tree
version=v4
num_class=1
num_tree_per_iteration=1
label_index=0
max_feature_idx=29
objective=binary sigmoid:1
feature_names=Column_0 Column_1 Column_2 Column_3 Column_4 Column_5 Column_6 Column_7 Column_8 Column_9 Column_10 Column_11 Column_12 Column_13 Column_14 Column_15 Column_16 Column_17 Column_18 Column_19 Column_20 Column_21 Column_22 Column_23 Column_24 Column_25 Column_26 Column_27 Column_28 Column_29
feature_infos=[-1.7104511566455849:3.4864036050917027] [-3.960656846098833:4.2985309495216937] [-1.7068556866039288:3.4011861257142542] [-4.0201599318289984:4.1019853644049542] [-1.7137292885480844:3.4077856933679751] [-3.5730370194405001:3.960946960671619] [-1.7035864618103509:3.1362642474560762] [-3.2377807044342428:3.7263732780103602] [-2.9683790113200894:2.9138532096003087] [-4.3059357169967498:4.2690444255255482] [-4.3761552980975553:3.9201825639400512] [-5.804330212850993:5.190762657481728] [-1.7137292885480844:3.4077856933679751] [-1.7372130979341824:3.2972168894219633] [-1.7248381369736487:3.5972906861671681] [-1.8129737200237808:5.351625881929043] [-4.3913441326985891:3.8757417947468586] [-4.0059065483501675:4.1198212205354023] [-3.3883173810950495:4.2238110980492909] [-3.7480729499474954:3.9529670038551643] [-3.3018754457687991:4.4280386492472283] [-2.6362810016869247:4.8012967469026178] [-3.1030829489062066:3.7562338014299899] [-3.281510571539568:3.422393986148613] [-3.1777257809581032:3.1069427473061295] [-1.8971285171453121:4.3504653221761149] [-3.8002050878854363:3.4880946981820724] [-1.8473726810464715:4.0380438510013601] [-3.6762611811220425:3.8535380749210963] [-1.8105127781425407:3.26871133973096]
tree_sizes=3469 3485 3476 3468 3475 3474 3468 3467 3474 3463 3489 3504 3478 3498 3478 3497 3490 3486 3489 3479 3476 3497 3487 3490 3478 3454 3503 3487 3492 3481 3490 3488 3495 3490 3474 3482 3492 3498 3490 3502 3482 3498 3481 3474 3493 3497 3505 3491 3491 3495 3499 3488 3489 3486 3485 3501 3494 3491 3493 3483 3502 3470 3482 3482 3486 3493 3501 3493 3492 3492 3494 3511 3496 3492 3483 3493 3499 3506 3496 3500 3480 3496 3472 3503 3495 3491 3500 3477 3482 3486 3498 3501 3490 3481 3505 3479 3484 3487 3487 3483 3497 3495 3489 3494 3488 3497 3498 3487 3492 3495 3481 3509 3494 3479 3494 3475 3507 3508 3492 3497 3504 3503 3503 3489 3493 3502 3488 3493 3501 3484 3488 3495 3492 3493 3487 3512 3499 3487 3504 3495 3475 3493 3471 3490 3505 3482 3479 3478 3498 3493 3490 3489 3501 3505 3492 3497 3494 3502 3496 3503 3485 3490 3502 3510 3500 3511 3503 3503 3485 3501 3505 3499 3484 3500 3487 3491 3498 3510 3494 3491 3505 3515 3490 3480 3501 3482 3507 3490 3500 3493 3496 3482 3500 3494 3486 3484 3500 3509 3483 3463 3492 3497 3495 3492 3487 3509 3496 3501 3479 3475 3481 3465 3512 3489 3478 3499 3506 3504 3475 3513 3502 3487 3500 3488 3472 3488 3503 3509 3499 3524 3499 3506 3496 3494 3491 3465 3496 3492 3492 3470 3453 3513 3494 3505 3502 3489 3509 3500 3492 3497 3494 3487 3480 3484 3502 3474 3478 3493 3491 3471 3464 3502 3509 3489 3486 3485

Tree=0
num_leaves=31
num_cat=0
split_feature=2 14 0 0 0 13 3 0 2 19 27 7 15 7 16 23 28 16 6 28 17 16 15 3 25 2 23 19 0 7
split_gain=3893.5 542.147 275.649 110.34 48.0751 25.4244 17.6912 17.4865 15.5055 17.0098 21.466 15.4351 10.049 12.4164 9.58483 13.4293 11.0422 9.5625 9.27116 10.5281 8.33984 8.25145 8.21641 8.00737 7.31781 7.29431 7.24456 8.2608 7.17138 8.75131
threshold=0.025465501473428801 -0.75004391260691328 0.69880422254815 -0.28322645968490062 1.5056581414354833 -1.2401268835255583 -0.44204379099834962 0.50425984259590273 -0.51328987789633274 -1.1742020259331556 -0.35355181743828357 1.1009230929903093 -0.86663662935666719 0.018888684587365537 -0.33235682965025121 1.1025269831237743 -1.6626545602677643 0.33721217327536462 0.19055757652046609 -1.1016305753487383 0.55435190750606533 -2.2756001308307927 0.77629479810770452 -0.84278581836037514 -1.3766791588205247 1.1135961122668883 -1.3486131569830691 -1.4506447805508638 -0.78627658208816686 -0.5463229264108308
decision_type=2 2 2 2 2 2 2 2 2 2 2 2 2 2 2 2 2 2 2 2 2 2 2 2 2 2 2 2 2 2
left_child=1 5 7 8 25 -1 18 14 20 23 -11 28 13 -8 16 17 -2 -16 19 -5 -3 -18 24 -10 -13 -4 -9 -28 -7 -30
right_child=2 3 4 6 -6 11 12 26 9 10 -12 22 -14 -15 15 -17 21 -19 -20 -21 -22 -23 -24 -25 -26 -27 27 -29 29 -31
leaf_value=0.020097123975346212 -0.010437250786767258 0.012564223992112336 -0.0084874294662419282 0.014436813092351567 -0.014019885017484291 0.017345318834105058 0.001956300882983885 -0.00013031191725290745 0.015119993799074912 0.0043600895688247479 0.0099220035214612045 0.0039332665058261383 0.0017257997412526084 0.0095710086636638242 -0.0042301788514338386 -0.0083649260180600898 -0.010695640450378616 -0.00026021626739316031 -0.0033895588337882988 0.0064268439525050538 0.0091202267504199679 0.0012005897582005837 0.0091976452179514251 0.0032646296202945065 0.01665191850443171 -0.010701606966123416 0.0019509250829104 -0.0067120397229977957 0.0047854157757671184 0.015416390971151245
leaf_weight=282.49890550971031 9.249964162707327 270.24895296990871 382.24851904809475 19.249925419688225 351.24863915145397 672.24739550054073 43.249832436442375 24.499905079603195 49.249809190630913 115.74955154955387 174.74932296574116 4.9999806284904471 248.49903723597527 41.999837279319763 106.24958835542202 37.749853745102882 5.9999767541885367 146.49943241477013 7.9999690055847159 113.99955832958221 98.249619349837303 164.74936170876026 40.249844059348106 6.2499757856130591 44.499827593564987 268.74895878136158 12.249952539801596 149.24942176043987 9.9999612569808942 37.999852776527405
leaf_count=1130 37 1081 1529 77 1405 2689 173 98 197 463 699 20 994 168 425 151 24 586 32 456 393 659 161 25 178 1075 49 597 40 152
internal_value=0.00393327 0.0124076 -0.007725 0.00773474 -0.0110251 0.0174937 0.00399708 -0.00268391 0.0102178 0.00868738 0.0077102 0.0165825 0.00274372 0.00569832 -0.00165007 -0.00277848 0.000179338 -0.00193562 0.00696437 0.00759851 0.0116503 0.000768396 0.0126197 0.0137681 0.0153658 -0.00940514 -0.00528932 -0.00606276 0.0170737 0.0132288
internal_weight=3940.73 2281.99 1658.74 1189.5 1002.25 1092.5 474.998 656.497 714.497 345.999 290.499 809.997 333.749 85.2497 470.498 290.499 179.999 252.749 141.249 133.249 368.499 170.749 89.7497 55.4998 49.4998 650.997 185.999 161.499 720.247 47.9998
internal_count=15763 9128 6635 4758 4009 4370 1900 2626 2858 1384 1162 3240 1335 341 1882 1162 720 1011 565 533 1474 683 359 222 198 2604 744 646 2881 192
is_linear=0
shrinkage=1


Tree=1
num_leaves=31
num_cat=0
split_feature=0 14 0 0 0 0 13 9 3 14 29 18 22 26 11 16 23 19 23 10 21 21 16 5 0 16 25 23 14 21
split_gain=3796.83 496.096 317.369 97.2903 47.1253 29.2112 24.9234 15.8008 14.906 17.9807 18.8994 14.133 11.5757 13.5491 11.4427 11.1848 13.7584 9.90956 9.76617 9.60921 8.61167 8.34716 7.82511 7.73102 7.6941 7.4381 7.42928 6.86018 6.77909 9.38548
threshold=-0.025672611484731062 -0.75004391260691328 0.69880422254815 -0.28322645968490062 1.5056581414354833 0.12517364975339984 -1.2401268835255583 1.0278431420327223 -0.84278581836037514 -0.46919547157914315 -0.17397844719656597 0.62617241281011171 -0.38874651527012166 0.97740055177042517 0.19518658091928359 -0.33235682965025121 0.58805730839832537 0.35814761847265225 -0.37701210211273006 0.78747478176483032 0.37398769766857703 0.0090510426680795539 -2.2756001308307927 0.5315270453988824 -0.63272950318529009 1.5462041721150535 0.62808961514793615 -0.90890602665947295 0.031281045376264541 0.76064100933690071
decision_type=2 2 2 2 2 2 2 2 2 2 2 2 2 2 2 2 2 2 2 2 2 2 2 2 2 2 2 2 2 2
left_child=1 6 5 8 -4 21 -1 17 -3 19 -11 14 13 -13 18 22 25 26 -5 -10 24 -2 -7 -14 -9 -17 -8 -16 29 -23
right_child=2 3 4 11 -6 15 7 20 9 10 -12 12 23 -15 27 16 -18 -19 -20 -21 -22 28 -24 -25 -26 -27 -28 -29 -30 -31
leaf_value=0.016003836069131111 -0.00022321305386404351 0.0087857110964977801 -0.013205328063084283 0.0053568274318285241 -0.017774477693266552 -0.016289001903264259 0.014322757218930553 -0.0090358436982757011 0.0075355722356038957 3.4512734017107144e-05 0.0059277045568673125 -0.0025030641737388438 -0.010151369886699927 0.010692848734152325 -0.0071368470862507695 -0.0075371292244835811 -0.011639842768758509 0.011176292801411015 0.0009233890909483433 0.00212044169534488 0.012859738269581367 -0.0075228824822110166 -0.0049080071901317322 -0.0029813921908801539 0.0068685666225447844 -0.00052536168892535731 0.011543675614849105 -0.00035453313132769988 -0.0069489849648953165 0.003136351846136567
leaf_weight=282.47147589921951 84.999685451388359 173.24321286380291 650.98543027043343 75.499156206846237 351.23274862766266 6.2498584538698188 374.4723684489727 6.4998383820056924 284.24106046557426 102.49914152920246 116.74719354510307 25.749909043312073 23.499937891960144 10.999958634376524 18.749925255775452 238.24894642829895 91.749105095863342 277.23154577612877 147.24836719036102 37.748998552560806 5.9998653233051291 13.749937936663626 189.74925445020199 43.499902129173279 5.499864488840104 16.499957516789436 140.23967902362347 73.249737724661827 51.499755948781967 20.249913305044174
leaf_count=1130 340 693 2604 302 1405 25 1498 26 1137 410 467 103 94 44 75 953 367 1109 589 151 24 55 759 174 22 66 561 293 206 81
internal_value=0 0.0086174 -0.0111805 0.00397941 -0.0148092 -0.00607693 0.0134259 0.0125237 0.00622191 0.00539795 0.00317843 0.000147931 -0.00304839 0.00143789 0.00120534 -0.00721255 -0.00829865 0.0127348 0.0024323 0.00690468 0.0031642 -0.00245563 -0.00528414 -0.00552252 -0.00166715 -0.00708729 0.0135699 -0.0017539 -0.00466045 -0.00115446
internal_weight=3940.61 2225.39 1715.21 1132.98 1002.22 712.996 1092.41 809.943 714.48 541.236 219.246 418.497 103.75 36.7499 314.747 542.497 346.498 791.944 222.748 321.99 17.9996 170.499 195.999 66.9998 11.9997 254.749 514.712 91.9997 85.4996 33.9999
internal_count=15763 8902 6861 4532 4009 2852 4370 3240 2858 2165 877 1674 415 147 1259 2170 1386 3168 891 1288 72 682 784 268 48 1019 2059 368 342 136
is_linear=0
shrinkage=0.01


Tree=2
num_leaves=31
num_cat=0
split_feature=2 14 0 0 0 13 0 9 11 2 5 29 18 19 11 10 23 21 14 29 2 21 26 9 9 0 25 2 23 19
split_gain=3741.04 520.964 264.803 105.945 46.2228 24.4445 17.0167 15.4872 15.3736 14.9427 16.8791 21.9856 11.5361 9.71588 9.32505 9.1141 8.76702 10.5256 9.74211 8.52903 9.60002 8.44356 8.35324 8.3387 8.25198 7.54378 7.2827 7.15608 7.08008 8.09156
threshold=0.025465501473428801 -0.75004391260691328 0.69880422254815 -0.28322645968490062 1.5056581414354833 -1.2401268835255583 0.50425984259590273 1.0278431420327223 0.094255769654182434 -0.51328987789633274 -1.1085602876747025 -0.17397844719656597 0.72972107865558122 0.35814761847265225 0.7217659893182321 0.84015143804648462 -1.0593043561421682 0.1227960284366853 0.031281045376264541 -1.6242357669561658 -0.5996253495106495 0.37398769766857703 -0.11602317030329569 -0.7268500374091863 0.45388732896799172 -0.63272950318529009 0.62808961514793615 1.1135961122668883 -1.3486131569830691 -1.4506447805508638
decision_type=2 2 2 2 2 2 2 2 2 2 2 2 2 2 2 2 2 2 2 2 2 2 2 2 2 2 2 2 2 2
left_child=1 5 6 9 27 -1 14 13 12 19 -11 -12 15 26 16 -5 17 -2 -18 -3 -21 25 -14 -10 -25 -9 -7 -4 -8 -30
right_child=2 3 4 8 -6 7 28 21 23 10 11 -13 22 -15 -16 -17 18 -19 -20 20 -22 -23 -24 24 -26 -27 -28 -29 29 -31
leaf_value=0.015847431482695774 0.0011411328230547225 0.016103467480979305 -0.012165894845998915 0.0031993631040809073 -0.01760038053947063 0.014182043398465644 -0.0039576041803984592 -0.0089466449078046562 -0.006404217995542685 0.0092037307113917895 0.00050719321490709361 0.0061439996666909696 0.0011381787591840436 0.011065913227758342 -0.0079819962226335989 -0.0027824656806994192 0.0011435425278876548 -0.013767746392227409 -0.0057534879202034393 0.0061209048188945623 0.0096474373189911443 0.012734519977698295 -0.012843992142679757 0.00091195140919805005 -0.0031598472516779501 0.0068014116938050397 0.01142983404287734 -0.014358581407730771 -0.0018914470979083137 -0.010464854318467505
leaf_weight=282.40797862410545 40.749385356903076 11.498918473720549 382.20502462983131 196.74616871774197 351.16125173866749 374.40727290511131 24.499712288379669 6.4999927580356607 33.249720856547356 66.24269688129425 127.74771510064602 151.9899076372385 7.9999279826879528 277.19804336130619 113.24729712307453 28.999507665634155 21.749660581350327 5.2499246895313254 289.49300615489483 239.72761584818363 117.23948022723198 5.999259188771247 8.7498965561389905 105.99904453754425 93.249483287334442 5.4996151626110086 140.22117924690247 268.71160306036472 12.249884665012358 149.24221324920654
leaf_count=1130 163 46 1529 787 1405 1498 98 26 133 265 511 608 32 1109 453 116 87 21 1158 959 469 24 35 424 373 22 561 1075 49 597
internal_value=0 0.00830742 -0.0114283 0.00372684 -0.0146632 0.0132939 -0.00648743 0.0124004 6.43522e-05 0.00616007 0.00465754 0.00357452 0.00182759 0.0126094 -0.00546754 0.00242561 -0.00466563 -0.000564907 -0.0052681 0.00756654 0.00728431 0.00313327 -0.00613946 -0.0017704 -0.000989287 -0.00164985 0.0134365 -0.0130747 -0.00905768 -0.00982229
internal_weight=3940.23 2281.67 1658.56 1189.44 1002.08 1092.23 656.481 809.825 474.994 714.446 345.98 279.738 242.496 791.826 470.489 225.746 357.242 45.9993 311.243 368.466 356.967 17.9989 16.7498 232.498 199.249 11.9996 514.628 650.917 185.992 161.492
internal_count=15763 9128 6635 4758 4009 4370 2626 3240 1900 2858 1384 1119 970 3168 1882 903 1429 184 1245 1474 1428 72 67 930 797 48 2059 2604 744 646
is_linear=0
shrinkage=0.01


Tree=3
num_leaves=31
num_cat=0
split_feature=0 14 0 0 0 0 13 9 3 14 29 18 11 16 23 26 6 0 10 11 3 26 16 16 15 9 16 6 12 20
split_gain=3648.23 476.987 305.175 93.4933 45.3631 28.2172 23.986 15.1819 14.4811 17.3267 18.1977 13.6348 11.0022 10.9493 13.448 10.8177 9.79597 9.59548 9.37798 8.64057 8.30166 7.79286 7.67426 7.30617 7.10105 6.68872 6.64336 6.76947 6.5711 8.30569
threshold=-0.025672611484731062 -0.75004391260691328 0.69880422254815 -0.28322645968490062 1.5056581414354833 0.12517364975339984 -1.2401268835255583 1.0278431420327223 -0.84278581836037514 -0.46919547157914315 -0.17397844719656597 0.62617241281011171 0.19518658091928359 -0.33235682965025121 0.58805730839832537 0.70582932512857888 0.19055757652046609 -0.77757723751661134 0.78747478176483032 0.20158117878040036 1.2387327072733705 0.17041248663480257 -2.2756001308307927 1.5462041721150535 0.54719507318214744 -0.7268500374091863 1.4458680784961808 0.42595809006086544 0.93881108759236265 0.60028833393637704
decision_type=2 2 2 2 2 2 2 2 2 2 2 2 2 2 2 2 2 2 2 2 2 2 2 2 2 2 2 2 2 2
left_child=1 6 5 8 28 24 -1 17 -3 18 -11 12 16 22 23 21 -5 -8 -10 -17 -9 -13 -7 -15 26 -14 27 -2 29 -4
right_child=2 3 4 11 -6 13 7 20 9 10 -12 15 25 14 -16 19 -18 -19 -20 -21 -22 -23 -24 -25 -26 -27 -28 -29 -30 -31
leaf_value=0.0156945104942188 -0.0022031932502357137 0.0086262891558482775 -0.0098748953474622082 0.0028087526701852613 -0.017430679083029869 -0.01606355733954758 0.012791377210234442 -0.0041716859875584348 0.0073893718461545315 2.2804894028470207e-05 0.0058058445083040431 -0.0030082677935612001 -0.0070336143200270184 -0.0073955076791167463 -0.011450844755796599 -0.0094838113033491895 -0.0080526009986741573 0.0083831203312621401 0.0020396590221764205 0.0048507275599920718 0.0093398740118344689 -0.010331281458545819 -0.0047922557316648256 -0.0004466914749245696 0.0012682216425918874 -0.00033649620045563672 -0.011154259314329654 -0.011854531796400992 -0.013762989037933547 -0.013602611079338916
leaf_weight=282.30949133634567 112.2473009377718 173.21437859535217 132.9618929028511 214.24302072823048 351.03584431111813 6.248345509171485 736.41523057222366 8.2490157335996646 284.20191766321659 102.4985725581646 116.73583547770977 55.499464005231857 18.749672949314117 238.23020556569099 91.735775217413902 4.9996590465307262 8.499936178326605 55.231301605701447 37.74665704369545 23.249513402581215 9.7482788413763029 19.999553471803665 189.74046598374844 16.499518379569054 39.999237626791 73.249597147107124 10.499712884426115 7.7496484965085974 400.36391580104828 117.46631409227848
leaf_count=1130 449 693 532 857 1405 25 2947 33 1137 410 467 222 75 953 367 20 34 221 151 93 39 80 759 66 160 293 42 31 1602 470
internal_value=0 0.00844812 -0.0109609 0.00390052 -0.0145203 -0.00595649 0.0131645 0.0122792 0.00609902 0.00528684 0.0031079 0.00014455 0.0011832 -0.0070727 -0.00814733 -0.00299489 0.00238637 0.0124862 0.00676608 0.00225396 0.0031028 -0.00497245 -0.00516471 -0.00694969 -0.00239721 -0.0017184 -0.00352849 -0.00284417 -0.0129465 -0.0116321
internal_weight=3939.62 2224.84 1714.78 1132.89 1001.83 712.95 1091.95 809.644 714.397 541.183 219.234 418.49 314.742 542.454 346.465 103.748 222.743 791.647 321.949 28.2492 17.9973 75.499 195.989 254.73 170.496 91.9993 130.497 119.997 650.792 250.428
internal_count=15763 8902 6861 4532 4009 2852 4370 3240 2858 2165 877 1674 1259 2170 1386 415 891 3168 1288 113 72 302 784 1019 682 368 522 480 2604 1002
is_linear=0
shrinkage=0.01


Tree=4
num_leaves=31
num_cat=0
split_feature=2 14 0 0 0 0 3 0 7 0 23 27 5 11 7 5 23 14 7 27 4 23 3 10 22 3 10 5 18 2
split_gain=3595.5 501.027 254.694 88.7133 44.5436 37.8467 16.6704 16.5667 15.9199 15.4324 12.4162 12.3917 17.9825 9.09842 8.6594 8.6012 8.57374 9.47861 8.33997 8.61045 7.21605 7.99059 7.16298 6.99209 18.0671 10.7157 6.99156 9.74252 7.70478 6.93513
threshold=0.025465501473428801 -0.70657401635917227 0.69880422254815 -0.28322645968490062 1.5056581414354833 -0.83221870665800235 -0.44204379099834962 0.50425984259590273 0.79904954882914847 -1.3814940997512484 -0.89466438886836686 -0.35355181743828357 -0.79631648318365422 0.7217659893182321 1.4163865699608964 -0.011776971277908988 -1.0593043561421682 0.031281045376264541 0.62754944096869125 -0.99958724906547347 -0.89313452669511728 -0.081943574073659681 -0.12247142512670083 -0.90193534659718499 -0.59194606711749265 -0.49257891930843561 0.88555549868331573 1.9052986592607624 2.0541403363358097 1.1135961122668883
decision_type=2 2 2 2 2 2 2 2 2 2 2 2 2 2 2 2 2 2 2 2 2 2 2 2 2 2 2 2 2 2
left_child=1 5 7 8 29 9 23 13 11 -1 -10 12 -3 16 18 -11 22 -18 19 -7 -16 -22 -2 24 -5 -25 28 -28 -8 -4
right_child=2 3 4 6 -6 14 26 -9 10 15 -12 -13 -14 -15 20 -17 17 -19 -20 -21 21 -23 -24 25 -26 -27 27 -29 -30 -31
leaf_value=0.017142125746722345 0.0029636392341765927 0.0087666596586341416 -0.011925708063616982 -0.015361562143291639 -0.017265200283161194 0.013471336468481296 -0.00024276013562132714 -0.0088970860799956562 0.008582009641629685 0.014080821348108091 -0.00022634244314176483 0.0076701634904452979 0.0026567816155740188 -0.0078382708123515762 -0.0064617602444783087 0.012007958627967392 0.0011658872878081102 -0.0056369307148227601 0.013535328296601961 0.0071990751710664996 0.00068757308899301622 0.011538569863739013 -0.0049624984190228425 0.0032158319258800867 0.0034807791504076874 0.016392592060972818 -0.0062963514127720365 0.0064759200807478689 -0.010000466053011785 -0.014085051244983889
leaf_weight=110.12405098974705 25.74884258210659 70.728822663426399 382.04561418294907 6.9996579140424755 350.85815936326981 28.235864803195 274.74155901372433 185.95817269384861 20.746367916464806 445.36409841477871 67.988578334450722 323.91385760903358 153.47664006054401 113.23361138999462 5.2489453554153434 398.17277459800243 21.749261900782585 289.46658909320831 45.22575443983078 109.19643804430962 13.745240554213526 13.745862469077109 20.248696729540825 109.99415582418442 17.749158799648285 6.4996944516897193 43.999178797006607 6.7499008774757376 8.2498399317264539 268.56820426881313
leaf_count=441 103 283 1529 28 1405 113 1099 744 83 1783 272 1296 614 453 21 1594 87 1158 181 437 55 55 81 440 71 26 176 27 33 1075
internal_value=0 0.00814541 -0.0112063 0.00333783 -0.0143803 0.0127161 6.4768e-05 -0.00636078 0.005777 0.0135741 0.00182915 0.00641384 0.00459174 -0.00535442 0.00890853 0.0131051 -0.00456229 -0.00515808 0.00976184 0.00850386 0.00410223 0.00617159 -0.000507049 0.00294531 -0.00184849 0.00397303 -0.00115183 -0.00456851 -0.000534184 -0.0128206
internal_weight=3938.77 2280.9 1657.88 1111.84 1001.47 1169.06 474.983 656.405 636.854 953.661 88.7349 548.119 224.205 470.447 215.398 843.537 357.213 311.216 182.658 137.432 32.74 27.4911 45.9975 141.243 24.7488 116.494 333.74 50.7491 282.991 650.614
internal_count=15763 9128 6635 4448 4009 4680 1900 2626 2548 3818 355 2193 897 1882 862 3377 1429 1245 731 550 131 110 184 565 99 466 1335 203 1132 2604
is_linear=0
shrinkage=0.01


Tree=5
num_leaves=31
num_cat=0
split_feature=2 14 0 0 0 13 3 0 7 2 7 19 15 7 16 23 28 16 6 28 16 15 2 26 25 7 23 19 19 14
split_gain=3525.01 491.575 249.943 99.7044 43.7635 23.2958 16.3406 16.2429 14.4116 14.358 16.1837 13.1112 9.56175 12.0859 9.03017 12.9064 10.8575 9.41308 8.80927 10.3296 7.88259 7.74243 7.5969 7.64843 7.16678 7.07798 6.92657 7.93272 6.882 6.8502
threshold=0.025465501473428801 -0.75004391260691328 0.69880422254815 -0.28322645968490062 1.5056581414354833 -1.2401268835255583 -0.44204379099834962 0.50425984259590273 1.1009230929903093 -0.51328987789633274 0.64106933451067227 -1.1742020259331556 -0.86663662935666719 0.018888684587365537 -0.33235682965025121 1.1025269831237743 -1.6626545602677643 0.33721217327536462 0.19055757652046609 -1.1016305753487383 -2.2756001308307927 0.77629479810770452 -0.5996253495106495 0.36454002649794587 -1.3766791588205247 1.2262931226879097 -1.3486131569830691 -1.4506447805508638 1.3125619007097802 -0.78042400946326673
decision_type=2 2 2 2 2 2 2 2 2 2 2 2 2 2 2 2 2 2 2 2 2 2 2 2 2 2 2 2 2 2
left_child=1 5 7 9 -4 -1 18 14 29 22 11 -11 13 -8 16 17 -2 -16 19 -5 -18 24 23 -3 -10 -24 -9 -28 -12 -7
right_child=2 3 4 6 -6 8 12 26 21 10 28 -13 -14 -15 15 -17 20 -19 -20 -21 -22 -23 25 -25 -26 -27 27 -29 -30 -31
leaf_value=0.015408044744764956 -0.01405190836223833 0.00764189657088771 -0.012697000559625049 0.010307832266859574 -0.017103781245229207 0.012795034251107928 -0.0019500124701222988 -0.0037659718279665928 -0.00027979946076081514 0.0099214300671259179 -0.0022136314027549116 0.0044380578792968285 -0.0021333927247074265 0.0055626536305163812 -0.0078464891882498548 -0.011873662047216432 -0.014147888815621035 -0.0039087287507891776 -0.0071762138816699583 0.0023739571780064879 -0.0025192702003929853 0.0048880090013109874 0.01020821340527216 0.0039319631314264055 0.012150903198901766 0.0014812353465021716 -0.0017148197213728775 -0.010202053336935106 0.0058532319917923657 0.0089437402014979246
leaf_weight=282.02318996191025 9.2479102909564954 161.43418271839619 650.38331718742847 19.247156843543053 350.62978804111481 666.71428029239178 43.249072253704071 24.495809093117714 4.9970183670520774 54.220001667737961 44.493247166275978 233.44797126948833 248.49253939092159 41.997629672288895 106.22714464366436 37.734713807702065 5.9965279251337043 146.4748820066452 7.999438375234603 113.99153347313404 164.73527701199055 40.22686168551445 108.95098820328712 87.464929386973381 44.456399351358414 10.497216299176214 12.248247414827345 149.18659135699272 13.748116776347159 52.701292008161545
leaf_count=1130 37 646 2604 77 1405 2670 173 98 20 217 178 934 994 168 425 151 24 586 32 456 659 161 436 350 178 42 49 597 55 211
internal_value=0 0.00806598 -0.0110978 0.00361704 -0.0142431 0.0129133 6.40951e-05 -0.00629778 0.0120407 0.00597799 0.00450501 0.00547813 -0.00114038 0.00174164 -0.00530125 -0.00639662 -0.00352551 -0.00557043 0.00291607 0.00353443 -0.00294159 0.00820996 0.00735693 0.00634432 0.0108766 0.00945152 -0.00880947 -0.00956577 -0.000285505 0.0125156
internal_weight=3937.71 2280.35 1657.36 1189.23 1001.01 1091.12 474.977 656.347 809.096 714.257 345.909 287.668 333.739 85.2467 470.416 290.437 179.98 252.702 141.238 133.239 170.732 89.6803 368.347 248.899 49.4534 119.448 185.931 161.435 58.2414 719.416
internal_count=15763 9128 6635 4758 4009 4370 1900 2626 3240 2858 1384 1151 1335 341 1882 1162 720 1011 565 533 683 359 1474 996 198 478 744 646 233 2881
is_linear=0
shrinkage=0.01


Tree=6
num_leaves=31
num_cat=0
split_feature=2 14 0 0 0 0 3 0 3 13 0 29 29 15 7 11 6 23 5 7 6 29 26 8 3 3 24 2 23 19
split_gain=3456.13 482.431 245.331 85.1831 43.0211 36.4396 16.0162 15.9273 15.4587 15.5872 15.0151 13.2717 11.7029 9.37144 11.8467 8.91529 12.6979 10.3572 8.43791 8.40917 9.79516 10.9723 9.38284 7.38746 7.05947 6.9378 6.85701 6.8193 6.79096 7.77694
threshold=0.025465501473428801 -0.70657401635917227 0.69880422254815 -0.28322645968490062 1.5056581414354833 -0.83221870665800235 -0.44204379099834962 0.50425984259590273 -0.84278581836037514 -0.22891361771090035 -1.3814940997512484 -0.15992081958998877 1.2492261679986849 -0.86663662935666719 0.018888684587365537 0.7217659893182321 -0.13206765993984285 -1.0593043561421682 -0.011776971277908988 1.4163865699608964 -0.77371383506239377 -1.2394587629224865 -0.1408662729415063 -0.64756608220584733 -0.51323729258535977 1.6501769122210141 -1.7043967617358076 1.1135961122668883 -1.3486131569830691 -1.4506447805508638
decision_type=2 2 2 2 2 2 2 2 2 2 2 2 2 2 2 2 2 2 2 2 2 2 2 2 2 2 2 2 2 2
left_child=1 5 7 8 27 10 12 15 23 11 -1 -10 24 14 -8 16 -2 -18 -12 20 -7 -22 -21 -3 -5 -24 -15 -4 -9 -30
right_child=2 3 4 6 -6 19 13 28 9 -11 18 -13 -14 26 -16 -17 17 -19 -20 22 21 -23 25 -25 -26 -27 -28 -29 29 -31
leaf_value=0.01684012560790633 0.0038560359003693197 0.0097873841387823637 -0.011688042738203609 0.0011185984868672424 -0.016946264821346469 0.012101303332069061 -0.0019305569536808918 -0.0037286609735139886 0.0032411352591886987 -0.0056617593110093404 0.013822139173233602 0.0066370973921700263 0.010722219570817105 0.0048373940698811209 0.0055073784330398083 -0.0077078247249125929 -0.0004534542836703473 -0.0055815403523411748 0.011768470479696064 -0.0033179243603215646 0.015618432426768617 0.0059957939475776588 0.0043043414130859853 0.0048654698779867847 0.010070231321665202 0.017249843813204997 -0.0025096368298480149 -0.013829539604448422 -0.0016978449124294553 -0.010102478227219807
leaf_weight=109.97390732169151 17.248024687170982 111.66801825165749 381.7704948335886 114.98664848506451 350.35230055451393 84.402658075094223 43.249083206057549 24.494522646069527 214.94106329977512 13.746066033840178 444.92472916841507 252.63371783494949 16.747872546315193 13.249708220362661 41.99596306681633 113.21056315302849 45.995001465082169 293.92344877123833 397.82474495470524 11.245373383164404 13.984970435500143 84.176723092794418 15.742272004485132 43.72427986562252 9.4980071783065778 5.7455175817012778 235.2416250705719 268.33312965929508 12.247996330261229 149.15162828564644
leaf_count=441 69 447 1529 460 1405 338 173 98 860 55 1783 1011 67 53 168 453 184 1176 1594 45 56 337 63 175 38 23 941 1075 49 597
internal_value=0 0.00798769 -0.0109912 0.00327068 -0.0141086 0.0124757 6.34493e-05 -0.00623576 0.00566123 0.00476922 0.0133181 0.00507916 0.00288707 -0.00112898 0.00172418 -0.0052489 -0.00446477 -0.00489093 0.0128554 0.00873856 0.00957977 0.0073914 0.00400149 0.00841291 0.00181716 0.00787597 -0.00211208 -0.0125755 -0.00872329 -0.00947232
internal_weight=3936.43 2279.7 1656.73 1111.68 1000.46 1168.02 474.969 656.271 636.713 481.321 952.723 467.575 141.233 333.736 85.245 470.377 357.166 339.918 842.749 215.298 182.564 98.1617 32.7332 155.392 124.485 21.4878 248.491 650.104 185.894 161.4
internal_count=15763 9128 6635 4448 4009 4680 1900 2626 2548 1926 3818 1871 565 1335 341 1882 1429 1360 3377 862 731 393 131 622 498 86 994 2604 744 646
is_linear=0
shrinkage=0.01


Tree=7
num_leaves=31
num_cat=0
split_feature=2 14 0 0 0 0 0 7 0 11 27 5 18 14 11 10 0 5 7 26 26 7 27 25 26 2 27 27 2 22
split_gain=3388.79 473.379 240.879 83.5031 42.3117 35.7833 15.6217 15.347 14.7612 14.2605 12.0005 17.323 10.9083 8.87374 10.5344 8.85078 8.46607 8.28586 8.24612 9.20189 8.10894 8.06816 8.35355 8.05941 7.99188 7.78051 7.3568 6.93574 6.69686 6.40561
threshold=0.025465501473428801 -0.70657401635917227 0.69880422254815 -0.28322645968490062 1.5056581414354833 -0.83221870665800235 0.50425984259590273 0.79904954882914847 -1.3814940997512484 0.094255769654182434 -0.35355181743828357 -0.79631648318365422 0.72972107865558122 -0.14085447232045956 0.7217659893182321 0.84015143804648462 -0.4694453184178235 -0.011776971277908988 1.4163865699608964 -0.1408662729415063 -0.11602317030329569 0.62754944096869125 -0.99958724906547347 1.8460226177719032 0.22020862424126442 0.063760079778066539 1.5074002522086851 1.2822802963271671 1.1135961122668883 -1.2579752873942243
decision_type=2 2 2 2 2 2 2 2 2 2 2 2 2 2 2 2 2 2 2 2 2 2 2 2 2 2 2 2 2 2
left_child=1 5 6 7 28 8 13 10 -1 12 11 -3 15 -2 23 -5 24 -10 21 -20 -14 22 -7 -15 -9 -16 27 -11 -4 -12
right_child=2 3 4 9 -6 18 -8 16 17 26 29 -13 20 14 25 -17 -18 -19 19 -21 -22 -23 -24 -25 -26 -27 -28 -29 -30 -31
leaf_value=0.01668717337250291 0.0072622675040978704 0.0085365150723337342 -0.011576401345159028 0.0031055673096643892 -0.016792503832166607 0.013144813776274035 -0.0086383017345067637 0.0089381640793293766 0.013692766664670199 -0.0018898227164003865 0.003037352265929329 0.0025384922900835434 0.0011823382688495694 -0.0047795693991956982 -0.016425790510965942 -0.0027894105288519019 -0.0013672159647839766 0.011656856088404437 -0.003284870737551477 0.0078003040192373965 -0.012593603959336837 0.013200828256532338 0.0069645918086014063 0.0036594759950949025 0.00043961327783990283 -0.0071827298211299137 0.0044018726157161788 -0.012153284825261382 -0.013699446258996516 0.0079232588550218492
leaf_weight=109.87350061535835 5.4985333532094947 70.689724057912827 381.59951955080032 196.72681225836277 350.02722524106503 28.206282064318657 185.85018143057823 22.738936260342598 444.63955274224281 207.73871913552284 30.478036537766457 153.45019501447678 7.9996757656335857 343.64304341375828 10.24576625227928 28.997811555862427 43.991121470928192 397.61954343318939 11.245946526527403 21.483313217759132 8.7479043602943403 45.175279274582863 109.12240400910378 11.497113257646559 21.989731267094612 99.448750898241997 17.999166756868362 6.7496011704206458 268.17420794069767 293.29043686389923
leaf_count=441 22 283 1529 787 1405 113 744 91 1783 831 122 614 32 1375 41 116 176 1594 45 86 35 181 437 46 88 398 72 27 1075 1174
internal_value=0 0.00791055 -0.0108862 0.00323834 -0.0139768 0.012358 -0.00617433 0.00560543 0.0131932 6.29173e-05 0.00623087 0.00443758 0.0017613 -0.00519694 -0.00534801 0.00234294 0.00172897 0.0127343 0.00865416 0.00396252 -0.00598605 0.00948743 0.00824988 -0.0045026 0.00479267 -0.00806934 -0.0017041 -0.00222297 -0.0124561 0.00746749
internal_weight=3934.94 2278.95 1655.98 1111.59 999.801 1167.37 656.183 636.628 952.133 474.96 547.908 224.14 242.472 470.333 464.835 225.725 88.7198 842.259 215.233 32.7293 16.7476 182.504 137.329 355.14 44.7287 109.695 232.487 214.488 649.774 323.768
internal_count=15763 9128 6635 4448 4009 4680 2626 2548 3818 1900 2193 897 970 1882 1860 903 355 3377 862 131 67 731 550 1421 179 439 930 858 2604 1296
is_linear=0
shrinkage=0.01


Tree=8
num_leaves=31
num_cat=0
split_feature=0 14 0 0 0 0 0 9 3 14 29 18 22 26 16 23 11 0 23 10 3 5 16 16 15 22 10 16 15 18
split_gain=3305.14 434.01 278.02 84.6156 41.6346 26.2434 20.0383 14.7456 13.4408 16.5413 17.2738 12.7655 11.1844 13.1418 10.5207 13.0282 10.2394 9.64741 9.6101 8.80205 8.03842 7.51025 7.44059 7.1593 6.88677 7.21468 8.14274 7.58124 6.71344 6.32019
threshold=-0.025672611484731062 -0.75004391260691328 0.69880422254815 -0.28322645968490062 1.5056581414354833 0.12517364975339984 -1.2949306690763447 1.0278431420327223 -0.84278581836037514 -0.46919547157914315 -0.17397844719656597 0.62617241281011171 -0.38874651527012166 0.97740055177042517 -0.33235682965025121 0.58805730839832537 0.19518658091928359 -0.77757723751661134 -0.37701210211273006 0.78747478176483032 1.2387327072733705 0.47951448826871285 -2.2756001308307927 1.5462041721150535 0.54719507318214744 -0.78235236406201392 -1.2207429047471228 0.37006832861208644 -0.50373661515333001 0.72972107865558122
decision_type=2 2 2 2 2 2 2 2 2 2 2 2 2 2 2 2 2 2 2 2 2 2 2 2 2 2 2 2 2 2
left_child=1 6 5 8 -4 24 -1 17 -3 19 -11 16 13 -13 22 23 18 -8 -5 -10 -9 -14 -7 -16 25 27 -27 -2 -18 -19
right_child=2 3 4 11 -6 14 7 20 9 10 -12 12 21 -15 15 -17 28 29 -20 -21 -22 -23 -24 -25 -26 26 -28 -29 -30 -31
leaf_value=0.015404891826866052 -0.0013855195403527105 0.0082382852200566931 -0.012338829742924566 0.0052033333638559229 -0.016642357236101451 -0.015609857235682865 0.012357470157251665 -0.0043172134554306839 0.007069379928912595 -9.6060209977473694e-05 0.0055199942273924853 -0.002372649553319946 -0.010129903790877071 0.01062282150501225 -0.0070607441053002562 -0.011050736123424857 -0.0044783700629480155 0.010719591725233242 0.00080568700823463598 0.001885443277738108 0.0089838481046766051 -0.0029499033174942876 -0.0045076479143302678 -0.00018434611141753367 0.001375322540785473 -0.013158037951528138 -0.0035522082284735151 0.012137523569674248 0.00091139651320489251 0.0036983030346438134
leaf_weight=203.91459430754185 17.996301472187046 173.04595620930195 649.39630264043808 75.487523093819618 349.65604856610298 6.239778906106948 812.15204246342182 8.2466205656528491 284.00146277248859 102.48764307796955 116.67287020385265 25.748391136527061 21.995639219880104 10.999352276325224 238.0820769071579 91.648020371794701 43.997476905584335 33.192647501826286 147.23129931092262 37.737417384982109 9.7394250482320768 44.996287748217583 189.65754477679729 16.494012832641602 39.995153099298477 9.7444693148136121 97.477576270699501 5.2492604702711096 47.997541218996048 21.964803367853165
leaf_count=819 72 693 2604 302 1405 25 3258 33 1137 410 467 103 88 44 953 367 176 133 589 151 39 180 759 66 160 39 390 21 192 88
internal_value=0 0.00804608 -0.0104432 0.0037095 -0.0138475 -0.00566753 0.0125529 0.0118932 0.00580204 0.0050194 0.00289031 0.000136379 -0.00290139 0.00150829 -0.00674449 -0.00779814 0.0011415 0.0120795 0.00230236 0.00646523 0.00283986 -0.00533382 -0.00487416 -0.0066194 -0.00223467 -0.00334919 -0.00444596 0.0016643 -0.00165752 0.00795342
internal_weight=3933.25 2221.61 1711.64 1132.4 999.052 712.584 1089.21 885.296 713.945 540.899 219.161 418.454 103.74 36.7477 542.121 346.224 314.714 867.309 222.719 321.739 17.986 66.9919 195.897 254.576 170.463 130.468 107.222 23.2456 91.995 55.1575
internal_count=15763 8902 6861 4532 4009 2852 4370 3551 2858 2165 877 1674 415 147 2170 1386 1259 3479 891 1288 72 268 784 1019 682 522 429 93 368 221
is_linear=0
shrinkage=0.01


Tree=9
num_leaves=31
num_cat=0
split_feature=2 14 0 0 0 0 3 0 7 0 23 27 1 29 10 16 23 28 16 7 6 29 26 16 3 10 18 7 23 19
split_gain=3258.87 456.028 232.31 80.1673 40.9896 34.5404 15.2942 15.2186 14.9325 14.369 12.1445 11.6331 16.9237 11.4732 8.75451 8.67444 12.5339 10.6726 9.21921 7.9756 9.50219 10.6621 9.02147 7.63454 6.77212 6.7342 7.44738 6.71768 6.64988 7.63077
threshold=0.025465501473428801 -0.70657401635917227 0.69880422254815 -0.28322645968490062 1.5056581414354833 -0.83221870665800235 -0.44204379099834962 0.50425984259590273 0.79904954882914847 -1.3814940997512484 -0.89466438886836686 -0.35355181743828357 0.77847929994872722 1.2492261679986849 -0.81283856232308704 -0.33235682965025121 1.1025269831237743 -1.6626545602677643 0.33721217327536462 1.4163865699608964 -0.77371383506239377 -1.2394587629224865 -0.1408662729415063 -2.2756001308307927 1.6501769122210141 0.88555549868331573 2.0541403363358097 -0.23804661143802447 -1.3486131569830691 -1.4506447805508638
decision_type=2 2 2 2 2 2 2 2 2 2 2 2 2 2 2 2 2 2 2 2 2 2 2 2 2 2 2 2 2 2
left_child=1 5 7 8 -4 9 13 15 11 -1 -10 12 -3 14 -5 17 18 -2 -17 20 -7 -22 -21 -19 -24 26 -8 -15 -9 -30
right_child=2 3 4 6 -6 19 25 28 10 -11 -12 -13 -14 27 -16 16 -18 23 -20 22 21 -23 24 -25 -26 -27 -28 -29 29 -31
leaf_value=0.016401768846017489 -0.013787881117161942 0.0056077902073634915 -0.012223431124201878 -0.0031058259605999286 -0.016495691081842973 0.011794236118836541 -0.0002089054957904312 -0.0035457491658183794 0.0083517833945906412 0.012497736987904403 -0.00036220398582346335 0.0073296986881490923 -0.0016191765490350778 0.014987332658647283 0.0032049523786623463 -0.0076026966953936896 -0.011563571864552407 -0.01380476173484055 -0.003705592683033292 -0.0033014611447862081 0.015268891265197626 0.0057774485783964784 0.0041473148033027056 -0.0023555423691408463 0.016941827984992278 -0.0044549177029808394 -0.0098027509169066017 0.0012845212866463393 -0.0015291682222357507 -0.0098536452407142084
leaf_weight=109.63952532410622 9.242214307188986 185.09819577634335 648.97484311461449 28.245464831590652 349.24019418656826 84.28743839263916 274.72409009933472 24.485627606511116 20.73650261759758 841.08463202416897 67.970423474907875 323.62973433732986 38.983158573508263 11.246133849024774 96.230748385190964 106.17101146280766 37.700124055147171 5.9891690611839286 146.417894333601 11.245160177350042 13.962900966405867 84.110774472355843 15.735713332891466 164.69764678180218 5.73859779536724 50.745175167918205 8.248411759734152 5.4983222782611838 12.244368478655813 149.02768807113171
leaf_count=441 37 741 2604 113 1405 338 1099 98 83 3377 272 1296 156 45 385 425 151 24 586 45 56 337 63 659 23 203 33 22 49 597
internal_value=0 0.00775983 -0.010682 0.0031748 -0.0137206 0.0121292 6.35277e-05 -0.00605501 0.0054947 0.0129507 0.00167066 0.0061118 0.0043459 0.00282293 0.00176357 -0.00509026 -0.0061641 -0.00334977 -0.00534999 0.00848901 0.00930902 0.00715312 0.00387382 -0.00277098 0.00767543 -0.00110168 -0.000495455 0.0105815 -0.00848769 -0.00922916
internal_weight=3931.35 2277.16 1654.19 1111.36 998.215 1165.8 474.938 655.976 636.418 950.724 88.7069 547.711 224.081 141.221 124.476 470.218 290.289 179.929 252.589 215.081 182.361 98.0737 32.7195 170.687 21.4743 333.718 282.973 16.7445 185.758 161.272
internal_count=15763 9128 6635 4448 4009 4680 1900 2626 2548 3818 355 2193 897 565 498 1882 1162 720 1011 862 731 393 131 683 86 1335 1132 67 744 646
is_linear=0
shrinkage=0.01


Tree=10
num_leaves=31
num_cat=0
split_feature=0 14 0 0 0 0 13 7 3 13 18 25 22 26 8 6 16 23 16 21 16 15 21 0 25 27 25 19 6 23
split_gain=3178.34 418.355 268.313 81.3294 41.8778 24.3026 21.9497 13.5646 13.0873 16.2649 12.3787 11.9899 10.9441 12.8708 9.26237 11.8592 9.16571 12.3054 9.04322 8.12089 7.85467 7.40509 7.05708 7.00984 6.95277 6.75319 6.74766 8.2067 6.73076 6.35954
threshold=-0.025672611484731062 -0.75004391260691328 0.68020418326113929 -0.28322645968490062 1.5056581414354833 0.12517364975339984 -1.2401268835255583 1.1009230929903093 -0.84278581836037514 -0.22891361771090035 0.62617241281011171 0.62808961514793615 -0.38874651527012166 0.97740055177042517 0.046982199430687925 0.040268459046414018 -0.33235682965025121 0.58805730839832537 -2.2756001308307927 0.0090510426680795539 1.5462041721150535 0.77629479810770452 0.47502151782970575 0.81635007292352191 -1.3766791588205247 0.93271245776693523 0.59495047920632615 -0.25691454201318187 0.26255267843563529 2.0342824139664999
decision_type=2 2 2 2 2 2 2 2 2 2 2 2 2 2 2 2 2 2 2 2 2 2 2 2 2 2 2 2 2 2
left_child=1 6 5 8 23 19 -1 26 -3 11 14 -10 13 -12 28 -16 18 20 -7 -2 -18 24 -14 29 -9 -20 27 -8 -5 -4
right_child=2 3 4 10 -6 16 7 21 9 -11 12 -13 22 -15 15 -17 17 -19 25 -21 -22 -23 -24 -25 -26 -27 -28 -29 -30 -31
leaf_value=0.014749861323934178 2.1966413797101725e-06 0.0080931483959302102 -0.010409900861153256 0.0027403199406516509 -0.016352377720029856 -0.016837649453056703 0.01397922346937815 -0.00062496093098375594 0.004264146125546953 -0.0057585641464779668 -0.0023366238034054458 0.0076658616867450406 -0.0081662808085256437 0.010524252616071999 -0.00024229718484867086 -0.01206250428008066 -0.006845355702957725 -0.010764021163435252 -0.0053246516100274215 -0.0043504150335919962 0.00034034292775883491 0.0045061000667114375 -0.0015826145380133658 -0.012590209828005038 0.011624153474231118 -0.0005410040615141334 0.010393033739992617 0.011361660370045955 -0.0054114470174987947 0.00089419776925639296
leaf_weight=280.81528933346272 84.977447494864464 172.94769859313965 134.0622466802597 200.46203485131264 348.7811066955328 5.9818640649318686 234.16424895823002 4.9905318915843955 382.90745623409748 13.742997571825979 25.747711256146431 144.07454691827297 37.242017686367035 10.998505190014837 94.490090772509575 9.2489098310470563 230.74630106985569 88.086936816573143 148.14382308721542 85.464775264263153 15.992622479796408 40.167350307106972 29.744198352098465 524.93722811341286 44.341319024562836 37.473280563950539 211.64720122516155 271.40424966812134 10.498912036418913 4.9842184931039801
leaf_count=1130 340 693 538 802 1405 24 941 20 1533 55 103 577 149 44 378 37 924 353 593 342 64 161 119 2108 178 150 850 1090 42 20
internal_value=0 0.0078931 -0.0102475 0.00363626 -0.0135343 -0.00546816 0.0123227 0.0114749 0.00568838 0.00491602 0.000133295 0.00519734 -0.00285816 0.00150374 0.00112312 -0.00131637 -0.00653164 -0.00753598 -0.0047683 -0.00217574 -0.00637561 0.0077552 -0.00526453 -0.0120503 0.010366 -0.0043651 0.0119365 0.0125785 0.00232752 -0.00999716
internal_weight=3929.27 2219.64 1709.63 1132.11 1012.76 696.867 1087.53 806.715 713.673 540.725 418.432 526.982 103.732 36.7462 314.7 103.739 526.425 334.826 191.599 170.442 246.739 89.4992 66.9862 663.984 49.3319 185.617 717.216 505.568 210.961 139.046
internal_count=15763 8902 6861 4532 4071 2790 4370 3240 2858 2165 1674 2110 415 147 1259 415 2108 1341 767 682 988 359 268 2666 198 743 2881 2031 844 558
is_linear=0
shrinkage=0.01


Tree=11
num_leaves=31
num_cat=0
split_feature=0 14 0 0 0 0 13 7 3 14 29 18 22 26 8 6 16 23 10 16 10 21 16 15 21 0 27 14 14 21
split_gain=3117.02 410.807 263.657 79.7415 41.2655 23.8337 21.6031 13.326 12.839 16.1734 16.6902 12.1328 10.7285 12.6186 9.07931 11.6271 8.98889 12.0762 8.95428 8.88079 8.50028 7.96077 7.70306 7.26781 6.91748 6.88824 6.61982 6.35453 6.27302 9.19461
threshold=-0.025672611484731062 -0.75004391260691328 0.68020418326113929 -0.28322645968490062 1.5056581414354833 0.12517364975339984 -1.2401268835255583 1.1009230929903093 -0.84278581836037514 -0.46919547157914315 -0.17397844719656597 0.62617241281011171 -0.38874651527012166 0.97740055177042517 0.046982199430687925 0.040268459046414018 -0.33235682965025121 0.58805730839832537 -0.81283856232308704 -2.2756001308307927 0.78747478176483032 0.0090510426680795539 1.5462041721150535 0.77629479810770452 0.47502151782970575 0.81635007292352191 0.93271245776693523 -0.78042400946326673 0.031281045376264541 0.76064100933690071
decision_type=2 2 2 2 2 2 2 2 2 2 2 2 2 2 2 2 2 2 2 2 2 2 2 2 2 2 2 2 2 2
left_child=1 6 5 8 25 21 -1 27 -3 20 -11 14 13 -13 18 -16 19 22 -5 -7 -10 -2 -18 -9 -14 -4 -21 -8 29 -23
right_child=2 3 4 11 -6 16 7 23 9 10 -12 12 24 -15 15 -17 17 -19 -20 26 -22 28 -24 -25 -26 -27 -28 -29 -30 -31
leaf_value=0.014619897485626639 2.1747232712279416e-06 0.0080150929313079523 -0.0099030786560907174 -0.00085747818821920569 -0.016212294906004326 -0.016688463538082263 0.012096691199096133 0.010268996975962756 0.0068917229792212122 -0.00017302012588049661 0.0053482154241006339 -0.0023133889827154997 -0.0080857758374879192 0.010421335579321579 -0.00023987657084683769 -0.011944551996082735 -0.0067785121656747365 -0.010661689850760825 0.0036414847596649303 -0.0052721883702698041 0.0017966853142922369 -0.007241229962718608 0.00033695825163215884 0.004461988299296663 -0.0015668706406201103 -0.012474683701295444 -0.0005356158061883984 0.0083825183446116728 -0.0065092049978995271 0.0033123112767806137
leaf_weight=280.48103602230549 84.977449983358383 172.88691806793213 138.96406689286232 62.490602776408195 348.2801678776741 5.9759086072444907 664.07405573129654 49.300153836607933 283.82227870821953 102.47709515690804 116.61058211326599 25.747255116701126 37.237701460719109 10.997045263648031 94.490136414766312 9.2478327155113202 230.69274865090847 88.044247388839722 148.46405005455017 148.12291875481606 37.730026185512543 13.746088057756422 15.992732450366018 40.159833177924156 29.743644282221794 524.50369121134281 37.472772747278214 52.560398519039154 51.466183289885521 20.246283650398254
leaf_count=1130 340 693 558 250 1405 24 2670 198 1137 410 467 103 149 44 378 37 924 353 594 593 151 55 64 161 119 2108 150 211 206 81
internal_value=0 0.00781816 -0.010152 0.00360038 -0.0134126 -0.0054146 0.0122104 0.011369 0.00563268 0.00486764 0.00276222 0.000131808 -0.00282988 0.00148873 0.00111177 -0.00130343 -0.00646799 -0.00746282 0.00230425 -0.00472152 0.00629774 -0.00215403 -0.00631321 0.00768121 -0.00521256 -0.0119391 -0.00432204 0.0118269 -0.00430728 -0.000934798
internal_weight=3927.01 2218.52 1708.49 1131.95 1011.75 696.737 1086.58 806.094 713.527 540.64 219.088 418.418 103.726 36.7443 314.693 103.738 526.301 334.73 210.955 191.572 321.552 170.436 246.685 89.46 66.9813 663.468 185.596 716.634 85.4586 33.9924
internal_count=15763 8902 6861 4532 4071 2790 4370 3240 2858 2165 877 1674 415 147 1259 415 2108 1341 844 767 1288 682 988 359 268 2666 743 2881 342 136
is_linear=0
shrinkage=0.01


Tree=12
num_leaves=31
num_cat=0
split_feature=2 0 0 0 0 0 9 0 3 2 5 27 17 18 15 7 4 11 6 6 28 23 2 11 21 2 5 19 0 15
split_gain=3074.75 430.604 220.704 91.0122 29.3981 28.3755 19.1186 16.2345 14.61 14.506 14.9282 18.0306 9.5942 11.3403 9.02497 11.4418 8.48529 9.93744 11.9726 8.4323 10.1695 8.17206 8.1455 7.71269 7.84747 6.92616 7.23288 6.62927 6.22254 6.09421
threshold=0.025465501473428801 -0.76884265958210041 0.81635007292352191 -0.28322645968490062 0.50425984259590273 1.5056581414354833 1.0278431420327223 -1.3696106334558666 -0.44204379099834962 -0.51328987789633274 -1.1085602876747025 -0.31326992390349456 0.70113641032494767 1.3174563430469466 -0.86663662935666719 0.018888684587365537 -0.028195935911883442 0.79216755211415157 -0.13206765993984285 0.19055757652046609 -1.1016305753487383 -1.3486131569830691 0.063760079778066539 0.64116595701697843 -0.80935694480256737 -0.80812220286286884 0.010867119013544204 -0.44235890648510706 -0.60380406030993983 -0.59376626140854072
decision_type=2 2 2 2 2 2 2 2 2 2 2 2 2 2 2 2 2 2 2 2 2 2 2 2 2 2 2 2 2 2
left_child=1 6 4 9 16 -4 7 -1 19 12 -11 -12 28 -14 15 -10 -2 18 -18 20 -5 23 -19 24 -6 26 -9 -23 -3 -27
right_child=2 3 5 8 21 -7 -8 25 14 10 11 -13 13 -15 -16 -17 17 22 -20 -21 -22 27 -24 -25 -26 29 -28 -29 -30 -31
leaf_value=0.015743067569756818 0.0055020039256162088 0.006851786102181452 -0.01236108964856574 0.01008965504475174 -0.010750766515135528 -0.016075326240153589 -0.0047170956534214195 0.013011607943590894 -0.0018645529302667942 0.008451681836682233 0.00011913830942359764 0.0052779618119916652 0.001917924305378413 0.0093628191539701349 -0.0020379621674193947 0.0054452807276371331 0.0038048320434352439 -0.017680942599048347 -0.0047430896789872048 -0.0071112108271725273 0.0022170549195663766 -0.0073434225227721785 -0.0070598676107054645 0.0061343295761151564 -0.0013697252466064458 0.0043677301686675255 0.011124408033274365 -0.010725419344679606 0.0099843446750431976 0.010833960632399546
leaf_weight=124.83572016656399 7.4960655868053427 202.29883901774883 524.03370317816734 19.238426983356476 19.448050782084465 347.73871764540672 6.4947118014097205 443.53464731574059 43.244065582752228 66.08648394048214 115.70302145183086 164.77298454940319 67.130106970667839 29.692321002483368 248.45734086632729 41.98956024646759 16.992461621761322 7.9883250743150702 348.14059118926525 7.9987360388040534 113.96564218401909 92.203673154115677 89.363091543316841 5.4855079203844062 16.958228513598442 22.682054832577705 413.3030743598938 174.89957349002361 97.060919567942619 45.313472464680672
leaf_count=504 30 811 2108 77 78 1405 26 1786 173 265 463 660 269 119 994 168 68 32 1394 32 456 370 358 22 68 91 1663 702 389 182
internal_value=0 0.00754163 -0.010388 0.0034871 -0.00651611 -0.0138455 0.0122143 0.0123205 6.57645e-05 0.00567298 0.00416941 0.00315419 0.00698433 0.00421866 -0.00107306 0.00172701 -0.00493429 -0.00510676 -0.00434162 0.00276297 0.0033683 -0.00891644 -0.00795891 -0.00474517 -0.00642414 0.0118558 0.0121039 -0.00956489 0.00787378 0.00870121
internal_weight=3924.55 2273.8 1650.75 1217.64 778.976 871.772 1056.16 1049.67 474.894 742.745 346.562 280.476 396.182 96.8224 333.691 85.2336 469.981 462.484 365.133 141.203 133.204 308.995 97.3514 41.8918 36.4063 924.833 856.838 267.103 299.36 67.9955
internal_count=15763 9128 6635 4876 3122 3513 4252 4226 1900 2976 1388 1123 1588 388 1335 341 1882 1852 1462 565 533 1240 390 168 146 3722 3449 1072 1200 273
is_linear=0
shrinkage=0.01


Tree=13
num_leaves=31
num_cat=0
split_feature=2 14 2 2 2 2 3 13 9 13 11 6 23 19 14 7 10 22 19 29 5 11 26 20 22 3 21 24 29 11
split_gain=3015.77 424.236 207.939 66.1671 30.7954 28.2082 25.9351 24.6749 13.4568 12.9935 11.1446 12.6896 12.0723 10.3213 12.4074 9.50964 9.15881 11.8489 8.33095 8.23305 8.13574 8.35704 7.88511 7.40845 7.23708 7.20608 7.34557 7.0942 6.97837 8.59143
threshold=0.025465501473428801 -0.70657401635917227 0.83617682297047102 -0.3513946844737631 0.48495322171678473 -0.88200320647078378 -0.62750594681532923 1.4149894165228527 0.88564050084285784 -1.2730793931718756 0.79216755211415157 -0.13206765993984285 -1.015127606220837 -1.0662034058305068 -0.46919547157914315 1.4163865699608964 -0.82737640062430551 -0.049471600201476625 -0.34898667992529769 0.93232376647177206 0.45444336372552113 -0.021599910297998345 -0.1408662729415063 -0.03038726170875965 -0.93553091510417141 -0.12247142512670083 0.44060272800853401 -0.69268676028249032 1.2492261679986849 -0.69163902063410665
decision_type=2 2 2 2 2 2 2 2 2 2 2 2 2 2 2 2 2 2 2 2 2 2 2 2 2 2 2 2 2 2
left_child=1 5 4 8 10 9 28 -4 13 -1 11 -2 -13 -3 -15 24 27 -18 23 -10 -11 -22 -17 -6 -7 -12 -27 -8 29 -5
right_child=2 3 7 6 18 15 16 -9 19 20 25 12 -14 14 -16 22 17 -19 -20 -21 21 -23 -24 -25 -26 26 -28 -29 -30 -31
leaf_value=0.014631286395941313 0.0041231435330716963 0.0092267560984755602 -0.012125255527285932 0.0056006869569739381 -0.0078286008822600287 0.012981353662158452 -0.0090162720372159114 -0.015579843687547624 0.0014056416426928894 0.012598179075291718 0.0030307827886464594 0.00033886572267777612 -0.0052380485533665734 0.0066665352481972348 0.0031614195082705953 -0.0030489043750412093 0.0019386759541415741 -0.0018179095813682751 -0.0099862591795741064 -0.012434503832412716 -0.0013799595399890446 0.010472082861230294 0.0073082886576216997 -0.00123748373816746 0.0086954878129336891 -0.010191234527247593 -0.0044272384378759057 -0.001956744019094321 0.0095233079471010989 0.00068234356655645461
leaf_weight=233.66564819216728 17.993265882134438 81.020196750760078 446.48536722362041 74.654219552874565 102.94244633615017 51.472713455557823 19.493536546826363 398.62103015184402 21.489091575145725 447.40081866085529 5.7435461431741706 44.719634160399437 277.65472351014614 262.72377496957779 166.81240317225456 10.991303712129591 166.44446444511414 169.20833984017372 231.27530664205551 5.2464181184768668 5.9631401598453513 192.52663731575012 21.202692031860352 20.931516826152802 198.53113590180874 69.118182510137558 33.935716837644577 54.483624771237373 20.475020453333855 68.706037506461143
leaf_count=944 72 325 1798 299 413 207 78 1612 86 1803 23 179 1112 1053 668 44 666 677 929 21 24 775 85 84 798 277 136 218 82 275
internal_value=0 0.00747057 -0.0102925 0.0030502 -0.00664928 0.0116954 0.000685516 -0.0137576 0.00557163 0.012582 -0.00490244 -0.00400362 -0.00446146 0.00593409 0.00530869 0.00892514 -0.000657453 4.19609e-05 -0.00885372 -0.00130922 0.0118369 0.0101105 0.0037428 -0.00672483 0.00958673 -0.00769892 -0.00830897 -0.00384014 0.00404774 0.00325264
internal_weight=3921.93 2272.51 1649.42 1110.76 804.314 1161.75 573.465 845.106 537.292 879.556 449.165 340.368 322.374 510.556 429.536 282.198 409.63 335.653 355.149 26.7355 645.891 198.49 32.194 123.874 250.004 108.797 103.054 73.9772 163.835 143.36
internal_count=15763 9128 6635 4448 3225 4680 2295 3410 2153 3546 1799 1363 1291 2046 1721 1134 1639 1343 1426 107 2602 799 129 497 1005 436 413 296 656 574
is_linear=0
shrinkage=0.01


Tree=14
num_leaves=31
num_cat=0
split_feature=0 14 0 0 0 0 13 9 3 13 18 25 22 16 23 19 6 0 21 21 21 5 25 28 0 28 16 21 27 14
split_gain=2940.98 389.562 250.927 75.2671 38.2119 23.7281 20.7854 12.961 12.2861 15.795 11.6968 11.5996 10.4064 9.73237 12.2166 8.66243 8.2018 8.835 7.97004 7.81818 7.8172 7.36476 7.14695 7.06022 6.99966 6.9725 6.93446 6.22081 6.04848 6.02517
threshold=-0.025672611484731062 -0.75004391260691328 0.69880422254815 -0.28322645968490062 1.5056581414354833 0.12517364975339984 -1.2401268835255583 1.0278431420327223 -0.84278581836037514 -0.22891361771090035 0.62617241281011171 0.62808961514793615 -0.38874651527012166 -0.33235682965025121 0.58805730839832537 0.35814761847265225 0.17506730495915832 -0.072178237101254206 0.37398769766857703 -1.7110842443310907 0.0090510426680795539 0.5315270453988824 0.62808961514793615 0.68804983888238014 -0.63272950318529009 1.6860951904355412 -2.2756001308307927 -0.65001216663594941 0.93271245776693523 0.031281045376264541
decision_type=2 2 2 2 2 2 2 2 2 2 2 2 2 2 2 2 2 2 2 2 2 2 2 2 2 2 2 2 2 2
left_child=1 6 5 8 -4 20 -1 15 -3 11 16 -10 23 26 25 22 19 -18 24 -5 -2 -14 -8 -12 -9 -15 -7 -17 -28 -22
right_child=2 3 4 10 -6 13 7 18 9 -11 12 -13 21 14 -16 27 17 -19 -20 -21 29 -23 -24 -25 -26 -27 28 -29 -30 -31
leaf_value=0.014254452070982861 6.2616326918829313e-05 0.0078015245720057923 -0.01167603004229475 0.012740802606936424 -0.015814578838422234 -0.014950480499885578 0.012775322495609524 -0.0090923847746249807 0.0040803139647479295 -0.0057989962634437762 -0.0014127854989653271 0.0074275213028686272 -0.0096490733965328944 -0.0059176288959769995 -0.010532630732788673 0.012047430639335881 -0.010791331290802706 0.0023170538209351492 0.011924295712766271 0.0012742164125542823 -0.0009027197200381172 -0.0026515932615841648 0.010048437926495566 0.0080457803474381275 0.0060779323539466284 -0.015196721635819248 -0.0051128922420855104 0.008740439497223489 -0.00063838057371174816 -0.006367146464860576
leaf_weight=279.3516488224268 84.964376643300056 172.68713581562042 646.2320609241724 5.9972333312034598 346.56046031415462 6.2127697467803946 371.36847443878651 6.4981935620307931 382.64063747227192 13.740929022431372 25.495853096246719 143.9265875518322 23.484096810221672 245.73100477457047 91.411495000123978 86.926100701093674 11.495649814605715 8.9977584034204465 5.9811601787805548 288.16920639574528 33.988524675369263 43.486871093511581 139.17940725386143 11.245401799678801 5.4863646626472482 8.4770850092172605 151.02580741047859 188.50353565812111 38.456215888261795 51.443366080522537
leaf_count=1130 340 693 2604 24 1405 25 1498 26 1533 55 102 577 94 985 367 350 46 36 24 1153 136 174 561 45 22 34 605 759 154 206
internal_value=0 0.00759952 -0.00987393 0.00349381 -0.0131232 -0.00533885 0.0118858 0.0110598 0.0054694 0.00472087 0.000124095 0.00499834 -0.00278405 -0.00636411 -0.00737863 0.0112522 0.00108638 -0.00500415 0.00257248 0.00151564 -0.00207412 -0.00513097 0.012036 0.00146904 -0.00207205 -0.00623685 -0.00456438 0.00979176 -0.00421086 -0.00420845
internal_weight=3919.17 2214.66 1704.5 1131.37 992.793 711.711 1083.29 803.943 712.995 540.308 418.372 526.567 103.712 541.314 345.62 785.978 314.66 20.4934 17.9657 294.166 170.396 66.971 510.548 36.7413 11.9846 254.208 195.695 275.43 189.482 85.4319
internal_count=15763 8902 6861 4532 4009 2852 4370 3240 2858 2165 1674 2110 415 2170 1386 3168 1259 82 72 1177 682 268 2059 147 48 1019 784 1109 759 342
is_linear=0
shrinkage=0.01


Tree=15
num_leaves=31
num_cat=0
split_feature=2 14 2 2 2 2 18 13 9 10 5 2 11 6 23 19 14 5 28 29 18 19 9 29 7 3 21 24 3 15
split_gain=2901.83 409.478 201.491 63.6473 29.7642 27.4031 25.2662 24.0439 13.1728 12.8972 18.7625 12.7751 10.8893 12.4026 11.7848 10.0405 12.1611 9.9883 9.83609 9.39538 8.53549 8.12534 8.12177 8.09081 7.85274 7.04065 7.21814 6.96404 6.1476 5.80989
threshold=0.025465501473428801 -0.70657401635917227 0.83617682297047102 -0.3513946844737631 0.48495322171678473 -0.88200320647078378 -0.92863435351327428 1.4149894165228527 0.88564050084285784 -0.82737640062430551 -0.77047304764392888 -1.3981333279770796 0.79216755211415157 -0.13206765993984285 -1.015127606220837 -1.0662034058305068 -0.46919547157914315 0.010867119013544204 -0.21745365808756542 1.0891430935631232 0.48852120852179121 -0.34898667992529769 -0.84405972283474007 0.93232376647177206 -0.62681279830625725 -0.12247142512670083 0.44060272800853401 0.22554983741655268 -1.8165215327266535 0.58346250693283574
decision_type=2 2 2 2 2 2 2 2 2 2 2 2 2 2 2 2 2 2 2 2 2 2 2 2 2 2 2 2 2 2
left_child=1 5 4 8 12 11 18 -4 15 27 -11 -1 13 -2 -15 -3 -17 -13 28 20 -7 -6 -20 29 -22 -14 -27 -8 -5 -10
right_child=2 3 7 6 21 19 9 -9 23 10 -12 17 25 14 -16 16 -18 -19 22 -21 24 -23 -24 -25 -26 26 -28 -29 -30 -31
leaf_value=0.015914429369222861 0.0041198835766213136 0.0090718309181275544 -0.01191108015067755 -0.00062663896605755578 -0.0065859686036649828 0.010914953356126932 -0.0060604197367307459 -0.01532605290473602 -0.002598752811392806 0.0082415195160926852 -0.00015311826213410261 0.0130283456554567 0.0030364097804490113 0.00037565403430780188 -0.0051347553594295403 0.0065503979810624278 0.0030796283635142882 0.010725981207785234 0.0082077549204456288 0.0044391302574356261 -0.00083403110571474203 -0.0098085732236850038 0.00045339566206835521 -0.012371450392038611 0.0081024932489804115 -0.010038187184902465 -0.0043230879042654973 -0.00042602257389200713 0.010591957318713277 0.0080790087673663219
leaf_weight=93.163209795951843 17.99270598590374 80.94413135945797 445.54789952933788 5.4888762533664694 123.76756146550179 157.22729501128197 52.725085243582726 397.25460009276867 13.490834310650831 28.716602221131325 347.62419702112675 412.16942282021046 5.7433202713727942 44.714485749602318 277.54034309089184 262.57371234893799 166.76488167047501 372.14904573559761 18.965015828609467 43.745350331068039 11.194013163447378 230.96587042510509 47.444109514355659 5.2470162063837043 69.650130078196526 69.065052077174187 33.918769001960754 38.230078175663948 34.204599514603615 7.9953628480434409
leaf_count=378 72 325 1798 22 497 633 211 1612 54 115 1391 1666 23 179 1112 1053 668 1502 76 176 45 929 190 21 280 277 136 153 137 32
internal_value=0 0.00733147 -0.0101063 0.00298989 -0.0065203 0.0114885 0.000670736 -0.0135235 0.00546372 -0.000327821 0.000486795 0.0123637 -0.00480289 -0.00391435 -0.00436718 0.00582253 0.00520563 0.0119387 0.00507415 0.00875643 0.00954334 -0.00868919 0.00269192 -0.00134412 0.00685325 -0.0075681 -0.00817158 -0.00370623 0.00901783 0.00134731
internal_weight=3916.22 2269.71 1646.51 1110.41 803.708 1159.3 573.399 842.802 537.016 467.296 376.341 877.482 448.975 340.248 322.255 510.283 429.339 784.318 106.103 281.817 238.071 354.733 66.4091 26.7332 80.8441 108.727 102.984 90.9552 39.6935 21.4862
internal_count=15763 9128 6635 4448 3225 4680 2295 3410 2153 1870 1506 3546 1799 1363 1291 2046 1721 3168 425 1134 958 1426 266 107 325 436 413 364 159 86
is_linear=0
shrinkage=0.01


Tree=16
num_leaves=31
num_cat=0
split_feature=0 14 0 0 0 0 13 5 3 13 25 17 11 28 8 16 23 16 23 15 11 26 16 16 16 25 26 10 28 27
split_gain=2829.88 376.233 242.99 72.4719 38.6936 21.839 20.3201 12.2106 11.8859 15.4489 11.4178 11.3749 9.68919 9.34594 14.3599 8.5441 11.6437 8.6031 8.32991 8.10371 21.019 11.8773 7.56403 6.65537 7.21742 6.85648 6.64128 6.51824 6.45594 6.36015
threshold=-0.025672611484731062 -0.75004391260691328 0.68020418326113929 -0.28322645968490062 1.5056581414354833 0.12517364975339984 -1.2401268835255583 0.61541473210536102 -0.84278581836037514 -0.22891361771090035 0.62808961514793615 -0.30180412459557726 -0.021599910297998345 -1.0628973554470369 -0.032046911698346871 -0.33235682965025121 0.58805730839832537 -2.2756001308307927 -0.53385136172657799 -0.7278024749786377 0.56422351038878582 0.86583811404810751 1.5462041721150535 1.4458680784961808 0.50990620190865787 -1.2335579045690512 0.86583811404810751 0.84015143804648462 -0.48142031300032145 0.93271245776693523
decision_type=2 2 2 2 2 2 2 2 2 2 2 2 2 2 2 2 2 2 2 2 2 2 2 2 2 2 2 2 2 2
left_child=1 6 5 8 -4 23 -1 -8 -3 10 -10 13 -9 14 -5 17 22 -7 -15 20 -13 -21 -17 24 25 -2 -26 -14 -25 -19
right_child=2 3 4 11 -6 15 7 12 9 -11 -12 19 27 18 -16 16 -18 29 -20 21 -22 -23 -24 28 26 -27 -28 -29 -30 -31
leaf_value=0.014023663028345193 0.0033598724273900728 0.0076594093174013932 -0.011411448187484676 0.011792048559658375 -0.015564717019241597 -0.016253907335754547 0.011647042426672501 -0.0025961543290518542 0.0039916611248666809 -0.0057755667727749371 0.0073133211461866897 0.0039835795745346916 0.0097929556741838397 0.0051784510973476609 -0.0035191901213322769 -0.0064622974908147461 -0.010274359487628029 -0.0049944688176827455 -0.0004564512414785659 -0.0038430177152398411 -0.0079777602916997498 0.0024911053356148675 0.00059180770348620415 0.00030543588544581303 0.004379464632766495 -0.0035367132435494227 -0.0076773597436979434 0.0037557705304534657 -0.013648017623493347 -0.00035126988280098366
leaf_weight=278.48906336724758 16.488121524453163 172.52962698042393 660.28771130740643 20.730836719274524 345.24034915864468 5.9529602378606787 573.80973182618618 6.9604977667331687 382.49215012788773 13.741309627890585 143.83786721527576 66.230796337127686 201.09492792189121 35.732451587915421 8.4975868761539441 230.34778308868408 87.828546434640884 147.96647363901138 96.963048607110977 133.70803758502007 18.741856381297112 37.737368911504745 15.98103056848049 4.9959757924079886 29.977232098579407 104.67230042815208 5.244378834962844 20.425026252865791 8.9907245337963086 37.449979856610298
leaf_count=1130 66 693 2666 83 1405 24 2319 28 1533 55 577 265 811 143 34 924 353 593 388 535 75 151 64 20 120 419 21 82 36 150
internal_value=0 0.00745854 -0.0096954 0.00342491 -0.0128398 -0.00514923 0.0116778 0.0108606 0.0053643 0.00462798 0.00490254 0.000118492 0.00887674 0.00219495 0.00730969 -0.00615875 -0.00712958 -0.00445548 0.00105615 -0.0011892 0.00132731 -0.00244233 -0.00600054 -0.00202757 -0.00142588 -0.00258795 0.00253928 0.00924276 -0.00862614 -0.00406273
internal_weight=3913.15 2211.72 1701.42 1130.94 1005.53 695.896 1080.78 802.29 712.601 540.071 526.33 418.342 228.48 161.924 29.2284 525.527 334.157 191.369 132.696 256.418 84.9727 171.445 246.329 170.369 156.382 121.16 35.2216 221.52 13.9867 185.416
internal_count=15763 8902 6861 4532 4071 2790 4370 3240 2858 2165 2110 1674 921 648 117 2108 1341 767 531 1026 340 686 988 682 626 485 141 893 56 743
is_linear=0
shrinkage=0.01


Tree=17
num_leaves=31
num_cat=0
split_feature=2 14 2 2 2 2 3 13 9 2 11 9 5 19 14 29 10 22 25 11 7 11 29 19 20 2 3 21 29 11
split_gain=2792.76 395.379 195.425 61.2151 28.7387 26.6431 24.3583 23.4588 12.8959 12.5276 10.6501 9.88429 9.79524 9.77065 11.9211 9.26639 8.6707 11.4552 8.38176 8.04403 12.4544 10.1238 7.95047 7.94023 7.2805 6.9051 6.88314 7.10392 6.85169 8.28428
threshold=0.025465501473428801 -0.70657401635917227 0.83617682297047102 -0.3513946844737631 0.48495322171678473 -0.88200320647078378 -0.62750594681532923 1.4149894165228527 0.88564050084285784 -1.3981333279770796 0.79216755211415157 0.9422363379888139 0.010867119013544204 -1.0662034058305068 -0.46919547157914315 1.0891430935631232 -0.82737640062430551 -0.049471600201476625 1.8460226177719032 0.59706168175646968 1.7489391058423529 0.91111558431207662 0.93232376647177206 -0.34898667992529769 -0.03038726170875965 -0.19265691736245569 -0.12247142512670083 0.20399236160784037 1.2492261679986849 -0.69163902063410665
decision_type=2 2 2 2 2 2 2 2 2 2 2 2 2 2 2 2 2 2 2 2 2 2 2 2 2 2 2 2 2 2
left_child=1 5 4 8 10 9 28 -4 13 -1 11 18 -11 -3 -15 19 25 -18 -2 20 -7 -21 -10 24 -6 -8 -12 -28 29 -5
right_child=2 3 7 6 23 15 16 -9 22 12 26 -13 -14 14 -16 -17 17 -19 -20 21 -22 -23 -24 -25 -26 -27 27 -29 -30 -31
leaf_value=0.015675016052369629 -0.0047743524178532797 0.0089206657212224406 -0.011704037188547607 0.0054351942673000475 -0.0075425140308328191 0.011109453152356855 -0.0076848462346649649 -0.015082517364959603 0.0012903563642456886 0.01281165918040602 0.0030414634450823624 0.00074206748888671476 0.010529044691027197 0.0064367669689567569 0.0029997248976818386 0.0043028773977496701 0.0019010780548744011 -0.0017927593734038394 0.0044595691086878955 0.0022643315613799101 -0.0040129091144049493 0.0098656985225556628 -0.01230774784276872 -0.0096349322868045512 -0.0010060627081249105 -0.0013427974854129715 -0.010298402517783712 -0.004899324527868407 0.0093435946367312964 0.0006045111407846518
leaf_weight=92.811622709035873 288.93348701298237 80.858814358711243 444.50833764672279 74.599139526486397 102.74807995557785 160.15194082260132 27.733749106526375 395.73555512726307 21.482882037758831 411.04707242548466 5.7431204915046683 41.192027807235718 371.32735602557659 262.40773959457874 166.71247351169586 43.696132093667984 166.4260483533144 169.19437538087368 9.9891971051692945 31.810072645545006 5.4909787923097602 40.259122312068939 5.2474899888038626 230.6192811280489 20.899567529559135 46.231085821986198 59.53581914305687 43.368973806500435 20.458305284380913 68.685879722237587
leaf_count=378 1158 325 1798 299 413 646 111 1612 86 1666 23 165 1502 1053 668 176 666 677 40 128 22 162 21 929 84 185 239 174 82 275
internal_value=0 0.00719598 -0.00992556 0.00293114 -0.00639435 0.0112877 0.000656818 -0.013298 0.0053582 0.0121522 -0.0047067 -0.00382791 0.0117311 0.00571343 0.00510482 0.00859211 -0.000644486 3.59672e-05 -0.00446105 0.00937421 0.0106 0.00653223 -0.00137777 -0.00852739 -0.00644748 -0.00374147 -0.00744245 -0.00803965 0.00391639 0.00312854
internal_weight=3909.91 2266.63 1643.27 1110.04 803.03 1156.59 573.329 840.244 536.709 875.186 448.763 340.115 782.374 509.979 429.12 281.408 409.585 335.62 298.923 237.712 165.643 72.0692 26.7304 354.267 123.648 73.9648 108.648 102.905 163.743 143.285
internal_count=15763 9128 6635 4448 3225 4680 2295 3410 2153 3546 1799 1363 3168 2046 1721 1134 1639 1343 1198 958 668 290 107 1426 497 296 436 413 656 574
is_linear=0
shrinkage=0.01


Tree=18
num_leaves=31
num_cat=0
split_feature=0 14 0 0 0 0 13 9 1 10 25 13 18 18 16 23 23 11 23 0 21 21 10 28 0 16 6 15 11 5
split_gain=2723.41 363.552 235.445 69.8226 36.497 22.1044 19.8853 12.4043 11.5602 13.6135 13.3851 16.1556 11.1493 10.583 9.28655 11.7957 9.27273 9.125 9.48261 7.87634 7.79576 7.69432 7.05208 6.82856 6.80057 6.68528 6.65054 6.62686 6.32038 6.19969
threshold=-0.025672611484731062 -0.75004391260691328 0.69880422254815 -0.28322645968490062 1.5056581414354833 0.12517364975339984 -1.2401268835255583 1.0278431420327223 0.77847929994872722 0.88555549868331573 -0.64574594306994559 -0.32860492649795719 0.62617241281011171 0.85193667658270755 -0.33235682965025121 0.58805730839832537 -1.1950418080285716 0.19518658091928359 -0.37701210211273006 -0.77757723751661134 0.37398769766857703 0.0090510426680795539 0.057233130510833084 1.6860951904355412 -0.63272950318529009 -2.2756001308307927 -1.1420760822811282 -0.50373661515333001 -1.25314029010962 0.38284892794840469
decision_type=2 2 2 2 2 2 2 2 2 2 2 2 2 2 2 2 2 2 2 2 2 2 2 2 2 2 2 2 2 2
left_child=1 6 5 8 -4 21 -1 19 9 22 11 -10 17 -12 25 23 -14 18 -5 26 24 28 -3 -16 -9 -7 -8 -19 -2 -18
right_child=2 3 4 12 -6 14 7 20 10 -11 13 -13 16 -15 15 -17 29 27 -20 -21 -22 -23 -24 -25 -26 -27 -28 -29 -30 -31
leaf_value=0.01380103277222847 0.0080292253476801252 0.0054208150757161346 -0.011266675630570488 0.0050299221844371956 -0.015325017415383443 -0.014578649956143054 0.0094095470922636489 -0.0091477298963520658 0.00059024518497645102 -0.00084117394002900144 0.0011561225457139208 -0.016616883681885568 0.006475351072775355 0.0078061035627704006 -0.0056751755134125817 -0.010216234127790902 -0.0079439560803384341 -0.0043936134196622669 0.00066136986153043779 0.0071260059864581985 0.011623322933038478 -0.0040974158578702402 0.0078562277081169855 -0.014865182494640321 0.0058078180104948508 -0.0040157814034902191 0.011690037888178741 0.00096198172390650212 -0.00078949634520488691 -0.0021163835289512828
leaf_weight=277.54194316267967 8.9947350025176984 358.17652422189713 643.34298938512802 75.455081790685654 343.78765116631985 6.1890472471714011 178.04359875619411 6.4974459260702142 38.172620132565498 28.204951912164688 44.636786967515945 6.2482336461544028 9.7459984421730024 52.607354298233986 245.40357193350792 91.193675011396408 25.225601270794868 43.988996371626854 147.17919394373894 54.853386029601097 5.968735620379447 85.395645141601562 184.12026020884514 8.4578448235988599 5.4779699891805658 189.31600092351437 549.63607475161552 47.992585420608521 75.950868755578995 68.722010716795921
leaf_count=1130 36 1438 2604 302 1405 25 721 26 153 113 179 25 39 211 985 367 101 176 589 221 24 342 739 34 22 759 2226 192 304 275
internal_value=0 0.00732113 -0.00952186 0.0033574 -0.0126825 -0.00513056 0.0114761 0.0106671 0.00526191 0.00589837 0.0026894 -0.00183953 0.000112123 0.00476824 -0.00612123 -0.00711323 -0.00272736 0.00105173 0.00214804 0.010856 0.00235994 -0.00197915 0.00625082 -0.00599103 -0.00223229 -0.00436256 0.0111348 -0.00159039 0.000140887 -0.00369854
internal_weight=3906.53 2208.5 1698.03 1130.48 987.131 710.901 1078.02 800.477 712.167 570.502 141.665 44.4209 418.309 97.2441 540.56 345.055 103.694 314.616 222.634 782.533 17.9442 170.341 542.297 253.861 11.9754 195.505 727.68 91.9816 84.9456 93.9476
internal_count=15763 8902 6861 4532 4009 2852 4370 3240 2858 2290 568 178 1674 390 2170 1386 415 1259 891 3168 72 682 2177 1019 48 784 2947 368 340 376
is_linear=0
shrinkage=0.01


Tree=19
num_leaves=31
num_cat=0
split_feature=2 14 2 2 2 2 18 13 9 2 22 6 11 6 23 5 28 19 14 29 18 22 7 29 19 7 20 3 21 3
split_gain=2688.4 381.929 189.626 58.8319 27.7686 25.8645 23.9054 22.9268 12.5375 12.3051 10.953 11.0478 10.3945 11.979 11.4774 9.67001 9.61156 9.58899 11.67 9.10333 8.25403 8.05037 7.99731 7.8053 7.75199 7.74156 7.15259 6.73033 7.02593 6.0909
threshold=0.025465501473428801 -0.70657401635917227 0.83617682297047102 -0.3513946844737631 0.48495322171678473 -0.88200320647078378 -0.92863435351327428 1.4149894165228527 0.88564050084285784 -1.3981333279770796 -0.039242742112221708 0.19055757652046609 0.79216755211415157 -0.13206765993984285 -1.015127606220837 0.010867119013544204 -0.21745365808756542 -1.0662034058305068 -0.46919547157914315 1.0891430935631232 0.48852120852179121 0.031949813210717028 -0.46425070526697798 0.93232376647177206 -0.34898667992529769 -0.62681279830625725 -0.03038726170875965 -0.12247142512670083 0.64695458410052986 -1.8165215327266535
decision_type=2 2 2 2 2 2 2 2 2 2 2 2 2 2 2 2 2 2 2 2 2 2 2 2 2 2 2 2 2 2
left_child=1 5 4 8 12 9 16 -4 17 -1 11 -8 13 -2 -15 -11 29 -3 -19 20 -7 -12 -18 -10 26 -22 -6 -14 -29 -5
right_child=2 3 7 6 24 19 10 -9 23 15 21 -13 27 14 -16 -17 22 18 -20 -21 25 -23 -24 -25 -26 -27 -28 28 -30 -31
leaf_value=0.015445108829398362 0.0041510789915902143 0.0087837686828057208 -0.01150272076378064 -0.0007732765703401701 -0.007401020474108168 0.010562710279260956 0.0016939742978519035 -0.01484840702940827 0.0012565221249416958 0.01260404222777433 -0.0090143982121926557 -0.0080143373015206468 0.0030484240786829687 0.00049082793074318337 -0.0049485384574681213 0.010333461806489473 0.0053136889669683921 0.0063202573587209238 0.0029188312675943063 0.0041820932784852292 -0.0010757559686595806 -0.0013817370622840406 -0.0017928268275735338 -0.012215792203328229 -0.0094663566824729987 0.007806445340161664 -0.00092047535469438598 -0.009392649226054612 -0.0032069384093553837 0.010397235497963335
leaf_weight=92.427006170153618 17.990513756871223 80.772781044244766 443.36877025663853 5.4847293198108664 102.63347858190536 156.66712583601475 224.10743947327137 394.07318080961704 21.480545133352283 409.83371470868587 14.742350399494169 12.241877213120459 5.7428934872150412 44.697302237153053 277.28804937005043 370.41654253005981 40.913254275918007 262.21875330805779 166.6539242118597 43.646271869540215 11.172672837972639 216.12878824770451 25.459819823503494 5.2481544613838187 230.2405339628458 69.472637221217155 20.885925233364105 77.906092450022697 24.91012367606163 34.1750158816576
leaf_count=378 72 325 1798 22 413 633 897 1612 86 1666 59 49 23 179 1112 1502 164 1053 668 176 45 865 102 21 929 280 84 313 100 137
internal_value=0 0.00706415 -0.0097502 0.00287393 -0.00627222 0.0110931 0.000644415 -0.0130799 0.00525431 0.0119465 -0.000326706 0.00118372 -0.00461324 -0.003745 -0.00419043 0.0115288 0.00492924 0.00560479 0.00500183 0.00843534 0.00921129 -0.00187714 0.00257409 -0.00138715 -0.00837093 0.0065637 -0.00631494 -0.00731718 -0.00790828 0.0088292
internal_weight=3903 2263.26 1639.74 1109.63 802.295 1153.64 573.253 837.442 536.374 872.677 467.22 236.349 448.535 339.976 321.985 780.25 106.033 509.645 428.873 280.959 237.312 230.871 66.3731 26.7287 353.76 80.6453 123.519 108.559 102.816 39.6597
internal_count=15763 9128 6635 4448 3225 4680 2295 3410 2153 3546 1870 946 1799 1363 1291 3168 425 2046 1721 1134 958 924 266 107 1426 325 497 436 413 159
is_linear=0
shrinkage=0.01


Tree=20
num_leaves=31
num_cat=0
split_feature=0 14 0 0 0 0 0 0 3 14 29 18 22 26 11 23 15 23 16 7 26 0 21 0 10 21 23 17 11 8
split_gain=2621.33 351.455 228.31 67.2629 37.045 20.3568 17.383 11.3698 11.318 14.042 15.8607 10.8682 9.92718 12.1882 8.87422 9.28884 8.3622 8.14926 8.31282 8.03151 8.86698 7.72524 7.54507 6.90178 6.8554 6.78869 6.55765 6.28452 6.2049 6.16465
threshold=-0.025672611484731062 -0.75004391260691328 0.68020418326113929 -0.28322645968490062 1.5056581414354833 0.12517364975339984 -1.2949306690763447 -0.83221870665800235 -0.84278581836037514 -0.46919547157914315 -0.17397844719656597 0.62617241281011171 -0.38874651527012166 0.97740055177042517 0.19518658091928359 -0.37701210211273006 -1.1805138661071646 1.1025269831237743 -0.46503531256405534 1.4163865699608964 -0.1408662729415063 0.21880671635658935 0.0090510426680795539 0.50425984259590273 0.56888180487812112 0.47502151782970575 -0.90890602665947295 1.5109357189656203 -1.25314029010962 -0.64756608220584733
decision_type=2 2 2 2 2 2 2 2 2 2 2 2 2 2 2 2 2 2 2 2 2 2 2 2 2 2 2 2 2 2
left_child=1 6 5 8 -4 22 -1 -8 29 16 -11 14 13 -13 15 -5 -10 23 21 24 -21 -19 28 -7 -9 -14 -16 -25 -2 -3
right_child=2 3 4 11 -6 17 7 19 9 10 -12 12 25 -15 26 -17 -18 18 -20 20 -22 -23 -24 27 -26 -27 -28 -29 -30 -31
leaf_value=0.013962295654414017 0.0079806741121730834 0.0086061152670408262 -0.011015879076476689 0.0049677713607876187 -0.015094817085236396 -0.0045507096773095305 0.011159673839053204 0.0078385672055854387 0.011635499678910689 -0.00038093358348533158 0.00500434990052929 -0.002279644291594613 -0.0078370859395468003 0.010237800867078119 -0.0068346252010140131 0.00064377143388133029 0.0053205893166112638 0.0064871618516569316 -0.011571884586466201 -0.005018648747909484 0.0071250186957205778 -0.0070627387893655493 -0.0040319974716794315 -0.0066487595418073817 0.014058758583485724 -0.0013795177549784038 -0.00020355406014012598 -0.01508410267008751 -0.00075648061691575201 0.0043476275779518242
leaf_weight=200.24032367765903 8.9954538792371732 123.20270767807961 657.08449770510197 75.443258136510849 342.21127642691135 307.03580813109875 737.85548423230648 87.332762867212296 22.89000391960144 102.42788454890251 116.42528845369816 25.7454794049263 37.21351520717144 10.992399111390112 18.741577312350273 147.16991381347179 297.76534749567509 4.99146540462971 47.13505607843399 8.9804855883121508 17.401434689760208 22.912815362215042 85.373426109552383 132.98281529545784 23.217958599328995 29.73214815557003 73.237195760011673 9.678223103284834 75.941336825489998 48.990276113152504
leaf_count=819 36 496 2666 302 1405 1232 2998 353 92 410 467 103 149 44 75 589 1196 20 190 36 70 92 342 535 94 119 293 39 304 197
internal_value=0 0.00718708 -0.00935309 0.0032913 -0.0124151 -0.00494814 0.0112804 0.0106638 0.00516152 0.00444284 0.00248033 0.000106236 -0.00269734 0.0014562 0.00103398 0.00211523 0.00577798 -0.00592398 -0.00899799 0.00797836 0.00295017 -0.00458874 -0.00193395 -0.00540692 0.0091655 -0.00499038 -0.00157152 -0.00723819 0.000165388 0.00740357
internal_weight=3899.35 2205.01 1694.34 1129.98 999.296 695.046 1075.03 874.788 711.702 539.509 218.853 418.275 103.684 36.7379 314.592 222.613 320.655 524.736 75.0393 136.933 26.3819 27.9043 170.31 449.697 110.551 66.9457 91.9788 142.661 84.9368 172.193
internal_count=15763 8902 6861 4532 4071 2790 4370 3551 2858 2165 877 1674 415 147 1259 891 1288 2108 302 553 106 112 682 1806 447 268 368 574 340 693
is_linear=0
shrinkage=0.01


Tree=21
num_leaves=31
num_cat=0
split_feature=2 14 2 2 2 18 13 13 10 9 7 9 11 6 23 28 7 29 29 19 20 29 24 3 21 25 19 29 9 11
split_gain=2588.35 369.097 184.166 66.4612 26.6532 23.064 22.432 19.2996 12.4356 15.2555 12.0313 10.2324 10.1473 11.7408 11.2182 9.44343 7.82023 7.72907 7.61624 7.58028 7.02259 6.78207 6.71311 6.59396 6.92239 6.56372 7.68255 6.06895 8.85259 6.00325
threshold=0.025465501473428801 -0.75004391260691328 0.83617682297047102 -0.3513946844737631 0.48495322171678473 -0.92863435351327428 1.4149894165228527 -1.2401268835255583 -0.82737640062430551 0.45388732896799172 1.1009230929903093 0.88564050084285784 0.79216755211415157 -0.13206765993984285 -1.015127606220837 -0.21745365808756542 -0.46425070526697798 -1.6242357669561658 -0.15992081958998877 -0.34898667992529769 -0.03038726170875965 0.93232376647177206 0.22554983741655268 -0.12247142512670083 0.20399236160784037 0.59495047920632615 -0.25691454201318187 -1.2776766229050887 1.0278431420327223 -0.74987763877940561
decision_type=2 2 2 2 2 2 2 2 2 2 2 2 2 2 2 2 2 2 2 2 2 2 2 2 2 2 2 2 2 2
left_child=1 7 4 11 12 15 -4 -1 22 -10 25 17 13 -2 -15 -5 -17 -3 -19 20 -6 -13 -7 -14 -25 26 -9 -12 -29 -22
right_child=2 3 6 5 19 8 -8 10 9 -11 27 21 23 14 -16 16 -18 18 -20 -21 29 -23 -24 24 -26 -27 -28 28 -30 -31
leaf_value=0.013481555243506509 0.0041477481187153151 0.011970905730275164 -0.011307741093139572 0.0087170021094127512 -0.0072539303441682343 -0.0059430856426382584 -0.014623264981610496 0.012823379599392837 0.00201009317473432 -0.0021716374786312155 0.00021649036878944536 0.0023181274697919758 0.0030588441630999253 0.00051757633965254877 -0.0048603385462887057 0.0052256106064995176 -0.0018025328124441731 0.0041213260172135151 0.006494260039246802 -0.0092953477929143911 -0.0056096967234023501 -0.008710668911301794 -0.00040986774740228498 -0.010017673325113958 -0.0046849020780879921 0.0092979279536047291 0.010278569909362578 0.009581890323922513 0.00092202748179431653 0.0051258000710704844
leaf_weight=275.97664453089237 17.990037351846695 19.164418324828148 442.14092986285686 39.636673748493195 102.50376932322979 52.708887904882431 392.27798412740231 231.01803466677666 239.55988125503063 136.93851563334465 12.146745532751082 25.958018943667412 5.7426274120807639 44.691924318671227 277.15209007263184 40.894959017634392 25.457470208406448 243.03207722306252 317.61664628982544 229.81743362545967 11.67636749148369 6.9929444044828406 38.219275578856468 59.414142981171608 43.310523867607117 209.26632198691368 268.3565366268158 61.739961236715317 14.941020652651785 9.194696977734564
leaf_count=1130 72 77 1798 159 413 211 1612 941 959 548 49 104 23 179 1112 164 102 976 1277 929 47 28 153 239 174 850 1090 250 60 37
internal_value=0 0.00693556 -0.00957968 0.00308926 -0.00615259 0.000640135 -0.0128692 0.0111842 -0.000313165 0.000486302 0.0103863 0.005379 -0.00452724 -0.00366931 -0.00411052 0.00485008 0.00251542 0.00568701 0.00546833 -0.00821094 -0.00617696 -1.14514e-05 -0.00363133 -0.0072001 -0.00778575 0.0108245 0.0114602 0.00687146 0.00791097 -0.000830625
internal_weight=3895.54 2259.63 1635.91 1186.18 801.494 573.416 834.419 1073.45 467.427 376.498 797.469 612.764 448.301 339.834 321.844 105.989 66.3524 579.813 560.649 353.192 123.375 32.951 90.9282 108.467 102.725 708.641 499.375 88.8277 76.681 20.8711
internal_count=15763 9128 6635 4758 3225 2296 3410 4370 1871 1507 3240 2462 1799 1363 1291 425 266 2330 2253 1426 497 132 364 436 413 2881 2031 359 310 84
is_linear=0
shrinkage=0.01


Tree=22
num_leaves=31
num_cat=0
split_feature=2 14 0 0 0 0 0 7 0 3 23 29 27 1 15 7 14 11 6 10 23 2 11 21 5 24 6 7 22 19
split_gain=2539.62 362.927 190.018 62.1432 28.5168 25.3752 24.5969 13.757 12.7272 12.5879 11.7376 10.8867 10.6029 15.6764 8.41754 13.7095 8.39934 9.14118 10.2481 8.11498 7.95354 7.83664 7.6402 7.68842 7.53297 7.38741 7.18075 6.50445 6.32726 6.21946
threshold=0.025465501473428801 -0.70657401635917227 0.81635007292352191 -0.28322645968490062 -0.83221870665800235 1.5056581414354833 0.50425984259590273 0.79904954882914847 -1.3814940997512484 -0.44204379099834962 -0.89466438886836686 1.2492261679986849 -0.35355181743828357 0.77847929994872722 -0.89206047173973202 0.018888684587365537 -0.14085447232045956 0.7217659893182321 -0.13206765993984285 -0.81283856232308704 -1.3486131569830691 0.063760079778066539 0.64116595701697843 -0.80935694480256737 -0.011776971277908988 -1.7043967617358076 -1.0351520590650052 -0.23804661143802447 -1.2579752873942243 -0.44235890648510706
decision_type=2 2 2 2 2 2 2 2 2 2 2 2 2 2 2 2 2 2 2 2 2 2 2 2 2 2 2 2 2 2
left_child=1 4 6 7 8 -4 16 12 -1 11 -9 19 13 -3 15 -11 -2 18 -18 -5 22 -19 23 -8 -10 -16 -6 -13 -14 -22
right_child=2 3 5 9 26 -7 20 10 24 14 -12 27 28 -15 25 -17 17 21 -20 -21 29 -23 -24 -25 -26 -27 -28 -29 -30 -31
leaf_value=0.014852369006849419 0.0076735093234265063 0.0049615820505254865 -0.011330385055423544 -0.003164591090808353 -0.002931558681982584 -0.014873508574496781 -0.0099628044320850383 0.0077460721610730721 0.01205957047378709 -0.0021893796403594195 -0.00083441982536646797 0.014458183805329181 0.0021933902980935775 -0.0020006453766650799 0.0052295719027325464 0.0059369490120630124 0.00383006134579394 -0.015535119602979038 -0.0041953674524678247 0.0029133426235177806 -0.0065968224074458024 -0.0062573873662152557 0.0068677544951370522 -0.00066387932013882629 0.010106124082983914 -0.0023320713633151989 0.0078121976841901445 0.0009745869370509344 0.007049682245341477 -0.0098800433018933227
leaf_weight=107.11946065723896 5.4912832379341117 184.49902640283108 517.65135110914707 28.234665259718895 6.2271803468465796 340.51960150897503 19.325845062732697 20.678299620747566 436.73513978719711 42.48322419822216 67.849962443113327 11.223786324262621 30.347318068146706 38.92571896314621 13.495298579335211 40.22531133890152 16.492279380559921 10.199131548404692 337.68839409947395 96.158330485224724 91.639328464865685 98.980539917945862 5.4580669254064551 16.874963223934174 391.51432925462723 237.39528708159924 207.18600328266621 5.4932928830385199 291.93623140454292 173.57622763514519
leaf_count=441 22 741 2108 113 25 1405 78 83 1783 170 272 45 122 156 54 161 66 41 1355 385 370 398 22 68 1594 950 837 22 1174 702
internal_value=0 0.00687209 -0.00949571 0.00278977 0.0108114 -0.012739 -0.00590522 0.00483753 0.0115666 5.13017e-05 0.00116499 0.00255604 0.00543116 0.00374378 -0.00100564 0.00175318 -0.00445819 -0.00460575 -0.00381787 0.00152431 -0.00811061 -0.00714665 -0.00399038 -0.00566944 0.0111387 -0.00191943 0.0074928 0.010119 0.00659632 -0.00875228
internal_weight=3891.62 2257.73 1633.9 1108.95 1148.78 858.171 775.726 634.237 935.369 474.709 88.5283 141.11 545.708 223.425 333.599 82.7085 468.852 463.36 354.181 124.393 306.874 109.18 41.6589 36.2008 828.249 250.891 213.413 16.7171 322.284 265.216
internal_count=15763 9128 6635 4448 4680 3513 3122 2548 3818 1900 355 565 2193 897 1335 331 1882 1860 1421 498 1240 439 168 146 3377 1004 862 67 1296 1072
is_linear=0
shrinkage=0.01


Tree=23
num_leaves=31
num_cat=0
split_feature=0 0 0 0 0 0 9 13 14 7 19 18 22 26 16 11 6 6 29 15 11 11 15 21 5 24 16 15 14 20
split_gain=2475.97 334.437 218.323 68.3545 34.6519 20.313 17.2917 14.8846 11.2548 13.9476 11.3607 10.4643 9.71833 11.9484 8.95361 8.4973 8.75497 8.2358 8.74328 8.4239 7.92163 11.8966 9.01397 7.42221 7.1071 6.98201 6.58229 6.55299 6.54787 8.07654
threshold=-0.025672611484731062 -0.77757723751661134 0.69880422254815 -0.28322645968490062 1.5056581414354833 0.12517364975339984 1.0278431420327223 -1.2401268835255583 -0.46919547157914315 0.64106933451067227 -1.1742020259331556 0.62617241281011171 -0.38874651527012166 0.97740055177042517 -0.33235682965025121 0.19518658091928359 0.19055757652046609 0.29030046084302713 -0.90751888959879301 -0.92386926064594743 0.17735893278695705 0.92861247309848627 2.2186312341203052 0.0090510426680795539 0.5315270453988824 -0.26882211347678547 -2.2756001308307927 -0.50373661515333001 -0.76187019327678085 -0.27973558800224391
decision_type=2 2 2 2 2 2 2 2 2 2 2 2 2 2 2 2 2 2 2 2 2 2 2 2 2 2 2 2 2 2
left_child=1 6 5 8 -4 23 7 -1 20 10 -10 15 13 -13 26 16 -5 18 -16 -19 22 -22 -3 -2 -14 -11 -7 -17 -9 -30
right_child=2 3 4 11 -6 14 -8 28 9 25 -12 12 24 -15 17 27 -18 19 -20 -21 21 -23 -24 -25 -26 -27 -28 -29 29 -31
leaf_value=0.013277379118557033 0.00022183082071655525 0.0077074082033689578 -0.010789369651441803 0.0024675771641913323 -0.014764118804882322 -0.014259811853946492 -0.0049441257190206787 0.010724290688472081 0.0087797626296732528 0.0028525749216311192 0.0034170340659834533 -0.0022410905540912545 -0.0093619435682477346 0.010153551774561786 -0.0093308620022561697 -0.0043280474900316357 -0.007802543887289245 -0.0028925619446179612 -0.0030922832513126416 -0.008708867464716219 0.0031509765881376816 0.0083524228329220403 -0.0035187257907317634 -0.0039421435193162839 -0.0024860676620370365 -0.006038397670656212 -0.0037619639931935592 0.00099814912303258807 0.00892965622249213 -0.0024661511319575657
leaf_weight=274.84314119815826 84.915754467248917 236.67527478933334 639.00899009406567 214.07311260700226 339.6173857152462 6.1632509082555762 6.4838980436325064 712.14190353453159 48.875266015529633 15.227980643510817 214.58960783481598 25.743640571832657 23.459931090474129 10.989518046379088 30.321307495236397 43.982869580388069 8.4970814883708936 29.326868802309036 90.287221521139145 194.28070175647736 149.34928756952286 63.067898780107498 7.1967432349920264 85.334674879908562 43.470523446798325 20.465594083070755 189.03585888445377 47.987781539559364 23.995947107672691 8.1655994504690153
leaf_count=1130 340 953 2604 857 1405 25 26 2904 197 61 861 103 94 44 122 176 34 118 363 783 601 254 29 342 174 82 759 192 97 33
internal_value=0 0.00699212 -0.00910825 0.00334509 -0.0121711 -0.00488201 0.0111638 0.0112677 0.00514051 0.00362273 0.00441862 9.8994e-05 -0.00265224 0.00145738 -0.00583329 0.00100945 0.00206767 -0.00680861 -0.00467539 -0.00795214 0.00613241 0.00470323 0.00737072 -0.0018605 -0.00492143 -0.00221992 -0.00410568 -0.00154006 0.0105226 0.00600667
internal_weight=3887.57 2199.28 1688.29 1173.65 978.626 709.666 1025.63 1019.15 755.448 299.158 263.465 418.204 103.664 36.7332 539.415 314.541 222.57 344.216 120.609 223.608 456.289 212.417 243.872 170.25 66.9305 35.6936 195.199 91.9707 744.303 32.1615
internal_count=15763 8902 6861 4712 4009 2852 4190 4164 3038 1201 1058 1674 415 147 2170 1259 891 1386 485 901 1837 855 982 682 268 143 784 368 3034 130
is_linear=0
shrinkage=0.01


Tree=24
num_leaves=31
num_cat=0
split_feature=2 0 0 0 0 0 13 9 3 2 29 5 29 23 17 18 15 7 25 4 11 23 11 21 3 0 7 9 0 29
split_gain=2445.54 350.681 184.714 72.1296 24.8368 23.7486 17.1087 15.3027 12.1846 12.053 13.803 17.354 10.6733 10.3004 9.04588 11.1118 8.26542 13.3602 8.17586 8.40473 8.07429 7.80887 7.49769 7.55101 7.20448 6.50385 6.38463 5.30483 5.61556 5.61811
threshold=0.025465501473428801 -0.76884265958210041 0.81635007292352191 -0.28322645968490062 1.5056581414354833 0.50425984259590273 -1.2401268835255583 1.0278431420327223 -0.44204379099834962 -0.51328987789633274 -0.062944515180949276 -0.65462856445019846 1.2492261679986849 0.54519375768763922 0.70113641032494767 1.3174563430469466 -0.89206047173973202 0.018888684587365537 1.8460226177719032 -0.028195935911883442 0.7217659893182321 -1.3486131569830691 0.64116595701697843 -0.80935694480256737 -0.51323729258535977 -0.60380406030993983 -0.23804661143802447 -0.10392639579365452 -1.3968373785588175 0.33936227165343685
decision_type=2 2 2 2 2 2 2 2 2 2 2 2 2 2 2 2 2 2 2 2 2 2 2 2 2 2 2 2 2 2
left_child=1 6 5 9 -4 18 27 -8 12 14 11 -11 24 -12 25 -16 17 -10 19 -2 -21 22 23 -7 -5 -3 -14 -1 -29 -30
right_child=2 3 4 8 -6 21 7 -9 16 10 13 -13 26 -15 15 -17 -18 -19 -20 20 -22 -23 -24 -25 -26 -27 -28 28 29 -31
leaf_value=0.014608886803095179 0.0061449953505722608 0.006069484099342254 -0.011143644542818132 0.00079040343033030195 -0.014656804321920285 -0.0098023919477950427 0.010365683393088788 -0.0048948138022381895 -0.0021451879830527939 0.0059695935289505479 0.0074578106714054083 -0.00066299007172060224 0.01430983144838195 0.0023039461328710768 0.0012809049069805627 0.008661672802494429 -0.0018928125135111507 0.0058772693015435792 0.0028463852501029036 -0.004029716485222057 -0.0072238868291086564 -0.0085983977566300059 0.0068786179022558933 -0.00058209654630246468 0.0098320494652536367 0.0092715311678628915 0.00094760489159275742 0.015768554441122875 0.008809626676577198 0.013654460525789103
leaf_weight=137.41754621267319 6.9888516664504996 201.16810257732868 516.06791388988495 114.88759423792362 338.68833823502064 19.291673570871353 758.5548355281353 6.4847296625375739 42.478953883051872 60.649818077683449 112.92483158409595 111.8433633595705 11.214467644691469 60.211039483547211 66.869788900017738 29.550039723515511 250.86736890673637 40.218155324459076 14.961007684469221 341.77673850953579 104.85086885094643 264.73257015645504 5.457258239388465 16.862133026123047 9.490131273865698 96.590280011296272 5.4927451461553565 28.515643417835236 68.144309386610985 40.154990777373314
leaf_count=567 28 811 2108 460 1405 78 3096 26 170 244 454 448 45 242 269 119 1004 161 60 1372 422 1072 22 68 38 389 22 118 280 165
internal_value=0 0.00674796 -0.00933183 0.00309738 -0.0125384 -0.00579243 0.0110122 0.0102344 5.25997e-05 0.00504924 0.00367717 0.00166539 0.00251716 0.0056736 0.00624854 0.0035599 -0.000987259 0.00174669 -0.00437057 -0.00461138 -0.00478327 -0.00796188 -0.00387744 -0.0055431 0.00149567 0.00711432 0.0100081 0.0131741 0.011716 0.0106261
internal_weight=3883.41 2253.73 1629.68 1214.46 854.756 774.921 1039.27 765.04 474.649 739.807 345.629 172.493 141.085 173.136 394.178 96.4198 333.564 82.6971 468.577 453.616 446.628 306.344 41.6111 36.1538 124.378 297.758 16.7072 274.232 136.815 108.299
internal_count=15763 9128 6635 4876 3513 3122 4252 3122 1900 2976 1388 692 565 696 1588 388 1335 331 1882 1822 1794 1240 168 146 498 1200 67 1130 563 445
is_linear=0
shrinkage=0.01


Tree=25
num_leaves=31
num_cat=0
split_feature=0 14 0 0 0 0 0 7 0 13 14 3 15 7 24 28 6 27 13 9 6 28 6 7 14 22 22 16 24 27
split_gain=2384.43 366.47 169.555 66.1371 27.3266 24.6099 20.8349 13.3548 12.3781 12.1403 14.2913 9.7279 10.6817 11.7432 10.259 8.5444 8.34831 8.86621 7.73788 7.94892 7.70311 11.9601 6.86724 6.23519 6.50641 6.14186 8.18245 5.6074 5.4231 5.343
threshold=0.053640375622855771 -0.70657401635917227 0.81635007292352191 -0.28322645968490062 -0.83221870665800235 1.5056581414354833 0.50425984259590273 0.79904954882914847 -1.3814940997512484 -0.7437741998042614 -0.46919547157914315 -0.44204379099834962 -0.90030543510433791 0.018888684587365537 -1.7043967617358076 0.56293218803720746 -0.2542761649913618 0.7446411615595695 -0.5865845569544762 0.61896942627552398 0.17506730495915832 -1.1016305753487383 -1.0351520590650052 -0.48960170173084266 -1.0887260895859641 -1.7328143486478742 -0.93553091510417141 -0.33235682965025121 -0.2934975543861173 0.4363039440463175
decision_type=2 2 2 2 2 2 2 2 2 2 2 2 2 2 2 2 2 2 2 2 2 2 2 2 2 2 2 2 2 2
left_child=1 4 6 7 8 -4 16 9 -1 15 -11 20 13 -13 -14 -3 -2 27 19 -9 21 -5 -6 24 -10 -24 -27 -18 -20 -22
right_child=2 3 5 11 22 -7 -8 18 23 10 -12 12 14 -15 -16 -17 17 -19 28 -21 29 -23 25 -25 -26 26 -28 -29 -30 -31
leaf_value=0.01453693604427249 0.0082098138175807529 0.0021002597510534171 -0.011050360174411909 0.0093494110421031718 -0.0029042622060948065 -0.014551499345902538 -0.0078892900204073947 -0.0021983459452173432 0.013707112688312258 0.0074130709543292275 0.0040600755007239083 -0.0017760278650368569 0.0062228345192210542 0.0056302378747377681 -0.0026108648171247056 -0.010321192256015911 -0.0037154294074428652 -0.0021672346028923681 0.0024439971257260006 0.0077917947022055024 -0.000219832060512104 0.0013947173753338555 0 0.010180793353633954 0.010667600736172005 0.012532533788143285 0.0070428893931999571 -0.0065047969357200988 -0.0040794044523389649 -0.011435355289816833
leaf_weight=106.30180406570435 4.9899637103080741 22.603194355964664 515.22525617480278 22.196484506130219 6.2237475067377082 337.73344306647778 306.07496723532677 11.44068133831024 134.84015436470509 242.21844740211964 273.03898468613625 42.226977467536926 13.74436418712139 42.956742599606514 242.84099973738194 7.2047198563814154 117.35749186575413 110.78391800820827 21.461643904447556 24.875590905547142 12.485463649034502 128.09767289459705 9.8855990767478925 522.70806467533112 166.7153454720974 33.535917580127716 163.26839533448219 198.89363169670105 30.70177049934864 6.4928380697965613
leaf_count=441 20 91 2108 89 25 1405 1240 46 554 976 1097 169 55 172 972 29 471 445 86 100 50 513 40 2140 683 136 661 800 123 26
internal_value=0 0.00653776 -0.00940155 0.00253612 0.0105418 -0.0124394 -0.00588844 0.00469483 0.0112839 0.00528019 0.00563937 -0.000138491 -0.00111121 0.00194933 -0.00213154 -0.000893102 -0.00446709 -0.00461945 0.00107562 0.00461976 0.00181907 0.00258161 0.00729007 0.0108614 0.0120341 0.00760313 0.00798931 -0.00547435 -0.0013768 -0.00414912
internal_weight=3879.12 2288.07 1591.06 1144.59 1143.48 852.959 738.1 633.545 930.565 545.065 515.257 511.042 341.769 85.1837 256.585 29.8079 432.025 427.035 88.4797 36.3163 169.272 150.294 212.914 824.264 301.555 206.69 196.804 316.251 52.1634 18.9783
internal_count=15763 9274 6489 4594 4680 3513 2976 2548 3818 2193 2073 2046 1368 341 1027 120 1736 1716 355 146 678 602 862 3377 1237 837 797 1271 209 76
is_linear=0
shrinkage=0.01


Tree=26
num_leaves=31
num_cat=0
split_feature=2 14 0 0 0 0 13 3 5 1 2 10 21 25 11 14 11 15 11 23 2 23 11 21 10 25 19 10 22 3
split_gain=2355.31 339.781 179.411 65.8652 24.3921 22.8953 18.3085 11.7138 11.2384 10.7342 13.5133 12.6319 11.4332 10.4253 9.35661 8.03933 8.77292 7.92564 10.9431 7.82048 7.77874 7.68184 7.35654 7.42185 7.03449 6.21787 6.14377 6.0798 14.0519 10.9995
threshold=0.025465501473428801 -0.75004391260691328 0.81635007292352191 -0.28322645968490062 1.5056581414354833 0.50425984259590273 -1.2401268835255583 -0.44204379099834962 0.61541473210536102 0.77847929994872722 -0.3513946844737631 0.88555549868331573 -0.10344840408702861 -0.64574594306994559 -0.021599910297998345 -0.14085447232045956 0.7217659893182321 -0.89206047173973202 0.89724674264157411 -1.0593043561421682 0.063760079778066539 -1.3486131569830691 0.64116595701697843 -0.80935694480256737 0.057233130510833084 0.59495047920632615 -0.44235890648510706 -0.81283856232308704 -0.59194606711749265 -0.51323729258535977
decision_type=2 2 2 2 2 2 2 2 2 2 2 2 2 2 2 2 2 2 2 2 2 2 2 2 2 2 2 2 2 2
left_child=1 6 5 9 -4 15 -1 27 25 11 13 24 -12 -11 -10 -2 19 18 -9 -17 -18 22 23 -7 -3 -8 -23 28 -5 -29
right_child=2 3 4 7 -6 21 8 17 14 10 12 -13 -14 -15 -16 16 20 -19 -20 -21 -22 26 -24 -25 -26 -27 -28 29 -30 -31
leaf_value=0.012977235516308167 0.0075777158147636295 0.0049936531086879803 -0.010958366070149632 -0.011887580861864838 -0.014448139499866026 -0.0096441848786199685 0.011390877016249802 0.0028103025594613589 -0.0032771297656514265 -0.00077456358677558974 0.0044739585615929736 -0.0010114302088834327 -0.013630955387778806 0.0053769324014294193 0.0083987689725693575 0.00016801618329572915 -0.015288512124421507 -0.0018520060938777248 -0.010375335050505396 -0.0042353072223445124 -0.0060388111258843748 -0.0063053076191850769 0.0068891165740870598 -0.00049828062667662827 0.0074277463893242211 0.0090193366998395398 -0.0095720482414530846 0.0026956972196968943 0.0027993819019187316 0.015038486277250169
leaf_weight=272.97966653108597 5.4926464706659308 357.00638836622238 514.36017802357674 8.9926581680774706 336.75366327166557 19.256209507584572 402.05290435254574 75.943684250116348 6.9100189208984366 39.865130871534348 5.4898754656314859 28.177545368671417 8.9859451353549922 87.046559870243073 219.17101690173149 45.903039991855621 10.176814794540403 250.85204127430916 6.7407022863626471 307.93453015387058 98.80521097779274 91.343569099903107 5.4567950367927542 16.849620580673218 183.52081260085106 163.7166073769331 172.89825369417667 101.60136404633522 22.726680666208267 7.736248403787612
leaf_count=1130 22 1438 2108 36 1405 78 1649 304 28 160 22 113 36 350 893 184 41 1004 27 1237 398 370 22 68 739 670 702 407 91 31
internal_value=0 0.00662689 -0.00917218 0.00294071 -0.0123418 -0.0056848 0.0107264 5.43061e-05 0.00994762 0.00486817 0.00238738 0.00548264 -0.00671257 0.00343768 0.00803619 -0.00428874 -0.00443334 -0.000965223 0.00171205 -0.00366136 -0.00692495 -0.00781736 -0.0037645 -0.00541682 0.00582315 0.0107081 -0.00844939 0.0024711 -0.00135732 0.0035911
internal_weight=3874.75 2249.52 1625.23 1184.69 851.114 774.117 1064.83 474.593 791.851 710.092 141.388 568.705 14.4758 126.912 226.081 468.312 462.82 333.536 82.6844 353.838 108.982 305.804 41.5626 36.1058 540.527 565.77 264.242 141.057 31.7193 109.338
internal_count=15763 9128 6635 4758 3513 3122 4370 1900 3240 2858 568 2290 58 510 921 1882 1860 1335 331 1421 439 1240 168 146 2177 2319 1072 565 127 438
is_linear=0
shrinkage=0.01


Tree=27
num_leaves=31
num_cat=0
split_feature=2 14 0 0 0 0 13 3 7 3 13 25 29 25 14 11 15 7 10 23 11 21 15 25 25 5 7 22 5 28
split_gain=2311.36 334.221 176.893 64.5938 24.1829 22.5012 18.0991 11.483 11.398 10.6901 14.6653 10.9038 10.4634 7.98451 8.20943 7.85083 7.76788 10.0968 7.70664 7.5461 7.21517 7.28655 6.58477 6.73371 6.45458 7.12812 6.28909 5.92163 5.61205 10.467
threshold=0.025465501473428801 -0.75004391260691328 0.81635007292352191 -0.28322645968490062 1.5056581414354833 0.50425984259590273 -1.2401268835255583 -0.44204379099834962 1.1009230929903093 -0.84278581836037514 -0.22891361771090035 0.62808961514793615 1.2492261679986849 1.8460226177719032 -0.14085447232045956 0.7217659893182321 -0.86663662935666719 0.018888684587365537 -0.81283856232308704 -1.3486131569830691 0.64116595701697843 -0.80935694480256737 0.77629479810770452 -1.3766791588205247 0.62808961514793615 -0.049649439850153083 -0.23804661143802447 -0.55790720283021955 -0.79631648318365422 0.9847683386421513
decision_type=2 2 2 2 2 2 2 2 2 2 2 2 2 2 2 2 2 2 2 2 2 2 2 2 2 2 2 2 2 2
left_child=1 6 5 9 -4 13 -1 12 24 28 11 -11 18 14 -2 -16 17 -9 -5 20 21 -7 23 -10 25 -8 -14 -24 -3 -30
right_child=2 3 4 7 -6 19 8 16 22 10 -12 -13 26 -15 15 -17 -18 -19 -20 -21 -22 -23 27 -25 -26 -27 -28 -29 29 -31
leaf_value=0.01287875399643431 0.0075016767945308869 0.0079214742417954669 -0.010867627833675652 -0.0031338110249344371 -0.014346664766973691 -0.0095584426790932472 0.012012600509222385 -0.0017304684772490842 -0.0019477030092793935 0.0035003214865246134 -0.0060192779165437115 0.0067512918519060305 0.014139662478594573 0.0028853855898002129 -0.0038927306054823778 -0.0070349471307666316 -0.0018511410409020553 0.005137692872534818 0.0027898881215802813 -0.0083734956551028868 0.0068176375981860203 -0.0004933491654351194 -0.002654103751504865 0.010170761189916635 0.0087313789498361903 0.009565481498055339 0.00087514130204566763 0.0058120006768654529 0.00092231810331150344 0.015953429874516457
leaf_weight=272.32049413025379 5.4938455522060385 136.82349626719952 513.47351911664009 28.230510070919991 335.74994097650051 19.235653907060623 274.90707631409168 43.22603066265583 4.9387152194976798 381.31464186310768 13.726655170321463 143.23348592221737 11.201417773962023 14.957723975181578 342.28184978663921 105.43633933365345 248.34551697969437 41.953758880496025 96.116928339004517 263.97486431896687 5.4598988294601432 16.848866328597069 11.380331277847288 43.610753625631332 199.49337340891361 227.92322397232056 5.4911526888608924 28.397458523511887 29.262560307979584 5.4492102414369574
leaf_count=1130 22 553 2108 113 1405 78 1131 173 20 1533 55 577 45 60 1375 425 994 168 385 1072 22 68 46 178 817 933 22 115 118 22
internal_value=0 0.00656704 -0.00909358 0.00291209 -0.0122458 -0.00563117 0.0106378 5.37654e-05 0.00986321 0.00482143 0.00412266 0.00439106 0.00244681 -0.00424719 -0.00448539 -0.00463635 -0.000955631 0.00164265 0.00143556 -0.00774658 -0.00372859 -0.0053664 0.00643371 0.00891598 0.0102921 0.0109075 0.00986694 0.00336421 0.00700466 0.00334975
internal_weight=3870.26 2247.35 1622.91 1184.38 849.223 773.689 1062.97 474.565 790.651 709.81 538.275 524.548 141.04 468.17 453.212 447.718 333.525 85.1798 124.347 305.519 41.5444 36.0845 88.3273 48.5495 702.324 502.83 16.6926 39.7778 171.535 34.7118
internal_count=15763 9128 6635 4758 3513 3122 4370 1900 3240 2858 2165 2110 565 1882 1822 1800 1335 341 498 1240 168 146 359 198 2881 2064 67 161 693 140
is_linear=0
shrinkage=0.01


Tree=28
num_leaves=31
num_cat=0
split_feature=2 14 0 0 0 0 13 3 5 2 29 1 29 23 11 29 2 25 14 11 15 11 10 23 24 11 15 25 28 10
split_gain=2268.3 328.781 174.44 63.3487 23.9819 22.1152 17.8941 11.2569 10.9485 10.6696 13.5772 17.0339 10.268 10.1091 9.16934 8.39819 9.75539 7.83008 8.05042 7.70663 7.61861 10.685 7.55439 7.41261 7.09509 7.07668 6.3434 6.03915 7.02654 5.98461
threshold=0.025465501473428801 -0.75004391260691328 0.81635007292352191 -0.28322645968490062 1.5056581414354833 0.50425984259590273 -1.2401268835255583 -0.44204379099834962 0.61541473210536102 -0.51328987789633274 -0.062944515180949276 -0.54843234081570624 1.2492261679986849 0.52364932145855325 -0.021599910297998345 -1.6242357669561658 -0.5996253495106495 1.8460226177719032 -0.14085447232045956 0.7217659893182321 -0.89206047173973202 0.89724674264157411 -0.81283856232308704 -1.3486131569830691 -1.7043967617358076 0.64116595701697843 -1.026463365824017 0.59495047920632615 -1.2418427558176131 0.0077772776863652979
decision_type=2 2 2 2 2 2 2 2 2 2 2 2 2 2 2 2 2 2 2 2 2 2 2 2 2 2 2 2 2 2
left_child=1 6 5 9 -4 17 -1 12 27 15 11 -11 22 -12 -10 -3 -17 18 -2 -20 21 -9 -5 25 -22 26 -7 28 -8 -14
right_child=2 3 4 7 -6 23 8 20 14 10 13 -13 29 -15 -16 16 -18 -19 19 -21 24 -23 -24 -25 -26 -27 -28 -29 -30 -31
leaf_value=0.012781814460703018 0.0074266235899517613 0.014460022054845532 -0.010778111667622393 -0.0031025086013518983 -0.014247013839831953 0.0015342567250328234 0.0062112655951253775 0.0027642028672914924 -0.0033096332595868973 0.0060282986890051616 0.0072692404185283402 -0.0006731858925163349 0.014534210042743405 0.0021548992858612952 0.0082511831999901881 0.0045161057694845042 0.0080764108969963617 0.0028563334049571034 -0.0038547518469667736 -0.006968951555877784 0.0051906420000243352 -0.010266848047928916 0.0027622869989201637 -0.0082983614457999115 -0.0022201816065015034 0.0067470927734255559 -0.0078466868316308773 0.0088655321210132313 0.011570202332854097 0.0020367064590464828
leaf_weight=271.64610257744789 5.4948778301477423 11.381586253643034 512.56609664857388 28.231189951300621 334.72319737076759 9.6304906457662565 27.482923343777657 75.934943407773972 6.9065285027027121 56.095043003559113 111.99229438602924 116.00228664278984 10.196196749806406 60.140922650694847 218.66257341206074 237.67811000347137 116.22947373986244 14.959769248962401 342.19902400672436 105.37173745036125 13.494947031140326 6.7385288923978797 96.10761284828186 263.70353510975838 237.34239335358143 5.4628457576036444 26.432061299681664 163.26667521893978 373.0963144749403 6.4856492280960074
leaf_count=1130 22 46 2108 113 1405 39 113 304 28 226 451 465 41 242 893 959 469 60 1375 425 54 27 385 1072 950 22 107 670 1536 26
internal_value=0 0.00650798 -0.00901593 0.00288384 -0.0121512 -0.00557804 0.0105506 5.32677e-05 0.00978002 0.00477526 0.00350315 0.00150758 0.00242286 0.00549046 0.00789147 0.00597002 0.00569015 -0.00420601 -0.00444198 -0.00459156 -0.000946111 0.00167887 0.00142122 -0.00767652 -0.00181559 -0.0036931 -0.00531654 0.0105322 0.0112067 0.00977605
internal_weight=3865.66 2245.11 1620.54 1184.05 847.289 773.254 1061.06 474.531 789.415 709.52 344.231 172.097 141.021 172.133 225.569 365.289 353.908 468.025 453.066 447.571 333.511 82.6735 124.339 305.229 250.837 41.5254 36.0626 563.846 400.579 16.6818
internal_count=15763 9128 6635 4758 3513 3122 4370 1900 3240 2858 1384 691 565 693 921 1474 1428 1882 1822 1800 1335 331 498 1240 1004 168 146 2319 1649 67
is_linear=0
shrinkage=0.01


Tree=29
num_leaves=31
num_cat=0
split_feature=2 14 2 2 2 2 13 18 10 5 2 19 2 2 27 5 28 11 6 23 7 7 21 19 23 21 22 18 25 23
split_gain=2226.12 323.462 164.675 48.4532 23.258 22.8418 21.0094 20.797 11.6735 17.0476 11.4976 10.9517 11.3018 13.2264 9.2734 9.23334 9.21305 8.86591 9.78741 10.3642 8.04481 7.63228 7.50018 7.38948 9.26779 7.38094 7.00842 6.48138 6.41073 6.35029
threshold=0.025465501473428801 -0.70657401635917227 0.83617682297047102 -0.3513946844737631 0.45905222486395497 -0.88200320647078378 1.4149894165228527 -0.92863435351327428 -0.82737640062430551 -0.77047304764392888 -1.3981333279770796 -1.0662034058305068 -0.51328987789633274 -0.61801113555137166 -0.37955328684136352 0.010867119013544204 -0.21745365808756542 0.7217659893182321 -0.13206765993984285 -1.015127606220837 1.4163865699608964 -0.46425070526697798 0.32867182702189385 -0.44235890648510706 -1.0593043561421682 0.64695458410052986 -0.93553091510417141 -0.38872535184389173 -0.64574594306994559 1.0185674756330709
decision_type=2 2 2 2 2 2 2 2 2 2 2 2 2 2 2 2 2 2 2 2 2 2 2 2 2 2 2 2 2 2
left_child=1 5 4 11 17 10 -4 16 -9 -10 -1 -3 13 -13 -14 -12 -5 18 -2 -20 26 -18 -22 -6 27 29 -7 -25 -28 -19
right_child=2 3 6 7 23 20 -8 8 9 -11 15 12 14 -15 -16 -17 21 25 19 -21 22 -23 -24 24 -26 -27 28 -29 -30 -31
leaf_value=0.014434535474731433 0.004111462787714867 0.0081850978063669512 -0.010568904994012125 0.0084037139790121042 -0.0053968344979733254 0.011667946736699006 -0.013805274203571732 -0.0035424000594038848 0.0078488361157254462 -0.00016128689952488059 0.011664877987870321 0.0032931574799807024 -0.00018048366505363204 0.0079637706899378484 0.0041248491801610691 0.009430500409229596 0.0049554700117776084 -0.0068942529069311023 0.001354355545011944 -0.0043319723953256662 0 -0.0019936866699057447 0.010954361582315478 0.0031011783948599854 -0.0094684413021077201 -0.0018525375712001363 0.010247061938825948 -0.0062686029195439842 0.0062239468979961212 -0.015624455375184778
leaf_weight=90.124646842479706 17.236529529094696 80.283495843410492 436.32417148351669 39.545166373252869 119.58471111953259 50.596502482891083 383.96274735033512 90.877791315317154 28.653237670660019 347.39796149730682 402.53871366381645 123.27929270267487 81.569426000118256 121.69215898215771 127.50595401227474 364.89352262020111 40.813817903399467 76.092774748802185 36.424779936671257 249.99439090490341 23.580606818199158 25.431845530867577 8.4228720813989622 8.4004029631614667 201.93798729777336 27.058394193649292 58.008327260613441 51.486480191349983 137.61678142845631 9.6205810308456403
leaf_count=378 69 325 1798 159 484 207 1612 364 115 1391 1666 497 327 491 513 1502 164 307 146 1005 95 102 34 34 823 109 237 209 561 39
internal_value=0 0.00644959 -0.00893923 0.00260142 -0.00570102 0.010199 -0.0120865 0.000578479 -0.000326847 0.000448311 0.0110104 0.00476731 0.00415911 0.00561972 0.00244109 0.0106052 0.0045803 -0.00406009 -0.00316259 -0.00360511 0.00769127 0.00227362 0.00291457 -0.00748845 -0.00843753 -0.00646294 0.00830664 -0.00493464 0.00742665 -0.00790286
internal_weight=3860.96 2242.83 1618.12 1107.05 797.837 1135.78 820.287 572.72 466.929 376.051 857.557 534.33 454.047 244.971 209.075 767.432 105.791 416.427 303.656 286.419 278.225 66.2457 32.0035 381.41 261.825 112.772 246.222 59.8869 195.625 85.7134
internal_count=15763 9128 6635 4448 3225 4680 3410 2295 1870 1506 3546 2153 1828 988 840 3168 425 1675 1220 1151 1134 266 129 1550 1066 455 1005 243 798 346
is_linear=0
shrinkage=0.01


Tree=30
num_leaves=31
num_cat=0
split_feature=2 0 0 0 0 0 9 13 2 29 1 3 29 23 17 18 25 14 15 7 11 23 3 11 21 24 14 29 7 0
split_gain=2184.79 318.52 169.806 65.6646 23.6654 21.3796 16.2528 13.8244 11.3949 13.0384 16.3875 10.8246 10.0798 9.88193 9.54013 12.3053 7.68126 7.87768 7.46243 12.5112 7.43542 7.21357 6.98489 6.94485 7.15951 6.94351 6.45061 8.07322 6.06475 5.89125
threshold=0.025465501473428801 -0.77757723751661134 0.81635007292352191 -0.28322645968490062 1.5056581414354833 0.50425984259590273 1.0278431420327223 -1.2730793931718756 -0.51328987789633274 -0.062944515180949276 -0.54843234081570624 -0.44204379099834962 1.2492261679986849 0.52364932145855325 0.70113641032494767 1.3174563430469466 1.8460226177719032 -0.14085447232045956 -0.89206047173973202 0.018888684587365537 0.7217659893182321 -1.3486131569830691 -0.51323729258535977 0.64116595701697843 -0.80935694480256737 -1.7043967617358076 -0.76187019327678085 -1.1092883539528466 -0.23804661143802447 -0.60380406030993983
decision_type=2 2 2 2 2 2 2 2 2 2 2 2 2 2 2 2 2 2 2 2 2 2 2 2 2 2 2 2 2 2
left_child=1 6 5 8 -4 16 7 -1 14 10 -10 12 22 -11 29 -16 17 -2 19 -13 -19 23 -5 24 -7 -20 -9 -28 -14 -3
right_child=2 3 4 11 -6 21 -8 26 9 13 -12 18 28 -15 15 -17 -18 20 25 -21 -22 -23 -24 -25 -26 -27 27 -29 -30 -31
leaf_value=0.012848184615263065 0.0073823770395534342 0.0058586244765505323 -0.010601591429015093 0.00068680233992881429 -0.014056343431446534 -0.0093786997227052315 -0.0050776077616181761 0.010195160262237813 0.0059367750573439231 0.0071642690311271885 -0.00063586276362641704 -0.0020981569147779954 0.013865664949270785 0.0021260641464585588 0.00090569351752658751 0.008557910947564619 0.0028716746458848979 -0.003781560706997669 0.0051396055084158678 0.0056664327491136399 -0.0068424513877361169 -0.0081526835340576236 0.0095932462015549114 0.0067340580844232291 -0.00038691475142675884 -0.0021914855789031866 0.015536055697634443 0.002926350894841636 0.00083179054867939045 0.0088872843278887791
leaf_weight=225.60117694735527 5.4952882081270209 211.77702641487122 510.67684212327003 114.83341497182846 332.64170660078526 19.188311979174614 6.4772886484861365 748.88569387793541 56.045480251312256 111.88579346239567 116.2442479878664 42.472641468048096 11.176412686705591 60.853384509682655 69.906858161091805 30.189986228942871 14.958074033260344 342.01896394789219 13.494915738701819 40.19491870701313 105.23724603652954 263.14428140223026 9.4795444309711439 5.4632543772459021 16.832839712500572 237.32819955050945 6.3647678941488293 25.596168383955956 5.4900611937046042 96.214881002902985
leaf_count=944 22 857 2108 460 1405 78 26 3090 226 451 466 170 45 245 282 122 60 1375 54 161 425 1072 38 22 68 950 26 104 22 389
internal_value=0 0.00639185 -0.00886351 0.00296536 -0.011967 -0.00547241 0.0105428 0.0106448 0.00480092 0.00345445 0.00149861 4.93006e-05 0.00237342 0.00539743 0.00593576 0.00322988 -0.00412339 -0.00435728 -0.000930612 0.00166737 -0.00450538 -0.0075383 0.00138117 -0.00360682 -0.00521719 -0.00179118 0.0100054 0.00550929 0.00966242 0.00681058
internal_weight=3856.17 2240.51 1615.66 1227.59 843.319 772.338 1012.93 1006.45 753.118 345.029 172.29 474.47 140.979 172.739 408.089 100.097 467.71 452.751 333.491 82.6676 447.256 304.629 124.313 41.4844 36.0212 250.823 780.847 31.9609 16.6665 307.992
internal_count=15763 9128 6635 4938 3513 3122 4190 4164 3038 1388 692 1900 565 696 1650 404 1882 1822 1335 331 1800 1240 498 168 146 1004 3220 130 67 1246
is_linear=0
shrinkage=0.01


Tree=31
num_leaves=31
num_cat=0
split_feature=2 14 2 2 2 13 18 13 8 10 7 9 15 28 11 24 21 9 29 21 7 21 29 28 15 29 2 3 19 11
split_gain=2144.29 313.329 160.306 54.9061 22.5015 20.7088 20.0788 17.4296 12.1565 11.5133 10.9528 9.50755 10.3976 9.03619 8.57961 8.26667 8.52994 7.6832 7.67326 7.23897 7.07167 7.72504 6.97473 6.74396 6.40326 6.36734 6.08746 6.05625 5.98283 5.86237
threshold=0.025465501473428801 -0.75004391260691328 0.83617682297047102 -0.3513946844737631 0.45905222486395497 1.3356225278686242 -0.92863435351327428 -1.2401268835255583 -1.4982913218201239 -0.82737640062430551 1.1009230929903093 0.88564050084285784 0.58346250693283574 -0.21745365808756542 0.7217659893182321 1.1085957306251191 -1.3802887956093917 -0.84405972283474007 -1.6242357669561658 0.64695458410052986 1.2107041459632837 0.74476687297668465 -0.15992081958998877 1.1367745523562898 0.77629479810770452 -0.78932305101083655 0.66437679752007861 -1.8165215327266535 1.0554429305541901 0.65048195227819605
decision_type=2 2 2 2 2 2 2 2 2 2 2 2 2 2 2 2 2 2 2 2 2 2 2 2 2 2 2 2 2 2
left_child=1 7 4 11 14 -4 13 -1 -8 -10 -9 18 -13 27 20 16 25 -15 -3 -16 29 -22 -20 -17 -12 -6 -25 -5 -18 -2
right_child=2 3 5 6 15 -7 8 10 9 -11 24 12 -14 17 19 23 28 -19 22 -21 21 -23 -24 26 -26 -27 -28 -29 -30 -31
leaf_value=0.012507853269589024 -0.0037768279501242869 0.011456391979454429 -0.010158493733204132 -0.0012958938760628843 0.0051517431641639857 -0.013383285159792929 0.0091931503076497674 0.0099575405908435555 -0.0038916741178943418 0.00017487373074878698 0.0086219709401487606 -0.0055321459088462097 0.0057069949648297655 0.0075987782672990957 -0.0077732235246104862 -0.0013440503550049972 -0.0078604950397598902 4.6459661812755487e-05 0.0036764123440726874 -0.0017790324152021128 -0.0012439994708079865 0.011232999894133042 0.0059514613954894735 -0.0022826436938136675 0.003138360076315625 -0.0055282525703813298 -0.012675792568958375 0.009864138451788091 -0.011780321080038233 0.0065326936619007504
leaf_weight=269.59046624600887 271.87101677060127 19.068091914057732 375.05939580500126 5.4643564820289603 7.366921246051791 441.26268284022808 12.958950638771055 697.57336074113846 85.627457961440086 368.53653004765511 48.30375163257122 17.712319120764732 15.185321643948553 18.88072744011879 85.592638745903969 38.353337779641151 241.45272122323513 47.339354947209358 242.14485950767994 27.03995643556118 19.684760659933094 6.4850470572710028 316.03493337333202 10.342319726943972 39.663781940937042 21.376945585012436 13.190325006842611 34.04717130959034 48.58672171831131 5.4723516851663581
leaf_count=1130 1093 77 1550 22 30 1860 52 2881 343 1476 198 71 61 76 346 156 982 190 976 109 79 26 1277 42 161 87 54 137 199 22
internal_value=0 0.00633482 -0.00878871 0.00279968 -0.00559449 -0.0119043 0.00057413 0.0102968 -0.000314851 -0.000590314 0.0095352 0.00488713 -0.000312359 0.00450769 -0.00398039 -0.00735489 -0.00800773 0.00222307 0.00518518 -0.00634591 -0.00309745 0.00184081 0.00496715 -0.00396839 0.00616719 -0.00274798 -0.00817943 0.00829611 -0.00852442 -0.00356752
internal_weight=3851.27 2238.13 1613.14 1183 796.815 816.322 572.855 1055.13 467.123 454.164 785.541 610.146 32.8976 105.732 416.146 380.669 318.783 66.2201 577.248 112.633 303.513 26.1698 558.18 61.886 87.9675 28.7439 23.5326 39.5115 290.039 277.343
internal_count=15763 9128 6635 4758 3225 3410 2296 4370 1871 1819 3240 2462 132 425 1675 1550 1298 266 2330 455 1220 105 2253 252 359 117 96 159 1181 1115
is_linear=0
shrinkage=0.01


Tree=32
num_leaves=31
num_cat=0
split_feature=2 0 0 0 0 0 9 0 2 7 27 3 29 17 18 25 12 19 15 7 23 23 14 29 3 11 21 24 5 19
split_gain=2104.57 308.619 165.369 63.2803 23.3894 20.6893 15.8744 13.2724 11.0519 12.8379 11.1018 10.4475 9.8723 9.37127 12.0872 7.53805 7.74484 7.38791 7.30855 12.2341 7.1746 7.06793 6.9645 7.94854 6.88761 6.83804 7.07769 6.79348 6.25622 5.99842
threshold=0.025465501473428801 -0.77757723751661134 0.81635007292352191 -0.28322645968490062 1.5056581414354833 0.50425984259590273 1.0278431420327223 -1.3814940997512484 -0.51328987789633274 0.64106933451067227 -0.35355181743828357 -0.44204379099834962 1.2492261679986849 0.70113641032494767 1.3174563430469466 1.8460226177719032 -0.028195935911883442 1.3125619007097802 -0.89206047173973202 0.018888684587365537 0.75923574727458398 -1.3486131569830691 -0.76187019327678085 -1.1092883539528466 -0.51323729258535977 0.64116595701697843 -0.80935694480256737 -1.7043967617358076 -0.011776971277908988 -0.44235890648510706
decision_type=2 2 2 2 2 2 2 2 2 2 2 2 2 2 2 2 2 2 2 2 2 2 2 2 2 2 2 2 2 2
left_child=1 6 5 8 -4 15 7 -1 13 10 -10 12 24 -3 -15 16 -2 -11 19 -13 -18 25 28 -24 -5 26 -7 -20 -9 -23
right_child=2 3 4 11 -6 21 -8 22 9 17 -12 18 -14 14 -16 -17 20 -19 27 -21 -22 29 23 -25 -26 -27 -28 -29 -30 -31
leaf_value=0.013890642505020808 0.0060510761189349815 0.0066969217851342716 -0.010429016023228019 0.00065746555533972601 -0.013872701839971016 -0.0092528792502069857 -0.0050603133875347416 0.011090821881775147 0.0018790217513223828 -0.0028929999667281821 0.0059049223854217795 -0.0020697787154888413 0.0095464170329299641 0.00084290856743183802 0.0084312945424998287 0.0028875912167577863 -0.0037864878962899856 0.0052558688538336907 0.0050860726284795467 0.0056086867578534084 -0.0069514242820051765 -0.0058910352914282541 0.015363208048732214 0.0028337880129491949 0.0095031730313192338 0.0067503613376655291 -0.0003080266456359634 -0.0021652918633189582 0.0093490477609192244 -0.0091257925721983154
leaf_weight=104.24469327926636 6.9873241037130347 307.57815216481686 508.70481708645821 114.81736922264099 330.48913039267063 19.153195768594742 6.4776491969823828 446.1117322742939 116.94249328970909 44.383917599916458 168.79516689479351 42.470308437943459 16.648840233683586 69.863368988037109 30.146027430891991 14.956553176045416 354.05280390381813 14.692710757255552 13.494596838951109 40.186913937330246 91.391594484448433 90.847843244671822 6.3429223895072964 25.564286231994629 9.475576698780058 5.4624158143997184 16.819640606641769 237.31432627141476 420.204888433218 171.72686348855495
leaf_count=441 28 1246 2108 460 1405 78 26 1855 470 178 681 170 67 282 122 60 1425 59 54 161 369 370 26 104 38 22 68 950 1738 702
internal_value=0 0.00627826 -0.00871474 0.00290742 -0.0117879 -0.00536913 0.0103753 0.0104765 0.00471066 0.0033843 0.00426199 4.50179e-05 0.0023287 0.00582918 0.00314642 -0.00404209 -0.00427397 -0.000843972 -0.000917607 0.00165358 -0.0044395 -0.00740405 0.0100777 0.00539601 0.00134696 -0.00351053 -0.00511075 -0.00176928 0.0102483 -0.00801308
internal_weight=3846.35 2235.76 1610.59 1226.81 839.194 771.398 1008.95 1002.47 752.402 344.814 285.738 474.408 140.942 407.588 100.009 467.388 452.432 59.0766 333.466 82.6572 445.444 304.01 898.224 31.9072 124.293 41.4353 35.9728 250.809 866.317 262.575
internal_count=15763 9128 6635 4938 3513 3122 4190 4164 3038 1388 1151 1900 565 1650 404 1882 1822 237 1335 331 1794 1240 3723 130 498 168 146 1004 3593 1072
is_linear=0
shrinkage=0.01


Tree=33
num_leaves=31
num_cat=0
split_feature=2 0 0 0 0 0 13 2 7 27 18 24 17 18 24 18 7 25 14 19 11 11 28 14 20 6 0 28 19 20
split_gain=2065.66 303.739 163.179 62.0667 23.2211 20.342 14.9416 10.851 12.5894 10.8932 10.1663 10.289 9.19971 11.8628 7.80257 7.78883 7.58222 7.39244 7.61024 7.24255 7.18672 6.08505 7.86541 5.92992 7.98069 7.26344 5.82847 4.69987 4.50835 7.91119
threshold=0.025465501473428801 -0.77757723751661134 0.81635007292352191 -0.28322645968490062 1.5056581414354833 0.50425984259590273 -1.2401268835255583 -0.51328987789633274 0.64106933451067227 -0.35355181743828357 0.63732409795979994 0.019388742576929758 0.70113641032494767 1.3174563430469466 -1.3223434513887566 2.0541403363358097 1.9111491190345198 1.8460226177719032 -0.14085447232045956 1.3125619007097802 0.7217659893182321 -0.50265720250389789 -2.1603689602677423 -0.76187019327678085 -0.27973558800224391 -1.1420760822811282 -0.60380406030993983 -1.1381171464753577 -0.34898667992529769 -0.03038726170875965
decision_type=2 2 2 2 2 2 2 2 2 2 2 2 2 2 2 2 2 2 2 2 2 2 2 2 2 2 2 2 2 2
left_child=1 6 5 7 -4 17 -1 12 9 -9 21 14 26 -14 -12 -13 23 18 -2 -10 -20 27 -23 25 -25 -8 -3 -5 29 -7
right_child=2 3 4 10 -6 28 16 8 19 -11 11 15 13 -15 -16 -17 -18 -19 20 -21 -22 22 -24 24 -26 -27 -28 -29 -30 -31
leaf_value=0.012333075955461339 0.0073046199766976516 0.0056875190230001602 -0.010345184015848002 0.007592277785026056 -0.013781259734838272 -0.0068471821723203007 0.0080272832607881511 0.0018604563825505725 -0.0028637710055553186 0.0058490799246960646 0.0014711498328751455 0.0013360616360629555 0.00083455660351974077 0.0083547961463834915 -0.0071128337404855694 -0.011235548123775276 0.00024132001670862119 0.0028585158452895288 -0.0036668086516422858 0.0052052024949840762 -0.0066784379069746869 -0.0096197835022682598 0.00041060737756371554 0.0082708163048132305 -0.0031049120407118892 0.010445797265174256 0.0087022610494879027 0.001968389745314342 -0.0082967693107092524 0.00040975794924075849
leaf_weight=268.16663381457329 5.495767042040824 211.34481617808342 507.70464576780796 18.192648380994797 329.36150853335857 96.4233358502388 171.07715830206871 116.92942462861538 44.389544278383255 168.7040344029665 13.234619185328482 62.921485036611557 69.857932537794113 30.118882238864899 48.936025872826576 5.2412216961383811 8.8724271953105909 14.958603799343107 341.72765544056892 14.68836462497711 105.04916977882385 7.9885099232196799 232.25359955430031 23.777780592441562 8.1048212647438032 526.88950644433498 96.00255486369133 85.60168619453907 189.78926627337933 17.473833501338959
leaf_count=1130 22 857 2108 73 1405 393 709 470 178 681 53 252 282 122 196 21 36 60 1375 59 425 32 930 97 33 2185 389 343 776 71
internal_value=0 0.00622248 -0.00864174 0.0028794 -0.0116999 -0.00531883 0.0102927 0.00466592 0.00335153 0.00422098 4.46704e-05 -0.00233053 0.00577472 0.00311617 -0.00527003 0.000339703 0.00954911 -0.004003 -0.00423274 -0.000835302 -0.0043785 0.000947803 6.90532e-05 0.00966084 0.00534708 0.00985567 0.00663498 0.00297011 -0.00733798 -0.00572568
internal_weight=3841.28 2233.29 1607.98 1226.41 837.066 770.918 1006.89 752.036 344.711 285.633 474.37 130.333 407.324 99.9768 62.1706 68.1627 738.722 467.231 452.273 59.0779 446.777 344.036 240.242 729.849 31.8826 697.967 307.347 103.794 303.686 113.897
internal_count=15763 9128 6635 4938 3513 3122 4190 3038 1388 1151 1900 522 1650 404 249 273 3060 1882 1822 237 1800 1378 962 3024 130 2894 1246 416 1240 464
is_linear=0
shrinkage=0.01


Tree=34
num_leaves=31
num_cat=0
split_feature=2 0 0 0 0 0 9 13 2 19 29 9 17 17 11 9 28 15 16 28 16 17 16 3 6 14 20 15 0 6
split_gain=2027.51 298.956 161.041 60.8821 23.0589 19.9979 15.4928 13.3875 10.6545 12.5299 16.917 10.1365 9.03181 9.5033 7.62112 11.136 9.56589 7.30739 7.25376 10.6581 8.12097 8.93666 6.9333 6.79497 6.44861 6.10994 7.83527 5.98698 5.72517 5.13205
threshold=0.025465501473428801 -0.77757723751661134 0.81635007292352191 -0.28322645968490062 1.5056581414354833 0.50425984259590273 1.0278431420327223 -1.2730793931718756 -0.51328987789633274 -1.1742020259331556 -0.17397844719656597 0.45388732896799172 0.70113641032494767 0.94879474772668126 -0.50265720250389789 -0.26916941578414438 -1.1381171464753577 -1.0683729916592806 -0.33235682965025121 -1.6626545602677643 0.28252527358629625 0.35266650094952195 -2.2756001308307927 -0.84278581836037514 0.70253193653776203 -0.76187019327678085 -0.27973558800224391 1.8453724617282039 -0.60380406030993983 -1.1420760822811282
decision_type=2 2 2 2 2 2 2 2 2 2 2 2 2 2 2 2 2 2 2 2 2 2 2 2 2 2 2 2 2 2
left_child=1 6 5 8 -4 18 7 -1 12 23 -11 14 28 -14 16 -16 -5 -13 19 -2 24 -22 -21 -10 -20 29 -27 -19 -3 -9
right_child=2 3 4 11 -6 -7 -8 25 9 10 -12 17 13 -15 15 -17 -18 27 20 22 21 -23 -24 -25 -26 26 -28 -29 -30 -31
leaf_value=0.012492325691179203 -0.012824601812125592 0.0056344032294102517 -0.010262397155585327 0.010814038788703928 -0.013691337920244018 -0.0072723515685162478 -0.0050354464840782053 0.0085225338056553988 0.0089737937570797816 -0.00014452762691714678 0.0046974826550493379 0.0075955439356630641 -0.001438103186729112 0.0051759059122249117 -0.001860795574792701 0.0024112150683984978 0.0019995028492174674 -0.0032644839379688479 -0.006426192181166991 -0.012370027463620903 -0.00094523661385072125 -0.005511155068626622 -0.00139869701629741 -0.0019774406190520896 -0.016317221859413703 0.0081978788850247293 -0.0030730170218459707 0.0072685703415434786 0.0086239146068459761 0.010408083794027578
leaf_weight=223.13760848343372 9.181982070207594 211.20544640719891 506.6882258951664 14.694367304444311 328.21584112942219 303.3664642572403 6.478510081768035 214.43993328511715 48.53732742369175 132.36683936417103 157.4900659173727 6.9892088174819937 31.435340717434883 68.508151948451996 135.808264285326 110.61721256375313 77.100416257977486 123.64104893803596 103.08644624054432 5.9043556004762641 74.183128103613853 103.57136499881744 163.9744033664465 6.2117890864610663 7.165546476840972 23.750467374920849 8.108073487877844 5.4948749691247931 95.9073576182127 528.89474658668041
leaf_count=944 37 857 2108 59 1405 1240 26 892 197 531 635 28 127 277 544 443 309 495 416 24 299 418 659 25 29 97 33 22 389 2198
internal_value=0 0.00616722 -0.00856955 0.00285161 -0.0116131 -0.00526899 0.010211 0.0103115 0.00462169 0.00331909 0.00248358 4.42144e-05 0.00572089 0.00308624 0.000973678 5.29986e-05 0.00343163 -0.00225683 -0.00396435 -0.00237107 -0.0049503 -0.00361286 -0.00179296 0.0077117 -0.0070923 0.00968091 0.00529748 -0.00280328 0.00657375 0.0098667
internal_weight=3836.15 2230.82 1605.34 1226.01 834.904 770.434 1004.81 998.331 751.662 344.606 289.857 474.345 407.056 99.9435 338.22 246.425 91.7948 136.125 467.067 179.061 288.006 177.754 169.879 54.7491 110.252 775.193 31.8585 129.136 307.113 743.335
internal_count=15763 9128 6635 4938 3513 3122 4190 4164 3038 1388 1166 1900 1650 404 1355 987 368 545 1882 720 1162 717 683 222 445 3220 130 517 1246 3090
is_linear=0
shrinkage=0.01


Tree=35
num_leaves=31
num_cat=0
split_feature=0 0 0 0 0 0 13 9 1 0 25 3 15 7 24 27 9 10 23 6 28 11 21 7 1 19 15 10 0 29
split_gain=1978.74 310.516 147.989 65.5591 22.9026 17.4792 15.4331 13.7062 9.28837 12.6262 8.44712 8.36327 9.52915 10.6988 9.48632 7.90894 7.75232 7.56429 6.96926 6.88216 11.4712 6.72679 6.96325 6.35571 9.79722 5.85133 5.72522 5.45654 6.47611 6.20992
threshold=0.053640375622855771 -0.76884265958210041 0.81635007292352191 -0.28322645968490062 1.5056581414354833 0.50425984259590273 -1.2401268835255583 1.0278431420327223 0.80518994256183996 -0.3012631624324642 -1.1500209059430899 -0.44204379099834962 -0.90030543510433791 0.018888684587365537 -1.7043967617358076 0.7446411615595695 0.80158984976222547 0.057233130510833084 -1.3486131569830691 0.17506730495915832 -1.1016305753487383 0.64116595701697843 -0.80935694480256737 -0.5463229264108308 -1.5972243766052157 -0.44235890648510706 0.67292659869826121 -0.16177704083546354 -1.3968373785588175 0.33936227165343685
decision_type=2 2 2 2 2 2 2 2 2 2 2 2 2 2 2 2 2 2 2 2 2 2 2 2 2 2 2 2 2 2
left_child=1 6 5 8 -4 15 27 -8 16 10 -10 19 13 -13 -14 23 17 -3 21 20 -5 22 -7 -2 -25 -20 -18 -1 -29 -30
right_child=2 3 4 11 -6 18 7 -9 9 -11 -12 12 14 -15 -16 -17 26 -19 25 -21 -22 -23 -24 24 -26 -27 -28 28 29 -31
leaf_value=0.013627449395451106 -0.0072441984914954332 0.0045842139121276366 -0.010180628672323526 0.0090525526861570411 -0.01360289446709528 -0.0090453892662040476 0.0094589499047547949 -0.0049851052632959511 -0.0027568714756770964 -0.011206052099700834 0.0039588301440180848 -0.0016869033516238563 0.0060458553574270274 0.0053840124408288115 -0.0024487090804416571 -0.0017478695333322596 -0.0021684206598402188 0.0071025473667057186 -0.0057152943530362757 -0.0039484573911202532 0.0012540467997099222 0.0068416582028526865 -0.00016500918780686092 0.0066217768078557417 -0.0043991280522790452 -0.0089144858923686648 0.0046833088283104235 0.015131622083775456 0.0075847912058929594 0.012694191280121921
leaf_weight=133.70426042377949 83.763235077261925 351.44779442250729 505.6562412828207 22.14247328042984 327.05282294750214 19.090981096029282 744.74664847552776 6.4794976860284796 21.854666963219643 6.4819686710834494 122.4211367815733 42.214828222990036 13.743642970919607 42.913296580314636 242.73918528854847 111.21309530735016 24.134047597646713 185.48337565362453 90.611319467425346 18.957376956939697 127.95893166959286 5.4585745334625235 16.794358506798744 8.2060088366270048 227.37121917307377 171.0904600918293 24.246723338961601 26.916790425777435 66.473217532038689 39.578917175531387
leaf_count=568 338 1422 2108 89 1405 78 3096 26 88 26 494 169 55 172 972 448 97 751 370 76 513 22 68 33 917 702 98 115 280 167
internal_value=0 0.00597702 -0.00864127 0.00262974 -0.0115274 -0.00536272 0.0100752 0.00933239 0.0045396 0.00231182 0.00293342 -0.000121477 -0.0010235 0.00186796 -0.00198745 -0.00406071 0.0051112 0.0054572 -0.00720731 0.00169483 0.00241638 -0.00333819 -0.00492916 -0.00486224 -0.00400834 -0.00781323 0.00124737 0.0121596 0.010667 0.00951121
internal_weight=3830.95 2264.64 1566.31 1246.74 832.709 733.599 1017.9 751.226 736.07 150.758 144.276 510.67 341.611 85.1281 256.483 430.554 585.312 536.931 303.046 169.059 150.101 41.3439 35.8853 319.34 235.577 261.702 48.3808 266.673 132.969 106.052
internal_count=15763 9274 6489 5022 3513 2976 4252 3122 2976 608 582 2046 1368 341 1027 1736 2368 2173 1240 678 602 168 146 1288 950 1072 195 1130 562 447
is_linear=0
shrinkage=0.01


Tree=36
num_leaves=31
num_cat=0
split_feature=2 0 0 0 0 0 13 2 5 29 17 10 17 18 20 29 2 16 25 12 23 23 27 13 19 0 10 0 29 29
split_gain=1953.79 289.665 156.819 58.4928 22.7519 19.3002 14.5477 10.4279 12.3024 16.508 9.85087 9.27414 8.79858 11.6307 8.06585 8.68784 7.49359 9.51392 7.20365 7.46862 7.0435 6.84875 6.24595 5.90308 5.75697 5.6339 5.39847 6.4116 6.12895 5.3646
threshold=0.025465501473428801 -0.77757723751661134 0.81635007292352191 -0.28322645968490062 1.5056581414354833 0.50425984259590273 -1.2401268835255583 -0.51328987789633274 -1.1085602876747025 -0.0363862225808304 -0.37597946634381602 0.96060663436529881 0.70113641032494767 1.3174563430469466 1.0815947836629627 1.2492261679986849 -0.21303652336342691 -1.2345218003239251 1.8460226177719032 -0.028195935911883442 0.75923574727458398 -1.3486131569830691 1.0921721715426633 0.74444935527181333 -0.44235890648510706 -0.60380406030993983 -0.16177704083546354 -1.3968373785588175 0.33936227165343685 1.5750770227910968
decision_type=2 2 2 2 2 2 2 2 2 2 2 2 2 2 2 2 2 2 2 2 2 2 2 2 2 2 2 2 2 2
left_child=1 6 5 7 -4 18 26 12 -9 -10 14 -8 25 -14 15 -5 22 -18 19 -2 -21 23 -12 -7 -23 -3 -1 -28 -29 -26
right_child=2 3 4 10 -6 21 11 8 9 -11 16 -13 13 -15 -16 -17 17 -19 -20 20 -22 24 -24 -25 29 -27 27 28 -30 -31
leaf_value=0.013536502744753319 0.0060212675147699318 0.0055323666136564689 -0.010099853134319488 0.0016739674586117865 -0.013515883512924353 -0.0013981980221860039 0.0094221996702892764 0.0071569812575529015 -9.7265367283678688e-05 0.0047592934916874342 -0.0047629960912044236 -0.0024766278417373607 0.00076174953999998921 0.0082131603774493519 -0.0064165376262824226 0.0087939928589626445 0.010758929697090427 -0.00045205045672366519 0.0028827423286605296 -0.003633590044651414 -0.0067717540566890914 -0.0056628187733959705 0.0026673258015287539 -0.010949562300271568 -0.0092060508942707828 0.0085000608003856434 0.015039095558965066 0.007521990994762944 0.012604550791307177 -0.00016004566540111096
leaf_weight=133.25944636762142 6.9866206198930731 210.92515327036381 504.60937520861626 136.51998208463192 325.87326665222645 33.264573439955711 728.22649903595448 65.294763326644897 139.80066338181496 139.26455166935921 70.161007151007652 6.4382323026657096 69.808502927422523 30.064700558781624 10.490580394864081 19.645818755030632 7.74273957312107 216.48579584062099 14.956111803650854 353.59203693270683 91.213901832699776 90.537773355841637 13.233552828431128 8.0571832656860334 163.77991105616093 95.747337132692337 26.812705546617508 66.359320446848869 39.46308146417141 7.0673012733459464
leaf_count=568 28 857 2108 547 1405 135 3034 265 561 562 281 26 282 122 42 79 31 867 60 1425 369 370 53 33 673 389 115 280 167 29
internal_value=0 0.00605902 -0.00842844 0.00279743 -0.0114429 -0.00517249 0.0100512 0.00453375 0.00324478 0.0023236 4.58935e-05 0.00931624 0.00562204 0.00302081 0.00200524 0.00258113 -0.00101265 -5.58477e-05 -0.00389088 -0.00411792 -0.00428074 -0.00714339 -0.00357015 -0.00330666 -0.00774461 0.00646465 0.0120737 0.0105874 0.00943692 -0.00883801
internal_weight=3825.68 2225.74 1599.94 1225.19 830.483 769.455 1000.56 750.906 344.36 279.065 474.279 734.665 406.546 99.8732 166.656 156.166 307.623 224.229 466.749 451.793 444.806 302.707 83.3946 41.3218 261.385 306.672 265.895 132.635 105.822 170.847
internal_count=15763 9128 6635 4938 3513 3122 4190 3038 1388 1123 1900 3060 1650 404 668 626 1232 898 1882 1822 1794 1240 334 168 1072 1246 1130 562 447 702
is_linear=0
shrinkage=0.01


Tree=37
num_leaves=31
num_cat=0
split_feature=4 14 4 14 13 18 13 8 14 13 11 20 7 14 23 11 10 24 29 24 9 21 29 14 18 26 11 27 18 20
split_gain=1902.48 297.402 141.729 37.305 25.3408 22.933 20.1797 18.1401 15.0082 12.1848 11.6226 10.3368 10.0264 9.64486 9.64452 9.56095 9.34169 8.87011 8.82502 9.40831 8.61949 8.02995 7.97819 7.88717 7.27081 8.12741 6.81717 6.50714 6.37403 6.16554
threshold=0.048412742557612895 -0.70657401635917227 0.93881108759236265 -0.45863302340718576 0.50683963570081259 -0.92863435351327428 -1.2401268835255583 -1.4982913218201239 1.6156101133266463 -0.34829535005444479 0.17735893278695705 0.62710388996626165 1.4474236587566358 -0.78042400946326673 1.1025269831237743 -0.12915166732328806 1.1068684948668501 1.8209845033384735 -0.62322286948677852 0.48386742711067904 0.53470633806179801 0.72911195735840784 1.4068265479878719 0.055699819783873027 0.28180823507513847 -0.74958737097171946 1.0004162281918296 -0.59112946390795607 -0.20126328656419643 -1.1346317417202096
decision_type=2 2 2 2 2 2 2 2 2 2 2 2 2 2 2 2 2 2 2 2 2 2 2 2 2 2 2 2 2 2
left_child=1 6 4 10 14 16 -1 -7 26 -9 17 -6 13 -8 15 20 29 -3 19 -12 -2 -20 -17 -16 -14 -26 28 -15 -4 -5
right_child=2 3 8 5 11 7 12 9 -10 -11 18 -13 24 27 23 22 -18 -19 21 -21 -22 -23 -24 -25 25 -27 -28 -29 -30 -31
leaf_value=0.011989072642773393 -0.00059333024261262973 0.0068975311622373452 -0.011193477658820098 0.0089262349422973095 -0.0063795493420628511 0.010619974108008147 0.0095533508977992017 0.0023866035658334389 -0.013620233921432506 -0.00082806883286209499 0.0013131394708773868 -0.009780288572081932 -0.0035652744353611206 0.0097552339194372333 0.002160953140597065 -0.0054896336841276658 -0.0084414989826145578 -0.002603512190584808 0.0027472356157292438 -0.010163243188204763 -0.0058669966229059189 0.0095894220025379458 0.0012681247313438373 -0.0094563969555001466 -0.0026208659473636988 0.008438139421281958 -0.012887951840761835 0.0048345619420843465 -0.0083760794761187883 0.0039705639308858769
leaf_weight=265.10465531051159 137.6962589174509 204.08012782037258 178.9334911108017 35.052201554179192 276.28174805641174 16.369268998503685 679.33185797929764 157.85754857957363 269.01868629455566 464.91125747561455 37.942040026187897 135.93464583158493 9.112608537077902 41.197693154215813 6.4667402952909461 203.85779555141926 4.9846304506063452 10.116261973977087 67.978304103016853 8.6765086501836759 40.119433701038361 23.252496644854546 18.812836587429047 47.639315962791443 8.1173970848321897 32.803747609257698 102.68919333815575 82.954110592603683 158.20682182908058 94.833943963050842
leaf_count=1130 554 828 751 142 1134 66 2838 635 1163 1864 153 564 37 169 26 825 20 41 275 35 162 94 76 193 33 134 435 339 665 382
internal_value=0 0.00591246 -0.0084223 0.00228306 -0.00570682 0.00105362 0.00956455 0.000260973 -0.0117402 -1.13656e-05 0.0049822 -0.00750552 0.008809 0.00908088 -0.00407231 -0.00353081 0.00479953 0.00644314 0.00270187 -0.000818589 -0.00179144 0.00451068 -0.00491389 -0.00804802 0.00441348 0.00621898 -0.0105852 0.00648199 -0.00987722 0.00532148
internal_weight=3820.33 2244.68 1575.66 1126.05 866.809 774.009 1118.62 639.138 708.848 622.769 352.046 412.216 853.517 803.484 454.592 400.486 134.871 214.196 137.849 46.6185 177.816 91.2308 222.671 54.1061 50.0338 40.9211 439.83 124.152 337.14 129.886
internal_count=15763 9215 6548 4535 3534 3109 4680 2565 3014 2499 1426 1698 3550 3346 1836 1617 544 869 557 188 716 369 901 219 204 167 1851 508 1416 524
is_linear=0
shrinkage=0.01


Tree=38
num_leaves=31
num_cat=0
split_feature=0 14 0 0 0 0 0 7 0 23 18 4 14 28 23 19 27 5 23 11 21 7 1 11 25 7 26 7 27 1
split_gain=1871.98 297.217 142.488 50.9819 23.3306 22.4817 16.6392 12.4638 11.584 11.4419 10.6443 9.25109 11.4724 9.84979 8.29368 9.03882 7.69751 7.58908 6.73348 6.59085 6.84747 6.18992 9.59137 6.03571 5.97649 5.95932 9.06495 7.60601 8.19915 5.94912
threshold=0.053640375622855771 -0.70657401635917227 0.81635007292352191 -0.28322645968490062 -0.83221870665800235 1.5056581414354833 0.50425984259590273 0.79904954882914847 -1.4207684488009822 -0.89466438886836686 0.74415044504447647 -0.71567248070456346 -0.46919547157914315 0.56293218803720746 -0.80273155606271829 0.47764349225360075 0.7446411615595695 -0.011776971277908988 -1.3486131569830691 0.64116595701697843 -0.80935694480256737 -0.5463229264108308 -1.5972243766052157 0.56422351038878582 0.67193303575143226 1.4474236587566358 -0.1408662729415063 0.62754944096869125 -0.99958724906547347 -1.7360371552004012
decision_type=2 2 2 2 2 2 2 2 2 2 2 2 2 2 2 2 2 2 2 2 2 2 2 2 2 2 2 2 2 2
left_child=1 4 6 7 8 -4 16 11 -1 -9 29 13 -13 -3 23 -16 21 24 19 20 -8 -2 -23 -12 -10 27 -27 28 -6 -5
right_child=2 3 5 10 25 -7 18 9 17 -11 14 12 -14 -15 15 -17 -18 -19 -20 -21 -22 22 -24 -25 -26 26 -28 -29 -30 -31
leaf_value=0.014053794590841663 -0.0070881218284730733 0.0024709183480622599 -0.0099418634225061329 0.0065108478285834191 0.010864041451451091 -0.013347739059833259 -0.0088793175606907502 0.0071517452695922992 0.011463217709374512 -0.0013450334449944725 0.012082050635347254 0.0065798658124413328 0.0035749988442808234 -0.01145353120461072 -0.0086811585428672264 -0.0019137819131089084 -0.0016618177943042889 0.0088057866380329974 -0.0076152606111296265 0.0068643561584585001 -6.5775448695660026e-05 0.0066257991373734372 -0.0042796895676515791 -0.00034664111118698271 0.0087564225635863528 -0.0048803177046498978 0.0063109664733958324 0.010786655718237946 0.0046852696759173106 0.0003785623815852818
leaf_weight=72.95268702507019 83.62871652841568 20.003140360116962 502.47906041145325 16.435874238610268 27.426243841648102 323.49207247793674 19.035484954714775 20.562916815280914 326.81260125339031 67.607780888676643 5.2435951530933407 243.29298050701618 271.85753829777241 6.6799902468919745 29.672609061002731 60.420164510607719 111.12629197537899 389.53024272620678 260.76413019001484 5.457295909523963 16.775288745760918 8.2048617005348188 227.10823935270309 13.983648076653479 116.75500783324242 10.923972293734552 20.688248604536057 44.629563450813293 106.60782158374786 384.81631037592888
leaf_count=315 338 81 2108 66 113 1405 78 83 1380 272 21 988 1097 27 119 242 448 1632 1072 22 68 33 917 56 491 44 84 184 437 1542
internal_value=0 0.00582032 -0.00843032 0.00222871 0.00948853 -0.0112784 -0.00521455 0.0041318 0.0101875 0.000631089 -0.000117935 0.00469939 0.00499707 -0.00100741 -0.00288433 -0.0041609 -0.00394421 0.00984604 -0.00701819 -0.00321196 -0.00479021 -0.00473554 -0.00389254 0.00303611 0.0107551 0.00646879 0.00240896 0.00717978 0.00596419 0.000633801
internal_weight=3814.97 2256.9 1558.07 1140.58 1116.33 825.971 732.1 630.004 906.051 88.1707 510.572 541.834 515.151 26.6831 109.32 90.0928 430.068 833.098 302.032 41.2681 35.8108 318.942 235.313 19.2272 443.568 210.276 31.6122 178.664 134.034 401.252
internal_count=15763 9274 6489 4594 4680 3513 2976 2548 3818 355 2046 2193 2085 108 438 361 1736 3503 1240 168 146 1288 950 77 1871 862 128 734 550 1608
is_linear=0
shrinkage=0.01


Tree=39
num_leaves=31
num_cat=0
split_feature=0 14 0 0 0 0 0 7 13 14 0 18 26 26 11 6 27 5 13 9 6 22 22 25 10 13 22 17 10 16
split_gain=1837.65 292.516 140.713 50.0008 23.0436 22.3459 16.365 12.2279 11.8674 12.3671 11.4897 10.4345 8.25056 9.31522 8.13816 7.69324 8.11879 7.4988 6.78944 7.77437 6.13251 5.90685 8.10235 5.90277 5.83525 9.43893 8.48088 5.70361 5.38075 5.34154
threshold=0.053640375622855771 -0.70657401635917227 0.81635007292352191 -0.28322645968490062 -0.83221870665800235 1.5056581414354833 0.50425984259590273 0.79904954882914847 -0.7437741998042614 -0.46919547157914315 -1.4207684488009822 0.74415044504447647 0.70582932512857888 -0.18982884958079277 -0.10414052810322769 -0.2542761649913618 0.7446411615595695 -0.011776971277908988 -0.5865845569544762 0.61896942627552398 -1.0351520590650052 -1.7328143486478742 -0.93553091510417141 0.67193303575143226 -0.81283856232308704 -0.16815839961206672 -0.38874651527012166 1.3976068298333646 1.2636334372528368 -0.33235682965025121
decision_type=2 2 2 2 2 2 2 2 2 2 2 2 2 2 2 2 2 2 2 2 2 2 2 2 2 2 2 2 2 2
left_child=1 4 6 7 10 -4 15 8 14 -10 -1 24 13 -13 -3 -2 29 23 19 -9 -6 -22 -23 -12 25 -5 -26 -14 -20 -17
right_child=2 3 5 11 20 -7 -8 18 9 -11 17 12 27 -15 -16 16 -18 -19 28 -21 21 22 -24 -25 26 -27 -28 -29 -30 -31
leaf_value=0.013967438939740449 0.0082691979836326951 0.0097564814885943395 -0.0098639177108145095 -0.0090593797713742642 -0.0032379637741000128 -0.013264758165831758 -0.0069561618190289321 -0.0027991355888068244 0.0066700503545567471 0.0035403639400129069 0.011378962409701418 -0.0015126718435386974 -0.00073424580586007237 -0.0084581067315020655 -0.0039102276907937309 -0.0031559524647787403 -0.0017037104258748889 0.0087342484047619358 -0.0030801757732871428 0.007112731573984077 -0.00077125423681897673 0.011643906889981015 0.0061481371231184734 0.0086858867464343313 0.0037557200808379623 -0.00018764161213872193 0.00017371868836486959 0.0096245977073859106 0.0056596262666054392 -0.0058821291100835706
leaf_weight=72.671719804406166 4.9851922392845145 5.1746423840522793 501.39146848022938 14.22108346223831 6.1963931769132605 322.26736278831959 301.68283896148205 11.38005346059799 240.13724227249622 271.7733101695776 325.94525134563446 44.918341860175133 23.218599334359173 34.429726615548134 24.470313712954521 116.86979551613331 110.36151279509068 388.79799602925777 43.841139152646065 24.710378468036652 9.7845890223979932 33.001821875572205 161.07110632956028 116.52806694805622 95.536764726042747 75.354158997535706 216.13569508492947 6.7386019676923743 8.2321795076131803 197.69069547951221
leaf_count=315 20 21 2108 57 25 1405 1240 46 976 1097 1380 180 93 138 99 471 445 1632 176 100 40 136 661 491 383 302 866 27 33 800
internal_value=0 0.00576898 -0.00836132 0.00220704 0.00941351 -0.0111972 -0.00516609 0.00409238 0.00465482 0.00501147 0.0101093 -0.000116726 -0.00285596 -0.00454579 -0.00146625 -0.00390627 -0.00405338 0.00976917 0.000624786 0.00396059 0.00641114 0.00671078 0.00709335 0.0106741 0.000627512 -0.00161581 0.00127577 0.00158688 -0.00167115 -0.00487377
internal_weight=3809.52 2254.27 1555.25 1140.27 1114 823.659 731.59 629.719 541.556 511.911 903.943 510.553 109.305 79.3481 29.645 429.907 424.922 831.271 88.1638 36.0904 210.054 203.858 194.073 442.473 401.248 89.5752 311.672 29.9572 52.0733 314.56
internal_count=15763 9274 6489 4594 4680 3513 2976 2548 2193 2073 3818 2046 438 318 120 1736 1716 3503 355 146 862 837 797 1871 1608 359 1249 120 209 1271
is_linear=0
shrinkage=0.01


Tree=40
num_leaves=31
num_cat=0
split_feature=2 14 0 0 0 0 13 7 9 3 13 25 18 7 15 25 14 28 23 11 25 19 15 15 25 8 14 11 15 22
split_gain=1815.18 272.102 148.933 50.0883 22.2148 17.9978 16.2467 10.1158 9.67675 9.60194 14.0243 10.1738 7.82923 9.40038 7.03214 6.97572 7.23531 7.10717 6.63116 6.46763 6.33284 7.27332 6.18791 6.0406 6.62513 5.94185 8.06141 6.47063 5.88475 5.79289
threshold=0.025465501473428801 -0.75004391260691328 0.81635007292352191 -0.28322645968490062 1.5056581414354833 0.50425984259590273 -1.2401268835255583 1.1009230929903093 0.45388732896799172 -0.84278581836037514 -0.22891361771090035 0.62808961514793615 1.9193107479087457 0.60083833576690093 -1.0683729916592806 1.8460226177719032 -0.14085447232045956 -1.5831416974969708 -1.3486131569830691 0.64116595701697843 0.59495047920632615 -0.25691454201318187 -1.026463365824017 0.77629479810770452 -1.3766791588205247 -0.64756608220584733 -0.73415271032165041 0.0081212072022066404 1.8453724617282039 -0.55790720283021955
decision_type=2 2 2 2 2 2 2 2 2 2 2 2 2 2 2 2 2 2 2 2 2 2 2 2 2 2 2 2 2 2
left_child=1 6 5 9 -4 15 -1 20 12 25 11 -11 13 -5 -10 16 -2 -18 19 22 21 -8 -7 24 -9 26 -3 -27 -16 -25
right_child=2 3 4 8 -6 18 7 23 14 10 -12 -13 -14 -15 28 -17 17 -19 -20 -21 -22 -23 -24 29 -26 27 -28 -29 -30 -31
leaf_value=0.011754784164123084 0.0072777807516211301 -0.0048619974074082042 -0.0097868728657961555 0.00080242484439377293 -0.013183053054835712 0.0021068350675176794 0.011245204047295728 -0.0028336315495617382 0.0074679390137396551 0.0029931350421584925 -0.006336559200987895 0.0061419684218313557 -0.011042893688087377 0.009308364060833494 -0.0031929131477492789 0.0029178409587792471 -0.0091376907632996704 -0.0037897250597434462 -0.0074878763203738109 0.0068653095321165192 0.0077467729476138492 0.0087337923168393609 -0.0071969158679902534 -0.0033266256497108404 0.0092634058495624678 0.0016426221035095864 0.008049958943368421 0.011431318755471638 0.0072506712861634586 0.0050931209357545281
leaf_weight=262.81501279771328 5.4952169954776755 4.8829374015331259 500.29147700965405 319.38612112402916 321.02888108789921 9.5630755275487882 222.60239911079407 4.8794269114732733 6.9852676838636389 379.45293372869492 13.701628774404524 142.27235397696495 5.2359515428543082 13.480085670948027 123.60808169841766 14.953078269958494 26.70839536190033 418.92266035079956 260.13358841836452 5.4572542905807486 203.00037318468094 260.14513243734837 26.187698930501938 11.279966488480566 42.808453857898712 40.333709597587585 116.6966957449913 8.1233402788639051 5.4941517263650885 28.079487904906273
leaf_count=1130 22 20 2108 1280 1405 39 941 20 28 1533 55 577 21 54 495 60 108 1692 1072 22 850 1090 107 46 178 164 476 33 22 115
internal_value=0 0.00585004 -0.00815645 0.00256476 -0.011117 -0.00498564 0.00959069 0.008852 4.91939e-05 0.00425397 0.00359094 0.00385474 0.000957556 0.00115259 -0.00219929 -0.00374814 -0.0039719 -0.00411447 -0.00689446 -0.00311512 0.00926245 0.009896 -0.0046814 0.00560009 0.00800137 0.00633257 0.0075196 0.00332436 -0.00273546 0.00265246
internal_weight=3804 2215.26 1588.74 1179.65 821.32 767.421 1035.61 772.795 474.19 705.464 535.427 521.725 338.102 332.866 136.088 466.079 451.126 445.631 301.342 41.208 685.748 482.748 35.7508 87.0473 47.6879 170.037 121.58 48.457 129.102 39.3595
internal_count=15763 9128 6635 4758 3513 3122 4370 3240 1900 2858 2165 2110 1355 1334 545 1882 1822 1800 1240 168 2881 2031 146 359 198 693 496 197 517 161
is_linear=0
shrinkage=0.01


Tree=41
num_leaves=31
num_cat=0
split_feature=0 14 0 0 0 0 0 7 13 14 0 18 26 26 11 6 27 13 26 7 14 6 1 15 21 22 22 17 24 16
split_gain=1771.13 283.535 137.237 48.009 22.4794 22.0881 15.8118 11.9755 11.6419 12.1341 11.3887 10.1896 8.07766 9.10774 7.98989 7.50435 7.91991 6.65456 7.4748 6.20076 6.43335 6.005 5.85031 7.47224 7.12004 5.78007 8.00392 5.60438 5.33388 5.25284
threshold=0.053640375622855771 -0.70657401635917227 0.81635007292352191 -0.28322645968490062 -0.83221870665800235 1.5056581414354833 0.50425984259590273 0.79904954882914847 -0.7437741998042614 -0.46919547157914315 -1.4207684488009822 0.74415044504447647 0.70582932512857888 -0.18982884958079277 -0.10414052810322769 -0.2542761649913618 0.7446411615595695 -0.5865845569544762 0.25205358965141578 -0.48960170173084266 -1.0887260895859641 -1.0351520590650052 -1.7360371552004012 -0.1791473484708197 0.60391527281547641 -1.7328143486478742 -0.93553091510417141 1.3976068298333646 -0.2934975543861173 -0.33235682965025121
decision_type=2 2 2 2 2 2 2 2 2 2 2 2 2 2 2 2 2 2 2 2 2 2 2 2 2 2 2 2 2 2
left_child=1 4 6 7 10 -4 15 8 14 -10 -1 22 13 -13 -3 -2 29 18 -9 20 -12 -6 23 -5 -24 -23 -27 -14 -19 -17
right_child=2 3 5 11 21 -7 -8 17 9 -11 19 12 27 -15 -16 16 -18 28 -20 -21 -22 25 24 -25 -26 26 -28 -29 -30 -31
leaf_value=0.013811797567054763 0.008190430028604841 0.0096361371882363184 -0.0097107077426833131 -0.0023076277566257994 -0.0032484450834362904 -0.013102588836157326 -0.0068335841038757875 0.0086156779003462684 0.0065672153517253194 0.0034654338203322795 0.012307739757911648 -0.0014934076624804754 -0.00072527256741313298 -0.0083624124071468801 -0.0039141722245688675 -0.0030854209050233498 -0.0016573276146035535 0.0020999991018130016 -0.00043471449607521351 0.0089328905425278687 0.0093442251841482516 -0.00080588063142365439 0.0011724701279931941 0.011529875175225846 -0.0019355637963129251 0.011505453992717412 0.0060357740186798448 0.0095424418224730103 -0.0043723351001190222 -0.0057898055411436146
leaf_weight=72.143264666199684 4.9860248565673819 5.1657231003046062 499.17967990040779 5.9781669527292278 6.1954895406961432 319.77724619209766 300.98695178329945 17.27351014316082 239.78857196867466 271.56415106356144 147.05626435577869 44.913768872618675 23.21793003380299 34.414610296487808 24.468990385532379 116.79676523804665 110.31294357776642 21.413261488080025 18.786012217402458 518.97256323695183 161.50460286438465 9.7787346392869932 285.70230178534985 10.45267131924629 99.085472628474236 32.899758115410805 160.74226751923561 6.7392205148935309 30.654392018914223 197.48186866939068
leaf_count=315 20 21 2108 24 25 1405 1240 70 976 1097 628 180 93 138 99 471 445 86 76 2192 683 40 1145 42 397 136 661 27 123 800
internal_value=0 0.00566817 -0.00822591 0.00216356 0.00926717 -0.0110378 -0.00507137 0.00401229 0.00456933 0.00492291 0.00995676 -0.000113079 -0.00282028 -0.00449272 -0.00149408 -0.00383304 -0.00397848 0.000580137 0.00388486 0.00961784 0.0107634 0.00629934 0.000622348 0.00645127 0.000369237 0.0065965 0.00697569 0.00157537 -0.00169244 -0.00478925
internal_weight=3798.43 2248.91 1549.52 1139.62 1109.29 818.957 730.565 629.115 540.987 511.353 899.677 510.504 109.286 79.3284 29.6347 429.578 424.592 88.1272 36.0595 827.533 308.561 209.616 401.219 16.4308 384.788 203.421 193.642 29.9572 52.0677 314.279
internal_count=15763 9274 6489 4594 4680 3513 2976 2548 2193 2073 3818 2046 438 318 120 1736 1716 355 146 3503 1311 862 1608 66 1542 837 797 120 209 1271
is_linear=0
shrinkage=0.01


Tree=42
num_leaves=31
num_cat=0
split_feature=0 14 0 0 0 0 0 7 13 14 0 23 18 23 28 5 6 27 5 23 11 16 11 6 25 10 1 22 22 18
split_gain=1738.74 279.083 135.569 47.0884 22.2145 21.9655 15.5495 11.7487 11.4197 11.9198 11.3018 11.16 9.9887 8.13579 8.12727 7.48213 7.35923 7.77074 7.35835 6.53376 6.34567 6.01521 5.9011 5.8962 5.79901 5.77765 6.09857 5.67857 7.88081 5.49459
threshold=0.053640375622855771 -0.70657401635917227 0.81635007292352191 -0.28322645968490062 -0.83221870665800235 1.5056581414354833 0.50425984259590273 0.79904954882914847 -0.7437741998042614 -0.46919547157914315 -1.4207684488009822 -0.89466438886836686 0.74415044504447647 -0.80273155606271829 0.56293218803720746 0.36204202791064399 -0.2542761649913618 0.7446411615595695 -0.011776971277908988 -1.3486131569830691 0.64116595701697843 -0.90549517500670129 0.56422351038878582 -1.0351520590650052 0.67193303575143226 -1.9144484952063632 -1.7360371552004012 -1.7328143486478742 -0.93553091510417141 0.061981757312052348
decision_type=2 2 2 2 2 2 2 2 2 2 2 2 2 2 2 2 2 2 2 2 2 2 2 2 2 2 2 2 2 2
left_child=1 4 6 7 10 -4 16 8 14 -10 -1 29 25 22 -3 -15 -2 -18 24 20 -8 -13 -14 -6 -12 -5 -27 -25 -29 -9
right_child=2 3 5 12 23 -7 19 11 9 -11 18 21 13 15 -16 -17 17 -19 -20 -21 -22 -23 -24 27 -26 26 -28 28 -30 -31
leaf_value=0.013729483044305943 0.0081085488636617881 0.0014537386835330841 -0.0096354018649243041 -0.0084898742255862716 -0.003215960356546187 -0.013023327961218092 -0.0045738838569361071 -0.0014039714737676045 0.0065072071537237942 0.0034318941814119272 0.01114495739550765 0.0087977656461696793 0.012015910099263831 -0.0094260131017277725 -0.010675410401946374 -0.0024820682749582736 -0.0047437964303413387 -0.0016410043886496467 0.008515808167492242 -0.0073631220214339524 0.0068649795477547246 -0.0022566498422406244 -0.00027296224911441672 -0.00079781108700305498 0.0084674889081480225 0.0067747077245175558 0.00051527961629805057 0.011414111515960985 0.0059813394391440844 0.010123560144540978
leaf_weight=71.852095365524292 4.9870152026414862 22.454813584685329 498.05665428936481 6.731516256928443 6.1964950561523429 318.51313716173172 35.692197889089584 5.4545376300811794 239.58182062208652 271.4773585498333 323.40773823857307 5.2186848521232596 5.2427824139595058 20.17332661151886 7.1835000067949286 69.87542849779129 314.12152053415775 110.29720740020275 386.45119331777096 259.4893202483654 5.4572686702013007 62.365521907806396 13.978537559509276 9.779871538281439 115.79218685626984 16.17777219414711 378.30115965008736 32.832548454403877 160.58479070663452 15.076233878731726
leaf_count=315 20 91 2108 27 25 1405 146 22 976 1097 1380 21 21 81 29 280 1271 445 1632 1072 22 251 56 40 491 65 1516 136 661 61
internal_value=0 0.0056184 -0.00815911 0.00214256 0.00919454 -0.0109596 -0.0050243 0.00397414 0.00452613 0.00487653 0.00988127 0.000574379 -0.000111959 -0.00279258 -0.00147841 -0.00405752 -0.00379626 -0.00394038 0.00954354 -0.00677314 -0.00301965 -0.00137654 0.00307202 0.00624303 0.0104434 0.000616134 0.000776168 0.00653784 0.00691414 0.00702054
internal_weight=3792.8 2246.19 1546.61 1139.29 1106.9 816.57 730.045 628.812 540.697 511.059 897.503 88.115 510.481 109.27 29.6383 90.0488 429.406 424.419 825.651 300.639 41.1495 67.5842 19.2213 209.394 439.2 401.21 394.479 203.197 193.417 20.5308
internal_count=15763 9274 6489 4594 4680 3513 2976 2548 2193 2073 3818 355 2046 438 120 361 1736 1716 3503 1240 168 272 77 862 1871 1608 1581 837 797 83
is_linear=0
shrinkage=0.01


Tree=43
num_leaves=31
num_cat=0
split_feature=0 0 0 0 0 0 9 13 18 1 18 12 9 8 23 19 25 6 27 16 23 19 13 10 23 23 29 7 25 25
split_gain=1706.97 274.204 133.932 57.505 21.8469 15.2948 14.2167 12.6627 9.79183 9.31622 12.629 13.0733 8.03913 8.13153 7.97664 8.82781 7.79595 7.21695 7.62398 6.97421 6.42395 5.74334 5.73695 5.71639 10.3981 8.67119 5.30152 5.2139 5.40325 5.20865
threshold=0.053640375622855771 -0.77757723751661134 0.81635007292352191 -0.28322645968490062 1.5056581414354833 0.50425984259590273 1.0278431420327223 -1.2730793931718756 0.74415044504447647 0.77847929994872722 1.0449853163494245 -0.31202612656504908 0.80158984976222547 0.50438756739264534 -0.80273155606271829 0.47764349225360075 -1.1500209059430899 -0.2542761649913618 0.7446411615595695 -1.2137225621127381 -1.3486131569830691 -0.44235890648510706 0.74444935527181333 -0.81283856232308704 0.70321733235981709 -0.37701210211273006 1.5750770227910968 -1.8833623066310501 0.61688257147234671 1.0877594524057372
decision_type=2 2 2 2 2 2 2 2 2 2 2 2 2 2 2 2 2 2 2 2 2 2 2 2 2 2 2 2 2 2
left_child=1 6 5 9 -4 17 7 -1 23 12 11 -11 13 -3 -10 -16 -12 -2 29 -14 22 -22 -7 24 -5 -25 -23 -9 -29 -19
right_child=2 3 4 8 -6 20 -8 27 14 10 16 -13 19 -15 15 -17 -18 18 -20 -21 21 26 -24 25 -26 -27 -28 28 -30 -31
leaf_value=0.011770783793601566 0.0080277614184366027 0.0046219198231590101 -0.0095609353974551413 -0.0033252790577061081 -0.012945239021803605 -0.0011097091651805801 -0.0050901059902029241 0.012686542175357264 0.0030414120495711578 0.00061748537715265121 -0.0024905381455594755 -0.013356933511041389 0.010979947439352981 0.0079666592800349649 -0.0084875570327864486 -0.0017973155218610766 0.0064134747260639101 -0.0045157102658378804 -0.001624841861435759 -0.00050796677216973928 -0.0052151951254185633 -0.0087633031698711138 -0.010553955741139853 0.0036808883771511335 0.0051529875183329975 0.00010157802863186373 0 0.0093538791450330748 0.0073836169556835566 -0.01419910830435676
leaf_weight=217.1322168558836 4.9878321290016165 453.29002539813519 496.92294944822788 71.608262404799461 317.23714882135391 33.135193467140198 6.468276157975196 38.170465335249901 19.221181079745293 75.930111169815063 11.394669890403746 7.2336127161979666 5.9143850356340399 88.116878777742386 29.640333816409111 60.391519844532013 63.621924936771393 308.28182312846184 110.28148090839386 42.581701397895813 89.850380331277847 162.28089991211891 7.9936652630567542 99.784087091684341 17.956538438796997 211.85295157134533 7.0174088329076758 520.9298405200243 202.2028037160635 5.6850357055664054
leaf_count=944 20 1843 2108 287 1405 135 26 162 77 307 46 29 24 359 119 242 258 1248 445 172 370 673 33 400 72 849 29 2206 852 23
internal_value=0 0.00556914 -0.00809304 0.002475 -0.0108823 -0.00497772 0.00952124 0.00961937 -0.000110849 0.00424057 0.00207255 -0.000600587 0.00481978 0.00516951 -0.00276519 -0.00401795 0.00504617 -0.00375979 -0.00390259 0.000892186 -0.00671354 -0.00729915 -0.00299066 0.000609982 -0.0016105 0.00125167 -0.00839551 0.00900298 0.00880543 -0.0046987
internal_weight=3787.12 2243.44 1543.67 1258.54 814.16 729.514 984.904 978.435 510.455 748.083 158.18 83.1637 589.903 541.407 109.253 90.0319 75.0166 429.236 424.248 48.4961 300.278 259.149 41.1289 401.202 89.5648 311.637 169.298 761.303 723.133 313.967
internal_count=15763 9274 6489 5084 3513 2976 4190 4164 2046 3038 640 336 2398 2202 438 361 304 1736 1716 196 1240 1072 168 1608 359 1249 702 3220 3058 1271
is_linear=0
shrinkage=0.01


Tree=44
num_leaves=31
num_cat=0
split_feature=2 14 0 0 0 0 0 5 9 10 22 22 3 2 29 16 23 28 16 16 29 9 3 23 25 14 11 19 20 19
split_gain=1686.98 255.835 141.519 46.1037 21.7322 16.7453 14.2384 10.1799 9.43527 11.7164 13.7296 12.461 9.29795 11.2266 14.8702 6.84774 11.3879 10.4851 9.13822 6.87213 6.68443 6.55598 6.68224 6.31461 6.27413 6.96382 6.20188 5.65287 5.60287 5.46887
threshold=0.025465501473428801 -0.75004391260691328 0.81635007292352191 -0.28322645968490062 1.5056581414354833 0.50425984259590273 -1.3696106334558666 0.010867119013544204 0.45388732896799172 -0.81283856232308704 -0.23650556525546129 -0.67839836365443984 -0.84278581836037514 -0.47050080481470974 -0.17397844719656597 -0.33235682965025121 1.1025269831237743 -1.6626545602677643 0.33721217327536462 -2.2756001308307927 -1.6242357669561658 1.0278431420327223 1.2387327072733705 -1.3486131569830691 0.59495047920632615 -1.1104539874101875 0.64116595701697843 -0.44235890648510706 -1.1503704630474283 -0.64301633845656625
decision_type=2 2 2 2 2 2 2 2 2 2 2 2 2 2 2 2 2 2 2 2 2 2 2 2 2 2 2 2 2 2
left_child=1 6 5 12 -4 15 -1 24 9 11 -11 -5 29 20 -15 17 18 -2 -17 -19 -14 -9 -23 26 -8 -26 -7 -25 -18 -3
right_child=2 3 4 8 -6 23 7 21 -10 10 -12 -13 13 14 -16 16 28 19 -20 -21 -22 22 -24 27 25 -27 -28 -29 -30 -31
leaf_value=0.012650529891113472 -0.012453448668656339 0.0069204069115645405 -0.0094872888318009406 -0.0084940336349861208 -0.012868289355643886 -0.004501529031428652 0.010743874986501808 0.0080605427613432996 -0.0021648686340340483 0.0050761137795311759 0.00021548243662742307 1.1295781702344056e-05 0.012602230901349801 -0.0010845738431458378 0.0041133270659631386 -0.0060495717524060386 -0.0014167100547536923 -0.012047653529247896 -0.0021567909790474664 -0.0010997518258143025 0.0043791326553222175 -0.0049489191327028812 0.0073596631678347173 -0.0051676600975836496 0.011144205708929296 0.0062970151226014043 0.0068053096881538714 -0.0083248611257362264 -0.011617736518065205 0.0019302820996914009
leaf_weight=114.57512485980988 9.1416620165109617 142.77017115056515 495.77910836040974 22.716686218976974 315.94988451898098 35.649501532316208 315.35835926234722 447.12556111812592 136.05793650448322 94.763368263840675 151.2148601859808 69.340114638209343 10.299521118402479 102.18912062048912 118.50533032417297 104.9194061756134 6.8656927496194831 5.8704268783330908 144.85915100574493 163.57942725718021 303.47256986796856 7.9231212586164501 9.591988801956175 89.771424204111099 48.172280535101891 83.519026219844818 5.4598326832056037 169.02902573347092 30.164246261119843 26.755383715033531
leaf_count=504 37 584 2108 91 1405 146 1349 1887 545 380 606 278 42 410 479 425 28 24 586 659 1234 32 39 370 206 353 22 702 123 109
internal_value=0 0.00564959 -0.00789628 0.00246844 -0.0108059 -0.00480783 0.00929976 0.00887623 5.55841e-05 0.000952642 0.00209341 -0.00208364 0.00409168 0.00343898 0.00170259 -0.00361432 -0.00457442 -0.00206516 -0.00379772 -0.00149181 0.00465617 0.0078248 0.00173851 -0.00665476 0.00996479 0.0080848 -0.0029627 -0.00723599 -0.00976221 0.00614034
internal_weight=3781.39 2204.35 1577.04 1178.09 811.729 765.31 1026.27 911.69 474.093 338.035 245.978 92.0568 703.992 534.467 220.694 465.4 286.808 178.592 249.779 169.45 313.772 464.641 17.5151 299.91 447.05 131.691 41.1093 258.8 37.0299 169.526
internal_count=15763 9128 6635 4758 3513 3122 4370 3866 1900 1355 986 369 2858 2165 889 1882 1162 720 1011 683 1276 1958 71 1240 1908 559 168 1072 151 693
is_linear=0
shrinkage=0.01


Tree=45
num_leaves=31
num_cat=0
split_feature=2 0 0 0 0 0 13 2 19 29 17 17 17 10 20 29 2 16 25 4 23 3 23 27 0 7 13 19 10 0
split_gain=1656.21 252.077 139.799 48.8209 21.621 16.4686 13.8343 9.21282 11.7147 15.9019 9.08847 8.4597 9.35102 8.42885 7.75669 8.51359 7.30745 9.32392 6.73609 6.97525 6.78395 6.46986 6.20943 6.04382 5.67389 5.63846 5.62241 5.56427 5.35815 6.31732
threshold=0.025465501473428801 -0.77757723751661134 0.81635007292352191 -0.28322645968490062 1.5056581414354833 0.50425984259590273 -1.2401268835255583 -0.51328987789633274 -1.1742020259331556 -0.17397844719656597 -0.37597946634381602 0.70113641032494767 0.94879474772668126 0.96060663436529881 1.0815947836629627 1.2492261679986849 -0.21303652336342691 -1.2345218003239251 1.8460226177719032 -0.028195935911883442 0.75923574727458398 -0.84278581836037514 -1.3486131569830691 1.0921721715426633 -0.60380406030993983 -1.7634358873629057 0.74444935527181333 -0.44235890648510706 -0.16177704083546354 -1.3968373785588175
decision_type=2 2 2 2 2 2 2 2 2 2 2 2 2 2 2 2 2 2 2 2 2 2 2 2 2 2 2 2 2 2
left_child=1 6 5 7 -4 18 28 11 21 -10 14 24 -13 25 15 -5 23 -18 19 -2 -21 -9 26 -12 -3 -8 -7 -24 -1 -30
right_child=2 3 4 10 -6 22 13 8 9 -11 16 12 -14 -15 -16 -17 17 -19 -20 20 -22 -23 27 -25 -26 -27 -28 -29 29 -31
leaf_value=0.012855137050339856 0.0060000574182286883 0.0050788175623360486 -0.0094144437977576809 0.0016047461302655739 -0.012792445820749192 -0.0010729839044757552 0.012169628771474254 0.0084508993217756994 -0.0004093817978478961 0.0042924250393487455 -0.0046618474233504409 -0.0018672630709218338 0.0047126812764721098 -0.0025967965362822787 -0.0063218531882363559 0.0086564180998755652 0.010690628846805937 -0.00040926497540342069 0.0029716239920975856 -0.0033226689154755872 -0.0064079644295085393 -0.0022511597876829735 -0.0051205839026441692 0.0026479443643336155 0.0080632351670184548 0.0085157630963311279 -0.010432799127236197 -0.0082549766299664824 0.01437310601516536 0.0087357871332039115
leaf_weight=129.42610919475555 6.9832267463207236 209.4820406883955 494.62566237151623 136.46104292571545 314.6519540399313 33.11594058573246 47.140085324645042 48.148344606161118 132.13414353132248 156.80554123222828 70.123636305332184 31.281389713287354 68.102833822369576 6.4182247370481482 10.488015025854109 19.623086512088776 7.7414150536060324 216.40146680176258 14.947553560137747 352.49190957844257 90.790711224079132 6.1948001682758322 89.692089796066284 13.229685321450232 95.090969905257225 667.89251938462257 7.9724535942077628 168.75759446620941 25.941254377365112 103.42340515553951
leaf_count=568 28 857 2108 547 1405 135 201 197 531 635 281 127 277 26 42 79 31 867 60 1425 369 25 370 53 389 2833 33 702 115 447
internal_value=0 0.00560034 -0.00783248 0.00256739 -0.0107305 -0.00476343 0.00937751 0.00415974 0.00294698 0.0021394 5.50201e-05 0.00518688 0.00263178 0.00865696 0.00193758 0.00250267 -0.000961821 -1.68425e-05 -0.00357986 -0.00380018 -0.00395814 0.00721067 -0.0065965 -0.00348789 0.00601621 0.00875972 -0.00293428 -0.00717349 0.0113783 0.00988418
internal_weight=3775.58 2201.55 1574.03 1221.31 809.278 764.751 980.242 747.24 343.283 288.94 474.068 403.957 99.3842 721.451 166.572 156.084 307.496 224.143 465.213 450.266 443.283 54.3431 299.538 83.3533 304.573 715.033 41.0884 258.45 258.791 129.365
internal_count=15763 9128 6635 4938 3513 3122 4190 3038 1388 1166 1900 1650 404 3060 668 626 1232 898 1882 1822 1794 222 1240 334 1246 3034 168 1072 1130 562
is_linear=0
shrinkage=0.01


Tree=46
num_leaves=31
num_cat=0
split_feature=2 4 2 2 13 18 2 13 9 10 22 19 2 2 28 10 6 7 19 22 21 18 23 23 26 21 4 15 19 25
split_gain=1626.02 246.985 132.828 42.5947 19.1632 17.4563 17.4496 15.2327 11.5202 10.1655 14.9412 9.87045 10.7545 10.8758 8.89889 8.02267 8.39496 7.76213 7.60748 7.11813 6.91069 8.46606 7.03095 6.45816 12.6101 7.11595 7.01891 6.65634 5.74751 5.6758
threshold=0.025465501473428801 -0.76264577346077045 0.83617682297047102 -0.3513946844737631 1.4149894165228527 -1.1347982542103303 0.45905222486395497 -1.2401268835255583 1.0278431420327223 -0.84174424024438899 -0.38874651527012166 -1.0662034058305068 -0.51328987789633274 -0.61801113555137166 -0.020407024246975106 -1.1519775717562657 -0.8722031530383797 -0.078861439934249253 -0.94255945439018396 -0.67839836365443984 -1.3802887956093917 -0.61702559621203801 -1.3486131569830691 -1.1205511979169909 0.61378265205739069 0.0090510426680795539 -0.028195935911883442 -1.1483732076516477 1.0554429305541901 -1.4216559268199318
decision_type=2 2 2 2 2 2 2 2 2 2 2 2 2 2 2 2 2 2 2 2 2 2 2 2 2 2 2 2 2 2
left_child=1 7 6 11 -4 14 23 -1 15 19 -11 29 13 -13 -5 -9 -17 -16 -14 -7 21 -8 -22 24 25 -2 -25 -28 -24 -3
right_child=2 3 4 5 -6 9 20 8 -10 10 -12 12 18 -15 17 16 -18 -19 -20 -21 22 -23 28 26 -26 -27 27 -29 -30 -31
leaf_value=0.011302592249657815 0.0049981318681816102 0.015420756306918597 -0.009222108878068019 0.0085809236029735798 -0.012386587992112509 -0.0078798937553302261 0.0079698105989139262 0.013225066835420438 -0.0017763375559982492 0.0032445469518833482 -0.00084734612606439874 0.00326595245133862 -0.0071436233533740193 0.0071071845204791371 0.0041713828931153321 0.0089234674395787545 0.0061741808492742226 -0.006151438928883474 0.0023619747466269449 -0.0015257883565845565 -0.0029204962360277471 -0.0045677430658513591 -0.0067536671314885489 0.0056151627331186621 -0.010749580437482092 -0.0078388133131352747 0.0013905484557350243 -0.0043944808480787315 -0.01050714228778399 0.0064195412259227744
leaf_weight=257.92734207212925 28.303102880716324 7.7379937022924414 420.79328192770481 35.880847319960594 361.98420034348965 23.685363948345184 6.5978327691555014 36.759710535407066 10.641156673431395 133.30328033864498 268.88443894684315 173.91632038354874 8.6438504755496961 130.29069149494171 29.976668164134026 560.7766046077013 143.30404494702816 9.4622240066528303 201.40018613636494 70.785131275653839 40.85479624569416 26.794915050268173 249.31963934004307 7.4828428924083701 8.1730426549911481 4.9489336460828772 20.791095808148384 344.21606430411339 50.741464048624039 95.348733752965927
leaf_count=1130 114 32 1798 145 1612 95 27 157 43 535 1078 710 35 532 121 2384 603 38 813 284 167 111 1032 30 33 20 84 1394 213 393
internal_value=0 0.00555159 -0.00776926 0.00246242 -0.0106881 0.000494193 -0.00486828 0.00918975 0.00846184 -0.00018454 0.000506877 0.00428403 0.00371247 0.00491622 0.00497733 0.00861046 0.00836627 0.00166013 0.00196282 -0.00313609 -0.00643621 -0.00204428 -0.00686274 -0.00344675 0.000275811 0.00303984 -0.00386339 -0.00406193 -0.00739501 0.00711918
internal_weight=3769.73 2198.72 1571 1189.32 782.777 571.978 788.224 1009.41 751.482 496.658 402.188 617.338 514.251 304.207 75.3197 740.84 704.081 39.4389 210.044 94.4705 374.309 33.3927 340.916 413.915 41.4251 33.252 372.49 365.007 300.061 103.087
internal_count=15763 9128 6635 4811 3410 2296 3225 4317 3187 1992 1613 2515 2090 1242 304 3144 2987 159 848 379 1550 138 1412 1675 167 134 1508 1478 1245 425
is_linear=0
shrinkage=0.01


Tree=47
num_leaves=31
num_cat=0
split_feature=2 14 0 0 0 0 13 7 9 10 22 22 1 0 10 18 29 23 29 25 15 16 23 28 16 16 23 15 13 22
split_gain=1596.38 244.703 136.546 45.9488 21.459 15.952 14.1783 11.2344 9.16224 11.315 13.3375 12.0538 8.82861 11.8044 8.60866 8.52807 7.40909 10.6822 7.06834 7.0107 6.84653 6.72583 11.0855 10.3334 9.00054 6.75865 6.00837 5.81512 5.51703 5.42474
threshold=0.025465501473428801 -0.76187019327678085 0.81635007292352191 -0.28322645968490062 1.5056581414354833 0.50425984259590273 -1.2401268835255583 1.1009230929903093 0.45388732896799172 -0.81283856232308704 -0.23650556525546129 -0.67839836365443984 0.80518994256183996 -0.3012631624324642 0.88555549868331573 0.8653984172507202 0.53946677360290851 1.4181021165726315 -1.6541287055101874 0.67193303575143226 -1.0683729916592806 -0.33235682965025121 1.1025269831237743 -1.6626545602677643 0.33721217327536462 -2.2756001308307927 -1.3486131569830691 1.8453724617282039 0.74444935527181333 -0.73780858076425038
decision_type=2 2 2 2 2 2 2 2 2 2 2 2 2 2 2 2 2 2 2 2 2 2 2 2 2 2 2 2 2 2
left_child=1 6 5 12 -4 21 -1 19 9 11 -11 -5 14 15 18 -14 17 -9 -3 -8 -10 23 24 -2 -23 -25 28 -22 -7 -18
right_child=2 3 4 8 -6 26 7 16 20 10 -12 -13 13 -15 -16 -17 29 -19 -20 -21 27 22 -24 25 -26 -27 -28 -29 -30 -31
leaf_value=0.011227358415543903 -0.012297473758038588 0.012497473205636087 -0.0092701127356332996 -0.0083553652426120433 -0.012646753687748587 -0.0010344866230826604 0.0095503926694294975 0.0044469124056296626 0.0074032847499686111 0.00499677383672021 0.00020537295282382412 1.1213927889971312e-05 -0.00036896237675444825 -0.011243097410069016 -0.00063780755084599111 0.0046256717493982575 0.0019893151251051092 -0.0092356758199107266 0.0047013427455500981 0.0071687624910897283 -0.0031212877884164093 -0.0059323078215068646 -0.0095882971704319749 -0.011887988869252993 -0.0020668214926895961 -0.001016573117839646 -0.0070504430784560767 0.0072612878326662987 -0.010316473362938653 0.012466422868070931
leaf_weight=257.06414623558521 9.1221975386142713 11.990451619029043 492.27075016498566 22.706307590007782 312.07601103186607 33.098641410470009 475.74470368027687 49.955223321914673 6.9826869517564765 94.731488153338432 151.19705657660961 69.329221904277802 60.050580814480782 6.476555570960044 29.506917029619217 78.174902707338333 7.245133742690089 6.3064169138669959 546.46832406520844 175.26368090510368 123.57028399407864 104.76623646914959 36.924241915345192 5.8530216217041007 144.71390683948994 163.45718912780285 257.73901633918285 5.4936084151267996 7.9508447349071494 17.647302895784378
leaf_count=1130 37 49 2108 91 1405 135 2034 208 28 380 606 278 243 26 119 317 30 26 2228 744 495 425 151 24 586 659 1072 22 33 74
internal_value=0 0.00550324 -0.00770658 0.00247929 -0.0105829 -0.00467462 0.00919029 0.00847227 5.10192e-05 0.00093517 0.00205636 -0.0020489 0.00404871 0.00182276 0.00459442 0.00244988 0.00492629 0.00288181 0.00487273 0.00891195 -0.0021371 -0.00350983 -0.00446207 -0.00197413 -0.00369582 -0.00140509 -0.00648161 -0.00266633 -0.00287731 0.00947715
internal_weight=3763.88 2195.9 1567.97 1206.68 804.347 763.625 989.227 732.162 474.011 337.964 245.929 92.0355 732.668 144.702 587.966 138.225 81.1541 56.2616 558.459 651.008 136.047 464.837 286.404 178.432 249.48 169.31 298.789 129.064 41.0495 24.8924
internal_count=15763 9128 6635 4882 3513 3122 4246 3116 1900 1355 986 369 2982 586 2396 560 338 234 2277 2778 545 1882 1162 720 1011 683 1240 517 168 104
is_linear=0
shrinkage=0.01


Tree=48
num_leaves=31
num_cat=0
split_feature=0 14 0 0 0 0 0 0 1 25 13 10 0 3 15 11 24 5 26 3 27 25 0 11 11 23 11 21 25 25
split_gain=1557.84 254.572 126.056 41.7013 21.3568 20.7884 14.0404 11.0663 10.9758 13.963 12.2623 10.9689 8.16223 7.39947 8.73485 10.4975 9.307 7.2766 7.01824 6.71658 6.6915 6.30072 6.26013 6.21423 5.90861 5.90637 6.04301 6.74799 5.76717 5.662
threshold=0.053640375622855771 -0.70657401635917227 0.81635007292352191 -0.28322645968490062 1.5056581414354833 -0.83221870665800235 0.50425984259590273 -1.4207684488009822 0.77847929994872722 -0.64574594306994559 -0.32860492649795719 0.88555549868331573 -0.6912488899028858 -0.44204379099834962 -0.90030543510433791 0.89724674264157411 -1.7043967617358076 -0.011776971277908988 1.3833541197290253 -0.49257891930843561 0.7446411615595695 0.49646164688178651 -0.15997097747942585 -0.37681748152244204 -0.63456031576379079 -1.3486131569830691 0.64116595701697843 -0.80935694480256737 1.0877594524057372 0.73017558628139956
decision_type=2 2 2 2 2 2 2 2 2 2 2 2 2 2 2 2 2 2 2 2 2 2 2 2 2 2 2 2 2 2
left_child=1 5 6 8 -4 7 18 -1 11 10 -10 23 -11 19 15 -15 -16 29 20 22 28 -22 -5 -3 -20 26 27 -8 -2 -9
right_child=2 3 4 13 -6 -7 25 17 9 12 -12 -13 -14 14 16 -17 -18 -19 24 -21 21 -23 -24 -25 -26 -27 -28 -29 -30 -31
leaf_value=0.013302823243381558 -0.0037820826899552015 0.0062588392417776903 -0.0091995762156144838 0.003554936920946924 -0.012574013961342502 0.00591677051354976 -0.008454450852036657 0.010677641572437391 -0.0013621166170360679 -0.0081174540620268174 -0.016614371705708085 -0.0022045733809178229 0.0041424897389180501 0.0028609388340672549 0.0060839869132722256 -0.010046215369468861 -0.0023316254661276551 0.0080888413661904263 -0.00058614756519322758 0.010387703099132575 0.0068349253693645428 -0.0017946528187899322 -0.00046219960208349482 0.0038656598545017584 -0.01024278766462307 -0.0069896488565666763 0.0067892109955912348 0.00020439046990815621 -0.013967286741589638 0.0079402314531986148
leaf_weight=70.208815649151802 282.26676899194717 173.61225263774395 491.09141319990158 64.508394151926041 310.74976417422295 207.97589392960072 18.874852538108826 327.57473224401474 32.512216538190842 5.676301881670951 6.2438486367464057 23.631945997476578 81.286268532276154 78.348812028765678 13.739989966154097 6.728024721145629 242.58073833584785 381.44813698530197 8.6428859829902631 8.2129186391830427 9.1433851271867734 96.274340838193893 96.149737268686295 303.92553062736988 26.35895873606205 257.38361844420433 5.4604927748441687 16.694061875343323 5.6669965386390677 104.99127374589443
leaf_count=315 1145 710 2108 259 1405 862 78 1420 131 23 25 95 329 314 55 27 972 1632 35 33 37 389 386 1235 107 1072 22 68 23 451
internal_value=0 0.00533149 -0.00777503 0.00201833 -0.01051 0.00877962 -0.00475515 0.00945111 0.00374586 0.0010923 -0.00388152 0.00440916 0.00332236 -0.000102382 -0.000951096 0.00181788 -0.00187441 0.00911607 -0.00358826 0.00160705 -0.00320056 -0.00103092 0.00114577 0.00473894 -0.00789526 -0.00642504 -0.00285047 -0.00437326 -0.0039908 0.0100175
internal_weight=3757.96 2229.36 1528.61 1137.16 801.841 1092.2 726.766 884.223 626.888 125.719 38.7561 501.17 86.9626 510.269 341.398 85.0768 256.321 814.014 428.353 168.871 393.351 105.418 160.658 477.538 35.0018 298.413 41.0294 35.5689 287.934 432.566
internal_count=15763 9274 6489 4594 3513 4680 2976 3818 2548 508 156 2040 352 2046 1368 341 1027 3503 1736 678 1594 426 645 1945 142 1240 168 146 1168 1871
is_linear=0
shrinkage=0.01


Tree=49
num_leaves=31
num_cat=0
split_feature=2 0 0 0 0 0 13 9 9 10 22 22 2 29 5 9 10 17 16 28 16 17 16 6 6 29 6 10 0 29
split_gain=1539.06 237.455 133.264 45.2087 21.2575 15.4115 13.4559 12.1739 8.89816 11.0241 13.0692 11.8298 8.72099 11.3939 14.7559 8.76016 8.46444 7.08593 6.59873 10.1657 7.7972 8.80754 6.65389 6.30479 5.75808 7.94561 6.88114 5.3658 6.31857 6.34003
threshold=0.025465501473428801 -0.77757723751661134 0.81635007292352191 -0.28322645968490062 1.5056581414354833 0.50425984259590273 -1.2401268835255583 1.0278431420327223 0.45388732896799172 -0.81283856232308704 -0.23650556525546129 -0.67839836365443984 -0.51328987789633274 -0.062944515180949276 -0.65462856445019846 0.65377096393864764 -1.5420047789943683 0.55435190750606533 -0.33235682965025121 -1.6626545602677643 0.28252527358629625 0.35266650094952195 -2.2756001308307927 0.70253193653776203 -1.1420760822811282 -0.8015890296468946 -1.2130912187997924 -0.16177704083546354 -1.3968373785588175 0.33936227165343685
decision_type=2 2 2 2 2 2 2 2 2 2 2 2 2 2 2 2 2 2 2 2 2 2 2 2 2 2 2 2 2 2
left_child=1 6 5 12 -4 18 27 24 9 11 -11 -5 16 14 -14 -15 -3 -18 19 -2 23 -22 -21 -20 26 -26 -8 -1 -29 -30
right_child=2 3 4 8 -6 -7 7 -9 -10 10 -12 -13 13 15 -16 -17 17 -19 20 22 21 -23 -24 -25 25 -27 -28 28 29 -31
leaf_value=0.01257405613354572 -0.012172022257121322 -0.0050518742366398306 -0.0091297725005409901 -0.0082708079778817667 -0.012502265616071609 -0.0063689993691303229 0.0084432541008279908 -0.0051134675390216355 -0.0021043213329689325 0.0049415514228596585 0.00019807992284701388 1.8644000696528426e-05 0.0049922339609544345 0.0055089394281931893 -0.0011505208401443499 -0.0012629086367392693 0.0060785849913807853 0.0031061601320518952 -0.0058357123752131156 -0.011772391915603198 -0.00042303562516831392 -0.0049658914162283374 -0.0009743225412359338 -0.015655232852791533 0.01113321331134859 0.0083013226977804878 0.0042203086070627168 0.014108073268599277 0.0064615595423941491 0.01170225208738299
leaf_weight=127.59495145082474 9.1060964912176114 8.0246359407901746 489.90443873405457 22.699296206235886 309.41504183411598 298.03015337884426 105.08106842637062 6.4650794863700858 136.02501264214516 94.705934137105942 151.18629881739616 69.322637170553207 59.973723560571671 149.66953675448895 111.52626127004623 21.591309249401093 279.41715641319752 115.31756485998631 102.36199744045734 5.8397480845451346 73.774636432528496 102.90621677041054 163.39390866458416 7.0880905091762534 137.03208328783512 403.30307283997536 63.460036158561707 25.530002549290657 64.172182843089104 38.090641021728516
leaf_count=568 37 33 2108 91 1405 1240 449 26 545 380 606 278 244 609 448 87 1147 470 416 24 299 418 659 29 588 1725 272 115 280 167
internal_value=0 0.00540847 -0.00758398 0.00246926 -0.0104379 -0.00458996 0.00909912 0.00838677 5.21689e-05 0.000923573 0.00203037 -0.00202204 0.00400429 0.00282374 0.000993437 0.00464912 0.00500554 0.00521376 -0.00344515 -0.00192377 -0.0043889 -0.00307595 -0.00135957 -0.00649447 0.00851201 0.00902328 0.00686258 0.0110864 0.00958463 0.0084329
internal_weight=3752.01 2190.19 1561.82 1219.46 799.319 762.501 970.729 715.341 473.939 337.914 245.892 92.0219 745.52 342.761 171.5 171.261 402.759 394.735 464.471 178.34 286.131 176.681 169.234 109.45 708.876 540.335 168.541 255.388 127.793 102.263
internal_count=15763 9128 6635 4938 3513 3122 4190 3060 1900 1355 986 369 3038 1388 692 696 1650 1617 1882 720 1162 717 683 445 3034 2313 721 1130 562 447
is_linear=0
shrinkage=0.01


Tree=50
num_leaves=31
num_cat=0
split_feature=2 14 2 2 14 18 2 2 9 8 10 19 28 11 6 23 19 2 2 29 7 21 14 19 21 23 20 21 23 14
split_gain=1511.1 234.049 126.724 40.6343 18.7959 16.7744 16.3406 12.8167 11.495 9.98937 9.80238 8.78253 8.72923 8.01073 9.14555 9.95182 7.60742 11.7862 10.2522 8.77741 7.51376 7.13991 7.016 6.42134 6.38515 6.24193 5.96835 5.75465 5.71534 5.33796
threshold=0.025465501473428801 -0.76187019327678085 0.83617682297047102 -0.3513946844737631 1.6156101133266463 -1.1347982542103303 0.45905222486395497 -1.3981333279770796 1.0278431420327223 -1.4982913218201239 -0.82737640062430551 0.33704073096706694 -0.020407024246975106 0.7217659893182321 -0.13206765993984285 -1.015127606220837 -1.0662034058305068 -0.51328987789633274 -0.61801113555137166 -0.17397844719656597 -0.078861439934249253 0.64695458410052986 0.93405228338487822 -0.44235890648510706 0.39560789564455706 0.3966602351183352 -0.018291979642816956 -0.65001216663594941 0.6003681098777135 -0.42197049343025245
decision_type=2 2 2 2 2 2 2 2 2 2 2 2 2 2 2 2 2 2 2 2 2 2 2 2 2 2 2 2 2 2
left_child=1 7 6 16 -4 12 13 -1 11 -7 -11 -9 -5 14 -2 -16 29 18 -18 -19 -14 25 23 26 -10 -15 -8 -13 -25 -3
right_child=2 3 4 5 -6 9 22 8 24 10 -12 27 20 21 15 -17 17 19 -20 -21 -22 -23 -24 28 -26 -27 -28 -29 -30 -31
leaf_value=0.012762934830033908 0.0045778161246374464 0.0055358206401560353 -0.0092918402969470165 0.0084429366348647023 -0.012634258330727507 0.0075256736351723124 -0.0053681557807727263 0.009551034737329208 -0.0041014170840184628 -0.0034001168369874189 0.00023537458282258769 0.0095573154755863709 0.0040584187480975547 -0.005339810607062445 0.0019769436890655014 -0.0036092708534849229 0.0034922731321249834 -0.00045249216509692938 0.0071301055988861866 0.0036627723791625533 -0.0060992525898240103 -0.0010663320489664532 0.0041806251765816429 -0.0063607682004733533 0.0093142163981968333 -0.011532967104034064 0.00094676530128136956 0.0065726615917021374 -0.0098207592220198488 0.011527879518011356
leaf_weight=83.660317614674568 17.199815660715103 71.462797701358795 517.59233030676842 35.819261655211449 255.40710985660553 16.106587007641792 97.577103167772293 559.2071026712656 10.87879338860512 91.432403445243835 388.93982967734337 94.43895135819912 29.936436891555786 61.822085648775101 36.280758276581764 248.24984581768513 208.29090659320354 93.020155340433121 125.54086627066135 115.79130831360817 9.463457375764845 26.813542321324348 6.2040848582983008 183.90678165853024 5.1366354823112479 22.897019132971764 17.334705382585526 228.66939243674278 67.43671327829361 19.486411467194557
leaf_count=378 69 295 2247 145 1163 65 402 2422 44 367 1560 403 121 252 146 1005 853 374 514 470 38 109 26 767 21 94 71 978 284 80
internal_value=0 0.00536163 -0.00752328 0.00240755 -0.010399 0.000472456 -0.00469189 0.00898582 0.00863157 -0.000192689 -0.000455075 0.00878398 0.0048704 -0.00331626 -0.00246245 -0.00289301 0.00415168 0.00369777 0.00486504 0.0018254 0.00158407 -0.00561283 -0.00621423 -0.00639414 0.00017043 -0.00703705 -0.00440685 0.00745081 -0.00729661 0.00684189
internal_weight=3746 2187.28 1558.72 1205.29 772.999 571.698 785.722 981.991 898.331 496.479 480.372 882.315 75.2192 413.263 301.73 284.531 633.592 542.643 333.832 208.811 39.3999 111.533 372.459 366.255 16.0154 84.7191 114.912 323.108 251.343 90.9492
internal_count=15763 9128 6635 4882 3410 2296 3225 4246 3868 1992 1927 3803 304 1675 1220 1151 2586 2211 1367 844 159 455 1550 1524 65 346 473 1381 1051 375
is_linear=0
shrinkage=0.01


Tree=51
num_leaves=31
num_cat=0
split_feature=2 14 0 0 0 0 13 7 17 3 13 17 25 20 20 28 29 23 2 16 25 25 14 28 5 29 23 11 21 19
split_gain=1483.64 230.552 130.244 42.5558 21.1124 14.9105 13.9001 10.8914 8.61416 8.4909 12.2388 9.80224 8.40093 8.26887 7.46339 8.40178 7.31154 10.4469 7.21799 9.14718 6.88766 6.57158 6.76986 6.80629 6.20076 5.89544 5.79813 5.94477 6.63474 5.57024
threshold=0.025465501473428801 -0.76187019327678085 0.81635007292352191 -0.28322645968490062 1.5056581414354833 0.50425984259590273 -1.2401268835255583 1.1009230929903093 -0.37597946634381602 -0.9763427765008833 -0.22891361771090035 -0.25142309737599983 0.62808961514793615 0.25367238961574551 1.0815947836629627 -1.0805036104709163 0.53946677360290851 1.4181021165726315 -0.21303652336342691 -1.2345218003239251 0.67193303575143226 1.8460226177719032 -0.14085447232045956 -1.5831416974969708 0.23402144820569662 1.1611010609505661 -1.3486131569830691 0.64116595701697843 -0.80935694480256737 -1.4506447805508638
decision_type=2 2 2 2 2 2 2 2 2 2 2 2 2 2 2 2 2 2 2 2 2 2 2 2 2 2 2 2 2 2
left_child=1 6 5 9 -4 21 -1 20 14 13 12 -12 -11 -3 15 -5 17 -9 25 -20 24 22 -2 -24 -8 -10 27 28 -7 -28
right_child=2 3 4 8 -6 26 7 16 18 10 11 -13 -14 -15 -16 -17 -18 -19 19 -21 -22 -23 23 -25 -26 -27 29 -29 -30 -31
leaf_value=0.010949636014758835 0.0072870433371136 0.0067212986743589997 -0.00899163602781544 0.0073855028405401344 -0.012364369215981866 -0.0082840847018929107 0.010129515395436406 0.0042270794762108198 -0.0045607829349302307 0.0028647233393138899 0.005543864937379077 -0.010415312081038046 0.005575092754043629 -0.0040663164238119711 -0.0062208795733851557 0.0013360917485431643 0.0092416888645399618 -0.0093199709569307832 0.010604201326461419 -0.00039136873360735223 0.0069077856493253856 0.0030958650281024376 -0.0086643843739360998 -0.0034171031467427715 0.0076699112876118941 0.0028926133552399009 -0.0016426461104222263 0.0068498099513008759 0.00031269768492089048 -0.0072453119052557306
leaf_weight=253.68798652291298 5.4934784024953833 130.84957794845104 487.49492855370045 28.098813951015472 306.77444775402546 18.806064963340759 307.20170828700066 49.702239722013474 71.098038226366043 416.12838576734066 5.6746567189693478 11.17832465469837 159.8025498688221 7.3314692527055731 10.485087931156157 127.88908728957176 24.729622796177864 6.2948614656925193 7.7397027462720862 216.33787231147289 173.8943512737751 14.934060066938398 26.540477856993675 417.09981082379818 164.02641600370407 12.229198753833769 19.765880137681961 5.4579038023948661 16.670191943645477 236.57220415771008
leaf_count=1130 22 539 2108 113 1405 78 1333 208 285 1692 23 45 653 30 42 513 104 26 31 867 744 60 108 1692 701 49 82 22 68 990
internal_value=0 0.00531521 -0.0074631 0.00238445 -0.010297 -0.00450441 0.00891844 0.00820574 4.80837e-05 0.00389751 0.00337233 -0.00498162 0.00361934 0.00613918 0.00188157 0.00243624 0.00470619 0.00267248 -0.000941866 -2.55703e-06 0.00864131 -0.00337838 -0.00359652 -0.00373515 0.0092773 -0.00345277 -0.00625715 -0.00271249 -0.00422685 -0.00681801
internal_weight=3739.99 2184.38 1555.61 1204.84 794.269 761.34 979.537 725.849 473.878 730.965 592.784 16.853 575.931 138.181 166.473 155.988 80.7267 55.9971 307.405 224.078 645.122 464.068 449.134 443.64 471.228 83.3272 297.272 40.9342 35.4763 256.338
internal_count=15763 9128 6635 4882 3513 3122 4246 3116 1900 2982 2413 68 2345 569 668 626 338 234 1232 898 2778 1882 1822 1800 2034 334 1240 168 146 1072
is_linear=0
shrinkage=0.01


Tree=52
num_leaves=31
num_cat=0
split_feature=0 14 0 0 0 0 0 7 13 14 23 0 18 28 26 26 5 6 23 29 23 11 21 0 17 1 15 21 19 13
split_gain=1448.19 239.665 120.314 38.4982 21.0205 19.8838 13.1185 11.1234 11.2553 10.9374 10.9194 10.8589 9.25946 7.96126 7.8878 8.93004 7.12432 6.91411 6.83284 6.29265 5.70157 5.83002 6.51898 5.6873 5.51329 5.50041 7.38602 6.81102 5.47672 6.09657
threshold=0.053640375622855771 -0.70657401635917227 0.81635007292352191 -0.28322645968490062 1.5056581414354833 -0.83221870665800235 0.50425984259590273 0.79904954882914847 -0.7437741998042614 -0.46919547157914315 -0.89466438886836686 -1.4207684488009822 0.74415044504447647 0.56293218803720746 0.70582932512857888 -0.18982884958079277 -0.011776971277908988 -0.2542761649913618 1.1025269831237743 0.17589552063296854 -1.3486131569830691 0.64116595701697843 -0.80935694480256737 0.1695826930470111 1.3976068298333646 -1.7360371552004012 -0.1791473484708197 0.60391527281547641 -1.4506447805508638 0.97180839155479193
decision_type=2 2 2 2 2 2 2 2 2 2 2 2 2 2 2 2 2 2 2 2 2 2 2 2 2 2 2 2 2 2
left_child=1 5 6 7 -4 11 17 8 13 -10 -9 -1 25 -3 15 -14 -13 -2 19 -19 21 22 -8 -20 -16 26 -5 -27 29 -22
right_child=2 3 4 12 -6 -7 20 10 9 -11 -12 16 14 -15 24 -17 -18 18 23 -21 28 -23 -24 -25 -26 27 -28 -29 -30 -31
leaf_value=0.013027154456348477 0.0080882641018424663 0.0010775309074504637 -0.0089239426254614663 -0.0024503526871565667 -0.012295404378264001 0.0057124034127826349 -0.0082144031932193887 0.0066840968925754342 0.0060587678160137284 0.0031044426503744589 -0.0016408324179301467 0.0097435911718541501 -0.0013636233392909142 -0.01094036984582129 -0.0006174112591907072 -0.0081679954266677644 0.007826505952434535 -0.0042888343603203882 -0.0016104033106333229 -0.0016387578712849498 0.0030698954702522672 0.0067788484630106364 0.00030957630032603606 -0.0087488708462887931 0.0095672987596650723 0.0011438850938226023 0.01131980524077271 -0.0018967688998166141 -0.0071838854882418082 -0.0080825442516486278
leaf_weight=69.023352175951004 4.9832317233085623 22.347425311803821 486.28776401281357 5.9695024192333248 305.41757272183895 207.02476963400841 18.77693247795105 20.437859803438187 237.81839452683926 270.353550568223 67.412228956818581 427.92063149809837 44.877194061875343 7.1656088382005683 23.206263884902004 34.371200725436211 378.11673986911774 198.68702578544617 15.794906944036482 166.42248101532459 11.378947988152506 5.4609185755252829 16.670899286866188 41.732201859354973 6.7357091307640067 285.48877061903477 10.426909402012823 99.037752121686935 236.21175493299961 8.3808868527412397
leaf_count=315 20 91 2108 24 1405 862 78 83 976 1097 272 1871 180 29 93 138 1632 807 64 674 47 22 68 171 27 1145 42 397 990 35
internal_value=0 0.00514943 -0.00753146 0.00193911 -0.0102272 0.00851724 -0.00458327 0.00360162 0.00414069 0.00448992 0.000289946 0.00917895 -9.79068e-05 -0.00183367 -0.00267986 -0.00433396 0.0088466 -0.00345535 -0.00359571 -0.00308441 -0.00620283 -0.0026866 -0.0041879 -0.00681245 0.00166466 0.000603281 0.00626137 0.000357852 -0.00675961 -0.0016268
internal_weight=3733.94 2217.73 1516.21 1135.65 791.705 1082.09 724.5 625.535 537.685 508.172 87.8501 875.061 510.113 29.513 109.19 79.2484 806.037 427.62 422.637 365.11 296.88 40.9088 35.4478 57.5271 29.942 400.923 16.3964 384.527 255.972 19.7598
internal_count=15763 9274 6489 4594 3513 4680 2976 2548 2193 2073 355 3818 2046 120 438 318 3503 1736 1716 1481 1240 168 146 235 120 1608 66 1542 1072 82
is_linear=0
shrinkage=0.01


Tree=53
num_leaves=31
num_cat=0
split_feature=2 0 0 0 0 0 13 9 9 10 22 22 1 2 25 9 8 24 16 15 16 23 28 16 16 6 1 29 15 23
split_gain=1430.57 223.799 127.162 41.8712 20.931 14.4065 13.2077 11.7525 8.58911 10.6656 12.7831 11.6384 8.53735 12.1762 8.66769 7.53801 8.02829 7.35279 6.91653 6.63308 6.45593 10.7892 9.92679 8.74565 6.55343 5.72319 9.39217 7.91025 5.71607 5.6067
threshold=0.025465501473428801 -0.77757723751661134 0.81635007292352191 -0.28322645968490062 1.5056581414354833 0.50425984259590273 -1.2401268835255583 1.0278431420327223 0.45388732896799172 -0.81283856232308704 -0.23650556525546129 -0.67839836365443984 0.77847929994872722 -0.3513946844737631 -1.1500209059430899 0.80158984976222547 0.50438756739264534 -0.57016457174841617 -1.2137225621127381 -1.0683729916592806 -0.33235682965025121 1.1025269831237743 -1.6626545602677643 0.33721217327536462 -2.2756001308307927 -1.1420760822811282 1.0235794474220037 -0.8015890296468946 1.8453724617282039 -1.3486131569830691
decision_type=2 2 2 2 2 2 2 2 2 2 2 2 2 2 2 2 2 2 2 2 2 2 2 2 2 2 2 2 2 2
left_child=1 6 5 12 -4 20 -1 25 9 11 -11 -5 15 14 -14 16 -3 -15 -17 -10 22 23 -2 -22 -24 26 -8 -27 -21 -7
right_child=2 3 4 8 -6 29 7 -9 19 10 -12 -13 13 17 -16 18 -18 -19 -20 28 21 -23 24 -25 -26 27 -28 -29 -30 -31
leaf_value=0.010815000185099849 -0.011955541699115514 0.0042067535586694836 -0.0088569210118804361 -0.0081910154698499413 -0.012227329825027651 -0.0026609888663650699 0.00758241587115349 -0.0051407674006453486 0.007323107085497208 0.0048746847344899574 0.00018263938096616276 3.2504081104181631e-05 -0.0030775351182255133 0.002720653367484005 0.0037174038199651706 0.010679955044611991 0.0075399365616483994 -0.012077538029674286 -0.00079248912264152081 -0.0030415918151406218 -0.0057030606646483331 -0.0093209987236337923 -0.011605356329884615 -0.0018881421863802806 -0.00087193025921428343 0.010875352875685291 0.000835027176885982 0.0080376136947497793 0.0072530441963600317 -0.0067018104721805749
leaf_weight=251.97649273276329 9.0742564648389799 450.40893791615963 485.0747517645359 22.690667301416397 304.05418880283833 40.882856696844101 142.57697387039661 6.462431773543357 6.9796999096870413 94.666111841797829 151.16151429712772 69.303798675537109 21.972291961312294 4.9763797521591178 121.13827307522297 5.8841035366058341 87.471555471420288 9.464509189128874 42.432703167200089 123.52767246961594 104.43918243050575 36.738800868391991 5.818462833762168 144.3980385363102 163.22531117498875 135.67687481641769 24.54487931728363 399.74538804590702 5.4930480420589438 255.60119438171387
leaf_count=1130 37 1843 2108 91 1405 168 616 26 28 380 606 278 89 20 493 24 359 38 172 495 425 151 24 586 659 588 105 1725 22 1072
internal_value=0 0.00522413 -0.00734542 0.00237525 -0.0101582 -0.00442324 0.00883203 0.00812445 4.96822e-05 0.000906003 0.00199482 -0.00199168 0.00385525 0.00177644 0.00266575 0.00441187 0.00475196 -0.00692562 0.000603164 -0.00206916 -0.00331651 -0.00425097 -0.00181114 -0.00349496 -0.00125393 0.00824861 0.00659851 0.00876047 -0.00259028 -0.00614907
internal_weight=3727.86 2178.55 1549.31 1217.57 789.129 760.178 960.983 709.007 473.823 337.822 245.828 91.9945 743.749 157.551 143.111 586.197 537.88 14.4409 48.3168 136 463.694 285.576 178.118 248.837 169.044 702.544 167.122 535.422 129.021 296.484
internal_count=15763 9128 6635 4938 3513 3122 4190 3060 1900 1355 986 369 3038 640 582 2398 2202 58 196 545 1882 1162 720 1011 683 3034 721 2313 517 1240
is_linear=0
shrinkage=0.01


Tree=54
num_leaves=31
num_cat=0
split_feature=2 0 0 0 0 0 13 9 9 3 13 25 29 1 7 15 25 4 11 6 1 29 15 23 11 15 19 29 9 0
split_gain=1404.65 220.489 125.688 41.0736 20.8438 14.1699 13.1021 11.5538 8.41769 8.38607 13.4918 8.28012 6.88701 13.8145 9.28701 6.50424 6.41866 6.58459 6.59672 5.64467 9.24253 7.81587 5.60427 5.51452 5.71878 5.98489 5.41386 5.28213 5.2591 5.41362
threshold=0.025465501473428801 -0.77757723751661134 0.81635007292352191 -0.28322645968490062 1.5056581414354833 0.50425984259590273 -1.2401268835255583 1.0278431420327223 0.45388732896799172 -0.84278581836037514 -0.22891361771090035 0.62808961514793615 1.3904728947797975 -0.48168134120018019 0.60083833576690093 -1.0683729916592806 1.8460226177719032 -0.028195935911883442 0.7217659893182321 -1.1420760822811282 1.0235794474220037 -0.8015890296468946 1.8453724617282039 -1.3486131569830691 0.64116595701697843 -1.026463365824017 -0.44235890648510706 1.5750770227910968 -0.10392639579365452 -1.3968373785588175
decision_type=2 2 2 2 2 2 2 2 2 2 2 2 2 2 2 2 2 2 2 2 2 2 2 2 2 2 2 2 2 2
left_child=1 6 5 9 -4 16 28 19 12 -3 11 -11 14 -14 -5 -10 17 -2 -19 20 -8 -21 -17 24 25 -7 -25 -28 -1 -30
right_child=2 3 4 8 -6 23 7 -9 15 10 -12 -13 13 -15 -16 22 -18 18 -20 21 -22 -23 -24 26 -26 -27 27 -29 29 -31
leaf_value=0.012234946717315247 0.0060233228649269359 0.0058365981058020608 -0.0087905572286886887 3.0178836764758419e-05 -0.012160122384780933 0.0025702347018441958 0.0075222893843445047 -0.005089245758883725 0.0072536939750613072 0.0027421024263283374 -0.0065053776321210314 0.0054630596201679198 0.015063823828007994 0.0009836433404109726 0.0083532046800056797 -0.0030114227501672869 0.0031139138068028904 -0.0029728067076838565 -0.0058795317030817494 0.010799473374657028 0.00082688644086753539 0.0079746600793152329 0.0071811712064826652 -0.0046122725496109849 0.0067362813276770029 -0.0066183907679093559 -0.0080896780107280152 0.00069441521420408078 0.013429346348114043 0.0081632318861935647
leaf_weight=124.99866163730621 6.9795930981636038 162.33921568095684 483.85630910098553 290.24334965646267 302.68472684919834 9.4986178427934629 142.28172709047794 6.4635828584432593 6.9769964814186087 411.78933572769165 13.674591198563574 155.51916900277138 9.8850107938051206 23.697813123464584 13.968933120369909 123.51859492063522 14.931229293346403 338.46896263957024 103.11274752020836 135.26663325726986 24.539671316742897 398.87720485031605 5.4935434162616721 88.755870714783669 5.4626706242561331 25.90476205945015 159.55894936621189 6.9183201044797888 25.644601434469223 100.43565268814564
leaf_count=567 28 669 2108 1164 1405 39 616 26 28 1677 55 637 40 95 56 495 60 1372 422 588 105 1725 22 370 22 107 673 29 118 445
internal_value=0 0.005179 -0.0072871 0.00235245 -0.0100899 -0.00438257 0.00876647 0.0080613 4.92496e-05 0.00381894 0.00325253 0.00349061 0.000897036 0.00519021 0.000418264 -0.0020484 -0.00328498 -0.00350086 -0.00365499 0.0081847 0.00654446 0.00869378 -0.00256443 -0.0060956 -0.00263553 -0.00412465 -0.00664443 -0.00771844 0.0107453 0.00925207
internal_weight=3721.75 2175.61 1546.13 1217.11 786.541 759.592 958.508 707.429 473.784 743.322 580.983 567.309 337.795 33.5828 304.212 135.989 463.493 448.561 441.582 700.965 166.821 534.144 129.012 296.099 40.8661 35.4034 255.233 166.477 251.079 126.08
internal_count=15763 9128 6635 4938 3513 3122 4190 3060 1900 3038 2369 2314 1355 135 1220 545 1882 1822 1794 3034 721 2313 517 1240 168 146 1072 702 1130 563
is_linear=0
shrinkage=0.01


Tree=55
num_leaves=31
num_cat=0
split_feature=2 14 2 2 13 2 1 13 7 11 29 24 21 11 6 26 22 22 19 2 2 29 29 21 28 29 2 16 9 11
split_gain=1379.2 217.58 119.692 36.9289 18.6006 15.063 14.9508 13.5111 10.4405 9.88399 10.4042 8.4332 8.43888 7.74407 8.88977 7.7103 7.51458 7.89538 7.29405 11.4099 10.1577 8.50067 7.21064 7.01976 6.63235 6.43956 6.11138 6.10053 5.72786 5.69538
threshold=0.025465501473428801 -0.76187019327678085 0.83617682297047102 -0.3513946844737631 1.3356225278686242 0.45905222486395497 0.064910218586029717 -1.2401268835255583 1.1009230929903093 -0.69163902063410665 1.2492261679986849 1.1085957306251191 -1.3802887956093917 0.7217659893182321 -0.13206765993984285 -0.68413000959268533 -0.087375074946481987 0.041599925578363076 -1.0662034058305068 -0.51328987789633274 -0.61801113555137166 -0.59794901108431719 0.53946677360290851 0.64695458410052986 1.1367745523562898 -0.78932305101083655 0.66437679752007861 0.48608297196949329 -0.35614686867182754 0.65048195227819605
decision_type=2 2 2 2 2 2 2 2 2 2 2 2 2 2 2 2 2 2 2 2 2 2 2 2 2 2 2 2 2 2
left_child=1 7 5 18 -4 13 9 -1 -9 15 -11 12 25 14 -2 -5 28 -18 -3 20 -20 -21 -10 -15 27 -7 -26 -13 -8 -16
right_child=2 3 4 6 -6 11 16 8 22 10 -12 24 -14 23 29 -17 17 -19 19 21 -22 -23 -24 -25 26 -27 -28 -29 -30 -31
leaf_value=0.010676973310757851 0.0046227421211174026 0.0065990718799369009 -0.0083708426378471586 0.0098936993188070473 -0.011530221245432652 0.0067195388144899483 -0.0029686352784965742 0.0083841555191585659 0.0024989973811112439 -2.9101530329552549e-05 0.006422623447813006 -0.0023802448172958093 -0.0071367078281406246 -0.0068362804250593438 -0.0029551568089216046 0.0030260431273226021 -0.010061690744145889 -0.0021155136631880785 0.0032962571802334722 -0.0012485374858113658 0.0069229142622377936 0.0030632412562195716 0.009038708201204811 -0.00090979158573495659 -0.00078795183715870776 -0.0041751861825688975 -0.011314544990199585 0.0066337216932086645 0.0018188965487601857 0.0068260205602750871
leaf_weight=250.16936883330345 17.192846447229385 90.497044429183006 355.61820739507675 21.949210375547409 404.8700407743454 7.1843548268079784 34.668883934617043 639.17518019676208 55.760764300823212 194.82596969604492 28.523691475391388 27.125814646482468 281.83394281566143 84.423892214894295 278.09756065905094 67.000010371208191 13.961176723241804 122.18053132295609 207.59685932099819 67.106139823794365 125.07464711368084 141.34058049321175 24.582552075386047 26.751427620649338 10.08319164812565 20.836467280983925 12.726119652390478 10.262942388653753 88.257010325789452 5.9315234869718543
leaf_count=1130 69 375 1550 89 1860 30 139 2778 234 782 115 113 1181 346 1127 271 56 490 853 270 514 574 104 109 42 87 54 43 354 24
internal_value=0 0.00513432 -0.00722929 0.0022917 -0.0100554 -0.00448024 0.000447433 0.00865921 0.00795488 0.00192178 0.00079287 -0.00594822 -0.00661563 -0.00315945 -0.0023198 0.00474115 -0.00132605 -0.00294451 0.00395813 0.00351347 0.00466445 0.0016704 0.00452113 -0.00542131 -0.00249104 -0.00133233 -0.00672851 7.84441e-05 0.000459221 -0.00274504
internal_weight=3715.61 2172.67 1542.94 1202.98 760.488 782.45 571.366 969.688 719.518 312.299 223.35 370.053 309.855 412.397 301.222 88.9492 259.068 136.142 631.615 541.118 332.672 208.447 80.3433 111.175 60.1981 28.0208 22.8093 37.3888 122.926 284.029
internal_count=15763 9128 6635 4882 3410 3225 2296 4246 3116 1257 897 1550 1298 1675 1220 360 1039 546 2586 2211 1367 844 338 455 252 117 96 156 493 1151
is_linear=0
shrinkage=0.01


Tree=56
num_leaves=31
num_cat=0
split_feature=2 0 0 0 0 0 9 0 9 10 22 22 3 2 27 9 15 23 16 9 10 20 15 23 11 15 5 2 9 10
split_gain=1354.21 214.127 122.907 39.5874 20.7293 13.7336 12.5377 11.7269 8.23098 10.3612 12.4258 11.4185 8.16209 10.9809 12.9154 6.76292 6.3817 6.33562 8.27782 7.88711 6.36252 6.01388 5.48603 5.41955 5.61982 5.88465 5.32062 5.44746 5.03996 5.66527
threshold=0.025465501473428801 -0.77757723751661134 0.81635007292352191 -0.28322645968490062 1.5056581414354833 0.50425984259590273 1.0278431420327223 -1.4207684488009822 0.45388732896799172 -0.81283856232308704 -0.23650556525546129 -0.67839836365443984 -0.84278581836037514 -0.47050080481470974 -0.35355181743828357 -1.4589753333548587 -1.0683729916592806 0.55892707099278505 -1.2549984805698751 -1.9106642531055771 -1.4277038074454451 -0.18237940873558625 1.8453724617282039 -1.3486131569830691 0.64116595701697843 -1.026463365824017 -0.011776971277908988 -0.88200320647078378 0.15137679590714517 -0.7361120479367721
decision_type=2 2 2 2 2 2 2 2 2 2 2 2 2 2 2 2 2 2 2 2 2 2 2 2 2 2 2 2 2 2
left_child=1 6 5 12 -4 17 7 -1 9 11 -11 -5 -3 15 -15 -14 -10 20 -19 -20 -2 -22 -18 24 25 -7 27 -9 29 -25
right_child=2 3 4 8 -6 23 -8 26 16 10 -12 -13 13 14 -16 -17 22 18 19 -21 21 -23 -24 28 -26 -27 -28 -29 -30 -31
leaf_value=0.012776144778173952 -0.0067376202710337707 0.0057405663121999941 -0.0086587160952295988 -0.0081137347603327196 -0.012031288217574336 0.0026013313896151042 -0.0050808059052345833 0.0097044725960986084 0.0071872990146959826 0.0047978581615854025 0.00017107735783351331 3.2962249743461196e-05 -0.007280080254320696 -0.0015117094638346673 0.0034128133431892368 0.0044305858638729071 -0.0029818684202561471 0.0010053294197547476 0.0020070358403580239 -0.0071338777792642706 -0.0002132232286137923 -0.0031251282394084692 0.0071018730752813253 -0.007474483541753665 0.0067309133164331634 -0.0065140252324426143 0.0075740412912822762 0.0068950441503038227 -0.008005856913193608 -0.0032509850890551401
leaf_weight=67.856638923287392 32.274150624871254 162.03338821232319 481.37833853065968 22.681514576077461 299.9945297986269 9.494042754173277 6.4639288187026969 375.44282665848732 6.9741438478231421 94.626425117254257 151.14075988531113 69.294544458389282 4.8505450189113608 88.886450618505478 131.86619228124619 354.8032942712307 123.50482492148876 18.24681293964386 10.247666344046591 95.447436258196831 113.0636250525713 193.80361977219582 5.4938338547945014 58.457515671849251 5.4628197103738776 25.852548763155937 414.18579570949078 89.597272545099258 123.19714610278606 72.852661818265915
leaf_count=315 131 669 2108 91 1405 39 26 1662 28 380 606 278 20 357 535 1457 495 74 42 390 458 787 22 246 22 107 1801 386 520 306
internal_value=0 0.00509004 -0.00717186 0.0023069 -0.00995621 -0.00430092 0.00863801 0.00873322 4.60082e-05 0.00088444 0.0019578 -0.0019718 0.00374792 0.00318901 0.00142563 0.00426789 -0.00202835 -0.00322041 -0.00516286 -0.00623711 -0.00250626 -0.00205593 -0.0025395 -0.00599022 -0.00255822 -0.00403701 0.00841864 0.00916694 -0.00653538 -0.0051431
internal_weight=3709.48 2169.7 1539.77 1216.16 781.373 758.4 953.546 947.083 473.716 337.743 245.767 91.9761 742.44 580.406 220.753 359.654 135.973 463.083 123.942 105.695 339.141 306.867 128.999 295.317 40.8094 35.3466 879.226 465.04 254.507 131.31
internal_count=15763 9128 6635 4938 3513 3122 4190 4164 1900 1355 986 369 3038 2369 892 1477 545 1882 506 432 1376 1245 517 1240 168 146 3849 2048 1072 552
is_linear=0
shrinkage=0.01


Tree=57
num_leaves=31
num_cat=0
split_feature=0 0 0 0 0 13 0 9 18 1 0 18 26 29 9 8 16 7 1 15 11 23 11 15 19 13 22 9 29 8
split_gain=1322.25 222.086 113.618 42.6592 20.6475 13.4763 12.0765 11.0384 8.97611 7.83438 11.24 8.96127 6.94353 7.91804 6.64995 7.69192 6.62575 6.52174 6.36239 7.27558 5.78644 5.33094 5.51101 5.77711 5.38568 5.97924 5.30146 5.24228 5.40616 7.25239
threshold=0.053640375622855771 -0.76884265958210041 0.81635007292352191 -0.28322645968490062 1.5056581414354833 -1.2401268835255583 0.50425984259590273 1.0278431420327223 2.0541403363358097 0.80518994256183996 -0.3012631624324642 1.3693994204506297 1.3833541197290253 0.85409610736990194 0.80158984976222547 0.41358463363459791 -1.2137225621127381 -0.5463229264108308 -1.7360371552004012 -0.1791473484708197 -0.63456031576379079 -1.3486131569830691 0.64116595701697843 -1.026463365824017 -1.4506447805508638 0.97180839155479193 -0.38874651527012166 -0.10392639579365452 0.33936227165343685 -0.51014709365332311
decision_type=2 2 2 2 2 2 2 2 2 2 2 2 2 2 2 2 2 2 2 2 2 2 2 2 2 2 2 2 2 2
left_child=1 5 6 9 -4 27 12 -7 18 14 11 -11 13 17 15 -3 -16 -2 19 -5 -14 22 23 -8 25 -23 -20 -1 29 -29
right_child=2 3 4 8 -6 7 21 -9 -10 10 -12 -13 20 -15 16 -17 -18 -19 26 -21 -22 24 -24 -25 -26 -27 -28 28 -30 -31
leaf_value=0.012043435838873271 -0.0060811302530754101 0.0039213267475188898 -0.0085942557444678904 -0.0024542629371682406 -0.011966510130182344 0.007940321614091219 0.0025745379854113732 -0.0050299693631390254 -0.010247369948414022 0.0005362041879110502 -0.011138932475275629 0.0059696497601363311 -0.00034964684577895664 -0.00020810421838000356 0.01049411856052376 0.0069528606538149101 -0.00075348026162853812 -0.0027671929653215917 0.0013245832810711692 0.0112164462152622 -0.0099170361204513353 0.0032738859102719115 0.0066614961465728808 -0.0064566381130718945 -0.0069022971279579896 -0.0078047399574278278 -0.00087963492000349213 -0.0022981808380696592 0.011742045472982252 0.0083224141126991072
leaf_weight=123.53965085744858 82.150346398353577 423.52903735637665 480.14592531323433 5.9672683775424984 298.60978361964226 711.0485764592886 9.4979405999183637 6.4649706184864035 8.458153158426283 98.988798156380653 6.4716411828994742 44.006145089864731 8.6179417818784696 85.599208489060402 5.8661052882671347 106.08923780918121 42.143013969063759 224.07733282446861 165.42662620544434 10.414232909679411 26.227724641561508 11.338914245367052 5.4655762463808051 25.822544932365417 234.47289387881756 8.3211716264486295 319.63070501387119 6.8761961907148352 47.722194790840149 70.28518046438694
leaf_count=567 335 1737 2108 24 1405 3096 39 26 34 402 26 180 35 347 24 436 171 912 664 42 107 47 22 107 990 35 1282 31 216 316
internal_value=0 0.00493135 -0.00724005 0.00212423 -0.00988998 0.00852457 -0.00437784 0.00782138 -9.14699e-05 0.00367923 0.00162623 0.00221832 -0.00329565 -0.0029096 0.00420836 0.00453167 0.000619004 -0.00366117 7.98526e-05 0.00619128 -0.00758724 -0.00593844 -0.00253356 -0.00399944 -0.00647975 -0.00138033 -0.000125717 0.0105476 0.00905137 0.00736127
internal_weight=3703.28 2202.93 1500.35 1236.99 778.756 965.937 721.592 717.514 509.897 727.094 149.467 142.995 426.673 391.827 577.627 529.618 48.0091 306.228 501.439 16.3815 34.8457 294.919 40.7861 35.3205 254.133 19.6601 485.057 248.423 124.884 77.1614
internal_count=15763 9274 6489 5022 3513 4252 2976 3122 2046 2976 608 582 1736 1594 2368 2173 195 1247 2012 66 142 1240 168 146 1072 82 1946 1130 563 347
is_linear=0
shrinkage=0.01


Tree=58
num_leaves=31
num_cat=0
split_feature=2 0 0 0 0 0 13 9 17 3 13 25 2 16 28 8 22 16 28 16 17 16 6 6 6 29 6 10 0 29
split_gain=1305.93 207.855 120.051 38.0322 20.5676 13.269 12.7801 10.9432 8.10609 8.00461 13.0699 8.04715 7.11644 8.96869 7.00886 12.9294 7.89356 6.26244 9.80008 7.59499 8.62027 6.49502 6.18507 5.86061 5.61063 7.81003 6.98033 5.34555 6.31865 6.37417
threshold=0.025465501473428801 -0.77757723751661134 0.81635007292352191 -0.28322645968490062 1.5056581414354833 0.50425984259590273 -1.2401268835255583 1.0278431420327223 -0.37597946634381602 -0.84278581836037514 -0.22891361771090035 0.62808961514793615 -0.21303652336342691 -1.2345218003239251 -1.0805036104709163 -0.032046911698346871 -0.23650556525546129 -0.33235682965025121 -1.6626545602677643 0.28252527358629625 0.35266650094952195 -2.2756001308307927 0.70253193653776203 -0.20759149043590189 -1.1420760822811282 -0.8015890296468946 -1.2130912187997924 -0.16177704083546354 -1.3968373785588175 0.33936227165343685
decision_type=2 2 2 2 2 2 2 2 2 2 2 2 2 2 2 2 2 2 2 2 2 2 2 2 2 2 2 2 2 2
left_child=1 6 5 9 -4 17 27 24 14 -3 11 -11 23 -14 15 -5 -16 18 -2 22 -21 -20 -19 -10 26 -26 -8 -1 -29 -30
right_child=2 3 4 8 -6 -7 7 -9 12 10 -12 -13 13 -15 16 -17 -18 19 21 20 -22 -23 -24 -25 25 -27 -28 28 29 -31
leaf_value=0.011990685153439387 -0.011773128369183586 0.0056524395399354666 -0.0085304010519413453 0.010778669979909864 -0.011902512856078285 -0.005887139353429942 0.0078985529030917694 -0.0049797112419091025 -0.0016942553099662718 0.0026201882958183514 -0.0064810851629875186 0.005305719593654723 0.010524336527629798 -0.00036487181590911128 0.0042898932472272286 -0.0032816439278631412 -0.00081154395229013636 -0.0055138556509611988 -0.011447677482164192 -0.00015849287971595979 -0.0046598958994761635 -0.00074498644978570239 -0.015273318249499382 -0.0075852493901909148 0.010559027747172149 0.0077229151745987846 0.0036115296249398226 0.013573709550181371 0.0058125801547143476 0.011129003960328477
leaf_weight=123.29450088739395 9.045095428824423 161.75261305272579 478.90964168310165 20.079961687326435 297.22069483995438 294.51643405854702 103.11345858871937 6.4659210741519919 59.350350022315979 411.03471033275127 13.672132343053816 155.0952675640583 7.7374929487705222 216.25898492336273 45.038433715701103 9.481287404894827 91.77174137532711 101.86982773244381 5.7965679913759223 73.525663182139397 102.44320665299892 163.00620497763157 7.0286527872085562 23.937370181083679 133.90328305959702 395.2716152369976 62.278045028448105 24.576228022575378 62.615556553006172 37.021468356251717
leaf_count=568 37 669 2108 81 1405 1240 449 26 238 1677 55 637 31 867 181 38 368 416 24 299 418 659 29 96 588 1725 272 115 280 167
internal_value=0 0.00500326 -0.00705969 0.00226355 -0.00982441 -0.00422373 0.00851154 0.00781334 4.77873e-05 0.00367729 0.00312366 0.00335848 -0.000912579 1.13394e-05 0.00182705 0.00623948 0.000862471 -0.00316177 -0.00167847 -0.0040834 -0.0027859 -0.00112499 -0.00616637 -0.00340642 0.00793458 0.00844432 0.00629348 0.0104811 0.00896616 0.00780717
internal_weight=3697.11 2163.75 1533.36 1215.21 776.13 757.232 948.54 701.032 473.656 741.555 579.802 566.13 307.284 223.996 166.371 29.5612 136.81 462.715 177.848 284.867 175.969 168.803 108.898 83.2877 694.566 529.175 165.392 247.508 124.213 99.637
internal_count=15763 9128 6635 4938 3513 3122 4190 3060 1900 3038 2369 2314 1232 898 668 119 549 1882 720 1162 717 683 445 334 3034 2313 721 1130 562 447
is_linear=0
shrinkage=0.01


Tree=59
num_leaves=31
num_cat=0
split_feature=2 14 12 2 2 18 14 13 7 17 8 20 26 22 13 13 8 24 23 22 14 29 23 23 25 11 18 2 23 3
split_gain=1282.33 205.494 114.87 34.1851 19.3107 15.3875 13.829 13.1384 10.0783 9.8018 9.50823 9.40118 8.62839 8.41612 7.89275 9.33303 7.82726 7.33307 8.01884 13.1566 8.36166 7.09408 9.21201 7.02852 6.86896 6.8495 6.84977 7.95547 6.41668 9.89761
threshold=0.025465501473428801 -0.76187019327678085 0.93881108759236265 -0.3513946844737631 0.53970150539689477 -1.1347982542103303 1.6156101133266463 -1.2401268835255583 1.1009230929903093 1.1719536210089916 -1.4982913218201239 0.62710388996626165 0.57968327190593771 0.22633881178713397 0.33478195063611038 0.1818839961194236 -1.2847636253331736 0.82621576947120146 -1.3064306319267371 -1.3257526343604407 -0.30759757622741069 0.59953826475399297 1.4181021165726315 -1.5922105829802702 0.67193303575143226 1.0004162281918296 -0.20126328656419643 1.3293730082144257 -1.1397765954074057 -0.14188714844403358
decision_type=2 2 2 2 2 2 2 2 2 2 2 2 2 2 2 2 2 2 2 2 2 2 2 2 2 2 2 2 2 2
left_child=1 7 4 17 9 12 25 -1 24 28 -7 23 -5 -14 15 -11 -12 18 19 -3 -20 22 -10 -6 -9 26 -4 -28 29 -2
right_child=2 3 6 5 11 10 -8 8 21 14 16 -13 13 -15 -16 -17 -18 -19 20 -21 -22 -23 -24 -25 -26 -27 27 -29 -30 -31
leaf_value=0.01041562366101222 0.005093237713833079 0.00027120723004357092 -0.009693674574057589 0.0068308031293057136 0.00054675386929928162 0.0073315767721218771 -0.01204970612750593 0.0087796271312684422 0.0038820835643904247 -0.0084657362039219329 -0.0078335201883820791 -0.0084893613911726784 0.005487514677666192 -0.0068214422732651879 -0.01154952557923963 0.0020470451757891935 -0.00024085619917307046 0.0016809664912974926 0.0041593445379902259 0.01336519708625165 -0.0078974102716867917 0.009092756241371484 -0.0086473209862569234 -0.0056592605257806119 0.0063955027199950757 -0.011401581865935002 -0.0050006317768456435 -0.0099004963452095796 -0.003281578164851032 -0.003306502982018828
leaf_weight=246.58415143191814 24.54139207303524 11.700214743614195 169.30740858614445 52.99358694255352 19.602446421980858 16.063942641019821 245.32986986637115 462.22627846896648 50.895012095570564 19.827880576252937 13.902263164520262 133.43401898443699 11.083312869071962 10.906761154532431 24.364829018712044 14.380502909421919 466.12946146726608 130.2614379376173 459.20043696463108 23.132017016410828 5.6798965930938712 22.526091918349266 6.4962583482265464 215.21340154111385 170.98415610194206 96.044720754027367 97.801221624016762 51.712038367986679 386.16077490150928 32.423717185854912
leaf_count=1130 99 48 751 215 82 65 1163 2034 215 81 56 577 45 44 101 59 1871 535 1885 95 23 96 27 915 744 435 431 234 1575 132
internal_value=0 0.00496019 -0.007004 0.0022021 -0.00461418 0.000428034 -0.0101504 0.00841024 0.00771406 -0.00333241 -0.000208535 -0.00635635 0.0046476 -0.000575525 -0.00718589 -0.00402415 -0.000464417 0.0038084 0.00436052 0.00900889 0.00400822 0.00433232 0.00243388 -0.00513691 0.00813854 -0.00902223 -0.00829897 -0.00670751 -0.00281929 0.000297287
internal_weight=3690.91 2160.77 1530.14 1201.05 869.949 571.079 660.195 959.712 713.128 501.699 496.096 368.25 74.9837 21.9901 58.5732 34.2084 480.032 629.974 499.713 34.8322 464.88 79.9174 57.3913 234.816 633.21 414.865 318.821 149.513 443.126 56.9651
internal_count=15763 9128 6635 4882 3621 2296 3014 4246 3116 2047 1992 1574 304 89 241 140 1927 2586 2051 143 1908 338 242 997 2778 1851 1416 665 1806 231
is_linear=0
shrinkage=0.01


Tree=60
num_leaves=31
num_cat=0
split_feature=0 14 0 0 0 13 0 5 18 11 1 25 13 10 18 3 24 10 6 27 27 21 1 10 0 27 13 20 9 17
split_gain=1252.13 213.228 109.861 38.0614 20.4069 14.1736 11.4849 8.88588 8.79965 8.74825 8.10752 11.3772 13.6076 10.1222 9.84798 7.35968 8.15533 7.02634 6.68971 7.06907 5.87939 5.38766 5.47207 5.33784 6.31406 6.09658 5.27141 5.10184 4.83578 4.68221
threshold=0.053640375622855771 -0.75004391260691328 0.81635007292352191 -0.28322645968490062 1.5056581414354833 -1.2401268835255583 0.50425984259590273 0.61541473210536102 0.74415044504447647 -0.021599910297998345 0.77847929994872722 -0.64574594306994559 -0.32860492649795719 0.88555549868331573 0.85193667658270755 0.42821254524534252 -0.022837408759976332 0.057233130510833084 -0.2542761649913618 0.7446411615595695 -0.75060844237143176 -1.8115078985803554 -1.7360371552004012 -0.16177704083546354 -1.3968373785588175 0.2647535868308451 -0.014958448514798552 -0.040116231580519017 0.49922720376367102 -1.5311783519448656
decision_type=2 2 2 2 2 2 2 2 2 2 2 2 2 2 2 2 2 2 2 2 2 2 2 2 2 2 2 2 2 2
left_child=1 5 6 10 -4 23 18 20 21 -9 13 12 -12 17 -13 -10 -17 -3 -2 26 28 -5 -23 -1 -25 -26 -20 -11 -7 -22
right_child=2 3 4 8 -6 7 -8 9 15 27 11 14 -14 -15 -16 16 -18 -19 19 -21 29 22 -24 24 25 -27 -28 -29 -30 -31
leaf_value=0.011864813413637272 0.0081556319941721162 0.0035196229328990332 -0.0084053989046018653 0.010840512050964299 -0.011777177148013167 0.010450701292808522 -0.0057848573915085886 -0.005318790816235118 -0.010679755112830529 -0.00055381844059933672 -0.00054977574592547055 -0.00017811999519481744 -0.016416248531785547 -0.0017858122915077649 0.0062310787396764288 -0.0049236506651937403 0.00082913766800950142 0.0059692587557091305 -0.011517244423675875 -0.0011448659956179901 0.011206450597363532 0.0061060327322536917 0.00021252378132839204 0.01345945151267788 0.0056692262471697364 0.010856729593490965 -0.0038750730309398251 0.0065427218418969407 0.00050155946733109206 0.0072643192478561739
leaf_weight=122.28470146656036 4.9800683856010428 349.96125100553036 476.4390485137701 4.9757878929376593 294.43932114541531 131.70936517417431 293.73564930260181 6.6634051054716101 10.183736532926558 10.389757573604582 37.771227389574051 44.051309913396835 6.240355283021926 27.993805229663849 51.723997578024864 44.598480686545372 54.340848699212074 179.86131845414639 9.3842479735612851 109.67045064270496 34.445865705609322 16.366370052099228 379.33996915817261 24.34968689084053 61.156410679221153 37.877018019556999 302.07544919848442 197.47240217030048 5.3039297312498084 354.95960582792759
leaf_count=568 20 1438 2108 20 1405 584 1240 28 41 45 153 179 25 113 211 179 218 739 38 445 152 66 1522 115 275 172 1233 848 23 1560
internal_value=0 0.0048051 -0.00707164 0.00198569 -0.00969592 0.0082539 -0.00425896 0.00755622 -8.93503e-05 0.00581887 0.00350335 0.00133786 -0.00285425 0.00404388 0.00327566 -0.00260722 -0.00175628 0.00435407 -0.00320364 -0.00334225 0.00826108 0.000594359 0.000460286 0.0103501 0.00883248 0.00767231 -0.00411216 0.0061831 0.0100735 0.00761839
internal_weight=3684.74 2194.02 1490.72 1207.41 770.878 986.612 719.846 740.944 509.805 214.526 697.603 139.787 44.0116 557.816 95.7753 109.123 98.9393 529.823 426.11 421.13 526.419 400.682 395.706 245.668 123.383 99.0334 311.46 207.862 137.013 389.405
internal_count=15763 9274 6489 4904 3513 4370 2976 3240 2046 921 2858 568 178 2290 390 438 397 2177 1736 1716 2319 1608 1588 1130 562 447 1271 893 607 1712
is_linear=0
shrinkage=0.01


Tree=61
num_leaves=31
num_cat=0
split_feature=2 0 0 0 0 18 0 13 9 29 8 9 28 23 10 24 23 16 9 10 29 20 10 7 10 0 29 23 11 21
split_gain=1236.67 199.041 116.033 36.1359 20.3321 13.1275 12.6092 12.4805 10.6761 9.92052 9.79312 9.39341 9.31588 9.87754 8.84401 6.93347 6.20014 8.10348 7.81191 6.23078 6.02736 5.83542 5.61458 5.57865 5.29774 6.27027 6.26738 5.21224 5.44623 6.47139
threshold=0.025465501473428801 -0.77757723751661134 0.81635007292352191 -0.40264704505019006 1.5056581414354833 -0.92863435351327428 0.50425984259590273 -1.2401268835255583 1.0278431420327223 -1.6242357669561658 -1.4982913218201239 -0.3373521387389315 -0.725641421456515 -1.0593043561421682 -1.5420047789943683 -0.3649603833369352 0.55892707099278505 -1.2549984805698751 -1.9106642531055771 -1.4277038074454451 -0.5727908390131855 -0.18237940873558625 -0.85613005963839706 -1.7634358873629057 -0.16177704083546354 -1.3968373785588175 0.33936227165343685 -1.3486131569830691 0.64116595701697843 -0.80935694480256737
decision_type=2 2 2 2 2 2 2 2 2 2 2 2 2 2 2 2 2 2 2 2 2 2 2 2 2 2 2 2 2 2
left_child=1 7 6 9 -4 12 16 24 23 -3 22 -12 -5 -14 15 -11 19 -18 -19 -2 -16 -21 -7 -9 -1 -26 -27 28 29 -8
right_child=2 3 4 5 -6 10 27 8 -10 14 11 -13 13 -15 20 -17 17 18 -20 21 -22 -23 -24 -25 25 26 -28 -29 -30 -31
leaf_value=0.011798780417956843 -0.0065590454637866873 0.011962089516405424 -0.0083432827569269799 0.009466972515587967 -0.011715400194466508 0 -0.0078616208227684156 0.011208823786576698 -0.0049990993718668246 0.0046578599379379759 -0.0022049742886698157 0.00065499504064594745 0.015537445775610796 0.0013602579004128007 0.0024728338484497282 -0.010452587514063767 0.0011082197427810774 0.0021510011005952314 -0.0069573653146355607 -0.00010527436542371267 0.0047762153739869953 -0.0029754646336597134 0.013165580887529813 0.0075114372801622555 0.013396319631305277 0.0056335277133038103 0.010929401101936241 -0.0062717954097262253 0.0067804533044603325 0.00066253709249702863
leaf_weight=121.74266718327999 32.191611990332603 15.532102450728415 475.19330747425556 22.835878044366837 293.03958612680435 4.9846321791410437 18.613945633172989 45.264619022607803 6.464860036969184 4.8652584254741669 166.50838759541512 368.92976252734661 5.1646903902292243 79.793194711208344 170.01055032014847 7.5196385383605939 18.222835153341293 10.223730593919752 95.164725050330162 112.91020388901234 359.03524307906628 193.4199170768261 8.6226524710655195 644.54140581190586 24.220910787582397 62.161264955997467 36.614161506295204 252.69077655673027 5.4604961276054373 16.585951447486877
leaf_count=568 131 64 2108 93 1405 20 78 201 26 20 669 1483 21 323 698 31 74 42 390 458 1481 787 35 2833 115 280 167 1072 22 68
internal_value=0 0.00487575 -0.00689476 0.00219831 -0.00963222 0.000607507 -0.00410888 0.00832769 0.00763652 0.00407214 -1.73237e-05 -0.000232765 0.00379641 0.00225112 0.00384179 -0.00444677 -0.00307375 -0.00499776 -0.00606308 -0.00236698 0.00403851 -0.00192118 0.00832706 0.0077571 0.010286 0.00877219 0.00761579 -0.00573457 -0.00236416 -0.00382627
internal_weight=3678.53 2154.81 1523.72 1213.8 768.233 656.839 755.484 941.01 696.271 556.963 549.045 535.438 107.794 84.9579 541.431 12.3849 462.133 123.611 105.388 338.522 529.046 306.33 13.6073 689.806 244.739 122.996 98.7754 293.351 40.6604 35.1999
internal_count=15763 9128 6635 4938 3513 2644 3122 4190 3060 2294 2207 2152 437 344 2230 51 1882 506 432 1376 2179 1245 55 3034 1130 562 447 1240 168 146
is_linear=0
shrinkage=0.01


Tree=62
num_leaves=31
num_cat=0
split_feature=2 14 0 0 0 9 18 13 0 29 11 7 25 15 23 27 25 24 25 14 28 29 5 28 9 9 0 29 1 23
split_gain=1214.34 196.778 114.73 34.4849 20.2588 13.4237 12.9204 12.831 12.4068 11.4486 10.4324 9.83927 7.02112 9.17321 6.90704 7.07436 6.80269 6.7074 6.2362 6.47846 6.61297 6.22508 6.11414 5.5067 5.39316 5.15088 5.33548 5.7174 5.12698 5.12569
threshold=0.025465501473428801 -0.76187019327678085 0.81635007292352191 -0.40264704505019006 1.5056581414354833 0.45388732896799172 1.9193107479087457 -1.2401268835255583 0.50425984259590273 -1.6242357669561658 -0.79475785300054991 1.1009230929903093 -1.4074379507113615 0.90768105919397402 -1.1950418080285716 0.63603084505906782 0.67193303575143226 -0.39577567160950883 1.8460226177719032 -0.14085447232045956 -1.5831416974969708 1.3701601662437455 0.23402144820569662 -0.64041933012989616 0.53470633806179801 -0.10392639579365452 -1.3968373785588175 0.33936227165343685 -1.6968652906106902 -1.3486131569830691
decision_type=2 2 2 2 2 2 2 2 2 2 2 2 2 2 2 2 2 2 2 2 2 2 2 2 2 2 2 2 2 2
left_child=1 7 8 9 -4 6 10 25 18 -3 -5 16 -13 -14 17 -16 22 -11 19 -2 -21 24 -9 -23 -7 -1 -27 -28 -18 -10
right_child=2 3 4 5 -6 21 -8 11 29 14 -12 12 13 -15 15 -17 28 -19 -20 20 -22 23 -24 -25 -26 26 27 -29 -30 -31
leaf_value=0.011721998749881708 0.007393055448083336 0.012118617500474943 -0.0082817267243340282 0.0048264642669596904 -0.011654325984490524 -0.0070122369548000687 -0.011955291676801056 0.0094598720499083286 -0.0023415861340528726 0.013189186100002491 0.00095986376862305977 -0.0058953679327117883 0.0082827895618881025 0.0011442601123276533 0.0025599822797745296 0.0052010796002258499 0.013155255631547418 0.0048309947178987707 0.0032670237310851143 -0.008266626312824002 -0.0030804098903297497 -0.015713060302404595 0.0069908481357746138 -0.0021915870988229503 -0.00065955175259558131 0.012953954460914281 0.0057527123651845494 0.010843519710486749 0.0057643446672247921 -0.0062184500401875568
leaf_weight=120.93736328184605 5.4903811365365973 16.859269574284554 473.94506978988647 85.324374437332153 291.63705462217331 14.665686890482901 6.9593146890401831 298.52428360283375 40.634050205349922 14.207629367709158 388.17037303745747 6.1870307922363272 40.102646559476852 33.320811837911606 332.74941359460354 148.11402264237404 10.208661407232283 31.962425649166107 14.914537385106085 26.367298990488052 415.16898682713509 5.7338753789663315 160.25329877436161 6.7206203490495664 148.23267951607704 24.718605265021324 62.054344862699509 36.097125634551048 159.72676901519299 252.31267921626568
leaf_count=567 22 70 2108 346 1405 59 28 1333 168 59 1562 26 173 139 1369 612 45 132 60 108 1692 23 701 27 595 118 280 165 699 1072
internal_value=0 0.00483383 -0.00684054 0.00213843 -0.00956913 0.00059246 0.00145788 0.00822846 -0.00407107 0.00400021 0.00165961 0.00753932 0.00419227 0.00506277 0.00373636 0.00337648 0.00796081 0.00744757 -0.00304434 -0.00325783 -0.00339418 -0.0017725 0.00860132 -0.00857191 -0.00124157 0.0102226 0.00873025 0.00764427 0.0062217 -0.00568509
internal_weight=3672.3 2151.83 1520.47 1199.7 765.582 655.807 480.454 952.131 754.888 543.893 473.495 708.324 79.6105 73.4235 527.033 480.863 628.713 46.1701 461.941 447.027 441.536 175.353 458.778 12.4545 162.898 243.807 122.87 98.1515 169.935 292.947
internal_count=15763 9128 6635 4882 3513 2640 1936 4246 3122 2242 1908 3116 338 312 2172 1981 2778 191 1882 1822 1800 704 2034 50 654 1130 563 445 744 1240
is_linear=0
shrinkage=0.01


Tree=63
num_leaves=31
num_cat=0
split_feature=2 14 0 0 0 9 13 0 11 9 7 27 25 15 25 21 23 24 27 23 14 16 28 25 5 15 15 9 0 27
split_gain=1192.41 193.923 113.448 33.8431 20.1868 13.1601 12.7397 12.2073 11.5481 16.7528 9.70848 7.4429 6.89003 9.0263 6.71964 6.70321 6.68254 7.12611 6.1863 6.14472 11.1671 7.38654 6.73251 6.95464 6.04965 5.86808 7.84495 5.114 5.30009 5.15066
threshold=0.025465501473428801 -0.76187019327678085 0.81635007292352191 -0.40264704505019006 1.5056581414354833 0.45388732896799172 -1.2401268835255583 0.50425984259590273 -0.79475785300054991 -0.26916941578414438 1.1009230929903093 -1.6643176802641293 -1.4074379507113615 0.90768105919397402 0.67193303575143226 0.39560789564455706 -1.1950418080285716 -0.39577567160950883 0.63603084505906782 1.1025269831237743 0.065454535521507567 -1.5841036595546112 -1.6626545602677643 1.8460226177719032 0.23402144820569662 -1.0683729916592806 0.1643231445312083 -0.10392639579365452 -1.3968373785588175 0.2647535868308451
decision_type=2 2 2 2 2 2 2 2 2 2 2 2 2 2 2 2 2 2 2 2 2 2 2 2 2 2 2 2 2 2
left_child=1 6 7 11 -4 8 27 19 15 -10 14 -3 -12 -14 24 -5 17 -13 -18 22 -21 -22 -2 -24 -8 -7 -27 -1 -29 -30
right_child=2 3 4 5 -6 25 10 -9 9 -11 12 16 13 -15 -16 -17 18 -19 -20 20 21 -23 23 -25 -26 26 -28 28 29 -31
leaf_value=0.011657589084951894 -0.0078091269095468298 0.01217634734842857 -0.0082207200493749442 0.0065916454172040909 -0.011593936775478621 0.0071396244059201601 0.0093942243008496729 -0.0056359455800942737 -0.0012293257738387358 0.0028919850551581546 -0.0058300777064302246 0.013224175196846627 0.0082184590306260651 0.001133084204796065 0.0061710151674452427 0.00039898753927902547 0.002687317065842076 0.0046965991306774134 0.0051538608951086405 0.0034028613660723106 0.0034660548340454895 -0.0089437152801881033 -0.0024450453091016096 0.0059587586376724372 0.0069352484769935746 -0.0044086254139053599 -7.5104511697603687e-05 0.012892498985289543 0.0057612813935164547 0.010590680030561751
leaf_weight=120.39278593659401 22.950458824634552 10.842413201928137 472.69465506076813 60.144442975521088 290.23210048675537 6.9719326347112647 297.60959215462208 292.551594004035 208.04879555106163 187.0652682185173 6.1948357224464408 14.657232418656347 40.013617783784866 33.31399030983448 169.62409463524818 25.140119478106499 338.34838263690472 31.695239052176476 147.97790630161762 10.601147025823591 5.1427416801452628 48.766426011919975 364.32313625514507 9.9619283378124219 159.92511680722237 79.688471958041191 88.693251952528954 24.58919420838356 61.247992590069771 36.644025772809982
leaf_count=567 94 45 2108 244 1405 28 1333 1240 837 753 26 61 173 139 744 102 1393 131 612 43 21 201 1483 40 701 320 356 118 277 168
internal_value=0 0.00479233 -0.00678676 0.00211782 -0.00950662 0.000586476 0.00816856 -0.00403356 0.00144345 0.000719601 0.00748148 0.00396307 0.00415503 0.005019 0.00790094 0.0047805 0.00379177 0.00743732 0.00344079 -0.00301516 -0.00588855 -0.00773713 -0.00254465 -0.00221717 0.00853861 -0.00175508 -0.00213332 0.0101597 0.00867093 0.00758824
internal_weight=3666.05 2148.83 1517.22 1199.27 762.927 655.752 949.555 754.297 480.399 395.114 706.681 543.521 79.5224 73.3276 627.159 85.2846 532.679 46.3525 486.326 461.746 64.5103 53.9092 397.236 374.285 457.535 175.354 168.382 242.874 122.481 97.892
internal_count=15763 9128 6635 4882 3513 2640 4246 3122 1936 1590 3116 2242 338 312 2778 346 2197 192 2005 1882 265 222 1617 1523 2034 704 676 1130 563 445
is_linear=0
shrinkage=0.01


Tree=64
num_leaves=31
num_cat=0
split_feature=2 14 4 2 2 18 14 13 7 10 22 28 24 22 24 23 22 15 16 7 29 23 23 23 28 25 22 9 13 23
split_gain=1170.9 191.106 109.237 31.2813 17.7215 14.5166 13.6467 12.65 9.57933 9.18182 13.2348 8.31994 8.19636 9.13878 7.2062 7.69081 12.9817 8.22419 7.19603 7.13118 6.95104 9.90896 6.85892 9.80962 7.57546 6.63891 6.55025 6.23972 7.84309 6.05325
threshold=0.025465501473428801 -0.76187019327678085 0.93881108759236265 -0.3513946844737631 0.45905222486395497 -1.1347982542103303 1.6156101133266463 -1.2401268835255583 1.1009230929903093 -0.84174424024438899 -0.38874651527012166 -0.020407024246975106 1.1244693938908663 0.70130845657059504 0.82621576947120146 -1.3064306319267371 -1.3257526343604407 -0.64471023128476679 0.56138880804490887 -0.078861439934249253 0.53946677360290851 1.4181021165726315 2.0342824139664999 0.6003681098777135 0.31383984927264613 0.67193303575143226 -0.67839836365443984 0.72356464264014864 -0.66628365926795052 -1.1205511979169909
decision_type=2 2 2 2 2 2 2 2 2 2 2 2 2 2 2 2 2 2 2 2 2 2 2 2 2 2 2 2 2 2
left_child=1 7 4 14 29 11 -4 -1 25 26 -11 -5 22 18 15 16 -3 -17 -14 -13 21 -10 23 -6 -24 -9 -7 28 -16 -2
right_child=2 3 6 5 12 9 -8 8 20 10 -12 19 13 -15 27 17 -18 -19 -20 -21 -22 -23 24 -25 -26 -27 -28 -29 -30 -31
leaf_value=0.010097491875364836 0.00071887968329883327 6.0967253992553058e-05 -0.00871270779734328 0.0080035311776366063 -0.0056375324711906835 -0.0075803240944974874 -0.011750007148361668 0.0084764746243954654 0.0036611949961499663 0.0030205739483345844 -0.00083410688103160774 0.0037134036701865765 -0.0028521935689000523 -0.009548478592453254 -0.0013719594499297888 0.0019527486587714252 0.01309285210343316 0.0047889954566845963 0.0053624353590334519 -0.0061943576647893062 0.0085885240984862939 -0.0095822308949107225 0.0065046148629292304 -0.0093816426006129838 -0.0069896438594951021 0.0061206113483999059 -0.0014780502622625275 -0.0044973753757908512 0.0041613984630027431 -0.0033000844594490188
leaf_weight=241.93876807391644 41.224459022283554 11.658730149269102 408.83446863293648 35.592848494648933 273.42075012624264 23.636227160692215 239.57559418678284 456.2889920771122 48.96278390288353 133.01298576593399 268.5887375921011 29.800275638699532 39.559174448251724 14.602908596396444 37.97637951374054 155.4670066088438 22.993424654006958 308.01696765422821 14.45166479051113 9.4527646452188474 24.21390937268734 6.2572140842676154 8.5050365328788775 96.216390907764435 7.9537522345781317 169.31314414739609 70.705124840140343 14.999789983034132 76.935291588306427 369.63167488574982
leaf_count=1130 167 48 1851 145 1167 95 1163 2034 208 535 1078 121 168 63 157 639 95 1269 62 38 104 26 37 415 34 744 284 61 317 1508
internal_value=0 0.00475125 -0.00673344 0.0020975 -0.00440565 0.000400968 -0.00983811 0.00810918 0.00742412 -0.000216956 0.000440532 0.00450361 -0.00576809 -0.00255369 0.00363745 0.00418563 0.00874984 0.00384041 -0.000629879 0.00129237 0.00411815 0.00212784 -0.00633593 -0.0066171 0 0.00784156 -0.00302391 0.00152622 0.00232442 -0.00289432
internal_weight=3659.79 2145.81 1513.98 1198.84 865.566 570.789 648.41 946.975 705.036 495.943 401.602 74.8459 454.71 68.6137 628.048 498.136 34.6522 463.484 54.0108 39.253 79.4339 55.22 386.096 369.637 16.4588 625.602 94.3414 129.911 114.912 410.856
internal_count=15763 9128 6635 4882 3621 2296 3014 4246 3116 1992 1613 304 1946 293 2586 2051 143 1908 230 159 338 234 1653 1582 71 2778 379 535 474 1675
is_linear=0
shrinkage=0.01


Tree=65
num_leaves=31
num_cat=0
split_feature=4 4 0 0 0 13 3 13 0 17 9 25 10 6 23 16 11 11 15 11 11 23 25 0 24 11 10 0 29 23
split_gain=1143.76 194.503 107.526 34.4747 20.0593 13.2252 12.0045 11.7178 11.2926 9.78157 9.44145 8.91809 8.08945 8.07079 7.83354 7.52471 7.44806 13.321 7.32356 6.74072 11.2023 8.29151 5.56061 5.54177 7.96784 7.24316 5.23853 6.21018 6.11775 5.04166
threshold=0.048412742557612895 -0.76264577346077045 0.81635007292352191 -0.28322645968490062 1.5056581414354833 -1.2401268835255583 -0.84278581836037514 -0.22891361771090035 0.50425984259590273 -0.30180412459557726 1.0278431420327223 0.62808961514793615 -1.1519775717562657 -0.8722031530383797 1.1025269831237743 -0.43942986382975108 -0.12915166732328806 -0.31278757158655668 1.4424220804694519 0.75272783247815866 0.69905256641305491 1.299332205968722 -0.45787154255245816 -0.15997097747942585 -0.47234942742205882 0.35443310636250774 -0.16177704083546354 -1.3968373785588175 0.33936227165343685 -1.3486131569830691
decision_type=2 2 2 2 2 2 2 2 2 2 2 2 2 2 2 2 2 2 2 2 2 2 2 2 2 2 2 2 2 2
left_child=1 5 8 6 -4 26 -3 11 14 23 12 -8 -7 -14 16 18 17 -2 -16 20 -11 -21 -17 25 -25 -5 -1 -28 -29 -10
right_child=2 3 4 9 -6 10 7 -9 29 19 -12 -13 13 -15 15 22 -18 -19 -20 21 -22 -23 -24 24 -26 -27 27 28 -30 -31
leaf_value=0.011553079026141893 -0.0019979678663499673 0.0056364717866063656 -0.0081015880474943243 0.0051200775692849601 -0.011477267462937722 0.012182685687246144 0.002054103884064979 -0.0064686335055247511 -0.0022179662160918302 -0.00062378180539886436 -0.0019688963696527177 0.0050187304258043457 0.0077572071496828611 0.0050169823814698259 -0.0049753833880641623 -0.0042763487688772615 -0.0038862221962802776 0.0063421936679714207 0.0080190512315188988 -0.004390766462899375 0.011035666248297554 0.0047858468120174557 -0.012158312850264317 -0.0036778462740449259 0.0021752343913430425 -0.0031986613910845937 0.013171449620265901 0.0054049070011542005 0.010670227114360616 -0.0060669375048870737
leaf_weight=119.64865979552269 172.74103684723377 176.71460618078709 470.20925645530224 65.357989370822906 287.465695053339 35.020783275365829 376.439603343606 13.666187256574629 40.543575972318649 206.15290041267872 10.602968052029608 140.19642555713654 537.38073073327541 138.34901192784309 17.202381655573848 15.695559322834013 184.49399088323116 21.400282204151154 5.6550593376159659 85.720955371856689 8.4809433519840223 10.937980324029921 22.929408892989159 34.32910230755806 71.433430403470993 12.233213350176809 23.740901380777359 61.565874889492989 36.058376625180244 251.21167732775211
leaf_count=568 701 738 2108 263 1405 157 1540 55 168 827 43 578 2384 603 70 65 754 87 23 345 34 44 95 138 287 49 115 280 167 1072
internal_value=0 0.00464213 -0.00674346 0.00195783 -0.009385 0.00799231 0.00337444 0.00261785 -0.00400652 -6.52391e-05 0.00730711 0.00286135 0.00744715 0.00719848 -0.00298904 -0.00630833 -0.00244589 -0.00107069 -0.001696 -0.00114631 -0.000153494 -0.00333813 -0.00900055 0.00176435 0.000264277 0.00379322 0.0100351 0.00852208 0.00736886 -0.00553644
internal_weight=3653.58 2164.03 1489.55 1201.66 757.675 962.367 707.017 530.302 731.873 494.647 721.353 516.636 710.751 675.73 440.118 61.4824 378.635 194.141 22.8574 311.293 214.634 96.6589 38.625 183.354 105.763 77.5912 241.014 121.365 97.6243 291.755
internal_count=15763 9215 6548 4898 3513 4317 2911 2173 3035 1987 3187 2118 3144 2987 1795 253 1542 788 93 1250 861 389 160 737 425 312 1130 562 447 1240
is_linear=0
shrinkage=0.01


Tree=66
num_leaves=31
num_cat=0
split_feature=2 14 4 2 2 14 17 13 17 7 20 2 26 13 13 29 15 19 2 11 29 1 25 28 28 4 28 28 14 4
split_gain=1129.14 185.637 107.007 30.1206 17.1987 13.5778 13.5094 12.4624 9.54653 9.43209 9.24049 8.12366 10.6732 7.69797 9.2192 7.09402 7.03864 6.94697 9.80437 6.85309 6.84108 6.83561 6.58558 6.26297 13.0402 5.7358 6.88883 5.59749 5.53432 5.52436
threshold=0.025465501473428801 -0.76187019327678085 0.93881108759236265 -0.3513946844737631 0.53970150539689477 1.6156101133266463 -0.25142309737599983 -1.2401268835255583 1.1719536210089916 1.1009230929903093 0.62710388996626165 -0.14020909691328884 0.53267504780070529 0.33478195063611038 0.1818839961194236 -1.6723410258549416 -1.2841223038673384 -1.0662034058305068 -0.51328987789633274 1.0004162281918296 0.59953826475399297 0.30832366343069123 0.67193303575143226 -1.9823672571215714 -1.6282158086268093 -0.028195935911883442 -1.6626545602677643 1.4756452978847996 -0.42197049343025245 -0.10820647379741218
decision_type=2 2 2 2 2 2 2 2 2 2 2 2 2 2 2 2 2 2 2 2 2 2 2 2 2 2 2 2 2 2
left_child=1 7 4 15 8 19 11 -1 25 22 -6 12 -5 14 -10 -3 -13 28 -19 21 -11 -4 -9 29 -25 -2 -27 -23 -17 -8
right_child=2 3 5 6 10 -7 23 9 13 20 -12 16 -14 -15 -16 17 -18 18 -20 -21 -22 27 -24 24 -26 26 -28 -29 -30 -31
leaf_value=0.0099740875921017422 0.0066233151151154322 0.011179999923901856 -0.0088127743503711581 0.0058220496397010744 -0.0047694892475462066 -0.011633705967971456 -0.00055574662397422979 0.0083612055014591156 -0.0082316498505570091 0.002160140030819201 -0.0081130293600511823 0.011327253682806501 -0.00019466110980785077 -0.011257896016929187 0.0022363477482135624 0.0046767129290028733 -0.00045547823337226519 0.0040602212509452144 0.0012490223608854828 -0.010998985147577467 0.0087329299886149056 -0.0061111440586291326 0.0060100804781101358 0.010699385967335528 -0.00099948373754415293 -0.0083969180284392871 -0.0024657062395108298 0.0045352894945381098 0.010842428189087419 -0.014184063232724656
leaf_weight=240.07507449388504 6.4727523177862158 12.046798408031462 222.63235671818256 89.585016205906868 232.34191434085369 237.24101404845715 5.7390248775482178 453.95364238321781 19.746023237705231 56.974543839693069 131.54977856576443 5.2366736680269232 43.442259579896927 24.180280447006226 14.33564832806587 69.427573293447495 100.5507552921772 323.39718329906464 203.42142334580421 93.765262737870216 22.245974183082581 84.951159879565239 168.6199796050787 9.7203567475080472 309.89611639082432 20.648578748106956 414.58258201181889 5.0635778456926337 18.976509973406792 6.472246974706648
leaf_count=1130 26 50 1009 363 997 1163 23 2034 81 242 577 21 176 101 59 291 404 1339 827 435 96 384 744 39 1244 85 1695 23 79 26
internal_value=0 0.00467032 -0.00662845 0.00205717 -0.0043258 -0.00971616 0.000392558 0.00799221 -0.0031168 0.00731149 -0.00598285 0.00220698 0.00385101 -0.00692964 -0.00380562 0.00356962 0.000128491 0.00341718 0.00297707 -0.00859175 0.00402714 -0.00786332 0.00772709 -0.000910531 -0.000637328 -0.00261015 -0.00275126 -0.00549679 0.00602228 -0.00791683
internal_weight=3647.29 2139.78 1507.51 1197.91 863.858 643.653 570.642 941.869 499.966 701.794 363.892 238.815 133.027 58.262 34.0817 627.269 105.787 615.223 526.819 406.412 79.2205 312.647 622.574 331.828 319.616 441.704 435.231 90.0147 88.4041 12.2113
internal_count=15763 9128 6635 4882 3621 3014 2296 4246 2047 3116 1574 964 539 241 140 2586 425 2536 2166 1851 338 1416 2778 1332 1283 1806 1780 407 370 49
is_linear=0
shrinkage=0.01


Tree=67
num_leaves=31
num_cat=0
split_feature=2 14 2 2 2 3 14 13 7 17 22 29 6 6 13 13 20 29 25 15 15 23 15 5 4 5 23 3 4 14
split_gain=1108.77 182.931 105.896 29.578 17.4723 15.8294 13.1089 12.3882 10.6309 9.38049 8.92057 8.57815 8.35478 8.00752 7.58073 9.05088 6.93254 6.92377 6.88015 6.8524 6.94389 6.80019 6.74255 6.52176 6.34094 6.20634 6.19331 9.62234 6.2143 5.94045
threshold=0.025465501473428801 -0.76187019327678085 0.95679463835475442 -0.47050080481470974 0.53970150539689477 -0.44204379099834962 1.6156101133266463 -1.2730793931718756 1.1009230929903093 1.1719536210089916 -0.42391451836516436 -1.6242357669561658 -0.086586934552835393 0.19055757652046609 0.33478195063611038 0.1818839961194236 0.62710388996626165 -1.0354776953572928 0.67193303575143226 -1.2182133671449693 -0.66844100529049344 -1.5922105829802702 -0.92386926064594743 0.23402144820569662 -0.33723617826591512 -1.7220508952257851 -1.1397765954074057 -0.14188714844403358 -0.028195935911883442 -1.1239814942340052
decision_type=2 2 2 2 2 2 2 2 2 2 2 2 2 2 2 2 2 2 2 2 2 2 2 2 2 2 2 2 2 2
left_child=1 7 4 11 9 13 -4 -1 18 26 12 -3 -7 25 15 -11 21 -10 23 -13 -21 22 -6 -9 -12 -5 27 -2 -28 -19
right_child=2 3 6 5 16 10 -8 8 17 14 24 19 -14 -15 -16 -17 -18 29 -20 20 -22 -23 -24 -25 -26 -27 28 -29 -30 -31
leaf_value=0.010166527312754289 0.005208911296842921 0.011973410163175919 -0.0085668413797228091 0.0087766572495850004 0.0059846355528715483 0.0031375682257817838 -0.01157555511579258 0.0092602323445398413 -0.0015151981771756562 -0.0081598852024685042 0.0010467612269347882 0.010145187925101008 -0.0022122534472176999 -0.0068840566248498563 -0.011171039328655083 0.0022133352572648013 -0.0080480339606423361 0.0096061725620386357 0.006042327913776172 0.0016399262670986395 0.0044997308592053002 -0.0055111634057687757 -0.0056142849829127093 0.0067760744471464717 -0.0018997248339421957 0.0027440721083231128 0.0065566744058384542 -0.0030803724771292207 -0.0032091053094679047 0.0032456696147801969
leaf_weight=198.95949590206146 24.512836754322052 13.573551267385481 396.30438201129436 18.551846042275429 10.62069755792618 118.57726374268532 236.05495521426201 311.19504152238369 17.877117216587067 19.721491858363152 102.48467871546745 16.839880079030991 38.410694673657417 7.9791782349348059 24.125654727220535 14.340865164995192 112.54045984148979 22.743787556886673 175.81614200770855 125.00713737308979 274.46179333329201 239.74006323516369 9.2835549712181074 168.91785772144794 250.75146771967411 230.82423964142799 6.474163979291915 32.314193055033684 378.2342824190855 43.801007479429245
leaf_count=944 99 57 1813 77 45 478 1163 1412 76 81 415 70 154 32 101 59 493 100 779 517 1139 1035 39 749 1006 937 26 132 1549 186
internal_value=0 0.00463026 -0.0065765 0.00203743 -0.00431408 0.00085941 -0.00969321 0.00793404 0.00733145 -0.0030872 -0.000158731 0.00413784 0.00182167 0.00288111 -0.00686941 -0.00376961 -0.00595741 0.00395981 0.0077632 0.00387715 0.00360794 -0.00504465 0.000523764 0.00838991 -0.00104197 0.0032002 -0.00258505 0.000480585 -0.0030405 0.00544573
internal_weight=3641.04 2136.77 1504.27 1197.46 871.908 767.579 632.359 939.31 740.351 499.723 510.224 429.882 156.988 257.355 58.188 34.0624 372.185 84.4219 655.929 416.309 399.469 259.644 19.9043 480.113 353.236 249.376 441.535 56.827 384.708 66.5448
internal_count=15763 9128 6635 4882 3659 3099 2976 4246 3302 2047 2053 1783 632 1046 241 140 1612 362 2940 1726 1656 1119 84 2161 1421 1014 1806 231 1575 286
is_linear=0
shrinkage=0.01


Tree=68
num_leaves=31
num_cat=0
split_feature=2 14 0 0 0 9 18 13 0 29 10 9 3 21 27 29 15 0 29 11 25 14 11 9 26 26 18 29 15 18
split_gain=1088.79 180.27 107.551 30.9628 19.9001 12.7583 12.6028 12.2991 11.2433 10.9411 10.6993 8.80159 6.4905 6.28564 6.21011 7.89222 6.30601 6.13083 6.08774 7.70847 6.04215 6.20237 6.27311 5.44884 4.97728 8.01484 6.58775 4.50809 7.53696 5.33783
threshold=0.025465501473428801 -0.76187019327678085 0.81635007292352191 -0.40264704505019006 1.5056581414354833 0.45388732896799172 1.9193107479087457 -1.2730793931718756 0.50425984259590273 -1.6242357669561658 -0.84174424024438899 1.0278431420327223 0.9087824818420368 0.39560789564455706 0.63603084505906782 1.0377615145003702 2.2186312341203052 -0.77757723751661134 1.3055374242427022 0.1859279541023709 1.8460226177719032 -0.14085447232045956 0.7217659893182321 0.53470633806179801 -0.91462886442811919 -0.22056610179329658 -0.72964309533216476 -0.15992081958998877 0.36202193373893016 0.34385031023337886
decision_type=2 2 2 2 2 2 2 2 2 2 2 2 2 2 2 2 2 2 2 2 2 2 2 2 2 2 2 2 2 2
left_child=1 7 8 9 24 6 10 -1 20 -3 -5 12 -9 -13 16 -16 -11 -14 23 -20 21 -2 -23 -7 27 -26 -27 29 -29 -4
right_child=2 3 4 5 -6 18 -8 11 -10 14 -12 13 17 -15 15 -17 -18 -19 19 -21 -22 22 -24 -25 25 26 -28 28 -30 -31
leaf_value=0.01010576106378481 0.0073405771507115136 0.011759770505792879 -0.0099277537876360442 -0.00096086799166468788 -0.01130693213518257 -0.0069515627646952668 -0.011853998672109629 0.0079034562812472335 -0.0053924939532459804 0.0029597714880866843 0.0024798787589604739 -0.0043816337670396274 0.0061232738311375445 0.0089723001198000942 0.0078314239664408949 0.0033160475932827505 -0.0076315784271801567 -0.0011331778739302643 -0.0178721399795248 -0.0027339169547384852 0.0033443441262954094 -0.0025489423510361531 -0.0053846424095211551 -0.00056059569001273195 -0.010613623203539688 -0.010525421152944817 -0.0065803892783540341 0.00051631893438301691 -0.0091268103810073185 -0.0031932318941387374
leaf_weight=198.15890964865685 5.4896871596574774 16.705385267734528 34.466827780008316 121.03022661805153 283.30788879096508 14.66415451467037 6.9543477147817603 584.46894510090351 290.55213283002377 356.43351559340954 352.03177700936794 10.830210641026495 125.62800306081772 5.1013694256544104 66.120247840881348 96.843535751104355 5.5673271864652625 12.548589229583738 4.9814791977405539 10.70146408677101 14.90271236002445 337.39676108956337 102.94093991816044 144.95757664740086 118.37861639261246 55.372983455657959 204.42457881569862 22.57387600839138 12.385705426335333 18.823452338576317
leaf_count=944 22 70 156 488 1405 59 28 2628 1240 1472 1420 44 556 21 275 402 23 53 20 43 60 1375 425 582 535 251 923 102 56 85
internal_value=0 0.00459063 -0.00652499 0.00201792 -0.00920542 0.000553739 0.00139806 0.00787649 -0.00384789 0.00378704 0.00159745 0.00727574 0.00743782 -1.39682e-05 0.00352923 0.00515791 0.00279206 0.0054567 -0.00175195 -0.0076885 -0.00287067 -0.00308137 -0.00321521 -0.00115797 -0.00792466 -0.00843092 -0.0074288 -0.0057368 -0.00288788 -0.00757812
internal_weight=3634.74 2133.73 1501.02 1196.99 749.734 655.321 480.016 936.736 751.282 541.67 473.062 738.577 722.646 15.9316 524.965 162.964 362.001 138.177 175.305 15.6829 460.73 445.827 440.338 159.622 466.426 378.176 259.798 88.2499 34.9596 53.2903
internal_count=15763 9128 6635 4882 3513 2640 1936 4246 3122 2242 1908 3302 3237 65 2172 677 1495 609 704 63 1882 1822 1800 641 2108 1709 1174 399 158 241
is_linear=0
shrinkage=0.01


Tree=69
num_leaves=31
num_cat=0
split_feature=2 4 0 0 0 13 3 13 0 9 25 10 6 9 10 28 22 15 23 10 20 8 25 1 21 11 15 10 0 27
split_gain=1069.15 177.626 106.368 29.475 19.832 12.8511 11.6157 11.3401 11.0606 9.09005 8.77566 8.05282 7.91812 7.41001 9.4559 12.1859 11.112 6.15033 5.92865 6.18508 5.67191 5.59669 5.88296 5.55652 5.48437 5.43421 5.36497 5.29813 6.27573 5.89796
threshold=0.025465501473428801 -0.76264577346077045 0.81635007292352191 -0.28322645968490062 1.5056581414354833 -1.2401268835255583 -0.84278581836037514 -0.22891361771090035 0.50425984259590273 1.0278431420327223 0.62808961514793615 -1.1519775717562657 -0.8722031530383797 0.45388732896799172 -0.81283856232308704 -0.81190226053263859 -0.67839836365443984 -1.0683729916592806 0.55892707099278505 -1.4277038074454451 -0.18237940873558625 -0.64756608220584733 -1.4216559268199318 0.59260809215151566 0.74476687297668465 0.0081212072022066404 1.8453724617282039 -0.16177704083546354 -1.3968373785588175 0.2647535868308451
decision_type=2 2 2 2 2 2 2 2 2 2 2 2 2 2 2 2 2 2 2 2 2 2 2 2 2 2 2 2 2 2
left_child=1 5 8 6 -4 27 21 10 18 11 -8 -7 -13 14 16 -16 -5 -15 19 -2 -21 22 -3 24 -20 -23 -19 -1 -29 -30
right_child=2 3 4 13 -6 9 7 -9 -10 -11 -12 12 -14 17 15 -17 -18 26 23 20 -22 25 -24 -25 -26 -27 -28 28 29 -31
leaf_value=0.011332924352188514 -0.0063338646928233376 0.014034427617902146 -0.0078669090808493585 -0.0079742681393547617 -0.011250255952596022 0.011976375804990152 0.001944409186458575 -0.0064330354507661988 -0.0053457517741740202 -0.0020166034266845675 0.0048884613343155928 0.0075330528272564935 0.0048090120978692627 0.0071029682304664544 0.0057530138206840376 0.00056801887914903352 6.6703565598196711e-05 -0.0028864344909227883 -0.0053050059349712617 6.7086668152614712e-05 -0.0027485001476955078 0.0010291987675591625 0.0059328192190907948 -0.0081410458877531587 -0.0001325508914188217 0.010182098146775554 0.007086472391732334 0.012980038370879986 0.0051159498087581176 0.010289616894635385
leaf_weight=117.67507015168667 32.082646638154984 9.911823555827139 465.16988286375999 22.655736297369003 281.89537140727043 34.611403807997704 375.75625745952129 13.666447624564169 290.16456265747547 10.595051497220991 139.83186592161655 532.26201082766056 137.34831371903419 6.9700548052787772 60.151358366012573 185.35829567909241 69.230113595724106 123.43732361495495 55.119785383343697 112.64307956397533 192.78107877075672 40.465024724602699 117.9473432302475 34.647670328617096 33.251236096024513 7.7175431102514258 5.4931691139936438 23.305598273873329 59.723734483122826 36.616740748286247
leaf_count=568 131 42 2108 91 1405 157 1540 55 1240 43 578 2384 603 28 242 744 278 495 226 458 787 168 496 144 136 32 22 115 275 172
internal_value=0 0.00455117 -0.00647399 0.00195465 -0.00914624 0.00776366 0.00324998 0.00250552 -0.00381243 0.00708677 0.00274559 0.00722542 0.0069766 2.19832e-05 0.000818188 0.00184427 -0.00191155 -0.00194652 -0.00284321 -0.00215165 -0.00170713 0.00547975 0.00657916 -0.00472913 -0.00337243 0.00253401 -0.00244862 0.0097944 0.00826467 0.00710134
internal_weight=3628.49 2130.73 1497.76 1178.59 747.065 952.138 705.296 529.255 750.69 714.817 515.588 704.222 669.61 473.296 337.396 245.51 91.8858 135.901 460.525 337.507 305.424 176.042 127.859 123.019 88.371 48.1826 128.93 237.321 119.646 96.3405
internal_count=15763 9128 6635 4811 3513 4317 2911 2173 3122 3187 2118 3144 2987 1900 1355 986 369 545 1882 1376 1245 738 538 506 362 200 517 1130 562 447
is_linear=0
shrinkage=0.01


Tree=70
num_leaves=31
num_cat=0
split_feature=2 14 0 0 0 13 0 7 1 0 25 9 10 9 10 28 22 29 15 25 15 5 25 14 28 16 15 10 0 29
split_gain=1049.9 175.148 105.195 29.9227 19.7669 12.1341 10.8801 9.08229 7.62233 10.3726 7.5472 7.43036 7.38983 7.26219 9.26889 11.9478 10.8977 6.79821 6.738 6.47838 6.03118 6.00978 5.92154 6.08781 6.37845 5.54482 5.32695 5.26153 6.23584 6.06847
threshold=0.025465501473428801 -0.76187019327678085 0.81635007292352191 -0.28322645968490062 1.5056581414354833 -1.2401268835255583 0.50425984259590273 1.1009230929903093 0.80518994256183996 -0.3012631624324642 -0.64574594306994559 0.80158984976222547 0.057233130510833084 0.45388732896799172 -0.81283856232308704 -0.81190226053263859 -0.67839836365443984 -1.4659327441711587 0.90768105919397402 0.67193303575143226 -1.0683729916592806 0.23402144820569662 1.8460226177719032 -0.14085447232045956 -1.5831416974969708 -1.1538865431966367 -0.28358716633686337 -0.16177704083546354 -1.3968373785588175 0.33936227165343685
decision_type=2 2 2 2 2 2 2 2 2 2 2 2 2 2 2 2 2 2 2 2 2 2 2 2 2 2 2 2 2 2
left_child=1 5 6 8 -4 27 22 19 11 10 -10 12 -3 14 16 -16 -5 -9 -19 21 -15 -7 23 -2 -25 -13 -22 -1 -29 -30
right_child=2 3 4 13 -6 7 -8 17 9 -11 -12 25 -14 20 15 -17 -18 18 -20 -21 26 -23 -24 24 -26 -27 -28 28 29 -31
leaf_value=0.011272866470101188 0.0072998453618370509 0.0032352921409475838 -0.0078094669741161421 -0.0078981171107816682 -0.011194154013227056 0.0089948328336503774 -0.005299424381059431 -0.0060870233450631564 -0.0016742737246520239 -0.011076595035824682 0.0033683396825959816 0.0091053882607977001 0.0057316369806839698 0.0070361337837863596 0.005697035788362538 0.00056235067053900928 6.6037349881260633e-05 0.007476823813106279 0.0013111849562653433 0.0057918113865485631 -0.0057453745281521845 0.0065253762173448316 0.0033362364776940664 -0.0079558534318611481 -0.0028493559809688309 -0.0022506362303325155 -0.0011633634717491197 0.012924064484270574 0.0050842742652114125 0.010369625463696353
leaf_weight=117.12228941917419 5.4899598956108084 364.98938816785812 463.91256013512611 22.646444246172905 280.48265792429447 291.79139189422131 289.77698384225368 6.1588628143072119 43.010077774524689 6.4654089808464041 93.877711683511734 4.8867222219705573 178.98812985420227 6.9668646603822699 60.13602951169014 185.35536214709282 69.230199038982391 39.991079866886139 32.668784216046333 167.21787185966969 35.159718975424767 157.40100924670696 14.903236374258993 26.214190930128098 413.72145654261112 30.600493431091309 93.759546846151352 23.173565417528152 60.706903249025345 35.377134397625923
leaf_count=568 22 1511 2108 91 1405 1333 1240 26 175 26 385 20 741 28 242 744 278 175 137 744 141 701 60 108 1692 124 376 115 280 167
internal_value=0 0.00451229 -0.00642337 0.00197875 -0.00908747 0.0077634 -0.00377736 0.00709012 0.00325846 0.0011826 0.00177659 0.00376998 0.00405942 2.18281e-05 0.000810098 0.00182603 -0.00189261 0.00385995 0.00472403 0.00750083 -0.00192703 0.00813338 -0.00281611 -0.0030249 -0.00315765 -0.000637577 -0.00242424 0.00973556 0.00820922 0.00704944
internal_weight=3622.18 2127.68 1494.5 1196.07 744.395 931.609 750.106 695.229 722.818 143.353 136.888 579.465 543.978 473.254 337.368 245.491 91.8766 78.8187 72.6599 616.41 135.886 449.192 460.329 445.426 439.936 35.4872 128.919 236.38 119.258 96.084
internal_count=15763 9128 6635 4882 3513 4246 3122 3116 2982 586 560 2396 2252 1900 1355 986 369 338 312 2778 545 2034 1882 1822 1800 144 517 1130 562 447
is_linear=0
shrinkage=0.01


Tree=71
num_leaves=31
num_cat=0
split_feature=2 4 4 2 2 18 2 13 9 10 22 24 22 28 19 2 2 10 29 6 11 6 23 7 21 23 23 28 24 23
split_gain=1030.99 172.604 101.839 26.4304 15.8788 13.5383 12.8472 12.6662 8.86267 8.62723 12.7435 8.1426 9.00921 8.12323 8.02397 8.7902 10.7975 7.97941 7.90561 7.79869 7.21721 8.70819 9.30129 6.91839 6.90273 6.84834 9.66979 7.54395 6.18595 6.02167
threshold=0.025465501473428801 -0.76264577346077045 0.93881108759236265 -0.3513946844737631 0.45905222486395497 -1.1347982542103303 1.5357273499576409 -1.2401268835255583 1.0278431420327223 -0.84174424024438899 -0.38874651527012166 1.1244693938908663 0.70130845657059504 -0.020407024246975106 -1.0662034058305068 -0.51328987789633274 -0.61801113555137166 -1.1519775717562657 -0.17397844719656597 -0.8722031530383797 0.7217659893182321 -0.13206765993984285 -1.015127606220837 -0.078861439934249253 0.64695458410052986 2.0342824139664999 0.6003681098777135 0.31383984927264613 -0.012545267919340382 1.0185674756330709
decision_type=2 2 2 2 2 2 2 2 2 2 2 2 2 2 2 2 2 2 2 2 2 2 2 2 2 2 2 2 2 2
left_child=1 7 4 14 20 13 -4 -1 17 28 -11 25 -13 -5 -3 16 -16 -9 -17 -19 21 -2 -23 -15 29 26 -6 -27 -7 -22
right_child=2 3 6 5 11 9 -8 8 -10 10 -12 12 -14 23 15 18 -18 19 -20 -21 24 22 -24 -25 -26 27 -28 -29 -30 -31
leaf_value=0.0096772584519187899 0.0049931381921890028 0.0059623862800623276 -0.0082178247162531214 0.0078012825076191122 -0.0053047798045346732 -0.0055161523573122673 -0.011147824124356012 0.011862255861946849 -0.0020074751049534369 0.0029423082728185991 -0.00084149563508457612 -0.00029797118922255593 -0.0092035373523798366 0.0035519462839931361 0.0022967735001158973 -0.00089602130870553823 0.0061538868597591639 0.0074231471913496277 0.0030157776471622468 0.0047149266046022063 -0.0053214717453579233 0.0024060375590008458 -0.003008308203234725 -0.0062124726904875154 -0.00040816195187906877 0.0068786555917380631 -0.009043228733904991 -0.0066499348554796087 -0.00037051320738953029 -0.013951259589449211
leaf_weight=235.43786883354187 17.149806305766106 100.23850490152836 372.72745724022388 35.468874171376228 270.62775076925755 47.005563095211983 259.03661850094795 34.37664233148098 10.596146926283835 132.90455695986748 268.47042317688465 53.543108850717545 14.410829007625578 29.728083193302155 170.90275278687477 92.86006760597229 127.92481683194637 529.68734912574291 115.41111934185028 136.89009511470795 74.298420906066895 36.135523930191994 246.24998736381531 9.4485341757535917 26.536799922585487 8.4264695346355456 94.983876749873161 7.8664579987525931 47.266997694969177 9.2522891461849195
leaf_count=1130 69 425 1712 145 1167 189 1302 157 43 535 1078 230 63 121 710 375 532 2384 473 603 307 146 1005 38 109 37 415 34 190 39
internal_value=0 0.00447374 -0.00637314 0.00191638 -0.00412982 0.00036827 -0.00942234 0.00765235 0.00697967 -0.000228043 0.00040934 -0.00542912 -0.002212 0.00433619 0.00336812 0.00285227 0.00395281 0.00711722 0.00126727 0.00686927 -0.00269948 -0.00188824 -0.00231131 0.0011617 -0.004894 -0.00599821 -0.00628095 0.000285136 -0.00294992 -0.00630461
internal_weight=3615.86 2124.62 1491.25 1177.63 859.481 570.293 631.764 946.988 711.55 495.648 401.375 449.858 67.9539 74.6455 607.337 507.099 298.828 700.954 208.271 666.577 409.623 299.535 282.386 39.1766 110.088 381.905 365.612 16.2929 94.2726 83.5507
internal_count=15763 9128 6635 4811 3621 2296 3014 4317 3187 1992 1613 1946 293 304 2515 2090 1242 3144 848 2987 1675 1220 1151 159 455 1653 1582 71 379 346
is_linear=0
shrinkage=0.01


Tree=72
num_leaves=31
num_cat=0
split_feature=0 14 4 0 0 0 7 13 0 23 0 14 23 21 10 0 8 21 16 23 16 19 7 7 11 4 26 7 14 27
split_gain=1008.62 195.504 80.0398 29.8803 17.1587 14.5042 12.5944 13.0906 11.6704 10.285 10.2606 9.55613 8.68527 6.94385 8.56897 15.1064 11.5964 7.39142 6.7664 9.69085 8.14561 7.2641 6.52753 5.99893 5.9129 5.87156 7.12995 5.84709 6.2812 5.51728
threshold=0.12517364975339984 -0.69888820447341071 0.93881108759236265 -0.25538312153693771 -0.83221870665800235 1.5056581414354833 0.79904954882914847 -0.7437741998042614 0.68020418326113929 2.0342824139664999 -1.4207684488009822 -0.46919547157914315 -1.6247082356014746 0.040303732654953885 -0.9340804735027981 -0.072178237101254206 -1.4176703428481281 0.11425807824543414 -0.33235682965025121 0.58805730839832537 -2.2756001308307927 -1.1341362517200502 -1.1190275475727272 -0.75878033434883951 -0.37681748152244204 0.77864356111458577 0.051032885537954403 -0.48960170173084266 -1.0887260895859641 0.93271245776693523
decision_type=2 2 2 2 2 2 2 2 2 2 2 2 2 2 2 2 2 2 2 2 2 2 2 2 2 2 2 2 2 2
left_child=1 4 8 6 10 -4 7 23 18 25 -1 -9 -8 14 15 -5 -16 24 20 21 -2 -20 -19 -3 -15 -10 -27 28 -12 -22
right_child=2 3 5 13 -6 -7 12 11 9 -11 27 -13 -14 17 16 -17 -18 22 19 -21 29 -23 -24 -25 -26 26 -28 -29 -30 -31
leaf_value=0.011879168791707313 -0.013884406910872615 -0.011661999091151795 -0.0079993490751365769 -0.0094535964790122516 0.0047873176975701719 -0.011085050253027796 0.011390381302311047 0.0052554240705046211 -0.0086732477377393664 0.0038745761435992451 0.010397083821772582 0.0025410413374800508 -0.0013915446693408859 0.0011468316484638402 0.010449394341142854 0.0020704226569707436 0.00095575777241289764 0.0037427786943360964 -0.010746492644243752 -0.0074728235980336946 -0.002626750450092313 -0.0030577071981794449 -0.0016316150893026979 -0.0005759358679018607 -0.011609416964741479 -0.0073597671810589974 -0.002666460083479278 0.0069533589330234803 0.0073542458763185712 0.0017024417589709382
leaf_weight=62.992109537124634 5.6327827721834174 6.8267181217670467 351.66585071384907 20.899010509252548 217.1234188824892 277.69334831833839 5.5554427057504645 229.47824037075043 95.651581287384033 9.2893625348806363 133.52998058497906 304.40833188593388 86.541911855340004 4.9477332085371044 13.616858452558516 24.526694178581238 217.30634868144989 24.986579298973083 13.056829601526259 83.532780066132545 143.82527223229408 223.64757187664509 220.80286327004433 17.292850375175476 12.153757244348524 77.920365914702415 57.055946499109268 481.50108641386032 149.46457175910473 36.639613449573517
leaf_count=315 24 28 1609 84 924 1405 23 956 422 41 628 1243 351 20 55 99 874 101 54 353 593 928 888 71 49 347 253 2192 683 150
internal_value=0 0.00414823 -0.00673585 0.00137454 0.00730483 -0.00936399 0.00281812 0.00338377 -0.00451708 -0.00634002 0.00796353 0.00371039 -0.000598156 -0.000364173 0.000740072 -0.00321859 0.00152418 -0.00152859 -0.00365027 -0.00453434 -0.00212197 -0.00349041 -0.0010799 -0.00379018 -0.00787548 -0.00675728 -0.0053867 0.00763808 0.0087967 -0.0017418
internal_weight=3609.57 2233.95 1375.61 1189.34 1044.61 629.359 650.103 558.006 746.252 239.917 827.488 533.887 92.0974 539.24 276.349 45.4257 230.923 262.891 506.335 320.237 186.098 236.704 245.789 24.1196 17.1015 230.628 134.976 764.496 282.995 180.465
internal_count=15763 9584 6179 4842 4742 3014 2672 2298 3165 1063 3818 2199 374 2170 1112 183 929 1058 2102 1335 767 982 989 99 69 1022 600 3503 1311 743
is_linear=0
shrinkage=0.01


Tree=73
num_leaves=31
num_cat=0
split_feature=2 4 0 0 0 0 3 0 9 25 21 4 9 10 28 24 10 15 16 23 28 16 16 20 8 25 15 5 18 26
split_gain=994.64 167.527 101.89 27.2557 19.5541 12.1314 11.2205 10.3471 9.40143 8.49699 8.65584 8.53102 7.10425 8.87053 11.7084 7.95077 6.7 5.91313 5.80803 9.98388 9.47645 8.7287 6.42186 5.60718 5.49081 5.82059 5.24202 5.09392 4.99716 4.98917
threshold=0.025465501473428801 -0.76264577346077045 0.81635007292352191 -0.28322645968490062 1.5056581414354833 -1.4207684488009822 -0.84278581836037514 0.50425984259590273 1.0278431420327223 0.62808961514793615 0.88011209441211269 -0.37694216071660402 0.45388732896799172 -0.81283856232308704 -0.81190226053263859 -0.69268676028249032 -1.1519775717562657 -1.0683729916592806 -0.33235682965025121 1.1025269831237743 -1.6626545602677643 0.33721217327536462 -2.2756001308307927 -1.1503704630474283 -0.64756608220584733 -1.4216559268199318 1.8453724617282039 -0.011776971277908988 -1.0804699753550804 -0.91462886442811919
decision_type=2 2 2 2 2 2 2 2 2 2 2 2 2 2 2 2 2 2 2 2 2 2 2 2 2 2 2 2 2 2
left_child=1 5 7 6 29 -1 24 18 16 11 -11 -8 13 15 -15 -5 -7 -14 20 21 -2 -20 -22 -21 25 -3 -19 -18 -26 -4
right_child=2 3 4 12 -6 8 9 -9 -10 10 -12 -13 17 14 -16 -17 27 26 19 23 22 -23 -24 -25 28 -27 -28 -29 -30 -31
leaf_value=0.011823772174765742 -0.01128244797098539 0.013855365992128679 -0.0054414234962324431 -0.0070129638652531223 -0.011030575359218921 0.011747012991844399 0.0023330574915475812 -0.0051617555966111906 -0.0020390356411231587 0.003322006943023554 0.0097938809402820168 -0.0014789909979316554 0.006972333438831706 0.0056300130969752591 0.00054595904809981433 -0.00015395363208267783 0.0080099232748458045 -0.0028297927556859975 -0.005115362418676217 -0.00014546088271676495 -0.011071915968706245 -0.001289922115887574 -0.00038472006933189896 -0.010427048911651205 -0.00054011915116133837 0.0057738200579371644 0.0070279117747390043 0.0064150014866035509 0.005888891429373432 -0.0081534879404742393
leaf_weight=62.656518965959549 8.949272543191908 9.8473661392927152 87.129186779260635 22.371968790888786 276.28166773915291 34.133773893117905 313.19758330285549 288.57722496986389 10.593295872211455 117.82164895534515 25.342359408736229 71.83319990336895 6.9635984152555457 60.106127366423607 185.32519386708736 69.465103581547737 391.8832260966301 123.4097755253315 103.43208596110344 6.7131530940532675 5.7389856725931159 143.1650288105011 162.30783875286579 29.381662353873253 25.930080652236938 117.45427437126637 5.4933129101991645 442.60610648989677 22.120914652943611 373.07940265536308
leaf_count=315 37 42 399 90 1405 157 1290 1240 43 488 105 290 28 242 744 279 1812 495 425 28 24 586 659 123 108 496 22 1990 92 1709
internal_value=0 0.00439847 -0.00627544 0.00188121 -0.00891678 0.0075417 0.00312916 -0.00367349 0.00723409 0.00239728 0.00448065 0.00161907 2.31237e-05 0.000802953 0.0017969 -0.00184153 0.00734856 -0.0019045 -0.00273611 -0.00362741 -0.00130567 -0.00289993 -0.000762014 -0.00854812 0.00532542 0.0064172 -0.00239682 0.00716606 0.00240488 -0.00764349
internal_weight=3603.31 2118.56 1484.76 1176.68 736.49 941.873 703.547 748.265 879.216 528.195 143.164 385.031 473.135 337.268 245.431 91.8371 868.623 135.867 459.688 282.692 176.996 246.597 168.047 36.0948 175.353 127.302 128.903 834.489 48.051 460.209
internal_count=15763 9128 6635 4811 3513 4317 2911 3122 4002 2173 593 1580 1900 1355 986 369 3959 545 1882 1162 720 1011 683 151 738 538 517 3802 200 2108
is_linear=0
shrinkage=0.01


Tree=74
num_leaves=31
num_cat=0
split_feature=2 0 0 0 0 18 0 0 8 29 28 23 6 13 7 18 5 16 23 28 16 16 20 23 10 10 23 11 21 26
split_gain=976.748 165.136 100.765 31.3268 19.4918 11.4885 10.8239 10.1764 9.41403 9.15157 8.91669 9.64553 8.35876 8.40816 7.74123 7.42244 6.83299 5.69912 9.81889 9.31127 8.5675 6.31187 5.51651 5.37047 5.41817 5.18988 4.94698 5.42217 6.41037 4.92671
threshold=0.025465501473428801 -0.80554327213667976 0.81635007292352191 -0.40264704505019006 1.5056581414354833 -0.92863435351327428 -1.4207684488009822 0.50425984259590273 -1.4982913218201239 -1.6242357669561658 -0.725641421456515 -1.0593043561421682 -0.77371383506239377 -0.82543384596207126 1.4163865699608964 2.0541403363358097 -0.011776971277908988 -0.33235682965025121 1.1025269831237743 -1.6626545602677643 0.33721217327536462 -2.2756001308307927 -1.1503704630474283 0.080976889552629286 -0.16177704083546354 -0.85613005963839706 -1.3486131569830691 0.64116595701697843 -0.80935694480256737 -0.91462886442811919
decision_type=2 2 2 2 2 2 2 2 2 2 2 2 2 2 2 2 2 2 2 2 2 2 2 2 2 2 2 2 2 2
left_child=1 6 7 9 29 10 -1 17 25 -3 -5 -12 14 -14 -11 -10 -8 19 20 -2 -19 -21 -20 -18 -25 -7 27 28 -9 -4
right_child=2 3 4 5 -6 8 16 26 15 12 11 -13 13 -15 -16 -17 23 18 22 21 -22 -23 -24 24 -26 -27 -28 -29 -30 -31
leaf_value=0.01176899904680081 -0.011192737401355589 0.011019798271180185 -0.0053975776973096282 0.0090849450829384223 -0.010976622548705423 0 0.0082879862390857709 -0.0073496731655405059 -7.5374402352412252e-05 0.0076110579130785859 0.015175215673616307 0.0011245240179668207 -0.0064949737356717321 0.0030885098747900621 0.0015871879144431092 -0.0075225619748078678 0.0075388245351802278 -0.0050683724760182229 -0.00014403187582592622 -0.010987665155229261 -0.0012772711876795574 -0.00038089232934822656 -0.010345532124170762 0.0080203559218538396 0.0040353030657121819 0.012811092274387311 -0.0056467038483596389 0.0073267163976423891 0.0011859950043676161 -0.0080956570424510956
leaf_weight=62.320795223116875 8.9316812902688962 16.637793660163879 86.960251376032829 22.676146864891052 274.87084555625916 4.9798667728900901 423.07818938791752 18.352863773703575 521.17641292512417 79.584709227085114 5.1303967535495749 79.5257817953825 9.1847632229328138 459.6061853915453 29.836056888103485 13.646224603056906 202.37105575203896 103.34846511483192 6.7129580527544013 5.7259929329156867 143.13832457363605 162.30061998963356 29.318147674202919 47.714400053024292 129.48114395141602 8.5739578157663328 247.96196222305298 5.433190092444419 16.442414060235023 371.99320390820503
leaf_count=315 37 70 399 93 1405 20 1965 78 2097 339 21 323 39 1909 123 55 920 425 28 24 586 659 123 219 585 35 1072 22 68 1709
internal_value=0 0.00436085 -0.00622659 0.00203591 -0.00885991 0.000526484 0.00772046 -0.00363984 -5.75421e-05 0.00369771 0.00351694 0.00200473 0.00348342 0.00289727 0.00598059 -0.000268633 0.00740344 -0.00271023 -0.00359353 -0.00129314 -0.00287229 -0.000754617 -0.00847823 0.00641295 0.00511794 0.00813964 -0.00511705 -0.00182162 -0.00329567 -0.0075879
internal_weight=3597.01 2115.52 1481.49 1250.56 733.824 655.709 864.966 747.667 548.376 594.85 107.332 84.6562 578.212 468.791 109.421 534.823 802.645 459.476 282.518 176.958 246.487 168.027 36.0311 379.567 177.196 13.5538 288.19 40.2285 34.7953 458.953
internal_count=15763 9128 6635 5124 3513 2644 4004 3122 2207 2480 437 344 2410 1948 462 2152 3689 1882 1162 720 1011 683 151 1724 804 55 1240 168 146 2108
is_linear=0
shrinkage=0.01


Tree=75
num_leaves=31
num_cat=0
split_feature=2 14 0 0 0 0 0 5 1 0 11 18 9 9 10 22 22 10 25 20 15 25 14 28 21 15 23 11 21 9
split_gain=959.182 162.962 99.6479 27.248 19.43 11.6939 10.0107 9.42227 7.36886 10.0115 8.39359 8.25915 7.52216 6.91924 8.68333 11.4564 10.5824 6.76925 6.09919 6.9633 5.79802 5.77875 5.97047 6.16913 5.5842 5.22723 4.8648 5.31597 6.2983 5.04684
threshold=0.025465501473428801 -0.76187019327678085 0.81635007292352191 -0.28322645968490062 1.5056581414354833 -1.4207684488009822 0.50425984259590273 -0.011776971277908988 0.80518994256183996 -0.3012631624324642 1.2788770643397529 1.0449853163494245 0.75158296888393517 0.45388732896799172 -0.81283856232308704 -0.23650556525546129 -0.67839836365443984 1.0449059451135825 0.67193303575143226 -0.40295707485834914 -1.0683729916592806 1.8460226177719032 -0.14085447232045956 -1.5831416974969708 -0.65001216663594941 -0.1791473484708197 -1.3486131569830691 0.64116595701697843 -0.80935694480256737 0.15137679590714517
decision_type=2 2 2 2 2 2 2 2 2 2 2 2 2 2 2 2 2 2 2 2 2 2 2 2 2 2 2 2 2 2
left_child=1 5 6 8 -4 -1 21 18 10 11 12 -10 -3 14 16 -16 -5 24 -7 -20 -15 22 -2 -24 -9 -22 27 28 -8 -28
right_child=2 3 4 13 -6 7 26 17 9 -11 -12 -13 -14 20 15 -17 -18 -19 19 -21 25 -23 23 -25 -26 -27 29 -29 -30 -31
leaf_value=0.011714832418278079 0.0073350240161796365 0.0037803950671791704 -0.0075327643990424666 -0.0077507607153213635 -0.010923176269642777 0.0089888158662343697 -0.0072894370938663532 0.0081510566413642519 -0.00058078551014717798 -0.010976648124164354 0.013241248993288679 0.0043449712249511649 -0.00063171705909186081 0.0069077051740157212 0.0045025357583922173 5.5861289632127566e-05 0.00010116872602494222 -0.0019854901584432949 0.0046047941347860484 0.010215883833433595 -0.0054370852715337741 0.0033954002089220709 -0.0077520591106848063 -0.0027199198722742532 0.0055861445131236776 -0.0010318727935813359 -0.0041926439780533989 0.0072493795666311476 0.0011739595948920087 -0.0070888084191927849
leaf_weight=61.985010251402855 5.4888373762369147 527.39211146533489 457.69911396503448 22.619908198714256 273.46116925776005 309.48232871294022 18.32046639919281 122.62540392577648 74.529089093208313 6.4661139249801627 8.8998441547155362 62.065981820225716 41.253485381603241 6.9601744115352622 94.391596436500549 150.99147890508175 69.202872082591057 9.7956732362508756 79.814907908439636 31.475242987275124 38.879825592041016 14.892767593264578 26.100422859191895 412.7806570827961 303.70294868946075 90.005234643816948 127.9052062779665 5.4372861534357062 16.445878267288208 119.67489099502563
leaf_count=315 22 2191 2108 91 1405 1450 78 554 305 26 37 255 168 28 380 606 278 40 366 145 156 60 108 1692 1376 361 552 22 68 520
internal_value=0 0.00432349 -0.00617822 0.00188525 -0.0088035 0.0074892 -0.0036066 0.00718103 0.00310926 0.00106657 0.00361324 0.0016516 0.0034585 1.83081e-05 0.000788029 0.00177158 -0.00182855 0.00613855 0.00825746 0.00620845 -0.00188417 -0.00268461 -0.00289134 -0.00302316 0.00632798 -0.0023717 -0.00507306 -0.00180402 -0.00326534 -0.00559892
internal_weight=3590.75 2112.54 1478.21 1193.66 731.16 918.882 747.046 856.897 720.607 143.061 577.545 136.595 568.646 473.051 337.206 245.383 91.8228 436.124 420.772 111.29 135.845 459.263 444.37 438.881 426.328 128.885 287.784 40.2036 34.7663 247.58
internal_count=15763 9128 6635 4882 3513 4246 3122 3931 2982 586 2396 560 2359 1900 1355 986 369 1970 1961 511 545 1882 1822 1800 1930 517 1240 168 146 1072
is_linear=0
shrinkage=0.01


Tree=76
num_leaves=31
num_cat=0
split_feature=2 14 2 2 2 3 14 13 17 11 19 7 22 9 10 20 6 13 13 21 25 20 25 15 23 15 25 18 20 23
split_gain=941.917 160.598 96.8396 25.4828 15.0872 14.5146 12.9132 11.9217 8.99485 8.76114 11.9245 8.74963 8.57156 8.4073 8.34123 8.15436 7.7352 7.42947 9.02663 6.92006 6.93741 6.80573 6.67405 8.41202 6.60979 6.70728 6.45569 6.30054 6.29956 5.97073
threshold=0.025465501473428801 -0.76187019327678085 0.95679463835475442 -0.47050080481470974 0.53970150539689477 -0.44204379099834962 1.6920284843381637 -1.2401268835255583 1.1719536210089916 0.91111558431207662 0.57243459112008266 1.1009230929903093 -0.42391451836516436 -1.6203903334420513 0.15871036281038839 -1.1346317417202096 -0.086586934552835393 0.33478195063611038 0.1818839961194236 -1.1962349811974826 0.385593444789183 0.62710388996626165 -1.4074379507113615 0.90768105919397402 -1.5922105829802702 -0.92386926064594743 0.67193303575143226 2.0541403363358097 -0.48148967612617105 -1.1397765954074057
decision_type=2 2 2 2 2 2 2 2 2 2 2 2 2 2 2 2 2 2 2 2 2 2 2 2 2 2 2 2 2 2
left_child=1 7 4 9 8 13 -4 -1 29 10 14 26 16 -5 -3 -15 -7 18 -10 -11 -21 24 -13 -24 25 -6 -9 -14 -12 -2
right_child=2 3 6 5 21 12 -8 11 17 19 28 22 27 15 -16 -17 -18 -19 -20 20 -22 -23 23 -25 -26 -27 -28 -29 -30 -31
leaf_value=0.0094135064375550411 0.00067391320390355479 0.0032290258358949647 -0.008192254901085369 -0.0058449751326185555 0.0063723261619232649 0.0030097059494052156 -0.011369536648584764 0.0078090625666364126 -0.0078784724748732979 -0.0020749702755708459 0.010476322546670049 -0.0062895565725189896 -0.00080422424857726216 0.0064056503891730824 0.0069615915353431661 0.0020825499428883351 -0.0021406915825084301 -0.010833049853153478 0.0025117402099875323 0.0057331338069607609 0.015057437321443313 -0.0076047613597977574 0.0075818904306865437 0.00068691576743898711 -0.0050707626159979327 -0.005243542001720192 0.0054569078568364208 -0.0079755248648216721 -0.0012292505249860391 -0.002789401659047429
leaf_weight=231.11369480192661 56.658205077052116 237.95317731797695 422.1976265758276 10.81980215013027 10.529673859477045 118.40036542713642 188.90372131764889 442.09234802424908 19.604667767882347 5.2712160497903815 4.8441371172666541 6.1365410685539237 340.24006289243698 57.319492653012276 81.188597440719604 188.42090339958668 38.366891235113144 23.878704756498337 14.264424383640288 18.064240053296089 15.272399589419363 110.51097272336483 39.052795827388763 32.952076748013496 236.21911196410656 9.1915152817964536 164.98147089779377 12.655717566609381 64.367325097322464 382.97927230596542
leaf_count=1130 231 996 1999 44 45 478 977 2034 81 22 20 26 1370 236 340 766 154 101 59 75 64 493 173 139 1035 39 744 51 266 1575
internal_value=0 0.00428649 -0.00613012 0.00186715 -0.00397218 0.000774412 -0.00917775 0.00743517 -0.00283272 0.00382519 0.00336753 0.00676517 -0.000200363 0.00271405 0.00418359 0.00309719 0.00174227 -0.00655039 -0.00347854 0.00838233 0.010067 -0.00551484 0.0035829 0.00444569 -0.00460593 0.000908891 0.00717248 -0.00106642 -0.000381612 -0.00234074
internal_weight=3584.45 2109.51 1474.94 1193.18 863.837 766.223 611.101 916.329 497.385 426.961 388.353 685.215 509.663 256.56 319.142 245.74 156.767 57.7478 33.8691 38.6079 33.3366 366.451 78.1414 72.0049 255.94 19.7212 607.074 352.896 69.2115 439.637
internal_count=15763 9128 6635 4882 3659 3099 2976 4246 2047 1783 1622 3116 2053 1046 1336 1002 632 241 140 161 139 1612 338 312 1119 84 2778 1421 286 1806
is_linear=0
shrinkage=0.01


Tree=77
num_leaves=31
num_cat=0
split_feature=0 14 0 0 0 0 7 13 0 0 14 23 18 23 23 11 5 23 17 9 13 13 9 21 22 28 19 19 7 14
split_gain=922.906 181.097 76.3874 27.0892 16.3396 13.8353 12.1268 12.9664 11.8487 10.0563 9.09179 8.48739 7.36223 9.08987 7.35186 6.83702 6.72334 6.63126 6.61638 7.34285 6.55986 7.47868 6.45217 6.2144 8.69765 6.56508 6.0742 6.66152 5.85699 5.84316
threshold=0.12517364975339984 -0.69888820447341071 1.0173770101186983 -0.25538312153693771 -0.83221870665800235 0.68020418326113929 0.79904954882914847 -0.7437741998042614 1.5741023380619106 -1.4207684488009822 -0.46919547157914315 -1.6247082356014746 0.74415044504447647 -0.82842520305780531 -0.1435967386805608 0.56422351038878582 -0.011776971277908988 2.0342824139664999 1.1371906932354501 -1.1479101179485405 0.33478195063611038 0.1818839961194236 0.53470633806179801 0.38553823495737732 0.076564084406992847 -0.82355987139890274 1.0902257845762551 0.85036117158249414 -0.75878033434883951 0.57787909103115775
decision_type=2 2 2 2 2 2 2 2 2 2 2 2 2 2 2 2 2 2 2 2 2 2 2 2 2 2 2 2 2 2
left_child=1 4 5 6 9 18 7 28 -4 -1 -9 -8 23 15 -15 -14 -11 26 19 -2 21 -20 -21 25 -25 -5 27 -7 -3 -22
right_child=2 3 8 12 -6 17 11 10 -10 16 -12 -13 13 14 -16 -17 -18 -19 20 22 29 -23 -24 24 -26 -27 -28 -29 -30 -31
leaf_value=0.011618451988496854 -0.0060425047192725458 -0.01168044812516246 -0.008063077713186647 0.0036110719338976346 0.0045788477623791134 -0.0063183248793237173 0.011211640694657162 0.0050812940941270092 -0.01103660209870838 0.0082719284466604252 0.0024295383502581053 -0.0014486572411892191 0.012641719787987154 -0.0077814792096816653 -0.0019102966143880193 -3.7805472932989084e-05 0.0063527347917350955 0.0020098897385206287 -0.0082315497455322899 -0.0013813959348672707 -0.011640280003585714 0.0021895775831102045 -0.0040759589264241112 -0.0065021852185634735 -0.00020496909334627667 0.00018277511105488516 -0.0099583189610418423 0.0002357364488183232 -0.00071689329378309282 -0.0027600937571808605
leaf_weight=61.37833708524704 69.064101159572601 6.824938207864764 329.14583590626717 78.278088375926018 215.79533353447914 220.03074435889721 5.5311214327812186 228.55977201461792 234.79494163393974 398.11296519637108 303.84935796260834 86.45865361392498 5.7311971634626415 31.514395132660866 67.974531903862953 15.134907975792883 356.06692665815353 9.2141608595848066 12.777128309011461 220.99132862687111 27.188689008355141 14.506557762622831 150.64212773740292 27.036718592047691 116.37062977254391 196.85760027170181 44.046706393361092 16.360114350914955 17.252259939908981 10.719543531537054
leaf_count=315 288 28 1549 316 924 988 23 956 1220 1871 1243 351 23 127 274 61 1632 41 53 917 116 60 628 109 468 792 199 74 71 46
internal_value=0 0.00397553 -0.00648754 0.00131166 0.00704099 -0.00448842 0.00268859 0.00324481 -0.00930461 0.00769061 0.00357054 -0.000665217 -0.000343604 -0.00252301 -0.00378606 0.00344081 0.00736812 -0.00623597 -0.00348483 -0.00303939 -0.00647136 -0.00266642 -0.00247713 0.000281163 -0.00140286 0.00116274 -0.00651109 -0.0058606 -0.00390145 -0.00916935
internal_weight=3578.21 2218.73 1359.48 1187.37 1031.35 795.541 648.476 556.486 563.941 815.558 532.409 91.9898 538.898 120.355 99.4889 20.8661 754.18 289.652 505.889 440.698 65.1919 27.2837 371.633 418.543 143.407 275.136 280.438 236.391 24.0772 37.9082
internal_count=15763 9584 6179 4842 4742 3410 2672 2298 2769 3818 2199 374 2170 485 401 84 3503 1302 2108 1833 275 113 1545 1685 577 1108 1261 1062 99 162
is_linear=0
shrinkage=0.01


Tree=78
num_leaves=31
num_cat=0
split_feature=4 4 4 14 18 8 6 14 8 13 20 23 11 22 11 9 29 27 10 10 23 6 11 18 5 24 24 29 7 7
split_gain=905.019 160.775 91.8925 24.0999 15.4018 15.0756 13.3993 13.273 12.5773 12.4077 10.6195 9.41293 8.87708 12.7191 11.8876 8.35091 8.17955 8.00229 7.98118 7.88553 7.67835 7.63353 6.97931 7.19226 6.77606 6.22018 6.02528 6.75455 6.02286 5.61455
threshold=0.048412742557612895 -0.76264577346077045 0.93881108759236265 -0.45863302340718576 -0.92863435351327428 -1.4982913218201239 0.4631431373058536 1.6156101133266463 -0.04249755688707086 -1.2401268835255583 0.62710388996626165 0.57309539114097652 0.17735893278695705 1.1752104351163764 0.89724674264157411 1.0278431420327223 1.6627410372038227 -1.5354859456920649 1.1068684948668501 -1.1519775717562657 1.1025269831237743 -0.8722031530383797 1.0004162281918296 -0.20126328656419643 -0.40641149176918939 1.3197560182605999 -1.7471315016724029 -0.86681805235996767 0.11205005466903674 1.4163865699608964
decision_type=2 2 2 2 2 2 2 2 2 2 2 2 2 2 2 2 2 2 2 2 2 2 2 2 2 2 2 2 2 2
left_child=1 9 6 12 18 -6 8 22 -2 -1 26 -7 17 14 -14 19 20 -3 24 -11 -10 -21 23 -4 -5 28 -8 -28 -12 -19
right_child=2 3 7 4 5 11 10 -9 16 15 25 -13 13 -15 -16 -17 -18 29 -20 21 -22 -23 -24 -25 -26 -27 27 -29 -30 -31
leaf_value=0.0093073102579486668 -0.00063456607427094056 0.012324832511856397 -0.0086265548558636228 0.0033461280827175172 0.0095509707245417536 0.00053627033528237124 -0.010968525538861205 -0.010991127924564253 -0.0038407902039471814 0.01151006943879355 -0.00074569269621331145 -0.0022106373848953874 -0.001170168828533637 0.0081990329362577087 0.0048927263468784661 -0.0021192674430908667 0.0045832007373062394 0.0047521272534903234 -0.0084921443105476901 0.0070477259347843015 -0.0094152753841552118 0.0043506229765896392 -0.010384956681242371 -0.0054930669840044435 0.010234392196494838 -0.0011181870521193191 -0.0011712534266099745 -0.0048021240949378844 -0.009850805785314571 -0.002306473433666197
leaf_weight=229.34617495536804 177.53429113328457 13.58623346686363 160.30147702991962 111.1424058675766 16.070584431290627 446.15204887092113 13.092570841312407 223.33327184617519 202.48612828552723 33.610552191734314 8.283739894628523 172.93728658556938 101.87843663990498 27.037174910306931 47.173669472336769 10.585286825895308 10.084966018795965 226.25752830505371 4.9674105495214453 520.59219354391098 28.506786227226257 135.05435705184937 89.904299408197403 141.58174324035645 16.570849686861038 11.682053565979002 66.597337692975998 235.15317426621914 78.880723744630814 11.606622457504271
leaf_count=1130 725 58 751 457 66 1801 57 1163 844 157 37 698 422 112 196 43 42 954 20 2384 122 603 435 665 67 53 286 1010 358 47
internal_value=0 0.00415475 -0.00609795 0.00172807 0.000666781 1.76838e-05 -0.00392894 -0.00903002 -0.00266167 0.00727502 -0.00520793 -0.000229673 0.00363115 0.00189832 0.000743973 0.00660635 -0.00414943 0.00483943 0.00376421 0.0067421 -0.00453684 0.00649443 -0.00790704 -0.00716258 0.00425502 -0.00807962 -0.0043009 -0.00400475 -0.0089988 0.00440267
internal_weight=3571.99 2124.57 1447.42 1195.38 767.841 635.16 832.302 615.121 418.612 929.189 413.69 619.089 427.54 176.089 149.052 699.842 241.078 251.45 132.681 689.257 230.993 655.647 391.788 301.883 127.713 98.8465 314.843 301.751 87.1645 237.864
internal_count=15763 9215 6548 4898 3109 2565 3534 3014 1733 4317 1801 2499 1789 730 618 3187 1008 1059 544 3144 966 2987 1851 1416 524 448 1353 1296 395 1001
is_linear=0
shrinkage=0.01


Tree=79
num_leaves=31
num_cat=0
split_feature=0 14 0 0 0 0 7 4 0 0 23 27 20 18 23 23 21 22 5 17 9 9 7 21 1 22 25 22 7 21
split_gain=890.296 175.638 74.9519 26.2091 16.0019 13.4537 11.8438 12.4987 11.8189 10.0241 8.3114 8.20175 7.90851 7.18025 8.89179 7.24126 6.90576 7.33628 6.68992 6.47663 7.16991 6.30014 6.06387 6.05875 8.83792 8.52999 5.61316 5.35102 8.22819 7.67423
threshold=0.12517364975339984 -0.69888820447341071 1.0173770101186983 -0.25538312153693771 -0.83221870665800235 0.68020418326113929 0.79904954882914847 -0.71567248070456346 1.5741023380619106 -1.4207684488009822 -1.6247082356014746 0.65049829190295805 0.62710388996626165 0.74415044504447647 -0.82842520305780531 -0.1435967386805608 2.2754165583906034 -0.71555487360790893 -0.011776971277908988 1.1371906932354501 -1.1479101179485405 0.53470633806179801 -0.71798852153141424 0.38553823495737732 0.86474386283979887 0.076564084406992847 0.73017558628139956 0.84942377995805496 1.8490133791234313 0.029708429148575546
decision_type=2 2 2 2 2 2 2 2 2 2 2 2 2 2 2 2 2 2 2 2 2 2 2 2 2 2 2 2 2 2
left_child=1 4 5 6 9 19 7 22 -4 -1 -8 -9 16 23 -15 -16 17 -7 26 20 -2 -22 -3 24 -5 -25 -11 28 -6 -29
right_child=2 3 8 13 27 12 10 11 -10 18 -12 -13 -14 14 15 -17 -18 -19 -20 -21 21 -23 -24 25 -26 -27 -28 29 -30 -31
leaf_value=0.011524049960390395 -0.0059506879064110327 -0.012989374368019474 -0.0079523597919791151 0.00076683039489544884 0.0042826918563695976 -0.0021649696409700857 0.011097416350744094 0.002695251474645275 -0.010934739194185696 0.0088534293878129236 -0.001447190890624703 0.0054470404590597609 -0.0086242510428806325 0.0034040706307881196 -0.0077100988877008975 -0.0018819817446407059 0.0063072401450530785 -0.0065329218130874998 0.0062459265593640878 -0.0063794438980611006 -0.0013411942248924616 -0.0040054314565808333 -0.00088877384364706793 -0.0064382093649992117 0.0097231946044677442 -0.0002010971214343895 0.0060301873992049662 -0.00068398061209077514 -0.0047796407103024279 0.010061579324284699
leaf_weight=60.772911235690117 68.922181338071823 5.8558470159769085 327.08885368704796 263.67944419384003 165.01838181912899 54.314561232924461 5.5153239071369162 382.63417300581932 232.3346992880106 298.64491426944733 86.452213853597641 153.07099856436253 89.503155142068863 20.865136221051216 31.49906300008297 67.957837045192719 5.0912699252367011 139.54807025194168 354.30192230641842 65.025783523917198 220.81591352820396 150.4172533005476 14.329750433564184 27.028586834669113 11.430671036243437 116.36144530773163 97.044217079877853 8.1767542362213117 10.482403576374052 31.613235414028168
leaf_count=315 288 24 1549 1062 711 242 23 1578 1220 1420 351 637 407 84 127 274 23 630 1632 275 917 628 59 109 46 468 451 35 43 135
internal_value=0 0.00390743 -0.00638951 0.00128644 0.00693734 -0.00441015 0.00264178 0.00319197 -0.00919449 0.00758301 -0.000672789 0.00348428 -0.0061379 -0.000341495 -0.00249413 -0.00374374 -0.00501057 -0.00531605 0.00726083 -0.00342062 -0.00297988 -0.00242418 -0.00449518 0.000275464 0.00114599 -0.00138741 0.00816524 0.00449878 0.0037333 0.00783214
internal_weight=3565.8 2212.74 1353.06 1186.68 1026.05 793.638 647.858 555.891 559.424 810.764 91.9675 535.705 288.457 538.822 120.322 99.4569 198.954 193.863 749.991 505.181 440.155 371.233 20.1856 418.5 275.11 143.39 395.689 215.291 175.501 39.79
internal_count=15763 9584 6179 4842 4742 3410 2672 2298 2769 3818 374 2215 1302 2170 485 401 895 872 3503 2108 1833 1545 83 1685 1108 577 1871 924 754 170
is_linear=0
shrinkage=0.01


Tree=80
num_leaves=31
num_cat=0
split_feature=2 14 2 2 2 3 13 6 5 11 5 22 29 22 3 9 5 11 26 10 11 6 23 10 21 25 10 25 11 28
split_gain=876.506 151.462 93.2385 23.7967 19.9695 13.8308 11.7499 9.01988 8.91097 8.5782 11.3343 9.11066 8.94705 8.27642 8.70359 8.23641 10.0053 8.20207 8.94622 7.34072 7.17655 10.2037 7.14822 7.00038 6.84171 6.85867 6.41523 6.24588 7.68401 7.65776
threshold=0.025465501473428801 -0.76187019327678085 1.1135961122668883 -0.47050080481470974 0.53970150539689477 -0.44204379099834962 -1.2730793931718756 1.971175875600846 0.61541473210536102 0.91111558431207662 1.0305583292048495 0.50995202398487316 -1.6242357669561658 -0.049471600201476625 2.1027135943747086 -1.6203903334420513 -1.7220508952257851 0.048663124295649667 -0.094356384056288975 -1.2207429047471228 0.79216755211415157 -0.13206765993984285 -1.015127606220837 0.9027439690920438 -1.1962349811974826 0.385593444789183 0.86984050714047112 0.62808961514793615 0.36347227992116976 -1.2418427558176131
decision_type=2 2 2 2 2 2 2 2 2 2 2 2 2 2 2 2 2 2 2 2 2 2 2 2 2 2 2 2 2 2
left_child=1 6 4 9 20 15 -1 -4 27 10 12 -12 -3 19 -15 -5 -17 18 -10 -7 21 -2 -23 26 -11 -26 -6 29 -29 -8
right_child=2 3 7 5 23 13 8 -9 17 24 11 -13 -14 14 -16 16 -18 -19 -20 -21 -22 22 -24 -25 25 -27 -28 28 -30 -31
leaf_value=0.0094582078102950426 0.0052804716523925403 0.012364172255612635 -0.008712080622009578 -0.0058355588621128067 -0.0050077793979851201 -0.006686732464982012 0.0025496937219235565 -0.011947500555987828 -0.013175079591372292 -0.0021951007822435791 -0.0074078801318980267 0.007457351325384348 0.0033731952691194952 -0.0011188036189261046 -0.01170667572796126 0.010992666446376269 0.0024977521897844969 0.0053547618574054509 0.0044432275633027448 0.0014852811342978237 -0.0049105751117175887 0.00086265258404287135 -0.0030233734709539098 -0.0076032001853490261 0.0055814945470356279 0.014872929045121519 0.0068801247348694427 0.0046610568332145878 0.011845742073455498 0.0084387624287775593
leaf_weight=189.00963114202023 17.868939623236656 11.439295902848242 379.23202362656593 10.816258922219275 336.18700243532658 11.395169019699095 24.251761630177498 115.89832401275635 5.0344005972146988 5.2583388686180106 16.528128728270534 5.3337810337543479 353.88863146305084 254.43351551890373 7.9376014322042456 14.759853929281233 230.67705568671227 197.84229300916195 6.3782530426979047 235.7133449614048 116.18449826538563 55.470416679978371 306.89020773768425 129.87504443526268 18.003031834959984 15.179286912083624 4.4481409192085257 124.96658553183079 17.150782898068428 341.54675632715225
leaf_count=944 72 49 1870 44 1503 46 113 610 22 22 68 22 1483 1025 32 62 940 886 28 950 486 226 1263 585 75 64 20 573 78 1602
internal_value=0 0.00414292 -0.00594328 0.00179796 -0.00413364 0.000742444 0.00722422 -0.00947369 0.00663282 0.00369393 0.0032407 -0.00371815 0.00366077 -0.000208962 -0.00144727 0.00263726 0.00301695 0.00487723 -0.00328871 0.00110184 -0.00272973 -0.00205959 -0.00242567 -0.00561183 0.00821282 0.00989383 -0.00484763 0.00735303 0.00554286 0.00805186
internal_weight=3559.6 2097.54 1462.05 1191.36 966.924 765.733 906.18 495.13 717.171 425.63 387.19 21.8619 365.328 509.48 262.371 256.253 245.437 209.255 11.4127 247.109 496.414 380.23 362.361 470.51 38.4407 33.1823 340.635 507.916 142.117 365.799
internal_count=15763 9128 6635 4882 4155 3099 4246 2480 3302 1783 1622 90 1532 2053 1057 1046 1002 936 50 996 2047 1561 1489 2108 161 139 1523 2366 651 1715
is_linear=0
shrinkage=0.01


Tree=81
num_leaves=31
num_cat=0
split_feature=2 0 0 0 0 9 18 0 10 0 29 10 24 5 29 11 25 8 25 28 23 9 23 10 29 23 19 8 11 21
split_gain=860.717 149.388 93.3887 27.8129 19.187 10.9754 11.8761 10.6298 9.8142 9.10901 8.85945 6.71142 11.5831 6.60303 6.03183 7.61276 5.99035 6.40747 5.65238 5.83259 7.54047 5.52816 5.36721 5.39778 4.98382 4.74103 5.5718 5.70951 5.27649 6.20443
threshold=0.025465501473428801 -0.80554327213667976 0.81635007292352191 -0.40264704505019006 1.5056581414354833 0.45388732896799172 1.9193107479087457 -1.4207684488009822 -0.21854052769077309 0.50425984259590273 -1.6242357669561658 -1.5420047789943683 -0.49603774016982072 -0.011776971277908988 1.3055374242427022 0.1859279541023709 0.73017558628139956 -0.65955190496572635 1.8460226177719032 -1.4923029842326445 0.75923574727458398 0.53470633806179801 0.080976889552629286 -0.16177704083546354 -0.94638317657404813 -1.3486131569830691 -1.4506447805508638 -0.87700968664029622 0.64116595701697843 -0.80935694480256737
decision_type=2 2 2 2 2 2 2 2 2 2 2 2 2 2 2 2 2 2 2 2 2 2 2 2 2 2 2 2 2 2
left_child=1 7 9 10 -4 6 8 -1 -5 18 -3 12 -12 16 21 -16 -9 -18 19 -2 -21 -7 -15 -24 -13 28 27 -27 29 -11
right_child=2 3 4 5 -6 14 -8 13 -10 25 11 24 -14 22 15 -17 17 -19 -20 20 -22 -23 23 -25 -26 26 -28 -29 -30 -31
leaf_value=0.011430406277447543 -0.0066795174326368398 0.010713344874676589 -0.0072094280015758822 0.00026139719785460018 -0.010620688856197715 -0.0069011147879612733 -0.011607312957684064 0.0086019760448710885 0.0031993240284807012 -0.0070619506144188916 0.0083459380498936662 0.0015923808558012426 -0.010114500473439082 0.0071859342080129122 -0.017682928074205118 -0.0026348840501567777 0.0035902790714795268 0.0087569399846008662 0.0034834898356169803 -0.0016899287239435401 -0.0050320836533765713 -0.00046318889393303525 0.0076702505860302079 0.0036618908373878289 0.0039262349593770481 -0.0032671637498104412 -0.005777508045594416 0.0093444899945320653 0.0074450097053096933 0.0013617487078745878
leaf_weight=60.161639362573624 34.800289109349251 16.479328244924545 450.1408094316721 279.48933896422386 265.25672686100006 14.645278483629225 6.9420433640480033 313.30571684241295 192.57310619950294 18.188450127840042 5.1915889084339133 117.55277146399021 9.2735076695680601 198.92845045030117 4.9785337448120108 10.688545122742651 59.050553739070892 41.889072045683861 14.879944786429403 322.30323548614979 86.054812461137772 145.78078928589821 46.853240236639977 127.54069218039513 443.23559068143368 14.398649811744692 226.35287843644619 4.6682264655828467 5.4246875494718543 16.387638181447983
leaf_count=315 144 70 2108 1129 1405 59 28 1495 779 78 22 490 39 920 20 43 274 196 60 1320 358 586 219 585 1859 62 990 20 22 68
internal_value=0 0.00410745 -0.00589687 0.00190401 -0.00847697 0.000482617 0.00126855 0.00734646 0.00146244 -0.003412 0.00347558 0.00326468 -0.0034085 0.00703181 -0.00164909 -0.00756195 0.00791121 0.00575084 -0.00253267 -0.00273767 -0.00239774 -0.00106107 0.00605147 0.0047483 0.00343917 -0.00481827 -0.00534029 -9.45808e-05 -0.00158523 -0.00304821
internal_weight=3553.42 2094.56 1458.86 1246.83 715.398 655.098 479.004 847.729 472.062 743.459 591.733 575.253 14.4651 787.568 176.093 15.6671 414.245 100.94 458.038 443.158 408.358 160.426 373.322 174.394 560.788 285.421 245.42 19.0669 40.0008 34.5761
internal_count=15763 9128 6635 5124 3513 2644 1936 4004 1908 3122 2480 2410 61 3689 708 63 1965 470 1882 1822 1678 645 1724 804 2349 1240 1072 82 168 146
is_linear=0
shrinkage=0.01


Tree=82
num_leaves=31
num_cat=0
split_feature=2 0 0 0 0 9 18 0 10 0 29 6 0 7 5 25 20 29 16 14 16 23 16 9 23 10 23 19 29 23
split_gain=845.222 147.263 92.3609 27.2963 19.1269 10.7601 11.6491 10.577 9.62254 8.96283 8.72031 8.09267 8.38655 7.44857 6.53494 5.92751 7.58403 5.91508 6.56367 5.57408 6.09069 8.484 5.51593 5.41761 5.29441 5.32367 4.66213 5.48083 5.29789 4.976
threshold=0.025465501473428801 -0.80554327213667976 0.81635007292352191 -0.40264704505019006 1.5056581414354833 0.45388732896799172 1.9193107479087457 -1.4207684488009822 -0.21854052769077309 0.50425984259590273 -1.6242357669561658 -0.77371383506239377 -0.65285779791936771 1.4163865699608964 -0.011776971277908988 0.73017558628139956 -0.40295707485834914 1.3055374242427022 0.11759208266883979 -0.14085447232045956 -0.33235682965025121 1.1025269831237743 -2.2756001308307927 0.53470633806179801 0.080976889552629286 -0.16177704083546354 -1.3486131569830691 -0.44235890648510706 1.5750770227910968 -2.1936003355349043
decision_type=2 2 2 2 2 2 2 2 2 2 2 2 2 2 2 2 2 2 2 2 2 2 2 2 2 2 2 2 2 2
left_child=1 7 9 10 -4 6 8 -1 -5 19 -3 13 -13 -12 15 -9 -17 23 -19 -2 22 -22 -21 -7 -16 -26 29 -28 -29 -11
right_child=2 3 4 5 -6 17 -8 14 -10 26 11 12 -14 -15 24 16 -18 18 -20 20 21 -23 -24 -25 25 -27 27 28 -30 -31
leaf_value=0.011379803405928817 0.0073776649046738696 0.010633352562171938 -0.0071571845612842045 0.00025878678329200987 -0.010570398594171936 -0.0068314325112758135 -0.011500111140618897 0.008545628408286517 0.0031681511010440821 -0.009613152514124616 0.0073113989247752809 0.00062376435659098456 0.0035458265364234787 0.0013873688702229368 0.0071328890068757481 0.0039124512496878788 0.009998722112838667 0.00087291761436960214 -0.012371898795987974 -0.010770102614855228 -0.0028753475389872332 -0.0081280935313709432 -0.00082022350837187782 -0.00045856110594570779 0.0076158449347005922 0.0036300195057255209 -0.0032242775232085297 -0.0067803189857157144 0.0021842347682859528 0
leaf_weight=59.826990053057671 5.4874401539564124 16.438224345445633 448.89929561316967 279.48654671013355 263.86102066934109 14.647724777460096 6.9376422166824332 312.22395871579647 192.52447530627251 6.3532396107912055 78.820211753249168 142.27641482651234 324.05191269516945 29.718149244785309 198.40711162984371 71.341670587658882 29.380760952830315 5.7311533838510504 9.9354860335588437 5.6883591860532752 242.60446783900261 35.507403239607811 168.55316907167435 145.78050248324871 46.717465400695801 127.37559612095356 85.589434772729874 152.7762526422739 6.671327903866767 33.623105838894844
leaf_count=315 22 70 2108 1129 1405 59 28 1495 779 27 339 599 1349 123 920 332 138 23 40 24 999 150 687 586 219 585 370 673 29 141
internal_value=0 0.00407218 -0.00585103 0.00188569 -0.00842345 0.000477715 0.001256 0.00729437 0.001448 -0.00338068 0.00344339 0.00323424 0.00265678 0.00570136 0.0069805 0.00785695 0.00570589 -0.00163291 -0.00748846 -0.00250847 -0.00263221 -0.00355226 -0.00115678 -0.00105055 0.00600435 0.00470911 -0.0047769 -0.00529519 -0.00639784 -0.00156982
internal_weight=3547.24 2091.62 1455.61 1246.35 712.76 655.044 478.949 845.274 472.011 742.854 591.305 574.867 466.328 108.538 785.447 412.946 100.722 176.095 15.6666 457.841 452.353 278.112 174.242 160.428 372.5 174.093 285.013 245.037 159.448 39.9763
internal_count=15763 9128 6635 5124 3513 2644 1936 4004 1908 3122 2480 2410 1948 462 3689 1965 470 708 63 1882 1860 1149 711 645 1724 804 1240 1072 702 168
is_linear=0
shrinkage=0.01


Tree=83
num_leaves=31
num_cat=0
split_feature=0 14 0 0 13 0 0 7 13 0 14 20 6 1 18 21 29 17 9 13 13 9 21 1 14 14 24 19 7 18
split_gain=829.034 165.369 72.2193 24.3909 15.3625 12.7349 11.7637 11.436 12.6344 8.63495 8.54795 7.80629 7.35451 9.17606 6.89417 6.81067 6.31529 6.31115 7.05507 6.4424 7.40238 6.18425 5.89424 8.65337 6.19135 5.81859 5.72446 7.84657 5.58093 5.35492
threshold=0.12517364975339984 -0.69888820447341071 1.0173770101186983 -0.25538312153693771 -1.2401268835255583 0.68020418326113929 1.5741023380619106 0.79904954882914847 -0.7437741998042614 -0.83221870665800235 -0.46919547157914315 0.62710388996626165 -1.1420760822811282 1.0235794474220037 0.74415044504447647 2.2754165583906034 -0.66706017773106074 1.1371906932354501 -1.1479101179485405 0.33478195063611038 0.1818839961194236 0.53470633806179801 0.38553823495737732 0.86474386283979887 0.042974094267373072 0.57787909103115775 0.89041467527087381 1.3338353409290178 -0.75878033434883951 -0.22234667562206176
decision_type=2 2 2 2 2 2 2 2 2 2 2 2 2 2 2 2 2 2 2 2 2 2 2 2 2 2 2 2 2 2
left_child=1 4 5 7 -1 17 -4 8 28 12 -10 15 13 -6 22 29 -14 18 -2 20 -19 -20 23 -5 -24 -21 27 -16 -3 -7
right_child=2 3 6 14 9 11 -8 -9 10 -11 -12 -13 16 -15 26 -17 -18 19 21 25 -22 -23 24 -25 -26 -27 -28 -29 -30 -31
leaf_value=0.009053996372003938 -0.0058122822517005747 -0.011555780572019302 -0.0077382025527087187 0.00075526303035822456 0.0058525368833185296 -0.0067848071366264041 -0.010738890627237549 -0.00071140564230177548 0.0048799724981810249 0.0043445279471938996 0.0023039629764225662 -0.0084308214646111514 0.0093088479314791285 -0.00092094361166873901 -0.0054763834265130268 0.0064349618276885239 0.0065915352173353623 -0.0080045778838257024 -0.001235124223899561 -0.01138861686460366 0.002388670878337214 -0.0038780097005648622 -0.00027215695837647384 0.0096190180567707877 -0.0053419346763265594 -0.0024976027020509823 0.0016458384624354655 0.00082099803393899471 -0.00085024737170493467 -0.0034094868936664041
leaf_weight=225.01474629342556 68.687865182757378 6.8360190689563778 323.01937027275562 263.58113235235214 132.74047122895718 97.631661474704742 227.50091046094894 91.887580275535583 227.44774059951305 214.26548124849796 303.2456639111042 88.624891608953476 125.98359343409538 23.223687365651131 66.081168502569199 5.0725032687187186 294.32446487247944 12.709024697542192 220.31858558952808 26.936068758368492 14.453515663743017 149.94813500344753 112.61099600791931 11.427295282483099 30.719519898295403 10.637665480375288 26.34313927590847 27.821987509727478 17.210700064897537 94.744979128241539
leaf_count=1130 288 28 1549 1062 616 442 1220 374 956 924 1243 407 595 105 267 23 1372 53 917 116 60 628 452 46 125 46 106 112 71 430
internal_value=0 0.00377607 -0.00619985 0.00123743 0.00673742 -0.0042585 -0.00898177 0.00254669 0.00308819 0.00607572 0.0034106 -0.00594814 0.0067168 0.00483759 -0.000332791 -0.00482502 0.00741042 -0.00329588 -0.00286057 -0.0062232 -0.00244905 -0.00230888 0.000271769 0.00113057 -0.00136868 -0.0089113 -0.00244285 -0.00360104 -0.00397029 -0.0051303
internal_weight=3541.05 2200.77 1340.29 1185.21 1015.55 789.765 550.52 646.628 554.74 790.538 530.693 286.074 576.272 155.964 538.585 197.449 420.308 503.691 438.955 64.7363 27.1625 370.267 418.339 275.008 143.331 37.5737 120.246 93.9032 24.0467 192.377
internal_count=15763 9584 6179 4842 4742 3410 2769 2672 2298 3612 2199 1302 2688 721 2170 895 1967 2108 1833 275 113 1545 1685 1108 577 162 485 379 99 872
is_linear=0
shrinkage=0.01


Tree=84
num_leaves=31
num_cat=0
split_feature=0 14 0 0 13 0 0 7 13 0 14 20 6 6 21 22 21 10 0 8 21 7 16 7 28 16 10 29 7 27
split_gain=814.203 162.846 71.5311 23.9195 15.2438 12.5554 11.7437 11.219 12.3928 8.53871 8.40038 7.70575 7.26225 7.54169 6.68563 7.24673 6.43408 7.24069 14.0787 11.212 6.45163 6.48085 6.27623 7.97397 9.06103 7.84472 6.84447 6.24963 5.45754 5.35525
threshold=0.12517364975339984 -0.69888820447341071 1.0173770101186983 -0.25538312153693771 -1.2401268835255583 0.68020418326113929 1.5741023380619106 0.79904954882914847 -0.7437741998042614 -0.83221870665800235 -0.46919547157914315 0.62710388996626165 -1.1420760822811282 -1.2130912187997924 2.2754165583906034 -0.71555487360790893 0.029708429148575546 -0.9340804735027981 -0.072178237101254206 -1.4176703428481281 0.11425807824543414 -1.1190275475727272 -0.33235682965025121 -0.64795993314319456 1.6860951904355412 -2.2756001308307927 -1.842574617861503 -0.66706017773106074 -0.75878033434883951 0.93271245776693523
decision_type=2 2 2 2 2 2 2 2 2 2 2 2 2 2 2 2 2 2 2 2 2 2 2 2 2 2 2 2 2 2
left_child=1 4 5 7 -1 22 -4 8 28 12 -10 14 13 -6 15 -7 17 18 -5 -19 -18 -22 25 26 -25 -2 -24 -14 -3 -27
right_child=2 3 6 16 9 11 -8 -9 10 -11 -12 -13 27 -15 -16 -17 20 19 -20 -21 21 -23 23 24 -26 29 -28 -29 -30 -31
leaf_value=0.0090002663722483865 -0.013435117617995651 -0.011422511175756022 -0.0076850838565298944 -0.0090501194111148459 0.0065102006997282457 -0.0019463505695432948 -0.010689750132773923 -0.00070424719956724876 0.0048363590663945723 0.0043059428445837494 0.0022816539024878195 -0.00837189408509415 0.0092496017442142558 0.0019342681537479203 0.0063581570085608427 -0.0063041725653744428 -0.0070404834383366623 0.010250831855585634 0.0021545699443290688 0.00090171507686701057 0.0038087826081010388 -0.0015515543808125904 -0.0025263040371248731 -0.0030101229563562499 -0.012708006987134748 -0.0022927206212763986 -0.010103683110223659 0.0065419431414909602 -0.0008416720350410263 0.0019854087955961785
leaf_weight=224.09965755045414 5.52913574874401 6.847726076841357 322.0053263604641 20.375949785113335 97.127758026123047 53.898553714156151 226.26791131496429 91.894359827041626 227.20595614612103 214.02574147284031 303.15002991259098 88.358254089951515 125.52558822929859 58.555460393428802 5.0835918486118308 138.14463952183723 19.062255963683128 13.579346090555189 24.497898608446121 215.5660598129034 24.941523149609566 220.52045118808746 18.37302628159523 253.53926911950111 10.005741491913794 142.85829685628414 36.573208928108215 293.59451068937778 17.213194251060486 36.46230985224247
leaf_count=1130 24 28 1549 82 449 242 1220 374 956 924 1243 407 595 272 23 630 77 55 99 868 101 888 78 1066 43 593 154 1372 71 150
internal_value=0 0.00374346 -0.00615268 0.00122542 0.00668749 -0.0042211 -0.00892863 0.00252243 0.00305908 0.00602812 0.00337869 -0.00590095 0.00666677 0.00479787 -0.00478464 -0.00508797 -0.00032945 0.000741948 -0.00291974 0.00146434 -0.00144295 -0.00100149 -0.00326535 -0.00411848 -0.00338679 -0.0017886 -0.0075973 0.00735728 -0.00392918 -0.00141663
internal_weight=3534.88 2197.78 1337.1 1184.85 1012.93 788.826 548.273 646.311 554.417 788.829 530.356 285.485 574.803 155.683 197.127 192.043 538.543 274.019 44.8738 229.145 264.524 245.462 503.341 318.491 263.545 184.85 54.9462 419.12 24.0609 179.321
internal_count=15763 9584 6179 4842 4742 3410 2769 2672 2298 3612 2199 1302 2688 721 895 872 2170 1104 181 923 1066 989 2108 1341 1109 767 232 1967 99 743
is_linear=0
shrinkage=0.01


Tree=85
num_leaves=31
num_cat=0
split_feature=2 0 0 0 0 0 18 28 23 29 0 6 13 7 18 10 20 7 25 28 23 26 26 18 22 27 22 10 16 6
split_gain=800.796 140.981 89.2993 25.8008 18.973 10.5512 10.4879 8.72625 9.47148 8.59916 8.55733 7.9602 8.44143 7.36084 7.11492 6.81129 6.34635 6.27606 5.51845 5.79988 7.27847 5.03834 8.28631 6.79034 5.95774 11.27 5.52365 4.90521 6.82475 5.46289
threshold=0.025465501473428801 -0.80554327213667976 0.81635007292352191 -0.40264704505019006 1.5056581414354833 -1.4207684488009822 -0.92863435351327428 -0.725641421456515 -1.0593043561421682 -1.6242357669561658 0.50425984259590273 -0.77371383506239377 -0.82543384596207126 1.4163865699608964 2.0541403363358097 -0.84174424024438899 0.9454742960657575 -1.7634358873629057 1.8460226177719032 -1.4923029842326445 0.75923574727458398 -0.91462886442811919 -0.22056610179329658 -0.72964309533216476 -0.72508992292907026 0.18913751624178163 -0.26817294535992381 0.60504044619711739 -0.86281428640654145 -0.8722031530383797
decision_type=2 2 2 2 2 2 2 2 2 2 2 2 2 2 2 2 2 2 2 2 2 2 2 2 2 2 2 2 2 2
left_child=1 5 10 9 21 -1 7 -5 -9 -3 18 13 -13 -11 15 -8 -16 -7 19 -2 -21 24 -23 -24 25 -4 -26 29 -29 -19
right_child=2 3 4 6 -6 17 14 8 -10 11 -12 12 -14 -15 16 -17 -18 27 -20 20 -22 22 23 -25 26 -27 -28 28 -30 -31
leaf_value=0.011250782126466904 -0.0065757159566879253 0.01050491854977329 -0.0052681541928271862 0.0088487411084581091 -0.010423787025553903 0.010616227136466417 -0.0022856673915374599 0.01491692205737905 0.00095894761833708589 0.0071980374053523489 -0.0046581836407204131 -0.0068829207411570002 0.0027618588553976449 0.001303407084028026 -0.014621891028491228 0.00062612537894881997 -0.00080120554896791684 0.0071736023841769119 0.0035073094252605157 -0.0016065208049175425 -0.0048946399649935036 -0.0097921199629379275 -0.0096983653109565335 -0.0056059454821849519 -0.012452089450167448 0.01119430381895201 -0.0047780290372446852 0.011048730594461155 0.0012983588490971573 0.004559023409630737
leaf_weight=58.960361793637276 34.721198558807373 16.367772951722145 12.26112036406994 22.567926660180092 259.73804521560669 42.378639236092567 98.351863786578178 5.1016483455896369 79.334032490849495 78.521113395690918 283.85963001847267 9.108649939298628 456.30594527721405 29.673948004841805 6.1763843148946744 435.86512804031372 7.4342906475067139 596.50322277843952 14.874915182590483 321.83777114748955 85.779400005936623 112.78310057520866 52.704905062913895 195.26035645604134 11.631583318114279 6.1627225726842871 54.36609423160553 9.0312561541795713 35.324038192629814 95.75422714650631
leaf_count=315 144 70 58 93 1405 204 396 21 323 339 1240 39 1909 123 25 1756 30 2838 60 1320 358 535 251 923 55 29 257 42 160 445
internal_value=0 0.00396928 -0.00571699 0.00183334 -0.00826586 0.00714051 0.000464903 0.00332714 0.00183077 0.00335018 -0.00329038 0.00314248 0.00256951 0.00559329 -9.2838e-05 8.78516e-05 -0.00720673 0.00682672 -0.00243816 -0.0026411 -0.00230196 -0.0070025 -0.00752301 -0.00648338 -0.00476017 0.000215211 -0.00616245 0.00660594 0.00332653 0.0068141
internal_weight=3528.74 2082.76 1445.98 1244.81 704.908 837.952 654.831 107.004 84.4357 589.977 741.073 573.61 465.415 108.195 547.828 534.217 13.6107 778.991 457.213 442.338 407.617 445.17 360.748 247.965 84.4215 18.4238 65.9977 736.613 44.3553 692.257
internal_count=15763 9128 6635 5124 3513 4004 2644 437 344 2480 3122 2410 1948 462 2207 2152 55 3689 1882 1822 1678 2108 1709 1174 399 87 312 3485 202 3283
is_linear=0
shrinkage=0.01


Tree=86
num_leaves=31
num_cat=0
split_feature=2 4 2 2 2 17 13 16 13 22 22 8 28 24 17 14 9 22 13 13 3 20 23 29 15 26 7 24 23 9
split_gain=786.391 138.99 88.3193 20.2671 18.1097 13.2004 11.9698 8.88971 8.62561 9.39892 10.9129 8.44824 8.87592 8.6395 8.29884 8.26397 8.01422 7.8588 7.04189 8.74349 6.60522 6.32028 7.30887 6.74867 6.2399 6.22621 6.17225 5.70359 5.65822 9.92564
threshold=0.025465501473428801 -0.76264577346077045 1.1135961122668883 -0.47050080481470974 0.53970150539689477 -0.44038207104179689 -1.2401268835255583 -1.3394885671042311 -0.71428657916488303 1.0927395413337855 -0.74769063790727175 -0.032046911698346871 -0.82355987139890274 -0.78809642732359453 1.1719536210089916 1.6920284843381637 1.0278431420327223 -0.18244164890291178 0.33478195063611038 0.1818839961194236 -0.083033903627747166 0.62710388996626165 -1.5922105829802702 0.011632597920449746 -1.3247543270904603 0.81050526116603605 -1.7634358873629057 -0.53511323262294819 -1.1397765954074057 1.18864139434172
decision_type=2 2 2 2 2 2 2 2 2 2 2 2 2 2 2 2 2 2 2 2 2 2 2 2 2 2 2 2 2 2
left_child=1 6 4 8 14 11 -1 20 9 10 -3 12 -5 -13 28 -4 26 -9 19 -16 -7 22 23 -6 -10 -26 -8 -24 29 -2
right_child=2 3 15 5 21 7 16 17 24 -11 -12 13 -14 -15 18 -17 -18 -19 -20 -21 -22 -23 27 -25 25 -27 -28 -29 -30 -31
leaf_value=0.008898795195603406 -0.00074218927573529536 0.0053394596605309194 -0.0081379901232827862 0.0075820469314863735 -0.0045626223213257626 0.012253277734140051 0.010672489295227197 0.00092937624769296834 0.015561135802986735 0.0075818419100024594 -0.0040248254910977867 -0.0072556801581246397 0.0024273611985939914 0.0013745682785318532 -0.0075310083399434272 -0.010889119782871659 -0.0023482834602192308 -0.001616546735463603 -0.01037656364428954 0.0027247280628949987 -0.00036902267283209136 -0.0071128214826001266 -0.0028558816715428216 0.0064830344896253033 0.0046737629197227968 0.0011630708822178281 0.0061257978773019651 -0.00587260698767817 -0.0025450456495467117 0.011837155529498537
leaf_weight=222.3378459662199 49.447151497006416 17.29428468644619 303.71200862526894 43.737860560417175 10.795280963182451 9.6380808651447314 32.098531320691109 217.58135035634041 4.7050250917673102 14.583339303731917 43.287009954452515 14.628456100821493 146.12296016514301 54.236492052674294 19.451139703392982 179.0985067486763 10.557462304830549 272.83922488987446 23.517410397529602 14.208351522684096 6.9484936147928229 141.39117477834225 92.040128290653229 11.070967510342596 261.41504926979542 63.708378568291664 644.09975969791412 209.79124963283539 381.20007562637329 7.068381503224372
leaf_count=1130 202 73 1503 180 47 39 155 879 20 61 181 59 597 219 81 977 43 1101 101 59 28 651 416 48 1105 269 2989 946 1575 29
internal_value=0 0.00393527 -0.00567253 0.0016559 -0.00391541 0.000697218 0.00686903 -0.000238981 0.00346543 0.000392983 -0.00133071 0.00253507 0.00362347 -0.000452052 -0.00257916 -0.00916264 0.00620924 -0.000485018 -0.00616865 -0.00317699 0.00693506 -0.00533427 -0.00455235 0.000988367 0.00416225 0.00398948 0.00634465 -0.00495725 -0.0021067 0.000831572
internal_weight=3522.61 2079.82 1442.79 1170.73 959.981 765.733 909.094 507.007 404.993 75.1646 60.5813 258.726 189.861 68.8649 494.893 482.811 686.756 490.421 57.1769 33.6595 16.5866 465.089 323.698 21.8662 329.828 325.123 676.198 301.831 437.716 56.5155
internal_count=15763 9128 6635 4811 4155 3102 4317 2047 1709 315 254 1055 777 278 2047 2480 3187 1980 241 140 67 2108 1457 95 1394 1374 3144 1362 1806 231
is_linear=0
shrinkage=0.01


Tree=87
num_leaves=31
num_cat=0
split_feature=2 0 0 0 0 18 0 8 29 28 0 10 6 7 27 18 5 25 8 14 16 28 16 26 26 18 10 25 28 25
split_gain=772.231 137.133 87.456 26.4246 18.863 10.1608 10.0732 8.85465 8.81753 8.51075 8.288 7.27731 6.57114 9.66129 7.95532 6.55902 6.12005 6.34856 7.88678 5.45391 5.86213 8.98768 7.84211 4.97635 8.23372 6.73786 4.92877 4.82377 4.6735 7.78878
threshold=0.025465501473428801 -0.82338062387240651 0.81635007292352191 -0.40264704505019006 1.5056581414354833 -0.92863435351327428 -1.4207684488009822 -1.4982913218201239 -1.6242357669561658 -0.725641421456515 0.50425984259590273 -0.66858639255540731 -0.77371383506239377 1.4163865699608964 0.63603084505906782 2.0541403363358097 -0.011776971277908988 0.73017558628139956 -0.65955190496572635 -0.14085447232045956 -0.33235682965025121 -1.6626545602677643 0.28252527358629625 -0.91462886442811919 -0.22056610179329658 -0.72964309533216476 -0.85613005963839706 -0.47128284527203473 0.29602254542444179 0.14580267759059659
decision_type=2 2 2 2 2 2 2 2 2 2 2 2 2 2 2 2 2 2 2 2 2 2 2 2 2 2 2 2 2 2
left_child=1 6 10 8 23 9 -1 26 -3 27 19 -11 13 -10 -14 -9 17 -8 -19 -2 21 -21 -22 -4 -25 -26 -7 -5 -18 -30
right_child=2 3 4 5 -6 7 16 15 12 11 -12 -13 14 -15 -16 -17 28 18 -20 20 22 -23 -24 24 25 -27 -28 -29 29 -31
leaf_value=0.01116347884676506 0.0073900362539978852 0.010506399404829588 -0.0046695372363436136 0.014706532242659194 -0.010328445783727323 0 0.0084170721049259632 -0.00011786770881746111 0.0068750823433878496 0.0062023606540707885 -0.0045769843409168105 -0.00014251606089376142 0.0017291977863047748 0.00052464621295580743 0.0045390480903180408 -0.0071306692250204459 0.0067456315988101111 0.0029912509223134517 0.0088175272809047304 -0.011291317506635597 -0.0055605386391214193 -0.0005525933021812737 -0.0020834264210457241 -0.0096910281586577891 -0.0095964578793914772 -0.0055074450053770475 0.012448690401416907 0.0049626678570720544 0.0021248953906902904 0.0070090558463030139
leaf_weight=58.363416194915771 5.487103044986724 16.739473715424538 84.047873839735985 8.4969904869794863 257.01940636336803 4.9749332666397086 295.97051422297955 520.68205052614212 91.028347447514534 25.864842891693115 283.07263082265854 58.531361728906631 329.337133705616 33.00035049021244 146.60570952296257 13.600437864661215 220.52819563448429 56.892067179083824 40.293553754687309 8.0989905744791013 105.93495859205723 165.88508251309395 171.40485727787018 112.03773730993271 52.349499762058258 194.28656877577305 8.5167608708143216 14.018672838807104 73.302552446722984 60.159364119172096
leaf_count=315 22 72 399 35 1405 20 1443 2097 397 106 1240 238 1379 137 619 55 1037 268 192 34 440 677 709 535 251 923 35 58 343 282
internal_value=0 0.0039015 -0.00562832 0.00185489 -0.00816358 0.00045376 0.00712996 -9.50396e-05 0.00334036 0.0032724 -0.00322847 0.0017952 0.00313704 0.00519526 0.00259759 -0.000299554 0.00681209 0.00768124 0.00542371 -0.00238983 -0.00251256 -0.00106443 -0.0034167 -0.00690247 -0.00742148 -0.00638294 0.00787296 0.00873281 0.00584205 0.00433757
internal_weight=3516.53 2076.91 1439.62 1271.4 699.741 654.686 805.51 547.774 616.711 106.912 739.884 84.3962 599.972 124.029 475.943 534.282 747.146 393.156 97.1856 456.811 451.324 173.984 277.34 442.722 358.674 246.636 13.4917 22.5157 353.99 133.462
internal_count=15763 9128 6635 5248 3513 2644 3880 2207 2604 437 3122 344 2532 534 1998 2152 3565 1903 460 1882 1860 711 1149 2108 1709 1174 55 93 1662 625
is_linear=0
shrinkage=0.01


Tree=88
num_leaves=31
num_cat=0
split_feature=0 12 2 0 0 13 1 25 23 0 10 13 18 23 23 11 7 18 28 29 23 29 3 1 16 10 0 29 15 22
split_gain=758.368 153.161 71.5114 27.3584 14.028 11.8678 10.4497 10.2561 8.57178 8.32969 8.31668 8.08993 6.60258 8.56306 7.19962 6.67227 6.59466 7.74726 6.49236 6.30373 6.25842 5.75512 6.55448 6.43976 5.73467 5.42745 6.35674 6.4128 5.34816 11.0048
threshold=0.12517364975339984 -0.76264577346077045 1.1135961122668883 -0.25538312153693771 0.68020418326113929 -1.2401268835255583 0.77847929994872722 -1.1500209059430899 2.0342824139664999 1.5741023380619106 -1.1519775717562657 -0.7437741998042614 0.74415044504447647 -0.82842520305780531 -0.1435967386805608 0.56422351038878582 1.4163865699608964 0.071106423196849261 -1.9823672571215714 -1.6541287055101874 1.1908506470561908 1.4068265479878719 0.32063823385945467 0.29773123680952862 -0.46503531256405534 -0.16177704083546354 -1.3968373785588175 0.33936227165343685 -0.29202599008071067 0.24682481861208841
decision_type=2 2 2 2 2 2 2 2 2 2 2 2 2 2 2 2 2 2 2 2 2 2 2 2 2 2 2 2 2 2
left_child=1 5 4 6 20 25 18 -8 -6 -4 -7 -9 28 15 -15 -14 -12 -18 -3 -20 21 23 -23 -2 -22 -1 -27 -28 29 -5
right_child=2 3 9 12 8 10 7 11 -10 -11 16 -13 13 14 -16 -17 17 -19 19 -21 24 22 -24 -25 -26 26 27 -29 -30 -31
leaf_value=0.010420855766943708 -0.0020529790951843746 0.010684780046605127 -0.0078142572543691731 0.00082675841868573455 -0.0060719447569626507 0.011080060000236449 -0.005861698444054618 -0.0081174001432092555 0.0026832970770409004 -0.010500773524061226 0.0061123244926063469 0.002043258408671885 0.012492874792634943 -0.0075722558102029203 -0.0017578408500745868 -3.5372530057892245e-05 -0.0093986487594590034 0.003600505950298732 0.010018522406858011 0.0029297544436129174 -0.0022099405477039738 -0.0021233950623200581 0.0063511547479047775 -0.0046592326670346802 -0.0085662183661275072 0.01218679456345041 0.0039643510341984588 0.0095379770149243773 0.0014582555777102083 -0.003872540861148291
leaf_weight=108.54149849712849 242.9625825881958 11.518643841147421 257.25845986604691 142.8792195469141 332.51771177351475 32.573202341794968 22.770357832312584 8.2399946898221952 11.356637045741079 221.45468455553055 612.75338125228882 123.03978033363819 5.7288540452718761 31.451567232608795 67.862338721752167 15.122377231717108 5.1968395113944998 32.963074535131454 12.877878129482268 565.09684358537197 23.600048035383224 25.183784022927284 14.122157439589499 158.16780765354633 37.862320348620415 21.220560520887375 57.528809010982513 33.3051448315382 199.02212971448898 76.228005051612854
leaf_count=568 1015 48 1260 576 1539 157 93 34 52 1220 2865 506 23 127 274 61 22 143 55 2361 99 104 59 667 164 115 280 167 802 307
internal_value=0 0.00361803 -0.00597077 0.00139382 -0.00421959 0.00676997 0.00263688 0.0003104 -0.00577919 -0.00906107 0.00611223 0.0013922 -0.000321522 -0.00238725 -0.00361502 0.00340222 0.00586043 0.00178413 0.003243 0.00309114 -0.00314809 -0.0027257 0.000904424 -0.00308404 -0.00614936 0.00879964 0.00721244 0.00602721 0.000270179 -0.0008046
internal_weight=3510.41 2185.92 1324.49 1281.84 845.773 904.083 743.543 154.05 343.874 478.713 683.486 131.28 538.294 120.165 99.3139 20.8512 650.913 38.1599 589.493 577.975 501.899 440.436 39.3059 401.13 61.4624 220.596 112.055 90.834 418.129 219.107
internal_count=15763 9584 6179 5267 3699 4317 3097 633 1591 2480 3187 540 2170 485 401 84 3030 165 2464 2416 2108 1845 163 1682 263 1130 562 447 1685 883
is_linear=0
shrinkage=0.01


Tree=89
num_leaves=31
num_cat=0
split_feature=2 2 2 2 2 17 2 6 16 10 8 28 24 17 9 13 13 10 3 24 22 21 23 10 29 11 23 23 9 12
split_gain=744.919 133.17 85.8149 23.9282 17.2793 12.7253 10.1621 9.15126 8.70993 8.25492 8.21369 8.64691 8.49587 8.0806 7.83864 6.92644 8.62083 6.82152 6.53095 6.53005 6.44963 11.9734 6.59937 6.40128 6.23874 6.07782 5.85695 5.56625 9.75302 5.59247
threshold=0.025465501473428801 -0.80812220286286884 1.1135961122668883 -0.47050080481470974 0.53970150539689477 -0.44038207104179689 -1.3981333279770796 1.971175875600846 -1.3394885671042311 -1.3622946061690417 -0.032046911698346871 -0.82355987139890274 -0.78809642732359453 1.1719536210089916 1.0278431420327223 0.33478195063611038 0.1818839961194236 0.9027439690920438 -1.4464566791574238 -0.23845514303266427 0.83272968524399005 0.029708429148575546 1.9545868072487782 0.86984050714047112 -1.6723410258549416 -0.79475785300054991 2.0342824139664999 -1.1397765954074057 1.18864139434172 -0.028195935911883442
decision_type=2 2 2 2 2 2 2 2 2 2 2 2 2 2 2 2 2 2 2 2 2 2 2 2 2 2 2 2 2 2
left_child=1 6 4 20 13 10 -1 -4 19 -10 11 -5 -12 27 18 16 -15 23 -8 -7 22 -22 24 26 -3 -20 -6 28 -2 -29
right_child=2 3 7 5 17 8 14 -9 9 -11 12 -13 -14 15 -16 -17 -18 -19 25 -21 21 -23 -24 -25 -26 -27 -28 29 -30 -31
leaf_value=0.01063522204937439 -0.00068753231411529869 0.013166664618328827 -0.0082340717146894889 0.0074647107887236023 -0.0048734777248600663 -0.00020055092611032303 0.009901002949688955 -0.011563683934732068 -0.0062630054696063732 -0.00019576492095042114 -0.0072133091870286202 0.0023721229357975371 0.0013449709524654264 -0.0074195746325243627 -0.0046868508652057918 -0.010240771584038893 0.0027727796615130175 -0.0071882573998477755 0.0014587736702796061 0.012301402568226054 -0.0012782886440500369 0.0075612309328569891 0.013700395659227661 0.0073525547748127442 0.0026058925724485814 0.0066028208516897037 0.0019700055777512747 0.0066381106068201393 0.011778310868264055 -0.0026381954181067834
leaf_weight=69.820629522204399 49.404388085007668 5.6368738114833823 366.22147804498672 43.642889589071274 318.00568346679211 7.1786739975214031 60.203500971198082 110.41699570417404 23.486273989081383 466.80737824738026 14.628322795033453 145.99743908643723 54.221090823411942 19.399673178792 5.9202580600976935 23.402846038341522 14.194480076432226 127.35247291624546 24.381343811750412 9.3950837254524213 18.796155124902725 78.074662417173386 5.5617638528347006 4.387859880924224 374.16073501110077 663.149269297719 12.753751665353773 6.4617014825344077 7.073175996541976 374.2156318128109
leaf_count=378 202 25 1870 180 1446 29 293 610 95 1885 59 597 219 81 24 101 59 585 117 38 80 331 24 20 1586 3168 57 26 29 1549
internal_value=0 0.00383551 -0.00554187 0.00177405 -0.00381224 0.000672967 0.00695686 -0.00900976 -0.000246134 -0.000489658 0.00247848 0.00355269 -0.000466714 -0.0025073 0.0066134 -0.00605515 -0.00308789 -0.00520347 0.00670482 0.00685767 0.00351902 0.00583621 0.00293257 -0.00444437 0.00276869 0.00642209 -0.00460606 -0.00204116 0.000874057 -0.00247641
internal_weight=3504.35 2071.06 1433.29 1247.59 956.652 765.357 823.475 476.638 506.867 490.294 258.49 189.64 68.8494 494.152 753.654 56.997 33.5942 462.5 747.734 16.5738 482.23 96.8708 385.359 335.147 379.798 687.531 330.759 437.155 56.4776 380.677
internal_count=15763 9128 6635 5148 4155 3102 3980 2480 2047 1980 1055 777 278 2047 3602 241 140 2108 3578 67 2046 411 1635 1523 1611 3285 1503 1806 231 1575
is_linear=0
shrinkage=0.01


Tree=90
num_leaves=31
num_cat=0
split_feature=0 14 2 0 0 0 7 4 0 23 0 23 14 28 5 18 23 23 11 23 16 21 1 22 24 1 25 22 28 24
split_gain=731.713 148.697 70.1536 21.5294 14.2581 13.6845 10.923 11.9998 9.74039 8.36969 8.36152 8.06972 7.34436 6.58452 6.5194 6.42725 8.3971 7.06331 6.5327 6.15659 5.65498 5.64036 8.56723 8.38473 5.4486 5.68953 5.43735 5.32456 9.959 12.6275
threshold=0.12517364975339984 -0.69888820447341071 1.1135961122668883 -0.25538312153693771 -0.83221870665800235 0.68020418326113929 0.79904954882914847 -0.71567248070456346 -1.4207684488009822 2.0342824139664999 1.5741023380619106 -1.6247082356014746 -0.46919547157914315 -0.38235025917532084 -0.011776971277908988 0.74415044504447647 -0.82842520305780531 -0.1435967386805608 0.56422351038878582 1.1908506470561908 -0.46503531256405534 0.38553823495737732 0.86474386283979887 0.076564084406992847 -1.7971907809226197 0.57146773927095296 0.73017558628139956 0.84942377995805496 0.95726487132017624 0.61631736872805643
decision_type=2 2 2 2 2 2 2 2 2 2 2 2 2 2 2 2 2 2 2 2 2 2 2 2 2 2 2 2 2 2
left_child=1 4 5 6 8 19 7 13 -1 -7 -4 -8 -9 -3 26 21 18 -18 -17 24 -21 22 -5 -23 -2 -26 -10 28 29 -6
right_child=2 3 10 15 27 9 11 12 14 -11 -12 -13 -14 -15 -16 16 17 -19 -20 20 -22 23 -24 -25 25 -27 -28 -29 -30 -31
leaf_value=0.011023395325329611 -0.0087577631822934772 0.0018392604129131213 -0.0077066861130765853 0.00073255173827951783 0.0037149852983134695 -0.0059827032641136414 0.01084545393129523 0.0045591690271044264 0.0083055213923753143 0.0026667834315087457 -0.010409634581920749 -0.0015579155408626465 0.0021769588030567419 -0.0095849239740994855 0.0056932181036416013 0.012372563680327223 -0.0074939837875849591 -0.0017331233148356398 -2.4274365229145381e-05 -0.0021574538208326425 -0.0084755514424694287 -0.0063504584856680533 0.0095533892973715135 -0.00016288693215195605 -0.0017034136043484788 -0.004244405088035981 0.005489066665060667 0.0074323506096252634 0.0080334906105992004 -0.0035395133575350781
leaf_weight=57.388337522745132 14.268533885478972 8.689527556300165 255.48689383268356 263.40426884591579 106.8912209123373 331.12129586935043 5.4731855392456046 230.01865451037884 288.23002071678638 11.361898764967917 219.09554322063923 86.282684579491615 302.58055251836777 11.446629270911215 344.82893946766853 5.7277131080627468 31.430384084582329 67.844343364238739 15.12019297480583 23.572139635682106 37.736713469028473 26.991163074970245 11.423634544014929 116.25256896018982 299.05705277621746 126.54029260575771 94.440038546919823 39.256987616419792 35.654090762138367 30.712370857596397
leaf_count=315 60 36 1260 1062 465 1539 23 972 1420 52 1220 351 1243 47 1632 23 127 274 61 99 164 109 46 468 1250 535 451 170 156 133
internal_value=0 0.00355637 -0.00588103 0.0011568 0.00640028 -0.00414779 0.00238978 0.00292052 0.0070245 -0.00569214 -0.00895857 -0.000796173 0.00320833 -0.0046208 0.0067062 -0.00031801 -0.00235654 -0.00357278 0.00337668 -0.00308951 -0.00607011 0.000265744 0.00110618 -0.00133939 -0.00267052 -0.00246208 0.00761467 0.00408794 0.00332053 0.00208716
internal_weight=3498.33 2180.09 1318.24 1182.69 997.402 843.658 644.491 552.735 784.887 342.483 474.582 91.7559 532.599 20.1362 727.499 538.194 120.123 99.2747 20.8479 501.175 61.3089 418.072 274.828 143.244 439.866 425.597 382.67 212.515 173.258 137.604
internal_count=15763 9584 6179 4842 4742 3699 2672 2298 3818 1591 2480 374 2215 83 3503 2170 485 401 84 2108 263 1685 1108 577 1845 1785 1871 924 754 598
is_linear=0
shrinkage=0.01


Tree=91
num_leaves=31
num_cat=0
split_feature=0 14 2 0 0 13 6 23 1 29 18 21 5 11 11 5 18 23 23 11 23 27 29 3 1 21 1 22 21 14
split_gain=718.622 146.461 69.507 25.3857 13.4923 12.0624 9.16025 8.23193 7.48391 8.42929 8.89673 7.86819 7.32271 8.39591 7.21496 8.53102 6.30118 8.23324 6.92934 6.40751 6.05551 6.01573 5.63902 6.45506 6.22229 5.52916 8.39792 8.22091 5.4845 5.46644
threshold=0.12517364975339984 -0.75004391260691328 1.1135961122668883 -0.25538312153693771 0.68020418326113929 -1.2401268835255583 1.971175875600846 2.0342824139664999 0.77847929994872722 -0.59794901108431719 0.85193667658270755 0.040303732654953885 0.61541473210536102 -0.021599910297998345 1.2788770643397529 0.93470808465008759 0.74415044504447647 -0.82842520305780531 -0.1435967386805608 0.56422351038878582 1.1908506470561908 -0.75060844237143176 1.4068265479878719 0.32063823385945467 0.29773123680952862 0.38553823495737732 0.86474386283979887 0.076564084406992847 0.32867182702189385 0.13021413303350046
decision_type=2 2 2 2 2 2 2 2 2 2 2 2 2 2 2 2 2 2 2 2 2 2 2 2 2 2 2 2 2 2
left_child=1 5 4 8 20 -1 -4 -6 14 11 -11 -10 21 -14 15 -3 25 19 -19 -18 22 -7 24 -24 -2 26 -5 -27 -15 -22
right_child=2 3 6 16 7 12 -8 -9 9 10 -12 -13 13 28 -16 -17 17 18 -20 -21 29 -23 23 -25 -26 27 -28 -29 -30 -31
leaf_value=0.0086568258400889827 -0.001986774729596086 0.0031931780316765963 -0.0081301247113838137 0.00072522863817129149 -0.005936097369039571 0.0085166923448184891 -0.011478466740142957 0.0026378935593817372 0.0016320900478074799 -0.0010851321347317595 0.0049142577791273104 -0.0063173159660354031 -0.006776739733523305 0.0035778626441231726 0.012683126330714636 -0.0026020778056087485 0.012253878728978986 -0.0074235326202438381 -0.0017160593325597749 -2.4033174798100892e-05 0.0035169113958328294 0.0059401172454103691 -0.0020579949197618722 0.006353494575226745 -0.0045515511712383621 -0.0062888293333578553 0.0094585004044260707 -0.00016126006566758119 0.0072478501667818827 -0.0069444962438354723
leaf_weight=218.02272212505341 242.61376461386681 548.30789384245872 363.36990216374397 263.40438795089722 330.3882851600647 125.70651388168335 109.14952857792377 11.37251056730747 22.036551535129547 44.338961154222488 55.043467983603477 27.961701571941376 6.4355607926845542 137.10015603899956 7.6544282734394065 26.371493294835091 5.7263322025537517 31.412418812513351 67.834820225834846 15.120177030563353 5.2912683933973303 360.45255240797997 25.153876781463623 14.120231091976164 157.73305107653141 26.984129324555397 11.423857197165487 116.25217007100582 59.562060475349426 55.917901515960693
leaf_count=1130 1015 2291 1870 1062 1539 607 610 52 90 182 227 114 28 623 32 108 23 127 274 61 22 1712 104 59 667 109 46 468 270 241
internal_value=0 0.00352565 -0.00583625 0.00133214 -0.00411163 0.0065942 -0.00890796 -0.00564717 0.00254471 0.000539342 0.00222921 -0.00279742 0.00593915 0.00432591 0.00305723 0.00292509 -0.000314859 -0.0023336 -0.00353823 0.00334325 -0.00306087 0.00661002 -0.00264538 0.000949248 -0.00300066 0.000263076 0.00109519 -0.00132618 0.00469757 -0.00601958
internal_weight=3492.26 2177.15 1315.11 1269.87 842.591 907.28 472.519 341.761 731.714 149.381 99.3824 49.9983 689.257 203.098 582.334 574.679 538.158 120.094 99.2472 20.8465 500.83 486.159 439.621 39.2741 400.347 418.065 274.828 143.236 196.662 61.2092
internal_count=15763 9584 6179 5214 3699 4370 2480 1591 3044 613 409 204 3240 921 2431 2399 2170 485 401 84 2108 2319 1845 163 1682 1685 1108 577 893 263
is_linear=0
shrinkage=0.01


Tree=92
num_leaves=31
num_cat=0
split_feature=0 4 2 0 0 13 3 13 18 6 10 7 6 3 27 16 7 28 16 10 20 21 18 8 11 29 27 10 21 6
split_gain=705.747 144.389 68.8614 25.4231 13.3035 11.6496 10.0806 10.5707 9.16289 9.14346 8.00043 7.50449 8.19358 6.98274 6.30099 5.90283 7.84281 8.9037 7.76955 6.83305 5.88598 6.81629 6.68637 5.3541 5.59301 5.33163 5.21412 5.15539 5.81585 4.78514
threshold=0.12517364975339984 -0.76264577346077045 1.1135961122668883 -0.28322645968490062 0.68020418326113929 -1.2730793931718756 -0.84278581836037514 -0.22891361771090035 0.74415044504447647 1.971175875600846 -1.1519775717562657 1.8490133791234313 -0.8722031530383797 0.42821254524534252 0.31409770451902147 -0.33235682965025121 -0.64795993314319456 1.6860951904355412 -2.2756001308307927 -1.842574617861503 0.5749258056386638 2.2754165583906034 -0.17198893352721281 -0.64756608220584733 0.0081212072022066404 -1.4538052641068682 0.93271245776693523 -1.9144484952063632 -1.6204233471593108 0.55348101483510181
decision_type=2 2 2 2 2 2 2 2 2 2 2 2 2 2 2 2 2 2 2 2 2 2 2 2 2 2 2 2 2 2
left_child=1 5 4 6 15 -1 23 14 27 -4 -7 12 -12 -10 -8 18 19 -18 -2 -17 21 22 -6 25 -25 -3 -20 29 -29 -5
right_child=2 3 9 8 20 10 7 -9 13 -11 11 -13 -14 -15 -16 16 17 -19 26 -21 -22 -23 -24 24 -26 -27 -28 28 -30 -31
leaf_value=0.0088660512864986562 -0.01324037002853333 0.013138990146132276 -0.0080796030589290174 -0.012320183406926236 -0.0066701437610197046 0.010911201463603987 0.0012346210912450094 -0.0067067355655151747 -0.010105103505378141 -0.011433980141535998 0.0064655691033686669 -0.0015716486933097552 0.003660509290214102 -0.001816371860736757 0.0035020337026246172 -0.0022442384246737961 -0.0027623928978778717 -0.012427963861046085 -0.0020955992697301068 -0.0098396482457492884 -0.0074044877235138907 0.0067087185357918725 -0.0031230551848979199 0.00029949646663429713 0.0096398446255422047 0.0052107610261135084 0.0021330732684229281 0.008293077516387139 0.00047253580830219205 0.00018985819676765512
leaf_weight=180.03758938610554 5.4774508327245703 9.3312076181173307 361.99318091571331 5.8891527205705625 107.37021236121655 32.147966712713242 299.70185951888561 13.627784103155134 11.116743937134741 108.48219566047192 536.50896683335304 13.415853917598723 132.11794084310532 118.4118724912405 209.89871263504028 18.234203472733498 251.973831564188 9.8888166993856412 142.26667512953281 36.278599798679352 119.75897547602654 5.0318570137023917 108.87953704595566 39.821676686406136 7.6021530777215949 115.70330835878849 36.365457281470299 9.6451711505651456 433.35657531023026 5.9259559065103531
leaf_count=944 24 41 1870 24 497 157 1239 55 45 610 2553 57 606 478 879 78 1066 43 593 154 565 23 506 168 32 497 150 39 1746 24
internal_value=0 0.00349511 -0.00579172 0.00134004 -0.00407572 0.00657834 0.00263161 0.00193663 -0.000196101 -0.00885745 0.00599908 0.00576452 0.00591343 -0.00254271 0.00217101 -0.0030324 -0.00386307 -0.00313582 -0.00159822 -0.0073261 -0.00560255 -0.00461991 -0.00489111 0.00473199 0.00183495 0.00582046 -0.00122843 0.000470411 0.000646897 -0.00601282
internal_weight=3486.26 2174.26 1312 1280.03 841.526 894.228 695.687 523.228 584.345 470.475 714.191 682.043 668.627 129.529 509.601 500.485 316.375 261.863 184.11 54.5128 341.041 221.282 216.25 172.458 47.4238 125.035 178.632 454.817 443.002 11.8151
internal_count=15763 9584 6179 5267 3699 4317 2911 2173 2356 2480 3373 3216 3159 523 2118 2108 1341 1109 767 232 1591 1026 1003 738 200 538 743 1833 1785 48
is_linear=0
shrinkage=0.01


Tree=93
num_leaves=31
num_cat=0
split_feature=2 0 2 0 0 9 0 28 29 0 23 28 17 23 5 25 20 29 13 13 23 22 1 27 23 28 9 5 10 1
split_gain=693.16 125.964 82.3695 23.8676 18.5986 10.0212 9.90818 8.92528 8.62443 8.42814 8.09633 8.0651 7.79228 6.14228 6.03106 6.31542 9.1809 5.7904 5.77983 9.57297 5.76058 10.3175 5.7506 5.6362 5.47344 5.33494 5.26977 4.84558 4.84404 4.76764
threshold=0.025465501473428801 -0.82338062387240651 1.1135961122668883 -0.40264704505019006 0.68020418326113929 0.45388732896799172 -1.4207684488009822 1.9186409696998548 -1.6242357669561658 1.5741023380619106 2.0342824139664999 -0.5476530725163492 1.1371906932354501 0.91935950672070799 -0.011776971277908988 0.73017558628139956 -0.40295707485834914 1.3701601662437455 0.33478195063611038 0.1818839961194236 -1.2487761168908771 -1.0160484805424896 1.1297741320236563 0.63603084505906782 0.080976889552629286 -0.64041933012989616 0.53470633806179801 0.061333502578972028 -0.16177704083546354 0.91997649768442813
decision_type=2 2 2 2 2 2 2 2 2 2 2 2 2 2 2 2 2 2 2 2 2 2 2 2 2 2 2 2 2 2
left_child=1 6 4 8 12 7 -1 11 -3 -4 -6 -5 13 22 15 -8 -17 26 19 -14 21 -10 -2 -22 27 -19 -7 -16 -26 -15
right_child=2 3 9 5 10 17 14 -9 20 -11 -12 -13 18 29 24 16 -18 25 -20 -21 23 -23 -24 -25 28 -27 -28 -29 -30 -31
leaf_value=0.01090274594285837 -0.0019068894626364063 0.010285212937112929 -0.0075462294508478371 0.0028592074179306271 -0.0058460433830467805 -0.0068175006888146483 0.0081343787649595083 0.010483154996863031 0.0015922587273357544 -0.010277017351037145 0.0026605511789844407 5.4760206169894149e-05 -0.0072406080987691569 -0.0038894167142703934 0.00071720676394283615 0.0031376416202306724 0.010029517340423134 -0.015219884685897765 -0.0084968059520679727 0.0032592650200231276 0.0019850108880557684 0.010586906969067668 0.0054445171511000425 0.0042082118495513918 0.0070739739132072042 -0.0019027530171989793 -0.00053480567736881974 0.0071991800048025354 0.0031648536269539228 -0.012552716725414421
leaf_weight=56.533111274242401 435.48639909923077 16.593817308545113 252.81548100709915 152.27580341696739 328.95815135538578 14.635632723569868 290.36844620108604 10.00180773437023 25.504523262381554 215.6220730394125 11.363613709807394 315.89631113409996 20.296244561672211 86.671673804521561 12.764154106378554 68.354621157050133 27.362831801176071 5.717165544629097 37.011227771639824 14.888932988047598 380.43295268714428 26.109978526830673 10.74584539234638 165.22333878278732 44.004637569189072 6.7076216489076597 148.91094496846199 170.55280603468418 121.50871214270592 6.9275920689105979
leaf_count=315 1813 72 1260 617 1539 59 1443 41 109 1220 52 1278 85 367 62 327 133 23 162 62 1608 112 45 703 213 27 599 814 573 30
internal_value=0 0.0037068 -0.00537281 0.00175163 -0.00368168 0.000420691 0.00683737 0.00117271 0.00316798 -0.00880727 -0.00555837 0.000969475 -0.00263577 -0.0022193 0.00652184 0.00739283 0.00512668 -0.00161663 -0.00572857 -0.0027725 0.00296688 0.00617335 -0.00172644 0.00266067 0.00555313 -0.00818296 -0.00110697 0.00675394 0.00421384 -0.004554
internal_weight=3480.25 2059.46 1420.79 1268.01 952.35 654.145 791.449 478.174 613.865 468.438 340.322 468.172 612.028 539.832 734.916 386.086 95.7175 175.971 72.1964 35.1852 597.271 51.6145 446.232 545.656 348.83 12.4248 163.547 183.317 165.513 93.5993
internal_count=15763 9128 6635 5248 4155 2644 3880 1936 2604 2480 1591 1895 2564 2255 3565 1903 460 708 309 147 2532 221 1858 2311 1662 50 658 876 786 397
is_linear=0
shrinkage=0.01


Tree=94
num_leaves=31
num_cat=0
split_feature=2 2 2 2 2 17 2 6 16 8 28 24 17 5 28 13 13 13 3 15 15 7 24 20 23 25 23 29 23 24
split_gain=680.674 123.981 81.5557 22.0268 16.0388 12.2033 10.0254 9.15328 8.53851 7.95394 8.43645 8.3413 7.68743 7.44772 6.85542 6.73009 6.72656 8.35734 6.42841 6.2236 8.27997 12.3763 7.65704 6.14978 7.27388 6.76222 8.00645 6.65372 5.93022 5.70245
threshold=0.025465501473428801 -0.80812220286286884 1.1135961122668883 -0.47050080481470974 0.53970150539689477 -0.44038207104179689 -1.3981333279770796 1.971175875600846 -1.3394885671042311 -0.032046911698346871 -0.82355987139890274 -0.78809642732359453 1.1719536210089916 -0.011776971277908988 0.07625307544714717 -0.84621555852705144 0.33478195063611038 0.1818839961194236 -0.083033903627747166 -1.2182133671449693 -0.59376626140854072 0.12172838690068701 0.66015960567307486 0.62710388996626165 -1.5922105829802702 -0.53584269107065519 0.8896274914173351 0.011632597920449746 -0.65530580623113932 -0.53511323262294819
decision_type=2 2 2 2 2 2 2 2 2 2 2 2 2 2 2 2 2 2 2 2 2 2 2 2 2 2 2 2 2 2
left_child=1 6 4 19 12 9 -1 -4 18 10 -5 -11 -2 -8 -10 28 17 -14 -7 -3 21 -21 -22 24 27 -25 -27 -6 -15 -26
right_child=2 3 7 5 23 8 13 -9 14 11 -12 -13 16 15 -16 -17 -18 -19 -20 20 22 -23 -24 25 29 26 -28 -29 -30 -31
leaf_value=0.010416588842146742 -0.0019377641014250095 0.0093914369688267146 -0.0079776601368393464 0.0073327067564986168 -0.0042153800998038305 0.012028951264773246 0.0073700004997446725 -0.011351237268915028 -0.0015931650985052666 -0.0071784227229629693 0.0022968666321682174 0.001302231659709725 -0.0072195859077145118 0.0076371390398435133 0.0007788601571014739 -0.0032653415782260158 -0.010009482688431874 0.0028296852553304653 -0.00043086159952332253 -0.00079692887300362395 0.0050018464786888489 0.0052673288948211442 0.0013994710943466035 -0.0098467393003285452 -0.0025174576761703938 -0.0034835063683252721 -0.010540559171311827 0.006799778646115996 0.0047396732911888428 -0.005551503524514485
leaf_weight=68.083452776074409 436.2459325492382 16.659454673528671 359.16915379464626 43.531328365206718 10.67109662294388 9.613145515322687 377.02227921783924 107.22456268966198 265.81993748247623 14.626593291759489 145.80232153832912 54.188665151596069 19.304526507854462 100.47862775623798 224.18066193163395 8.6533756703138334 23.200666204094887 14.178700268268583 6.9440783262252799 100.78854374587536 232.19490975141525 50.258907303214073 80.360022440552711 47.633115097880363 90.844985336065292 70.136348187923431 21.186436280608177 10.985590830445288 257.40989248454571 206.89745531976223
leaf_count=378 1806 71 1870 180 47 39 1863 610 1074 59 597 219 81 478 906 38 101 59 28 426 993 212 344 224 416 327 100 48 1223 946
internal_value=0 0.00367495 -0.00533089 0.00169117 -0.00364903 0.000635284 0.006716 -0.00875766 -0.000264808 0.0024048 0.00346324 -0.00049361 -0.00239225 0.00637446 -0.00050596 0.00534599 -0.00586286 -0.00293862 0.00677207 0.00336987 0.00314935 0.0012164 0.00407959 -0.00499761 -0.00422262 -0.00676746 -0.00514138 0.00133179 0.00555785 -0.00463029
internal_weight=3474.29 2056.62 1417.68 1244.97 951.285 764.707 811.648 466.394 506.558 258.149 189.334 68.8153 492.93 743.564 490.001 366.542 56.6839 33.4832 16.5572 480.262 463.602 151.047 312.555 458.355 319.399 138.956 91.3228 21.6567 357.889 297.742
internal_count=15763 9128 6635 5148 4155 3102 3980 2480 2047 1055 777 278 2047 3602 1980 1739 241 140 67 2046 1975 638 1337 2108 1457 651 427 95 1701 1362
is_linear=0
shrinkage=0.01


Tree=95
num_leaves=31
num_cat=0
split_feature=0 4 2 0 0 13 1 25 6 10 23 13 26 25 22 9 6 21 18 10 0 8 21 23 10 0 27 24 1 14
split_gain=669.102 138.086 66.8542 24.0786 12.752 11.5203 9.96546 9.95745 9.13709 8.22235 7.99795 7.98372 7.09817 10.3588 9.21122 7.05546 7.304 6.08271 7.21285 7.05006 14.0079 10.7865 6.99193 5.86746 5.47236 6.35832 6.25464 5.36252 5.4176 5.34039
threshold=0.12517364975339984 -0.76264577346077045 1.1135961122668883 -0.25538312153693771 0.68020418326113929 -1.2401268835255583 0.77847929994872722 -1.1500209059430899 1.971175875600846 -1.1519775717562657 2.0342824139664999 -0.7437741998042614 0.38555499175774294 -1.6908094451553437 1.5324703889393008 1.0278431420327223 -0.8722031530383797 0.029708429148575546 1.975189156330466 -0.9340804735027981 -0.072178237101254206 -1.4176703428481281 0.11425807824543414 1.1908506470561908 -0.16177704083546354 -1.3968373785588175 0.31409770451902147 -1.7971907809226197 0.57146773927095296 0.13021413303350046
decision_type=2 2 2 2 2 2 2 2 2 2 2 2 2 2 2 2 2 2 2 2 2 2 2 2 2 2 2 2 2 2
left_child=1 5 4 6 23 24 12 -8 -4 -7 -6 -9 13 -3 -14 16 -11 19 22 20 -5 -21 -19 27 -1 -26 -27 -2 -29 -25
right_child=2 3 8 17 10 9 7 11 -10 15 -12 -13 14 -15 -16 -17 -18 18 -20 21 -22 -23 -24 29 25 26 -28 28 -30 -31
leaf_value=0.010121763440121013 -0.0085945081960769124 0.014034562681634662 -0.0079281149432347507 -0.0089961430280889425 -0.0057613710113000698 0.010784213950324544 -0.005886479479562997 -0.0081870949146344955 -0.011307973176803635 0.0062270321137883758 0.0026991215728197739 0.001914480554680688 0.0010230246303041897 0.003620283936398436 0.0090924991707638323 -0.0024946084026922651 0.0035463590147216391 -0.0069792183802200947 -0.013288918891618238 0.01007903428977603 0.0021853689385150964 0.00089760239483342079 -0.00068687356528536274 0.0035542315850630034 0.011929819707504339 0.0036330011578335061 0.0092089106546102677 -0.001595719887610278 -0.004079827119237241 -0.0067907810148791891
leaf_weight=105.26858612895012 14.205095410346983 9.7995505928993207 357.80704362690449 20.358472049236298 327.59272654354572 31.816897332668304 22.746584579348564 8.229702875018118 106.56216050684452 499.22703690826893 11.348846748471258 122.72232677042484 198.77896673977375 363.22256125509739 15.190580457448958 10.532836169004439 130.73065349459648 19.031135618686676 4.9142238646745673 13.545084342360495 24.475795835256577 215.34905353188515 240.28940871357918 5.2875135987997046 20.450799807906151 56.736346751451492 32.173051580786705 298.36269091069698 125.98506681621075 55.625695466995239
leaf_count=568 60 42 1870 82 1539 157 93 34 610 2384 52 506 833 1526 63 43 603 77 20 55 99 868 969 22 115 282 165 1250 535 241
internal_value=0 0.0034067 -0.00566255 0.00130246 -0.00397366 0.00643868 0.00247197 0.000198044 -0.00870814 0.00578812 -0.00547442 0.00126625 0.00306554 0.00390024 0.00160456 0.00553672 0.00567297 -0.000306088 -0.00138942 0.000736142 -0.00287843 0.00144946 -0.00115503 -0.00295233 0.00846821 0.0068596 0.00567003 -0.00254327 -0.00233637 -0.00587205
internal_weight=3468.37 2165.59 1302.78 1278.65 838.408 886.936 740.69 153.699 464.369 672.307 338.942 130.952 586.992 373.022 213.97 640.491 629.958 537.963 264.235 273.728 44.8343 228.894 259.321 499.466 214.629 109.36 88.9094 438.553 424.348 60.9132
internal_count=15763 9584 6179 5267 3699 4317 3097 633 2480 3187 1591 540 2464 1568 896 3030 2987 2170 1066 1104 181 923 1046 2108 1130 562 447 1845 1785 263
is_linear=0
shrinkage=0.01


Tree=96
num_leaves=31
num_cat=0
split_feature=0 4 2 0 0 13 3 13 6 18 25 23 9 3 23 16 24 29 3 1 6 1 23 9 29 8 8 11 25 4
split_gain=657.116 136.03 66.2302 23.6373 12.5724 11.4405 9.81645 9.78356 9.12119 8.84252 8.06675 7.8657 7.37241 6.88396 5.76919 5.55793 5.54418 5.46684 6.38523 5.94543 5.42932 9.13393 6.8921 5.33296 5.54843 7.96489 5.10375 5.01997 5.00715 5.00336
threshold=0.12517364975339984 -0.76264577346077045 1.1135961122668883 -0.28322645968490062 0.68020418326113929 -1.2401268835255583 -0.86731719811655983 -0.22891361771090035 1.971175875600846 0.74415044504447647 0.62808961514793615 2.0342824139664999 1.0278431420327223 0.42821254524534252 1.1908506470561908 -0.46503531256405534 0.89041467527087381 1.4068265479878719 0.32063823385945467 0.29773123680952862 -1.1420760822811282 1.0235794474220037 -1.465623522175129 -0.10392639579365452 0.33936227165343685 -0.51014709365332311 -0.64756608220584733 0.0081212072022066404 -1.4216559268199318 0.24421771662415412
decision_type=2 2 2 2 2 2 2 2 2 2 2 2 2 2 2 2 2 2 2 2 2 2 2 2 2 2 2 2 2 2
left_child=1 5 4 6 14 23 26 10 -4 -5 -8 -6 20 -11 17 29 -15 19 -19 -2 21 -7 -22 -1 25 -25 28 -28 -3 -16
right_child=2 3 8 9 11 12 7 -9 -10 13 -12 -13 -14 16 15 -17 -18 18 -20 -21 22 -23 -24 24 -26 -27 27 -29 -30 -31
leaf_value=0.010060911504897732 -0.0018783322931857996 0.012972678804006529 -0.0078788811754291858 0.00046384347783345956 -0.0057164166952967969 0.005221396402049985 0.0013356429649547135 -0.0062285706226744494 -0.011265112724203162 -0.010009424600624001 0.0041554447370035609 0.0026698430502871419 -0.0024692698160413023 -0.0029163070634132689 0.0069144071553534307 -0.0082215587082366415 0.0023182643051512727 -0.0019714150537336597 0.0063985287907007164 -0.0043897816112485255 0.0020389414017514917 -0.0016239166954739709 0.0066923736625394753 -0.0057063232151453435 0.0097626351214497847 0.0061198143546184868 0.00024526264910483932 0.0092760689349814327 0.0051579536305263922 -0.0043366818342935858
leaf_weight=104.48951818048954 242.03840987384319 9.0459853708744031 356.44993652403355 454.68265810608864 326.87166655063629 128.643723487854 376.55501472949982 14.341974392533301 105.90161177515984 11.105107709765432 139.84822773933411 11.359611868858336 10.535523757338522 92.775975123047829 4.8685007244348553 37.36632564663887 25.576486989855766 25.112409070134163 14.106455266475676 157.05490811169147 34.911803409457207 22.674468979239464 473.98689278960228 6.1042824983596793 41.091258808970451 62.041811138391495 37.359493404626846 7.3326622098684302 109.62719812989235 18.579992413520813
leaf_count=567 1015 40 1870 1833 1539 616 1563 58 610 45 588 52 43 375 20 164 103 104 59 667 166 105 2257 31 216 316 158 31 473 79
internal_value=0 0.0033772 -0.00561931 0.00128985 -0.00393893 0.00639222 0.0025373 0.00187375 -0.00865893 -0.000190912 0.00210187 -0.0054311 0.00574363 -0.00249686 -0.00292489 -0.00582266 -0.00177565 -0.00251931 0.00102232 -0.00287002 0.00587656 0.00418865 0.00637556 0.0084194 0.00683232 0.00503901 0.00468447 0.00176668 0.00577248 -0.00193876
internal_weight=3462.44 2162.73 1299.71 1278.25 837.358 884.479 694.111 530.745 462.352 584.14 516.403 338.231 670.752 129.458 499.127 60.8148 118.352 438.312 39.2189 399.093 660.217 151.318 508.899 213.727 109.237 68.1461 163.365 44.6922 118.673 23.4485
internal_count=15763 9584 6179 5267 3699 4317 2911 2209 2480 2356 2151 1591 3187 523 2108 263 478 1845 163 1682 3144 721 2423 1130 563 347 702 189 513 99
is_linear=0
shrinkage=0.01


Tree=97
num_leaves=31
num_cat=0
split_feature=4 14 4 14 18 14 13 9 25 29 23 23 9 4 7 28 10 10 15 21 28 15 21 5 29 11 25 21 14 9
split_gain=644.068 121.707 75.6837 18.6996 13.0924 12.9966 10.8902 10.2592 11.5658 10.0266 12.7612 9.53848 10.1185 9.06647 9.02421 8.72653 7.59219 7.55312 7.55825 7.1889 7.10599 7.4848 7.14264 7.03974 7.02747 6.77263 6.72882 6.38363 6.32855 6.27545
threshold=0.048412742557612895 -0.76187019327678085 0.93881108759236265 -0.45863302340718576 -0.92863435351327428 1.6920284843381637 -1.2730793931718756 0.2213680245676691 -1.187451569956169 -0.68171819547558299 0.62149848464838053 0.57309539114097652 0.45388732896799172 0.40240533584435739 1.1009230929903093 -0.069434504048865558 1.1068684948668501 -1.02718420785937 1.319073196481434 -1.3802887956093917 -1.8522961559545836 -1.2182133671449693 1.3810394920179985 -0.40641149176918939 -1.0354776953572928 1.0004162281918296 0.67193303575143226 1.7931525962054107 -1.1239814942340052 1.0278431420327223
decision_type=2 2 2 2 2 2 2 2 2 2 2 2 2 2 2 2 2 2 2 2 2 2 2 2 2 2 2 2 2 2
left_child=1 6 7 20 16 25 -1 8 -2 19 13 12 -6 -11 26 -13 23 27 -19 -9 -3 -22 -23 -5 28 -4 -8 -10 -16 -26
right_child=2 3 5 4 11 -7 14 9 17 10 -12 15 -14 -15 24 -17 -18 18 -20 -21 21 22 -24 -25 29 -27 -28 -29 -30 -31
leaf_value=0.0086303822307589335 0.0018030073976359176 0.011296626390921787 -0.0063776599382331014 0.0029527247374297868 0.0016032087774186586 -0.010410302971815581 0.0068893109900295133 0.001968759788217075 -0.0056595691769024152 0.0002251763239767401 -0.0077186297636610002 -0.0040814591211045144 -0.0017380692257868654 -0.0040430356204756105 -0.01288287805121144 0.00038619598022903302 -0.0085623394310459962 -0.0022500467323829194 0.009903762323457169 -0.0077991743796552082 0.009422450784077328 0.0021857184344438304 0.0064533192106831375 0.0099813714490421743 0.0057494003295752386 -0.0095637274582752747 0.0044917984405703675 0.0051783848356532726 0.00064636907982632788 -0.0021034857540905079
leaf_weight=176.32458509504795 59.5531255453825 10.382478088140486 314.91857023537159 110.24233739078045 334.03771360218525 168.66671994328499 442.91402092576027 7.9223839342594138 106.65412731468678 83.276988059282303 55.666228026151657 95.648088037967682 124.0411030203104 121.99062483012676 4.5984948724508312 79.73773056268692 4.9590964317321768 268.5616343319416 5.0905924141407004 102.12790291011333 17.036935746669769 367.79332891106606 44.210826635360718 16.510758131742477 51.139414355158806 87.60609382390976 164.31426551938057 5.5542880594730368 12.600506111979483 12.430904328823088
leaf_count=944 253 44 1581 457 1355 977 2161 35 455 345 251 387 500 553 21 323 20 1143 21 454 73 1556 187 67 235 456 779 24 55 51
internal_value=0 0.00353516 -0.00527064 0.00147938 0.000533479 -0.00806382 0.00639862 -0.00331443 -0.00228599 -0.00454555 -0.00346806 -6.16073e-05 0.000696075 -0.00230729 0.00582402 -0.00204552 0.00340098 -0.00291998 -0.00201677 -0.00708577 0.00312373 0.00292103 0.00264754 0.0038833 0.00265758 -0.00707577 0.00624304 -0.00511006 -0.0029667 0.0041972
internal_weight=3456.51 2068.92 1387.59 1204.6 765.177 571.191 864.322 816.398 445.414 370.984 260.934 633.465 458.079 205.268 687.998 175.386 131.712 385.861 273.652 110.05 439.424 429.041 412.004 126.753 80.7693 402.525 607.228 112.208 17.199 63.5703
internal_count=15763 9215 6548 4969 3109 3014 4246 3534 1896 1638 1149 2565 1855 898 3302 710 544 1643 1164 489 1860 1816 1743 524 362 2037 2940 479 76 286
is_linear=0
shrinkage=0.01


Tree=98
num_leaves=31
num_cat=0
split_feature=0 14 2 0 0 0 6 9 1 0 11 29 3 3 11 28 28 22 11 9 16 16 7 20 21 13 27 21 24 26
split_gain=633.993 132.049 65.0441 23.6111 12.2558 10.9484 9.11364 7.44826 6.35557 9.26202 8.15375 7.36359 7.17907 6.10216 5.94535 7.8981 10.5442 8.1642 6.89319 6.84799 5.77131 7.57922 7.73588 5.76468 6.71408 5.13186 5.09509 4.84756 7.46281 4.66612
threshold=0.12517364975339984 -0.76187019327678085 1.1135961122668883 -0.28322645968490062 0.68020418326113929 -1.4207684488009822 1.971175875600846 0.81669428217667184 0.80518994256183996 -0.3012631624324642 1.2788770643397529 -1.6541287055101874 1.2183766397960156 -1.712625837704745 0.83261319845508552 -1.1016305753487383 -1.8522961559545836 -0.38874651527012166 1.0004162281918296 -0.32949714617786846 -2.2756001308307927 -0.33235682965025121 -0.64795993314319456 0.5749258056386638 2.2754165583906034 -0.578101963378851 0.93271245776693523 -1.270224636708928 1.0554761123001688 -1.2667072007696292
decision_type=2 2 2 2 2 2 2 2 2 2 2 2 2 2 2 2 2 2 2 2 2 2 2 2 2 2 2 2 2 2
left_child=1 5 4 8 20 -1 -4 13 10 12 11 -3 -10 -7 15 16 -5 -17 -16 -20 -2 26 -23 24 -6 -15 -22 -9 -29 -25
right_child=2 3 6 14 23 7 -8 27 9 -11 -12 -13 -14 25 18 17 -18 -19 19 -21 21 22 -24 29 -26 -27 -28 28 -30 -31
leaf_value=0.01069505785514693 -0.013081002559890798 0.010733214724235988 -0.0077818622531429203 -0.0028840926914522431 -0.0046427160556438566 0.010199771212261578 -0.011184639198268653 -0.0063351289742686855 -0.00061053368379379363 -0.010970308390555407 0.012578561469861027 0.0026728273434333998 0.0041191315789771074 0.0061385275844810169 -0.0069665131974541647 0.0017781783180318231 0.0051747124451642689 -0.0012847374592453702 -0.0057485535621247088 0.0010297696234040751 -0.0019542175684933807 -0.0071350874996151453 -0.0029626397654555158 -0.0019707095890060334 0.0069050476812697109 -0.0029085915671237558 0.0022307094941470375 0.0053294602800526445 -0.0077966806657609432 -0.0079263565678393891
leaf_weight=55.029948383569717 5.4325633496046057 11.576927393674849 353.73441971838474 21.768360137939453 213.79805716872215 38.41418544948101 104.64641572535038 6.082259774208068 83.715486988425255 6.4601018875837317 8.7116704732179624 548.95879590511322 51.643064752221107 723.48632122576237 24.947729587554932 126.98459288477898 61.747445687651634 275.30862431228161 20.597883820533752 52.688329935073853 141.84110647439957 54.193099170923233 260.6496208012104 15.717212006449698 5.002543941140174 6.1195875853300086 36.304864928126335 27.781588897109032 4.9833221435546866 102.31868727505207
leaf_count=315 24 50 1870 88 1003 191 610 26 346 26 37 2309 214 3543 101 512 250 1109 84 212 593 232 1109 76 23 28 150 121 22 489
internal_value=0 0.00331955 -0.00553458 0.00129995 -0.0038705 0.00635259 -0.00856315 0.0060539 0.00252361 0.000620059 0.0029959 0.00284297 0.00118829 0.0062705 -0.000188301 0.000263678 0.00306129 -0.000315236 -0.0024317 -0.000866962 -0.00286937 -0.00275218 -0.00368605 -0.00534763 -0.00437109 0.00606089 -0.00109498 0.0017407 0.00328499 -0.00714413
internal_weight=3450.64 2157.01 1293.64 1295.11 835.258 861.897 458.381 806.867 711.066 141.819 569.247 560.536 135.359 768.02 584.043 485.809 83.5158 402.293 98.2339 73.2862 498.421 492.989 314.843 336.837 218.801 729.606 178.146 38.8472 32.7649 118.036
internal_count=15763 9584 6179 5338 3699 4246 2480 3931 2982 586 2396 2359 560 3762 2356 1959 338 1621 397 296 2108 2084 1341 1591 1026 3571 743 169 143 565
is_linear=0
shrinkage=0.01


Tree=99
num_leaves=31
num_cat=0
split_feature=0 14 2 0 0 0 19 18 0 23 13 7 23 7 8 21 23 10 23 23 11 17 23 14 1 10 21 20 23 25
split_gain=622.629 130.077 64.4319 23.1601 12.0829 10.892 9.30326 8.57552 8.54971 7.75195 6.76812 7.18993 6.50365 9.35092 10.5224 8.96627 6.30255 6.18034 6.17392 8.385 7.62953 5.71669 5.6314 5.20426 5.15049 4.92987 5.69334 4.6098 6.8149 4.6468
threshold=0.12517364975339984 -0.76187019327678085 1.1135961122668883 -0.28322645968490062 0.68020418326113929 -1.4207684488009822 0.33704073096706694 0.74415044504447647 1.5741023380619106 2.0342824139664999 -0.84621555852705144 0.17482044139224714 -1.3064306319267371 0.79904954882914847 0.42534279740359526 -1.0380958648114189 0.34363029777314946 1.2636334372528368 -0.82842520305780531 -0.1435967386805608 0.56422351038878582 -0.038914775842634426 1.1908506470561908 0.13021413303350046 0.2527835704457323 -1.9144484952063632 -1.6204233471593108 0.5749258056386638 -1.5922105829802702 -0.53584269107065519
decision_type=2 2 2 2 2 2 2 2 2 2 2 2 2 2 2 2 2 2 2 2 2 2 2 2 2 2 2 2 2 2
left_child=1 5 4 12 22 -1 -7 25 -4 27 16 -12 15 14 -14 24 -8 -15 20 -20 -9 -17 -2 -24 -3 -5 -27 28 -6 -29
right_child=2 3 8 7 9 6 10 18 -10 -11 11 -13 13 17 -16 21 -18 -19 19 -21 -22 -23 23 -25 -26 26 -28 29 -30 -31
leaf_value=0.010651044079009199 -0.00244198898146772 0.0048272543798651606 -0.0072362695339479874 -0.0058871400458243416 0.0018257875676434391 0.0068628912282948729 0.0063877238979473117 0.012179914359365612 -0.010021707972186232 0.0027469197808713359 -0.0085564310222121173 0.0026932910424702929 0.002065368520424229 -0.0016397436584550205 0.0056059746768387002 0.004785014613514234 0.0031714084395117049 0.0065187306705696765 -0.0075658023039773753 -0.0015322222510478084 -0.0011281421590514753 0.013039674995152392 0.0035963247661307367 -0.0066232618267446242 -0.0064685574502091501 0.008199035594163526 0.00045831931041292513 -0.010048732219745843 -0.005187148590145422 -0.0057204259209647787
leaf_weight=54.706811890006065 437.50024148821831 8.9254020601511019 247.56692978739738 11.793897062540053 14.642039477825163 495.70934392511845 169.77006605267525 5.7242771983146694 208.81790566444397 11.329288735985754 6.6743533015251151 34.621352151036263 464.14317435026169 82.071963146328926 103.09729678928852 18.191228672862053 98.022515118122101 10.341831982135771 33.847718223929405 73.726465076208115 16.10357092320919 16.710112154483795 5.2812864780426017 55.299353808164597 7.1929935514926902 9.637489587068556 433.17740854620934 39.331184312701225 195.85733206570148 74.973508700728416
leaf_count=315 1845 38 1260 48 66 2463 818 23 1220 52 30 150 1955 338 432 77 470 42 137 298 65 70 22 241 30 39 1746 190 924 359
internal_value=0 0.00329071 -0.00549231 0.00128739 -0.00383671 0.00630669 0.00600885 -0.000186445 -0.00851485 -0.00530535 0.00463413 0.000834638 0.0024998 0.00223065 0.00271152 0.00594907 0.00521578 -0.000709878 -0.00245788 -0.00344521 0.00235587 0.00879173 -0.00284272 -0.0057114 -0.000160758 0.000458307 0.00063086 -0.00559005 -0.00469395 -0.00722598
internal_weight=3444.79 2154.19 1290.6 1294.68 834.214 859.504 804.798 584.011 456.385 336.133 309.088 41.2957 710.674 659.654 567.24 51.0197 267.793 92.4138 129.402 107.574 21.8278 34.9013 498.081 60.5806 16.1184 454.609 442.815 324.804 210.499 114.305
internal_count=15763 9584 6179 5338 3699 4246 3931 2356 2480 1591 1468 180 2982 2767 2387 215 1288 380 523 435 88 147 2108 263 68 1833 1785 1539 990 549
is_linear=0
shrinkage=0.01


Tree=100
num_leaves=31
num_cat=0
split_feature=4 14 4 14 14 18 8 13 13 7 23 29 10 11 18 15 22 11 1 27 15 23 22 5 3 25 14 7 14 29
split_gain=610.248 116.369 73.3558 18.5663 12.9486 12.7412 13.847 10.4504 9.3436 9.02631 8.86907 7.58476 7.43508 7.17977 7.62934 7.08721 7.84409 8.63499 6.99916 8.35447 7.50897 7.16447 8.92669 6.93503 6.51517 7.04749 5.73043 5.58789 5.57656 5.54314
threshold=0.048412742557612895 -0.76925032944422023 0.93881108759236265 -0.45863302340718576 1.6156101133266463 -0.92863435351327428 -1.4982913218201239 -1.2730793931718756 0.35062728803480409 1.1009230929903093 0.57309539114097652 -1.0354776953572928 1.1068684948668501 1.0004162281918296 -0.20126328656419643 -1.2182133671449693 1.0927395413337855 0.17735893278695705 0.26545192001492735 1.8478314944136371 -0.9516397209871561 0.91935950672070799 1.3895881726321726 -0.40641149176918939 -1.6739164348779523 0.67193303575143226 -1.1239814942340052 -1.2956807496301612 -1.1239814942340052 -1.5360355315899887
decision_type=2 2 2 2 2 2 2 2 2 2 2 2 2 2 2 2 2 2 2 2 2 2 2 2 2 2 2 2 2 2
left_child=1 7 8 15 13 12 -7 -1 29 24 -8 26 23 14 -4 -3 17 -17 21 20 -20 22 -10 -5 -9 -26 -11 -23 -13 -2
right_child=2 3 4 5 -6 6 10 9 18 11 -12 28 -14 -15 -16 16 -18 -19 19 -21 -22 27 -24 -25 25 -27 -28 -29 -30 -31
leaf_value=0.0084964426738549422 0.0047223042197192932 0.0093799105074536867 -0.0075723084134553644 0.0028984693488431422 -0.0099883389628621245 0.0091097025697722388 0.00043212655453744126 0.010174732242968047 -0.0025410575785071005 -0.012854199477285196 -0.0022377495734053551 0.0082547729106702047 -0.0084931117028334696 -0.0094041103044727233 -0.0042476100781225533 0.0035838730272661564 0.0058981433331611009 0.000476597602017456 -7.6508407809515574e-05 0.0077211368154723918 -0.0064155694450173037 -0.0012997800055585768 0.011100864946371533 0.009878440775417557 0.0065542410120866717 0.003981061942846276 0.00014694423702084084 -0.0077483376628013243 0.0018845442096061891 -0.0020855397066980824
leaf_weight=174.19886983931065 12.312500983476637 17.187857627868652 150.01086890697479 110.116883456707 198.88270530104637 15.90033510327339 444.84300962090492 38.352816492319107 238.43023511767387 4.6015547215938595 172.45351189374924 21.260617896914482 4.959400698542594 82.965731874108315 132.60757623612881 205.23811875283718 69.768867865204811 159.95702086389065 21.173807859420776 4.5555280297994605 182.66738492250443 19.133714094758034 4.7726107388734809 16.492010444402695 404.53050082921982 148.57987999916077 11.621427729725836 48.851192116737366 40.405390724539757 282.11568084359169
leaf_count=944 51 74 751 457 1163 66 1801 191 1049 21 698 100 20 435 665 879 296 673 95 20 827 83 21 67 1989 709 51 223 179 1165
internal_value=0 0.00344556 -0.00514991 0.00146566 -0.00792119 0.000514198 -7.27961e-05 0.00630008 -0.00322623 0.00572579 -0.000312376 0.0024997 0.00334472 -0.00679148 -0.00601792 0.00307228 0.00281863 0.00222611 -0.00403429 -0.00545926 -0.00576237 -0.00307535 -0.00226479 0.00382265 0.00614845 0.00586567 -0.00353565 -0.00595271 0.00410681 -0.00179594
internal_weight=3438.95 2060.47 1378.48 1216.92 564.467 764.765 633.197 843.551 814.013 669.352 617.297 77.889 131.568 365.584 282.618 452.152 434.964 365.195 519.584 208.397 203.841 311.188 243.203 126.609 591.463 553.11 16.223 67.9849 61.666 294.428
internal_count=15763 9215 6548 5031 3014 3109 2565 4184 3534 3240 2499 351 544 1851 1416 1922 1848 1552 2318 942 922 1376 1070 524 2889 2698 72 306 279 1216
is_linear=0
shrinkage=0.01


Tree=101
num_leaves=31
num_cat=0
split_feature=2 2 2 2 6 17 2 6 11 6 24 23 28 23 14 19 8 28 24 10 8 19 5 8 13 22 21 23 23 23
split_gain=600.215 112.053 76.0096 19.6975 14.5996 11.496 9.79901 9.14034 8.72969 8.92083 8.48513 8.65504 8.32741 9.25553 8.20086 7.813 7.70723 8.26936 8.18622 7.44635 7.46593 7.40357 7.34426 6.72152 6.46366 6.25571 11.9342 6.5455 6.09622 5.91217
threshold=0.025465501473428801 -0.80812220286286884 1.1135961122668883 -0.47050080481470974 0.4631431373058536 -0.44038207104179689 -1.3981333279770796 1.971175875600846 0.78016475598883905 -0.13206765993984285 1.1244693938908663 2.0342824139664999 0.78325642489928904 -0.99008265622573199 0.86242861462007114 1.2070040335872909 -0.032046911698346871 -0.82355987139890274 -0.78809642732359453 -1.2207429047471228 -1.5849118962570699 0.49964056518217587 -0.011776971277908988 -0.8137180593904273 -0.84621555852705144 0.83272968524399005 0.029708429148575546 1.9545868072487782 0.33051086616974956 -0.65530580623113932
decision_type=2 2 2 2 2 2 2 2 2 2 2 2 2 2 2 2 2 2 2 2 2 2 2 2 2 2 2 2 2 2
left_child=1 6 4 25 8 16 -1 -4 9 -2 11 15 14 -14 -12 -6 17 -5 -18 21 -21 -7 -8 -11 29 27 -27 28 -3 -24
right_child=2 3 7 5 10 19 22 -9 -10 23 12 -13 13 -15 -16 -17 18 -19 -20 20 -22 -23 24 -25 -26 26 -28 -29 -30 -31
leaf_value=0.010119268836630129 0.00556064174713106 0.003197385688092792 -0.0076358347006735662 0.007186340017630982 -0.0049097869013941245 -0.0068965918419437826 0.0070538753570881128 -0.01107011997000258 -0.0046370375400440903 0.0013716580440500147 0.0055983602053968585 0.0021552381982995884 0.0047313731587127804 -0.0073802215451925206 -0.0042524421859419835 -0.0093914806687483473 -0.0071725918593006678 0.0021934127582046181 0.0012311739233557698 0.01231409919414665 -9.4533358189096708e-05 0.0059308193135621055 0.0073307060852388882 -0.0023808671746015937 -0.0034355145889330462 -0.0016675202379814002 0.0072033176281114386 0.013393858283177192 0.0003009673616988219 0.0044143467785104111
leaf_weight=65.660224393010139 17.81480698287487 276.69139929115772 349.60259473323822 43.38401959836483 376.06608425080776 28.082753419876099 369.24778425693512 102.83498631417751 102.47235770523548 58.199490174651146 22.973134979605675 15.550970420241354 7.8808919042348853 28.933527052402496 13.143782526254652 44.132856786251068 14.617822930216787 145.51046004891396 54.129430860280991 4.7991311997175208 468.06592898070812 5.1911108344793311 98.676908627152443 256.73003605008125 8.6041615009307844 18.610500693321228 77.213135451078415 5.4789675325155249 99.635695114731789 253.21789272129536
leaf_count=378 72 1186 1870 180 1716 114 1863 610 437 238 101 70 35 132 63 213 59 597 219 20 1892 21 478 1078 38 80 331 24 425 1223
internal_value=0 0.00346201 -0.00504967 0.00158325 -0.00343196 0.000585383 0.00639242 -0.0084209 -0.00208245 -0.00129157 -0.00458397 -0.00511317 -0.0014057 -0.0047546 0.00198397 -0.00538499 0.00230493 0.00334864 -0.000549028 -0.00028823 3.18651e-05 -0.00485363 0.00605438 -0.001684 0.00502618 0.0031764 0.00547009 0.00259684 0.00243348 0.00523683
internal_weight=3433.15 2036.82 1396.34 1241.41 943.898 763.781 795.407 452.438 435.217 332.744 508.681 435.75 72.9313 36.8144 36.1169 420.199 257.642 188.894 68.7473 506.139 472.865 33.2739 729.747 314.93 360.499 477.63 95.8236 381.806 376.327 351.895
internal_count=15763 9128 6635 5148 4155 3102 3980 2480 1825 1388 2330 1999 331 167 164 1929 1055 777 278 2047 1912 135 3602 1316 1739 2046 411 1635 1611 1701
is_linear=0
shrinkage=0.01


Tree=102
num_leaves=31
num_cat=0
split_feature=0 4 2 0 0 13 1 25 0 10 13 23 26 25 22 9 21 18 21 10 0 5 16 16 23 10 0 29 23 27
split_gain=589.955 124.459 62.6698 21.3112 11.6582 11.1519 9.46771 9.71313 8.56209 8.2268 7.91683 7.56579 6.91527 10.1758 9.05524 6.57379 5.85663 7.01925 6.88032 6.75264 13.9135 6.6835 5.7153 7.39146 8.47505 5.48994 6.38123 6.48111 5.16373 4.98865
threshold=0.12517364975339984 -0.76264577346077045 1.1135961122668883 -0.25538312153693771 0.68020418326113929 -1.2401268835255583 0.77847929994872722 -1.1500209059430899 1.5741023380619106 -1.1519775717562657 -0.7437741998042614 2.0342824139664999 0.38555499175774294 -1.6908094451553437 1.5324703889393008 1.0278431420327223 0.029708429148575546 1.975189156330466 0.11425807824543414 -0.9340804735027981 -0.072178237101254206 -0.84596712228308257 -2.2756001308307927 -0.33235682965025121 0.58805730839832537 -0.16177704083546354 -1.3968373785588175 0.33936227165343685 -0.22347940704031014 0.93271245776693523
decision_type=2 2 2 2 2 2 2 2 2 2 2 2 2 2 2 2 2 2 2 2 2 2 2 2 2 2 2 2 2 2
left_child=1 5 4 6 22 25 12 28 -4 -7 -9 -6 13 -3 -14 -11 19 18 -18 20 -5 -21 -2 29 -25 -1 -27 -28 -8 -24
right_child=2 3 8 16 11 9 7 10 -10 15 -12 -13 14 -15 -16 -17 17 -19 -20 21 -22 -23 23 24 -26 26 27 -29 -30 -31
leaf_value=0.0098329702563519847 -0.012955014599012792 0.01381436149676922 -0.0070899591481419083 -0.0089121019243273095 -0.0054682493452540394 0.010529363840744019 -0.01332145499328663 -0.0082614611448440321 -0.0098955269597824254 0.0053610071620874902 0.0018051756235844428 0.0027719121832473926 0.00087841091267046312 0.0034480524492742455 0.00889640484506579 -0.0025238443871134215 -0.0069087369484734798 -0.013115145412137034 -0.00066427569313739446 0.0050580459441137097 0.002236301656292696 0.00061381361086286306 -0.0018585057433587447 -0.0025934132195669151 -0.0063720525103041475 0.01169837288692158 0.0032241466278910649 0.0089459991807493196 -0.0027414703657169894 0.0022854107772395773
leaf_weight=102.01757065951824 5.3959127217531195 9.7106298655271512 245.05063083767891 20.342423886060715 322.77381055057049 31.136052772402763 6.616850063204768 8.2197204083204252 205.41440290212631 619.72434508800507 122.43754704296589 11.319448620080946 198.0970039665699 361.64117531478405 15.119167804718016 10.528711542487143 19.014470636844635 4.9003158658742896 240.17453147470951 41.422649338841438 24.456268116831779 187.34651252627373 141.54551231861115 233.25815413892269 80.567559763789177 19.719898730516434 55.336733818054199 31.697867512702942 16.109030112624168 36.270123034715652
leaf_count=568 24 42 1260 82 1539 157 27 34 1220 2987 506 52 833 1526 63 43 77 20 969 168 99 755 593 988 353 115 280 167 66 150
internal_value=0 0.00320643 -0.00536806 0.00121614 -0.00373716 0.00612245 0.00231946 0.00010134 -0.00837344 0.00547999 0.0011584 -0.00518533 0.00289964 0.00372546 0.00145556 0.00522732 -0.00029648 -0.0013598 -0.00112872 0.000726468 -0.00281233 0.00142475 -0.00276089 -0.00264436 -0.0035684 0.00814939 0.00652345 0.00532739 -0.00591061 -0.00100682
internal_weight=3427.37 2145.77 1281.6 1275.61 831.131 870.161 737.951 153.383 450.465 661.389 130.657 334.093 584.568 371.352 213.216 630.253 537.657 264.089 259.189 273.568 44.7987 228.769 497.037 491.641 313.826 208.772 106.755 87.0346 22.7259 177.816
internal_count=15763 9584 6179 5267 3699 4317 3097 633 2480 3187 540 1591 2464 1568 896 3030 2170 1066 1046 1104 181 923 2108 2084 1341 1130 562 447 93 743
is_linear=0
shrinkage=0.01


Tree=103
num_leaves=31
num_cat=0
split_feature=2 2 2 2 6 17 2 6 11 6 24 23 28 23 14 9 7 27 29 5 7 9 3 13 22 21 11 11 26 23
split_gain=579.02 108.874 74.4397 19.0805 14.1592 11.0862 9.68661 9.1508 8.53349 8.74197 8.34789 8.43756 8.17178 9.11413 8.00871 7.75689 7.73974 10.5393 9.94156 7.26165 6.62594 6.55801 6.55407 6.32791 6.31538 12.3641 7.01754 12.4002 7.46002 5.85336
threshold=0.025465501473428801 -0.80812220286286884 1.1135961122668883 -0.48581699954084218 0.4631431373058536 -0.44038207104179689 -1.3981333279770796 1.971175875600846 0.78016475598883905 -0.13206765993984285 1.1244693938908663 2.0342824139664999 0.78325642489928904 -0.99008265622573199 0.86242861462007114 1.1655224804483248 0.62754944096869125 0.46165459308493234 1.3904728947797975 -0.011776971277908988 -1.4102834565705138 0.11785923983845309 -0.10260755609929818 -0.84621555852705144 0.83272968524399005 -0.055387525311679141 0.17735893278695705 0.91111558431207662 -0.56088414643730822 -0.65530580623113932
decision_type=2 2 2 2 2 2 2 2 2 2 2 2 2 2 2 2 2 2 2 2 2 2 2 2 2 2 2 2 2 2
left_child=1 6 4 24 8 16 -1 -4 9 -2 11 15 14 -14 -12 -6 18 -18 -5 -8 -7 -11 -22 29 26 -26 28 -28 -3 -21
right_child=2 3 7 5 10 20 19 -9 -10 21 12 -13 13 -15 -16 -17 17 -19 -20 23 22 -23 -24 -25 25 -27 27 -29 -30 -31
leaf_value=0.010030120134126116 0.0055201910382288158 0.0069083155170140045 -0.0075392881388851151 0.0022134312854648558 -0.004810359010212175 -0.0060960439074547847 0.006964192989240987 -0.010993803168550826 -0.0045721674426220183 4.5796628179967218e-05 0.0055688696580852449 0.0021373215569872499 0.004729162262547249 -0.0072944888605284324 -0.004175727035523125 -0.0091352001846182803 0.0021266267380410041 -0.010611662434229726 0.0095369816032371529 0.0072413367452490154 0.0019572023073554505 -0.002873472997262812 -0.00069529076263546248 -0.0034301688406361067 -0.002154108971650076 0.0072280094689067542 -0.00076332805678235721 0.005570765866235128 0.002626250738914641 0.0043324812133708687
leaf_weight=64.923293098807335 17.819395288825035 55.620804578065872 346.87471096217632 215.0292089432478 371.2123212069273 18.608269453048706 367.0190247297287 101.61406850814819 102.28604972362518 131.49455335736275 22.986945122480392 15.560275837779043 7.8810742497444144 28.816437318921089 13.094071283936499 47.496692344546318 16.636744782328609 10.435796052217482 20.328999474644661 98.145303830504417 124.00478115677834 183.17604151368141 373.27891160547733 8.6009160429239255 16.990849137306213 75.975331246852875 113.69264347851276 42.246984824538231 157.56028684973717 252.1606600433588
leaf_count=378 72 240 1870 883 1696 76 1863 610 437 541 101 70 35 132 63 233 67 42 84 478 504 775 1508 38 73 327 483 181 680 1223
internal_value=0 0.00340339 -0.00497203 0.0015535 -0.0033729 0.000596129 0.00630303 -0.00832648 -0.00204385 -0.0012619 -0.00450991 -0.00503599 -0.00135449 -0.00467931 0.00200308 -0.0053054 0.00226943 -0.00276785 0.00285403 0.00596698 -0.000253405 -0.00165076 -3.15827e-05 0.00494279 0.00316343 0.00550208 0.00257038 0.000948759 0.00375088 0.00515214
internal_weight=3421.57 2031.26 1390.31 1240.41 941.824 778.323 790.849 448.489 434.776 332.49 507.048 434.269 72.7785 36.6975 36.081 418.709 262.431 27.0725 235.358 725.926 515.892 314.671 497.284 358.907 462.087 92.9662 369.121 155.94 213.181 350.306
internal_count=15763 9128 6635 5148 4155 3164 3980 2480 1825 1388 2330 1999 331 167 164 1929 1076 109 967 3602 2088 1316 2012 1739 1984 400 1584 664 920 1701
is_linear=0
shrinkage=0.01


Tree=104
num_leaves=31
num_cat=0
split_feature=0 4 2 0 0 13 1 25 6 10 13 23 26 25 9 6 21 10 0 8 21 18 16 16 23 10 0 29 17 23
split_gain=569.036 120.83 61.4822 20.6027 11.3608 11.049 9.24652 9.52431 9.13524 8.15382 7.76162 7.34417 6.7584 10.0433 6.4272 7.19853 5.75293 7.38604 14.5571 10.2182 7.13663 7.42947 5.64613 7.24499 8.35018 5.45719 6.33353 6.43063 5.2107 5.04524
threshold=0.12517364975339984 -0.76264577346077045 1.1135961122668883 -0.25538312153693771 0.68020418326113929 -1.2401268835255583 0.77847929994872722 -1.1500209059430899 1.971175875600846 -1.1519775717562657 -0.7437741998042614 2.0342824139664999 0.38555499175774294 -1.6908094451553437 1.0278431420327223 -0.8722031530383797 0.040303732654953885 -0.9340804735027981 -0.072178237101254206 -1.4176703428481281 0.11425807824543414 1.975189156330466 -2.2756001308307927 -0.33235682965025121 0.55892707099278505 -0.16177704083546354 -1.3968373785588175 0.33936227165343685 -0.93584855584231541 -0.22347940704031014
decision_type=2 2 2 2 2 2 2 2 2 2 2 2 2 2 2 2 2 2 2 2 2 2 2 2 2 2 2 2 2 2
left_child=1 5 4 6 22 25 12 29 -4 -7 -9 -6 13 -3 15 -11 17 18 -5 -19 -18 -22 -2 -24 -25 -1 -27 -28 -14 -8
right_child=2 3 8 16 11 9 7 10 -10 14 -12 -13 28 -15 -16 -17 20 19 -20 -21 21 -23 23 24 -26 26 27 -29 -30 -31
leaf_value=0.0097486447307087096 -0.012865460448251931 0.013712560357367844 -0.0074923877205202039 -0.0091024164626278218 -0.0053857389340269887 0.01044106825231276 -0.013187012381213002 -0.0081886484233260025 -0.010953696591260213 0.0058325939239373308 0.0017740975942402686 0.0027270432940191716 0.0045197842846370637 0.003393400967783422 -0.0025206558759627868 0.0031488587552903798 -0.0076079616724539865 0.0098526753983038135 0.0022290728623451136 0.0009072713509271624 -0.00066000320365475315 -0.013002860462453976 -0.00097134698967440438 -0.002520259958464487 -0.0062374151154660634 0.011625499638770465 0.0031477910516024003 0.0088640755693056485 0.00062588279277051874 -0.0027312891752781223
leaf_weight=101.05482377111912 5.3690472096204749 9.6704479455947858 345.56281839311123 20.82552795112133 321.40285551548004 30.896021291613579 6.6248781234025982 8.2285402715206128 100.96986529231071 488.42070029675961 122.35854151844978 11.335671469569204 43.298140823841095 361.14754414558411 10.527861118316649 128.49260023236275 17.016279250383377 13.512154549360273 24.45440237224102 216.71002958714962 240.14486552774906 4.8908100277185431 177.67651084065437 230.38964252173901 82.90888212621212 19.48330594599247 55.108514830470085 31.468958750367165 169.75876407325268 16.107560828328133
leaf_count=568 24 42 1870 84 1539 157 27 34 610 2384 506 52 184 1526 43 603 69 55 99 874 969 20 743 977 364 115 280 167 712 66
internal_value=0 0.00315111 -0.00528642 0.00119215 -0.00367234 0.00603488 0.00227779 8.54215e-05 -0.00827957 0.00539475 0.00113289 -0.00510561 0.00285166 0.00366883 0.00514305 0.00527584 -0.000294976 0.000711469 -0.00296914 0.00144068 -0.00135676 -0.000915645 -0.00270866 -0.00259296 -0.00350881 0.00806118 0.00643628 0.0052449 0.00142366 -0.00586659
internal_weight=3415.82 2140.2 1275.62 1274.75 829.083 865.453 737.194 153.32 446.533 658.337 130.587 332.739 583.875 370.818 627.441 616.913 537.554 275.502 45.2799 230.222 262.052 245.036 496.344 490.975 313.299 207.116 106.061 86.5775 213.057 22.7324
internal_count=15763 9584 6179 5267 3699 4317 3097 633 2480 3187 540 1591 2464 1568 3030 2987 2170 1112 183 929 1058 989 2108 2084 1341 1130 562 447 896 93
is_linear=0
shrinkage=0.01


Tree=105
num_leaves=31
num_cat=0
split_feature=0 14 2 0 13 0 7 13 0 27 17 13 10 28 21 10 0 8 21 18 20 21 18 16 16 7 11 10 0 27
split_gain=558.832 119.112 60.8958 16.3233 13.4957 11.1974 10.2316 12.1005 8.61532 7.68714 6.52944 5.99514 9.9793 6.40344 5.64008 7.24018 14.2792 10.0253 6.99788 7.29974 5.61646 6.60745 6.72935 5.56888 7.11433 7.53026 5.43621 5.42223 6.29656 6.13931
threshold=0.12517364975339984 -0.69888820447341071 1.1135961122668883 -0.25538312153693771 -1.2401268835255583 0.68020418326113929 0.79904954882914847 -0.7437741998042614 1.5741023380619106 0.65049829190295805 -1.5975410726530277 -0.77168005038522469 -1.2207429047471228 -1.4923029842326445 0.040303732654953885 -0.9340804735027981 -0.072178237101254206 -1.4176703428481281 0.11425807824543414 1.975189156330466 0.5749258056386638 2.2754165583906034 -0.17198893352721281 -2.2756001308307927 -0.33235682965025121 -0.64795993314319456 -0.37681748152244204 -0.16177704083546354 -1.3968373785588175 0.31409770451902147
decision_type=2 2 2 2 2 2 2 2 2 2 2 2 2 2 2 2 2 2 2 2 2 2 2 2 2 2 2 2 2 2
left_child=1 4 5 6 27 23 7 -3 -4 -9 -6 12 -12 -13 15 16 -5 -17 26 -20 21 22 -7 -2 -25 -26 -16 -1 -29 -30
right_child=2 3 8 14 10 20 -8 9 -10 -11 11 13 -14 -15 18 17 -18 -19 19 -21 -22 -23 -24 24 25 -27 -28 28 29 -31
leaf_value=0.009702092479785783 -0.012791613900885433 -0.0043460216386264202 -0.0069411687323846427 -0.009017560583599973 0.0089844452516715852 -0.0061746776868602813 -0.0010183972298426316 0.0021362133771854765 -0.0097736489370314882 0.0048303503841309135 0.012508523607297053 0.013041703605474818 0.0050356214886894879 0.0020673572796714094 0.0011237710568631333 0.0097618943978353863 0.0022064744015512913 0.00089819970804912315 -0.00065342054447544513 -0.012899124198084061 -0.0068537424536749695 0.0071283335447299579 -0.0025766837436508516 -0.0009618220153161175 -0.0068930876732387963 -0.002762138600312622 -0.011128003517084015 0.011586237781066497 0.0031722709707799057 0.0087814260522160615
leaf_weight=100.52743420004845 5.3467317372560492 23.876360669732094 242.48251894116402 20.81228993833065 41.804919391870499 104.70945325493813 91.415698155760765 375.4219261854887 202.10241866111755 149.19200669229031 18.584084928035736 5.5697002857923499 587.40551367402077 100.39398351311684 4.9276764690876034 13.502411663532255 24.458813488483429 216.71077361702919 240.13952320814133 4.8816909343004218 116.05891864001751 4.9681909531354895 106.31694234907627 177.6428496837616 53.771106407046318 259.24432516098022 12.083277985453604 19.354818761348724 55.347683787345886 31.011425852775574
leaf_count=568 24 99 1260 84 206 497 374 1568 1220 631 95 25 2837 449 20 55 99 874 969 20 565 23 506 743 232 1109 49 115 282 165
internal_value=0 0.00312374 -0.00524594 0.000990978 0.00573811 -0.00364022 0.00207018 0.00258686 -0.00823293 0.00290506 0.00511284 0.00488287 0.00526847 0.00266538 -0.00029208 0.00070445 -0.00293996 0.00142643 -0.00134345 -0.000906641 -0.00506502 -0.00409654 -0.00436879 -0.00268353 -0.00256876 -0.00347694 -0.00753468 0.00801489 0.00639335 0.0052059
internal_weight=3410.07 2137.42 1272.64 1177.42 960 828.059 639.906 548.49 444.585 524.614 753.758 711.953 605.99 105.964 537.516 275.484 45.2711 230.213 262.032 245.021 332.054 215.995 211.026 496.005 490.658 313.015 17.011 206.241 105.714 86.3591
internal_count=15763 9584 6179 4842 4742 3699 2672 2298 2480 2199 3612 3406 2932 474 2170 1112 183 929 1058 989 1591 1026 1003 2108 2084 1341 69 1130 562 447
is_linear=0
shrinkage=0.01


Tree=106
num_leaves=31
num_cat=0
split_feature=0 14 2 0 0 0 6 19 18 23 23 6 29 23 26 7 26 15 24 19 24 24 23 16 1 1 16 26 1 29
split_gain=548.813 117.331 60.3184 20.5298 11.0376 10.5726 9.14543 9.02592 8.11375 7.22041 6.46639 10.2573 8.47569 6.42849 10.6257 8.87792 7.70901 6.9428 6.76647 6.07001 5.57507 5.50012 5.80692 7.07716 5.03835 6.34024 5.42915 4.69118 4.53671 4.49935
threshold=0.12517364975339984 -0.76187019327678085 1.1135961122668883 -0.28322645968490062 0.68020418326113929 -1.4207684488009822 1.971175875600846 0.33704073096706694 0.74415044504447647 2.0342824139664999 0.34363029777314946 -0.97897869852610164 0.79299443555020033 -1.3064306319267371 -0.11602317030329569 0.79904954882914847 1.0702126795841183 -0.66844100529049344 1.4169919414788563 -0.10926882748192704 1.1960753875103241 -1.7971907809226197 0.96821649880869642 -0.46503531256405534 0.7922085987904981 0.43649115172467001 1.6075364430635823 -0.56088414643730822 0.57146773927095296 -0.8015890296468946
decision_type=2 2 2 2 2 2 2 2 2 2 2 2 2 2 2 2 2 2 2 2 2 2 2 2 2 2 2 2 2 2
left_child=1 5 4 13 21 -1 -4 29 24 -6 11 -9 -12 14 -3 17 -16 -15 -17 27 -21 -2 28 -24 25 -5 -26 -10 -23 -7
right_child=2 3 6 8 9 7 -8 10 19 -11 12 -13 -14 15 16 18 -18 -19 -20 20 -22 22 23 -25 26 -27 -28 -29 -30 -31
leaf_value=0.010366129820810109 -0.0082911047955673747 0.011094188005264335 -0.0073974882933335777 0.00057528817116182026 -0.0053036799011149773 0.0082435239295211345 -0.010879260865552704 0.007226686012040357 -0.0021048546996864656 0.0027430054390632122 0.00070593967328087901 0.0024554819008745692 0.0070108770054303502 0.0009070581055285634 -0.00094205941996652887 5.743195275475706e-05 0.011264348115057894 0.0033018052992110892 -0.0093257697512499158 -0.0025106102696786977 0.0040487501971973264 -0.0012595505865384915 -0.0010467853074345738 -0.0072465775927493693 0.0062231709117125267 -0.0032846347331756103 -0.002757635450270737 -0.014722200240735245 -0.0036003341684414441 0.0059841907788234922
leaf_weight=52.580989941954613 16.813297376036644 21.588950350880623 342.87090758979321 370.40383976697922 320.0416768938303 122.24287281930447 99.763260081410408 121.51085779070854 5.6661710441112518 11.329092875123022 80.951431855559349 73.025801241397858 29.079495176672935 178.2597643584013 22.634538695216182 83.930448666214943 6.5613970756530753 386.64527377486229 8.3379533588886243 102.32717105746269 14.640542671084402 280.29530598223209 29.944038346409798 49.645590394735336 27.309549421072006 47.954422131180763 8.6827576011419279 6.653274863958357 118.97878855466843 363.68292275071144
leaf_count=315 72 92 1870 1495 1539 627 610 596 23 52 388 344 140 749 95 346 28 1638 34 414 59 1180 127 220 110 193 35 27 509 1836
internal_value=0 0.00309659 -0.00520578 0.00120132 -0.00360835 0.00599849 -0.00818677 0.00570543 -0.000185655 -0.00502481 0.00434307 0.00544298 0.00238617 0.00234602 0.00578247 0.00207809 0.00179612 0.00254819 -0.000788845 -0.00239617 -0.00167829 -0.00265857 -0.00245703 -0.00493082 0.000441544 0.000129775 0.0040273 -0.00906321 -0.00196031 0.0065562
internal_weight=3404.35 2134.67 1269.68 1291.6 827.048 843.074 442.634 790.493 583.638 331.371 304.568 194.537 110.031 707.958 50.7849 657.173 29.1959 564.905 92.2684 129.287 116.968 495.677 478.864 79.5896 454.351 418.358 35.9923 12.3194 399.274 485.926
internal_count=15763 9584 6179 5338 3699 4246 2480 3931 2356 1591 1468 940 528 2982 215 2767 123 2387 380 523 473 2108 2036 347 1833 1688 145 50 1689 2463
is_linear=0
shrinkage=0.01


Tree=107
num_leaves=31
num_cat=0
split_feature=2 0 2 2 0 17 0 0 10 29 29 23 17 18 18 15 15 10 28 3 10 27 23 14 20 20 9 2 20 23
split_gain=539.017 103.14 71.34 19.563 15.17 10.6695 9.23788 8.63373 7.48844 9.67775 8.66409 7.0997 7.07613 6.88504 6.70895 6.54801 6.88768 12.0863 6.1615 5.7924 5.71372 9.34516 5.48907 6.73003 5.30175 5.12934 4.7489 4.66745 4.50071 6.69516
threshold=0.025465501473428801 -0.83221870665800235 1.1135961122668883 -0.48581699954084218 0.68020418326113929 -0.44038207104179689 -1.4207684488009822 1.5741023380619106 0.80067309485206228 1.2642059989231307 0.56268109133605837 2.0342824139664999 1.1371906932354501 2.0541403363358097 1.5520742114146362 -1.2182133671449693 -0.66844100529049344 0.10920405852882169 -1.2237051255900553 -1.712625837704745 1.160285522003853 0.56139823777241915 0.91935950672070799 0.055699819783873027 0.9454742960657575 0.22099346782610457 -1.1479101179485405 1.1543551299343882 0.5749258056386638 -1.5922105829802702
decision_type=2 2 2 2 2 2 2 2 2 2 2 2 2 2 2 2 2 2 2 2 2 2 2 2 2 2 2 2 2 2
left_child=1 6 4 15 12 8 -1 27 9 -5 -10 28 22 14 -7 25 17 -17 -18 -8 -14 -22 26 -24 -15 -3 -2 -4 29 -6
right_child=2 3 7 5 11 13 19 -9 10 -11 -12 -13 20 24 -16 16 18 -19 -20 -21 21 -23 23 -25 -26 -27 -28 -29 -30 -31
leaf_value=0.010324548205846105 -0.0039895464433725358 0.013499635529892315 -0.011070949081038527 0.0021027774809514919 0.0021205530460117407 -0.00034823871440784604 0.0099042648067783918 -0.0096926128347631733 0.0012495099933248291 0.0084638459487142662 -0.0094284855844245993 0.0027131986842467517 -0.0065814602476475161 -0.014113734386059076 0.0048580076855762435 -0.0012142761907663218 0.0075849764163813194 0.0051839029706007289 0.0031709677943536027 0.0057129510821029754 -0.0060324899722695472 0.011651967449407583 0.0033345974769938853 -0.0051094667082766032 -0.0013052520521253611 0.0020028247974698122 -0.0010263377690858662 -0.0063622711054004159 -0.0068944458141361265 -0.0048660975503071009
leaf_weight=52.266809746623039 63.438038364052773 10.559635952115061 24.237189412117004 199.88915237784386 14.503842294216154 476.30556957423687 35.581189692020416 199.89321734011173 24.003957241773605 27.275933131575584 10.927249088883398 11.340059861540793 58.858818560838699 6.1251931190490705 26.001873329281807 87.494093030691147 35.643846824765205 44.336519062519073 311.36252145469189 658.79176686704159 7.5026466250419599 4.8087481409311295 10.447950914502142 81.961802959442139 7.1658648252487183 6.5166068077087393 380.02942387759686 216.57329200208187 112.08371314406395 192.76439499855042
leaf_count=315 267 46 124 822 66 1929 183 1220 97 113 44 52 256 25 105 374 155 190 1353 3320 33 20 43 354 29 28 1591 1136 549 924
internal_value=0 0.00328959 -0.00482089 0.00155832 -0.00325896 0.000566913 0.00624083 -0.00814065 0.00220974 0.00287435 -0.00207964 -0.00498481 -0.00231649 -0.000266521 -7.58344e-05 0.0031106 0.0028892 0.000932241 0.0036293 0.00593056 -0.00528554 0.000832597 -0.00191939 -0.00414139 -0.00734404 0.00920767 -0.00145328 -0.00684474 -0.00526205 -0.00437159
internal_weight=3398.69 2020.25 1378.44 1273.61 937.739 777.695 746.64 440.704 262.096 227.165 34.9312 330.692 607.047 515.599 502.307 495.913 478.837 131.831 347.006 694.373 71.1702 12.3114 535.877 92.4098 13.2911 17.0762 443.467 240.81 319.352 207.268
internal_count=15763 9128 6635 5310 4155 3164 3818 2480 1076 935 141 1591 2564 2088 2034 2146 2072 564 1508 3503 309 53 2255 397 54 74 1858 1260 1539 990
is_linear=0
shrinkage=0.01


Tree=108
num_leaves=31
num_cat=0
split_feature=2 2 2 14 6 18 8 2 7 6 11 6 24 9 28 23 14 23 5 28 9 13 28 28 17 18 23 23 11 9
split_gain=529.283 101.228 70.6173 17.7426 13.1296 10.5056 10.6502 9.43432 9.38744 9.15614 8.24833 8.48306 8.2088 8.1695 8.02474 8.97851 7.7991 7.7668 7.14797 6.97179 6.33746 6.1907 6.03008 6.59442 5.91877 7.65712 5.832 5.71535 6.29626 5.53974
threshold=0.025465501473428801 -0.80812220286286884 1.1135961122668883 -0.45863302340718576 0.4631431373058536 -0.92863435351327428 -1.4982913218201239 -1.3981333279770796 -1.3833248812166004 1.971175875600846 0.78016475598883905 -0.13206765993984285 1.1244693938908663 1.1655224804483248 0.78325642489928904 -0.99008265622573199 0.86242861462007114 2.0342824139664999 -0.011776971277908988 -1.8522961559545836 0.11785923983845309 -0.84621555852705144 -0.030814925821800506 0.086193317964594493 0.54136057397057435 1.3427555204356627 -0.65530580623113932 -1.2118096879486642 1.3886963324981236 -1.314600986639533
decision_type=2 2 2 2 2 2 2 2 2 2 2 2 2 2 2 2 2 2 2 2 2 2 2 2 2 2 2 2 2 2
left_child=1 7 4 19 10 22 29 -1 -8 -4 11 -2 13 17 16 -16 -14 -6 -9 -3 -13 26 -5 -24 -21 -26 -20 -12 -29 -7
right_child=2 3 9 5 12 6 8 18 -10 -11 27 20 14 -15 15 -17 -18 -19 21 24 -22 -23 23 -25 25 -27 -28 28 -30 -31
leaf_value=0.009815650630234431 0.0054998185007753596 0.011022404548441648 -0.0073036058476270635 0.0053063100128388704 -0.0046315445367696708 -0.0010918586146564781 -0.0068197794200696793 0.0067495721718468741 -4.1487847257918945e-05 -0.010806112656507154 0.0033084017821733919 0.00010331032034995338 0.0056553399275247676 -0.0087324773406907003 0.0048436199002792829 -0.0071172427892585493 -0.0039914711347529327 0.0029893443136788846 0.0070386591859283934 0.0034912146923681536 -0.0027693005658997443 -0.003564754082592702 -0.0082231809444667722 0.0020420431213329076 -0.00030716913466986693 0.0049094891247821026 0.0041189273907481297 -0.007304024087119978 -0.0019654899039385871 0.01075870779449067
leaf_weight=63.126941427588463 17.818759828805923 10.462576001882551 340.20537041127682 62.751876130700111 368.34188090264797 5.3377559036016491 21.103681370615959 361.64162375032902 570.82965421676636 98.567925289273262 8.4979582428932172 131.32734897732735 22.929243728518486 48.708799779415131 7.8555770963430396 28.561368316411972 12.973613575100897 13.650433361530302 96.921735212206841 340.28291128575802 182.66037251055241 8.5691622197628003 6.8299307376146308 62.557010293006897 106.31142774224281 38.014766216278076 249.39726735651493 55.612230241298676 37.774773493409157 13.425314947962759
leaf_count=378 72 45 1870 262 1696 22 86 1863 2310 610 36 541 101 242 35 132 63 61 478 1472 775 38 28 258 448 161 1223 238 163 56
internal_value=0 0.00326112 -0.0047831 0.0014822 -0.00322998 0.000503086 -4.8647e-05 0.00608379 -0.000285949 -0.00809499 -0.00195004 -0.00118103 -0.00433091 -0.00485508 -0.00119306 -0.00450356 0.00214025 -0.00435589 0.00575229 0.0029489 -0.00156498 0.0047316 0.00305866 0.00100684 0.0027703 0.0010624 0.00494073 -0.00444105 -0.00515971 0.00734651
internal_weight=3393.05 2017.56 1375.49 1237.91 936.712 742.835 610.696 779.657 591.933 438.773 433.691 331.806 503.021 430.701 72.3198 36.4169 35.9029 381.992 716.53 495.072 313.988 354.888 132.139 69.3869 484.609 144.326 346.319 101.885 93.387 18.7631
internal_count=15763 9128 6635 5148 4155 3022 2474 3980 2396 2480 1825 1388 2330 1999 331 167 164 1757 3602 2126 1316 1739 548 286 2081 609 1701 437 401 78
is_linear=0
shrinkage=0.01


Tree=109
num_leaves=31
num_cat=0
split_feature=2 2 2 14 6 18 8 2 7 6 11 6 24 23 28 23 14 5 28 15 22 8 10 13 28 28 21 5 23 21
split_gain=519.718 99.7581 69.8961 17.4127 12.9208 10.3033 10.453 9.38333 9.19925 9.14029 8.09975 8.31402 8.07374 7.96804 7.87492 8.82306 7.63774 7.06981 6.86367 6.42391 6.74088 6.23018 6.191 6.08448 5.9209 6.46091 5.84965 5.81199 5.61184 6.2697
threshold=0.025465501473428801 -0.80812220286286884 1.1135961122668883 -0.45863302340718576 0.4631431373058536 -0.92863435351327428 -1.4982913218201239 -1.3981333279770796 -1.3833248812166004 1.971175875600846 0.78016475598883905 -0.13206765993984285 1.1244693938908663 2.0342824139664999 0.78325642489928904 -0.99008265622573199 0.86242861462007114 -0.011776971277908988 -1.8522961559545836 -1.2182133671449693 0.83272968524399005 -0.8137180593904273 -1.2929975911571738 -0.84621555852705144 -0.030814925821800506 0.086193317964594493 2.0786526298039703 0.050635849568687462 -1.2118096879486642 0.20399236160784037
decision_type=2 2 2 2 2 2 2 2 2 2 2 2 2 2 2 2 2 2 2 2 2 2 2 2 2 2 2 2 2 2
left_child=1 7 4 18 10 24 22 -1 -8 -4 11 -2 13 27 16 -16 -14 -9 -3 -20 -21 -13 -7 26 -5 -26 -19 -6 -12 -30
right_child=2 3 9 5 12 6 8 17 -10 -11 28 21 14 -15 15 -17 -18 23 19 20 -22 -23 -24 -25 25 -27 -28 -29 29 -31
leaf_value=0.0097730233200782855 0.0054427260530679001 0.010943933844578547 -0.0072580399206015247 0.0052585425597924907 -0.0040541511508389565 -0.0019131057907876426 -0.0067503621962746339 0.0067034916746751931 -4.1072974130690049e-05 -0.010767495625111971 0.0032733934160944756 0.0013922074346715701 0.0055900658993251343 0.0021555597931844947 0.0047887186368825285 -0.0070640212629857679 -0.0039584457963236569 0.005138812679099782 0.0089086648939454092 0.0018896520540296444 0.0048181390523200458 -0.0022230580426065606 0.010794374019961221 -0.0035262480568583705 -0.0081338965371301804 0.0020222609632645902 -0.0021878878615602536 -0.006477974561710521 -0.0073798161453638312 -0.0020980093193541413
leaf_weight=62.770488247275352 17.82662507891655 10.433084443211554 338.92483466863632 62.689902424812317 239.70963525772095 5.1100264787673977 21.108497396111488 360.49277533590794 570.83062352240086 97.93574820458889 8.5039927363395673 58.152417078614235 22.965995520353317 15.551238521933554 7.8672697693109503 28.489901810884476 12.951976791024206 334.57087929546833 16.376400873064995 366.88595283031464 101.0003909021616 255.72724927961826 13.625701412558554 8.5771599560976011 6.8369150757789603 62.538337796926498 11.016665846109388 174.67704695463181 53.000509664416313 40.268442377448082
leaf_count=378 72 45 1870 262 1093 21 86 1863 2310 610 36 238 101 70 35 132 63 1647 71 1576 434 1078 57 38 28 258 54 836 229 172
internal_value=0 0.00323292 -0.0047455 0.00146796 -0.00320121 0.0004981 -4.81713e-05 0.00604037 -0.000283114 -0.00804937 -0.00193148 -0.00116951 -0.00429457 -0.00481513 -0.00118178 -0.0044657 0.00211769 0.0057098 0.00292171 0.00274458 0.00252484 -0.00154984 0.00728366 0.00469392 0.00302977 0.000996713 0.00490179 -0.0050796 -0.00440157 -0.00511482
internal_weight=3387.42 2014.86 1372.55 1237.44 935.692 742.74 610.675 777.428 591.939 436.861 433.479 331.706 502.213 429.938 72.2751 36.3572 35.918 714.657 494.696 484.263 467.886 313.88 18.7357 354.165 132.065 69.3753 345.588 414.387 101.773 93.269
internal_count=15763 9128 6635 5148 4155 3022 2474 3980 2396 2480 1825 1388 2330 1999 331 167 164 3602 2126 2081 2010 1316 78 1739 548 286 1701 1929 437 401
is_linear=0
shrinkage=0.01


Tree=110
num_leaves=31
num_cat=0
split_feature=0 4 2 0 0 0 6 3 6 21 25 9 26 23 10 6 21 10 0 8 21 18 16 16 23 11 23 27 2 6
split_gain=510.701 110.563 57.9925 18.577 10.5884 10.4724 9.12449 8.53472 7.825 8.99408 7.82741 7.45914 7.52829 6.82251 6.42499 9.35137 5.54141 6.9719 14.0723 9.62294 6.85924 7.08197 5.53179 6.84932 8.04691 5.2745 5.07488 4.87723 4.61869 6.63297
threshold=0.12517364975339984 -0.76264577346077045 1.1135961122668883 -0.25538312153693771 -1.4207684488009822 0.68020418326113929 1.971175875600846 -0.84278581836037514 -0.18539971632774194 -0.30854735705936698 0.64988355667621656 0.90273223168180416 -0.18982884958079277 2.0342824139664999 -1.1519775717562657 -0.8722031530383797 0.040303732654953885 -0.9340804735027981 -0.072178237101254206 -1.4176703428481281 0.11425807824543414 1.975189156330466 -2.2756001308307927 -0.33235682965025121 0.55892707099278505 -0.37681748152244204 0.95350636736106964 0.93271245776693523 -0.66999395934175077 -0.46674068279163156
decision_type=2 2 2 2 2 2 2 2 2 2 2 2 2 2 2 2 2 2 2 2 2 2 2 2 2 2 2 2 2 2
left_child=1 4 5 7 -1 22 -4 28 10 -10 -9 14 -13 -7 -6 -16 17 18 -5 -19 25 -22 -2 27 -25 -18 -14 -24 -3 -30
right_child=2 3 6 16 11 13 -8 8 9 -11 -12 12 26 -15 15 -17 20 19 -20 -21 21 -23 23 24 -26 -27 -28 -29 29 -31
leaf_value=0.010205370069056417 -0.012669132168584271 0.0072435513901924712 -0.0072127263597782966 -0.008916693753940089 0.010216103974729582 -0.0051456534486005821 -0.01072917054166048 0.0011287951283912064 0.0028166913865355333 -0.006688672959701018 0.0039213987923722498 -0.0084260598991076126 0.0082158817169179933 0.0026671535610964126 0.0059787556028100663 0.0029788405598754541 0.001063483576201868 0.0095854498610629044 0.0022308868424679713 0.0008906475564825502 -0.00064955873533831189 -0.012731548487008615 -0.0017125445388407692 -0.0023684193336316402 -0.0060295138072185093 -0.011007372904117567 -0.0035003588622422518 0.0023901044435291835 -1.0939489322319964e-05 0.0046592979111791076
leaf_weight=51.361616462469101 5.3072060346603385 36.701721325516701 337.65060947835445 20.787023022770882 30.264159098267555 317.36423051357269 97.306242272257805 378.38996711373329 16.974613055586815 23.477680221199989 137.46578980982304 7.3309331089258221 9.7026110887527448 11.355313792824743 620.32200422883034 126.95455724000931 4.9240919500589397 13.467984855175017 24.44477878510952 216.62803487479687 240.06080459058285 4.8649102151393881 141.07712665200233 229.49176736176014 82.26134692132473 12.066059187054632 5.7200824767351142 36.203130304813385 43.348360434174538 98.541619509458542
leaf_count=315 24 165 1870 84 157 1539 610 1578 69 95 581 31 43 52 3145 602 20 55 99 874 969 20 593 977 364 49 24 150 187 422
internal_value=0 0.00299089 -0.00504888 0.00112289 0.00577955 -0.00348521 -0.00800399 0.00215616 0.00154217 -0.00267826 0.00187553 0.00549302 -0.00010715 -0.004872 0.00565818 0.00547091 -0.000288802 0.000699265 -0.00287848 0.00140786 -0.00133115 -0.00089872 -0.00256022 -0.0024459 -0.00333929 -0.00746473 0.0038115 -0.000868213 0.00406119 0.00322646
internal_weight=3381.82 2123.8 1258.02 1272.14 851.656 823.06 434.957 734.9 556.308 40.4523 515.856 800.294 22.7536 328.72 777.541 747.277 537.244 275.328 45.2318 230.096 261.916 244.926 494.341 489.033 311.753 16.9902 15.4227 177.28 178.592 141.89
internal_count=15763 9584 6179 5267 4317 3699 2480 3097 2323 164 2159 4002 98 1591 3904 3747 2170 1112 183 929 1058 989 2108 2084 1341 69 67 743 774 609
is_linear=0
shrinkage=0.01


Tree=111
num_leaves=31
num_cat=0
split_feature=2 2 2 2 2 17 2 16 16 8 2 24 17 3 10 13 13 10 9 11 28 22 21 11 11 26 24 28 29 19
split_gain=501.357 96.8064 68.4206 16.825 12.4659 10.1724 9.29162 8.50364 7.6739 9.62572 7.33408 7.2846 6.89818 6.82934 6.63779 6.59071 8.4228 6.5702 6.41727 6.46382 6.31208 6.1601 12.2726 6.76174 12.1331 7.26908 5.22048 5.21798 5.98847 5.21793
threshold=0.025465501473428801 -0.80812220286286884 1.1135961122668883 -0.48581699954084218 0.53970150539689477 -0.44038207104179689 -1.3981333279770796 -1.3394885671042311 -0.19478072441095912 -0.69747179761806666 1.6150745306084422 -0.23845514303266427 1.1719536210089916 -1.4464566791574238 0.9027439690920438 0.33478195063611038 0.1818839961194236 0.86984050714047112 1.0278431420327223 -0.79475785300054991 0.07625307544714717 0.83272968524399005 -0.055387525311679141 0.17735893278695705 0.91111558431207662 -0.56088414643730822 -0.78809642732359453 -1.6626545602677643 1.7206859166646196 0.43317101295387267
decision_type=2 2 2 2 2 2 2 2 2 2 2 2 2 2 2 2 2 2 2 2 2 2 2 2 2 2 2 2 2 2
left_child=1 6 4 21 12 8 -1 11 9 -5 29 -7 27 -8 17 16 -14 -6 19 -15 -9 23 -23 25 -25 -3 -10 -2 -29 -4
right_child=2 3 10 5 14 7 13 20 26 -11 -12 -13 15 18 -16 -17 -18 -19 -20 -21 -22 22 -24 24 -26 -27 -28 28 -30 -31
leaf_value=0.0096900863216429853 -0.0063763855097558617 0.0066654778912741963 -0.0058221647660331227 0.0035714263740954117 -0.0037671598660911358 -0.00064889381880524246 0.0090047503867553245 -0.0015462488197937696 0.00024202393363032784 -0.0011100750919455457 -0.0095301570206204732 0.012222045833441962 -0.0067834249005529939 0.00017662665874780697 -0.0063593951319489764 -0.0095067157909114759 0.0033685745289043123 0.0085769551477002902 -0.0048939701830915663 0.0056198313729059948 0.00071173370062831837 -0.0023716691679561493 0.0070047096094120256 -0.00091757905448731924 0.0053665543598828882 0.002423005344927984 0.0060592981671325329 -0.0015677799833027912 0.0054298591457596114 -0.0089237103054919161
leaf_weight=62.07135409116745 21.816276475787163 55.152262806892395 170.83353267610073 78.635837987065315 318.72156918048859 7.6275851577520397 56.065386638045311 270.65806084871292 20.862984731793404 98.798586830496788 178.70502918958664 9.8210349678993207 19.060944631695747 23.004335775971413 121.89250087738037 22.710310310125351 14.023581117391585 4.2310965508222571 5.9042361676692954 625.95332683622837 227.33489584922791 16.893001094460487 75.398423120379448 113.24785220623016 41.978007420897484 156.59748063981533 63.449276715517044 398.75199756026268 12.461632058024405 83.523630201816559
leaf_count=378 92 240 909 328 1503 31 293 1096 86 402 1116 40 81 117 585 101 59 20 24 3168 921 73 327 483 181 680 260 1663 51 455
internal_value=0 0.00317808 -0.00467232 0.00144136 -0.00314618 0.000542922 0.00595424 -0.000270677 0.0021484 0.000959895 -0.00795886 0.00656695 -0.00203938 0.00562533 -0.00435942 -0.00535383 -0.00245297 -0.00359974 0.00533315 0.00542848 -0.000513531 0.0029591 0.00527693 0.00237218 0.000777773 0.00353534 0.00463366 -0.00160887 -0.00135202 -0.00684766
internal_weight=3376.19 2009.45 1366.73 1236.46 933.67 777.188 772.999 515.442 261.747 177.434 433.062 17.4486 488.825 710.927 444.845 55.7948 33.0845 322.953 654.862 648.958 497.993 459.267 92.2914 366.976 155.226 211.75 84.3123 433.03 411.214 254.357
internal_count=15763 9128 6635 5148 4155 3164 3980 2088 1076 730 2480 71 2047 3602 2108 241 140 1523 3309 3285 2017 1984 400 1584 664 920 346 1806 1714 1364
is_linear=0
shrinkage=0.01


Tree=112
num_leaves=31
num_cat=0
split_feature=0 4 0 0 0 13 3 10 6 25 17 26 27 29 3 26 25 9 6 6 16 16 23 10 0 29 23 10 18 23
split_gain=492.711 107.264 56.4293 17.9285 14.7633 10.7217 8.29324 8.00639 7.61961 7.68136 7.25584 6.34739 8.02922 9.50254 6.96563 6.57919 9.1192 6.04603 6.84449 5.50604 5.46567 6.70527 7.90626 5.43274 6.2246 6.4163 5.40769 7.3319 7.3294 7.24337
threshold=0.12517364975339984 -0.76264577346077045 1.2912659232832424 -0.25538312153693771 0.68020418326113929 -1.2401268835255583 -0.84278581836037514 -1.1519775717562657 -0.18539971632774194 0.64988355667621656 -0.44038207104179689 -1.0884311379371072 1.1070267887185234 1.4068265479878719 0.27765075481330892 -0.24257526987628802 1.4101514341838222 1.0278431420327223 -0.8722031530383797 1.971175875600846 -2.2756001308307927 -0.33235682965025121 0.55892707099278505 -0.16177704083546354 -1.3968373785588175 0.33936227165343685 -0.71839333663030347 -1.1984955019675674 0.74415044504447647 -0.1435967386805608
decision_type=2 2 2 2 2 2 2 2 2 2 2 2 2 2 2 2 2 2 2 2 2 2 2 2 2 2 2 2 2 2
left_child=1 5 4 6 20 23 -3 -7 9 -8 -10 12 14 -14 -6 -13 -17 18 -9 -4 -2 -22 -23 -1 -25 -26 27 -5 -28 -30
right_child=2 3 19 26 11 7 8 17 10 -11 -12 15 13 -15 -16 16 -18 -19 -20 -21 21 22 -24 24 25 -27 28 -29 29 -31
leaf_value=0.0094424534654804788 -0.012585678777965662 0.0039975701615348209 -0.0076764723401740688 -0.0043465017675457275 -0.0068199342018445078 0.010133688614391916 0.0011017413097781611 0.005493297620526332 0.0055719062839767707 0.003869749160972076 -0.004821646887795226 -0.0074834071276555329 0.012044607783747751 -0.0056113585715642997 0.00085420347392814737 -0.0049938925257031501 0.0049278449266517395 -0.0026241851174550364 0.0028579880199142206 -0.010596718858161231 -0.00083750477736213428 -0.002321380833898191 -0.005954775024299884 0.011362101478432864 0.0027991060745423501 0.0085728235463375258 -9.997336618057535e-05 0.0025960397260996562 -0.007549594635460441 -0.0014677463870581026
leaf_weight=97.492348179221153 5.2800961136817923 178.23331244289875 238.13793839514256 17.651847541332245 30.701456725597382 30.03100548684597 378.15970893204212 478.95994240045547 8.3163410276174528 137.28125919401646 32.139747351408005 121.17557711899281 7.5674299299716932 4.8934615403413773 18.821749955415726 233.9526174813509 9.4673620313405973 10.511140927672384 126.80846659839153 93.907627403736115 177.14956165850163 229.20229817926884 82.023903071880341 18.598193749785423 54.065855652093887 30.646658346056938 320.67383340001106 103.33680084347725 27.854784026741982 67.622025161981583
leaf_count=568 24 774 1365 72 151 157 1578 2384 34 581 130 602 37 24 93 1154 47 43 603 598 743 977 364 115 280 167 1294 417 113 274
internal_value=0 0.00293963 -0.00497237 0.00110163 -0.00369463 0.00569629 0.00211748 0.00506306 0.00151228 0.00184151 -0.00265197 -0.00505956 -0.0020709 0.00504193 -0.00388731 -0.00556421 -0.00460203 0.00481274 0.00494385 -0.00850832 -0.00251235 -0.00239884 -0.00328378 0.00772593 0.00608885 0.00490731 -0.000285063 0.00157213 -0.000827662 -0.00325859
internal_weight=3370.66 2118.38 1252.28 1271.27 920.236 847.114 734.13 646.311 555.897 515.441 40.4561 426.58 61.9841 12.4609 49.5232 364.596 243.42 616.28 605.768 332.046 493.656 488.376 311.226 200.803 103.311 84.7125 537.139 120.989 416.151 95.4768
internal_count=15763 9584 6179 5267 4216 4317 3097 3187 2323 2159 164 2108 305 61 244 1803 1201 3030 2987 1963 2108 2084 1341 1130 562 447 2170 489 1681 387
is_linear=0
shrinkage=0.01


Tree=113
num_leaves=31
num_cat=0
split_feature=0 4 2 0 0 0 6 1 9 26 11 5 23 10 6 11 24 17 21 10 0 8 21 18 24 17 16 11 23 26
split_gain=483.863 105.644 56.3417 17.5853 10.4277 10.0439 9.11521 8.77306 7.20359 7.36708 6.81004 8.05469 6.7225 6.31642 9.08204 6.28635 7.97239 5.56977 5.43628 6.81295 13.8609 9.39143 6.71991 6.93354 5.41546 5.93825 6.12783 5.15326 4.94734 4.71342
threshold=0.12517364975339984 -0.76264577346077045 1.1135961122668883 -0.25538312153693771 -1.4207684488009822 0.68020418326113929 1.971175875600846 0.80518994256183996 0.90273223168180416 -0.18982884958079277 1.2788770643397529 0.91948240281116866 2.0342824139664999 -1.1519775717562657 -0.8722031530383797 0.41208543023378991 -1.3223434513887566 0.52952747883032469 0.040303732654953885 -0.9340804735027981 -0.072178237101254206 -1.4176703428481281 0.11425807824543414 1.975189156330466 -1.7971907809226197 1.1371906932354501 -2.2756001308307927 -0.37681748152244204 0.95350636736106964 -1.2259632687640782
decision_type=2 2 2 2 2 2 2 2 2 2 2 2 2 2 2 2 2 2 2 2 2 2 2 2 2 2 2 2 2 2
left_child=1 4 5 7 -1 24 -4 10 13 -10 11 -3 -7 -6 -15 17 -17 -9 19 20 -5 -21 27 -24 -2 26 -26 -20 -11 -27
right_child=2 3 6 18 8 12 -8 15 9 28 -12 -13 -14 14 -16 16 -18 -19 22 21 -22 -23 23 -25 25 29 -28 -29 -30 -31
leaf_value=0.010087065667504115 -0.0080953866448550994 0.0027790399553096908 -0.0070776254443777808 -0.0088374425549541356 0.010081876898565299 -0.0050310977446394161 -0.010621332154462608 0.005719066636393693 -0.0083598524146425348 0.0081147584238040055 0.010521596497159631 -0.0024286136803417678 0.0027333027413256402 0.0058515916543303613 0.002888108359671209 0.011049602034483647 0.00075419533062733208 -0.003186723588701141 0.001038569276029347 0.0094809170035324557 0.0022288688866226557 0.00088615028301624796 -0.00064059519981015116 -0.012609633671650539 -0.012515726791050237 -0.012746138865367612 -0.0017155193433605271 -0.010894504333270359 -0.0034629356318324808 -0.0041391950807410519
leaf_weight=50.456973806023598 16.699647456407547 544.28638212382793 333.80209346115589 20.769273594021797 29.88473291695118 315.44146867096424 95.517992585897446 7.7255617678165427 7.3340973556041744 9.6577141582965833 10.764993593096731 31.134306311607361 11.330306127667425 615.33719742298126 126.4368242919445 8.4127495884895307 67.528281271457672 63.897939473390579 4.9222957938909557 13.451416864991186 24.441756531596184 216.59624326229095 240.01638023555279 4.8529011309146872 5.2571850121021262 7.3496371358633033 410.58196283876896 12.049855083227156 5.7190675288438788 53.438306346535683
leaf_count=315 72 2311 1870 84 157 1539 610 32 31 43 46 129 52 3145 602 35 280 264 20 55 99 874 969 20 24 32 1745 49 24 235
internal_value=0 0.00291404 -0.00493409 0.00109097 0.00565481 -0.00339481 -0.00787067 0.00209745 0.00537078 -0.000136668 0.00264604 0.00249516 -0.00475807 0.00553417 0.00534827 -7.53153e-05 0.0019209 -0.00220554 -0.000282293 0.000696454 -0.00284104 0.00139695 -0.00131488 -0.000886934 -0.002489 -0.00228882 -0.00185744 -0.00738926 0.00374952 -0.00521548
internal_weight=3365.1 2115.68 1249.42 1270.85 844.827 820.099 429.32 733.75 794.37 22.7109 586.186 575.421 326.772 771.659 741.774 147.565 75.941 71.6235 537.1 275.259 45.211 230.048 261.841 244.869 493.327 476.627 415.839 16.9722 15.3768 60.7879
internal_count=15763 9584 6179 5267 4317 3699 2480 3097 4002 98 2486 2440 1591 3904 3747 611 315 296 2170 1112 183 929 1058 989 2108 2036 1769 69 67 267
is_linear=0
shrinkage=0.01


Tree=114
num_leaves=31
num_cat=0
split_feature=0 6 0 0 0 0 7 9 17 18 24 0 27 26 27 19 29 26 18 19 7 14 11 6 11 24 24 17 16 13
split_gain=475.164 104.13 55.5037 18.0362 14.3227 10.0978 9.19084 7.72434 8.29014 7.578 6.57636 6.55906 6.89232 6.26835 7.88788 9.70127 9.2867 6.51765 7.87937 5.95653 5.64613 6.59942 5.58353 5.48656 5.47253 5.44503 5.32566 5.8372 6.04242 5.5983
threshold=0.12517364975339984 -0.77371383506239377 1.2912659232832424 -0.28322645968490062 0.68020418326113929 -1.4207684488009822 0.79904954882914847 1.0278431420327223 0.9348822081325151 0.74415044504447647 1.2774373020715939 -0.93379210330125495 0.65049829190295805 -1.0884311379371072 1.1070267887185234 0.75576195767009391 1.4068265479878719 -0.24257526987628802 -0.68916372462471498 -0.10926882748192704 -0.48960170173084266 -1.0887260895859641 -0.10414052810322769 1.971175875600846 0.94569495704815076 1.1960753875103241 -1.7971907809226197 1.1371906932354501 -2.2756001308307927 0.33478195063611038
decision_type=2 2 2 2 2 2 2 2 2 2 2 2 2 2 2 2 2 2 2 2 2 2 2 2 2 2 2 2 2 2
left_child=1 5 4 6 26 -1 11 20 -9 -5 24 -3 -13 14 15 -6 -16 -15 -19 -11 21 -7 -22 -4 -8 -21 -2 28 -28 -29
right_child=2 3 23 9 13 7 10 8 -10 19 -12 12 -14 17 16 -17 -18 18 -20 25 22 -23 -24 -25 -26 -27 27 29 -30 -31
leaf_value=0.01004730157669155 -0.0080316059965067025 0.0091864696380457595 -0.0075904446604589931 0.00042358906137587702 -0.0067105554899923063 0.0085823586917868448 -0.0014064802437413998 -0.0045055299829454658 0.0089068986542425715 -0.0089308946783459645 -0.0092750616274487208 0.0017380772470312344 0.0040637477657396439 -0.0073974996026095361 0.011939993045464463 0.0029185636350430632 -0.0055276180013383224 -0.0078643132820243582 -0.0035325200331914946 -0.0024324901179642641 0.0064879958197027344 0.0049580385745191672 0.0042930165707149503 -0.010521872304441382 0.0059492077248898684 0.0040521863429015008 -0.012446715340447181 -0.0016152834499938368 -0.0016990396277106418 -0.0078101691859291823
leaf_weight=50.152028560638428 16.664908975362778 14.708216696977614 236.22827635705471 454.04199501872063 34.579342797398567 115.43280942738056 54.195213690400124 15.267306938767435 6.4719428420066825 12.295269548892973 8.6152286231517774 437.78047668933868 181.63752108812332 120.48958426713943 7.589418411254881 14.747380539774893 4.8701374232769012 54.995548143982887 187.3741680085659 102.20514607429504 175.45705731213093 93.375868037343025 364.41411752998829 92.694866567850113 12.328344985842703 14.632658481597899 5.2341405451297751 26.084939986467361 410.42051462829113 34.613428518176079
leaf_count=315 72 78 1365 1833 171 625 222 63 27 50 35 1871 785 602 37 73 24 275 926 414 880 478 1797 598 52 59 24 111 1745 156
internal_value=0 0.00288862 -0.00489603 0.00111864 -0.00363013 0.00567471 0.00218982 0.00538751 -0.000444257 -0.000182569 -0.00110662 0.00258211 0.00242221 -0.00497863 -0.00200442 -0.00381139 0.00504306 -0.00548162 -0.0045224 -0.00232029 0.00555822 0.00696956 0.0050093 -0.00842255 -2.14089e-05 -0.00160903 -0.00246583 -0.00226737 -0.00183975 -0.00517142
internal_weight=3359.6 2113.01 1246.59 1292.44 917.664 820.571 709.265 770.419 21.7392 583.175 75.1388 634.126 619.418 424.646 61.7863 49.3267 12.4596 362.859 242.37 129.133 748.68 208.809 539.871 328.923 66.5236 116.838 493.018 476.353 415.655 60.6984
internal_count=15763 9584 6179 5399 4216 4185 3043 3870 90 2356 309 2734 2656 2108 305 244 61 1803 1201 523 3780 1103 2677 1963 274 473 2108 2036 1769 267
is_linear=0
shrinkage=0.01


Tree=115
num_leaves=31
num_cat=0
split_feature=0 0 2 0 0 6 0 29 16 23 9 15 28 3 23 23 11 16 16 23 19 28 21 27 20 23 26 9 21 16
split_gain=466.628 102.562 55.2746 21.2437 9.74463 9.0834 8.91952 8.46325 7.71758 6.60598 6.02678 11.4439 8.78183 5.77824 5.64776 8.53105 5.49908 5.24791 6.53436 7.81889 5.18819 5.00209 4.98606 4.75979 4.47791 6.57519 4.95972 4.18449 3.73728 7.26083
threshold=0.12517364975339984 -0.83221870665800235 1.1135961122668883 -0.40264704505019006 0.68020418326113929 1.971175875600846 -1.4207684488009822 -1.6242357669561658 1.5776016776439235 2.0342824139664999 0.45388732896799172 -1.0683729916592806 1.9186409696998548 -1.712625837704745 -1.1950418080285716 -1.5520974023928182 0.91111558431207662 -2.2756001308307927 -0.33235682965025121 1.1025269831237743 0.55894965051182077 -0.60239894552524553 0.18159737316620175 0.93271245776693523 0.5749258056386638 -1.5922105829802702 -1.2667072007696292 0.31502497566759485 2.0786526298039703 1.7605593776774884
decision_type=2 2 2 2 2 2 2 2 2 2 2 2 2 2 2 2 2 2 2 2 2 2 2 2 2 2 2 2 2 2
left_child=1 6 4 7 17 -4 -1 -3 10 24 12 -12 -5 -8 15 -9 -16 -2 23 -20 21 -10 -22 -19 25 -6 -26 -11 -15 -30
right_child=2 3 5 8 9 -7 13 14 20 27 11 -13 -14 28 16 -17 -18 18 19 -21 22 -23 -24 -25 26 -27 -28 -29 29 -31
leaf_value=0.01000777662713535 -0.012378619520637082 0.0097687467482818497 -0.0069898859682049567 0.00073312261732587001 0.0024032220581736855 -0.010547711341812151 0.0096114049818901461 0.00087802588103997399 -0.00052308308683836032 0.008061783212448494 0.0096473341897595748 -0.0017363390853131549 0.0094852540971293066 0.0055020359880049979 0.0017763115766143563 0.0087465755008170575 0.0050583793281296641 -0.0016259751153733918 -0.002584868854142506 -0.007313873553496505 -0.0079041638241320218 -0.011109987598732522 0.0025180395536700084 0.0024294331496577588 -0.0011957982406576844 -0.0045554742123647971 -0.0074457274441051217 -0.0040238203545603004 0.0045747170621491355 -0.0099045013015310202
leaf_weight=49.8485157340765 5.2109710276126853 16.217206284403801 331.31606259942055 524.36204452812672 14.369718238711355 94.29147869348526 34.641769468784332 24.174295976758003 6.9394551366567638 6.4157196879386884 9.177638500928877 176.28200535476208 11.64721044898033 627.13157157599926 486.30162252485752 32.987265050411224 57.48138339817524 140.79855333268642 270.01415854692459 40.500515058636665 6.4201461970806148 13.587425276637076 15.294312894344328 36.176240339875221 15.157360970973967 189.72205029428005 94.876408323645592 4.9096022397279739 13.311608031392099 4.555465191602706
leaf_count=315 24 72 1870 2133 66 610 183 105 28 29 37 711 48 3229 2092 146 251 593 1158 183 26 55 62 150 76 924 473 23 68 23
internal_value=0 0.00286341 -0.0048583 0.00126 -0.003335 -0.00778275 0.00589659 0.00263969 0.000143548 -0.00468129 0.000388273 -0.00116272 0.000926901 0.00559215 0.00244405 0.00544368 0.00212595 -0.00244291 -0.00233213 -0.00320705 -0.0040037 -0.00759928 -0.000539679 -0.000790439 -0.00495303 -0.00405969 -0.00659574 0.00274571 0.00537328 0.000792798
internal_weight=3354.12 2110.36 1243.76 1380.87 818.151 425.608 729.489 617.162 763.71 325.451 721.469 185.46 536.009 679.64 600.945 57.1616 543.783 492.7 487.489 310.515 42.2413 20.5269 21.7145 176.975 314.126 204.092 110.034 11.3253 644.999 17.8671
internal_count=15763 9584 6179 5766 3699 2480 3818 2666 3100 1591 2929 748 2181 3503 2594 251 2343 2108 2084 1341 171 83 88 743 1539 990 549 52 3320 91
is_linear=0
shrinkage=0.01


Tree=116
num_leaves=31
num_cat=0
split_feature=4 2 2 14 18 8 2 14 14 23 5 23 8 28 28 21 28 20 5 21 21 1 24 22 24 9 25 20 29 1
split_gain=458.342 91.8696 63.0379 16.2132 10.8115 12.5096 10.7171 9.08817 8.62622 8.5861 7.42257 6.75653 7.3025 7.1553 6.73341 6.32903 7.40007 6.04784 6.50986 6.02677 10.7636 6.42679 5.66212 7.79633 7.23656 7.94972 5.47861 8.14389 5.28529 5.17773
threshold=0.048412742557612895 -0.80812220286286884 1.1135961122668883 -0.45863302340718576 -0.92863435351327428 -1.4982913218201239 0.53970150539689477 -1.4277551419103394 1.6920284843381637 0.57309539114097652 -0.011776971277908988 1.1025269831237743 -1.1452366867669346 -2.0588843263450767 -1.8522961559545836 1.3810394920179985 -0.99888820215455254 -1.1346317417202096 -0.40641149176918939 -0.65001216663594941 0.18159737316620175 1.1967662005249085 1.1244693938908663 0.70130845657059504 -0.53511323262294819 0.2213680245676691 0.73017558628139956 -0.40295707485834914 1.3904728947797975 0.9934623837132136
decision_type=2 2 2 2 2 2 2 2 2 2 2 2 2 2 2 2 2 2 2 2 2 2 2 2 2 2 2 2 2 2
left_child=1 7 6 14 17 -6 11 -1 -4 -7 26 13 -13 -2 -3 29 -17 -5 -19 21 -21 -12 24 -24 25 -8 -9 -28 -15 -16
right_child=2 3 8 4 5 9 22 10 -10 -11 19 12 -14 28 15 16 -18 18 -20 20 -22 -23 23 -25 -26 -27 27 -29 -30 -31
leaf_value=0.009882149494830612 -0.010555405031566543 0.010734260830233953 -0.0066561444874964574 0.0067202416407142586 0.0086676322739994358 0.00039283527030922998 -0.00054057385299368949 0.0071732850025597143 -0.0096682176840685325 -0.002236389283286737 0.0075804900392110819 0.0030919633179948892 -0.0066037722209750169 -0.0017024077635166062 0.0026586951844222821 -0.0027178593695531138 0.0076516550224098928 0.00046807443775964805 0.006977192818423893 0.0014211329584677944 0.0055677332488506797 0.00033128220809783255 0.00039935550319687783 -0.0074786544425014482 -0.0057361781189647978 -0.0053742536342131931 0.0022671232250959417 0.0089332084814764193 0.0023076901614063404 -0.00034131269401282928
leaf_weight=50.242341086268425 8.5452999174594861 10.345207050442694 272.06780321896076 33.399528786540031 15.709326788783072 444.02021062374115 72.701900392770767 272.30257710814476 151.69195342063904 172.14078631997108 83.896435782313347 8.9449202269315702 51.089942634105682 362.51038189232349 364.40559974312782 8.020697742700575 41.870941683650017 78.133176296949387 19.160092294216156 121.77487264573574 130.69688089191914 14.665147528052328 51.419194087386131 16.434109538793564 235.72749044001102 64.758725360035896 62.255278050899506 26.324488788843155 35.854982823133469 67.60197602212429
leaf_count=315 36 45 1503 142 66 1801 345 1455 977 698 420 38 220 1518 1580 35 180 324 78 609 653 73 239 79 1130 315 318 137 148 286
internal_value=0 0.00300616 -0.00455275 0.00134163 0.000426693 -0.000113458 -0.00306405 0.00574478 -0.00773875 -0.000340329 0.00545004 -0.00200339 -0.00513978 -0.00153704 0.00275661 0.00258108 0.00596252 0.00304394 0.00176604 0.00440308 0.00357301 0.00651343 -0.00418403 -0.00150218 -0.00466843 -0.00282728 0.00646415 0.00426729 -0.00133848 0.00218696
internal_weight=3348.71 2016.97 1331.75 1254.81 762.563 631.87 907.987 762.158 423.76 616.161 711.916 466.946 60.0349 406.911 492.244 481.899 49.8916 130.693 97.2933 351.033 252.472 98.5616 441.041 67.8533 373.188 137.461 360.882 88.5798 398.365 432.008
internal_count=15763 9215 6548 5235 3109 2565 4068 3980 2480 2499 3665 1960 258 1702 2126 2081 215 544 402 1755 1262 493 2108 318 1790 660 1910 455 1666 1866
is_linear=0
shrinkage=0.01


Tree=117
num_leaves=31
num_cat=0
split_feature=0 0 2 0 0 0 0 29 18 23 5 20 25 20 21 23 23 18 21 21 13 24 17 13 23 2 22 27 21 5
split_gain=450.211 99.5426 54.1534 20.4616 9.48666 8.83731 8.76948 8.34973 6.97183 6.50446 6.07917 5.92605 5.74443 10.2725 5.65642 5.55782 8.40621 5.50231 5.41094 9.72392 6.01312 5.23776 5.69886 5.51572 5.22287 4.83082 4.62298 4.58149 4.51969 4.39981
threshold=0.12517364975339984 -0.83221870665800235 1.1135961122668883 -0.40264704505019006 0.68020418326113929 -1.4207684488009822 1.5741023380619106 -1.6242357669561658 2.0541403363358097 2.0342824139664999 -0.011776971277908988 0.9454742960657575 0.67193303575143226 -0.40295707485834914 -1.5913945779489633 -1.1950418080285716 -1.5520974023928182 1.5520742114146362 -0.65001216663594941 0.18159737316620175 -1.3917200499919218 -1.7971907809226197 1.1371906932354501 0.33478195063611038 0.96821649880869642 1.1543551299343882 -1.5820157230308827 0.63603084505906782 0.17173973556237374 1.0000000180025095e-35
decision_type=2 2 2 2 2 2 2 2 2 2 2 2 2 2 2 2 2 2 2 2 2 2 2 2 2 2 2 2 2 2
left_child=1 5 4 7 21 -1 25 -3 14 29 12 -10 -7 -14 -5 16 -9 -16 20 -20 -12 28 24 -24 -23 -4 -27 -17 -2 -6
right_child=2 3 6 8 9 10 -8 15 11 -11 18 -13 13 -15 17 27 -18 -19 19 -21 -22 22 23 -25 -26 26 -28 -29 -30 -31
leaf_value=0.0099308743314730687 -0.01253402969027702 0.0096861349682730753 -0.01073757841430273 0.0053313557058972151 -0.0035461129930537579 0.0072103078322102703 -0.0093076369818480206 0.00084490245435397406 -0.013930407047954127 0.0027616662103208327 -0.0057059437354050283 -0.00064331404903459266 0.0022531777884993629 0.0096290362155222343 -4.1735946239103768e-05 0.0014699440659249471 0.0086636198978892794 0.0047066287049574249 0.0015566819881563702 0.0056478377663063076 0.0071737149232950692 -0.0012913999364030193 -0.0015455045916235178 -0.0077037016835950498 -0.004391657488982883 0.00067326990343417328 -0.0062092166916732318 0.0034762401836963951 -0.0018373378869785213 -0.005961839867021158
leaf_weight=49.256895512342453 9.3000738918781298 16.157328680157661 23.430890083312988 21.375413909554482 140.65536291897297 257.35101129114628 189.33080570399761 24.150046408176422 6.3226838111877424 11.317568659782408 3.6280567348003379 7.403048574924469 69.238092198967934 26.211396217346191 703.29681573808193 378.01925998926163 32.873179525136948 25.169290810823441 112.12506206333637 122.62304404377937 84.901766061782837 350.18453384935856 26.036702126264572 34.44435578584671 64.781598463654518 9.9686002433300001 199.18545743823051 165.08201321959496 7.3046098649501792 172.22304809093475
leaf_count=315 40 72 124 87 684 1380 1220 105 26 52 20 30 354 137 2855 1626 146 102 566 618 428 1485 111 156 284 54 1082 717 32 855
internal_value=0 0.00281425 -0.00478464 0.00123659 -0.00327826 0.00581357 -0.00769508 0.00259199 0.000141124 -0.00460988 0.00551069 -0.00689276 0.00642642 0.00429709 0.000272114 0.00239774 0.00537708 0.000121576 0.00450657 0.00369949 0.00662877 -0.00239811 -0.00220127 -0.00507607 -0.00177874 -0.00637468 -0.00587624 0.00208215 -0.00792745 -0.00488052
internal_weight=3343.35 2105.18 1238.16 1379.85 816.248 725.335 421.916 616.282 763.567 324.196 676.078 13.7257 352.8 95.4495 749.842 600.124 57.0232 728.466 323.278 234.748 88.5298 492.052 475.447 60.4811 414.966 232.585 209.154 543.101 16.6047 312.878
internal_count=15763 9584 6179 5766 3699 3818 2480 2666 3100 1591 3503 56 1871 491 3044 2594 251 2957 1632 1184 448 2108 2036 267 1769 1260 1136 2343 72 1539
is_linear=0
shrinkage=0.01


Tree=118
num_leaves=31
num_cat=0
split_feature=2 0 2 2 0 17 6 0 16 16 6 24 23 15 15 10 24 17 21 5 25 8 10 27 16 4 21 21 2 24
split_gain=442.123 87.7017 63.5242 16.2634 12.886 9.59882 9.10893 8.79294 8.29771 7.55496 9.7703 7.15313 6.39459 6.37915 6.74574 11.913 6.81559 6.32587 6.19668 6.01421 5.68298 9.27833 5.62368 9.05127 5.53293 5.61828 5.33811 9.57721 5.66716 5.1412
threshold=0.025465501473428801 -0.83221870665800235 1.1135961122668883 -0.48581699954084218 0.68020418326113929 -0.44038207104179689 1.971175875600846 -1.4207684488009822 -1.3394885671042311 -0.19478072441095912 -0.4748476866490125 -0.23845514303266427 2.0342824139664999 -1.2182133671449693 -0.66844100529049344 0.10920405852882169 0.54825111722331143 1.1371906932354501 -1.7110842443310907 -0.011776971277908988 0.67193303575143226 -0.65955190496572635 1.160285522003853 0.56139823777241915 -2.2756001308307927 -0.028195935911883442 -0.65001216663594941 0.18159737316620175 -1.3581825244199519 -0.78809642732359453
decision_type=2 2 2 2 2 2 2 2 2 2 2 2 2 2 2 2 2 2 2 2 2 2 2 2 2 2 2 2 2 2
left_child=1 7 4 13 17 9 -4 -1 11 10 -5 -7 -6 -3 15 -15 -16 24 -10 20 -9 -22 -19 -24 -2 -26 28 -28 -21 -11
right_child=2 3 6 5 12 8 -8 19 18 29 -12 -13 -14 14 16 -17 -18 22 -20 26 21 -23 23 -25 25 -27 27 -29 -30 -31
leaf_value=0.0098920292599672926 -0.010594023575716933 0.0088841731599367743 -0.0068553075579955618 -0.0064075625640808665 -0.0048419982443905583 -0.00067696288723950477 -0.010446914869995843 0.0071643197027773551 0.0063131015113958994 0.00017223536942509131 0.0016439967921748567 0.012085054053194611 0.0027316362215100143 -0.0014672195864270188 0.0042538383828219636 0.004911208320393985 0.0011416461483357745 -0.0062168220128381935 -0.00070978579109284129 -0.0040692270156263994 0.0016618267449766597 0.0080482171588698026 -0.0056490087030000389 0.011816020755187949 0.0077589882298106658 -0.0017130884798488568 0.0015422188161009008 0.0056057074677990692 0.0071778559028745385 0.0059497122582868522
leaf_weight=48.957714349031448 6.874151036143302 16.862132087349892 327.47865590453148 16.498792231082916 312.2211487442255 7.6215485781431225 92.600201666355133 256.41826681792736 12.776218250393866 20.826988607645035 160.62548360228539 9.8004496246576291 11.32861106097698 86.933083787560463 243.29898919165134 43.9554383456707 100.48682495951653 58.068708226084709 484.85280251502991 4.5552210658788672 56.699203044176102 38.55659955739975 7.3916240781545621 4.7930975556373596 6.2047275006771079 519.94722539186478 112.04616364836693 122.31150349974632 83.709998026490211 63.319481804966927
leaf_count=315 31 74 1870 68 1539 31 610 1380 52 86 662 40 52 374 1068 190 440 256 1965 25 290 201 33 20 25 2199 566 618 423 260
internal_value=0 0.00299327 -0.0044247 0.00140689 -0.00296033 0.000503982 -0.0076517 0.00577221 -0.000286331 0.00206529 0.000885174 0.00647302 -0.00457297 0.0028305 0.00261152 0.000669286 0.00334767 -0.00209318 -0.000526238 0.00547018 0.00638275 0.00426306 -0.00491984 0.00118006 -0.00171789 -0.00159803 0.00447068 0.00366871 0.00658215 0.00453351
internal_weight=3338.02 1991.11 1346.91 1267.86 926.829 776.322 420.079 723.255 515.051 261.271 177.124 17.422 323.55 491.536 474.674 130.889 343.786 603.28 497.629 674.297 351.674 95.2558 70.2534 12.1847 533.026 526.152 322.623 234.358 88.2652 84.1465
internal_count=15763 9128 6635 5310 4155 3164 2480 3818 2088 1076 730 71 1591 2146 2072 564 1508 2564 2017 3503 1871 491 309 53 2255 2224 1632 1184 448 346
is_linear=0
shrinkage=0.01


Tree=119
num_leaves=31
num_cat=0
split_feature=0 6 0 0 0 7 10 0 24 27 0 22 1 3 18 22 11 17 10 6 21 10 0 21 18 5 24 17 16 13
split_gain=434.29 96.7981 53.2864 16.6021 13.2419 10.7611 10.275 8.6955 7.38892 7.32393 9.72502 6.69839 6.3783 8.48118 6.29905 9.85066 8.28055 6.51521 6.05961 5.47336 5.28415 6.67392 13.6925 6.59469 6.72016 5.3294 5.15606 5.51479 5.81455 5.41615
threshold=0.12517364975339984 -0.77371383506239377 1.2912659232832424 -0.25538312153693771 0.68020418326113929 0.79904954882914847 0.84015143804648462 -1.4207684488009822 0.051858800276403501 0.65049829190295805 -0.93379210330125495 -0.96429494719910369 -1.1120470558085715 1.6501769122210141 -0.22234667562206176 2.058657571387204 0.87954787430796932 -0.50492176318627791 1.2976074295777844 1.971175875600846 0.040303732654953885 -0.9340804735027981 -0.072178237101254206 0.11425807824543414 1.975189156330466 -0.84596712228308257 -1.7971907809226197 1.1371906932354501 -2.2756001308307927 0.33478195063611038
decision_type=2 2 2 2 2 2 2 2 2 2 2 2 2 2 2 2 2 2 2 2 2 2 2 2 2 2 2 2 2 2
left_child=1 6 4 5 26 9 7 -1 11 10 -3 -7 -8 -14 17 16 -16 -6 -10 -4 21 22 -5 -22 -25 -23 -2 28 -28 -29
right_child=2 3 19 20 14 8 12 -9 18 -11 -12 -13 13 -15 15 -17 -18 -19 -20 -21 23 25 -24 24 -26 -27 27 29 -30 -31
leaf_value=0.0098534023403915576 -0.0078486658378443281 0.011856839818830765 -0.0073792529686957245 -0.0087782347387908247 -0.0045431523327645607 0.011057427222038386 0.010646758802352465 0.0054531139172770042 -0.0059162290615316871 0.004069343231829046 0.0015581628894453157 -2.2942185127158969e-05 -0.0029343461725321448 0.011363080770442808 -0.0024229004016198047 0.0087720089870314561 -0.0062034137276145299 -0.0084910902097024461 0.004182509332176774 -0.010346865326717764 -0.0073180654540912146 0.0046223141687637944 0.0022229268376603058 -0.0006309093004097365 -0.012438212432376937 0.00065792624972901197 -0.01222619621547095 -0.0014943205326160844 -0.0016072530339258191 -0.007605032978804765
leaf_weight=48.660026520490646 16.560950174927711 9.2925872951745969 231.49771784245968 20.755033656954765 100.13479891419411 6.2953085005283347 5.3331332355737677 720.75670225918293 35.853029012680054 197.25450606644154 461.62484402954578 35.934081479907036 30.593758717179298 4.6851122081279746 136.19183450937271 6.0022606551647177 102.75840301811695 74.748865887522697 6.9239105880260459 89.837012723088264 16.953080743551254 41.525194257497787 24.438597038388252 239.93892031908035 4.8327085971832267 188.43706071376801 5.1567116379737845 25.999003335833549 409.44393119215965 34.288453549146652
leaf_count=315 72 51 1365 84 504 26 25 3694 147 857 1972 148 131 20 681 29 518 376 28 598 69 169 99 969 20 760 24 111 1745 156
internal_value=0 0.00276562 -0.0047116 0.00106328 -0.00347438 0.00202113 0.00547508 0.00573394 -0.00132117 0.00244797 0.00176598 0.00162745 0.000544133 -0.000980599 -0.00478096 -0.00373294 -0.00405477 -0.00624018 -0.00425237 -0.00821499 -0.00027872 0.000686363 -0.00281547 -0.00129702 -0.000873098 0.00137984 -0.00235542 -0.00216013 -0.00174466 -0.00499318
internal_weight=3332.71 2100.09 1232.62 1290.06 911.285 753.178 810.029 769.417 85.0063 668.172 470.917 42.2294 40.612 35.2789 419.836 244.952 238.95 174.884 42.7769 321.335 536.881 275.156 45.1936 261.725 244.772 229.962 491.449 474.888 414.601 60.2875
internal_count=15763 9584 6179 5399 4216 3229 4185 4009 349 2880 2023 174 176 151 2108 1228 1199 880 175 1963 2170 1112 183 1058 989 929 2108 2036 1769 267
is_linear=0
shrinkage=0.01


Tree=120
num_leaves=31
num_cat=0
split_feature=12 6 2 2 6 10 15 6 17 25 22 8 20 25 20 17 2 15 28 10 24 28 23 9 27 23 23 6 13 19
split_gain=426.492 86.6219 60.4412 13.0812 10.8209 10.5691 9.34869 9.07297 9.06545 10.4412 13.94 10.2306 8.98642 8.81361 10.5412 8.66502 8.21394 8.07624 9.23569 8.28763 7.40046 8.26829 9.05514 7.8731 7.31947 7.27626 7.16002 7.12972 6.58788 6.53228
threshold=0.048412742557612895 -0.78267091142507572 1.1135961122668883 -0.51328987789633274 0.4631431373058536 0.84015143804648462 -1.2841223038673384 1.971175875600846 -0.44038207104179689 -0.80393282683719758 0.59397002969013746 -0.69747179761806666 -0.18237940873558625 -1.1500209059430899 -0.23059518366155027 -0.70635005180400501 -1.3981333279770796 -0.66844100529049344 -1.5831416974969708 0.15871036281038839 1.1244693938908663 0.78325642489928904 -0.99008265622573199 1.1655224804483248 -0.82106420693905913 2.0342824139664999 1.121109639013828 1.0379480433785011 -0.16815839961206672 -0.60603434281245405
decision_type=2 2 2 2 2 2 2 2 2 2 2 2 2 2 2 2 2 2 2 2 2 2 2 2 2 2 2 2 2 2
left_child=1 5 4 6 12 16 -3 -4 11 10 -10 -5 13 -2 -15 -13 -1 19 -19 -8 23 27 -23 25 29 -6 -26 -22 -11 -14
right_child=2 3 7 8 20 -7 17 -9 9 28 -12 15 24 14 -16 -17 -18 18 -20 -21 21 22 -24 -25 26 -27 -28 -29 -30 -31
leaf_value=0.0093373245901019006 0.0062476650758351484 0.01355187765104653 -0.0067704374960398618 0.00441485518190081 -0.0042386952718658092 0.0003006472429719972 -0.0012121354986963364 -0.010375669278935261 -0.00064399318633480906 0.0014727961105070921 -0.0077519991534599521 -0.0011086284004014522 0.0036204337867125503 -0.0015847704808174018 0.0099341913348659373 0.0036890213550749814 0.0054217034536184015 0.01156483387759369 0.0030206944177803658 0.0052706604588030051 0.0049672585701808639 0.0051005120813947267 -0.0069501726360646056 -0.0083246329099491805 -0.0011990769012068512 0.0031588926157319146 -0.0075969372522410403 -0.005466672193286567 -0.001208909725859579 -0.0066070606604643712
leaf_weight=59.061456248164177 21.063504725694656 7.7785373330116263 325.07540525496006 106.42728957533836 362.49955169856548 38.059602156281471 86.85303321480751 91.402590751647949 100.79231272637844 271.22165118157864 38.097214877605438 114.73381091654301 6.7324395030736914 110.73010851442814 8.4451770782470685 55.819142788648605 697.26244440674782 13.336879119276999 254.04414622485638 25.384077489376068 27.038661062717438 7.7977586239576331 28.499701246619225 47.253013208508492 179.37368910014629 13.577093958854674 19.40100684762001 8.4635127633810026 137.8506385833025 63.298896908760071
leaf_count=378 87 35 1870 447 1699 165 376 610 408 1107 154 469 28 456 35 227 3580 59 1143 109 122 35 134 242 764 61 87 42 558 276
internal_value=0 0.00290438 -0.00441297 0.00122135 -0.00295869 0.0054712 0.00273751 -0.00756636 0.000507894 -0.000235826 -0.00260508 0.00198239 -0.00175005 0.000295511 -0.000752468 0.000456944 0.00572999 0.00250977 0.00345478 0.000248529 -0.00395461 -0.000966617 -0.00432696 -0.00445869 -0.00282067 -0.0039682 -0.00183206 0.00244341 0.000566587 -0.00560582
internal_weight=3327.37 2006.72 1320.65 1212.34 904.174 794.384 387.397 416.478 824.942 547.962 138.89 276.98 409.045 140.239 119.175 170.553 756.324 379.618 267.381 112.237 495.129 71.7996 36.2975 423.33 268.806 376.077 198.775 35.5022 409.072 70.0313
internal_count=15763 9215 6548 5092 4068 4123 1722 2480 3370 2227 562 1143 1733 578 491 696 3958 1687 1202 485 2335 333 169 2002 1155 1760 851 164 1665 304
is_linear=0
shrinkage=0.01


Tree=121
num_leaves=31
num_cat=0
split_feature=0 6 0 0 0 7 10 0 1 5 11 16 16 1 16 18 22 2 17 26 6 21 10 0 8 21 18 16 16 7
split_gain=418.772 93.8583 52.3934 16.0108 12.871 10.5679 9.97558 8.62511 7.18324 9.96993 7.59802 7.1577 6.43393 6.27573 6.49069 6.22714 9.6726 8.33865 6.46052 8.99126 5.45351 5.13769 6.52693 13.4644 9.08748 6.48259 6.58531 5.06577 6.33366 7.40817
threshold=0.12517364975339984 -0.77371383506239377 1.2912659232832424 -0.25538312153693771 0.68020418326113929 0.79904954882914847 0.84015143804648462 -1.4207684488009822 0.9934623837132136 -0.38311842756676978 1.2999984159696039 -0.98404812180688983 -0.30276737312951568 -1.1120470558085715 0.95693677797834054 -0.22234667562206176 2.058657571387204 1.1954841743354365 -0.50492176318627791 -0.85769008650922751 1.971175875600846 0.040303732654953885 -0.9340804735027981 -0.072178237101254206 -1.4176703428481281 0.11425807824543414 1.975189156330466 -2.2756001308307927 -0.33235682965025121 -0.64795993314319456
decision_type=2 2 2 2 2 2 2 2 2 2 2 2 2 2 2 2 2 2 2 2 2 2 2 2 2 2 2 2 2 2
left_child=1 6 4 5 27 8 7 -1 10 -10 -3 -7 -13 -8 -15 18 17 -17 19 -6 -4 22 23 -5 -24 -23 -27 -2 -29 -30
right_child=2 3 20 21 15 11 13 -9 9 -11 -12 12 -14 14 -16 16 -18 -19 -20 -21 -22 25 24 -25 -26 26 -28 28 29 -31
leaf_value=0.0097787406636205051 -0.012148441090966416 0.0026316827180042487 -0.0072962374643665328 -0.008703251130601922 0.00086991556327863518 0.0097582887101057576 0.010579177991601777 0.0053714983103505679 -0.011530101336430809 0.00071407185540072707 0.011050914791361152 -0.0085535432441784416 -0.00082484243034557916 -0.0031120126534710164 0.0076356398423137349 -0.0045489369992566123 0.0087198552365041725 0.002171547310952638 -0.0084089236570379141 -0.0061445241710483527 -0.010275255503551201 -0.007250545020909176 0.0093244464370273502 0.0022079767578709946 0.00086030238349693101 -0.00061939092500443854 -0.012323140142247096 -0.00068290764185497614 -0.0064775124114396856 -0.0023536416276721795
leaf_weight=48.084270775318146 5.1280726492404929 576.01132322847843 229.66073825955391 20.739173889160156 23.705892518162727 5.3237550258636466 5.3113915324211112 717.13689067959785 7.2072651088237754 73.229141682386398 10.915427938103674 12.847403064370154 66.812519758939743 28.408334508538246 6.8732901960611335 218.07892461121082 6.0110545605421057 19.900987461209297 74.295759320259094 75.992915749549866 88.663857311010361 16.943802833557129 13.419356375932692 24.438340544700623 216.51625154912472 239.91160576045513 4.8194262236356726 176.54245060682297 52.987529963254929 256.14749498665333
leaf_count=315 24 2491 1365 84 119 22 25 3694 31 310 48 53 274 122 29 1093 29 106 376 385 598 69 55 99 874 969 20 743 232 1109
internal_value=0 0.00271733 -0.00463878 0.00104274 -0.00341331 0.00198415 0.00539461 0.00565098 0.0024076 -0.000383569 0.00279182 -0.00132824 -0.00209301 0.000535112 -0.000974313 -0.00470525 -0.00366159 -0.00398206 -0.00616007 -0.00446744 -0.0081321 -0.000274979 0.000676667 -0.002787 0.00136247 -0.00127919 -0.000858894 -0.00231029 -0.00220187 -0.0030656
internal_weight=3322.06 2094.95 1227.12 1289.13 908.791 752.347 805.814 765.221 667.363 80.4364 586.927 84.9837 79.6599 40.593 35.2816 417.986 243.991 237.98 173.995 99.6988 318.325 536.788 275.113 45.1775 229.936 261.675 244.731 490.806 485.677 309.135
internal_count=15763 9584 6179 5399 4216 3229 4185 4009 2880 341 2539 349 327 176 151 2108 1228 1199 880 504 1963 2170 1112 183 929 1058 989 2108 2084 1341
is_linear=0
shrinkage=0.01


Tree=122
num_leaves=31
num_cat=0
split_feature=4 0 2 2 0 17 25 21 6 0 8 17 23 23 15 15 10 24 23 5 25 20 29 25 15 19 21 21 13 20
split_gain=411.399 84.5467 59.2402 15.7443 11.434 10.2907 9.5849 12.9131 9.03107 8.61809 8.31221 8.65049 7.28504 6.39926 6.18283 6.56782 11.5209 6.6856 6.18258 6.04032 5.677 10.179 5.64251 7.9058 5.95408 5.58544 5.31409 9.51488 5.89368 5.16394
threshold=0.048412742557612895 -0.83221870665800235 1.1135961122668883 -0.48581699954084218 0.68020418326113929 -0.44038207104179689 -0.80393282683719758 -0.031904877429428331 1.971175875600846 -1.4207684488009822 -0.69747179761806666 -0.70635005180400501 1.1908506470561908 1.3689686779000489 -1.2182133671449693 -0.66844100529049344 0.10920405852882169 0.54825111722331143 2.0342824139664999 -0.011776971277908988 0.67193303575143226 -0.40295707485834914 1.4068265479878719 1.1973336411102022 -0.62806915060231139 -0.53893899995276928 -0.65001216663594941 0.18159737316620175 -1.3917200499919218 0.22099346782610457
decision_type=2 2 2 2 2 2 2 2 2 2 2 2 2 2 2 2 2 2 2 2 2 2 2 2 2 2 2 2 2 2
left_child=1 9 4 14 12 10 7 -7 -4 -1 25 -12 22 -8 29 16 -16 -17 -6 20 -11 -22 23 -2 -24 -5 28 -28 -21 -3
right_child=2 3 8 5 18 6 13 -9 -10 19 11 -13 -14 -15 15 17 -18 -19 -20 26 21 -23 24 -25 -26 -27 27 -29 -30 -31
leaf_value=0.0097407266324702046 -0.0016088294414817834 0.013068166543855434 -0.0066878524815117421 0.0033365314775606792 -0.0046907513364375887 0.0006209949281902273 8.4267007029679503e-05 -0.0055770290771074253 -0.010305551888757305 0.0070183542411518165 -0.00094025226186015241 0.0039210163749453623 -0.0050684611333181593 0.0051397998242686017 -0.0015012386723322962 0.0041438357932480898 0.0047813273429549242 0.0010570156488642444 0.00276092332294771 -0.0058096345368507975 0.0020654071941314674 0.0094575561288349642 0.0066211063451334833 -0.0066727669054923488 -0.00091533748785773393 0.010106957558353297 0.0013773128596273729 0.0054448559521400562 0.0069704482026515585 0.0014499592159021829
leaf_weight=47.791068524122238 431.08216835558414 10.330740720033647 322.73308382928371 86.331851541996002 309.63138857483864 63.076113790273666 370.0922778993845 71.189999505877495 90.219627991318703 253.44433830678463 110.01684966683388 54.60956846177578 71.15789794921875 26.793386146426201 86.850318744778633 242.3572610616684 43.770991563796997 100.21177297830582 11.315975606441496 3.6124526709318152 68.561644837260246 25.804878905415535 15.904155001044272 33.300076708197594 29.830217078328133 14.395972102880476 111.14450953900814 121.10970664024353 83.737171560525894 6.4128959625959387
leaf_count=315 1832 46 1870 364 1539 255 1505 288 610 1380 449 222 313 109 374 1068 190 440 52 20 354 137 66 141 125 59 566 618 428 28
internal_value=0 0.00285472 -0.00434463 0.00132111 -0.00290642 0.000451841 -0.00034999 -0.00265956 -0.00748295 0.00561127 0.00206014 0.000667649 -0.00206608 0.000429289 0.00273189 0.00251635 0.000598436 0.00324434 -0.00442413 0.00531266 0.00623227 0.00410528 -0.0016444 -0.00197547 0.00169238 0.00432314 0.00430712 0.00350408 0.00642444 0.00871273
internal_weight=3316.82 2001.65 1315.17 1286.44 902.222 796.506 531.152 134.266 412.953 715.206 265.354 164.626 581.275 396.886 489.934 473.19 130.621 342.569 320.947 667.415 347.811 94.3665 510.117 464.382 45.7344 100.728 319.604 232.254 87.3496 16.7436
internal_count=15763 9215 6548 5397 4068 3251 2157 543 2480 3818 1094 671 2477 1614 2146 2072 564 1508 1591 3503 1871 491 2164 1973 191 423 1632 1184 448 74
is_linear=0
shrinkage=0.01


Tree=123
num_leaves=31
num_cat=0
split_feature=0 0 0 0 0 0 29 16 26 27 19 29 26 18 5 9 15 28 6 6 23 5 19 23 4 10 23 24 16 16
split_gain=404.004 91.0791 51.4794 18.4334 12.4512 8.57361 8.2915 7.32248 6.15959 7.83579 9.65889 9.14934 6.55787 7.8325 5.97452 5.78167 11.2643 8.54219 5.43353 5.42766 5.32596 5.50936 5.11066 5.10325 6.1086 5.58363 5.0875 5.05749 5.20704 6.69299
threshold=0.12517364975339984 -0.83221870665800235 1.2912659232832424 -0.40264704505019006 0.68020418326113929 -1.4207684488009822 -1.6242357669561658 1.5776016776439235 -1.0884311379371072 1.1070267887185234 0.75576195767009391 1.4068265479878719 -0.24257526987628802 -0.68916372462471498 -0.011776971277908988 0.45388732896799172 -1.0683729916592806 1.9186409696998548 1.971175875600846 -0.13206765993984285 0.080976889552629286 0.061333502578972028 0.55894965051182077 0.09233201755659029 -0.90281717597799294 -1.1984955019675674 -1.1950418080285716 -1.7971907809226197 -2.2756001308307927 -0.33235682965025121
decision_type=2 2 2 2 2 2 2 2 2 2 2 2 2 2 2 2 2 2 2 2 2 2 2 2 2 2 2 2 2 2
left_child=1 5 4 6 27 -1 -3 15 9 10 -6 -11 -10 -14 23 17 -17 -5 -4 26 21 -16 -9 25 -25 -7 -8 -2 -29 -30
right_child=2 3 18 7 8 14 19 22 12 11 -12 -13 13 -15 20 16 -18 -19 -20 -21 -22 -23 -24 24 -26 -27 -28 28 29 -31
leaf_value=0.0097029092103021897 -0.0077224535821365575 0.0095491743683233307 -0.0072140424412815212 0.00070323173072718223 -0.0064076434113475005 0.010656359264051866 0.0052097932656285217 -0.0074836674220899561 -0.0070755255677143018 0.012265567719644703 0.0032787782494889651 -0.0051995635737873015 -0.0075338325271050105 -0.0031689109697041473 -0.0010320800647364103 0.0095746039640655419 -0.0017221224340019099 0.0093469745674167309 -0.01020449652101022 -0.0082367243501410767 0.0029128913915513976 0.0060254055626884464 -0.00047416974747885754 0.0084824789631919948 0.0025897424727284422 0.0046159369455606707 0.0020456053484982813 -0.01207029403854524 -0.0003780170703287486 -0.0028684183687421377
leaf_weight=47.49941511452198 16.485392719507217 16.049088150262833 227.84483197331429 523.83239613473415 33.916390299797058 17.011073529720306 56.672660738229752 20.507881000638008 117.85933834314346 7.5168641805648786 14.53586734831333 4.7777844667434692 53.722338020801544 183.82001981139183 11.630568310618399 9.1729707121849042 176.2247701138258 11.614312022924421 87.502863883972168 4.7456361800432196 153.36899024248123 153.97052577137947 21.6900784522295 124.36823298037052 21.214976638555527 184.11571022868156 536.20011258125305 5.0990857630968085 170.81406329572201 297.83857290446758
leaf_count=315 72 72 1365 2133 171 94 251 83 602 37 73 24 275 926 61 37 711 48 598 20 779 792 88 676 111 990 2323 24 719 1293
internal_value=0 0.00267056 -0.00456793 0.00116693 -0.00335461 0.00557116 0.00245717 0.000127783 -0.00462909 -0.0016585 -0.00348031 0.00541063 -0.00513342 -0.00416304 0.00527342 0.000366285 -0.00115294 0.0008943 -0.00804998 0.00226347 0.00427263 0.00552338 -0.00391401 0.00618976 0.007633 0.00513684 0.00235058 -0.00226998 -0.00207655 -0.00196313
internal_weight=3311.62 2089.89 1221.73 1376.71 906.386 713.179 613.667 763.042 416.149 60.7469 48.4523 12.2946 355.402 237.542 665.68 720.844 185.398 535.447 315.348 597.618 318.97 165.601 42.198 346.71 145.583 201.127 592.873 490.237 473.752 468.653
internal_count=15763 9584 6179 5766 4216 3818 2666 3100 2108 305 244 61 1803 1201 3503 2929 748 2181 1963 2594 1632 853 171 1871 787 1084 2574 2108 2036 2012
is_linear=0
shrinkage=0.01


Tree=124
num_leaves=31
num_cat=0
split_feature=2 0 2 14 0 9 10 8 6 0 19 17 17 29 15 17 15 5 25 20 10 27 20 18 17 16 15 28 16 26
split_gain=396.785 80.3039 59.66 14.7645 11.648 9.099 9.29125 9.24308 8.99743 8.52916 7.37596 7.12952 8.75442 10.5497 6.15611 6.03825 5.92675 5.90898 5.64065 10.086 5.55234 8.83186 5.46337 6.09071 6.97067 6.08037 5.37162 5.31546 5.25277 4.68036
threshold=0.025465501473428801 -0.83221870665800235 1.1135961122668883 -0.45863302340718576 0.68020418326113929 0.45388732896799172 -1.1984955019675674 -1.5545181713121956 1.971175875600846 -1.4207684488009822 0.48740913360989502 0.54136057397057435 0.87863308713196886 1.1020880915137925 -1.2036178062065022 1.1371906932354501 -0.90030543510433791 -0.011776971277908988 0.67193303575143226 -0.40295707485834914 1.160285522003853 0.56139823777241915 0.5749258056386638 -0.17198893352721281 -0.79897290452068204 -0.28363408688932901 -1.0683729916592806 -1.8522961559545836 -2.2756001308307927 -1.2667072007696292
decision_type=2 2 2 2 2 2 2 2 2 2 2 2 2 2 2 2 2 2 2 2 2 2 2 2 2 2 2 2 2 2
left_child=1 9 4 11 15 6 10 -8 -4 -1 -5 14 13 -13 -3 28 -14 18 -11 -20 -17 -22 23 24 -6 -25 -7 -16 -2 -24
right_child=2 3 8 5 22 26 7 -9 -10 17 -12 12 16 -15 27 20 -18 -19 19 -21 21 -23 29 25 -26 -27 -28 -29 -30 -31
leaf_value=0.0096652846243054803 -0.010332304089916471 0.0095137217861228467 -0.0066040383048977941 -0.0040477961220673651 -0.0021325148823807451 0.0067916971378736736 0.0074541041831463822 0.0011202676053116067 -0.010235988286951278 0.0069340806293526928 0.0076337371493682554 -0.00032853291558665519 -0.0043590894821021334 -0.011857321006328659 0.011230637017058689 -0.0060487248315600293 0.0033617186865217102 0.004238388134164957 0.0019912790227349167 0.0093738333081511121 -0.0054654818282360755 0.011808803421473398 -0.00085837904896968382 -0.0056404016348300338 -0.0073876563089478884 -0.00018338575485471597 -0.0021146559865098721 0.0029149373699944537 -0.0015009578506732155 -0.0069636197368682087
leaf_weight=47.209321901202202 6.7684544622898093 15.803098633885382 320.36751215159893 51.427613168954849 45.666090086102486 6.9474476128816596 24.130763351917267 502.08629556000233 89.045912399888039 251.72288374602795 5.8944218605756751 46.205116242170334 10.911899492144583 9.5363210588693601 7.87401159107685 57.69336111843586 94.858289182186127 318.33716833591461 68.294049084186554 25.604031264781952 7.3367938399314863 4.7930597215890884 14.912084281444548 27.979876905679703 58.533934831619263 76.375671625137329 150.45650005340576 338.65122966468334 524.8134004175663 96.223543420433998
leaf_count=315 31 70 1870 211 226 28 103 2050 610 1380 24 198 46 41 35 256 408 1632 354 137 33 20 76 139 287 374 606 1490 2224 489
internal_value=0 0.0028426 -0.00422135 0.0013297 -0.00280733 0.000419513 0.000996143 0.00141398 -0.00739872 0.00553127 -0.00281797 0.00261487 0.000858524 -0.0023365 0.00339457 -0.00198382 0.00255238 0.00523442 0.00614743 0.00402282 -0.00475437 0.00131936 -0.00435227 -0.00338438 -0.00509841 -0.0016601 -0.00171114 0.00310996 -0.00161721 -0.00615492
internal_weight=3306.46 1975.95 1330.51 1264.78 921.096 740.943 583.539 526.217 409.413 711.167 57.322 523.84 161.512 55.7414 362.328 601.405 105.77 663.958 345.621 93.8981 69.8232 12.1299 319.691 208.556 104.2 104.356 157.404 346.525 531.582 111.136
internal_count=15763 9128 6635 5310 4155 3022 2388 2153 2480 3818 235 2288 693 239 1595 2564 454 3503 1871 491 309 53 1591 1026 513 513 634 1525 2255 565
is_linear=0
shrinkage=0.01


Tree=125
num_leaves=31
num_cat=0
split_feature=4 0 2 14 0 18 0 0 15 28 7 7 22 28 3 16 16 16 3 20 5 2 20 21 18 16 2 28 22 26
split_gain=389.765 80.7983 57.3535 15.0468 10.8798 10.0994 8.83195 8.48466 6.56008 6.95032 6.7929 6.2582 8.37372 6.90993 6.59178 5.89212 7.70118 7.57514 5.84894 5.83651 6.60162 5.72772 5.38995 6.55041 6.55413 5.21774 4.95877 4.82556 4.65858 4.61609
threshold=0.048412742557612895 -0.83221870665800235 1.1135961122668883 -0.45863302340718576 0.68020418326113929 -0.92863435351327428 1.5741023380619106 -1.4207684488009822 -1.0786531242988986 0.07625307544714717 0.16461962611305259 1.348915842393527 -1.4501232365139203 -1.8522961559545836 0.064841661344474541 -2.2756001308307927 -0.33235682965025121 0.33721217327536462 -1.712625837704745 -1.1346317417202096 -0.40641149176918939 -0.5996253495106495 0.5749258056386638 2.2754165583906034 -0.17198893352721281 -1.1538865431966367 1.1543551299343882 -1.6626545602677643 -1.5820157230308827 -1.2667072007696292
decision_type=2 2 2 2 2 2 2 2 2 2 2 2 2 2 2 2 2 2 2 2 2 2 2 2 2 2 2 2 2 2
left_child=1 7 4 11 15 19 26 -1 10 -10 -7 13 -13 -3 -14 -2 27 -18 -9 25 -21 -15 23 24 -6 -5 -4 -17 -28 -24
right_child=2 3 6 5 22 8 -8 18 9 -11 -12 12 14 21 -16 16 17 -19 -20 20 -22 -23 29 -25 -26 -27 28 -29 -30 -31
leaf_value=0.0096278483059033509 -0.011627489613708178 0.01117195739076649 -0.010492754269022724 0.00080899037745150505 -0.0054517331411224283 0.0002074216567425436 -0.0090150384985095994 0.0092972603952227433 -0.0015338621142134137 0.00072589900946257255 0.0061780671080506975 -0.013009167583659003 -0.0073640265489157454 0.0020294895770750039 0.0020492934107662563 -0.0065666322227938305 -0.0045083304590243763 -0.001558293388329303 0.0049734071935128125 0.00035625610759529102 0.0069140281980987197 0.0044638793485642821 -0.00085018985715834983 0.0079720230843554115 -0.001839895125144397 0.0093305664386932937 0.0011445672987586487 -2.2283668049924837e-05 -0.005849019362223336 -0.006916207370337382
leaf_weight=46.920794621109962 6.2477916330099097 10.122207283973692 22.813695877790451 11.028997674584387 100.65250524878502 49.886615380644798 181.30792199075222 33.599304109811783 305.76613733172417 244.47795414924622 31.110099002718925 4.7012717276811591 8.547053247690199 303.72873672842979 52.367837980389595 11.854253098368643 150.74362745881081 209.83489161729813 628.64202399551868 77.948801666498184 19.139267131686211 143.97971065342426 14.906156197190283 4.8386759012937537 102.76392170786858 22.193566203117371 9.7364126294851285 201.72129774093628 193.7964932769537 95.916579574346542
leaf_count=315 29 45 124 47 497 202 1220 183 1243 994 126 20 35 1347 220 51 649 905 3320 324 78 621 76 23 506 95 54 843 1082 489
internal_value=0 0.00278187 -0.00424382 0.00128532 -0.00283131 0.000386541 -0.00735657 0.00549164 -0.000135317 -0.000528065 0.00251781 0.00259071 -0.000283274 0.00300476 0.000702203 -0.00201205 -0.00190367 -0.00279527 0.00519566 0.00292032 0.00166508 0.00281543 -0.00431732 -0.00335563 -0.00363378 0.00654256 -0.00602029 -0.000393103 -0.00550916 -0.00611082
internal_weight=3301.29 1994.16 1307.13 1285 899.48 761.551 407.655 709.162 631.241 550.244 80.9967 523.447 65.6162 457.831 60.9149 580.402 574.154 360.579 662.241 130.311 97.0881 447.708 319.078 208.255 203.416 33.2226 226.347 213.576 203.533 110.823
internal_count=15763 9215 6548 5397 4068 3109 2480 3818 2565 2237 328 2288 275 2013 255 2477 2448 1554 3503 544 402 1968 1591 1026 1003 142 1260 894 1136 565
is_linear=0
shrinkage=0.01


Tree=126
num_leaves=31
num_cat=0
split_feature=0 6 0 0 0 7 13 10 6 1 27 0 24 25 22 3 1 18 22 2 17 26 10 10 0 27 6 23 24 2
split_gain=382.885 87.2862 50.1649 14.6185 11.8245 10.2094 9.77761 7.89195 7.84539 9.23133 7.21168 9.44219 7.15839 6.60027 6.58505 6.41529 7.79738 6.03256 9.45583 8.39492 6.40236 8.84284 5.97587 5.46629 6.11411 6.36538 5.42354 5.21813 10.1856 7.49727
threshold=0.12517364975339984 -0.77371383506239377 1.2912659232832424 -0.25538312153693771 0.68020418326113929 0.79904954882914847 -1.2401268835255583 0.84015143804648462 -1.1420760822811282 1.0235794474220037 0.65049829190295805 -0.93379210330125495 0.051858800276403501 0.61688257147234671 -0.96429494719910369 1.6501769122210141 -1.0277348327640816 -0.22234667562206176 2.058657571387204 1.1954841743354365 -0.50492176318627791 -0.85769008650922751 1.2976074295777844 -0.16177704083546354 -1.3968373785588175 0.31409770451902147 1.971175875600846 -0.71839333663030347 -1.3486560467717903 -0.21303652336342691
decision_type=2 2 2 2 2 2 2 2 2 2 2 2 2 2 2 2 2 2 2 2 2 2 2 2 2 2 2 2 2 2
left_child=1 6 4 5 -2 10 23 8 9 -8 11 -3 14 -10 -7 16 -9 20 19 -19 21 -6 -14 -1 -25 -26 -4 28 -5 -29
right_child=2 3 26 27 17 12 7 15 13 -11 -12 -13 22 -15 -16 -17 -18 18 -20 -21 -22 -23 -24 24 25 -27 -28 29 -30 -31
leaf_value=0.0089683206298621851 -0.0022117118200425385 0.01169182859685618 -0.0070919620860755697 -0.0084151097356455051 0.0010452073514329073 0.010910659062678766 0.0039032426118174686 0.0094599552571690941 0.0063478880339821898 -0.0032030355327235132 0.0039224087924097945 0.001428605812204135 -0.005901471748069367 0.0035615576074182042 -9.4825725359191725e-05 0.011177234459409553 -0.0032687971617371089 -0.0043762240130511155 0.0087666997334581737 0.0024031632807341354 -0.0082133293221094833 -0.005942685820427571 0.0041299696769482282 0.01096891180356226 0.0022370357850293498 0.0081061857601173112 -0.010104216648455105 -0.0041000014259189987 0.0024053751102924154 -0.00025130755463171825
leaf_weight=91.842855036258698 489.39532545208931 9.0770587474107725 225.12553690373898 9.305744603276251 23.524079993367195 6.2720481902360907 117.88007506728172 5.6221581101417533 304.48029844462872 21.398227572441101 196.29192252457142 459.89505760371685 35.837847501039505 121.38136820495129 35.870739191770554 4.6549995988607398 29.632009580731392 215.92846642434597 6.0007677227258673 19.692809373140335 73.223460853099823 75.012445315718651 6.9186703264713278 17.1971245855093 52.522834077477455 29.114769473671913 85.854283571243286 59.035262912511826 111.54102975130081 356.66040076315403
leaf_count=568 2108 51 1365 38 119 26 609 26 1564 105 857 1972 147 604 148 20 127 1093 29 106 376 385 28 115 282 165 598 238 451 1443
internal_value=0 0.002602 -0.004464 0.000990878 -0.0032683 0.00189239 0.00520551 0.00457712 0.00488067 0.00280277 0.00230968 0.00163183 -0.00136456 0.00555708 0.00154138 0.000252222 -0.00118958 -0.00451591 -0.00348475 -0.00380459 -0.0059578 -0.00426493 -0.00424905 0.0071908 0.00552152 0.00434977 -0.00792977 -0.000267819 0.00155761 -0.000801142
internal_weight=3296.19 2082.43 1213.76 1286.71 902.777 750.163 795.727 605.049 565.14 139.278 665.264 468.972 84.8993 425.862 42.1428 39.9092 35.2542 413.382 241.622 235.621 171.76 98.5365 42.7565 190.678 98.8347 81.6376 310.98 536.542 120.847 415.696
internal_count=15763 9584 6179 5399 4216 3229 4185 3055 2882 714 2880 2023 349 2168 174 173 153 2108 1228 1199 880 504 175 1130 562 447 1963 2170 489 1681
is_linear=0
shrinkage=0.01


Tree=127
num_leaves=31
num_cat=0
split_feature=0 14 0 0 0 13 3 9 1 18 8 18 22 2 17 9 16 15 29 24 9 29 8 20 24 17 9 13 21 21
split_gain=375.966 85.7246 49.6976 14.6674 11.6554 9.52041 7.33998 6.28492 6.26856 6.70611 7.25109 5.95219 9.26605 8.25077 6.32906 5.92661 8.04064 6.74202 5.84944 5.44885 5.32065 5.7586 8.53639 5.01696 4.98177 5.3026 5.74948 5.35287 4.929 6.36711
threshold=0.12517364975339984 -0.76925032944422023 1.2912659232832424 -0.25538312153693771 0.68020418326113929 -1.2401268835255583 -1.6739164348779523 1.0278431420327223 0.80518994256183996 0.94838489818418492 0.16301193622030016 -0.22234667562206176 2.058657571387204 1.1954841743354365 -0.50492176318627791 0.80158984976222547 -1.2137225621127381 2.2186312341203052 -1.341436024408994 -0.74852754348530226 -0.10392639579365452 0.33936227165343685 -0.51014709365332311 2.3407491761596564 -1.7971907809226197 1.1371906932354501 -1.1479101179485405 0.33478195063611038 0.040303732654953885 0.11425807824543414
decision_type=2 2 2 2 2 2 2 2 2 2 2 2 2 2 2 2 2 2 2 2 2 2 2 2 2 2 2 2 2 2
left_child=1 5 4 8 24 20 -7 -8 15 19 -11 14 13 -13 18 17 -17 -3 -6 -10 -1 22 -22 -9 -2 26 -26 -27 -5 -30
right_child=2 3 -4 28 11 6 7 23 9 10 -12 12 -14 -15 -16 16 -18 -19 -20 -21 21 -23 -24 -25 25 27 -28 -29 29 -31
leaf_value=0.0089128852435795911 -0.0076127763333928298 0.002748557163426116 -0.00788843896311907 0.0006670776846413798 0.0028679012203288558 0.0091026737310899927 0.0044561291557463538 -0.0069588414443509175 0.0023393022780420357 0.0079013896613336805 0.00051373041684547166 -0.0043411316376736706 0.0086500813910509421 0.0023763606555047591 -0.0081624738276379425 0.01063650717055128 -0.0029973531946254103 -0.006392418784672952 -0.0050625306974825413 -0.0037398614954362946 -0.0080016353224581522 0.008665990756598848 0.0047925580723780156 0.0048060257488689974 -0.004353646827452682 -0.0013054829123963615 -0.0010821175220190968 -0.0073995568303119041 -0.0071701804052257479 -0.00083255355675540532
leaf_weight=91.140432626008987 16.418630197644234 557.26177218556404 309.49384523928165 274.99152964353561 10.163710102438925 33.907891348004341 545.64462749660015 8.7293125689029676 19.992994591593742 16.878608420491219 62.817430391907692 215.50019387900829 6.0220920443534842 19.716776862740517 72.944899305701256 4.8044448643922797 35.610447689890862 8.0312078148126584 88.177434355020523 53.885168597102165 5.6000947207212439 36.625714495778084 56.518838375806808 5.9699219316244116 63.835062131285667 25.8652074187994 349.0506443977356 33.953269675374031 16.925619184970856 244.6136537194252
leaf_count=567 72 2389 1963 1112 52 183 2810 36 83 71 262 1093 29 106 376 20 146 35 452 224 31 216 316 25 277 111 1492 156 69 989
internal_value=0 0.00257916 -0.00442902 0.000998809 -0.00323971 0.00518902 0.00455993 0.00428168 0.00189322 8.18858e-05 0.00209882 -0.00448009 -0.00345531 -0.00377303 -0.00591471 0.00235073 -0.00132965 0.00261581 -0.00423067 -0.00208026 0.00714908 0.00550362 0.00361207 -0.00211292 -0.00219083 -0.00199882 -0.00159127 -0.00478778 -0.000265185 -0.0012491
internal_weight=3291.09 2079.95 1211.14 1295.81 901.648 784.137 594.252 560.344 759.282 153.574 79.696 412.525 241.239 235.217 171.286 605.708 40.4149 565.293 98.3411 73.8782 189.885 98.7446 62.1189 14.6992 489.123 472.704 412.886 59.8185 536.531 261.539
internal_count=15763 9584 6179 5400 4216 4184 3054 2871 3230 640 333 2108 1228 1199 880 2590 166 2424 504 307 1130 563 347 61 2108 2036 1769 267 2170 1058
is_linear=0
shrinkage=0.01


Tree=128
num_leaves=31
num_cat=0
split_feature=12 0 2 14 0 18 8 6 0 23 23 10 5 15 22 21 11 23 5 25 20 29 25 11 21 21 2 20 5 5
split_gain=369.216 77.2621 55.6888 14.3735 10.2876 9.83386 11.9046 9.0138 8.37874 8.24302 7.1286 6.84604 7.15756 6.11492 6.05764 10.9581 7.71334 6.01615 5.84281 5.62218 9.27979 5.52302 7.77531 6.18853 5.29195 9.52383 5.63801 5.13906 4.49542 7.52329
threshold=0.048412742557612895 -0.83221870665800235 1.1135961122668883 -0.45863302340718576 0.68020418326113929 -0.92863435351327428 -1.4982913218201239 1.971175875600846 -1.4207684488009822 0.57309539114097652 1.1908506470561908 1.1068684948668501 -0.40641149176918939 -1.2182133671449693 0.83272968524399005 0.029708429148575546 0.17735893278695705 2.0342824139664999 -0.011776971277908988 0.73017558628139956 -0.40295707485834914 1.4068265479878719 1.1973336411102022 -0.74987763877940561 -0.65001216663594941 0.18159737316620175 -1.3581825244199519 0.22099346782610457 1.0000000180025095e-35 -0.33914174409064224
decision_type=2 2 2 2 2 2 2 2 2 2 2 2 2 2 2 2 2 2 2 2 2 2 2 2 2 2 2 2 2 2
left_child=1 8 4 13 10 11 -7 -4 -1 -8 21 12 -5 27 16 -16 -15 28 19 -10 -21 22 -2 -23 26 -26 -20 -3 29 -6
right_child=2 3 7 5 17 6 9 -9 18 -11 -12 -13 -14 14 15 -17 -18 -19 24 20 -22 23 -24 -25 25 -27 -28 -29 -30 -31
leaf_value=0.0095221793763204648 -0.0015062891001150866 0.012880008457668931 -0.006437638367238172 0.0023921787302703611 -0.0045595546242593651 0.0084502870014860499 0.00035450684208790725 -0.01011178972456489 0.0067415261696999861 -0.0022230366474781204 -0.0049364472694962309 -0.0084916329498589214 0.0095000121172794522 0.003115861798293909 -0.0018233591282051467 0.0060976570320416057 0.00033109641249148088 0.0028976043405597178 -0.0045113444831924414 0.0016604368856244017 0.0090171385062519042 -0.0034127110342721577 -0.0065370041229588687 0.0043650846447729338 0.0011429263591040812 0.0052363394746616056 0.0068182947314413701 0.0012512869147868169 -0.0055765112735150909 0.00063869340115421051
leaf_weight=46.107438489794731 429.89566820859909 10.21988618373871 315.6326023042202 108.82451017200947 99.456275299191475 15.609341681003569 443.48877418041229 86.941232323646545 256.11409577727318 171.94317579269409 70.811697959899902 4.9533456414937964 16.389278873801231 204.67987452447414 21.759657084941864 84.111703187227249 195.1742317378521 11.262528747320173 4.4672277122735968 61.575868546962738 23.963861435651779 15.14274840056896 33.174014821648598 30.518861055374146 109.85370004177094 119.52889125049114 81.648639380931854 6.3736400902271262 168.23351408541203 38.176453560590744
leaf_count=315 1832 46 1870 457 495 66 1801 610 1420 698 313 20 67 901 95 368 850 52 25 321 130 63 141 128 566 618 423 28 855 189
internal_value=0 0.00271065 -0.00414487 0.00124976 -0.00275533 0.000371531 -0.000143319 -0.00723592 0.00537497 -0.000364243 -0.00195918 0.00287336 0.00333734 0.00252743 0.00232759 0.00446004 0.0017595 -0.00420603 0.00508106 0.00599458 0.00374121 -0.00154192 -0.00187018 0.00176206 0.00408706 0.00328167 0.00621442 0.00850753 -0.00447173 -0.00311099
internal_weight=3286.03 1986.79 1299.25 1283.53 896.672 761.208 631.041 402.574 703.26 615.432 579.543 130.167 125.214 522.319 505.725 105.871 399.854 317.129 657.152 341.654 85.5397 508.731 463.07 45.6616 315.498 229.383 86.1159 16.5935 305.866 137.633
internal_count=15763 9215 6548 5397 4068 3109 2565 2480 3818 2499 2477 544 524 2288 2214 463 1751 1591 3503 1871 451 2164 1973 191 1632 1184 448 74 1539 684
is_linear=0
shrinkage=0.01


Tree=129
num_leaves=31
num_cat=0
split_feature=4 6 2 5 4 14 7 6 6 20 25 20 21 15 24 28 9 7 10 27 23 23 23 22 3 19 7 19 26 21
split_gain=362.51 76.1439 55.0963 14.0674 10.0328 11.1307 9.96025 9.54519 8.99497 8.54907 8.62068 10.3606 8.26225 7.35266 7.29187 8.143 7.666 7.24113 7.18916 7.17674 7.05351 6.9538 6.85807 6.83659 6.41514 6.36753 6.19543 6.10952 5.7959 9.20837
threshold=0.048412742557612895 -0.78267091142507572 1.1135961122668883 -1.1085602876747025 -0.49940566820268045 -0.54895991181270565 -0.48960170173084266 0.4631431373058536 1.971175875600846 -0.18237940873558625 -1.1500209059430899 -0.23059518366155027 -0.80051243060697475 -0.56062335861657664 1.1244693938908663 0.50616520395465792 1.1655224804483248 -1.4102834565705138 0.84015143804648462 -0.82106420693905913 2.0342824139664999 1.121109639013828 -1.5235811334577802 -0.049471600201476625 1.6501769122210141 -0.60603434281245405 1.4726659047870638 -0.2684620893544199 -0.28389094870272291 2.0786526298039703
decision_type=2 2 2 2 2 2 2 2 2 2 2 2 2 2 2 2 2 2 2 2 2 2 2 2 2 2 2 2 2 2
left_child=1 6 7 -3 5 13 22 9 -4 10 27 -12 -7 -5 16 -16 20 -6 28 25 -9 -21 -1 -19 26 -11 -20 -2 29 -8
right_child=2 3 8 4 17 12 18 14 -10 19 11 -13 -14 -15 15 -17 -18 23 24 21 -22 -23 -24 -25 -26 -27 -28 -29 -30 -31
leaf_value=-0.0012813702781020273 0.003132119043778045 0.0037409869127982883 -0.0063965718348447977 -0.00086663070087580386 -0.006395469225887053 -0.001445811101567574 0.0036325491353645005 -0.0039631909337790611 -0.010077669480687522 0.0037030826026314139 -0.0014639591384009928 0.0099617521580590406 0.0076894470969456888 0.0025734583501755303 0.0034282173842955827 -0.0034680388818468912 -0.0080376974185681488 0.0012211919548143697 0.0042287815471858513 -0.0010395513647644891 0.0033432610142250423 -0.0073727053951778247 0.0072730173496140943 -0.00076612988465682734 0.011078353298010928 -0.0064058457583154238 -0.0046687811972414162 0.01580022664360687 0.0055157195265965178 -0.010889654407314795
leaf_weight=9.5606171786785108 15.97309446334839 174.61637838184834 314.48879893124104 102.10377240180969 17.133579358458519 12.047877058386801 181.3488312959671 357.78757899999619 86.366455122828484 6.7206907123327246 110.4625495672226 8.4389865994453412 50.62091851234436 157.10918694734573 28.406562924385071 42.595937266945839 46.198591396212578 326.35023140907288 12.263577118515967 178.596416041255 13.497573539614676 19.210170850157738 216.55782487988472 368.02410565316677 4.6373610198497763 62.834700480103493 20.985025897622108 5.0656501650810233 326.65466384589672 4.3466806411743155
leaf_count=52 66 780 1870 446 71 52 939 1699 610 28 456 35 219 698 133 200 242 1330 57 764 61 87 1239 1496 20 276 88 21 1706 22
internal_value=0 0.00268696 -0.00411178 0.00111536 0.00067041 0.00213506 0.00513061 -0.00273053 -0.00719449 -0.00159513 0.000401067 -0.000636931 0.00591779 0.00121474 -0.00367467 -0.000693991 -0.00417892 6.1982e-06 0.00439788 -0.00264346 -0.00369405 -0.00166307 0.0069065 0.000166496 0.000166473 -0.00541081 -0.00135413 0.00628993 0.00470872 0.00328156
internal_weight=3281 1984.36 1296.64 1208.01 1033.39 321.882 776.355 895.789 400.855 407.302 139.94 118.902 62.6688 259.213 488.486 71.0025 417.484 711.508 550.236 267.362 371.285 197.807 226.118 694.374 37.886 69.5554 33.2486 21.0387 512.35 185.696
internal_count=15763 9215 6548 5092 4312 1415 4123 4068 2480 1733 578 491 271 1144 2335 333 2002 2897 2832 1155 1760 851 1291 2826 165 304 145 87 2667 961
is_linear=0
shrinkage=0.01


Tree=130
num_leaves=31
num_cat=0
split_feature=0 6 0 0 0 7 7 0 18 23 10 24 10 19 25 7 26 27 19 29 26 25 19 24 4 6 1 21 1 15
split_gain=356.092 82.3043 48.4213 13.9624 11.1174 9.85998 8.12414 7.37524 7.04754 6.76986 6.44278 7.8957 6.35026 6.25437 8.93126 6.102 6.02591 7.73696 9.52233 8.96067 6.53761 9.35309 5.87186 5.77939 5.47732 5.43216 5.33317 7.47008 5.82472 5.18964
threshold=0.12517364975339984 -0.78267091142507572 1.2912659232832424 -0.28322645968490062 0.68020418326113929 -0.48960170173084266 0.79904954882914847 -1.3968373785588175 0.74415044504447647 -1.5235811334577802 1.2976074295777844 1.2774373020715939 0.84015143804648462 -1.2350496317718436 -0.091270123527604941 -2.1656781876784206 -1.0884311379371072 1.1070267887185234 0.75576195767009391 1.4068265479878719 -0.24257526987628802 1.4101514341838222 -0.37161885855971283 1.1960753875103241 -1.0281964850652294 1.971175875600846 0.7922085987904981 1.1607292321051663 0.43649115172467001 -1.0000000180025095e-35
decision_type=2 2 2 2 2 2 2 2 2 2 2 2 2 2 2 2 2 2 2 2 2 2 2 2 2 2 2 2 2 2
left_child=1 5 4 6 -2 9 13 -7 26 29 11 -8 24 15 -15 -3 17 18 -6 -19 -18 -22 -10 -24 -9 -4 28 -28 -5 -1
right_child=2 3 25 8 16 7 10 12 22 -11 -12 -13 -14 14 -16 -17 20 19 -20 -21 21 -23 23 -25 -26 -27 27 -29 -30 -31
leaf_value=0.0044517514905793674 -0.0021306176500705508 0.011236296610442233 -0.0069272462813759943 0.00051540215259262103 -0.0061796865323463694 0.010511804673899011 -0.00091839929746164741 0.0034328431549302671 -0.012922942269956364 0.0072288404015959451 0.0071212523649395324 -0.011676542617142564 0.00016519299109450257 0.00048321003992684062 0.0030777121457439232 0.0036334686123534179 -0.0068304810276086283 0.012408050057331227 0.0034889571915757002 -0.0049600948126200355 -0.0043057218542927574 0.0059365344125596742 -0.0026110503432766256 0.0039479805609655702 0.0055663186376355336 -0.0099745426650076231 0.006622768528275964 -0.0040564170456736971 -0.0031868395501205939 -0.010461036044587677
leaf_weight=5.8623569160699844 488.25041623413563 12.091821715235708 221.51389779150486 369.69028942286968 33.418969184160233 18.985146552324295 62.926068976521492 259.92202650010586 4.8790253251790991 215.70732985436916 8.3423789441585523 7.6005481183528891 37.871319010853767 254.36562186479568 279.75227630138397 90.749742910265923 115.83474345505238 7.4850647002458555 14.41318044066429 4.7105509638786316 224.874356508255 9.1189036071300489 108.93587507307529 15.122454136610029 232.30682155489922 83.726060852408409 27.562208741903305 8.3843082487583143 47.896855130791664 3.7045191973447782
leaf_count=32 2108 62 1365 1495 171 129 261 1374 20 1239 34 31 165 1094 1214 409 602 37 73 24 1154 47 442 61 1164 598 111 34 193 20
internal_value=0 0.00251215 -0.00432664 0.000972082 -0.0031547 0.0050925 0.00190756 0.00436311 -0.00017599 0.00686317 -0.00111029 -0.00210684 0.00413907 0.00228292 0.00184431 0.00454715 -0.00437141 -0.00141774 -0.00324419 0.0056325 -0.00487483 -0.00389994 -0.00223923 -0.00180093 0.00444269 -0.00776938 0.000408737 0.00409983 8.7703e-05 -0.00126786
internal_weight=3276.01 2072.66 1203.35 1298.3 898.106 774.36 715.828 549.085 582.471 225.274 78.869 70.5266 530.1 636.959 534.118 102.842 409.856 60.0278 47.8321 12.1956 349.828 233.993 128.937 124.058 492.229 305.24 453.534 35.9465 417.587 9.56688
internal_count=15763 9584 6179 5461 4216 4123 3105 2832 2356 1291 326 292 2703 2779 2308 471 2108 305 244 61 1803 1201 523 503 2538 1963 1833 145 1688 52
is_linear=0
shrinkage=0.01


Tree=131
num_leaves=31
num_cat=0
split_feature=0 6 0 0 0 7 0 10 27 0 16 24 3 1 26 27 19 29 26 25 6 23 24 28 2 0 26 29 24 16
split_gain=349.646 81.0299 47.9622 13.3375 10.9579 9.69914 9.2667 7.97782 7.02587 9.23872 6.96844 9.04236 5.99121 8.15825 5.93522 7.57999 9.35999 8.73776 6.45646 9.17859 5.42768 5.04535 9.96508 7.39502 7.33528 12.9901 5.65599 4.91193 4.8884 5.03427
threshold=0.12517364975339984 -0.77371383506239377 1.2912659232832424 -0.25538312153693771 0.68020418326113929 0.79904954882914847 -1.4207684488009822 0.84015143804648462 0.65049829190295805 -0.93379210330125495 -0.98404812180688983 0.019388742576929758 1.6501769122210141 -1.0277348327640816 -1.0884311379371072 1.1070267887185234 0.75576195767009391 1.4068265479878719 -0.24257526987628802 1.4101514341838222 1.971175875600846 -0.71839333663030347 -1.3486560467717903 -1.1215327936992898 -0.21303652336342691 -0.18145397494568746 -1.5066243321635839 1.0377615145003702 -1.7971907809226197 -2.2756001308307927
decision_type=2 2 2 2 2 2 2 2 2 2 2 2 2 2 2 2 2 2 2 2 2 2 2 2 2 2 2 2 2 2
left_child=1 6 4 5 28 8 -1 -8 9 -3 -7 -12 13 -9 15 16 -6 -17 -16 -20 -4 22 -5 -24 26 -26 -23 -10 -2 -30
right_child=2 3 20 21 14 10 7 12 27 -11 11 -13 -14 -15 18 17 -18 -19 19 -21 -22 24 23 -25 25 -27 -28 -29 29 -31
leaf_value=0.0094282900540886474 -0.0074930376801310081 0.011578397151727322 -0.0068860816651635046 -0.0083343000960923921 -0.0061356085333488884 0.0095902075866810352 0.0049962008440257565 0.0095813002995339524 0.0057437265960267412 0.0013428090014375798 0.0013345068960766359 -0.0053885844805017921 0.011000686701032927 -0.0031365709320857475 -0.0067843473687898984 0.012221158020069246 0.0034488524640466723 -0.0049224802799864775 -0.004271241352854626 0.0058616071767279513 -0.0099408065498866015 0.0055101679441840511 0.0093706659957909378 0.0014109873285750476 0.004999112808688806 -0.0009378163297086335 -0.0050452251756061056 0.0024852529299408343 -0.011832938157175186 -0.0018092350061644008
leaf_weight=45.386589974164963 16.344821527600288 8.9240586012601835 220.61483323574066 9.2963958978652936 33.323657646775246 5.3024908453226081 699.97188225388527 5.9499956369400016 78.895825281739235 458.77507068216801 38.512934550642967 41.052115976810455 4.6234808862209311 29.817396998405457 115.4587686508894 7.5248616784811002 14.436022460460661 4.6998983770608902 224.42587305605412 9.1442629396915418 83.173206508159637 5.4359997957944861 13.251165300607679 98.272262394428253 41.619729727506638 314.93365731835365 53.578506976366043 116.64180056750774 5.0076472014188758 466.63204295933247
leaf_count=315 72 51 1365 38 171 22 3694 28 346 1972 159 168 20 128 602 37 73 24 1154 47 598 22 54 397 168 1275 216 511 24 2012
internal_value=0 0.00249001 -0.00429262 0.000941559 -0.00312706 0.00180448 0.0050196 0.00474675 0.00221234 0.00154268 -0.00137007 -0.00212417 0.000397381 -0.000972226 -0.00433668 -0.00140443 -0.00321653 0.00556256 -0.00483721 -0.00386792 -0.00772871 -0.000260209 0.00153489 0.00237326 -0.000784756 -0.0002408 -0.00404834 0.00380736 -0.00211047 -0.00192027
internal_weight=3271.03 2070.24 1200.79 1284.49 896.998 748.104 785.749 740.363 663.237 467.699 84.8675 79.5651 40.3909 35.7674 409.013 59.9844 47.7597 12.2248 349.029 233.57 303.788 536.388 120.82 111.523 415.568 356.553 59.0145 195.538 487.985 471.64
internal_count=15763 9584 6179 5399 4216 3229 4185 3870 2880 2023 349 327 176 156 2108 305 244 61 1803 1201 1963 2170 489 451 1681 1443 238 857 2108 2036
is_linear=0
shrinkage=0.01


Tree=132
num_leaves=31
num_cat=0
split_feature=0 0 0 0 0 29 0 16 18 11 11 26 17 26 3 9 15 28 23 23 11 19 14 21 3 2 25 1 28 24
split_gain=343.323 79.5273 47.5039 15.7892 10.7991 8.28924 8.2821 7.01771 5.90178 9.65463 10.6979 8.07129 6.29159 8.74131 5.77256 5.36817 10.8432 8.32898 5.34944 8.30549 5.38414 5.04545 4.97881 4.93908 4.93043 6.81614 6.56341 4.89924 4.87842 4.80789
threshold=0.12517364975339984 -0.83221870665800235 1.2912659232832424 -0.40264704505019006 0.68020418326113929 -1.6242357669561658 -1.4207684488009822 1.5776016776439235 -0.22234667562206176 0.87954787430796932 0.7217659893182321 -1.5389228455481778 -0.50492176318627791 -0.85769008650922751 -1.712625837704745 0.45388732896799172 -1.0683729916592806 1.9186409696998548 -1.1950418080285716 -1.5520974023928182 0.91111558431207662 0.55894965051182077 1.6920284843381637 0.18159737316620175 0.43929802850741634 1.750319301241406 0.13470478192181365 0.30832366343069123 -0.60239894552524553 -1.7971907809226197
decision_type=2 2 2 2 2 2 2 2 2 2 2 2 2 2 2 2 2 2 2 2 2 2 2 2 2 2 2 2 2 2
left_child=1 6 4 5 29 -3 -1 15 12 10 -10 -11 13 -6 -8 17 -17 -5 19 -7 -20 28 24 -23 25 27 -27 -4 -9 -2
right_child=2 3 22 7 8 18 14 21 9 11 -12 -13 -14 -15 -16 16 -18 -19 20 -21 -22 23 -24 -25 -26 26 -28 -29 -30 -31
leaf_value=0.0093919516114427237 -0.0074347942290883149 0.009387644806109605 -0.0066741101655788063 0.00066399585506818641 0.0012477976648302377 0.00049664580769200116 0.0090541630471984696 -0.00040650238514905896 -0.002288982872691686 0.0036028401772805895 0.0087511713763346148 -0.0064487508505433116 -0.0079950587920073635 -0.0057357073941343237 0.0047086449912719106 0.0094105933144772013 -0.0016793067491650011 0.0092109494914213493 0.0014181956418305459 0.0083141672070640108 0.0046847972045963296 -0.0077683968118196665 -0.009105250851113654 0.0026160256766212787 -0.0086345948906166488 0.014616865533984389 -0.0052705745490034808 -3.6743218839047114e-05 -0.010868822664673284 -0.0019020825588474547
leaf_weight=45.108357295393944 16.309099763631821 15.919911324977873 78.804757997393608 523.24424086511135 23.312267929315567 23.894252896308899 32.781567096710205 6.9293249845504787 127.0761072486639 8.5350079387426359 9.3010461777448636 93.943556949496269 72.004830360412598 74.001704663038254 617.73931655287743 9.1618170589208585 176.12410664558411 11.581018075346945 481.04551729559898 32.353435352444649 56.718083530664444 6.4086878895759609 138.69135130941868 15.264975786209105 65.181662231683731 3.2625951170921317 3.1045724898576736 13.29998943209648 13.55617433786392 471.40149059891701
leaf_count=315 72 72 467 2133 119 105 183 28 650 43 48 487 376 385 3320 37 711 48 2092 146 251 26 977 62 399 22 21 77 55 2036
internal_value=0 0.00246809 -0.00425891 0.00107071 -0.00309973 0.00226983 0.00522257 0.000109744 -0.00430221 -0.00327754 -0.00152285 -0.00559915 -0.005739 -0.00405293 0.00493052 0.000343394 -0.00112077 0.000852627 0.00207584 0.00501777 0.00176539 -0.00384889 -0.00768821 -0.000430194 -0.00647639 -0.00503035 0.00483375 -0.00572759 -0.00739763 -0.00209063
internal_weight=3266.06 2067.83 1198.23 1372.2 895.885 609.931 695.629 762.27 408.175 238.856 136.377 102.479 169.319 97.314 650.521 720.111 185.286 534.825 594.011 56.2477 537.764 42.1592 302.345 21.6737 163.654 98.4719 6.36717 92.1047 20.4855 487.711
internal_count=15763 9584 6179 5766 4216 2666 3818 3100 2108 1228 698 530 880 504 3503 2929 748 2181 2594 251 2343 171 1963 88 986 587 43 544 83 2108
is_linear=0
shrinkage=0.01


Tree=133
num_leaves=31
num_cat=0
split_feature=4 0 2 14 0 18 8 6 0 9 17 17 29 10 21 1 0 15 17 20 21 18 10 27 17 18 10 26 25 26
split_gain=337.269 71.6726 52.7971 13.2465 9.47009 9.39506 11.5514 8.94447 8.23705 7.66304 6.86076 8.5492 10.3178 6.66601 6.52523 8.84684 6.30506 5.83546 5.56631 5.38875 6.44223 6.3423 5.05628 7.66922 4.80803 5.25059 4.54701 4.42895 5.765 5.14605
threshold=0.048412742557612895 -0.83221870665800235 1.1135961122668883 -0.45863302340718576 0.68020418326113929 -0.92863435351327428 -1.4982913218201239 1.971175875600846 -1.4207684488009822 -1.2242562504595449 0.54136057397057435 0.87863308713196886 1.1020880915137925 1.1068684948668501 1.3575148911823682 0.87695525791621576 -0.48037409053910468 -0.90030543510433791 -1.5035684364292459 0.5749258056386638 2.2754165583906034 -0.17198893352721281 0.60504044619711739 0.54036276207016321 1.3976068298333646 0.44150087047677394 -1.1984955019675674 -1.2667072007696292 -0.3911672427005784 -0.26318036397963757
decision_type=2 2 2 2 2 2 2 2 2 2 2 2 2 2 2 2 2 2 2 2 2 2 2 2 2 2 2 2 2 2
left_child=1 8 4 10 24 13 -7 -4 -1 -8 14 12 -12 16 15 -3 -5 -13 -10 20 21 -6 26 -24 -2 -26 -20 28 -21 -29
right_child=2 3 7 5 19 6 9 -9 18 -11 11 17 -14 -15 -16 -17 -18 -19 22 27 -22 -23 23 -25 25 -27 -28 29 -30 -31
leaf_value=0.0093557691578110141 -0.0016054452156697002 0.0029762728277575529 -0.0062357867784635966 -0.0052005405551734211 -0.0051530009000337095 0.0083252633880373378 -0.0057479131723471109 -0.009948465832202812 0.0083989931989400576 -0.00013737172409341436 -0.00047369115068898526 -0.0044929926569387234 -0.0118883109233842 -0.0084171744040620559 0.0073953701757398628 -0.0093274226740989712 0.0038517368452054617 0.0031822242070418246 0.009345041484275755 -0.0082293674175930552 0.0082091188559981852 -0.0015748087296134031 -0.0022342541947093938 0.0094022952623218775 -0.014756426543778725 -0.0037707198246724532 0.0046679616934408481 -0.0098228507911590577 0.0043891641753920378 -0.0048609762095978611
leaf_weight=44.83175653219223 533.59421773254871 320.21687749028206 309.95879137516022 8.0596638023853284 98.941027268767357 15.559929102659224 25.31783801317215 84.18314066529274 43.053329020738602 589.8223190009594 46.010859712958336 10.878186598420141 9.5225416570901853 4.9525890052318564 33.657343804836273 5.8201712220907202 116.92273160815239 94.322792261838913 22.092369452118874 5.9825019091367713 4.8012713193893424 101.4736593067646 22.77385571599007 7.4117837995290747 4.9173260331153861 39.624381855130196 553.57466372847557 33.461508929729462 8.793339788913725 60.659686878323555
leaf_count=315 2278 1421 1870 35 497 66 103 610 240 2396 198 46 41 20 149 25 489 408 124 31 23 506 114 38 22 177 2987 176 45 313
internal_value=0 0.00259555 -0.00398426 0.00119243 -0.00263548 0.000349678 -0.000153401 -0.00703362 0.00518458 -0.000370812 0.00242194 0.000695818 -0.00246683 0.00279754 0.0031901 0.00275078 0.0032563 0.00237557 0.00489346 -0.00403587 -0.00306884 -0.00334797 0.00464136 0.000611577 -0.00187232 -0.00503626 0.00485078 -0.00584458 -0.00067363 -0.00664416
internal_weight=3261.19 1974.8 1286.39 1281.06 892.249 760.635 630.7 394.142 693.738 615.14 520.429 160.734 55.5334 129.935 359.694 326.037 124.982 105.201 648.906 314.113 205.216 200.415 605.853 30.1856 578.136 44.5417 575.667 108.897 14.7758 94.1212
internal_count=15763 9215 6548 5397 4068 3109 2565 2480 3818 2499 2288 693 239 544 1595 1446 524 454 3503 1591 1026 1003 3263 152 2477 199 3111 565 76 489
is_linear=0
shrinkage=0.01


Tree=134
num_leaves=31
num_cat=0
split_feature=0 6 0 0 0 7 7 0 27 0 10 3 16 24 26 27 19 11 26 25 25 25 4 4 6 16 16 7 21 27
split_gain=331.145 77.5732 46.6486 12.9833 10.446 9.67286 9.35788 7.26711 6.89319 9.2827 6.07904 6.19956 5.86871 7.1647 5.76671 7.42474 9.15956 7.75509 6.37612 9.04015 5.51252 13.6483 7.7509 5.47997 5.42271 4.785 5.94719 7.25664 4.73101 5.79439
threshold=0.12517364975339984 -0.78267091142507572 1.2912659232832424 -0.25538312153693771 0.68020418326113929 -0.48960170173084266 0.79904954882914847 -1.3968373785588175 0.65049829190295805 -0.9429607268970962 0.84015143804648462 1.6501769122210141 -0.98404812180688983 0.019388742576929758 -1.0884311379371072 1.1070267887185234 0.75576195767009391 1.0209431996032394 -0.24257526987628802 1.4101514341838222 1.1433300575247267 1.2732327647017534 -1.1064541523049254 -1.0281964850652294 1.971175875600846 -2.2756001308307927 -0.33235682965025121 -0.64795993314319456 0.029708429148575546 1.8478314944136371
decision_type=2 2 2 2 2 2 2 2 2 2 2 2 2 2 2 2 2 2 2 2 2 2 2 2 2 2 2 2 2 2
left_child=1 5 4 6 25 20 8 -7 9 -3 23 -12 -8 -14 15 16 -6 -17 -16 -20 -1 22 -22 -9 -4 -2 -27 -28 29 -5
right_child=2 3 24 28 14 7 12 10 -10 -11 11 -13 13 -15 18 17 -18 -19 19 -21 21 -23 -24 -25 -26 26 27 -29 -30 -31
leaf_value=0.0073476095652385718 -0.011754599582894281 0.011535503617385692 -0.0067651175500836368 0.00040684177124698649 -0.0060412861047995023 0.010397329994125794 0.0083661567678955193 0.0032857994959146781 0.0037432380788817439 0.0013172565717589474 -0.0013814149791538989 0.010883215828001986 0.0010736361039885662 -0.0047844366048110619 -0.0066708616296731384 0.011040422411466678 0.003449104393632896 -0.005741498489392669 -0.0041646974274590961 0.0058999025173653444 0.0016339021020643108 0.0065751036613885087 -0.01812944050980864 0.0054280429900705838 -0.0098438446495528516 -0.00047502872357640279 -0.0061850005537518963 -0.0020839253339389003 -0.0012140941349584344 0.0090790718524165256
leaf_weight=191.53021620213985 4.9765369892120352 8.9966556727886182 217.9707392603159 265.02698549628258 33.116207793354988 18.549728602170944 5.7685997188091269 257.66939172148705 198.75501698255539 463.58156526088715 33.200424358248711 4.6014987081289283 39.89128589630127 43.134003818035126 114.51835089921951 8.2907538115978223 14.435239508748053 3.9357733875513068 223.01815378665924 9.1308822929859144 3.6336442083120346 23.110485851764679 4.0224874913692501 230.39751036465168 81.585842713713646 175.71997182071209 52.415710046887398 254.0918442606926 263.38936299085617 7.8544031530618659
leaf_count=1119 24 52 1365 1072 171 129 24 1374 874 1999 145 20 165 177 602 41 73 20 1154 47 21 130 21 1164 598 743 232 1109 1066 32
internal_value=0 0.00242517 -0.00419299 0.000932859 -0.00304576 0.00494669 0.00177351 0.00422245 0.00217756 0.0015163 0.0040008 0.000109908 -0.00126912 -0.00195986 -0.00423183 -0.0013372 -0.0031381 0.00555437 -0.00472755 -0.00376216 0.00671321 0.00272052 -0.00872058 0.00430002 -0.00760997 -0.00205358 -0.00194898 -0.0027903 -0.000256945 0.000663354
internal_weight=3256.32 2063.11 1193.21 1296.4 893.649 766.715 760.127 544.419 671.333 472.578 525.869 37.8019 88.7939 83.0253 406.445 59.778 47.5514 12.2265 346.667 232.149 222.297 30.7666 7.65613 488.067 299.557 487.204 482.228 306.508 536.271 272.881
internal_count=15763 9584 6179 5461 4216 4123 3291 2832 2925 2051 2703 165 366 342 2108 305 244 61 1803 1201 1291 172 42 2538 1963 2108 2084 1341 2170 1104
is_linear=0
shrinkage=0.01


Tree=135
num_leaves=31
num_cat=0
split_feature=12 6 0 0 3 12 7 27 3 19 9 9 15 11 7 29 0 23 23 16 27 10 3 18 11 11 26 17 26 11
split_gain=325.201 69.5686 51.6842 13.2079 11.3305 11.8934 9.57541 8.02126 8.09684 11.1196 7.63616 7.93327 7.77395 7.62092 7.93886 7.41763 7.21762 6.95129 6.71788 5.99191 6.15458 5.98084 6.09481 5.80331 9.54588 10.485 7.83434 6.24027 8.59754 5.42672
threshold=0.048412742557612895 -0.78267091142507572 1.2912659232832424 0.68020418326113929 -0.44204379099834962 -0.36740194766756035 -0.48960170173084266 2.0382011851026127 -0.49257891930843561 -0.64301633845656625 -0.35614686867182754 -0.42252434236142472 -0.89206047173973202 1.0624275296733541 0.79904954882914847 -0.15992081958998877 -1.3968373785588175 1.1908506470561908 -1.5235811334577802 -0.46503531256405534 -0.53875154181707063 0.84015143804648462 1.6501769122210141 -0.22234667562206176 0.87954787430796932 0.7217659893182321 -1.5389228455481778 -0.50492176318627791 -0.85769008650922751 -0.10414052810322769
decision_type=2 2 2 2 2 2 2 2 2 2 2 2 2 2 2 2 2 2 2 2 2 2 2 2 2 2 2 2 2 2
left_child=1 6 3 17 7 13 18 8 9 -3 11 -7 -12 14 -6 -15 -8 -2 -1 -19 -21 29 -23 27 25 -25 -26 28 -5 -18
right_child=2 4 -4 23 5 10 16 -9 -10 -11 12 -13 -14 15 -16 -17 21 19 -20 20 -22 22 -24 24 26 -27 -28 -29 -30 -31
leaf_value=-0.0014670645810383987 -0.0014260896686762834 0.0030521833665824471 -0.0075699401403491375 0.001317015830357825 0.0017656053474101299 -0.0021038890104284271 0.010363849041532038 0.013699992941382584 0.0080223836985152137 -0.00060378246743099427 0.0029024683065781635 -0.01081727499350674 -0.00089115465115696571 0.00074769827387829318 -0.0022438625330533936 0.008164412180640318 0.0058347923316386038 -0.00095469514936201286 0.0070399710888548574 -0.0024668810510930813 -0.010154542960504472 -0.0013671893864115876 0.010808998805557791 -0.0021946736149823206 0.0035566742688140814 0.0087350383089481488 -0.0063407404517840018 -0.0078856186401263378 -0.0056232603476048552 0.0035408090600534178
leaf_weight=9.473300635814665 507.16506306827068 258.17487283051014 298.13960582017899 23.239715829491615 270.48562389612198 105.92730186879635 18.424509838223457 6.1301165074110022 22.759860008955002 122.07039387524128 71.397893279790878 11.60234498977661 220.75809092819691 23.78967422246933 60.126408606767654 32.090974807739258 153.24595637619495 26.265763565897942 211.9966012686491 18.114416524767876 26.040087565779686 33.211400374770164 4.5875195711851111 126.44279742240906 8.5497596710920316 9.3055537939071638 93.241264313459396 71.388065382838249 73.454611629247665 333.84529486298561
leaf_count=52 2164 1131 1963 119 1177 428 129 27 97 513 288 47 893 103 247 141 815 113 1239 82 118 145 20 650 43 48 487 376 385 1723
internal_value=0 0.00255051 -0.00392124 -0.00281317 0.00105243 0.000355824 0.00490976 0.00240517 0.00222753 0.00187603 -0.000829594 -0.00298103 3.31957e-05 0.00161485 0.00103295 0.00503179 0.00418886 -0.00183828 0.00667107 -0.00478649 -0.00703597 0.00396827 0.000108826 -0.00419809 -0.00317982 -0.0014322 -0.00549694 -0.00562845 -0.00394525 0.00426563
internal_weight=3251.44 1970.1 1281.35 983.207 1205.31 796.178 764.785 409.135 403.005 380.245 409.686 117.53 292.156 386.493 330.612 55.8806 543.315 577.585 221.47 70.4203 44.1545 524.89 37.7989 405.622 237.539 135.748 101.791 168.082 96.6943 487.091
internal_count=15763 9215 6548 4585 5092 3324 4123 1768 1741 1644 1656 475 1181 1668 1424 244 2832 2477 1291 313 200 2703 165 2108 1228 698 530 880 504 2538
is_linear=0
shrinkage=0.01


Tree=136
num_leaves=31
num_cat=0
split_feature=0 6 0 0 0 7 7 0 27 0 23 10 3 16 24 18 11 11 26 17 26 6 4 15 23 24 2 0 17 11
split_gain=319.398 75.1441 45.7174 12.4898 10.1225 9.47602 9.04919 7.168 6.75093 9.17308 6.63015 5.88453 5.99202 5.75384 7.03325 5.72426 9.40195 10.2541 7.71058 6.16836 8.46095 5.46354 5.3982 5.09681 4.92546 9.77305 7.18591 12.6456 6.87926 5.95336
threshold=0.12517364975339984 -0.78267091142507572 1.2912659232832424 -0.25538312153693771 0.68020418326113929 -0.48960170173084266 0.79904954882914847 -1.3968373785588175 0.65049829190295805 -0.9429607268970962 -1.5235811334577802 0.84015143804648462 1.6501769122210141 -0.98404812180688983 0.019388742576929758 -0.22234667562206176 0.87954787430796932 0.7217659893182321 -1.5389228455481778 -0.50492176318627791 -0.85769008650922751 1.971175875600846 -1.0281964850652294 -1.0000000180025095e-35 -0.71839333663030347 -1.3486560467717903 -0.21303652336342691 -0.18145397494568746 -0.37597946634381602 0.91111558431207662
decision_type=2 2 2 2 2 2 2 2 2 2 2 2 2 2 2 2 2 2 2 2 2 2 2 2 2 2 2 2 2 2
left_child=1 5 4 6 -2 10 8 -7 9 -3 23 22 -13 -8 -15 19 17 -17 -18 20 -6 -4 -9 -1 25 -5 28 -28 -26 -27
right_child=2 3 21 24 15 7 13 11 -10 -11 -12 12 -14 14 -16 16 18 -19 -20 -21 -22 -23 -24 -25 26 29 27 -29 -30 -31
leaf_value=0.0042671355099128758 -0.0020173452241932536 0.011483958534010496 -0.0066793354981056988 -0.0082551079787099423 0.0013031083753133259 0.010330569073035237 0.008296406889357108 0.0032233330393460959 0.0036897993043178957 0.0012869910459082051 0.0069969670985106022 -0.0013531160253840793 0.010735639049422879 0.0010718496818228728 -0.0047316170059418178 -0.0021749740986743253 0.0035159605031705398 0.0086135805614339055 -0.0062966029173824392 -0.0078368429372984733 -0.0055822236979627318 -0.0097852896353551669 0.0053537841845948397 -0.010557389382417617 0.0012878688754622328 0.003467008090552347 0.0049407382010857714 -0.00091869781306365102 -0.0061835533849213514 -0.0024213211095077559
leaf_weight=5.7885567396879196 486.66778481006622 8.925216391682623 216.11328771710396 9.2879069149494153 23.253861516714096 18.299972802400589 5.7610041052103034 256.71201598644257 198.40317910909653 463.20153807103634 211.17132380604744 33.222239419817924 4.573432892560958 39.88786406815052 43.154102191329002 126.31371255218983 8.5633652508258802 9.3436180949211103 92.958038851618767 71.116043955087662 73.256385043263435 80.63125741481781 229.39146150648594 3.6919307261705381 17.116409838199615 90.592100188136101 41.593445912003517 314.81554375588894 41.873965337872505 20.898087576031685
leaf_count=32 2108 52 1365 38 119 129 24 1374 874 1999 1239 145 20 165 177 650 43 48 487 376 385 598 1164 20 69 366 168 1275 169 85
internal_value=0 0.0023831 -0.004128 0.000915838 -0.00299385 0.00487313 0.001741 0.00415565 0.00213881 0.00148427 0.00662895 0.00393612 0.000107755 -0.00125053 -0.00193405 -0.00416458 -0.0031528 -0.00141873 -0.00545642 -0.00558748 -0.00391324 -0.00752966 0.00423164 -0.00145145 -0.000250994 0.00152293 -0.000769415 -0.000230894 -0.00400024 0.00235314
internal_weight=3246.58 2058.36 1188.22 1295.51 891.473 762.851 759.333 542.199 670.53 472.127 220.652 523.899 37.7957 88.803 83.042 404.805 237.179 135.657 101.521 167.626 96.5102 296.745 486.103 9.48049 536.177 120.778 415.399 356.409 58.9904 111.49
internal_count=15763 9584 6179 5461 4216 4123 3291 2832 2925 2051 1291 2703 165 366 342 2108 1228 698 530 880 504 1963 2538 52 2170 489 1681 1443 238 451
is_linear=0
shrinkage=0.01


Tree=137
num_leaves=31
num_cat=0
split_feature=0 6 0 0 0 13 7 1 5 11 16 24 7 6 1 26 27 19 27 26 25 6 14 16 7 28 27 16 24 5
split_gain=313.629 75.0384 44.383 12.3085 9.51155 9.50975 8.92505 6.77921 9.79237 7.50039 6.60179 8.51091 6.58502 7.61745 11.1785 5.54886 7.28767 8.94813 7.56022 6.35286 8.8855 5.45766 5.42705 5.37131 7.35448 7.89257 6.17647 5.90275 5.30175 8.04846
threshold=0.13948129492966602 -0.77371383506239377 1.2912659232832424 -0.25538312153693771 0.68020418326113929 -1.2401268835255583 0.79904954882914847 0.9934623837132136 -0.38311842756676978 1.2999984159696039 -0.98404812180688983 0.019388742576929758 1.4163865699608964 -1.1420760822811282 1.0235794474220037 -1.0884311379371072 1.1070267887185234 0.75576195767009391 2.1512419730727808 -0.24257526987628802 1.4101514341838222 1.971175875600846 -1.1104539874101875 -0.33235682965025121 -0.64795993314319456 1.6860951904355412 -0.90575238522161095 -2.2756001308307927 -0.3228544281512627 2.1035291583279832
decision_type=2 2 2 2 2 2 2 2 2 2 2 2 2 2 2 2 2 2 2 2 2 2 2 2 2 2 2 2 2 2
left_child=1 5 4 6 23 -1 7 9 -9 -3 -8 -12 13 14 -7 16 17 -6 -18 -17 -21 -4 -15 27 26 -26 -25 -2 -14 -30
right_child=2 3 21 -5 15 12 10 8 -10 -11 11 -13 28 22 -16 19 18 -19 -20 20 -22 -23 -24 24 25 -27 -28 -29 29 -31
leaf_value=0.0068018023791569784 -0.011544389970370864 0.0023136490730124295 -0.0066392637975092117 -0.00026510830698447653 -0.0059625536070635303 0.0034239651533744526 0.0093537673537124489 -0.011699131612215122 0.00046863337099607201 0.010736443983991189 0.0012856760518066904 -0.0052360121709946403 -0.0037877806356549958 0.0085992579427782174 -0.0058060631301401298 -0.0065671475105347722 0.010921170430693197 0.0034215222586271694 -0.0056722793162133148 -0.0040555243262934719 0.005929533162486407 -0.0097524367812936684 0.0047685885242581202 0.00026080933582727162 -0.0017780278723583999 -0.011309460747251412 -0.0081698026731673798 -0.00032024613874436473 0.00074084923423098543 0.013573100784658074
leaf_weight=183.38098664581776 4.7288990318775168 570.13549244403839 215.24843576550484 550.81964829564095 32.942626997828484 111.42081378400326 5.2771141678094855 7.1645174473524085 72.75125640630722 10.753372371196745 38.474902331829071 41.103113055229187 17.057061165571213 42.065211787819862 14.708695709705351 113.66049884259701 8.3238831013441068 14.450503885746 3.9097079783678046 221.58436363935471 9.120367690920828 80.096868887543678 371.56121692061424 10.82901720702648 237.39255398511887 8.9734636545181257 39.563987508416176 170.23053658008575 28.157003045082092 5.8713448047637931
leaf_count=1130 23 2491 1365 2232 171 591 22 31 310 48 159 168 75 232 74 602 41 73 20 1154 47 598 1930 48 1037 41 176 721 127 26
internal_value=0 0.00233912 -0.00413581 0.000866974 -0.00300272 0.00480259 0.00170451 0.00209713 -0.000622977 0.00247311 -0.00134011 -0.00207266 0.00417935 0.00450445 0.00233593 -0.00413132 -0.00128885 -0.00307905 0.00553403 -0.00462008 -0.00365406 -0.00748995 0.00516256 -0.00203336 -0.00285348 -0.0021337 -0.0063414 -0.000635752 0.000722797 0.00301755
internal_weight=3241.76 2070.7 1171.06 1296.48 875.71 774.222 745.66 660.805 79.9158 580.889 84.8551 79.578 590.841 539.756 126.13 403.992 59.6267 47.3931 12.2336 344.365 230.705 295.345 413.626 471.718 296.759 246.366 50.393 174.959 51.0854 34.0283
internal_count=15763 9646 6117 5461 4154 4185 3229 2880 341 2539 349 327 3055 2827 665 2108 305 244 61 1803 1201 1963 2162 2046 1302 1078 224 744 228 153
is_linear=0
shrinkage=0.01


Tree=138
num_leaves=31
num_cat=0
split_feature=4 0 0 0 14 18 23 28 0 9 23 17 17 29 21 1 16 21 3 29 18 22 2 17 26 20 5 6 29 25
split_gain=307.952 66.5582 50.0823 12.5927 12.2429 8.96825 8.29866 8.37848 8.12021 7.85624 6.81803 6.64075 8.37079 10.0833 6.43927 8.62496 5.87888 5.8249 5.7113 5.71025 5.6468 9.11336 8.35034 6.1003 8.32372 5.61427 6.62416 5.4516 5.38972 7.65144
threshold=0.048412742557612895 -0.83221870665800235 1.2912659232832424 0.68020418326113929 -0.45863302340718576 -0.92863435351327428 0.57309539114097652 -0.069434504048865558 -1.4207684488009822 0.45388732896799172 1.1908506470561908 0.54136057397057435 0.87863308713196886 1.1020880915137925 1.3575148911823682 0.87695525791621576 -0.46503531256405534 -1.270224636708928 -1.712625837704745 -0.45255117063581168 -0.22234667562206176 2.058657571387204 1.1954841743354365 -0.50492176318627791 -0.85769008650922751 -1.1346317417202096 -0.45064553640744809 1.971175875600846 1.4068265479878719 1.1973336411102022
decision_type=2 2 2 2 2 2 2 2 2 2 2 2 2 2 2 2 2 2 2 2 2 2 2 2 2 2 2 2 2 2
left_child=1 8 3 10 11 25 9 -8 -1 -7 28 14 13 -13 15 -3 -12 -14 -10 -18 23 22 -22 24 -5 -6 -27 -4 29 -2
right_child=2 4 27 20 5 6 7 -9 18 -11 16 12 17 -15 -16 -17 19 -19 -20 -21 21 -23 -24 -25 -26 26 -28 -29 -30 -31
leaf_value=0.0091997611917544603 -0.0013449134463076569 0.0028653497874419295 -0.0065993652681957185 0.0013260416211709012 0.0062881464195467807 0.0013464320395949294 -0.0040178631169883929 0.0003696043450101004 0.0088557336171908863 -0.0016030697323137437 -0.00091774035081710866 -0.00053520500171443163 -0.0049253779827416536 -0.011820333511472547 0.0072668000074446971 -0.0092804262872633082 -0.0028281526209011777 0.0030566121124919938 0.0044909327347909932 -0.010179693532605396 -0.0039900076985485327 0.0089743590118048153 0.002841914271837837 -0.0077598989431473912 -0.0055099280939455795 0.00012354399146603237 0.0065494655243409873 -0.0097197246393634345 0.0018875508770811523 -0.0063476126417593738
leaf_weight=43.643286868929863 428.0176756978035 318.92012426257133 214.38921695947647 23.228287890553474 32.960127204656601 332.00519609451294 95.262414574623108 79.33332784473896 32.107397258281708 123.7038572281599 26.237522259354591 45.922592952847481 9.9376648366451246 9.5271206051111204 33.47947433590889 5.82352690398693 19.553380727767944 94.946116015315056 608.77961313724518 24.428261429071426 211.10191087424755 5.9609175175428382 19.301313206553459 70.684386923909187 72.905773296952248 76.412276297807693 20.321523666381836 79.565777033567429 45.537620484828949 32.995458960533142
leaf_count=315 1832 1421 1365 119 142 1355 387 323 183 500 113 198 43 41 149 25 89 411 3320 111 1093 29 106 376 385 319 83 598 191 141
internal_value=0 0.00248467 -0.00382867 -0.0027406 0.00113618 0.000326255 -0.000165137 -0.00201948 0.00500136 0.000543409 -0.00178924 0.00232099 0.000621145 -0.00250996 0.00307864 0.00264168 -0.00471342 0.00228683 0.00471251 -0.00694786 -0.00409829 -0.00309209 -0.00341236 -0.00551528 -0.00384814 0.00272039 0.00148918 -0.00745038 -0.00138106 -0.00170643
internal_weight=3236.99 1963.09 1273.91 979.953 1278.56 759.999 630.305 174.596 684.53 455.709 576.77 518.557 160.333 55.4497 358.223 324.744 70.2192 104.884 640.887 43.9816 403.183 236.364 230.403 166.818 96.1341 129.694 96.7338 293.955 506.551 461.013
internal_count=15763 9215 6548 4585 5397 3109 2565 710 3818 1855 2477 2288 693 239 1595 1446 313 454 3503 200 2108 1228 1199 880 504 544 402 1963 2164 1973
is_linear=0
shrinkage=0.01


Tree=139
num_leaves=31
num_cat=0
split_feature=0 6 0 0 7 0 7 0 14 25 25 27 0 9 3 18 11 11 26 17 26 16 24 6 16 7 28 27 16 25
split_gain=302.508 72.8234 43.4971 12.151 9.30178 9.21276 8.65384 7.09609 6.78757 13.1117 13.414 6.64312 9.04895 5.78197 6.48391 5.57044 9.31231 10.0392 7.52653 6.02987 8.191 5.51702 6.72904 5.44535 5.24605 7.21327 7.7801 6.07062 5.82418 5.19526
threshold=0.13948129492966602 -0.78267091142507572 1.2912659232832424 -0.25538312153693771 -0.48960170173084266 0.68020418326113929 0.79904954882914847 -1.3968373785588175 -1.0887260895859641 1.1639985948241938 1.3850220127122073 0.65049829190295805 -0.9429607268970962 1.0278431420327223 1.3568512350743036 -0.22234667562206176 0.87954787430796932 0.73795136998089617 -1.5389228455481778 -0.50492176318627791 -0.85769008650922751 -0.98404812180688983 0.019388742576929758 1.971175875600846 -0.33235682965025121 -0.64795993314319456 1.6860951904355412 -0.90575238522161095 -2.2756001308307927 0.83626484348954888
decision_type=2 2 2 2 2 2 2 2 2 2 2 2 2 2 2 2 2 2 2 2 2 2 2 2 2 2 2 2 2 2
left_child=1 4 5 6 8 24 11 -6 -1 -10 -11 12 -3 -9 -15 19 17 -17 -18 20 -7 -8 -23 -4 28 27 -27 -26 -2 -30
right_child=2 3 23 -5 7 15 21 13 9 10 -12 -13 -14 14 -16 16 18 -19 -20 -21 -22 22 -24 -25 25 26 -28 -29 29 -31
leaf_value=0.0079049811730692015 -0.011480871201981527 0.011416230309330547 -0.0065596387018124662 -0.00025961718255799906 0.010250135418190552 0.0013120330116649043 0.0081298453439523945 0.0040419759974448816 0.0058860361137314989 -0.018615803472960893 0.0027727885634627452 0.0036207365954220457 0.0012354544773098212 -0.0069160833921058399 0.0047347463395364699 -0.0020385432348836744 0.0034912758717932108 0.0093088769165607307 -0.0062016418247598636 -0.0077118868039137006 -0.0054695966422292873 0.0010386289070148796 -0.0046372662312849037 -0.0096871508139297659 0.00027491217912333892 -0.0017436266045781868 -0.01122863283190992 -0.0080871927862371292 -0.0012716632699251238 0.0028558562430679429
leaf_weight=135.46931263804436 4.7038820683956137 8.8290689289569837 213.53562311828136 550.7506328523159 17.996113136410713 23.242530941963196 5.7413352876901618 501.88114759325981 70.759352445602417 4.5853643417358381 7.6160981804132462 197.93665546178818 462.53027305006981 10.289923951029779 8.6689806729555112 126.92000906169415 8.5709638297557813 8.1844318658113462 92.342141807079315 70.415180906653404 72.71064929664135 39.864473402500153 43.189327418804169 79.03797473013401 10.82414737343788 237.14073140919209 8.930436432361601 39.421686381101608 130.54486557841301 39.620281562209129
leaf_count=835 23 52 1365 2232 129 119 24 2624 392 24 40 874 1999 42 37 656 43 42 487 376 385 165 177 598 48 1037 41 176 555 166
internal_value=0 0.00229834 -0.00407186 0.000869234 0.00476661 -0.00295167 0.00169059 0.00405455 0.00651593 0.00422888 -0.00526984 0.00208028 0.00143065 0.00383664 -0.00153937 -0.00406539 -0.00306558 -0.00133736 -0.00536584 -0.00547506 -0.00381683 -0.00123456 -0.00190293 -0.00741097 -0.00199779 -0.00280913 -0.00209634 -0.00626897 -0.000616415 -0.000303649
internal_weight=3232.25 2066.11 1166.15 1308.84 757.266 873.572 758.091 538.836 218.43 82.9608 12.2015 669.296 471.359 520.84 18.9589 402.386 236.018 135.104 100.913 166.368 95.9532 88.7951 83.0538 292.574 471.186 296.317 246.071 50.2458 174.869 170.165
internal_count=15763 9646 6117 5523 4123 4154 3291 2832 1291 456 64 2925 2051 2703 79 2108 1228 698 530 880 504 366 342 1963 2046 1302 1078 224 744 721
is_linear=0
shrinkage=0.01


Tree=140
num_leaves=31
num_cat=0
split_feature=0 6 0 0 7 0 7 0 14 25 25 1 8 3 10 3 7 8 18 11 11 26 17 26 6 11 16 7 5 10
split_gain=297.031 71.6852 43.0682 11.9184 9.20758 9.07646 8.48668 7.04664 6.73016 12.8855 13.0227 6.58774 10.388 8.64849 5.65387 5.80734 5.51177 9.23364 5.49424 9.17111 9.83035 7.40733 5.96023 8.06029 5.43891 5.38652 5.14974 7.09463 7.30413 6.99962
threshold=0.13948129492966602 -0.78267091142507572 1.2912659232832424 -0.25538312153693771 -0.48960170173084266 0.68020418326113929 0.79904954882914847 -1.3968373785588175 -1.0887260895859641 1.1639985948241938 1.3850220127122073 0.9934623837132136 -0.91063247789286816 1.1166564372825574 0.84015143804648462 1.6501769122210141 0.96099585763684525 1.2180753409314142 -0.22234667562206176 0.87954787430796932 0.7217659893182321 -1.5389228455481778 -0.50492176318627791 -0.85769008650922751 1.971175875600846 -0.10414052810322769 -0.33235682965025121 -0.64795993314319456 -0.34907508735556264 -1.842574617861503
decision_type=2 2 2 2 2 2 2 2 2 2 2 2 2 2 2 2 2 2 2 2 2 2 2 2 2 2 2 2 2 2
left_child=1 4 5 6 8 26 11 -6 -1 -10 -11 13 -13 -3 25 -16 17 -8 22 20 -20 -21 23 -7 -4 -9 -2 29 -29 -28
right_child=2 3 24 -5 7 18 16 14 9 10 -12 12 -14 -15 15 -17 -18 -19 19 21 -22 -23 -24 -25 -26 -27 27 28 -30 -31
leaf_value=0.0078624351335662077 -0.00061045559289893338 0.0022704656348730718 -0.0065200825846830701 -0.000257023607543712 0.010217508677766869 0.0012981816572941707 -0.0096133456915137323 0.00566913198564707 0.0058454101612607449 -0.018271913412234105 0.0027491094807986062 -0.014459868939033621 0.00031218509347281882 0.01179330933759226 -0.0013856862544966249 0.01055735608067915 0.00012150996433407655 0.0059394027596934539 -0.0020709011439995063 0.0034514376909179157 0.0084715465354409571 -0.0061583487229523179 -0.0076641615091936057 -0.0054295151385572761 -0.0096547098492132683 0.0033720875786142986 -0.0009453477905380953 0.0016356537600699841 -0.0028746077696947358 -0.0089007448486327807
leaf_weight=134.8440360724926 174.82975263893604 577.72948062419891 212.68766483664513 550.74615968763828 17.873974844813347 23.256616517901421 15.368888512253763 151.50672347843647 70.540420934557915 4.6266189813613874 7.6057940721511841 4.969684660434722 76.538631901144981 9.6590767204761487 33.171476781368256 4.5379910171031943 68.524972170591354 4.9081273078918448 125.63005210459232 8.5842817276716215 9.38823653757572 92.063497930765152 70.14709597826004 72.516650646924973 78.513479962944984 330.6602837741375 17.077429428696632 43.26253753900528 202.65815851092339 33.068392038345337
leaf_count=835 744 2534 1365 2232 129 119 63 815 392 24 40 22 327 42 145 20 282 21 650 43 48 487 376 385 598 1723 77 187 891 147
internal_value=0 0.00227797 -0.00403983 0.00086084 0.00473094 -0.00292592 0.00167462 0.0040222 0.00647506 0.00419609 -0.0052042 0.00206078 -0.000592851 0.00243074 0.00380535 4.9223e-05 -0.00122184 -0.005789 -0.00403283 -0.00303944 -0.00132472 -0.00532619 -0.0054351 -0.00378575 -0.0073717 0.00409697 -0.00197915 -0.00278352 -0.00207675 -0.00621867
internal_weight=3227.5 2063.81 1163.68 1308.45 755.367 872.483 757.699 537.75 217.617 82.7728 12.2324 668.897 81.5083 587.389 519.876 37.7095 88.802 20.277 401.586 235.666 135.018 100.648 165.92 95.7733 291.201 482.167 470.896 296.067 245.921 50.1458
internal_count=15763 9646 6117 5523 4123 4154 3291 2832 1291 456 64 2925 349 2576 2703 165 366 84 2108 1228 698 530 880 504 1963 2538 2046 1302 1078 224
is_linear=0
shrinkage=0.01


Tree=141
num_leaves=31
num_cat=0
split_feature=0 6 0 0 13 0 1 11 5 20 5 6 1 28 6 9 26 25 6 18 11 11 26 9 29 8 18 26 16 23
split_gain=291.645 70.5681 42.6435 11.366 9.27978 8.94326 8.04018 10.0443 8.87107 8.00589 7.35944 5.85951 8.90926 15.1076 9.23917 7.27045 8.09734 6.67049 5.43228 5.41899 9.0319 9.61436 7.28999 5.27045 5.91265 8.63572 5.21231 6.37256 5.05566 6.44349
threshold=0.13948129492966602 -0.77371383506239377 1.2912659232832424 -0.25538312153693771 -1.2401268835255583 0.68020418326113929 0.9934623837132136 1.2788770643397529 -0.38311842756676978 1.0995790206217309 0.77809238871668984 -1.1420760822811282 1.0235794474220037 0.23490523235014041 -1.2130912187997924 0.83448464603776051 -0.18982884958079277 -0.29363255072823097 1.971175875600846 -0.22234667562206176 0.87954787430796932 0.7217659893182321 -1.5389228455481778 -0.10392639579365452 0.33936227165343685 -0.51014709365332311 -0.31517399135226326 -0.85769008650922751 -0.33235682965025121 1.1025269831237743
decision_type=2 2 2 2 2 2 2 2 2 2 2 2 2 2 2 2 2 2 2 2 2 2 2 2 2 2 2 2 2 2
left_child=1 4 5 6 23 28 7 10 -8 -10 -3 12 14 -14 -6 17 -17 -13 -4 26 21 -21 -22 -1 25 -25 27 -7 -2 -30
right_child=2 3 18 -5 11 19 8 -9 9 -11 -12 15 13 -15 -16 16 -18 -19 -20 20 22 -23 -24 24 -26 -27 -28 -29 29 -31
leaf_value=0.0084664310544896974 -0.00060443921489445544 0.0021911772054922854 -0.0064806957122738561 -0.00025445587453162691 0.0055639573702964866 -0.0010327238336156988 -0.011513175406453545 0.01040857622188269 0.0014820916786498334 -0.0050150942041589357 -0.0019351052265470965 0.0066254750088796449 0.0048814245108644919 -0.011991851181247305 -0.00021414324225535762 -0.0059883416463338028 0.0035317751351064703 0.0039761972052536117 -0.0096224012246932597 -0.0020522165284644596 0.0034121296070023215 0.0083552819629669137 -0.0061153165367337295 -0.0088115591035747877 0.0082706912149621038 0.0042631952770375422 -0.010853347839959749 -0.0059416750329485393 -0.0021837008918129171 -0.0066093345949510204
leaf_weight=85.92238537967205 174.80536475777626 573.35186615586281 211.84533402323723 550.74171452224255 70.504385694861412 35.134903088212013 7.1832032203674308 14.090501844882963 78.151941552758217 24.924884274601936 46.413787633180618 157.95200656354427 10.195816174149515 10.758652761578558 44.965992242097855 12.747737556695936 29.09015217423439 249.8249449878931 77.992285251617432 125.50765416026115 8.5974269956350309 9.4248914420604688 91.786314859986305 5.4315647780895224 34.963796392083168 54.342968493700027 16.051210731267929 114.28836709260941 257.7917962372303 38.029621884226799
leaf_count=567 744 2506 1365 2232 375 183 31 63 332 103 194 844 51 54 241 55 128 1307 598 650 43 48 487 31 216 316 85 612 1124 178
internal_value=0 0.00225773 -0.00400794 0.000832989 0.00466219 -0.0029003 0.00163911 0.00207306 -0.000846125 -8.2631e-05 0.00188029 0.00404564 0.00221375 -0.00375013 0.00330698 0.00459864 0.000599849 0.00500622 -0.00733257 -0.00400051 -0.0030135 -0.00131221 -0.0052868 0.00665335 0.00499124 0.00304569 -0.0053954 -0.00479555 -0.00196056 -0.00275806
internal_weight=3222.81 2061.56 1161.26 1294.86 766.7 871.418 744.116 633.856 110.26 103.077 619.766 586.04 136.425 20.9545 115.47 449.615 41.8379 407.777 289.838 400.791 235.316 134.933 100.384 180.661 94.7383 59.7745 165.474 149.423 470.627 295.821
internal_count=15763 9646 6117 5461 4185 4154 3229 2763 466 435 2700 3055 721 105 616 2334 183 2151 1963 2108 1228 698 530 1130 563 347 880 795 2046 1302
is_linear=0
shrinkage=0.01


Tree=142
num_leaves=31
num_cat=0
split_feature=0 6 0 0 7 0 5 6 29 0 14 27 23 29 27 26 26 21 27 29 3 22 16 23 16 9 3 6 0 20
split_gain=286.354 69.475 42.2206 11.4771 9.06372 8.81367 7.49253 9.43111 9.17064 6.99916 6.67373 9.78386 9.00566 6.49954 5.8282 5.77177 7.42539 7.07912 6.44835 9.03683 6.10526 5.93568 5.67324 6.104 7.27428 5.58705 6.2909 5.42545 5.22997 5.09765
threshold=0.13948129492966602 -0.78267091142507572 1.2912659232832424 -0.28322645968490062 -0.48960170173084266 0.69880422254815 -1.1085602876747025 -0.14344686672431092 -0.15992081958998877 -1.3968373785588175 -1.0887260895859641 0.10177080166971247 -1.1397765954074057 1.064573142950771 0.63603084505906782 -1.0884311379371072 -0.011519473920985799 2.1790791733880042 1.1070267887185234 1.4068265479878719 0.27765075481330892 -1.6571326953052121 -0.33235682965025121 0.58805730839832537 1.5462041721150535 1.0278431420327223 1.3568512350743036 1.971175875600846 -0.34868953581810225 -1.7188322853675728
decision_type=2 2 2 2 2 2 2 2 2 2 2 2 2 2 2 2 2 2 2 2 2 2 2 2 2 2 2 2 2 2
left_child=1 4 5 6 10 22 13 8 -8 -6 -1 -12 -13 14 -3 18 21 -18 20 -20 -7 -17 -2 24 -24 -11 -27 -4 -9 -15
right_child=2 3 27 -5 9 15 7 28 -10 25 11 12 -14 29 -16 16 17 -19 19 -21 -22 -23 23 -25 -26 26 -28 -29 -30 -31
leaf_value=0.0077866162120353655 -0.00054605110222631192 0.0037950831831987239 -0.0064414760636806977 -0.00017705544560766607 0.01016516301767675 -0.0056494898486955381 2.4746611681784003e-05 -0.012291761928644824 0.0026000332255806682 0.0039437322075684521 0.0072280860449707466 -0.010055530342745677 0.0026384615372688682 0.005540703010087804 0.0099937071743818676 0.0052421239245419148 -0.0035570384812525246 0.0073384976525439549 0.012011910746290383 -0.006010678432749118 0.0018502303338466489 -0.0066181406155625885 -0.002442168729329557 -0.0052332322997827386 0.004752019172579878 -0.0068347854486027829 0.004647574434369973 -0.0095902183493446411 -0.00091087408954349609 -0.0041252820904904416
leaf_weight=133.70375411212444 178.41252812743187 93.031129792332649 211.00863869488239 596.71182222664356 17.677823483943939 28.100943133234978 255.74822492897511 7.5531630814075497 302.98811590671539 498.9344194829464 45.426839917898178 6.7479126155376425 30.193016231060028 8.0870735943317431 18.467195600271225 4.1888055056333533 182.66379840672016 6.0159630328416815 7.5673358142375928 4.2063721418380737 17.323260992765427 136.85084894299507 212.83664901554585 77.319860219955444 14.869542896747587 10.297189489006998 8.6437802165746671 77.474408254027367 9.0237429887056333 16.098598197102547
leaf_count=835 761 431 1365 2418 129 147 1093 31 1316 2624 257 36 163 39 85 22 965 30 37 22 89 734 927 356 64 42 37 598 37 73
internal_value=0 0.00223761 -0.0039763 0.000844048 0.00466044 -0.00287492 0.00170233 0.00120086 0.00142326 0.00395657 0.00639778 0.00412451 0.000271796 0.00381881 0.00483874 -0.00400231 -0.00451184 -0.00320064 -0.00104487 0.0054924 -0.0027696 -0.00625535 -0.0019699 -0.002799 -0.00196611 0.00374078 -0.00154536 -0.00729359 -0.00619908 -0.00084254
internal_weight=3218.17 2059.33 1158.84 1307.71 751.625 870.356 710.997 575.313 558.736 535.553 216.072 82.3678 36.9409 135.684 111.498 386.917 329.719 188.68 57.1979 11.7737 45.4242 141.04 483.439 305.026 227.706 517.875 18.941 288.483 16.5769 24.1857
internal_count=15763 9646 6117 5523 4123 4154 3105 2477 2409 2832 1291 456 199 628 516 2046 1751 995 295 59 236 756 2108 1347 991 2703 79 1963 68 112
is_linear=0
shrinkage=0.01


Tree=143
num_leaves=31
num_cat=0
split_feature=12 0 2 14 6 18 8 0 0 23 10 5 17 17 29 21 1 28 23 25 16 21 3 9 10 19 16 21 8 5
split_gain=281.206 61.7358 47.5205 11.3294 8.77734 8.66074 11.0826 8.104 7.93596 7.76681 6.48238 7.16341 6.38489 8.238 9.86511 6.363 8.39921 6.32168 6.16838 6.76998 5.93948 5.74716 5.68957 5.07191 7.47398 6.39537 4.17826 4.06764 3.9348 6.96027
threshold=0.048412742557612895 -0.83221870665800235 1.1135961122668883 -0.45863302340718576 1.971175875600846 -0.92863435351327428 -1.4982913218201239 0.50425984259590273 -1.4207684488009822 0.57309539114097652 1.1068684948668501 -0.40641149176918939 0.54136057397057435 0.87863308713196886 1.1020880915137925 1.3575148911823682 0.87695525791621576 -2.0588843263450767 1.1025269831237743 1.8460226177719032 -0.43942986382975108 -1.270224636708928 -1.712625837704745 2.143428567811847 1.3985942417985073 1.2070040335872909 -0.71779096653396535 -1.9362156112875433 -1.3909906803772123 -0.011776971277908988
decision_type=2 2 2 2 2 2 2 2 2 2 2 2 2 2 2 2 2 2 2 2 2 2 2 2 2 2 2 2 2 2
left_child=1 8 7 12 27 10 -7 17 -1 -8 11 -5 15 14 -14 16 -3 -2 19 -19 -20 -15 -10 24 25 -9 -17 -4 -24 -30
right_child=2 3 4 5 -6 6 9 23 22 -11 -12 -13 13 21 -16 26 -18 18 20 -21 -22 -23 28 -25 -26 -27 -28 -29 29 -31
leaf_value=0.0090352130296042985 -0.010054036523118997 0.0027573102322599567 0.003649242911739859 0.0021649116657987736 -0.0096358040562880068 0.0081489044643483916 0.00030721306223419515 -0.0025404444817587507 0.0087056671629641806 -0.0021963936570367861 -0.0084025384313537628 0.0092867613933606766 -0.00059275901490682219 -0.0049545034807410675 -0.011755323726619358 0.0033064108687199827 -0.0092244687172872101 -0.00098383266284287306 -0.0001435743808512133 0.0070882098829669815 -0.0067761706491656351 0.0029791888040485415 0.001702942796907507 0.0036898734379282143 -0.0072509148556234174 -0.0062946976824600469 0.010538501724499725 -0.0059931039776900162 0.0058445602073831726 0.0035568482734713094
leaf_weight=42.40403950214386 8.2270950675010663 317.64659607410431 4.2491056621074668 108.2021551579237 78.944814026355743 15.476399973034857 442.78433890640736 347.98573938012123 31.591294586658478 171.71059976518154 4.9498312622308722 16.32871875166893 45.839184746146202 9.9272462427616102 9.5329640507698041 15.862297981977461 5.8282576501369467 348.70263294875622 22.152687922120094 10.585811913013456 35.788213610649109 94.694928497076035 53.853931918740273 9.8497962206602079 47.541735231876373 52.734180316329002 17.442792057991028 294.98246718943119 242.10958552360535 305.59146723151207
leaf_count=315 35 1421 27 457 610 66 1801 1711 183 698 20 67 198 43 41 71 25 1464 93 43 160 411 303 48 243 271 78 1843 1385 1632
internal_value=0 0.00237838 -0.00367904 0.00108325 -0.00664659 0.000304429 -0.00017835 -0.00240715 0.00482308 -0.000390996 0.00265937 0.00311347 0.0022256 0.000557562 -0.00255028 0.00297045 0.00253555 -0.00140879 -0.00123356 -0.000741315 -0.00426216 0.00221283 0.00453801 -0.00333165 -0.00348896 -0.00303844 0.0071442 -0.00585167 0.00431607 0.00457083
internal_weight=3213.52 1951.78 1261.74 1276.23 378.176 759.452 629.971 883.568 675.55 614.495 129.481 124.531 516.774 159.994 55.3721 356.78 323.475 425.456 417.229 359.288 57.9409 104.622 633.146 458.111 448.262 400.72 33.3051 299.232 601.555 547.701
internal_count=15763 9215 6548 5397 2480 3109 2565 4068 3818 2499 544 524 2288 693 239 1595 1446 1795 1760 1507 253 454 3503 2273 2225 1982 149 1870 3320 3017
is_linear=0
shrinkage=0.01


Tree=144
num_leaves=31
num_cat=0
split_feature=4 6 13 6 3 4 7 23 24 8 17 3 19 18 24 28 23 14 19 24 14 25 25 14 18 10 3 28 3 3
split_gain=276.069 60.6192 46.8149 11.1096 10.2734 10.5276 8.91538 8.20466 12.352 10.6362 10.5585 7.56333 10.4901 7.31546 6.73136 9.20877 9.9446 7.46506 7.04174 7.25954 6.62639 12.6122 12.6898 6.54732 6.15953 5.91568 5.90354 5.89849 5.82167 7.49252
threshold=0.048412742557612895 -0.78267091142507572 1.3356225278686242 0.4631431373058536 -0.44204379099834962 -0.36740194766756035 -0.48960170173084266 -1.1397765954074057 1.2987229006640162 0.26786438629633874 -1.1382556209377717 -0.49257891930843561 -0.64301633845656625 -1.2344637056027243 1.1244693938908663 0.78325642489928904 -0.99008265622573199 0.76864138450190811 1.2070040335872909 -0.30194927800879506 -1.0887260895859641 1.1639985948241938 1.3850220127122073 -1.4277551419103394 -0.29474823657073485 0.84015143804648462 1.6501769122210141 -0.077563462363495234 -0.29722428742012846 -0.19018009069439692
decision_type=2 2 2 2 2 2 2 2 2 2 2 2 2 2 2 2 2 2 2 2 2 2 2 2 2 2 2 2 2 2
left_child=1 6 3 7 11 -6 20 8 27 -9 -11 12 24 -14 18 17 -17 -16 19 -5 -1 -22 -23 -8 -3 -25 -27 -2 -7 -30
right_child=2 4 -4 14 5 28 23 9 -10 10 -12 -13 13 -15 15 16 -18 -19 -20 -21 21 22 -24 25 -26 26 -28 -29 29 -31
leaf_value=0.0077130939627815219 0.00077640558150357129 0.0034919714905294404 -0.0073532703077858908 -0.002072535822013302 0.001489344876081923 -0.0046554695031521933 0.0097975015818524275 -0.00044482409069243823 -0.010443280212872342 0.0095952362217904732 -0.0045702130264844648 0.0078747371316020137 -0.0053045706134524518 0.00074432429548819824 0.0071841512288972386 0.0052481039257997195 -0.0068512602131754943 -0.00131442880939597 -0.0073439211620976372 -0.0046510434268414117 0.0057007744773279875 -0.018093546239080403 0.0026488094336296337 0.0039788760198056416 -0.0024134779504022302 -0.0016612951564743581 0.010423893265910032 0.0071979069745922433 0.0045686680784022679 -0.00084202470325701764
leaf_weight=132.60830426216125 37.526582464575768 241.63010816276073 268.65485627949238 194.93515129387379 384.94110569357872 35.921227052807808 18.278802216053009 190.56323020160198 7.2370088994503012 5.3317744284868231 140.50739581882954 22.65012526512146 24.895533725619316 99.188350021839142 18.413334354758263 8.4716074317693693 31.598990380764008 22.99529992043972 55.15422160923481 254.51162068545818 69.754131019115448 4.6479265093803388 7.5619371831417084 478.06924410164356 18.781264096498489 32.577033698558807 4.5099449008703223 23.4601149559021 27.50209653377533 346.03827106952667
leaf_count=835 159 1067 1860 977 1668 145 131 801 31 23 621 97 105 418 82 40 158 121 297 1280 392 24 40 2539 81 142 20 98 111 1400
internal_value=0 0.00235736 -0.00364927 -0.00264318 0.000964858 0.000301335 0.00459241 -0.00136419 0.00178817 -0.00200682 -0.00403926 0.00225665 0.00192113 -0.000464536 -0.0035241 -0.000840261 -0.00426166 0.00244878 -0.00395523 -0.00353562 0.00632221 0.00405307 -0.00524878 0.00389367 0.00306146 0.00368039 -0.000140711 0.00327071 -0.000813181 -0.000439867
internal_weight=3208.92 1949.56 1259.36 990.706 1201.55 794.403 748.007 404.626 68.2237 336.402 145.839 407.145 384.495 124.084 586.08 81.4792 40.0706 41.4086 504.601 449.447 214.572 81.964 12.2099 533.435 260.411 515.156 37.087 60.9867 409.462 373.54
internal_count=15763 9215 6548 4688 5092 3324 4123 1733 288 1445 644 1768 1671 523 2955 401 198 203 2554 2257 1291 456 64 2832 1148 2701 162 257 1656 1511
is_linear=0
shrinkage=0.01


Tree=145
num_leaves=31
num_cat=0
split_feature=0 6 0 0 13 0 7 27 0 16 24 7 18 6 1 24 18 11 11 26 16 23 16 6 25 9 25 28 23 24
split_gain=271.166 66.3371 41.0774 10.5336 9.04309 8.42342 8.18047 6.50869 8.71914 6.3187 8.13774 6.1058 9.26382 7.62442 10.8323 5.99537 5.88578 9.63928 9.2242 7.2677 5.51469 5.92598 7.16132 5.42839 5.35641 5.20968 5.8309 5.1096 4.94314 6.82199
threshold=0.13948129492966602 -0.77371383506239377 1.2912659232832424 -0.25538312153693771 -1.2401268835255583 0.69880422254815 0.79904954882914847 0.65049829190295805 -0.93379210330125495 -0.98404812180688983 0.019388742576929758 1.4163865699608964 0.071106423196849261 -1.1420760822811282 1.0235794474220037 -0.40739946837279445 -0.22234667562206176 0.87954787430796932 0.73795136998089617 -1.5389228455481778 -0.33235682965025121 0.58805730839832537 1.5462041721150535 1.971175875600846 -0.29363255072823097 -0.10392639579365452 -0.091270123527604941 -0.55956432601432982 -1.5235811334577802 0.67167909428212902
decision_type=2 2 2 2 2 2 2 2 2 2 2 2 2 2 2 2 2 2 2 2 2 2 2 2 2 2 2 2 2 2
left_child=1 4 5 6 25 20 7 8 -3 -8 -11 13 -13 14 -6 -14 28 18 -18 -19 -2 22 -22 -4 -15 -1 -27 -23 29 -7
right_child=2 3 23 -5 11 16 9 -9 -10 10 -12 12 15 24 -16 -17 17 19 -20 -21 21 27 -24 -25 -26 26 -28 -29 -30 -31
leaf_value=0.0083288993290425006 -0.0005101085175284628 0.01128697632292823 -0.0063266635824145599 -0.00024611371287775976 0.0031334591853555021 -0.0043904769543797045 0.0091485854932993119 0.0034988875741413356 0.0011180091226497255 0.0012339236002753596 -0.0051437002324811847 -0.0092529320179370531 -0.0031436414982031046 0.0063433206567312418 -0.0059900461104403224 0.004926280735413539 -0.001764268343671861 0.0034562875363190831 0.0090967326640330227 -0.0060750007834844515 -0.0023856140961913551 -0.0097126572036029743 0.0047534029910057743 -0.0095014870001791339 0.0039644150188556685 0.0024128351975777587 0.0074535826078064365 -0.0036408027443186226 -0.0059588339845272741 0.010421206489495956
leaf_weight=84.343228220939636 178.23123314976692 8.5186412483453733 208.55839186906815 550.61627717316151 109.48177096247673 9.9287338107824308 5.2531860917806616 193.47227913141251 455.83912871778011 38.430233955383301 41.12655071914196 7.933111459016799 13.06882233917713 158.74242755770683 14.610409304499624 29.776940479874611 120.7809956818819 8.5822062045335752 8.2410669624805433 89.475538998842239 212.44485349953175 18.676413387060165 14.868129432201384 76.053278997540474 247.75136011838913 48.694567680358887 44.94057160615921 58.310368433594704 143.17000971734524 4.4039333015680304
leaf_count=567 761 51 1365 2232 591 52 22 857 1972 159 168 34 58 856 74 136 632 43 42 480 927 87 64 598 1306 284 279 269 775 22
internal_value=0 0.00217902 -0.00388336 0.000800423 0.00452522 -0.00279893 0.00157763 0.00195509 0.0013091 -0.00133718 -0.00205273 0.00391577 0.00057891 0.00423306 0.00204726 0.00243992 -0.00390548 -0.00286361 -0.00105629 -0.00522794 -0.0019143 -0.00273302 -0.00191238 -0.00718158 0.00489721 0.00650706 0.0048482 -0.00513745 -0.00539849 0.000132026
internal_weight=3204.32 2052.6 1151.73 1293.26 759.343 867.113 742.64 657.83 464.358 84.81 79.5568 581.365 50.7789 530.586 124.092 42.8458 384.582 227.08 129.022 98.0577 482.531 304.3 227.313 284.612 406.494 177.978 93.6351 76.9868 157.503 14.3327
internal_count=15763 9646 6117 5461 4185 4154 3229 2880 2023 349 327 3055 228 2827 665 194 2046 1197 674 523 2108 1347 991 1963 2162 1130 563 356 849 74
is_linear=0
shrinkage=0.01


Tree=146
num_leaves=31
num_cat=0
split_feature=0 6 0 0 7 0 7 0 14 27 23 10 18 18 6 7 8 9 21 18 22 2 18 23 18 23 23 11 1 21
split_gain=266.242 65.3026 40.6629 10.6261 8.76769 8.29954 7.98493 6.89759 6.56722 9.60675 8.79283 6.56471 6.93044 6.14504 5.42059 5.41635 8.97577 5.35685 6.02591 5.3012 8.96899 8.24849 5.20287 6.00454 4.74762 8.29237 7.27569 5.51606 5.13678 8.83429
threshold=0.13948129492966602 -0.78267091142507572 1.2912659232832424 -0.25538312153693771 -0.48960170173084266 0.68020418326113929 0.79904954882914847 -1.3968373785588175 -1.0887260895859641 0.10177080166971247 -1.1397765954074057 0.6305986490072274 -1.0804699753550804 -1.1573451154466114 1.971175875600846 0.96099585763684525 1.2180753409314142 1.0278431420327223 0.37398769766857703 -0.22234667562206176 2.058657571387204 1.1954841743354365 -0.31517399135226326 -1.5235811334577802 0.74415044504447647 -0.82842520305780531 -0.1435967386805608 0.56422351038878582 0.7922085987904981 0.88011209441211269
decision_type=2 2 2 2 2 2 2 2 2 2 2 2 2 2 2 2 2 2 2 2 2 2 2 2 2 2 2 2 2 2
left_child=1 4 5 6 8 -2 11 -6 -1 -10 -11 13 -13 -3 -4 16 -8 -9 -19 22 21 -21 23 -7 28 27 -27 -26 -5 -30
right_child=2 3 14 24 7 19 15 17 9 10 -12 12 -14 -15 -16 -17 -18 18 -20 20 -22 -23 -24 -25 25 26 -28 -29 29 -31
leaf_value=0.0076379039194727693 -0.001869269049247228 0.004155303660136926 -0.0062880926098769982 -6.3122063276945244e-05 0.010062542238980666 0.001674082625684564 -0.0095200945361042372 0.0038167351366308155 0.0070840016745907413 -0.010034168584994001 0.0025160533775635081 -0.0001561624567408345 0.011758959843759969 0.0013725787724713399 -0.0094697518273096602 0.00010376292697115623 0.005830700354178881 -0.0055729713966097827 0.0063023761794179824 -0.0037621822599167012 0.0091399979775789609 0.0030649212110694176 -0.010719846320737247 -0.0052673476353594893 0.012001567113944541 -0.0071259018170615075 -0.0013341155332041916 0.00047878850388008334 0.0076228130336375944 -0.0033815105314724467
leaf_weight=131.48661455512047 469.21482186019421 93.241178959608078 207.74402104318142 395.40950340032578 17.28911167383194 13.456110268831251 15.378331154584886 495.0987021625042 44.844115406274796 6.7516789138317099 29.972454577684402 7.3900111466646221 13.386591896414755 552.64985372126102 75.547937318682671 68.485366687178612 4.8911861926317206 12.629668131470682 6.2852416336536399 208.23457324504852 5.9296320229768744 19.102772980928421 15.821657612919806 134.30885510146618 5.7141225337982204 31.886461183428764 69.43136203289032 15.289946332573889 22.272303640842438 10.608250766992567
leaf_count=835 2046 429 1365 1601 129 69 63 2624 257 36 163 32 57 2407 598 282 21 52 27 1093 29 106 85 726 23 130 283 62 90 43
internal_value=0 0.00215964 -0.00385257 0.000811289 0.00452365 -0.00277436 0.00158147 0.00383009 0.0062459 0.00398315 0.000160574 0.00195716 0.00749253 0.00177642 -0.00714314 -0.00122825 -0.0057563 0.0036166 -0.00156193 -0.00384123 -0.0028617 -0.00318302 -0.00522927 -0.00462776 -0.000243655 -0.00198125 -0.00317198 0.00370294 0.000250623 0.00404268
internal_weight=3199.75 2050.39 1149.36 1306.03 744.358 866.068 755.423 531.303 213.055 81.5682 36.7241 666.668 20.7766 645.891 283.292 88.7549 20.2695 514.014 18.9149 396.854 233.267 227.337 163.587 147.765 550.612 122.322 101.318 21.0041 428.29 32.8806
internal_count=15763 9646 6117 5523 4123 4154 3291 2832 1291 456 199 2925 89 2836 1963 366 84 2703 79 2108 1228 1199 880 795 2232 498 413 85 1734 133
is_linear=0
shrinkage=0.01


Tree=147
num_leaves=31
num_cat=0
split_feature=0 0 0 2 0 0 10 5 22 7 15 15 10 24 18 11 11 26 3 16 20 20 25 22 0 20 26 17 26 16
split_gain=261.396 64.2163 40.255 12.4493 8.18021 7.7933 6.91632 9.38168 7.82295 6.04688 5.84283 6.49408 11.2783 6.55803 5.72943 9.48597 9.01411 7.17259 5.65221 5.41747 5.44907 6.45887 6.06304 5.31562 5.14438 5.13949 5.1058 4.95258 5.98449 4.86082
threshold=0.13948129492966602 -0.83221870665800235 1.2912659232832424 -0.48581699954084218 0.69880422254815 -1.4207684488009822 -1.397061202769972 -1.7220508952257851 -0.049471600201476625 -1.686264373193785 -1.2182133671449693 -0.66844100529049344 0.10920405852882169 0.54825111722331143 -0.22234667562206176 0.87954787430796932 0.73795136998089617 -1.5389228455481778 -1.712625837704745 -0.33235682965025121 -0.99079603521305903 -0.8170693138805929 -0.6590121094019642 -0.18244164890291178 1.9936709866747886 0.22099346782610457 0.69305694038582522 -0.45944098924657611 -0.85769008650922751 -0.86281428640654145
decision_type=2 2 2 2 2 2 2 2 2 2 2 2 2 2 2 2 2 2 2 2 2 2 2 2 2 2 2 2 2 2
left_child=1 5 4 10 19 -1 9 29 -9 26 25 12 -12 -13 27 16 -16 -17 -7 -2 22 -22 -21 -11 -4 -3 -5 28 -6 -8
right_child=2 3 24 6 14 18 7 8 -10 23 11 13 -14 -15 15 17 -18 -19 -20 20 21 -23 -24 -25 -26 -27 -28 -29 -30 -31
leaf_value=0.0089070445999933651 -0.00048623725970585051 0.012527084973849802 -0.0063055143219263457 0.0042814108510436334 0.00048393941392536465 0.008583209119216206 0.001977107657277806 0.0012791027263088462 -0.00066776731699470305 -0.011415199589652505 -0.0020128284650192019 0.0036259036368444615 0.0042597336438704577 0.00054343139089213044 -0.001723575022809552 0.0034597755712124363 0.0089976858060504226 -0.006011175112438971 0.0041802680024174898 0 0.0043583187578851686 -0.0025633793933520807 -0.0090516239761567162 -0.002831106360165848 -0.0094829601534940026 0.00081405500452587018 -0.0061744965004712684 -0.0075786566018980215 -0.0052943231716864837 0.01201268407863333
leaf_weight=41.450980454683304 178.12918363511562 9.9913327544927615 211.63342875242233 14.149380907416345 23.346084132790565 31.168840169906616 9.7019836753606814 396.50497698783875 429.64510604739189 11.685119554400446 85.656056076288223 237.61546398699284 42.948492765426636 98.457728669047356 120.52506020665169 8.5810402035713178 8.2680109888315183 89.064151972532272 595.94289644062519 10.513613715767859 14.044670820236204 254.29299636185169 25.006191179156303 19.98293325304985 70.347764581441879 6.2846461385488501 6.8145431727170935 60.572234332561493 72.732702895998955 10.187624603509901
leaf_count=315 761 46 1414 59 121 183 42 1624 1755 48 374 1068 190 440 632 43 42 480 3320 47 62 1125 113 82 549 28 28 333 395 44
internal_value=0 0.00214042 -0.0038218 0.000906764 -0.00274981 0.00468413 0.000210529 0.000430532 0.000265451 -0.00330109 0.0022053 0.00199505 7.5855e-05 0.00272625 -0.00384308 -0.00281436 -0.00102111 -0.00516595 0.00440203 -0.00187817 -0.00269043 -0.00219589 -0.00638178 -0.00605597 -0.00710484 0.00809799 0.000821957 -0.00532097 -0.00388083 0.00720182
internal_weight=3195.25 2048.19 1147.06 1379.63 865.076 668.563 898.672 846.04 826.15 52.632 480.954 464.678 128.605 336.073 383.089 226.438 128.793 97.6452 627.112 481.987 303.857 268.338 35.5198 31.6681 281.981 16.276 20.9639 156.651 96.0788 19.8896
internal_count=15763 9646 6117 5828 4154 3818 3682 3465 3379 217 2146 2072 564 1508 2046 1197 674 523 3503 2108 1347 1187 160 130 1963 74 87 849 516 86
is_linear=0
shrinkage=0.01


Tree=148
num_leaves=31
num_cat=0
split_feature=4 0 0 0 14 18 8 7 0 10 5 15 22 21 11 16 16 16 3 6 18 22 11 18 26 20 28 11 13 5
split_gain=256.72 57.1965 45.1269 10.7331 10.4429 8.26855 10.7961 7.78283 7.74564 6.28174 7.13261 5.84603 5.92865 10.6349 7.27595 5.72323 6.48799 7.62944 5.59588 5.42525 5.15427 8.79869 7.4455 5.16107 6.27457 5.0763 4.73332 4.07767 12.5178 5.57098
threshold=0.048412742557612895 -0.83221870665800235 1.2912659232832424 0.68020418326113929 -0.45863302340718576 -0.92863435351327428 -1.4982913218201239 -1.3833248812166004 -1.4207684488009822 1.1068684948668501 -0.40641149176918939 -1.2182133671449693 0.83272968524399005 0.029708429148575546 0.17735893278695705 -2.2756001308307927 -0.33235682965025121 0.33721217327536462 -1.712625837704745 1.971175875600846 -0.22234667562206176 2.058657571387204 0.87954787430796932 -0.31517399135226326 -0.85769008650922751 0.22099346782610457 -1.6626545602677643 -0.79475785300054991 -1.0725436414781275 -0.011776971277908988
decision_type=2 2 2 2 2 2 2 2 2 2 2 2 2 2 2 2 2 2 2 2 2 2 2 2 2 2 2 2 2 2
left_child=1 8 3 15 11 9 -7 -8 -1 10 -6 25 14 -14 -13 -2 26 -18 -10 -4 23 22 -22 24 -5 -3 -17 28 -20 -29
right_child=2 4 19 20 5 6 7 -9 18 -11 -12 12 13 -15 -16 16 17 -19 27 -21 21 -23 -24 -25 -26 -27 -28 29 -30 -31
leaf_value=0.0088726364947157178 -0.011241625249605723 0.012458826107195713 -0.0062094013098492416 -0.00080066799036319068 0.0020895882854870566 0.0080463777462680668 -0.0066347309092870278 -0.00019064896795404517 0.0085388926999770774 -0.0082999300315851048 0.00920084425326647 0.0026994964051221706 -0.0021617682918505096 0.0056904278583533056 -1.1802893801419399e-05 -0.0062851759482545856 -0.0040828027173476734 -0.0011036280864743357 -0.015480928451848766 -0.0094098492047203549 -0.0015608118384922581 0.009058820597479247 -0.0052429010649054572 -0.010643918654565277 -0.005702087284136779 0.00080624335878820509 0.00021942537424296405 0.0053976057066322889 0.0032244767049957935 0.0033924336459336592
leaf_weight=41.197272822260857 6.067473739385604 9.9463856667280215 206.08482466638088 34.715416446328163 107.9853735268116 15.426626071333883 19.272132650017738 594.97162264585495 31.01857316493988 4.9492845833301535 16.304107651114464 201.58843906223774 21.51357313990593 82.790384009480476 192.91944071650505 11.740260943770407 148.62546809017658 206.94640512764454 4.1150085479021099 74.597259350121021 130.28860177099705 5.9443112611770621 96.381857767701149 15.690668269991873 112.31645672023296 6.2830597609281531 200.60696518421173 264.53124171495438 23.468551069498062 302.51912176609039
leaf_count=315 29 46 1365 183 457 66 79 2420 183 20 67 901 95 368 850 51 649 905 23 598 681 29 518 85 612 28 843 1534 131 1632
internal_value=0 0.00227634 -0.00353423 -0.00250973 0.00103315 0.000285677 -0.000185854 -0.000395509 0.00464933 0.00258915 0.00303712 0.00213233 0.00193649 0.00406075 0.00137143 -0.00163291 -0.00152653 -0.0023525 0.00436826 -0.0070666 -0.00377951 -0.0028129 -0.00313249 -0.0051526 -0.00455295 0.00804145 -0.000138283 0.00414763 0.000351978 0.0043304
internal_weight=3190.81 1940.8 1250.01 969.324 1273.95 758.909 629.67 614.244 666.85 129.239 124.289 515.041 498.812 104.304 394.508 573.987 567.919 355.572 625.652 280.682 395.337 232.615 226.67 162.723 147.032 16.2294 212.347 594.634 27.5836 567.05
internal_count=15763 9215 6548 4585 5397 3109 2565 2499 3818 544 524 2288 2214 463 1751 2477 2448 1554 3503 1963 2108 1228 1199 880 795 74 894 3320 154 3166
is_linear=0
shrinkage=0.01


Tree=149
num_leaves=31
num_cat=0
split_feature=0 6 13 11 19 0 3 13 5 13 29 7 3 14 5 13 29 9 7 20 6 1 25 7 6 9 20 22 22 10
split_gain=252.094 62.3903 39.5096 10.2125 12.1272 10.0777 9.37679 8.62253 7.00508 11.7816 8.41629 6.85919 7.10586 6.76328 6.96399 6.59072 6.42904 6.21579 10.155 8.37908 5.78595 12.1847 5.89672 5.44655 5.42392 5.21734 5.01148 4.74254 9.11325 7.11376
threshold=0.13948129492966602 -0.78267091142507572 1.3356225278686242 0.87954787430796932 0.86508633864473328 -0.28322645968490062 1.3767915233014187 -1.2730793931718756 -1.1085602876747025 -0.22891361771090035 -0.15992081958998877 1.4474236587566358 0.40960400075522591 1.1223778820129053 -0.061883769762445369 -0.37067967267468377 1.064573142950771 0.2213680245676691 -0.64795993314319456 1.7599135916613657 -1.1420760822811282 1.0935023364665892 0.62808961514793615 0.67991426760560014 1.2419625946429003 1.0734463076372769 -1.7188322853675728 -0.38874651527012166 -0.3282398684588102 -0.84174424024438899
decision_type=2 2 2 2 2 2 2 2 2 2 2 2 2 2 2 2 2 2 2 2 2 2 2 2 2 2 2 2 2 2
left_child=1 7 3 4 17 8 23 -1 16 10 -10 20 -13 14 -5 -7 -3 18 -2 -19 21 -9 -22 -6 25 -4 -18 29 -29 -17
right_child=2 5 24 13 6 15 -8 11 9 -11 -12 12 -14 -15 -16 27 26 19 -20 -21 22 -23 -24 -25 -26 -27 -28 28 -30 -31
leaf_value=0.0066310039638888089 -0.0037004439256775618 0.0046679265416632882 0.0064365289237312464 0.0052668530925184818 0.0089394930176013802 -0.012483968354497433 0.012970699529656109 0.0035548663353753931 -3.4693381799807422e-05 -0.010266693577762777 0.0024115103675003417 -0.0075707837585429292 0.0021421220601990278 -0.0099622222711504369 -0.0044105005973413842 -0.002147972971958709 0.0053629282394118708 -0.0040794462399707226 -0.00030795717719499244 0.0054471860407156389 0.0056145790616596034 -0.005292690733159201 0.0028723576745459749 -0.0010101667610527055 -0.0077056759587540149 -0.0049151800856759107 -0.0042553622327915416 -0.0085070473327015558 -0.00040815917643999565 0.0022936981590185109
leaf_weight=143.98812310397625 146.73512916266918 110.61823257803917 4.5954701006412533 7.5669399201869956 6.6127399057149878 4.215656951069831 7.5912844091653815 134.47055087983608 258.51850251853466 8.8446294069290143 306.30238629877567 9.2370607405900937 38.725348889827728 21.599496632814407 188.44764238595963 47.504752725362778 8.0084187239408511 239.04991897940636 222.96477662026882 9.4311206638813001 284.00508117675781 17.429454699158669 111.28853511810303 29.930796831846237 230.72446794062853 27.213070943951607 16.032590627670288 14.339550212025641 383.73261313140392 146.63596798479557
leaf_count=944 699 516 27 37 31 17 37 743 1107 36 1334 39 178 126 930 193 39 1161 1049 46 1547 91 581 141 1653 180 73 58 1555 595
internal_value=0 0.00210289 -0.00376204 -0.00274386 -0.00212298 0.000786819 0.00292606 0.00442426 0.00159332 0.00110862 0.0012903 0.00388767 0.000238851 -0.0046271 -0.00402932 -0.000169422 0.00364843 -0.00248549 -0.00165779 -0.00371179 0.00420557 0.00253028 0.004846 0.000782468 -0.0071685 -0.00322879 -0.001001 -7.79798e-05 -0.000704476 0.00120116
internal_weight=3186.36 2043.9 1142.46 879.93 662.316 1304.75 44.1348 739.144 708.325 573.666 564.821 595.156 47.9624 217.614 196.015 596.429 134.659 618.181 369.7 248.481 547.194 151.9 395.294 36.5435 262.533 31.8085 24.041 592.213 398.072 194.141
internal_count=15763 9646 6117 4257 3164 5523 209 4123 3105 2477 2441 3179 217 1093 967 2418 628 2955 1748 1207 2962 834 2128 172 1860 207 112 2401 1613 788
is_linear=0
shrinkage=0.01


Tree=150
num_leaves=31
num_cat=0
split_feature=4 14 13 11 19 15 3 13 17 14 14 24 19 16 23 3 16 23 15 25 9 20 7 3 14 5 15 8 19 15
split_gain=247.491 55.2326 44.0932 11.5414 8.89724 10.6577 10.3409 8.60213 8.32709 8.71299 9.22594 15.0595 8.80224 8.32977 8.45185 7.82974 7.7763 9.07046 7.9287 7.25469 6.93947 7.86282 7.71192 6.93939 6.85147 8.41003 6.53936 6.24987 5.80966 5.68903
threshold=0.048412742557612895 -0.76925032944422023 1.3356225278686242 0.87954787430796932 0.86508633864473328 0.65436867725171988 1.3767915233014187 -1.2401268835255583 -0.44038207104179689 -0.46919547157914315 -0.54895991181270565 0.79898754191310795 0.55894965051182077 -1.3394885671042311 0.57309539114097652 -0.073758955386684491 0.40261085532753355 -0.37701210211273006 -0.62806915060231139 -0.99204529591713098 0.2213680245676691 1.7599135916613657 0.0079312245092346516 -1.6739164348779523 1.1223778820129053 -0.061883769762445369 0.12990472325095789 -0.32759431797821109 -0.39086855400100823 1.319073196481434
decision_type=2 2 2 2 2 2 2 2 2 2 2 2 2 2 2 2 2 2 2 2 2 2 2 2 2 2 2 2 2 2
left_child=1 7 3 4 20 6 -6 -1 16 10 11 -10 -12 15 -15 -11 17 -3 28 -19 22 -22 -2 -9 25 27 -20 -5 -18 -25
right_child=2 8 -4 24 5 -7 -8 23 9 13 12 -13 -14 14 -16 -17 18 19 26 -21 21 -23 -24 29 -26 -27 -28 -29 -30 -31
leaf_value=0.0063313202323596928 -0.0020556152397678061 0.0038812615269360052 -0.0071304736423293963 -0.00273541516916598 0.0024929961627587708 -0.006723988683667732 0.016992669862950976 0.0083617609566732538 0.0021662342053344473 0.012034532350606633 0.0076685539534396838 -0.0042382754967714067 -0.00010213208081116169 9.3245403270571985e-05 -0.0028375219322452731 -0.0016481933788153628 -0.0091289692131793776 0.0037416737369842506 0.013196640316730641 -0.00044629189993667051 -0.0038272770989166761 0.0053819706357507912 0.0012922334527325483 0.003958962380155172 -0.0099183290142546288 -0.0043845352455862078 0.0043504628116145432 0.013834963411552319 0.0038283575233120253 0.0011373168179490581
leaf_weight=174.80225260555744 375.93933951854706 113.01482939720154 261.30080999433994 4.3770257085561752 27.595980301499367 9.6071730852127057 5.9714729636907569 31.458330184221268 162.72075213491917 10.002031698822977 42.877013936638832 47.247394904494286 21.674341186881065 361.09154516458511 134.84435647726059 6.9021551609039298 4.8250459581613567 52.533061504364014 15.743067279458044 191.9787018597126 252.53034947812557 9.4510582387447339 83.758492529392242 447.86884213984013 21.479180440306664 189.08420297503471 19.004194036126137 4.4108995199203473 11.534708574414251 86.384020701050758
leaf_count=1130 1727 488 1860 21 131 45 29 183 713 41 188 204 91 1471 549 28 20 224 67 816 1218 46 390 2421 126 934 82 21 49 450
internal_value=0 0.00223654 -0.00347737 -0.00250585 -0.00192321 0.00247132 0.00514492 0.00438298 0.000906449 0.000303747 0.00174199 0.000718988 0.00504781 -0.000464374 -0.000702022 0.00641209 0.00206494 0.00153859 0.00571735 0.000450561 -0.0021878 -0.00348931 -0.0014433 0.00377818 -0.00453109 -0.00393653 0.0084135 0.00553128 0 0.0035049
internal_weight=3182.01 1936.51 1245.51 984.205 764.854 43.1746 33.5675 740.513 1195.99 787.36 274.52 209.968 64.5514 512.84 495.936 16.9042 408.634 357.527 51.107 244.512 721.679 261.981 459.698 565.711 219.351 197.872 34.7473 8.78793 16.3598 534.253
internal_count=15763 9215 6548 4688 3586 205 160 4184 5031 3285 1196 917 279 2089 2020 69 1746 1528 218 1040 3381 1264 2117 3054 1102 976 149 42 69 2871
is_linear=0
shrinkage=0.01


Tree=151
num_leaves=31
num_cat=0
split_feature=0 6 0 0 7 0 7 0 14 25 25 10 3 10 6 16 24 24 8 26 28 9 17 26 24 16 23 16 23 24
split_gain=243.136 60.4526 38.6679 9.73815 8.55565 7.88276 7.75475 6.80028 6.55492 12.3915 12.4485 6.45734 6.47445 5.95929 5.46946 5.26918 6.39793 5.15635 7.65916 6.16451 5.97616 5.10215 5.97904 5.03423 5.0226 4.82979 6.97087 5.94956 4.53107 9.83762
threshold=0.13948129492966602 -0.78267091142507572 1.2912659232832424 -0.25538312153693771 -0.48960170173084266 0.68020418326113929 0.79904954882914847 -1.3968373785588175 -1.0887260895859641 1.1639985948241938 1.3850220127122073 0.6305986490072274 -1.712625837704745 0.80067309485206228 1.971175875600846 -0.98404812180688983 0.019388742576929758 1.7675609407230466 -0.73506302903826815 -1.0884311379371072 -1.9167274068957196 1.0278431420327223 0.9348822081325151 -0.24257526987628802 -1.7971907809226197 -0.33235682965025121 1.2324464706532952 -2.2756001308307927 -0.71839333663030347 -1.3486560467717903
decision_type=2 2 2 2 2 2 2 2 2 2 2 2 2 2 2 2 2 2 2 2 2 2 2 2 2 2 2 2 2 2
left_child=1 4 5 6 8 24 11 -6 -1 -10 -11 12 -3 -13 -4 -8 -17 19 -19 20 -7 -9 -23 -21 -2 27 -27 -26 29 -5
right_child=2 3 14 28 7 17 15 21 9 10 -12 13 -14 -15 -16 16 -18 18 -20 23 -22 22 -24 -25 25 26 -28 -29 -30 -31
leaf_value=0.0074797309060923231 -0.0073892619255270832 0.0060788849001394835 -0.0060911930634170762 -0.0078851558056713018 0.0099422006065194475 -0.0081866372894522192 0.0079160300219229887 0.0036571664736793977 0.005460136992012493 -0.018149981393438482 0.0024466738922115355 0.011387909352295673 0.0014697552536877595 9.2485684032710878e-05 -0.009328738597145135 0.00096032967095254146 -0.0045763684907413624 0.013594449008190262 -0.0019557520654871125 -0.0062439107790861282 0.00043953725181569524 -0.0052709600669267418 0.0069414818318852926 -0.0035690321223427902 -0.011294669132935085 -0.001850572147788843 -0.0071238997184200669 7.9191491725637037e-05 -0.00072534690043303172 0.0023127662754518063
leaf_weight=129.12565772235394 15.401042267680166 32.166053920984268 203.59099371731281 10.195322990417479 16.835792899131775 9.4620596617460233 5.7111965715885153 490.27917270362377 68.449953347444534 4.6407102942466718 7.4739100784063339 13.233830168843271 611.98262915015221 7.4685570895671836 73.322001129388809 39.78468419611454 43.185161873698235 3.9717125743627575 13.929929032921789 110.0999518185854 49.12863390147686 13.31525479257107 5.5770085155963889 206.7861712872982 4.6275936514139167 255.58605070412159 27.927671641111374 164.31582923233509 427.61094020307064 112.59443685412407
leaf_count=835 69 155 1365 42 129 49 24 2624 392 24 40 57 2681 32 598 165 177 21 73 601 256 55 24 1108 23 1123 133 698 1734 456
internal_value=0 0.00206623 -0.0037027 0.000772013 0.0043583 -0.00265511 0.0015107 0.00367125 0.00607441 0.00380315 -0.00544535 0.00188179 0.00170238 0.0073811 -0.00695511 -0.00125911 -0.00191148 -0.00370082 0.00149507 -0.00395154 -0.000948077 0.00346003 -0.00159562 -0.00450323 -0.00177313 -0.00157816 -0.00237588 -0.000232936 -0.000237571 0.00145216
internal_weight=3177.78 2039.63 1138.15 1303.93 735.697 861.237 753.532 526.007 209.69 80.5646 12.1146 664.851 644.149 20.7024 276.913 88.681 82.9698 393.378 17.9016 375.477 58.5907 509.171 18.8923 316.886 467.858 452.457 283.514 168.943 550.401 122.79
internal_count=15763 9646 6117 5523 4123 4154 3291 2832 1291 456 64 2925 2836 89 1963 366 342 2108 94 2014 305 2703 79 1709 2046 1977 1256 721 2232 498
is_linear=0
shrinkage=0.01


Tree=152
num_leaves=31
num_cat=0
split_feature=0 6 13 0 13 0 7 1 5 3 16 16 10 6 6 25 22 6 10 25 16 23 16 9 8 28 2 16 18 23
split_gain=238.712 59.4967 38.361 9.28041 8.62918 8.32771 7.6428 6.17328 9.27552 8.65674 6.09073 6.28303 5.87483 7.66454 9.09279 6.44705 5.66564 5.43072 5.40307 6.22292 5.19465 5.79158 7.01854 5.15664 5.06453 5.05252 4.79799 5.36109 4.61309 8.03387
threshold=0.13948129492966602 -0.77371383506239377 1.3356225278686242 -0.25538312153693771 -1.2401268835255583 0.69880422254815 0.79904954882914847 0.9934623837132136 -0.38311842756676978 1.1166564372825574 -0.98404812180688983 -0.30276737312951568 0.84015143804648462 -1.1420760822811282 -1.2130912187997924 0.61688257147234671 0.64711762648629212 1.2419625946429003 -0.16177704083546354 -0.091270123527604941 -0.33235682965025121 0.58805730839832537 1.5462041721150535 1.0734463076372769 -0.47282174365100615 -0.55956432601432982 0.71280000506675867 -2.2756001308307927 0.74415044504447647 -0.82842520305780531
decision_type=2 2 2 2 2 2 2 2 2 2 2 2 2 2 2 2 2 2 2 2 2 2 2 2 2 2 2 2 2 2
left_child=1 4 5 6 18 20 7 9 -9 -3 -8 -12 13 14 -6 -15 -14 23 -1 24 26 22 -22 -4 -20 -23 27 -2 -5 -30
right_child=2 3 17 28 12 -7 10 8 -10 -11 11 -13 16 15 -16 -17 -18 -19 19 -21 21 25 -24 -25 -26 -27 -28 -29 29 -31
leaf_value=0.0081355390786882042 -0.011238987796072035 0.0020424973026956154 0.0065243105961384955 0.00025201957725990343 0.0039203389930660415 -0.0037473871834296925 0.008977493800733833 -0.011529590926340741 0.00031073720952806032 0.011606461177167038 -0.0084270685925965701 -0.0007861666310534824 -0.0022351595358066317 0.0054686962140132397 -0.0014696666380021382 0.0026459925286921194 0.0064499953158939638 -0.0075992678052848681 -0.0062750731358121523 0.0072545830759657981 -0.0022382246577317775 -0.0095399300789231426 0.004837777825639363 -0.0047894627391234755 0.0032880195772507894 -0.0034755864225527754 0.0092586421994406646 -0.00040143839800812646 0.0036468093164182653 -0.0031212860977228953
leaf_weight=82.149116009473801 4.604625701904296 566.16390511393547 4.5783631354570415 428.1388808041811 82.079552009701729 396.43189193308353 5.2302679270505896 7.1676211804151526 72.437659591436386 9.5802949368953687 12.838182866573332 66.68393911421299 29.454270258545876 286.40065796673298 50.146235078573227 115.48251782357693 9.9694448709487897 227.43879275768995 6.2485841512680045 44.131736025214195 211.48845988512039 18.484205886721611 14.838166654109953 26.905270963907242 40.964830912649632 57.907205268740654 4.8661142885684958 168.33853627741337 20.996255815029144 101.24942348897457
leaf_count=568 23 2497 27 1734 442 2149 22 31 310 42 53 274 128 1564 272 604 45 1653 38 281 927 87 64 180 243 269 22 716 85 413
internal_value=0 0.00204777 -0.00367315 0.000746583 0.00429383 -0.00267221 0.00147799 0.00184407 -0.000755942 0.00220536 -0.00133976 -0.00204132 0.00369719 0.00397212 0.00186907 0.00466093 -2.79925e-06 -0.00705709 0.00625716 0.00454991 -0.00178252 -0.00257982 -0.00176797 -0.0030971 0.00199064 -0.00496658 -0.000418828 -0.000702096 -0.000235214 -0.00194863
internal_weight=3173.4 2037.51 1135.88 1290.49 747.027 876.959 740.102 655.349 79.6053 575.744 84.7524 79.5221 573.533 534.109 132.226 401.883 39.4237 258.922 173.494 91.3452 480.527 302.718 226.327 31.4836 47.2134 76.3914 177.809 172.943 550.385 122.246
internal_count=15763 9646 6117 5461 4185 4257 3229 2880 341 2539 349 327 3055 2882 714 2168 173 1860 1130 562 2108 1347 991 207 281 356 761 739 2232 498
is_linear=0
shrinkage=0.01


Tree=153
num_leaves=31
num_cat=0
split_feature=12 14 2 6 13 17 14 2 20 25 1 5 19 14 16 23 3 19 3 23 6 7 26 8 23 6 23 5 23 1
split_gain=234.298 52.7468 42.7732 8.72056 8.38306 8.05347 8.37374 11.3023 9.42309 8.56687 8.22106 9.12944 8.53327 8.47826 8.15736 8.24031 7.68133 7.5052 7.42024 6.98916 6.99857 6.58408 7.96632 6.51234 9.2303 9.22434 9.06666 6.33247 5.8016 8.22706
threshold=0.048412742557612895 -0.76925032944422023 1.1135961122668883 1.971175875600846 -1.2730793931718756 -0.44038207104179689 -0.46919547157914315 -0.61801113555137166 0.99100100159504645 -1.3438968061415937 -0.34215969983038003 -0.81113576223287787 0.20744073569558161 -0.15129774353977807 -1.3394885671042311 0.57309539114097652 -0.073758955386684491 0.72425116575829496 -1.6739164348779523 -1.2299663288305667 0.058546289883586254 0.45805567293577537 -1.6765697205580194 0.26786438629633874 -0.38573289009942807 0.37501283610207742 -0.24639619203578875 -0.92914725424587441 1.0185674756330709 -1.2541514378082705
decision_type=2 2 2 2 2 2 2 2 2 2 2 2 2 2 2 2 2 2 2 2 2 2 2 2 2 2 2 2 2 2
left_child=1 4 19 -4 -1 10 7 9 -9 -7 11 27 -12 -13 16 -16 -8 -14 -6 20 -2 22 -22 24 25 -21 -26 -3 29 -25
right_child=2 5 3 -5 18 6 14 8 -10 -11 12 13 17 -15 15 -17 -18 -19 -20 23 21 -23 -24 28 26 -27 -28 -29 -30 -31
leaf_value=0.0064816373449887079 0.01009706337545516 0.0024092399847883915 -0.0054812616673356298 -0.0093551472952793056 0.0084297558270863479 0.0065098570391770747 0.01191947649685263 0.0059342571868694774 4.8614620576235965e-06 -0.00096247983623453672 0.0094217390315574495 0.0012935699488732795 -0.0051556864729883026 -0.003433794808488488 8.4878300733860608e-05 -0.0028093066099166338 -0.0016373577181946967 0.0076983724847473154 0.0034858607194205205 -0.0002038390727757978 -0.0098345252674876711 -0.0034718409051116583 0.0026483465550453866 0.010554559704790585 0.0040597018546778699 -0.0058019354103568069 -0.0014695307980312695 0.0080284053976027829 -0.0069088315424490525 -0.0033404555183154218
leaf_weight=141.72422500699759 6.5108979344367972 146.52639390528202 289.04911082983017 74.355253599584103 32.40284076333046 17.199502736330032 9.9850625693798083 81.174405917525291 40.494727432727814 135.2491986900568 28.211816847324371 139.84306967258453 9.9909079074859637 51.945413321256638 360.99028779566288 134.80955797433853 6.9008090645074835 8.1378842294216138 561.17467342317104 43.65580940246582 5.4816690981388083 44.140273153781891 58.214404508471489 4.2127220779657355 32.652880549430847 92.764142319560051 307.17669034004211 23.448180690407753 48.432798519730568 232.20437626540661
leaf_count=944 27 644 1870 610 191 77 41 356 169 594 119 597 42 210 1471 549 28 34 3049 182 25 206 260 20 144 445 1408 100 241 1110
internal_value=0 0.00217829 -0.00339386 -0.00627899 0.00428578 0.000880333 0.000287506 0.00169882 0.00397063 -0.000109169 0.00202047 0.00150782 0.00598914 6.84189e-06 -0.000465317 -0.000700451 0.00634326 0.000570128 0.0037588 -0.0021945 0.000102223 -0.000500772 0.00154467 -0.00254084 -0.00182071 -0.00401927 -0.000934269 0.00319455 -0.00374027 -0.00308427
internal_weight=3169.06 1930.21 1238.85 363.404 735.302 1194.91 786.804 274.118 121.669 152.449 408.104 361.763 46.3406 191.788 512.686 495.8 16.8859 18.1288 593.578 875.447 114.347 107.836 63.6961 761.099 476.25 136.42 339.83 169.975 284.85 236.417
internal_count=15763 9215 6548 2480 4184 5031 3285 1196 525 671 1746 1551 195 807 2089 2020 69 76 3240 4068 518 491 285 3550 2179 627 1552 744 1371 1130
is_linear=0
shrinkage=0.01


Tree=154
num_leaves=31
num_cat=0
split_feature=0 6 0 0 0 0 1 8 10 2 18 3 17 0 6 18 2 22 17 26 6 10 18 23 23 1 21 1 16 23
split_gain=230.106 57.7447 37.5853 9.17393 8.26218 7.54956 7.1847 9.6033 6.68295 6.2144 6.09733 5.52344 7.78445 5.47108 5.45552 5.13434 8.74582 8.42668 5.97207 7.74071 5.63556 4.7431 4.48545 7.85835 7.24856 5.11155 8.60041 7.44155 4.41614 5.99531
threshold=0.13948129492966602 -0.78267091142507572 1.2912659232832424 -0.25538312153693771 -1.4207684488009822 0.68020418326113929 0.9934623837132136 -0.91063247789286816 0.84015143804648462 -0.97321511293240159 1.0286659015049744 1.6501769122210141 -0.18058522712713301 -0.3012631624324642 1.971175875600846 -0.22234667562206176 1.1954841743354365 2.2324188480389213 -0.50492176318627791 -0.85769008650922751 1.2609653532197225 -1.1984955019675674 0.74415044504447647 -0.82842520305780531 -0.1435967386805608 0.7922085987904981 0.88011209441211269 0.43649115172467001 -0.33235682965025121 1.1025269831237743
decision_type=2 2 2 2 2 2 2 2 2 2 2 2 2 2 2 2 2 2 2 2 2 2 2 2 2 2 2 2 2 2
left_child=1 4 5 6 -1 28 9 -8 21 -3 -11 12 -10 -9 -4 18 17 -17 19 -7 -18 -6 25 -24 -25 27 -27 -5 -2 -30
right_child=2 3 14 22 8 15 7 13 11 10 -12 -13 -14 -15 -16 16 20 -19 -20 -21 -22 -23 23 24 -26 26 -28 -29 29 -31
leaf_value=0.0087026680998761666 -0.00045189399417149277 0.01227938932767712 -0.0059811955334093661 0.00042894480096920915 0.012276589664125221 0.0016998963438520217 -0.014300577266661535 0.00055501865479952526 0.0036941465234116939 0.0015454431549481774 0.0058956095865709138 0.010205712478089709 -0.0060095176954753958 -0.0067292936023215216 -0.0092409933581972196 -0.0035163899828057395 0.010036309125418448 0.011268225545660286 -0.0072587092439071969 -0.0049655129579222494 -0.00072731121339404529 0.0041432216670721136 0.0036120962542784429 -0.0070303422574778977 -0.0012466476198655205 0.0075641148447284116 -0.0032958676103810418 -0.0038638802841641402 -0.0019173599310851606 -0.0062248487462045069
leaf_weight=39.957639314234257 174.10465788841248 5.6289343684911719 201.29903264343739 349.68866138160229 7.3092715442180625 22.841364100575447 4.9691572189331046 97.263870045542717 15.125948980450628 598.94129434227943 34.180828526616096 4.4623039215803137 17.844558700919151 11.422278955578802 71.955103501677513 206.88946898281574 8.122779458761217 3.8024709075689307 67.799541860818863 70.227002829313278 11.500937655568121 645.92410549521446 20.996874496340752 31.845949947834015 69.35220405459404 22.269767999649048 10.599192664027212 45.542143762111664 255.6394519507885 37.277126416563988
leaf_count=315 744 34 1365 1417 45 119 22 415 69 2627 147 20 76 46 598 1100 45 18 376 385 65 3598 85 130 283 90 43 184 1124 178
internal_value=0 0.00201142 -0.00361454 0.000748317 0.00426175 -0.0025837 0.0014661 -0.000843828 0.00400215 0.00187875 0.00178277 -8.07212e-05 -0.0015298 -0.00020681 -0.00684631 -0.00361085 -0.00264215 -0.0032396 -0.00498904 -0.00331885 0.00370563 0.00423762 -0.000231363 -0.00192133 -0.00308173 0.000249016 0.00403241 -6.40369e-05 -0.00172061 -0.00247089
internal_weight=3164.78 2033.32 1131.46 1302.7 730.624 858.205 752.406 113.655 690.666 638.751 633.122 37.4328 32.9705 108.686 273.254 391.184 230.316 210.692 160.868 93.0684 19.6237 653.233 550.295 122.195 101.198 428.1 32.869 395.231 467.021 292.917
internal_count=15763 9646 6117 5523 4123 4154 3291 483 3808 2808 2774 165 145 461 1963 2108 1228 1118 880 504 110 3643 2232 498 413 1734 133 1601 2046 1302
is_linear=0
shrinkage=0.01


Tree=155
num_leaves=31
num_cat=0
split_feature=0 6 0 14 15 7 0 0 23 15 10 28 0 23 7 18 11 17 6 23 15 16 23 16 9 3 17 18 11 28
split_gain=225.907 56.8231 37.1924 9.07356 9.23855 8.37835 7.91013 7.43648 7.23236 14.4295 11.6312 7.01905 6.72431 6.56393 6.03762 5.56165 9.05755 9.22553 5.44506 5.12382 5.0244 4.99385 5.62722 5.99209 4.9117 5.85162 4.89122 4.5712 4.47634 4.37532
threshold=0.13948129492966602 -0.78267091142507572 1.2912659232832424 -0.45863302340718576 -1.2841223038673384 -0.48960170173084266 -0.50594895000858153 0.69880422254815 0.53481351436777469 -0.54597388229213473 -1.1984955019675674 -1.8522961559545836 -1.3968373785588175 -1.5235811334577802 -2.3031513011562263 -0.22234667562206176 0.87954787430796932 1.9697480473944917 1.971175875600846 2.0342824139664999 -1.0000000180025095e-35 -0.33235682965025121 0.55892707099278505 1.5462041721150535 1.0278431420327223 1.3568512350743036 -0.45944098924657611 -1.7047461037602745 -0.10414052810322769 -0.88598781687439354
decision_type=2 2 2 2 2 2 2 2 2 2 2 2 2 2 2 2 2 2 2 2 2 2 2 2 2 2 2 2 2 2
left_child=1 5 7 4 -3 13 -5 21 10 -10 -8 -6 -7 20 -13 26 17 -17 -4 -18 -1 -2 23 -23 28 -26 27 -9 -14 -24
right_child=2 3 18 6 11 12 8 15 9 -11 -12 14 24 -15 -16 16 19 -19 -20 -21 -22 22 29 -25 25 -27 -28 -29 -30 -31
leaf_value=0.003585343548451218 -0.00039267145849654887 0.012901254087421819 -0.0059440513876198465 -0.0084330717929323503 0.0099799105021411132 0.0098489278458786817 -0.0039460685159996931 -0.0088986251959044249 -0.0052025155746046273 0.00022879866274382306 0.001267313850909671 0.0091814386099729525 0.0049353051771582959 0.0063222716382265601 0.0013257790623966163 -0.0013219109385639038 -0.0054796473381022708 0.014272570818111683 -0.0092100816482009323 0.0044770381026210809 -0.011381008859651365 -0.002132523562522463 -0.010685735362342247 0.0044518662969385905 -0.0067118073314755998 0.0043856016499897142 -0.007349237418274833 -0.0026968493684864231 0.0028635909961290439 -0.0038321324134857706
leaf_weight=5.5132114440202713 177.68056496977806 7.4483371526002875 200.53583554923534 10.512346804141997 9.9860151559114438 16.487718261778355 46.242971152067184 14.149592459201811 65.31953689455986 192.63701355457306 548.59647858142853 9.9772076755762082 156.54399000108242 197.94183532893658 411.61291868984699 123.7696882635355 90.684831902384758 3.8063779175281516 71.477373339235783 5.2964523881673804 3.5858809947967512 208.84413887560368 11.047488227486609 14.618121102452276 10.301396504044535 8.5647429376840574 59.379066154360771 80.481344923377037 329.9857260286808 67.475550323724747
leaf_count=32 761 35 1365 45 45 129 191 77 267 791 2246 55 861 1239 1848 655 497 19 598 26 20 917 52 63 42 37 333 439 1763 315
internal_value=0 0.00199339 -0.00358553 0.000741044 0.00191154 0.00422911 0.000144492 -0.00256083 0.000252375 -0.00114412 0.000859748 0.00171661 0.00354777 0.0059392 0.00151619 -0.00361308 -0.00259459 -0.000837985 -0.00680902 -0.00491572 -0.00226367 -0.00172989 -0.00251297 -0.00169552 0.00333831 -0.00162458 -0.00508237 -0.00364313 0.00353311 -0.00482146
internal_weight=3160.5 2031.26 1129.25 1302.33 439.024 728.925 863.308 857.233 852.796 257.957 594.839 431.576 521.884 207.041 421.59 377.567 223.557 127.576 272.013 95.9813 9.09909 479.666 301.985 223.462 505.396 18.8661 154.01 94.6309 486.53 78.523
internal_count=15763 9646 6117 5523 1983 4123 3540 4154 3495 1058 2437 1948 2832 1291 1903 2046 1197 674 1963 523 52 2108 1347 980 2703 79 849 516 2624 367
is_linear=0
shrinkage=0.01


Tree=156
num_leaves=31
num_cat=0
split_feature=4 0 13 11 2 19 15 5 2 28 0 29 21 22 0 15 7 7 5 29 2 9 5 26 6 26 17 6 7 22
split_gain=221.81 50.6673 41.5091 11.0931 8.96306 8.7942 10.4894 8.74566 7.92737 7.60424 7.53789 7.13043 10.0626 9.81656 7.06272 8.84693 10.3548 8.87985 7.45416 8.83664 6.52946 5.92491 5.90142 7.48327 6.22254 7.96027 5.48068 5.42462 5.13416 5.13016
threshold=0.048412742557612895 -0.83221870665800235 1.3356225278686242 0.87954787430796932 -0.51328987789633274 0.86508633864473328 0.65436867725171988 -1.1085602876747025 0.48495322171678473 -0.41609843252923379 -1.4207684488009822 -0.13407702961387283 -0.031904877429428331 -1.397115476472172 -0.60380406030993983 -0.59376626140854072 1.9111491190345198 -0.75878033434883951 0.98591970130288564 -0.27095815846080012 -0.53336377895764808 0.9422363379888139 -0.071844429995668146 -0.22056610179329658 0.26255267843563529 -1.3616249460294172 -1.5035684364292459 1.2419625946429003 -1.8833623066310501 0.40529755656070449
decision_type=2 2 2 2 2 2 2 2 2 2 2 2 2 2 2 2 2 2 2 2 2 2 2 2 2 2 2 2 2 2
left_child=1 10 3 5 14 8 9 -6 21 -7 -1 12 -9 -13 15 17 -17 -3 20 -20 -16 -2 23 -5 29 -26 -12 -4 -28 -24
right_child=2 4 27 22 7 6 -8 11 -10 -11 26 13 -14 -15 18 16 -18 -19 19 -21 -22 -23 24 -25 25 -27 28 -29 -30 -31
leaf_value=0.0086399297279261579 -0.0012587553614631787 -0.0069962788107933715 -0.0029333887272677112 -0.0071321350023092166 0.0031506182311514599 -0.001077631395720939 -0.0065829754006154484 0.00073665955956572662 -0.0029907149732059245 0.0087797585185137011 0.0077045212399438762 -0.0062839616045276617 -0.0027459891655795782 0.0012213659042606107 0.0071144183246835083 0.0029664624100649677 -0.00829846315990127 0.00035106524999941181 -0.0065252433397488411 0.0045782869553681223 0.0010093638077475449 0.0039684745954611323 -0.0034832910178775101 0.010016767371438915 0.00010324865965102355 -0.0063883777599468622 0.0089340619308722908 -0.0074615491918884613 0.0036710787558703207 0.0044665076528311943
leaf_weight=39.50551450997591 289.27146987617016 19.810886666178703 31.084361284971237 4.1706667691469193 97.076665416359901 11.983895555138586 9.538348659873007 154.87423224747181 405.13461767137051 21.480148181319237 40.13906429708004 18.146859094500542 177.63996915519238 373.57303504645824 68.474015727639198 205.97389288246632 8.3586968779563886 93.430865988135338 12.632454350590708 16.276866421103477 24.118010476231575 23.269544824957848 26.608437642455101 6.091253995895384 21.309536933898926 147.58989012241364 19.431503474712372 223.19388642162085 554.61805847287178 11.496016785502432
leaf_count=315 1217 87 207 20 417 58 45 630 2066 102 240 75 721 1532 304 948 35 417 54 71 106 98 117 31 109 774 119 1653 3144 51
internal_value=0 0.0021214 -0.00331246 -0.00237456 0.000956201 -0.00180269 0.0025752 0.000333556 -0.00206673 0.00522722 0.00438383 -4.30462e-05 -0.00112115 0.000869606 0.0020924 0.00132342 0.00251882 -0.000930519 0.0041546 -0.0002449 0.00553779 -0.00086523 -0.00437038 0.00294901 -0.0047393 -0.00556385 0.00410708 -0.0069133 0.0038525 -0.00105327
internal_weight=3156.3 1924.08 1232.22 977.944 1270.39 760.678 43.0024 821.311 717.676 33.464 653.694 724.234 332.514 391.72 449.076 327.574 214.333 113.242 121.501 28.9093 92.592 312.541 217.266 10.2619 207.004 168.899 614.189 254.278 574.05 38.1045
internal_count=15763 9215 6548 4688 5397 3586 205 3375 3381 160 3818 2958 1351 1607 2022 1487 983 504 535 125 410 1315 1102 51 1051 883 3503 1860 3263 168
is_linear=0
shrinkage=0.01


Tree=157
num_leaves=31
num_cat=0
split_feature=0 6 0 0 0 7 7 0 14 27 23 27 0 24 7 18 23 28 6 26 26 26 18 22 27 22 21 19 21 22
split_gain=217.823 55.1485 36.6013 10.6824 8.73356 8.23208 7.39655 6.6475 6.50644 9.55365 8.61709 6.35896 8.6286 5.67149 5.27932 5.35105 5.2084 6.20194 5.14107 5.1307 4.90381 9.26217 7.1877 7.14248 12.1941 6.3634 4.91948 4.74814 7.83284 7.42671
threshold=0.13948129492966602 -0.78267091142507572 1.5056581414354833 0.81635007292352191 -0.25538312153693771 -0.48960170173084266 0.79904954882914847 -1.3968373785588175 -1.0887260895859641 0.10177080166971247 -1.1397765954074057 0.65049829190295805 -0.9429607268970962 -1.6654939649022691 0.96099585763684525 1.0924772289245983 -1.2299663288305667 1.5978754726313991 0.058546289883586254 -0.68413000959268533 -0.91462886442811919 -0.22056610179329658 -0.72964309533216476 -0.72508992292907026 0.18913751624178163 -0.26817294535992381 -1.3265996859091527 -0.18096106042464979 -0.65001216663594941 -1.2579752873942243
decision_type=2 2 2 2 2 2 2 2 2 2 2 2 2 2 2 2 2 2 2 2 2 2 2 2 2 2 2 2 2 2
left_child=1 5 3 13 6 8 11 -7 -1 -10 -11 12 -3 19 15 -8 18 -18 -15 -2 23 26 -23 24 -5 -25 -22 29 -29 -9
right_child=2 4 -4 20 -6 7 14 27 9 10 -12 -13 -14 16 -16 -17 17 -19 -20 -21 21 22 -24 25 -26 -27 -28 28 -30 -31
leaf_value=0.0072871193750235269 -0.0084873698275340203 0.011138495019170792 -0.0076812246412198831 -0.0020660594515989976 -0.00023009999190199009 0.0097951744215209816 -0.0090519065127608322 -0.0013423123365261652 0.0067427302343168842 -0.010391600600388722 0.0021210120898655532 0.0033059290818963833 0.00096462434558535501 0.0099914464552151826 3.6980591347135107e-05 0.0020876999464531447 -0.0017692747273528556 -0.0066501219025190839 1.6407178237650493e-05 0.003203945445907986 0.00036387086795024555 -0.0071150297236396431 -0.0024786881864233088 -0.010716069054274474 0.016447129935334367 -0.0017835324295404137 -0.0079779261062865904 0.0049639961789738167 0.0017294423260858685 0.0057214225356126379
leaf_weight=126.28593452274799 21.485312506556514 8.4148752987384778 178.72850997745991 10.178250178694723 550.19056108593941 16.287176489830017 14.323895156383516 16.655544310808182 43.464803755283356 6.6690704822540274 29.269942939281464 195.66012391448021 458.6773523837328 5.5064691752195349 68.370746538043022 5.9175229817628852 450.34722407162189 27.745060697197914 68.529837802052498 4.3501656949520102 7.4564590603113166 42.585483282804489 162.59090019762516 9.6886739283800107 5.2955480366945258 45.978244706988335 84.44838547706604 106.44818656146526 258.36882454156876 122.20343366265297
leaf_count=835 98 52 1405 58 2232 129 59 88 257 36 163 874 1999 23 282 25 2030 131 302 20 43 251 923 55 29 257 492 561 1365 689
internal_value=0 0.00195818 -0.00352873 -0.00274257 0.000725591 0.00416722 0.00142667 0.00349128 0.00586855 0.00359352 -0.000195551 0.00179008 0.0011524 -0.00189069 -0.00127907 -0.00575186 -0.00167321 -0.00205595 0.000784268 -0.00647547 -0.00407609 -0.00464276 -0.00344886 -0.00169246 0.00427037 -0.00337258 -0.00729061 0.00328354 0.00267708 0.0048666
internal_weight=3152.12 2027.21 1124.91 946.186 1301.56 725.653 751.365 519.963 205.69 79.4038 35.939 662.752 467.092 577.964 88.6122 20.2414 552.129 478.092 74.0363 25.8355 368.222 297.081 205.176 71.1407 15.4738 55.6669 91.9048 503.676 364.817 138.859
internal_count=15763 9646 6117 4712 5523 4123 3291 2832 1291 456 199 2925 2051 2604 366 84 2486 2161 325 118 2108 1709 1174 399 87 312 535 2703 1926 777
is_linear=0
shrinkage=0.01


Tree=158
num_leaves=31
num_cat=0
split_feature=0 6 0 0 14 15 7 0 23 15 10 28 0 14 25 25 7 24 23 17 6 24 1 9 17 24 20 4 29 0
split_gain=213.843 54.265 36.2567 10.5312 8.58074 9.0915 8.14396 7.78094 7.09353 14.1194 11.3822 6.9214 6.59733 6.44633 12.1689 12.1559 5.897 5.57685 5.11088 7.46387 5.03037 4.83642 5.20725 4.73927 5.76615 4.63994 5.61272 4.50182 4.40381 4.16516
threshold=0.13948129492966602 -0.78267091142507572 1.5056581414354833 0.81635007292352191 -0.45863302340718576 -1.2841223038673384 -0.48960170173084266 -0.50594895000858153 0.53481351436777469 -0.54597388229213473 -1.1984955019675674 -1.8522961559545836 -1.3968373785588175 -1.0887260895859641 1.1639985948241938 1.3850220127122073 -2.3031513011562263 -1.6654939649022691 -1.2299663288305667 -1.0796557231085482 0.058546289883586254 1.8209845033384735 0.66173224099961991 1.0278431420327223 0.9348822081325151 -0.52232857590478632 0.40382058623899192 -1.0281964850652294 0.42697047025063489 -1.1824739017843389
decision_type=2 2 2 2 2 2 2 2 2 2 2 2 2 2 2 2 2 2 2 2 2 2 2 2 2 2 2 2 2 2
left_child=1 6 3 17 5 -3 13 -6 10 -10 -9 -7 -8 29 -15 -16 -13 -2 20 -20 -19 25 -23 27 -25 26 -5 -14 -27 -1
right_child=2 4 -4 21 7 11 12 8 9 -11 -12 16 23 14 15 -17 -18 18 19 -21 -22 22 -24 24 -26 28 -28 -29 -30 -31
leaf_value=0.0063145951663551528 -0.0064245019486327427 0.012801446730153406 -0.0076456230586453879 -0.00063925020866250888 -0.0083629201873169599 0.0098892782748114059 0.0097647111402246467 -0.0039077434222232407 -0.0051517345945110947 0.00022101984467170647 0.0012506374343621838 0.0090816322653923184 0.0024940685011001734 0.0052303116132979164 -0.018151290282747229 0.0022457427749280876 0.0012787667845879772 0.009875144196682055 0.0010579208932814488 -0.0025403000682148865 1.6243301503940646e-05 0.0075246770223033601 -0.0060329835626365238 -0.0052228110913033919 0.0067925173235414832 -0.0062522500217193615 -0.0050823600639156334 0.004440245767590111 -0.0034764685468537822 0.011003999893587676
leaf_weight=101.14488393068314 25.779505923390388 7.3918522894382468 177.77042235434055 65.505404680967331 10.526271760463713 9.9406715184450132 16.175480514764786 46.221809759736061 65.320384219288826 192.58155311644077 548.44488896429539 9.8734467029571515 247.35909405350685 67.213288381695747 4.6398739963769895 7.3865499794483185 410.90153680741787 5.5167328864336005 66.563419848680496 411.21128636598587 68.530151754617691 7.1770525127649289 4.4807689487934113 13.311170592904093 5.5458225756883612 135.52538271248341 51.007158055901527 236.63980694115162 103.69782130420208 24.571672976016998
leaf_count=688 118 35 1405 372 45 45 129 191 267 791 2246 55 1384 392 24 40 1848 23 294 1867 302 40 25 55 24 783 292 1240 596 147
internal_value=0 0.00194062 -0.00350026 -0.00271866 0.000718557 0.00185837 0.0041352 0.000138681 0.000245787 -0.00113736 0.00084742 0.00166532 0.00346269 0.00583086 0.00356502 -0.00562589 0.00146635 -0.00187296 -0.00165739 -0.00203679 0.000776578 -0.00404463 0.00222165 0.00325609 -0.00161917 -0.00425336 -0.00259563 0.00344839 -0.00505515 0.00724712
internal_weight=3147.96 2025.19 1122.77 944.995 1301.2 438.108 723.988 863.095 852.569 257.902 594.667 430.716 519.031 204.956 79.2397 12.0264 420.775 577.601 551.822 477.775 74.0469 367.394 11.6578 502.856 18.857 355.736 116.513 483.999 239.223 125.717
internal_count=15763 9646 6117 4712 5523 1983 4123 3540 3495 1058 2437 1948 2832 1291 456 64 1903 2604 2486 2161 325 2108 65 2703 79 2043 664 2624 1379 835
is_linear=0
shrinkage=0.01


Tree=159
num_leaves=31
num_cat=0
split_feature=12 6 13 11 5 13 3 5 14 5 29 8 21 5 21 2 28 6 23 8 10 6 1 25 3 17 6 18 20 14
split_gain=209.947 48.0974 40.2382 10.8441 10.4813 8.10905 7.58173 9.51863 6.76452 8.14356 6.72596 15.1704 9.49594 9.03456 8.78598 8.24421 7.77034 6.45595 6.63669 6.0915 6.06463 6.20695 10.6948 6.56162 5.63317 6.97128 5.43669 5.41428 5.06807 5.17779
threshold=0.048412742557612895 -0.78267091142507572 1.3356225278686242 0.87954787430796932 -1.1085602876747025 -1.2730793931718756 1.3767915233014187 0.87431512220286944 1.1223778820129053 -0.061883769762445369 -0.15992081958998877 -1.0934952872123687 0.040303732654953885 0.89038599848868405 0.18159737316620175 -0.27285414436492206 -0.57993062484417879 0.49587588339438288 1.1523559085889787 -0.32759431797821109 0.84015143804648462 -1.1420760822811282 1.0235794474220037 0.62808961514793615 1.6501769122210141 -0.18058522712713301 1.971175875600846 -0.11097132869368782 -0.21140316873658274 -0.063475847423223472
decision_type=2 2 2 2 2 2 2 2 2 2 2 2 2 2 2 2 2 2 2 2 2 2 2 2 2 2 2 2 2 2
left_child=1 5 3 6 28 -1 17 -8 9 19 12 16 13 -6 -14 -13 -12 18 -2 -5 21 22 -7 -23 25 -22 -4 -19 29 -3
right_child=2 4 26 8 10 20 7 -9 -10 -11 11 15 14 -15 -16 -17 -18 27 -20 -21 24 23 -24 -25 -26 -27 -28 -29 -30 -31
leaf_value=0.0062868623450794891 -0.00039079101500407478 0.0039258346259700505 -0.00585595831997814 -0.0025725552637030588 0.0019415599813294466 0.0033023923312199589 -0.0045461070519953305 0.011239332320499831 -0.0097159176874611047 -0.0041449540044068093 0.0035667527722895594 0.0026614706642811275 -0.0074010208535528902 -0.0030816052618957901 -0.0011859578879405103 0.00015691191873304578 -0.0086480584562164536 -0.0037072821781690851 -0.0048116621821183547 0.013817154457591492 0.0032782294673561127 0.0053517134461288276 -0.0037546590078432786 0.0024426735642094377 0.010084250548302476 -0.0060012164680992991 -0.0091723965998910823 -0.0013111811110655676 -0.0065184739990992915 -0.0029741585368936452
leaf_weight=138.73558118194342 306.28113593161106 153.78709043562412 179.55815762281418 4.3412086665630341 187.47985392808914 133.49722477793694 6.0937054753303519 9.6624741405248624 20.912426337599754 186.58047634363174 6.5799118131399181 300.98307867348194 25.643716707825661 44.039708957076073 203.38710238039494 234.84091000258923 22.433306097984314 240.47363293170929 38.209797635674477 4.4091577529907209 14.534200161695479 277.96092711389065 25.37739896774292 109.96008321642876 4.4359957277774802 17.829557120800018 71.287418738007545 157.9850337356329 5.1171157807111731 11.463992953300474
leaf_count=944 1304 711 1253 21 789 752 29 47 126 934 29 1308 106 182 850 950 98 1224 170 21 66 1548 133 584 20 76 607 812 22 47
internal_value=0 0.00206582 -0.00323239 -0.00231138 0.000833879 0.00410341 -0.0017457 0.00508108 -0.00428975 -0.00369902 0.00045097 0.00118269 -0.000444329 0.000980817 -0.00188913 0.00156587 -0.00584077 -0.00189249 -0.000885295 0.00563575 0.00358165 0.00384621 0.00216721 0.00453054 -0.000322028 -0.00180586 -0.00680572 -0.00276033 0.00313099 0.0034396
internal_weight=3143.88 1918.09 1225.79 974.949 1195.76 722.331 758.706 15.7562 216.243 195.331 1025.39 564.837 460.55 231.52 229.031 535.824 29.0132 742.95 344.491 8.75037 583.595 546.796 158.875 387.921 36.7998 32.3638 250.846 398.459 170.368 165.251
internal_count=15763 9215 6548 4688 5092 4123 3586 76 1102 976 4312 2385 1927 971 956 2258 127 3510 1474 42 3179 3017 885 2132 162 142 1860 2036 780 758
is_linear=0
shrinkage=0.01


Tree=160
num_leaves=31
num_cat=0
split_feature=2 2 2 6 14 14 9 20 16 11 3 11 4 6 24 23 23 24 17 11 1 22 16 9 5 22 11 11 2 16
split_gain=206.097 46.3867 40.6117 8.62739 7.6656 7.52476 7.17213 8.33586 8.94996 7.52311 6.65062 7.05821 11.5623 6.29793 7.70016 7.22867 7.18608 12.0891 8.90959 9.8786 8.94479 7.00308 9.37575 6.64185 5.82145 5.62899 8.58849 11.1157 7.4828 5.94993
threshold=0.025465501473428801 -0.80812220286286884 1.1135961122668883 1.971175875600846 -1.4277551419103394 -0.45863302340718576 0.45388732896799172 0.58865754441974694 1.8100321249095308 0.89724674264157411 -1.4464566791574238 -0.79475785300054991 -1.0737094418764042 0.4631431373058536 1.1244693938908663 2.0342824139664999 -1.1397765954074057 1.2987229006640162 -1.0796557231085482 -0.31278757158655668 -0.70437654628285029 0.70130845657059504 0.56138880804490887 1.1655224804483248 -0.011776971277908988 0.83272968524399005 0.17735893278695705 0.92861247309848627 -0.5996253495106495 1.1040493521827
decision_type=2 2 2 2 2 2 2 2 2 2 2 2 2 2 2 2 2 2 2 2 2 2 2 2 2 2 2 2 2 2
left_child=1 4 13 -4 -1 25 7 8 -7 -9 -6 12 -12 16 15 23 17 -2 19 -18 -20 22 -16 -15 -13 26 28 -28 -3 -27
right_child=2 5 3 -5 10 6 -8 9 -10 -11 11 24 -14 14 21 -17 18 -19 20 -21 -22 -23 -24 -25 -26 29 27 -29 -30 -31
leaf_value=0.0084516015745565685 0.0034538473314057144 0.0013224757634664182 -0.0052338087979136062 -0.0091607046402904999 0.0074615150660128958 0.00069697504050103532 -0.0016239307804995725 0.0092102430812836828 -0.0075836805113017472 -0.0010908877226162605 -0.017536093018820809 0.004958947140094404 0.0014601636678789596 -0.0031567862020190269 -0.00045905813250311399 0.0034321539130298465 -0.00056598957349533198 -0.010206032422291825 -0.0065140173100948322 0.0094982334690270828 -0.0016137573272093908 -0.005714987313170404 0.0091210957472372817 -0.0074225288203964923 0.0029088335019323121 0.0027295519802683385 -0.0019987252197654621 0.0036522533243142277 0.0053582875790238104 0.0087916764956607937
leaf_weight=39.683251053094864 57.783705219626427 138.72636477649212 282.3743204921484 71.254663877189159 48.892933562397957 535.40360206365585 157.10629135370255 21.066997870802883 13.263755425810812 10.385899946093557 3.8469401746988323 250.00652606040239 16.628789678215981 342.834766253829 39.334465578198433 14.88426887989044 32.967626839876175 7.1718324720859519 43.433450043201447 13.649555936455725 268.60997071862221 15.013166919350622 13.615557968616484 41.337433382868767 321.35954990237951 80.335023656487465 119.93733990192413 48.88193553686142 69.398001447319984 20.579157292842865
leaf_count=315 245 631 1870 610 301 2206 634 86 54 42 22 1492 95 1696 187 70 138 31 184 58 1169 77 67 233 1755 359 522 215 308 91
internal_value=0 0.00207573 -0.00316209 -0.00603025 0.00416645 0.000903914 0.000268685 0.000783152 0.000493627 0.00578439 0.00389822 0.00360095 -0.0021281 -0.0020216 -0.00282387 -0.00335386 -0.00113431 0.0019169 -0.00169007 0.00237344 -0.0023009 0.000273667 0.00199808 -0.0036202 0.00380834 0.00188158 0.00131539 -0.00035536 0.00267493 0.00398316
internal_weight=3139.77 1895.5 1244.26 353.629 680.418 1215.08 737.227 580.12 548.667 31.4529 640.735 591.842 20.4757 890.636 467.02 399.056 423.616 64.9555 358.661 46.6172 312.043 67.9632 52.95 384.172 571.366 477.858 376.944 168.819 208.124 100.914
internal_count=15763 9128 6635 2480 3980 5148 3022 2388 2260 128 3665 3364 117 4155 2330 1999 1825 276 1549 196 1353 331 254 1929 3247 2126 1676 737 939 450
is_linear=0
shrinkage=0.01


Tree=161
num_leaves=31
num_cat=0
split_feature=0 14 0 0 13 5 29 0 18 22 15 11 9 25 6 17 5 3 29 20 7 17 24 10 25 18 0 24 1 18
split_gain=202.523 51.7735 35.3571 10.0816 9.93686 6.84753 8.0206 8.28715 9.62561 7.40297 7.42253 7.31413 7.29009 8.19773 8.08991 6.02153 5.76688 7.16004 5.69372 18.4758 7.3379 5.61407 5.4879 5.41206 6.26188 5.08164 4.84285 4.74092 5.11882 4.83378
threshold=0.13948129492966602 -0.69888820447341071 1.5056581414354833 0.81635007292352191 -1.2401268835255583 -0.82321083797328176 -0.14418316673239598 -0.27333056962931146 1.0286659015049744 -0.029399296047417037 -1.2182133671449693 0.24278548304642147 -1.6203903334420513 0.25474403727247891 0.3238894930096235 -1.5975410726530277 -0.89977891370017649 -0.45264268333720764 -0.66706017773106074 -0.45606781754512044 0.16461962611305259 1.7346866248131925 -1.6654939649022691 -0.16177704083546354 -0.091270123527604941 -1.2806620822642676 -1.3968373785588175 1.8209845033384735 0.66173224099961991 -0.75316947947479485
decision_type=2 2 2 2 2 2 2 2 2 2 2 2 2 2 2 2 2 2 2 2 2 2 2 2 2 2 2 2 2 2
left_child=1 4 3 22 23 12 9 8 -8 11 -11 -7 13 14 -3 -6 17 -14 19 -17 -20 -9 -2 -1 26 -18 -25 29 -29 -5
right_child=2 5 -4 27 15 6 7 21 -10 10 -12 -13 16 -15 -16 18 25 -19 20 -21 -22 -23 -24 24 -26 -27 -28 28 -30 -31
leaf_value=0.0078779221469532611 -0.0063439900416214223 -0.0075852114994724718 -0.0075460850721821042 -0.0064435963302427665 0.0072246567748763821 0.0022429557656799045 0.0014256308877261135 9.7321126884505831e-05 0.0068724885311476141 0.005968686719809083 -0.0025860641448905057 -0.001635564686149835 0.0023569464915186031 -0.010135947574820468 0.0067102709805483595 0.008811612205031738 -0.0029683974693352788 -0.0050198854184295436 0.0013535028500855373 0.002218127427740618 0.003980195872053594 -0.0063992269427597028 -0.0016069471365386904 0.009790457513622678 0.0069919253508328736 0.0080325992708419856 0.00033308567874577855 0.0075036245228230275 -0.0059595904761295219 -0.0035449362874122475
leaf_weight=79.238449580967426 25.686344936490059 6.2509137094020906 175.08554583787918 74.272568881511688 36.087478742003441 108.27450688183308 193.9224279820919 242.86831484735012 39.113589897751808 10.501197576522825 208.8951625674963 87.871837913990021 196.44486363232136 9.9910580664873105 10.327436581254004 64.563241943717003 4.7418300211429587 13.930280700325964 273.27587369084358 126.04295773804188 176.05809131264687 13.958872675895689 550.79974801838398 6.2140171378850928 42.85237767547369 27.853989973664284 39.943827912211418 7.1820276677608472 4.4536030739545822 279.01450324058533
leaf_count=568 118 27 1405 439 206 448 833 983 166 44 860 360 847 42 42 372 20 58 1479 657 898 57 2486 50 281 117 231 40 25 1604
internal_value=0 0.00188972 -0.00341752 -0.0026479 0.00377875 0.000531278 0.0001135 0.000981256 0.0023467 -0.000907039 -0.00216951 0.000500369 0.00193035 -0.00301786 0.001247 0.0032334 0.00247659 0.00186158 0.00300567 0.0044602 0.00238558 -0.000254235 -0.00182081 0.00596083 0.00423605 0.00639748 0.00164632 -0.00395089 0.00225842 -0.00415881
internal_weight=3135.72 2019.22 1116.49 941.409 844.276 1174.95 905.406 489.863 233.036 415.543 219.396 196.146 269.54 26.5694 16.5784 676.028 242.971 210.375 639.94 190.606 449.334 256.827 576.486 168.249 89.0102 32.5958 46.1578 364.923 11.6356 353.287
internal_count=15763 9646 6117 4712 4742 4904 3751 2039 999 1712 904 808 1153 111 69 3612 1042 905 3406 1029 2377 1040 2604 1130 562 137 281 2108 65 2043
is_linear=0
shrinkage=0.01


Tree=162
num_leaves=31
num_cat=0
split_feature=6 14 0 13 5 0 29 22 23 22 25 9 5 3 10 16 18 25 10 25 9 10 20 29 25 23 29 20 26 28
split_gain=198.937 52.9835 33.6227 9.83581 9.5612 8.96718 8.83787 8.45795 13.2014 7.47631 6.93005 6.16393 5.95349 10.2827 7.1279 6.73611 5.93325 5.74269 5.3695 6.18463 5.28595 12.1705 11.0515 9.46567 6.6545 5.40788 5.23051 17.3168 7.49436 7.22654
threshold=0.19055757652046609 -0.69888820447341071 1.5056581414354833 -1.2401268835255583 -0.83469016669317886 0.81635007292352191 -0.14418316673239598 -1.3719453460678899 -0.79100885410751831 0.01086662847750372 0.28653644891224211 -0.59756173513665523 -0.89977891370017649 -0.45264268333720764 -0.72315496648702859 -1.0946895336429139 -0.26509105948636519 0.8228050573879796 -0.16177704083546354 -0.091270123527604941 0.20652622985415156 -0.16980361979875794 -0.62701302849080132 1.6627410372038227 -1.3005855096160772 -0.89466438886836686 -0.66706017773106074 -0.45606781754512044 -1.2667072007696292 1.1959197197789579
decision_type=2 2 2 2 2 2 2 2 2 2 2 2 2 2 2 2 2 2 2 2 2 2 2 2 2 2 2 2 2 2
left_child=1 3 5 18 12 20 9 17 -9 11 -11 -6 13 16 -15 -14 -3 -8 -1 -20 21 24 -23 25 -2 -22 27 -5 -29 -28
right_child=2 4 -4 26 6 -7 7 8 -10 10 -12 -13 15 14 -16 -17 -18 -19 19 -21 23 22 -24 -25 -26 -27 29 28 -30 -31
leaf_value=0.007840049360525873 0.0022710333949087216 0.0027665388509302384 -0.0075108081054836235 0.0085578163611384934 0.0045500653322453092 -0.0039200498213894141 -0.0012239218740558342 0.0048622056352544529 0.00049883248084522231 -0.0019663752649796808 -0.012515580894454275 -0.00033858739787183888 -0.002454487435808277 -0.012901258927272664 0.0014806227931421115 0.0094992475874467342 -0.0043482819733985517 -0.010942695541070359 0.0016321112517321838 0.0069521222857257094 -0.0010369496040613822 -0.0036397603233752659 0.0043777522212380838 0.008210517955181856 -0.0027293193538888319 -0.0050093729253440546 0.0021748786215506038 -0.0038725274582424737 0.0033076967932160095 0.0060322800054239045
leaf_weight=78.827562108635902 29.471296936273575 183.17761202156544 174.15396354347467 70.567229226231575 29.56415881216526 364.12560479342937 19.287743598222736 83.239202737808228 417.53742738068104 217.7518704533577 6.3587144613265982 196.02166645228863 5.9145012497901943 7.7259849458932877 5.9220047295093519 20.423428535461426 12.329606726765631 8.9977201223373395 46.107534036040306 42.668242149055004 49.935782894492149 23.715013086795807 60.970845147967339 6.678616300225257 251.16492623090744 114.66885957121849 419.15137609839439 16.463584661483765 113.43632557988167 55.341668143868446
leaf_count=568 131 794 1405 410 121 2108 81 347 1743 901 26 814 25 32 25 86 52 38 281 281 229 106 273 30 1114 540 2228 83 596 295
internal_value=0 0.00182201 -0.00348626 0.00374878 0.000484012 -0.00270626 4.76241e-05 0.000924595 0.00122694 -0.000981874 -0.0022756 0.000299396 0.00229269 0.00172014 -0.00662269 0.00677794 0.00231074 -0.00437839 0.0059244 0.00420526 -0.00188018 -0.00119575 0.00211913 -0.00333258 -0.00220002 -0.0038117 0.00320626 0.00456784 0.0023877 0.00262806
internal_weight=3131.7 2056.82 1074.88 842.564 1214.25 900.731 978.759 529.062 500.777 449.696 224.111 225.586 235.493 209.155 13.648 26.3379 195.507 28.2855 167.603 88.7758 536.605 365.322 84.6859 171.283 280.636 164.605 674.96 200.467 129.9 474.493
internal_count=15763 9827 5936 4742 5085 4531 4071 2209 2090 1862 927 935 1014 903 57 111 846 119 1130 562 2423 1624 379 799 1245 769 3612 1089 679 2523
is_linear=0
shrinkage=0.01


Tree=163
num_leaves=31
num_cat=0
split_feature=4 6 13 6 3 4 7 9 9 3 19 23 24 8 22 15 18 9 24 26 24 24 23 28 14 26 6 28 8 28
split_gain=195.329 45.3154 38.5611 8.62003 8.52353 8.2718 7.84443 7.70456 7.70335 7.65745 9.59887 7.60922 11.8506 9.66581 7.68307 7.18311 7.17792 6.60719 7.8937 10.8427 8.72279 6.82514 6.48962 6.13863 6.12284 5.88598 5.83605 7.41277 6.9367 5.68235
threshold=0.048412742557612895 -0.78267091142507572 1.3356225278686242 0.4631431373058536 -0.44204379099834962 -0.36740194766756035 -0.48960170173084266 -0.35614686867182754 -0.42252434236142472 -0.49257891930843561 -0.64301633845656625 -1.1397765954074057 1.2987229006640162 0.26786438629633874 -0.84075977711307837 -0.89206047173973202 -1.2344637056027243 0.21400253969357375 -0.30194927800879506 1.0000000180025095e-35 1.1244693938908663 0.17010849918184981 -1.5235811334577802 1.3539150766806902 -1.4277551419103394 1.7087370368544368 -0.38570494770052616 0.72550908498761379 -1.3511596021413348 -0.077563462363495234
decision_type=2 2 2 2 2 2 2 2 2 2 2 2 2 2 2 2 2 2 2 2 2 2 2 2 2 2 2 2 2 2
left_child=1 6 3 11 9 26 22 8 -7 10 25 12 29 -13 -15 -9 -12 18 19 -5 -20 23 -1 -19 -8 -3 28 -28 -6 -2
right_child=2 4 -4 17 5 7 24 15 -10 -11 16 13 -14 14 -16 -17 -18 21 20 -21 -22 -23 -24 -25 -26 -27 27 -29 -30 -31
leaf_value=-0.0025518147970124846 0.00092805908309211973 0.0024213747152708261 -0.0066645669302955899 -0.0016814502000991841 -0.0092602251346115046 -0.0020879760082496437 0.0093136449607096744 0.0028370372552943058 -0.010683026388326982 0.0076580871550995279 -0.0054426260974747087 -0.00023825553084749461 -0.01011873848189208 -0.0086557114678528224 -0.0025899735136922413 -0.00081210998237113451 0.00056083516637924478 -0.0064726364961276471 -0.0044476358109671651 0.0054197650119904477 0.00024936735923884094 -0.0024267544664212811 0.0060515911662967561 0.0057663417294420765 0.0031191565317793806 0.009980816640848874 0.0021258495174614343 0.010177105223974072 0.00090737571907046363 0.0072429464379626341
leaf_weight=8.964805640280245 37.35094653069973 246.54925411939621 246.39858720451593 108.62622384727001 6.7455004900693885 105.7740725427866 16.600519888103008 71.299692824482918 11.579540371894835 22.462256208062172 24.792815074324608 189.55250565707684 7.1501190215349189 25.601654157042503 118.32480981945992 220.3241943269968 98.647600471973419 113.74043415486813 168.42993320524693 26.685271039605141 51.126032873988152 97.011917799711227 192.74792754650116 4.0906005650758734 497.79945591837168 10.767855092883108 51.58637835085392 14.825146898627279 308.8130666911602 23.420716553926468
leaf_count=52 159 1100 1860 542 34 428 131 288 47 97 105 801 31 115 529 893 418 635 842 131 248 535 1239 22 2701 48 219 63 1352 98
internal_value=0 0.00199503 -0.00313007 -0.00223165 0.000801147 0.00019645 0.00398412 -0.000790267 -0.00295296 0.00198449 0.00164523 -0.00110489 0.00193694 -0.00172783 -0.00368115 7.73159e-05 -0.000640286 -0.00302343 -0.00217889 -0.000270641 -0.00334972 -0.0044121 0.0056632 -0.00603474 0.00332278 0.00274535 0.00125548 0.00395078 0.000683996 0.00338607
internal_weight=3127.79 1910.28 1217.51 971.111 1194.17 790.948 716.113 408.978 117.354 403.22 380.758 401.401 67.9218 333.479 143.926 291.624 123.44 569.71 354.867 135.311 219.556 214.843 201.713 117.831 514.4 257.317 381.97 66.4115 315.559 60.7717
internal_count=15763 9215 6548 4688 5092 3324 4123 1656 475 1768 1671 1733 288 1445 644 1181 523 2955 1763 673 1090 1192 1291 657 2832 1148 1668 282 1386 257
is_linear=0
shrinkage=0.01


Tree=164
num_leaves=31
num_cat=0
split_feature=6 14 13 11 13 5 29 8 23 24 22 28 14 25 5 3 10 16 20 16 18 10 20 23 8 29 20 13 6 10
split_gain=191.779 51.333 32.487 9.72102 9.6799 9.23612 8.65125 8.98652 10.7601 7.46524 7.38144 8.88643 7.01205 6.19987 5.85358 10.0021 6.96801 6.61706 5.83211 5.61084 13.7155 5.57523 6.89523 6.4615 5.52371 5.88657 17.3626 8.6236 5.50232 5.32922
threshold=0.19055757652046609 -0.69888820447341071 1.3356225278686242 0.98042806559164741 -1.2401268835255583 -0.83469016669317886 -0.14418316673239598 -1.1080888839907674 -0.77828204590944827 -2.1203414147315489 -1.4764528240872041 0.43669906821979049 1.1084326460715295 0.28653644891224211 -0.89977891370017649 -0.45264268333720764 -0.72315496648702859 -1.0946895336429139 -1.1346317417202096 -1.1145436883714026 0.48852120852179121 0.6305986490072274 1.7599135916613657 -0.38573289009942807 -2.1601621795249324 -0.66706017773106074 -0.45606781754512044 -0.77168005038522469 1.2419625946429003 -0.16177704083546354
decision_type=2 2 2 2 2 2 2 2 2 2 2 2 2 2 2 2 2 2 2 2 2 2 2 2 2 2 2 2 2 2
left_child=1 4 3 9 29 14 10 -8 -9 -2 11 -7 19 -12 15 18 -17 -16 -3 20 -5 23 -23 -11 -6 26 -26 -27 -4 -1
right_child=2 5 28 12 24 6 7 8 -10 21 13 -13 -14 -15 17 16 -18 -19 -20 -21 -22 22 -24 -25 25 27 -28 -29 -30 -31
leaf_value=0.0077760818571194958 -0.010535349860155198 0.0041775778303036132 -0.0025690384608859575 0.013004867243710872 0.0093287880573615506 0.0093116338867670137 -0.008067618528379979 0.0040880750137495215 0.00040438443543470873 -0.0026991788983042157 -0.0010582892123414721 -0.0046985364537251396 -0.010097804859639068 -0.0086642190705484411 -0.0024437113274355638 -0.012738379420959492 0.0014748850536788639 0.0094053985815120492 0.0006910014069500004 -0.0043689184663304008 -0.0093619780530209938 -0.0037146476896583423 0.0055364226462666054 -0.00026358167530658727 0.0086653051772097537 0.0029771227743188473 0.0023405250138136299 -0.00080125892754020047 -0.0071920123905411734 0.0041423078646172532
leaf_weight=78.130552381277084 9.8473812937736493 87.957728534936905 30.214216038584709 6.0537973344326002 14.251126214861868 14.093459188938143 10.788852795958517 97.894960030913353 420.20818445086479 176.91182726621628 418.09649124741554 6.4671610146760932 20.518535286188126 10.947568938136099 5.9147874861955669 7.7398025244474411 5.9212295264005643 20.382346466183662 107.32582893967628 141.82052525877953 4.8108609020709991 171.29961590468884 8.2836929708719236 285.97961543500423 65.761951178312302 392.33855465054512 129.56754095852375 70.882291421294212 215.07531800121069 88.314216688275337
leaf_count=568 47 384 207 30 83 59 45 409 1755 840 1731 27 125 45 25 32 25 86 462 723 25 888 44 1354 384 2134 679 332 1653 562
internal_value=0 0.00178946 -0.00343059 -0.00247867 0.0036911 0.000473544 4.47034e-05 0.000912546 0.001103 -0.00191634 -0.000973935 0.00485505 -0.0045884 -0.00125667 0.0022523 0.00168439 -0.00653917 0.00670324 0.00226784 -0.00383535 0.00301459 -0.00178106 -0.00327951 -0.00119698 0.00315283 0.00301627 0.00447836 0.00239675 -0.00662792 0.00585768
internal_weight=3123.8 2052.98 1070.82 825.526 839.246 1213.74 978.497 528.892 518.103 652.322 449.605 20.5606 173.204 429.044 235.242 208.945 13.661 26.2971 195.284 152.685 10.8647 642.475 179.583 462.891 672.801 658.55 195.329 463.221 245.29 166.445
internal_count=15763 9827 5936 4076 4742 5085 4071 2209 2164 3173 1862 86 903 1776 1014 903 57 111 846 778 55 3126 932 2194 3612 3529 1063 2466 1860 1130
is_linear=0
shrinkage=0.01


Tree=165
num_leaves=31
num_cat=0
split_feature=4 6 2 5 6 14 7 23 6 7 26 23 29 8 21 5 21 22 19 9 10 27 23 24 23 26 19 21 22 24
split_gain=188.419 43.872 37.3835 9.68283 8.64778 7.77826 6.69694 6.49276 6.36587 6.44911 7.76855 6.27598 6.27201 14.7905 9.09345 8.66656 8.58937 8.20308 6.96977 6.05145 8.85861 7.81674 9.19148 6.9306 6.35616 5.53305 5.03003 8.9154 7.49322 4.98106
threshold=0.048412742557612895 -0.78267091142507572 1.1135961122668883 -1.1085602876747025 1.971175875600846 -1.4277551419103394 -0.48960170173084266 -1.2299663288305667 0.058546289883586254 0.45805567293577537 -1.6765697205580194 -1.5235811334577802 -0.15992081958998877 -1.0934952872123687 0.040303732654953885 0.89038599848868405 0.18159737316620175 -1.397115476472172 -0.94255945439018396 0.26282098856749952 -0.30272707315289082 -0.70995898108826194 0.8896274914173351 -0.35257309923944757 -0.41566004513807353 -0.85769008650922751 -0.18096106042464979 -0.65001216663594941 -1.2579752873942243 -0.52232857590478632
decision_type=2 2 2 2 2 2 2 2 2 2 2 2 2 2 2 2 2 2 2 2 2 2 2 2 2 2 2 2 2 2
left_child=1 5 7 29 -4 -1 11 8 -2 10 -10 -7 14 18 15 -5 -16 -15 -14 20 23 -21 -23 -9 -22 -11 28 -28 -8 -3
right_child=2 3 4 12 -6 6 26 19 9 25 -12 -13 13 17 16 -17 -18 -19 -20 21 24 22 -24 -25 -26 -27 27 -29 -30 -31
leaf_value=0.0083031085591846396 0.0097581414841144513 0.0053851214237271702 -0.0050546723632297133 0.001892080352696273 -0.0090353251430591985 -0.0027763909333517389 -0.0015714879241428975 -0.0006556612196502035 -0.0096142736449550004 0.0070299999728289965 0.0027907805134707031 0.0057717600134448242 -0.013846675367058027 -0.0039344009901382225 -0.0073095822454132342 -0.0030293059816242545 -0.0011639718902463623 0.001787848062847669 -0.0027427249947114098 -0.0060089137127565407 -0.0025219069996678177 -0.0013128171308984349 -0.0064758527963412887 -0.0038829971922160205 0.0015519084412923456 -0.004506848686337126 0.0048983717136811527 0.0014184561946646709 0.0055614174962138789 0.0017489976114874125
leaf_weight=38.673037528991699 6.5418312251567832 57.974429175257683 277.62601843476295 187.21148225665092 69.308045767247677 8.8288371264934522 16.480710119009018 108.06318514049053 5.4052728712558737 4.4968684464693061 57.891837194561958 169.27850536257029 7.822884455323222 26.155188232660294 25.642443507909775 44.018096759915352 203.23136842250824 508.76267389953136 21.184444934129715 84.046615973114967 57.038269475102425 167.58282153308392 43.623919993638992 176.77620150148869 115.83859401941299 39.226563081145287 104.4238655269146 254.14887783676386 121.1674338132143 111.48534354567528
leaf_count=315 27 269 1870 789 610 51 88 500 25 21 260 1056 34 111 106 182 850 2147 93 416 263 798 221 829 523 185 558 1359 696 511
internal_value=0 0.00196055 -0.00308014 0.00078688 -0.00585516 0.00392337 0.00366951 -0.0019674 0.000253403 -0.000326824 0.00170218 0.00534109 0.000419196 0.00112652 -0.000445623 0.000949992 -0.00185977 0.0015055 -0.00580895 -0.00230366 -0.00157902 -0.00342274 -0.00238651 -0.00266277 0.000201349 -0.00328415 0.00306656 0.00243575 0.00469961 0.0030013
internal_weight=3119.96 1906.49 1213.47 1193.49 346.934 713.001 674.328 866.532 113.562 107.021 63.2971 178.107 1024.03 563.925 460.103 231.23 228.874 534.918 29.0073 752.97 457.716 295.253 211.207 284.839 172.877 43.7234 496.221 358.573 137.648 169.46
internal_count=15763 9215 6548 5092 2480 4123 3808 4068 518 491 285 1107 4312 2385 1927 971 956 2258 127 3550 2115 1435 1019 1329 786 206 2701 1917 784 780
is_linear=0
shrinkage=0.01


Tree=166
num_leaves=31
num_cat=0
split_feature=0 0 0 14 0 0 0 8 9 10 21 28 28 28 11 3 24 26 26 26 18 22 27 22 21 28 6 28 8 7
split_gain=185.08 47.9792 33.8679 9.3625 9.337 7.75298 7.18582 6.26305 11.9117 7.39435 5.84092 8.38915 6.98358 6.07185 5.50999 5.38762 5.36635 5.05236 4.95703 9.30277 7.14287 7.10208 12.0272 6.40522 4.94109 4.43653 8.00245 7.42018 4.16596 7.57768
threshold=0.13948129492966602 -0.83221870665800235 1.5056581414354833 -0.45863302340718576 0.81635007292352191 -0.50594895000858153 -1.4207684488009822 0.046982199430687925 -0.26916941578414438 -1.397061202769972 1.3810394920179985 -0.99888820215455254 0.92692664646451262 -1.8522961559545836 0.17735893278695705 -1.712625837704745 -1.6654939649022691 -0.68413000959268533 -0.91462886442811919 -0.22056610179329658 -0.72964309533216476 -0.72508992292907026 0.18913751624178163 -0.26817294535992381 -1.3265996859091527 1.5978754726313991 0.68642718820953486 1.3539150766806902 -1.3909906803772123 -0.92020186819365002
decision_type=2 2 2 2 2 2 2 2 2 2 2 2 2 2 2 2 2 2 2 2 2 2 2 2 2 2 2 2 2 2
left_child=1 6 4 10 16 -5 -1 9 -9 -7 13 -12 -13 -3 -15 -8 17 -2 21 24 -21 22 -6 -23 -20 27 -27 -18 -17 -30
right_child=2 3 -4 5 18 7 15 8 -10 -11 11 12 -14 14 -16 28 25 -19 19 20 -22 23 -24 -25 -26 26 -28 -29 29 -31
leaf_value=0.0083447561502796325 -0.0082391590838783446 0.0090377895311098428 -0.0073818316205002867 -0.0083718577059720758 -0.0017667702654085295 -0.0029527209617019753 0.0080168425017823706 -0.0051443465630635898 -1.5740765754792832e-05 0.0013373105822988411 -0.0036694480097558169 0.0089965399504840088 -0.0010724427156925324 0.0023477975572814176 0.00012303654198205744 0.00083352626306086532 -0.0015355379344685514 0.0034074207348956304 0.00068040653193408439 -0.0068663277756067969 -0.0021937318583281277 -0.010534625340115076 0.016722730606386346 -0.001473505454164247 -0.0077558833373664758 -0.009215695630096719 0.0013489758495689758 0.004998498133864571 0.0068809820228873733 0.0033647408640276083
leaf_weight=37.431859463453293 21.222668677568439 10.304480403661726 170.76712722331285 10.521028041839598 9.9885385036468488 43.892404586076736 29.227434560656548 53.191118836402893 304.17856799066067 450.36442293226719 8.869318559765814 33.30425862967968 8.4361694604158384 234.73174007236958 213.57518425583839 51.090860679745674 501.16879414021969 4.3205958008766165 7.3266189545392981 41.572326883673668 159.66454929113388 9.4532494544982892 5.2530522942543021 45.134709715843201 82.536518916487694 18.944607049226764 11.221135392785071 17.842825397849083 71.879951268434525 448.72065044939518
leaf_count=315 98 47 1405 45 58 181 183 218 1237 1859 40 151 36 1063 951 303 2261 20 43 251 923 55 29 257 492 90 53 82 446 2571
internal_value=0 0.00180823 -0.00328443 0.000753043 -0.00253483 0.000116739 0.00407304 0.000223753 -0.000783109 0.000953792 0.00182815 0.00505733 0.0069399 0.00146859 0.00129041 0.00380394 -0.00173947 -0.00622456 -0.0037977 -0.00437322 -0.00316691 -0.00138139 0.00460797 -0.00307734 -0.00705696 -0.00152795 -0.00526131 -0.00130806 0.00358545 0.00385338
internal_weight=3116.14 2009.72 1106.42 1371.37 935.65 862.148 638.351 851.627 357.37 494.257 509.221 50.6097 41.7404 458.611 448.307 600.919 574.721 25.5433 360.93 291.1 201.237 69.8295 15.2416 54.588 89.8631 549.177 30.1657 519.012 571.691 520.601
internal_count=15763 9646 6117 5828 4712 3540 3818 3495 1455 2040 2288 227 187 2061 2014 3503 2604 118 2108 1709 1174 399 87 312 535 2486 143 2343 3320 3017
is_linear=0
shrinkage=0.01


Tree=167
num_leaves=31
num_cat=0
split_feature=0 0 0 0 14 0 0 23 15 16 17 17 29 11 11 15 3 26 26 18 22 27 22 21 16 28 26 11 11 5
split_gain=181.682 47.2161 33.5357 9.20247 9.18549 7.58544 7.13477 6.81493 13.7868 10.4129 5.85603 8.09771 9.71879 6.24981 7.63867 5.81677 5.33122 4.88396 9.19418 7.05136 6.96207 11.677 6.3319 4.88321 4.87039 4.58648 6.69758 5.44027 11.1914 5.84229
threshold=0.13948129492966602 -0.83221870665800235 1.5056581414354833 0.81635007292352191 -0.45863302340718576 -0.50594895000858153 -1.4207684488009822 0.53481351436777469 -0.54597388229213473 1.645957640483853 0.54136057397057435 0.87863308713196886 1.1020880915137925 0.91111558431207662 0.57459931753481885 -0.90030543510433791 -1.712625837704745 -0.91462886442811919 -0.22056610179329658 -0.72964309533216476 -0.72508992292907026 0.18913751624178163 -0.26817294535992381 -1.3265996859091527 0.44260712238634015 -1.8522961559545836 -1.2667072007696292 -0.17653944825848358 -0.31278757158655668 -0.65462856445019846
decision_type=2 2 2 2 2 2 2 2 2 2 2 2 2 2 2 2 2 2 2 2 2 2 2 2 2 2 2 2 2 2
left_child=1 6 3 25 10 -6 -1 9 -9 -7 13 12 -12 14 -3 -13 -8 20 23 -20 21 -5 -22 -19 -15 26 -2 28 -27 -29
right_child=2 4 -4 17 5 7 16 8 -10 -11 11 15 -14 24 -16 -17 -18 18 19 -21 22 -23 -24 -25 -26 27 -28 29 -30 -31
leaf_value=0.0083117967665908687 -0.011228145426099212 0.0027063017037666725 -0.0073469302141341 -0.0017509775335608165 -0.0082723924100103728 0.0010705746570577994 0.0079751977421413257 -0.005102783996030597 0.00020838984215221072 -0.0059853925265110136 -0.00093253154583982951 -0.0050465554023301305 -0.012062163035396832 0.0093635889860714753 -0.0020369105076707282 0.00267517152930761 0.0035567496290347649 0.00067343909806371987 -0.0068249873322732595 -0.0021744452190891276 -0.010491435511040998 0.016419432715315773 -0.001459964204273057 -0.0077126564353337057 -0.0011012221746235645 -0.0011336361225263605 0.00072464617112255256 -0.0085248249042296272 0.0061716866650197511 -0.0021306154725371958
leaf_weight=37.206018209457397 11.715824887156488 285.95764797925949 169.86755576729774 9.9787925332784635 10.542150110006331 572.3596978187561 29.08747923374176 65.276241183280945 192.34512920677662 21.574469566345215 45.368050575256348 10.731584310531614 9.4600719660520536 21.154165863990787 38.206178963184357 92.647556751966476 570.5560165643692 7.3294140994548789 41.407334089279175 159.47177492082119 9.3979330509901029 5.2982023060321799 45.098911911249161 82.171513721346855 5.390189215540885 228.09353692829609 7.5032092779874793 15.081240400671957 22.972030133008957 289.02839128673077
leaf_count=315 54 1303 1405 58 45 2349 183 267 791 88 198 46 41 97 171 408 3320 43 251 923 55 29 257 492 24 1030 34 68 103 1315
internal_value=0 0.00179185 -0.00325761 -0.00251254 0.000745698 0.000115516 0.00404198 0.00022149 -0.00113494 0.000811621 0.00181102 0.0002068 -0.00288951 0.00253159 0.00214372 0.00185983 0.00377404 -0.00376802 -0.00434039 -0.00314096 -0.00136887 0.00455145 -0.00305211 -0.00701476 0.00720488 -0.00172307 -0.00653036 -0.00155371 -0.00045904 -0.0024537
internal_weight=3112.28 2007.86 1104.42 934.548 1371.01 862.098 636.85 851.556 257.621 593.934 508.915 158.207 54.8281 350.708 324.164 103.379 599.643 360.154 290.38 200.879 69.7738 15.277 54.4968 89.5009 26.5444 574.394 19.219 555.175 251.066 304.11
internal_count=15763 9646 6117 4712 5828 3540 3818 3495 1058 2437 2288 693 239 1595 1474 454 3503 2108 1709 1174 399 87 312 535 121 2604 88 2516 1133 1383
is_linear=0
shrinkage=0.01


Tree=168
num_leaves=31
num_cat=0
split_feature=4 2 13 11 19 15 3 14 3 4 27 1 3 9 9 8 15 2 14 3 29 22 3 11 4 11 19 9 11 26
split_gain=178.362 41.8364 36.5062 10.2103 8.69982 10.3727 9.88872 7.32429 7.11105 9.26122 8.9337 8.56947 8.41179 7.46634 7.52544 7.32174 6.99207 6.72721 6.62032 7.13665 6.56548 6.483 6.4297 7.06341 11.334 6.26294 5.88704 5.77446 5.44028 5.33112
threshold=0.048412742557612895 -0.80812220286286884 1.3356225278686242 0.87954787430796932 0.86508633864473328 0.65436867725171988 1.3767915233014187 -1.4277551419103394 -0.44204379099834962 -0.36740194766756035 2.0382011851026127 -0.71544589708314399 -0.49257891930843561 -0.35614686867182754 -0.42252434236142472 -1.5545181713121956 -0.89206047173973202 0.48495322171678473 1.1223778820129053 0.58926770693299735 -0.85683114330621823 -0.49244296904473878 -1.4464566791574238 -0.79475785300054991 -1.0737094418764042 1.3886963324981236 -0.17183001519774047 0.9422363379888139 0.92861247309848627 -1.5389228455481778
decision_type=2 2 2 2 2 2 2 2 2 2 2 2 2 2 2 2 2 2 2 2 2 2 2 2 2 2 2 2 2 2
left_child=1 7 3 4 17 6 -6 -1 10 11 12 20 15 14 -11 -3 -15 27 19 25 -10 -14 -9 24 -24 -5 -25 -2 -13 -21
right_child=2 8 -4 18 5 -7 -8 22 9 13 -12 28 21 16 -16 -17 -18 -19 -20 29 -22 -23 23 26 -26 -27 -28 -29 -30 -31
leaf_value=0.0082059987266978503 -0.0011334978935958607 0.0048895603760960729 -0.0064888587340004491 -0.0023435017640415497 0.0028049404321922999 -0.0063733323687145153 0.01701859616687296 0.007213875871922122 -0.014040500694719472 -0.0020599259579184921 0.013669989973420877 0.0011208907974246721 0.00054959342444602154 0.0027919730668130639 -0.010558257848113919 0.00080486366349135675 -0.00080900518170642563 -0.0027106566105881353 -0.0095133897854652143 0.001955379736766434 -0.0014579256507674158 0.012042462278385299 -0.017661692470960885 0.0049033541913692863 0.0011976285706101462 0.005667059767054004 0.0027766910142616569 0.0040327321041218923 0.0041968919927945917 -0.0051843281522890384
leaf_weight=38.017773032188416 288.32307639718056 50.855649635195732 241.00823915749788 36.935668990015984 27.24589715898037 9.430048465728758 5.9630556404590598 47.613320574164391 5.5439606010913876 105.75803366303444 6.277804195880889 327.73568552732468 8.0265202075243014 71.269440159201622 11.571224331855772 325.31205067038536 220.2877581268549 398.85051406919956 20.343631997704506 11.09368985891342 16.62050224840641 13.389231845736502 3.8328632563352611 211.60041860491037 16.367450818419456 13.13977165520191 350.74493136256933 23.227034628391266 70.187974244356155 131.91198505461216
leaf_count=315 1217 234 1860 181 131 45 29 301 24 428 28 1418 34 288 47 1404 893 2066 126 55 73 57 22 1280 95 68 1967 98 307 672
internal_value=0 0.00190897 -0.00300553 -0.00213527 -0.00158553 0.00278786 0.00543062 0.00392425 0.000815675 0.000284072 0.00190404 0.00132759 0.00171235 -0.000785651 -0.00291484 0.0013609 6.84595e-05 -0.00184978 -0.00406864 -0.00348517 -0.00469903 0.00780404 0.00366308 0.00336996 -0.00240091 -0.000214499 0.00357942 -0.00074396 0.00166688 -0.0046225
internal_weight=3108.49 1901.01 1207.47 966.464 753.04 42.639 33.209 668.177 1232.84 828.975 403.861 420.088 397.583 408.886 117.329 376.168 291.557 710.401 213.425 193.081 22.1645 21.4158 630.159 582.546 20.2003 50.0754 562.345 311.55 397.924 143.006
internal_count=15763 9215 6548 4688 3586 205 160 3980 5235 3478 1757 1822 1729 1656 475 1638 1181 3381 1102 976 97 91 3665 3364 117 249 3247 1315 1725 727
is_linear=0
shrinkage=0.01


Tree=169
num_leaves=31
num_cat=0
split_feature=6 6 0 9 0 28 13 23 15 16 5 8 6 6 19 1 7 18 16 23 9 0 28 11 11 27 27 20 25 18
split_gain=175.254 47.5049 31.6914 10.5195 8.09566 8.0415 7.75529 7.24348 6.74886 6.22702 7.01946 8.33031 5.94103 9.08811 10.0016 7.43385 7.15391 7.25065 5.43293 5.324 5.1582 5.68228 5.08674 6.72385 9.20703 7.31475 5.01012 5.54913 4.87664 4.36552
threshold=0.19055757652046609 -0.77371383506239377 1.5056581414354833 0.45388732896799172 0.81635007292352191 1.9186409696998548 -1.2401268835255583 -1.2856616092352828 -0.49510221390436837 -1.3912944522391426 -0.38311842756676978 -0.086085140976137203 -1.1420760822811282 -1.2130912187997924 0.43317101295387267 1.0235794474220037 1.4163865699608964 0.071106423196849261 -1.478129356066239 -1.5922105829802702 0.26282098856749952 -1.22770983041226 -1.5831416974969708 -0.17653944825848358 -0.3328821621958673 1.5361921181601039 0.48247833182484934 -0.36427506525906012 0.13470478192181365 -0.20126328656419643
decision_type=2 2 2 2 2 2 2 2 2 2 2 2 2 2 2 2 2 2 2 2 2 2 2 2 2 2 2 2 2 2
left_child=1 6 4 5 22 7 20 28 -9 18 -11 -12 13 15 -15 -8 19 -18 -5 -14 -1 -22 -2 24 -24 -25 27 -7 -3 -6
right_child=2 3 -4 9 29 26 12 8 -10 10 11 -13 16 14 -16 -17 17 -19 -20 -21 21 -23 23 25 -26 -27 -28 -29 -30 -31
leaf_value=0.0066717187241635504 -0.0054702818156025955 0.0068621208747893306 -0.0072813104700133547 0.0015002072875238393 -0.0050489028951186104 -0.0052935060353618817 0.0047864528268217292 -0.00022696480248150704 0.001521499287219216 -0.0099281317003433716 0.0067341610921796101 -0.0013648993484620443 -0.00069256124944843431 0.00096458370853616971 -0.0087594385273603286 -0.0031060476413945523 -0.0098804385593911324 0.0016289050708669765 0.013327849014434338 0.0044718874672843648 0.0043821253096515281 -0.0051894492187068084 -0.00093049182249226969 -0.0029804452131631854 0.0056406522465579992 0.0045621747781026808 0.013430159225933234 0.0083284287472415973 0.0011800042304761164 -0.0027816831175899261
leaf_weight=126.27719160169363 34.675739303231239 33.682933196425438 168.18895328789949 19.213973015546802 146.13971906900406 4.6347300559282303 66.712657123804092 392.56704077124596 501.67993503808975 9.0401095747947675 13.127357169985769 300.62878657877445 20.732044517993927 33.436030328273773 15.266469091176985 14.295579671859739 6.4720031768083564 32.497391283512115 4.8674604743719092 366.81178833544254 29.798827283084393 7.6524654179811469 211.52257744967937 251.10983553528786 23.596502482891083 13.362851068377493 8.0776876211166364 7.8079201430082339 28.289286896586418 212.47387513518333
leaf_count=893 155 145 1405 80 877 20 375 1654 2193 37 54 1249 114 191 81 74 27 145 20 2048 193 44 954 1148 106 60 35 33 122 1231
internal_value=0 0.00171193 -0.00329712 0.000586477 -0.00254478 0.00111818 0.0037793 0.000983624 0.00075288 -0.000907704 -0.00127637 -0.00102082 0.003211 0.00132369 -0.00207476 0.00337922 0.00378217 -0.000277358 0.00397745 0.00419292 0.00570073 0.00239111 -0.00176055 -0.00150002 -0.000264644 -0.00259398 0.00730468 0.00317295 0.00429052 -0.00370954
internal_weight=3104.64 2043.57 1061.07 1323.62 892.881 976.74 719.952 956.219 894.247 346.878 322.796 313.756 556.224 129.711 48.7025 81.0082 426.513 38.9694 24.0814 387.544 163.728 37.4513 534.268 499.592 235.119 264.473 20.5203 12.4427 61.9722 358.614
internal_count=15763 9827 5936 5642 4531 4202 4185 4114 3847 1440 1340 1303 3055 721 272 449 2334 172 100 2162 1130 237 2423 2268 1060 1208 88 53 267 2108
is_linear=0
shrinkage=0.01


Tree=170
num_leaves=31
num_cat=0
split_feature=13 4 0 0 9 9 9 8 29 6 11 11 24 0 26 19 6 18 19 24 22 16 17 11 18 2 24 17 10 0
split_gain=172.112 47.0497 28.6322 11.5728 8.70601 9.05985 10.9327 9.16434 9.17929 7.73345 7.1053 8.51117 7.07867 7.0164 6.21473 6.93767 6.08906 12.132 9.87666 5.92016 7.39926 5.88975 5.66488 5.58628 8.01057 6.45914 6.4534 5.28521 5.32329 5.63324
threshold=-0.17323375705407607 0.93881108759236265 -0.83221870665800235 1.5741023380619106 0.2213680245676691 -0.37995759487168451 -0.52107834701044697 0.4364580253446087 -1.224538436278247 0.2757173235697557 -0.95734019449126617 -1.1975281265929492 -1.6301231388805617 -1.4207684488009822 0.29378629572312281 -0.2766646987881598 -0.14344686672431092 -1.0804699753550804 -0.95738392856075805 0.82621576947120146 -0.6452867036663007 1.1818795911270754 1.9697480473944917 1.0004162281918296 -0.20126328656419643 1.3293730082144257 1.7270743523622589 -1.5035684364292459 -1.1984955019675674 -0.93379210330125495
decision_type=2 2 2 2 2 2 2 2 2 2 2 2 2 2 2 2 2 2 2 2 2 2 2 2 2 2 2 2 2 2
left_child=2 4 13 23 5 6 12 8 -7 22 11 -4 -2 -1 -11 -16 19 -18 -19 20 -12 -21 -6 24 26 -26 -3 -15 29 -29
right_child=1 3 10 -5 9 7 -8 -9 -10 14 16 -13 -14 27 15 -17 17 18 -20 21 -22 -23 -24 -25 25 -27 -28 28 -30 -31
leaf_value=0.0082218818118059474 -0.0064721625021242069 -0.0054689163981377206 0.00055718496244204507 -0.0075219036109387214 -0.0014701858444234029 0.007487390416556116 -0.0058256047747347753 -0.0030781941472793708 0.0011106481816427172 -0.0051851109185954763 0.0035052780095301433 0.0081858650852351909 -0.00043328667960212296 0.0072952296970292254 0.0051762673583400295 -0.0028534856657497299 0.0074599494329063544 -0.016652774486562511 -0.0023441578878272491 -0.0010427731281560054 0.0010429027232005351 0.0041968322857065228 0.0058197576378107739 -0.0071015592921447636 0.00020998409158423464 -0.0048335647074619634 0.0085693487577791234 0.011624052405098499 0.0032414354680935058 -0.00029410892608543117
leaf_weight=36.596009962260723 20.611730322241783 126.10319666564465 28.287297293543816 143.17214694619179 237.06727437674999 26.304299429059029 49.684632480144501 43.310445055365562 160.85130223631859 124.23530785739422 165.48811818659306 30.894438654184341 320.88460884988308 38.434246465563774 12.510535165667532 71.105293348431587 11.64460042119026 5.2410445362329474 54.604135677218437 161.06901778280735 472.67367121577263 24.615088313817978 11.016859859228132 49.88048529624939 76.271947950124741 37.7021519318223 3.2211912125349036 14.88090191781521 537.39237384498119 5.1671896427869788
leaf_count=315 92 780 127 1220 996 113 215 198 695 634 724 139 1388 240 60 361 50 22 221 698 2046 105 47 312 431 251 20 95 3139 29
internal_value=0 -0.00241206 0.00230093 -0.00518279 -0.00128879 -0.000516802 -0.00144437 0.00105321 0.00201575 -0.00233882 0.00120585 0.00456352 -0.000802491 0.00395159 -0.00376338 -0.00163539 0.000982301 -0.00180981 -0.00363963 0.00122599 0.00168346 -0.000340921 -0.00114021 -0.00403492 -0.00339943 -0.00145241 -0.00510518 0.00368632 0.00343444 0.00851642
internal_weight=3100.92 1513.93 1586.99 436.351 1077.58 621.647 391.181 230.466 187.156 455.935 954.517 59.1817 341.496 632.471 207.851 83.6158 895.336 71.4898 59.8452 823.846 638.162 185.684 248.084 293.179 243.298 113.974 129.324 595.875 557.44 20.0481
internal_count=15763 7813 7950 3014 4799 2701 1695 1006 808 2098 4132 266 1480 3818 1055 421 3866 293 243 3573 2770 803 1043 1794 1482 682 800 3503 3263 124
is_linear=0
shrinkage=0.01


Tree=171
num_leaves=31
num_cat=0
split_feature=6 6 0 9 28 0 13 23 15 16 5 8 6 6 29 10 25 22 22 24 10 25 8 23 28 11 11 27 27 24
split_gain=169 46.0337 31.0612 10.2332 7.8977 7.84169 7.64139 7.08134 6.60322 6.11645 6.88432 8.16647 5.87423 8.93688 7.33302 6.76264 6.37234 5.84062 5.71098 5.5732 5.28237 6.21757 5.23144 5.14074 4.97371 6.54549 9.02498 7.17313 4.94561 5.99578
threshold=0.19055757652046609 -0.77371383506239377 1.5056581414354833 0.45388732896799172 1.9186409696998548 0.81635007292352191 -1.2401268835255583 -1.2856616092352828 -0.49510221390436837 -1.3912944522391426 -0.38311842756676978 -0.086085140976137203 -1.1420760822811282 -1.2130912187997924 -0.94638317657404813 0.84015143804648462 0.61688257147234671 1.446007026751662 0.64711762648629212 -0.21890409924339249 -0.16177704083546354 -0.091270123527604941 -0.47282174365100615 1.0806898229645958 -1.5831416974969708 -0.17653944825848358 -0.3328821621958673 1.5361921181601039 0.48247833182484934 1.2335826310419651
decision_type=2 2 2 2 2 2 2 2 2 2 2 2 2 2 2 2 2 2 2 2 2 2 2 2 2 2 2 2 2 2
left_child=1 6 5 4 7 24 20 -3 -9 19 -11 -12 13 14 -8 16 -14 -15 -17 -5 -1 22 -22 -21 -2 26 -26 -27 29 -6
right_child=2 3 -4 9 28 -7 12 8 -10 10 11 -13 15 17 -16 18 -18 -19 -20 23 21 -23 -24 -25 25 27 -28 -29 -30 -31
leaf_value=0.0075772094885359596 -0.0054029663909906465 0.0042381175520268153 -0.0072122872420738813 -0.0019100759422984942 0.0094106304816442381 -0.0036510357078510794 -0.0024223897874492378 -0.00023125076060239076 0.0014985923671533672 -0.0098344805308350509 0.006666592784545706 -0.0013521500711599422 0.0049404499605386273 -0.00081451385055598914 0.0048945447393597408 -0.0025106123544313005 0.0020895831716865455 -0.011693094900597683 0.0065671138457375749 0.011995092427044394 -0.0072708472524091218 0.0067124287201007797 0.0026702131040621051 -0.00039507549937966815 -0.00091350195304809546 -0.0029363517349806291 0.0055888265027563442 0.0045301731125848236 0.013336154676622481 -0.0043700187817553434
leaf_weight=75.944915257394314 34.589307561516762 61.8852479159832 166.43844535946846 9.5245433449745196 6.8289853930473345 357.09986189007759 17.186650365591049 392.49447901546955 501.33253565430641 9.0363341867923719 13.128064915537832 300.56954205036163 275.44896258413792 43.139544934034348 63.524440988898277 28.599282428622246 111.88989059627056 5.5206577628850928 9.0239497274160367 9.7092568576335889 5.984663449227809 41.528376966714859 39.182121828198433 4.8425617665052405 211.39661733806133 250.68642722070217 23.627019986510277 13.373904436826704 8.0485191345214826 5.6061924397945404
leaf_count=568 155 267 1405 40 29 2108 95 1654 2193 37 54 1249 1564 242 354 125 604 30 41 40 38 281 243 20 954 1148 106 60 35 24
internal_value=0 0.00168155 -0.00324469 0.000574714 0.00109935 -0.00250151 0.00372221 0.000966043 0.00073793 -0.000899047 -0.00126447 -0.00101137 0.00315783 0.00127901 0.00332303 0.00372702 0.00412026 -0.00209068 -0.00029517 0.00394297 0.00563651 0.00391817 0.00131776 0.00782908 -0.00172991 -0.00147231 -0.000253468 -0.00255284 0.00723582 0.00313278
internal_weight=3097.19 2039.98 1057.21 1323.01 976.196 890.773 716.973 955.712 893.827 346.81 322.734 313.698 554.333 129.371 80.7111 424.962 387.339 48.6602 37.6232 24.0764 162.64 86.6952 45.1668 14.5518 533.673 499.084 235.024 264.06 20.4837 12.4352
internal_count=15763 9827 5936 5642 4202 4531 4185 4114 3847 1440 1340 1303 3055 721 449 2334 2168 272 166 100 1130 562 281 60 2423 2268 1060 1208 88 53
is_linear=0
shrinkage=0.01


Tree=172
num_leaves=31
num_cat=0
split_feature=13 4 0 0 9 25 23 17 9 16 23 6 11 6 29 11 0 16 10 19 19 11 17 25 11 1 28 7 24 2
split_gain=166.062 45.7404 27.7502 11.4273 8.4748 9.61028 9.63662 8.28264 8.82843 7.86712 7.6307 7.52306 7.00913 7.65139 8.9502 7.53611 6.93677 6.83845 9.74165 6.03647 7.61063 6.00439 5.56068 6.26319 5.53533 6.54433 7.43434 5.46887 5.36584 5.31911
threshold=-0.17323375705407607 0.93881108759236265 -0.83221870665800235 1.5741023380619106 0.2213680245676691 -1.187451569956169 1.6994307643935134 1.5109357189656203 -0.37995759487168451 -1.1538865431966367 -1.2487761168908771 0.2757173235697557 -0.95734019449126617 -0.17885176253675331 1.1611010609505661 -1.1975281265929492 -1.4207684488009822 0.19664408916420148 -1.1275543195958457 -0.35945536966141084 -0.76885779069586035 -0.3857852676636222 1.9697480473944917 -1.6011389738497595 1.0004162281918296 0.30832366343069123 1.4756452978847996 1.2262931226879097 1.093166758579813 1.3818845040772774
decision_type=2 2 2 2 2 2 2 2 2 2 2 2 2 2 2 2 2 2 2 2 2 2 2 2 2 2 2 2 2 2
left_child=2 4 16 24 5 6 9 8 -7 -2 17 22 15 27 -15 -12 -1 18 -4 20 -13 -21 23 -6 25 -3 -27 -14 -19 -26
right_child=1 3 10 -5 11 7 -8 -9 -10 -11 12 19 13 14 -16 -17 -18 28 -20 21 -22 -23 -24 -25 29 26 -28 -29 -30 -31
leaf_value=0.00816234407081479 0.010813182555256189 -0.0043982235002074307 -0.0076146457430883441 -0.007454970916424556 -0.01225480746853768 -0.001723453836659413 -0.0084655447624298 -0.0066976981008935177 0.0010052036695109598 0.0022011778942840911 0.00053872574054097749 -0.0070022475389607351 0.0013139373871609314 -0.003678470979333466 0.005764189941619576 0.007810439950939988 0.0036289593583972734 0.0022413554820006126 0.0075849986142656504 -0.0090378243256903409 0.0044827410267850257 -0.003633411765613089 0.0057702034474374246 -0.0011989628226070385 -0.0083405334886113153 -0.0015593878405348474 0.012594299263937354 -0.0012556305830053458 -0.0084542705768707975 0.0010603062750827832
leaf_weight=36.197272703051567 12.704997748136519 171.479089230299 4.4738688170909873 141.64391075819731 5.1663562059402457 325.51388590037823 7.0660893619060507 24.326165750622749 185.91271315515041 65.823336854577065 28.265647321939468 8.3996487110853213 633.05343240499496 67.994114369153976 11.611006438732145 29.342797070741653 593.40693923830986 30.534217089414597 48.355789974331856 24.033289358019829 17.75744865834713 157.06993612647057 11.026913166046141 231.79762148857117 42.788985893130302 66.954930610954762 3.8202351182699195 94.821354180574417 5.4245627522468558 6.7619399875402442
leaf_count=315 54 1059 20 1220 22 1410 32 112 810 283 127 41 2761 279 48 132 3503 133 214 121 86 807 47 974 264 401 22 395 23 48
internal_value=0 -0.00237253 0.00226244 -0.00511585 -0.00126675 -0.000505098 0.00260118 -0.00100363 -0.000729581 0.0036192 0.00118521 -0.00230374 0.000896917 0.000654746 -0.00228314 0.00426701 0.00389244 0.00397875 0.00626697 -0.00371162 0.000743939 -0.00436071 -0.00112205 -0.00144929 -0.00397484 -0.00334153 -0.000764612 0.000977696 0.000581163 -0.00703796
internal_weight=3093.53 1510.05 1583.48 433.449 1076.6 621.347 85.5944 535.753 511.427 78.5283 953.877 455.251 865.088 807.48 79.6051 57.6084 629.604 88.7884 52.8297 207.26 26.1571 181.103 247.991 236.964 291.805 242.254 70.7752 727.875 35.9588 49.5509
internal_count=15763 7813 7950 3014 4799 2701 369 2332 2220 337 4132 2098 3742 3483 327 259 3818 390 234 1055 127 928 1043 996 1794 1482 423 3156 156 312
is_linear=0
shrinkage=0.01


Tree=173
num_leaves=31
num_cat=0
split_feature=4 6 2 5 6 14 7 23 23 6 7 26 9 25 23 24 10 23 6 21 14 17 19 8 10 6 20 24 18 19
split_gain=162.962 38.8221 33.9675 8.98426 8.67967 7.38415 6.39325 6.37112 6.19688 6.17694 6.23762 7.51014 5.71842 8.08082 7.56194 12.3544 8.02663 7.02107 5.69746 6.81708 6.81325 8.62612 6.63171 6.54775 5.52078 5.33487 4.9198 5.4213 8.36874 4.87865
threshold=0.048412742557612895 -0.78267091142507572 1.1135961122668883 -1.1085602876747025 1.971175875600846 -1.4277551419103394 -0.48960170173084266 -1.2299663288305667 -1.5235811334577802 0.058546289883586254 0.45805567293577537 -1.6765697205580194 0.53470633806179801 -0.68370006026643027 -0.38573289009942807 1.7675609407230466 -0.16177704083546354 0.8896274914173351 -0.28153793016160905 1.3810394920179985 0.013336366246754243 -0.53348333984266205 -0.94255945439018396 0.69496793626697595 0.70112087469434381 -0.2922547764886918 -0.21140316873658274 -0.52232857590478632 -1.1152694729233319 -0.18096106042464979
decision_type=2 2 2 2 2 2 2 2 2 2 2 2 2 2 2 2 2 2 2 2 2 2 2 2 2 2 2 2 2 2
left_child=1 5 7 26 -4 -1 8 9 -7 -2 11 -11 14 -14 15 -9 -16 -15 19 25 22 -22 -20 -21 -12 -5 27 -3 -29 -8
right_child=2 3 4 18 -6 6 29 12 -10 10 24 -13 13 17 16 -17 -18 -19 20 23 21 -23 -24 -25 -26 -27 -28 28 -30 -31
leaf_value=0.008057355901852201 0.0097331983708278409 0.0056957590115718285 -0.0047737971189822891 0.00048902504759107943 -0.0088406756297716924 -0.0030097547819652741 0.0044788983739608079 -0.0041510203418638394 0.0055352646608377489 -0.0094026869252105249 -0.009653001983224354 0.0028636089833885226 -0.006513211308145501 -0.0012317471707425439 -0.0019185085108713235 0.0090240606540277386 0.0011388668080697161 -0.0063871966784333776 -0.0055905477918003271 0.0025218547426449807 0.0085346731781998069 0.0002813482241329784 -0.00065454114335950593 0.010832205820608927 -0.0011373637266119114 0.0074445775877731504 -0.0066581540242043801 0.0047102066324914097 -0.00086465931453698927 0.0022332715183771955
leaf_weight=37.035249747335911 6.5420553088188163 56.20479828119278 270.28439886868 528.94035458564758 66.350418642163277 8.7293389737606031 135.4208128452301 141.82328766584396 165.63951316475868 5.3367650657892218 9.9103196859359723 57.732516795396805 63.966976374387741 129.29260487854481 238.7761877477169 7.3562921732664099 133.54930548369884 33.397291377186775 29.7241071164608 49.582036569714546 16.99218787252903 49.967349886894226 324.12608188390732 11.838999405503271 33.493354544043541 11.190086290240286 5.0985116660594931 52.095528185367584 55.065023899078369 354.36496150493622
leaf_count=315 27 263 1870 2287 610 51 784 666 1056 25 47 260 322 625 1120 34 610 173 122 216 69 203 1319 50 159 46 22 243 252 1917
internal_value=0 0.0018272 -0.00288624 0.000726855 -0.00558073 0.00369412 0.00344813 -0.00183127 0.00510027 0.00037396 -0.000200313 0.00179659 -0.00216573 -0.00349544 -0.00158533 -0.00348903 -0.000819163 -0.00229948 0.000373012 0.000997887 -0.000517902 0.00240029 -0.00107346 0.00415495 -0.00312244 0.000636328 0.0028668 0.00317408 0.00183807 0.00285699
internal_weight=3089.83 1892.01 1197.81 1190.83 336.635 701.19 664.155 861.177 174.369 113.015 106.473 63.0693 748.162 226.657 521.505 149.18 372.325 162.69 1022.36 601.551 420.81 66.9595 353.85 61.421 43.4037 540.13 168.464 163.365 107.161 489.786
internal_count=15763 9215 6548 5092 2480 4123 3808 4068 1107 518 491 285 3550 1120 2430 700 1730 798 4312 2599 1713 272 1441 266 206 2333 780 758 495 2701
is_linear=0
shrinkage=0.01


Tree=174
num_leaves=31
num_cat=0
split_feature=13 4 0 0 9 25 23 17 9 6 16 23 26 0 11 6 29 11 26 11 21 17 25 11 3 17 10 0 20 19
split_gain=160.131 44.5119 26.8989 10.97 9.00941 9.28072 9.36564 8.55786 8.0681 8.00659 7.54894 7.49768 7.5403 6.83712 6.83453 7.42739 8.7732 7.42543 6.234 6.22286 6.72701 5.45597 6.14994 5.30389 5.29707 5.24648 5.33069 5.60206 4.87789 8.62929
threshold=-0.17323375705407607 0.95765307335167105 -0.83221870665800235 1.5741023380619106 0.2213680245676691 -1.187451569956169 1.6994307643935134 1.5109357189656203 -0.37995759487168451 0.2757173235697557 -1.1538865431966367 -1.2487761168908771 -0.25516727182833537 -1.4207684488009822 -0.95734019449126617 -0.17885176253675331 1.1611010609505661 -1.1975281265929492 0.051032885537954403 -0.19645423038686846 -1.2898496573177309 1.9697480473944917 -1.6011389738497595 -0.7073358510788389 1.6928352640796287 -1.5035684364292459 -1.1984955019675674 -0.93379210330125495 1.2301214342960809 0.47764349225360075
decision_type=2 2 2 2 2 2 2 2 2 2 2 2 2 2 2 2 2 2 2 2 2 2 2 2 2 2 2 2 2 2
left_child=2 4 13 28 5 6 10 8 -7 21 -2 12 -4 -1 17 -16 -17 -13 -11 23 -21 22 -6 -14 -20 -15 27 -27 -3 -30
right_child=1 3 11 -5 9 7 -8 -9 -10 18 -12 14 19 25 15 16 -18 -19 24 20 -22 -23 -24 -25 -26 26 -28 -29 29 -31
leaf_value=0.0080984603465230499 0.010400582270150258 -0.0044031339968645389 0.0081307240952164864 -0.0073912471150725089 -0.012152794692535671 -0.0016387368491296867 -0.0083921594763106799 -0.0067252183153009874 0.00095961902446691893 -0.0054560866846788889 0.0021295747570986862 0.00050921973089552378 -0.00054215231352113663 0.0071882038310490158 0.00095773754363567192 -0.0036358571237770738 0.0057155676104276819 0.0077351182279073432 -0.0012162048561037201 -0.0069045896249523599 0.0022009237390814328 0.0057213797450349239 -0.0011794767496000826 0.012791574412197032 -0.0086550049312322398 0.011562995347334563 0.003127272619524914 -0.00035656125387676356 0.0074458755899224106 -0.0038956421844122892
leaf_weight=35.77352349460125 13.290978908538817 249.31246811896563 28.900289818644524 140.19158425182104 5.1489329338073722 328.71436393260956 7.0463768243789664 24.613361403346062 187.13825063407421 107.29241445660591 66.737660795450211 28.23515197634697 4.420678198337554 37.996088579297066 727.45746393501759 68.00823500752449 11.602387905120848 29.245712921023369 93.257374554872513 10.290320485830305 36.833147570490837 11.035305202007292 231.68300306797028 8.2195047885179502 10.664616465568541 14.686650574207308 533.17890675365925 5.1499066948890677 9.9301578700542468 20.141080379486084
leaf_count=315 57 1538 130 1220 22 1428 32 114 817 555 288 127 20 240 3156 279 48 132 470 44 159 47 974 37 57 95 3139 29 63 131
internal_value=0 -0.00233296 0.00222389 -0.00509988 -0.00126329 -0.000482329 0.00254243 -0.000971881 -0.000694178 -0.0023283 0.00352695 0.00116414 0.00393525 0.00383352 0.000878373 0.00063935 -0.00225498 0.0042101 -0.00376052 0.00187952 0.000180972 -0.00110282 -0.0014273 0.0080822 -0.00199678 0.00357235 0.00332085 0.00843205 -0.00394429 -0.000105024
internal_weight=3086.2 1506.2 1580 419.575 1086.62 627.541 87.075 540.466 515.853 459.082 80.0286 953.213 88.6639 626.785 864.549 807.068 79.6106 57.4809 211.214 59.7637 47.1235 247.867 236.832 12.6402 103.922 591.012 553.015 19.8366 279.384 30.0712
internal_count=15763 7813 7950 2952 4861 2736 377 2359 2245 2125 345 4132 390 3818 3742 3483 327 259 1082 260 203 1043 996 57 527 3503 3263 124 1732 194
is_linear=0
shrinkage=0.01


Tree=175
num_leaves=31
num_cat=0
split_feature=0 0 0 14 0 0 0 23 15 10 21 28 28 28 15 5 25 20 23 5 11 18 11 26 11 25 24 21 28 28
split_gain=157.271 41.5082 31.0873 8.17585 8.16329 7.56829 6.7859 6.60347 13.5424 10.4174 5.71947 8.2334 6.91596 5.95525 5.30047 4.93959 5.7659 11.1382 5.68032 6.2344 4.93537 4.87618 11.9366 8.51598 8.01879 6.77873 4.72916 4.57601 4.42736 7.19306
threshold=0.13948129492966602 -0.83221870665800235 1.5056581414354833 -0.45863302340718576 0.69880422254815 -0.50594895000858153 -1.4207684488009822 0.53481351436777469 -0.54597388229213473 -1.1984955019675674 1.3810394920179985 -0.99888820215455254 1.2797038336941744 -1.8522961559545836 -1.2182133671449693 -0.011776971277908988 0.67193303575143226 -0.40295707485834914 0.080976889552629286 0.061333502578972028 0.055478461262458409 -0.20126328656419643 0.87954787430796932 -1.5389228455481778 0.7217659893182321 -1.6219136297745333 1.7675609407230466 0.18159737316620175 1.6860951904355412 1.3539150766806902
decision_type=2 2 2 2 2 2 2 2 2 2 2 2 2 2 2 2 2 2 2 2 2 2 2 2 2 2 2 2 2 2
left_child=1 6 4 10 28 -5 -1 9 -9 -7 13 -12 -13 -3 -15 16 20 -18 19 -17 -8 25 24 -24 -23 -6 -27 -20 29 -2
right_child=2 3 -4 5 21 7 15 8 -10 -11 11 12 -14 14 -16 18 17 -19 27 -21 -22 22 23 -25 -26 26 -28 -29 -30 -31
leaf_value=0.0080659720239026067 -0.00147430505995925 0.0088729321477150815 -0.0070823472068945745 -0.0082811364994616818 0.0075948759560855849 -0.0037714358221249086 0.0045986410682618958 -0.0050642029287774537 0.000200970433719826 0.0011718458825692533 -0.0037473145976107988 0.0082474156895857038 -0.0044392823479174797 0.0072435631150995754 0.00096909457883201139 -0.003445214877265161 -2.4415321463648262e-05 0.0081707606689264984 -0.0007808724680693868 0.004518299318023381 0.0086319926904712112 -0.0012594371345995782 0.0031118694481629627 -0.0058909671636854233 0.0076144143219588501 -0.005151164506374966 0.0038647584089886553 0.0028446863157702883 -0.0063066836008562766 0.0052489610254443974
leaf_weight=35.559912249445915 440.52549964189529 10.212059468030928 163.17275774478912 10.53923913836479 4.333355948328971 46.05969862639904 180.97289916872978 65.249720096588135 192.1860980540514 547.24523225426674 8.8469687849283201 36.767305433750153 4.6925212889909735 13.862948834896086 432.42743866145611 10.36514540016651 60.981826990842819 22.556284293532372 65.419104784727097 138.53370352089405 37.539059221744537 143.73527628183365 11.539923965930937 98.880382284522057 10.84116257727146 176.01410426199436 5.8199104368686667 73.443988338112831 17.879885539412498 16.354251518845558
leaf_count=315 1952 47 1405 45 26 191 1137 267 791 2246 40 167 20 65 1949 61 354 137 365 792 243 811 64 578 58 1034 33 414 83 73
internal_value=0 0.00166947 -0.00305578 0.000692863 -0.00234443 9.8575e-05 0.0038039 0.000204522 -0.00113111 0.000785831 0.00170061 0.00490524 0.00678022 0.00134428 0.00116782 0.00354392 0.00444222 0.00218355 0.00259632 0.00395529 0.00529975 -0.00330926 -0.0024282 -0.00493908 -0.000626087 -0.00455605 -0.00485513 0.00113014 -0.00142493 -0.00123036
internal_weight=3082.56 1993.46 1089.1 1368.09 925.924 861.28 625.372 850.741 257.436 593.305 506.809 50.3068 41.4598 456.502 446.29 589.812 302.05 83.5381 287.762 148.899 218.512 451.164 264.997 110.42 154.576 186.167 181.834 138.863 474.76 456.88
internal_count=15763 9646 6117 5828 4712 3540 3818 3495 1058 2437 2288 227 187 2061 2014 3503 1871 491 1632 853 1380 2604 1511 642 869 1093 1067 779 2108 2025
is_linear=0
shrinkage=0.01


Tree=176
num_leaves=31
num_cat=0
split_feature=6 14 0 9 12 18 18 14 15 5 11 17 0 24 0 11 11 27 17 27 15 26 26 18 22 27 22 21 7 16
split_gain=154.436 43.6749 28.7872 8.56855 12.0335 11.3166 8.7937 8.0043 7.14026 8.00639 10.9072 6.92868 6.69366 6.33816 5.86967 5.86564 11.3309 7.84008 5.63368 5.55844 5.50937 4.91183 9.20647 6.96503 6.90786 11.5142 6.34846 4.90738 4.62457 5.6648
threshold=0.22355410446815371 -0.69888820447341071 1.5056581414354833 0.45388732896799172 -0.71567248070456346 1.9193107479087457 1.5520742114146362 -1.4277551419103394 -1.0683729916592806 0.041968068901280069 -0.61055779172254776 -0.20150240064659133 0.81635007292352191 -2.1203414147315489 0.10898131434029439 -0.17653944825848358 -0.36920387360857004 1.5361921181601039 -1.5035684364292459 2.2900030344027384 -1.1805138661071646 -0.91462886442811919 -0.22056610179329658 -0.72964309533216476 -0.72508992292907026 0.18913751624178163 -0.26817294535992381 -1.3265996859091527 -0.71798852153141424 -0.011046976987280176
decision_type=2 2 2 2 2 2 2 2 2 2 2 2 2 2 2 2 2 2 2 2 2 2 2 2 2 2 2 2 2 2
left_child=1 7 12 4 28 6 -6 -1 14 11 -11 -10 13 -2 20 16 -15 -17 -9 -20 -5 24 27 -24 25 -14 -26 -23 -3 -30
right_child=2 3 -4 8 5 -7 -8 18 9 10 -12 -13 21 15 -16 17 -18 -19 19 -21 -22 22 23 -25 26 -27 -28 -29 29 -31
leaf_value=0.0079623320486951286 -0.010665684720167637 -0.014209925079797486 -0.007048086661508397 0.0026122505261444054 0.0010829458783477681 -0.0090651366957449873 0.0081657902201349893 0.0064511229709240583 -0.003516744305783033 0.0093314929317981528 -0.0010900414624319728 -0.014499546454022743 -0.0014810417650409141 -0.0012694472770631553 -0.0020735141548919515 -0.003001268115421547 0.0052185317012559251 0.0048710832087001926 0.0028471882994564285 0.012702095847119437 0.014515870256929957 0.00097747858683064153 -0.0065841817653417888 -0.0019127064274756687 -0.010320034678807429 0.016652586687841048 -0.0011779455546840087 -0.0075029109799281445 0.0043984311812009722 -0.0082547406999116495
leaf_weight=36.416677914559841 7.7124924212694159 5.7493013590574291 162.33099011331797 9.4305246323347109 831.05677992105484 10.68414895236492 17.861099451780319 48.919354058802128 34.166911423206329 10.29870669543743 282.69634675979614 6.9661896973848334 9.8093290627002698 204.49793246388435 9.3400125205516797 246.77669842541218 30.87054418027401 13.152839839458464 729.14258060604334 5.7387749105691901 6.9095037281513241 7.207181677222251 40.441586062312126 156.81969550251961 9.171639144420622 5.2616610527038565 44.342973336577415 80.372612252831459 5.4639266133308437 9.3484275490045494
leaf_count=315 36 24 1405 40 3503 45 75 296 142 43 1175 29 58 929 40 1136 139 59 4098 33 29 43 251 923 55 29 257 492 24 40
internal_value=0 0.00157487 -0.00318469 0.000389693 0.000921729 0.00110388 0.00123409 0.00336509 -0.000908892 -0.00130207 -0.000717256 -0.00543167 -0.00245051 -0.00170503 0.00415326 -0.00156136 -0.000412393 -0.00259735 0.00314923 0.00292722 0.00776429 -0.0035079 -0.00408755 -0.00287835 -0.00108357 0.00485198 -0.00277975 -0.00679331 -0.00661321 -0.00352203
internal_weight=3078.96 2060.19 1018.77 1239.97 880.164 859.602 848.918 820.217 359.808 334.128 292.995 41.1331 856.437 503.011 25.68 495.298 235.368 259.93 783.801 734.881 16.34 353.427 284.841 197.261 68.5856 15.071 53.5146 87.5798 20.5617 14.8124
internal_count=15763 9951 5812 5209 3711 3623 3578 4742 1498 1389 1218 171 4407 2299 109 2263 1068 1195 4427 4131 69 2108 1709 1174 399 87 312 535 88 64
is_linear=0
shrinkage=0.01


Tree=177
num_leaves=31
num_cat=0
split_feature=0 0 0 14 0 0 0 8 15 10 17 17 29 21 1 21 3 16 18 7 26 24 8 26 26 28 25 29 22 18
split_gain=151.602 40.2771 30.4422 7.93801 7.92733 7.41802 6.68404 5.98787 6.94592 6.77396 5.70282 7.95713 9.48967 6.16064 8.05627 5.72322 5.21082 4.85451 5.41297 7.39746 5.6839 4.80907 9.45378 5.45994 7.09263 6.49909 4.44977 7.01722 6.9752 4.28052
threshold=0.13948129492966602 -0.83221870665800235 1.5056581414354833 -0.45863302340718576 0.69880422254815 -0.50594895000858153 -1.4207684488009822 0.046982199430687925 -1.4545440968370522 -1.397061202769972 0.54136057397057435 0.87863308713196886 1.1020880915137925 1.3575148911823682 0.87695525791621576 -1.270224636708928 -1.712625837704745 -0.33235682965025121 -0.98948780403764991 -0.43574052709442251 -1.3367083084094953 1.7675609407230466 -0.73506302903826815 -0.86909627519076993 -0.083080732305366237 -1.9167274068957196 0.83626484348954888 0.43736334336202526 -0.96429494719910369 -0.17198893352721281
decision_type=2 2 2 2 2 2 2 2 2 2 2 2 2 2 2 2 2 2 2 2 2 2 2 2 2 2 2 2 2 2
left_child=1 6 4 10 17 -5 -1 9 -9 -7 13 12 -12 14 -3 -13 -8 26 19 -19 -20 23 -23 25 -25 -6 27 -2 -28 -4
right_child=2 3 29 5 21 7 16 8 -10 -11 11 15 -14 -15 -16 -17 -18 18 20 -21 -22 22 -24 24 -26 -27 28 -29 -30 -31
leaf_value=0.0080032094575488121 0.00022932291820925942 0.0021758861553234678 -0.0048979654897243034 -0.0081959548278491591 -0.0084265285383637173 -0.0028296655222333632 0.0077082041145071205 -0.010899818364371981 -0.00059103781710395122 0.0012799293718996443 -0.0010459228653141564 -0.0054772691192394411 -0.012050616364347497 0.0065461428100895792 -0.0096227531610873912 0.0025031585541878594 0.0032746001737823795 -0.012250017518759392 -0.0061176582593359839 -0.0012461889944295275 -0.0012786601268175869 0.01473593778035109 -0.0021105358328464031 -0.0059737419856004696 -0.0029478868411619754 -0.00033194674649791661 0.013155355915956419 -0.0052986752731632872 0.0011238686951774357 -0.0083163443033968821
leaf_weight=35.150502741336823 106.00894628465176 310.47400921583176 62.005899950861931 10.557173296809195 11.228581368923185 43.81126880645752 28.187324285507202 6.5761631131172171 350.48315897583961 449.73353214561939 45.217872709035873 9.7839615195989591 9.4568308591842634 32.401188880205154 5.7707910239696494 93.148673355579376 559.35080898553133 12.048113316297533 27.027355805039406 12.793364346027372 246.33451835811138 4.1898971349000957 14.590024560689924 124.37376919388771 212.6945476680994 82.459315150976181 5.5318680107593527 29.107532620429993 35.487503379583359 99.489837877452374
leaf_count=315 460 1421 542 45 64 181 183 27 1428 1859 198 43 41 149 25 411 3320 55 123 57 1112 23 81 737 1231 468 23 126 152 863
internal_value=0 0.00163957 -0.00300628 0.000678553 -0.00230397 9.30941e-05 0.00374788 0.0001981 -0.000786699 0.000912601 0.00167226 8.6961e-05 -0.00298614 0.0023858 0.00195445 0.00173032 0.00349028 -0.00139804 -0.00217545 -0.00665086 -0.00176281 -0.00325713 0.00165318 -0.00347386 -0.00406879 -0.0013207 -7.57117e-05 -0.000957191 0.0027988 -0.0070139
internal_weight=3075.47 1990.1 1085.37 1367.41 923.875 861.161 622.689 850.604 357.059 493.545 506.253 157.607 54.6747 348.646 316.245 102.933 587.538 474.339 298.203 24.8415 273.362 449.536 18.7799 430.756 337.068 93.6879 176.136 135.116 41.0194 161.496
internal_count=15763 9646 6117 5828 4712 3540 3818 3495 1455 2040 2288 693 239 1595 1446 454 3503 2108 1347 112 1235 2604 104 2500 1968 532 761 586 175 1405
is_linear=0
shrinkage=0.01


Tree=178
num_leaves=31
num_cat=0
split_feature=13 2 0 0 6 23 22 11 11 11 6 29 0 6 24 7 17 10 0 1 4 6 29 27 9 10 19 2 0 1
split_gain=149.168 42.3107 25.2342 8.96097 8.64645 7.36202 10.6949 9.44108 6.68758 7.30136 7.22175 8.58324 6.63317 6.53087 5.61728 5.36516 5.1138 5.30182 5.58968 5.04666 8.05739 6.21532 6.3952 5.86411 4.95458 7.59693 5.74802 4.94542 5.71728 7.04905
threshold=-0.17323375705407607 1.1135961122668883 -0.83221870665800235 0.50425984259590273 1.971175875600846 -1.2487761168908771 -1.3257526343604407 -0.13754345075699895 -0.95734019449126617 -1.1975281265929492 -0.17885176253675331 1.1611010609505661 -1.4207684488009822 -0.28153793016160905 -0.52232857590478632 1.2262931226879097 -1.5035684364292459 -1.1984955019675674 -0.93379210330125495 0.29773123680952862 -0.1656407511685451 0.81988240448296501 -1.5530164137187674 1.8478314944136371 2.143428567811847 1.3985942417985073 1.2070040335872909 1.1543551299343882 1.2912659232832424 1.1297741320236563
decision_type=2 2 2 2 2 2 2 2 2 2 2 2 2 2 2 2 2 2 2 2 2 2 2 2 2 2 2 2 2 2
left_child=2 3 12 19 27 6 7 -4 9 -7 15 -12 -1 -9 -8 -10 -14 18 -18 21 -21 22 -2 -22 25 26 -5 -3 29 -29
right_child=1 4 5 24 -6 8 14 13 10 -11 11 -13 16 -15 -16 -17 17 -19 -20 20 23 -23 -24 -25 -26 -27 -28 28 -30 -31
leaf_value=0.0079708818997767522 0.0054439919032899398 -0.0094332508389852431 0.0078778370239961527 -0.0017162347196453412 -0.0087184111787660667 0.00047243948498892858 0.011619171056256041 -0.0087440277946133887 0.0012539483072537261 0.0076472104600019313 -0.0036131441998147815 0.0056404380614191963 0.0070576696902426199 0.0027050719105691451 0.004466224843347689 -0.0012925372148577358 0.011500033762789541 0.0030205284144597735 -0.0004497971068090322 -0.010007327071373924 -0.0016819655077772047 -0.0074117647855965352 -0.00014308558294881009 0.0075075830376041732 0.0045793947071073723 -0.0065475321019683001 -0.0053823325020272098 -0.0026817266438171616 -0.0051028704365971853 0.0086300844370730892
leaf_weight=34.941589452326298 21.385438397526741 19.952546045184135 8.3807911425828951 333.59991869330406 64.546270415186882 28.194511026144028 15.124922737479208 13.55904756486416 631.82334037125111 29.129760697484016 68.012252822518349 11.589344605803488 37.466899059712887 7.6100461632013312 43.794657528400421 94.743173629045486 14.483438923954965 529.29743231832981 5.1240883916616431 11.375006645917891 242.08483669161797 11.133536010980604 437.46896940469742 7.0159775912761679 9.4930693954229337 45.044191405177116 49.430630132555962 56.667470261454582 183.46068035811186 5.973061576485633
leaf_count=315 89 124 38 1711 610 127 68 59 2761 132 279 48 240 32 193 395 95 3139 29 46 1026 49 1821 29 48 243 271 349 1362 35
internal_value=0 -0.00225784 0.00215052 -0.00136253 -0.00541664 0.00112568 0.00387465 -0.001004 0.000842455 0.00414274 0.000606057 -0.00224796 0.00371873 -0.00458782 0.00633594 0.000920382 0.00346232 0.00321385 0.00833997 -0.000682569 -0.00179893 -6.14855e-05 0.000116257 -0.00141622 -0.00249493 -0.00265518 -0.00219324 -0.00460888 -0.00421001 -0.00157512
internal_weight=3071.91 1498.63 1573.28 1168.03 330.6 951.962 88.4695 29.5499 863.492 57.3243 806.168 79.6016 621.313 21.1691 58.9196 726.567 586.372 548.905 19.6075 730.464 260.476 469.988 458.854 249.101 437.568 428.075 383.031 266.054 246.101 62.6405
internal_count=15763 7813 7950 5333 2480 4132 390 129 3742 259 3483 327 3818 91 261 3156 3503 3263 124 3060 1101 1959 1910 1055 2273 2225 1982 1870 1746 384
is_linear=0
shrinkage=0.01


Tree=179
num_leaves=31
num_cat=0
split_feature=13 2 0 0 6 0 11 11 6 18 19 24 22 16 3 2 0 8 9 10 19 6 11 22 26 8 7 24 21 17
split_gain=146.383 41.7451 24.8453 8.80381 8.6068 6.58216 6.54914 8.00879 5.60619 11.7932 9.60359 5.76667 7.14966 5.83856 5.12959 4.89841 5.64606 6.67101 4.85894 7.48831 5.6611 4.73455 5.09394 9.69804 5.04305 4.24466 7.5004 4.34526 4.19175 4.16814
threshold=-0.17323375705407607 1.1135961122668883 -0.83221870665800235 0.50425984259590273 1.971175875600846 -1.4207684488009822 -0.95734019449126617 -1.1975281265929492 -0.14344686672431092 -1.0804699753550804 -0.95738392856075805 0.82621576947120146 -0.6452867036663007 1.1818795911270754 -1.712625837704745 1.1543551299343882 1.2912659232832424 1.0302616956470818 2.143428567811847 1.3985942417985073 1.2070040335872909 0.81988240448296501 0.79216755211415157 0.89403402560659451 1.9614614697693726 -1.3909906803772123 -0.92020186819365002 -0.62942438282784807 -1.9362156112875433 -1.1182498106267198
decision_type=2 2 2 2 2 2 2 2 2 2 2 2 2 2 2 2 2 2 2 2 2 2 2 2 2 2 2 2 2 2
left_child=2 3 5 21 15 -1 7 29 11 -10 -11 12 -8 -13 -7 -3 17 -17 19 20 -5 22 24 -24 -2 27 -27 -16 -18 -4
right_child=1 4 6 18 -6 14 8 -9 9 10 -12 13 -14 -15 25 16 28 -19 -20 -21 -22 -23 23 -25 -26 26 -28 -29 -30 -31
leaf_value=0.0079386056711809802 -1.9155597670842195e-05 -0.0093921372267832676 -0.0041428431089756091 -0.0017004033450768112 -0.0086888351439973997 0.0076374187415194795 0.0033821151718070709 0.0078977580402172197 0.0073761884703452052 -0.016391495817333561 -0.0023010913211007587 -0.0011126414852049059 0.00095725392392232518 0.0041098530844218897 0.005010277250417936 -0.0026496224759480652 0.0058857297289653309 0.008263040546860714 0.0045254235499212385 -0.0065031948053062309 -0.0053432701740824748 -0.0067225452142641896 -0.0035454346120497838 0.0034919656936995992 -0.006440773105258619 0.0065565589586226852 0.0030043200690547459 -0.0014635933798137807 -0.0052772160106718917 0.0036554484194462893
leaf_weight=34.734262906014919 569.93849724531174 19.840489134192467 11.382688626646997 333.34103548526764 64.120795927941799 27.951896078884602 164.80574876070023 30.495590791106224 11.609262600541113 5.2575107961893073 54.588673979043961 160.7047360688448 471.41386149823666 24.554296776652336 14.526914566755293 56.492439746856689 3.2649740651249877 6.0873756557703009 9.5113234072923643 44.899190455675125 49.29548804461956 12.654507726430891 111.85712885856628 23.511821091175079 12.405548110604284 69.54513481259346 437.90907307714224 35.27527779340744 179.56783501803875 16.80770118534565
leaf_count=315 2372 124 52 1711 610 183 724 139 50 22 221 698 2046 105 88 348 24 36 48 243 271 56 479 101 52 446 2571 215 1338 75
internal_value=0 -0.00223811 0.00213145 -0.00134966 -0.00538267 0.00368981 0.0011149 0.00435258 0.000900531 -0.00177892 -0.0035809 0.00113501 0.00158739 -0.000413211 0.00343461 -0.00457672 -0.00417967 -0.00156066 -0.00247299 -0.00263204 -0.0021736 -0.000675858 -0.00056693 -0.00231407 -0.000158753 0.00322067 0.00349431 0.000411001 -0.0050693 0.0004678
internal_weight=3068.35 1496.79 1571.56 1167.41 329.374 619.943 951.62 58.686 892.934 71.4554 59.8462 821.479 636.22 185.259 585.208 265.253 245.413 62.5798 437.047 427.536 382.637 730.368 717.713 135.369 582.344 557.256 507.454 49.8022 182.833 28.1904
internal_count=15763 7813 7950 5333 2480 3818 4132 266 3866 293 243 3573 2770 803 3503 1870 1746 384 2273 2225 1982 3060 3004 580 2424 3320 3017 303 1362 127
is_linear=0
shrinkage=0.01


Tree=180
num_leaves=31
num_cat=0
split_feature=13 4 0 0 1 29 26 6 27 28 8 4 28 0 11 11 5 6 18 0 24 22 22 17 10 0 11 24 11 18
split_gain=143.647 41.0457 24.4642 10.57 8.27937 7.78231 8.47577 7.90145 7.5147 6.83283 6.69783 6.69761 7.76588 6.53114 6.43246 7.88349 6.29028 5.49654 11.5704 9.42654 5.65504 7.01799 5.17515 5.03096 5.25231 5.55635 4.69659 4.46767 6.17274 11.4247
threshold=-0.17323375705407607 0.95765307335167105 -0.83221870665800235 1.5741023380619106 0.29773123680952862 -1.6386947739532847 0.25205358965141578 0.4631431373058536 1.8478314944136371 -1.2418427558176131 -0.46142994881881044 -0.1656407511685451 -1.9823672571215714 -1.4207684488009822 -0.95734019449126617 -1.1975281265929492 -1.7220508952257851 -0.14344686672431092 -1.0804699753550804 -0.34868953581810225 0.82621576947120146 -0.6452867036663007 0.88021106141766581 -1.5035684364292459 -1.1984955019675674 -0.93379210330125495 -0.79475785300054991 -0.87615979540300981 0.98042806559164741 -0.10284819989040188
decision_type=2 2 2 2 2 2 2 2 2 2 2 2 2 2 2 2 2 2 2 2 2 2 2 2 2 2 2 2 2 2
left_child=2 4 13 27 5 6 10 16 11 -9 -2 -6 -13 -1 15 -4 -7 20 -19 -20 21 -16 -22 -15 25 -25 -26 -3 29 -29
right_child=1 3 14 -5 8 7 -8 9 -10 -11 -12 12 -14 23 17 -17 -18 18 19 -21 22 -23 -24 24 26 -27 -28 28 -30 -31
leaf_value=0.0079063800768215675 0.019432828940805506 -0.0011439819368869349 0.00046280954033178122 -0.0071983838713039839 -0.010276329819328826 0.0059691886593863921 -0.0037373461044356532 -0.0071190676707233551 0.0063029391376161368 -0.0015901063472922416 0.004510637036434657 -0.010552576568697907 -0.0020696463039367057 0.0069871559705724237 0.0033511942278841361 0.0078394178729726694 -0.00015525785589520807 0.0073164061230756782 -0.012673637640881275 -0.0017919514760278072 -0.0011174775920433605 0.00094788833507520882 0.0035466263474148154 0.011456856240187479 -0.00077489065859142172 -0.00047856073898703628 0.0032047264195605237 -0.005795751139988977 -0.0081995268232979111 -0.00077409794880179599
leaf_weight=34.528518453240395 4.9029826074838647 53.306907057762146 28.188256055116653 135.91016630083323 10.874488443136213 17.374282822012901 6.2816795557737342 25.213391199707985 9.685653939843176 203.31716771423817 8.3682478070259094 11.089416950941084 373.24786242842674 37.182506538927555 164.6647564470768 30.416452437639236 413.07261756062508 11.588004752993582 9.4493238776922208 50.413345441222191 157.40985584259033 471.3124483525753 27.870463728904724 14.345632359385492 31.078327253460884 5.1160950958728781 496.33104848861694 106.34196899086237 36.135704576969147 79.821543157100677
leaf_count=315 21 332 127 1220 44 74 28 124 42 992 39 50 1716 240 724 139 1731 50 39 204 682 2046 121 95 187 29 2952 678 234 488
internal_value=0 -0.00221857 0.00211245 -0.00490759 -0.00119592 -0.000518596 0.00567696 -0.000704779 -0.0023281 -0.00220733 0.0102024 -0.0025437 -0.00231969 0.0036611 0.00110413 0.00431521 9.09518e-05 0.000891753 -0.00176138 -0.00354457 0.00112398 0.00157214 -0.000408959 0.0034071 0.00316063 0.00828175 0.00296822 -0.0037721 -0.00439702 -0.00364955
internal_weight=3064.84 1494.94 1569.9 411.516 1083.43 678.53 19.5529 658.977 404.897 228.531 13.2712 395.212 384.337 618.582 951.313 58.6047 430.447 892.708 71.4507 59.8627 821.258 635.977 185.28 584.054 546.871 19.4617 527.409 275.606 222.299 186.164
internal_count=15763 7813 7950 2952 4861 3009 88 2921 1852 1116 60 1810 1766 3818 4132 266 1805 3866 293 243 3573 2770 803 3503 3263 124 3139 1732 1400 1166
is_linear=0
shrinkage=0.01


Tree=181
num_leaves=31
num_cat=0
split_feature=6 6 0 5 13 6 18 18 29 5 22 0 24 6 6 19 1 7 18 25 18 7 23 10 25 29 26 26 18 22
split_gain=141.121 40.5586 27.4354 8.51349 7.05982 6.99453 10.8002 10.5726 6.57418 8.03904 7.16922 6.20231 6.26578 6.18522 8.93506 9.80322 7.38402 7.22492 8.00333 5.96281 5.57705 5.39845 6.7149 5.24977 6.25941 4.85256 4.80416 9.08756 6.90729 6.81504
threshold=0.22355410446815371 -0.78267091142507572 1.5056581414354833 -1.7220508952257851 -1.2401268835255583 -0.28153793016160905 1.9193107479087457 1.5520742114146362 -0.15992081958998877 -0.84596712228308257 -1.397115476472172 0.81635007292352191 -2.1203414147315489 -1.1420760822811282 -1.2130912187997924 0.43317101295387267 1.0235794474220037 1.4163865699608964 0.071106423196849261 -0.29363255072823097 -0.64922994784706956 1.2262931226879097 -1.1568115301945883 -0.16177704083546354 -0.091270123527604941 -1.2394587629224865 -0.91462886442811919 -0.22056610179329658 -0.72964309533216476 -0.72508992292907026
decision_type=2 2 2 2 2 2 2 2 2 2 2 2 2 2 2 2 2 2 2 2 2 2 2 2 2 2 2 2 2 2
left_child=1 4 11 20 23 8 7 -7 9 -5 -10 12 -2 14 16 -16 -6 19 -19 -15 -3 25 -23 -1 -25 -14 29 -28 -29 -13
right_child=2 3 -4 5 13 6 -8 -9 10 -11 -12 26 21 17 15 -17 -18 18 -20 -21 -22 22 -24 24 -26 -27 27 28 -30 -31
leaf_value=0.0073219651611514435 -0.010566178725104963 0.0059160393517929243 -0.0068846640105008853 0.003793529763044058 0.0044777233620739735 -0.00040264326331350365 -0.008956056911205575 0.0074939844831637048 -0.003319832082292298 -0.00073854370969188624 0.0023437835526078873 0.0049389955551793875 0.0014137577939200671 0.0055559401557633073 0.00064188936197864712 -0.0090434260542881766 -0.0034531373250170222 -0.010918252601007686 0.0014149474736026163 0.00292626060693039 -0.0050118758170629996 0.0030068986161869028 -0.0086250086430828543 0.00098839600938249597 0.0064657089922679836 -0.0016249126385098245 -0.0066564028467603707 -0.0064578674096929167 -0.001779412743114866 -0.0026611496747410662
leaf_weight=73.178902015089989 7.6639988869428626 41.613683760166168 158.35063373297453 46.294873982667923 65.227263018488884 620.47249791026115 14.266569867730139 17.325050324201584 23.68337020277977 250.05111593008041 342.4694995880127 15.008498474955557 59.911891400814056 143.34567910432816 32.812303423881531 15.115972489118574 14.089153990149496 6.2259994596242896 30.875677466392517 224.88552439212799 5.082648739218711 6.3281250149011639 20.542427435517311 44.198327496647835 40.367730565369129 407.07020947337151 86.402506873011589 39.936387538909912 155.479208111763 53.091628015041351
leaf_count=568 36 206 1405 217 375 2564 61 73 105 1070 1506 87 273 837 191 81 74 26 139 1270 26 31 107 281 281 1852 535 251 923 312
internal_value=0 0.00150617 -0.00306026 0.000503949 0.00348066 0.000353893 -0.000380202 -0.000185431 0.00107788 -2.61336e-05 0.00197391 -0.0023471 -0.00162977 0.00292512 0.000989769 -0.00240438 0.00305378 0.00352981 -0.000651581 0.00395389 0.00469706 -0.00148696 -0.00584758 0.00534691 0.00361936 -0.0012327 -0.00337158 -0.00394861 -0.00274346 -0.000966715
internal_weight=3061.37 2051.58 1009.79 1361.26 690.323 1314.56 652.064 637.798 662.499 296.346 366.153 851.435 501.517 532.578 127.245 47.9283 79.3164 405.333 37.1017 368.231 46.6963 493.853 26.8706 157.745 84.5661 466.982 349.918 281.818 195.416 68.1001
internal_count=15763 9951 5812 5828 4123 5596 2698 2637 2898 1287 1611 4407 2299 2993 721 272 449 2272 165 2107 232 2263 138 1130 562 2125 2108 1709 1174 399
is_linear=0
shrinkage=0.01


Tree=182
num_leaves=31
num_cat=0
split_feature=6 6 0 9 28 13 23 15 11 19 28 11 8 8 6 6 19 29 23 23 7 25 6 9 24 16 24 9 6 20
split_gain=138.526 39.8924 27.1547 9.76602 7.76113 7.1482 6.41893 6.27106 6.1881 9.65167 6.34092 6.12702 6.06543 7.30727 5.90497 8.76544 9.55803 7.30468 6.613 11.0318 6.18322 5.79086 5.71094 7.94935 7.52485 5.65967 9.10457 8.30728 7.75586 5.85804
threshold=0.22355410446815371 -0.77371383506239377 1.5056581414354833 0.45388732896799172 1.9186409696998548 -1.2401268835255583 -1.2856616092352828 -0.51100000513546728 0.87954787430796932 0.86508633864473328 -0.92322789689282658 -1.4504865261679425 -0.37891337168694122 -0.24333191569678495 -1.1420760822811282 -1.2130912187997924 0.43317101295387267 -0.94638317657404813 -1.5520974023928182 -1.9285892723766884 1.8490133791234313 1.0728454872453057 0.82740736638734935 0.20652622985415156 1.7675609407230466 -0.71779096653396535 -0.39577567160950883 0.32363677869430019 0.2757173235697557 1.0815947836629627
decision_type=2 2 2 2 2 2 2 2 2 2 2 2 2 2 2 2 2 2 2 2 2 2 2 2 2 2 2 2 2 2
left_child=1 5 8 4 6 -1 -3 -8 9 22 -11 -5 -13 -14 15 17 -17 -7 19 -16 -20 -12 23 -2 -24 26 27 -10 -27 -28
right_child=2 3 -4 11 -6 14 7 -9 25 10 21 12 13 -15 18 16 -18 -19 20 -21 -22 -23 24 -25 -26 28 29 -29 -30 -31
leaf_value=0.0053126798117329793 -0.00017185212638119724 0.0038502150307642706 -0.0068508012265793622 -0.011070808978117479 0.0070937061150774337 -0.0027476456975729967 -0.00031054935015265483 0.0013695434100651016 0.014100987705429887 -0.0060560348944382067 0.0080572058638206465 0.0083761598898880359 -0.012705022417508928 -0.00076554099452046402 0.0088480822258599386 0.00063571708461433426 -0.0089132572360157078 0.0046167050390240908 0.0040320774238836741 -0.005834487116230528 -0.0022192799621415476 -0.0052198075197668441 -0.0035591961131424548 -0.0032162282004298943 0.0061724115553584849 0.0053675454066170547 -0.0066053407850281253 -0.0027446706402036551 -0.0051874134919623468 0.0060683550354892644
leaf_weight=157.183408819139 229.7713487893343 67.149631425738335 157.54654730111361 5.7765654474496833 20.392165407538414 16.925790801644325 390.00281919538975 513.5881192535162 6.7223929911851865 5.2420327663421658 20.250120580196384 7.0008191466331473 5.1190622448921195 339.1829614341259 7.0888772308826473 32.800600901246071 15.184470891952513 62.254202991724014 376.4575103521347 17.498995453119278 16.245577931404114 3.7502692788839331 254.11904972791672 137.49080044031143 8.040660008788107 7.1267575621604911 17.459087193012241 4.9304096847772598 151.11399245262146 4.440030723810195
leaf_count=1130 1010 290 1405 25 88 95 1646 2254 32 27 103 29 21 1413 39 191 81 354 2130 95 70 20 1477 689 44 32 92 28 829 24
internal_value=0 0.00149241 -0.00303515 0.00048508 0.000996399 0.00342624 0.000866566 0.000643331 -0.0023264 -0.0018627 0.00373234 -0.000931252 -0.000758576 -0.000949598 0.00287892 0.000980404 -0.00237743 0.00302838 0.0034547 -0.00154219 0.00377042 0.00592801 -0.00212478 -0.00131485 -0.00325467 -0.00391186 -0.000149696 0.00692564 -0.00470264 -0.0039744
internal_weight=3057.86 2049.85 1008 1348.21 991.133 701.639 970.741 903.591 850.457 658.664 29.2424 357.079 351.303 344.302 544.456 127.165 47.9851 79.18 417.291 24.5879 392.703 24.0004 629.422 367.262 262.16 191.793 33.5519 11.6528 158.241 21.8991
internal_count=15763 9951 5812 5766 4278 4185 4190 3900 4407 3370 150 1488 1463 1434 3055 721 272 449 2334 134 2200 123 3220 1699 1521 1037 176 60 861 116
is_linear=0
shrinkage=0.01


Tree=183
num_leaves=31
num_cat=0
split_feature=13 2 0 6 0 23 22 18 14 11 11 6 29 24 3 2 0 1 14 1 12 6 29 27 16 25 21 16 16 24
split_gain=136.072 39.5797 23.3564 8.56993 8.17675 7.11695 10.4938 10.924 6.44968 6.26332 6.97013 6.8155 8.40903 5.53101 5.44761 4.92703 5.52085 6.85969 4.87518 4.77487 7.79237 5.93339 6.14286 5.63991 4.63709 4.62248 4.47658 7.49811 5.35248 4.42028
threshold=-0.17323375705407607 1.1135961122668883 -0.83221870665800235 1.971175875600846 0.50425984259590273 -1.2487761168908771 -1.3257526343604407 -0.45241588811799566 -1.4277551419103394 -0.95734019449126617 -1.1975281265929492 -0.17885176253675331 1.1611010609505661 -0.52232857590478632 -1.712625837704745 1.1543551299343882 1.2912659232832424 1.1297741320236563 -1.0238672897097019 0.29773123680952862 -0.1656407511685451 0.81988240448296501 -1.5530164137187674 1.8478314944136371 0.91192155978350187 0.67193303575143226 2.0786526298039703 1.7605593776774884 2.3107362073931887 1.1244693938908663
decision_type=2 2 2 2 2 2 2 2 2 2 2 2 2 2 2 2 2 2 2 2 2 2 2 2 2 2 2 2 2 2
left_child=2 4 8 15 19 6 7 -4 -1 10 -7 18 -13 -8 -10 -3 17 -17 -11 21 -21 22 -2 -22 -15 -9 28 -28 -16 -6
right_child=1 3 5 -5 29 9 13 25 14 11 -12 12 -14 24 26 16 -18 -19 -20 20 23 -23 -24 -25 -26 -27 27 -29 -30 -31
leaf_value=0.007758158356576686 0.0053441142440265521 -0.009303127190242351 0.0084946882499906864 -0.0085901381355406245 -0.0028076044344095201 0.00041518198691383612 0.011488218177711814 -0.0017826552078708119 0.0076240103540806473 -0.010793953730386939 0.0074445674771104224 -0.0035559454638504442 0.0056055928342357798 0.0057163203466177991 0.0031391755510268007 -0.0025505205333860395 -0.0049333208798983908 0.0086114372455698539 0.00093216966013441344 -0.0098178294601459579 -0.0016239972043871984 -0.0072520377538882732 -0.00012966204020423955 0.0073831900919321073 -0.0034345806315456218 -0.012112896918941206 0.0019558929423138098 -0.013772692449140922 0.012512793409615391 1.6071392951601168e-05
leaf_weight=35.123465970158577 21.401217892765999 19.594467997550964 8.389668211340906 62.710081063210964 370.60362321138382 28.137108653783798 15.026974752545355 14.891917690634729 28.265335917472839 3.450749233365058 28.870867431163788 68.008238986134529 11.582224011421202 37.372490465641022 529.92707022279501 56.139277666807175 180.24131563305855 5.9767534881830207 722.09031410515308 11.357372775673864 241.7586697191 11.067329362034796 437.24518583714962 7.0242457985877982 6.2856088280677787 6.2192556411027899 11.151626795530317 4.0183879584074012 6.1505749076604834 64.360504135489464
leaf_count=315 89 124 38 610 1947 127 68 64 189 15 132 279 48 166 3189 349 1362 35 3141 46 1026 49 1821 29 27 27 66 23 36 326
internal_value=0 -0.00216354 0.00205893 -0.00525172 -0.00130156 0.00107476 0.00378205 -0.00105243 0.00357856 0.000796267 0.00399943 0.000567755 -0.00220482 0.006227 0.00332222 -0.00444573 -0.00404521 -0.00144834 0.000873541 -0.000652716 -0.00173941 -4.85043e-05 0.000124683 -0.0013628 0.00437114 -0.0049158 0.00309849 -0.00220788 0.0032509 -0.00238759
internal_weight=3054.44 1489.48 1564.96 324.662 1164.82 950.325 88.1859 29.5008 614.636 862.14 57.008 805.132 79.5905 58.6851 579.513 261.952 242.357 62.116 725.541 729.854 260.14 469.714 458.646 248.783 43.6581 21.1112 551.248 15.17 536.078 434.964
internal_count=15763 7813 7950 2480 5333 4132 390 129 3818 3742 259 3483 327 261 3503 1870 1746 384 3156 3060 1101 1959 1910 1055 193 91 3314 89 3225 2273
is_linear=0
shrinkage=0.01


Tree=184
num_leaves=31
num_cat=0
split_feature=6 6 0 20 17 6 27 18 18 29 24 14 0 28 8 4 7 25 25 0 24 22 24 19 20 28 22 19 26 26
split_gain=133.579 38.6526 26.6303 6.96275 12.5739 7.04138 9.9702 9.29644 10.4247 7.76176 6.97104 6.82808 6.54473 6.12709 6.73262 6.57008 6.03375 6.16469 14.4905 5.92015 6.18635 5.86735 5.77907 5.37051 5.0571 4.93229 4.90383 4.81368 4.77402 8.99329
threshold=0.22355410446815371 -0.78267091142507572 1.5056581414354833 -1.1346317417202096 -0.55715898075110681 -0.28153793016160905 -0.31326992390349456 1.9193107479087457 1.5520742114146362 -1.1370804330818467 -0.86361017742310853 -1.4277551419103394 -0.65285779791936771 0.78325642489928904 -0.65955190496572635 -0.53195087719418266 -0.48960170173084266 1.1433300575247267 1.2732327647017534 0.81635007292352191 -2.1203414147315489 -1.7694646515010799 -1.5068250289276748 2.0141434408133359 -1.2351903574466465 -2.2814094760087325 -2.191194519512941 -0.18096106042464979 -0.91462886442811919 -0.22056610179329658
decision_type=2 2 2 2 2 2 2 2 2 2 2 2 2 2 2 2 2 2 2 2 2 2 2 2 2 2 2 2 2 2
left_child=1 11 19 4 10 6 9 8 -7 -5 22 -1 -8 14 -6 -15 17 21 -19 20 -2 -13 -3 25 -12 -22 -18 -28 -21 -30
right_child=2 3 -4 5 13 7 12 -9 -10 -11 24 16 -14 15 -16 -17 26 18 -20 28 23 -23 -24 -25 -26 -27 27 -29 29 -31
leaf_value=0.0077251009811906126 -0.010487213004650432 0.0024331449183066624 -0.0067860173302417394 0.0014843391848944731 -0.0011884879060827314 -0.00060941423376342329 -0.00044791362268673955 -0.0086575967134360603 0.0072943184365884461 -0.0020964196089052044 0.0021031193269205216 -0.006987578764020487 0.002769271620211788 -0.016819458558486173 0.0066052147288719566 -0.0014915388448992831 0.012856733937736203 -0.012348054141407027 0.0048235780855180148 -0.00088872515449661032 -0.0095067371965095997 0.0059006065784245124 0.014049093091727114 -0.011244840509868053 0.0086572862126240366 -0.0012029289138092238 0.0041206282277197956 0.0018604454565732773 -0.0065738350179163135 -0.0026673074277923886
leaf_weight=34.9224673807621 7.6249965578317633 6.8304228633642223 156.00864212960005 105.03567242622375 48.667179763317108 551.88372179865837 81.225801885128021 13.778980463743208 17.095614388585091 142.11891125142574 62.574021875858307 3.4716890156269065 277.10633540153503 4.3797373473644257 14.213549107313154 7.9451650381088239 4.5592823773622504 6.6391496360301998 18.034549616277218 67.782613798975945 7.2035439014434806 141.56437300145626 12.784390598535536 5.4567899554967871 14.673358559608458 480.33486950397491 131.52680276334286 345.52535385638475 85.699730396270752 194.3802984058857
leaf_count=315 36 31 1405 452 227 2277 376 59 72 611 294 21 1184 21 63 34 25 39 111 399 33 936 62 29 65 2201 778 1898 535 1174
internal_value=0 0.00146576 -0.0029866 0.00048871 0.00236875 0.000215446 0.000971189 -0.000568088 -0.000368941 -0.000570641 0.00475015 0.00340072 0.0020373 -0.000687353 0.000565012 -0.00711043 0.00316617 0.00479481 0.000131512 -0.00228612 -0.00158544 0.00558061 0.0100877 -0.00144363 0.00337061 -0.0013296 0.00258932 0.00248642 -0.00329087 -0.00386813
internal_weight=3051.05 2046.56 1004.49 1360.31 172.068 1188.25 605.487 582.758 568.979 247.155 96.8622 686.244 358.332 75.2056 62.8807 12.3249 651.321 169.71 24.6737 848.483 500.62 145.036 19.6148 492.995 77.2474 487.538 481.611 477.052 347.863 280.08
internal_count=15763 9951 5812 5828 797 5031 2623 2408 2349 1063 452 4123 1560 345 290 55 3808 1107 150 4407 2299 957 93 2263 359 2234 2701 2676 2108 1709
is_linear=0
shrinkage=0.01


Tree=185
num_leaves=31
num_cat=0
split_feature=13 2 0 6 0 23 22 5 28 0 6 3 26 7 26 28 3 2 0 1 9 10 19 1 4 28 25 25 28 14
split_gain=131.142 38.5341 22.6545 8.52975 7.89517 6.98625 10.3108 8.81251 6.47628 6.34688 5.72161 9.08564 7.78033 5.7449 6.31409 6.08502 5.01254 4.90646 5.42794 6.7254 4.73443 7.4329 5.50646 4.66488 7.65908 6.14384 5.92422 6.86833 4.66762 4.51624
threshold=-0.17323375705407607 1.1135961122668883 -0.83221870665800235 1.971175875600846 0.50425984259590273 -1.2487761168908771 -1.3257526343604407 -0.39637251463419915 1.3995665608348944 -1.4207684488009822 -0.14344686672431092 -1.4777595516556226 0.43291324731115233 1.2262931226879097 -1.9636516463454465 -0.61390931099587764 -1.712625837704745 1.1543551299343882 1.2912659232832424 1.1297741320236563 2.143428567811847 1.3985942417985073 1.2070040335872909 0.29773123680952862 -0.1656407511685451 -1.9823672571215714 1.8460226177719032 -1.1500209059430899 -0.86846910608988581 -0.1306049356690254
decision_type=2 2 2 2 2 2 2 2 2 2 2 2 2 2 2 2 2 2 2 2 2 2 2 2 2 2 2 2 2 2
left_child=2 4 9 17 23 6 7 -4 29 -1 13 -12 -13 14 -7 -15 -11 -3 19 -19 21 22 -6 26 -25 -26 27 -2 -28 -8
right_child=1 3 5 -5 20 10 8 -9 -10 16 11 12 -14 15 -16 -17 -18 18 -20 -21 -22 -23 -24 24 25 -27 28 -29 -30 -31
leaf_value=0.0077651166546999278 0.0026838318296286434 -0.0092477503839932425 0.0059556991710744888 -0.0085383109976422452 -0.001579723962112284 0.0072539647483426109 0.0082894199376802053 -0.0052896196873167753 -0.0035179677141389549 0.0074704763850678259 0.010742930491195821 -0.00078993736125524685 -0.008785188184000526 -0.0068045035002893576 0.0011683955996561264 -0.00012113481981533898 0.0030625409357411515 -0.0025007246864452619 -0.0048665193111593801 0.0085401880191822849 0.0045685860191797848 -0.006379578859966129 -0.0051907159514492209 -0.0097269267452883088 -0.0097639173741091555 -0.0010425005162589603 0.013241663623133346 -0.00077325773475237717 0.0018197073926124151 -0.0011782594997734595
leaf_weight=33.641480654478073 67.353251680731773 19.442669600248337 11.009321033954622 61.982701025903225 331.26252201199532 17.464180901646614 47.151863694190979 18.482984572649002 5.9985109418630591 27.396854266524315 4.9189861267805091 40.151589617133141 17.589976444840431 16.417626187205315 685.46960094571114 79.65300141274929 551.01438961178064 55.94196729362011 178.99459280073643 5.9930357038974753 9.4924560636281949 44.47281838953495 48.75250118970871 11.348782405257223 8.2982824593782407 240.35894593596458 5.5747008919715908 386.19819226861 10.481948181986807 5.4104556441307059
leaf_count=315 281 124 49 610 1711 76 213 80 26 183 22 164 72 68 3007 333 3320 349 1362 35 48 243 271 46 35 1020 23 1612 43 22
internal_value=0 -0.00212669 0.00202317 -0.00518672 -0.00127773 0.00105462 0.00373906 -0.00105207 0.00616669 0.00352401 0.000778732 -0.00212374 -0.00325382 0.00100784 0.00132202 -0.00127955 0.00327431 -0.00438205 -0.00398157 -0.0014042 -0.00234651 -0.00250454 -0.00204686 -0.00064041 -0.00171484 -0.00134138 -4.3168e-05 -0.000257191 0.0059046 0.0072955
internal_weight=3047.72 1485.95 1561.77 322.355 1163.59 949.718 88.0531 29.4923 58.5608 612.053 861.665 62.6606 57.7416 799.004 702.934 96.0706 578.411 260.372 240.93 61.935 433.98 424.488 380.015 729.614 260.006 248.657 469.608 453.551 16.0566 52.5623
internal_count=15763 7813 7950 2480 5333 4132 390 129 261 3818 3742 258 236 3484 3083 401 3503 1870 1746 384 2273 2225 1982 3060 1101 1055 1959 1893 66 235
is_linear=0
shrinkage=0.01


Tree=186
num_leaves=31
num_cat=0
split_feature=6 6 0 5 13 6 18 18 29 8 22 6 6 19 29 29 10 20 0 24 18 19 10 25 8 28 16 19 26 26
split_gain=128.843 37.433 26.1063 8.11965 6.79762 6.44998 10.3885 10.2079 6.33408 8.93797 6.97937 6.06414 8.65716 9.34036 7.21184 7.01516 8.22666 7.99433 5.72314 6.10039 5.46949 5.28519 5.22985 6.23437 5.27433 4.84051 4.76265 5.94332 4.71358 8.89953
threshold=0.22355410446815371 -0.78267091142507572 1.5056581414354833 -1.7220508952257851 -1.2401268835255583 -0.28153793016160905 1.9193107479087457 1.5520742114146362 -0.15992081958998877 -0.57585937793139508 -1.397115476472172 -1.1420760822811282 -1.2130912187997924 0.43317101295387267 -0.94638317657404813 -0.40751414380405065 0.96060663436529881 -0.39128098434013497 0.81635007292352191 -2.1203414147315489 -0.64922994784706956 2.0141434408133359 -0.16177704083546354 -0.091270123527604941 -0.47282174365100615 -2.2814094760087325 -0.46503531256405534 -1.6917925992879594 -0.91462886442811919 -0.22056610179329658
decision_type=2 2 2 2 2 2 2 2 2 2 2 2 2 2 2 2 2 2 2 2 2 2 2 2 2 2 2 2 2 2
left_child=1 4 18 20 22 8 7 -7 9 -5 -10 12 14 -14 -6 17 -17 -13 19 -2 26 25 -1 24 -24 -21 27 -3 -20 -30
right_child=2 3 -4 5 11 6 -8 -9 10 -11 -12 15 13 -15 -16 16 -18 -19 28 21 -22 -23 23 -25 -26 -27 -28 -29 29 -31
leaf_value=0.0071883418494646861 -0.010417284429941179 0.0068526869573171233 -0.0067214974541099475 0.0030478123676751377 -0.0028214063262954605 -0.00039504160635926922 -0.0088007615412010517 0.0073578501447532354 -0.0033137769645144428 -0.001029731807738677 0.00227511533158387 0.0084221799850361743 0.00053216423457501903 -0.008915720915599645 0.0045124636576172735 0.0028123567884180169 -0.0053034327109239875 0.003458192801407326 -0.00084805587281647872 -0.0094216321226517803 -0.0050285149789918724 -0.011177119490440899 -0.00791503859303316 0.0063294128638581391 0.002215256596412145 -0.0011792573792175718 0.010594801435076627 -0.0027175011121002473 -0.0065131890977764431 -0.0026169960555063993
leaf_weight=71.793200634419918 7.5913244634866706 17.414569094777107 154.49468374997377 70.455657139420509 16.866221949458122 620.19908557832241 14.206886097788809 17.354506775736809 23.680117771029472 225.5776359140873 341.76727136969566 49.767599582672119 32.602386757731438 15.182895183563231 61.781976014375687 241.94746504724026 12.998420551419256 97.183158233761787 67.61627408862114 7.1745034307241431 5.0782469511032096 5.4154573678970328 5.8219319358468047 39.750566929578781 37.920192919671535 479.9021223038435 13.866509079933165 10.056403294205667 85.184644684195518 193.70270818471909
leaf_count=568 36 88 1405 325 95 2564 61 73 105 962 1506 317 191 81 354 1368 56 531 399 33 26 29 38 281 243 2201 70 48 535 1174
internal_value=0 0.00143979 -0.00293907 0.000479105 0.00334871 0.000332823 -0.000372055 -0.000181315 0.00102881 -5.52016e-05 0.00190943 0.002803 0.000881321 -0.00246119 0.00292542 0.00340469 0.00239274 0.00515072 -0.00224692 -0.00155814 0.00458674 -0.00141746 0.00519594 0.00346421 0.000829161 -0.00130463 0.00580137 0.00331587 -0.00323737 -0.00381256
internal_weight=3044.35 2043.27 1001.08 1359.66 683.616 1313.24 651.76 637.554 661.481 296.033 365.447 528.33 126.433 47.7853 78.6482 401.897 254.946 146.951 846.587 500.083 46.4157 492.492 155.286 83.4927 43.7421 487.077 41.3375 27.471 346.504 278.887
internal_count=15763 9951 5812 5828 4123 5596 2698 2637 2898 1287 1611 2993 721 272 449 2272 1424 848 4407 2299 232 2263 1130 562 281 2234 206 136 2108 1709
is_linear=0
shrinkage=0.01


Tree=187
num_leaves=31
num_cat=0
split_feature=0 6 0 0 14 7 25 25 5 18 16 14 15 6 18 0 21 26 18 11 26 11 25 16 18 7 28 2 16 19
split_gain=126.52 34.6076 27.4964 6.72035 6.68548 5.8686 6.09568 14.2031 5.67601 6.19678 6.22749 5.46319 9.18625 7.10793 8.50314 6.80277 5.15661 4.87519 4.85629 11.6882 8.43027 7.82098 6.77149 4.67337 5.40585 7.30928 5.56956 4.87542 5.38361 4.61876
threshold=0.13948129492966602 -0.78267091142507572 1.5056581414354833 0.69880422254815 -1.4277551419103394 -0.48960170173084266 1.1433300575247267 1.2732327647017534 -1.7220508952257851 -0.64922994784706956 -0.26434007506938789 -0.46919547157914315 -1.2841223038673384 -0.51909206474064817 0.94838489818418492 -0.65285779791936771 -1.8115078985803554 0.60304802529774537 -0.20126328656419643 0.87954787430796932 -1.5389228455481778 0.7217659893182321 -1.6219136297745333 -0.33235682965025121 -0.98948780403764991 -0.43574052709442251 1.6860951904355412 0.71280000506675867 -2.2756001308307927 -0.18096106042464979
decision_type=2 2 2 2 2 2 2 2 2 2 2 2 2 2 2 2 2 2 2 2 2 2 2 2 2 2 2 2 2 2
left_child=1 4 3 23 -1 6 -6 -8 9 10 17 12 -10 14 -13 -14 -15 -3 22 21 -21 -20 -5 27 25 -25 -26 28 -2 -7
right_child=2 8 -4 18 5 29 7 -9 11 -11 -12 13 15 16 -16 -17 -18 -19 19 20 -22 -23 -24 24 26 -27 -28 -29 -30 -31
leaf_value=0.0076356847947733021 -0.010964406181972934 0.0047560153085719958 -0.00668795404559306 0.007984426310216404 0.0054901335179701792 0.0041210646928489924 -0.012263111157459088 0.0047377907934448536 0.012503096286289671 -0.0060775447956581087 0.011353755813796945 -0.0075824445306613185 -0.00028535591658033501 0.0062687670189819737 0.0031039522310760854 0.0023901066006986756 3.4900214757161362e-05 -0.0041154463963455571 -0.00095412561392732239 0.0034330041873946778 -0.0055961176121058246 0.0078544915496760164 -0.0045634506749453454 -0.012122898795737379 -0.0013485564399685216 -0.0011544421378753397 -0.0090158245099178497 0.0098600665083546438 2.029415984908003e-05 0.0019103272577289567
leaf_weight=34.377477049827576 4.4798691421747199 28.462034553289413 153.72124347835779 4.2626570165157309 143.77060440182686 131.86803469061852 6.6575162857770946 17.90602321177721 7.2046885937452307 5.5808629095554343 11.418971717357634 25.06284698843956 174.49738568067551 13.400447517633436 10.353598013520239 206.98568160831928 800.39298349618912 7.7091582864522925 141.16885966062546 11.371968567371367 96.425648644566536 10.744606643915175 177.6605474203825 11.949743494391443 262.19641700387001 12.750301465392111 9.7936985194683057 4.7884671390056601 166.35646344721317 347.66255809366703
leaf_count=315 23 139 1405 26 957 784 39 111 35 28 58 103 825 56 42 912 3290 35 811 64 578 58 1067 55 1188 57 47 22 716 1917
internal_value=0 0.00150015 -0.00277305 -0.00211283 0.00332202 0.00309044 0.00470397 5.841e-05 0.00053645 0.00373489 0.00491688 0.00039797 0.00137984 -5.03702e-05 -0.0044303 0.00116393 0.000139537 0.00283154 -0.00300127 -0.00211459 -0.00463204 -0.00031977 -0.00425972 -0.00127953 -0.00204466 -0.00652873 -0.00163152 7.75736e-06 -0.000268155 0.00252108
internal_weight=3040.98 1973.31 1067.67 913.949 682.242 647.865 168.334 24.5635 1291.07 53.171 47.5902 1237.9 388.688 849.21 35.4164 381.483 813.793 36.1712 441.634 259.711 107.798 151.913 181.923 472.315 296.69 24.7 271.99 175.625 170.836 479.531
internal_count=15763 9646 6117 4712 4123 3808 1107 150 5523 260 232 5263 1772 3491 145 1737 3346 174 2604 1511 642 869 1093 2108 1347 112 1235 761 739 2701
is_linear=0
shrinkage=0.01


Tree=188
num_leaves=31
num_cat=0
split_feature=6 6 0 9 28 13 19 18 11 11 19 28 8 8 6 11 6 23 23 29 29 21 19 11 16 24 9 6 25 29
split_gain=124.224 36.1829 25.5477 9.28935 7.60668 6.84629 6.18187 10.2002 5.99538 5.96186 9.48238 6.21927 5.92783 7.16287 5.79873 8.57731 8.6521 6.55693 10.9214 5.97634 5.68168 10.6931 7.87998 5.67848 5.55409 8.92987 8.03546 7.63001 5.70091 5.48292
threshold=0.22355410446815371 -0.77371383506239377 1.5056581414354833 0.45388732896799172 1.9186409696998548 -1.2401268835255583 1.7824958525877312 2.0541403363358097 -1.4504865261679425 0.87954787430796932 0.86508633864473328 -0.92322789689282658 -0.37891337168694122 -0.24333191569678495 -1.1420760822811282 -0.89042356208121431 -1.2130912187997924 -1.5520974023928182 -1.9285892723766884 -0.68171819547558299 0.85409610736990194 -0.10344840408702861 0.55894965051182077 0.37233660356988979 -0.71779096653396535 -0.39577567160950883 0.32363677869430019 0.2757173235697557 1.0728454872453057 -1.0000000180025095e-35
decision_type=2 2 2 2 2 2 2 2 2 2 2 2 2 2 2 2 2 2 2 2 2 2 2 2 2 2 2 2 2 2
left_child=1 5 9 4 6 -1 7 -3 -5 10 20 -12 -10 -14 15 -7 -17 18 -16 -19 22 -22 -2 -13 25 26 -11 -26 -29 -27
right_child=2 3 -4 8 -6 14 -8 -9 12 24 11 23 13 -15 17 16 -18 19 -20 -21 21 -23 -24 -25 27 29 -28 28 -30 -31
leaf_value=0.0051347543319110968 -0.0022081979987259182 0.00084244354936373312 -0.0066544767753412793 -0.010972442549652689 0.0070017235379657705 -0.012187781213371655 0.0093403339280570073 -0.011046923350180666 0.0082795165591581649 0.014008756087444023 -0.0059352999504798257 -0.0012288429714792293 -0.012587507508833216 -0.00076046446686704489 0.0087260490695165206 0.0034512770758161997 -0.0020439596696576611 0.0056187000423961724 -0.005955157277479587 0.002840255747369666 0.0023562743477867744 -0.0029851350602981847 -0.0074879853538048326 0.0091978058402904413 0.0054370293672624838 -0.010109543444561438 -0.0025973833901673658 -0.0042776338804536669 -0.010167477283235552 9.1138945063563696e-05
leaf_weight=154.29064816236496 445.61120887100697 953.71087124943733 152.95399857312441 5.7561479210853568 20.330820396542549 4.7415144741535178 8.3779530078172666 7.1605241745710364 6.9960495680570594 6.7297765761613828 5.1994689553976086 7.3340408653020885 5.1138156056404105 338.94536960124969 7.0011719018220928 75.66084960103035 45.758269280195236 109.06322371959686 17.414428219199181 279.676155641675 74.870296195149422 74.761759907007217 30.316980347037315 16.621344566345215 7.1105865985155097 8.4205914884805679 4.882693812251091 130.39273737370968 19.179325476288795 13.305490255355835
leaf_count=1130 2297 4123 1405 25 88 29 36 31 29 32 27 39 21 1413 39 432 260 635 95 1565 380 384 159 84 32 46 28 721 108 70
internal_value=0 0.00141402 -0.00289168 0.000457187 0.000956433 0.0032696 0.000827888 0.000751662 -0.000924502 -0.00220847 -0.00175254 0.00380144 -0.000753823 -0.000942764 0.0027333 0.00084533 0.00137212 0.00330705 -0.00168611 0.00362358 -0.00201356 -0.000306026 -0.00254813 0.00597223 -0.00377234 -3.53729e-05 0.00697843 -0.00456057 -0.00504585 -0.00384483
internal_weight=3037.69 2040 997.69 1346.39 989.58 693.606 969.249 960.871 356.811 844.736 654.715 29.1549 351.055 344.059 539.316 126.161 121.419 413.155 24.4156 388.739 625.56 149.632 475.928 23.9554 190.021 33.3386 11.6125 156.683 149.572 21.7261
internal_count=15763 9951 5812 5766 4278 4185 4190 4154 1488 4407 3370 150 1463 1434 3055 721 692 2334 134 2200 3220 764 2456 123 1037 176 60 861 829 116
is_linear=0
shrinkage=0.01


Tree=189
num_leaves=31
num_cat=0
split_feature=13 2 13 19 22 6 6 1 24 28 29 23 23 22 25 28 4 13 19 14 13 5 3 23 6 18 19 26 25 10
split_gain=122.038 36.6315 21.2028 9.3621 8.49424 8.46361 7.3453 9.02501 7.1335 8.03743 7.98357 7.19883 6.93988 10.692 9.86033 9.03527 6.83317 6.67815 6.58822 6.41948 8.31745 6.39613 8.14299 6.38712 6.17934 9.43676 5.84623 5.64308 5.29521 5.20137
threshold=-0.17323375705407607 1.1135961122668883 -0.93344357127992417 -1.7748127735981989 0.21510172045944523 1.971175875600846 0.4631431373058536 0.29773123680952862 1.1244693938908663 0.49702324619621985 1.0778920653721422 2.0342824139664999 -1.2487761168908771 -1.3257526343604407 0.59495047920632615 1.3995665608348944 -0.1656407511685451 0.35062728803480409 1.2070040335872909 -0.94964079394905576 -1.2401268835255583 -1.7220508952257851 -1.2083927945762374 0.080976889552629286 -0.17885176253675331 -1.0804699753550804 0.74075273085561466 -1.9636516463454465 0.32106192640749809 -0.16177704083546354
decision_type=2 2 2 2 2 2 2 2 2 2 2 2 2 2 2 2 2 2 2 2 2 2 2 2 2 2 2 2 2 2
left_child=2 6 19 4 -4 -3 7 21 11 26 -11 18 13 14 -5 -15 -9 -18 -8 20 29 23 -23 -2 27 -26 -10 -14 -13 -1
right_child=1 5 3 12 -6 -7 8 16 9 10 -12 28 24 15 -16 -17 17 -19 -20 -21 -22 22 -24 -25 25 -27 -28 -29 -30 -31
leaf_value=0.0071015948012305898 -0.00088160767967389992 -0.0042613625999636988 0.0096358162469603204 0.0026240288299164078 -0.0008336577625394808 -0.0084419321968711054 -0.0025725654813793133 -0.0096324424478106494 0.0026516452339540577 -0.0039389296696445706 0.0079700508288204353 -0.0013534094030282435 0.0061501545886451393 0.0072476475876135102 -0.0092021780739799369 -0.0049425055363125142 -0.00082941052436083854 -0.0047420696486744317 -0.0070679771512312363 0.006691744685080242 0.002203253536447008 -0.0033065161668979267 0.00060932599621803306 0.011149987657782761 0.0063790585321279042 -0.0033373082927842081 0.014508812447735867 0.00083064652331661507 0.010604236200902053 0.003369490094392618
leaf_weight=70.919140696525574 7.3295054435730007 257.36196984350681 23.642093136906624 22.006654858589172 11.232781156897543 60.650561347603798 336.72271533310413 11.338721647858618 20.980842247605327 34.279170840978622 6.5953417867422095 7.8417347669601423 20.411628633737564 56.372893795371056 10.218715399503706 6.6433718502521506 196.98295558989048 56.32159635424614 36.415660291910172 61.498569175601006 285.21691903471947 62.131758287549019 361.78798186779022 10.414188727736471 11.530887767672537 69.168019041419029 5.2211160808801642 823.78405719995499 6.6797903776168823 82.850185990333557
leaf_count=568 31 1870 139 99 56 610 1723 46 103 172 32 38 89 259 46 30 826 266 213 367 1679 258 1521 45 50 282 27 3724 32 562
internal_value=0 -0.00205669 0.00195523 0.00114953 0.00624239 -0.00506422 -0.0012317 -0.000591416 -0.00222365 0.000774781 -0.00197818 -0.00274511 0.000973845 0.00354536 -0.00111201 0.00594089 -0.0020518 -0.00170485 -0.00301574 0.00365108 0.0032214 0.000281645 3.23981e-05 0.00614689 0.000707606 -0.00193041 0.00509856 0.000961163 0.00411353 0.00510075
internal_weight=3034.55 1479.06 1555.5 1055.01 34.8749 318.013 1161.04 706.307 454.736 67.0765 40.8745 387.66 1020.14 95.2416 32.2254 63.0163 264.643 253.305 373.138 500.485 438.986 441.663 423.92 17.7437 924.895 80.6989 26.202 844.196 14.5215 153.769
internal_count=15763 7813 7950 4774 195 2480 5333 2993 2340 334 204 2006 4579 434 145 289 1138 1092 1936 3176 2809 1855 1779 76 4145 332 130 3813 70 1130
is_linear=0
shrinkage=0.01


Tree=190
num_leaves=31
num_cat=0
split_feature=13 6 13 9 19 11 5 22 5 23 28 6 6 23 22 20 28 23 3 26 21 23 4 6 18 29 20 17 26 2
split_gain=119.747 36.202 20.8757 9.43565 9.21851 8.67963 8.42251 8.39392 7.49801 13.4672 8.53996 7.1488 7.04788 6.81148 10.5053 11.6621 8.87925 6.67742 8.16487 6.49931 10.0599 6.20191 6.11005 6.05701 9.2566 5.57596 10.8097 6.67505 5.5414 5.20749
threshold=-0.17323375705407607 1.2609653532197225 -0.93344357127992417 0.44556783749379175 -1.7748127735981989 -0.89042356208121431 -1.5719223820329289 0.21510172045944523 -0.011776971277908988 -0.13261448955884023 -0.37143219201812022 0.82740736638734935 1.971175875600846 -1.2487761168908771 -1.3257526343604407 -0.69383792935809585 1.3995665608348944 0.35465462224737948 0.64173167563686395 1.8543525869125344 0.86062297068614113 0.8896274914173351 -1.4621215136833963 -0.17885176253675331 -1.0804699753550804 -1.1819948118284787 -0.26217146366946237 1.5109357189656203 -1.9636516463454465 0.19992446565429317
decision_type=2 2 2 2 2 2 2 2 2 2 2 2 2 2 2 2 2 2 2 2 2 2 2 2 2 2 2 2 2 2
left_child=2 3 5 11 7 6 -1 -4 9 10 -7 25 19 14 15 -6 -16 18 -10 -3 -21 -5 -19 28 -25 26 -2 -27 -15 -23
right_child=1 12 4 21 13 8 -8 -9 17 -11 -12 -13 -14 23 16 -17 -18 22 -20 20 -22 29 -24 24 -26 27 -28 -29 -30 -31
leaf_value=0.0019586122986024143 0.0046287373558256606 -0.0048729970357037269 0.0095893876471660252 -0.0018908471524770824 0.0073819295020410604 -0.0012634312625677924 -0.018047842591351674 -0.00082510980524412223 0.0016813981756163311 0.007428249996691727 0.0047308933902756476 -0.0026292428751645324 -0.0084126975723495395 0.006097620342247612 0.0071906420801210172 -0.0053452094641107404 -0.0048872168495990471 0.011006601450620681 0.0061086401280405732 -0.0039381583642872356 0.017774555036645025 -0.00076652025651950304 5.684810157127937e-05 0.006326095608295672 -0.0033034497919545418 -0.00030169508039207477 -0.0023262239912284761 -0.0057508934500401319 0.00082252504680087476 -0.0065028657784010182
leaf_weight=4.8660255819559097 60.694585666060448 195.86285801231861 23.520091444253922 379.120272397995 10.648405626416205 38.073014177381992 3.486512362956999 11.236676588654516 84.413331426680088 120.32535441964865 62.045964576303959 142.44073736667633 60.255046479403973 20.382618278264999 56.253001660108566 21.587808057665825 6.6524276882410041 5.2907192930579177 83.912192367017269 5.8791914731264097 3.1869853958487511 22.22163137793541 96.958020493388176 11.512083217501639 69.179150834679604 490.1564981341362 35.04422989487648 23.501989766955376 823.60071712732315 58.968627102673054
leaf_count=31 258 1422 139 1916 50 256 21 56 517 826 413 766 610 89 259 95 30 50 504 39 21 92 558 50 282 2096 153 107 3724 333
internal_value=0 -0.00203856 0.0019377 -0.00130504 0.00113854 0.00362278 -0.00638888 0.00620104 0.00379639 0.00517051 0.00244242 -0.000612771 -0.00538591 0.000964433 0.0035135 -0.00110037 0.00589177 0.00267167 0.00389668 -0.00448741 0.00369595 -0.0024332 0.000643399 0.000700721 -0.00191111 -0.000139446 0.00207274 -0.000554036 0.000951813 -0.00494801
internal_weight=3031.28 1477.33 1553.94 1212.15 1054.57 499.371 8.35254 34.7568 491.019 220.444 100.119 751.838 265.184 1019.82 95.1416 32.2362 62.9054 270.574 168.326 204.929 9.06618 460.311 102.249 924.675 80.6912 609.397 95.7388 513.658 843.983 81.1903
internal_count=15763 7813 7950 5721 4774 3176 52 195 3124 1495 669 3380 2092 4579 434 145 289 1629 1021 1482 60 2341 608 4145 332 2614 411 2203 3813 425
is_linear=0
shrinkage=0.01


Tree=191
num_leaves=31
num_cat=0
split_feature=6 6 0 5 13 23 17 8 4 23 18 2 11 19 27 21 19 15 6 18 16 24 15 6 20 26 16 19 18 5
split_gain=117.648 34.4681 24.862 7.29291 6.65745 6.4052 8.80543 6.39655 6.16272 8.00503 6.80905 5.94583 5.82453 9.34653 7.13493 7.9737 6.32899 6.11804 6.58911 5.65003 5.44499 8.75793 7.76812 7.4853 5.82433 4.92795 4.78692 5.67289 4.57268 7.95101
threshold=0.22355410446815371 -0.77371383506239377 1.5056581414354833 -1.7220508952257851 -1.2730793931718756 -0.82842520305780531 -0.74321898692767518 -0.76026591844111169 -0.39700615876975937 -0.6236727620066268 0.72972107865558122 0.11965243494474544 0.87954787430796932 0.86508633864473328 1.136261794696557 -0.10344840408702861 0.64969631723983645 0.58346250693283574 0.38960455040970282 -0.64922994784706956 -0.71779096653396535 -0.39577567160950883 0.2135279901810925 0.2757173235697557 1.0815947836629627 -1.3616249460294172 -0.46503531256405534 -1.6917925992879594 -0.17198893352721281 0.47951448826871285
decision_type=2 2 2 2 2 2 2 2 2 2 2 2 2 2 2 2 2 2 2 2 2 2 2 2 2 2 2 2 2 2
left_child=1 4 12 19 -1 6 11 -8 9 -7 -10 -5 13 14 16 -16 -2 18 -15 26 21 22 -14 -22 -23 -25 27 -3 29 -4
right_child=2 3 28 5 -6 8 7 -9 10 -11 -12 -13 20 17 15 -17 -18 -19 -20 -21 23 24 -24 25 -26 -27 -28 -29 -30 -31
leaf_value=0.0052966852568521452 -0.002176324000883531 0.0066208658032867228 -0.0055860260604223399 0.0073340226867744098 0.0027285541078195035 -0.0033988961305892176 -0.0024456989319602235 0.0018966609256616431 -4.1516753777553606e-05 0.0014120732242625137 -0.0024091874911341647 -0.0043056398186987616 0.014324361907059567 -0.0011447043674966456 0.0036550488657231279 -0.002224249922343375 -0.0077192660294536503 -0.0075105154061962933 0.0094350551932199586 -0.0055670107293417769 0.0054149126058729135 -0.0064281487468175434 -0.0018691620018694692 -0.00026748500651968624 0.0062682935939361922 -0.0056800820976768219 0.010437093731612078 -0.0027806757995380237 -0.0079530392710241236 0.0063745178896960197
leaf_weight=124.4452113583684 510.09850256145 16.967958480119705 51.911917872726917 36.974716752767563 565.36909067630768 38.01679515838623 43.879098564386368 146.54337824881077 505.12795089185238 364.2890649586916 160.19706425070763 4.7985096573829642 6.3479914218187314 8.9204026609659248 44.408595383167267 47.640034168958664 21.556413292884827 3.952612802386283 16.257702127099037 4.9196970015764228 7.113945245742797 17.234879449009899 5.2626339942216873 19.803906217217445 4.4037739336490622 128.9295512586832 13.691101506352423 10.034315496683123 92.876139156520367 6.0637821927666655
leaf_count=944 2639 86 488 163 3241 170 193 621 2081 1623 666 20 31 42 225 243 113 23 85 25 32 92 29 108 24 721 70 48 863 54
internal_value=0 0.00137648 -0.00282226 0.000443714 0.00319401 0.000304799 0.00180971 0.000890043 -2.17022e-05 0.000954233 -0.000613384 0.005966 -0.00215014 -0.00169919 -0.001959 0.000602237 -0.00240436 0.00381697 0.00565747 0.00437115 -0.00369996 0 0.00694581 -0.0044833 -0.00378129 -0.00496678 0.00560786 0.00309289 -0.00656297 -0.00430901
internal_weight=3028.04 2035.25 992.783 1345.44 689.814 1299.83 232.196 190.422 1067.63 402.306 665.325 41.7732 841.931 652.834 623.704 92.0486 531.655 29.1307 25.1781 45.6131 189.097 33.2493 11.6106 155.847 21.6387 148.733 40.6934 27.0023 150.852 57.9757
internal_count=15763 9951 5812 5766 4185 5537 997 814 4540 1793 2747 183 4407 3370 3220 468 2752 150 127 229 1037 176 60 861 116 829 204 134 1405 542
is_linear=0
shrinkage=0.01


Tree=192
num_leaves=31
num_cat=0
split_feature=14 0 0 0 28 20 1 0 10 28 23 14 28 15 0 1 1 16 23 23 16 16 17 29 23 17 10 0 19 23
split_gain=115.495 33.4255 22.4539 8.40553 8.72353 6.98102 6.17665 6.14856 6.02089 6.33549 5.93628 7.21297 6.00912 5.90651 5.38075 5.51945 8.11528 8.15445 4.99932 13.3429 11.7086 8.49749 10.1766 7.44442 7.04971 4.93411 5.39995 5.51427 4.88738 4.81863
threshold=-0.10743644587334983 1.2912659232832424 -0.83221870665800235 0.50425984259590273 -1.8522961559545836 0.05205026648376198 0.14413782447498916 -1.4207684488009822 -1.5893964454146128 -1.9823672571215714 0.55892707099278505 -0.054028832307850515 -0.96715127696397507 1.8453724617282039 1.9936709866747886 -0.47363475646237096 -0.56915962098731698 -0.20416939932780237 -0.21295073547675947 0.34363029777314946 1.0453436005570826 0.89649678485861073 0.19392890103711113 1.2642059989231307 0.30830426029031321 -1.5035684364292459 -1.1984955019675674 -0.93379210330125495 -0.47292609066928865 -1.2118096879486642
decision_type=2 2 2 2 2 2 2 2 2 2 2 2 2 2 2 2 2 2 2 2 2 2 2 2 2 2 2 2 2 2
left_child=2 3 7 4 5 28 8 -1 13 -10 12 -12 -6 -4 15 16 -3 -18 21 24 -21 23 -23 -8 -20 -9 27 -27 -2 -11
right_child=1 14 6 -5 10 -7 18 25 9 29 11 -13 -14 -15 -16 -17 17 -19 19 20 -22 22 -24 -25 -26 26 -28 -29 -30 -31
leaf_value=0.0075846384538169115 -0.0091980994816005975 -0.0034213205054533721 -0.013208514493596104 -0.0023756451972051671 0.0025580391549562763 -0.011011782350894261 0.0010220604669714825 0.0066957007506456738 0.0093579820702642674 0.0046371293256536267 -0.0074972753499669776 -0.001217477504227039 -0.00036913407614943926 0.0012552563326496948 -0.0083311866525591569 -0.0058524163140599725 -0.00076822926774989186 0.021860300303504391 0.0032650864531504186 -0.0027511483237110065 0.0025544860435040367 -0.017412236549000717 -0.0030196339434547378 -0.0062411381052511509 0.01546037878266535 0.011333704073863398 0.0026517735025456818 -0.00063998564841840873 0.0028351910855635323 0.0013065168085700397
leaf_weight=32.544334694743156 4.9502732008695594 46.655274637043476 5.2754076123237592 512.04939933121204 86.687331780791283 14.177779152989386 120.22123093903065 36.004335463047028 10.713810890913008 47.912830725312233 20.887628868222237 149.24540098011494 364.12477147579193 5.6767133772373199 54.878669172525406 125.49951482564211 3.7038003280758858 2.5832542777061454 91.033267378807068 108.15314227342606 67.319337368011475 5.4016377329826346 50.810309007763863 15.87842772901058 4.9702662080526343 13.929922536015512 515.82174243032932 5.0720497965812674 9.9403937011957186 492.7576887011528
leaf_count=315 21 372 23 2790 362 61 517 240 48 217 85 643 1521 26 549 992 29 21 389 461 286 23 216 68 22 95 3139 29 41 2162
internal_value=0 -0.0021117 0.00180795 -0.00141677 -0.000659619 -0.00600684 0.00090632 0.00333925 0.00161087 0.00175846 -0.000406761 -0.00199829 0.000191961 -0.00567763 -0.00556647 -0.00470641 -0.00196504 0.00856961 4.97388e-05 0.000925515 -0.000709671 -0.00118119 -0.0044489 0.000163378 0.00392229 0.00309418 0.00284865 0.00809869 -0.00113314 0.00160432
internal_weight=3024.88 1395.38 1629.5 1162.06 650.014 29.0684 1026.12 603.372 562.336 551.384 620.945 170.133 450.812 10.9521 233.321 178.442 52.9423 6.28705 463.788 271.476 175.472 192.312 56.2119 136.1 96.0035 570.828 534.824 19.002 14.8907 540.671
internal_count=15763 7487 8276 5524 2734 123 4458 3818 2476 2427 2611 728 1883 49 1963 1414 422 50 1982 1158 747 824 239 585 411 3503 3263 124 62 2379
is_linear=0
shrinkage=0.01


Tree=193
num_leaves=31
num_cat=0
split_feature=6 6 0 9 28 14 15 23 15 28 1 19 28 14 11 19 28 7 23 11 9 6 9 24 26 28 5 7 4 14
split_gain=113.445 33.3842 24.3678 8.11566 7.008 6.49158 6.29471 10.2191 7.12931 6.72306 6.25429 9.62704 9.45661 6.01605 5.71894 9.18297 6.06289 5.69933 6.07806 5.50664 5.21762 5.08843 7.4623 7.34401 5.0027 12.1628 5.99765 6.65774 5.74922 5.56312
threshold=0.22355410446815371 -0.78267091142507572 1.5056581414354833 0.45388732896799172 1.9186409696998548 -1.4277551419103394 1.8453724617282039 -0.029151634834933726 -1.0683729916592806 -0.40416273996143864 0.9934623837132136 1.2922631180483803 -0.60239894552524553 0.15851443881854002 0.87954787430796932 0.86508633864473328 -0.92322789689282658 -0.48960170173084266 -1.5235811334577802 0.37233660356988979 -0.49794805686014515 0.82740736638734935 0.20652622985415156 1.7675609407230466 -1.3616249460294172 -1.791710741778316 -0.071844429995668146 -1.4523741703761053 0.023864415386346299 0.72078593160245819
decision_type=2 2 2 2 2 2 2 2 2 2 2 2 2 2 2 2 2 2 2 2 2 2 2 2 2 2 2 2 2 2
left_child=1 5 14 4 10 -1 8 -8 13 -10 11 -3 -12 -5 15 21 -17 18 -7 -18 -6 22 -2 -23 25 -16 27 -26 -28 -27
right_child=2 3 -4 6 20 17 7 -9 9 -11 12 -13 -14 -15 24 16 19 -19 -20 -21 -22 23 -24 -25 26 29 28 -29 -30 -31
leaf_value=0.0074799983962502035 -5.1964998353884249e-05 0.00095757130843118082 -0.0064996144779118628 0.0085951236616384815 -0.002968812090018294 -0.0036019898983155876 -0.0056917188772483054 0.0072127418045378113 -0.0036643311966938008 -0.00055496793317221112 0.0027809511251650552 0.0093097755235563937 -0.0031436705352696332 -0.0016850690794525658 -0.011291068189067338 -0.0058452542101451489 -0.0011697020032757121 0.0023800774081105479 0.0049917785977317301 0.0091025784180106522 0.0091690185740497861 -0.0033071174258459514 -0.0030133617159960281 0.006343614315983577 -0.0058483394099797309 -2.9007661831288428e-05 0.0060183144431049506 0.0098238760018904362 -0.0051240052036468191 0.011121579865555049
leaf_weight=33.453024439513683 228.89981542527676 835.96033738553524 149.42753628641367 12.976032748818399 4.2948992848396328 8.4776766747236234 8.405470550060274 21.488724574446678 106.7811568826437 201.95144045352936 38.908914506435394 13.966260120272635 86.267931744456291 9.7877216488122922 6.2218243628740337 5.1690526306629208 7.3112088888883617 475.33664017915726 157.46372919529676 16.665989130735397 16.647321879863739 249.67260213941336 136.01036004722118 7.9838273525238028 4.6957107335329056 9.9399521350860613 4.6166408956050864 6.0282365381717664 149.20903174579144 7.7806320190429679
leaf_count=315 1010 3632 1405 54 20 51 36 92 446 840 164 61 369 42 35 27 39 2701 1056 84 72 1477 689 44 24 50 19 31 833 45
internal_value=0 0.00135191 -0.00277657 0.000447333 0.000913541 0.00316995 -0.000834733 0.00354412 -0.00123358 -0.00163448 0.000789077 0.00109707 -0.00129338 0.00414318 -0.00211256 -0.00166559 0.00380035 0.00294242 0.00454481 0.00593694 0.00662995 -0.00192366 -0.00115901 -0.00300185 -0.00365097 0.00058121 -0.00427282 0.00287844 -0.00477941 0.00484574
internal_weight=3021.8 2032.17 989.632 1357.44 996.046 674.731 361.391 29.8942 331.496 308.733 975.103 849.927 125.177 22.7638 840.205 651.713 29.1463 641.278 165.941 23.9772 20.9422 622.567 364.91 257.656 188.492 23.9424 164.55 10.7239 153.826 17.7206
internal_count=15763 9951 5812 5828 4318 4123 1510 128 1382 1286 4226 3693 533 96 4407 3370 150 3808 1107 123 92 3220 1699 1521 1037 130 907 55 852 95
is_linear=0
shrinkage=0.01


Tree=194
num_leaves=31
num_cat=0
split_feature=13 6 13 9 19 11 22 5 5 23 28 6 6 23 3 23 22 28 18 26 21 23 4 6 18 29 23 17 26 13
split_gain=111.369 34.5498 19.6892 8.99654 8.91771 8.56007 8.31018 8.17772 7.38288 13.3962 8.45551 6.97708 6.72704 6.61363 8.10543 6.56954 10.3399 8.77324 8.58787 6.42348 9.81378 6.07657 6.01805 5.85496 9.05482 5.48279 9.92752 6.49876 5.44339 5.16328
threshold=-0.17323375705407607 1.2609653532197225 -0.93344357127992417 0.44556783749379175 -1.7748127735981989 -0.89042356208121431 0.21510172045944523 -1.5719223820329289 -0.011776971277908988 -0.13261448955884023 -0.37143219201812022 1.971175875600846 0.82740736638734935 0.35465462224737948 0.64173167563686395 -1.2487761168908771 -1.3257526343604407 1.3995665608348944 -0.45241588811799566 1.8543525869125344 0.86062297068614113 0.8896274914173351 -1.4621215136833963 -0.17885176253675331 -1.0804699753550804 -1.1819948118284787 1.6994307643935134 1.5109357189656203 -1.9636516463454465 1.1602623492976738
decision_type=2 2 2 2 2 2 2 2 2 2 2 2 2 2 2 2 2 2 2 2 2 2 2 2 2 2 2 2 2 2
left_child=2 3 5 12 6 7 -4 -1 9 10 -7 19 25 14 -10 16 18 -18 -6 -3 -21 -5 -15 28 -25 26 -2 -27 -17 -14
right_child=1 11 4 21 15 8 -8 -9 13 -11 -12 -13 29 22 -16 23 17 -19 -20 20 -22 -23 -24 24 -26 27 -28 -29 -30 -31
leaf_value=0.001849676632675659 0.0029409408355673119 -0.0047582785722658462 0.0094978377587055605 -0.0018234865016834908 0.0067567817666231598 -0.001363144553505303 -0.00089363096222536359 -0.01786165297578373 0.0015835291198300287 0.0073299920132802758 0.0046238922736769753 -0.0083147507847812566 -0.0032498945350316723 0.010956542156858144 0.0060107658771311459 0.0060208525767406068 0.0070947270530160415 -0.0049187418655168725 -0.00450993493735353 -0.0038254524040227588 0.017625997226678933 -0.0048577223362432529 -9.2233910777100713e-06 0.0062566730259694123 -0.0032767659937676594 -0.00028439632212230753 -0.0099112786480810375 -0.0056697557634422845 0.0007861271052566869 0.0025867110092913817
leaf_weight=4.8287409693002701 89.361559927463531 193.6170606687665 23.258149549365044 377.78513775765896 9.486797168850897 37.846194013953209 11.203471079468725 3.505425423383711 83.87208341807127 118.8725253418088 61.450367338955402 58.937883406877518 124.74793972074986 5.1682225465774527 83.185448534786701 20.329528361558914 56.023848310112953 6.6455601006746283 22.690017431974411 5.823149271309374 3.1999290436506271 80.712950870394707 96.493503198027611 11.484292477369307 69.18309298157692 489.795180991292 6.3170956820249549 23.423335954546928 822.43257611989975 16.982276856899261
leaf_count=31 383 1422 139 1916 45 256 56 21 517 826 413 610 662 50 504 89 259 30 100 39 21 425 558 50 282 2096 28 107 3724 104
internal_value=0 -0.00197071 0.00187195 -0.0012565 0.00109687 0.00351705 0.00609783 -0.006436 0.00369076 0.0050623 0.00233284 -0.00526655 -0.00058044 0.00257203 0.00379631 0.000926054 0.0034335 0.00579906 -0.00114651 -0.00437138 0.00378226 -0.00236075 0.00054864 0.000667085 -0.00190108 -0.000121834 0.00207248 -0.000533189 0.000914288 -0.00254216
internal_weight=3018.66 1470.7 1547.96 1209.13 1052.74 495.223 34.4616 8.33417 486.888 218.169 99.2966 261.578 750.627 268.719 167.058 1018.28 94.8462 62.6694 32.1768 202.64 9.02308 458.498 101.662 923.429 80.6674 608.897 95.6787 513.219 842.762 141.73
internal_count=15763 7813 7950 5721 4774 3176 195 52 3124 1495 669 2092 3380 1629 1021 4579 434 289 145 1482 60 2341 608 4145 332 2614 411 2203 3813 766
is_linear=0
shrinkage=0.01


Tree=195
num_leaves=31
num_cat=0
split_feature=6 6 0 9 28 27 3 13 15 15 23 28 15 14 15 11 18 2 10 11 5 6 10 16 24 9 6 25 29 27
split_gain=109.499 32.2729 23.8826 8.52557 7.35974 6.60369 7.49389 6.48007 5.85465 6.59791 7.93863 6.01917 5.78064 5.73167 5.86368 5.60806 7.10913 9.94987 9.07817 6.81544 6.2186 5.84923 5.40711 5.34522 8.57737 7.60332 7.3382 5.69121 5.44485 4.91414
threshold=0.22355410446815371 -0.77371383506239377 1.5056581414354833 0.45388732896799172 1.9186409696998548 2.0382011851026127 -0.44204379099834962 -1.2730793931718756 -1.0683729916592806 1.8453724617282039 -0.029151634834933726 -0.40416273996143864 -0.4884533979487391 0.15851443881854002 -1.1913460608846258 0.87954787430796932 -0.15098122416465901 1.0058355137022095 1.3985942417985073 0.69905256641305491 0.91948240281116866 1.54546185816735 -1.1984955019675674 -0.71779096653396535 -0.39577567160950883 0.32363677869430019 0.2757173235697557 1.0728454872453057 -1.0000000180025095e-35 0.48247833182484934
decision_type=2 2 2 2 2 2 2 2 2 2 2 2 2 2 2 2 2 2 2 2 2 2 2 2 2 2 2 2 2 2
left_child=1 7 15 4 5 12 -7 -1 13 11 -11 -10 -3 14 -5 16 17 18 -2 21 -21 -18 -9 24 25 -17 -25 -28 -26 -6
right_child=2 3 -4 8 29 6 -8 22 9 10 -12 -13 -14 -15 -16 23 19 -19 -20 20 -22 -23 -24 26 28 -27 27 -29 -30 -31
leaf_value=0.0051836683794813454 -0.001187388250243821 -0.00018558988016399808 -0.0064378306407350053 0.00099256847107982195 0.0027676194606275606 0.014704985527713177 0.0014796658984646115 0.011715165494766762 -0.0035754684627019198 -0.0050157467490337757 0.0068725205060956905 -0.00062519630178526123 0.0013790960054786562 -0.0016517672284212526 0.014746939866876021 0.01373142739922671 -0.00073483510880867689 -0.0053821254470734128 -0.010321016814306661 0.001133096115810619 0.011120699554538713 -0.0095175605417506144 0.0025265789139452067 0.0054178626846666444 -0.0099807014633905376 -0.002445440837711177 -0.0040943392142116812 -0.010023888064877784 0.00024008777613393928 0.012991809570927618
leaf_weight=122.92186589539051 255.37361216545105 433.45152686536312 148.04963965713978 5.9861655682325363 12.318086192011835 7.0924189686775234 11.143483787775038 6.4512248188257209 106.48251070082188 7.6927009671926525 19.50685727596283 200.18695959448814 515.85772447288036 9.7792586237192136 6.7584280669689196 6.7648454755544645 250.81613877415657 93.538561955094337 11.310826748609541 23.153306588530544 8.5914730578660947 7.7483494132757178 555.52230852842331 7.1111169755458823 8.31147700548172 4.8342179805040359 128.80650246888399 18.862026691436768 13.211255431175232 7.9285801202058783
leaf_count=944 1204 1836 1405 25 53 32 47 46 445 33 83 832 2275 42 28 32 1285 612 64 111 43 51 3195 32 46 28 721 108 70 35
internal_value=0 0.00132845 -0.00273295 0.000427285 0.000906139 0.000779721 0.00673002 0.00309532 -0.000897003 -0.00123257 0.00346754 -0.00165369 0.000663668 0.00401627 0.00842236 -0.00207686 -0.00163405 -0.00257295 -0.00158224 -0.000465122 0.003894 -0.00100547 0.0026359 -0.0036029 1.3281e-05 0.00694054 -0.0043827 -0.00486477 -0.00368855 0.00686473
internal_weight=3015.56 2029.08 986.483 1344.18 987.792 967.545 18.2359 684.895 356.393 333.869 27.1996 306.669 949.309 22.5239 12.7446 838.434 650.532 360.223 266.684 290.309 31.7448 258.564 561.974 187.901 33.1218 11.5991 154.78 147.669 21.5227 20.2467
internal_count=15763 9951 5812 5766 4278 4190 79 4185 1488 1393 116 1277 4111 95 53 4407 3370 1880 1268 1490 154 1336 3241 1037 176 60 861 829 116 88
is_linear=0
shrinkage=0.01


Tree=196
num_leaves=31
num_cat=0
split_feature=14 6 13 9 28 19 6 14 13 6 26 21 15 9 23 7 9 26 13 1 22 6 1 23 26 23 6 2 6 15
split_gain=107.484 31.8446 20.8732 9.82269 8.28894 8.03496 6.9547 6.46262 8.03303 6.40998 6.33062 9.54255 5.78192 8.17878 5.7471 5.88697 5.21698 5.16642 5.10015 8.64992 5.00792 6.02151 5.00144 6.12867 10.7207 7.55106 5.74784 11.5007 7.82645 4.94054
threshold=-0.10743644587334983 1.2609653532197225 -0.93344357127992417 0.44556783749379175 -1.5831416974969708 -1.7748127735981989 1.971175875600846 -0.94964079394905576 -1.2401268835255583 0.82740736638734935 1.8543525869125344 0.86062297068614113 0.90768105919397402 -0.37995759487168451 0.8896274914173351 0.77094723629642925 0.26282098856749952 1.0224315978858731 1.1602623492976738 0.71148934626295068 0.19208785821161231 -0.38570494770052616 0.086233014790385795 -1.2118096879486642 -0.11602317030329569 -1.090909109692008 -0.20759149043590189 -0.23848924113391476 -0.22857002224589829 1.5321160990574143
decision_type=2 2 2 2 2 2 2 2 2 2 2 2 2 2 2 2 2 2 2 2 2 2 2 2 2 2 2 2 2 2
left_child=2 3 7 9 -5 20 10 8 16 12 -3 -12 13 -2 15 -6 17 -1 29 -20 -4 -22 23 24 -7 -25 28 -28 -24 -11
right_child=1 6 5 4 14 22 -8 -9 -10 18 11 -13 -14 -15 -16 -17 -18 -19 19 -21 21 -23 26 25 -26 -27 27 -29 -30 -31
leaf_value=0.005031248883861284 -0.0018565887614196488 -0.0046927512965151399 0.0078253333720536018 -0.0082171745061575506 -0.0035784595106367451 0.010245748464028441 -0.0082632267537703363 0.0065360156125579306 0.0020267411491732171 -0.0025277735359237326 -0.0037613579843889734 0.017357912545738756 0.0032187012277452342 0.00066494924204571742 -0.004784692846668822 -0.00067956353066229405 0.0014783204652301131 0.011125517355553925 -0.0011880617688708585 0.015733630930649105 -0.0046231612800158774 0.0076419133348373837 0.00035234883958056186 -0.0051411810274128349 0.0010045859976433229 0.0013769698903161312 -0.0076811665542891663 0.00051655415769106606 0.009728226614395907 -0.0092013821552122139
leaf_weight=98.866550527513027 227.06819893419743 192.37250333279371 27.259347900748253 24.201842755079269 103.55364596843719 21.053880795836449 58.263091564178467 60.603712052106857 281.95457516610622 112.03017817437649 5.7927972897887212 3.224962018430233 47.287531048059464 295.76399363577366 69.894013643264771 219.99162958562374 35.085098721086979 16.647772014141083 13.192283526062967 3.78268077969551 8.9921084344387072 7.0210922360420218 439.43601684272289 18.280795186758041 31.617243826389313 494.52539210021496 26.791390895843506 46.480265989899635 9.0003985613584501 12.416905775666235
leaf_count=761 963 1422 156 124 513 102 610 367 1679 605 39 21 203 1284 374 1168 237 132 81 23 46 32 1957 84 147 2241 109 189 37 57
internal_value=0 -0.00204245 0.00174677 -0.0013149 -0.00253286 0.000996473 -0.00520087 0.00346407 0.00302995 -0.000598353 -0.00430629 0.00378925 -0.000123631 -0.000428399 -0.00217866 -0.00161129 0.00489894 0.00592706 -0.00250361 0.00259424 0.00522175 0.000706532 0.000826913 0.00147846 0.00472986 0.0011417 0.000118635 -0.00247365 0.000544885 -0.00320853
internal_weight=3012.45 1388.84 1623.62 1129.18 417.641 1130.46 259.653 493.158 432.554 711.542 201.39 9.01776 570.12 522.832 393.439 323.545 150.599 115.514 141.422 16.975 43.2725 16.0132 1087.19 565.477 52.6711 512.806 521.708 73.2717 448.436 124.447
internal_count=15763 7487 8276 5395 2179 5100 2092 3176 2809 3216 1482 60 2450 2247 2055 1681 1130 893 766 104 234 78 4866 2574 249 2325 2292 298 1994 662
is_linear=0
shrinkage=0.01


Tree=197
num_leaves=31
num_cat=0
split_feature=6 14 0 20 17 14 14 23 15 22 24 25 24 20 3 24 8 6 14 11 19 27 18 19 15 6 15 29 16 24
split_gain=105.691 31.2435 23.4104 7.0512 8.93806 6.97792 6.84491 6.45171 7.74063 7.89326 6.61741 6.07428 8.10695 7.17467 5.80177 6.9055 11.5967 5.59724 8.40764 5.5079 8.94872 7.05429 7.07233 6.27471 5.98391 6.38165 5.38676 5.70199 5.26716 8.41899
threshold=0.22355410446815371 -0.69888820447341071 1.5056581414354833 -1.1346317417202096 -0.55715898075110681 -1.4277551419103394 -0.56819865477728604 0.61041877342783912 -0.5284185793266486 0.83272968524399005 -0.6787954700340032 -0.23372423390203359 -0.48258250636079547 -1.0344852573210441 -1.6739164348779523 0.40308818756990178 -1.3511596021413348 -0.13206765993984285 -0.29873504527816747 0.87954787430796932 0.86508633864473328 1.136261794696557 0.71519500836055949 0.64969631723983645 0.58346250693283574 0.38960455040970282 1.0666561305639803 1.0891430935631232 -0.71779096653396535 -0.39577567160950883
decision_type=2 2 2 2 2 2 2 2 2 2 2 2 2 2 2 2 2 2 2 2 2 2 2 2 2 2 2 2 2 2
left_child=1 5 19 4 17 -1 -6 11 10 -10 -9 12 -5 -13 15 -7 -17 -3 -19 20 21 23 -23 -2 25 -22 -16 -28 29 -21
right_child=2 3 -4 7 6 14 -8 8 9 -11 -12 13 -14 -15 26 16 -18 18 -20 28 24 22 -24 -25 -26 -27 27 -29 -30 -31
leaf_value=0.0073797630301405525 -0.0020753632218750728 0.0076878766169288871 -0.0063767610886222275 0.0014603965181155176 -0.0099372938038588161 0.0095963228717381895 0.00080913145898606339 -0.0085628891329774491 -0.0021216072641322015 0.0016554905664626707 -0.0020854722230715795 -0.0058836982473462387 -0.0016974992176483873 0.0014892534683335298 0.0028620183206194338 0.0092430862885229913 -0.0098893515838113389 -0.0091805936684262769 0.0040972820907408296 0.006891547469857609 -0.0011017689781183326 -0.00020331744957103367 0.009173864190247797 -0.0076158780982433939 -0.0074517221375236887 0.0093089799872026948 0.0015258391717220404 -0.0041663386245439559 -0.004332571085511462 -0.0036414113707221142
leaf_weight=32.872250489890575 507.20550761371851 35.439034014940262 146.70253851264715 131.7342524677515 6.6890106350183478 24.600117921829224 46.004066064953804 21.550271302461624 109.07778915762901 111.95445595681667 61.012811735272408 13.450567170977591 211.31737634539604 449.93331333994865 591.54415088891983 6.8068057969212532 5.7445659264922124 5.4938602894544593 31.289021298289299 11.607645303010939 8.9003483355045372 82.848053500056267 8.7878066897392255 21.380366161465645 3.9260749369859687 16.318566650152206 108.73862107843161 20.841138817369938 154.24938730150461 21.461559504270554
leaf_count=315 2639 164 1405 552 30 161 195 90 462 470 255 58 883 1895 3464 45 38 24 131 60 42 424 44 113 23 85 604 115 861 116
internal_value=0 0.0013054 -0.00268994 0.000310502 0.00256221 0.0028569 -0.000552348 5.60028e-05 -0.00118528 -0.000204074 -0.00379659 0.000524634 -0.000481859 0.00127186 0.00265856 0.00652515 0.000398473 0.00484603 0.00206748 -0.00204163 -0.00160261 -0.00185833 0.000694066 -0.00230276 0.00379288 0.00560545 0.0024571 0.000600112 -0.00355653 3.52521e-05
internal_weight=3009.48 2026.09 983.388 1234.95 124.915 791.148 52.6931 1110.03 303.595 221.032 82.5631 806.436 343.052 463.384 758.275 37.1515 12.5514 72.2219 36.7829 836.685 649.367 620.222 91.6359 528.586 29.145 25.2189 721.124 129.58 187.319 33.0692
internal_count=15763 9951 5812 5209 544 4742 225 4665 1277 932 345 3388 1435 1953 4427 244 83 319 155 4407 3370 3220 468 2752 150 127 4183 719 1037 176
is_linear=0
shrinkage=0.01


Tree=198
num_leaves=31
num_cat=0
split_feature=13 13 0 13 18 18 28 11 22 23 28 15 16 27 11 10 1 16 27 10 21 12 16 10 25 8 20 25 25 25
split_gain=103.919 34.6017 20.5849 9.24079 6.18133 7.30039 9.31426 6.75493 12.3835 7.1682 6.6262 6.18116 6.59498 6.41312 5.79464 5.64116 5.77068 6.11213 5.76597 5.55279 6.76241 5.39244 5.3559 5.18419 6.31314 5.3445 5.08674 5.71355 4.81515 7.13129
threshold=0.35062728803480409 -0.53541070459289875 1.5056581414354833 -1.2401268835255583 2.0541403363358097 1.5520742114146362 0.1845476561736013 0.79216755211415157 0.89403402560659451 0.83095845596507678 -0.62695139516712894 -1.2841223038673384 -0.74463894967385091 -1.1053143998625017 1.0865669608022952 -1.02718420785937 1.862163637205009 1.5776016776439235 1.0364849901561637 -1.5050063937715676 -0.80935694480256737 -0.078394721287375943 1.8648439073546266 -0.16177704083546354 -0.091270123527604941 -0.47282174365100615 0.9454742960657575 -0.29363255072823097 -0.84305994154221831 1.0728454872453057
decision_type=2 2 2 2 2 2 2 2 2 2 2 2 2 2 2 2 2 2 2 2 2 2 2 2 2 2 2 2 2 2
left_child=1 3 14 23 5 7 10 9 -9 -3 -7 -5 13 -13 15 19 18 -18 -17 20 -2 -8 -14 -1 25 -25 -6 -28 -16 -30
right_child=2 4 -4 11 26 6 21 8 -10 -11 -12 12 22 -15 28 16 17 -19 -20 -21 -22 -23 -24 24 -26 -27 27 -29 29 -31
leaf_value=0.0068751136155862091 -0.0069330619155742483 0.00072890366253207416 -0.0063438799162012617 0.0073629858744965661 -0.012002981707874314 0.005606816579234869 0.0058330659546762332 -0.0031666238357184835 0.0040622369447082217 -0.0014592412918612973 -0.0054550860578083454 0.0078835210782387671 0.0013233271416392487 0.0028259918593121405 -0.0077779742461908646 -0.0019920251927601561 -0.0031233193915241116 0.013091919146581017 0.00089419914214240877 -0.0066324975807448214 -0.0003502193895774336 0.018165657626871695 0.0058350300740028643 -0.0084908678200453485 0.0060345751923893617 0.0018385432754608386 0.0070271076589290219 -0.0066286838033197204 -0.0018178771706791577 -0.009067363974412445
leaf_weight=68.666048228740692 21.413554236292839 728.78514550626278 145.99237796664238 22.112439677119255 7.4362245053052929 10.542836189270021 11.675801441073419 137.00426642596722 28.452508255839348 188.13009645044804 10.923855915665625 30.457651391625404 615.81402209401131 150.84661097824574 28.986214816570282 382.45431713759899 3.7727296203374845 5.5113746523857117 83.91981266438961 42.94122289866209 58.195362091064453 5.37557828426361 27.561243280768394 5.6823041737079611 38.444678269326687 36.919058308005333 4.7230452299118051 8.1844341307878459 79.230027712881565 16.46609428524971
leaf_count=568 110 3037 1405 122 32 44 48 578 119 793 46 171 3270 823 170 2059 19 29 439 235 306 23 140 38 281 243 20 35 461 99
internal_value=0 0.00118507 -0.00291611 0.00254647 -2.92974e-06 9.55728e-05 0.00436824 -5.59429e-05 -0.00191578 0.000278746 0 0.00213898 0.00199682 0.00368501 -0.00222168 -0.00180944 -0.00131277 0.00643299 -0.00147045 -0.00372639 -0.00213992 0.00986256 0.00151903 0.00484166 0.00310015 0.000420698 -0.00545302 -0.00153933 -0.00418853 -0.00308387
internal_weight=3006.62 2137.74 868.883 996.504 1141.23 1120.89 38.5181 1082.37 165.457 916.915 21.4667 846.792 824.68 181.304 722.891 598.208 475.658 9.2841 466.374 122.55 79.6089 17.0514 643.375 149.712 81.046 42.6014 20.3437 12.9075 124.682 95.6961
internal_count=15763 10431 5332 5656 4775 4688 161 4527 697 3830 90 4526 4404 994 3927 3197 2546 48 2498 651 416 71 3410 1130 562 281 87 55 730 560
is_linear=0
shrinkage=0.01


Tree=199
num_leaves=31
num_cat=0
split_feature=13 13 0 13 7 26 15 18 18 28 29 11 28 8 11 4 9 0 26 19 11 15 27 21 20 25 29 26 28 3
split_gain=102.006 33.9823 20.3682 9.12473 7.24793 6.8323 6.5756 6.06717 7.15436 9.11887 6.66488 11.1327 6.49528 5.82788 5.70751 5.23693 5.15584 5.59289 5.18256 5.08488 9.74062 9.37587 5.42087 7.86046 5.00958 5.60343 4.98243 4.93871 9.45299 5.63118
threshold=0.35062728803480409 -0.53541070459289875 1.5056581414354833 -1.2401268835255583 -1.7634358873629057 0.48935615762686485 -1.2841223038673384 2.0541403363358097 1.5520742114146362 0.1845476561736013 0.18733522896815222 0.56422351038878582 -0.62695139516712894 -1.4705223768713307 1.0865669608022952 -0.078394721287375943 0.26282098856749952 -1.22770983041226 1.0224315978858731 0.86508633864473328 0.86038557559219075 0.65436867725171988 1.136261794696557 -0.10344840408702861 0.9454742960657575 -0.29363255072823097 0.24800610298935152 -1.5389228455481778 -1.2418427558176131 0.61105102293337532
decision_type=2 2 2 2 2 2 2 2 2 2 2 2 2 2 2 2 2 2 2 2 2 2 2 2 2 2 2 2 2 2
left_child=1 3 14 16 5 -5 -6 8 10 12 11 -3 -10 -7 19 -11 18 -18 -1 22 21 -21 -2 -24 -9 -26 -12 28 -16 -29
right_child=2 7 -4 4 6 13 -8 24 9 15 26 -13 -14 -15 27 -17 17 -19 -20 20 -22 -23 23 -25 25 -27 -28 29 -30 -31
leaf_value=0.0049389934180875551 -0.0024563579373161688 -1.632533230206962e-05 -0.0063110632871549487 0.0097508952092321202 0.0073170381514388637 -0.0054710044311309857 0.0017723874197716068 -0.011918104733019512 0.0055485259751914722 0.0057765849084104905 0.0059729299096097435 -0.0032560672615805442 -0.0054033056277187474 0.00853924587823463 -0.0045405067237841087 0.01791958992231299 0.0034851969465923621 -0.0062782632841985857 0.011081767634254044 0.0075711110410476411 -0.0058105646084482022 -0.007371105641177501 0.0033581523335720538 -0.00275587340816376 0.0069516767588181858 -0.0065700737444180949 0.0006227804605160749 -0.00054453661055499174 0.014544404543118885 -0.0059692015092721908
leaf_weight=97.901431322097778 473.6773005053401 469.02664867043495 145.28806292265654 23.06507183611393 22.029826328158379 6.9379106909036636 788.89024253189564 7.4151093214750317 10.548083111643793 11.673054933547975 18.058974623680115 137.20122718811035 10.919236242771147 5.0238806009292585 7.2232844829559326 5.3961687833070746 27.59611339867115 7.2998041212558737 16.415709786117077 23.113789200782779 12.090709239244459 4.9776000678539267 41.949057161808014 41.899447336792946 4.727612867951394 8.1758063137531245 458.03373996913433 24.982109934091568 3.894609257578848 88.298078648746014
leaf_count=761 2547 1957 1405 142 122 42 4189 32 44 48 76 575 46 31 42 23 193 44 132 118 67 27 217 221 20 35 1919 148 22 518
internal_value=0 0.00117405 -0.00289206 0.00252454 0.0021198 0.00657986 0.00192513 -2.87587e-06 9.4648e-05 0.00432332 -5.53774e-05 -0.000751608 0 0.000352322 -0.00220199 0.00975566 0.00480949 0.00140212 0.00583874 -0.00179291 0.00162583 0.00487123 -0.00204134 0.000291393 -0.0054058 -0.00152365 0.000829032 -0.0041565 0.00212587 -0.00478323
internal_weight=3003.73 2136.34 867.394 995.16 845.947 35.0269 810.92 1141.18 1120.86 38.5365 1082.32 606.228 21.4673 11.9618 722.106 17.0692 149.213 34.8959 114.317 597.708 40.1821 28.0914 557.526 83.8485 20.3185 12.9034 476.093 124.398 11.1179 113.28
internal_count=15763 10431 5332 5656 4526 215 4311 4775 4688 161 4527 2532 90 73 3927 71 1130 237 893 3197 212 145 2985 438 87 55 1995 730 64 666
is_linear=0
shrinkage=0.01


Tree=200
num_leaves=31
num_cat=0
split_feature=14 6 6 28 6 23 24 3 6 10 26 14 5 15 28 28 20 10 3 17 19 19 24 17 10 10 19 5 19 14
split_gain=100.188 30.4138 19.6322 9.21498 7.48884 7.76474 8.05634 7.02433 6.88581 6.75142 6.2567 6.23537 5.97058 6.10081 14.941 7.9198 5.81204 5.53773 5.69205 6.6588 5.25144 7.11068 5.16696 4.87235 4.70128 4.57957 5.43168 4.41414 9.93968 4.31046
threshold=-0.10743644587334983 1.2609653532197225 -0.78267091142507572 -1.8522961559545836 0.4631431373058536 0.55892707099278505 1.7270743523622589 -0.84278581836037514 1.971175875600846 1.1068684948668501 1.8543525869125344 -1.4277551419103394 2.2863690706027637 0.95101405560538865 -0.56801963319337456 -1.1605128482061182 -0.18237940873558625 0.84015143804648462 1.6501769122210141 -0.18058522712713301 1.2070040335872909 0.74075273085561466 1.3685860500905835 0.040738161553674775 -1.1984955019675674 0.97938732166353704 -0.64301633845656625 1.0499838647618167 1.2070040335872909 -0.95762676628279075
decision_type=2 2 2 2 2 2 2 2 2 2 2 2 2 2 2 2 2 2 2 2 2 2 2 2 2 2 2 2 2 2
left_child=2 3 11 -2 5 16 -7 9 10 25 27 -1 13 15 -15 -9 -5 24 19 -19 21 -6 -22 -12 -13 26 -4 28 -3 -26
right_child=1 8 7 4 20 6 -8 12 -10 -11 23 17 -14 14 -16 -17 -18 18 -20 -21 22 -23 -24 -25 29 -27 -28 -29 -30 -31
leaf_value=0.0072982745649816366 -0.005595909172076371 -0.004400524139052113 0.0032106141777266811 0.0018095074689157265 -0.0020997455862766111 -0.0017899863563279399 -0.014017480366975994 0.0035253844900826783 -0.0081691573507210423 -0.0084660694869542613 0.0093097321263760982 0.011656912227071608 0.0081617627077691796 -0.0068612882919174712 0.00080052425790532735 0.00016508552101168075 -0.00055117377155412296 0.0025557605379867205 0.0095898038006111495 -0.0066075895781114672 -0.0058569244936803808 0.0018479611535923588 0.0038493701411410697 -0.0058175959777140322 0.0023354596996802237 0.012629354557583992 -0.0014188503756960053 -0.0092827700341650814 0.013491746538367329 0.0041888949551704474
leaf_weight=32.409814931452274 47.146526589989662 168.86026750504971 161.78576862812042 168.84055468440056 371.95396119356155 151.95721141993999 5.5220426917076102 80.427067145705223 57.046360313892365 5.3989345282316199 5.8173166364431363 6.214018076658248 9.4884106963872892 39.613995298743248 70.307039499282837 550.18865098059177 271.59451712667942 14.104849159717562 4.3186133205890647 17.586940780282021 51.905242778360844 51.656922616064548 5.9337407127022734 3.1594185307621956 406.54192704707384 4.521798461675643 29.662459254264832 18.348651640117168 3.0419559031724921 185.47651922702789
leaf_count=315 224 1239 764 693 1968 660 25 342 610 22 38 45 40 172 308 2355 1167 66 20 76 327 294 37 22 2548 19 131 160 23 1053
internal_value=0 -0.00197663 0.00168893 -0.00126784 -0.00107737 -0.000327816 -0.00223372 0.000765328 -0.00508667 0.0024239 -0.00419536 0.00300521 0.000318434 0.0002155 -0.00195532 0.000595726 0.000351728 0.00278314 -0.00100221 -0.00250265 -0.0020059 -0.00161566 -0.00483896 0.00386997 0.0030128 0.00273318 0.00248775 -0.004583 -0.00407043 0.00291843
internal_weight=3000.83 1382.78 1618.05 1126.51 1079.36 597.914 157.479 951.394 256.274 201.369 199.228 666.653 750.025 740.537 109.921 630.616 440.435 634.243 36.0104 31.6918 481.45 423.611 57.839 8.97674 598.232 195.97 191.448 190.251 171.902 592.018
internal_count=15763 7487 8276 5395 5171 2545 685 4153 2092 936 1482 4123 3217 3177 480 2697 1860 3808 162 142 2626 2262 364 60 3646 914 895 1422 1262 3601
is_linear=0
shrinkage=0.01


Tree=201
num_leaves=31
num_cat=0
split_feature=13 6 13 19 11 9 22 4 6 7 6 4 20 23 22 20 28 6 25 16 17 23 6 18 7 15 15 15 13 1
split_gain=98.4134 31.5691 17.8261 8.48429 8.41561 8.38206 8.10381 7.01837 7.95933 15.0711 6.85115 6.66479 6.53677 6.36445 10.1805 11.2678 8.63709 6.09131 7.23433 10.8374 5.98477 5.81346 5.53339 8.82407 5.25853 5.01545 5.6206 6.63903 5.00163 8.41331
threshold=-0.17323375705407607 1.2609653532197225 -0.93344357127992417 -1.7748127735981989 -0.89042356208121431 0.44556783749379175 0.21510172045944523 -0.98416724242392839 -1.0122027741500486 -0.59118577422515584 1.971175875600846 -1.0281964850652294 -0.92370204327042249 -1.2487761168908771 -1.3257526343604407 -0.69383792935809585 1.3995665608348944 0.82740736638734935 -1.187451569956169 -1.1372246035104459 1.5109357189656203 0.8896274914173351 -0.17885176253675331 -1.0804699753550804 1.2262931226879097 -1.4545440968370522 -0.97773228066370887 -0.85718428977386985 1.1602623492976738 0.71148934626295068
decision_type=2 2 2 2 2 2 2 2 2 2 2 2 2 2 2 2 2 2 2 2 2 2 2 2 2 2 2 2 2 2
left_child=2 5 4 6 12 17 -4 8 11 -10 25 -6 -1 14 15 -5 -16 18 19 -2 -20 -7 24 -24 -15 -3 -27 -28 -19 -30
right_child=1 10 3 13 7 21 -8 -9 9 -11 -12 -13 -14 22 16 -17 -18 28 20 -21 -22 -23 23 -25 -26 26 27 -29 29 -31
leaf_value=0.0004221787074415249 0.010375918416738739 0.0089921772021109205 0.0093465316705412613 0.0071804743649964212 0.0031682257379703023 -0.001725243875499029 -0.0009547750929580005 0.0064263267083779644 0.0043137661369804245 -0.0066375623740241585 -0.008140136268754327 0.0087724505296841622 -0.017420101981292319 0.0011383170048022983 0.0069833577987078142 -0.0053774024897379506 -0.0049470232117983966 -0.0031049726197843446 -0.00030637473270024715 0.00095766564834984767 -0.0055208870144567799 -0.0047059123877365924 0.0061771912279181456 -0.0032457354441910503 -0.0013122608957493254 -0.007879766503562707 0.0034979289679186662 -0.0041160924245056086 -0.0011035489024240229 0.015559358022629595
leaf_weight=5.0534310638904572 14.715171366930006 2.7172562628984442 22.834611430764198 10.533292293548582 335.72309251874685 375.78229501843452 11.172806605696676 71.245208323001862 27.235139206051826 23.11990986764431 56.679441750049591 22.853329107165337 3.2374688833951932 741.74196831882 55.711972311139107 21.545232191681862 6.6364619880914679 123.71494573354721 498.56784407794476 71.768047496676445 22.970784291625023 79.954067625105381 11.449789196252821 69.174842685461044 98.835304066538811 37.136984266340733 12.203719429671763 146.60651492327452 13.12154856324196 3.8030725568532935
leaf_count=32 62 18 139 50 2240 1916 56 436 175 137 610 136 20 3397 259 95 30 662 2139 308 105 425 50 282 416 282 93 1089 81 23
internal_value=0 -0.00185994 0.00176488 0.00102893 0.00334373 -0.00118151 0.00593994 0.00351798 0.00300738 -0.000697774 -0.00505433 0.00353054 -0.00655036 0.000862933 0.00333647 -0.00121333 0.00569157 -0.000528749 -9.30798e-05 0.00258187 -0.000538975 -0.00225128 0.000607966 -0.00188917 0.000848866 -0.00416526 -0.00435731 -0.00352287 -0.00240375 0.00265138
internal_weight=2997.85 1459.74 1538.1 1049.64 488.468 1204.4 34.0074 480.177 408.931 50.355 255.344 358.576 8.2909 1015.63 94.427 32.0785 62.3484 748.661 608.022 86.4832 521.539 455.736 921.202 80.6246 840.577 198.664 195.947 158.81 140.64 16.9246
internal_count=15763 7813 7950 4774 3176 5721 195 3124 2688 312 2092 2376 52 4579 434 145 289 3380 2614 370 2244 2341 4145 332 3813 1482 1464 1182 766 104
is_linear=0
shrinkage=0.01


Tree=202
num_leaves=31
num_cat=0
split_feature=13 13 0 13 15 10 26 29 5 23 5 29 22 25 11 5 5 10 24 15 10 1 26 10 29 0 1 26 28 25
split_gain=96.6451 32.3039 19.7967 8.93134 6.01477 6.25022 9.63229 5.64857 8.53696 7.88515 7.39452 8.47783 7.2957 5.9042 5.59128 6.42484 5.55154 5.47899 6.32236 7.89256 7.59875 5.62916 5.3512 5.14322 6.27074 6.07428 5.04983 4.54206 7.869 4.76162
threshold=0.35062728803480409 -0.53541070459289875 1.5056581414354833 -1.2401268835255583 -1.2841223038673384 -1.1783036345414606 0.60304802529774537 0.18733522896815222 -0.64489109304236247 -1.1732037678578624 -0.52648235728704751 -1.3293988289119671 1.0000000180025095e-35 -1.5188313099271686 1.0865669608022952 -0.071844429995668146 -0.92914725424587441 -1.02718420785937 -0.89228818470765059 -0.1528088243717621 -1.5893964454146128 1.862163637205009 -2.2185620176344876 -0.16177704083546354 0.33936227165343685 -1.3968373785588175 -1.1295361155035255 -1.5389228455481778 -1.2418427558176131 -0.69657495487946175
decision_type=2 2 2 2 2 2 2 2 2 2 2 2 2 2 2 2 2 2 2 2 2 2 2 2 2 2 2 2 2 2
left_child=1 3 14 23 -5 6 -6 8 9 16 11 -10 -12 -11 17 -16 -3 18 19 -2 -20 22 -19 -1 25 -25 -7 28 -17 -29
right_child=2 7 -4 4 5 26 -8 -9 10 13 12 -13 -14 -15 15 27 -18 21 20 -21 -22 -23 -24 24 -26 -27 -28 29 -30 -31
leaf_value=0.0067751217964120564 0.012295629485427291 0.0030507095259663642 -0.0062199270087576596 0.0072423391342465197 0.0083043821916800077 0.0039101538908323675 -0.001818840714453878 0.00078294660205577554 0.0046226724607589245 0.0063660807637166304 0.0003357515283045767 -0.0085123467578061222 -0.0022839220068147847 -6.8675401133605786e-05 0.0077937825072472667 -0.0044560558044607328 0.015305907521636249 -0.011449788775153142 -0.0023799369289644436 -0.0020030300429074248 -0.0080184422404170428 0.0063957880923131687 -0.0012884963175651004 0.0095989100836223994 0.0067221442630446982 -0.00045265353550964538 0.0014077511238409612 -0.0085695480084397885 0.013243777093219142 -0.0038210718538668796
leaf_weight=67.706812381744385 4.8932235985994366 9.8427794128656405 143.32778612524271 21.889187559485435 33.601690046489239 92.101721212267876 12.78528969734907 506.24576392769814 5.8946367204189327 15.659349054098127 206.13378068804741 25.718115791678429 218.1257181763649 146.89203841984272 4.2458348870277396 7.1793375462293625 6.1607109308242789 5.1715602278709403 59.447698980569839 16.693799689412117 40.851721607148647 9.2954055964946729 459.57672461867332 6.8225447982549658 28.861165955662727 44.663774445652962 682.77718037366867 29.814217612147331 3.7133537083864194 78.792439222335815
leaf_count=568 26 42 1405 122 192 531 70 2123 24 68 854 106 905 627 25 42 26 27 308 88 229 48 2471 66 216 280 3611 176 21 466
internal_value=0 0.00114279 -0.00282338 0.00246321 0.00206288 0.00192275 0.00549477 -3.85535e-06 -0.00063329 0.00121681 -0.00136023 -0.00602475 -0.00100897 0.0005486 -0.00214478 -0.00408468 0.00789633 -0.00173966 -0.00363428 0.00123375 -0.00469215 -0.00124975 -0.00140616 0.00473336 0.0029941 0.000875938 0.00170694 -0.00452125 0.00155249 -0.00514049
internal_weight=2994.89 2131.88 863.003 991.209 843.155 821.266 46.387 1140.67 634.427 178.555 455.872 31.6128 424.259 162.551 719.675 123.745 16.0035 595.93 121.886 21.587 100.299 474.044 464.748 148.054 80.3475 51.4863 774.879 119.499 10.8927 108.607
internal_count=15763 10431 5332 5656 4526 4404 262 4775 2652 763 1889 130 1759 695 3927 730 68 3197 651 114 537 2546 2498 1130 562 346 4142 705 63 642
is_linear=0
shrinkage=0.01


Tree=203
num_leaves=31
num_cat=0
split_feature=13 6 13 11 8 9 5 5 23 28 6 23 22 25 28 23 1 26 4 6 25 16 23 11 29 6 9 25 27 22
split_gain=94.8762 30.7891 17.334 8.25497 8.23331 8.18239 7.85421 7.26279 13.5038 8.4345 6.80876 6.67737 10.8039 10.4933 8.91792 6.57311 7.0194 6.14907 5.88642 5.88194 7.08484 10.5977 5.71927 5.65492 11.7914 8.34679 5.47953 4.94758 7.4175 6.30753
threshold=-0.17323375705407607 1.2609653532197225 -0.93344357127992417 -0.89042356208121431 -2.2496634428690121 0.44556783749379175 -1.5719223820329289 -0.011776971277908988 -0.13261448955884023 -0.37143219201812022 1.971175875600846 -1.2487761168908771 -1.3257526343604407 0.59495047920632615 1.3995665608348944 0.35465462224737948 0.17440265669103971 1.8543525869125344 -1.4621215136833963 0.82740736638734935 -1.187451569956169 -1.1372246035104459 0.8896274914173351 -0.3857852676636222 1.8016365126981977 -0.19501471785722299 0.37284331131592957 0.42982450365080938 0.54036276207016321 -1.1267100129546661
decision_type=2 2 2 2 2 2 2 2 2 2 2 2 2 2 2 2 2 2 2 2 2 2 2 2 2 2 2 2 2 2
left_child=2 5 3 6 -4 19 -1 8 9 -5 17 12 13 -6 -14 16 -9 -3 -17 20 21 -2 -7 24 -13 -25 -22 29 -29 -21
right_child=1 10 4 7 11 22 -8 15 -10 -11 -12 23 14 -15 -16 18 -18 -19 -20 27 26 -23 -24 25 -26 -27 -28 28 -30 -31
leaf_value=0.0017076335482107514 0.010265503786737367 -0.0044956619990925237 0.0093430507342697183 -0.0016375881963850958 0.0026436763882998382 -0.0016955107631423062 -0.017605623846707465 0.00056204505643566978 0.0071492195722270922 0.0043971537259884898 -0.0080901830508750289 0.002335116762457051 0.0072204775463254331 -0.0097169149941897254 -0.0049044792499804805 0.01086348116399764 0.0050077498151076321 0.0038902812788780016 -0.00022275957584416505 0.0033984442431214228 -0.00073253580039116348 0.0009536877272211475 -0.0046557105133656898 0.00058985861021796195 -0.012093898163013983 -0.0028927467449014793 0.0046412994024920516 0.0081862061085101884 -0.0016696115591066493 -0.0047633809524207918
leaf_weight=4.7801066339015961 14.723580583930014 188.62200531363487 11.648504905402659 37.234975889325142 21.274208620190624 375.24638384580612 3.5315484255552274 52.929836057126522 116.19663343578577 60.195118390023708 56.049394108355045 234.6362439095974 55.133461058139801 9.9852146506309492 6.6430845707654944 4.9366255924105635 111.44682513922453 8.9666624218225461 95.343412294983864 10.546276926994322 501.77824634313583 71.754319190979004 79.730602607131004 626.5119866207242 5.685582995414733 77.167617112398148 19.581763476133347 9.2239890396594983 42.015594616532326 78.510672867298126
leaf_count=31 62 1422 71 256 96 1916 21 326 826 413 610 1119 257 45 30 50 695 60 558 56 2157 308 425 2816 26 314 87 51 225 434
internal_value=0 -0.00182815 0.00173439 0.00329503 0.00100905 -0.00115934 -0.00649126 0.00346851 0.00484459 0.00208128 -0.00499498 0.000913585 0.00347073 -0.00129118 0.00589465 0.00235257 0.00358351 -0.00410827 0.000323315 -0.000514354 -8.65166e-05 0.00256068 -0.00221737 0.000660165 0.0019847 0.000206168 -0.000527931 -0.00235946 9.7613e-05 -0.0037829
internal_weight=2992.03 1456.75 1535.28 486.595 1048.69 1203.11 8.31166 478.283 213.627 97.4301 253.638 1037.04 93.036 31.2594 61.7765 264.657 164.377 197.589 100.28 748.134 607.838 86.4779 454.977 944.001 240.322 703.68 521.36 140.297 51.2396 89.0569
internal_count=15763 7813 7950 3176 4774 5721 52 3124 1495 669 2092 4703 428 141 287 1629 1021 1482 608 3380 2614 370 2341 4275 1145 3130 2244 766 276 490
is_linear=0
shrinkage=0.01


Tree=204
num_leaves=31
num_cat=0
split_feature=6 6 0 9 28 27 17 0 1 27 29 25 9 28 27 10 11 5 10 11 6 10 27 16 27 25 6 25 7 22
split_gain=93.2914 28.0647 21.7283 6.97791 6.77842 6.51382 7.71193 6.10288 5.96543 5.91575 6.17568 8.87789 6.94776 5.8476 5.22424 6.5379 5.16657 6.57364 11.1598 6.49468 5.53163 9.31585 6.28029 5.14858 8.36374 10.8837 7.14508 5.65634 4.96686 9.84455
threshold=0.22355410446815371 -0.78267091142507572 1.5056581414354833 0.45388732896799172 1.9186409696998548 2.0382011851026127 0.10141491371636942 -1.4207684488009822 0.9934623837132136 1.6970307375779303 -0.11828649153111916 0.14580267759059659 1.0523686891795991 -0.64041933012989616 0.48247833182484934 -0.024140498774836122 0.87954787430796932 0.82256160136540013 0.24380753031251048 0.50101249836277051 0.82740736638734935 1.3985942417985073 1.136261794696557 -0.71779096653396535 -1.1732170031823586 -0.31904951378892815 0.2757173235697557 1.0728454872453057 1.8490133791234313 -0.26817294535992381
decision_type=2 2 2 2 2 2 2 2 2 2 2 2 2 2 2 2 2 2 2 2 2 2 2 2 2 2 2 2 2 2
left_child=1 7 16 4 5 8 -7 -1 -3 10 12 -12 -5 -11 15 -6 17 20 -19 -20 21 -2 -22 24 -18 -26 -25 -28 -9 -30
right_child=2 3 -4 9 14 6 -8 28 -10 13 11 -13 -14 -15 -16 -17 23 18 19 -21 22 -23 -24 26 25 -27 27 -29 29 -31
leaf_value=0.0072776135038327772 -0.00051599694281200784 0.00090078867656415065 -0.0061591785503172947 -0.0035563675769012437 -0.0063402728089450491 0.012546513293944375 -0.00038676112026597828 0.0028625994523730253 -0.0014648338159497438 -0.014790756571383408 0.0047310070644814572 -0.00048804531135706214 0.00065822901664183773 -0.00031837381988890682 0.012868298820230502 0.0080854133256550893 0.013068426400884016 0.016929479513204729 -0.0042024841031591013 0.0044188152534478838 -0.003559982111497305 -0.0071561761169778061 0.00079008301806728499 0.0055098373508443502 -0.012135530882327142 0.001849615187327007 -0.0038829045256970757 -0.0098511257653383175 -0.012760193342978987 0.0023083287798548887
leaf_weight=30.770153224468231 330.992441162467 832.23904574662447 142.04455552995205 102.77599562704563 4.9994069337844858 9.8962918967008608 8.2763229906558973 610.83175554126501 121.88333331048489 5.8113335072994232 42.116958975791931 141.92050898075104 62.491565853357315 5.5738213807344419 7.8819280862808219 7.9442873597145089 4.2755511552095404 4.5894211232662192 15.926300674676893 19.05347603559494 213.83346459269524 22.519445329904556 38.817202523350716 7.0913371741771689 7.4074597209692028 21.157951280474663 126.96620781719685 18.469171151518822 6.0259164869785335 14.542291402816771
leaf_count=315 1514 3627 1405 429 23 44 35 3712 520 24 176 595 263 23 35 34 23 21 91 99 1289 130 226 32 41 112 721 108 27 69
internal_value=0 0.0012273 -0.00254271 0.000401201 0.000834335 0.000711907 0.00663173 0.00291444 0.000597425 -0.000788515 -0.00055308 0.000702824 -0.00195725 -0.00785705 0.00647166 0.00243104 -0.00192275 -0.00149712 0.00243703 0.000464239 -0.00175594 -0.000943722 -0.00288763 -0.00339842 0.000163735 -0.00177175 -0.00417155 -0.00465394 0.0026991 -0.00209833
internal_weight=2989.12 2015.98 973.144 1353.81 993.121 972.295 18.1726 662.17 954.122 360.69 349.305 184.037 165.268 11.3852 20.8256 12.9437 831.099 645.732 39.5692 34.9798 606.163 353.512 252.651 185.368 32.841 28.5654 152.527 145.435 631.4 20.5682
internal_count=15763 9951 5812 5828 4318 4226 79 4123 4147 1510 1463 771 692 47 92 57 4407 3370 211 190 3159 1644 1515 1037 176 153 861 829 3808 96
is_linear=0
shrinkage=0.01


Tree=205
num_leaves=31
num_cat=0
split_feature=6 6 0 5 11 14 29 27 16 22 21 8 28 7 25 25 22 27 21 21 28 10 27 22 24 11 4 26 15 0
split_gain=91.5641 26.8921 22.0307 6.22793 6.08624 6.05557 5.71086 9.12369 15.1952 9.41661 7.70852 9.842 7.83625 5.38456 6.20279 14.2774 5.8402 5.23813 8.53602 6.11009 5.88113 5.4833 5.14954 5.07004 4.99027 4.83427 4.51968 8.8347 4.50979 4.57087
threshold=0.19055757652046609 -0.78267091142507572 1.5056581414354833 -1.7220508952257851 0.98042806559164741 -1.4277551419103394 -0.0363862225808304 0.080735236773155764 0.0086098156962578672 -1.397115476472172 0.040303732654953885 -0.53234887212774862 1.3318346389505356 -0.48960170173084266 1.1433300575247267 1.2732327647017534 -1.7694646515010799 1.136261794696557 -0.10344840408702861 0.17173973556237374 -1.1381171464753577 0.23446191823718804 -0.762964005183141 -2.191194519512941 -0.53511323262294819 -0.0076059164181249703 0.93881108759236265 -1.6402100033848581 1.1307454839339091 -0.92590342192419584
decision_type=2 2 2 2 2 2 2 2 2 2 2 2 2 2 2 2 2 2 2 2 2 2 2 2 2 2 2 2 2 2
left_child=1 5 4 28 17 -1 10 8 -8 -9 11 -5 -12 14 16 -16 -7 20 21 -20 22 -19 -2 -15 -22 -25 -6 -28 -3 -30
right_child=2 3 -4 6 26 13 7 9 -10 -11 12 -13 -14 23 15 -17 -18 18 19 -21 24 -23 -24 25 -26 -27 27 -29 29 -31
leaf_value=0.0071699320664805298 -0.0010405267245450669 0.008690335515187976 -0.0061267195209288383 0.0031698459139335167 -0.0025992849588319933 -0.0076509557351706597 0.0098010780929656868 -0.0045019755740875493 -0.00042037704488902277 0.00088748237970768672 -0.0011066164781515409 -0.0005335345551005351 -0.0075655380528448536 0.012698383564770295 -0.012992051157332136 0.0042908950236179031 0.0053963752311693789 0.0064271655839379018 -0.0088448840993045705 -0.00040088269542046045 0.00015821033490178091 -8.8917545928704982e-05 -0.0065199986901726213 0.0033068499410781535 -0.0020345791157076886 0.0012000562169668786 0.0078033975179328408 -0.0078383991932035775 0.011573646361035004 0.0002849994451659361
leaf_weight=31.689631156623363 28.22677880525589 14.384757257997988 141.37303616851568 106.38510757684708 126.01644279062748 3.3736379742622367 29.188831582665443 34.265112549066544 28.517490476369858 560.70405249297619 281.31213089823723 219.06666648387909 20.118926137685776 4.4290963262319556 6.493014574050906 17.241647034883499 134.52844519913197 28.549491509795189 10.955934807658194 39.436941742897034 142.80259022861719 22.964744344353676 45.770317107439041 179.1187479570508 371.78532093018293 284.13728453963995 3.8365518897771826 38.866527616977692 4.084941327571868 26.621180057525638
leaf_count=315 144 69 1405 467 661 21 126 149 122 2406 1195 924 84 25 39 111 936 139 55 204 746 120 234 1068 1943 1608 24 261 29 133
internal_value=0 0.00124288 -0.00246673 0.000419837 -0.00186272 0.0028904 0.000290117 0.000945233 0.00474052 0.000574711 -0.0003904 0.000674573 -0.0015434 0.00267221 0.00425187 -0.000429861 0.00506463 -0.00144387 0.000641583 -0.00227038 -0.00180669 0.00350842 -0.00444753 0.00212333 -0.00142421 0.00201735 -0.00356907 -0.00639479 0.00407002 0.00185192
internal_weight=2986.25 1985.66 1000.58 1324.65 859.212 661.012 1279.56 652.675 57.7063 594.969 626.883 325.452 301.431 629.322 161.637 23.7347 137.902 690.492 101.907 50.3929 588.585 51.5142 73.9971 467.685 514.588 463.256 168.72 42.7031 45.0909 30.7061
internal_count=15763 9827 5936 5704 4531 4123 5473 2803 248 2555 2670 1391 1279 3808 1107 150 957 3585 518 259 3067 259 378 2701 2689 2676 946 285 231 162
is_linear=0
shrinkage=0.01


Tree=206
num_leaves=31
num_cat=0
split_feature=13 6 13 6 1 19 22 5 3 7 15 27 13 14 13 23 22 20 28 5 3 23 6 18 26 10 29 6 23 0
split_gain=90.0242 29.6346 16.5258 8.42936 8.3559 8.16323 7.98165 7.54844 8.35173 10.26 7.77357 7.01287 6.8697 6.45162 7.5598 6.08483 9.7841 10.9947 8.31981 5.89493 8.27339 6.34638 5.25124 8.57286 5.42205 5.07837 6.22061 4.89315 4.69369 7.79637
threshold=-0.17323375705407607 1.3702784339322898 -0.93344357127992417 0.4631431373058536 0.29773123680952862 -1.7748127735981989 0.21510172045944523 0.041968068901280069 0.3080163105248615 -0.078861439934249253 -1.4545440968370522 1.8478314944136371 0.35062728803480409 -0.94964079394905576 -1.2401268835255583 -1.2487761168908771 -1.3257526343604407 -0.69383792935809585 1.3995665608348944 -1.7220508952257851 -1.2083927945762374 0.080976889552629286 -0.17885176253675331 -1.0804699753550804 -1.9636516463454465 -0.16177704083546354 0.33936227165343685 1.971175875600846 2.0342824139664999 1.1792078601230529
decision_type=2 2 2 2 2 2 2 2 2 2 2 2 2 2 2 2 2 2 2 2 2 2 2 2 2 2 2 2 2 2
left_child=2 3 13 4 19 6 -4 8 10 -10 -5 12 -6 14 25 16 17 -7 -18 21 -21 -2 24 -24 -17 -1 -27 -3 -9 -30
right_child=1 27 5 7 11 15 -8 28 9 -11 -12 -13 -14 -15 -16 22 18 -19 -20 20 -22 -23 23 -25 -26 26 -28 -29 29 -31
leaf_value=0.0066729199451879967 -0.0010240479180596935 -0.0044269378017664351 0.0092411596659010605 0.013840803546279746 -0.0013370941792017984 0.0070998085958124983 -0.0010130034900582396 -0.0036746877520151596 -0.00023318727983461654 0.015631131877619685 -0.0016476860766912993 0.0076940473251716716 -0.0053699662674653514 0.0063205694989251606 0.0018079425426964536 0.0059132297032759573 0.006839848332033817 -0.0053189286625047495 -0.0048642482984105062 -0.0032678341839446558 0.00068262997495360594 0.010998257002082752 0.0061023731342162522 -0.0031962711860455766 0.00067924743794822425 0.00078093584622981275 0.0066314687289148033 -0.0080184782918178137 0.0078895944021282766 -0.0089965529188288113
leaf_weight=66.724223546683788 7.3063730299472835 132.64068781584501 22.532655023038387 3.1673092097043982 202.35058146715164 10.493118956685064 11.144671782851217 251.96695091575384 10.625575423240663 6.3920259624719611 276.08272476494312 7.2490668445825568 53.751598447561264 59.377755492925644 277.96107441186905 20.246929094195366 55.369809508323669 21.561173364520073 6.6463589221239081 62.025625884532928 360.74577231705189 10.34051491320133 11.417662084102629 69.175046041607857 818.89873754233122 51.139833353459835 28.528269074857235 55.161658346652985 8.5978709161281568 3.8543089106678954
leaf_count=568 31 1048 139 17 850 50 56 1530 51 34 1459 30 258 367 1679 89 259 95 30 258 1521 45 50 282 3724 346 216 610 43 28
internal_value=0 -0.00178373 0.00169152 -0.00123195 -0.000501203 0.000984002 0.00582524 -0.00214713 -0.00104554 0.00572374 -0.00146354 -0.00191053 -0.0021892 0.00322101 0.00278357 0.000821638 0.00324501 -0.00121306 0.00556359 0.000339488 0.000100049 0.00598657 0.000572364 -0.0018606 0.000807414 0.00462669 0.00289417 -0.00549088 -0.00337677 0.00255314
internal_weight=2983.48 1452.26 1531.22 1264.46 703.77 1047.49 33.6773 560.687 296.268 17.0176 279.25 263.351 256.102 483.731 424.353 1013.81 94.0705 32.0543 62.0162 440.418 422.771 17.6469 919.738 80.5927 839.146 146.392 79.6681 187.802 264.419 12.4522
internal_count=15763 7813 7950 6155 2993 4774 195 3162 1561 85 1476 1138 1108 3176 2809 4579 434 145 289 1855 1779 76 4145 332 3813 1130 562 1658 1601 71
is_linear=0
shrinkage=0.01


Tree=207
num_leaves=31
num_cat=0
split_feature=13 6 13 11 26 11 19 22 4 6 7 4 20 19 17 20 23 22 20 28 6 27 29 6 18 26 24 24 28 11
split_gain=88.3267 29.2351 16.2635 9.15177 8.55386 8.12744 8.03635 7.88604 6.95696 7.82785 14.7823 6.70459 6.28796 6.18926 7.18172 6.5164 5.97365 9.61061 10.7842 8.17573 5.85903 5.40452 8.49455 5.15305 10.4178 5.44191 5.13228 9.59846 6.16751 13.5255
threshold=-0.17323375705407607 1.3702784339322898 -0.93344357127992417 0.84585253963159157 2.2588333577626121 -0.89042356208121431 -1.7748127735981989 0.21510172045944523 -0.98416724242392839 -1.0122027741500486 -0.59118577422515584 -1.0281964850652294 -0.92370204327042249 0.86508633864473328 1.9697480473944917 0.32418687437699828 -1.2487761168908771 -1.3257526343604407 -0.69383792935809585 1.3995665608348944 1.2943721144945686 -0.084138249407840315 -0.078746071964621092 -0.14344686672431092 -1.0804699753550804 -1.9636516463454465 0.89041467527087381 0.96537217277969189 0.07625307544714717 -1.0000000180025095e-35
decision_type=2 2 2 2 2 2 2 2 2 2 2 2 2 2 2 2 2 2 2 2 2 2 2 2 2 2 2 2 2 2
left_child=2 3 5 4 13 12 7 -4 9 11 -11 -7 -1 15 -15 -2 17 18 -8 -19 21 -5 -23 25 -25 -18 -3 -28 29 -29
right_child=1 26 6 20 -6 8 16 -9 -10 10 -12 -13 -14 14 -16 -17 23 19 -20 -21 -22 22 -24 24 -26 -27 27 28 -30 -31
leaf_value=0.0003562163777656578 -0.00038705027039773258 -0.0063409637419355701 0.0091969346379720714 -0.004020447216500053 -0.010846443877224969 0.0030156841567529585 0.0070473517258170483 -0.0010025363138551756 0.0062839156319211536 0.0041743890989216865 -0.0067088455862976126 0.008668636098623235 -0.017106087084233862 0.0013487674692649998 0.013853151152056431 -0.0022809152244174635 0.0058270202144387728 0.0067862014160419825 -0.0052599424079205594 -0.0048100326035063184 -0.0095589586187020768 0.010416085397001498 -0.0016619435037267434 0.0068848046356589669 -0.004092914389616174 0.00064079549019582674 0.011955781023714836 -0.0083611996543843745 -0.0058421382649388341 0.019903872181075428
leaf_weight=5.0313510745763779 682.28167955577374 145.94927477836609 22.415665529668331 124.51322723925114 8.2844736129045469 331.62112038582563 10.466390877962111 11.149440437555311 70.28423273563385 26.914100907742977 23.050629079341888 22.579348638653755 3.2675427794456464 54.219758450984955 4.9588469862937918 248.47231354564428 20.695401877164841 55.25083863735199 21.58593176305294 6.6551427096128455 12.501866810023783 5.9980068504810324 122.44192086160183 10.258145377039908 50.977339714765549 837.6166074052453 4.1171120256185523 3.5169760882854462 30.41497115790844 3.0507481768727294
leaf_count=32 3178 1303 139 648 42 2240 50 56 436 175 137 136 20 262 22 1256 91 259 95 30 90 31 626 45 207 3802 36 30 263 26
internal_value=0 -0.0017678 0.00167623 -0.00122038 -0.000779997 0.00319547 0.000974591 0.00578632 0.00336889 0.00285807 -0.000829858 0.00338121 -0.006522 -0.000693657 0.00243504 -0.000893898 0.000813696 0.00321639 -0.00120059 0.00551769 -0.00287173 -0.00253362 -0.00108247 0.000566781 -0.0022294 0.000767674 -0.00545809 -0.00229088 -0.00393183 0.00471973
internal_weight=2980.54 1450.72 1529.82 1263.67 998.217 482.748 1047.07 33.5651 474.449 404.165 49.9647 354.2 8.29889 989.933 59.1786 930.754 1013.51 93.9583 32.0523 61.906 265.455 252.953 128.44 919.547 61.2355 858.312 187.049 41.0998 36.9827 6.56772
internal_count=15763 7813 7950 6155 4760 3176 4774 195 3124 2688 312 2376 52 4718 284 4434 4579 434 145 289 1395 1305 657 4145 252 3893 1658 355 319 56
is_linear=0
shrinkage=0.01


Tree=208
num_leaves=31
num_cat=0
split_feature=13 13 6 13 11 19 15 4 17 22 15 16 27 18 18 28 28 29 11 6 16 4 9 26 26 28 20 11 20 25
split_gain=86.9139 29.3157 17.7555 8.43794 7.39435 7.78842 10.19 9.00325 6.0999 6.22225 5.93279 6.3874 6.41203 5.87928 7.11586 8.90213 6.41121 6.35007 10.4428 5.5156 5.37966 5.16404 5.07312 5.27143 5.03869 9.69886 5.69042 5.03186 4.92532 5.51996
threshold=0.35062728803480409 -0.53541070459289875 1.3702784339322898 -1.2401268835255583 0.87954787430796932 0.86508633864473328 0.65436867725171988 1.2442281603739944 -0.51483665675642964 -0.81270224720609552 -1.2841223038673384 -0.74463894967385091 -1.1053143998625017 2.0541403363358097 1.5520742114146362 0.1845476561736013 -0.62695139516712894 0.18733522896815222 0.56422351038878582 1.3118789048395516 1.8648439073546266 -0.078394721287375943 0.26282098856749952 1.0224315978858731 -1.3616249460294172 -1.4923029842326445 -0.40295707485834914 1.7587636700087916 0.9454742960657575 -0.29363255072823097
decision_type=2 2 2 2 2 2 2 2 2 2 2 2 2 2 2 2 2 2 2 2 2 2 2 2 2 2 2 2 2 2
left_child=1 3 4 22 5 8 7 -7 9 -2 -5 12 -12 14 17 16 -16 18 -3 -10 -13 -17 23 -1 25 -6 -26 -19 -15 -30
right_child=2 13 -4 10 24 6 -8 -9 19 -11 11 20 -14 28 15 21 -18 27 -20 -21 -22 -23 -24 -25 26 -27 -28 -29 29 -31
leaf_value=0.0046976690763080066 0.0036069321473025336 -2.8383753178641616e-05 -0.0054249923162854171 0.0071294745912459257 -0.0092173207028071347 0.0087960263835209027 -0.0080300353307935952 -0.0085120572822546901 -0.0028409431286677343 -0.0011134521296487046 0.0077229356072027423 0.0011517968663140982 0.0026301610289457705 -0.011806090131298961 0.0055432215090163509 0.0057161802133944006 -0.0053433379543240114 0.00067844666454439995 -0.0031689335433441835 0.0030003643566668863 0.0056926090106054665 0.017768575302186184 0.0011727483051339701 0.010985515019048871 0.0042043190138113173 0.0060290102280069428 -0.0051349009171267933 0.0094837155649709522 0.0069321388794119964 -0.0065000225769856592
leaf_weight=95.41395078599453 34.43169042468071 468.41940630972385 186.31187921762466 21.667760744690895 6.1470438167452839 21.275115281343467 5.9877564907073966 3.3578852117061606 295.13408572226763 145.36096161603928 29.99030315130949 609.99456957727671 149.0255733281374 7.384020701050761 10.544568076729776 11.664474263787271 10.899254724383352 468.99822269380093 136.95003594458103 16.856679491698742 27.308766037225723 5.4069591462612143 34.322818242013454 15.888653635978697 6.7056201547384253 12.395601354539393 120.64275712519884 6.5031425058841696 4.7219644188880929 8.1550782620906794
leaf_count=761 172 1957 1658 122 38 106 36 25 1559 784 171 3270 823 32 44 48 46 1967 575 116 140 23 237 132 36 70 732 28 20 35
internal_value=0 0.00108378 -0.00269273 0.00234849 -0.00192882 -0.00136952 0.00350569 0.00637134 -0.00167576 -0.0002024 0.00195986 0.00182056 0.00349277 -6.99971e-06 8.8979e-05 0.00430739 0 -6.07975e-05 -0.000740914 -0.00252128 0.0013488 0.00967296 0.00457508 0.0056133 -0.00392239 0.000898751 -0.00463238 0.000802942 -0.00533315 -0.00148198
internal_weight=2977.87 2123.26 854.607 983.612 668.295 522.404 30.6208 24.633 491.783 179.793 837.987 816.319 179.016 1139.65 1119.39 38.5153 21.4438 1080.87 605.369 311.991 637.303 17.0714 145.625 111.303 145.891 18.5426 127.348 475.501 20.2611 12.877
internal_count=15763 10431 5332 5656 3674 2798 167 131 2631 956 4526 4404 994 4775 4688 161 90 4527 2532 1675 3410 71 1130 893 876 108 768 1995 87 55
is_linear=0
shrinkage=0.01


Tree=209
num_leaves=31
num_cat=0
split_feature=13 13 0 7 13 4 6 11 5 8 29 9 3 27 9 9 27 8 3 3 17 16 22 19 11 7 27 21 26 21
split_gain=85.3051 28.8011 18.5287 8.42416 7.94593 9.70059 8.95383 5.16584 6.36232 5.1315 11.637 8.25865 8.39698 8.26248 6.20197 8.86742 7.94547 4.91798 5.50016 6.35334 5.0112 6.22939 5.88934 4.77249 9.23156 6.92975 5.19985 7.62202 4.76138 4.58723
threshold=0.35062728803480409 -0.5865845569544762 1.5056581414354833 -1.8833623066310501 -1.2401268835255583 -0.61486526245988682 -0.77371383506239377 1.0865669608022952 -0.071844429995668146 -0.01217641471029967 -0.14418316673239598 1.0523686891795991 1.8940789944553924 -1.2007232516018915 0.67870953002306178 -0.13717747978579506 0.46165459308493234 -0.16629217021304846 -0.92986555393022674 0.23542446727700603 -0.71750934699946745 -1.6991650905982654 1.8157015762784863 0.86508633864473328 0.86038557559219075 1.1166219713346397 1.136261794696557 -0.10344840408702861 1.036530820201303 -1.3608442492694244
decision_type=2 2 2 2 2 2 2 2 2 2 2 2 2 2 2 2 2 2 2 2 2 2 2 2 2 2 2 2 2 2
left_child=1 3 7 -1 28 6 -6 23 -9 17 11 13 -13 -11 15 -12 -16 20 -19 -20 22 -22 -3 26 25 -25 29 -28 -5 -2
right_child=2 9 -4 4 5 -7 -8 8 -10 10 14 12 -14 -15 16 -17 -18 18 19 -21 21 -23 -24 24 -26 -27 27 -29 -30 -31
leaf_value=0.0080316502596394744 0.00085126578267754477 0.0019399935242667796 -0.0060128063985064005 0.0037096888516129725 0.0022014096011061255 0.0058815978952608088 -0.0003172441501745031 0.0079679433150625558 -0.0043355142063099122 -0.0001617264775270269 -0.0016262432436658727 3.5035601972958073e-05 0.013857774657729513 -0.0044567590772142439 0.0022888389394759953 0.0031383629932721568 -0.0029784119277052974 -0.0042409913810206486 0.0066360218697322287 0 0.0095340904879879628 -0.0005608483015061013 -0.0069861930601152348 0.010147551763687904 -0.0056172680950540132 0.00014125187580187696 0.0034423797436727811 -0.0025962634724141375 0.0093546348099960968 -0.0025909588175029854
leaf_weight=25.83035945892334 42.063790023326874 196.1022471934557 139.03008108586073 123.76348402351141 511.99398961663246 54.783807173371315 193.91709296405315 4.2137899026274672 117.81848836690187 66.213549792766571 54.177274957299232 47.787692427635193 4.7566675543785086 141.63317203521729 44.45409207046032 137.42460483312607 79.494613975286484 8.5842657536268216 39.332022488117218 22.535761952400208 6.1177274435758582 338.19069103896618 7.5409301966428748 13.023052111268045 11.915437519550322 15.087878957390783 41.7887162566185 41.529114104807377 17.330312177538872 426.74990537762642
leaf_count=181 220 847 1405 949 2979 248 908 25 705 275 227 198 20 591 185 576 329 36 163 94 26 1423 33 65 67 80 217 221 143 2327
internal_value=0 0.00107368 -0.00267022 0.00239555 0.00223213 0.00182517 0.00150816 -0.00201737 -0.00389631 4.6062e-05 -0.000632192 -0.00219745 0.0013293 -0.00309404 0.000656567 0.00178576 -0.00108093 0.000679362 0.00316627 0.00421537 0.000357267 -0.00037586 0.00160128 -0.00162788 0.00169012 0.00483189 -0.00187049 0.000420974 0.00441626 -0.00227986
internal_weight=2975.18 2121.96 853.22 927.619 901.789 760.695 705.911 714.19 122.032 1194.35 575.942 260.391 52.5444 207.847 315.551 191.602 123.949 618.404 70.4521 61.8678 547.952 344.308 203.643 592.158 40.0264 28.1109 552.132 83.3178 141.094 468.814
internal_count=15763 10431 5332 5408 5227 4135 3887 3927 730 5023 2401 1084 218 866 1317 803 514 2622 293 257 2329 1449 880 3197 212 145 2985 438 1092 2547
is_linear=0
shrinkage=0.01


Tree=210
num_leaves=31
num_cat=0
split_feature=14 0 0 11 5 5 26 24 24 3 7 19 14 23 0 1 1 16 24 3 24 16 24 23 6 29 29 29 8 7
split_gain=83.766 26.9314 16.8764 6.45579 8.48743 8.84702 7.63291 6.00653 7.72082 5.73996 6.14318 5.78009 5.61476 5.47485 5.24817 5.74607 8.3461 8.35448 5.80629 5.19718 4.9207 6.33769 5.63952 4.86091 5.02464 4.80985 4.52192 5.38453 4.18892 8.13818
threshold=-0.10743644587334983 1.2912659232832424 -0.83221870665800235 1.0865669608022952 -0.071844429995668146 0.19042865046764187 2.2588333577626121 1.1244693938908663 0.96537217277969189 -0.84278581836037514 0.65194143189825671 -0.94255945439018396 -1.4277551419103394 1.2785517868054301 1.9936709866747886 -0.47363475646237096 -0.56915962098731698 -0.20416939932780237 0.4964978666405479 -1.712625837704745 0.8427833237364567 1.0453436005570826 0.019388742576929758 -0.77828204590944827 -0.2542761649913618 1.2920741050340416 -1.4538052641068682 -1.3045759223616369 -1.3909906803772123 -0.92020186819365002
decision_type=2 2 2 2 2 2 2 2 2 2 2 2 2 2 2 2 2 2 2 2 2 2 2 2 2 2 2 2 2 2
left_child=2 3 12 6 -5 -6 7 8 -2 10 26 23 -1 -9 15 16 18 -18 -3 -14 22 -22 -13 -11 -25 -7 -4 -28 -21 -30
right_child=1 14 9 4 5 25 -8 13 -10 11 -12 20 19 -15 -16 -17 17 -19 -20 28 21 -23 -24 24 -26 -27 27 -29 29 -31
leaf_value=0.0070577930493609256 -0.00089947760704109998 -0.005205741625486102 0.008376035097768221 0.010406778826799121 -0.014112061886668645 -0.0035245050357944801 -0.0098489595913164169 0.0019689766111992942 -0.0055349015699920701 -0.0106412394765334 -0.0058839823025018901 0.00028322981513403961 0.0070291997978521835 -0.0053425031476113096 -0.0079042172263053389 -0.0053774957978652109 -0.00010601934578160416 0.02330441665308268 0.002659545313894529 -0.00036626432469995479 -0.00195498672541925 0.0029098952978707667 0.0022702376855199282 0.0018824489376722264 -0.0056123212074131248 0.0021878297691349555 -0.0053756291067606852 0.002658864596800379 0.0059983862327414594 0.0022048861523769453
leaf_weight=31.082074284553528 819.21607262641191 30.977184951305389 13.051431745290754 4.4266436100006095 7.3555996567010871 135.03936785459518 9.3567035496234876 109.03208777308464 37.599032357335091 7.179147243499755 8.5850970298051816 393.09148797392845 26.228972643613815 11.147436633706091 50.004135616123676 118.50637459754944 3.5214579328894615 2.4786631986498824 13.185721039772032 47.403746612370014 128.95783807337284 33.568429812788963 225.55986793339252 18.877277672290802 16.632683649659157 16.253307044506073 8.611660882830618 166.67441703379154 66.005058422684669 412.8420721590519
leaf_count=315 3866 259 62 24 38 722 48 508 179 32 37 1698 189 54 549 992 29 21 113 304 557 144 976 84 68 85 39 761 457 2553
internal_value=0 -0.00181784 0.00155013 -0.00120449 -0.00304966 -0.00343774 -0.000898135 -0.00081039 -0.00110468 0.000773188 0.00230762 0.000404975 0.0029071 0.0012786 -0.00503523 -0.00417458 -0.00130783 0.00962445 -0.00283411 0.00267054 0.000602002 -0.000942866 0.00100956 -0.00317007 -0.00160588 -0.00290319 0.00268926 0.00225559 0.00245011 0.00273102
internal_weight=2972.45 1368.1 1604.35 1149.43 163.075 158.648 986.351 976.995 856.815 1020.79 196.923 823.867 583.562 120.18 218.674 168.669 50.163 6.00012 44.1629 552.48 781.178 162.526 618.651 42.6891 35.51 151.293 188.338 175.286 526.251 478.847
internal_count=15763 7487 8276 5524 869 845 4655 4607 4045 4458 899 3559 3818 562 1963 1414 422 50 372 3503 3375 701 2674 184 152 807 862 800 3314 3010
is_linear=0
shrinkage=0.01


Tree=211
num_leaves=31
num_cat=0
split_feature=13 13 0 13 7 24 18 18 28 28 29 11 9 0 4 11 5 18 5 24 11 0 20 25 19 11 7 27 21 21
split_gain=82.4257 27.8219 18.1226 8.13014 6.91076 5.84186 5.78309 6.96965 8.68106 6.27908 6.13892 10.1083 5.0281 5.45425 5.02256 5.01544 6.11368 4.93065 8.28147 10.8279 4.9251 4.884 4.83594 5.37247 4.68399 9.0551 6.75412 5.1079 7.4626 4.49939
threshold=0.35062728803480409 -0.53541070459289875 1.5056581414354833 -1.2401268835255583 -1.7634358873629057 -0.34135600066029365 2.0541403363358097 1.5520742114146362 0.1845476561736013 -0.62695139516712894 0.18733522896815222 0.56422351038878582 0.26282098856749952 -1.22770983041226 -0.078394721287375943 1.0865669608022952 -0.071844429995668146 -0.17198893352721281 0.47951448826871285 -0.38545797181717362 1.7587636700087916 -0.93379210330125495 0.9454742960657575 -0.29363255072823097 0.86508633864473328 0.86038557559219075 1.1166219713346397 1.136261794696557 -0.10344840408702861 -1.3608442492694244
decision_type=2 2 2 2 2 2 2 2 2 2 2 2 2 2 2 2 2 2 2 2 2 2 2 2 2 2 2 2 2 2
left_child=1 3 15 12 5 -5 7 10 9 -9 11 -3 -1 -14 -10 24 -17 18 -4 -20 -12 -7 -8 -24 27 26 -26 29 -29 -2
right_child=2 6 17 4 -6 21 22 8 14 -11 20 -13 13 -15 -16 16 -18 -19 19 -21 -22 -23 23 -25 25 -27 -28 28 -30 -31
leaf_value=0.0055275313934599014 0.00085257586325126968 -2.7359837631474707e-05 -0.0048961570415119986 0.01240369658065359 0.0017197850091972059 0.0074099469414061082 -0.011720674168907347 0.0054912714237386109 0.0056480671794187677 -0.0052844700035340666 0.00066652108652375181 -0.0031182177460959359 0.0031902641711098988 -0.0065210612550768354 0.017524672655982673 0.0077338296496308389 -0.0042748913614142547 -0.0074613332568977779 -0.0068986408918854129 0.020263899642092222 0.0093718017968661988 -0.0017287921275538809 0.0068157093312534289 -0.0064351523875804065 0.010023937873037099 -0.0055689459402957428 0.00015200770460639098 0.0034155542417323597 -0.0025609482459821109 -0.0025570072095455459
leaf_weight=110.19895231723785 42.055907234549522 468.30426098406315 47.471163719892502 10.808281265199183 801.47290156781673 13.231774047017096 7.3599146604537991 10.546276122331621 11.658956453204157 10.889178752899168 468.86027033627033 136.84787537157536 26.90779297798872 7.2233664095401755 5.4262870997190467 4.2519561424851409 117.29332391917706 84.669844336807728 2.5891173779964447 3.0690158978104582 6.5126266628503791 10.10338167846203 4.7252507954835901 8.1447628885507548 13.069341123104097 11.873631611466406 15.079427391290663 41.827796816825867 41.449620313942432 425.92704778164625
leaf_count=893 220 1957 488 70 4311 94 32 44 48 46 1967 575 193 44 23 25 705 863 24 30 28 51 20 35 65 67 80 217 221 2327
internal_value=0 0.00105544 -0.00262941 0.00229078 0.00190972 0.00632095 -6.36954e-06 8.87701e-05 0.00426329 0 -5.95069e-05 -0.000728372 0.0044872 0.00109274 0.0095583 -0.001985 -0.00384056 -0.00595179 -0.00351781 0.00775692 0.000789833 0.00342 -0.00529289 -0.00147793 -0.00160129 0.00168573 0.00479016 -0.00184201 0.000429376 -0.00224835
internal_weight=2969.85 2119.22 850.627 979.946 835.616 34.1434 1139.28 1119.05 38.5207 21.4355 1080.53 605.152 144.33 34.1312 17.0852 712.828 121.545 137.799 53.1293 5.65813 475.373 23.3352 20.2299 12.87 591.283 40.0224 28.1488 551.26 83.2774 467.983
internal_count=15763 10431 5332 5656 4526 215 4775 4688 161 90 4527 2532 1130 237 71 3927 730 1405 542 54 1995 145 87 55 3197 212 145 2985 438 2547
is_linear=0
shrinkage=0.01


Tree=212
num_leaves=31
num_cat=0
split_feature=13 13 0 7 4 6 15 0 8 29 20 1 20 25 20 10 10 20 20 1 11 10 24 15 10 26 3 18 4 8
split_gain=80.8963 27.327 17.9213 8.24029 7.66613 13.1529 7.46122 5.83231 4.96765 11.2769 6.82652 9.85595 9.58964 5.95394 8.89401 7.1168 5.00934 5.16782 10.6124 6.8033 4.93655 5.29781 6.24507 7.81028 7.57569 5.48633 5.31641 4.89673 6.45642 5.74426
threshold=0.35062728803480409 -0.5865845569544762 1.5056581414354833 -1.8833623066310501 -0.61486526245988682 -0.77371383506239377 -0.89206047173973202 -1.4207684488009822 -0.01217641471029967 -0.14418316673239598 0.77115898619817225 -0.34215969983038003 -0.1371310486605444 0.13470478192181365 0.13650282954957318 0.78747478176483032 -1.5420047789943683 -1.1346317417202096 -0.93861581486224333 -0.051543856883890425 1.0865669608022952 -1.02718420785937 -0.89228818470765059 -0.1528088243717621 -1.5893964454146128 -2.2185620176344876 1.3767915233014187 -0.17198893352721281 2.127397519029822 0.75108708451726314
decision_type=2 2 2 2 2 2 2 2 2 2 2 2 2 2 2 2 2 2 2 2 2 2 2 2 2 2 2 2 2 2
left_child=1 3 20 -1 5 7 -7 -5 16 10 12 -12 -10 14 -11 -15 -3 19 -19 -18 21 22 23 -2 -24 -23 -27 28 29 -4
right_child=2 8 27 4 -6 6 -8 -9 9 13 11 -13 -14 15 -16 -17 17 18 -20 -21 -22 25 24 -25 -26 26 -28 -29 -30 -31
leaf_value=0.0079442227430089538 0.01241441348435487 -0.0026795073057042092 -0.0026679643216377027 0.0071303034106051204 0.0058124336794437483 -0.0047641204344361148 0.00052136044424078945 0.0024169455259227934 0.00055189874965398743 -0.0033071599548539442 0.0064565334369504927 -0.001608994669482692 -0.0049343040731766779 0.0010632857975120403 0.0051586002810774566 -0.0026041848646323295 0.0038554581801367193 -0.0035361148749553603 0.0010066694616198111 -0.0020072742494827091 -0.0038103015327752999 -0.011331061209890685 -0.0022029243198638695 -0.0018442002823045598 -0.0078657621871114879 -0.0011835271494284453 0.0048504671339753133 -0.0074299279845300419 -0.0086111392394549336 0.0089335038236917109
leaf_weight=25.528112523257732 4.8729712516069439 41.439470559358597 31.397142738103867 27.599403597414494 54.625192955136299 31.846880942583084 161.86200624704361 622.55497159808874 43.342875078320503 15.874669313430784 18.491851389408112 81.65843953192234 116.78410302102566 168.5989650785923 54.02638441324234 76.964179888367653 100.94566406309605 59.024635627865791 392.45827880501747 24.30446095764637 121.28350717574358 5.1064084619283667 58.876078516244888 16.53845439106226 40.280032873153687 450.20338088274002 14.936145007610319 84.180336393415928 16.769523218274117 4.8163001462817183
leaf_count=181 26 180 310 293 248 145 763 3778 180 66 77 340 487 708 225 318 449 250 1640 103 730 27 308 88 229 2441 78 863 188 44
internal_value=0 0.00104556 -0.00260735 0.00233667 0.00217536 0.00193808 -0.000344454 0.00261963 4.53816e-05 -0.000622053 -0.00216331 -0.000104837 -0.00344365 0.000646688 0.00321975 -8.26911e-05 0.000668622 0.000911348 0.000409902 0.00270914 -0.00196716 -0.00158652 -0.00345982 0.00139702 -0.00451901 -0.00110346 -0.000986619 -0.00591984 -0.00349226 -0.00107711
internal_weight=2967.19 2117.93 849.26 924.017 898.488 843.863 193.709 650.154 1193.91 575.741 260.277 100.15 160.127 315.464 69.9011 245.563 618.173 576.733 451.483 125.25 712.097 590.813 120.568 21.4114 99.1561 470.246 465.14 137.163 52.983 36.2134
internal_count=15763 10431 5332 5408 5227 4979 908 4071 5023 2401 1084 417 667 1317 291 1026 2622 2442 1890 552 3927 3197 651 114 537 2546 2519 1405 542 354
is_linear=0
shrinkage=0.01


Tree=213
num_leaves=31
num_cat=0
split_feature=13 6 13 11 5 15 6 8 5 15 5 23 28 27 23 3 4 23 26 22 7 21 24 24 28 11 29 2 28 24
split_gain=79.4163 27.0268 15.1604 7.99163 7.96249 10.7259 8.12236 7.84094 7.56197 7.54997 7.05366 13.6 8.432 6.72926 6.56802 8.25453 5.74697 5.58628 9.48112 9.30306 5.42762 5.35354 5.1389 9.50417 6.11936 13.24 4.83596 6.81861 5.03035 4.82827
threshold=-0.16815839961206672 1.3702784339322898 -0.93344357127992417 -0.89042356208121431 1.0000000180025095e-35 -1.3546015001367715 0.30582897594186192 -2.2496634428690121 -1.5719223820329289 -1.1913460608846258 -0.011776971277908988 -0.13261448955884023 -0.37143219201812022 1.4316887241315486 0.35465462224737948 0.64173167563686395 -1.4621215136833963 -1.2487761168908771 -0.25516727182833537 -1.3479198312592418 -0.056876769982944199 0.45264559141540922 0.89041467527087381 0.96537217277969189 0.07625307544714717 -1.0000000180025095e-35 1.6627410372038227 0.57192788465764843 -1.2418427558176131 -1.6654939649022691
decision_type=2 2 2 2 2 2 2 2 2 2 2 2 2 2 2 2 2 2 2 2 2 2 2 2 2 2 2 2 2 2
left_child=2 4 3 8 5 20 9 -4 -1 -6 11 12 -5 -11 15 -12 -16 18 -9 -20 -2 -13 -3 -24 25 -25 28 -28 -8 -7
right_child=1 22 7 10 6 29 26 17 -10 13 14 21 -14 -15 16 -17 -18 -19 19 -21 -22 -23 23 24 -26 -27 27 -29 -30 -31
leaf_value=0.0015360418576614069 0.012955617136502031 -0.0061810634473396043 0.009149355163840963 -0.0019431947942876629 -0.0074142623877346981 -0.0042813830454357894 -0.0071706317740647257 0.0078942148131904109 -0.017431892034115003 0.00021853017283873923 0.0011003119064155872 0.0090283025825934095 0.0041518776804750322 -0.006192706680422465 0.01076868134452128 0.0056381619209767654 -0.00045006003507814217 0.00058837953757731674 -0.0043732681985313342 0.0036847405199957367 0.001187484709486285 0.0046029567203857745 0.012127806332482911 -0.0082490498864051937 -0.0056809779422661976 0.019836489677601859 0.012733654575331516 -0.0018976517829409247 -0.0028335639777961482 -0.00037292269539461291
leaf_weight=4.7220237255096436 8.7204301804304141 142.706498041749 11.346933901309965 36.56722704321146 15.455719485878943 33.424406051635742 29.672572560608387 29.015187099575996 3.5491861104965192 232.76370230317116 81.251809075474739 59.687001511454582 58.866795234382153 17.496522575616837 4.6971123442053786 80.421809263527393 94.140965111553669 955.24846845120192 21.32782344520092 42.873886868357658 7.4573830962181082 53.605771563947201 4.08682857453823 3.443102665245533 29.803559899330139 3.0556053295731536 4.4999839067459098 10.03236450999975 306.84760845452547 577.71868333220482
leaf_count=31 39 1303 71 256 64 160 171 138 21 992 517 437 413 74 50 504 558 4334 94 199 37 389 36 30 263 26 20 61 1785 2690
internal_value=0 -0.00169869 0.00157694 0.0030571 -0.0011695 -0.000374173 -0.00197662 0.000908867 -0.00659467 -0.000652393 0.00323073 0.00460454 0.00180639 -0.000228001 0.00212482 0.00336586 8.33297e-05 0.000817867 0.00315569 0.000989678 0.00763299 0.00694912 -0.00528633 -0.0020928 -0.00375011 0.00490534 -0.00297562 0.00262069 -0.00322097 -0.000588984
internal_weight=2964.51 1427.18 1537.32 477.51 1244.09 627.321 616.768 1059.81 8.27121 265.716 469.238 208.727 95.434 250.26 260.512 161.674 98.8381 1048.47 93.2169 64.2017 16.1778 113.293 183.096 40.3891 36.3023 6.49871 351.053 14.5323 336.52 611.143
internal_count=15763 7751 8012 3176 6093 2926 3167 4836 52 1130 3124 1495 669 1066 1629 1021 608 4765 431 293 76 826 1658 355 319 56 2037 81 1956 2850
is_linear=0
shrinkage=0.01


Tree=214
num_leaves=31
num_cat=0
split_feature=13 13 0 13 15 16 24 27 18 18 28 28 27 27 9 0 4 18 5 24 20 28 24 16 19 24 24 20 28 22
split_gain=77.9949 26.4439 17.5948 7.89766 5.87419 6.25069 6.56118 6.35309 5.6625 6.85319 8.49092 6.17469 5.87085 7.57861 4.96401 5.342 4.89603 4.87907 8.01076 10.4166 4.75243 4.6378 4.43915 4.4228 4.41171 4.37956 6.15226 7.90163 9.00859 6.02693
threshold=0.35062728803480409 -0.53541070459289875 1.5056581414354833 -1.2401268835255583 -1.2841223038673384 -0.74463894967385091 -0.70897696538268573 -1.1053143998625017 2.0541403363358097 1.5520742114146362 0.1845476561736013 -0.62695139516712894 -0.37955328684136352 -0.52401503501316749 0.26282098856749952 -1.22770983041226 -0.078394721287375943 -0.17198893352721281 0.47951448826871285 -0.38545797181717362 0.9454742960657575 0.35236577349288684 -0.82584630820075844 -0.051166897678476597 2.0141434408133359 1.1244693938908663 -0.53511323262294819 0.47771813352392306 0.97062876567144751 0.70130845657059504
decision_type=2 2 2 2 2 2 2 2 2 2 2 2 2 2 2 2 2 2 2 2 2 2 2 2 2 2 2 2 2 2
left_child=1 3 25 14 21 7 -7 -6 9 12 11 -11 13 -3 -1 -16 -12 18 -4 -20 -10 -5 -14 -17 -22 26 27 28 -2 -27
right_child=2 8 17 4 5 6 -8 -9 20 10 16 -13 22 -15 15 23 -18 -19 19 -21 24 -23 -24 -25 -26 29 -28 -29 -30 -31
leaf_value=0.0054487720193403541 3.9739054025399267e-05 -0.00048769522582590877 -0.004807861660711941 0.002556346254021459 0.0076125332825345898 0.0031102683375534741 0.00069216914448091862 0.0025202360828663261 -0.011629776536019321 0.0054513162464104991 0.0055917335488718731 -0.0052359838170039086 -0.0012913539944646938 -0.0046315993488569357 0.0031188009864898543 -0.014124774437605568 0.017310474047310814 -0.0073782399253757847 -0.0068704348894958493 0.019697118060856764 0.0040621220814997736 0.012018334381926401 0.00089529961184251535 0.0011506668653067926 -0.0075306636446053022 0.0013608507988962487 -0.0029817022477389324 -0.0035838119392704944 0.015041039305011593 -0.0045922907755351003
leaf_weight=109.18612425029278 138.90375375747681 369.10926552116871 46.942310854792595 11.518522188067438 29.693031504750252 146.41481511294842 487.56715980172157 148.02003674954176 7.3340287506580379 10.547436207532884 11.654135435819628 10.88138075172901 111.29578164219856 50.180937811732292 26.744520552456379 3.6424285918474197 5.442583054304122 83.378453284502029 2.5768700540065765 3.1234298124909392 6.6644002348184568 9.9570381939411146 549.64519779384136 3.589060276746749 6.2004972100257874 76.112015917897224 398.18072695285082 71.593128815293312 4.0264198109507552 21.788225263357162
leaf_count=893 750 1545 488 66 171 791 2619 823 32 44 48 46 470 210 193 22 23 863 24 30 28 56 2302 22 27 399 2217 418 21 122
internal_value=0 0.00102661 -0.00256482 0.00223415 0.00185884 0.00172007 0.0012526 0.0033805 -7.74127e-06 8.63448e-05 0.00422557 0 -6.0729e-05 -0.000987011 0.00440857 0.00103024 0.00945941 -0.0058624 -0.00343312 0.00760323 -0.0052429 0.00702507 0.000525437 -0.00649474 -0.00146311 -0.00193147 -0.00224525 -0.000872902 0.000479546 2.2409e-05
internal_weight=2961.91 2115.29 846.625 976.333 833.171 811.695 633.982 177.713 1138.96 1118.76 38.5255 21.4288 1080.23 419.29 143.162 33.976 17.0967 136.021 52.6426 5.7003 20.1989 21.4756 660.941 7.23149 12.8649 710.604 612.704 214.523 142.93 97.9002
internal_count=15763 10431 5332 5656 4526 4404 3410 994 4775 4688 161 90 4527 1755 1130 237 71 1405 542 54 87 122 2772 44 55 3927 3406 1189 771 521
is_linear=0
shrinkage=0.01


Tree=215
num_leaves=31
num_cat=0
split_feature=14 6 13 11 11 5 4 6 14 19 11 26 4 3 21 9 6 28 28 18 24 24 28 11 26 9 17 11 15 26
split_gain=76.6068 25.4675 15.7711 9.73483 7.83387 7.31745 7.062 7.68394 14.7011 7.03912 7.31662 6.93915 6.79912 6.53704 7.34024 6.87432 5.91046 5.28952 10.1678 5.22083 5.09243 9.32161 6.02047 12.8362 4.74645 5.87876 4.74121 8.3296 5.84278 3.90634
threshold=-0.10743644587334983 1.3702784339322898 -0.93344357127992417 0.94569495704815076 -0.89042356208121431 -1.5719223820329289 -0.98416724242392839 -1.0122027741500486 -1.0164125741696377 -1.7748127735981989 -1.7963180581216613 2.2588333577626121 -1.0281964850652294 1.3767915233014187 0.42908623424195563 0.44556783749379175 1.2943721144945686 -0.13830973798857696 -0.18760927700693744 1.3427555204356627 0.89041467527087381 0.96537217277969189 0.07625307544714717 -1.0000000180025095e-35 -1.9636516463454465 0.86224578108648753 0.52952747883032469 -0.12071602160712339 0.74310363569236226 -0.17301389155658373
decision_type=2 2 2 2 2 2 2 2 2 2 2 2 2 2 2 2 2 2 2 2 2 2 2 2 2 2 2 2 2 2
left_child=2 3 4 11 5 -1 7 12 -9 10 -4 13 -6 15 -15 -2 17 18 -5 -19 -3 -22 23 -23 25 -11 28 -28 -26 -8
right_child=1 20 9 16 6 -7 29 8 -10 24 -12 -13 -14 14 -16 -17 -18 19 -20 -21 21 22 -24 -25 26 -27 27 -29 -30 -31
leaf_value=0.0014997831428988288 -0.00026249952769860722 -0.0061232136249272798 -0.0062383800785923054 -0.0018463814149846272 0.0028182566083086681 -0.017118705961597161 0.0029068665441837104 0.0045172495146477386 -0.0063603234315839806 0.007379169442390838 0.0064059576301788079 -0.010194991240459457 0.0085484354675391481 -0.00063957229478230646 0.010600044051716032 -0.0021124871819552214 -0.010138414683163163 -0.0060007101420979751 0.012270155157574091 -0.0012108747137733319 0.011998214613816859 -0.0082019451306223831 -0.0056251851706267302 0.019416925211178 0.0014906416958173363 -0.0040681762054344322 -0.0038722536207820104 0.00031100964809630346 -0.00069557158992756608 0.007939019231941475
leaf_weight=4.7098631113767624 650.23686977475882 141.57604854553938 5.0605873838067046 88.526128619909286 326.4318178370595 3.5819401144981367 25.075502812862396 24.256139971315861 25.19518655538559 20.476235017180446 36.995872296392918 7.6886092722415915 22.265797629952431 12.309102803468706 10.631246015429495 291.58425762504339 11.525479152798651 66.103703327476978 5.303009368479251 35.651907928287983 4.1071509942412368 3.4127616435289383 29.599794991314411 3.0945279002189627 572.26423390209675 5.5449108332395545 57.628557771444321 269.61680087447166 154.6892124786973 44.244888409972191
leaf_count=31 2995 1303 24 471 2240 21 157 158 154 92 210 40 136 62 49 1544 85 353 30 200 36 30 263 26 2588 23 257 1181 725 279
internal_value=0 -0.00174309 0.00148497 -0.00120479 0.00301138 -0.00653212 0.00318416 0.00266562 -0.00100629 0.000836778 0.00484957 -0.000784003 0.00318937 -0.000706917 0.0045492 -0.000836474 -0.00317439 -0.00275393 -0.00102569 -0.00433516 -0.00522779 -0.00204325 -0.0036968 0.00487589 0.000679187 0.00489531 0.000573716 -0.000423574 0.00102403 0.00613994
internal_weight=2959.39 1361.35 1598.04 1179.56 475.761 8.2918 467.469 398.149 49.4513 1122.28 42.0565 972.45 348.698 964.761 22.9403 941.821 207.11 195.585 93.8291 101.756 181.79 40.2142 36.1071 6.50729 1080.22 26.0211 1054.2 327.245 726.953 69.3204
internal_count=15763 7487 8276 5829 3176 52 3124 2688 312 5100 234 4690 2376 4650 111 4539 1139 1054 501 553 1658 355 319 56 4866 115 4751 1438 3313 436
is_linear=0
shrinkage=0.01


Tree=216
num_leaves=31
num_cat=0
split_feature=13 13 0 7 4 14 26 14 18 5 26 8 29 20 20 1 8 16 17 10 20 13 14 11 5 10 24 10 18 26
split_gain=75.3092 25.5558 17.2478 8.1512 7.6213 11.642 8.76346 6.56352 4.85992 7.84894 14.02 4.81839 10.2512 6.17332 10.4426 9.69573 6.036 6.02116 5.64199 5.06451 5.79354 5.26564 4.93768 4.75211 6.03407 5.20166 6.12274 7.49009 5.63868 5.43007
threshold=0.35062728803480409 -0.5865845569544762 1.5056581414354833 -1.8833623066310501 -0.61486526245988682 -0.69888820447341071 0.24148207236462535 -1.4277551419103394 -0.17198893352721281 0.47951448826871285 -0.27292757386238736 -0.032046911698346871 -0.14418316673239598 0.77115898619817225 -0.1371310486605444 -0.34215969983038003 -0.063604493246296218 -1.3394885671042311 -0.71750934699946745 -1.5420047789943683 -1.1346317417202096 -0.39557803490526539 -1.0000000180025095e-35 1.0865669608022952 -0.071844429995668146 -1.02718420785937 -0.89228818470765059 -1.5893964454146128 -1.0327814241126003 -2.2185620176344876
decision_type=2 2 2 2 2 2 2 2 2 2 2 2 2 2 2 2 2 2 2 2 2 2 2 2 2 2 2 2 2 2
left_child=1 3 23 -1 5 7 -7 -5 9 -4 -11 16 13 14 -13 -15 19 -14 -19 21 -21 -3 -18 25 -25 26 28 -28 -2 -27
right_child=2 11 8 4 -6 6 -8 -9 -10 10 -12 12 17 15 -16 -17 22 18 -20 20 -22 -23 -24 24 -26 29 27 -29 -30 -31
leaf_value=0.0078677140952249456 0.01075790544671811 -0.013449658103312754 -0.0047475888513530363 0.007028126047135568 0.0057334389260744346 0.0012910616393649219 -0.0042432741224889027 0.0021403171192901152 -0.0073263045967451122 -0.010488348746262614 0.020587554941117445 0.00081333078953516242 0.0061296705882639283 0.0064047416610079578 -0.0048281996097195223 -0.0015952783325423811 0.002207748306716406 -0.003697742439785795 0.00072196198400628674 0.0026505740425386715 0.00019999158226522044 -0.0016328963581188434 0.014102698272783208 0.0078016561427717707 -0.0041489458379610272 -0.011258765893283873 -0.0021345881518666943 -0.0077824449829720253 -0.0013338186800807498 -0.0009298527833347302
leaf_weight=25.264331139624119 4.8940770179033306 4.1721367537975302 46.588171996176243 28.741353765130043 54.436106026172638 66.782101407647133 49.701401725411415 694.51233362406492 82.581954874098301 2.3825687244534492 3.340579390525817 44.976730391383171 18.409087628126144 18.491391286253929 118.18637363612652 81.632458359003067 9.3035338670015317 32.190432786941528 271.37170697748661 124.86443215608597 428.09561404585838 35.869872644543648 5.7846537679433814 4.2387107238173476 116.1936614587903 5.0672908574342719 58.645229868590832 39.967744246125221 16.483944550156593 463.72876657545567
leaf_count=181 24 20 488 298 248 300 218 4163 863 23 31 187 77 77 493 340 39 134 1134 551 1793 154 24 25 705 27 308 229 90 2519
internal_value=0 0.00100874 -0.00252466 0.00226163 0.00210126 0.00186396 -0.00106338 0.00233688 -0.00580484 -0.00337448 0.00752086 4.24849e-05 -0.000604272 -0.00206829 -0.00326741 -0.000102899 0.000666599 0.000590072 0.00024893 0.000505257 0.000755547 -0.00291948 0.00689682 -0.00189863 -0.00371391 -0.00152506 -0.0033859 -0.00443935 0.00142498 -0.00104601
internal_weight=2956.9 2112.79 844.113 919.438 894.173 839.737 116.484 723.254 134.893 52.3113 5.72315 1193.35 585.258 263.287 163.163 100.124 608.09 321.971 303.562 593.002 552.96 40.042 15.0882 709.219 120.432 588.787 119.991 98.613 21.378 468.796
internal_count=15763 10431 5332 5408 5227 4979 518 4461 1405 542 54 5023 2442 1097 680 417 2581 1345 1268 2518 2344 174 63 3927 730 3197 651 537 114 2546
is_linear=0
shrinkage=0.01


Tree=217
num_leaves=31
num_cat=0
split_feature=6 13 0 13 9 18 20 17 20 29 15 16 15 16 15 16 17 10 25 15 28 28 19 21 26 21 21 17 23 29
split_gain=74.1088 27.845 15.0292 7.70764 6.43655 9.70857 8.09112 9.41718 7.95446 7.45156 8.67066 7.1431 5.79633 6.118 5.89558 5.36686 5.34389 5.01374 6.25891 4.76788 4.68193 4.60485 4.51016 4.25305 6.37813 5.478 6.94265 7.8495 4.91864 3.72379
threshold=0.4631431373058536 -0.53541070459289875 1.5741023380619106 -1.2401268835255583 0.45388732896799172 1.9193107479087457 0.58865754441974694 -0.24287486285086979 -0.018291979642816956 -1.4538052641068682 -0.92386926064594743 1.8100321249095308 -1.2841223038673384 -0.74463894967385091 -0.79739514958396474 1.8648439073546266 0.15365655482639687 -0.16177704083546354 -0.091270123527604941 -1.1251975895351494 -1.013353338448141 0.35236577349288684 0.34731391474627832 -1.9362156112875433 0.2306785990952567 -1.6631778787016638 -1.3802887956093917 -0.76351435599521611 -0.37701210211273006 0.0533918639859935
decision_type=2 2 2 2 2 2 2 2 2 2 2 2 2 2 2 2 2 2 2 2 2 2 2 2 2 2 2 2 2 2
left_child=1 3 23 17 5 6 11 -8 -6 16 -11 -3 21 14 -14 -15 -10 20 19 -19 -1 29 -20 24 -2 -25 27 -27 -28 -5
right_child=2 4 -4 12 8 -7 7 -9 9 10 -12 -13 13 15 -16 -17 -18 18 22 -21 -22 -23 -24 25 -26 26 28 -29 -30 -31
leaf_value=0.001390612064071357 0.014240633642062499 0.0004433516895228161 -0.0060907469480082077 -0.0034042560283109812 -0.008997097091208715 -0.009094042562279768 -0.0050816950890744715 0.0064705997053710329 -0.00063113266158915712 0.0045231843641966377 -0.00096106229112320589 -0.0055660918570128847 -0.00037846952342373739 0.0010105285521929811 0.0042116965248568256 0.0055629084034393211 -0.0094440474494992058 -0.011493037122274247 0.0087828340995957151 0.00093370301472707007 0.0078911035840113723 0.011957475396466393 0.0016371913915778288 -0.0087463955369109139 -0.0034055215094433394 0.013683416316248016 -0.003563444213114685 6.9170465145827607e-05 -0.0016229961145896457 0.0078440453762922031
leaf_weight=14.838466621935366 3.8214690387248984 769.97003851830959 114.15219870209694 5.3801997303962725 12.374278694391249 10.496436029672621 8.3580015003681165 40.653665125370026 12.174526631832125 31.502346739172935 324.36660857498646 20.184496507048607 34.294726088643074 605.34003727138042 142.70446646213531 27.088662713766098 16.576855435967445 3.2594118267297736 20.114192202687263 37.925354681909084 49.478264056146145 9.8716062158346158 16.492984779179096 12.644232861697672 4.0824807807803154 5.3158395439386394 205.27899108082056 20.12311290204525 369.37436263263226 6.0964322239160538
leaf_count=130 21 3242 1220 31 55 46 35 171 52 132 1397 85 182 3270 812 140 72 21 157 260 438 56 124 72 23 28 1186 117 2153 35
internal_value=0 0.000911306 -0.00275245 0.00217915 -7.74039e-05 0.000412894 0.000534069 0.00447388 -0.00112912 -0.000871109 -0.000471641 0.00028789 0.00180855 0.00167072 0.00331696 0.00120795 -0.00576208 0.00433588 0.00260102 -5.09984e-05 0.00641139 0.00695555 0.00560391 -0.00213595 0.00507258 -0.00223138 -0.00209101 0.00299566 -0.00231841 0.00250065
internal_weight=2954.33 2219.54 734.793 972.885 1246.66 849.663 839.166 49.0117 396.995 384.62 355.869 790.155 830.776 809.428 176.999 632.429 28.7514 142.109 77.7919 41.1848 64.3167 21.3482 36.6072 620.64 7.90395 612.737 600.092 25.439 574.653 11.4766
internal_count=15763 10943 4820 5656 5287 3579 3533 206 1708 1653 1529 3327 4526 4404 994 3410 124 1130 562 281 568 122 281 3600 44 3556 3484 145 3339 66
is_linear=0
shrinkage=0.01


Tree=218
num_leaves=31
num_cat=0
split_feature=6 13 0 13 8 29 15 29 16 7 26 15 8 9 7 11 24 28 6 18 26 22 16 10 29 0 19 15 26 11
split_gain=72.7399 27.3392 14.8697 7.6059 7.19703 8.81906 6.81672 7.18039 6.88187 6.67961 6.91793 6.15198 5.93774 5.66921 11.5121 6.7063 5.28465 7.47582 10.827 8.81923 7.3723 5.0743 7.7736 4.96334 6.19926 5.96504 5.20051 4.94125 8.37729 12.4674
threshold=0.4631431373058536 -0.53541070459289875 1.5741023380619106 -1.2401268835255583 -0.01217641471029967 -0.29673719680139449 1.4424220804694519 -0.96163894946145045 1.1612879362994224 -1.7634358873629057 0.48935615762686485 -1.2841223038673384 -1.4705223768713307 -0.19445629626269051 0.55057196811647835 1.3886963324981236 1.1244693938908663 0.78325642489928904 1.0168877584531477 0.46541018567740422 1.3104726863374239 0.29147882540658382 0.70270882866154671 -0.16177704083546354 0.33936227165343685 -1.3968373785588175 0.34731391474627832 -0.86663662935666719 -0.59122880081121598 1.0000000180025095e-35
decision_type=2 2 2 2 2 2 2 2 2 2 2 2 2 2 2 2 2 2 2 2 2 2 2 2 2 2 2 2 2 2
left_child=1 3 16 23 27 6 8 -8 -6 10 -5 -11 -12 15 -15 -7 -2 18 19 -18 -20 22 -19 -1 25 -25 -26 28 29 -3
right_child=2 4 -4 9 5 13 7 -9 -10 11 12 -13 -14 14 -16 -17 17 21 20 -21 -22 -23 -24 24 26 -27 -28 -29 -30 -31
leaf_value=0.0063774403249476155 -0.0024876612032414948 0.0030306954705433763 -0.0060590562317676148 0.0094376260319527696 -0.002001480545845848 -0.0045964465542663929 -0.0028795191069526404 0.008624802519704074 -0.0066542525641082205 0.0069119784568617429 -0.006152643447702659 0.0014578767871923791 0.0082432745271962624 0.0031252315358985378 -0.00078675082003386678 0.0070020363808927571 0.0035021117427681586 -0.0024690046116744957 -0.0058150445054576186 0.016653883997182393 0.010161717685768431 -0.0071019342226579284 0.012344322500197019 0.0093923643749950353 0.01032247513336086 -0.00085519703587743972 0.0015004719702801828 0.0002733854743275138 0.0045302683286470883 -0.0095035601211976971
leaf_weight=64.016860738396645 533.90605332702398 22.019518792629242 113.60503286123276 22.043675251305103 192.18922993540764 40.120977431535721 10.226086705923082 11.156815141439436 38.406575873494148 21.270689204335213 6.7194343954324722 775.17652606219053 4.8392415493726713 116.50034545361996 211.28503097593784 5.5389628559350959 18.429120942950252 21.242299929261211 14.983889430761339 7.1531320065259925 3.4437284544110289 16.643568210303783 4.1475912109017363 6.4172626212239257 15.090705625712873 43.613166406750679 12.532225608825682 513.14757713675499 73.692085593938828 12.233868524432181
leaf_count=568 3123 92 1220 142 816 167 45 48 164 122 42 4189 31 490 906 23 87 116 95 38 22 96 23 66 121 280 95 2181 305 50
internal_value=0 0.000902749 -0.00272957 0.00216008 -7.66886e-05 -0.000834557 -0.00228001 0.00308867 -0.0027833 0.0017921 0.00616401 0.00160564 -2.07592e-05 0.000138421 0.000601112 -0.00315537 -0.00211696 0.000171905 0.0030601 0.00726898 -0.00273662 -0.00282845 0 0.0043062 0.00257981 0.000455395 0.00637595 0.000684866 0.00262963 -0.00143154
internal_weight=2951.79 2218.24 733.554 971.72 1246.52 625.424 251.979 21.3829 230.596 830.05 33.6024 796.447 11.5587 373.445 327.785 45.6599 619.949 86.0433 44.0099 25.5823 18.4276 42.0335 25.3899 141.67 77.6534 50.0304 27.6229 621.093 107.945 34.2534
internal_count=15763 10943 4820 5656 5287 2659 1073 93 980 4526 215 4311 73 1586 1396 190 3600 477 242 125 117 235 139 1130 562 346 216 2628 447 142
is_linear=0
shrinkage=0.01


Tree=219
num_leaves=31
num_cat=0
split_feature=6 13 0 13 9 18 20 20 29 15 16 11 15 16 24 15 24 28 6 18 23 26 23 22 19 24 26 26 10 29
split_gain=71.3973 26.8417 14.7108 7.50662 6.24021 9.48805 7.91282 7.84336 7.27252 8.45639 6.96728 6.79434 5.6322 6.00914 6.44462 5.79822 5.19171 7.33014 10.4723 9.49223 7.42267 7.153 6.3443 9.95315 7.89344 7.31906 5.75482 5.62803 4.91115 6.11653
threshold=0.4631431373058536 -0.53541070459289875 1.5741023380619106 -1.2401268835255583 0.45388732896799172 1.9193107479087457 0.58865754441974694 -0.018291979642816956 -1.4538052641068682 -0.92386926064594743 1.8100321249095308 0.94569495704815076 -1.2841223038673384 -0.74463894967385091 -0.70897696538268573 -0.79739514958396474 1.1244693938908663 0.76924864834079965 1.0168877584531477 0.46541018567740422 -0.99008265622573199 1.3104726863374239 -0.38573289009942807 -0.71555487360790893 1.2070040335872909 0.9784877143049856 -0.76350127526277234 1.5019629607071718 -0.16177704083546354 0.33936227165343685
decision_type=2 2 2 2 2 2 2 2 2 2 2 2 2 2 2 2 2 2 2 2 2 2 2 2 2 2 2 2 2 2
left_child=1 3 16 28 5 6 10 -6 -9 -10 -3 -8 -5 15 -15 -14 22 18 19 -18 27 -20 23 26 25 -24 -2 -19 -1 -30
right_child=2 4 -4 12 7 -7 11 8 9 -11 -12 -13 13 14 -16 -17 17 20 21 -21 -22 -23 24 -25 -26 -27 -28 -29 29 -31
leaf_value=0.0063434315359590663 0.0028331309812342372 0.00043652528039133081 -0.0060274209976143344 0.0068684551501174626 -0.0089328003552335694 -0.0090031766950175434 0.0069874569726449702 -0.0056910811040870061 0.0044703525183075205 -0.00094477290915951381 -0.0055001655922244765 -0.00091868681586001685 -0.00039063855863640277 0.0030271124552877478 0.00062540843903725353 0.0041637297412748702 0.0033172572832777755 0.012737546264419492 -0.0057161545090257584 0.017071403790577932 -0.004868132649067671 0.010003007734279317 -0.0007191489499956624 -0.0060650116298595581 -0.0057708289499331621 -0.0087386241390011148 -0.0029187729736130166 -0.0031776565022548181 0.00045107317197547522 0.0063409259877319039
leaf_weight=63.718507863581181 22.482374273240566 769.90711994469166 113.06253556162119 21.192447394132614 12.348596006631849 10.47043791413307 33.215746805071831 28.711562797427177 31.515206098556519 324.26217018067837 20.172721922397614 15.791621387004851 34.275750249624252 145.71297515928745 485.88096409291029 142.25871372967958 18.047003239393238 4.7051388472318632 14.788816601037981 7.0357756167650214 34.061944752931595 3.4648628979921332 282.60821583867073 102.04420773684978 40.299009948968887 11.795023299753664 73.984138809144497 3.9260305836796761 50.006452463567257 27.501632623374462
leaf_count=568 132 3242 1220 122 55 46 139 124 132 1397 85 67 182 791 2619 812 85 23 94 37 195 22 1633 596 261 71 430 21 346 216
internal_value=0 0.0008943 -0.00270691 0.00214119 -7.59229e-05 0.00040681 0.000526482 -0.00111173 -0.000855684 -0.000461163 0.000283004 0.00442282 0.00177581 0.00164018 0.00118147 0.00327408 -0.00209816 0.000170395 0.00307503 0.00726751 -0.00275494 -0.00263966 -0.00246601 -0.0038858 -0.00162003 -0.0010467 -0.00156634 0.00543024 0.00427697 0.00255929
internal_weight=2949.25 2216.94 732.305 970.547 1246.4 849.558 839.087 396.838 384.489 355.777 790.08 49.0074 829.321 808.128 631.594 176.534 619.243 86.0296 43.3365 25.0828 42.6931 18.2537 533.213 198.511 334.702 294.403 96.4665 8.63117 141.227 77.5081
internal_count=15763 10943 4820 5656 5287 3579 3533 1708 1653 1529 3327 206 4526 4404 3410 994 3600 477 238 122 239 116 3123 1158 1965 1704 562 44 1130 562
is_linear=0
shrinkage=0.01


Tree=220
num_leaves=31
num_cat=0
split_feature=14 6 13 28 9 0 4 13 17 24 28 7 23 7 26 6 6 26 25 24 24 28 19 10 25 23 13 6 18 28
split_gain=70.1663 23.9858 14.6864 9.0093 7.05764 7.00114 6.52942 7.30933 6.07182 6.26338 10.0699 5.86732 5.6996 5.73459 5.66796 6.70922 5.35412 7.86475 6.76614 5.11882 9.16462 6.00799 8.54645 4.86105 6.03535 4.8524 11.325 7.18936 4.81506 4.68849
threshold=-0.10743644587334983 1.3702784339322898 -0.93344357127992417 -1.8522961559545836 0.44556783749379175 -1.0711477814053965 -0.98416724242392839 -1.2401268835255583 -0.44038207104179689 0.8427833237364567 -0.34806669562768738 -1.4330552254207951 0.8896274914173351 0.77094723629642925 -2.1258471139241313 -0.99036836514040638 0.82740736638734935 1.6717668312760676 -1.187451569956169 0.89041467527087381 0.96537217277969189 0.07625307544714717 -0.28524721888674959 -0.16177704083546354 -0.091270123527604941 -1.1950418080285716 -1.146903852683387 -1.1420760822811282 -0.91533613293622873 -1.013353338448141
decision_type=2 2 2 2 2 2 2 2 2 2 2 2 2 2 2 2 2 2 2 2 2 2 2 2 2 2 2 2 2 2
left_child=2 3 6 -2 16 -4 7 23 14 11 -11 -10 13 -6 -7 -16 18 -18 -5 -3 -21 22 -22 29 -25 26 -9 -27 -14 -1
right_child=1 19 5 4 12 8 -8 25 9 10 -12 -13 28 -15 15 -17 17 -19 -20 20 21 -23 -24 24 -26 27 -28 -29 -30 -31
leaf_value=0.0012640381244398856 -0.0054361572978913839 -0.00599380473864977 0.01162689574720469 0.002865897638448306 -0.003336432629016446 0.010929421463410511 0.0057342858391594489 0.0072149419235947457 -0.0035365090346501367 -0.0082059901492000514 -0.0005853215089867452 0.00093701528068933562 -0.011611759914366523 -0.00055741850874484688 -0.0068905763135126185 0.0018198746773655486 -0.0022951728526220908 0.0096523625537283161 -0.00033713054066273409 0.012061573681097516 -0.0077380310020877694 -0.0054860432147763047 0.015048164336425439 -5.9521976676521744e-05 0.0055097856622666717 5.8655948373196259e-05 -0.0053570796580347637 0.003650160592116342 -0.0035956463422981894 0.0078037381208530213
leaf_weight=14.686286509037016 47.13676168769598 139.04204971343279 5.8526319190859786 76.612929701805115 111.11258731037378 6.5822405070066443 69.905763790011406 9.6553998440504056 30.801696479320526 19.766164436936378 139.84644536674023 547.53148911893368 8.6366683542728406 227.08846319466829 8.9239234626293165 360.93033687770367 168.39412094652653 5.570167437195777 468.89067777991295 4.0944263935089102 2.7862162068486214 29.092186413705349 3.6524109691381446 41.154545351862907 36.219298981130123 106.08064407110214 26.568890914320946 118.70566114038229 62.638939522206783 48.736256070435047
leaf_count=130 229 1303 43 330 577 30 443 60 151 86 627 2423 50 1265 50 1690 971 31 2028 36 23 263 33 281 281 630 162 751 348 438
internal_value=0 -0.00167265 0.00142351 -0.00115268 -0.000972486 0.00079888 0.00290431 0.00240816 0.000740077 0.00021126 -0.00153986 0.000696459 -0.00202093 -0.00147411 0.00177375 0.0016052 -0.000374186 -0.00190155 0.000111327 -0.00508715 -0.00187349 -0.00353672 0.00506731 0.00424746 0.00253835 0.00141092 -0.0019679 0.00196049 -0.0045959 0.0063095
internal_weight=2946.7 1354.75 1591.95 1176.08 1128.94 1120.23 471.713 401.807 1114.38 737.946 159.613 578.333 409.477 338.201 376.437 369.854 719.468 173.964 545.504 178.667 39.6252 35.5308 6.43863 140.796 77.3738 261.011 36.2243 224.786 71.2756 63.4225
internal_count=15763 7487 8276 5829 5600 5100 3176 2733 5057 3287 713 2574 2240 1842 1770 1740 3360 1002 2358 1658 355 319 56 1130 562 1603 222 1381 398 568
is_linear=0
shrinkage=0.01


Tree=221
num_leaves=31
num_cat=0
split_feature=6 6 0 5 18 23 17 24 23 7 0 24 28 29 6 23 22 19 24 21 21 26 16 18 16 29 16 19 22 19
split_gain=68.9535 25.7374 14.4629 7.36293 6.64926 6.1832 7.03377 7.64726 7.38903 6.57698 5.53664 5.08397 7.21319 8.95288 7.32204 6.24355 9.8478 7.78793 7.22808 5.95498 5.7647 5.67244 5.30408 5.18565 4.98909 4.80056 4.47877 4.47741 8.03544 11.0715
threshold=0.4631431373058536 -0.77371383506239377 1.5741023380619106 -1.7220508952257851 -0.64922994784706956 -0.82842520305780531 -0.74321898692767518 0.90550326424997085 -1.7156399611190267 -1.8145214723525787 -1.4207684488009822 1.1244693938908663 0.47052675583299214 1.0377615145003702 1.1057685030578208 -0.38573289009942807 -0.71555487360790893 1.2070040335872909 0.9784877143049856 -0.72507952370763429 0.32867182702189385 -0.76350127526277234 0.70270882866154671 0.16513386349751927 -0.26434007506938789 -1.6723410258549416 -0.58537996904004619 -0.17183001519774047 -1.2579752873942243 -0.56030701216987377
decision_type=2 2 2 2 2 2 2 2 2 2 2 2 2 2 2 2 2 2 2 2 2 2 2 2 2 2 2 2 2 2
left_child=1 10 11 4 24 6 8 -8 -5 -7 -1 15 14 22 19 16 21 18 -17 -13 -15 -2 -14 -16 -3 -11 -19 28 29 -12
right_child=2 3 -4 5 -6 9 7 -9 -10 25 27 12 13 20 23 17 -18 26 -20 -21 -22 -23 -24 -25 -26 -27 -28 -29 -30 -31
leaf_value=0.0068580628522600653 0.0028375818090746519 0.0033109352041837802 -0.0059728171282004529 -0.0045436323354982175 -0.0066754941568443003 0.0070251820102420846 0.0015450703867118277 -0.0029486933008756318 0.0064003354296327791 0.004404000592268459 -0.0075145160522486236 0.014353371331161482 -0.005914258970185997 0.011795473211391563 -0.010013399359560134 -0.00069292603220828884 -0.0060116371350343954 0.0027991330634196151 -0.0086845372170230983 0.0033726027878313415 -0.0039786520216846281 -0.0028756758458467167 0.002807333837182421 0.0042331709525081189 0.011299589276572177 -0.00041686222990065705 -0.0070099091724216238 0.0016546645018579835 0.0039858056242732098 0.0063133158543616352
leaf_weight=28.53887602686882 22.475220166146755 33.314466223120689 112.12817032635212 7.038406863808631 5.0628832131624213 12.163617655634878 191.69930885732174 46.987776532769203 42.227759823203087 20.892418622970581 14.640507474541666 7.2764592617750194 33.924150869250298 6.550581678748129 5.312546141445635 282.16249408572912 101.60541518032551 5.1549449414014807 11.726641431450842 16.32294625043869 3.3738305196166039 73.776272773742676 8.534222908318041 4.6421825066208839 10.461837999522684 1187.0896770209074 34.955585591495037 381.91092569380999 222.93933015316725 9.3832760900259
leaf_count=315 132 166 1220 31 26 67 833 202 186 92 89 37 189 36 36 1633 596 34 71 82 20 430 48 29 56 5099 227 2238 1487 56
internal_value=0 0.000878682 -0.00266521 0.000177386 0.00399501 5.28338e-05 0.00137118 0.000655379 0.00481053 -0.000257563 0.00253775 -0.0020624 0.000183395 -0.00212189 0.0038076 -0.00242712 -0.00383822 -0.00158732 -0.00101805 0.0068468 0.00634706 -0.00152966 -0.00413523 -0.00329432 0.00526429 -0.000332299 -0.00572057 0.00233904 0.00339223 -0.00206837
internal_weight=2944.27 2214.35 729.922 1556.94 48.8392 1508.1 287.953 238.687 49.2662 1220.15 657.413 617.793 85.9369 52.3828 33.5541 531.857 197.857 334 293.889 23.5994 9.92441 96.2515 42.4584 9.95473 43.7763 1207.98 40.1105 628.874 246.963 24.0238
internal_count=15763 10943 4820 6758 248 6510 1252 1035 217 5258 4185 3600 477 293 184 3123 1158 1965 1704 119 56 562 237 65 222 5191 261 3870 1632 145
is_linear=0
shrinkage=0.01


Tree=222
num_leaves=31
num_cat=0
split_feature=13 6 13 11 26 11 8 4 6 14 4 23 22 25 28 8 6 27 29 11 29 11 24 24 28 11 3 28 9 11
split_gain=67.7844 24.3672 13.0231 7.84443 8.16366 7.65629 7.56274 7.02766 7.52033 14.476 6.84282 6.27007 10.0565 10.3489 8.42097 5.95833 5.68446 5.13168 8.54117 5.1316 11.4361 8.00066 5.09253 8.95249 5.93677 12.3433 5.07643 6.93767 5.20687 4.8075
threshold=-0.17323375705407607 1.3702784339322898 -0.93344357127992417 0.84585253963159157 2.2588333577626121 -0.89042356208121431 -2.2496634428690121 -0.98416724242392839 -1.0122027741500486 -1.0164125741696377 -1.0281964850652294 -1.2487761168908771 -1.3257526343604407 0.59495047920632615 1.3995665608348944 -1.3511596021413348 1.2943721144945686 -0.084138249407840315 -0.078746071964621092 -0.3857852676636222 1.8016365126981977 -0.14521297687912094 0.89041467527087381 0.96537217277969189 0.07625307544714717 -1.0000000180025095e-35 1.3767915233014187 -0.020407024246975106 -0.11112975475528249 1.3306965204690984
decision_type=2 2 2 2 2 2 2 2 2 2 2 2 2 2 2 2 2 2 2 2 2 2 2 2 2 2 2 2 2 2
left_child=2 3 5 4 26 15 -4 8 10 -10 -7 12 13 -8 -14 -1 17 29 -19 20 -13 -21 -3 -24 25 -25 28 -28 -2 -5
right_child=1 22 6 16 -6 7 11 -9 9 -11 -12 19 14 -15 -16 -17 -18 18 -20 21 -22 -23 23 24 -26 -27 27 -29 -30 -31
leaf_value=0.0010929336538784654 4.4876692035078875e-05 -0.0059377819564581146 0.0090165724019737378 -0.0057801839728146764 -0.01059653007240987 0.0026602359111269659 0.0025778882090556842 0.0059999871766794636 0.0043888917483930938 -0.0064447751465219671 0.0084427994806933523 0.0021322619858978493 0.0069201688149124483 -0.0097154485341575322 -0.0048750647817609565 -0.015605240811950607 -0.0093380801708111676 0.010733659601080772 -0.0014438783021370875 -0.0024187295740017377 -0.012091507899044618 0.00054056981450272912 0.011907229804300246 -0.0080437775957889236 -0.0054258318564416467 0.019160014393695725 0.010744237296821071 -0.00063976166754192005 -0.0014242459103800122 -0.0017827951546112745
leaf_weight=4.4525599032640457 483.936264783144 137.98560095578432 11.145268969237803 59.641579896211624 8.1121430695056898 322.27043304592371 21.162407025694851 68.395519807934761 23.983791574835777 25.103400260210037 21.989680662751198 232.34450337290764 54.322964400053024 9.9645683169364911 6.6366633623838416 3.8159841597080213 11.985549315810202 5.9353601187467566 120.87198098003864 107.89510209113359 5.6765846461057654 592.13633075356483 4.1184673979878417 3.3184575363993645 28.879762791097164 3.118110127747058 9.1868763491511363 12.255594059824942 478.42793207615614 62.80396530777216
leaf_count=28 2204 1303 71 300 42 2240 96 436 158 154 136 1119 257 45 30 24 90 31 626 499 26 2631 36 30 263 26 44 58 2412 348
internal_value=0 -0.00156006 0.00147685 -0.00106775 -0.000660233 0.0028593 0.000851672 0.00303203 0.00251203 -0.001133 0.00303485 0.000761497 0.00325215 -0.00134402 0.00561377 -0.00658827 -0.00261043 -0.0022793 -0.000858006 0.000515608 0.0017839 8.27475e-05 -0.00502911 -0.00181732 -0.00347517 0.00507326 -0.000576217 0.00421845 -0.000684513 -0.00374116
internal_weight=2941.87 1430.58 1511.3 1253.16 991.919 470.011 1041.28 461.743 393.347 49.0872 344.26 1030.14 92.0866 31.127 60.9596 8.26854 261.238 249.253 126.807 938.053 238.021 700.031 177.42 39.4348 35.3163 6.43657 983.807 21.4425 962.364 122.446
internal_count=15763 7813 7950 6155 4760 3176 4774 3124 2688 312 2376 4703 428 141 287 52 1395 1305 657 4275 1145 3130 1658 355 319 56 4718 102 4616 648
is_linear=0
shrinkage=0.01


Tree=223
num_leaves=31
num_cat=0
split_feature=6 6 0 5 14 18 29 21 8 28 18 19 10 3 17 18 5 24 21 16 25 19 16 19 6 10 8 12 18 11
split_gain=66.6991 20.7433 17.7848 5.75484 5.48504 5.10659 4.97611 9.53228 9.13475 7.91853 6.51026 8.42077 4.97184 5.69159 6.52105 4.95142 7.80116 9.91692 4.92004 8.0168 5.03055 4.86902 4.74371 5.60693 4.49224 4.24697 4.46473 4.1427 6.0362 10.5021
threshold=0.22355410446815371 -0.78267091142507572 1.5056581414354833 -1.7220508952257851 -1.4277551419103394 -0.64922994784706956 -0.0363862225808304 0.040303732654953885 -0.53234887212774862 1.3318346389505356 2.0541403363358097 1.7824958525877312 0.84015143804648462 1.6501769122210141 -0.18058522712713301 -0.17198893352721281 0.47951448826871285 -0.38545797181717362 2.0786526298039703 1.7605593776774884 0.61688257147234671 2.0141434408133359 -0.46503531256405534 -1.6917925992879594 -0.64225409780397535 1.469445742505874 -0.60028662354391005 0.95765307335167105 -0.20126328656419643 1.0004162281918296
decision_type=2 2 2 2 2 2 2 2 2 2 2 2 2 2 2 2 2 2 2 2 2 2 2 2 2 2 2 2 2 2
left_child=1 4 21 5 -1 22 7 8 -5 -9 11 -8 18 14 -14 16 25 -18 20 -20 -6 27 23 -3 -12 26 -4 -2 -29 -30
right_child=2 3 15 6 12 -7 10 9 -10 -11 24 -13 13 -15 -16 -17 17 -19 19 -21 -22 -23 -24 -25 -26 -27 -28 28 29 -31
leaf_value=0.0067450736209822976 -0.0010542837948867834 0.0061342380790359984 -0.0066456857173608124 0.0031023380486756877 0.0033013693451662647 -0.0054996195990525193 0.00075464143012816053 -0.0012538162686902585 -0.00040817504604584134 -0.0076618282054356918 0.0015470469437284945 0.0072214025667807595 0.0022505746075195728 0.0093683298818385136 -0.0068585131622266992 -0.0071635676653524641 -0.0066682212490605632 0.019429499735836755 0.0010382809452240533 -0.015343808193529858 0.00120846458944963 -0.0068001902008419258 0.010004014581909479 -0.003323510819802747 -0.010277034523301351 -0.010096127279023481 0.0004846592103750496 -0.0043760725969177088 0.00049610095249316612 -0.0064359626415409201
leaf_weight=29.454224482178688 569.64290946722031 16.53800680488348 16.009555906057354 110.41351974010468 397.90979392081499 4.979062244296073 629.53826348483562 284.98017846047878 223.92910641431808 20.685946434736252 4.8114167898893347 20.752987116575241 13.923825457692148 4.2619575709104529 17.479786038398743 80.13510750234127 2.4927636757493019 3.1491702347993842 12.111303851008413 3.8220529556274405 164.09373301267624 17.848978728055954 13.122908182442186 9.8284003213047999 8.7057062238454801 10.520349048078058 18.754595972597603 107.86497636139393 93.442731037735939 28.34318320453167
leaf_count=315 2781 88 179 486 2539 26 2712 1215 948 87 21 89 66 20 76 863 24 30 75 23 1009 115 70 48 38 109 200 726 587 198
internal_value=0 0.00103948 -0.00218276 0.000333706 0.00251743 0.00386852 0.000212093 -0.000416006 0.00074873 -0.00169311 0.00081915 0.000963634 0.00231179 -0.00129021 -0.00279363 -0.00560434 -0.003122 0.00780933 0.002536 -0.00290023 0.00269239 -0.00163213 0.00508588 0.00257173 -0.00601437 -0.00452016 -0.00277996 -0.00151463 -0.0026512 -0.00111295
internal_weight=2939.55 1991.34 948.204 1348.29 643.057 44.4684 1303.82 640.009 334.343 305.666 663.808 650.291 613.602 35.6656 31.4036 131.062 50.9264 5.64193 577.937 15.9334 562.004 817.143 39.4893 26.3664 13.5171 45.2845 34.7642 799.294 229.651 121.786
internal_count=15763 9951 5812 5828 4123 232 5596 2736 1434 1302 2860 2801 3808 162 142 1405 542 54 3646 98 3548 4407 206 136 59 488 379 4292 1511 785
is_linear=0
shrinkage=0.01


Tree=224
num_leaves=31
num_cat=0
split_feature=13 0 13 8 4 13 26 23 26 22 0 1 1 16 13 26 9 13 5 4 23 13 7 1 10 0 15 21 15 26
split_gain=65.4002 23.5139 12.8053 7.43898 6.39385 7.16442 5.42833 5.35045 9.25728 8.97178 5.14881 5.76822 8.28 8.10505 5.03582 4.8649 4.90798 4.79975 12.9199 7.30931 4.76534 11.1143 5.45863 4.2727 4.20421 8.52027 5.05449 3.93788 7.65653 3.71758
threshold=-0.16815839961206672 1.2912659232832424 -0.93344357127992417 -2.2496634428690121 -0.98416724242392839 -1.2401268835255583 2.2588333577626121 -1.2487761168908771 -0.25516727182833537 -1.3479198312592418 1.9936709866747886 -0.47363475646237096 -0.56915962098731698 -0.20416939932780237 1.3356225278686242 1.036530820201303 -0.10392639579365452 1.1881818626980938 -0.25152027409498862 0.95765307335167105 -1.1950418080285716 -1.146903852683387 -0.46425070526697798 0.24119369169642371 -1.5420047789943683 -0.91780503313130712 -0.54597388229213473 -1.3802887956093917 -0.66844100529049344 -0.17301389155658373
decision_type=2 2 2 2 2 2 2 2 2 2 2 2 2 2 2 2 2 2 2 2 2 2 2 2 2 2 2 2 2 2
left_child=2 6 4 -4 5 15 14 8 23 -10 11 12 -3 -14 17 16 -1 19 -19 -2 21 -7 -22 -5 25 -9 -26 28 -13 -6
right_child=1 10 3 7 29 20 -8 24 9 -11 -12 27 13 -15 -16 -17 -18 18 -20 -21 22 -23 -24 -25 26 -27 -28 -29 -30 -31
leaf_value=0.0056629980788164714 -0.00071716553607624955 -0.0024319478254678259 0.0089538547320538349 0.010715298008771863 0.0024889420723800608 0.0071287170315454118 -0.0075317883113914311 0.0090478666925838565 -0.0043735335316522706 0.0035493696864603731 -0.0075927374124940316 0.010682796004094067 0 0.023581524074457978 -0.0058239466481969952 0.0091888937460650917 0.0016077683146239312 -0.00056593297348663007 0.013630262648794512 -0.0035621884353359925 0.0041827880434758312 -0.0053668747399587095 0.00081001371351714581 0.002578809146442573 -0.00033211768953230836 -0.0070953134469503507 0.001185649119590402 -0.0055811998761933134 -0.0072110217364909183 0.0073905218719634291
leaf_weight=54.917127884924412 1036.4845870286226 42.567238219082355 11.060947261750696 18.041411429643635 25.175215765833855 9.5679183155298215 12.579215869307516 3.9242391586303738 21.314176395535469 42.630688369274139 46.774129167199135 4.3903659805655479 3.4113223925232887 2.4589581415057173 20.725382968783379 17.009200550615788 67.513225078582764 26.885353907942772 8.2675092071294767 99.121539264917374 70.555439785122871 26.556784503161907 153.02012054622173 10.717134490609167 351.42763742804527 16.660888969898224 580.09179919958115 104.19328483194113 4.9848324432969076 44.042422115802765
leaf_count=496 4737 372 71 89 160 60 67 28 94 199 549 39 29 21 143 149 485 170 50 621 472 162 909 49 1542 77 2687 908 45 283
internal_value=0 -0.00154983 0.00143665 0.000824715 0.00281359 0.00232168 -0.00101137 0.000736849 0.00303111 0.000890179 -0.00464848 -0.00378809 -0.000871346 0.0101288 -0.000941062 0.00415282 0.00343807 -0.000853279 0.00277366 -0.000966666 0.00133342 -0.00201917 0.00188025 0.00773726 0.000512119 -0.00394066 0.000612005 -0.00502143 0.00108735 0.00562835
internal_weight=2937.07 1412.84 1524.23 1055.87 468.357 399.14 1204.06 1044.81 92.7034 63.9449 208.78 162.006 48.4375 5.87028 1191.48 139.44 122.43 1170.76 35.1529 1135.61 259.7 36.1247 223.576 28.7585 952.105 20.5851 931.519 113.568 9.3752 69.2176
internal_count=15763 7751 8012 4836 3176 2733 5788 4765 431 293 1963 1414 422 50 5721 1130 981 5578 220 5358 1603 222 1381 138 4334 105 4229 992 84 443
is_linear=0
shrinkage=0.01


Tree=225
num_leaves=31
num_cat=0
split_feature=4 0 0 14 3 28 26 26 28 10 0 23 26 18 4 19 7 8 1 15 15 24 28 19 28 8 9 1 7 3
split_gain=64.2471 19.6723 16.8222 5.15562 5.10603 5.03948 6.62462 6.17059 8.76442 8.77617 7.50075 7.42813 6.49187 4.91379 6.50506 5.64252 9.89996 7.23003 4.91158 5.95422 6.82667 8.77887 7.49583 5.89807 5.49115 5.65805 4.90068 8.93727 6.0681 4.75695
threshold=0.048412742557612895 1.5056581414354833 -0.83221870665800235 -1.4658095375425937 -1.712625837704745 -1.8522961559545836 -1.2667072007696292 -1.2881966887469745 -0.17813398779270886 1.1818691531581309 0.81635007292352191 -1.2299663288305667 -0.035358133126132597 -0.17198893352721281 2.127397519029822 -1.2159242387252671 -0.66022775734309569 0.75108708451726314 0.14413782447498916 -1.4158155381251649 -0.54597388229213473 -0.95338634065760564 1.1575948069079416 -0.89865412439157011 -0.089089451382330473 -0.76026591844111169 0.90273223168180416 1.1297741320236563 1.5897770593459162 -0.27695972400727104
decision_type=2 2 2 2 2 2 2 2 2 2 2 2 2 2 2 2 2 2 2 2 2 2 2 2 2 2 2 2 2 2
left_child=2 5 3 -1 -5 6 -2 8 9 -7 11 -9 -12 14 15 16 -3 -17 19 -4 21 -21 -22 24 -20 -26 28 -28 -25 -16
right_child=1 13 18 4 -6 7 -8 10 -10 -11 12 -13 -14 -15 29 17 -18 -19 23 20 22 -23 -24 26 25 -27 27 -29 -30 -31
leaf_value=0.00722207584381663 -0.0082214722305204799 -0.0053034039386691571 0.0090352214478407883 0.0067734268953260372 0.0021684885822053084 0.0015526063588240219 0.0011459333593662759 0.0019281242590577614 0.011890134433632965 -0.0079183303188208216 -0.0045832445858583074 -0.0013321122222608034 -0.0015206088427111898 -0.0071080811568019018 -0.01086865441923578 -0.0042454935812604559 0.024851857192786084 0.0089482056878312927 -0.010094163407544101 -0.0041204448970090833 0.0022193590985184826 0.00057241640465348776 -0.0017379112284060271 0.00031262671415381848 0.0071020189404260503 -0.0077560137137134061 -0.004654970305405912 0.0018851708703841606 0.011169135440310536 0.0033602602648679382
leaf_weight=23.141899958252907 23.078700542449951 1.9970832765102384 9.1887538582086545 25.423225373029709 520.5949585288763 73.707477435469627 10.904563978314398 81.004082024097443 6.9711757302284232 11.170727878808973 123.95345763862133 496.97996452450752 160.06997389346361 79.326560355722904 13.094456382095812 25.921136535704139 2.1170719265937796 4.8112789690494528 11.278016179800035 49.465215027332306 379.43027833104134 202.72417919337749 54.411258026957512 438.20780520141125 5.2936153262853622 4.7832862436771375 54.225150987505913 33.617715358734131 5.1174299865961066 2.6877014786005011
leaf_count=252 120 23 40 190 3376 365 56 360 36 63 820 2293 1030 863 156 266 21 44 47 211 1678 875 238 1877 23 20 224 141 23 32
internal_value=0 -0.00188622 0.00116059 0.00258556 0.00238593 -0.00140336 -0.00519177 -0.00126681 0.00119007 0.000286528 -0.00152987 -0.000873208 -0.00286187 -0.00554501 -0.00306705 -0.00061662 0.0101982 -0.00212521 0.000509628 0.00106911 0.000959653 -0.000345361 0.00172046 -0.000192605 -0.00533308 0 1.31433e-05 -0.00214137 0.000442692 -0.00837661
internal_weight=2934.7 1117.8 1816.9 569.16 546.018 987.84 33.9833 953.857 91.8494 84.8782 862.007 577.984 284.023 129.955 50.6287 34.8466 4.11416 30.7324 1247.74 695.22 686.031 252.189 433.842 552.523 21.3549 10.0769 531.168 87.8429 443.325 15.7822
internal_count=15763 6548 9215 3818 3566 5143 176 4967 464 428 4503 2653 1850 1405 542 354 44 310 5397 3042 3002 1086 1916 2355 90 43 2265 365 1900 188
is_linear=0
shrinkage=0.01


Tree=226
num_leaves=31
num_cat=0
split_feature=6 13 0 13 8 9 19 28 7 26 7 25 15 8 23 8 19 26 19 24 28 6 23 22 19 24 26 26 9 8
split_gain=63.3325 24.0007 13.7451 6.94515 6.71044 7.97422 9.28794 6.70176 6.50192 6.88984 6.46861 6.77781 5.9918 5.87999 5.56692 6.53066 6.44869 9.12395 6.25839 5.0158 7.04578 7.09984 6.17572 9.73603 7.62419 7.15255 5.61098 4.83479 4.85299 7.78011
threshold=0.4631431373058536 -0.53541070459289875 1.5741023380619106 -1.2401268835255583 -0.01217641471029967 -0.26916941578414438 0.95869212589859065 -0.48142031300032145 -1.7634358873629057 0.48935615762686485 -0.56940442080690723 -0.55032717036243539 -1.2841223038673384 -1.4705223768713307 0.6003681098777135 -0.14672628064320173 0.34731391474627832 0.38555499175774294 -0.8573901330032575 1.1244693938908663 0.47052675583299214 1.1057685030578208 -0.38573289009942807 -0.71555487360790893 1.2070040335872909 0.9784877143049856 -0.76350127526277234 1.036530820201303 -0.10392639579365452 -0.51014709365332311
decision_type=2 2 2 2 2 2 2 2 2 2 2 2 2 2 2 2 2 2 2 2 2 2 2 2 2 2 2 2 2 2
left_child=1 3 19 27 14 6 7 -6 9 -5 -7 -12 -10 -11 15 -3 18 -18 -16 22 21 -21 23 26 25 -24 -2 28 -1 -30
right_child=2 4 -4 8 5 10 -8 -9 12 13 11 -13 -14 -15 16 -17 17 -19 -20 20 -22 -23 24 -25 -26 -27 -28 -29 29 -31
leaf_value=0.0056107998029232397 0.0028968922397014786 0.00087415171216457719 -0.0058296957896835722 0.0093245137507916073 -0.0018737906512072829 0.010442913280484186 0.0050011770660484635 -0.0088618961844552941 0.006763880734781234 -0.006277954835684032 -0.0021550358542262887 0.00022330089377808738 0.0013466529389491485 0.0081241465684373619 0.00062788861687929466 0.0050100665157441918 0.011499151115006243 -0.0048618293017240891 -0.0031908424185044817 0.006819247596441899 -0.00203220819655768 -0.0031942794421830983 -0.00062066732595676374 -0.0059228810501331334 -0.0056183727043816988 -0.0086046488203030767 -0.0027965391948077613 0.0091466384373623949 -0.0098386217698430353 0.002586207366904787
leaf_weight=54.548428766429424 22.402194291353226 392.6614091694355 109.72066380828619 21.670973792672157 26.023831069469452 5.322600156068801 9.3981533348560315 30.157900288701057 20.9887805134058 6.676963746547699 174.69923986494541 379.06397530436516 770.15157314389944 4.7672583609819394 82.870430111885071 42.383998975157738 9.29753629863262 5.1745498925447455 88.069029748439789 23.615882992744446 52.094550438225269 9.8690287023782712 280.92766175419092 100.83331261575222 39.709839999675751 11.620982252061365 73.373340465128422 16.851562097668648 5.3629382550716391 61.952308483421803
leaf_count=496 132 1660 1220 142 108 22 39 125 122 42 749 1616 4189 31 360 177 39 22 370 119 293 65 1633 596 261 71 430 149 37 448
internal_value=0 0.000841718 -0.00256598 0.00202717 -7.43892e-05 -0.000806693 -0.00410462 -0.0056518 0.00167634 0.00602136 -0.000417398 -0.000525456 0.00149247 -0.00017352 0.000661282 0.00128045 -0.00078603 0.00558738 -0.00133441 -0.00198071 0.000254558 0.00383746 -0.00234428 -0.00375225 -0.00150725 -0.000944066 -0.00145277 0.00410188 0.00338915 0.00156837
internal_weight=2932.26 2208.09 724.167 962.971 1245.12 624.666 65.5799 56.1817 824.256 33.1152 559.086 553.763 791.14 11.4442 620.457 435.045 185.412 14.4721 170.939 614.447 85.5795 33.4849 528.867 196.609 332.258 292.549 95.7755 138.715 121.864 67.3152
internal_count=15763 10943 4820 5656 5287 2659 272 233 4526 215 2387 2365 4311 73 2628 1837 791 61 730 3600 477 184 3123 1158 1965 1704 562 1130 981 485
is_linear=0
shrinkage=0.01


Tree=227
num_leaves=31
num_cat=0
split_feature=6 13 0 13 8 29 20 20 17 7 26 15 8 3 9 23 8 16 27 24 28 6 23 26 23 22 5 8 8 26
split_gain=62.1646 23.5604 13.5914 6.84971 6.5776 8.39963 9.6952 7.98676 7.70508 6.40952 6.81325 5.90407 5.77089 5.46372 5.95565 5.45636 6.40087 5.21213 6.64532 4.92607 6.93263 9.95798 7.37211 7.11399 6.07604 9.59955 6.89878 10.7194 6.06146 5.50377
threshold=0.4631431373058536 -0.53541070459289875 1.5741023380619106 -1.2401268835255583 -0.01217641471029967 -0.29673719680139449 0.77115898619817225 -0.11800375607987203 0.21597954648629816 -1.7634358873629057 0.48935615762686485 -1.2841223038673384 -1.4705223768713307 2.5040093095180826 -0.19445629626269051 0.6003681098777135 -0.14672628064320173 -1.8527791680226526 -1.3023662814387735 1.1244693938908663 0.78325642489928904 1.0168877584531477 -0.99008265622573199 1.3104726863374239 -0.38573289009942807 -0.71555487360790893 0.050635849568687462 -0.04249755688707086 -0.37891337168694122 -0.76350127526277234
decision_type=2 2 2 2 2 2 2 2 2 2 2 2 2 2 2 2 2 2 2 2 2 2 2 2 2 2 2 2 2 2
left_child=1 3 19 -1 15 6 7 -6 -8 10 -5 -11 -12 14 -7 16 -3 -17 -19 24 21 -21 28 -23 25 29 27 -26 -22 -2
right_child=2 4 -4 9 5 13 8 -9 -10 11 12 -13 -14 -15 -16 17 -18 18 -20 20 22 23 -24 -25 26 -27 -28 -29 -30 -31
leaf_value=0.0040730461405588739 0.0028636238246509656 0.00086546584477629974 -0.005798466952405483 0.009282871981144478 1.0492602881226926e-05 -0.0030833792913277265 0.0036981233512366693 -0.0052886525030941432 -0.0019174893025734499 0.006721113277831009 -0.006194581103614925 0.0013340396568636795 0.0080824303267760886 -0.010572018608171516 0.00077082955752276656 0.0054130387740633076 0.0049602240306913827 -0.0066101638076886569 -0.00051230420805418401 0.0070252840476742982 0.013153740354249441 -0.0056598314111342618 -0.0048258472062601161 0.010028864940132368 -0.0011483115420380678 -0.0058822523572892704 -0.0031390160305048466 0.0059744389612651633 -0.0033769507625100829 -0.0027726462271804721
leaf_weight=138.30783025920391 22.436815805733204 392.63729023933411 109.21157161146402 21.551553271710873 38.204628199338913 45.624481439590454 37.866528823971748 107.06984134018421 68.406331270933151 20.912133857607841 6.7003885880112648 769.66241006553173 4.7445753142237646 4.5870664417743674 322.84118860960007 12.516783744096754 42.382803156971931 20.229607492685318 152.65718176960945 25.777217447757721 4.6487193703651428 14.752753816545011 32.975104458630085 3.4602553844451895 163.70240960270166 100.51675442606211 144.12973444163799 24.146239183843136 3.9608375281095487 73.266969531774521
leaf_count=1130 132 1660 1220 142 158 190 162 455 298 122 42 4189 31 20 1376 54 177 87 650 125 23 95 191 22 926 596 900 139 21 430
internal_value=0 0.000833808 -0.00254463 0.00200927 -7.36172e-05 -0.000798691 -0.00221078 -0.00388914 7.56278e-05 0.00166102 0.00598308 0.00147863 -0.000170604 0.000151131 0.00029017 0.000654737 0.00126775 -0.000778125 -0.00123501 -0.00196318 0.000251775 0.00302643 -0.00265962 -0.00258607 -0.0023239 -0.00372216 -0.00149356 -0.000224734 0.0054825 -0.00143923
internal_weight=2929.89 2206.9 722.985 961.879 1245.02 624.6 251.547 145.274 106.273 823.571 32.9965 790.575 11.445 373.053 368.466 620.424 435.02 185.404 172.887 613.774 85.5749 43.9902 41.5847 18.213 528.199 196.221 331.978 187.849 8.60956 95.7038
internal_count=15763 10943 4820 5656 5287 2659 1073 613 460 4526 215 4311 73 1586 1566 2628 1837 791 737 3600 477 242 235 117 3123 1158 1965 1065 44 562
is_linear=0
shrinkage=0.01


Tree=228
num_leaves=31
num_cat=0
split_feature=13 13 0 7 4 14 26 14 18 5 26 22 8 10 20 20 15 1 20 8 10 27 10 8 24 24 20 28 22 16
split_gain=60.9853 20.8657 15.1236 7.79818 7.8886 10.7964 8.55435 6.05666 4.92027 7.58291 13.4901 4.35001 5.20142 4.32444 7.9666 7.30845 10.5157 6.94634 6.87029 5.77899 5.77176 5.61279 4.27669 4.44458 3.97463 6.00451 7.67185 8.80746 5.64963 7.18683
threshold=0.35062728803480409 -0.5865845569544762 1.5056581414354833 -1.8833623066310501 -0.61486526245988682 -0.69888820447341071 0.24148207236462535 -1.4277551419103394 -0.17198893352721281 0.47951448826871285 -0.27292757386238736 0.3726691265857715 0.19644271014396888 -1.5420047789943683 -1.1346317417202096 -0.93861581486224333 1.2042386607745807 -0.051543856883890425 -1.2351903574466465 -1.0021303327688196 -2.2361249801091039 -0.37955328684136352 1.469445742505874 -0.60028662354391005 1.1244693938908663 -0.53511323262294819 0.47771813352392306 0.97062876567144751 0.70130845657059504 0.56138880804490887
decision_type=2 2 2 2 2 2 2 2 2 2 2 2 2 2 2 2 2 2 2 2 2 2 2 2 2 2 2 2 2 2
left_child=1 3 24 -1 5 7 -7 -5 9 22 -11 -6 -13 20 17 16 -16 18 -15 -19 -3 -17 23 -4 25 26 27 -2 29 -26
right_child=2 13 8 4 11 6 -8 -9 -10 10 -12 12 -14 14 15 21 -18 19 -20 -21 -22 -23 -24 -25 28 -27 -28 -29 -30 -31
leaf_value=0.0076260951160802941 0.00024419513918284776 0.0045421814348642047 -0.0065199247877589508 0.006736287156779445 0.0077920561469801836 0.0011621625474736131 -0.0043137512336424997 0.0019251655517869401 -0.0070305803916226482 -0.010387294802872052 0.020415727705189648 0.0047560591222526238 -0.0069436483448911583 0.0022075192341412544 -0.0046612535012839759 -0.00087889615441442861 0.010984885447327704 -0.0075653664643509375 0.0083369825266642571 0.0021192513074712147 -0.0045370868488299725 0.00069224442603550414 -0.01003250195681127 0.00065990398652315254 -0.00039586792240565592 -0.0027501763409082964 -0.0033510116334377238 0.015100181553622595 -0.0043586168951137583 0.0065465553314108388
leaf_weight=24.439806826412678 137.39199385792017 8.3329056203365308 15.664033167064185 27.324112042784691 33.908327385783195 66.460256010293961 49.601886332035065 684.51854987442493 78.21516989171505 2.2859746292233467 3.3574228286743155 15.291545212268831 4.9020607173442832 76.518755376338959 56.794275283813477 371.10342708230019 4.5189548432826987 11.014236941933634 24.322832226753235 13.516913071274756 39.13966378569603 586.30441226065159 10.266316346824167 18.504672147333626 55.551865696907043 392.30320060253143 70.389040574431419 4.0167348310351363 21.413369230926037 20.164798140525818
leaf_count=181 750 37 179 298 155 300 218 4163 863 23 31 71 22 345 240 1549 20 47 106 57 170 2452 109 200 290 2217 418 21 122 109
internal_value=0 0.000907635 -0.00229512 0.00205097 0.00189451 0.00165059 -0.00117119 0.00211217 -0.00545434 -0.00296345 0.00780061 0.00559879 0.00184642 3.69403e-05 0.000160594 -0.000131303 -0.0034758 0.0025386 0.00370264 -0.00220151 -0.00291618 8.21778e-05 -0.00436742 -0.0026118 -0.001715 -0.00201696 -0.000653482 0.000683621 0.000152888 0.00144604
internal_weight=2927.54 2098.01 829.525 906.447 882.007 827.905 116.062 711.843 128.294 50.0784 5.6434 54.1019 20.1936 1191.57 1144.09 1018.72 61.3132 125.373 100.842 24.5312 47.4726 957.408 44.435 34.1687 701.231 604.101 211.798 141.409 97.13 75.7167
internal_count=15763 10431 5332 5408 5227 4979 518 4461 1405 542 54 248 93 5023 4816 4261 260 555 451 104 207 4001 488 379 3927 3406 1189 771 521 399
is_linear=0
shrinkage=0.01


Tree=229
num_leaves=31
num_cat=0
split_feature=14 0 13 11 28 5 12 14 21 7 0 17 8 5 17 8 11 8 23 13 28 14 14 16 26 14 3 24 17 27
split_gain=59.907 21.1694 12.7539 7.51611 7.3348 7.05441 6.97853 6.89748 14.2471 8.10798 6.78794 5.65479 6.67223 12.6713 6.46375 5.67189 8.39188 6.68239 5.57641 6.50235 7.99953 6.26495 10.9266 7.89698 5.93076 5.07564 5.71558 5.71584 5.59575 4.07041
threshold=-0.10743644587334983 1.2912659232832424 -0.93344357127992417 -0.89042356208121431 -1.8522961559545836 -1.5719223820329289 -0.98416724242392839 -1.0658488282256322 0.060495622254785879 -0.90758928645337777 -1.0711477814053965 -0.44038207104179689 0.41358463363459791 0.5183010756040719 0.71299862875647324 -0.032046911698346871 0.54258881983845453 0.089659428044103609 0.55892707099278505 0.50683963570081259 -0.96715127696397507 -0.054028832307850515 1.0000000180025095e-35 0.41273653219841372 -1.1881693726858769 2.1109096943949885 0.43929802850741634 0.071772504866812262 -0.62027396713133454 1.6970307375779303
decision_type=2 2 2 2 2 2 2 2 2 2 2 2 2 2 2 2 2 2 2 2 2 2 2 2 2 2 2 2 2 2
left_child=2 4 3 5 29 -1 7 9 -9 -5 -4 15 14 -14 -13 16 -12 -17 19 20 -6 23 -23 -20 -21 26 27 -3 -29 -2
right_child=1 25 10 6 18 -7 -8 8 -10 -11 11 12 13 -15 -16 17 -18 -19 21 24 -22 22 -24 -25 -26 -27 -28 28 -30 -31
leaf_value=0.0013096138715622729 -0.0060461084789998811 -0.0045964171109817839 0.011545859391930972 0.0062965083040474688 0.0030287511872617184 -0.017001198955070535 0.0058619970747432427 -0.00318648372344791 0.004705894649166288 0.0022417839049940196 0.002750577887298258 7.3407100757158405e-05 0.0062203451284064048 0.00045415675855988742 -0.0027784253750043337 -0.0065625802434269836 -0.009347343792673499 0.00073097306283326018 -0.011582425526954021 0.0026122073269561927 -0.0002908796629656667 0.0047424090225161872 -0.0022000476871347754 0.0013696038063551719 -0.0019548537387709215 -0.008030943069799323 -0.0062544646523463136 0.0043325211936033744 -0.0024509673387497779 0.0035483570164266628
leaf_weight=4.6472611874341965 39.847770124673843 57.155037611722946 5.6935958638787261 63.314198926091194 89.816211447119713 3.5939759612083417 67.492839530110359 56.263045147061348 38.391870647668839 230.88356951624155 257.89935194700956 291.83397449553013 43.830234944820404 292.03474976122379 108.79297974705696 14.320654183626173 5.7329907268285742 96.889475956559181 13.977804571390154 31.284784600138664 374.97385440766811 24.623660787940025 264.24939596652985 6.8483799248933783 287.8778860270977 34.516929633915424 60.850285574793816 18.785413779318333 34.041433490812778 4.7693801224231711
leaf_count=31 190 504 43 541 379 21 436 346 240 1561 1249 1334 196 1275 482 64 25 432 57 173 1590 101 1355 28 1629 427 559 169 304 22
internal_value=0 -0.00155249 0.00131906 0.00271212 -0.001018 -0.00666387 0.00288506 0.00236441 5.68585e-06 0.00311964 0.000738583 0.000681281 0.000170807 0.00121125 -0.000699032 0.00168128 0.00248026 -0.000204294 -0.000854498 -0.000403976 0.00034897 -0.00199119 -0.00160337 -0.00728936 -0.00150337 -0.00450839 -0.00378652 -0.00240754 -1.62126e-05 -0.0049925
internal_weight=2925.23 1343.62 1581.61 464.587 1138.27 8.24124 456.346 388.853 94.6549 294.198 1117.03 1111.33 736.492 335.865 400.627 374.842 263.632 111.21 1093.65 783.953 464.79 309.699 288.873 20.8262 319.163 205.349 170.832 109.982 52.8268 44.6172
internal_count=15763 7487 8276 3176 5524 52 3124 2688 586 2102 5100 5057 3287 1471 1816 1770 1274 496 5312 3771 1969 1541 1456 85 1802 1963 1536 977 473 212
is_linear=0
shrinkage=0.01


Tree=230
num_leaves=31
num_cat=0
split_feature=6 13 6 3 24 8 21 8 29 20 25 9 20 20 1 27 13 15 21 24 29 16 19 15 6 15 15 29 26 26
split_gain=58.8878 22.3655 13.2922 6.77589 8.87581 10.4466 9.50315 6.4196 8.14242 9.50344 8.46513 9.44112 9.28978 7.82824 7.17185 6.08249 5.946 5.54813 5.51259 5.73662 7.91932 7.86084 5.53121 5.67496 5.46363 5.22663 4.82038 8.20438 9.58539 6.76777
threshold=0.4631431373058536 -0.53541070459289875 1.971175875600846 -1.6739164348779523 0.40308818756990178 -1.6636571795210364 -0.13161298362608434 -0.01217641471029967 -0.29673719680139449 0.77115898619817225 0.14580267759059659 0.67870953002306178 0.13650282954957318 -0.11800375607987203 -0.51189959017767872 1.8986153690227048 -1.426278244279761 -1.2841223038673384 -1.9362156112875433 1.1085957306251191 0.94229712209283423 0.63662759051420525 1.2682406242320596 0.51319160288015897 1.3702784339322898 -0.64471023128476679 -0.86663662935666719 -1.5095662789479569 -0.59122880081121598 -0.57128515140073644
decision_type=2 2 2 2 2 2 2 2 2 2 2 2 2 2 2 2 2 2 2 2 2 2 2 2 2 2 2 2 2 2
left_child=1 3 18 4 -1 -6 -7 26 9 13 12 -12 -10 -9 -11 16 -5 -18 25 22 21 -21 24 -24 -20 -2 27 -3 -29 -28
right_child=2 7 -4 15 5 6 -8 8 10 14 11 -13 -14 -15 -16 -17 17 -19 19 20 -22 -23 23 -25 -26 -27 29 28 -30 -31
leaf_value=0.0095221687993631079 0.014172980328562772 -0.0091961620701621304 -0.0075022009778577536 0.0061914981821187091 0.011454229672636231 -0.020766005562874695 0.0012705068270569462 1.8511647969265649e-05 -0.0031503857388520428 0.0066858278154115951 0.00093350459334965612 -0.0027886285312686949 0.0042716172104869873 -0.005228444591119207 -0.00092821916848140297 0.0068572104207631325 0.0063299822002929841 0.001373575548131626 -0.0017749856565728284 -0.0041271386306436777 0.0038809116968861641 0.004180495636975954 -0.009557500551703799 -0.0029276597131696531 -0.0044446765775853093 -0.0010155427122848077 0.0018514635145904026 -0.0012327790317240117 0.0053087719870678679 -0.0005775673338708411
leaf_weight=25.164964094758034 3.9016698971390724 5.4838850796222678 49.227955363690853 28.050218492746353 4.2984211891889572 3.1891768872737885 4.6140578314661962 38.199059799313545 21.315578475594521 14.185338869690893 149.60445845127106 124.63131572306156 77.427868530154228 106.97574856877327 92.037739038467407 23.111061170697212 23.242519125342369 847.0422844812274 415.80542881041765 46.720814943313599 34.373902156949043 14.85579416900873 22.09860011190176 32.697224646806717 94.95031514018774 4.9387758299708349 172.94232642650604 32.594896718859673 69.780540958046913 339.42545893788338
leaf_count=177 24 23 610 299 33 20 32 158 89 60 629 540 328 455 400 135 141 4819 2378 282 203 91 156 240 806 30 740 135 289 1441
internal_value=0 0.000811265 -0.00248346 0.00195916 0.0061457 -0.000814094 -0.00775807 -7.22389e-05 -0.000788696 -0.00217952 0.00014641 -0.00075484 0.00265776 -0.0038419 8.45094e-05 0.00178811 0.00165584 0.00150781 -0.00211234 -0.00221855 3.20332e-05 -0.00210312 -0.00260209 -0.00563216 -0.00227402 0.0056595 0.000647411 0.00256878 0.00321711 0.000240567
internal_weight=2922.89 2203.32 719.57 958.713 37.2666 12.1017 7.80323 1244.6 624.377 251.398 372.979 274.236 98.7434 145.175 106.223 921.446 898.335 870.285 670.343 661.502 95.9505 61.5766 565.552 54.7958 510.756 8.84045 620.227 107.859 102.375 512.368
internal_count=15763 10943 4820 5656 262 85 52 5287 2659 1073 1586 1169 417 613 460 5394 5259 4960 4210 4156 576 373 3580 396 3184 54 2628 447 424 2181
is_linear=0
shrinkage=0.01


Tree=231
num_leaves=31
num_cat=0
split_feature=13 6 13 11 11 19 4 6 14 4 5 19 15 21 9 9 20 23 23 16 10 21 6 23 27 29 6 11 6 18
split_gain=57.8114 21.8124 11.3805 7.38682 7.33213 6.99333 6.90101 7.33335 14.1573 6.9601 6.81843 6.33374 7.13233 7.69231 6.77496 15.678 7.90742 6.27411 5.53354 5.85874 8.66497 8.4152 5.528 5.41863 4.92637 8.43272 4.86948 4.81538 4.66102 9.97949
threshold=-0.17323375705407607 1.3702784339322898 -0.93344357127992417 -0.89042356208121431 0.84585253963159157 -1.7748127735981989 -0.98416724242392839 -1.0122027741500486 -1.0164125741696377 -1.0281964850652294 -1.5719223820329289 0.86508633864473328 0.67292659869826121 -1.5287168694772943 -0.11112975475528249 -0.37995759487168451 1.8018573362228281 0.75923574727458398 -1.2487761168908771 0.19664408916420148 -1.1519775717562657 -0.99237953115442978 1.2943721144945686 -0.12223530926698868 -0.084138249407840315 -0.078746071964621092 1.971175875600846 1.3306965204690984 -0.14344686672431092 -1.0804699753550804
decision_type=2 2 2 2 2 2 2 2 2 2 2 2 2 2 2 2 2 2 2 2 2 2 2 2 2 2 2 2 2 2
left_child=2 4 3 10 11 17 7 9 -9 -5 -1 14 13 -13 15 -2 -16 -4 19 20 -7 -21 24 -14 27 -26 -3 -6 -20 -30
right_child=1 26 5 6 22 18 -8 8 -10 -11 -12 12 23 -15 16 -17 -18 -19 28 21 -22 -23 -24 -25 25 -27 -28 -29 29 -31
leaf_value=0.0012624866709811922 -0.00091795728938734672 -0.0037026775461015109 0.0087402395237986402 0.0024672593557075423 -0.0056443797887760069 -0.0080624872252260619 0.0058123469571189461 0.0042257392920268992 -0.0065372411664080454 0.0083345121437216358 -0.016706960167030875 -0.0090381010221457676 0.0042414313154498342 0.0060168888113589546 -0.0018859100454289013 0.0034483708456637947 0.0074355048957892508 -0.00028259741396587025 0.00059091514367336391 -0.0070488057686109397 0.0062216968838787927 0.0031155804435297851 -0.0092046719876916327 -0.0076375140748256411 0.010763749397323878 -0.0013478091931486797 -0.0074733420381676132 -0.0016282947808427838 0.006696013698759537 -0.0040835293917818915
leaf_weight=4.6309694647789001 382.47364194691181 123.24595379829407 20.297032222151756 317.35263145714998 59.179643213748932 4.4895222187042227 67.171333685517311 23.636866718530655 25.002667188644409 21.709244072437286 3.6252598166465742 3.5761470645666114 6.0393456518650064 39.246872767806053 433.09128815680742 104.64850126206875 9.1587585881352407 12.039472609758375 851.77550113946199 11.789372548460959 50.783987358212471 25.750309899449348 11.680267512798308 9.8929483592510188 5.9262187555432311 120.14664620161057 48.925777614116669 62.219904467463493 10.17641621828079 50.923696845769882
leaf_count=31 1754 1048 130 2240 300 22 436 158 154 136 21 18 28 190 2198 472 52 65 3893 53 241 118 90 48 31 626 610 348 45 207
internal_value=0 -0.0014467 0.00136816 0.00267244 -0.000984914 0.000785068 0.0028446 0.00232648 -0.00128841 0.00284822 -0.00661363 -0.000590807 0.00258666 0.00471822 -0.000793021 1.85242e-05 -0.00168897 0.00535953 0.000636471 0.00296314 0.00503096 -6.02332e-05 -0.00248295 -0.0030739 -0.00215806 -0.000762484 -0.0047837 -0.00359731 0.000398521 -0.00226382
internal_weight=2920.61 1419.45 1501.15 463.129 1247.28 1038.03 454.873 387.701 48.6395 339.062 8.25623 988.128 58.7553 42.823 929.372 487.122 442.25 32.3365 1005.69 92.8132 55.2735 37.5397 259.153 15.9323 247.472 126.073 172.172 121.4 912.876 61.1001
internal_count=15763 7813 7950 3176 6155 4774 3124 2688 312 2376 52 4760 284 208 4476 2226 2250 195 4579 434 263 171 1395 76 1305 657 1658 648 4145 252
is_linear=0
shrinkage=0.01


Tree=232
num_leaves=31
num_cat=0
split_feature=6 13 6 3 24 8 21 8 9 19 10 17 23 27 14 15 21 24 23 19 16 2 26 23 19 26 10 16 3 2
split_gain=56.9186 21.5402 13.0164 6.66555 8.79081 10.2533 9.18259 6.25339 7.6929 9.09725 7.15406 6.8021 6.6765 5.9944 6.05495 5.65704 5.4084 5.64645 8.10751 8.73831 7.5515 8.09545 6.5961 5.2825 8.06263 7.90585 6.37121 9.06986 6.20698 5.59134
threshold=0.4631431373058536 -0.53541070459289875 1.971175875600846 -1.6739164348779523 0.40308818756990178 -1.6636571795210364 -0.13161298362608434 -0.01217641471029967 -0.26916941578414438 0.95869212589859065 -0.66858639255540731 0.68549596140894764 -0.77828204590944827 1.8986153690227048 -1.4658095375425937 -1.2841223038673384 -1.9362156112875433 1.1085957306251191 -0.38573289009942807 1.2682406242320596 0.56138880804490887 0.81208135122275193 2.2588333577626121 0.27713749297062729 0.24666039189982505 0.61378265205739069 -0.81283856232308704 -0.50949746762138493 -0.44204379099834962 -0.12150155689209295
decision_type=2 2 2 2 2 2 2 2 2 2 2 2 2 2 2 2 2 2 2 2 2 2 2 2 2 2 2 2 2 2
left_child=1 3 16 4 -1 -6 -7 23 9 11 -10 -9 -12 14 -5 -16 -2 18 -18 -20 22 -22 -19 26 28 -26 27 -3 -25 -28
right_child=2 7 -4 13 5 6 -8 8 10 -11 12 -13 -14 -15 15 -17 17 20 19 -21 21 -23 -24 24 25 -27 29 -29 -30 -31
leaf_value=0.0094719561965507203 0.0056108279632181932 -0.0043139353715264481 -0.0074444850016186304 0.0068751723935540875 0.011417501579436161 -0.020356318978890054 0.0012426860754907111 -0.0081403852343486186 0.015632292872839203 0.0049941120071546078 0.0015130294359667865 -0.00081367120165772629 -0.0010795693663560244 0.0068002825168200698 0.0063429932252979217 0.0013589488709402537 -0.0041244391965185798 -0.00065039740282350257 -0.00105916756342858 -0.0059482939451153492 0.011515260365102975 8.2491088655980798e-05 -0.011200214100706063 0.00023437411891504014 0.0082804920993833804 -0.0050604273046457324 0.003898351989909394 0.0015332345912453811 -0.0031670847749856439 0.00091437103884967942
leaf_weight=24.961528033018112 8.8568769842386228 41.095490992069244 48.626166939735413 21.451372474431992 4.2503974363207817 3.2246863394975662 4.6046475917100889 36.098566249012947 2.6680002510547629 9.3972519487142545 129.11076852679253 20.026520147919655 426.839181214571 23.002591647207737 23.435284927487373 851.73836196213961 210.30508670210838 63.255226001143456 312.31370590627193 41.490918509662151 10.250923946499826 15.869416624307631 6.4771963506937018 139.13885402679443 18.10366673767567 5.7018072903156272 116.4655669927597 74.163651913404465 86.710755616426468 138.73608237504959
leaf_count=177 54 177 610 240 33 20 32 150 11 39 550 83 1826 135 144 4875 1346 381 1937 297 49 107 39 601 76 24 496 314 363 577
internal_value=0 0.000797451 -0.00244576 0.00192563 0.00609081 -0.00083428 -0.00767176 -6.92519e-05 -0.000776555 -0.00401717 -0.00039401 -0.00554995 -0.000475516 0.00175613 0.00162487 0.00149426 -0.00207978 -0.00218533 -0.00256659 -0.00163686 4.8345e-05 0.00463422 -0.00165929 0.000641039 -0.00048018 0.00503549 0.00139926 -0.00054483 -0.00106795 0.00228107
internal_weight=2918.37 2200.93 717.446 956.669 37.0413 12.0797 7.82933 1244.26 624.14 65.5223 558.618 56.1251 555.95 919.628 896.625 875.174 668.819 659.962 564.11 353.805 95.8528 26.1203 69.7324 620.116 249.655 23.8055 370.461 115.259 225.85 255.202
internal_count=15763 10943 4820 5656 262 85 52 5287 2659 272 2387 233 2376 5394 5259 5019 4210 4156 3580 2234 576 156 420 2628 1064 100 1564 491 964 1073
is_linear=0
shrinkage=0.01


Tree=233
num_leaves=31
num_cat=0
split_feature=6 6 6 5 18 23 17 24 23 7 24 23 22 19 28 16 7 21 24 6 21 6 16 14 16 10 16 19 8 19
split_gain=55.8632 21.2415 12.8902 6.57719 6.44454 5.7669 6.76361 7.48368 7.24928 6.14029 5.30496 7.55072 9.10653 8.97075 7.41022 6.59858 8.73413 6.94876 6.48445 5.80957 7.58842 6.46104 5.67373 5.15175 5.07244 4.96103 4.92286 4.43776 4.26302 4.19151
threshold=0.4631431373058536 -0.77371383506239377 1.971175875600846 -1.7220508952257851 -0.64922994784706956 -0.82842520305780531 -0.74321898692767518 0.90550326424997085 -1.7156399611190267 -1.8145214723525787 1.1085957306251191 -0.38573289009942807 -0.71555487360790893 1.2682406242320596 0.47052675583299214 0.62330370330672602 -0.25746305132842334 -0.25840341266013006 -1.7471315016724029 1.1057685030578208 -0.72507952370763429 1.3118789048395516 -0.86281428640654145 -1.4658095375425937 -0.5620832362859588 -1.1984955019675674 -0.26434007506938789 -1.4258481184663887 -1.5849118962570699 -0.17183001519774047
decision_type=2 2 2 2 2 2 2 2 2 2 2 2 2 2 2 2 2 2 2 2 2 2 2 2 2 2 2 2 2 2
left_child=1 23 10 4 26 6 8 -8 -5 -7 11 12 22 18 19 16 -16 -17 -13 20 -12 -21 -2 -1 -15 -25 28 -11 -3 -27
right_child=2 3 -4 5 -6 9 7 -9 -10 27 14 13 -14 24 15 17 -18 -19 -20 21 -22 -23 -24 25 -26 29 -28 -29 -30 -31
leaf_value=0.0070385661206953032 0.0047383467648137532 0.00022853035457514774 -0.007415629980877244 -0.0045815516501205682 -0.0067271383550506119 0.0068351891215909797 0.001492226081376957 -0.0029577366703642878 0.0062727313375977268 -0.0032182630368656545 0.014784713016393914 -0.0079565749730215046 -0.0059210715845250629 0.0032321651294350035 0.00080368747592602795 0.013700205837114324 -0.0079132117760888632 -0.0012526369041843098 -0.0006554953355901057 -0.011722150445199265 0.0026414532900643096 0.0029799722354823246 -0.0026145918341312613 0.011361421877418808 -0.0072335953387959381 0.0030759042132836364 0.011118069730438227 -0.00020522849870166152 0.0076761718895724234 0.0013825205566175953
leaf_weight=22.37161186337471 11.659550227224825 20.384298808872696 48.329105451703072 7.021521493792533 5.0467983633279792 11.956615738570688 191.21142622828484 46.902528092265129 42.04295326769352 51.024698063731194 7.4934499263763454 12.614300124347208 110.2256361618638 5.1079653725028029 20.897553369402885 4.6962062045931807 24.896433249115944 8.4981920123100263 302.74079116433859 4.2783451303839675 17.025630928575993 9.1788762435317022 92.472710087895393 5.7333238571882239 36.225599937140942 243.75358564406633 10.235485546290873 1154.7895063459873 12.533633932471277 374.78698267042637
leaf_count=252 72 105 610 31 26 67 833 202 186 227 38 79 710 38 116 27 164 53 1878 30 86 69 591 46 259 1658 56 4964 61 2229
internal_value=0 0.000789943 -0.00242513 0.000155152 0.0037877 3.7901e-05 0.00131295 0.000610622 0.0046929 -0.000262047 -0.00206152 -0.00242875 -0.00391482 -0.00153201 9.11012e-05 -0.00211527 -0.00392048 0.00405724 -0.00095314 0.00354107 0.00643824 -0.00167238 -0.00177794 0.00231281 -0.00591143 0.00214076 0.00505324 -0.000333812 0.0031092 0.00205185
internal_weight=2916.14 2199.79 716.34 1553.15 48.2002 1504.95 287.178 238.114 49.0645 1217.77 668.011 571.047 214.358 356.689 96.9647 58.9884 45.794 13.1944 315.355 37.9763 24.5191 13.4572 104.132 646.646 41.3336 624.274 43.1534 1205.81 32.9179 618.541
internal_count=15763 10943 4820 6758 248 6510 1252 1035 217 5258 4210 3627 1373 2254 583 360 280 80 1957 223 124 99 663 4185 297 3933 222 5191 166 3887
is_linear=0
shrinkage=0.01


Tree=234
num_leaves=31
num_cat=0
split_feature=14 0 6 14 23 9 3 22 6 5 5 29 26 11 11 10 24 5 6 16 14 18 5 26 0 10 25 10 3 14
split_gain=54.8714 17.9117 14.6803 10.0996 7.32177 7.9215 8.14769 6.22394 6.14467 7.0624 12.0007 7.1872 5.85679 6.29528 5.72634 6.3732 6.14494 6.10791 6.11443 5.64717 5.05938 4.9363 7.46725 13.155 4.93325 4.81924 4.56806 4.49767 5.63191 4.84047
threshold=0.031281045376264541 1.5056581414354833 -0.78267091142507572 0.020848623382935697 0.58805730839832537 -2.1269968603781315 -0.80181777874924764 0.49606261988008804 1.2137653830477657 1.0000000180025095e-35 -0.36001358528051064 1.3701601662437455 -1.5389228455481778 0.98042806559164741 -0.74987763877940561 0.17606141393068156 0.6988406613310616 2.2863690706027637 -0.19501471785722299 0.81119976611492151 -1.4277551419103394 -0.17198893352721281 0.47951448826871285 -0.27292757386238736 0.042328011006368647 -1.1984955019675674 0.099587705232526483 0.84015143804648462 1.6501769122210141 -0.95762676628279075
decision_type=2 2 2 2 2 2 2 2 2 2 2 2 2 2 2 2 2 2 2 2 2 2 2 2 2 2 2 2 2 2
left_child=2 4 20 14 8 6 -6 -5 9 10 -2 -11 -10 -14 15 19 -17 18 -16 -4 -1 22 -3 -24 -7 -22 -19 29 -29 -27
right_child=1 21 3 7 5 24 -8 -9 12 11 -12 -13 13 -15 17 16 -18 26 -20 -21 25 -23 23 -25 -26 27 -28 28 -30 -31
leaf_value=0.0064697032330201052 -0.00057582413210762579 -0.004195919398627181 0.0042076589772921408 0.013249899549106428 -0.0019321898460267605 -0.0089923055018008551 0.013687356433941939 -2.5080959724888865e-05 0.0080963881343373949 -0.0018960510706204821 0.0037955191998955665 0.0029869624363830366 -0.0025986149518307561 -0.010221351379560997 0.00042394199946440989 -0.0032481095095998128 0.0047298903120153819 0.012023951064711477 -0.0013518870504987152 -0.0025858649738178352 0.011334651788612173 -0.00689397416102616 -0.0103332582994117 0.020256739032369301 -0.0027773723117741657 0.0016112941254008304 -0.0002669055537604958 -0.0028980432934948264 0.0092404886250059617 0.003614364122225665
leaf_weight=28.129513256251812 216.52783864736557 43.501560360193253 98.381689690053463 9.7238572984933835 7.6004309952259064 13.616079285740851 5.7050819024443609 5.2800378054380408 4.2968086451292029 304.20654149353504 88.204766437411308 33.221243396401405 79.645975798368454 12.637164734303949 700.25311500579119 34.180804193019867 13.281744286417959 7.2552689462900144 267.93444204330444 13.713928163051603 5.5705236122012129 76.27609384059906 2.2329898551106453 3.3733021989464751 234.67729473859072 386.19928533583879 4.8630238622426987 31.298008158802986 4.2289745658636084 177.97004785388708
leaf_count=315 994 488 460 40 42 56 30 22 28 1567 414 166 539 93 3085 146 57 31 1099 60 45 863 23 31 1285 2548 21 142 20 1053
internal_value=0 -0.00172932 0.00108886 0.000416725 -0.00128111 -0.00272002 0.00474264 0.00854284 -0.000769923 -0.000414207 0.00068701 -0.00141159 -0.00312187 -0.00366322 0.000308145 0.00206443 -0.0009893 2.10847e-05 -6.65538e-05 0.00336605 0.00231252 -0.00529337 -0.00277798 0.00792991 -0.0031257 0.00211662 0.00704802 0.00202746 -0.00140318 0.00224547
internal_weight=2913.99 1125.72 1788.26 1154.87 1000.34 261.599 13.3055 15.0039 738.74 642.16 304.733 337.428 96.5799 92.2831 1139.86 159.558 47.4625 980.306 968.188 112.096 633.396 125.384 49.1079 5.60629 248.293 605.267 12.1183 599.696 35.527 564.169
internal_count=15763 6619 9144 5021 5214 1413 72 62 3801 3141 1408 1733 660 632 4959 723 203 4236 4184 520 4123 1405 542 54 1341 3808 52 3763 162 3601
is_linear=0
shrinkage=0.01


Tree=235
num_leaves=31
num_cat=0
split_feature=13 14 14 2 11 27 17 11 3 13 29 23 16 15 25 8 28 26 5 29 26 28 26 24 24 26 22 26 24 13
split_gain=53.9331 18.4808 13.9042 7.98689 9.00895 5.77991 5.73776 5.59022 10.742 5.10874 6.10168 5.04194 10.0133 7.41821 6.28742 6.54003 6.0998 4.89029 4.86952 4.49148 4.47565 10.2166 4.08204 5.14026 5.70262 5.07849 4.01304 3.85709 2.87635 6.08837
threshold=0.35062728803480409 -0.6914078820091073 1.6920284843381637 -0.72343230746423692 0.19518658091928359 2.2900030344027384 -1.5035684364292459 1.6623393715964832 0.38581516330331311 -1.2401268835255583 -0.66706017773106074 0.61041877342783912 -1.9908672777459435 -0.5284185793266486 -0.23372423390203359 0.027495257471568193 0.92692664646451262 1.036530820201303 1.4452967171838036 0.55135484585767214 0.27550248877732875 0.65178365579605158 2.2588333577626121 1.1244693938908663 1.02602805524788 2.0394133622354356 -1.6954419658863751 -1.4722892946042998 0.89041467527087381 2.0079972371278267
decision_type=2 2 2 2 2 2 2 2 2 2 2 2 2 2 2 2 2 2 2 2 2 2 2 2 2 2 2 2 2 2
left_child=1 5 7 4 -3 6 20 22 -9 17 -11 14 19 -14 15 -5 -16 -8 -10 -13 -1 -22 23 24 -2 -25 -4 -20 -28 -30
right_child=2 3 26 11 -6 -7 9 8 18 10 -12 12 13 -15 16 -17 -18 -19 27 -21 21 -23 -24 25 -26 -27 28 -29 29 -31
leaf_value=0.0079343604210671929 -0.001542631537768491 0 0.0049420326265693093 0.00087379180236112617 -0.018540463200805081 0.012225833740355154 0.0028654296435609533 0.010279609707564195 -0.010044649423984085 0.0029643486774170798 0.00072758079537406676 0.011458458375934589 -0.0036574332378969455 -0.00029327075235603689 0.0018186378740058181 -0.0016716971689345356 -0.0008146091853090745 0.0088940811543876449 0.0039427049478672864 0.00046735142194454372 -0.0072885747688349869 0.0081069758682948741 -0.0083309500773494447 0.00034631677240367026 -0.0073923808994031236 0.012078613802921112 -0.007499074642064613 -0.0050152893090591802 0.003392231184749306 -0.0084929110698962369
leaf_weight=28.10650796443224 565.29040148854256 5.8293527215719205 3.017654910683631 208.8473836928606 4.7506471574306488 5.530030518770217 111.74266409128904 4.3458547443151465 18.491030998528004 174.43329369276762 411.40119042992592 9.1837562322616559 87.877434760332108 260.29411363601685 438.49534174799919 194.75181278586388 109.39562027156353 15.499104820191858 5.4212765246629706 6.5434666872024527 7.4863180220127132 9.8226970434188825 8.521225728094576 83.184281326830387 17.186634205281734 3.7750448361039153 62.612633973360062 32.956017978489399 8.1472624093294161 8.782577805221079
leaf_count=201 3287 26 34 887 20 36 912 31 130 1033 2364 40 372 1110 1861 817 466 140 38 28 50 68 50 459 102 22 746 236 88 109
internal_value=0 0.000853521 -0.00217021 0.000138876 -0.00847175 0.00209231 0.0020155 -0.00173307 -0.00463279 0.00179338 0.00139568 0.000209533 -0.000790264 -0.00114605 0.000593 -0.000352135 0.00129099 0.00361403 -0.00580598 0.00698053 0.00546957 0.00138719 -0.00146913 -0.00137906 -0.00171819 0.00088041 -0.00606509 -0.00371691 -0.00650092 -0.00272829
internal_weight=2911.72 2089.99 821.732 1325.97 10.58 764.022 758.492 739.172 61.2142 713.076 585.834 1315.39 363.899 348.172 951.49 403.599 547.891 127.242 56.8683 15.7272 45.4155 17.309 677.958 669.436 582.477 86.9593 82.5601 38.3773 79.5425 16.9298
internal_count=15763 10431 5332 5627 46 4804 4768 4355 435 4449 3397 5581 1550 1482 4031 1704 2327 1052 404 68 319 118 3920 3870 3389 481 977 274 943 197
is_linear=0
shrinkage=0.01


Tree=236
num_leaves=31
num_cat=0
split_feature=6 13 6 3 24 7 19 27 14 9 16 19 20 23 23 29 28 28 16 14 21 24 23 19 22 29 28 23 27 22
split_gain=53.0411 20.1752 12.5823 6.48516 8.72529 9.24217 7.2708 5.87758 5.8125 5.5478 8.22192 8.58558 7.65431 7.3235 11.4864 6.97684 6.80075 6.67404 5.80797 5.31312 5.29734 5.38725 7.90799 8.45316 8.31576 7.66513 8.05731 6.82775 5.12069 4.27145
threshold=0.4631431373058536 -0.53541070459289875 1.971175875600846 -1.6739164348779523 0.40308818756990178 -1.2108854438254517 -1.4506447805508638 1.8986153690227048 -1.4658095375425937 0.45388732896799172 1.5776016776439235 1.2922631180483803 -0.018291979642816956 0.069952581485399262 0.44498727549638201 -1.4538052641068682 1.9186409696998548 -0.68851507039511095 0.40261085532753355 -0.54895991181270565 -1.9362156112875433 1.1085957306251191 -0.38573289009942807 1.2682406242320596 -0.71555487360790893 0.94229712209283423 0.33107855814299453 -0.43986156105742269 -0.34224190491207968 -0.87836816870186574
decision_type=2 2 2 2 2 2 2 2 2 2 2 2 2 2 2 2 2 2 2 2 2 2 2 2 2 2 2 2 2 2
left_child=1 3 20 4 -1 -6 -7 8 -5 10 11 16 -11 -12 -15 29 -3 -17 -13 -10 28 22 24 -24 -22 26 -23 -27 -2 -14
right_child=2 9 -4 7 5 6 -8 -9 19 12 13 18 15 14 -16 17 -18 -19 -20 -21 21 25 23 -25 -26 27 -28 -29 -30 -31
leaf_value=0.009392979542471834 0.015019242282024408 0.00032481929118387064 -0.0073409192486115259 0.0067632364494461415 0.0095888113831161213 -0.017017321178030762 0.0027978060031501836 0.0067117729408165206 0.0012405517037177686 -0.0087949037309981212 -0.010047986574399237 0.012084022860530246 0.0028073252064479358 0.011847802107470367 -0.0041012164494246854 -0.0026933980080194814 0.0073088927334285037 0.00041216888601150399 0.00075248660636113613 0.0045256569856582211 -0.001945213521020883 0.0040119731702489706 -0.0010035292295000565 -0.005837801566788656 -0.0059601670338802525 0.0092711017128287825 -0.0042047736553765718 0.00014703337796122406 -0.0002888646083436534 -0.007296764978060674
leaf_weight=24.646483078598976 3.4130548536777496 772.56997011601925 47.566655397415161 21.03373397141695 4.8210676163434982 3.9854533597826958 3.2055843472480756 22.822815299034119 819.62368613481522 12.277862623333929 13.228275477886198 10.702310651540758 4.859983146190646 5.4618072509765652 23.683868736028671 93.900319322943687 14.118305027484892 261.00117047131062 8.1461677104234678 52.602061495184898 100.49700627475977 15.989288382232187 311.22665970772505 41.011036679148674 108.35040276497602 13.782812766730784 45.30418835580349 20.609220065176487 5.4457396119832975 23.726308375597
leaf_count=177 20 3261 610 240 37 27 21 135 4779 55 55 45 21 23 100 411 61 1118 34 240 644 97 1937 297 702 78 276 125 34 103
internal_value=0 0.000769525 -0.00236908 0.00186449 0.00599466 -0.000915439 -0.00812986 0.00169749 0.00156751 -6.85706e-05 0.000386869 0.000613972 -0.00104671 -0.00389815 -0.00104794 -0.000793803 0.000452343 -0.000407217 0.00726921 0.00144031 -0.00201123 -0.00211625 -0.00249025 -0.00157072 -0.00403482 6.6705e-05 -0.00204198 0.00384883 0.00559913 -0.0055403
internal_weight=2909.61 2196.42 713.196 952.741 36.6586 12.0121 7.19104 916.082 893.259 1243.68 847.911 805.537 395.766 42.374 29.1457 383.488 786.688 354.901 18.8485 872.226 665.629 656.771 561.085 352.238 208.847 95.6855 61.2935 34.392 8.85879 28.5863
internal_count=15763 10943 4820 5656 262 85 48 5394 5259 5287 3579 3401 1708 178 123 1653 3322 1529 79 5019 4210 4156 3580 2234 1346 576 373 203 54 124
is_linear=0
shrinkage=0.01


Tree=237
num_leaves=31
num_cat=0
split_feature=6 6 6 9 20 25 17 28 28 9 14 7 21 15 14 0 1 20 21 21 27 27 20 1 3 25 17 8 8 11
split_gain=52.0548 19.8994 12.4583 7.2008 7.07423 7.22139 9.86157 7.03363 6.69731 6.06723 7.52294 7.17325 5.18967 5.05559 4.97179 4.96482 5.29432 5.6684 4.38663 6.13763 4.05818 3.99885 5.31588 3.96174 8.26619 6.74318 3.90072 3.26641 3.58099 2.88842
threshold=0.4631431373058536 -0.77371383506239377 1.971175875600846 0.45388732896799172 -0.018291979642816956 -0.80393282683719758 0.18223068039431098 -0.67853258319984122 1.9186409696998548 0.35465341233687608 0.59202068681940645 0.79904954882914847 -1.9362156112875433 -0.64471023128476679 -1.4658095375425937 1.2912659232832424 -0.24247798235318144 -0.8808586677577992 -1.6631778787016638 -1.3802887956093917 2.2900030344027384 0.48247833182484934 -0.36427506525906012 -1.0277348327640816 -0.9144195108836729 0.64988355667621656 1.1533689807448428 -1.6199534277937846 1.8033315629950801 -1.0399407177885729
decision_type=2 2 2 2 2 2 2 2 2 2 2 2 2 2 2 2 2 2 2 2 2 2 2 2 2 2 2 2 2 2
left_child=1 14 12 8 29 6 -6 -7 9 10 -3 -11 13 -2 -1 18 17 -17 -14 -20 23 22 -10 25 -25 -16 -18 -4 -29 -5
right_child=2 3 27 4 5 7 -8 -9 21 11 -12 -13 15 -15 20 16 26 -19 19 -21 -22 -23 -24 24 -26 -27 -28 28 -30 -31
leaf_value=0.0069303995836168253 0.013849239700394212 0.00021709948001040811 0.0028652842625285771 -0.0149383182953451 0.00024803026755781813 -0.0024833345838295353 -0.0058144980071950705 0.00093609706377117627 -0.0058128650243162508 0.0047159866690399503 0.012594496904245482 -0.0048186161908492769 -0.0079697264190907776 -0.001044363602939119 0.005897816762672565 -0.0090162941741357989 -0.0061138723021773242 -1.8387654282753731e-05 0.0037724640241007645 -0.0017133160752444442 0.011785053296024138 0.011742736953413104 0.0076361360466487846 -0.0027810037869798439 0.0020282562666009774 -0.00021064504999145222 -0.00069909700884757413 -0.0085559139704655882 0.0055270584072727611 -0.0046148813745166177
leaf_weight=21.93607772141695 3.9385811239480972 1028.0248321592808 2.775232605636119 4.2958611845970145 50.249542266130447 81.105994418263435 56.715649634599686 231.83163607120514 4.5696077048778534 57.147983133792877 4.8378031998872748 8.9685053378343564 10.612463429570196 4.9448134228587133 58.546621330082417 8.0787482559680921 76.943089343607426 50.210959784686565 21.11582438647747 472.37632814049721 4.2187383547425261 8.0174302756786329 7.6532728821039218 38.267617650330067 494.65310150384903 25.662008091807365 16.631776511669159 42.771107017993927 1.7323192209005345 8.6429157406091672
leaf_count=252 24 4494 33 20 218 354 248 994 20 244 21 38 58 30 413 66 683 444 115 2642 29 36 33 262 3061 168 148 554 23 38
internal_value=0 0.000762255 -0.00234897 0.000148585 -0.000945697 -0.000717656 -0.00295956 4.6157e-05 0.000572723 0.000466461 0.000277255 0.00340222 -0.00199349 0.00552827 0.00224106 -0.0020977 -0.00368767 -0.0012959 -0.00161609 -0.00147584 0.00207281 0.00626254 0.00252062 0.0020029 0.00168058 0.0040264 -0.00516391 -0.00731206 -0.00797414 -0.00820739
internal_weight=2907.48 2195.35 712.131 1552.06 432.842 419.903 106.965 312.938 1119.22 1098.98 1032.86 66.1165 664.853 8.88339 643.284 655.969 151.865 58.2897 504.105 493.492 621.348 20.2403 12.2229 617.129 532.921 84.2086 93.5749 47.2787 44.5034 12.9388
internal_count=15763 10943 4820 6758 1872 1814 466 1348 4886 4797 4515 282 4210 54 4185 4156 1341 510 2815 2757 3933 89 53 3904 3323 581 831 610 577 58
is_linear=0
shrinkage=0.01


Tree=238
num_leaves=31
num_cat=0
split_feature=13 6 13 11 8 11 26 12 6 7 12 5 19 15 20 6 6 3 18 18 11 29 17 29 8 22 26 5 19 11
split_gain=51.1621 20.112 10.3554 7.25735 6.96647 6.90426 7.79165 6.89209 7.22565 14.0001 6.97049 6.57945 5.95942 7.06722 6.5277 5.4053 4.59327 4.48462 7.36008 6.10949 4.14245 9.5881 5.65862 5.57879 7.41614 6.9872 4.00095 3.70215 8.54491 4.08138
threshold=-0.17323375705407607 1.3702784339322898 -0.93344357127992417 -0.89042356208121431 -2.2496634428690121 0.84585253963159157 2.2588333577626121 -0.98416724242392839 -1.0122027741500486 -0.59118577422515584 -1.0281964850652294 -1.5719223820329289 0.86508633864473328 0.67292659869826121 1.8018573362228281 1.2943721144945686 1.971175875600846 0.58926770693299735 0.8653984172507202 0.62617241281011171 -0.3857852676636222 1.8016365126981977 0.54136057397057435 -0.0363862225808304 -0.97253996489768713 -0.67839836365443984 -0.17301389155658373 -1.3414475408469377 -1.1182230321788926 -1.4923629719545266
decision_type=2 2 2 2 2 2 2 2 2 2 2 2 2 2 2 2 2 2 2 2 2 2 2 2 2 2 2 2 2 2
left_child=2 5 3 11 -4 6 12 8 10 -10 -5 -1 14 -14 -2 17 27 19 -19 -7 21 22 -6 25 -25 -22 -9 -3 29 -29
right_child=1 16 4 7 20 15 -8 26 9 -11 -12 -13 13 -15 -16 -17 -18 18 -20 -21 23 -23 -24 24 -26 -27 -28 28 -30 -31
leaf_value=0.0011275590101570002 -0.00074355592643629662 -0.0084093125971648041 0.008730017789822386 0.0023328316901446077 0.0025999283092153053 0.0013564168259086761 -0.010354727468063192 0.0023711616443961576 0.0036199301494117954 -0.0071356111853014591 0.0082370614671306453 -0.016532816567346943 0.0047471223569744815 -0.0030196405705838459 0.0077577989045631611 -0.0090976805084866021 -0.0072830923907104984 -0.0061259800450841366 -0.0016102013139289897 -0.008071249321151561 0.0017196669069934974 -0.010556562434633493 -0.0022921060703853793 -0.0038791176963236841 0.0014802517334049593 -0.0014012236358414499 0.0075582080526205081 0.011693813320694421 -0.0037500682120006146 -0.0022505873768439984
leaf_weight=4.5850211977958679 909.86335043609142 14.05841678380966 10.70452858507633 314.00110127776861 219.7261460646987 56.433481015264988 7.9353913068771353 24.11478765308857 25.660235993564129 22.645388245582581 21.45700378715992 3.6439809352159482 42.75068074464798 15.881048016250132 9.0045647546648961 11.447888016700743 46.990558072924614 50.210088580846786 131.72543843835592 7.7193905115127555 96.479072526097298 6.039505958557128 26.199292600154877 27.561930730938911 371.7762433886528 277.02192410081625 42.303467094898224 5.4943340793251991 98.807925634086132 3.1447955146431905
leaf_count=31 4383 102 71 2240 1081 289 42 157 175 137 136 21 208 76 51 90 610 270 707 39 439 28 119 137 1668 1231 279 49 874 23
internal_value=0 -0.001365 0.00128998 0.00254204 0.000734547 -0.000924302 -0.000541859 0.00271423 0.00219416 -0.00140587 0.00271581 -0.00667738 -0.000460124 0.00262482 -0.000658323 -0.00238302 -0.0046076 -0.00206303 -0.00286463 0.000195644 0.000649212 0.00176319 0.00207398 0.000284551 0.00110697 -0.000592145 0.00569635 -0.00355952 -0.00290845 0.00653571
internal_weight=2905.39 1411.47 1493.92 458.411 1035.51 1242.97 985.435 450.182 383.764 48.3056 335.458 8.229 977.5 58.6317 918.868 257.536 168.496 246.088 181.936 64.1529 1024.8 251.965 245.925 772.839 399.338 373.501 66.4183 121.505 107.447 8.63913
internal_count=15763 7813 7950 3176 4774 6155 4760 3124 2688 312 2376 52 4718 284 4434 1395 1658 1305 977 328 4703 1228 1200 3475 1805 1670 436 1048 946 72
is_linear=0
shrinkage=0.01


Tree=239
num_leaves=31
num_cat=0
split_feature=14 0 13 13 14 11 19 11 4 14 23 7 23 9 22 19 0 22 20 9 10 29 10 2 23 4 28 13 17 8
split_gain=50.2509 16.9447 13.4417 9.86162 9.57844 7.32025 7.13934 7.10996 6.8001 6.65715 8.92856 7.9612 6.22342 6.66835 6.26061 8.98646 6.26002 6.11242 5.78519 5.34876 4.8658 12.1716 5.60824 4.57647 4.5272 4.3436 3.8068 3.20707 3.20381 10.5834
threshold=0.031281045376264541 1.5056581414354833 -0.93344357127992417 -0.047487024537075623 0.020848623382935697 -0.12071602160712339 -1.7748127735981989 -0.89042356208121431 -0.98416724242392839 -1.0658488282256322 -1.1732037678578624 -0.90758928645337777 0.8896274914173351 0.18670807302209044 1.4962716213364402 -0.67769461653502294 1.4865104104751576 0.49606261988008804 -0.92370204327042249 -0.22693173100025074 0.88555549868331573 1.1611010609505661 0.057233130510833084 -0.024956975267419867 -0.26851016256224275 1.2285440856654553 -1.2634989138393109 -0.032646611551352768 -0.63321954943047987 0.75108708451726314
decision_type=2 2 2 2 2 2 2 2 2 2 2 2 2 2 2 2 2 2 2 2 2 2 2 2 2 2 2 2 2 2
left_child=2 3 7 5 6 -2 19 18 9 11 -11 -9 14 25 16 -16 -5 23 -1 27 22 -22 -8 -6 -7 -14 -10 -4 29 -3
right_child=1 28 4 12 17 24 20 8 26 10 -12 -13 13 -15 15 -17 -18 -19 -20 -21 21 -23 -24 -25 -26 -27 -28 -29 -30 -31
leaf_value=0.00011935330418368411 0.014828380666821047 -0.0048612717942471953 0.0068588778608597379 -0.0011678080358808651 0.005858248964908515 0.0070455416410407116 -1.3780109959153078e-06 0.0061148811233520785 -0.0042246251780168964 -0.0058706917729176066 0.0015170966541537643 0.0020531899838678288 -0.0007875670612297361 -0.0054245543288164002 0.018412306303583741 0 0.0083875766582506787 -3.5115492773310219e-05 -0.016609341154150466 -0.0040678627114452276 -0.00030051589467651121 -0.0088896614491269024 0.0014759494307852853 0.020063394353528281 -0.005173791335946084 -0.0067976102167422872 0.0062337057173157085 -0.0014792139873966285 -0.0060972830947169645 0.011135201221274052
leaf_weight=4.9471383914351463 6.1659127026796368 25.851615056395534 33.749144896864891 774.38549381494522 4.9145000874996176 6.4597361683845529 715.13592904061079 61.785633310675621 3.5016182810068122 20.985076606273651 72.783340811729431 227.67126765847206 101.85068152844906 70.954408176243305 3.9133121818304062 7.5187102332711202 6.7945359498262397 5.2806784212589255 3.3116224780678731 6.2896507978439322 131.56707388162613 18.8146131336689 399.80473871529102 4.809083715081214 5.4782691895961735 13.648767113685606 62.682183064520359 5.0834596902132025 92.419031478464603 4.7974887341260901
leaf_count=32 25 294 199 4011 20 26 3229 541 22 128 458 1561 509 409 21 43 50 22 20 32 550 78 1797 20 22 98 414 21 1064 47
internal_value=0 -0.00165958 0.00104288 -0.0012259 0.00053165 0.00605746 0.000439549 0.00252083 0.00269187 0.00217535 -0.000130107 0.00292544 -0.00136221 -0.00300819 -0.000973413 0.00632893 -0.00108235 0.00845325 -0.00658739 0.00434537 0.000299142 -0.00138696 0.000527562 0.0131183 0.0013587 -0.0015117 0.00565976 0.00574068 -0.00516155 -0.00229676
internal_weight=2903.35 1120.24 1783.12 997.17 1325.45 18.1039 1310.44 457.668 449.409 383.225 93.7684 289.457 979.066 186.454 792.612 11.432 781.18 15.0043 8.25876 45.1223 1265.32 150.382 1114.94 9.72358 11.938 115.499 66.1838 38.8326 123.068 30.6491
internal_count=15763 6619 9144 5214 5968 73 5906 3176 3124 2688 586 2102 5141 1016 4125 64 4061 62 52 252 5654 628 5026 40 48 607 436 220 1405 341
is_linear=0
shrinkage=0.01


Tree=240
num_leaves=31
num_cat=0
split_feature=13 13 0 7 4 13 8 11 22 8 9 22 1 22 15 20 10 9 1 28 16 16 23 25 21 11 1 25 27 29
split_gain=49.3568 17.1153 13.375 7.50925 8.08814 8.93225 7.35587 6.82659 4.2603 5.08445 4.18272 7.31453 9.12618 8.33509 7.01146 6.86399 7.73482 12.0937 6.37606 5.89172 5.66273 5.65938 9.07029 5.05241 4.64219 4.16131 5.57669 4.7021 9.05509 14.7144
threshold=0.35062728803480409 -0.5865845569544762 1.5741023380619106 -1.8833623066310501 -0.61486526245988682 -0.93344357127992417 -1.5849118962570699 -0.89042356208121431 0.3726691265857715 0.19644271014396888 0.45388732896799172 0.83272968524399005 -0.87700799980995237 0.59397002969013746 0.27696070040274673 0.58865754441974694 0.082827975422676489 1.0000000180025095e-35 1.1967662005249085 -0.18760927700693744 1.0085761402381077 1.8100321249095308 0.069952581485399262 -0.57626774909008505 -1.7652321459508418 1.0865669608022952 2.1548534977827232 1.0728454872453057 -0.071264841997088199 -0.091535130179622406
decision_type=2 2 2 2 2 2 2 2 2 2 2 2 2 2 2 2 2 2 2 2 2 2 2 2 2 2 2 2 2 2
left_child=1 3 25 -1 5 7 -7 -5 -6 -10 15 13 14 18 -13 21 17 -17 -12 -14 -18 24 -23 -15 -3 26 -2 28 -27 -30
right_child=2 10 -4 4 8 6 -8 -9 9 -11 11 12 19 23 -16 16 20 -19 -20 -21 -22 22 -24 -25 -26 27 -28 -29 29 -31
leaf_value=0.0074142680086688043 -0.0013253648776952454 0.0058057092885727126 -0.0054443541520008262 -0.0064980012864118177 0.0076483869865072787 0.0058718416408798024 -5.0211918822452643e-05 0.0025798381127244696 0.004641354091490176 -0.0069338565045394505 -0.0019139693008425058 -0.013921747056003232 -0.00033163363624603336 -0.012797933855852022 0 0.010895231012132448 0.011050617899698053 -0.0032912976016993734 0.0024610311331270461 0.0064413383693661744 0 -0.015258691895866846 -0.00089303804942426706 -0.0034969382172173264 0.00019467518238675544 -0.0051713830766330262 0.011046333446081151 -0.0084607206223617087 0.018988410726459452 -0.00096324856050529885
leaf_weight=23.71978385001421 589.99865813553333 14.950439080595968 103.56740277260542 8.2896079793572408 33.662240281701088 22.202736355364323 347.27888916432858 439.67255146801472 15.208958983421327 4.9029536247253409 185.44761490821838 5.3124361932277706 20.23650760948658 9.8229236304759997 11.071711748838423 8.0826604366302508 17.358700707554821 22.457107737660408 40.335519656538963 33.769032001495361 6.5105293840169898 5.9466607272624996 16.775096595287323 15.497370824217795 776.23667009174824 57.452780060470104 3.5506414771080008 15.45251329988241 3.9428697824478141 42.547548688948154
leaf_count=181 3333 64 1220 52 155 140 1743 3044 71 22 772 22 84 41 46 34 74 96 169 140 27 25 71 65 3293 366 19 102 22 270
internal_value=0 0.000816409 -0.00208385 0.00186108 0.00170791 0.00145869 0.00030444 0.00240821 0.00546814 0.00174969 2.97073e-05 -0.000943623 0.00189663 -0.00174423 -0.0045938 0.0003913 0.00382751 0.000453979 -0.00112722 0.00388902 0.0080822 0.000159922 -0.00474697 -0.00718072 0.000302687 -0.00159358 -0.00124782 -0.00330159 -0.00251761 0.00074452
internal_weight=2901.26 2084.75 816.512 894.938 871.218 817.444 369.482 447.962 53.7742 20.1119 1189.81 321.493 70.3897 251.103 16.3841 868.318 54.409 30.5398 225.783 54.0055 23.8692 813.909 22.7218 25.3203 791.187 712.945 593.549 119.396 103.943 46.4904
internal_count=15763 10431 5332 5408 5227 4979 1883 3096 248 93 5023 1339 292 1047 68 3684 231 130 941 224 101 3453 96 106 3357 4112 3352 760 658 292
is_linear=0
shrinkage=0.01


Tree=241
num_leaves=31
num_cat=0
split_feature=6 6 6 9 20 25 17 15 9 21 17 23 17 9 9 26 20 0 10 21 21 29 22 23 22 12 27 25 29 22
split_gain=48.6653 18.5931 12.0419 6.83482 6.91585 7.03826 9.70862 6.57983 6.41363 7.92813 6.02802 7.35545 5.86857 5.08614 5.36977 5.43409 5.01298 4.90033 4.89217 4.88375 7.02369 10.1143 6.81856 5.66967 5.71858 5.63836 4.05721 4.05874 3.81403 7.86724
threshold=0.4631431373058536 -0.77371383506239377 1.971175875600846 0.45388732896799172 -0.018291979642816956 -0.80393282683719758 0.18223068039431098 -0.91622972104490319 0.35465341233687608 -1.0251104640038087 -0.44038207104179689 -0.99008265622573199 -0.12129655517881088 1.1655224804483248 1.4759513960699231 -1.6765697205580194 -0.051768065659919739 -1.4207684488009822 -1.1984955019675674 -1.3802887956093917 -1.5913945779489633 -0.69554686223231077 -0.35771772532298823 -0.38573289009942807 -0.10813904380956817 0.90055153077862615 2.2900030344027384 0.61688257147234671 -1.3293988289119671 -0.44284591764761411
decision_type=2 2 2 2 2 2 2 2 2 2 2 2 2 2 2 2 2 2 2 2 2 2 2 2 2 2 2 2 2 2
left_child=1 17 13 8 -5 6 -6 -7 10 -10 11 -3 -12 19 15 -15 -11 -1 -19 20 21 -2 -22 25 -25 -21 27 -20 29 -16
right_child=2 3 -4 4 5 7 -8 -9 9 16 12 -13 -14 14 28 -17 -18 18 26 23 22 -23 -24 24 -26 -27 -28 -29 -30 -31
leaf_value=0.0064030925560759101 0.0098703286517373041 0.0049149007562291191 -0.0072121174078188166 -0.0081150309906384763 0.00027114054996560621 0.0045352855592435343 -0.0057476548806084547 -0.00040949510430478216 0.010812263470806601 -0.0044837104995516068 -0.0020705616654438227 0.00081388449132519989 0.00025982297061089682 0.0096000121753963327 0.018191606172427599 -0.0078536830108539187 0.0033185739820699132 0.011279004570847849 0.0023449935584261743 -0.0016053711581921024 0.010080861247756867 -0.0055441416504673552 -0.0033234994586233556 0.0013134028346446355 -0.0017626467834499951 -0.0051594419593594164 0.011757067408360035 0.00051941266444267256 -0.0031192137987929697 -0.0021340701426342209
leaf_weight=26.360577926039696 5.4557055607438114 50.115157723426819 46.293726593255997 12.893308773636816 50.212290167808533 29.630037471652031 56.622536689043045 283.11362001299858 12.237230047583578 9.8708742409944517 136.50899934768677 349.1914427280426 515.15100562572479 1.7455542981624592 2.5672369226813316 35.25145922601223 45.383276179432869 5.5607597827911368 432.19835595041513 101.38259966671467 13.422113589942457 17.846883170306683 5.0825991779565802 80.618606373667717 237.33755757659674 81.477196209132671 4.0860021933913222 171.77482303977013 73.378589741885662 6.3801586925983411
leaf_count=315 33 227 610 58 218 125 248 1223 53 42 591 1551 2229 13 21 259 193 46 2744 515 78 105 29 479 1436 588 28 1052 600 54
internal_value=0 0.00073677 -0.00227844 0.00014427 -0.000922301 -0.00069701 -0.00291187 5.7088e-05 0.000557618 0.00354522 0.000364489 0.00133219 -0.000227052 -0.00193085 -0.00380517 -0.00697959 0.00190109 0.00217083 0.00198637 -0.00151622 0.00175212 -0.00186575 0.00634733 -0.00179134 -0.000979395 -0.00319639 0.0018979 0.00182761 -0.00235973 0.00372397
internal_weight=2899.15 2190.91 708.24 1550.93 432.472 419.578 106.835 312.744 1118.46 67.4914 1050.97 399.307 651.66 661.946 119.323 36.997 55.2542 639.981 613.62 542.623 41.8073 23.3026 18.5047 500.816 317.956 182.86 608.059 603.973 82.326 8.9474
internal_count=15763 10943 4820 6758 1872 1814 466 1348 4886 288 4598 1778 2820 4210 947 272 235 4185 3870 3263 245 138 107 3018 1915 1103 3824 3796 675 75
is_linear=0
shrinkage=0.01


Tree=242
num_leaves=31
num_cat=0
split_feature=6 13 6 7 14 15 8 9 19 29 7 7 17 21 24 29 28 14 19 15 24 15 27 14 19 17 5 14 5 26
split_gain=47.7605 18.2603 11.9201 6.11957 6.08748 5.99347 5.80875 7.58944 8.90633 7.13819 9.55618 8.4983 6.69585 5.08937 5.32625 7.50821 7.93383 5.80427 5.15125 5.76879 5.23283 4.93785 4.82831 4.77148 6.53874 8.34496 5.29592 6.20794 5.1646 4.55397
threshold=0.4631431373058536 -0.53541070459289875 1.971175875600846 -1.8833623066310501 -1.4277551419103394 -1.2841223038673384 -0.01217641471029967 -0.26916941578414438 0.95869212589859065 -0.29673719680139449 0.55057196811647835 -0.42377054882539988 0.68549596140894764 -1.9362156112875433 1.1085957306251191 0.94229712209283423 0.33107855814299453 0.75192837150709657 1.2682406242320596 0.51319160288015897 0.9965877694984725 -0.64471023128476679 1.8986153690227048 -0.57890497322464629 -1.6509192549629004 -0.96389957362719236 -1.7220508952257851 -0.47720469794358356 -2.0660662842911077 0.48935615762686485
decision_type=2 2 2 2 2 2 2 2 2 2 2 2 2 2 2 2 2 2 2 2 2 2 2 2 2 2 2 2 2 2
left_child=1 3 13 29 -5 -6 23 8 12 11 -11 -9 -8 21 18 16 -16 -17 20 -20 -15 -2 -7 24 25 -3 28 -28 -25 -1
right_child=2 6 -4 4 5 22 7 9 -10 10 -12 -13 -14 14 15 17 -18 -19 19 -21 -22 -23 -24 26 -26 -27 27 -29 -30 -31
leaf_value=0.0093752797317594189 0.013736081763369752 -0.0081450213795999926 -0.0071832607870058063 0.0064182241720543223 0.0064300596061112689 0.0012387004555755971 -0.0080581810395402974 0.010838695524502069 0.0049490622678661838 0.0027539271228626911 -0.0007406725202033029 -0.0020600103553891419 -0.00078636724301936077 -0.0018871204683836612 0.0040761773392514562 0.009100612438500447 -0.0040966553494699506 0.00059917489292106256 -0.0093768243958676153 -0.0026010453451848492 -0.0077347256796522655 -0.0009802833321909659 0.0061160292592893151 -0.0022794651401014162 -0.0107654549163514 0.010859944460200567 0.0052126761677772386 0.00033179303577811245 0.0077246553078683753 0.00063006923186250373
leaf_weight=17.988465890288357 3.9505026042461395 4.4742172509431839 46.016695410013199 25.896301448345184 23.963128708302975 849.21733919531107 36.060496285557747 5.1102184057235709 9.3923250883817655 124.13174106180668 210.677001491189 217.90653936564922 20.017432421445847 488.01840632408857 15.935311235487459 13.146315589547156 44.940681971609592 21.145887210965157 21.432105712592602 31.831139013171196 15.841122560203074 4.9260659515857679 20.821748457849026 6.7378805577755001 8.4862447082996351 4.5394946336746234 27.312753170728683 548.14087979495525 19.720121428370476 9.278647452592848
leaf_count=134 24 23 610 298 149 4887 150 21 39 523 906 937 83 3081 97 61 276 142 156 240 103 30 122 30 39 24 126 2296 90 66
internal_value=0 0.000729799 -0.0022591 0.00177572 0.00163542 0.00149506 -6.66546e-05 -0.000748874 -0.00396871 -0.000368535 0.000552414 -0.00175524 -0.00548627 -0.00191384 -0.00201761 0.000158775 -0.0019377 0.00390436 -0.00239114 -0.00535869 -0.00207445 0.00553787 0.00135726 0.000618239 -0.00450611 0.00133069 0.000769608 0.000566057 0.00514033 0.00644911
internal_weight=2897.06 2189.87 707.184 947.166 919.899 894.002 1242.71 623.296 65.4703 557.826 334.809 223.017 56.0779 661.168 652.291 95.1682 60.876 34.2922 557.123 53.2632 503.86 8.87657 870.039 619.412 17.5 9.01371 601.912 575.454 26.458 27.2671
internal_count=15763 10943 4820 5656 5456 5158 5287 2659 272 2387 1429 958 233 4210 4156 576 373 203 3580 396 3184 54 5009 2628 86 47 2542 2422 120 200
is_linear=0
shrinkage=0.01


Tree=243
num_leaves=31
num_cat=0
split_feature=6 6 6 9 20 25 17 28 28 23 28 9 9 26 0 28 26 21 11 9 20 19 22 19 21 7 11 29 28 17
split_gain=46.8712 18.0217 11.7993 6.57906 6.80534 6.85793 9.52154 6.83184 6.51333 6.83181 6.77704 5.00131 5.31799 5.36254 4.79062 4.76016 7.76697 7.32477 5.28409 4.84919 4.95395 4.23481 7.84117 11.0064 6.95423 8.54018 8.52973 6.37551 4.02449 10.3865
threshold=0.4631431373058536 -0.77371383506239377 1.971175875600846 0.45388732896799172 -0.018291979642816956 -0.80393282683719758 0.18223068039431098 -0.67853258319984122 1.9186409696998548 -1.2856616092352828 -0.90355601677527575 1.1655224804483248 1.4759513960699231 -1.6765697205580194 -1.4207684488009822 -1.2418427558176131 -1.2881966887469745 -0.13161298362608434 1.6143276967252989 -1.6203903334420513 -0.77120782687031231 -0.17183001519774047 -1.2579752873942243 -0.56030701216987377 -0.65001216663594941 1.9111491190345198 -0.56005892908498212 -0.42190999352154529 0.70108249655527477 -0.50492176318627791
decision_type=2 2 2 2 2 2 2 2 2 2 2 2 2 2 2 2 2 2 2 2 2 2 2 2 2 2 2 2 2 2
left_child=1 14 11 8 -5 6 -6 -7 9 -3 -11 15 13 -13 -1 19 17 -17 -18 -2 -21 22 23 -16 25 -23 -26 -24 -14 -30
right_child=2 3 -4 4 5 7 -8 -9 -10 10 -12 12 28 -15 21 16 18 -19 -20 20 -22 24 27 -25 26 -27 -28 -29 29 -31
leaf_value=0.0063435833634342487 -0.013178887901770282 0.003194429191394206 -0.0071544036118489432 -0.0080492175761481023 0.00028097921692281797 -0.0024336488693852422 -0.0056816175246692654 0.00093808513615320401 0.0061660408765149702 0.0017214931322261701 -0.00022825753510475881 0.0095025299572585858 -0.0035358600915850629 -0.0078050912178586054 -0.0079075637675456983 0.010216297218994612 -0.0012334642941791321 -0.00012488771639112647 -0.0057976728206145522 0.002583669147876565 -0.0052576554864766636 0.0040746387039575158 0.0058883427686471255 0.0060286488947340969 -0.0183149087394705 -0.0079026216212559862 0.00057101781936838623 0.0022880311583501132 0.016300461772545242 -0.0019910646675991724
leaf_weight=26.093740485608578 5.6530792713165274 83.214890465140343 45.742061637341976 12.86671496927738 50.198860555887222 81.008514076471329 56.550962314009666 231.67817839980125 20.172390028834343 230.42424635589123 784.21700358390808 1.7527754232287396 63.149713806807995 35.021675139665604 14.398287713527681 11.002027407288553 438.19686384499073 17.388094894587994 26.997910231351852 10.515978209674357 31.836385279893875 104.2405306994915 77.988568291068077 9.1437864601612073 2.3113748282194129 6.1692804545164099 260.41408194601536 137.66937392205 3.7850288748741177 15.119949795305727
leaf_count=315 31 364 610 58 218 354 248 994 89 999 3434 13 530 259 89 66 2634 100 181 60 191 628 549 56 11 30 1569 938 28 117
internal_value=0 0.00072292 -0.00223983 0.000139892 -0.000906723 -0.000683369 -0.00287072 6.08658e-05 0.000545522 0.000440786 0.00021367 -0.00189689 -0.00375972 -0.00692951 0.00213691 -0.00148571 -0.00119001 0.00386933 -0.00150169 -0.0044964 -0.00328562 0.00195501 0.00299672 -0.00244981 0.00128391 0.0033898 0.000394155 0.00359678 -0.00232024 0.00168502
internal_weight=2894.92 2188.76 706.162 1550.33 432.303 419.437 106.75 312.687 1118.03 1097.86 1014.64 660.419 118.829 36.7745 638.429 541.59 493.585 28.3901 465.195 48.0054 42.3524 612.335 239.2 23.5421 373.135 110.41 262.725 215.658 82.0547 18.905
internal_count=15763 10943 4820 6758 1872 1814 466 1348 4886 4797 4433 4210 947 272 4185 3263 2981 166 2815 282 251 3870 1632 145 2238 658 1580 1487 675 145
is_linear=0
shrinkage=0.01


Tree=244
num_leaves=31
num_cat=0
split_feature=14 6 13 28 11 4 6 14 4 11 26 14 19 15 8 20 0 5 24 24 28 11 17 8 5 17 26 6 26 6
split_gain=46.1034 18.0817 10.1877 8.75759 6.82002 6.78656 7.12611 13.678 6.97821 6.56178 7.57481 8.05957 7.51204 10.5743 7.38108 6.90292 6.46757 6.28974 5.15451 9.25486 5.90524 12.2489 5.14506 6.67994 12.2772 6.20346 5.6737 6.76656 4.0287 4.33608
threshold=-0.10743644587334983 1.3702784339322898 -0.93344357127992417 -1.8522961559545836 -0.89042356208121431 -0.98416724242392839 -1.0122027741500486 -1.0164125741696377 -1.0281964850652294 0.87954787430796932 -1.3616249460294172 0.72078593160245819 0.86508633864473328 0.67292659869826121 -0.15598759183945463 1.7599135916613657 -1.0711477814053965 -1.5719223820329289 0.89041467527087381 0.96537217277969189 0.07625307544714717 -1.0000000180025095e-35 -0.44038207104179689 0.41358463363459791 0.5183010756040719 0.71299862875647324 -2.1258471139241313 -0.99036836514040638 -1.418089447992444 1.4956424724648893
decision_type=2 2 2 2 2 2 2 2 2 2 2 2 2 2 2 2 2 2 2 2 2 2 2 2 2 2 2 2 2 2
left_child=2 3 4 -2 17 6 8 -8 -6 12 11 -11 15 -14 -12 -5 -4 -1 28 -20 21 -21 26 25 -25 -24 -18 -28 29 -3
right_child=1 18 16 9 5 -7 7 -9 -10 10 14 -13 13 -15 -16 -17 22 -19 19 20 -22 -23 23 24 -26 -27 27 -29 -30 -31
leaf_value=0.0011681854903883423 -0.0051829361641064463 -0.010692904532531885 0.011427116323065872 -0.00070884250248577044 0.0022128370011865886 0.0055712781882199872 0.0039886673572133479 -0.006660841419970088 0.008149970556994816 -0.00084674604458722692 0.0085408263015145543 0.012298917609664554 0.005549720950590491 -0.0056765770373314673 -0.0033152138566879363 0.0072929569497907276 0.01075953742844927 -0.016015061152814352 0.013148012008321747 -0.0077607022640079843 -0.0049269080568500479 0.019837525232309808 -3.3415372115395004e-06 0.0060911301605406981 0.00040047810472439009 -0.0028070005393462842 -0.0072063694089610063 0.0015952527132593157 -0.0059538375605988226 0.0039353405758801672
leaf_weight=4.5971726775169373 46.443103589117527 2.5652436763048163 5.446216754615306 841.08637537062168 311.07112577557564 65.616137318313122 23.137159302830696 24.867916643619537 21.231466770172119 14.469460085034372 5.2666552513837805 6.6907351016998282 41.791731387376785 10.323195286095141 184.34055484831333 10.802103020250795 6.5018634200096121 3.6996453553438169 3.9186947941780081 3.1402623280882835 27.110115699470043 3.050421990454196 290.76963920146227 43.584508553147316 291.14209227263927 108.58706396818161 8.8187526464462263 357.00236705690622 117.49886457622051 8.2948807403445226
leaf_count=31 229 24 43 4094 2240 436 158 154 136 72 25 42 205 55 1045 62 30 21 36 30 263 26 1334 196 1275 482 50 1690 1198 81
internal_value=0 -0.00137133 0.00116209 -0.000929217 0.00242463 0.00259386 0.00207619 -0.00150965 0.00259752 -0.000750655 -0.00234006 0.0033011 -0.000378763 0.00330019 -0.00297629 -0.00060536 0.000645238 -0.0064744 -0.00446347 -0.00114884 -0.0028955 0.00577836 0.000590234 0.000103064 0.00114604 -0.000768686 0.00154778 0.00137843 -0.00541517 0.000322763
internal_weight=2892.87 1326.79 1566.07 1161.21 454.221 445.924 380.308 48.0051 332.303 1114.77 210.767 21.1602 904.003 52.1149 189.607 851.888 1111.85 8.29682 165.578 37.2195 33.3008 6.19068 1106.41 734.083 334.727 399.357 372.323 365.821 128.359 10.8601
internal_count=15763 7487 8276 5829 3176 3124 2688 312 2376 5600 1184 114 4416 260 1070 4156 5100 52 1658 355 319 56 5057 3287 1471 1816 1770 1740 1303 105
is_linear=0
shrinkage=0.01


Tree=245
num_leaves=31
num_cat=0
split_feature=6 6 6 5 18 23 17 24 23 7 24 23 22 19 28 29 23 24 26 6 6 23 29 14 10 17 27 19 17 15
split_gain=45.331 17.3967 11.6172 5.9071 6.33113 5.49519 6.4456 7.40642 7.17325 5.87202 5.00036 7.37997 8.94222 8.47006 6.97649 7.23303 10.9461 6.45979 6.34487 5.54718 6.40223 5.19908 4.80674 4.78743 4.8081 4.63615 4.06327 4.19431 4.05791 3.95232
threshold=0.4631431373058536 -0.77371383506239377 1.971175875600846 -1.7220508952257851 -0.64922994784706956 -0.82842520305780531 -0.74321898692767518 0.90550326424997085 -1.7156399611190267 -1.8145214723525787 1.1085957306251191 -0.38573289009942807 -0.71555487360790893 1.2682406242320596 0.47052675583299214 0.94229712209283423 -0.67696614563569468 -1.6301231388805617 -0.76350127526277234 1.1057685030578208 1.3118789048395516 0.95350636736106964 -1.6723410258549416 -1.4658095375425937 -1.1984955019675674 1.213769781289602 2.2900030344027384 -0.17183001519774047 -0.470852126615665 0.51319160288015897
decision_type=2 2 2 2 2 2 2 2 2 2 2 2 2 2 2 2 2 2 2 2 2 2 2 2 2 2 2 2 2 2
left_child=1 23 10 4 -3 6 8 -8 -5 28 11 12 18 17 19 25 -17 -13 -2 21 -21 -12 -11 -1 -25 -16 27 -26 -7 -15
right_child=2 3 -4 5 -6 9 7 -9 -10 22 14 13 -14 29 15 16 -18 -19 -20 20 -22 -23 -24 24 26 -27 -28 -29 -30 -31
leaf_value=0.0067716939728554842 0.0027874857651356668 0.0048659153351233797 -0.0071074709385422364 -0.0046552533620881275 -0.0068415482020440458 0.013211060409523405 0.0014658797850382202 -0.0029653249840903184 0.0061552465522324773 0.0044141657229463992 0.0084359052258364906 -0.0067826353566423367 -0.0057174763817322248 -0.009981139154977451 -0.0052800449932900052 0.016951001477287893 -0.0013948828320405676 -0.00042516407347846399 -0.0029902871863018376 -0.011661325149871275 0.003076249784309999 -0.0038005588060323519 -0.00042004333119665944 0.0112331793753606 0.0028165262508130155 0.0047926938717281252 0.011686424516457508 0.0011058742536603551 0.0012701818252973532 -0.0032926679608134613
leaf_weight=21.308487296104431 24.884887382388115 42.663305133581161 45.298745915293694 7.006027251482009 5.0242770016193381 5.2425606027245522 190.80743488669395 46.816515132784843 41.888404063880444 20.803004831075668 20.545335076749328 16.842232592403889 108.16456723958254 13.926806375384329 37.672303445637226 4.4455884099006644 11.104065373539923 294.99933470785618 77.827966630458832 4.2028982043266288 9.1252187713980657 3.9905827194452277 1183.0193426012993 5.4610725045204154 238.42224065959454 5.0157152488827697 4.1115292012691489 367.47629371285439 6.5882556736469251 26.280986398458481
leaf_count=252 164 222 610 31 26 29 833 202 186 92 104 107 710 101 232 24 72 1850 499 30 69 20 5099 46 1649 32 29 2209 38 196
internal_value=0 0.000710856 -0.00220602 0.000138392 0.00359978 2.76098e-05 0.0012738 0.00058776 0.00457947 -0.000265363 -0.00186657 -0.00222659 -0.00370837 -0.00133536 0.000232009 -0.00192838 0.00386104 -0.000773794 -0.00157939 0.00357752 -0.00154887 0.0063978 -0.000335314 0.00210237 0.00193801 -0.00406472 0.00185133 0.00178102 0.00671171 -0.00565318
internal_weight=2890.97 2186.64 704.327 1549.86 47.6876 1502.17 286.518 237.624 48.8944 1215.65 659.028 562.927 210.877 352.049 96.1017 58.2377 15.5497 311.842 102.713 37.864 13.3281 24.5359 1203.82 636.78 615.471 42.688 610.01 605.899 11.8308 40.2078
internal_count=15763 10943 4820 6758 248 6510 1252 1035 217 5258 4210 3627 1373 2254 583 360 96 1957 663 223 99 124 5191 4185 3933 264 3887 3858 67 297
is_linear=0
shrinkage=0.01


Tree=246
num_leaves=31
num_cat=0
split_feature=14 6 13 28 11 4 6 7 4 11 3 26 14 8 7 26 0 5 24 24 28 11 1 26 23 19 23 23 26 26
split_gain=44.5028 17.6431 9.84745 8.61767 6.70065 6.71462 7.01831 13.4575 6.90754 6.39149 10.5877 7.44481 7.85549 7.23053 6.64333 6.36638 6.36511 6.10929 5.09237 9.03439 5.76612 11.8721 4.96948 5.85699 9.47208 6.5471 5.62042 11.3765 6.31059 4.0152
threshold=-0.10743644587334983 1.3702784339322898 -0.93344357127992417 -1.8522961559545836 -0.89042356208121431 -0.98416724242392839 -1.0122027741500486 -0.59118577422515584 -1.0281964850652294 0.87954787430796932 1.3767915233014187 -1.3616249460294172 0.72078593160245819 -0.15598759183945463 0.52929281241121606 2.2588333577626121 -1.0711477814053965 -1.5719223820329289 0.89041467527087381 0.96537217277969189 0.07625307544714717 -1.0000000180025095e-35 0.086233014790385795 0.36454002649794587 -1.2118096879486642 -0.47292609066928865 -0.21295073547675947 0.34363029777314946 0.99066683002288924 -0.17301389155658373
decision_type=2 2 2 2 2 2 2 2 2 2 2 2 2 2 2 2 2 2 2 2 2 2 2 2 2 2 2 2 2 2
left_child=2 3 4 -2 17 6 8 -8 -6 10 15 12 -11 -13 -12 -5 -4 -1 -3 -20 21 -21 23 24 -18 -25 28 -28 -24 -7
right_child=1 18 16 9 5 29 7 -9 -10 11 14 13 -14 -15 -16 -17 22 -19 19 20 -22 -23 26 25 -26 -27 27 -29 -30 -31
leaf_value=0.0011320141107795934 -0.0051362372656319341 -0.0053634311910368496 0.011393913228233812 -0.0004492102697171384 0.0021751815253764906 0.0021727191811785488 0.0034603047539364306 -0.0071159928655995866 0.0080994282374373967 -0.00082330285247644939 -0.0041351486827133762 0.0084487828651699255 0.012131500517133487 -0.0032748789258547407 0.010052521313749212 -0.0097297664891784364 0.0071493558641830815 -0.015777058556255368 0.012952174227880165 -0.0077320788604716834 -0.0048751825253405233 0.019381360137176513 -0.0021403548689098457 -0.0018599361845515598 0.0014796177513550482 0.0015597775038549947 0.0033636117586804816 -0.0006966286425528187 0.0024570729561290959 0.0074063810330237262
leaf_weight=4.5856432691216469 46.352272003889084 127.48486676067114 5.3815058991312972 877.10983415693045 310.16703485697508 23.768217898905277 25.304027929902077 22.663106426596642 21.101856008172035 14.452415928244593 4.0485993921756771 5.2768823355436316 6.7289896160364142 183.88437584787607 15.015934057533739 7.3673234432935706 32.377472288906574 3.7259045988321287 3.9470899477601042 3.1232139766216278 26.942219100892544 3.0922335907816878 179.0506177842617 106.65512745827436 334.18154832720757 117.57052437961102 106.87312600016594 193.66096407175064 35.553076222538948 41.542284987866879
leaf_count=31 229 1303 43 4283 2240 157 175 137 136 72 20 25 42 1045 73 40 161 21 36 30 263 26 801 518 1567 527 477 848 158 279
internal_value=0 -0.00134837 0.00114238 -0.000912435 0.00238599 0.00255441 0.00203918 -0.0015203 0.0025579 -0.000735327 -0.000368408 -0.00230578 0.00328291 -0.00293826 0.00698155 -0.000528735 0.000634542 -0.00642656 -0.00441292 -0.00111463 -0.00285312 0.00569202 0.000580257 0.0012063 0.00198496 -6.2489e-05 -0.000135873 0.000744548 -0.00137326 0.00552323
internal_weight=2888.99 1324.83 1564.16 1160.24 452.858 444.547 379.236 47.9671 331.269 1113.88 903.542 210.343 21.1814 189.161 19.0645 884.477 1111.3 8.31155 164.59 37.1048 33.1577 6.21545 1105.92 590.785 366.559 224.226 515.138 300.534 214.604 65.3105
internal_count=15763 7487 8276 5829 3176 3124 2688 312 2376 5600 4416 1184 114 1070 93 4323 5100 52 1658 355 319 56 5057 2773 1728 1045 2284 1325 959 436
is_linear=0
shrinkage=0.01


Tree=247
num_leaves=31
num_cat=0
split_feature=6 13 6 7 14 15 18 21 24 23 22 19 29 28 23 27 27 26 0 23 15 27 24 11 15 10 28 26 26 8
split_gain=43.8355 16.8156 11.4354 5.95443 5.88507 5.91341 5.60514 4.99019 5.15611 7.65912 8.18803 7.98918 7.207 7.63697 6.4677 4.84583 4.73915 4.55081 4.95983 4.48426 10.28 8.10289 7.9978 7.15408 6.75431 5.57007 3.64069 3.3812 6.67325 3.36897
threshold=0.4631431373058536 -0.53541070459289875 1.971175875600846 -1.8833623066310501 -1.4277551419103394 -1.2841223038673384 2.0541403363358097 -1.9362156112875433 1.1085957306251191 -0.38573289009942807 -0.71555487360790893 1.2682406242320596 0.94229712209283423 0.33107855814299453 -0.43986156105742269 -0.34224190491207968 1.8986153690227048 0.48935615762686485 -0.89311537734724988 0.61041877342783912 -0.49510221390436837 1.0804601955576685 -0.62942438282784807 -0.52387051696789866 -0.78997119464760324 -1.2207429047471228 0.35236577349288684 -0.094356384056288975 -0.52542572631346884 -1.6199534277937846
decision_type=2 2 2 2 2 2 2 2 2 2 2 2 2 2 2 2 2 2 2 2 2 2 2 2 2 2 2 2 2 2
left_child=1 3 7 17 27 26 19 15 9 10 -9 -11 13 -10 -14 -2 -7 -1 -19 23 22 -22 -21 24 -3 -25 -6 28 -5 -4
right_child=2 6 29 4 5 16 -8 8 12 11 -12 -13 14 -15 -16 -17 -18 18 -20 20 21 -23 -24 25 -26 -27 -28 -29 -30 -31
leaf_value=0.0092945582953321577 0.014630696076503398 0.0057437909043127943 0.0034876257064193794 0.0088489478775639532 0.0027122598437980604 0.0011759316328329515 -0.0051121665232614997 -0.0017572811150722944 0.0040308168199357725 -0.00084972532630112746 -0.0057706885626086207 -0.0056036879616874723 0.0091272759943395038 -0.0039920048631720655 0.00024156785220913961 -0.00021911848185182431 0.0060262397442121538 0.0062157620625625937 -0.0087828995998427035 -0.0090980033165105074 -0.00075857772317776309 0.0041186617377476651 -0.0020495031241120703 -0.0037770026537253553 0.0011397754135640803 9.9827808451665657e-05 0.010729307074396718 0.0091113685124509149 -0.007883752195377805 -0.0077560285740717119
leaf_weight=17.736127175390724 3.4509056583046913 38.475556448101997 2.6619155779480925 5.3095134124159813 13.199417427182199 845.86632809787989 21.519520923495293 99.197246290743351 15.955047123134134 308.2331870496273 106.46688210964203 39.996801935136318 13.833024486899374 44.600943468511105 20.477534972131252 5.4211466982960683 20.658945620059967 5.7870665714144707 3.4124898612499219 22.871963486075401 215.32974976301193 40.360192954540253 55.991423383355141 39.303214907646179 189.81840391457081 618.2436430901289 10.579162396490572 16.00287152826786 4.1299008354544657 42.198335848748684
leaf_count=134 20 163 33 62 84 4887 95 644 97 1937 702 297 78 276 125 34 122 49 17 97 931 175 236 168 816 2606 65 187 49 577
internal_value=0 0.000698947 -0.00217256 0.00170592 0.00156772 0.0014303 -6.46719e-05 -0.0018366 -0.00193992 -0.00230895 -0.00384157 -0.00140008 0.000204388 -0.00185854 0.0038692 0.00554415 0.0012934 0.00634427 0.000509998 2.39241e-05 -0.000961404 8.68541e-06 -0.00411531 0.000397246 0.00192227 -0.000130919 0.00635094 0.00631268 0.00141738 -0.00706034
internal_weight=2887.09 2184.6 702.493 942.682 915.746 890.304 1241.91 657.633 648.761 553.894 205.664 348.23 94.8666 60.556 34.3106 8.87205 866.525 26.9357 9.19956 1220.39 334.553 255.69 78.8634 885.841 228.294 657.547 23.7786 25.4423 9.43941 44.8603
internal_count=15763 10943 4820 5656 5456 5158 5287 4210 4156 3580 1346 2234 576 373 203 54 5009 200 66 5192 1439 1106 333 3753 979 2774 149 298 111 610
is_linear=0
shrinkage=0.01


Tree=248
num_leaves=31
num_cat=0
split_feature=6 6 6 9 20 25 17 28 28 23 28 9 9 21 21 27 23 24 14 10 17 11 5 1 27 19 27 24 25 8
split_gain=43.0159 16.564 11.3168 6.37173 6.70447 6.72633 9.29901 6.6942 6.37903 6.58046 6.68291 4.90275 5.31004 4.72429 6.95341 8.40471 5.44338 10.23 4.68473 4.72982 4.5558 4.49688 4.41529 9.07788 4.01157 4.11883 3.97261 5.79819 3.81667 3.3518
threshold=0.4631431373058536 -0.77371383506239377 1.971175875600846 0.45388732896799172 -0.018291979642816956 -0.80393282683719758 0.18223068039431098 -0.67853258319984122 1.9186409696998548 -1.2856616092352828 -0.90355601677527575 1.1655224804483248 1.4759513960699231 -1.3802887956093917 -1.5913945779489633 -0.4966911809296764 -0.38573289009942807 1.7675609407230466 -1.4658095375425937 -1.1984955019675674 0.25562921054529647 1.6143276967252989 0.50041989755029426 -0.41425862990040119 2.2900030344027384 -0.17183001519774047 0.48247833182484934 1.2335826310419651 0.69517734950574983 1.8033315629950801
decision_type=2 2 2 2 2 2 2 2 2 2 2 2 2 2 2 2 2 2 2 2 2 2 2 2 2 2 2 2 2 2
left_child=1 18 11 8 -5 6 -6 -7 9 28 -11 13 -13 14 15 -2 17 -15 -1 -20 -16 -18 -14 -24 25 -21 27 -10 -3 -4
right_child=2 3 29 4 5 7 -8 -9 26 10 -12 12 22 16 20 -17 21 -19 19 24 -22 -23 23 -25 -26 -27 -28 -29 -30 -31
leaf_value=0.0067015711789893276 0.0071581673997818179 0.0044613600800404501 -0.0075822174497097621 -0.0079930816118200781 0.00027238121602842554 -0.0024079110005120986 -0.0056224051317346983 0.00093094989167214555 0.0086474906152540117 0.0017050678273686063 -0.00023190538313241392 -0.0068550645445242054 -0.0070426597917910118 -0.003576301711062459 0.0032380820989455425 -0.0058130020422993934 -0.00054189609220571587 0.0080617094365202421 0.011189586453384692 0.0027643650998446338 0.014574286743836491 -0.0050495032934424131 0.0078708984672193286 -0.002621079935504617 0.011638524249462594 0.0010663181264646206 0.011587152064613779 -0.0050522318767651075 -0.00028535552865508905 0.0063400303966619923
leaf_weight=21.043761715292931 7.0748133212327984 60.047073893249035 42.943376466631889 12.839593097567557 50.179946526885033 80.93496373295784 56.472259223461151 231.59441663324833 6.6604778021574038 230.22079652547836 783.71988268941641 36.431802205741405 15.413333088159559 173.45650254189968 13.536584362387659 16.133342079818249 292.23630997538567 7.7547065168619147 5.3667197972536078 237.44114008545876 4.9307304546236983 23.951384246349335 9.5281702503561956 56.469844460487366 4.0593482851982108 366.58508982509375 7.9546347558498374 5.5132477432489395 23.027670875191689 1.650619864463805
leaf_count=252 41 263 587 58 218 354 248 994 29 999 3434 272 133 1059 78 97 1758 44 46 1649 29 157 76 466 29 2209 36 24 101 23
internal_value=0 0.000692295 -0.0021539 0.000134178 -0.000896122 -0.000674501 -0.00284188 6.2601e-05 0.000533555 0.000429926 0.000207034 -0.00182025 -0.00367274 -0.00141283 0.00180656 -0.0018022 -0.00168489 -0.00306858 0.00205316 0.00189101 0.00638087 -0.000888 -0.00222971 -0.0010816 0.00180547 0.00173582 0.00610193 0.00237106 0.00313482 -0.00703149
internal_weight=2885.17 2183.66 701.512 1549.16 432.021 419.182 106.652 312.529 1117.14 1097.02 1013.94 656.918 117.843 539.074 41.6755 23.2082 497.399 181.211 634.496 613.452 18.4673 316.188 81.4113 65.998 608.086 604.026 20.1284 12.1737 83.0747 44.594
internal_count=15763 10943 4820 6758 1872 1814 466 1348 4886 4797 4433 4210 947 3263 245 138 3018 1103 4185 3933 107 1915 675 542 3887 3858 89 53 364 610
is_linear=0
shrinkage=0.01


Tree=249
num_leaves=31
num_cat=0
split_feature=14 6 6 14 13 5 11 19 15 20 5 11 13 2 24 24 23 7 13 20 27 29 9 23 8 25 15 9 16 18
split_gain=42.2737 15.1066 11.4756 9.84617 9.23502 7.47627 6.54001 8.20954 8.98392 6.49858 5.64683 5.83562 5.637 5.55951 5.02855 8.83853 4.96769 4.86266 6.42134 4.80103 8.77643 10.2945 13.6558 6.24882 6.22642 5.80039 7.85169 6.72884 5.11038 7.93258
threshold=0.031281045376264541 1.3702784339322898 -0.78267091142507572 0.020848623382935697 -0.047487024537075623 0.09375931491118808 0.87954787430796932 0.86508633864473328 0.65436867725171988 1.7599135916613657 2.2863690706027637 -0.74987763877940561 -0.17323375705407607 0.0094934429563250603 0.89041467527087381 0.96537217277969189 0.53481351436777469 1.0000000180025095e-35 0.91672086589130453 -0.23059518366155027 -0.034503545550961683 0.093612437027902409 -0.52987777967462635 -2.0007800789971459 -0.65955190496572635 -1.0796480806156474 1.2042386607745807 1.0278431420327223 -1.0353744287703714 -0.81153740812371156
decision_type=2 2 2 2 2 2 2 2 2 2 2 2 2 2 2 2 2 2 2 2 2 2 2 2 2 2 2 2 2 2
left_child=2 4 19 10 5 -2 7 9 -9 -6 11 16 -13 -5 -3 -16 -4 18 -8 20 28 22 -22 -21 -23 26 -25 -27 -1 -30
right_child=1 14 3 13 6 -7 17 8 -10 -11 -12 12 -14 -15 15 -17 -18 -19 -20 23 21 24 -24 25 -26 27 -28 -29 29 -31
leaf_value=0.0098302982986997467 0.011661847186717202 -0.005291802779351258 0.0035427454035828311 0.0031073312639040428 -0.0011446965199958382 -0.0011442178721696229 0.0012280499312389882 0.0056095148126232329 -0.0061217353267559727 0.0066399909286213987 0.0070295742882943478 0.00029426884330647829 -0.00155851706202485 0.015656048750024572 0.012814314174306932 -0.0027910484670197766 -2.149072412434199e-06 -0.0038494988401878228 -0.0085247150678907022 0.010885143878537238 0.011054075670174945 0.00022164461202172389 -0.01324372785445729 -0.00022027823169315516 0.0050933390314739915 0.002076814647616524 -0.01097499454454828 -0.0046023012934557706 -0.00074276166670187143 0.0059734624647720634
leaf_weight=20.154566720128059 10.140852108597757 126.27580808103085 88.145302273333073 8.8465822041034681 686.82723043113947 7.951389104127883 44.29353155195713 35.478219412267208 7.8325456902384749 10.760484166443346 12.093206584453581 756.44805952161551 209.53005969524384 6.1524548828601828 3.9666646271944037 32.947205804288387 70.593303069472313 135.61324286460876 7.8547294810414305 6.7165770083665839 2.9373481199145308 61.68818237632513 9.3290666043758375 55.091676883399487 46.154391758143902 306.34346181899309 7.6781854480504981 15.685257211327551 23.574663273990154 66.105971701443195
leaf_count=158 41 1303 406 36 3495 32 224 179 45 63 52 3328 856 26 36 319 317 832 50 41 24 441 66 343 327 1936 43 67 184 493
internal_value=0 -0.0015302 0.000958198 0.000366172 -0.0010442 0.00600337 -0.00118321 -0.000758698 0.00345572 -0.00102225 0.000258691 0.000184381 -0.000106703 0.00839052 -0.00434125 -0.00105703 0.00196098 -0.00285169 -0.000235306 0.00205361 0.00320367 0.00132256 -0.00730211 0.00137496 0.00231868 0.00120358 -0.0015671 0.00174706 0.00524857 0.00419795
internal_weight=2883.21 1109.94 1773.27 1151.81 946.752 18.0922 928.66 740.898 43.3108 697.588 1136.81 1124.72 965.978 14.999 163.19 36.9139 158.739 187.762 52.1483 621.459 229.944 120.109 12.2664 391.515 107.843 384.799 62.7699 322.029 109.835 89.6806
internal_count=15763 6619 9144 5021 4961 73 4888 3782 224 3558 4959 4907 4184 62 1658 355 723 1106 274 4123 1693 858 90 2430 768 2389 386 2003 835 677
is_linear=0
shrinkage=0.01


Tree=250
num_leaves=31
num_cat=0
split_feature=6 13 6 7 14 15 18 21 15 21 21 16 23 27 26 0 9 19 11 16 20 29 20 25 9 26 26 20 19 18
split_gain=41.4716 16.0061 11.1548 5.8679 5.74395 5.8257 5.50868 4.89472 4.81537 4.65318 9.45817 7.82957 5.48318 4.6445 4.52446 4.8296 4.36473 7.55311 10.0815 7.61649 7.24719 5.91761 3.70006 5.01136 3.69491 3.38255 6.59359 3.32123 5.12076 13.2101
threshold=0.4631431373058536 -0.53541070459289875 1.971175875600846 -1.8833623066310501 -1.4277551419103394 -1.2841223038673384 2.0541403363358097 -1.9362156112875433 -0.64471023128476679 -1.6204233471593108 -1.3802887956093917 0.29350782129494096 -0.37701210211273006 1.8986153690227048 0.48935615762686485 -0.89311537734724988 0.45388732896799172 1.2922631180483803 0.94569495704815076 0.68877516787922399 -0.018291979642816956 -1.4538052641068682 0.9454742960657575 -0.29363255072823097 0.90273223168180416 -0.094356384056288975 -0.52542572631346884 -0.39128098434013497 -0.37992901922516337 -0.23297544985071142
decision_type=2 2 2 2 2 2 2 2 2 2 2 2 2 2 2 2 2 2 2 2 2 2 2 2 2 2 2 2 2 2
left_child=1 3 7 14 25 -6 16 8 -2 24 11 -11 -12 -7 -1 -16 17 18 -3 -19 -18 -22 -8 -24 -9 26 -5 28 -4 -30
right_child=2 6 27 4 5 13 22 9 -10 10 12 -13 -14 -15 15 -17 20 19 -20 -21 21 -23 23 -25 -26 -27 -28 -29 29 -31
leaf_value=0.0092446411787584677 0.01359017164246124 0.00056043238077395656 -0.0073637445544761787 0.0088012187396994818 0.0062898092150860466 0.0011396030911842124 -0.010346903713468518 -0.009992347448833875 -0.00093460315510935353 0.0077527045793348457 -0.0032748932488892725 -0.0049790499302923112 -0.001285028816587248 0.0059554710450655862 0.0061419025720595112 -0.0086701518975697955 -0.0084488194069381427 0.011447933948826686 -0.0040247569331116548 -0.00069640911854100844 -0.0050463009921411107 -0.00024481298247274651 0.006158824523155252 -0.0064176576253404706 0.0012058796492086215 0.0090657471403505965 -0.0078817764465389691 -0.0092454080148698329 0.025772130111526348 -0.0057891255984033789
leaf_weight=17.57758137583733 3.9645623788237572 768.20963168144226 11.693881601095201 5.2373675405979156 23.641059257090092 843.97770004719496 8.1819712370634097 11.898802101612089 4.9124539047479612 17.87568382173777 217.54471838474274 6.4266555905342093 389.13196489214897 20.533155187964439 5.7306288629770279 3.4247805923223478 12.118090987205504 12.139059722423555 51.015087738633156 8.659091189503668 27.72601044178009 340.18433573842049 4.8982846587896338 8.406603664159773 3.6767034307122222 15.781646996736525 4.1300542727112788 26.497932218015194 1.8105878680944441 4.1685516089200965
leaf_count=134 24 3245 155 62 149 4887 37 71 30 108 1415 41 2493 122 49 17 55 51 217 36 121 1467 21 37 28 187 49 376 24 55
internal_value=0 0.000679674 -0.00211817 0.00166403 0.00152697 0.00139163 -6.49003e-05 -0.00178765 0.00552004 -0.00189037 -0.00175426 0.00433826 -0.00200063 0.00125582 0.00628606 0.000459274 2.28815e-05 0.000425976 0.000273225 0.00636478 -0.000865373 -0.000610647 -0.00507261 -0.00170154 -0.00729431 0.00624237 0.00133458 -0.00698488 -0.00350635 0.00387041
internal_weight=2881.17 2181.57 699.602 940.034 913.301 888.152 1241.54 655.432 8.87702 646.555 630.979 24.3023 606.677 864.511 26.733 9.15541 1220.05 840.023 819.225 20.7982 380.028 367.91 21.4869 13.3049 15.5755 25.1491 9.36742 44.171 17.673 5.97914
internal_count=15763 10943 4820 5656 5456 5158 5287 4210 54 4156 4057 149 3908 5009 200 66 5192 3549 3462 87 1643 1588 95 58 99 298 111 610 234 79
is_linear=0
shrinkage=0.01


Tree=251
num_leaves=31
num_cat=0
split_feature=14 0 13 11 4 6 14 4 0 5 11 5 5 26 24 21 24 18 5 26 24 24 0 23 11 5 8 27 10 8
split_gain=40.7227 16.6665 9.13429 6.57361 6.69032 6.96484 13.1568 6.88726 6.21775 5.9425 5.71831 9.34894 8.90012 7.2002 5.42064 6.7472 6.58985 5.08661 7.24281 12.8682 4.92528 11.3003 11.483 8.52222 6.61214 6.39246 5.3689 4.78812 4.64805 4.54411
threshold=-0.10743644587334983 1.5056581414354833 -0.93344357127992417 -0.89042356208121431 -0.98416724242392839 -1.0122027741500486 -1.0164125741696377 -1.0281964850652294 -1.0711477814053965 -1.5719223820329289 1.0865669608022952 -0.071844429995668146 0.19042865046764187 2.2588333577626121 1.1244693938908663 1.7035401743496255 0.96537217277969189 -0.17198893352721281 0.47951448826871285 -0.27292757386238736 -0.59091774974564648 -0.30194927800879506 -0.91032266987458776 -1.1568115301945883 -0.3857852676636222 2.2863690706027637 1.6150191949840009 -0.071264841997088199 1.469445742505874 -0.60028662354391005
decision_type=2 2 2 2 2 2 2 2 2 2 2 2 2 2 2 2 2 2 2 2 2 2 2 2 2 2 2 2 2 2
left_child=2 10 3 9 5 7 -7 -5 -4 -1 13 -12 -13 14 16 -16 -2 18 28 -20 23 22 -22 26 -25 -23 -10 -14 29 -3
right_child=1 17 8 4 -6 6 -8 -9 20 -11 11 12 27 -15 15 -17 -18 -19 19 -21 21 25 -24 24 -26 -27 -28 -29 -30 -31
leaf_value=0.0010579800271538675 -0.0006615104793070253 -0.0059881233089608445 0.011343182787537735 0.0020854468292631411 0.0054403845540406297 0.003841204178255462 -0.0066362948461447151 0.0080264157027537305 0.0093890860148788148 -0.015612563497562888 0.010964950951594939 -0.013702155550517958 -0.0043427151442610411 -0.0093484470925204906 0.0018615752798931693 -0.010059724143591485 -0.0048508867833575052 -0.0065528897181313262 -0.010232695813693547 0.02047198208157178 -0.019293409036824378 0.00049910938755267178 -0.0021828696710797261 0.0034999435919735433 0.00015378014339300131 0.0088325269947706307 -0.0027492954954039827 -0.00084386627641369497 -0.0098421064752018741 0.0015797569763112049
leaf_weight=4.5617956668138504 858.37019052356482 14.305912554264067 5.276702642440795 307.99354156851768 64.784985058009624 22.829169377684593 24.891020268201828 20.911863595247269 20.392427518963817 3.7441672384738904 4.7822807282209387 7.4227771982550612 75.806122653186321 9.3586753606796247 119.09698697924614 4.8248905465006819 39.27435264736414 71.689783550798893 2.1307155936956406 3.348917491734027 3.9950575828552237 671.86042924970388 106.94308945536613 83.34530121088028 204.43449433892965 9.2515459060668928 4.2394108623266211 82.589817263185978 9.5012848377227765 17.274898096919063
leaf_count=31 4255 179 43 2240 436 158 154 136 99 21 28 41 442 52 571 25 198 863 23 31 26 3082 482 402 905 41 20 470 109 200
internal_value=0 -0.00129246 0.00109428 0.00229717 0.00246515 0.0019494 -0.00160543 0.00246854 0.000605747 -0.00643415 -0.000938663 -0.00263597 -0.00304062 -0.00065659 -0.000575077 0.00138162 -0.000846441 -0.004875 -0.00226166 0.00838405 0.00055252 0.000131681 -0.00282487 0.00161588 0.00112723 0.00061505 0.00725683 -0.00252636 -0.00372281 -0.00182496
internal_weight=2879.23 1319.78 1559.46 449.717 441.411 376.626 47.7202 328.905 1109.74 8.30596 1201.53 170.601 165.819 1030.93 1021.57 123.922 897.645 118.252 46.5617 5.47963 1104.46 792.05 110.938 312.412 287.78 681.112 24.6318 158.396 41.0821 31.5808
internal_count=15763 7487 8276 3176 3124 2688 312 2376 5100 52 6082 981 953 5101 5049 596 4453 1405 542 54 5057 3631 508 1426 1307 3123 119 912 488 379
is_linear=0
shrinkage=0.01


Tree=252
num_leaves=31
num_cat=0
split_feature=13 14 0 13 29 8 27 0 3 24 8 14 23 16 16 25 23 0 1 23 1 21 27 13 4 0 4 3 14 22
split_gain=40.0445 13.9842 12.015 7.97629 6.15468 6.05021 5.53122 5.13063 5.11728 7.04785 11.2527 4.8263 4.66775 9.8267 5.79409 3.90545 3.71859 6.51696 13.5826 7.02611 6.8302 5.78308 4.55956 7.35472 7.38968 6.9698 5.77439 3.12191 7.26694 6.54713
threshold=0.35062728803480409 -0.6914078820091073 1.5056581414354833 -0.7437741998042614 -0.4950513374904249 -0.095998738962551997 2.2900030344027384 -0.72167607750491569 -1.6739164348779523 0.40308818756990178 -1.3511596021413348 -1.4658095375425937 0.61041877342783912 -1.9119663661088453 -2.1491745826073116 0.61688257147234671 0.8896274914173351 1.4865104104751576 -0.11964032544827052 0.78903322773845364 0.3434953912435893 0.4193535370326239 -0.670970917873421 0.59253670530206515 0.65388062490054721 0.94628921371167352 0.81938607755240389 -0.019958247680481173 1.3170231926913802 -1.5101138727766175
decision_type=2 2 2 2 2 2 2 2 2 2 2 2 2 2 2 2 2 2 2 2 2 2 2 2 2 2 2 2 2 2
left_child=1 6 16 4 -3 -6 8 -5 9 -1 -11 -10 14 -14 -9 -13 17 19 -19 21 -21 -2 23 -18 -25 26 -24 28 -4 -30
right_child=2 3 27 7 5 -7 -8 12 11 10 -12 15 13 -15 -16 -17 22 18 -20 20 -22 -23 25 24 -26 -27 -28 -29 29 -31
leaf_value=0.0088470364517475985 -0.00073483892542779497 -0.013694088002041683 0.016871522163480212 0.0076321054952037436 -0.0095223350979433651 0.0040659660415905303 0.012012625880713161 -0.0074719327260354797 0.0064308318864935233 0.0085186940984448203 -0.011020855337414755 0.0018997729977815114 0.006421148925682572 -0.0011930308351853402 0.00060927993888802939 0.00022547867510204475 -0.0081725964995094588 -0.0076934250079106013 0.020623838360512733 0.010782593431068003 -0.0016249663975163764 -0.003173457832007114 -0.0039989063264268248 0.013702476003833754 0.00012472868400681392 -0.007965932996540066 0.0025457070639256876 -0.0063083808613562742 0.014012332453001302 -0.0044166338815732941
leaf_weight=22.23057346791029 393.00004188716412 6.9490516334772137 1.6684772521257389 9.161080449819563 5.7947952598333368 7.1804368495941135 5.2295654863119116 8.8417532891035062 19.867194555699825 6.100945882499218 5.5040039122104627 494.82204608619213 17.709343835711479 339.84628055989742 927.40221457183361 195.91691844910383 8.7923152297735196 2.8009693250060081 3.9006593376398078 9.4843864589929598 7.991386577486991 129.96186385303736 48.624031469225883 4.5882279723882666 28.74589715898037 30.833459056913853 18.364730447530746 65.744265750050545 1.8882065936923016 48.481074906885624
leaf_count=169 2218 30 15 44 25 32 36 39 241 46 39 3091 77 1448 3932 1182 45 21 29 55 47 741 253 23 180 212 103 787 20 583
internal_value=0 0.000735382 -0.00189268 0.000116182 -0.00614557 -0.00195256 0.00182654 0.000213166 0.00175204 0.00555826 -0.000678085 0.00156864 0.000159275 -0.000811423 0.000531104 0.00142644 -0.00138435 -0.00100911 0.00870241 -0.00113297 0.00507496 -0.00134327 -0.00284248 -6.71395e-05 0.00205892 -0.00402616 -0.0021887 -0.00484586 -0.00297037 -0.00367957
internal_weight=2877.43 2072.56 804.87 1322.88 19.9243 12.9752 749.671 1302.96 744.442 33.8355 11.6049 710.606 1293.8 357.556 936.244 690.739 687.088 547.139 6.70163 540.438 17.4758 522.962 139.949 42.1264 33.3341 97.8222 66.9888 117.782 52.0378 50.3693
internal_count=15763 10431 5332 5627 87 57 4804 5540 4768 254 85 4514 5496 1525 3971 4273 3927 3111 50 3061 102 2959 816 248 203 568 356 1405 618 603
is_linear=0
shrinkage=0.01


Tree=253
num_leaves=31
num_cat=0
split_feature=6 6 6 23 17 24 8 6 15 16 8 29 25 14 8 8 1 13 24 16 14 22 23 22 19 24 23 21 16 17
split_gain=39.4424 15.2239 10.8943 5.25993 7.33432 8.12817 8.93652 6.23314 8.45893 6.01206 5.76412 7.69884 8.63812 8.26041 5.76028 5.30974 12.2962 5.33054 4.78919 7.18969 7.5214 10.8816 7.004 8.71709 8.05961 6.40774 6.15798 7.23372 5.67303 5.22241
threshold=0.4631431373058536 -0.77371383506239377 1.971175875600846 -0.79100885410751831 -0.74321898692767518 0.90550326424997085 -1.1452366867669346 -0.052925371362067243 -0.79739514958396474 -0.81114830034531726 0.046982199430687925 -0.29673719680139449 0.14580267759059659 0.055699819783873027 -0.76026591844111169 -0.15598759183945463 -0.47363475646237096 -0.72327702823545359 1.1085957306251191 0.56138880804490887 0.90347930982049418 0.70130845657059504 -0.38573289009942807 -0.71555487360790893 1.2682406242320596 -1.7471315016724029 -1.015127606220837 -1.1340255277274582 -0.86281428640654145 0.18223068039431098
decision_type=2 2 2 2 2 2 2 2 2 2 2 2 2 2 2 2 2 2 2 2 2 2 2 2 2 2 2 2 2 2
left_child=1 -1 18 4 7 14 -7 9 -9 -3 15 13 -13 -12 -6 17 -17 -5 22 26 21 -21 23 28 25 -24 27 -20 -2 -22
right_child=2 3 -4 10 5 6 -8 8 -10 -11 11 12 -14 -15 -16 16 -18 -19 19 20 29 -23 24 -25 -26 -27 -28 -29 -30 -31
leaf_value=0.0019722032287087261 0.0051316530291219747 0.012831124603195337 -0.0069157379352642861 -0.0036800845147021343 -0.0015822859494160292 -0.01518193746873338 -0.0015364447034370661 0.010645009680126882 -0.0024088176486166549 0.0038400881053692699 -0.0011964904345891827 0.0028372175988397776 -0.00085771404148845881 -0.0055370950697668057 0.0023856836596896857 -0.0022220807820904358 0.0048153128313249199 0.00032432923064335185 0.01590224669230296 0.014498394481770772 0.0092331599316822915 -0.0048034231899793372 -0.0077309098682763261 -0.0055535471027214258 -0.0054821387781967311 -0.00038572139572769275 -0.0028175892769583205 0 -0.0022933819251892665 -0.0057679060915717143
leaf_weight=630.7408709898591 11.449179932475088 12.621719822287561 43.544590428471565 35.416081175208092 47.420034654438496 5.2978282719850531 46.368122965097427 6.509689778089526 19.686737269163132 19.336056560277939 174.96050283312798 84.228358000516891 253.13617043197155 58.876118928194046 155.70303739607334 37.016190141439438 74.104247689247131 517.1868495196104 3.9288060069084159 10.99285624921322 3.1491692662239057 3.8155313283205023 12.298391841351984 106.58389775454998 39.482485681772232 297.73789324611425 56.160862661898136 9.6620033308863622 90.337907940149307 7.8827288448810577
leaf_count=4185 72 63 610 190 212 23 200 27 82 92 736 360 1098 278 677 158 317 2245 22 55 22 22 79 710 297 1878 348 57 591 57
internal_value=0 0.000662698 -0.00207011 0.000128348 0.0012865 0.000549891 -0.0029816 0.00449011 0.000825115 0.00745124 -0.00016441 -0.000901383 6.23878e-05 -0.00229556 0.0014541 0.000468363 0.00246215 6.52594e-05 -0.00174468 0.000314089 0.00481788 0.00945915 -0.00209923 -0.00355261 -0.00122914 -0.00068271 -0.00134458 0.00464535 -0.00144417 -0.00135139
internal_weight=2875.63 2178.61 697.026 1547.87 312.943 254.789 51.666 58.1542 26.1964 31.9578 1234.92 571.201 337.365 233.837 203.123 663.723 111.12 552.603 653.482 95.592 25.8403 14.8084 557.89 208.371 349.519 310.036 69.7517 13.5908 101.787 11.0319
internal_count=15763 10943 4820 6758 1376 1112 223 264 109 155 5382 2472 1458 1014 889 2910 475 2435 4210 583 156 77 3627 1373 2254 1957 427 79 663 79
is_linear=0
shrinkage=0.01


Tree=254
num_leaves=31
num_cat=0
split_feature=6 13 6 3 24 8 21 27 18 14 21 6 21 24 23 19 16 2 26 15 26 23 15 27 24 16 20 20 25 8
split_gain=38.7044 15.0193 10.7784 6.19356 8.7215 9.85708 8.82967 5.49714 5.40192 5.13365 7.79974 7.52594 4.77442 4.92975 7.28046 7.61582 7.19929 7.36098 6.23447 4.70049 4.69857 4.26584 10.0531 7.9199 7.84947 7.15577 5.73473 3.6263 4.93193 3.40965
threshold=0.4631431373058536 -0.53541070459289875 1.971175875600846 -1.6739164348779523 0.40308818756990178 -1.6636571795210364 -0.13161298362608434 1.8986153690227048 2.0541403363358097 -0.54895991181270565 0.34038164282326294 -0.77371383506239377 -1.9362156112875433 1.1085957306251191 -0.38573289009942807 1.2682406242320596 0.56138880804490887 0.81208135122275193 2.2588333577626121 -0.64471023128476679 -0.85769008650922751 0.61041877342783912 -0.49510221390436837 1.0804601955576685 -0.62942438282784807 -2.1491745826073116 -0.17222805540494843 0.9454742960657575 -0.29363255072823097 -1.6199534277937846
decision_type=2 2 2 2 2 2 2 2 2 2 2 2 2 2 2 2 2 2 2 2 2 2 2 2 2 2 2 2 2 2
left_child=1 3 12 4 -1 -6 -7 9 21 11 -11 -5 19 14 20 -16 18 -18 -15 -2 -14 25 24 -24 -23 -3 -27 -10 -29 -4
right_child=2 8 29 7 5 6 -8 -9 27 10 -12 -13 13 16 15 -17 17 -19 -20 -21 -22 22 23 -25 -26 26 -28 28 -30 -31
leaf_value=0.0091881880923915422 0.013425918850620175 -0.0087542388265426114 0.0038422703797683744 0.0017368116524226988 0.011236248658486842 -0.020242168191747321 0.00099368553266811969 0.0063734347576459406 -0.010264368494927057 0.0012836701463274497 0.0092736480602303526 -0.00036535656155855113 -0.00067642511412276953 -0.00044103886999113896 -0.00077040815335702054 -0.0054471269293255376 0.011281518012545811 0.00034566931942141776 -0.010904770235055162 -0.00090758228059471347 -0.0044708524358866809 -0.0089991859278420495 -0.00073823044078500939 0.0040854416544412707 -0.0020123385080809807 0.0014007788114855069 -0.00022963641817605809 0.0061045732334399708 -0.0063759346786774499 -0.0076048974548564201
leaf_weight=23.776695899665356 3.9840794801712036 8.3711329996585828 2.600823462009429 588.3011936917901 3.9936151280999184 3.2337733209133148 4.5218945071101171 22.121351413428783 8.1485079973936099 32.271892592310905 19.956255957484245 238.62059458345175 41.740323252975941 62.376048222184181 306.69286285340786 39.340258307754993 10.297685667872431 15.586303383111952 6.198455572128295 4.905570834875105 161.66386684775352 22.842653408646584 215.14244961738586 40.329070433974266 55.95087368786335 380.08668453991413 496.76765474677086 4.8968125432729712 8.3942195326089841 40.690710164606571
leaf_count=177 24 37 33 3883 33 20 32 135 37 148 92 1136 285 381 1937 297 49 107 39 30 1061 97 931 175 236 1608 2108 21 37 577
internal_value=0 0.000656334 -0.00205231 0.00161212 0.00571185 -0.00125689 -0.0078784 0.00144879 -6.44683e-05 0.00132303 0.00436762 0.00112902 -0.00172915 -0.00183111 -0.00219406 -0.00130641 0.00026953 0.00476155 -0.00141592 0.00548292 -0.00369783 2.23959e-05 -0.000939053 2.06286e-05 -0.00405938 0.000386638 0.000476032 -0.00502893 -0.00169182 -0.00688687
internal_weight=2873.8 2177.73 696.077 936.797 35.526 11.7493 7.75567 901.271 1240.93 879.15 52.2281 826.922 652.785 643.896 549.437 346.033 94.4585 25.884 68.5745 8.88965 203.404 1219.49 334.265 255.472 78.7935 885.225 876.854 21.4395 13.291 43.2915
internal_count=15763 10943 4820 5656 262 85 52 5394 5287 5259 240 5019 4210 4156 3580 2234 576 156 420 54 1346 5192 1439 1106 333 3753 3716 95 58 610
is_linear=0
shrinkage=0.01


Tree=255
num_leaves=31
num_cat=0
split_feature=14 0 13 14 13 3 19 14 6 7 18 12 21 13 23 10 22 19 14 22 18 5 26 7 10 25 0 24 19 8
split_gain=37.9837 14.3219 10.4271 9.37527 9.10869 7.39701 6.60926 6.25285 6.95445 13.0824 10.6804 9.44618 8.32351 6.37604 5.9879 6.2992 6.18609 8.67566 6.37277 5.93872 5.04701 7.08652 12.52 5.04468 4.65899 4.61987 4.52761 6.89621 6.23006 4.50632
threshold=0.031281045376264541 1.5056581414354833 -0.93344357127992417 0.020848623382935697 -0.047487024537075623 0.1731069743350924 -1.7748127735981989 -0.94964079394905576 -1.0122027741500486 -0.59118577422515584 -0.95840269405228573 -1.0281964850652294 0.05051213699573414 -1.2401268835255583 0.8896274914173351 0.32186473004352006 1.4962716213364402 -0.67769461653502294 0.055699819783873027 0.49606261988008804 -0.17198893352721281 0.47951448826871285 -0.27292757386238736 -0.59118577422515584 1.469445742505874 -0.40652095177606801 -0.9429607268970962 -0.17795555010020431 -0.29774318202064376 -0.60028662354391005
decision_type=2 2 2 2 2 2 2 2 2 2 2 2 2 2 2 2 2 2 2 2 2 2 2 2 2 2 2 2 2 2
left_child=2 4 7 6 5 -2 23 8 11 10 -10 13 -11 -1 16 25 18 -18 -6 -5 21 24 -23 -4 29 -16 -9 28 -28 -3
right_child=1 20 3 19 14 -7 -8 26 9 12 -12 -13 -14 -15 15 -17 17 -19 -20 -21 -22 22 -24 -25 -26 -27 27 -29 -30 -31
leaf_value=0.0035308322117166831 0.011123970369555439 -0.0058990226323542743 0.0058240273424188379 0.012892919951363838 -0.006982223301390908 -0.0017885130206192015 0.00023494956655677402 0.0089147274808893517 -0.0082013120333973046 -0.010335822481509039 0.0063784287747727644 0.0082656117909276801 0.0015930037342790308 0.00062850870905894476 0.0010667042954349358 -0.0054068227266906247 0.018301059557864249 0 -0.00078310483174257961 -6.9551358102318183e-05 -0.0064587590470455026 -0.010203459588313037 0.020145712167947596 -0.0025790308136711734 -0.0098002499478636179 -0.0029616761754366473 0.0085474815462182538 0.0066460691592338215 -0.0071030521698487647 0.0016815159243911033
leaf_weight=130.97843270748854 10.876326158642771 14.096905775368212 35.739019773900509 9.7283386439084989 16.906951501965523 7.205835059285163 1261.0239215865731 22.110205724835396 6.3117794170975712 18.198816955089573 22.596964828670025 24.797012522816658 8.364595025777815 181.74809795618057 44.506912022829056 62.379364222288132 3.9231582134962082 7.4377479627728444 756.95185838639736 5.2795325219631186 70.508595623075962 2.1014292538166046 3.3819324225187293 8.6778328865766508 9.3428729325532895 77.308055199682713 3.3714348748326293 19.751544408500195 9.145805671811102 17.14677065610886
leaf_count=1130 44 179 207 40 71 29 5654 153 45 111 157 163 53 1150 240 365 21 43 3990 22 863 23 31 45 109 411 24 131 59 200
internal_value=0 -0.00145497 0.000909031 0.000460969 -0.00106206 0.00594174 0.000369494 0.00222888 0.00178439 -0.00148389 0.0031434 0.00232477 -0.00655014 0.00184802 -0.00119433 -0.00281881 -0.000811688 0.00647095 -0.000920717 0.00829646 -0.0047708 -0.00215738 0.00836124 0.00415773 -0.00362011 -0.00148198 0.00541367 0.00296376 -0.00277409 -0.00171477
internal_weight=2871.9 1104.07 1767.82 1320.45 987.496 18.0822 1305.44 447.375 392.996 55.4722 28.9087 337.524 26.5634 312.727 969.414 184.194 785.22 11.3609 773.859 15.0079 116.579 46.0699 5.48336 44.4169 40.5865 121.815 54.379 32.2688 12.5172 31.2437
internal_count=15763 6619 9144 5968 5214 73 5906 3176 2809 366 202 2443 164 2280 5141 1016 4125 64 4061 62 1405 542 54 252 488 651 367 214 83 379
is_linear=0
shrinkage=0.01


Tree=256
num_leaves=31
num_cat=0
split_feature=13 0 13 3 22 21 26 26 9 8 22 28 8 24 24 8 15 16 18 14 1 1 21 24 28 27 25 25 23 15
split_gain=37.3793 16.1219 8.21659 5.72064 5.59361 7.12225 5.34848 4.99878 4.77915 7.8105 5.99016 5.40111 4.75865 4.63039 7.18415 9.78276 4.62476 6.02673 4.55818 4.33144 5.68162 7.19073 7.24111 5.77853 4.25278 3.99575 3.88515 9.0064 3.8524 8.20219
threshold=-0.17323375705407607 1.3137438139987905 -1.2401268835255583 -1.712625837704745 -0.48108593994594068 -0.57416492714111911 2.2588333577626121 1.036530820201303 -0.10392639579365452 -0.51014709365332311 -0.99118532513925683 -1.0805036104709163 0.10832558961054445 1.1244693938908663 0.96537217277969189 0.13014506399919565 1.3460233449139303 -0.16545349987933425 0.21891815286702834 2.1109096943949885 -0.4376053842675523 -0.56915962098731698 -0.041350003864399097 0.4964978666405479 -1.8522961559545836 0.83466493650155693 1.4433927619508196 1.7379818243568843 0.61041877342783912 -0.52017440385481062
decision_type=2 2 2 2 2 2 2 2 2 2 2 2 2 2 2 2 2 2 2 2 2 2 2 2 2 2 2 2 2 2
left_child=2 6 7 4 -4 -6 13 8 11 -10 -11 12 -1 14 24 -16 18 -18 -15 20 21 23 -23 -3 -2 -7 -22 -28 -5 -30
right_child=1 19 3 28 5 25 -8 -9 9 10 -12 -13 -14 16 15 -17 17 -19 -20 -21 26 22 -24 -25 -26 -27 27 -29 29 -31
leaf_value=0.0023287661587706155 -0.0037888505221569391 -0.0046805322951814464 0.010049011973682692 0.00108054537877135 -0.0062513258686405426 0.007158426891321382 -0.0072619366051332127 0.0088232395022145357 -0.010690641130432865 0.010239897903932323 0.00073312832238102204 0.0069136549158487198 -0.013207030618725329 -0.0011464618972045202 -0.0090219827762032852 0.00013629137089733341 0.011385138431116661 -0.0014823356427055316 0.0026810539083417101 -0.0074434469324201006 -0.0050458241402162275 0.017532186311978282 -0.002084676238836413 0.0034785742058734749 -0.00059918091058715282 -0.0014718909392318002 0.016372156809443223 -0.0063387638557984927 -0.0026982506488461597 0.00077449444691378216
leaf_weight=10.107152484357355 43.759680435061455 26.686889760196209 12.49975214153528 952.66525886952877 7.5805100277066222 18.457988709211353 12.439046114683149 15.638851545751093 5.1839983016252509 7.568864330649375 51.455919444561005 38.359206579625607 2.3358573764562598 77.734224483370781 24.880862042307854 21.476145699620247 8.9681048691272718 5.8369163125753394 51.594900697469711 30.003789223730564 98.691429622471333 4.032549612224102 3.2695508897304526 12.621278978884218 963.91299279034138 7.2565119341015807 2.7668884173035613 4.3105804026126862 92.522528529167175 255.51769376546144
leaf_count=99 213 253 86 4819 44 113 69 149 37 62 386 375 22 370 122 108 44 30 246 427 965 37 29 120 4710 42 26 44 447 1269
internal_value=0 -0.00117492 0.0011084 0.00087493 0.00434951 0.00215615 -0.000756161 0.00350438 0.00276541 0.000930451 0.00198437 0.00505859 -0.00059 -0.000687184 -0.000917565 -0.00476648 0.000990084 0.0062691 0.000373663 -0.00394709 -0.00324767 -0.000314637 0.00870404 -0.00203321 -0.000739052 0.00468799 -0.00452923 0.00250499 0.000751505 -0.000146333
internal_weight=2870.14 1392.99 1477.15 1346.5 45.7948 33.295 1210.6 130.65 115.011 64.2088 59.0248 50.8022 12.443 1198.16 1054.03 46.357 144.134 14.805 129.329 182.383 152.379 46.6103 7.3021 39.3082 1007.67 25.7145 105.769 7.07747 1300.71 348.04
internal_count=15763 7813 7950 6820 285 199 5912 1130 981 485 448 496 121 5843 5153 230 690 74 616 1901 1474 439 66 373 4923 155 1035 70 6535 1716
is_linear=0
shrinkage=0.01


Tree=257
num_leaves=31
num_cat=0
split_feature=6 6 6 9 20 25 17 28 9 21 14 25 20 21 24 16 14 26 19 15 24 15 14 10 27 26 8 8 20 19
split_gain=36.8488 14.2498 10.4976 5.85858 6.44956 6.4809 9.15106 6.5295 6.30075 7.74705 7.28204 5.54968 4.88679 4.6704 4.81205 7.06959 7.17026 6.10932 4.65488 5.8776 5.14659 4.59785 4.4978 4.66011 3.91666 4.20545 3.67754 3.4451 4.75183 5.17971
threshold=0.4631431373058536 -0.77371383506239377 1.971175875600846 0.45388732896799172 -0.018291979642816956 -0.80393282683719758 0.18223068039431098 -0.67853258319984122 0.35465341233687608 -1.0251104640038087 0.59202068681940645 -1.4399854654728388 -0.051768065659919739 -1.9362156112875433 1.1085957306251191 0.56138880804490887 0.90347930982049418 2.2588333577626121 1.2682406242320596 0.51319160288015897 0.9965877694984725 -0.64471023128476679 -1.4658095375425937 -1.1984955019675674 2.2900030344027384 -0.28389094870272291 0.65379277810103542 1.8033315629950801 -0.39128098434013497 -0.37992901922516337
decision_type=2 2 2 2 2 2 2 2 2 2 2 2 2 2 2 2 2 2 2 2 2 2 2 2 2 2 2 2 2 2
left_child=1 22 13 8 -5 6 -6 -7 10 26 11 -3 -11 21 18 17 -17 -16 20 -20 -15 -2 -1 -24 25 -25 -10 28 29 -4
right_child=2 3 27 4 5 7 -8 -9 9 12 -12 -13 -14 14 15 16 -18 -19 19 -21 -22 -23 23 24 -26 -27 -28 -29 -30 -31
leaf_value=0.0065340706515817828 0.013267507802410077 0.0027785837106894212 -0.0072189538218230412 -0.0078475815583965748 0.00031293150062332081 -0.0023661470315938802 -0.0055412094927583247 0.00093364973421259615 0.0038909027790176836 -0.0044620237136315799 0.012416580662411683 4.4974921115117096e-05 0.0032476597676716979 -0.0016625286166315546 -0.00042524302479280784 0.0092416539811884628 -0.001308740068245157 -0.010834411458402356 -0.0091564499068577318 -0.0022011631145596915 -0.0075243267913779341 -0.00089317105153057896 0.01111726031669796 0.00049516113030582541 0.011528758496205802 0.0022401526426323003 0.015387815191975494 0.0069855736274428036 -0.010286578996137316 0.0042290438061732124
leaf_weight=20.4267193749547 4.0021932423114777 80.45425808429718 11.33040212839842 12.760087117552755 50.097791224718094 80.808231547474861 56.314044609665871 231.3628436923027 5.1632102131843549 9.8563605695962888 4.8527969717979422 962.96018405258656 45.278579667210579 480.76919229328632 62.309678249061108 14.897436723113062 10.993245191872118 6.1313571110367766 20.631192743778229 30.809906423091888 15.484872981905935 4.8994454070925695 5.2082986608147612 220.28256533294916 3.9364561811089507 378.1045265942812 7.0256799608469009 1.5904420539736737 23.894591093063354 5.8437756970524779
leaf_count=252 24 355 155 58 218 354 248 994 22 42 21 4222 193 3081 381 77 79 39 156 240 103 30 46 1442 29 2416 31 23 353 79
internal_value=0 0.000640276 -0.00200665 0.000123826 -0.000864888 -0.000647815 -0.00277803 7.57818e-05 0.000507052 0.00347171 0.000315383 0.000256959 0.00184573 -0.00168901 -0.00179023 0.000286245 0.00473566 -0.0013868 -0.00214968 -0.00502244 -0.00184893 0.00543907 0.0019107 0.00175256 0.00166809 0.00159963 0.0106704 -0.00681473 -0.00738913 -0.00326378
internal_weight=2868.48 2174.89 693.588 1546.93 431.343 418.583 106.412 312.171 1115.59 67.3238 1048.27 1043.41 55.1349 650.929 642.027 94.3317 25.8907 68.441 547.695 51.4411 496.254 8.90164 627.959 607.532 602.324 598.387 12.1889 42.6592 41.0688 17.1742
internal_count=15763 10943 4820 6758 1872 1814 466 1348 4886 288 4598 4577 235 4210 4156 576 156 420 3580 396 3184 54 4185 3933 3887 3858 53 610 587 234
is_linear=0
shrinkage=0.01


Tree=258
num_leaves=31
num_cat=0
split_feature=6 13 6 3 24 8 21 27 18 14 21 6 21 24 23 22 19 29 16 23 27 23 29 16 11 16 20 19 8 8
split_gain=36.1605 14.111 10.3846 6.05047 8.6444 9.67403 8.43359 5.39465 5.29412 5.12675 7.69571 7.17298 4.57423 4.72492 7.20834 8.00622 7.44011 6.97804 7.23425 6.1545 4.55434 4.13477 7.03409 7.02465 7.45995 6.50164 3.57909 4.85671 3.41086 3.77687
threshold=0.4631431373058536 -0.53541070459289875 1.971175875600846 -1.6739164348779523 0.40308818756990178 -1.6636571795210364 -0.13161298362608434 1.8986153690227048 2.0541403363358097 -0.54895991181270565 0.34038164282326294 -0.77371383506239377 -1.9362156112875433 1.1085957306251191 -0.38573289009942807 -0.71555487360790893 1.2682406242320596 0.94229712209283423 0.63662759051420525 -0.43986156105742269 -0.34224190491207968 0.61041877342783912 -1.6918992604726926 -2.1491745826073116 -0.52387051696789866 -1.8527791680226526 0.9454742960657575 2.0141434408133359 -1.6199534277937846 1.8033315629950801
decision_type=2 2 2 2 2 2 2 2 2 2 2 2 2 2 2 2 2 2 2 2 2 2 2 2 2 2 2 2 2 2
left_child=1 3 12 4 -1 -6 -7 9 21 11 -11 -5 20 14 15 -14 -16 18 -15 -19 -2 23 -23 -3 -25 -24 -10 -28 -4 -30
right_child=2 8 28 7 5 6 -8 -9 26 10 -12 -13 13 17 16 -17 -18 19 -20 -21 -22 22 25 24 -26 -27 27 -29 29 -31
leaf_value=0.0091221026869725153 0.014090966375003415 -0.0086776575444091012 0.0039927466742114021 0.0016781132843201483 0.01119391949256204 -0.01979692953512897 0.00090790203944578001 0.0062970074053646068 -0.01019584113595114 0.0012598049344944525 0.0092066148449074826 -0.00037570594569247425 -0.0015601260446344164 -0.003743591518954812 -0.00071706715775282843 -0.0055596572071800864 -0.0053592330757150876 0.0090031819582903922 0.0042855017467114424 0.00032933948099762156 -0.00023578787811776491 0.011750590886792851 0.0046961737769559723 0.002042452696152107 -7.0306169736959975e-05 -0.0014348928306370562 0.0042669318244213045 -0.0077011019492029828 -0.0081610516790001659 0.0068811072246554869
leaf_weight=23.510432988405228 3.5032726004719734 8.3683082759380323 2.575353428721427 585.85942716151476 3.9325001835823059 3.2730379700660706 4.4943919032812101 21.967483267188072 8.1208129227161425 32.243322089314461 19.883617967367172 238.51291242986917 97.902028389275074 45.385757304728031 305.68243362754583 104.45601639151573 38.975686334073544 13.872655466198919 14.70913629233837 20.362813457846642 5.4220608845353109 4.2088695764541617 18.150224849581718 224.20763295888901 652.29149153828621 311.72435799986124 6.6234440803527814 6.6528092473745346 38.236756563186646 1.5999118089675892
leaf_count=177 20 37 33 3883 33 20 32 135 37 148 92 1136 644 282 1937 702 297 78 91 125 34 18 79 962 2754 1342 28 30 554 23
internal_value=0 0.000634192 -0.00198932 0.00156275 0.00563324 -0.00131061 -0.00783033 0.0014015 -6.40452e-05 0.00127696 0.00432206 0.0010827 -0.00167393 -0.00177435 -0.00213094 -0.00363133 -0.00124633 0.000282982 -0.00175788 0.0038892 0.00537061 2.18932e-05 -0.000924931 0.000380563 0.000469166 -0.0010932 -0.00498364 -0.0016683 -0.00678606 -0.00751617
internal_weight=2866.71 2174.03 692.684 933.677 35.2104 11.6999 7.76743 898.467 1240.35 876.499 52.1269 824.372 650.272 641.347 547.016 202.358 344.658 94.3304 60.0949 34.2355 8.92533 1218.95 334.083 884.867 876.499 329.875 21.3971 13.2763 42.412 39.8367
internal_count=15763 10943 4820 5656 262 85 52 5394 5287 5259 240 5019 4210 4156 3580 1346 2234 576 373 203 54 5192 1439 3753 3716 1421 95 58 610 577
is_linear=0
shrinkage=0.01


Tree=259
num_leaves=31
num_cat=0
split_feature=14 6 28 13 9 23 7 24 24 28 19 9 0 13 27 23 15 7 3 29 28 1 2 27 1 15 3 21 5 16
split_gain=35.4957 15.3149 8.42804 8.31264 5.18952 5.3842 6.04898 4.99787 8.7883 5.62743 8.09921 4.92874 5.1527 4.98983 4.84773 8.03854 4.97288 4.74775 6.25927 7.92711 5.84029 4.68297 9.7969 9.22994 6.88717 6.36325 4.81211 4.81077 4.47821 4.45721
threshold=-0.10743644587334983 1.3702784339322898 -1.8522961559545836 -1.2401268835255583 0.44556783749379175 0.8896274914173351 0.77094723629642925 0.89041467527087381 0.96537217277969189 0.07625307544714717 -0.28524721888674959 0.26282098856749952 -1.22770983041226 -1.309460421078837 1.7822292859610265 0.22997160826014662 -1.3032233782841256 1.348915842393527 1.8391635324099134 -0.40751414380405065 0.019782240521312958 0.9934623837132136 -1.1598298743670359 0.69893722782433032 0.96609623212026041 0.078180809559433337 0.75082753062682572 -1.8828178297948537 -0.26106650098444278 -0.051166897678476597
decision_type=2 2 2 2 2 2 2 2 2 2 2 2 2 2 2 2 2 2 2 2 2 2 2 2 2 2 2 2 2 2
left_child=3 2 -2 11 14 6 -6 -3 -9 10 -10 13 -13 -1 16 -16 -4 21 -19 -20 -21 24 25 -24 27 -23 -26 -5 -7 -14
right_child=1 7 4 17 5 28 -8 8 9 -11 -12 12 29 -15 15 -17 -18 18 19 20 -22 22 23 -25 26 -27 -28 -29 -30 -31
leaf_value=0.0028583118463588876 -0.0050023691162909747 -0.0050847887057070516 0.0035321077827255576 0.0062073619006107975 -0.0029433773723968799 -0.011441753551255554 -5.3930184244388762e-05 0.013084569051343951 -0.0072681815184988509 -0.0046221252121186763 0.015523154796584216 0.0021510660792754457 -0.015323537025051098 0.0076233073006946152 0.0096667785574999672 -0.0024546277196195727 -0.00045965522459571638 -0.0021213325123883978 0.013198003297096248 -0.0078409586894953916 0.0047543623409317453 -0.021061039807889578 -0.00133467605349319 0.0038686682533219715 0.015109536522047258 -0.0038045971138193678 0.0015511540586761131 0.0010564412778885136 -0.0031739517260746977 0.00034612084356341752
leaf_weight=63.778212584555149 45.968738615512848 122.76139308512211 32.632678747177124 18.433936856687069 108.40626660734415 7.4137623608112326 220.26589589565992 3.9219567626714698 2.5570433959364891 26.105269581079483 3.5808819085359564 24.650238730013374 3.5031151622533798 34.557374395430088 12.659022584557535 9.3335628360509855 655.25631268322468 101.29702155292034 6.2375260591506985 5.8860416263341895 9.4567128270864469 3.4450905621051771 128.47283343225718 46.285153821110725 5.9551520496606809 5.9926603138446808 4.9717375189065933 1086.3560225516558 61.355422973632812 3.4059888571500769
leaf_count=610 229 1303 148 97 577 43 1265 36 23 263 33 193 22 283 57 44 3111 445 28 27 44 20 618 221 30 37 24 5555 355 22
internal_value=0 -0.00121051 -0.000808207 0.00102349 -0.000632754 -0.00154773 -0.00101061 -0.0041213 -0.000818181 -0.00257541 0.00590373 0.0034465 0 0.00454904 -0.000118932 0.00448941 -0.000268351 0.000801348 -0.001073 0.00378881 -3.23925e-05 0.000979363 -0.000493759 3.915e-05 0.00122348 -0.0103634 0.00910117 0.00114385 -0.00409511 -0.00756145
internal_weight=2864.9 1312.22 1153.29 1552.68 1107.32 397.441 328.672 158.927 36.1652 32.2432 6.13793 129.895 31.5593 98.3356 709.882 21.9926 687.889 1422.79 122.877 21.5803 15.3428 1299.91 184.196 174.758 1115.72 9.43775 10.9269 1104.79 68.7692 6.9091
internal_count=15763 7487 5829 8276 5600 2240 1842 1658 355 319 56 1130 237 893 3360 101 3259 7146 544 99 71 6602 896 839 5706 57 54 5652 398 44
is_linear=0
shrinkage=0.01


Tree=260
num_leaves=31
num_cat=0
split_feature=0 13 14 4 14 26 22 9 7 14 11 3 7 3 2 20 22 8 24 28 1 26 16 22 26 26 22 17 0 26
split_gain=34.8532 14.0088 9.92322 7.80233 9.36074 8.38909 8.08306 7.39677 5.75647 5.00002 4.38737 10.8652 5.56364 7.66272 6.36172 4.89678 4.2092 4.94362 4.20007 4.38787 5.17576 4.18597 8.36441 4.08259 3.88896 3.8664 8.61939 3.83497 3.54619 3.29334
threshold=0.50425984259590273 -0.5865845569544762 1.6920284843381637 -0.61486526245988682 -0.69888820447341071 0.24148207236462535 1.1958439586420748 0.6314721650297962 -1.8833623066310501 -1.4277551419103394 1.6623393715964832 0.38581516330331311 2.0698783885716101 0.9087824818420368 1.750319301241406 2.0402588438768121 0.3726691265857715 0.19644271014396888 -2.339963787726882 -2.1603689602677423 -0.17037101709691932 2.1285281363630175 -0.36333670013565539 -1.6954419658863751 -1.8426785816767992 -1.3907686112892799 0.81978004484999378 -0.87873817783728481 -0.11552665546696322 0.48935615762686485
decision_type=2 2 2 2 2 2 2 2 2 2 2 2 2 2 2 2 2 2 2 2 2 2 2 2 2 2 2 2 2 2
left_child=1 3 10 4 8 7 -7 -6 29 -10 12 -12 14 -14 15 -2 -5 27 -3 20 -20 24 -23 -4 -21 26 -13 -18 -22 -1
right_child=2 18 23 16 5 6 -8 -9 9 -11 11 25 13 -15 -16 -17 17 -19 19 21 28 22 -24 -25 -26 -27 -28 -29 -30 -31
leaf_value=0.0096470971742975697 -0.0014332177920642272 -0.0057962630536168335 0.0060043400785117834 0.0074749284690384388 -4.0016610083317047e-05 -0.0058054165871596073 0.0071075516560384867 0.01127789352078609 0.0060617034063336931 0.001447262785968947 0.01096585854200419 -0.0065136350279584657 -0.0031968619127224758 0.013396432772475562 0.011037077945221161 -0.01175114581939705 -0.0021028833779640124 -0.0069661847616109621 0.0012047941401433788 0.0033282978373701312 -0.0015068180365439569 -0.014218898957624491 0.00052568986458694335 -0.0059103181186003582 5.6394755774187661e-05 -0.00664738038704885 0.014503607741706148 0.0082322708936315055 -0.012627067624073745 0.0012855442852063186
leaf_weight=14.309768505394461 516.87689269334078 12.468120008707045 2.8350794389843932 33.353748768568039 60.127431899309158 44.27482645213604 5.2902260869741431 6.2680388242006293 24.420146308839321 662.87782567739487 4.2275086715817443 5.5448208451271039 4.9874923527240735 5.9006196483969688 3.9438217952847472 4.5723778009414664 5.4165831953287134 4.8985183238983145 9.2195961028337496 37.364256963133812 4.8587345480918884 5.9950363785028484 10.084199979901312 71.886085167527199 1229.0619937106967 44.250537998974323 2.8751864582300186 9.6652487963438034 7.9047329723834974 7.4893528446555129
leaf_count=118 3205 53 34 155 274 195 24 29 298 4163 31 40 32 37 41 33 26 22 39 159 20 25 44 943 5228 337 20 45 34 59
internal_value=0 0.000608794 -0.00199986 0.00158686 0.00134521 -0.00128291 -0.00439551 0.00102876 0.00177652 0.00161353 -0.0015643 -0.00421027 -0.00128098 0.00574465 -0.00142954 -0.00152784 0.00529687 0.00159205 -4.28749e-05 1.17888e-05 -0.004407 8.86473e-05 -0.00496383 -0.00543746 0.000153973 -0.00546578 0.000631764 0.00446517 -0.00851623 0.00683904
internal_weight=2863.25 2195.35 667.9 878.392 825.058 115.961 49.5651 66.3955 709.097 687.298 593.179 56.8981 536.281 10.8881 525.393 521.449 53.3341 19.9804 1316.96 1304.49 21.9831 1282.51 16.0792 74.7212 1266.43 52.6705 8.42001 15.0818 12.7635 21.7991
internal_count=15763 11010 4753 5408 5160 522 219 303 4638 4461 3776 428 3348 69 3279 3238 248 93 5602 5549 93 5456 69 977 5387 397 60 71 54 177
is_linear=0
shrinkage=0.01


Tree=261
num_leaves=31
num_cat=0
split_feature=13 13 13 3 22 18 24 11 26 19 9 8 22 28 8 10 23 20 1 1 26 24 24 15 23 24 15 23 16 16
split_gain=34.2445 14.9634 7.82109 5.58092 5.5222 5.67819 5.34197 5.0037 4.97558 4.69867 4.68378 7.65262 5.94646 5.38301 4.65178 4.50877 5.85281 8.34667 4.51799 5.02105 4.41445 4.08927 6.54973 5.62865 4.04501 8.92367 8.04713 6.06286 14.4768 9.45495
threshold=-0.16815839961206672 1.3356225278686242 -1.2401268835255583 -1.712625837704745 -0.48108593994594068 -1.4409854092414804 -2.1203414147315489 -1.25314029010962 1.036530820201303 2.578806383439987 -0.10392639579365452 -0.51014709365332311 -0.99118532513925683 -1.0805036104709163 0.10832558961054445 -0.45538099716702324 -0.23648418788312328 0.47771813352392306 0.045868671829713263 -0.18891847959983168 2.2588333577626121 1.1244693938908663 0.96537217277969189 1.3460233449139303 0.61041877342783912 -2.339963787726882 -0.52017440385481062 -0.21295073547675947 0.85024392514754765 1.0085761402381077
decision_type=2 2 2 2 2 2 2 2 2 2 2 2 2 2 2 2 2 2 2 2 2 2 2 2 2 2 2 2 2 2
left_child=2 9 8 4 -4 7 -3 -6 10 20 13 -12 -13 14 -1 18 -17 -18 19 -8 21 22 -2 -23 27 -26 -27 29 -29 -5
right_child=1 6 3 24 5 -7 15 -9 -10 -11 11 12 -14 -15 -16 16 17 -19 -20 -21 -22 23 -24 -25 25 26 -28 28 -30 -31
leaf_value=0.0022096637253156814 -0.00067108286171144573 0.0096894195880289219 0.0099757428253422452 0.00087356369687055567 -0.0058837720549322859 0.012853020043878194 -0.0058655979517416371 0.0031819951540885561 0.0087516754494166588 -0.0083362346872113864 -0.010643942686953282 0.010183927402545352 0.00065093052785099444 0.0068225911139601515 -0.01315082117800479 -0.0053839071100238445 0.0024365542038382805 -0.0047350097374566202 -0.010272963802247964 0.0051773652104994553 -0.0067722102202566583 0.00035102540620189762 -0.0045639004696171135 0.0075130083127715967 -0.015335668464916543 -0.0025708621279623835 0.0008743132227274742 0.00096542541483581219 0.0056782805892255433 -0.003044072619620889
leaf_weight=9.9937673285603505 992.40447247028351 2.722057692706584 12.340099729597567 521.98107816278934 8.530477896332739 4.1802899986505535 25.294002644717697 20.435398600995541 15.393512092530726 8.009956903755663 5.1933186948299399 7.4608502388000479 51.147777803242207 37.798408836126328 2.340750463306903 56.645967833697796 33.952925138175488 30.774583749473095 20.494908310472965 4.7383917197585097 11.734527125954626 129.30422185361385 45.215482972562313 11.937132745981215 3.7586357593536368 92.296792894601822 254.46357234567404 286.69905259460211 84.58708318322897 69.678533375263214
leaf_count=99 4876 25 86 2655 47 25 257 127 149 48 37 62 386 375 22 625 349 326 227 51 66 618 227 56 18 446 1264 1452 416 346
internal_value=0 -0.00113856 0.00105103 0.000826277 0.00427053 0.00209283 -0.00387392 0.000466656 0.00340251 -0.000738931 0.00266399 0.000845297 0.00189679 0.00495236 -0.000707228 -0.00410002 -0.00303552 -0.000959772 -0.0066263 -0.0040787 -0.000686283 -0.000624286 -0.000842104 0.000968289 0.000705922 -0.000211471 -4.02788e-05 0.00104089 0.00204305 0.000410065
internal_weight=2861.51 1373.23 1488.28 1358.95 45.4863 33.1462 174.623 28.9659 129.328 1198.61 113.935 63.8019 58.6086 50.1329 12.3345 171.901 121.373 64.7275 50.5273 30.0324 1190.6 1178.86 1037.62 141.241 1313.46 350.519 346.76 962.946 371.286 591.66
internal_count=15763 7751 8012 6882 285 199 1860 174 1130 5891 981 485 448 496 121 1835 1300 675 535 308 5843 5777 5103 674 6597 1728 1710 4869 1868 3001
is_linear=0
shrinkage=0.01


Tree=262
num_leaves=31
num_cat=0
split_feature=6 13 6 4 14 26 22 15 7 8 27 20 22 26 20 3 15 20 24 23 22 19 16 14 22 26 24 26 17 16
split_gain=33.8298 13.2366 10.0635 7.69048 9.16117 8.21577 7.92505 7.58384 5.66775 5.26893 6.59495 8.03412 9.78898 7.64981 7.24287 5.25151 5.08159 4.77281 4.40172 6.71264 8.54399 7.59019 6.66586 6.96618 10.4437 6.37067 6.36111 6.05576 6.22856 5.17383
threshold=0.4631431373058536 -0.5865845569544762 1.971175875600846 -0.61486526245988682 -0.69888820447341071 0.24148207236462535 1.1958439586420748 -0.576980836929878 -1.8833623066310501 -0.01217641471029967 -0.27236504276044032 0.77115898619817225 1.3895881726321726 -1.0884311379371072 -0.11800375607987203 2.3140395790895725 1.0947611203213279 0.75654684010162276 1.1085957306251191 -0.38573289009942807 -0.71555487360790893 1.2682406242320596 0.56138880804490887 0.90347930982049418 0.70130845657059504 -0.76350127526277234 -1.6301231388805617 2.2588333577626121 -0.69313697086107173 -0.5620832362859588
decision_type=2 2 2 2 2 2 2 2 2 2 2 2 2 2 2 2 2 2 2 2 2 2 2 2 2 2 2 2 2 2
left_child=1 3 18 4 8 7 -7 -6 -1 17 11 14 -13 -12 -11 -15 -10 -3 19 20 25 26 27 24 -24 -2 -21 28 -20 -23
right_child=2 9 -4 -5 5 6 -8 -9 16 10 13 12 -14 15 -16 -17 -18 -19 22 21 -22 29 23 -25 -26 -27 -28 -29 -30 -31
leaf_value=0.006789611922180523 0.0031142056455345248 0.00050500257097090939 -0.0066959375763549255 0.005249123327445703 -0.0017739007211291014 -0.0057483268649852447 0.0070503715401745784 0.0050859917047567215 0.001946431355997942 0.00026856290886775831 -0.0034138566417851331 -0.00072277926005252324 0.010093192260000975 0.00091547274455664851 -0.0046635502477088506 -0.00792649942798445 -0.00046996593082274937 0.0078385603339900176 0.0036876053091422127 -0.0065977297854091736 -0.0053930349980235159 0.0041855945849656418 0.013998126380823313 -0.0012892321929966555 -0.004856456182413752 -0.0027295399211247316 -0.00023328038916484606 -0.01073708234598897 -0.0027698837484531253 -0.0066786004601082525
leaf_weight=21.653440825641155 24.450842089951038 637.19433495402336 41.655272930860519 53.215691015124321 39.298124596476555 44.337306067347527 5.2767594754695883 27.053869724273682 584.59450107067823 39.894026890397072 51.341942742466927 103.11561152338982 9.0029227584600431 324.38865236938 112.96933287382126 6.740348368883132 101.45726131647825 8.9238033145666105 23.885836541652679 16.530679516494274 105.03077732026577 4.8475719615817061 11.127051100134851 10.974719725549219 3.8279689997434607 76.362423472106457 291.51859518140554 6.0414101406931868 39.386338241398335 33.805050902068615
leaf_count=177 164 2724 610 248 177 195 24 126 3825 166 222 449 40 1384 483 29 636 38 141 107 710 38 55 79 22 499 1850 39 247 259
internal_value=0 0.000613247 -0.00192933 0.00156169 0.00132163 -0.00127786 -0.00435555 0.0010115 0.00174912 -2.89828e-05 -0.000667224 -0.00187975 0.000145033 0.000170491 -0.0033705 0.000730131 0.00158761 0.000609034 -0.00162029 -0.00196275 -0.00339522 -0.00110865 0.000355984 0.00467941 0.00910538 -0.00130063 -0.000580088 -0.00125138 -0.000314369 -0.00528299
internal_weight=2859.9 2170.46 689.445 876.887 823.671 115.966 49.6141 66.352 707.705 1293.57 647.453 264.982 112.119 382.471 152.863 331.129 686.052 646.118 647.789 552.546 205.844 346.702 95.2433 25.9297 14.955 100.813 308.049 69.3136 63.2722 38.6526
internal_count=15763 10943 4820 5408 5160 522 219 303 4638 5535 2773 1138 489 1635 649 1413 4461 2762 4210 3627 1373 2254 583 156 77 663 1957 427 388 297
is_linear=0
shrinkage=0.01


Tree=263
num_leaves=31
num_cat=0
split_feature=6 6 6 9 20 25 17 11 9 21 14 25 20 9 9 28 14 17 9 20 4 5 1 10 13 19 23 21 20 19
split_gain=33.1972 13.0211 9.95252 5.51639 6.33469 6.33014 8.96426 6.34553 6.21813 7.61406 7.13995 5.45609 4.78578 4.51527 5.42143 4.63565 6.26046 7.64337 4.88544 4.85849 4.84149 4.48105 8.64758 4.44136 4.51815 3.89269 8.31066 7.02327 3.45675 5.23477
threshold=0.4631431373058536 -0.77371383506239377 1.971175875600846 0.45388732896799172 -0.018291979642816956 -0.80393282683719758 0.18223068039431098 -1.5800415828923438 0.35465341233687608 -1.0251104640038087 0.59202068681940645 -1.4399854654728388 -0.051768065659919739 1.1655224804483248 1.4759513960699231 -1.2418427558176131 1.1434577598429956 1.0759972650151008 -1.6203903334420513 -0.77120782687031231 1.1022098796658155 0.50041989755029426 -0.41425862990040119 -1.1984955019675674 -1.426278244279761 -0.17183001519774047 -0.19287028142426269 -0.65001216663594941 -0.39128098434013497 -0.37992901922516337
decision_type=2 2 2 2 2 2 2 2 2 2 2 2 2 2 2 2 2 2 2 2 2 2 2 2 2 2 2 2 2 2
left_child=1 23 13 8 -5 6 -6 -7 10 -10 11 -3 -11 15 -15 18 20 -18 -2 -20 -17 -16 -23 -1 -25 26 -26 -27 29 -4
right_child=2 3 28 4 5 7 -8 -9 9 12 -12 -13 -14 14 21 16 17 -19 19 -21 -22 22 -24 24 25 27 -28 -29 -30 -31
leaf_value=0.011068396552781523 -0.013029261548077532 0.0027398669701232787 -0.0070881411136007278 -0.0077776245395109311 0.00032250203700559001 -0.015469106862108161 -0.005475575956982762 0.00021848662525303638 0.010576677220096441 -0.0044231422551056689 0.012260656630643242 2.7697171568294161e-05 0.003209286396449163 -0.0066606771670876608 -0.0068511591269310411 -0.00047002709010511844 -0.0034003295592967909 0.0052407503244355069 0.0028518500091057387 -0.0049749747404144702 0.004966861744768283 0.0079832342080972413 -0.0023044221351998305 0.0057850734527112903 0.00048178218279248275 0.0030616193356418049 0.0042888803313486483 0 -0.0090637045351556981 0.0045549824771065625
leaf_weight=5.1006561666727057 5.5172212347388259 80.345372252166271 11.019308567047121 12.716833412647246 50.045148357748985 2.499379649758338 56.210195124149323 309.42356453835964 12.167279675602911 9.8490922749042493 4.8672800958156577 962.1049809679389 45.226572275161743 35.538121670484543 14.960468903183935 328.83338988572359 128.3372889906168 10.948810160160063 10.38259521126747 31.122774958610535 17.122239641845226 9.4771422743797284 54.89670966565609 26.609883308410645 105.32402942329645 106.30348800867796 127.55074392259121 253.21667488664389 24.672935277223587 5.7266713604331008
leaf_count=46 31 355 155 58 218 11 248 1337 53 42 21 4222 193 272 133 1744 1041 86 60 191 110 76 466 315 732 641 912 1539 376 79
internal_value=0 0.00060739 -0.00191266 0.000114355 -0.000845547 -0.000630542 -0.0027376 8.46626e-05 0.000486398 0.00343327 0.00029593 0.000237936 0.00182072 -0.00160583 -0.00340808 -0.00121443 -0.000920778 -0.00271064 -0.00421509 -0.00299091 -0.000196694 -0.00193192 -0.000764326 0.00182646 0.00174692 0.0015629 0.00257225 0.000905782 -0.00666707 -0.00304374
internal_weight=2858.12 2169.56 688.556 1545.46 430.895 418.178 106.255 311.923 1114.56 67.2429 1047.32 1042.45 55.0757 647.137 114.872 532.264 485.242 139.286 47.0226 41.5054 345.956 79.3343 64.3739 624.105 619.005 592.395 232.875 359.52 41.4189 16.746
internal_count=15763 10943 4820 6758 1872 1814 466 1348 4886 288 4598 4577 235 4210 947 3263 2981 1127 282 251 1854 675 542 4185 4139 3824 1644 2180 610 234
is_linear=0
shrinkage=0.01


Tree=264
num_leaves=31
num_cat=0
split_feature=14 14 4 14 11 19 15 3 23 3 11 25 22 10 14 10 27 14 5 10 29 26 3 21 26 28 22 26 14 1
split_gain=32.509 12.7269 8.98433 9.34779 6.27715 7.83369 8.90953 10.8489 7.27103 6.05865 8.06617 7.50069 5.81348 5.74275 5.62142 6.10484 11.6661 5.76865 5.30987 7.26164 12.15 6.47423 5.95429 5.30598 5.19342 8.88365 5.14629 4.50752 4.30031 4.19799
threshold=0.031281045376264541 1.6156101133266463 -0.90281717597799294 0.020848623382935697 0.87954787430796932 0.86508633864473328 0.65436867725171988 1.3767915233014187 1.1908506470561908 0.58926770693299735 1.3886963324981236 0.8489988777058145 0.49606261988008804 -1.1984955019675674 -0.94964079394905576 0.60504044619711739 0.54036276207016321 -1.4658095375425937 2.2863690706027637 0.88555549868331573 1.1611010609505661 -0.54815642555928557 2.1027135943747086 -0.93731978332525356 -1.6053123491869832 -1.2237051255900553 1.3627000169421957 -1.1459364806815278 -0.93101730081702316 0.1647445241018016
decision_type=2 2 2 2 2 2 2 2 2 2 2 2 2 2 2 2 2 2 2 2 2 2 2 2 2 2 2 2 2 2
left_child=2 4 13 18 5 8 7 -7 26 10 -6 -12 -5 -1 15 17 -17 -15 19 22 -21 -20 -4 -10 25 -11 -2 -16 -29 -26
right_child=1 -3 3 12 9 6 -8 -9 23 24 11 -13 -14 14 27 16 -18 -19 21 20 -22 -23 -24 -25 29 -27 -28 28 -30 -31
leaf_value=0.0094995918769487809 -0.00067320004563894281 -0.0049108577122210732 0.00058762876076708234 0.012778925814900874 -0.0022262693084759136 0.0029767218623019845 -0.0060359322023479404 0.017324165204210859 0.0060620105999678701 -0.0031389578676311197 0.0094220179702182525 -0.0066826643816560363 -4.6981296444905403e-05 0.0071576054095267919 -0.0066827068891538669 -0.0064123981512267192 0.0082866490660943697 0.0014945254360716135 -0.0037673018924455188 -0.00077652344971101495 -0.0096722820505656202 0.010200808265790689 -0.0061249685024033105 -0.0041345339999715406 -0.0091391829362233792 0.015152050759871614 0.0038849210898978066 0.010596103688211147 0.0038569119345991543 -0.0035700231357451134
leaf_weight=10.006432920694349 639.28436636179686 92.076462082564831 1103.0274859890342 9.7234127521514875 41.361594691872597 28.976966857910156 7.8189623728394499 6.4420587569475165 5.2658150419592848 8.286138288676737 13.303173154592516 3.5353081971406928 5.277272790670394 18.963974826037884 3.0618853121995917 22.656789064407352 6.9393291324377051 361.12846463918686 4.5289739072322854 119.75283655524254 17.579656705260277 11.094365432858464 13.252198964357374 84.99226076155901 15.578830927610396 3.7568069696426383 25.61767166107893 12.768246516585348 40.594790354371071 119.722891099751
leaf_count=84 3315 1163 4995 40 243 148 46 31 27 53 87 24 22 245 20 127 42 2511 20 500 73 49 58 464 100 21 135 85 273 762
internal_value=0 -0.00135172 0.000842009 0.000405976 -0.00102384 -0.000620816 0.00350943 0.00565584 -0.000859057 -0.00258339 0.000131847 0.00596225 0.00823009 0.00201569 0.00185088 0.00143909 -0.00291598 0.00178151 0.000312076 0.000238792 -0.00192874 0.00608985 0.000506501 -0.00352253 -0.00366203 0.00256238 -0.000495521 0.00481521 0.00550492 -0.00422493
internal_weight=2856.38 1096.02 1760.36 1284.24 1003.94 798.398 43.238 35.419 755.16 205.545 58.2001 16.8385 15.0007 476.12 466.113 409.689 29.5961 380.092 1269.24 1253.61 137.332 15.6233 1116.28 90.2581 147.345 12.0429 664.902 56.4249 53.363 135.302
internal_count=15763 6619 9144 5757 5456 4166 225 179 3941 1290 354 111 62 3387 3303 2925 169 2756 5695 5626 573 69 5053 491 936 74 3450 378 358 862
is_linear=0
shrinkage=0.01


Tree=265
num_leaves=31
num_cat=0
split_feature=6 6 5 15 13 19 17 11 13 11 27 8 24 24 28 11 26 10 29 1 10 25 23 0 13 28 27 26 6 22
split_gain=32.0886 15.8857 7.64922 7.35182 6.61677 6.43675 7.71988 6.45704 6.28766 5.80083 6.64952 5.41686 4.99097 8.61582 5.53504 11.3057 4.94742 4.9448 8.21567 4.98344 4.457 7.64421 5.87908 4.35747 6.55459 6.93932 5.00484 4.14143 4.53715 4.40913
threshold=-0.28153793016160905 1.3702784339322898 1.0000000180025095e-35 -1.3546015001367715 -1.2401268835255583 0.29391237835511747 -0.069125976719652274 0.094255769654182434 -0.083344501654648726 0.10208627568065766 0.34090296263060682 -2.2496634428690121 0.89041467527087381 0.96537217277969189 0.07625307544714717 0.11193223377787337 1.036530820201303 0.88555549868331573 1.117817260333511 0.7922085987904981 -0.16177704083546354 1.1268547129564612 -0.69581424393707569 1.3137438139987905 1.1881818626980938 0.17555582412973764 -1.7570369267502337 -1.418089447992444 1.4956424724648893 -1.6954419658863751
decision_type=2 2 2 2 2 2 2 2 2 2 2 2 2 2 2 2 2 2 2 2 2 2 2 2 2 2 2 2 2 2
left_child=4 2 3 9 16 7 -7 -5 11 10 -2 -6 27 -14 15 -15 20 19 -19 -13 -1 22 -22 24 26 -26 -4 28 -3 -29
right_child=1 12 23 5 8 6 -8 -9 -10 -11 -12 17 13 14 -16 -17 -18 18 -20 -21 21 -23 -24 -25 25 -27 -28 29 -30 -31
leaf_value=0.004849885929966379 0.0073815986661505805 -0.010552464100610108 0.012714653720804514 0.00012779862922680072 0.0082010613810370048 0.0010870986942567191 0.013547592598415332 -0.0025822359443799618 0.011149598586486228 0.013876621245139283 -0.0080114024210981329 0.001397865315340476 0.013101595236284283 -0.007519144833543193 -0.0044835574294530625 0.019163745482827871 0.0086975897983498345 -9.3558613115814386e-05 -0.0081098647133781027 -0.00025215594037208955 0.0057186082736664827 0.0093178081514395921 -0.0022758130281512667 -0.00428085107855883 0.018094547688021569 -0.0012092600657923694 -0.0013488680753110361 0.0031473869330109366 0.0047886928998686898 -0.0059774231659623931
leaf_weight=49.369416058063507 8.0738034322857875 2.4265954196453077 2.4288280308246604 608.98984361439943 9.9453467726707441 15.941909119486811 7.2775054574012747 102.55455820262432 5.9099349081516257 6.4436383396387091 4.1370724737644187 799.88368630409241 3.9173470586538306 2.9973649196326759 25.677025303244591 3.1090083047747612 15.204432509839533 87.692095547914505 14.921595200896261 236.05280262976885 11.548219643533228 9.0041275992989522 43.255024649202824 49.010232858359814 3.5136932060122481 3.6329826414585114 603.52304944396019 5.3700646907091132 7.885122112929821 104.99249353259802
leaf_count=492 38 24 12 2857 71 76 32 458 24 28 21 4314 36 30 263 26 149 369 62 1191 89 73 327 421 23 23 2955 53 81 1145
internal_value=0 -0.0009575 -0.000622389 6.54842e-05 0.00117382 -9.09704e-05 0.00507674 -0.0002617 0.000932933 0.00624887 0.00206247 0.000878523 -0.00398224 -0.000662892 -0.00242652 0.00599498 0.00332972 0.000812967 -0.00127575 0.00102093 0.00259272 0.000825792 -0.000565656 -0.00140653 -0.00117447 0.00826227 -0.00128876 -0.00495461 0.00101583 -0.00552192
internal_weight=2854.69 1571.9 1415.53 753.418 1282.79 734.764 23.2194 711.544 1154.41 18.6545 12.2109 1148.5 156.375 35.7007 31.7834 6.10637 128.381 1138.55 102.614 1035.94 113.177 63.8074 54.8032 662.109 613.099 7.14668 605.952 120.674 10.3117 110.363
internal_count=15763 8602 6944 3510 7161 3423 108 3315 6031 87 59 6007 1658 355 319 56 1130 5936 431 5505 981 489 416 3434 3013 46 2967 1303 105 1198
is_linear=0
shrinkage=0.01


end of trees

feature_importances:
Column_0=843
Column_23=458
Column_6=434
Column_11=337
Column_13=327
Column_14=317
Column_2=306
Column_16=282
Column_28=281
Column_10=275
Column_29=268
Column_9=264
Column_26=263
Column_7=261
Column_24=256
Column_18=254
Column_25=241
Column_21=240
Column_15=228
Column_22=223
Column_19=219
Column_5=206
Column_3=198
Column_8=181
Column_17=177
Column_27=176
Column_20=168
Column_1=146
Column_4=128
Column_12=23

parameters:
[boosting: gbdt]
[objective: binary]
[metric: binary_logloss]
[tree_learner: serial]
[device_type: cpu]
[data_sample_strategy: bagging]
[data: ]
[valid: ]
[num_iterations: 500]
[learning_rate: 0.01]
[num_leaves: 31]
[num_threads: 8]
[seed: 42]
[deterministic: 0]
[force_col_wise: 0]
[force_row_wise: 0]
[histogram_pool_size: -1]
[max_depth: 6]
[min_data_in_leaf: 20]
[min_sum_hessian_in_leaf: 0.001]
[bagging_fraction: 0.8]
[pos_bagging_fraction: 1]
[neg_bagging_fraction: 1]
[bagging_freq: 0]
[bagging_seed: 400]
[bagging_by_query: 0]
[feature_fraction: 0.8]
[feature_fraction_bynode: 1]
[feature_fraction_seed: 30056]
[extra_trees: 0]
[extra_seed: 12879]
[early_stopping_round: 0]
[early_stopping_min_delta: 0]
[first_metric_only: 0]
[max_delta_step: 0]
[lambda_l1: 0.1]
[lambda_l2: 0.1]
[linear_lambda: 0]
[min_gain_to_split: 0]
[drop_rate: 0.1]
[max_drop: 50]
[skip_drop: 0.5]
[xgboost_dart_mode: 0]
[uniform_drop: 0]
[drop_seed: 17869]
[top_rate: 0.2]
[other_rate: 0.1]
[min_data_per_group: 100]
[max_cat_threshold: 32]
[cat_l2: 10]
[cat_smooth: 10]
[max_cat_to_onehot: 4]
[top_k: 20]
[monotone_constraints: ]
[monotone_constraints_method: basic]
[monotone_penalty: 0]
[feature_contri: ]
[forcedsplits_filename: ]
[refit_decay_rate: 0.9]
[cegb_tradeoff: 1]
[cegb_penalty_split: 0]
[cegb_penalty_feature_lazy: ]
[cegb_penalty_feature_coupled: ]
[path_smooth: 0]
[interaction_constraints: ]
[verbosity: -1]
[saved_feature_importance_type: 0]
[use_quantized_grad: 0]
[num_grad_quant_bins: 4]
[quant_train_renew_leaf: 0]
[stochastic_rounding: 1]
[linear_tree: 0]
[max_bin: 255]
[max_bin_by_feature: ]
[min_data_in_bin: 3]
[bin_construct_sample_cnt: 200000]
[data_random_seed: 175]
[is_enable_sparse: 1]
[enable_bundle: 1]
[use_missing: 1]
[zero_as_missing: 0]
[feature_pre_filter: 1]
[pre_partition: 0]
[two_round: 0]
[header: 0]
[label_column: ]
[weight_column: ]
[group_column: ]
[ignore_column: ]
[categorical_feature: ]
[forcedbins_filename: ]
[precise_float_parser: 0]
[parser_config_file: ]
[objective_seed: 16083]
[num_class: 1]
[is_unbalance: 0]
[scale_pos_weight: 1]
[sigmoid: 1]
[boost_from_average: 1]
[reg_sqrt: 0]
[alpha: 0.9]
[fair_c: 1]
[poisson_max_delta_step: 0.7]
[tweedie_variance_power: 1.5]
[lambdarank_truncation_level: 30]
[lambdarank_norm: 1]
[label_gain: ]
[lambdarank_position_bias_regularization: 0]
[eval_at: ]
[multi_error_top_k: 1]
[auc_mu_weights: ]
[num_machines: 1]
[local_listen_port: 12400]
[time_out: 120]
[machine_list_filename: ]
[machines: ]
[gpu_platform_id: -1]
[gpu_device_id: -1]
[gpu_use_dp: 0]
[num_gpu: 1]

end of parameters

pandas_categorical:null
