tree
version=v4
num_class=1
num_tree_per_iteration=1
label_index=0
max_feature_idx=29
objective=binary sigmoid:1
feature_names=Column_0 Column_1 Column_2 Column_3 Column_4 Column_5 Column_6 Column_7 Column_8 Column_9 Column_10 Column_11 Column_12 Column_13 Column_14 Column_15 Column_16 Column_17 Column_18 Column_19 Column_20 Column_21 Column_22 Column_23 Column_24 Column_25 Column_26 Column_27 Column_28 Column_29
feature_infos=[-1.7106686642903313:3.4860797625526549] [-3.9608624208527363:4.2983115331457586] [-1.7070666363285625:3.4008639067568454] [-4.0211315533057856:4.1025306683942784] [-1.7139458610993996:3.4075248446206312] [-3.5743536290951092:3.9618981855657993] [-1.7038301951425574:3.1360384287885621] [-3.2379879614955684:3.7263757371610327] [-2.9693109686956736:2.9144166151783244] [-4.3057841396954952:4.2685935663010586] [-4.375758715018681:3.9196622145417441] [-5.8046615498173733:5.1906174768380575] [-1.7139458610993996:3.4075248446206312] [-1.7374056479896689:3.2969855325424895] [-1.7250817252509834:3.5969994435001689] [-1.8126894779753575:5.3525225847440261] [-4.3915198453539457:3.8760733827716143] [-4.006447458806691:4.119703423883708] [-3.3893186625688494:4.2245335697380275] [-3.7489987967258953:3.9536675545429492] [-3.3028956810820684:4.4290359532648607] [-2.6358927011555453:4.8012937407672407] [-3.1027995873585335:3.7560020954809299] [-3.2812573598353092:3.422173852843732] [-3.1774700446282207:3.1063268082615756] [-1.8969623756644076:4.3503795182486904] [-3.8004283374891079:3.4876809460393212] [-1.8472306685046493:4.0381291722900858] [-3.6762635308631304:3.853156618937192] [-1.8103590554290492:3.2685847864018851]
tree_sizes=3501 3471 3444 3470 3479 3472 3473 3466 3478 3469 3483 3472 3480 3475 3484 3476 3476 3468 3472 3484 3485 3471 3482 3488 3488 3480 3479 3474 3496 3474 3458 3446 3489 3491 3464 3474 3486 3487 3480 3478 3469 3484 3470 3462 3483 3475 3496 3479 3479 3484 3480 3484 3501 3491 3484 3487 3497 3495 3467 3482 3489 3486 3494 3484 3490 3472 3489 3514 3479 3483 3491 3504 3514 3505 3501 3503 3507 3481 3505 3492 3508 3493 3501 3506 3507 3472 3492 3495 3502 3502 3494 3485 3504 3508 3510 3508 3507 3497 3515 3510 3511 3495 3488 3499 3507 3512 3522 3495 3504 3513 3507 3502 3508 3499 3492 3507 3509 3498 3496 3520 3511 3502 3501 3510 3509 3498 3503 3511 3508 3506 3494 3500 3509 3511 3506 3506 3502 3502 3501 3511 3499 3512 3514 3508 3505 3483 3505 3502 3513 3499 3519 3507 3502 3522 3508 3483 3523 3505 3514 3511 3515 3505 3504 3511 3468 3500 3520 3495 3505 3507 3507 3500 3500 3505 3512 3495 3502 3493 3511 3506 3509 3513 3508 3517 3515 3514 3498 3503 3508 3499 3519 3479 3504 3505 3478 3496 3497 3479 3506 3501 3501 3507 3508 3515 3495 3483 3496 3501 3488 3478 3509 3491 3503

Tree=0
num_leaves=31
num_cat=0
split_feature=4 0 0 0 2 2 13 7 19 17 26 0 26 4 26 27 2 4 23 0 8 13 19 4 13 3 1 23 23 10
split_gain=3598.71 478.069 333.089 78.2074 40.4396 37.8058 28.9912 23.2473 11.5394 11.5074 11.3074 12.596 11.9347 10.4174 10.0354 10.001 8.82672 9.46239 8.53854 8.51479 8.39706 8.34429 10.0106 8.22315 8.16602 7.64046 7.37875 7.20178 7.11112 6.81341
threshold=-0.059847047668216254 -0.7692932016384707 0.71556928069885861 -0.3603992642560227 1.6417879253725467 0.1667542376163291 -1.2280265127299848 0.75669844106865292 -0.9888893457164204 -1.5039790479353716 -0.88295768276908804 0.54571841607728444 1.5923691714116048 -0.40587761581231063 1.0706239831438646 -1.5813416642183582 -0.86088341718025208 -1.0199170013970111 -1.2669731999285918 -0.078881259048058081 -1.7033182344995468 1.2850967815328296 -1.3792723007190479 0.060511841255135722 -0.047075147377285825 -0.19039343122888422 -0.28863428222920745 -0.37712768127759494 1.2520056025559521 -1.2203652523889374
decision_type=2 2 2 2 2 2 2 2 2 2 2 2 2 2 2 2 2 2 2 2 2 2 2 2 2 2 2 2 2 2
left_child=1 6 5 8 21 18 -1 15 14 -8 -7 12 -12 26 28 -5 17 -11 -2 -9 -13 22 -4 25 -17 -20 -10 -25 -3 -15
right_child=2 3 4 7 -6 10 9 19 13 16 11 20 -14 29 -16 24 -18 -19 23 -21 -22 -23 -24 27 -26 -27 -28 -29 -30 -31
leaf_value=0.0034216883053500499 -0.0089547608202497006 -0.0010404452474793071 -0.016877598324817562 -0.002534658336104386 -0.030499794006576326 -0.023086107455654446 0.0040829488288212784 -0.017165884138363775 -0.0083424374479738467 -0.0013262462924400996 -0.01751454045642092 -0.010175719304112629 -0.025694604166151064 -0.0030245672049172469 -0.011266254050258847 -0.011123845808813634 -0.0030671043746805203 0.0012939438787827988 -0.011825667684327022 -0.011247793814627791 -0.022355701681078817 -0.027486938472723006 -0.025381457073080149 -0.021843773128599545 -0.0027327516325433721 -0.016360213706595648 -0.0055855844033236464 -0.016177651207855637 -0.008529590772727625 -0.012059127506514836
leaf_weight=297.23802298307419 18.999234437942505 80.496756434440613 14.749405682086943 15.249385535717009 262.48942315578461 97.246081531047821 57.497683167457581 87.746464312076569 145.24414747953415 310.73747903108597 266.48926198482513 5.7497683167457572 19.249224364757538 9.7496071457862836 14.49941575527191 317.98718690872192 128.74481230974197 267.48922169208527 65.997340679168701 33.248660266399384 127.49486267566681 232.74062186479568 476.23081058263779 33.748640120029449 11.99951648712158 83.996615409851074 312.73739844560623 70.247169435024261 15.749365389347075 56.997703313827515
leaf_count=1189 76 322 59 61 1050 389 230 351 581 1243 1066 23 77 39 58 1272 515 1070 264 133 510 931 1905 135 48 336 1251 281 63 228
internal_value=-0.0126937 -0.00403485 -0.0232448 -0.00865143 -0.02712 -0.0183997 0.000753867 -0.0117648 -0.00636928 -0.000286705 -0.0199923 -0.0192696 -0.0180735 -0.00699549 -0.00341906 -0.0104414 -0.000645823 -0.000110201 -0.0153828 -0.0155315 -0.0218211 -0.0258906 -0.0251289 -0.0158688 -0.0108128 -0.0143591 -0.00645657 -0.018033 -0.00224997 -0.010712
internal_weight=3938.84 2163.41 1775.43 1101.71 986.21 789.218 1061.71 466.231 635.474 764.469 516.229 418.983 285.738 524.729 110.746 345.236 706.972 578.227 272.989 120.995 133.245 723.721 490.98 253.99 329.987 149.994 457.982 103.996 96.2461 66.7473
internal_count=15756 8654 7102 4407 3945 3157 4247 1865 2542 3058 2065 1676 1143 2099 443 1381 2828 2313 1092 484 533 2895 1964 1016 1320 600 1832 416 385 267
is_linear=0
shrinkage=1


Tree=1
num_leaves=31
num_cat=0
split_feature=12 0 0 0 12 0 13 7 10 7 29 19 17 12 26 0 8 26 26 27 9 13 14 13 9 13 22 23 19 10
split_gain=3527.33 468.518 326.565 76.6485 39.0093 35.2574 28.4101 22.7855 12.5473 15.3119 12.075 11.3094 11.2768 10.207 9.83354 9.73362 12.1387 11.8481 11.9283 10.7734 9.54722 8.62727 8.04224 7.92273 7.38343 7.10952 7.05143 6.96677 6.95412 6.67856
threshold=-0.059847047668216254 -0.7692932016384707 0.71556928069885861 -0.3603992642560227 1.3299579684881662 0.16932671728840451 -1.2280265127299848 0.75669844106865292 -2.4405923957375211 -1.6543033131846168 -1.607733817043496 -0.9888893457164204 -1.5039790479353716 -0.40587761581231063 1.0706239831438646 0.54571841607728444 -1.7376012907443976 -0.9152913781950085 1.5923691714116048 0.66162653032384366 0.81292707512926776 -0.047075147377285825 -0.7560413066771895 0.066292827128768092 0.7810509135260475 1.6238370959892461 -0.32829866699190963 1.2520056025559521 -1.3792723007190479 -1.2203652523889374
decision_type=2 2 2 2 2 2 2 2 2 2 2 2 2 2 2 2 2 2 2 2 2 2 2 2 2 2 2 2 2 2
left_child=1 6 5 11 28 8 -1 10 -2 -10 -5 14 -8 24 27 17 -17 19 -19 -7 -9 -12 -14 -11 -13 -6 -18 -3 -4 -15
right_child=2 3 4 7 25 15 12 20 9 23 21 13 22 29 -16 16 26 18 -20 -21 -22 -23 -24 -25 -26 -27 -28 -29 -30 -31
leaf_value=0.015953734380113965 -0.015473610285941615 0.011536449702310362 -0.0068317561905643981 0.011570444188824396 -0.01492895673942337 -0.0124400240609176 0.016608616434121658 -0.0071013770601803918 0.0090710787434106661 -0.0015581860446731177 0.0015297918141543979 0.0066851400933890491 0.012158994375459592 0.0095731073880334031 0.0014133044760142614 0.0057925414443801395 -0.0072892933738925234 -0.0048054726208291224 -0.013136686582521526 -0.003894433297661246 -0.00095562237270762989 0.010067570388521187 0.0068567449123624821 -0.0051940427294288518 0.0029674777808521968 -0.017549745886439896 -0.011751874117155564 0.0041226859474506293 -0.012663523767671428 0.00062828225698453876
leaf_weight=297.24913184344769 7.4993203431367865 80.499976009130478 22.497485518455505 13.249934688210486 196.46209609508514 50.743438988924026 57.499760091304779 36.247571036219597 10.99931615591049 163.49074493348598 319.74020390212536 394.74568217992783 675.74953208863735 9.7499779164791089 14.499540209770201 4.9998438209295264 64.991864785552025 265.72957116365433 18.49700716137886 21.49720710515976 84.744911938905716 12.24997742474079 31.24992735683918 95.742780417203903 63.249347791075706 261.44023284316063 84.989316448569298 15.749713674187658 505.66743466258049 56.99792754650116
leaf_count=1189 30 322 90 53 786 203 230 145 44 654 1279 1579 2703 39 58 20 260 1063 74 86 339 49 125 383 253 1046 340 63 2023 228
internal_value=0 0.00857219 -0.0104467 0.00400196 -0.0142842 -0.00564927 0.0133127 0.000919709 -0.0027737 -0.00241197 0.00222994 0.0062612 0.0122826 0.00564122 0.00918197 -0.00720799 -0.00931701 -0.00628589 -0.0053556 -0.00991977 -0.0028094 0.00185077 0.011927 -0.00290636 0.00617467 -0.016431 -0.0098309 0.0103392 -0.0124183 0.00196219
internal_weight=3938.72 2163.47 1775.25 1101.72 986.067 789.18 1061.75 466.233 277.732 270.233 345.24 635.492 764.499 524.743 110.749 511.448 154.981 356.467 284.227 72.2406 120.992 331.99 706.999 259.234 457.995 457.902 149.981 96.2497 528.165 66.7479
internal_count=15756 8654 7102 4407 3945 3157 4247 1865 1111 1081 1381 2542 3058 2099 443 2046 620 1426 1137 289 484 1328 2828 1037 1832 1832 600 385 2113 267
is_linear=0
shrinkage=0.01


Tree=2
num_leaves=31
num_cat=0
split_feature=4 14 0 0 2 2 13 20 19 11 19 26 0 26 13 17 5 10 20 26 26 20 17 23 23 16 8 13 19 27
split_gain=3457.58 459.339 320.246 75.4035 38.9835 36.3657 27.824 21.0675 13.9354 11.231 12.1052 10.9119 12.0924 11.4847 10.8678 10.3026 9.96461 9.39461 8.73615 8.79279 8.68804 16.9044 8.45308 8.35295 8.23135 8.15546 8.06286 8.04634 9.67819 7.45
threshold=-0.059847047668216254 -0.76157425996426065 0.71556928069885861 -0.3603992642560227 1.6417879253725467 0.1667542376163291 -1.2280265127299848 0.52683416358168189 -0.9888893457164204 1.1735587172130433 0.91083349021805671 -0.88295768276908804 0.54571841607728444 1.5923691714116048 -0.08293602107732613 -1.5039790479353716 1.4743761535289364 0.92479527513678106 -0.10146716290188348 1.0365768193751079 0.59057968910627012 -0.627306200953612 1.0120688067638175 -1.2117026123618322 -0.55560426925829554 2.4282117096952747 -1.7033182344995468 1.2850967815328296 -1.3792723007190479 -1.1360151301061294
decision_type=2 2 2 2 2 2 2 2 2 2 2 2 2 2 2 2 2 2 2 2 2 2 2 2 2 2 2 2 2 2
left_child=1 6 5 8 27 23 -1 20 18 10 -10 -7 13 -13 29 -8 -16 25 19 -3 22 -22 -5 -2 -25 -17 -14 28 -4 -9
right_child=2 3 4 7 -6 11 15 14 9 -11 -12 12 26 -15 16 17 -18 -19 -20 -21 21 -23 -24 24 -26 -27 -28 -29 -30 -31
leaf_value=0.015795691156803279 0.0033905598210238644 0.011239331035270719 -0.004074846972580831 0.0040516063858525801 -0.017464437156617232 -0.010195315923301985 0.016434583447813438 0.0024573524004456292 0.0057511204013521158 0.01253526070364013 0.0009713120129376246 -0.0047248822093015246 0.0024624706291456648 -0.0127511561494759 0.013503353108948029 0.012113012697125702 -0.0023724464225476235 0.0044707344081074997 0.00034406429095679223 0.0029415847144038778 -0.0080664914731905183 0.0023606822981272167 -0.0019939558452535945 -0.0069989175974494548 -0.0022837775866705219 0 -0.0094699201895390665 -0.014505888233066526 -0.012437794466516272 -0.0039697581799061302
leaf_weight=297.22211268544197 20.999066427350044 94.747524067759514 14.747926920652388 206.49438253045082 262.35005964338779 97.223737597465515 54.24433721601963 20.998726665973663 433.49748170375824 21.74998839199543 60.999918982386589 266.46668726205826 5.7498788386583319 19.242952659726143 7.9997471719980222 686.97725270688534 7.4996772557497025 17.499698713421822 10.249780058860777 15.249662041664122 21.249534398317337 56.998256623744965 25.749141857028008 45.494070202112198 206.48232300579548 5.4998141378164283 127.46696120500565 232.6470557898283 476.07725478708744 118.49221010506153
leaf_count=1189 84 379 59 826 1050 389 217 84 1734 87 244 1066 23 77 32 2748 30 70 41 61 85 228 103 182 826 22 510 931 1905 474
internal_value=0 0.00848677 -0.0103441 0.00396264 -0.014145 -0.00559332 0.0131819 0.000900982 0.00619963 0.0054787 0.00516383 -0.00715551 -0.00644538 -0.00527323 -0.00210581 0.0121621 0.00579149 0.011832 0.0092793 0.0101018 0.00240532 -0.000464914 0.00337645 -0.00263429 -0.0031415 0.0120159 -0.00894594 -0.0129376 -0.0121894 -0.002994
internal_weight=3938.37 2163.42 1774.95 1101.98 985.822 789.126 1061.44 465.482 636.494 516.247 494.497 516.15 418.926 285.71 154.99 764.221 15.4994 709.977 120.247 109.997 310.491 78.2478 232.244 272.975 251.976 692.477 133.217 723.472 490.825 139.491
internal_count=15756 8654 7102 4408 3945 3157 4246 1862 2546 2065 1978 2065 1676 1143 620 3057 62 2840 481 440 1242 313 929 1092 1008 2770 533 2895 1964 558
is_linear=0
shrinkage=0.01


Tree=3
num_leaves=31
num_cat=0
split_feature=12 0 0 0 12 0 13 20 10 9 17 13 5 0 8 26 26 27 0 6 16 26 20 8 17 10 14 12 13 9
split_gain=3389.39 450.548 314.135 73.5605 37.6058 33.9349 27.2909 20.3189 12.2631 14.0586 10.8633 10.5302 9.77004 9.35333 11.7339 11.3875 11.4842 10.5691 9.08064 10.7458 11.339 8.51506 16.5701 8.4142 8.28564 8.07434 7.71099 7.37326 6.85538 6.78115
threshold=-0.059847047668216254 -0.7692932016384707 0.71556928069885861 -0.3603992642560227 1.3299579684881662 0.16932671728840451 -1.2280265127299848 0.52683416358168189 -2.4405923957375211 -1.7738609692054441 -1.5039790479353716 -0.08293602107732613 1.4743761535289364 0.54571841607728444 -1.7376012907443976 -0.9152913781950085 1.5923691714116048 0.66162653032384366 -0.64299027693002697 -0.72060071150768945 0.34841124553285241 0.59057968910627012 -0.627306200953612 -1.6642574545320434 1.0120688067638175 -1.3967127613426431 -0.7560413066771895 -0.4419210467430727 1.6238370959892461 1.1515709624933257
decision_type=2 2 2 2 2 2 2 2 2 2 2 2 2 2 2 2 2 2 2 2 2 2 2 2 2 2 2 2 2 2
left_child=1 6 5 18 -4 8 -1 21 -2 -10 -8 27 -13 15 -15 17 -17 -7 -3 20 -20 24 -23 -11 -5 -21 -12 -9 -6 -16
right_child=2 3 4 7 28 13 10 11 9 23 26 12 -14 14 29 16 -18 -19 19 25 -22 22 -24 -25 -26 -27 -28 -29 -30 -31
leaf_value=0.015641170911611615 -0.015273873054711154 0.007901042771228859 -0.012176122914927255 0.0040110556285735876 -0.01464148821254895 -0.01222346402228581 0.016289658525818155 0.0066306113642012453 0.0087741284553653903 -0.010159911710160039 0.011920399829899427 0.013370171872754827 -0.0023490723342013452 0.0057176951243566518 -0.0085586822014377881 -0.0047113196504389989 -0.012888491776098963 -0.0037589990842710548 -0.0030806894690067013 0.011611521177834441 0.0069089312771404609 -0.0079866039612710021 0.0023370924085202097 -0.0023774587795338453 -0.0019741142784828578 0.005488258152538476 0.006726655631571936 -0.003463118808993128 -0.017216781533846152 -0.014030246431646727
leaf_weight=297.15809942781925 7.4970288425683966 201.49484440684319 527.916055098176 206.49718716740608 196.33769081532955 50.724327400326729 57.480716347694397 7.499298393726348 10.749444618821142 14.747946962714193 675.6559224575758 7.9996350705623609 7.4995517730712891 4.9999485313892356 120.69765834510326 265.70151981711388 18.487941756844521 21.49281357228756 28.999838501214981 23.248806163668633 18.499899208545685 21.248469293117523 56.998861819505692 244.72013883292675 25.748871445655823 363.24155928194523 31.249177753925323 132.73783685266972 261.2240404188633 29.236830621957779
leaf_count=1189 30 806 2113 826 786 203 230 30 43 59 2703 32 30 20 483 1063 74 86 116 93 74 85 228 979 103 1453 125 531 1046 117
internal_value=0 0.00840262 -0.0102431 0.00392106 -0.0140085 -0.00553797 0.013052 0.000901474 -0.00271672 -0.00235911 0.0120422 -0.00204191 0.00573374 -0.00706743 -0.00913547 -0.00616332 -0.00525115 -0.00972683 0.00613434 0.00531015 0.000795338 0.00238121 -0.000460213 -0.0028274 0.00334262 0.00586209 0.0116932 -0.00291188 -0.0161174 -0.00964093
internal_weight=3937.79 2163.26 1774.53 1101.71 985.478 789.056 1061.54 466.23 277.715 270.218 764.386 155.736 15.4992 511.341 154.934 356.407 284.189 72.2171 635.485 433.99 47.4997 310.493 78.2473 259.468 232.246 386.49 706.905 140.237 457.562 149.934
internal_count=15756 8654 7102 4407 3945 3157 4247 1865 1111 1081 3058 623 62 2046 620 1426 1137 289 2542 1736 190 1242 313 1038 929 1546 2828 561 1832 600
is_linear=0
shrinkage=0.01


Tree=4
num_leaves=31
num_cat=0
split_feature=4 0 0 0 2 2 13 7 19 17 4 27 9 0 8 27 2 4 23 4 13 19 13 3 19 1 23 24 23 22
split_gain=3322.75 441.806 308.206 72.1017 37.661 35.0241 26.7829 21.7597 10.8338 10.661 10.0072 9.59497 9.42116 8.96322 11.5074 10.737 8.39519 9.29587 8.18029 7.95032 7.75827 9.49762 7.71343 7.48381 7.37062 7.22613 6.94227 9.6262 6.9204 6.90972
threshold=-0.059847047668216254 -0.7692932016384707 0.71556928069885861 -0.3603992642560227 1.6417879253725467 0.1667542376163291 -1.2280265127299848 0.75669844106865292 -0.9888893457164204 -1.5039790479353716 -0.40587761581231063 -1.5813416642183582 0.81292707512926776 0.54571841607728444 -1.7376012907443976 0.47385042549911 -0.86088341718025208 -1.0199170013970111 -1.2669731999285918 0.060511841255135722 1.2850967815328296 -1.3792723007190479 -0.047075147377285825 -0.19039343122888422 -0.080765031138982188 -0.28863428222920745 1.2520056025559521 -0.41831477174283876 -0.37712768127759494 -1.8224611451134158
decision_type=2 2 2 2 2 2 2 2 2 2 2 2 2 2 2 2 2 2 2 2 2 2 2 2 2 2 2 2 2 2
left_child=1 6 5 8 20 18 -1 11 26 -8 25 -5 -9 15 -15 -7 17 -11 -2 23 21 -4 -13 -20 -17 -10 29 -28 -21 -3
right_child=2 3 4 7 -6 13 9 12 10 16 -12 22 -14 14 -16 24 -18 -19 19 28 -22 -23 -24 -25 -26 -27 27 -29 -30 -31
leaf_value=0.015490041185549197 0.0037121706662535683 -0.00097478095231311927 -0.0039144569344536154 0.0099174570993782254 -0.017139532427862744 -0.0074022471275921754 0.01613293677348961 -0.0070154570647081981 0.0041289277624294808 0.010896190207378798 0.0018241109942831726 0.0015066513283699934 -0.00091033856812511706 0.0056616339192405033 -0.0095468968828535637 -0.0012594249795367949 0.0092169595624737918 0.01349167135354493 0.00093667748924935556 -0.0089195474123725024 -0.014228700326263687 -0.012198817609791258 0.009662489040703744 -0.003551616464209133 -0.0061379882613090244 0.0068562928238214277 0.010234201270174806 -0.0049185719375172176 -0.0033643214735042926 0.010641954451109593
leaf_weight=297.05820827186108 18.999111145734787 5.2491560131311408 14.744113087654112 15.249237731099127 262.05648726224899 235.90129816532135 57.45978544652462 36.243843823671341 145.24598172307014 310.65614111721516 66.748757690191269 317.99235185980797 84.740019857883453 4.9999533891677848 149.90070798993111 61.480341225862503 128.72231715917587 267.40664631128311 65.993434742093086 33.738230586051941 232.4569361358881 475.78122769296169 11.998609513044356 83.987274721264839 63.729883596301079 312.73591558635235 8.4996693879365939 7.9997169673442832 70.238162741065025 88.985193803906441
leaf_count=1189 76 21 59 61 1050 944 230 145 581 1243 267 1272 339 20 600 246 515 1070 264 135 931 1905 48 336 255 1251 34 32 281 356
internal_value=0 0.00831969 -0.0101438 0.00388199 -0.0138747 -0.00548337 0.0129245 0.000892471 0.00607327 0.0119241 0.00546644 0.00217288 -0.00275183 -0.00701679 -0.0090462 -0.00614123 0.0115783 0.0121007 -0.00257932 -0.00305522 -0.0126877 -0.0119527 0.00180907 -0.00157074 -0.00375343 0.0059946 0.00893228 0.00284177 -0.00518333 0.00998392
internal_weight=3937 2162.99 1774.01 1101.69 985.039 788.968 1061.3 466.224 635.464 764.245 524.731 345.24 120.984 516.012 154.901 361.112 706.785 578.063 272.956 253.957 722.982 490.525 329.991 149.981 125.21 457.982 110.734 16.4994 103.976 94.2343
internal_count=15756 8654 7102 4407 3945 3157 4247 1865 2542 3058 2099 1381 484 2065 620 1445 2828 2313 1092 1016 2895 1964 1320 600 501 1832 443 66 416 377
is_linear=0
shrinkage=0.01


Tree=5
num_leaves=31
num_cat=0
split_feature=4 14 0 0 2 2 13 7 19 11 19 26 0 26 22 8 20 26 0 19 23 23 28 7 13 19 13 13 1 0
split_gain=3257.59 433.555 302.472 70.9053 37.0097 34.3401 26.2494 21.7483 13.3556 10.9877 11.8478 10.5466 11.4289 11.058 9.40182 8.88778 8.52339 8.62508 8.46179 8.16518 8.03268 7.9344 8.49704 7.65406 7.6183 9.31587 7.25318 7.12967 6.38815 6.13255
threshold=-0.059847047668216254 -0.76157425996426065 0.71556928069885861 -0.3603992642560227 1.6417879253725467 0.1667542376163291 -1.2280265127299848 0.75669844106865292 -0.9888893457164204 1.1735587172130433 0.91083349021805671 -0.88295768276908804 0.54571841607728444 1.5923691714116048 -0.33785122369709913 0.96378112969195773 -0.10146716290188348 1.0365768193751079 -0.078881259048058081 1.7349504018573561 -1.2117026123618322 -0.55560426925829554 -1.492594734278091 1.348339126424883 1.2850967815328296 -1.3792723007190479 -0.77169804554961996 -0.063562350846819701 1.9291533396694542 -1.3968135513546232
decision_type=2 2 2 2 2 2 2 2 2 2 2 2 2 2 2 2 2 2 2 2 2 2 2 2 2 2 2 2 2 2
left_child=1 6 5 8 24 20 29 19 16 10 -10 -7 13 -13 -14 23 17 -3 -9 27 -2 -22 -23 -8 25 -4 28 -5 -17 -1
right_child=2 3 4 7 -6 11 15 18 9 -11 -12 12 14 -15 -16 26 -18 -19 -20 -21 21 22 -24 -25 -26 -27 -28 -29 -30 -31
leaf_value=0.017528396634360496 0.0033542287958535167 0.010967204779415875 -0.0038758928462095778 0.0020336396636747443 -0.016981462542706802 -0.0099372556287470812 0.012503660005887936 -0.0044252237508572365 0.0055763541764365333 0.012286373048750384 0.00084799567566766693 -0.0045718717591879459 -0.0057182900571016203 -0.012450788948788503 -0.011121770990923237 0.010926145571938954 0.00020339056039580126 0.0027508364882680631 0.0014818295672165813 -0.008836714343160355 -0.0068389872847894606 0.004268369447562567 -0.002844259037979655 0.0041777648484940125 -0.01409432844234006 -0.012081950810853073 0.0029725832068496021 0.0087793240624444175 0.0021428384559621706 0.014310118410178204
leaf_weight=94.396218627691269 20.998960107564926 94.716745615005493 14.742904230952261 322.24216903746128 261.85277138650417 97.163110598921776 604.37930251657963 86.982891842722893 433.46434177458286 21.746360376477242 60.997464656829834 266.40440361201763 60.452094808220863 19.226635918021202 72.679676696658134 122.93739672005177 10.248753279447554 15.249291300773619 33.246590718626976 6.4996929168701163 45.481519505381584 18.247131571173668 188.21638266742229 11.745246902108191 232.32797721028328 475.58150938153267 15.498480170965193 16.497137814760208 9.2455590516328794 202.52733679115772
leaf_count=378 84 379 59 1289 1050 389 2419 348 1734 87 244 1066 242 77 291 492 41 61 133 26 182 73 753 47 931 1905 62 66 37 811
internal_value=0 0.008238 -0.0100461 0.00384314 -0.0137435 -0.00542929 0.0128017 0.000874141 0.00601256 0.00530677 0.00499537 -0.00694786 -0.00624966 -0.0051099 -0.00868181 0.0118109 0.00902801 0.00984044 -0.00278358 0.00215128 -0.00255369 -0.0030512 -0.00220905 0.0123473 -0.0125667 -0.0118381 0.00955951 0.00236761 0.0103214 0.0153422
internal_weight=3936 2162.62 1773.38 1101.89 984.505 788.87 1060.73 465.468 636.423 516.208 494.462 515.926 418.763 285.631 133.132 763.806 120.215 109.966 120.229 345.239 272.944 251.945 206.464 616.125 722.652 490.324 147.681 338.739 132.183 296.924
internal_count=15756 8654 7102 4408 3945 3157 4246 1862 2546 2065 1978 2065 1676 1143 533 3057 481 440 481 1381 1092 1008 826 2466 2895 1964 591 1355 529 1189
is_linear=0
shrinkage=0.01


Tree=6
num_leaves=31
num_cat=0
split_feature=4 14 0 0 2 2 13 7 19 29 11 19 26 0 26 17 22 9 13 23 2 23 28 13 19 26 21 28 28 26
split_gain=3193.89 425.29 296.91 69.5067 36.3881 33.6745 25.7854 21.3156 13.0977 11.6128 10.774 11.6124 10.344 11.2099 10.849 9.73607 9.22193 8.97218 8.03957 7.87412 7.81836 7.7787 8.32909 7.48385 9.13935 7.4257 8.49582 7.16111 6.0728 6.03125
threshold=-0.059847047668216254 -0.76157425996426065 0.71556928069885861 -0.3603992642560227 1.6417879253725467 0.1667542376163291 -1.2280265127299848 0.75669844106865292 -0.9888893457164204 -1.607733817043496 1.1735587172130433 0.91083349021805671 -0.88295768276908804 0.54571841607728444 1.5923691714116048 -1.5039790479353716 -0.33785122369709913 0.81292707512926776 -0.047075147377285825 -1.2117026123618322 -0.72290662078099854 -0.55560426925829554 -1.492594734278091 1.2850967815328296 -1.3792723007190479 1.1034657475959799 -1.1011291179209792 1.0008797960667835 0.60193686865102736 0.059865194848650445
decision_type=2 2 2 2 2 2 2 2 2 2 2 2 2 2 2 2 2 2 2 2 2 2 2 2 2 2 2 2 2 2
left_child=1 6 5 8 23 19 -1 9 25 -5 11 -10 -7 14 -14 -8 -15 -9 -11 -2 -17 -21 -23 24 -4 26 -3 -27 -25 -12
right_child=2 3 4 7 -6 12 15 17 10 18 29 -13 13 16 -16 20 -18 -19 -20 21 -22 22 -24 28 -26 27 -28 -29 -30 -31
leaf_value=0.015197557708646824 0.0033208080858959984 0.0028178498626075894 -0.0038377348139876891 0.011290274880861347 -0.016827171686458951 -0.0098411293307922761 0.015853466331075868 -0.0069118354066495169 0.0055209008961119603 0.0014480303949688978 0.016407039969772625 0.00083953413975774147 -0.0045265865159412827 -0.0056621269868577595 -0.012332731301520175 0.011533563872814437 -0.011014811370990701 -0.0009446117499763249 0.0096915583544390452 -0.0067717081502860696 0.0042129628642082412 0.004225724835835578 -0.0028159401117920828 -0.012968067082223693 -0.011967034948169104 -0.0047529632977819421 0.011066500294537556 0.0087422406491832836 -0.016814848648906307 0.0053258902584725955
leaf_weight=296.75513549149036 20.999197542667389 14.992417335510252 14.74159514904022 13.247760266065596 261.61328914761543 97.132190108299255 54.160844758152962 36.237969905138016 433.44109636545181 319.7442501783371 13.245155930519106 60.997150361537933 266.38003408908844 60.442245677113533 19.217582151293755 693.90378965437412 72.652681782841682 83.986238777637482 12.245637878775595 45.475086465477943 15.497619211673735 18.247968778014183 188.20912376046181 172.82519607245922 475.3489797860384 7.249639317393302 89.701333582401276 8.2495565265417081 59.351974815130234 8.4969528615474683
leaf_count=1189 84 60 59 53 1050 389 217 145 1734 1279 53 244 1066 242 77 2778 291 336 49 182 62 73 753 693 1905 29 359 33 238 34
internal_value=0 0.00815751 -0.0099499 0.00380499 -0.0136148 -0.00537589 0.0126787 0.000865409 0.00595303 0.00212978 0.00525407 0.00494569 -0.0068799 -0.00618836 -0.00505949 0.0116966 -0.00859759 -0.00275581 0.00175794 -0.00252824 0.0113757 -0.00302086 -0.00218697 -0.0124478 -0.0117254 0.00893964 0.00989863 0.00237584 -0.0139625 0.0121665
internal_weight=3934.79 2162.15 1772.64 1101.84 983.881 788.756 1060.32 465.462 636.373 345.238 516.18 494.438 515.825 418.693 285.598 763.562 133.095 120.224 331.99 272.931 709.401 251.932 206.457 722.268 490.091 120.193 104.694 15.4992 232.177 21.7421
internal_count=15756 8654 7102 4408 3945 3157 4246 1862 2546 1381 2065 1978 2065 1676 1143 3057 533 481 1328 1092 2840 1008 826 2895 1964 481 419 62 931 87
is_linear=0
shrinkage=0.01


Tree=7
num_leaves=31
num_cat=0
split_feature=4 0 0 0 2 2 0 7 29 19 26 0 26 4 26 17 22 10 19 2 4 19 10 7 22 22 4 0 4 10
split_gain=3131.6 417.328 291.517 67.8343 35.7939 33.0239 25.0818 20.489 11.3859 10.2104 10.1467 10.9963 10.6455 9.81361 9.17191 9.0789 9.04706 8.0991 13.5675 7.75707 10.1002 7.46984 7.40057 12.0818 8.06456 7.00294 6.9252 6.91178 6.88548 6.66995
threshold=-0.059847047668216254 -0.7692932016384707 0.71556928069885861 -0.3603992642560227 1.6417879253725467 0.1667542376163291 -1.2044007760984523 0.75669844106865292 -1.607733817043496 -0.9888893457164204 -0.88295768276908804 0.54571841607728444 1.5923691714116048 -0.40587761581231063 1.0706239831438646 -1.5039790479353716 -0.33785122369709913 0.84065105873685975 1.9569380623401018 -0.86088341718025208 -1.0199170013970111 1.7349504018573561 -2.4405923957375211 -1.6543033131846168 -0.60406940331705805 1.1285589814820089 1.3299579684881662 -1.3968135513546232 -0.82619892872987089 0.15228132692063565
decision_type=2 2 2 2 2 2 2 2 2 2 2 2 2 2 2 2 2 2 2 2 2 2 2 2 2 2 2 2 2 2
left_child=1 6 5 9 26 22 27 8 -5 14 -7 12 -12 25 -3 -8 -13 18 -9 20 -17 -10 -2 -24 -25 -11 -4 -1 -21 -15
right_child=2 3 4 7 -6 10 15 17 21 13 11 16 -14 29 -16 19 -18 -19 -20 28 -22 -23 23 24 -26 -27 -28 -29 -30 -31
leaf_value=0.017224935500972642 -0.013674402590961806 0.0097866593178703061 -0.011715252147809448 0.011180140544919257 -0.016676519902699541 -0.0097463780443602967 0.015596064707660829 -0.0075687447995965327 0.0019559529179627119 0.006327191349889523 -0.0044817919846016499 -0.005606596916249873 -0.012216670077624262 0.0004230645744353996 0.0011663486663283189 0.010371484418132418 -0.010909508895958417 -0.0003972506921602559 0.0077225047927094708 0.0057863559733073626 0.013134126889946512 -0.0087675527015493287 0.0085947264610265993 0.00045614158223116467 -0.0036689657526689126 0.0027306042908014933 -0.013983732759792136 0.013904830425707707 0.010688063891307243 0.0096585960465362976
leaf_weight=94.268695682287216 5.7424768209457389 96.176905423402786 526.96452324092388 13.245475545525549 261.33913873136044 97.09685979783535 52.377955585718155 45.732745230197906 325.48866038024426 393.66015116870403 266.35315504670143 60.431525394320488 19.207153111696243 57.745022788643837 14.499083191156386 281.89505553245544 72.62153285741806 68.737454459071159 6.4982007443904868 46.452561214566231 267.12895572185516 6.49933037161827 9.7489085197448713 61.979473829269409 195.44595241546631 64.235715925693512 194.86545449495316 235.75701950490475 82.185680091381073 8.9996452182531339
leaf_count=378 23 385 2113 53 1050 389 210 183 1302 1575 1066 242 77 231 58 1129 291 275 26 186 1070 26 39 248 782 257 782 945 329 36
internal_value=0 0.00807817 -0.00985522 0.0037659 -0.0134886 -0.00532311 0.0125573 0.000866162 0.00210863 0.00589171 -0.00681279 -0.00612779 -0.00500964 0.00530249 0.00866846 0.0115126 -0.0085145 -0.00267029 -0.00563609 0.0111933 0.0117196 0.00174043 -0.00250306 -0.00225418 -0.0026721 0.00582554 -0.0123309 0.0148611 0.00893165 0.0016959
internal_weight=3933.38 2161.58 1771.8 1101.52 983.169 788.627 1060.07 466.202 345.233 635.317 515.71 418.613 285.56 524.641 110.676 730.04 133.053 120.968 52.2309 677.662 549.024 331.988 272.917 267.174 257.425 457.896 721.83 330.026 128.638 66.7447
internal_count=15756 8654 7102 4407 3945 3157 4247 1865 1381 2542 2065 1676 1143 2099 443 2924 533 484 209 2714 2199 1328 1092 1069 1030 1832 2895 1323 515 267
is_linear=0
shrinkage=0.01


Tree=8
num_leaves=31
num_cat=0
split_feature=4 14 0 0 4 0 0 20 19 11 19 0 26 8 26 10 9 8 4 20 27 26 8 17 10 26 17 27 3 16
split_gain=3070.69 409.829 286.278 66.7061 34.6062 31.0293 24.5959 19.2503 12.6199 10.563 11.4138 9.78809 11.5137 11.233 10.1331 9.7504 12.3155 9.85198 9.08734 8.36053 8.34186 8.28567 16.4304 8.18864 8.62936 8.16067 8.05097 7.5531 7.26774 7.18131
threshold=-0.059847047668216254 -0.76157425996426065 0.71556928069885861 -0.3603992642560227 1.3299579684881662 0.1249185826657377 -1.2044007760984523 0.52683416358168189 -0.9888893457164204 1.1735587172130433 0.91083349021805671 0.54571841607728444 -0.89895099986394589 -1.7376012907443976 1.5923691714116048 -2.4405923957375211 -1.7738609692054441 -1.6642574545320434 -0.097282243762684517 -0.10146716290188348 -1.1360151301061294 0.59057968910627012 -0.82502357594316855 -1.5039790479353716 0.92479527513678106 1.0365768193751079 1.0120688067638175 0.65061624371182136 0.49575625304153292 2.4282117096952747
decision_type=2 2 2 2 2 2 2 2 2 2 2 2 2 2 2 2 2 2 2 2 2 2 2 2 2 2 2 2 2 2
left_child=1 6 5 8 -4 15 -1 21 19 10 -10 12 27 -13 -14 -2 -17 -18 20 25 -9 26 -23 -8 29 -3 -5 -7 -20 -25
right_child=2 3 4 7 -6 11 23 18 9 -11 -12 13 14 -15 -16 16 17 -19 28 -21 -22 22 -24 24 -26 -27 -28 -29 -30 -31
leaf_value=0.014723746179042652 -0.014203349973891831 0.010666941823425652 -0.011605233202068806 0.0038936641472147415 -0.015392601186323233 -0.011032515984091587 0.01542859314724539 0.0027524411410271227 0.0054114105071773689 0.011992070035069502 0.00077027898730277252 0.0058264260713576889 -0.0043461740540853893 -0.0091994230116806061 -0.011236257533237095 0.0092335625924176209 -0.010350181528349057 -0.0017498012721896697 0.013276175187436767 2.6801548714505334e-05 -0.0038580975602342661 -0.0083240273801771167 0.0021564130613732102 0.011387126957516891 0.0040590828167088363 0.0026716439621676442 -0.0020062761119947563 -0.0042577977251956082 -0.00098975837772006105 -0.00044966841855456602
leaf_weight=329.77836057543755 6.4884699732065192 94.640845984220505 526.64314658939838 206.48572610318661 455.73228856921196 58.132367148995399 49.095339328050613 22.496011853218079 433.37184715270996 21.732715710997581 60.993733823299408 4.9996151924133292 296.81184403598309 149.71070446074009 23.193231642246246 9.4990791827440244 14.242537900805472 201.43723526597023 6.4971971958875638 10.245987817645071 118.47003290057182 19.998842686414719 58.246926188468933 657.89308351278305 17.489554017782211 15.247910320758818 25.747229725122452 23.970082715153694 7.4988560527563095 4.9944546222686759
leaf_count=1323 26 379 2113 826 1832 233 197 90 1734 87 244 20 1188 600 93 38 57 806 26 41 474 80 233 2636 70 61 103 96 30 20
internal_value=0 0.00799996 -0.00976194 0.00372789 -0.0133646 -0.00527095 0.0124414 0.000848131 0.00583256 0.00514642 0.00484109 -0.00655133 -0.00571868 -0.00870394 -0.00485203 -0.00218772 -0.00183091 -0.0023269 -0.00202626 0.00876516 -0.00279487 0.00228617 -0.000516725 0.0114064 0.0111124 0.00957006 0.00323466 -0.00907437 0.00560898 0.0112964
internal_weight=3931.79 2160.92 1770.86 1101.67 982.375 788.485 1059.25 465.441 636.233 516.098 494.366 556.818 402.108 154.71 320.005 231.667 225.179 215.68 154.962 120.135 140.966 310.479 78.2458 729.472 680.377 109.889 232.233 82.1024 13.9961 662.888
internal_count=15756 8654 7102 4408 3945 3157 4246 1862 2546 2065 1978 2230 1610 620 1281 927 901 863 620 481 564 1242 313 2923 2726 440 929 329 56 2656
is_linear=0
shrinkage=0.01


Tree=9
num_leaves=31
num_cat=0
split_feature=4 14 0 0 2 2 0 7 19 29 11 19 26 0 26 20 22 20 0 21 23 23 28 19 14 4 4 18 19 26
split_gain=3011.09 402.206 281.185 65.3973 34.9131 31.8266 24.1961 20.208 12.3809 11.1343 10.3614 11.188 9.80496 10.5623 10.278 9.0146 8.86938 8.19816 8.16558 8.01318 7.63529 7.60396 8.09097 7.27551 6.6661 8.76857 6.6092 6.52484 6.42235 5.9265
threshold=-0.059847047668216254 -0.76157425996426065 0.71556928069885861 -0.3603992642560227 1.6417879253725467 0.1667542376163291 -1.3466384822541688 0.75669844106865292 -0.9888893457164204 -1.607733817043496 1.1735587172130433 0.91083349021805671 -0.88295768276908804 0.54571841607728444 1.5923691714116048 1.2750287128791067 -0.33785122369709913 -0.10146716290188348 -0.078881259048058081 -1.1011291179209792 -1.2117026123618322 -0.55560426925829554 -1.492594734278091 1.7349504018573561 -1.1240288153728548 -1.0199170013970111 1.3299579684881662 0.081450901708241333 -1.3792723007190479 0.059865194848650445
decision_type=2 2 2 2 2 2 2 2 2 2 2 2 2 2 2 2 2 2 2 2 2 2 2 2 2 2 2 2 2 2
left_child=1 6 5 8 26 20 -1 9 17 27 11 -10 -7 14 -14 24 -15 19 -9 -3 -2 -22 -23 -11 -8 -26 28 -5 -4 -12
right_child=2 3 4 7 -6 12 15 18 10 23 29 -13 13 16 -16 -17 -18 -19 -20 -21 21 22 -24 -25 25 -27 -28 -29 -30 -31
leaf_value=0.015975920811019294 0.0033087429886508673 0.0031113953019732406 -0.0061263418668987945 0.0046163367750996602 -0.016395414406944763 -0.0095677289759525004 0.013387560845786586 -0.0042995301253212067 0.005357829884207385 0.0019194099900990806 0.016081567111190985 0.00076259516730072603 -0.0043943300351830788 -0.0054698127761617079 -0.01199946685826706 0.0088021934046950221 -0.010721893042833662 2.653585818465679e-05 0.0015034215283617602 0.010646905540941038 -0.0066452188501330799 0.0042086565619882544 -0.0027317734652187388 -0.0086641834259301616 0.0094399611823856172 0.012254535312154695 -0.013716242499542244 0.019031276510881504 -0.011732996793177781 0.0050982948044393673
leaf_weight=156.85477548837662 20.998162046074867 17.233051106333733 22.448226779699326 7.4947589188814145 260.71574614942074 97.015548229217529 262.19875501096249 86.962146654725075 433.32991582155228 325.48184454441071 13.232588335871698 60.993265494704247 266.29262924194336 60.399151757359505 19.183427333831787 100.30105969309807 72.553660020232201 10.245982721447943 33.244817852973938 92.618821412324905 45.457484900951385 18.247530803084373 188.18017494678497 6.4984490126371375 166.63691164553165 372.60683752596378 194.49794425070286 5.7465932071208954 503.8412534147501 8.4920504391193372
leaf_count=630 84 69 90 30 1050 389 1052 348 1734 1302 53 244 1066 242 77 402 291 41 133 371 182 73 753 26 668 1494 782 23 2023 34
internal_value=0 0.00792281 -0.00967007 0.00369103 -0.0132428 -0.00521942 0.0123247 0.000839665 0.00577516 0.00207077 0.00509553 0.00479313 -0.00668243 -0.00600893 -0.0049129 0.0116868 -0.00834934 0.00868046 -0.00268642 0.00947777 -0.00245089 -0.00293612 -0.00211168 0.00170668 0.0120454 0.0113885 -0.012099 0.011043 -0.011497 0.0118771
internal_weight=3930 2160.17 1769.83 1101.57 981.503 788.328 1058.6 465.429 636.146 345.222 516.048 494.323 515.444 418.429 285.476 901.744 132.953 120.098 120.207 109.852 272.883 251.885 206.428 331.98 801.443 539.244 720.787 13.2414 526.289 21.7246
internal_count=15756 8654 7102 4408 3945 3157 4246 1862 2546 1381 2065 1978 2065 1676 1143 3616 533 481 481 440 1092 1008 826 1328 3214 2162 2895 53 2113 87
is_linear=0
shrinkage=0.01


Tree=10
num_leaves=31
num_cat=0
split_feature=13 0 0 0 0 4 0 7 0 6 16 8 4 22 29 21 26 29 26 21 14 7 28 22 28 3 19 24 26 13
split_gain=2953.04 447.267 226.459 48.5447 45.457 33.5385 19.5618 16.4649 16.1325 11.4946 13.2399 11.0029 10.5594 9.86533 9.42587 8.78623 8.3314 12.1846 9.16472 7.21413 7.07619 9.61142 7.7609 6.38013 6.5949 6.42617 6.3061 7.57452 7.0466 6.3034
threshold=1.0000000180025095e-35 -0.65374491649275401 0.71556928069885861 -0.3603992642560227 -0.83258579475241201 1.3299579684881662 -1.3466384822541688 0.81380020644034456 0.54571841607728444 -0.72060071150768945 0.34841124553285241 -1.7376012907443976 0.048248647368652704 -0.36960191702744882 -1.6721949275799524 1.3085031396383926 -0.88295768276908804 1.632432623888074 -1.227287585290834 -1.2349846212807443 -0.45726127700065849 -1.4128668774897528 1.7811553947367049 -0.32829866699190963 -1.1392964541245296 -1.1016947110032058 -1.3792723007190479 0.54815185874145878 -0.31504866173682683 1.6238370959892461
decision_type=2 2 2 2 2 2 2 2 2 2 2 2 2 2 2 2 2 2 2 2 2 2 2 2 2 2 2 2 2 2
left_child=1 4 8 9 6 26 -1 14 12 10 -3 -10 -2 -9 -5 -6 18 -18 -14 -16 22 -22 -11 24 -13 -25 27 28 -4 -7
right_child=2 3 5 7 15 29 -8 13 11 20 -12 23 16 -15 19 -17 17 -19 -20 -21 21 -23 -24 25 -26 -27 -28 -29 -30 -31
leaf_value=0.015833515603901886 -0.00095644475322458457 -0.0037115149619612194 -0.0094528274710225808 0.011149249754673875 0.0086063196203472123 -0.013704450873427088 0.011927656171036088 -0.0069236227680889361 0.0058405134274957492 0.0070905662138663937 0.0067119174072928969 -0.015815237761300699 -0.0054434939377360058 -0.00076660973126421467 0.0054032419563430269 0.0025260434120104851 -0.0050224174382335306 0.0039133251111144844 -0.011428785003493038 0.00081868392826590268 0.010022162611246766 0.003177062914091314 -0.0045216039227630464 -0.0036385286911900104 -0.0054580520028958248 -0.011941817159127071 -0.011624504152878823 -0.015375449920510821 0.0036517898674731371 -0.016180778276516757
leaf_weight=156.68460148572922 61.971128717064857 30.242104917764664 7.4809849262237593 9.7418400347232801 267.40027414262295 195.26144501566887 793.14910331368446 37.982630416750908 4.9995016902685157 210.10298609733582 20.241825625300407 6.9824340343475333 66.862382113933563 83.716659098863602 37.744382172822952 26.72151991724968 359.37574163079262 15.738992005586622 42.905941620469093 383.70235779881477 23.721683204174042 159.16010315716267 5.7473369836807242 11.213383376598356 57.880532577633858 73.504727840423584 503.46102976799011 6.2311804741621009 8.7294788360595703 259.38278849422932
leaf_count=630 248 121 30 39 1071 786 3183 152 20 841 81 28 268 335 151 107 1439 63 172 1535 95 637 23 45 232 295 2023 25 35 1046
internal_value=0 0.0075031 -0.0100191 0.00252959 0.0115083 -0.0131233 0.0125746 0.000543411 -0.00567707 0.00497125 0.000453058 -0.00853905 -0.00486483 -0.00270054 0.00146172 0.00805836 -0.00536198 -0.00464389 -0.00780038 0.00123283 0.00554053 0.0040754 0.00677479 -0.00902993 -0.00661101 -0.0108602 -0.0113905 -0.00606713 -0.00235544 -0.0151227
internal_weight=3928.04 2246.06 1681.98 1002.1 1243.96 980.547 949.834 552.888 701.435 449.216 50.4839 154.581 546.854 121.699 431.189 294.122 484.883 375.115 109.768 421.447 398.732 182.882 215.85 149.581 64.863 84.7181 525.903 22.4416 16.2105 454.644
internal_count=15756 9001 6755 4010 4991 3945 3813 2212 2810 1798 202 620 2190 487 1725 1178 1942 1502 440 1686 1596 732 864 600 260 340 2113 90 65 1832
is_linear=0
shrinkage=0.01


Tree=11
num_leaves=31
num_cat=0
split_feature=4 0 0 0 4 13 13 7 17 18 29 0 26 8 17 19 4 13 26 26 19 26 10 19 1 14 23 20 10 22
split_gain=2896.46 387.775 271.283 62.3856 33.0365 29.3732 23.9598 19.0962 12.8899 13.4493 12.0552 11.1688 11.038 10.7945 10.0273 9.60845 9.519 8.98738 8.88237 8.82588 8.14833 7.88642 7.26873 12.9058 7.09816 6.79326 6.71574 6.70242 6.56145 6.26305
threshold=-0.059847047668216254 -0.7692932016384707 0.71556928069885861 -0.3603992642560227 1.3299579684881662 0.066292827128768092 -1.2280265127299848 0.74272326425938107 0.14366608031303152 0.3976513382015045 -1.607733817043496 0.54571841607728444 -0.89895099986394589 -1.7376012907443976 -1.5039790479353716 -0.9888893457164204 -0.40587761581231063 -0.047075147377285825 1.5923691714116048 1.0706239831438646 0.34736186654276613 -1.227287585290834 0.84065105873685975 1.9569380623401018 -0.28863428222920745 -0.7560413066771895 1.2520056025559521 -1.1804148558454093 0.15228132692063565 -0.32829866699190963
decision_type=2 2 2 2 2 2 2 2 2 2 2 2 2 2 2 2 2 2 2 2 2 2 2 2 2 2 2 2 2 2
left_child=1 6 5 15 -4 8 -1 10 -2 -10 -5 12 21 -13 -8 19 24 -12 -14 26 -11 -7 23 -9 -17 -16 -3 -27 -18 -15
right_child=2 3 4 7 -6 11 14 22 9 20 17 13 18 29 25 16 28 -19 -20 -21 -22 -23 -24 -25 -26 27 -28 -29 -30 -31
leaf_value=0.014532303969473866 0.0010777377882206379 0.010625978941158576 -0.011285648012964838 0.011474370878365737 -0.014991931801448642 -0.0059290872434102151 0.015241133291204282 -0.0071957624579810095 -0.0097211443621488813 0.005461034273800249 0.0013444125484907963 0.0057830418480676032 -0.0040604521251838112 -0.0065474838363493246 0.0110294779897782 0.0037521766827535697 0.00027121039654100991 0.010145656728144383 -0.010395367003033076 0.00099378131410305976 -0.0039470361774817074 -0.01152333501334476 -0.00040491668649501921 0.0077024074107894386 0.0064543201459048676 0.016723724947037558 0.003354385051860025 0.0040418220835441131 0.0094303417841697275 -0.010758944695473045
leaf_weight=295.47816963493824 93.467443212866783 80.323936864733696 525.48465684056282 12.984439224004744 454.0290369540453 65.846625804901123 57.176987320184708 46.466545328497887 29.487588748335838 13.494154855608938 318.73621438443661 4.9996879994869223 336.41133762896061 64.842286005616188 673.45791754126549 145.16276453435421 57.733979418873787 11.990721657872198 23.905352711677551 14.496074527502058 28.235936909914017 42.635861158370972 69.477684006094933 6.4982033669948569 312.50558486580849 4.9923957586288479 15.72989337146282 26.219814211130142 8.9971023350954038 84.662555411458015
leaf_count=1189 374 322 2113 52 1832 264 230 186 118 54 1275 20 1347 260 2703 581 231 48 96 58 113 171 278 26 1251 20 63 105 36 340
internal_value=0 0.00777257 -0.00949155 0.00361731 -0.013006 -0.00512056 0.0120982 0.000836494 -0.00135564 -0.0045603 0.00204604 -0.00611332 -0.00533675 -0.00845818 0.011151 0.00565684 0.0050852 0.0016695 -0.00448629 0.00835236 -0.000875083 -0.00814554 -0.00254959 -0.005338 0.00560045 0.0108156 0.0094503 0.00614916 0.00153333 -0.00894466
internal_weight=3925.93 2158.43 1767.5 1101.1 979.514 787.989 1057.33 466.154 164.685 71.2177 343.711 623.304 468.799 154.505 761.847 634.949 524.399 330.727 360.317 110.55 41.7301 108.482 122.442 52.9647 457.668 704.67 96.0538 31.2122 66.7311 149.505
internal_count=15756 8654 7102 4407 3945 3157 4247 1865 659 285 1375 2498 1878 620 3058 2542 2099 1323 1443 443 167 435 490 212 1832 2828 385 125 267 600
is_linear=0
shrinkage=0.01


Tree=12
num_leaves=31
num_cat=0
split_feature=4 0 0 0 2 2 0 7 19 4 9 17 27 7 27 2 10 23 4 22 2 4 3 1 4 23 22 0 23 9
split_gain=2840.64 380.733 266.618 61.1648 33.677 30.2089 23.2324 18.7213 9.42938 9.33074 8.80778 8.6731 8.62492 7.74007 8.37116 10.6253 8.70774 7.49254 7.41371 7.38518 7.27763 9.8968 7.26955 6.95925 6.92663 6.77004 6.66535 6.64998 6.52566 6.51198
threshold=-0.059847047668216254 -0.7692932016384707 0.71556928069885861 -0.3603992642560227 1.6417879253725467 0.1667542376163291 -1.2044007760984523 0.75669844106865292 -0.9888893457164204 -0.40587761581231063 0.81292707512926776 -1.5039790479353716 -1.5813416642183582 0.64081901739303027 0.7807197740962516 0.5727970377899525 -0.74869322959107165 -1.2669731999285918 0.060511841255135722 1.1961183722072837 -0.86088341718025208 -1.0199170013970111 -0.19039343122888422 -0.28863428222920745 -0.82619892872987089 1.2520056025559521 -1.8224611451134158 -1.3968135513546232 -0.37712768127759494 -0.044014090479776107
decision_type=2 2 2 2 2 2 2 2 2 2 2 2 2 2 2 2 2 2 2 2 2 2 2 2 2 2 2 2 2 2
left_child=1 6 5 8 -4 17 27 12 25 23 -9 -8 -5 14 16 -16 -7 -2 22 -14 21 -13 -19 -10 -22 26 -3 -1 -20 -11
right_child=2 3 4 7 -6 13 11 10 9 29 -12 20 19 -15 15 -17 -18 18 28 -21 24 -23 -24 -25 -26 -27 -28 -29 -30 -31
leaf_value=0.016533709467510208 0.0036474173944902591 -0.0014549627349062675 -0.011766357954364044 0.0093639016097945612 -0.01599438657687792 -0.0092694562034579802 0.014979784190707475 -0.0066766614799869351 0.0037150260967632525 0.00010717565380714665 -0.00077211214307105775 0.0098442497552908587 0.0011081561529269685 -0.0084349109281570533 -0.0010868536000434295 -0.0085713686629150382 -0.0053689926334669581 0.0010759342235387266 -0.0085152939908280361 0.0056859345791129817 0.0053224549435850902 0.012580824213021235 -0.0033489508510525113 0.0063909661094857023 0.010237416541526705 0.002262600035442743 0.0099593826528607699 0.013271592943730953 -0.0031186574276303794 0.008515855688696259
leaf_weight=93.761059731245041 18.998242348432541 5.2423925399780265 718.85645422339439 15.229293599724768 259.55590997636318 85.300754249095917 52.143281430006027 36.215352267026901 145.14932808279991 55.73393651843071 84.718780100345612 281.12528212368488 289.72774203121662 149.08521591126919 69.892474457621574 26.162966653704643 184.53041836619377 65.978866949677467 33.694933712482452 40.243415862321854 46.355174675583839 266.30537004768848 83.95451845228672 312.44870789349079 82.027965411543846 16.478007689118385 88.785709857940674 234.73330020904541 70.201189771294594 10.995182171463965
leaf_count=378 76 21 2895 61 1050 342 210 145 581 223 339 1129 1159 598 280 105 740 264 135 161 186 1070 336 1251 329 66 356 945 281 44
internal_value=0 0.00769859 -0.00940363 0.0035817 -0.0128905 -0.0050707 0.0119873 0.000828234 0.00560145 0.00503514 -0.00255263 0.0109808 0.00201594 -0.00649704 -0.00570261 -0.00314263 -0.00660871 -0.00237337 -0.0028292 0.00167105 0.0106686 0.0111794 -0.00139568 0.00554534 0.00847608 0.00827245 0.0093115 0.0142105 -0.00488498 0.00151834
internal_weight=3923.63 2157.42 1766.21 1100.97 978.412 787.8 1056.45 466.135 634.833 524.327 120.934 727.957 345.2 514.972 365.887 96.0554 269.831 272.828 253.83 329.971 675.814 547.431 149.933 457.598 128.383 110.506 94.0281 328.494 103.896 66.7291
internal_count=15756 8654 7102 4407 3945 3157 4247 1865 2542 2099 484 2924 1381 2065 1467 385 1082 1092 1016 1320 2714 2199 600 1832 515 443 377 1323 416 267
is_linear=0
shrinkage=0.01


Tree=13
num_leaves=31
num_cat=0
split_feature=12 14 2 2 12 2 13 7 11 10 11 10 19 26 29 26 19 26 17 10 16 26 17 13 23 23 28 2 2 19
split_gain=2786.01 374.257 251.826 58.0983 41.4844 25.5328 23.2214 19.6734 12.8278 12.2442 11.9982 10.9909 9.94415 9.905 10.7753 11.631 9.85954 9.44459 9.02115 8.25093 7.82736 7.44973 7.364 12.7844 7.35503 7.33908 7.98316 7.14614 6.87542 6.33792
threshold=-0.059847047668216254 -0.76157425996426065 0.64425755418107289 -0.37799416502083233 1.3299579684881662 0.1667542376163291 -1.2280265127299848 0.6006423628160652 -0.12018827658828486 -1.3967127613426431 1.1735587172130433 0.90279799541582795 1.7349504018573561 -0.88295768276908804 1.632432623888074 0.30431783208858937 -1.3792723007190479 0.60273152072283664 -1.5039790479353716 0.92479527513678106 2.4282117096952747 1.5923691714116048 -0.82761991800114887 -0.19056185154468189 -1.2117026123618322 -0.55560426925829554 -1.492594734278091 1.6417879253725467 -0.53314790076913388 0.12280838337214071
decision_type=2 2 2 2 2 2 2 2 2 2 2 2 2 2 2 2 2 2 2 2 2 2 2 2 2 2 2 2 2 2
left_child=1 6 5 8 16 24 -1 12 11 -10 -11 28 17 -7 21 -16 -4 -5 -8 20 -20 -15 23 -9 -2 -26 -27 -6 -3 -24
right_child=2 3 4 7 27 13 18 22 9 10 -12 -13 -14 14 15 -17 -18 -19 19 -21 -22 -23 29 -25 25 26 -28 -29 -30 -31
leaf_value=0.01428075764574948 0.0033029746194434191 0.0092436709008255052 -0.0056326900142434268 0.0034849249951644109 -0.013234116619383722 -0.0092571668509750741 0.014961797034936409 -0.0028410693036220245 0.012500255599757131 0.0035240910640416461 0.01122140393121116 -0.0022263250802744463 -0.010618421671353776 -0.0054512631279663073 -0.0046615078015998816 0.012755089848852579 -0.011038565215152488 -0.00021261974420975704 0.01090749810746254 0.0037367165107635718 -0.00090562440519693975 -0.011318038998446625 -0.008232203638917612 0.017436472042725654 -0.0064714523550551354 0.0042621841260915005 -0.002632594035087248 -0.015862477712476637 0.005572224082349312 -0.0018967211716319301
leaf_weight=294.76404312252998 20.997594878077507 145.48115411400795 37.103499412536621 259.16446812450886 193.59808342158794 88.372098311781883 53.809843391180038 7.746880367398262 17.974875018000603 320.71654458343983 21.700511440634727 10.992112934589384 5.7482991814613333 320.84387570619583 8.9856380373239499 6.4889933615922919 553.93542532622814 93.478539764881134 683.7560102045536 17.470167636871338 5.4830309003591529 23.616147547960281 18.489793166518211 4.9990205615758878 45.427113264799118 18.246192261576653 188.13422703742981 259.1002841591835 82.371081560850143 112.18867315351963
leaf_count=1189 84 583 149 1037 782 355 217 31 72 1284 87 44 23 1286 36 26 2231 374 2748 70 22 95 74 20 182 73 753 1050 330 449
internal_value=0 0.00762558 -0.00931691 0.00354523 -0.0124572 -0.00476916 0.0118812 0.00103229 0.00564744 0.00444714 0.00401796 0.00745176 0.00228603 -0.00623827 -0.00549191 0.00261261 -0.0107019 0.00250216 0.0109481 0.010639 0.010812 -0.00585956 -0.00209302 0.00510789 -0.00234987 -0.00282634 -0.00201641 -0.0147438 0.00792382 -0.00280639
internal_weight=3921.18 2156.34 1764.85 1101.05 1043.74 721.112 1055.28 501.816 599.236 360.392 342.417 238.844 358.391 448.307 359.935 15.4746 591.039 352.643 760.519 706.709 689.239 344.46 143.424 12.7459 272.805 251.808 206.38 452.698 227.852 130.678
internal_count=15756 8654 7102 4408 4212 2890 4246 2008 2400 1443 1371 957 1434 1798 1443 62 2380 1411 3057 2840 2770 1381 574 51 1092 1008 826 1832 913 523
is_linear=0
shrinkage=0.01


Tree=14
num_leaves=31
num_cat=0
split_feature=13 0 0 0 0 4 0 0 20 13 17 6 16 4 4 21 6 21 13 9 21 27 10 6 21 3 10 22 21 19
split_gain=2733.03 416.181 211.55 44.5367 42.3161 31.7969 18.6466 15.117 13.5295 11.351 11.3919 11.2733 12.9231 9.88325 8.97544 9.27907 8.66575 8.57384 8.25954 8.14807 7.81572 7.95791 7.72441 10.2262 7.71573 7.6438 6.94655 6.13809 8.49431 6.11345
threshold=1.0000000180025095e-35 -0.65374491649275401 0.71556928069885861 -0.3603992642560227 -0.83258579475241201 1.3299579684881662 -1.3466384822541688 0.54571841607728444 0.52683416358168189 -0.08293602107732613 1.2139253298158657 -0.72060071150768945 0.34841124553285241 0.048248647368652704 -0.069633975157258859 -0.9240069625873425 -0.2817763997937241 1.3085031396383926 -0.047075147377285825 1.1515709624933257 1.5174125237300229 0.47385042549911 -1.3967127613426431 -0.41694672608122879 -0.43071480135737522 0.094147227548156118 0.67288682663302046 -0.51177812158474112 0.099383962686293972 -1.3792723007190479
decision_type=2 2 2 2 2 2 2 2 2 2 2 2 2 2 2 2 2 2 2 2 2 2 2 2 2 2 2 2 2 2
left_child=1 4 7 11 6 29 -1 13 14 16 -11 12 26 -2 18 -16 -10 -6 -5 27 21 -15 24 -24 -13 -22 -3 28 -9 -4
right_child=2 3 5 8 17 -7 -8 19 9 10 -12 22 -14 20 15 -17 -18 -19 -20 -21 25 -23 23 -25 -26 -27 -28 -29 -30 -31
leaf_value=0.015316566933692969 -0.00089240623404942708 -0.01270278769037785 -0.0057338548526287428 0.002148010007270427 0.0083058650478490086 -0.014620628127105939 0.01149395434728261 -0.0057551871461577761 -0.0012408092451918098 0.008330535911437599 -0.0064916376880445967 0.0047557146417888463 0.0064789865582493191 -0.0064736198730648486 0.0062556455260529996 -0.0026519783585162394 -0.0065427993291799361 0.0022983606570223416 0.013950404518322935 -0.013048069974931522 0.0030571563805286647 -0.0036671689348955041 0.0063557150203558182 0.0029789851016088918 0.016437006853233814 -0.0071582798135419881 -0.0011866824072318291 -0.0089201251861553855 0.0075411687599891896 -0.011208658909826719
leaf_weight=155.8728583753109 61.957189455628395 6.7459748983383205 22.395754262804985 290.44190883636475 267.02780313789845 451.95417188107967 790.56160336732864 44.850290149450302 97.443266302347183 18.740462273359302 6.9963109940290442 11.225105687975885 20.229712024331093 294.03368331491947 13.745491042733191 73.972180232405663 45.484023660421371 26.696784928441048 5.9930821508169165 29.089177548885345 21.463564619421959 157.97102828323841 221.21428248286247 153.79576840996742 12.22053551673889 10.975859776139258 23.489810511469841 75.103597283363342 5.2315434217452994 501.6557804197073
leaf_count=630 248 27 90 1162 1071 1832 3183 180 390 75 28 45 81 1179 55 296 182 107 24 117 86 633 886 616 49 44 94 302 21 2023
internal_value=0 0.00722221 -0.0096566 0.0024266 0.0110945 -0.012667 0.0121261 -0.00546067 0.000524251 -0.0018333 0.00425303 0.00476636 0.000291886 -0.00467432 0.00156216 -0.00123922 -0.00293846 0.00776421 0.00239462 -0.00823438 -0.00515566 -0.00549603 0.00533034 0.00497471 0.0109308 -0.000379875 -0.00382244 -0.00709833 -0.00433406 -0.0109777
internal_weight=3918.58 2241.9 1676.68 1001.74 1240.16 976.006 946.434 700.676 552.817 168.664 25.7368 448.921 50.4655 546.401 384.153 87.7177 142.927 293.725 296.435 154.275 484.444 452.005 398.456 375.01 23.4456 32.4394 30.2358 125.185 50.0818 524.052
internal_count=15756 9001 6755 4010 4991 3945 3813 2810 2212 675 103 1798 202 2190 1537 351 572 1178 1186 620 1942 1812 1596 1502 94 130 121 503 201 2113
is_linear=0
shrinkage=0.01


Tree=15
num_leaves=31
num_cat=0
split_feature=13 14 2 2 2 13 2 5 11 10 11 2 10 7 16 6 29 17 3 18 18 7 10 26 26 3 18 16 6 15
split_gain=2680.73 405.187 197.762 68.9291 34.4583 22.6302 17.3393 15.8861 12.5315 11.8802 11.7898 10.8763 10.7333 9.59641 10.1224 9.43798 9.14089 8.90331 8.79288 8.69616 8.11599 8.59984 8.00038 7.91646 8.87943 7.87203 9.04134 7.69396 7.532 7.30064
threshold=1.0000000180025095e-35 -0.76157425996426065 0.71382723236283507 -0.37799416502083233 1.6417879253725467 -1.2280265127299848 0.51157606918868004 1.0173421412558803 -0.12018827658828486 -1.3967127613426431 1.1735587172130433 0.064244205731836743 0.90279799541582795 -0.22753298711905356 -0.098184010152246634 0.79027588591860576 -1.607733817043496 -1.5039790479353716 -0.50328318616273049 -0.3796047234215591 1.519509052810522 -1.4128668774897528 0.92479527513678106 -0.89895099986394589 1.5923691714116048 -0.84337770655477551 -0.86309261929883685 2.4282117096952747 1.5458003130697879 -0.44211130071501187
decision_type=2 2 2 2 2 2 2 2 2 2 2 2 2 2 2 2 2 2 2 2 2 2 2 2 2 2 2 2 2 2
left_child=1 5 6 8 25 -1 11 16 12 -10 -11 20 -3 15 -15 -8 29 -7 -18 -16 21 -2 27 -13 -25 26 28 -19 -4 -5
right_child=2 3 4 7 -6 17 13 -9 9 10 -12 23 -14 14 19 -17 18 22 -20 -21 -22 -23 -24 24 -26 -27 -28 -29 -30 -31
leaf_value=0.014041789180019183 0.0048285552408510622 0.0077863698001587245 -0.0092729442591270913 0.0024400194947322351 -0.015615932985599226 0.014739482820134256 0.00063650589484514145 -0.0031604584264802601 0.012285647465193113 0.0034369061855520589 0.011069784670024943 -0.007723981369600774 -0.0022438929581056473 -0.013134526252710213 0.00074492900508715734 -0.0077455203942507992 0.0029308059052832419 0.010706087739731187 0.00011756945666624072 -0.0087007349790995409 0.0093879923249367194 -0.0037209823340514938 0.0036418251150742761 -0.0039762974859187108 -0.010398302673242037 -0.011841536670834775 -0.0042594317409464025 -0.0010079336854434211 -0.016683351718109675 0.015290727640466791
leaf_weight=293.95852795243263 14.234524011611937 227.7107430100441 86.248065918684006 9.9856174290180224 258.14391718804836 53.674831554293633 20.923303604125977 89.446672901511192 17.957693755626678 320.62493385374546 21.682758286595345 96.110573381185532 10.99132679402828 50.974912285804749 11.20083938539028 36.336197510361671 175.16868378221989 682.64545853435993 305.65486501157284 65.624124005436897 6.4941670745611182 63.940791741013527 17.46222411096096 306.45883527398109 23.360522612929344 587.35561306774616 30.720188215374947 5.4797230660915366 17.0380919277668 8.2337515354156476
leaf_count=1189 57 913 348 40 1050 217 84 358 72 1284 87 386 44 205 45 146 701 2748 1223 264 26 256 70 1228 94 2373 124 22 69 33
internal_value=0 0.00715397 -0.00956883 0.00314753 -0.0124652 0.0116694 -0.00548801 0.000714684 0.00553563 0.00434915 0.00392641 -0.00453147 0.00731958 -0.00811793 -0.00965032 -0.00466942 0.00141175 0.0107478 0.00114493 -0.00731141 -0.0012407 -0.00214729 0.0104407 -0.00518285 -0.0044372 -0.0113343 -0.0090965 0.0106112 -0.01052 0.0083539
internal_weight=3915.84 2240.68 1675.16 1187.46 979.506 1053.22 695.659 588.49 598.967 360.265 342.308 510.599 238.702 185.059 127.8 57.2595 499.043 759.262 480.824 76.825 84.6695 78.1753 705.587 425.93 329.819 721.362 134.006 688.125 103.286 18.2194
internal_count=15756 9001 6755 4755 3964 4246 2791 2355 2400 1443 1371 2047 957 744 514 230 1997 3057 1924 309 339 313 2840 1708 1322 2914 541 2770 417 73
is_linear=0
shrinkage=0.01


Tree=16
num_leaves=31
num_cat=0
split_feature=4 14 0 0 4 13 13 20 17 19 0 26 8 11 19 13 5 17 26 20 26 20 10 26 17 26 16 27 13 19
split_gain=2629.61 354.774 249.377 56.7059 31.0901 26.9061 22.3077 17.1396 12.4652 11.4514 10.2398 10.6218 10.6087 9.75852 10.868 9.75105 9.13618 8.77097 8.42802 7.9569 7.90203 16.2985 7.87713 7.86405 7.81671 7.73582 7.60395 6.98375 5.98465 5.97759
threshold=-0.059847047668216254 -0.76157425996426065 0.71556928069885861 -0.3603992642560227 1.3299579684881662 0.066292827128768092 -1.2280265127299848 0.52683416358168189 0.14366608031303152 -0.9888893457164204 0.54571841607728444 -0.89895099986394589 -1.7376012907443976 1.1735587172130433 0.91083349021805671 -0.08293602107732613 1.4743761535289364 -1.5039790479353716 1.5923691714116048 -0.10146716290188348 0.59057968910627012 -0.627306200953612 0.84065105873685975 1.0365768193751079 1.0120688067638175 -1.227287585290834 2.4282117096952747 -1.1360151301061294 1.6238370959892461 -1.3792723007190479
decision_type=2 2 2 2 2 2 2 2 2 2 2 2 2 2 2 2 2 2 2 2 2 2 2 2 2 2 2 2 2 2
left_child=1 6 5 9 29 8 -1 20 -2 19 11 25 -12 14 -11 27 -17 -8 -13 23 24 -22 26 -3 -5 -7 -19 -9 -6 -4
right_child=2 3 4 7 28 10 17 15 -10 13 12 18 -14 -15 -16 16 -18 22 -20 -21 21 -23 -24 -25 -26 -27 -28 -29 -30 -31
leaf_value=0.013922727832039069 0.0011201844291723118 0.010048744173906317 -0.0055910197954432478 0.0037202497247160872 -0.013000088972749823 -0.0056460040378682784 0.014615313535110986 0.0025112752388655657 -0.0044250805601981419 0.0049946018336898927 0.0060425034806471083 -0.0038349275013601415 -0.0085605154886398624 0.0113211167824337 0.00046557808633868909 0.012946799969163559 -0.0022550584343410955 0.01064661640347199 -0.01001419365300788 -0.00015315628367475821 -0.0080567389671949638 0.0021813097845331812 0.0047801829968672832 0.002200761387294642 -0.002094078989286412 -0.011189831700935238 -0.00099797563711280838 -0.0037128052674098139 -0.015422190609849213 -0.011007307338068751
leaf_weight=293.510696798563 93.454461216926575 94.327063322067261 22.372041210532188 206.43311507999897 193.6867857426405 65.735476270318031 53.590803802013397 20.990217313170433 71.190584868192673 432.8451197296381 4.9981201738119116 336.11549460887909 149.08769457042217 21.661071464419365 60.958860784769058 7.9915875047445279 7.4984023571014404 674.08791728317738 23.832614213228226 10.234098628163336 21.248684197664261 56.991697922348976 25.418360099196434 15.231024503707884 25.741978943347931 42.54203961789608 5.4800542443990699 118.42796757817268 256.69381126761436 500.57668018341064
leaf_count=1189 374 379 90 826 786 264 217 84 285 1734 20 1347 600 87 244 32 30 2716 96 41 85 228 102 61 103 171 22 474 1046 2023
internal_value=0 0.00741292 -0.00906517 0.00344196 -0.0124501 -0.00487624 0.0115652 0.000787005 -0.00127268 0.0053847 -0.00582767 -0.00508384 -0.00807674 0.00473107 0.00443774 -0.00192559 0.00555647 0.01065 -0.00424951 0.00818261 0.00214409 -0.000593131 0.0103452 0.00896982 0.00307067 -0.00784171 0.0105511 -0.00276744 -0.0143859 -0.0107786
internal_weight=3912.95 2152.67 1760.29 1100.58 973.329 786.956 1052.09 465.324 164.645 635.257 622.311 468.226 154.086 515.465 493.804 154.908 15.49 758.577 359.948 119.792 310.415 78.2404 704.986 109.558 232.175 108.278 679.568 139.418 450.381 522.949
internal_count=15756 8654 7102 4408 3945 3157 4246 1862 659 2546 2498 1878 620 2065 1978 620 62 3057 1443 481 1242 313 2840 440 929 435 2738 558 1832 2113
is_linear=0
shrinkage=0.01


Tree=17
num_leaves=31
num_cat=0
split_feature=4 14 2 2 13 2 13 20 11 10 19 11 10 7 26 17 26 29 24 13 10 24 21 7 16 5 19 22 14 2
split_gain=2579.65 340.962 243.432 51.4242 39.5097 25.7393 21.9965 20.4093 12.1525 11.6252 11.4618 11.391 10.493 10.1032 8.99481 8.64335 8.43362 9.59036 10.726 8.07206 7.74474 7.68845 8.98542 8.31487 7.42057 7.24568 7.20693 9.77534 9.75272 7.09325
threshold=-0.069633975157258859 -0.76157425996426065 0.64425755418107289 -0.37799416502083233 1.3356645400587623 0.13336475669483525 -1.2280265127299848 0.52683416358168189 -0.12018827658828486 -1.3967127613426431 -1.3792723007190479 1.1735587172130433 0.90279799541582795 0.98933777692580449 0.59057968910627012 -1.5039790479353716 -0.88295768276908804 1.632432623888074 0.77625682892148229 -0.08293602107732613 0.92479527513678106 -1.1291470428450709 -0.48278145622160556 0.018599295142995631 2.4282117096952747 1.4743761535289364 0.41216132325125804 -1.5818465787320857 0.043980552094585033 1.6417879253725467
decision_type=2 2 2 2 2 2 2 2 2 2 2 2 2 2 2 2 2 2 2 2 2 2 2 2 2 2 2 2 2 2
left_child=1 6 5 8 10 21 -1 13 12 -10 -4 -11 -3 14 -5 -8 -7 -18 -19 -9 24 22 -2 -24 -17 -21 27 -23 -28 -6
right_child=2 3 4 7 29 16 15 19 9 11 -12 -13 -14 -15 -16 20 17 18 -20 25 -22 26 23 -25 -26 -27 28 -29 -30 -31
leaf_value=0.01380583052000986 0.010671305694323634 0.0076503540758620456 -0.0044362120732366955 0.0036644209726952029 -0.012772826926818165 -0.0085216901269508198 0.014493539002252585 -0.0027874579409711267 0.012116973407271549 0.0033631391664767081 -0.010636611486379939 0.010870692144368917 -0.0022667947683626729 -0.0084381365761791467 -7.4324230353919603e-05 0.010512377215001277 -0.0055295044762841408 -0.0042240941367597427 0.01251316714389759 0.012829026545142168 0.003559442761771477 -0.013112025590738723 -0.0051811097191356891 0.0068412964610042272 -0.00098811693053272231 -0.0017795404759474271 -0.0024910429322606816 -0.0010869827091151995 -0.011298832345334471 -0.015373038154307102
leaf_weight=293.03917665779591 9.4919126778841001 227.5429519712925 32.329478934407234 243.61324161291122 198.70900367200375 97.649035885930061 53.50194551050663 134.40927420556545 17.940421462059021 320.53826735913754 550.13162879645824 21.654626071453094 10.990631952881811 8.2443422079086286 86.722314968705177 681.4171179831028 365.24213495850563 9.4777878522872907 6.2369514256715766 6.4901431053876859 17.455599963665009 6.9805544167757025 15.484563261270525 8.9941795170307142 5.4803793877363196 6.748364120721817 34.221030861139297 161.8707263469696 20.220987290143967 257.06130561232567
leaf_count=1189 38 913 130 975 807 393 217 538 72 1284 2225 87 44 33 347 2748 1466 38 25 26 70 28 62 36 22 27 137 648 81 1050
internal_value=0 0.00740287 -0.00891198 0.00346865 -0.012031 -0.00450899 0.0114627 0.00104996 0.0054309 0.00426233 -0.010295 0.00384419 0.00718846 0.00240405 0.00268014 0.0105537 -0.00588108 -0.00519955 0.00239257 -0.00204795 0.010251 -0.0019512 0.00246044 -0.000713192 0.010419 0.00534979 -0.00262765 -0.0015975 -0.00579551 -0.0142446
internal_weight=3909.89 2135.79 1774.1 1084.89 1038.23 735.87 1050.89 486.228 598.667 360.133 582.461 342.193 238.534 338.58 330.336 757.855 478.606 380.957 15.7147 147.648 704.353 257.264 33.9707 24.4787 686.897 13.2385 223.293 168.851 54.442 455.77
internal_count=15756 8592 7164 4346 4212 2952 4246 1946 2400 1443 2355 1371 957 1355 1322 3057 1922 1529 63 591 2840 1030 136 98 2770 53 894 676 218 1857
is_linear=0
shrinkage=0.01


Tree=18
num_leaves=31
num_cat=0
split_feature=13 0 0 0 0 4 0 0 20 10 9 18 6 16 13 17 4 21 6 21 13 10 11 21 0 27 9 21 27 10
split_gain=2530.7 388.473 198.389 40.8553 39.4717 30.2952 17.9328 14.1524 12.535 10.9566 13.2583 11.0346 10.8965 12.6863 10.875 10.9611 8.48563 9.08469 8.47619 8.34136 8.07551 7.33242 10.2253 7.58508 7.09692 9.74347 8.00766 7.12457 7.12132 6.85697
threshold=1.0000000180025095e-35 -0.65374491649275401 0.71556928069885861 -0.3603992642560227 -0.83258579475241201 1.3299579684881662 -1.3466384822541688 0.16932671728840451 0.52683416358168189 -2.4405923957375211 -1.7738609692054441 1.625035132780533 -0.72060071150768945 0.34841124553285241 -0.08293602107732613 1.2139253298158657 -0.069633975157258859 -0.9240069625873425 -0.2817763997937241 1.3085031396383926 -0.047075147377285825 -1.3967127613426431 -0.044184180158212606 -0.43071480135737522 0.54571841607728444 0.47385042549911 1.1515709624933257 1.6525938640895823 0.572230661933535 0.67288682663302046
decision_type=2 2 2 2 2 2 2 2 2 2 2 2 2 2 2 2 2 2 2 2 2 2 2 2 2 2 2 2 2 2
left_child=1 4 7 12 6 -4 -1 9 16 -2 -11 -12 13 29 18 -16 20 -18 -10 -6 -5 23 -23 -14 25 27 -26 -9 -27 -3
right_child=2 3 5 8 19 -7 -8 24 14 10 11 -13 21 -15 15 -17 17 -19 -20 -21 -22 22 -24 -25 26 28 -28 -29 -30 -31
leaf_value=0.014846322783722976 -0.014541297919437346 -0.012734768050284749 -0.010589724271095891 0.0020672214082900209 0.0080234502530522802 -0.014156235239941278 0.011086309153446517 -0.0069691617107976592 -0.0011699603480037784 0.0081621540545787769 -0.0035859911516526234 0.010081406426196904 0.0044613852353110372 0.0063008719492796354 0.008191098426306961 -0.0063492871138598628 0.0061932792647556231 -0.0026204446405837523 -0.0064139454837309831 0.0020958552256998336 0.013741858583434425 0.0064752566987674124 0.00315203041836256 0.016048856511720742 -0.0068068119896127419 0.0045753960771253589 -0.012711419046032473 0.00065715051942949996 -0.0038010913600925746 -0.0012889791725700511
leaf_weight=154.84839302301407 7.7123394757509223 6.7446490675210979 521.77028080821037 290.40730687975883 266.53989191353321 448.63060683012009 787.23428431153297 219.09204575419426 97.424666240811348 10.995168983936308 165.97284010052681 5.994952678680419 11.206510394811632 20.214996188879013 18.736184522509578 6.9937070459127417 13.745755210518835 73.96585476398468 45.473804995417595 26.667528435587883 5.9876726716756812 182.52134592831135 192.16428990662098 12.190024748444555 124.89543321728706 10.966571882367132 28.997574627399445 12.705162242054937 112.42675967514515 23.48279732465744
leaf_count=630 31 27 2113 1162 1071 1832 3183 880 390 44 665 24 45 81 75 28 55 296 182 107 24 732 770 49 503 44 117 51 451 94
internal_value=0 0.006955 -0.00931345 0.00232421 0.0107072 -0.0122409 0.0117069 -0.00525118 0.000502329 -0.00291511 -0.0024119 -0.00309814 0.00456655 0.000166977 -0.00176709 0.00419084 0.00150144 -0.00122233 -0.00284904 0.00748864 0.002311 0.00512134 0.00477484 0.0105838 -0.00612343 -0.0053344 -0.00793342 -0.00654674 -0.00304543 -0.00390942
internal_weight=3906.71 2236.55 1670.16 1001.26 1235.29 970.401 942.083 699.759 552.735 190.675 182.963 171.968 448.525 50.4424 168.628 25.7299 384.107 87.7116 142.898 293.207 296.395 398.082 374.686 23.3965 509.084 355.191 153.893 231.797 123.393 30.2274
internal_count=15756 9001 6755 4010 4991 3945 3813 2810 2212 764 733 689 1798 202 675 103 1537 351 572 1178 1186 1596 1502 94 2046 1426 620 931 495 121
is_linear=0
shrinkage=0.01


Tree=19
num_leaves=31
num_cat=0
split_feature=13 14 2 2 2 2 2 5 3 2 11 19 7 16 6 29 18 25 18 5 3 14 20 15 26 18 7 3 18 26
split_gain=2482.65 377.658 185.487 63.8809 33.0052 21.5175 16.2822 14.9244 11.8702 10.2179 9.37749 12.9338 9.33159 9.98581 9.19911 8.92435 8.50255 8.45915 8.40155 8.31588 8.46405 11.1042 8.0011 12.7463 7.99117 7.85094 8.4022 7.68503 8.91145 7.5236
threshold=1.0000000180025095e-35 -0.76157425996426065 0.71382723236283507 -0.37799416502083233 1.6417879253725467 -1.3706774009881311 0.51157606918868004 1.0173421412558803 -0.96137509970956414 0.064244205731836743 1.1735587172130433 0.91083349021805671 -0.22753298711905356 -0.098184010152246634 0.79027588591860576 -1.607733817043496 -0.3796047234215591 -0.59141248695505622 -0.35628916455580112 1.1251884086587998 0.43980418157509615 -0.88019496915269813 -1.4970100676597846 0.77599431307185507 0.059865194848650445 1.519509052810522 -1.4128668774897528 -0.84337770655477551 -0.86309261929883685 -0.89895099986394589
decision_type=2 2 2 2 2 2 2 2 2 2 2 2 2 2 2 2 2 2 2 2 2 2 2 2 2 2 2 2 2 2
left_child=1 5 6 8 27 -1 9 15 22 25 11 -10 14 -14 -8 -5 -15 -16 -17 -7 -21 -22 -3 -24 -12 26 -2 28 -4 -11
right_child=2 3 4 7 -6 19 12 -9 10 29 24 -13 13 16 17 18 -18 -19 -20 20 21 -23 23 -25 -26 -27 -28 -29 -30 -31
leaf_value=0.015210460906905594 0.0048421924541915216 0.013840069846436594 -0.010141111442514688 0.0082205018565266203 -0.015145933345628118 0.011122760879291108 0.00081118851006427674 -0.003073313930768221 0.0050178442582284998 -0.0074640100720228366 0.015592332054234791 0.00015591329170861466 -0.012809580837210868 0.00095071191479981167 -0.014709246578634814 0.0025889113495199596 -0.0083967577830055644 -0.0041614487214445698 -7.0997253330822477e-05 -0.0031363308912790593 0.010018214211308298 0.00080760914589096807 0.0084970400892649817 -0.0030099498682551991 0.0034344119417326164 0.009291423735448676 -0.0036102957459331008 -0.011441835964070023 -0.0039167417377050234 -0.0042569678765075353
leaf_weight=123.60487282276154 14.229713425040243 21.854842737317085 102.80684052407742 18.206962212920189 255.91648989915848 794.52526567876339 20.899100050330162 89.422002226114273 407.75424844026566 95.923845022916794 14.161412730813028 63.693416893482208 50.821419432759285 11.184184536337851 11.172524556517599 211.11042372882366 65.44263944029808 25.084197267889977 269.63009408116341 5.9523640573024741 109.10740940272808 15.163927480578421 70.707272663712502 10.949319586157797 9.2083334773778898 6.4946830570697776 63.915301695466042 584.35842536389828 30.603341534733772 329.50609365105629
leaf_count=504 57 88 417 73 1050 3216 84 358 1635 386 57 255 205 45 45 845 264 101 1079 24 441 61 284 44 37 26 256 2373 124 1322
internal_value=0 0.00689016 -0.00923038 0.00302503 -0.0120476 0.0112637 -0.0052791 0.000683159 0.00532575 -0.00435208 0.00467519 0.00436328 -0.00783133 -0.0093447 -0.00442887 0.00135888 -0.00701994 -0.00747078 0.00109528 0.0107335 0.0083439 0.0089039 0.00841848 0.00694004 0.0108794 -0.00116183 -0.00205415 -0.0109395 -0.00872478 -0.00498401
internal_weight=3903.41 2235.05 1668.36 1186.7 973.685 1048.35 694.674 588.369 598.329 510.07 494.817 471.448 184.604 127.448 57.1558 498.947 76.6268 36.2567 480.741 924.749 130.224 124.271 103.511 81.6566 23.3697 84.6397 78.145 717.769 133.41 425.43
internal_count=15756 9001 6755 4755 3964 4246 2791 2355 2400 2047 1984 1890 744 514 230 1997 309 146 1924 3742 526 502 416 328 94 339 313 2914 541 1708
is_linear=0
shrinkage=0.01


Tree=20
num_leaves=31
num_cat=0
split_feature=12 0 0 0 12 0 0 7 22 19 28 12 17 26 0 8 19 16 22 26 10 29 0 16 24 8 23 21 23 22
split_gain=2435.95 323.966 241.235 49.9731 29.7278 27.7982 21.183 18.2163 11.1104 9.63691 8.97036 8.81439 9.14479 8.6479 8.12794 10.3983 8.01165 13.0328 10.021 7.77356 8.87978 7.29457 6.61651 6.96642 7.82751 6.2453 9.35567 7.01686 6.1963 6.10853
threshold=-0.069633975157258859 -0.7692932016384707 0.71556928069885861 -0.39386497851600016 1.3299579684881662 0.10872657857039149 -1.3466384822541688 0.64081901739303027 -0.43436500035745479 1.7349504018573561 -1.7469814705299449 -0.65425841975951815 -0.2624036727397096 0.52303587249515004 0.54571841607728444 -1.7376012907443976 0.91083349021805671 0.42379491213933979 1.1285589814820089 -0.89895099986394589 -0.62771122239698796 -0.56231028473097011 -0.83258579475241201 -1.1940178466059896 -0.25862956821063826 -1.4435751011599622 -1.2486664312020521 -0.77920621004090684 1.3688935315371717 -0.32829866699190963
decision_type=2 2 2 2 2 2 2 2 2 2 2 2 2 2 2 2 2 2 2 2 2 2 2 2 2 2 2 2 2 2
left_child=1 6 5 10 -4 25 -1 9 -9 13 11 -3 -13 -5 19 -16 18 -18 -12 21 -21 -7 -8 -24 -25 -2 -27 -28 -10 -17
right_child=2 3 4 7 -6 14 22 8 28 -11 16 12 -14 -15 15 29 17 -19 -20 20 -22 -23 23 24 -26 26 27 -29 -30 -31
leaf_value=0.014613292743722348 -0.0059890147880435783 0.0091757370762085028 -0.010400595121797319 0.0034985429066843998 -0.013939417769702993 -0.01088069298760341 0.010892466363564019 -0.0059458894267697127 0.00077815110405919912 -0.010405233251374879 0.0068139513621378444 0.0030104075988977253 -0.011543435389636572 5.2103446125904521e-05 0.0061969728321706477 -0.0058949027606082158 -0.0010575677348195044 0.0066493720370337881 0.0026879488779090401 -0.0072290911340631182 -0.0034188194498437057 -0.0049231712038892081 0.015077907430130462 0.011045602254304629 0.0049912937689262169 0.0076551107421054957 0.0027083035317978527 -0.002442333370052817 -0.0074707459808979401 -0.010058950350354512
leaf_weight=154.2298938781023 29.429872408509254 6.4673762917518642 520.468276694417 255.07463744282722 446.78283104300499 40.411635786294937 785.36205184459686 45.699314191937447 93.167101636528969 5.7448693960905066 390.449886739254 8.2232246100902593 8.7302145659923518 102.70651471614838 4.996387541294097 64.547251462936401 42.890500172972679 44.372249513864517 70.533135205507278 82.209562882781029 249.47046361863613 44.204110041260719 13.129562392830847 34.229815736413002 60.297900378704071 11.497720733284948 31.461604192852974 159.09173808991909 9.9907646924257261 84.128054469823837
leaf_count=630 118 26 2113 1021 1832 163 3183 183 373 23 1567 33 35 411 20 260 172 178 283 330 1001 178 53 138 243 46 126 637 40 340
internal_value=0 0.00719943 -0.00867528 0.00336561 -0.0120375 -0.00461521 0.0111663 0.00109497 -0.00184702 0.00230258 0.0053985 -0.00062133 -0.00444923 0.00251228 -0.00580269 -0.00778266 0.00565755 0.00285301 0.00618554 -0.00506771 -0.00436813 -0.00778971 0.0105683 0.00818628 0.00720357 -0.00168578 -0.00105139 -0.00158571 -1.75255e-05 -0.00826303
internal_weight=3900 2131.3 1768.7 1084.05 967.251 801.448 1047.25 512.383 148.857 363.526 571.667 23.4208 16.9534 357.781 569.967 153.672 548.246 87.2627 460.983 416.296 331.68 84.6157 893.019 107.657 94.5277 231.481 202.051 190.553 103.158 148.675
internal_count=15756 8592 7164 4345 3945 3219 4247 2051 596 1455 2294 94 68 1432 2292 620 2200 350 1850 1672 1331 341 3617 434 381 927 809 763 413 600
is_linear=0
shrinkage=0.01


Tree=21
num_leaves=31
num_cat=0
split_feature=4 14 2 2 13 13 13 20 3 21 19 7 7 27 11 19 16 1 10 1 13 18 16 21 6 21 2 23 19 23
split_gain=2389.79 318.493 228.004 47.5533 37.8736 23.9527 21.1339 19.0572 11.5795 11.1697 11.154 9.78706 9.33148 10.3586 9.2496 12.5118 8.64504 8.48574 8.1025 8.08956 7.75658 8.05817 7.67772 7.56608 7.04115 7.0284 6.9098 6.90162 6.865 6.78563
threshold=-0.069633975157258859 -0.76157425996426065 0.64425755418107289 -0.37799416502083233 1.3356645400587623 0.066292827128768092 -1.2280265127299848 0.52683416358168189 -0.96137509970956414 0.47500293228407048 -1.3792723007190479 0.98933777692580449 0.64081901739303027 0.49446365349316174 1.1735587172130433 0.91083349021805671 1.1838070402442662 1.6381189509688483 0.63133097088000489 -0.3916144498685159 -0.08293602107732613 0.40641591441483033 2.3082959666201797 0.7967245364343235 -0.2817763997937241 -1.1011291179209792 1.6417879253725467 0.43358491381632086 0.75593144270163715 0.62170633053291879
decision_type=2 2 2 2 2 2 2 2 2 2 2 2 2 2 2 2 2 2 2 2 2 2 2 2 2 2 2 2 2 2
left_child=1 6 5 8 10 9 -1 11 18 -2 -4 29 13 28 15 -10 19 -18 25 -14 24 -22 -8 27 -9 -3 -6 -11 -7 -5
right_child=2 3 4 7 26 12 22 20 14 23 -12 -13 16 -15 -16 -17 17 -19 -20 -21 21 -23 -24 -25 -26 -27 -28 -29 -30 -31
leaf_value=0.013376153340845312 0.00055726189436458996 0.0022520709041082289 -0.0041440296824991662 0.003501763467860275 -0.012352427544668861 -0.0062516417854331079 0.01028602986187019 -0.0011594596873090016 0.0049135481386562664 -0.016786668919747109 -0.010266732051634709 -0.0083562644249957803 -0.0038637566221913474 -0.002264174293281422 0.010744313411600537 0.00013108314086076036 0.0017709936941934343 -0.0093128764643431138 -0.0014414024835174529 -0.0097953717274104034 0.013770940779062246 -0.0017129960184489471 0.00055961147201861517 -0.0025739918558894421 -0.0061234643987915982 0.010172931233714821 -0.014927510043473726 -0.003008026563484405 -0.00076819950597412383 0.00032718420552453311
leaf_weight=291.01214416325092 121.64905051887035 13.432554543018339 32.251202449202538 234.84066273272038 197.35024739801884 230.62725736200809 746.1641967445612 92.661485821008682 407.53034870326519 8.4893584549427015 547.46061964333057 8.2424265742301923 30.560600772500038 135.0086999386549 23.341996937990189 63.687420606613159 18.129550442099575 10.932449176907538 7.730811119079589 103.82140415906906 5.9856645315885526 7.2472437769174576 8.4369083642959577 43.210353568196297 41.718215763568878 82.236645370721817 254.68802542984486 6.744846284389495 25.8404371291399 95.422242715954781
leaf_count=1189 487 54 130 940 807 927 3023 371 1635 34 2225 33 123 542 94 255 73 44 31 418 24 29 34 173 167 331 1050 27 104 382
internal_value=0 0.00713291 -0.00859806 0.0033332 -0.0116306 -0.00433884 0.0110708 0.00100745 0.00522178 -0.00116214 -0.0099286 0.00231611 -0.00536761 -0.00452086 0.00457919 0.00426946 -0.00738562 -0.00238185 0.0082782 -0.00845774 -0.00198633 0.00526663 0.0101787 -0.0047529 -0.00271138 0.00907475 -0.0138085 -0.0108109 -0.00570357 0.00258794
internal_weight=3896.46 2129.69 1766.76 1084.08 1031.75 735.014 1045.61 486.118 597.96 180.094 579.712 338.505 554.92 391.476 494.56 471.218 163.444 29.062 103.4 134.382 147.613 13.2329 754.601 58.4446 134.38 95.6692 452.038 15.2342 256.468 330.263
internal_count=15756 8592 7164 4346 4212 2952 4246 1946 2400 721 2355 1355 2231 1573 1984 1890 658 117 416 541 591 53 3057 234 538 385 1857 61 1031 1322
is_linear=0
shrinkage=0.01


Tree=22
num_leaves=31
num_cat=0
split_feature=4 0 0 0 2 2 2 7 22 19 28 2 26 0 26 26 22 19 5 22 25 23 2 4 1 23 14 23 28 23
split_gain=2344.59 313.289 233.895 48.0862 30.243 27.1889 20.8667 17.5905 10.8809 9.37678 8.78968 10.1694 8.71484 8.53161 9.51162 8.46368 8.26399 7.79232 11.3773 9.85375 7.64317 7.35304 7.06774 7.30231 12.5446 6.8456 9.68673 6.81594 7.34553 6.07414
threshold=-0.069633975157258859 -0.7692932016384707 0.71556928069885861 -0.39386497851600016 1.6417879253725467 0.1667542376163291 -1.3706774009881311 0.64081901739303027 -0.43436500035745479 1.7349504018573561 -1.7469814705299449 -0.52404980973628568 -0.88295768276908804 0.54571841607728444 1.5923691714116048 0.52303587249515004 -0.33785122369709913 0.91083349021805671 1.1031832271622231 1.1285589814820089 -0.35543693654036701 -1.2669731999285918 -0.86088341718025208 -0.82619892872987089 -0.35388602490156768 -1.1949359163774902 -0.95751173184489191 -0.55560426925829554 -1.492594734278091 1.3688935315371717
decision_type=2 2 2 2 2 2 2 2 2 2 2 2 2 2 2 2 2 2 2 2 2 2 2 2 2 2 2 2 2 2
left_child=1 6 5 10 -4 21 -1 9 -9 15 11 -3 -7 14 -14 -5 -15 19 -19 -12 -13 -2 25 24 -24 26 -8 -23 -29 -10
right_child=2 3 4 7 -6 12 22 8 29 -11 17 20 13 16 -16 -17 -18 18 -20 -21 -22 27 23 -25 -26 -27 -28 28 -30 -31
leaf_value=0.014875387420904279 0.0037184361377203649 0.0058589663290110816 -0.010772342082016542 0.0034407361334092001 -0.014817376842183816 -0.0086371869859111633 0.006380040528799571 -0.0058766950197430634 0.00077839741543821498 -0.010279536187351709 0.0066945746499561792 -0.016512164358162423 -0.0037877451555046828 -0.0046028498566748743 -0.011128356023600794 3.1070016021737267e-05 -0.0096855599466990992 -0.0017192131849119393 0.0056646509726723518 0.0026022415651512538 -0.00011498237068329663 -0.00586394130468363 0.010985318507075849 0.010052725454914148 0.00089904390323242806 0.011180271955346339 0.014279298166717474 0.0040504158628533338 -0.0023172630290307812 -0.0073896631754602482
leaf_weight=122.81539534032345 20.242310836911201 11.694743886590006 709.86502274870872 255.03658384084702 254.01932220160961 96.293830811977386 70.154731407761574 45.688680276274681 93.160703629255295 5.7422843575477591 390.15892225503922 4.9860247373580933 265.57070544362068 60.05151279270649 19.029810816049576 102.70185235142708 71.893090814352036 33.912623301148415 53.309687107801437 70.497724264860153 6.7309900075197202 49.3499995470047 21.71458825469017 92.050518587231636 28.961228683590889 688.26663610339165 20.43989297747612 19.737292900681496 198.73132856190205 9.9887197613716108
leaf_count=504 81 47 2895 1021 1050 389 285 183 373 23 1567 20 1066 242 77 411 291 136 214 283 27 198 88 372 117 2798 83 79 796 40
internal_value=0 0.00706724 -0.00852181 0.00329857 -0.0118408 -0.00452514 0.0109757 0.00107129 -0.00181985 0.00225808 0.00529365 -0.000666123 -0.00590696 -0.00527148 -0.00428582 0.00246494 -0.00738509 0.00555022 0.00278362 0.00607117 -0.0072579 -0.0020604 0.0104534 0.00836072 0.00525383 0.0108345 0.00818707 -0.00250213 -0.00173582 -9.28189e-06
internal_weight=3892.8 2128.01 1764.78 1083.61 963.884 800.9 1044.4 512.319 148.838 363.481 571.291 23.4118 512.839 416.545 284.601 357.738 131.945 547.879 87.2223 460.657 11.717 288.061 921.588 142.726 50.6758 778.861 90.5946 267.819 218.469 103.149
internal_count=15756 8592 7164 4345 3945 3219 4247 2051 596 1455 2294 94 2065 1676 1143 1432 533 2200 350 1850 47 1154 3743 577 205 3166 368 1073 875 413
is_linear=0
shrinkage=0.01


Tree=23
num_leaves=31
num_cat=0
split_feature=13 0 0 0 0 13 0 7 0 6 16 9 18 29 22 21 19 26 0 26 22 21 11 28 11 11 6 28 28 7
split_gain=2300.85 356.84 183.595 36.8229 36.3354 28.9007 16.9731 13.5538 12.9577 10.5645 12.3478 9.59773 8.9138 8.65621 8.62936 8.11657 7.99412 7.19502 8.53451 9.6 8.43736 6.93465 6.59688 8.38223 6.49568 10.995 10.2904 6.27287 9.16493 7.13734
threshold=1.0000000180025095e-35 -0.65374491649275401 0.71556928069885861 -0.3603992642560227 -0.83258579475241201 1.3356645400587623 -1.3466384822541688 0.81380020644034456 0.16932671728840451 -0.72060071150768945 0.34841124553285241 0.81292707512926776 1.625035132780533 -1.6721949275799524 -0.097045033374803302 1.3085031396383926 -1.3792723007190479 -0.9152913781950085 0.54571841607728444 1.5923691714116048 -0.33785122369709913 -1.2349846212807443 0.36363532904670165 -0.50239364424704414 -0.044184180158212606 0.11933474334782741 -0.41694672608122879 0.88281684111925596 1.2607966408119398 -1.6543033131846168
decision_type=2 2 2 2 2 2 2 2 2 2 2 2 2 2 2 2 2 2 2 2 2 2 2 2 2 2 2 2 2 2
left_child=1 4 8 9 6 16 -1 13 12 10 -3 14 27 -5 -9 -6 -4 -10 19 -19 -20 -15 23 -17 26 -26 -11 29 -29 -2
right_child=2 3 5 7 15 -7 -8 11 17 24 -12 -13 -14 21 -16 22 -18 18 20 -21 -22 -23 -24 -25 25 -27 -28 28 -30 -31
leaf_value=0.014287126007601949 0.0047463760757429372 -0.0040187262120030169 -0.0033713718534731964 0.010603888400400885 0.0076891753706950566 -0.013602436021946242 0.010611258904972706 -0.013135641740035144 -0.0083879195559134635 0.0083431890350585663 0.0060603331694592359 -0.00075898272138737318 0.0088526036145934253 0.0051786677222584697 -0.0026137243130216303 -0.008979711579367838 -0.010343578975041711 -0.0037857834145510068 -0.0045586978008123101 -0.011302202410080515 -0.0096829731257103285 0.00068353592126616067 0.0090968802331346764 0.0045697975767744351 -0.00067618543796101982 0.0048669779845325464 0.0036527548345705908 -0.014924241034515848 -0.003033261269773678 -0.0030175531019968377
leaf_weight=153.23250299692154 12.722801089286802 30.214601412415504 17.580815568566322 9.7168542444705945 265.8111419826746 449.98308783769608 782.26463681459427 13.719785556197165 92.270201876759529 104.30596643686295 20.189799472689629 89.16757133603096 6.2431157082319251 37.728019773960114 18.718375116586685 8.2122192084789294 494.55792026221752 264.76524224877357 60.027881070971489 18.266960293054581 72.555531769990921 383.55799089372158 8.4561622440814954 9.9540694653987902 45.620457112789154 160.51252184808254 87.097964629530907 10.464457809925081 17.684457629919052 143.41295057535172
leaf_count=630 51 121 71 39 1071 1857 3183 55 373 419 81 357 25 151 75 33 2017 1063 242 74 294 1535 34 40 183 644 350 42 71 575
internal_value=0 0.00663948 -0.0089103 0.00220485 0.0102516 -0.011744 0.0112159 0.000475421 -0.00500403 0.00433556 2.70989e-06 -0.00246883 -0.00276798 0.00130883 -0.00712142 0.0071608 -0.0101069 -0.00584018 -0.00527028 -0.00427825 -0.00737565 0.0010896 0.00183883 -0.00151625 0.00488228 0.00363561 0.00621706 -0.00317167 -0.00752636 -0.00237587
internal_weight=3889.02 2228.48 1660.54 1000.55 1227.93 962.122 935.497 552.609 698.414 447.941 50.4044 121.606 190.528 431.003 32.4382 292.434 512.139 507.886 415.616 283.032 132.583 421.286 26.6225 18.1663 397.537 206.133 191.404 184.285 28.1489 156.136
internal_count=15756 9001 6755 4010 4991 3945 3813 2212 2810 1798 202 487 764 1725 130 1178 2088 2046 1673 1137 536 1686 107 73 1596 827 769 739 113 626
is_linear=0
shrinkage=0.01


Tree=24
num_leaves=31
num_cat=0
split_feature=13 0 0 0 0 2 2 2 7 6 16 9 29 0 26 7 26 21 18 7 26 26 20 15 21 11 28 11 11 6
split_gain=2257.56 350.673 180.825 36.1068 35.816 29.7865 17.2592 14.5253 13.2878 10.3596 12.105 9.41324 8.49158 8.16388 8.8868 8.79068 8.34381 7.96471 7.54929 8.21077 12.486 7.31056 7.30642 6.93125 6.79743 6.47099 8.21461 6.3733 10.7815 10.0969
threshold=1.0000000180025095e-35 -0.65374491649275401 0.71556928069885861 -0.3603992642560227 -0.83258579475241201 1.6417879253725467 -1.3706774009881311 0.064244205731836743 0.81380020644034456 -0.72060071150768945 0.34841124553285241 0.81292707512926776 -1.6721949275799524 0.54571841607728444 -0.89895099986394589 -0.19526446864514654 1.5923691714116048 1.3085031396383926 1.519509052810522 -1.4128668774897528 -0.25560557269295014 -1.227287585290834 -0.4031679703028393 -0.55266015215469688 -1.2349846212807443 0.36363532904670165 -0.50239364424704414 -0.044184180158212606 0.11933474334782741 -0.41694672608122879
decision_type=2 2 2 2 2 2 2 2 2 2 2 2 2 2 2 2 2 2 2 2 2 2 2 2 2 2 2 2 2 2
left_child=1 4 7 9 6 -4 -1 18 12 10 -3 23 -5 14 21 -15 -16 -6 19 20 -2 -9 -21 -10 -14 26 -19 29 -29 -11
right_child=2 3 5 8 17 -7 -8 13 11 27 -12 -13 24 15 16 -17 -18 25 -20 22 -22 -23 -24 -25 -26 -27 -28 28 -30 -31
leaf_value=0.014655658839623177 0.015027136416461867 -0.003978216031341607 -0.010587551028818762 0.010504841918985245 0.0076172457473264402 -0.014611283044554529 0.010586157689047235 -0.0052219026197992385 -0.0020356609309452661 0.008264369834029596 0.0060019715321729819 -0.00075141636365405942 0.0051273376585525502 -0.004151335568003435 -0.0036520764140784085 -0.0092486749204770749 -0.0097552883933173656 -0.0088860655223336402 0.0091953579415821676 -0.0056092250435187231 -0.0035931607486457463 -0.010769770099346598 0.0018345624371667081 -0.011396626159764113 0.00067670495054568565 0.0090124948617952387 0.0045259193974301042 -0.0006694152102057413 0.0048195900751689218 0.0036171175032411592
leaf_weight=122.22265984117985 6.4968530237674713 30.218055084347725 707.63151390850544 9.7113564312458021 265.63978800177574 252.67579199373722 811.81106153130531 61.489314645528793 15.220619291067122 104.24898646771908 20.183264151215553 89.165805712342262 37.725672379136086 52.700575157999992 334.27331075072289 100.49834187328815 24.210483431816101 8.2168072760105151 6.4942428618669501 45.656846791505814 7.7276111394166929 40.347334355115891 18.220528349280357 17.206821247935295 383.55651888251305 8.4509478211402875 9.9510511904954928 45.622033059597015 160.47102159261703 87.077617645263672
leaf_count=504 26 121 2895 39 1071 1050 3309 248 61 419 81 357 151 213 1342 407 98 33 26 183 31 163 73 69 1535 34 40 183 644 350
internal_value=0 0.00657843 -0.00883259 0.00218314 0.0101628 -0.0116487 0.0111213 -0.00495626 0.000470667 0.00429343 2.53065e-06 -0.00244469 0.00129585 -0.00549221 -0.0048185 -0.00750556 -0.00406966 0.00709354 -0.00105563 -0.00193147 0.00488716 -0.00743817 -0.00347076 -0.00705334 0.00107875 0.00182089 -0.00150064 0.00483496 0.00359992 0.00615751
internal_weight=3885.12 2226.7 1658.42 1000.41 1226.29 960.307 934.034 698.115 552.587 447.821 50.4013 121.593 430.994 613.519 460.32 153.199 358.484 292.259 84.5961 78.1018 14.2245 101.837 63.8774 32.4274 421.282 26.6188 18.1679 397.42 206.093 191.327
internal_count=15756 9001 6755 4010 4991 3945 3813 2810 2212 1798 202 487 1725 2471 1851 620 1440 1178 339 313 57 411 256 130 1686 107 73 1596 827 769
is_linear=0
shrinkage=0.01


Tree=25
num_leaves=31
num_cat=0
split_feature=4 14 0 0 4 0 13 20 19 7 11 19 26 17 20 26 13 0 8 6 26 10 27 10 16 8 9 10 7 8
split_gain=2215.55 298.064 222.968 45.3159 28.4501 25.3728 20.3619 17.3202 10.6971 9.59471 9.20498 9.63254 9.10445 8.65017 7.73019 7.7303 7.60748 7.44457 10.1305 7.41503 7.21593 8.72367 8.41967 7.17219 7.28954 7.14181 6.29609 6.07304 11.5906 7.51036
threshold=-0.069633975157258859 -0.76157425996426065 0.71556928069885861 -0.3603992642560227 1.3299579684881662 0.10872657857039149 -1.2280265127299848 0.52683416358168189 -0.9888893457164204 1.0452317575028809 1.1735587172130433 0.91083349021805671 0.59057968910627012 -1.5039790479353716 -0.10146716290188348 1.0365768193751079 -0.08293602107732613 0.54571841607728444 -1.7376012907443976 -0.2817763997937241 -0.89895099986394589 -0.62771122239698796 -0.084116342047019801 0.84065105873685975 2.4282117096952747 1.064881574639909 1.1515709624933257 -2.4405923957375211 -1.6543033131846168 -1.4435751011599622
decision_type=2 2 2 2 2 2 2 2 2 2 2 2 2 2 2 2 2 2 2 2 2 2 2 2 2 2 2 2 2 2
left_child=1 6 5 8 -4 27 -1 9 14 12 11 -10 -5 -8 15 -3 19 20 -19 -9 22 -22 -7 24 -15 -18 -20 -2 -29 -30
right_child=2 3 4 7 -6 17 13 16 10 -11 -12 -13 -14 23 -16 -17 25 18 26 -21 21 -23 -24 -25 -26 -27 -28 28 29 -31
leaf_value=0.012974533292785589 -0.012199531568170489 0.0094891062218357015 -0.0099498603076366623 0.003475568437525613 -0.013428003722296305 -0.010362008948686082 0.013784703177863275 -0.0011449546093816952 0.0045357193296854106 -0.0097343908485557247 0.010711578654757003 0.00026985219591960091 -0.00056834813570680385 0.009814129226239688 -0.00058664047305723198 0.0017050629162674838 0.014543551626935186 0.0063636978552725921 -0.0068694523208921755 -0.0062160525358667699 -0.0069968477108311028 -0.003218124685224498 -0.0039480861717928039 0.0042017855748154474 -0.0016102934415581406 -0.00041103595118796522 -0.012161995041756739 0.0093934874938028205 -0.0076297395254363992 -0.0012224330110405855
leaf_weight=288.68945840001106 5.2083300203084937 93.850210636854172 516.83070577681065 217.57615251839161 441.61917023360729 45.926912561058998 52.846034735441208 96.637238368391991 431.78210385143757 6.4889995753765097 21.541750729084015 60.914818912744522 74.233302667737007 667.26524947583675 10.21079398691654 15.193232893943785 4.9831473082303992 4.9936959594488135 119.28324814140797 41.45846189558506 82.072945863008499 249.14713321626186 38.399042785167694 25.302471250295639 5.4543994665145865 8.2446010857820493 28.79609577357769 9.492195323109625 20.189059883356094 196.49168471992016
leaf_count=1189 21 379 2113 871 1832 186 217 387 1734 26 87 244 297 2716 41 61 20 20 483 166 330 1001 155 102 22 33 117 38 81 787
internal_value=0 0.00687659 -0.00830097 0.00320368 -0.0115547 -0.00440055 0.0107017 0.000772853 0.00492699 0.00217213 0.00429518 0.0040105 0.00244357 0.00982498 0.00763719 0.00841626 -0.00197851 -0.00553719 -0.0074368 -0.00267801 -0.00483341 -0.0041593 -0.00746132 0.00952183 0.00971979 0.00521447 -0.00791292 -0.00160175 -0.001348 -0.00182729
internal_weight=3881.12 2122.67 1758.45 1083.11 958.45 800 1039.56 449.622 633.493 298.298 514.239 492.697 291.809 750.868 119.254 109.043 151.323 568.619 153.073 138.096 415.546 331.22 84.326 698.022 672.72 13.2277 148.079 231.381 226.173 216.681
internal_count=15756 8592 7164 4346 3945 3219 4246 1800 2546 1194 2065 1978 1168 3057 481 440 606 2292 620 553 1672 1331 341 2840 2738 53 600 927 906 868
is_linear=0
shrinkage=0.01


Tree=26
num_leaves=31
num_cat=0
split_feature=4 14 0 0 2 2 13 20 10 11 10 11 17 25 26 21 0 26 22 13 19 23 10 16 8 17 23 4 19 13
split_gain=2173.92 293.13 219.585 44.4466 29.3608 25.2043 20.1202 16.9763 10.5751 12.2213 13.3538 11.3257 8.53628 8.27052 8.23458 7.96901 7.92128 9.05261 7.97304 7.45857 7.23649 7.16375 7.05927 7.11897 7.01062 6.91463 6.6043 6.29195 6.16482 6.0019
threshold=-0.069633975157258859 -0.76157425996426065 0.71556928069885861 -0.3603992642560227 1.6417879253725467 0.1667542376163291 -1.2280265127299848 0.52683416358168189 -1.3967127613426431 -0.044184180158212606 0.90279799541582795 1.1735587172130433 -1.5039790479353716 -1.4398377591040397 -0.88295768276908804 -0.43071480135737522 0.54571841607728444 1.5923691714116048 -0.33785122369709913 -0.08293602107732613 -0.14104308930208923 -1.2669731999285918 0.92479527513678106 2.4282117096952747 1.064881574639909 0.99378656115541153 -0.55560426925829554 -0.4419210467430727 -1.7750190231054572 1.2850967815328296
decision_type=2 2 2 2 2 2 2 2 2 2 2 2 2 2 2 2 2 2 2 2 2 2 2 2 2 2 2 2 2 2
left_child=1 6 5 8 29 21 -1 13 15 10 -10 -11 -8 20 -7 -3 17 -16 -18 27 -5 -2 23 -14 -21 -15 -23 -9 -28 -4
right_child=2 3 4 7 -6 14 12 19 9 11 -12 -13 22 25 16 -17 18 -19 -20 24 -22 26 -24 -25 -26 -27 28 -29 -30 -31
leaf_value=0.01287374972131557 0.0037192882826166357 0.0051709044103053249 -0.0097557312208093883 0.0021695054395751813 -0.014412416740795374 -0.008350065149215255 0.013678068338368777 0.0066553788534781319 0.0064956034042484533 0.002656935452826149 -0.0038110054923827033 0.01048465729062938 0.0096926201850842161 0.0022475919448556297 -0.0036375604943429379 0.015172820925111713 -0.0043795866086089692 -0.010813252176548499 -0.0093789139390294575 0.014412184823520578 0.01365064632154986 -0.005732283011500674 0.003040935525786478 -0.0015942526396968174 -0.00040697544739495692 -0.002662994921838946 0.0071658414321094412 -0.0031418850960714252 -0.0019885864728650419 -0.011784594878763065
leaf_weight=288.04402042925358 20.237717896699905 15.884704753756521 479.68133442103863 11.219187468290331 251.26147864758968 95.966418281197548 52.726821675896645 6.74600526690483 280.47287513315678 287.05068007111549 12.973869204521177 19.792462304234505 674.29428309202194 243.60949851572514 265.31477744877338 17.083935379981995 59.920830830931664 18.949852243065834 71.601287707686424 4.979213833808898 11.214209318161009 49.305647253990173 17.39143243432045 5.4551900178194037 8.2445889562368375 32.235709682106972 7.4828127175569525 131.3398096114397 210.9062452018261 225.60479149222374
leaf_count=1189 81 64 1964 45 1050 389 217 27 1129 1152 52 80 2748 975 1066 69 242 77 291 20 45 198 70 22 33 129 30 526 845 931
internal_value=0 0.00681406 -0.00822849 0.00317246 -0.0114621 -0.00435841 0.0106117 0.000765093 0.00487963 0.00457232 0.00603538 0.00316836 0.00973982 0.00215047 -0.00569101 0.0104142 -0.00507302 -0.00412306 -0.0071139 -0.00195892 0.00798829 -0.00198531 0.00943861 0.00960035 0.00516418 0.00166935 -0.00242153 -0.00265155 -0.00166721 -0.0104077
internal_weight=3876.99 2120.76 1756.23 1082.85 956.548 799.686 1037.91 449.588 633.259 600.29 293.447 306.843 749.868 298.279 511.753 32.9686 415.787 284.265 131.522 151.31 22.4334 287.932 697.141 679.749 13.2238 275.845 267.695 138.086 218.389 705.286
internal_count=15756 8592 7164 4346 3945 3219 4246 1800 2546 2413 1181 1232 3057 1194 2065 133 1676 1143 533 606 90 1154 2840 2770 53 1104 1073 553 875 2895
is_linear=0
shrinkage=0.01


Tree=27
num_leaves=31
num_cat=0
split_feature=13 0 0 2 0 2 2 2 7 6 16 9 22 29 15 20 4 4 18 7 28 20 29 10 6 21 10 23 16 10
split_gain=2133.51 333.678 172.742 34.2618 33.7343 29.0778 16.2623 13.8395 12.6701 10.024 11.8837 9.22459 8.47323 8.23002 7.91074 7.84085 8.31342 7.62671 7.40709 7.99758 9.16269 7.27419 7.27095 7.12458 9.86537 7.33031 7.02628 6.94177 6.91041 7.08968
threshold=1.0000000180025095e-35 -0.65374491649275401 0.71556928069885861 -0.86088341718025208 -0.3603992642560227 1.6417879253725467 -1.3706774009881311 0.064244205731836743 0.81380020644034456 -0.72060071150768945 0.34841124553285241 0.81292707512926776 -0.097045033374803302 -1.6721949275799524 0.46827045724110922 1.2979015210512472 0.47264445685204176 0.53041823196407989 1.519509052810522 -1.318067527780691 -0.18778727149908594 -0.37354886567913842 1.8622684645319518 -1.3967127613426431 -0.41694672608122879 -0.43071480135737522 0.84065105873685975 1.6591119902493427 1.2044727671789706 1.5214524019403177
decision_type=2 2 2 2 2 2 2 2 2 2 2 2 2 2 2 2 2 2 2 2 2 2 2 2 2 2 2 2 2 2
left_child=1 3 7 6 9 -4 -1 18 13 10 -3 12 -10 -6 27 16 22 -18 19 20 -2 -21 -9 25 -25 -11 -16 -5 -17 -30
right_child=2 4 5 14 8 -7 -8 15 11 23 -12 -13 -14 -15 26 28 17 -19 -20 21 -22 -23 -24 24 -26 -27 -28 -29 29 -31
leaf_value=0.014358323638195203 0.0096573858055881059 -0.0040084984172138972 -0.010321208391859491 0.0064330946665566626 0.010338235872545764 -0.014311874168160519 0.010381079699898418 -0.0041578554067689729 -0.012913676975688758 0.0040634342441664348 0.0058826456596995282 -0.00071048762924078024 -0.0024836073928911316 0.0010526865092341238 0.010774395865597638 -0.010216754388230687 -0.0097301146991682023 -0.0053718909659811812 0.00914337692064871 -0.0056482352468785624 -0.0065602691822864278 0.0018773197322424957 0.0062328473270584165 0.0057067930669486722 0.0023869232690406296 0.015472552704580332 0.0026714903498684366 -0.0037635477162992494 0.0055840856337179071 -0.010090961662887183
leaf_weight=121.3204371035099 10.738922983407972 30.212619096040726 704.0943781286478 228.74238640069962 9.6991345435380918 250.50088141858578 773.09142909944057 324.21716915071011 13.702231615781782 11.171804949641229 20.166716367006302 89.150744497776031 18.706831052899361 421.23051404953003 78.389351233839989 52.449924722313881 54.755092576146126 163.09357742965221 6.4941680133342734 44.635300919413567 4.9767243713140479 17.717267259955406 6.7160964012145987 220.39462593197823 153.3185239136219 12.118984729051588 12.877721652388571 6.6904538571834555 6.1932238191366178 5.1892686933279037
leaf_count=504 43 121 2895 924 39 1050 3166 1305 55 45 81 357 75 1686 318 212 221 660 26 179 20 71 27 886 616 49 52 27 25 21
internal_value=0 0.00640069 -0.00860646 0.00990812 0.00211562 -0.0113709 0.0109232 -0.00481885 0.000460517 0.00415678 -2.54792e-05 -0.00238664 -0.00695026 0.00126635 0.00712348 -0.00534263 -0.00495076 -0.00647586 -0.00101064 -0.00187872 0.00444945 -0.00349428 -0.00394214 0.0046899 0.00434847 0.0100835 0.0096462 0.00613761 -0.00868294 -0.00150071
internal_weight=3872.76 2220.98 1651.77 1221.11 999.873 954.595 894.412 697.177 552.489 447.383 50.3793 121.56 32.4091 430.93 326.7 612.614 548.782 217.849 84.5624 78.0682 15.7156 62.3526 330.933 397.004 373.713 23.2908 91.2671 235.433 63.8324 11.3825
internal_count=15756 9001 6755 4991 4010 3945 3670 2810 2212 1798 202 487 130 1725 1321 2471 2213 881 339 313 63 250 1332 1596 1502 94 370 951 258 46
is_linear=0
shrinkage=0.01


Tree=28
num_leaves=31
num_cat=0
split_feature=4 14 0 0 2 2 13 5 3 13 22 10 29 16 26 0 26 22 8 23 23 28 3 24 13 3 28 18 10 13
split_gain=2093.63 283.677 212.943 42.6308 28.8069 24.2414 19.7394 13.3945 10.2537 9.59162 9.28692 8.80047 8.51459 8.20798 8.11449 7.74772 8.89547 7.84824 7.44713 6.99521 6.45872 7.06772 5.99151 6.20984 5.96054 7.14844 6.20957 6.18296 5.87065 5.57923
threshold=-0.069633975157258859 -0.76157425996426065 0.71556928069885861 -0.3603992642560227 1.6417879253725467 0.1667542376163291 -1.2280265127299848 0.96725264439363345 -0.96137509970956414 -0.047075147377285825 1.3895341785870887 0.63133097088000489 -1.607733817043496 -0.078585575478184636 -0.88295768276908804 0.54571841607728444 1.5923691714116048 -0.33785122369709913 0.96378112969195773 -1.2669731999285918 -0.55560426925829554 -1.492594734278091 2.3142509589252587 -0.82578036388677711 1.2850967815328296 -0.84337770655477551 0.60193686865102736 -0.86309261929883685 -2.1126536489319832 -0.77169804554961996
decision_type=2 2 2 2 2 2 2 2 2 2 2 2 2 2 2 2 2 2 2 2 2 2 2 2 2 2 2 2 2 2
left_child=1 6 5 8 24 19 -1 9 11 12 -10 -3 -5 -12 -7 16 -16 -17 -8 -2 -21 -22 23 -9 25 27 28 -4 -26 -20
right_child=2 3 4 7 -6 14 18 22 10 -11 13 -13 -14 -15 15 17 -18 -19 29 20 21 -23 -24 -25 26 -27 -28 -29 -30 -31
leaf_value=0.012682604977925895 0.0036872408447293577 0.0082083163910579952 -0.0081906017604679096 0.0093057544858464701 -0.014213130332725379 -0.0082269473314293025 0.01006864385735695 0.0023668413368664264 0.0046082474915673105 0.011411340144953699 -0.0049354818194401306 -0.00161990889770147 0.0010500059723270916 0.0032733767096955598 -0.0035510593352106839 -0.0042784021704305722 -0.010671092585816751 -0.0092417905544968943 0.0081760590727737361 -0.0056561331082208835 0.0040413889670957003 -0.0022058484323833737 0.0074033059974553932 -0.0044678683225419227 -0.0016111588508675966 -0.010081130158965706 -0.014519112181798745 -0.00095388235441659533 -0.010998398893011208 0.0017132235579437973
leaf_weight=286.73664793372154 20.235907331109047 111.4204029738903 50.296875685453415 12.926141574978827 249.72337093949318 95.81170865893364 602.65070730447769 15.981146082282065 460.36260585486889 9.7081622034311277 19.669742599129677 9.7068770527839643 332.53643152117729 31.608671978116035 265.152119114995 59.857785448431969 18.909285664558411 71.457273572683334 129.72693306207657 49.279707446694374 19.731944665312767 198.61931449174881 5.4938174635171881 72.882525369524956 7.2525116801261893 412.00047962367535 57.376957044005394 15.879728123545645 160.07836470007896 15.404916927218435
leaf_count=1189 81 450 206 52 1050 389 2466 64 1851 39 79 39 1331 127 1066 242 77 291 529 198 79 796 22 292 30 1693 238 65 663 62
internal_value=0 0.00669191 -0.00808699 0.00311112 -0.0112808 -0.00427725 0.0104365 0.000753535 0.00478402 0.00164498 0.00415864 0.00741177 0.00136441 0.000101623 -0.00558526 -0.00497168 -0.00403213 -0.0069919 0.00957225 -0.00194991 -0.0023811 -0.00163513 -0.00258955 -0.0032262 -0.0102357 -0.00958537 -0.0116102 -0.00647323 -0.0105987 0.0074986
internal_weight=3868.48 2116.82 1751.66 1082.3 952.608 799.055 1034.52 449.528 632.768 355.171 511.641 121.127 345.463 51.2784 511.188 415.376 284.061 131.315 747.783 287.867 267.631 218.351 94.3575 88.8637 702.885 478.177 224.708 66.1766 167.331 145.132
internal_count=15756 8592 7164 4346 3945 3219 4246 1800 2546 1422 2057 489 1383 206 2065 1676 1143 533 3057 1154 1073 875 378 356 2895 1964 931 271 693 591
is_linear=0
shrinkage=0.01


Tree=29
num_leaves=31
num_cat=0
split_feature=13 14 2 2 2 2 2 5 10 11 11 10 7 16 6 2 25 18 5 3 14 3 18 5 6 18 7 18 27 5
split_gain=2054.94 319.361 159.215 52.6645 30.2115 19.6108 13.9475 12.9624 11.1434 12.4434 11.2756 10.3415 8.85049 9.9492 8.99318 8.77508 8.3721 8.25457 7.81639 8.23092 10.4269 7.48214 8.75445 7.3474 7.27849 7.2452 7.81811 6.67899 6.40405 7.69073
threshold=1.0000000180025095e-35 -0.76157425996426065 0.71382723236283507 -0.37799416502083233 1.6417879253725467 -1.3706774009881311 0.51157606918868004 1.0173421412558803 -1.3967127613426431 -0.044184180158212606 1.1735587172130433 0.870134597620836 -0.22753298711905356 -0.098184010152246634 0.79027588591860576 0.064244205731836743 -0.59141248695505622 -0.3796047234215591 1.1251884086587998 0.43980418157509615 -0.88019496915269813 -0.84337770655477551 -0.86309261929883685 -1.8242211633015948 1.5458003130697879 1.519509052810522 -1.4128668774897528 -0.66377883066507748 0.43615010295572126 1.3729838890386648
decision_type=2 2 2 2 2 2 2 2 2 2 2 2 2 2 2 2 2 2 2 2 2 2 2 2 2 2 2 2 2 2
left_child=1 5 6 8 21 -1 15 23 -3 11 -11 -10 14 -14 -8 25 -16 -15 -7 -20 -21 22 24 -5 -4 26 -2 -24 29 -17
right_child=2 3 4 7 -6 18 12 -9 9 10 -12 -13 13 17 16 28 -18 -19 19 20 -22 -23 27 -25 -26 -27 -28 -29 -30 -31
leaf_value=0.014164886197861706 0.0048111067881332521 0.01067592711929298 -0.0080308067280737711 0.011386157547805911 -0.014116130894538755 0.010222712751836114 0.0013350396453625619 -0.0028881555530634964 0.0066140825044463019 0.0026171176475814164 0.010133087887943537 -0.0023204896446573308 -0.012127181583428726 0.00154383248610415 -0.014100173835575937 -0.0048869133194601655 -0.0035813832856494594 -0.0076954178015558499 -0.0038496370047807604 0.0091615727950673503 0.00021314793267226677 -0.010541706119478659 0.0017374689056601667 0.0010959652705676188 -0.015387696867464381 0.0090567533885857511 -0.0033475756990821565 -0.0076013313499448841 -0.0028478410861293092 -0.010620140722062597
leaf_weight=120.6687086224556 14.213116034865378 31.14609357714653 84.706273138523102 6.9637920111417762 248.92961999773979 783.35539402067661 20.806023702025414 89.352370008826256 242.99856695532799 287.106639072299 21.50009286403656 13.46526777744293 50.360449746251106 11.121183365583418 11.089507043361662 248.27925644814968 24.933345153927803 64.866754114627838 5.9045097827911368 107.75277161598206 15.076264068484305 575.04585283994675 14.621364727616312 491.68243485689163 16.5932277739048 6.4937829822301856 63.829987570643425 15.604880571365355 149.36590899527073 26.244819402694702
leaf_count=504 57 126 348 28 1050 3216 84 358 980 1153 87 54 205 45 45 1001 101 264 24 441 61 2373 60 1969 69 26 256 64 601 106
internal_value=0 0.00628554 -0.0084603 0.00273961 -0.0111062 0.0103499 -0.00480229 0.000613934 0.00483385 0.00450824 0.00314709 0.00614037 -0.00717538 -0.00865623 -0.003856 -0.0039441 -0.00687731 -0.00632982 0.00984254 0.00751528 0.00807243 -0.0100425 -0.00784598 0.00124393 -0.00925974 -0.000985744 -0.00184467 -0.00306006 -0.00453135 -0.00544233
internal_weight=3864.08 2216.97 1647.11 1184.22 955.501 1032.76 691.604 587.999 596.217 565.071 308.607 256.464 183.177 126.348 56.8289 508.427 36.0229 75.9879 912.089 128.734 122.829 706.572 131.526 498.646 101.3 84.5369 78.0431 30.2262 423.89 274.524
internal_count=15756 9001 6755 4755 3964 4246 2791 2355 2400 2274 1240 1034 744 514 230 2047 146 309 3742 526 502 2914 541 1997 417 339 313 124 1708 1107
is_linear=0
shrinkage=0.01


Tree=30
num_leaves=31
num_cat=0
split_feature=13 0 0 2 0 2 2 2 7 6 16 9 29 21 1 21 14 6 0 8 26 26 26 18 7 26 24 1 23 14
split_gain=2016.6 317.611 165.331 32.8067 31.6219 28.2781 15.8486 13.1166 12.1519 9.73519 11.6183 9.10478 7.97742 7.73149 8.64134 10.4003 7.37398 7.35861 7.35676 9.9125 8.39219 7.92794 7.23278 7.10286 7.665 11.1139 7.08401 6.9882 6.81375 9.6987
threshold=1.0000000180025095e-35 -0.65374491649275401 0.71556928069885861 -0.86088341718025208 -0.3603992642560227 1.6417879253725467 -1.3706774009881311 0.064244205731836743 0.81380020644034456 -0.72060071150768945 0.34841124553285241 0.81292707512926776 -1.6721949275799524 1.1211651072806343 -1.1289319327876453 -0.9920777197498406 -0.063234072283629969 -1.0193488337270702 0.54571841607728444 -1.7376012907443976 -0.89895099986394589 1.5923691714116048 -1.227287585290834 1.519509052810522 -1.318067527780691 -0.25560557269295014 0.64132428151541654 0.39368396861838845 -1.1949359163774902 -0.95751173184489191
decision_type=2 2 2 2 2 2 2 2 2 2 2 2 2 2 2 2 2 2 2 2 2 2 2 2 2 2 2 2 2 2
left_child=1 3 7 6 9 -4 -1 23 12 10 -3 16 -6 14 15 -5 -10 -16 20 -20 22 -22 -9 24 25 -2 -15 -26 29 -8
right_child=2 4 5 13 8 -7 28 18 11 -11 -12 -13 -14 26 17 -17 -18 -19 19 -21 21 -23 -24 -25 27 -27 -28 -29 -30 -31
leaf_value=0.014065118738987796 0.013694172229049912 -0.0040313919591058837 -0.010068900553136792 -0.0014034401269581187 0.010175335163630587 -0.014020824918129112 0.0056575412650960001 -0.0048994151830445204 -0.0090931341615219426 0.0045540879505037097 0.0057510131795687593 -0.00067510144882614823 0.0010273489696810264 0 -0.0048355689190937856 0.013546610362016504 0.0032347770068975813 0.0070203954890571841 0.0065430590413034237 -0.0075849918208223841 -0.0034200841625025586 -0.0093830180720315837 -0.010425395618961801 0.0089672958914687999 -0.0011614690612177085 -0.0030676541901388959 0.0095674218127888531 -0.0084660652679807834 0.010470248121512257 0.013598862148864852
leaf_weight=120.31188608705997 6.993270829319953 30.209080338478088 700.38978296518326 5.1589465439319602 9.6861271262168867 248.12024322152138 69.362371191382408 61.272828236222267 26.655119463801384 396.57823751866817 20.147959649562836 89.138781577348709 421.1998405456543 27.739012777805328 5.1852150112390509 37.249802798032761 5.7384735196828833 239.98267142474651 4.9899869412183753 147.41357190907001 333.73839956521988 24.086953148245811 40.170331090688705 6.4939755052328101 43.371309757232666 8.7191990315914136 10.633650183677672 18.951047867536545 679.74325670301914 20.191434368491173
leaf_count=504 28 121 2895 21 39 1050 285 248 107 1596 81 357 1686 112 21 152 23 972 20 600 1342 98 163 26 174 35 43 76 2798 83
internal_value=0 0.00622858 -0.00838807 0.00966214 0.00205064 -0.0111051 0.0106593 -0.00468386 0.000448405 0.00402824 -9.3971e-05 -0.00234022 0.00123763 0.00693513 0.00749974 0.0117054 -0.00687525 0.0067637 -0.00519444 -0.00711187 -0.00455457 -0.00382678 -0.0071056 -0.000975621 -0.00182628 0.00436884 0.00266923 -0.00340868 0.0101236 0.00747237
internal_weight=3859.62 2214.91 1644.71 1215.56 999.354 948.51 889.609 696.201 552.418 446.935 50.357 121.532 430.886 325.949 287.577 42.4087 32.3936 245.168 611.672 152.404 459.269 357.825 101.443 84.5288 78.0348 15.7125 38.3727 62.3224 769.297 89.5538
internal_count=15756 9001 6755 4991 4010 3945 3670 2810 2212 1798 202 487 1725 1321 1166 173 130 993 2471 620 1851 1440 411 339 313 63 155 250 3166 368
is_linear=0
shrinkage=0.01


Tree=31
num_leaves=31
num_cat=0
split_feature=4 14 2 2 13 13 13 20 10 11 11 21 8 10 7 20 29 24 21 16 16 18 18 13 2 10 22 27 4 2
split_gain=1979.51 270.111 194.935 39.1121 34.7742 20.1659 19.2873 16.515 10.9319 12.1637 11.0882 10.8192 10.6275 10.0769 8.83144 8.56811 7.79641 10.1472 7.47398 7.4288 7.41581 7.28011 7.12208 6.61934 6.25147 6.2088 6.60374 6.14493 6.09167 6.08511
threshold=-0.069633975157258859 -0.76157425996426065 0.64425755418107289 -0.37799416502083233 1.3356645400587623 0.066292827128768092 -1.2280265127299848 0.52683416358168189 -1.3967127613426431 -0.044184180158212606 1.1735587172130433 0.47500293228407048 -1.7376012907443976 0.870134597620836 1.0452317575028809 1.2979015210512472 1.632432623888074 0.77625682892148229 0.7967245364343235 1.2044727671789706 2.3082959666201797 -0.018336737296929678 1.5875935454347225 -0.35714616758402745 1.6417879253725467 0.41868815315695546 -1.3969602163706807 0.51742105673597394 0.47264445685204176 0.94007629094106149
decision_type=2 2 2 2 2 2 2 2 2 2 2 2 2 2 2 2 2 2 2 2 2 2 2 2 2 2 2 2 2 2
left_child=1 6 5 8 12 11 -1 14 -3 13 -11 -2 29 -10 -5 16 28 -18 -13 -17 25 23 -23 -9 -6 -8 -27 -20 -7 -4
right_child=2 3 4 7 24 15 20 21 9 10 -12 18 -14 -15 -16 19 17 -19 27 -21 -22 22 -24 -25 -26 26 -28 -29 -30 -31
leaf_value=0.012410628419418264 0.00065797005547025102 0.0105317958047575 0.005314689639871549 0.0023486040282271305 -0.011448152808913517 -0.0039615043957636218 0.0098810884450388197 0.012171253876882265 0.0065006377160132869 0.0025464194408003917 0.010005052501964137 -0.010593674854410474 -0.0092948284167992008 -0.0023189424503012599 -0.010035624856074577 -0.010024564617341955 -0.0029161704150172346 0.011733526338942733 0.00045489035370166041 -0.00032541744159909431 0 -0.0043140120206445979 0.0026516124907637346 0.00015044533317595736 -0.013927157193093752 0.013932500966507196 0.0067014017567199524 -0.0073111659635248715 -0.0064469876452164588 -0.0087594683885378541
leaf_weight=284.69325378537178 121.5818677842617 31.090834707021713 7.918514132499693 332.51565060019493 193.43429267406464 323.74529758095741 598.16669920086861 5.2420920729637137 242.72502917051315 286.96644461154938 21.465819180011749 15.217379212379454 558.52286313474178 13.464096397161482 5.7339931875467292 50.30297988653183 16.636906102299694 6.4693815410137168 27.207494363188744 9.6265443563461286 8.3727206885814649 91.59430268406868 17.219311237335205 33.448774710297585 247.29589332640171 14.455766782164572 123.46167553961277 15.974244534969328 145.63121776282787 4.8788735866546631
leaf_count=1189 487 126 32 1332 807 1305 2459 21 980 1153 87 61 2303 54 23 204 67 26 109 39 34 367 69 134 1050 59 505 64 590 20
internal_value=0 0.00651434 -0.00788191 0.00302281 -0.0107261 -0.00394939 0.0101817 0.000913969 0.00474028 0.00441779 0.00307183 -0.00103456 -0.00908841 0.0060325 0.00213281 -0.00489691 -0.00445644 0.0011753 -0.00457044 -0.00848638 0.00932648 -0.00187378 -0.00320113 0.00183206 -0.0128442 0.00943291 0.00747612 -0.00240516 -0.004736 0
internal_weight=3855.06 2110.62 1744.44 1081.47 1012.05 732.393 1029.15 485.754 595.712 564.621 308.432 179.981 571.32 256.189 338.25 552.412 492.483 23.1063 58.3991 59.9295 744.457 147.504 108.814 38.6909 440.73 736.084 137.917 43.1817 469.377 12.7974
internal_count=15756 8592 7164 4346 4212 2952 4246 1946 2400 2274 1240 721 2355 1034 1355 2231 1988 93 234 243 3057 591 436 155 1857 3023 564 173 1895 52
is_linear=0
shrinkage=0.01


Tree=32
num_leaves=31
num_cat=0
split_feature=12 0 0 0 2 2 2 7 22 19 28 2 8 25 19 16 22 7 27 2 7 23 23 28 17 2 12 23 1 0
split_gain=1942.6 265.942 200.685 39.5062 27.7775 22.4681 19.105 15.2272 10.4084 8.91243 8.60863 9.94444 8.14494 7.48755 7.38699 12.3815 9.40567 6.96566 7.69678 9.29908 8.10628 6.82407 6.33174 6.87111 6.25189 8.46076 7.14705 6.8124 5.94123 9.53119
threshold=-0.069633975157258859 -0.7692932016384707 0.71556928069885861 -0.39386497851600016 1.6417879253725467 0.1667542376163291 -1.3706774009881311 0.64081901739303027 -0.43436500035745479 1.7349504018573561 -1.7469814705299449 -0.52404980973628568 1.2704508292215964 -0.35543693654036701 0.91083349021805671 0.42379491213933979 1.1285589814820089 0.64081901739303027 0.7807197740962516 0.5727970377899525 -0.62694142955024723 -1.2669731999285918 -0.55560426925829554 -1.492594734278091 -1.5039790479353716 -0.86088341718025208 -0.82619892872987089 -1.1949359163774902 -0.3916144498685159 0.53193076812060458
decision_type=2 2 2 2 2 2 2 2 2 2 2 2 2 2 2 2 2 2 2 2 2 2 2 2 2 2 2 2 2 2
left_child=1 6 5 10 -4 21 -1 9 -9 12 11 -3 -5 -13 16 -16 -12 18 20 -20 -7 -2 -23 -24 -8 27 -27 -26 29 -19
right_child=2 3 4 7 -6 17 24 8 -10 -11 14 13 -14 -15 15 -17 -18 28 19 -21 -22 22 23 -25 25 26 -28 -29 -30 -31
leaf_value=0.013881440485205456 0.0036902949390652789 0.0053656318097759772 -0.0099067540628038925 0.0020535500376362096 -0.013835081489922829 -0.0079618221451355862 0.012657710419866306 -0.0056884448463849534 3.4218600600765509e-05 -0.010149651965053148 0.0061783338715654069 -0.016793159579789621 0.012562481939680917 -0.00052856703061555769 -0.0014530793551334751 0.0060743685129684257 0.0021749914345431747 0.0023518718666133104 -0.00024370084332094469 -0.0072787074104259065 -0.0042434493535374864 -0.0055481181091017974 0.0040320966866673157 -0.0021285548830080278 0.007112432024073561 0.003719119313848618 0.00873133971990896 0.010153772998120803 -0.0081535419035388534 -0.0099172428972070913
leaf_weight=119.61706142127514 20.231896281242371 11.639988973736765 697.82640716433525 349.99729287624359 246.45716634392738 89.679703697562218 64.636791810393333 45.630801931023598 103.07586891949177 5.7386246621608725 388.47220592200756 4.9773840606212616 7.4818115979433051 6.7118244618177396 42.757777348160744 44.176248848438263 70.263209864497185 14.879294350743296 69.517590165138245 25.816687077283859 177.57787363231182 49.237103387713432 19.727421537041664 198.52769762277603 87.368159905076027 45.59256999194622 80.733551412820816 629.58729149401188 121.71869184076786 10.772257372736929
leaf_count=504 81 47 2895 1402 1050 363 269 183 413 23 1567 20 30 27 172 178 283 60 280 105 719 198 79 796 360 186 329 2599 494 44
internal_value=0 0.00645592 -0.00781432 0.00299151 -0.0109345 -0.00411861 0.0100987 0.000973239 -0.00171771 0.00207787 0.00480509 -0.00110432 0.00227974 -0.00762272 0.00505972 0.00236315 0.00556794 -0.00538019 -0.00462482 -0.0021649 -0.00549742 -0.00187803 -0.00230415 -0.00156554 0.00959777 0.00936057 0.00693465 0.00978559 -0.00722754 -0.00278016
internal_weight=3850.43 2108.46 1741.97 1080.92 944.284 797.686 1027.54 511.924 148.707 363.218 568.999 23.3292 357.479 11.6892 545.669 86.934 458.735 509.962 362.592 95.3343 267.258 287.724 267.492 218.255 907.918 843.282 126.326 716.955 147.37 25.6516
internal_count=15756 8592 7164 4345 3945 3219 4247 2051 596 1455 2294 94 1432 47 2200 350 1850 2065 1467 385 1082 1154 1073 875 3743 3474 515 2959 598 104
is_linear=0
shrinkage=0.01


Tree=33
num_leaves=31
num_cat=0
split_feature=13 0 0 2 0 2 2 2 7 6 16 22 29 21 20 4 4 27 16 18 7 26 20 16 21 14 7 28 15 13
split_gain=1906.47 302.519 158.469 31.3995 29.6775 27.5508 15.4807 12.5482 11.5222 9.47082 11.2915 8.84468 7.81449 7.58171 7.42683 7.57866 7.66501 7.03684 6.9729 6.94217 7.50428 11.6884 6.9549 6.7002 6.68242 6.25413 8.80405 7.59299 5.93603 5.90535
threshold=1.0000000180025095e-35 -0.65374491649275401 0.71556928069885861 -0.86088341718025208 -0.3603992642560227 1.6417879253725467 -1.3706774009881311 0.064244205731836743 0.81380020644034456 -0.72060071150768945 0.34841124553285241 -0.36960191702744882 -1.6721949275799524 1.3085031396383926 1.2979015210512472 0.47264445685204176 0.53041823196407989 0.90669931117246716 -1.6991756006331307 1.519509052810522 -1.4128668774897528 -0.25560557269295014 -0.4031679703028393 1.2044727671789706 -1.2349846212807443 -0.45726127700065849 -1.4128668774897528 1.7811553947367049 0.53256256744849273 1.2850967815328296
decision_type=2 2 2 2 2 2 2 2 2 2 2 2 2 2 2 2 2 2 2 2 2 2 2 2 2 2 2 2 2 2
left_child=1 3 7 6 9 29 -1 19 12 10 -3 -10 -6 18 15 17 -17 -9 -5 20 21 -2 -22 -16 -14 27 -27 -11 -20 -4
right_child=2 4 5 13 8 -7 -8 14 11 25 -12 -13 24 -15 23 16 -18 -19 28 -21 22 -23 -24 -25 -26 26 -28 -29 -30 -31
leaf_value=0.013786555385775737 0.014569281338446524 -0.0040425688887049714 -0.0091775101393122074 0.015299722209920614 0.010054787759402611 -0.013744548642632843 0.0098748906424427473 -0.0044201796256442593 -0.0062842441890497546 0.0059019376703982242 0.0056042326504564558 -0.00044923884741991486 0.0050106151612354603 0.0017710098003054331 -0.0098250964791914957 -0.0093966013957502027 -0.0050219882215997236 -0.00069808054036489791 0.0060586352887707041 0.0089062925742949359 -0.0053283401149011433 -0.0034534183393868799 0.0019378704893290018 -0.0012316096054191005 0.00059731096583057381 0.008758952391864458 0.0021857744891543257 -0.005620515640424247 0.0094043875829506497 -0.011200703684448912
leaf_weight=119.23849804699421 6.4919284135103226 30.205802604556084 474.15140846371651 10.499573409557341 9.6753390282392484 245.60465683043003 765.25049042701721 266.61948332190514 37.8795365691185 208.56236715614796 20.124669075012207 83.614723294973373 37.708709836006165 28.462041199207306 52.186755552887917 54.54128298163414 162.36692602932453 63.610795110464096 212.69937638938427 6.4931183308362952 45.584993839263916 7.7163877338170987 18.207097992300987 11.34668482840061 383.44432255625725 23.497422263026237 158.35787712037563 5.7160958647727957 73.51275198161602 222.3566737473011
leaf_count=504 26 121 1964 43 39 1050 3166 1076 152 841 81 335 151 115 212 221 660 256 863 26 183 31 73 46 1535 95 637 23 300 931
internal_value=0 0.00606216 -0.00817709 0.00942526 0.00198746 -0.0108502 0.0104049 -0.00455189 0.000435443 0.00390469 -0.000161996 -0.00228038 0.00120398 0.00675527 -0.00505196 -0.00467031 -0.00613041 -0.00370666 0.00722925 -0.000924205 -0.0017657 0.00475572 -0.00323903 -0.00831041 0.000995934 0.00442381 0.00304493 0.00558742 0.00692446 -0.00982636
internal_weight=3845.73 2208.45 1637.28 1209.66 998.787 942.113 884.489 695.165 552.323 446.464 50.3305 121.494 430.828 325.174 610.672 547.138 216.908 330.23 296.712 84.4935 78.0004 14.2083 63.7921 63.5334 421.153 396.134 181.855 214.278 286.212 696.508
internal_count=15756 9001 6755 4991 4010 3945 3670 2810 2212 1798 202 487 1725 1321 2471 2213 881 1332 1206 339 313 57 256 258 1686 1596 732 864 1163 2895
is_linear=0
shrinkage=0.01


Tree=34
num_leaves=31
num_cat=0
split_feature=4 14 0 0 2 2 0 20 19 11 19 25 20 21 17 29 13 6 19 8 13 19 28 0 9 22 9 24 8 28
split_gain=1871.44 257.709 194.839 37.691 27.3297 21.598 18.828 15.3649 9.86471 8.64626 9.22346 7.85099 7.46255 7.79458 7.35171 7.32338 7.16065 7.41064 7.13648 6.85154 5.83884 8.23159 6.22042 5.76352 5.55601 11.4887 5.70417 5.46418 11.9981 8.32505
threshold=-0.069633975157258859 -0.76157425996426065 0.71556928069885861 -0.3603992642560227 1.6417879253725467 0.1667542376163291 -1.2044007760984523 0.52683416358168189 -0.9888893457164204 1.1735587172130433 1.7349504018573561 -1.4398377591040397 -0.10146716290188348 -1.1011291179209792 -1.5039790479353716 -1.2392001883312653 -0.08293602107732613 -0.2817763997937241 -0.14104308930208923 1.5337583923384137 1.2850967815328296 -1.3792723007190479 0.60193686865102736 -1.3968135513546232 0.38906468186316695 -1.3969602163706807 0.27085506482941618 -1.1648926679746612 0.18435531883863102 -1.4130575094284537
decision_type=2 2 2 2 2 2 2 2 2 2 2 2 2 2 2 2 2 2 2 2 2 2 2 2 2 2 2 2 2 2
left_child=1 6 5 8 20 27 23 11 12 10 -10 18 13 -3 -8 -13 17 -9 -5 -18 21 -4 -22 -1 26 -26 -16 28 29 -2
right_child=2 3 4 7 -6 -7 14 16 9 -11 -12 15 -14 -15 24 -17 19 -19 -20 -21 22 -23 -24 -25 25 -27 -28 -29 -30 -31
leaf_value=0.014201819654790534 0.0048469846251320272 0.001600640532165776 -0.0015778830631212094 0.0019507046191639577 -0.013655513992873026 -0.005280601243699507 0.012901724730562662 -0.0010207074811480633 0.0037996217779036269 0.010143512231945533 -0.0072796932058610047 -0.0041959472002999357 -0.0009691469703185944 0.0090506643539305393 0.0089137922567910002 0.0020288609028276 0.011155615731780316 -0.0060907311128737939 0.013358810171392078 -0.003257752232515022 -0.010098950817598609 -0.0093360262561527092 -0.014042798263157219 0.011101566283842363 0.014821088305956992 0.0061454932072361667 0.01262118024127816 -0.0023636748029091264 0.010192438731428798 -0.0070803939269132449
leaf_weight=89.085397079586983 9.7315311729907972 17.048417836427689 14.464144408702849 11.201440259814264 244.73894517123699 509.35001662373543 47.10838471353054 96.572299793362617 483.77684172987938 21.382919698953629 7.4825410842895499 20.221784666180611 10.181051611900328 91.308367252349854 452.25675214827061 255.53528617322445 7.7190259546041471 41.435771241784096 11.187028631567953 5.4950874000787735 165.23597186803818 458.87350924313068 56.589236751198769 225.92615149915218 17.294900000095367 143.82352286577225 47.998129889369011 252.25601661205292 11.468132644891737 14.18987685441971
leaf_count=378 39 69 59 45 1050 2065 197 387 1948 87 30 81 41 371 1867 1023 31 166 45 22 693 1905 238 945 71 590 198 1012 46 57
internal_value=0 0.00634181 -0.00768249 0.00293398 -0.0107672 -0.00404256 0.009938 0.000717621 0.00450997 0.00390306 0.00362739 0.00203593 0.00712076 0.00789028 0.00902455 0.0015674 -0.00187453 -0.00255349 0.00772961 0.00510726 -0.00974705 -0.00910145 -0.0111154 0.0119857 0.00874497 0.00709157 0.00927396 -0.00184574 0.00181413 -0.00218658
internal_weight=3840.94 2104.04 1736.9 1080.55 939.902 796.996 1023.49 449.368 631.18 512.642 491.259 298.146 118.538 108.357 708.482 275.757 151.222 138.008 22.3885 13.2141 695.163 473.338 221.825 315.012 661.373 161.118 500.255 287.646 35.3895 23.9214
internal_count=15756 8592 7164 4346 3945 3219 4246 1800 2546 2065 1978 1194 481 440 2923 1104 606 553 90 53 2895 1964 931 1323 2726 661 2065 1154 142 96
is_linear=0
shrinkage=0.01


Tree=35
num_leaves=31
num_cat=0
split_feature=13 0 0 0 0 4 0 17 1 6 1 11 15 24 10 6 26 26 21 19 29 7 17 11 10 6 21 11 28 20
split_gain=1837.12 323.801 125.217 33.6335 30.456 26.4068 15.4226 11.15 9.68989 9.23942 10.187 10.2318 9.08289 11.883 8.05781 8.77531 11.597 8.54739 7.43642 7.24128 7.1403 7.06347 6.92692 8.10571 6.72317 9.66534 7.24602 6.40987 8.01924 6.33266
threshold=0.066292827128768092 -0.65374491649275401 0.71556928069885861 -0.3603992642560227 -0.83258579475241201 1.3299579684881662 -1.3466384822541688 1.0282621212496694 1.5061275605708768 -0.72060071150768945 -0.42558623387072275 0.58706944324771315 -1.1028464351353644 -1.0781286087754902 0.28922728372679335 0.5150921703456065 -0.9152913781950085 -1.227287585290834 1.3085031396383926 0.36880990445331868 1.2048896283552295 -1.336190572299307 -1.5634920451440999 -1.2258053671938207 -1.3967127613426431 -0.41694672608122879 -0.43071480135737522 0.36363532904670165 -0.50239364424704414 0.97518368442839787
decision_type=2 2 2 2 2 2 2 2 2 2 2 2 2 2 2 2 2 2 2 2 2 2 2 2 2 2 2 2 2 2
left_child=1 4 14 9 6 -4 -1 12 20 10 29 -12 19 -14 15 16 17 -2 -6 -5 -9 -18 -17 -24 26 -26 -11 28 -20 -3
right_child=2 3 5 7 18 -7 -8 8 -10 24 11 -13 13 -15 -16 22 21 -19 27 -21 -22 -23 23 -25 25 -27 -28 -29 -30 -31
leaf_value=0.013145805228702147 -0.003640172644793464 -0.013054948722997971 -0.0091312139167088122 0.0056984498072590239 0.0069428861739504457 -0.012519979426851926 0.0095901372359918757 -0.0039515632308576125 0.00098231838693160485 0.0036032128644385465 0.0078263694791213395 -0.0026297695538521253 0.0041489308839857686 -0.00037437181089738968 -0.006323401556662403 0.0017784916703318374 0.0075310283464041861 -0.012251775612485255 -0.0092789729950636616 -0.0024492018778170237 -0.013714345249820186 -0.0016716437371315787 -0.0016809983766417373 -0.0072759512223144742 0.0053513093484484076 0.0020620677743719913 0.014967964257720909 0.0085162947084735686 0.0039911269958314097 0.00099647861314602123
leaf_weight=148.39196246862411 34.416040331125259 8.2380800247192365 508.2659929394722 56.931310385465622 263.50760385394096 429.38739135861397 767.15495717525482 47.916113972663879 37.666947603225708 11.120049536228182 18.175620019435883 18.914158910512924 67.893187165260315 396.88516855239868 239.42317746579647 11.582379892468451 8.7293943613767606 17.741909474134445 8.1908703595399874 13.236736729741095 8.984590530395506 142.68968634307384 33.05795918405056 129.59664587676525 219.7296072691679 152.93273843824863 12.030157238245009 8.4062179177999479 9.9032534658908862 4.9866848587989798
leaf_count=630 139 33 2113 228 1071 1832 3183 192 151 45 73 76 272 1590 972 47 35 72 33 53 36 575 134 526 886 616 49 34 40 20
internal_value=0 0.0057132 -0.00838194 0.00172323 0.00927194 -0.0106853 0.0101689 0.000232803 -0.00292844 0.00382356 -0.000193506 0.00247458 0.000793959 0.000284976 -0.0048801 -0.00396139 -0.00254049 -0.00660645 0.00643427 0.00414592 -0.005532 -0.00112988 -0.00561343 -0.00614671 0.00433664 0.00400507 0.00959097 0.00133212 -0.00197902 -0.00771379
internal_weight=3836.09 2281.2 1554.89 1075.64 1205.55 937.653 915.547 629.514 94.5677 446.127 50.3145 37.0898 534.946 464.778 617.237 377.814 203.577 52.1579 290.008 70.168 56.9007 151.419 174.237 162.655 395.813 372.662 23.1502 26.5003 18.0941 13.2248
internal_count=15756 9311 6445 4320 4991 3945 3813 2522 379 1798 202 149 2143 1862 2500 1528 821 211 1178 281 228 610 707 660 1596 1502 94 107 73 53
is_linear=0
shrinkage=0.01


Tree=36
num_leaves=31
num_cat=0
split_feature=12 0 0 0 2 2 13 20 17 28 2 26 27 25 19 16 22 0 26 22 18 23 25 17 5 10 23 28 23 23
split_gain=1803.19 249.524 189.214 36.473 27.0449 20.7261 18.5532 13.759 9.20424 8.47259 9.70202 7.89453 7.65197 7.34045 7.18392 12.0321 9.16877 7.08816 8.62883 7.80603 6.98771 6.63933 6.50032 6.24851 8.50972 6.29329 6.16503 6.5977 5.91712 6.40399
threshold=-0.069633975157258859 -0.7692932016384707 0.71556928069885861 -0.39386497851600016 1.6417879253725467 0.1667542376163291 -1.2280265127299848 0.52683416358168189 -1.5039790479353716 -1.7469814705299449 -0.52404980973628568 -0.88295768276908804 -1.1360151301061294 -0.35543693654036701 0.91083349021805671 0.42379491213933979 1.1285589814820089 0.54571841607728444 1.5923691714116048 -0.33785122369709913 1.974837749315868 -1.2669731999285918 -1.4683114708135243 0.99378656115541153 0.33045533794687071 -0.32065978425843294 -0.55560426925829554 -1.492594734278091 0.58832251042775296 1.1520879352820346
decision_type=2 2 2 2 2 2 2 2 2 2 2 2 2 2 2 2 2 2 2 2 2 2 2 2 2 2 2 2 2 2
left_child=1 6 5 9 28 21 -1 23 -8 10 -3 -7 22 -12 16 -16 -11 18 -13 -19 -14 -2 -9 24 -5 -25 -23 -28 -4 -30
right_child=2 3 4 7 -6 11 8 12 -10 14 13 17 20 -15 15 -17 -18 19 -20 -21 -22 26 -24 25 -26 -27 27 -29 29 -31
leaf_value=0.01197967043318632 0.0036764860573687231 0.005156340368442534 -0.010177981755180246 0.0018179804267048113 -0.013488389749474928 -0.0077957565679956124 0.012930187391625549 -0.002695960246994587 0.00861455366450058 0.0059812780699255086 -0.016758835649755256 -0.0032045536877612565 -0.0029765900785041067 -0.00064556327358930511 -0.0015474465931553825 0.0058786699816281663 0.0020261382659164033 -0.003806996731277202 -0.010239387200013352 -0.00876932578006487 0.0055439187007753511 -0.0054395812300971668 0.0075017135982526984 0.0022308783480999169 0.00633403810955216 -0.0056952522259901914 0.0039771445063101806 -0.0020601963953873446 -0.0062248037891839605 -0.0099120671929763295
leaf_weight=281.01124654710293 20.227095365524292 11.613286256790163 497.47766344249249 255.53717811405659 243.0395417958498 95.187341898679733 54.784281566739082 9.9813171029090899 683.98585377633572 387.66845110058784 4.9778614193201065 264.38483658432961 130.19205690920353 6.7055151760578138 42.714829117059708 44.093341156840324 70.162619844079018 59.511339738965034 18.768140956759453 70.882320672273636 10.226284563541411 49.19075171649456 15.966856911778448 20.225098699331284 50.16906501352787 19.466536894440651 19.724012479186058 198.44424436986446 97.629793733358383 97.24413950741291
leaf_count=1189 81 47 2081 1024 1050 389 230 40 2828 1567 20 1066 522 27 172 178 283 242 77 291 41 198 64 81 201 78 79 796 408 406
internal_value=0 0.00623046 -0.00755377 0.0028783 -0.0106042 -0.00396849 0.00977798 0.000939366 0.00893764 0.00462323 -0.00124354 -0.00518243 -0.00141907 -0.00767967 0.0048762 0.00221549 0.00537791 -0.00457676 -0.00367782 -0.00651685 -0.00234544 -0.00181651 0.00354536 0.00207832 0.0025642 -0.00163586 -0.00223705 -0.00150822 -0.00958849 -0.00807406
internal_weight=3831.19 2099.48 1731.71 1079.7 935.391 796.32 1019.78 511.764 738.77 567.936 23.2967 508.734 166.367 11.6834 544.639 86.8082 457.831 413.547 283.153 130.394 140.418 287.586 25.9482 345.398 305.706 39.6916 267.359 218.168 692.352 194.874
internal_count=15756 8592 7164 4345 3945 3219 4247 2051 3058 2294 94 2065 667 47 2200 350 1850 1676 1143 533 563 1154 104 1384 1225 159 1073 875 2895 814
is_linear=0
shrinkage=0.01


Tree=37
num_leaves=31
num_cat=0
split_feature=13 14 13 4 13 13 4 18 9 5 20 24 26 7 15 17 4 9 15 29 23 7 7 13 20 23 16 10 7 29
split_gain=1770.34 307.996 116 50.4258 19.1903 18.3075 15.8005 13.3308 12.8741 10.4213 10.0475 9.84332 12.2349 9.70421 9.26105 8.30527 8.05132 10.9389 7.94061 7.91986 8.06733 7.89606 12.0887 14.1877 7.79297 7.43582 6.87766 6.86924 13.9458 6.40835
threshold=0.066292827128768092 -0.76157425996426065 0.88622533803942172 -0.39702771124863034 1.6238370959892461 -1.2280265127299848 0.47264445685204176 -0.35628916455580112 0.91337706774660166 1.3729838890386648 -1.4970100676597846 -0.41831477174283876 -0.87061029762981124 -0.22753298711905356 -1.1682280271607357 -1.5039790479353716 0.83346288679121738 -0.14663577485080742 1.3195207661089718 -0.2008876802843727 0.81447313015902922 -1.4784614242221701 -1.8146858698597368 1.1454690704514043 -1.0225583380549488 -1.9284315868749891 2.3082959666201797 -2.4405923957375211 -1.6543033131846168 0.7818723091491081
decision_type=2 2 2 2 2 2 2 2 2 2 2 2 2 2 2 2 2 2 2 2 2 2 2 2 2 2 2 2 2 2
left_child=1 5 6 8 21 -1 9 14 10 27 -3 24 -13 16 -5 -7 17 -8 -16 -10 -21 22 -4 -24 -9 -12 -17 -2 -29 -11
right_child=2 3 4 7 -6 15 13 11 19 29 25 12 -14 -15 18 26 -18 -19 -20 20 -22 -23 23 -25 -26 -27 -28 28 -30 -31
leaf_value=0.011893638084427241 -0.011723862991125402 0.011147616830292566 -0.013720916489985172 0.010425307824738637 -0.013328099871257649 0.01279358362060719 -0.0040766692345453135 0.0094099707641253499 0.0045045184810005032 -0.011197858491292437 -0.0037266608296608402 -0.0087211281799330718 -0.0010336505813472419 -0.0080116580924587903 0.0013510682652093312 0.0086808544866280018 -0.010080149868579748 0.011131154498559184 0.0081470020471772729 -0.0093008632216688685 0.003104241570423319 -0.010188147176645113 -0.0065265538342302908 0.011980497750058336 0.0008465223104646626 0.0048299823717069786 -0.00034569125442772885 0.0069603413644081045 -0.0036577662099801394 -0.0023190920639435965
leaf_weight=280.2182040065527 9.874339282512663 25.2348812520504 9.2166640460491198 13.229877799749373 242.80528274178505 51.497786849737167 92.485417380928993 11.449205815792082 14.951239287853239 30.484802141785622 10.173163935542105 22.446191698312759 262.46136525273323 266.13179571926594 236.62146751582623 677.52702680230141 21.588020697236061 4.8579144477844229 18.541479542851448 14.457438617944719 7.9764967858791342 505.49814157187939 10.994679838418962 6.5050592869520178 140.21608202159405 481.2531758248806 8.3242941200733167 12.706567943096159 324.90394526720047 11.573896303772925
leaf_count=1189 40 103 38 53 1051 217 377 46 60 124 41 90 1052 1100 949 2806 90 20 75 58 32 2122 45 27 562 1944 34 51 1313 47
internal_value=0 0.00561178 -0.00824446 0.00230372 -0.0109811 0.00970316 -0.00550399 0.000527753 0.00456114 -0.00407589 0.00497148 -0.000548618 -0.00164566 -0.00694467 0.00228188 0.00886785 -0.00454394 -0.00329682 0.00185181 -0.00108114 -0.00485159 -0.00990621 -0.00451631 0.000325111 0.00150534 0.00465009 0.00856981 -0.00350012 -0.00325323 -0.00878958
internal_weight=3826.21 2276.58 1549.63 1259.01 775.02 1017.57 774.607 704.966 554.046 389.544 516.661 436.573 284.908 385.063 268.393 737.349 118.931 97.3433 255.163 37.3852 22.4339 532.215 26.7164 17.4997 151.665 491.426 685.851 347.485 337.611 42.0587
internal_count=15756 9311 6445 5065 3283 4246 3162 2827 2238 1575 2088 1750 1142 1587 1077 3057 487 397 1024 150 90 2232 110 72 608 1985 2840 1404 1364 171
is_linear=0
shrinkage=0.01


Tree=38
num_leaves=31
num_cat=0
split_feature=4 14 0 0 4 0 0 20 19 7 26 11 19 20 21 17 18 1 1 17 9 26 19 24 26 8 23 21 0 24
split_gain=1737.59 242.009 183.906 34.7232 25.9197 19.8271 18.1724 14.6446 9.61084 8.85816 8.83425 8.54367 8.85783 7.29966 7.67743 7.11224 6.62053 6.37686 9.76237 9.38137 6.37208 5.84926 5.75032 7.61057 7.01534 5.72434 8.37985 6.90283 5.72335 5.50654
threshold=-0.069633975157258859 -0.76157425996426065 0.71556928069885861 -0.3603992642560227 1.3299579684881662 0.10872657857039149 -1.2044007760984523 0.52683416358168189 -0.9888893457164204 1.0452317575028809 0.59057968910627012 1.1735587172130433 1.7349504018573561 -0.10146716290188348 -1.1011291179209792 -1.5039790479353716 -0.018336737296929678 1.6381189509688483 1.4473979554129517 1.510682075347066 0.72091480992890122 0.059865194848650445 -1.3792723007190479 0.54815185874145878 -0.31504866173682683 -1.4435751011599622 -1.2486664312020521 -0.77920621004090684 -1.3968135513546232 0.4645466550171124
decision_type=2 2 2 2 2 2 2 2 2 2 2 2 2 2 2 2 2 2 2 2 2 2 2 2 2 2 2 2 2 2
left_child=1 6 5 8 22 25 28 9 13 10 -5 12 -10 14 -3 -8 -9 18 19 -7 -20 -13 23 24 -4 -2 -27 -28 -1 -19
right_child=2 3 4 7 -6 17 15 16 11 -11 -12 21 -14 -15 -16 -17 -18 29 20 -21 -22 -23 -24 -25 -26 26 27 -29 -30 -31
leaf_value=0.013870672648045432 -0.0055486372460741874 0.0014354368678941081 -0.0072659672801378529 0.0032612869175020708 -0.012273744441112341 -0.0047037033138558684 0.012559842648070904 0.0017293386755875453 0.0036334525804863783 -0.009466591790621667 -0.00072340610542789689 0.014158767872069978 -0.0072239576337856581 -0.0010857853671657727 0.0088351687522583138 0.0084512554627780602 -0.0030594062243167403 -0.012365981159267856 -0.0015909065951260238 -0.016066048483652527 0.012260476153536355 0.0032174132643162661 -0.0091321879956541823 -0.013234171068954633 0.0060127659356103468 0.007430193419801734 0.0029433464492693161 -0.0021708364599583524 0.010765743625535909 -0.0029865515256761307
leaf_weight=87.945655003190041 29.306535109877586 17.015741258859634 7.2824745923280725 217.39849320054054 425.36734744906425 513.33112673461437 46.617671310901642 38.43208272755146 483.03726330399513 6.4784406572580329 74.212306916713715 12.958079591393473 7.4826280176639548 10.17033566534519 91.011444792151451 657.22309790551662 112.75459645688534 20.415006339550022 8.6202383637428266 7.3674037903547278 5.1841787099838248 8.3588255941867811 483.58869116008282 6.0379905551671973 8.5249322503805161 11.488440319895743 31.410292103886604 158.87011583149433 223.73686291277409 9.5721337795257551
leaf_count=378 118 69 30 871 1832 2084 197 154 1948 26 297 53 30 41 371 2726 452 83 35 30 21 34 2023 25 35 46 126 637 945 39
internal_value=0 0.00612136 -0.00742806 0.00282269 -0.010446 -0.00389495 0.00962561 0.000695762 0.00433746 0.00198294 0.00224389 0.00373832 0.00346435 0.00691817 0.00768126 0.00872655 -0.00183515 -0.00490561 -0.00464847 -0.00486944 0.00358976 0.00995017 -0.00890375 -0.00378268 -4.91042e-05 -0.00142063 -0.000813637 -0.00132026 0.0116492 -0.00942511
internal_weight=3821.2 2094.83 1726.37 1079.31 930.801 795.565 1015.52 449.276 630.034 298.089 291.611 511.837 490.52 118.198 108.027 703.841 151.187 564.49 534.503 520.699 13.8044 21.3169 505.434 21.8454 15.8074 231.075 201.769 190.28 311.683 29.9871
internal_count=15756 8592 7164 4346 3945 3219 4246 1800 2546 1194 1168 2065 1978 481 440 2923 606 2292 2170 2114 56 87 2113 90 65 927 809 763 1323 122
is_linear=0
shrinkage=0.01


Tree=39
num_leaves=31
num_cat=0
split_feature=13 0 0 0 0 13 0 17 1 6 16 15 16 19 26 0 29 25 22 11 22 7 21 19 29 10 10 6 21 26
split_gain=1705.9 303.599 118.679 30.8967 28.9887 25.7485 15.0086 10.6952 9.46594 8.97462 10.9181 8.77325 9.24993 7.80352 7.78406 8.8225 8.76333 8.34661 7.69379 10.4546 8.70355 7.33567 7.26509 7.03904 6.97551 6.68919 6.60306 9.48778 7.12693 6.45799
threshold=0.066292827128768092 -0.65374491649275401 0.71556928069885861 -0.3603992642560227 -0.83258579475241201 1.3356645400587623 -1.3466384822541688 1.0282621212496694 1.5061275605708768 -0.72060071150768945 0.34841124553285241 -1.1028464351353644 0.64952124006657275 -1.3792723007190479 -0.88295768276908804 0.54571841607728444 1.632432623888074 1.0422657853440109 -0.33785122369709913 -2.0298589480618485 -1.6952643043878195 -1.6543033131846168 1.3085031396383926 0.36880990445331868 1.2048896283552295 0.67288682663302046 -1.3967127613426431 -0.41694672608122879 -0.43071480135737522 1.5923691714116048
decision_type=2 2 2 2 2 2 2 2 2 2 2 2 2 2 2 2 2 2 2 2 2 2 2 2 2 2 2 2 2 2
left_child=1 4 14 9 6 13 -1 11 24 10 25 23 -13 -4 21 16 29 -18 20 -20 -17 -2 -6 -5 -9 -3 28 -28 -11 -16
right_child=2 3 5 7 22 -7 -8 8 -10 26 -12 12 -14 -15 15 18 17 -19 19 -21 -22 -23 -24 -25 -26 -27 27 -29 -30 -31
leaf_value=0.012812475933996842 0.003779638406116352 -0.012830781816105863 -0.0021171658245830211 0.0056003367641163319 0.0067085115356655834 -0.012169076306373821 0.009284790490073835 -0.0038833433568693124 0.00099355925455945661 0.0034495605933375474 0.0053846322988840142 0.00095373636546019624 -0.0026589725720794562 -0.0090472647550229792 -0.0032352327449041325 -0.015399347356938927 0.014654931998939658 -0.0012141233972968765 0.0046153991102359498 -0.009701670252523267 -0.002383928281413854 -0.0074192119188222884 0.00115833139365901 -0.0024329738042217913 -0.013536061682950618 -0.0015139632187576222 0.0051808931632531729 0.0019200671507680436 0.014735297192387219 -0.0087025576624932491
leaf_weight=146.5483026355505 5.9603970199823371 6.738701835274699 17.282814338803291 56.915446773171425 262.59281678497791 430.08677743375301 761.41503001749516 47.903385400772095 37.661392062902451 11.098443850874903 20.083290830254555 377.60926404595375 87.078209400177002 481.08311650156975 318.74651783704758 5.642061010003089 4.9835903644561759 9.203095614910124 5.3757693022489539 65.266711264848709 53.750559106469154 123.48993521928787 26.448916897177696 13.234411075711249 8.9786503314971906 23.452676489949226 219.3546748906374 152.73387064039707 11.97852937877178 23.403645068407059
leaf_count=630 24 27 71 228 1071 1857 3183 192 151 45 81 1513 349 2017 1286 23 20 37 22 269 219 504 107 53 36 94 886 616 49 96
internal_value=0 0.00551219 -0.00810928 0.00165298 0.00897621 -0.0103679 0.00985662 0.000224803 -0.00287167 0.00366815 -0.000292293 0.000774472 0.00027417 -0.00880942 -0.00470125 -0.00411447 -0.00329337 0.00435402 -0.00635258 -0.00859305 -0.00366096 -0.00689333 0.00620467 0.00406924 -0.00544563 -0.0041069 0.00417449 0.00384596 0.00938908 -0.00361456
internal_weight=3816.1 2271.83 1544.27 1074.82 1197.01 928.453 907.963 629.381 94.5434 445.44 50.2747 534.837 464.687 498.366 615.822 486.372 356.337 14.1867 130.035 70.6425 59.3926 129.45 289.042 70.1499 56.882 30.1914 395.166 372.089 23.077 342.15
internal_count=15756 9311 6445 4320 4991 3945 3813 2522 379 1798 202 2143 1862 2088 2500 1972 1439 57 533 291 242 528 1178 281 228 121 1596 1502 94 1382
is_linear=0
shrinkage=0.01


Tree=40
num_leaves=31
num_cat=0
split_feature=12 14 0 0 2 2 2 7 22 19 9 9 8 11 6 8 2 7 27 2 7 16 23 11 23 9 23 28 23 23
split_gain=1674.51 234.528 178.685 33.3814 26.5642 19.1854 17.9778 13.8827 9.98315 8.52631 8.12588 8.82363 8.07926 7.76666 8.97912 7.31138 6.69911 6.62643 7.48535 8.96672 8.04283 6.60129 6.38585 6.24869 6.16935 6.15468 6.00977 6.48432 5.87212 6.37225
threshold=-0.069633975157258859 -0.76157425996426065 0.71556928069885861 -0.39386497851600016 1.6417879253725467 0.1667542376163291 -1.3706774009881311 0.64081901739303027 -0.43436500035745479 1.7349504018573561 0.89568355188792215 1.1515709624933257 1.2704508292215964 -0.12018827658828486 -0.25451453371429361 0.96378112969195773 -0.52404980973628568 0.64081901739303027 0.7807197740962516 0.5727970377899525 -0.62694142955024723 2.3082959666201797 -1.2669731999285918 0.19534344525382427 1.3688935315371717 0.82748318455330738 -0.55560426925829554 -1.492594734278091 0.58832251042775296 1.1520879352820346
decision_type=2 2 2 2 2 2 2 2 2 2 2 2 2 2 2 2 2 2 2 2 2 2 2 2 2 2 2 2 2 2
left_child=1 6 5 10 28 22 -1 9 -9 12 13 -12 -5 16 -15 25 -3 18 20 -20 -7 23 -2 -17 -10 -8 -24 -28 -4 -30
right_child=2 3 4 7 -6 17 15 8 24 -11 11 -13 -14 14 -16 21 -18 -19 19 -21 -22 -23 26 -25 -26 -27 27 -29 29 -31
leaf_value=0.013193388020683759 0.0036340245305673882 0.0073105388463171796 -0.0098716965960946642 0.0019360413061882359 -0.013171810601364336 -0.0075787094121358457 0.0095314694651137191 -0.0055553071778395944 0.00085892839529888663 -0.010001458114424502 -0.0058652156368524432 0.0065730414535137768 0.012406498498032908 0.0031292526316741833 0.010078006845665734 0.014734465812764354 0.0038516372827951516 -0.0068015536714451609 2.967717338927266e-05 -0.0068665004338489015 -0.0038682033987063658 -0.0038800023752255481 -0.005329978173735709 0.0069367733200170712 -0.0075724949027058943 0 0.0039920317026621152 -0.0019942269765666383 -0.005918943565215419 -0.0096089488054847579
leaf_weight=116.55338433384895 20.221185907721519 152.70850199460983 493.20340724289417 349.79096096754074 239.54679501056671 89.233697086572647 711.82811756432056 45.587568864226341 92.560820803046227 5.7333979010581961 15.189663752913477 8.9588784426450712 7.4736523330211631 279.56636768579483 20.022527620196342 11.268429413437842 91.582713097333908 146.45797492563725 69.321319192647934 25.653070420026779 176.73517122864723 5.1118873059749594 49.138287141919136 159.76371447741985 9.4729437679052335 6.8521231263875952 19.719416096806526 198.35234506428242 96.886704981327057 96.444090232253075
leaf_count=504 81 621 2081 1402 1050 363 2982 183 371 23 61 36 30 1129 81 47 371 598 280 105 719 21 198 664 38 28 79 796 408 406
internal_value=0 0.00601467 -0.00730498 0.00276929 -0.0102907 -0.00382409 0.00947431 0.000911093 -0.00167011 0.00196372 0.00443746 -0.00120142 0.00216128 0.00468985 0.00360021 0.00898736 0.00602002 -0.0049944 -0.00425667 -0.00182776 -0.00511923 0.00712775 -0.00175366 0.00746468 5.97054e-05 0.00944069 -0.00216632 -0.00144675 -0.00928222 -0.00776891
internal_weight=3810.94 2090.03 1720.91 1078.65 926.081 794.832 1011.38 510.619 147.621 362.998 568.029 24.1485 357.265 543.88 299.589 894.824 244.291 507.401 360.943 94.9744 265.969 176.144 287.431 171.032 102.034 718.68 267.21 218.072 686.534 193.331
internal_count=15756 8592 7164 4346 3945 3219 4246 2047 592 1455 2299 97 1432 2202 1210 3742 992 2065 1467 385 1082 732 1154 711 409 3010 1073 875 2895 814
is_linear=0
shrinkage=0.01


Tree=41
num_leaves=31
num_cat=0
split_feature=13 0 0 0 0 13 0 17 1 6 16 15 24 19 26 0 29 25 22 11 22 7 21 19 29 26 11 11 1 14
split_gain=1644.14 293.799 115.513 29.6559 28.2772 25.4531 14.7665 10.4415 9.28919 8.77843 10.7083 8.57119 11.4041 7.70298 7.69851 8.58886 8.53359 8.1669 7.5805 10.2808 8.57516 7.17953 7.1244 6.88832 6.85394 6.33458 6.28416 7.47762 6.0861 5.87092
threshold=0.066292827128768092 -0.65374491649275401 0.71556928069885861 -0.3603992642560227 -0.83258579475241201 1.3356645400587623 -1.3466384822541688 1.0282621212496694 1.5061275605708768 -0.72060071150768945 0.34841124553285241 -1.1028464351353644 -1.0781286087754902 -1.3792723007190479 -0.88295768276908804 0.54571841607728444 1.632432623888074 1.0422657853440109 -0.33785122369709913 -2.0298589480618485 -1.6952643043878195 -1.6543033131846168 1.3085031396383926 0.36880990445331868 1.2048896283552295 1.5923691714116048 0.36363532904670165 -0.10409900682703607 -0.42558623387072275 -0.45726127700065849
decision_type=2 2 2 2 2 2 2 2 2 2 2 2 2 2 2 2 2 2 2 2 2 2 2 2 2 2 2 2 2 2
left_child=1 4 14 9 6 13 -1 11 24 10 28 23 -13 -4 21 16 25 -18 20 -20 -17 -2 -6 -5 -9 -16 27 -24 -3 -11
right_child=2 3 5 7 22 -7 -8 8 -10 29 -12 12 -14 -15 15 18 17 -19 19 -21 -22 -23 26 -25 -26 -27 -28 -29 -30 -31
leaf_value=0.012646786567826118 0.0037606176505536027 -0.0096058451482557115 -0.0020090440410993867 0.0055366748338448492 0.0065927429424664213 -0.01201206901566035 0.0091367112530795231 -0.003839626073530571 0.0009907472999735737 0.005226887892928779 0.0053037179931587439 0.0040564247357208188 -0.00037558176610429718 -0.0088999825819918183 -0.0031638529307554137 -0.01523895051621545 0.014507828692944936 -0.001185527313776332 0.0046263774262462571 -0.0095726992591208641 -0.0023033209051152564 -0.0073188120288821112 0.003921622652917363 -0.0024100161027540267 -0.013410786552096796 -0.0085842187191243844 0.0082264008856355458 -0.0088537358767721216 -0.00038793704981838193 0.00276016652448696
leaf_weight=145.55295087397099 5.9592353254556647 11.979345709085466 17.250905081629753 56.905344292521477 262.11548060178757 427.27896589040756 758.45813712477684 47.894385382533073 37.658760637044907 213.46011753380299 20.067027315497398 67.868503704667091 396.77598537504673 479.15865841507912 318.51852110028267 5.6256177276372901 4.9870440661907187 9.2010615617036802 5.3750287145376197 65.089713215827942 53.690095439553261 123.28519947826862 9.3676524162292498 13.233579114079474 8.973370745778082 23.35178816318512 8.3742988705635053 8.6878349035978335 18.210915207862854 181.37793213129044
leaf_count=630 24 48 71 228 1071 1857 3183 192 151 864 81 272 1590 2017 1286 23 20 37 22 269 219 504 38 53 36 96 34 35 73 732
internal_value=0 0.00541498 -0.00797771 0.00162081 0.00883199 -0.0102144 0.0097043 0.000221769 -0.00283802 0.00359615 -0.000321216 0.000764906 0.000270363 -0.00866298 -0.00461604 -0.00403232 -0.00322217 0.00432355 -0.00624313 -0.00847041 -0.00357057 -0.00679772 0.00609314 0.00402179 -0.00538834 -0.00353942 0.00109448 -0.00218538 -0.00409821 0.00409726
internal_weight=3805.73 2266.96 1538.77 1074.41 1192.56 923.689 904.011 629.31 94.5265 445.095 50.2573 534.783 464.644 496.41 615.083 485.839 356.058 14.1881 129.78 70.4647 59.3157 129.244 288.545 70.1389 56.8678 341.87 26.4298 18.0555 30.1903 394.838
internal_count=15756 9311 6445 4320 4991 3945 3813 2522 379 1798 202 2143 1862 2088 2500 1972 1439 57 533 291 242 528 1178 281 228 1382 107 73 121 1596
is_linear=0
shrinkage=0.01


Tree=42
num_leaves=31
num_cat=0
split_feature=13 0 0 0 0 13 0 0 7 17 1 26 6 16 24 7 28 6 22 26 29 25 7 29 6 26 10 14 10 6
split_gain=1613.95 288.999 114.025 29.0831 27.9333 18.3263 16.8571 14.6449 11.1935 10.2355 9.10854 9.02664 8.61036 10.4995 8.04824 7.61044 7.56515 7.52889 7.5722 7.29936 7.05272 9.03832 6.94152 6.72567 6.68028 8.03289 6.57401 6.44271 6.43792 9.24201
threshold=0.066292827128768092 -0.65374491649275401 0.85938272918867475 -0.3603992642560227 -0.83258579475241201 1.6238370959892461 0.54571841607728444 -1.3466384822541688 -0.16609151014886112 1.0282621212496694 1.5061275605708768 -0.89895099986394589 -0.72060071150768945 0.34841124553285241 -1.0781286087754902 0.83143392173653774 -1.7918079738412511 0.79027588591860576 -0.3806118839672944 -1.227287585290834 1.632432623888074 1.0422657853440109 -1.9536770097069749 1.2048896283552295 -0.80050571858446806 1.0706239831438646 0.67288682663302046 -0.73373924810077928 -1.3967127613426431 -0.41694672608122879
decision_type=2 2 2 2 2 2 2 2 2 2 2 2 2 2 2 2 2 2 2 2 2 2 2 2 2 2 2 2 2 2
left_child=1 4 6 12 7 -4 11 -1 17 14 23 19 13 26 16 -16 -5 -8 -19 -2 -13 -22 -6 -11 27 -26 -3 -24 -14 -30
right_child=2 3 5 9 22 -7 8 -9 -10 10 -12 20 28 -15 15 -17 -18 18 -20 -21 21 -23 24 -25 25 -27 -28 -29 29 -31
leaf_value=0.0125647077566555 -0.0043872177008773975 -0.01270456418001335 -0.0095789297375552373 -0.0038383883429226923 0.013075438181801447 -0.01294069388175606 0.002121297256349491 0.0090634582973835483 -0.0084911262835794948 -0.003801700127872691 0.00098083610956124605 -0.0034882707963372001 0.0092141869389917117 0.005253524173941369 0.00087082698562212623 -0.0024414873416497081 0.0050588809201651879 -0.0017764645063689697 -0.0077053110161663654 -0.0098052089949703779 0.014356490644746865 -0.002017330528348842 0.0064378371005212511 -0.013285924693074888 0.00529380376941593 -0.0013248617528787943 -0.0014864352151202406 0.012878280793375952 0.0050522769852985724 0.0018324083101912548
leaf_weight=145.04195973277092 64.799146711826324 6.7403717935085323 535.45911064743996 10.984649062156675 13.5327812731266 238.44313123822212 14.866136744618414 756.95066720247269 190.03545393049717 47.889482945203781 37.659906387329102 342.72724968194962 23.01172111928463 20.05717097222805 373.41260050237179 85.016970410943031 65.356322169303894 35.138427808880806 58.027565017342567 41.782672360539436 4.9902559816837302 9.6935555636882764 73.420056283473969 8.9680915772914869 160.49527353048325 20.39672127366066 23.453228652477264 20.448350578546524 219.05288019776344 152.61017522215843
leaf_count=630 264 27 2274 44 56 1051 61 3183 792 192 151 1386 94 81 1496 341 262 145 242 171 20 39 302 36 654 83 94 83 886 616
internal_value=0 0.00536673 -0.00791254 0.00160488 0.00876049 -0.0106175 -0.00516316 0.0096289 -0.00702359 0.000219512 -0.00281009 -0.00396461 0.00356156 -0.00031813 0.00075727 0.00025397 0.00376223 -0.00442739 -0.00548422 -0.00652778 -0.00319585 0.0035391 0.00603758 -0.00533589 0.00568267 0.00454166 -0.00405743 0.00786368 0.00405802 0.00373369
internal_weight=3800.46 2264.5 1535.96 1074.21 1190.29 773.902 762.06 901.993 298.068 629.288 94.5175 463.993 444.926 50.2508 534.771 458.43 76.341 108.032 93.166 106.582 357.411 14.6838 288.293 56.8576 274.76 180.892 30.1936 93.8684 394.675 371.663
internal_count=15756 9311 6445 4320 4991 3325 3120 3813 1240 2522 379 1880 1798 202 2143 1837 306 448 387 435 1445 59 1178 228 1122 737 121 385 1596 1502
is_linear=0
shrinkage=0.01


Tree=43
num_leaves=31
num_cat=0
split_feature=12 0 0 0 12 0 0 7 28 19 17 8 15 25 19 5 10 1 1 17 9 27 29 18 7 10 0 19 24 26
split_gain=1584.68 223.654 171.15 31.5934 25.1657 18.0788 17.6379 13.4179 8.34542 8.30397 7.94264 7.93778 7.80419 7.04383 6.46372 11.5472 7.01507 6.2257 9.6123 9.21113 6.2567 6.16849 7.25633 6.89177 5.73544 5.70086 5.69825 5.52083 7.48112 6.90698
threshold=-0.069633975157258859 -0.7692932016384707 0.71556928069885861 -0.39386497851600016 1.3299579684881662 0.10872657857039149 -1.2044007760984523 0.64081901739303027 -1.7072640466508056 1.7349504018573561 -1.5039790479353716 1.2704508292215964 -0.43527509362116873 2.3472329065325312 0.91083349021805671 0.80627224092108307 -1.3967127613426431 1.6381189509688483 1.4473979554129517 1.510682075347066 0.72091480992890122 -1.1360151301061294 -1.2895327844685314 -0.40910327754702064 1.6725080510490888 -0.88431143343178531 -1.3968135513546232 -1.3792723007190479 0.54815185874145878 -0.31504866173682683
decision_type=2 2 2 2 2 2 2 2 2 2 2 2 2 2 2 2 2 2 2 2 2 2 2 2 2 2 2 2 2 2
left_child=1 6 5 8 27 -2 24 9 12 11 -8 -5 -3 25 16 -16 -10 18 19 -7 -20 22 -9 -23 26 -12 -1 28 29 -4
right_child=2 3 4 7 -6 17 10 21 14 -11 13 -13 -14 -15 15 -17 -18 -19 20 -21 -22 23 -24 -25 -26 -27 -28 -29 -30 -31
leaf_value=0.013685136401529146 -0.0013589781088212513 -0.0068053357788223643 -0.0069944523260898851 0.0018975129098153627 -0.011883124217260222 -0.004490535415500773 0.012289597760545468 6.472823438727823e-05 0.0099919864669388188 -0.009886160327925388 0.010876938954278461 0.012279051757139873 0.0039284880318462296 -0.001327612309573407 -0.0049449467154909213 0.0039717692119219461 0.0047471726912277027 -0.0091632656885872882 -0.0013938268863135468 -0.015777372354635225 0.012340095224070176 0.0035148577717677722 0.013630660528162109 -0.0034281907941674907 0.00079178172190901258 0.0078326097678986691 0.010544875790007071 -0.0087657624145523177 -0.012925802739379742 0.0062105431666964741
leaf_weight=85.681115701794624 230.94608414173126 12.637280076742174 7.2406655699014673 349.7206534743309 418.36391241848469 511.76835729181767 49.178574606776237 18.214644998312 27.550066709518433 5.7294217348098746 72.006144717335701 7.4688309729099265 14.285277530550955 7.682742327451705 18.322397708892822 67.49510383605957 425.62471684813499 29.859633430838585 8.5962636321783048 7.3267663121223441 5.1782727092504492 16.228044345974922 4.9866677075624457 109.15234673023224 5.3623790740966788 568.99065460264683 216.31811058521271 478.74990057945251 5.9874629974365225 8.4983566105365753
leaf_count=375 927 51 30 1402 1832 2084 210 73 113 23 301 30 58 32 74 273 1725 122 35 30 21 65 20 438 23 2381 925 2023 25 35
internal_value=0 0.00585928 -0.00712595 0.00269225 -0.0100646 -0.00372176 0.00925217 0.000888329 0.00432051 0.00192579 0.00836446 0.00212077 -0.00107943 0.00806349 0.00459224 0.00205283 0.00507036 -0.00468926 -0.00443501 -0.00465478 0.00374883 -0.00163858 0.00306936 -0.00251949 0.0112611 0.0081778 0.0114434 -0.00854038 -0.00351082 6.67042e-05
internal_weight=3795.15 2082.64 1712.52 1077.42 918.84 793.675 1005.22 511.501 565.915 362.919 697.858 357.189 26.9226 648.68 538.992 85.8175 453.175 562.729 532.87 519.095 13.7745 148.582 23.2013 125.38 307.362 640.997 301.999 500.476 21.7265 15.739
internal_count=15756 8592 7164 4345 3945 3219 4247 2051 2294 1455 2924 1432 109 2714 2185 347 1838 2292 2170 2114 56 596 93 503 1323 2682 1300 2113 90 65
is_linear=0
shrinkage=0.01


Tree=44
num_leaves=31
num_cat=0
split_feature=4 0 0 2 0 2 2 7 9 6 16 29 0 7 22 23 14 18 7 10 10 10 26 10 7 14 26 23 29 18
split_gain=1555.47 271.361 119.076 27.6429 26.4651 26.1565 14.3279 11.7062 11.0304 8.45202 10.2956 7.74882 7.57928 8.14198 7.14475 6.78283 9.9191 6.65521 6.60542 6.43681 6.23852 10.4605 9.0015 6.04853 7.57386 9.49481 7.27797 6.04124 6.53351 5.90142
threshold=0.048248647368652704 -0.65374491649275401 0.71556928069885861 -0.86088341718025208 -0.3603992642560227 1.6417879253725467 -1.3706774009881311 0.81380020644034456 0.81292707512926776 -0.72060071150768945 0.34841124553285241 -1.607733817043496 0.54571841607728444 -0.19526446864514654 -0.097045033374803302 -1.1949359163774902 -0.95751173184489191 0.081450901708241333 -1.9536770097069749 0.67288682663302046 0.7012995026997858 0.23434892411033417 -0.22108920384730754 -2.4405923957375211 -1.6543033131846168 0.19315522465421045 -0.88295768276908804 -1.3063168754047563 1.7579785137595749 1.5875935454347225
decision_type=2 2 2 2 2 2 2 2 2 2 2 2 2 2 2 2 2 2 2 2 2 2 2 2 2 2 2 2 2 2
left_child=1 3 12 6 9 -4 -1 11 14 10 19 17 23 -14 -9 16 -8 -6 -5 -3 21 -11 -22 -2 25 -25 -26 -20 -29 -10
right_child=2 4 5 18 7 -7 15 8 29 20 -12 -13 13 -15 -16 -17 -18 -19 27 -21 22 -23 -24 24 26 -27 -28 28 -30 -31
leaf_value=0.012873101133577798 -0.010307795534396846 -0.012612911901720343 -0.008988229634790363 0.012311023103031862 0.0020268190598852999 -0.01287366885794256 0.0045225660993293507 -0.012688481346506544 -0.0016805865341759593 0.0034964988550564486 0.0051657784890984781 0.00077999963104362791 -0.0030914502871730309 -0.0080306727250212592 -0.0031400259616905768 0.0093944523088990532 0.012638021728417648 0.01447328926569405 0.010294676105258851 -0.0015112789724405723 0.0052388299946157903 0.0078412480400393732 -0.0067509438758049413 0.009845862399270414 -0.0061295871208568503 -0.0067245975074795633 -0.0030971947502450681 0.0055668208416469467 -0.0038658179863510383 0.0048782125578195638
leaf_weight=114.86542357504368 13.756675705313681 6.7414070963859585 680.45945186913013 16.543669566512108 10.169856473803522 235.92014256119728 67.691377013921738 14.148856967687605 92.237410753965378 300.86412370204926 20.039035394787788 445.84925828874111 51.936816066503525 98.470929056406021 18.434060424566269 661.65690910816193 19.685566961765289 7.6839229315519324 27.290597721934319 23.45074750483036 12.163428768515589 68.655046194791794 12.647281110286711 8.978670194745062 103.21328863501549 5.4300056844949713 356.89371746778488 270.62147097289562 7.3552122116088858 15.968789860606192
leaf_count=504 56 27 2895 69 41 1050 285 57 370 1218 81 1786 213 407 74 2798 83 31 112 94 49 278 51 36 422 22 1443 1110 30 64
internal_value=0 0.0053439 -0.00767992 0.00862158 0.00163781 -0.00999092 0.00955608 0.000273782 -0.00224849 0.00348982 -0.000354611 0.00104207 -0.0043615 -0.00633496 -0.0073431 0.00904443 0.00637472 0.00749002 0.00610764 -0.00405656 0.00398204 0.00430834 -0.00083539 -0.00375037 -0.00355603 0.00352894 -0.00378079 0.00576425 0.00531234 -0.000699813
internal_weight=3789.82 2234.76 1555.06 1185.71 1049.05 916.38 863.899 604.492 140.789 444.561 50.2312 463.703 638.68 150.408 32.5829 749.034 87.3769 17.8538 321.811 30.1922 394.33 369.519 24.8107 488.272 474.516 14.4087 460.107 305.267 277.977 108.206
internal_count=15756 9212 6544 4991 4221 3945 3670 2423 565 1798 202 1858 2599 620 131 3166 368 72 1321 121 1596 1496 100 1979 1923 58 1865 1252 1140 434
is_linear=0
shrinkage=0.01


Tree=45
num_leaves=31
num_cat=0
split_feature=13 0 0 2 0 2 0 2 8 17 1 15 24 10 1 25 25 21 27 27 19 15 1 10 19 23 14 29 7 14
split_gain=1527.47 275.22 110.042 27.3163 27.3106 19.2919 16.0415 14.2196 13.3384 9.95253 8.96123 8.39044 10.9483 7.87722 10.6479 10.1637 9.88015 7.8337 8.35763 8.66245 7.86385 7.11506 7.49553 7.32213 6.7342 6.68627 9.77541 6.5927 6.26281 6.20573
threshold=0.066292827128768092 -0.65374491649275401 0.85938272918867475 -0.86088341718025208 -0.3603992642560227 1.6417879253725467 0.54571841607728444 -1.3706774009881311 -1.7376012907443976 1.0282621212496694 1.5061275605708768 -1.1028464351353644 -1.0781286087754902 0.7012995026997858 -0.28863428222920745 0.74127466022611899 -0.35543693654036701 1.6525938640895823 0.47385042549911 0.572230661933535 -0.71219642646317249 0.63664876417794647 -1.5264649404571036 0.84065105873685975 0.36880990445331868 -1.1949359163774902 -0.95751173184489191 1.2048896283552295 0.719533718155972 -0.67543670889092799
decision_type=2 2 2 2 2 2 2 2 2 2 2 2 2 2 2 2 2 2 2 2 2 2 2 2 2 2 2 2 2 2
left_child=1 3 6 7 13 -4 17 -1 -8 11 27 24 -13 29 16 -16 -15 18 -2 -20 -19 22 -5 -23 -6 26 -9 -11 -24 -3
right_child=2 4 5 21 9 -7 8 25 -10 10 -12 12 -14 14 15 -17 -18 20 19 -21 -22 23 28 -25 -26 -27 -28 -29 -30 -31
leaf_value=0.012794025867125037 -0.0051677074626218771 -0.0011323308411852449 -0.0093304443584812016 0.011538288209922396 0.005467630140529786 -0.012798020742521898 0.0045370498297506185 0.0044819546693625921 -0.0072349581179856313 -0.0037584701600992766 0.00098867812205478685 0.0039675932583437138 -0.00037557111623360472 -0.014464471961638017 0.0063238412314976442 -0.0053400142292753814 -0.00042429831230942147 0.01155716819815839 0.0051671216532853123 -0.0030190309178464393 -0.0015669993915330899 0.010057864716646605 0.0039060401940527417 0.0014289035896290524 -0.0023899372012034926 0.0093210698093908161 0.012548598233656328 -0.013152837444181182 0.0082294079107651172 0.0042994604195404195
leaf_weight=114.422448605299 286.63892440497875 21.987497881054878 532.42642246186733 17.511953517794609 56.889202654361725 234.94696006178856 9.7894197404384595 67.622942000627518 286.98445698618889 47.875740393996239 37.652624428272247 67.848152697086334 396.70855709910393 7.7149800807237652 28.554631099104881 9.9317086637020093 14.425496041774748 5.9460134804248836 14.084306314587591 138.42000782489777 18.252244502305984 64.826198399066925 185.48442922532558 11.958948299288748 13.231307893991469 660.20539881289005 19.628589227795601 8.9599744230508787 41.7180435359478 361.77123539149761
leaf_count=504 1165 89 2275 73 228 1050 40 285 1200 192 151 272 1590 31 115 40 58 24 57 560 74 269 759 49 53 2798 83 36 171 1465
internal_value=0 0.00522632 -0.00772236 0.00855237 0.00155862 -0.0103949 -0.00502193 0.00948289 -0.00684188 0.000216349 -0.00277153 0.000746658 0.00025731 0.0034563 8.95019e-05 0.00328194 -0.00540468 -0.00385285 -0.00415871 -0.00225357 0.00165102 0.00605256 0.00520496 0.00873055 0.00396942 0.00897303 0.00632041 -0.00527753 0.00470755 0.00398543
internal_weight=3784.42 2256.93 1527.49 1183.38 1073.55 767.373 760.115 861.879 296.774 629.166 94.4883 534.677 464.557 444.386 60.6268 38.4863 22.1405 463.341 439.143 152.504 24.1983 321.5 244.714 76.7851 70.1205 747.457 87.2515 56.8357 227.202 383.759
internal_count=15756 9311 6445 4991 4320 3325 3120 3670 1240 2522 379 2143 1862 1798 244 155 89 1880 1782 617 98 1321 1003 318 281 3166 368 228 930 1554
is_linear=0
shrinkage=0.01


Tree=46
num_leaves=31
num_cat=0
split_feature=4 2 2 2 13 2 2 20 2 10 4 23 20 7 26 6 17 26 8 13 3 13 18 6 2 26 7 7 23 2
split_gain=1499.78 209.08 157.221 27.2082 23.2771 21.4614 18.0856 13.6784 10.4312 9.85463 9.06147 16.5338 8.32475 8.06519 8.24249 7.8794 7.43775 7.07595 6.84353 6.79722 7.57745 6.7334 7.56398 6.9759 6.54657 9.30675 8.27204 6.3955 6.25246 6.09662
threshold=-0.069633975157258859 -0.70485824786225915 0.71382723236283507 1.6417879253725467 -1.2201868373435214 -0.37799416502083233 0.1667542376163291 0.52683416358168189 -0.86088341718025208 -1.3967127613426431 -1.0199170013970111 -0.94968947710789797 -1.825797910981324 1.0452317575028809 0.59057968910627012 -0.34605338254914747 -2.0272782034410439 -0.88295768276908804 -1.2477759578190242 1.2850967815328296 -1.0851519182252189 -0.08293602107732613 0.40641591441483033 -0.2817763997937241 0.55626760227784977 1.6309919174789205 -0.23816353550663194 1.6725080510490888 -1.2669731999285918 -0.72290662078099854
decision_type=2 2 2 2 2 2 2 2 2 2 2 2 2 2 2 2 2 2 2 2 2 2 2 2 2 2 2 2 2 2
left_child=1 4 6 16 27 9 28 13 10 -3 11 -6 -11 14 -7 -14 -4 -8 -10 20 -18 23 -23 -9 25 -19 -26 -1 -2 -20
right_child=2 5 3 -5 8 7 17 21 18 12 -12 -13 15 -15 -16 -17 19 24 29 -21 -22 22 -24 -25 26 -27 -28 -29 -30 -31
leaf_value=0.011332444294856008 0.0036666776077362794 0.0098192843876627675 -0.0017245600661327466 -0.012723446771442383 0.0023942486233473163 0.0030601074728967793 -0.0073265490102279408 -0.00086718283902949462 0.010115153556151059 0.015042742488684639 0.0098843466093992364 0.0084573704407547214 0.0038627124767220385 -0.0097301267656542748 -0.00050816902628152247 0.00020104832343865832 -0.0041408659729888584 -0.0029608299984791638 0.0047831099559076272 -0.01042486763128282 -0.0086259027835507082 0.013292066953977839 -0.0017254497780180053 -0.0058098975806804842 -0.0024125278885349473 -0.010475967092893603 -0.0080985461073872569 0.00073857245075997378 -0.0020742817893185926 0.0099860197608748185
leaf_weight=281.58706749975681 20.213717699050903 25.798072516918182 15.136672243475912 233.96628718078136 55.867140203714371 244.75924663245678 92.991117641329765 92.493411600589752 36.888436779379845 6.0612313002347937 272.56804130971432 243.78229069709778 371.83611722290516 5.7202164679765692 87.351540550589561 70.500031098723412 42.725014850497246 271.59114396572113 192.87856394052505 209.69239035248756 415.07845178246498 5.9613492637872678 7.2430910617113113 41.649300083518028 38.788341984152794 17.60374054312706 79.189632654190063 6.037404626607894 266.98391881585121 26.049532279372215
leaf_count=1225 81 106 64 1050 235 982 384 371 154 25 1154 1030 1506 23 350 285 179 1101 794 908 1763 24 29 167 159 73 329 26 1073 106
internal_value=0 0.00570851 -0.00695192 -0.00976775 0.00865223 0.00228367 -0.0036718 0.000802153 0.0077947 0.00379691 0.00855076 0.00733146 0.00344608 0.0019123 0.0021187 0.00328155 -0.00875153 -0.00482122 0.00609695 -0.0089091 -0.00821051 -0.00173592 0.00502823 -0.00241246 -0.00424493 -0.00342521 -0.00624121 0.0111139 -0.0016656 0.00541103
internal_weight=3778.99 2075.03 1703.96 916.599 1115.66 959.374 787.362 485.178 828.034 474.195 572.217 299.649 448.397 337.831 332.111 442.336 682.633 500.164 255.817 667.496 457.803 147.347 13.2044 134.143 407.173 289.195 117.978 287.624 287.198 218.928
internal_count=15756 8592 7164 3964 4724 3868 3200 1946 3473 1922 2419 1265 1816 1355 1332 1791 2914 2046 1054 2850 1942 591 53 538 1662 1174 488 1251 1154 900
is_linear=0
shrinkage=0.01


Tree=47
num_leaves=31
num_cat=0
split_feature=13 0 0 2 0 2 0 2 8 17 1 26 15 24 10 1 25 25 26 21 1 21 26 24 23 14 29 7 14 9
split_gain=1472.47 266.378 107.426 26.6462 26.2273 19.0632 15.5072 14.1003 13.0797 9.69738 8.81553 8.66324 8.20122 10.6791 7.74864 10.4342 9.96815 9.67456 7.1976 7.06558 8.12588 10.3391 6.90796 6.9052 6.51448 9.57775 6.47345 6.21288 6.1068 11.0221
threshold=0.066292827128768092 -0.65374491649275401 0.85938272918867475 -0.86088341718025208 -0.3603992642560227 1.6417879253725467 0.54571841607728444 -1.3706774009881311 -1.7376012907443976 1.0282621212496694 1.5061275605708768 -0.89895099986394589 -1.1028464351353644 -1.0781286087754902 0.7012995026997858 -0.28863428222920745 0.74127466022611899 -0.35543693654036701 -1.227287585290834 1.1211651072806343 -1.1289319327876453 -0.9920777197498406 1.5923691714116048 0.64132428151541654 -1.1949359163774902 -0.95751173184489191 1.2048896283552295 2.2520556661244697 -0.67543670889092799 0.49810119641478806
decision_type=2 2 2 2 2 2 2 2 2 2 2 2 2 2 2 2 2 2 2 2 2 2 2 2 2 2 2 2 2 2
left_child=1 3 6 7 14 -4 11 -1 -8 12 26 18 -6 -14 28 17 -17 -16 -2 20 21 -5 27 -21 25 -9 -11 -13 -3 -30
right_child=2 4 5 19 9 -7 8 24 -10 10 -12 22 13 -15 15 16 -18 -19 -20 23 -22 -23 -24 -25 -26 -27 -28 -29 29 -31
leaf_value=0.0126486289945707 -0.0041704112187536443 -0.0011626666732487414 -0.0091905724050445978 -0.0025648262366075613 0.0039237789003461381 -0.012649918790503475 0.0045441561935140205 0.004388388817498084 -0.0071141803543135571 -0.0037168833794586388 0.00099339108028695432 -0.0024776138264653853 0.0039181676863557346 -0.00037166152677018928 -0.014349384971547618 0.0062271267656367818 -0.0053246168946598574 -0.00045662092512387066 -0.0095597247375190791 -0.00075731191497935377 0.0057757401582704641 0.0124810539727623 -0.0083127693875544237 0.008716810372625906 0.0091753706682892993 0.012391544973673467 -0.01302993394610984 -0.013475986862515029 0.0038433207801464942 0.01233435855949807
leaf_weight=113.57964025437832 64.58383983373642 21.981177881360054 529.91887255012989 5.0639997571706763 70.105633616447449 232.97851654887199 9.7878097742795926 67.459383755922318 286.1223346889019 47.865336805582047 37.649247139692307 328.33912590146065 67.834259077906609 396.67032046616077 7.7196038365364101 28.532212615013123 9.932787671685217 14.422700494527815 41.588943004608154 27.465601906180382 241.49322454631329 36.349613815546036 23.222531378269196 10.498865649104117 657.22404477000237 19.524227410554886 8.9521968364715558 5.1690139770507804 345.40837445855141 16.050866112112999
leaf_count=504 264 89 2275 21 281 1050 40 285 1200 192 151 1328 272 1590 31 115 40 58 171 112 993 152 96 43 2798 83 36 21 1400 65
internal_value=0 0.00513492 -0.00759873 0.00841675 0.00152897 -0.0102498 -0.00493103 0.00933891 -0.00672377 0.000213698 -0.00273596 -0.00378165 0.000737194 0.000253363 0.00338958 5.004e-05 0.00321213 -0.00538784 -0.00629788 0.00594625 0.00649124 0.0106154 -0.0030284 0.00185245 0.00883081 0.00620842 -0.00522214 -0.00265506 0.00391468 0.00422644
internal_weight=3773.49 2251.78 1521.71 1178.66 1073.12 762.897 758.814 857.787 295.91 629.077 94.4668 462.903 534.61 464.505 444.048 60.6073 38.465 22.1423 106.173 320.871 282.907 41.4136 356.731 37.9645 744.208 86.9836 56.8175 333.508 383.44 361.459
internal_count=15756 9311 6445 4991 4320 3325 3120 3670 1240 2522 379 1880 2143 1862 1798 244 155 89 435 1321 1166 173 1445 155 3166 368 228 1349 1554 1465
is_linear=0
shrinkage=0.01


Tree=48
num_leaves=31
num_cat=0
split_feature=12 14 0 0 13 0 0 20 10 21 19 9 27 25 19 17 22 23 3 10 26 1 1 17 9 21 24 21 3 3
split_gain=1445.7 207.695 159.768 28.2569 24.4896 17.0514 16.4662 12.0398 10.0918 9.50839 9.85371 7.99055 8.06075 7.48007 7.41552 7.11491 6.22361 11.2041 7.65094 6.10711 7.25745 6.09398 9.43464 9.07826 6.12324 5.76493 5.48659 5.41707 6.0709 6.51981
threshold=-0.069633975157258859 -0.76157425996426065 0.71556928069885861 -0.39386497851600016 1.3356645400587623 -1.2044007760984523 0.10872657857039149 0.52683416358168189 -1.3967127613426431 1.0578415324592711 0.82344990375890059 -0.05996118266458695 -1.1360151301061294 -0.97753816041458064 -1.3792723007190479 -1.5039790479353716 1.0930989643761766 0.62170633053291879 -0.17171259301552363 -0.88431143343178531 -0.23377131246110197 1.6381189509688483 1.4473979554129517 1.510682075347066 0.72091480992890122 -0.80956045746800565 0.4645466550171124 -1.289532195381818 -1.8170815935770566 -0.19039343122888422
decision_type=2 2 2 2 2 2 2 2 2 2 2 2 2 2 2 2 2 2 2 2 2 2 2 2 2 2 2 2 2 2
left_child=1 5 6 8 14 -1 27 16 25 10 -10 -9 -13 -11 -4 -7 17 -5 -18 -17 -21 22 23 -8 -24 -3 -23 -2 -29 -30
right_child=2 3 4 7 -6 15 21 11 9 13 -12 12 -14 -15 -16 19 18 -19 -20 20 -22 26 24 -25 -26 -27 -28 28 29 -31
leaf_value=0.010897081747550656 0.0042048021564756342 0.003665605293083208 -0.00162994957164076 0.0023801467816414747 -0.011494377934582667 0.011905474785799635 -0.0042832722026974251 0.010980461201773244 0.0049877103741155053 -0.0048992225211304617 0.00088014574811779074 0.0034104229423095097 -0.0027292414504456824 0.002271621347633492 -0.0084124017795548442 0.01065989438363683 0.01032948260471301 -0.0023823374165548774 0.0019305277497574864 0.0059723413206546018 0.0083069655981939817 -0.011860946836893685 -0.0012081685262447437 -0.01551751477496093 0.012386166979064583 0.012860143274758887 -0.002473947378529984 -0.0096578145061695167 0.00029054363207299983 -0.003274174656959537
leaf_weight=302.84694163501263 16.407495126128197 10.993832617998125 17.127074629068375 237.35641467571259 417.0620754212141 45.497066035866737 510.12341490387917 4.9648428261280051 380.54039938747883 18.534190207719803 69.765541732311249 25.183207109570503 135.04995606839657 65.686479195952415 472.21562106907368 66.883198693394661 18.443049252033234 62.091778174042702 27.171958163380623 221.90796391665936 356.88257975876331 20.232245638966564 8.572156295180319 7.2845312505960456 5.1733576953411093 20.065400809049606 9.4928655624389631 9.1781392246484739 109.82570417225361 95.41611322760582
leaf_count=1323 66 45 71 952 1857 197 2084 20 1548 75 282 101 542 266 2017 283 74 249 109 937 1506 83 35 30 21 83 39 37 441 383
internal_value=0 0.00561016 -0.00683865 0.00256365 -0.00970586 0.00890586 -0.00355398 0.000854674 0.00410327 0.00377678 0.00435389 -0.00136128 -0.00175653 0.000677757 -0.00817744 0.00803048 0.00191854 0.00138882 0.00536343 0.00775408 0.00741479 -0.00447979 -0.00422807 -0.00444634 0.00388857 0.00965992 -0.00891504 -0.00129908 -0.00172667 -0.0013626
internal_weight=3767.98 2069.86 1698.11 1075.85 906.405 994.018 791.706 510.261 565.586 534.527 450.306 165.198 160.233 84.2207 489.343 691.171 345.063 299.448 45.615 645.674 578.791 560.879 531.153 517.408 13.7455 31.0592 29.7251 230.827 214.42 205.242
internal_count=15756 8592 7164 4346 3945 4246 3219 2047 2299 2171 1830 663 643 341 2088 2923 1384 1201 183 2726 2443 2292 2170 2114 56 128 122 927 861 824
is_linear=0
shrinkage=0.01


Tree=49
num_leaves=31
num_cat=0
split_feature=12 0 0 2 2 0 2 7 9 13 6 16 29 22 21 16 21 24 18 10 10 7 10 10 6 21 8 18 16 16
split_gain=1419.49 250.174 111.592 26.0691 25.4433 23.8402 13.9748 11.0413 10.881 9.40977 8.08356 9.99137 7.5569 7.00557 6.88288 7.49629 6.759 6.75553 6.54314 6.52563 7.77531 9.22281 6.30779 6.03219 9.02881 7.00495 5.82562 5.75372 5.73698 5.70552
threshold=0.048248647368652704 -0.65374491649275401 0.71556928069885861 -0.86088341718025208 1.6417879253725467 -0.3603992642560227 -1.3706774009881311 0.81380020644034456 0.81292707512926776 -0.015065426716297644 -0.72060071150768945 0.34841124553285241 -1.607733817043496 -0.097045033374803302 1.1211651072806343 -0.54375401512052979 -1.2138530240692484 0.64132428151541654 0.081450901708241333 0.28922728372679335 -2.4405923957375211 -1.6543033131846168 0.67288682663302046 -1.3967127613426431 -0.41694672608122879 -0.43071480135737522 -1.1617522790875823 1.5875935454347225 2.3082959666201797 1.1838070402442662
decision_type=2 2 2 2 2 2 2 2 2 2 2 2 2 2 2 2 2 2 2 2 2 2 2 2 2 2 2 2 2 2
left_child=1 3 9 6 -4 10 -1 12 13 -2 11 22 18 -9 15 -5 -14 -16 -7 20 -11 -22 -3 25 -25 -12 -21 -10 -8 -28
right_child=2 5 4 14 -6 7 28 8 27 19 23 -13 16 -15 17 -17 -18 -19 -20 26 21 -23 -24 24 -26 -27 29 -29 -30 -31
leaf_value=0.012507830548437918 0.0093238931751902752 -0.012555531211299528 -0.0086450509094792641 0.0089527290975942742 -0.01251201683819564 0.0019669897805648894 0.0087956446147993816 -0.012543682562946079 -0.0016138678025936271 -0.01016236546769277 0.0029198168567151441 0.0050050650775472173 0.0048185461382426673 -0.0030833875169329573 -0.00078271361596316338 0.0053209558537868967 0.00037872042205331545 0.0085964144306333607 0.014315529828896698 0.0019846102217045171 0.0040268773696607151 -0.0035014799842360651 -0.0015630961722206665 0.0047955016633487056 0.00160969561398106 0.014150583648529207 -0.0064645011796170141 0.0048631345671067859 0.0009434719556130302 -0.0016508318558919462
leaf_weight=112.7291724383831 4.9928996413946143 6.7416106462478664 672.79267321527004 81.694198504090309 231.06998464465141 10.162874206900598 731.22320653498173 14.127033412456511 92.193999499082565 16.625980257987976 11.018427059054376 20.002253040671349 37.425841495394707 18.426282942295074 27.452424481511116 200.57319268584251 408.30860969424248 10.475405052304266 7.6712891012430182 9.5742373466491681 16.852382987737656 354.53547655045986 23.442971214652061 218.38319571316242 152.26997120678425 11.825313061475752 205.4341067224741 15.967702701687811 9.7398922443389875 28.724472180008888
leaf_count=504 20 27 2895 339 1050 41 3125 57 370 68 45 81 150 74 112 827 1636 43 31 39 68 1444 94 886 616 49 842 64 41 118
internal_value=0 0.00511444 -0.00737627 0.00828492 -0.00963601 0.00156161 0.00920012 0.000267274 -0.00218296 -0.00416594 0.00332174 -0.000439218 0.0010135 -0.0072453 0.00583961 0.00637841 0.000754748 0.00179723 0.00738463 -0.00427559 -0.00346151 -0.00315618 -0.00408459 0.00380394 0.00349021 0.00881347 -0.00556554 -0.000644835 0.00869392 -0.00587923
internal_weight=3762.46 2221.85 1540.6 1173.89 903.863 1047.97 853.692 604.284 140.715 636.74 443.684 50.1868 463.569 32.5533 320.195 282.267 445.734 37.9278 17.8342 631.747 388.014 371.388 30.1846 393.497 370.653 22.8437 243.733 108.162 740.963 234.159
internal_count=15756 9212 6544 4991 3945 4221 3670 2423 565 2599 1798 202 1858 131 1321 1166 1786 155 72 2579 1580 1512 121 1596 1502 94 999 434 3166 960
is_linear=0
shrinkage=0.01


Tree=50
num_leaves=31
num_cat=0
split_feature=4 14 2 14 2 2 2 9 9 10 25 11 8 21 11 17 5 3 14 17 9 15 11 29 25 7 7 28 23 6
split_gain=1393.57 201.495 148.895 27.0844 26.6428 16.7936 16.7788 15.4305 13.5665 10.5175 7.94213 7.4591 10.3496 8.07756 7.42198 7.33736 7.10309 7.99557 9.46302 6.88378 9.69617 6.65824 6.61387 6.58795 11.3604 6.42074 6.33971 6.12153 6.08046 5.89502
threshold=-0.069633975157258859 -0.76157425996426065 0.71382723236283507 -0.45726127700065849 1.6417879253725467 0.1667542376163291 -1.3706774009881311 0.33182151145814515 0.91337706774660166 0.10910490822095141 -0.19986872923639173 -0.12018827658828486 0.51869919651979945 -1.344818040180966 1.6141219639800173 -2.0272782034410439 1.1251884086587998 0.43980418157509615 -0.88019496915269813 0.99378656115541153 0.052568088258723833 1.1288769370718053 -1.3543172438790616 1.632432623888074 1.0422657853440109 -0.81311003920923375 0.64081901739303027 0.52057431175649094 -1.2669731999285918 0.37477679668683012
decision_type=2 2 2 2 2 2 2 2 2 2 2 2 2 2 2 2 2 2 2 2 2 2 2 2 2 2 2 2 2 2
left_child=1 6 5 8 15 28 -1 19 11 -9 21 13 -13 -3 -11 22 -8 -18 -19 20 -5 -10 -4 26 -25 -21 29 -28 -2 -7
right_child=2 3 4 7 -6 23 16 9 10 14 -12 12 -14 -15 -16 -17 17 18 -20 25 -22 -23 -24 24 -26 -27 27 -29 -30 -31
leaf_value=0.01243386830585346 0.0036539380179888953 -0.00049146295745869167 0.0046069649458482555 0.0019149965170064415 -0.012441371378879105 -0.0019603202276109867 0.0086691526905514661 -0.015121459326553644 -0.0025007336330967484 -0.0012395522893867768 -0.0055682838336848159 0.0020785244608694173 0.0062569118220245565 0.0071399802085946439 0.0099800694443217281 -0.0086394196583704352 -0.005281055678023101 0.0076778100197362302 -0.00079553790385331318 0.008632739421011287 0.006116465565955749 0.010821366798553613 -0.0085686069677460338 0.012040918198825461 -0.0035844315471336707 -0.0022398194557529112 -0.0079725338182295626 -0.0035295726777556753 -0.0020084611446899115 -0.004966328177156633
leaf_weight=112.26864506304264 20.207858994603157 14.930953830480574 8.031312942504881 310.24402059614658 230.0638510286808 92.779112532734871 752.58255153894424 5.233734354376792 7.4581491202115995 173.10755001008511 20.665390402078629 150.36415664851665 99.111534997820854 157.12370130419731 5.9899101108312598 661.4313246011734 5.7681749910116187 104.05805139243603 14.828139573335646 5.9623448699712744 67.147052571177483 7.2074045240879059 7.0121069103479376 6.1721483170986202 17.872008770704269 50.558010175824165 103.93977403640747 45.912261158227921 266.82845661044121 232.01067554950714
leaf_count=504 81 61 34 1249 1050 378 3216 21 30 695 83 611 402 644 24 2850 24 441 61 24 270 29 30 25 73 203 429 190 1073 951
internal_value=0 0.00551375 -0.00672715 0.00251501 -0.00948921 -0.00353831 0.0087703 0.00114809 0.00436194 -0.00127189 -0.00156508 0.00486134 0.00374436 0.00647201 -0.000853372 -0.00848203 0.00829893 0.00605061 0.00661278 0.0021785 0.00266661 0.00400765 -0.00148448 -0.00464843 0.000418444 -0.00106199 -0.00490725 -0.00662121 -0.0016052 -0.00411158
internal_weight=3756.87 2064.61 1692.26 1075.1 906.539 785.722 989.506 618.243 456.861 184.331 35.3309 421.53 249.476 172.055 179.097 676.475 877.237 124.654 118.886 433.911 377.391 14.6656 15.0434 498.686 24.0442 56.5204 474.642 149.852 287.036 324.79
internal_count=15756 8592 7164 4346 3964 3200 4246 2486 1860 740 142 1718 1013 705 719 2914 3742 526 502 1746 1519 59 64 2046 98 227 1948 619 1154 1329
is_linear=0
shrinkage=0.01


Tree=51
num_leaves=31
num_cat=0
split_feature=13 0 0 0 0 2 0 14 7 17 21 1 15 24 6 16 21 11 24 21 6 22 19 17 29 10 7 10 11 21
split_gain=1368.7 249.737 102.709 25.7077 24.1787 18.6995 14.6306 12.3708 10.782 9.33858 9.30833 8.65712 7.93876 10.3866 7.92964 9.76229 7.70235 12.4034 7.60815 7.29207 7.26847 7.35306 6.52616 6.43478 6.33682 6.22741 5.93758 5.93606 8.80581 6.90883
threshold=0.066292827128768092 -0.65374491649275401 0.85938272918867475 -1.2044007760984523 -0.3603992642560227 1.6417879253725467 0.54571841607728444 -0.76157425996426065 -0.16609151014886112 1.0282621212496694 1.1211651072806343 1.5061275605708768 -1.1028464351353644 -1.0781286087754902 -0.72060071150768945 0.34841124553285241 1.6525938640895823 -0.02140618656105046 0.66004827906234464 -0.3709181264400242 0.79027588591860576 -0.3806118839672944 0.36880990445331868 -1.5039790479353716 1.2048896283552295 0.67288682663302046 2.2520556661244697 -1.3967127613426431 -0.044184180158212606 -0.43071480135737522
decision_type=2 2 2 2 2 2 2 2 2 2 2 2 2 2 2 2 2 2 2 2 2 2 2 2 2 2 2 2 2 2
left_child=1 3 6 -1 14 -4 16 23 20 12 19 24 22 -14 15 25 26 -18 -12 -9 -8 -22 -6 -5 -11 -3 -2 29 -29 -16
right_child=2 4 5 7 9 -7 8 10 -10 11 18 -13 13 -15 27 -17 17 -19 -20 -21 21 -23 -24 -25 -26 -27 -28 28 -30 -31
leaf_value=0.010687473667609663 -0.003794972479168116 -0.012485245049961284 -0.0089206055851899398 0.011646168011053788 0.0053337036139808639 -0.012371664634476993 0.0025139999043659075 0.003573574972500158 -0.0079504400790657483 -0.0036621664504120507 -0.003610055988966283 0.0010089823000450705 0.0038609963725398755 -0.00037037433405129458 0.0028594307822674683 0.0049187533930772241 0.0084149889032057376 -0.0058917149658950221 0.0085380870486970167 0.0078043427551325829 -0.0013228092301560603 -0.0071926267237665022 -0.0024024559835853316 0.0076542595564345704 -0.012881766137588201 -0.0015626038495799336 -0.01372706795657498 0.0050149548140849334 0.001916647259025949 0.014024095093413109
leaf_weight=300.05988968908787 431.72256454825401 6.7421874850988415 524.84280142188072 44.633970081806183 56.852824226021767 229.05215299129486 14.770856425166128 75.606274262070656 187.33664631843567 47.847056746482849 19.750692218542103 37.640159800648689 67.810423150658607 396.57893228530884 11.008040383458139 19.981256648898125 13.095488086342813 11.050196185708044 6.8532962054014197 92.207629844546318 34.817398607730865 57.24172306060791 13.22783714532852 629.9255343824625 8.9413935095071775 23.440279945731163 6.1024070233106604 180.00533451139927 190.35343855619431 11.786503151059149
leaf_count=1323 1757 27 2275 195 228 1050 61 310 792 192 80 151 272 1590 45 81 53 45 28 378 145 242 53 2677 36 94 25 732 770 49
internal_value=0 0.00495785 -0.00735882 0.00815469 0.00147096 -0.00997195 -0.00475115 0.00727784 -0.00649902 0.00020835 0.00503629 -0.00268681 0.000722136 0.000246038 0.00325941 -0.000466256 -0.00363483 0.00182903 -0.000422943 0.00590745 -0.00393941 -0.00498732 0.0038579 0.00792156 -0.00515147 -0.00406871 -0.00393879 0.00373732 0.00342616 0.00871212
internal_weight=3751.29 2241.25 1510.03 1169.04 1072.22 753.895 756.137 868.977 294.167 628.899 194.418 94.4286 534.47 464.389 443.317 50.1637 461.971 24.1457 26.604 167.814 106.83 92.0591 70.0807 674.56 56.7885 30.1825 437.825 393.153 370.359 22.7945
internal_count=15756 9311 6445 4991 4320 3325 3120 3668 1240 2522 796 379 2143 1862 1798 202 1880 98 108 688 448 387 281 2872 228 121 1782 1596 1502 94
is_linear=0
shrinkage=0.01


Tree=52
num_leaves=31
num_cat=0
split_feature=13 0 0 0 0 13 0 8 0 3 26 8 26 13 23 6 1 11 13 15 19 26 24 26 21 11 20 29 7 6
split_gain=1343.75 245.737 101.499 25.4582 23.7151 17.5664 14.4047 12.7851 12.2313 9.2155 14.0953 13.6569 8.55574 8.36036 10.9585 7.77892 9.23813 9.6172 7.75387 7.2182 7.43445 7.11154 7.05715 6.83584 6.62776 6.18466 6.12442 6.08176 5.96009 9.37902
threshold=0.066292827128768092 -0.65374491649275401 0.85938272918867475 -1.2044007760984523 -0.3603992642560227 1.6238370959892461 0.54571841607728444 -1.7376012907443976 -0.83258579475241201 -0.50328318616273049 1.1527990279598015 -0.81409798715327519 -0.89895099986394589 -1.0278500077373911 -0.92241242871117335 -0.72060071150768945 -0.42558623387072275 0.58706944324771315 -0.16830343584693733 -1.1248545534271128 0.44647333536378842 -1.227287585290834 -0.41831477174283876 1.5923691714116048 1.3085031396383926 0.36363532904670165 0.97518368442839787 1.632432623888074 -0.16609151014886112 0.79027588591860576
decision_type=2 2 2 2 2 2 2 2 2 2 2 2 2 2 2 2 2 2 2 2 2 2 2 2 2 2 2 2 2 2
left_child=1 3 6 -1 15 -4 12 -8 13 10 11 -6 21 14 -5 16 26 -18 -12 20 -11 -2 -21 27 -10 -26 -3 -14 29 -9
right_child=2 4 5 8 9 -7 7 28 24 19 18 -13 23 -15 -16 -17 17 -19 -20 22 -22 -23 -24 -25 25 -27 -28 -29 -30 -31
leaf_value=0.010615357647424757 -0.0039885566947244853 -0.012873672280501123 -0.0088798649029075954 0.0027188990658439027 -0.00057565367585817083 -0.012228799082766369 0.0047085172419099024 0.0024879415476347501 0.0059926160396952012 0.0044727910849502736 -0.011505737200445138 0.0055759716049150945 -0.0027723305401109182 0.0091948950603958773 0.0077633487425381878 0.0037018612658942917 0.0072927640016640927 -0.0028669455851095156 0.00046173987928056179 0.00083478075209827659 -0.0045150383257834088 -0.0093540151391128309 -0.0019799856358901488 -0.0081182776008256897 -0.0025832546441739586 0.0077843180983086227 0.00094767888182125781 0.0037712273128865195 -0.0078855006024778559 -0.0061063358361202894
leaf_weight=299.08296957612038 64.390778109431267 8.2341564297676069 522.61304293572903 54.605575203895569 57.86021713912487 228.96127606928349 9.7644820660352689 14.777323856949804 259.28954464197159 47.368084594607353 10.493488997220995 94.536467716097832 318.17438584566116 308.32651513814926 218.99725194275379 392.96565334498882 18.083832949399948 18.855587407946587 10.743925660848616 134.1299424469471 11.226890131831167 41.413032725453377 262.50810593366623 23.123172968626022 17.966476470232013 8.3159780502319318 4.9810672998428336 14.655991867184637 186.99317665398121 82.191485092043877
leaf_count=1323 264 33 2274 232 232 1051 40 61 1071 190 42 379 1290 1321 937 1596 73 76 43 538 45 171 1053 96 73 34 20 59 792 347
internal_value=0 0.00491425 -0.00729977 0.00809029 0.00145658 -0.00990291 -0.00470781 -0.00644381 0.00721746 0.00020623 0.0021668 0.00323499 -0.00360021 0.00805392 0.00676159 0.00322834 -0.000461852 0.00208604 -0.00543078 -0.00053968 0.00272891 -0.00610496 -0.00102563 -0.00285139 0.00550724 0.000676296 -0.00762105 -0.00248014 -0.00683234 -0.00478512
internal_weight=3745.63 2238.57 1507.06 1166.58 1071.99 751.574 755.484 293.726 867.501 628.867 173.634 152.397 461.757 581.929 273.603 443.12 50.1546 36.9394 21.2374 455.233 58.595 105.804 396.638 355.954 285.572 26.2825 13.2152 332.83 283.962 96.9688
internal_count=15756 9311 6445 4991 4320 3325 3120 1240 3668 2522 696 611 1880 2490 1169 1798 202 149 85 1826 235 435 1591 1445 1178 107 53 1349 1200 408
is_linear=0
shrinkage=0.01


Tree=53
num_leaves=31
num_cat=0
split_feature=4 0 0 0 0 2 0 8 14 3 8 6 13 24 3 6 16 15 6 17 27 25 27 10 24 4 29 10 6 10
split_gain=1319.66 234.352 106.288 25.2136 21.9923 18.5627 15.7347 12.5573 12.0874 9.86545 11.2453 12.3492 8.22942 8.03332 7.64454 7.62952 9.49539 7.40005 8.94771 6.3813 6.34025 8.35927 6.43244 6.07069 5.98378 5.94494 5.85665 5.84591 8.78948 5.66272
threshold=0.048248647368652704 -0.65374491649275401 0.85938272918867475 -1.2044007760984523 -0.3603992642560227 1.6417879253725467 0.54571841607728444 -1.7376012907443976 -0.76157425996426065 -0.50328318616273049 -0.81409798715327519 -0.17908985207692504 -0.015065426716297644 -0.37688911212957449 2.3142509589252587 -0.72060071150768945 0.34841124553285241 0.46827045724110922 -0.82432932345353505 -1.5039790479353716 0.47385042549911 0.62900699183640119 0.572230661933535 0.67288682663302046 -0.65419946387640948 -0.26412236843093445 -1.607733817043496 -1.3967127613426431 -0.41694672608122879 -0.88431143343178531
decision_type=2 2 2 2 2 2 2 2 2 2 2 2 2 2 2 2 2 2 2 2 2 2 2 2 2 2 2 2 2 2
left_child=1 3 6 -1 15 -4 12 -8 19 10 11 -6 -2 26 -15 16 23 18 -10 -5 21 -14 -22 -3 -19 -12 -11 -17 -29 -21
right_child=2 4 5 8 9 -7 7 -9 17 13 25 -13 20 14 -16 27 -18 24 -20 29 22 -23 -24 -25 -26 -27 -28 28 -30 -31
leaf_value=0.010544035903549454 0.0091566060447240329 -0.012319381040544222 -0.0087858497369182869 0.011515281587322696 -0.010496497353825469 -0.012237148804635375 0.0046589700630206956 -0.0067749174308194063 0.0096930986670592939 0.0089039308598279111 -0.00023273638226200746 0.0010466442703118608 -0.0040700871021460026 -0.0017774261822038062 0.010278513425217715 0.0086088768067724697 0.0048562404030803568 0.0022840386194188113 0.0030073163361333554 0.010340932215204131 0.0041404986265568813 -0.01215320092234458 -0.0026241716825296901 -0.0015345498440097994 0.011712199030524407 0.0056772569846308607 0.00078343062710239475 0.0046470633071896026 0.001501659723695435 0.0071943286397705064
leaf_weight=298.10056971013546 4.9902441352605811 6.7425175458192852 522.20154143869877 44.371831580996513 10.980282261967657 227.04573628306389 9.7706742733716947 283.50928400456905 23.676429778337479 9.4004967212676984 21.20817194879055 56.114841401576996 299.92469510436058 274.72226594388485 5.2417805343866339 22.742996618151665 19.965698719024658 9.6454992890357953 135.64843919873238 66.184831365942955 15.286443606019018 13.444449454545973 152.59060768783092 23.439994812011719 25.130895242094994 79.824058085680008 146.6326801776886 217.96073578298092 152.08898709714413 561.36390674114227
leaf_count=1323 20 27 2275 195 44 1050 40 1200 97 38 85 225 1223 1102 21 94 81 40 555 283 62 55 619 94 104 320 588 886 616 2394
internal_value=0 0.00493897 -0.00714388 0.00802649 0.00150488 -0.00983453 -0.00455551 -0.00638913 0.00715763 0.000261987 0.00232021 -0.000840347 -0.00344639 -0.000529754 -0.00154454 0.00319735 -0.000457231 0.00494062 0.00401258 0.00779576 -0.00358103 -0.00442383 -0.00200015 -0.00400954 0.00913995 0.00442777 0.00128446 0.00366647 0.00335777 0.00752938
internal_weight=3739.95 2211.19 1528.76 1164.12 1047.07 749.247 779.516 293.28 866.022 604.125 168.127 67.0951 486.236 435.997 279.964 442.941 50.1482 194.101 159.325 671.921 481.246 313.369 167.877 30.1825 34.7764 101.032 156.033 392.793 370.05 627.549
internal_count=15756 9212 6544 4991 4221 3325 3219 1240 3668 2423 674 269 1979 1749 1123 1798 202 796 652 2872 1959 1278 681 121 144 405 626 1596 1502 2677
is_linear=0
shrinkage=0.01


Tree=54
num_leaves=31
num_cat=0
split_feature=4 0 0 0 2 2 0 7 22 28 19 8 15 23 23 25 25 13 1 1 17 9 19 16 22 17 2 13 23 23
split_gain=1295.74 188.939 147.26 25.3422 24.7363 16.6266 14.6393 11.9086 9.56332 8.23495 7.85114 7.89774 7.65547 5.98805 6.52711 6.19381 6.08832 6.61697 5.97937 9.27384 8.94106 5.99007 5.95705 10.5506 9.26813 5.9358 6.9349 7.65148 6.55842 5.79273
threshold=-0.069633975157258859 -0.7692932016384707 0.71556928069885861 -0.39386497851600016 1.6417879253725467 -1.3706774009881311 0.10872657857039149 0.64081901739303027 -0.43436500035745479 -1.7072640466508056 1.7349504018573561 1.2704508292215964 -0.43527509362116873 0.58832251042775296 1.1520879352820346 -1.5186804239585132 -0.52214668514953078 1.0062974065546 1.6381189509688483 1.4473979554129517 1.510682075347066 0.72091480992890122 0.91083349021805671 0.42379491213933979 1.1285589814820089 -1.5039790479353716 -0.86088341718025208 -0.86853470375485642 -1.1949359163774902 1.3688935315371717
decision_type=2 2 2 2 2 2 2 2 2 2 2 2 2 2 2 2 2 2 2 2 2 2 2 2 2 2 2 2 2 2
left_child=1 5 6 9 13 -1 -2 10 -9 12 11 -5 -3 16 -15 -16 -4 -18 19 20 -8 -21 24 -24 -11 -7 28 -28 -27 -10
right_child=2 3 4 7 -6 25 18 8 29 22 -12 -13 -14 14 15 -17 17 -19 -20 21 -22 -23 23 -25 -26 26 27 -29 -30 -31
leaf_value=0.012176463748742759 -0.0012383753506032711 -0.0071602025899536841 -0.010557840854077348 0.0017577267685221112 -0.012170081503398407 0.01108837548945182 -0.0040459976649511696 -0.0053812644347437663 0.00089919909727326653 0.0052355847788596267 -0.0097029444559925942 0.012119078354757402 0.0034914941466732152 -0.0048795047127779172 0.0018996732145547313 -0.0092783195581946139 -0.0062807343157496648 -0.0092782228182047705 -0.008643937119897421 -0.0009845438571800388 -0.015231612327218992 0.012471710965137285 -0.0018556983016798899 0.0051558110030238994 0.0012332665734272085 0.0055298325280483162 0.00043867934108807226 0.0067983618501210683 0.0085634390597529152 -0.0070875767875045338
leaf_weight=110.59159767627716 230.67506603896618 12.592033371329309 158.10250318050385 349.38704591989517 226.01966755092144 61.119536221027374 508.11777186393738 45.506321787834167 92.964658588171005 381.15578179061413 5.7212589979171744 7.4569341391324988 14.194617018103598 93.981723114848137 5.0630746632814398 88.420780509710312 125.20070023834705 194.23062923550606 29.565326824784279 8.542216092348097 7.2317518591880789 5.1661225557327262 41.732118740677834 43.70177498459816 69.099851846694946 83.981511697173119 23.812821969389915 99.152948662638664 601.80925346910954 9.9586742371320707
leaf_count=504 927 51 689 1402 1050 269 2084 183 373 1557 23 30 58 408 22 384 541 851 122 35 30 21 169 178 281 360 100 415 2599 40
internal_value=0 0.00532771 -0.00651252 0.00242746 -0.0092993 0.00850148 -0.00336454 0.000812716 -0.0015689 0.00389223 0.00179064 0.00198038 -0.00148654 -0.00832039 -0.0067741 -0.00866085 -0.00892378 -0.00810882 -0.00424034 -0.00399078 -0.00420783 0.00406775 0.00416329 0.00172102 0.00462399 0.00803176 0.00779819 0.00557627 0.00819426 0.000110577
internal_weight=3734.26 2053.94 1680.32 1073.47 891.019 980.468 789.298 510.995 148.43 562.476 362.565 356.844 26.7867 664.999 187.466 93.4839 477.534 319.431 558.623 529.058 515.35 13.7083 535.69 85.4339 450.256 869.876 808.757 122.966 685.791 102.923
internal_count=15756 8592 7164 4345 3945 4247 3219 2051 596 2294 1455 1432 109 2895 814 406 2081 1392 2292 2170 2114 56 2185 347 1838 3743 3474 515 2959 413
is_linear=0
shrinkage=0.01


Tree=55
num_leaves=31
num_cat=0
split_feature=4 14 2 2 2 2 2 8 5 10 11 11 10 10 13 29 24 29 27 15 5 28 16 26 14 22 26 24 28 28
split_gain=1272.22 226.466 101.357 35.3774 20.1614 16.4466 15.2772 12.7559 10.5823 9.2918 10.3467 10.8899 9.25472 8.93409 7.94172 7.31114 11.4184 7.19781 8.32976 7.84115 6.89329 6.74003 6.53279 6.47153 6.46384 7.12012 6.4102 10.6063 8.70469 5.62237
threshold=0.048248647368652704 -0.76157425996426065 0.95773589906861989 -0.37799416502083233 0.51157606918868004 -1.3706774009881311 1.6417879253725467 -1.7376012907443976 0.96725264439363345 -1.3967127613426431 -0.044184180158212606 1.1735587172130433 -1.9143239862588 0.870134597620836 -0.015065426716297644 1.632432623888074 0.77625682892148229 -1.607733817043496 -1.4021945989554057 -0.44211130071501187 1.1251884086587998 -1.462331786782989 -0.65787604753370077 1.5357928846728925 -0.88019496915269813 0.3837196577640597 0.56897663852840241 -0.82578036388677711 0.52955931979064375 -0.76994818657512043
decision_type=2 2 2 2 2 2 2 2 2 2 2 2 2 2 2 2 2 2 2 2 2 2 2 2 2 2 2 2 2 2
left_child=1 5 4 9 14 -1 22 12 17 -3 13 -12 -6 -11 -2 21 -17 19 -19 -5 -7 -16 23 -4 -22 -26 27 -10 -28 -9
right_child=2 3 6 8 7 20 -8 29 26 10 11 -13 -14 -15 15 16 -18 18 -20 -21 24 -23 -24 -25 25 -27 28 -29 -30 -31
leaf_value=0.012106849919456444 0.0090808065589195082 0.0091673695243922187 -0.0072773486561574794 0.00060874617318771825 -0.0050566067962152022 0.0083432069246634193 -0.012103858800126906 -0.0089276702393311803 0.0020755409860652445 0.0054124946934933048 0.0016993769389495792 0.0091373509647482542 0.012679053254343438 -0.0029163819610173681 0.00058150481887743336 -0.0025246770801891842 0.01391853894582463 -0.0045609499547910959 0.0010435075396860358 0.013790083818782019 0.0066346830874737849 -0.0040801499236719557 -0.0095995065043398536 0.0041410962442605826 -0.0052121940749161478 0.0085397005469159317 0.0081287244654925268 -0.0062454940688224311 -0.0024022927295653256 -0.0060227195413717792
leaf_weight=110.11817167699337 4.9892242550849906 30.31563138961792 108.55016182363033 9.4120068401098269 5.6317408233880997 744.27204993367195 224.98943960666656 88.270181313157082 20.662364542484283 239.07180178165436 284.54928018152714 21.149120703339577 5.8606824576854688 13.391651183366774 33.246070474386215 13.556511774659159 5.9795785546302787 27.917541906237602 480.60062091052532 8.8942070603370649 107.5722546428442 392.7939028441906 324.65835355222225 5.0258311480283728 10.173108682036402 5.8392712771892539 11.707750320434569 56.992033809423447 23.140248820185661 309.22653909027576
leaf_count=504 20 126 475 38 23 3216 1050 375 83 980 1153 87 24 54 136 55 24 112 1928 36 460 1601 1425 22 42 24 47 229 93 1314
internal_value=0 0.00485321 -0.00703016 0.00199219 -0.00476081 0.00844352 -0.00996863 -0.00637107 0.000361772 0.00376142 0.00346443 0.00222005 0.00393297 0.00496576 -0.00329584 -0.00343867 0.00250256 0.000957726 0.000733022 0.00710745 0.0079762 -0.00371398 -0.00886761 -0.00676008 0.0057529 -0.000113319 -0.00241845 -0.00401874 0.00112029 -0.00667241
internal_weight=3728.56 2205.78 1522.78 1227.8 859.554 977.975 663.224 408.989 639.327 588.477 558.162 305.698 11.4924 252.463 450.565 445.576 19.5361 526.824 508.518 18.3062 867.857 426.04 438.234 113.576 123.585 16.0124 112.502 77.6544 34.848 397.497
internal_count=15756 9212 6544 4966 3572 4246 2972 1736 2566 2400 2274 1240 47 1034 1836 1816 79 2114 2040 74 3742 1737 1922 497 526 66 452 312 140 1689
is_linear=0
shrinkage=0.01


Tree=56
num_leaves=31
num_cat=0
split_feature=4 0 0 2 0 2 2 7 22 28 15 26 10 16 26 23 27 23 18 25 23 10 17 2 4 23 23 28 0 26
split_gain=1249.21 183.289 143.488 24.4485 24.3373 16.3869 14.0873 11.5655 9.357 8.08785 7.48954 7.12514 12.7431 8.16341 7.11573 5.92363 6.53134 6.4537 6.1105 6.10618 5.9167 5.89705 5.89441 6.8153 7.41468 6.49261 5.72352 6.34907 5.56617 8.01581
threshold=-0.069633975157258859 -0.7692932016384707 0.71556928069885861 1.6417879253725467 -0.39386497851600016 -1.3706774009881311 0.1667542376163291 0.64081901739303027 -0.43436500035745479 -1.7072640466508056 -0.43527509362116873 0.52303587249515004 -0.91641827831153611 -1.3641867817263953 -0.88295768276908804 0.58832251042775296 -0.28574915164132436 1.1520879352820346 0.55512034101912044 -1.5186804239585132 -1.2669731999285918 0.15228132692063565 -1.5039790479353716 -0.86088341718025208 -0.82619892872987089 -1.1949359163774902 -0.55560426925829554 -1.492594734278091 0.54571841607728444 1.5923691714116048
decision_type=2 2 2 2 2 2 2 2 2 2 2 2 2 2 2 2 2 2 2 2 2 2 2 2 2 2 2 2 2 2
left_child=1 5 6 15 9 -1 20 11 -9 10 -3 13 -13 -6 -8 16 -4 18 -17 -19 -2 -10 -7 25 -25 -24 -22 -28 29 -16
right_child=2 4 3 -5 7 22 14 8 21 -11 -12 12 -14 -15 28 17 -18 19 -20 -21 26 -23 23 24 -26 -27 27 -29 -30 -31
leaf_value=0.012038114050413908 0.0036612560322188594 -0.0071216087766250748 -0.010226989793101113 -0.01203845637886884 0.0078987647628817517 0.010961164187566548 -0.006818327956347672 -0.0053192299449299364 -0.010122690760513243 0.0040877490548895242 0.003415517454622677 -0.0082833547549201383 0.0011146147026923003 0.002040911239131641 -0.0024847885727081916 -0.0029391266946537432 -0.0077979328519488834 0.0019554558028584074 -0.0084121956941124974 -0.0091516159791457646 -0.0050185549788343336 0.00068132420184676432 0.0054124393681449588 0.0021575024959610018 0.0073202569947002066 0.0084358561457926837 0.0041623439071983596 -0.0017665329356596048 -0.0054771058849326162 -0.0093271845371933563
leaf_weight=109.64242081344128 20.198335766792297 12.596063017845156 194.77144885063171 223.95537807047367 26.615947261452675 60.760852828621864 93.344896167516708 45.487503498792648 5.2249820232391349 535.05845434963703 14.176644444465635 17.21541790664196 86.062271550297737 232.60806874930859 262.2403257638216 62.642058163881302 280.403460547328 5.0553028583526602 30.99911467730999 87.989510610699654 48.958869889378548 97.691030770540237 83.681609243154526 44.257106736302376 78.383893355727196 599.06487630307674 19.695275291800499 197.94873628020287 127.72112202644348 18.381270155310631
leaf_count=504 81 51 853 1050 107 269 389 183 21 2185 58 69 345 934 1066 273 1228 22 135 384 198 392 360 186 329 2599 79 796 533 77
internal_value=0 0.00523672 -0.00640735 -0.0091698 0.00238223 0.00837322 -0.00330187 0.000799994 -0.00154721 0.00381886 -0.00151285 0.00176383 -0.000448762 0.00264904 -0.00431351 -0.00819594 -0.00879764 -0.00665521 -0.00476865 -0.00853596 -0.00152789 0.00011381 0.00790681 0.00767381 0.00546861 0.0080676 -0.001926 -0.00122375 -0.00373695 -0.0029397
internal_weight=3722.83 2048.53 1674.31 885.816 1072.74 975.791 788.489 510.905 148.404 561.831 26.7727 362.502 103.278 259.224 501.688 661.861 475.175 186.686 93.6412 93.0448 286.801 102.916 866.148 805.387 122.641 682.746 266.603 217.644 408.343 280.622
internal_count=15756 8592 7164 3945 4345 4247 3219 2051 596 2294 109 1455 414 1041 2065 2895 2081 814 408 406 1154 413 3743 3474 515 2959 1073 875 1676 1143
is_linear=0
shrinkage=0.01


Tree=57
num_leaves=31
num_cat=0
split_feature=13 0 0 0 0 13 0 8 0 17 1 4 23 26 15 24 6 16 26 26 26 7 19 29 6 7 7 6 24 7
split_gain=1226.69 227.21 95.8705 24.4989 21.3395 17.1989 13.2926 12.2108 11.3462 8.90677 8.50819 8.47965 12.8041 8.37345 7.56868 9.88977 7.44426 9.23182 7.00552 6.74203 6.6156 6.47673 6.25358 6.25309 6.21428 5.94949 5.91771 9.19854 5.82985 5.79531
threshold=0.066292827128768092 -0.65374491649275401 0.85938272918867475 -1.2044007760984523 -0.3603992642560227 1.6238370959892461 0.54571841607728444 -1.7376012907443976 -0.83258579475241201 1.0282621212496694 1.5061275605708768 -1.0199170013970111 -0.94968947710789797 -0.89895099986394589 -1.1028464351353644 -1.0781286087754902 -0.72060071150768945 0.34841124553285241 -1.227287585290834 -1.0039647220905208 1.5923691714116048 -1.9536770097069749 0.36880990445331868 1.2048896283552295 -0.80050571858446806 2.2520556661244697 -0.16609151014886112 0.79027588591860576 -0.18857201080198152 1.6725080510490888
decision_type=2 2 2 2 2 2 2 2 2 2 2 2 2 2 2 2 2 2 2 2 2 2 2 2 2 2 2 2 2 2
left_child=1 3 6 29 16 -4 13 -8 11 14 23 12 -5 18 22 -16 17 -3 -2 -13 25 -10 -6 -11 -23 -15 27 -9 -20 -1
right_child=2 4 5 8 9 -7 7 26 21 10 -12 19 -14 20 15 -17 -18 -19 28 -21 -22 24 -24 -25 -26 -27 -28 -29 -30 -31
leaf_value=0.010469093378201837 -0.0038138522832620765 -0.0040445321303669872 -0.0085566626674522545 0.002019026898710891 0.0052093226719575466 -0.011901777843579637 0.0047260427369710178 0.0027036799999898341 0.012159240489480781 -0.0035940709097998665 0.0010352832186317181 0.0045219799978182297 0.0075073496092790716 -0.0021541770771770887 0.0037645893163853745 -0.00036534270800748662 0.0035322214253555775 0.004702212254821197 -0.011060905430553778 0.0094403873238831145 -0.0078880178520034996 0.0070527709064117632 -0.0023636492151681622 -0.012757213592136597 0.0038275902366274096 -0.012959294347852352 -0.0076094641917759725 -0.0058266672829725887 -0.0015887247975863844 -1.3466000812802336e-05
leaf_weight=289.09918081760406 64.189893618226051 30.173934683203697 515.97628746926785 53.269678443670273 56.816485702991486 223.95976434648037 9.7596868872642499 14.722020357847212 13.173516750335692 47.821701511740685 37.625897794961929 32.351565092802048 223.19083485007286 327.07534125447273 67.775179520249367 396.45700703561306 392.04673354327679 19.925440609455109 32.756838336586952 266.93642601370811 22.99583774805069 92.301491916179657 13.225605264306067 8.9302943795919401 178.73832219839096 5.1224250793457022 185.44670501351357 81.562704503536224 8.4648796468973142 5.1776798069477072
leaf_count=1300 264 121 2274 228 228 1051 40 61 56 192 151 140 965 1328 272 1590 1596 81 136 1157 96 385 53 36 737 21 792 347 35 23
internal_value=0 0.00470401 -0.00701516 0.00778189 0.00138494 -0.00957197 -0.00449742 -0.00617324 0.00692433 0.000199226 -0.00262896 0.00773598 0.00645456 -0.0034336 0.000701086 0.00023613 0.00306813 -0.000543434 -0.00591618 0.00891376 -0.00269257 0.00527447 0.00376378 -0.00507344 0.0049318 -0.00232765 -0.0065559 -0.00451054 -0.00914855 0.0102813
internal_weight=3717.07 2225.04 1492.03 1154.24 1070.8 739.936 752.096 291.491 859.962 628.652 94.3779 575.749 276.461 460.605 534.274 464.232 442.146 50.0994 105.412 299.288 355.194 284.213 70.0421 56.752 271.04 332.198 281.731 96.2847 41.2217 294.277
internal_count=15756 9311 6445 4991 4320 3325 3120 1240 3668 2522 379 2490 1193 1880 2143 1862 1798 202 435 1297 1445 1178 281 228 1122 1349 1200 408 171 1323
is_linear=0
shrinkage=0.01


Tree=58
num_leaves=31
num_cat=0
split_feature=4 0 0 0 0 2 0 8 0 7 9 4 6 16 29 15 27 25 22 21 26 27 8 21 11 10 7 6 10 10
split_gain=1204.61 216.791 100.347 24.2687 19.792 18.1325 14.5155 11.9932 11.2068 10.0222 10.7225 8.36592 7.30059 9.05093 7.16172 8.52059 6.77139 8.42232 6.7544 6.67178 6.64949 6.55026 7.13047 6.51226 6.08746 5.94325 5.82711 9.03325 5.77274 10.1762
threshold=0.048248647368652704 -0.65374491649275401 0.85938272918867475 -1.2044007760984523 -0.3603992642560227 1.6417879253725467 0.54571841607728444 -1.7376012907443976 -0.83258579475241201 0.81380020644034456 0.81292707512926776 -1.0199170013970111 -0.72060071150768945 0.34841124553285241 -1.607733817043496 -0.44211130071501187 0.47385042549911 0.62900699183640119 -0.097045033374803302 -1.2138530240692484 -1.0039647220905208 0.572230661933535 -0.78912363814600361 1.3085031396383926 0.36363532904670165 0.67288682663302046 -0.16609151014886112 0.79027588591860576 0.7012995026997858 0.23434892411033417
decision_type=2 2 2 2 2 2 2 2 2 2 2 2 2 2 2 2 2 2 2 2 2 2 2 2 2 2 2 2 2 2
left_child=1 3 6 -1 12 -4 16 -8 11 14 18 -5 13 25 15 -6 17 -2 -11 -16 -13 -18 -23 -10 -25 -3 27 -9 29 -14
right_child=2 4 5 8 9 -7 7 26 23 10 -12 20 28 -15 19 -17 21 -19 -20 -21 -22 22 -24 24 -26 -27 -28 -29 -30 -31
leaf_value=0.010213551782030691 -0.0038029743921725442 -0.012226855500319629 -0.0084677403909926962 0.0064014290649864183 0 -0.011912132455879423 0.0046762855602893528 0.0026755046318045644 0.0057100444595614523 -0.01232433835859139 -0.00055653253352876836 0.0044824918808183409 0.0030116994762227241 0.0046581397168410947 0.0047497777468833834 0.013853710451291969 0.0044885132259700781 -0.011928197423052353 -0.0030257437504391462 0.00033770638141607695 0.0093707884432632366 0.0012071697361881611 -0.0036088705473831012 -0.002803322085505607 0.0075086261221853088 -0.0015536829812164052 -0.0075478427376187377 -0.0057766276042936059 -0.0011425784734516709 0.0073099586934314495
leaf_weight=293.27193248271942 302.1272342056036 6.7420515716075924 515.65687957406044 275.97326326370239 8.6548612862825411 221.91044850647449 9.7659297287464124 14.729300707578657 257.74119178950787 14.090341269969938 108.08150874078274 32.311278909444809 298.98175467550755 19.913828045129776 37.404533535242081 9.1358983367681486 15.517636492848395 13.385288700461386 18.417273700237274 408.13922217488289 266.23409453034401 41.910402074456215 112.11933705210686 17.914471790194515 8.2735799401998502 23.435467287898064 185.09369626641273 81.447988390922546 24.734230801463127 68.15413998067379
leaf_count=1323 1235 27 2275 1193 35 1050 40 61 1071 57 434 140 1218 81 150 37 63 55 74 1636 1157 170 456 73 34 94 792 347 100 278
internal_value=0 0.00472805 -0.00686459 0.00772112 0.00143073 -0.00950688 -0.0043513 -0.00612108 0.00686737 0.000252 -0.00208347 0.00767519 0.00303874 -0.000537866 0.000963104 0.00717311 -0.00328632 -0.00415452 -0.0071123 0.000711338 0.00884676 -0.00166328 -0.00229204 0.00522713 0.000432657 -0.00400374 -0.00650106 -0.00447038 0.00349849 0.00381411
internal_weight=3711.27 2197.6 1513.66 1151.72 1045.89 737.567 776.097 291.037 858.448 603.924 140.589 574.519 441.961 50.0913 463.335 17.7908 485.06 315.513 32.5076 445.544 298.545 169.547 154.03 283.929 26.1881 30.1775 281.271 96.1773 391.87 367.136
internal_count=15756 9212 6544 4991 4221 3325 3219 1240 3668 2423 565 2490 1798 202 1858 72 1979 1290 131 1786 1297 689 626 1178 107 121 1200 408 1596 1496
is_linear=0
shrinkage=0.01


Tree=59
num_leaves=31
num_cat=0
split_feature=12 14 2 2 14 2 2 20 24 7 26 20 11 19 3 26 5 3 14 26 29 26 1 13 18 2 23 19 19 24
split_gain=1182.85 175.948 131.905 25.5582 23.4055 16.1656 14.089 11.8293 9.75057 9.74627 9.69108 8.42912 8.81687 12.3233 6.88696 6.79587 6.71274 7.82949 8.85567 6.64858 8.31263 12.5504 6.38357 5.83741 7.38035 7.08063 5.79541 5.75211 9.40313 5.70384
threshold=-0.069633975157258859 -0.76157425996426065 0.71382723236283507 1.3855881121214408 -0.45726127700065849 -1.3706774009881311 0.1667542376163291 0.52683416358168189 -0.41831477174283876 1.0319401433645388 0.42222796984943006 -1.4970100676597846 1.151823825480766 0.99774353646517189 -0.84337770655477551 0.2639119093249177 1.1251884086587998 0.43980418157509615 -0.88019496915269813 -0.88295768276908804 1.632432623888074 0.30431783208858937 -0.17927958152937121 -0.08293602107732613 0.40641591441483033 -0.25470253582145658 -1.2669731999285918 -0.26833039306940248 -0.22688718209766986 -1.5374829001903385
decision_type=2 2 2 2 2 2 2 2 2 2 2 2 2 2 2 2 2 2 2 2 2 2 2 2 2 2 2 2 2 2
left_child=1 5 6 14 11 -1 26 8 10 -10 -6 22 13 -13 -4 -14 -7 -18 -19 -8 -21 -22 -3 25 -25 -9 -2 -16 -29 -28
right_child=2 4 3 -5 7 16 19 23 9 -11 -12 12 15 -15 27 -17 17 18 -20 20 21 -23 -24 24 -26 -27 29 28 -30 -31
leaf_value=0.011855632468165241 0.0036462304039388961 0.011613868434429655 -0.0050408908685542963 -0.01090269149863007 0.0042821479119434288 0.0080934396455670469 -0.0067270804784623859 0.00076404921796462393 0.00093986850966193175 -0.012729540261252321 -0.005080369240515358 0.0039360679259272998 0.012774109672810402 -0.0015549898457064332 -0.0099913807068920373 0.0017848299895736885 -0.0057379534778102875 0.0071363233851870688 -0.0010895037713065264 -0.0040309634164136625 -0.0041106692887323739 0.012847115529974616 -0.00058605874389308892 0.013119967504055098 -0.0017229246444349544 -0.003816456944583086 0.0037484136289931904 0.0052541088843222816 -0.0075268657952707475 -0.0022642288670041665
leaf_weight=108.33893111348152 20.195643529295921 22.8824856877327 99.326228320598602 372.39643378555775 167.44174639880657 737.49512135982513 91.726484805345535 55.925432786345482 280.22075048089027 5.2075715959072104 11.65852878987789 354.09675413370132 17.927341982722286 45.868477374315262 111.22237285971642 8.5629984587430936 5.7126114666461936 102.2869293987751 14.741382300853727 385.81251913309097 10.297505259513857 7.3695848882198325 5.0721616744995108 5.9488692134618741 7.239961177110672 83.704570740461349 16.63287316262722 5.7120395153760901 294.58806532621384 249.84702014923096
leaf_count=504 81 96 429 1732 676 3216 384 225 1128 21 47 1449 74 185 487 35 24 441 61 1590 42 30 21 24 29 336 67 25 1291 1006
internal_value=0 0.00510383 -0.00625412 -0.00890277 0.00231055 0.00819309 -0.00326007 0.00104023 0.00183502 0.0006826 0.00366462 0.00403355 0.00367926 0.00330362 -0.00744106 0.00927951 0.00772934 0.00552865 0.00609158 -0.00428241 -0.00372263 0.00293925 0.00937044 -0.0013688 0.00494511 -0.00197546 -0.00148971 -0.00801658 -0.00727876 -0.00188392
internal_weight=3705.46 2040.33 1665.13 883.245 1071.76 968.575 781.882 617.347 464.529 285.428 179.1 454.41 426.456 399.965 510.849 26.4903 860.236 122.741 117.028 495.206 403.48 17.6671 27.9546 152.819 13.1888 139.63 286.676 411.522 300.3 266.48
internal_count=15756 8592 7164 3964 4346 4246 3200 2486 1872 1149 723 1860 1743 1634 2232 109 3742 526 502 2046 1662 72 117 614 53 561 1154 1803 1316 1073
is_linear=0
shrinkage=0.01


Tree=60
num_leaves=31
num_cat=0
split_feature=13 0 0 14 0 13 13 0 0 8 17 1 0 10 21 11 27 27 15 24 6 16 21 27 10 13 7 6 10 6
split_gain=1161.63 216.444 92.6057 24.0458 20.0918 17.0555 13.1209 12.8049 12.7149 11.795 8.64937 8.39041 8.22392 8.07793 7.60036 12.1632 7.85045 8.28522 7.41906 9.54736 7.13512 8.89537 6.39623 5.99771 5.82524 5.79844 5.75521 8.84513 5.66536 8.55776
threshold=0.066292827128768092 -0.65374491649275401 0.85938272918867475 -1.0996451299552181 -0.3603992642560227 1.6238370959892461 -1.1044171093987483 -0.83258579475241201 0.54571841607728444 -1.7376012907443976 1.0282621212496694 1.5061275605708768 -1.3968135513546232 -0.43631458518477173 1.6525938640895823 -0.02140618656105046 0.47385042549911 0.572230661933535 -1.1028464351353644 -1.0781286087754902 -0.72060071150768945 0.34841124553285241 1.3085031396383926 -0.24790594446775852 0.67288682663302046 0.33488856166873765 -0.16609151014886112 0.79027588591860576 -1.3967127613426431 -0.41694672608122879
decision_type=2 2 2 2 2 2 2 2 2 2 2 2 2 2 2 2 2 2 2 2 2 2 2 2 2 2 2 2 2 2
left_child=1 3 8 12 20 -4 -5 -8 14 -10 18 -12 -1 -14 16 25 23 -18 -6 -20 21 24 -9 -2 -3 -16 27 -11 -22 -30
right_child=2 4 5 6 10 -7 7 22 9 26 11 -13 13 -15 15 -17 17 -19 19 -21 28 -23 -24 -25 -26 -27 -28 -29 29 -31
leaf_value=0.012341863953548018 -0.0035606859824257779 -0.012132583989424886 -0.0083672061316925235 0.0005473440746863417 0.0037238127222057162 -0.011717513031159268 0.0079661445085587278 0.0056124281444618375 0.0046865413043069145 0.0026914204866191897 -0.0050194656902027646 0.0010477839522364618 0.011573169095447627 0.0079566390100620586 0.0008121743860354737 -0.0055685091955385551 0.0054821498139835823 -0.0025421694306094096 0.0036982647357285342 -0.00036026431212366991 0.008316843251548682 0.0045990535236111948 0.00037989886624263848 -0.006651061545056485 -0.0015638650980117363 0.014420693968519692 -0.0074413740605367351 -0.0056749902196124987 0.0044070635636124997 0.0012996490913094211
leaf_weight=80.733276844024658 187.10540907084942 6.7411363273859051 511.8843375146389 36.320122539997101 70.020032122731209 220.97293175756931 376.83272062242031 257.18123762309551 9.7645242363214475 14.724969908595083 56.724532842636108 37.617738664150238 81.680966436862946 287.75730660557747 5.6889203488826769 10.993038877844809 14.032284468412398 137.57001660764217 67.748556226491928 396.38532468676567 22.592900171875954 19.896091356873512 26.165410161018372 97.125252842903137 23.432828992605209 7.3776918947696686 184.45933754742146 81.205497860908508 217.19939781725407 151.72028234601021
leaf_count=378 767 27 2274 157 281 1051 1642 1071 40 61 228 151 362 1274 23 45 57 560 272 1590 94 81 107 398 94 30 792 347 886 616
internal_value=0 0.00458281 -0.00685091 0.0076014 0.00134683 -0.00938022 0.00643065 0.00675267 -0.00437731 -0.00602111 0.00019645 -0.00259109 0.00940871 0.00876186 -0.00333695 0.00210117 -0.00363986 -0.00178972 0.00069105 0.000230665 0.00298146 -0.000554907 0.00513307 -0.00462219 -0.00399032 0.00862296 -0.0063991 -0.0043789 0.0034363 0.00313253
internal_weight=3699.65 2216.75 1482.9 1146.67 1070.08 732.857 696.499 660.179 750.047 290.154 628.496 94.3423 450.172 369.438 459.893 24.0597 435.833 151.602 534.154 464.134 441.583 50.0701 283.347 284.231 30.174 13.0666 280.39 95.9305 391.513 368.92
internal_count=15756 9311 6445 4991 4320 3325 2977 2820 3120 1240 2522 379 2014 1636 1880 98 1782 617 2143 1862 1798 202 1178 1165 121 53 1200 408 1596 1502
is_linear=0
shrinkage=0.01


Tree=61
num_leaves=31
num_cat=0
split_feature=4 0 0 0 0 2 0 8 0 7 9 4 23 29 6 16 22 21 18 7 21 21 11 5 13 7 10 7 6 10
split_gain=1140.68 206.552 96.9081 23.7555 18.634 18.0067 13.8812 11.5849 10.7741 9.63004 10.5408 8.26083 12.6487 7.00645 6.99918 8.72291 6.61964 6.53817 6.42897 6.36859 7.8707 5.92174 10.4196 6.44278 6.25092 5.75424 5.7117 5.66749 8.68614 5.66488
threshold=0.048248647368652704 -0.65374491649275401 0.85938272918867475 -1.2044007760984523 -0.3603992642560227 1.6417879253725467 0.54571841607728444 -1.7376012907443976 -0.83258579475241201 0.81380020644034456 0.81292707512926776 -1.0199170013970111 -0.94968947710789797 -1.607733817043496 -0.72060071150768945 0.34841124553285241 -0.097045033374803302 -1.2138530240692484 0.081450901708241333 -1.9536770097069749 1.3085031396383926 1.5174125237300229 -0.02140618656105046 -0.48116082388668824 1.0000000180025095e-35 1.6725080510490888 0.67288682663302046 -0.16609151014886112 0.79027588591860576 0.7012995026997858
decision_type=2 2 2 2 2 2 2 2 2 2 2 2 2 2 2 2 2 2 2 2 2 2 2 2 2 2 2 2 2 2
left_child=1 3 6 25 14 -4 21 -8 11 13 16 12 -5 18 15 26 -11 -15 -6 -10 -21 24 23 -23 -2 -1 -3 28 -9 -16
right_child=2 4 5 8 9 -7 7 27 19 10 -12 -13 -14 17 29 -17 -18 -19 -20 20 -22 22 -24 -25 -26 -27 -28 -29 -30 -31
leaf_value=0.010210995945733534 0.0048027243626094203 -0.012014536419939293 -0.0082795475573530595 0.001803857854136628 0.0017197658325419152 -0.011732057673512136 0.0046372636731765848 0.0026633829212057004 0.0119396276828232 -0.012196084155347221 -0.00052817991970399616 0.008660866158227927 0.0072749869846794827 0.0046943263995025139 0.0037167509661894908 0.0045560026632718575 -0.0029851010216231898 0.00032605429535396274 0.013976353627569394 0.0052868367912123869 -0.00061825858739382369 0.0011340903237470027 -0.0052688334190843901 0.013562038813714464 -0.0036566621600538068 -0.00027870494164213732 -0.0015482024504510224 -0.0073813335323000195 -0.0056263095867090645 -0.0011950126993319657
leaf_weight=285.18932095170021 8.7268706858158094 6.7402833551168468 511.58115366101265 52.954910904169083 10.137474730610849 218.89049220085144 9.7706350833177549 14.73219610750675 13.069684490561484 14.067262932658194 108.05636096000671 296.42759361863136 221.36611405014992 37.393540948629379 366.60218785703182 19.884258985519409 18.411106824874878 408.07760065793991 7.6361239552497855 245.49027119576931 24.504273787140846 10.8570619225502 14.690163001418112 6.9042503982782391 443.17617212235928 5.1328921914100638 23.434198170900345 184.10275927186012 81.090476632118225 24.720242008566856
leaf_count=1300 35 27 2275 228 41 1050 40 61 56 57 434 1297 965 150 1496 81 74 1636 31 1022 100 44 60 28 1812 23 94 792 347 100
internal_value=0 0.00460651 -0.00670329 0.00754225 0.00139139 -0.00931695 -0.0042346 -0.00597036 0.00669679 0.000247823 -0.00204195 0.00749245 0.00622353 0.00094492 0.00295304 -0.000549659 -0.00703051 0.000695949 0.00709028 0.00508689 0.00474717 -0.00319334 0.00090599 0.00607 -0.00349006 0.0100221 -0.00395113 -0.00634571 -0.00433994 0.00340369
internal_weight=3693.82 2189.3 1504.52 1144.14 1045.16 730.472 774.051 289.696 853.813 603.779 140.535 570.749 274.321 463.245 441.381 50.0587 32.4784 445.471 17.7736 283.064 269.995 484.355 32.4515 17.7613 451.903 290.322 30.1745 279.925 95.8227 391.322
internal_count=15756 9212 6544 4991 4221 3325 3219 1240 3668 2423 565 2490 1193 1858 1798 202 131 1786 72 1178 1122 1979 132 72 1847 1323 121 1200 408 1596
is_linear=0
shrinkage=0.01


Tree=62
num_leaves=31
num_cat=0
split_feature=4 14 0 2 14 2 9 0 9 11 19 27 26 23 18 11 13 21 5 17 23 27 23 18 25 1 1 17 9 24
split_gain=1120.04 168.268 132.508 23.8542 22.1872 15.9389 13.3125 12.5842 12.0992 9.29624 12.5489 7.67542 7.22126 15.4044 9.07497 6.92226 10.0587 8.01608 6.55973 6.90582 5.92334 6.55876 6.4688 6.11084 6.07747 5.8678 9.15891 8.83073 5.85428 5.47148
threshold=-0.069633975157258859 -0.76157425996426065 0.71556928069885861 1.6417879253725467 -0.45726127700065849 -1.3706774009881311 0.33182151145814515 0.10872657857039149 0.91337706774660166 0.8468407126159978 1.9045535639626554 -0.11224839823757597 0.56897663852840241 0.58832251042775296 -0.21178508586742376 -0.12018827658828486 -0.46949875814778147 -1.344818040180966 1.1251884086587998 -0.15022520777660348 0.58832251042775296 -0.28574915164132436 1.1520879352820346 0.55512034101912044 -1.5186804239585132 1.6381189509688483 1.4473979554129517 1.510682075347066 0.72091480992890122 0.4645466550171124
decision_type=2 2 2 2 2 2 2 2 2 2 2 2 2 2 2 2 2 2 2 2 2 2 2 2 2 2 2 2 2 2
left_child=1 5 7 20 8 -1 12 -2 15 -8 -11 -10 14 -14 -6 17 -17 -3 -7 -20 21 -4 23 -22 -24 26 27 -9 -28 -27
right_child=2 4 3 -5 6 18 9 25 11 10 -12 -13 13 -15 -16 16 -18 -19 19 -21 22 -23 24 -25 -26 29 28 -29 -30 -31
leaf_value=0.011672237464144031 -0.0011545837727533451 -0.0010052403537214409 -0.0098776279229005302 -0.011671052736958612 0.0045217108774343586 0.0079120854384888625 -2.752362498710967e-05 -0.0037497166431292297 0.0033580810467046078 -0.0086144451224215678 0.0040833594275978199 -0.0059603763959967491 0.0021448043565737533 -0.0059289316661300887 0.0011277872805056318 0.0027652058129392257 0.010717537189261611 0.0066303911596773827 -0.0028741485436810776 0.0060506343817604471 -0.0025426002404222896 -0.0074274902878497763 0.0023485887442010098 -0.0080487338021698138 -0.0087956873456156576 -0.011277056225433965 -0.00067897088160765991 -0.014913820289035087 0.012642487711187922 -0.0018632221734145435
leaf_weight=106.96938990056515 230.46783718466759 14.808687701821325 191.76917968690395 217.84009355306625 151.08135525882244 732.36814871430397 143.0585148781538 505.31099385023117 16.126197308301926 30.831522211432457 10.212394818663595 19.145474642515182 81.985406368970871 33.075080141425133 166.79982174932957 230.77154605090618 17.123942896723747 155.54690739512444 9.1746465712785703 112.93559776246548 61.841369181871414 276.28044904768467 4.9984895139932624 30.558146893978119 86.709432423114777 19.963563442230228 8.4968151152133924 7.1630358546972266 5.1527299433946601 9.3811904937028867
leaf_count=504 927 61 853 1050 611 3216 575 2084 65 124 41 77 330 133 672 943 70 644 39 487 273 1228 22 135 384 83 35 30 21 39
internal_value=0 0.00497465 -0.00610463 -0.00879378 0.00224598 0.00801143 0.00100933 -0.00312585 0.00392572 -0.00123934 -0.00542847 -0.00167426 0.00196792 -0.000170507 0.0027449 0.00440065 0.00332266 0.00596057 0.00755066 0.00537009 -0.00782951 -0.00843539 -0.00628002 -0.00438112 -0.00817549 -0.00394159 -0.00369405 -0.00391059 0.00433255 -0.00831807
internal_weight=3687.95 2032.01 1655.93 869.997 1070.57 961.448 617.044 785.936 453.523 184.102 41.0439 35.2717 432.942 115.06 317.881 418.251 247.895 170.356 854.478 122.11 652.157 468.05 184.107 92.3995 91.7079 555.468 526.124 512.474 13.6495 29.3448
internal_count=15756 8592 7164 3945 4346 4246 2486 3219 1860 740 165 142 1746 463 1283 1718 1013 705 3742 526 2895 2081 814 408 406 2292 2170 2114 56 122
is_linear=0
shrinkage=0.01


Tree=63
num_leaves=31
num_cat=0
split_feature=13 0 0 14 0 2 13 2 0 8 26 0 7 9 15 6 9 26 6 25 15 13 26 1 23 22 22 15 7 24
split_gain=1099.91 206.331 89.5716 23.5656 18.9053 17.83 12.9421 12.443 12.1556 11.4021 8.15576 8.14365 7.59629 10.598 7.42227 7.23302 7.73185 6.91783 6.88243 6.77834 7.46098 6.7142 6.52847 6.42955 5.91919 5.90966 5.92262 5.82854 5.81367 5.74751
threshold=0.066292827128768092 -0.65374491649275401 0.85938272918867475 -1.0996451299552181 -0.3603992642560227 1.6417879253725467 -1.1044171093987483 -0.86088341718025208 0.54571841607728444 -1.7376012907443976 -0.89895099986394589 -1.3968135513546232 0.81380020644034456 0.81292707512926776 -0.89994317424838111 -0.044263638409454818 -0.40774957992554817 -1.227287585290834 -0.78301990331611515 0.43889714139118879 -0.14337196289778434 -0.87792337055845782 1.5923691714116048 1.9291533396694542 -0.97869857868605614 -2.0572937428602605 -1.5517388702850798 -0.987244570452115 2.2520556661244697 -0.18857201080198152
decision_type=2 2 2 2 2 2 2 2 2 2 2 2 2 2 2 2 2 2 2 2 2 2 2 2 2 2 2 2 2 2
left_child=1 3 8 11 18 -4 24 23 10 -10 17 -1 15 14 -14 16 -6 -2 19 20 -3 -9 28 -8 -5 -20 -27 -26 -12 -19
right_child=2 4 5 6 12 -7 7 21 9 -11 22 -13 13 -15 -16 -17 -18 29 25 -21 -22 -23 -24 -25 27 26 -28 -29 -30 -31
leaf_value=0.012163437140847394 -0.003606021056183354 0.0115046380220734 -0.0081611118264094135 -0.0051593867343010099 0.0047246531335904465 -0.0116107325462395 0.0080890614668801316 -0.0010654344240270479 0.004653948432848872 -0.006244258168617625 -0.0019762077511548829 0.0085798879844468084 0.00071156905000062897 -0.00025375597483817008 -0.0094780462194315341 -0.00081894246782861528 0.00087290497831961312 -0.010824032386739154 -0.0073162143581531657 -0.0095471513721034958 -0.003893728100895557 0.0054819127050149564 -0.0076834840846284856 -0.0028050317083513588 0.011822602675442275 0.0087334427870112991 0.0030443511758157897 0.00041020457261022047 -0.012684647284867311 -0.0014033449872967165
leaf_weight=79.668543517589569 63.943869948387146 4.9271513968706122 508.95632579922676 12.32194662094116 66.536956742405891 216.78788794577122 336.13755616545677 16.22972284257412 9.7671710103750211 279.01245102286339 326.30335967242718 366.50653457641602 9.6933978050947172 103.61592535674572 25.236347451806068 178.88987612724304 244.37939362227917 32.558631226420403 5.1474774181842795 8.4216206073760969 8.2099664062261599 299.01075157523155 22.875983938574791 5.3229691088199607 5.9615508913993827 19.350406855344772 394.929642111063 17.898444667458538 5.0926360189914694 8.4335930496454221
leaf_count=378 264 20 2275 53 267 1050 1476 69 40 1200 1328 1636 39 416 102 718 980 136 21 34 33 1252 96 23 26 79 1611 78 21 35
internal_value=0 0.00446457 -0.00669037 0.00742618 0.00130852 -0.00919439 0.00626551 0.00658637 -0.00425858 -0.00587071 -0.00324153 0.00922459 0.000192811 -0.0018716 -0.00662781 0.00077905 0.00170166 -0.00569725 0.0028956 -0.00257995 0.00184926 0.00514143 -0.00250991 0.00791554 0.000412236 0.00317997 0.00331454 0.00334083 -0.00214756 -0.00891832
internal_weight=3682.13 2208.4 1473.73 1139.06 1069.34 725.744 692.883 656.701 747.988 288.78 459.208 446.175 628.352 138.546 34.9297 489.806 310.916 104.936 440.986 21.5587 13.1371 315.24 354.272 341.461 36.1819 419.428 414.28 23.86 331.396 40.9922
internal_count=15756 9311 6445 4991 4320 3325 2977 2820 3120 1240 1880 2014 2522 557 141 1965 1247 435 1798 87 53 1321 1445 1499 157 1711 1690 104 1349 171
is_linear=0
shrinkage=0.01


Tree=64
num_leaves=31
num_cat=0
split_feature=13 14 2 2 2 2 2 8 18 10 10 17 15 18 20 27 5 8 7 16 24 20 7 17 5 17 4 13 28 21
split_gain=1079.97 203.198 87.4948 31.257 15.7334 15.7077 14.7389 11.5988 10.1877 9.05375 8.90975 8.12167 8.00776 7.13922 7.11034 6.60836 6.82577 8.83704 6.58812 6.56864 6.56366 7.90932 6.52404 6.45762 6.45471 6.78626 6.36164 6.04474 5.66181 5.45277
threshold=0.066292827128768092 -0.76157425996426065 0.95773589906861989 -0.37799416502083233 -1.3706774009881311 0.51157606918868004 1.6417879253725467 -1.7376012907443976 -0.36824828424912365 -1.9143239862588 -1.3967127613426431 0.12204257565834235 -1.1682280271607357 -0.64111536469344987 -1.825797910981324 0.47385042549911 1.3729838890386648 1.3359447130143927 0.58609563625921235 -0.65787604753370077 -0.41831477174283876 -1.1347535132216178 0.87615088416429654 -2.0272782034410439 1.1251884086587998 -0.15022520777660348 -0.39702771124863034 -0.13813250389631665 -0.76994818657512043 -0.80956045746800565
decision_type=2 2 2 2 2 2 2 2 2 2 2 2 2 2 2 2 2 2 2 2 2 2 2 2 2 2 2 2 2 2
left_child=1 4 5 10 -1 15 19 9 11 -7 29 12 -5 -13 -12 16 17 -2 -17 -4 21 -10 -20 -9 -6 -26 -16 -22 -25 -3
right_child=2 3 6 8 24 7 -8 23 20 -11 14 13 -14 -15 26 18 -18 -19 22 -21 27 -23 -24 28 25 -27 -28 -29 -30 -31
leaf_value=0.011547900998048404 -0.0039214997625581479 0.0029465502025043558 -0.0061832717998494269 0.010445989000756821 0.0077952268548920466 -0.0049810474130869411 -0.011551083583406988 0.0031267458270409919 0.013044184154019985 0.012563710411318199 0.013228117914211655 -0.0098037841233985321 0.0020308577157843559 0.0013133998698778735 0.0033421217164313643 -9.2607234039753468e-05 -0.0090911747057279349 0.0056031733987588137 -0.010793049849625811 -0.009058420949607477 -0.00038046960468304076 0.00060808845833034894 -0.002017750800741889 -0.0086669519823189302 -0.0029061760011584287 0.0059460726359149476 -0.00067129792700214286 -0.0034177046943159994 -0.0057042748915008094 0.011985471572398581
leaf_weight=106.00811070203781 243.66836804151535 10.85048282146454 111.07301904261112 11.942002251744269 728.9838128387928 5.6204676330089569 215.73411007225513 7.1037768274545661 5.228983834385871 5.8674002140760404 6.8955980837345114 10.444562405347826 209.31907743215561 12.435730233788489 506.17713998258114 106.43461880087852 24.555598646402359 9.9768259674310666 12.649999663233755 316.91974161565304 170.34766089916229 136.45098555088043 26.602293461561203 85.258332937955856 9.1651635169982892 112.54732958972454 42.361137911677361 107.3146076053381 299.17428568005562 19.161441251635551
leaf_count=504 1000 45 497 48 3216 23 1050 30 21 24 29 42 841 50 2073 433 102 41 52 1425 684 548 109 368 39 487 172 431 1291 81
internal_value=0 0.00442553 -0.00663758 0.00176774 0.00789355 -0.0044823 -0.0094035 -0.00589877 0.000279941 0.00392469 0.00345182 0.00190459 0.00249407 -0.00373852 0.00316106 -0.00313212 -0.00403744 -0.00354086 -0.00139488 -0.00831621 -0.000663773 0.001083 -0.00489145 -0.00619047 0.00743569 0.00526943 0.00303029 -0.00155875 -0.00636601 0.0087714
internal_weight=3676.27 2205.63 1470.64 1248.93 956.704 826.912 643.727 403.024 663.484 11.4879 585.446 244.141 221.261 22.8803 555.434 423.888 278.201 253.645 145.687 427.993 419.342 141.68 39.2523 391.536 850.696 121.712 548.538 277.662 384.433 30.0119
internal_count=15756 9311 6445 5065 4246 3473 2972 1736 2665 47 2400 981 889 92 2274 1737 1143 1041 594 1922 1684 569 161 1689 3742 526 2245 1115 1659 126
is_linear=0
shrinkage=0.01


Tree=65
num_leaves=31
num_cat=0
split_feature=4 0 0 0 0 13 0 0 7 7 9 4 23 29 15 6 1 25 26 6 22 27 25 21 27 7 7 21 7 22
split_gain=1060.52 193.974 92.6524 23.1603 17.1613 16.7586 13.0533 10.2578 9.77894 9.07201 10.1886 8.19314 12.4602 6.85836 8.38748 6.77917 8.70814 9.46546 6.6732 6.53879 6.52447 6.39265 8.25448 6.37523 6.3163 6.40566 6.23365 7.72807 5.70463 5.67187
threshold=0.048248647368652704 -0.65374491649275401 0.85938272918867475 -1.2044007760984523 -0.3603992642560227 1.6238370959892461 0.54571841607728444 -0.83258579475241201 -0.16609151014886112 0.81380020644034456 0.81292707512926776 -1.0199170013970111 -0.94968947710789797 -1.607733817043496 -0.44211130071501187 -0.72060071150768945 -0.42558623387072275 0.99237771104748351 -1.0039647220905208 0.83674169705220403 -0.097045033374803302 0.47385042549911 0.62900699183640119 -1.2138530240692484 0.572230661933535 0.66631058882189642 -1.9536770097069749 1.3085031396383926 1.6725080510490888 -0.3806118839672944
decision_type=2 2 2 2 2 2 2 2 2 2 2 2 2 2 2 2 2 2 2 2 2 2 2 2 2 2 2 2 2 2
left_child=1 3 6 28 15 -4 21 11 19 13 20 12 -5 14 -6 16 -3 -18 -13 -8 -11 22 -2 -15 -23 -26 -9 -28 -1 -21
right_child=2 4 5 7 9 -7 8 26 -10 10 -12 18 -14 23 -16 -17 17 -19 -20 29 -22 24 -24 -25 25 -27 27 -29 -30 -31
leaf_value=0.0099694665291569073 -0.0035698157799469513 -0.0075608929656229727 -0.0080653939047180632 0.0015916892555033529 0 -0.011419703201341705 0.00058800910091838391 0.011712192475043976 -0.0071739319310825172 -0.012026759648398588 -0.00049478445174989017 0.0040275223564885986 0.0070387079254934076 0.0046197683086264913 0.013641208074783237 0.0032822482105476277 0.0040114686291387079 -0.010127355391540723 0.0089559512928853464 -0.0011933514958206574 -0.0028758136833222044 0.0045494326782981953 -0.011636701815624552 0.00030552829125763005 -0.0011001194021676066 -0.0062781685682834799 0.0051040937062220041 -0.00075372921688720413 -0.0005162601409249856 -0.0069704116487529257
leaf_weight=281.31822440028191 300.96387822926044 13.20343144237995 505.08758674561977 52.634222358465195 8.6433394402265566 215.8667873442173 30.102563261985779 12.955196648836134 182.8173835426569 14.034070298075674 108.0264858007431 31.828870311379433 219.42827329039574 37.378850445151329 9.1093632429838163 390.59958173334599 31.360912188887596 5.4502237290143958 261.80953578650951 27.110543817281723 18.39532558619976 15.504995942115782 13.299501061439512 408.00913298130035 123.87706528604031 29.7609603703022 244.46884688735008 24.456854000687599 5.0914895981550208 47.848492234945297
leaf_count=1300 1235 53 2274 228 35 1051 126 56 792 57 434 140 965 150 37 1596 127 22 1157 115 74 63 55 1636 504 122 1022 100 23 207
internal_value=0 0.00444883 -0.00649418 0.00731245 0.00133765 -0.00907257 -0.00408188 0.00647657 -0.00577184 0.000240416 -0.00198267 0.00725763 0.00598955 0.000917047 0.00700069 0.00283808 -0.00061041 0.00186923 0.00842669 -0.00331807 -0.0068915 -0.00307242 -0.00391798 0.000670798 -0.00149411 -0.00211309 0.00490352 0.00456757 0.00977946 -0.00489871
internal_weight=3670.44 2178.2 1492.24 1133.99 1044.21 720.954 771.285 847.582 287.879 603.597 140.456 565.701 272.062 463.141 17.7527 440.614 50.0146 36.8111 293.638 105.062 32.4294 483.406 314.263 445.388 169.143 153.638 281.881 268.926 286.41 74.959
internal_count=15756 9212 6544 4991 4221 3325 3219 3668 1240 2423 565 2490 1193 1858 72 1798 202 149 1297 448 131 1979 1290 1786 689 626 1178 1122 1323 322
is_linear=0
shrinkage=0.01


Tree=66
num_leaves=31
num_cat=0
split_feature=13 14 13 2 2 2 2 3 26 8 7 6 26 3 11 19 26 7 20 15 26 29 28 28 29 25 13 8 16 26
split_gain=1041.38 197.136 85.6164 30.0783 17.5606 15.6133 11.7058 10.506 12.413 11.5941 9.14799 11.6932 9.46926 8.95371 8.54765 8.98131 7.93258 7.04657 6.75232 12.6476 6.69164 8.20466 8.28949 7.81934 7.02041 6.59987 6.53144 6.2427 6.67704 6.3942
threshold=0.066292827128768092 -0.76157425996426065 0.88622533803942172 -0.37799416502083233 1.6417879253725467 -1.3706774009881311 0.51157606918868004 -0.50328318616273049 1.1527990279598015 -0.81409798715327519 -0.22753298711905356 0.79027588591860576 0.66077624785731714 -0.96137509970956414 1.1735587172130433 0.91083349021805671 0.059865194848650445 -0.012209056562377838 -1.4970100676597846 0.77599431307185507 -0.88295768276908804 1.632432623888074 -1.462331786782989 -1.2851587605247279 -0.56231028473097011 -0.3195319928231109 0.86251764409700959 0.96378112969195773 2.3082959666201797 1.9009246235286728
decision_type=2 2 2 2 2 2 2 2 2 2 2 2 2 2 2 2 2 2 2 2 2 2 2 2 2 2 2 2 2 2
left_child=1 5 6 13 -4 -1 20 8 9 -5 11 12 -8 18 15 -15 -16 -10 -3 -20 23 22 -22 -2 -25 -13 -12 -7 29 -29
right_child=2 3 4 7 -6 27 10 -9 17 -11 26 25 -14 14 16 -17 -18 -19 19 -21 21 -23 -24 24 -26 -27 -28 28 -30 -31
leaf_value=0.011433373352528791 -0.0017720230781733148 0.01123389980509982 -0.0079833563099320198 0.00017606781029829295 -0.011435747983266667 0.0077529944417986394 -0.0011351101393558488 -0.00055662705893232806 -0.0012353209525154281 0.0053781979431126179 -0.0068922342521656804 -0.0093138181165214606 0.012085855901720306 0.0030770141610207587 0.013609733177024342 -0.00097029152039776044 0.0013666746165813381 -0.013397223717275532 0.0063381552755992924 -0.0052996238082522193 0.0089123706359493828 0.0054003807122325158 -0.0029231224876207179 -0.011102333219847516 -0.0042596843119064214 -0.0024626286577115429 0.0017897596233649336 0.0062594909693186943 -0.0057008459305490315 -0.0054538983200029534
leaf_weight=105.10020226240158 38.732993975281715 20.710042029619217 497.54592417180538 75.703595399856567 213.65832017362118 678.45303754508495 16.962709456682209 461.37661726772785 20.193488910794262 99.859141796827316 236.66792815923691 23.185085371136665 7.7746165096759787 399.12241087853909 13.650241017341616 63.096089661121368 8.958666190505026 6.2419816106557837 68.606439054012299 10.635473266243933 5.9007565677165976 12.890187129378317 303.5287754535675 29.379747211933136 32.306122943758965 37.187182709574699 8.7680567204952222 158.78951594233513 4.9371049851179114 4.636750951409339
leaf_count=504 160 88 2233 305 1050 3010 70 1853 81 401 1027 100 32 1635 57 255 37 25 284 44 24 52 1241 123 134 160 39 691 21 20
internal_value=0 0.00434904 -0.00653379 0.00173363 -0.00902338 0.00777679 -0.00418105 0.000274377 0.00217673 0.00314208 -0.00559476 -0.00274493 0.00301173 0.00338697 0.00282024 0.00252227 0.0088299 -0.00418436 0.00612038 0.00475887 -0.00307223 -0.0023631 -0.00269138 -0.00533379 -0.00754758 -0.00512132 -0.0065774 0.00732048 0.00556808 0.00591791
internal_weight=3664.56 2200.07 1464.49 1248.15 711.204 951.917 753.284 663.375 201.998 175.563 330.546 85.1096 24.7373 584.779 484.827 462.219 22.6089 26.4355 99.952 79.2419 422.739 322.32 309.43 100.419 61.6859 60.3723 245.436 846.816 168.363 163.426
internal_count=15756 9311 6445 5065 3283 4246 3162 2665 812 706 1428 362 102 2400 1984 1890 94 106 416 328 1734 1317 1265 417 257 260 1066 3742 732 711
is_linear=0
shrinkage=0.01


Tree=67
num_leaves=31
num_cat=0
split_feature=4 14 13 2 14 2 13 20 10 28 19 28 24 7 6 17 24 16 8 25 13 13 17 13 27 5 7 5 22 10
split_gain=1022.66 156.265 119.819 21.2912 20.3988 17.5001 15.5355 10.6724 10.3042 11.2614 9.80598 9.72677 12.2003 9.00024 11.4769 8.175 7.39101 6.79138 6.5389 6.49768 6.42385 6.24246 7.80905 9.60073 6.55335 6.66954 6.46721 6.44737 6.1095 6.08151
threshold=-0.069633975157258859 -0.76157425996426065 0.88622533803942172 0.51157606918868004 -0.45726127700065849 1.6417879253725467 -1.2280265127299848 0.52683416358168189 0.90279799541582795 0.73713895312830036 0.55962546462841611 -1.8523903376959956 -0.41831477174283876 -0.22753298711905356 0.79027588591860576 -1.5039790479353716 1.6521279885890914 2.3082959666201797 0.56265137261609766 -0.3195319928231109 0.86251764409700959 0.066292827128768092 0.14366608031303152 -0.032344902597846469 0.47385042549911 1.3729838890386648 0.58609563625921235 -0.23079480520938503 -0.51177812158474112 -0.14583219686386958
decision_type=2 2 2 2 2 2 2 2 2 2 2 2 2 2 2 2 2 2 2 2 2 2 2 2 2 2 2 2 2 2
left_child=1 6 3 21 8 -4 -1 11 16 10 -10 -6 -13 14 -5 -8 -3 -17 -18 -16 28 22 23 -2 25 -23 -26 -24 -15 -9
right_child=2 4 5 13 7 -7 15 29 9 -11 -12 12 -14 20 19 17 18 -19 -20 -21 -22 24 27 -25 26 -27 -28 -29 -30 -31
leaf_value=0.0098447031414769879 -0.002929060660872181 0.0045073360481809027 -0.0079243445087020074 0.0029802031019721519 -0.0052424184861095766 -0.01137798499872548 0.010979365050731368 0.0058022331039821844 -0.014289330801054734 0.0071698876245533004 -0.00042927887752495386 0.0041908796857658588 0.0007488157574747483 -0.0049565986668601908 -0.0092438740380395498 0.0067526022589624703 -0.0035101338590214871 -0.0024014968063262592 0.0092089622700625238 -0.0024396210712111098 0.0017710654578001954 -0.0034583493756560803 -0.0096499785663525257 0.0033662823048693554 -2.3036377401057834e-05 -0.0089541734706627147 -0.004782264574297021 -0.0018927813988880474 -0.0082506146376153024 -0.0018929069784158104
leaf_weight=254.47245560586452 38.706208780407906 395.03289516270161 496.24586646258831 24.749114722013474 19.106956914067268 212.60139267146587 47.519484862685204 10.922771051526068 8.2142846882343346 9.6541795283555967 13.64562666416168 163.12578155100346 281.63165408372879 101.91592602431774 23.127954870462418 639.52570086717606 20.660245150327686 7.999951869249343 4.9006841927766791 37.163572639226913 8.7730306237936002 252.22353659570217 12.946906313300131 64.037845462560654 106.14546374976635 24.475874096155167 39.176743194460869 63.933190122246742 134.30353210866451 141.77374093234539
leaf_count=1189 155 1628 2233 102 77 1050 217 44 33 39 55 660 1135 442 100 2806 85 34 20 160 39 1037 52 257 432 102 161 257 585 570
internal_value=0 0.00476635 -0.00586396 -0.00350431 0.00214185 -0.00896305 0.00771859 0.000956339 0.00375581 -0.00173245 -0.00572435 0.00171206 0.00201418 -0.00554752 -0.00271985 0.00693743 0.00416972 0.00663761 -0.0010062 -0.00507729 -0.00652345 -0.00238111 -0.000811593 0.000984406 -0.00304642 -0.00395116 -0.00131534 -0.00322295 -0.00683636 -0.00133247
internal_weight=3658.71 2018.19 1640.53 931.679 1068.67 708.847 949.518 616.561 452.108 31.5141 21.8599 463.864 444.757 330.033 85.0406 695.045 420.594 647.526 25.5609 60.2915 244.992 601.646 179.624 102.744 422.022 276.699 145.322 76.8801 236.219 152.697
internal_count=15756 8592 7164 3881 4346 3283 4246 2486 1860 127 88 1872 1795 1428 362 3057 1733 2840 105 260 1066 2453 721 412 1732 1139 593 309 1027 614
is_linear=0
shrinkage=0.01


Tree=68
num_leaves=31
num_cat=0
split_feature=4 14 0 0 2 2 0 8 3 26 8 26 3 21 16 10 24 26 21 2 8 16 11 27 25 27 8 9 21 10
split_gain=1004.31 185.961 89.6155 27.7221 17.4778 15.4964 12.3374 11.1006 8.71148 14.2615 11.0015 9.59989 8.60575 8.61796 9.63102 7.46428 7.36557 10.8434 8.01779 6.70988 6.17321 6.48508 6.41641 6.11237 8.13695 6.19549 6.84547 5.75831 5.72435 5.40832
threshold=0.048248647368652704 -0.76157425996426065 0.85938272918867475 -0.3603992642560227 1.6417879253725467 -1.3706774009881311 0.54571841607728444 -1.7376012907443976 -0.50328318616273049 1.1527990279598015 -0.81409798715327519 1.3356780914680701 -0.96137509970956414 0.91499381679613656 0.97560083912297224 0.63133097088000489 -0.37688911212957449 -0.87061029762981124 -1.289532195381818 -0.77517090992192761 0.96378112969195773 2.3082959666201797 0.19534344525382427 0.47385042549911 0.62900699183640119 0.572230661933535 -0.78912363814600361 0.82748318455330738 -1.1011291179209792 -2.4405923957375211
decision_type=2 2 2 2 2 2 2 2 2 2 2 2 2 2 2 2 2 2 2 2 2 2 2 2 2 2 2 2 2 2
left_child=1 5 6 12 -4 -1 23 -8 9 10 -5 -11 15 14 -14 28 18 -18 -10 -15 27 22 -22 24 29 -25 -27 -7 -3 -2
right_child=2 3 4 8 -6 20 7 -9 16 11 -12 -13 13 19 -16 -17 17 -19 -20 -21 21 -23 -24 25 -26 26 -28 -29 -30 -31
leaf_value=0.011320339935169812 -0.011609054141642115 0.00068381016104218249 -0.0078697838920806437 -5.94822667636558e-05 -0.011320826668510536 0.0077298058551790319 0.0047720593415077669 -0.0059908733246418332 0.0094389594423503927 -0.016189874738551286 0.0054862626805321883 -0.0010955753364348597 0.0026196343001675965 -0.01005830781133811 0.0067928522385513916 -0.0026816641985540251 -0.0085414901401845381 -0.0009355945492953143 0.00058574083180077644 0.00068718317019988669 0.013348752675305237 -0.0056366296621156347 0.005264057136334984 0.0045388146207961718 -0.011493523271001288 0.0013715120945436328 -0.0033540059580680092 -0.0014800983672973473 0.0073689369780282031 -0.0032434921633700763
leaf_weight=104.1837262660265 7.9605662971734992 15.270726785063742 502.27634012699127 59.540580794215202 211.54387566447258 668.52560909092426 9.751405864953993 276.71014676988125 10.944003552198408 5.9947276115417507 88.18110403418541 14.239258065819739 337.40114054083824 6.1015824079513541 66.67228190600872 9.5771681815385801 20.171799853444099 258.74951440095901 144.89906869828701 92.181025177240372 10.655338883399962 4.942710503935813 152.16065958142281 15.505822896957396 13.256170526146887 41.824676230549812 111.68367981910706 6.6447092890739432 92.81154602766037 292.49325761198997
leaf_count=504 33 63 2275 239 1050 2982 40 1200 44 24 354 57 1383 25 273 39 81 1039 582 376 47 21 664 63 55 170 456 28 387 1202
internal_value=0 0.00433455 -0.0063425 0.00175674 -0.00889536 0.00766095 -0.00397125 -0.00561947 0.000227679 0.0021624 0.00324571 -0.00567437 0.00324127 0.00266638 0.0033122 0.00568293 -0.000517756 -0.00149211 0.00121952 3.71434e-07 0.00720618 0.00546087 0.00580716 -0.00299012 -0.00381794 -0.00144631 -0.00205993 0.00763748 0.00643516 -0.00347225
internal_weight=3652.85 2169.85 1483.01 1222.74 713.82 947.113 769.186 286.462 602.72 167.956 147.722 20.234 620.015 502.356 404.073 117.659 434.764 278.921 155.843 98.2826 842.929 167.759 162.816 482.724 313.71 169.014 153.508 675.17 108.082 300.454
internal_count=15756 9212 6544 4966 3325 4246 3219 1240 2420 674 593 81 2546 2057 1656 489 1746 1120 626 401 3742 732 711 1979 1290 689 626 3010 450 1235
is_linear=0
shrinkage=0.01


Tree=69
num_leaves=31
num_cat=0
split_feature=4 0 0 0 2 0 0 7 0 7 9 4 23 6 8 1 22 20 18 27 10 11 10 11 21 22 27 25 0 1
split_gain=986.129 186.039 85.7065 23.1736 16.3015 15.3458 12.8033 10.0463 9.50722 9.17819 9.44561 8.75737 14.3295 7.93332 7.57463 7.28456 7.15172 6.61628 6.43935 6.34133 6.31644 7.97628 12.1482 9.55016 7.20979 6.57959 6.1706 7.82282 5.72976 8.33146
threshold=0.060511841255135722 -0.64299027693002697 0.89160715104643995 -1.17202286210494 1.6417879253725467 -0.3603992642560227 0.54571841607728444 -0.22753298711905356 -0.81471984326092128 0.81380020644034456 0.81292707512926776 -1.0199170013970111 -0.92241242871117335 0.79027588591860576 -1.7376012907443976 1.9291533396694542 -0.097045033374803302 1.6484744710172041 1.5875935454347225 -0.097657430261525999 -1.3967127613426431 -0.044184180158212606 0.90279799541582795 0.16907240969108253 -0.43071480135737522 -0.81322094371157427 0.47385042549911 0.62900699183640119 -0.79661213533050768 0.96634758468199156
decision_type=2 2 2 2 2 2 2 2 2 2 2 2 2 2 2 2 2 2 2 2 2 2 2 2 2 2 2 2 2 2
left_child=1 3 6 17 -4 20 26 13 11 -7 16 12 -5 -8 -15 -13 -11 -1 -12 -19 24 22 -22 -23 25 -3 27 -2 29 -10
right_child=2 5 4 8 -6 9 7 -9 28 10 18 15 -14 14 -16 -17 -18 19 -20 -21 21 23 -24 -25 -26 -27 -28 -29 -30 -31
leaf_value=0.0096098598056284443 -0.0035222171845070188 0.010366818087935136 -0.0078934377136612652 0.00066520690946835436 -0.011264257468027995 0.00087222825878161675 0.0041495893514932915 -0.0069702381723695042 -0.0023052919118392795 -0.01201458976063546 -0.0015957697160555605 0.0081762768177217511 0.0067288122754323903 0.0038997094453360778 -0.0051288338164794502 -0.003704824669482821 -0.0025983938975060916 -0.0045356002551626036 0.0052086228077631641 0.0093928993900163488 0.0045628928482634645 -0.0025508429216127919 -0.0061223420389169671 0.0022849324194166402 0.013333907415690299 -0.0052476302267530587 -0.0014522619460320492 -0.011403680875802983 0.0050993262983881392 0.010892669151614969
leaf_weight=312.00509455800056 289.90888392925262 4.8351821750402451 473.2199130654335 50.466718405485153 210.48600532114506 475.21152545511723 12.775949522852896 203.32483120262623 23.244585141539577 14.256889715790747 93.750061929225922 314.38014481961727 177.20156575739384 10.194804176688192 87.420682713389397 5.0763370692729941 19.376766622066498 6.6032676547765732 16.193812906742096 6.2034739404916746 173.76364128291607 54.177964121103287 11.171095013618467 163.43441788852215 11.532243877649305 5.7887390255928057 164.00869657099247 13.227931022644041 237.84763652086258 5.9088504612445822
leaf_count=1453 1193 20 2151 220 1050 1907 53 889 99 58 377 1398 785 42 380 22 78 30 65 29 713 220 45 665 49 24 669 55 992 25
internal_value=0 0.00425943 -0.00634767 0.00705408 -0.00893414 0.00120782 -0.00408088 -0.00564732 0.00614789 0.000201304 -0.00201142 0.00690715 0.00538998 -0.00319755 -0.00417265 0.00798325 -0.00664323 0.00931973 -0.00058063 0.00215427 0.00267157 0.00238056 0.00390908 0.00107578 0.00787932 0.001796 -0.0030258 -0.00387308 0.00458631 0.000363593
internal_weight=3647 2182.43 1464.57 1138.94 683.706 1043.49 780.862 313.716 814.126 618.789 143.578 547.125 227.668 110.391 97.6155 319.456 33.6337 324.812 109.944 12.8067 424.703 402.547 184.935 217.612 22.1562 10.6239 467.146 303.137 267.001 29.1534
internal_count=15756 9274 6482 5053 3201 4221 3281 1364 3541 2485 578 2425 1005 475 422 1420 136 1512 442 59 1736 1643 758 885 93 44 1917 1248 1116 124
is_linear=0
shrinkage=0.01


Tree=70
num_leaves=31
num_cat=0
split_feature=4 14 0 2 14 2 9 9 0 10 27 26 23 7 22 2 22 5 3 14 23 27 23 25 1 1 17 9 16 24
split_gain=968.459 149.453 119.555 22.9325 19.4362 15.3864 11.9799 11.1772 10.8463 10.1473 7.46352 6.91816 15.1049 8.20437 6.69088 6.44305 6.23819 6.16622 7.59913 8.53703 5.99017 6.60715 6.524 6.07292 5.69413 9.0678 8.70195 5.75165 5.55454 5.44236
threshold=-0.069633975157258859 -0.76157425996426065 0.71556928069885861 1.6417879253725467 -0.45726127700065849 -1.3706774009881311 0.33182151145814515 0.91337706774660166 0.10872657857039149 0.10910490822095141 -0.11224839823757597 0.56897663852840241 0.58832251042775296 -1.1202567262474703 -2.0572937428602605 -0.42775803404277934 -1.158585927961987 1.1251884086587998 0.43980418157509615 -0.88019496915269813 0.58832251042775296 -0.28574915164132436 1.1520879352820346 -1.5186804239585132 1.6381189509688483 1.4473979554129517 1.510682075347066 0.72091480992890122 0.53765452808626935 0.4645466550171124
decision_type=2 2 2 2 2 2 2 2 2 2 2 2 2 2 2 2 2 2 2 2 2 2 2 2 2 2 2 2 2 2
left_child=1 5 8 20 7 -1 11 14 -2 -8 -9 13 -13 -6 -3 -16 -11 -7 -19 -20 21 -4 28 -24 25 26 -10 -27 -22 -26
right_child=2 4 3 -5 6 17 9 10 24 16 -12 12 -14 -15 15 -17 -18 18 19 -21 22 -23 23 -25 29 27 -28 -29 -30 -31
leaf_value=0.011211359537554214 -0.0010726127033233866 -0.0048162359465691697 -0.0094527621113251123 -0.011208262758726882 0.0061421455976288708 0.0074497305451715883 -0.014823358595237519 0.0032417743047121693 -0.0034760061139120823 -0.0067562639230599551 -0.0059505281939571811 0.0020358630899125676 -0.0059614856743928028 0.0018598126994976442 0.004097384774162746 0.012439102848757783 -0.00020482780627532627 -0.0061846431485544761 0.0065731773941790569 -0.001546544415214208 -0.0020989640854403679 -0.0069716730588650416 0.0028747063435529828 -0.0083551739838607052 -0.010954991676036554 -0.00039850126969347556 -0.014611540707422726 0.012826011041548081 -0.0073770209602845947 -0.0015393037409827314
leaf_weight=103.27985820174217 230.26521122455597 8.0351507812738401 187.82131999731064 209.42798651754856 54.266703650355339 718.54060530662537 5.2245755642652503 16.10550132393837 502.44364181160927 15.903873726725577 19.134208977222443 81.893816038966179 33.055513858795166 263.07563018798828 398.474953353405 9.5368498116731626 162.82716217637062 5.6562407165765753 100.24219532310963 14.60735936462879 60.317952811717987 270.86659902334213 4.9199750423431388 85.003691047430038 19.787376850843433 8.4505677670240384 7.0883357822895041 5.1381029039621344 30.406674936413765 9.3148718625307065
leaf_count=504 927 33 853 1050 221 3216 21 65 2084 64 77 330 133 1062 1646 39 655 24 441 61 271 1228 22 384 83 35 30 21 137 39
internal_value=0 0.00464589 -0.00572467 -0.00832453 0.00208229 0.00754853 0.000925178 0.00365959 -0.00290261 -0.00120847 -0.00172382 0.00183551 -0.000258393 0.00259696 0.00411828 0.00429781 -0.000796833 0.00709519 0.00496843 0.00553131 -0.00737674 -0.00799164 -0.00580635 -0.00772714 -0.00366354 -0.0034194 -0.00363572 0.00458602 -0.00388511 -0.00799111
internal_weight=3641.11 2009.86 1631.25 848.764 1067.53 942.326 616.247 451.287 782.488 183.956 35.2397 432.292 114.949 317.342 416.047 408.012 178.731 839.046 120.506 114.85 639.336 458.688 180.648 89.9237 552.223 523.121 509.532 13.5887 90.7246 29.1022
internal_count=15756 8592 7164 3945 4346 4246 2486 1860 3219 740 142 1746 463 1283 1718 1685 719 3742 526 502 2895 2081 814 406 2292 2170 2114 56 408 122
is_linear=0
shrinkage=0.01


Tree=71
num_leaves=31
num_cat=0
split_feature=13 2 2 2 13 2 2 3 17 19 10 11 11 10 2 13 18 29 7 28 5 7 15 19 29 25 28 28 23 24
split_gain=951 179.888 81.4271 20.4658 20.1249 14.3326 14.0318 9.81283 9.15247 8.61468 8.40696 8.84768 10.486 8.69144 7.87902 9.90934 6.81055 6.75636 6.33753 6.12983 5.96135 6.57649 5.55855 6.59948 5.49186 8.554 5.84656 7.53148 5.377 5.37134
threshold=0.066292827128768092 -0.70485824786225915 0.95773589906861989 -0.37799416502083233 -1.2201868373435214 1.6417879253725467 0.51157606918868004 -0.50328318616273049 -1.5039790479353716 0.22612918026711551 -1.3967127613426431 -0.044184180158212606 0.16907240969108253 0.90279799541582795 -0.86088341718025208 -1.0278500077373911 -0.53776356402808634 1.7579785137595749 1.6725080510490888 -0.78549379442198441 -0.81162100098094203 -0.19526446864514654 -1.1248545534271128 0.44647333536378842 1.632432623888074 1.0586663795762847 -1.462331786782989 -0.45716068730022758 0.29711326537690302 -0.42719855633473897
decision_type=2 2 2 2 2 2 2 2 2 2 2 2 2 2 2 2 2 2 2 2 2 2 2 2 2 2 2 2 2 2
left_child=1 4 6 10 18 -4 24 9 -6 19 -3 13 -13 -12 15 -10 -8 -16 -1 -5 -18 -22 23 -9 26 -26 -2 -28 -27 -24
right_child=2 3 5 7 8 -7 16 22 14 -11 11 12 -14 -15 17 -17 20 -19 -20 -21 21 -23 29 -25 25 28 27 -29 -30 -31
leaf_value=0.0097598911035922144 0.00088349792621259741 0.0086373720728285287 -0.0079164410042871381 0.0049646097426535047 0.010391276159635846 -0.011152830089925334 -0.0034932317741362363 0.0039168462592896686 0.0053698862518914139 0.012417783195814037 0.0047486473786414142 -0.0024144542467466707 0.0025167646724897786 -0.0040027652637004965 0.0048059618271435282 0.0081958798305874075 -0.011664755037783787 -0.0048047404918927878 -0.0007234819498223899 0.0007091368998204706 -0.0029446836435224571 -0.0068227050844866148 0.00065522733712120018 -0.0046989557852608636 0.013090417873555761 -0.0067823353246426387 -0.0057641498592818433 -0.0026107475831204131 0.0062580241595043941 -0.0017859181247050528
leaf_weight=259.06449577212334 32.243939280509949 25.053482115268707 419.96503409743309 43.919739976525307 52.571761727333069 208.3700256049633 116.22304765880108 48.052331209182739 260.73964391648769 7.7122413069009772 188.9458485096693 55.792459666728973 186.627212241292 11.874705106019972 224.38415621221066 244.90427389740944 20.356583297252655 7.3805914819240561 5.7028677612543097 150.24472846090794 57.189592137932777 204.59925621747971 135.16891679167747 10.720136389136313 5.2264518588781383 8.3327551782131177 107.75168576836586 263.940988317132 4.9074928760528556 267.29326683282852
leaf_count=1225 133 106 1922 177 241 1050 499 193 1157 31 781 227 760 48 949 1095 87 31 26 604 249 901 543 43 21 34 445 1084 20 1074
internal_value=-1.74588e-08 0.00416385 -0.00628226 0.00139289 0.00713484 -0.0089929 -0.00420509 0.000260879 0.00632967 0.00210008 0.00299329 0.00267014 0.0013772 0.00422446 0.00603739 0.00674196 -0.00555443 0.00449365 0.00953012 0.00167893 -0.00639842 -0.00598079 -0.000542228 0.00232302 -0.00292914 0.00236276 -0.00317407 -0.0035289 -0.00186329 -0.000963604
internal_weight=3635.26 2186.15 1449.11 1131.41 1054.75 628.335 820.772 663.111 789.98 201.877 468.294 443.24 242.42 200.821 737.409 505.644 398.368 231.765 264.767 194.164 282.145 261.789 461.235 58.7725 422.403 18.4667 403.937 371.693 13.2402 402.462
internal_count=15756 9311 6445 4587 4724 2972 3473 2665 3473 812 1922 1816 987 829 3232 2252 1736 980 1251 781 1237 1150 1853 236 1737 75 1662 1529 54 1617
is_linear=0
shrinkage=0.01


Tree=72
num_leaves=31
num_cat=0
split_feature=4 14 0 4 13 13 0 3 26 7 23 9 8 17 11 23 6 21 8 7 15 25 26 26 26 16 24 26 22 26
split_gain=933.888 178.153 82.9981 26.6709 15.2926 15.1183 12.2363 9.9403 12.7906 9.83997 8.91379 8.75514 8.72488 8.0819 8.03511 9.40323 7.77545 7.48503 7.48432 7.47414 7.36575 7.80971 6.8804 7.69001 6.92039 6.60854 6.17119 11.9408 6.94586 5.98369
threshold=0.060511841255135722 -0.76157425996426065 0.89160715104643995 -0.39702771124863034 1.6238370959892461 -1.2280265127299848 0.54571841607728444 -0.50328318616273049 1.1357990728890506 -0.22753298711905356 0.61060051245891256 0.91337706774660166 -0.81409798715327519 -1.5039790479353716 -0.036063210723163652 -1.9284315868749891 0.79027588591860576 -1.344818040180966 -1.7376012907443976 -1.4784614242221701 1.1288769370718053 -0.025772844818732085 -0.88295768276908804 1.5923691714116048 -1.227287585290834 2.3082959666201797 -0.41831477174283876 -0.87061029762981124 -1.3477682652688043 -0.23377131246110197
decision_type=2 2 2 2 2 2 2 2 2 2 2 2 2 2 2 2 2 2 2 2 2 2 2 2 2 2 2 2 2 2
left_child=1 5 6 11 19 -1 22 8 12 16 -10 14 -5 -7 17 -16 -8 -3 -18 -4 -13 -22 24 -24 -2 29 28 -28 -9 -15
right_child=2 3 4 7 -6 13 9 26 10 -11 -12 20 -14 25 15 -17 18 -19 -20 -21 21 -23 23 -25 -26 -27 27 -29 -30 -31
leaf_value=0.0095558958481620545 -0.0030875951207989935 -0.00091771551205225633 0.0019844779892416948 0.00087667853139307569 -0.011028903714222117 0.010714848715002053 0.0041967316591322865 0.010781582209613297 -0.00064294420724227543 -0.006820246952291332 -0.012846589912886584 -0.0051343184165791199 0.0051623206286308364 0.0052230201287143041 -0.0085271045816559705 0.0028219449462871999 0.0039808434231893555 0.0056113930784169189 -0.0050014686961511439 -0.0079102083651515897 0.012225057702597493 -0.0019916857756967126 -0.0019133110709668494 -0.0080224438919440644 -0.0084336190635126446 -0.0025682649313081046 -0.0082593133179456966 -0.00074987111706995664 0.00063472756197030273 0.0072527795477905091
leaf_weight=249.89871813356876 61.877365946769714 18.867311716079712 7.5625158399343482 93.697961762547493 208.68898563086987 46.77279631793499 12.76522386074066 6.9676899611949912 24.08883211016655 202.18536891043186 7.9579424560070029 21.612191781401634 97.743682160973549 241.51551906764507 7.3654980808496466 272.38947562873363 10.181156843900679 207.7216489315033 87.049030944705009 460.48623210191727 6.4288319349288949 9.1838088631629908 341.69182449579239 21.981221660971642 40.897496178746223 7.966095730662345 22.864506974816322 280.04460124671459 159.57990574836731 391.36197437345982
leaf_count=1189 257 78 34 380 1051 217 53 28 97 889 32 87 393 1070 30 1116 42 864 380 2116 26 37 1395 93 172 34 92 1126 642 1736
internal_value=-1.19323e-08 0.00414999 -0.00619983 0.00165611 -0.00876257 0.00743763 -0.00397033 0.000353617 0.00208983 -0.00550655 -0.00373503 0.00331434 0.00307156 0.00666506 0.00365895 0.00251663 -0.00307873 0.00506316 -0.00404752 -0.00774781 -0.00134367 0.00383926 -0.00293907 -0.00228741 -0.0052308 0.00636629 -0.00047106 -0.00132255 0.00107145 0.00648072
internal_weight=3629.4 2174.03 1455.37 1236.51 676.738 937.515 778.629 692.945 223.488 312.181 32.0468 543.569 191.442 687.616 506.344 279.755 109.995 226.589 97.2302 468.049 37.2248 15.6126 466.448 363.673 102.775 640.844 469.457 302.909 166.548 632.877
internal_count=15756 9274 6482 5028 3201 4246 3281 2790 902 1364 129 2238 773 3057 2088 1146 475 942 422 2150 150 63 1917 1488 429 2840 1888 1218 670 2806
is_linear=0
shrinkage=0.01


Tree=73
num_leaves=31
num_cat=0
split_feature=4 0 0 2 4 2 20 0 9 15 1 20 24 17 23 27 23 18 25 17 2 4 23 5 26 26 1 1 17 17
split_gain=917.282 142.363 115.004 22.6342 17.6191 15.2976 10.5508 10.2118 7.01132 7.59487 7.23793 6.80311 6.61036 6.54723 5.94233 6.57127 6.46829 6.16345 6.00405 5.8856 6.01756 7.63252 6.31699 5.73581 5.69947 5.66379 5.59499 8.92449 8.57209 5.70899
threshold=-0.069633975157258859 -0.7692932016384707 0.71556928069885861 1.6417879253725467 -0.39702771124863034 -1.3706774009881311 0.52683416358168189 0.10872657857039149 0.7810509135260475 1.0184599301845518 -0.28863428222920745 1.1578033087262396 -0.41831477174283876 0.96416183666574573 0.58832251042775296 -0.28574915164132436 1.1520879352820346 0.55512034101912044 -1.5186804239585132 -1.5039790479353716 -0.86088341718025208 -0.82619892872987089 -1.1949359163774902 0.33045533794687071 1.1357990728890506 -0.85886598228170541 1.6381189509688483 1.4473979554129517 1.510682075347066 1.3979228737912721
decision_type=2 2 2 2 2 2 2 2 2 2 2 2 2 2 2 2 2 2 2 2 2 2 2 2 2 2 2 2 2 2
left_child=1 5 7 14 8 -1 12 -2 11 10 -10 24 23 -14 15 -4 17 -16 -18 -7 22 -22 -21 -6 -3 -8 27 28 -9 -29
right_child=2 4 3 -5 6 19 25 26 9 -11 -12 -13 13 -15 16 -17 18 -19 -20 20 21 -23 -24 -25 -26 -27 -28 29 -30 -31
leaf_value=0.01105357516951109 -0.0010485906373493105 0.0038642225135061847 -0.0092918422908711464 -0.011045419782106925 0.0022709254018030149 0.010045239239344635 -0.0063644238333993583 -0.0033784161208413261 -0.0094987773668141189 0.0040813758859189779 4.9792001262929001e-06 0.0086399430453601017 0.001137603266731863 -0.0039492435298561146 -0.0018640374391066228 -0.0068083712446386233 0.0029936791896260401 -0.0074551125095150541 -0.0081934352117902631 0.0044112700029325857 0.0012021775319317062 0.0064943461136199509 0.0074399452658447255 0.0073842778032641755 0.00031704971365242363 -0.00077802402521950757 -0.0078609034786873075 -0.0035506929945227175 -0.014460078309743614 0.0096453024917948025
leaf_weight=101.93767002224922 230.1920990049839 387.54973106086254 186.2450927644968 206.28950308263302 120.76867373287678 57.836557760834694 21.667984187602997 501.39597797393799 10.398522794246672 33.09011510014534 32.972233414649963 27.03466309607029 211.59281530976295 28.585791185498238 60.396234646439552 268.84309020638466 4.9019736349582663 29.775040909647942 84.344605594873428 80.836638242006302 43.186275109648705 76.483183175325394 575.01014563441277 27.129147052764893 52.014962434768677 113.41689872741699 28.999608963727951 5.1015296727418891 7.0485726296901694 8.4745273292064649
leaf_count=504 927 1600 853 1050 489 269 87 2084 42 135 134 112 852 115 273 1228 22 135 384 360 186 329 2599 109 214 456 122 21 30 35
internal_value=-2.80782e-08 0.00452892 -0.00558918 -0.00815633 0.00202946 0.00737669 0.000717093 -0.00282426 0.00329154 0.000468946 -0.00226724 0.00375173 0.00155622 0.000526619 -0.00721386 -0.00782875 -0.00564516 -0.00372753 -0.00756511 0.00692445 0.00668915 0.00459546 0.0070689 0.00321999 0.00344692 -0.00168554 -0.00356391 -0.00332183 -0.00353682 0.00462377
internal_weight=3623.52 2001.51 1622.01 840.796 1066.22 935.29 523.161 781.212 543.06 76.4609 43.3708 466.599 388.076 240.179 634.506 455.088 179.418 90.1713 89.2466 833.353 775.516 119.669 655.847 147.898 439.565 135.085 551.02 522.021 508.445 13.5761
internal_count=15756 8592 7164 3945 4345 4247 2108 3219 2237 311 176 1926 1565 967 2895 2081 814 408 406 3743 3474 515 2959 598 1814 543 2292 2170 2114 56
is_linear=0
shrinkage=0.01


Tree=74
num_leaves=31
num_cat=0
split_feature=13 0 0 13 2 0 0 0 7 26 20 26 6 18 8 6 7 8 24 26 26 10 5 7 10 11 10 11 21 22
split_gain=900.649 174.013 79.6275 22.3738 15.986 14.189 11.4224 9.96425 9.69249 7.86013 13.8419 7.78332 7.60376 7.42261 10.788 9.41502 8.62687 7.3634 6.98591 10.6684 6.73565 6.3784 6.33426 6.29622 6.12321 7.69672 11.5477 9.14853 7.14258 6.46338
threshold=0.066292827128768092 -0.64299027693002697 0.89160715104643995 -1.2201868373435214 1.6417879253725467 -0.3603992642560227 0.54571841607728444 -0.83258579475241201 -0.22753298711905356 -0.21074436080714951 -1.1497556762346981 -0.89895099986394589 0.79027588591860576 -0.36824828424912365 -0.81409798715327519 -0.19525286722443119 -1.0321315987430115 -1.7376012907443976 -0.41831477174283876 -0.87061029762981124 -1.227287585290834 -2.4405923957375211 0.26266604491007034 1.6725080510490888 -1.3967127613426431 -0.044184180158212606 0.90279799541582795 0.16907240969108253 -0.43071480135737522 -0.81322094371157427
decision_type=2 2 2 2 2 2 2 2 2 2 2 2 2 2 2 2 2 2 2 2 2 2 2 2 2 2 2 2 2 2
left_child=1 3 6 23 -4 24 11 9 12 10 -5 20 -8 14 15 -7 -16 -14 22 -20 -2 -13 -15 -1 28 26 -26 -27 29 -3
right_child=2 5 4 7 -6 13 8 -9 -10 -11 -12 21 17 18 16 -17 -18 -19 19 -21 -22 -23 -24 -25 25 27 -28 -29 -30 -31
leaf_value=0.0095883938008718556 -0.0032623186549398785 0.01015314197521288 -0.0076177840473570652 0.010239202916393724 -0.01099156922935947 -0.010560992304390938 0.0041903178629181847 0.0045005482807217966 -0.0067213584971549415 0.0077299074323738193 0.0040181339878069154 -0.0088712128628429029 0.004000289236060682 -0.0012918421101228842 0.010201823380028632 -4.2215910879779557e-05 0.0023453476613791431 -0.0049123050530771482 -0.0084748285881202905 -0.00096450166533039385 -0.0085252494783311129 -0.0019283498797130372 0.0030359603836030637 -0.00089152934596269345 0.004401184825561108 -0.0025738444164268544 -0.0060151548895760604 0.0021610503452363671 0.013138641645869038 -0.0053535758701733398
leaf_weight=256.19981697201729 63.505711600184441 4.8108240216970444 466.88308268785477 45.27118593454361 205.23295506834984 9.9738446176052076 12.766285151243208 294.33880911767483 201.41366750001907 347.80622923374176 176.84095613658428 13.779847502708433 10.176727533340452 57.721020951867104 15.67995925247669 56.05497507750988 132.011190533638 86.782056853175163 20.393874019384384 255.3904132694006 40.560911610722542 338.79728770256042 80.660235539078712 5.6690799891948691 173.25765514373779 54.158674851059914 11.175241291522978 163.15128619968891 11.447612985968588 5.7765556871891039
leaf_count=1225 264 20 2151 205 1050 40 53 1240 889 1566 791 57 42 232 63 225 530 380 82 1026 171 1388 324 26 713 220 45 665 49 24
internal_value=-3.32256e-08 0.00405677 -0.00613633 0.00678844 -0.00865095 0.00113036 -0.0039329 0.00600788 -0.00541454 0.00678368 0.00529466 -0.00292022 -0.00300266 0.000174298 0.00168867 -0.0016598 0.00319255 -0.00396338 -0.000604959 -0.00152638 -0.00532941 -0.00220497 0.00122391 0.00935745 0.00254417 0.00225784 0.0037617 0.000975764 0.00768555 0.00162806
internal_weight=3617.69 2177.79 1439.9 1126.13 672.116 1051.66 767.782 864.257 311.139 569.918 222.112 456.644 109.725 627.886 213.72 66.0288 147.691 96.9588 414.166 275.784 104.067 352.577 138.381 261.869 423.778 401.743 184.433 217.31 22.035 10.5874
internal_count=15756 9311 6445 5053 3201 4258 3244 3802 1364 2562 996 1880 475 2522 858 265 593 422 1664 1108 435 1445 556 1251 1736 1643 758 885 93 44
is_linear=0
shrinkage=0.01


Tree=75
num_leaves=31
num_cat=0
split_feature=4 14 0 2 14 2 9 9 10 2 11 27 22 20 5 3 14 28 9 23 27 23 18 25 23 23 28 23 2 27
split_gain=884.584 138.839 112.038 22.4278 17.8137 15.1232 11.3687 10.4626 9.91555 9.85175 7.35284 7.26237 6.48787 7.50939 6.04049 7.47586 8.3164 6.02933 7.76663 5.88411 6.51772 6.39639 6.08547 5.92209 5.67006 5.49189 6.22881 5.41152 5.37378 5.36875
threshold=-0.069633975157258859 -0.76157425996426065 0.71556928069885861 1.6417879253725467 -0.45726127700065849 -1.3706774009881311 0.33182151145814515 0.91337706774660166 0.10910490822095141 0.1667542376163291 1.6141219639800173 -0.11224839823757597 -2.0572937428602605 -1.4970100676597846 1.1251884086587998 0.43980418157509615 -0.88019496915269813 -1.9168183446875078 0.052568088258723833 0.58832251042775296 -0.28574915164132436 1.1520879352820346 0.55512034101912044 -1.5186804239585132 -1.2669731999285918 -0.55560426925829554 -1.492594734278091 0.8033902159712013 1.3855881121214408 -1.5480169374516077
decision_type=2 2 2 2 2 2 2 2 2 2 2 2 2 2 2 2 2 2 2 2 2 2 2 2 2 2 2 2 2 2
left_child=1 5 9 19 7 -1 17 12 -8 24 -10 -9 -3 -14 29 -16 -17 -6 -19 20 -4 22 -21 -23 -2 -26 -27 -13 -22 -7
right_child=2 4 3 -5 6 14 8 11 10 -11 -12 27 13 -15 15 16 -18 18 -20 21 28 23 -24 -25 25 26 -28 -29 -30 -31
leaf_value=0.010948364557749205 0.0037936421025308621 -0.0048561818701169223 -0.0091822193950613779 -0.010938227015782181 -0.004198568715930457 0.0031335533406535196 -0.014664869693620533 0.003191216790105414 -0.001177988041503617 -0.0036289785323923426 0.0099948253422092424 -0.010102297214031844 0.0092502647439416767 0.0037543592263086681 -0.0063719304011461897 0.0063116577208671663 -0.0017201702113228696 0.0013583883580615666 0.0049335383736521651 -0.0017804387904679798 -0.0058708179438597971 0.003033440985205416 -0.0073475022097101066 -0.0080846905007521397 -0.0047163537091509909 0.0043475628133094234 -0.0015317732408173872 0.00065733286308665971 -0.0092091189252480072 0.0073701135343848395
leaf_weight=101.02092689275742 20.174408882856369 8.02879750728607 185.14875487983227 204.17727264761925 16.112119942903519 32.384964108467102 5.219558283686637 16.097664222121239 172.68451111018658 494.39444941282272 5.9849654585123053 11.680380925536157 26.879883125424385 379.71513405442238 5.6329421103000632 99.225829988718033 14.555550813674925 341.45066733658314 74.323027461767197 60.21234156191349 201.42130279541016 4.895595356822013 29.625738486647606 83.894109219312668 48.741421177983284 19.662562876939774 197.4126073718071 7.4539550840854636 66.090508922934532 677.51361466944218
leaf_count=504 81 33 853 1050 65 147 21 65 695 2065 24 47 115 1570 24 441 61 1381 300 273 916 22 135 384 198 79 796 30 312 3069
internal_value=-4.43571e-08 0.00445236 -0.00550039 -0.00804579 0.00198646 0.00727528 0.00087896 0.00349969 -0.00119969 -0.00277337 -0.000792752 -0.00170817 0.00394494 0.00412234 0.00682537 0.00471216 0.00527479 0.0017664 0.00200091 -0.00710712 -0.00772074 -0.00554309 -0.00363353 -0.0074577 -0.00129003 -0.0016809 -0.000992865 -0.00587717 -0.00670244 0.00717872
internal_weight=3611.82 1995.96 1615.85 835.466 1065.63 930.334 615.775 449.856 183.889 780.385 178.669 35.232 414.624 406.595 829.313 119.414 113.781 431.886 415.774 631.288 452.661 178.628 89.8381 88.7897 285.991 265.817 217.075 19.1343 267.512 709.899
internal_count=15756 8592 7164 3945 4346 4246 2486 1860 740 3219 719 142 1718 1685 3742 526 502 1746 1681 2895 2081 814 408 406 1154 1073 875 77 1228 3216
is_linear=0
shrinkage=0.01


Tree=76
num_leaves=31
num_cat=0
split_feature=4 14 13 14 2 2 7 2 9 7 6 26 2 24 20 24 18 27 13 7 3 11 2 21 26 26 9 23 20 23
split_gain=868.71 167.718 79.071 24.8048 16.729 15.0291 11.3951 10.3053 10.2636 8.39788 10.7347 9.25265 8.353 8.49494 7.85654 10.0204 7.84003 7.11806 6.60584 6.95264 6.49579 6.43408 9.95839 7.70351 5.98687 7.10273 6.75385 5.87884 8.92698 6.02008
threshold=0.060511841255135722 -0.76157425996426065 0.88622533803942172 -0.45726127700065849 1.6417879253725467 -1.3706774009881311 -1.318067527780691 0.51157606918868004 0.91337706774660166 -0.22753298711905356 0.79027588591860576 0.22022192115588862 -0.50013542311552472 -0.41831477174283876 -1.2913752060745014 0.62953892223241814 0.04538699579894135 -0.11224839823757597 0.81106782734920579 0.099344480244363903 -0.065545069510720963 -0.12018827658828486 -0.44392773055016449 -1.344818040180966 1.5923691714116048 -0.88295768276908804 -1.7738609692054441 -1.0011548163832031 1.4595711828009044 -0.1633677027855138
decision_type=2 2 2 2 2 2 2 2 2 2 2 2 2 2 2 2 2 2 2 2 2 2 2 2 2 2 2 2 2 2
left_child=1 5 7 8 16 -1 14 24 21 10 11 -9 -8 -14 15 -5 -4 -10 19 -11 -12 23 -23 -3 25 26 -2 -7 -29 -30
right_child=2 3 4 6 -6 27 12 9 17 18 20 -13 13 -15 -16 -17 -18 -19 -20 -21 -22 22 -24 -25 -26 -27 -28 28 29 -31
leaf_value=0.010892419839350189 0.0055864199805885978 -0.0014316475630385755 -0.0062504161771665236 0.0039656227690774816 -0.010885380207653297 0.0049024899838493964 -0.011337391558883201 -0.0022696775716730721 0.0031601944154036454 -0.011166003129661718 -0.0073958996842259754 0.0099676399636314267 0.00174947002780629 -0.00051406634889597535 0.0083842683400809481 -0.011487884514366766 -0.0088339536758227002 -0.0058177397190895116 -0.0020690309559829225 -0.0059696781650752928 -0.00061509728874600139 0.0024038833673299203 0.011750977720661127 0.0060848547854072798 -0.0079753326314200533 -0.0017375783875514051 -0.0055146529217100218 0.0074947943792658608 0.0083980847073624569 0.00096310134515372381
leaf_weight=100.52738052606583 5.6635061651468268 14.694096982479094 261.74157823622227 20.492328256368641 203.12261818349361 143.40366925299168 6.1321290284395209 13.739906802773477 16.094130948185921 31.046981707215309 35.483628019690514 10.946522295475004 256.57019354403019 467.33552952110767 29.719040542840958 5.1595265120267859 223.19630490243435 19.136395260691643 35.937639400362968 173.94523666799068 24.02695643901825 234.06402719020844 11.96425676345825 153.59700430929661 20.940890714526176 312.2074998319149 91.085241600871086 631.10539555549622 15.517075717449186 37.370258390903473
leaf_count=504 23 61 1199 84 1050 641 25 57 65 135 155 45 1035 1882 121 21 1034 77 163 768 105 964 49 644 89 1277 382 2869 68 164
internal_value=-6.5411e-08 0.00400878 -0.00600904 0.0015937 -0.00846222 0.00722136 0.00051984 -0.00377128 0.00346709 -0.00511846 -0.00237633 0.0031346 0.000186387 0.000286937 0.00488998 0.000785985 -0.00744315 -0.00169077 -0.00607122 -0.00676662 -0.0046806 0.00390839 0.00286708 0.00542216 -0.00274914 -0.00247721 -0.00484939 0.00677286 0.00716277 0.00317512
internal_weight=3605.97 2162.88 1443.08 1234.96 688.061 927.924 785.409 755.024 449.55 325.127 84.197 24.6864 730.038 723.906 55.3709 25.6519 484.938 35.2305 240.93 204.992 59.5106 414.319 246.028 168.291 429.897 408.956 96.7487 827.396 683.993 52.8873
internal_count=15756 9274 6482 5028 3283 4246 3168 3199 1860 1428 362 102 2942 2917 226 105 2233 142 1066 903 260 1718 1013 705 1771 1682 405 3742 3101 232
is_linear=0
shrinkage=0.01


Tree=77
num_leaves=31
num_cat=0
split_feature=4 14 0 13 14 0 9 9 0 11 19 19 19 25 13 15 22 11 6 23 21 8 7 17 9 17 15 19 7 18
split_gain=853.072 134.708 109.227 22.1478 17.1131 14.7505 11.108 10.0691 9.47364 8.7906 12.2604 7.12566 7.07568 6.97896 6.80697 6.39828 6.34757 7.14613 6.33935 5.7556 5.15907 5.28639 9.51978 6.04911 5.12845 5.03678 4.90456 4.98543 6.06005 4.95315
threshold=-0.069633975157258859 -0.76157425996426065 0.71556928069885861 1.3356645400587623 -0.45726127700065849 -1.3466384822541688 0.33182151145814515 0.91337706774660166 0.10872657857039149 0.8468407126159978 1.9045535639626554 -1.3792723007190479 2.8322821358373869 -0.19986872923639173 -0.51126501989665141 1.1288769370718053 -2.0572937428602605 -0.12018827658828486 -0.41694672608122879 0.8033902159712013 -1.289532195381818 -1.4170423952418705 -1.3588164186769174 -0.96440727915937241 -0.90828957800453181 -1.6705551342050393 1.8867369787609005 -1.6158737547060038 -0.62694142955024723 0.3008606554658847
decision_type=2 2 2 2 2 2 2 2 2 2 2 2 2 2 2 2 2 2 2 2 2 2 2 2 2 2 2 2 2 2
left_child=1 5 8 11 7 -1 14 16 20 -8 -11 -4 25 15 -6 -9 -3 -18 -16 -15 24 23 -23 -22 -2 -7 27 -10 -29 -28
right_child=2 4 3 -5 6 12 9 13 26 10 -12 -13 -14 19 18 -17 17 -19 -20 -21 21 22 -24 -25 -26 -27 29 28 -30 -31
leaf_value=0.010360038404366317 -0.0034355250737390843 -0.0048307500981321682 0 -0.0097553627175975283 -0.0049540563760480227 0.010452712126294828 -1.0532136815956437e-05 -0.0028230449699659229 0.0020410232389689712 -0.0084191307919340447 0.0041381357794383978 -0.0066959242435951005 -0.0057198651038173828 -0.0094889312856848724 0.0061657382602400201 0.010269089724373799 0.0056565692306802182 0.002938311307343944 0.0016106819206898641 0.0012958943269455307 -0.011453307015941206 0.0074820550343521735 -0.0014529123729012583 -0.0015092044236275936 0.0083085726726599002 0.006553196514874262 -0.0039508418075278138 -0.0057519996034724038 -0.0028523740469908639 -0.011855904693491917
leaf_weight=126.37902100384235 5.3938841223716762 8.0323951840400678 16.431418031454086 372.39556691050529 14.490316823124884 35.830328732728958 142.89260551333427 7.4324584603309614 17.317624121904373 30.782852202653885 10.203708842396734 441.35186961293221 4.4322250783443442 12.92573317885399 33.341267764568329 7.1664869040250778 165.20541900396347 240.77907037734985 383.95700263977051 7.7043636143207541 10.595568791031839 12.670165553689001 175.46154530346394 15.019133701920508 10.942392006516455 758.88459737598896 20.751690432429314 88.770308062434196 409.10196909308434 13.507478863000868
leaf_count=630 22 33 71 1857 59 169 575 30 72 124 41 2017 19 52 137 29 693 992 1550 31 43 51 706 61 44 3428 86 369 1708 57
internal_value=-8.18693e-08 0.0043771 -0.00541312 -0.00793779 0.00195026 0.00716785 0.000864982 0.00343482 -0.00272246 -0.00118967 -0.00526617 -0.00645525 0.00666054 -0.00167372 0.00174235 0.00356187 0.00387222 0.00404802 0.00197841 -0.00542625 -0.00101213 -0.00143021 -0.000842198 -0.00569003 0.00437278 0.00673156 -0.00343653 -0.00318817 -0.00337243 -0.00712214
internal_weight=3600.15 1990.44 1609.71 830.179 1064.91 925.526 615.668 449.246 779.532 183.879 40.9866 457.783 799.147 35.229 431.789 14.5989 414.017 405.984 417.298 20.6301 230.083 213.746 188.132 25.6147 16.3363 794.715 549.449 515.19 497.872 34.2592
internal_count=15756 8592 7164 3945 4346 4246 2486 1860 3219 740 165 2088 3616 142 1746 59 1718 1685 1687 83 927 861 757 104 66 3597 2292 2149 2077 143
is_linear=0
shrinkage=0.01


Tree=78
num_leaves=31
num_cat=0
split_feature=4 14 13 4 13 13 3 20 4 5 17 5 6 22 16 9 23 29 29 16 18 13 8 17 13 23 20 11 23 10
split_gain=837.737 162.65 77.3968 23.9343 15.9145 14.7041 9.40302 9.03466 8.6123 9.94851 7.96779 7.24928 8.33228 7.20965 7.15378 6.94267 6.84271 6.78214 6.72605 6.52646 6.52637 6.80342 7.40451 6.7207 6.26037 7.81078 6.2203 8.39727 6.75383 6.1405
threshold=0.060511841255135722 -0.76157425996426065 0.88622533803942172 -0.39702771124863034 1.6238370959892461 -1.2280265127299848 -0.50328318616273049 -1.4970100676597846 0.47264445685204176 1.3729838890386648 -1.5039790479353716 -0.61986800157746846 -0.2078296863559228 -1.7692814316239323 -1.8527991044172576 0.91337706774660166 -1.9284315868749891 0.79338041901836753 -0.2008876802843727 2.3082959666201797 0.04538699579894135 1.2850967815328296 -1.7376012907443976 -2.0272782034410439 0.86251764409700959 0.092347011139241195 1.1578033087262396 1.3338018084264796 -1.6638548790536813 -2.4405923957375211
decision_type=2 2 2 2 2 2 2 2 2 2 2 2 2 2 2 2 2 2 2 2 2 2 2 2 2 2 2 2 2 2
left_child=1 5 8 7 20 -1 11 -3 9 14 -7 12 -5 -10 -2 16 -9 -11 -17 -12 21 22 -4 -23 -15 -26 28 -28 -8 -16
right_child=2 3 4 6 -6 10 26 15 13 17 19 -13 -14 24 29 18 -18 -19 -20 -21 -22 23 -24 -25 25 -27 27 -29 -30 -31
leaf_value=0.009229003666738218 -0.010302462163129505 0.0091507212043620851 0.0023051370976729236 -0.0029347415301423227 -0.010718178903622954 0.010409977206029979 0.0079171355540936413 -0.0049307432488981352 -0.012744272322146134 -0.010408069722138506 0.0061678259072835652 0.0047900130943353235 0.0022453545901788834 -0.0048281274901976444 -0.010434780704974833 0.0038801349403298196 0.003354961445648395 -0.00059549474840145031 -0.0047597844617433853 -0.0028580730142016429 -0.0086082481085186791 0.0037672941317071374 -0.0055495962267211475 -0.0087870714736791242 -0.0057354052124018156 0.0091373944385510827 -0.0047781478022706084 0.0040669115942392389 -0.00019638193879308377 -0.0016880005172558888
leaf_weight=244.45178118348122 10.415009647607802 23.956509381532669 12.882352516055105 42.378321707248688 202.63315798342228 45.866543292999268 10.438518941402434 10.001484140753744 11.183772400021551 25.735724121332169 624.90712085366249 66.410397887229919 114.51117068529129 337.74265122413635 8.1793344020843488 14.857443824410437 470.47905248403549 10.005671188235281 22.357631117105484 7.9088891148567191 225.36798636615276 4.2903006672859183 140.06240949034691 98.183517962694168 6.6422357559204084 7.2429496347904205 59.06895586848259 12.910048276185988 386.83201757073402 336.42303656041622
leaf_count=1189 43 103 54 172 1051 217 42 41 49 109 2806 267 463 1476 34 60 1944 42 90 34 1054 20 636 468 30 32 238 52 1556 1384
internal_value=-9.99133e-08 0.00393971 -0.00591545 0.00156376 -0.00835355 0.00711469 0.00033048 0.00313842 -0.00370217 -0.00266514 0.00635042 0.00201999 0.000838781 -0.00481529 -0.00215358 0.00285655 0.00317942 -0.0076983 -0.0012825 0.00605301 -0.00735285 -0.00623831 -0.00488039 -0.00824854 -0.00455671 0.00196107 -0.000471629 -0.0031744 1.62277e-05 -0.00190148
internal_weight=3594.33 2157.34 1436.99 1234.2 683.42 923.134 692.549 541.652 753.57 390.759 678.683 223.3 156.889 362.812 355.017 517.696 480.481 35.7414 37.2151 632.816 480.787 255.419 152.945 102.474 351.628 13.8852 469.25 71.979 397.271 344.602
internal_count=15756 9274 6482 5028 3283 4246 2790 2238 3199 1612 3057 902 635 1587 1461 2135 1985 151 150 2840 2232 1178 690 488 1538 62 1888 290 1598 1418
is_linear=0
shrinkage=0.01


Tree=79
num_leaves=31
num_cat=0
split_feature=4 14 0 4 14 0 9 9 10 0 19 27 26 23 18 20 24 21 22 1 1 17 9 24 23 15 10 26 23 19
split_gain=822.688 130.69 106.485 21.828 16.4946 14.621 10.7983 9.72008 9.69916 9.07449 6.95897 6.74623 6.58386 14.6786 8.16428 6.24656 7.74486 6.48759 6.1053 5.49672 8.76496 8.46793 5.638 5.42521 5.18841 5.13122 5.11184 9.10639 7.11944 5.08911
threshold=-0.069633975157258859 -0.76157425996426065 0.71556928069885861 1.3299579684881662 -0.45726127700065849 -1.3466384822541688 0.33182151145814515 0.91337706774660166 0.10910490822095141 0.10872657857039149 2.8322821358373869 -0.11224839823757597 0.56897663852840241 0.58832251042775296 -0.21178508586742376 -1.4970100676597846 1.391490122314385 -0.80956045746800565 -1.158585927961987 1.6381189509688483 1.4473979554129517 1.510682075347066 0.72091480992890122 0.4645466550171124 0.8033902159712013 1.1288769370718053 0.41868815315695546 1.4432089638336514 -1.0011548163832031 -1.3792723007190479
decision_type=2 2 2 2 2 2 2 2 2 2 2 2 2 2 2 2 2 2 2 2 2 2 2 2 2 2 2 2 2 2
left_child=1 5 9 29 7 -1 12 15 -8 -2 26 25 14 -14 -6 17 -17 -3 -10 20 21 -11 -22 -21 -13 -9 28 -28 -7 -4
right_child=2 4 3 -5 6 10 8 11 18 19 -12 24 13 -15 -16 16 -18 -19 -20 23 22 -23 -24 -25 -26 -27 27 -29 -30 -31
leaf_value=0.010254768273097714 -0.00099856531935223181 0.00057684825202552743 -0.0014465403999985138 -0.0096705535677188269 0.0041484205161343582 0.0047204720097719626 -0.01450047073099584 -0.0020456908461734778 -0.0066715866437924492 -0.0031884527663313521 -0.0057213176334790852 -0.0097991013207608096 0.0019347085130836507 -0.0059504505016188258 0.0009238446771345631 0.0039349083093082968 -0.00083688075943587749 0.011535723401901645 -0.00018818264772395399 -0.01061749286645278 -0.00019675083279673528 -0.014246482204056859 0.012909300609374785 -0.0011846102602712345 0.00073317021676939324 0.0091573156992217023 0.0056734269565786163 -0.0032182547999933878 0.0075100593972099849 -0.0066057283968458591
leaf_weight=125.27758841216564 230.03392271697521 7.7551274895668056 20.577832743525505 363.54122571647167 150.38505044579506 114.09518596529961 5.2144038677215567 8.6744028031826037 15.892836466431616 499.32201744616032 4.4315065741538993 11.685180976986887 81.810366958379745 33.04718716442585 166.42299720644951 348.97666691243649 37.276334539055824 19.422683924436569 162.73533496260643 19.583684295415882 8.4160935282707197 6.9880753904581061 5.1297287940978995 9.2379796653985959 7.4556434899568549 7.4103035479784003 135.54340851306915 12.374816715717314 529.01730404794216 440.7885180413723
leaf_count=630 927 33 90 1832 611 515 21 35 64 2084 19 47 330 133 672 1447 154 84 655 83 35 30 21 39 30 30 605 55 2422 2023
internal_value=-1.28287e-07 0.00430318 -0.00532718 -0.00783134 0.00191482 0.00706199 0.00084948 0.0033736 -0.00117646 -0.00267251 0.00655668 -0.00164527 0.0017147 -0.000328539 0.00245849 0.00380394 0.00347171 0.00845887 -0.000774027 -0.00337219 -0.00313205 -0.00334583 0.00475139 -0.00764317 -0.00566216 0.00307849 0.00662744 0.00492112 0.00701752 -0.00637815
internal_weight=3588.52 1984.9 1603.62 824.908 1064.16 920.74 615.508 448.656 183.843 778.712 795.462 35.2255 431.666 114.858 316.808 413.431 386.253 27.1778 178.628 548.678 519.856 506.31 13.5458 28.8217 19.1408 16.0847 791.031 147.918 643.112 461.366
internal_count=15756 8592 7164 3945 4346 4246 2486 1860 740 3219 3616 142 1746 463 1283 1718 1601 117 719 2292 2170 2114 56 122 77 65 3597 660 2937 2113
is_linear=0
shrinkage=0.01


Tree=80
num_leaves=31
num_cat=0
split_feature=13 14 2 4 2 2 2 8 10 20 18 24 26 8 24 11 26 9 16 26 20 26 29 28 28 27 5 3 14 28
split_gain=807.998 159.31 74.2721 23.4779 14.7917 14.0231 12.3471 10.6842 8.82628 8.76097 8.66292 7.19123 11.6319 6.98096 7.70145 6.90255 8.52274 8.33377 6.67355 6.65795 6.63158 6.35162 7.81567 8.07801 7.54142 7.15063 5.91091 7.36945 8.22281 5.6785
threshold=0.066292827128768092 -0.76157425996426065 0.95773589906861989 -0.39702771124863034 -1.3706774009881311 1.6417879253725467 0.51157606918868004 -1.7376012907443976 -1.9143239862588 -1.4970100676597846 -0.35628916455580112 -0.41831477174283876 -0.87061029762981124 -0.81409798715327519 -0.81380592912848992 1.1735587172130433 0.059865194848650445 0.7810509135260475 -0.65787604753370077 1.5357928846728925 -1.0225583380549488 -0.88295768276908804 1.632432623888074 -1.462331786782989 -1.2851587605247279 -0.0094508033994961157 1.1251884086587998 0.43980418157509615 -0.88019496915269813 -0.76994818657512043
decision_type=2 2 2 2 2 2 2 2 2 2 2 2 2 2 2 2 2 2 2 2 2 2 2 2 2 2 2 2 2 2
left_child=1 4 6 9 -1 18 21 8 -8 -3 13 20 -13 14 -5 17 -17 -11 19 -4 -12 24 23 -23 -2 -26 -6 -28 -29 -9
right_child=2 3 5 10 26 -7 7 29 -10 15 11 12 -14 -15 -16 16 -18 -19 -20 -21 -22 22 -24 -25 25 -27 27 28 -30 -31
leaf_value=0.010686970749185284 -0.0013865576077641993 0.009016581418565971 -0.0057853107640379164 0.0045179253013920605 0.0069165860962952319 -0.010690141975009259 -0.0045381043078830466 -0.0077485428461365174 0.012830966679305346 0.002988024700567827 0.0085279253318859289 -0.008418128872408356 -0.00090316779636754219 0.0030494629656042651 -0.0017572685433989478 0.012986136504341928 0.00096779671717714193 -0.0012391973428977621 -0.0081922808253664259 0.0061459890753300817 0.0005903186460871747 0.0091661458833875737 0.0055989299857986006 -0.0025388484413783659 -0.010198459102627448 -0.0032352825086665736 -0.0065595002879053682 0.0060677859703004745 -0.0019408746927621918 -0.0047762923344584806
leaf_weight=98.675273343920708 38.429592356085777 23.843577668070793 101.80394530296326 25.616868361830711 701.32039956748486 199.15273858606815 5.5738146007061005 84.519678682088852 5.8453062772750837 440.80312240123749 11.32916024327278 22.323862001299858 261.54378972947598 159.86169935762882 81.34593203663826 14.234071567654611 10.381189554929732 51.743240535259247 302.91290894150734 4.7422890663146964 139.72315843403339 5.8822872638702384 12.862944677472113 302.28529188036919 33.436066508293152 27.508492141962051 5.6109977662563315 98.25360307097435 14.486935093998907 296.64838697016239
leaf_count=504 160 103 475 105 3216 1050 23 375 24 1823 46 90 1052 643 329 60 43 209 1425 22 562 24 52 1244 142 115 24 441 61 1314
internal_value=-1.49551e-07 0.00385121 -0.00585548 0.001516 0.00700972 -0.00849859 -0.00387479 -0.00515296 0.0043003 0.0030814 0.000307467 -0.00056105 -0.00150044 0.00172656 -0.000242246 0.00280414 0.00798243 0.00254175 -0.00742787 -0.00523962 0.00119752 -0.00267787 -0.00198766 -0.00230928 -0.00489334 -0.00708233 0.00656457 0.0044661 0.00502902 -0.00543984
internal_weight=3582.7 2161.1 1421.6 1242.75 918.347 608.612 812.992 392.587 11.4191 541.005 701.744 434.92 283.868 266.824 106.963 517.162 24.6153 492.546 409.459 106.546 151.052 420.405 321.031 308.168 99.3742 60.9446 819.672 118.352 112.741 381.168
internal_count=15756 9311 6445 5065 4246 2972 3473 1736 47 2238 2827 1750 1142 1077 434 2135 103 2032 1922 497 608 1737 1320 1268 417 257 3742 526 502 1689
is_linear=0
shrinkage=0.01


Tree=81
num_leaves=31
num_cat=0
split_feature=4 0 0 4 2 2 0 7 3 5 28 7 11 10 21 18 3 19 23 21 11 5 17 2 4 23 24 22 2 9
split_gain=793.423 154.927 75.4062 22.7036 15.7189 14.7373 10.7496 9.51797 8.97799 7.08381 7.1516 6.80899 6.50437 8.64293 9.29225 7.20453 8.80463 8.12463 6.82682 6.04524 10.1016 6.39174 5.82227 5.76873 7.68405 6.22161 5.56812 6.80564 6.11625 5.39477
threshold=0.060511841255135722 -0.7692932016384707 0.89160715104643995 -0.39702771124863034 1.6417879253725467 -1.3706774009881311 0.54571841607728444 -0.22753298711905356 -0.50328318616273049 -0.61986800157746846 -0.76994818657512043 -1.318067527780691 -0.089763033173527781 0.90279799541582795 -1.289532195381818 0.25999283689898128 -0.055140949167453567 0.95945149598575286 0.64590615270183427 1.5174125237300229 -0.02140618656105046 -0.48116082388668824 -1.5039790479353716 -0.86088341718025208 -0.82619892872987089 -1.1949359163774902 -0.41831477174283876 -1.3477682652688043 -0.26388142399054232 -0.56381385606732703
decision_type=2 2 2 2 2 2 2 2 2 2 2 2 2 2 2 2 2 2 2 2 2 2 2 2 2 2 2 2 2 2
left_child=1 5 6 12 -4 -1 19 29 9 11 -11 -5 13 14 -3 17 -17 -14 -15 -2 21 -21 -7 25 -25 -24 27 -10 -28 -8
right_child=2 3 4 8 -6 22 7 -9 26 10 -12 -13 15 18 -16 16 -18 -19 -20 20 -22 -23 23 24 -26 -27 28 -29 -30 -31
leaf_value=0.010633433184389062 -0.0030026552955290391 -0.001809963791626946 -0.0072436130074690578 0.0045304500685508387 -0.010639498352629837 0.0096496431162441856 -0.0038500524123127378 -0.0064138645357705616 0.010619651353990301 0.0096451785391799445 0.0024871353838360425 -0.00035194492342422113 0.0012624595291670618 -0.01096386570810969 0.0058883550508086946 -0.0087097435156599165 0.0038274133752458331 -0.0071324764206323636 0.0025535153839286152 0.0016122730756495038 -0.0046534702923457629 0.0140414827755537 0.0039946832801039788 0.00079227555599373169 0.0061301218594594468 0.0070224960272239527 0.0010500856968059021 0.00057146093458186685 -0.0021391431117838457 0.0016188579163755052
leaf_weight=98.183335945010185 432.08602467179298 17.09968563914299 457.85931977629662 37.312242686748505 198.10542644560337 56.411717131733894 86.237433150410652 198.95169462263584 6.9605073332786551 20.390151560306549 45.990849152207375 119.51725356280804 133.71130460500717 5.9190160930156699 162.06425321102142 5.6294462382793418 193.96866892278194 12.497505247592924 9.5807087570428831 10.791536957025526 14.526155710220335 6.8672163337469128 79.557485073804855 42.681892722845078 75.53883370757103 563.78878672420979 82.107802614569664 159.4654413163662 220.62549756467342 22.450680837035179
leaf_count=504 1785 71 2151 153 1050 269 377 889 28 82 185 482 551 24 679 23 799 51 39 44 60 28 360 186 329 2599 331 642 887 98
internal_value=-1.49885e-07 0.00383859 -0.00577815 0.00152272 -0.00827218 0.00695335 -0.00365664 -0.00511012 0.000322019 0.00197331 0.0047121 0.000805429 0.00305869 0.00452589 0.00514744 0.0022288 0.00346462 0.000533665 -0.00258157 -0.00269047 0.00146594 0.00655396 0.00650916 0.00627398 0.00421372 0.0066503 -0.000461733 0.00100384 -0.00127079 -0.00271075
internal_weight=3576.88 2149 1427.88 1232.84 655.965 916.162 771.911 307.64 692.37 223.21 66.381 156.829 540.471 194.664 179.164 345.807 199.598 146.209 15.4997 464.271 32.1849 17.6588 817.979 761.567 118.221 643.346 469.159 166.426 302.733 108.688
internal_count=15756 9274 6482 5027 3201 4247 3281 1364 2790 902 267 635 2237 813 750 1424 822 602 63 1917 132 72 3743 3474 515 2959 1888 670 1218 475
is_linear=0
shrinkage=0.01


Tree=82
num_leaves=31
num_cat=0
split_feature=4 14 0 2 14 2 9 10 9 2 25 21 24 6 15 22 23 23 25 18 2 23 25 5 3 14 10 3 6 23
split_gain=779.082 125.056 102.53 21.8935 15.581 14.5977 10.4906 9.49508 9.35556 8.59596 6.61238 6.2785 9.50068 7.79613 6.15723 5.98403 5.88377 6.43976 6.10138 6.06268 6.03668 6.00766 5.90149 5.81507 5.90256 5.90722 5.80609 11.098 8.40473 5.57905
threshold=-0.069633975157258859 -0.76157425996426065 0.71556928069885861 1.6417879253725467 -0.45726127700065849 -1.3706774009881311 0.33182151145814515 0.10910490822095141 0.91337706774660166 0.1667542376163291 -0.19986872923639173 1.0578415324592711 1.391490122314385 -0.67528588463163863 1.1288769370718053 -1.158585927961987 0.58832251042775296 1.1520879352820346 -0.52214668514953078 0.55512034101912044 1.3855881121214408 -0.77983626193688671 -1.5186804239585132 1.1479764790638824 0.43980418157509615 -0.88019496915269813 0.1847006798434335 -1.1838848241896229 -0.19525286722443119 -1.2669731999285918
decision_type=2 2 2 2 2 2 2 2 2 2 2 2 2 2 2 2 2 2 2 2 2 2 2 2 2 2 2 2 2 2
left_child=1 5 9 16 8 -1 26 -8 11 29 14 12 -3 -13 -10 -9 18 19 21 -18 -20 -4 -19 -7 -25 -26 28 -28 -6 -2
right_child=2 4 3 -5 6 23 7 15 10 -11 -12 13 -14 -15 -16 -17 17 22 20 -21 -22 -23 -24 24 25 -27 27 -29 -30 -31
leaf_value=0.010580367604786601 0.0038313077463431417 0.0048027694383273719 -0.011876383523323096 -0.010589285100168358 -0.00036977791233455725 0.0068106008788563531 -0.0143615340269974 -0.0066126677874649153 -0.0028021787254676011 -0.0034011524362064266 -0.0052947604529834805 -0.0038465852491366805 -0.00070318139500428892 0.0033273574248585069 0.010045590563464376 -0.00019280444094990667 -0.0013814314442269781 0.0034304468125272163 -0.0056947201039922804 -0.0069807427797402687 -0.0090467504303811171 -0.0075357487615467572 -0.0077407944489679805 -0.0057236404346627454 0.0057477773038875418 -0.0011401353843943712 -0.0037514406829237436 0.0071388043641315005 0.0026189346117287972 -0.0016011359508081042
leaf_weight=97.691984131932259 20.163722157478333 310.66473342478275 50.909114703536034 197.06009794771671 174.37371987104416 701.06975924968719 5.2087226361036292 15.887568756937979 7.4339264482259733 491.75909243524075 20.631516471505165 22.72041180729866 34.48134882748127 44.664225965738297 7.1529098600149155 162.70577417314053 59.313553750514984 4.8338391780853263 224.56427411735058 29.097645089030266 73.195093303918839 95.662935331463814 82.408429682254791 5.3722941130399695 95.449998706579208 14.012064725160597 11.802861183881758 42.357705801725388 202.91568091511726 265.51805980503559
leaf_count=504 81 1297 239 1050 707 3230 21 64 30 2065 83 93 143 185 29 655 273 22 1038 135 354 450 384 23 430 59 48 172 819 1073
internal_value=-1.22582e-07 0.00419461 -0.00520067 -0.00767473 0.00186118 0.00690804 0.000825968 -0.00117101 0.00328093 -0.00259863 -0.00164277 0.00370399 0.00424976 0.00089155 0.00345536 -0.000772889 -0.00674518 -0.00517004 -0.00736431 -0.00324136 -0.00652483 -0.00905728 -0.00710716 0.00646587 0.00434847 0.0048567 0.00167909 0.00474459 0.00123524 -0.001213
internal_weight=3571.08 1976.6 1594.49 817.045 1063 913.596 615.252 183.802 447.749 777.441 35.2184 412.531 345.146 67.3846 14.5868 178.593 619.985 175.653 444.331 88.4112 297.759 146.572 87.2423 815.904 114.834 109.462 431.45 54.1606 377.289 285.682
internal_count=15756 8592 7164 3945 4346 4246 2486 740 1860 3219 142 1718 1440 278 59 719 2895 814 2081 408 1392 689 406 3742 512 489 1746 220 1526 1154
is_linear=0
shrinkage=0.01


Tree=83
num_leaves=31
num_cat=0
split_feature=13 14 0 4 13 13 0 7 17 20 17 26 7 6 11 19 26 26 16 26 6 10 15 17 18 11 26 24 7 4
split_gain=765.284 152.283 72.3537 22.1473 14.8671 14.3985 10.0431 9.38428 8.83391 8.57331 7.90344 7.53481 7.40264 7.19409 6.78411 12.1973 8.3948 6.63297 6.45027 6.26136 6.07129 10.5606 8.57079 6.04547 6.02022 6.28429 5.96545 5.73043 5.54642 5.51732
threshold=0.066292827128768092 -0.76157425996426065 0.89160715104643995 -0.39702771124863034 1.6238370959892461 -1.2280265127299848 0.54571841607728444 -0.22753298711905356 1.0282621212496694 -1.4970100676597846 -1.5039790479353716 -0.89895099986394589 -1.4784614242221701 0.79027588591860576 1.1735587172130433 0.88027050721329758 0.059865194848650445 -1.227287585290834 2.3082959666201797 1.5923691714116048 -0.044263638409454818 -0.39154366613066854 -0.9609951542032501 -0.33555610266247143 1.974837749315868 -0.082724363081503452 -0.23377131246110197 -0.18857201080198152 2.2520556661244697 0.25667319226404256
decision_type=2 2 2 2 2 2 2 2 2 2 2 2 2 2 2 2 2 2 2 2 2 2 2 2 2 2 2 2 2 2
left_child=1 5 6 9 12 -1 11 13 20 23 -7 17 -4 -8 15 -11 -16 -2 26 28 21 -5 -22 -3 25 -10 -12 -19 -13 -21
right_child=2 3 4 8 -6 10 7 -9 24 14 18 19 -14 -15 16 -17 -18 27 -20 29 22 -23 -24 -25 -26 -27 -28 -29 -30 -31
leaf_value=0.0089704148808763002 -0.0029979273836715408 0.011615641822176601 0.0026267483235214439 0.0039753991304341011 -0.010470945102681621 0.010173703435054202 0.0043635837716591817 -0.0063229432124123509 0.0023861998611191186 0.0031094543928821957 0.0046492084263965007 -0.0014481250263293363 -0.0073252298418130749 -0.0035861328297839144 0.01284305479739703 -0.00135502135922109 0.00090063088852684761 -0.010161091219191625 -0.0030830616917116587 -0.00033268629868971283 0.0033898003780773295 0.00044323873279330676 -0.0021244248136352934 -0.00021940654018179324 0.0040816979458601658 -0.0045956669205663436 0.0066963703478168241 -0.00069694170631947954 -0.011991451867496906 -0.010775683741024181
leaf_weight=239.9655673801899 63.125110149383545 18.305860012769703 7.4055211395025244 114.87712477147579 197.62207247316837 45.129918828606606 12.72455722093582 198.20230828225613 15.39690327644348 420.52697975933552 236.14947304129601 323.67635217308998 446.34489496052265 95.724313512444496 14.17188321053982 71.218681260943413 10.368003144860266 31.907726913690567 7.8628532737493506 8.0945964604616183 36.096585601568222 324.16458129882812 126.14739716053009 5.4185040444135657 12.188346788287161 72.695115491747856 382.10298481583595 8.3042906969785673 4.999961555004119 14.384873747825621
leaf_count=1189 264 80 34 467 1051 217 53 889 62 1743 1070 1328 2116 422 60 289 43 136 34 34 145 1304 507 23 49 293 1736 35 21 62
internal_value=-1.71095e-07 0.00375232 -0.00571984 0.0014726 -0.00816755 0.00685698 -0.00362302 -0.00502535 0.00029914 0.00299493 0.00609873 -0.00267376 -0.00716006 -0.002641 0.00272084 0.00246069 0.00786215 -0.00505268 0.00580183 -0.00196961 0.000758752 0.00137042 -0.000890109 0.00888104 -0.00244476 -0.0033627 0.00591693 -0.00823801 -0.00161515 -0.0070777
internal_weight=3565.3 2152.79 1412.52 1241.58 651.372 911.211 761.144 306.651 701.566 540.01 671.245 454.493 453.75 108.449 516.286 491.746 24.5399 103.337 626.115 351.156 601.286 439.042 162.244 23.7244 100.28 88.092 618.252 40.212 328.676 22.4795
internal_count=15756 9311 6445 5065 3201 4246 3244 1364 2827 2238 3057 1880 2150 475 2135 2032 103 435 2840 1445 2423 1771 652 103 404 355 2806 171 1349 96
is_linear=0
shrinkage=0.01


Tree=84
num_leaves=31
num_cat=0
split_feature=13 14 0 14 13 0 0 7 9 24 3 21 21 11 7 6 8 27 27 19 22 27 22 21 3 27 13 5 14 13
split_gain=751.466 149.979 71.5432 21.7376 14.8131 14.3051 9.88622 9.24039 9.11206 9.10653 10.6311 7.90461 7.35535 11.4043 7.29078 7.05668 7.04874 7.00771 7.91201 6.97104 6.61781 6.51363 6.17661 7.05962 6.10346 5.95685 5.76662 5.71751 5.68023 16.5656
threshold=0.066292827128768092 -0.76157425996426065 0.89160715104643995 -0.45726127700065849 1.6238370959892461 -1.3968135513546232 0.54571841607728444 -0.22753298711905356 0.91337706774660166 -0.41831477174283876 0.68868748963276494 1.2824732410390924 1.6525938640895823 -0.02140618656105046 -1.4784614242221701 0.79027588591860576 -1.7376012907443976 0.47385042549911 0.572230661933535 2.8322821358373869 -1.3477682652688043 -0.11224839823757597 -2.0572937428602605 0.89866924745889698 2.1027006836104505 -0.24790594446775852 0.33488856166873765 -0.40677490285134482 -1.0996451299552181 -1.1044171093987483
decision_type=2 2 2 2 2 2 2 2 2 2 2 2 2 2 2 2 2 2 2 2 2 2 2 2 2 2 2 2 2 2
left_child=1 5 6 8 14 -1 12 15 22 20 11 -11 17 26 -4 -8 -17 25 -19 28 -5 -10 -3 -24 -12 -2 -14 -22 -7 -30
right_child=2 3 4 9 -6 19 7 -9 21 10 24 -13 13 -15 -16 16 -18 18 -20 -21 27 -23 23 -25 -26 -27 -28 -29 29 -31
leaf_value=0.011094881171256421 -0.0028217841276898313 -0.004953671582803576 0.0025984227492981955 0.008247321758360758 -0.010420809533623811 0.0074955101198910783 0.0043166333359534502 -0.0062727369321046861 0.0030059946665212493 0.00092552281849023188 -0.003571292863246749 -0.0037581901347207135 0.0012146807458992806 -0.0047707020331318852 -0.0072730869140721494 0.004251189010913369 -0.0044946161243400303 0.0059339460484053273 -0.0019367180164205134 -0.0058829327433660011 0.0034349996803659435 -0.0055838715549090187 0.0044982129454566129 0.0012365040001559146 0.0059807844049514771 -0.005918717061409842 0.014836838527236034 0.00039533197967254454 -0.00083269470335152181 0.0063040554402770087
leaf_weight=72.331777662038803 184.50966253876686 8.0166648030281049 7.4124421328306189 15.533428549766539 196.59277281165123 344.61856134235859 12.735361158847807 197.79366809129715 16.073386669158936 356.15127120912075 109.35588116943836 39.937866821885109 5.661980092525484 10.822996392846106 445.05662316083908 10.131302163004873 85.491943329572678 13.947877407073973 136.25304631888866 4.4134960919618598 99.067896857857704 19.138992309570312 318.86753363907337 85.054283455014229 6.9615330398082724 95.711283460259438 7.3420107364654541 167.0203872025013 34.753438174724579 452.71956673264503
leaf_count=378 767 33 34 63 1051 1630 53 889 65 1436 441 161 23 45 2116 42 380 57 560 19 403 77 1333 352 28 398 30 673 157 2062
internal_value=-1.75577e-07 0.00371969 -0.00567509 0.0014584 -0.00811483 0.00680629 -0.00359047 -0.00498327 0.00322204 0.000463687 -0.000328614 0.000449908 -0.00264867 0.00272932 -0.00710862 -0.00261669 -0.00355408 -0.00294927 -0.00119572 0.00643298 0.00190842 -0.00163713 0.00364012 0.00381434 -0.00298637 -0.00388486 0.00903655 0.00153166 0.00650021 0.00579314
internal_weight=3559.48 2150.02 1409.46 1241.18 649.062 908.837 760.401 306.152 447.151 794.028 512.407 396.089 454.249 23.827 452.469 108.359 95.6232 430.422 150.201 836.505 281.622 35.2124 411.938 403.922 116.317 280.221 13.004 266.088 832.092 487.473
internal_count=15756 9311 6445 5065 3201 4246 3244 1364 1860 3205 2066 1597 1880 98 2150 475 422 1782 617 3868 1139 142 1718 1685 469 1165 53 1076 3849 2219
is_linear=0
shrinkage=0.01


Tree=85
num_leaves=31
num_cat=0
split_feature=12 0 13 12 2 2 0 7 28 20 7 20 18 7 26 29 25 28 26 12 9 9 15 1 20 29 28 7 17 20
split_gain=737.993 145.843 72.1423 21.0531 14.4569 13.8208 12.9162 8.31121 9.73768 7.73667 7.34035 7.27167 8.41238 6.81385 6.24919 9.20436 6.89353 6.83941 6.56924 6.11416 6.77121 6.00606 7.04807 7.07281 6.6891 5.86485 5.86247 12.1858 6.40631 5.77823
threshold=0.060511841255135722 -0.7692932016384707 0.97336706065709044 -0.39702771124863034 -1.3706774009881311 1.6417879253725467 0.54571841607728444 -1.318067527780691 0.73713895312830036 -1.1804148558454093 -0.16609151014886112 1.5491165151651076 1.5518390370898834 -1.3588164186769174 -0.88295768276908804 1.632432623888074 1.0422657853440109 -1.2851587605247279 1.5923691714116048 0.83346288679121738 -0.38028151914932845 0.7810509135260475 1.0184599301845518 -0.28863428222920745 1.1578033087262396 -0.56231028473097011 0.60193686865102736 -1.4784614242221701 -1.6705551342050393 -1.11650906405685
decision_type=2 2 2 2 2 2 2 2 2 2 2 2 2 2 2 2 2 2 2 2 2 2 2 2 2 2 2 2 2 2
left_child=1 4 6 21 -1 26 14 8 13 -10 19 -9 -13 -5 17 18 -17 29 -16 20 -8 24 23 -23 -3 -19 27 -4 -29 -2
right_child=2 3 5 7 -6 -7 10 11 9 -11 -12 12 -14 -15 15 16 -18 25 -20 -21 -22 22 -24 -25 -26 -27 -28 28 -30 -31
leaf_value=0.010433291456892329 0.0063804678761918898 0.0030722214998583097 0.0018093004771566519 0.0050547999568339779 0.0063115593448362416 -0.010444660401108665 -0.002175328345752482 0.00024311049986701109 -0.0092113517393863226 0.0064632696961617253 -0.0060023578893121775 -0.007314538558173404 0.0053514775184227053 0.017711286233572071 -0.0019060984200991867 0.014860364874269194 0.00056109047410493249 -0.010176966740886322 -0.0075993642960579481 -0.0054044217141069528 0.0069045530009462777 -0.0094615460530080315 0.0038223981103270607 0 0.0082422782951702672 -0.0038521469785543507 -0.0092908652142335412 0.00069117586964991863 -0.0072339212572006982 -0.0033399363740208251
leaf_weight=96.309291228652 7.3316171020269385 436.20410154759884 16.596309274435043 32.794219329953194 810.37255012989044 194.00952412188053 42.248472765088081 609.83181543648243 8.0918403714895231 4.9576295614242545 255.13205280900002 25.032167240977291 6.4549815356731406 4.9349276870489112 324.39949499070644 5.231269657611846 9.6187877357006055 28.812083512544632 21.694477140903473 46.414166942238808 10.074281781911848 10.378590434789656 32.911908939480782 32.883696809411049 26.780113413929939 31.610700622200966 100.93857991695404 10.33305040001869 277.83625327050686 33.476251870393753
leaf_count=504 30 1814 74 135 3743 1050 182 2455 33 20 1160 101 26 20 1332 21 39 123 93 211 44 42 135 134 112 133 480 48 1321 141
internal_value=-1.64869e-07 0.00370786 -0.00560023 0.00146532 0.00675158 -0.00823471 -0.00366215 0.000309462 0.00419979 -0.00317649 -0.00510285 0 -0.00467758 0.00677913 -0.00255604 -0.0019346 0.00573093 -0.00475786 -0.00226795 -0.00276471 -0.000398166 0.00294687 0.000329741 -0.00230693 0.00337514 -0.00689644 -0.00717313 -0.00646563 -0.00694614 -0.00155778
internal_weight=3553.7 2137.94 1415.76 1231.26 906.682 599.714 816.044 692.098 50.7786 13.0495 353.869 641.319 31.4871 37.7291 462.175 360.944 14.8501 101.231 346.094 98.7369 52.3228 539.158 76.1742 43.2623 462.984 60.4228 405.704 304.766 288.169 40.8079
internal_count=15756 9274 6482 5027 4247 2973 3509 2790 208 53 1597 2582 127 155 1912 1485 60 427 1425 437 226 2237 311 176 1926 256 1923 1443 1369 171
is_linear=0
shrinkage=0.01


Tree=86
num_leaves=31
num_cat=0
split_feature=4 14 13 14 2 2 2 7 9 28 20 2 24 28 7 1 29 27 7 26 11 8 24 14 5 3 14 5 29 8
split_gain=724.648 144.095 71.3507 20.5933 14.3278 12.7705 12.7088 10.5198 8.83789 8.52368 12.9066 8.37575 7.84411 7.83834 9.63577 7.12592 6.98836 6.39704 6.07534 9.14944 6.06823 10.8263 7.07011 6.06185 5.7768 7.14039 7.94487 5.70733 8.03347 7.4221
threshold=0.060511841255135722 -0.76157425996426065 1.0062974065546 -0.45726127700065849 -1.3706774009881311 1.6417879253725467 0.51157606918868004 -1.318067527780691 0.91337706774660166 0.73713895312830036 -1.1804148558454093 -0.50013542311552472 -0.41831477174283876 -0.058551685503855609 -1.4784614242221701 -0.23284329029977111 1.8622684645319518 -0.11224839823757597 -0.21934721287329914 -0.29466840671957556 -0.12018827658828486 0.51869919651979945 0.6716478436317258 1.1448852339862667 1.1251884086587998 0.43980418157509615 -0.88019496915269813 1.3729838890386648 0.79338041901836753 1.3122973366961117
decision_type=2 2 2 2 2 2 2 2 2 2 2 2 2 2 2 2 2 2 2 2 2 2 2 2 2 2 2 2 2 2
left_child=1 4 6 8 -1 13 16 9 20 15 -11 -9 -13 14 -4 -5 27 -10 19 -8 22 -22 -3 -20 -6 -26 -27 29 -29 -2
right_child=2 3 5 7 24 -7 18 11 17 10 -12 12 -14 -15 -16 -17 -18 -19 23 -21 21 -23 -24 -25 25 26 -28 28 -30 -31
leaf_value=0.010381923538510652 -0.0026040184881982176 0.0062958458789021746 0.0051082548949670306 0.0049998079417267532 0.0066196396793497423 -0.01039603710535341 -0.0063530323038146763 -0.011394039873652768 0.002979125009586327 -0.01021135384942477 0.0086340031154753197 0.0016575114569069339 -0.00051876736436508525 -0.0086573662498695986 -0.0062095086212341282 0.016007478840455076 0.0063693395923617481 -0.0055342193691743855 -0.005965764089402149 -0.00087525532794386881 0.00084333193273548825 0.0051510940325714249 0.0016007950765131154 0.0048476706077971608 -0.0066827210388634897 0.0057758188672782998 -0.0021157881823017995 -0.0099044906071631671 0.0015707193679235694 0.0049682364169518966
leaf_weight=95.820896089076996 375.93790857493877 122.28484010696411 7.6792704164981833 33.419069245457649 691.25583048164845 192.97342894971371 51.73283189535141 6.127321168780326 16.067658960819244 8.1160581856966001 6.38595888018608 256.26601867377758 466.96007272601128 189.05295073986053 180.86554008722305 7.2632266730070105 8.564309209585188 19.138109639286995 281.48294100165367 75.388460382819176 147.34913545846939 97.294265419244766 44.424151226878166 5.1085387021303168 5.5941337794065467 97.050283953547478 14.431802839040754 22.560770645737652 8.1207226514816266 13.228305697441099
leaf_count=504 1554 518 34 137 3216 1050 231 25 65 33 26 1035 1882 902 863 30 35 77 1276 328 611 402 187 24 24 441 61 96 34 55
internal_value=-1.66372e-07 0.00367549 -0.00555639 0.00144799 0.00670686 -0.00828802 -0.00370366 0.000470584 0.00316243 0.00467688 -0.00184203 0.000150359 0.00025111 -0.00720559 -0.00574078 0.00702402 -0.0024908 -0.00162303 -0.00495629 -0.00311557 0.00357472 0.00256201 0.00505243 -0.0057679 0.00626874 0.0041845 0.00474428 -0.00267539 -0.00683953 -0.00234285
internal_weight=3547.94 2135.25 1412.7 1231.1 904.153 570.571 842.125 784.538 446.558 55.1843 14.502 729.353 723.226 377.598 188.545 40.6823 428.412 35.2058 413.713 127.121 411.352 244.643 166.709 286.591 808.332 117.076 111.482 419.848 30.6815 389.166
internal_count=15756 9274 6482 5028 4246 2849 3633 3168 1860 226 59 2942 2917 1799 897 167 1774 142 1859 559 1718 1013 705 1300 3742 526 502 1739 130 1609
is_linear=0
shrinkage=0.01


Tree=87
num_leaves=31
num_cat=0
split_feature=13 14 13 4 2 0 2 17 10 28 7 26 3 21 26 29 25 7 4 14 6 10 15 18 29 5 3 14 24 25
split_gain=711.71 143.312 69.286 20.5967 14.2404 12.816 12.738 8.53435 8.40776 7.74803 9.47198 7.39436 6.64339 7.45368 6.5241 6.24251 7.70031 6.1239 7.88128 6.15319 5.94295 10.1656 8.46592 5.84229 5.74273 5.70067 5.71051 5.69103 5.64233 5.58073
threshold=0.066292827128768092 -0.76157425996426065 1.0062974065546 -0.39702771124863034 -1.3706774009881311 0.54571841607728444 1.6417879253725467 1.0282621212496694 -1.459061893098853 -0.058551685503855609 -1.4784614242221701 -0.89895099986394589 -0.96137509970956414 -0.9920777197498406 -1.227287585290834 1.632432623888074 1.0422657853440109 -0.16609151014886112 0.83346288679121738 1.1448852339862667 -0.044263638409454818 -0.39154366613066854 -0.9609951542032501 1.974837749315868 1.4233581941567908 1.1479764790638824 0.43980418157509615 -0.88019496915269813 -0.18857201080198152 -0.36856634269552668
decision_type=2 2 2 2 2 2 2 2 2 2 2 2 2 2 2 2 2 2 2 2 2 2 2 2 2 2 2 2 2 2
left_child=1 4 5 8 -1 11 9 20 -3 10 -4 14 13 -10 -2 24 -17 18 29 -19 21 -5 -22 -9 -13 -6 -27 -28 -16 -7
right_child=2 3 6 7 25 17 -8 23 12 -11 -12 15 -14 -15 28 16 -18 19 -20 -21 22 -23 -24 -25 -26 26 27 -29 -30 -31
leaf_value=0.01033097696403938 -0.0028833451673784282 0.011251676951478367 0.0050503221512856501 0.0039003894993789165 0.0065643000438192576 -0.0044647811147866404 -0.010347795368291723 -0.0033163977371643135 -0.001323448949817221 -0.0086006773767165097 -0.0061628630794219423 -0.0018572417349911339 0.002207553775669779 0.0066511160842438093 -0.010005002919765067 0.01447007163502695 -0.00071904150635299677 -0.0061009387950664079 -0.005644053771027481 0.0047913160178408506 0.0033599489700275437 0.00043336236071216941 -0.0021208793030587634 0.0040165804525463793 -0.0082729209385381339 -0.005797530266986351 0.0055026008682124514 -0.0012710294970209965 -0.00060155693840670764 0.002165198851098356
leaf_weight=95.333441272377968 62.956133276224136 11.739092975854872 7.6907751858234397 114.75147181749344 692.64616991579533 20.183972463011742 191.94000078737736 88.061553433537483 13.840068086981772 188.39999039471149 180.41515605151653 321.14132623374462 444.22322295606136 68.936867371201515 31.737861603498459 4.984894171357154 9.3590052872896177 262.37744450569153 57.430330947041512 5.1180657148361197 36.089857384562492 324.12163053452969 126.11930422484875 12.189328417181967 14.611201539635656 5.3631023466587058 94.471884965896606 13.97113300859928 8.2849400490522367 33.739276990294456
leaf_count=504 264 51 34 467 3230 87 1050 355 58 902 863 1325 1836 293 136 20 38 1199 262 24 145 1304 507 49 60 23 430 59 35 146
internal_value=-1.58479e-07 0.00362393 -0.00554375 0.00141686 0.00665733 -0.00370218 -0.00823603 0.000285634 0.00288732 -0.00715435 -0.00569666 -0.0025618 0.002697 0.00530574 -0.00492239 -0.00186338 0.00455399 -0.00506231 -0.00306853 -0.00588708 0.000737499 0.00134284 -0.000893972 -0.00241171 -0.0021418 0.00622059 0.00411597 0.00462035 -0.00808971 -0.000301624
internal_weight=3542.23 2141.86 1400.37 1240.07 901.786 831.924 568.446 701.333 538.739 376.506 188.106 453.075 527 82.7769 102.979 350.096 14.3439 378.849 111.354 267.496 601.082 438.873 162.209 100.251 335.753 806.452 113.806 108.443 40.0228 53.9232
internal_count=15756 9311 6445 5065 4246 3596 2849 2827 2238 1799 897 1878 2187 351 435 1443 58 1718 495 1223 2423 1771 652 404 1385 3742 512 489 171 233
is_linear=0
shrinkage=0.01


Tree=88
num_leaves=31
num_cat=0
split_feature=13 14 13 12 2 2 0 17 20 28 7 11 19 19 27 27 8 27 12 7 7 12 14 17 23 20 27 23 7 18
split_gain=698.849 141.146 68.5331 20.2048 14.1537 12.7052 12.6215 8.36495 8.31338 7.65906 9.311 6.67343 11.8109 6.61582 6.25482 6.23992 7.32184 6.1508 8.51843 7.43364 6.03115 7.749 6.0482 5.97095 5.79431 8.63106 6.17202 6.05862 5.74076 5.7275
threshold=0.066292827128768092 -0.76157425996426065 1.0062974065546 -0.39702771124863034 -1.3706774009881311 1.6417879253725467 0.54571841607728444 1.0282621212496694 -1.4970100676597846 -0.058551685503855609 -1.4784614242221701 1.1735587172130433 0.88027050721329758 -1.3792723007190479 0.47385042549911 0.54048177475911252 -0.78912363814600361 -0.24790594446775852 0.060511841255135722 -0.13777527451189434 -0.16609151014886112 0.83346288679121738 1.1448852339862667 -0.33555610266247143 -1.0011548163832031 1.4595711828009044 -1.5353469373980737 -0.1633677027855138 -1.7639608293983271 1.974837749315868
decision_type=2 2 2 2 2 2 2 2 2 2 2 2 2 2 2 2 2 2 2 2 2 2 2 2 2 2 2 2 2 2
left_child=1 4 6 8 -1 9 14 -5 23 10 -4 12 -10 28 17 -16 -17 19 -19 -2 21 -8 -22 -3 -6 26 -26 -27 -11 -9
right_child=2 3 5 7 24 -7 20 29 11 13 -12 -13 -14 -15 15 16 -18 18 -20 -21 22 -23 -24 -25 25 27 -28 -29 -30 -31
leaf_value=0.010280439499269949 -0.0044235348967470766 0.011415508422132086 0.0049931863472935769 0.00073022126593852031 0.004296506938961075 -0.01029992594265656 -0.00029850220829726401 -0.0032836584781898875 0.0029723393282255072 -0.011337000750807626 -0.0061165508418032557 0.0077006528854667976 -0.0014237778467346526 -0.0092038574625981969 0.0069654778291204002 0.0019927984610353384 -0.0028641608756562104 0.0069245961644743906 -0.0060922793147495128 -0.00049253238092384754 -0.0060529538098792338 -0.0055986768803374231 0.0047357618909510193 -0.0003749483806548052 0.0023286409734740708 0.0079015876163079073 0.0071225638469110128 0.00037551180174572182 0.00023594749390380481 0.0039764078158912768
leaf_weight=94.847000539302826 91.33960397541523 18.140403330326084 7.7020783871412268 601.02456046640873 139.94109189510345 190.9093804359436 53.919088050723076 88.051213666796684 419.32386748492718 5.8781707882881191 179.96639913320541 24.428473994135857 71.146270170807838 167.30137039721012 9.2952779829502088 43.762182220816612 104.75199438631535 5.1542726308107367 95.608330562710762 102.92891009151936 261.81649166345596 57.31821696460247 5.127449005842208 5.3978029340505591 28.939099371433258 15.192175924777983 583.84197574853897 36.665544837713242 14.568200558423994 12.190354049205778
leaf_count=504 379 80 34 2423 641 1050 233 355 1743 27 863 103 289 807 38 179 432 21 399 430 1199 262 24 23 136 68 2733 164 68 49
internal_value=-1.70599e-07 0.00359235 -0.00550036 0.00140316 0.00660815 -0.00818442 -0.00366925 0.000282829 0.00286012 -0.0071035 -0.00565286 0.00259052 0.00233245 -0.00854443 -0.00253762 -0.000921173 -0.00142587 -0.00339825 -0.00541031 -0.00234725 -0.00502061 -0.00304113 -0.00584028 0.00867926 0.00617278 0.00656562 0.00689822 0.00261055 -0.0030815 -0.00238771
internal_weight=3536.48 2139.13 1397.35 1239.7 899.427 566.326 831.022 701.266 538.437 375.416 187.668 514.899 490.47 187.748 452.841 157.809 148.514 295.031 100.763 194.269 378.181 111.237 266.944 23.5382 804.58 664.639 612.781 51.8577 20.4464 100.242
internal_count=15756 9311 6445 5065 4246 2849 3596 2827 2238 1799 897 2135 2032 902 1878 649 611 1229 420 809 1718 495 1223 103 3742 3101 2869 232 95 404
is_linear=0
shrinkage=0.01


Tree=89
num_leaves=31
num_cat=0
split_feature=12 14 13 2 2 13 14 9 10 9 17 7 6 26 11 13 13 7 3 26 16 21 24 6 28 28 6 26 3 11
split_gain=686.314 112.562 93.2054 16.0256 14.3885 14.0794 13.6765 9.89035 9.29621 8.58248 7.94075 7.43886 10.078 8.91671 7.12254 6.80144 6.79373 7.12605 6.48108 6.43162 6.36165 6.09084 9.26049 7.613 6.00551 11.481 5.9647 5.95289 5.73581 5.90633
threshold=-0.069633975157258859 -0.76157425996426065 0.88622533803942172 1.6417879253725467 0.51157606918868004 -1.2280265127299848 -0.45726127700065849 0.33182151145814515 0.10910490822095141 0.91337706774660166 -1.5039790479353716 -0.22753298711905356 0.79027588591860576 0.22022192115588862 1.6141219639800173 -0.51126501989665141 0.81106782734920579 0.099344480244363903 -0.065545069510720963 2.1281499207500025 2.3082959666201797 1.0578415324592711 1.391490122314385 -0.67528588463163863 0.73713895312830036 0.3869274339210888 -0.41694672608122879 -0.23377131246110197 0.45121575534737079 1.251600667135617
decision_type=2 2 2 2 2 2 2 2 2 2 2 2 2 2 2 2 2 2 2 2 2 2 2 2 2 2 2 2 2 2
left_child=1 5 4 28 19 -1 9 15 -9 21 -7 12 13 -6 -10 -8 17 -13 -14 -2 27 22 -3 -23 25 -11 -17 -12 29 -4
right_child=2 6 3 -5 11 10 7 8 14 24 20 16 18 -15 -16 26 -18 -19 -20 -21 -22 23 -24 -25 -26 -27 -28 -29 -30 -31
leaf_value=0.0086747401333254221 -0.0018131694129226422 0.0045735740262488186 -0.0063068254946741899 -0.010252418081143147 -0.0019640305268921352 0.009926490752583339 -0.0050969549321337147 -0.014224253788162404 -0.0011492695308969103 -0.00072348602561201291 0.0043509558269034833 -0.010686937914842327 -0.0069727852682322459 0.010067381607883594 0.0098481765109432687 0.0059127173796870956 -0.0013741871153494865 -0.0053772847867981713 -0.00015430170279012706 -0.011199016986109308 -0.0033464179265266765 -0.003972302115974608 -0.00087208210600259639 0.0031274579494602363 0.0048754913431620387 -0.017316237442813777 0.0014842887862226773 0.006407553538976935 -0.0084726570263154357 0.00058567413013054165
leaf_weight=234.67094334959984 589.28952439129353 308.9828462600708 312.11833587288857 189.8816944360733 13.652063786983492 44.33148255944252 14.461315482854841 5.2017421573400489 172.54505211114883 20.05413576960564 233.23531614243984 30.387544959783554 34.897015437483788 10.93100845813751 5.98395051062107 33.177030190825462 34.9894198179245 169.89961484074593 23.683983668684959 7.3417148292064658 7.8076260834932318 22.679337486624718 34.36862088739872 44.47790852189064 9.9259825646877271 5.2170828431844702 383.38051696121693 377.03941687941551 143.51496157050133 12.655949667096136
leaf_count=1189 2422 1297 1483 1050 57 217 59 21 695 81 1070 135 155 45 24 137 163 768 105 31 34 93 143 185 40 21 1550 1736 690 60
internal_value=-1.60949e-07 0.00395194 -0.00491821 -0.0077889 -0.00285174 0.00655934 0.00174487 0.00077551 -0.00116364 0.00307917 0.00580721 -0.0045703 -0.00197748 0.00336441 -0.000769751 0.00160451 -0.00548132 -0.00619279 -0.00423811 -0.0019322 0.00550859 0.00348625 0.00402547 0.000712624 -0.00163672 -0.00424312 0.00184073 0.00562404 -0.00678589 -0.00603506
internal_weight=3530.78 1957.54 1573.24 658.171 915.072 897.085 1060.46 614.75 183.731 445.706 662.414 318.441 83.1641 24.5831 178.529 431.019 235.277 200.287 58.581 596.631 618.082 410.509 343.351 67.1572 35.1972 25.2712 416.558 610.275 468.289 324.774
internal_count=15756 8592 7164 3283 3881 4246 4346 2486 740 1860 3057 1428 362 102 719 1746 1066 903 260 2453 2840 1718 1440 278 142 102 1687 2806 2233 1543
is_linear=0
shrinkage=0.01


Tree=90
num_leaves=31
num_cat=0
split_feature=4 14 0 14 2 2 7 0 7 9 28 20 2 24 1 25 26 26 26 2 21 15 23 20 23 25 23 4 14 23
split_gain=674.104 135.473 68.2642 19.1347 15.2519 14.0529 10.234 9.23977 8.65844 8.42125 8.35517 12.6613 8.21503 7.6674 7.03503 6.24909 6.13873 7.17492 6.5487 6.0613 8.49584 5.97245 5.72364 8.52257 5.97669 5.9427 5.48155 5.46116 16.1401 6.31535
threshold=0.060511841255135722 -0.76157425996426065 0.89160715104643995 -0.45726127700065849 1.6417879253725467 -1.3706774009881311 -1.318067527780691 0.54571841607728444 -0.22753298711905356 0.91337706774660166 0.73713895312830036 -1.1804148558454093 -0.50013542311552472 -0.41831477174283876 -0.23284329029977111 -0.19986872923639173 -0.88295768276908804 1.5923691714116048 -1.227287585290834 -0.44392773055016449 1.0578415324592711 1.1288769370718053 -1.0011548163832031 1.4595711828009044 -0.1633677027855138 -1.5466115523186328 0.8033902159712013 -1.0199170013970111 -1.0996451299552181 -1.0446485474406753
decision_type=2 2 2 2 2 2 2 2 2 2 2 2 2 2 2 2 2 2 2 2 2 2 2 2 2 2 2 2 2 2
left_child=1 5 7 9 -4 -1 10 16 -9 19 14 -12 -8 -14 -5 21 18 -18 -2 20 -3 -11 27 25 -25 -24 -17 28 -7 -29
right_child=2 3 4 6 -6 22 12 8 -10 15 11 -13 13 -15 -16 26 17 -19 -20 -21 -22 -23 23 24 -26 -27 -28 29 -30 -31
leaf_value=0.01018810976120286 -0.0025665961692472577 0.0038581594722420769 -0.006792054015191608 0.0049209077621551363 -0.010205266810325716 0.0062460088695770145 -0.011289092610732935 -0.0024358610512374818 -0.0059897545521053622 -0.0028208142992144974 -0.010134857942951962 0.0085367443041004503 0.0016282355557293983 -0.00052381605188746554 0.015873509703728372 -0.0091371519218917605 -0.0014994598273102128 -0.007449137631590279 -0.0078050670491632756 0.0099371323844370286 -0.00012401914654873141 0.0098408585474913223 0.0021454298926410044 0.0078014659588886773 0.00031352454474012771 0.007013355987048735 0.0013878035827755079 0.0072200220539279094 -0.0034240623919063362 -0.0029190035939521608
leaf_weight=93.951134085655212 61.162915647029877 332.94513623416424 446.52683289349079 33.373092040419579 188.85702410340309 41.504006057977676 6.1344474107027045 107.67547239363194 195.43601456284523 7.4317361861467344 8.1172463744878751 6.3768654763698569 256.15672366321087 466.82938945293427 7.2394136786460868 12.923634186387064 339.37529934942722 21.585757225751877 40.125377222895622 13.997158288955687 63.262518301606178 7.1361601203680038 26.94657564163208 15.126247286796568 36.59169714152813 582.70506766438484 7.701869621872901 62.032593995332718 29.274214223027229 6.6148138195276251
leaf_count=504 257 1398 2151 137 1050 195 25 475 889 30 33 26 1035 1882 30 52 1395 93 172 58 262 29 127 68 164 2742 31 284 132 30
internal_value=-1.95069e-07 0.00355038 -0.00538559 0.001395 -0.00780959 0.00651086 0.000453269 -0.00337118 -0.00473181 0.00305043 0.00460508 -0.00184933 0.000137517 0.000237401 0.00693203 -0.0016209 -0.00247598 -0.00185999 -0.00465733 0.00345394 0.00321993 0.0033382 0.00607697 0.00646853 0.00253369 0.00680022 -0.00517099 0.0042091 0.00223312 0.00622566
internal_weight=3525.12 2124.37 1400.74 1229.63 635.384 894.746 784.227 765.361 303.111 445.398 55.1066 14.4941 729.121 722.986 40.6125 35.1934 462.249 360.961 101.288 410.205 396.208 14.5679 800.795 661.37 51.7179 609.652 20.6255 139.426 70.7782 68.6474
internal_count=15756 9274 6482 5028 3201 4246 3168 3281 1364 1860 226 59 2942 2917 167 142 1917 1488 429 1718 1660 59 3742 3101 232 2869 83 641 327 314
is_linear=0
shrinkage=0.01


Tree=91
num_leaves=31
num_cat=0
split_feature=13 14 13 4 2 2 0 10 17 11 10 23 21 11 27 27 26 17 22 6 10 15 23 18 23 20 27 23 13 4
split_gain=662.131 134.721 66.4191 19.1385 13.9666 12.5648 11.9558 8.21571 8.18274 7.51243 8.35454 8.27489 7.17335 11.1343 6.72164 7.58611 7.0007 6.5852 7.59255 5.75821 9.81744 8.31762 5.69857 8.79722 5.64721 8.40526 6.04535 5.87834 5.60563 5.37483
threshold=0.066292827128768092 -0.76157425996426065 1.0062974065546 -0.39702771124863034 -1.3706774009881311 1.6417879253725467 0.54571841607728444 -1.459061893098853 1.0282621212496694 -0.044184180158212606 0.870134597620836 -1.9284315868749891 1.6525938640895823 -0.02140618656105046 0.47385042549911 0.572230661933535 -0.89895099986394589 -1.63141166623641 0.77388684649861295 -0.044263638409454818 -0.39154366613066854 -0.9609951542032501 0.26368029930731146 1.974837749315868 -1.0011548163832031 1.4595711828009044 -1.5353469373980737 -0.1633677027855138 0.33488856166873765 -1.0199170013970111
decision_type=2 2 2 2 2 2 2 2 2 2 2 2 2 2 2 2 2 2 2 2 2 2 2 2 2 2 2 2 2 2
left_child=1 4 6 7 -1 17 12 -3 19 10 -9 -11 14 28 16 -16 -2 18 -4 20 -5 -21 23 -10 29 26 -26 -27 -14 -6
right_child=2 3 5 8 24 -7 -8 9 22 11 -12 -13 13 -15 15 -17 -18 -19 -20 21 -22 -23 -24 -25 25 27 -28 -29 -30 -31
leaf_value=0.010138686841822658 -0.0064634882921707553 0.01108250941900929 0.0034492462762868784 0.0038285216891017246 0.0022127976465046066 -0.010158461182410513 -0.0048925647061851645 0.0045205485289430995 -0.0016173901389871462 -0.0088334751733255817 -0.0030299374154970737 0.001828018294108364 0.0013422517005867536 -0.0045869335365466462 0.0059321365352728132 -0.0017779091376608777 -0.0027695209875006899 -0.0072777697929562882 -0.0090526489935286465 0.0033284441793176999 0.00042003602585293572 -0.002104643893803881 -0.0051332214671875051 0.011332826812607314 0.00221752719917749 0.0077434019677953348 0.0069732124149512647 0.00031042800187380544 0.0147871423526878 0.0061769932132844955
leaf_weight=93.467941343784332 68.914739206433296 11.655016764998434 12.427138417959215 114.63875728845596 70.712413772940636 187.83551090955734 376.11447085440159 207.92394028604031 51.826429814100266 7.3373404294252387 15.535522505640982 295.04322093725204 5.6529204100370425 10.775954037904738 13.94476445019245 135.66698214411736 209.90673543512821 352.06165640056133 7.7914170622825614 36.082547172904015 324.076028034091 126.09500594437122 42.660251557826996 5.7306176573038092 28.801179200410843 15.088216379284857 579.25519698858261 36.588151499629021 7.3459442406892776 68.496195673942566
leaf_count=504 294 51 57 467 327 1050 1718 878 209 30 63 1216 23 45 57 559 870 1705 37 145 1304 507 172 23 136 68 2733 164 30 314
internal_value=-1.93603e-07 0.00350057 -0.00537385 0.00136513 0.00646281 -0.00803497 -0.00357242 0.00278483 0.000275061 0.00259694 0.00399002 0.00156317 -0.00247137 0.00284563 -0.00276935 -0.00104912 -0.00368811 -0.00695843 -0.00134011 0.000717616 0.00131364 -0.000888379 -0.00236655 -0.00029325 0.00603031 0.00641989 0.00675 0.00251075 0.00907148 0.00417355
internal_weight=3519.45 2131.01 1388.44 1238.6 892.409 560.116 828.323 537.495 701.11 525.84 223.459 302.381 452.208 23.7748 428.433 149.612 278.821 372.28 20.2186 600.892 438.715 162.178 100.217 57.557 798.941 659.733 608.056 51.6764 12.9989 139.209
internal_count=15756 9311 6445 5065 4246 2849 3596 2238 2827 2187 941 1246 1878 98 1780 616 1164 1799 94 2423 1771 652 404 232 3742 3101 2869 232 53 641
is_linear=0
shrinkage=0.01


Tree=92
num_leaves=31
num_cat=0
split_feature=13 14 13 4 13 2 0 10 11 11 10 18 15 28 7 26 16 19 26 26 10 10 7 6 27 14 7 29 21 10
split_gain=650.155 132.682 65.7 18.775 13.9072 12.5321 11.7724 8.12006 8.00339 9.01067 8.21302 7.83709 8.37875 7.65553 9.13768 7.05086 6.67972 6.55691 6.3741 6.34489 6.22332 5.89627 5.8305 7.60566 6.07535 5.9784 5.7002 5.59562 5.56063 6.4779
threshold=0.066292827128768092 -0.76157425996426065 1.0062974065546 -0.39702771124863034 -1.2280265127299848 1.6417879253725467 0.54571841607728444 -1.3967127613426431 -0.044184180158212606 1.1735587172130433 0.870134597620836 -0.35628916455580112 -1.1682280271607357 -0.058551685503855609 -1.4784614242221701 -0.89895099986394589 2.3082959666201797 -1.3792723007190479 1.2454313128248489 -1.227287585290834 -2.4405923957375211 -0.41737323843799107 -0.16609151014886112 0.83674169705220403 0.55015227747694961 1.1448852339862667 -1.7639608293983271 1.632432623888074 -0.083968053260114431 -0.90251916602051374
decision_type=2 2 2 2 2 2 2 2 2 2 2 2 2 2 2 2 2 2 2 2 2 2 2 2 2 2 2 2 2 2
left_child=1 4 6 7 -1 13 15 -3 10 -10 -9 12 21 14 -4 19 -6 26 -14 -2 -17 -5 23 -8 -25 -24 -15 -22 29 -13
right_child=2 3 5 11 16 -7 22 8 9 -11 -12 28 18 17 -16 20 -18 -19 -20 -21 27 -23 25 24 -26 -27 -28 -29 -30 -31
leaf_value=0.0085304594998776902 -0.0027468809586635367 0.0088753650227951647 0.0051096345006532637 0.017959871894085069 0.0057773756084924426 -0.010111993463078577 0.0014324094291323225 0.0044906675003506388 0.00092097068619534481 0.0074683095613721565 -0.0029991755832216162 -0.0035537422842064972 0.0017760197425991081 -0.011174683316684086 -0.0059157090999782018 -0.0083843807262896503 -0.0034225831176442957 -0.0090198667244706897 -0.0032612498541072089 -0.0078937682118334039 -0.0017673560237837461 0.0039348016449818838 -0.0058745861170862211 -0.0063486266821759091 -0.000442382121182888 0.0048772148850513191 0.0004091819833362965 0.0045810038309758916 -0.0015360404912820541 0.0015551719819184621
leaf_weight=232.04242350161076 62.761785730719566 20.899974793195724 7.6772786676883689 4.9495579600334159 650.2552630007267 186.8172629326582 29.3530443161726 204.29352088272572 273.68869978189468 22.751429989933968 15.538927569985388 29.286650255322456 225.27015900611877 5.8216306567192104 177.9977263212204 13.619917407631872 7.7906096130609503 165.23258630931377 28.057921811938286 39.767433688044548 321.48957107961178 8.1788437068462354 259.70239341259003 55.356796532869339 25.961285665631294 5.1035187244415274 14.474867209792135 14.33593440055847 247.99941852688789 157.30010516941547
leaf_count=1189 264 91 34 20 3023 1050 125 863 1125 96 63 118 911 27 863 57 34 807 113 171 1328 33 1199 253 117 24 68 58 999 633
internal_value=-1.71984e-07 0.00347008 -0.00533161 0.00135193 0.00641507 -0.00798469 -0.00354046 0.00275866 0.00250744 0.00142919 0.00395558 0.000272352 0.00162328 -0.00690895 -0.00545195 -0.00244792 0.00566643 -0.00835799 0.00121309 -0.00475867 -0.00176591 0.0093938 -0.00485191 -0.00290161 -0.00447816 -0.00566183 -0.00290288 -0.00149209 -0.000553823 0.000746446
internal_weight=3513.78 2128.3 1385.47 1238.22 890.088 558.021 827.452 537.173 516.273 296.44 219.832 701.043 266.456 371.204 185.675 451.975 658.046 185.529 253.328 102.529 349.445 13.1284 375.477 110.671 81.3181 264.806 20.2965 335.826 434.586 186.587
internal_count=15756 9311 6445 5065 4246 2849 3596 2238 2147 1221 926 2827 1077 1799 897 1878 3057 902 1024 435 1443 53 1718 495 370 1223 95 1386 1750 751
is_linear=0
shrinkage=0.01


Tree=93
num_leaves=31
num_cat=0
split_feature=4 0 13 4 2 2 0 3 26 8 23 7 17 28 7 17 3 20 24 23 26 29 28 25 26 29 13 10 4 9
split_gain=638.44 129.315 66.157 18.0678 13.8767 13.4465 11.2963 8.1178 11.9807 8.73791 8.54903 6.71399 5.80768 5.71382 11.5069 6.35235 5.76091 5.71355 6.64072 6.54501 5.69545 8.64256 6.70662 6.61433 6.32477 5.77767 5.68749 5.67797 5.67462 6.65957
threshold=0.060511841255135722 -0.7692932016384707 0.97336706065709044 -0.39702771124863034 -1.3706774009881311 1.6417879253725467 0.54571841607728444 -0.50328318616273049 1.1357990728890506 -0.81409798715327519 0.61060051245891256 -0.16609151014886112 -1.5039790479353716 0.60193686865102736 -1.4784614242221701 -1.6705551342050393 -1.4460359241563234 1.1578033087262396 1.0257007363724269 -1.6638548790536813 -0.88295768276908804 1.632432623888074 -1.2851587605247279 1.0422657853440109 1.5923691714116048 -0.56231028473097011 -1.2201868373435214 -0.88431143343178531 0.83346288679121738 -0.38028151914932845
decision_type=2 2 2 2 2 2 2 2 2 2 2 2 2 2 2 2 2 2 2 2 2 2 2 2 2 2 2 2 2 2
left_child=1 4 6 -3 -1 13 20 8 9 -5 -10 28 -6 14 16 -16 -4 19 -19 -9 22 24 -2 -23 -22 -24 -14 -28 29 -8
right_child=2 3 5 7 12 -7 11 17 10 -11 -12 -13 26 -15 15 -17 -18 18 -20 -21 21 23 25 -25 -26 -27 27 -29 -30 -31
leaf_value=0.010048468878582781 -0.0013105158333943179 0.0027330139555576684 -0.0049992431840720844 0.00060907051163310868 0.0091255203119109708 -0.010065855531467773 -0.0020136088475262923 0.0077918010731586268 -0.00074951054644044085 0.0049030361777180559 -0.012708950228536742 -0.005637681434053461 0.007503979808710563 -0.0088977844221877298 0.0011114012998021572 -0.0068431473546813719 0.0069060603396829288 -0.0044959058735457432 0.0033115436303754286 -0.00020106990755737982 -0.0017506518610521569 0.014581753636841459 -0.0098863270258254914 0.0005758656817422764 -0.0073577745666371305 -0.0035853568684078908 0.0078952311444388228 0.0048896289731343509 -0.0050897119687658681 0.0070079282640240969
leaf_weight=92.579718634486198 40.579505920410156 536.54826122522354 6.7400757819414165 93.302295386791229 54.392155826091766 185.80237554013729 42.048442468047142 10.423373028635977 24.059457957744598 97.542338386178017 7.9527515321969977 251.03107477724552 143.78947870433331 98.383124828338623 10.174316853284834 271.66826824843884 9.763336777687071 58.727982982993126 13.142504423856733 386.52722799777985 323.51634311676025 5.2370343655347815 28.519634738564491 9.6160459369420987 21.518708989024162 31.396451100707054 73.221649140119553 524.09635525941849 45.782382354140282 10.044176861643789
leaf_count=504 171 2237 30 380 269 1050 182 42 97 393 32 1160 707 480 48 1321 44 237 53 1556 1332 21 123 39 93 133 341 2426 211 44
internal_value=-1.81427e-07 0.00345907 -0.00526066 0.00135589 0.00636619 -0.00783164 -0.00340809 0.000285941 0.00185768 0.00281041 -0.00378204 -0.00476813 0.00593518 -0.00678048 -0.00607617 -0.00655215 0.00198282 -0.000459299 -0.00305169 8.2028e-06 -0.00237439 -0.00178113 -0.00448509 0.00564556 -0.00210528 -0.00661271 0.00569849 0.005261 -0.0025242 -0.000244878
internal_weight=3508.13 2116.31 1391.82 1228.23 888.079 582.531 809.29 691.678 222.857 190.845 32.0122 348.906 795.5 396.729 298.346 281.843 16.5034 468.821 71.8705 396.951 460.384 359.888 100.496 14.8531 345.035 59.9161 741.107 597.318 97.875 52.0926
internal_count=15756 9274 6482 5027 4247 2973 3509 2790 902 773 129 1597 3743 1923 1443 1369 74 1888 290 1598 1912 1485 427 60 1425 256 3474 2767 437 226
is_linear=0
shrinkage=0.01


Tree=94
num_leaves=31
num_cat=0
split_feature=4 14 13 2 2 2 14 5 28 26 18 11 11 24 17 23 23 7 6 26 13 7 26 25 26 23 20 27 23 13
split_gain=626.973 104.426 87.7564 15.7017 13.7724 13.155 12.4455 8.24798 10.1171 10.8196 7.64845 7.5533 8.80947 11.6286 7.27047 7.17677 7.46191 7.01383 9.74414 8.72013 6.76994 7.14546 6.50207 6.41232 6.28424 5.59874 8.30193 5.9998 5.80756 5.48725
threshold=-0.069633975157258859 -0.76157425996426065 0.88622533803942172 1.6417879253725467 -1.3706774009881311 0.51157606918868004 -0.45726127700065849 1.0173421412558803 -1.7918079738412511 -0.18182736172470068 0.04538699579894135 1.151823825480766 -0.12018827658828486 0.27341241544355005 0.93484581695296887 0.29711326537690302 -0.52320598855289735 -0.22753298711905356 0.79027588591860576 0.66077624785731714 0.81106782734920579 0.099344480244363903 0.2639119093249177 -0.3195319928231109 2.1281499207500025 -1.0011548163832031 1.4595711828009044 -1.5353469373980737 -0.1633677027855138 1.2850967815328296
decision_type=2 2 2 2 2 2 2 2 2 2 2 2 2 2 2 2 2 2 2 2 2 2 2 2 2 2 2 2 2 2
left_child=1 4 5 10 -1 24 11 8 -8 -10 29 12 14 -14 -3 16 -9 18 19 -7 21 -19 -13 -20 -2 -6 27 -27 -28 -4
right_child=2 6 3 -5 25 17 7 15 9 -11 -12 22 13 -15 -16 -17 -18 20 23 -21 -22 -23 -24 -25 -26 26 28 -29 -30 -31
leaf_value=0.010000086565813636 -0.0017287186425912118 0.0049001476020538691 -0.0040948670369609138 -0.010020040575509197 0.0040388188736584637 -0.00061599080544379604 -0.0049959915877951485 -0.0039842996558263908 0.0031797552055757346 0.00022751576528414464 -0.007959378999806704 0.011688580326082365 -0.00042720176598576922 0.0039739693038100422 -0.0033393193499053832 -0.0062720839987886528 0.0034416221002456881 -0.01049897082519554 -0.0083078161279154759 0.012085267249152527 -0.0011501410286030619 -0.0051600021546089805 0.00084383645426619166 -0.0014394877752718967 -0.011031979967682893 0.0020843247507824621 0.0076070528689358456 0.0068347043338685609 0.00020036530177375668 -0.0071419342894775703
leaf_weight=92.10025118291378 588.23743081092834 160.66154924035072 147.79289463162422 184.79094699025154 138.40478077530861 16.788172900676731 24.951937779784203 25.505990415811539 219.31054413318634 287.7694031894207 211.83007615804672 17.36791051924229 144.30383393168449 102.25661060214043 11.258593171834944 28.258582323789597 28.587903216481209 30.104926973581314 22.235064253211021 7.7743678838014594 34.676597967743874 168.34823188185692 8.4144547432661039 36.019209057092667 7.2992413192987433 28.63470296561718 14.995022341608999 574.91537468135357 36.453554689884186 102.45384947955608
leaf_count=504 2422 684 690 1050 641 70 101 103 890 1163 1034 74 597 423 47 114 115 135 100 32 163 768 35 160 31 136 68 2733 164 509
internal_value=-1.88156e-07 0.00378738 -0.00472603 -0.00754362 0.00632169 -0.00272471 0.00166622 0.000741843 0.00119896 0.0015067 -0.00654915 0.00294187 0.00261335 0.00139492 0.00435313 -0.0021971 -4.22375e-05 -0.00437625 -0.00185472 0.00339628 -0.00526653 -0.00597983 0.00820481 -0.00408794 -0.00184626 0.00589223 0.00628166 0.00661137 0.00238906 -0.00534872
internal_weight=3502.5 1944.15 1558.35 646.868 885.504 911.483 1058.65 614.384 532.032 507.08 462.077 444.263 418.481 246.56 171.92 82.3525 54.0939 315.947 82.8168 24.5625 233.13 198.453 25.7824 58.2543 595.537 793.403 654.999 603.55 51.4486 250.247
internal_count=15756 8592 7164 3283 4246 3881 4346 2486 2154 2053 2233 1860 1751 1020 731 332 218 1428 362 102 1066 903 109 260 2453 3742 3101 2869 232 1199
is_linear=0
shrinkage=0.01


Tree=95
num_leaves=31
num_cat=0
split_feature=13 14 13 14 0 2 0 24 3 18 9 21 28 21 19 19 27 27 26 19 22 23 27 22 21 14 13 10 6 6
split_gain=615.942 126.758 63.517 17.7339 13.7277 12.4247 11.2001 8.38024 9.86879 11.4937 8.10764 7.71084 7.57149 7.02673 7.03209 6.80345 6.51497 7.45848 6.71768 6.50087 6.42462 6.43065 6.17956 6.03661 6.73107 5.54239 16.4665 8.32613 5.39707 5.45172
threshold=0.066292827128768092 -0.76157425996426065 1.0062974065546 -0.45726127700065849 -1.3968135513546232 1.6417879253725467 0.54571841607728444 -0.41831477174283876 0.68868748963276494 0.55512034101912044 0.91337706774660166 1.2824732410390924 -0.058551685503855609 1.6525938640895823 -0.71219642646317249 2.8322821358373869 0.47385042549911 0.572230661933535 -0.89895099986394589 -1.3792723007190479 -1.3477682652688043 -0.40507138996148156 -0.11224839823757597 -2.0572937428602605 0.89866924745889698 -1.0996451299552181 -1.1044171093987483 -0.43631458518477173 0.86611920552024013 1.1059308366614344
decision_type=2 2 2 2 2 2 2 2 2 2 2 2 2 2 2 2 2 2 2 2 2 2 2 2 2 2 2 2 2 2
left_child=1 4 6 10 -1 12 13 20 11 -10 23 -9 28 16 -15 25 18 -18 -2 -14 21 -5 -12 -3 -25 27 -27 -6 -4 -30
right_child=2 3 5 7 15 -7 -8 8 9 -11 22 -13 19 14 -16 -17 17 -19 -20 -21 -22 -23 -24 24 -26 26 -28 -29 29 -31
leaf_value=0.01059768696734335 -0.0063110595088985135 -0.0052031872413871687 -0.011774997643391918 0.012437390630440819 0.0099634991959643357 -0.0099745397286341714 -0.0047329170023175764 0.00087675072432156619 -0.011257388288867321 -0.0017068770781995893 0.0028567186944484487 -0.0037514912412533346 -0.0027673941056478597 0.012245716498811676 -0.00021200522963385639 -0.0063250030463563346 0.0059379299819488762 -0.0017085442167754262 -0.0026853432613058166 -0.0088754961027307164 0.0014326259289070479 -0.0011741195436827873 -0.0055135585651790199 0.0041559849709549282 0.00096250060558390944 -0.0013963070859254597 0.0057896814673047648 0.0061202971202462706 -0.0016487806359218634 -0.0058467888803831018
leaf_weight=68.422100514173508 68.599965482950211 7.9838007837533942 12.218170911073683 10.556083083152769 73.925414472818375 183.78308537602425 373.50256723165512 355.85875289142132 14.373342111706732 101.83749112486839 16.044675648212433 39.900979176163673 20.180860847234726 5.9042101651430157 17.849865421652794 4.3646649569272986 13.94214643537998 135.47811987996101 209.54904918372631 163.57624101638794 265.68672546744347 4.9341221153736106 19.129170343279839 316.23193687200546 84.588383793830872 34.092295363545418 442.00083091855049 260.39731582999229 41.625042751431465 130.39433832466602
leaf_count=378 294 33 58 43 362 1050 1718 1436 58 411 65 161 95 24 74 19 57 559 870 807 1076 20 77 1333 352 157 2062 1268 201 638
internal_value=-2.03311e-07 0.00338111 -0.0052089 0.001314 0.00627496 -0.00783651 -0.00344918 0.000416633 -0.000343513 -0.00290538 0.0029144 0.00040677 -0.00676361 -0.00238377 0.00288087 0.00590947 -0.00267919 -0.000984883 -0.0035851 -0.00821199 0.0018039 0.00805783 -0.0016698 0.00331159 0.00348494 0.00597737 0.00527282 0.00697582 -0.0053099 -0.00483832
internal_weight=3496.93 2120.33 1376.6 1237.13 883.203 551.778 824.826 793.147 511.971 116.211 443.978 395.76 367.995 451.323 23.7541 814.781 427.569 149.42 278.149 183.757 281.177 15.4902 35.1738 408.804 400.82 810.416 476.093 334.323 184.238 172.019
internal_count=15756 9311 6445 5065 4246 2849 3596 3205 2066 469 1860 1597 1799 1878 98 3868 1780 616 1164 902 1139 63 142 1718 1685 3849 2219 1630 897 839
is_linear=0
shrinkage=0.01


Tree=96
num_leaves=31
num_cat=0
split_feature=4 0 13 4 0 2 0 3 26 8 23 9 24 22 22 11 6 18 9 8 28 18 6 15 22 1 13 6 20 11
split_gain=604.844 123.548 63.9293 17.0703 13.6537 13.3195 10.7426 7.85445 11.6991 8.5827 8.37267 5.93104 7.24509 6.25567 8.1058 5.90931 7.80448 8.66808 6.95774 6.11352 5.63983 8.60738 5.76238 7.17628 5.75237 5.54465 5.60333 5.76123 5.50338 9.27298
threshold=0.060511841255135722 -0.7692932016384707 0.97336706065709044 -0.39702771124863034 -1.3968135513546232 1.6417879253725467 0.54571841607728444 -0.50328318616273049 1.1357990728890506 -0.81409798715327519 0.61060051245891256 1.1515709624933257 -1.0480050004494863 -1.7326338808494586 -0.51177812158474112 -0.089763033173527781 -0.25451453371429361 0.25999283689898128 0.89568355188792215 0.4255056052898934 0.60193686865102736 -0.09527583745243956 1.2149823610813699 -0.70077193846386698 0.75907068316359749 -1.6590858170830964 -1.2201868373435214 -1.1425876823327197 1.5491165151651076 1.3613962968114899
decision_type=2 2 2 2 2 2 2 2 2 2 2 2 2 2 2 2 2 2 2 2 2 2 2 2 2 2 2 2 2 2
left_child=1 4 6 15 -1 20 -2 8 9 -5 -10 13 -13 -8 -15 18 17 -17 19 -3 21 24 23 -22 -4 -6 -27 -28 -9 -30
right_child=2 3 5 7 25 -7 11 28 10 -11 -12 12 -14 14 -16 16 -18 -19 -20 -21 22 -23 -24 -25 -26 26 27 -29 29 -31
leaf_value=0.010550858920864331 -0.0023118834280921384 0.004039979248487988 -0.0027452537667773725 0.00058428661360639025 0.0094186766384938957 -0.0099293454782397525 -0.013206206048549041 -0.00016521799103457019 -0.0007463968757092283 0.0048409019156481822 -0.012582175456404963 0.00024947415388776816 -0.0082325167360139673 -0.001267130869171323 -0.0049775941138339129 -0.00038756106524899867 0.0092691611761851044 0.0029038180333351149 -0.0044997529970597352 0.012207449597411912 0.0051006928808883002 -0.0075449931452891148 -0.010788812576891743 -0.0073890554976111314 -0.0072250588218701782 0.0073071032465978659 0.0032452566805621615 0.0057034444861152542 -0.0077943061239827997 0.0046500430710861643
leaf_weight=68.040880888700485 459.74053676426411 173.79574029147625 97.152254983782768 93.263079032301903 42.545862630009651 182.77888533473015 7.0490033477544776 438.0214741230011 24.057491436600685 97.495715096592903 7.9535217136144629 11.486148670315741 70.045403316617012 92.651188671588898 165.8947718590498 134.94957000017166 13.626961588859556 194.65774144232273 8.8529152721166593 9.7580179125070554 5.136390969157218 157.29260049760342 57.771266773343086 34.488524734973907 41.537094488739967 166.44849607348442 122.13816770911217 482.03120210766792 22.764986470341686 7.9292780160903922
leaf_count=378 1912 736 469 380 211 1050 32 1764 97 393 32 54 327 422 762 559 57 808 36 41 25 774 287 168 200 837 573 2248 92 32
internal_value=-2.30375e-07 0.00337052 -0.00513931 0.00131793 0.00622725 -0.00768483 -0.00331968 0.000278164 0.00182456 0.00276645 -0.00374831 -0.0046505 -0.00702648 -0.00391499 -0.0036528 0.00265806 0.00186535 0.0015535 0.00406526 0.00448603 -0.00663714 -0.00593531 -0.00875142 -0.00573613 -0.00409839 0.00586299 0.00566419 0.00520877 -0.000454903 -0.00454241
internal_weight=3491.36 2108.33 1383.02 1227.13 881.205 576.157 806.867 691.486 222.77 190.759 32.011 347.127 81.5316 265.595 258.546 535.641 343.234 329.607 192.407 183.554 393.378 295.982 97.3962 39.6249 138.689 813.164 770.618 604.169 468.716 30.6943
internal_count=15756 9274 6482 5027 4247 2973 3509 2790 902 773 129 1597 381 1216 1184 2237 1424 1367 813 777 1923 1443 480 193 669 3869 3658 2821 1888 124
is_linear=0
shrinkage=0.01


Tree=97
num_leaves=31
num_cat=0
split_feature=13 14 13 14 13 13 4 5 7 26 20 9 17 16 17 15 19 10 7 24 27 25 16 25 28 18 26 24 21 7
split_gain=593.951 123.063 62.1316 17.0903 13.4415 11.8061 9.03109 8.51061 8.26908 8.04483 14.1161 7.8763 7.85477 7.73353 7.68687 7.24706 14.3864 6.70167 12.3647 6.61436 6.50487 6.24631 6.16347 6.0767 8.35842 6.05728 5.95299 5.84838 8.54498 5.66724
threshold=0.066292827128768092 -0.76157425996426065 1.0062974065546 -0.45726127700065849 -1.2280265127299848 1.6238370959892461 0.47264445685204176 1.3729838890386648 -1.318067527780691 0.57953874955183571 -1.3405764838231689 0.91337706774660166 -1.5039790479353716 -2.0690595519790738 -2.0272782034410439 -1.1682280271607357 0.4238433808418976 -2.4405923957375211 -1.6543033131846168 -1.0781286087754902 0.36553463377954776 0.23464588906001241 2.3082959666201797 0.39791666940091325 0.66285970397498672 1.2471155411624417 -0.23377131246110197 1.391490122314385 1.0578415324592711 -1.4784614242221701
decision_type=2 2 2 2 2 2 2 2 2 2 2 2 2 2 2 2 2 2 2 2 2 2 2 2 2 2 2 2 2 2
left_child=1 4 6 11 -1 14 7 17 9 -5 -11 27 -6 20 -4 16 -10 -2 -19 -17 -8 -9 26 24 -13 -25 -14 28 -3 -16
right_child=2 3 5 8 12 -7 13 21 15 10 -12 23 22 -15 29 19 -18 18 -20 -21 -22 -23 -24 25 -26 -27 -28 -29 -30 -31
leaf_value=0.0082863425099106176 -0.0099680992931199149 0.004326510474155644 0.0030455922828308219 0.0068823133972657413 0.0095947873498037611 -0.0098202450123737479 0.012556739809534147 -0.010123568570283847 0.005486100812471654 -0.013417241593584426 0.0055709185696976183 -0.002514812799090548 0.0039818859519788925 -0.0045490683066778184 -0.00064538620908497759 0.0021499451884323651 -0.0071616149097165705 0.0081834442920635103 -0.0018690682130474193 -0.00059169585004574695 -0.0039187424230223891 -0.0020678316913403218 -0.0035978532327955071 -0.012249134528486347 0.010854519358215884 0.001140420750765858 0.006053584323927455 -0.00037017922295716824 0.00022335780057193083 -0.0071566580426216152
leaf_weight=227.54942925274372 9.5226614475250226 307.07191435992718 7.7527893036603919 36.055245101451874 43.212676718831062 183.73345670104027 4.8311200290918332 22.342651933431625 53.223321959376335 6.150578141212466 10.322857722640036 14.833141744136812 229.53207787871361 436.13975887000561 14.285354971885679 103.80446457862854 10.667574048042296 12.599792018532751 315.64073219895363 572.76109005510807 4.4641922563314438 17.599438950419426 7.7528447806835166 8.2080607712268812 6.6727729588747016 5.4529287368059149 370.62316024303436 39.712157979607582 61.436654701828957 341.88950899243355
leaf_count=1189 40 1297 36 149 217 1051 21 96 215 25 42 60 1070 1980 64 420 43 51 1313 2311 20 75 34 33 27 22 1736 166 255 1698
internal_value=-2.48154e-07 0.00332255 -0.00512768 0.00128786 0.00618396 -0.00773907 -0.0033883 -0.00224436 0.000407124 0.00423782 -0.00149641 0.00286032 0.00544653 -0.00435533 -0.0066832 0.000133485 0.00335085 -0.00172298 -0.00147777 -0.000169316 0.00458025 -0.00661302 0.00514848 -0.00165801 0.00161813 -0.00686243 0.00526372 0.00325232 0.0036454 -0.00689857
internal_weight=3485.84 2115.04 1370.8 1236.37 878.67 547.661 823.14 377.705 792.985 52.5287 16.4734 443.388 651.121 445.435 363.928 740.456 63.8909 337.763 328.241 676.566 9.29531 39.9421 607.908 35.1669 21.5059 13.661 600.155 408.221 368.509 356.175
internal_count=15756 9311 6445 5065 4246 2849 3596 1575 3205 216 67 1860 3057 2021 1798 2989 258 1404 1364 2731 41 171 2840 142 87 55 2806 1718 1552 1762
is_linear=0
shrinkage=0.01


Tree=98
num_leaves=31
num_cat=0
split_feature=13 14 13 14 0 2 0 7 2 26 20 9 28 7 26 21 11 27 27 26 2 21 27 11 7 6 27 14 14 13
split_gain=583.193 121.195 61.4564 16.7684 13.5533 12.3414 10.7177 8.11112 8.23862 7.89676 13.8303 7.72619 7.49154 8.79632 7.18763 6.89224 10.8086 6.39177 7.32145 6.62898 6.05689 8.08115 5.99437 5.67051 5.61623 7.34573 5.97496 5.89124 5.52896 15.8641
threshold=0.066292827128768092 -0.76157425996426065 1.0062974065546 -0.45726127700065849 -1.3968135513546232 1.6417879253725467 0.54571841607728444 -1.318067527780691 -0.50013542311552472 0.57953874955183571 -1.3405764838231689 0.91337706774660166 -0.058551685503855609 -1.4784614242221701 -0.18182736172470068 1.6525938640895823 -0.02140618656105046 0.47385042549911 0.572230661933535 -0.89895099986394589 -0.44392773055016449 1.0578415324592711 -0.11224839823757597 -1.0818611484271521 -0.16609151014886112 0.83674169705220403 0.55015227747694961 1.1448852339862667 -1.0996451299552181 -1.1044171093987483
decision_type=2 2 2 2 2 2 2 2 2 2 2 2 2 2 2 2 2 2 2 2 2 2 2 2 2 2 2 2 2 2
left_child=1 4 6 11 -1 12 15 9 -9 -5 -11 20 13 -4 -10 17 -17 19 -19 -2 21 -3 -13 -14 25 -8 -27 -26 -6 -30
right_child=2 3 5 7 28 -7 24 8 14 10 -12 22 23 -15 -16 16 -18 18 -20 -21 -22 -23 -24 -25 27 26 -28 -29 29 -31
leaf_value=0.010468024533103373 -0.0062191696550066532 0.0036129629990292369 0.0052018613620540078 0.0068209142193264181 0.0067752862060255761 -0.0098413787716376388 0.0015654498891086632 -0.011314010289630526 0.0013497291427143512 -0.013272220800610192 0.0055187916868147391 0.0028173904388342935 -0.0054556443559858449 -0.0056308973185163627 -0.00064296181918977032 0.0090252890468890817 -0.0044420373599731375 0.0059283850112765504 -0.0016479759916792555 -0.0026131838625831532 0.0097161283331609546 -0.00027771477624126547 -0.0054277071245871222 -0.009301770273007149 -0.0056311260087867163 -0.0061241949373564905 -0.00024589926517418453 0.0050786904337886607 -0.001483544312521973 0.0055793762959617651
leaf_weight=67.361799851059914 68.403505623340607 330.92621375620365 7.6595301628112784 36.017093986272812 332.75737696886063 180.81450621783733 29.253755167126656 6.1319681555032721 322.38700877130032 6.1566668301820782 10.317130237817763 16.037091821432114 58.817555218935013 175.15849168598652 411.90920673310757 13.004439741373064 10.738122969865797 13.943225309252737 135.33171355724335 209.23579792678356 13.926061883568762 63.073587819933891 19.124513179063797 123.15603983402252 256.75318463146687 54.788125604391098 25.784866645932198 5.0693051367998114 33.988416507840157 442.28509546816349
leaf_count=378 294 1398 34 149 1636 1050 125 25 1303 25 42 65 288 863 1661 53 45 57 559 870 58 262 77 614 1199 253 117 24 157 2075
internal_value=-2.52306e-07 0.00329352 -0.00508726 0.00127537 0.00613817 -0.00769073 -0.00335789 0.000403089 0.000132143 0.00419848 -0.00148125 0.00283365 -0.00661959 -0.00516897 0.000230617 -0.00231583 0.00289935 -0.00260882 -0.000930106 -0.00350713 0.00322215 0.00298767 -0.00164146 -0.0080678 -0.00461784 -0.00269779 -0.00425806 -0.00541809 0.00577517 0.00507304
internal_weight=3480.31 2112.4 1367.91 1236.01 876.393 545.606 822.306 792.919 740.428 52.4909 16.4738 443.087 364.792 182.818 734.296 450.657 23.7426 426.914 149.275 277.639 407.926 394 35.1616 181.974 371.649 109.827 80.573 261.822 809.031 476.274
internal_count=15756 9311 6445 5065 4246 2849 3596 3205 2989 216 67 1860 1799 897 2964 1878 98 1780 616 1164 1718 1660 142 902 1718 495 370 1223 3868 2232
is_linear=0
shrinkage=0.01


Tree=99
num_leaves=31
num_cat=0
split_feature=4 0 13 2 14 0 0 9 13 10 18 10 7 9 19 20 19 13 13 23 22 22 22 25 21 7 9 23 4 20
split_gain=573.056 97.6937 82.4869 15.4107 13.7941 13.5622 12.3287 9.20399 9.09371 9.08703 7.51752 7.26923 8.66802 6.83386 9.31129 6.72938 10.1724 6.6548 6.55605 7.23657 6.62972 6.89676 5.98209 5.75955 6.84438 5.54455 5.51163 5.42974 7.17115 5.87418
threshold=-0.069633975157258859 -0.81471984326092128 0.88622533803942172 1.6417879253725467 -0.45726127700065849 0.54571841607728444 -1.3968135513546232 0.33182151145814515 0.78402674755846591 0.1450282821571858 0.04538699579894135 -2.4405923957375211 -1.6543033131846168 0.91337706774660166 0.46641683535420775 1.1578033087262396 0.89606528680201369 -0.51126501989665141 0.86251764409700959 0.092347011139241195 -0.31644352946776488 -1.6569579104576142 -1.158585927961987 2.3472329065325312 0.040105476759568347 -0.22753298711905356 0.27085506482941618 -0.92241242871117335 -1.0199170013970111 1.250092985026656
decision_type=2 2 2 2 2 2 2 2 2 2 2 2 2 2 2 2 2 2 2 2 2 2 2 2 2 2 2 2 2 2
left_child=1 6 5 10 13 8 -1 17 11 -9 -4 -2 -13 15 -15 16 -3 -6 20 -20 21 -7 -11 27 -25 -22 -19 28 -8 -29
right_child=2 4 3 -5 7 18 23 9 -10 22 -12 12 -14 14 -16 -17 -18 26 19 -21 25 -23 -24 24 -26 -27 -28 29 -30 -31
leaf_value=0.010422205865593641 -0.0095668245656015446 0.0035340668351500249 -0.0051227505899670636 -0.0097970537998375903 -0.0051157174671863127 -0.0096602008092417525 0.0022447934424729434 -0.012526077835097443 0.011131590284462142 -0.0065530295315702428 -0.0077279926561760548 0.0059176684670226203 -0.0019273187524915354 -0.0090851149697462903 0.0015513364027730763 0.0070064679855039412 -0.0011471328081284465 0.0015383317664458757 -0.0048566410681286625 0.010070660017884174 -0.0028495078320929126 -0.0022709466620559242 -0.00012894399818996223 -0.011159869774063403 0.0066568855668373908 -0.0074509026468133864 0.0081473805127510353 0.0067410155261600395 0.0067735522002323268 0.0030248437196787291
leaf_weight=66.983695894479752 12.075316056609152 359.54466596245766 247.26157204806805 179.82166869938374 14.452050432562826 14.261748716235159 80.703957691788673 6.6806203424930564 5.2851490676403037 15.871018052101133 208.64089858531952 14.271786063909529 594.55141679942608 9.9768927693366987 44.609679311513901 45.407721161842346 52.89925979077816 402.96290230751038 6.3798078298568708 6.3311299234628677 36.271761313080788 114.49318747222424 161.07149702310562 4.2165883630514127 4.1577032208442688 104.15456844866276 13.018916532397268 537.7732058763504 63.107992365956306 47.546010747551918
leaf_count=378 51 1528 1199 1050 59 66 383 27 22 64 1034 58 2453 41 184 194 222 1634 30 29 162 525 649 20 20 485 53 2613 298 225
internal_value=-2.6652e-07 0.00363049 -0.0045422 -0.00730551 0.0017282 -0.00260597 0.0062924 0.00071498 -0.00178285 -0.00115595 -0.00631865 -0.00189616 -0.00174084 0.00294001 -0.00038748 0.00333891 0.00293111 0.00151553 -0.00442959 0.00252094 -0.00476232 -0.00310405 -0.000714182 0.00591459 -0.00222196 -0.00627236 0.00174949 0.00600971 0.00424239 0.00644142
internal_weight=3474.78 1930.98 1543.8 635.724 1126.5 908.076 804.489 614.057 626.184 183.623 455.902 620.899 608.823 512.438 54.5866 457.852 412.444 430.434 281.892 12.7109 269.181 128.755 176.943 737.505 8.37429 140.426 415.982 729.131 143.812 585.319
internal_count=15756 8592 7164 3283 4655 3881 3937 2486 2584 740 2233 2562 2511 2169 225 1944 1750 1746 1297 59 1238 591 713 3559 40 647 1687 3519 681 2838
is_linear=0
shrinkage=0.01


Tree=100
num_leaves=31
num_cat=0
split_feature=4 14 13 4 13 13 4 5 10 3 26 8 23 16 22 16 11 23 10 29 16 22 27 10 7 14 23 1 23 4
split_gain=562.815 116.32 61.107 15.8486 13.2366 11.7224 9.00796 9.14705 7.94081 7.57426 11.3437 8.52974 8.16259 7.57136 7.09299 7.04341 6.95735 8.1293 7.73597 6.56554 6.49045 6.38967 6.36415 5.85983 5.85833 10.9571 9.11431 7.26491 5.85098 8.96499
threshold=0.060511841255135722 -0.76157425996426065 1.0062974065546 -0.39702771124863034 -1.2280265127299848 1.6238370959892461 0.47264445685204176 1.3729838890386648 -1.459061893098853 -0.50328318616273049 1.1357990728890506 -0.81409798715327519 0.61060051245891256 -2.0690595519790738 -1.7692814316239323 -1.8527991044172576 -0.044184180158212606 -1.9284315868749891 0.870134597620836 0.79338041901836753 2.3082959666201797 -0.5679526118282705 0.36553463377954776 -2.4405923957375211 -1.4784614242221701 1.1232992648826297 -0.67703039203259296 -1.9086404499385181 -1.0011548163832031 -1.0199170013970111
decision_type=2 2 2 2 2 2 2 2 2 2 2 2 2 2 2 2 2 2 2 2 2 2 2 2 2 2 2 2 2 2
left_child=1 4 6 8 -1 24 7 15 -3 10 11 -5 -12 22 -15 -2 18 -18 -10 -9 28 -16 -8 -17 25 -4 -26 -28 29 -6
right_child=2 3 5 9 20 -7 13 19 16 -11 12 -13 -14 14 21 23 17 -19 -20 -21 -22 -23 -24 -25 26 -27 27 -29 -30 -31
leaf_value=0.0081477323029867012 -0.009794909951732815 0.010774653639144934 -0.0054425103894233627 0.00053813990128404813 0.00022174333729380903 -0.0096885052090942454 0.012469859107352739 -0.0097360539543076916 0.0042378394955294597 -0.00045256503057336913 -0.00073657865714366283 0.0047828490130422284 -0.012424549112404412 -0.012240115535703229 -0.0024302721750240094 -0.0098134925373337244 -0.0089323775279151196 0.0016452638457554176 -0.0030329588829461069 -7.133344741692083e-06 -0.0036745532142996203 -0.005078776693320579 -0.0038325510649352681 -0.0012023817525757873 -0.0096163536573839557 0.012814422561436833 0.0046488513058879919 -0.0061235340830687332 0.0058859232951104876 0.0057937837863433874
leaf_weight=224.9696236550808 10.277710556983946 11.494778677821158 12.875580683350565 93.183807536959648 51.218034893274307 180.83798553049564 4.8381099402904493 25.117384970188141 206.36145207285881 468.59713238477707 24.057702586054802 97.443266421556473 7.9517080336809149 11.416823610663412 136.69181759655476 8.0371544212102872 7.3255209326744071 293.99231189489365 15.517124250531195 9.8531436771154386 7.7366097271442404 286.05613793432713 4.4492894262075424 333.20826956629753 88.345160663127899 4.2944978177547446 6.2468052357435218 248.96346415579319 520.69682158529758 67.275911659002304
leaf_count=1189 43 51 57 380 236 1051 21 109 878 1888 97 393 32 52 621 34 30 1216 63 42 34 1307 20 1384 450 20 30 1241 2473 314
internal_value=-2.82387e-07 0.00325606 -0.00498169 0.00126901 0.00604833 -0.00759602 -0.00327385 -0.00215176 0.00256183 0.000267289 0.00178642 0.00271453 -0.00370087 -0.00424886 -0.00444137 -0.00166163 0.00237746 0.00138191 0.00372371 -0.00703123 0.00531556 -0.00422555 0.00459575 -0.00141094 -0.00654186 -0.000770511 -0.00682708 -0.00585422 0.0054265 0.00339597
internal_weight=3469.33 2097.82 1371.51 1225.92 871.897 541.563 829.946 386.494 534.691 691.234 222.636 190.627 32.0094 443.452 434.165 351.523 523.196 301.318 221.879 34.9705 646.927 422.748 9.2874 341.245 360.726 17.1701 343.555 255.21 639.191 118.494
internal_count=15756 9274 6482 5028 4246 2849 3633 1612 2238 2790 902 773 129 2021 1980 1461 2187 1246 941 151 3057 1928 41 1418 1798 77 1721 1271 3023 550
is_linear=0
shrinkage=0.01


Tree=101
num_leaves=31
num_cat=0
split_feature=4 14 13 2 2 2 14 9 10 11 19 5 10 7 6 26 13 7 13 3 26 26 11 6 3 3 2 5 3 14
split_gain=552.612 93.9686 80.4668 15.3081 13.3668 11.642 10.8008 8.99632 8.90957 7.51196 11.3484 13.2472 10.2461 6.69828 9.39675 8.52207 6.67025 7.15514 6.54862 6.45911 6.44028 6.19731 5.9806 5.7056 5.6175 6.11764 11.2629 5.57252 6.92449 7.77382
threshold=-0.069633975157258859 -0.76157425996426065 0.88622533803942172 1.6417879253725467 -1.3706774009881311 0.51157606918868004 -0.45726127700065849 0.33182151145814515 0.1450282821571858 1.151823825480766 0.82344990375890059 0.80627224092108307 0.90279799541582795 -0.22753298711905356 0.79027588591860576 0.66077624785731714 0.81106782734920579 0.099344480244363903 -0.51126501989665141 -0.065545069510720963 0.2639119093249177 2.1281499207500025 1.6141219639800173 -0.41694672608122879 0.45121575534737079 0.33366647691381618 1.456330594421589 1.1251884086587998 0.43980418157509615 -0.88019496915269813
decision_type=2 2 2 2 2 2 2 2 2 2 2 2 2 2 2 2 2 2 2 2 2 2 2 2 2 2 2 2 2 2
left_child=1 4 5 24 -1 21 9 18 -9 10 12 -12 -3 14 15 -7 17 -15 -8 -16 -11 -2 -10 -20 25 -4 -27 -6 -29 -30
right_child=2 6 3 -5 27 13 7 8 22 20 11 -13 -14 16 19 -17 -18 -19 23 -21 -22 -23 -24 -25 -26 26 -28 28 29 -31
leaf_value=0.0096924908380070837 -0.0016170191441749551 0.0034958483055761262 -0.0058065772905668712 -0.0097102360586363706 0.0059321418913784538 -0.00047159407266210196 -0.0050828527421928702 -0.012411544034579841 -0.0010541947775451399 0.011498394857366446 -0.0088617854611230361 0.0012981227151400143 -0.0050883033703769407 -0.010259780765151659 -0.0066132935228195482 0.012089532464451776 -0.00089465801310314205 -0.0048876328659198612 0.0057174961415513747 0.00015390495891481269 0.00068543531477355637 -0.010877840442253792 0.0092285184294070462 0.0013776742906732341 -0.007926310189806442 0.0053020835499697442 -0.013057149132914668 -0.0072627153906215311 0.0051170650296336311 -0.0027586427658998643
leaf_weight=88.998635515570641 586.84779189527035 336.64908105134964 298.17994919419289 177.86967189610004 666.7413699477911 16.735228046774868 14.457713261246679 6.674407258629798 171.18834935128689 17.252833917737011 17.32009057700634 48.283068507909775 14.325443938374518 29.73606538772583 34.374997392296791 7.7731492817401877 34.314338952302933 166.35782444477081 33.031260445713997 23.382611274719238 8.3866040110588056 7.2611942291259757 5.735508829355239 382.82833242416382 138.43623834848404 12.376736477017404 4.4598695635795584 5.5201733708381644 94.176213428378105 14.215573489665983
leaf_count=504 2422 1425 1459 1050 3216 70 59 27 690 74 71 197 58 135 155 32 163 768 137 105 35 31 23 1550 690 61 23 24 441 61
internal_value=-3.17469e-07 0.0035689 -0.00446974 -0.00721162 0.00600343 -0.0025591 0.0015629 0.000702237 -0.00114753 0.00275504 0.00242695 -0.00137841 0.00314128 -0.00412317 -0.00165282 0.00350463 -0.00499976 -0.00571219 0.00149386 -0.00386084 0.00801675 -0.0017337 -0.000710176 0.00172608 -0.0062274 -0.00547534 0.00033146 0.00558039 0.00350935 0.00407336
internal_weight=3463.89 1925.78 1538.11 631.322 869.652 906.783 1056.13 613.916 183.598 442.217 416.578 65.6032 350.975 312.674 82.266 24.5084 230.408 196.094 430.317 57.7576 25.6394 594.109 176.924 415.86 453.453 315.017 16.8366 780.653 113.912 108.392
internal_count=15756 8592 7164 3283 4246 3881 4346 2486 740 1860 1751 268 1483 1428 362 102 1066 903 1746 260 109 2453 713 1687 2233 1543 84 3742 526 502
is_linear=0
shrinkage=0.01


Tree=102
num_leaves=31
num_cat=0
split_feature=4 0 13 4 0 2 0 20 11 11 24 21 18 17 22 9 20 19 20 25 25 21 26 29 25 26 26 24 10 23
split_gain=542.89 112.798 59.7723 18.2906 12.2063 12.1881 10.3415 7.46043 8.9643 7.56533 6.44507 9.61597 8.46618 6.3052 7.55406 6.17649 7.8497 7.08129 5.94004 5.84437 5.68964 6.72711 5.64766 8.47226 6.4897 6.37146 6.12513 5.42889 5.32946 5.50486
threshold=0.060511841255135722 -0.81471984326092128 1.0062974065546 -0.39702771124863034 -1.3968135513546232 1.6417879253725467 0.54571841607728444 1.5491165151651076 1.3613962968114899 0.34400381892940407 -0.41831477174283876 -1.2138530240692484 -0.35628916455580112 -1.63141166623641 0.77388684649861295 0.7810509135260475 1.1578033087262396 0.91083349021805671 1.1578033087262396 0.80876242247569574 2.3472329065325312 0.040105476759568347 -0.88295768276908804 1.632432623888074 1.0422657853440109 -1.227287585290834 1.5923691714116048 -0.18857201080198152 -0.88431143343178531 -0.94968947710789797
decision_type=2 2 2 2 2 2 2 2 2 2 2 2 2 2 2 2 2 2 2 2 2 2 2 2 2 2 2 2 2 2
left_child=1 4 6 15 -1 13 22 10 9 -9 11 -5 -12 14 -4 16 17 -3 19 -17 28 -22 25 26 -25 -2 -24 -27 -6 -30
right_child=2 3 5 7 20 -7 -8 8 -10 -11 12 -13 -14 -15 -16 18 -18 -19 -20 -21 21 -23 23 24 -26 27 -28 -29 29 -31
leaf_value=0.010299272016892414 -0.0022464058827855933 0.0031607424106943277 0.003905956596345927 0.0092710519091183524 0.0085612714691917415 -0.0096667252024025992 -0.0044654876255670831 0.00081376879209425627 0.004588656957491645 -0.011355056202871331 0.0015147158645505208 0.0012627748287914456 -0.0013813254231240199 -0.0067553891303299123 -0.0086952461720038315 -0.0011558012028700904 0.0079102246614105587 -0.00070238590092380738 0.0016356812756015639 -0.013187460794557846 -0.011165629214015423 0.0065287174939638818 -0.0015913610066201089 0.014591468146164568 0.0007077194943726421 -0.009320993203306099 -0.0071298672619039575 -5.1285312702036229e-05 0.0036333298743770077 0.0060306417165568796
leaf_weight=65.961015164852142 60.684964790940285 434.502790376544 12.24217648804188 16.058624759316444 68.620857328176498 176.88894848525524 369.09534676373005 7.1887080073356691 7.92553387582302 16.291686818003654 165.74108563363552 220.44094820320606 257.47525779902935 340.82056383788586 7.6118524223566046 14.820699423551561 31.450523182749748 52.766139343380928 64.297922775149345 5.5793621689081183 4.2155703604221326 4.1265289932489395 322.72213557362556 5.2364819943904868 9.5999073237180692 31.444454669952393 21.341849505901337 8.1738657206296903 120.29299430549145 534.82242950797081
leaf_count=378 257 1840 57 65 333 1050 1718 29 32 66 669 892 1037 1705 37 61 135 221 267 23 20 20 1333 21 39 137 93 35 572 2614
internal_value=-3.45385e-07 0.00320026 -0.00490446 0.00137616 0.00615742 -0.00750247 -0.00321645 0.00026379 -0.00448712 -0.00759941 0.000492119 0.00181446 -0.000244718 -0.00643587 -0.000894478 0.00264831 0.00305715 0.0027403 0.000131993 -0.00454349 0.00578151 -0.00232078 -0.00220958 -0.00161803 0.0057398 -0.00431258 -0.00193978 -0.00743863 0.00587659 0.00559259
internal_weight=3458.44 2092.58 1365.86 1294.54 798.039 537.564 828.299 691.122 31.4059 23.4804 659.716 236.5 423.216 360.675 19.854 603.417 518.719 487.269 84.698 20.4001 732.078 8.3421 459.204 358.9 14.8364 100.303 344.064 39.6183 723.736 655.115
internal_count=15756 9274 6482 5337 3937 2849 3633 2790 127 95 2663 957 1706 1799 94 2547 2196 2061 351 84 3559 40 1915 1486 60 429 1426 172 3519 3186
is_linear=0
shrinkage=0.01


Tree=103
num_leaves=31
num_cat=0
split_feature=4 14 13 14 2 2 2 7 28 7 11 9 28 11 2 24 29 26 6 13 28 21 7 25 23 1 28 11 26 1
split_gain=533.049 111.103 59.1104 14.9489 13.2172 12.1524 9.70997 9.51613 7.50461 8.54866 7.41291 9.68645 8.85347 8.05019 6.88848 7.576 6.54972 6.36137 6.13666 9.6835 6.10255 7.96706 7.74465 6.64646 8.53601 8.29136 5.87448 5.64648 5.57477 5.54544
threshold=0.060511841255135722 -0.76157425996426065 1.0062974065546 -0.45726127700065849 -1.3706774009881311 1.6417879253725467 0.51157606918868004 -1.4128668774897528 -0.058551685503855609 -1.4784614242221701 1.151823825480766 0.89568355188792215 0.73713895312830036 -0.12018827658828486 -0.50013542311552472 -0.41831477174283876 1.8622684645319518 0.2639119093249177 -0.11208748625123741 -0.063562350846819701 -0.76994818657512043 -0.86032614322397527 -0.36999589804863631 -0.50779831704291467 0.77491723570935889 0.62843945399183287 -2.1604476313269454 -1.0818611484271521 0.41347074998291838 -1.1468700869148629
decision_type=2 2 2 2 2 2 2 2 2 2 2 2 2 2 2 2 2 2 2 2 2 2 2 2 2 2 2 2 2 2
left_child=1 4 6 10 -1 8 16 18 9 -4 11 13 -13 -3 -9 -16 -2 -12 -5 -20 21 22 -8 24 -22 -25 -23 -10 -11 -6
right_child=2 3 5 7 29 -7 20 14 27 28 17 12 -14 -15 15 -17 -18 -19 19 -21 23 26 -24 25 -26 -27 -28 -29 -30 -31
leaf_value=0.0096037135331433973 -0.0023081192749714935 0.0044919939879923135 0.0053043008841339957 0.0094888455788157151 0.0077997389289207819 -0.0096234745121757254 0.009567215390636756 -0.010121958273022846 -0.0052303142756571228 -0.0060081393736814027 0.011406216153144069 -0.0064466346819559593 0.0052911793559385616 0.0015580877667501945 0.0016014425684796961 -0.00052101237226419002 0.0064622430451635599 0.00065212039693424888 -0.00312755761161021 0.0098104483338819232 -0.0074603935244061618 0.00088896917603484369 -0.0047816210599367403 -0.0014124578518002271 -0.0004420846235104499 -0.0057740844880722663 -0.0090741230438401137 -0.0090923903270289479 -0.00010728995569598621 0.0051759587013187978
leaf_weight=88.090985879302025 416.47565871477127 164.09287157654762 7.6402544081211081 17.748477429151535 93.840609431266785 175.91245174407959 5.1136960536241558 6.3830685019493094 58.085131645202637 154.48429660499096 17.19764252007008 21.811686173081402 8.9183139055967313 221.2445060312748 260.13015455007553 474.51214572787285 8.5412058681249601 8.3818196952342969 15.244815617799761 9.137292727828024 74.432554647326469 6.3020044714212409 13.31648103892803 155.15978889167309 22.999069973826408 61.105184406042099 64.007610678672791 121.18004560470581 18.250101625919342 683.26806291937828
leaf_count=504 1739 705 34 75 468 1050 23 26 288 772 74 88 36 922 1053 1915 35 35 62 37 346 29 62 711 106 285 297 614 91 3274
internal_value=-3.43948e-07 0.00317224 -0.00486573 0.0012332 0.00591559 -0.00745554 -0.00318762 0.000401957 -0.00638997 -0.00492965 0.00270454 0.00237858 -0.00300159 0.0028109 0.000137417 0.000229284 -0.00212804 0.00793754 0.00501986 0.00170043 -0.00430335 -0.0066333 -0.000716236 -0.00363916 -0.0058161 -0.00265155 -0.00816691 -0.0078502 -0.0053909 0.00549505
internal_weight=3453.01 2090 1363.01 1224.8 865.2 535.552 827.453 783.156 359.64 180.375 441.647 416.067 30.73 385.337 741.025 734.642 425.017 25.5795 42.1306 24.3821 402.436 88.7398 18.4302 313.697 97.4316 216.265 70.3096 179.265 172.734 777.109
internal_count=15756 9274 6482 5028 4246 2849 3633 3168 1799 897 1860 1751 124 1627 2994 2968 1774 109 174 99 1859 411 85 1448 452 996 326 902 863 3742
is_linear=0
shrinkage=0.01


Tree=104
num_leaves=31
num_cat=0
split_feature=13 0 13 14 0 0 19 7 2 20 26 21 26 19 9 19 26 16 26 27 27 26 14 6 20 10 10 7 25 23
split_gain=523.528 110.55 57.8038 18.167 16.0857 12.0818 9.32234 7.72702 7.89749 7.73415 12.0839 6.81391 6.8139 6.7363 6.46574 8.95054 6.6385 6.32449 6.30945 6.15398 7.26495 6.41994 6.0172 5.92916 5.73086 8.67098 6.47113 5.72434 7.00928 5.45282
threshold=0.066292827128768092 -0.81471984326092128 1.2850967815328296 -0.45726127700065849 0.54571841607728444 -1.3968135513546232 -1.3792723007190479 -1.318067527780691 -0.50013542311552472 -1.2913752060745014 0.57953874955183571 1.6525938640895823 -0.18182736172470068 -0.71219642646317249 0.91337706774660166 0.46641683535420775 1.8539815377361175 -0.34262775999489792 -0.25560557269295014 0.47385042549911 0.572230661933535 -0.89895099986394589 -0.16121366754818781 -0.80050571858446806 0.99011262423900159 1.8808649213436537 0.60527349360569782 -1.1918304405642919 2.3472329065325312 -0.94968947710789797
decision_type=2 2 2 2 2 2 2 2 2 2 2 2 2 2 2 2 2 2 2 2 2 2 2 2 2 2 2 2 2 2
left_child=1 5 4 14 11 -1 -6 9 -9 10 -5 19 -10 -13 16 17 23 -16 -17 21 -21 -2 -11 -3 25 -8 -26 -7 29 -29
right_child=2 3 -4 7 6 27 24 8 12 22 -12 13 -14 -15 15 18 -18 -19 -20 20 -22 -23 -24 -25 26 -27 -28 28 -30 -31
leaf_value=0.010213275521932984 -0.0060625371686405831 0.0062833380121896714 -0.0083153406171058292 0.0043093583700844424 0.00086200707405740195 0.0078917344518885761 -0.004688651420402444 -0.011072589962787363 0.0013067285598106974 0.010507815059511968 -0.011860446672265407 0.012133011951648981 -0.00063398673342653989 -5.6900545593874815e-05 -0.00090564612532571603 0.0067599929841958561 -0.0033545850656377858 -0.0169980757947043 -0.0011757640970800208 0.0059797475629766936 -0.0015710357211969038 -0.0025065479631206609 0.00088746677215669617 0.0029387732631504311 -0.0016224711566051914 0.0067173908091364733 -0.0080731960354131788 0.0034869678494495139 -0.0041647480210587748 0.0059051705318442392
leaf_weight=65.239207118749619 68.054964825510979 62.493975043296814 355.99639293551445 15.805988371372225 27.548295065760612 103.99489197134972 393.59610676765442 6.1475230008363715 322.18176174163818 20.221076071262363 6.4090744256973258 5.9106778353452709 411.74356353282928 17.790318667888641 5.0952055156230927 14.916745811700819 14.747681975364683 4.8739617019891721 29.612889140844345 13.931044995784758 135.29037357866764 208.91594554483891 9.937760651111601 378.79152445495129 19.022775337100029 6.6243127286434165 98.171535804867744 118.18007132411003 7.4990077018737784 498.88854309916496
leaf_count=378 294 273 1981 66 120 514 1868 25 1303 84 26 24 1661 74 21 62 63 20 122 57 560 871 40 1608 91 32 473 564 36 2445
internal_value=-3.47244e-07 0.0031271 -0.00485535 0.00133371 -0.00361552 0.00606904 -0.00477246 0.000384378 0.000120047 0.00409313 -0.000343083 -0.00221113 0.000216657 0.00297927 0.00280494 -0.000433618 0.00319417 -0.00896328 0.00146938 -0.00250275 -0.000855879 -0.00338578 0.00738423 0.00341601 -0.00507449 -0.00449573 -0.00703693 0.00569522 0.00532668 0.0054443
internal_weight=3447.63 2096.78 1350.85 1302.98 994.856 793.802 544.963 792.447 740.073 52.3739 22.2151 449.893 733.925 23.701 510.532 54.4988 456.033 9.96917 44.5296 426.192 149.221 276.971 30.1588 441.285 517.415 400.22 117.194 728.563 624.568 617.069
internal_count=15756 9311 6445 5374 4464 3937 2584 3205 2989 216 92 1880 2964 98 2169 225 1944 41 184 1782 617 1165 124 1881 2464 1900 564 3559 3045 3009
is_linear=0
shrinkage=0.01


Tree=105
num_leaves=31
num_cat=0
split_feature=4 0 13 2 14 0 0 13 5 28 26 18 10 7 13 22 22 22 10 26 19 26 19 7 25 7 26 13 16 8
split_gain=514.119 89.4558 76.6765 15.119 12.2271 12.2065 12.0128 8.99707 7.51538 10.1123 9.98298 7.40842 7.05182 8.5444 6.44873 7.0523 6.56359 6.77356 6.29005 7.14887 7.3102 6.3826 6.14319 5.65841 6.89075 5.40653 5.35268 5.31691 7.18013 6.51494
threshold=-0.069633975157258859 -0.81471984326092128 0.88622533803942172 1.6417879253725467 -0.45726127700065849 0.54571841607728444 -1.3968135513546232 0.78402674755846591 1.0173421412558803 -1.7918079738412511 -0.18182736172470068 0.04538699579894135 -2.4405923957375211 -1.6543033131846168 0.86251764409700959 0.30418720846611996 -0.31644352946776488 -1.6569579104576142 0.96161202764439868 1.3836708740247983 0.4238433808418976 1.8539815377361175 0.91083349021805671 -1.1918304405642919 2.3472329065325312 -0.22753298711905356 -0.21074436080714951 1.2850967815328296 -1.0944744424274104 -1.7376012907443976
decision_type=2 2 2 2 2 2 2 2 2 2 2 2 2 2 2 2 2 2 2 2 2 2 2 2 2 2 2 2 2 2
left_child=1 6 5 11 18 7 -1 12 9 -6 -11 27 -2 -14 16 -16 17 -7 21 20 -20 22 -3 -8 26 -18 -25 29 -29 -4
right_child=2 4 3 -5 8 14 23 -9 -10 10 -12 -13 13 -15 15 -17 25 -19 19 -21 -22 -23 -24 24 -26 -27 -28 28 -30 -31
leaf_value=0.010169308891642923 -0.0093775651740143767 0.0038806287709755444 0.0031811818817539129 -0.0095433734642430337 -0.0050804556524661863 -0.0094256731396814356 0.0078398504116223375 0.011164218956552799 -0.0021255734652069745 0.0030345818369477977 0.00019667066250846931 -0.007462854968021404 0.0059587922549427909 -0.0018329622221949099 -0.0029818218091897325 0.01226700310788508 -0.0026622604934419714 -0.0020573145741180064 -0.0096315963789597482 0.0096913252815986946 0.00029969143725738919 -0.0033186338706710007 0.00091475299900791243 0.0042543274232695371 -0.0041168563309348554 -0.0072234344081785334 0.0061780401891465145 -0.0012533623903897889 -0.0080114786999866041 -0.0042737795968292623
leaf_weight=64.868346780538559 12.003299176692961 368.04819098114967 12.636662617325781 174.10017436742783 24.917780682444572 14.067783787846563 103.63874943554401 5.2808073461055747 82.277233794331551 218.88725247979164 287.55302694439888 204.91288235783577 14.263388723134993 593.35815089941025 7.8938555866479856 4.7345373630523682 36.022822082042694 113.54620581865311 10.46658046543598 5.2699208259582511 24.200610816478729 14.75939519703388 87.428007870912552 249.02247609198093 7.5114813297986975 102.91049717366695 366.6281800866127 20.125542297959328 79.038861334323883 131.90492755174637
leaf_count=378 51 1573 54 1050 101 66 514 22 332 890 1163 1034 58 2453 37 22 162 525 43 22 99 63 369 1215 36 485 1794 102 407 636
internal_value=-3.4814e-07 0.00344962 -0.00432917 -0.00703005 0.00163435 -0.00246716 0.00602468 -0.00168738 0.000680924 0.00111769 0.00142557 -0.00605054 -0.00180031 -0.00164746 -0.0042078 0.00270804 -0.0045401 -0.00288415 0.00277881 -0.00101028 -0.00268904 0.00310289 0.00331385 0.00565204 0.00528538 -0.00605076 0.00540237 -0.00485637 -0.00665263 -0.00361336
internal_weight=3442.28 1915.48 1526.8 622.719 1123.81 904.081 791.669 624.906 613.635 531.358 506.44 448.619 619.625 607.622 279.176 12.6284 266.547 127.614 510.173 39.9371 34.6672 470.236 455.476 726.801 623.162 138.933 615.651 243.706 99.1644 144.542
internal_count=15756 8592 7164 3283 4655 3881 3937 2584 2486 2154 2053 2233 2562 2511 1297 59 1238 591 2169 164 142 2005 1942 3559 3045 647 3009 1199 509 690
is_linear=0
shrinkage=0.01


Tree=106
num_leaves=31
num_cat=0
split_feature=13 14 13 0 4 0 19 20 18 15 19 26 11 19 26 15 26 24 26 20 20 16 26 24 2 4 1 7 14 13
split_gain=505.032 107.207 56.6091 15.5391 14.4168 13.0137 9.10237 7.78275 6.87949 8.20094 6.66541 6.38968 6.24679 10.4618 8.09016 6.23907 6.18848 5.87559 11.543 6.23914 5.63617 6.29649 5.63234 5.51558 5.50523 5.48674 5.4155 5.37925 5.37882 16.0862
threshold=0.066292827128768092 -0.76157425996426065 1.2850967815328296 0.54571841607728444 -0.39702771124863034 -1.3968135513546232 -1.3792723007190479 -1.4970100676597846 -0.35628916455580112 -1.1682280271607357 2.8322821358373869 -0.89895099986394589 1.1735587172130433 0.88027050721329758 0.059865194848650445 1.3195207661089718 -1.227287585290834 -0.41831477174283876 -0.87061029762981124 -1.0225583380549488 0.99011262423900159 0.44293794942012371 1.5923691714116048 -0.18857201080198152 1.8425486763999241 0.25667319226404256 1.7129988793429203 2.2520556661244697 -1.0996451299552181 -1.1044171093987483
decision_type=2 2 2 2 2 2 2 2 2 2 2 2 2 2 2 2 2 2 2 2 2 2 2 2 2 2 2 2 2 2
left_child=1 5 3 11 7 -1 -5 -3 9 -6 28 16 13 -9 -14 -11 -2 19 -19 -10 26 -22 27 -18 -4 -24 -8 -13 -7 -30
right_child=2 4 24 6 8 10 20 12 17 15 -12 22 14 -15 -16 -17 23 18 -20 -21 21 -23 25 -25 -26 -27 -28 -29 29 -31
leaf_value=0.010125643806867361 -0.0023965559859579302 0.0081191553352405847 -0.0072920437118559264 0.00087317076044198568 0.0092019839923778053 0.0064990082910391855 -0.0041772865705832973 0.0025200698810972696 0.0081842166302162761 0.00065902210117899378 -0.0067444037513063257 -0.0010264464296721734 0.012116982872082266 -0.0016265510584964353 0.00029331887543794424 0.0067705314915136525 -0.0094259537921365776 -0.0082834710065883381 -0.0007905062759874503 0.00046637821298102538 -0.0090828651253796466 -0.0043508167032806112 8.6997428626119062e-05 -6.9905326394377484e-05 -0.0099735738470306552 -0.010169568117073757 -0.010209726906828271 -0.011487084153693514 -0.0018422783268095631 0.0053191794986560395
leaf_weight=64.498884305357933 62.213062524795532 22.986488580703735 231.17109671235085 27.534884363412857 13.094625756144522 324.56989984214306 383.0482959151268 414.87958800792694 11.267537221312521 234.94967876374722 4.3173740804195395 321.18025124073029 13.794271871447565 70.92133055627346 10.229771032929419 17.953838244080544 31.043257221579552 22.27754382789135 261.16926485300064 139.51273339986801 63.588581562042236 52.988762587308884 7.9649619311094311 8.1719776242971403 121.71158373355865 14.017199113965033 15.704240098595617 4.9160610884428015 33.556851595640182 431.69490927457809
leaf_count=378 264 103 1241 120 53 1630 1824 1743 46 949 19 1328 60 289 43 75 136 90 1052 562 308 256 34 35 740 62 76 21 157 2062
internal_value=-3.62219e-07 0.00307348 -0.00478035 -0.00355469 0.00118307 0.00578656 -0.00469497 0.0024227 0.000238178 0.00150529 0.00543165 -0.00217464 0.00216237 0.00191244 0.00714584 0.00109934 -0.00438764 -0.000535891 -0.00138566 0.00105479 -0.00499453 -0.00694612 -0.00152583 -0.00750684 -0.00822232 -0.00642438 -0.00441987 -0.00119068 0.00550032 0.00480022
internal_weight=3436.93 2091.67 1345.25 992.372 1233.04 858.638 542.865 532.811 700.225 265.998 794.139 449.507 509.825 485.801 24.024 252.904 101.428 434.227 283.447 150.78 515.33 116.577 348.078 39.2152 352.883 21.9822 398.753 326.096 789.822 465.252
internal_count=15756 9311 6445 4464 5065 4246 2584 2238 2827 1077 3868 1880 2135 2032 103 1024 435 1750 1142 608 2464 564 1445 171 1981 96 1900 1349 3849 2219
is_linear=0
shrinkage=0.01


Tree=107
num_leaves=31
num_cat=0
split_feature=4 0 13 14 0 0 19 3 26 28 9 20 26 11 25 23 2 2 9 20 10 28 21 25 2 21 11 29 27 25
split_gain=495.911 104.651 56.7865 16.8288 15.811 11.8697 8.95355 7.26341 10.8972 6.5676 6.2452 7.98278 8.24663 6.3322 6.28384 6.05873 6.01776 8.28765 5.56925 7.8952 5.50033 6.27361 5.97043 5.71322 5.49865 5.37228 9.17426 5.33982 5.27317 8.30157
threshold=0.060511841255135722 -0.81471984326092128 1.2850967815328296 -0.45726127700065849 0.54571841607728444 -1.3968135513546232 -1.3792723007190479 -0.50328318616273049 1.1357990728890506 -1.7918079738412511 0.7810509135260475 1.1578033087262396 1.8539815377361175 -0.3600037012610568 0.39791666940091325 0.61060051245891256 -0.48516671171019893 -0.45677827605866256 1.1515709624933257 0.57505364619241262 -0.84194039118157293 0.70158722080366986 -0.32813497033347488 2.3472329065325312 1.8425486763999241 1.5174125237300229 -0.02140618656105046 -0.8936725102284121 0.47385042549911 0.62900699183640119
decision_type=2 2 2 2 2 2 2 2 2 2 2 2 2 2 2 2 2 2 2 2 2 2 2 2 2 2 2 2 2 2
left_child=1 5 4 10 25 -1 27 8 9 -5 11 12 -3 -12 -15 -10 -9 -18 -8 -20 21 -7 -23 -22 -4 28 -27 -6 29 -2
right_child=2 3 24 7 6 20 18 16 15 -11 13 -13 -14 14 -16 -17 17 -19 19 -21 23 22 -24 -25 -26 26 -28 -29 -30 -31
leaf_value=0.01008227439448927 -0.002875780769028159 0.0030969378906839625 -0.0072456672542864867 -0.0058150434024381451 0.0077891904097011832 0.009532268082588273 -0.0043597348545885489 -0.0089070100212411824 -0.00093285123481545078 0.0030101864269036099 -0.010088281289351846 0.008207086626441748 -0.004756761961236821 0.0031691827090479319 -0.0028557125575004428 -0.010809616735694735 0.0085551268073982625 -0.00030849382904036014 0.0012211657832865226 -0.0076066075039849411 0.0053642389900935231 -0.0061218688035400209 0.0071193752944975451 -0.0034304587259769955 -0.0099320938633233463 0.0066398497789434789 -0.004077585201280454 -0.0018868791396387627 -0.00091005656280566559 -0.011508157976026293
leaf_weight=64.130847603082657 264.37269411981106 386.63398577272892 230.32909315824509 8.6322659403085691 7.8819824457168606 61.514536887407303 390.62962353229523 7.8295201510190955 23.806460037827492 203.71790523827076 5.5145350992679587 29.793903306126595 13.664249435067175 46.50035734474659 27.319173365831375 8.4482278376817685 10.664072811603544 519.76093478500843 10.89108422398567 112.77816034853458 640.37997774779797 5.3519478142261496 8.822132006287573 7.270059421658515 121.00167453289032 17.630627930164341 14.339471489191054 19.659434244036674 150.64216564595699 11.640642419457434
leaf_count=378 1112 1652 1241 35 34 304 1863 32 96 829 23 129 58 194 113 34 44 2098 52 549 3151 26 43 35 740 72 60 86 623 50
internal_value=-3.78852e-07 0.00306411 -0.00471575 0.00131187 -0.00349882 0.00593785 -0.00465694 0.000389717 0.00181871 0.00264416 0.00272666 0.0032022 0.00282523 0.000135241 0.000925111 -0.00357612 -0.000258035 -0.000126829 -0.00495467 -0.00682074 0.00556768 0.00814727 0.00204174 0.00526346 -0.00817631 -0.00212766 0.00180388 0.000864265 -0.00242495 -0.0032475
internal_weight=3431.55 2079.76 1351.8 1292.29 1000.47 787.47 541.84 782.859 244.605 212.35 509.426 430.092 400.298 79.3341 73.8195 32.2547 538.255 530.425 514.299 123.669 723.339 75.6886 14.1741 647.65 351.331 458.626 31.9701 27.5414 426.656 276.013
internal_count=15756 9274 6482 5337 4501 3937 2584 3168 994 864 2169 1839 1710 330 307 130 2174 2142 2464 601 3559 373 69 3186 1981 1917 132 120 1785 1162
is_linear=0
shrinkage=0.01


Tree=108
num_leaves=31
num_cat=0
split_feature=13 14 13 2 4 13 18 17 17 7 26 8 3 27 13 23 17 7 7 23 16 2 11 6 6 8 23 24 26 28
split_gain=486.994 103.983 55.4666 14.5901 13.886 12.8812 10.1249 7.91316 7.38406 7.14172 6.5162 6.27786 6.77234 6.2275 11.4771 6.20171 7.84804 5.72513 5.66408 5.59183 9.3189 5.49194 5.48382 5.39643 7.7854 5.46386 5.33858 5.28217 5.20432 7.13489
threshold=0.066292827128768092 -0.76157425996426065 1.2850967815328296 0.51157606918868004 -0.39702771124863034 -1.2280265127299848 -0.28449750448624117 -1.5039790479353716 1.0282621212496694 -1.9536770097069749 -0.6459830862641428 -1.7376012907443976 0.17311875767799942 -1.5480169374516077 -0.96401247741116691 -1.9284315868749891 0.13300197273093722 -1.688768009427063 1.6725080510490888 0.26368029930731146 0.33761208448080787 1.8425486763999241 1.1735587172130433 -0.044263638409454818 -0.21949944290469872 -1.4170423952418705 -1.0011548163832031 1.9362619792696807 -0.88295768276908804 -1.2851587605247279
decision_type=2 2 2 2 2 2 2 2 2 2 2 2 2 2 2 2 2 2 2 2 2 2 2 2 2 2 2 2 2 2
left_child=1 5 3 28 9 18 11 -7 23 -3 -8 17 -13 14 -9 16 -11 -5 -1 20 -10 -4 -17 24 -6 -25 -15 -12 29 -2
right_child=2 4 21 6 8 7 10 13 19 15 27 12 -14 26 -16 22 -18 -19 -20 -21 -22 -23 -24 25 -26 -27 -28 -29 -30 -31
leaf_value=0.008046884893843094 -0.00065989529623440763 0.011848219501328347 -0.007199559200607831 -0.0042059253595413829 -2.7125696881008898e-05 0.0092045617573216915 -0.0079143569002836471 -0.0061004533446230866 -0.0064683401310572661 0.0035331327095403536 -0.0044618635273194381 -0.0035779301198988252 0.0065684797940110187 0.0028810526132631003 0.0075646246135778949 0.0021532697623330745 -0.014023199111913744 0.0093807910786582027 -0.0027960894212089703 -0.0050195670734582932 0.0023520760343661664 -0.0098908665961028007 0.0070670052233609542 -0.010230753379518662 0.002638620772878358 -0.00053277925386800088 0.005364399960718586 -0.011458635296712207 -0.0014331787761274362 -0.0062489812794385329
leaf_weight=213.72030858695507 37.811008244752884 7.7991804033517829 229.49100157618523 4.9701501131057739 230.87358765304089 41.832334116101265 89.956889852881432 14.18667244911194 16.854444116353989 4.7517319023609144 255.27226120233536 199.25147160887718 6.6463358253240576 109.56175290048122 10.680135264992712 490.5489350259304 5.1441033184528351 7.66152276098728 4.7439679950475684 42.61072339117527 40.640918850898743 120.29494106769562 23.9577277302742 5.9555334746837607 207.14101627469063 156.03439143300056 459.56263761222363 11.429062157869337 317.49652887880802 59.390248149633408
leaf_count=1165 160 36 1241 21 932 217 436 68 68 20 1221 929 32 515 51 2058 21 33 24 172 164 740 103 24 839 628 2206 55 1320 257
internal_value=-4.07224e-07 0.00302011 -0.00470562 -0.00349368 0.00116025 0.00570135 -0.004526 0.00497562 0.000233068 0.0023778 -0.0055676 -0.00281969 -0.00324252 0.00467462 -0.000184545 0.00223282 -0.00554204 0.00396527 0.00780568 -0.00227761 -0.000222958 -0.00813055 0.00238535 0.000653932 0.00123156 -0.000901585 0.00488868 -0.00476963 -0.0020587 -0.00408803
internal_weight=3426.27 2086.6 1339.67 989.885 1232.31 854.288 575.188 635.824 700.111 532.202 356.658 218.529 205.898 593.991 24.8668 524.402 9.89584 12.6317 218.464 100.106 57.4954 349.786 514.507 600.005 438.015 161.99 569.124 266.701 414.698 97.2013
internal_count=15756 9311 6445 4464 5065 4246 2727 3057 2827 2238 1712 1015 961 2840 119 2202 41 54 1189 404 232 1981 2161 2423 1771 652 2721 1276 1737 417
is_linear=0
shrinkage=0.01


Tree=109
num_leaves=31
num_cat=0
split_feature=12 2 13 2 14 2 2 7 18 5 28 26 23 23 10 13 7 6 26 13 7 3 23 26 23 14 13 22 23 13
split_gain=478.244 83.5281 73.3083 14.8513 13.4577 10.7628 9.89744 7.65172 7.25489 7.21786 9.84194 9.72904 7.03332 7.2123 6.43178 6.8379 6.3984 9.08675 8.34615 6.6323 7.22277 6.45585 6.07637 6.04525 5.67549 10.2787 6.59854 5.46801 5.12427 5.00799
threshold=-0.069633975157258859 -0.86088341718025208 0.88622533803942172 1.6417879253725467 -0.45726127700065849 -1.3706774009881311 0.51157606918868004 -1.9536770097069749 0.04538699579894135 1.0173421412558803 -1.7918079738412511 -0.18182736172470068 0.29711326537690302 -0.52320598855289735 0.96161202764439868 -0.87792337055845782 -0.22753298711905356 0.79027588591860576 0.66077624785731714 0.81106782734920579 0.099344480244363903 -0.065545069510720963 0.75938329490281986 2.1281499207500025 -1.1949359163774902 -0.95751173184489191 -1.2045245671321705 -0.15082208313224502 0.46700803850819805 1.2850967815328296
decision_type=2 2 2 2 2 2 2 2 2 2 2 2 2 2 2 2 2 2 2 2 2 2 2 2 2 2 2 2 2 2
left_child=1 5 6 8 7 -1 23 -3 29 10 28 -12 13 -11 15 -9 17 18 -8 20 -18 -19 -16 -2 25 26 -7 -14 -6 -4
right_child=2 4 3 -5 9 24 16 14 -10 12 11 -13 27 -15 22 -17 19 21 -20 -21 -22 -23 -24 -25 -26 -27 -28 -29 -30 -31
leaf_value=0.0093524855007662815 -0.0014999291786316291 0.009483157317381221 -0.0034914693534241208 -0.0093790741950751533 -0.0021370973574486012 0.0062560494401722013 -0.00027899773104802242 -0.0036850400373777455 -0.0072920639397826741 -0.0038368014491855728 0.0029812423894453317 0.00017885198998545096 -0.015656392508481876 0.0034686166763777254 -0.0048075423558849219 0.0031069876865267316 -0.010006144931993222 -0.0063647285897159957 0.012163502996581983 -0.00057513758847852782 -0.0045747682021147181 0.0004363149383494984 0.0029005783725513891 -0.010679112140865489 0.0058995058016120972 0.0098141340428040437 -0.0010709235956361544 -0.0040052053061064505 -0.012351322028004475 -0.0064572793260420569
leaf_weight=85.494929134845734 585.3090852946043 16.659752398729324 143.66136153042316 170.36783695220947 18.069769203662876 17.034041002392769 16.660112991929058 15.068042412400244 202.47931990027428 25.464194729924202 218.71764826774597 287.46403951942921 4.9385525882244137 28.566933870315552 21.840924292802811 492.54346987605095 29.322715684771538 34.001697808504105 7.7633019238710395 33.856957837939262 164.0064155459404 23.164282128214836 18.921148777008057 7.2062034457921973 564.50610549747944 17.012483313679695 42.944978013634682 23.281012937426567 6.8579178154468527 97.838902726769447
leaf_count=504 2422 79 690 1050 73 84 70 69 1034 103 890 1163 20 115 90 2120 135 155 32 163 768 105 78 31 2798 83 201 94 28 509
internal_value=-4.27756e-07 0.00333388 -0.00419276 -0.00685723 0.00168791 0.00599987 -0.0023749 0.00280176 -0.00588538 0.00065991 0.0010881 0.00139207 -0.00209083 6.4633e-06 0.00259526 0.00290272 -0.00382878 -0.00140689 0.00366871 -0.00469315 -0.00540848 -0.00359546 -0.00120673 -0.00161504 0.00555011 0.00297099 0.00100024 -0.00612761 -0.00502524 -0.00469932
internal_weight=3421.02 1905.39 1515.64 614.347 1178.39 726.993 901.291 565.033 443.98 613.36 531.109 506.182 82.2507 54.0311 548.374 507.612 308.775 81.5894 24.4234 227.186 193.329 57.166 40.7621 592.515 641.498 76.9915 59.979 28.2196 24.9277 241.5
internal_count=15756 8592 7164 3283 4922 3670 3881 2436 2233 2486 2154 2053 332 218 2357 2189 1428 362 102 1066 903 260 168 2453 3166 368 285 114 101 1199
is_linear=0
shrinkage=0.01


Tree=110
num_leaves=31
num_cat=0
split_feature=4 0 2 14 2 0 0 8 3 26 5 16 26 9 20 26 25 18 11 23 2 2 10 25 10 26 26 26 15 22
split_gain=469.701 100.119 54.7401 15.8219 12.7317 11.7385 7.92032 12.3679 7.0442 10.6511 6.94316 6.7655 7.01478 6.0808 7.85741 8.09624 6.18189 8.64684 8.31021 5.94877 5.91217 8.09595 5.4859 5.63761 5.29472 5.81233 5.83304 5.16322 4.98612 5.39689
threshold=0.060511841255135722 -0.81471984326092128 0.95773589906861989 -0.45726127700065849 1.6417879253725467 -1.3968135513546232 0.54571841607728444 -1.7376012907443976 -0.50328318616273049 1.1357990728890506 -0.61986800157746846 -0.65787604753370077 1.5357928846728925 0.7810509135260475 1.1578033087262396 1.8539815377361175 0.39791666940091325 1.5875935454347225 -0.0072484408667837421 0.61060051245891256 -0.48516671171019893 -0.45677827605866256 -0.84194039118157293 2.3472329065325312 -2.4405923957375211 -0.88295768276908804 -1.227287585290834 1.5923691714116048 0.79616937022357914 -1.7692814316239323
decision_type=2 2 2 2 2 2 2 2 2 2 2 2 2 2 2 2 2 2 2 2 2 2 2 2 2 2 2 2 2 2
left_child=1 5 6 13 11 -1 24 -8 9 10 -5 12 -4 14 15 -3 18 -18 -15 -11 -10 -22 -7 -24 -2 26 -26 -27 29 -9
right_child=2 3 4 8 -6 22 7 28 20 19 -12 -13 -14 16 -16 -17 17 -19 -20 -21 21 -23 23 -25 25 27 -28 -29 -30 -31
leaf_value=0.00996552418807891 -0.0083323246433872292 0.0030135369260325248 -0.0043197376307769816 0.0013947838081894621 -0.00933743492763159 0.0080287549922458731 0.0074424185034844001 -0.011710447257184344 -0.0088261033270924886 -0.00092557563318903342 0.005336809899104419 -0.0068163797431213006 0.0083906270893533783 -0.005998330829952268 0.0080930818163610883 -0.0047699005736558941 -0.0060749203342676797 0.008063356730629398 0.0042471414855695796 -0.010712520185797171 0.0084615072710263056 -0.00030698824259712621 0.0052387669199706602 -0.0035110854600206034 -0.0020522996500138453 -0.00096156921137840231 -0.0070646442196838459 -0.0062478556767385967 -0.0069821864653434994 -0.0035449107344487159
leaf_weight=63.13493612408638 13.116335541009901 385.74652254581451 94.1693314909935 147.47085648775101 169.42150563001633 75.075606256723404 8.8973500877618772 8.3984761834144575 7.8375291973352423 23.804495677351952 64.764413490891457 277.58599741756916 4.4104226827621451 9.685239300131796 29.675324738025665 13.659747511148451 24.107197821140293 5.1236864626407614 40.340265989303589 8.4492931067943555 10.644006580114363 519.66797666251659 635.80166333913803 7.2478442639112464 60.385921627283096 326.32810182869434 38.602696165442467 19.593132302165031 62.15320186316967 260.48453712463379
leaf_count=378 56 1652 475 602 1050 373 37 40 32 96 262 1425 22 40 129 58 100 21 169 34 44 2098 3151 35 257 1349 169 86 295 1221
internal_value=-4.59942e-07 0.00298508 -0.00460586 0.00127398 -0.00704814 0.00581074 -0.00293408 -0.00409363 0.000380177 0.00178785 0.00260436 -0.0060122 -0.00373302 0.00264777 0.0031178 0.00274371 8.97732e-05 -0.00354358 0.0022356 -0.00354549 -0.000257705 -0.000127546 0.00544273 0.00513806 -0.00207061 -0.00188193 -0.00402222 -0.0012656 -0.00440886 -0.00380794
internal_weight=3415.78 2072.24 1343.55 1290.98 545.587 781.26 797.96 339.934 782.639 244.489 212.235 376.166 98.5798 508.338 429.082 399.406 79.2564 29.2309 50.0255 32.2538 538.15 530.312 718.125 643.05 458.026 444.91 98.9886 345.921 331.036 268.883
internal_count=15756 9274 6482 5337 2972 3937 3510 1593 3168 994 864 1922 497 2169 1839 1710 330 121 209 130 2174 2142 3559 3186 1917 1861 426 1435 1556 1261
is_linear=0
shrinkage=0.01


Tree=111
num_leaves=31
num_cat=0
split_feature=13 2 13 12 2 2 18 7 17 26 19 22 10 3 8 16 18 11 2 15 3 24 24 13 10 7 28 27 26 25
split_gain=461.277 97.9184 53.858 18.4173 13.8849 10.6523 9.88008 8.47003 7.15584 6.44394 6.14727 10.3446 6.97968 6.09828 6.61211 5.58058 5.54609 5.99222 5.48335 5.32306 7.21352 7.11071 5.24325 5.17659 4.97424 9.33348 4.9499 4.63844 7.63163 5.10319
threshold=0.066292827128768092 -0.86088341718025208 1.2850967815328296 -0.39702771124863034 0.51157606918868004 -1.3706774009881311 -0.28449750448624117 -1.9536770097069749 1.0282621212496694 -0.6459830862641428 0.91083349021805671 0.86372156820668788 0.93953558728133368 0.17311875767799942 -1.7376012907443976 2.3082959666201797 1.974837749315868 -0.082724363081503452 1.8425486763999241 -1.0783061093699309 -0.76261908153722235 -1.0781286087754902 1.9362619792696807 0.76782651800769697 -2.4405923957375211 -1.6543033131846168 0.6759513163591736 -1.5480169374516077 -0.68493352328181567 -1.5060167510328959
decision_type=2 2 2 2 2 2 2 2 2 2 2 2 2 2 2 2 2 2 2 2 2 2 2 2 2 2 2 2 2 2
left_child=1 5 4 7 23 -1 13 -3 19 -8 12 -12 -9 14 -6 27 17 -10 26 20 -5 -21 -11 24 -2 -26 -4 28 -7 -29
right_child=2 3 18 8 6 15 9 10 16 22 11 -13 -14 -15 -16 -17 -18 -19 -20 21 -22 -23 -24 -25 25 -27 -28 29 -30 -31
leaf_value=0.009267869063240437 -0.0087431993729874882 0.0097711418022889893 -0.0061984334382845351 0.013899963373908031 0.0039261330703276639 -0.008595080521922727 -0.0077909135544794251 0.0031093068791971513 0.0024865467385839081 -0.0043457064991209151 -0.00098004159311997682 0.0066549443629316798 -0.0024217252002140125 0.0065973697160329539 -0.0034777139371655252 -0.0023608298623830795 0.004020624259918751 -0.0043351241359229518 -0.0097725259629369877 0.0029942635430906034 0.0022050011343153447 -0.00022211942646877076 -0.011345681255907967 0.0082138992690750038 0.0060996892057736856 -0.0022315228295930359 -0.0096933239506777468 0.0127499838918137 0.0041479932277394375 0.0056430844105732772
leaf_weight=84.61654295027256 11.050458520650862 15.891540750861166 171.29411323368549 5.6538370847702017 12.636387363076208 5.6768651455640819 89.257916435599327 494.25327537953854 15.384711563587187 253.79156228899956 100.93137563765049 21.409353166818619 23.64323878288269 6.6399391144514075 198.37713445723057 8.7519081681966764 12.176380798220633 72.51971498131752 118.2612133026123 81.23419626057148 71.552859798073769 441.4205239713192 11.326616406440733 4.7637581974267951 13.779962658882139 384.5676554441452 55.690500423312187 10.484947219491003 24.558473274111748 588.95742000639439
leaf_count=504 47 76 932 23 54 28 436 2126 62 1221 425 89 98 32 929 41 49 293 740 330 288 1782 55 20 56 1614 309 52 121 2924
internal_value=-4.88966e-07 0.00294216 -0.00459624 0.00135637 -0.00340387 0.00591434 -0.00441497 0.00256005 0.000226394 -0.00544793 0.002378 0.000352241 0.00285445 -0.00272683 -0.00302795 0.00546692 -0.00224547 -0.00312839 -0.00799737 0.000640772 0.00309123 0.000276355 -0.0046527 -0.00200422 -0.00212754 -0.00193935 -0.0070642 0.00557767 0.00170199 0.00577117
internal_weight=3410.55 2079.12 1331.44 1356.07 986.191 723.046 572.03 656.129 699.942 354.376 640.237 122.341 517.897 217.653 211.014 638.43 100.081 87.9044 345.246 599.861 77.2067 522.655 265.118 414.162 409.398 398.348 226.985 629.678 30.2353 599.442
internal_count=15756 9311 6445 5641 4464 3670 2727 2814 2827 1712 2738 514 2224 1015 983 3166 404 355 1981 2423 311 2112 1276 1737 1717 1670 1241 3125 149 2976
is_linear=0
shrinkage=0.01


Tree=112
num_leaves=31
num_cat=0
split_feature=4 0 13 13 0 0 14 13 9 10 11 10 7 13 23 22 22 13 7 18 13 16 25 6 7 25 0 3 13 26
split_gain=452.928 80.6987 70.768 14.1291 11.6218 10.6143 10.6083 8.78678 8.33649 8.66644 6.85538 6.71354 8.26328 6.35413 7.09341 6.57869 6.6552 6.32452 5.93365 5.88168 5.81774 7.00546 6.54972 5.57258 5.56367 6.61979 5.37245 7.22648 6.34021 5.35026
threshold=-0.069633975157258859 -0.81471984326092128 0.88622533803942172 1.6238370959892461 -1.3968135513546232 0.54571841607728444 -0.45726127700065849 0.78402674755846591 0.33182151145814515 0.10910490822095141 1.6141219639800173 -2.4405923957375211 -1.6543033131846168 0.86251764409700959 0.092347011139241195 -0.31644352946776488 -1.6569579104576142 -0.51126501989665141 -1.9536770097069749 0.04538699579894135 1.2850967815328296 -1.0944744424274104 0.43889714139118879 -0.41694672608122879 -1.1918304405642919 2.3472329065325312 -0.79661213533050768 0.61121760243542778 -0.80689597793973944 -0.21074436080714951
decision_type=2 2 2 2 2 2 2 2 2 2 2 2 2 2 2 2 2 2 2 2 2 2 2 2 2 2 2 2 2 2
left_child=1 4 5 19 -1 7 18 11 17 -10 -11 -2 -13 15 -15 16 -7 -8 -3 20 22 -22 -4 -19 -6 29 27 -20 -28 -26
right_child=2 6 3 -5 24 13 8 -9 9 10 -12 12 -14 14 -16 -17 -18 23 26 -21 21 -23 -24 -25 25 -27 28 -29 -30 -31
leaf_value=0.0098839435823472287 -0.0091198045929624088 0.0094544238342968382 -0.0018318973265967274 -0.009189817496535484 0.007550276269361951 -0.0091500558770686944 -0.0050581358042005534 0.011115075501556859 -0.013780706103561489 -0.0011304929069131304 0.0096608693487119056 0.0059338512630747976 -0.00172915185269931 -0.0044452332078066745 0.010435589407050156 -0.0057986053216614944 -0.0017898933300893685 0.0055856386927134469 -0.0055742609244427057 -0.0070276106493647565 -0.0013110246531088815 -0.0080970151305267708 -0.0063647906505789687 0.0012905030932679638 0.0039549139050763845 -0.0042411806351406863 0.0058536614178344619 0.0058985092730101212 0.0022394617638580613 0.0058922775055594489
leaf_weight=62.435766100883484 11.90152485668659 12.335114002227781 93.970716252923012 169.75325006246567 101.60359042882919 13.82955379784107 14.453257739543913 5.2831612378358832 5.1755902916193 172.30296789109707 5.9814468175172797 14.263546198606489 591.98092849552631 6.2521962672471982 6.2695776373147964 137.19457367062569 112.33662731945515 32.923220723867416 17.682437583804134 203.42261564731598 19.790097683668137 72.162854865193367 49.003149390220642 382.3092490285635 245.12962980568409 7.4773007333278647 55.470051199197769 7.7844123989343634 414.39610534906387 360.48967862129211
leaf_count=378 51 58 454 1051 514 66 59 22 21 695 24 58 2453 30 29 647 525 137 79 1054 104 384 236 1550 1215 36 245 35 1752 1794
internal_value=-4.78888e-07 0.00324933 -0.00409284 -0.00672843 0.00572594 -0.00230904 0.00153088 -0.00158322 0.000643289 -0.00113777 -0.000757624 -0.00169515 -0.00154626 -0.00394441 0.00294993 -0.004277 -0.0026112 0.00140615 0.00260057 -0.00577108 -0.00467627 -0.00665041 -0.00339586 0.00163473 0.00535997 0.00499419 0.002426 -0.00201893 0.00266942 0.00511055
internal_weight=3405.36 1897.95 1507.41 608.103 777.136 899.312 1120.81 623.429 613.146 183.46 178.284 618.146 606.244 275.883 12.5218 263.361 126.166 429.686 507.668 438.349 234.927 91.953 142.974 415.232 714.7 613.097 495.333 25.4668 469.866 605.619
internal_count=15756 8592 7164 3283 3937 3881 4655 2584 2486 740 719 2562 2511 1297 59 1238 591 1746 2169 2232 1178 488 690 1687 3559 3045 2111 114 1997 3009
is_linear=0
shrinkage=0.01


Tree=113
num_leaves=31
num_cat=0
split_feature=4 0 2 14 2 0 7 26 1 26 1 17 5 29 16 26 20 2 9 20 26 11 28 6 28 7 23 7 4 26
split_gain=444.946 95.5811 52.9265 14.9478 12.6069 11.554 9.12926 7.63596 7.37014 8.17779 7.24258 8.99298 6.93966 6.90755 6.65536 6.91537 6.64236 6.61933 5.87632 7.77007 7.94209 6.05248 5.86551 5.83177 8.52625 5.49956 5.60803 9.57203 6.19916 4.92125
threshold=0.060511841255135722 -0.81471984326092128 0.95773589906861989 -0.45726127700065849 1.6417879253725467 -1.3968135513546232 -1.4128668774897528 2.2584517362145697 1.6381189509688483 0.14825242605068389 1.4473979554129517 1.3692475829839303 1.3729838890386648 0.85502500634400203 -0.65787604753370077 1.5357928846728925 -1.5545438713638859 -0.50013542311552472 0.7810509135260475 1.1578033087262396 1.8539815377361175 -0.3600037012610568 0.70158722080366986 -0.11208748625123741 0.75180060941397364 -1.1918304405642919 -0.94968947710789797 -0.98868391332291405 -0.87872198413080915 -0.84530197046265476
decision_type=2 2 2 2 2 2 2 2 2 2 2 2 2 2 2 2 2 2 2 2 2 2 2 2 2 2 2 2 2 2
left_child=1 5 7 18 14 -1 23 8 10 -10 12 -12 -2 -11 15 -4 -8 -18 19 20 -3 -20 29 -5 -25 -7 27 -27 -28 -16
right_child=2 3 4 6 -6 25 16 -9 9 13 11 -13 -14 -15 22 -17 17 -19 21 -21 -22 -23 -24 24 -26 26 28 -29 -30 -31
leaf_value=0.0098421119868362644 -0.0024212628765548083 0.0029348543997194539 -0.0042044071109655226 0.0092776509885322388 -0.0092165725445581114 0.007500691161641676 -0.0092667461008252832 -0.011374962792169359 -0.010745938925108547 -0.0052805211641957766 -0.0049337124169836896 0.0088258773284165884 -0.0066973257178739492 0.0080259454541889638 -0.0083741560898084461 0.0084251936123855165 -0.0098329228057113856 0.00029988974543758586 -0.0099264563778201521 0.0079949921927116082 -0.004774877585839994 0.00083566949366750145 -0.0095303073886736887 0.0065714806318670181 -0.0054026565369412896 -0.0076792516590555747 0.0057700756204480076 0.0037327302615579824 0.0017536995448722485 -0.0049557908011558759
leaf_weight=62.076353430747986 680.11030668020248 384.9052798897028 93.547497987747192 17.633368790149689 166.67076130211353 101.25492832064629 7.3709931671619406 10.36928680539131 23.564117684960365 16.561268553137783 7.6136768311262157 12.059844881296156 40.46655136346817 4.9568301886320105 59.969244688749313 4.4050582498311988 6.4005381017923346 726.62449713051319 5.5225767493247977 29.573731318116188 13.65843580663204 73.683377787470818 58.492656409740448 14.468095153570177 9.8869746476411802 7.7339561581611624 451.65442882478237 109.44054621458054 42.925423264503479 156.6170279532671
leaf_count=378 2981 1652 475 75 1050 514 30 49 108 76 34 53 187 22 310 22 26 2938 23 129 58 307 306 59 40 38 2267 531 209 809
internal_value=-4.87766e-07 0.00290832 -0.00449874 0.00123925 -0.00691721 0.00568382 0.000370727 -0.00285645 -0.00274126 -0.00667713 -0.00249935 0.00345231 -0.00266368 -0.00214609 -0.00588497 -0.00361823 0.000111798 0.00020872 0.0025763 0.00303916 0.00266701 6.11083e-05 -0.00668689 0.00490163 0.00166746 0.00531906 0.00495516 0.00296506 0.00542393 -0.00591032
internal_weight=3400.22 2064.81 1335.4 1289.73 539.702 775.086 782.384 795.702 785.333 45.0822 740.25 19.6735 720.577 21.5181 373.031 97.9526 740.396 733.025 507.343 428.137 398.564 79.206 275.079 41.9884 24.3551 713.009 611.754 117.175 494.58 216.586
internal_count=15756 9274 6482 5337 2972 3937 3168 3510 3461 206 3255 87 3168 98 1922 497 2994 2964 2169 1839 1710 330 1425 174 99 3559 3045 569 2476 1119
is_linear=0
shrinkage=0.01


Tree=114
num_leaves=31
num_cat=0
split_feature=13 0 13 14 0 0 7 20 26 15 19 6 19 7 14 20 16 26 6 7 7 13 14 24 6 28 28 29 0 11
split_gain=436.971 94.9917 52.2689 14.9075 13.7893 11.4859 7.30776 7.656 11.6043 7.00963 14.0613 6.90107 6.35071 5.85401 5.79387 5.77981 6.18674 5.89801 5.80254 5.76621 5.4359 5.73283 7.56101 6.04539 5.37065 11.731 5.62477 5.64442 5.26223 6.2818
threshold=0.066292827128768092 -0.81471984326092128 1.2850967815328296 -0.45726127700065849 0.71556928069885861 -1.3968135513546232 -1.318067527780691 -1.2913752060745014 0.57953874955183571 -1.1682280271607357 0.4238433808418976 -0.044263638409454818 -1.3792723007190479 -1.9536770097069749 -0.16121366754818781 1.2979015210512472 1.2044727671789706 -0.88295768276908804 0.5150921703456065 -1.6543033131846168 -1.1918304405642919 -0.90047407995484008 -0.95751173184489191 1.692204564468629 1.1350747810757087 -0.14706632520184074 -1.1392964541245296 -0.31000727674489736 -0.79661213533050768 -0.20593909642693795
decision_type=2 2 2 2 2 2 2 2 2 2 2 2 2 2 2 2 2 2 2 2 2 2 2 2 2 2 2 2 2 2
left_child=1 5 4 13 15 -1 7 8 -5 10 -8 -11 -6 -3 -9 17 -17 19 -19 -2 -7 22 -22 -23 25 26 -4 -28 29 -15
right_child=2 3 24 6 12 20 9 14 -10 11 -12 -13 -14 28 -16 16 -18 18 -20 -21 21 23 -24 -25 -26 -27 27 -29 -30 -31
leaf_value=0.0098005309272763616 0.0054416317693083026 0.0093761290061225005 -0.0072059965418252324 0.0041231250422297562 0.001985666702887876 0.0074514289776815359 0.0053781739602800699 0.010324331289534763 -0.011730943700356574 0.00030836691085713843 -0.007132644719571697 -0.0022015732268960749 -0.0049930624843755591 -0.0099485712564697324 0.00087295509578767404 -0.0068855942679528674 0.0018355662534000627 -0.00055008063989192666 -0.0029851988419493619 -0.0046328571124756007 0.0046888673519337159 0.0015421498385738391 0.0077206033933371774 0.013625659902975411 -0.0082501883301547459 -0.011399435677121103 -0.0028956016152837474 0.010774538534090095 0.0026202482754407634 0.0010301107448245522
leaf_weight=61.718552649021149 5.8391500711441031 12.276348695158957 5.0116173326969173 15.732177942991258 13.238630861043928 100.90750035643578 53.130697086453438 20.12601883709431 6.409871131181716 538.38412696123123 10.657100200653074 137.32041124999523 383.88934564590454 7.1029528379440334 9.932199224829672 46.882344350218773 9.5862812399864179 262.45405016839504 157.24300542473793 103.52752836048603 432.63023430109024 69.750502064824104 103.69136776030064 4.340437948703765 311.98073700070381 11.576163128018377 4.8798050731420544 7.3141921162605277 469.26671430468559 18.361860617995262
leaf_count=378 24 58 26 66 59 514 215 84 26 2178 43 553 1905 32 40 206 42 1099 678 451 2172 338 514 21 1829 62 26 38 1997 82
internal_value=-5.07651e-07 0.00286648 -0.00448924 0.00121328 -0.00331659 0.00564204 0.00035433 0.00396726 -0.000453595 9.74415e-05 0.00326443 -0.000200488 -0.00475746 0.00255223 0.0072477 -0.002337 -0.00538676 -0.00200864 -0.00146529 -0.00408136 0.00527849 0.00491648 0.00527821 0.00228092 -0.00786592 -0.00365182 0.00153885 0.00524361 0.00237902 -0.00202002
internal_weight=3395.16 2071.74 1323.42 1298.7 982.66 773.039 791.693 52.2003 22.142 739.492 63.7878 675.705 397.128 507.008 30.0582 585.532 56.4686 529.064 419.697 109.367 711.32 610.413 536.322 74.0909 340.763 28.7818 17.2056 12.194 494.732 25.4648
internal_count=15756 9311 6445 5374 4464 3937 3205 216 92 2989 258 2731 1964 2169 124 2500 248 2252 1777 475 3559 3045 2686 359 1981 152 90 64 2111 114
is_linear=0
shrinkage=0.01


Tree=115
num_leaves=31
num_cat=0
split_feature=13 0 13 0 13 2 17 3 8 8 19 26 15 3 10 19 6 6 14 20 10 26 16 2 11 26 20 1 28 6
split_gain=429.027 93.6088 51.7364 13.5898 12.5285 12.0206 8.92955 7.55432 11.8226 7.70663 6.83887 6.65642 6.59277 7.5997 7.73207 6.24617 6.2286 9.38512 8.36132 5.68031 6.25496 6.60584 6.08301 5.51445 5.25946 5.11812 11.4444 8.25436 4.93039 6.08592
threshold=0.066292827128768092 -0.7692932016384707 1.2850967815328296 0.71556928069885861 -1.2280265127299848 -0.25470253582145658 -1.5039790479353716 -0.49249508752622501 -0.81409798715327519 -0.89423005199717609 -0.9888893457164204 1.1527990279598015 -1.2032814737956274 0.5781266652540501 0.064734682895996556 -1.3792723007190479 -0.2078296863559228 -0.079137635303839451 -0.45726127700065849 1.2979015210512472 -2.4405923957375211 -0.88295768276908804 1.2044727671789706 1.8425486763999241 -0.20593909642693795 -0.23377131246110197 -1.1497556762346981 2.1546376740086006 0.6759513163591736 1.1217646478815124
decision_type=2 2 2 2 2 2 2 2 2 2 2 2 2 2 2 2 2 2 2 2 2 2 2 2 2 2 2 2 2 2
left_child=1 4 3 19 -1 12 -6 8 9 -7 -9 -10 13 14 -3 -5 18 -18 -14 20 -2 -22 -21 28 -12 26 -8 -27 29 -4
right_child=2 5 23 15 6 7 25 10 11 -11 24 -13 16 -15 -16 -17 17 -19 -20 22 21 -23 -24 -25 -26 27 -28 -29 -30 -31
leaf_value=0.0075194071393332442 -0.0080122585507854758 0.0022935320783619897 -0.0008789175217066166 0.0019647500332189778 0.0090763856561634146 -0.00018383161608648117 0.0080676917269850521 0.010000134295021709 0.0049724399233603625 -0.010270653406542804 -0.003835918233673821 -0.0034334447252393043 0.0022090879340533097 -0.0038796424279938829 0.013299933321494317 -0.004954063519936657 0.0058085372263158132 -0.0054792506884880719 -0.00015172797525224058 -0.006830264620182107 -0.0039820721129840688 -0.00119640182274101 0.0018164886475344733 -0.0096225834267852344 -0.00056123470840358013 0.0052965858139410738 0.0021262503247662982 -0.0075928318775828722 -0.0095288753572447243 -0.0067239540402494503
leaf_weight=212.96403929591179 16.700899749994278 11.586216717958452 20.739169016480446 13.246795728802679 43.723631054162979 41.733070626854897 39.452873721718788 5.4681145995855323 79.116724044084549 9.214964032173155 60.124473035335541 10.475923657417296 415.70823054015636 5.8323063105344763 14.97782354056835 383.04727900028229 62.726382449269295 8.174033120274542 233.4867290854454 46.790771827101707 108.58953662216663 403.4976172298193 9.5911167263984662 115.67737758159637 270.90609253942966 352.50006403028965 186.25746294856071 4.8922632485628119 54.703012943267822 148.15859864652157
leaf_count=1189 72 48 109 59 230 168 195 22 319 37 242 42 1764 24 63 1905 260 33 951 206 472 1708 42 740 1091 1716 894 23 309 823
internal_value=-4.85533e-07 0.00284124 -0.00445349 -0.00328748 0.00541486 0.0010823 0.00469716 -0.000157616 0.00178631 -0.00204437 -0.000972768 0.00397567 0.00186958 0.00628752 0.00856347 -0.00471983 0.00166859 0.00448721 0.00135857 -0.0023151 -0.00198962 -0.00178973 -0.00534105 -0.00782162 -0.00116001 0.00436557 0.00317232 0.00511527 -0.00688156 -0.0060131
internal_weight=3390.06 2069.32 1320.74 981.464 839.79 1229.53 626.826 477.039 140.541 50.948 336.499 89.5926 752.492 32.3963 26.564 396.294 720.095 70.9004 649.195 585.17 528.788 512.087 56.3819 339.278 331.031 583.103 225.71 357.392 223.601 168.898
internal_count=15756 9311 6445 4464 4247 5064 3058 1921 566 205 1355 361 3143 135 111 1964 3008 293 2715 2500 2252 2180 248 1981 1333 2828 1089 1739 1241 932
is_linear=0
shrinkage=0.01


Tree=116
num_leaves=31
num_cat=0
split_feature=4 14 13 2 13 4 18 17 20 20 18 24 29 26 27 13 3 8 28 24 25 23 17 17 7 2 1 23 13 28
split_gain=421.246 91.3244 51.8707 13.5098 12.3984 11.6412 9.61688 7.86534 7.43214 6.96742 7.97505 7.40003 6.39346 6.34025 6.17132 11.404 6.06012 6.43541 5.98658 8.70689 7.06712 5.94471 7.61134 5.90625 5.677 5.50458 5.24319 5.22249 5.17435 4.93174
threshold=0.060511841255135722 -0.76157425996426065 1.2850967815328296 0.51157606918868004 -1.2280265127299848 -0.39702771124863034 -0.28449750448624117 -1.5039790479353716 -1.4970100676597846 1.5491165151651076 1.5518390370898834 0.21551318811846124 1.8622684645319518 -0.6459830862641428 -1.5480169374516077 -0.96401247741116691 0.17311875767799942 -1.7376012907443976 -1.7918079738412511 -0.42719855633473897 -0.19986872923639173 -1.9284315868749891 0.13300197273093722 -0.33555610266247143 1.6725080510490888 1.8425486763999241 -0.28863428222920745 -1.0011548163832031 0.76782651800769697 -1.462331786782989
decision_type=2 2 2 2 2 2 2 2 2 2 2 2 2 2 2 2 2 2 2 2 2 2 2 2 2 2 2 2 2 2
left_child=1 4 3 12 24 8 16 -6 23 18 11 -11 28 -8 15 -9 17 -5 20 -20 -7 22 -10 -3 -1 -4 -15 -16 29 -2
right_child=2 5 25 6 7 9 13 14 21 10 -12 -13 -14 26 27 -17 -18 -19 19 -21 -22 -23 -24 -25 -26 -27 -28 -29 -30 -31
leaf_value=0.0077206730786242928 0.0015838424502552127 0.010613571895032039 -0.0068377845376233959 0.0039879034236282316 0.0089282970017655495 0.00099103047952974529 -0.0076083022681776545 -0.0064264629949631266 0.0032974072884792717 -0.011718449735823651 0.0054053501255267372 -0.00063638842788073203 0.0066231021121787659 -0.0076450333289076709 0.002578123086107977 0.007287668121708708 0.006743150899503658 -0.0033234883834423758 0.0023212531290896093 -0.00017274218185605995 -0.0090113739463485096 0.0021015340652749742 -0.014016642654217391 -0.0012830974571590716 -0.0032366660430314252 -0.0095830943670300785 -0.0038314243552609538 0.0050503198996456012 0.008154154102021768 -0.0024983781972211113
leaf_weight=207.46350775659084 31.736835181713104 17.378669112920765 222.79161989688873 12.617187216877936 40.819177687168121 13.651095420122148 88.204371944069862 14.034095734357836 4.7233294397592527 14.03998532891274 6.4392560869455329 10.868351712822912 8.5188892185688001 44.153080433607101 108.08379402756691 10.502195179462431 6.6075724810361853 197.00245685875416 208.81172709167004 422.29789456725121 14.15264457464218 497.35353009402752 5.1413247734308243 5.2664579451084128 4.6569356471300116 114.9963366985321 218.57008199393749 451.84380088746548 4.7687189429998389 377.47574007511139
leaf_count=1165 134 80 1241 54 217 55 436 68 20 57 26 44 35 214 515 51 32 929 847 1704 57 2094 21 23 24 740 1062 2206 20 1585
internal_value=-5.01576e-07 0.00283267 -0.00439254 -0.00323537 0.00537583 0.00108612 -0.00424519 0.00466137 0.00220106 0.000228621 -0.00436701 -0.00694484 -0.00187676 -0.00527019 0.00436018 -0.0005101 -0.00257537 -0.00287695 0.000449403 0.000651085 -0.0040786 0.00194721 -0.00567619 0.00780938 0.00747399 -0.00777792 -0.00447881 0.00457544 -0.00205564 -0.00217903
internal_weight=3384.97 2057.53 1327.44 989.655 837.404 1220.12 567.155 625.283 529.863 690.261 31.3476 24.9083 422.5 350.928 584.464 24.5363 216.227 209.62 658.913 631.11 27.8037 507.218 9.86465 22.6451 212.12 337.788 262.723 559.928 413.981 409.213
internal_count=15756 9274 6482 4501 4246 5028 2727 3057 2238 2790 127 101 1774 1712 2840 119 1015 983 2663 2551 112 2135 41 103 1189 1981 1276 2721 1739 1719
is_linear=0
shrinkage=0.01


Tree=117
num_leaves=31
num_cat=0
split_feature=13 0 13 4 0 0 19 17 21 7 19 27 29 26 2 23 18 20 7 25 1 28 25 26 15 24 19 5 1 19
split_gain=413.635 90.8754 50.6835 14.0558 13.2477 11.4034 8.38213 6.94321 6.58579 6.53663 6.45474 5.95944 7.26856 6.01769 5.49582 5.49237 8.39482 5.44339 5.35616 6.5495 5.34877 5.32349 5.29918 5.26356 5.16225 6.86125 6.36161 5.06395 5.0592 4.97251
threshold=0.066292827128768092 -0.81471984326092128 1.2850967815328296 -0.39702771124863034 0.54571841607728444 -1.3968135513546232 -1.3792723007190479 1.0282621212496694 1.6525938640895823 -1.9536770097069749 -0.71219642646317249 0.47385042549911 0.27435291060629491 -0.89895099986394589 1.8425486763999241 0.26368029930731146 1.974837749315868 0.99011262423900159 -1.1918304405642919 2.3472329065325312 1.7129988793429203 2.2041234238705214 1.0073179283718081 -0.21074436080714951 -1.0783061093699309 -1.0781286087754902 0.36880990445331868 -0.18887085963598244 0.0090681468349296853 0.91083349021805671
decision_type=2 2 2 2 2 2 2 2 2 2 2 2 2 2 2 2 2 2 2 2 2 2 2 2 2 2 2 2 2 2
left_child=1 5 4 9 8 -1 22 24 11 -3 -10 13 -13 -2 -4 16 -9 20 -7 23 -8 29 -6 -20 26 -26 -5 -17 -19 -11
right_child=2 3 14 7 6 18 17 15 10 21 -12 12 -14 -15 -16 27 -18 28 19 -21 -22 -23 -24 -25 25 -27 -28 -29 -30 -31
leaf_value=0.0096954581274255654 -0.005725438206134542 0.0097625831710342684 -0.0067939451629353996 0.0044335556773696652 0.0032372759648473777 0.0073249501041727436 -0.0037798978888816197 -0.0014814008330928264 0.012111085824908711 0.0027105502985491302 5.8556724800427772e-05 0.010256232911738682 -0.0010764185760641755 -0.0022657683917264196 -0.0095438103198494696 0.0043920907344643188 0.011174132106053999 -0.010136430474945833 0.0037633387868459701 -0.004417700151297466 -0.0098509276029876917 -0.0082245210400175364 -0.0078266056854537098 0.0056948678067146744 0.0029340531467713683 -0.00022683104508341471 -0.002828212535130833 -0.0062005610874493232 -0.0052487183990318131 0.00040664664750971174
leaf_weight=60.812001407146454 67.266303315758705 11.503825023770331 221.99160875380039 62.463290855288506 22.123214736580852 99.995148867368698 375.618951395154 51.730867490172386 5.9105072766542461 462.7636549025774 17.700207650661469 5.7828591316938391 142.74342085421085 207.76409910619259 114.31880235671997 4.9408089220523825 5.7281505763530722 29.487427935004234 242.60374934971333 7.4297350496053687 15.278816446661947 4.7650449723005286 5.2507798373699179 356.19697746634483 81.15516285598278 441.22466880083084 14.695866167545317 37.635107398033142 84.216252997517586 118.83083528280258
leaf_count=378 294 55 1241 252 97 514 1824 209 24 1972 74 24 593 871 740 20 23 146 1215 36 76 20 23 1794 330 1782 59 152 418 500
internal_value=-4.97426e-07 0.00279163 -0.0043831 0.0011773 -0.00323039 0.00552044 -0.0042984 0.000213436 -0.00195691 0.00230323 0.00315621 -0.00224497 -0.000621851 -0.00311733 -0.00773421 -0.00222197 -0.000185162 -0.00459111 0.0051582 0.004798 -0.00402221 0.00215354 0.00105788 0.00491474 0.000621762 0.000262787 0.00303565 -0.00494047 -0.00653286 0.00224169
internal_weight=3379.93 2064.47 1315.45 1297.44 979.143 767.038 531.975 699.574 447.167 597.863 23.6107 423.557 148.526 275.03 336.31 100.035 57.459 504.601 706.226 606.23 390.898 586.36 27.374 598.801 599.539 522.38 77.1592 42.5759 113.704 581.594
internal_count=15756 9311 6445 5374 4464 3937 2584 2827 1880 2547 98 1782 617 1165 1981 404 232 2464 3559 3045 1900 2492 120 3009 2423 2112 311 172 564 2472
is_linear=0
shrinkage=0.01


Tree=118
num_leaves=31
num_cat=0
split_feature=4 0 2 4 2 0 26 1 26 25 1 17 5 7 28 25 16 26 7 28 10 28 21 25 17 17 28 26 6 28
split_gain=406.141 88.659 50.1985 13.5205 12.4163 11.3351 7.53741 7.19809 8.08631 8.33401 7.16701 8.81548 6.70701 6.6883 8.21195 6.79696 6.63353 6.85848 6.44601 5.85378 5.29846 6.38452 5.93512 5.38511 5.2777 7.77582 5.21576 4.89763 4.8723 4.79322
threshold=0.060511841255135722 -0.81471984326092128 0.95773589906861989 -0.39702771124863034 1.6417879253725467 -1.3968135513546232 2.2584517362145697 1.6381189509688483 0.14825242605068389 0.33153004963533733 1.4473979554129517 1.3692475829839303 1.3729838890386648 -1.318067527780691 0.73713895312830036 -1.1645503211112436 -0.65787604753370077 1.5357928846728925 -1.9536770097069749 0.70158722080366986 -0.84194039118157293 0.70158722080366986 -0.32813497033347488 2.3472329065325312 -1.7129008903161187 -1.1386472102837033 2.2041234238705214 -0.84530197046265476 -1.2302871754353959 -0.58008886695421225
decision_type=2 2 2 2 2 2 2 2 2 2 2 2 2 2 2 2 2 2 2 2 2 2 2 2 2 2 2 2 2 2
left_child=1 5 6 18 16 -1 7 10 -9 -10 12 -12 -2 14 15 -5 17 -4 -3 27 21 -7 -23 28 29 -26 -20 -18 -22 -15
right_child=2 3 4 13 -6 20 -8 8 9 -11 11 -13 -14 24 -16 -17 19 -19 26 -21 23 22 -24 -25 25 -27 -28 -29 -30 -31
leaf_value=0.0096547201243063901 -0.0022982754475209398 0.0097038046367944452 -0.0039932600966582545 -0.003251347617784514 -0.0090226631122202316 0.0091115246396684165 -0.011232733365001708 -0.01058566765387234 -0.0064277701126090707 0.0067183099754139887 -0.0047767928408917245 0.0088737209634261217 -0.0065195215573335191 0.0012274169762746833 -0.003037196793011981 0.0080513355779924019 -0.008182373802642787 0.0086305030352367262 0.0022204478269708897 -0.0093497736876865609 0.0062750675595739736 -0.0067561268219551883 0.0066234388971409099 -0.003658335360856886 0.0037720848602267021 -0.00024568088041678268 -0.0081303338331683243 -0.0047488456443051793 0.0043266838066429551 -0.010213097873087138
leaf_weight=60.460100740194321 677.27786539494991 11.458604589104651 92.396781727671623 6.2222693860530844 162.26185350120068 59.525981560349464 10.260598033666609 23.335816517472267 14.284685730934145 7.1068793982267371 7.5666372627019909 12.042395830154417 40.11411951482296 5.6794986724853507 13.002406641840933 30.990863353013992 59.048244252800941 4.3747951984405509 581.29413518309593 57.515121161937714 188.38100281357765 5.2354670464992514 8.5506341755390149 7.2075719535350791 52.482406929135323 572.34259076416492 4.7731614261865607 154.57883310317993 435.67777889966965 9.4371993094682676
leaf_count=378 2981 55 475 26 1050 304 49 108 66 32 34 53 187 23 53 129 310 22 2472 306 989 26 43 35 212 2309 20 809 2162 38
internal_value=-4.98712e-07 0.00278327 -0.00432307 0.00118022 -0.00670573 0.00547965 -0.00272615 -0.0026118 -0.00651671 -0.0020028 -0.00237261 0.00355808 -0.00253658 0.000225089 0.00373587 0.00613101 -0.005679 -0.00340393 0.00228152 -0.00648574 0.00511865 0.00768993 0.00145828 0.00481728 -4.93771e-05 9.07423e-05 0.00213307 -0.00570596 0.00491734 -0.00586924
internal_weight=3374.89 2052.72 1322.16 1287.68 530.176 765.039 791.989 781.728 44.7274 21.3916 737.001 19.609 717.392 690.157 50.2155 37.2131 367.914 96.7716 597.526 271.142 704.578 73.3121 13.7861 631.266 639.942 624.825 586.067 213.627 624.059 15.1167
internal_count=15756 9274 6482 5337 2972 3937 3510 3461 206 98 3255 87 3168 2790 208 155 1922 497 2547 1425 3559 373 69 3186 2582 2521 2492 1119 3151 61
is_linear=0
shrinkage=0.01


Tree=119
num_leaves=31
num_cat=0
split_feature=14 0 13 14 13 0 24 10 5 27 10 22 27 21 10 22 18 22 25 17 7 7 10 23 11 22 19 23 7 25
split_gain=398.833 85.7295 51.7061 12.8912 11.7905 11.2665 10.1381 8.02416 7.88196 7.36706 10.4789 8.72877 7.36224 7.00456 7.45327 6.62309 10.0306 6.73423 6.35964 6.10968 5.71557 12.5899 5.60677 7.75148 7.6717 5.76442 6.15812 5.4119 5.26012 6.33176
threshold=0.043980552094585033 -0.81471984326092128 0.97336706065709044 -0.45726127700065849 1.6238370959892461 -1.3968135513546232 -0.41831477174283876 0.28922728372679335 1.0013138722654389 0.75709298368836553 -0.32952881848541876 1.4697475138200493 -0.059902773530597773 -0.79105486632260036 -1.2203652523889374 -0.54809769932324015 0.029418717721363296 -0.45281304217115531 1.7041231396607202 -2.0272782034410439 -1.4784614242221701 -1.8146858698597368 0.96161202764439868 0.75938329490281986 0.078952551539854129 -2.0572937428602605 0.91083349021805671 -0.67703039203259296 -1.1918304405642919 2.3472329065325312
decision_type=2 2 2 2 2 2 2 2 2 2 2 2 2 2 2 2 2 2 2 2 2 2 2 2 2 2 2 2 2 2
left_child=1 5 7 22 19 -1 13 9 18 10 -2 -12 -10 -5 -15 16 -11 -17 -8 -4 21 -21 25 24 -24 -3 -27 -22 -7 -30
right_child=2 3 4 6 -6 28 8 -9 12 15 11 -13 -14 14 -16 17 -18 -19 -20 20 27 -23 23 -25 -26 26 -28 -29 29 -31
leaf_value=0.0096142073571690162 -0.0040204355389368909 -0.0052965332690561463 0.0029014923951618927 0.0053385168348637256 -0.0089124672957641565 0.007233983105352281 0.00022995099313185681 -0.0037957083439841277 -0.0070363493603990378 0.0089444692121415977 -0.0012318885591956765 0.0074630854860441775 -0.0008496844999854547 0.007322479602509405 0.00061527496274027299 -0.01195392182454433 -0.0019605851983750667 -0.00037560557492170279 -0.010318969089297789 -0.012583476196147907 -0.0082947336833918348 0.0059638105644023373 -0.01333834408507001 0.0035621393461886331 -0.00074990068945321854 0.0034665470247471661 0.0005103145015955767 -0.0053763973866863077 0.0048375098924321874 -0.0043227760840451861
leaf_weight=60.109902501106262 197.10793200135231 8.5740731209516508 7.9402393400669089 49.220282554626465 163.57628574967384 99.345841631293297 404.61396092176437 346.67744739353657 32.230270937085152 18.854223757982254 131.28000941872597 12.543531090021132 48.6440239995718 17.984337359666824 205.5076205432415 5.2780112326145163 14.92031481862068 80.302296832203865 5.6953910887241355 5.3337996602058437 87.916778266429901 11.107024937868117 7.4954306632280376 18.454930528998375 13.90054741501808 368.80636863410473 88.164753824472427 254.7865144610405 596.13123920559883 7.454356148838996
leaf_count=378 862 36 38 201 1051 514 1637 1570 131 80 578 54 198 74 836 23 65 345 23 25 474 50 31 76 57 1594 375 1335 3009 36
internal_value=-5.20315e-07 0.00279009 -0.00424111 0.00119648 -0.00666669 0.0054392 0.00037511 -0.00264417 -0.000481681 -0.00177405 -0.00252278 -0.000461952 -0.00333321 0.00192156 0.00116251 0.000356612 0.00410594 -0.00111447 7.86091e-05 -0.00566107 -0.00585392 -3.26172e-05 0.00243566 -0.00114426 -0.00524793 0.00274443 0.00289862 -0.00613018 0.00507944 0.00472203
internal_weight=3369.96 2032.33 1337.62 1269.29 530.661 763.041 763.896 806.964 491.184 460.286 340.931 143.824 80.8743 272.712 223.492 119.355 33.7745 85.5803 410.309 367.084 359.144 16.4408 505.396 39.8509 21.396 465.545 456.971 342.703 702.931 603.586
internal_count=15756 9206 6550 5269 2973 3937 3100 3577 1989 2007 1494 632 329 1111 910 513 145 368 1660 1922 1884 75 2169 164 88 2005 1969 1809 3559 3045
is_linear=0
shrinkage=0.01


Tree=120
num_leaves=31
num_cat=0
split_feature=13 2 13 12 2 2 18 7 17 26 13 7 24 26 8 9 23 12 13 2 23 18 24 15 6 19 28 6 28 20
split_gain=391.813 85.8622 49.2173 15.3893 12.4658 10.2569 9.39556 7.8115 6.75085 6.26437 6.06324 6.04232 5.79242 8.29416 6.62396 5.78388 5.60825 10.2267 6.98563 5.47571 5.40237 8.24345 5.2632 5.09685 6.74627 6.44536 4.94719 6.07555 7.36177 5.13087
threshold=0.066292827128768092 -0.86088341718025208 1.2850967815328296 -0.39702771124863034 0.51157606918868004 -1.3706774009881311 -0.28449750448624117 -1.9536770097069749 1.0282621212496694 -0.6459830862641428 -0.87792337055845782 -1.0000000180025095e-35 1.4166103964194148 1.5017402922889944 -1.7376012907443976 0.7810509135260475 -1.1949359163774902 -0.98439012213870658 -1.2045245671321705 1.8425486763999241 0.26368029930731146 1.974837749315868 1.9362619792696807 -1.1028464351353644 -0.044263638409454818 -0.071045099725513441 0.6759513163591736 1.1217646478815124 -0.14706632520184074 -1.6290265078537154
decision_type=2 2 2 2 2 2 2 2 2 2 2 2 2 2 2 2 2 2 2 2 2 2 2 2 2 2 2 2 2 2
left_child=1 5 4 7 -2 -1 12 -3 23 -8 11 -9 14 -14 -6 -12 17 18 -7 26 21 -10 -11 25 -25 -5 27 28 -4 -29
right_child=2 3 19 8 6 16 9 10 20 22 15 -13 13 -15 -16 -17 -18 -19 -20 -21 -22 -23 -24 24 -26 -27 -28 29 -30 -31
leaf_value=0.0089147405988663202 -0.0018203592605429348 0.0093701386282804121 0.0028034166567630957 -1.1061938546239326e-05 0.0040203149081641425 0.0058345952825347306 -0.0074679100612261521 0.003779393584422361 -0.0014565244479969994 -0.0040350133690428679 0.0027113036400283523 -0.0091456355233247352 0.0086515506792152266 -0.0059050905197806708 -0.0034146611690328405 -7.6507966259670547e-05 0.005459782972115774 0.0089243003024005001 -0.0018553782379035345 -0.0094313646818593912 -0.0048885454273499386 0.011084677018579164 -0.011111081656673407 0.00092917119996939815 -0.0016713005135732164 0.0059503525290376755 -0.0093451949073094908 0.00062537690160200765 -0.010884080263279533 -0.0069963462753397177
leaf_weight=80.928715541958809 412.31694579124451 15.455733865499495 15.318069800734522 34.163480177521706 12.603582605719565 16.599304646253586 87.382976710796356 5.7443789839744577 51.71775484085083 249.77163809537888 536.0757865011692 9.125461339950558 10.358875185251238 6.0904997736215583 186.07454645633698 85.602238327264786 549.62068116664886 18.651280730962753 40.118854016065598 112.38045692443848 42.557802274823189 5.7281807214021674 11.103332877159117 394.14789843559265 133.31423580646515 37.770186141133308 53.58924126625061 9.1710359007120115 5.1612811386585227 136.38650394976139
leaf_count=504 1737 76 81 138 54 84 436 27 209 1221 2312 42 47 29 885 357 2798 93 191 740 172 23 55 1596 537 152 309 49 28 774
internal_value=-5.38054e-07 0.00271963 -0.00428062 0.00124199 -0.00314664 0.0055464 -0.00411502 0.00234725 0.000210015 -0.00513274 0.00217372 -0.00409386 -0.00246121 0.00319831 -0.00293619 0.00232588 0.00510728 0.00251962 0.0003839 -0.00760819 -0.00219178 -0.000171521 -0.00434416 0.000612699 0.000269823 0.00310913 -0.00666687 -0.00579131 -0.00063369 -0.00650916
internal_weight=3365.03 2057.32 1307.71 1351.4 975.702 705.919 563.385 652.004 699.4 348.258 636.548 14.8698 215.128 16.4494 198.678 621.678 624.99 75.3694 56.7182 332.007 100.004 57.4459 260.875 599.396 527.462 71.9337 219.626 166.037 20.4794 145.558
internal_count=15756 9311 6445 5641 4464 3670 2727 2814 2827 1712 2738 69 1015 76 939 2669 3166 368 275 1981 404 232 1276 2423 2133 290 1241 932 109 823
is_linear=0
shrinkage=0.01


Tree=121
num_leaves=31
num_cat=0
split_feature=13 14 13 0 13 2 17 29 18 8 27 13 11 19 1 22 19 18 7 10 7 2 26 2 16 25 28 6 28 14
split_gain=384.677 85.595 48.7158 12.6338 12.0478 10.8119 7.82873 6.86864 7.01866 9.48992 6.13459 11.2911 6.00166 11.1442 9.49234 7.8994 5.95969 5.74709 5.64444 5.52337 10.8329 7.59357 7.58433 5.46435 5.18642 5.07579 4.90878 5.99554 7.25009 4.84197
threshold=0.066292827128768092 -0.76157425996426065 1.2850967815328296 0.71556928069885861 -1.2280265127299848 -0.25470253582145658 -1.5039790479353716 -1.607733817043496 -0.38904738095602814 -0.81409798715327519 -1.5480169374516077 -0.96401247741116691 1.1962737093516718 0.82344990375890059 0.1441126677807589 1.4173188777392076 -1.3792723007190479 1.8551924862908951 1.6725080510490888 -2.4405923957375211 -1.6543033131846168 0.064244205731836743 -0.88295768276908804 1.8425486763999241 2.3082959666201797 -1.6697298042754258 0.6759513163591736 1.1217646478815124 -0.14706632520184074 1.8028469518953714
decision_type=2 2 2 2 2 2 2 2 2 2 2 2 2 2 2 2 2 2 2 2 2 2 2 2 2 2 2 2 2 2
left_child=1 4 3 19 18 12 -6 25 9 -9 11 -8 13 15 -15 -3 -5 -10 -1 -2 21 -21 -22 26 -12 -7 27 28 -4 -28
right_child=2 5 23 16 6 7 10 8 17 -11 24 -13 -14 14 -16 -17 -18 -19 -20 20 22 -23 -24 -25 -26 -27 29 -29 -30 -31
leaf_value=0.0075211141772666534 -0.007869680397014937 0.0024864360240161188 0.0027717662178029919 0.0020245526321679879 0.008764746774821093 0.0018145473774996326 -0.0065927359308174385 -0.0025363122747247687 -0.0016028001183479082 0.0027623071262536281 0.0045040031544939397 0.0071104507300455561 0.0060237391356090597 -0.0071931067617058333 0.00013180665039013524 -0.0011197296938254468 -0.0047418491810015291 0.0055794265517440655 -0.0034568850068684887 0.014776188310580618 -0.0045530327325119689 0.00076546801928240179 -0.001650427914663647 -0.00939282865341543 -0.0038652498279595337 0.013300344317943847 -0.010233056727987107 -0.0064668215853490411 -0.010836941022004132 0.00020752543922540308
leaf_weight=203.61971038579941 16.616055458784103 547.88744896650314 15.33909046649933 13.216916397213934 40.212726578116417 10.84802205860615 13.956554964184763 46.981136158108711 282.76699724793434 118.69243165850639 547.12549605965614 10.385671839118002 31.795449584722519 22.451937988400459 80.915435761213303 67.853236183524132 378.39136242866516 11.446175947785376 4.6133197396993628 5.9884139746427563 114.36039946973324 11.095505461096762 434.8951268941164 111.71684950590134 7.3054863214492789 6.1196005791425696 48.637403219938278 145.04737570881844 5.1324744224548331 4.6770875453948966
leaf_count=1165 72 2305 81 59 217 44 68 189 1139 478 2688 51 135 91 331 282 1905 46 24 24 503 46 1855 740 33 25 279 823 28 30
internal_value=-5.49186e-07 0.00269557 -0.00424639 -0.0031189 0.00518205 0.00101917 0.00447644 -0.000156495 -0.000389641 0.00125309 0.0041753 -0.000700153 0.00176702 0.0015766 -0.00145495 0.0020873 -0.00451047 -0.00131818 0.00727156 -0.00218176 -0.00201175 0.00579224 -0.00225732 -0.00756561 0.00439124 0.0060693 -0.00662436 -0.00575147 -0.000627588 -0.00929975
internal_weight=3360.09 2054.98 1305.11 974.564 827.219 1227.76 618.986 476.854 459.887 165.674 578.773 24.3422 750.904 719.108 103.367 615.741 391.608 294.213 208.233 582.956 566.339 17.0839 549.256 330.55 554.431 16.9676 218.833 165.519 20.4716 53.3145
internal_count=15756 9311 6445 4464 4246 5065 3057 1921 1852 667 2840 119 3144 3009 422 2587 1964 1185 1189 2500 2428 70 2358 1981 2721 69 1241 932 109 309
is_linear=0
shrinkage=0.01


Tree=122
num_leaves=31
num_cat=0
split_feature=13 0 13 4 0 0 19 17 21 19 7 2 9 20 7 26 23 18 10 25 25 15 24 19 5 0 1 13 6 17
split_gain=377.668 84.2386 48.2154 12.7803 12.4985 11.1327 8.03528 6.61379 6.43194 6.30254 6.25989 5.45353 5.40053 7.80613 5.3057 5.57968 5.29882 8.02063 5.23381 5.21029 5.20953 5.00856 6.71503 6.3362 4.94422 4.85061 8.29742 6.8344 4.7734 4.75293
threshold=0.066292827128768092 -0.81471984326092128 1.2850967815328296 -0.39702771124863034 0.54571841607728444 -1.3968135513546232 -1.3792723007190479 1.0282621212496694 1.6525938640895823 -0.71219642646317249 -1.9536770097069749 1.8425486763999241 1.1515709624933257 0.57505364619241262 2.2520556661244697 -0.89895099986394589 0.26368029930731146 1.974837749315868 -0.84194039118157293 2.3472329065325312 1.0073179283718081 -1.1028464351353644 -1.0781286087754902 -0.071045099725513441 -0.18887085963598244 -0.79661213533050768 0.96634758468199156 -0.80689597793973944 -1.2302871754353959 -1.9414763293544854
decision_type=2 2 2 2 2 2 2 2 2 2 2 2 2 2 2 2 2 2 2 2 2 2 2 2 2 2 2 2 2 2
left_child=1 5 4 10 8 -1 20 21 14 -10 -3 29 -8 -14 15 -2 17 -9 -7 28 -6 23 -23 -5 -18 26 -12 -27 -20 -4
right_child=2 3 11 7 6 18 12 16 9 -11 25 -13 13 -15 -16 -17 24 -19 19 -21 -22 22 -24 -25 -26 27 -28 -29 -30 -31
leaf_value=0.0095055966886539601 -0.0041199882136562661 0.0095505585476578954 0.0016670667841839138 -1.6878943137296092e-05 0.0032724591277137759 0.0075339014412593623 -0.0038321465498539491 -0.0014412987568417001 0.012046666813466809 0.00013402154508435369 -0.0051206192252348914 -0.009354473690606345 0.0017921313419132314 -0.0070901952149495934 -0.011666432203830438 -0.0013645902987243236 0.0043756984404473278 0.01092903249536048 0.0061148689435762795 -0.0036754803938486296 -0.0077168371194520904 0.0028937635616906403 -0.00021995960764445714 0.0058941317317705369 -0.006091630290715023 0.0056024275442857563 0.0089755218208791097 0.0018779332634666929 0.0041766998108428701 -0.0068425222483086212
leaf_weight=59.169873401522636 96.22803683578968 11.338193967938421 6.5439162850379935 34.160069987177849 22.094230949878696 72.480545356869698 380.34828923642635 51.708886355161667 5.9133772104978588 17.6708003282547 20.192402929067615 111.05688095092773 10.648344755172728 109.06272487342358 5.7136662900447837 320.50446498394012 4.939635455608367 5.7284113466739646 186.25337851047516 7.2017316520214072 5.227361172437667 81.830806106328964 445.55132642388344 37.760852694511414 37.609180331230164 54.940968066453934 5.1263541728258124 504.55048637092113 432.08935560286045 211.50667983293533
leaf_count=378 418 55 35 138 97 373 1863 209 24 74 91 740 52 549 25 1339 20 23 989 35 23 333 1800 152 152 245 23 2133 2162 1206
internal_value=-5.44324e-07 0.00267173 -0.00421241 0.00112178 -0.00309139 0.00532161 -0.00413501 0.000203049 -0.00185454 0.00320141 0.00219758 -0.0075231 -0.0044239 -0.00629093 -0.00213986 -0.00200408 -0.00217444 -0.000173334 0.0049642 0.00466369 0.00111297 0.000601668 0.00026174 0.00307659 -0.00484558 0.0020517 -0.00220311 0.00224639 0.00476301 -0.00658191
internal_weight=3355.15 2052.63 1302.52 1295.44 973.411 757.195 527.381 699.289 446.03 23.5842 596.148 329.107 500.059 119.711 422.446 416.733 99.9861 57.4373 698.025 625.544 27.3216 599.303 527.382 71.9209 42.5488 584.81 25.3188 559.491 618.343 218.051
internal_count=15756 9311 6445 5374 4464 3937 2584 2827 1880 98 2547 1981 2464 601 1782 1757 404 232 3559 3186 120 2423 2133 290 172 2492 114 2378 3151 1241
is_linear=0
shrinkage=0.01


Tree=123
num_leaves=31
num_cat=0
split_feature=14 0 2 2 14 0 24 26 5 26 20 21 27 9 9 15 11 22 16 26 24 28 9 19 20 19 26 16 23 20
split_gain=371.009 80.6723 48.9152 12.1873 12.0103 11.0641 9.83652 8.18237 7.60357 7.69646 7.03272 7.779 6.56731 8.76316 8.1905 8.18936 8.94502 7.90788 6.553 6.79442 5.97482 5.80845 5.52193 8.21057 6.47436 9.22878 6.22873 6.02711 5.17315 6.47618
threshold=0.043980552094585033 -0.81471984326092128 0.95773589906861989 1.6417879253725467 -0.45726127700065849 -1.3968135513546232 -0.41831477174283876 2.2584517362145697 1.0013138722654389 0.47522038357383728 1.7592785658277925 -0.79105486632260036 0.75709298368836553 -0.78709922550216904 -0.90828957800453181 1.9375363608257608 -1.871589428065614 -1.7692814316239323 -0.65787604753370077 1.5357928846728925 1.5893274759981837 0.70158722080366986 0.91337706774660166 0.46641683535420775 1.1578033087262396 0.89606528680201369 -0.25560557269295014 -0.34262775999489792 -1.0011548163832031 1.250092985026656
decision_type=2 2 2 2 2 2 2 2 2 2 2 2 2 2 2 2 2 2 2 2 2 2 2 2 2 2 2 2 2 2
left_child=1 5 7 18 22 -1 10 12 20 -10 11 -6 15 14 -14 16 -2 -15 19 -4 -8 -20 24 27 25 -3 -25 -24 -7 -30
right_child=2 4 3 -5 6 28 8 -9 9 -11 -12 -13 13 17 -16 -17 -18 -19 21 -21 -22 -23 23 26 -26 -27 -28 -29 29 -31
leaf_value=0.0094658694094447091 0.0028905632327999738 0.0028938301524358678 -0.0037990296190522129 -0.0088301493115248327 0.0058568873824455013 0.0030289560016355881 -0.00027411147841183066 -0.011357996600080134 -0.0060115685927508494 0.00017733151613700483 -0.0070162568702127007 0.0013667601438359153 0.001209208387718225 -0.01328611459450098 0.013543391849222701 -0.0093272439103485802 -0.0030453651754409651 -0.0015804051663947012 -0.0055073337250875617 0.0088062424946687666 0.0043201386600186242 -0.0091660637323030866 -0.00092839004025239665 0.0064626594307888151 0.0063478141764653218 -0.0015918147992032945 -0.001448403802988166 -0.01664104926209076 0.0056456786913377096 0.0017659625128735046
leaf_weight=58.826165378093719 26.39067143201828 353.07711638510227 91.330921083688736 157.90178555250168 47.182383507490158 121.62010198831558 379.70328269898891 10.411733716726301 45.345346853137016 35.461904600262642 8.453117758035658 216.89055755734444 40.661723375320435 5.9252568483352652 6.1603515297174445 19.757695242762566 539.6061070561409 157.61921648681164 210.74172122776508 4.3485795855522147 30.479408785700798 56.505722314119339 5.0920195281505585 14.817274630069731 44.434341311454773 52.343627601861954 29.48152868449688 4.8827043324708921 526.98336842656136 47.812931299209595
leaf_count=378 114 1528 475 1050 193 602 1537 50 185 144 35 883 175 27 26 88 2403 695 1119 22 123 306 21 62 194 222 122 20 2719 238
internal_value=-5.24883e-07 0.00269478 -0.00410879 -0.00649874 0.00115218 0.00528214 0.000359602 -0.00256359 -0.000484418 -0.00328638 0.0018835 0.00217472 -0.00244591 -0.000922886 0.00287873 -0.00299092 -0.00276636 -0.00201848 -0.00547949 -0.00320709 6.58055e-05 -0.0062878 0.00235027 -0.000646976 0.00271416 0.00231198 0.0011838 -0.00880795 0.004926 0.00532506
internal_weight=3350.25 2022.89 1327.36 520.829 1267.64 755.243 763.516 806.533 490.99 80.8073 272.526 264.073 796.121 210.367 46.8221 585.754 565.997 163.544 362.927 95.6795 410.183 267.247 504.129 54.2735 449.855 405.421 44.2988 9.97472 696.416 574.796
internal_count=15756 9206 6550 2972 5269 3937 3100 3578 1989 329 1111 1076 3528 923 201 2605 2517 722 1922 497 1660 1425 2169 225 1944 1750 184 41 3559 2957
is_linear=0
shrinkage=0.01


Tree=124
num_leaves=31
num_cat=0
split_feature=13 14 13 0 2 2 8 6 3 8 5 20 20 15 26 26 26 16 24 6 6 14 15 20 2 24 19 5 18 3
split_gain=364.228 81.7048 47.2668 12.2004 11.8814 10.2541 7.86176 8.27017 7.16417 11.4458 8.81719 7.62957 6.77135 6.55676 6.49043 5.72519 6.0394 5.51803 5.47665 5.44933 9.13277 7.12163 8.10966 6.18529 5.43301 5.38716 5.32784 5.17013 6.03979 5.58387
threshold=0.066292827128768092 -0.76157425996426065 1.2850967815328296 0.54571841607728444 -1.3706774009881311 -0.25470253582145658 -1.7376012907443976 1.2615059893688987 -0.49249508752622501 -0.81409798715327519 -0.74318200211464636 -0.64859578218195069 -0.39148140542763415 0.79616937022357914 1.1527990279598015 -0.89895099986394589 -1.227287585290834 2.1977329911013368 -0.18857201080198152 -0.2078296863559228 -0.079137635303839451 -0.45726127700065849 0.58440700849094374 -1.4970100676597846 1.8425486763999241 -1.665447973164097 -1.3792723007190479 1.1479764790638824 1.369139297881161 0.43980418157509615
decision_type=2 2 2 2 2 2 2 2 2 2 2 2 2 2 2 2 2 2 2 2 2 2 2 2 2 2 2 2 2 2
left_child=1 4 3 15 -1 19 7 -5 9 11 -10 -7 -12 26 -11 16 -2 25 -18 21 -21 23 -23 -3 -4 -17 -8 28 -6 -29
right_child=2 5 24 6 27 8 13 -9 10 14 12 -13 -14 -15 -16 17 18 -19 -20 20 -22 22 -24 -25 -26 -27 -28 29 -30 -31
leaf_value=0.0087606663026069745 -0.0019533481843408682 0.0074187323058959188 -0.0064995492216120511 0.012057959212398947 0.004819799287873577 -0.0048866618196223635 0.0022326693443749071 -0.0045942363290797589 0.010751060987467601 0.0048794167908916344 -0.0039837477520091409 0.0031817098980854992 -0.00043987490230103644 -0.0067800348372284956 -0.0034217018453450666 0.0080718887235362215 -0.008974442380124124 0.0083632023720689886 0.0001701983773273238 0.0056739937096957002 -0.0054630089220478809 0.00066470530707172756 -0.0056182798846346298 0.0019391340903692981 -0.0092802721421918581 -0.0015392564505648666 -0.0039484615257342603 -0.00740049696561696 0.010083012819477264 0.0031331733948552795
leaf_weight=79.323384195566177 61.455111429095268 21.775786966085434 216.52089667320251 6.0400629937648755 612.1906848102808 33.028935164213181 14.161443442106245 5.6126589924097061 6.204648330807685 79.04884560406208 68.093976557254791 17.901650577783585 261.99050040543079 86.632687598466873 10.473976716399191 5.8068565279245368 30.434201285243034 5.8018260002136222 8.0612893551588041 62.532377302646637 8.1734901517629606 226.61150394380093 22.484628200531006 408.44770520925522 109.7819995880127 334.02864630520344 413.12859344482422 5.1493208706378928 22.995229512453079 101.51859940588474
leaf_count=504 264 100 1241 25 3112 133 63 25 25 319 274 72 1056 431 42 24 136 24 35 260 33 924 92 1735 740 1397 2040 23 118 489
internal_value=-5.34442e-07 0.00262546 -0.00414611 -0.00303747 0.0050669 0.000990114 -0.00407102 0.00398132 -0.0001547 0.00173888 -0.000948821 -0.00203043 -0.00117496 -0.00425628 0.00389431 -0.00181551 -0.00392678 -0.00120112 -0.00703809 0.00171905 0.00436655 0.00144142 9.15326e-05 0.00222047 -0.00744072 -0.00136976 -0.00374079 0.00466947 0.00501347 0.00260885
internal_weight=3345.41 2047.95 1297.47 971.163 821.177 1226.77 525.575 11.6527 476.743 140.453 336.289 50.9306 330.084 513.923 89.5228 445.588 99.9506 345.637 38.4955 750.025 70.7059 679.32 249.096 430.223 326.303 339.836 427.29 741.854 635.186 106.668
internal_count=15756 9311 6445 4464 4246 5065 2584 50 1921 566 1355 205 1330 2534 361 1880 435 1445 171 3144 293 2851 1016 1835 1981 1421 2103 3742 3230 512
is_linear=0
shrinkage=0.01


Tree=125
num_leaves=31
num_cat=0
split_feature=14 0 13 2 14 0 24 27 9 24 25 5 26 20 21 16 25 9 24 28 7 3 2 2 15 3 9 20 26 25
split_gain=357.696 78.2388 48.5175 11.9827 11.5279 10.9442 9.62663 7.61928 11.5532 8.80933 7.77788 7.42418 7.55159 6.8749 7.61808 6.68376 6.2309 5.9782 5.87248 5.64978 10.2259 6.21834 5.63272 5.63024 7.13249 6.34843 5.41956 7.66548 7.7616 6.03077
threshold=0.043980552094585033 -0.81471984326092128 0.97336706065709044 1.6417879253725467 -0.45726127700065849 -1.3968135513546232 -0.41831477174283876 0.75709298368836553 -0.78709922550216904 1.1957244832904164 0.77382664290333802 1.0013138722654389 0.47522038357383728 1.7592785658277925 -0.79105486632260036 -2.2756460131710283 1.7041231396607202 -0.97993758834438316 -1.5068010443651485 0.60193686865102736 -1.4784614242221701 -1.4460359241563234 0.72933319277078457 0.71382723236283507 1.8452015601185092 -1.1492168377743919 0.7810509135260475 1.1578033087262396 1.8539815377361175 0.39791666940091325
decision_type=2 2 2 2 2 2 2 2 2 2 2 2 2 2 2 2 2 2 2 2 2 2 2 2 2 2 2 2 2 2
left_child=1 5 7 19 26 -1 13 15 17 18 -11 16 -13 14 -6 -2 -8 22 -10 20 21 -4 -9 24 -17 -25 27 28 -3 -28
right_child=2 4 3 -5 6 -7 11 8 9 10 -12 12 -14 -15 -16 23 -18 -19 -20 -21 -22 -23 -24 25 -26 -27 29 -29 -30 -31
leaf_value=0.0093898419810098093 0.0069536801474180364 0.0026484768331145885 -0.0043249700217593218 -0.0087537680206620349 0.0057953295395418783 0.004850586167852962 0.00021248576697916694 0.0033703778009699981 0.008127933660302766 0.00048402966439908894 0.014353350015259853 -0.0059514101934113259 0.00017983348294010735 -0.0069429498771052022 0.0013501870885474462 -0.0023377543177495494 -0.010228803133453025 0.010378757680752516 -0.0033112342683072945 -0.0076261937427012459 -0.0051756329558841317 0.0082572458435132331 -0.0089906511729192385 0.0021667437024864692 -0.0089876577591012589 -0.0054218406491907661 0.0020131192416795109 0.0077007536930560373 -0.0049940957159659233 -0.0037047244692663462
leaf_weight=58.168498963117599 6.4208447486162177 381.68854999542236 6.518124282360076 156.1816308349371 47.14353059232235 693.23745311796665 404.44203515350819 25.908980518579487 4.4967024326324454 17.950618341565136 5.1855306029319754 45.311359524726868 35.460077404975891 8.4422285258769971 216.84255291521549 418.38043388724327 5.6960497796535483 10.56137841939926 138.7811166793108 89.209026053547859 258.38793852925301 9.3671705573797208 4.1689175218343726 11.699675232172011 16.819336548447609 142.29968847334385 49.766200870275497 29.245544463396072 13.590441957116125 29.161239355802536
leaf_count=378 28 1652 30 1050 193 3559 1637 108 20 81 23 185 144 35 883 1800 23 45 614 480 1369 44 20 54 74 710 209 129 58 121
internal_value=-5.24155e-07 0.00264787 -0.00404324 -0.0064249 0.00113029 0.00520452 0.000353929 -0.00249946 -0.000839825 -0.00201127 0.00368401 -0.000481037 -0.00325043 0.00186181 0.0021497 -0.00307448 6.25802e-05 0.00392574 -0.00293983 -0.00541934 -0.00469539 0.00303714 0.00159984 -0.00318662 -0.00259906 -0.0048378 0.00230513 0.00275248 0.00238198 -8.88074e-05
internal_weight=3340.53 2018.2 1322.34 519.664 1266.79 751.406 763.338 802.673 207.053 166.414 23.1361 490.91 80.7714 272.428 263.986 595.62 410.138 40.6393 143.278 363.482 274.273 15.8853 30.0779 589.199 435.2 153.999 503.452 424.525 395.279 78.9274
internal_count=15756 9206 6550 2973 5269 3937 3100 3577 911 738 104 1989 329 1111 1076 2666 1660 173 634 1923 1443 74 128 2638 1874 764 2169 1839 1710 330
is_linear=0
shrinkage=0.01


Tree=126
num_leaves=31
num_cat=0
split_feature=13 0 13 0 12 0 19 17 21 7 19 27 27 27 2 9 20 7 25 26 23 18 25 28 28 6 28 20 28 5
split_gain=351.189 79.1496 46.3328 11.8397 11.8208 10.8765 7.70918 6.34189 6.26426 6.12911 6.10945 5.66994 7.22205 5.90884 5.41302 5.2814 7.70097 5.21881 6.16684 5.3039 5.2117 7.88724 5.14699 5.09293 4.8898 5.99379 7.22531 5.08553 4.88638 4.80699
threshold=0.066292827128768092 -0.81471984326092128 1.2850967815328296 0.54571841607728444 -0.39702771124863034 -1.3968135513546232 -1.3792723007190479 1.0282621212496694 1.6525938640895823 -1.9536770097069749 -0.71219642646317249 0.47385042549911 0.572230661933535 -0.24790594446775852 1.8425486763999241 1.1515709624933257 0.57505364619241262 -1.1918304405642919 2.3472329065325312 -0.21074436080714951 0.26368029930731146 1.974837749315868 1.0073179283718081 2.2041234238705214 0.6759513163591736 1.1217646478815124 -0.14706632520184074 -1.6290265078537154 -0.75540182452447102 -0.18887085963598244
decision_type=2 2 2 2 2 2 2 2 2 2 2 2 2 2 2 2 2 2 2 2 2 2 2 2 2 2 2 2 2 2
left_child=1 5 3 8 9 -1 22 -6 11 -3 -10 13 -13 -2 24 28 -17 -7 19 -19 21 -9 -5 -11 25 26 -4 -27 -8 -22
right_child=2 4 14 6 7 17 15 20 10 23 -12 12 -14 -15 -16 16 -18 18 -20 -21 29 -23 -24 -25 -26 27 -28 -29 -30 -31
leaf_value=0.0093506891250027882 -0.0018479634735191427 0.0094246084176555518 0.0030100089379207322 0.0032826861339088128 0.00058757834818012726 0.0069784144139626112 -0.0058132229759101858 -0.0014047605700093374 0.011911753071170905 0.0020595001352259465 0.00018445929910037548 0.0063596470653667645 -0.0011950454133903339 -0.0049640154378022654 -0.0092067352390539318 0.0018983723236082905 -0.0069449107635114193 0.0034046775691385094 -0.0044998041365615473 0.0053611536864632374 0.0043118120868135008 0.010864011119852036 -0.0076541700849353357 -0.0081746319328399927 -0.009116185414624247 0.00088256819987204884 -0.010688065177609259 -0.0067563176832647048 -0.0030769841029960276 -0.0060110127832211325
leaf_weight=57.830056965351105 180.2006109058857 11.237768948078154 15.180371046066286 22.077490910887722 599.08694943785667 97.493444636464119 85.905570298433304 51.685113683342934 5.9209582507610348 578.78622090816498 17.65045054256916 13.849957942962645 134.22569558024406 93.334217116236687 108.52160751819611 10.602649092674254 107.99660009145737 237.88614702224731 7.4066191762685767 348.88638043403625 4.9365046024322501 5.7272548824548712 5.2108859419822684 4.7692135423421851 52.198080718517303 9.0546503216028196 5.0402516871690741 133.53402465581894 291.88816544413567 37.580824300646782
leaf_count=378 767 55 81 97 2423 514 427 209 24 2472 74 57 560 398 740 52 549 1215 36 1794 20 23 23 20 309 49 28 774 1436 152
internal_value=-5.15957e-07 0.00257966 -0.00408051 -0.00298409 0.00108053 0.00516566 -0.00400485 0.000197174 -0.00178047 0.00211679 0.00321039 -0.00206257 -0.000477869 -0.00291629 -0.00735889 -0.00428972 -0.00614497 0.004813 0.00445491 0.00457039 -0.00213158 -0.000146722 0.00113739 0.00197276 -0.00641772 -0.00554136 -0.000390996 -0.00626395 -0.00370319 -0.0047817
internal_weight=3335.7 2043.31 1292.39 968.863 1293.81 749.503 523.681 699.017 445.182 594.793 23.5714 421.61 148.076 273.535 323.529 496.393 118.599 691.673 594.179 586.773 99.9297 57.4124 27.2884 583.555 215.007 162.809 20.2206 142.589 377.794 42.5173
internal_count=15756 9311 6445 4464 5374 3937 2584 2827 1880 2547 98 1782 617 1165 1981 2464 601 3559 3045 3009 404 232 120 2492 1241 932 109 823 1863 172
is_linear=0
shrinkage=0.01


Tree=127
num_leaves=31
num_cat=0
split_feature=14 0 13 0 14 0 24 8 5 27 20 21 15 25 27 8 28 9 17 13 2 1 18 9 20 14 7 25 3 28
split_gain=344.902 75.8206 47.4724 12.6937 11.1087 10.8083 9.43319 7.65304 7.23903 7.25347 6.72205 7.46429 6.43923 6.10817 5.87071 7.84914 5.69757 5.54453 10.2643 7.03599 5.40031 5.33237 5.3302 5.32216 6.30538 7.44186 5.15772 6.05859 4.91762 4.85162
threshold=0.043980552094585033 -0.81471984326092128 1.2850967815328296 0.54571841607728444 -0.45726127700065849 -1.3968135513546232 -0.41831477174283876 -1.7376012907443976 1.0013138722654389 -0.059902773530597773 1.7592785658277925 -0.79105486632260036 0.79616937022357914 1.7041231396607202 0.72383643856223367 -0.81409798715327519 0.10356414058293949 -0.90828957800453181 -1.5634920451440999 0.57013846400192425 1.8425486763999241 -0.98179892806845814 -0.20150156093124477 0.91337706774660166 1.1578033087262396 -0.80824247494029178 -1.1918304405642919 2.3472329065325312 -1.1174536529868784 0.6759513163591736
decision_type=2 2 2 2 2 2 2 2 2 2 2 2 2 2 2 2 2 2 2 2 2 2 2 2 2 2 2 2 2 2
left_child=1 5 3 14 23 -1 10 16 13 -10 11 -6 28 -8 17 22 -5 18 -2 -19 29 -17 -16 24 25 -3 -7 -28 -9 -4
right_child=2 4 20 7 6 26 8 12 9 -11 -12 -13 -14 -15 15 21 -18 19 -20 -21 -22 -23 -24 -25 -26 -27 27 -29 -30 -31
leaf_value=0.0093117231962279983 0.0066323198143577993 -0.0055070770013643877 -0.005502933374990888 0.010587736365315703 0.0057352534511507592 0.0069323938644356778 0.00020613434207619537 -0.00026706329508906088 -0.006894215485022559 -0.00074832835633694458 -0.0068712019538679789 0.0013337021467014468 -0.0066661494349090694 -0.010129926271853979 0.006551288368701798 -0.0076344371059112459 -0.0032221183004885919 -0.0019519494154587181 -0.0061353900852170176 0.01014289210266482 -0.0091692049158091683 -0.00041430214301083789 -0.0034575964192164119 -0.00067958205343626016 0.0062159991956709515 0.0024632332730628098 0.0045344017486303768 -0.0044472595128751827 -0.0039895143522870472 -0.009072039351745503
leaf_weight=57.493441611528397 6.8257284313440314 11.908859282732008 162.31054863333702 6.1164787262678129 47.109134867787361 97.161580681800842 404.40580028295517 39.743271470069885 32.159312337636948 48.569580063223839 8.4314433187246305 216.79651109874249 85.999050676822662 5.6982723027467719 25.013631403446201 11.577944770455359 5.5285581350326538 267.73774971067905 64.091922894120216 4.7752736806869498 107.87976711988449 85.86844427883625 6.5402648448944083 54.230725437402725 44.232427045702934 392.47869238257408 585.5256257802248 7.4203000217676154 385.36901959776878 51.92940054833889
leaf_count=378 29 56 932 26 193 514 1637 187 131 198 35 883 431 23 103 48 24 1129 272 20 740 357 27 225 194 1694 3009 36 1916 309
internal_value=-5.16046e-07 0.00260181 -0.00397906 -0.00289686 0.0011095 0.00512714 0.000347496 -0.00397192 -0.000479041 -0.00321449 0.00184046 0.00212507 -0.00415567 5.76456e-05 -0.00170459 0.000106861 0.00397466 -0.00238775 -0.00488483 -0.0017327 -0.00731748 -0.00128935 0.00444076 0.0022637 0.00262179 0.00222474 0.00477577 0.00441959 -0.003644 -0.00637654
internal_weight=3330.93 2013.62 1317.31 995.187 1266.02 747.601 763.17 522.756 490.833 80.7289 272.337 263.906 511.111 410.104 472.431 129 11.645 343.431 70.9177 272.513 322.12 97.4464 31.5539 502.851 448.62 404.388 690.108 592.946 425.112 214.24
internal_count=15756 9206 6550 4569 5269 3937 3100 2584 1989 329 1111 1076 2534 1660 1985 535 50 1450 301 1149 1981 405 130 2169 1944 1750 3559 3045 2103 1241
is_linear=0
shrinkage=0.01


Tree=128
num_leaves=31
num_cat=0
split_feature=14 14 2 2 2 2 29 26 27 22 22 15 11 11 19 18 22 10 18 23 20 27 23 12 14 23 23 24 23 24
split_gain=338.593 74.702 46.2541 11.9244 11.5995 8.86503 8.51448 8.03982 6.24029 8.32969 9.52331 7.93908 8.61976 5.9668 10.705 8.81997 7.71821 5.95666 6.34729 5.1485 7.55779 6.21167 5.99165 5.63402 15.5835 6.56986 4.72146 8.35319 6.45854 4.89976
threshold=0.043980552094585033 -0.76157425996426065 0.95773589906861989 1.6417879253725467 -1.3706774009881311 -0.25470253582145658 -1.607733817043496 2.2584517362145697 0.75709298368836553 -1.7326338808494586 -0.62580142154131757 1.9375363608257608 -1.871589428065614 1.1962737093516718 0.82344990375890059 0.28210389137220621 1.4173188777392076 1.5661812528586052 1.804853388430687 -1.0011548163832031 1.4595711828009044 -1.5353469373980737 -0.1633677027855138 -1.0199170013970111 -1.0996451299552181 -1.0446485474406753 0.57344765353452209 1.2332265246160219 1.1726517033725041 -1.3486540000419636
decision_type=2 2 2 2 2 2 2 2 2 2 2 2 2 2 2 2 2 2 2 2 2 2 2 2 2 2 2 2 2 2
left_child=1 4 7 26 -1 13 -7 8 11 -10 -11 12 -2 14 16 -16 -3 18 -8 23 21 -21 -22 24 -6 -25 29 28 -28 -4
right_child=2 5 3 -5 19 6 17 -9 9 10 -12 -13 -14 -15 15 -17 -18 -19 -20 20 22 -23 -24 25 -26 -27 27 -29 -30 -31
leaf_value=0.0086067449523694103 0.002913109717873594 0.0023629943800132138 -0.010516972531419849 -0.0086400761241979696 0.0047813668618213855 0.0076075877504110578 -0.00035350903307739592 -0.011213698200815133 -0.010534978482019825 0.003100813151975228 -0.0017694457708869104 -0.0091297294294042305 -0.002917292746248616 0.0059077013695575586 -0.0073939445761260301 -4.481763455633789e-05 -0.0012054285329024133 -0.0062381804697754888 0.0067400598975067465 0.00048740133978525564 0.0065747052963583963 0.005483483139358261 -0.0011009159108838586 0.0058746993684699236 -0.0050376428787186059 -0.004817447932060074 -0.0018423190187496369 0.0062657381621270131 -0.0072804838062000424 -0.0055620466475507059
leaf_weight=77.719526648521423 26.364662781357765 546.19315588474274 22.442043617367744 153.63216246664524 38.24409019947052 13.711755722761152 406.00862221419811 10.292630121111868 8.4184396713972074 55.175883248448372 146.14763844013214 19.582973122596741 537.0749226808548 31.671833649277687 20.321887716650963 82.920198753476143 67.724764212965965 16.524483770132065 12.91299284994602 26.59566555917263 14.199022337794302 530.19262151420116 34.689949601888657 57.710651084780693 27.803310498595238 6.20232930779457 49.968866646289825 8.0562267601490003 39.746553540229797 237.91858726739883
leaf_count=504 114 2305 121 1050 195 56 1639 50 38 243 642 88 2403 135 83 339 282 69 52 136 68 2733 164 284 132 30 263 43 212 1283
internal_value=-5.42858e-07 0.00257874 -0.00394685 -0.00629745 0.00491775 0.000989594 -0.000119057 -0.00244704 -0.00233056 -0.000844057 -0.000428833 -0.00286338 -0.00264223 0.00165584 0.00146587 -0.00150683 0.00196758 -0.000366348 -0.000130911 0.00452553 0.00491529 0.00524677 0.0011168 0.00269897 0.000631472 0.00481557 -0.00528759 -0.00338444 -0.00426814 -0.00599685
internal_weight=3326.17 2011.35 1314.82 511.764 813.357 1197.99 449.158 803.057 792.765 209.742 201.324 583.023 563.44 748.832 717.16 103.242 613.918 435.446 418.922 735.638 605.677 556.788 48.889 129.96 66.0474 63.913 358.132 97.7716 89.7154 260.361
internal_count=15756 9206 6550 2972 4246 4960 1816 3578 3528 923 885 2605 2517 3144 3009 422 2587 1760 1691 3742 3101 2869 232 641 327 314 1922 518 475 1404
is_linear=0
shrinkage=0.01


Tree=129
num_leaves=31
num_cat=0
split_feature=13 14 13 13 2 2 3 5 19 21 20 10 20 16 7 23 4 3 10 26 23 27 10 23 6 6 14 15 20 2
split_gain=332.568 75.6189 44.9286 11.6422 11.2079 9.33641 6.92194 8.58213 7.61963 9.15206 6.75544 9.75005 6.7206 6.68804 6.49453 5.91098 11.4894 9.31894 8.33133 6.551 6.45728 6.27972 5.86601 5.75587 5.41851 8.9466 6.6853 7.92602 6.07045 5.37671
threshold=0.066292827128768092 -0.76157425996426065 1.2850967815328296 -1.2201868373435214 0.51157606918868004 -0.25470253582145658 -0.49249508752622501 -0.74318200211464636 0.22612918026711551 1.1606646944091941 0.97518368442839787 1.8808649213436537 -0.39148140542763415 0.44293794942012371 1.6725080510490888 -1.0011548163832031 -1.0199170013970111 -0.72748845434768006 0.46329829464356803 1.4432089638336514 -1.0446485474406753 -1.5480169374516077 0.3101524457348262 0.58832251042775296 -0.2078296863559228 -0.079137635303839451 -0.45726127700065849 0.58440700849094374 -1.4970100676597846 1.8425486763999241
decision_type=2 2 2 2 2 2 2 2 2 2 2 2 2 2 2 2 2 2 2 2 2 2 2 2 2 2 2 2 2 2
left_child=1 3 4 14 -2 24 8 -8 9 -7 11 -6 -9 22 -1 16 17 -5 21 -20 -18 -17 -12 -15 26 -26 28 -28 -3 -4
right_child=2 5 29 15 10 6 7 12 -10 -11 13 -13 -14 23 -16 18 20 -19 19 -21 -22 -23 -24 -25 25 -27 27 -29 -30 -31
leaf_value=0.007156246946090539 -0.0016488477455858111 0.0072859257185890524 -0.0062965885429943618 0.008324540192085365 -0.0034466966615677697 0.0021218905249950253 0.010618159105253681 -0.0039512215678137244 0.01208423756590068 -0.0060995848036567903 0.0030147312290198475 0.0092705457918914221 -0.00042027425899682572 -0.0055034253695982575 -0.0042139462345800044 -0.00060017658966414955 0.0058307282066353654 -0.0038036432913224577 0.0027975729916641951 -0.0057772505268231843 -0.0047608769587665373 0.0055056125864816497 -0.0091082805229775899 0.0017495997835496214 0.0055783644414514914 -0.0054451055846957627 0.0006219274005859394 -0.0055907419810770336 0.0018405655062741742 -0.0090966154556333754
leaf_weight=209.60300900042057 410.51351168751717 21.630430534482002 212.76451115310192 7.4633727222681037 436.12655165791512 118.59693939983845 6.1991990506649008 68.077858597040176 6.6646602302789679 15.141486212611197 4.1143895089626303 5.9783602803945533 261.89815191924572 36.404305070638657 4.9735627174377433 17.291530266404152 57.565888494253159 38.095878317952156 76.893572017550468 9.9184006452560407 6.2143952399492255 383.37077331542969 57.133648425340652 15.309490680694578 62.409378692507744 8.1742260605096799 226.46739493310452 22.47835785150528 407.40589132905006 106.6414949297905
leaf_count=1225 1737 100 1241 37 2122 478 25 274 27 61 21 30 1056 185 26 87 284 182 371 48 30 1956 292 77 260 33 924 92 1735 740
internal_value=-5.63181e-07 0.00251258 -0.00398422 0.0048805 -0.00290651 0.000943259 -0.000148885 -0.000929628 0.00171271 0.00117974 -0.00383439 -0.00327041 -0.00115276 -0.00602797 0.0068862 0.00415666 0.00203629 -0.00178106 0.00462969 0.00180086 0.00477725 0.00523952 -0.00827402 -0.00333769 0.00163984 0.0042817 0.00136274 5.49244e-05 0.00211906 -0.00723713
internal_weight=3321.52 2036.53 1284.99 811.39 965.58 1225.14 476.578 336.175 140.403 133.738 555.067 442.105 329.976 112.962 214.577 596.814 109.34 45.5593 487.474 86.812 63.7803 400.662 61.248 51.7138 748.566 70.5836 677.982 248.946 429.036 319.406
internal_count=15756 9311 6445 4246 4464 5065 1921 1355 566 539 2727 2152 1330 575 1251 2995 533 219 2462 419 314 2043 313 262 3144 293 2851 1016 1835 1981
is_linear=0
shrinkage=0.01


Tree=130
num_leaves=31
num_cat=0
split_feature=4 0 4 0 4 0 7 11 15 7 20 11 10 7 26 0 10 28 21 17 28 25 6 0 19 18 18 24 23 23
split_gain=326.359 73.7809 44.1235 12.9727 10.7803 10.6776 6.27893 7.98667 9.3304 6.0113 5.51091 8.5562 5.36809 9.16764 6.48006 5.45116 5.14636 6.49321 5.90191 5.14274 4.97564 4.9497 4.7749 4.6629 4.63181 4.30596 6.82799 7.44581 6.4328 8.56531
threshold=0.060511841255135722 -0.81471984326092128 1.3299579684881662 0.71556928069885861 -0.39702771124863034 -1.3968135513546232 -1.318067527780691 -0.89053575601975032 1.612964847062561 -1.9536770097069749 1.5491165151651076 1.3613962968114899 -2.4405923957375211 -1.6543033131846168 -0.88295768276908804 0.15430308668640527 -0.84194039118157293 0.70158722080366986 -0.32813497033347488 -1.7129008903161187 2.2041234238705214 2.3472329065325312 -1.2302871754353959 1.9409653875896897 0.91083349021805671 -0.55076076759549253 -0.8349358560168193 -0.28126440634187205 0.57344765353452209 1.0650870413068338
decision_type=2 2 2 2 2 2 2 2 2 2 2 2 2 2 2 2 2 2 2 2 2 2 2 2 2 2 2 2 2 2
left_child=1 5 3 12 9 -1 7 -6 -9 -3 19 -12 -2 15 -15 -14 17 -7 -19 -8 24 22 -18 -4 -11 26 -5 -28 -27 -30
right_child=2 4 23 25 6 16 10 8 -10 20 11 -13 13 14 -16 -17 21 18 -20 -21 -22 -23 -24 -25 -26 28 27 -29 29 -31
leaf_value=0.0092078005399962651 -0.0077768809736158901 0.0093074655516639255 -0.0065074111370310344 -0.0042645387521572497 0.010486106509162632 0.0087010967505519211 -0.0056445520629960421 0.0034284857603751914 -0.010205432634314683 0.0024379831444044011 -0.0072089840074890119 0.0047194051628185792 0.010160739738983468 -0.0042049752077030905 -0.0014930511125736937 -0.001386684497322144 0.0058299036938680437 -0.0073867231349856663 0.006139317268621932 0.00029070640872430999 -0.0081283541233305272 -0.0037767977956453371 0.0038742146679337421 -0.0093282219609111677 0.00020904307554739723 -0.0058135238800121379 0.00672816507386484 -0.0028045119969298711 0.00096320813547996894 -0.0052865198957129413
leaf_weight=56.596586346626282 15.537292242050169 11.142834603786467 202.7829242348671 71.082681491971016 12.560849055647848 57.516248852014542 14.85844039916992 31.630149990320206 5.8447553366422644 459.33811104297638 23.351870328187946 7.9033605158329001 9.9026345610618609 110.61944785714149 446.38366900384426 6.6444081813096991 182.4565657377243 5.1203429251909247 8.2786488533020002 593.26932565867901 4.773326873779296 7.1735948324203482 424.84592971205711 87.396684393286705 118.24802106618881 219.46617986261845 14.052612334489821 19.219697833061218 38.117586255073547 50.719117850065231
leaf_count=378 68 55 1222 353 53 304 60 130 25 1972 95 32 40 491 1910 28 989 26 43 2395 20 35 2162 610 500 1136 71 97 194 262
internal_value=-5.57976e-07 0.00250464 -0.00392777 -0.00293094 0.00105183 0.00501477 0.000199632 0.00360782 0.00125396 0.00203987 -6.60385e-05 -0.00415539 -0.00197479 -0.00181454 -0.00203409 0.00548336 0.00466578 0.00724073 0.000879914 0.000143141 0.00189752 0.00436585 0.00446429 -0.00736335 0.0019835 -0.00429264 -0.00251326 0.00119976 -0.00489067 -0.00259561
internal_weight=3316.83 2024.91 1291.92 1001.75 1282.92 741.988 689.419 50.0358 37.4749 593.502 639.383 31.2552 589.087 573.55 557.003 16.547 685.391 70.9152 13.399 608.128 582.359 614.476 607.302 290.18 577.586 412.658 104.355 33.2723 308.303 88.8367
internal_count=15756 9274 6482 4650 5337 3937 2790 208 155 2547 2582 127 2537 2469 2401 68 3559 373 69 2455 2492 3186 3151 1832 2472 2113 521 168 1592 456
is_linear=0
shrinkage=0.01


Tree=131
num_leaves=31
num_cat=0
split_feature=4 0 4 0 0 4 7 28 7 7 10 7 2 26 10 28 28 25 6 22 0 23 6 10 19 24 26 7 8 6
split_gain=320.392 72.6442 43.6628 12.7797 10.6087 10.575 6.15833 7.8563 6.77116 5.92794 5.27931 8.98681 6.43995 6.36675 5.08583 6.41723 4.87467 4.86435 4.71732 4.69029 4.65345 4.59899 14.9282 7.73491 4.25051 7.63707 7.18991 5.09784 4.1123 4.10553
threshold=0.060511841255135722 -0.81471984326092128 1.3299579684881662 0.71556928069885861 -1.3968135513546232 -0.39702771124863034 -1.318067527780691 0.73713895312830036 -1.3588164186769174 -1.9536770097069749 -2.4405923957375211 -1.6543033131846168 0.064244205731836743 -0.88295768276908804 -0.84194039118157293 0.70158722080366986 2.2041234238705214 2.3472329065325312 -1.2302871754353959 -0.50182589077884054 1.9409653875896897 0.6004758375822189 -0.2078296863559228 -0.84194039118157293 -1.3792723007190479 0.54815185874145878 -0.31504866173682683 -1.4784614242221701 -0.53250584692896563 -0.82432932345353505
decision_type=2 2 2 2 2 2 2 2 2 2 2 2 2 2 2 2 2 2 2 2 2 2 2 2 2 2 2 2 2 2
left_child=1 4 3 10 -1 9 7 8 -7 -3 -2 12 -12 -13 15 -6 19 18 -16 -11 -4 23 -23 -8 25 26 -5 -26 -29 -17
right_child=2 5 20 24 14 6 21 -9 -10 16 11 13 -14 -15 17 29 -18 -19 -20 -21 -22 22 -24 -25 27 -27 -28 28 -30 -31
leaf_value=0.0091694863097769481 -0.0077167068492347184 0.009252424663712365 -0.0064665835513953709 -0.0035409793770674624 0.0086513058372292614 0.0041920087310572569 -0.0025734346880406213 -0.0030531739108900016 0.016881723872965441 0.00060974304916482536 0.014187369295661174 -0.0041682785825588892 0.00090001381458926666 -0.0014786426060780841 0.0057888095937251504 -0.0040754667362477319 -0.0080356754124115796 -0.0037337427199956577 0.0038423555267175498 0.0025684385041990936 -0.0092918404856817422 -0.0045218087604060996 0.0012602210739726752 0.0010160410598150482 0.0041568343082248674 -0.0099843170752570987 0.010640085189061404 -0.0067153611654762139 -0.0041046087640314996 0.006937491510124078
leaf_weight=56.266816258430481 15.502819105982779 11.097850948572157 202.02702018618584 6.4040037840604791 57.270608946681023 32.16532889008522 70.765901565551758 12.978371202945707 4.8610690236091605 178.53394789993763 5.4911188483238247 110.47897344827652 11.060012578964232 446.22784812748432 181.91770724952221 7.304511621594429 4.7812092751264563 7.1848489344120017 424.08952087163925 398.77230793237686 86.864545777440071 83.297542944550514 95.64667820930481 389.65577644109726 6.5200019031763068 5.1357627958059302 7.6797939389944085 77.491547346115112 308.5976387411356 6.0875606685876829
leaf_count=378 68 55 1222 30 304 135 286 53 20 770 22 491 46 1910 989 38 20 35 2162 1702 610 337 386 1573 32 25 35 395 1596 31
internal_value=-5.60609e-07 0.0024824 -0.00389599 -0.00290506 0.00497728 0.00104163 0.000197645 0.00357406 0.00592592 0.00202058 -0.00195618 -0.00179733 0.0054271 -0.00201485 0.00462959 0.00719419 0.00187942 0.0043313 0.00442917 0.00196465 -0.00732247 -6.53775e-05 -0.00142672 0.000461735 -0.00425838 0.000283216 0.00414185 -0.00448327 -0.0046328 0.000870831
internal_weight=3312.16 2022.68 1289.48 1000.59 740.122 1282.56 689.371 50.0048 37.0264 593.185 588.761 573.258 16.5511 556.707 683.855 70.6627 582.087 613.192 606.007 577.306 288.892 639.366 178.944 460.422 411.829 19.2196 14.0838 392.609 386.089 13.3921
internal_count=15756 9274 6482 4650 3937 5337 2790 208 155 2547 2537 2469 68 2401 3559 373 2492 3186 3151 2472 1832 2582 723 1859 2113 90 65 2023 1991 69
is_linear=0
shrinkage=0.01


Tree=132
num_leaves=31
num_cat=0
split_feature=13 14 13 13 0 2 17 8 3 8 4 8 19 15 21 11 16 26 11 19 1 21 28 13 18 27 29 27 2 11
split_gain=314.791 72.2127 43.5654 11.3546 10.9325 8.86822 7.89676 7.47665 6.75421 11.3034 7.97481 7.46408 6.51827 6.35169 6.14861 9.87889 6.04144 5.92233 5.89716 10.3891 9.22458 6.94263 5.55654 5.51085 5.493 5.43368 7.13975 5.8182 5.34097 5.19785
threshold=0.066292827128768092 -0.76157425996426065 1.2850967815328296 -1.2280265127299848 0.54571841607728444 -0.25470253582145658 -1.5039790479353716 -1.7376012907443976 -0.49249508752622501 -0.81409798715327519 -0.25492157868697468 -0.89423005199717609 -0.9888893457164204 0.79616937022357914 1.6525938640895823 -0.02140618656105046 2.3082959666201797 -0.23377131246110197 1.1962737093516718 0.82344990375890059 0.1441126677807589 1.1006421003784423 0.10356414058293949 0.33488856166873765 1.804853388430687 0.47385042549911 0.27435291060629491 -0.24790594446775852 1.8425486763999241 -1.871589428065614
decision_type=2 2 2 2 2 2 2 2 2 2 2 2 2 2 2 2 2 2 2 2 2 2 2 2 2 2 2 2 2 2
left_child=1 3 4 -1 14 18 -5 22 9 11 -11 -7 -10 -9 25 23 17 -8 19 21 -21 -3 -6 -16 -14 27 -27 -2 -4 -15
right_child=2 5 28 6 7 8 16 13 12 10 -12 -13 24 29 15 -17 -18 -19 -20 20 -22 -23 -24 -25 -26 26 -28 -29 -30 -31
leaf_value=0.0068456572718247613 -0.0017298319475647535 0.0023563878341418963 -0.0061766495609997816 0.0084528731639123885 0.010567703260957373 -0.00022286707816635844 0.0025837397751621023 -0.0034910052541103137 0.0098050151558734602 -0.0059528807122098959 0.0047414672981468077 -0.010151798940327264 -0.0013684236809291988 0.0043510674666686405 0.001427402221208036 -0.0038220618920964677 -0.005074120985509448 0.0047162147283854369 0.0058258875748437569 -0.0071793551623875627 4.3584120696274774e-05 -0.0005793433729657753 -0.0030831115080310564 0.014779409956000166 0.0051852395870919015 0.010399148432455279 -0.00085373447592212873 -0.0048271528843033332 -0.0089877688422899411 -0.0070624796766346736
leaf_weight=200.05731742084026 179.62053328752518 518.16880556941032 210.57615277171135 39.041478201746941 6.1155421137809736 41.69639864563942 214.59903509914875 421.66473892331123 5.4553774297237387 7.4552977830171576 82.005051419138908 9.2145062237977964 317.51779977977276 4.0218367874622336 5.6345222145319003 10.558351486921309 7.4252485036849967 344.50670064985752 31.608146235346794 22.440811738371849 80.767990827560425 94.720376685261726 5.5043370574712753 7.3400407582521439 13.172971367835997 5.7644806504249564 142.05296099185944 92.955716535449028 104.79361988604069 81.086158707737923
leaf_count=1189 767 2192 1241 217 26 168 1070 2103 22 30 331 37 1280 18 23 45 34 1736 135 91 331 395 24 30 53 24 593 398 740 413
internal_value=-5.47585e-07 0.0024467 -0.00388914 0.00477188 -0.00282981 0.000915477 0.00408412 -0.00381764 -0.000148742 0.00169037 0.00383342 -0.00205591 -0.000919986 -0.00400066 -0.00167343 0.00327543 0.00377985 0.00390011 0.00159498 0.00140604 -0.00152266 0.00190103 0.00404485 0.00911272 -0.00110285 -0.00195355 -0.000401408 -0.00279115 -0.00711647 -0.00650692
internal_weight=3307.54 2029.85 1277.69 805.63 962.319 1224.22 605.572 518.393 476.517 140.371 89.4603 50.9109 336.146 506.773 443.927 23.5329 566.531 559.106 747.706 716.098 103.209 612.889 11.6199 12.9746 330.691 420.394 147.817 272.576 315.37 85.108
internal_count=15756 9311 6445 4246 4464 5065 3057 2584 1921 566 361 205 1355 2534 1880 98 2840 2806 3144 3009 422 2587 50 53 1333 1782 617 1165 1981 431
is_linear=0
shrinkage=0.01


Tree=133
num_leaves=31
num_cat=0
split_feature=14 2 2 2 14 0 24 26 15 24 20 21 27 9 9 15 11 22 9 19 26 2 21 28 0 14 2 10 27 10
split_gain=309.029 69.2985 43.7442 11.6855 11.6661 9.84654 9.16007 7.92801 6.51066 6.46435 6.43711 7.2411 6.09408 8.3216 7.8203 7.79029 8.42994 7.73262 6.09146 7.67385 6.20206 5.70407 7.25478 5.53003 5.15991 6.09741 12.9626 8.93652 4.35163 4.29165
threshold=0.043980552094585033 -0.86088341718025208 0.95773589906861989 1.6417879253725467 -0.45726127700065849 -1.3968135513546232 -0.41831477174283876 2.2584517362145697 0.27688094501628363 -0.33407707170252648 1.7592785658277925 -1.2138530240692484 0.75709298368836553 -0.78709922550216904 -0.90828957800453181 1.9375363608257608 -1.871589428065614 -1.7692814316239323 0.91337706774660166 0.46641683535420775 -0.25560557269295014 -0.42775803404277934 0.89866924745889698 1.3997368419327534 -0.89358875114177017 -1.0996451299552181 -1.0643179833393448 -0.43631458518477173 -1.4183295503492384 -2.1126536489319832
decision_type=2 2 2 2 2 2 2 2 2 2 2 2 2 2 2 2 2 2 2 2 2 2 2 2 2 2 2 2 2 2
left_child=1 5 7 29 18 -1 10 12 9 -8 11 -6 15 14 -14 16 -2 -15 21 -20 -21 22 -3 -10 25 27 -27 -7 -26 -4
right_child=2 4 3 -5 6 24 8 -9 23 -11 -12 -13 13 17 -16 -17 -18 -19 19 20 -22 -23 -24 -25 28 26 -28 -29 -30 -31
leaf_value=0.0091028615632704202 0.0029700221034106317 0.0030121165669191874 0.001200969541924117 -0.008457149028005595 0.0077802472861292164 0.008670235511628429 -0.0058847346434811711 -0.011086399051911359 -0.0014946798006906573 0.00054157989870458529 -0.0067429507206984889 0.0015848348023502338 0.001321242785135394 -0.01305240305385928 0.013372827656785814 -0.0089771916086776454 -0.0028011141942862333 -0.0013890443788696567 -0.0088209783142937162 0.0061865355029928071 -0.0017234793706360719 0.010179521771808933 -7.924571646890038e-05 -0.0072229756607332454 -0.0011185398283684105 -0.0016524010441519941 0.0042750058260840815 0.0044865699197171168 0.0088255690156553851 -0.0052914322849759001
leaf_weight=55.694474652409554 26.321845278143883 397.28101617097855 10.201258614659308 149.56426276266575 20.49125337600708 66.255808517336845 16.311938136816025 10.182036951184271 121.37446863949299 333.18608643114567 8.4062356203794462 243.17591962218285 40.490114703774452 5.8297440707683554 6.1698449552059165 19.438340425491333 534.69970552623272 156.56720523536205 9.9625837057828885 14.552118763327597 30.298964023590088 9.6695754975080472 93.061314523220062 19.678899258375168 4.6704698055982581 43.555403113365173 231.69127640128136 236.90201725065708 43.939077123999596 343.2831676453352
leaf_count=378 114 1764 55 1050 84 362 66 50 495 1348 35 992 175 27 26 88 2403 695 41 61 126 41 403 80 24 216 1194 1271 225 1867
internal_value=-5.41692e-07 0.00246771 -0.00379081 -0.00610227 0.00112664 0.0050536 0.000322388 -0.00233495 -0.000492217 0.00023719 0.00179444 0.00207288 -0.00221943 -0.000748434 0.0029614 -0.00274728 -0.00252808 -0.00182167 0.00223006 -0.00091977 0.000828765 0.00257747 0.00242348 -0.00230549 0.00469094 0.00442247 0.00333315 0.00540677 0.00784926 -0.00510095
internal_weight=3302.91 2000.16 1302.75 503.049 1317.45 682.709 762.625 799.699 490.551 349.498 272.073 263.667 789.517 209.057 46.66 580.46 561.022 162.397 554.826 54.8137 44.8511 500.012 490.342 141.053 627.014 578.405 275.247 303.158 48.6095 353.484
internal_count=15756 9206 6550 2972 5536 3670 3100 3578 1989 1414 1111 1076 3528 923 201 2605 2517 722 2436 228 187 2208 2167 575 3292 3043 1410 1633 249 1922
is_linear=0
shrinkage=0.01


Tree=134
num_leaves=31
num_cat=0
split_feature=13 2 13 4 0 0 19 7 13 15 17 21 11 13 2 16 28 27 27 27 27 9 9 20 0 16 22 25 15 16
split_gain=303.506 69.993 42.7025 11.6918 10.6679 9.78458 7.32156 7.1771 6.39167 6.25255 6.12133 6.02454 9.65673 5.36629 5.314 5.28382 7.32433 5.79324 5.27098 7.14845 5.71457 5.26637 5.09574 7.53775 5.09562 6.16812 5.60406 5.07472 5.01591 6.38535
threshold=0.066292827128768092 -0.86088341718025208 1.2850967815328296 -0.39702771124863034 0.54571841607728444 -1.3968135513546232 -1.3792723007190479 -1.9536770097069749 -0.87792337055845782 -0.63566040546516989 1.0282621212496694 1.6525938640895823 -0.02140618656105046 0.33488856166873765 1.8425486763999241 0.3704522303355342 -0.03100081451077304 1.3154110548563278 0.47385042549911 0.572230661933535 -0.24790594446775852 0.7810509135260475 1.1515709624933257 0.57505364619241262 -0.89358875114177017 2.3082959666201797 -0.86724133309545082 1.0073179283718081 -1.1028464351353644 0.64952124006657275
decision_type=2 2 2 2 2 2 2 2 2 2 2 2 2 2 2 2 2 2 2 2 2 2 2 2 2 2 2 2 2 2
left_child=1 5 4 7 11 -1 27 -3 9 -9 28 18 13 -13 -4 16 -12 -17 20 -20 -2 -10 -8 -24 25 26 -7 -6 -5 -30
right_child=2 3 14 10 6 24 22 8 21 -11 15 12 -14 -15 -16 17 -18 -19 19 -21 -22 -23 23 -25 -26 -27 -28 -29 29 -31
leaf_value=0.0090649964684083283 -0.001688508336280382 0.0089017180259698351 -0.0060990562220718239 0.0030424924838583153 0.0033947369668774715 0.0024554492360763613 -0.0034598416808002104 -0.01250679010616796 0.0024114740414650357 0.00066198556270477635 -0.010522017367853251 0.0014351589062425809 -0.0037642392962808713 0.014610235329264667 -0.0089166014473125062 -0.0017309190570447698 -0.00042751930500529783 0.0067465100370570187 0.0064207418119805841 -0.0011008454127160619 -0.0047605665823368046 -0.00025538972278509145 0.0021106157031011157 -0.0066798665503678975 0.0077994785930742862 -0.0041715982291274049 0.0049984393123891982 -0.0074940257498854555 0.00076143510165450293 -0.0020374393503646269
leaf_weight=55.369893223047256 179.42780841886997 14.917042165994642 209.15659762918949 71.874864041805267 21.992095366120342 109.29026788473129 372.96780002117157 5.8717631399631491 531.14920771121979 8.7424355596303922 15.034380704164507 5.6339048296213168 10.542171612381933 7.3537411540746689 103.59234412014484 61.562013611197472 14.115772575139998 9.1513281017541868 13.834237515926359 133.93121553957462 92.778919592499733 85.24471327662468 10.511976480484007 106.02787806093693 48.430977553129196 8.1051968932151777 459.74803306162357 5.1775613129138938 426.23089310526848 100.59257692098618
leaf_count=378 767 76 1241 290 97 564 1863 28 2312 41 61 23 45 30 740 249 57 37 57 560 398 357 52 549 249 40 2439 23 1726 407
internal_value=-5.40398e-07 0.00240391 -0.00382708 0.00107985 -0.00277954 0.00501619 -0.00375758 0.00204967 0.00188472 -0.00461011 0.000181507 -0.00163728 0.00326157 0.00902607 -0.00703806 -0.00210716 -0.00568618 -0.000611718 -0.00191484 -0.000386023 -0.00274062 0.00204105 -0.00403849 -0.00587726 0.00465484 0.00438792 0.0045123 0.00126319 0.000565217 0.00022483
internal_weight=3298.36 2025.43 1272.93 1344.49 960.179 680.944 516.677 645.925 631.008 14.6142 698.562 443.502 23.5298 12.9876 312.749 99.8635 29.1502 70.7133 419.972 147.765 272.207 616.394 489.508 116.54 625.574 577.143 569.038 27.1697 598.698 526.823
internal_count=15756 9311 6445 5641 4464 3670 2584 2814 2738 69 2827 1880 98 53 1981 404 118 286 1782 617 1165 2669 2464 601 3292 3043 3003 120 2423 2133
is_linear=0
shrinkage=0.01


Tree=135
num_leaves=31
num_cat=0
split_feature=12 0 13 13 0 19 3 16 12 6 23 24 23 26 23 0 7 26 0 3 13 23 16 23 23 26 26 8 28 29
split_gain=297.99 57.2744 54.25 12.5859 10.0774 8.19289 7.75247 8.08302 6.87114 7.35128 14.0322 16.1089 11.0654 7.38359 11.3356 7.87551 7.17641 6.75888 6.68979 6.09389 6.08593 7.15339 5.99151 5.68784 7.67308 5.35037 7.17419 15.3507 5.62437 5.60179
threshold=-0.069633975157258859 -0.83258579475241201 0.88622533803942172 1.6238370959892461 -1.3968135513546232 -1.65040016949401 -1.3914227470471123 -1.3174295153010314 -0.40587761581231063 -0.21949944290469872 0.61060051245891256 1.3193879596976055 -0.31182158859244419 0.60273152072283664 0.58832251042775296 -0.20060074533332886 -1.9536770097069749 0.050863070412688942 0.50417778166429794 -1.7629654515850812 0.86251764409700959 0.092347011139241195 1.7258074080006844 0.74523814217436746 1.1520879352820346 -0.21074436080714951 -0.36012504418641716 0.69539573374430674 -0.20085671527184459 -1.6385505323079914
decision_type=2 2 2 2 2 2 2 2 2 2 2 2 2 2 2 2 2 2 2 2 2 2 2 2 2 2 2 2 2 2
left_child=1 4 5 22 -1 6 7 -2 16 10 12 -12 -10 15 -15 -11 -3 -9 19 -7 -20 -22 23 -4 -25 26 29 -28 -27 -6
right_child=2 8 3 -5 25 18 -8 17 9 13 11 -13 -14 14 -16 -17 -18 -19 20 -21 21 -23 -24 24 -26 28 27 -29 -30 -31
leaf_value=0.0090272870961125278 0.010290424594058607 0.0095585434664859463 -0.0053465974710104579 -0.0083087274739384528 -0.0041078238972149916 -0.0096853503111371288 0.010325109825576342 0.0029018880125802832 -0.0011274482141356392 0.0046868316332942216 -0.0060011093241681022 0.0075479376294941202 0.0036081270041306069 0.0013380695969317288 -0.0083578305908945053 0.00060583847536568609 0.001846318653277183 -0.0099805234835457866 -0.0035060950019169231 -0.0012333959216385333 -0.0036564020110469672 0.011828614993523452 -0.010729062384174554 0.00078510274000560083 -0.0048631340286675708 0.0077366581485417288 0.0032006573416807761 -0.011196387012713416 0.0046905389242125626 0.0044115150036379966
leaf_weight=55.04721237719059 5.3090011626482037 12.29463781416416 297.66418893635273 150.28576534986496 7.7960895597934714 8.6097961962223035 10.091817721724508 7.571310073137286 126.57120342552662 95.626739308238029 68.158560186624527 9.9214442223310453 80.56362621486187 42.851274624466896 16.611456602811813 94.774387359619141 590.29424054920673 8.413181930780409 293.44432559609413 539.95276854932308 5.9959859549999219 5.6441267877817154 17.183423414826393 40.294546216726303 58.501600712537766 77.90044841170311 28.235517218708992 9.9171545654535276 303.69591997563839 224.58601133525372
leaf_count=378 22 62 1621 1051 40 36 42 32 512 393 276 40 326 173 67 383 2547 36 1404 2252 30 27 95 210 306 414 148 50 1603 1180
internal_value=-5.4091e-07 0.00266472 -0.00339465 -0.00581928 0.00489986 -0.00184809 0.00315029 -0.000235764 0.00127417 0.000446911 -0.000647553 -0.00425922 0.000710447 0.00169998 -0.00136326 0.0026621 0.00200689 -0.00383629 -0.00203338 -0.00136961 -0.00322277 0.00380368 -0.00491061 -0.00465326 -0.00255089 0.0045486 0.00345967 -0.00053496 0.00531687 0.00411976
internal_weight=3293.81 1844.85 1448.96 563.93 707.178 885.032 31.3853 21.2935 1137.67 535.079 285.215 78.08 207.135 249.864 59.4627 190.401 602.589 15.9845 853.647 548.563 305.084 11.6401 413.644 396.46 98.7961 652.131 270.535 38.1527 381.596 232.382
internal_count=15756 8592 7164 3283 3813 3881 132 90 4779 2170 1154 316 838 1016 240 776 2609 68 3749 2288 1461 57 2232 2137 516 3435 1418 198 2017 1220
is_linear=0
shrinkage=0.01


Tree=136
num_leaves=31
num_cat=0
split_feature=13 0 13 2 0 2 3 5 16 21 20 20 15 3 10 6 6 4 3 13 1 21 20 10 7 2 21 17 10 20
split_gain=292.624 67.8716 41.8289 11.1006 10.3392 8.25837 6.56059 8.30159 7.47059 12.2004 9.35714 6.63068 6.3662 7.44534 7.69846 6.22361 8.66313 6.60377 6.21135 6.08038 5.88 5.50255 7.01986 5.36393 7.75465 5.2924 5.04957 4.84078 4.06978 5.31102
threshold=0.066292827128768092 -0.7692932016384707 1.2850967815328296 -1.3706774009881311 0.68000513902760484 -0.25470253582145658 -0.49249508752622501 -0.74318200211464636 -0.21444051050664381 1.1006421003784423 -0.61576322568673636 -0.39148140542763415 -1.2032814737956274 0.5781266652540501 0.064734682895996556 -0.2078296863559228 -0.079137635303839451 -0.40587761581231063 -1.0851519182252189 1.224793663008618 -1.6590858170830964 2.0243325327872093 -0.52744298769368803 -2.4405923957375211 -1.6543033131846168 1.8425486763999241 0.5783860194745013 -1.9414763293544854 -2.1126536489319832 -0.84136748035421605
decision_type=2 2 2 2 2 2 2 2 2 2 2 2 2 2 2 2 2 2 2 2 2 2 2 2 2 2 2 2 2 2
left_child=1 3 4 -1 21 12 8 -8 10 -10 -7 -9 13 14 -3 17 -17 -14 19 26 -5 23 -23 -2 -25 27 -6 -4 -29 -30
right_child=2 5 25 20 18 6 7 11 9 -11 -12 -13 15 -15 -16 16 -18 -19 -20 -21 -22 22 -24 24 -26 -27 -28 28 29 -31
leaf_value=0.0083139291696641103 -0.0077670411840557833 0.0018966966217343003 0.0024631540837597278 0.0081008389247609631 -0.0040711250539970135 -0.0035450034798503016 0.010458471021173942 -0.0039064828164239816 0.0071536573677031465 -0.0068856107957126697 0.0028133178226690736 -0.0003988709556498718 0.00161407251181667 -0.0041869130194073685 0.01292361843270123 0.0054437742688769851 -0.0054070859727177126 -0.00071768676138173006 -0.0043522740201302973 0.010866338573814248 0.0040304943930556834 0.011582403845064853 -0.0017359406592192689 0.0051310577185604113 -0.0020439853520428084 -0.0088462671086254573 0.0039426643932498114 -0.00036943736111090281 -0.010362438735138143 -0.005858017572816422
leaf_weight=74.702100604772568 15.703681528568266 11.492048174142839 6.3018682003021231 38.019183173775673 25.186164721846581 40.911652415990829 6.1900809109210959 68.062936916947365 39.194200754165649 7.1941675543785086 53.018150523304939 261.80549444258213 482.19513307511806 5.8028760701417914 14.798696622252463 62.219617262482643 8.1707824468612653 161.59974856674671 366.55300882458687 4.301941603422164 685.73730805516243 6.7716991007328025 9.0353750288486463 15.358479604125021 503.92659491300583 102.41114938259125 11.215847685933111 11.319450199604033 32.547135666012764 157.56933943927288
leaf_count=504 69 48 35 211 121 165 25 274 158 29 214 1056 2059 24 63 260 33 656 1893 21 3532 28 39 63 2177 740 53 68 189 949
internal_value=-5.25959e-07 0.00236179 -0.00376599 0.00462954 -0.00273045 0.000879754 -0.000146985 -0.000907189 0.00166591 0.00494473 3.24556e-05 -0.0011266 0.00153643 0.0058961 0.00816694 0.00133832 0.00416416 0.0010272 -0.0039407 -0.000208204 0.00424678 -0.00183323 0.00394367 -0.00200649 -0.0018289 -0.00695965 -0.00157056 -0.00602096 -0.00629244 -0.00663945
internal_weight=3289.32 2021.11 1268.2 798.459 958.053 1222.66 476.377 336.059 140.318 46.3884 93.9298 329.868 746.279 32.0936 26.2907 714.185 70.3904 643.795 407.257 40.704 723.756 550.796 15.8071 534.989 519.285 310.149 36.402 207.738 201.436 190.116
internal_count=15756 9311 6445 4247 4464 5064 1921 1355 566 187 379 1330 3143 135 111 3008 293 2715 2088 195 3743 2376 67 2309 2240 1981 174 1241 1206 1138
is_linear=0
shrinkage=0.01


Tree=137
num_leaves=31
num_cat=0
split_feature=14 0 13 0 0 14 24 8 6 5 26 15 20 21 25 27 8 26 27 26 1 22 0 1 0 6 28 25 7 25
split_gain=287.343 65.0716 42.7844 11.0441 10.2608 9.29792 8.93761 7.2821 7.99607 6.79706 7.41873 6.25734 6.25485 7.10466 5.99078 5.48697 7.59663 5.46343 7.67168 6.43405 5.26201 5.25483 5.36071 8.70327 6.26889 5.25429 11.6588 6.09419 5.04978 5.80628
threshold=0.043980552094585033 -0.81471984326092128 1.2850967815328296 0.54571841607728444 -1.3968135513546232 -0.45726127700065849 -0.41831477174283876 -1.7376012907443976 1.2615059893688987 1.0013138722654389 -0.85886598228170541 0.79616937022357914 1.7592785658277925 -0.79105486632260036 1.7041231396607202 0.72383643856223367 -0.81409798715327519 -0.89895099986394589 -0.24790594446775852 -1.1677544305866556 -0.94974941607373131 -2.0572937428602605 -0.79661213533050768 0.96634758468199156 -0.7692932016384707 1.1350747810757087 -0.14706632520184074 0.22561437476581511 -1.1918304405642919 2.3472329065325312
decision_type=2 2 2 2 2 2 2 2 2 2 2 2 2 2 2 2 2 2 2 2 2 2 2 2 2 2 2 2 2 2
left_child=1 4 3 15 -1 21 12 8 -5 14 -11 -9 13 -7 -8 17 -17 19 -19 -2 -18 -3 23 -23 -24 26 27 -4 -6 -30
right_child=2 5 25 7 28 6 9 11 -10 10 -12 -13 -14 -15 -16 16 20 18 -20 -21 -22 22 24 -25 -26 -27 -28 -29 29 -31
leaf_value=0.0089551383033869402 -0.0024367139344608482 -0.0056453514131334292 -0.0021238336568715826 0.012027697172534277 0.0065817234820227891 0.0055672496583533716 0.00017327934643585993 -0.0033393145051287183 -0.0043812382216065846 -0.01375466259566698 -0.0022577490443316025 -0.006347498515878367 -0.006657205916384413 0.0012676192115996484 -0.010063537919253603 0.004478448220205415 -0.0072616686064052314 -1.6806692697714474e-05 -0.0034411113446995291 -0.0086435587574191213 -0.00026223898541389532 -0.0049842529675791563 0.00624832766114501 0.0090276783644662358 0.0020957752373043904 -0.0073257624846545704 -0.010753909136728104 0.010289115010426895 0.0041790964923675558 -0.004647452236688162
leaf_weight=54.431556656956673 49.373309090733528 8.5163866728544217 10.098741039633756 6.0358955115079862 94.579956412315369 46.979003146290779 404.03854297101498 418.25706759095192 5.5645135343074799 6.0329899638891211 74.584251001477242 84.198985621333122 8.3918857574462873 216.52002416551113 5.6983015835285178 31.520964160561562 12.25899365544319 149.65930715203285 116.96484418213367 25.7835683375597 84.922417819499969 21.56565044820309 40.043511062860489 5.4427570253610602 424.30188402533531 281.81197479367256 10.641319036483763 6.2819247394800177 572.9569529145956 7.3656010180711737
leaf_count=378 215 36 56 25 514 193 1637 2103 25 25 304 431 35 883 23 130 51 628 492 115 354 99 185 25 1824 1829 62 34 3009 36
internal_value=-5.19368e-07 0.00238267 -0.00367067 -0.00264989 0.00476076 0.0010074 0.000310702 -0.00366451 0.00410098 -0.000494028 -0.00314648 -0.00384656 0.00176535 0.00203981 2.60529e-05 -0.00153864 0.000214047 -0.00220143 -0.00152348 -0.004588 -0.00116202 0.0020675 0.00220434 -0.00210078 0.0024573 -0.00691969 -0.0026365 0.00260936 0.00441972 0.00406456
internal_weight=3284.82 1991.45 1293.37 984.54 729.334 1262.12 762.245 514.056 11.6004 490.354 80.6172 502.456 271.891 263.499 409.737 470.483 128.702 341.781 266.624 75.1569 97.1814 499.87 491.354 27.0084 464.345 308.834 27.022 16.3807 674.903 580.323
internal_count=15756 9206 6550 4569 3937 5269 3100 2584 50 1989 329 2534 1111 1076 1660 1985 535 1450 1120 330 405 2169 2133 124 2009 1981 152 90 3559 3045
is_linear=0
shrinkage=0.01


Tree=138
num_leaves=31
num_cat=0
split_feature=13 2 13 14 0 0 13 9 7 2 20 26 15 15 20 14 2 3 18 23 3 23 29 25 20 16 26 17 22 0
split_gain=282.129 65.9364 40.8996 11.1389 10.0381 9.53894 7.00793 6.81255 6.25465 7.92993 7.55761 10.7493 6.14801 6.14208 6.12735 5.45559 5.30944 5.25146 7.16988 9.50826 6.65509 5.61104 9.28533 6.68186 5.09714 6.05226 5.36258 5.72544 5.5799 5.09122
threshold=0.066292827128768092 -0.86088341718025208 1.2850967815328296 -0.45726127700065849 0.71556928069885861 -1.3968135513546232 -0.87792337055845782 0.91337706774660166 -1.318067527780691 -0.50013542311552472 -1.2913752060745014 0.57953874955183571 -0.63566040546516989 -1.1682280271607357 1.1578033087262396 -0.16121366754818781 1.8425486763999241 -0.84337770655477551 -0.86309261929883685 0.26368029930731146 -1.1318727207017163 0.58832251042775296 -0.10347229332137731 -0.8432571758280446 1.2979015210512472 1.2044727671789706 -0.88295768276908804 2.1115079851551704 1.0665347294545457 -0.89358875114177017
decision_type=2 2 2 2 2 2 2 2 2 2 2 2 2 2 2 2 2 2 2 2 2 2 2 2 2 2 2 2 2 2
left_child=1 5 4 6 24 -1 12 14 10 -10 11 -5 -3 -11 -8 -12 -4 18 20 -20 -6 23 -23 -19 26 -26 28 -28 -2 -7
right_child=2 3 16 8 17 29 7 -9 9 13 15 -13 -14 -15 -16 -17 -18 21 19 -21 -22 22 -24 -25 25 -27 27 -29 -30 -31
leaf_value=0.008917865531091012 -0.0042674641403789683 -0.012490945957273753 -0.0059374577979941822 0.0036668458105033148 -0.00054824562081312426 0.004248282508609558 0.0023306433794984325 -0.0010216327438947277 -0.011189206836758796 0.0031145494452518921 0.0099197952713192313 -0.01162165996803388 0.00057337302861191737 -0.00014612960890589529 0.006256514101070353 0.00072258138740912933 -0.0087801596628332441 -0.0081603135716363882 0.014858787499957646 -0.0020129615523270428 -0.0093808839899571957 0.0011673895040883063 -0.0052955448921299889 -0.0042498089160484453 -0.0062569330098848006 0.0024611291571743667 -0.0011542468724234215 0.0094538486544170561 0.003540520343344393 0.007673195817442479
leaf_weight=54.114476293325424 97.384137734770775 5.8738850206136695 206.226188108325 15.540743649005892 29.916529938578602 572.1078612357378 439.72886449098587 54.557555690407753 6.136925756931304 63.101191341876984 19.884559705853466 6.4010618925094596 8.7108285427093488 668.70592179894447 44.08561173081398 9.9071904271841031 101.30686190724373 59.625193074345589 5.7538757324218732 7.5323127955198288 11.997248142957689 41.40126933157444 47.327090710401535 175.40787823498249 45.67249496281147 9.400696933269499 409.63974270224571 5.034152850508689 9.884813040494917 47.972596451640129
leaf_count=378 431 28 1241 66 145 3043 1945 227 25 256 84 26 41 2708 195 40 740 316 28 37 61 215 245 917 206 42 1755 22 44 249
internal_value=-5.49503e-07 0.00232034 -0.00370587 0.00103797 -0.0026832 0.00487212 0.00212659 0.00231338 0.000274251 3.7023e-05 0.00363226 -0.000780378 -0.00466932 0.000134048 0.00269166 0.00690738 -0.00687969 -0.00394996 -0.00107272 0.00527543 -0.00311658 -0.00443695 -0.00227072 -0.00524916 -0.00184898 -0.00474892 -0.00154022 -0.00102081 -0.00353602 0.00451606
internal_weight=3280.34 2016.83 1263.51 1342.63 955.977 674.195 552.957 538.372 789.678 737.944 51.7336 21.9418 14.5847 731.807 483.814 29.7918 307.533 378.961 55.2 13.2862 41.9138 323.761 88.7284 235.033 577.016 55.0732 521.943 414.674 107.269 620.08
internal_count=15756 9311 6445 5641 4464 3670 2436 2367 3205 2989 216 92 69 2964 2140 124 1981 1964 271 65 206 1693 460 1233 2500 248 2252 1777 475 3292
is_linear=0
shrinkage=0.01


Tree=139
num_leaves=31
num_cat=0
split_feature=14 14 4 0 0 3 15 19 19 23 16 21 11 21 14 17 27 17 27 7 26 16 5 14 21 15 19 27 15 9
split_gain=277.089 63.1186 41.0743 11.8685 10.8683 7.87246 8.71988 7.66511 8.32052 7.58856 7.09441 12.5616 8.42534 8.54157 7.32174 7.20878 6.89444 6.87875 6.18252 5.81716 5.25491 7.78435 5.56843 5.11137 4.88284 4.75371 7.47034 7.16851 5.92619 5.33575
threshold=0.043980552094585033 -0.76157425996426065 1.3299579684881662 0.71556928069885861 -1.2044007760984523 -0.96137509970956414 -1.1682280271607357 0.45784664367669275 -0.080765031138982188 -1.8798894141137721 -0.18443688128746324 1.1401994879840223 -0.62209044693023385 -0.88700795822349665 -0.71558343615265929 -0.32442303475566098 0.73405799363879332 -1.8226612039470871 -0.13910113480540245 1.6725080510490888 -0.23377131246110197 1.0089785470241337 -1.1912357501696262 -1.4660554451643526 -1.0856551717113512 1.7433204527533186 -1.5746346657417696 0.88325683392572618 0.36238992352579208 -2.0147718101443641
decision_type=2 2 2 2 2 2 2 2 2 2 2 2 2 2 2 2 2 2 2 2 2 2 2 2 2 2 2 2 2 2
left_child=1 4 3 25 19 10 7 8 -7 -8 12 15 14 -14 -3 -12 -11 -6 -9 23 21 -19 -22 -1 -25 26 28 -27 -2 -28
right_child=2 5 -4 -5 17 6 9 18 -10 16 11 -13 13 -15 -16 -17 -18 20 -20 -21 22 -23 -24 24 -26 27 29 -29 -30 -31
leaf_value=0.010257630468683854 -0.0049637218260367511 0.011876906706748343 -0.007009657644676791 -0.0039970920421412278 0.010024567572511427 0.0015802215728855482 -0.0079096040472385748 0.0039687825196686073 0.0089925516960647246 0.00088011935209828115 0.0096221854413958436 -0.0079417548325383894 -0.0038692733366853548 0.006180950305317341 -0.0008871257759237751 -0.002907440434185444 -0.0010962938003808824 0.0031748079660109136 -0.011038812505424727 -0.0048955965983573909 0.00077851760400524691 -0.0020849981534037656 0.0048280733194395386 0.0013523375356331532 0.0065596857641360877 -0.0081164734466876026 -0.0094486932965164878 0.0027958218531621204 0.0068664441022573321 -0.0016696538261601792
leaf_weight=34.040278598666191 5.4032088667154339 4.6308010518550864 279.06934697926044 405.40002356469631 17.306798830628395 31.283787101507187 11.125563651323317 5.0714303553104401 30.075777962803841 671.3977042734623 35.857907935976982 5.4457281231880179 9.9217851012945157 51.313710600137711 88.575514256954193 5.0836989879608145 238.99953366816044 179.86407327651978 5.6254964470863325 4.2831602096557608 38.963877692818642 33.041061863303185 303.08405289053917 20.894513785839081 161.30850106477737 24.8758624792099 8.9307898283004743 7.7158669829368582 17.431782051920891 539.91102451086044
leaf_count=239 23 22 1832 2113 98 130 46 21 125 2777 152 23 42 218 372 21 988 910 23 23 207 165 1543 122 939 111 40 33 74 2324
internal_value=-5.5579e-07 0.00234119 -0.00361214 -0.00267148 0.00452887 0.000888036 0.000521654 0.00387037 0.00523841 0.000258332 0.00269453 0.00612811 0.00165347 0.00453259 -0.000230199 0.00803873 0.000360105 0.00379648 -0.00386021 0.00642226 0.00359868 0.00235324 0.00437006 0.00665322 0.00596908 -0.00177997 -0.00156511 -0.00550182 0.00401415 -0.00179975
internal_weight=3275.93 1987.19 1288.74 1009.67 792.786 1194.41 993.579 72.0565 61.3596 921.523 200.829 46.3873 154.442 61.2355 93.2063 40.9416 910.397 572.26 10.6969 220.526 554.953 212.905 342.048 216.243 182.203 604.269 571.677 32.5917 22.835 548.842
internal_count=15756 9206 6550 4718 4246 4960 4110 299 255 3811 850 196 654 260 394 173 3765 2923 44 1323 2825 1075 1750 1300 1061 2605 2461 144 97 2364
is_linear=0
shrinkage=0.01


Tree=140
num_leaves=31
num_cat=0
split_feature=13 14 13 13 0 17 0 8 6 7 6 14 6 11 11 10 10 26 21 11 18 8 6 7 20 10 10 0 17 7
split_gain=272.025 63.8908 40.0108 10.8755 9.7339 7.80941 7.52321 7.07868 7.771 6.4213 6.2942 10.3203 8.27198 6.13851 8.46737 10.4986 7.69669 5.89542 5.82296 9.38947 5.5467 9.9639 8.13953 7.74259 5.40148 10.0848 6.25683 5.30785 5.49479 6.80949
threshold=0.066292827128768092 -0.76157425996426065 1.2850967815328296 -1.2201868373435214 0.54571841607728444 -1.5039790479353716 -0.34893490700428914 -1.7376012907443976 1.2615059893688987 1.6725080510490888 -1.1425876823327197 -1.0996451299552181 -1.1895559305379662 1.1735587172130433 -0.044184180158212606 -1.3967127613426431 0.870134597620836 0.059865194848650445 1.6525938640895823 -0.02140618656105046 -0.36824828424912365 -0.81409798715327519 -0.19525286722443119 -1.0321315987430115 0.97518368442839787 1.8808649213436537 0.60527349360569782 1.9409653875896897 -1.9414763293544854 -0.63683597436583184
decision_type=2 2 2 2 2 2 2 2 2 2 2 2 2 2 2 2 2 2 2 2 2 2 2 2 2 2 2 2 2 2
left_child=1 3 4 9 18 -5 13 8 -6 -1 12 -12 -7 14 16 -16 -3 -15 -2 -20 21 22 -8 -23 25 -9 -26 28 29 -4
right_child=2 6 27 5 7 10 20 24 -10 -11 11 -13 -14 17 15 -17 -18 -19 19 -21 -22 23 -24 -25 26 -27 -28 -29 -30 -31
leaf_value=0.0067515225451273662 -0.0018191866226141271 0.0030264186818517546 -0.0069016658458328911 0.0081940324079240439 0.01187612496370888 0.0030210562155095241 -0.010716490528151526 -0.0033968541260477594 -0.0043027057210000622 -0.0046632375379962914 0.0084874554138885047 0.0034862581125476473 -0.0030974791645508966 0.011502769636688202 0.0085174003161684799 -0.00017242567034027036 -0.0041849202844359201 0.00021565256475453241 0.0089493921372659942 -0.0036692985039795088 -0.0006259882513296915 0.0094905715567287184 -0.00043669915513057644 0.0020116834033802565 -0.00041121076432679989 0.0096243590597523514 -0.0067835084852099145 -0.0089959728635812582 -0.0062614427400599602 0.012578795331302146
leaf_weight=201.56756445765495 418.89520059525967 279.22326576709747 3.4940189719200134 37.968024477362633 6.0484174489974958 80.257022365927696 8.9627727419137937 382.70312406122684 5.548332154750824 4.8810590654611579 46.532844424247742 389.50868517160416 30.249269962310791 11.940490409731867 14.511995226144789 283.65972356498241 15.430040314793585 7.8205211907625189 12.996330842375757 10.512799501419066 402.40273380279541 15.546822771430014 53.063072755932808 129.1892973035574 18.909116506576538 5.9091157466173163 92.437175184488297 82.580355316400528 215.47679913043976 3.4346983879804602
leaf_count=1225 1782 1208 20 216 25 412 36 1923 25 26 244 1969 154 54 64 1185 63 34 53 45 1623 63 214 521 97 30 484 610 1331 20
internal_value=-5.40557e-07 0.00227963 -0.00364661 0.00449406 -0.0026364 0.00379182 0.000844931 -0.00357725 0.00407945 0.00647468 0.00348273 0.00402409 0.00133588 0.00162741 0.00144181 0.000249869 0.0026441 0.00710976 -0.00154567 0.00327258 5.62761e-05 0.0013886 -0.00195309 0.00282793 -0.00375763 -0.00319386 -0.00571166 -0.00680121 -0.00597812 0.00265447
internal_weight=3271.66 2012.72 1258.95 790.964 953.96 584.516 1221.75 511.555 11.5967 206.449 546.548 436.042 110.506 612.586 592.825 298.172 294.653 19.761 442.404 23.5091 609.165 206.762 62.0258 144.736 499.959 388.612 111.346 304.986 222.406 6.92872
internal_count=15756 9311 6445 4246 4464 2995 5065 2584 50 1251 2779 2213 566 2608 2520 1249 1271 88 1880 98 2457 834 250 584 2534 1953 581 1981 1371 40
is_linear=0
shrinkage=0.01


Tree=141
num_leaves=31
num_cat=0
split_feature=14 0 13 0 0 14 24 8 6 5 26 15 20 21 25 9 11 20 26 0 26 26 8 14 28 20 28 6 28 20
split_gain=267.15 61.2694 40.8902 10.3891 9.74901 9.38621 8.74004 6.94914 7.60703 6.5539 7.37076 6.14641 6.0938 6.97686 5.85722 5.54986 6.02746 5.79384 6.45634 5.29313 5.27797 7.10605 15.0951 8.71328 5.61104 5.80289 5.2596 6.21194 7.26585 5.99557
threshold=0.043980552094585033 -0.83258579475241201 1.2850967815328296 0.54571841607728444 -1.3968135513546232 -0.45726127700065849 -0.41831477174283876 -1.7376012907443976 1.2615059893688987 1.0013138722654389 0.47522038357383728 0.79616937022357914 1.7592785658277925 -1.2138530240692484 1.7041231396607202 0.91337706774660166 -0.24601784724514072 1.1578033087262396 1.8539815377361175 1.9409653875896897 -0.21074436080714951 -0.36012504418641716 0.69539573374430674 -0.82890949842849582 -0.20085671527184459 -0.98985000128540801 0.6759513163591736 1.1217646478815124 -0.14706632520184074 -1.6723943063216959
decision_type=2 2 2 2 2 2 2 2 2 2 2 2 2 2 2 2 2 2 2 2 2 2 2 2 2 2 2 2 2 2
left_child=1 4 3 -2 -1 15 12 8 -5 14 -11 -9 13 -7 -8 17 -17 18 -3 26 21 23 -23 -6 -22 -26 27 28 -4 -29
right_child=2 5 19 7 20 6 9 11 -10 10 -12 -13 -14 -15 -16 16 -18 -19 -20 -21 24 22 -24 -25 25 -27 -28 29 -30 -31
leaf_value=0.0088177487089891819 -0.0014814096602819937 0.0022472168149270046 0.0037707770260782827 0.011739187611729037 0.0042739973717636666 0.0076154469110370753 0.0001554145747999474 -0.0032227612412277025 -0.0042660586894326669 -0.0057804918754662538 0.00028423374416900528 -0.0062162413390122922 -0.0065851280016401273 0.0015259117506755055 -0.0099662372843631747 -0.01098004905152483 0.00011994849257794468 0.0057514250375665264 -0.0046291822023455109 -0.0089608448443133423 0.0075470601959697608 0.0029989238408038264 -0.011317392237543149 -0.0067495644248514322 0.0016401506615089866 0.0051730426518265737 -0.0086380162819641969 0.0028810879698401115 -0.010290856380349602 -0.0062035707796692374
leaf_weight=53.265263766050339 469.78308899700642 408.27832871675491 14.680805921554567 6.0588954091072065 222.25178807973862 20.433102428913116 403.92196115851402 415.6410369426012 5.540930762887001 45.167395070195198 35.400796100497246 83.462350443005562 8.3798949122428876 242.90111762285233 5.6991210728883734 5.3005196601152411 50.250673294067383 46.441895946860313 13.944328621029852 82.077955856919289 76.701799258589745 27.904627650976181 9.8801956921815854 7.2538637965917578 58.866952285170555 240.79940356314182 55.352168366312981 7.453621804714202 4.7859870046377173 139.35354021191597
leaf_count=378 1985 1794 81 25 1183 84 1637 2103 25 185 144 431 35 992 23 22 210 207 60 610 414 148 50 37 322 1281 354 43 28 865
internal_value=-5.26428e-07 0.00230023 -0.00355403 -0.00255881 0.00468824 0.00100517 0.000294938 -0.00354744 0.00403732 -0.000500892 -0.00310627 -0.00372649 0.001734 0.00200493 9.75172e-06 0.00203527 -0.000939036 0.00239008 0.00201671 -0.00676184 0.00434364 0.0032564 -0.000738186 0.00391844 0.00511205 0.00448315 -0.00593926 -0.00503019 0.000227637 -0.00573387
internal_weight=3267.23 1983.04 1284.19 980.486 696.924 1286.12 761.903 510.703 11.5998 490.189 80.5682 499.103 271.714 263.334 409.621 524.216 55.5512 468.665 422.223 303.704 643.659 267.29 37.7848 229.506 376.368 299.666 221.626 166.274 19.4668 146.807
internal_count=15756 9206 6550 4569 3813 5393 3100 2584 50 1989 329 2534 1111 1076 1660 2293 232 2061 1854 1981 3435 1418 198 1220 2017 1603 1371 1017 109 908
is_linear=0
shrinkage=0.01


Tree=142
num_leaves=31
num_cat=0
split_feature=4 2 0 2 0 7 26 15 17 17 22 8 11 15 17 20 5 22 4 6 7 6 9 23 24 23 23 27 24 0
split_gain=262.294 51.9277 48.5364 12.8187 9.34696 8.63862 7.5294 7.38341 8.6699 8.17439 8.06852 7.72427 9.70459 7.22771 8.7818 10.1218 7.73666 6.99855 6.49547 6.23587 9.40164 7.86119 5.84076 5.37266 7.48104 5.26669 6.25711 6.17245 5.4463 5.10709
threshold=-0.069633975157258859 -0.86088341718025208 0.87491240147604554 1.6417879253725467 -1.3968135513546232 0.21791063385836187 2.1281499207500025 -0.97737663858728185 0.56702574380434145 -0.29047832872506413 -0.097045033374803302 0.81784163561906187 0.83464204928484131 0.838777495950635 -1.1188304613480702 -0.49212221584585802 -1.1912357501696262 -1.6952643043878195 -0.66145113023074653 0.5150921703456065 -1.3588164186769174 0.59122510077753299 -0.71938458305027331 -2.0006172962931035 -0.11051043094443426 0.57344765353452209 1.1520879352820346 1.2515662678770372 -1.3486540000419636 -0.89358875114177017
decision_type=2 2 2 2 2 2 2 2 2 2 2 2 2 2 2 2 2 2 2 2 2 2 2 2 2 2 2 2 2 2
left_child=1 4 6 25 -1 13 17 8 9 -7 -10 -9 -13 14 22 -16 18 23 -15 20 -19 -21 -3 -2 -25 28 27 -27 -4 -6
right_child=2 5 3 -5 29 7 -8 11 10 -11 -12 12 -14 16 15 -17 -18 19 -20 21 -22 -23 -24 24 -26 26 -28 -29 -30 -31
leaf_value=0.0087809854646937486 0.0016105529732032883 0.0082481107072781695 -0.0096934379533496137 -0.0081433397774581529 0.0041097904200877505 -0.0016095051514524554 -0.0090583866387756833 -0.0018624891205445276 -0.00692794302992061 0.0087275321992135186 0.0059254683674984559 0.0027723265595686643 -0.0015493406617305089 0.008918788363839204 -0.00064291848887686968 0.0022031959485794019 0.0077491741217101638 0.0059199739209892105 0.00050303999367302184 -0.0064671593669815078 -0.0011112990568997198 -0.0019414178596550088 0.0027292157984594974 -0.0031795438329030668 -0.014427445042189626 0.00057408087359558544 -0.0052677776024444957 -0.0098112988396261633 -0.0049047956516035515 0.0075542186608199124
leaf_weight=52.955360427498817 6.4853423386812237 26.617405012249947 26.738171592354774 142.72180199623108 567.08087387681007 10.021352306008337 13.893266499042509 181.42533744871616 12.373761445283892 29.939299196004868 7.8702884763479224 122.84930424392223 89.604079321026802 11.256073236465452 219.76278348267078 288.15020875632763 41.037647530436516 19.568523570895195 49.376679942011833 46.242965191602707 544.73153711855412 233.77197086811066 72.254435941576958 13.027111575007444 11.305929809808726 53.070354074239731 53.200978085398674 6.3010215759277335 261.67714481055737 47.537207871675491
leaf_count=378 30 114 148 1050 3043 42 66 757 51 125 33 516 373 59 929 1212 180 79 219 215 2315 1086 312 59 51 285 292 34 1454 249
internal_value=-5.30931e-07 0.00250775 -0.00320515 -0.00555934 0.00473096 0.00122995 -0.00176379 0.000150761 0.00341082 0.0061127 -0.0018772 -0.000345743 0.000945049 0.00192012 0.00150367 0.000969892 0.00439179 -0.00164582 0.00209395 -0.00147295 -0.000864694 -0.00269443 0.0042319 -0.00632926 -0.00848428 -0.00463533 -0.00277846 -0.000525938 -0.00535541 0.00437901
internal_weight=3262.85 1830.11 1432.74 543.709 667.573 1162.54 889.027 454.083 60.2047 39.9607 20.244 393.879 212.453 708.455 606.785 507.913 101.67 875.133 60.6328 844.315 564.3 280.015 98.8718 30.8184 24.333 400.988 112.572 59.3714 288.415 614.618
internal_count=15756 8592 7164 3263 3670 4922 3901 1897 251 167 84 1646 889 3025 2567 2141 458 3835 278 3695 2394 1301 426 140 110 2213 611 319 1602 3292
is_linear=0
shrinkage=0.01


Tree=143
num_leaves=31
num_cat=0
split_feature=13 2 13 14 0 0 19 13 9 19 8 29 28 26 3 6 5 21 19 2 10 26 26 23 14 13 20 23 29 23
split_gain=257.525 61.0702 38.7539 10.3413 9.31476 9.28559 7.34103 6.97682 6.53208 7.2616 6.01183 5.87637 5.60423 7.77194 8.9767 8.33171 7.11952 5.30177 7.71952 5.28861 5.23929 5.61665 5.20108 5.11309 9.60038 11.7876 5.59957 6.86844 5.80884 5.06029
threshold=0.066292827128768092 -0.86088341718025208 1.2850967815328296 -0.45726127700065849 0.68000513902760484 -1.3968135513546232 -1.3792723007190479 -0.87792337055845782 0.91337706774660166 0.46641683535420775 -2.4226348730219462 -0.86701573693082279 -1.7918079738412511 -0.27362191257132495 0.4627616914150573 -0.053162994786813224 0.25316421137613904 2.0243325327872093 -0.44258661314522774 1.8425486763999241 -2.4405923957375211 -0.88295768276908804 0.3642928020387135 -0.94968947710789797 -0.95751173184489191 -1.2045245671321705 1.250092985026656 -0.1633677027855138 -1.6721949275799524 -0.1928351504599328
decision_type=2 2 2 2 2 2 2 2 2 2 2 2 2 2 2 2 2 2 2 2 2 2 2 2 2 2 2 2 2 2
left_child=1 5 4 7 17 -1 11 22 10 -10 -9 -6 16 15 -15 -14 29 20 -19 -4 -2 -22 -3 24 25 -7 28 -28 -25 -5
right_child=2 3 19 12 6 23 -8 8 9 -11 -12 -13 13 14 -16 -17 -18 18 -20 -21 21 -23 -24 26 -26 -27 27 -29 -30 -31
leaf_value=0.0087443523641742883 -0.0075982017974005412 -0.0093340867526747247 -0.0057420232572414388 -0.00026998983548955416 0.011161824738477473 0.006092877921418831 -0.0040058394390753314 -0.012285709515577567 -0.0087183287708925503 0.00067151736860074124 0.0026830732070718152 -0.0013740485367632932 0.0026634201311842771 0.00054593554827213754 -0.0024841589391565114 -0.0014152321094628674 0.0016815411164087771 0.012675759134016433 -0.0015224959122150034 -0.0086123299086885031 -0.003685779713642002 -0.0011562016507655592 0.0028610537253769197 -0.0029907481112153439 0.0075710833005325382 -0.0017177836541394757 0.008055132742305118 -0.000931868438944893 0.005275719839490052 -0.010712187382060239
leaf_weight=52.64740401506424 15.597460135817526 9.1459509581327421 202.69078460335732 7.1742103397846231 5.461636126041415 28.426577121019363 385.64104454219341 2.5777587592601767 9.9649132490158063 44.550412192940712 479.64127878844738 11.033743888139723 221.07883629202843 328.78067450225353 138.87750574946404 64.326076671481133 14.837057799100874 6.1130249649286261 9.6689084023237211 98.531903296709061 112.94714093208313 404.46000529825687 5.3994164466857901 8.4502402544021589 27.565524116158485 59.538267776370049 11.29787392914295 32.912339150905609 445.08893336355686 14.198389127850533
leaf_count=378 69 43 1241 29 24 157 2014 13 41 186 2127 50 903 1333 562 260 60 25 42 740 503 1737 26 45 145 297 59 170 2419 58
internal_value=-5.342e-07 0.00221989 -0.00355931 0.000989186 -0.00256697 0.00469535 -0.00372526 0.00204024 0.00222698 -0.00103937 0.00259845 0.00275858 0.000253627 0.000439772 -0.000352093 0.00174048 -0.00358069 -0.00171586 0.00395932 -0.00668678 -0.00188648 -0.00171093 -0.0047502 0.00434476 0.00242861 0.000798994 0.00478693 0.00135518 0.00511887 -0.00727117
internal_weight=3258.63 2006.48 1252.15 1340.55 950.923 665.927 402.136 551.28 536.734 54.5153 482.219 16.4954 789.273 753.063 467.658 285.405 36.2097 548.787 15.7819 301.223 533.005 517.407 14.5454 613.28 115.53 87.9648 497.749 44.2102 453.539 21.3726
internal_count=15756 9311 6445 5641 4464 3670 2088 2436 2367 227 2140 74 3205 3058 1895 1163 147 2376 67 1981 2309 2240 69 3292 599 454 2693 229 2464 87
is_linear=0
shrinkage=0.01


Tree=144
num_leaves=31
num_cat=0
split_feature=14 14 13 13 4 18 18 26 17 3 15 19 19 10 7 16 16 17 23 7 6 14 6 8 6 1 26 14 28 10
split_gain=252.84 58.4423 39.5965 10.577 9.42641 8.03183 8.61414 8.1533 7.76933 7.55118 8.43546 7.49466 8.16253 7.46659 9.58852 8.83583 12.5417 8.20089 7.4478 6.33291 6.28274 10.2113 8.22584 6.12477 5.7831 5.61957 5.2474 5.17811 5.01629 7.36775
threshold=0.043980552094585033 -0.76157425996426065 1.2850967815328296 -1.2201868373435214 0.47264445685204176 -0.55076076759549253 -0.58476940541943734 -0.6459830862641428 -1.5039790479353716 -0.96137509970956414 -1.1682280271607357 0.45784664367669275 -0.080765031138982188 0.05713972416283538 -0.31402832788562035 -1.6991756006331307 -0.18443688128746324 -0.7545922531937912 -1.8798894141137721 1.6725080510490888 -1.1425876823327197 -1.0996451299552181 -1.1587211981561254 1.064881574639909 -0.89767651750906385 -0.28863428222920745 0.2414436115200691 1.8452293180457613 0.6759513163591736 -2.1126536489319832
decision_type=2 2 2 2 2 2 2 2 2 2 2 2 2 2 2 2 2 2 2 2 2 2 2 2 2 2 2 2 2 2
left_child=1 3 4 19 23 6 -6 -7 -5 13 11 12 -11 15 -15 -3 -17 -16 -12 -1 22 -22 -10 -2 -20 -9 -8 28 29 -4
right_child=2 9 27 8 5 7 26 25 20 10 18 -13 -14 14 17 16 -18 -19 24 -21 21 -23 -24 -25 -26 -27 -28 -29 -30 -31
leaf_value=0.0066077341409876448 -0.0007984947055996981 0.0097285296723877337 0.004968594968500599 0.0080827507090532099 -0.0019887835610272716 -0.0064491102146328897 0.00054186872906455497 -0.0058483278822600484 0.0021076660981575145 0.0015135308413259975 -0.0078649581667415407 -0.0038627211177314235 0.0088630534688850047 -0.0089732089632946696 -0.00087150883022547507 0.00075848551600281788 0.008013411951999172 0.0084837002448233841 0.0079437922849416327 -0.0047501894396756381 0.0083646553295715215 0.0033658318902541964 -0.0071457574079294766 -0.0044170998849426867 0.00024322198844777535 -0.0025091265876935531 0.016151581723341416 -0.0085690700244242298 -0.0085419395196525555 -0.0052974818787290138
leaf_weight=198.75380681455135 342.33090759813786 21.790468692779541 7.1638241112232199 37.547525599598885 159.11971293389797 106.40111462771893 4.6650609821081144 64.631305709481239 99.291322365403175 31.23730893433094 11.125888004899023 10.689243823289869 29.98770098388195 10.514975443482397 36.346883326768875 86.246005102992058 33.039770916104317 12.455093741416929 9.7708008438348752 4.8629077225923529 46.055722460150719 386.8876167088747 10.502052739262579 54.357315510511398 899.74207213521004 241.84382036328316 4.146558091044426 97.329847902059555 48.732812702655792 146.7397096157074
leaf_count=1225 1440 94 42 216 757 548 23 324 512 130 46 44 125 44 151 368 141 52 42 26 244 1969 54 240 3723 1217 20 732 310 897
internal_value=-5.46709e-07 0.00223979 -0.00346811 0.004361 -0.00249073 -0.00330338 -0.00144903 -0.00405465 0.00366762 0.00084483 0.000485975 0.0037829 0.00513818 0.00261613 -0.000345028 0.00386763 0.00278136 0.00150812 0.000226972 0.00632937 0.0033589 0.00390172 0.00120775 -0.00129785 0.000327912 -0.00321826 0.00809849 -0.00664787 -0.00571637 -0.00481021
internal_weight=3254.31 1976.85 1277.46 783.901 977.496 580.808 167.931 412.876 580.284 1192.95 992.553 71.9143 61.225 200.393 59.317 141.076 119.286 48.802 920.639 203.617 542.737 432.943 109.793 396.688 909.513 306.475 8.81162 299.966 202.636 153.904
internal_count=15756 9206 6550 4246 4569 2889 800 2089 2995 4960 4110 299 255 850 247 603 509 203 3811 1251 2779 2213 566 1680 3765 1541 43 1981 1249 939
is_linear=0
shrinkage=0.01


Tree=145
num_leaves=31
num_cat=0
split_feature=4 2 13 2 0 7 19 22 1 1 15 18 15 6 16 15 17 19 22 18 17 13 22 1 13 6 23 0 19 16
split_gain=248.3 49.6124 48.1432 12.4738 9.21167 8.40466 7.81876 7.42588 7.30539 9.75504 11.1479 8.31392 11.6251 8.18313 7.21605 7.18701 8.48007 10.6666 7.88995 6.8086 6.78343 5.99161 6.41061 5.96503 5.83905 7.66486 6.52837 5.80962 5.15664 5.11984
threshold=-0.069633975157258859 -0.86088341718025208 0.88622533803942172 1.6417879253725467 -1.3968135513546232 0.21791063385836187 -1.65040016949401 -1.6569579104576142 -0.74091628689937272 -0.42558623387072275 0.838777495950635 -0.27453228143944725 -0.78959950194656903 -0.061326104024129212 -1.6991756006331307 -0.97737663858728185 0.56702574380434145 -0.24574132204540317 -0.097045033374803302 0.04538699579894135 -0.2515600061845073 -0.28672666503328564 -1.4762916065280647 -0.19861310351803957 0.86251764409700959 0.5150921703456065 0.092347011139241195 -0.078881259048058081 1.2922653456945496 -1.3174295153010314
decision_type=2 2 2 2 2 2 2 2 2 2 2 2 2 2 2 2 2 2 2 2 2 2 2 2 2 2 2 2 2 2
left_child=1 4 6 19 -1 8 20 -8 11 13 -11 14 -13 -10 -3 16 17 -7 -18 28 29 22 -17 -21 25 -9 -26 -23 -4 -2
right_child=2 5 3 -5 -6 15 7 24 9 10 -12 12 -14 -15 -16 21 18 -19 -20 23 -22 27 -24 -25 26 -27 -28 -29 -30 -31
leaf_value=0.0086806960137524244 0.0087540141051057618 0.0083309511576246213 -0.0035746786009502015 -0.008037127410357588 0.0042775737090435164 -0.0059641720105040484 -0.0065076470446898994 -0.0011176271832769803 -0.00063422812102025699 0.0012235247936862928 0.0061541107839496517 -0.014900154929119494 0.0019372934185545754 -0.010029430457038893 0.0031689473030841317 0.0056548090651613063 -0.0068713888870110427 0.0082354762110020633 0.0058444582086160561 -0.010567798913838701 0.012276601495965288 -0.0037765860537487292 0 -0.0052596591202162205 -0.0025434313431332012 -0.0032399937079711045 0.012167150334918105 0.00091248166017739423 0.0081759987112618587 -0.0017490379314246587
leaf_weight=52.11384479701519 6.0236080884933534 32.89443601667881 219.04543873667717 140.45239293575287 610.56010738015175 6.110514670610427 33.069191575050354 556.46464703977108 83.462510630488396 344.41674117743969 53.022353142499924 5.5223700106143978 14.83072307705879 10.379911512136458 163.09121245145798 21.689652904868126 12.375529989600183 33.779517486691475 7.8570217490196219 25.073012307286263 6.4507578462362281 80.0075563788414 253.07624612748623 158.40305291116238 5.4817618727684003 246.77694725990295 6.2969972193241119 38.92601490020752 3.6572708785533896 18.836158737540245
leaf_count=378 25 144 1179 1050 3292 26 152 2368 358 1449 237 23 63 42 709 95 51 141 33 141 27 323 1071 893 28 1171 30 157 20 80
internal_value=-5.33205e-07 0.00244295 -0.00312679 -0.00545787 0.00462661 0.00119589 -0.0016762 -0.00185823 0.00187717 0.00119935 0.00188521 0.00341053 -0.0026328 -0.00169365 0.00404425 0.000131233 0.00335013 0.00602584 -0.00187973 -0.00456177 0.00321253 -0.000358518 0.000450177 -0.00599585 -0.00166758 -0.00177124 0.00527297 -0.00223401 -0.00337364 0.0007807
internal_weight=3250.15 1824.12 1426.03 546.631 662.674 1161.44 879.4 848.09 707.62 491.282 397.439 216.339 20.3531 93.8424 195.986 453.822 60.1226 39.89 20.2326 406.179 31.3105 393.699 274.766 183.476 815.02 803.242 11.7788 118.934 222.703 24.8598
internal_count=15756 8592 7164 3283 3670 4922 3881 3749 3025 2086 1686 939 86 400 853 1897 251 167 84 2233 132 1646 1166 1034 3597 3539 58 480 1199 105
is_linear=0
shrinkage=0.01


Tree=146
num_leaves=31
num_cat=0
split_feature=13 2 13 14 0 0 13 9 19 15 20 7 2 20 28 15 14 2 19 0 23 13 20 28 6 28 14 20 10 7
split_gain=243.8 58.2916 37.5192 9.9178 9.14995 8.90341 6.86815 6.36401 7.10335 6.00068 5.9945 5.81511 7.80883 7.45971 8.18128 5.80715 5.29945 5.24701 5.10028 5.0851 8.13167 7.98154 6.86719 5.04715 5.93599 7.22637 5.29365 5.11767 5.03235 9.69953
threshold=0.066292827128768092 -0.86088341718025208 1.2850967815328296 -0.45726127700065849 -1.3968135513546232 0.71556928069885861 -0.87792337055845782 0.91337706774660166 0.46641683535420775 -0.63566040546516989 1.1578033087262396 -1.318067527780691 -0.50013542311552472 -1.2913752060745014 0.07606179615660523 -1.1682280271607357 -0.16121366754818781 1.8425486763999241 -1.3792723007190479 -0.89358875114177017 -0.90856959363444889 -1.2045245671321705 1.1334884176108668 0.6759513163591736 1.1217646478815124 -0.14706632520184074 1.8028469518953714 -1.6290265078537154 -2.4405923957375211 -1.6543033131846168
decision_type=2 2 2 2 2 2 2 2 2 2 2 2 2 2 2 2 2 2 2 2 2 2 2 2 2 2 2 2 2 2
left_child=1 4 5 6 -1 28 9 10 -9 -3 -8 13 -13 14 -5 -14 -15 23 -7 20 21 -6 -22 24 25 -4 -25 -26 -2 -30
right_child=2 3 17 11 19 18 7 8 -10 -11 -12 12 15 16 -16 -17 -18 -19 -20 -21 22 -23 -24 26 27 -27 -28 -29 29 -31
leaf_value=0.0086444053955759634 -0.0072107628475116545 -0.012459087963235445 0.0039562956354263178 0.0042908323138262199 0.005955678659463848 0.0023750177127158292 0.0021870662724677728 -0.0086406607093315897 0.0006458695807346344 0.00045468401006837952 0.0060823237959891571 -0.011124095095011588 0.0030095122010591379 0.0097285238495054705 -0.0080069041859762817 -0.00016337704128770197 0.00065347728639690995 -0.0085097915019406289 -0.0039273537005026955 0.0074270671847248828 0.0049773946431112531 -0.000112376947872342 0.00083584662715863081 -0.0094993279916186953 0.0018784318905668369 -0.010166592812224443 0.0020360179323896991 -0.005985331641391708 0.0058493143929466106 -0.0017873098150116295
leaf_weight=51.811244443058968 16.193079799413681 5.8785852938890448 14.560884028673174 12.577172487974169 29.463279396295547 13.051602512598036 437.51826892793179 9.9663340896368009 44.525750577449799 8.6681095063686353 43.785313904285431 6.1411433964967719 63.005835399031639 19.773872777819637 9.3009998649358732 668.32917630672455 9.9003250002861005 96.859435349702835 360.35044939815998 47.071133643388748 407.5171500146389 80.092112064361572 45.102448254823685 44.089647307991982 8.6171896904706937 4.7045502364635459 4.1833555549383155 124.52660442888737 17.006925195455551 541.38111287355423
leaf_count=378 72 28 81 54 164 59 1945 41 186 41 195 25 256 84 38 2708 40 740 1905 249 2235 407 237 279 49 28 30 774 70 2358
internal_value=-5.25003e-07 0.00216165 -0.00347388 0.000961314 0.00459164 -0.00249936 0.00199179 0.00217742 -0.00104699 -0.00474517 0.00254469 0.000241134 1.25882e-05 0.00348486 -0.00090441 0.00010898 0.00674673 -0.00657353 -0.00370381 0.00424398 0.00397441 0.00151436 0.00456718 -0.00563023 -0.00471709 0.000421209 -0.00847686 -0.00546785 -0.00171437 -0.00155192
internal_weight=3245.95 2000.43 1245.52 1339.37 661.057 947.983 550.342 535.796 54.4921 14.5467 481.304 789.029 737.476 51.5524 21.8782 731.335 29.6742 297.542 373.402 609.246 562.175 109.555 452.62 200.682 152.409 19.2654 48.273 133.144 574.581 558.388
internal_count=15756 9311 6445 5641 3670 4464 2436 2367 227 69 2140 3205 2989 216 92 2964 124 1981 1964 3292 3043 571 2472 1241 932 109 309 823 2500 2428
is_linear=0
shrinkage=0.01


Tree=147
num_leaves=31
num_cat=0
split_feature=4 2 0 2 0 7 26 1 1 15 3 18 15 16 15 17 17 22 8 11 22 20 4 16 10 7 9 9 16 27
split_gain=239.317 48.0823 45.4661 12.4845 9.08731 8.221 7.4063 7.15865 9.56958 10.9444 10.6447 8.16001 11.3743 7.08472 7.02418 8.31868 7.9707 7.74377 7.50499 9.50643 6.73597 5.98801 6.52642 5.9703 5.94184 9.70091 7.30498 16.9981 5.05744 4.86388
threshold=-0.069633975157258859 -0.86088341718025208 0.87491240147604554 1.6417879253725467 -1.3968135513546232 0.21791063385836187 2.1281499207500025 -0.74091628689937272 -0.42558623387072275 0.838777495950635 0.073662870890956314 -0.27453228143944725 -0.78959950194656903 -1.6991756006331307 -0.97737663858728185 0.56702574380434145 -0.29047832872506413 -0.097045033374803302 0.81784163561906187 0.83464204928484131 -1.6952643043878195 1.2979015210512472 0.47264445685204176 1.2044727671789706 -2.1126536489319832 -1.7230627315003029 0.1428318911073421 0.24424747461765642 2.3082959666201797 1.2679150237175738
decision_type=2 2 2 2 2 2 2 2 2 2 2 2 2 2 2 2 2 2 2 2 2 2 2 2 2 2 2 2 2 2
left_child=1 4 6 24 -1 7 20 11 10 -10 -9 13 -13 -3 15 16 -7 -17 29 -20 -2 22 -22 -23 25 -4 -26 -28 -6 -16
right_child=2 5 3 -5 28 14 -8 8 9 -11 -12 12 -14 -15 18 17 -18 -19 19 -21 21 23 -24 -25 26 -27 27 -29 -30 -31
leaf_value=0.0086082326007723454 -0.0061761675485168671 0.0082494383283797743 -0.0098465850138524623 -0.0079664610877112456 0.0043207610930475039 -0.001667832231598056 -0.0089439177310121024 -0.00076844638679925126 0.0012014989106673873 0.0060919316120682477 -0.014193965677683417 -0.014736076597881089 0.0019070482138061357 0.0031284521066481268 -0.0012944014156050457 -0.0068171173231522889 0.0085471225152691475 0.0057828085632415527 0.0027201284273020731 -0.0015595977681936266 -0.00040532258486858846 -0.0055840008914692296 -0.0022953720442906241 0.0018702862867849379 -0.0062628109997206185 0.010020629397017689 0.0079029955526330048 -0.0041407091234677744 -0.003318808964099404 -0.0066976694746268177
leaf_weight=51.510598570108414 30.622219264507294 32.808870315551758 3.694882944226265 138.95658582448959 599.34533698856831 10.01237080991268 13.793269842863081 87.574041232466698 344.23888620734215 52.90013661980629 6.2554978877305976 5.5342719852924374 14.81973937153816 162.90247011184692 162.71294102072716 12.379771545529367 29.829694762825966 7.8493531048297873 122.67623296380043 89.526078626513481 472.17087478935719 57.300926461815834 299.65882404148579 12.938447088003157 165.56734718382359 6.7744626849889737 12.274103999137877 207.89354863762856 8.5753167569637281 18.631338179111481
leaf_count=378 140 144 21 1050 3249 42 66 374 1449 237 26 23 63 709 679 51 125 33 516 373 1966 264 1407 58 927 37 68 1160 43 78
internal_value=-5.10122e-07 0.00240044 -0.00307501 -0.0053773 0.00455709 0.00117397 -0.00168357 0.00184811 0.00117705 0.00185681 -0.00168831 0.0033671 -0.00261926 0.00399581 0.000120836 0.00330458 0.0059573 -0.00187448 -0.000363308 0.000909959 -0.00156666 -0.00139713 -0.00114062 -0.00419596 -0.00446493 0.00288758 -0.00466778 -0.00346146 0.00421082 -0.00185843
internal_weight=3241.73 1820.08 1421.65 535.161 659.431 1160.65 886.485 707.034 490.969 397.139 93.8295 216.065 20.354 195.711 453.618 60.0712 39.8421 20.2291 393.547 212.202 872.691 842.069 771.83 70.2394 396.204 10.4693 385.735 220.168 607.921 181.344
internal_count=15756 8592 7164 3263 3670 4922 3901 3025 2086 1686 400 939 86 853 1897 251 167 84 1646 889 3835 3695 3373 322 2213 58 2155 1228 3292 757
is_linear=0
shrinkage=0.01


Tree=148
num_leaves=31
num_cat=0
split_feature=14 14 13 13 0 3 15 10 7 16 16 8 6 8 16 27 15 25 15 27 26 27 27 8 10 27 7 18 0 28
split_gain=235.013 54.9833 37.9389 10.2913 9.31476 7.1457 8.06532 7.23637 9.50306 8.45461 12.3607 6.71083 7.44652 6.45458 6.23181 6.1355 7.97203 7.32101 6.13345 5.43503 10.5462 5.68881 5.3811 7.42505 5.81224 7.41908 5.371 5.22788 5.22454 5.21477
threshold=0.043980552094585033 -0.76157425996426065 1.2850967815328296 -1.2280265127299848 0.54571841607728444 -0.96137509970956414 -1.1682280271607357 0.05713972416283538 -0.31402832788562035 -1.6991756006331307 -0.18443688128746324 -1.7376012907443976 1.2615059893688987 -0.74770678500310372 2.3082959666201797 0.73405799363879332 -1.1153441623703659 1.1441099668179142 0.79616937022357914 -1.5480169374516077 -0.68493352328181567 -1.386930799045758 0.72383643856223367 -0.81409798715327519 -1.1517886526818033 -0.24790594446775852 1.6725080510490888 -0.20150156093124477 1.9409653875896897 0.6759513163591736
decision_type=2 2 2 2 2 2 2 2 2 2 2 2 2 2 2 2 2 2 2 2 2 2 2 2 2 2 2 2 2 2
left_child=1 3 4 26 22 7 -7 9 -9 -3 -11 12 -6 -10 19 17 -17 -8 -13 20 -5 -21 24 27 -2 -26 -1 -24 29 -4
right_child=2 5 28 14 11 6 15 8 13 10 -12 18 -14 -15 -16 16 -18 -19 -20 21 -22 -23 23 -25 25 -27 -28 -29 -30 -31
leaf_value=0.0065315915806699034 -0.0050462898954574528 0.009524661609430031 -0.0047650616025652947 -0.014523513048490514 0.011725362735729888 0.0036891818461321263 0.00084433208238803893 -0.0089683234455788501 -0.0036754264584224717 0.00070014614298721583 0.0079111156813892435 -0.003018842151263136 -0.0041310282297417769 0.0040294031027676763 -0.0054823978440428035 -0.012198332422248732 -0.00085358911173359533 -0.0066914614932555676 -0.0060269493787563026 0.008602618019296418 0.0021985697814689625 0.0036721800792049205 0.0066630057564369908 -0.001008455637844037 -9.4677806059508855e-05 -0.0033656841589750066 -0.0044044270141316679 -0.003265951716111536 -0.0087317999463500991 -0.0084061949777045498
leaf_weight=184.72531850636005 54.288900539278984 21.651424035429955 162.57970277965069 4.518203184008601 6.0583421438932401 71.783175870776176 665.50226880609989 10.513463884592054 16.065464809536934 86.105087399482727 32.94774255156517 411.03627559542656 5.5096425861120224 32.683152794837952 7.3299892246723166 6.2815697938203803 235.2602608948946 13.02175162732601 82.380352467298508 24.799838736653328 20.295519143342972 530.94960649311543 24.95494352281094 96.859981089830399 166.44713997840881 119.56831169128418 4.4272021502256385 6.5118122100830069 78.843058213591576 53.704625859856606
leaf_count=1165 233 94 1017 23 25 299 2757 44 68 368 141 2103 25 135 34 26 974 54 431 130 105 2765 103 405 709 508 24 27 610 354
internal_value=-5.33014e-07 0.00216191 -0.00335695 0.00423165 -0.00240281 0.000811385 0.000462353 0.00253652 -0.000379087 0.00377102 0.00270913 -0.00334642 0.00411684 0.00146742 0.00357376 0.000209136 -0.00115769 0.000697272 -0.00352422 0.00369075 -0.000852204 0.0038955 -0.00138337 0.000354813 -0.00204168 -0.00146631 0.00626815 0.00457277 -0.00649935 -0.00567726
internal_weight=3237.6 1968.86 1268.74 777.046 973.616 1191.82 991.849 199.966 59.2621 140.704 119.053 504.985 11.568 48.7486 587.893 920.066 241.542 678.524 493.417 580.563 24.8137 555.749 468.631 128.327 340.304 286.015 189.153 31.4668 295.127 216.284
internal_count=15756 9206 6550 4246 4569 4960 4110 850 247 603 509 2584 50 203 3057 3811 1000 2811 2534 3023 128 2895 1985 535 1450 1217 1189 130 1981 1371
is_linear=0
shrinkage=0.01


Tree=149
num_leaves=31
num_cat=0
split_feature=6 2 13 7 2 0 3 15 3 11 6 19 17 16 8 11 8 17 22 13 6 3 3 2 0 16 22 22 16 19
split_gain=230.812 47.9793 44.2353 13.2358 12.1841 9.01236 8.144 7.46145 7.40036 7.75114 7.60677 7.38997 9.64348 7.40078 6.92609 9.89155 6.38038 8.19896 5.92394 5.96158 7.60396 5.30326 7.1214 11.8436 5.05499 5.99851 5.57755 4.69976 4.5699 5.92519
threshold=-0.044263638409454818 -0.86088341718025208 0.88622533803942172 0.21791063385836187 1.6417879253725467 -1.3968135513546232 1.5388319076198136 -0.92350901412707243 1.2395824601757022 0.91224127803250976 -0.47564102154669602 -1.6158737547060038 -0.2515600061845073 -1.5841071089706882 0.81784163561906187 0.83464204928484131 -0.41478856289857441 0.50959900547936277 -1.6952643043878195 0.86251764409700959 0.5150921703456065 0.45121575534737079 0.33366647691381618 1.456330594421589 -0.89358875114177017 2.3082959666201797 -0.86724133309545082 -1.4762916065280647 -0.87674376142977251 -0.43165557820371747
decision_type=2 2 2 2 2 2 2 2 2 2 2 2 2 2 2 2 2 2 2 2 2 2 2 2 2 2 2 2 2 2
left_child=1 5 11 6 21 28 8 16 9 -3 -10 12 13 -2 27 -16 -5 -18 -13 20 -20 22 -4 -24 25 26 -7 -9 29 -1
right_child=2 3 4 7 -6 24 -8 14 10 -11 -12 18 -14 -15 15 -17 17 -19 19 -21 -22 -23 23 -25 -26 -27 -28 -29 -30 -31
leaf_value=0.0081620691620601041 0.010685453792212776 0.0018532567057711377 -0.0040431723810330621 -0.0077785349402237853 -0.007896347300820122 0.0019228052366603962 0.012556731598403006 0.0060193369848563147 0.0033104533517496911 0.0069015642701243255 -0.011437059455251326 -0.0062203028382631174 0.013036537960876695 -0.0022461206446315204 0.0023548712782040251 -0.0017343082105842921 0.0058956378182106854 -0.00070218852458108242 -0.0011071407012478776 0.0053385459059256983 -0.0032393537223608065 -0.0061922586348435761 0.0082516689793001186 -0.012015112376595928 0.0073301301102902663 -0.0046438252350345941 0.0044949146997196208 -0.0021838135979824684 0.0099527615393715154 -0.0082334794888569759
leaf_weight=5.8066683113574982 5.3377913981676128 599.50391519069672 266.37630604207516 5.320812225341796 137.48532521724701 106.15499587357044 7.2653877288103095 7.0801133066415778 5.8797504901885977 32.142585277557373 8.122984439134596 29.966386303305626 7.1892048865556708 23.625678911805153 137.06796188652515 103.69864751398563 49.389997884631157 29.970258787274361 525.57004041969776 11.748098313808439 247.05420507490635 121.20147679746151 11.11067098379135 3.7591972947120658 46.714490130543709 7.9586342871189109 444.47033189237118 201.40594372153282 41.800313517451286 3.3818774074316007
leaf_count=43 22 2579 1459 22 1050 564 31 31 26 138 34 138 30 100 576 433 206 124 2241 58 1178 690 61 23 249 40 2439 836 310 25
internal_value=-5.61512e-07 0.00231959 -0.0030768 0.00111853 -0.00531601 0.0044896 0.00207343 -4.74571e-05 0.00195199 0.00211278 -0.0051941 -0.0016536 0.00275402 0.000131248 -0.000562671 0.000589513 0.00267152 0.00339365 -0.00185082 -0.00168184 -0.00179056 -0.00443029 -0.00366549 0.00301526 0.00414495 0.00387552 0.00400129 -0.00189769 0.00854524 0.00199629
internal_weight=3233.56 1843.14 1390.42 1186.85 539.933 656.287 652.915 533.934 645.649 631.647 14.0027 850.491 36.1527 28.9635 449.253 240.767 84.6811 79.3603 814.339 784.372 772.624 402.448 281.246 14.8699 605.298 558.584 550.625 208.486 50.9889 9.18855
internal_count=15756 8706 7050 5036 3283 3670 2808 2228 2777 2717 60 3767 152 122 1876 1009 352 330 3615 3477 3419 2233 1543 84 3292 3043 3003 867 378 68
is_linear=0
shrinkage=0.01


Tree=150
num_leaves=31
num_cat=0
split_feature=13 14 13 13 4 18 18 20 26 17 7 5 5 5 8 26 29 23 26 15 5 14 25 16 21 19 16 26 22 7
split_gain=226.631 54.7985 35.9205 10.1395 7.79379 7.80541 8.61898 8.76882 8.10543 7.75926 7.39272 7.20613 6.61939 9.83107 9.21684 7.57914 7.57419 8.43566 7.22743 7.18501 8.59378 7.46981 6.35016 6.16392 6.30505 5.90897 5.63776 5.76967 5.43291 5.29628
threshold=0.066292827128768092 -0.76157425996426065 1.2850967815328296 -1.2280265127299848 0.47264445685204176 -0.55076076759549253 -0.8349358560168193 0.19669298515177214 -0.6459830862641428 -1.5039790479353716 0.78499839930443682 1.3729838890386648 -0.55158007956031996 -0.58892326100887715 -0.67398190849607764 1.0515030434618176 0.79338041901836753 -0.89440946716909686 1.5357928846728925 -1.1248545534271128 0.63938227622822297 0.056413382916100333 0.23464588906001241 -1.8527991044172576 0.46313320588284462 -0.9888893457164204 2.3082959666201797 -0.23377131246110197 -1.6569579104576142 1.6725080510490888
decision_type=2 2 2 2 2 2 2 2 2 2 2 2 2 2 2 2 2 2 2 2 2 2 2 2 2 2 2 2 2 2
left_child=1 3 4 29 11 6 7 -6 -7 -5 -8 23 13 15 16 25 17 -14 -17 20 -16 -21 -13 -2 -25 -3 27 -11 -10 -1
right_child=2 12 -4 9 5 8 10 -9 28 26 -12 22 14 -15 19 18 -18 -19 -20 21 -22 -23 -24 24 -26 -27 -28 -29 -30 -31
leaf_value=0.0064605869499656347 -0.0090116703583034904 0.0035878556767167192 -0.0064250944138119614 0.0079526766361179297 -0.0017375051114935673 -0.0062857605675022046 0.00056764754239494223 -0.0097836753232466798 -0.008944153821715102 0.0020144089363603743 0.011884491376267646 -0.0090124395197790849 -0.01170833331570177 0.0092223958179556594 0.0038031723820660915 -0.0054743788316063855 -0.012279565963120633 0.00082475832248539937 0.0021727713604530307 0.00041048624889018613 -0.0079172287645926983 -0.0041401889749228208 -0.00072861070790960906 -0.001430938420325861 0.001692604629887115 0.00070624280351291369 -0.0053854368285179057 0.0041499590816840405 -0.0027367547517202608 -0.0043979934594238343
leaf_weight=183.4152043312788 8.7928911447525007 144.00699953734875 292.74624466896057 37.143147855997086 97.484486624598503 105.20855908095837 47.116155713796616 15.76419413089752 14.924793079495428 208.34981898963451 6.5202576369047156 21.259215146303177 6.7808595448732403 17.463256493210793 94.089105263352394 27.599898397922516 9.2748475372791273 23.904624104499817 22.009593188762665 686.58461394906044 6.5582469850778571 37.952549964189529 16.855779185891151 232.22400318086147 89.212276086211205 142.74226158857346 7.3515917509794226 333.0024237036705 288.77379356324673 4.4283446520566931
leaf_count=1165 38 620 1981 217 458 548 228 81 77 1070 33 96 28 72 389 115 38 99 92 2832 27 154 75 989 377 599 34 1736 1464 24
internal_value=-5.44976e-07 0.00208618 -0.00336304 0.00416782 -0.00241195 -0.0031398 -0.0013072 -0.002874 -0.00388479 0.00351451 0.00198153 -0.00127092 0.000763895 0.0019165 0.000291187 0.00153159 -0.00439049 -0.00194135 -0.00206401 0.000519618 0.00302244 0.000170195 -0.0053867 -0.000791364 -0.000560655 0.00215764 0.00321086 0.00333042 -0.00304794 0.00619708
internal_weight=3229.54 1992.66 1236.88 773.691 944.136 575.792 166.885 113.249 408.907 585.847 53.6364 368.344 1218.97 353.822 865.145 336.359 39.9603 30.6855 49.6095 825.185 100.647 724.537 38.115 330.229 321.436 286.749 548.704 541.352 303.699 187.844
internal_count=15756 9311 6445 4246 4464 2889 800 539 2089 3057 261 1575 5065 1498 3567 1426 165 127 207 3402 416 2986 171 1404 1366 1219 2840 2806 1541 1189
is_linear=0
shrinkage=0.01


Tree=151
num_leaves=31
num_cat=0
split_feature=6 0 0 0 7 0 26 15 15 20 26 26 10 7 3 3 11 6 9 9 25 23 22 17 26 28 23 29 22 26
split_gain=222.579 46.3259 41.6551 11.2551 9.91549 9.23193 8.45704 7.12479 10.196 7.12589 6.85417 8.36831 6.68949 8.05598 6.51441 7.00699 8.77105 7.43867 6.32774 15.6938 6.31395 6.02035 5.98874 5.90522 5.3353 6.97799 5.3672 5.29814 8.01748 5.22393
threshold=-0.044263638409454818 -0.83258579475241201 0.87491240147604554 1.7260857700112062 0.21791063385836187 -1.3968135513546232 2.1281499207500025 0.36238992352579208 0.45353763851272749 0.26635339257526919 -0.19038396958621032 0.40501777931956418 -2.1126536489319832 -1.7230627315003029 1.5388319076198136 1.2395824601757022 0.91224127803250976 -0.47564102154669602 0.1428318911073421 0.21978300806009099 0.74127466022611899 -0.6003576521956665 -1.6952643043878195 0.36230013104611275 -0.4010927052396141 -0.45716068730022758 -2.0006172962931035 0.48979329231856322 -0.61489235339231951 -0.21074436080714951
decision_type=2 2 2 2 2 2 2 2 2 2 2 2 2 2 2 2 2 2 2 2 2 2 2 2 2 2 2 2 2 2
left_child=1 5 6 12 14 -1 22 10 -9 -10 20 -12 13 -4 15 16 -3 -17 21 -20 -6 -14 24 -15 25 -2 -26 -24 -29 -7
right_child=2 4 3 -5 7 29 -8 8 9 -11 11 -13 18 23 -16 17 -18 -19 19 -21 -22 -23 27 -25 26 -27 -28 28 -30 -31
leaf_value=0.0084827697149789955 -0.0071316988553984644 0.0016717702597693438 -0.0077870547725445083 -0.0079690461772271258 0.0038650814703229982 0.0029255819135140127 -0.0097904954632692838 -0.0094352984526388482 -0.0097650358978176328 -0.00034630433048460314 -0.0028575499677382034 0.0013027788211753108 -0.0090296039547053328 0.016880851311786699 0.011175534028311163 0.0032700964098170623 0.0069907666393518465 -0.011313890598932921 0.0085326652473886721 -0.0041324983667631997 -0.00082692129925379177 -0.0048784340763533083 -0.0019601685615688027 -0.00054080086796154056 0.00051165168491096086 0.0083226035778523662 -0.011709017714106172 0.0025962031571488253 -0.0012569064282784536 0.0047896648654315761
leaf_weight=50.474035203456879 6.6278858184814453 571.94503638148308 4.3101283311843872 117.99835334718227 104.13719640672207 262.00426034629345 12.565486416220663 14.917503416538237 8.3759134560823423 160.82661607861519 77.675396353006363 127.46979065239429 51.111168622970581 4.2064884752035123 7.4498291909694663 5.8713092505931845 32.848963052034378 8.1346837729215604 10.103378966450689 217.93282924592495 39.079438671469688 119.59007334709167 531.63675907254219 3.3416972160339355 4.457644164562228 5.0544342100620288 15.508957251906393 72.627661556005478 209.12207692861557 368.10798078775406
leaf_count=378 31 2437 26 915 432 1418 61 62 34 676 324 532 293 23 32 26 142 34 57 1244 162 685 2353 20 21 22 71 318 910 2017
internal_value=-5.67011e-07 0.00227955 -0.00302669 -0.00523538 0.00106197 0.00435062 -0.00166371 5.67862e-05 -0.00153182 -0.000823952 0.000899482 -0.000268225 -0.00444558 0.00288452 0.0019149 0.00180001 0.00196343 -0.00514955 -0.00466675 -0.00356348 0.00257812 -0.00613179 -0.00154054 0.00913104 -0.00581174 -0.000346531 -0.0089419 -0.00137243 -0.00025956 0.00401674
internal_weight=3225.51 1839.32 1386.2 528.594 1158.73 680.586 857.601 532.482 184.12 169.203 348.362 205.145 410.596 11.8583 626.25 618.8 604.794 14.006 398.737 228.036 143.217 170.701 845.035 7.54819 31.6489 11.6823 19.9666 813.386 281.75 630.112
internal_count=15756 8706 7050 3263 4893 3813 3787 2222 772 710 1450 856 2348 69 2671 2639 2579 60 2279 1301 594 978 3726 43 145 53 92 3581 1228 3435
is_linear=0
shrinkage=0.01


Tree=152
num_leaves=31
num_cat=0
split_feature=13 14 13 2 0 19 6 5 5 8 28 10 26 3 29 1 17 23 8 0 17 7 7 26 25 5 28 20 26 28
split_gain=218.556 53.0974 35.1451 10.1026 8.12857 7.08821 6.74317 7.34017 11.9307 8.62144 7.53826 7.2439 6.92673 6.48029 5.71219 5.32246 6.0215 5.47097 5.32039 5.22286 5.57813 6.92129 5.21893 6.93515 6.07972 5.19572 4.79345 5.79463 4.71331 6.81437
threshold=0.066292827128768092 -0.76157425996426065 1.2850967815328296 -1.3706774009881311 0.68000513902760484 -1.3792723007190479 -0.044263638409454818 -0.55158007956031996 -0.61986800157746846 -0.67398190849607764 0.70158722080366986 -1.3261802707304409 1.1034657475959799 -0.010089673193525378 -0.86701573693082279 -1.1468700869148629 -1.2435981248484091 -1.0149082748055387 -1.4170423952418705 1.9409653875896897 -1.9414763293544854 -0.63683597436583184 -1.1016845042270307 0.53240442845316094 -1.07984193898805 -0.88606515568191813 0.6759513163591736 -1.6723943063216959 -0.88295768276908804 -1.2851587605247279
decision_type=2 2 2 2 2 2 2 2 2 2 2 2 2 2 2 2 2 2 2 2 2 2 2 2 2 2 2 2 2 2
left_child=1 3 4 -1 28 14 7 8 13 12 -10 -11 -9 -3 -6 -5 25 -18 -8 20 21 -4 23 -20 -24 -17 27 -22 29 -2
right_child=2 6 19 15 5 -7 18 9 10 11 -12 -13 -14 -15 -16 16 17 -19 22 -21 26 -23 24 -25 -26 -27 -28 -29 -30 -31
leaf_value=0.0077639193087558223 -0.00035424723935449101 0.0014966368946742923 -0.0065117193412048959 0.0061396219729633363 0.011206251016829302 -0.0037421765605769003 -0.010275204757373282 -0.0068034632047988298 0.011747097580502032 0.011597251097025404 -0.0013216032987465134 0.00066613879764628999 0.0051610976020972886 0.010787758034257197 -0.0011716732469880897 0.0032287240298108158 0.0015842995721783049 0.0040144824681852074 0.0053497664608458282 -0.0086097426990277733 0.0049677402287802023 0.013424925491430111 -0.0061861730687920993 -0.0053662294840314193 -0.00061151750705886745 -0.01034096496705315 -0.0085142769563582351 -0.0053018189614822834 -0.0010940371259648078 -0.0053713628261190006
leaf_weight=69.170104473829269 45.389728307723999 257.13590495288372 3.3710854649543762 82.72892253100872 5.4525851756334331 379.49228669703007 5.9318485260009757 25.756427407264713 20.128504633903507 6.0280672609806052 5.4512042105197898 709.55939447879791 5.7782907187938681 7.6799337565898886 10.949066847562788 5.2012683749198914 116.2175959199667 491.26981957256794 25.684454903006554 77.151888072490692 5.5271317809820166 3.3381414562463751 23.494699090719223 7.7142361700534812 118.17019480466843 5.7794408202171308 50.922896787524223 150.14039440453053 432.29357260465622 68.712453842163086
leaf_count=504 200 1103 20 468 24 2014 24 107 84 27 23 2933 24 33 50 29 595 2619 104 610 33 20 95 31 477 31 342 956 1865 311
internal_value=-5.81648e-07 0.00204965 -0.0033091 0.00410471 -0.00236952 -0.00346274 0.000749357 0.00106054 0.00241039 0.00053428 0.00892883 0.000761227 -0.00457013 0.00177383 0.00292563 0.00374126 0.00341788 0.00355155 -0.0010285 -0.00635199 -0.00552701 0.00331228 -0.000703784 0.00283617 -0.00154682 -0.00385199 -0.00582038 -0.00492781 -0.0015751 -0.00338637
internal_weight=3221.62 1988.88 1232.74 770.367 942.29 395.894 1218.51 1037.52 290.396 747.122 25.5797 715.587 31.5347 264.816 16.4017 701.197 618.468 607.487 180.995 290.452 213.3 6.70923 175.064 33.3987 141.665 10.9807 206.59 155.668 546.396 114.102
internal_count=15756 9311 6445 4246 4464 2088 5065 4334 1243 3091 107 2960 131 1136 74 3742 3274 3214 731 1981 1371 40 707 135 572 60 1331 989 2376 511
is_linear=0
shrinkage=0.01


Tree=153
num_leaves=31
num_cat=0
split_feature=14 2 13 14 2 2 18 20 13 3 3 28 7 20 7 20 20 10 19 26 27 14 23 14 26 2 16 19 27 25
split_gain=214.567 51.0142 35.8582 8.75585 8.72585 8.65028 8.26533 6.98249 6.86777 6.58811 6.53918 6.53819 5.9052 6.9704 5.75782 7.06141 6.06673 5.74001 6.04711 5.95169 5.50725 6.63601 5.36821 10.5326 6.5931 5.1916 5.1462 5.03041 5.02287 5.21165
threshold=0.043980552094585033 -0.86088341718025208 1.2850967815328296 -0.45726127700065849 0.51157606918868004 -1.3706774009881311 -0.28449750448624117 1.5491165151651076 -0.87792337055845782 -0.25563513400135163 0.17311875767799942 -0.75540182452447102 -1.0000000180025095e-35 0.81363006965820228 -1.4128668774897528 -1.4970100676597846 -1.2913752060745014 0.96161202764439868 0.91083349021805671 1.3836708740247983 0.9837915919892728 0.52075684944654388 -1.1949359163774902 -0.95751173184489191 -1.1893120782015223 1.8425486763999241 0.66379826881550852 -1.0053299140520875 -1.1210498287743313 -1.2178670286822564
decision_type=2 2 2 2 2 2 2 2 2 2 2 2 2 2 2 2 2 2 2 2 2 2 2 2 2 2 2 2 2 2
left_child=1 5 4 8 20 -1 10 14 12 -8 26 -11 -3 -14 16 -16 -5 18 -10 -19 28 27 23 24 -7 -4 -6 -22 29 -2
right_child=2 3 25 7 6 22 9 -9 17 11 -12 -13 13 -15 15 -17 -18 19 -20 -21 21 -23 -24 -25 -26 -27 -28 -29 -30 -31
leaf_value=0.0077266627619888908 -0.0010022973857177677 0.0030756993323442583 -0.0053706043523218082 0.00077757851561680545 -0.0013166881545079664 -0.010358350729987422 -0.008088313506216185 -0.0039507658270650833 0.0028860656639025993 -0.0065430422516907271 0.0083869098641780014 -0.0028395760142876573 -0.018616460136489096 -0.00078948790458067183 -0.0079689341692147659 0.00034270310012679344 0.0079982721670665818 -0.003084642282095232 -1.9848981594503207e-05 0.0079091463299707111 0.0082086401197478363 -0.0078747074841291724 0.0043163211435174424 0.0086407328370327972 0.00054413413673807197 -0.0082815124557056429 -0.0063960379029349345 0.00090895925711028628 -0.0023697168408271115 0.0051491000031217687
leaf_weight=68.810884088277817 52.429946184158325 5.5522594600915918 196.05686210095882 28.581476986408234 177.5194293409586 6.1309668868780127 37.806510582566261 37.734345033764839 407.37311677634716 61.042130872607231 6.2500660717487326 229.70018729567528 4.4456364512443507 4.4937157183885574 10.27497114241123 664.28487457334995 19.969416916370392 34.868220552802086 86.050784856081009 5.5997148901224127 11.193428233265875 7.2755357772111884 510.24268439412117 15.449522346258162 49.531075954437256 93.205636665225029 22.574308156967163 60.76019498705864 283.90891712903976 18.510938704013824
leaf_count=504 224 27 1241 120 870 31 192 156 1828 324 32 1196 21 21 42 2698 84 144 371 24 46 31 2798 83 254 740 113 253 1209 79
internal_value=-5.75408e-07 0.00206843 -0.00322325 0.000930241 -0.00229883 0.00435834 -0.00315486 0.000234389 0.00189365 -0.00414178 -0.00157737 -0.00362255 -0.0048566 -0.00987353 0.000454684 0.000213455 0.0037784 0.00207962 0.00237736 -0.00152299 -0.00124119 0.00113379 0.00395668 0.00135965 -0.000655223 -0.00631455 -0.00189764 0.00206823 -0.00177445 0.000593728
internal_weight=3217.63 1959.39 1258.23 1309.23 968.972 650.165 534.893 760.845 548.383 328.549 206.344 290.742 14.4916 8.93935 723.111 674.56 48.5509 533.892 493.424 40.4679 434.079 79.2292 581.354 71.1116 55.662 289.262 200.094 71.9536 354.85 70.9409
internal_count=15756 9206 6550 5536 4569 3670 2727 3100 2436 1712 1015 1520 69 42 2944 2740 204 2367 2199 168 1842 330 3166 368 285 1981 983 299 1512 303
is_linear=0
shrinkage=0.01


Tree=154
num_leaves=31
num_cat=0
split_feature=6 2 2 2 26 0 10 2 0 8 8 8 26 23 16 26 2 2 8 10 28 28 27 17 26 0 23 18 20 15
split_gain=210.558 44.4802 40.2139 10.7075 9.38198 8.77221 8.61987 7.47594 12.5716 8.68351 6.91609 7.12969 9.92645 7.54843 6.75159 7.05154 6.48893 6.15283 7.55876 7.73932 6.50591 6.05194 5.29714 6.70618 5.23822 5.04295 7.90821 7.52894 6.81189 4.9039
threshold=-0.044263638409454818 -0.86088341718025208 0.95773589906861989 1.6417879253725467 2.1281499207500025 -1.3968135513546232 0.44680378044745267 -0.66946390298051184 -0.79661213533050768 -0.95699868350734951 -2.4226348730219462 -1.1850127991642705 1.2454313128248489 -1.9284315868749891 -0.65787604753370077 1.5357928846728925 -0.83586152389208312 0.51157606918868004 -1.7376012907443976 -1.9143239862588 -0.76994818657512043 0.70158722080366986 0.28816963621186065 1.2798312720454146 -0.84530197046265476 -0.89358875114177017 -0.90856959363444889 -1.1932816535820503 1.1334884176108668 -0.97737663858728185
decision_type=2 2 2 2 2 2 2 2 2 2 2 2 2 2 2 2 2 2 2 2 2 2 2 2 2 2 2 2 2 2
left_child=1 5 4 14 17 -1 10 8 16 -9 -3 12 -12 -13 15 -4 -8 22 19 -19 -20 24 23 -2 -16 26 27 -7 -28 -11
right_child=2 6 3 -5 -6 25 7 9 -10 29 11 13 -14 -15 21 -17 -18 18 20 -21 -22 -23 -24 -25 -26 -27 28 -29 -30 -31
leaf_value=0.008381908395730317 -0.001308717144112477 -0.015163163714955382 -0.0026152047592348572 -0.0077297150975592045 -0.0099634422974368472 0.010513880497181737 0.004549266725015111 -0.011683976791793411 0.0058954895392704168 0.0031512517078811008 0.0048610094883651438 -0.0085834555067098358 -0.0044758219641117206 0.0014071203904522166 -0.007077590313686568 0.010646969087100474 -0.007548637188115776 -0.0031031737169137643 -0.0055128221016466318 0.013349319890500229 -0.0021577490063943014 -0.0082908318869024198 0.00024635484226737505 -0.006465528159581093 -0.0033708187606120666 0.0071845367392711261 0.0047194225661907029 0.00051186914595197075 0.00056688126474946723 -0.0010097079723605559
leaf_weight=49.651633784174919 301.29485411942005 2.3298248648643485 84.914312779903412 134.03697316348553 13.562385782599447 8.0686133950948697 6.3713435381650951 7.1155916750431052 44.144806191325188 31.449751734733582 111.32152666151524 7.5231698751449576 12.493242606520651 677.81187078356743 53.598171472549438 4.085169941186904 13.576650097966192 5.3529703319072723 75.302052885293961 5.7833182513713819 258.71198078989983 51.564355581998825 223.06651119887829 27.590802580118179 141.10838402807713 46.175862804055214 400.13466528058052 100.11017189919949 44.478203803300858 270.88355073332787
leaf_count=378 1271 12 475 1050 67 44 31 29 199 130 500 31 55 2875 310 22 65 23 375 24 1273 306 926 119 809 249 2235 527 237 1109
internal_value=-5.88469e-07 0.00221964 -0.00295139 -0.00533011 -0.00172397 0.00432515 0.00106607 -0.000188564 0.00291379 -0.000835086 0.0016448 0.0016963 0.00390798 0.00129476 -0.00436578 -0.00198397 -0.0036313 -0.0015972 -0.00264594 0.00539473 -0.00291855 -0.00522132 -0.000939219 -0.0017462 -0.00439945 0.00398585 0.0037156 0.00127613 0.00430648 -0.000572665
internal_weight=3213.61 1833.64 1379.97 469.307 910.665 648.619 1185.02 373.542 64.0928 309.449 811.48 809.15 123.815 685.335 335.27 88.9995 19.948 897.102 345.15 11.1363 334.014 246.271 551.952 328.886 194.707 598.968 552.792 108.179 444.613 302.333
internal_count=15756 8706 7050 2972 4078 3670 5036 1563 295 1268 3473 3461 555 2906 1922 497 96 4011 1695 47 1648 1425 2316 1390 1119 3292 3043 571 2472 1239
is_linear=0
shrinkage=0.01


Tree=155
num_leaves=31
num_cat=0
split_feature=14 14 4 0 0 17 3 23 15 23 10 9 17 16 16 27 11 4 23 15 7 14 21 15 16 15 19 27 15 9
split_gain=206.819 49.3462 34.6678 9.84472 9.30837 6.81827 6.81609 7.94933 8.61938 7.14595 7.02074 9.46204 8.67213 8.26956 12.1203 6.36045 5.94667 5.59129 10.003 7.64494 5.45229 5.03019 5.05037 4.85307 4.8188 4.57546 7.0672 6.9302 5.84108 5.11574
threshold=0.043980552094585033 -0.76157425996426065 1.3299579684881662 -1.2044007760984523 0.71556928069885861 -1.8226612039470871 -0.96137509970956414 -1.9284315868749891 -1.1682280271607357 -0.48082532998718769 0.05713972416283538 -0.20293722818464327 -0.7545922531937912 -1.6991756006331307 -0.18443688128746324 0.73405799363879332 0.16060718689535677 -1.0199170013970111 -0.94968947710789797 -0.86627149034649065 1.6725080510490888 -1.4660554451643526 -1.0856551717113512 0.79616937022357914 -1.2130629392077374 1.7433204527533186 -1.5746346657417696 0.88325683392572618 0.36238992352579208 -2.0147718101443641
decision_type=2 2 2 2 2 2 2 2 2 2 2 2 2 2 2 2 2 2 2 2 2 2 2 2 2 2 2 2 2 2
left_child=1 3 4 20 25 -5 10 16 9 -9 13 -12 -13 23 -15 -10 -8 18 -7 -19 21 24 -23 -3 -1 26 28 -27 -2 -28
right_child=2 6 -4 5 -6 17 7 8 15 -11 11 12 -14 14 -16 -17 -18 19 -20 -21 -22 22 -24 -25 -26 27 29 -29 -30 -31
leaf_value=0 -0.0048172320094314923 0.012361105091673371 -0.0064158263442879804 0.0096526833983707101 -0.0035132615028584408 -0.0022723068029365488 -0.00050801821485480067 0.0068142594168604746 0.00075903918688957021 0.00030969438223955479 -0.013417535088082704 -0.0013557981821251388 0.0081887340575194367 0.00062147762064098636 0.0077747687987206006 -0.0011395647038277806 -0.01441820920977119 0.0079789122175413108 0.0029704498412938007 0.0033555939005892373 -0.0051407186032623765 0.0006309527677817073 0.0060351847505741357 0.0016247744347133383 0.011371022391205561 -0.0078020727563090858 -0.0090991176681841021 0.0029703316924552933 0.0069525333140320836 -0.001420123480491531
leaf_weight=4.1226345598697689 5.3753813654184368 15.398187607526781 260.95740143954754 16.524952486157417 393.5297961384058 45.670580372214317 6.3813367187976819 38.142485395073891 669.95598009228706 30.866411030292511 5.0318005830049506 41.986685261130333 12.174332305788992 85.880121961236 32.812951654195786 239.16252765059471 6.1356403380632401 41.532029062509537 174.59852384030819 277.90532006323338 4.2370295077562323 19.980960369110107 153.83789911866188 6.1373384445905677 27.086241602897644 24.508664086461067 8.7767226696014387 7.6703462302684775 17.377297222614288 535.87938332557678
leaf_count=31 23 67 1832 98 2113 227 27 159 2779 129 21 175 51 368 141 991 25 223 933 1442 23 122 939 27 208 111 40 33 74 2324
internal_value=-6.0193e-07 0.00203184 -0.00317064 0.00401262 -0.00231634 0.00331179 0.000756665 0.000415777 0.000518415 0.00392401 0.00244399 -0.000428482 0.000782333 0.00366308 0.00261232 0.000258402 -0.00746608 0.00311404 0.00187834 0.00396214 0.00586818 0.00610295 0.00542042 0.00936927 0.00984293 -0.00152865 -0.00131767 -0.00520208 0.00411922 -0.00154735
internal_weight=3209.64 1955.56 1254.07 765.496 993.118 556.231 1190.07 990.644 978.127 69.0089 199.421 59.1928 54.161 140.229 118.693 909.119 12.517 539.706 220.269 319.437 209.265 205.028 173.819 21.5355 31.2089 599.588 567.409 32.179 22.7527 544.656
internal_count=15756 9206 6550 4246 4718 2923 4960 4110 4058 288 850 247 226 603 509 3770 52 2825 1160 1665 1323 1300 1061 94 239 2605 2461 144 97 2364
is_linear=0
shrinkage=0.01


Tree=156
num_leaves=31
num_cat=0
split_feature=6 2 13 7 2 0 22 15 19 17 8 11 18 21 20 28 8 17 1 22 27 13 19 23 19 0 23 13 20 0
split_gain=203.122 43.1398 40.4957 12.2491 11.7845 8.6434 7.174 7.10856 7.03398 9.3711 6.82709 9.58573 6.69142 6.36049 7.82016 6.7889 6.21728 7.98172 6.09765 5.68791 6.80601 7.93424 6.89283 5.22274 5.13508 4.96934 7.69589 7.82884 6.69463 4.72979
threshold=-0.044263638409454818 -0.86088341718025208 0.88622533803942172 0.21791063385836187 1.6417879253725467 -1.3968135513546232 -2.1909796318538088 -0.92350901412707243 -1.6158737547060038 -0.2515600061845073 0.81784163561906187 0.83464204928484131 0.04538699579894135 1.1006421003784423 -0.37354886567913842 -1.7072640466508056 -0.41478856289857441 0.50959900547936277 -0.19861310351803957 -1.6952643043878195 0.73405799363879332 -0.15952985372055473 -1.1183390413508012 -2.0837150458119367 1.2922653456945496 -0.89358875114177017 -0.90856959363444889 -1.2045245671321705 1.1334884176108668 -0.79661213533050768
decision_type=2 2 2 2 2 2 2 2 2 2 2 2 2 2 2 2 2 2 2 2 2 2 2 2 2 2 2 2 2 2
left_child=1 5 8 6 12 -1 -3 16 9 -2 29 -12 24 15 -15 -8 -5 -18 -14 23 22 -22 -21 -10 -4 26 27 -7 -28 -9
right_child=2 3 4 7 -6 25 13 10 19 -11 11 -13 18 14 -16 -17 17 -19 -20 20 21 -23 -24 -25 -26 -27 28 -29 -30 -31
leaf_value=0.0083124255017949112 0.00016389038885065773 -0.010731112680995962 -0.0032191529823543414 -0.0077302136337719556 -0.0076646210294357879 0.00569895911686134 -0.0025752716019046868 -0.0086159799900724036 0.0022902826402098563 0.012880244495202638 0.0023063853055648969 -0.0017213629896239181 -0.010334574597667035 -0.0027208852730395095 0.0032578233341025789 0.0027006798244888944 0.0057682865195539433 -0.00074582798070950472 -0.0048937546357106084 -0.0055733612802227328 0.010210829831914008 -0.00040425658832937548 -0.0017846304353383142 -0.0081121154650433264 0.0086062236918274179 0.0071100654923418917 0.0046523843300346548 -0.00036703578791777707 0.00053134248632715484 -0.0015574515436011284
leaf_weight=49.089120641350746 28.912952616810799 4.2962683439254752 214.09328712522984 5.3245419710874549 132.71465258300304 28.866694316267967 25.295903295278549 9.9623120278120023 5.8206166625022915 7.201859012246131 136.85387909412384 103.6164411008358 24.329365238547325 55.881131410598755 35.755990102887154 529.72529928386211 49.276490792632103 29.947492927312851 154.03552833199501 53.229940786957741 7.1932157874107352 203.31301303207874 517.52695293724537 23.886275663971901 3.5982581079006186 45.900539100170135 398.22780041396618 79.139283582568169 44.395822286605835 198.37368269264698
leaf_count=378 122 18 1179 22 1050 164 107 48 28 30 576 433 141 239 152 2292 206 124 893 228 29 894 2326 110 20 249 2235 407 237 819
internal_value=-5.76033e-07 0.0021817 -0.00290374 0.00104677 -0.00507578 0.00426154 0.00196728 -7.49837e-05 -0.00154627 0.00275591 -0.000578016 0.000566715 -0.00420405 0.00205483 -0.000376137 0.002458 0.00258096 0.00329544 -0.00564687 -0.00173941 -0.00157387 -3.21038e-05 -0.00214064 -0.00603953 -0.00301524 0.00392518 0.00365663 0.00124874 0.00424151 -0.00190375
internal_weight=3205.78 1829.93 1375.86 1184.31 528.771 645.619 650.955 533.355 847.085 36.1148 448.806 240.47 396.056 646.658 91.6371 555.021 84.5485 79.224 178.365 810.97 781.263 210.506 570.757 29.7069 217.692 596.53 550.63 108.006 442.624 208.336
internal_count=15756 8706 7050 5036 3283 3670 2808 2228 3767 152 1876 1009 2233 2790 391 2399 352 330 1034 3615 3477 923 2554 138 1199 3292 3043 571 2472 867
is_linear=0
shrinkage=0.01


Tree=157
num_leaves=31
num_cat=0
split_feature=13 14 13 2 2 18 3 3 28 3 23 22 3 22 16 21 13 7 28 0 11 1 23 23 20 0 28 6 28 20
split_gain=199.514 49.1794 33.2425 9.70196 7.53902 8.0847 6.52691 6.41963 6.41491 6.28533 7.76818 6.99611 9.88537 9.2338 6.83383 12.575 8.68777 7.94181 7.70002 7.61195 5.81898 5.22798 5.47441 6.76856 6.11721 5.19853 5.23747 6.1622 7.29832 5.83621
threshold=0.066292827128768092 -0.76157425996426065 1.2850967815328296 -1.3706774009881311 0.51157606918868004 -0.28449750448624117 -0.25563513400135163 0.17311875767799942 -0.75540182452447102 -0.96137509970956414 -1.9284315868749891 0.19212378470989108 -0.85634304119164917 0.031997764507524951 -0.18443688128746324 1.1401994879840223 -0.29464142387194098 0.28525437389633718 1.4236170621745534 -0.23783955806215809 0.16060718689535677 -1.1468700869148629 -1.0149082748055387 -1.0446485474406753 1.4595711828009044 1.9409653875896897 0.6759513163591736 1.1217646478815124 -0.14706632520184074 -1.6723943063216959
decision_type=2 2 2 2 2 2 2 2 2 2 2 2 2 2 2 2 2 2 2 2 2 2 2 2 2 2 2 2 2 2
left_child=1 3 4 -1 -2 7 -7 -6 -8 14 20 13 -13 -12 16 19 17 -3 -18 -16 -11 -5 23 -23 -24 26 27 28 -4 -29
right_child=2 9 25 21 5 6 8 -9 -10 10 11 12 -14 -15 15 -17 18 -19 -20 -21 -22 22 24 -25 -26 -27 -28 29 -30 -31
leaf_value=0.0075864128383752961 -0.0012353876868639207 0.004567598279962011 0.0044837374565958625 0.0059891342308569656 -0.0018070669480549203 -0.007974892108281088 -0.0064195661889885269 0.0083843736717968739 -0.0027360936614924409 -0.00051055779413264096 0.0007285514236904894 -0.0084160190762178691 -0.0001890202892453927 0.004558180011654321 0.0052257590085110226 -0.0082771958321156032 4.4801970815087181e-05 -0.0077252755028729839 -0.010058081898958158 0.015655592408671037 -0.014272152607759167 0.0019406173070925967 0.0040897056089115062 -0.0079493548773811578 0.000244972316050596 -0.0084567241899872608 -0.0081301963468180319 0.0034694861329153254 -0.0099243503991158395 -0.0056297833760609638
leaf_weight=67.450011879205704 405.91256593167782 72.410171270370483 14.225592970848085 81.707945182919502 199.21650019288063 37.498085767030716 60.488328725099564 6.2502278685569754 228.35702401399612 6.3795737922191602 514.21149089932442 15.065498128533362 406.35030740499496 71.868131920695305 29.40341979265213 5.4062521904706946 66.676395446062088 5.5199987143278113 8.3792075067758542 9.4183005690574628 6.1385489255189896 109.04964649677277 450.62703578174114 7.2598433196544638 46.19423808157444 75.068051479756832 51.759785562753677 7.2434383481740943 4.5440611094236365 131.91971459984779
leaf_count=504 1737 322 81 468 983 192 324 32 1196 27 2132 63 1679 298 128 23 273 23 34 38 25 561 2449 37 227 610 354 43 28 865
internal_value=-5.80312e-07 0.00196071 -0.00317714 0.0039526 -0.0022663 -0.0030509 -0.00403093 -0.00148825 -0.00351288 0.000712252 0.000394995 0.000493537 -0.000487432 0.00120056 0.00234705 0.00581159 0.00133578 0.00367526 -0.00108166 0.00781549 -0.00739775 0.00359737 0.00327608 0.00130841 0.00373436 -0.00617118 -0.00534457 -0.00442074 0.000908491 -0.00514683
internal_weight=3202 1979.52 1222.48 762.289 937.723 531.81 326.343 205.467 288.845 1217.23 1020.01 1007.5 421.416 586.08 197.214 44.228 152.986 77.9302 75.0556 38.8217 12.5181 694.839 613.131 116.309 496.821 284.761 209.693 157.933 18.7697 139.163
internal_count=15756 9311 6445 4246 4464 2727 1712 1015 1520 5065 4224 4172 1742 2430 841 189 652 345 307 166 52 3742 3274 598 2676 1981 1371 1017 109 908
is_linear=0
shrinkage=0.01


Tree=158
num_leaves=31
num_cat=0
split_feature=0 14 13 13 17 4 10 19 6 10 10 11 6 14 6 23 20 20 7 28 25 11 20 6 14 11 17 25 4 29
split_gain=195.865 50.7246 30.9706 9.6519 7.58039 6.73639 6.87827 6.68656 7.3429 8.83087 12.7825 6.66844 6.44759 10.1865 8.20362 6.33279 6.00012 6.98087 5.99728 5.91158 6.40911 5.7087 7.42975 5.99477 5.61764 5.46486 7.25355 5.34374 5.19346 5.87028
threshold=0.10872657857039149 -0.76157425996426065 1.2850967815328296 -1.2201868373435214 -1.5039790479353716 -0.39702771124863034 -1.459061893098853 -1.3792723007190479 0.5150921703456065 -0.63870421769436692 0.28922728372679335 -2.2417119608421929 -1.1425876823327197 -1.0996451299552181 -1.1587211981561254 -1.2669731999285918 0.46846751051959573 -0.24087093334623239 1.6725080510490888 -0.75540182452447102 -0.50779831704291467 -0.12018827658828486 -1.3142338228648629 -0.39764041767675135 -0.25584880238147117 -2.0298589480618485 -0.2515600061845073 0.92919119349236634 -0.38759951154465228 -0.3788880713754455
decision_type=2 2 2 2 2 2 2 2 2 2 2 2 2 2 2 2 2 2 2 2 2 2 2 2 2 2 2 2 2 2
left_child=1 3 7 18 -5 6 -3 11 9 -9 -11 -2 14 -14 -6 16 17 -7 -1 27 -21 23 -23 -8 -18 -13 -27 -10 29 -17
right_child=2 5 -4 4 12 15 21 8 19 10 -12 25 13 -15 -16 28 24 -19 -20 20 -22 22 -24 -25 -26 26 -28 -29 -30 -31
leaf_value=0.0061338302739843698 -0.0054205326085046837 0.0094615039954401743 -0.0061346348688934181 0.0077026049298739557 0.0016601150845096599 0.0020991093130622337 0.0033484816558890886 -0.0075838556428299364 -0.0043897119112495334 0.0016243400736407156 -0.002466112323902361 0.011741351070959612 0.0080286258034374045 0.0029667558563864238 -0.0076761617188394454 -0.014334112445892172 0.0055790238090844373 0.010385637894590108 -0.0049779352782952473 -0.0047174626881466512 -0.0018914920797675242 -0.010689726981314554 0.00076106370178104373 -0.0027691317835646352 -0.0067543034835846798 -0.0011082838419905214 0.0093771651538924316 -0.010334531134313542 -0.00010815878552861183 -0.00070694171473221752
leaf_weight=189.57141141593456 11.97636993229389 10.644384428858755 283.60512854158878 36.116070210933685 96.93138824403286 30.510658487677574 167.03525921702385 22.175225213170052 80.031157270073891 115.46820846199989 224.23974162340164 6.0432000309228888 44.726542890071869 378.20075206458569 10.302037686109541 5.4072638601064682 5.6829333305358878 15.525108233094214 4.8142751753330222 118.73011964559555 254.82612489163876 5.66015700995922 319.22389221191406 17.460236847400665 9.9235554337501508 26.520844504237171 8.6275395005941409 19.150674715638161 671.20888289809227 7.8369224816560727
leaf_count=1225 53 51 1981 216 512 124 736 95 415 491 1011 26 244 1969 54 22 23 63 26 612 1300 25 1349 77 40 116 38 101 2729 32
internal_value=-5.99457e-07 0.00188044 -0.00325597 0.00392155 0.00325652 0.000653176 0.00152681 -0.00233466 -0.00255405 -0.00147647 -0.00107274 0.00108893 0.00295035 0.00350621 0.000747536 4.27933e-05 0.00311121 0.00493179 0.00585107 -0.00337635 -0.00279339 0.00135722 0.000555262 0.00276292 -0.00219266 0.00301431 0.00145641 -0.0055569 -0.000232503 -0.00641123
internal_weight=3198.18 2026.78 1171.39 760.662 566.277 1266.12 520.024 887.789 834.621 361.883 339.708 53.168 530.161 422.927 107.233 746.095 61.6423 46.0358 194.386 472.738 373.556 509.38 324.884 184.495 15.6065 41.1916 35.1484 99.1818 684.453 13.2442
internal_count=15756 9517 6239 4246 2995 5271 2238 4258 4025 1597 1502 233 2779 2213 566 3033 250 187 1251 2428 1912 2187 1374 813 63 180 154 516 2783 54
is_linear=0
shrinkage=0.01


Tree=159
num_leaves=31
num_cat=0
split_feature=6 2 13 2 10 2 8 11 18 8 11 3 12 18 10 20 1 14 25 23 28 11 1 29 1 27 25 18 23 12
split_gain=192.429 41.1982 38.8991 11.6165 8.66687 8.19158 7.20061 6.96214 9.03888 6.85174 7.24128 17.0229 8.73268 6.59317 6.12909 12.89 17.1639 12.5962 8.42689 6.88499 6.86925 7.55083 7.31357 6.10069 6.07517 6.029 6.0123 5.85092 6.18393 7.84995
threshold=-0.044263638409454818 -0.87187592546236947 0.88622533803942172 1.6417879253725467 0.43894814960913509 -1.3706774009881311 -0.97207270346519448 0.58706944324771315 1.5875935454347225 -2.4226348730219462 -0.4153336100789225 0.23637632712549764 -0.10804362034913577 0.04538699579894135 0.28922728372679335 0.77147972765808392 1.1158117937908714 0.50488593857804642 -0.36856634269552668 -0.65550610150980926 -1.3069967628972237 0.049120210644262606 -0.24246230365668017 -0.2008876802843727 -0.19861310351803957 -0.53890367925147498 0.77382664290333802 -1.1568441288996765 -1.1949359163774902 -0.98439012213870658
decision_type=2 2 2 2 2 2 2 2 2 2 2 2 2 2 2 2 2 2 2 2 2 2 2 2 2 2 2 2 2 2
left_child=1 5 14 13 9 -1 -6 26 -9 -3 11 -11 -12 -4 15 18 17 -17 19 -2 21 22 -16 -23 -15 -20 -8 -7 29 -29
right_child=2 4 3 -5 6 27 7 8 -10 10 12 -13 -14 24 20 16 -18 -19 25 -21 -22 23 -24 -25 -26 -27 -28 28 -30 -31
leaf_value=0.0075210879660486387 -0.0058598868325023647 -0.015105701140254318 -0.0029262771901438184 -0.0075666307453696952 -0.0086302472092887519 0.0065633906303593937 0.001670172679964714 -0.0038210131431099937 0.003116205092522268 0.0038715277260898823 0.0013308006648657543 -0.0093154485347693231 -0.0051677213152993154 -0.010252195592530303 0.00026500332532970576 0.0060966360291934175 -0.0049305624265823236 0.025325089202550242 0.0070727480971041461 -0.0017046348341383055 -0.0032676727494564462 0.0046391207092287019 0.013775921284662212 -0.0083646021480722043 -0.0047940181143097905 -0.00049730061216477265 -0.001949840481281257 -0.0013451701046819997 0.0038424767754789502 0.0072157706100669143
leaf_weight=66.830949276685715 54.961304888129234 2.3324917554855338 216.47057726979256 130.74200150370598 9.795829162001608 68.057259604334831 207.70198385417461 79.435592994093895 24.350122526288033 205.02513602375984 575.91077700257301 10.145202130079268 21.295627817511559 24.064195036888123 9.1252075284719485 11.201779425144201 8.939843535423277 4.9961466491222373 10.764377757906912 149.51957514882088 249.84513904154301 5.6488713175058374 7.271739378571513 9.3489163368940318 152.85088419914246 324.1391761302948 58.570097103714943 49.772355794906616 431.71078053116798 13.519422769546507
leaf_count=504 243 12 1199 1050 42 393 873 330 101 903 2463 42 86 141 42 48 42 25 47 644 1180 27 34 44 893 1391 246 255 2383 73
internal_value=-6.05422e-07 0.00212581 -0.00283329 -0.00497449 0.00103335 0.00419553 -0.000211738 1.0679e-05 -0.00218235 0.00161504 0.00166614 0.00324108 0.00109657 -0.00410874 -0.00150476 -0.000900977 0.00607786 0.0122079 -0.00122914 -0.00282871 -0.00271241 0.00167109 0.00636465 -0.00340227 -0.00554747 -0.000248963 0.000869715 0.00379777 0.00341426 0.00047621
internal_weight=3194.34 1824.45 1369.89 524.128 1194.56 629.891 379.854 370.058 103.786 814.709 812.377 215.17 597.206 393.386 845.762 564.522 25.1378 16.1979 539.384 204.481 281.24 31.3947 16.3969 14.9978 176.915 334.904 266.272 563.06 495.003 63.2918
internal_count=15756 8706 7050 3283 5098 3608 1592 1550 431 3506 3494 945 2549 2233 3767 2440 115 73 2325 887 1327 147 76 71 1034 1438 1119 3104 2711 328
is_linear=0
shrinkage=0.01


Tree=160
num_leaves=31
num_cat=0
split_feature=13 14 13 2 5 4 16 25 24 15 5 23 6 5 5 11 4 24 23 2 11 27 6 2 22 1 17 11 23 23
split_gain=188.907 46.8846 32.1098 9.49596 7.3117 7.88542 7.42268 7.19705 8.08609 6.22166 8.40573 8.7889 8.09409 8.3351 9.14685 7.05432 6.08883 6.13186 5.96676 5.81787 5.5565 5.18328 5.16446 5.16312 5.11397 5.08872 6.03348 7.47532 5.02683 4.98397
threshold=0.066292827128768092 -0.76157425996426065 1.2850967815328296 -1.3706774009881311 1.3282158108227897 0.47264445685204176 -1.8527991044172576 0.15827331088273403 1.2770751130596529 -1.1248545534271128 0.63938227622822297 -1.3301862164258247 -0.044263638409454818 -0.55158007956031996 -0.61986800157746846 1.1735587172130433 0.53041823196407989 0.039839106243509635 1.1370040345636976 0.40592118985592207 -0.8088823475126673 -1.3714397235650635 0.011469578786122191 1.8425486763999241 -0.89197273416834999 -1.1468700869148629 -1.2435981248484091 -0.22732821941180781 -0.05242603205455957 -1.0149082748055387
decision_type=2 2 2 2 2 2 2 2 2 2 2 2 2 2 2 2 2 2 2 2 2 2 2 2 2 2 2 2 2 2
left_child=1 3 4 -1 5 6 -2 -6 24 10 11 -3 13 14 -11 -15 17 -7 28 -8 -18 -13 -20 -4 -9 -5 27 -27 -14 -28
right_child=2 9 23 25 7 16 19 8 -10 12 -12 21 18 15 -16 -17 20 -19 22 -21 -22 -23 -24 -25 -26 26 29 -29 -30 -31
leaf_value=0.0074845314075358653 -0.0098528295540262698 0.011210831258289939 -0.005116220453216005 0.0058820000875499344 -0.007307481775077701 -0.009218705746121901 -0.0010447351335870578 0.0037212471443098874 0.0097345385101744054 0.0016947973169279993 -0.0078871777456337808 -0.0055000246848968242 -0.0010044291867520373 -0.00010944957256872438 0.0081783265279475967 0.0035895944475706392 -0.00068245083045548782 -0.0023051147714898993 -0.0046404410561856468 0.0025764562691060417 -0.0030557311515635251 0.0032438402546315199 0.0053228158228985946 -0.0080645299662227103 -0.0053079455788025481 0.0017445328000624529 0.0014454063571122662 -0.015500773556063783 -0.0051493034926910252 0.0037755690085825074
leaf_weight=66.488010182976723 8.5157598853111249 13.431809782981871 191.59183256328106 80.985728994011879 52.777533933520317 27.198050260543823 265.309494972229 7.7470145523548117 5.2361175268888465 259.89585845172405 6.5530687421560279 7.2194978743791571 77.936148419976234 615.58915662765503 23.788286805152893 56.132914453744888 145.45181721448898 25.267547726631165 6.929621726274493 53.078032180666924 315.03214821219444 82.213407561182976 19.248264521360397 89.833205297589302 29.517049416899681 7.1483027040958405 115.36249615252018 3.6962806433439237 47.586782053112984 483.85018371045589
leaf_count=504 37 56 1241 468 270 123 1127 39 25 1119 27 30 315 2543 100 236 703 113 28 230 1647 341 78 740 150 40 595 20 192 2619
internal_value=-6.13746e-07 0.00190922 -0.00310034 0.00386231 -0.00220699 -0.00190675 -0.00068856 -0.00483826 -0.0017385 0.000691986 0.0029674 0.0036756 0.000465951 0.000807397 0.00224469 0.000198663 -0.00268087 -0.00591885 -0.00167699 -0.000437291 -0.00230857 0.00252147 0.00263974 -0.00606343 -0.00339912 0.00351132 0.00319406 -0.00412993 -0.00258659 0.00332894
internal_weight=3190.61 1974.06 1216.56 757.531 935.131 839.853 326.903 95.2777 42.5002 1216.52 109.418 102.865 1107.11 955.406 283.684 671.722 512.95 52.4656 151.701 318.388 460.484 89.4329 26.1779 281.425 37.2641 691.043 610.057 10.8446 125.523 599.213
internal_count=15756 9311 6445 4246 4464 3980 1394 484 214 5065 454 427 4611 3998 1219 2779 2586 236 613 1357 2350 371 106 1981 189 3742 3274 60 507 3214
is_linear=0
shrinkage=0.01


Tree=161
num_leaves=31
num_cat=0
split_feature=14 0 13 0 20 9 14 24 6 18 11 20 18 17 20 20 7 10 6 24 22 29 18 11 10 0 17 7 10 10
split_gain=185.538 44.9179 32.7028 8.68382 7.62478 9.09504 7.41082 8.40114 6.95826 8.0105 9.48831 6.91344 6.60363 6.59127 6.52837 7.30776 6.26464 6.18213 6.32194 6.04285 9.92435 8.2176 5.67716 5.52921 5.42123 5.18816 5.57314 6.95005 5.01513 4.88397
threshold=0.043980552094585033 -0.83258579475241201 1.2850967815328296 -1.3968135513546232 1.0062115744375306 0.85679274992748333 -0.45726127700065849 -0.41831477174283876 0.5150921703456065 0.82678811789822693 1.1277633432111926 -1.5872808714044335 0.93390433800302997 1.4243116012706165 2.2052444729557932 2.4794518769024831 -1.9536770097069749 -1.2203652523889374 -0.44894133648477075 0.10257521230265181 -0.097045033374803302 1.2795047139200795 0.14474882151905574 -0.66123463279878936 -1.8424580525986707 1.9409653875896897 -1.9414763293544854 -0.63683597436583184 -0.84194039118157293 0.96161202764439868
decision_type=2 2 2 2 2 2 2 2 2 2 2 2 2 2 2 2 2 2 2 2 2 2 2 2 2 2 2 2 2 2
left_child=1 3 4 -1 8 12 16 17 11 10 -10 -2 22 -14 23 -16 -3 -8 -19 21 -21 -9 -6 -7 -13 26 27 -4 -5 -18
right_child=2 6 25 28 5 14 7 19 9 -11 -12 24 13 -15 15 -17 29 18 -20 20 -22 -23 -24 -25 -26 -27 -28 -29 -30 -31
leaf_value=0.0081557245429984427 0.012836436747911004 0.008684984247077936 -0.0062551613756733158 0.0064486870074789019 0.0047585507007212027 0.0037379332433955278 0.006473049551960243 -0.0014502126965777302 -0.002490473249666066 -0.0056952261412825892 0.0032328958965693205 0.012888219320734558 0.014639665065999259 -0.0017319206252171485 0.010234075738810591 -0.0067380459852889622 0.0018653640978652864 0.0051829903292711591 0.00049935583640179834 -0.0016306858023113283 0.0017664392541423561 -0.0091097778411049386 -0.0089149748818101778 -0.0064715725301980115 -0.00098496536330794468 -0.0083364831175377317 -0.005497895589039235 0.013913207457081994 0.0034090342230726632 -0.0017355245204790815
leaf_weight=47.840049386024475 3.6080210357904425 12.679881945252417 3.2904361411929131 61.218776598572731 5.0338960736989993 5.387238234281539 23.855096966028214 129.2373029589653 348.79854527115822 70.546267256140709 31.356676638126373 2.7301841825246802 5.6897736638784391 4.0688614100217819 5.3989336341619474 4.5593510270118713 465.7747937887907 33.355071395635605 213.71926559507847 164.79941231012344 179.51834401488304 15.717289283871649 7.1614794731140137 108.86994880437851 358.72083458304405 73.461295314133167 200.27232993394136 3.2838538810610762 556.29786109924316 40.614752843976021
leaf_count=378 15 66 20 347 24 26 100 527 1732 369 160 11 27 20 29 24 2058 138 873 670 728 64 34 561 1537 610 1331 20 3088 169
internal_value=-6.25663e-07 0.00192752 -0.00301971 0.00403511 -0.00214183 -0.00424955 0.000830343 0.000199867 -0.00176246 -0.00259443 -0.00201503 -0.000732153 0.00164298 0.00776377 -0.00529954 0.00237432 0.00175156 0.00161323 0.00113753 -0.000580893 0.000137582 -0.00229333 -0.00319681 -0.0059786 -0.000873874 -0.00602692 -0.00519822 0.00372662 0.00371299 0.0015743
internal_weight=3186.87 1944.63 1242.24 665.357 961.93 146.169 1279.27 760.202 815.761 450.701 380.155 365.059 21.954 9.75864 124.215 9.95828 519.069 270.929 247.074 489.272 344.318 144.955 12.1954 114.257 361.451 280.308 206.847 6.57429 617.517 506.39
internal_count=15756 9206 6550 3813 4569 745 5393 3100 3824 2261 1892 1563 105 47 640 53 2293 1111 1011 1989 1398 591 58 587 1548 1981 1371 40 3435 2227
is_linear=0
shrinkage=0.01


Tree=162
num_leaves=31
num_cat=0
split_feature=14 2 13 0 14 2 18 13 20 11 11 3 3 28 15 9 20 7 20 20 11 1 0 28 6 28 20 16 13 29
split_gain=182.095 44.3519 32.3143 8.44991 7.78953 7.5879 7.85379 6.87428 6.6529 8.79933 8.51853 6.52603 6.30352 6.29311 5.82224 5.81242 6.14041 5.5889 6.9671 5.9249 5.52552 5.41822 5.16748 5.27906 6.13521 7.25805 5.81349 5.09568 4.97185 5.1088
threshold=0.043980552094585033 -0.86088341718025208 1.2850967815328296 -1.4944002148544933 -0.45726127700065849 0.51157606918868004 -0.28449750448624117 -0.87792337055845782 1.5491165151651076 0.34400381892940407 1.3613962968114899 -0.25563513400135163 0.17311875767799942 -0.75540182452447102 -0.63566040546516989 0.91337706774660166 1.1578033087262396 -1.4128668774897528 -1.4970100676597846 -1.2913752060745014 -0.24601784724514072 2.7893314369861733 1.9409653875896897 0.6759513163591736 1.1217646478815124 -0.14706632520184074 -1.6723943063216959 0.66379826881550852 0.76782651800769697 1.632432623888074
decision_type=2 2 2 2 2 2 2 2 2 2 2 2 2 2 2 2 2 2 2 2 2 2 2 2 2 2 2 2 2 2
left_child=1 3 5 -1 7 28 12 14 17 -10 -11 -8 27 -13 -3 16 -9 19 -19 -6 -17 -5 23 24 25 -4 -26 -7 29 -2
right_child=2 4 22 21 8 6 11 15 9 10 -12 13 -14 -15 -16 20 -18 18 -20 -21 -22 -23 -24 -25 26 -27 -28 -29 -30 -31
leaf_value=0.0099516045764633781 -0.0015022786989805519 -0.0126054517547432 0.0046826998424754481 0.0039177034403047976 0.00072460145476680522 -0.0011229350258393541 -0.007858162740476413 0.0019421361816865774 0.0057831456252413829 -0.0099061467643981119 0.0013626826963209612 -0.0062740711494291106 0.0084009944581788544 -0.002607783176662833 0.00015736088406227759 -0.010729912882450962 0.0058981278349434342 -0.0079558323242171023 0.0003039212208184137 0.0078712406981096324 -5.4465936613354556e-05 -0.0080767377965298686 -0.0083031643120447529 -0.007986393567799354 0.0036786513860714897 -0.0097974884633122931 -0.0054505404197062127 -0.0062048936655696276 0.0089814734398750325 0.0035202991888944302
leaf_weight=23.700004577636719 407.07613751292229 5.8528114706277838 14.101334750652315 609.54629717767239 28.518179014325142 175.94394443929195 37.178328990936279 433.5680395513773 7.3701648712158194 20.643779277801517 9.6667052209377271 59.83138807117939 6.2464899867773047 226.70756521821022 8.5620823204517347 5.3048336654901496 43.436553239822388 10.266420423984526 663.79476304352283 19.89542056620121 49.036797910928726 3.6458464264869681 73.021125704050064 50.765217646956444 7.1717201992869368 4.4593453109264365 129.67902778834105 22.3023481965065 4.6802459508180609 21.108814686536789
leaf_count=189 1735 28 81 3461 120 870 192 1945 30 86 40 324 32 1196 41 22 195 42 2698 84 205 20 610 354 43 28 865 113 20 87
internal_value=-5.99262e-07 0.00191009 -0.00299429 0.00407385 0.000853837 -0.00212229 -0.00292781 0.00176543 0.000197885 -0.00389038 -0.00628671 -0.00389855 -0.00138506 -0.00337874 -0.00500691 0.00195195 0.00230563 0.000413 0.000175475 0.00369227 -0.00113277 0.00384345 -0.00599057 -0.00516304 -0.00422982 0.00111628 -0.00496248 -0.00170253 -0.00113657 -0.00125157
internal_weight=3183.08 1942.81 1240.27 636.892 1305.92 961.075 528.21 545.761 760.155 37.6806 30.3105 323.717 204.493 286.539 14.4149 531.346 477.005 722.475 674.061 48.4136 54.3416 613.192 279.198 206.177 155.411 18.5607 136.851 198.246 432.865 428.185
internal_count=15756 9206 6550 3670 5536 4569 2727 2436 3100 156 126 1712 1015 1520 69 2367 2140 2944 2740 204 227 3481 1981 1371 1017 109 908 983 1842 1822
is_linear=0
shrinkage=0.01


Tree=163
num_leaves=31
num_cat=0
split_feature=6 13 13 7 13 13 10 20 1 14 25 15 21 3 3 22 26 15 23 1 15 28 8 7 26 28 8 21 24 24
split_gain=178.795 38.2839 37.0541 10.1386 9.57506 8.79744 7.13397 10.8068 16.7404 8.41996 7.79155 14.169 9.03794 7.13294 8.25063 6.93467 6.86004 9.22458 8.44341 8.36417 6.49775 7.58265 6.68693 5.94144 5.77087 5.492 7.02217 6.43424 5.63641 7.03941
threshold=-0.044263638409454818 -0.80689597793973944 0.97336706065709044 0.21791063385836187 1.6238370959892461 -1.2201868373435214 0.28922728372679335 0.78517115308168084 1.1158117937908714 0.50488593857804642 -0.36856634269552668 -1.2485181852191907 0.93064091953364103 1.5388319076198136 1.3343906977821252 -2.1909796318538088 -0.21074436080714951 0.27688094501628363 1.3688935315371717 2.1546376740086006 -0.78959950194656903 1.9204035999115714 -0.42542913870749871 1.6725080510490888 0.57953874955183571 -1.3069967628972237 0.99226531008822472 -0.80060165911618286 0.90519266200672344 1.9362619792696807
decision_type=2 2 2 2 2 2 2 2 2 2 2 2 2 2 2 2 2 2 2 2 2 2 2 2 2 2 2 2 2 2
left_child=1 5 6 13 -4 23 7 10 9 -9 12 -12 -2 14 15 -3 17 18 -7 -18 22 24 -5 -1 -22 26 27 -8 -27 -30
right_child=2 3 4 20 -6 16 25 8 -10 -11 11 -13 -14 -15 -16 -17 19 -19 -20 -21 21 -23 -24 -25 -26 28 -28 -29 29 -31
leaf_value=0.0059774031292669115 -0.0036841492015381692 -0.010727364017023242 -0.0041335221258322766 -0.0071973203104997423 -0.0073541375635533595 0.001068542092157809 0.014710287120579788 0.0067221172149333798 -0.0049554559463464935 0.023082595744826215 0.0086001371893743156 -0.0007372118215351126 0.0014449579856846565 0.012056663818679241 -0.0083387699246250582 0.0018497855732379268 0.0042987563156958522 0.0051144911973770111 -0.0085846643874585432 -0.0097698643056802915 -0.0013049048761823437 -0.0080984665530888476 0.0027660156304568704 -0.0051154508291817247 0.0014577812352747769 -0.0040389477013079234 -0.0054289262734685661 0.0014189738480901964 0.00094705918003255569 -0.0088815781872886752
leaf_weight=186.60006907582283 176.55524137616158 4.2959250509738913 328.75178112089634 7.1109851449728003 130.61023096740246 141.19121074676514 4.6045840531587627 10.027816474437715 9.0506684929132444 4.7752109169960013 16.958476155996323 340.47937744855881 42.2762690782547 6.5535757392644873 8.0773498713970167 594.19109649956226 312.25628066062927 58.991825744509697 9.5711617320775968 4.1499657928943625 266.37140418589115 13.618994474411009 94.269265711307526 4.7868757694959632 105.20361876487732 212.19146803021431 10.992814391851423 17.251890897750854 49.122843027114868 8.4394093751907331
leaf_count=1225 778 18 1922 29 1051 730 21 43 43 24 73 1481 185 28 34 2574 1677 314 48 21 1102 56 390 26 434 1020 53 81 232 43
internal_value=-6.13437e-07 0.00205211 -0.00273995 0.000878347 -0.00505282 0.00384922 -0.00156149 -0.000927487 0.00564703 0.0121863 -0.0012023 -0.000289127 -0.00268848 0.00173378 0.00161863 0.00175606 0.00317599 0.00176397 0.000443795 0.00410805 -0.000197639 -0.000792416 0.00205091 0.00569221 -0.000519836 -0.00281482 0.00101992 0.00431889 -0.00328571 -0.000489514
internal_weight=3179.33 1817.24 1362.09 1099.69 459.362 717.547 902.726 600.123 23.8537 14.803 576.269 357.438 218.832 613.118 606.564 598.487 526.16 209.754 150.762 316.406 486.574 385.194 101.38 191.387 371.575 302.603 32.8493 21.8565 269.754 57.5623
internal_count=15756 8706 7050 4665 2973 4041 4077 2627 110 67 2517 1554 963 2654 2626 2592 2790 1092 778 1698 2011 1592 419 1251 1536 1450 155 102 1295 275
is_linear=0
shrinkage=0.01


Tree=164
num_leaves=31
num_cat=0
split_feature=14 2 13 2 24 15 19 19 20 16 10 14 29 12 26 6 1 23 24 24 3 19 20 6 6 20 19 18 14 16
split_gain=175.504 42.961 31.5824 8.07661 7.7225 8.43801 9.9854 7.58297 7.4571 9.14548 8.88849 8.14811 7.86633 7.37971 7.21517 7.89309 10.6234 7.67951 7.52201 7.15551 6.89795 6.89412 6.50116 6.00847 5.58825 6.70752 6.59298 5.42744 5.3916 5.26576
threshold=0.043980552094585033 -0.86088341718025208 1.2850967815328296 -1.3706774009881311 -0.89201168982792367 -1.1682280271607357 0.45784664367669275 -0.080765031138982188 1.0062115744375306 1.2044727671789706 0.28922728372679335 0.624448214135082 0.18737870867600209 -0.43112580384280852 -0.61273392892118272 -0.45881862921895439 -0.75456094470312751 0.98300671535056183 -0.96921940829250064 -0.65419946387640948 1.7387243836308233 0.99774353646517189 2.2052444729557932 -0.50872469358205852 0.5150921703456065 -1.5872808714044335 -1.3792723007190479 -1.6026933507611878 0.624448214135082 2.3082959666201797
decision_type=2 2 2 2 2 2 2 2 2 2 2 2 2 2 2 2 2 2 2 2 2 2 2 2 2 2 2 2 2 2
left_child=1 3 8 -1 14 6 7 -6 20 10 21 12 -11 19 15 16 -3 18 -16 -7 24 -10 -12 -15 25 -2 -26 -17 -22 -5
right_child=2 4 -4 29 5 13 -8 -9 9 11 22 -13 -14 23 17 27 -18 -19 -20 -21 28 -23 -24 -25 26 -27 -28 -29 -30 -31
leaf_value=0.0073576600909172497 0.012711277581587854 0.010830467870577312 -0.005920571745314086 0.0037418717168697926 0.002046867747819911 -0.0029616220581826038 -0.0055756066770385731 0.00956510960699564 0.013278570353619099 0 -0.0068972544751173251 -0.0046910914581205568 0.014903543941543855 -0.0052080752846373401 0.001925651822326064 -0.010519899140724622 0.0016572602747856532 0.011675228222472672 0.011587110783412426 0.0015708389815972555 -0.00071689204499737519 -0.0038709769144580136 0.0023081699387343343 -0.00030847339779593679 0.0012938914451929315 -0.00078306192214054886 -0.0027462534354427649 7.1789599938253807e-05 -0.012057507754343548 -0.00426302516918019
leaf_weight=65.294451594352722 3.6149672120809546 16.752307370305061 277.04008067399263 560.62485006451607 28.951303243637085 37.83511871099472 9.166949734091757 25.715689286589622 4.2078246325254423 8.8234142959117907 100.29977390170097 13.2690252661705 5.8949955552816382 26.252732798457146 52.459341391921043 4.9750782549381247 52.037390574812889 14.042916119098662 9.5381216406822187 409.96128702163696 6.985051482915881 4.9386000484228134 8.0884008258581144 517.3846670538187 44.629049628973007 356.37716761231422 391.04391726851463 100.09791029989719 11.230778917670248 8.1445078253746015
leaf_count=504 15 77 1981 3125 122 168 38 108 20 42 514 74 27 107 224 21 225 60 42 1823 32 25 43 2106 197 1527 1991 415 62 41
internal_value=-6.14752e-07 0.00187618 -0.0029449 0.00401184 0.000837663 0.000462056 0.00398419 0.00561276 -0.00208406 -0.00417339 -0.0053971 0.000930923 0.00606425 0.000233894 0.00241892 0.00128607 0.0039182 0.00499092 0.00344441 0.00118507 -0.0017088 0.00396883 -0.00619959 -0.000547833 -0.00156733 -0.000641285 -0.0023299 -0.000429731 -0.00779108 0.00362476
internal_weight=3175.68 1939.23 1236.44 634.064 1305.17 1055.27 63.8339 54.667 959.403 145.522 117.535 27.9874 14.7184 991.434 249.903 173.863 68.7897 76.0404 61.9975 447.796 813.881 9.14642 108.388 543.637 795.665 359.992 435.673 105.073 18.2158 568.769
internal_count=15756 9206 6550 3670 5536 4472 268 230 4569 745 602 143 69 4204 1064 738 302 326 266 1991 3824 45 557 2213 3730 1542 2188 436 94 3166
is_linear=0
shrinkage=0.01


Tree=165
num_leaves=31
num_cat=0
split_feature=6 2 6 7 10 20 1 2 25 15 22 15 8 19 2 8 8 17 23 4 8 7 9 6 16 22 20 16 10 10
split_gain=172.322 37.5387 35.3888 10.7753 10.6608 10.3931 13.7462 7.88796 7.2888 12.3322 7.16647 6.90029 6.60502 8.40842 6.44394 6.17414 6.06819 7.49696 5.55516 9.41264 5.50205 6.02038 5.70519 5.48147 5.38292 5.85555 5.97778 5.86083 5.35762 5.9874
threshold=-0.044263638409454818 -0.87187592546236947 1.2149823610813699 0.21791063385836187 0.28922728372679335 0.78517115308168084 1.1158117937908714 -1.3706774009881311 -0.36856634269552668 -1.2485181852191907 0.35995670797928753 -0.92350901412707243 0.81784163561906187 0.78213419134542295 1.6417879253725467 1.0799848251473456 -0.41478856289857441 0.50959900547936277 -1.1949359163774902 -0.98439012213870658 -2.4226348730219462 -2.0552881325230472 0.017352440548522075 -1.0827428203117793 -2.1492127069821456 1.2211293115790589 0.99011262423900159 1.1220660257754302 -0.986706548804554 -1.6869381112323454
decision_type=2 2 2 2 2 2 2 2 2 2 2 2 2 2 2 2 2 2 2 2 2 2 2 2 2 2 2 2 2 2
left_child=1 7 4 20 5 8 15 -1 10 -10 -2 16 -13 -14 -4 -7 -5 -18 19 23 -3 -22 -23 -9 -6 26 -26 -27 29 -20
right_child=2 3 14 11 24 6 -8 18 9 -11 -12 12 13 -15 -16 -17 17 -19 28 -21 21 22 -24 -25 25 27 -28 -29 -30 -31
leaf_value=0.0073215451603713686 -0.0040453898053117538 -0.012471027259727154 -0.0044462637370487716 -0.0076489579610367342 0.0077624810162690017 0.015435775842896547 -0.0038934610956503136 0.0019741562200784315 0.0080740548835249899 -0.00077176775520361896 -0.00036397493886551017 -0.0018684061133201896 0.0035729000870623842 -0.00059194705534643848 -0.0073747515356864324 0.0025185262928287887 0.0056449124404752502 -0.00064589021137900369 -0.0022218106833968784 0.0078196125430798694 0.0094142060213236109 0.001332568965525799 0.0038181461953010667 -0.0044366951828712746 -0.0017734392012523209 -0.0092843929361270568 -0.0044229907448824395 -0.00012421609124867842 0.0037211604055624133 0.010029559597835261
leaf_weight=64.962525077164173 140.69361461699009 2.5605232417583457 199.55783174932003 5.3250598162412635 4.4091231673955908 10.384551972150808 10.234334245324133 27.928572639822956 16.377205148339272 357.15323458611965 85.725966781377792 209.4113529920578 66.792681455612183 175.13758553564548 124.7124213501811 6.1025565564632407 49.295802980661392 30.269241452217102 4.5430188477039364 15.305693611502646 10.443938255310057 530.39070738852024 112.62381549179554 25.168460175395015 227.16184575855732 27.732560753822327 138.39562427997589 9.6259391158819181 458.27205592393875 25.270092323422432
leaf_count=504 623 13 1181 22 22 47 50 148 70 1571 381 874 283 736 1033 29 207 126 26 84 56 2294 487 127 1111 146 735 51 2573 146
internal_value=-5.89771e-07 0.0020161 -0.00269417 0.000976169 -0.00178849 -0.000967275 0.00511614 0.0040091 -0.0012407 -0.000379195 -0.00265674 -7.35721e-05 -0.000567477 0.000554763 -0.00557755 0.0107589 0.00253822 0.00324132 0.00361938 0.000929757 0.00183563 0.00189512 0.00177 -0.00104847 -0.00304894 -0.00317163 -0.0027802 -0.00695747 0.003994 0.00812804
internal_weight=3171.97 1813.7 1358.27 1192.25 1034 626.671 26.7214 621.45 599.95 373.53 226.42 536.232 451.342 241.93 324.27 16.4871 84.8901 79.565 556.488 68.4027 656.019 653.458 643.015 53.097 407.325 402.916 365.557 37.3585 488.085 29.8131
internal_count=15756 8706 7050 5098 4836 2771 126 3608 2645 1641 1004 2248 1893 1019 2214 76 355 333 3104 359 2850 2837 2781 275 2065 2043 1846 197 2745 172
is_linear=0
shrinkage=0.01


Tree=166
num_leaves=31
num_cat=0
split_feature=0 14 12 0 0 15 19 19 24 20 6 15 11 19 24 15 2 22 16 19 21 0 25 15 24 29 16 28 15 20
split_gain=169.232 44.6877 28.141 9.21134 6.6322 6.19647 10.1759 7.49103 6.95915 7.32878 9.10724 6.76198 6.22244 6.04108 5.76375 8.75322 8.08393 5.73788 4.93029 6.24198 4.69378 4.563 4.30144 6.73838 6.02331 6.01897 10.0621 5.49301 4.11525 4.39353
threshold=0.10872657857039149 -0.76157425996426065 1.3299579684881662 -1.3968135513546232 0.71556928069885861 -1.1682280271607357 0.4238433808418976 -0.080765031138982188 -0.89201168982792367 -1.0062831916602575 -0.41694672608122879 1.2872609311990819 0.024575651835162172 2.8322821358373869 0.24811446219324909 2.004277351635531 -0.41165286494203218 -0.79849947891328432 -0.87674376142977251 -0.43165557820371747 -0.041945316820251863 1.9409653875896897 -0.52214668514953078 -0.76900643050964179 0.3022841541843091 -0.52398445272940208 0.047522657608955597 1.8514214269975733 1.8867369787609005 -1.5872808714044335
decision_type=2 2 2 2 2 2 2 2 2 2 2 2 2 2 2 2 2 2 2 2 2 2 2 2 2 2 2 2 2 2
left_child=1 3 4 18 28 6 7 17 9 11 -11 -7 -8 -5 15 -10 -16 -3 19 -1 -9 -4 23 -6 -25 26 -24 -27 29 -2
right_child=2 5 21 13 22 8 12 20 14 10 -12 -13 -14 -15 16 -17 -18 -19 -20 -21 -22 -23 25 24 -26 27 -28 -29 -30 -31
leaf_value=0.0076102108504697225 0.0045611132725413154 0.0096737584151599509 -0.0051472968853370771 0.0034705655495005285 -0.0091178285353835063 0.0082195833168230027 0.0047362058624340593 0.01189572573433398 -0.00097343662047059628 0.0036569657805994682 -0.00075553108844394871 -0.00030695635256910319 -0.0090773605146897678 -0.0084947481647474413 0.0024197261019873587 0.0085842048113609314 -0.00023014472906567816 -0.0002198676195493481 0.0095347270988123227 -0.0098966049697326065 0.0041798254177573078 -0.0081869547229871352 0.0096572412527999359 -0.0018585584741764023 -0.0073174333605052367 -0.0025827919740795671 -0.0039790590981952281 -0.0095750592896426973 -0.0049539782214235682 -0.0014111501157204867
leaf_weight=5.3268940672278404 12.476010262966154 7.1304239332675925 178.12951470911503 697.65018643438816 27.763046979904175 30.581247240304947 4.7477125376462928 17.222268775105476 451.05043056607246 80.690209567546844 110.39538729190826 13.018393620848654 9.5327912569046003 4.1053360700607291 187.35713602602482 9.673246353864668 296.81085211038589 30.011329263448715 38.181349724531174 3.1440627649426443 15.742717549204825 71.50358884036541 10.31409026682377 68.782600522041321 29.061541318893433 227.59448803961277 11.059586524963377 11.870599165558813 32.226287543773651 475.22989156842232
leaf_count=43 54 30 1222 3849 153 131 20 72 1881 345 451 58 39 19 808 42 1203 125 310 25 66 610 55 379 160 1239 61 66 144 2096
internal_value=-5.8649e-07 0.00175073 -0.00305002 0.00368742 -0.00222901 0.000603008 0.0032209 0.00479449 0.000414619 0.00195551 0.00110345 0.00565589 -0.00441435 0.00339794 3.06793e-05 -0.000768777 0.000793491 0.00167352 0.00800382 0.000956089 0.00826496 -0.00602489 -0.00322342 -0.00475279 -0.00349597 -0.00248158 0.00256904 -0.00293743 -0.00148749 -0.00125542
internal_weight=3168.38 2012.37 1156.01 748.408 906.378 1263.96 84.3872 70.1067 1179.58 234.685 191.086 43.5996 14.2805 701.756 944.892 460.724 484.168 37.1418 46.6523 8.47096 32.965 249.633 386.446 125.607 97.8441 260.839 21.3737 239.465 519.932 487.706
internal_count=15756 9517 6239 4246 4407 5271 352 293 4919 985 796 189 59 3868 3934 1923 2011 155 378 68 138 1832 2113 692 539 1421 116 1305 2294 2150
is_linear=0
shrinkage=0.01


Tree=167
num_leaves=31
num_cat=0
split_feature=14 13 13 0 0 19 7 5 11 15 19 14 25 22 29 18 0 17 7 8 13 16 19 15 27 19 8 8 28 7
split_gain=166.152 40.8768 30.4728 8.84912 7.02514 6.76893 6.38092 8.21694 6.97696 6.79662 7.09097 6.28343 5.87763 6.50299 5.62478 5.51287 5.13321 5.54739 6.89899 5.04629 5.0041 4.8972 6.1164 4.71563 7.22226 6.27209 6.37808 4.60172 8.64138 6.48065
threshold=0.043980552094585033 -0.80689597793973944 1.2850967815328296 -1.3968135513546232 0.68000513902760484 -1.3792723007190479 -1.4128668774897528 -2.0669292746778489 0.91224127803250976 -1.2178782824253733 0.4778705727693015 -0.45726127700065849 -1.1370909410125785 -0.97788761755597242 -0.86701573693082279 -1.1340854018891824 1.9409653875896897 -1.9414763293544854 -0.63683597436583184 0.0093539324243946745 1.7831156064264151 -0.87674376142977251 -0.43165557820371747 1.7433204527533186 0.88325683392572618 -1.5746346657417696 -1.0314183995457358 -1.7033182344995468 0.71405540644994292 -1.1749972748194781
decision_type=2 2 2 2 2 2 2 2 2 2 2 2 2 2 2 2 2 2 2 2 2 2 2 2 2 2 2 2 2 2
left_child=1 3 4 21 23 14 8 -8 12 10 -9 -11 -3 -14 -6 -5 17 18 -4 -19 -21 22 -1 25 -25 26 -2 28 -17 -29
right_child=2 6 16 15 5 -7 7 9 -10 11 -12 -13 13 -15 -16 27 -18 19 -20 20 -22 -23 -24 24 -26 -27 -28 29 -30 -31
leaf_value=0.0075758437438269814 0.0083528466639663807 -0.001849867751489407 -0.006080016300460722 0.0059943512094905284 0.011421179654483882 -0.0033504142122572646 -0.025012960766035045 0.0055675862433093208 -0.0059953591897989791 0.0013624169333982298 -0.0051122728716759972 -0.00024461203706316467 -0.0011073859056160015 0.005801423530241029 -0.00089761123813063162 0.002819833215679874 -0.0081539436296046378 -0.0068081325766732592 0.014124692877055617 -0.0041221475443697824 0.0060071727150390287 0.0095042073431266423 -0.0097344697780357078 -0.0079761984662374604 0.0031402680998558153 -0.0013207971260520747 -0.0029472762364399509 0.0070075829398263878 -0.015307219344494288 0.002928469931867858
leaf_weight=5.2981466427445412 13.479888513684275 16.481194987893105 3.2364932596683502 75.431895017623901 5.4264769405126598 370.35477650165558 1.1614087671041478 44.097239777445793 7.9771398454904547 380.6149110943079 7.0576394051313391 672.0445543974638 16.250816658139229 76.546359404921532 10.833589404821394 7.8974517285823804 71.077679090201855 104.30109784007072 3.2606176361441603 87.015054203569889 5.0024463012814513 37.922536842525005 3.1660193353891355 22.796579882502559 7.6361459195613852 518.70258484780788 7.6710845828056327 42.425353407859802 3.7832471579313278 535.82454286515713
leaf_count=43 57 78 20 438 24 2014 6 184 35 1663 29 2735 76 359 50 44 610 705 20 585 41 310 25 104 33 2254 33 247 21 2913
internal_value=-5.95962e-07 0.00182694 -0.00287298 0.00373224 -0.00202916 -0.0030717 0.000716385 0.000479792 0.00293512 0.000509784 0.00406752 0.000335573 0.00360106 0.00458089 0.0031971 0.00343417 -0.00581555 -0.00498751 0.00396867 -0.00529088 -0.0035547 0.00796952 0.000946099 -0.00132023 -0.00515297 -0.0011014 0.00421285 0.00310416 -0.00304653 0.00323064
internal_weight=3164.77 1933.98 1230.79 711.749 956.901 386.615 1222.23 1104.98 117.256 1103.81 51.1549 1052.66 109.278 92.7972 16.2601 665.362 273.893 202.816 6.49711 196.319 92.0175 46.3867 8.46417 570.286 30.4327 539.854 21.151 589.931 11.6807 578.25
internal_count=15756 9206 6550 4041 4569 2088 5165 4617 548 4611 213 4398 513 435 74 3663 1981 1371 40 1331 626 378 68 2481 137 2344 90 3225 65 3160
is_linear=0
shrinkage=0.01


Tree=168
num_leaves=31
num_cat=0
split_feature=13 2 13 2 14 19 4 28 24 19 3 26 21 23 4 13 8 8 8 10 10 11 17 26 25 23 29 27 10 16
split_gain=163.1 41.3753 29.235 7.71029 7.57693 6.96553 7.13185 5.52339 7.78496 7.03664 7.0157 7.20912 5.55619 5.48326 9.29656 6.34472 5.32735 7.43456 6.64834 5.30117 5.94218 5.22795 5.19508 5.19054 5.1823 7.09857 5.34431 5.17709 5.16151 12.3176
threshold=0.066292827128768092 -0.87187592546236947 1.3356645400587623 -1.3706774009881311 -0.45726127700065849 -1.3792723007190479 0.67528645414839772 -1.7918079738412511 -0.81380592912848992 0.4238433808418976 0.094147227548156118 -1.7581009050195517 -1.0054306388261305 -1.1949359163774902 -0.98439012213870658 -1.2045245671321705 -2.4226348730219462 -1.9911355935275878 -1.8252663545434176 -0.986706548804554 -1.6869381112323454 -2.2417119608421929 -0.089766665444434943 2.2584517362145697 -0.48461260490475438 -0.63563370130783825 -0.3642881151755456 0.90669931117246716 0.45528627632258162 1.2044727671789706
decision_type=2 2 2 2 2 2 2 2 2 2 2 2 2 2 2 2 2 2 2 2 2 2 2 2 2 2 2 2 2 2
left_child=1 3 5 -1 16 21 28 10 -9 -10 12 -12 -6 14 15 -5 -3 -18 -19 20 -15 -2 27 -21 25 -8 -26 -23 -7 -30
right_child=2 4 -4 13 7 6 24 8 9 -11 11 -13 -14 19 -16 -17 17 18 -20 23 -22 22 -24 -25 26 -27 -28 -29 29 -31
leaf_value=0.0072203177840471115 -0.0044692970334023951 -0.012368186098045714 -0.0059294686886762942 0.0043458745732270765 0.0015903344685721374 -0.00070815084440022601 -0.0084960972039181716 0.002360177880860397 0.00054374470851496878 -0.0018150333461578218 -0.0072571654201817135 0.0065702809724721822 -0.010451852011469476 -0.002279416601940813 0.007735545316500312 -0.0032982440325321268 0.010049724507002483 -0.0079801343334868994 0.0017191178637511041 0.0037445313122861541 0.0099493973794260136 -0.00061368384851903809 0.0093320295695625641 -0.0069690375239412263 0.0016266404497416939 -0.0034090028541090083 -0.0030215526644375009 0.0073577103794568903 -0.0037856527851358223 0.0040994310473232484
leaf_weight=64.023043558001518 14.794602259993551 2.568123832345008 252.28063766658306 15.026894286274908 4.8682735562324533 297.15067398548126 40.223174855113029 152.53956405818462 417.51597090065479 181.1847712546587 5.9380520880222312 9.8491114079952222 15.47485525906086 4.5298739224672344 15.191976130008696 37.929325997829437 10.54672136902809 7.029650390148162 534.97288304567337 451.2901636660099 25.01538921892643 41.774376213550568 8.5298659205436689 4.4150010943412772 27.33183191716671 90.575085610151291 231.8938584625721 9.9728185385465604 164.41047742962837 22.322522297501564
leaf_count=504 67 13 1857 84 20 1286 221 626 1698 734 24 40 63 26 84 191 53 34 2398 2548 146 181 37 25 148 497 1250 43 755 103
internal_value=-6.03667e-07 0.00177734 -0.00290215 0.00392002 0.000790946 -0.00209576 -0.00234714 0.000158685 0.000343779 -0.000168606 -0.00365262 0.00129345 -0.00752746 0.00353517 0.000858651 -0.00110619 0.00168574 0.0017551 0.00159003 0.00390874 0.00803938 0.000816545 0.00213574 0.00363704 -0.0033555 -0.00498632 -0.00252717 0.000914519 -0.00153178 -0.00283601
internal_weight=3161.17 1959.91 1201.26 617.422 1342.49 948.979 873.908 787.371 751.24 598.701 36.1303 15.7872 20.3431 553.399 68.1482 52.9562 555.117 552.549 542.003 485.25 29.5453 75.0717 60.2771 455.705 390.024 130.798 259.226 51.7472 483.884 186.733
internal_count=15756 9311 6445 3608 5703 4588 4260 3205 3058 2432 147 64 83 3104 359 275 2498 2485 2432 2745 172 328 261 2573 2116 718 1398 224 2144 858
is_linear=0
shrinkage=0.01


Tree=169
num_leaves=31
num_cat=0
split_feature=6 2 13 7 2 0 15 8 11 3 3 11 6 21 20 7 27 15 3 8 1 28 28 7 3 6 15 23 8 28
split_gain=160.386 35.2375 34.2901 10.3977 9.72184 8.2062 6.70313 6.45393 9.25971 6.20304 6.96699 8.29169 7.13476 6.1708 9.44851 6.30762 8.70694 12.9915 6.0108 5.93726 6.71947 5.82699 5.78922 9.05279 6.54513 6.21747 7.87798 5.80601 5.76101 14.0174
threshold=-0.044263638409454818 -0.87187592546236947 0.97336706065709044 0.21791063385836187 1.6417879253725467 -1.4944002148544933 -0.92350901412707243 0.81784163561906187 0.68963914315021568 1.5388319076198136 1.2395824601757022 0.91224127803250976 -0.47564102154669602 1.8981339219384585 -0.54934937910602721 0.64081901739303027 0.43615010295572126 -1.2485181852191907 -1.3609323644690559 -0.41478856289857441 0.70082741249784275 0.89874184642233079 0.60193686865102736 -1.4784614242221701 -1.4460359241563234 1.2149823610813699 -0.70077193846386698 -0.65550610150980926 -1.7731546777303684 0.72586307220926016
decision_type=2 2 2 2 2 2 2 2 2 2 2 2 2 2 2 2 2 2 2 2 2 2 2 2 2 2 2 2 2 2
left_child=1 5 13 9 22 -1 19 -8 -9 10 11 -3 -12 15 -15 16 21 -18 -7 -5 -21 -2 23 24 -4 26 -24 -25 29 -20
right_child=2 3 4 6 -6 18 7 8 -10 -11 12 -13 -14 14 -16 -17 17 -19 28 20 -22 -23 25 27 -26 -27 -28 -29 -30 -31
leaf_value=0.0097932751264044066 -0.0015158905499501971 0.0015667147774585666 -0.0034574881179622072 -0.0075879838181990714 -0.0072461555867111352 0.0070014983542835583 -0.0018623465719138364 0.0026528168324993951 -0.0012700747973474556 0.010874807821682746 0.0030253539308259737 0.0067519351329115131 -0.011293781001989413 0.010173518565301774 -0.00091949542626070121 -0.0032171641095256752 0.010251648023662669 -0.00021227169650226343 0.0035506752896558016 0.0050600029696825245 -0.0012881527139581965 -0.004670691663284262 0.0092996234115265402 -0.0065461445644968133 0.0097521684883889685 -0.0086917758222745389 -0.0048809538421927656 -0.0027848305362205596 0.0035345456649367151 -0.016201671595290953
leaf_weight=22.809229917824268 350.69938491284847 601.07980369031429 6.2173229306936255 5.3263392448425284 124.47275525331497 49.826491475105286 209.31514404714108 111.36774817109108 130.33037188649178 7.3690592199563971 5.8177335560321799 32.572764441370964 8.1262415498495084 11.178740426898001 23.590226277709007 197.33651201426983 12.393627330660818 233.51647746562958 11.761447086930277 56.10845211148262 23.338483333587646 70.829478785395622 4.4000755399465552 54.25326581299305 8.9025251269340497 46.107747763395309 28.736173436045647 178.15368485450745 526.60741151869297 5.0316559523344031
leaf_count=189 1559 2616 30 22 1050 305 874 472 547 32 26 142 34 47 111 965 54 1019 67 236 97 322 25 330 44 287 168 1039 3019 28
internal_value=-6.00995e-07 0.00194775 -0.00260736 0.000942011 -0.00485763 0.00388966 -8.9401e-05 -0.000576255 0.000533698 0.00178716 0.00168054 0.00183586 -0.00526932 -0.00147702 0.00263734 -0.00164389 -0.00117682 0.000314987 0.00365938 0.00248662 0.00318331 -0.00204935 -0.0039428 -0.00317921 0.00426759 -0.00630831 -0.00294555 -0.00366961 0.00334985 -0.00236933
internal_weight=3157.58 1806.79 1350.79 1190.75 451.244 616.036 535.787 451.013 241.698 654.966 647.597 633.653 13.944 899.544 34.769 864.775 667.439 245.91 593.227 84.7733 79.4469 421.529 326.771 247.527 15.1198 79.244 33.1362 232.407 543.401 16.7931
internal_count=15756 8706 7050 5098 2973 3608 2248 1893 1019 2850 2818 2758 60 4077 158 3919 2954 1073 3419 355 333 1881 1923 1443 74 480 193 1369 3114 95
is_linear=0
shrinkage=0.01


Tree=170
num_leaves=31
num_cat=0
split_feature=6 2 13 7 2 0 26 15 15 11 26 26 3 3 11 6 3 10 29 15 24 1 24 8 26 10 24 21 11 15
split_gain=157.39 34.6792 33.821 10.1981 9.65499 8.15171 7.12844 6.6696 9.80176 6.95249 6.42434 8.84664 6.10106 6.82829 8.14724 6.98291 5.94157 5.80248 7.41414 14.6813 7.09391 6.59395 6.12234 5.66065 16.5293 6.43345 5.62358 5.26581 5.08159 7.00242
threshold=-0.044263638409454818 -0.87187592546236947 0.97336706065709044 0.21791063385836187 1.6417879253725467 -1.4944002148544933 2.1281499207500025 0.36238992352579208 0.45353763851272749 -0.16045758086820122 -0.19038396958621032 0.40501777931956418 1.5388319076198136 1.2395824601757022 0.91224127803250976 -0.47564102154669602 -1.3609323644690559 0.28922728372679335 -0.010796355703966391 -1.2485181852191907 0.90519266200672344 1.6381189509688483 -1.4499575316116717 -1.7731546777303684 0.51076695552019102 -0.84194039118157293 1.9362619792696807 -1.3605230521581528 -0.55920252598991227 0.37720397875342165
decision_type=2 2 2 2 2 2 2 2 2 2 2 2 2 2 2 2 2 2 2 2 2 2 2 2 2 2 2 2 2 2
left_child=1 5 6 12 -4 -1 17 10 -9 -10 27 -12 13 14 -3 -15 28 18 21 -20 22 -2 -19 24 -18 -25 -22 -5 29 -7
right_child=2 3 4 7 -6 16 -8 8 9 -11 11 -13 -14 15 -16 -17 23 20 19 -21 26 -23 -24 25 -26 -27 -28 -29 -30 -31
leaf_value=0.0097644527948161728 -0.0015516117546994163 0.0015516212373046243 -0.0039124568726974021 -0.0039246903161456641 -0.007211717198707621 -0.0031881737054791212 -0.0092554620544519472 -0.0093942297548003061 -0.0059311670264919495 -0.00010789118859697041 -0.0030519938824025605 0.0012006424531108091 0.010794064175446665 0.0029984160807839718 0.006695592970598691 -0.011165892060365572 0.0038000764050640039 0.0019284462941130496 0.010768071768246403 -0.00013549231596692032 0.0020865935227337273 -0.0084388900998087733 -0.0037135804726530796 0.0075671183525344837 -0.01804885793584254 0.0031984125969479389 -0.007645132051831433 0.002915684509452027 0.010864865865261237 0.0073926022111753288
leaf_weight=22.648892037570477 284.36873672902584 600.85967820882797 326.02497240900993 12.092652902007101 123.82024166733027 8.6997096985578555 11.534801244735716 14.878848880529402 23.851824462413788 145.09713762998581 78.651385724544525 128.71458172798157 7.3507805317640296 5.8122262209653845 32.519499063491821 8.1382071226835233 12.095261588692667 20.751626387238503 12.811303734779356 280.4238151460886 45.756153449416161 14.611915335059164 222.12213711440563 36.601887091994286 4.718404307961463 489.00150947272778 6.6992448419332495 132.4731330126524 20.094828568398952 20.828983552753925
leaf_count=189 1253 2616 1923 52 1050 52 57 62 99 613 330 541 32 26 142 34 69 101 55 1218 216 71 1072 217 26 2802 34 551 129 124
internal_value=-6.03371e-07 0.00193009 -0.00258495 0.000932847 -0.0048242 0.00385931 -0.00146303 -8.85343e-05 -0.00163348 -0.000938946 0.000715846 -0.000408204 0.00177011 0.00166444 0.00181832 -0.00521405 0.0036301 -0.0013596 -0.000785926 0.000340979 -0.00250594 -0.00189426 -0.0032268 0.00332239 -0.00234271 0.00350592 0.000812515 0.00233427 0.00696006 0.00424132
internal_weight=3154.05 1805.13 1348.92 1190.44 449.845 614.689 899.08 535.76 183.828 168.949 351.932 207.366 654.68 647.33 633.379 13.9504 592.041 887.545 592.216 293.235 295.329 298.981 242.874 542.417 16.8137 525.603 52.4554 144.566 49.6235 29.5287
internal_count=15756 8706 7050 5098 2973 3608 4077 2248 774 712 1474 871 2850 2818 2758 60 3419 4020 2597 1273 1423 1324 1173 3114 95 3019 250 603 305 176
is_linear=0
shrinkage=0.01


Tree=171
num_leaves=31
num_cat=0
split_feature=6 2 13 2 0 24 18 5 28 21 24 0 3 23 4 21 13 23 10 25 15 29 28 11 0 11 18 11 25 11
split_gain=154.448 34.1316 33.3608 10.8158 8.09708 7.71725 6.46588 6.38631 6.56033 6.51169 5.97614 6.98025 5.87443 5.68349 7.93538 5.785 5.6527 7.11991 6.05295 7.9073 10.3667 7.6721 6.82948 6.40538 5.64725 5.29724 10.7953 5.07505 9.21733 5.0501
threshold=-0.044263638409454818 -0.87187592546236947 0.88622533803942172 1.6417879253725467 -1.4944002148544933 -0.89201168982792367 0.04538699579894135 0.70322365391141506 -1.7469814705299449 1.1006421003784423 -1.2768503867373069 -0.16022021011044305 -1.3609323644690559 -1.1949359163774902 -0.97830394484472116 0.60413309978050511 0.86251764409700959 0.092347011139241195 0.28922728372679335 -0.36856634269552668 -1.2485181852191907 -1.4384518335167138 -1.3069967628972237 0.049120210644262606 -0.41304272634839928 1.3613962968114899 0.71585073666797439 0.819816439478528 0.49653126255343416 -0.55920252598991227
decision_type=2 2 2 2 2 2 2 2 2 2 2 2 2 2 2 2 2 2 2 2 2 2 2 2 2 2 2 2 2 2
left_child=1 4 16 6 -1 10 27 8 24 -10 -3 -12 29 14 -14 -15 18 -18 19 21 -21 -2 23 -20 -7 -9 -27 -4 -29 -6
right_child=2 5 3 -5 12 7 -8 25 9 -11 11 -13 13 15 -16 -17 17 -19 22 20 -22 -23 -24 -25 -26 26 -28 28 -30 -31
leaf_value=0.0097357362381368003 0.0013131172904155895 0.0010836232913711921 -0.0030123037791885093 -0.0071773512535662463 0.004209021292298735 -0.014564661107427332 -0.0052011792731652493 -0.001384651640392017 0.001559210392069958 -0.0012346464060144717 0.005488313152036569 -0.0015111303593790418 -0.0011806245274496403 0.0043560551013798734 0.0075238859545627024 0.0018649519458621229 -0.0027204453850237817 0.012312457359042531 0.0060900249634033574 0.0078355225681686902 -0.00029398608582234509 -0.0033437903357677956 -0.0032339834623460336 -0.0029938781127709837 -0.0011165315017881605 -0.010754020315363986 0.0049901378381676928 0.0085953352233612366 -0.0073140409404219208 0.010828059873099852
leaf_weight=22.489632584154606 44.451723247766495 123.74969516694546 196.01767517626286 123.17271058261395 29.456917122006416 4.6664343774318686 171.90671895444393 223.23386980593204 592.69763965904713 96.604454606771469 87.14692722260952 16.730232983827591 52.903745546936989 345.38614964485168 12.931086197495459 130.21673638373613 5.686711981892584 6.6508843153715134 16.147007837891582 16.369288772344589 328.49256093800068 167.24593587219715 240.75051619112492 14.622429087758062 9.6519207358360273 4.9458340257406226 30.71569250524044 10.05082495510578 5.5315852016210547 19.962506100535393
leaf_count=189 193 530 1112 1050 176 20 1034 940 2559 410 380 68 279 2005 72 758 30 32 75 70 1417 732 1148 70 39 21 131 56 31 129
internal_value=-6.02346e-07 0.00191258 -0.00256266 -0.00458999 0.00382923 0.00092374 -0.00375474 0.000530702 0.00102539 0.00116608 0.00258034 0.00435101 0.00360111 0.00329517 0.000522742 0.00367665 -0.0013388 0.00533685 -0.0014401 -0.000840054 9.11517e-05 -0.00236107 -0.00266563 0.00174501 -0.00563933 -0.000809775 0.00275468 -0.00257301 0.00287329 0.00691938
internal_weight=3150.59 1803.49 1347.1 506.68 613.347 1190.14 383.507 962.516 703.62 689.302 227.627 103.877 590.857 541.438 65.8348 475.603 840.417 12.3376 828.079 556.56 344.862 211.698 271.52 30.7694 14.3184 258.895 35.6615 211.6 15.5824 49.4194
internal_count=15756 8706 7050 3283 3608 5098 2233 4120 3028 2969 978 448 3419 3114 351 2763 3767 62 3705 2412 1487 925 1293 145 59 1092 152 1199 87 305
is_linear=0
shrinkage=0.01


Tree=172
num_leaves=31
num_cat=0
split_feature=14 13 13 0 0 24 1 6 17 11 19 15 3 3 15 3 11 19 3 9 19 11 16 13 0 17 25 23 15 15
split_gain=151.598 37.8487 28.699 8.58332 7.09952 6.96339 7.67376 8.0628 10.1107 6.5984 8.80785 6.62964 5.99177 5.64192 6.70737 5.37908 6.92451 5.57673 5.3036 4.96811 4.96578 4.7462 4.74192 4.68813 4.60512 4.67222 4.48745 11.3018 6.31119 4.30564
threshold=0.043980552094585033 -0.80689597793973944 1.3356645400587623 -1.4944002148544933 0.71556928069885861 -0.799650996560206 -0.75456094470312751 -0.43818229030780959 -1.7665771214224664 -1.3853099351179321 -1.5441296065108376 -1.0514869663507931 -1.3609323644690559 -1.2662572819347819 1.3195207661089718 -0.96137509970956414 0.065137851375200423 -1.2155542578385778 2.1027006836104505 -1.7128391701662697 -1.3792723007190479 -2.2417119608421929 -1.0944744424274104 -1.2280265127299848 1.9409653875896897 -1.9414763293544854 -0.52214668514953078 -0.59013727430498453 -0.72091128615504219 1.7433204527533186
decision_type=2 2 2 2 2 2 2 2 2 2 2 2 2 2 2 2 2 2 2 2 2 2 2 2 2 2 2 2 2 2
left_child=1 3 4 -1 29 6 7 -3 -9 13 19 -12 -5 14 -7 17 -17 -8 23 -11 21 -6 -23 -14 25 -4 27 -22 -28 -2
right_child=2 5 24 12 20 9 15 8 -10 10 11 -13 18 -15 -16 16 -18 -19 -20 -21 26 22 -24 -25 -26 -27 28 -29 -30 -31
leaf_value=0.0097071247857209563 -0.0010912006830554953 0.0095309952667611206 0.0035492014789285471 0.0067140411624459643 -0.0056049103730848246 -0.011090194273288565 0.0022122172835855459 -0.008671900012497227 0.0046506150691916128 -0.0049392618615466503 0.0027780389682757682 -6.6596780708370656e-05 0.0048946772565164869 0.0016134758895819923 0.001719922623457911 -0.001568825875950965 0.0022814084605664153 0.015610779536337714 -0.0036380517003233716 0.0065004198865338128 -0.0094511743349632582 -0.00052995537563677855 0.012789465220674237 0.002777786999380269 -0.0080090764878031923 -0.005230589624459262 0.00016792366779131899 -0.0027717359242968643 -0.0034637515233458815 -0.0048829656090275328
leaf_weight=22.331451259553432 563.34795002639294 25.257569819688797 6.0776017233729354 50.682945050299168 4.7019879072904578 14.172944903373724 8.7486621588468534 6.8526844978332511 30.767750799655914 4.1133676916360846 91.206522986292839 792.3845552355051 136.06436422467232 10.190713629126547 5.5162687003612509 77.949858918786049 115.64571115374565 4.9482707381248465 11.187522917985914 32.992530211806297 37.350485786795616 4.9499886035919181 5.3619580566883078 484.55405752360821 69.236391879618168 173.07098373025656 64.384483441710472 80.850271731615067 180.51916667819023 31.742159694433212
leaf_count=189 2461 118 38 311 23 60 40 29 130 20 379 3328 891 43 27 329 483 22 62 157 212 23 25 2588 610 1209 355 454 996 144
internal_value=-5.93591e-07 0.00174718 -0.0027563 0.00359244 -0.00198002 0.000680754 0.00209769 0.00515964 0.00218081 0.000276807 0.000428086 0.000226183 0.00338951 -0.00433711 -0.00746013 0.00116204 0.000725967 0.00720324 0.00312021 0.00519553 -0.0030534 0.00253174 0.00635609 0.00324422 -0.00579182 -0.00492534 -0.00328772 -0.00489704 -0.00250523 -0.00129592
internal_weight=3147.16 1925.57 1221.59 704.82 973.208 1220.75 270.171 62.878 37.6204 950.577 920.697 883.591 682.489 29.8799 19.6892 207.293 193.596 13.6969 631.806 37.1059 378.118 15.0139 10.3119 620.618 248.385 179.149 363.104 118.201 244.904 595.09
internal_count=15756 9206 6550 4041 4693 5165 1151 277 159 4014 3884 3707 3852 130 87 874 812 62 3541 177 2088 71 48 3479 1857 1247 2017 666 1351 2605
is_linear=0
shrinkage=0.01


Tree=173
num_leaves=31
num_cat=0
split_feature=6 2 6 7 10 20 1 2 25 15 22 15 15 11 26 26 2 3 3 11 6 8 25 18 23 4 25 25 3 18
split_gain=148.904 33.0589 32.0999 9.85692 9.51823 10.3892 13.326 7.50236 6.82866 11.2514 7.02209 6.50469 9.59034 6.8013 6.26481 8.68213 6.21584 6.00389 6.68479 8.03807 6.82593 6.00058 5.95784 5.60119 5.85026 7.47151 5.42886 5.10932 6.16814 7.1338
threshold=-0.044263638409454818 -0.87187592546236947 1.2149823610813699 0.21791063385836187 0.28922728372679335 0.78517115308168084 1.1158117937908714 -1.3706774009881311 -0.36856634269552668 -1.2485181852191907 0.35995670797928753 0.36238992352579208 0.45353763851272749 -0.16045758086820122 -0.19038396958621032 0.40501777931956418 1.8425486763999241 1.5388319076198136 1.2395824601757022 0.91224127803250976 -0.47564102154669602 1.0799848251473456 0.74127466022611899 -1.1568441288996765 -1.1949359163774902 -0.98439012213870658 -0.30668082020799409 1.1441099668179142 -1.4460359241563234 -1.7499445839104519
decision_type=2 2 2 2 2 2 2 2 2 2 2 2 2 2 2 2 2 2 2 2 2 2 2 2 2 2 2 2 2 2
left_child=1 7 4 17 5 8 21 -1 10 -10 -2 14 -13 -14 22 -16 -4 18 19 -3 -20 -7 -5 -9 25 -25 -26 28 29 -6
right_child=2 3 16 11 27 6 -8 23 9 -11 -12 12 13 -15 15 -17 -18 -19 20 -21 -22 -23 -24 24 26 -27 -28 -29 -30 -31
leaf_value=0.0070646372718881009 -0.0039122788287890651 0.0015134668616380643 -0.0044524853835405187 0.0035409815970615334 -0.0020185195915185584 0.015353276228793877 -0.0037162016233259175 0.0061475990172520567 0.0077489109029412829 -0.0007015693892442644 -0.0002611594491274966 -0.0092992057861068494 -0.0058733372560055841 -0.00011349376917373758 -0.0030314245189113249 0.001181673583225618 -0.0076621576767280635 0.010696319121895869 0.002950228670311745 0.0066278692054594218 -0.011056594482377511 0.002598950435566847 -0.00099802740712986266 -0.0016409072911400988 0.002041467413542288 0.0068309230656267992 0.0043748796968016909 -0.005831456003898056 -0.0027043797790503431 0.011909483532474863
leaf_weight=62.605467692017555 140.01339998841286 600.20891009271145 231.71891771256924 105.07605214416981 8.4678459018468839 10.396380662918096 10.141549885272978 65.602503284811974 16.375019922852516 356.24441030621529 85.414660006761551 14.880285441875456 23.8517996519804 145.06963409483433 78.654576510190964 128.66659590601921 83.867084160447121 7.327690213918685 5.8016435354948035 32.45233915746212 8.1472536474466306 6.0814717859029761 39.409125104546547 49.118620634078979 169.46174144744873 13.096165329217909 250.82462547719479 50.993723258376122 337.52100899070501 6.2442630082368842
leaf_count=504 623 2616 1474 439 39 47 50 393 70 1571 381 62 99 613 330 541 740 32 26 142 34 29 164 255 958 73 1425 262 1734 30
internal_value=-5.79023e-07 0.00187915 -0.0025201 0.000906936 -0.00166189 -0.000886207 0.00520818 0.00377074 -0.00115997 -0.000325545 -0.00253403 -9.71439e-05 -0.00162292 -0.000935697 0.000697392 -0.000412583 -0.00531078 0.00173075 0.00162596 0.0017784 -0.00518015 0.0107504 0.00229619 0.00339146 0.00301346 0.000134459 0.00343712 -0.00286057 -0.00242609 0.00386593
internal_weight=3143.73 1800.26 1343.48 1189.55 1027.89 624.667 26.6194 610.709 598.047 372.619 225.428 535.608 183.802 168.921 351.806 207.321 315.586 653.938 646.61 632.661 13.9489 16.4779 144.485 548.104 482.501 62.2148 420.286 403.227 352.233 14.7121
internal_count=15756 8706 7050 5098 4836 2771 126 3608 2645 1641 1004 2248 774 712 1474 871 2214 2850 2818 2758 60 76 603 3104 2711 328 2383 2065 1803 69
is_linear=0
shrinkage=0.01


Tree=174
num_leaves=31
num_cat=0
split_feature=6 0 13 13 0 24 19 11 18 26 29 21 20 16 25 10 23 26 26 24 25 17 19 17 10 11 10 0 26 18
split_gain=146.113 32.3188 32.1033 9.03061 8.20047 7.37424 7.06463 8.14678 9.20968 7.04567 6.50888 5.75182 9.20315 5.75296 5.61614 9.82453 5.82844 5.56132 11.4623 8.346 6.75638 5.59858 7.0306 5.55193 5.26855 5.53248 4.89165 5.20829 8.66547 4.96231
threshold=-0.044263638409454818 -0.83258579475241201 0.97336706065709044 1.6238370959892461 -1.4944002148544933 -0.87577450962812697 1.3879570490889093 1.3613962968114899 1.519509052810522 2.1281499207500025 1.1331173322619208 1.8981339219384585 -0.54934937910602721 1.3159925531812771 -0.36856634269552668 0.29998626078362961 2.2138167873039212 -0.62168349449236582 0.059865194848650445 -0.99982943270424729 1.893440716950533 -1.7665771214224664 -0.85775443782672611 -2.0272782034410439 -1.3967127613426431 0.98097997970405582 -0.84194039118157293 -1.2169017859684457 -0.20197603695512181 -0.018336737296929678
decision_type=2 2 2 2 2 2 2 2 2 2 2 2 2 2 2 2 2 2 2 2 2 2 2 2 2 2 2 2 2 2
left_child=1 4 9 23 -1 17 24 10 -9 11 -8 14 -13 -14 16 -16 -2 21 20 -20 -19 -3 -23 -4 -7 -26 29 -28 -29 -6
right_child=2 5 3 -5 26 6 7 8 -10 -11 -12 12 13 -15 15 -17 -18 18 19 -21 -22 22 -24 -25 25 -27 27 28 -30 -31
leaf_value=0.0096578695497691793 -0.0026880843315189389 -0.007600662399116994 0.004650514003113772 -0.0069991504678388727 0.0037064677459146614 0.0051125810408033422 -0.0055421282519915564 -0.0035405253065830576 0.0072746611838725543 -0.009178249774069832 0.0041178702560855903 0.010100862420182802 -0.0036290715581539274 0.0079318318397748454 0.00013579536243723495 -0.0027328478438023258 0.0082553341767104913 0.0087503704498952239 -0.00570227817556326 0.0073889159227783002 -0.0029036930415993374 0.0066540770826303674 0.0008179164868326068 -0.0040055568093726405 0.00042067674360202596 0.0043651013407813776 0.0047210992532777515 0.00075422936528288817 0.0037298394206762399 0.0095636149847086582
leaf_weight=22.060401849448681 314.55685992538929 6.4737010151147834 7.4029570817947379 123.91158817708492 36.387885913252831 26.768303513526917 53.32589191198349 15.215765729546549 15.974929451942442 11.462690219283102 7.8271348476409903 11.186041235923765 17.997427046298984 5.5262233316898337 351.31173765659332 180.27147394418716 4.8053581416606894 44.028185337781906 14.301763236522676 7.2263699173927298 5.4193583577871314 24.858442962169647 123.20040298998356 313.31023690849543 769.57506863772869 37.269627928733826 152.98835109174252 163.87936221063137 246.66924354434013 25.170886971056461
leaf_count=189 1441 28 38 1051 216 129 224 65 68 57 33 47 85 26 1533 866 22 189 61 31 23 111 520 1884 3253 158 994 890 1375 149
internal_value=-5.6755e-07 0.0018621 -0.00249819 -0.00469609 0.00365045 0.000855896 0.000459515 -0.00216063 0.00197227 -0.00140737 -0.00428469 -0.00130464 0.00267018 -0.000848751 -0.00146824 -0.000835474 -0.00251776 0.00247811 0.00479943 -0.00124786 0.00744964 0.00140307 0.00180836 -0.00380125 0.000751185 0.000604635 0.00343533 0.00313825 0.00254497 0.00612925
internal_weight=3140.36 1798.62 1341.74 444.625 647.156 1151.46 925.957 92.3437 31.1907 897.118 61.153 885.655 34.7097 23.5237 850.945 531.583 319.362 225.508 70.9757 21.5281 49.4475 154.533 148.059 320.713 833.613 806.845 625.096 563.537 410.549 61.5588
internal_count=15756 8706 7050 2973 3813 4893 3930 390 133 4077 257 4020 158 111 3862 2399 1463 963 304 92 212 659 631 1922 3540 3411 3624 3259 2265 365
is_linear=0
shrinkage=0.01


Tree=175
num_leaves=31
num_cat=0
split_feature=14 13 13 0 2 18 24 1 11 22 19 15 7 19 8 5 21 10 26 24 14 15 15 22 13 29 25 15 21 24
split_gain=143.473 36.1466 27.7325 8.42725 6.83645 7.06728 6.70805 7.53394 6.46369 12.4581 8.59999 6.48494 6.20166 5.92372 8.12754 8.56079 5.88206 7.79264 5.88179 5.82237 5.79349 5.60623 5.12807 5.05673 4.92804 4.90855 11.6 5.02661 4.69739 4.65804
threshold=0.043980552094585033 -0.80689597793973944 1.3356645400587623 -1.4944002148544933 0.51157606918868004 -0.28449750448624117 -0.799650996560206 -0.75456094470312751 -1.3853099351179321 -0.25595900626924611 -1.5441296065108376 -1.0514869663507931 -1.7639608293983271 -1.5746346657417696 -1.7731546777303684 -1.4098302566003136 -1.1337162640279617 -1.1982224510460082 -0.6459830862641428 1.9362619792696807 -0.3242847444588543 0.37720397875342165 1.3195207661089718 -1.0052462486263203 0.76782651800769697 1.632432623888074 1.0422657853440109 1.7433204527533186 0.60413309978050511 1.4166103964194148
decision_type=2 2 2 2 2 2 2 2 2 2 2 2 2 2 2 2 2 2 2 2 2 2 2 2 2 2 2 2 2 2
left_child=1 3 4 -1 24 29 7 12 9 -8 23 -12 -3 21 15 -15 -9 -18 -7 -20 -14 -5 -11 -10 25 27 -27 -2 -16 -6
right_child=2 6 -4 13 5 18 8 16 10 22 11 -13 20 14 28 -17 17 -19 19 -21 -22 -23 -24 -25 -26 26 -28 -29 -30 -31
leaf_value=0.0096295234112234711 -0.0011182219385706257 -0.0035613673934611892 -0.0056917580763685225 -0.0011015526119457619 -0.0016745053846825813 -0.0059051787019167726 -0.013249276246207746 0.006547211996102315 -0.0037523880600824435 -0.0024572913681296222 0.0027389092347462375 -7.5402998871356553e-05 0.0092379415818842469 0.0036155009639853748 0.0037261877637891727 -0.015273781780060757 0.0066743666810777647 -7.7588579239021809e-05 -0.0024781702887931851 -0.010155931717511954 0.0026865230588793781 0.0097226107817897714 0.0095260052608327605 0.006650674907319104 0.009107947876893778 0.016792586949630699 -0.00050283353734173572 -0.0069030052471728085 0.0017052796769666154 0.003835699868961514
leaf_weight=21.905160702764988 389.65921540558338 7.1304756999015799 245.58051608502865 5.7121678888797787 193.59440878033638 83.046238675713539 10.14934688806534 18.179523751139641 5.2804567813873282 15.170370355248453 91.148149430751801 792.08504877984524 29.760336682200432 4.5043787211179733 485.45539025962353 4.8072900921106321 18.87075537443161 170.05771742761135 236.27949967980385 10.326094910502432 25.825419291853905 24.581243231892586 4.553727611899375 31.703602403402328 4.6653861552476874 4.9631448239088085 16.111457213759422 15.615935623645781 153.80236079543829 16.470930889248848
leaf_count=189 1665 36 1857 35 983 462 46 78 25 63 379 3328 135 27 2730 26 84 712 1267 57 106 151 21 152 20 20 67 70 883 82
internal_value=-5.14173e-07 0.00170099 -0.00268811 0.00351118 -0.0019267 -0.00267767 0.000660129 0.00205184 0.000263657 -0.00430343 0.000413459 0.000214174 0.0050902 0.0033109 0.00310545 -0.0060888 0.00112493 0.000594701 -0.00359261 -0.0028077 0.00622237 0.00765178 0.000292961 0.00513228 -0.000983612 -0.00109849 0.00358314 -0.00134523 0.00324187 -0.00123608
internal_weight=3137 1920.68 1216.31 700.768 970.732 539.717 1219.91 269.824 950.091 29.8734 920.217 883.233 62.7162 678.863 648.569 9.31167 207.108 188.928 329.652 246.606 55.5858 30.2934 19.7241 36.9841 431.015 426.35 21.0746 405.275 639.258 210.065
internal_count=15756 9206 6550 4041 4693 2851 5165 1151 4014 130 3884 3707 277 3852 3666 53 874 796 1786 1324 241 186 84 177 1842 1822 87 1735 3613 1065
is_linear=0
shrinkage=0.01


Tree=176
num_leaves=31
num_cat=0
split_feature=6 0 6 10 20 17 19 0 7 22 25 15 29 15 15 20 26 26 14 25 9 5 16 22 16 20 7 7 20 23
split_gain=140.866 31.3167 30.9524 9.0752 10.2309 12.1986 9.68468 8.08122 7.46754 6.74362 6.56316 11.0023 6.99161 6.33745 9.59759 6.71984 6.42465 7.83421 6.123 5.98146 5.62628 8.64815 5.30654 5.87655 5.81823 5.75446 5.07101 7.87898 5.35282 5.17502
threshold=-0.044263638409454818 -0.83258579475241201 1.2149823610813699 0.28922728372679335 0.78517115308168084 1.1721711461578994 0.97934119564447675 -1.4944002148544933 0.21791063385836187 -2.1909796318538088 -0.36856634269552668 -1.2485181852191907 -1.4657980356862244 0.36238992352579208 0.45353763851272749 0.26635339257526919 -0.19038396958621032 0.40501777931956418 1.8452293180457613 0.74127466022611899 0.017352440548522075 -0.55158007956031996 -2.1492127069821456 1.2211293115790589 1.1220660257754302 0.99011262423900159 -1.4347390168964478 -1.7639608293983271 -1.5545438713638859 -0.65550610150980926
decision_type=2 2 2 2 2 2 2 2 2 2 2 2 2 2 2 2 2 2 2 2 2 2 2 2 2 2 2 2 2 2
left_child=1 7 3 4 10 6 -6 -1 9 -3 12 -12 -2 16 -15 -16 19 -18 26 -10 21 -11 -5 25 -25 -24 27 -4 -29 -28
right_child=2 8 18 22 5 -7 -8 -9 13 20 11 -13 -14 14 15 -17 17 -19 -20 -21 -22 -23 23 24 -26 -27 29 28 -30 -31
leaf_value=0.00960126818324516 0.00099988378306973928 -0.010731208534279963 -0.0060204478019126187 0.0079895104775988841 0.015898678858435603 -0.0042880126125180136 0.0006592333513900238 0.0033817590632369333 0.0036490523141133754 0.0025338623149600541 0.0076720945450306091 -0.00068417249847927525 -0.003367942597100946 -0.0092114713738833693 -0.009523497866232614 -0.00037914155171348067 -0.0028765482973214141 0.0011547159116476362 -0.0075728518058651674 -0.00092577351131302357 0.0037844650755999637 -6.3746671621110136e-05 -0.0015267943326770349 -0.0090792007617240753 0 -0.0041452675138089765 -0.007323222195010695 0.012414179688265581 -0.00024172489400969409 -0.0038207759101404389
leaf_weight=21.750995203852654 45.586869418621063 4.2944159209728232 11.822816446423532 4.374653384089469 10.740771532058721 8.8540873527526838 7.0207816064357749 622.79802889376879 103.64740274846554 256.27861641347408 16.376374512910843 355.97603921592236 179.45239612460136 14.882226839661596 8.3838325291872007 160.13340117037296 77.479369401931763 126.91533075273037 82.276033207774162 38.963341534137726 105.1208528727293 254.81583930552006 224.59645681083202 27.225865021348 9.5049791038036329 135.98532035946846 61.630941055715084 5.6797068268060684 7.5590014681220037 143.53398465365171
leaf_count=189 203 18 66 22 48 44 34 3624 432 1124 70 1571 801 62 34 676 324 532 732 162 449 1080 1111 146 51 735 407 32 40 937
internal_value=-4.99911e-07 0.00182955 -0.00245659 -0.00161541 -0.000858181 0.00518995 0.00996824 0.00359465 0.000839947 0.00158461 -0.00113014 -0.000312011 -0.00247865 -2.94692e-05 -0.00153437 -0.000845387 0.000763231 -0.000369174 -0.0052129 0.00239236 0.00167379 0.00123706 -0.00278875 -0.00291192 -0.00673509 -0.00251794 -0.00436226 -7.47867e-05 0.00516534 -0.00488083
internal_weight=3133.66 1795.46 1338.2 1025.69 624.007 26.6156 17.7616 644.549 1150.91 620.51 597.392 372.352 225.039 530.405 183.399 168.517 347.005 204.395 312.502 142.611 616.215 511.094 401.687 397.313 36.7308 360.582 230.226 25.0615 13.2387 205.165
internal_count=15756 8706 7050 4836 2771 126 82 3813 4893 2671 2645 1641 1004 2222 772 710 1450 856 2214 594 2653 2204 2065 2043 197 1846 1482 138 72 1344
is_linear=0
shrinkage=0.01


Tree=177
num_leaves=31
num_cat=0
split_feature=0 14 4 0 28 5 11 21 24 15 19 20 17 1 19 19 11 0 10 14 7 14 24 8 27 16 19 17 20 0
split_gain=138.316 37.6876 24.8602 8.5187 6.08202 8.44048 8.366 8.3029 6.70362 7.5688 13.5871 6.12453 9.03495 6.42137 5.84809 5.72421 6.92452 6.24484 7.35269 9.79618 7.48899 5.77084 5.63202 5.30979 6.20837 5.11858 6.22052 4.63646 4.55813 4.48364
threshold=0.10872657857039149 -0.76157425996426065 1.3299579684881662 -1.3968135513546232 -1.7918079738412511 -1.2460889858619002 0.19534344525382427 -0.092913101493689795 -0.9073887924547408 -1.1682280271607357 0.45784664367669275 -1.0062831916602575 -0.9527973664019701 0.67481302014625155 2.8322821358373869 -1.3792723007190479 -2.2417119608421929 0.51788838866760134 -0.62771122239698796 0.45447248451948025 0.64081901739303027 0.29744942276241254 -0.70849140740765626 -1.498428129930214 0.88325683392572618 -0.87674376142977251 -0.43165557820371747 -1.6705551342050393 -1.234858007010458 1.9409653875896897
decision_type=2 2 2 2 2 2 2 2 2 2 2 2 2 2 2 2 2 2 2 2 2 2 2 2 2 2 2 2 2 2
left_child=1 3 15 25 5 -3 -7 -8 11 10 -10 12 -6 -13 27 16 -2 18 19 -17 -20 -19 -11 24 -18 26 -1 -5 -25 -4
right_child=2 4 29 14 8 6 7 -9 9 22 -12 13 -14 -15 -16 17 23 21 20 -21 -22 -23 -24 28 -26 -27 -28 -29 -30 -31
leaf_value=0.0072437419602966423 -0.0050311143681656201 0.0093241738214347968 -0.0047734318790704292 0.0072658180393438167 -0.0007485956770830125 -0.0080086246252162527 -0.0064460404148875055 0.0053985703271708608 0.00528778477949623 -0.0027411100217852053 -0.0070044980041262953 0.00040202427932654856 0.0099067660177782485 0.004807791870630961 -0.0086119678766922777 -0.006501297226886432 -0.0053061641448634489 -0.011943864641398842 0.0010261611083928642 0.0015038660633672884 -0.0023881136127028709 -0.002803771921829637 0.00031513666401697686 0.01182893793286628 0.0080583307971767628 0.0092753924225987393 -0.010597191101968013 0.0030156126447686816 0.0028739213804487929 -0.0078631670529298626
leaf_weight=5.0271268934011459 14.18127219378948 5.1125527620315543 171.81246711313725 27.051611751317978 12.016991913318632 25.346533834934235 10.387519016861917 13.467486932873724 61.032866135239601 64.701536774635315 10.390560910105703 128.94204244017601 22.455986648797989 44.695682197809219 4.0891352891921988 49.110304966568947 11.961701706051825 6.9879490137100211 153.9266966432333 21.864808797836304 109.91582913696766 496.95015816390514 862.64220029115677 8.3633519411087018 4.7535851597785941 36.002292416989803 3.0517250671982747 657.68496863543987 19.001287341117866 67.428941562771797
leaf_count=43 66 22 1222 171 53 104 43 56 256 271 43 541 98 186 19 213 55 36 660 95 477 2662 3598 38 20 310 25 3678 85 610
internal_value=-5.22737e-07 0.00158587 -0.00278537 0.00338937 0.000536843 -0.00272993 -0.00401914 0.000193782 0.000684903 0.000343419 0.00347825 0.002318 0.00617205 0.00154397 0.00311329 -0.00201933 0.000998399 -0.00223024 -0.00116618 -0.00402249 -0.00039279 -0.00293484 0.000100549 0.00296783 -0.00142071 0.00766397 0.000335029 0.00318602 0.00568032 -0.00565136
internal_weight=3130.36 1994.1 1136.26 732.907 1261.19 54.3141 49.2015 23.855 1206.88 998.767 71.4234 208.111 34.473 173.638 688.826 897.017 58.2612 838.756 334.818 70.9751 263.843 503.938 927.344 44.0799 16.7153 44.0811 8.07885 684.737 27.3646 239.241
internal_count=15756 9517 6239 4246 5271 225 203 99 5046 4168 299 878 151 727 3868 4407 264 4143 1445 308 1137 2698 3869 198 75 378 68 3849 123 1832
is_linear=0
shrinkage=0.01


Tree=178
num_leaves=31
num_cat=0
split_feature=6 2 13 2 7 0 19 17 16 15 8 11 25 17 13 23 11 19 20 11 21 29 6 22 6 25 16 11 29 1
split_gain=135.939 30.5654 30.4407 10.3408 9.29837 7.76582 6.40684 8.99388 7.13932 6.32754 6.39918 9.07513 5.78395 6.492 5.75875 7.15623 5.50964 12.3594 12.7876 9.70203 6.15161 5.64049 5.4029 7.68215 6.21836 5.39988 5.60672 5.54052 5.47661 5.30283
threshold=-0.044263638409454818 -0.87187592546236947 0.88622533803942172 1.6417879253725467 0.21791063385836187 -1.4944002148544933 -1.6158737547060038 -0.2515600061845073 -1.5841071089706882 -0.92350901412707243 0.81784163561906187 0.83464204928484131 1.3861730890065262 0.56702574380434145 0.86251764409700959 0.092347011139241195 0.91224127803250976 0.91083349021805671 0.13652938408682927 0.8468407126159978 1.1006421003784423 0.3769395500553126 0.5150921703456065 -1.5818465787320857 0.59122510077753299 1.0073179283718081 -0.65787604753370077 -1.2531740350634506 1.4233581941567908 2.7893314369861733
decision_type=2 2 2 2 2 2 2 2 2 2 2 2 2 2 2 2 2 2 2 2 2 2 2 2 2 2 2 2 2 2
left_child=1 5 6 25 16 -1 7 8 -2 12 -11 -12 13 -6 22 -16 19 21 -19 20 -3 -18 23 -8 -24 26 27 -4 -28 -7
right_child=2 4 3 -5 9 29 14 -9 -10 10 11 -13 -14 -15 15 -17 17 18 -20 -21 -22 -23 24 -25 -26 -27 28 -29 -30 -31
leaf_value=0.0095509562212049998 0.010687476029525411 0.0019887587942716591 0.0029540296064266727 -0.0069562753819878377 0.0052996047457524557 0.0034847847758291894 -0.0058732610679677055 0.012771149998425766 -0.0020364507045795084 -0.0018634634061023233 0.0022129545016918691 -0.0016976422418662129 -0.0051177114650780018 -0.00095895212091091225 -0.002553014201368295 0.01281237477692081 0.013757090384898297 -0.011179038408582387 0.0047941213650530088 -0.0083720385879371625 -0.00091027653112488323 0.0031074224777284144 -0.0060291224162197224 -0.00068607304727195896 -0.0019873919521454907 -0.0063134912967470758 -0.0040889510421278051 -0.0025393462622216581 0.0055180282585426737 -0.0084772211671117481
leaf_weight=21.476304046809673 5.3190633356571224 511.69727982580662 26.452043280005455 119.0766054391861 51.680758893489838 579.35379070788622 30.225928530097008 7.2094654887914649 23.462539866566658 209.18770951032639 137.40204119682312 104.09174861013889 8.9627116620540601 23.972837790846825 5.6309200227260572 6.1843093484640121 15.122344911098482 7.1568898558616665 16.09098120033741 9.8426816910505277 84.840069890022278 7.8964690268039694 47.436788693070412 510.90640254318714 201.08224929869175 60.525135263800621 226.43314884603024 58.858845725655556 5.9226242601871482 3.5897783041000357
leaf_count=189 22 2240 145 1050 218 3399 137 30 100 874 582 437 37 100 30 30 67 31 70 42 365 35 230 2200 988 357 1354 342 35 20
internal_value=-5.15045e-07 0.00179834 -0.00241685 -0.00437726 0.000865624 0.00362944 -0.00125121 0.00286172 0.000309268 -0.00010953 -0.000582532 0.000523215 0.00239567 0.00330457 -0.00143749 0.00544562 0.00166687 0.00499842 -0.000107227 0.00141024 0.0015747 0.0101763 -0.00154243 -0.000978692 -0.00276501 -0.00356097 -0.00303157 -0.000822862 -0.0038375 0.00340797
internal_weight=3127.09 1792.36 1334.73 497.268 1187.94 604.42 837.458 35.9911 28.7816 535.298 450.681 241.494 84.6163 75.6536 801.467 11.8152 652.647 46.2667 23.2479 606.38 596.537 23.0188 789.651 541.132 248.519 378.192 317.667 85.3109 232.356 582.944
internal_count=15756 8706 7050 3283 5098 3608 3767 152 122 2248 1893 1019 355 318 3615 60 2850 203 101 2647 2605 102 3555 2337 1218 2233 1876 487 1389 3419
is_linear=0
shrinkage=0.01


Tree=179
num_leaves=31
num_cat=0
split_feature=2 13 13 2 0 7 18 24 24 7 26 26 0 16 29 13 26 18 10 3 27 21 26 3 11 24 19 19 9 24
split_gain=133.408 40.763 20.2547 10.263 7.49828 6.70521 6.33528 6.18766 7.16106 7.1496 6.10908 11.1933 13.4214 7.02224 6.24653 6.1658 5.98972 5.60579 7.72113 7.19239 6.49742 10.9645 7.44784 5.54688 5.32521 6.1023 5.56547 5.13728 5.05972 4.87375
threshold=-0.25470253582145658 0.88622533803942172 -0.90047407995484008 1.6417879253725467 -1.4944002148544933 -2.0552881325230472 0.04538699579894135 -0.86330364382741465 -1.1291470428450709 -1.7230627315003029 -0.21074436080714951 -0.3054432207544609 -1.2384775600148117 2.0913822277114673 -1.6385505323079914 -1.0367412021513613 2.2584517362145697 -0.33644803961196618 1.3992137497966464 -0.65237339101252212 0.43615010295572126 1.1401994879840223 -0.70142972754296207 -1.1666891615346984 -1.579266969924727 0.27341241544355005 0.82344990375890059 1.2922653456945496 -1.838947516580294 -0.022816534818843614
decision_type=2 2 2 2 2 2 2 2 2 2 2 2 2 2 2 2 2 2 2 2 2 2 2 2 2 2 2 2 2 2
left_child=2 16 4 6 -1 28 27 8 9 -7 11 14 -13 15 -6 -12 17 20 19 -19 22 -22 -2 -10 25 -9 -26 -3 -4 -20
right_child=1 3 5 -5 10 7 -8 24 23 -11 13 12 -14 -15 -16 -17 -18 18 29 -21 21 -23 -24 -25 26 -27 -28 -29 -30 -31
leaf_value=0.0095229403889369787 -0.0036099822717878967 -0.0025665690793158051 -0.0025397336878402676 -0.0069224249712181362 -0.0066684669230962449 -0.011343547805541223 -0.0049786577674440155 0.0014172882173266808 0.012392944620213899 0.0018394813955366369 0.0035958544792133494 0.011771389978297036 -0.0089162824906121804 -0.0055019306678822447 0.0032050014049039401 0.0066636697276586309 -0.0080545681569334088 -0.0078843367539774729 -0.0019585972075000708 -0.00093131482517755523 0.0028270271080690951 -0.0046620360271490526 0.00011720898316705914 0.0042081115869002182 0.001273779395824691 -0.013995506429897657 -0.0009371784377302418 0.0094610352460459887 0.0093122654018273632 -0.0081184154989956386
leaf_weight=21.325142234563828 72.458687171339989 205.20613344013691 4.3720307797193554 118.46585977077484 6.4619228988885871 4.1589949727058402 168.74388025701046 4.8059546798467618 10.134656757116316 109.34923793375492 203.78323393315077 3.7592469975352314 16.150394901633263 6.8646108061075202 203.32041116058826 99.066867604851723 11.57965613901615 15.174532532691954 26.161350592970848 652.06757551431656 130.79597225785255 22.804728895425797 203.49507761001587 49.86211071908474 559.2968485057354 5.1317484080791473 142.33568233251572 3.4839273542165747 16.838768094778061 26.356738924980164
leaf_count=189 320 1179 24 1050 36 20 1034 21 49 481 1230 25 88 39 1185 567 54 66 126 2865 555 97 874 218 2490 24 607 20 97 126
internal_value=-5.23689e-07 -0.00194539 0.00219524 -0.00434557 0.00368988 0.00126908 -0.00353251 0.00113412 0.00282884 0.00133809 0.0034557 0.00220957 -0.00492085 0.00437562 0.00289307 0.00460455 -0.000918961 -0.000845503 -0.00138503 -0.0010921 5.63043e-05 0.00170633 -0.000858791 0.00562565 0.000719143 -0.00650227 0.000823762 -0.00235655 0.00682192 -0.00507852
internal_weight=3123.81 1656.79 1467.02 495.9 560.732 906.286 377.434 885.075 173.505 113.508 539.407 229.692 19.9096 309.715 209.782 302.85 1160.89 1149.31 719.76 667.242 429.554 153.601 275.954 59.9968 711.57 9.9377 701.633 208.69 21.2108 52.5181
internal_count=15756 8366 7390 3283 3359 4031 2233 3910 768 501 3170 1334 113 1836 1221 1797 5083 5029 3183 2931 1846 652 1194 267 3142 45 3097 1199 121 252
is_linear=0
shrinkage=0.01


Tree=180
num_leaves=31
num_cat=0
split_feature=14 13 6 0 10 21 18 26 24 1 6 17 11 22 19 15 6 13 21 19 8 5 21 10 6 15 7 28 29 17
split_gain=131.118 33.3563 26.2386 8.13973 7.55984 8.53693 8.84178 6.87037 6.44682 7.36488 7.79256 9.79933 6.30077 12.228 8.29626 6.20455 6.04912 8.63972 6.95386 5.85649 8.04165 8.35817 5.795 7.60974 5.65265 5.59238 5.33849 10.0345 5.13073 9.29088
threshold=0.043980552094585033 -0.80689597793973944 1.3936210920767307 -1.4944002148544933 0.28922728372679335 -1.7107446203542904 -0.037590101874764199 -1.6404897112243424 -0.799650996560206 -0.75456094470312751 -0.43818229030780959 -1.7665771214224664 -1.3853099351179321 -0.25595900626924611 -1.5441296065108376 -1.0514869663507931 0.83674169705220403 0.86251764409700959 2.0243325327872093 -1.5746346657417696 -1.7731546777303684 -1.4098302566003136 -1.1337162640279617 -1.1982224510460082 -0.57079873118409885 0.37720397875342165 -1.4784614242221701 -0.077746997382543384 -1.4384518335167138 -0.028754051886566642
decision_type=2 2 2 2 2 2 2 2 2 2 2 2 2 2 2 2 2 2 2 2 2 2 2 2 2 2 2 2 2 2
left_child=1 3 4 -1 5 6 -2 -4 9 10 -3 -12 13 -10 -14 -16 17 -7 -18 25 21 -21 -11 -24 -15 -5 27 -9 29 -6
right_child=2 8 7 19 28 16 -8 26 12 22 11 -13 14 24 15 -17 18 -19 -20 20 -22 -23 23 -25 -26 -27 -28 -29 -30 -31
leaf_value=0.0094950060615904032 0.016309906093654087 0.0093336295246167714 0.0045630110765928576 -0.0012438110322979343 -0.0010779241589990486 -0.00078425977240827378 -6.298458460395897e-05 0.011589173420351493 -0.013123819963512043 0.0064681710682334918 -0.0085951061297025143 0.0045204832651074061 0.0050358444242775595 -0.0092121996971489505 0.0026654999818013754 -8.9303646040209402e-05 -0.0032477968985057722 0.0090472550057554297 0.0062115317994217347 0.0034749383754363421 0.0031142012783181038 -0.015229791874328791 0.0065741193997696096 -0.00011069296227937836 0.0033088794931999872 0.0096166141400682217 -0.006639989363535337 -0.0056216727672893105 -0.0025257746473800057 -0.011194617637835127
leaf_weight=21.175050050020218 5.5423653274774551 24.981018990278244 5.9909605830907813 5.6670629829168346 17.513047978281975 334.22143094241619 7.6476461291313154 4.6588524058461216 10.159919902682306 18.13295441865921 6.8583271205425254 30.667466163635254 36.801627069711685 4.621576905250552 91.010456770658493 791.56884504854679 167.18440367281437 9.0728476494550687 7.9908002614974967 4.4579867646098137 633.94530297070742 4.8132796511054021 18.795043617486954 169.89314991235733 15.083128869533537 24.223043911159039 183.55214517563581 11.607859745621679 433.41922102123499 19.350715897977352
leaf_count=189 25 118 47 35 91 1461 34 26 46 78 29 130 177 22 379 3328 892 43 42 27 3613 26 84 712 62 151 1445 76 2265 103
internal_value=-5.30751e-07 0.00162789 -0.0025804 0.00337753 -0.00191052 -0.00109019 0.00681252 -0.00583421 0.00063002 0.00199574 0.00500542 0.00208039 0.000241304 -0.00426858 0.000389336 0.000193905 -0.00129444 -0.000518954 -0.0028073 0.00318221 0.00297762 -0.00618801 0.00107932 0.000553007 0.000289983 0.00752689 -0.00615307 -0.000590625 -0.00283535 -0.0064314
internal_weight=3120.61 1912.86 1207.75 694.282 1001.94 531.659 13.19 205.81 1218.57 269.328 62.5068 37.5258 949.246 29.8646 919.381 882.579 518.469 343.294 175.175 673.107 643.217 9.27127 206.821 188.688 19.7047 29.8901 199.819 16.2667 470.283 36.8638
internal_count=15756 9206 6550 4041 4956 2497 59 1594 5165 1151 277 159 4014 130 3884 3707 2438 1504 934 3852 3666 53 874 796 84 186 1547 102 2459 194
is_linear=0
shrinkage=0.01


Tree=181
num_leaves=31
num_cat=0
split_feature=6 13 2 2 7 0 26 15 28 3 3 6 28 28 7 3 6 15 17 18 0 23 25 17 28 22 26 1 10 23
split_gain=128.864 29.1633 29.0787 9.02132 8.93802 7.59992 6.90938 6.14767 6.32729 5.90918 6.49738 6.56981 6.0268 5.85775 8.70898 6.4785 6.21649 7.84619 5.84292 5.70405 5.84741 8.0764 5.66632 6.38211 5.35413 5.0556 6.08894 7.9461 6.35796 5.89089
threshold=-0.044263638409454818 0.97336706065709044 -0.87187592546236947 1.6417879253725467 0.21791063385836187 -1.4944002148544933 2.1281499207500025 -0.92350901412707243 1.8514214269975733 1.5388319076198136 1.2395824601757022 -0.47564102154669602 -1.7072640466508056 0.60193686865102736 -1.4784614242221701 -1.4460359241563234 1.2149823610813699 -0.70077193846386698 -1.6705551342050393 -1.1568441288996765 -0.89358875114177017 -0.86696645056149324 1.3861730890065262 0.56702574380434145 -2.2814820529857971 -1.6952643043878195 -0.65886913807859271 1.6066750482845156 0.28922728372679335 -2.0837150458119367
decision_type=2 2 2 2 2 2 2 2 2 2 2 2 2 2 2 2 2 2 2 2 2 2 2 2 2 2 2 2 2 2
left_child=2 6 5 13 9 -1 25 22 24 10 12 -12 -4 14 15 -3 17 -15 -16 -7 21 -21 23 -6 -9 29 27 -27 -28 -2
right_child=1 3 4 -5 7 19 -8 8 -10 -11 11 -13 -14 16 18 -17 -18 -19 -20 20 -22 -23 -24 -25 -26 26 28 -29 -30 -31
leaf_value=0.0094671496912684169 0.003664172826590411 -0.0032218809801212661 -0.0028520933421161891 -0.0068596641319708966 0.0052394836601052921 0.0060692382145490211 -0.0090551750039600306 -0.0097099838155339912 -0.0062378625535160319 0.010547986845642955 0.0028151818593752935 -0.010940534753880205 0.0018880249879569975 0.0096805114895956376 0.0045937524336058548 0.0099761385551637525 -0.0084359847620965982 -0.0045828268298240158 -0.0036389831227760833 0.00017485256531501789 0.0069218010164119308 0.0033499427982131959 -0.0050762467527495922 -0.00096783984129146094 -0.00019286591442166425 -0.0019988032835380415 0.00016171703293635519 -0.010193711365209817 -0.0019990535222855635 -0.0072319879419794533
leaf_weight=21.026025161147118 5.945021957159045 6.1508044600486746 27.822056040167809 117.34116397053003 51.608506396412849 67.709546193480492 11.34880571067333 5.9019677639007559 18.843167349696159 7.2871177792549124 5.7719018906354895 8.1557274460792524 602.86002889275551 4.3382943123579016 8.7874962687492353 8.842102497816084 44.660945236682892 28.072450593113899 217.71539196372032 102.80167698860168 34.994943618774414 374.21281372755766 8.96507880091667 23.964343041181564 425.79202008247375 222.68839383125305 413.16634750366211 12.486820995807646 202.4918390661478 25.693291187286377
leaf_count=189 29 30 119 1050 218 421 57 25 79 32 26 34 2639 25 48 44 287 168 1321 571 199 2228 37 100 1789 1025 1803 63 979 121
internal_value=-5.11512e-07 -0.00235814 0.0017526 -0.00447946 0.000844035 0.00354566 -0.00132208 -0.000112048 -0.000578257 0.00163021 0.00152623 -0.00518916 0.00167691 -0.00359773 -0.00282178 0.00450995 -0.00600929 -0.00261897 -0.00331328 0.00332758 0.00296194 0.00266795 0.0023585 0.00325923 -0.000327515 -0.00122048 -0.00107268 -0.00244232 -0.000547552 -0.00514793
internal_weight=3117.45 1329.73 1787.72 435.909 1186.97 600.745 893.821 535.075 450.537 651.897 644.61 13.9276 630.682 318.567 241.496 14.9929 77.0717 32.4107 226.503 579.719 512.009 477.014 84.5379 75.5728 431.694 882.472 850.833 235.175 615.658 31.6383
internal_count=15756 7050 8706 2973 5098 3608 4077 2248 1893 2850 2818 60 2758 1923 1443 74 480 193 1369 3419 2998 2799 355 318 1814 4020 3870 1088 2782 150
is_linear=0
shrinkage=0.01


Tree=182
num_leaves=31
num_cat=0
split_feature=6 13 2 2 7 0 19 17 16 15 15 11 15 17 3 3 11 6 13 23 3 0 23 28 25 3 3 6 22 6
split_gain=126.446 28.7591 28.6126 10.035 8.76636 7.54619 6.22315 8.80481 7.02158 6.10868 9.21529 6.59591 6.0401 7.80222 5.81281 6.36804 7.79072 6.43138 5.65724 6.97247 5.6455 5.68157 7.50461 5.51609 5.36955 6.19723 10.7647 5.29667 7.46385 6.12161
threshold=-0.044263638409454818 0.88622533803942172 -0.87187592546236947 1.6417879253725467 0.21791063385836187 -1.4944002148544933 -1.6158737547060038 -0.2515600061845073 -1.5841071089706882 0.36238992352579208 0.45353763851272749 -0.16045758086820122 0.038560235115108796 -0.57540412915204309 1.5388319076198136 1.2395824601757022 0.91224127803250976 -0.47564102154669602 0.86251764409700959 0.092347011139241195 -1.3609323644690559 -0.89358875114177017 -0.90856959363444889 0.57775466653702046 1.0073179283718081 0.45121575534737079 0.33366647691381618 0.5150921703456065 -1.5818465787320857 0.59122510077753299
decision_type=2 2 2 2 2 2 2 2 2 2 2 2 2 2 2 2 2 2 2 2 2 2 2 2 2 2 2 2 2 2
left_child=2 6 5 24 14 -1 7 8 -2 12 -11 -12 13 -6 15 16 -4 -17 27 -20 -7 22 -22 -14 25 26 -3 28 -8 -29
right_child=1 3 4 -5 9 20 18 -9 -10 10 11 -13 23 -15 -16 17 -18 -19 19 -21 21 -23 -24 -25 -26 -27 -28 29 -30 -31
leaf_value=0.0094393686471661836 0.010607567693702961 -0.0025298197861269756 0.001399876011673268 -0.0068260027339457057 -0.0038875100513257174 0.0066056046295761188 -0.0057707896718589245 0.012643076277025864 -0.002009709458295289 -0.0091149041821402994 -0.0057792635622057557 -0.00010554482678387539 0.005672610628237356 0.00074103526276287723 0.010471030741991124 0.0027900161301574107 0.0064491581363304729 -0.010818852163174335 -0.0024902225442069797 0.012677318598790718 0.00026568414151977628 0.0069066196617746361 0.0033396860008556872 -0.00072655051923249875 -0.0062100706726276808 -0.0050708070805430116 0.007168696333558093 -0.0059532807836941625 -0.00064850987919287911 -0.0019354645793653244
leaf_weight=20.878063760697842 5.3211377263069179 208.6917047649622 598.1624218672514 116.74411091208458 42.55316573381424 47.879385076463223 30.109716087579727 7.2195929288864127 23.444281429052353 14.879149302840231 23.840671196579933 144.95595221221447 40.203378438949585 248.80713365972042 7.2680978029966345 5.7666527777910224 32.258993223309517 8.1660547554492933 5.6094985008239728 6.2053291648626328 100.29670492559671 35.031570196151733 395.4224886521697 19.812869161367416 59.969605132937431 94.603617310523987 11.965168118476866 47.236321002244949 510.32600335776806 200.58584043383598
leaf_count=189 22 1220 2616 1050 180 305 137 30 100 62 99 613 168 1043 32 26 142 34 30 30 555 200 2359 83 357 584 72 230 2200 988
internal_value=-5.24605e-07 -0.00233763 0.00173659 -0.00425658 0.000835762 0.00351761 -0.00120687 0.00284689 0.000318302 -0.000111017 -0.00159 -0.000915763 0.000659481 6.05034e-05 0.0016146 0.00151154 0.00166082 -0.00513523 -0.00139078 0.00543161 0.00330062 0.0029994 0.00271993 0.00354576 -0.00345289 -0.00292344 -0.00199638 -0.00149498 -0.000936756 -0.00270741
internal_weight=3114.21 1328.03 1786.18 491.974 1186.67 599.508 836.058 35.985 28.7654 535.052 183.676 168.797 351.377 291.36 651.622 644.354 630.421 13.9327 800.073 11.8148 578.63 530.751 495.719 60.0162 375.23 315.26 220.657 788.258 540.436 247.822
internal_count=15756 7050 8706 3283 5098 3608 3767 152 122 2248 774 712 1474 1223 2850 2818 2758 60 3615 60 3419 3114 2914 251 2233 1876 1292 3555 2337 1218
is_linear=0
shrinkage=0.01


Tree=183
num_leaves=31
num_cat=0
split_feature=2 13 14 13 13 2 10 26 12 2 23 29 21 3 18 1 26 17 22 18 10 3 15 10 27 19 19 27 24 23
split_gain=124.108 38.4011 20.4104 12.3159 10.4146 9.95735 9.02874 8.93395 10.4352 9.27946 8.52257 10.589 12.9544 8.84424 6.21784 6.41239 5.8173 5.47734 5.98202 5.44603 7.54004 7.09919 6.62647 7.16789 6.56277 5.27994 5.05275 4.82919 4.8065 4.69737
threshold=-0.25470253582145658 0.88622533803942172 -1.0996451299552181 -1.1044171093987483 -0.90047407995484008 1.6417879253725467 -0.45568666823111387 -0.6459830862641428 -1.0510123259946498 -1.0890900204362703 0.50290748345050995 -0.97527608390372633 0.26972525806887665 -0.58308715746996298 0.04538699579894135 -0.19861310351803957 2.2584517362145697 -1.3896934866993378 1.8156155852908311 -0.33644803961196618 1.3992137497966464 -0.65237339101252212 -1.2485181852191907 -0.41737323843799107 0.73405799363879332 -0.35966556776385145 1.2922653456945496 -0.71029131432006842 -0.022816534818843614 -1.1949359163774902
decision_type=2 2 2 2 2 2 2 2 2 2 2 2 2 2 2 2 2 2 2 2 2 2 2 2 2 2 2 2 2 2
left_child=2 16 6 27 7 14 29 8 -5 -9 -8 12 -12 -13 26 -16 19 25 -19 22 21 -21 23 -2 -24 -6 -3 -4 -22 -1
right_child=1 5 3 4 17 -7 10 9 -10 -11 11 13 -14 -15 15 -17 -18 18 -20 20 28 -23 24 -25 -26 -27 -28 -29 -30 -31
leaf_value=-0.0019802765325186043 0.015343126272710807 -0.0024671522313010137 -0.011814874034267526 0.011522699047378912 0.0025493147004898124 -0.0067924067823118411 0.0049254207290076986 -0.010641971362863576 -0.0017975821510870784 0.0051459183411285006 -0.014986045123904754 0.0084242192824367772 0.0013480876572751965 0.00065133358410673426 -0.0098333353744148137 -0.0040721024671372267 -0.0079383435035764276 0.0011518036420448384 -0.0029617825048974347 -0.0078124211582150009 -0.0019025741127541354 -0.00089741159167619326 -0.00094636159789990434 0.0014528517555005953 0.0018894846943549115 0.0096698296177319173 0.0094640206988908845 -0.002433670726131766 -0.0080310138849919131 0.008218261859855672
leaf_weight=4.642815299332141 5.6149761527776745 203.87099894881248 7.3783693313598659 6.6862114965915671 57.60083968937397 116.15179315209389 150.93140407651663 3.680435672402381 44.000473812222481 160.78802478313446 8.1595931798219699 20.269793801009655 11.507477492094038 53.290367633104324 22.685723125934601 144.46264263987541 11.514778986573218 793.68962720036507 36.779817491769791 15.141485974192618 26.088228553533554 651.2367430627346 300.5038802921772 11.227941319346426 111.83346639573574 12.879136383533476 3.4831556081771842 22.549819767475128 26.230481564998627 66.149732336401939
leaf_count=29 24 1179 38 36 283 1050 957 20 242 913 48 130 70 330 141 893 54 3512 156 66 126 2865 1296 51 475 57 20 119 126 450
internal_value=-5.15151e-07 -0.0018802 0.00212171 0.00150052 0.00167108 -0.00422549 0.00437771 0.00364965 -1.55064e-06 0.00478029 0.00345591 0.0010634 -0.00541966 0.00281529 -0.0034251 -0.00486542 -0.000886524 0.00119712 0.000968083 -0.000814228 -0.00134652 -0.00105718 7.49161e-05 0.00620574 -0.000174532 0.00387651 -0.00225745 -0.00481142 -0.00500366 0.00753345
internal_weight=3111.03 1650.05 1460.98 1146.03 1116.1 490.654 314.951 215.155 50.6867 164.468 244.159 93.2272 19.6671 73.5602 374.503 167.148 1159.39 900.949 830.469 1147.88 718.697 666.378 429.18 16.8429 412.337 70.48 207.354 29.9282 52.3187 70.7925
internal_count=15756 8366 7390 5376 5219 3283 2014 1211 278 933 1535 578 118 460 2233 1034 5083 4008 3668 5029 3183 2931 1846 75 1771 340 1199 157 252 479
is_linear=0
shrinkage=0.01


Tree=184
num_leaves=31
num_cat=0
split_feature=6 6 2 7 10 20 17 19 0 25 15 29 15 8 19 0 8 17 3 3 6 28 18 0 23 16 22 16 25 28
split_gain=121.986 27.9811 27.6629 8.51811 8.20906 10.1559 11.8829 9.38983 7.49493 6.41515 10.5765 6.89265 6.00999 6.27934 7.93426 5.94173 5.77068 6.98293 5.72108 6.24146 6.29862 5.91026 5.56677 5.7014 7.81854 5.21094 5.8128 5.82385 5.69005 5.17768
threshold=-0.044263638409454818 1.2149823610813699 -0.87187592546236947 0.21791063385836187 0.28922728372679335 0.78517115308168084 1.1721711461578994 0.97934119564447675 -1.4944002148544933 -0.36856634269552668 -1.2485181852191907 -1.4657980356862244 -0.92350901412707243 0.81784163561906187 0.78213419134542295 1.9409653875896897 -0.41478856289857441 0.50959900547936277 1.5388319076198136 1.2395824601757022 -0.47564102154669602 -1.7072640466508056 -1.1568441288996765 -0.89358875114177017 -0.86696645056149324 -2.1492127069821456 1.2211293115790589 1.1220660257754302 1.1441099668179142 0.6759513163591736
decision_type=2 2 2 2 2 2 2 2 2 2 2 2 2 2 2 2 2 2 2 2 2 2 2 2 2 2 2 2 2 2
left_child=2 4 8 18 5 9 7 -7 -1 11 -11 -2 16 -14 -15 29 -5 -18 19 21 -21 -4 -10 24 -24 -6 28 -28 -27 -3
right_child=1 15 3 12 25 6 -8 -9 22 10 -12 -13 13 14 -16 -17 17 -19 -20 20 -22 -23 23 -25 -26 26 27 -29 -30 -31
leaf_value=0.0093966999088831975 0.0010677414480404052 -0.0033668825669578989 -0.0028495104066307065 -0.007604356834934347 0.0080737877586545305 0.015785061163003811 -0.004148778356494404 0.00075708110344379145 0.0059685342426591681 0.0075868198187980032 -0.00061098587448376099 -0.0032753483725374071 -0.0018413866994014122 0.0034612593231117175 -0.00059090161385378205 -0.0076617799988124213 0.0053524630696571889 -0.00073065785030294384 0.010388839668325933 0.0027578229169545939 -0.010710318914081611 0.0018449894366851433 0.0001403972612352862 0.006814247763404533 0.0032686967007704922 -0.0018629577923035257 -0.0089381276367971208 9.3042763297573674e-05 -0.0056319614503152612 -0.0068139604583281888
leaf_weight=20.651720434427261 45.46792283654213 180.70986995100975 27.818617880344391 5.3215609788894644 4.3597819656133643 10.755996033549314 8.784031465649603 6.9898397773504248 67.073639214038849 16.359724164009094 355.01771095395088 178.82281531393528 209.11744639277458 66.552091732621193 174.77063710987568 65.014850370585918 48.966971561312675 30.198470056056976 7.2471054196357718 5.7597584128379813 8.1746571660041791 602.14899815618992 102.60424787551165 34.665976241230965 372.07244026660919 311.05594444274902 26.871490761637688 9.4122007787227613 46.362636901438236 58.811506040394306
leaf_count=189 203 1192 119 22 22 48 44 34 421 70 1571 801 874 283 736 610 207 126 32 26 34 2639 571 199 2228 1606 146 51 240 412
internal_value=-5.17946e-07 -0.00229921 0.00170678 0.00082183 -0.00150352 -0.000783551 0.00525246 0.00995919 0.00346262 -0.0010549 -0.000245223 -0.00239038 -0.000111429 -0.000572383 0.000523434 -0.00496028 0.00233208 0.00302138 0.00158995 0.00148777 -0.00509206 0.00163568 0.00324669 0.0028852 0.00259477 -0.00262589 -0.00274893 -0.00657409 -0.00235609 -0.00421993
internal_weight=3107.94 1324.8 1783.14 1186.08 1020.26 622.198 26.5299 17.7458 597.068 595.668 371.377 224.291 534.927 450.44 241.323 304.536 84.487 79.1654 651.149 643.902 13.9344 629.968 576.416 509.343 474.677 398.062 393.702 36.2837 357.419 239.521
internal_count=15756 7050 8706 5098 4836 2771 126 82 3608 2645 1641 1004 2248 1893 1019 2214 355 333 2850 2818 60 2758 3419 2998 2799 2065 2043 197 1846 1604
is_linear=0
shrinkage=0.01


Tree=185
num_leaves=31
num_cat=0
split_feature=6 6 2 7 10 0 26 10 26 9 0 24 3 3 6 28 3 3 26 5 26 28 26 26 26 16 28 7 14 23
split_gain=119.692 27.5989 27.217 8.35379 8.06528 7.44106 7.18923 8.40948 8.31784 6.90315 5.90835 5.8339 5.62819 6.11739 6.16684 5.79431 5.58707 5.51247 5.65712 14.7729 6.94548 5.50029 6.29996 9.47768 9.38998 6.21902 5.12259 7.80642 6.89925 6.41738
threshold=-0.044263638409454818 1.2149823610813699 -0.87187592546236947 0.21791063385836187 0.28922728372679335 -1.4944002148544933 -0.65886913807859271 -0.34496743897877774 0.69280014208732366 -1.7738609692054441 1.9409653875896897 -1.2302658157311639 1.5388319076198136 1.2395824601757022 -0.47564102154669602 -1.7072640466508056 0.45121575534737079 -1.3609323644690559 1.2454313128248489 -1.1912357501696262 -0.23377131246110197 1.9890154522811245 0.57953874955183571 0.7734919411934712 0.021728063081263085 -0.14410178856141218 0.6759513163591736 -1.4784614242221701 1.1232992648826297 -0.65550610150980926
decision_type=2 2 2 2 2 2 2 2 2 2 2 2 2 2 2 2 2 2 2 2 2 2 2 2 2 2 2 2 2 2
left_child=2 4 5 12 6 -1 9 8 -8 -2 26 -9 13 15 -15 -4 -11 -7 20 -20 -19 22 24 -24 -5 -23 27 28 -3 -29
right_child=1 10 3 21 -6 17 7 11 -10 16 -12 -13 -14 14 -16 -17 -18 18 19 -21 -22 25 23 -25 -26 -27 -28 29 -30 -31
leaf_value=0.0093690991763433779 0.0050748593319142176 -0.002383659957012747 -0.0028195054003168751 0.00046308556592584136 -0.0026027490538370135 0.0065036036096048034 -4.5844889333671664e-05 -0.0087429293219925194 -0.003830903090466894 -0.0041728556584989659 -0.0076296284101477624 0.0020469404425338712 0.010313649394576468 0.002733141661399925 -0.010592540517530837 0.0018273724683959488 -6.5575844298878405e-05 0.0019349451332686288 -0.016340007167008931 0.001561317744173696 0.0043630409107714057 -0.012463017963042271 0.0065537513821988325 0.00045196178145236838 -0.0029527053946047828 -0.00030122351114319243 -0.0067752786326996444 -0.0067155003876172492 0.011223352366288844 -0.0025324731259592044
leaf_weight=20.506456665694714 11.107736706733702 8.2873919457197172 27.834499552845955 253.27031235396862 397.59213464707136 47.386046938598156 201.2128776460886 5.0459529012441626 81.821823626756668 117.58274236321449 64.638252161443233 158.49225014448166 7.2277663201093665 5.7545825839042655 8.183960095047949 601.87687365710735 46.787578955292702 219.90719735622406 5.0527015998959532 43.486795574426651 259.51977213472128 7.4628692567348507 32.858966410160065 113.81441326439381 117.62004446983337 9.8740130364894849 58.557650551199913 56.328401386737823 6.5029405057430258 109.22277814149857
leaf_count=189 49 40 119 1064 2065 305 873 24 359 530 610 715 32 26 34 2639 221 1282 30 257 1545 31 138 480 494 41 412 389 39 724
internal_value=-5.05218e-07 -0.00227905 0.00169119 0.000813804 -0.00148938 0.00343511 -0.00077585 -9.94588e-05 -0.00114456 -0.00249046 -0.00492706 0.00170277 0.00157471 0.00147344 -0.00503947 0.00161997 -0.00301056 0.00322029 0.00292253 -0.000311318 0.00325202 -0.000110339 7.38498e-05 0.00182928 -0.000617969 -0.00563522 -0.00418876 -0.00334007 0.00356704 -0.00396497
internal_weight=3104.82 1323.18 1781.64 1185.78 1019.64 595.859 622.051 446.573 283.035 175.478 303.537 163.538 650.878 643.65 13.9385 629.711 164.37 575.353 527.966 48.5395 479.427 534.901 517.564 146.673 370.89 17.3369 238.899 180.342 14.7903 165.551
internal_count=15756 7050 8706 5098 4836 3608 2771 1971 1232 800 2214 739 2850 2818 60 2758 751 3419 3114 287 2827 2248 2176 618 1558 72 1604 1192 79 1113
is_linear=0
shrinkage=0.01


Tree=186
num_leaves=31
num_cat=0
split_feature=0 14 6 13 26 20 16 4 10 19 3 10 24 7 4 14 6 6 15 15 19 19 3 22 18 0 6 22 28 4
split_gain=117.596 32.6977 22.8035 8.42596 6.87881 6.14903 7.33353 12.4912 8.86005 7.73016 6.87692 6.72677 6.02934 5.9049 5.8883 9.57879 9.98897 9.02776 8.10944 5.77164 9.71777 6.89725 5.94364 8.38227 9.28685 5.82782 5.75599 5.3775 5.27748 5.20795
threshold=0.10872657857039149 -0.7560413066771895 1.3936210920767307 -1.2201868373435214 -1.6404897112243424 1.0062115744375306 1.2044727671789706 0.80342381645576511 0.28922728372679335 0.97934119564447675 1.7387243836308233 1.2981637992541681 -0.7879499010506702 1.6725080510490888 -1.0199170013970111 -1.0996451299552181 -1.1425876823327197 -0.99669043625665754 -0.86627149034649065 -1.1682280271607357 0.4238433808418976 -0.080765031138982188 -0.96137509970956414 1.1535688076538435 -1.1932816535820503 -0.2735774827650182 -0.89767651750906385 -0.79849947891328432 1.0000000180025095e-35 0.060511841255135722
decision_type=2 2 2 2 2 2 2 2 2 2 2 2 2 2 2 2 2 2 2 2 2 2 2 2 2 2 2 2 2 2
left_child=1 3 5 13 -4 10 8 11 9 -7 29 -8 -10 -1 15 16 -5 -17 28 20 21 27 23 24 -21 -22 -24 -3 -16 -2
right_child=2 19 4 14 -6 6 7 -9 12 -11 -12 -13 -14 -15 18 17 -18 -19 -20 22 25 -23 26 -25 -26 -27 -28 -29 -30 -31
leaf_value=0.0053273807208850041 0.0067269861767041026 0.0093266894886914371 0.0048409155566814235 0.0011212815741766008 -0.005964364699326259 0.014626459679003025 0.0089980421630050916 -0.0071872189500234761 -0.001403293138941795 -0.0030414661537467146 -0.0074547365316950751 -0.0019445853349816071 -0.0061724709092943076 -0.0059220629580420386 0.0027092401962446593 0.00048974797545450939 0.0070793712324386613 -0.0069236677356594506 0.002776159457523293 -0.0011170823084283024 0.001673737550947174 0.0079054887712066025 0.0079668856051565012 0.0063625523561863699 0.0033578336605647957 -0.01095461559080221 -0.00012953561549389539 -0.00030162792524510357 0.010231524892791425 -0.0014234607073887022
leaf_weight=174.60626079142094 7.7904759794473639 7.0610524863004676 5.9011990353465071 87.367927193641663 195.24535980820656 4.2959277331829053 14.778051093220713 13.309488743543623 35.460471659898758 5.451043888926506 18.818557918071747 8.7673152238130552 113.15266589820385 4.6313143819570533 15.188078358769415 76.600001022219658 41.817660391330719 20.742463171482086 287.80166792869568 100.62638041377068 7.3005823045969009 32.695676788687706 8.7625686079263669 33.659235939383507 85.543735012412071 6.9512691944837552 932.96538935601711 29.595583707094193 26.371103197336197 698.51939930766821
leaf_count=1225 32 30 47 493 1547 20 69 83 192 28 99 43 616 26 83 415 244 113 1558 433 31 138 38 144 366 28 3877 124 151 3463
internal_value=-5.18374e-07 0.00146443 -0.00258807 0.00313687 -0.00564014 -0.0019194 -0.00349837 0.000493931 -0.00443353 0.00471348 -0.00149251 0.00489018 -0.00504293 0.00502799 0.00252452 0.00127559 0.00306165 -0.00108518 0.00337982 0.000476073 0.00301348 0.00456569 0.000292336 0.00177263 0.000934437 -0.00444941 -5.23006e-05 0.00154617 0.00751956 -0.00133121
internal_weight=3101.78 1980.29 1121.49 735.126 201.147 920.343 195.215 36.8549 158.36 9.74697 725.128 23.5454 148.613 179.238 555.889 226.528 129.186 97.3425 329.361 1245.16 83.6042 69.3523 1161.56 219.829 186.17 14.2519 941.728 36.6566 41.5592 706.31
internal_count=15756 9517 6239 4308 1594 4645 1051 195 856 48 3594 112 808 1251 3057 1265 737 528 1792 5209 351 292 4858 943 799 59 3915 154 234 3495
is_linear=0
shrinkage=0.01


Tree=187
num_leaves=31
num_cat=0
split_feature=2 4 14 2 2 2 10 19 25 4 6 28 6 6 10 24 20 25 27 15 16 7 9 15 25 21 6 6 19 11
split_gain=115.484 35.4592 19.3909 10.4507 10.103 9.5636 8.94341 8.71668 7.66795 7.19794 11.1192 7.06225 6.32172 8.09977 9.53512 8.59851 6.18928 7.36824 5.93783 7.65493 6.2822 5.90374 6.34977 5.83018 5.78809 5.66968 5.54649 10.5611 5.07828 13.3898
threshold=-0.25470253582145658 0.83346288679121738 -1.0996451299552181 1.6417879253725467 -1.0643179833393448 -0.87187592546236947 -0.45568666823111387 -1.1339635045700167 1.0073179283718081 -1.0199170013970111 -1.0193488337270702 -1.492594734278091 -1.2302871754353959 -1.1425876823327197 -0.25282789959823299 0.77625682892148229 1.6484744710172041 0.04903059798449632 0.1761126092698308 -0.78959950194656903 1.68537347543536 0.64081901739303027 0.91337706774660166 1.3438175753253585 -0.091176806519940271 0.7967245364343235 -0.34605338254914747 -0.30257431780549743 0.91083349021805671 0.91224127803250976
decision_type=2 2 2 2 2 2 2 2 2 2 2 2 2 2 2 2 2 2 2 2 2 2 2 2 2 2 2 2 2 2
left_child=2 21 6 8 7 9 -1 -4 18 10 -6 -9 16 14 -14 -15 23 -18 20 -20 -3 22 26 -8 -13 -11 -2 -28 29 -7
right_child=1 3 4 -5 5 28 12 11 -10 25 -12 24 13 15 -16 -17 17 -19 19 -21 -22 -23 -24 -25 -26 -27 27 -29 -30 -31
leaf_value=0.0074248945865996374 -0.010189480932639123 -0.0032091038724467854 -0.017634232793313193 -0.0066700072437923339 0.0033148055513484171 0.0012235891422267553 0.0041997733259091004 0.010452859961800665 -0.0064452781233845201 0.0052056811865082734 -0.006041454780945003 -0.008406444638474498 -0.0098540668800469796 0.010492231802628094 0.00091443902425255381 -0.0038998180681998058 -0.0098033628573001002 0.0062398882902629385 0.0038646861013785635 -0.0021999625639597745 -0.011416711524199392 -0.001951143648829174 0.0075672705140830765 0.011036451417630679 7.486543690952643e-05 0.00065880127312110243 0.01280342306729307 -0.00048816729793396154 -0.00053565529767305407 0.0087503100894577562
leaf_weight=69.865507856011391 5.7224138528108588 213.26241844892502 3.8334230035543433 114.01325763761997 39.55348114669323 687.26160401105881 155.46198757737875 3.9813990443944922 62.758481711149216 148.89419285953045 18.572976365685463 13.632841303944586 10.957488998770712 13.081168785691263 31.534754529595375 5.8736790567636481 6.4535415023565275 4.9242623969912529 27.006404623389244 88.789526388049126 9.7887896895408613 328.84035502374172 9.8714190274476987 13.759777106344698 18.873681426048279 34.284690886735916 5.919949382543563 777.63933897018433 149.90710173547268 24.437474951148033
leaf_count=479 23 1271 22 1050 217 3033 1026 21 376 863 101 72 65 75 179 34 37 32 163 524 60 1496 46 87 101 197 24 3333 640 109
internal_value=-4.8804e-07 -0.00181719 0.00205081 -0.00398991 0.00144628 0.00162673 0.00426217 -0.0034567 -0.00322509 0.00338808 0.000302811 -0.00189575 0.00334245 0.000551942 -0.00185558 0.00598292 0.00428552 -0.00277892 -0.00262399 -0.000774798 -0.00357874 -0.000822868 -0.000357161 0.00476777 -0.0034663 0.00436094 -0.000458483 -0.00038485 0.00113195 0.00148463
internal_weight=3098.76 1643.61 1455.15 515.619 1143.23 1102.91 311.912 40.3213 401.606 241.305 58.1265 36.4879 242.047 61.4471 42.4922 18.9548 180.6 11.3778 338.847 115.796 223.051 1127.99 799.153 169.222 32.5065 183.179 789.282 783.559 861.606 711.699
internal_count=15756 8366 7390 3444 5376 5160 2014 216 2394 1378 318 194 1535 353 244 109 1182 69 2018 687 1331 4922 3426 1113 173 1060 3380 3357 3782 3142
is_linear=0
shrinkage=0.01


Tree=188
num_leaves=31
num_cat=0
split_feature=6 6 13 0 9 24 28 17 1 11 1 28 24 9 0 15 24 26 29 29 0 15 19 19 8 26 22 9 15 16
split_gain=113.518 26.5617 25.9309 7.80426 7.30724 7.65393 7.61655 15.9526 9.54665 8.2974 6.88498 6.65863 6.47169 6.11054 7.8846 6.62031 9.93868 6.57496 6.16748 5.8778 5.84256 5.78249 9.91039 5.66834 7.93915 5.63694 8.19675 6.54527 5.60781 5.57589
threshold=-0.044263638409454818 1.2149823610813699 -0.80689597793973944 -1.4944002148544933 -0.7456960488357357 -0.87577450962812697 0.0094902415404038726 -0.83871048114084357 -0.40324178309536257 0.46058943719706774 -0.68374178024362031 -1.7918079738412511 -1.4726978721314004 1.1515709624933257 0.53193076812060458 -0.76021142351203419 -0.22852927055966968 0.51076695552019102 -0.49506561259874587 -0.1182261473486259 1.9409653875896897 -1.0783061093699309 0.4238433808418976 -1.5746346657417696 -1.7731546777303684 -0.65886913807859271 -1.6952643043878195 -1.7738609692054441 0.37720397875342165 -0.31284181835908798
decision_type=2 2 2 2 2 2 2 2 2 2 2 2 2 2 2 2 2 2 2 2 2 2 2 2 2 2 2 2 2 2
left_child=2 13 3 -1 6 10 9 -8 -9 11 -6 -4 -12 25 17 19 -17 18 -15 -16 -3 22 -7 28 -25 27 -27 -2 -5 -28
right_child=1 20 4 23 5 21 7 8 -10 -11 12 -13 -14 14 15 16 -18 -19 -20 -21 -22 -23 -24 24 -26 26 29 -29 -30 -31
leaf_value=0.0093100694924724853 0.0050340317122186604 -0.0041010685477492169 -0.0082617285948559452 -0.0015355286876739128 0.0058383957202560359 0.00460652981593052 0.0068336550639030193 -0.0080590978028032018 0.00019690682648311982 0.013701640680255752 -0.0016340505650966092 0.004138586027007644 0.0028456696165518464 0.0073159210691633786 -0.0046794625100224033 -0.0014160079372897275 -0.0070799475361250528 0.010828067593263869 -0.0059735947417366292 0.011610671796954304 -0.0075455798249856468 -0.00043740654645433588 -0.004195612754499564 -0.0063579454214859913 0.0029212791273449381 -0.0068364613054572726 -0.0016310615511233495 -0.0027620173341547866 0.0094387977847626599 0.00036484198848300272
leaf_weight=20.198120541870594 11.113513737916945 237.09299729019403 4.4260739982128134 5.5749232023954418 39.89751935005188 54.891641542315483 27.89682836830616 19.317217513918877 49.447585254907608 8.7807450145482999 52.463319823145866 83.188350066542625 82.652773901820183 5.2910539209842709 3.8744029253721237 53.914618581533432 74.575977176427841 6.3385782390832892 9.7093784809112531 4.7761874645948392 63.665199667215347 653.39951159060001 16.470603719353676 9.2009263411164266 625.79483454674482 20.31376251578331 224.46398334205151 233.31445264816284 23.616798274219036 370.12400153279305
leaf_count=189 49 1604 19 35 173 231 132 85 220 41 220 389 347 24 23 313 440 28 43 27 610 2740 68 53 3613 96 1010 1095 151 1688
internal_value=-4.72473e-07 -0.00222384 0.00164858 0.00317523 0.000691392 0.000311231 0.00245694 0.00046084 -0.00211616 0.00444565 0.00218782 0.00349205 0.00109895 -0.00145064 -0.00325771 -0.00413993 -0.00471409 0.00235835 -0.0012024 0.00423031 -0.0048358 -0.000140783 0.00255795 0.00298579 0.00278427 -0.00111587 -0.000602864 -0.00240155 0.00731074 -0.000387101
internal_weight=3095.79 1318.57 1777.22 684.386 1092.83 899.775 193.057 96.6616 68.7648 96.3952 175.014 87.6144 135.116 1017.81 158.48 137.141 128.491 21.339 15.0004 8.65059 300.758 724.762 71.3622 664.187 634.996 859.33 614.902 244.428 29.1917 594.588
internal_count=15756 7050 8706 4041 4665 3779 886 437 305 449 740 408 567 4836 898 803 753 95 67 50 2214 3039 299 3852 3666 3938 2794 1144 186 2698
is_linear=0
shrinkage=0.01


Tree=189
num_leaves=31
num_cat=0
split_feature=14 14 6 13 10 26 3 9 23 4 23 3 10 15 28 3 23 15 23 16 16 10 15 7 8 10 8 6 7 23
split_gain=111.471 28.9016 23.6284 8.05467 6.87528 6.8247 6.13837 8.17515 8.4669 6.0466 12.15 9.67899 8.00918 6.8464 6.07719 5.80253 7.76904 6.79665 6.93011 6.66109 7.11737 10.375 10.0547 5.74717 5.65763 7.32986 5.51088 5.41451 5.21436 14.0476
threshold=0.043980552094585033 -0.76157425996426065 1.3936210920767307 -1.2201868373435214 0.28922728372679335 -1.6404897112243424 1.6500881248852342 0.16785376943971539 0.8763932741460071 -1.0199170013970111 -0.94968947710789797 -0.72748845434768006 -0.56934197553400434 -0.86627149034649065 1.0000000180025095e-35 -0.96137509970956414 -1.9284315868749891 -1.1682280271607357 -0.48082532998718769 -0.18443688128746324 -1.6991756006331307 -0.17946404818522751 -0.72742546782825246 1.6725080510490888 -0.31706119549731743 -0.04899541208422345 0.43648987285514862 -0.89767651750906385 -1.4784614242221701 -0.57811631911255512
decision_type=2 2 2 2 2 2 2 2 2 2 2 2 2 2 2 2 2 2 2 2 2 2 2 2 2 2 2 2 2 2
left_child=1 3 4 23 6 -4 7 26 -9 10 11 -5 -12 14 -11 19 -17 18 -18 20 21 -3 -22 -1 25 -21 -2 -19 29 -7
right_child=2 15 5 9 -6 28 -8 8 -10 13 12 -13 -14 -15 -16 16 17 27 -20 24 22 -23 -24 -25 -26 -27 -28 -29 -30 -31
leaf_value=0.0052382900045352485 -0.00084378292820235987 0.010049576749406593 0.0049162608948777374 0.0073202071114907849 -0.0026523445261471168 0.015901388635739248 -0.006138257362541491 0.00093939086271616621 0.010843283414026277 0.0016982931902646801 0.0073173091229245639 -0.0053397148468681309 0.001477912497166082 0.002808330084106813 0.010117109825218145 -0.0075926844560176236 0.0062405702580413036 0.0075197891459506394 -0.00013764112677800843 0.0066936961918873192 0.0078799828442640482 -0.0018371516763451671 -0.0010470347109295668 -0.0058439046268321205 0.013566626304420406 -0.0028602060648008809 -0.004574343292989772 1.6459985956681966e-05 -0.0063635545584956764 -0.0057134349273994401
leaf_weight=173.06021973490715 404.77116711437702 18.613232925534252 5.8770556673407546 7.0016038715839377 465.38703237473965 3.886631280183793 22.072556897997856 47.681641787290573 10.530548200011252 13.324786037206648 27.893189921975136 38.747419267892838 152.13023991882801 274.69546455144882 25.906536534428596 12.43255068361759 37.611026048660278 9.6252988725900632 30.514108836650848 27.016175732016563 14.201992616057394 11.834103956818579 106.98912668228149 4.6455335617065421 7.2523908317089072 11.17127452790737 44.017624244093895 894.70241703093052 177.05423390865326 12.10797373205423
leaf_count=1225 1887 83 47 38 2459 19 116 229 52 75 166 197 864 1505 150 52 159 42 129 118 61 50 460 26 31 47 213 3728 1445 83
internal_value=-4.62673e-07 0.00150404 -0.00239576 0.00308754 -0.00176461 -0.00554351 -0.000981488 -0.000753848 0.00276367 0.00247499 0.00121913 -0.00336864 0.00239179 0.00337432 0.0072947 0.000541895 0.000227241 0.000329016 0.00337302 0.00210837 0.00109207 0.00540588 0 0.00493983 0.0054681 0.00387253 -0.00121285 9.82507e-05 -0.0058695 -0.000332813
internal_weight=3092.76 1899.37 1193.39 717.405 994.461 198.926 529.074 507.001 58.2122 539.699 225.772 45.749 180.023 313.927 39.2313 1181.96 984.885 972.453 68.1251 197.078 151.638 30.4473 121.191 177.706 45.4398 38.1875 448.789 904.328 193.049 15.9946
internal_count=15756 9206 6550 4246 4956 1594 2497 2381 281 2995 1265 235 1030 1730 225 4960 4110 4058 288 850 654 133 521 1251 196 165 2100 3770 1547 102
is_linear=0
shrinkage=0.01


Tree=190
num_leaves=31
num_cat=0
split_feature=6 13 2 26 6 2 24 19 20 19 11 22 22 9 28 1 5 26 26 19 26 22 4 4 23 29 20 27 26 28
split_gain=109.487 25.9039 25.0987 7.47428 7.45251 6.94594 6.83523 6.92972 11.6046 6.71056 6.67173 6.78769 6.56015 6.53962 6.09673 5.9363 5.76413 5.60436 11.5406 9.00831 5.5087 5.46157 5.31878 10.7505 16.4552 6.39573 5.3702 7.82952 7.70488 5.15806
threshold=-0.044263638409454818 1.2850967815328296 -0.87187592546236947 2.1281499207500025 0.5150921703456065 -1.3706774009881311 -0.89201168982792367 0.62683589370419524 -0.5600178427903485 -1.3792723007190479 0.91224127803250976 0.86372156820668788 -1.5818465787320857 -1.7738609692054441 -0.75540182452447102 -0.75456094470312751 -0.039635966121363532 -0.68493352328181567 0.059865194848650445 -0.95692632775609165 -0.42433186639455189 0.72982522272257255 -1.0199170013970111 -1.1320454047442536 -0.56591224113957062 -0.97527608390372633 -0.81628043934948036 -1.6465983636358281 0.53240442845316094 0.6759513163591736
decision_type=2 2 2 2 2 2 2 2 2 2 2 2 2 2 2 2 2 2 2 2 2 2 2 2 2 2 2 2 2 2
left_child=2 3 5 4 12 -1 15 10 -9 -6 11 -8 -2 -14 -11 16 20 19 -19 -17 -4 -10 23 25 -25 -7 28 -28 -24 -3
right_child=1 29 6 -5 9 22 7 8 21 14 -12 -13 13 -15 -16 17 -18 18 -20 -21 -22 -23 26 24 -26 -27 27 -29 -30 -31
leaf_value=0.0065898229353952356 -0.0050542217820703618 -0.0041951415188959465 0.0018291188686436258 -0.0085225632955518334 0.0013899433722474961 0.00036236563989211837 0.0013304216212296641 -0.014738261679596434 -0.0013689094662347012 -0.0049039157587987747 0.0094307539340385133 -0.0011637623009678037 0.0077682135473021241 -0.00048523582180392855 -0.0020478888010362342 0.0094802181111250921 0.012588797855125882 0.0067183677717167272 -0.0027132610733246565 -0.00073040797373667146 0.010605958993889379 0.0021481968609330451 0.0041104790841834053 -0.0047797303807607609 0.0026880114917094506 0.0044589869852873203 -0.0076100324701959422 0.0059426366119924665 -0.003725775646646428 -0.007475487332652889
leaf_weight=58.459642976522446 31.0927594602108 185.61826471984386 33.886820673942566 14.908764123916624 44.690772771835327 49.904896125197411 541.66792269051075 5.8692471235990515 209.898551851511 95.6673603951931 9.0637104213237745 136.12608170509338 9.6741451025009138 510.95405530929565 356.21809701621532 9.3257852494716627 9.0196534842252714 42.928498640656471 18.329471573233604 103.2864742577076 9.1412839442491514 55.647697284817696 42.866049602627754 47.409537568688393 77.735484793782234 169.22988399118185 4.2695181816816321 122.72144924104214 17.515218511223793 66.672932095825672
leaf_count=504 142 1426 153 79 199 296 2347 25 889 519 40 585 39 2204 1887 43 39 185 79 437 42 234 254 248 441 1027 24 710 104 555
internal_value=-4.15264e-07 -0.00218682 0.00162009 -0.00150164 -0.00140003 0.00330527 0.00077927 0.000409003 -0.000941708 -0.00228938 0.000944259 0.000827924 -0.000597493 -0.00032849 -0.00265569 0.00234453 0.00531152 0.00144807 0.00388014 0.000113956 0.00373721 -0.000627571 0.00294105 0.00219612 -0.000134617 0.00353119 0.00430257 0.00547349 0.00181843 -0.00506862
internal_weight=3089.8 1315.5 1774.3 1063.21 1048.3 590.112 1184.19 958.273 271.415 496.576 686.858 677.794 551.721 520.628 451.885 225.918 52.0478 173.87 61.258 112.612 43.0281 265.546 531.652 344.28 125.145 219.135 187.372 126.991 60.3813 252.291
internal_count=15756 7050 8706 5069 4990 3608 5098 4120 1148 2605 2972 2932 2385 2243 2406 978 234 744 264 480 195 1123 3104 2012 689 1323 1092 734 358 1981
is_linear=0
shrinkage=0.01


Tree=191
num_leaves=31
num_cat=0
split_feature=2 13 14 13 2 13 26 4 20 26 0 6 23 23 18 1 26 24 24 18 5 15 29 27 15 19 11 21 17 23
split_gain=107.563 34.2741 18.4156 11.9089 9.43417 9.41255 8.74944 10.4941 8.96971 6.30324 6.16603 6.56257 8.43426 7.82375 6.12323 6.47911 5.629 5.28166 7.25971 5.20408 8.59697 6.79972 5.27487 6.38077 5.74707 5.11346 5.03547 9.2943 4.65969 5.00723
threshold=-0.25470253582145658 0.88622533803942172 -1.0996451299552181 -1.1044171093987483 1.6417879253725467 -0.90047407995484008 -0.6459830862641428 -1.0510123259946498 -0.86644888855018298 2.2584517362145697 -1.4944002148544933 -1.0958275161378404 -1.1050461467091355 -0.12220516565163633 0.04538699579894135 -0.19861310351803957 2.2584517362145697 -0.86330364382741465 -1.1291470428450709 -0.33644803961196618 0.9351209376847136 -1.2485181852191907 1.8622684645319518 1.8987212983484139 -0.67741070816333393 0.82344990375890059 0.819816439478528 0.59080124606417883 -0.64455595060450033 -1.0446485474406753
decision_type=2 2 2 2 2 2 2 2 2 2 2 2 2 2 2 2 2 2 2 2 2 2 2 2 2 2 2 2 2 2
left_child=2 16 9 28 14 6 7 -5 -8 10 -1 13 -13 -12 26 -16 19 18 -7 20 21 -2 23 -21 -24 -19 -3 -28 -4 -30
right_child=1 4 3 5 -6 17 8 -9 -10 -11 11 12 -14 -15 15 -17 -18 25 -20 22 -22 -23 24 -25 -26 -27 27 -29 29 -31
leaf_value=0.0097384022069096216 0.0061835538050473496 -0.0025046131312155928 -0.01259629166742968 0.011445035637663501 -0.0065513682081197793 0.001173188659237446 -0.0019950374601443764 -0.0019757765283765546 0.0054240691606466012 -0.0086133377841915004 0.0055832963084214435 -0.005648483900479436 0.010303689835347678 0.0019795257670157194 -0.0097040896628027493 -0.0038616761146088238 -0.0077859015182751255 0.001150994846079718 0.0054572856102209069 -0.0012881921902488725 0.013475232446593691 -0.00028997152775615516 0.012747269565620738 -0.0096184370724192413 0 -0.00096160748006042312 -0.0023924668019589443 0.013711305149747586 -0.0087655870488975648 0.00067316400501636012
leaf_weight=19.76327833533287 16.798187345266342 189.52287335693836 6.0879986733198193 6.6194309592247 111.98960198462009 114.49405279755592 18.110291242599487 43.61810676753521 144.00551736354828 3.6808663532137862 99.924200378358364 3.633061587810519 26.669551536440849 155.29176615923643 22.25580520927906 142.07434086501598 11.425383061170576 580.46220499277115 61.077083915472031 692.04733975231647 4.665507659316062 406.83017911016941 5.3566430360078803 9.2632798552513105 9.9742541313171369 142.15013782680035 9.6577829420566541 5.5094605386257163 8.6614994257688576 15.169381469488139
leaf_count=188 75 1112 33 36 1050 510 106 242 827 23 633 20 163 987 141 893 54 2615 276 3076 21 1750 23 40 44 607 56 31 42 82
internal_value=-3.95483e-07 -0.00175698 0.00198327 0.00139503 -0.0040005 0.00156358 0.00345881 -0.000168325 0.00458838 0.00415021 0.00431015 0.00392764 0.00834596 0.00339605 -0.00322209 -0.00466444 -0.000822617 0.00111405 0.00267148 -0.000751582 0.00011837 -2.95173e-05 -0.00127284 -0.001401 0.00449628 0.000733951 -0.00205754 0.00344318 -0.00481253 -0.00273792
internal_weight=3086.79 1637.37 1449.42 1140.46 481.01 1110.54 212.353 50.2375 162.116 308.963 305.282 285.519 30.3026 255.216 369.02 164.33 1156.36 898.183 175.571 1144.94 428.294 423.628 716.642 701.311 15.3309 722.612 204.69 15.1672 29.9189 23.8309
internal_count=15756 8366 7390 5376 3283 5219 1211 278 933 2014 1991 1803 183 1620 2233 1034 5083 4008 786 5029 1846 1825 3183 3116 67 3222 1199 87 157 124
is_linear=0
shrinkage=0.01


Tree=192
num_leaves=31
num_cat=0
split_feature=0 0 13 13 17 28 28 16 29 19 11 14 15 7 22 19 0 10 2 7 14 19 11 17 15 8 28 0 17 28
split_gain=105.653 29.6326 20.9749 9.72828 10.1706 7.61609 6.06638 7.15884 7.06805 6.03532 7.30634 5.92713 5.76517 5.6573 5.41586 5.70204 5.22536 7.21209 12.3286 7.15534 5.79268 5.12044 5.11314 5.98802 5.02883 8.23808 7.28352 4.38775 4.65249 4.33459
threshold=0.10872657857039149 -0.64299027693002697 1.3356645400587623 -1.2201868373435214 -1.5315904011236201 -1.7918079738412511 -1.4130575094284537 -1.1142837323059094 1.8622684645319518 -1.3792723007190479 -2.2417119608421929 0.078853966970492337 -1.1248545534271128 1.6725080510490888 -0.81322094371157427 -0.83237240046728966 0.51788838866760134 -0.62771122239698796 0.36374162986773612 0.64081901739303027 0.29744942276241254 -0.34919466712498187 -2.0298589480618485 -0.2515600061845073 0.67371417437843595 -1.6642574545320434 0.57775466653702046 1.9409653875896897 -1.9414763293544854 2.7750587301542189
decision_type=2 2 2 2 2 2 2 2 2 2 2 2 2 2 2 2 2 2 2 2 2 2 2 2 2 2 2 2 2 2
left_child=1 3 9 13 -5 14 7 -7 12 10 -2 -9 -8 -1 -3 -16 17 18 -11 -19 -18 -17 -12 -24 25 -6 -26 28 -4 -22
right_child=2 5 27 4 24 6 8 11 -10 16 22 -13 -14 -15 15 21 20 19 -20 -21 29 -23 23 -25 26 -27 -28 -29 -30 -31
leaf_value=0.0051463577483023938 -0.0050007535309375727 -0.01012861514065647 0.0043359726101662027 0.0070395202468060136 -0.0083275549048806817 0.011158087871952323 0.0027162976440259258 0.0030731408677830319 0.007223029844842928 -0.0072415256924151855 0.012001200518278764 -0.0084438914676764117 -7.7431241174685879e-05 -0.0058522886690248231 0.0081893419107565285 -0.011513832146129015 -0.011746956321441434 0.0011554647357977467 0.0012598356547573084 -0.002190920845892863 -0.002401401983253447 -0.0014351963632938691 -0.00029731869087882147 0.0091620271851568166 0.0048911552607012491 0.0016033087625517981 0.00017765248766952194 -0.0074376744213465297 -0.0046092683338562019 -0.012411214515249102
leaf_weight=171.47509438544512 13.127258241176603 9.9864434599876386 5.8391211852431288 41.27173700928688 8.3644225150346738 10.156924739480017 80.537467554211617 46.071445778012276 14.282584011554716 42.392501428723335 6.0110984444618216 4.8147046416997901 873.84474447369576 4.6434872895479193 4.8034317940473548 6.1520703434944108 6.8338533341884604 153.39419312775135 28.16033248603344 109.24313972890377 482.40220233798027 28.059744179248813 26.778453513979908 8.738391041755678 110.49502894282341 509.31764456629753 47.242698773741722 62.440483957529068 162.70365258306265 4.3222433179616919
leaf_count=1225 61 41 38 250 42 43 334 192 59 185 26 20 3615 26 20 25 36 660 123 477 2631 115 119 39 606 2650 254 610 1209 25
internal_value=-3.88523e-07 0.0013896 -0.00246471 0.0027372 0.00221662 0.000273157 0.000457455 0.00351372 0.00026348 -0.00175966 0.00144608 0.00194939 0.000157535 0.00484754 -0.0035723 -0.00184696 -0.00197295 -0.00100007 -0.00383717 -0.000232951 -0.00262736 -0.00330499 0.00351511 0.00202113 0.00191943 0.00143934 0.0034868 -0.00514884 -0.00429105 -0.00249488
internal_weight=3083.91 1971.52 1112.39 892.81 716.692 1078.71 1029.71 61.0431 968.665 881.404 54.6552 50.8862 954.382 176.119 49.0017 39.0152 826.748 333.19 70.5528 262.637 493.558 34.2118 41.5279 35.5168 675.42 517.682 157.738 230.983 168.543 486.724
internal_count=15756 9517 6239 5053 3802 4464 4263 255 4008 4382 245 212 3949 1251 201 160 4137 1445 308 1137 2692 140 184 158 3552 2692 860 1857 1247 2656
is_linear=0
shrinkage=0.01


Tree=193
num_leaves=31
num_cat=0
split_feature=6 6 13 5 8 0 10 20 1 6 28 19 28 7 7 14 15 0 17 17 0 3 8 19 8 15 21 23 26 28
split_gain=103.777 24.9483 23.9028 7.64691 10.1045 7.63301 7.27539 9.8943 12.2317 6.88095 6.70179 8.63481 8.34906 8.29103 7.46059 9.47041 6.38273 5.72088 5.70386 6.70621 6.23183 5.67066 5.54104 5.29337 7.95186 5.58734 5.23316 5.91208 5.74322 5.07857
threshold=-0.044263638409454818 1.2149823610813699 -0.80689597793973944 -0.43943416126527907 -0.69767038184536412 -1.4944002148544933 0.28922728372679335 0.78517115308168084 1.1158117937908714 -0.33750162096400488 0.0094902415404038726 -0.47316025287193392 -1.8523903376959956 0.041559495639396753 -1.4128668774897528 -0.17924644609366933 0.87561928989760562 1.9409653875896897 -1.3896934866993378 -0.35512158219334938 -0.064922156167752501 2.1027006836104505 1.0799848251473456 -1.5746346657417696 -1.7731546777303684 0.37720397875342165 -1.7107446203542904 -0.25666571743780414 -0.65886913807859271 0.6759513163591736
decision_type=2 2 2 2 2 2 2 2 2 2 2 2 2 2 2 2 2 2 2 2 2 2 2 2 2 2 2 2 2 2
left_child=2 6 5 10 9 -1 7 26 22 -5 11 12 -4 -13 16 -16 -12 29 20 -20 -6 23 -9 25 -25 -7 27 -2 -28 -3
right_child=1 17 3 4 18 21 -8 8 -10 -11 14 13 -14 -15 15 -17 -18 -19 19 -21 -22 -23 -24 24 -26 -27 28 -29 -30 -31
leaf_value=0.0092042602603770226 0.00020417161867900669 -0.0031090135122298253 -0.0074717690234868944 -0.0025638963590825605 0.0015781208314446819 -0.001659214653660916 -0.0024494318452885563 0.014918203954260682 -0.0034014240340387693 -0.016375120630372927 0.0088022012835952314 0.00942790998817674 0.0026965147666288096 -0.0038352519720366725 -0.0016300726643141347 0.0049744854627584651 0.00055279560921235365 -0.0074058103294158363 -0.0017958048844189153 0.00061518979410876489 0.015151260344180174 -0.0042210338261043454 0.0026446819158437657 -0.0063604476330815229 0.0029300857232033755 0.0093408621357006678 -0.0027082799789708407 0.013838177254891854 -0.00049632166526372441 -0.0065673729041190523
leaf_weight=19.653924934566021 9.3635377883911115 177.03497961908579 8.452715724706648 9.8332282155752164 10.210398331284521 5.536004118621352 394.18617464601994 10.466813087463384 9.9642782807350141 5.8494768142700186 17.883037030696869 32.037208527326584 133.71283286809921 5.3501581698656073 124.99559906125069 26.138889625668526 20.213966801762581 62.084269553422928 146.13521495461464 545.65285907685757 5.1320772916078559 10.90038977563381 6.0560961365699759 9.1966446042060834 609.86226904392242 23.283424511551857 164.45915068686008 4.8421784192323676 415.31237982213497 57.129446037113667
leaf_count=189 41 1192 36 42 43 35 2065 47 50 24 82 141 613 22 545 106 106 610 606 2278 21 62 29 53 3551 151 748 21 1835 412
internal_value=-3.94438e-07 -0.00213326 0.00157869 0.000661284 6.19495e-05 0.00305301 -0.00138617 -0.000708777 0.00525388 -0.00784981 0.00183293 0.00321736 0.00208008 0.0074981 0.000513015 -0.00047866 0.00446422 -0.00468734 0.000239915 0.000104253 0.00625182 0.00286661 0.0105228 0.00298803 0.00278945 0.00719482 -0.000977192 0.00498562 -0.00112585 -0.00395947
internal_weight=3080.93 1310.9 1770.03 1091.6 722.813 678.433 1014.65 620.464 26.4872 15.6827 368.784 179.553 142.166 37.3874 189.231 151.134 38.097 296.249 707.131 691.788 15.3425 658.779 16.5229 647.878 619.059 28.8194 593.977 14.2057 579.772 234.164
internal_count=15756 7050 8706 4665 3014 4041 4836 2771 126 66 1651 812 649 163 839 651 188 2214 2948 2884 64 3852 76 3790 3604 186 2645 62 2583 1604
is_linear=0
shrinkage=0.01


Tree=194
num_leaves=31
num_cat=0
split_feature=2 13 0 2 22 1 22 23 22 1 18 1 22 22 28 2 21 19 5 26 26 3 18 29 11 19 29 21 11 22
split_gain=101.934 32.8013 16.6695 9.20354 6.10043 11.1305 9.44983 10.3771 10.0959 7.09009 6.04621 6.44713 5.94194 8.76684 5.887 5.81349 6.59401 5.73417 5.59278 5.52135 5.09885 5.05377 6.75058 5.74241 5.867 4.98689 4.93423 4.88429 4.61998 4.61527
threshold=-0.25470253582145658 0.88622533803942172 -1.17202286210494 1.6417879253725467 -2.1909796318538088 -0.27015968042183963 -1.4762916065280647 -1.9284315868749891 -0.79849947891328432 -1.0147558326507473 0.04538699579894135 -0.19861310351803957 1.1083134438274644 1.1961183722072837 -0.13849021458713687 -1.2307257759539878 0.26972525806887665 -1.5746346657417696 -0.37077926076905626 2.2584517362145697 -2.1261141281169014 -0.19039343122888422 0.23836719623124905 -1.6721949275799524 1.7079597462557163 1.2922653456945496 -0.25671286230938689 1.8981339219384585 0.819816439478528 -1.6952643043878195
decision_type=2 2 2 2 2 2 2 2 2 2 2 2 2 2 2 2 2 2 2 2 2 2 2 2 2 2 2 2 2 2
left_child=2 19 12 10 5 -4 7 26 9 -8 25 -12 20 14 -14 16 -15 -10 -17 21 -1 22 27 -23 -25 28 -6 -2 -3 -9
right_child=1 3 4 -5 6 -7 8 29 17 -11 11 -13 13 15 -16 18 -18 -19 -20 -21 -22 23 -24 24 -26 -27 -28 -29 -30 -31
leaf_value=-0.0076919603569008599 -0.00033947634748433239 -0.0025982997986566114 -0.018117383787161021 -0.0064576151283556073 0.004250095608940606 0.002237778052397975 0.0043497915144727721 0.0043631667938912166 0.0049606121602856898 -0.0014622894073324469 -0.0096396976019872162 -0.0037859712566912854 -0.019604565178837435 -0.0059436739794474338 0 0.0064103908153873845 0.0083442766549315789 0.0015552174521356813 -0.0089511219297073227 -0.0077097770672252628 0.0054514859481855646 0.0078022600925083344 0.0077912728208577092 -0.0016638384053601046 0.0020244754231627071 0.0097100849152968703 -0.0087937208795773655 0.0049793574934692501 0.0036105674966380773 0.0099999966507302081
leaf_weight=2.8550687506794921 459.07102379202843 187.76665972173214 4.3641680479049683 110.41854652762413 4.6588549017906189 6.5199843347072584 23.758961230516434 38.211656376719475 52.612529724836349 171.46587669849396 22.043173283338547 141.22671894729137 3.0345682501792908 3.7549986243248012 3.1772030442953101 3.5967603176832199 18.373278468847275 892.71997721493244 6.3255165815353376 11.381784588098524 177.96854285895824 6.7232240438461295 10.884022533893583 603.31459175050259 46.125821813941002 3.4511293470859519 7.1026259213685972 17.829122006893158 12.58497931063175 24.761445611715317
leaf_count=18 1984 1107 20 1050 22 32 121 184 275 819 141 893 20 26 22 23 126 4253 37 54 1240 30 47 2671 221 20 32 76 72 120
internal_value=-3.82574e-07 -0.00171273 0.00193348 -0.00391768 0.00147806 -0.00592353 0.00154566 0.00499318 0.00131847 -0.000747972 -0.00314938 -0.00458782 0.00447596 0.000861765 -0.00987933 0.00299887 0.0058589 0.00174631 -0.0032745 -0.000800317 0.0052343 -0.000730028 3.88972e-05 -0.00130308 -0.00140007 -0.00199042 -0.00355034 -0.000137531 -0.0022017 0.0066078
internal_weight=3078.08 1632.82 1445.26 477.491 1226.18 10.8842 1215.29 74.7346 1140.56 195.225 367.073 163.27 219.086 38.2623 6.21177 32.0506 22.1283 945.333 9.92228 1155.33 180.824 1143.95 487.784 656.164 649.44 203.803 11.7615 476.9 200.352 62.9731
internal_count=15756 8366 7390 3283 5878 52 5826 358 5468 940 2233 1034 1512 254 42 212 152 4528 60 5083 1258 5029 2107 2922 2892 1199 54 2060 1179 304
is_linear=0
shrinkage=0.01


Tree=195
num_leaves=31
num_cat=0
split_feature=0 14 6 0 26 9 16 28 5 11 21 15 5 23 24 14 11 2 26 16 16 2 18 28 15 0 16 13 28 0
split_gain=100.168 28.2655 20.5547 7.77049 6.83138 5.79609 5.49713 5.49574 8.08358 8.11773 7.96619 6.00785 8.27951 7.44494 6.77312 5.4003 5.20491 4.93536 4.80983 5.50126 6.07014 4.83675 6.52469 5.87496 4.42451 4.3873 10.4305 6.09652 4.1929 5.81429
threshold=0.10872657857039149 -0.7560413066771895 1.3936210920767307 -1.3968135513546232 -1.6404897112243424 1.1759622781351131 -0.87674376142977251 -1.7918079738412511 -1.2460889858619002 0.19534344525382427 -0.092913101493689795 -1.1248545534271128 0.63938227622822297 -1.1730994181331666 -0.9073887924547408 0.090670908983280618 0.18609431148895825 -0.78935781040946662 -0.62168349449236582 -2.1492127069821456 -1.8527991044172576 0.45991034574790862 -0.57218032753776038 -1.6283212722438296 -0.44211130071501187 0.53193076812060458 1.2904156642834954 0.37979057430908342 -0.20085671527184459 1.3943570498295237
decision_type=2 2 2 2 2 2 2 2 2 2 2 2 2 2 2 2 2 2 2 2 2 2 2 2 2 2 2 2 2 2
left_child=1 3 5 6 24 18 16 8 -3 -10 -11 12 13 -9 15 -13 -1 -16 21 -20 -21 23 -23 -2 -4 26 27 -7 29 -27
right_child=2 7 4 -5 -6 25 -8 11 9 10 -12 14 -14 -15 17 -17 -18 -19 19 20 -22 22 -24 -25 -26 28 -28 -29 -30 -31
leaf_value=0.0051885706004379372 0.005643510425119627 0.0091639585840893635 -0.002251227429730056 0.0026684868954468545 -0.0056889456637267116 -0.0045208479835588808 0.0089257512173668997 0.0098374259820665604 -0.0078570524402788548 -0.0062739097983047099 0.0053356377279611842 0.0024832446369137252 -0.0078534899975438738 0.0023724935334390536 -0.0088185115027186404 -0.0049306108375217032 -0.012323769954947422 6.1617070298363705e-05 0.0074982540728310721 -0.0096488302454749604 -0.00082204134675173586 -0.0003772400701944048 -0.0053567502634499576 -0.0018727967402418051 0.014914241697477279 -0.0044223476152776484 0.010680386832565369 0.004946212896920375 -0.0055806112687048206 0.001900471559091845
leaf_weight=5.0686253085732451 12.209448009729384 5.0820179283618918 3.2717731520533562 683.46800858527422 188.8545635715127 32.884229630231857 33.176247283816338 16.217163652181625 25.344849482178688 10.384462103247644 13.42881156504154 179.81138525903225 6.5321078598499289 78.617471277713776 6.2028914391994467 10.216643795371054 2.4200039505958557 891.44550193846226 7.6795627623796454 7.8419755846261969 496.19163946807384 38.141950212419033 88.202038764953613 65.945146277546883 2.5233226418495169 40.222412899136543 6.8332581967115393 8.3902202844619733 86.357572376728058 22.414855159819126
leaf_count=47 54 22 27 3930 1547 142 310 69 104 43 56 762 27 330 28 43 21 3725 35 37 2422 199 488 294 20 233 29 38 524 150
internal_value=-3.75479e-07 0.00135363 -0.00240549 0.00292429 -0.00535774 -0.00177468 0.0071821 0.000437847 -0.00266888 -0.0039286 0.000226078 0.000580619 0.00290923 0.00366858 0.000362436 0.002077 -0.000426714 0 -0.00135406 -0.000832862 -0.000963243 -0.00265231 -0.00386288 -0.000680096 0.0051796 -0.00329656 -0.000644552 -0.00256492 -0.00414513 -0.00214435
internal_weight=3075.38 1967.42 1107.96 724.133 194.65 913.314 40.6649 1243.28 54.2401 49.1581 23.8133 1189.04 101.367 94.8346 1087.68 190.028 7.48863 897.648 716.212 511.713 504.034 204.499 126.344 78.1546 5.7951 197.103 48.1077 41.2744 148.995 62.6373
internal_count=15756 9517 6239 4308 1594 4645 378 5209 225 203 99 4984 426 399 4558 805 68 3753 3529 2494 2459 1035 687 348 47 1116 209 180 907 383
is_linear=0
shrinkage=0.01


Tree=196
num_leaves=31
num_cat=0
split_feature=6 13 13 19 15 1 26 15 6 26 26 26 10 19 22 9 8 16 6 5 3 24 8 26 23 28 6 28 16 26
split_gain=98.3758 23.9713 22.9243 7.96438 10.9059 9.58857 7.24546 7.07934 6.91582 6.71784 7.64581 10.1462 14.8696 6.43162 6.42122 6.37213 6.17171 5.55777 5.34214 5.20364 9.82894 7.21644 6.23942 9.30863 8.83224 5.13052 7.96796 7.4788 6.6023 6.28639
threshold=-0.044263638409454818 1.2850967815328296 -0.90047407995484008 -1.0053299140520875 -0.8568183427370808 0.17434885595421423 2.1281499207500025 -0.71395074187037844 0.5150921703456065 2.2584517362145697 -0.21074436080714951 -0.36012504418641716 0.43894814960913509 -1.3792723007190479 -1.5818465787320857 -1.7738609692054441 -1.8694994034418504 2.0913822277114673 -1.3107097333007427 -1.1912357501696262 -0.54904163829434838 0.48373479400474934 -1.1617522790875823 1.1527990279598015 -2.0837150458119367 0.6759513163591736 1.1217646478815124 -0.14706632520184074 0.52835381555775285 1.2290958695984604
decision_type=2 2 2 2 2 2 2 2 2 2 2 2 2 2 2 2 2 2 2 2 2 2 2 2 2 2 2 2 2 2
left_child=2 6 9 4 -4 7 8 -6 14 10 11 18 -13 -10 -2 -16 -15 -12 -1 20 21 -5 23 -21 -24 26 27 28 -3 -28
right_child=1 25 3 19 5 -7 -8 -9 13 -11 17 12 -14 16 15 -17 -18 -19 -20 22 -22 -23 24 -25 -26 -27 29 -29 -30 -31
leaf_value=0.0058848479999690697 -0.0049692690857125526 0.010109556181990447 -0.019514840895774543 -0.0053813422300052352 0.013438570254841044 0.0104892123293802 -0.0083806261321239511 0.0018596406873373115 0.0014178784597409636 -0.0086075076718823435 0.0045908753215906963 -0.00057778366726254666 -0.020909746706843074 0.0083527863295655442 0.0077068842700192585 -0.00044111743696709601 -0.0026727623186493894 -0.0044226606761740396 0.0019254241061792663 0.0065527164444347885 -0.01854620234251764 0.0072492335109377859 -0.011616699392590954 -0.0063379358029480408 0.00045383259145936102 -0.0073166710497598484 -0.0050594820274302947 -0.0092212041672857532 -0.0059724895182416146 0.0055438649909648127
leaf_weight=44.459061332046986 30.983140394091606 10.009930200874807 2.0875443816184989 13.91168281435967 5.3872338086366645 15.266567453742026 14.723373651504515 171.38545861840248 44.640117272734642 4.5974815040826789 301.2469155266881 28.898582831025124 4.0291982591152182 4.9982739984989157 9.6731638610362989 510.21391740441322 443.97497287392616 6.8114949986338607 152.47697770595551 33.475396126508713 3.87111473083496 6.5470411479473105 5.9954477846622458 6.5642095655202857 959.01435780525208 65.040334902703762 159.29844066500664 4.0721116960048667 3.2567483857274047 5.626027673482894
leaf_count=318 142 61 9 66 24 74 79 820 199 28 1893 174 23 23 39 2204 2383 41 882 154 20 31 25 29 4095 555 1273 28 20 44
internal_value=-3.76133e-07 -0.00208097 0.00153832 0.000778446 0.00263679 0.00289282 -0.00142486 0.00222557 -0.00132506 0.0032497 0.00335448 0.00196511 -0.00315175 -0.00218525 -0.000552204 -0.000286137 -0.00254596 0.00438696 0.00282689 0.000426795 -0.00412875 -0.00127516 0.000538468 0.00440395 0.000376608 -0.00488535 -0.00400872 0.00239047 0.00607172 -0.00468857
internal_weight=3072.54 1306.51 1766.03 1223.51 194.127 192.039 1059.21 176.773 1044.48 542.52 537.922 229.864 32.9278 493.613 550.87 519.887 448.973 308.058 196.936 1029.38 24.3298 20.4587 1005.05 40.0396 965.01 247.304 182.263 17.3388 13.2667 164.924
internal_count=15756 7050 8706 5347 927 918 5069 844 4990 3359 3331 1397 197 2605 2385 2243 2406 1934 1200 4420 117 97 4303 183 4120 1981 1426 109 81 1317
is_linear=0
shrinkage=0.01


Tree=197
num_leaves=31
num_cat=0
split_feature=6 6 14 0 19 26 25 24 18 22 20 29 25 22 26 20 20 24 18 9 0 19 23 22 17 15 28 24 17 23
split_gain=96.5163 23.6498 22.4068 7.65553 5.90764 9.00168 5.95653 6.97076 5.81216 6.11562 5.7766 7.87265 8.52581 6.66428 6.68875 6.81204 6.67917 6.49698 6.08875 5.71947 5.65878 5.60525 5.37568 7.38318 5.41551 5.26038 5.01393 5.07178 6.94304 4.96828
threshold=-0.044263638409454818 1.2149823610813699 -0.76157425996426065 -1.4944002148544933 -1.0053299140520875 1.0515030434618176 -0.67203983167541737 1.4653454203655085 -0.57218032753776038 -0.3806118839672944 1.2750287128791067 1.0149628118465284 0.91633780285826005 -1.6952643043878195 -0.65886913807859271 1.1744341565389693 -1.5241997178251701 -0.11051043094443426 -0.55076076759549253 -0.37170580558858102 1.9409653875896897 2.8322821358373869 -1.8798894141137721 -1.4762916065280647 0.13300197273093722 2.004277351635531 0.6759513163591736 0.40306794403655666 -0.039120304442195622 -1.3726566188106049
decision_type=2 2 2 2 2 2 2 2 2 2 2 2 2 2 2 2 2 2 2 2 2 2 2 2 2 2 2 2 2 2
left_child=2 10 3 -1 5 8 -7 -8 25 -10 13 12 18 17 16 -16 -15 19 -12 -2 26 -5 24 -24 -6 -4 27 -3 -29 -25
right_child=1 20 4 21 22 6 7 -9 9 -11 11 -13 -14 14 15 -17 -18 -19 -20 -21 -22 -23 23 29 -26 -27 -28 28 -30 -31
leaf_value=0.0091272099659904932 0.0081278256536171656 -0.0040296130410342971 0.0016023612445117122 0.0027952052500723728 0 0.0056872499260964748 -0.011134538317400444 0.0018829440462294008 -0.00041248234185632074 0.010171011613773295 0.0064506244156913826 -0.0092847228725578771 0.0089742241898996249 0.0077492205346567254 -0.00052769159527651271 0.0066080570387073139 -0.0025962205598256583 -0.010224367700432193 -0.003903609032173393 -0.0052232665729259461 -0.0072988459409129855 -0.0087941023534277973 0.0047856039854174528 0.0039514284449622119 -0.012357483494575 0.010167183494516053 -0.0064522179833233642 -0.0038934709655621198 0.0037446753463911968 5.3784527474823015e-05
leaf_weight=19.263618893921375 4.6520129293203345 128.01256082206964 87.119311258196831 684.61148003488779 7.7574389427900297 5.3885479271411922 10.71016348898411 6.4096717387437812 7.0739123523235348 21.352693915367126 5.9897269755601874 19.522099398076534 6.1586763709783545 6.2681801468133918 618.69465575367212 13.558821737766264 237.82818830013275 15.40163968503475 74.506482556462288 9.6952430903911608 60.905797682702541 4.0634194761514655 36.70553557574749 33.982390210032463 6.5713326781988144 7.7972936630249015 56.351640343666077 24.494120679795742 22.934193149209023 825.9231761097908
leaf_count=189 21 874 386 4038 33 23 45 27 31 93 34 110 34 27 2858 72 1136 75 422 47 610 19 157 143 27 38 412 163 155 3457
internal_value=-3.96652e-07 -0.00206264 0.00152405 0.00290102 0.000600489 0.00246926 -0.00331267 -0.00622008 0.00353431 0.00751006 -0.0013371 -0.00354706 -0.00223371 -0.00107667 -0.000916926 -0.000372062 -0.0023234 -0.00573 -0.00311369 -0.000798742 -0.00456715 0.00272411 0.000299942 0.000398387 -0.00575096 0.00232644 -0.00384223 -0.002995 -0.00017886 0.000209419
internal_weight=3069.7 1304.97 1764.73 707.939 1056.79 145.852 22.5084 17.1198 123.343 28.4266 1012.28 106.177 86.6549 906.099 876.35 632.253 244.096 29.7489 80.4962 14.3473 292.698 688.675 910.94 896.611 14.3288 94.9166 231.793 175.441 47.4283 859.906
internal_count=15756 7050 8706 4246 4460 643 95 72 548 124 4836 600 490 4236 4093 2930 1163 143 456 68 2214 4057 3817 3757 60 424 1604 1192 318 3600
is_linear=0
shrinkage=0.01


Tree=198
num_leaves=31
num_cat=0
split_feature=2 13 14 13 2 10 13 23 6 28 12 6 15 28 18 1 13 23 0 22 22 27 25 11 17 22 19 11 25 23
split_gain=94.9055 30.9229 16.9368 11.9453 8.95893 8.91096 8.73815 8.48882 10.009 10.9271 8.35328 11.2806 7.33364 7.31738 5.94117 6.43137 5.17961 6.58119 5.95473 7.54015 6.27191 5.60067 7.1246 5.30133 5.02257 5.79583 5.32725 4.86736 9.26538 4.67116
threshold=-0.25470253582145658 0.88622533803942172 -1.0996451299552181 -1.1044171093987483 1.6417879253725467 -0.45568666823111387 -0.90047407995484008 0.50290748345050995 -1.2357612052849727 0.78354763198277944 -1.0199170013970111 -1.0126098206415237 -0.8916975060688711 -1.1222476573224538 0.04538699579894135 -0.19861310351803957 0.86251764409700959 0.092347011139241195 0.54571841607728444 -0.31644352946776488 -1.6569579104576142 -1.5813416642183582 -1.581727027249259 0.76638931514200215 -1.3896934866993378 1.8156155852908311 -0.35966556776385145 0.819816439478528 0.49653126255343416 -1.1949359163774902
decision_type=2 2 2 2 2 2 2 2 2 2 2 2 2 2 2 2 2 2 2 2 2 2 2 2 2 2 2 2 2 2
left_child=2 16 5 -4 14 29 10 -7 12 -10 11 -5 -9 -12 27 -16 18 -18 21 20 -20 23 -23 -2 26 -26 -8 -3 -29 -1
right_child=1 4 3 6 -6 7 24 8 9 -11 13 -13 -14 -15 15 -17 17 -19 19 -21 -22 22 -24 -25 25 -27 -28 28 -30 -31
leaf_value=-0.0024280079088706318 0.0012045960085396003 -0.0023441016189978169 -0.0049255844620138944 0.0033229338029386003 -0.0063404211774003242 0.0045341148891971774 0.0022818350546820378 -0.013076581631925738 -0.001274117581571566 -0.017547343626818025 -0.0027301563739379922 -0.0053491398764967859 0.0034011394769666776 0.0053551688728500236 -0.009560753649641698 -0.0036818741517118288 -0.0022223519659024132 0.012341084913263373 -0.0072100924289331967 -0.0039613118449772691 0.00041450706909375529 -0.0093672993096977752 -0.00053773557970386761 0.010242220576592227 0.0010053302835853666 -0.0030493210385565657 0.0094630753369977401 0.0093025684912540069 -0.006909147377613209 0.0078799032547696799
leaf_weight=4.524535432457923 28.074091613292694 187.49097912013531 29.781275048851967 44.154442816972733 108.49705601483583 145.85397522896528 56.855483055114746 2.703360103070735 19.904020205140117 5.1682653278112403 12.002952352166174 22.568047761917114 62.849569611251354 131.52688530087471 21.780375979840755 140.06519390642643 5.520362660288809 6.6389899998903275 11.950012490153311 123.65934883058071 101.78177006542683 9.1540450155734998 858.67750598490238 8.4948263466358167 789.5051636993885 36.696254372596741 12.766658455133436 9.787559971213339 5.3255013078451148 63.194269582629204
leaf_count=29 118 1112 157 247 1050 957 283 20 119 30 68 124 409 772 141 893 30 32 66 647 525 39 3591 35 3512 156 57 56 31 450
internal_value=-3.88766e-07 -0.00165568 0.00186896 0.0013062 -0.00380946 0.00396587 0.00147533 0.00304035 0.000622874 -0.0047247 0.00331178 0.000371133 0.00268749 0.00467063 -0.00305172 -0.00448461 -0.000771835 0.0056835 -0.000841947 -0.0022523 -0.000383469 -0.000470439 -0.000633092 0.00335348 0.00104287 0.000823683 0.00362469 -0.0019005 0.00351633 0.00717389
internal_weight=3066.95 1626.9 1440.06 1135.86 472.947 304.198 1106.08 236.479 90.6252 25.0723 210.252 66.7225 65.5529 143.53 364.45 161.846 1153.95 12.1594 1141.79 237.391 113.732 904.4 867.832 36.5689 895.824 826.201 69.6221 202.604 15.1131 67.7188
internal_count=15756 8366 7390 5376 3283 2014 5219 1535 578 149 1211 371 429 840 2233 1034 5083 62 5021 1238 591 3783 3630 153 4008 3668 340 1199 87 479
is_linear=0
shrinkage=0.01


Tree=199
num_leaves=31
num_cat=0
split_feature=2 13 0 2 20 27 18 1 17 25 26 15 11 8 13 0 29 7 19 16 1 8 26 13 16 4 8 16 16 13
split_gain=93.1068 30.4405 15.7236 8.88011 7.46111 6.5039 5.85805 6.37362 5.72039 5.74635 5.38486 5.37432 5.6114 8.18798 4.95882 5.77831 5.51891 4.86547 4.83636 4.78538 4.6591 7.65412 4.76194 4.60415 4.26528 4.11794 4.30577 3.98938 3.55171 3.534
threshold=-0.25470253582145658 0.88622533803942172 -1.17202286210494 1.6417879253725467 1.6484744710172041 -0.097657430261525999 0.04538699579894135 -0.19861310351803957 -1.5039790479353716 2.3472329065325312 2.2584517362145697 -0.80584120773916246 -0.61067180302692448 -0.84856347245056918 0.86251764409700959 0.54571841607728444 1.8622684645319518 -0.16609151014886112 1.2922653456945496 1.0465289089881578 0.18411230851753715 -1.1617522790875823 1.0515030434618176 -0.69166907836163849 -0.4515103754924546 -1.1548900899406098 -1.9421294981911428 -0.4042634022144076 -0.55274958519069617 1.5505518473119566
decision_type=2 2 2 2 2 2 2 2 2 2 2 2 2 2 2 2 2 2 2 2 2 2 2 2 2 2 2 2 2 2
left_child=2 10 4 6 25 -6 18 -8 11 20 14 -4 13 -13 15 16 -2 -17 19 -3 22 -22 -10 -11 -9 26 -1 -12 -28 -5
right_child=1 3 8 29 5 -7 7 24 9 23 27 12 -14 -15 -16 17 -18 -19 -20 -21 21 -23 -24 -25 -26 -27 28 -29 -30 -31
leaf_value=-0.0073298011428380092 -0.00051887719527985918 -0.0016566755400372361 -0.0042304970470523834 0.0037839435434644558 -0.011826627197292145 0.0047435653351971235 -0.0095214071045093239 0.00085800852348581411 0.0011061160632695505 -0.011561152199932921 -0.014886611790306609 0.0044108155778467681 0.0079959995489037958 -0.008692934182570923 0.005614651425067777 0.00032576718802027537 0.00472026426276959 -0.0029953671877936865 0.0096202071846025073 -0.0077205779198485881 0.0079902371540059216 0.0017609984760107976 -0.0012983540825611793 7.8750724028750958e-06 -0.0043232169479501658 0.011352139659051548 0.0024633933375689996 -0.0025511113532943031 0.0054762262712574061 -0.0066268749212517498
leaf_weight=2.9213143959641448 875.88999569416046 184.88599598407745 6.7018104344606391 3.1803785413503638 5.1317448168992996 4.1461768671870214 21.652732364833355 17.87439638376236 513.87415947020054 6.1084745824337006 4.4776159524917603 26.441413998603821 32.432253733277321 5.6810301393270484 12.185237899422644 58.170983403921127 20.448885828256607 175.64377418160439 3.4625363349914542 14.044296473264692 20.54929231107235 505.59084986150265 97.64282314479351 7.3295957893133146 121.87896020710468 9.1197893023490888 56.937091544270515 6.8383331000804883 138.10501584410667 104.7912717461586
leaf_count=20 3664 1095 34 28 30 29 141 113 2474 30 22 144 171 28 62 284 84 935 20 84 104 2398 463 32 780 55 407 32 971 1022
internal_value=-4.06966e-07 -0.00164067 0.00185202 -0.00378094 0.00433858 -0.00434338 -0.00302674 -0.00445207 0.00141075 0.00123906 -0.00076432 0.00416455 0.00505676 0.00204253 -0.000694997 -0.000764403 -0.000397724 -0.00216504 -0.00188348 -0.00209347 0.00131673 0.00200766 0.000720402 -0.00522368 -0.00365325 0.00473429 0.00441879 -0.0076074 0.00460355 -0.00630775
internal_weight=3064.14 1625.43 1438.71 471.771 216.361 9.27792 363.799 161.406 1222.35 1151.1 1153.65 71.2565 64.5547 32.1224 1142.34 1130.15 896.339 233.815 202.393 198.93 1137.66 526.14 611.517 13.4381 139.753 207.083 197.963 11.3159 195.042 107.972
internal_count=15756 8366 7390 3283 1512 59 2233 1034 5878 5501 5083 377 343 172 5029 4967 3748 1219 1199 1179 5439 2502 2937 62 893 1453 1398 54 1378 1050
is_linear=0
shrinkage=0.01


Tree=200
num_leaves=31
num_cat=0
split_feature=14 14 6 2 20 26 1 3 23 16 17 11 18 14 15 23 27 15 27 29 29 11 17 11 17 3 15 16 25 22
split_gain=91.3632 24.3209 20.7431 7.41044 7.14034 6.81905 6.57352 5.41289 7.33503 6.56784 8.78357 7.84118 7.30355 6.85939 6.50506 6.75089 6.18996 6.06364 5.29866 5.52095 7.23348 5.27469 4.77211 4.40793 4.36203 5.98739 4.34626 4.3383 4.30374 4.12333
threshold=0.043980552094585033 -0.76157425996426065 1.3936210920767307 -1.3706774009881311 1.0062115744375306 -1.6404897112243424 1.6381189509688483 -0.96137509970956414 -1.9284315868749891 -0.18443688128746324 -0.2718315372713383 -0.62209044693023385 -1.1932816535820503 -0.71558343615265929 -1.1682280271607357 -0.48082532998718769 0.73405799363879332 -0.38270402356673766 1.207757603209324 0.75544109932765935 0.88176766030957987 0.16060718689535677 -1.6705551342050393 -0.74952159684225295 1.8538433544999269 1.7387243836308233 -0.44211130071501187 2.3082959666201797 0.57470243266679955 1.1285589814820089
decision_type=2 2 2 2 2 2 2 2 2 2 2 2 2 2 2 2 2 2 2 2 2 2 2 2 2 2 2 2 2 2
left_child=1 3 4 29 6 26 24 9 21 11 12 13 -11 -3 15 -10 -16 -13 19 23 -21 -9 -5 -6 25 -2 -4 -24 -8 -1
right_child=2 7 5 22 18 -7 28 8 14 10 -12 17 -14 -15 16 -17 -18 -19 -20 20 -22 -23 27 -25 -26 -27 -28 -29 -30 -31
leaf_value=0.0072694302458264958 -0.0010177932939205987 0.011226166985617458 -0.0020671928582306214 0.0067737410024678261 0.0043931908306152952 -0.005537729401143273 -0.0086767246171878341 -0.00079580893941689145 0.0061003476980429358 0.0028498988770875263 -0.0066963112627823349 0.0070379368007781771 0.01149431346927576 -0.0014718099505419491 0.00055093898576754501 -0.00020330599872381736 -0.0013284712384987881 0.0006299729398373139 -0.0085125137197062418 0.010280750620723811 -0.0017262560674970984 -0.01395856707090575 0.0024552453048166897 -0.0041560345762451257 0.0085098118782879813 -0.011283154285522635 0.015014677701317369 -0.0044039083972022075 -0.00061463729276298184 -0.0012868932090896563
leaf_weight=50.20159313082695 777.45771839469671 4.3615789711475363 3.2195527851581573 25.617955461144447 6.1645605415105811 185.46517718583345 19.004672348499302 6.3196940869092924 37.470172762870789 21.281745880842209 5.1956467628478995 29.414018988609314 18.768146142363548 86.974827915430069 665.34634487330914 30.458402335643768 237.73597359657288 30.348468661308289 18.695002436637878 6.6215131953358677 19.424202375113964 6.1245937794446945 613.52986119687557 117.60952287167311 4.6360107362270346 5.6458844989538184 2.5140684321522704 9.17073807120323 10.584336638450621 6.0928088650107375
leaf_count=452 3801 22 27 171 37 1547 99 27 159 92 22 127 82 372 2779 129 991 133 107 38 108 25 3524 661 22 31 20 47 52 52
internal_value=-4.06763e-07 0.00136455 -0.00218644 0.00283475 -0.00160002 -0.00520245 -0.00121143 0.000485486 0.000181632 0.00200148 0.00534454 0.000990935 0.00694428 -0.000842894 0.000280751 0.00326302 5.49857e-05 0.00380705 -0.00347702 -0.00283675 0.00131564 -0.00741336 0.00252922 -0.00371897 -0.00103565 -0.00109451 0.0053804 0.00235193 -0.00583829 0.006325
internal_weight=3061.45 1884.41 1177.04 704.613 985.843 191.199 817.329 1179.8 983.455 196.344 45.2455 151.099 40.0499 91.3364 971.011 67.9286 903.082 59.7625 168.515 149.82 26.0457 12.4443 648.319 123.774 787.74 783.104 5.73362 622.701 29.589 56.2944
internal_count=15756 9206 6550 4246 4956 1594 4005 4960 4110 850 196 654 174 394 4058 288 3770 260 951 844 146 52 3742 698 3854 3832 47 3571 151 504
is_linear=0
shrinkage=0.01


Tree=201
num_leaves=31
num_cat=0
split_feature=0 0 6 13 17 28 6 14 6 28 16 29 7 23 14 20 9 27 25 1 18 18 15 7 28 28 22 19 17 6
split_gain=89.7804 25.8195 19.1065 8.95202 9.85816 7.24073 5.94606 11.0426 7.76984 5.94043 7.01528 6.86212 5.68042 12.7283 5.67839 5.66179 7.95397 7.43729 7.8633 7.36334 7.22332 6.88776 5.58965 5.49346 5.45681 5.43073 5.26093 5.56387 5.1551 5.39316
threshold=0.10872657857039149 -0.64299027693002697 1.3936210920767307 -1.2201868373435214 -1.5315904011236201 -1.7918079738412511 -1.1425876823327197 -1.0996451299552181 -1.2302871754353959 -1.4130575094284537 -1.1142837323059094 1.8622684645319518 -1.4784614242221701 -0.57811631911255512 0.078853966970492337 1.0062115744375306 0.85679274992748333 1.148244327595713 0.22561437476581511 1.6381189509688483 0.93390433800302997 0.14474882151905574 -1.1248545534271128 1.6725080510490888 -1.0000000180025095e-35 -0.12806791248607272 -0.81322094371157427 -0.83237240046728966 1.8538433544999269 0.29006410786567044
decision_type=2 2 2 2 2 2 2 2 2 2 2 2 2 2 2 2 2 2 2 2 2 2 2 2 2 2 2 2 2 2
left_child=1 3 15 23 -5 26 8 -8 -6 10 -7 22 13 -4 -12 19 20 18 -18 28 21 -17 -11 -1 -15 -22 -3 -28 29 -2
right_child=2 5 12 4 6 9 7 -9 -10 11 14 -13 -14 24 -16 16 17 -19 -20 -21 25 -23 -24 -25 -26 -27 27 -29 -30 -31
leaf_value=0.0049040760586769438 0.00086318542021255511 -0.0099680756672647121 0.016108246580705275 0.0068461722168351438 0.0024650373933113139 0.011033311434028293 0.0071361942507418294 0.0017640224629861536 -0.0030781522930973249 0.0026482765401823435 0.0030019096269404679 0.0070947609954625799 -0.0056863519047758281 0.0068524876923429833 -0.0082884754985504613 0.0058916552579130269 -0.0048179441876704445 -0.0093067583828376418 3.3582473548925948e-05 -0.0063589735687485964 -0.0001348687665964534 -0.0089357314953254757 -0.0001048934758587582 -0.005962452389587731 -0.0085319680122269079 0.014384593895649618 0.0081175516319696144 -0.0032452855207526698 0.0095442731002103928 -0.0015315033469602453
leaf_weight=167.34501162916422 111.85257102549076 9.9882237017154676 3.8652337491512307 40.503044590353966 47.532230988144875 10.117903053760527 41.350476711988449 526.87020227313042 53.666379705071449 80.405616089701653 45.995703235268593 14.254653126001356 174.84300938993692 2.9525406584143647 4.797933191061019 5.2181231975555438 95.180697217583656 22.672404825687408 50.816635005176067 27.347436890006065 4.1560065597295761 7.397818461060524 873.03027676045895 4.621726617217063 8.8413968458771652 6.1367804110050184 4.7949206233024588 34.204973429441452 4.4286150336265555 573.56475399434566
leaf_count=1225 483 41 19 250 269 43 247 2736 300 334 192 59 1491 19 20 25 537 126 277 142 20 36 3615 26 65 30 20 140 21 2948
internal_value=-4.05205e-07 0.00128247 -0.00228798 0.00255138 0.00205244 0.000242945 0.00175992 0.00215791 -0.000464823 0.000422838 0.00345043 0.000230895 -0.00516933 0.000539543 0.00190159 -0.00168237 -0.00321273 -0.00396567 -0.00312358 -0.00127179 0.0022806 -0.00272618 0.000126493 0.00460292 -0.00457125 0.00848084 -0.00350706 -0.00180549 -0.00106778 -0.00113919
internal_weight=3058.75 1959.48 1099.27 881.889 709.922 1077.59 669.419 568.221 101.199 1028.6 60.9115 967.691 190.502 15.6592 50.7936 908.772 191.578 168.67 145.997 717.193 22.9087 12.6159 953.436 171.967 11.7939 10.2928 48.9881 38.9999 689.846 685.417
internal_count=15756 9517 6239 5053 3802 4464 3552 2983 569 4263 255 4008 1594 103 212 4645 1051 940 814 3594 111 61 3949 1251 84 50 201 160 3452 3431
is_linear=0
shrinkage=0.01


Tree=202
num_leaves=31
num_cat=0
split_feature=2 13 14 13 10 2 13 26 4 20 23 29 21 3 25 3 3 26 24 24 24 13 23 6 1 5 23 17 23 15
split_gain=88.2378 29.1666 16.0299 11.7137 8.79595 8.68471 8.46604 8.60838 10.4661 8.96971 8.36735 10.3871 12.5585 8.85181 5.37262 6.01069 10.9779 5.29869 5.08426 7.11876 5.07422 4.88799 6.38784 5.65816 7.5914 5.69222 4.64615 4.56073 4.90462 5.76521
threshold=-0.25470253582145658 0.88622533803942172 -1.0996451299552181 -1.1044171093987483 -0.45568666823111387 1.6417879253725467 -0.90047407995484008 -0.6459830862641428 -1.0510123259946498 -0.86644888855018298 0.50290748345050995 -0.97527608390372633 0.26972525806887665 -0.58308715746996298 1.0073179283718081 0.45121575534737079 0.33366647691381618 2.2584517362145697 -0.86330364382741465 -1.1291470428450709 -0.59149323001564602 0.86251764409700959 0.092347011139241195 0.5150921703456065 -1.9711126044448639 1.3035583957825929 -1.1949359163774902 -0.64455595060450033 -1.0446485474406753 -0.987244570452115
decision_type=2 2 2 2 2 2 2 2 2 2 2 2 2 2 2 2 2 2 2 2 2 2 2 2 2 2 2 2 2 2
left_child=2 17 4 27 26 14 7 8 -5 -9 -6 12 -12 -13 15 16 -3 21 19 -8 -20 23 -23 25 -25 -2 -1 -4 -29 -30
right_child=1 5 3 6 10 -7 18 9 -10 -11 11 13 -14 -15 -16 -17 -18 -19 20 -21 -22 22 -24 24 -26 -27 -28 28 29 -31
leaf_value=-0.0025332904047227519 -7.704004828209697e-05 -0.0020452917887977722 -0.01261505232595035 0.011317731363643066 0.0044263117356965424 -0.006220650545443988 0.0010475966232362463 -0.0022552925307886985 -0.0021848332910130649 0.0052156215307508982 -0.015404175576281419 0.0080592284986959091 0.00084628389032050447 0.00011885174923211116 -0.0057694285798457956 -0.0045816536445656402 0.0079027005746291745 -0.0075422134391380496 -0.0017821946612964462 0.0053015119528179513 0.00092072320724980101 -0.0022131471623286826 0.012116151390310109 0.0085713192399731308 -0.0023235015410363407 -0.0027057014139773333 0.007777887410919419 -0.0088101876474224339 0.01037098103961601 -0.0032536302678670354
leaf_weight=4.4995781406760207 779.0305650383234 202.03917025029659 6.0823471695184734 6.5128701925277701 144.48735954612494 106.58192376047373 113.99918228387833 17.869997188448906 43.18102616071701 141.6425621509552 8.0503356903791445 19.333595983684063 11.136424645781515 51.551227122545242 57.60922084748745 90.704837322235107 11.60571278631687 11.278090164065359 77.565584421157837 60.676641002297401 642.27018994092941 5.5168703943490964 6.6790100485086441 6.4298581033945075 251.46802301704884 92.149025827646255 62.335793346166611 8.6491057723760658 4.225213676691058 10.84011559188365
leaf_count=29 3285 1220 33 36 957 1050 510 106 242 827 48 130 70 330 357 584 72 54 348 276 2874 30 32 28 1245 409 450 42 23 59
internal_value=-3.81594e-07 -0.00159933 0.00180533 0.00125879 0.00385637 -0.00370335 0.00142668 0.00323941 -0.000375932 0.00437151 0.00293493 0.000529198 -0.00596471 0.00230695 -0.00295784 -0.00242064 -0.00149677 -0.000742881 0.00100129 0.00253318 0.000627875 -0.000674159 0.00558761 -0.000743171 -0.00204478 -0.000356513 0.00706602 -0.00491057 -0.00284784 0.00054477
internal_weight=3056 1621.09 1434.91 1133.51 301.394 468.541 1103.72 209.206 49.6939 159.513 234.559 90.0716 19.1868 70.8848 361.959 304.35 213.645 1152.55 894.512 174.676 719.836 1141.27 12.1959 1129.08 257.898 871.18 66.8354 29.7968 23.7144 15.0653
internal_count=15756 8366 7390 5376 2014 3283 5219 1211 278 933 1535 578 118 460 2233 1876 1292 5083 4008 786 3222 5029 62 4967 1273 3694 479 157 124 82
is_linear=0
shrinkage=0.01


Tree=203
num_leaves=31
num_cat=0
split_feature=6 13 13 7 26 0 26 1 22 26 9 16 23 22 15 13 14 23 16 9 10 18 29 15 15 15 13 11 28 28
split_gain=86.6375 21.931 20.6078 7.27373 7.03272 6.84343 6.7555 7.44909 6.52021 8.58356 6.12949 11.3063 7.13524 6.78733 7.29135 6.08052 13.8728 10.0106 8.03593 7.17696 6.98297 6.32803 6.06551 5.25641 9.24661 6.44618 9.04889 6.20007 5.5112 5.10842
threshold=-0.044263638409454818 1.2850967815328296 -0.90047407995484008 0.21791063385836187 2.1281499207500025 -1.4944002148544933 -0.65886913807859271 1.6066750482845156 -1.6952643043878195 -0.18182736172470068 0.13654319036836726 0.22799277008092683 1.3442314334394052 -2.1909796318538088 -0.94263267681127239 -1.0278500077373911 -1.0996451299552181 -0.92241242871117335 0.95779148854278773 -0.44961785073032012 -0.44571291109454841 -0.19220656610733586 0.3769395500553126 0.36238992352579208 0.45353763851272749 0.038560235115108796 -0.86853470375485642 -0.16045758086820122 0.57775466653702046 0.6759513163591736
decision_type=2 2 2 2 2 2 2 2 2 2 2 2 2 2 2 2 2 2 2 2 2 2 2 2 2 2 2 2 2 2
left_child=2 4 5 10 6 -1 7 -2 9 -8 13 12 -12 -4 -15 16 20 -18 21 -20 -7 -17 -13 25 -25 26 -5 -26 -27 -3
right_child=1 29 3 23 -6 15 8 -9 -10 -11 11 22 -14 14 -16 18 17 -19 19 -21 -22 -23 -24 24 27 28 -28 -29 -30 -31
leaf_value=0.0090263906042871104 -0.0021693201723842629 -0.003797837829816071 -0.0106495625172199 -0.010821566421388958 -0.0082326244189863795 0.0065858860457081248 0.005749833031113003 -0.0095689955277610365 -0.00056212038043021418 -0.0085464635376729069 0.0083936837183291226 -0.011638236937408302 -0.0018920911267401709 -0.0014624182636904148 0.0016466151907627985 0.0029445605260098053 -0.0059917592619821063 0.001004159936483273 0.010334603402007189 -0.0027949603143349617 0.0025336007158611226 0.007645029278342136 0.0028055115600514446 -0.0090588099530253437 -0.0055270601199898821 0.0056506107056024206 0.00024307044912306043 -5.6758886335162024e-05 -0.00074276467556459258 -0.0071397181361
leaf_weight=18.763212502002716 272.75207085907459 178.53134822100401 4.7483035475015631 7.4902663975954047 14.540407985448836 53.467928409576416 5.0989129841327694 14.334300756454466 727.18950727581978 20.715376853942871 39.437446340918541 5.6773912310600263 7.9095579981803885 87.345438972115517 536.75300298631191 50.230062827467918 28.789245754480362 69.475957989692688 5.0197879523038891 22.082738548517227 217.82808463275433 70.034411892294884 5.6203670054674149 14.843968778848646 24.119562849402428 40.59317509829998 280.77758073806763 146.10085089504719 19.746133059263229 63.266343235969543
leaf_count=189 1323 1426 21 36 79 372 24 77 3460 106 174 25 34 371 2448 301 146 396 30 126 1388 411 24 62 101 171 1175 622 83 555
internal_value=-3.79482e-07 -0.00196156 0.00144628 0.000727767 -0.0013372 0.00308191 -0.00123906 -0.00254547 -0.000739379 -0.00567274 0.00140781 0.00450287 0.00665395 0.00111691 0.00120973 0.0028625 0.00217146 -0.00103931 0.00458605 -0.000297358 0.00333806 0.0056942 -0.00440351 -0.000146506 -0.00150966 0.000574507 -4.4615e-05 -0.00084054 0.00354406 -0.00467896
internal_weight=3053.28 1296.43 1756.85 1221.16 1054.63 535.691 1040.09 287.086 753.004 25.8143 687.492 58.6448 47.347 628.847 624.098 516.928 369.561 98.2652 147.367 27.1025 271.296 120.264 11.2978 533.672 185.064 348.607 288.268 170.22 60.3393 241.798
internal_count=15756 7050 8706 5347 5069 3359 4990 1400 3590 130 3097 257 208 2840 2819 3170 2302 542 868 156 1760 712 49 2250 785 1465 1211 723 254 1981
is_linear=0
shrinkage=0.01


Tree=204
num_leaves=31
num_cat=0
split_feature=2 13 14 13 10 2 23 29 25 3 13 4 6 28 7 24 16 13 23 0 22 22 29 23 27 7 25 23 23 27
split_gain=85.0238 28.3621 15.5414 11.3645 8.61956 8.55801 8.24729 10.1758 9.57095 8.75519 8.20982 8.14593 11.0794 7.18292 5.82289 5.56294 5.36236 4.90015 6.21783 5.45269 7.45371 6.12275 5.508 7.95536 5.83663 5.02796 4.74159 5.4691 4.61094 4.54903
threshold=-0.25470253582145658 0.88622533803942172 -1.0996451299552181 -1.1044171093987483 -0.45568666823111387 1.6417879253725467 0.50290748345050995 -0.97527608390372633 -1.0564165968638188 -0.58308715746996298 -0.90047407995484008 -1.0199170013970111 -1.0126098206415237 -1.1222476573224538 -1.9536770097069749 -0.86330364382741465 1.7604864509333626 0.86251764409700959 0.092347011139241195 0.54571841607728444 -0.31644352946776488 -1.6569579104576142 1.8622684645319518 0.25133268270020936 -1.5813416642183582 -0.22753298711905356 1.0073179283718081 0.57344765353452209 -1.1949359163774902 -0.71029131432006842
decision_type=2 2 2 2 2 2 2 2 2 2 2 2 2 2 2 2 2 2 2 2 2 2 2 2 2 2 2 2 2 2
left_child=2 17 4 29 28 16 -6 8 -8 -9 11 12 -5 -13 -12 -16 26 19 -19 22 21 -21 24 -24 -2 -22 27 -3 -1 -4
right_child=1 5 3 10 6 -7 7 9 -10 -11 14 13 -14 -15 15 -17 -18 18 -20 20 25 -23 23 -25 -26 -27 -28 -29 -30 -31
leaf_value=-0.0025788695686592348 0.0033410814479464487 -0.0030934208086285404 -0.011604347359425287 0.0032223755896105639 0.004372122892713136 -0.0061629243574323261 -0.0022440177693606725 0.0080067916053649362 -0.019764782821934709 8.880534609390206e-05 0.0059646516201433599 -0.0028015705455317142 -0.005387003577943519 0.0052254754843935117 0.002473431949362709 0.00045530046368498256 -0.0092235255143130936 -0.0021765464431978965 0.01195326318217097 -0.0070759849659152857 -0.0004735917066057664 0.00049851391175460922 0 0.012976511964778193 -0.00073111997962101941 -0.0050784996128204318 -0.0053852067145831106 -0.00015062776060515511 0.0077073392424259046 -0.00250748586410159
leaf_weight=4.4888761341571799 36.551681950688362 199.64883994311094 7.4221497774124172 43.860349714756012 143.82270526140928 105.6766484156251 15.335450127720835 19.203561455011368 3.8851361349225035 51.455894865095615 22.834569826722145 11.961076974868773 22.531065598130226 130.14236837625504 170.20605793595314 700.98525142669678 13.018969088792799 5.5050353705883008 6.7081724405288696 11.813434436917303 32.885318160057068 101.37919640541077 13.150789707899095 7.2881107628345481 846.63853266835213 89.976649925112724 54.653908647596836 93.43650133907795 61.752160891890526 22.460147544741631
leaf_count=29 153 1254 38 247 957 1050 95 130 23 330 132 68 124 772 761 3115 84 30 32 66 162 525 54 30 3546 485 340 555 450 119
internal_value=-3.96675e-07 -0.00157127 0.00177373 0.00123612 0.00379899 -0.00365193 0.00288698 0.000497169 -0.00592129 0.00226313 0.00140191 0.00319055 0.000281888 0.0045413 0.000983353 0.000850972 -0.00291212 -0.000727636 0.00553716 -0.000796129 -0.00215023 -0.000288726 -0.000441093 0.00467321 -0.000561097 -0.00385547 -0.00267036 -0.00215903 0.00699238 -0.00483148
internal_weight=3050.68 1618.33 1432.35 1132.4 299.944 466.435 233.703 89.88 19.2206 70.6595 1102.52 208.495 66.3914 142.103 894.026 871.191 360.758 1151.9 12.2132 1139.68 236.055 113.193 903.629 20.4389 883.19 122.862 347.739 293.085 66.241 29.8823
internal_count=15756 8366 7390 5376 2014 3283 1535 578 118 460 5219 1211 371 840 4008 3876 2233 5083 62 5021 1238 591 3783 84 3699 647 2149 1809 479 157
is_linear=0
shrinkage=0.01


Tree=205
num_leaves=31
num_cat=0
split_feature=0 0 6 0 17 28 26 24 24 20 26 25 20 16 4 17 10 19 3 24 24 27 26 25 7 28 11 26 14 4
split_gain=83.4917 24.2372 18.2485 8.40263 8.7966 7.08934 6.79727 6.24452 11.7431 7.17512 6.0781 6.18954 5.48564 7.31956 11.8038 9.19384 8.40274 7.39505 6.50845 5.94805 5.46711 5.58951 5.71584 5.45744 5.18749 9.46295 5.14125 5.07347 5.0607 4.92584
threshold=0.10872657857039149 -0.64299027693002697 1.3936210920767307 -1.2044007760984523 -1.5315904011236201 -1.7918079738412511 -1.6404897112243424 -0.799650996560206 -0.77437980741827939 -1.1347535132216178 2.4096363237298251 2.3472329065325312 1.0062115744375306 1.2044727671789706 0.80342381645576511 1.7344446321014615 0.28922728372679335 0.97934119564447675 1.7387243836308233 -0.7879499010506702 -1.8611702715996661 -0.53890367925147498 -1.314096446640485 -1.3009249985357469 -1.4784614242221701 -0.077746997382543384 0.21987728708862325 -1.539205200844725 0.624448214135082 0.060511841255135722
decision_type=2 2 2 2 2 2 2 2 2 2 2 2 2 2 2 2 2 2 2 2 2 2 2 2 2 2 2 2 2 2
left_child=1 3 12 -1 -5 20 -4 9 -9 27 11 -6 18 16 15 -15 17 -14 29 -18 -3 22 -22 -11 25 -8 -23 -7 -20 -2
right_child=2 5 6 4 10 7 24 8 -10 23 -12 -13 13 14 -16 -17 19 -19 28 -21 21 26 -24 -25 -26 -27 -28 -29 -30 -31
leaf_value=0.0043918707994110972 0.0067813458807540455 -0.011118254751048553 0.0055652786400783175 0.0066735184791982347 0.0018988974824310598 -0.0016170243093749019 0.012062055333736679 -0.012401054028356935 0.00013228057668468216 0.0056963608044283036 -0.0080232682530509275 -0.0071977198515895471 0.014500915841800178 0.0090447930318788405 -0.006776595760022484 -0.0048326593752849867 -0.0010392372176132615 -0.0028212671078707992 -0.00080624164566737023 -0.0058256912733685631 0.0081946190269493527 -0.0080782295569880452 -0.004663040479102056 0.00055330077857981862 -0.00590296361928885 -0.0049283381871944873 0.00079508933702359221 0.009014639430821909 -0.011587152191000627 -0.0011525233430328919
leaf_weight=181.52138587087393 7.7826452851295462 7.8205517828464499 5.6780725121498099 37.638121739029884 644.27220189571381 5.4608457833528545 4.5773673877120027 7.4448323100805274 812.78127804398537 23.771430417895317 6.2370468080043784 7.4274046421051017 4.3056759089231473 16.843989253044132 12.735482826828955 6.4698297679424277 34.727435082197189 5.3684957027435303 7.7547989636659649 110.15325227379799 8.5606931895017606 16.680300608277324 5.5679501742124549 157.49433664977551 166.79507392644882 10.84789656847715 10.348005533218382 21.187276229262352 10.537037789821623 689.1638205498457
leaf_count=1323 32 32 47 232 3429 24 26 31 3361 100 32 37 20 80 83 32 192 28 36 616 35 68 23 655 1445 76 43 92 63 3463
internal_value=-4.06071e-07 0.00123744 -0.00221293 0.0024716 0.00196848 0.000231409 -0.00505087 0.000409483 1.58041e-05 0.001957 0.00169682 0.0017926 -0.00162266 -0.00313319 0.00089972 0.00514675 -0.00408029 0.00485548 -0.00121834 -0.0046868 -0.00347959 -0.00198044 0.00306011 0.00123605 -0.00539003 9.42804e-05 -0.00465374 0.00680067 -0.00710021 -0.00106153
internal_weight=3047.95 1954.21 1093.74 877.096 695.575 1077.12 187.898 1028.14 820.226 207.914 657.937 651.7 905.842 190.604 36.0493 23.3138 154.555 9.67417 715.238 144.881 48.9775 41.1569 14.1286 181.266 182.22 15.4253 27.0283 26.6481 18.2918 696.946
internal_count=15756 9517 6239 5053 3730 4464 1594 4263 3392 871 3498 3466 4645 1051 195 112 856 48 3594 808 201 169 58 755 1547 102 111 116 99 3495
is_linear=0
shrinkage=0.01


Tree=206
num_leaves=31
num_cat=0
split_feature=6 6 13 0 5 8 6 28 19 25 7 28 23 18 10 20 1 25 15 22 3 17 17 0 0 8 19 8 15 16
split_gain=82.013 21.1408 19.6624 7.31764 6.8319 9.91771 6.63542 6.45604 9.11149 8.54461 8.49522 7.93586 7.90355 6.46655 6.36233 9.79216 11.7512 6.34281 9.96365 6.94622 5.54181 5.47754 6.55949 6.26465 5.46303 5.30185 5.12896 7.96363 5.64605 5.12583
threshold=-0.044263638409454818 1.2149823610813699 -0.80689597793973944 -1.4944002148544933 -0.43943416126527907 -0.69767038184536412 -0.33750162096400488 -0.020593436947322637 -0.47316025287193392 0.53172095040971878 0.041559495639396753 -1.8523903376959956 -1.1567083378825342 0.04538699579894135 0.28922728372679335 0.78517115308168084 1.1158117937908714 -0.36856634269552668 -1.2485181852191907 0.35995670797928753 2.1027006836104505 -1.3896934866993378 -0.35512158219334938 -0.064922156167752501 1.9409653875896897 1.0799848251473456 -1.5746346657417696 -1.7731546777303684 0.37720397875342165 -2.1492127069821456
decision_type=2 2 2 2 2 2 2 2 2 2 2 2 2 2 2 2 2 2 2 2 2 2 2 2 2 2 2 2 2 2
left_child=2 14 3 -1 7 6 -6 8 11 13 -10 -4 -11 -9 15 17 25 19 -19 -2 26 23 -23 -7 -3 -17 28 -28 -5 -16
right_child=1 24 4 20 5 21 -8 9 10 12 -12 -13 -14 -15 29 16 -18 18 -20 -21 -22 22 -24 -25 -26 -27 27 -29 -30 -31
leaf_value=0.0089724978556970873 -0.003576403172712822 -0.0036018713139221383 -0.0073991591054750139 -0.0020862470185197073 -0.0026249779309615506 0.0013925667996082236 -0.016196954285207173 0.0010410098674991568 0.0096290093074177779 0.007776190705330528 -0.0038544090479911758 0.0025284166851721589 -0.0040533384481328772 0.0081323040068601894 0.0084623738150469783 0.014784984411422772 -0.0031991083066483599 0.0075619395664480475 -0.00041339655284395807 5.3013201262580172e-05 -0.0044628330899438122 -0.0018234529005347519 0.00056274825738812347 0.015013820340641764 -0.0070618363109105084 0.0027534997811854236 -0.0067182459710236507 0.0026515922171448498 0.0091159315286680684 -0.0023558020540950203
leaf_weight=18.500637769699097 138.19413828849792 226.94959135353565 8.4443584233522397 5.4050358682870892 9.8140927851200086 10.158258885145186 5.8528916835784903 120.13052295148373 30.47601743042469 6.191203609108924 5.343673273921012 129.7858450114727 52.033224835991859 14.397965997457502 4.2955383360385886 10.487848460674291 9.8495258688926679 16.290770277380943 352.57260721921921 84.357581108808517 10.781436339020727 145.9550312012434 544.78012910485268 5.123822644352912 58.391945041716099 6.0292537808418265 9.0589122250676137 598.21881780773401 22.510180070996284 384.91790735721588
leaf_count=189 623 1604 36 35 42 43 24 533 135 27 22 599 234 65 22 47 50 70 1571 381 62 606 2278 21 610 29 53 3551 151 2043
internal_value=-4.19309e-07 -0.00191195 0.00140828 0.00276406 0.000579529 1.32695e-05 -0.00782921 0.00169061 0.00308711 0.000423489 0.00758455 0.00190981 -0.00276714 0.00181286 -0.00122948 -0.000596194 0.0053497 -0.000863826 -5.65032e-05 -0.00219679 0.00258334 0.0001898 5.68962e-05 0.00609247 -0.00431564 0.0104963 0.0027052 0.00250909 0.00691153 -0.0022317
internal_weight=3045.3 1292.34 1752.96 664.475 1088.49 721.684 15.667 366.803 174.05 192.753 35.8197 138.23 58.2244 134.528 1007 617.782 26.3666 591.415 368.863 222.552 645.974 706.017 690.735 15.2821 285.342 16.5171 635.193 607.278 27.9152 389.213
internal_count=15756 7050 8706 4041 4665 3014 66 1651 792 859 157 635 261 598 4836 2771 126 2645 1641 1004 3852 2948 2884 64 2214 76 3790 3604 186 2065
is_linear=0
shrinkage=0.01


Tree=207
num_leaves=31
num_cat=0
split_feature=4 14 2 2 7 2 23 23 2 8 23 20 6 13 19 17 17 18 13 22 21 28 29 23 27 21 23 19 10 26
split_gain=80.5327 30.1694 13.0698 7.16626 5.65308 12.0371 7.08199 8.17906 6.79202 7.87207 7.85187 7.36141 5.988 5.91685 5.41097 4.95572 4.4491 7.27617 4.13181 4.12107 6.91082 4.07706 7.00979 10.0058 6.60645 6.65051 4.76805 3.60011 3.36796 3.35579
threshold=0.47264445685204176 -0.7560413066771895 1.6417879253725467 -1.3706774009881311 0.64081901739303027 -0.69295389075988545 -0.54272647692086984 -0.20274080568085745 0.42412265199124988 1.3795376337359606 0.55916907772742663 0.10630452331068474 -0.044263638409454818 -0.67592148952159958 1.5870635910662634 -1.6705551342050393 -2.0272782034410439 -1.6694932388201436 1.5266767497946805 1.1285589814820089 1.5174125237300229 -0.76994818657512043 0.71743007137691983 0.58832251042775296 1.0919415801894727 -0.86032614322397527 2.3062306417230385 2.8322821358373869 0.41868815315695546 -0.34898133107714491
decision_type=2 2 2 2 2 2 2 2 2 2 2 2 2 2 2 2 2 2 2 2 2 2 2 2 2 2 2 2 2 2
left_child=1 3 16 19 8 29 13 -8 9 12 11 -10 -3 -7 -11 -5 17 -2 -4 -1 -21 24 23 -23 25 -18 -24 28 -17 -6
right_child=2 4 18 15 5 6 7 -9 10 14 -12 -13 -14 -15 -16 27 21 -19 -20 20 -22 22 26 -25 -26 -27 -28 -29 -30 -31
leaf_value=0.0071034615961345637 -0.0023482850345200612 0.00083212338632089144 0.0076682786921974579 0.0067005908615579233 0.0019445839813989328 0.0057042155440125862 0.0036400615907225438 -0.0011521171066970958 -0.0065781532528353904 0.010563271757404721 0.017228557401882252 0.0067350790287177458 -0.00068833209674205528 -0.003959845418321048 -0.0015952764528128129 0.0026104751409427615 0.0018091576694109794 0.011311773399365463 -0.0063597366891578076 -0.013197674998905172 0.0079714153887577542 -0.0037781545890830342 0.0001575701282772601 -0.00012931181003732179 -0.0085586851526310379 -0.0040904737247339142 -0.01040198110859984 -0.0072284751028750651 0.00074484633446462501 0.011784348414002808
leaf_weight=48.860607974231243 9.927458122372629 737.0221506357193 1.9988128766417492 25.497017629444599 6.1838481128215781 6.5780729949474326 42.84074367582798 207.70732337236404 5.6985048949718538 12.450075358152391 4.7030732184648505 14.198893785476683 398.64649061858654 103.94595938920975 4.9449362009763709 504.57015156745911 23.733759805560112 6.2096887826919547 102.30169291049242 2.7184977456927291 3.2736266553401947 259.67565613985062 145.6517322063446 106.56341753900051 25.17352768778801 92.757284432649612 4.302554875612258 3.8895340561866751 121.82708548009396 8.8346415758132917
leaf_count=452 49 3139 18 173 28 28 181 873 25 53 20 62 1669 440 21 2961 135 32 1032 23 29 1495 812 598 143 531 25 18 652 39
internal_value=-3.97753e-07 0.000953075 -0.00277551 0.00265979 0.000171717 -0.000894535 -0.00126262 -0.000327596 0.000513124 0.000401008 0.00570478 0.00285841 0.000297514 -0.00337099 0.0070604 0.00236616 -0.00226272 0.00288391 -0.00607424 0.00614136 -0.00152739 -0.0023909 -0.00197387 -0.00271952 -0.00390097 -0.00287939 -0.000145475 0.00218819 0.0022494 0.00783864
internal_weight=3042.69 2264.39 778.296 710.637 1553.75 376.091 361.072 250.548 1177.66 1153.06 24.6005 19.8974 1135.67 110.524 17.395 655.784 673.995 16.1371 104.301 54.8527 5.99212 657.858 516.193 366.239 141.665 116.491 149.954 630.287 626.397 15.0185
internal_count=15756 10886 4870 4308 6578 1589 1522 1054 4989 4882 107 87 4808 468 74 3804 3820 81 1050 504 52 3739 2930 2093 809 666 837 3631 3613 67
is_linear=0
shrinkage=0.01


Tree=208
num_leaves=31
num_cat=0
split_feature=4 4 2 2 18 13 25 17 22 29 17 27 16 26 29 16 19 26 11 25 19 8 15 28 22 21 13 17 20 16
split_gain=79.0459 29.5102 12.9304 7.13323 5.46409 5.45871 6.58773 8.40557 8.00782 5.77604 8.84444 5.92058 5.38805 7.47567 5.15601 8.77273 6.59143 4.77997 14.2762 4.83321 4.4428 4.41629 6.87963 4.22439 4.07447 6.7466 4.06814 4.00372 6.60409 4.98109
threshold=0.47264445685204176 -0.76275420184299791 1.6417879253725467 -1.3706774009881311 -1.2342724357631869 -0.34824569441060121 1.1981144981848957 -1.0613405576710486 1.2211293115790589 1.8622684645319518 0.12204257565834235 -1.5813416642183582 -2.2756460131710283 0.1701071669669296 -1.4657980356862244 0.71485744605634749 0.82344990375890059 2.0390374759161154 0.23475782364888922 2.3472329065325312 -1.7750190231054572 -0.65978924918024917 -0.6531861229429804 -0.25515104850084425 1.1285589814820089 1.5174125237300229 1.5266767497946805 -2.0272782034410439 -0.95002636112779049 -1.6218050585453525
decision_type=2 2 2 2 2 2 2 2 2 2 2 2 2 2 2 2 2 2 2 2 2 2 2 2 2 2 2 2 2 2
left_child=1 3 12 24 21 6 14 -8 -9 11 -11 23 13 -2 15 -3 -16 19 -19 -6 -13 22 -5 -7 -1 -26 -4 28 -14 -29
right_child=2 5 26 4 17 9 7 8 -10 10 -12 20 27 -15 16 -17 -18 18 -20 -21 -22 -23 -24 -25 25 -27 -28 29 -30 -31
leaf_value=0.0070702598756883428 -0.0031949643034195514 -0.0044540919613188868 0.0075538557249678643 -0.010216908888259255 0.002259165585706947 -4.0836155312200478e-05 0.0082492836311319501 -0.001768310666992178 -0.013135571193406281 0.0098402774463954481 -0.0031724155455011838 0.0032606137089053943 -0.004587999215080428 0.014880723792687121 0.0022837833884710289 0.006693391386926738 -0.00073446183447328729 0.0058740917891141496 -0.01642852805124231 -0.005656131109405326 -0.00068602632199762166 0.0086289077678139633 0.0043203787069264026 0.0064738755864369082 -0.012952060687961097 0.00793902937259011 -0.0063274960754316567 -0.0069004950107266361 0.0091240345412298748 -0.0022856756472857936
leaf_weight=48.600930139422417 4.6187828034162504 32.195681050419807 2.0102558210492125 3.4094507694244376 573.97181355953217 18.405297681689262 7.2547789812088004 58.321909070014954 6.899465635418891 13.35902523994446 8.3209632039070112 29.288338959217072 6.226318284869194 4.2511181384325027 360.59852620959282 8.8867330104112607 89.883676514029503 6.0934071093797666 5.2012650668621063 7.656460389494895 894.43804225325584 22.939651906490326 40.495335444808006 20.823902294039726 2.7441149204969397 3.2546145543456078 101.79776687920094 24.477115765213966 7.6632330417633039 625.96277772635221
leaf_count=452 24 141 18 21 3283 77 33 252 29 55 35 126 31 21 1585 39 376 37 27 40 3737 144 258 87 23 29 1032 136 39 3569
internal_value=-3.74289e-07 0.000944161 -0.0027524 0.00262546 0.00233483 0.000167855 0.000952587 -0.00185431 -0.00300438 -0.000280709 0.00480835 -0.000396809 -0.00224282 0.00542608 0.00136876 -0.00200805 0.00167931 0.00202579 -0.00436268 0.0021523 -0.000559469 0.00505402 0.0031481 0.00339959 0.00610833 -0.00150929 -0.00604205 -0.00234752 0.00291695 -0.00246191
internal_weight=3040.05 2263.04 777.007 714.367 659.767 1548.68 564.041 72.4762 65.2214 984.636 21.68 962.956 673.199 8.8699 491.565 41.0824 450.482 592.923 11.2947 581.628 923.726 66.8444 43.9048 39.2292 54.5997 5.99873 103.808 664.329 13.8896 650.44
internal_count=15756 10886 4870 4314 3810 6572 2455 314 281 4117 90 4027 3820 45 2141 180 1961 3387 64 3323 3863 423 279 164 504 52 1050 3775 70 3705
is_linear=0
shrinkage=0.01


Tree=209
num_leaves=31
num_cat=0
split_feature=14 13 6 0 26 20 9 27 3 3 14 29 9 22 26 6 23 14 29 7 23 19 8 5 20 11 26 2 7 17
split_gain=77.5913 21.3885 18.396 7.20177 6.75302 5.54269 7.25505 6.23529 6.13138 5.41548 5.40125 5.30739 5.22416 5.27191 7.72568 6.93891 6.71278 6.42827 6.02235 5.13258 13.2918 5.04372 7.83346 4.88492 4.77456 5.56625 4.65183 4.21353 3.66508 3.5139
threshold=0.056413382916100333 -0.80689597793973944 1.3936210920767307 -1.4944002148544933 -1.6404897112243424 1.0062115744375306 0.85679274992748333 1.177813914681811 1.7387243836308233 2.1027006836104505 0.624448214135082 0.66838566729454674 1.9469257280063328 -0.4143494364899139 -2.2188266084329018 -0.78301990331611515 -0.36588988439044828 -0.80824247494029178 -0.17391502988310339 -1.4784614242221701 -0.57811631911255512 -1.5746346657417696 -1.7731546777303684 1.5030194392808236 1.059530315877675 1.0628941370186722 -0.32868460270650185 0.0099132338392665994 -1.5877965744521825 -1.9414763293544854
decision_type=2 2 2 2 2 2 2 2 2 2 2 2 2 2 2 2 2 2 2 2 2 2 2 2 2 2 2 2 2 2
left_child=1 3 5 -1 -4 8 24 11 23 21 -10 -8 13 14 -3 16 -15 -17 -16 20 -6 -5 -23 27 -7 -26 -11 -2 -22 -21
right_child=2 12 4 9 19 6 7 -9 10 26 -12 -13 -14 15 18 17 -18 -19 -20 29 28 22 -24 -25 25 -27 -28 -29 -30 -31
leaf_value=0.0089080860071829009 -0.0057988911480878237 -0.009460308636815986 0.0056760863854973262 0.0068295416324970302 0.016035558360528029 -0.006849665604885871 -0.0042395157851142012 -0.009621839869139396 0 0.0034474292484678436 -0.011528006241908979 0.00080760048768946976 -0.0057636793252759631 0.0032526218391139262 0.0012147434343037064 0.0081830720520363505 -0.0057235487599402359 0.0010785123129998095 -0.0013072051085076042 0.0033713490728684362 -0.0084576876176773851 -0.0067049063334039746 0.0025864112048016898 -0.011002403711695226 0.011374154873289194 -0.00021785599539403297 -0.0097456416190434339 -0.00083855502521443628 0.0042687192367595371 -0.0060224808696043531
leaf_weight=18.191431745886803 17.503327041864395 9.1302607059478742 5.6450580209493628 27.65791679918766 3.8719064444303521 4.3143236190080669 99.251884169876575 17.309820704162121 6.7805504202842739 4.2728683054447174 10.428663745522497 25.927679911255836 13.197682768106459 11.592653021216391 168.61088794469833 12.902527809143065 28.113757833838463 767.38412746787071 215.38779646158218 3.8852248042821875 8.577517092227934 9.0630918443202955 595.61333495378494 4.7876314818859091 7.1500854641199139 9.2723293602466565 6.5157369375228864 761.69145005941391 2.8750599622726414 160.5405311062932
leaf_count=189 71 38 47 186 19 22 583 103 32 24 63 149 56 52 730 75 127 3228 921 34 63 53 3551 26 34 46 38 3765 20 1411
internal_value=-3.64639e-07 0.00124669 -0.00204844 0.0026964 -0.00493495 -0.00149206 -0.00317471 -0.00398135 -0.00114765 0.00251778 -0.00704496 -0.00318635 0.000463936 0.00053298 -0.000417231 0.000989754 -0.00307616 0.00119831 -0.000197205 -0.00527672 0.000194477 0.00263884 0.00244441 -0.00101604 0.00231251 0.00480691 -0.00444496 -0.000951994 -0.00516699 -0.00579252
internal_weight=3037.45 1887.63 1149.81 661.314 185.395 964.418 163.226 142.489 801.192 643.123 17.2092 125.18 1226.32 1213.12 393.129 819.993 39.7064 780.287 383.999 179.75 15.3245 632.334 604.676 783.982 20.7367 16.4224 10.7886 779.195 11.4526 164.426
internal_count=15756 9268 6488 4041 1594 4894 937 835 3957 3852 95 732 5227 5171 1689 3482 179 3303 1651 1547 102 3790 3604 3862 102 80 62 3836 83 1445
is_linear=0
shrinkage=0.01


Tree=210
num_leaves=31
num_cat=0
split_feature=4 0 2 6 6 19 10 14 2 7 9 10 20 20 16 15 24 23 23 23 0 29 23 29 16 26 14 16 25 23
split_gain=76.3201 29.4941 12.6734 8.09511 7.71549 8.95293 8.41892 8.36471 10.5638 7.40846 7.02382 8.01802 6.72138 6.67556 7.06387 6.42354 7.47689 6.3588 7.35563 6.13333 5.69686 5.51271 8.4964 7.70859 5.2739 7.30317 5.22275 4.90842 3.94828 8.09159
threshold=0.47264445685204176 -0.64299027693002697 1.6417879253725467 -1.2302871754353959 -1.1425876823327197 -0.31879784854694077 -0.43631458518477173 -1.0996451299552181 -1.0643179833393448 0.64081901739303027 0.93347839457279846 0.98110274439291112 0.2209767376346192 1.6484744710172041 0.15994890008000037 1.3438175753253585 -0.66562031327051774 -0.54272647692086984 -0.20274080568085745 -1.1949359163774902 0.54571841607728444 -0.13401581409563593 -0.7186507353110404 0.46217132154368407 -2.2756460131710283 0.1701071669669296 -0.24479635403646718 -0.95566625173392072 -0.35543693654036701 -0.61163086248396392
decision_type=2 2 2 2 2 2 2 2 2 2 2 2 2 2 2 2 2 2 2 2 2 2 2 2 2 2 2 2 2 2
left_child=1 3 24 13 5 27 -7 19 -9 10 11 12 -3 15 -15 16 -1 21 26 -6 -20 22 -11 -23 25 -2 -19 -5 29 -26
right_child=2 9 -4 4 7 6 -8 8 -10 17 -12 -13 -14 14 -16 -17 -18 18 20 -21 -22 23 -24 -25 28 -27 -28 -29 -30 -31
leaf_value=0.00043968022004976608 -0.0031633435766671575 5.0262047272135283e-05 -0.0059821033748356026 -0.0045053813953233072 -0.0062795792212502399 0.011568110912739819 -0.0054672783861322129 -0.0039251686010085126 0.0022000725719575204 0.0013538161380830258 0.011415289261345064 -0.0088965938051468792 0.002030942594923054 -0.013664357458832401 0.0026800143921013693 0.010840201060848598 0.0052879631745484223 0.0080227636640448335 -0.00080421402692636005 0.0071883081499345206 -0.011042811095288546 -0.010365231123189165 -0.0086309768862960889 -0.0027174753453120073 -0.0059540412001448228 0.014688212903184068 0.00072397900144123128 0.0049060023991016671 -0.0017002223022054516 -0.0020753408426863237
leaf_weight=43.299582161009312 4.6107713133096677 787.73808823525906 102.89849330484867 6.9420486241579082 3.4978528916835776 3.0052351057529441 39.248608559370041 29.553436547517776 524.11378641426563 40.399449229240417 5.726445108652114 9.0886597633361799 219.25196480751038 4.0603470280766469 7.002009890973568 15.370506428182123 125.01310802996159 15.774954244494436 207.1572650372982 45.407145529985428 5.5035956650972357 19.651523768901825 10.670828282833098 41.601009994745255 79.113438874483109 4.2698703706264496 26.604666486382484 24.74691965430975 411.14255188405514 172.50667168945074
leaf_count=305 24 3305 1050 44 19 20 221 161 2763 172 24 38 917 25 44 110 902 65 864 286 30 84 45 175 453 21 114 153 2328 994
internal_value=-3.80156e-07 0.000927558 -0.00270954 0.00236982 0.00184951 -0.00118899 -0.0042076 0.00222416 0.00187067 2.21727e-05 0.000460759 0.00039692 0.000482667 0.0041703 -0.00329814 0.00462708 0.00404765 -0.00119481 -0.000316939 0.00619378 -0.00107895 -0.00317715 -0.000725694 -0.00520028 -0.00220587 0.00537643 0.00347683 0.00280512 -0.00230977 -0.00330072
internal_weight=3034.97 2260.43 774.542 871.261 676.515 73.9428 42.2538 602.572 553.667 1389.17 1021.81 1016.08 1006.99 194.746 11.0624 183.683 168.313 367.363 255.04 48.905 212.661 112.323 51.0703 61.2525 671.643 8.88064 42.3796 31.689 662.763 251.62
internal_count=15756 10886 4870 5053 3667 438 241 3229 2924 5833 4284 4260 4222 1386 69 1317 1207 1549 1073 305 894 476 217 259 3820 45 179 197 3775 1447
is_linear=0
shrinkage=0.01


Tree=211
num_leaves=31
num_cat=0
split_feature=6 6 13 19 1 0 7 24 13 6 16 9 9 18 1 29 5 3 24 27 8 20 0 28 7 7 24 19 3 16
split_gain=74.9683 19.8898 18.2161 7.14817 10.0745 6.61512 6.46018 12.7216 6.05262 12.0656 7.96297 7.13474 6.75021 6.36886 6.01109 5.97302 5.36813 9.66075 7.16358 6.52071 5.4495 5.40649 5.29124 4.97392 7.32665 6.05238 5.63945 4.94964 7.13877 9.3983
threshold=-0.044263638409454818 1.2149823610813699 -0.90047407995484008 -1.0053299140520875 0.17434885595421423 -1.4944002148544933 -1.1749972748194781 -0.81380592912848992 -1.0278500077373911 -0.99669043625665754 0.95779148854278773 -0.44961785073032012 -0.6112958852591418 -0.19220656610733586 -0.69462859210738126 -0.92246567552174441 -1.1912357501696262 -0.54904163829434838 0.48373479400474934 -1.6810378488510633 -1.1617522790875823 0.33686934979700467 1.9409653875896897 0.6759513163591736 -1.4784614242221701 -1.8146858698597368 0.97816698921316758 -1.65040016949401 -1.3914227470471123 -1.548596723845491
decision_type=2 2 2 2 2 2 2 2 2 2 2 2 2 2 2 2 2 2 2 2 2 2 2 2 2 2 2 2 2 2
left_child=2 27 5 4 6 -1 14 -8 9 15 13 -12 -11 -10 -4 -7 17 18 -5 21 -21 -18 23 24 25 -3 -26 28 29 -2
right_child=1 22 3 16 -6 8 7 -9 10 12 11 -13 -14 -15 -16 -17 19 -19 -20 20 -22 -23 -24 -25 26 -27 -28 -29 -30 -31
leaf_value=0.0088677452464704636 0.010476416756733522 -0.0051336348174018534 0.0061272095096614985 -0.0055530173830707309 0.010286373964847466 6.1695233783001202e-05 0.0068962708863482174 -0.0015819756126243222 0.0027540742067967633 0.0050676252431477147 0.010225520596350538 -0.002956909513079759 -0.0073384888481731253 0.0075001899112102878 -2.4382669684181649e-05 0.0032192455782444332 0.0023511667813524077 -0.018611855673898774 0.0070807744832763978 0.0040066760698416895 0.0001906339211335397 0.013895428363362598 -0.0069227856378266108 -0.0061311974400440842 -0.0039174728121703925 0.0085734638739210205 0.0022345843110459871 -0.0013189421624335222 0.008236297260000091 -0.0036554847730635902
leaf_weight=18.000443711876869 5.863322600722312 4.5899280905723563 47.766732290387154 13.822693079710012 15.049554869532583 78.608311697840691 22.31510628759861 83.879748538136482 49.561946272850037 5.4382065832614925 4.9388800114393261 21.912065833806992 19.947943463921547 69.025497779250145 23.290071234107018 260.87541621923447 12.337502643465998 3.8606261312961569 6.4859038144350043 38.91790384054184 944.4968743622303 6.1970919221639624 56.979319140315056 54.227969020605087 139.51196909695864 9.837977007031439 16.399873964488506 963.03655938059092 13.231056302785872 22.079297915101055
leaf_count=189 25 24 249 66 74 494 104 381 301 33 30 126 111 411 119 1664 54 20 31 179 4044 26 610 412 1001 55 112 4658 56 97
internal_value=-3.77717e-07 -0.00183325 0.00134824 0.000674616 0.00244427 0.0028995 0.00176737 0.000194993 0.00268532 0.00199179 0.00441577 -0.000466125 -0.00463217 0.00552904 0.00409967 0.00249129 0.000341792 -0.00430151 -0.00145427 0.000455215 0.00034306 0.00631854 -0.00418315 -0.00348081 -0.00262808 0.00413869 -0.00326293 -0.00117307 0.00220956 -0.000627681
internal_weight=3032.49 1285.76 1746.73 1218.42 192.301 528.309 177.252 106.195 510.308 364.87 145.438 26.8509 25.3862 118.587 71.0568 339.484 1026.12 24.1692 20.3086 1001.95 983.415 18.5346 281.547 224.568 170.34 14.4279 155.912 1004.21 41.1737 27.9426
internal_count=15756 7050 8706 5347 927 3359 853 485 3170 2302 868 156 144 712 368 2158 4420 117 97 4303 4223 80 2214 1604 1192 79 1113 4836 178 122
is_linear=0
shrinkage=0.01


Tree=212
num_leaves=31
num_cat=0
split_feature=4 0 2 13 17 7 2 26 6 11 20 8 8 20 22 28 13 21 22 22 27 10 16 26 7 20 3 13 11 11
split_gain=73.7365 28.47 12.3937 8.14125 9.52388 7.26193 6.82386 6.74947 6.69274 6.96247 6.4401 7.64259 5.93414 6.44574 6.3343 8.19589 6.14916 5.49595 5.34301 13.28 7.1974 5.28841 5.15634 7.11493 4.51865 4.46947 4.06306 4.03749 3.89202 5.92363
threshold=0.47264445685204176 -0.64299027693002697 1.6417879253725467 -1.2201868373435214 -1.5315904011236201 0.64081901739303027 0.42412265199124988 2.4096363237298251 -0.41694672608122879 -0.036063210723163652 0.085112782878330587 0.90744800408902826 -0.21032986094283299 0.35821488355639702 -1.0337484802029582 0.82538477659322196 0.44124401798435481 0.76085059063006877 1.0665347294545457 1.2677134150769593 -0.69734043636403942 -2.4405923957375211 -2.2756460131710283 0.1701071669669296 0.81380020644034456 2.0396905964757104 0.65418438927674416 1.5266767497946805 -0.8088823475126673 -0.93722643106653136
decision_type=2 2 2 2 2 2 2 2 2 2 2 2 2 2 2 2 2 2 2 2 2 2 2 2 2 2 2 2 2 2
left_child=1 3 22 18 -5 6 8 17 9 -3 -8 -12 13 -7 15 -14 -16 -6 25 20 -20 -10 23 -2 -21 26 -1 -4 29 -24
right_child=2 5 27 4 7 12 10 -9 21 -11 11 -13 14 -15 16 -17 -18 -19 19 24 -22 -23 28 -25 -26 -27 -28 -29 -30 -31
leaf_value=0.0044351075192182498 -0.0031287429294266679 0.0042583834654578928 0.0076557493428486547 0.0066214023177831186 0.0021247203487707927 -0.013622585182838575 -0.0020604988293775402 -0.00840473961298914 -0.0070389317709496912 1.8113600047659392e-05 0.013197310496380499 -0.0012635624812195538 -0.0061174222143817241 0.0001424279856270099 -0.00014499267449013698 0.0069087312141161671 -0.0076561922733599762 -0.000170052115998212 -0.021545378184881146 0.0079106318517233078 -0.0027407915642609767 6.3667786287398647e-05 -0.0017557535725703096 0.014477124477664709 -0.0017173218698392169 -0.0066363545979908059 0.0085841924974158299 -0.0062093628384913384 -0.0027930957051124122 0.0034393415803399669
leaf_weight=101.33383509516716 4.6009725481271726 81.053845539689064 2.0000112578272811 39.600839592516422 526.45572517812252 7.6889342665672284 7.3544881045818356 6.5872146040201178 10.516102254390715 74.977100312709808 12.287324890494348 4.9895122498273841 38.451081275939941 5.7841216772794724 298.72496393322945 5.3684617280960074 11.228263363242148 129.16322089731693 3.1501410305500031 14.811121672391893 5.9456035271286982 830.42995463311672 182.18763991445303 4.2900924384593964 6.9697382673621169 2.9790436103940001 32.03855662047863 99.973117411136627 454.36171466857195 24.750614672899246
leaf_count=780 24 356 18 250 2834 32 32 34 47 319 53 22 167 24 1246 23 57 684 21 108 42 3455 1010 21 45 18 237 1032 2627 138
internal_value=-3.24863e-07 0.000911616 -0.002668 0.00233107 0.00185562 2.26108e-05 0.000456867 0.00156815 0.000327052 0.00222854 0.00564824 0.00898026 -0.00118248 -0.00768194 -0.000930029 -0.00448668 -0.000422698 0.00167115 0.0043181 0.000523625 -0.00952563 -2.47882e-05 -0.00217083 0.0053217 0.00479028 0.00516902 0.00544497 -0.00592039 -0.00227387 -0.00112821
internal_weight=3030.05 2257.89 772.164 869.035 701.807 1388.85 1021.61 662.206 996.977 156.031 24.6313 17.2768 367.246 13.4731 353.773 43.8195 309.953 655.619 167.228 30.8766 9.09574 840.946 670.191 8.89106 21.7809 136.351 133.372 101.973 661.3 206.938
internal_count=15756 10886 4870 5053 3802 5833 4284 3552 4177 675 107 75 1549 56 1493 190 1303 3518 1251 216 63 3502 3820 45 153 1035 1017 1050 3775 1148
is_linear=0
shrinkage=0.01


end of trees

feature_importances:
Column_0=512
Column_2=405
Column_13=402
Column_26=386
Column_7=304
Column_23=272
Column_6=250
Column_14=248
Column_19=246
Column_10=245
Column_20=208
Column_28=199
Column_11=198
Column_17=195
Column_4=194
Column_15=185
Column_16=173
Column_22=172
Column_3=163
Column_8=161
Column_24=158
Column_21=155
Column_27=148
Column_18=144
Column_25=144
Column_9=143
Column_29=124
Column_1=119
Column_5=96
Column_12=41

parameters:
[boosting: gbdt]
[objective: binary]
[metric: binary_logloss]
[tree_learner: serial]
[device_type: cpu]
[data_sample_strategy: bagging]
[data: ]
[valid: ]
[num_iterations: 500]
[learning_rate: 0.01]
[num_leaves: 31]
[num_threads: 8]
[seed: 42]
[deterministic: 0]
[force_col_wise: 0]
[force_row_wise: 0]
[histogram_pool_size: -1]
[max_depth: 6]
[min_data_in_leaf: 20]
[min_sum_hessian_in_leaf: 0.001]
[bagging_fraction: 0.8]
[pos_bagging_fraction: 1]
[neg_bagging_fraction: 1]
[bagging_freq: 0]
[bagging_seed: 400]
[bagging_by_query: 0]
[feature_fraction: 0.8]
[feature_fraction_bynode: 1]
[feature_fraction_seed: 30056]
[extra_trees: 0]
[extra_seed: 12879]
[early_stopping_round: 0]
[early_stopping_min_delta: 0]
[first_metric_only: 0]
[max_delta_step: 0]
[lambda_l1: 0.1]
[lambda_l2: 0.1]
[linear_lambda: 0]
[min_gain_to_split: 0]
[drop_rate: 0.1]
[max_drop: 50]
[skip_drop: 0.5]
[xgboost_dart_mode: 0]
[uniform_drop: 0]
[drop_seed: 17869]
[top_rate: 0.2]
[other_rate: 0.1]
[min_data_per_group: 100]
[max_cat_threshold: 32]
[cat_l2: 10]
[cat_smooth: 10]
[max_cat_to_onehot: 4]
[top_k: 20]
[monotone_constraints: ]
[monotone_constraints_method: basic]
[monotone_penalty: 0]
[feature_contri: ]
[forcedsplits_filename: ]
[refit_decay_rate: 0.9]
[cegb_tradeoff: 1]
[cegb_penalty_split: 0]
[cegb_penalty_feature_lazy: ]
[cegb_penalty_feature_coupled: ]
[path_smooth: 0]
[interaction_constraints: ]
[verbosity: -1]
[saved_feature_importance_type: 0]
[use_quantized_grad: 0]
[num_grad_quant_bins: 4]
[quant_train_renew_leaf: 0]
[stochastic_rounding: 1]
[linear_tree: 0]
[max_bin: 255]
[max_bin_by_feature: ]
[min_data_in_bin: 3]
[bin_construct_sample_cnt: 200000]
[data_random_seed: 175]
[is_enable_sparse: 1]
[enable_bundle: 1]
[use_missing: 1]
[zero_as_missing: 0]
[feature_pre_filter: 1]
[pre_partition: 0]
[two_round: 0]
[header: 0]
[label_column: ]
[weight_column: ]
[group_column: ]
[ignore_column: ]
[categorical_feature: ]
[forcedbins_filename: ]
[precise_float_parser: 0]
[parser_config_file: ]
[objective_seed: 16083]
[num_class: 1]
[is_unbalance: 0]
[scale_pos_weight: 1]
[sigmoid: 1]
[boost_from_average: 1]
[reg_sqrt: 0]
[alpha: 0.9]
[fair_c: 1]
[poisson_max_delta_step: 0.7]
[tweedie_variance_power: 1.5]
[lambdarank_truncation_level: 30]
[lambdarank_norm: 1]
[label_gain: ]
[lambdarank_position_bias_regularization: 0]
[eval_at: ]
[multi_error_top_k: 1]
[auc_mu_weights: ]
[num_machines: 1]
[local_listen_port: 12400]
[time_out: 120]
[machine_list_filename: ]
[machines: ]
[gpu_platform_id: -1]
[gpu_device_id: -1]
[gpu_use_dp: 0]
[num_gpu: 1]

end of parameters

pandas_categorical:null
