date,open,high,low,close,volume,amount,turn,pct_change,windcode
2020-01-01,46.93,47.92,46.73,47.8,34622557,2050141335,0.51,,000333.SZ
2020-01-02,47.92,47.97,46.55,46.61,27004255,1587220595,0.4,-2.489539748953973,000333.SZ
2020-01-05,46.24,46.56,44.8,45.76,28842533,1656276948,0.42,-1.8236429950654443,000333.SZ
2020-01-06,45.92,46.57,45.76,46.44,22526507,1304633782,0.33,1.4860139860139787,000333.SZ
2020-01-07,46.01,47.19,45.9,46.63,25321048,1471083460,0.37,0.4091300602928616,000333.SZ
2020-01-08,47.04,47.79,46.8,47.56,29635395,1757281375,0.44,1.99442419043534,000333.SZ
2020-01-09,47.98,48.4,47.56,48.0,28070612,1683152339,0.41,0.925147182506314,000333.SZ
2020-01-12,48.4,48.53,47.6,48.09,27951167,1678723651,0.41,0.1875000000000071,000333.SZ
2020-01-13,48.4,48.64,47.78,47.91,16250035,976486535,0.24,-0.37429819089208616,000333.SZ
2020-01-14,47.92,48.0,47.11,47.6,21489973,1272651578,0.32,-0.6470465456063335,000333.SZ
2020-01-15,48.0,48.05,47.39,47.73,19981398,1192330868,0.29,0.273109243697478,000333.SZ
2020-01-16,48.0,48.8,47.6,48.25,21713278,1312054699,0.32,1.0894615545778308,000333.SZ
2020-01-19,48.64,48.77,47.87,48.16,20191079,1217493005,0.3,-0.18652849740933286,000333.SZ
2020-01-20,47.76,47.81,46.43,46.48,27643206,1617441935,0.41,-3.488372093023251,000333.SZ
2020-01-21,46.02,46.37,44.8,45.99,41160619,2335993233,0.6,-1.0542168674698704,000333.SZ
2020-01-22,44.88,45.4,44.0,44.08,59653651,3313820978,0.88,-4.153076755816487,000333.SZ
2020-02-02,39.68,42.08,39.68,40.16,70506720,3565939364,1.04,-8.892921960072597,000333.SZ
2020-02-03,40.24,42.26,40.24,42.24,40413099,2097010018,0.59,5.179282868525914,000333.SZ
2020-02-04,42.34,42.78,41.96,42.3,34895006,1848774201,0.51,0.14204545454543638,000333.SZ
2020-02-05,42.3,43.17,41.89,43.04,39366799,2086495959,0.58,1.7494089834515503,000333.SZ
2020-02-06,42.8,42.83,41.76,42.27,34409001,1811882957,0.51,-1.7890334572490563,000333.SZ
2020-02-09,41.84,42.23,41.38,41.84,34604769,1804543411,0.51,-1.0172699313934275,000333.SZ
2020-02-10,42.56,44.0,42.24,43.75,49388233,2684341234,0.72,4.565009560229427,000333.SZ
2020-02-11,43.66,44.29,43.22,43.92,23433771,1284759463,0.34,0.388571428571427,000333.SZ
2020-02-12,43.65,43.67,42.8,43.04,31930659,1723256903,0.47,-2.0036429872495543,000333.SZ
2020-02-13,42.8,43.17,42.55,43.0,21004387,1125281556,0.31,-0.09293680297397522,000333.SZ
2020-02-16,42.68,43.54,42.6,43.52,32505251,1751927715,0.48,1.2093023255814073,000333.SZ
2020-02-17,43.52,43.52,42.66,42.83,33203504,1783036933,0.49,-1.585477941176483,000333.SZ
2020-02-18,42.69,43.1,42.54,42.84,23732854,1270519685,0.35,0.02334812047630752,000333.SZ
2020-02-19,42.96,43.99,42.66,43.89,37041152,2013322150,0.54,2.450980392156854,000333.SZ
2020-02-20,43.6,43.86,43.22,43.43,29779869,1616397369,0.44,-1.0480747322852646,000333.SZ
2020-02-23,44.29,44.3,43.56,43.93,40782414,2243496137,0.6,1.1512779184895239,000333.SZ
2020-02-24,43.2,43.57,43.04,43.55,31546203,1706738502,0.46,-0.8650125199180625,000333.SZ
2020-02-25,42.96,44.26,42.57,43.44,38724015,2107804633,0.57,-0.2525832376578663,000333.SZ
2020-02-26,43.44,44.16,43.37,43.93,28493463,1563743469,0.42,1.127992633517505,000333.SZ
2020-02-27,43.11,43.35,42.24,42.44,33405713,1788324822,0.49,-3.39175961757342,000333.SZ
2020-03-01,42.44,43.8,42.44,43.48,31893449,1725854576,0.47,2.4505183788878337,000333.SZ
2020-03-02,43.61,44.0,43.18,43.6,26499919,1441435067,0.39,0.2759889604415866,000333.SZ
2020-03-03,43.2,43.56,42.89,43.4,23908427,1290728835,0.35,-0.4587155963302836,000333.SZ
2020-03-04,43.64,45.44,43.48,45.24,57571838,3214972954,0.84,4.239631336405547,000333.SZ
2020-03-05,44.66,45.04,44.44,44.64,28024324,1565437998,0.41,-1.326259946949604,000333.SZ
2020-03-08,43.52,43.58,43.05,43.12,35634254,1925269108,0.52,-3.405017921146958,000333.SZ
2020-03-09,43.12,44.55,43.12,44.26,37563181,2061033028,0.55,2.643784786641934,000333.SZ
2020-03-10,44.1,44.26,43.57,43.58,19260673,1053884394,0.28,-1.5363759602349703,000333.SZ
2020-03-11,43.08,43.1,42.31,42.54,34405501,1833239648,0.5,-2.3864157870582825,000333.SZ
2020-03-12,40.7,42.37,40.06,41.52,45208351,2323212180,0.66,-2.3977433004231163,000333.SZ
2020-03-15,41.76,41.82,40.0,40.08,39667900,2019157775,0.58,-3.4682080924855585,000333.SZ
2020-03-16,39.7,41.04,38.86,39.2,47708177,2365286578,0.7,-2.195608782435121,000333.SZ
2020-03-17,39.76,41.52,39.67,39.76,58605924,2974941630,0.86,1.4285714285714235,000333.SZ
2020-03-18,40.28,40.48,38.0,38.88,55486856,2708244368,0.81,-2.2132796780684028,000333.SZ
2020-03-19,39.4,39.79,38.8,39.24,36706699,1803574241,0.54,0.92592592592593,000333.SZ
2020-03-22,38.0,38.39,37.04,37.2,47703623,2237270202,0.7,-5.198776758409784,000333.SZ
2020-03-23,37.88,38.6,37.53,38.4,41957601,2000208162,0.61,3.2258064516129004,000333.SZ
2020-03-24,39.6,40.13,39.09,39.6,39011329,1934918463,0.57,3.125,000333.SZ
2020-03-25,39.52,39.82,39.08,39.2,23248406,1145809963,0.34,-1.0101010101010055,000333.SZ
2020-03-26,40.0,40.36,39.51,39.56,26015438,1296483242,0.38,0.9183673469387754,000333.SZ
2020-03-29,39.04,39.04,38.0,38.48,37052228,1778812488,0.54,-2.7300303336703857,000333.SZ
2020-03-30,39.01,39.48,38.68,38.74,22525299,1098690179,0.33,0.6756756756756799,000333.SZ
2020-03-31,39.16,39.46,38.44,38.87,23439135,1141225440,0.34,0.3355704697986406,000333.SZ
2020-04-01,38.54,39.2,38.24,39.17,23514383,1135456594,0.34,0.7718034473887414,000333.SZ
2020-04-02,39.04,39.25,38.57,38.71,19638219,953656658,0.29,-1.1743681388817984,000333.SZ
2020-04-06,39.37,39.52,38.96,39.18,40048598,1962977182,0.59,1.214156548695433,000333.SZ
2020-04-07,38.88,38.99,38.45,38.6,24426776,1182191602,0.36,-1.4803471158754467,000333.SZ
2020-04-08,38.82,38.84,38.49,38.64,17139926,828409215,0.25,0.10362694300518616,000333.SZ
2020-04-09,38.64,40.45,38.44,39.43,41246137,2043406853,0.6,2.04451345755694,000333.SZ
2020-04-12,39.68,40.47,39.44,39.92,31076533,1555138946,0.46,1.2427085975145857,000333.SZ
2020-04-13,40.54,40.56,39.68,40.39,30794169,1550039697,0.45,1.177354709418843,000333.SZ
2020-04-14,40.0,41.03,39.36,40.16,39591536,1989237126,0.58,-0.5694478831393956,000333.SZ
2020-04-15,40.16,40.16,39.42,39.6,27929419,1385041878,0.41,-1.3944223107569598,000333.SZ
2020-04-16,40.0,40.25,39.68,40.08,35249869,1761719075,0.52,1.2121212121211977,000333.SZ
2020-04-19,40.24,40.79,40.01,40.59,20885741,1058635858,0.31,1.272455089820368,000333.SZ
2020-04-20,40.8,40.8,40.0,40.2,20971264,1056179837,0.31,-0.960827790096086,000333.SZ
2020-04-21,40.16,41.18,40.0,41.12,20763713,1056618276,0.3,2.288557213930331,000333.SZ
2020-04-22,41.36,41.92,41.05,41.6,27116594,1408264470,0.4,1.1673151750972943,000333.SZ
2020-04-23,41.64,41.84,41.37,41.61,13341557,693211313,0.2,0.024038461538467004,000333.SZ
2020-04-26,41.02,41.8,40.68,41.2,21523478,1108515152,0.32,-0.985340062484974,000333.SZ
2020-04-27,41.2,41.56,40.6,41.44,25183537,1297098144,0.37,0.5825242718446422,000333.SZ
2020-04-28,41.12,42.22,40.92,41.8,20623516,1072765101,0.3,0.8687258687258614,000333.SZ
2020-04-29,42.64,43.33,42.64,43.0,34032348,1831860874,0.5,2.8708133971292016,000333.SZ
2020-05-05,42.4,43.36,42.16,43.36,32856535,1765766097,0.48,0.8372093023255811,000333.SZ
2020-05-06,43.36,43.56,43.08,43.2,21375539,1156808782,0.31,-0.36900369003689537,000333.SZ
2020-05-07,43.59,45.19,43.39,45.07,40962101,2296022244,0.6,4.328703703703707,000333.SZ
2020-05-10,45.28,46.8,45.14,45.53,37959771,2188821583,0.56,1.0206345684490747,000333.SZ
2020-05-11,46.0,46.71,45.63,46.4,28603367,1655218903,0.42,1.9108280254777066,000333.SZ
2020-05-12,46.08,46.4,45.53,46.2,21938551,1260866631,0.32,-0.4310344827586077,000333.SZ
2020-05-13,46.2,46.64,46.01,46.4,18002002,1044096208,0.26,0.43290043290042934,000333.SZ
2020-05-14,46.4,46.48,45.5,45.56,23361701,1338687939,0.34,-1.8103448275861966,000333.SZ
2020-05-17,46.0,46.56,45.31,46.0,26177546,1505218949,0.38,0.9657594381035972,000333.SZ
2020-05-18,46.72,47.36,46.4,47.01,27855120,1638536811,0.41,2.195652173913043,000333.SZ
2020-05-19,46.83,47.28,46.82,47.23,19061535,1123661205,0.28,0.46798553499254325,000333.SZ
2020-05-20,47.64,47.72,46.69,46.98,14913472,876854201,0.22,-0.529324581833579,000333.SZ
2020-05-21,46.76,46.84,45.29,45.7,26086194,1493147025,0.38,-2.724563644103861,000333.SZ
2020-05-24,46.64,46.72,44.92,45.48,15944517,905625786,0.23,-0.48140043763676976,000333.SZ
2020-05-25,45.84,46.6,45.42,46.4,18430786,1061005402,0.27,2.0228671943711474,000333.SZ
2020-05-26,46.6,47.51,46.32,46.6,25806522,1517718678,0.38,0.4310344827586299,000333.SZ
2020-05-27,47.34,47.5,46.27,46.52,20603063,1207714971,0.3,-0.17167381974249052,000333.SZ
2020-05-28,46.4,47.4,46.4,47.22,18254941,1073961447,0.27,1.5047291487532144,000333.SZ
2020-05-31,47.44,48.39,47.44,48.34,29480294,1776563605,0.43,2.371876323591704,000333.SZ
2020-06-01,49.02,49.02,48.11,48.23,20680547,1218477896,0.3,-0.2275548200248334,000333.SZ
2020-06-02,48.6,48.78,47.58,47.93,18092904,1059003034,0.26,-0.6220194899440146,000333.SZ
2020-06-03,48.36,49.22,48.24,48.36,14025768,827157600,0.21,0.897141664928025,000333.SZ
2020-06-04,48.47,48.63,48.15,48.44,12725949,749286684,0.19,0.16542597187758634,000333.SZ
2020-06-07,48.81,50.58,48.5,49.43,35943983,2180630902,0.53,2.0437654830718355,000333.SZ
2020-06-08,49.75,50.48,49.53,49.84,24013535,1463794178,0.35,0.8294557960752735,000333.SZ
2020-06-09,50.19,50.3,49.45,49.56,19014845,1153412205,0.28,-0.5617977528089901,000333.SZ
2020-06-10,49.59,49.8,48.56,49.02,20137719,1204181863,0.29,-1.0895883777239712,000333.SZ
2020-06-11,48.23,49.3,48.07,49.29,18519009,1097620789,0.27,0.5507955936352449,000333.SZ
2020-06-14,48.55,48.83,47.66,47.66,32000406,1872474026,0.47,-3.306958815175498,000333.SZ
2020-06-15,48.23,48.73,48.14,48.48,18308826,1077626691,0.27,1.720520352496857,000333.SZ
2020-06-16,48.32,48.38,47.37,47.58,22128310,1285597241,0.32,-1.856435643564358,000333.SZ
2020-06-17,47.54,47.65,46.97,47.54,26722486,1537168004,0.39,-0.08406893652794789,000333.SZ
2020-06-18,47.54,49.29,47.54,49.11,32428005,1923447883,0.47,3.3024821203197385,000333.SZ
2020-06-21,48.97,49.26,48.41,48.55,21979729,1306914551,0.32,-1.1402972917939347,000333.SZ
2020-06-22,48.37,48.86,48.05,48.48,18114636,1068928529,0.26,-0.14418125643665958,000333.SZ
2020-06-23,48.64,49.45,48.55,49.06,20031990,1194505230,0.29,1.1963696369637011,000333.SZ
2020-06-28,49.06,49.3,48.24,49.26,26106135,1557837552,0.38,0.40766408479411265,000333.SZ
2020-06-29,49.3,50.12,48.89,49.13,26125157,1577689211,0.38,-0.26390580592772217,000333.SZ
2020-06-30,49.06,51.35,48.41,51.31,44260978,2719438555,0.65,4.4372074089151115,000333.SZ
2020-07-01,50.79,52.11,50.62,51.73,43526154,2715825420,0.63,0.8185538881309684,000333.SZ
2020-07-02,51.85,52.55,50.81,51.27,34079825,2137708205,0.5,-0.8892325536439039,000333.SZ
2020-07-05,51.61,53.4,51.36,52.61,59925805,3811821943,0.87,2.6136141993368334,000333.SZ
2020-07-06,52.7,55.51,52.67,52.9,49039047,3224341189,0.72,0.5512260026610871,000333.SZ
2020-07-07,52.84,53.66,51.98,52.57,28482031,1818108347,0.42,-0.6238185255198481,000333.SZ
2020-07-08,52.59,53.41,51.77,53.39,31228061,1993727704,0.46,1.5598249952444299,000333.SZ
2020-07-09,53.0,53.02,51.93,52.1,27329673,1741014720,0.4,-2.416182805768874,000333.SZ
2020-07-12,51.7,52.67,51.64,51.97,34467867,2186339088,0.5,-0.249520153550864,000333.SZ
2020-07-13,52.47,52.48,50.28,50.81,38295985,2377225465,0.56,-2.2320569559361125,000333.SZ
2020-07-14,50.85,52.59,50.82,51.75,43694916,2750957937,0.64,1.850029521747687,000333.SZ
2020-07-15,51.77,52.99,50.2,50.24,36958887,2326871245,0.54,-2.917874396135267,000333.SZ
2020-07-16,49.96,52.93,49.89,52.51,36087627,2269485712,0.53,4.518312101910826,000333.SZ
2020-07-19,52.51,55.61,52.0,55.37,60069359,3970335086,0.88,5.446581603504086,000333.SZ
2020-07-20,55.05,55.81,54.29,55.34,32874716,2206459249,0.48,-0.05418096442115772,000333.SZ
2020-07-21,54.89,55.86,54.49,55.34,30389752,2045490786,0.44,0.0,000333.SZ
2020-07-22,54.64,57.91,54.53,57.68,48715945,3361999484,0.71,4.22840621611853,000333.SZ
2020-07-23,56.84,57.64,54.23,54.64,40925587,2781427887,0.6,-5.270457697642161,000333.SZ
2020-07-26,55.56,55.71,53.25,55.2,27302925,1806012286,0.4,1.024890190336758,000333.SZ
2020-07-27,55.2,56.32,54.74,55.14,23410296,1580820575,0.34,-0.10869565217391797,000333.SZ
2020-07-28,55.34,59.16,55.34,58.86,46054192,3268094875,0.67,6.746463547334058,000333.SZ
2020-07-29,58.83,59.41,57.72,58.32,19480756,1385613240,0.28,-0.917431192660545,000333.SZ
2020-07-30,58.0,60.6,57.58,58.96,29357548,2117686421,0.43,1.0973936899862924,000333.SZ
2020-08-02,59.16,61.41,59.01,59.56,34330969,2510509104,0.5,1.017639077340582,000333.SZ
2020-08-03,59.16,59.39,57.79,59.2,29227141,2081709108,0.43,-0.6044325050369337,000333.SZ
2020-08-04,58.34,59.49,58.18,58.67,19111758,1362330037,0.28,-0.8952702702702764,000333.SZ
2020-08-05,58.34,59.0,57.55,58.01,21873467,1545541041,0.32,-1.1249360831770971,000333.SZ
2020-08-06,57.83,58.43,56.57,57.97,25414414,1782876109,0.37,-0.06895362868470922,000333.SZ
2020-08-09,57.68,59.49,56.94,59.16,24105482,1710556589,0.35,2.052785923753664,000333.SZ
2020-08-10,59.29,60.39,58.49,58.59,20568061,1492137506,0.3,-0.963488843813376,000333.SZ
2020-08-11,58.06,58.84,56.84,57.24,28973831,2027499314,0.42,-2.304147465437789,000333.SZ
2020-08-12,57.36,58.41,57.34,57.53,13064516,917532052,0.19,0.5066387141858808,000333.SZ
2020-08-13,57.52,59.22,57.3,59.2,16119697,1148282707,0.24,2.9028333043629395,000333.SZ
2020-08-16,59.49,60.64,58.67,59.27,24517214,1785517673,0.36,0.11824324324325453,000333.SZ
2020-08-17,59.28,59.77,58.39,59.0,19301461,1382264209,0.28,-0.45554243293403074,000333.SZ
2020-08-18,58.92,59.41,57.52,57.62,25327310,1791352682,0.37,-2.338983050847465,000333.SZ
2020-08-19,57.35,57.59,56.41,56.73,21907644,1513934316,0.32,-1.5446025685525888,000333.SZ
2020-08-20,56.82,57.42,56.57,57.01,12645605,876813908,0.18,0.4935660144544274,000333.SZ
2020-08-23,56.94,57.84,56.83,57.82,17427938,1215646639,0.25,1.4208033678302145,000333.SZ
2020-08-24,57.81,57.85,57.14,57.5,17931823,1254921571,0.26,-0.5534417156693228,000333.SZ
2020-08-25,57.5,58.67,56.41,56.94,23770209,1661357463,0.35,-0.9739130434782695,000333.SZ
2020-08-26,56.94,57.4,55.13,55.87,34293199,2327750659,0.5,-1.8791710572532483,000333.SZ
2020-08-27,55.38,57.95,55.14,57.75,32318623,2228514546,0.47,3.3649543583318398,000333.SZ
2020-08-30,58.37,60.39,57.95,57.96,25868305,1852443294,0.38,0.363636363636366,000333.SZ
2020-08-31,57.98,59.34,57.97,58.92,20547663,1468837506,0.3,1.6563146997929712,000333.SZ
2020-09-01,59.16,59.56,57.83,58.28,18310804,1304982310,0.27,-1.0862186014935493,000333.SZ
2020-09-02,58.34,59.97,58.11,58.28,32530873,2340687057,0.48,0.0,000333.SZ
2020-09-03,57.11,57.42,56.04,56.52,35933576,2474691327,0.53,-3.0199039121482474,000333.SZ
2020-09-06,55.96,56.43,54.63,54.81,44222648,2971282423,0.65,-3.0254777070063743,000333.SZ
2020-09-07,54.81,55.05,53.94,54.96,26350941,1747654428,0.39,0.2736726874657869,000333.SZ
2020-09-08,54.23,54.71,53.19,53.3,28454172,1861646756,0.42,-3.0203784570596914,000333.SZ
2020-09-09,53.83,54.4,53.34,54.15,21030173,1381763382,0.31,1.5947467166979479,000333.SZ
2020-09-10,53.82,54.89,53.07,54.38,21512672,1421649986,0.31,0.42474607571560963,000333.SZ
2020-09-13,54.46,56.08,54.4,55.88,21739269,1469293455,0.32,2.7583670467083543,000333.SZ
2020-09-14,56.3,58.15,56.25,57.86,29001582,2033590884,0.42,3.543307086614167,000333.SZ
2020-09-15,57.76,59.15,56.86,57.24,29121345,2060063617,0.43,-1.0715520221223573,000333.SZ
2020-09-16,57.35,58.34,56.95,58.01,27443479,1932446433,0.4,1.345213137665957,000333.SZ
2020-09-17,58.44,58.61,57.55,57.75,21751479,1538451545,0.32,-0.44819858645060995,000333.SZ
2020-09-20,57.72,58.47,57.03,57.54,16561025,1164163889,0.24,-0.363636363636366,000333.SZ
2020-09-21,57.11,57.98,57.08,57.43,13996729,978793363,0.2,-0.19117135905456495,000333.SZ
2020-09-22,57.53,58.64,57.09,58.4,17144539,1211864648,0.25,1.6890127111265807,000333.SZ
2020-09-23,57.98,58.3,57.25,57.9,20075766,1410207324,0.29,-0.8561643835616417,000333.SZ
2020-09-24,58.05,58.97,57.58,57.77,12081513,855869344,0.18,-0.22452504317788113,000333.SZ
2020-09-27,57.77,58.75,57.49,58.26,17393725,1235538585,0.25,0.8481911026484212,000333.SZ
2020-09-28,58.34,59.9,58.34,59.53,23391359,1692268567,0.34,2.1798832818400227,000333.SZ
2020-09-29,59.9,60.5,59.39,59.66,22133662,1618394621,0.32,0.21837728876195062,000333.SZ
2020-10-08,60.03,60.94,59.99,60.3,25158747,1853607137,0.37,1.0727455581629242,000333.SZ
2020-10-11,59.66,60.79,59.41,60.79,26325624,1930035640,0.38,0.812603648424548,000333.SZ
2020-10-12,60.79,62.41,60.35,62.36,25577466,1920061020,0.37,2.582661621977289,000333.SZ
2020-10-13,61.71,62.84,61.46,61.83,19613367,1478023724,0.29,-0.849903784477235,000333.SZ
2020-10-14,61.65,63.24,61.45,62.53,19211037,1462783204,0.28,1.1321365033155395,000333.SZ
2020-10-15,62.2,62.76,61.38,61.46,14591721,1096650311,0.21,-1.7111786342555613,000333.SZ
2020-10-18,61.48,63.39,61.22,61.63,17779197,1345916770,0.26,0.2766026684022149,000333.SZ
2020-10-19,61.22,63.25,61.22,62.7,15435375,1175374815,0.23,1.736167450916759,000333.SZ
2020-10-20,62.35,64.13,62.35,63.68,21388893,1651445121,0.31,1.562998405103655,000333.SZ
2020-10-21,63.52,64.55,62.61,64.42,15650185,1213225342,0.23,1.1620603015075393,000333.SZ
2020-10-22,63.89,64.3,61.71,61.72,18123307,1388457539,0.26,-4.191244954982931,000333.SZ
2020-10-25,61.61,63.11,60.48,62.99,16590543,1253614089,0.24,2.0576798444588595,000333.SZ
2020-10-26,62.53,63.1,61.95,62.21,15692141,1194229494,0.23,-1.2382917923479897,000333.SZ
2020-10-27,62.25,63.68,62.15,63.03,18721616,1439052208,0.27,1.318116058511487,000333.SZ
2020-10-28,62.45,67.29,62.28,66.71,37779375,3012418003,0.55,5.838489608123099,000333.SZ
2020-10-29,67.42,67.79,63.72,63.99,32841662,2596624765,0.48,-4.077349722680246,000333.SZ
2020-11-01,64.92,69.84,64.91,68.53,52225315,4312907451,0.76,7.094858571651819,000333.SZ
2020-11-02,68.54,68.57,66.48,67.83,35157480,2886059068,0.51,-1.0214504596527063,000333.SZ
2020-11-03,67.87,71.39,67.54,70.39,38958346,3330212465,0.57,3.7741412354415527,000333.SZ
2020-11-04,70.71,72.72,69.88,70.76,35623998,3083809644,0.52,0.5256428469953223,000333.SZ
2020-11-05,70.77,75.02,69.95,74.07,46803613,4177205857,0.68,4.677784058790269,000333.SZ
2020-11-08,74.33,77.62,73.48,74.54,47078602,4296715661,0.69,0.6345348994194921,000333.SZ
2020-11-09,73.71,73.72,71.09,73.67,35238345,3113825058,0.51,-1.167158572578486,000333.SZ
2020-11-10,72.47,73.76,71.22,72.39,34198027,3021631444,0.5,-1.737477942174559,000333.SZ
2020-11-11,74.36,74.6,72.5,74.45,28223843,2536913939,0.41,2.8456969194640136,000333.SZ
2020-11-12,74.2,74.41,72.96,74.38,21605166,1936924438,0.32,-0.09402283411686918,000333.SZ
2020-11-15,75.19,75.43,71.54,73.43,37272431,3320826097,0.54,-1.27722506050012,000333.SZ
2020-11-16,73.79,75.19,73.44,73.89,28968907,2613751006,0.42,0.6264469562848873,000333.SZ
2020-11-17,73.99,75.23,72.43,73.37,22952687,2060518096,0.34,-0.7037488158072702,000333.SZ
2020-11-18,73.95,78.32,73.55,77.24,41315578,3844141237,0.6,5.27463540956794,000333.SZ
2020-11-19,77.35,77.89,75.15,75.26,46160647,4276105442,0.67,-2.5634386328327152,000333.SZ
2020-11-22,74.36,76.98,73.48,76.8,45691390,4209477921,0.67,2.046239702365127,000333.SZ
2020-11-23,76.76,76.79,73.14,74.49,39966866,3622773270,0.58,-3.0078125000000067,000333.SZ
2020-11-24,74.49,75.1,73.01,73.59,29159518,2615178239,0.43,-1.2082158679017185,000333.SZ
2020-11-25,73.13,73.59,70.67,71.5,47509582,4132461362,0.69,-2.840059790732441,000333.SZ
2020-11-26,71.87,73.02,71.11,72.15,23037330,2020721656,0.34,0.909090909090926,000333.SZ
2020-11-29,71.74,72.72,70.88,71.36,29926909,2612282346,0.44,-1.0949410949411043,000333.SZ
2020-11-30,70.87,72.31,70.87,72.24,23692498,2071081957,0.35,1.2331838565022402,000333.SZ
2020-12-01,73.13,74.44,72.75,73.88,36607195,3286902392,0.53,2.270210409745288,000333.SZ
2020-12-02,73.78,74.02,72.48,73.62,25552024,2276665595,0.37,-0.3519220357336095,000333.SZ
2020-12-03,72.98,73.18,71.63,72.61,32722623,2876036668,0.48,-1.3719098071176328,000333.SZ
2020-12-06,73.03,73.13,71.92,72.36,20228496,1786091233,0.3,-0.34430519212229616,000333.SZ
2020-12-07,71.92,72.42,70.21,71.24,36690024,3164772039,0.54,-1.5478164731896116,000333.SZ
2020-12-08,70.67,71.18,68.61,68.66,46112571,3893407709,0.67,-3.6215609208309907,000333.SZ
2020-12-09,68.61,70.21,68.61,69.93,25300125,2144184257,0.37,1.8496941450626414,000333.SZ
2020-12-10,70.58,70.58,68.54,69.02,22506139,1901113978,0.33,-1.3013013013013164,000333.SZ
2020-12-13,70.57,70.67,68.47,69.38,26247011,2213586002,0.38,0.5215879455230388,000333.SZ
2020-12-14,69.78,70.99,68.53,70.44,32812014,2794791700,0.48,1.527817814932253,000333.SZ
2020-12-15,70.76,73.19,70.61,72.39,41302146,3638872835,0.6,2.7683134582623614,000333.SZ
2020-12-16,72.88,74.59,72.68,73.68,31646076,2841397961,0.46,1.7820140903439752,000333.SZ
2020-12-17,73.22,73.94,72.57,73.38,27477717,2446471117,0.4,-0.4071661237785129,000333.SZ
2020-12-20,73.72,73.72,71.52,72.98,28368934,2499704930,0.41,-0.5451076587625892,000333.SZ
2020-12-21,72.58,74.59,71.83,73.75,31071453,2775989183,0.45,1.0550835845437145,000333.SZ
2020-12-22,73.94,76.83,73.57,75.6,39054660,3606420446,0.57,2.508474576271169,000333.SZ
2020-12-23,75.6,76.33,74.4,76.33,19778311,1823517285,0.29,0.9656084656084696,000333.SZ
2020-12-24,76.15,77.42,75.19,76.89,21707194,2025214058,0.32,0.7336564915498611,000333.SZ
2020-12-27,76.81,79.99,76.75,78.72,39478573,3781019562,0.58,2.380023410066334,000333.SZ
2020-12-28,78.69,78.71,77.04,78.22,21655220,2053512082,0.32,-0.6351626016260159,000333.SZ
2020-12-29,78.47,79.38,77.41,78.87,23164406,2212516055,0.34,0.8309895167476489,000333.SZ
2020-12-30,78.88,81.33,78.87,80.89,26867176,2633031804,0.39,2.561176619754013,000333.SZ
2021-01-03,81.27,83.77,80.55,81.36,33882680,3379358338,0.49,0.5810359747805638,000333.SZ
2021-01-04,80.58,83.76,79.7,83.44,35114801,3515823440,0.51,2.556538839724687,000333.SZ
2021-01-05,84.64,86.11,81.88,82.96,36020338,3662399226,0.52,-0.5752636625119933,000333.SZ
2021-01-06,83.81,86.83,83.16,86.13,45140052,4687111402,0.66,3.821118611378971,000333.SZ
2021-01-07,85.46,86.03,83.2,84.64,33069048,3409516335,0.48,-1.7299431092534512,000333.SZ
2021-01-10,84.8,85.73,82.17,82.99,34189187,3506431349,0.5,-1.9494328922495363,000333.SZ
2021-01-11,82.42,85.69,82.42,85.54,35529586,3670971677,0.52,3.07265935654899,000333.SZ
2021-01-12,86.28,86.86,83.85,84.91,34348739,3560584734,0.5,-0.7364975450081968,000333.SZ
2021-01-13,85.13,85.78,81.67,81.84,37381528,3780641251,0.54,-3.615592980803195,000333.SZ
2021-01-14,81.37,82.31,79.52,81.92,35743823,3524028265,0.52,0.09775171065493637,000333.SZ
2021-01-17,81.67,82.4,80.12,81.45,28677180,2849767542,0.42,-0.57373046875,000333.SZ
2021-01-18,81.92,82.26,77.63,77.94,42307807,4087923629,0.62,-4.309392265193379,000333.SZ
2021-01-19,78.88,80.63,78.47,79.11,32202327,3113133925,0.47,1.501154734411081,000333.SZ
2021-01-20,79.9,82.99,79.7,82.25,40930171,4074982807,0.6,3.9691568701807567,000333.SZ
2021-01-21,82.17,83.43,80.6,82.64,30775582,3069095083,0.45,0.4741641337385971,000333.SZ
2021-01-24,82.99,84.53,81.1,83.8,37735992,3802697804,0.55,1.4036786060019235,000333.SZ
2021-01-25,82.99,82.99,79.79,80.48,40767026,4006657956,0.59,-3.961813842482087,000333.SZ
2021-01-26,79.78,82.04,79.2,80.49,28326851,2781047165,0.41,0.012425447316100069,000333.SZ
2021-01-27,79.32,79.7,77.65,78.19,31057214,2959282874,0.45,-2.857497825816868,000333.SZ
2021-01-28,78.35,80.35,76.98,79.15,37246508,3576339185,0.54,1.2277784882977372,000333.SZ
2021-01-31,79.15,80.95,77.78,80.69,28606271,2784442679,0.42,1.945672773215401,000333.SZ
2021-02-01,80.03,82.33,80.03,81.0,31544355,3125263982,0.46,0.3841863923658373,000333.SZ
2021-02-02,81.76,82.5,79.05,80.23,32395536,3178416761,0.47,-0.9506172839506166,000333.SZ
2021-02-03,79.12,80.19,78.25,79.21,36486402,3514921395,0.53,-1.2713448834600682,000333.SZ
2021-02-04,79.69,80.83,78.06,79.91,37262393,3600456019,0.54,0.8837268021714362,000333.SZ
2021-02-07,79.92,80.12,77.57,79.43,37743563,3614401923,0.55,-0.6006757602302515,000333.SZ
2021-02-08,80.19,83.73,79.61,83.73,53712247,5347054458,0.78,5.41357169835075,000333.SZ
2021-02-09,84.57,88.74,83.4,88.01,53679907,5641813861,0.78,5.111668458139262,000333.SZ
2021-02-17,88.02,88.22,79.7,80.77,94042908,9433652348,1.37,-8.226337916145898,000333.SZ
2021-02-18,78.07,80.8,78.07,80.52,69387709,6722204870,1.01,-0.30952086170608073,000333.SZ
2021-02-21,79.93,79.93,74.27,74.31,90398609,8324148676,1.31,-7.712369597615487,000333.SZ
2021-02-22,73.17,75.6,72.99,74.73,60475531,5494666678,0.88,0.5651998385143298,000333.SZ
2021-02-23,78.97,81.02,76.52,78.08,100354633,9587929017,1.46,4.482804763816395,000333.SZ
2021-02-24,77.98,78.71,75.68,77.19,41637020,3934052806,0.61,-1.1398565573770503,000333.SZ
2021-02-25,75.6,77.64,74.79,76.48,60112303,5569084604,0.87,-0.9198082653193329,000333.SZ
2021-02-28,76.75,78.31,75.46,76.69,37084402,3475175712,0.54,0.27458158995814497,000333.SZ
2021-03-01,77.95,78.75,76.17,76.85,47339822,4469317460,0.69,0.20863215543094338,000333.SZ
2021-03-02,76.2,77.01,75.19,76.82,33059187,3072269141,0.48,-0.039037085230975155,000333.SZ
2021-03-03,75.78,76.07,73.49,73.87,44634820,4041856217,0.65,-3.840145795365779,000333.SZ
2021-03-04,71.96,74.17,70.69,73.54,40948709,3626107488,0.6,-0.4467307431975098,000333.SZ
2021-03-07,72.72,73.71,70.21,70.26,48829340,4260904988,0.71,-4.46015773728583,000333.SZ
2021-03-08,69.56,69.76,67.13,67.37,56896333,4741767513,0.83,-4.113293481354963,000333.SZ
2021-03-09,69.02,69.57,67.42,68.74,47316765,3942944036,0.69,2.033546088763538,000333.SZ
2021-03-10,69.5,71.08,68.61,70.63,40811644,3495579073,0.59,2.7494908350305547,000333.SZ
2021-03-11,70.64,72.33,70.02,70.63,32364532,2806048361,0.47,0.0,000333.SZ
2021-03-14,69.69,69.71,66.56,67.63,49051385,4035896117,0.71,-4.247486903582043,000333.SZ
2021-03-15,67.72,68.23,67.01,67.86,34926115,2877253721,0.51,0.34008576075705843,000333.SZ
2021-03-16,67.39,69.25,66.85,69.08,37095228,3081574544,0.54,1.7978190391983562,000333.SZ
2021-03-17,69.83,71.49,69.68,71.25,34703588,2986372291,0.5,3.1412854661262424,000333.SZ
2021-03-18,69.84,71.16,69.34,70.1,30529185,2610073941,0.44,-1.614035087719301,000333.SZ
2021-03-21,69.84,70.28,67.63,68.51,31409285,2620969353,0.46,-2.2681883024250893,000333.SZ
2021-03-22,68.51,68.56,66.62,66.94,36969597,3027477688,0.54,-2.291636257480667,000333.SZ
2021-03-23,66.97,67.77,66.77,67.12,23536758,1923709265,0.34,0.2688975201673216,000333.SZ
2021-03-24,66.62,66.97,65.16,66.29,24752483,1990607891,0.36,-1.2365911799761542,000333.SZ
2021-03-25,66.64,67.79,65.7,67.39,31083020,2533340710,0.45,1.6593754714134823,000333.SZ
2021-03-28,67.35,67.77,66.56,66.94,29453524,2406536460,0.43,-0.6677548597714855,000333.SZ
2021-03-29,67.26,68.6,66.65,67.77,35197152,2898062093,0.51,1.2399163429937188,000333.SZ
2021-03-30,68.04,68.18,66.76,67.57,27352508,2245618464,0.4,-0.2951158329644432,000333.SZ
2021-03-31,67.38,70.57,67.22,70.2,35204512,2987621061,0.51,3.8922598786443885,000333.SZ
2021-04-01,70.26,72.72,69.76,71.58,29152538,2546245045,0.42,1.9658119658119588,000333.SZ
2021-04-05,71.62,72.06,69.02,69.34,25766840,2190978643,0.37,-3.129365744621393,000333.SZ
2021-04-06,69.34,69.43,67.28,67.97,29977466,2467818330,0.44,-1.9757715604268866,000333.SZ
2021-04-07,67.8,68.14,67.34,67.94,18211406,1502128962,0.26,-0.04413711931734454,000333.SZ
2021-04-08,68.18,68.18,65.93,66.11,32238556,2610503420,0.47,-2.69355313511922,000333.SZ
2021-04-11,65.98,66.77,64.91,65.16,25277487,2012933376,0.37,-1.4369989411586848,000333.SZ
2021-04-12,64.87,65.59,64.19,64.66,21362828,1686748572,0.31,-0.7673419275629256,000333.SZ
2021-04-13,64.89,66.25,64.82,65.84,21069229,1685738018,0.31,1.8249304051964232,000333.SZ
2021-04-14,65.84,66.56,64.88,65.97,17445281,1393503616,0.25,0.1974483596597798,000333.SZ
2021-04-15,65.98,66.23,64.83,65.65,15347818,1222574469,0.22,-0.48506897074426236,000333.SZ
2021-04-18,65.74,67.47,64.91,67.11,26759356,2175802611,0.39,2.2239146991622105,000333.SZ
2021-04-19,66.62,66.97,65.76,66.54,23153386,1866628041,0.34,-0.8493518104604303,000333.SZ
2021-04-20,65.74,66.15,65.33,65.41,25190606,2010416382,0.37,-1.6982266305981542,000333.SZ
2021-04-21,65.42,65.97,64.92,65.94,23096878,1841507581,0.34,0.8102736584620018,000333.SZ
2021-04-22,66.08,69.02,65.95,68.91,45141558,3741273480,0.66,4.504094631483158,000333.SZ
2021-04-25,69.22,69.84,65.66,65.76,41802919,3424838078,0.61,-4.571179799738778,000333.SZ
2021-04-26,65.71,67.08,65.08,66.33,19000053,1531692781,0.28,0.8667883211678662,000333.SZ
2021-04-27,66.56,67.13,65.8,67.01,17902575,1452688936,0.26,1.0251771445801472,000333.SZ
2021-04-28,67.43,69.23,67.27,68.55,29815963,2474034002,0.43,2.298164453066698,000333.SZ
2021-04-29,69.6,69.6,65.57,65.88,58237700,4702118111,0.85,-3.8949671772428918,000333.SZ
2021-05-05,64.35,65.55,63.67,63.73,49115946,3841342540,0.71,-3.2635094110503915,000333.SZ
2021-05-06,63.6,63.72,61.63,61.69,43729514,3308412782,0.64,-3.2010042366232505,000333.SZ
2021-05-09,62.31,65.08,62.31,64.09,54943986,4265793301,0.8,3.8904198411412017,000333.SZ
2021-05-10,63.4,64.91,62.93,64.37,27333464,2127125363,0.4,0.4368856295833945,000333.SZ
2021-05-11,64.83,64.83,62.82,63.49,27341035,2106351404,0.4,-1.367096473512508,000333.SZ
2021-05-12,62.55,62.86,61.63,61.75,32950762,2482149422,0.48,-2.74058906914475,000333.SZ
2021-05-13,61.87,62.92,60.49,62.81,30481113,2297770135,0.44,1.7165991902833966,000333.SZ
2021-05-16,63.27,65.2,63.17,64.42,41809230,3276114961,0.61,2.5632861009393437,000333.SZ
2021-05-17,65.57,65.74,63.44,63.96,26855515,2106345387,0.39,-0.714063955293387,000333.SZ
2021-05-18,63.31,63.9,62.86,63.54,22505269,1736145799,0.33,-0.6566604127579811,000333.SZ
2021-05-19,64.91,66.44,63.74,66.31,73533093,5884598445,1.07,4.3594586087503995,000333.SZ
2021-05-20,66.64,68.28,66.45,67.01,50222428,4119754982,0.73,1.0556477152767307,000333.SZ
2021-05-23,67.9,68.2,66.52,67.54,36014944,2956298659,0.52,0.7909267273541243,000333.SZ
2021-05-24,68.18,69.19,67.66,68.43,41746744,3478155176,0.61,1.3177376369558846,000333.SZ
2021-05-25,68.94,69.84,67.75,69.29,36038191,3021930596,0.52,1.2567587315504891,000333.SZ
2021-05-26,69.84,69.87,68.55,68.94,29615660,2486863194,0.43,-0.5051233944292188,000333.SZ
2021-05-27,68.43,68.44,67.38,67.81,38741514,3196831619,0.56,-1.6391064693936697,000333.SZ
2021-05-30,67.95,67.95,65.52,66.56,52395101,4208270644,0.76,-1.8433859312785739,000333.SZ
2021-05-31,66.48,66.48,65.18,65.88,47337082,3776569523,0.69,-1.0216346153846256,000333.SZ
2021-06-01,66.55,66.63,65.79,66.63,34284654,2706286214,0.5,1.1384335154827063,000333.SZ
2021-06-02,66.63,66.91,64.94,65.31,41669046,3262957927,0.61,-1.9810895992795952,000333.SZ
2021-06-03,64.88,65.79,64.14,65.15,28306603,2194930977,0.41,-0.24498545398866645,000333.SZ
2021-06-06,65.16,65.18,63.82,64.35,27727499,2124176470,0.4,-1.2279355333845166,000333.SZ
2021-06-07,64.45,64.79,63.39,63.71,32089344,2446270922,0.47,-0.994560994560989,000333.SZ
2021-06-08,63.92,64.22,63.03,63.35,25138005,1900479893,0.37,-0.5650604300737716,000333.SZ
2021-06-09,63.45,63.65,62.77,63.19,32075563,2419455653,0.47,-0.2525651144435703,000333.SZ
2021-06-10,63.19,63.36,61.61,62.02,46521367,3444045477,0.68,-1.851558790947927,000333.SZ
2021-06-14,61.91,62.44,60.34,61.38,44590030,3245305091,0.65,-1.031925185424054,000333.SZ
2021-06-15,61.94,63.08,61.35,62.86,44970185,3359892667,0.65,2.4112088628217565,000333.SZ
2021-06-16,63.03,63.14,61.43,61.57,29929238,2214198276,0.43,-2.052179446388802,000333.SZ
2021-06-17,61.46,62.2,60.48,61.85,38817863,2831313013,0.56,0.45476693194737017,000333.SZ
2021-06-20,61.87,61.88,59.65,60.34,47738643,3450150410,0.69,-2.4413904607922365,000333.SZ
2021-06-21,60.26,61.08,59.41,59.74,41034169,2942649258,0.6,-0.9943652635068023,000333.SZ
2021-06-22,59.68,61.43,59.25,61.32,43404358,3139531924,0.63,2.6447941078004744,000333.SZ
2021-06-23,62.44,62.44,60.94,61.35,28702816,2103271900,0.42,0.04892367906066397,000333.SZ
2021-06-24,61.66,61.84,60.83,61.32,41255201,3019079359,0.6,-0.04889975550121939,000333.SZ
2021-06-27,61.33,61.94,60.76,61.36,30684568,2240502743,0.45,0.0652315720808927,000333.SZ
2021-06-28,61.84,61.85,59.71,59.89,34979911,2518377824,0.51,-2.3956975228161648,000333.SZ
2021-06-29,59.59,60.26,59.38,59.82,28444413,2022265551,0.41,-0.11688094840540675,000333.SZ
2021-06-30,59.76,61.51,59.14,61.38,44641783,3221962175,0.65,2.6078234704112413,000333.SZ
2021-07-01,60.87,60.97,59.22,59.59,40318436,2873257072,0.59,-2.916259367872265,000333.SZ
2021-07-04,58.9,58.98,55.97,57.16,78081102,5309270148,1.13,-4.07786541366002,000333.SZ
2021-07-05,56.71,58.12,55.99,57.5,41063662,2802133748,0.6,0.5948215535339418,000333.SZ
2021-07-06,57.79,60.3,57.5,58.99,55959761,3961973980,0.81,2.5913043478260844,000333.SZ
2021-07-07,58.67,59.33,57.71,58.67,35977037,2508845301,0.52,-0.5424648245465291,000333.SZ
2021-07-08,58.29,59.15,57.59,58.0,29079830,2016604915,0.42,-1.1419805692858387,000333.SZ
2021-07-11,58.37,59.93,57.76,59.25,40495549,2860148826,0.59,2.155172413793105,000333.SZ
2021-07-12,59.32,61.46,59.15,61.01,47453241,3430086441,0.69,2.970464135021089,000333.SZ
2021-07-13,60.72,61.01,59.98,60.34,33405515,2405155834,0.48,-1.0981806261268545,000333.SZ
2021-07-14,60.34,60.64,59.18,59.65,31970243,2276242685,0.46,-1.1435200530328204,000333.SZ
2021-07-15,59.76,59.76,57.66,58.42,45691025,3180537683,0.66,-2.0620284995808813,000333.SZ
2021-07-18,58.49,58.92,57.49,58.79,30561168,2124892125,0.44,0.6333447449503593,000333.SZ
2021-07-19,58.38,58.85,57.84,58.34,23094780,1603201065,0.34,-0.7654362986902474,000333.SZ
2021-07-20,58.43,58.6,56.83,56.98,51518657,3525935836,0.75,-2.3311621528968263,000333.SZ
2021-07-21,56.98,58.58,56.14,57.24,42883759,2952043815,0.62,0.45630045630047356,000333.SZ
2021-07-22,57.24,57.73,55.74,56.12,42451336,2851914803,0.62,-1.9566736547868668,000333.SZ
2021-07-25,54.96,55.37,53.53,54.21,57012881,3709400702,0.83,-3.4034212401995667,000333.SZ
2021-07-26,54.2,54.46,51.46,51.46,61869875,3893777293,0.9,-5.072864785095,000333.SZ
2021-07-27,51.46,53.47,51.22,53.04,47782907,2994650503,0.69,3.0703458997279442,000333.SZ
2021-07-28,54.06,54.06,52.49,53.05,39271265,2485962571,0.57,0.018853695324283493,000333.SZ
2021-07-29,52.88,53.71,51.93,53.23,41977874,2648623981,0.61,0.3393025447690823,000333.SZ
2021-08-01,53.22,55.87,52.45,55.38,54445260,3553099532,0.79,4.039075709186557,000333.SZ
2021-08-02,54.9,60.56,54.63,59.44,89992768,6224743064,1.31,7.3311664860960635,000333.SZ
2021-08-03,59.0,60.08,58.44,58.66,42636229,3000695827,0.62,-1.3122476446837172,000333.SZ
2021-08-04,58.21,60.02,57.91,58.58,45338268,3201066025,0.66,-0.13637913399249246,000333.SZ
2021-08-05,58.67,59.55,57.03,58.96,34481766,2410493994,0.5,0.648685558211004,000333.SZ
2021-08-08,58.33,61.6,58.14,60.74,51361921,3711851356,0.75,3.018995929443702,000333.SZ
2021-08-09,60.43,61.06,59.36,61.06,32371545,2326129708,0.47,0.5268356931181994,000333.SZ
2021-08-10,60.63,61.64,60.24,60.29,28560714,2073013760,0.41,-1.2610547002947947,000333.SZ
2021-08-11,59.93,60.74,59.17,59.44,30539265,2176736608,0.44,-1.4098523801625462,000333.SZ
2021-08-12,59.44,60.33,58.5,60.02,30301304,2153012741,0.44,0.9757738896366108,000333.SZ
2021-08-15,60.02,63.24,59.88,62.85,66305582,4925830244,0.96,4.71509496834388,000333.SZ
2021-08-16,62.84,63.28,61.27,61.52,41410311,3078533153,0.6,-2.1161495624502757,000333.SZ
2021-08-17,61.51,62.86,60.93,62.44,32617317,2419424671,0.47,1.4954486345903684,000333.SZ
2021-08-18,62.82,63.09,60.24,60.29,32866221,2403024430,0.48,-3.443305573350419,000333.SZ
2021-08-19,59.5,60.75,58.49,60.34,30129822,2143875728,0.44,0.08293249295074911,000333.SZ
2021-08-22,60.09,60.81,58.78,59.18,24216401,1715542962,0.35,-1.922439509446472,000333.SZ
2021-08-23,58.84,59.63,57.14,59.09,38744022,2700934790,0.56,-0.15207840486650692,000333.SZ
2021-08-24,58.75,59.25,57.83,57.96,25351879,1761336902,0.37,-1.9123371128786593,000333.SZ
2021-08-25,57.95,58.37,56.58,56.93,30560914,2082846695,0.45,-1.777087646652864,000333.SZ
2021-08-26,56.93,57.81,56.47,56.82,24556080,1670326402,0.36,-0.19321974354470361,000333.SZ
2021-08-29,56.95,57.08,54.74,55.3,45344420,2990768858,0.66,-2.6751143963393176,000333.SZ
2021-08-30,55.23,56.9,54.7,55.32,31964102,2120020156,0.47,0.03616636528029904,000333.SZ
2021-08-31,55.74,58.54,54.63,57.96,54120472,3688604134,0.79,4.772234273318876,000333.SZ
2021-09-01,58.32,58.32,56.87,57.99,42761283,2930294690,0.63,0.051759834368536595,000333.SZ
2021-09-02,57.8,58.78,57.16,58.7,28680784,1995822443,0.42,1.2243490256940825,000333.SZ
2021-09-05,58.77,61.38,58.76,60.44,39610616,2853865986,0.58,2.964224872231669,000333.SZ
2021-09-06,60.93,61.96,60.18,61.2,38937022,2852011278,0.57,1.2574454003970947,000333.SZ
2021-09-07,61.18,61.73,60.52,60.95,26682359,1945966049,0.39,-0.40849673202614234,000333.SZ
2021-09-08,60.95,61.48,59.7,60.36,22350846,1611240093,0.33,-0.9680065627563628,000333.SZ
2021-09-09,60.36,61.18,59.59,60.68,21079581,1520883789,0.31,0.5301524188204176,000333.SZ
2021-09-12,60.61,60.92,59.28,59.49,21293772,1519720223,0.31,-1.9611074489123248,000333.SZ
2021-09-13,59.51,59.84,57.17,57.35,30703335,2132022305,0.45,-3.5972432341569993,000333.SZ
2021-09-14,57.0,57.34,55.15,55.75,39630658,2652852006,0.58,-2.7898866608544015,000333.SZ
2021-09-15,55.75,56.3,55.15,55.27,29466222,1952956773,0.43,-0.8609865470851963,000333.SZ
2021-09-16,55.62,57.23,55.39,57.21,26097737,1757915165,0.38,3.5100416138954094,000333.SZ
2021-09-21,56.15,56.4,55.21,55.38,23967787,1589166507,0.35,-3.1987414787624457,000333.SZ
2021-09-22,55.95,56.24,55.32,55.98,19943038,1327533718,0.29,1.0834236186348711,000333.SZ
2021-09-23,55.73,57.16,55.39,56.32,27372409,1841748628,0.4,0.6073597713469159,000333.SZ
2021-09-26,56.31,58.99,55.96,57.58,33266460,2292141631,0.49,2.237215909090895,000333.SZ
2021-09-27,57.05,59.09,56.41,58.89,34751438,2424145960,0.51,2.275095519277537,000333.SZ
2021-09-28,58.63,59.42,58.06,58.89,29530820,2075477390,0.43,0.0,000333.SZ
2021-09-29,58.89,59.61,58.25,58.33,21879116,1537243044,0.32,-0.9509254542367174,000333.SZ
2021-10-07,58.84,60.83,58.46,60.76,41613373,2987690472,0.61,4.165952340133727,000333.SZ
2021-10-10,60.93,61.27,59.57,59.57,23449247,1683573325,0.34,-1.9585253456221197,000333.SZ
2021-10-11,59.6,60.83,58.73,60.03,21599019,1548732744,0.32,0.7722007722007707,000333.SZ
2021-10-12,60.34,60.53,58.88,59.51,16055890,1139319628,0.24,-0.8662335498917262,000333.SZ
2021-10-13,59.53,60.03,58.37,58.78,16233358,1143450650,0.24,-1.2266845908250668,000333.SZ
2021-10-14,59.51,60.16,58.97,59.51,20425107,1447693569,0.3,1.2419190200748442,000333.SZ
2021-10-17,59.51,59.51,57.83,58.35,21901873,1524555399,0.32,-1.9492522265165513,000333.SZ
2021-10-18,58.09,59.05,57.87,58.57,18104497,1265164859,0.27,0.3770351328191923,000333.SZ
2021-10-19,58.67,59.09,57.01,57.05,30276609,2074541249,0.44,-2.595185248420695,000333.SZ
2021-10-20,57.23,58.49,57.03,58.4,20597302,1416973726,0.3,2.36634531113058,000333.SZ
2021-10-21,58.64,62.86,58.63,62.44,81947936,6030294050,1.2,6.91780821917809,000333.SZ
2021-10-24,62.01,62.27,60.01,60.68,43058106,3124400474,0.63,-2.818705957719403,000333.SZ
2021-10-25,60.13,60.33,58.68,58.68,39644810,2798221885,0.58,-3.2959789057350086,000333.SZ
2021-10-26,57.88,58.21,56.15,56.15,67849700,4597497865,0.99,-4.311520109066125,000333.SZ
2021-10-27,55.73,57.28,55.35,57.09,27797860,1876958742,0.41,1.674087266251112,000333.SZ
2021-10-28,56.51,58.25,56.4,57.64,28202116,1933712606,0.41,0.963391136801528,000333.SZ
2021-10-31,59.73,61.95,59.21,61.02,74811069,5437920545,1.1,5.863983344899371,000333.SZ
2021-11-01,61.02,61.51,58.99,59.35,33979598,2430850401,0.5,-2.7368076040642397,000333.SZ
2021-11-02,58.69,59.93,58.1,58.1,22136290,1550205587,0.32,-2.1061499578770015,000333.SZ
2021-11-03,58.67,59.71,58.24,59.27,23674066,1667235035,0.35,2.0137693631669507,000333.SZ
2021-11-04,58.93,60.18,58.49,59.3,18630632,1321929414,0.27,0.050615825881550336,000333.SZ
2021-11-07,59.2,59.47,58.5,59.04,14960996,1051451980,0.22,-0.43844856661044984,000333.SZ
2021-11-08,58.96,58.96,57.3,57.83,22767037,1571550505,0.33,-2.0494579945799507,000333.SZ
2021-11-09,57.57,58.5,57.01,58.32,23735791,1632341271,0.35,0.8473110842123432,000333.SZ
2021-11-10,57.99,60.65,57.75,60.38,36332028,2604623041,0.53,3.532235939643358,000333.SZ
2021-11-11,60.24,61.92,60.01,60.49,26614392,1929374935,0.39,0.18217952964558748,000333.SZ
2021-11-14,60.34,61.18,59.93,60.75,21497317,1553116114,0.32,0.42982311125805417,000333.SZ
2021-11-15,61.18,61.6,60.67,60.96,21140190,1540309641,0.31,0.34567901234567877,000333.SZ
2021-11-16,60.55,61.35,59.94,60.44,14390330,1039576297,0.21,-0.853018372703418,000333.SZ
2021-11-17,60.2,60.21,58.65,58.85,19413431,1370784033,0.28,-2.6307081403044275,000333.SZ
2021-11-18,58.85,59.09,58.09,58.67,25102995,1750975581,0.37,-0.3058623619371259,000333.SZ
2021-11-21,58.44,58.9,58.25,58.63,22966239,1602179694,0.34,-0.06817794443497727,000333.SZ
2021-11-22,58.62,58.62,57.85,58.22,22415718,1554230541,0.33,-0.6993006993007089,000333.SZ
2021-11-23,58.79,58.98,57.85,58.79,25270993,1761908032,0.37,0.9790450017176155,000333.SZ
2021-11-24,58.67,58.67,57.9,57.95,18110345,1254877493,0.27,-1.4288144242218026,000333.SZ
2021-11-25,57.83,58.21,57.48,57.67,14048378,969361339,0.21,-0.4831751509922322,000333.SZ
2021-11-28,56.98,57.48,56.76,57.13,20002100,1361366065,0.29,-0.9363620599965317,000333.SZ
2021-11-29,56.87,57.96,56.72,56.81,19543671,1332560745,0.29,-0.560126028356378,000333.SZ
2021-11-30,56.72,57.16,56.32,57.13,18010101,1220013294,0.26,0.5632811124802073,000333.SZ
2021-12-01,56.47,56.97,56.25,56.77,17292840,1169569317,0.25,-0.6301417819009281,000333.SZ
2021-12-02,56.75,56.75,55.89,56.29,21709179,1455435330,0.32,-0.8455169984146638,000333.SZ
2021-12-05,56.29,57.65,56.25,57.47,28156018,1927815523,0.41,2.0962870847397452,000333.SZ
2021-12-06,57.91,59.0,57.91,58.86,45996100,3221759578,0.67,2.418653210370625,000333.SZ
2021-12-07,58.99,59.05,57.83,58.66,24448618,1705575366,0.36,-0.3397893306150257,000333.SZ
2021-12-08,59.93,60.97,59.41,60.53,58720574,4231464730,0.86,3.1878622570746806,000333.SZ
2021-12-09,60.06,60.68,59.25,60.26,29774271,2133466230,0.44,-0.44605980505535436,000333.SZ
2021-12-12,60.97,63.08,60.78,61.14,54392976,4021351648,0.8,1.460338533023564,000333.SZ
2021-12-13,60.55,60.75,59.55,59.55,25330123,1813446503,0.37,-2.600588812561344,000333.SZ
2021-12-14,59.5,59.85,58.82,58.96,16566927,1169764120,0.24,-0.990764063811922,000333.SZ
2021-12-15,59.05,59.41,58.52,59.0,15360353,1077897221,0.22,0.06784260515604323,000333.SZ
2021-12-16,58.74,58.89,57.58,57.58,20467841,1419353357,0.3,-2.4067796610169556,000333.SZ
2021-12-19,57.73,58.95,57.67,58.35,20657979,1440391946,0.3,1.3372698853768794,000333.SZ
2021-12-20,58.34,60.45,58.25,60.05,31759660,2268444039,0.47,2.9134532990574113,000333.SZ
2021-12-21,59.88,60.26,58.69,59.95,22483108,1595253317,0.33,-0.16652789342214147,000333.SZ
2021-12-22,59.58,61.07,59.51,60.24,19654181,1412656991,0.29,0.48373644703920693,000333.SZ
2021-12-23,59.78,60.55,59.36,60.48,16377482,1174612543,0.24,0.3984063745019917,000333.SZ
2021-12-26,60.51,62.02,60.26,61.22,27562336,2020201843,0.4,1.2235449735449766,000333.SZ
2021-12-27,61.22,63.24,61.22,63.01,51272047,3839791457,0.75,2.923881084612878,000333.SZ
2021-12-28,62.86,63.32,61.81,62.03,21584258,1603790662,0.32,-1.5553086811617156,000333.SZ
2021-12-29,62.02,62.44,61.33,61.99,21829008,1615514267,0.32,-0.06448492664838934,000333.SZ
2021-12-30,61.94,62.39,61.0,61.86,21673393,1593276844,0.32,-0.20971124374900008,000333.SZ
2022-01-03,62.02,63.28,61.69,63.16,31040801,2323005428,0.45,2.101519560297449,000333.SZ
2022-01-04,63.19,66.91,62.64,63.92,61369922,4743653586,0.9,1.203293223559232,000333.SZ
2022-01-05,63.54,65.53,62.69,62.84,34188949,2599839611,0.5,-1.689612015018771,000333.SZ
2022-01-06,63.26,65.78,62.87,65.19,43722085,3393184312,0.64,3.739656269891789,000333.SZ
2022-01-09,65.54,67.79,64.53,65.21,35252163,2760629556,0.52,0.030679552078538563,000333.SZ
2022-01-10,64.55,66.06,63.28,63.36,33694529,2592315666,0.49,-2.8369881919950823,000333.SZ
2022-01-11,63.77,63.96,61.21,62.26,38464129,2852050497,0.56,-1.736111111111116,000333.SZ
2022-01-12,62.51,63.16,60.51,60.61,26732585,1957650624,0.39,-2.6501766784452263,000333.SZ
2022-01-13,60.43,61.06,59.84,60.34,20996990,1516106943,0.31,-0.4454710443821064,000333.SZ
2022-01-16,60.43,61.55,60.11,61.21,20381136,1481637501,0.3,1.4418296320848567,000333.SZ
2022-01-17,61.02,61.75,60.36,61.43,21307718,1554810615,0.31,0.3594183956869834,000333.SZ
2022-01-18,61.77,63.86,61.57,63.05,40401059,3035602735,0.59,2.6371479733029446,000333.SZ
2022-01-19,63.02,66.04,62.95,65.89,50662197,3941616640,0.74,4.504361617763686,000333.SZ
2022-01-20,65.47,66.06,64.22,64.88,30226221,2345227569,0.44,-1.532857793291853,000333.SZ
2022-01-23,64.37,66.24,64.12,64.6,16913071,1307756734,0.25,-0.4315659679408168,000333.SZ
2022-01-24,64.37,66.04,63.04,63.57,25185151,1938021218,0.37,-1.5944272445820307,000333.SZ
2022-01-25,64.09,64.98,63.31,64.12,17996504,1376378669,0.26,0.8651879817524133,000333.SZ
2022-01-26,63.49,64.34,62.45,62.71,25896559,1951701429,0.38,-2.1990018714909576,000333.SZ
2022-01-27,62.72,63.7,61.21,61.35,26921924,1996946181,0.39,-2.168713123903687,000333.SZ
2022-02-06,62.44,63.39,61.5,62.61,21295784,1582887131,0.31,2.0537897310513475,000333.SZ
2022-02-07,62.36,62.77,61.18,62.27,25222789,1858705327,0.37,-0.5430442421338388,000333.SZ
2022-02-08,62.52,64.59,61.94,64.19,30821130,2329350901,0.45,3.083346715914548,000333.SZ
2022-02-09,63.78,64.21,61.6,61.73,40093808,2986309640,0.59,-3.832372643713977,000333.SZ
2022-02-10,61.31,62.52,60.75,62.14,26315615,1943208565,0.39,0.6641827312489967,000333.SZ
2022-02-13,61.6,61.63,60.01,61.18,19833640,1443390305,0.29,-1.544898616028323,000333.SZ
2022-02-14,60.95,61.43,60.26,60.37,22662561,1639397266,0.33,-1.3239620791108297,000333.SZ
2022-02-15,60.49,61.59,60.18,61.43,18939258,1380576750,0.28,1.7558389928772566,000333.SZ
2022-02-16,61.19,61.85,60.44,60.57,17712319,1288420221,0.26,-1.3999674426176112,000333.SZ
2022-02-17,60.17,61.3,59.77,61.18,15392511,1114787733,0.23,1.0070992240382992,000333.SZ
2022-02-20,61.01,61.03,60.34,60.93,10709058,776053567,0.16,-0.4086302713305012,000333.SZ
2022-02-21,60.43,60.47,58.04,58.81,36301446,2550080183,0.53,-3.479402593139669,000333.SZ
2022-02-22,58.71,59.2,58.42,59.07,19598560,1377756703,0.29,0.44210168338718603,000333.SZ
2022-02-23,58.27,58.47,56.54,57.24,41899669,2867573788,0.61,-3.098019299136612,000333.SZ
2022-02-24,57.62,57.79,56.83,57.09,22417097,1528873766,0.33,-0.262054507337528,000333.SZ
2022-02-27,56.57,56.67,54.9,55.92,48362395,3207726547,0.71,-2.0493956910141886,000333.SZ
2022-02-28,55.83,57.32,55.05,57.27,40633496,2724504804,0.59,2.4141630901287625,000333.SZ
2022-03-01,56.57,56.57,55.48,56.09,24786934,1658320777,0.36,-2.060415575344854,000333.SZ
2022-03-02,56.36,56.36,55.27,55.88,26230556,1743964879,0.38,-0.37439828846497214,000333.SZ
2022-03-03,55.27,55.59,54.55,54.98,30520427,2001514125,0.45,-1.6105941302791749,000333.SZ
2022-03-06,54.13,54.13,52.0,52.39,47645242,2998946563,0.7,-4.710803928701335,000333.SZ
2022-03-07,51.88,52.8,50.04,50.09,57768670,3513393049,0.85,-4.390150792135894,000333.SZ
2022-03-08,49.68,50.3,47.45,49.88,56275807,3289964731,0.82,-0.41924535835495824,000333.SZ
2022-03-09,51.3,51.45,48.71,49.34,47362869,2809518529,0.69,-1.0825982357658415,000333.SZ
2022-03-10,48.86,50.01,48.05,49.77,35638996,2080976811,0.52,0.871503850830968,000333.SZ
2022-03-13,48.63,49.52,47.51,47.51,31918608,1851362819,0.47,-4.540888085191897,000333.SZ
2022-03-14,47.1,47.97,45.49,45.59,49926766,2779415595,0.73,-4.0412544727425725,000333.SZ
2022-03-15,47.1,48.03,45.47,47.76,52945781,2962039193,0.77,4.759815749067764,000333.SZ
2022-03-16,49.82,50.02,48.28,49.2,52266437,3071637071,0.76,3.015075376884435,000333.SZ
2022-03-17,49.2,49.46,48.32,49.36,36839305,2148265062,0.54,0.3252032520325132,000333.SZ
2022-03-20,49.47,49.91,48.61,48.99,30641715,1798629636,0.45,-0.7495948136142627,000333.SZ
2022-03-21,48.69,49.4,48.63,49.1,19403969,1134303592,0.28,0.22453561951418788,000333.SZ
2022-03-22,49.22,49.33,48.55,48.61,24373729,1418165962,0.36,-0.9979633401221988,000333.SZ
2022-03-23,48.19,48.46,47.86,48.26,23678670,1361843502,0.35,-0.7200164575190349,000333.SZ
2022-03-24,48.27,48.54,46.98,47.01,25216369,1430819628,0.37,-2.5901367592208846,000333.SZ
2022-03-27,46.83,47.07,45.93,46.77,21585282,1198968556,0.32,-0.5105296745373189,000333.SZ
2022-03-28,47.03,47.13,45.64,45.8,25242958,1391082042,0.37,-2.0739790463972785,000333.SZ
2022-03-29,46.09,47.77,46.05,47.77,33900253,1899860141,0.5,4.301310043668138,000333.SZ
2022-03-30,47.69,47.94,47.12,47.77,25133597,1428403894,0.37,0.0,000333.SZ
2022-03-31,47.35,49.65,46.78,49.11,45775170,2655473470,0.67,2.805107808247853,000333.SZ
2022-04-05,48.65,49.6,48.53,48.95,30753172,1798592443,0.45,-0.32579922622683055,000333.SZ
2022-04-06,48.32,49.55,48.28,48.36,26942029,1567998977,0.39,-1.2053115423901972,000333.SZ
2022-04-07,48.36,48.54,47.64,48.05,22682729,1297780224,0.33,-0.6410256410256499,000333.SZ
2022-04-10,48.15,48.17,46.32,46.4,33812428,1894585190,0.49,-3.433922996878247,000333.SZ
2022-04-11,46.72,48.19,46.34,48.14,29717487,1671057316,0.43,3.750000000000009,000333.SZ
2022-04-12,47.76,48.15,47.29,47.41,21198659,1206396766,0.31,-1.516410469464069,000333.SZ
2022-04-13,47.79,49.52,47.79,49.21,42741664,2497101925,0.62,3.796667369753215,000333.SZ
2022-04-14,48.88,49.7,48.74,49.16,21242110,1246877156,0.31,-0.10160536476326865,000333.SZ
2022-04-17,49.03,49.03,48.22,48.25,15468205,893259008,0.23,-1.8510984540276554,000333.SZ
2022-04-18,48.32,48.74,47.82,48.02,16849454,971057233,0.25,-0.4766839378238297,000333.SZ
2022-04-19,48.4,49.36,47.77,48.24,21662822,1255101325,0.32,0.45814244064972254,000333.SZ
2022-04-20,47.86,48.6,46.6,46.96,27999954,1586256607,0.41,-2.6533996683250405,000333.SZ
2022-04-21,46.6,48.21,45.83,47.75,24469829,1373768018,0.36,1.6822827938671292,000333.SZ
2022-04-24,47.4,48.18,46.12,46.15,32560068,1837475014,0.48,-3.350785340314144,000333.SZ
2022-04-25,46.15,46.49,43.17,43.41,63204589,3336916857,0.92,-5.937161430119186,000333.SZ
2022-04-26,42.52,44.71,42.32,44.5,37571041,1983750318,0.55,2.510942179221387,000333.SZ
2022-04-27,44.84,45.01,43.64,44.65,25258916,1335819842,0.37,0.3370786516853963,000333.SZ
2022-04-28,45.26,48.02,44.65,47.85,57524101,3198610308,0.84,7.166853303471443,000333.SZ
2022-05-04,48.65,49.77,48.48,49.2,46790722,2748594256,0.68,2.8213166144200663,000333.SZ
2022-05-05,48.28,49.03,48.1,48.78,21216998,1232140905,0.31,-0.8536585365853666,000333.SZ
2022-05-08,47.98,48.21,46.74,47.24,21529684,1216418056,0.31,-3.157031570315705,000333.SZ
2022-05-09,46.29,47.68,46.1,47.44,30057137,1689113755,0.44,0.42337002540220325,000333.SZ
2022-05-10,47.34,48.19,46.93,47.5,35911506,2038556236,0.52,0.1264755480607116,000333.SZ
2022-05-11,47.42,47.42,46.33,46.72,22579089,1261668407,0.33,-1.6421052631579003,000333.SZ
2022-05-12,47.37,47.91,47.1,47.78,24432011,1386786846,0.36,2.2688356164383583,000333.SZ
2022-05-15,48.21,49.24,46.56,47.1,28664501,1624257211,0.42,-1.4231896190874838,000333.SZ
2022-05-16,46.93,48.19,46.68,48.1,22831367,1301041283,0.33,2.123142250530785,000333.SZ
2022-05-17,48.19,48.33,46.87,47.46,22269749,1258738707,0.33,-1.3305613305613306,000333.SZ
2022-05-18,46.76,47.09,46.37,46.78,20195890,1125169384,0.3,-1.432785503581968,000333.SZ
2022-05-19,46.85,47.87,46.4,47.69,26608469,1502431004,0.39,1.945275758871312,000333.SZ
2022-05-22,47.23,47.35,45.33,45.52,55783104,3054327110,0.82,-4.550220171943797,000333.SZ
2022-05-23,45.31,45.84,44.88,45.08,26346272,1425290686,0.38,-0.9666080843585334,000333.SZ
2022-05-24,44.84,45.09,44.42,44.76,22197439,1182899111,0.32,-0.7098491570541321,000333.SZ
2022-05-25,44.76,45.33,43.41,45.11,42382765,2242918334,0.62,0.7819481680071627,000333.SZ
2022-05-26,45.62,45.92,44.43,44.52,35255705,1897823157,0.52,-1.3079139880292523,000333.SZ
2022-05-29,44.55,45.09,44.43,44.76,21638531,1152606788,0.32,0.5390835579514697,000333.SZ
2022-05-30,44.83,45.66,44.5,45.66,35509917,1910341886,0.52,2.0107238605898026,000333.SZ
2022-05-31,45.51,45.9,45.13,45.48,29205803,1584914303,0.43,-0.3942181340341633,000333.SZ
2022-06-01,45.62,45.64,45.03,45.45,27584641,1445923346,0.4,-0.06596306068600288,000333.SZ
2022-06-05,45.47,45.77,44.6,45.65,36520890,1916117643,0.53,0.44004400440043057,000333.SZ
2022-06-06,45.4,45.94,45.05,45.83,29169548,1540591783,0.43,0.3943044906900228,000333.SZ
2022-06-07,45.84,46.52,45.42,45.82,36297664,1921801465,0.53,-0.021819768710451548,000333.SZ
2022-06-08,45.7,45.96,45.13,45.29,28683558,1507868964,0.42,-1.1567001309471858,000333.SZ
2022-06-09,45.06,45.26,44.75,45.18,30034887,1563195289,0.44,-0.2428792227864851,000333.SZ
2022-06-12,44.79,44.84,43.81,44.15,40426293,2064281836,0.59,-2.2797698096502894,000333.SZ
2022-06-13,43.5,44.59,43.34,44.47,34842410,1764306398,0.51,0.7248018120045385,000333.SZ
2022-06-14,44.2,47.56,44.2,47.08,91507776,4906858801,1.34,5.869125252979535,000333.SZ
2022-06-15,47.1,47.5,46.25,46.55,35938169,1942251730,0.53,-1.125743415463043,000333.SZ
2022-06-16,45.86,47.91,45.42,47.35,53813436,2909185799,0.79,1.7185821697099923,000333.SZ
2022-06-19,47.7,49.76,47.7,49.34,76530884,4349794665,1.12,4.202745512143613,000333.SZ
2022-06-20,49.38,50.49,48.99,49.54,53707727,3093973214,0.78,0.4053506282934549,000333.SZ
2022-06-21,49.52,49.52,48.42,48.42,29721130,1674082885,0.43,-2.260799354057319,000333.SZ
2022-06-22,48.39,48.83,47.82,48.42,30453200,1698132572,0.44,0.0,000333.SZ
2022-06-23,48.42,50.98,48.22,49.98,73201062,4236370540,1.07,3.2218091697645557,000333.SZ
2022-06-26,50.41,51.95,50.41,51.11,58158368,3454900579,0.85,2.260904361744709,000333.SZ
2022-06-27,51.54,51.54,50.54,51.11,32252221,1902451600,0.47,0.0,000333.SZ
2022-06-28,51.43,52.44,51.2,51.25,42072308,2520771106,0.61,0.2739189982390977,000333.SZ
2022-06-29,51.33,52.45,51.02,52.22,37053894,2223920748,0.54,1.89268292682927,000333.SZ
2022-06-30,52.05,52.05,50.29,50.84,33785737,1992141899,0.49,-2.642665645346598,000333.SZ
2022-07-03,49.76,51.94,49.76,51.86,31375014,1867732492,0.46,2.006294256490948,000333.SZ
2022-07-04,51.67,53.17,50.93,51.49,28384693,1695670010,0.41,-0.7134593135364353,000333.SZ
2022-07-05,51.93,52.77,50.73,51.26,30764043,1828885012,0.45,-0.4466886774130985,000333.SZ
2022-07-06,51.04,51.71,50.59,50.76,19747189,1165987949,0.29,-0.9754194303550512,000333.SZ
2022-07-07,51.12,51.12,50.07,50.66,22725014,1326085879,0.33,-0.19700551615445816,000333.SZ
2022-07-10,50.38,51.19,49.91,50.93,27354736,1600533212,0.4,0.5329648637978801,000333.SZ
2022-07-11,51.06,52.64,51.06,51.97,40810385,2451083764,0.6,2.0420184567052857,000333.SZ
2022-07-12,51.95,52.1,50.18,50.41,38790065,2277523772,0.57,-3.0017317683278866,000333.SZ
2022-07-13,51.02,51.18,48.29,48.6,54519966,3101127519,0.8,-3.59055742908152,000333.SZ
2022-07-14,48.25,48.93,47.69,47.73,30267863,1686983214,0.44,-1.790123456790138,000333.SZ
2022-07-17,47.73,48.32,46.69,47.81,23549370,1297826117,0.34,0.16760946993505943,000333.SZ
2022-07-18,47.65,48.13,47.35,47.59,19709717,1084831637,0.29,-0.4601547793348648,000333.SZ
2022-07-19,47.97,48.73,47.65,47.93,21705190,1207951154,0.32,0.7144358058415623,000333.SZ
2022-07-20,47.99,48.34,47.39,47.46,16384697,902059284,0.24,-0.9805967035259711,000333.SZ
2022-07-21,47.26,47.97,46.95,47.64,18646088,1022770983,0.27,0.37926675094817064,000333.SZ
2022-07-24,47.65,49.05,47.57,48.81,36027403,2023496096,0.53,2.4559193954659886,000333.SZ
2022-07-25,48.86,50.03,48.74,49.64,26304234,1507831169,0.38,1.700471214914967,000333.SZ
2022-07-26,49.46,49.51,48.23,48.36,24440950,1372601235,0.36,-2.5785656728444795,000333.SZ
2022-07-27,48.42,48.55,48.0,48.21,14614702,815071057,0.21,-0.31017369727046606,000333.SZ
2022-07-28,48.38,48.6,47.37,47.54,23747370,1312270362,0.35,-1.389753163244145,000333.SZ
2022-07-31,47.78,47.82,46.76,47.22,18646747,1017042234,0.27,-0.6731173748422359,000333.SZ
2022-08-01,46.76,46.78,45.74,46.35,26048594,1393045271,0.38,-1.842439644218541,000333.SZ
2022-08-02,46.01,46.7,45.03,45.18,31878019,1682530016,0.47,-2.5242718446601975,000333.SZ
2022-08-03,45.31,45.63,45.05,45.4,13529107,709252637,0.2,0.48694112439131576,000333.SZ
2022-08-04,45.61,45.8,45.03,45.8,19819083,1039336002,0.29,0.8810572687224738,000333.SZ
2022-08-07,45.44,45.8,45.25,45.34,21808178,1144520138,0.32,-1.0043668122270644,000333.SZ
2022-08-08,45.35,45.88,45.18,45.54,16051580,846230165,0.23,0.4411116012351002,000333.SZ
2022-08-09,45.51,45.51,44.77,44.82,16302356,847521283,0.24,-1.5810276679841917,000333.SZ
2022-08-10,45.22,45.81,44.86,45.76,22953884,1206195924,0.34,2.097278000892455,000333.SZ
2022-08-11,45.58,46.23,45.34,45.97,16987856,899862141,0.25,0.4589160839160833,000333.SZ
2022-08-14,45.98,46.35,45.42,45.66,18323472,969855784,0.27,-0.6743528388079234,000333.SZ
2022-08-15,45.67,45.74,45.22,45.48,16335748,858701197,0.24,-0.3942181340341633,000333.SZ
2022-08-16,45.54,46.59,45.06,46.2,23843481,1266823797,0.35,1.5831134564644023,000333.SZ
2022-08-17,45.92,46.05,45.32,45.5,14088456,742672220,0.21,-1.515151515151525,000333.SZ
2022-08-18,45.55,45.67,45.18,45.49,13215250,695288655,0.19,-0.02197802197801968,000333.SZ
2022-08-21,45.36,46.31,45.22,45.86,23817591,1266026528,0.35,0.81336557485161,000333.SZ
2022-08-22,45.79,45.92,44.97,45.07,22034863,1151798157,0.32,-1.7226341037941517,000333.SZ
2022-08-23,45.05,45.12,44.37,44.44,21584197,1113905675,0.32,-1.397825604615044,000333.SZ
2022-08-24,44.44,45.32,44.07,45.16,20989258,1083006134,0.31,1.6201620162016095,000333.SZ
2022-08-25,45.38,45.54,44.87,45.16,16040627,837907694,0.23,0.0,000333.SZ
2022-08-28,44.62,45.72,44.54,45.21,16456070,857943932,0.24,0.11071744906998582,000333.SZ
2022-08-29,45.39,46.01,45.03,45.22,20270847,1065091301,0.3,0.022119000221176854,000333.SZ
2022-08-30,45.05,46.39,45.04,46.04,46283836,2459353194,0.68,1.8133569217160472,000333.SZ
2022-08-31,46.03,47.99,46.03,47.65,64210545,3521209362,0.94,3.496959165942659,000333.SZ
2022-09-01,47.65,47.65,45.98,46.39,36746048,1976289178,0.54,-2.6442812172088104,000333.SZ
2022-09-04,45.92,46.69,45.73,46.52,19027545,1017336572,0.28,0.2802328087950112,000333.SZ
2022-09-05,46.53,46.88,46.18,46.23,17796217,953823605,0.26,-0.6233877901977825,000333.SZ
2022-09-06,46.41,46.43,45.81,45.87,20995308,1116835915,0.31,-0.7787151200519093,000333.SZ
2022-09-07,45.87,46.48,45.87,46.15,15365677,822398889,0.22,0.6104207543056406,000333.SZ
2022-09-08,46.15,48.1,46.06,47.94,52388062,2884912065,0.76,3.8786565547128893,000333.SZ
2022-09-12,47.94,49.2,47.62,48.85,34602446,1947119369,0.51,1.8982060909470189,000333.SZ
2022-09-13,47.99,48.64,47.91,48.36,18747266,1046314871,0.27,-1.0030706243602916,000333.SZ
2022-09-14,48.33,49.46,48.16,48.72,28969848,1636891139,0.42,0.7444168734491274,000333.SZ
2022-09-15,48.42,48.51,47.47,47.66,25993997,1439024736,0.38,-2.1756978653530434,000333.SZ
2022-09-18,47.27,47.94,46.8,47.54,20360049,1115777266,0.3,-0.25178346621904657,000333.SZ
2022-09-19,47.43,47.65,46.09,46.28,35065981,1883992924,0.51,-2.650399663441305,000333.SZ
2022-09-20,47.07,47.09,45.26,45.7,26775169,1414578653,0.39,-1.253241140881589,000333.SZ
2022-09-21,45.61,45.61,44.35,44.53,40143184,2075058537,0.59,-2.5601750547045943,000333.SZ
2022-09-22,44.2,44.87,44.1,44.39,17517602,899511432,0.26,-0.31439479002919324,000333.SZ
2022-09-25,44.1,44.97,44.01,44.14,20553286,1055235703,0.3,-0.5631899076368518,000333.SZ
2022-09-26,44.23,44.86,43.5,44.69,24764967,1268264653,0.36,1.2460353420933323,000333.SZ
2022-09-27,44.53,44.77,44.19,44.25,13557668,697308166,0.2,-0.984560304318638,000333.SZ
2022-09-28,44.51,44.76,43.5,43.67,25319493,1286757816,0.37,-1.3107344632768303,000333.SZ
2022-09-29,43.35,43.73,42.64,42.64,35563830,1767860148,0.52,-2.358598580261051,000333.SZ
2022-10-09,42.64,43.23,41.9,42.11,26014496,1282724398,0.38,-1.2429643527204548,000333.SZ
2022-10-10,42.1,42.24,41.51,41.83,22003690,1061344409,0.32,-0.6649251959154667,000333.SZ
2022-10-11,41.55,41.77,40.64,41.74,24097124,1147459231,0.35,-0.2151565861821525,000333.SZ
2022-10-12,41.5,41.51,40.65,40.69,27745374,1314811925,0.4,-2.5155725922376693,000333.SZ
2022-10-13,40.86,41.72,40.73,41.5,31338771,1498957703,0.46,1.9906610960924054,000333.SZ
2022-10-16,41.26,41.38,40.9,41.22,23501711,1116822628,0.34,-0.6746987951807282,000333.SZ
2022-10-17,41.49,41.64,40.93,41.02,27008601,1286487097,0.39,-0.48520135856379154,000333.SZ
2022-10-18,40.95,40.95,39.06,39.1,55654921,2560635750,0.81,-4.680643588493416,000333.SZ
2022-10-19,38.74,39.15,37.93,38.38,36647844,1635034406,0.53,-1.8414322250639326,000333.SZ
2022-10-20,38.39,38.72,37.85,38.05,27243190,1202555595,0.4,-0.8598228243877126,000333.SZ
2022-10-23,37.79,38.32,36.58,36.66,45916936,1972598643,0.67,-3.6530880420499345,000333.SZ
2022-10-24,37.01,37.14,36.3,36.34,41440111,1755695125,0.6,-0.8728859792689447,000333.SZ
2022-10-25,36.49,37.36,36.46,36.72,36281405,1546847301,0.53,1.0456796917996503,000333.SZ
2022-10-26,36.92,37.18,36.58,36.82,22640281,965896179,0.33,0.2723311546841023,000333.SZ
2022-10-27,36.5,36.65,35.13,35.25,40175030,1664548587,0.59,-4.263986963606737,000333.SZ
2022-10-30,35.22,35.28,34.68,34.74,34553505,1396541436,0.5,-1.4468085106382977,000333.SZ
2022-10-31,35.09,35.97,34.67,35.97,48067142,1965965682,0.7,3.540587219343694,000333.SZ
2022-11-01,35.8,36.84,35.64,36.39,38019949,1594625960,0.55,1.1676396997498006,000333.SZ
2022-11-02,36.15,36.21,35.63,35.96,28853488,1197662698,0.42,-1.1816433086012657,000333.SZ
2022-11-03,36.0,37.49,35.96,37.26,45749125,1955851185,0.67,3.61512791991101,000333.SZ
2022-11-06,37.18,37.41,36.76,37.23,33159614,1424760638,0.48,-0.08051529790660261,000333.SZ
2022-11-07,37.29,37.43,36.82,37.18,30558188,1312592117,0.45,-0.13430029546064315,000333.SZ
2022-11-08,37.52,37.92,37.14,37.22,22990425,995215200,0.34,0.10758472296934496,000333.SZ
2022-11-09,36.97,37.17,36.78,37.16,22305399,954033824,0.33,-0.1612036539494932,000333.SZ
2022-11-10,38.51,39.95,37.8,39.46,82883508,3734773540,1.21,6.189451022604953,000333.SZ
2022-11-13,41.44,42.47,40.9,41.33,100020407,4791202404,1.46,4.738976178408505,000333.SZ
2022-11-14,41.94,42.87,41.25,42.43,51228792,2501777032,0.75,2.661504960077421,000333.SZ
2022-11-15,42.72,42.72,41.65,41.9,25992649,1264627973,0.38,-1.2491161913740334,000333.SZ
2022-11-16,41.84,42.46,41.23,41.47,19284595,927024366,0.28,-1.0262529832935519,000333.SZ
2022-11-17,41.82,41.97,41.23,41.48,16067621,772609930,0.23,0.02411381721725281,000333.SZ
2022-11-20,41.05,41.05,39.98,40.07,34523382,1604372658,0.5,-3.3992285438765646,000333.SZ
2022-11-21,40.12,40.68,39.69,40.04,23569157,1092152104,0.34,-0.0748689792862467,000333.SZ
2022-11-22,39.98,40.24,39.79,40.02,14255219,659509322,0.21,-0.04995004995004271,000333.SZ
2022-11-23,40.43,40.81,39.59,39.7,21379992,987544043,0.31,-0.7996001999000524,000333.SZ
2022-11-24,39.7,40.72,39.63,40.37,24697464,1150838919,0.36,1.6876574307304715,000333.SZ
2022-11-27,39.5,40.17,39.11,40.03,22655140,1036165230,0.33,-0.8422095615556069,000333.SZ
2022-11-28,41.51,42.18,40.57,41.87,38928672,1868785967,0.57,4.59655258556082,000333.SZ
2022-11-29,41.66,42.35,41.07,41.39,27287554,1310967680,0.4,-1.1464055409601048,000333.SZ
2022-11-30,42.21,42.66,41.74,41.77,27604487,1344223508,0.4,0.9180961584923875,000333.SZ
2022-12-01,41.54,42.03,41.3,41.54,17015014,818020498,0.25,-0.5506344266219876,000333.SZ
2022-12-04,41.93,43.24,41.85,42.98,36106842,1785930108,0.53,3.4665382763601205,000333.SZ
2022-12-05,42.97,43.81,42.39,43.24,32526956,1629245814,0.47,0.6049325267566408,000333.SZ
2022-12-06,43.24,44.69,42.8,44.32,43656379,2229128245,0.64,2.4976873265494914,000333.SZ
2022-12-07,44.4,45.38,43.96,44.75,39078018,2028801619,0.57,0.9702166064981865,000333.SZ
2022-12-08,44.93,46.98,44.8,46.95,69940581,3745342826,1.02,4.916201117318453,000333.SZ
2022-12-11,46.44,47.53,46.09,47.07,46663287,2533376175,0.68,0.2555910543130979,000333.SZ
2022-12-12,46.88,47.04,46.39,46.65,30619330,1650838607,0.45,-0.8922880815806278,000333.SZ
2022-12-13,46.22,47.61,46.22,47.46,26085029,1420701035,0.38,1.7363344051446905,000333.SZ
2022-12-14,47.47,48.25,46.05,46.38,27804272,1498675160,0.41,-2.2756005056890016,000333.SZ
2022-12-15,46.07,46.82,45.63,46.69,19744959,1058833013,0.29,0.6683915480810487,000333.SZ
2022-12-18,46.69,47.02,46.07,46.42,16076366,864239617,0.23,-0.5782822874277116,000333.SZ
2022-12-19,45.83,45.91,44.58,44.59,27245386,1417537681,0.4,-3.942266264541139,000333.SZ
2022-12-20,44.35,45.39,44.35,44.69,13074160,679672974,0.19,0.22426553038796815,000333.SZ
2022-12-21,44.91,46.07,44.77,45.14,22812320,1199123082,0.33,1.0069366748713504,000333.SZ
2022-12-22,44.95,45.96,44.47,45.29,16343914,860296627,0.24,0.33229951262738755,000333.SZ
2022-12-25,45.55,45.73,44.41,44.53,15387918,795665125,0.22,-1.6780746301611749,000333.SZ
2022-12-26,44.78,45.86,44.46,45.78,17339127,911438654,0.25,2.8070963395463666,000333.SZ
2022-12-27,45.34,45.61,44.88,45.01,16322911,852152449,0.24,-1.6819571865443472,000333.SZ
2022-12-28,44.64,45.13,44.12,44.73,11995050,619844870,0.18,-0.6220839813374845,000333.SZ
2022-12-29,44.79,45.4,44.71,44.79,12773275,665300213,0.19,0.13413816230718467,000333.SZ
2023-01-02,44.97,45.16,44.3,44.86,16362802,846525405,0.24,0.15628488501897575,000333.SZ
2023-01-03,44.7,46.55,44.66,46.48,26134113,1390708575,0.38,3.611234953187692,000333.SZ
2023-01-04,46.69,47.55,46.65,47.48,29421668,1608128838,0.43,2.151462994836484,000333.SZ
2023-01-05,47.53,47.7,46.62,46.7,19500149,1058139217,0.28,-1.6427969671440446,000333.SZ
2023-01-08,46.78,47.08,46.18,46.79,20427678,1101325466,0.3,0.1927194860813719,000333.SZ
2023-01-09,46.69,47.04,46.2,46.26,15434014,829875435,0.23,-1.1327206668091505,000333.SZ
2023-01-10,46.22,47.72,46.18,47.13,21461041,1171606255,0.31,1.8806744487678495,000333.SZ
2023-01-11,46.95,47.56,46.7,47.36,14581825,797908670,0.21,0.4880118820284274,000333.SZ
2023-01-12,47.45,48.42,47.13,48.38,26580330,1471250757,0.39,2.153716216216228,000333.SZ
2023-01-15,48.45,50.47,48.44,49.89,33018079,1899010907,0.48,3.1211244315832998,000333.SZ
2023-01-16,49.89,50.31,49.42,50.15,18811356,1087194817,0.27,0.5211465223491585,000333.SZ
2023-01-17,50.15,50.59,49.61,49.81,13035753,751785488,0.19,-0.6779661016949046,000333.SZ
2023-01-18,49.69,49.76,49.03,49.62,19467945,1110365667,0.28,-0.3814495081309044,000333.SZ
2023-01-19,49.69,50.02,49.25,49.36,10860828,621198692,0.16,-0.523982265215639,000333.SZ
2023-01-29,49.67,50.22,48.07,48.12,25619569,1445902234,0.37,-2.5121555915721294,000333.SZ
2023-01-30,47.91,48.55,47.56,47.73,23259835,1290578245,0.34,-0.8104738154613433,000333.SZ
2023-01-31,47.81,48.42,47.08,47.99,26724709,1474820029,0.39,0.5447307772889376,000333.SZ
2023-02-01,47.95,48.08,46.37,46.66,36767804,1990832647,0.54,-2.7714107105647146,000333.SZ
2023-02-02,46.44,46.65,45.71,46.1,20830020,1109569943,0.3,-1.2001714530647134,000333.SZ
2023-02-05,45.67,45.67,44.17,44.32,42185653,2172641979,0.62,-3.8611713665943626,000333.SZ
2023-02-06,44.41,44.71,44.19,44.53,20900869,1075310677,0.3,0.4738267148014508,000333.SZ
2023-02-07,44.44,44.53,43.98,44.11,19101762,976761616,0.28,-0.9431843700875797,000333.SZ
2023-02-08,43.93,44.73,43.66,44.56,22738253,1167989709,0.33,1.0201768306506542,000333.SZ
2023-02-09,44.4,44.75,44.35,44.64,13988866,720948239,0.2,0.17953321364452268,000333.SZ
2023-02-12,44.53,45.47,44.13,45.35,30639111,1588991529,0.45,1.5905017921147069,000333.SZ
2023-02-13,45.35,45.53,44.8,45.15,21437513,1116499050,0.31,-0.4410143329658278,000333.SZ
2023-02-14,45.14,45.15,44.26,44.4,17948800,924114015,0.26,-1.661129568106312,000333.SZ
2023-02-15,44.19,44.75,43.93,44.34,21698675,1115558778,0.32,-0.13513513513512265,000333.SZ
2023-02-16,44.14,44.53,44.12,44.43,15806609,811189152,0.23,0.2029769959404515,000333.SZ
2023-02-19,44.53,46.43,44.2,46.09,38313606,2019572889,0.56,3.736214269637639,000333.SZ
2023-02-20,46.09,46.52,45.6,46.3,25649338,1369820914,0.37,0.45563028856583365,000333.SZ
2023-02-21,45.83,45.99,45.32,45.64,22911545,1208465938,0.33,-1.4254859611231074,000333.SZ
2023-02-22,45.65,46.59,45.65,46.15,24010720,1283774547,0.35,1.1174408413672232,000333.SZ
2023-02-23,45.99,46.17,45.67,45.81,16927779,898514540,0.25,-0.7367280606717097,000333.SZ
2023-02-26,45.48,45.81,44.84,45.31,16947143,888727921,0.25,-1.0914647456887194,000333.SZ
2023-02-27,44.98,45.95,44.98,45.36,19404536,1019960547,0.28,0.11035091591260482,000333.SZ
2023-02-28,45.41,47.55,45.41,47.23,43297470,2350199969,0.63,4.122574955908287,000333.SZ
2023-03-01,47.21,48.15,46.82,47.43,25548979,1408679946,0.37,0.4234596654668632,000333.SZ
2023-03-02,47.78,48.29,47.27,47.73,19741500,1090871927,0.29,0.6325110689437086,000333.SZ
2023-03-05,47.42,47.56,46.53,46.55,25935684,1403695330,0.38,-2.47223968154201,000333.SZ
2023-03-06,46.56,47.01,45.57,45.71,19473791,1041648712,0.28,-1.8045112781954864,000333.SZ
2023-03-07,45.53,45.66,45.03,45.22,14494798,759112018,0.21,-1.071975497702915,000333.SZ
2023-03-08,45.22,46.05,45.2,45.57,13013102,688042450,0.19,0.7739938080495445,000333.SZ
2023-03-09,45.17,45.4,44.12,44.23,19213389,991798894,0.28,-2.9405310511301352,000333.SZ
2023-03-12,44.11,45.17,44.1,45.02,19483658,1009855801,0.28,1.7861180194438386,000333.SZ
2023-03-13,44.72,44.89,43.84,44.23,16501073,844706515,0.24,-1.75477565526434,000333.SZ
2023-03-14,44.53,44.65,43.58,43.63,20945617,1067097771,0.31,-1.3565453312231357,000333.SZ
2023-03-15,43.31,43.57,42.93,43.27,12181953,610120756,0.18,-0.8251203300481347,000333.SZ
2023-03-16,43.67,44.26,43.29,43.52,20123077,1018389815,0.29,0.5777675063554533,000333.SZ
2023-03-19,43.39,44.21,43.32,43.62,16301524,826038623,0.24,0.22977941176469674,000333.SZ
2023-03-20,43.71,45.09,43.71,45.05,23146646,1191368462,0.34,3.2783127005960644,000333.SZ
2023-03-21,45.14,45.2,44.36,44.71,13554248,700825341,0.2,-0.7547169811320642,000333.SZ
2023-03-22,44.52,44.97,44.44,44.81,12379007,641022829,0.18,0.2236636099306688,000333.SZ
2023-03-23,44.81,45.11,44.65,45.04,13277563,689957504,0.19,0.513278286096841,000333.SZ
2023-03-26,45.04,45.36,44.71,44.84,12768345,663222020,0.19,-0.444049733570151,000333.SZ
2023-03-27,44.71,45.03,44.15,44.18,12867893,660858734,0.19,-1.4719000892060796,000333.SZ
2023-03-28,44.43,44.59,44.19,44.45,12803042,656903325,0.19,0.6111362607514881,000333.SZ
2023-03-29,44.4,47.39,44.36,47.1,57157412,3061435505,0.83,5.961754780652417,000333.SZ
2023-03-30,46.79,47.23,46.14,46.53,27788750,1500198904,0.4,-1.2101910828025475,000333.SZ
2023-04-02,47.56,47.91,46.87,47.29,37391478,2056019795,0.54,1.633354824844191,000333.SZ
2023-04-03,47.13,47.32,46.48,47.24,17989125,975597257,0.26,-0.10573059843518307,000333.SZ
2023-04-05,47.06,47.56,46.48,46.71,15243479,827518348,0.22,-1.121930567315832,000333.SZ
2023-04-06,46.62,47.79,46.62,47.28,15864067,869954356,0.23,1.2202954399486154,000333.SZ
2023-04-09,47.04,47.61,46.7,47.35,15649255,853817627,0.23,0.14805414551608553,000333.SZ
2023-04-10,47.05,48.74,47.04,48.29,32436552,1815026843,0.47,1.9852164730728594,000333.SZ
2023-04-11,48.29,49.07,47.91,47.99,22302460,1251325789,0.32,-0.6212466349140522,000333.SZ
2023-04-12,47.6,47.81,46.82,46.82,18259494,994810155,0.27,-2.4380079183163206,000333.SZ
2023-04-13,46.85,47.26,46.55,46.64,14212447,771635252,0.21,-0.3844510892780817,000333.SZ
2023-04-16,46.62,48.06,46.6,47.92,26228048,1444699532,0.38,2.7444253859348233,000333.SZ
2023-04-17,47.73,49.64,47.71,49.1,38706349,2197663192,0.56,2.4624373956594336,000333.SZ
2023-04-18,49.1,49.51,48.47,48.49,19188658,1084909581,0.28,-1.2423625254582515,000333.SZ
2023-04-19,48.58,50.19,48.58,49.32,36794925,2114956904,0.53,1.7116931326046636,000333.SZ
2023-04-20,49.64,50.67,49.07,49.16,39892402,2311553652,0.58,-0.32441200324412334,000333.SZ
2023-04-23,48.6,50.8,48.43,49.32,33992120,1960933654,0.49,0.32546786004883366,000333.SZ
2023-04-24,49.29,50.19,48.12,49.85,42962096,2450369691,0.62,1.074614760746151,000333.SZ
2023-04-25,49.31,49.59,48.4,49.03,23934184,1357589707,0.35,-1.644934804413245,000333.SZ
2023-04-26,48.57,49.94,48.57,49.51,15777059,898336283,0.23,0.9789924535998251,000333.SZ
2023-04-27,49.51,49.59,48.61,49.1,15690551,891005835,0.23,-0.8281155322157119,000333.SZ
2023-05-03,49.48,50.54,48.29,48.93,26856562,1525949937,0.39,-0.3462321792260692,000333.SZ
2023-05-04,48.77,48.77,46.76,47.85,34212287,1879206731,0.5,-2.2072348252605734,000333.SZ
2023-05-07,47.85,48.42,47.1,47.57,20872170,1151128787,0.3,-0.5851619644723138,000333.SZ
2023-05-08,47.39,48.04,46.7,47.39,18139372,995439011,0.26,-0.3783897414336712,000333.SZ
2023-05-09,47.13,48.42,46.59,47.91,17462598,965082241,0.25,1.0972779067313754,000333.SZ
2023-05-10,48.04,49.05,47.85,47.95,12622453,706491978,0.18,0.08348987685244946,000333.SZ
2023-05-11,47.85,49.71,47.83,48.27,16559010,935578508,0.24,0.6673618352450505,000333.SZ
2023-05-14,48.3,49.06,47.57,48.93,14066647,786956985,0.2,1.3673088875077566,000333.SZ
2023-05-15,48.93,49.5,47.65,47.86,13612588,760273937,0.2,-2.1867974657674205,000333.SZ
2023-05-16,47.75,48.77,47.4,47.58,9076272,501402350,0.13,-0.5850396991224471,000333.SZ
2023-05-17,47.69,47.92,47.17,47.56,11069523,609452710,0.16,-0.04203446826396284,000333.SZ
2023-05-18,47.27,49.17,47.27,48.25,20384343,1140023139,0.3,1.4507989907485142,000333.SZ
2023-05-21,48.25,49.25,48.25,49.04,15199783,860397294,0.22,1.6373056994818613,000333.SZ
2023-05-22,49.02,49.25,48.32,48.38,15585136,878179042,0.23,-1.3458401305057044,000333.SZ
2023-05-23,48.27,48.33,46.26,46.35,26674242,1447402650,0.39,-4.195948739148414,000333.SZ
2023-05-24,46.18,47.12,45.55,46.7,17143391,923732853,0.25,0.7551240560949246,000333.SZ
2023-05-25,46.7,47.08,46.25,46.92,11166052,602101038,0.16,0.471092077087798,000333.SZ
2023-05-28,46.93,47.29,45.9,46.22,17433449,936727538,0.25,-1.4919011082694,000333.SZ
2023-05-29,46.22,46.4,44.78,45.25,32084604,1678415610,0.47,-2.098658589355251,000333.SZ
2023-05-30,45.48,45.57,44.19,44.39,28064959,1445385156,0.41,-1.9005524861878453,000333.SZ
2023-05-31,44.51,45.22,44.07,44.4,34893493,1711949689,0.51,0.022527596305477182,000333.SZ
2023-06-01,45.4,47.31,45.39,47.04,49939227,2566107482,0.73,5.945945945945952,000333.SZ
2023-06-04,47.68,49.17,46.85,48.98,39939970,2119331989,0.58,4.12414965986394,000333.SZ
2023-06-05,48.98,50.23,48.17,49.23,34261827,1866611024,0.5,0.5104124132298882,000333.SZ
2023-06-06,50.4,50.64,49.48,50.17,36908674,2035955381,0.54,1.9094048344505454,000333.SZ
2023-06-07,50.58,51.86,50.13,51.66,47553147,2680031436,0.69,2.9699023320709506,000333.SZ
2023-06-08,52.21,52.45,50.64,50.95,41065187,2319633365,0.6,-1.374370886566001,000333.SZ
2023-06-11,50.96,52.5,50.58,52.08,39621001,2256003427,0.58,2.2178606476938034,000333.SZ
2023-06-12,52.0,52.46,51.09,51.41,24850143,1409611782,0.36,-1.286482334869432,000333.SZ
2023-06-13,51.97,52.65,51.41,51.83,36000680,2057761143,0.52,0.816961680606898,000333.SZ
2023-06-14,52.0,53.19,51.77,52.67,31276544,1814552067,0.45,1.620683002122325,000333.SZ
2023-06-15,53.03,53.57,52.12,52.99,30006082,1745695208,0.44,0.6075564837668468,000333.SZ
2023-06-18,52.67,52.79,51.49,51.59,28911037,1651975820,0.42,-2.6420079260237705,000333.SZ
2023-06-19,51.69,53.5,51.58,52.29,24381022,1413907766,0.35,1.3568521031207537,000333.SZ
2023-06-20,52.67,54.12,52.12,52.92,45130347,2649838248,0.66,1.2048192771084487,000333.SZ
2023-06-25,54.33,54.44,52.49,52.79,33558138,1957482192,0.49,-0.24565381708239187,000333.SZ
2023-06-26,52.87,54.62,52.56,54.2,48123655,2851634265,0.7,2.6709604091684103,000333.SZ
2023-06-27,53.98,54.96,53.77,54.21,32790073,1964640593,0.48,0.018450184501839217,000333.SZ
2023-06-28,54.23,54.29,52.87,53.7,27678349,1635162204,0.4,-0.9407858328721597,000333.SZ
2023-06-29,53.78,54.32,53.18,53.5,26487591,1563113127,0.38,-0.3724394785847407,000333.SZ
2023-07-02,53.47,54.83,52.97,53.63,31876184,1892919808,0.46,0.2429906542056104,000333.SZ
2023-07-03,53.83,54.12,52.78,53.48,21944569,1290009362,0.32,-0.2796942010069081,000333.SZ
2023-07-04,53.66,53.88,53.05,53.68,18701574,1103273064,0.27,0.37397157816005944,000333.SZ
2023-07-05,53.69,54.26,52.94,53.0,16957694,995554523,0.25,-1.266766020864385,000333.SZ
2023-07-06,52.7,53.2,51.94,52.44,29379608,1698410265,0.43,-1.0566037735849076,000333.SZ
2023-07-09,52.5,52.6,50.89,51.42,32085974,1818167156,0.47,-1.945080091533169,000333.SZ
2023-07-10,51.58,51.83,51.21,51.45,15802795,896629010,0.23,0.05834305717620225,000333.SZ
2023-07-11,51.67,52.74,51.21,51.84,18781502,1079865899,0.27,0.7580174927113603,000333.SZ
2023-07-12,51.94,52.96,51.94,52.49,16930674,978559177,0.25,1.2538580246913567,000333.SZ
2023-07-13,52.44,52.91,51.78,52.18,10500005,603243716,0.15,-0.5905886835587792,000333.SZ
2023-07-16,51.94,51.94,51.12,51.88,9042488,512387287,0.13,-0.5749329244921331,000333.SZ
2023-07-17,52.12,52.12,50.55,51.52,23988228,1351665336,0.35,-0.6939090208172738,000333.SZ
2023-07-18,51.66,52.99,51.46,52.79,27804425,1601948634,0.4,2.4650621118012417,000333.SZ
2023-07-19,52.58,53.26,52.16,52.24,14051590,815686031,0.2,-1.0418639893919224,000333.SZ
2023-07-20,52.26,52.74,51.75,51.88,12070921,693513021,0.18,-0.6891271056661541,000333.SZ
2023-07-23,51.88,52.09,50.97,51.55,11588757,657937835,0.17,-0.6360832690825102,000333.SZ
2023-07-24,52.54,53.83,52.49,53.56,37648119,2216891659,0.55,3.899127061105734,000333.SZ
2023-07-25,53.4,54.07,53.1,53.19,18752582,1105031414,0.27,-0.6908140403286134,000333.SZ
2023-07-26,53.17,53.68,52.99,53.1,15197044,893501893,0.22,-0.16920473773265332,000333.SZ
2023-07-27,53.3,54.32,52.77,54.25,24004126,1424164599,0.35,2.1657250470809686,000333.SZ
2023-07-30,55.35,55.66,53.71,53.87,32518268,1952524583,0.47,-0.7004608294930881,000333.SZ
2023-07-31,53.87,54.2,52.79,52.89,20418627,1197877269,0.3,-1.8191943567848479,000333.SZ
2023-08-01,52.76,53.41,52.46,52.94,23543608,1370719586,0.34,0.09453582907921199,000333.SZ
2023-08-02,52.65,52.85,51.75,52.65,23362911,1344124458,0.34,-0.5477899508878004,000333.SZ
2023-08-03,52.94,53.57,52.5,52.6,19663692,1147020985,0.29,-0.09496676163341933,000333.SZ
2023-08-06,52.48,52.84,52.07,52.56,15370696,887391729,0.22,-0.07604562737641984,000333.SZ
2023-08-07,52.21,52.26,51.72,51.76,13635468,779253638,0.2,-1.5220700152207112,000333.SZ
2023-08-08,51.93,52.4,51.8,52.27,15143409,868904097,0.22,0.9853168469861062,000333.SZ
2023-08-09,51.95,52.03,50.4,51.17,38530464,2159087492,0.56,-2.1044576238760326,000333.SZ
2023-08-10,51.11,51.26,50.07,50.11,25533312,1419423215,0.37,-2.071526284932579,000333.SZ
2023-08-13,49.49,50.46,49.29,50.34,19516687,1073370152,0.28,0.45899022151267843,000333.SZ
2023-08-14,50.23,50.45,49.58,50.09,16370434,901353362,0.24,-0.4966229638458497,000333.SZ
2023-08-15,49.76,50.27,49.36,50.15,15358726,843256905,0.22,0.11978438810140712,000333.SZ
2023-08-16,49.85,50.8,49.52,50.71,15216504,842880581,0.22,1.1166500498504428,000333.SZ
2023-08-17,50.65,50.72,49.61,49.75,13463834,741138399,0.2,-1.8931177282587308,000333.SZ
2023-08-20,49.59,50.27,49.35,49.38,13117158,718680501,0.19,-0.7437185929648149,000333.SZ
2023-08-21,49.31,49.65,48.5,49.37,23054276,1249497364,0.33,-0.020251113811264876,000333.SZ
2023-08-22,49.14,49.63,48.67,48.78,15798313,854634875,0.23,-1.19505772736479,000333.SZ
2023-08-23,49.03,50.35,48.58,49.99,25583579,1398433375,0.37,2.480524805248052,000333.SZ
2023-08-24,49.9,50.84,49.51,50.18,16472788,907722078,0.24,0.3800760152030458,000333.SZ
2023-08-27,52.03,52.65,50.65,51.0,28800377,1624044691,0.42,1.6341171781586228,000333.SZ
2023-08-28,50.74,51.3,50.44,50.9,21787121,1221870560,0.32,-0.19607843137254832,000333.SZ
2023-08-29,50.89,51.92,50.59,51.6,23366421,1323189377,0.34,1.3752455795677854,000333.SZ
2023-08-30,52.03,52.49,51.29,51.31,28083765,1596998960,0.41,-0.5620155038759678,000333.SZ
2023-08-31,51.76,53.12,51.75,52.6,26650564,1541478628,0.39,2.5141297992594014,000333.SZ
2023-09-03,53.12,53.39,52.32,52.87,20090011,1169057320,0.29,0.5133079847908562,000333.SZ
2023-09-04,52.9,53.11,52.31,52.47,15309015,887170820,0.22,-0.7565727255532395,000333.SZ
2023-09-05,52.22,52.67,51.65,51.92,20888335,1194824718,0.3,-1.0482180293501009,000333.SZ
2023-09-06,51.84,51.87,51.31,51.37,13639911,774015905,0.2,-1.0593220338983134,000333.SZ
2023-09-07,51.52,51.61,50.68,50.92,8400181,471931158,0.12,-0.8759976640062228,000333.SZ
2023-09-10,51.13,51.65,50.86,51.24,14072130,793322668,0.2,0.628436763550666,000333.SZ
2023-09-11,51.23,52.41,51.12,51.95,16403440,937947089,0.24,1.3856362217018026,000333.SZ
2023-09-12,51.85,52.25,51.49,51.76,10743402,613122121,0.16,-0.36573628488932863,000333.SZ
2023-09-13,51.77,52.0,51.09,51.35,10289465,581688866,0.15,-0.792117465224107,000333.SZ
2023-09-14,51.43,51.48,50.22,50.66,16451182,917665599,0.24,-1.3437195715676808,000333.SZ
2023-09-17,50.67,51.39,50.13,50.94,14427793,808841172,0.21,0.5527043031977819,000333.SZ
2023-09-18,50.84,50.99,50.35,50.9,12366126,689874974,0.18,-0.07852375343541107,000333.SZ
2023-09-19,50.88,51.98,50.61,51.66,21380110,1210967114,0.31,1.4931237721021562,000333.SZ
2023-09-20,51.65,51.65,50.87,51.14,16769142,946858135,0.24,-1.0065814943863605,000333.SZ
2023-09-21,51.39,51.86,51.01,51.81,22170248,1259327923,0.32,1.31012905748924,000333.SZ
2023-09-24,51.66,51.66,51.06,51.42,16643159,941423313,0.24,-0.7527504342790925,000333.SZ
2023-09-25,51.54,51.94,50.85,50.85,18934941,1067479335,0.28,-1.1085180863477206,000333.SZ
2023-09-26,50.85,51.45,50.33,51.02,18810949,1054884218,0.27,0.33431661750247255,000333.SZ
2023-09-27,51.21,51.31,50.32,50.38,17097578,953613284,0.25,-1.2544100352802845,000333.SZ
2023-10-08,50.36,50.95,49.85,50.63,28659545,1591907096,0.42,0.4962286621675194,000333.SZ
2023-10-09,50.39,50.64,49.42,49.73,21499637,1179223500,0.31,-1.777602212127205,000333.SZ
2023-10-10,49.72,50.75,49.49,49.73,20418379,1123573121,0.3,0.0,000333.SZ
2023-10-11,49.94,50.38,49.59,50.2,17604242,970427692,0.26,0.9451035592197954,000333.SZ
2023-10-12,50.12,50.34,49.52,49.93,12996004,712981554,0.19,-0.5378486055776954,000333.SZ
2023-10-15,49.76,50.32,49.76,50.02,15020214,826944835,0.22,0.18025235329461875,000333.SZ
2023-10-16,50.02,50.84,49.99,50.74,16830158,936368372,0.24,1.439424230307873,000333.SZ
2023-10-17,50.56,50.75,50.13,50.37,10637084,590623193,0.15,-0.7292077256602414,000333.SZ
2023-10-18,50.21,50.21,49.2,49.24,20196084,1103206370,0.29,-2.243398848520939,000333.SZ
2023-10-19,48.98,49.09,48.02,48.29,21089804,1123754128,0.31,-1.9293257514216178,000333.SZ
2023-10-22,48.13,48.7,47.86,48.35,16864366,897561653,0.24,0.124249326982806,000333.SZ
2023-10-23,48.14,48.57,47.4,48.29,25019782,1323069266,0.36,-0.12409513960703888,000333.SZ
2023-10-24,48.84,49.04,47.35,47.6,25856546,1364767551,0.38,-1.4288672603023356,000333.SZ
2023-10-25,47.42,47.87,47.25,47.68,15165512,794020501,0.22,0.1680672268907557,000333.SZ
2023-10-26,47.55,49.04,47.41,48.8,25318794,1352282943,0.37,2.348993288590595,000333.SZ
2023-10-29,48.43,49.62,48.43,49.49,16488474,892765170,0.24,1.413934426229524,000333.SZ
2023-10-30,49.31,49.31,47.85,48.05,23807212,1263696550,0.35,-2.9096787229743515,000333.SZ
2023-10-31,47.95,48.55,47.85,48.14,18933823,1004719416,0.27,0.1873048907388153,000333.SZ
2023-11-01,48.13,49.41,47.95,48.29,20085478,1072266180,0.29,0.3115911923556203,000333.SZ
2023-11-02,48.24,48.45,47.87,47.95,17740644,939971081,0.26,-0.7040795195692562,000333.SZ
2023-11-05,48.13,48.4,47.85,48.25,24918224,1322403103,0.36,0.6256517205422307,000333.SZ
2023-11-06,48.22,48.38,47.75,48.22,18898188,999762782,0.27,-0.06217616580310725,000333.SZ
2023-11-07,47.81,48.12,47.68,47.99,21385728,1128009345,0.31,-0.4769805060140908,000333.SZ
2023-11-08,48.02,48.43,47.54,47.63,14146893,743811714,0.21,-0.750156282558867,000333.SZ
2023-11-09,47.49,48.0,47.45,47.85,13027077,685147777,0.19,0.4618937644341736,000333.SZ
2023-11-12,47.8,47.8,46.02,46.37,38291558,1957444236,0.56,-3.092998955067927,000333.SZ
2023-11-13,46.33,46.69,46.13,46.39,24802793,1266466646,0.36,0.04313133491482546,000333.SZ
2023-11-14,46.71,47.0,46.27,46.8,19636284,1010107978,0.28,0.8838111661995995,000333.SZ
2023-11-15,46.67,47.39,46.59,46.99,21605533,1121013155,0.31,0.40598290598292675,000333.SZ
2023-11-16,46.86,47.19,46.5,47.09,13513422,697252680,0.2,0.2128112364332857,000333.SZ
2023-11-19,46.8,48.04,46.8,47.61,18219075,955124720,0.26,1.104268422170307,000333.SZ
2023-11-20,47.78,48.3,47.63,47.63,15845902,836507594,0.23,0.04200798151650087,000333.SZ
2023-11-21,47.63,47.76,47.13,47.36,9786906,511071755,0.14,-0.566869619987409,000333.SZ
2023-11-22,47.36,48.06,47.08,47.91,10103351,529662623,0.15,1.1613175675675658,000333.SZ
2023-11-23,47.95,47.99,47.28,47.66,15724530,822539515,0.23,-0.5218117303276926,000333.SZ
2023-11-26,47.61,47.61,46.99,47.19,15922506,827425456,0.23,-0.9861519093579463,000333.SZ
2023-11-27,47.4,47.95,46.79,47.7,21787637,1138681641,0.32,1.080737444373825,000333.SZ
2023-11-28,47.7,47.75,46.97,47.23,12426538,646048742,0.18,-0.9853249475891057,000333.SZ
2023-11-29,47.05,47.22,46.68,46.92,12861862,664815261,0.19,-0.6563624814736269,000333.SZ
2023-11-30,47.49,47.55,45.7,45.9,31604983,1604750727,0.46,-2.1739130434782705,000333.SZ
2023-12-03,45.84,46.12,45.26,45.48,22058672,1107559874,0.32,-0.9150326797385699,000333.SZ
2023-12-04,45.48,45.58,44.69,44.69,22510318,1120255577,0.33,-1.7370272647317497,000333.SZ
2023-12-05,44.55,45.09,44.27,44.66,19114114,942351431,0.28,-0.06712911165809299,000333.SZ
2023-12-06,44.82,45.85,44.69,45.6,25021860,1251685067,0.36,2.1047917599641863,000333.SZ
2023-12-07,45.57,46.38,45.48,45.71,21811340,1102240031,0.32,0.24122807017543657,000333.SZ
2023-12-10,45.27,46.67,44.69,46.33,25201467,1272635678,0.37,1.3563771603587682,000333.SZ
2023-12-11,46.77,46.81,46.06,46.31,17204815,879672020,0.25,-0.04316857327864021,000333.SZ
2023-12-12,46.22,46.3,45.87,46.03,12858695,652164458,0.19,-0.6046210321744794,000333.SZ
2023-12-13,46.23,46.74,45.93,46.21,16563410,847402713,0.24,0.39104931566369405,000333.SZ
2023-12-14,45.87,46.4,45.68,45.7,20470155,1034871742,0.3,-1.1036572170525782,000333.SZ
2023-12-17,45.43,46.47,45.18,46.39,22307469,1133044740,0.32,1.5098468271334653,000333.SZ
2023-12-18,46.38,46.38,45.82,46.08,16954533,859776400,0.25,-0.668247467126537,000333.SZ
2023-12-19,46.08,46.67,45.88,46.34,25417029,1298397556,0.37,0.564236111111116,000333.SZ
2023-12-20,46.51,47.47,46.19,47.24,27421212,1422425462,0.4,1.9421665947345623,000333.SZ
2023-12-21,47.14,48.12,46.95,47.92,22728114,1194539708,0.33,1.4394580863674955,000333.SZ
2023-12-24,47.78,48.35,47.61,47.83,11314960,598032182,0.16,-0.18781302170284286,000333.SZ
2023-12-25,47.78,48.34,47.7,47.95,16152328,855413703,0.23,0.2508885636629765,000333.SZ
2023-12-26,47.93,48.76,47.87,48.67,20306883,1081963247,0.29,1.5015641293013582,000333.SZ
2023-12-27,48.53,49.18,48.35,49.08,24728048,1331261038,0.36,0.8424080542428491,000333.SZ
2023-12-28,49.1,49.93,48.78,49.61,25937253,1410074987,0.38,1.0798696006520059,000333.SZ
2024-01-01,49.61,49.99,49.22,49.54,23905697,1305162004,0.35,-0.14110058455956143,000333.SZ
2024-01-02,49.57,49.76,49.13,49.44,20689673,1126649739,0.3,-0.2018570851836876,000333.SZ
2024-01-03,49.63,50.23,49.44,50.17,26702502,1467886385,0.39,1.4765372168284774,000333.SZ
2024-01-04,50.13,50.92,49.81,50.49,30042877,1669357551,0.44,0.6378313733306662,000333.SZ
2024-01-07,50.49,50.49,49.6,49.94,27809739,1531117699,0.4,-1.089324618736387,000333.SZ
2024-01-08,49.68,50.24,49.14,50.1,21607041,1184711712,0.31,0.32038446135362886,000333.SZ
2024-01-09,50.1,50.64,49.8,50.14,17820813,984854746,0.26,0.07984031936127955,000333.SZ
2024-01-10,50.14,50.39,49.7,49.94,21236920,1168392665,0.31,-0.398883127243721,000333.SZ
2024-01-11,49.85,50.59,49.56,49.94,24361080,1343879865,0.35,0.0,000333.SZ
2024-01-14,49.8,50.83,49.63,50.74,19124097,1063527119,0.28,1.601922306768122,000333.SZ
2024-01-15,50.5,51.71,50.03,51.69,33730399,1903147107,0.49,1.872290106424912,000333.SZ
2024-01-16,51.42,52.02,51.19,51.19,26914126,1530395102,0.39,-0.9673050880247613,000333.SZ
2024-01-17,51.57,51.75,50.02,51.21,39023100,2175726536,0.57,0.039070130884955034,000333.SZ
2024-01-18,50.85,51.4,50.72,50.98,29937004,1681993909,0.43,-0.44913102909588387,000333.SZ
2024-01-21,50.74,51.45,50.02,50.25,35980322,2017295149,0.52,-1.4319340918007017,000333.SZ
2024-01-22,50.42,51.48,49.76,51.2,28848518,1612570166,0.42,1.8905472636816079,000333.SZ
2024-01-23,50.99,52.16,50.87,51.93,26463721,1503303923,0.38,1.4257812499999911,000333.SZ
2024-01-24,52.03,52.2,51.07,51.17,24963629,1412367268,0.36,-1.4635085692278005,000333.SZ
2024-01-25,51.17,52.44,51.17,52.22,32745737,1874299633,0.47,2.0519835841313228,000333.SZ
2024-01-28,52.58,54.01,52.39,53.29,37498736,2204469370,0.54,2.0490233626962784,000333.SZ
2024-01-29,53.3,53.76,52.67,52.87,27373299,1604993046,0.4,-0.7881403640457862,000333.SZ
2024-01-30,52.59,53.52,52.14,52.89,25544153,1486711039,0.37,0.0378286362776592,000333.SZ
2024-01-31,52.88,53.99,52.67,53.4,30340175,1785789271,0.44,0.96426545660806,000333.SZ
2024-02-01,53.12,53.47,52.04,52.89,28950504,1687829337,0.42,-0.9550561797752821,000333.SZ
2024-02-04,52.67,54.12,52.5,53.98,46160268,2724269122,0.67,2.0608810739270123,000333.SZ
2024-02-05,53.81,55.2,53.59,54.44,37946385,2279549238,0.55,0.8521674694331294,000333.SZ
2024-02-06,53.84,55.55,53.6,55.49,46195919,2791586567,0.68,1.928728875826602,000333.SZ
2024-02-07,55.66,56.63,54.47,54.75,34723180,2112587867,0.51,-1.3335736168679113,000333.SZ
2024-02-18,56.03,56.03,54.31,55.03,35695854,2157379733,0.52,0.5114155251141561,000333.SZ
2024-02-19,54.76,56.11,54.18,56.03,29630917,1807531882,0.43,1.8171906232963941,000333.SZ
2024-02-20,55.39,56.8,55.1,56.04,27797182,1719403866,0.41,0.01784758165268574,000333.SZ
2024-02-21,55.58,56.11,55.42,55.71,19259055,1180530930,0.28,-0.5888650963597364,000333.SZ
2024-02-22,56.01,56.39,53.87,54.14,43093597,2580957129,0.63,-2.8181654999102523,000333.SZ
2024-02-25,54.35,55.85,54.35,54.76,34097731,2070387072,0.5,1.1451791651274412,000333.SZ
2024-02-26,55.02,56.29,54.57,56.23,28014795,1720508595,0.41,2.684441197954701,000333.SZ
2024-02-27,56.3,56.58,55.35,56.14,25367364,1568616989,0.37,-0.16005690912324066,000333.SZ
2024-02-28,56.3,57.64,56.07,56.87,48920998,3071855396,0.72,1.3003206270039147,000333.SZ
2024-02-29,57.66,58.58,57.1,58.54,32844906,2102800960,0.48,2.9365218920344605,000333.SZ
2024-03-03,59.02,59.93,57.66,58.66,37384392,2415284580,0.55,0.20498804236419588,000333.SZ
2024-03-04,58.71,59.39,57.62,59.06,35525326,2288367736,0.52,0.6818956699625067,000333.SZ
2024-03-05,58.93,59.51,58.39,58.58,21923001,1422222516,0.32,-0.8127328140873802,000333.SZ
2024-03-06,58.52,60.52,58.3,59.75,30634033,2020641414,0.45,1.997268692386478,000333.SZ
2024-03-07,59.81,60.38,58.92,60.02,26125410,1714883401,0.38,0.4518828451882895,000333.SZ
2024-03-10,60.01,60.02,58.62,59.41,28027002,1826293592,0.41,-1.016327890703106,000333.SZ
2024-03-11,59.34,59.34,57.25,58.23,50739915,3241294651,0.74,-1.9861976098299983,000333.SZ
2024-03-12,57.81,58.42,57.21,58.18,32723164,2084900582,0.48,-0.08586639189420708,000333.SZ
2024-03-13,57.99,58.8,57.75,58.57,31531677,2026233407,0.46,0.6703334479202461,000333.SZ
2024-03-14,58.47,58.57,57.48,58.13,25463904,1624685427,0.37,-0.7512378350691407,000333.SZ
2024-03-17,58.01,58.02,56.62,56.63,42501113,2667915014,0.62,-2.5804231894030583,000333.SZ
2024-03-18,56.48,57.32,56.45,56.84,29794618,1867932284,0.44,0.3708281829418958,000333.SZ
2024-03-19,56.48,56.75,55.76,56.19,37790890,2337851554,0.55,-1.143560872624927,000333.SZ
2024-03-20,56.22,56.34,54.6,54.98,39189153,2377326996,0.57,-2.1534080797294908,000333.SZ
2024-03-21,54.99,56.89,54.94,56.86,43156777,2671677605,0.63,3.419425245543839,000333.SZ
2024-03-24,56.47,57.81,56.1,57.12,26903326,1694247611,0.39,0.45726345409777824,000333.SZ
2024-03-25,56.58,57.44,56.58,56.95,25353749,1591428438,0.37,-0.29761904761903546,000333.SZ
2024-03-26,56.78,58.92,56.76,57.82,34842794,2227887825,0.51,1.5276558384547778,000333.SZ
2024-03-27,58.32,59.38,57.37,58.64,45185411,2915943394,0.66,1.4181943964026278,000333.SZ
2024-03-28,58.64,59.69,57.81,58.32,25468858,1638381690,0.37,-0.545702592087316,000333.SZ
2024-03-31,58.57,60.19,58.21,60.13,32771225,2146737286,0.48,3.103566529492463,000333.SZ
2024-04-01,59.93,60.41,59.71,60.16,22653632,1497277780,0.33,0.049891900881404716,000333.SZ
2024-04-02,60.11,60.75,59.91,60.6,20626495,1370613983,0.3,0.7313829787234161,000333.SZ
2024-04-07,60.59,60.7,58.72,59.31,32434492,2125546169,0.47,-2.1287128712871306,000333.SZ
2024-04-08,59.02,59.57,58.86,59.06,19478279,1270147986,0.28,-0.4215140785702287,000333.SZ
2024-04-09,58.91,60.11,58.62,59.18,18081970,1184377719,0.26,0.2031832035218395,000333.SZ
2024-04-10,58.98,59.89,58.67,59.09,19004769,1239842458,0.28,-0.15207840486650692,000333.SZ
2024-04-11,59.02,59.57,58.64,58.92,21734388,1414407755,0.32,-0.28769673379590577,000333.SZ
2024-04-14,58.92,60.84,58.76,60.7,31783741,2102897321,0.46,3.0210454854039392,000333.SZ
2024-04-15,60.64,62.45,60.45,62.03,39191380,2659237097,0.57,2.191103789126858,000333.SZ
2024-04-16,61.75,62.47,60.82,62.28,24549649,1664966380,0.36,0.40303079155248334,000333.SZ
2024-04-17,62.28,64.77,62.09,63.56,39542136,2777734457,0.58,2.055234425176633,000333.SZ
2024-04-18,63.05,64.09,63.05,63.56,28812335,2017233100,0.42,0.0,000333.SZ
2024-04-21,63.75,64.65,63.11,63.55,28943754,2032072605,0.42,-0.01573316551291004,000333.SZ
2024-04-22,63.41,63.56,61.38,62.1,38217940,2605557575,0.56,-2.281667977970092,000333.SZ
2024-04-23,62.06,62.33,60.61,61.66,30783047,2079963046,0.45,-0.7085346215781052,000333.SZ
2024-04-24,60.96,62.26,60.96,61.97,22033298,1500859468,0.32,0.5027570548167493,000333.SZ
2024-04-25,61.98,62.34,61.22,62.08,24225747,1650078938,0.35,0.17750524447313065,000333.SZ
2024-04-28,62.02,62.55,61.05,61.93,33226398,2264197665,0.49,-0.24162371134019978,000333.SZ
2024-04-29,60.7,64.61,60.66,63.36,57131843,3988190598,0.84,2.3090586145648295,000333.SZ
2024-05-05,64.02,64.89,63.25,64.48,46179914,3263609833,0.67,1.7676767676767735,000333.SZ
2024-05-06,64.3,65.68,64.13,64.56,30431457,2176139138,0.44,0.12406947890819531,000333.SZ
2024-05-07,64.02,64.78,63.92,64.25,17661960,1252248295,0.26,-0.4801734820322201,000333.SZ
2024-05-08,64.47,65.69,64.13,65.24,28571831,2046734810,0.42,1.5408560311283903,000333.SZ
2024-05-09,65.56,65.68,64.78,65.27,22487905,1616063316,0.33,0.04598405885960499,000333.SZ
2024-05-12,65.27,66.28,64.2,66.03,27167410,1965130433,0.4,1.164394055461937,000333.SZ
2024-05-13,66.0,66.19,63.75,64.33,39923610,2827063811,0.58,-2.5745873087990367,000333.SZ
2024-05-14,64.93,66.45,64.56,66.13,30189455,2090761786,0.44,2.7980724389864653,000333.SZ
2024-05-15,66.13,66.17,65.22,65.73,24600403,1703048548,0.36,-0.6048691970361286,000333.SZ
2024-05-16,65.2,65.88,63.06,64.49,41848256,2828611123,0.61,-1.88650540088241,000333.SZ
2024-05-19,63.52,64.35,62.76,63.1,42643037,2846862349,0.62,-2.1553729260350374,000333.SZ
2024-05-20,62.82,63.8,62.75,63.09,24358794,1626841822,0.36,-0.015847860538820147,000333.SZ
2024-05-21,62.89,63.08,61.91,62.0,26105215,1715205332,0.38,-1.727690600729126,000333.SZ
2024-05-22,62.0,62.74,61.62,62.32,24096149,1582459055,0.35,0.5161290322580614,000333.SZ
2024-05-23,62.0,63.49,61.71,63.15,25926968,1724580967,0.38,1.3318356867779269,000333.SZ
2024-05-26,63.04,64.73,62.13,64.07,30546219,2062139516,0.45,1.456848772763264,000333.SZ
2024-05-27,64.08,64.25,63.04,63.54,19173667,1284865352,0.28,-0.8272202278757468,000333.SZ
2024-05-28,63.13,63.7,62.09,62.42,24132098,1590410761,0.35,-1.7626691847654974,000333.SZ
2024-05-29,62.29,62.74,61.75,61.79,19358623,1269509292,0.28,-1.0092918936238426,000333.SZ
2024-05-30,61.8,62.16,61.19,61.39,26129419,1696172930,0.38,-0.6473539407671147,000333.SZ
2024-06-02,61.5,62.85,60.92,61.64,35755629,2337233616,0.52,0.4072324482814693,000333.SZ
2024-06-03,61.61,61.61,60.1,61.31,30621198,1969401516,0.45,-0.5353666450356842,000333.SZ
2024-06-04,61.19,61.81,60.48,60.59,28331925,1825603150,0.41,-1.1743598107975872,000333.SZ
2024-06-05,60.48,62.59,60.48,62.34,43603719,2848032777,0.64,2.888265390328426,000333.SZ
2024-06-06,61.81,62.04,60.39,61.77,40064590,2591739293,0.59,-0.9143407122232938,000333.SZ
2024-06-10,61.14,63.04,60.84,61.62,33689664,2188026772,0.49,-0.24283632831472168,000333.SZ
2024-06-11,61.46,62.32,61.17,61.77,25707199,1675974671,0.38,0.24342745861734016,000333.SZ
2024-06-12,61.91,62.04,60.35,60.59,27485047,1763239544,0.4,-1.9103124494091017,000333.SZ
2024-06-13,60.2,62.34,60.19,62.19,37924447,2468107111,0.55,2.6406997854431236,000333.SZ
2024-06-16,62.34,62.34,60.84,61.17,25335808,1639603939,0.37,-1.6401350699469353,000333.SZ
2024-06-17,60.95,61.8,60.36,61.46,21867469,1409611739,0.32,0.47408860552557996,000333.SZ
2024-06-18,61.4,61.69,59.53,60.67,34699957,2206055298,0.51,-1.2853888708102779,000333.SZ
2024-06-19,60.57,61.38,60.23,61.11,28085788,1806800938,0.41,0.7252348772045503,000333.SZ
2024-06-20,61.13,61.38,60.19,60.62,24153669,1544527731,0.35,-0.8018327605956554,000333.SZ
2024-06-23,60.39,62.14,60.3,61.5,30799053,1993977958,0.45,1.4516661167931488,000333.SZ
2024-06-24,61.47,62.37,61.16,61.89,25309206,1652171356,0.37,0.6341463414634152,000333.SZ
2024-06-25,61.63,61.99,60.58,60.91,23831407,1531598024,0.35,-1.583454516076921,000333.SZ
2024-06-26,60.72,61.12,60.17,60.76,27409461,1750926675,0.4,-0.24626498111968154,000333.SZ
2024-06-27,60.19,61.42,60.18,61.14,25195612,1624767679,0.37,0.6254114549045564,000333.SZ
2024-06-30,60.94,61.98,60.29,60.75,19528313,1255074545,0.29,-0.6378802747792012,000333.SZ
2024-07-01,60.38,60.86,59.53,59.72,29181345,1843585722,0.43,-1.6954732510288117,000333.SZ
2024-07-02,59.77,60.36,59.47,59.75,18120842,1145370115,0.26,0.05023442732752237,000333.SZ
2024-07-03,59.91,61.81,59.91,61.24,27753098,1794060146,0.41,2.493723849372387,000333.SZ
2024-07-04,61.14,61.76,59.72,60.67,26479582,1686503681,0.39,-0.9307642064010468,000333.SZ
2024-07-07,60.29,61.35,59.88,60.89,19443576,1247645531,0.28,0.36261743860226403,000333.SZ
2024-07-08,60.49,61.3,60.31,60.76,21664464,1392889372,0.32,-0.21349975365413387,000333.SZ
2024-07-09,61.18,61.67,60.49,60.49,15846909,1016718370,0.23,-0.4443712969058544,000333.SZ
2024-07-10,60.53,61.09,59.27,60.57,27182655,1727208383,0.4,0.13225326500247991,000333.SZ
2024-07-11,60.47,61.81,60.33,61.62,24574092,1588658353,0.36,1.7335314512134659,000333.SZ
2024-07-14,61.41,61.77,61.01,61.56,17045913,1104204269,0.25,-0.09737098344692052,000333.SZ
2024-07-15,61.27,61.58,60.43,60.92,20406778,1313240364,0.3,-1.0396361273554255,000333.SZ
2024-07-16,60.71,61.03,58.45,59.56,46462849,2909157024,0.68,-2.232435981615233,000333.SZ
2024-07-17,58.78,61.1,58.78,60.57,34532462,2193053871,0.5,1.6957689724647285,000333.SZ
2024-07-18,60.06,60.46,59.62,60.29,21796963,1381064608,0.32,-0.46227505365692423,000333.SZ
2024-07-21,60.15,61.27,60.02,60.32,19930345,1273643439,0.29,0.04975949577044059,000333.SZ
2024-07-22,60.32,60.47,59.13,59.13,18537845,1165932040,0.27,-1.9728116710875265,000333.SZ
2024-07-23,58.78,59.45,56.54,56.95,45547336,2757887294,0.66,-3.6867918146456957,000333.SZ
2024-07-24,56.42,56.96,55.83,56.31,30109151,1787253322,0.44,-1.1237928007023723,000333.SZ
2024-07-25,59.56,59.71,58.2,59.57,57740171,3598947643,0.84,5.78938021665778,000333.SZ
2024-07-28,59.06,59.92,58.92,59.61,20712828,1297587355,0.3,0.06714789323485348,000333.SZ
2024-07-29,59.26,59.5,57.45,57.88,22575846,1381015834,0.33,-2.9021976178493447,000333.SZ
2024-07-30,57.57,60.54,57.57,60.44,40174739,2530147580,0.58,4.4229440221147165,000333.SZ
2024-07-31,60.48,61.3,60.11,60.27,24406833,1561027259,0.36,-0.2812706816677557,000333.SZ
2024-08-01,60.0,60.93,59.31,59.71,20261524,1280021474,0.29,-0.9291521486643473,000333.SZ
2024-08-04,59.28,60.95,58.36,58.44,35476754,2214817315,0.52,-2.1269469100653193,000333.SZ
2024-08-05,58.4,59.02,56.42,56.8,38493182,2316733895,0.56,-2.806297056810403,000333.SZ
2024-08-06,56.8,58.18,56.16,57.54,25298592,1535238304,0.37,1.3028169014084545,000333.SZ
2024-08-07,57.27,58.28,57.08,57.79,14231910,867672450,0.21,0.4344803614876547,000333.SZ
2024-08-08,57.68,58.49,57.19,57.35,13802375,839905714,0.2,-0.7613774009344154,000333.SZ
2024-08-11,57.35,58.91,57.17,58.18,16949235,1042597208,0.25,1.4472537053182188,000333.SZ
2024-08-12,58.18,58.88,57.75,58.17,9835074,602892300,0.14,-0.017188037126159017,000333.SZ
2024-08-13,58.17,58.29,57.45,57.73,11227780,685993302,0.16,-0.7564036444903,000333.SZ
2024-08-14,57.54,58.16,57.15,57.82,19163262,1166672167,0.28,0.15589814654426437,000333.SZ
2024-08-15,57.64,58.68,57.51,58.53,18066988,1112521867,0.26,1.2279488066412991,000333.SZ
2024-08-18,58.48,59.86,58.46,59.11,17275349,1075574308,0.25,0.9909448146249833,000333.SZ
2024-08-19,60.18,60.18,58.54,59.74,25780974,1623775567,0.38,1.0658095076975238,000333.SZ
2024-08-20,59.45,60.38,59.09,59.87,21187130,1337959065,0.31,0.2176096417810358,000333.SZ
2024-08-21,59.84,61.13,59.45,60.75,24978743,1597113183,0.36,1.469851344579931,000333.SZ
2024-08-22,60.67,62.53,60.55,62.05,29047135,1895805009,0.42,2.139917695473237,000333.SZ
2024-08-25,62.51,63.18,61.52,62.87,33958151,2241141518,0.49,1.321514907332788,000333.SZ
2024-08-26,62.56,63.02,62.08,62.55,24113793,1590912374,0.35,-0.5089867981549201,000333.SZ
2024-08-27,62.55,62.71,61.21,61.55,26542959,1726057217,0.39,-1.5987210231814597,000333.SZ
2024-08-28,61.07,61.91,60.62,60.62,23285563,1500197088,0.34,-1.5109666937449195,000333.SZ
2024-08-29,60.18,62.38,60.08,61.38,33386334,2160911498,0.49,1.2537116463213538,000333.SZ
2024-09-01,61.14,63.06,61.09,61.83,26075882,1706301995,0.38,0.7331378299120228,000333.SZ
2024-09-02,61.63,63.02,61.62,62.54,24237888,1599193264,0.35,1.1483098819343285,000333.SZ
2024-09-03,62.43,63.23,61.96,62.07,27499633,1814975104,0.4,-0.7515190278221895,000333.SZ
2024-09-04,61.57,62.0,60.18,60.28,43212322,2763225151,0.63,-2.883840824875139,000333.SZ
2024-09-05,60.29,61.19,59.63,59.74,23320164,1480652837,0.34,-0.8958195089581955,000333.SZ
2024-09-08,58.16,58.96,57.52,57.91,54840638,3359451100,0.8,-3.063274188148657,000333.SZ
2024-09-09,57.33,58.43,57.33,57.59,40111034,2451075854,0.58,-0.5525815921257005,000333.SZ
2024-09-10,57.37,58.85,56.59,58.45,41921762,2572399328,0.61,1.4933148115992445,000333.SZ
2024-09-11,58.58,59.58,58.45,59.12,27616861,1719561913,0.4,1.1462788708297644,000333.SZ
2024-09-12,58.82,60.46,58.38,60.2,32148994,2037679478,0.47,1.8267929634641522,000333.SZ
2024-09-17,60.31,62.29,60.1,61.85,29502596,1915513518,0.43,2.740863787375414,000333.SZ
2024-09-18,59.06,62.31,59.06,61.88,47611503,3085181571,0.69,0.048504446240915655,000333.SZ
2024-09-19,61.53,62.85,61.39,62.62,39801250,2608979309,0.58,1.1958629605688387,000333.SZ
2024-09-22,63.0,64.36,62.75,64.08,39162141,2643088028,0.57,2.331523474928132,000333.SZ
2024-09-23,64.08,64.7,62.75,64.5,50090152,3378454557,0.73,0.655430711610494,000333.SZ
2024-09-24,64.66,67.78,64.66,66.46,62766129,4428074584,0.91,3.0387596899224656,000333.SZ
2024-09-25,66.36,69.84,66.16,69.73,50134212,3592524658,0.73,4.920252783629264,000333.SZ
2024-09-26,70.86,72.42,67.45,69.2,85744787,6253333702,1.25,-0.7600745733543635,000333.SZ
2024-09-29,69.35,72.9,68.28,72.1,125166492,9344041944,1.82,4.190751445086693,000333.SZ
2024-10-07,79.31,79.31,74.63,76.02,135239267,11050056032,1.97,5.436893203883497,000333.SZ
2024-10-08,74.32,75.19,70.17,71.11,89550113,6896386875,1.3,-6.4588266245724775,000333.SZ
2024-10-09,72.0,75.25,71.92,74.22,67303399,5259062088,0.98,4.3735058360286905,000333.SZ
2024-10-10,73.94,74.16,71.95,72.77,38060178,2930030642,0.55,-1.9536513069253636,000333.SZ
2024-10-13,73.02,75.16,72.61,74.89,46282832,3620244782,0.67,2.91328844303973,000333.SZ
2024-10-14,74.89,74.89,72.04,72.04,37583316,2905639306,0.55,-3.805581519562018,000333.SZ
2024-10-15,70.81,71.57,69.89,71.32,34282949,2559503194,0.5,-0.9994447529150685,000333.SZ
2024-10-16,71.32,71.6,69.1,69.28,39437630,2920853670,0.57,-2.8603477285473855,000333.SZ
2024-10-17,69.28,72.23,68.87,71.11,42785106,3180240270,0.62,2.64145496535797,000333.SZ
2024-10-20,71.43,72.02,69.47,70.22,34322896,2547898013,0.5,-1.2515820559696245,000333.SZ
2024-10-21,70.48,72.95,70.28,72.52,40405973,3073890031,0.59,3.275420108231275,000333.SZ
2024-10-22,72.61,73.73,72.04,72.4,26831280,2053544728,0.39,-0.1654715940430096,000333.SZ
2024-10-23,72.15,72.48,71.38,71.7,17108673,1296926992,0.25,-0.9668508287292821,000333.SZ
2024-10-24,71.49,71.91,70.88,71.35,21057289,1583775153,0.31,-0.4881450488145145,000333.SZ
2024-10-27,71.56,71.65,70.16,70.97,28059096,2091524794,0.41,-0.5325858444288678,000333.SZ
2024-10-28,70.73,71.57,69.96,70.21,29727177,2214621306,0.43,-1.0708750176130821,000333.SZ
2024-10-29,69.86,70.48,68.37,68.96,40413734,2939634796,0.59,-1.780373166215643,000333.SZ
2024-10-30,69.17,69.85,67.4,67.7,50046867,3595551677,0.73,-1.8271461716937276,000333.SZ
2024-10-31,67.72,69.2,66.72,68.49,41651482,3009423819,0.6,1.166912850812385,000333.SZ
2024-11-03,68.38,69.55,67.97,69.05,23231578,1680407656,0.34,0.8176376113301353,000333.SZ
2024-11-04,68.73,69.65,67.5,69.32,41696728,3027068197,0.61,0.39102099927588174,000333.SZ
2024-11-05,69.33,69.33,67.28,67.46,52593143,3768679119,0.76,-2.6832083092902526,000333.SZ
2024-11-06,66.69,68.35,66.25,68.35,54774602,3895318881,0.8,1.3193003261191771,000333.SZ
2024-11-07,68.88,69.92,67.4,68.8,59337382,4283549293,0.86,0.6583760058522348,000333.SZ
2024-11-10,67.52,68.1,67.13,67.87,44207913,3153791634,0.64,-1.3517441860464996,000333.SZ
2024-11-11,68.17,70.99,68.05,68.62,57547722,4231304809,0.84,1.1050537792839155,000333.SZ
2024-11-12,68.71,70.43,68.69,69.58,45841657,3373337471,0.67,1.399009035266685,000333.SZ
2024-11-13,69.65,70.99,68.56,69.81,40843466,3020822981,0.59,0.33055475711412097,000333.SZ
2024-11-14,69.34,70.25,68.11,68.49,34282515,2496870647,0.5,-1.8908465835840271,000333.SZ
2024-11-17,68.41,69.18,67.14,67.35,31938599,2292938837,0.46,-1.664476565922035,000333.SZ
2024-11-18,67.35,68.01,67.02,67.6,22665163,1614053712,0.33,0.37119524870081744,000333.SZ
2024-11-19,67.66,67.92,67.06,67.71,22637119,1610809493,0.33,0.16272189349111343,000333.SZ
2024-11-20,67.65,67.67,66.88,67.15,21652845,1534662636,0.31,-0.8270565647614636,000333.SZ
2024-11-21,67.14,69.03,66.56,66.73,38845820,2781161792,0.56,-0.625465376023826,000333.SZ
2024-11-24,66.46,68.61,66.46,66.73,38586774,2737579009,0.56,0.0,000333.SZ
2024-11-25,66.46,67.49,65.74,66.92,27418796,1932586725,0.4,0.28472950696838417,000333.SZ
2024-11-26,66.66,67.78,66.11,67.61,26482499,1875798199,0.38,1.0310818888224604,000333.SZ
2024-11-27,68.25,68.25,66.13,66.54,32328951,2275593420,0.47,-1.582606123354524,000333.SZ
2024-11-28,66.05,67.09,65.93,66.48,27750141,1951115164,0.4,-0.09017132551848439,000333.SZ
2024-12-01,66.5,66.86,65.63,66.43,35790565,2500096040,0.52,-0.07521058965102023,000333.SZ
2024-12-02,66.36,66.36,65.79,66.21,31317422,2181594388,0.45,-0.3311756736414484,000333.SZ
2024-12-03,66.24,68.24,65.98,67.77,53195506,3779094534,0.77,2.3561395559583254,000333.SZ
2024-12-04,67.87,69.09,67.7,67.99,36764463,2647263413,0.53,0.32462741626086977,000333.SZ
2024-12-05,68.04,69.32,67.79,69.06,45677846,3318584662,0.66,1.5737608471834141,000333.SZ
2024-12-08,68.26,70.03,67.6,69.32,41321923,3017126124,0.6,0.3764842166232185,000333.SZ
2024-12-09,72.53,72.67,69.95,70.0,55513289,4164810151,0.81,0.980957876514732,000333.SZ
2024-12-10,69.86,71.41,69.77,71.19,33543390,2512587263,0.49,1.6999999999999904,000333.SZ
2024-12-11,71.29,71.81,70.5,71.63,28639814,2153602254,0.42,0.6180643348784987,000333.SZ
2024-12-12,71.29,71.31,69.51,70.15,37063334,2744782532,0.54,-2.0661733910372626,000333.SZ
2024-12-15,70.24,70.57,68.87,69.41,28047059,2054964896,0.41,-1.0548823948681507,000333.SZ
2024-12-16,69.39,70.79,69.02,69.83,27887305,2058385955,0.4,0.6051001296643266,000333.SZ
2024-12-17,69.83,70.7,69.75,70.24,22578549,1675256403,0.33,0.5871401976228041,000333.SZ
2024-12-18,70.01,71.31,69.43,70.56,25355278,1893593092,0.37,0.4555808656036442,000333.SZ
2024-12-19,70.56,70.9,69.83,70.15,20939651,1552494957,0.3,-0.5810657596371782,000333.SZ
2024-12-22,70.15,71.33,70.1,70.73,22602881,1689849270,0.33,0.8267997148966533,000333.SZ
2024-12-23,70.53,72.4,70.53,72.28,34414101,2606513926,0.5,2.1914322069843006,000333.SZ
2024-12-24,72.33,72.61,71.13,71.61,22733866,1719267176,0.33,-0.9269507470946348,000333.SZ
2024-12-25,71.34,72.27,70.76,72.02,24214292,1829497500,0.35,0.5725457338360496,000333.SZ
2024-12-26,72.02,72.09,70.91,71.49,19842117,1493951286,0.29,-0.7359066925853974,000333.SZ
2024-12-29,71.1,72.21,71.02,71.4,22182724,1676164969,0.32,-0.12589173310950663,000333.SZ
2024-12-30,71.19,72.09,70.8,71.3,30766003,2324365541,0.45,-0.1400560224089742,000333.SZ
2025-01-01,71.47,73.18,71.1,71.4,41367089,3143071622,0.6,0.14025245441795509,000333.SZ
2025-01-02,71.1,72.1,70.05,70.8,29642200,2225340636,0.43,-0.8403361344537896,000333.SZ
2025-01-05,70.79,72.31,70.41,71.46,30681009,2308954916,0.45,0.9322033898305104,000333.SZ
2025-01-06,71.1,72.76,70.62,71.98,25178525,1913943076,0.37,0.7276798208788238,000333.SZ
2025-01-07,71.58,73.62,71.5,73.54,40692962,3129132562,0.59,2.1672686857460377,000333.SZ
2025-01-08,73.65,74.89,73.18,74.63,34598694,2715146336,0.5,1.4821865651346133,000333.SZ
2025-01-09,74.63,74.78,72.39,72.39,27109567,2093133229,0.39,-3.00147393809459,000333.SZ
2025-01-12,71.67,72.06,70.08,70.43,25584606,1911136129,0.37,-2.7075562923055574,000333.SZ
2025-01-13,70.43,71.43,69.61,70.74,28858396,2150563704,0.42,0.4401533437455418,000333.SZ
2025-01-14,70.75,71.83,69.77,69.98,25663453,1910565918,0.372,-1.0743567995476266,000333.SZ
2025-01-15,70.14,71.52,70.05,70.23,26233035,1953070088,0.381,0.3572449271220357,000333.SZ
2025-01-16,70.22,70.97,69.8,70.48,15928751,1184446629,0.231,0.35597323081304477,000333.SZ
2025-01-19,71.19,72.74,70.98,70.99,29699251,2245932516,0.431,0.7236095346197402,000333.SZ
2025-01-20,71.34,71.37,70.36,70.53,16286277,1217315662,0.236,-0.647978588533582,000333.SZ
2025-01-21,70.51,70.51,68.52,69.2,32217997,2351219471,0.468,-1.8857223876364682,000333.SZ
2025-01-22,69.58,70.07,68.63,69.59,27008672,1981526548,0.392,0.5635838150289008,000333.SZ
2025-01-23,69.21,69.81,68.77,69.03,30486076,2224547325,0.442,-0.8047133208794355,000333.SZ
2025-01-26,69.07,70.43,68.84,70.03,28011516,2066038991,0.406,1.4486455164421264,000333.SZ
2025-02-04,69.58,69.85,67.95,68.45,36351088,2623254186,0.527,-2.2561759246037427,000333.SZ
2025-02-05,68.42,68.78,67.71,68.51,28567493,2058313211,0.415,0.08765522279035043,000333.SZ
2025-02-06,68.63,69.62,67.94,69.62,35534968,2588044043,0.516,1.6202014304480983,000333.SZ
2025-02-09,69.5,69.51,68.73,69.21,31864987,2324957366,0.462,-0.5889112324044987,000333.SZ
2025-02-10,69.62,70.01,68.83,69.86,30044016,2200715457,0.436,0.9391706400809108,000333.SZ
2025-02-11,69.64,69.76,68.9,69.47,22807278,1667138730,0.331,-0.558259375894643,000333.SZ
2025-02-12,69.2,69.57,68.37,68.38,41066444,2979276852,0.596,-1.569022599683323,000333.SZ
2025-02-13,68.37,68.91,68.16,68.72,23435076,1697819619,0.34,0.49722140976893314,000333.SZ
2025-02-16,68.49,68.7,67.54,68.29,40235806,2886662764,0.584,-0.6257275902211812,000333.SZ
2025-02-17,68.24,68.87,67.81,68.16,29346513,2117878259,0.426,-0.19036462146728717,000333.SZ
2025-02-18,67.59,68.22,67.3,67.73,33715017,2408852125,0.489,-0.6308685446009266,000333.SZ
2025-02-19,67.69,67.98,67.36,67.52,31420228,2241810157,0.456,-0.31005462867268463,000333.SZ
2025-02-20,67.32,67.52,66.55,66.92,55339013,3903770927,0.803,-0.8886255924170583,000333.SZ
2025-02-23,66.97,67.78,66.62,67.2,46937741,3326317437,0.681,0.4184100418409997,000333.SZ
2025-02-24,66.83,66.99,65.39,65.44,56599867,3932087508,0.821,-2.619047619047632,000333.SZ
2025-02-25,65.13,66.51,65.12,66.47,40412376,2820753654,0.586,1.5739608801955907,000333.SZ
2025-02-26,67.3,68.92,66.95,68.71,65248235,4700242778,0.947,3.369941326914394,000333.SZ
2025-02-27,68.96,69.67,68.35,69.25,50647934,3702978856,0.735,0.7859118032309764,000333.SZ
2025-03-02,68.92,69.19,67.16,67.3,40591782,2908667199,0.589,-2.8158844765343027,000333.SZ
2025-03-03,67.57,68.7,67.57,68.22,30041994,2159097772,0.436,1.3670133729569045,000333.SZ
2025-03-04,68.16,68.39,67.49,68.01,28618620,2050696436,0.415,-0.30782761653472823,000333.SZ
2025-03-05,68.17,68.22,66.75,67.44,40239881,2857881528,0.584,-0.8381120423467281,000333.SZ
2025-03-06,67.42,67.53,66.6,67.1,31482660,2228492957,0.457,-0.5041518386714183,000333.SZ
2025-03-09,67.12,67.55,66.84,67.37,27344026,1937259286,0.397,0.40238450074516763,000333.SZ
2025-03-10,66.83,67.72,66.64,67.24,25282497,1788427242,0.367,-0.192964227400938,000333.SZ
2025-03-11,67.28,67.28,66.45,66.45,30130110,2117631624,0.437,-1.1748958953004096,000333.SZ
2025-03-12,66.37,66.97,66.18,66.37,25262164,1774959974,0.366,-0.12039127163280261,000333.SZ
2025-03-13,66.38,68.35,66.19,68.13,42544964,3036261982,0.617,2.651800512279623,000333.SZ
2025-03-16,68.74,68.74,67.87,68.14,34733287,2497780791,0.504,0.014677821811259761,000333.SZ
2025-03-17,68.25,72.14,67.88,71.08,77931396,5762238290,1.13,4.314646316407389,000333.SZ
2025-03-18,73.21,73.88,71.12,72.53,106626103,8164296255,1.547,2.039954980303893,000333.SZ
2025-03-19,72.42,72.85,71.19,71.26,58569319,4434498828,0.85,-1.7509995863780436,000333.SZ
2025-03-20,70.88,72.45,70.88,71.36,38452793,2903191225,0.558,0.14033118158853775,000333.SZ
2025-03-23,70.98,72.52,70.92,72.1,38734811,2945134162,0.562,1.0369955156950494,000333.SZ
2025-03-24,72.81,73.47,72.39,72.86,32418622,2493718323,0.47,1.0540915395284456,000333.SZ
2025-03-25,72.49,73.37,71.92,72.79,23706858,1814277211,0.344,-0.09607466373866558,000333.SZ
2025-03-26,72.79,73.47,72.35,72.52,25721538,1974042919,0.373,-0.37093007281221446,000333.SZ
2025-03-27,72.24,73.16,71.74,72.87,24911431,1909917934,0.361,0.4826254826254983,000333.SZ
2025-03-30,72.9,76.31,72.9,74.41,68968445,5458996643,1.0,2.113352545629188,000333.SZ
2025-03-31,74.03,74.68,71.29,71.47,55181654,4204786523,0.8,-3.951081843838189,000333.SZ
2025-04-01,71.43,72.79,71.28,72.01,26853625,2036925144,0.389,0.7555617741709986,000333.SZ
2025-04-02,70.72,70.93,69.34,69.54,56598874,4179850012,0.821,-3.430079155672816,000333.SZ
2025-04-06,64.67,65.85,62.58,63.68,88089693,5986991841,1.277,-8.426804716709812,000333.SZ
2025-04-07,64.46,66.83,64.26,66.57,74473332,5151771418,1.08,4.53831658291457,000333.SZ
2025-04-08,65.59,66.83,64.86,66.04,57883954,4027838482,0.839,-0.7961544239146523,000333.SZ
2025-04-09,66.92,67.86,66.48,67.39,45084852,3199356700,0.654,2.044215626892787,000333.SZ
2025-04-10,66.85,67.06,66.01,66.82,29562589,2075657472,0.428,-0.845822822377218,000333.SZ
2025-04-13,67.04,67.21,66.08,66.28,34883505,2447104070,0.506,-0.8081412750673311,000333.SZ
2025-04-14,66.45,68.09,66.06,67.76,34366681,2441442777,0.498,2.2329511164755678,000333.SZ
2025-04-15,67.48,67.76,66.71,67.3,26672943,1890971340,0.387,-0.6788665879575051,000333.SZ
2025-04-16,67.06,67.46,66.68,67.26,19591273,1388823325,0.284,-0.05943536404159344,000333.SZ
2025-04-17,67.26,67.62,66.8,67.23,15448383,1094653676,0.224,-0.0446030330062408,000333.SZ
2025-04-20,67.1,67.88,66.83,67.67,17751380,1262930782,0.257,0.6544697307749425,000333.SZ
2025-04-21,67.59,68.47,67.5,67.99,22615500,1626765493,0.328,0.4728831092064345,000333.SZ
2025-04-22,68.35,68.65,68.06,68.11,22586871,1627423197,0.327,0.1764965436093613,000333.SZ
2025-04-23,68.63,69.38,68.21,69.15,23180750,1684714693,0.336,1.5269417119365913,000333.SZ
2025-04-24,69.15,69.2,68.61,68.96,17097238,1244078508,0.248,-0.2747650036153515,000333.SZ
2025-04-27,69.57,69.75,69.01,69.42,23966015,1755320152,0.347,0.6670533642691545,000333.SZ
2025-04-28,69.45,70.5,69.07,70.34,23497383,1733740168,0.341,1.3252664938058212,000333.SZ
2025-04-29,71.1,71.21,69.63,69.79,47810026,3548715615,0.693,-0.7819164060278605,000333.SZ
2025-05-05,70.37,70.51,69.29,70.2,34641179,2556249632,0.502,0.5874767158618566,000333.SZ
2025-05-06,70.88,71.27,70.15,70.49,30028102,2239595605,0.435,0.41310541310539683,000333.SZ
2025-05-07,70.48,71.7,70.03,71.1,27707567,2081094569,0.402,0.8653709746063276,000333.SZ
2025-05-08,71.09,72.07,70.82,71.85,24563898,1861536388,0.356,1.0548523206751037,000333.SZ
2025-05-11,72.14,72.74,71.95,72.59,27223912,2078979154,0.394,1.0299234516353728,000333.SZ
2025-05-12,72.99,73.18,72.46,73.1,25527841,1963341233,0.37,0.7025761124121566,000333.SZ
2025-05-13,72.9,73.51,72.17,73.08,29249633,2248759306,0.424,-0.027359781121749638,000333.SZ
2025-05-14,72.67,73.06,72.35,72.52,20490185,1571335906,0.297,-0.766283524904221,000333.SZ
2025-05-15,72.24,72.84,71.64,72.61,23865992,1819974356,0.346,0.12410369553226275,000333.SZ
2025-05-18,72.46,73.67,72.32,73.54,26308625,2031022754,0.381,1.2808153146949497,000333.SZ
2025-05-19,73.49,74.98,73.45,74.57,27799540,2184604655,0.403,1.4005983138427824,000333.SZ
2025-05-20,74.41,75.3,74.38,74.7,20543826,1619842976,0.298,0.17433284162533536,000333.SZ
2025-05-21,74.63,75.42,74.23,75.23,23403426,1850376659,0.339,0.7095046854082909,000333.SZ
2025-05-22,75.23,76.29,74.62,74.78,29974589,2385953118,0.434,-0.5981656254153922,000333.SZ
2025-05-25,74.62,75.07,73.57,74.2,24168884,1893696279,0.35,-0.77560845145761,000333.SZ
2025-05-26,74.13,74.78,73.96,74.39,20644898,1620472097,0.299,0.256064690026947,000333.SZ
2025-05-27,74.87,75.93,74.6,75.19,24044877,1911343092,0.348,1.075413362011024,000333.SZ
2025-05-28,74.95,75.35,74.28,74.87,25167731,1988440748,0.364,-0.4255885091102418,000333.SZ
2025-05-29,74.64,75.37,74.22,74.94,21573317,1703126097,0.312,0.0934953920128212,000333.SZ
2025-06-02,74.93,74.93,71.73,71.96,56190781,4293054877,0.813,-3.976514544969312,000333.SZ
2025-06-03,71.83,72.59,71.57,71.63,36755439,2790934593,0.532,-0.45858810450249976,000333.SZ
2025-06-04,71.51,71.95,71.14,71.33,23580308,1776718063,0.341,-0.4188189306156609,000333.SZ
2025-06-05,71.45,71.88,71.19,71.76,27555948,2081019011,0.398,0.6028319080330968,000333.SZ
2025-06-08,71.33,71.65,70.21,71.47,46695588,3500234348,0.675,-0.40412486064660413,000333.SZ
2025-06-09,71.69,72.52,71.14,71.14,32107412,2433498302,0.464,-0.46173219532670284,000333.SZ
2025-06-10,71.29,71.85,70.93,71.56,26308346,1986827774,0.38,0.5903851560303597,000333.SZ
2025-06-11,72.06,72.23,71.08,71.75,34702892,2510413458,0.502,0.2655114589156016,000333.SZ
2025-06-12,71.15,71.71,70.56,71.03,30045204,2148718105,0.434,-1.0034843205574906,000333.SZ
2025-06-15,71.15,71.35,70.41,70.81,25020494,1784037774,0.362,-0.3097282838237403,000333.SZ
2025-06-16,71.35,72.62,71.35,71.61,32639478,2362020250,0.472,1.1297839288236133,000333.SZ
2025-06-17,71.74,72.19,71.57,71.65,17528837,1265648159,0.253,0.05585812037425253,000333.SZ
2025-06-18,71.75,71.96,70.69,70.88,21125341,1512893148,0.305,-1.0746685275645596,000333.SZ
2025-06-19,70.9,71.93,70.81,71.93,22986421,1655767156,0.332,1.481376975169324,000333.SZ
2025-06-22,71.55,71.88,71.01,71.27,21054495,1510951196,0.304,-0.9175587376616279,000333.SZ
2025-06-23,71.65,72.88,71.55,72.35,27050087,1971805636,0.391,1.5153641083204716,000333.SZ
2025-06-24,72.35,72.87,71.85,72.72,24327543,1772058946,0.352,0.5114029025570233,000333.SZ
2025-06-25,72.54,73.13,72.3,72.64,22672619,1658102065,0.328,-0.11001100110010764,000333.SZ
2025-06-26,72.6,72.73,71.77,71.83,22364021,1623349472,0.324,-1.1150881057268802,000333.SZ
2025-06-29,71.8,72.13,71.53,71.75,19302259,1394828333,0.28,-0.11137407768341268,000333.SZ
2025-06-30,71.83,71.9,71.35,71.66,18625209,1341760455,0.27,-0.12543554006969604,000333.SZ
2025-07-01,71.66,72.64,71.36,72.05,26615479,1929453681,0.385,0.5442366731789106,000333.SZ
2025-07-02,72.34,72.49,71.89,72.43,17936923,1304399831,0.26,0.5274115197779539,000333.SZ
2025-07-03,72.42,73.38,72.15,73.02,21146224,1548790547,0.306,0.8145795940908362,000333.SZ
2025-07-06,72.74,72.99,71.88,72.1,21545334,1567324871,0.312,-1.2599287866338016,000333.SZ
2025-07-07,72.1,72.25,71.62,71.77,25686651,1856483047,0.372,-0.45769764216365694,000333.SZ
2025-07-08,71.62,71.9,71.35,71.35,27205267,1958489420,0.394,-0.5852027309460772,000333.SZ
2025-07-09,71.39,71.52,70.88,71.23,23151388,1656983409,0.335,-0.16818500350384014,000333.SZ
2025-07-10,71.29,72.35,71.24,72.03,32055369,2324470998,0.464,1.1231222799382268,000333.SZ
2025-07-13,72.02,72.75,71.53,72.64,23373900,1702246964,0.338,0.8468693599888999,000333.SZ
2025-07-14,72.65,73.04,72.36,72.75,24900978,1821265543,0.36,0.15143171806166755,000333.SZ
2025-07-15,73.01,73.63,72.35,72.43,20688807,1514278424,0.299,-0.439862542955316,000333.SZ
2025-07-16,72.3,72.97,72.15,72.18,24729994,1804135157,0.358,-0.3451608449537513,000333.SZ
2025-07-17,72.41,72.82,72.07,72.37,21951230,1596482224,0.317,0.2632308118592386,000333.SZ
2025-07-20,72.16,72.5,71.95,72.1,30897062,2244011063,0.447,-0.373082769103239,000333.SZ
2025-07-21,72.13,72.76,71.81,72.73,35720411,2602924271,0.516,0.8737864077670077,000333.SZ
2025-07-22,72.74,73.39,72.72,73.04,36987240,2718700800,0.535,0.4262340162243916,000333.SZ
2025-07-23,73.24,73.49,72.63,73.05,29069915,2134051794,0.42,0.01369112814895157,000333.SZ
2025-07-24,72.94,72.94,72.1,72.31,24456208,1780421843,0.353,-1.0130047912388696,000333.SZ
2025-07-27,72.36,72.46,71.35,71.49,37773632,2725637108,0.546,-1.134006361499107,000333.SZ
2025-07-28,71.49,71.62,70.58,70.79,39836931,2843589788,0.575,-0.9791579241851811,000333.SZ
2025-07-29,71.04,72.29,70.76,71.66,41132530,2964849148,0.594,1.2289871450769763,000333.SZ
2025-07-30,71.55,71.57,69.44,69.75,69477714,4895784250,1.003,-2.665364219927435,000333.SZ
2025-07-31,69.76,70.53,69.66,70.35,28644667,2019147913,0.414,0.8602150537634357,000333.SZ
2025-08-03,70.11,70.56,69.76,70.5,19776642,1398398728,0.286,0.2132196162047073,000333.SZ
2025-08-04,70.67,71.06,70.24,70.93,19174845,1365340860,0.277,0.6099290780142042,000333.SZ
2025-08-05,70.93,71.33,70.55,71.25,22135849,1583549584,0.32,0.4511490201607016,000333.SZ
2025-08-06,71.06,71.48,70.77,71.03,20361565,1456650769,0.294,-0.30877192982455837,000333.SZ
2025-08-07,70.95,71.38,70.84,71.13,20118405,1439938213,0.291,0.1407855835562355,000333.SZ
2025-08-10,70.85,71.37,70.75,71.31,17912366,1282650770,0.259,0.2530577815267998,000333.SZ
2025-08-11,71.3,71.99,71.15,71.48,24047589,1734351324,0.347,0.23839573692330251,000333.SZ
2025-08-12,71.53,71.84,71.15,71.37,25384669,1827058280,0.367,-0.15388919977615823,000333.SZ
2025-08-13,71.35,72.59,71.27,71.88,45514924,3301054398,0.657,0.7145859604875904,000333.SZ
2025-08-14,71.88,71.95,71.36,71.85,27469955,1980637245,0.397,-0.04173622704507496,000333.SZ
2025-08-17,71.86,72.11,71.16,71.39,54299761,3906936963,0.784,-0.6402226861516924,000333.SZ
2025-08-18,72.74,73.17,71.75,72.23,53760260,3916336802,0.7763,1.1766353831068832,000333.SZ
2025-08-19,71.76,71.87,71.06,71.77,40377028,2901846346,0.583,-0.6368544925931197,000333.SZ
2025-08-20,71.64,72.05,71.21,71.47,33801371,2436115382,0.4881,-0.4180019506757615,000333.SZ
2025-08-21,71.52,71.74,71.2,71.64,39138892,2814332706,0.5652,0.23786204001678968,000333.SZ
2025-08-24,71.67,73.39,71.67,73.06,70023449,5110086586,1.0111,1.9821328866554966,000333.SZ
2025-08-25,73.06,73.82,72.85,73.34,46293790,3417986336,0.6685,0.3832466465918394,000333.SZ
2025-08-26,73.43,74.08,72.24,72.26,48841858,3605612810,0.7053,-1.472593400599942,000333.SZ
2025-08-27,72.26,73.51,72.06,73.04,43298746,3171280840,0.6252,1.0794353722668237,000333.SZ
2025-08-28,73.04,74.37,72.93,73.25,56766900,4210933505,0.8197,0.2875136911281384,000333.SZ
2025-08-31,74.53,75.37,73.06,73.57,77625858,5792738594,1.1209,0.4368600682593815,000333.SZ
2025-09-01,73.75,75.92,73.53,75.68,80590924,6106472167,1.1637,2.8680168546962204,000333.SZ
2025-09-02,76.07,76.66,74.48,75.15,50488071,3826685200,0.729,-0.7003171247357276,000333.SZ
2025-09-03,75.51,75.53,73.95,75.12,44353949,3328858300,0.6402,-0.03992015968063978,000333.SZ
2025-09-04,75.34,76.21,74.97,75.74,46425167,3530971109,0.6701,0.8253461128860273,000333.SZ
2025-09-07,76.19,77.59,76.02,76.55,55029371,4245832274,0.7945,1.069448111961968,000333.SZ
2025-09-08,76.54,77.12,75.87,76.7,38315019,2947171767,0.5531,0.19595035924233617,000333.SZ
2025-09-09,76.52,76.79,75.92,76.54,27154194,2087580321,0.392,-0.2086049543676638,000333.SZ
2025-09-10,76.42,76.79,75.43,76.54,45960511,3515566425,0.6634,0.0,000333.SZ
2025-09-11,76.47,77.2,74.94,75.1,59117075,4507931249,0.8532,-1.8813692187091835,000333.SZ
2025-09-14,74.73,75.48,74.03,74.7,48068047,3614905666,0.6937,-0.5326231691078487,000333.SZ
2025-09-15,74.66,74.73,73.59,73.99,45602831,3396155196,0.6581,-0.9504685408299962,000333.SZ
2025-09-16,73.95,74.96,73.71,73.89,57722675,4303710294,0.833,-0.13515339910797897,000333.SZ
2025-09-17,74.13,74.88,72.73,73.28,60084003,4452255641,0.8671,-0.8255514954662369,000333.SZ
2025-09-18,72.95,74.12,72.75,73.89,38847838,2879645243,0.5606,0.8324235807860347,000333.SZ
2025-09-21,74.34,74.43,72.44,72.8,47973993,3520814681,0.6923,-1.4751657869806478,000333.SZ
2025-09-22,72.79,73.19,72.27,73.07,42147721,3082692695,0.6082,0.37087912087911956,000333.SZ
2025-09-23,73.05,73.89,72.49,73.64,30628481,2260146501,0.442,0.7800739017380653,000333.SZ
2025-09-24,72.84,73.29,72.1,72.38,47860729,3487388578,0.6906,-1.7110266159695908,000333.SZ
2025-09-25,72.58,74.23,72.43,73.74,47698312,3524465566,0.6883,1.8789720917380404,000333.SZ
2025-09-28,73.96,74.08,72.59,73.27,46593907,3431995413,0.6723,-0.6373745592622715,000333.SZ
2025-09-29,73.24,73.25,72.1,72.21,50610839,3690464285,0.7303,-1.4467039716118513,000333.SZ
2025-10-08,71.9,72.51,70.93,72.18,61593908,4446685218,0.8888,-0.04154549231406568,000333.SZ
2025-10-09,72.0,73.27,71.65,72.37,43330526,3168138019,0.6252,0.2632308118592386,000333.SZ
2025-10-12,70.93,71.66,70.58,71.36,48160457,3450611700,0.6949,-1.3956059140527888,000333.SZ
2025-10-13,71.55,72.69,71.24,72.15,51909507,3767793739,0.749,1.1070627802690636,000333.SZ
2025-10-14,72.35,73.03,72.15,72.46,37633251,2753955979,0.543,0.42966042966041673,000333.SZ
2025-10-15,72.74,73.23,72.07,72.72,34678000,2535057433,0.5004,0.3588186585702591,000333.SZ
2025-10-16,72.25,73.13,72.19,72.35,27649108,2017092908,0.3989,-0.5088008800880117,000333.SZ
2025-10-19,72.63,72.94,71.94,72.41,29755742,2166679568,0.4293,0.08293020041465482,000333.SZ
2025-10-20,72.44,72.8,72.13,72.45,28394659,2070032731,0.4097,0.055240988813709535,000333.SZ
2025-10-21,72.35,73.53,72.16,73.42,39329827,2894112406,0.5675,1.3388543823326327,000333.SZ
2025-10-22,73.34,74.48,73.22,74.42,34763341,2588236881,0.5016,1.3620266957232285,000333.SZ
2025-10-23,74.42,74.53,73.99,74.14,24483806,1829626026,0.3533,-0.3762429454447713,000333.SZ
2025-10-26,74.27,74.88,73.91,74.41,34055264,2552508383,0.4914,0.3641758834637132,000333.SZ
2025-10-27,74.14,74.45,73.67,73.95,23365775,1740011912,0.3371,-0.6181964789678696,000333.SZ
2025-10-28,73.79,73.95,73.04,73.94,27358650,2025139821,0.3947,-0.013522650439490302,000333.SZ
2025-10-29,74.03,75.62,74.03,74.83,49965301,3777679276,0.7209,1.203678658371654,000333.SZ
2025-10-30,74.73,76.35,74.63,75.92,50974159,3888018216,0.7354,1.4566350394227046,000333.SZ
2025-11-02,75.91,76.47,74.71,74.92,28196997,2132026191,0.4068,-1.3171759747102163,000333.SZ
2025-11-03,74.65,75.32,74.43,74.69,30260649,2282008180,0.4366,-0.3069941270688825,000333.SZ
2025-11-04,74.53,75.91,73.84,75.47,26615133,2015978787,0.384,1.0443165082340444,000333.SZ
2025-11-05,75.47,76.95,75.47,76.55,35511147,2732619897,0.5123,1.4310321982244467,000333.SZ
2025-11-06,76.79,76.79,75.63,75.72,26441999,2021807280,0.3814,-1.0842586544742017,000333.SZ
2025-11-09,75.78,77.07,75.48,76.85,39100815,3010493959,0.564,1.4923402007395614,000333.SZ
2025-11-10,76.85,76.91,76.2,76.75,22770754,1755331384,0.3285,-0.13012361743656164,000333.SZ
2025-11-11,76.75,80.05,76.75,78.99,73784703,5857421168,1.0643,2.918566775244291,000333.SZ
2025-11-12,78.71,79.5,78.2,79.1,33337014,2639881174,0.4809,0.1392581339410004,000333.SZ
2025-11-13,79.0,79.92,78.56,78.73,27312749,2181244560,0.394,-0.4677623261693964,000333.SZ
2025-11-16,78.73,78.89,77.42,77.93,26109532,2050426784,0.3766,-1.0161310809094326,000333.SZ
2025-11-17,78.29,78.66,77.0,77.4,23590408,1833005280,0.3403,-0.6800975234184548,000333.SZ
2025-11-18,77.38,78.09,77.02,77.4,21441520,1661622968,0.3093,0.0,000333.SZ
2025-11-19,77.5,78.88,77.03,77.94,26192879,2050174663,0.3778,0.6976744186046435,000333.SZ
2025-11-20,77.1,79.29,77.1,78.75,43949476,3442968265,0.634,1.0392609699769073,000333.SZ
2025-11-23,78.6,79.48,78.25,78.56,36773938,2903024266,0.5305,-0.2412698412698422,000333.SZ
2025-11-24,78.99,79.0,77.61,78.7,29101152,2280195509,0.4198,0.1782077393075454,000333.SZ
2025-11-25,78.69,80.0,78.41,79.8,32072777,2538706360,0.4626,1.3977128335451061,000333.SZ
2025-11-26,79.6,80.73,78.95,79.8,31646071,2524590682,0.4564,0.0,000333.SZ
2025-11-27,79.8,80.07,79.33,79.86,18126661,1445017043,0.2614,0.07518796992480592,000333.SZ
2025-11-30,79.8,80.2,79.17,80.0,30352024,2419268736,0.4377,0.1753067868770275,000333.SZ
2025-12-01,80.1,81.66,80.01,81.56,37804931,3071966512,0.5451,1.9500000000000073,000333.SZ
2025-12-02,81.55,82.88,81.26,82.17,36866005,3038100689,0.5316,0.7479156449239799,000333.SZ
2025-12-03,82.13,83.17,81.77,81.89,28917966,2377656054,0.4169,-0.34075696726298954,000333.SZ
2025-12-04,81.89,82.59,81.7,82.23,24616511,2020996778,0.3549,0.4151911100256589,000333.SZ
2025-12-07,83.0,83.1,81.04,81.81,27336529,2235419968,0.394,-0.5107624954396206,000333.SZ
2025-12-08,81.5,81.56,79.94,80.2,35647940,2872571867,0.5138,-1.9679745752352984,000333.SZ
2025-12-09,79.98,80.62,79.7,80.07,24571972,1970629706,0.3541,-0.16209476309227977,000333.SZ
2025-12-10,80.12,80.56,79.18,79.3,27294485,2178536617,0.3934,-0.961658548769817,000333.SZ
2025-12-11,79.35,79.98,79.2,79.32,32895862,2615339990,0.4741,0.025220680958382147,000333.SZ
2025-12-14,79.69,81.1,79.45,80.41,36554689,2945959175,0.5268,1.3741805345436342,000333.SZ
2025-12-15,80.25,80.85,79.84,79.96,21423089,1718619061,0.3087,-0.5596318865812799,000333.SZ
2025-12-16,79.71,80.92,79.38,80.47,23028180,1850597016,0.3319,0.6378189094547349,000333.SZ
2025-12-17,80.27,80.61,79.51,79.83,21409792,1710070019,0.3086,-0.7953274512240593,000333.SZ
2025-12-18,79.85,79.9,78.8,79.45,27801766,2205368624,0.4007,-0.4760115244895391,000333.SZ
2025-12-21,79.3,79.79,78.9,79.16,24503713,1941379877,0.3531,-0.3650094398993109,000333.SZ
2025-12-22,79.38,80.31,79.02,79.65,25468020,2029842283,0.372,0.6189994946943056,000333.SZ
2025-12-23,79.43,79.94,78.76,78.8,21704738,1715476084,0.3171,-1.0671688637790444,000333.SZ
2025-12-24,78.52,78.88,78.18,78.59,22675780,1780124525,0.3313,-0.2664974619289273,000333.SZ
2025-12-25,78.59,79.07,78.55,78.87,21410712,1688269460,0.3128,0.35627942486322617,000333.SZ
2025-12-28,78.79,79.72,78.25,78.41,25697385,2026008965,0.3754,-0.5832382401420144,000333.SZ
2025-12-29,78.16,79.38,78.12,78.85,21362222,1681118068,0.3121,0.5611529141691163,000333.SZ
2025-12-30,78.87,80.28,77.85,78.15,28775822,2256598466,0.4204,-0.8877615726062049,000333.SZ
2026-01-04,80.04,80.5,78.25,78.68,44294709,3501427582,0.6471,0.6781829814459295,000333.SZ
2026-01-05,78.58,79.49,77.39,78.84,45452476,3572813822,0.6639,0.20335536349771477,000333.SZ
2026-01-06,78.99,79.58,78.06,79.37,40196784,3173707531,0.5872,0.6722475900558189,000333.SZ
2026-01-07,79.37,79.48,78.31,79.03,31253684,2464225429,0.4565,-0.4283734408466744,000333.SZ
2026-01-08,79.6,79.95,79.3,79.77,34108097,2719435078,0.4982,0.9363532835632071,000333.SZ
2026-01-11,79.78,79.79,77.81,78.62,52501410,4117420887,0.7669,-1.4416447285947043,000333.SZ
2026-01-12,77.9,78.0,76.1,76.2,94571232,7277543658,1.3814,-3.078097176291017,000333.SZ
2026-01-13,76.2,77.63,75.91,77.15,53968401,4151813691,0.7881,1.246719160104992,000333.SZ
2026-01-14,77.46,78.05,76.89,77.22,36031372,2794124458,0.5262,0.09073233959817628,000333.SZ
2026-01-15,77.25,77.85,77.15,77.31,37186855,2882035811,0.5431,0.11655011655011815,000333.SZ
2026-01-18,77.37,78.14,77.05,77.62,33637393,2609235772,0.4912,0.4009830552321958,000333.SZ
2026-01-19,77.66,79.37,77.2,79.0,45535750,3580248041,0.665,1.7778922958000543,000333.SZ
2026-01-20,78.96,78.96,77.55,77.78,36808644,2881638098,0.5375,-1.5443037974683493,000333.SZ
2026-01-21,78.25,78.26,77.37,77.49,34404058,2673285096,0.5024,-0.37284649010028703,000333.SZ
2026-01-22,77.57,77.79,76.71,76.78,37370740,2879013288,0.5458,-0.9162472577106673,000333.SZ
2026-01-25,76.8,77.87,76.02,76.35,47313168,3631661682,0.6909,-0.5600416775201955,000333.SZ
2026-01-26,76.4,77.1,75.92,76.1,32580654,2493849777,0.4757,-0.3274394237066103,000333.SZ
2026-01-27,76.09,76.36,75.0,75.34,62893723,4759175492,0.9184,-0.9986859395532122,000333.SZ
2026-01-28,75.7,78.08,75.47,77.88,62244106,4784027398,0.9089,3.37138306344571,000333.SZ
2026-01-29,77.6,79.0,77.4,77.59,53250829,4168550768,0.7775,-0.37236774524909144,000333.SZ
2026-02-01,77.6,78.48,77.0,77.85,34591579,2696447814,0.5051,0.3350947287021455,000333.SZ
2026-02-02,77.8,78.89,77.43,77.91,34503710,2691523350,0.5038,0.07707129094411957,000333.SZ
2026-02-03,78.1,79.88,78.01,79.81,38910259,3080223023,0.5681,2.438711333590038,000333.SZ
2026-02-04,79.83,81.16,79.63,80.45,42919791,3456314703,0.6267,0.8019045232426913,000333.SZ
2026-02-05,80.43,80.8,79.4,79.54,31256590,2494058799,0.4564,-1.131137352392786,000333.SZ
2026-02-08,79.18,79.34,78.41,79.16,33466953,2637206616,0.4887,-0.47774704551170055,000333.SZ
2026-02-09,79.21,80.28,78.88,80.19,30618408,2442130413,0.4471,1.3011622031328995,000333.SZ
2026-02-10,80.0,80.21,79.6,79.69,19806640,1581382077,0.2892,-0.6235191420376651,000333.SZ
2026-02-11,79.46,80.06,79.3,79.8,18878441,1505278311,0.2757,0.13803488518007168,000333.SZ
2026-02-12,79.51,80.0,78.91,79.05,25510243,2024367758,0.3725,-0.9398496240601517,000333.SZ
2026-02-23,80.2,80.6,79.52,79.52,25251393,2020103221,0.3687,0.5945604048070763,000333.SZ
2026-02-24,80.28,80.77,79.29,79.7,28552395,2280423704,0.4169,0.22635814889337968,000333.SZ
2026-02-25,80.15,80.2,78.75,79.25,25327062,2011764284,0.3698,-0.564617314930993,000333.SZ
2026-02-26,79.03,79.5,78.5,78.64,20160388,1590463839,0.2944,-0.7697160883280763,000333.SZ
2026-03-01,78.0,78.06,76.7,77.45,27478559,2126756401,0.4012,-1.5132248219735467,000333.SZ
2026-03-02,77.46,77.64,76.5,76.56,28800034,2219134173,0.4205,-1.1491284699806315,000333.SZ
2026-03-03,76.0,76.52,75.37,76.16,28493355,2165428071,0.4159,-0.5224660397074254,000333.SZ
2026-03-04,76.6,76.99,76.12,76.27,19687239,1505981137,0.2874,0.14443277310924874,000333.SZ
2026-03-05,76.22,76.72,75.76,76.52,20662879,1576695274,0.3016,0.3277828766225177,000333.SZ
2026-03-08,75.73,76.1,75.02,75.41,25947837,1958550801,0.3787,-1.4506011500261318,000333.SZ
2026-03-09,75.75,76.84,75.75,76.6,20908556,1598535440,0.3052,1.5780400477390266,000333.SZ
2026-03-10,76.6,77.72,76.1,77.39,25135764,1941618421,0.3669,1.0313315926893107,000333.SZ
2026-03-11,77.3,77.75,76.93,77.4,19330478,1493891519,0.2821,0.012921566093826442,000333.SZ
2026-03-12,76.95,77.46,76.65,76.86,18729288,1443018566,0.2734,-0.6976744186046546,000333.SZ
2026-03-15,76.52,76.88,75.68,76.64,20560029,1570261577,0.3001,-0.2862347124642173,000333.SZ
2026-03-16,76.98,77.6,76.6,76.6,21407454,1649202285,0.3124,-0.052192066805856197,000333.SZ
2026-03-17,76.74,77.3,76.3,77.06,20071638,1544837048,0.2929,0.6005221932114946,000333.SZ
2026-03-18,76.43,76.98,75.93,76.0,23272907,1777663110,0.3396,-1.3755515182974354,000333.SZ
2026-03-19,75.92,76.15,75.12,75.12,21912595,1657477564,0.3198,-1.1578947368421022,000333.SZ
2026-03-22,73.95,73.97,72.35,73.37,46200800,3377621418,0.6743,-2.3296059637912703,000333.SZ
2026-03-23,73.73,74.42,72.8,74.23,26714723,1968463615,0.3899,1.172141202126209,000333.SZ
2026-03-24,74.5,74.97,73.95,74.8,18496362,1376467588,0.2699,0.7678836050114324,000333.SZ
2026-03-25,74.89,75.54,74.18,74.32,17708533,1325335069,0.2584,-0.6417112299465288,000333.SZ
2026-03-26,72.9,74.95,72.8,74.78,31912535,2367294087,0.4657,0.6189451022605041,000333.SZ
2026-03-29,73.35,74.0,71.77,72.1,45622715,3304801590,0.6658,-3.5838459481144835,000333.SZ
2026-03-30,75.05,77.32,74.31,76.35,69491461,5310077352,1.0142,5.894590846047154,000333.SZ
2026-03-31,76.5,77.4,76.34,76.84,27361577,2100652578,0.3993,0.6417812704649695,000333.SZ
2026-04-01,76.85,77.84,76.58,77.37,32631797,2523387318,0.4762,0.6897449245184761,000333.SZ
2026-04-02,77.3,77.35,76.2,76.35,17277260,1325461933,0.2521,-1.3183404420318068,000333.SZ
2026-04-06,76.35,76.7,75.62,76.12,16382605,1246113300,0.2391,-0.3012442698100748,000333.SZ
2026-04-07,76.95,77.25,76.35,76.73,28680412,2200099879,0.4185,0.8013662637940122,000333.SZ
2026-04-08,76.4,77.02,75.9,76.52,23502394,1796387351,0.343,-0.2736869542551923,000333.SZ
2026-04-09,76.52,76.74,76.06,76.41,25837267,1971065632,0.377,-0.14375326711970615,000333.SZ
2026-04-12,76.03,76.47,75.58,75.78,18237520,1384781818,0.2661,-0.824499411071844,000333.SZ
2026-04-13,76.06,76.55,75.5,76.55,19578158,1489302845,0.2857,1.0160992346265552,000333.SZ
2026-04-14,76.55,77.88,76.2,77.49,31845072,2461286853,0.4647,1.2279555845852386,000333.SZ
2026-04-15,77.77,78.44,77.4,77.9,23807803,1853913748,0.3474,0.5291005291005346,000333.SZ
2026-04-16,78.18,79.25,77.84,78.65,27735236,2181684923,0.4047,0.9627727856226009,000333.SZ
2026-04-19,78.4,79.9,78.05,79.58,27669979,2201771534,0.4037,1.1824539097266218,000333.SZ
2026-04-20,79.75,80.08,79.2,79.5,23879288,1903225382,0.3484,-0.10052777079667674,000333.SZ
2026-04-21,79.5,79.63,78.87,79.3,20278160,1606990585,0.2959,-0.2515723270440251,000333.SZ
2026-04-22,79.29,80.15,78.73,79.85,29943246,2388456633,0.4368,0.6935687263555979,000333.SZ
2026-04-23,79.56,80.2,79.46,79.66,21788011,1740580503,0.3179,-0.23794614902942213,000333.SZ
2026-04-26,79.24,80.15,79.01,79.5,25851162,2060818397,0.3771,-0.20085362791865125,000333.SZ
2026-04-27,79.45,80.8,79.18,80.45,30472906,2450034708,0.4445,1.1949685534591303,000333.SZ
2026-04-28,80.55,81.94,80.45,81.31,33110792,2684108096,0.483,1.0689869484151737,000333.SZ
2026-04-29,81.0,82.15,80.61,81.1,35443269,2889837730,0.517,-0.2582708153978652,000333.SZ
2026-05-05,79.7,80.88,79.15,80.44,36041863,2885237850,0.5258,-0.8138101109741003,000333.SZ
2026-05-06,80.0,80.98,79.77,79.81,37217647,2988466109,0.5429,-0.7831924415713565,000333.SZ
2026-05-07,79.65,81.09,79.32,80.4,28242327,2273797150,0.4119,0.7392557323643745,000333.SZ
2026-05-10,80.14,82.45,79.58,80.67,43644407,3540579382,0.6365,0.33582089552237626,000333.SZ
2026-05-11,80.66,81.17,79.73,80.09,35775583,2875768679,0.5218,-0.7189785546051763,000333.SZ
2026-05-12,79.96,80.95,79.63,80.38,32849685,2636662837,0.4791,0.362092645773493,000333.SZ
2026-05-13,80.39,82.08,80.39,81.81,38926688,3174393395,0.5677,1.7790495148046759,000333.SZ
2026-05-14,81.45,83.3,80.75,82.57,42660857,3525964212,0.6221,0.9289817870675954,000333.SZ
2026-05-17,82.68,83.44,82.08,82.83,37735368,3123465724,0.5502,0.3148843405595292,000333.SZ
2026-05-18,82.83,82.84,80.5,81.0,33581768,2725821114,0.4897,-2.2093444404201357,000333.SZ
2026-05-19,80.72,82.16,80.08,81.5,30159703,2454297430,0.4397,0.6172839506172867,000333.SZ
2026-05-20,82.15,83.15,81.5,81.5,31181254,2562761519,0.4546,0.0,000333.SZ
2026-05-21,81.67,82.0,79.89,80.28,30984802,2493884552,0.4517,-1.4969325153374236,000333.SZ
2026-05-24,80.0,80.14,78.79,79.81,23127455,1842662846,0.3372,-0.5854509217737891,000333.SZ
2026-05-25,79.8,80.7,79.43,79.55,24495312,1954515555,0.3571,-0.32577371256735654,000333.SZ
2026-05-26,79.53,80.28,78.87,80.03,25588779,2034009882,0.373,0.6033940917661962,000333.SZ
2026-05-27,79.6,79.78,78.61,78.95,24199752,1913267193,0.3527,-1.3494939397725836,000333.SZ
2026-05-28,78.92,81.26,78.5,80.85,42972944,3461222698,0.6263,2.4065864471184195,000333.SZ
2026-05-31,80.32,82.0,80.29,81.7,37671119,3058758977,0.549,1.0513296227582014,000333.SZ
2026-06-01,81.26,82.79,81.22,82.6,26317746,2162929060,0.3836,1.1015911872704898,000333.SZ
2026-06-02,82.3,82.7,81.56,82.61,23032626,1895269952,0.3357,0.012106537530276462,000333.SZ
2026-06-03,82.05,83.48,81.8,82.42,24365847,2019048245,0.3551,-0.22999636847839122,000333.SZ
2026-06-04,82.3,83.3,81.6,81.69,20949437,1725517859,0.3053,-0.8857073525843306,000333.SZ
2026-06-07,81.39,83.75,80.88,82.85,36703053,3034363535,0.5349,1.4200024482800888,000333.SZ
2026-06-08,82.5,82.99,81.75,82.36,22099177,1819542341,0.322,-0.5914302957151452,000333.SZ
2026-06-09,82.5,84.88,81.47,83.9,38697291,3242378394,0.5639,1.8698397280233259,000333.SZ
2026-06-10,83.66,85.9,83.4,85.35,52143692,4432709137,0.7599,1.7282479141835339,000333.SZ
2026-06-11,84.5,84.66,82.55,83.23,42935287,3569548761,0.6257,-2.48388986526068,000333.SZ
2026-06-14,82.95,82.98,80.5,80.93,43292554,3514282135,0.6309,-2.763426649044809,000333.SZ
2026-06-15,80.97,80.99,78.56,78.96,41523880,3291473115,0.6051,-2.434202397133345,000333.SZ
2026-06-16,78.97,79.85,78.54,79.22,33447229,2647888308,0.4874,0.32928064842958626,000333.SZ
2026-06-17,79.23,79.49,77.8,78.0,36366779,2850857596,0.53,-1.540015147689977,000333.SZ
2026-06-21,77.33,79.15,76.9,78.28,30670955,2398663377,0.447,0.35897435897436214,000333.SZ
2026-06-22,78.17,79.62,77.82,78.07,36089100,2832542710,0.5259,-0.26826775677057935,000333.SZ
2026-06-23,78.5,78.7,76.0,76.63,38487790,2950191887,0.5609,-1.8444985269629788,000333.SZ
2026-06-24,76.64,78.37,76.2,76.5,41148953,3173689872,0.5996,-0.1696463526034142,000333.SZ
2026-06-25,76.88,78.94,76.61,78.55,44953388,3512507556,0.6551,2.6797385620914937,000333.SZ
