date,open,high,low,close,volume,amount,turn,pct_change,windcode
2020-01-01,44.67,46.09,44.61,45.96,46361443,3119667657,0.78,,000651.SZ
2020-01-02,46.29,46.5,45.28,45.42,36870373,2494833314,0.62,-1.1749347258485643,000651.SZ
2020-01-05,45.22,45.4,44.0,44.59,46780255,3092810584,0.78,-1.8273888154997753,000651.SZ
2020-01-06,44.79,45.72,44.68,45.57,41076595,2759986206,0.69,2.19780219780219,000651.SZ
2020-01-07,45.08,47.16,45.08,46.57,48780896,3335825897,0.82,2.1944261575598034,000651.SZ
2020-01-08,47.15,47.76,46.75,47.3,34853812,2440521148,0.58,1.5675327464032662,000651.SZ
2020-01-09,47.39,47.75,46.99,47.21,20032474,1400528269,0.34,-0.19027484143762097,000651.SZ
2020-01-12,47.33,47.52,46.81,47.22,27115151,1887571540,0.45,0.021181952976068175,000651.SZ
2020-01-13,47.42,47.68,46.98,47.25,21307675,1487443412,0.36,0.06353240152479067,000651.SZ
2020-01-14,47.47,47.49,46.35,46.64,27853363,1920151797,0.47,-1.2910052910052872,000651.SZ
2020-01-15,46.94,46.94,45.31,45.57,45958549,3099750015,0.77,-2.294168096054894,000651.SZ
2020-01-16,46.02,46.41,45.66,45.97,30055306,2040298063,0.5,0.877770463023908,000651.SZ
2020-01-19,46.23,46.29,45.37,46.27,25946658,1762760743,0.43,0.6525995214270219,000651.SZ
2020-01-20,45.89,45.89,44.88,45.01,37020861,2472027904,0.62,-2.7231467473525117,000651.SZ
2020-01-21,44.78,45.42,43.86,45.11,39241238,2582805713,0.66,0.22217285047767543,000651.SZ
2020-01-22,44.63,44.68,43.0,43.28,53157650,3427455373,0.89,-4.056750166260247,000651.SZ
2020-02-02,39.26,41.97,38.96,39.78,109790930,6500814901,1.84,-8.086876155268019,000651.SZ
2020-02-03,40.59,42.1,40.37,41.68,65983247,4043015745,1.11,4.77626948215184,000651.SZ
2020-02-04,41.97,42.98,41.7,42.54,56278881,3529336920,0.94,2.0633397312859847,000651.SZ
2020-02-05,42.98,43.12,41.76,42.81,49492478,3103407420,0.83,0.6346967559943684,000651.SZ
2020-02-06,42.24,42.51,41.82,42.22,47544410,2956033590,0.8,-1.3781826676010356,000651.SZ
2020-02-09,41.97,42.17,41.47,42.04,33848905,2094108329,0.57,-0.426338228327805,000651.SZ
2020-02-10,42.48,43.63,42.31,43.27,44717625,2846021212,0.75,2.925784966698397,000651.SZ
2020-02-11,43.25,43.59,42.5,43.2,34994937,2226659367,0.59,-0.16177490177952114,000651.SZ
2020-02-12,43.14,43.58,42.35,42.58,38606706,2438184137,0.65,-1.435185185185195,000651.SZ
2020-02-13,42.37,42.93,42.18,42.46,30018493,1882517397,0.5,-0.28182245185532917,000651.SZ
2020-02-16,41.63,42.8,41.57,42.73,51407393,3216065683,0.86,0.6358926048045221,000651.SZ
2020-02-17,42.64,42.66,41.9,42.08,49901464,3103673019,0.84,-1.5211794991809025,000651.SZ
2020-02-18,41.97,42.17,41.37,41.74,39945190,2468375708,0.67,-0.8079847908745164,000651.SZ
2020-02-19,41.9,42.98,41.78,42.98,58676248,3682160207,0.98,2.9707714422616105,000651.SZ
2020-02-20,42.87,42.87,42.1,42.4,54346991,3402734451,0.91,-1.349464867380168,000651.SZ
2020-02-23,42.05,42.17,41.51,41.68,66204780,4078317980,1.11,-1.6981132075471694,000651.SZ
2020-02-24,41.19,41.19,40.34,40.78,73307798,4406830977,1.23,-2.1593090211132426,000651.SZ
2020-02-25,40.07,41.48,39.94,40.81,56646370,3408276665,0.95,0.07356547327121987,000651.SZ
2020-02-26,40.63,41.36,40.63,41.09,35634798,2164825442,0.6,0.6861063464837169,000651.SZ
2020-02-27,40.23,40.61,39.53,40.07,51370598,3039712687,0.86,-2.4823558043319593,000651.SZ
2020-03-01,40.0,40.86,39.73,40.63,50283937,3007688510,0.84,1.3975542800099827,000651.SZ
2020-03-02,41.28,41.29,40.19,40.61,47456276,2845026405,0.79,-0.049224710804829375,000651.SZ
2020-03-03,40.31,40.55,39.95,40.49,42339393,2517114494,0.71,-0.29549372075843294,000651.SZ
2020-03-04,40.96,42.64,40.51,42.64,101844526,6302224182,1.71,5.309953074833285,000651.SZ
2020-03-05,42.07,42.37,41.5,41.62,50353322,3112954401,0.84,-2.3921200750469107,000651.SZ
2020-03-08,40.61,40.61,39.94,40.09,58723190,3491790279,0.98,-3.6761172513214646,000651.SZ
2020-03-09,39.93,41.41,39.9,41.13,54143802,3253817259,0.91,2.5941631329508663,000651.SZ
2020-03-10,41.14,41.21,40.32,40.36,36194722,2170270215,0.61,-1.8721128130318565,000651.SZ
2020-03-11,39.86,39.97,39.25,39.41,49656245,2899265452,0.83,-2.3538156590683923,000651.SZ
2020-03-12,37.51,38.99,37.23,38.52,54346379,3057574403,0.91,-2.258310073585368,000651.SZ
2020-03-15,38.83,38.84,36.8,36.82,56240633,3123352274,0.94,-4.413291796469377,000651.SZ
2020-03-16,36.35,37.64,35.16,35.84,60590194,3224683444,1.01,-2.6615969581748944,000651.SZ
2020-03-17,35.88,37.34,35.14,35.5,70323091,3761082471,1.18,-0.9486607142857206,000651.SZ
2020-03-18,34.93,35.16,32.76,34.05,109883799,5488904317,1.84,-4.084507042253527,000651.SZ
2020-03-19,34.31,35.06,34.01,34.91,63267049,3229182480,1.06,2.525697503671065,000651.SZ
2020-03-22,33.84,34.05,33.22,33.32,48467133,2404677413,0.81,-4.554568891435107,000651.SZ
2020-03-23,33.91,34.79,33.73,34.62,60043635,3045582347,1.01,3.901560624249689,000651.SZ
2020-03-24,35.88,36.38,35.66,36.2,63587783,3392948037,1.07,4.563835932986726,000651.SZ
2020-03-25,35.88,36.45,35.6,35.76,35392957,1882251323,0.59,-1.2154696132596787,000651.SZ
2020-03-26,36.45,37.03,35.39,35.58,58661530,3127275061,0.98,-0.5033557046979831,000651.SZ
2020-03-29,35.1,35.29,34.58,35.25,37727448,1948128674,0.63,-0.9274873524451888,000651.SZ
2020-03-30,35.8,35.8,35.27,35.33,31237383,1638485847,0.52,0.22695035460993385,000651.SZ
2020-03-31,34.89,35.81,34.89,35.19,35684224,1865040044,0.6,-0.39626379847155224,000651.SZ
2020-04-01,34.85,35.4,34.44,35.4,39875302,2059368988,0.67,0.5967604433077645,000651.SZ
2020-04-02,35.53,35.54,35.07,35.17,30594728,1593396979,0.51,-0.6497175141242817,000651.SZ
2020-04-06,35.87,36.15,35.55,35.69,49804116,2632716168,0.83,1.478532840489044,000651.SZ
2020-04-07,35.52,35.54,34.88,35.06,43137244,2238410929,0.72,-1.7652003362286228,000651.SZ
2020-04-08,35.25,35.4,35.03,35.12,33019936,1714636878,0.55,0.17113519680547196,000651.SZ
2020-04-09,35.19,37.38,35.06,36.38,77923258,4196948952,1.31,3.587699316628723,000651.SZ
2020-04-12,37.23,38.58,37.15,38.25,85781913,4809415741,1.44,5.1401869158878455,000651.SZ
2020-04-13,38.82,38.99,37.64,38.18,61676496,3468937143,1.03,-0.1830065359477162,000651.SZ
2020-04-14,37.09,37.68,36.42,36.83,97474198,5335019941,1.63,-3.535882661079104,000651.SZ
2020-04-15,36.53,37.26,36.45,37.22,49171857,2686905821,0.82,1.0589193592180246,000651.SZ
2020-04-16,37.43,37.56,36.93,37.03,45970331,2523464787,0.77,-0.5104782375067063,000651.SZ
2020-04-19,37.06,37.15,36.69,36.88,36752123,2001918078,0.62,-0.40507696462327436,000651.SZ
2020-04-20,36.82,36.82,35.88,36.15,41966538,2242597204,0.7,-1.9793926247288596,000651.SZ
2020-04-21,35.92,36.69,35.71,36.69,32078808,1721548219,0.54,1.4937759336099532,000651.SZ
2020-04-22,36.69,37.3,36.69,37.14,47484132,2600242889,0.8,1.22649223221587,000651.SZ
2020-04-23,37.24,37.3,36.52,36.65,28787951,1563281028,0.48,-1.3193322563274101,000651.SZ
2020-04-26,36.54,37.01,36.3,36.61,24465486,1327568195,0.41,-0.10914051841746097,000651.SZ
2020-04-27,36.61,37.3,36.25,37.22,40855500,2233721075,0.68,1.6662114176454468,000651.SZ
2020-04-28,37.09,37.82,36.99,37.38,32044017,1778301317,0.54,0.4298764105319819,000651.SZ
2020-04-29,36.61,37.68,36.55,37.07,63145363,3452771148,1.06,-0.8293204922418473,000651.SZ
2020-05-05,36.43,36.86,36.43,36.86,60318237,3261213460,1.01,-0.5664958187213354,000651.SZ
2020-05-06,36.88,37.21,36.57,36.62,43538631,2365773800,0.73,-0.6511123168746691,000651.SZ
2020-05-07,36.76,38.98,36.55,38.58,123373707,6960938612,2.07,5.352266521026761,000651.SZ
2020-05-10,39.25,40.09,39.12,39.4,87171582,5106210049,1.46,2.12545360290306,000651.SZ
2020-05-11,39.67,40.13,39.29,39.94,65911559,3877277579,1.1,1.3705583756345119,000651.SZ
2020-05-12,39.93,39.93,39.11,39.52,48190420,2811015693,0.81,-1.0515773660490613,000651.SZ
2020-05-13,39.54,40.18,39.5,39.65,40248472,2363678848,0.67,0.3289473684210398,000651.SZ
2020-05-14,39.94,39.95,39.06,39.21,38278425,2226821791,0.64,-1.1097099621689699,000651.SZ
2020-05-17,39.26,39.56,38.58,39.25,40813065,2362232004,0.68,0.10201479214486664,000651.SZ
2020-05-18,39.94,39.94,39.2,39.27,35141548,2049291641,0.59,0.05095541401274328,000651.SZ
2020-05-19,39.26,39.26,38.61,38.84,37054258,2126225292,0.62,-1.0949834479246245,000651.SZ
2020-05-20,39.06,39.06,38.42,38.59,28257617,1611479871,0.47,-0.643666323377956,000651.SZ
2020-05-21,38.6,38.6,37.64,37.65,39114075,2190126379,0.66,-2.4358642135268282,000651.SZ
2020-05-24,37.66,37.87,36.82,37.16,39373644,2159635374,0.66,-1.3014608233731795,000651.SZ
2020-05-25,37.57,38.52,37.54,38.5,44497025,2505509971,0.75,3.6060279870828937,000651.SZ
2020-05-26,38.45,38.89,37.91,38.07,35057418,1978039958,0.59,-1.1168831168831161,000651.SZ
2020-05-27,38.1,38.99,37.94,38.46,41975732,2387382503,0.7,1.0244286840031647,000651.SZ
2020-05-28,38.12,38.6,38.06,38.54,29169129,1653447090,0.49,0.2080083203328087,000651.SZ
2020-05-31,38.93,39.44,38.71,39.24,57925071,3350002819,0.97,1.8162947586922717,000651.SZ
2020-06-01,39.86,39.92,39.06,39.32,46837490,2727456657,0.78,0.20387359836899765,000651.SZ
2020-06-02,39.33,39.59,38.93,39.27,45819960,2663404636,0.77,-0.1271617497456745,000651.SZ
2020-06-03,39.67,40.4,39.53,40.38,65622849,3889276666,1.1,2.826585179526364,000651.SZ
2020-06-04,40.61,41.3,40.54,40.73,58536642,3537033310,0.98,0.8667657256067329,000651.SZ
2020-06-07,41.68,42.64,41.29,42.23,69837724,4352741531,1.17,3.6827890989442613,000651.SZ
2020-06-08,42.38,42.41,41.51,41.91,42343080,2624116044,0.71,-0.7577551503670343,000651.SZ
2020-06-09,42.28,42.29,41.21,41.51,41414208,2538340301,0.69,-0.954426151276544,000651.SZ
2020-06-10,41.51,41.53,40.31,40.68,50272548,2967853991,0.84,-1.9995181883883384,000651.SZ
2020-06-11,39.73,40.73,39.4,40.68,45814513,2664909219,0.77,0.0,000651.SZ
2020-06-14,40.13,40.42,39.51,39.55,43486456,2511349540,0.73,-2.777777777777779,000651.SZ
2020-06-15,40.04,40.16,39.56,39.93,37333377,2154265739,0.63,0.9608091024020382,000651.SZ
2020-06-16,39.86,39.9,39.44,39.88,34059687,1958449252,0.57,-0.12521913348358948,000651.SZ
2020-06-17,39.7,40.41,39.7,40.08,35416346,2055422018,0.59,0.5015045135406071,000651.SZ
2020-06-18,40.39,40.73,40.18,40.62,55418363,3254280721,0.93,1.3473053892215647,000651.SZ
2020-06-21,39.91,39.97,39.25,39.53,73739030,4219357336,1.24,-2.683407188577047,000651.SZ
2020-06-22,39.35,39.56,38.8,38.82,71733841,4053258700,1.2,-1.7961042246395165,000651.SZ
2020-06-23,38.87,39.53,38.87,39.5,53712688,3062608627,0.9,1.7516743946419444,000651.SZ
2020-06-28,39.35,39.36,38.82,38.98,37301744,2107362032,0.62,-1.3164556962025342,000651.SZ
2020-06-29,39.19,39.42,38.79,39.06,42914148,2429936484,0.72,0.20523345305285545,000651.SZ
2020-06-30,39.08,39.91,38.66,39.64,72233256,4113728681,1.21,1.4848950332821298,000651.SZ
2020-07-01,39.48,40.24,39.28,40.19,102071153,5865537926,1.71,1.3874873864782922,000651.SZ
2020-07-02,40.32,41.08,40.07,40.35,93973703,5501964868,1.57,0.39810898233392233,000651.SZ
2020-07-05,40.15,42.44,39.97,42.29,142141613,8511052461,2.38,4.807930607187116,000651.SZ
2020-07-06,42.84,43.5,41.46,41.48,146240576,8947221748,2.45,-1.9153464175928114,000651.SZ
2020-07-07,41.42,41.98,40.49,41.07,127042154,7524133912,2.13,-0.9884281581485022,000651.SZ
2020-07-08,41.17,41.35,40.84,41.3,104182511,6205199652,1.75,0.5600194789384005,000651.SZ
2020-07-09,41.78,42.25,40.65,40.73,120513278,7223265899,2.02,-1.380145278450362,000651.SZ
2020-07-12,40.87,41.27,40.4,41.04,124377102,7354224865,2.08,0.7611097471151629,000651.SZ
2020-07-13,41.03,41.27,40.04,40.4,94871962,5576286011,1.59,-1.5594541910331383,000651.SZ
2020-07-14,40.04,41.08,39.71,40.51,113275617,6661411498,1.9,0.2722772277227614,000651.SZ
2020-07-15,40.73,41.08,38.3,38.66,124051109,7102871663,2.08,-4.5667736361392315,000651.SZ
2020-07-16,39.21,39.7,38.97,39.5,76939167,4389645206,1.29,2.172788411795157,000651.SZ
2020-07-19,39.5,40.81,39.03,40.69,88620390,5156071629,1.48,3.0126582278480862,000651.SZ
2020-07-20,40.91,41.28,40.31,40.67,68467522,4038139247,1.15,-0.049152125829432514,000651.SZ
2020-07-21,40.73,41.6,40.7,41.09,94278638,5629083780,1.58,1.0327022375215211,000651.SZ
2020-07-22,41.15,41.63,40.43,41.49,93755412,5586124692,1.57,0.9734728644438917,000651.SZ
2020-07-23,41.13,41.21,39.07,39.46,101520091,5880021407,1.7,-4.89274523981682,000651.SZ
2020-07-26,39.59,39.95,38.94,39.2,53875430,3070819828,0.9,-0.6588950836289853,000651.SZ
2020-07-27,39.63,39.7,39.06,39.33,44074090,2514836281,0.74,0.33163265306122014,000651.SZ
2020-07-28,39.33,41.42,39.21,41.01,143014000,8482811953,2.4,4.27154843630817,000651.SZ
2020-07-29,41.35,41.35,39.53,39.68,123686229,7181872782,2.07,-3.2431114362350577,000651.SZ
2020-07-30,39.6,39.73,38.97,39.29,115564496,6564411281,1.94,-0.9828629032258118,000651.SZ
2020-08-02,39.46,39.79,39.26,39.57,82389786,4707789349,1.38,0.712649529142273,000651.SZ
2020-08-03,39.64,39.72,39.2,39.47,75142989,4284141836,1.26,-0.25271670457417406,000651.SZ
2020-08-04,39.24,39.42,39.01,39.25,59413552,3368512706,1.0,-0.5573853559665554,000651.SZ
2020-08-05,39.13,39.24,38.53,38.81,70954068,3986909293,1.19,-1.1210191082802523,000651.SZ
2020-08-06,38.71,39.02,38.31,38.84,66863316,3750602954,1.12,0.07729966503478014,000651.SZ
2020-08-09,38.83,38.97,38.4,38.87,56139598,3149335741,0.94,0.07723995880533074,000651.SZ
2020-08-10,39.01,39.25,38.53,38.57,54666547,3081532831,0.92,-0.7718034473887192,000651.SZ
2020-08-11,38.42,38.68,38.0,38.48,60200918,3335658047,1.01,-0.23334197562873138,000651.SZ
2020-08-12,38.59,38.93,38.49,38.51,34203870,1914106545,0.57,0.07796257796257589,000651.SZ
2020-08-13,38.51,38.86,38.32,38.84,31724476,1776919562,0.53,0.8569202804466602,000651.SZ
2020-08-16,38.84,39.48,38.66,39.21,67772412,3845816957,1.14,0.9526261585993678,000651.SZ
2020-08-17,39.07,39.19,38.59,38.68,61849450,3474057691,1.04,-1.3516959959194108,000651.SZ
2020-08-18,38.56,38.56,38.1,38.1,50098471,2777352512,0.84,-1.499482936918295,000651.SZ
2020-08-19,37.94,37.94,37.3,37.37,62631331,3399987120,1.05,-1.9160104986876703,000651.SZ
2020-08-20,37.94,37.94,37.29,37.43,38246503,2074844917,0.64,0.1605565962001565,000651.SZ
2020-08-23,37.63,37.77,37.28,37.38,45509578,2467198026,0.76,-0.13358268768366433,000651.SZ
2020-08-24,37.3,37.58,37.3,37.48,35115499,1903737678,0.59,0.2675227394328461,000651.SZ
2020-08-25,37.49,37.67,36.59,36.87,61686565,3313253989,1.03,-1.6275346851654215,000651.SZ
2020-08-26,36.87,36.92,36.16,36.55,52794831,2784491796,0.88,-0.8679142934635231,000651.SZ
2020-08-27,36.6,38.01,36.51,38.0,82688619,4508023542,1.39,3.9671682626539084,000651.SZ
2020-08-30,38.63,38.87,37.47,37.63,74345155,4092754403,1.25,-0.9736842105263044,000651.SZ
2020-08-31,37.49,37.9,37.31,37.8,32527930,1774722794,0.54,0.4517672070156742,000651.SZ
2020-09-01,38.1,38.17,37.3,37.65,38087260,2080511674,0.64,-0.3968253968253954,000651.SZ
2020-09-02,37.93,38.06,37.6,37.8,48893478,2684349415,0.82,0.3984063745019917,000651.SZ
2020-09-03,37.48,37.97,37.18,37.85,37360185,2031735224,0.63,0.1322751322751392,000651.SZ
2020-09-06,37.97,38.52,37.85,37.98,56450197,3124388841,0.95,0.3434610303830743,000651.SZ
2020-09-07,38.17,38.36,37.97,38.3,41897242,2319953686,0.7,0.8425487098472795,000651.SZ
2020-09-08,37.77,38.14,37.34,37.63,36494736,1992127847,0.61,-1.749347258485623,000651.SZ
2020-09-09,37.74,37.86,37.56,37.7,34310821,1874996343,0.57,0.18602179112410244,000651.SZ
2020-09-10,37.75,38.04,37.5,37.88,32475203,1778012516,0.54,0.4774535809018543,000651.SZ
2020-09-13,37.94,38.46,37.88,38.17,25777547,1420455344,0.43,0.7655755015839372,000651.SZ
2020-09-14,38.17,38.72,37.97,38.5,43682624,2436782597,0.73,0.8645533141210304,000651.SZ
2020-09-15,38.5,38.62,37.94,38.01,33530584,1855183300,0.56,-1.272727272727281,000651.SZ
2020-09-16,38.0,38.17,37.78,37.83,27868080,1530686910,0.47,-0.47355958958168465,000651.SZ
2020-09-17,38.11,38.47,37.84,38.42,33810238,1871327126,0.57,1.5596087761036381,000651.SZ
2020-09-20,38.49,39.32,38.45,39.04,68578241,3879534745,1.15,1.6137428422696498,000651.SZ
2020-09-21,38.77,38.98,38.17,38.32,33698049,1882711896,0.56,-1.8442622950819665,000651.SZ
2020-09-22,38.32,38.45,38.01,38.32,24325856,1345627445,0.41,0.0,000651.SZ
2020-09-23,38.06,38.15,37.36,37.51,31425891,1715410933,0.53,-2.1137787056367485,000651.SZ
2020-09-24,37.52,37.67,37.27,37.36,24854488,1345016223,0.42,-0.3998933617701872,000651.SZ
2020-09-27,37.36,37.59,36.59,36.61,46381353,2470966629,0.78,-2.0074946466809407,000651.SZ
2020-09-28,36.87,37.01,36.63,36.63,29349466,1564171188,0.49,0.05462988254576473,000651.SZ
2020-09-29,36.7,36.88,36.61,36.8,22717205,1209072686,0.38,0.4641004641004587,000651.SZ
2020-10-08,37.61,38.11,37.36,37.8,48033764,2629345148,0.8,2.717391304347827,000651.SZ
2020-10-11,37.99,38.59,37.99,38.54,41148508,2290440923,0.69,1.9576719576719581,000651.SZ
2020-10-12,38.54,38.69,38.32,38.6,24589778,1371853739,0.41,0.15568240788792487,000651.SZ
2020-10-13,39.66,40.03,39.37,39.77,105344906,6067693999,1.76,3.0310880829015563,000651.SZ
2020-10-14,39.86,40.37,39.77,40.0,68250028,3970673990,1.14,0.5783253708825598,000651.SZ
2020-10-15,40.04,40.58,39.67,39.84,47393523,2755673672,0.79,-0.39999999999998925,000651.SZ
2020-10-18,40.15,40.28,39.49,39.53,36508836,2107759841,0.61,-0.7781124497992065,000651.SZ
2020-10-19,39.71,39.95,39.49,39.8,28263303,1628567959,0.47,0.6830255502150218,000651.SZ
2020-10-20,40.04,40.39,39.57,40.04,40481052,2348785508,0.68,0.6030150753769004,000651.SZ
2020-10-21,40.01,40.53,39.53,40.46,51206321,2980635433,0.86,1.0489510489510634,000651.SZ
2020-10-22,40.58,40.6,40.1,40.26,37380071,2186303407,0.63,-0.4943153732081096,000651.SZ
2020-10-25,40.25,40.6,39.78,40.17,33553983,1949519844,0.56,-0.22354694485841042,000651.SZ
2020-10-26,40.18,40.39,39.49,39.51,32955304,1902179969,0.55,-1.6430171769977742,000651.SZ
2020-10-27,39.51,39.91,39.39,39.53,31676747,1816400514,0.53,0.05062009617819996,000651.SZ
2020-10-28,39.08,40.24,38.9,39.79,47239897,2709156826,0.79,0.657728307614458,000651.SZ
2020-10-29,40.04,41.12,40.04,40.34,79267809,4669259002,1.33,1.3822568484543885,000651.SZ
2020-11-01,40.11,41.87,40.11,41.56,82520570,4959806489,1.38,3.024293505205744,000651.SZ
2020-11-02,41.59,41.67,40.92,41.44,49374257,2957996062,0.83,-0.2887391722810495,000651.SZ
2020-11-03,41.73,43.31,41.67,42.93,91074682,5636631713,1.53,3.595559845559859,000651.SZ
2020-11-04,43.43,44.34,43.09,43.36,69541553,4394307049,1.16,1.0016305613789855,000651.SZ
2020-11-05,43.83,45.91,43.5,45.83,108598632,7118017833,1.82,5.696494464944646,000651.SZ
2020-11-08,46.91,47.83,45.84,46.64,93232831,6316768287,1.56,1.7674012655465976,000651.SZ
2020-11-09,46.46,46.46,45.12,45.47,60427872,3978080905,1.01,-2.508576329331047,000651.SZ
2020-11-10,45.37,46.16,44.58,45.44,49063011,3234013896,0.82,-0.0659775676270069,000651.SZ
2020-11-11,45.91,47.02,45.9,46.51,51561805,3416810223,0.86,2.354753521126751,000651.SZ
2020-11-12,46.08,46.66,45.56,46.44,44570665,2930849702,0.75,-0.15050526768436434,000651.SZ
2020-11-15,47.32,47.65,45.98,46.82,40244531,2676569996,0.67,0.818260120585701,000651.SZ
2020-11-16,46.72,48.71,46.59,47.94,60831533,4167731406,1.02,2.3921401110636342,000651.SZ
2020-11-17,47.73,48.01,46.25,46.74,52482888,3521956804,0.88,-2.5031289111389188,000651.SZ
2020-11-18,46.75,47.9,46.75,47.59,51061352,3455112114,0.86,1.818570817287113,000651.SZ
2020-11-19,47.6,47.86,46.89,47.59,38351303,2597069370,0.64,0.0,000651.SZ
2020-11-22,47.64,47.87,47.13,47.83,46254238,3142701173,0.77,0.5043076276528558,000651.SZ
2020-11-23,48.01,48.14,46.34,46.82,50330930,3371246391,0.84,-2.111645410830021,000651.SZ
2020-11-24,46.96,47.55,46.72,46.84,33198075,2232463305,0.56,0.04271678769756093,000651.SZ
2020-11-25,47.31,47.63,46.24,46.57,36685810,2445543373,0.61,-0.5764304013663568,000651.SZ
2020-11-26,46.58,47.18,46.27,46.72,27054195,1800816485,0.45,0.3220957698088833,000651.SZ
2020-11-29,47.15,47.78,46.67,46.7,43415990,2923685644,0.73,-0.04280821917806987,000651.SZ
2020-11-30,46.4,47.1,46.14,47.1,34692992,2314401714,0.58,0.8565310492505418,000651.SZ
2020-12-01,47.57,48.91,47.1,48.73,74760101,5165669002,1.25,3.4607218683651686,000651.SZ
2020-12-02,48.32,48.78,47.14,48.01,55285651,3780627390,0.93,-1.4775292427662623,000651.SZ
2020-12-03,48.01,48.41,47.56,48.36,33579371,2300729107,0.56,0.7290147885857134,000651.SZ
2020-12-06,48.17,48.32,47.52,47.66,30614271,2085425300,0.51,-1.447477253928875,000651.SZ
2020-12-07,48.02,48.04,45.91,46.02,57070900,3785168282,0.96,-3.441040704993692,000651.SZ
2020-12-08,45.99,45.99,43.81,43.88,72927772,4629525433,1.22,-4.650152107779226,000651.SZ
2020-12-09,44.16,44.7,43.96,44.03,41285201,2612063567,0.69,0.3418413855970748,000651.SZ
2020-12-10,44.5,44.85,44.07,44.71,39857593,2528210705,0.67,1.5444015444015413,000651.SZ
2020-12-13,44.71,44.85,43.81,43.98,30817278,1936741053,0.52,-1.6327443524938534,000651.SZ
2020-12-14,43.45,43.52,42.47,42.74,75961321,4637048624,1.27,-2.8194633924511048,000651.SZ
2020-12-15,42.75,43.3,42.4,42.77,67090874,4099386911,1.12,0.07019185774450598,000651.SZ
2020-12-16,42.87,43.35,42.13,43.18,52370703,3210819764,0.88,0.9586158522328692,000651.SZ
2020-12-17,43.19,43.46,42.79,43.01,35606623,2189618946,0.6,-0.3937007874015741,000651.SZ
2020-12-20,42.83,42.84,42.19,42.54,48688161,2950573699,0.82,-1.0927691234596582,000651.SZ
2020-12-21,42.47,42.73,41.97,42.13,44334856,2670818609,0.74,-0.9637987776210499,000651.SZ
2020-12-22,41.98,42.46,41.81,42.16,41634389,2505514940,0.7,0.0712081652029184,000651.SZ
2020-12-23,42.6,42.84,41.95,42.09,30092212,1816649657,0.5,-0.16603415559770518,000651.SZ
2020-12-24,42.04,42.04,41.3,41.5,33872995,2009984982,0.57,-1.4017581373247934,000651.SZ
2020-12-27,41.5,42.72,41.13,42.47,47450431,2853243859,0.79,2.3373493975903603,000651.SZ
2020-12-28,42.48,43.28,42.23,42.66,32934223,2008115357,0.55,0.44737461737696105,000651.SZ
2020-12-29,42.61,42.94,42.29,42.94,34484268,2098338154,0.58,0.6563525550867366,000651.SZ
2020-12-30,42.67,43.73,42.61,43.41,43939294,2720168509,0.74,1.0945505356311003,000651.SZ
2021-01-03,43.31,44.38,43.17,44.08,54903578,3446303253,0.92,1.5434231743837845,000651.SZ
2021-01-04,43.7,45.93,43.7,45.74,70088887,4476765716,1.17,3.7658802177858552,000651.SZ
2021-01-05,46.26,46.8,44.64,44.9,52170379,3380525888,0.87,-1.8364669873196404,000651.SZ
2021-01-06,44.9,45.58,44.5,45.34,46475055,2990421802,0.78,0.9799554565701696,000651.SZ
2021-01-07,45.53,46.51,44.85,45.34,49950205,3243707427,0.84,0.0,000651.SZ
2021-01-10,44.94,45.47,43.6,43.77,58182903,3686754230,0.97,-3.462726069695632,000651.SZ
2021-01-11,43.52,44.91,43.52,44.62,44731442,2825422594,0.75,1.9419693854237918,000651.SZ
2021-01-12,44.85,46.26,44.69,45.5,57162721,3717431616,0.96,1.9722097714029552,000651.SZ
2021-01-13,45.57,45.95,44.15,44.24,44703512,2860894596,0.75,-2.7692307692307683,000651.SZ
2021-01-14,43.96,44.64,43.67,44.43,34537150,2177874008,0.58,0.42947558770343175,000651.SZ
2021-01-17,44.15,44.99,43.87,44.69,38390498,2432906889,0.64,0.5851901868107134,000651.SZ
2021-01-18,44.66,45.62,43.91,44.1,40845405,2602511496,0.68,-1.3202058626090807,000651.SZ
2021-01-19,44.01,44.05,42.67,42.75,60848099,3749281990,1.02,-3.0612244897959218,000651.SZ
2021-01-20,42.67,43.58,42.47,43.0,49076291,3013389875,0.82,0.5847953216374213,000651.SZ
2021-01-21,42.96,43.1,41.88,42.21,56839104,3426347145,0.95,-1.837209302325582,000651.SZ
2021-01-24,42.21,42.6,41.84,42.06,52507666,3157827877,0.88,-0.3553660270078196,000651.SZ
2021-01-25,41.91,41.91,41.07,41.35,46356422,2734266178,0.78,-1.6880646695197399,000651.SZ
2021-01-26,41.35,42.37,40.65,41.64,53504324,3158636666,0.9,0.7013301088270918,000651.SZ
2021-01-27,41.1,41.14,40.11,40.15,52287008,3018505330,0.88,-3.5782901056676364,000651.SZ
2021-01-28,40.11,40.5,39.16,39.46,49388880,2807565906,0.83,-1.7185554171855522,000651.SZ
2021-01-31,39.6,40.09,39.07,39.55,31769343,1788845387,0.53,0.22807906741002526,000651.SZ
2021-02-01,39.56,41.82,39.56,41.79,67437831,3939785974,1.13,5.663716814159292,000651.SZ
2021-02-02,42.04,42.31,40.93,41.22,47406154,2805860903,0.79,-1.3639626704953334,000651.SZ
2021-02-03,40.65,41.62,40.56,41.06,30141987,1763190452,0.5,-0.38816108685103545,000651.SZ
2021-02-04,41.0,41.71,40.89,41.31,27993334,1649582573,0.47,0.6088650754992653,000651.SZ
2021-02-07,41.47,41.96,40.91,41.24,32371043,1909902143,0.54,-0.16945049624788044,000651.SZ
2021-02-08,41.35,41.52,40.27,41.37,47029019,2743321206,0.79,0.31522793404461513,000651.SZ
2021-02-09,41.38,42.96,41.28,42.39,56120470,3396988394,0.94,2.4655547498187103,000651.SZ
2021-02-17,42.79,43.31,41.83,42.38,52660810,3191464855,0.88,-0.023590469450340823,000651.SZ
2021-02-18,42.33,43.1,41.98,42.77,40662851,2479543188,0.68,0.9202453987730008,000651.SZ
2021-02-21,42.12,42.15,40.61,40.99,60749622,3581037335,1.02,-4.161795651157352,000651.SZ
2021-02-22,40.71,40.99,39.9,39.98,54736080,3141829010,0.92,-2.4640156135642965,000651.SZ
2021-02-23,40.31,40.8,39.95,40.14,49243904,2823834686,0.82,0.40020010005004103,000651.SZ
2021-02-24,40.53,42.39,40.49,41.95,79223818,4720251800,1.33,4.509217737917304,000651.SZ
2021-02-25,41.42,42.67,41.27,41.35,59131818,3540722850,0.99,-1.4302741358760418,000651.SZ
2021-02-28,41.38,42.72,41.36,42.35,49032424,2945486568,0.82,2.41837968561065,000651.SZ
2021-03-01,42.67,43.1,41.94,42.51,43600108,2646200048,0.73,0.37780401416764864,000651.SZ
2021-03-02,42.51,42.53,41.83,42.19,31900104,1917574344,0.53,-0.7527640555163528,000651.SZ
2021-03-03,41.9,42.18,41.14,41.24,43308280,2561768836,0.73,-2.25171841668641,000651.SZ
2021-03-04,40.69,41.07,40.35,40.74,34920904,2029767173,0.58,-1.212415130940836,000651.SZ
2021-03-07,40.94,41.45,39.6,39.68,51361782,2966085594,0.86,-2.6018654884634285,000651.SZ
2021-03-08,39.69,41.26,39.32,40.65,60033488,3462353432,1.01,2.4445564516129004,000651.SZ
2021-03-09,40.92,41.24,40.59,41.08,31218528,1826161332,0.52,1.057810578105789,000651.SZ
2021-03-10,40.86,41.49,40.84,41.06,30263702,1774060829,0.51,-0.04868549172345471,000651.SZ
2021-03-11,41.06,41.22,40.79,41.0,26073195,1524808614,0.44,-0.146127618119829,000651.SZ
2021-03-14,40.98,41.22,40.24,40.49,30168745,1749280904,0.51,-1.2439024390243802,000651.SZ
2021-03-15,41.35,42.22,41.08,42.05,68604906,4098103238,1.15,3.8528031612743874,000651.SZ
2021-03-16,42.51,44.37,42.05,43.59,83571760,5181725771,1.4,3.662306777645674,000651.SZ
2021-03-17,44.1,44.49,43.1,43.8,48516782,3027009764,0.81,0.4817618719889838,000651.SZ
2021-03-18,43.45,43.45,41.81,42.05,55819039,3383161379,0.93,-3.995433789954339,000651.SZ
2021-03-21,42.09,42.88,41.77,42.71,39575697,2394462731,0.66,1.569560047562435,000651.SZ
2021-03-22,42.65,43.45,42.25,43.04,38481259,2362594458,0.64,0.7726527745258727,000651.SZ
2021-03-23,43.03,43.45,42.8,43.0,32399326,1991491411,0.54,-0.09293680297397522,000651.SZ
2021-03-24,42.65,43.19,42.54,43.02,25338726,1554450775,0.42,0.0465116279069866,000651.SZ
2021-03-25,43.87,44.1,42.88,43.19,37839591,2335337076,0.63,0.3951650395164874,000651.SZ
2021-03-28,43.41,43.94,43.09,43.78,40946837,2549934481,0.69,1.3660569576290804,000651.SZ
2021-03-29,43.79,43.8,43.04,43.52,27420306,1696976880,0.46,-0.593878483325716,000651.SZ
2021-03-30,43.66,44.34,43.39,43.94,36590634,2293228232,0.61,0.965073529411753,000651.SZ
2021-03-31,43.94,44.15,43.44,43.96,21812025,1364967483,0.37,0.0455166135639562,000651.SZ
2021-04-01,44.14,44.5,43.59,43.76,27760233,1747457054,0.46,-0.45495905368517775,000651.SZ
2021-04-05,43.77,43.94,42.75,42.98,24198358,1487509293,0.41,-1.782449725776969,000651.SZ
2021-04-06,43.45,43.52,42.67,43.23,23994960,1477888743,0.4,0.5816658911121486,000651.SZ
2021-04-07,43.21,43.44,42.86,43.35,15721246,968814790,0.26,0.2775850104094424,000651.SZ
2021-04-08,43.52,43.58,42.53,43.21,23815344,1458533200,0.4,-0.32295271049596064,000651.SZ
2021-04-11,43.14,43.33,41.83,42.19,23305064,1407033177,0.39,-2.3605646841009076,000651.SZ
2021-04-12,42.33,42.4,41.15,41.47,24392820,1449297328,0.41,-1.7065655368570742,000651.SZ
2021-04-13,41.71,42.16,41.57,41.99,18663520,1117010472,0.31,1.2539184952978122,000651.SZ
2021-04-14,42.75,43.68,42.32,42.42,48350030,2972584975,0.81,1.02405334603477,000651.SZ
2021-04-15,43.24,43.37,42.06,42.67,32841159,1998254707,0.55,0.5893446487505782,000651.SZ
2021-04-18,42.68,43.0,42.3,42.67,29084209,1771553810,0.49,0.0,000651.SZ
2021-04-19,42.62,42.63,41.81,42.04,34338610,2060995832,0.58,-1.476447152566207,000651.SZ
2021-04-20,41.7,42.04,41.4,41.78,22207693,1325127407,0.37,-0.618458610846806,000651.SZ
2021-04-21,41.85,41.98,41.18,41.43,26844357,1584854961,0.45,-0.8377213977979969,000651.SZ
2021-04-22,41.56,42.19,41.39,41.92,27949161,1670116904,0.47,1.1827178373159608,000651.SZ
2021-04-25,42.03,42.04,40.96,41.0,42065369,2481306191,0.7,-2.194656488549618,000651.SZ
2021-04-26,41.0,41.16,40.31,40.63,31695564,1837875821,0.53,-0.9024390243902336,000651.SZ
2021-04-27,41.0,41.11,40.22,40.69,27710952,1601612712,0.46,0.14767413241445482,000651.SZ
2021-04-28,41.71,42.52,40.8,41.71,82288716,4905318040,1.38,2.5067584173015467,000651.SZ
2021-04-29,42.23,42.47,41.57,41.99,50033512,3006921930,0.84,0.6713018460800857,000651.SZ
2021-05-05,41.81,42.32,41.78,42.02,33612713,2014738393,0.56,0.071445582281493,000651.SZ
2021-05-06,42.23,42.84,41.45,41.74,36528167,2191915285,0.61,-0.6663493574488366,000651.SZ
2021-05-09,41.63,41.94,41.29,41.94,29204133,1732190130,0.49,0.47915668423572644,000651.SZ
2021-05-10,41.64,42.04,41.5,41.98,19644907,1171936050,0.33,0.09537434430137992,000651.SZ
2021-05-11,41.98,42.12,40.68,41.41,38783902,2282855383,0.65,-1.3577894235350163,000651.SZ
2021-05-12,41.03,41.14,40.12,40.21,42631676,2466420650,0.71,-2.897850760685816,000651.SZ
2021-05-13,39.95,40.47,39.65,40.47,44842349,2562656960,0.75,0.6466053220591794,000651.SZ
2021-05-16,40.47,41.21,40.32,40.85,36004033,2098368500,0.6,0.9389671361502483,000651.SZ
2021-05-17,40.87,41.13,40.46,40.6,23780945,1379605597,0.4,-0.6119951040391647,000651.SZ
2021-05-18,40.58,40.59,40.1,40.24,22997505,1319498018,0.39,-0.8866995073891659,000651.SZ
2021-05-19,40.59,40.78,40.22,40.65,29461064,1707256067,0.49,1.018886679920472,000651.SZ
2021-05-20,40.75,41.05,40.23,40.3,28266741,1631780840,0.47,-0.8610086100861003,000651.SZ
2021-05-23,40.11,40.12,39.72,39.81,35729612,2028325946,0.6,-1.2158808933002363,000651.SZ
2021-05-24,39.39,39.6,38.34,39.17,112779263,6239121391,1.89,-1.6076362722934001,000651.SZ
2021-05-25,39.18,39.51,38.77,39.38,47618606,2666326941,0.8,0.5361245851416951,000651.SZ
2021-05-26,41.0,41.54,40.38,40.68,95635438,5563245423,1.6,3.3011681056373643,000651.SZ
2021-05-27,40.65,40.65,39.81,39.94,64862635,3705660093,1.09,-1.8190757128810242,000651.SZ
2021-05-30,39.99,40.1,39.16,39.46,56053396,3148066456,0.94,-1.2018027040560764,000651.SZ
2021-05-31,39.46,39.62,39.22,39.46,34078014,1914326083,0.57,0.0,000651.SZ
2021-06-01,39.46,39.52,39.19,39.28,32203750,1804226473,0.54,-0.4561581348200727,000651.SZ
2021-06-02,39.38,39.6,39.23,39.23,38526612,2164949330,0.65,-0.1272912423625372,000651.SZ
2021-06-03,39.23,39.44,38.94,39.23,30928663,1727355926,0.52,0.0,000651.SZ
2021-06-06,39.2,39.2,38.66,38.8,40618895,2252014954,0.68,-1.0960999235279156,000651.SZ
2021-06-07,38.76,39.03,38.52,38.71,28603661,1580515234,0.48,-0.231958762886586,000651.SZ
2021-06-08,38.65,38.86,38.58,38.71,30478659,1682756812,0.51,0.0,000651.SZ
2021-06-09,38.71,38.77,38.55,38.55,39750717,2189740594,0.67,-0.4133298889176018,000651.SZ
2021-06-10,38.57,38.65,38.09,38.28,42287234,2314231527,0.71,-0.7003891050583522,000651.SZ
2021-06-14,38.3,38.81,38.13,38.81,45788692,2509517517,0.77,1.384535005224663,000651.SZ
2021-06-15,38.82,39.23,38.56,38.67,31422940,1740250223,0.53,-0.3607317701623258,000651.SZ
2021-06-16,38.69,38.69,38.2,38.34,29167028,1596470740,0.49,-0.853374709076804,000651.SZ
2021-06-17,38.34,38.48,37.61,37.62,50755026,2743124652,0.85,-1.8779342723004855,000651.SZ
2021-06-20,36.78,36.78,35.74,35.82,111265588,5716391191,1.86,-4.784688995215303,000651.SZ
2021-06-21,35.83,36.0,34.69,34.92,107895588,5412379262,1.81,-2.5125628140703515,000651.SZ
2021-06-22,34.94,36.25,34.92,36.25,86754969,4408991826,1.45,3.8087056128293106,000651.SZ
2021-06-23,36.3,36.35,35.52,36.06,47409864,2432921994,0.79,-0.524137931034474,000651.SZ
2021-06-24,36.09,36.84,35.85,36.6,47818455,2491896253,0.8,1.4975041597337757,000651.SZ
2021-06-27,37.78,38.17,36.7,36.91,52555025,2792874731,0.88,0.8469945355191077,000651.SZ
2021-06-28,36.88,36.88,35.67,35.86,47667186,2451681417,0.8,-2.8447575182877216,000651.SZ
2021-06-29,36.16,36.65,35.86,36.51,29513260,1531980015,0.49,1.8126045733407592,000651.SZ
2021-06-30,36.53,36.79,35.81,36.35,35377220,1832127574,0.59,-0.4382360996987078,000651.SZ
2021-07-01,35.88,36.09,35.29,35.74,47088482,2394366185,0.79,-1.67812929848693,000651.SZ
2021-07-04,35.74,35.88,34.82,34.96,48646874,2435008440,0.82,-2.1824286513710156,000651.SZ
2021-07-05,34.73,35.22,34.61,35.12,35295781,1760384508,0.59,0.4576659038901587,000651.SZ
2021-07-06,34.92,35.8,34.92,35.18,36427130,1837963482,0.61,0.17084282460138045,000651.SZ
2021-07-07,35.25,35.25,34.34,34.48,56559795,2785355813,0.95,-1.9897669130187645,000651.SZ
2021-07-08,34.48,34.65,33.78,34.55,40565516,1978394152,0.68,0.20301624129930307,000651.SZ
2021-07-11,34.83,34.9,34.21,34.29,38015124,1870355646,0.64,-0.7525325615050593,000651.SZ
2021-07-12,34.45,34.81,33.99,34.62,36884269,1812638361,0.62,0.9623797025371861,000651.SZ
2021-07-13,34.55,34.97,34.21,34.76,45530753,2242530211,0.76,0.4043905257076874,000651.SZ
2021-07-14,34.41,34.9,34.33,34.69,38032397,1880239607,0.64,-0.20138089758342526,000651.SZ
2021-07-15,34.69,35.15,34.48,35.03,43810409,2182804458,0.73,0.9801095416546612,000651.SZ
2021-07-18,35.25,36.25,35.04,36.08,72400272,3689072646,1.21,2.9974307736226002,000651.SZ
2021-07-19,35.99,36.4,35.53,35.88,46338532,2371160199,0.78,-0.5543237250554167,000651.SZ
2021-07-20,35.88,36.09,34.97,35.01,49884429,2513927000,0.84,-2.4247491638796137,000651.SZ
2021-07-21,34.9,35.36,34.69,35.01,39026330,1950632108,0.65,0.0,000651.SZ
2021-07-22,34.97,34.98,34.33,34.36,45042135,2220467342,0.75,-1.856612396458146,000651.SZ
2021-07-25,34.2,34.22,33.35,33.38,65575533,3157734053,1.1,-2.852153667054702,000651.SZ
2021-07-26,33.63,33.71,32.73,32.77,62982578,2997870160,1.06,-1.8274415817854939,000651.SZ
2021-07-27,32.59,33.7,32.35,33.29,56206051,2636900476,0.94,1.586817210863578,000651.SZ
2021-07-28,33.62,33.77,33.23,33.33,46480637,2219582632,0.78,0.12015620306398134,000651.SZ
2021-07-29,33.09,33.42,32.59,33.29,40302543,1896384739,0.68,-0.12001200120012046,000651.SZ
2021-08-01,33.03,34.27,32.66,33.82,52314589,2500117936,0.88,1.592069690597775,000651.SZ
2021-08-02,33.57,34.69,33.44,34.49,58606350,2852640166,0.98,1.9810762862211728,000651.SZ
2021-08-03,34.97,34.97,33.84,34.0,52420801,2553662733,0.88,-1.4207016526529448,000651.SZ
2021-08-04,33.72,34.54,33.68,33.72,34844584,1693076390,0.58,-0.8235294117647118,000651.SZ
2021-08-05,33.78,33.82,33.23,33.46,27849370,1327766204,0.47,-0.7710557532621509,000651.SZ
2021-08-08,33.29,34.22,33.21,33.97,41586777,2015087858,0.7,1.5242080095636545,000651.SZ
2021-08-09,33.7,34.05,33.36,33.99,35984735,1730715524,0.6,0.05887547836327389,000651.SZ
2021-08-10,34.09,34.5,33.57,33.68,48719161,2363706836,0.82,-0.9120329508679137,000651.SZ
2021-08-11,33.65,33.81,32.7,32.78,65866726,3109179250,1.1,-2.6722090261282583,000651.SZ
2021-08-12,32.79,32.9,32.36,32.6,39195008,1816651828,0.66,-0.5491153142159866,000651.SZ
2021-08-15,32.83,33.77,32.72,33.63,61536863,2925127051,1.03,3.1595092024539806,000651.SZ
2021-08-16,33.7,33.78,32.97,33.02,40945935,1947513383,0.69,-1.8138566755872665,000651.SZ
2021-08-17,33.07,33.46,32.87,33.39,32873879,1554982460,0.55,1.1205330102967759,000651.SZ
2021-08-18,33.32,33.56,32.95,33.09,34357648,1623878779,0.58,-0.8984725965857976,000651.SZ
2021-08-19,32.96,33.02,31.85,32.31,72889342,3357398159,1.22,-2.357207615593837,000651.SZ
2021-08-22,32.82,33.67,31.91,33.55,94271239,4189470026,1.58,3.8378211080160707,000651.SZ
2021-08-23,33.56,34.29,32.9,33.17,61973416,2783194075,1.04,-1.1326378539493143,000651.SZ
2021-08-24,33.32,33.4,33.02,33.12,37301721,1659846775,0.62,-0.15073861923425858,000651.SZ
2021-08-25,32.89,32.89,32.07,32.17,54996625,2383986208,0.92,-2.8683574879226903,000651.SZ
2021-08-26,32.07,32.41,31.93,31.94,33754969,1450676875,0.57,-0.7149518184644044,000651.SZ
2021-08-29,31.96,32.04,30.44,30.58,82576878,3409147876,1.38,-4.257983719474023,000651.SZ
2021-08-30,30.73,31.29,30.06,30.65,65468076,2683806292,1.1,0.228907782864618,000651.SZ
2021-08-31,30.95,31.23,30.37,31.07,90621797,3748449198,1.52,1.3703099510603556,000651.SZ
2021-09-01,31.07,31.07,29.95,30.18,104376928,4239776817,1.75,-2.864499517219188,000651.SZ
2021-09-02,30.19,30.49,29.98,30.27,81983523,3324871714,1.37,0.29821073558649047,000651.SZ
2021-09-05,30.47,31.0,30.39,30.87,89379170,3688053175,1.5,1.9821605550049526,000651.SZ
2021-09-06,30.79,31.2,30.51,31.14,70159754,2911290153,1.18,0.8746355685131268,000651.SZ
2021-09-07,31.03,31.08,30.78,30.97,71079050,2947899924,1.19,-0.5459216441875414,000651.SZ
2021-09-08,30.85,31.17,30.77,30.92,48036806,1993173008,0.8,-0.16144656118823875,000651.SZ
2021-09-09,30.95,31.07,30.68,30.76,59032322,2438143161,0.99,-0.5174644243208237,000651.SZ
2021-09-12,30.77,30.87,30.29,30.43,59412607,2426375285,1.0,-1.072821846553973,000651.SZ
2021-09-13,30.54,30.8,29.96,29.99,63968409,2590811970,1.07,-1.445941505093662,000651.SZ
2021-09-14,29.85,29.87,28.86,29.08,107648800,4211635253,1.8,-3.0343447815938673,000651.SZ
2021-09-15,28.94,29.15,28.48,28.5,77409322,2986504721,1.3,-1.9944979367262694,000651.SZ
2021-09-16,28.41,28.62,27.92,28.53,72454537,2748770738,1.21,0.10526315789474161,000651.SZ
2021-09-21,28.02,28.28,27.92,28.18,36804323,1388108828,0.62,-1.2267788293024884,000651.SZ
2021-09-22,28.31,28.7,28.25,28.42,51706366,1970606853,0.87,0.8516678495386953,000651.SZ
2021-09-23,28.34,28.66,28.15,28.27,43610921,1661950917,0.73,-0.5277973258268953,000651.SZ
2021-09-26,28.21,29.27,28.01,28.67,74025028,2851179999,1.24,1.4149274849664106,000651.SZ
2021-09-27,28.42,28.74,28.13,28.42,46611034,1778321080,0.78,-0.8719916288803642,000651.SZ
2021-09-28,28.95,29.53,28.68,29.31,104737322,4088950864,1.75,3.131597466572833,000651.SZ
2021-09-29,29.3,29.43,28.89,28.9,67332578,2621148197,1.13,-1.3988399863527845,000651.SZ
2021-10-07,29.0,29.8,28.62,29.69,82685450,3257750459,1.38,2.733564013840839,000651.SZ
2021-10-10,29.83,29.92,29.49,29.72,55819304,2220797738,0.93,0.10104412260019124,000651.SZ
2021-10-11,29.47,29.74,29.29,29.41,43544252,1719468371,0.73,-1.0430686406460277,000651.SZ
2021-10-12,29.25,29.41,28.73,29.16,45331658,1763602973,0.76,-0.8500510030601816,000651.SZ
2021-10-13,29.11,29.33,28.95,29.07,27145697,1059647790,0.45,-0.30864197530864335,000651.SZ
2021-10-14,29.07,29.45,28.95,29.12,40225796,1573665759,0.67,0.17199862401100496,000651.SZ
2021-10-17,29.12,29.16,28.51,28.61,39604481,1522040794,0.66,-1.7513736263736313,000651.SZ
2021-10-18,28.49,29.28,28.47,29.12,45212364,1756961694,0.76,1.7825934987766523,000651.SZ
2021-10-19,29.16,29.31,28.73,28.77,35314668,1366357122,0.59,-1.2019230769230838,000651.SZ
2021-10-20,28.77,29.91,28.65,29.89,96608729,3815529562,1.62,3.8929440389294356,000651.SZ
2021-10-21,29.91,30.62,29.89,30.33,106208914,4321712653,1.78,1.4720642355302793,000651.SZ
2021-10-24,29.87,29.99,29.19,29.36,88501906,3491700489,1.48,-3.1981536432574953,000651.SZ
2021-10-25,29.3,29.5,29.03,29.07,52358763,2050893274,0.88,-0.9877384196185224,000651.SZ
2021-10-26,28.34,28.35,27.3,27.42,159121075,5920209011,2.67,-5.675954592363253,000651.SZ
2021-10-27,27.2,27.41,26.78,27.22,62526929,2272474226,1.05,-0.7293946024799491,000651.SZ
2021-10-28,27.21,27.47,26.87,27.33,55777086,2031501312,0.93,0.4041146216017699,000651.SZ
2021-10-31,27.09,27.81,26.8,27.57,63205279,2326782405,1.06,0.8781558726673966,000651.SZ
2021-11-01,27.54,27.74,26.94,27.12,52088926,1906431985,0.87,-1.6322089227421066,000651.SZ
2021-11-02,27.12,27.26,26.71,27.06,42944962,1551877074,0.72,-0.22123893805310324,000651.SZ
2021-11-03,27.07,27.17,26.79,27.16,51186105,1849404279,0.86,0.3695491500369519,000651.SZ
2021-11-04,27.07,27.41,26.85,27.12,44889821,1632362242,0.75,-0.14727540500736325,000651.SZ
2021-11-07,26.86,27.02,26.77,26.86,42417886,1527015977,0.71,-0.9587020648967659,000651.SZ
2021-11-08,26.86,26.98,26.5,26.55,52595435,1885207239,0.9,-1.154132539091579,000651.SZ
2021-11-09,26.48,26.48,25.43,25.86,112307310,3886365706,1.91,-2.5988700564971823,000651.SZ
2021-11-10,25.9,26.94,25.81,26.94,123853844,4435844589,2.11,4.176334106728552,000651.SZ
2021-11-11,27.02,27.02,26.33,26.42,74252446,2638480179,1.27,-1.9302152932442418,000651.SZ
2021-11-14,26.54,27.07,26.45,26.92,57855616,2076828091,0.99,1.8925056775170424,000651.SZ
2021-11-15,27.02,27.33,26.92,27.09,60632615,2208393436,1.03,0.6315007429420483,000651.SZ
2021-11-16,27.43,27.59,27.03,27.1,54834802,2000372504,0.93,0.03691399040237631,000651.SZ
2021-11-17,27.02,27.1,26.63,26.66,46228070,1661634371,0.79,-1.6236162361623618,000651.SZ
2021-11-18,26.62,26.88,26.39,26.78,48293262,1721816274,0.82,0.4501125281320295,000651.SZ
2021-11-21,26.74,26.91,26.56,26.64,38002268,1356811554,0.65,-0.5227781926811059,000651.SZ
2021-11-22,26.48,26.83,26.19,26.77,53898686,1923450700,0.92,0.48798798798799226,000651.SZ
2021-11-23,26.77,26.82,26.49,26.65,37931737,1353835380,0.65,-0.44826298094883255,000651.SZ
2021-11-24,26.56,26.91,26.36,26.39,43694681,1555562197,0.74,-0.9756097560975507,000651.SZ
2021-11-25,26.33,26.34,26.18,26.2,31058588,1091575180,0.53,-0.719969685486932,000651.SZ
2021-11-28,25.93,25.98,25.75,25.83,42463194,1471557292,0.72,-1.4122137404580237,000651.SZ
2021-11-29,25.86,26.16,25.7,25.78,38807856,1346723296,0.66,-0.19357336430505523,000651.SZ
2021-11-30,25.66,26.25,25.53,26.24,44119093,1536348091,0.75,1.7843289371605842,000651.SZ
2021-12-01,26.1,26.31,25.92,26.18,29998239,1051275801,0.51,-0.22865853658535773,000651.SZ
2021-12-02,26.18,26.29,25.84,26.09,36003323,1257442559,0.61,-0.3437738731856377,000651.SZ
2021-12-05,26.03,26.85,25.99,26.4,70954142,2526480574,1.21,1.1881947106170854,000651.SZ
2021-12-06,26.57,27.33,26.55,27.32,109286243,3963859106,1.86,3.4848484848484906,000651.SZ
2021-12-07,27.39,27.43,26.87,27.23,68748868,2498667390,1.17,-0.3294289897511016,000651.SZ
2021-12-08,27.19,27.91,27.19,27.5,102200855,3787536391,1.74,0.9915534337128218,000651.SZ
2021-12-09,27.3,27.5,27.04,27.3,54164487,1977834725,0.92,-0.7272727272727209,000651.SZ
2021-12-12,27.3,27.85,27.3,27.35,65758977,2429806898,1.12,0.1831501831501825,000651.SZ
2021-12-13,27.51,27.51,26.93,27.0,51639732,1875930139,0.88,-1.2797074954296161,000651.SZ
2021-12-14,26.92,27.1,26.74,26.77,41208897,1484918555,0.7,-0.8518518518518481,000651.SZ
2021-12-15,26.81,26.95,26.6,26.88,37944055,1361585506,0.65,0.4109077325364252,000651.SZ
2021-12-16,26.85,26.85,26.45,26.48,42309705,1506512966,0.72,-1.4880952380952328,000651.SZ
2021-12-19,26.4,26.68,26.28,26.29,37916678,1345780778,0.65,-0.7175226586102812,000651.SZ
2021-12-20,26.38,26.92,26.36,26.74,47780525,1711621534,0.81,1.711677443895021,000651.SZ
2021-12-21,26.77,26.94,26.46,26.8,41570413,1484335266,0.71,0.2243829468960401,000651.SZ
2021-12-22,26.66,26.83,26.46,26.63,30651996,1093506813,0.52,-0.6343283582089576,000651.SZ
2021-12-23,26.64,26.64,26.29,26.55,35083489,1245210275,0.6,-0.30041306796845246,000651.SZ
2021-12-26,26.61,28.04,26.55,28.04,139888858,5146983752,2.38,5.612052730696782,000651.SZ
2021-12-27,28.04,28.45,27.69,28.19,116218921,4386736971,1.98,0.5349500713266897,000651.SZ
2021-12-28,28.04,28.07,27.46,27.46,72674514,2694219018,1.24,-2.589570769776517,000651.SZ
2021-12-29,27.52,27.67,27.35,27.47,45854381,1691831376,0.78,0.036416605972311444,000651.SZ
2021-12-30,27.47,27.74,27.31,27.62,41765621,1542702566,0.71,0.5460502366217757,000651.SZ
2022-01-03,27.62,28.15,27.48,28.03,66231709,2476956644,1.13,1.4844315713251177,000651.SZ
2022-01-04,28.04,29.65,27.93,29.12,182268902,7096693590,3.11,3.88869068854798,000651.SZ
2022-01-05,29.12,29.18,28.62,28.8,86819500,3361221998,1.48,-1.098901098901095,000651.SZ
2022-01-06,29.03,30.13,28.83,29.94,164665655,6578247723,2.81,3.9583333333333304,000651.SZ
2022-01-09,29.94,30.66,29.68,30.03,110096660,4442139321,1.88,0.30060120240480437,000651.SZ
2022-01-10,29.87,30.39,29.56,29.8,66151341,2656490293,1.13,-0.7659007659007622,000651.SZ
2022-01-11,29.8,29.83,29.09,29.47,64504932,2537022700,1.1,-1.1073825503355783,000651.SZ
2022-01-12,29.46,29.83,29.07,29.16,51823072,2042497039,0.88,-1.0519172039362035,000651.SZ
2022-01-13,29.09,29.15,28.51,28.53,56627466,2179386990,0.96,-2.1604938271604923,000651.SZ
2022-01-16,28.34,28.79,28.3,28.75,44299736,1695237639,0.75,0.7711181212758378,000651.SZ
2022-01-17,28.71,29.31,28.36,29.24,67021234,2592454499,1.14,1.7043478260869493,000651.SZ
2022-01-18,29.05,29.69,28.96,29.42,66462107,2620575647,1.13,0.6155950752394057,000651.SZ
2022-01-19,29.44,30.18,29.39,29.83,73776710,2953297398,1.26,1.3936097892589983,000651.SZ
2022-01-20,29.81,29.91,29.09,29.16,50788578,2002507396,0.87,-2.2460610124036107,000651.SZ
2022-01-23,29.09,29.38,28.65,28.97,42720923,1657804979,0.73,-0.6515775034293569,000651.SZ
2022-01-24,29.09,29.9,28.97,29.0,70959225,2801345251,1.21,0.10355540214015413,000651.SZ
2022-01-25,29.0,29.59,28.74,29.21,41862025,1632888110,0.71,0.7241379310344964,000651.SZ
2022-01-26,29.11,29.11,27.86,27.89,74102395,2809008828,1.26,-4.5190003423485114,000651.SZ
2022-01-27,27.97,28.53,27.96,28.21,47644511,1804189417,0.81,1.1473646468268317,000651.SZ
2022-02-06,28.54,28.77,28.12,28.51,40373283,1538004326,0.69,1.0634526763559027,000651.SZ
2022-02-07,28.51,28.73,28.22,28.71,34640873,1323905937,0.59,0.70150824272186,000651.SZ
2022-02-08,28.67,28.98,28.56,28.77,41106873,1585360859,0.7,0.2089864158829613,000651.SZ
2022-02-09,29.02,29.21,28.8,28.89,47658143,1851287562,0.81,0.4171011470281538,000651.SZ
2022-02-10,28.89,29.94,28.78,29.76,87483158,3465777690,1.49,3.011422637590866,000651.SZ
2022-02-13,30.04,30.12,29.12,29.65,62338748,2469766381,1.06,-0.3696236559139865,000651.SZ
2022-02-14,29.41,29.58,29.03,29.19,45654967,1789899225,0.78,-1.5514333895446764,000651.SZ
2022-02-15,29.1,29.41,29.05,29.25,30780887,1205567439,0.52,0.20554984583760483,000651.SZ
2022-02-16,29.31,29.31,28.73,28.82,42714367,1655726800,0.73,-1.4700854700854693,000651.SZ
2022-02-17,28.64,29.12,28.56,29.12,26360482,1022307657,0.45,1.0409437890353868,000651.SZ
2022-02-20,28.94,29.07,28.66,28.96,33968072,1314482652,0.58,-0.5494505494505475,000651.SZ
2022-02-21,28.71,28.82,28.21,28.27,53047875,2022365202,0.9,-2.382596685082883,000651.SZ
2022-02-22,28.36,28.56,28.32,28.52,29246588,1114454722,0.5,0.88432967810399,000651.SZ
2022-02-23,28.45,28.45,27.53,27.74,60824088,2278471692,1.04,-2.7349228611500687,000651.SZ
2022-02-24,27.77,27.96,27.53,27.72,42712684,1586835670,0.73,-0.07209805335255393,000651.SZ
2022-02-27,27.73,27.74,26.99,27.42,62730581,2293619050,1.07,-1.0822510822510734,000651.SZ
2022-02-28,27.37,27.65,27.11,27.47,42985840,1575009083,0.73,0.18234865061996786,000651.SZ
2022-03-01,27.22,27.36,27.13,27.28,24595801,898150624,0.42,-0.6916636330542292,000651.SZ
2022-03-02,27.39,27.42,26.86,26.92,46173839,1674074499,0.79,-1.319648093841641,000651.SZ
2022-03-03,26.74,26.83,26.49,26.72,33962598,1214431324,0.58,-0.7429420505200679,000651.SZ
2022-03-06,26.55,26.58,26.0,26.02,48913310,1714476194,0.83,-2.6197604790419105,000651.SZ
2022-03-07,26.01,26.19,25.27,25.31,53916765,1850600736,0.92,-2.7286702536510443,000651.SZ
2022-03-08,25.31,25.54,23.63,24.87,78680338,2605457181,1.34,-1.7384433030422697,000651.SZ
2022-03-09,25.72,25.72,24.8,24.98,47489450,1602547379,0.81,0.44229995979090386,000651.SZ
2022-03-10,24.6,25.28,24.26,25.21,36290880,1206824361,0.62,0.9207365892714092,000651.SZ
2022-03-13,24.78,25.07,24.61,24.63,29943298,995386031,0.51,-2.300674335581121,000651.SZ
2022-03-14,24.38,24.38,23.26,23.27,62285447,1987762081,1.06,-5.52172147787251,000651.SZ
2022-03-15,23.58,23.83,22.86,23.68,60634543,1902922077,1.03,1.7619252256123819,000651.SZ
2022-03-16,24.17,24.45,23.91,23.92,65206207,2110302464,1.11,1.013513513513531,000651.SZ
2022-03-17,23.72,24.26,23.6,24.06,53326522,1710776512,0.91,0.5852842809364489,000651.SZ
2022-03-20,24.07,24.21,23.81,23.99,40403581,1300188160,0.69,-0.29093931837074205,000651.SZ
2022-03-21,23.97,24.47,23.87,24.2,39439807,1281198111,0.67,0.8753647353063831,000651.SZ
2022-03-22,24.24,24.31,23.95,24.13,29932041,967387976,0.51,-0.2892561983471098,000651.SZ
2022-03-23,24.02,24.08,23.83,23.92,25595264,821598998,0.44,-0.8702859510982042,000651.SZ
2022-03-24,24.09,24.09,23.49,23.51,40684758,1294746061,0.69,-1.7140468227424766,000651.SZ
2022-03-27,23.17,23.6,22.93,23.6,27766641,866933961,0.47,0.38281582305401685,000651.SZ
2022-03-28,23.62,23.66,23.3,23.33,20440905,642365105,0.35,-1.144067796610182,000651.SZ
2022-03-29,23.4,23.92,23.4,23.92,33152766,1053011607,0.56,2.5289327046721155,000651.SZ
2022-03-30,23.87,24.24,23.78,24.09,36267599,1170411744,0.62,0.710702341137126,000651.SZ
2022-03-31,23.94,24.67,23.76,24.63,46824095,1530723542,0.8,2.241594022415927,000651.SZ
2022-04-05,24.63,24.92,24.51,24.75,39895155,1320570218,0.68,0.4872107186358221,000651.SZ
2022-04-06,24.65,24.88,24.43,24.67,37262285,1232790405,0.63,-0.3232323232323142,000651.SZ
2022-04-07,24.7,24.78,24.4,24.73,34117729,1092830817,0.58,0.2432103769760774,000651.SZ
2022-04-10,24.8,24.81,24.26,24.4,33534898,1069368557,0.57,-1.3344116457743693,000651.SZ
2022-04-11,24.39,25.18,24.13,24.92,38833496,1244030914,0.66,2.1311475409836245,000651.SZ
2022-04-12,24.86,24.89,24.53,24.53,24479084,787489468,0.42,-1.5650080256821797,000651.SZ
2022-04-13,24.72,25.02,24.61,24.94,30566174,991435644,0.52,1.6714227476559262,000651.SZ
2022-04-14,24.64,25.01,24.64,24.86,21834734,707716595,0.37,-0.3207698476343279,000651.SZ
2022-04-17,24.86,24.86,24.47,24.56,20630954,660742769,0.35,-1.2067578439259874,000651.SZ
2022-04-18,24.56,24.7,24.08,24.22,32515161,1030807366,0.55,-1.3843648208469062,000651.SZ
2022-04-19,24.19,24.82,24.18,24.36,29730688,948017712,0.51,0.5780346820809301,000651.SZ
2022-04-20,24.36,24.56,23.8,23.93,36272972,1140350286,0.62,-1.765188834154352,000651.SZ
2022-04-21,23.65,24.69,23.35,24.54,43642904,1373756872,0.74,2.5491015461763356,000651.SZ
2022-04-24,24.26,24.56,23.57,23.57,43933142,1379618274,0.75,-3.9527302363488115,000651.SZ
2022-04-25,23.77,23.86,22.97,23.03,42292456,1286629728,0.72,-2.291047942299529,000651.SZ
2022-04-26,22.88,23.39,22.76,23.38,37264668,1121297995,0.63,1.5197568389057725,000651.SZ
2022-04-27,23.34,23.52,22.95,23.27,35526715,1074045135,0.61,-0.47048759623610215,000651.SZ
2022-04-28,23.31,24.05,23.26,23.96,42062722,1299787915,0.72,2.9651912333476638,000651.SZ
2022-05-04,24.95,26.28,24.86,26.27,122318223,4108444750,2.08,9.641068447412348,000651.SZ
2022-05-05,25.9,26.23,25.72,26.07,58693018,1983418025,1.0,-0.7613247049866767,000651.SZ
2022-05-08,25.88,25.97,25.49,25.62,33436835,1118136557,0.57,-1.7261219792865323,000651.SZ
2022-05-09,25.32,25.83,25.1,25.75,48929200,1627312761,0.83,0.5074160811865625,000651.SZ
2022-05-10,25.77,25.88,25.36,25.56,49280212,1644664202,0.84,-0.737864077669903,000651.SZ
2022-05-11,25.34,25.78,25.2,25.52,30357803,1009125197,0.52,-0.15649452269169695,000651.SZ
2022-05-12,25.64,25.92,25.54,25.74,32740133,1096621745,0.56,0.8620689655172376,000651.SZ
2022-05-15,26.06,26.21,25.47,25.58,29514900,990650826,0.5,-0.6216006216006265,000651.SZ
2022-05-16,25.75,25.83,25.39,25.61,23864945,795004217,0.41,0.11727912431587217,000651.SZ
2022-05-17,25.64,25.66,25.13,25.33,31287481,1031801467,0.53,-1.0933229207340966,000651.SZ
2022-05-18,25.09,25.25,24.89,25.12,28065002,915389027,0.48,-0.8290564547966728,000651.SZ
2022-05-19,25.22,25.59,25.18,25.51,40834294,1353042016,0.7,1.5525477707006408,000651.SZ
2022-05-22,25.29,25.29,24.65,24.86,55928603,1812451930,0.95,-2.5480203841630855,000651.SZ
2022-05-23,24.73,24.97,24.4,24.4,33508021,1077204649,0.57,-1.8503620273531807,000651.SZ
2022-05-24,24.39,24.43,24.15,24.39,26848798,849891684,0.46,-0.04098360655736544,000651.SZ
2022-05-25,24.4,24.56,24.07,24.36,43233130,1366575573,0.74,-0.12300123001230956,000651.SZ
2022-05-26,24.47,24.69,24.07,24.2,43100411,1365791546,0.73,-0.6568144499178974,000651.SZ
2022-05-29,24.26,24.46,24.21,24.44,33978601,1077260014,0.58,0.9917355371900971,000651.SZ
2022-05-30,24.46,24.71,24.3,24.69,42866332,1370159292,0.73,1.0229132569558042,000651.SZ
2022-05-31,24.7,24.82,24.26,24.36,49628559,1582411061,0.85,-1.3365735115431376,000651.SZ
2022-06-01,24.18,24.26,23.8,24.2,46767568,1462714370,0.8,-0.6568144499178974,000651.SZ
2022-06-05,24.2,24.39,23.9,24.33,45885654,1444065936,0.78,0.5371900826446341,000651.SZ
2022-06-06,24.3,24.52,24.18,24.5,42593389,1353080128,0.73,0.6987258528565521,000651.SZ
2022-06-07,24.56,24.69,24.24,24.42,47973368,1526209081,0.82,-0.32653061224489077,000651.SZ
2022-06-08,24.41,24.46,24.03,24.03,40890640,1288908136,0.7,-1.597051597051602,000651.SZ
2022-06-09,23.87,24.28,23.83,24.22,38328100,1202385362,0.65,0.7906783187682009,000651.SZ
2022-06-12,24.03,24.13,23.9,24.04,30346118,949058341,0.52,-0.7431874483897594,000651.SZ
2022-06-13,23.87,24.3,23.83,24.29,34798341,1088702613,0.59,1.0399334442595665,000651.SZ
2022-06-14,24.26,25.07,24.18,24.83,92642752,2994446383,1.58,2.2231370934540973,000651.SZ
2022-06-15,24.73,24.9,24.47,24.56,56230480,1805538510,0.96,-1.0873942811115533,000651.SZ
2022-06-16,24.41,25.29,24.33,25.06,90058945,2920885746,1.53,2.035830618892498,000651.SZ
2022-06-19,25.22,25.68,25.17,25.3,76111332,2516483455,1.3,0.9577015163607427,000651.SZ
2022-06-20,25.29,25.72,25.1,25.47,80836374,2681259641,1.38,0.6719367588932768,000651.SZ
2022-06-21,25.49,25.52,24.58,24.66,76962388,2499640733,1.31,-3.180212014134276,000651.SZ
2022-06-22,24.64,24.76,24.11,24.76,105174327,3335704822,1.79,0.40551500405514584,000651.SZ
2022-06-23,25.1,27.02,24.87,26.02,223327302,7594767992,3.8,5.088852988691439,000651.SZ
2022-06-26,25.87,25.98,25.49,25.52,161872825,5414513550,2.76,-1.9215987701767911,000651.SZ
2022-06-27,25.54,25.69,25.15,25.68,84843062,2815287036,1.45,0.6269592476489061,000651.SZ
2022-06-28,25.7,26.05,25.5,25.54,87120694,2921164503,1.48,-0.5451713395638658,000651.SZ
2022-06-29,25.55,25.91,25.41,25.88,66359448,2223982165,1.13,1.3312451057165164,000651.SZ
2022-06-30,25.85,25.92,25.5,25.68,38814554,1297691128,0.66,-0.7727975270479082,000651.SZ
2022-07-03,25.68,25.85,25.53,25.82,46022603,1541616723,0.78,0.5451713395638658,000651.SZ
2022-07-04,25.85,26.17,25.26,25.46,59144363,1973024357,1.06,-1.3942680092951187,000651.SZ
2022-07-05,25.59,25.72,25.06,25.19,50162197,1653307008,0.9,-1.060487038491753,000651.SZ
2022-07-06,25.41,25.64,25.13,25.25,51052663,1685779530,0.91,0.2381897578404013,000651.SZ
2022-07-07,25.33,25.86,25.16,25.64,58767794,1952251847,1.05,1.544554455445546,000651.SZ
2022-07-10,25.92,26.37,25.83,26.09,92493971,3136823406,1.66,1.7550702028081178,000651.SZ
2022-07-11,26.02,27.12,25.95,26.81,140146259,4904189405,2.51,2.7596780375622743,000651.SZ
2022-07-12,27.08,27.5,26.64,26.84,95374938,3358734171,1.71,0.11189854531892252,000651.SZ
2022-07-13,27.17,27.24,25.98,26.24,91597624,3151980156,1.64,-2.235469448584204,000651.SZ
2022-07-14,26.25,26.6,25.85,25.87,62413397,2128248929,1.12,-1.4100609756097504,000651.SZ
2022-07-17,25.79,26.33,25.36,26.33,51834048,1742251761,0.93,1.778121376111308,000651.SZ
2022-07-18,26.11,26.37,25.96,26.16,33685526,1146595568,0.6,-0.645651348271925,000651.SZ
2022-07-19,26.27,26.35,26.05,26.18,30884157,1054322223,0.55,0.0764525993883769,000651.SZ
2022-07-20,26.19,26.19,25.88,26.06,28666092,971806412,0.51,-0.4583651642475206,000651.SZ
2022-07-21,26.01,26.21,25.68,26.05,31044538,1048212710,0.56,-0.038372985418255734,000651.SZ
2022-07-24,26.1,26.36,25.96,26.28,43264133,1477305073,0.77,0.8829174664107597,000651.SZ
2022-07-25,26.27,26.27,25.98,26.2,37713994,1282394805,0.67,-0.3044140030441511,000651.SZ
2022-07-26,26.05,26.1,25.61,25.65,43798455,1469299500,0.78,-2.0992366412213803,000651.SZ
2022-07-27,25.67,25.81,25.55,25.57,31283171,1044841874,0.56,-0.3118908382066188,000651.SZ
2022-07-28,25.73,25.83,25.49,25.53,39044597,1304903276,0.7,-0.15643332029722234,000651.SZ
2022-07-31,25.49,25.52,25.19,25.34,33758018,1112282967,0.6,-0.7442224833529187,000651.SZ
2022-08-01,25.11,25.12,24.32,24.46,56809236,1817293081,1.02,-3.4727703235990504,000651.SZ
2022-08-02,24.41,24.72,24.33,24.43,35914431,1147102189,0.64,-0.12264922322159366,000651.SZ
2022-08-03,24.53,24.76,24.33,24.69,37422116,1196487721,0.67,1.0642652476463343,000651.SZ
2022-08-04,24.93,25.13,24.61,25.13,45230597,1374951141,0.81,1.7820980153908428,000651.SZ
2022-08-07,25.02,25.13,24.88,24.98,27142442,828567644,0.49,-0.5968961400716233,000651.SZ
2022-08-08,24.97,25.23,24.92,25.03,23596132,723759654,0.42,0.20016012810248895,000651.SZ
2022-08-09,25.14,25.16,24.8,24.88,19920462,606767034,0.36,-0.5992808629644464,000651.SZ
2022-08-10,24.94,25.23,24.92,25.21,24273630,745787216,0.43,1.3263665594855478,000651.SZ
2022-08-11,25.25,25.34,25.12,25.26,22724972,701441077,0.41,0.19833399444664224,000651.SZ
2022-08-14,25.35,25.64,25.14,25.26,31641513,980684224,0.57,0.0,000651.SZ
2022-08-15,25.31,25.37,25.16,25.23,19340727,596307147,0.35,-0.11876484560570111,000651.SZ
2022-08-16,25.25,25.37,24.89,25.33,29399622,906353893,0.53,0.39635354736424766,000651.SZ
2022-08-17,25.24,25.25,24.86,24.88,34189050,1043951429,0.61,-1.7765495459928893,000651.SZ
2022-08-18,24.89,25.14,24.86,24.91,25770026,786785996,0.46,0.1205787781350498,000651.SZ
2022-08-21,24.91,25.14,24.8,24.93,25630601,782698443,0.46,0.08028904054595554,000651.SZ
2022-08-22,24.86,24.87,24.65,24.72,27698097,836814097,0.5,-0.8423586040914643,000651.SZ
2022-08-23,24.71,24.8,24.54,24.56,27272590,821529228,0.49,-0.6472491909385147,000651.SZ
2022-08-24,24.64,24.83,24.45,24.83,29018130,875049213,0.52,1.0993485342019493,000651.SZ
2022-08-25,24.94,25.02,24.64,24.65,22031309,666996591,0.39,-0.7249295207410356,000651.SZ
2022-08-28,24.47,24.83,24.41,24.8,24428484,736292833,0.44,0.6085192697768749,000651.SZ
2022-08-29,24.82,25.13,24.81,24.98,23361682,712653757,0.42,0.7258064516129092,000651.SZ
2022-08-30,26.09,26.29,25.77,26.11,140150267,4468837438,2.51,4.523618895116099,000651.SZ
2022-08-31,26.09,27.47,26.03,26.86,157121345,5190350757,2.81,2.8724626579854418,000651.SZ
2022-09-01,27.07,27.17,26.58,27.0,77126988,2538961381,1.38,0.5212211466865346,000651.SZ
2022-09-04,26.98,27.43,26.83,27.28,59118117,1964842055,1.06,1.0370370370370363,000651.SZ
2022-09-05,27.28,27.39,26.78,27.12,48622091,1606598227,0.87,-0.5865102639296182,000651.SZ
2022-09-06,27.07,27.11,26.78,26.96,40141228,1321992368,0.72,-0.5899705014749235,000651.SZ
2022-09-07,27.03,27.34,26.91,27.13,31630624,1048674101,0.57,0.6305637982195744,000651.SZ
2022-09-08,27.23,28.58,27.2,28.35,111324975,3822477104,1.99,4.496866936970156,000651.SZ
2022-09-12,28.35,28.96,28.18,28.74,81335864,2851010739,1.46,1.3756613756613634,000651.SZ
2022-09-13,28.37,28.65,28.26,28.55,41790710,1456450318,0.75,-0.6610995128740305,000651.SZ
2022-09-14,28.62,29.21,28.46,28.7,66657660,2349659387,1.19,0.5253940455341555,000651.SZ
2022-09-15,28.82,29.14,28.28,28.28,57830871,2020198264,1.04,-1.4634146341463317,000651.SZ
2022-09-18,28.34,28.4,27.64,28.18,42370419,1456673522,0.76,-0.35360678925036026,000651.SZ
2022-09-19,28.24,28.5,27.54,27.97,42163778,1436025188,0.75,-0.7452093683463445,000651.SZ
2022-09-20,27.97,28.2,27.59,28.09,34376404,1175255773,0.62,0.4290311047550954,000651.SZ
2022-09-21,27.8,27.84,27.07,27.08,52841550,1764007999,0.95,-3.5955856176575374,000651.SZ
2022-09-22,27.08,27.35,26.78,27.05,32682658,1081572532,0.58,-0.11078286558344752,000651.SZ
2022-09-25,26.8,27.35,26.75,26.87,29866372,986077975,0.53,-0.6654343807763419,000651.SZ
2022-09-26,26.82,27.48,26.67,27.35,38365970,1275214958,0.69,1.7863788611834686,000651.SZ
2022-09-27,27.23,27.35,26.94,26.98,25790222,853707050,0.46,-1.3528336380255968,000651.SZ
2022-09-28,27.02,27.19,26.58,26.62,27608338,903331343,0.49,-1.3343217197924417,000651.SZ
2022-09-29,26.53,26.84,26.33,26.52,24112060,784213094,0.43,-0.37565740045079066,000651.SZ
2022-10-09,26.66,26.84,26.21,26.33,30522226,990223538,0.55,-0.7164404223227838,000651.SZ
2022-10-10,26.36,26.44,26.0,26.12,23780870,761317997,0.43,-0.7975693125712002,000651.SZ
2022-10-11,26.12,26.4,25.69,26.4,28543369,907639646,0.51,1.071975497702904,000651.SZ
2022-10-12,26.26,26.32,25.86,25.91,27016482,861552984,0.48,-1.8560606060606055,000651.SZ
2022-10-13,25.97,26.57,25.97,26.49,36345055,1172578165,0.65,2.238517946738705,000651.SZ
2022-10-16,26.45,26.49,26.21,26.39,28765237,926620056,0.51,-0.3775009437523513,000651.SZ
2022-10-17,26.45,26.61,26.3,26.45,26811100,866819014,0.48,0.22735884804849782,000651.SZ
2022-10-18,26.41,26.41,25.41,25.46,47826075,1507807187,0.86,-3.7429111531190884,000651.SZ
2022-10-19,25.35,25.4,24.98,25.07,51478040,1582853782,0.92,-1.5318146111547581,000651.SZ
2022-10-20,25.1,25.27,24.86,25.02,28940920,887734974,0.52,-0.1994415636218605,000651.SZ
2022-10-23,25.02,25.24,24.48,24.52,51135450,1543195834,0.92,-1.9984012789768135,000651.SZ
2022-10-24,24.2,24.68,24.2,24.37,33219739,992196035,0.59,-0.6117455138662242,000651.SZ
2022-10-25,24.37,24.74,24.37,24.55,35928751,1078674130,0.64,0.7386130488305387,000651.SZ
2022-10-26,24.76,24.92,24.61,24.87,37764297,1143835611,0.68,1.3034623217922592,000651.SZ
2022-10-27,24.98,25.1,24.5,24.69,48089171,1459228264,0.86,-0.7237635705669487,000651.SZ
2022-10-30,24.19,24.47,23.3,23.44,108303289,3132805797,1.94,-5.062778452814909,000651.SZ
2022-10-31,23.51,24.02,23.39,24.02,64602496,1874169161,1.16,2.4744027303754246,000651.SZ
2022-11-01,23.84,24.53,23.75,24.16,56673308,1669391342,1.01,0.5828476269775118,000651.SZ
2022-11-02,23.93,24.2,23.86,23.95,32790733,962098061,0.59,-0.8692052980132536,000651.SZ
2022-11-03,23.96,24.79,23.96,24.66,53548451,1605718550,0.96,2.9645093945720236,000651.SZ
2022-11-06,24.66,24.93,24.55,24.75,33748068,1019600741,0.6,0.36496350364962904,000651.SZ
2022-11-07,24.78,24.82,24.52,24.65,23092774,694922727,0.41,-0.40404040404040664,000651.SZ
2022-11-08,24.74,25.02,24.65,24.74,27456643,833638223,0.49,0.36511156186611604,000651.SZ
2022-11-09,24.54,24.74,24.47,24.63,20377428,613111630,0.36,-0.4446240905416343,000651.SZ
2022-11-10,25.14,25.76,24.91,25.44,66508580,2060381561,1.19,3.2886723507917326,000651.SZ
2022-11-13,26.0,26.5,25.85,25.93,74963626,2398336011,1.34,1.9261006289308158,000651.SZ
2022-11-14,26.0,26.31,25.76,26.16,39199129,1252336617,0.7,0.887003470883152,000651.SZ
2022-11-15,26.18,26.23,25.91,25.95,27893178,887834588,0.5,-0.8027522935779796,000651.SZ
2022-11-16,25.9,26.1,25.77,25.96,22540558,714269173,0.4,0.03853564547207089,000651.SZ
2022-11-17,26.03,26.18,25.91,25.97,20312472,646632937,0.36,0.038520801232655444,000651.SZ
2022-11-20,25.8,25.82,25.35,25.43,28227761,878476707,0.51,-2.07932229495571,000651.SZ
2022-11-21,25.51,25.85,25.41,25.59,21944945,687275501,0.39,0.6291781360597826,000651.SZ
2022-11-22,25.61,25.78,25.5,25.51,18343532,574485619,0.33,-0.3126221180148381,000651.SZ
2022-11-23,25.72,25.85,25.5,25.53,15416302,482978084,0.28,0.07840062720501084,000651.SZ
2022-11-24,25.52,26.13,25.51,25.97,34998146,1110462202,0.63,1.7234625930278025,000651.SZ
2022-11-27,25.55,25.78,25.23,25.76,26170274,817009081,0.47,-0.8086253369272156,000651.SZ
2022-11-28,26.18,26.67,26.11,26.55,51373044,1658978772,0.92,3.06677018633541,000651.SZ
2022-11-29,26.52,26.68,26.1,26.31,38571084,1242142348,0.69,-0.9039548022598987,000651.SZ
2022-11-30,26.58,26.8,26.46,26.51,36543926,1187271477,0.65,0.7601672367921086,000651.SZ
2022-12-01,26.37,26.46,26.24,26.36,25945995,836470935,0.46,-0.5658242172765116,000651.SZ
2022-12-04,26.57,26.94,26.56,26.89,37053147,1215476571,0.66,2.010622154779984,000651.SZ
2022-12-05,26.8,27.24,26.62,26.94,35158314,1159982480,0.63,0.18594272963927683,000651.SZ
2022-12-06,26.93,27.27,26.74,27.08,38498541,1273056316,0.69,0.5196733481811266,000651.SZ
2022-12-07,27.11,27.24,26.91,26.99,24718576,817959964,0.44,-0.33234859675036477,000651.SZ
2022-12-08,27.06,27.88,26.97,27.7,68680446,2304109729,1.23,2.6306039273805037,000651.SZ
2022-12-11,27.63,27.75,27.21,27.21,37420814,1256353587,0.67,-1.7689530685920496,000651.SZ
2022-12-12,27.37,27.48,27.24,27.29,24063238,803646376,0.43,0.2940095553105371,000651.SZ
2022-12-13,27.28,27.52,26.98,27.31,37387401,1246848388,0.67,0.07328691828507594,000651.SZ
2022-12-14,27.28,27.57,26.89,26.99,27852358,921951278,0.5,-1.1717319663127057,000651.SZ
2022-12-15,26.84,27.2,26.8,27.2,30623321,1013812023,0.55,0.7780659503519916,000651.SZ
2022-12-18,27.16,27.52,26.76,26.84,26417266,875081107,0.47,-1.3235294117647012,000651.SZ
2022-12-19,26.78,26.9,26.22,26.41,24127232,781725230,0.43,-1.6020864381520061,000651.SZ
2022-12-20,26.36,26.71,26.36,26.52,19063428,618308607,0.34,0.41650889814464076,000651.SZ
2022-12-21,26.64,27.29,26.64,26.94,31006276,1023161476,0.55,1.5837104072398356,000651.SZ
2022-12-22,26.8,27.06,26.62,26.8,13352325,438291964,0.24,-0.5196733481811489,000651.SZ
2022-12-25,26.82,26.83,26.42,26.45,19007666,616557292,0.34,-1.3059701492537323,000651.SZ
2022-12-26,26.55,26.96,26.38,26.68,22646398,739779463,0.41,0.8695652173912993,000651.SZ
2022-12-27,26.53,26.82,26.42,26.63,30939755,1007976115,0.55,-0.18740629685157772,000651.SZ
2022-12-28,26.58,26.59,26.18,26.3,25349390,815934410,0.45,-1.239203905369879,000651.SZ
2022-12-29,26.36,26.57,26.34,26.43,19264104,623204689,0.34,0.4942965779467734,000651.SZ
2023-01-02,26.59,26.8,26.3,26.58,26444999,857203474,0.47,0.567536889897835,000651.SZ
2023-01-03,26.59,27.26,26.53,27.24,41594366,1376299368,0.74,2.483069977426644,000651.SZ
2023-01-04,27.48,28.17,27.39,27.97,50889443,1733431275,0.91,2.679882525697508,000651.SZ
2023-01-05,27.93,28.13,27.73,27.88,30916572,1053069733,0.55,-0.32177332856632157,000651.SZ
2023-01-08,27.8,28.03,27.78,27.88,24309943,829238872,0.43,0.0,000651.SZ
2023-01-09,27.88,28.12,27.65,27.9,18974355,648148450,0.34,0.0717360114777632,000651.SZ
2023-01-10,27.9,28.21,27.75,28.15,31597543,1084532714,0.57,0.8960573476702427,000651.SZ
2023-01-11,28.06,28.16,27.85,27.9,17870648,611164531,0.32,-0.8880994671403242,000651.SZ
2023-01-12,27.97,28.21,27.9,28.17,24845128,853583446,0.44,0.967741935483879,000651.SZ
2023-01-15,28.3,29.44,28.23,29.01,69118991,2443086448,1.24,2.9818956336528313,000651.SZ
2023-01-16,28.98,29.07,28.73,28.99,28775268,1017964726,0.51,-0.06894174422613641,000651.SZ
2023-01-17,28.95,29.14,28.57,28.79,24236366,853027494,0.43,-0.6898930665746761,000651.SZ
2023-01-18,28.61,28.76,28.39,28.7,19820777,692956465,0.35,-0.3126085446335525,000651.SZ
2023-01-19,28.75,28.95,28.55,28.66,22896003,802935939,0.41,-0.13937282229964376,000651.SZ
2023-01-29,29.19,29.23,28.6,28.66,40601051,1431756651,0.73,0.0,000651.SZ
2023-01-30,28.66,28.84,28.21,28.32,27669331,963487230,0.49,-1.1863224005582707,000651.SZ
2023-01-31,28.46,28.69,28.33,28.58,27369485,954296680,0.49,0.918079096045199,000651.SZ
2023-02-01,28.59,28.67,28.42,28.52,30085671,1049190456,0.54,-0.20993701889432392,000651.SZ
2023-02-02,28.37,28.43,28.17,28.37,22796829,788485486,0.41,-0.5259467040673149,000651.SZ
2023-02-05,28.22,28.23,27.66,27.67,33520824,1140037078,0.6,-2.467395135706729,000651.SZ
2023-02-06,27.84,28.19,27.79,28.15,22876151,784539741,0.41,1.7347307553306823,000651.SZ
2023-02-07,28.2,28.49,27.93,28.04,20006521,689358452,0.36,-0.3907637655417351,000651.SZ
2023-02-08,27.88,28.16,27.81,28.09,20761993,711646332,0.37,0.1783166904422373,000651.SZ
2023-02-09,28.11,28.12,27.88,28.02,15272833,523507993,0.27,-0.24919900320399258,000651.SZ
2023-02-12,28.06,28.41,27.93,28.38,28638556,987660446,0.51,1.2847965738757905,000651.SZ
2023-02-13,28.44,28.55,28.29,28.51,19268197,670015186,0.34,0.4580690627202344,000651.SZ
2023-02-14,28.5,28.54,28.16,28.24,16713417,577757678,0.3,-0.9470361276745165,000651.SZ
2023-02-15,28.24,28.45,27.75,27.93,28135121,968714065,0.5,-1.0977337110481544,000651.SZ
2023-02-16,27.93,28.09,27.76,27.78,18193785,621456149,0.33,-0.5370569280343629,000651.SZ
2023-02-19,27.78,28.78,27.78,28.74,52342020,1822339523,0.94,3.455723542116629,000651.SZ
2023-02-20,28.95,29.68,28.89,29.55,81304977,2920138338,1.45,2.8183716075156573,000651.SZ
2023-02-21,29.5,29.66,29.24,29.5,32666017,1176963006,0.58,-0.16920473773266442,000651.SZ
2023-02-22,29.62,30.51,29.62,30.28,81370503,3014292022,1.46,2.644067796610172,000651.SZ
2023-02-23,30.15,30.26,29.75,29.9,36926076,1352140215,0.66,-1.2549537648612996,000651.SZ
2023-02-26,29.63,29.8,29.04,29.6,39182918,1376848522,0.7,-1.0033444816053394,000651.SZ
2023-02-27,29.72,30.05,29.37,29.86,34995389,1237336464,0.63,0.8783783783783639,000651.SZ
2023-02-28,29.86,30.76,29.77,30.62,51970455,1882938245,0.93,2.54521098459477,000651.SZ
2023-03-01,30.42,31.02,30.37,30.78,45758404,1676275922,0.82,0.5225342913128594,000651.SZ
2023-03-02,31.02,31.55,30.94,31.08,45573220,1690430395,0.81,0.9746588693956948,000651.SZ
2023-03-05,31.09,31.4,30.67,31.03,42112378,1556527309,0.75,-0.1608751608751513,000651.SZ
2023-03-06,30.94,31.11,30.4,30.47,41411472,1512768971,0.74,-1.8047051240734802,000651.SZ
2023-03-07,30.32,30.76,30.27,30.68,26450803,962114237,0.47,0.6892024942566577,000651.SZ
2023-03-08,30.88,30.94,30.52,30.79,27503255,1009001335,0.49,0.3585397653194322,000651.SZ
2023-03-09,30.64,30.73,29.9,29.94,36010638,1294371652,0.64,-2.7606365703150337,000651.SZ
2023-03-12,29.94,31.21,29.87,31.2,63348564,2321045502,1.13,4.208416833667328,000651.SZ
2023-03-13,31.11,31.61,30.76,31.06,61073140,2269712345,1.09,-0.4487179487179471,000651.SZ
2023-03-14,31.11,31.65,31.04,31.48,36905141,1378304181,0.66,1.3522215067611087,000651.SZ
2023-03-15,31.27,31.69,31.11,31.36,37570212,1406362390,0.67,-0.3811944091486663,000651.SZ
2023-03-16,31.65,31.91,31.37,31.54,38887648,1463969892,0.7,0.5739795918367374,000651.SZ
2023-03-19,31.52,31.69,30.96,31.19,31175352,1158701863,0.56,-1.109701965757759,000651.SZ
2023-03-20,31.13,31.69,31.09,31.63,31531112,1183366151,0.56,1.4107085604360359,000651.SZ
2023-03-21,31.68,31.75,31.16,31.28,26348780,982422968,0.47,-1.1065444198545604,000651.SZ
2023-03-22,31.27,31.53,31.06,31.22,33101208,1231631548,0.59,-0.19181585677749968,000651.SZ
2023-03-23,31.11,31.14,30.77,30.99,31951354,1177943451,0.57,-0.7367072389493967,000651.SZ
2023-03-26,31.0,31.04,30.43,30.59,37044082,1350143941,0.66,-1.2907389480477538,000651.SZ
2023-03-27,30.61,30.87,30.27,30.6,28225261,1027278620,0.5,0.03269042170643832,000651.SZ
2023-03-28,30.63,30.73,30.28,30.39,21323888,772096709,0.38,-0.6862745098039191,000651.SZ
2023-03-29,30.43,31.56,30.12,31.3,54657824,2005354003,0.98,2.994406054623222,000651.SZ
2023-03-30,31.13,31.36,30.86,30.9,33176565,1226454624,0.59,-1.2779552715655007,000651.SZ
2023-04-02,30.98,31.51,30.88,31.33,29620867,1101948260,0.53,1.3915857605177884,000651.SZ
2023-04-03,31.21,31.33,30.94,31.13,24167875,894596326,0.43,-0.6383657835939971,000651.SZ
2023-04-05,31.14,31.16,30.69,30.9,24119673,884473175,0.43,-0.7388371345968481,000651.SZ
2023-04-06,30.9,31.58,30.82,31.35,32783277,1223357476,0.59,1.4563106796116498,000651.SZ
2023-04-09,31.35,31.75,31.12,31.74,31736839,1193801199,0.57,1.2440191387559807,000651.SZ
2023-04-10,31.91,33.12,31.85,33.12,95364085,3728690732,1.71,4.347826086956519,000651.SZ
2023-04-11,33.14,33.38,32.91,33.12,39723678,1565796851,0.71,0.0,000651.SZ
2023-04-12,33.01,33.01,32.28,32.38,31852745,1231928666,0.57,-2.2342995169082003,000651.SZ
2023-04-13,32.43,32.54,32.16,32.28,21393206,822639040,0.38,-0.3088326127239083,000651.SZ
2023-04-16,32.58,33.91,32.54,33.85,77515049,3083784769,1.39,4.86369268897151,000651.SZ
2023-04-17,33.98,34.62,33.84,34.12,55906808,2275236561,1.0,0.797636632200871,000651.SZ
2023-04-18,34.12,34.46,33.58,33.65,40988319,1655582273,0.73,-1.3774912075029233,000651.SZ
2023-04-19,34.16,35.23,34.05,35.15,75438792,3135979072,1.35,4.457652303120363,000651.SZ
2023-04-20,35.31,35.63,34.42,34.49,45834956,1905363433,0.82,-1.8776671408250234,000651.SZ
2023-04-23,34.97,35.83,34.55,34.71,65723876,2745696782,1.18,0.6378660481298981,000651.SZ
2023-04-24,34.72,34.8,33.68,34.33,58568865,2380660539,1.05,-1.0947853644482919,000651.SZ
2023-04-25,34.07,34.18,33.23,33.63,46877817,1869597261,0.84,-2.039032915817063,000651.SZ
2023-04-26,33.61,33.79,33.2,33.46,42893076,1710418686,0.77,-0.5055010407374438,000651.SZ
2023-04-27,33.8,33.94,32.8,33.07,69028337,2717033086,1.23,-1.1655708308427992,000651.SZ
2023-05-03,30.27,30.69,29.77,29.78,212935023,7577271736,3.81,-9.948593891744784,000651.SZ
2023-05-04,29.76,30.16,29.23,29.55,110802509,3900066284,1.98,-0.7723304231027517,000651.SZ
2023-05-07,29.68,29.79,28.86,29.1,101933401,3527983125,1.82,-1.522842639593902,000651.SZ
2023-05-08,29.08,29.58,29.0,29.15,69792007,2429885987,1.25,0.1718213058419238,000651.SZ
2023-05-09,29.0,29.27,28.48,29.08,49142588,1692227823,0.88,-0.2401372212692987,000651.SZ
2023-05-10,29.01,29.15,28.58,28.59,53323762,1822353715,0.95,-1.6850068775790872,000651.SZ
2023-05-11,28.59,29.23,28.56,28.81,50453545,1737222743,0.9,0.7694998251136731,000651.SZ
2023-05-14,28.83,29.11,28.5,28.98,40747699,1396326950,0.73,0.590072891357174,000651.SZ
2023-05-15,28.92,28.92,28.36,28.47,55040165,1867813199,0.98,-1.7598343685300222,000651.SZ
2023-05-16,28.53,28.62,28.17,28.6,38367380,1296412012,0.69,0.4566210045662267,000651.SZ
2023-05-17,28.56,29.21,28.48,28.87,45768650,1574163783,0.82,0.9440559440559326,000651.SZ
2023-05-18,28.69,29.53,28.59,29.27,48881891,1698208741,0.87,1.3855213023900248,000651.SZ
2023-05-21,29.17,29.9,29.07,29.59,49828635,1754067939,0.89,1.0932695592757113,000651.SZ
2023-05-22,29.6,29.77,29.45,29.47,28758377,1012599415,0.51,-0.4055424129773555,000651.SZ
2023-05-23,29.44,29.59,28.92,29.0,26733600,928735850,0.48,-1.5948422124194006,000651.SZ
2023-05-24,28.94,28.94,28.58,28.87,33193044,1133263850,0.59,-0.44827586206895864,000651.SZ
2023-05-25,28.82,28.98,28.51,28.92,18568031,634553908,0.33,0.1731901627987531,000651.SZ
2023-05-28,28.91,29.14,28.34,28.61,28643275,973886487,0.51,-1.0719225449515979,000651.SZ
2023-05-29,28.61,28.61,28.01,28.26,44519280,1493859343,0.8,-1.2233484795525995,000651.SZ
2023-05-30,28.26,28.31,27.51,27.73,50214377,1658777411,0.9,-1.875442321302201,000651.SZ
2023-05-31,27.66,27.75,27.33,27.35,43192724,1411900024,0.77,-1.370357014064183,000651.SZ
2023-06-01,27.51,28.79,27.51,28.66,78753201,2651395236,1.41,4.789762340036563,000651.SZ
2023-06-04,28.66,28.79,28.16,28.73,30778554,1043893176,0.55,0.2442428471737701,000651.SZ
2023-06-05,28.66,29.24,28.47,28.66,38951551,1338578010,0.7,-0.2436477549599747,000651.SZ
2023-06-06,29.05,29.33,28.71,28.98,42747899,1477768401,0.76,1.1165387299371998,000651.SZ
2023-06-07,28.95,29.95,28.8,29.84,61688168,2166445653,1.1,2.9675638371290614,000651.SZ
2023-06-08,30.69,30.8,29.53,29.59,46956161,1670930341,0.84,-0.8378016085790918,000651.SZ
2023-06-11,29.61,30.61,29.57,30.33,56998347,2045844613,1.02,2.50084488002702,000651.SZ
2023-06-12,30.33,30.75,30.17,30.32,37705369,1363381265,0.67,-0.03297065611604921,000651.SZ
2023-06-13,30.44,31.17,30.39,30.79,53870617,1979494645,0.96,1.5501319261213675,000651.SZ
2023-06-14,31.06,31.31,30.82,31.14,51326763,1897082363,0.92,1.1367327054238485,000651.SZ
2023-06-15,31.2,31.34,30.67,31.19,54070429,1993666320,0.97,0.16056518946692133,000651.SZ
2023-06-18,31.02,31.05,30.25,30.3,43884810,1588106004,0.78,-2.8534786790638034,000651.SZ
2023-06-19,30.36,31.36,30.36,30.58,42234056,1547661948,0.76,0.9240924092409175,000651.SZ
2023-06-20,30.52,30.94,30.29,30.4,26724698,971750750,0.48,-0.5886200130804431,000651.SZ
2023-06-25,30.52,30.88,30.14,30.24,41784595,1514880138,0.75,-0.5263157894736858,000651.SZ
2023-06-26,30.24,31.19,30.04,31.01,57405771,2107543661,1.03,2.546296296296302,000651.SZ
2023-06-27,31.11,31.68,31.11,31.36,52816912,1974855560,0.94,1.1286681715575453,000651.SZ
2023-06-28,31.5,31.59,30.9,30.93,25545293,943486394,0.46,-1.3711734693877542,000651.SZ
2023-06-29,31.06,31.08,30.67,30.69,29317377,1073991316,0.52,-0.7759456838021261,000651.SZ
2023-07-02,30.7,31.65,30.6,31.44,42355132,1578330100,0.76,2.4437927663734094,000651.SZ
2023-07-03,31.44,31.57,30.8,31.01,34107541,1260331737,0.61,-1.3676844783715003,000651.SZ
2023-07-04,31.04,31.18,30.73,31.06,25859451,951679818,0.46,0.16123831022250013,000651.SZ
2023-07-05,30.95,31.49,30.8,30.85,21953951,810400558,0.39,-0.6761107533805433,000651.SZ
2023-07-06,30.81,30.85,30.52,30.67,20128001,734243944,0.36,-0.5834683954619169,000651.SZ
2023-07-09,30.77,31.02,30.62,30.83,20183255,740391856,0.36,0.5216824258232666,000651.SZ
2023-07-10,30.85,31.27,30.75,31.18,21422931,792359935,0.38,1.1352578657152224,000651.SZ
2023-07-11,31.18,31.57,31.02,31.29,27178150,1014181345,0.49,0.3527902501603508,000651.SZ
2023-07-12,31.32,31.64,31.15,31.29,24159647,901870424,0.43,0.0,000651.SZ
2023-07-13,31.34,31.36,30.77,30.89,26662587,980952841,0.48,-1.2783636944710741,000651.SZ
2023-07-16,30.92,31.11,30.7,31.01,13816157,508009882,0.25,0.3884752347038001,000651.SZ
2023-07-17,31.02,31.48,30.82,31.31,27392633,1016132765,0.49,0.9674298613350452,000651.SZ
2023-07-18,31.31,31.59,31.24,31.54,23728454,888042928,0.42,0.7345895879910636,000651.SZ
2023-07-19,31.54,31.78,31.32,31.32,19074530,717042765,0.34,-0.6975269499048808,000651.SZ
2023-07-20,31.55,31.62,31.02,31.13,18204041,674997696,0.33,-0.606641123882512,000651.SZ
2023-07-23,30.94,31.1,30.65,30.79,17437402,638716695,0.31,-1.0921940250562145,000651.SZ
2023-07-24,31.1,32.69,31.1,32.54,75421816,2874756554,1.35,5.683663527119198,000651.SZ
2023-07-25,32.41,32.82,32.38,32.67,33358112,1295618410,0.6,0.39950829748003347,000651.SZ
2023-07-26,32.67,32.79,32.0,32.11,24428250,939058908,0.44,-1.7141108050199083,000651.SZ
2023-07-27,32.07,32.84,32.07,32.62,40653769,1577185469,0.73,1.5882902522578624,000651.SZ
2023-07-30,32.8,33.21,32.48,32.59,35865426,1397895367,0.64,-0.09196811771917668,000651.SZ
2023-07-31,32.5,32.83,32.14,32.33,25098364,967707195,0.45,-0.7977907333538092,000651.SZ
2023-08-01,32.33,32.49,32.1,32.19,20437095,783937568,0.37,-0.43303433343644393,000651.SZ
2023-08-02,32.03,32.27,31.95,32.13,19260829,735404886,0.34,-0.18639328984154657,000651.SZ
2023-08-03,32.28,32.86,32.27,32.32,21825410,842579032,0.39,0.5913476501711701,000651.SZ
2023-08-06,32.25,32.39,31.86,31.99,21164917,805481628,0.38,-1.0210396039604053,000651.SZ
2023-08-07,31.86,32.12,31.75,31.86,19126657,726274745,0.34,-0.4063769928102534,000651.SZ
2023-08-08,32.08,32.12,31.8,31.91,22322747,826115884,0.4,0.15693659761457646,000651.SZ
2023-08-09,31.97,32.04,31.07,31.56,39013580,1419756585,0.7,-1.096834848010031,000651.SZ
2023-08-10,31.56,31.56,30.91,31.01,27262191,983703165,0.49,-1.7427122940430806,000651.SZ
2023-08-13,30.79,31.0,30.19,30.93,32967740,1167358686,0.59,-0.2579812963560246,000651.SZ
2023-08-14,30.9,31.13,30.67,30.86,18740547,670578842,0.34,-0.2263174911089516,000651.SZ
2023-08-15,30.8,31.09,30.52,30.93,15566153,555995406,0.28,0.2268308489954629,000651.SZ
2023-08-16,30.68,31.12,30.4,31.1,15331782,548346501,0.27,0.5496281926931745,000651.SZ
2023-08-17,31.1,31.16,30.51,30.64,22248763,791312699,0.4,-1.4790996784565968,000651.SZ
2023-08-20,30.65,30.73,29.89,29.89,33962538,1188863140,0.61,-2.4477806788511747,000651.SZ
2023-08-21,30.02,30.21,29.65,29.79,31705623,1098254327,0.57,-0.33456005352960894,000651.SZ
2023-08-22,29.94,30.07,29.52,29.56,22994071,791934928,0.41,-0.7720711648204093,000651.SZ
2023-08-23,29.56,30.2,29.49,30.02,22656380,784975994,0.41,1.556156968876854,000651.SZ
2023-08-24,29.82,30.1,29.68,29.92,16570466,573151968,0.3,-0.3331112591605567,000651.SZ
2023-08-27,31.16,31.52,29.7,29.82,50445211,1768290449,0.9,-0.33422459893048817,000651.SZ
2023-08-28,29.76,30.12,29.57,30.04,33015746,1144798894,0.59,0.7377598926894713,000651.SZ
2023-08-29,30.17,30.7,30.06,30.33,40175069,1412637414,0.72,0.9653794940079896,000651.SZ
2023-08-30,30.78,31.1,30.59,30.9,54481927,1950317672,0.97,1.879327398615227,000651.SZ
2023-08-31,31.0,31.76,31.0,31.68,41700437,1523440653,0.75,2.5242718446601975,000651.SZ
2023-09-03,31.95,32.23,31.72,32.13,36821004,1365426563,0.66,1.4204545454545636,000651.SZ
2023-09-04,32.13,32.15,31.8,31.91,21816699,806515403,0.39,-0.6847183317771677,000651.SZ
2023-09-05,31.86,31.86,31.47,31.72,21578469,791055275,0.39,-0.5954246317768752,000651.SZ
2023-09-06,31.69,31.8,31.44,31.6,17588528,643740413,0.31,-0.3783102143757766,000651.SZ
2023-09-07,31.47,31.56,31.02,31.14,16146567,583225154,0.29,-1.4556962025316533,000651.SZ
2023-09-10,31.23,31.52,31.05,31.28,22425636,811897738,0.4,0.4495825305073975,000651.SZ
2023-09-11,31.28,31.73,31.11,31.56,19690154,719438092,0.35,0.8951406649616356,000651.SZ
2023-09-12,31.47,31.6,31.24,31.32,13815220,501986151,0.25,-0.760456273764254,000651.SZ
2023-09-13,31.4,31.43,31.07,31.33,15392565,556719386,0.28,0.03192848020434624,000651.SZ
2023-09-14,31.39,31.48,30.92,31.05,25823230,931018818,0.46,-0.8937120970315959,000651.SZ
2023-09-17,30.95,31.22,30.75,31.22,15070974,542834693,0.27,0.5475040257648889,000651.SZ
2023-09-18,31.17,31.17,30.99,31.17,19334857,695960718,0.35,-0.16015374759767997,000651.SZ
2023-09-19,31.26,31.73,30.91,31.6,22025288,802487567,0.39,1.3795316008982983,000651.SZ
2023-09-20,31.52,31.56,31.18,31.21,16517278,598805931,0.3,-1.23417721518988,000651.SZ
2023-09-21,31.37,31.72,31.09,31.7,20512665,748274479,0.37,1.5700096123037355,000651.SZ
2023-09-24,31.8,31.88,31.52,31.65,16667468,611583209,0.3,-0.1577287066246047,000651.SZ
2023-09-25,31.63,31.85,31.52,31.56,10030882,367412189,0.18,-0.28436018957346265,000651.SZ
2023-09-26,31.48,31.82,31.46,31.52,16985909,621843631,0.3,-0.12674271229403677,000651.SZ
2023-09-27,31.54,31.65,31.3,31.34,15202928,552509311,0.27,-0.5710659898477188,000651.SZ
2023-10-08,31.26,31.75,30.95,31.6,24756794,901912871,0.44,0.8296107211231751,000651.SZ
2023-10-09,31.72,31.82,30.29,30.44,46055189,1639098479,0.82,-3.6708860759493644,000651.SZ
2023-10-10,30.47,30.92,30.25,30.28,23652802,834496789,0.42,-0.5256241787122251,000651.SZ
2023-10-11,30.52,30.64,30.18,30.36,25856014,908956457,0.46,0.26420079260236484,000651.SZ
2023-10-12,30.22,30.27,29.9,30.06,21047484,731449981,0.38,-0.988142292490124,000651.SZ
2023-10-15,30.05,30.12,29.8,29.86,18094639,626341120,0.32,-0.6653359946773074,000651.SZ
2023-10-16,29.87,30.09,29.79,30.04,16440913,571050600,0.29,0.602813127930335,000651.SZ
2023-10-17,29.96,29.96,29.63,29.7,19329073,666267010,0.35,-1.131824234354195,000651.SZ
2023-10-18,29.5,29.63,29.09,29.11,30727541,1041200499,0.55,-1.9865319865319808,000651.SZ
2023-10-19,29.04,29.26,28.91,29.0,21186197,712895195,0.38,-0.37787701820679587,000651.SZ
2023-10-22,29.0,29.19,28.59,28.88,17896281,598522618,0.32,-0.4137931034482789,000651.SZ
2023-10-23,29.01,29.08,28.68,28.97,26026063,870049200,0.47,0.31163434903047627,000651.SZ
2023-10-24,29.35,29.4,28.86,28.92,26435366,889649500,0.47,-0.17259233690023468,000651.SZ
2023-10-25,28.84,29.06,28.62,28.83,20571108,685589803,0.37,-0.3112033195020847,000651.SZ
2023-10-26,29.26,29.72,28.97,29.55,45603264,1551851205,0.82,2.4973985431841816,000651.SZ
2023-10-29,29.45,29.59,29.19,29.4,30171384,1024941837,0.54,-0.5076142131979822,000651.SZ
2023-10-30,29.6,29.6,29.2,29.3,25942329,881387502,0.46,-0.340136054421758,000651.SZ
2023-10-31,29.23,29.4,29.11,29.22,20289867,686718881,0.36,-0.27303754266212454,000651.SZ
2023-11-01,29.25,29.72,29.23,29.38,29878821,1018357232,0.54,0.5475701574264136,000651.SZ
2023-11-02,29.38,29.5,29.24,29.37,24487608,833080838,0.44,-0.03403675970047315,000651.SZ
2023-11-05,29.49,29.51,29.22,29.43,34239651,1164921201,0.61,0.20429009193054792,000651.SZ
2023-11-06,29.36,29.38,29.07,29.18,28382023,959310694,0.51,-0.849473326537542,000651.SZ
2023-11-07,29.19,29.26,28.93,29.07,31561460,1063059458,0.57,-0.3769705277587354,000651.SZ
2023-11-08,29.07,29.21,29.0,29.1,19669075,662691151,0.35,0.10319917440659854,000651.SZ
2023-11-09,29.1,29.1,28.81,28.91,22059027,737889766,0.4,-0.6529209621993215,000651.SZ
2023-11-12,28.78,28.91,27.91,28.12,57797676,1887277481,1.04,-2.732618471117254,000651.SZ
2023-11-13,27.99,28.36,27.8,28.31,30218275,985908324,0.54,0.6756756756756577,000651.SZ
2023-11-14,28.48,28.51,28.24,28.37,26026097,854392765,0.47,0.21193924408338116,000651.SZ
2023-11-15,28.32,28.37,28.02,28.16,20330914,662865371,0.36,-0.7402185407120232,000651.SZ
2023-11-16,27.98,28.12,27.86,28.06,22167157,717893453,0.4,-0.35511363636364646,000651.SZ
2023-11-19,28.06,28.47,27.81,28.31,29238757,955070592,0.52,0.8909479686386224,000651.SZ
2023-11-20,28.37,28.72,28.32,28.38,29422033,972407448,0.53,0.24726245143058545,000651.SZ
2023-11-21,28.31,28.43,28.2,28.28,20053503,657519523,0.36,-0.35236081747709314,000651.SZ
2023-11-22,28.28,28.5,28.09,28.46,21939791,718352202,0.39,0.6364922206506307,000651.SZ
2023-11-23,28.46,28.61,28.32,28.5,20952667,691097916,0.38,0.14054813773716202,000651.SZ
2023-11-26,28.5,28.5,28.13,28.3,23148858,757426392,0.41,-0.7017543859649145,000651.SZ
2023-11-27,28.28,28.46,28.19,28.4,16068120,527270629,0.29,0.35335689045936647,000651.SZ
2023-11-28,28.37,28.43,28.18,28.39,17957992,588995772,0.32,-0.035211267605628205,000651.SZ
2023-11-29,28.3,28.56,28.3,28.45,19720996,649914618,0.35,0.21134202183867856,000651.SZ
2023-11-30,28.48,28.5,27.83,28.06,34727691,1127729800,0.62,-1.3708260105448122,000651.SZ
2023-12-03,28.03,28.43,27.96,28.32,24830564,813234427,0.44,0.9265858873841903,000651.SZ
2023-12-04,28.26,28.46,28.04,28.04,22886577,749468140,0.41,-0.9887005649717562,000651.SZ
2023-12-05,28.0,28.23,27.93,27.99,21377681,694729360,0.38,-0.1783166904422262,000651.SZ
2023-12-06,28.06,28.56,28.02,28.34,30685664,1006689049,0.55,1.2504465880671667,000651.SZ
2023-12-07,28.32,28.52,28.25,28.39,21717435,714933425,0.39,0.17642907551165266,000651.SZ
2023-12-10,28.25,28.47,27.94,28.36,28110590,918210493,0.5,-0.10567101091933928,000651.SZ
2023-12-11,28.31,28.81,28.25,28.74,30116029,998459136,0.54,1.3399153737658542,000651.SZ
2023-12-12,28.75,28.75,28.34,28.46,23394385,771494328,0.42,-0.9742519137091121,000651.SZ
2023-12-13,28.5,28.84,28.5,28.62,28416366,943744169,0.51,0.5621925509486925,000651.SZ
2023-12-14,28.71,28.8,28.55,28.58,26169823,868127074,0.47,-0.13976240391335715,000651.SZ
2023-12-17,28.45,28.82,28.18,28.64,21099655,698998873,0.38,0.20993701889433503,000651.SZ
2023-12-18,28.63,28.65,28.42,28.62,16178453,534402795,0.29,-0.06983240223463749,000651.SZ
2023-12-19,28.31,28.32,26.58,26.6,124110579,3884586023,2.22,-7.058001397624036,000651.SZ
2023-12-20,26.85,27.51,26.82,27.19,91325109,2869808381,1.64,2.2180451127819634,000651.SZ
2023-12-21,27.04,27.91,27.02,27.67,58111966,1855875805,1.04,1.7653549098933352,000651.SZ
2023-12-24,27.69,27.84,27.5,27.59,28184292,902465456,0.5,-0.2891217925551248,000651.SZ
2023-12-25,27.59,27.93,27.36,27.43,23086523,736632434,0.41,-0.5799202609641174,000651.SZ
2023-12-26,27.47,27.72,27.36,27.68,27642533,882879714,0.5,0.9114108640174923,000651.SZ
2023-12-27,27.8,28.01,27.61,27.9,38034301,1226246306,0.68,0.7947976878612595,000651.SZ
2023-12-28,27.81,27.93,27.56,27.78,32914691,1055454739,0.59,-0.4301075268817067,000651.SZ
2024-01-01,27.78,27.8,27.6,27.66,25379730,814257175,0.45,-0.4319654427645814,000651.SZ
2024-01-02,27.63,27.7,27.37,27.46,25446892,810315013,0.46,-0.7230657989877098,000651.SZ
2024-01-03,27.55,27.64,27.16,27.59,33339805,1057458411,0.6,0.4734158776402042,000651.SZ
2024-01-04,27.68,28.75,27.3,28.48,83215675,2738167636,1.49,3.2258064516129004,000651.SZ
2024-01-07,28.6,28.68,28.37,28.41,41591134,1372722050,0.74,-0.24578651685392972,000651.SZ
2024-01-08,28.33,28.97,28.19,28.92,43820766,1454959637,0.78,1.7951425554382228,000651.SZ
2024-01-09,28.8,29.22,28.74,29.07,36648552,1233441572,0.66,0.5186721991701226,000651.SZ
2024-01-10,29.07,29.2,28.86,29.0,28408874,955075100,0.51,-0.2407980736154114,000651.SZ
2024-01-11,28.93,29.21,28.86,29.03,22401273,753931821,0.4,0.1034482758620836,000651.SZ
2024-01-14,28.88,29.32,28.86,29.22,29568134,996815725,0.53,0.6544953496383066,000651.SZ
2024-01-15,29.13,29.57,29.02,29.45,28881665,981985130,0.52,0.7871321013004806,000651.SZ
2024-01-16,29.34,29.51,29.07,29.07,25404359,862978615,0.46,-1.2903225806451535,000651.SZ
2024-01-17,28.88,29.19,28.35,29.05,42599897,1415827046,0.76,-0.06879944960440643,000651.SZ
2024-01-18,28.93,29.14,28.81,28.97,22119309,742171249,0.4,-0.2753872633390775,000651.SZ
2024-01-21,28.94,29.13,28.32,28.5,37486769,1252130523,0.67,-1.6223679668622704,000651.SZ
2024-01-22,28.5,28.62,28.26,28.45,34201623,1126417759,0.61,-0.17543859649122862,000651.SZ
2024-01-23,28.63,29.1,28.46,29.06,32424807,1081791120,0.58,2.1441124780316345,000651.SZ
2024-01-24,29.06,29.19,28.85,29.07,34303215,1153568899,0.61,0.03441156228494169,000651.SZ
2024-01-25,29.02,29.16,28.67,29.07,40242878,1348398856,0.72,0.0,000651.SZ
2024-01-28,30.2,30.44,29.71,30.27,82599747,2881709947,1.48,4.127966976264186,000651.SZ
2024-01-29,30.05,30.71,29.94,30.35,59559302,2096921936,1.07,0.26428807400067367,000651.SZ
2024-01-30,30.21,30.8,30.14,30.44,57217632,2026993048,1.02,0.29654036243822457,000651.SZ
2024-01-31,30.38,30.65,30.23,30.46,39645155,1399336815,0.71,0.06570302233903647,000651.SZ
2024-02-01,30.4,30.95,29.9,30.74,57203301,2029392736,1.02,0.9192383453709763,000651.SZ
2024-02-04,30.52,31.22,30.33,31.16,68096947,2434258295,1.22,1.3662979830839417,000651.SZ
2024-02-05,31.0,31.78,30.7,31.0,77154588,2786260236,1.38,-0.5134788189987138,000651.SZ
2024-02-06,31.01,31.85,30.63,31.78,77041844,2793901513,1.38,2.516129032258063,000651.SZ
2024-02-07,31.78,31.9,31.05,31.21,57054423,2075374688,1.02,-1.7935808684707344,000651.SZ
2024-02-18,31.5,31.95,31.22,31.93,49645367,1822315595,0.89,2.306952899711634,000651.SZ
2024-02-19,31.95,32.81,31.9,32.78,51256680,1932836783,0.92,2.662073285311628,000651.SZ
2024-02-20,32.73,33.12,32.48,32.7,47622551,1811420029,0.85,-0.24405125076265577,000651.SZ
2024-02-21,32.55,33.07,32.47,33.05,31474565,1199293233,0.56,1.0703363914372988,000651.SZ
2024-02-22,33.12,33.17,32.73,32.92,34173798,1304163891,0.61,-0.39334341906200887,000651.SZ
2024-02-25,33.38,33.97,33.34,33.57,48760694,1898772035,0.87,1.974483596597798,000651.SZ
2024-02-26,33.47,33.68,33.26,33.57,35105044,1361036932,0.63,0.0,000651.SZ
2024-02-27,33.56,33.84,33.29,33.5,35133409,1366592263,0.63,-0.2085195114685745,000651.SZ
2024-02-28,33.5,33.84,33.42,33.72,33944025,1323366862,0.61,0.6567164179104523,000651.SZ
2024-02-29,33.75,34.56,33.62,34.55,49235127,1959057808,0.88,2.461447212336898,000651.SZ
2024-03-03,34.89,35.4,34.4,34.6,51299213,2069842377,0.92,0.14471780028944004,000651.SZ
2024-03-04,34.53,34.76,34.14,34.71,41534196,1656369540,0.74,0.3179190751445127,000651.SZ
2024-03-05,34.7,35.04,34.58,34.64,27965689,1127135012,0.5,-0.2016709881878409,000651.SZ
2024-03-06,34.92,35.55,34.81,35.36,44230625,1809719828,0.79,2.0785219399538146,000651.SZ
2024-03-07,35.37,35.54,35.03,35.38,26247377,1074163112,0.47,0.05656108597285048,000651.SZ
2024-03-10,35.38,35.62,34.58,34.95,44482791,1797670198,0.8,-1.2153759185980717,000651.SZ
2024-03-11,34.94,34.94,33.59,33.9,83467251,3279867072,1.49,-3.0042918454935785,000651.SZ
2024-03-12,33.84,34.16,33.62,34.09,41975320,1649612351,0.75,0.560471976401189,000651.SZ
2024-03-13,33.96,34.57,33.94,34.15,34813602,1383580809,0.62,0.1760046934584869,000651.SZ
2024-03-14,34.19,34.2,33.25,33.52,48550854,1885101524,0.87,-1.8448023426061333,000651.SZ
2024-03-17,33.54,33.58,32.83,33.07,52370520,2005747362,0.94,-1.3424821002386733,000651.SZ
2024-03-18,33.03,33.31,32.9,33.05,30884365,1185571317,0.55,-0.0604777744179108,000651.SZ
2024-03-19,33.04,33.21,32.6,33.03,31623268,1206997723,0.57,-0.060514372163378294,000651.SZ
2024-03-20,33.07,33.15,32.64,32.74,31192403,1185099232,0.56,-0.8779897063275754,000651.SZ
2024-03-21,32.73,33.03,32.61,32.93,29490523,1122536772,0.53,0.580329871716545,000651.SZ
2024-03-24,32.82,33.35,32.68,32.95,33678792,1288353422,0.6,0.060734892195579704,000651.SZ
2024-03-25,32.93,33.1,32.64,32.9,33520860,1274359378,0.6,-0.15174506828529166,000651.SZ
2024-03-26,32.83,33.75,32.83,33.39,45811959,1776774056,0.82,1.4893617021276562,000651.SZ
2024-03-27,33.63,34.11,33.14,33.85,46044061,1799386683,0.82,1.3776579814315681,000651.SZ
2024-03-28,33.76,34.06,33.57,33.94,23585811,926421710,0.42,0.26587887740028293,000651.SZ
2024-03-31,34.11,34.78,34.07,34.64,38507559,1540677172,0.69,2.0624631703005436,000651.SZ
2024-04-01,34.54,34.88,34.38,34.53,30917471,1240313640,0.55,-0.3175519630485013,000651.SZ
2024-04-02,34.51,34.95,34.42,34.86,25537449,1025866808,0.46,0.9556907037358675,000651.SZ
2024-04-07,34.85,34.85,34.02,34.17,36713406,1458182186,0.66,-1.9793459552495674,000651.SZ
2024-04-08,34.11,34.19,32.86,32.9,58751840,2267107752,1.05,-3.716710564822956,000651.SZ
2024-04-09,32.88,33.37,32.64,32.74,37431209,1425725310,0.67,-0.4863221884498392,000651.SZ
2024-04-10,32.63,32.81,32.34,32.73,28870477,1090571254,0.52,-0.03054367745878306,000651.SZ
2024-04-11,32.77,33.29,32.61,32.97,32834898,1255809587,0.59,0.7332722273144077,000651.SZ
2024-04-14,33.1,34.05,32.98,34.02,46693406,1819645631,0.84,3.1847133757962,000651.SZ
2024-04-15,33.9,34.33,33.56,34.0,43295032,1704342327,0.78,-0.058788947677845815,000651.SZ
2024-04-16,33.79,34.18,33.16,34.17,37353134,1459215248,0.67,0.5000000000000115,000651.SZ
2024-04-17,34.06,35.06,33.94,34.54,49859208,1999878417,0.89,1.0828211881767524,000651.SZ
2024-04-18,34.29,34.65,34.23,34.49,27368645,1090933254,0.49,-0.1447596988998212,000651.SZ
2024-04-21,34.47,34.95,34.01,34.17,31251854,1246349957,0.56,-0.9278051609162064,000651.SZ
2024-04-22,34.0,34.15,33.39,33.81,28677687,1119334124,0.51,-1.0535557506584747,000651.SZ
2024-04-23,33.69,33.85,33.24,33.56,23506339,910431122,0.42,-0.7394262052647149,000651.SZ
2024-04-24,33.5,33.82,33.42,33.63,16140447,628726438,0.29,0.20858164481525332,000651.SZ
2024-04-25,33.75,34.15,33.6,34.11,29699521,1167130289,0.53,1.4272970561998166,000651.SZ
2024-04-28,34.16,35.37,33.76,34.98,52500637,2114122810,0.94,2.5505716798592815,000651.SZ
2024-04-29,35.4,36.91,35.01,36.37,98063569,4110016582,1.76,3.973699256718133,000651.SZ
2024-05-05,36.79,37.76,36.53,37.48,75427859,3246585021,1.35,3.0519659059664583,000651.SZ
2024-05-06,37.21,37.4,36.83,36.85,42169408,1806835842,0.76,-1.6808964781216518,000651.SZ
2024-05-07,36.81,36.99,36.4,36.44,30191761,1280662524,0.54,-1.1126187245590335,000651.SZ
2024-05-08,36.53,36.91,36.35,36.85,29378431,1248872224,0.53,1.1251372118551206,000651.SZ
2024-05-09,36.87,37.44,36.85,37.32,39675559,1710119175,0.71,1.2754409769335062,000651.SZ
2024-05-12,37.46,37.85,37.0,37.63,34180258,1485770427,0.61,0.830653804930348,000651.SZ
2024-05-13,37.61,37.62,36.47,36.82,39554921,1689021333,0.71,-2.152537868721771,000651.SZ
2024-05-14,36.61,37.31,36.6,36.92,24956829,1069075620,0.45,0.27159152634437245,000651.SZ
2024-05-15,36.87,36.91,36.41,36.56,31683274,1343345297,0.57,-0.9750812567713929,000651.SZ
2024-05-16,36.53,36.66,35.85,36.48,42570792,1784032262,0.76,-0.2188183807440014,000651.SZ
2024-05-19,36.55,36.88,36.03,36.16,37527720,1574083946,0.67,-0.8771929824561431,000651.SZ
2024-05-20,36.09,36.28,35.84,36.09,35166064,1469636042,0.63,-0.19358407079643758,000651.SZ
2024-05-21,36.14,36.15,35.76,35.89,25662309,1068081497,0.46,-0.5541701302299917,000651.SZ
2024-05-22,35.89,35.9,35.36,35.59,34515704,1420892784,0.62,-0.8358874338255662,000651.SZ
2024-05-23,35.4,35.82,35.32,35.55,23040992,950667756,0.41,-0.11239112110145166,000651.SZ
2024-05-26,35.52,36.38,35.46,36.2,39729593,1659208522,0.71,1.8284106891701901,000651.SZ
2024-05-27,36.2,36.3,35.71,35.89,25602667,1064316982,0.46,-0.8563535911602305,000651.SZ
2024-05-28,35.84,36.04,35.56,35.56,25684627,1061813315,0.46,-0.9194761772081339,000651.SZ
2024-05-29,35.49,35.84,35.36,35.49,20141557,830258145,0.36,-0.19685039370078705,000651.SZ
2024-05-30,35.71,35.8,35.14,35.14,26997277,1106477953,0.48,-0.9861932938856066,000651.SZ
2024-06-02,35.17,36.01,35.08,35.82,31390259,1298433922,0.56,1.9351166761525374,000651.SZ
2024-06-03,35.71,36.02,35.3,35.9,24068585,996117848,0.43,0.2233389168062594,000651.SZ
2024-06-04,35.91,36.17,35.27,35.32,25901702,1065750791,0.46,-1.6155988857938675,000651.SZ
2024-06-05,35.21,36.14,35.2,35.84,40103084,1661926702,0.72,1.4722536806342168,000651.SZ
2024-06-06,35.71,35.94,35.21,35.49,31912692,1310109909,0.57,-0.9765625,000651.SZ
2024-06-10,35.36,35.65,34.61,35.03,37588307,1523082825,0.67,-1.2961397576782163,000651.SZ
2024-06-11,34.92,35.3,34.52,35.15,23390651,946880583,0.42,0.342563516985428,000651.SZ
2024-06-12,35.15,35.42,34.71,34.74,26438755,1070999925,0.47,-1.1664295874822095,000651.SZ
2024-06-13,34.75,35.36,34.62,35.34,31620215,1285798635,0.57,1.727115716753036,000651.SZ
2024-06-16,35.14,35.51,34.73,34.85,30108874,1221575956,0.54,-1.3865308432371326,000651.SZ
2024-06-17,34.76,34.97,34.54,34.89,18985710,764353399,0.34,0.11477761836442557,000651.SZ
2024-06-18,34.81,34.84,34.08,34.52,29105336,1162166295,0.52,-1.0604757810260712,000651.SZ
2024-06-19,34.5,34.68,34.16,34.34,23528797,937216435,0.42,-0.5214368482039378,000651.SZ
2024-06-20,34.28,34.49,33.96,34.29,24759484,981032643,0.44,-0.14560279557368494,000651.SZ
2024-06-23,34.15,34.74,34.11,34.58,29110376,1163397988,0.52,0.8457276173811534,000651.SZ
2024-06-24,34.5,35.28,34.38,34.91,28457257,1148476815,0.51,0.9543088490456819,000651.SZ
2024-06-25,34.91,35.06,34.38,34.46,25362201,1014654828,0.45,-1.2890289315382275,000651.SZ
2024-06-26,34.34,34.46,33.6,34.09,37342073,1467359870,0.67,-1.073708647707483,000651.SZ
2024-06-27,33.88,34.28,33.72,33.87,27875495,1096024977,0.5,-0.6453505426811557,000651.SZ
2024-06-30,33.69,34.11,33.46,33.59,27596071,1075062388,0.5,-0.8266902863891201,000651.SZ
2024-07-01,33.5,33.58,32.86,33.04,39888409,1530319496,0.72,-1.6373920809764964,000651.SZ
2024-07-02,33.01,33.21,32.83,32.93,24424534,932290181,0.44,-0.33292978208232515,000651.SZ
2024-07-03,32.94,33.42,32.66,32.83,37059372,1415892843,0.67,-0.3036744609778319,000651.SZ
2024-07-04,32.82,33.02,32.12,32.55,39027322,1466749486,0.7,-0.8528784648187626,000651.SZ
2024-07-07,32.53,32.81,32.32,32.77,27260302,1031477102,0.49,0.6758832565284312,000651.SZ
2024-07-08,32.8,33.21,32.58,33.14,30184704,1151948246,0.54,1.129081476960625,000651.SZ
2024-07-09,33.14,33.29,32.52,32.71,29570072,1123625132,0.53,-1.2975256487628206,000651.SZ
2024-07-10,32.97,33.49,32.83,33.4,33347640,1283249678,0.6,2.109446652399871,000651.SZ
2024-07-11,33.24,33.72,33.14,33.56,33614813,1302936694,0.6,0.47904191616767733,000651.SZ
2024-07-14,33.56,33.67,33.17,33.36,21150175,818208130,0.38,-0.5959475566150285,000651.SZ
2024-07-15,33.37,33.46,32.93,33.23,25286618,970876292,0.45,-0.3896882494004883,000651.SZ
2024-07-16,33.07,33.28,32.64,33.17,32360937,1233750585,0.58,-0.18055973517904222,000651.SZ
2024-07-17,33.01,34.03,32.91,33.99,42468118,1654793000,0.76,2.472113355441663,000651.SZ
2024-07-18,33.91,33.94,33.5,33.89,25426735,994455938,0.46,-0.29420417769933094,000651.SZ
2024-07-21,33.85,34.02,33.43,33.56,24217190,942196727,0.44,-0.9737385659486564,000651.SZ
2024-07-22,33.53,33.6,32.9,32.9,23476283,899514232,0.42,-1.9666269368295741,000651.SZ
2024-07-23,32.87,32.9,31.95,32.09,37031259,1384293750,0.67,-2.4620060790273457,000651.SZ
2024-07-24,32.02,32.44,31.72,32.29,26508930,988651087,0.48,0.6232471174820731,000651.SZ
2024-07-25,33.67,34.48,33.59,34.39,93874115,3707523769,1.69,6.503561474140596,000651.SZ
2024-07-28,34.6,34.84,34.11,34.39,35471368,1412188704,0.64,0.0,000651.SZ
2024-07-29,34.28,34.3,33.38,33.67,37406217,1458120881,0.67,-2.093631869729573,000651.SZ
2024-07-30,33.56,34.72,33.41,34.56,43518491,1730900043,0.78,2.6433026433026363,000651.SZ
2024-07-31,34.38,35.38,34.38,35.08,42696638,1734176628,0.77,1.504629629629628,000651.SZ
2024-08-01,34.96,35.43,34.62,35.1,30526884,1241507672,0.55,0.05701254275942702,000651.SZ
2024-08-04,35.06,36.09,35.01,35.5,61486216,2544711758,1.11,1.139601139601143,000651.SZ
2024-08-05,35.5,35.83,34.79,35.13,35646753,1448654365,0.64,-1.042253521126757,000651.SZ
2024-08-06,35.04,35.14,34.59,34.95,26181338,1058640608,0.47,-0.5123825789923098,000651.SZ
2024-08-07,34.94,35.19,34.76,34.95,22621581,917057128,0.41,0.0,000651.SZ
2024-08-08,34.95,35.16,34.73,34.8,18936870,765911251,0.34,-0.42918454935624295,000651.SZ
2024-08-11,34.63,35.19,34.6,34.82,17485102,706857997,0.32,0.057471264367814356,000651.SZ
2024-08-12,34.87,34.93,34.31,34.74,19476207,779962115,0.35,-0.22975301550832716,000651.SZ
2024-08-13,34.74,34.82,34.38,34.64,12968626,520578960,0.23,-0.28785261945883933,000651.SZ
2024-08-14,34.59,35.27,34.41,34.99,26014463,1053634918,0.47,1.0103926096997728,000651.SZ
2024-08-15,35.1,35.53,34.93,35.42,23508601,961449833,0.42,1.2289225492998046,000651.SZ
2024-08-18,35.25,35.74,34.89,35.18,24951265,1016628361,0.45,-0.6775832862789488,000651.SZ
2024-08-19,35.18,35.46,34.81,35.37,23622593,964487997,0.43,0.5400795906765232,000651.SZ
2024-08-20,35.23,35.56,34.98,35.26,18746250,765399524,0.34,-0.31099802092168227,000651.SZ
2024-08-21,35.4,35.74,35.22,35.63,32486061,1336132089,0.59,1.0493477027793574,000651.SZ
2024-08-22,35.64,36.42,35.51,36.3,45770454,1916764127,0.83,1.8804378332865301,000651.SZ
2024-08-25,36.42,36.53,35.99,36.33,34787016,1461531750,0.63,0.08264462809917106,000651.SZ
2024-08-26,36.29,36.29,35.95,36.07,31471438,1314722788,0.57,-0.7156619873382786,000651.SZ
2024-08-27,36.08,36.12,35.08,35.48,40555660,1572103895,0.73,-1.6357083448849563,000651.SZ
2024-08-28,35.47,36.08,35.46,35.49,27705633,1081762732,0.5,0.028184892897420433,000651.SZ
2024-08-29,35.35,36.93,35.08,36.31,47082758,1860482981,0.85,2.3105100028177006,000651.SZ
2024-09-01,36.4,37.11,36.22,36.63,43207352,1734116870,0.78,0.8812999173781311,000651.SZ
2024-09-02,36.59,37.34,36.59,37.16,29773464,1206841622,0.54,1.4469014469014274,000651.SZ
2024-09-03,37.06,37.4,36.79,37.07,25192526,1022771810,0.45,-0.24219590958017845,000651.SZ
2024-09-04,37.07,37.39,36.53,36.89,23358753,940340085,0.42,-0.4855678446182843,000651.SZ
2024-09-05,36.88,37.07,36.53,36.54,16739943,673025196,0.3,-0.9487666034155628,000651.SZ
2024-09-08,36.53,36.53,35.51,35.57,30581566,1196141650,0.55,-2.6546250684181705,000651.SZ
2024-09-09,35.57,35.92,35.5,35.67,16914500,660565387,0.31,0.2811357885858845,000651.SZ
2024-09-10,35.54,36.2,35.26,35.75,23414141,918150009,0.42,0.22427810485001753,000651.SZ
2024-09-11,35.68,35.89,35.01,35.35,28848026,1115446812,0.52,-1.1188811188811099,000651.SZ
2024-09-12,35.36,36.19,35.31,35.89,26332892,1035043052,0.47,1.5275813295615226,000651.SZ
2024-09-17,35.91,37.1,35.84,37.06,35181361,1416195925,0.63,3.2599609919197636,000651.SZ
2024-09-18,36.58,37.23,36.22,37.17,32575868,1317774229,0.59,0.2968159740960541,000651.SZ
2024-09-19,37.22,37.68,37.06,37.56,31839792,1302790831,0.57,1.049233252623094,000651.SZ
2024-09-22,37.56,38.07,37.44,37.89,26690513,1106013412,0.48,0.8785942492012699,000651.SZ
2024-09-23,38.27,38.27,37.13,37.93,52659325,2169296117,0.95,0.10556875164950963,000651.SZ
2024-09-24,38.4,39.4,38.36,38.85,64768443,2762994159,1.17,2.425520696018979,000651.SZ
2024-09-25,39.05,40.6,38.82,40.59,60192988,2616721644,1.09,4.478764478764474,000651.SZ
2024-09-26,41.26,41.61,39.83,40.6,91250193,4050941074,1.65,0.024636610002448656,000651.SZ
2024-09-29,41.62,44.01,41.61,43.84,138686863,6506594536,2.5,7.98029556650246,000651.SZ
2024-10-07,48.22,48.22,45.0,47.1,129467417,6643599313,2.33,7.4361313868613,000651.SZ
2024-10-08,46.14,46.14,42.84,43.83,110521204,5375039059,1.99,-6.942675159235678,000651.SZ
2024-10-09,44.05,46.12,44.05,45.41,73522819,3643807844,1.33,3.6048368697239264,000651.SZ
2024-10-10,45.41,45.61,44.1,44.44,42710001,2093846033,0.77,-2.1360933715040664,000651.SZ
2024-10-13,44.5,46.07,44.5,45.58,53868615,2675835906,0.97,2.5652565256525595,000651.SZ
2024-10-14,45.52,45.72,44.38,44.42,35601269,1751669431,0.64,-2.544975866608157,000651.SZ
2024-10-15,43.88,43.95,42.87,43.41,45436087,2159666388,0.82,-2.2737505628095622,000651.SZ
2024-10-16,43.6,44.14,42.59,42.63,38612332,1827620325,0.7,-1.7968210089840952,000651.SZ
2024-10-17,42.52,43.88,42.29,43.26,47005903,2210219452,0.85,1.477832512315258,000651.SZ
2024-10-20,43.26,43.32,42.29,42.98,47446657,2221273466,0.86,-0.6472491909385147,000651.SZ
2024-10-21,42.96,44.3,42.8,43.7,42234103,2016156144,0.77,1.6751977664029916,000651.SZ
2024-10-22,43.79,44.29,43.51,43.83,32693868,1570175153,0.59,0.2974828375285954,000651.SZ
2024-10-23,43.59,43.83,43.17,43.33,19460097,924132755,0.35,-1.140771161305043,000651.SZ
2024-10-24,43.26,43.33,42.8,42.97,26174534,1230949490,0.47,-0.8308331410108449,000651.SZ
2024-10-27,42.97,43.28,42.41,42.76,27910688,1305473347,0.51,-0.4887130556202046,000651.SZ
2024-10-28,42.81,43.29,42.53,42.61,28215945,1320107682,0.51,-0.35079513564078013,000651.SZ
2024-10-29,42.61,43.01,41.53,41.87,40839078,1875972876,0.74,-1.736681530157247,000651.SZ
2024-10-30,40.7,40.88,39.4,39.78,104991527,4576391089,1.9,-4.991640792930485,000651.SZ
2024-10-31,39.78,40.19,39.51,39.8,54205023,2362698224,0.98,0.05027652086475598,000651.SZ
2024-11-03,39.87,39.93,39.2,39.6,54547738,2353259445,0.99,-0.5025125628140614,000651.SZ
2024-11-04,39.6,40.21,39.16,40.15,63199376,2749383595,1.15,1.388888888888884,000651.SZ
2024-11-05,40.06,40.06,39.02,39.18,79986476,3453068249,1.45,-2.4159402241593964,000651.SZ
2024-11-06,39.01,40.48,38.89,40.48,79996791,3479303735,1.45,3.3180193976518613,000651.SZ
2024-11-07,40.79,41.26,40.06,40.47,81382728,3611196091,1.48,-0.024703557312244495,000651.SZ
2024-11-10,40.17,40.18,39.48,40.01,56605747,2461615709,1.03,-1.136644427971334,000651.SZ
2024-11-11,40.01,41.11,39.81,39.96,66071776,2921160426,1.2,-0.12496875781053962,000651.SZ
2024-11-12,39.85,40.44,39.78,40.17,45349179,1989134113,0.82,0.5255255255255387,000651.SZ
2024-11-13,39.87,40.64,39.59,39.98,45993405,2023483639,0.83,-0.4729897933781535,000651.SZ
2024-11-14,39.92,40.11,39.22,39.43,42410752,1839025066,0.77,-1.3756878439219578,000651.SZ
2024-11-17,39.47,39.78,39.05,39.21,34039682,1467672249,0.62,-0.5579507988840993,000651.SZ
2024-11-18,39.21,39.38,38.88,39.26,29152792,1248385921,0.53,0.12751849018106665,000651.SZ
2024-11-19,39.19,39.19,38.92,39.08,29577144,1262410434,0.54,-0.45848191543556016,000651.SZ
2024-11-20,39.01,39.04,38.41,38.69,39628121,1672811222,0.72,-0.9979529170931478,000651.SZ
2024-11-21,38.65,39.01,37.72,37.77,50814545,2130305592,0.92,-2.37787542000516,000651.SZ
2024-11-24,37.77,38.2,37.31,37.47,42357130,1743305567,0.77,-0.794281175536149,000651.SZ
2024-11-25,37.35,37.88,37.05,37.66,39450573,1620126631,0.72,0.507072324526292,000651.SZ
2024-11-26,37.76,38.49,37.64,38.49,43224023,1803907214,0.78,2.20392989909719,000651.SZ
2024-11-27,38.46,38.58,37.95,38.04,26382498,1101489347,0.48,-1.1691348402182444,000651.SZ
2024-11-28,38.05,38.6,37.96,38.48,34638077,1455893214,0.63,1.1566771819137678,000651.SZ
2024-12-01,38.48,38.55,37.86,38.45,39186783,1639135592,0.71,-0.07796257796256478,000651.SZ
2024-12-02,38.34,38.78,38.27,38.73,34841161,1469976471,0.63,0.728218465539654,000651.SZ
2024-12-03,38.76,39.68,38.47,38.99,53698426,2297996487,0.97,0.6713142266976613,000651.SZ
2024-12-04,39.0,39.37,38.62,38.7,30419083,1292423428,0.55,-0.7437804565273098,000651.SZ
2024-12-05,38.68,39.01,38.51,38.66,38486014,1632092918,0.7,-0.10335917312662701,000651.SZ
2024-12-08,38.67,38.99,38.05,38.73,35374006,1494133323,0.64,0.18106570098292973,000651.SZ
2024-12-09,39.8,40.41,39.25,39.31,75926081,3306086992,1.38,1.4975471210947777,000651.SZ
2024-12-10,39.25,39.87,39.15,39.61,32608685,1413448883,0.59,0.7631645891630567,000651.SZ
2024-12-11,39.52,39.83,39.37,39.74,32395962,1403211433,0.59,0.3281999495077015,000651.SZ
2024-12-12,39.61,39.69,39.1,39.32,43500158,1872578613,0.79,-1.0568696527428312,000651.SZ
2024-12-15,39.2,39.73,39.06,39.21,30920371,1328674019,0.56,-0.27975584944048837,000651.SZ
2024-12-16,39.2,39.81,39.1,39.32,33483868,1447104376,0.61,0.2805406783983555,000651.SZ
2024-12-17,39.5,39.84,39.44,39.74,29719828,1290565469,0.54,1.068158697863697,000651.SZ
2024-12-18,39.6,40.23,39.48,39.92,43438685,1898655823,0.79,0.45294413688978796,000651.SZ
2024-12-19,39.92,40.19,39.51,39.56,35096649,1530168147,0.64,-0.9018036072144242,000651.SZ
2024-12-22,39.62,40.88,39.61,40.69,69320639,3069252491,1.26,2.856420626895839,000651.SZ
2024-12-23,40.71,42.17,40.71,41.68,70082613,3192368933,1.27,2.433030228557387,000651.SZ
2024-12-24,41.84,42.06,41.35,41.56,40087781,1828234471,0.73,-0.2879078694817627,000651.SZ
2024-12-25,41.56,41.73,41.15,41.56,32452739,1470693813,0.59,0.0,000651.SZ
2024-12-26,41.56,41.72,40.8,41.21,37915643,1704866922,0.69,-0.8421559191530315,000651.SZ
2024-12-29,41.21,42.03,41.21,41.67,38882167,1775014142,0.7,1.1162339238049102,000651.SZ
2024-12-30,41.7,42.02,41.36,41.56,42476700,1937415746,0.77,-0.26397888168946393,000651.SZ
2025-01-01,42.51,43.42,42.07,42.38,95253245,4449784976,1.73,1.9730510105871124,000651.SZ
2025-01-02,42.42,43.27,41.7,41.83,52708618,2436435046,0.96,-1.2977819726286088,000651.SZ
2025-01-05,42.01,42.54,41.41,42.09,54212813,2489906993,0.98,0.6215634711929319,000651.SZ
2025-01-06,41.89,42.4,41.24,41.75,44406077,2032272815,0.81,-0.807792824899034,000651.SZ
2025-01-07,41.7,43.33,41.56,43.2,77821329,3639432912,1.41,3.473053892215572,000651.SZ
2025-01-08,43.26,43.58,42.72,43.44,45412644,2148119227,0.82,0.5555555555555536,000651.SZ
2025-01-09,43.29,43.68,42.3,42.43,37161252,1734493429,0.67,-2.3250460405156548,000651.SZ
2025-01-12,41.88,42.04,40.87,41.06,42111241,1903557019,0.76,-3.2288475135517247,000651.SZ
2025-01-13,41.02,41.95,40.96,41.74,31582175,1434156901,0.57,1.6561130053580175,000651.SZ
2025-01-14,41.63,42.84,41.57,42.15,32881741,1521038271,0.596,0.9822712026832603,000651.SZ
2025-01-15,42.34,43.11,42.18,42.34,29793835,1386882882,0.54,0.45077105575326293,000651.SZ
2025-01-16,42.2,42.42,41.65,42.07,24589547,1131875332,0.446,-0.63769485120454,000651.SZ
2025-01-19,42.09,42.42,40.88,41.23,61877341,2797125718,1.122,-1.9966722129783787,000651.SZ
2025-01-20,41.5,41.52,40.81,40.93,30001069,1345248908,0.544,-0.7276255154013977,000651.SZ
2025-01-21,40.84,40.92,39.83,40.29,39685582,1746974884,0.72,-1.5636452479843688,000651.SZ
2025-01-22,40.47,40.99,40.33,40.49,37509778,1667303257,0.68,0.49640109208239913,000651.SZ
2025-01-23,40.49,41.04,40.17,40.66,33151745,1475277190,0.601,0.4198567547542442,000651.SZ
2025-01-26,40.67,41.4,40.67,41.05,28353972,1274083766,0.514,0.9591736350221369,000651.SZ
2025-02-04,40.73,40.97,40.0,40.08,34466486,1514802179,0.625,-2.3629719853836773,000651.SZ
2025-02-05,40.12,40.28,39.63,39.91,34309683,1495055072,0.622,-0.4241516966067893,000651.SZ
2025-02-06,39.95,40.49,39.61,40.35,40139929,1763199894,0.728,1.102480581307952,000651.SZ
2025-02-09,40.35,40.46,39.92,40.13,30589785,1341233006,0.555,-0.5452292441139983,000651.SZ
2025-02-10,40.21,40.37,39.74,39.93,29179656,1275546262,0.529,-0.49838026414155134,000651.SZ
2025-02-11,39.92,40.13,39.63,40.02,27072784,1178412799,0.491,0.22539444027047661,000651.SZ
2025-02-12,39.96,40.28,39.84,40.07,33805098,1483436136,0.613,0.12493753123437035,000651.SZ
2025-02-13,39.96,40.49,39.96,40.23,28122853,1238280267,0.51,0.3993012228599824,000651.SZ
2025-02-16,40.06,40.23,39.58,39.94,37143079,1615024282,0.673,-0.720855083271188,000651.SZ
2025-02-17,39.78,39.86,39.26,39.35,43042178,1859047194,0.78,-1.4772158237355892,000651.SZ
2025-02-18,39.36,39.41,38.19,38.35,95038714,3997869747,1.723,-2.541296060991105,000651.SZ
2025-02-19,38.27,38.39,37.8,38.27,62417502,2599789536,1.132,-0.2086049543676638,000651.SZ
2025-02-20,38.26,38.26,37.35,37.82,81951122,3373474394,1.486,-1.1758557616932341,000651.SZ
2025-02-23,37.64,38.03,37.4,37.74,53752598,2218449805,0.975,-0.21152829190903555,000651.SZ
2025-02-24,37.66,37.67,36.95,37.04,66644155,2712820413,1.208,-1.8547959724430352,000651.SZ
2025-02-25,37.04,37.55,37.04,37.42,48929710,1995742497,0.887,1.025917926565878,000651.SZ
2025-02-26,37.45,38.05,37.44,37.89,73799739,3052301705,1.338,1.2560128273650495,000651.SZ
2025-02-27,37.84,38.29,37.32,37.36,61372840,2531151571,1.113,-1.3987859593560303,000651.SZ
2025-03-02,37.35,37.51,36.99,37.09,41993896,1709210135,0.761,-0.722698072805128,000651.SZ
2025-03-03,38.36,38.82,38.03,38.13,110012839,4626447416,1.995,2.8039902938797434,000651.SZ
2025-03-04,38.16,38.59,37.9,38.46,51902843,2176708623,0.941,0.8654602675058909,000651.SZ
2025-03-05,38.55,38.59,38.13,38.51,45377405,1906837452,0.823,0.13000520020800543,000651.SZ
2025-03-06,38.4,38.61,38.17,38.28,31447480,1317345208,0.57,-0.5972474681900763,000651.SZ
2025-03-09,38.28,38.64,38.0,38.64,36583074,1535238479,0.663,0.940438871473348,000651.SZ
2025-03-10,38.32,38.88,38.28,38.73,34854528,1469626138,0.632,0.23291925465838137,000651.SZ
2025-03-11,38.74,38.78,38.35,38.52,32931960,1388249580,0.597,-0.542215336948082,000651.SZ
2025-03-12,38.5,39.25,38.43,38.89,50705752,2161809155,0.919,0.9605399792315561,000651.SZ
2025-03-13,38.9,39.69,38.9,39.51,51662157,2227574499,0.937,1.5942401645667292,000651.SZ
2025-03-16,39.6,39.85,39.4,39.6,35524807,1537736633,0.644,0.2277904328018332,000651.SZ
2025-03-17,39.74,40.38,39.53,40.03,43162920,1885623888,0.783,1.08585858585859,000651.SZ
2025-03-18,40.1,40.15,39.63,39.88,29341858,1278430689,0.532,-0.3747189607794077,000651.SZ
2025-03-19,39.85,39.93,39.04,39.06,43916150,1889067247,0.796,-2.0561685055165535,000651.SZ
2025-03-20,39.13,40.11,39.13,40.0,70854832,3087674416,1.285,2.406554019457241,000651.SZ
2025-03-23,40.67,41.42,40.39,41.13,84886642,3814449608,1.539,2.825000000000011,000651.SZ
2025-03-24,41.12,41.7,41.06,41.3,53615234,2424960663,0.972,0.4133236080719582,000651.SZ
2025-03-25,41.15,41.48,40.74,41.11,36842114,1652034765,0.668,-0.460048426150117,000651.SZ
2025-03-26,41.14,41.54,40.97,41.33,29743897,1342752243,0.539,0.5351495986378074,000651.SZ
2025-03-27,41.33,41.65,41.13,41.41,31283369,1417042006,0.567,0.19356399709653527,000651.SZ
2025-03-30,41.47,42.28,41.34,41.57,43852863,2009314133,0.795,0.38638010142477697,000651.SZ
2025-03-31,41.45,41.61,40.97,41.27,35732894,1614126073,0.648,-0.7216742843396573,000651.SZ
2025-04-01,41.27,42.07,41.15,41.31,31611956,1435118537,0.573,0.09692270414345394,000651.SZ
2025-04-02,40.92,41.52,40.74,41.47,40141606,1808260636,0.728,0.38731541999514896,000651.SZ
2025-04-06,39.51,40.86,38.59,39.6,92719776,4030308608,1.681,-4.50928381962864,000651.SZ
2025-04-07,39.58,40.87,39.24,40.81,75597337,3327610338,1.371,3.055555555555567,000651.SZ
2025-04-08,40.39,41.34,40.08,41.03,55132482,2462959792,1.0,0.5390835579514697,000651.SZ
2025-04-09,40.89,41.11,40.47,40.98,43656185,1949505012,0.792,-0.12186205215697354,000651.SZ
2025-04-10,40.79,41.26,40.36,41.24,30408872,1361064693,0.551,0.6344558321132343,000651.SZ
2025-04-13,41.24,41.29,39.87,40.14,66954566,2954928330,1.214,-2.667313288069839,000651.SZ
2025-04-14,40.14,41.13,39.84,41.02,51724300,2304662178,0.938,2.19232685600399,000651.SZ
2025-04-15,40.86,41.49,40.68,41.41,34048085,1530820445,0.617,0.9507557289127,000651.SZ
2025-04-16,41.27,41.27,40.81,41.13,20241345,909520810,0.367,-0.6761651774933486,000651.SZ
2025-04-17,41.03,41.61,40.91,41.43,22543761,1019872405,0.409,0.729394602479938,000651.SZ
2025-04-20,41.38,41.52,41.07,41.33,20695449,934991606,0.375,-0.2413709872073455,000651.SZ
2025-04-21,41.31,42.06,41.18,41.66,21666459,986446708,0.393,0.7984514880232219,000651.SZ
2025-04-22,41.79,41.84,41.29,41.42,22135189,1006597596,0.401,-0.5760921747479442,000651.SZ
2025-04-23,41.42,41.65,41.15,41.52,20435141,925443213,0.371,0.2414292612264557,000651.SZ
2025-04-24,41.44,41.64,41.24,41.35,23313706,1054750380,0.423,-0.4094412331406616,000651.SZ
2025-04-27,42.81,43.26,42.3,42.57,86370364,4046000946,1.566,2.950423216444986,000651.SZ
2025-04-28,42.74,42.84,41.93,42.31,33777860,1560746362,0.612,-0.6107587502936274,000651.SZ
2025-04-29,42.39,42.43,41.63,41.67,33052285,1514036455,0.599,-1.512644764831006,000651.SZ
2025-05-05,41.97,42.12,41.44,41.58,39160845,1783798632,0.71,-0.2159827213823018,000651.SZ
2025-05-06,42.05,42.39,41.88,42.16,40618040,1872997541,0.737,1.3949013949013933,000651.SZ
2025-05-07,42.24,42.66,42.17,42.54,26715983,1241304185,0.484,0.9013282732447836,000651.SZ
2025-05-08,42.69,43.15,42.55,42.98,31742361,1492819464,0.576,1.0343206393982118,000651.SZ
2025-05-11,43.15,43.26,42.78,42.89,33505872,1572471336,0.608,-0.20939972080036284,000651.SZ
2025-05-12,42.98,43.11,42.81,42.96,24868039,1167331549,0.451,0.1632082070412766,000651.SZ
2025-05-13,42.98,43.18,42.65,42.89,33151376,1555756470,0.601,-0.1629422718808171,000651.SZ
2025-05-14,43.05,43.24,42.75,43.17,28851508,1328591252,0.523,0.6528328281650841,000651.SZ
2025-05-15,43.18,43.27,42.47,42.59,31092520,1419612106,0.564,-1.3435255964790338,000651.SZ
2025-05-18,42.7,42.87,42.5,42.71,22071491,1008131234,0.4,0.2817562808170804,000651.SZ
2025-05-19,42.75,43.92,42.68,43.92,47033680,2189829257,0.853,2.8330601732615257,000651.SZ
2025-05-20,43.82,44.17,43.68,43.8,21147726,993620021,0.383,-0.2732240437158584,000651.SZ
2025-05-21,43.81,44.21,43.81,43.99,22898444,1077781758,0.415,0.43378995433791534,000651.SZ
2025-05-22,43.93,44.32,43.4,43.51,32748885,1536083930,0.594,-1.0911570811548144,000651.SZ
2025-05-25,43.52,43.64,42.87,43.02,25722090,1186480284,0.466,-1.1261778901401898,000651.SZ
2025-05-26,43.03,43.45,43.03,43.15,17854291,826245233,0.324,0.30218503021848253,000651.SZ
2025-05-27,43.32,43.69,42.92,43.62,23138683,1075443860,0.42,1.08922363847046,000651.SZ
2025-05-28,43.54,43.72,42.98,43.04,35263669,1628706117,0.639,-1.3296652911508389,000651.SZ
2025-05-29,43.05,43.49,42.85,43.38,31870676,1474547579,0.578,0.7899628252788116,000651.SZ
2025-06-02,43.2,43.3,41.86,42.03,73364323,3314112394,1.33,-3.112033195020747,000651.SZ
2025-06-03,42.1,42.6,42.04,42.35,30537264,1382826200,0.554,0.7613609326671433,000651.SZ
2025-06-04,42.4,42.52,41.89,41.99,35648852,1603307536,0.646,-0.850059031877215,000651.SZ
2025-06-05,42.08,42.12,41.91,41.93,22215171,998633301,0.403,-0.1428911645629971,000651.SZ
2025-06-08,42.05,42.19,41.72,41.88,27446034,1229052587,0.498,-0.11924636298592528,000651.SZ
2025-06-09,41.88,42.11,41.64,41.72,33923602,1518074753,0.615,-0.3820439350525451,000651.SZ
2025-06-10,41.69,41.99,41.63,41.83,22664217,1014722777,0.411,0.2636625119846636,000651.SZ
2025-06-11,41.95,42.04,41.62,41.92,27008411,1208650694,0.49,0.2151565861821636,000651.SZ
2025-06-12,41.78,42.09,41.72,41.97,35220451,1579504549,0.639,0.11927480916029687,000651.SZ
2025-06-15,41.97,42.19,41.66,41.68,30469816,1363049192,0.552,-0.6909697402906811,000651.SZ
2025-06-16,41.69,41.79,41.43,41.54,25659289,1142203684,0.465,-0.33589251439539725,000651.SZ
2025-06-17,41.57,41.91,41.49,41.56,21210606,945371392,0.385,0.0481463649494529,000651.SZ
2025-06-18,41.54,41.62,41.15,41.19,27509648,1216983698,0.499,-0.8902791145332212,000651.SZ
2025-06-19,41.19,41.73,41.14,41.71,24825448,1104057156,0.45,1.2624423403738927,000651.SZ
2025-06-22,41.68,41.79,41.3,41.51,29072350,1290335717,0.527,-0.4795013186286279,000651.SZ
2025-06-23,41.57,42.05,41.57,41.96,29895386,1341941177,0.542,1.0840761262346454,000651.SZ
2025-06-24,41.98,42.51,41.83,42.4,30318549,1369156252,0.55,1.0486177311725298,000651.SZ
2025-06-25,42.54,42.79,42.4,42.52,25252654,1151071482,0.458,0.2830188679245449,000651.SZ
2025-06-26,42.58,42.91,42.17,42.26,32309676,1471819552,0.586,-0.6114769520225938,000651.SZ
2025-06-29,42.26,42.55,41.93,41.97,32162211,1448606965,0.583,-0.6862281116895352,000651.SZ
2025-06-30,42.1,42.5,41.91,42.47,24245377,1096683969,0.44,1.1913271384322188,000651.SZ
2025-07-01,42.56,43.66,42.51,43.37,54209594,2510495844,0.983,2.119142924417239,000651.SZ
2025-07-02,43.54,43.61,43.22,43.48,21712982,1009129138,0.394,0.2536315425409219,000651.SZ
2025-07-03,43.48,43.77,43.26,43.68,19616992,915277878,0.356,0.4599816007359703,000651.SZ
2025-07-06,43.82,43.86,43.34,43.44,18980232,883494027,0.344,-0.5494505494505586,000651.SZ
2025-07-07,43.44,43.84,43.34,43.54,25601761,1195231043,0.464,0.2302025782688899,000651.SZ
2025-07-08,43.56,43.62,43.09,43.17,27491900,1275124561,0.498,-0.8497932935231933,000651.SZ
2025-07-09,43.17,43.47,42.94,43.3,20938269,968829196,0.38,0.3011350474866781,000651.SZ
2025-07-10,43.45,44.06,43.4,43.87,31834759,1494825589,0.577,1.3163972286374115,000651.SZ
2025-07-13,44.05,44.55,43.94,44.15,30575544,1449274849,0.554,0.6382493731479366,000651.SZ
2025-07-14,44.26,44.94,44.06,44.81,39774068,1899605093,0.721,1.4949037372593565,000651.SZ
2025-07-15,44.94,44.94,44.24,44.37,27924858,1328279572,0.506,-0.981923677750518,000651.SZ
2025-07-16,44.37,44.9,44.29,44.44,22569010,1076853664,0.409,0.15776425512734615,000651.SZ
2025-07-17,44.67,44.76,44.42,44.74,21073924,1005963291,0.382,0.6750675067506817,000651.SZ
2025-07-20,44.75,44.93,44.28,44.43,26950047,1283868234,0.489,-0.6928922664282577,000651.SZ
2025-07-21,44.41,44.78,44.33,44.75,29974224,1429157496,0.544,0.7202340760747328,000651.SZ
2025-07-22,44.8,45.29,44.78,44.99,26358298,1271321139,0.478,0.5363128491620239,000651.SZ
2025-07-23,45.02,45.08,44.51,44.66,31614250,1511025339,0.573,-0.7334963325183463,000651.SZ
2025-07-24,43.45,44.47,43.45,43.73,62199316,2915516402,1.128,-2.082400358262426,000651.SZ
2025-07-27,43.86,44.01,43.54,43.57,38220070,1787484712,0.693,-0.36588154584952237,000651.SZ
2025-07-28,43.59,43.71,42.99,43.1,42760076,1977627238,0.775,-1.0787238925866416,000651.SZ
2025-07-29,43.11,43.6,43.02,43.33,32021729,1485063024,0.581,0.5336426914153147,000651.SZ
2025-07-30,43.34,43.36,42.52,42.63,44771650,2048763765,0.812,-1.6155088852988553,000651.SZ
2025-07-31,42.72,43.03,42.64,42.88,23400138,1072991265,0.424,0.5864414731409751,000651.SZ
2025-08-03,42.87,43.22,42.75,43.1,21078595,970597561,0.382,0.5130597014925353,000651.SZ
2025-08-04,43.12,43.72,42.92,43.66,27789351,1292384737,0.504,1.299303944315544,000651.SZ
2025-08-05,43.75,43.9,43.55,43.82,25552841,1195891319,0.463,0.3664681630783484,000651.SZ
2025-08-06,43.73,44.06,43.61,43.92,26471071,1242505459,0.48,0.22820629849384932,000651.SZ
2025-08-07,43.96,44.49,43.82,44.33,28078004,1330702728,0.509,0.9335154826958014,000651.SZ
2025-08-10,44.33,44.43,43.97,44.13,24430892,1153959694,0.443,-0.4511617414843072,000651.SZ
2025-08-11,44.2,45.13,44.1,44.74,45065337,2161625922,0.817,1.3822796283707195,000651.SZ
2025-08-12,44.85,44.97,44.52,44.6,27288191,1304027200,0.495,-0.3129190880643784,000651.SZ
2025-08-13,44.66,45.08,44.57,44.57,30276325,1452267997,0.549,-0.0672645739910327,000651.SZ
2025-08-14,44.54,44.68,44.13,44.66,35123143,1670821115,0.637,0.20192954902400473,000651.SZ
2025-08-17,44.66,45.09,44.39,44.53,37044166,1768894378,0.672,-0.2910882221226929,000651.SZ
2025-08-18,44.65,44.99,43.78,43.97,63412126,2990236717,1.1498,-1.257579160116784,000651.SZ
2025-08-19,43.73,44.1,43.53,44.09,46944560,2203682931,0.8512,0.2729133500113834,000651.SZ
2025-08-20,43.83,43.97,43.04,43.58,76565752,3568330417,1.3883,-1.156724880925386,000651.SZ
2025-08-21,43.9,44.1,43.48,44.02,81658259,3829295315,1.4807,1.0096374483708148,000651.SZ
2025-08-24,44.15,44.95,44.01,44.95,76238238,3634953484,1.3824,2.1126760563380254,000651.SZ
2025-08-25,44.85,45.07,44.59,44.89,50896129,2443015425,0.9229,-0.13348164627364767,000651.SZ
2025-08-26,44.91,45.18,44.13,44.14,69353156,3313272438,1.2575,-1.670750723991976,000651.SZ
2025-08-27,44.14,44.57,43.86,44.15,69702799,3292087079,1.2639,0.02265518803805655,000651.SZ
2025-08-28,42.32,42.32,41.08,41.56,254197017,10860336787,4.6091,-5.866364665911661,000651.SZ
2025-08-31,41.55,41.55,40.34,40.4,161570465,6741851464,2.9296,-2.79114533205006,000651.SZ
2025-09-01,40.24,40.83,40.1,40.5,85587058,3550285585,1.5519,0.24752475247524774,000651.SZ
2025-09-02,41.22,41.42,40.48,40.52,82252598,3434722120,1.4914,0.04938271604939537,000651.SZ
2025-09-03,40.48,40.53,40.0,40.18,70362967,2900310236,1.2758,-0.839091806515313,000651.SZ
2025-09-04,40.14,40.39,40.01,40.35,64346492,2650536771,1.1667,0.4230960676953721,000651.SZ
2025-09-07,40.48,40.7,40.26,40.41,62731800,2600069326,1.1374,0.14869888475834703,000651.SZ
2025-09-08,40.43,40.65,40.25,40.33,66671352,2763193803,1.2089,-0.19797079930710115,000651.SZ
2025-09-09,40.31,40.36,40.1,40.15,49111192,2023251595,0.8905,-0.4463178775105381,000651.SZ
2025-09-10,40.16,40.38,40.01,40.36,52817246,2173796449,0.9577,0.523038605230397,000651.SZ
2025-09-11,40.37,40.44,40.02,40.05,66088369,2722505542,1.1983,-0.768087215064428,000651.SZ
2025-09-14,40.04,40.05,39.68,39.94,49279518,2012642286,0.8935,-0.27465667915106406,000651.SZ
2025-09-15,39.89,39.89,39.51,39.51,55572498,2256583688,1.0076,-1.0766149223835786,000651.SZ
2025-09-16,39.47,39.83,39.38,39.79,52592642,2136326500,0.9536,0.7086813464945552,000651.SZ
2025-09-17,39.7,39.87,39.1,39.23,58031218,2346320116,1.0522,-1.4073887911535632,000651.SZ
2025-09-18,39.13,39.47,39.03,39.45,39340852,1583195857,0.7133,0.5607953097119811,000651.SZ
2025-09-21,39.31,39.34,38.73,38.85,58202671,2322154503,1.0553,-1.520912547528519,000651.SZ
2025-09-22,38.83,39.05,38.49,38.67,43424366,1723357528,0.7874,-0.4633204633204602,000651.SZ
2025-09-23,38.68,39.06,38.46,39.01,36378047,1448981726,0.6596,0.8792345487457887,000651.SZ
2025-09-24,38.9,38.92,38.48,38.53,46899083,1857372586,0.8504,-1.2304537298128637,000651.SZ
2025-09-25,38.54,39.07,38.34,38.87,45010754,1788343094,0.8161,0.8824292758889074,000651.SZ
2025-09-28,38.87,39.07,38.48,38.96,41019140,1628579198,0.7438,0.2315410342166313,000651.SZ
2025-09-29,38.98,39.02,38.69,38.75,39537615,1572376371,0.7169,-0.5390143737166397,000651.SZ
2025-10-08,38.76,39.39,38.44,39.39,63809838,2543021330,1.157,1.6516129032258187,000651.SZ
2025-10-09,39.2,39.84,39.05,39.42,60957628,2469698375,1.1053,0.07616146230007281,000651.SZ
2025-10-12,38.83,39.61,38.62,39.46,56569297,2268779182,1.0257,0.10147133434803557,000651.SZ
2025-10-13,39.46,39.79,39.12,39.59,55771099,2261968772,1.0112,0.3294475418144982,000651.SZ
2025-10-14,39.65,39.95,39.46,39.82,43886995,1790310725,0.7958,0.58095478656226,000651.SZ
2025-10-15,39.82,39.94,39.61,39.77,39746859,1618938798,0.7207,-0.12556504269211066,000651.SZ
2025-10-16,39.73,40.05,39.19,39.24,45180383,1833060233,0.8192,-1.332662811164198,000651.SZ
2025-10-19,39.37,39.78,39.25,39.77,39471511,1600009494,0.7157,1.3506625891946955,000651.SZ
2025-10-20,39.77,39.86,39.46,39.69,35437167,1442346029,0.6425,-0.2011566507417739,000651.SZ
2025-10-21,39.59,39.81,39.53,39.58,30774274,1250401263,0.558,-0.2771478961955176,000651.SZ
2025-10-22,39.56,39.65,39.23,39.54,33112415,1338043368,0.6004,-0.1010611419908991,000651.SZ
2025-10-23,39.54,39.75,39.45,39.51,29237985,1185827907,0.5301,-0.07587253414264028,000651.SZ
2025-10-26,39.54,40.13,39.52,39.97,61652529,2522404578,1.1179,1.1642622120981994,000651.SZ
2025-10-27,39.97,40.14,39.67,39.72,33806125,1378729084,0.613,-0.6254691018263703,000651.SZ
2025-10-28,39.72,39.72,39.53,39.69,28743319,1167340750,0.5212,-0.07552870090634656,000651.SZ
2025-10-29,39.62,39.79,39.42,39.48,43959553,1782629301,0.7971,-0.5291005291005346,000651.SZ
2025-10-30,38.82,39.05,38.55,38.78,92155579,3666645834,1.671,-1.7730496453900568,000651.SZ
2025-11-02,38.68,38.86,38.24,38.55,61344390,2416098282,1.1123,-0.5930892212480776,000651.SZ
2025-11-03,38.53,38.94,38.45,38.74,39819816,1581033855,0.722,0.4928664072633149,000651.SZ
2025-11-04,38.58,38.9,38.48,38.75,28106983,1116210036,0.5096,0.025813113061423643,000651.SZ
2025-11-05,38.74,39.07,38.68,39.01,34753078,1387911304,0.6301,0.6709677419354687,000651.SZ
2025-11-06,38.97,39.1,38.9,39.04,24483224,979334368,0.4439,0.07690335811330051,000651.SZ
2025-11-09,39.12,39.88,39.11,39.86,64099107,2605209450,1.1622,2.1004098360655643,000651.SZ
2025-11-10,39.9,40.08,39.75,39.92,46845273,1916064154,0.8494,0.15052684395384652,000651.SZ
2025-11-11,39.93,40.34,39.93,40.14,58015818,2389716804,1.0519,0.5511022044088154,000651.SZ
2025-11-12,40.14,40.31,39.75,40.0,44163842,1807279175,0.8008,-0.34877927254608476,000651.SZ
2025-11-13,39.87,40.12,39.62,39.63,35122341,1433919235,0.6368,-0.924999999999998,000651.SZ
2025-11-16,39.63,39.63,39.08,39.21,36643971,1474977099,0.6644,-1.0598031794095464,000651.SZ
2025-11-17,39.21,39.47,39.07,39.13,26568319,1069136102,0.4817,-0.20402958428972218,000651.SZ
2025-11-18,39.12,39.3,39.02,39.18,21800637,875626450,0.3953,0.12777919754662914,000651.SZ
2025-11-19,39.2,39.65,39.08,39.36,33290213,1345880532,0.6036,0.45941807044409533,000651.SZ
2025-11-20,39.2,39.72,38.99,39.26,55094877,2218464826,0.999,-0.2540650406504086,000651.SZ
2025-11-23,39.27,39.43,39.03,39.13,35530091,1427143469,0.6442,-0.3311258278145601,000651.SZ
2025-11-24,39.18,39.22,38.75,39.09,41343501,1650903640,0.7496,-0.1022233580373122,000651.SZ
2025-11-25,39.09,39.39,39.04,39.34,31965463,1285253244,0.5796,0.6395497569710917,000651.SZ
2025-11-26,39.26,39.49,39.06,39.34,29593024,1191840275,0.5366,0.0,000651.SZ
2025-11-27,39.29,39.4,39.13,39.37,20437145,823012374,0.3706,0.07625826131163471,000651.SZ
2025-11-30,39.43,39.85,39.33,39.85,40882755,1662495213,0.7413,1.219202438404876,000651.SZ
2025-12-01,39.85,40.05,39.66,39.9,32049757,1309293683,0.5811,0.12547051442910462,000651.SZ
2025-12-02,39.85,40.14,39.76,39.81,37187297,1524469883,0.6743,-0.22556390977442886,000651.SZ
2025-12-03,39.78,40.16,39.7,39.94,26462707,1084266565,0.4798,0.32655111780959256,000651.SZ
2025-12-04,39.94,40.08,39.65,39.87,27438229,1120758571,0.4975,-0.1752628943415102,000651.SZ
2025-12-07,39.88,40.05,39.63,39.68,32810513,1338254293,0.5949,-0.4765487835465154,000651.SZ
2025-12-08,39.72,39.84,39.31,39.36,29229290,1183740573,0.53,-0.8064516129032251,000651.SZ
2025-12-09,39.31,39.52,39.17,39.38,25869510,1043151124,0.4691,0.050813008130079496,000651.SZ
2025-12-10,39.52,40.07,39.49,39.65,45594136,1859381215,0.8267,0.685627221940055,000651.SZ
2025-12-11,39.72,39.95,39.59,39.75,48713716,1988362913,0.8833,0.2522068095838659,000651.SZ
2025-12-14,39.91,40.05,39.83,39.87,36005941,1475417478,0.6529,0.30188679245282124,000651.SZ
2025-12-15,39.78,39.91,39.7,39.85,25155336,1026692914,0.4561,-0.05016302984699461,000651.SZ
2025-12-16,39.84,40.19,39.65,40.09,42424973,1740260247,0.7692,0.6022584692597199,000651.SZ
2025-12-17,40.09,40.09,39.83,39.96,24735633,1012493591,0.4485,-0.32427039161886384,000651.SZ
2025-12-18,39.99,40.14,39.86,40.13,30797640,1263638450,0.5584,0.4254254254254297,000651.SZ
2025-12-21,40.13,40.15,39.85,39.88,34582029,1414848052,0.627,-0.6229753301769225,000651.SZ
2025-12-22,39.87,40.14,39.77,39.9,33087233,1355000138,0.5999,0.05015045135405849,000651.SZ
2025-12-23,39.81,39.92,39.65,39.76,28664670,1167661551,0.5197,-0.35087719298245723,000651.SZ
2025-12-24,39.73,40.04,39.66,39.91,26407937,1079985129,0.4788,0.37726358148892913,000651.SZ
2025-12-25,39.88,39.94,39.71,39.76,25917299,1057441482,0.4699,-0.37584565271860937,000651.SZ
2025-12-28,39.76,40.11,39.65,39.72,39274100,1605652379,0.7121,-0.1006036217303774,000651.SZ
2025-12-29,39.66,39.76,39.38,39.54,38389944,1555084605,0.6961,-0.45317220543806824,000651.SZ
2025-12-30,39.57,39.81,39.17,39.24,50297268,2027975877,0.912,-0.7587253414263917,000651.SZ
2026-01-04,39.35,39.8,39.24,39.76,49672862,2013848010,0.9007,1.3251783893985625,000651.SZ
2026-01-05,39.77,39.86,39.65,39.82,39544734,1612142949,0.717,0.15090543259557165,000651.SZ
2026-01-06,39.82,39.82,39.43,39.45,42363199,1716288750,0.7681,-0.9291813159216455,000651.SZ
2026-01-07,39.44,39.49,39.29,39.45,27093040,1094487854,0.4912,0.0,000651.SZ
2026-01-08,39.44,39.54,39.37,39.49,29290916,1184787574,0.5311,0.10139416983523386,000651.SZ
2026-01-11,39.48,39.59,39.27,39.54,39308410,1588322792,0.7127,0.12661433274245848,000651.SZ
2026-01-12,39.61,39.65,39.26,39.34,46147014,1865582634,0.8367,-0.5058168942842611,000651.SZ
2026-01-13,39.32,39.4,39.18,39.22,45444621,1829561992,0.824,-0.30503304524658326,000651.SZ
2026-01-14,39.22,39.34,39.12,39.14,32484665,1304905550,0.589,-0.20397756246812726,000651.SZ
2026-01-15,39.24,39.49,39.24,39.36,45931038,1851791291,0.8328,0.5620848237097631,000651.SZ
2026-01-18,39.37,39.65,39.37,39.54,41436614,1678735459,0.7513,0.45731707317073766,000651.SZ
2026-01-19,39.55,40.34,39.47,40.27,90636128,3720424859,1.6434,1.8462316641375986,000651.SZ
2026-01-20,40.29,40.33,39.65,39.77,66252489,2709673028,1.2013,-1.24161907126894,000651.SZ
2026-01-21,39.79,40.05,39.59,39.85,47174320,1928287009,0.8554,0.2011566507417628,000651.SZ
2026-01-22,39.97,39.97,39.4,39.43,68553498,2710525410,1.243,-1.053952321204521,000651.SZ
2026-01-25,39.43,39.58,39.02,39.07,62856664,2463838287,1.1397,-0.9130103981739746,000651.SZ
2026-01-26,39.1,39.3,38.89,38.91,46123109,1802727726,0.8363,-0.409521371896604,000651.SZ
2026-01-27,38.91,38.91,38.28,38.33,72208428,2775619624,1.3093,-1.490619378051905,000651.SZ
2026-01-28,38.27,38.97,37.99,38.88,74727179,2868814687,1.3549,1.4349073832507386,000651.SZ
2026-01-29,38.85,39.19,38.63,38.7,44910424,1747213866,0.8143,-0.462962962962965,000651.SZ
2026-02-01,38.6,39.08,38.5,38.54,36721973,1424235221,0.6658,-0.41343669250647475,000651.SZ
2026-02-02,38.53,38.79,38.18,38.36,37633116,1442955438,0.6824,-0.4670472236637302,000651.SZ
2026-02-03,38.26,38.88,38.18,38.88,37966378,1466888422,0.6884,1.355578727841511,000651.SZ
2026-02-04,38.75,39.0,38.63,38.92,34611483,1343643649,0.6276,0.10288065843622185,000651.SZ
2026-02-05,38.8,38.99,38.52,38.56,29860626,1153263734,0.5414,-0.9249743062692661,000651.SZ
2026-02-08,38.61,38.7,38.54,38.62,23833517,919641403,0.4321,0.1556016597510146,000651.SZ
2026-02-09,38.62,38.83,38.54,38.8,23227460,898718548,0.4212,0.46607975142414215,000651.SZ
2026-02-10,38.78,38.86,38.69,38.72,18223907,706297155,0.3304,-0.20618556701030855,000651.SZ
2026-02-11,38.64,38.7,38.39,38.43,27163335,1044139633,0.4925,-0.7489669421487544,000651.SZ
2026-02-12,38.43,38.52,38.26,38.37,19719414,757267269,0.3575,-0.15612802498049527,000651.SZ
2026-02-23,38.6,38.65,38.38,38.43,25206142,968711848,0.457,0.15637216575450363,000651.SZ
2026-02-24,38.48,38.78,38.42,38.49,33846463,1306946252,0.6137,0.15612802498048417,000651.SZ
2026-02-25,37.5,37.94,37.5,37.59,84341374,3175378983,1.5293,-2.3382696804364778,000651.SZ
2026-02-26,37.58,37.67,37.22,37.45,47221795,1767400434,0.8562,-0.3724394785847296,000651.SZ
2026-03-01,37.3,37.36,37.01,37.2,45275145,1682670708,0.8209,-0.6675567423230944,000651.SZ
2026-03-02,37.19,37.45,37.01,37.09,45709825,1699063588,0.8288,-0.2956989247311803,000651.SZ
2026-03-03,37.0,37.03,36.6,36.89,42985882,1580902095,0.7794,-0.5392289026691865,000651.SZ
2026-03-04,36.93,37.12,36.93,37.04,24140281,893557062,0.4377,0.40661425860666345,000651.SZ
2026-03-05,37.0,37.43,36.85,37.4,26663501,991301857,0.4835,0.9719222462202914,000651.SZ
2026-03-08,37.2,37.48,37.03,37.33,30094311,1120759414,0.5457,-0.18716577540106583,000651.SZ
2026-03-09,37.37,37.74,37.34,37.74,28565386,1072450803,0.5179,1.0983123493169211,000651.SZ
2026-03-10,37.75,37.87,37.54,37.8,27614505,1041527499,0.5007,0.15898251192367763,000651.SZ
2026-03-11,37.7,37.92,37.58,37.88,23999721,905740993,0.4352,0.2116402116402183,000651.SZ
2026-03-12,37.88,38.66,37.8,38.6,59326449,2277902663,1.0757,1.9007391763463444,000651.SZ
2026-03-15,38.5,38.9,38.39,38.78,42274002,1637781202,0.7665,0.4663212435233044,000651.SZ
2026-03-16,38.9,39.2,38.83,38.94,43806523,1710460040,0.7943,0.41258380608559797,000651.SZ
2026-03-17,38.94,39.05,38.71,39.02,35354959,1374608874,0.6411,0.20544427324089565,000651.SZ
2026-03-18,38.8,38.98,38.44,38.56,31205238,1207171579,0.5658,-1.17888262429523,000651.SZ
2026-03-19,38.55,38.77,38.13,38.22,44759999,1717253687,0.8116,-0.8817427385892196,000651.SZ
2026-03-22,37.72,37.75,36.83,36.94,55367938,2058913575,1.0039,-3.349031920460499,000651.SZ
2026-03-23,37.15,37.69,37.02,37.6,33340047,1245504740,0.6045,1.7866811044937814,000651.SZ
2026-03-24,37.68,38.15,37.55,38.13,26114192,990516783,0.4735,1.4095744680851174,000651.SZ
2026-03-25,38.16,38.35,37.9,37.94,19284413,734511604,0.3497,-0.4982953055337136,000651.SZ
2026-03-26,37.61,38.01,37.48,37.88,19194682,726440920,0.348,-0.1581444385872266,000651.SZ
2026-03-29,37.51,37.76,37.4,37.65,21303166,800867964,0.3863,-0.6071805702217659,000651.SZ
2026-03-30,37.65,38.37,37.65,37.82,30643446,1165908094,0.5556,0.45152722443559945,000651.SZ
2026-03-31,38.07,38.13,37.83,38.02,19276933,732243270,0.3495,0.5288207297726055,000651.SZ
2026-04-01,38.0,38.01,37.7,37.85,19646235,743233958,0.3562,-0.4471330878485058,000651.SZ
2026-04-02,37.81,37.91,37.38,37.47,17213519,646629952,0.3121,-1.003963011889042,000651.SZ
2026-04-06,37.48,37.51,37.07,37.33,20834069,775656492,0.3778,-0.3736322391246327,000651.SZ
2026-04-07,37.64,37.86,37.6,37.8,28502074,1075869149,0.5168,1.2590409858022955,000651.SZ
2026-04-08,37.6,37.78,37.21,37.32,25475196,952135812,0.4619,-1.2698412698412653,000651.SZ
2026-04-09,37.29,37.44,37.15,37.34,17131185,639939705,0.3106,0.0535905680600246,000651.SZ
2026-04-12,37.28,37.28,37.04,37.16,18407516,683305358,0.3338,-0.48205677557581206,000651.SZ
2026-04-13,37.2,37.35,37.1,37.28,20105900,747700876,0.3646,0.32292787944026013,000651.SZ
2026-04-14,37.33,37.46,37.21,37.39,22335168,834462048,0.405,0.295064377682408,000651.SZ
2026-04-15,37.4,37.52,37.23,37.32,21937531,818475411,0.3978,-0.18721583311045453,000651.SZ
2026-04-16,37.25,37.25,36.93,36.95,38950350,1440862486,0.7062,-0.9914255091103885,000651.SZ
2026-04-19,36.93,37.01,36.8,36.94,26978643,995994349,0.4892,-0.02706359945874315,000651.SZ
2026-04-20,36.98,37.2,36.88,36.91,27651661,1023172301,0.5014,-0.08121277747699107,000651.SZ
2026-04-21,36.91,36.95,36.61,36.94,22773863,838683088,0.4129,0.08127878623680473,000651.SZ
2026-04-22,36.95,37.08,36.78,36.96,22508945,830889313,0.4081,0.05414185165133478,000651.SZ
2026-04-23,36.81,37.16,36.71,37.11,30838324,1141101913,0.5592,0.40584415584414835,000651.SZ
2026-04-26,37.01,37.85,36.98,37.51,45172356,1694388405,0.8191,1.077876583131232,000651.SZ
2026-04-27,37.41,38.47,37.36,38.44,72504286,2755183336,1.3146,2.4793388429751984,000651.SZ
2026-04-28,39.99,40.88,39.6,40.47,200704092,8098172738,3.6346,5.280957336108227,000651.SZ
2026-04-29,40.49,40.86,40.05,40.05,76438186,3084996599,1.3842,-1.0378057820607856,000651.SZ
2026-05-05,40.0,40.15,39.51,39.95,61780035,2456659973,1.1188,-0.24968789013731785,000651.SZ
2026-05-06,39.9,40.27,39.75,39.89,43750765,1747721640,0.7923,-0.1501877346683389,000651.SZ
2026-05-07,39.85,40.19,39.77,39.91,38775561,1550905021,0.7022,0.05013787916769985,000651.SZ
2026-05-10,39.85,40.7,39.6,40.46,67935385,2746551242,1.2303,1.3781007266349343,000651.SZ
2026-05-11,40.45,40.85,40.22,40.34,46472460,1882458841,0.8416,-0.2965892239248591,000651.SZ
2026-05-12,40.29,40.56,40.08,40.3,33782010,1360917808,0.6118,-0.09915716410512365,000651.SZ
2026-05-13,40.25,40.59,40.12,40.22,37300235,1505627121,0.6755,-0.1985111662531014,000651.SZ
2026-05-14,40.09,40.68,39.92,40.28,48979573,1981438233,0.887,0.1491795126802753,000651.SZ
2026-05-17,40.24,40.6,39.61,39.71,40209061,1607481150,0.7282,-1.4150943396226467,000651.SZ
2026-05-18,39.7,39.9,39.45,39.56,40094590,1587822667,0.7261,-0.37773860488541366,000651.SZ
2026-05-19,39.56,39.72,39.16,39.51,34267226,1353385816,0.6206,-0.12639029322548678,000651.SZ
2026-05-20,39.51,39.6,38.82,38.86,36224013,1420574383,0.656,-1.6451531257909324,000651.SZ
2026-05-21,38.9,38.99,38.42,38.74,38669956,1495945911,0.7003,-0.30880082346885773,000651.SZ
2026-05-24,38.74,39.12,38.4,38.63,32513283,1261335417,0.5888,-0.2839442436757822,000651.SZ
2026-05-25,38.6,39.0,38.47,38.88,33683354,1302961286,0.61,0.6471654154801998,000651.SZ
2026-05-26,38.8,39.08,38.24,38.61,38481974,1483103981,0.6969,-0.6944444444444531,000651.SZ
2026-05-27,38.4,38.49,37.8,37.88,37692867,1432603892,0.6826,-1.8907018907018847,000651.SZ
2026-05-28,38.0,39.38,38.0,39.17,69477230,2713373141,1.2582,3.4054910242872216,000651.SZ
2026-05-31,38.9,39.29,38.63,39.09,48647735,1898417139,0.881,-0.20423793719682726,000651.SZ
2026-06-01,39.09,39.73,39.0,39.52,46282766,1826653783,0.8382,1.1000255819902716,000651.SZ
2026-06-02,39.52,39.68,39.33,39.5,29835548,1178242326,0.5403,-0.05060728744940013,000651.SZ
2026-06-03,39.5,39.86,38.8,38.88,39044805,1531421750,0.7071,-1.5696202531645498,000651.SZ
2026-06-04,38.7,39.27,38.42,38.46,36764069,1424485747,0.6658,-1.0802469135802517,000651.SZ
2026-06-07,38.21,38.59,37.93,38.11,34263527,1310397168,0.6205,-0.9100364014560602,000651.SZ
2026-06-08,38.02,38.08,37.59,37.88,39714611,1501129048,0.7192,-0.6035161374967069,000651.SZ
2026-06-09,37.86,38.39,37.62,38.2,34744986,1323611745,0.6292,0.8447729672650395,000651.SZ
2026-06-10,38.13,38.65,37.99,38.5,38445616,1474382447,0.6962,0.785340314136107,000651.SZ
2026-06-11,38.35,38.63,38.1,38.53,46132730,1772432563,0.8354,0.07792207792207684,000651.SZ
2026-06-14,38.53,38.54,37.65,37.86,65912328,2496546585,1.1936,-1.738904749545811,000651.SZ
2026-06-15,37.82,37.82,37.27,37.29,47144284,1763657295,0.8538,-1.5055467511885912,000651.SZ
2026-06-16,37.33,37.4,37.02,37.15,36502104,1354371904,0.661,-0.37543577366586645,000651.SZ
2026-06-17,37.1,37.29,36.64,36.72,55184053,2034804550,0.9993,-1.1574697173620474,000651.SZ
2026-06-21,36.73,37.36,36.27,36.99,50944190,1878313419,0.9226,0.7352941176470784,000651.SZ
2026-06-22,37.2,37.64,36.95,37.28,46696695,1736587193,0.8456,0.7839956745066212,000651.SZ
2026-06-23,37.0,37.28,36.7,37.11,34752606,1286222529,0.6293,-0.4560085836909922,000651.SZ
2026-06-24,37.06,37.65,36.97,37.16,57219635,2133144794,1.0362,0.1347345728913929,000651.SZ
2026-06-25,37.17,37.34,36.8,37.02,44835086,1663026474,0.8119,-0.3767491926802813,000651.SZ
