date,open,high,low,close,volume,amount,turn,pct_change,windcode
2020-01-01,111.79,113.07,109.75,111.86,30667439,4038536854,0.81,,000858.SZ
2020-01-02,111.46,111.85,109.77,110.57,20469248,2672531470,0.54,-1.1532272483461559,000858.SZ
2020-01-05,110.1,110.31,108.85,109.42,25936979,3353682073,0.68,-1.04006511712037,000858.SZ
2020-01-06,109.68,111.01,109.25,109.57,22327793,2901574233,0.59,0.1370864558581486,000858.SZ
2020-01-07,109.25,109.9,108.45,109.16,16180218,2083242871,0.43,-0.3741900155151967,000858.SZ
2020-01-08,109.25,111.12,108.62,110.75,25549057,3317934212,0.67,1.4565775009160786,000858.SZ
2020-01-09,110.52,113.53,110.52,113.17,42969542,5712380855,1.13,2.185101580135451,000858.SZ
2020-01-12,113.71,118.57,113.7,118.28,49604194,6847185988,1.31,4.515330918087823,000858.SZ
2020-01-13,118.65,119.15,117.05,117.35,19907317,2767444878,0.52,-0.7862698681095792,000858.SZ
2020-01-14,117.35,120.95,117.34,119.25,23478904,3309331109,0.62,1.6190881976992033,000858.SZ
2020-01-15,119.25,120.26,117.98,119.13,14535988,2046672621,0.38,-0.10062893081761448,000858.SZ
2020-01-16,119.64,120.09,117.13,117.34,14847814,2068064059,0.39,-1.5025602283219919,000858.SZ
2020-01-19,119.04,119.13,115.86,116.5,16753769,2308928098,0.44,-0.7158684165672446,000858.SZ
2020-01-20,115.61,115.61,111.8,112.32,29307308,3903226854,0.77,-3.5879828326180307,000858.SZ
2020-01-21,110.94,112.36,109.9,111.54,25753051,3375415201,0.68,-0.6944444444444309,000858.SZ
2020-01-22,111.6,111.6,105.87,106.85,41593668,5294268764,1.1,-4.204769589384982,000858.SZ
2020-02-02,96.16,96.16,96.16,96.16,16763900,1903373206,0.44,-10.004679457182963,000858.SZ
2020-02-03,92.32,101.63,92.32,96.97,71021426,8017646168,1.87,0.8423460898502544,000858.SZ
2020-02-04,98.16,101.46,96.63,99.52,38878339,4546389350,1.02,2.6296792822522397,000858.SZ
2020-02-05,100.78,101.58,98.75,100.91,30655105,3619248778,0.81,1.396704180064301,000858.SZ
2020-02-06,101.0,102.42,99.61,102.12,28011695,3346691769,0.74,1.199088296501838,000858.SZ
2020-02-09,101.21,103.6,100.43,102.59,22187650,2682789606,0.58,0.460242851547199,000858.SZ
2020-02-10,102.61,106.29,102.61,105.69,24577382,3049430907,0.65,3.021737011404624,000858.SZ
2020-02-11,105.44,106.08,103.98,105.43,17511362,2168783486,0.46,-0.24600246002459691,000858.SZ
2020-02-12,105.76,107.27,104.49,105.14,17862884,2230165010,0.47,-0.27506402352271975,000858.SZ
2020-02-13,105.19,106.61,103.71,104.54,16971973,2094049251,0.45,-0.5706676811869871,000858.SZ
2020-02-16,104.32,105.27,103.82,105.27,23816908,2941280509,0.63,0.698297302467954,000858.SZ
2020-02-17,104.85,105.27,104.18,104.5,12872775,1590249168,0.34,-0.7314524555903867,000858.SZ
2020-02-18,104.83,107.71,103.9,106.71,31662776,3976674952,0.83,2.1148325358851583,000858.SZ
2020-02-19,107.56,110.59,107.47,110.23,33466160,4332207305,0.88,3.2986599194077426,000858.SZ
2020-02-20,110.1,111.12,109.27,110.1,20743751,2695003477,0.55,-0.11793522634492293,000858.SZ
2020-02-23,109.59,109.59,107.31,107.64,23560124,3005249413,0.62,-2.2343324250681196,000858.SZ
2020-02-24,105.7,107.56,104.9,106.12,24063330,3014293143,0.63,-1.4121144555927168,000858.SZ
2020-02-25,104.88,107.07,104.17,105.1,21417866,2662201890,0.56,-0.961176027139099,000858.SZ
2020-02-26,105.7,108.2,105.44,106.97,23573167,2986686525,0.62,1.779257849666993,000858.SZ
2020-02-27,105.02,105.04,100.78,102.14,36601211,4445668089,0.96,-4.515284659250252,000858.SZ
2020-03-01,101.72,104.68,101.29,103.88,26982238,3287615181,0.71,1.7035441550812491,000858.SZ
2020-03-02,104.77,106.61,104.77,105.33,23092324,2878896360,0.61,1.395841355410088,000858.SZ
2020-03-03,105.02,106.65,105.02,106.09,19757510,2471690889,0.52,0.7215418209437052,000858.SZ
2020-03-04,107.18,114.23,106.71,112.81,56561987,7399037627,1.49,6.334244509378828,000858.SZ
2020-03-05,111.79,114.23,110.1,110.16,29165822,3845033468,0.77,-2.3490825281446748,000858.SZ
2020-03-08,108.41,108.62,106.75,106.97,24454158,3106158207,0.64,-2.8957879448075485,000858.SZ
2020-03-09,106.97,111.48,106.88,110.71,31077221,4017374185,0.82,3.4963073758997876,000858.SZ
2020-03-10,112.22,112.47,109.68,110.02,18763487,2452609914,0.49,-0.623249932255443,000858.SZ
2020-03-11,107.46,108.5,106.59,106.75,25266000,3199005135,0.67,-2.972186875113614,000858.SZ
2020-03-12,101.63,106.05,100.68,103.83,35088698,4280415922,0.92,-2.735362997658086,000858.SZ
2020-03-15,102.82,103.66,96.9,97.82,37024247,4379489484,0.98,-5.788307810844651,000858.SZ
2020-03-16,96.97,99.58,91.96,95.16,35297954,3975112228,0.93,-2.7192803107748853,000858.SZ
2020-03-17,95.87,98.22,90.36,91.12,40442259,4528147000,1.07,-4.245481294661612,000858.SZ
2020-03-18,89.61,90.62,83.53,86.48,60169789,6133825332,1.59,-5.092186128182618,000858.SZ
2020-03-19,88.35,92.87,88.26,91.9,42206390,4484741875,1.11,6.267345050878825,000858.SZ
2020-03-22,88.08,90.2,87.27,88.51,32826540,3443583082,0.86,-3.68879216539717,000858.SZ
2020-03-23,90.69,93.07,89.81,92.36,35636342,3859693788,0.94,4.349790984069579,000858.SZ
2020-03-24,95.79,97.36,94.72,96.55,30947333,3508691590,0.82,4.536595928973575,000858.SZ
2020-03-25,95.69,98.5,94.77,96.46,20880123,2397709906,0.55,-0.09321595028483065,000858.SZ
2020-03-26,97.91,99.77,97.91,98.08,23543496,2745616755,0.62,1.6794526228488538,000858.SZ
2020-03-29,95.55,96.57,94.6,95.9,20580583,2321514404,0.54,-2.2226753670473,000858.SZ
2020-03-30,97.4,98.74,96.6,97.57,18849621,2179898621,0.5,1.7413972888425278,000858.SZ
2020-03-31,98.24,99.08,96.92,97.4,17596852,2033698724,0.46,-0.17423388336577084,000858.SZ
2020-04-01,96.55,99.25,96.14,99.25,19153739,2218330786,0.5,1.8993839835728998,000858.SZ
2020-04-02,99.68,101.18,98.92,99.53,17580586,2076905527,0.46,0.28211586901762953,000858.SZ
2020-04-06,102.14,105.51,102.14,105.14,29451150,3627761364,0.78,5.636491510097463,000858.SZ
2020-04-07,105.14,106.7,104.54,106.1,20113362,2515223465,0.53,0.913068289899166,000858.SZ
2020-04-08,107.26,108.07,104.18,105.85,15879620,1985606241,0.42,-0.23562676720075837,000858.SZ
2020-04-09,105.85,109.08,105.19,107.15,19896089,2526071157,0.52,1.228153046764291,000858.SZ
2020-04-12,105.99,107.58,105.19,105.87,14606018,1831925095,0.38,-1.1945870275315018,000858.SZ
2020-04-13,107.23,109.15,106.04,108.79,19461888,2481573352,0.51,2.7580995560593236,000858.SZ
2020-04-14,108.81,110.34,107.74,108.33,16296718,2095661173,0.43,-0.42283298097252064,000858.SZ
2020-04-15,107.57,108.24,106.31,106.8,18825435,2379554855,0.5,-1.4123511492661334,000858.SZ
2020-04-16,107.7,109.85,107.34,109.1,23471089,3022344869,0.62,2.1535580524344455,000858.SZ
2020-04-19,110.03,110.51,109.15,109.52,13218834,1710863422,0.35,0.38496791934006236,000858.SZ
2020-04-20,108.47,109.21,105.93,107.11,20552372,2596092234,0.54,-2.2005113221329364,000858.SZ
2020-04-21,107.17,110.94,106.22,110.35,26598477,3436601399,0.7,3.0249276444776374,000858.SZ
2020-04-22,111.12,113.74,110.78,111.02,21331870,2822832124,0.56,0.6071590394200355,000858.SZ
2020-04-23,111.15,112.89,109.57,111.29,16773324,2215246722,0.44,0.24319942352730717,000858.SZ
2020-04-26,112.23,113.17,110.42,112.39,15934244,2110526723,0.42,0.9884086620540966,000858.SZ
2020-04-27,115.18,119.6,113.92,117.72,42077345,5811722420,1.11,4.74241480558768,000858.SZ
2020-04-28,117.72,118.7,113.49,114.76,29183204,3980521441,0.77,-2.51444104655113,000858.SZ
2020-04-29,114.76,117.89,113.51,114.99,22864055,3121490868,0.6,0.20041826420353903,000858.SZ
2020-05-05,113.91,117.77,113.47,117.05,25104481,3442757066,0.66,1.791460126967559,000858.SZ
2020-05-06,117.2,120.26,116.34,120.19,27796178,3911603340,0.73,2.682614267407102,000858.SZ
2020-05-07,120.81,123.23,119.36,121.03,24326698,3478295310,0.64,0.6988934187536433,000858.SZ
2020-05-10,121.3,122.89,119.42,120.14,23681991,3384838039,0.62,-0.7353548706932167,000858.SZ
2020-05-11,119.42,121.78,119.32,121.03,15184489,2167669765,0.4,0.7408023972032662,000858.SZ
2020-05-12,121.03,123.83,120.52,123.65,19635029,2845747547,0.52,2.164752540692394,000858.SZ
2020-05-13,123.57,124.5,122.3,123.91,15361261,2244204771,0.4,0.21027092600081065,000858.SZ
2020-05-14,124.92,125.34,122.03,122.99,16064447,2338474671,0.42,-0.7424743765636399,000858.SZ
2020-05-17,122.8,129.12,122.47,128.05,24881015,3718097608,0.66,4.114155622408333,000858.SZ
2020-05-18,129.86,130.0,127.35,128.24,17650556,2669709609,0.47,0.14837953924247138,000858.SZ
2020-05-19,129.16,129.56,127.47,127.76,17041214,2580358165,0.45,-0.37429819089207506,000858.SZ
2020-05-20,128.61,130.03,127.91,128.46,17092150,2602103042,0.45,0.5479023168440955,000858.SZ
2020-05-21,127.68,127.7,121.66,122.17,38352639,5597327855,1.01,-4.8964658259380345,000858.SZ
2020-05-24,121.97,124.84,119.5,124.52,24355991,3540747465,0.64,1.9235491528198256,000858.SZ
2020-05-25,124.52,126.29,123.78,125.18,16511925,2436906020,0.44,0.5300353356890497,000858.SZ
2020-05-26,125.19,125.68,123.38,123.79,14596302,2143082940,0.38,-1.110401022527563,000858.SZ
2020-05-27,123.78,125.36,122.38,123.79,14818404,2166223144,0.39,0.0,000858.SZ
2020-05-28,122.8,125.85,122.66,125.51,16321720,2408655795,0.43,1.3894498747879513,000858.SZ
2020-05-31,127.09,135.66,127.09,134.31,35784358,5624344618,0.94,7.011393514461006,000858.SZ
2020-06-01,134.15,138.6,133.83,134.47,29158586,4669324668,0.77,0.11912739185466759,000858.SZ
2020-06-02,136.24,137.0,132.7,134.02,25275933,4004118585,0.67,-0.3346471331895473,000858.SZ
2020-06-03,133.84,135.49,132.97,134.53,13631755,2166142874,0.36,0.3805402178779227,000858.SZ
2020-06-04,134.75,136.08,133.48,135.58,15985906,2547709184,0.42,0.7804950568646385,000858.SZ
2020-06-07,135.09,139.7,134.92,136.03,22255110,3596734091,0.59,0.331907360967687,000858.SZ
2020-06-08,136.0,138.05,134.67,137.72,16111888,2610701054,0.42,1.242373005954578,000858.SZ
2020-06-09,137.75,138.71,136.42,137.66,14948146,2428166146,0.39,-0.04356665698519446,000858.SZ
2020-06-10,137.03,137.83,133.77,135.57,19946097,3195703175,0.53,-1.5182333284904814,000858.SZ
2020-06-11,132.97,137.1,132.21,136.78,17647613,2822869416,0.46,0.8925278453935315,000858.SZ
2020-06-14,134.66,136.25,132.54,132.97,26621961,4206860399,0.7,-2.785494955402834,000858.SZ
2020-06-15,133.05,134.88,132.46,133.54,25984652,4095546267,0.68,0.42866812062871684,000858.SZ
2020-06-16,133.19,133.39,130.34,132.02,23242329,3610097414,0.61,-1.138235734611337,000858.SZ
2020-06-17,132.63,134.31,132.09,134.12,19949002,3145346589,0.53,1.590668080593849,000858.SZ
2020-06-18,134.24,141.01,134.18,140.23,38702809,6342808631,1.02,4.555621831195933,000858.SZ
2020-06-21,140.77,140.77,138.19,139.91,21631228,3513415729,0.57,-0.22819653426513486,000858.SZ
2020-06-22,139.91,144.54,139.12,144.18,26532477,4413501330,0.7,3.051961975555728,000858.SZ
2020-06-23,144.55,147.03,143.34,144.72,18798602,3172425486,0.5,0.3745318352059934,000858.SZ
2020-06-28,143.01,144.63,142.31,143.77,19993555,3331811630,0.53,-0.6564400221116595,000858.SZ
2020-06-29,144.66,147.35,144.63,146.88,18989762,3238678111,0.5,2.1631772970716945,000858.SZ
2020-06-30,146.88,158.88,146.88,156.2,27181836,4886748745,0.72,6.345315904139426,000858.SZ
2020-07-01,154.5,165.09,154.4,162.65,34887021,6549218075,0.92,4.129321382842521,000858.SZ
2020-07-02,163.07,163.51,156.65,161.98,30815941,5745184556,0.81,-0.4119274515831606,000858.SZ
2020-07-05,161.98,168.23,159.27,165.5,32843107,6291466679,0.87,2.173107791085327,000858.SZ
2020-07-06,165.47,177.14,163.36,173.29,38411125,7693352358,1.01,4.706948640483377,000858.SZ
2020-07-07,172.95,176.65,170.81,174.55,29232255,5907018139,0.77,0.7271048531363622,000858.SZ
2020-07-08,174.58,176.27,172.95,174.86,29524349,5988999450,0.78,0.17759954167859693,000858.SZ
2020-07-09,174.24,181.8,172.35,177.68,33547581,6923294758,0.88,1.612718746425701,000858.SZ
2020-07-12,177.68,193.13,177.68,187.29,48880722,10648696886,1.29,5.4085997298514155,000858.SZ
2020-07-13,187.37,193.41,181.99,189.61,43873308,9589876574,1.16,1.2387207005179146,000858.SZ
2020-07-14,187.98,193.98,186.77,192.22,37169954,8289624150,0.98,1.3765096777595964,000858.SZ
2020-07-15,189.69,189.73,173.01,173.01,70573669,14817949981,1.86,-9.993757153261896,000858.SZ
2020-07-16,167.38,179.99,167.38,176.29,52976677,10785868982,1.4,1.895844170857175,000858.SZ
2020-07-19,176.39,178.96,163.95,173.11,44290656,8808311369,1.17,-1.8038459356741643,000858.SZ
2020-07-20,172.53,179.31,170.64,176.46,31785876,6514435742,0.84,1.9351857200623934,000858.SZ
2020-07-21,175.31,182.71,174.03,179.31,28066323,5873887494,0.74,1.6150969058143394,000858.SZ
2020-07-22,177.93,181.88,176.47,180.31,26541311,5547862012,0.7,0.5576933801795692,000858.SZ
2020-07-23,178.53,179.35,169.95,172.86,40538626,8233915251,1.07,-4.131773057512056,000858.SZ
2020-07-26,174.58,177.5,172.88,175.19,24634688,5038945709,0.65,1.3479116047668604,000858.SZ
2020-07-27,176.72,186.21,175.68,183.68,38449712,8143034019,1.01,4.846167018665448,000858.SZ
2020-07-28,183.98,184.95,179.4,184.52,30136414,6417584055,0.79,0.45731707317073766,000858.SZ
2020-07-29,183.68,187.16,182.83,185.67,25322564,5483434280,0.67,0.6232386733145301,000858.SZ
2020-07-30,185.84,189.7,183.92,186.69,26231782,5707639443,0.69,0.5493617708838272,000858.SZ
2020-08-02,187.27,188.77,184.71,186.88,20145355,4369803363,0.53,0.10177299266163065,000858.SZ
2020-08-03,186.69,188.66,183.68,185.23,20676941,4483369686,0.54,-0.8829195205479534,000858.SZ
2020-08-04,185.06,186.91,182.83,186.67,18671238,4024536334,0.49,0.7774118663283369,000858.SZ
2020-08-05,186.67,187.58,179.96,181.13,32304359,6855967077,0.85,-2.9678041463545246,000858.SZ
2020-08-06,180.25,182.83,174.4,177.9,28723584,5960012764,0.76,-1.7832495997349929,000858.SZ
2020-08-09,177.9,179.29,174.19,176.77,19152100,3941811351,0.5,-0.6351883080382259,000858.SZ
2020-08-10,177.68,183.13,177.68,179.39,25009077,5285963734,0.66,1.4821519488600776,000858.SZ
2020-08-11,178.46,180.15,174.28,177.22,18024993,3701984354,0.47,-1.2096549417470293,000858.SZ
2020-08-12,178.53,180.25,176.39,177.59,12320969,2555092632,0.32,0.2087800473987267,000858.SZ
2020-08-13,177.07,183.08,177.01,182.74,24431491,5144549732,0.64,2.8999380595754243,000858.SZ
2020-08-16,184.11,190.55,184.11,188.82,31515599,6913069145,0.83,3.327131443581033,000858.SZ
2020-08-17,188.82,191.41,187.22,189.32,19038249,4208955656,0.5,0.2648024573667973,000858.SZ
2020-08-18,189.24,193.95,186.49,190.72,23847268,5300628768,0.63,0.7394886963870695,000858.SZ
2020-08-19,188.83,189.62,185.4,185.78,18490663,4022580052,0.49,-2.590184563758391,000858.SZ
2020-08-20,188.83,189.67,185.78,187.46,15731861,3438178399,0.41,0.9042954031650341,000858.SZ
2020-08-23,188.82,194.24,188.14,193.13,23152218,5170962343,0.61,3.0246452576549565,000858.SZ
2020-08-24,193.98,203.21,193.98,202.22,28547871,6659413393,0.75,4.706674260860555,000858.SZ
2020-08-25,202.05,205.89,199.31,203.12,26209992,6176301738,0.69,0.4450598358223701,000858.SZ
2020-08-26,205.12,205.12,198.4,204.35,21348858,5024119736,0.56,0.605553367467504,000858.SZ
2020-08-27,202.55,210.17,200.16,206.43,32724152,7823482204,0.86,1.0178615121115842,000858.SZ
2020-08-30,207.72,211.75,206.0,206.0,31571514,7691010330,0.83,-0.2083030567262556,000858.SZ
2020-08-31,203.84,205.83,200.08,202.77,30087024,7091377402,0.79,-1.567961165048537,000858.SZ
2020-09-01,201.88,205.81,200.68,201.71,19633125,4642766180,0.52,-0.5227597770873449,000858.SZ
2020-09-02,202.05,208.58,201.87,204.83,27569574,6599198582,0.73,1.5467750731247953,000858.SZ
2020-09-03,200.85,200.85,194.22,197.61,37092062,8495154314,0.98,-3.5248742859932625,000858.SZ
2020-09-06,196.86,200.38,193.21,194.75,23622659,5428172452,0.62,-1.4472951773695786,000858.SZ
2020-09-07,194.96,196.86,186.77,190.49,35708526,7906064618,0.94,-2.1874197689345287,000858.SZ
2020-09-08,187.81,189.4,185.4,186.26,22706135,4950173117,0.6,-2.2205890072969803,000858.SZ
2020-09-09,188.83,193.78,188.8,191.58,23154133,5168118227,0.61,2.8562224846988116,000858.SZ
2020-09-10,190.08,195.6,188.99,195.6,20470064,4597798171,0.54,2.0983401190103335,000858.SZ
2020-09-13,196.63,198.65,192.42,197.49,20749216,4747190668,0.55,0.9662576687116564,000858.SZ
2020-09-14,197.42,198.62,195.7,197.7,12036547,2765306525,0.32,0.10633449794925642,000858.SZ
2020-09-15,198.05,199.3,193.13,194.0,18453747,4206118388,0.49,-1.8715225088517862,000858.SZ
2020-09-16,190.6,193.98,187.89,191.11,22801632,5066620919,0.6,-1.4896907216494726,000858.SZ
2020-09-17,191.11,197.0,189.54,197.0,19015650,4291299127,0.5,3.0819946627596684,000858.SZ
2020-09-20,195.7,197.03,192.67,193.04,13028469,2942680885,0.34,-2.0101522842639663,000858.SZ
2020-09-21,190.95,194.64,190.55,191.32,12091370,2711926528,0.32,-0.8910070451719876,000858.SZ
2020-09-22,185.92,190.11,182.36,188.25,25179488,5469429699,0.66,-1.6046414384277563,000858.SZ
2020-09-23,187.19,190.01,185.3,185.66,16365237,3569684235,0.43,-1.3758300132802104,000858.SZ
2020-09-24,186.27,188.35,185.72,186.43,11251653,2449369664,0.3,0.41473661531832295,000858.SZ
2020-09-27,187.41,191.28,187.12,188.95,15264425,3363291339,0.4,1.351713779971031,000858.SZ
2020-09-28,190.55,191.24,187.78,188.6,9972097,2199769865,0.26,-0.18523418893886534,000858.SZ
2020-09-29,189.69,193.13,188.92,189.69,16234185,3608733491,0.43,0.5779427359491107,000858.SZ
2020-10-08,193.13,197.03,191.66,195.33,20893388,4736861700,0.55,2.973272180926778,000858.SZ
2020-10-11,196.56,207.73,196.56,207.5,32455704,7713734277,0.86,6.230481748835293,000858.SZ
2020-10-12,207.5,209.95,205.0,207.95,17191051,4169972230,0.45,0.21686746987952255,000858.SZ
2020-10-13,207.54,209.72,204.44,205.49,18319372,4414453297,0.48,-1.182976677085823,000858.SZ
2020-10-14,205.58,206.43,204.58,205.06,11176087,2673550249,0.29,-0.2092559248625281,000858.SZ
2020-10-15,205.06,206.7,201.91,203.32,11835750,2812810615,0.31,-0.8485321369355314,000858.SZ
2020-10-18,206.0,207.37,201.37,202.72,12290083,2920521351,0.32,-0.29510131811921747,000858.SZ
2020-10-19,202.57,206.86,201.71,206.84,17996331,4313854388,0.47,2.0323599052880947,000858.SZ
2020-10-20,206.84,209.18,205.73,207.52,13707691,3309649772,0.36,0.3287565267839909,000858.SZ
2020-10-21,207.72,208.57,203.15,207.49,15041607,3620503899,0.4,-0.014456437933696442,000858.SZ
2020-10-22,206.68,207.92,202.82,203.11,13452273,3217550682,0.35,-2.110945105788231,000858.SZ
2020-10-25,197.42,201.36,191.41,199.66,16000039,3696971910,0.42,-1.6985869725764435,000858.SZ
2020-10-26,200.0,202.01,198.02,200.42,14302682,3339001551,0.38,0.3806471000701084,000858.SZ
2020-10-27,201.71,207.72,200.35,205.98,17076230,4079939455,0.45,2.774174234108373,000858.SZ
2020-10-28,204.97,217.82,204.7,214.58,34962748,8707106516,0.92,4.1751626371492545,000858.SZ
2020-10-29,211.97,214.58,208.81,209.73,23948951,5883433065,0.63,-2.260229285115123,000858.SZ
2020-11-01,212.07,215.48,209.86,210.89,15733705,3880439537,0.41,0.5530920707576437,000858.SZ
2020-11-02,212.95,214.93,210.72,214.93,16535083,4112229156,0.44,1.9156906444117938,000858.SZ
2020-11-03,214.8,217.16,213.12,217.16,12992837,3267104849,0.34,1.037547108360859,000858.SZ
2020-11-04,219.73,223.04,218.06,222.66,18968980,4898017531,0.5,2.532694787253642,000858.SZ
2020-11-05,223.21,224.2,218.92,222.57,15116483,3901814024,0.4,-0.04042037186742231,000858.SZ
2020-11-08,224.03,231.75,223.68,231.75,20628388,5513207008,0.54,4.1245450869389355,000858.SZ
2020-11-09,232.39,239.17,229.39,234.15,22308070,6085547697,0.59,1.035598705501628,000858.SZ
2020-11-10,232.35,239.48,230.33,230.81,22787338,6218718170,0.6,-1.4264360452701297,000858.SZ
2020-11-11,230.81,233.03,227.46,229.73,17623158,4716978361,0.46,-0.4679173346042287,000858.SZ
2020-11-12,227.46,229.49,221.45,227.46,18843071,4950551088,0.5,-0.988116484568835,000858.SZ
2020-11-15,230.03,234.45,226.18,234.33,19577792,5269426372,0.52,3.020311263518871,000858.SZ
2020-11-16,234.32,235.66,228.32,230.98,17947672,4847011187,0.47,-1.4296078180344063,000858.SZ
2020-11-17,230.03,231.34,222.31,226.36,19456273,5134604862,0.51,-2.000173175166675,000858.SZ
2020-11-18,225.18,228.57,223.17,227.2,12448246,3287372158,0.33,0.37109029863933163,000858.SZ
2020-11-19,228.78,232.18,227.29,230.44,11122604,2984187157,0.29,1.42605633802817,000858.SZ
2020-11-22,233.04,238.42,233.04,233.96,15634214,4282239108,0.41,1.5275125846207382,000858.SZ
2020-11-23,233.96,233.98,229.18,233.29,12503527,3370155283,0.33,-0.2863737391007093,000858.SZ
2020-11-24,233.3,233.8,225.58,225.72,16559440,4404834698,0.44,-3.244888336405327,000858.SZ
2020-11-25,225.03,227.61,216.9,223.66,19905229,5158676272,0.52,-0.9126351231614427,000858.SZ
2020-11-26,223.66,225.15,221.54,225.14,11259290,2933632286,0.3,0.6617186801394892,000858.SZ
2020-11-29,223.72,224.88,217.72,218.02,21174104,5419775805,0.56,-3.1624766811761518,000858.SZ
2020-11-30,218.88,222.21,218.88,221.44,13648057,3509920228,0.36,1.5686634253738063,000858.SZ
2020-12-01,223.17,224.88,220.68,223.64,11637763,3028626146,0.31,0.993497109826591,000858.SZ
2020-12-02,223.22,224.88,222.28,224.57,9208685,2403046138,0.24,0.415846896798433,000858.SZ
2020-12-03,223.6,230.03,223.3,229.34,17051140,4536004928,0.45,2.1240593133544206,000858.SZ
2020-12-06,229.36,236.21,229.36,231.96,19621618,5339342747,0.52,1.1424086509113085,000858.SZ
2020-12-07,233.08,235.23,230.51,233.47,14777562,4019960930,0.39,0.6509743059148088,000858.SZ
2020-12-08,234.33,235.18,231.32,231.51,11677649,3166929094,0.31,-0.8395082880027438,000858.SZ
2020-12-09,230.89,233.47,229.43,229.75,13410208,3611981639,0.35,-0.760226340114889,000858.SZ
2020-12-10,230.76,231.74,226.09,229.62,15005255,3995342178,0.4,-0.05658324265506165,000858.SZ
2020-12-13,230.46,234.75,228.39,234.45,18174424,4937790460,0.48,2.10347530702899,000858.SZ
2020-12-14,234.45,234.58,229.44,232.44,14611814,3949335198,0.38,-0.8573256557901421,000858.SZ
2020-12-15,234.33,236.04,233.47,235.47,16025487,4392611714,0.42,1.3035622096024824,000858.SZ
2020-12-16,235.65,240.33,235.36,238.45,19976098,5547260940,0.53,1.265553998386193,000858.SZ
2020-12-17,237.67,240.06,235.25,237.64,15082525,4179755003,0.4,-0.3396938561543328,000858.SZ
2020-12-20,236.31,242.03,236.31,241.97,16188978,4537599926,0.43,1.8220838242720028,000858.SZ
2020-12-21,242.89,247.2,242.02,242.38,18706371,5338602866,0.49,0.1694424928710081,000858.SZ
2020-12-22,242.91,247.63,236.04,238.87,25221586,7103972923,0.66,-1.4481392854195807,000858.SZ
2020-12-23,236.9,239.39,233.78,236.32,15616076,4293939903,0.41,-1.0675262695189924,000858.SZ
2020-12-24,233.98,238.13,233.04,236.83,11111390,3051169983,0.29,0.21580907244416192,000858.SZ
2020-12-27,236.9,245.62,236.88,245.44,19381209,5490499481,0.51,3.635519148756483,000858.SZ
2020-12-28,245.55,246.05,239.63,241.19,14658930,4136060906,0.39,-1.7315840938722293,000858.SZ
2020-12-29,242.81,246.86,241.42,246.24,16882539,4826857468,0.44,2.093784982793645,000858.SZ
2020-12-30,247.21,252.75,247.2,250.5,16003830,4661694421,0.42,1.7300194931773927,000858.SZ
2021-01-03,250.63,257.5,250.63,255.83,23427822,6977115208,0.62,2.127744510978058,000858.SZ
2021-01-04,255.1,274.65,252.78,274.65,31460633,9802665755,0.83,7.356447641011599,000858.SZ
2021-01-05,274.8,288.11,272.77,281.79,31343033,10211616773,0.83,2.599672310213008,000858.SZ
2021-01-06,281.8,283.83,272.16,283.25,24255948,7882443069,0.64,0.5181163277617973,000858.SZ
2021-01-07,283.3,284.62,265.17,272.09,37870249,12096818569,1.0,-3.939982347749349,000858.SZ
2021-01-10,271.6,271.66,257.07,258.53,38195291,11637052715,1.01,-4.983645117424384,000858.SZ
2021-01-11,256.6,267.2,255.78,266.08,23025505,7067492692,0.61,2.920357405330143,000858.SZ
2021-01-12,267.4,269.07,259.32,262.08,23365302,7164303594,0.62,-1.5033072760072153,000858.SZ
2021-01-13,260.93,261.69,248.06,248.4,35489554,10426526438,0.93,-5.219780219780212,000858.SZ
2021-01-14,247.2,250.88,238.68,246.94,41713251,11843762786,1.1,-0.5877616747182013,000858.SZ
2021-01-17,244.63,246.46,239.76,244.24,27255864,7724438136,0.72,-1.093383008018134,000858.SZ
2021-01-18,246.34,248.92,240.33,241.62,29388857,8340023174,0.77,-1.0727153619390806,000858.SZ
2021-01-19,240.33,245.15,235.99,244.5,26404034,7448387724,0.7,1.191954308418186,000858.SZ
2021-01-20,245.31,256.63,245.05,254.88,29402390,8608576887,0.77,4.245398773006137,000858.SZ
2021-01-21,253.28,257.42,251.13,253.69,24946675,7369528934,0.66,-0.46688637790333054,000858.SZ
2021-01-24,253.7,271.52,251.66,270.97,41290940,12821666909,1.09,6.81146280894005,000858.SZ
2021-01-25,270.97,270.98,261.88,262.46,24143501,7458358973,0.64,-3.1405690666863717,000858.SZ
2021-01-26,259.99,259.99,246.34,251.13,30793847,9033475506,0.81,-4.3168482816429155,000858.SZ
2021-01-27,247.4,250.63,242.91,245.48,27607757,7911157526,0.73,-2.249830764942462,000858.SZ
2021-01-28,248.92,253.33,247.87,249.9,22010914,6431745130,0.58,1.8005540166205147,000858.SZ
2021-01-31,251.5,257.39,250.88,250.88,19575992,5790219683,0.52,0.39215686274509665,000858.SZ
2021-02-01,250.63,261.22,250.55,261.04,29749240,8931329219,0.78,4.0497448979591955,000858.SZ
2021-02-02,260.76,265.23,258.46,265.01,22454665,6862660163,0.59,1.5208397180508593,000858.SZ
2021-02-03,262.65,271.92,261.8,269.17,28057460,8823190961,0.74,1.569752084826992,000858.SZ
2021-02-04,269.53,283.25,269.52,274.46,32891319,10624157468,0.87,1.9653007393097166,000858.SZ
2021-02-07,278.1,283.68,269.35,274.67,26652998,8556525643,0.7,0.07651388180427432,000858.SZ
2021-02-08,276.38,283.25,272.83,282.82,22477980,7323491251,0.59,2.9671970000364034,000858.SZ
2021-02-09,285.83,296.71,285.4,294.11,33193163,11318193474,0.87,3.9919383353369753,000858.SZ
2021-02-17,304.27,306.59,284.01,286.25,34381508,11828646631,0.91,-2.6724694842065966,000858.SZ
2021-02-18,286.34,297.16,279.77,295.61,27475002,9295089531,0.72,3.269868995633196,000858.SZ
2021-02-21,293.55,293.81,266.92,268.71,41458220,13367286789,1.09,-9.099827475389887,000858.SZ
2021-02-22,262.65,277.12,261.08,270.38,27866832,8795804295,0.73,0.6214878493543186,000858.SZ
2021-02-23,270.38,270.38,247.76,251.56,41724817,12424962071,1.1,-6.96057400695318,000858.SZ
2021-02-24,254.5,257.48,245.12,247.97,24904649,7274333597,0.66,-1.427094927651451,000858.SZ
2021-02-25,240.81,246.66,232.61,240.33,28897086,8100247691,0.76,-3.081017865064317,000858.SZ
2021-02-28,245.48,252.35,241.2,248.08,25506327,7352003877,0.67,3.2247326592601766,000858.SZ
2021-03-01,251.66,253.96,236.3,240.93,24412465,6955462354,0.64,-2.8821347952273535,000858.SZ
2021-03-02,236.9,246.17,233.13,244.88,21171711,5951313500,0.56,1.6394803469887531,000858.SZ
2021-03-03,240.33,240.33,227.46,228.58,32935886,8896042111,0.87,-6.656321463573988,000858.SZ
2021-03-04,221.45,233.63,218.02,228.75,29165040,7727068295,0.77,0.07437221104207303,000858.SZ
2021-03-07,230.03,231.78,209.81,209.86,38365377,9779570334,1.01,-8.25792349726775,000858.SZ
2021-03-08,207.72,213.9,197.42,208.15,43874577,10599045847,1.16,-0.8148289335747627,000858.SZ
2021-03-09,212.87,218.88,212.09,216.82,30958230,7776577821,0.82,4.165265433581555,000858.SZ
2021-03-10,218.88,231.32,214.65,227.49,30153094,7909417124,0.79,4.921132736832412,000858.SZ
2021-03-11,230.98,231.31,219.54,226.99,25143785,6596290241,0.66,-0.2197898808738885,000858.SZ
2021-03-14,225.27,228.75,211.15,215.45,24899734,6320778553,0.66,-5.0839244019560415,000858.SZ
2021-03-15,215.96,225.36,215.06,225.24,23165605,5953026225,0.61,4.543977721048975,000858.SZ
2021-03-16,224.45,230.06,218.88,226.87,19887801,5234840656,0.52,0.7236725270822308,000858.SZ
2021-03-17,227.46,236.04,227.46,232.09,20130334,5462748512,0.53,2.30087715431746,000858.SZ
2021-03-18,225.74,227.46,221.17,223.85,19784981,5158274508,0.52,-3.5503468482054434,000858.SZ
2021-03-21,223.98,226.25,218.63,222.74,14278219,3700614995,0.38,-0.49586776859503745,000858.SZ
2021-03-22,222.74,226.58,220.57,225.1,12695157,3309793203,0.33,1.0595312920894218,000858.SZ
2021-03-23,222.39,230.89,221.98,223.85,17942151,4728182217,0.47,-0.5553087516659283,000858.SZ
2021-03-24,220.54,221.36,216.3,219.72,18625855,4750886353,0.49,-1.844985481349115,000858.SZ
2021-03-25,221.45,229.33,219.58,228.27,23020269,6054732217,0.61,3.8913162206444696,000858.SZ
2021-03-28,229.18,240.29,228.31,233.54,28199481,7712653715,0.74,2.30866955797957,000858.SZ
2021-03-29,232.18,239.06,232.18,234.72,16870779,4624076063,0.44,0.5052667637235553,000858.SZ
2021-03-30,232.35,232.35,227.47,230.02,13411104,3583946108,0.35,-2.002385821404218,000858.SZ
2021-03-31,231.75,235.09,229.18,234.39,12114212,3280567357,0.32,1.8998347969741758,000858.SZ
2021-04-01,237.77,244.63,236.04,244.25,22962623,6443304987,0.6,4.206664106830504,000858.SZ
2021-04-05,245.44,247.2,242.05,244.42,15550845,4431624295,0.41,0.06960081883315983,000858.SZ
2021-04-06,242.92,243.47,230.72,232.48,24493627,6674234724,0.65,-4.885033957941243,000858.SZ
2021-04-07,227.46,235.91,226.65,234.39,16211426,4396674335,0.43,0.8215760495526414,000858.SZ
2021-04-08,232.61,233.9,227.46,227.72,14611556,3895892301,0.38,-2.8456845428559197,000858.SZ
2021-04-11,227.63,229.48,223.17,224.02,13323255,3495254788,0.35,-1.6248023888986385,000858.SZ
2021-04-12,224.25,230.22,224.25,225.66,13875729,3670699723,0.37,0.7320774930809737,000858.SZ
2021-04-13,225.66,229.7,224.24,226.41,14817752,3916715200,0.39,0.3323584153150705,000858.SZ
2021-04-14,224.29,225.73,214.0,219.56,28595938,7267459255,0.75,-3.0254847400733142,000858.SZ
2021-04-15,219.56,226.28,219.56,224.71,18754302,4877110716,0.49,2.345600291492067,000858.SZ
2021-04-18,223.17,230.21,217.59,228.03,18815579,4960854542,0.5,1.477459837123396,000858.SZ
2021-04-19,227.46,235.0,225.75,229.82,19914658,5367602759,0.52,0.7849844318730037,000858.SZ
2021-04-20,227.46,234.3,226.24,232.48,15923160,4295280588,0.42,1.1574275519972144,000858.SZ
2021-04-21,232.52,235.18,230.89,232.77,11627423,3157592141,0.31,0.12474191328286643,000858.SZ
2021-04-22,233.68,241.19,233.68,240.33,20783326,5769545850,0.55,3.2478412166516257,000858.SZ
2021-04-25,242.91,245.39,235.92,236.04,20390370,5710005243,0.54,-1.7850455623517725,000858.SZ
2021-04-26,237.76,241.9,233.76,241.9,14231452,3950995457,0.37,2.482630062701241,000858.SZ
2021-04-27,236.04,245.14,235.01,245.14,22027859,6211307911,0.58,1.3393964448118911,000858.SZ
2021-04-28,246.39,249.78,241.46,248.49,20693602,5941444368,0.55,1.3665660438932914,000858.SZ
2021-04-29,246.34,248.32,243.49,244.63,15803059,4521364969,0.42,-1.5533824298764598,000858.SZ
2021-05-05,242.05,245.31,236.73,237.28,16866057,4713100400,0.44,-3.0045374647426737,000858.SZ
2021-05-06,240.34,240.53,232.85,233.55,12500753,3441009131,0.33,-1.5719824679703231,000858.SZ
2021-05-09,232.25,235.18,224.37,226.6,19524824,5183389746,0.51,-2.9758081781203205,000858.SZ
2021-05-10,225.07,236.44,224.88,236.43,19232636,5208651090,0.51,4.338040600176529,000858.SZ
2021-05-11,235.36,239.97,235.18,238.2,12106344,3356761370,0.32,0.7486359599035541,000858.SZ
2021-05-12,235.35,239.09,233.9,236.9,9707922,2670400820,0.26,-0.5457598656591012,000858.SZ
2021-05-13,238.58,247.54,236.2,246.34,21808451,6208023602,0.57,3.9848037146475335,000858.SZ
2021-05-16,247.39,261.51,247.39,255.09,28061495,8373250451,0.74,3.5520012990176264,000858.SZ
2021-05-17,255.79,257.5,252.61,257.07,14728692,4370179795,0.39,0.77619663648123,000858.SZ
2021-05-18,255.78,265.31,254.09,259.9,16700066,5082549122,0.44,1.100867468004818,000858.SZ
2021-05-19,261.53,264.35,258.84,260.51,14023985,4268328786,0.37,0.2347056560215499,000858.SZ
2021-05-20,261.79,262.38,253.26,254.58,17262089,5161569642,0.45,-2.2763041725845423,000858.SZ
2021-05-23,257.5,261.96,253.51,261.8,15708894,4729942081,0.41,2.8360436797863153,000858.SZ
2021-05-24,262.65,277.29,261.72,277.27,32305889,10261281423,0.85,5.909090909090908,000858.SZ
2021-05-25,275.1,278.11,271.23,273.81,19075117,6100319124,0.5,-1.2478811266996015,000858.SZ
2021-05-26,273.1,280.01,269.71,273.1,16436312,5251052172,0.43,-0.25930389686278366,000858.SZ
2021-05-27,274.77,275.59,269.85,272.01,13024503,4116488946,0.34,-0.3991212010252765,000858.SZ
2021-05-30,270.63,270.91,265.5,270.48,17768388,5542253079,0.47,-0.5624793206132073,000858.SZ
2021-05-31,271.49,272.35,266.41,270.98,16387574,5152812416,0.43,0.1848565513161704,000858.SZ
2021-06-01,270.98,273.27,264.8,267.66,15653208,4890684590,0.41,-1.2251826703077673,000858.SZ
2021-06-02,267.66,274.67,266.24,269.18,17917736,5652744412,0.47,0.5678846297541673,000858.SZ
2021-06-03,267.8,273.38,265.66,270.63,17528770,5497026749,0.45,0.5386730069098622,000858.SZ
2021-06-06,271.54,272.46,265.11,268.58,18737019,5843427388,0.48,-0.7574917784428981,000858.SZ
2021-06-07,268.66,269.09,250.63,255.74,31165284,9408595821,0.8,-4.780698488346102,000858.SZ
2021-06-08,254.93,257.5,250.25,254.5,17157668,5075838987,0.44,-0.4848674434973055,000858.SZ
2021-06-09,254.93,262.22,253.64,260.12,15077251,4565221138,0.39,2.2082514734774072,000858.SZ
2021-06-10,260.13,260.93,254.07,258.85,15912782,4783871682,0.41,-0.48823619867752743,000858.SZ
2021-06-14,258.81,260.98,251.29,256.87,14516108,4323376155,0.37,-0.7649217693645016,000858.SZ
2021-06-15,256.87,256.87,248.25,250.91,14062999,4120477427,0.36,-2.320239810020641,000858.SZ
2021-06-16,249.87,255.78,249.87,252.54,10904554,3213936358,0.28,0.6496353274082267,000858.SZ
2021-06-17,253.47,254.93,245.48,249.78,19071578,5539524449,0.49,-1.0928961748633892,000858.SZ
2021-06-20,251.49,255.18,249.78,254.81,20602803,6063841832,0.53,2.0137721194651403,000858.SZ
2021-06-21,255.78,259.65,255.18,257.41,16166358,4846385284,0.42,1.0203681174208334,000858.SZ
2021-06-22,256.9,257.07,248.92,249.72,23056410,6749757120,0.59,-2.9874519249446507,000858.SZ
2021-06-23,247.63,253.21,243.92,251.23,16551834,4788276581,0.43,0.6046772385071231,000858.SZ
2021-06-24,249.82,258.68,249.67,257.43,20522327,6107081700,0.53,2.467858137961243,000858.SZ
2021-06-27,257.51,263.11,257.51,262.92,16125387,4908850411,0.42,2.1326185759235505,000858.SZ
2021-06-28,263.06,263.2,254.65,256.26,15672026,4707055411,0.4,-2.5330899132816165,000858.SZ
2021-06-29,254.07,259.56,253.63,255.69,10339509,3090106555,0.27,-0.22243034418168994,000858.SZ
2021-06-30,254.71,256.64,250.63,255.96,13631042,4012429333,0.35,0.10559662090814381,000858.SZ
2021-07-01,252.35,252.94,244.8,245.51,21169160,6104707041,0.55,-4.082669167057363,000858.SZ
2021-07-04,243.91,247.63,240.35,241.28,18054256,5106360245,0.47,-1.722944075597732,000858.SZ
2021-07-05,240.2,241.22,231.94,237.97,23895451,6571285948,0.62,-1.3718501326259958,000858.SZ
2021-07-06,240.33,244.63,239.37,244.27,17454367,4936536496,0.45,2.6473925284699718,000858.SZ
2021-07-07,244.63,245.3,229.71,231.61,43957567,12010041260,1.13,-5.182789536168997,000858.SZ
2021-07-08,233.51,234.49,227.05,231.63,21367447,5702882115,0.55,0.008635205733775742,000858.SZ
2021-07-11,233.99,236.55,227.65,234.81,26424669,7111433622,0.68,1.372879160730478,000858.SZ
2021-07-12,234.83,242.08,234.83,239.19,21899748,6044746554,0.56,1.865337932796729,000858.SZ
2021-07-13,237.37,240.05,232.25,238.58,20921830,5710321392,0.54,-0.255027384087958,000858.SZ
2021-07-14,238.32,243.69,236.34,243.37,19549471,5443652587,0.5,2.0077122977617545,000858.SZ
2021-07-15,243.39,245.57,240.05,240.5,15151398,4230603079,0.39,-1.179274355918969,000858.SZ
2021-07-18,239.01,244.82,237.88,243.43,14331986,3994088405,0.37,1.2182952182952178,000858.SZ
2021-07-19,241.79,246.3,240.72,244.65,13009223,3669251201,0.34,0.5011707677771815,000858.SZ
2021-07-20,244.64,247.83,242.66,243.71,14960510,4226787177,0.39,-0.3842223584712867,000858.SZ
2021-07-21,244.83,246.69,241.48,242.74,14310378,4028250662,0.37,-0.3980140330720916,000858.SZ
2021-07-22,241.67,241.79,232.36,235.04,21230352,5760869080,0.55,-3.1721183158935573,000858.SZ
2021-07-25,232.83,232.83,211.53,216.26,46213123,11693393537,1.19,-7.990129339686858,000858.SZ
2021-07-26,214.06,215.62,200.19,200.32,42331305,10158683399,1.09,-7.3707574216221206,000858.SZ
2021-07-27,200.35,206.17,194.89,205.11,36114290,8397862028,0.93,2.3911741214057702,000858.SZ
2021-07-28,212.7,213.01,202.51,203.7,31322153,7483908399,0.81,-0.6874360099458965,000858.SZ
2021-07-29,203.71,203.71,187.92,191.31,42797929,9495555500,1.1,-6.082474226804113,000858.SZ
2021-08-01,186.64,203.57,183.85,203.18,46844440,10454507732,1.21,6.204589409858352,000858.SZ
2021-08-02,198.54,208.56,197.33,208.03,34171933,8061076932,0.88,2.3870459690914503,000858.SZ
2021-08-03,205.39,207.03,201.92,203.22,23028951,5412225848,0.59,-2.3121665144450354,000858.SZ
2021-08-04,198.46,204.52,195.42,196.87,28551069,6538505734,0.74,-3.124692451530353,000858.SZ
2021-08-05,194.99,197.5,191.74,195.86,19152922,4306125513,0.49,-0.5130289023213219,000858.SZ
2021-08-08,194.12,205.11,192.39,199.33,26492924,6099681510,0.68,1.7716736444399084,000858.SZ
2021-08-09,200.41,216.66,197.05,215.7,46083746,11083250874,1.19,8.212511914914945,000858.SZ
2021-08-10,213.16,217.63,209.7,213.36,25307547,6234986634,0.65,-1.0848400556328075,000858.SZ
2021-08-11,212.32,215.44,205.52,206.19,23714946,5718032984,0.61,-3.360517435320587,000858.SZ
2021-08-12,205.39,210.59,204.52,208.68,16003140,3832138024,0.41,1.2076240360832324,000858.SZ
2021-08-15,207.99,211.78,206.6,208.6,13317313,3210893055,0.34,-0.038336208548983564,000858.SZ
2021-08-16,207.48,209.72,199.13,199.28,21873039,5137552314,0.56,-4.467881112176409,000858.SZ
2021-08-17,197.59,201.49,194.04,198.46,21264488,4858678332,0.55,-0.4114813327980693,000858.SZ
2021-08-18,198.37,200.44,192.39,192.95,28968942,6520859197,0.75,-2.776378111458233,000858.SZ
2021-08-19,183.31,187.78,178.0,178.85,53400435,11218172732,1.38,-7.307592640580463,000858.SZ
2021-08-22,178.86,183.52,177.57,178.56,41836373,8684039375,1.08,-0.16214705060105805,000858.SZ
2021-08-23,180.26,184.29,176.79,181.99,41190375,8606900863,1.06,1.9209229390681148,000858.SZ
2021-08-24,182.75,189.73,182.56,188.49,38179885,8242448408,0.98,3.571624814550245,000858.SZ
2021-08-25,188.38,188.38,178.52,179.54,33228274,6953022887,0.86,-4.74826250729482,000858.SZ
2021-08-26,179.53,181.99,177.22,178.25,27190967,5618956602,0.7,-0.7185028405926164,000858.SZ
2021-08-29,180.69,181.98,172.86,179.39,34732935,7094644686,0.89,0.6395511921458485,000858.SZ
2021-08-30,178.96,180.26,172.8,174.79,31855168,6427633946,0.82,-2.5642454986342544,000858.SZ
2021-08-31,174.8,182.91,170.72,180.01,50364302,10338242748,1.3,2.9864408719034286,000858.SZ
2021-09-01,180.21,180.34,173.5,174.39,37460164,7590159048,0.97,-3.1220487750680537,000858.SZ
2021-09-02,173.15,179.0,170.52,178.43,34479528,6994069662,0.89,2.316646596708538,000858.SZ
2021-09-05,177.22,186.58,175.53,183.26,44070983,9315590567,1.14,2.706943899568448,000858.SZ
2021-09-06,182.42,185.56,181.18,183.7,25937444,5483883908,0.67,0.24009603841537164,000858.SZ
2021-09-07,183.72,184.34,178.52,180.01,21553677,4498947533,0.56,-2.008709853021229,000858.SZ
2021-09-08,180.02,181.31,177.66,179.68,17757531,3672149965,0.46,-0.18332314871395416,000858.SZ
2021-09-09,179.68,185.8,178.96,185.2,31883473,6744385341,0.82,3.072128227960813,000858.SZ
2021-09-12,183.72,186.06,179.38,180.08,26342826,5526541970,0.68,-2.7645788336932875,000858.SZ
2021-09-13,180.01,181.83,177.87,178.29,23596742,4881373812,0.61,-0.9940026654820189,000858.SZ
2021-09-14,175.92,177.27,170.46,172.02,38203577,7625717389,0.98,-3.5167423860003266,000858.SZ
2021-09-15,169.86,172.96,166.76,170.72,33538704,6590288015,0.86,-0.7557260783629838,000858.SZ
2021-09-16,169.86,177.66,168.19,175.01,29439702,5901688645,0.76,2.5128865979381354,000858.SZ
2021-09-21,170.72,172.02,167.65,168.06,24908981,4852441663,0.64,-3.971201645620248,000858.SZ
2021-09-22,168.83,170.62,166.95,168.49,18811296,3661752983,0.48,0.2558610020230834,000858.SZ
2021-09-23,168.04,176.79,167.31,173.77,35053997,7023121318,0.9,3.133717134548042,000858.SZ
2021-09-26,179.93,191.15,179.93,191.15,76006557,16521941311,1.96,10.001726419980429,000858.SZ
2021-09-27,190.93,192.91,185.46,188.0,41145863,8943981561,1.06,-1.6479204812974158,000858.SZ
2021-09-28,187.96,191.72,184.33,189.51,31136680,6769523772,0.8,0.8031914893616987,000858.SZ
2021-09-29,188.06,193.51,188.06,190.13,33190568,7321693530,0.86,0.32715951664819,000858.SZ
2021-10-07,191.18,204.51,188.58,197.78,41627865,9498183647,1.07,4.023562825435234,000858.SZ
2021-10-10,198.84,203.86,195.41,197.42,26146575,5990773979,0.67,-0.1820204267367842,000858.SZ
2021-10-11,196.72,199.32,193.27,198.75,20342373,4632611152,0.52,0.6736906088542272,000858.SZ
2021-10-12,197.91,211.98,196.9,207.55,34777422,8246438709,0.9,4.4276729559748595,000858.SZ
2021-10-13,206.26,212.04,204.66,207.99,24058960,5770465386,0.62,0.2119971091303352,000858.SZ
2021-10-14,204.35,206.15,199.33,203.07,30215786,7060878521,0.78,-2.3654983412664143,000858.SZ
2021-10-17,194.95,194.95,184.16,186.6,52228655,11335046052,1.35,-8.110503767173881,000858.SZ
2021-10-18,184.59,191.42,184.59,189.76,27151971,5912575916,0.7,1.6934619506966841,000858.SZ
2021-10-19,191.09,192.56,187.95,190.6,17171231,3767655125,0.44,0.4426644182124795,000858.SZ
2021-10-20,191.52,193.21,189.79,191.51,15781385,3483824011,0.41,0.4774396642182488,000858.SZ
2021-10-21,193.0,198.39,191.53,195.02,22614868,5094183379,0.58,1.8328024646232732,000858.SZ
2021-10-24,193.26,194.89,188.92,190.97,24815964,5460700048,0.64,-2.076710081017341,000858.SZ
2021-10-25,190.97,193.26,188.92,191.23,17197532,3792558316,0.44,0.1361470388018926,000858.SZ
2021-10-26,189.8,191.23,185.46,187.19,20048493,4335703423,0.52,-2.1126392302462937,000858.SZ
2021-10-27,188.06,190.64,185.27,186.57,21925324,4755135735,0.56,-0.33121427426678896,000858.SZ
2021-10-28,186.56,191.98,186.39,187.63,23633532,5148687289,0.61,0.5681513640992675,000858.SZ
2021-10-31,173.32,181.57,170.64,177.61,58003653,11775758002,1.49,-5.340297393806948,000858.SZ
2021-11-01,176.77,178.44,173.02,174.47,34933447,7067034632,0.9,-1.7679184730589603,000858.SZ
2021-11-02,174.64,175.49,172.18,172.57,21891968,4378799392,0.56,-1.0890124376683685,000858.SZ
2021-11-03,174.27,180.14,173.58,179.23,29864162,6104737433,0.77,3.859303471055231,000858.SZ
2021-11-04,179.23,186.06,179.23,182.26,30142997,6372245155,0.78,1.6905651955587908,000858.SZ
2021-11-07,181.99,184.08,180.05,182.85,15637386,3290544446,0.4,0.3237133764951272,000858.SZ
2021-11-08,181.71,184.31,179.87,180.92,15503934,3250092170,0.4,-1.0555099808586266,000858.SZ
2021-11-09,180.92,181.89,176.1,178.26,17200267,3532443273,0.44,-1.4702630997125765,000858.SZ
2021-11-10,178.23,179.39,176.43,178.97,16652085,3416388386,0.43,0.39829462582745556,000858.SZ
2021-11-11,179.71,179.97,176.02,176.66,15788512,3227721076,0.41,-1.290719114935468,000858.SZ
2021-11-14,177.65,179.82,176.02,177.4,20724480,4251527056,0.53,0.4188837314615723,000858.SZ
2021-11-15,178.43,184.98,177.75,183.72,31435675,6618521492,0.81,3.5625704622322285,000858.SZ
2021-11-16,182.9,184.59,181.12,183.3,17421460,3668952608,0.45,-0.2286087524493774,000858.SZ
2021-11-17,181.98,182.84,179.87,180.79,13220262,2759820062,0.34,-1.369339879978193,000858.SZ
2021-11-18,180.15,187.62,179.74,184.24,24292959,5188161635,0.63,1.9082913877980001,000858.SZ
2021-11-21,185.46,192.39,184.59,187.16,31978276,6972004751,0.82,1.5848892748588694,000858.SZ
2021-11-22,186.31,189.36,184.9,186.15,19386637,4190535756,0.5,-0.5396452233383142,000858.SZ
2021-11-23,188.92,197.57,188.92,194.49,47627847,10627879572,1.23,4.4802578565672935,000858.SZ
2021-11-24,197.59,198.59,192.54,193.21,28462827,6397889416,0.73,-0.658131523471639,000858.SZ
2021-11-25,193.14,193.76,189.86,193.14,16247295,3602490660,0.42,-0.03623000879873217,000858.SZ
2021-11-28,191.09,194.99,190.87,194.76,19236411,4292901366,0.5,0.8387698042870539,000858.SZ
2021-11-29,194.97,195.42,188.92,188.92,23014598,5063790458,0.59,-2.998562333127952,000858.SZ
2021-11-30,193.27,194.85,189.02,191.14,19248621,4256218969,0.5,1.1751005716705398,000858.SZ
2021-12-01,191.18,194.04,190.06,193.04,17530974,3898019542,0.45,0.994035785288272,000858.SZ
2021-12-02,193.69,201.75,193.52,198.85,34030029,7800955259,0.88,3.009738914214677,000858.SZ
2021-12-05,200.19,203.66,198.46,201.32,28878669,6720204454,0.74,1.242142318330397,000858.SZ
2021-12-06,203.66,207.69,202.05,202.79,30890437,7293861939,0.8,0.7301808066759286,000858.SZ
2021-12-07,202.8,211.9,200.43,211.46,39786891,9593919616,1.03,4.275358745500268,000858.SZ
2021-12-08,212.32,220.95,210.31,217.52,47297011,11826016126,1.22,2.865790220372655,000858.SZ
2021-12-09,215.55,217.44,211.89,214.06,33227496,8208024535,0.86,-1.5906583302684796,000858.SZ
2021-12-12,218.39,222.9,215.79,216.64,35535037,9000318795,0.92,1.2052695505932798,000858.SZ
2021-12-13,215.79,219.25,213.37,216.66,22557352,5643907697,0.58,0.009231905465290069,000858.SZ
2021-12-14,215.01,215.71,210.59,211.28,26356782,6461313841,0.68,-2.483153327794696,000858.SZ
2021-12-15,211.72,212.41,205.43,211.02,28971230,6971022371,0.75,-0.12305944717909689,000858.SZ
2021-12-16,209.72,209.72,203.53,203.79,25483452,6040427057,0.66,-3.4262155245948334,000858.SZ
2021-12-19,203.79,207.53,203.79,204.52,18882740,4471963227,0.49,0.35821188478335486,000858.SZ
2021-12-20,204.52,205.82,198.46,200.75,23454247,5446651924,0.6,-1.843340504596136,000858.SZ
2021-12-21,201.49,202.36,199.75,201.16,15199808,3524368526,0.39,0.20423412204233493,000858.SZ
2021-12-22,202.21,207.52,198.46,205.4,28205116,6610688703,0.73,2.1077749055478323,000858.SZ
2021-12-23,205.48,212.59,205.48,209.67,28942925,7012988263,0.75,2.0788704965920113,000858.SZ
2021-12-26,207.04,207.56,201.92,204.7,18405368,4343284678,0.47,-2.370391567701624,000858.SZ
2021-12-27,204.78,207.62,204.09,205.89,14368216,3406736939,0.37,0.5813385442110297,000858.SZ
2021-12-28,205.89,205.89,194.21,195.6,34975896,7998864967,0.9,-4.9978143668949375,000858.SZ
2021-12-29,195.05,197.16,193.7,195.42,26476873,5963128773,0.68,-0.09202453987730008,000858.SZ
2021-12-30,195.43,195.68,191.19,192.96,24043667,5340438229,0.62,-1.2588271415412855,000858.SZ
2022-01-03,192.96,194.02,188.99,193.74,20178673,4460248125,0.52,0.4042288557214002,000858.SZ
2022-01-04,193.1,196.97,191.55,193.91,20562209,4608528413,0.53,0.08774646433362676,000858.SZ
2022-01-05,193.53,195.86,189.04,190.21,19764347,4366330606,0.51,-1.9081016966634001,000858.SZ
2022-01-06,190.2,191.09,187.64,188.63,16868239,3671458253,0.43,-0.8306608485358358,000858.SZ
2022-01-09,186.96,188.6,182.09,186.29,20842313,4477043193,0.54,-1.2405237767057264,000858.SZ
2022-01-10,185.89,187.49,184.63,184.9,13162334,2819944192,0.34,-0.7461484781791761,000858.SZ
2022-01-11,186.33,189.0,185.65,188.85,17894272,3865370481,0.46,2.136289886425091,000858.SZ
2022-01-12,189.79,189.82,180.26,181.04,26762334,5678771184,0.69,-4.135557320624839,000858.SZ
2022-01-13,179.4,182.28,178.96,179.56,13646759,2844403651,0.35,-0.8174988952717621,000858.SZ
2022-01-16,179.2,181.12,176.36,180.99,16936224,3497443782,0.44,0.7963911784361732,000858.SZ
2022-01-17,180.95,185.44,178.79,183.28,18474875,3904185741,0.48,1.2652632742140346,000858.SZ
2022-01-18,185.74,185.74,180.5,182.68,14401864,3039014332,0.37,-0.3273679615888203,000858.SZ
2022-01-19,182.68,185.46,180.56,184.78,19468561,4146262233,0.5,1.149551127654913,000858.SZ
2022-01-20,184.59,189.55,183.05,188.28,23974661,5195067275,0.62,1.8941443879207709,000858.SZ
2022-01-23,187.19,188.86,184.76,186.38,13800857,2968569093,0.36,-1.0091353303590456,000858.SZ
2022-01-24,185.07,186.32,180.26,180.57,15558209,3284058720,0.4,-3.117287262581825,000858.SZ
2022-01-25,180.34,183.52,175.26,178.57,21509539,4439752203,0.55,-1.1076036993963534,000858.SZ
2022-01-26,179.39,183.08,176.07,176.27,20992325,4339832716,0.54,-1.288010304082421,000858.SZ
2022-01-27,176.78,177.92,171.59,171.92,25781484,5160817186,0.66,-2.467805071764917,000858.SZ
2022-02-06,173.32,175.8,168.71,169.53,24808023,4899710426,0.64,-1.3901814797580236,000858.SZ
2022-02-07,169.55,170.14,160.24,164.66,30451687,5740104552,0.78,-2.872647908924675,000858.SZ
2022-02-08,163.79,170.12,163.79,169.84,23742057,4585366336,0.61,3.1458763512692833,000858.SZ
2022-02-09,169.84,170.29,165.62,167.29,16874256,3254038393,0.43,-1.5014130946773507,000858.SZ
2022-02-10,166.82,172.14,165.83,168.36,27374928,5365712651,0.71,0.6396078665790172,000858.SZ
2022-02-13,166.39,172.63,165.96,171.6,19031649,3747901334,0.49,1.9244476122594278,000858.SZ
2022-02-14,172.28,173.64,170.55,173.15,17739048,3537513875,0.46,0.9032634032634101,000858.SZ
2022-02-15,173.17,173.87,171.56,172.81,11908541,2375601897,0.31,-0.19636153624025265,000858.SZ
2022-02-16,173.22,173.46,170.57,171.11,13054643,2583633352,0.34,-0.9837393669347771,000858.SZ
2022-02-17,170.72,172.79,169.38,172.46,11614365,2297554258,0.3,0.7889661621179433,000858.SZ
2022-02-20,173.07,176.76,171.42,172.63,15192567,3044972483,0.39,0.09857358227993718,000858.SZ
2022-02-21,171.43,171.53,166.26,167.6,19367733,3749346933,0.5,-2.9137461623124583,000858.SZ
2022-02-22,167.49,170.36,166.42,170.03,14797343,2875772247,0.38,1.4498806682577525,000858.SZ
2022-02-23,168.12,168.99,162.32,163.52,25960987,4940978924,0.67,-3.82873610539316,000858.SZ
2022-02-24,164.65,167.23,164.65,165.07,13666374,2611874594,0.35,0.9478962818003867,000858.SZ
2022-02-27,165.52,165.96,162.06,164.66,14309281,2700046289,0.37,-0.24837947537408311,000858.SZ
2022-02-28,164.74,168.03,164.71,167.42,20028521,3853590511,0.52,1.676181221911821,000858.SZ
2022-03-01,165.78,165.88,163.27,163.96,15016488,2841554761,0.39,-2.0666587026639482,000858.SZ
2022-03-02,164.46,164.83,157.72,157.79,31288930,5775912552,0.81,-3.763112954379122,000858.SZ
2022-03-03,155.97,157.2,152.42,152.85,31292974,5577557113,0.81,-3.13074339311743,000858.SZ
2022-03-06,151.01,151.01,143.21,143.86,47738912,8036888481,1.23,-5.881583251553801,000858.SZ
2022-03-07,147.32,148.63,143.23,144.08,33350717,5611790679,0.86,0.15292645627693613,000858.SZ
2022-03-08,144.73,145.36,135.89,141.16,39921892,6488949486,1.03,-2.026651860077744,000858.SZ
2022-03-09,145.58,149.27,143.85,149.19,41773972,7087219597,1.08,5.68858033437234,000858.SZ
2022-03-10,146.46,149.54,144.92,148.86,25797110,4378229004,0.66,-0.22119445003014881,000858.SZ
2022-03-13,146.45,146.97,144.09,144.09,18140303,3043660700,0.47,-3.2043530834341083,000858.SZ
2022-03-14,141.26,142.8,135.8,136.19,31294532,5020399485,0.81,-5.482684433340279,000858.SZ
2022-03-15,141.26,143.47,134.45,142.82,34899969,5622615397,0.9,4.868198839856075,000858.SZ
2022-03-16,146.03,148.94,143.86,145.8,34829153,5869489576,0.9,2.0865425010502925,000858.SZ
2022-03-17,144.73,146.53,142.99,145.51,18585704,3107945064,0.48,-0.1989026063100252,000858.SZ
2022-03-20,147.11,147.13,143.0,143.61,17105436,2842223351,0.44,-1.3057521819806017,000858.SZ
2022-03-21,143.6,144.99,142.13,142.39,12290508,2029492693,0.32,-0.8495230137177234,000858.SZ
2022-03-22,142.4,144.98,141.03,143.81,18463877,3049956331,0.48,0.9972610436126184,000858.SZ
2022-03-23,142.47,142.47,139.25,139.84,19808605,3207819881,0.51,-2.7605868854738924,000858.SZ
2022-03-24,141.74,141.76,135.78,136.22,21364110,3393360049,0.55,-2.588672768878719,000858.SZ
2022-03-27,133.72,133.72,130.43,131.03,27446634,4167231496,0.71,-3.8100132139186615,000858.SZ
2022-03-28,130.85,133.26,129.22,129.28,23521130,3552871390,0.61,-1.3355720064107457,000858.SZ
2022-03-29,132.57,136.02,131.0,136.02,32367269,4993851923,0.83,5.21349009900991,000858.SZ
2022-03-30,135.19,135.71,133.89,134.38,20136648,3126382334,0.52,-1.205705043375982,000858.SZ
2022-03-31,134.33,140.59,133.85,138.57,28749478,4581621784,0.74,3.118023515404067,000858.SZ
2022-04-05,136.93,140.62,136.49,138.67,17944305,2866077985,0.46,0.0721656924298042,000858.SZ
2022-04-06,137.79,142.03,137.39,139.05,18557169,2996915190,0.48,0.2740318742338044,000858.SZ
2022-04-07,139.53,141.06,138.23,139.17,16544628,2661592736,0.43,0.08629989212511902,000858.SZ
2022-04-10,136.93,137.52,132.46,133.16,24257721,3752027960,0.62,-4.318459438097289,000858.SZ
2022-04-11,133.68,142.72,133.68,142.02,33416391,5333900918,0.86,6.653649744668089,000858.SZ
2022-04-12,141.09,142.99,139.21,140.67,23885459,3897075048,0.62,-0.9505703422053369,000858.SZ
2022-04-13,142.04,149.93,141.2,148.69,43119146,7300575091,1.11,5.701286699367314,000858.SZ
2022-04-14,147.33,150.79,146.11,147.24,22643958,3871918113,0.58,-0.9751832672002081,000858.SZ
2022-04-17,146.37,146.37,142.31,144.88,18411135,3062759959,0.47,-1.6028253192067465,000858.SZ
2022-04-18,145.59,147.33,142.16,142.99,16499269,2740121569,0.43,-1.3045278851463227,000858.SZ
2022-04-19,143.42,146.46,140.08,143.77,20634107,3422120976,0.53,0.545492691796623,000858.SZ
2022-04-20,142.13,144.32,140.12,140.9,17122910,2807078120,0.44,-1.9962440008346682,000858.SZ
2022-04-21,140.89,144.01,137.78,143.37,20014422,3268498121,0.52,1.7530163236337826,000858.SZ
2022-04-24,140.39,140.93,133.89,134.33,28635086,4556272568,0.74,-6.305363744158465,000858.SZ
2022-04-25,134.33,140.23,133.93,137.36,25453892,4045539333,0.66,2.2556390977443552,000858.SZ
2022-04-26,137.36,141.61,137.36,139.86,23927789,3849331177,0.62,1.820034944670934,000858.SZ
2022-04-27,139.87,144.43,139.14,143.73,25711994,4235742307,0.66,2.767052767052758,000858.SZ
2022-04-28,144.12,144.99,137.67,140.51,44874280,7241581132,1.16,-2.2403116955402536,000858.SZ
2022-05-04,138.66,142.52,137.92,139.99,24480158,3973322638,0.63,-0.37008042132231633,000858.SZ
2022-05-05,136.95,138.36,135.63,136.11,19086139,3007833166,0.49,-2.771626544753192,000858.SZ
2022-05-08,134.33,135.63,132.01,134.14,18623627,2874663797,0.48,-1.4473587539490351,000858.SZ
2022-05-09,130.86,135.63,129.65,134.61,20108042,3092729203,0.52,0.3503801997912781,000858.SZ
2022-05-10,134.61,138.36,134.33,136.5,24390245,3846228733,0.63,1.4040561622464809,000858.SZ
2022-05-11,135.37,138.38,135.28,137.0,17068607,2699983161,0.44,0.366300366300365,000858.SZ
2022-05-12,138.31,138.55,135.24,136.01,15255576,2401106195,0.39,-0.722627737226289,000858.SZ
2022-05-15,137.77,137.78,133.63,134.48,17765146,2767778351,0.46,-1.1249172854937095,000858.SZ
2022-05-16,134.47,135.62,134.01,135.32,13341235,2078095646,0.34,0.6246281975014867,000858.SZ
2022-05-17,135.5,135.62,132.98,133.96,16560504,2560375192,0.43,-1.005025125628134,000858.SZ
2022-05-18,132.48,133.11,131.92,133.04,14878282,2273068154,0.38,-0.6867721707972674,000858.SZ
2022-05-19,133.72,141.24,133.19,140.8,45229675,7222107585,1.17,5.832832230908003,000858.SZ
2022-05-22,140.05,140.55,136.93,138.17,27645321,4410754725,0.71,-1.8678977272727493,000858.SZ
2022-05-23,139.03,139.53,135.44,135.69,18855234,2974172509,0.49,-1.7948903524643511,000858.SZ
2022-05-24,135.58,137.41,134.33,136.45,16395707,2565767960,0.42,0.560100228461935,000858.SZ
2022-05-25,136.06,138.4,134.33,136.25,19431756,3043721248,0.5,-0.14657383657016299,000858.SZ
2022-05-26,138.36,139.96,136.31,136.88,21068308,3356383642,0.54,0.4623853211009221,000858.SZ
2022-05-29,138.67,145.38,138.66,144.01,51093206,8416468104,1.32,5.208942139099948,000858.SZ
2022-05-30,143.86,149.77,143.01,148.54,48654483,8293724659,1.25,3.1456148878550083,000858.SZ
2022-05-31,149.92,150.19,146.48,147.68,21930245,3739434438,0.56,-0.5789686279789819,000858.SZ
2022-06-01,146.48,148.19,146.18,147.11,16522354,2801365549,0.43,-0.3859696641386745,000858.SZ
2022-06-05,147.76,150.35,144.36,149.87,27814175,4762415124,0.72,1.8761471008089226,000858.SZ
2022-06-06,150.01,154.61,149.06,150.9,29507703,5177758449,0.76,0.6872622939881223,000858.SZ
2022-06-07,151.05,155.98,149.94,154.37,32527871,5770812837,0.84,2.299536116633538,000858.SZ
2022-06-08,154.57,155.91,152.34,152.53,20783889,3688662162,0.54,-1.191941439398847,000858.SZ
2022-06-09,151.68,154.69,150.36,153.76,21563045,3804237561,0.56,0.806398741231229,000858.SZ
2022-06-12,151.82,152.87,148.28,149.5,26434591,4580799636,0.68,-2.770551508844943,000858.SZ
2022-06-13,147.5,150.79,147.02,150.62,19733328,3385240808,0.51,0.7491638795986688,000858.SZ
2022-06-14,150.64,155.91,148.88,153.63,32544108,5743255077,0.84,1.9984065861107458,000858.SZ
2022-06-15,154.26,156.86,153.39,153.91,20500586,3668452194,0.53,0.18225606977804176,000858.SZ
2022-06-16,152.96,157.01,152.96,157.01,28620361,5145018832,0.74,2.014164121889417,000858.SZ
2022-06-19,158.38,162.06,155.13,159.02,31195435,5705313089,0.8,1.2801732373734387,000858.SZ
2022-06-20,158.3,160.76,156.38,157.43,21811575,3990195909,0.56,-0.9998742296566498,000858.SZ
2022-06-21,157.72,158.49,154.04,154.32,22352764,4006768455,0.58,-1.9754811662326177,000858.SZ
2022-06-22,154.35,156.77,154.08,156.34,15972518,2867621353,0.41,1.3089683773976235,000858.SZ
2022-06-23,157.29,160.77,155.91,160.32,24518674,4504178661,0.63,2.5457336574133294,000858.SZ
2022-06-26,162.06,169.58,162.06,167.26,36637471,7058190240,0.94,4.328842315369252,000858.SZ
2022-06-27,167.26,173.21,165.7,173.02,31678590,6232395066,0.82,3.4437402845868714,000858.SZ
2022-06-28,173.34,173.47,167.63,168.95,28997090,5625269619,0.75,-2.352329210495907,000858.SZ
2022-06-29,169.11,180.39,169.11,177.68,42521450,8521483468,1.1,5.167209233501047,000858.SZ
2022-06-30,177.82,180.39,174.23,178.63,21936590,4418343886,0.57,0.5346690679873811,000858.SZ
2022-07-03,176.86,178.45,174.4,176.9,22587623,4525333761,0.58,-0.9684823377931973,000858.SZ
2022-07-04,177.44,178.33,172.7,174.76,26296492,5224558250,0.68,-1.2097230073487952,000858.SZ
2022-07-05,174.33,175.65,170.13,171.36,22763312,4459016820,0.59,-1.9455252918287758,000858.SZ
2022-07-06,171.36,171.36,165.84,168.59,26677066,5095578644,0.69,-1.61647992530346,000858.SZ
2022-07-07,170.13,171.41,168.03,169.56,16409671,3167643747,0.42,0.5753603416572828,000858.SZ
2022-07-10,167.2,167.89,163.67,166.64,19257469,3621672903,0.5,-1.72210426987498,000858.SZ
2022-07-11,166.11,169.6,165.02,167.19,16993479,3229606651,0.44,0.3300528084493548,000858.SZ
2022-07-12,166.81,171.39,165.08,169.91,18991870,3656106377,0.49,1.6268915605000211,000858.SZ
2022-07-13,168.22,170.32,166.35,167.3,15107930,2880607578,0.39,-1.5361073509504997,000858.SZ
2022-07-14,167.32,172.04,165.43,167.1,20720892,3979169055,0.53,-0.11954572624029991,000858.SZ
2022-07-17,166.86,167.01,162.08,164.84,17803426,3320023855,0.46,-1.3524835427887405,000858.SZ
2022-07-18,164.55,166.88,164.11,166.22,12021415,2259044880,0.31,0.837175442853666,000858.SZ
2022-07-19,167.89,168.51,165.43,166.4,11249772,2134516123,0.29,0.10829021778366865,000858.SZ
2022-07-20,166.3,167.1,164.18,164.28,11072844,2082697378,0.29,-1.2740384615384626,000858.SZ
2022-07-21,164.99,165.87,162.79,163.59,11698563,2180797972,0.3,-0.4200146092038004,000858.SZ
2022-07-24,164.42,165.87,162.57,165.5,12479902,2336297100,0.32,1.167553028913737,000858.SZ
2022-07-25,166.18,168.95,166.03,168.06,13747445,2627310531,0.35,1.5468277945619446,000858.SZ
2022-07-26,167.23,168.08,165.04,165.51,9749124,1844277553,0.25,-1.5173152445555171,000858.SZ
2022-07-27,165.82,167.63,164.42,164.65,9260926,1744687639,0.24,-0.5196060660987212,000858.SZ
2022-07-28,164.1,164.1,156.45,156.98,34031091,6166191233,0.88,-4.658366231399946,000858.SZ
2022-07-31,157.07,158.38,155.59,157.14,15608201,2791638728,0.4,0.101923811950555,000858.SZ
2022-08-01,155.66,157.21,152.3,154.57,17673794,3114640799,0.46,-1.6354842815323845,000858.SZ
2022-08-02,154.76,157.95,153.37,153.63,15403054,2710918104,0.4,-0.6081387073817668,000858.SZ
2022-08-03,153.64,156.18,153.5,155.55,13368553,2350151180,0.34,1.2497559070494102,000858.SZ
2022-08-04,156.14,157.95,155.05,157.67,12701711,2260873414,0.33,1.3629058180649078,000858.SZ
2022-08-07,156.89,159.73,156.19,156.55,13025113,2331931588,0.34,-0.7103443901820161,000858.SZ
2022-08-08,155.79,156.63,155.06,155.73,8538631,1511033063,0.22,-0.5237943149153712,000858.SZ
2022-08-09,154.5,156.19,152.23,153.11,14354932,2503385133,0.37,-1.6823990239516973,000858.SZ
2022-08-10,153.98,156.55,153.59,156.55,13967051,2468539674,0.36,2.246750702109601,000858.SZ
2022-08-11,156.89,158.09,155.49,157.24,10861895,1936659422,0.28,0.4407537527946426,000858.SZ
2022-08-14,156.3,158.04,154.6,154.87,13844011,2446911673,0.36,-1.5072500635970543,000858.SZ
2022-08-15,154.84,156.01,153.72,154.19,10997543,1929236389,0.28,-0.4390779363336983,000858.SZ
2022-08-16,154.26,155.72,153.13,155.04,12211628,2144649842,0.31,0.5512679162072764,000858.SZ
2022-08-17,153.99,154.16,151.36,152.61,17955216,3110937648,0.46,-1.5673374613003,000858.SZ
2022-08-18,151.79,154.12,151.35,152.81,12603780,2189742325,0.32,0.13105301094291644,000858.SZ
2022-08-21,151.61,152.62,149.82,150.91,15513018,2663565072,0.4,-1.2433741247300567,000858.SZ
2022-08-22,151.08,151.6,147.39,147.83,22924845,3868689013,0.59,-2.0409515605327555,000858.SZ
2022-08-23,147.79,149.15,146.07,147.16,18025460,3021329673,0.46,-0.45322329703038067,000858.SZ
2022-08-24,147.73,149.57,147.15,149.07,17485390,2949656306,0.45,1.297907039956514,000858.SZ
2022-08-25,151.24,152.93,149.2,149.68,24378683,4181288062,0.63,0.4092037297913853,000858.SZ
2022-08-28,147.34,149.19,145.19,145.5,25430564,4218793349,0.66,-2.7926242650988864,000858.SZ
2022-08-29,144.31,144.98,142.72,144.34,18643252,3046737234,0.48,-0.7972508591065242,000858.SZ
2022-08-30,143.34,147.81,142.99,147.12,26733348,4444754516,0.69,1.9260080365802956,000858.SZ
2022-08-31,146.07,146.07,143.69,143.92,15844189,2607493588,0.41,-2.175095160413276,000858.SZ
2022-09-01,144.74,144.74,141.68,142.41,15592424,2524463032,0.4,-1.04919399666481,000858.SZ
2022-09-04,140.79,141.1,138.21,139.93,22432012,3551118312,0.58,-1.7414507408187507,000858.SZ
2022-09-05,139.93,141.98,139.27,141.26,14693767,2346001119,0.38,0.9504752376187975,000858.SZ
2022-09-06,140.79,140.8,139.03,139.86,14150787,2245681618,0.36,-0.9910802775024652,000858.SZ
2022-09-07,140.8,141.98,139.8,139.97,14867178,2377952564,0.38,0.07865007865006657,000858.SZ
2022-09-08,140.01,142.24,139.35,142.07,20318847,3269738015,0.52,1.5003214974637302,000858.SZ
2022-09-12,144.2,145.16,142.28,143.98,22455447,3676000837,0.58,1.3444076863518006,000858.SZ
2022-09-13,142.55,143.63,141.65,142.9,14343803,2325532850,0.37,-0.7501041811362574,000858.SZ
2022-09-14,143.14,146.51,142.64,144.66,24493222,4041538789,0.63,1.2316305108467374,000858.SZ
2022-09-15,144.31,145.0,141.48,141.74,17805222,2882822678,0.46,-2.0185261993640125,000858.SZ
2022-09-18,141.45,145.3,140.37,143.45,17237096,2810086975,0.44,1.206434316353877,000858.SZ
2022-09-19,144.31,146.03,142.7,145.88,18488126,3048376406,0.48,1.6939700243987499,000858.SZ
2022-09-20,145.36,145.87,143.69,143.82,12764774,2093973068,0.33,-1.4121195503153272,000858.SZ
2022-09-21,142.55,142.8,139.51,139.82,18211404,2916788948,0.47,-2.781254345709916,000858.SZ
2022-09-22,139.03,141.33,138.94,140.02,12025892,1916778416,0.31,0.14304105278215573,000858.SZ
2022-09-25,139.03,144.3,138.83,142.65,21041611,3411760443,0.54,1.8783030995572103,000858.SZ
2022-09-26,144.25,150.82,142.54,150.32,35443991,5929460447,0.91,5.3767963547143305,000858.SZ
2022-09-27,150.07,151.82,149.15,149.24,24431050,4176068020,0.63,-0.7184672698243633,000858.SZ
2022-09-28,151.78,151.81,147.43,148.28,17564712,2971843109,0.45,-0.6432591798445464,000858.SZ
2022-09-29,149.49,151.35,148.59,148.91,16701001,2843915545,0.43,0.42487186404100985,000858.SZ
2022-10-09,149.15,149.68,139.64,139.82,25650912,4179453268,0.66,-6.104358337250693,000858.SZ
2022-10-10,139.83,140.8,136.3,139.55,16389813,2587296299,0.42,-0.19310542125589025,000858.SZ
2022-10-11,139.29,139.29,133.75,137.8,24238545,3740666460,0.62,-1.254030813328555,000858.SZ
2022-10-12,136.38,136.99,134.2,135.13,19140141,2950015936,0.49,-1.9375907111756296,000858.SZ
2022-10-13,136.02,141.05,136.01,140.01,22872293,3619001261,0.59,3.6113372308147706,000858.SZ
2022-10-16,138.75,139.47,136.64,138.72,14670055,2301214745,0.38,-0.9213627598028684,000858.SZ
2022-10-17,139.63,141.65,139.05,139.64,13968916,2225727909,0.36,0.6632064590541997,000858.SZ
2022-10-18,139.48,139.48,135.51,135.95,17392932,2703461176,0.45,-2.642509309653396,000858.SZ
2022-10-19,134.19,137.97,133.75,135.64,16120045,2484510764,0.42,-0.2280250091945546,000858.SZ
2022-10-20,135.51,135.62,133.31,133.88,16321002,2488390106,0.42,-1.2975523444411663,000858.SZ
2022-10-23,132.0,132.35,125.17,126.03,34403887,5003671163,0.89,-5.863459814759486,000858.SZ
2022-10-24,123.85,127.83,123.64,125.06,20962963,2986369243,0.54,-0.7696580179322399,000858.SZ
2022-10-25,125.74,128.38,124.95,126.18,17959323,2580590731,0.46,0.8955701263393623,000858.SZ
2022-10-26,127.57,127.65,120.18,120.64,36965491,5154612980,0.95,-4.39055317799969,000858.SZ
2022-10-27,121.04,123.16,119.82,120.99,25586220,3534562740,0.66,0.2901193633952248,000858.SZ
2022-10-30,118.97,120.02,116.44,117.47,22591665,3030064410,0.58,-2.9093313496983186,000858.SZ
2022-10-31,119.27,125.46,117.39,125.46,39155069,5440179980,1.01,6.80173661360346,000858.SZ
2022-11-01,124.95,128.8,123.24,126.38,31867439,4565035334,0.82,0.733301450661572,000858.SZ
2022-11-02,124.08,124.51,122.94,124.0,19281931,2710951378,0.5,-1.8832093685709705,000858.SZ
2022-11-03,123.63,133.75,123.5,131.99,47898344,7099560990,1.23,6.443548387096776,000858.SZ
2022-11-06,131.11,134.37,129.95,132.99,22869078,3435765568,0.59,0.7576331540268155,000858.SZ
2022-11-07,132.88,133.99,128.57,129.78,23567786,3491479586,0.61,-2.413715316941134,000858.SZ
2022-11-08,129.53,131.15,127.66,127.94,15124223,2208052554,0.39,-1.4177839420557947,000858.SZ
2022-11-09,127.14,128.96,126.45,128.26,17674813,2568169859,0.46,0.25011724245740385,000858.SZ
2022-11-10,133.3,133.31,128.95,132.01,36853384,5514689559,0.95,2.923748635583978,000858.SZ
2022-11-13,132.87,136.75,131.9,132.25,28195258,4287401008,0.73,0.18180440875692483,000858.SZ
2022-11-14,132.25,136.39,130.6,135.64,27656711,4223081945,0.71,2.563327032136087,000858.SZ
2022-11-15,135.64,137.71,134.7,135.69,18259366,2827414143,0.47,0.03686228251253976,000858.SZ
2022-11-16,135.07,137.08,132.87,134.28,16558118,2529048877,0.43,-1.0391333185938545,000858.SZ
2022-11-17,134.63,136.65,134.37,135.17,14585598,2246335618,0.38,0.6627941614536725,000858.SZ
2022-11-20,132.43,132.84,130.23,131.05,21762482,3243860975,0.56,-3.0480136124879653,000858.SZ
2022-11-21,131.04,134.54,130.94,132.19,14376998,2162414726,0.37,0.869896985883245,000858.SZ
2022-11-22,132.19,133.31,131.02,131.79,11346208,1702094213,0.29,-0.3025947499810888,000858.SZ
2022-11-23,132.87,133.3,129.35,130.06,15085804,2238041526,0.39,-1.3126944381212424,000858.SZ
2022-11-24,130.17,131.05,128.82,129.68,10676624,1575517167,0.28,-0.2921728433030846,000858.SZ
2022-11-27,127.44,130.24,124.99,129.92,19013147,2750115838,0.49,0.18507094386179812,000858.SZ
2022-11-28,131.92,136.52,131.9,136.43,41040650,6284033998,1.06,5.010775862068972,000858.SZ
2022-11-29,136.21,140.76,135.51,138.03,25228605,3961994532,0.65,1.1727625888734217,000858.SZ
2022-11-30,145.19,149.58,144.19,144.83,44092117,7325021108,1.14,4.926465261175106,000858.SZ
2022-12-01,145.01,146.84,142.78,143.48,21047820,3461949872,0.54,-0.9321273216875148,000858.SZ
2022-12-04,148.6,149.57,145.79,148.28,29795799,5007534615,0.77,3.345413994981894,000858.SZ
2022-12-05,147.8,156.82,147.04,154.34,43369522,7576837371,1.12,4.08686269220393,000858.SZ
2022-12-06,154.35,156.45,152.24,152.83,31128834,5443269231,0.8,-0.9783594661137651,000858.SZ
2022-12-07,152.23,154.47,151.36,153.78,15644818,2723693946,0.4,0.6216057056860569,000858.SZ
2022-12-08,153.66,161.44,153.21,161.26,41957765,7550074236,1.08,4.864091559370531,000858.SZ
2022-12-11,160.15,161.36,156.55,156.94,29905954,5387580973,0.77,-2.6789036338831673,000858.SZ
2022-12-12,156.63,159.18,154.89,157.92,19276219,3447321253,0.5,0.6244424620874156,000858.SZ
2022-12-13,157.9,163.02,156.94,161.98,28698912,5255273237,0.74,2.5709219858156107,000858.SZ
2022-12-14,162.08,163.49,159.07,160.11,19934421,3643457579,0.51,-1.1544635140140591,000858.SZ
2022-12-15,158.58,161.1,157.21,160.6,18642633,3377432022,0.48,0.30603959777650847,000858.SZ
2022-12-18,161.47,162.53,157.51,158.34,19418435,3512784488,0.5,-1.4072229140722259,000858.SZ
2022-12-19,158.33,158.83,149.48,151.8,34345756,5965655880,0.88,-4.130352406214466,000858.SZ
2022-12-20,153.99,154.58,152.71,153.54,15385319,2687724560,0.4,1.146245059288531,000858.SZ
2022-12-21,154.89,159.75,153.7,157.95,24442393,4381920906,0.63,2.8722157092614387,000858.SZ
2022-12-22,155.75,161.03,155.22,158.64,19861964,3587724307,0.51,0.4368471035137711,000858.SZ
2022-12-25,158.64,159.44,156.24,157.16,17829834,3198529055,0.46,-0.9329299041855754,000858.SZ
2022-12-26,158.39,160.59,157.64,159.31,15227535,2758777142,0.39,1.368032578264189,000858.SZ
2022-12-27,159.26,159.26,156.52,158.55,13937786,2503523214,0.36,-0.47705730964785475,000858.SZ
2022-12-28,157.51,158.39,155.52,157.29,16850491,3003533017,0.43,-0.7947019867549754,000858.SZ
2022-12-29,158.19,159.43,157.51,158.99,14976495,2702577295,0.39,1.0808061542374015,000858.SZ
2023-01-02,159.27,159.98,155.32,156.8,18206204,3240728572,0.47,-1.3774451223347417,000858.SZ
2023-01-03,156.63,158.83,155.13,157.17,12883584,2299619966,0.33,0.23596938775509724,000858.SZ
2023-01-04,159.71,166.76,158.74,166.31,40279056,7535626606,1.04,5.815359165235101,000858.SZ
2023-01-05,168.16,168.16,165.23,167.59,23338295,4428033739,0.6,0.7696470446756143,000858.SZ
2023-01-08,169.34,173.25,167.33,172.36,27557314,5362756421,0.71,2.8462318754102434,000858.SZ
2023-01-09,172.29,173.09,171.24,171.8,20275236,3965377701,0.52,-0.32490136922720403,000858.SZ
2023-01-10,171.62,172.46,169.47,170.79,16999458,3304975110,0.44,-0.5878928987194554,000858.SZ
2023-01-11,171.59,172.26,168.96,170.17,13822699,2675310869,0.36,-0.36301891211429904,000858.SZ
2023-01-12,170.17,175.47,170.13,174.74,24506446,4833945958,0.63,2.6855497443732945,000858.SZ
2023-01-15,175.99,184.14,175.99,181.72,36352479,7493040737,0.94,3.9945061233833012,000858.SZ
2023-01-16,182.15,182.83,177.4,178.5,21507890,4383014177,0.55,-1.7719568567026167,000858.SZ
2023-01-17,180.32,186.36,179.79,181.09,27241217,5639270862,0.7,1.4509803921568754,000858.SZ
2023-01-18,181.66,181.71,178.05,180.65,18119892,3710296048,0.47,-0.24297310729471944,000858.SZ
2023-01-19,182.93,186.55,182.23,183.66,27348025,5738958670,0.7,1.6662053694990187,000858.SZ
2023-01-29,192.34,193.49,188.55,191.47,32180876,7001555735,0.83,4.252422955461177,000858.SZ
2023-01-30,190.94,191.62,183.82,183.91,25724708,5456751654,0.66,-3.9483992270329615,000858.SZ
2023-01-31,183.47,185.31,179.29,184.84,25655223,5334911717,0.66,0.5056821271274048,000858.SZ
2023-02-01,186.27,188.75,184.92,186.99,18327161,3899833436,0.47,1.163168145423077,000858.SZ
2023-02-02,184.79,186.55,181.27,184.79,19935209,4156921814,0.51,-1.1765335044654934,000858.SZ
2023-02-05,175.57,179.97,173.59,177.48,33407544,6710340318,0.86,-3.955841766329349,000858.SZ
2023-02-06,177.48,180.65,177.31,178.78,15811588,3216023678,0.41,0.7324768988055119,000858.SZ
2023-02-07,178.78,179.51,174.42,175.59,16905733,3384827004,0.44,-1.784315919006596,000858.SZ
2023-02-08,175.69,182.8,175.59,182.49,24493992,5026717804,0.63,3.9296087476507813,000858.SZ
2023-02-09,182.49,182.57,178.73,180.12,14032129,2872338309,0.36,-1.2987012987012991,000858.SZ
2023-02-12,178.63,189.1,178.62,186.9,28908783,6110099289,0.74,3.764157228514331,000858.SZ
2023-02-13,186.9,188.09,183.55,184.12,18490190,3886700986,0.48,-1.4874264312466523,000858.SZ
2023-02-14,186.18,188.21,184.35,185.67,16925791,3584495859,0.44,0.841842276776017,000858.SZ
2023-02-15,184.21,188.9,182.85,185.48,21337960,4522470620,0.55,-0.10233209457639614,000858.SZ
2023-02-16,184.3,188.7,183.03,183.16,18446776,3901124993,0.48,-1.2508087125296496,000858.SZ
2023-02-19,183.2,188.13,180.83,187.38,19166754,4024080432,0.49,2.303996505787298,000858.SZ
2023-02-20,186.99,187.09,183.47,184.86,13939573,2922693859,0.36,-1.3448607108549337,000858.SZ
2023-02-21,183.42,185.26,181.71,182.59,14100545,2931801636,0.36,-1.227956291247434,000858.SZ
2023-02-22,181.71,183.22,179.24,180.47,14580801,2993988118,0.38,-1.161071252532997,000858.SZ
2023-02-23,180.45,180.45,175.83,176.95,20395718,4104764614,0.53,-1.9504626807779757,000858.SZ
2023-02-26,175.16,181.47,174.97,180.22,17299557,3517673755,0.45,1.8479796552698602,000858.SZ
2023-02-27,182.15,183.08,177.82,179.88,11480142,2342737529,0.3,-0.18865830651426663,000858.SZ
2023-02-28,179.66,183.77,178.54,182.48,15446575,3196937763,0.4,1.4454080498109922,000858.SZ
2023-03-01,181.35,182.68,180.7,181.48,7447671,1537653714,0.19,-0.5480052608505037,000858.SZ
2023-03-02,183.03,184.31,179.07,181.05,9283668,1912804916,0.24,-0.2369407097200682,000858.SZ
2023-03-05,180.39,181.71,178.26,180.02,11140226,2277420061,0.29,-0.5689036177851436,000858.SZ
2023-03-06,179.81,179.81,176.08,176.38,12527207,2532351683,0.32,-2.0219975558271375,000858.SZ
2023-03-07,175.11,177.31,174.23,175.37,10219130,2035672770,0.26,-0.5726272820047562,000858.SZ
2023-03-08,175.11,175.72,170.62,174.23,16850486,3323035487,0.43,-0.650054171180936,000858.SZ
2023-03-09,172.65,175.62,171.74,171.8,11095657,2181297329,0.29,-1.3947081444068088,000858.SZ
2023-03-12,171.59,176.23,171.59,174.75,12647223,2510450830,0.33,1.7171129220023174,000858.SZ
2023-03-13,174.84,174.86,170.44,171.83,10284259,2013558949,0.26,-1.6709585121602255,000858.SZ
2023-03-14,174.23,175.4,169.21,169.23,12988009,2527648821,0.33,-1.5131234359541557,000858.SZ
2023-03-15,168.07,170.88,166.6,168.24,12054371,2309099790,0.31,-0.5850026591029844,000858.SZ
2023-03-16,170.57,170.92,165.43,165.87,15607045,2970579105,0.4,-1.408701854493588,000858.SZ
2023-03-19,167.19,167.71,162.79,163.58,15464264,2889012995,0.4,-1.380599264484228,000858.SZ
2023-03-20,164.9,169.92,162.98,169.16,18789280,3583069187,0.48,3.411174960264085,000858.SZ
2023-03-21,169.17,172.54,168.44,168.74,10853212,2097093753,0.28,-0.24828564672498832,000858.SZ
2023-03-22,167.98,172.46,167.24,171.22,13284214,2578838699,0.34,1.4697167239539954,000858.SZ
2023-03-23,170.71,172.42,168.51,169.84,10253022,1984030938,0.26,-0.805980609741852,000858.SZ
2023-03-26,169.66,169.69,166.31,167.55,11879852,2258153855,0.31,-1.3483278379651353,000858.SZ
2023-03-27,167.53,170.63,167.37,169.39,10918609,2099319285,0.28,1.098179647866293,000858.SZ
2023-03-28,170.71,172.47,168.59,171.83,15953932,3103306614,0.41,1.4404628372395312,000858.SZ
2023-03-29,171.83,175.07,170.86,174.57,15148689,2983220918,0.39,1.5945993132747471,000858.SZ
2023-03-30,176.87,177.75,173.35,173.35,12758987,2541477089,0.33,-0.6988600561379399,000858.SZ
2023-04-02,173.33,173.35,169.9,171.75,13366024,2604697434,0.34,-0.9229881742140122,000858.SZ
2023-04-03,172.03,173.05,169.78,172.6,14247340,2772976031,0.37,0.49490538573506715,000858.SZ
2023-04-05,171.59,171.59,166.37,167.66,15107492,2889971045,0.39,-2.8621089223638485,000858.SZ
2023-04-06,167.01,168.8,165.02,166.36,11303817,2139054072,0.29,-0.7753787426935332,000858.SZ
2023-04-09,162.79,162.8,156.8,162.48,33973209,6169351676,0.88,-2.332291416205834,000858.SZ
2023-04-10,161.88,162.04,158.4,158.85,19119446,3472021583,0.49,-2.234121122599697,000858.SZ
2023-04-11,159.27,159.36,154.47,154.71,27283391,4827573322,0.7,-2.60623229461755,000858.SZ
2023-04-12,154.87,158.3,154.47,156.52,21080214,3748131434,0.54,1.1699308383427143,000858.SZ
2023-04-13,156.82,157.07,154.01,154.51,14465308,2549260307,0.37,-1.2841809353437372,000858.SZ
2023-04-16,155.56,158.32,155.3,156.79,18555289,3301205327,0.48,1.4756326451362378,000858.SZ
2023-04-17,157.51,158.54,156.26,156.91,14406696,2574306113,0.37,0.07653549333503928,000858.SZ
2023-04-18,157.22,157.47,154.43,155.12,12617246,2225609751,0.33,-1.1407813396214328,000858.SZ
2023-04-19,155.17,155.73,151.79,152.67,14800856,2578285584,0.38,-1.5794223826714915,000858.SZ
2023-04-20,153.11,154.25,151.17,151.35,12091951,2096658342,0.31,-0.8646099430143384,000858.SZ
2023-04-23,151.44,152.14,147.39,147.83,17609069,2970098989,0.45,-2.3257350512058017,000858.SZ
2023-04-24,147.83,149.48,145.76,149.41,15489726,2602607466,0.4,1.0687952377731014,000858.SZ
2023-04-25,148.8,150.63,147.46,148.37,14812682,2500348755,0.38,-0.6960712134395197,000858.SZ
2023-04-26,148.36,149.85,146.42,148.86,15039314,2530897181,0.39,0.3302554424748916,000858.SZ
2023-04-27,150.7,151.3,147.72,148.71,17938564,3038219040,0.46,-0.10076582023378355,000858.SZ
2023-05-03,151.79,152.18,147.34,148.66,26587793,4516684022,0.68,-0.03362248671912038,000858.SZ
2023-05-04,148.66,153.2,148.05,152.85,25172690,4324694285,0.65,2.818512040898691,000858.SZ
2023-05-07,153.55,154.43,150.28,150.82,17753373,3055844963,0.46,-1.3280994438992444,000858.SZ
2023-05-08,150.32,156.19,149.59,153.79,22292312,3891367974,0.57,1.969234849489454,000858.SZ
2023-05-09,152.05,153.55,150.99,152.51,11890994,2057577183,0.31,-0.8323037908836706,000858.SZ
2023-05-10,153.09,155.3,151.53,151.85,12289631,2138045981,0.32,-0.4327585076388418,000858.SZ
2023-05-11,151.52,153.55,149.03,149.03,12959157,2218100021,0.33,-1.857095818241683,000858.SZ
2023-05-14,148.05,151.78,147.85,151.74,13079986,2232478635,0.34,1.8184258203046477,000858.SZ
2023-05-15,151.61,151.66,149.41,150.02,9936468,1694257812,0.26,-1.1335178594965023,000858.SZ
2023-05-16,149.59,150.38,148.49,149.01,8602150,1458848098,0.22,-0.6732435675243398,000858.SZ
2023-05-17,149.14,150.21,147.83,148.41,8780386,1484050324,0.23,-0.4026575397624299,000858.SZ
2023-05-18,147.91,150.7,146.73,150.29,12074586,2048104075,0.31,1.2667609999326146,000858.SZ
2023-05-21,150.37,157.56,148.78,156.28,30244522,5326580958,0.78,3.985627786279866,000858.SZ
2023-05-22,156.45,157.07,153.11,153.11,13672431,2402618291,0.35,-2.0284105451753187,000858.SZ
2023-05-23,152.69,153.09,149.9,149.9,13355066,2297763605,0.34,-2.0965319051662212,000858.SZ
2023-05-24,149.08,149.31,147.34,148.0,14392525,2421836659,0.37,-1.2675116744496395,000858.SZ
2023-05-25,148.0,151.25,147.83,149.68,12287480,2088300565,0.32,1.1351351351351457,000858.SZ
2023-05-28,150.42,151.22,147.46,148.06,12976880,2191774954,0.33,-1.0823089257081753,000858.SZ
2023-05-29,147.83,149.1,143.87,145.34,18360334,3039522846,0.47,-1.8370930703768718,000858.SZ
2023-05-30,145.19,145.3,140.81,141.83,21344841,3448000885,0.55,-2.415026833631484,000858.SZ
2023-05-31,142.98,146.6,141.84,143.71,16901644,2774057591,0.44,1.3255305647606352,000858.SZ
2023-06-01,145.19,148.18,143.72,147.74,19208397,3199284099,0.49,2.80425857629949,000858.SZ
2023-06-04,147.19,147.55,144.86,145.36,11344697,1879812886,0.29,-1.6109381345607132,000858.SZ
2023-06-05,146.33,148.21,144.77,145.73,13536764,2256103842,0.35,0.2545404512933169,000858.SZ
2023-06-06,146.2,146.99,144.31,144.31,9532561,1574392183,0.25,-0.9744047210594853,000858.SZ
2023-06-07,144.49,146.13,143.45,145.03,9157282,1504742545,0.24,0.49892592335942787,000858.SZ
2023-06-08,145.14,146.05,144.13,144.83,11963517,1970427702,0.31,-0.1379025029304204,000858.SZ
2023-06-11,144.33,151.35,143.38,149.95,24183801,4073838204,0.62,3.535179175585146,000858.SZ
2023-06-12,149.59,153.02,149.07,152.3,18293646,3156768739,0.47,1.567189063021024,000858.SZ
2023-06-13,153.81,157.82,151.93,156.35,24101542,4279986457,0.62,2.6592252133946115,000858.SZ
2023-06-14,157.69,160.87,156.63,160.15,24045009,4346343723,0.62,2.4304445155100884,000858.SZ
2023-06-15,160.68,163.32,159.71,161.98,21631380,3975777954,0.56,1.1426787386824788,000858.SZ
2023-06-18,161.03,161.65,155.31,156.22,24234172,4330534593,0.62,-3.5559945672305138,000858.SZ
2023-06-19,155.75,156.98,152.76,153.12,17868934,3129124755,0.46,-1.9843810011522134,000858.SZ
2023-06-20,153.1,153.89,150.64,150.82,13948450,2409049470,0.36,-1.5020898641588398,000858.SZ
2023-06-25,149.15,149.49,145.19,146.65,21934031,3652673794,0.57,-2.7648852937276147,000858.SZ
2023-06-26,147.81,149.91,146.04,149.57,20067906,3307807251,0.52,1.9911353562904743,000858.SZ
2023-06-27,148.77,151.8,148.0,150.06,11942640,1990481708,0.31,0.32760580330279954,000858.SZ
2023-06-28,149.46,149.91,147.0,147.49,11772352,1934965472,0.3,-1.7126482740237203,000858.SZ
2023-06-29,148.29,148.65,146.58,147.27,10337054,1695951752,0.27,-0.1491626550952585,000858.SZ
2023-07-02,147.0,150.8,146.62,150.68,17337306,2875749982,0.45,2.3154749779316974,000858.SZ
2023-07-03,150.36,151.71,149.05,151.46,12595742,2107039768,0.32,0.5176533050172516,000858.SZ
2023-07-04,150.83,150.9,148.56,148.9,11541608,1911856439,0.3,-1.6902152383467595,000858.SZ
2023-07-05,148.83,150.19,147.52,147.93,10144977,1672166188,0.26,-0.6514439220953627,000858.SZ
2023-07-06,147.83,148.56,147.05,147.35,7896985,1294178678,0.2,-0.39207733387414123,000858.SZ
2023-07-09,148.54,149.91,147.85,148.2,9671525,1597774605,0.25,0.576857821513399,000858.SZ
2023-07-10,148.96,149.24,147.55,148.68,7020562,1156564822,0.18,0.32388663967612974,000858.SZ
2023-07-11,148.74,150.05,148.56,148.97,11884029,1970009880,0.31,0.19504977132094314,000858.SZ
2023-07-12,151.15,155.76,150.04,155.45,32351360,5531880616,0.83,4.349869101161308,000858.SZ
2023-07-13,156.3,156.96,153.77,154.85,15072288,2594877559,0.39,-0.3859761981344412,000858.SZ
2023-07-16,153.51,153.94,151.4,152.75,9325675,1575729874,0.24,-1.3561511139812632,000858.SZ
2023-07-17,152.79,153.27,151.26,151.62,8195902,1381227321,0.21,-0.7397708674304337,000858.SZ
2023-07-18,151.1,151.94,150.19,151.55,7685551,1288284983,0.2,-0.04616805170821747,000858.SZ
2023-07-19,152.16,154.21,151.33,151.76,12750198,2163844782,0.33,0.13856812933024099,000858.SZ
2023-07-20,152.95,156.66,151.15,154.2,19538688,3356305157,0.5,1.6078017923036425,000858.SZ
2023-07-23,152.28,153.06,151.17,152.48,13171639,2222174196,0.34,-1.1154345006485045,000858.SZ
2023-07-24,158.46,162.67,157.71,161.61,44063194,7867658288,1.14,5.987670514165799,000858.SZ
2023-07-25,161.61,162.68,159.23,160.08,17402543,3104017698,0.45,-0.9467235938370178,000858.SZ
2023-07-26,161.14,162.83,159.23,160.68,18798706,3367125650,0.48,0.37481259370315545,000858.SZ
2023-07-27,159.63,164.01,159.03,163.13,31969316,5753479230,0.82,1.524769728653208,000858.SZ
2023-07-30,168.01,169.78,162.95,162.96,31559353,5816020903,0.81,-0.10421136516887142,000858.SZ
2023-07-31,163.58,165.8,160.71,161.96,19571803,3543719056,0.5,-0.6136475208640135,000858.SZ
2023-08-01,161.16,162.95,159.54,160.24,15508019,2770075424,0.4,-1.061990614966657,000858.SZ
2023-08-02,159.4,162.03,157.68,160.8,15264598,2712382851,0.39,0.3494757863205189,000858.SZ
2023-08-03,163.31,164.31,160.89,161.42,14347761,2585669217,0.37,0.38557213930345835,000858.SZ
2023-08-06,160.53,161.42,158.82,159.64,15692962,2784302714,0.4,-1.1027134184115939,000858.SZ
2023-08-07,158.62,160.32,157.72,159.25,11614322,2050696313,0.3,-0.24429967426708998,000858.SZ
2023-08-08,159.78,160.15,158.55,159.52,8679551,1536212479,0.22,0.1695447409733264,000858.SZ
2023-08-09,159.25,159.36,157.26,158.74,10423785,1833070604,0.27,-0.4889669007021036,000858.SZ
2023-08-10,159.78,159.86,155.1,155.18,14888627,2590746331,0.38,-2.242660955020792,000858.SZ
2023-08-13,153.06,153.36,149.46,151.82,21094514,3548868735,0.54,-2.1652274777677616,000858.SZ
2023-08-14,151.81,152.07,149.18,149.91,16814467,2803400143,0.43,-1.2580687656435274,000858.SZ
2023-08-15,149.71,150.72,148.74,150.09,11627666,1937166439,0.3,0.12007204322594944,000858.SZ
2023-08-16,149.37,151.81,148.11,151.66,16693182,2790070935,0.43,1.0460390432407207,000858.SZ
2023-08-17,151.64,151.87,147.21,147.23,27947953,4605753431,0.72,-2.921007516813934,000858.SZ
2023-08-20,146.02,147.98,145.3,145.83,16450664,2676283338,0.42,-0.9508931603613213,000858.SZ
2023-08-21,146.42,147.21,144.49,145.99,15692086,2538910286,0.4,0.10971679352671515,000858.SZ
2023-08-22,145.9,145.98,144.06,144.07,14683900,2360128006,0.38,-1.315158572504982,000858.SZ
2023-08-23,144.13,147.21,143.34,146.09,17589545,2842412944,0.45,1.4020962032345485,000858.SZ
2023-08-24,144.97,146.55,144.55,145.45,11630171,1877818205,0.3,-0.4380861113012613,000858.SZ
2023-08-27,151.27,152.15,141.36,141.8,54577070,8739965733,1.41,-2.509453420419372,000858.SZ
2023-08-28,140.45,144.15,139.85,143.52,23873176,3780207169,0.62,1.2129760225670028,000858.SZ
2023-08-29,143.52,144.16,141.9,142.09,22598663,3580879500,0.58,-0.9963768115942129,000858.SZ
2023-08-30,142.09,142.1,140.3,140.37,22001837,3443917303,0.57,-1.2105003870786168,000858.SZ
2023-08-31,141.36,144.02,141.36,143.82,23238672,3701951294,0.6,2.457790126095305,000858.SZ
2023-09-03,145.5,151.26,145.5,151.2,46496459,7710567732,1.2,5.1314142678347885,000858.SZ
2023-09-04,151.08,151.47,148.77,149.21,19055024,3170571173,0.49,-1.316137566137554,000858.SZ
2023-09-05,148.61,149.86,147.66,149.18,13049265,2155900998,0.34,-0.020105891026067635,000858.SZ
2023-09-06,148.56,148.71,146.67,146.85,11886106,1947052986,0.31,-1.5618715645528969,000858.SZ
2023-09-07,146.09,146.49,144.51,145.78,10497211,1695834401,0.27,-0.7286346612189298,000858.SZ
2023-09-10,144.96,148.84,144.19,147.97,16068274,2625927003,0.41,1.50226368500479,000858.SZ
2023-09-11,147.12,147.71,146.41,146.74,8942828,1459902261,0.23,-0.831249577617077,000858.SZ
2023-09-12,147.66,148.91,146.26,147.34,13114721,2150208870,0.34,0.4088864658579716,000858.SZ
2023-09-13,147.34,147.86,144.98,145.86,13047323,2115828262,0.34,-1.0044794353196607,000858.SZ
2023-09-14,145.92,146.79,143.43,143.8,17755546,2846912333,0.46,-1.4123131770190644,000858.SZ
2023-09-17,143.16,146.77,142.26,146.58,16298317,2634257628,0.42,1.9332406119610512,000858.SZ
2023-09-18,145.87,146.04,143.61,144.88,11367416,1824120706,0.29,-1.1597762314094817,000858.SZ
2023-09-19,144.24,144.96,143.79,143.91,8712360,1394723511,0.22,-0.6695196024295913,000858.SZ
2023-09-20,143.16,143.61,141.82,141.95,12945475,2046008259,0.33,-1.361962337572098,000858.SZ
2023-09-21,141.36,144.34,141.09,143.98,15431992,2451918127,0.4,1.4300810144417087,000858.SZ
2023-09-24,143.84,143.95,142.8,143.07,10536495,1676603466,0.27,-0.6320322266981537,000858.SZ
2023-09-25,143.05,143.58,141.04,141.04,12501574,1969171205,0.32,-1.4188858600684973,000858.SZ
2023-09-26,141.05,142.84,140.45,140.99,13281201,2083949327,0.34,-0.03545093590469062,000858.SZ
2023-09-27,140.99,141.7,140.17,140.54,12385723,1933102453,0.32,-0.3191715724519595,000858.SZ
2023-10-08,140.54,140.54,136.67,138.9,15357335,2365643872,0.4,-1.166927565106013,000858.SZ
2023-10-09,140.0,140.98,137.81,138.12,12717530,1965311404,0.33,-0.5615550755939558,000858.SZ
2023-10-10,139.17,139.76,138.08,138.38,9912197,1526531427,0.26,0.18824210831160926,000858.SZ
2023-10-11,139.78,140.45,138.84,140.21,13797215,2144168262,0.36,1.3224454400925012,000858.SZ
2023-10-12,139.1,139.1,136.86,138.32,14293386,2189951711,0.37,-1.3479780329505808,000858.SZ
2023-10-15,137.83,138.11,134.79,135.18,15236613,2299307440,0.39,-2.2700983227298965,000858.SZ
2023-10-16,135.18,136.17,133.76,135.42,10720176,1610282340,0.28,0.1775410563692681,000858.SZ
2023-10-17,135.03,136.24,134.31,134.37,10110520,1516335019,0.26,-0.7753655294638784,000858.SZ
2023-10-18,133.25,133.25,129.61,129.88,21738492,3161472147,0.56,-3.3415196844533868,000858.SZ
2023-10-19,128.75,131.39,128.36,129.38,13316438,1920618082,0.34,-0.3849707422235893,000858.SZ
2023-10-22,129.33,131.28,128.21,129.43,12029229,1727517066,0.31,0.03864584943578109,000858.SZ
2023-10-23,129.43,130.54,127.58,129.7,16707389,2395874813,0.43,0.20860696901798814,000858.SZ
2023-10-24,132.31,135.95,132.31,134.46,25442154,3792234580,0.66,3.6700077101002426,000858.SZ
2023-10-25,133.25,136.13,133.07,136.0,14617728,2187779863,0.38,1.145322028856155,000858.SZ
2023-10-26,135.57,138.25,135.2,137.74,17065390,2603681374,0.44,1.2794117647058956,000858.SZ
2023-10-29,140.41,142.58,139.55,141.0,27403019,4289723343,0.71,2.3667779875127026,000858.SZ
2023-10-30,141.81,141.94,139.57,140.45,14497863,2261223857,0.37,-0.39007092198581894,000858.SZ
2023-10-31,149.46,150.61,144.06,144.06,46934602,7622902568,1.21,2.5703097187611323,000858.SZ
2023-11-01,144.13,144.92,142.01,142.17,16513168,2623333602,0.43,-1.3119533527696903,000858.SZ
2023-11-02,142.17,144.06,141.95,143.76,13814386,2200311516,0.36,1.1183794049377527,000858.SZ
2023-11-05,144.66,144.84,142.71,143.91,13751203,2192590029,0.35,0.10434056761268184,000858.SZ
2023-11-06,143.43,143.97,142.26,143.43,10730364,1705482356,0.28,-0.33354179695642694,000858.SZ
2023-11-07,142.71,143.86,141.87,142.82,12646303,2003995988,0.33,-0.4252945687791998,000858.SZ
2023-11-08,142.26,143.61,142.26,142.75,9198879,1458982552,0.24,-0.04901274331325922,000858.SZ
2023-11-09,141.81,142.51,140.9,141.27,8963080,1407108917,0.23,-1.036777583187387,000858.SZ
2023-11-12,141.26,141.51,138.71,139.45,12557539,1948615157,0.32,-1.2883131591987174,000858.SZ
2023-11-13,140.35,142.16,139.55,140.36,11299159,1764357473,0.29,0.6525636428827752,000858.SZ
2023-11-14,142.08,142.38,141.09,141.58,10175715,1601063926,0.26,0.8691935024223385,000858.SZ
2023-11-15,141.36,141.99,140.57,140.79,7036398,1102563043,0.18,-0.5579884164430116,000858.SZ
2023-11-16,140.0,140.89,138.98,139.55,8452069,1309342331,0.22,-0.8807443710490692,000858.SZ
2023-11-19,139.55,140.4,138.29,139.01,11485928,1773729316,0.3,-0.3869580795413996,000858.SZ
2023-11-20,139.55,141.03,137.98,139.82,16697698,2595787144,0.43,0.5826918926695956,000858.SZ
2023-11-21,138.83,139.48,138.21,138.21,8691277,1338320986,0.22,-1.1514804748962826,000858.SZ
2023-11-22,137.75,138.16,136.72,137.82,9457601,1442390954,0.24,-0.28217929238116835,000858.SZ
2023-11-23,137.66,138.55,137.13,137.96,9309548,1425448392,0.24,0.10158177332753038,000858.SZ
2023-11-26,137.56,137.57,134.05,134.38,18526959,2774364092,0.48,-2.5949550594375315,000858.SZ
2023-11-27,134.41,135.12,132.94,133.93,13910316,2066506936,0.36,-0.33487126060425254,000858.SZ
2023-11-28,133.77,133.79,132.26,133.52,8648476,1279519709,0.22,-0.3061300679459422,000858.SZ
2023-11-29,133.41,134.5,133.26,134.29,10683306,1591108412,0.28,0.5766926303175435,000858.SZ
2023-11-30,134.15,134.15,131.46,132.54,13430375,1977001207,0.35,-1.3031498994712898,000858.SZ
2023-12-03,131.89,132.95,131.08,131.32,10695582,1565168595,0.28,-0.9204768371812277,000858.SZ
2023-12-04,131.0,131.3,128.07,128.45,15041103,2167619335,0.39,-2.1855010660980834,000858.SZ
2023-12-05,128.39,130.73,127.54,129.74,14474212,2081995217,0.37,1.0042818217205207,000858.SZ
2023-12-06,129.74,129.89,127.4,128.32,15107094,2152755582,0.39,-1.0944966856790583,000858.SZ
2023-12-07,128.32,129.92,128.05,128.69,14475928,2075536415,0.37,0.28834164588529276,000858.SZ
2023-12-10,125.69,126.05,122.95,125.33,32312072,4465383123,0.83,-2.6109254798352577,000858.SZ
2023-12-11,124.25,125.76,124.01,125.42,14402267,2002700042,0.37,0.07181042048991504,000858.SZ
2023-12-12,124.79,124.86,120.27,120.45,31864580,4313281476,0.82,-3.962685377132835,000858.SZ
2023-12-13,121.55,122.43,119.43,119.43,21441794,2872608826,0.55,-0.8468244084682386,000858.SZ
2023-12-14,120.35,122.27,119.57,120.38,20013278,2685090416,0.52,0.7954450305618366,000858.SZ
2023-12-17,118.89,121.37,118.73,120.65,12930013,1727901875,0.33,0.22428974912775956,000858.SZ
2023-12-18,120.64,120.64,119.35,120.04,13016041,1732968200,0.34,-0.5055946953999135,000858.SZ
2023-12-19,120.51,120.58,118.94,118.96,10629969,1411911255,0.27,-0.8997000999666827,000858.SZ
2023-12-20,118.74,121.05,118.38,120.74,17664844,2355445616,0.46,1.4963012777404083,000858.SZ
2023-12-21,120.7,121.37,119.36,120.12,16402338,2191023169,0.42,-0.5135000828225822,000858.SZ
2023-12-24,120.03,121.16,119.7,121.14,9862125,1322860817,0.25,0.8491508491508482,000858.SZ
2023-12-25,121.14,121.14,120.3,120.94,7367832,986855945,0.19,-0.1650982334489015,000858.SZ
2023-12-26,120.94,121.35,119.77,120.49,10430850,1395667157,0.27,-0.37208533156937174,000858.SZ
2023-12-27,120.49,127.08,120.24,126.14,33610901,4647651265,0.87,4.6891858245497575,000858.SZ
2023-12-28,126.05,127.53,125.41,126.33,19454076,2730826835,0.5,0.15062628825115443,000858.SZ
2024-01-01,126.32,126.32,122.27,122.45,21526999,2947170557,0.55,-3.071321143038075,000858.SZ
2024-01-02,122.43,123.05,120.42,121.44,16417109,2211980500,0.42,-0.8248264597795041,000858.SZ
2024-01-03,121.44,121.46,118.86,119.13,17876323,2371204452,0.46,-1.9021739130434812,000858.SZ
2024-01-04,118.85,120.02,117.75,118.16,15630369,2062827516,0.4,-0.8142365483085667,000858.SZ
2024-01-07,117.96,118.07,115.24,115.34,21020047,2706248456,0.54,-2.3865944482058143,000858.SZ
2024-01-08,115.34,116.49,114.71,115.07,17483816,2241449420,0.45,-0.23409051499914124,000858.SZ
2024-01-09,115.07,116.67,113.45,115.97,16530411,2118536476,0.43,0.7821326149300534,000858.SZ
2024-01-10,115.88,117.5,114.54,116.7,15646396,2021717964,0.4,0.6294731396050635,000858.SZ
2024-01-11,116.04,117.15,115.34,115.92,11920766,1539729131,0.31,-0.6683804627249379,000858.SZ
2024-01-14,115.24,116.5,114.42,115.86,11582558,1485609939,0.3,-0.051759834368536595,000858.SZ
2024-01-15,115.17,116.4,114.28,115.61,12528653,1604334708,0.32,-0.21577766269635923,000858.SZ
2024-01-16,114.88,115.06,112.67,112.67,17675746,2232551975,0.46,-2.5430326096358424,000858.SZ
2024-01-17,112.36,115.36,110.91,115.15,23594821,2961463082,0.61,2.2011183101091625,000858.SZ
2024-01-18,114.34,116.6,113.55,116.05,22502046,2891090564,0.58,0.7815892314372519,000858.SZ
2024-01-21,115.61,116.28,113.26,114.34,21340958,2733754456,0.55,-1.4735028005170125,000858.SZ
2024-01-22,114.16,115.35,112.98,114.69,16198659,2053575260,0.42,0.3061046003148382,000858.SZ
2024-01-23,115.41,115.68,112.78,115.29,16682387,2118643963,0.43,0.5231493591420389,000858.SZ
2024-01-24,115.24,118.05,114.85,118.05,27342127,3546308960,0.7,2.3939630497007425,000858.SZ
2024-01-25,117.14,118.84,116.6,117.95,19317416,2522565252,0.5,-0.08470986869969499,000858.SZ
2024-01-28,118.03,120.35,118.03,118.65,21614965,2860907562,0.56,0.5934718100890191,000858.SZ
2024-01-29,117.77,117.86,114.87,114.98,17071977,2196117733,0.44,-3.093131057732834,000858.SZ
2024-01-30,114.79,115.86,113.71,113.71,13521837,1717132839,0.35,-1.1045399199860917,000858.SZ
2024-01-31,113.21,114.99,112.67,113.89,13787549,1745356476,0.36,0.1582974232697376,000858.SZ
2024-02-01,113.89,115.83,110.35,111.48,21086217,2658388905,0.54,-2.116076916322762,000858.SZ
2024-02-04,111.48,115.14,110.66,113.96,30804209,3864410349,0.79,2.224614280588444,000858.SZ
2024-02-05,113.44,119.75,113.17,119.74,32384190,4239033653,0.83,5.071955071955081,000858.SZ
2024-02-06,119.85,121.28,118.94,120.53,29067328,3882655957,0.75,0.6597628194421334,000858.SZ
2024-02-07,121.37,122.56,119.48,120.28,24374798,3267001019,0.63,-0.20741724052103505,000858.SZ
2024-02-18,125.06,125.1,121.35,122.58,28857883,3951748630,0.74,1.9122048553375404,000858.SZ
2024-02-19,122.45,123.35,119.75,120.99,21181874,2841706724,0.55,-1.2971120900636346,000858.SZ
2024-02-20,120.11,128.46,119.6,126.97,46656281,6492866977,1.2,4.942557236135214,000858.SZ
2024-02-21,126.15,127.54,125.54,127.04,18840109,2646660001,0.49,0.055131133338592875,000858.SZ
2024-02-22,126.99,129.09,126.09,127.59,18439323,2613714172,0.48,0.4329345088161185,000858.SZ
2024-02-25,127.4,128.1,125.19,125.83,13994707,1961062780,0.36,-1.3794184497217699,000858.SZ
2024-02-26,125.16,125.87,124.29,125.83,15061741,2092382021,0.39,0.0,000858.SZ
2024-02-27,125.83,127.31,124.94,125.63,19619411,2753522611,0.51,-0.15894460780417896,000858.SZ
2024-02-28,125.15,128.15,124.88,128.07,17660377,2496984973,0.45,1.9422112552734294,000858.SZ
2024-02-29,127.89,129.45,126.84,128.38,15881306,2261267887,0.41,0.24205512610291358,000858.SZ
2024-03-03,127.41,128.03,126.09,126.35,15430682,2170817658,0.4,-1.5812431842966213,000858.SZ
2024-03-04,126.03,127.74,125.45,127.48,16001586,2251931873,0.41,0.8943411159477721,000858.SZ
2024-03-05,126.95,127.22,124.71,125.2,17652769,2459134906,0.45,-1.78851584562284,000858.SZ
2024-03-06,125.2,126.03,124.47,124.47,11219842,1559868152,0.29,-0.5830670926517567,000858.SZ
2024-03-07,124.3,125.27,123.04,124.63,12245203,1687886719,0.32,0.12854503093113756,000858.SZ
2024-03-10,124.56,127.21,124.27,127.09,19356925,2713055197,0.5,1.9738425740191134,000858.SZ
2024-03-11,127.1,134.42,127.1,133.53,45079147,6608708733,1.16,5.067275159335893,000858.SZ
2024-03-12,132.8,134.31,132.48,133.04,17912970,2649479635,0.46,-0.3669587358646087,000858.SZ
2024-03-13,132.53,135.95,132.41,134.66,22227356,3320434207,0.57,1.2176788935658545,000858.SZ
2024-03-14,134.15,139.36,133.97,137.29,23887367,3639737823,0.62,1.953066983514029,000858.SZ
2024-03-17,137.21,139.25,135.69,138.2,18987361,2908432466,0.49,0.6628305047709171,000858.SZ
2024-03-18,138.55,143.13,138.24,141.69,33882634,5328394237,0.87,2.5253256150506553,000858.SZ
2024-03-19,141.25,142.49,140.0,141.31,16160021,2535854998,0.42,-0.2681911214623467,000858.SZ
2024-03-20,141.27,142.74,140.14,141.0,13643008,2139591363,0.35,-0.21937584035099933,000858.SZ
2024-03-21,140.81,141.14,137.18,138.14,20156403,3098381511,0.52,-2.028368794326252,000858.SZ
2024-03-24,137.31,137.66,135.05,136.6,16167547,2447539788,0.42,-1.1148110612422157,000858.SZ
2024-03-25,136.65,139.9,136.65,139.75,18088963,2787590494,0.47,2.306002928257689,000858.SZ
2024-03-26,139.55,139.82,137.39,137.45,12363048,1899180647,0.32,-1.6457960644007286,000858.SZ
2024-03-27,137.45,139.86,136.9,137.84,14419203,2217801275,0.37,0.2837395416515287,000858.SZ
2024-03-28,137.84,139.57,137.36,138.21,8834848,1358438657,0.23,0.2684271619268763,000858.SZ
2024-03-31,139.1,142.76,139.1,141.61,17726202,2788229516,0.46,2.4600246002460135,000858.SZ
2024-04-01,141.36,141.52,139.43,140.0,11410098,1779060167,0.29,-1.1369253583786598,000858.SZ
2024-04-02,140.36,141.33,138.02,139.19,9826116,1522506390,0.25,-0.5785714285714283,000858.SZ
2024-04-07,136.85,136.85,132.4,132.61,27000663,4002147876,0.7,-4.727351102809097,000858.SZ
2024-04-08,131.9,133.44,131.16,131.88,13039729,1909631397,0.34,-0.5504863886584888,000858.SZ
2024-04-09,131.63,131.9,127.98,128.86,17167574,2464329867,0.44,-2.2899605702153325,000858.SZ
2024-04-10,128.39,128.44,126.59,128.16,15994283,2264027609,0.41,-0.5432252056495557,000858.SZ
2024-04-11,127.85,129.16,126.14,126.49,13407310,1895837989,0.35,-1.3030586766541785,000858.SZ
2024-04-14,126.59,133.23,126.1,132.64,25429182,3701903875,0.66,4.862044430389756,000858.SZ
2024-04-15,131.99,132.5,129.93,130.52,13567789,1976125483,0.35,-1.5983112183353243,000858.SZ
2024-04-16,130.13,131.04,129.47,130.82,13702335,1982007044,0.35,0.2298498314434516,000858.SZ
2024-04-17,129.71,132.15,129.02,130.53,15245280,2213439017,0.39,-0.22167864240940638,000858.SZ
2024-04-18,129.63,130.1,127.84,128.66,12726175,1818608488,0.33,-1.4326208534436558,000858.SZ
2024-04-21,128.66,131.88,128.66,130.15,14036604,2035476601,0.36,1.1580910928027377,000858.SZ
2024-04-22,129.65,132.79,129.62,132.38,17171181,2507417591,0.44,1.713407606607742,000858.SZ
2024-04-23,133.19,134.33,131.45,134.13,14225100,2103883224,0.37,1.3219519564888982,000858.SZ
2024-04-24,133.7,134.47,132.37,134.13,10077553,1496358808,0.26,0.0,000858.SZ
2024-04-25,134.33,137.48,134.33,137.08,17946172,2719514006,0.46,2.1993588309848766,000858.SZ
2024-04-28,135.95,140.96,135.06,136.63,27538469,4217464059,0.71,-0.3282754595856585,000858.SZ
2024-04-29,137.12,138.19,135.44,135.44,15529607,2359135140,0.4,-0.8709653809558682,000858.SZ
2024-05-05,138.15,142.55,138.11,139.56,31679595,4940155161,0.82,3.041937389249849,000858.SZ
2024-05-06,139.55,140.83,138.25,140.4,14549977,2265634112,0.37,0.6018916595012858,000858.SZ
2024-05-07,140.44,140.74,138.97,139.55,10107370,1567926317,0.26,-0.6054131054130996,000858.SZ
2024-05-08,138.95,140.18,138.41,139.41,11327468,1750315447,0.29,-0.10032246506629372,000858.SZ
2024-05-09,139.55,140.36,137.57,139.04,10251379,1579216046,0.26,-0.26540420342874294,000858.SZ
2024-05-12,137.57,137.74,135.3,136.04,17262826,2608851173,0.44,-2.1576524741081737,000858.SZ
2024-05-13,136.04,136.72,135.08,136.26,11345529,1713073765,0.29,0.16171714201704823,000858.SZ
2024-05-14,136.25,136.7,135.5,136.29,7842841,1186554217,0.2,0.022016732716867438,000858.SZ
2024-05-15,136.58,139.63,135.69,138.7,14937612,2289335629,0.38,1.7682882089661733,000858.SZ
2024-05-16,138.65,140.84,137.94,140.82,16184342,2509981114,0.42,1.5284787310742676,000858.SZ
2024-05-19,140.81,143.88,140.81,141.63,19373643,3066112976,0.5,0.5752023860247091,000858.SZ
2024-05-20,141.18,141.52,139.64,140.94,8803686,1374785553,0.23,-0.4871849184494792,000858.SZ
2024-05-21,140.46,140.82,138.9,139.66,10847769,1682580309,0.28,-0.9081878813679611,000858.SZ
2024-05-22,139.55,140.43,138.04,138.29,8988893,1383814570,0.23,-0.9809537448088212,000858.SZ
2024-05-23,137.63,137.87,135.95,136.09,11203941,1700150955,0.29,-1.590859787403276,000858.SZ
2024-05-26,136.08,137.12,135.57,136.48,10156716,1535721670,0.26,0.28657506062164106,000858.SZ
2024-05-27,136.49,136.8,135.05,135.08,10387436,1566391578,0.27,-1.0257913247362138,000858.SZ
2024-05-28,135.1,135.94,134.03,134.34,9102373,1363621240,0.23,-0.5478235119928954,000858.SZ
2024-05-29,134.11,134.11,131.37,131.69,16111129,2363289778,0.42,-1.9726068185201728,000858.SZ
2024-05-30,132.26,133.24,131.99,132.08,13141188,1934209403,0.34,0.29615004935834577,000858.SZ
2024-06-02,132.25,132.58,130.24,131.43,14092998,2051213338,0.36,-0.49212598425196763,000858.SZ
2024-06-03,131.43,133.34,131.0,133.05,10302099,1514138601,0.27,1.2325952978772037,000858.SZ
2024-06-04,133.0,133.25,131.14,131.24,11114765,1629419454,0.29,-1.360390830514846,000858.SZ
2024-06-05,131.46,132.01,129.7,130.46,12730851,1844855886,0.33,-0.5943309966473631,000858.SZ
2024-06-06,131.0,131.05,127.76,128.16,15869270,2266797198,0.41,-1.7629924881189751,000858.SZ
2024-06-10,127.31,127.31,124.25,124.68,20665469,2873140132,0.53,-2.7153558052434357,000858.SZ
2024-06-11,124.34,125.9,123.84,124.16,15452411,2136862849,0.4,-0.41706769329484805,000858.SZ
2024-06-12,124.15,124.34,121.04,121.15,24362284,3301287598,0.63,-2.4242912371133962,000858.SZ
2024-06-13,120.83,122.18,118.93,122.16,28721911,3851661909,0.74,0.8336772595955333,000858.SZ
2024-06-16,121.01,122.59,118.22,122.2,24627240,3299559711,0.63,0.03274394237067213,000858.SZ
2024-06-17,121.55,123.65,120.12,120.55,20298120,2740736863,0.52,-1.3502454991816792,000858.SZ
2024-06-18,120.81,121.82,119.59,120.85,13704527,1839596880,0.35,0.2488593944421469,000858.SZ
2024-06-19,120.74,121.61,119.01,119.03,12619163,1679993029,0.33,-1.5059991725279165,000858.SZ
2024-06-20,118.86,119.62,115.97,117.23,21388642,2781028409,0.55,-1.5122238091237472,000858.SZ
2024-06-23,113.46,119.45,113.08,117.97,23923514,3102546743,0.62,0.6312377377804212,000858.SZ
2024-06-24,118.67,120.01,117.59,118.41,17715159,2341480948,0.46,0.37297618038483193,000858.SZ
2024-06-25,117.41,119.01,117.36,118.22,10221249,1341298503,0.26,-0.1604594206570331,000858.SZ
2024-06-26,118.24,118.28,115.89,116.73,12264610,1587676455,0.32,-1.2603620368803914,000858.SZ
2024-06-27,116.14,117.49,114.85,115.28,15689886,2019328026,0.4,-1.242182815043269,000858.SZ
2024-06-30,115.43,116.29,113.44,115.52,15433459,1964232829,0.4,0.2081887578070818,000858.SZ
2024-07-01,114.97,119.46,114.79,118.45,24747909,3244049457,0.64,2.536357340720219,000858.SZ
2024-07-02,118.45,119.48,117.14,117.95,12427733,1631928152,0.32,-0.42211903756859126,000858.SZ
2024-07-03,117.95,119.21,117.07,117.58,10049528,1315554604,0.26,-0.3136922424756272,000858.SZ
2024-07-04,117.58,118.82,115.37,116.1,13941250,1803448225,0.36,-1.2587174689573044,000858.SZ
2024-07-07,116.13,116.33,112.74,113.36,20745544,2630909852,0.53,-2.360034453057702,000858.SZ
2024-07-08,113.36,115.43,112.71,114.41,19540437,2475816884,0.5,0.926252646436132,000858.SZ
2024-07-09,113.89,115.66,113.61,113.93,15457159,1964272870,0.4,-0.41954374617602097,000858.SZ
2024-07-10,114.79,118.4,114.5,117.48,25779636,3349449291,0.66,3.115948389361889,000858.SZ
2024-07-11,118.29,119.33,117.33,118.96,18938660,2401467289,0.49,1.2597889002383234,000858.SZ
2024-07-14,118.59,120.79,118.2,119.06,11973781,1532479885,0.31,0.0840618695359785,000858.SZ
2024-07-15,118.34,119.62,117.47,119.04,15468916,1967032428,0.4,-0.0167982529816868,000858.SZ
2024-07-16,118.59,122.31,118.0,122.1,22884217,2960415564,0.59,2.570564516129026,000858.SZ
2024-07-17,121.43,124.19,121.42,122.42,18591713,2444968667,0.48,0.26208026208027757,000858.SZ
2024-07-18,122.03,124.65,121.18,124.58,19024378,2517623683,0.49,1.7644175788269933,000858.SZ
2024-07-21,124.57,125.08,122.32,122.53,15642939,2065619592,0.4,-1.6455289773639414,000858.SZ
2024-07-22,122.33,122.8,118.4,118.4,19756404,2540829813,0.51,-3.370603117603843,000858.SZ
2024-07-23,118.2,119.24,117.19,117.71,14364962,1813586525,0.37,-0.582770270270283,000858.SZ
2024-07-24,116.81,118.27,116.81,117.45,11814145,1485089890,0.3,-0.22088182822189717,000858.SZ
2024-07-25,117.66,118.94,116.81,117.84,11421502,1439101532,0.29,0.3320561941251521,000858.SZ
2024-07-28,117.66,118.31,115.88,115.88,13936430,1745197564,0.36,-1.6632722335370054,000858.SZ
2024-07-29,114.85,116.07,113.43,115.12,20725348,2538151161,0.53,-0.6558508802209095,000858.SZ
2024-07-30,114.56,119.69,114.54,118.46,26057917,3286415867,0.67,2.9013203613620364,000858.SZ
2024-07-31,118.47,118.54,115.68,115.79,17473861,2180765965,0.45,-2.25392537565422,000858.SZ
2024-08-01,114.85,116.27,114.74,115.51,9950169,1231884912,0.26,-0.2418170826496202,000858.SZ
2024-08-04,115.51,119.52,115.41,117.66,24189241,3060405977,0.62,1.8613107090295067,000858.SZ
2024-08-05,118.14,119.52,117.08,117.56,15347283,1940983189,0.4,-0.08499065102838266,000858.SZ
2024-08-06,117.66,119.13,117.0,118.59,13259071,1678186223,0.34,0.8761483497788269,000858.SZ
2024-08-07,118.1,121.08,117.61,119.85,20013087,2559755534,0.52,1.0624841892233672,000858.SZ
2024-08-08,120.92,121.39,119.28,119.6,15846790,2041741166,0.41,-0.20859407592824786,000858.SZ
2024-08-11,119.06,119.98,118.7,119.25,7310797,934639851,0.19,-0.29264214046822445,000858.SZ
2024-08-12,119.14,119.49,116.83,117.28,12451739,1567828597,0.32,-1.6519916142557656,000858.SZ
2024-08-13,117.19,117.27,115.69,116.1,9494697,1181885782,0.24,-1.0061391541609899,000858.SZ
2024-08-14,115.81,117.8,115.66,116.67,11162349,1395432332,0.29,0.4909560723514339,000858.SZ
2024-08-15,116.25,117.07,115.4,116.73,9726670,1211693479,0.25,0.051427102082790555,000858.SZ
2024-08-18,116.72,118.59,115.69,115.74,13875921,1732841551,0.36,-0.8481110254433433,000858.SZ
2024-08-19,115.74,115.79,114.54,114.99,10985221,1352259415,0.28,-0.6480041472265441,000858.SZ
2024-08-20,114.67,114.98,114.01,114.11,9710809,1189648677,0.25,-0.7652839377337073,000858.SZ
2024-08-21,114.12,114.28,112.02,112.98,18528513,2234186008,0.48,-0.9902725440364524,000858.SZ
2024-08-22,112.61,114.01,112.54,113.09,8898800,1078393647,0.23,0.09736236502035922,000858.SZ
2024-08-25,112.97,113.8,110.22,110.3,20401007,2429417311,0.53,-2.467061632328238,000858.SZ
2024-08-26,109.9,110.37,107.9,109.9,15660884,1831272407,0.4,-0.3626473254759621,000858.SZ
2024-08-27,109.25,109.25,105.44,106.45,24729242,2821002956,0.64,-3.1392174704276687,000858.SZ
2024-08-28,107.85,112.32,107.51,110.91,30025609,3546177236,0.77,4.189760450915925,000858.SZ
2024-08-29,110.19,116.4,109.05,114.88,33779842,4114623948,0.87,3.579478856730689,000858.SZ
2024-09-01,113.92,114.21,111.12,111.12,17755490,2134586804,0.46,-3.2729805013927527,000858.SZ
2024-09-02,111.19,113.43,111.12,112.35,12798410,1538909786,0.33,1.1069114470842134,000858.SZ
2024-09-03,111.43,112.8,111.15,111.22,8469238,1011886744,0.22,-1.0057854917667974,000858.SZ
2024-09-04,111.21,111.94,110.65,111.63,8279466,987295999,0.21,0.3686387340406272,000858.SZ
2024-09-05,111.59,111.59,109.72,109.75,7772198,920196138,0.2,-1.6841350891337425,000858.SZ
2024-09-08,109.16,109.71,107.87,108.52,11158667,1296332675,0.29,-1.1207289293849731,000858.SZ
2024-09-09,108.52,110.43,108.22,108.72,10605023,1237792376,0.27,0.18429782528566196,000858.SZ
2024-09-10,108.13,109.32,107.38,108.33,7659099,888345207,0.2,-0.3587196467991216,000858.SZ
2024-09-11,108.32,108.67,105.85,105.85,16984847,1945710694,0.44,-2.28930120926798,000858.SZ
2024-09-12,105.8,105.8,101.97,101.97,31153086,3444726618,0.8,-3.665564478034955,000858.SZ
2024-09-17,101.08,102.31,100.11,100.56,17763923,1916365125,0.46,-1.3827596351868143,000858.SZ
2024-09-18,100.6,105.39,99.29,103.56,31818095,3511889908,0.82,2.9832935560859086,000858.SZ
2024-09-19,102.84,103.51,101.41,102.98,19668110,2158043125,0.51,-0.5600617999227508,000858.SZ
2024-09-22,103.56,106.25,103.09,104.85,20371180,2298355085,0.52,1.8158865799184243,000858.SZ
2024-09-23,107.29,112.43,105.99,112.39,47346927,5559354901,1.22,7.191225560324277,000858.SZ
2024-09-24,115.41,117.3,113.81,114.01,41718945,5168860913,1.07,1.4414093780585446,000858.SZ
2024-09-25,114.01,125.41,113.84,125.41,66453364,8594482228,1.71,9.999122883957545,000858.SZ
2024-09-26,132.41,137.96,129.36,137.96,86457718,12438562567,2.23,10.007176461207257,000858.SZ
2024-09-29,145.69,151.75,142.59,151.75,98620119,15752197756,2.54,9.995650913308207,000858.SZ
2024-10-07,166.92,166.92,145.25,153.19,130680565,22218231045,3.37,0.9489291598023142,000858.SZ
2024-10-08,149.4,149.4,137.88,137.9,81546859,12409184179,2.1,-9.98106926039558,000858.SZ
2024-10-09,137.89,145.23,137.89,141.91,60060115,9164464307,1.55,2.9079042784626363,000858.SZ
2024-10-10,140.07,143.17,138.2,139.74,28515763,4283807928,0.73,-1.529138186174328,000858.SZ
2024-10-13,141.0,141.0,136.34,139.84,33496575,4986283993,0.86,0.07156147130384927,000858.SZ
2024-10-14,140.07,140.16,134.46,134.46,32970192,4840842560,0.85,-3.8472540045766612,000858.SZ
2024-10-15,132.6,134.73,130.8,132.27,31227224,4430542144,0.8,-1.6287371709058474,000858.SZ
2024-10-16,133.06,133.45,128.76,128.81,28250755,3957974226,0.73,-2.6158614954260306,000858.SZ
2024-10-17,127.94,135.92,127.33,133.53,44144323,6206988496,1.14,3.6643117770359446,000858.SZ
2024-10-20,134.45,135.86,131.76,133.54,29576515,4223086215,0.76,0.007488953793144404,000858.SZ
2024-10-21,133.34,136.75,132.79,135.81,30466330,4419839158,0.78,1.6998652089261768,000858.SZ
2024-10-22,135.84,139.63,134.46,138.69,35813825,5277833036,0.92,2.1206096752816483,000858.SZ
2024-10-23,137.08,138.67,136.43,136.76,18642006,2743177644,0.48,-1.3915927608335155,000858.SZ
2024-10-24,135.83,139.94,135.83,138.3,19805485,2926843949,0.51,1.1260602515355433,000858.SZ
2024-10-27,139.14,143.8,136.96,143.77,43810985,6649586215,1.13,3.9551699204627644,000858.SZ
2024-10-28,143.77,146.49,140.44,140.81,30315753,4641639292,0.78,-2.058843986923564,000858.SZ
2024-10-29,139.13,141.29,137.54,138.95,21187042,3158474275,0.55,-1.3209289112989242,000858.SZ
2024-10-30,137.26,139.32,135.78,137.11,26944088,3957475707,0.69,-1.3242173443684613,000858.SZ
2024-10-31,136.07,140.81,136.07,138.12,22719198,3379402018,0.59,0.7366348187586524,000858.SZ
2024-11-03,138.67,139.33,136.41,138.76,20505185,3030626417,0.53,0.46336518969012364,000858.SZ
2024-11-04,138.2,142.86,137.08,142.68,32031809,4839032609,0.83,2.8250216200634393,000858.SZ
2024-11-05,142.64,142.87,139.27,141.23,30206560,4568777903,0.78,-1.0162601626016343,000858.SZ
2024-11-06,140.1,152.22,139.91,151.5,67187150,10602928042,1.73,7.271826099270706,000858.SZ
2024-11-07,153.14,153.7,145.67,146.11,56747365,9025428028,1.46,-3.5577557755775535,000858.SZ
2024-11-10,143.19,144.59,141.19,144.57,36601207,5603393228,0.94,-1.0540004106495249,000858.SZ
2024-11-11,144.57,148.47,143.47,144.08,35134682,5496005682,0.91,-0.33893615549559497,000858.SZ
2024-11-12,142.87,145.04,142.55,143.74,19433400,2990077535,0.5,-0.2359800111049415,000858.SZ
2024-11-13,142.97,145.56,142.07,143.32,21792782,3357496178,0.56,-0.29219423959928603,000858.SZ
2024-11-14,143.32,143.92,140.58,141.27,25544269,3894476943,0.66,-1.4303656154060707,000858.SZ
2024-11-17,141.26,143.2,139.13,139.44,20986101,3164795003,0.54,-1.2953918029305678,000858.SZ
2024-11-18,139.65,140.66,135.68,138.62,23341346,3447738671,0.6,-0.588066551921973,000858.SZ
2024-11-19,138.62,140.43,137.45,139.69,14981538,2233265261,0.39,0.7718943875342665,000858.SZ
2024-11-20,139.13,140.16,138.35,139.6,11446054,1706377342,0.29,-0.0644283771207732,000858.SZ
2024-11-21,139.51,140.08,135.07,135.29,18942474,2785311385,0.49,-3.087392550143264,000858.SZ
2024-11-24,136.23,137.43,133.25,134.28,19168995,2771219117,0.49,-0.7465444600487814,000858.SZ
2024-11-25,134.0,136.89,133.06,135.21,17535782,2539251070,0.45,0.6925826630920451,000858.SZ
2024-11-26,135.18,138.1,134.07,137.31,20024978,2921829640,0.52,1.5531395606833698,000858.SZ
2024-11-27,135.4,137.22,134.28,134.46,19045387,2760020464,0.49,-2.0755953681450667,000858.SZ
2024-11-28,135.42,139.78,134.84,137.05,28727796,4234632626,0.74,1.926223412167194,000858.SZ
2024-12-01,137.39,138.6,135.92,137.64,17976352,2645657931,0.46,0.43049981758480627,000858.SZ
2024-12-02,137.92,137.98,136.52,137.26,14014314,2059980757,0.36,-0.27608253414704853,000858.SZ
2024-12-03,137.17,137.21,135.18,136.08,14843403,2161996959,0.38,-0.8596823546553778,000858.SZ
2024-12-04,135.4,136.01,134.94,135.42,10321021,1496758491,0.27,-0.4850088183421697,000858.SZ
2024-12-05,135.08,138.2,135.08,136.74,18754575,2745488834,0.48,0.9747452370403309,000858.SZ
2024-12-08,136.75,137.65,135.54,136.11,14542425,2124782351,0.37,-0.4607283896445824,000858.SZ
2024-12-09,142.87,144.62,139.04,139.23,46326278,7021977460,1.19,2.2922636103151595,000858.SZ
2024-12-10,138.22,141.47,138.22,139.51,19999335,2993662413,0.52,0.20110608345902392,000858.SZ
2024-12-11,139.54,141.93,138.64,141.77,25365291,3819524049,0.65,1.6199555587413261,000858.SZ
2024-12-12,140.39,140.7,138.2,138.24,28422742,4230330396,0.73,-2.4899485081469996,000858.SZ
2024-12-15,138.23,138.24,134.48,135.01,26477262,3846200008,0.68,-2.33651620370372,000858.SZ
2024-12-16,135.0,137.03,134.09,135.29,15949283,2318651654,0.41,0.20739204503370523,000858.SZ
2024-12-17,135.4,136.59,134.99,135.58,12067558,1755251345,0.31,0.21435434991501356,000858.SZ
2024-12-18,134.56,134.85,133.82,134.04,15198227,2184469848,0.39,-1.13586074642279,000858.SZ
2024-12-19,134.18,134.9,133.27,133.73,17283558,2479372352,0.45,-0.23127424649358463,000858.SZ
2024-12-22,132.89,134.41,132.83,133.02,14260102,2039345026,0.37,-0.5309205114783389,000858.SZ
2024-12-23,132.92,134.0,132.32,133.98,14333019,2045707408,0.37,0.7216959855660621,000858.SZ
2024-12-24,133.98,134.35,133.14,133.6,9613952,1376290843,0.25,-0.28362442155545065,000858.SZ
2024-12-25,133.64,133.74,132.46,133.05,10476825,1493951272,0.27,-0.41167664670657134,000858.SZ
2024-12-26,133.16,133.48,132.19,133.08,13445059,1912027993,0.35,0.022547914317927464,000858.SZ
2024-12-29,132.61,133.69,131.66,131.86,16367180,2320655237,0.42,-0.9167418094379265,000858.SZ
2024-12-30,131.87,134.09,130.74,130.77,24521867,3472955734,0.63,-0.8266343091157258,000858.SZ
2025-01-01,130.73,130.73,127.27,127.92,25564735,3517884976,0.66,-2.1793989447120965,000858.SZ
2025-01-02,128.0,128.82,125.83,126.43,16823014,2295817772,0.43,-1.1647904940587872,000858.SZ
2025-01-05,123.16,125.09,121.75,122.17,27943013,3679523520,0.72,-3.369453452503368,000858.SZ
2025-01-06,122.51,122.94,121.02,122.18,19018740,2478571210,0.49,0.008185315543918215,000858.SZ
2025-01-07,122.19,123.02,119.54,121.11,19287619,2504007320,0.5,-0.8757570797184533,000858.SZ
2025-01-08,121.31,123.58,119.66,121.93,15918343,2080588918,0.41,0.6770704318388221,000858.SZ
2025-01-09,121.86,122.17,120.08,120.08,13537786,1753729759,0.35,-1.5172640039366914,000858.SZ
2025-01-12,118.89,120.92,118.55,120.64,12149103,1562285331,0.31,0.4663557628247883,000858.SZ
2025-01-13,120.74,124.47,120.36,124.21,22862469,3014664381,0.59,2.9592175066312842,000858.SZ
2025-01-14,124.47,124.83,123.46,123.98,12812277,1701391090,0.33,-0.18517027614523007,000858.SZ
2025-01-15,124.57,125.41,122.38,122.77,16309620,2160311225,0.42,-0.9759638651395397,000858.SZ
2025-01-16,123.26,125.01,122.84,123.54,15245016,2021963287,0.393,0.6271890527001833,000858.SZ
2025-01-19,124.08,126.52,123.94,125.41,19417359,2611169665,0.5,1.5136797798283919,000858.SZ
2025-01-20,125.92,126.06,124.0,124.56,13279686,1774069695,0.342,-0.6777768917949123,000858.SZ
2025-01-21,124.14,124.19,121.51,121.72,17418217,2277963646,0.449,-2.2800256904303207,000858.SZ
2025-01-22,122.89,124.78,122.38,122.56,18448933,2387735894,0.475,0.6901084456128803,000858.SZ
2025-01-23,121.75,122.49,120.5,121.67,18943572,2418169298,0.488,-0.7261749347258539,000858.SZ
2025-01-26,121.94,122.46,121.08,121.17,12653510,1616070923,0.326,-0.41094764526998784,000858.SZ
2025-02-04,121.51,121.82,118.61,119.09,18691574,2343981886,0.482,-1.716596517289759,000858.SZ
2025-02-05,118.89,120.4,118.78,119.94,13819081,1734038682,0.356,0.7137459064572971,000858.SZ
2025-02-06,120.03,122.77,119.19,121.58,23247330,2960433850,0.599,1.367350341837592,000858.SZ
2025-02-09,121.63,122.13,120.89,121.49,13654558,1740615096,0.352,-0.07402533311400283,000858.SZ
2025-02-10,121.56,122.0,119.76,120.28,17600170,2221320156,0.453,-0.9959667462342559,000858.SZ
2025-02-11,120.28,121.66,119.65,121.65,17735327,2240677199,0.457,1.1390089790488833,000858.SZ
2025-02-12,121.67,125.75,121.22,125.28,46762606,6110655129,1.205,2.9839704069050565,000858.SZ
2025-02-13,124.37,125.94,123.94,125.01,21810735,2857398901,0.562,-0.21551724137930384,000858.SZ
2025-02-16,125.64,127.2,124.88,125.32,20507840,2710093082,0.528,0.24798016158706915,000858.SZ
2025-02-17,125.25,126.12,123.23,124.03,18596134,2435399273,0.479,-1.0293648260453203,000858.SZ
2025-02-18,124.03,125.27,123.21,124.9,15364181,2003027066,0.396,0.701443199226004,000858.SZ
2025-02-19,124.21,126.5,124.13,124.32,13253049,1737767288,0.341,-0.4643714971977686,000858.SZ
2025-02-20,124.41,126.38,123.77,124.91,21001653,2756687286,0.541,0.4745817245817241,000858.SZ
2025-02-23,124.7,127.17,124.18,125.65,24439219,3229422469,0.63,0.5924265471139334,000858.SZ
2025-02-24,124.68,124.72,122.49,122.65,22190136,2872796622,0.572,-2.3875845602865153,000858.SZ
2025-02-25,122.61,123.65,122.03,123.65,17924348,2311292300,0.462,0.8153281695882697,000858.SZ
2025-02-26,123.83,126.79,123.65,126.46,37079506,4909364775,0.955,2.2725434694702784,000858.SZ
2025-02-27,126.32,129.27,125.27,125.35,33720213,4510232386,0.869,-0.877747904475723,000858.SZ
2025-03-02,125.35,129.18,124.17,124.64,21035512,2780161096,0.542,-0.5664140406860696,000858.SZ
2025-03-03,123.9,124.18,122.61,123.6,14934839,1933207044,0.385,-0.8344030808729141,000858.SZ
2025-03-04,123.6,123.84,121.57,122.52,19936646,2558423708,0.514,-0.8737864077669855,000858.SZ
2025-03-05,123.2,125.56,122.56,125.44,23585718,3075149470,0.608,2.3832843617368704,000858.SZ
2025-03-06,124.98,128.41,124.71,128.41,34007291,4536723523,0.876,2.367665816326525,000858.SZ
2025-03-09,128.13,128.13,125.42,126.4,20635305,2735377366,0.532,-1.565298652752889,000858.SZ
2025-03-10,125.28,128.8,125.23,128.8,32103562,4304327283,0.827,1.8987341772152,000858.SZ
2025-03-11,128.89,129.76,126.34,126.67,28801774,3844719012,0.742,-1.6537267080745433,000858.SZ
2025-03-12,126.67,127.96,125.98,126.12,16792264,2233018515,0.433,-0.43419910002368,000858.SZ
2025-03-13,126.7,135.25,126.7,134.13,76551575,10604804482,1.972,6.3510941960037925,000858.SZ
2025-03-16,135.65,136.19,132.78,133.22,38773048,5457575155,0.999,-0.6784462834563465,000858.SZ
2025-03-17,133.58,133.89,132.15,132.94,18673497,2608207825,0.481,-0.21017865185407603,000858.SZ
2025-03-18,132.94,134.12,131.81,132.34,16815724,2339543020,0.433,-0.45133142771174306,000858.SZ
2025-03-19,132.3,132.42,129.42,129.55,22872209,3130766821,0.589,-2.1082061357110438,000858.SZ
2025-03-20,129.27,130.99,127.83,128.22,19713023,2669031188,0.508,-1.0266306445387952,000858.SZ
2025-03-23,127.71,128.54,126.73,127.95,18048886,2417592736,0.465,-0.21057557323350684,000858.SZ
2025-03-24,128.22,128.32,126.32,127.23,17567115,2342967013,0.453,-0.5627198124267263,000858.SZ
2025-03-25,127.21,127.54,126.59,127.03,10882580,1452491544,0.28,-0.15719562996149294,000858.SZ
2025-03-26,126.78,128.39,126.22,127.56,14086564,1882916851,0.363,0.4172242777296775,000858.SZ
2025-03-27,127.73,127.89,126.13,126.92,12099601,1610808297,0.312,-0.5017246785826268,000858.SZ
2025-03-30,126.9,127.06,125.13,125.13,14485487,1912983577,0.373,-1.4103372202962539,000858.SZ
2025-03-31,125.2,125.98,124.93,125.55,12170463,1602816957,0.314,0.33565092304004285,000858.SZ
2025-04-01,125.62,126.27,124.85,124.94,10102473,1328718377,0.26,-0.48586220629230903,000858.SZ
2025-04-02,123.41,127.16,123.26,125.75,16562264,2187566525,0.427,0.6483111893708982,000858.SZ
2025-04-06,122.41,124.27,117.94,120.77,46309272,5889478918,1.193,-3.96023856858847,000858.SZ
2025-04-07,120.77,125.02,120.77,124.57,33185668,4295611990,0.855,3.14647677403328,000858.SZ
2025-04-08,123.37,126.55,123.22,125.98,29699887,3910869675,0.765,1.1318937143774743,000858.SZ
2025-04-09,126.03,127.17,124.32,126.84,23310636,3091985055,0.601,0.6826480393713252,000858.SZ
2025-04-10,125.94,127.15,124.39,125.37,17429334,2296050286,0.449,-1.1589403973509937,000858.SZ
2025-04-13,125.27,126.39,124.8,124.83,12578106,1655429086,0.324,-0.4307250538406415,000858.SZ
2025-04-14,124.79,125.22,123.92,125.13,11482502,1502439501,0.296,0.2403268445085205,000858.SZ
2025-04-15,124.6,126.27,123.54,126.03,16668022,2177739510,0.429,0.7192519779429363,000858.SZ
2025-04-16,125.11,126.69,124.79,126.25,15292281,2022126158,0.394,0.17456161231452771,000858.SZ
2025-04-17,125.76,126.29,124.99,125.51,8947834,1179998316,0.231,-0.5861386138613867,000858.SZ
2025-04-20,125.36,125.75,123.97,124.17,14436366,1887006445,0.372,-1.0676440124292919,000858.SZ
2025-04-21,124.03,124.55,123.37,123.94,11585468,1507639704,0.298,-0.18522992671338168,000858.SZ
2025-04-22,124.3,124.51,123.41,123.81,9594427,1246940579,0.247,-0.10488946264320953,000858.SZ
2025-04-23,123.65,124.03,122.9,122.95,13152369,1703623364,0.339,-0.6946127130280311,000858.SZ
2025-04-24,123.08,124.05,122.85,122.94,10718307,1388082600,0.276,-0.008133387555919747,000858.SZ
2025-04-27,123.95,125.42,123.75,124.65,18504541,2422404105,0.477,1.3909224011713128,000858.SZ
2025-04-28,123.98,124.41,123.17,123.41,12479570,1619377345,0.322,-0.994785399117537,000858.SZ
2025-04-29,123.47,124.13,122.57,122.6,14662657,1893634511,0.378,-0.656348756178593,000858.SZ
2025-05-05,122.89,123.41,122.0,123.36,14634943,1889145118,0.377,0.6199021207177857,000858.SZ
2025-05-06,124.7,125.57,123.65,123.83,15247040,1990960978,0.393,0.3809987029831374,000858.SZ
2025-05-07,123.57,126.7,123.16,125.56,20802315,2735442055,0.536,1.3970766373253785,000858.SZ
2025-05-08,125.56,125.84,124.8,125.35,11054836,1454604448,0.285,-0.16725071678879155,000858.SZ
2025-05-11,125.75,126.94,125.27,126.67,16456000,2182417151,0.424,1.053051455923426,000858.SZ
2025-05-12,127.33,127.33,126.16,126.69,12039542,1599600056,0.31,0.01578905818266918,000858.SZ
2025-05-13,126.42,130.68,125.91,128.85,29148950,3932377808,0.751,1.7049490883258356,000858.SZ
2025-05-14,128.61,129.17,127.28,127.34,14494424,1947912221,0.373,-1.1719053162592141,000858.SZ
2025-05-15,127.06,127.26,124.84,124.87,17354288,2288769532,0.447,-1.9396890215171991,000858.SZ
2025-05-18,123.08,123.94,122.77,123.17,23700824,3062514441,0.611,-1.36141587250741,000858.SZ
2025-05-19,122.89,123.49,122.77,123.01,15936916,2058475919,0.411,-0.12990176179263901,000858.SZ
2025-05-20,123.01,123.73,122.89,123.14,14169298,1832618627,0.365,0.10568246484026211,000858.SZ
2025-05-21,123.15,123.34,122.74,122.97,9605451,1239750922,0.247,-0.13805424719831594,000858.SZ
2025-05-22,122.94,123.52,122.08,122.08,15037984,1937195760,0.387,-0.7237537610799372,000858.SZ
2025-05-25,121.91,122.08,119.93,120.42,27361547,3460707609,0.705,-1.3597640891218843,000858.SZ
2025-05-26,120.3,120.94,119.93,120.18,15126840,1908812014,0.39,-0.19930244145490716,000858.SZ
2025-05-27,120.32,121.11,119.55,120.91,18138470,2291200545,0.467,0.6074222000332696,000858.SZ
2025-05-28,120.6,121.46,119.94,121.29,16034701,2036182268,0.413,0.31428335125300855,000858.SZ
2025-05-29,120.98,121.51,120.03,120.45,14682788,1858195533,0.378,-0.6925550333910513,000858.SZ
2025-06-02,119.25,119.6,118.67,118.77,23748287,2965933456,0.612,-1.3947696139476995,000858.SZ
2025-06-03,118.77,119.29,118.22,118.65,19350308,2410315627,0.499,-0.10103561505430125,000858.SZ
2025-06-04,118.65,119.55,118.31,119.11,20231200,2525601313,0.521,0.38769490096923764,000858.SZ
2025-06-05,119.05,119.89,118.79,119.16,11888498,1488927363,0.306,0.041978003526144114,000858.SZ
2025-06-08,119.16,119.27,118.71,119.04,19842902,2477799331,0.511,-0.10070493454178431,000858.SZ
2025-06-09,118.89,119.17,118.39,118.5,17105298,2132365672,0.441,-0.4536290322580738,000858.SZ
2025-06-10,118.51,119.27,118.32,118.79,14547273,1816144262,0.375,0.24472573839662282,000858.SZ
2025-06-11,118.6,118.65,116.58,116.7,38065992,4680660152,0.981,-1.7594073575216806,000858.SZ
2025-06-12,116.12,116.13,113.38,113.48,36696171,4395342694,0.945,-2.7592116538131983,000858.SZ
2025-06-15,112.25,112.83,111.46,112.67,27148875,3192006585,0.699,-0.7137821642580255,000858.SZ
2025-06-16,112.61,113.21,111.87,112.13,19650205,2316678380,0.506,-0.4792757610721621,000858.SZ
2025-06-17,113.07,113.78,112.29,112.72,20049069,2378709214,0.517,0.5261749754748912,000858.SZ
2025-06-18,111.98,112.84,111.55,111.72,16357242,1926506404,0.421,-0.8871540099361197,000858.SZ
2025-06-19,111.93,114.32,111.82,113.9,29681382,3536127315,0.765,1.951306838524891,000858.SZ
2025-06-22,113.27,113.45,112.21,112.68,17338663,2053039386,0.447,-1.0711150131694436,000858.SZ
2025-06-23,112.95,114.31,112.79,114.08,17895787,2138966777,0.461,1.2424565140219945,000858.SZ
2025-06-24,114.32,114.52,113.25,114.49,17864721,2135738739,0.46,0.3593969144459974,000858.SZ
2025-06-25,114.42,114.92,113.96,114.06,16637264,1997480065,0.429,-0.3755786531574712,000858.SZ
2025-06-26,114.04,114.25,113.4,113.53,16021567,1913691952,0.413,-0.46466771874452695,000858.SZ
2025-06-29,113.53,113.92,112.68,113.27,22368008,2660701232,0.576,-0.2290143574385617,000858.SZ
2025-06-30,113.35,113.35,112.68,113.01,12218321,1449250746,0.315,-0.2295400370795342,000858.SZ
2025-07-01,113.01,114.22,112.9,113.53,15447681,1840968960,0.398,0.4601362711264434,000858.SZ
2025-07-02,113.53,114.15,113.27,113.95,12243011,1463537870,0.315,0.36994626970845434,000858.SZ
2025-07-03,113.64,115.03,113.54,114.69,17067930,2049279008,0.44,0.6494076349276012,000858.SZ
2025-07-06,114.52,114.81,114.13,114.23,8581080,1030097661,0.221,-0.40108117534222165,000858.SZ
2025-07-07,114.17,115.14,114.15,115.06,11663123,1404970363,0.3,0.7266042195570366,000858.SZ
2025-07-08,115.11,117.03,114.78,115.84,20349574,2482658941,0.524,0.6779071788632018,000858.SZ
2025-07-09,115.3,117.06,115.17,116.77,16271646,1983620004,0.419,0.8028314917126966,000858.SZ
2025-07-10,116.76,119.06,116.43,118.41,28718907,3562808114,0.74,1.4044703262824365,000858.SZ
2025-07-13,118.47,119.59,117.55,119.47,21913998,2734366851,0.565,0.8951946626129637,000858.SZ
2025-07-14,118.91,119.57,118.43,119.08,19332839,2415360200,0.498,-0.32644178454842576,000858.SZ
2025-07-15,118.7,119.92,118.7,119.35,17869945,2237883046,0.46,0.2267383271750134,000858.SZ
2025-07-16,119.35,120.14,118.95,119.86,17299880,2171582212,0.446,0.4273146208630063,000858.SZ
2025-07-17,120.08,121.81,119.09,120.96,21020856,2597764485,0.542,0.9177373602536232,000858.SZ
2025-07-20,120.96,120.97,119.47,119.77,18778433,2304021397,0.484,-0.983796296296291,000858.SZ
2025-07-21,119.77,123.03,119.77,122.67,30377165,3784887030,0.783,2.421307506053272,000858.SZ
2025-07-22,122.84,123.99,122.28,122.35,22906716,2887980079,0.59,-0.26086247656313954,000858.SZ
2025-07-23,122.3,122.9,121.67,122.69,15601222,1955643592,0.402,0.27789129546382796,000858.SZ
2025-07-24,122.69,122.74,120.66,120.73,18400674,2284994445,0.474,-1.5975222104490983,000858.SZ
2025-07-27,120.71,121.34,119.22,121.24,17851106,2196293738,0.46,0.42243021618486587,000858.SZ
2025-07-28,120.69,121.17,119.42,120.71,18515092,2276717869,0.477,-0.4371494556252076,000858.SZ
2025-07-29,120.75,122.3,120.48,121.69,22412427,2789922636,0.577,0.8118631430701795,000858.SZ
2025-07-30,121.2,121.28,118.1,118.39,30468735,3717607979,0.785,-2.711808694223028,000858.SZ
2025-07-31,118.38,118.85,117.65,118.25,12322595,1491109255,0.317,-0.11825323084719841,000858.SZ
2025-08-03,117.89,118.47,117.71,118.17,8593314,1038364798,0.221,-0.06765327695560375,000858.SZ
2025-08-04,118.2,119.44,118.2,119.18,13944554,1698256512,0.359,0.8547008547008517,000858.SZ
2025-08-05,119.2,119.71,118.73,119.38,11968359,1460865583,0.308,0.16781339150864216,000858.SZ
2025-08-06,119.35,120.34,119.18,119.76,11570286,1419842885,0.298,0.3183112749204353,000858.SZ
2025-08-07,119.76,120.08,119.19,119.44,8242559,1008572356,0.212,-0.2672010688042792,000858.SZ
2025-08-10,119.37,121.52,119.33,121.12,18266039,2257903784,0.471,1.406563965170804,000858.SZ
2025-08-11,121.08,122.48,120.21,120.39,21137375,2625229654,0.545,-0.6027080581241795,000858.SZ
2025-08-12,120.21,120.66,119.73,120.39,15582285,1916294686,0.401,0.0,000858.SZ
2025-08-13,120.38,122.01,119.98,120.05,19906336,2461442362,0.513,-0.2824154830135428,000858.SZ
2025-08-14,119.75,120.49,119.13,120.3,19394317,2376497642,0.5,0.20824656393170216,000858.SZ
2025-08-17,120.3,121.82,120.02,120.93,25530142,3163846038,0.658,0.5236907730673312,000858.SZ
2025-08-18,120.95,122.89,120.95,121.58,32724162,4087820978,0.8431,0.5375010336558184,000858.SZ
2025-08-19,121.59,123.62,120.54,122.92,40431044,5083056591,1.0416,1.1021549596973212,000858.SZ
2025-08-20,122.94,123.26,122.02,122.6,23189477,2908492491,0.5974,-0.260331923202084,000858.SZ
2025-08-21,122.6,122.96,122.11,122.93,20484997,2567683361,0.5278,0.269168026101152,000858.SZ
2025-08-24,123.31,127.13,123.31,126.97,47980003,6165955081,1.2361,3.2864231676563938,000858.SZ
2025-08-25,126.97,128.85,125.72,126.79,34979445,4552425053,0.9012,-0.1417657714420706,000858.SZ
2025-08-26,126.55,126.55,123.72,123.74,34684706,4441325744,0.8936,-2.4055524883666024,000858.SZ
2025-08-27,123.73,124.31,121.18,122.62,34583488,4340085829,0.891,-0.9051236463552548,000858.SZ
2025-08-28,123.31,126.85,123.25,126.58,43525090,5610236643,1.1214,3.229489479693348,000858.SZ
2025-08-31,127.04,127.14,124.62,125.94,31694195,4074402941,0.8166,-0.505609100963822,000858.SZ
2025-09-01,125.49,128.14,125.2,125.64,34916169,4522779365,0.8996,-0.23820867079561436,000858.SZ
2025-09-02,126.07,128.51,123.51,123.74,30286319,3883434402,0.7803,-1.5122572429162706,000858.SZ
2025-09-03,123.43,123.62,121.89,122.65,26187312,3286629625,0.6747,-0.8808792629707352,000858.SZ
2025-09-04,122.55,124.13,121.96,123.92,20173355,2537085185,0.5197,1.0354667753770919,000858.SZ
2025-09-07,123.82,126.21,123.39,126.15,30536352,3923785754,0.7867,1.7995480955455223,000858.SZ
2025-09-08,126.14,126.44,124.68,125.87,18440608,2368186108,0.4751,-0.22195798652397958,000858.SZ
2025-09-09,125.87,126.53,124.76,125.15,19964491,2565580225,0.5144,-0.5720187495034557,000858.SZ
2025-09-10,124.52,125.62,123.92,125.6,22997326,2932816233,0.5925,0.3595685177786523,000858.SZ
2025-09-11,125.58,126.72,124.23,124.3,26270390,3359522974,0.6768,-1.0350318471337605,000858.SZ
2025-09-14,123.72,124.21,123.18,123.77,16656948,2109473460,0.4291,-0.42638777152052,000858.SZ
2025-09-15,123.77,123.96,122.55,122.94,19108652,2405374663,0.4923,-0.6705986911206274,000858.SZ
2025-09-16,122.95,123.46,121.98,123.09,18133640,2276167360,0.4672,0.12201073694486642,000858.SZ
2025-09-17,123.08,123.09,120.72,121.12,27547752,3434002463,0.7097,-1.6004549516613897,000858.SZ
2025-09-18,121.11,121.77,120.01,121.26,19668801,2431126956,0.5067,0.11558784676353184,000858.SZ
2025-09-21,120.79,120.89,119.4,119.71,19643327,2412049779,0.5061,-1.2782450931882017,000858.SZ
2025-09-22,119.23,120.46,118.79,119.41,17207909,2101237749,0.4433,-0.25060563027315963,000858.SZ
2025-09-23,119.41,120.06,119.03,119.59,13056429,1597546879,0.3364,0.15074114395778881,000858.SZ
2025-09-24,119.62,119.87,118.75,118.76,19455497,2371492767,0.5012,-0.6940379630403837,000858.SZ
2025-09-25,118.76,118.9,117.29,117.44,26192542,3154953964,0.6748,-1.1114853486022258,000858.SZ
2025-09-28,117.52,119.78,117.06,119.15,25635752,3105049104,0.6605,1.4560626702997403,000858.SZ
2025-09-29,118.68,119.06,118.12,118.72,15457057,1875945187,0.3982,-0.3608896349139745,000858.SZ
2025-10-08,118.68,118.68,117.16,118.4,20375652,2455273213,0.525,-0.26954177897573484,000858.SZ
2025-10-09,118.38,119.34,117.91,117.98,17535995,2126979085,0.4518,-0.35472972972973027,000858.SZ
2025-10-12,116.93,117.66,116.53,117.12,19583470,2345294276,0.5045,-0.7289371079844065,000858.SZ
2025-10-13,117.83,119.78,117.29,119.29,29165582,3543893434,0.7514,1.8528005464480968,000858.SZ
2025-10-14,118.58,119.86,118.31,119.29,19459557,2371853783,0.5013,0.0,000858.SZ
2025-10-15,118.98,119.96,118.74,119.95,19847810,2427170002,0.5114,0.5532735350825657,000858.SZ
2025-10-16,119.22,120.16,118.31,118.32,18040798,2197211376,0.4648,-1.3588995414756222,000858.SZ
2025-10-19,118.59,118.78,117.37,117.72,13164496,1589202775,0.3392,-0.5070993914807254,000858.SZ
2025-10-20,118.03,118.74,117.61,117.78,14729356,1780274211,0.3795,0.05096839959224386,000858.SZ
2025-10-21,117.27,118.02,117.17,117.37,12782668,1536553800,0.3293,-0.34810663949736975,000858.SZ
2025-10-22,117.27,118.69,117.23,118.57,15571808,1879432996,0.4012,1.0224077702990497,000858.SZ
2025-10-23,118.22,118.52,117.37,117.55,17432200,2099912711,0.4491,-0.8602513283292534,000858.SZ
2025-10-26,117.32,117.81,117.15,117.55,14394337,1729967257,0.3709,0.0,000858.SZ
2025-10-27,117.55,117.94,117.28,117.37,14019459,1686492048,0.3612,-0.15312632922159786,000858.SZ
2025-10-28,117.13,117.22,115.52,116.13,24508270,2910549080,0.6314,-1.0564880293090329,000858.SZ
2025-10-29,115.33,116.83,115.32,115.77,20432985,2423170734,0.5264,-0.30999741668819025,000858.SZ
2025-10-30,112.77,116.92,112.77,116.28,42107702,4986642237,1.0848,0.4405286343612369,000858.SZ
2025-11-02,115.8,116.88,114.83,116.27,22327034,2646147018,0.5752,-0.00859993120055913,000858.SZ
2025-11-03,116.08,116.28,114.35,114.49,17273363,2034069113,0.445,-1.5309194117141156,000858.SZ
2025-11-04,113.7,114.34,113.36,113.54,16463035,1915561293,0.4241,-0.829766791859543,000858.SZ
2025-11-05,113.86,114.63,113.42,113.53,15467307,1803321902,0.3985,-0.008807468733496027,000858.SZ
2025-11-06,113.53,114.33,113.31,114.09,14543557,1694831993,0.3747,0.493261692944591,000858.SZ
2025-11-09,114.09,118.81,113.89,118.05,42906459,5132402569,1.1054,3.4709439915855844,000858.SZ
2025-11-10,117.51,118.22,116.49,118.03,22926794,2754670110,0.5907,-0.016941973739936778,000858.SZ
2025-11-11,118.04,119.71,117.61,117.64,22254439,2700551157,0.5734,-0.33042446835550576,000858.SZ
2025-11-12,117.27,118.51,116.91,118.44,16002293,1928439961,0.4123,0.6800408024481452,000858.SZ
2025-11-13,117.93,119.21,117.46,117.48,13924365,1683294872,0.3587,-0.8105369807497431,000858.SZ
2025-11-16,117.29,117.79,116.3,117.42,11738778,1406740312,0.3024,-0.05107252298264253,000858.SZ
2025-11-17,117.27,118.98,117.04,117.62,14766867,1784778982,0.3804,0.1703287344575033,000858.SZ
2025-11-18,117.58,117.75,116.98,117.16,9514962,1142098879,0.2451,-0.39108995068866115,000858.SZ
2025-11-19,117.15,118.87,116.88,117.51,15825845,1909518433,0.4077,0.298736770228758,000858.SZ
2025-11-20,117.38,118.65,116.69,116.96,20507164,2468277644,0.5283,-0.4680452727427564,000858.SZ
2025-11-23,117.03,117.72,115.8,115.82,17301096,2066246186,0.4457,-0.9746922024623794,000858.SZ
2025-11-24,115.82,116.2,115.15,115.81,14660888,1735233690,0.3777,-0.008634087376957478,000858.SZ
2025-11-25,115.82,116.58,115.32,115.57,9169759,1085069921,0.2362,-0.2072359899836007,000858.SZ
2025-11-26,115.61,115.79,115.02,115.26,9215651,1087246956,0.2374,-0.2682357013065517,000858.SZ
2025-11-27,115.22,115.26,114.68,115.17,8029619,945107391,0.2069,-0.07808433107756585,000858.SZ
2025-11-30,115.12,115.92,114.44,114.97,12091201,1422932700,0.3115,-0.1736563341147912,000858.SZ
2025-12-01,114.92,115.09,113.85,113.92,12492841,1461213467,0.3219,-0.9132817256675585,000858.SZ
2025-12-02,114.06,114.39,112.87,112.97,16587100,1923087546,0.4273,-0.8339185393258397,000858.SZ
2025-12-03,112.98,113.12,111.52,111.85,16929153,1940544885,0.4362,-0.9914136496415038,000858.SZ
2025-12-04,111.87,112.75,111.61,112.34,11768183,1351054927,0.3032,0.438086723290132,000858.SZ
2025-12-07,112.24,112.51,110.53,110.69,27697874,3157374147,0.7136,-1.4687555634680494,000858.SZ
2025-12-08,110.43,110.51,107.99,108.36,30431037,3390789037,0.784,-2.1049778661125673,000858.SZ
2025-12-09,107.99,109.21,107.02,109.08,17869587,1984146058,0.4604,0.6644518272425293,000858.SZ
2025-12-10,109.45,110.17,109.24,109.35,15788422,1772255902,0.4068,0.24752475247524774,000858.SZ
2025-12-11,109.75,111.11,109.06,109.06,25702210,2889348467,0.6622,-0.2652034750800114,000858.SZ
2025-12-14,109.75,110.68,109.5,109.89,21568629,2429077630,0.5557,0.7610489638731011,000858.SZ
2025-12-15,109.45,110.52,109.12,110.43,14506767,1631458612,0.3737,0.49140049140050657,000858.SZ
2025-12-16,110.43,111.16,109.55,110.82,15314001,1732389486,0.3945,0.35316490084214003,000858.SZ
2025-12-17,110.82,111.16,110.33,110.43,12462850,1379153250,0.3211,-0.3519220357336095,000858.SZ
2025-12-18,110.65,110.88,110.04,110.53,13818718,1526045351,0.356,0.0905551027800433,000858.SZ
2025-12-21,110.51,110.8,110.12,110.33,10846497,1197376767,0.2794,-0.18094634940740706,000858.SZ
2025-12-22,110.13,110.43,109.33,109.72,11354023,1248444948,0.2925,-0.5528867941629656,000858.SZ
2025-12-23,109.5,109.59,108.78,109.28,11790469,1286401444,0.3038,-0.4010207801676935,000858.SZ
2025-12-24,109.28,110.7,109.2,110.6,12570809,1385101983,0.3239,1.2079062957540243,000858.SZ
2025-12-25,110.1,110.49,109.44,109.78,11475889,1261539560,0.2957,-0.7414104882459305,000858.SZ
2025-12-28,109.44,109.6,108.0,108.06,19545251,2119598416,0.5036,-1.5667699034432436,000858.SZ
2025-12-29,107.9,107.99,107.02,107.36,15847027,1700875914,0.4083,-0.6477882657782708,000858.SZ
2025-12-30,107.19,107.25,105.61,105.94,20867682,2214652658,0.5376,-1.3226527570789903,000858.SZ
2026-01-04,105.9,108.19,105.7,107.9,22266864,2390973424,0.5737,1.8501038323579522,000858.SZ
2026-01-05,107.92,108.43,106.92,108.17,18623239,2006335250,0.4798,0.2502316960148354,000858.SZ
2026-01-06,108.18,108.34,107.4,107.52,12309189,1326159416,0.3171,-0.6009059813256945,000858.SZ
2026-01-07,107.38,107.38,106.66,106.9,12912133,1379204589,0.3327,-0.5766369047618958,000858.SZ
2026-01-08,107.05,108.55,106.88,107.14,16074962,1727812911,0.4141,0.22450888681009307,000858.SZ
2026-01-11,107.15,108.85,107.13,108.55,23335607,2526732764,0.6012,1.3160350942691856,000858.SZ
2026-01-12,108.99,109.22,107.82,108.0,19737379,2140822643,0.5085,-0.506678949792716,000858.SZ
2026-01-13,107.88,108.84,106.68,107.04,22560863,2430589610,0.5812,-0.8888888888888835,000858.SZ
2026-01-14,106.7,107.22,106.02,106.09,16292886,1733698629,0.4198,-0.887518684603894,000858.SZ
2026-01-15,106.25,106.41,105.05,105.16,19870993,2096582184,0.5119,-0.8766141954943962,000858.SZ
2026-01-18,104.99,105.38,104.34,104.55,18229885,1908481791,0.4697,-0.5800684670977607,000858.SZ
2026-01-19,104.5,105.47,104.3,104.91,17281662,1813980705,0.4452,0.3443328550932545,000858.SZ
2026-01-20,104.62,104.7,103.0,103.05,26228280,2711884886,0.6757,-1.7729482413497255,000858.SZ
2026-01-21,103.07,103.72,102.61,102.76,18691474,1926511774,0.4816,-0.28141678796700376,000858.SZ
2026-01-22,102.8,103.71,102.7,102.99,21455918,2214166357,0.5528,0.22382249902683782,000858.SZ
2026-01-25,102.96,103.5,101.06,102.34,31296115,3203042467,0.8063,-0.6311292358481269,000858.SZ
2026-01-26,102.12,102.33,101.02,101.02,22528720,2283721968,0.5804,-1.2898182528825575,000858.SZ
2026-01-27,101.03,101.85,100.63,100.7,26676739,2696600351,0.6873,-0.3167689566422438,000858.SZ
2026-01-28,100.7,110.77,100.5,110.77,98660393,10450873886,2.5418,9.999999999999986,000858.SZ
2026-01-29,110.77,110.78,105.0,105.0,66817118,7156298339,1.7214,-5.208991604224966,000858.SZ
2026-02-01,105.08,110.76,105.08,107.29,53197704,5754087577,1.3706,2.1809523809523945,000858.SZ
2026-02-02,107.08,108.78,106.6,107.28,33164323,3556634123,0.8544,-0.00932053313450476,000858.SZ
2026-02-03,106.5,109.41,106.28,108.52,37891682,4088740226,0.9762,1.1558538404175867,000858.SZ
2026-02-04,107.9,110.55,107.66,108.89,37284641,4071834696,0.9606,0.34095097677848685,000858.SZ
2026-02-05,108.9,109.73,106.81,107.0,27652192,2975510012,0.7124,-1.7356965745247477,000858.SZ
2026-02-08,106.8,107.69,106.47,107.36,20889162,2237802124,0.5382,0.33644859813084516,000858.SZ
2026-02-09,107.18,107.18,105.79,106.5,18504047,1967153218,0.4767,-0.8010432190760031,000858.SZ
2026-02-10,106.31,106.65,105.85,106.04,11499591,1219688888,0.2963,-0.4319248826290978,000858.SZ
2026-02-11,105.9,106.11,104.4,104.62,18172982,1906604083,0.4682,-1.33911731422105,000858.SZ
2026-02-12,104.7,106.88,104.17,106.06,24123984,2557578441,0.6215,1.3764098642707001,000858.SZ
2026-02-23,108.18,109.19,105.0,105.16,21014361,2233159175,0.5414,-0.8485762775787387,000858.SZ
2026-02-24,105.0,106.11,104.87,105.17,16152900,1703140853,0.4162,0.009509319132749994,000858.SZ
2026-02-25,105.0,105.33,103.6,103.88,19232479,2004360013,0.4955,-1.2265855281924587,000858.SZ
2026-02-26,103.88,104.55,103.88,104.05,11918816,1242973439,0.3071,0.16365036580670012,000858.SZ
2026-03-01,103.0,104.6,102.34,103.22,20406363,2106133136,0.5257,-0.7976934166266214,000858.SZ
2026-03-02,103.01,104.38,101.9,102.55,23059451,2370559087,0.5941,-0.6490990118194206,000858.SZ
2026-03-03,102.0,102.01,100.75,101.02,18301822,1850959672,0.4715,-1.4919551438322798,000858.SZ
2026-03-04,101.62,101.97,101.15,101.45,10052078,1020367656,0.259,0.42565828548803974,000858.SZ
2026-03-05,101.34,102.49,101.05,102.4,11291640,1150357292,0.2909,0.9364218827008441,000858.SZ
2026-03-08,101.32,102.6,101.27,101.52,17778084,1811068891,0.458,-0.8593750000000067,000858.SZ
2026-03-09,101.88,102.39,101.76,102.05,11169430,1139370872,0.2878,0.5220646178093036,000858.SZ
2026-03-10,102.05,102.35,101.59,102.18,10780126,1099529974,0.2777,0.1273885350318471,000858.SZ
2026-03-11,102.0,102.73,101.6,102.27,11661418,1189182247,0.3004,0.08807985907222093,000858.SZ
2026-03-12,102.06,103.66,101.85,102.95,15318710,1577733443,0.3947,0.6649066197320863,000858.SZ
2026-03-15,102.8,105.31,102.7,104.54,20304875,2119088706,0.5231,1.5444390480815917,000858.SZ
2026-03-16,104.54,105.82,104.0,104.79,17770249,1867733132,0.4578,0.23914291180409109,000858.SZ
2026-03-17,104.79,104.99,103.4,103.72,11720905,1217253900,0.302,-1.0210897986449141,000858.SZ
2026-03-18,103.01,103.41,102.51,102.53,11437347,1176973860,0.2947,-1.1473197069031937,000858.SZ
2026-03-19,102.53,103.18,101.9,102.4,10286504,1053023022,0.265,-0.12679215839266345,000858.SZ
2026-03-22,101.4,101.78,100.04,100.23,20518979,2064661956,0.5286,-2.1191406250000044,000858.SZ
2026-03-23,100.88,101.46,100.04,101.34,11750754,1184095484,0.3027,1.1074528584256171,000858.SZ
2026-03-24,101.35,102.58,100.88,102.45,10858964,1107451813,0.2798,1.0953226761397206,000858.SZ
2026-03-25,102.2,102.89,101.28,101.28,9592448,977853749,0.2471,-1.1420204978038084,000858.SZ
2026-03-26,100.5,102.88,100.41,102.65,10295755,1052956368,0.2653,1.3526856240126506,000858.SZ
2026-03-29,101.99,103.9,101.8,103.46,12490697,1286843153,0.3218,0.7890891378470322,000858.SZ
2026-03-30,105.0,105.8,103.27,103.27,17834771,1865043694,0.4595,-0.18364585346993811,000858.SZ
2026-03-31,103.97,105.18,103.39,104.39,12266665,1279526789,0.316,1.0845356831606479,000858.SZ
2026-04-01,104.0,105.26,103.88,105.0,15178337,1589237202,0.391,0.5843471596896244,000858.SZ
2026-04-02,104.97,104.97,103.29,103.49,8308861,864181133,0.2141,-1.4380952380952383,000858.SZ
2026-04-06,103.4,103.9,102.35,103.11,8154794,839975543,0.2101,-0.3671852352884253,000858.SZ
2026-04-07,103.9,104.2,103.51,104.19,9774007,1016515698,0.2518,1.0474250800116325,000858.SZ
2026-04-08,103.38,103.69,102.5,102.6,9846158,1012935760,0.2537,-1.5260581629714998,000858.SZ
2026-04-09,102.61,102.95,102.0,102.07,12242404,1253630005,0.3154,-0.5165692007797262,000858.SZ
2026-04-12,101.64,102.45,101.08,102.42,12263434,1247104401,0.316,0.34290193004802294,000858.SZ
2026-04-13,102.42,103.4,101.88,103.1,12069637,1238173621,0.311,0.6639328256199839,000858.SZ
2026-04-14,102.9,103.99,102.68,103.55,11571256,1196292314,0.2981,0.43646944713870983,000858.SZ
2026-04-15,103.5,104.0,103.22,103.44,9016632,934168918,0.2323,-0.10622887493964006,000858.SZ
2026-04-16,101.5,102.25,101.2,101.86,16743174,1704502562,0.4314,-1.527455529775712,000858.SZ
2026-04-19,101.82,101.95,101.05,101.35,11696080,1186004538,0.3013,-0.5006872177498622,000858.SZ
2026-04-20,101.3,101.82,101.0,101.18,10828096,1095969167,0.279,-0.1677355698075811,000858.SZ
2026-04-21,101.0,101.08,100.46,100.64,14438261,1452833705,0.372,-0.5337023127100271,000858.SZ
2026-04-22,100.64,102.3,100.56,101.18,17402318,1764308585,0.4483,0.5365659777424536,000858.SZ
2026-04-23,100.65,101.92,100.3,101.27,13453338,1361341945,0.3466,0.08895038545166933,000858.SZ
2026-04-26,100.5,100.53,100.05,100.2,19104782,1913778919,0.4922,-1.0565814160165776,000858.SZ
2026-04-27,100.08,100.29,99.9,100.2,12341464,1234366126,0.318,0.0,000858.SZ
2026-04-28,97.88,98.58,97.04,98.34,33863533,3316572049,0.8724,-1.8562874251497052,000858.SZ
2026-04-29,97.74,97.95,97.0,97.08,24820895,2413614789,0.6395,-1.281269066503976,000858.SZ
2026-05-05,90.78,94.5,90.1,92.26,87159923,7989429629,2.2455,-4.9649773382776985,000858.SZ
2026-05-06,92.43,93.85,92.43,92.6,53627788,4986385438,1.3816,0.36852373726423693,000858.SZ
2026-05-07,92.6,92.8,91.66,92.13,25964091,2396026818,0.6689,-0.5075593952483803,000858.SZ
2026-05-10,92.03,92.29,91.37,91.81,26932456,2469941064,0.6939,-0.34733528709431916,000858.SZ
2026-05-11,91.8,91.93,90.5,90.56,37297423,3387693472,0.9609,-1.3615074610608846,000858.SZ
2026-05-12,90.57,90.83,88.74,89.15,46720129,4173652013,1.2037,-1.5569787985865724,000858.SZ
2026-05-13,88.81,91.28,87.78,88.99,50314824,4478188841,1.2963,-0.17947279865396792,000858.SZ
2026-05-14,88.0,88.08,86.62,86.87,36117869,3145651221,0.9305,-2.3822901449600975,000858.SZ
2026-05-17,86.65,86.65,85.2,85.57,39363075,3374154020,1.0141,-1.496489006561541,000858.SZ
2026-05-18,85.8,87.25,85.41,85.78,30494149,2630415264,0.7856,0.24541311207200156,000858.SZ
2026-05-19,85.21,86.06,84.54,85.47,30461662,2599236031,0.7848,-0.36138960130567277,000858.SZ
2026-05-20,85.51,87.2,85.23,85.35,32663033,2812401965,0.8415,-0.14040014040014315,000858.SZ
2026-05-21,85.58,85.6,84.03,84.03,26037090,2196206566,0.6708,-1.5465729349736335,000858.SZ
2026-05-24,83.63,84.99,83.02,84.14,29202467,2456799767,0.7523,0.13090562894204627,000858.SZ
2026-05-25,83.74,84.59,82.88,83.36,27730383,2315776877,0.7144,-0.9270263845970961,000858.SZ
2026-05-26,83.0,86.25,81.7,83.89,60380066,5045124429,1.5556,0.6357965451055714,000858.SZ
2026-05-27,82.56,82.83,81.3,81.49,36237862,2969342510,0.9336,-2.8608892597449143,000858.SZ
2026-05-28,80.99,85.59,80.88,84.89,60110125,5028433895,1.5486,4.172291078659973,000858.SZ
2026-05-31,83.95,83.95,82.83,83.41,27998720,2332216892,0.7213,-1.7434326775827569,000858.SZ
2026-06-01,83.38,83.98,82.42,82.71,23817861,1977315316,0.6136,-0.8392279103225042,000858.SZ
2026-06-02,82.6,82.97,81.62,82.35,21154363,1737250497,0.545,-0.43525571273123065,000858.SZ
2026-06-03,82.35,82.79,81.1,81.1,20421067,1668519854,0.5261,-1.5179113539769307,000858.SZ
2026-06-04,81.5,82.42,81.03,81.08,21936442,1789684297,0.5652,-0.024660912453755568,000858.SZ
2026-06-07,81.01,81.69,79.56,79.96,27525203,2207910676,0.7091,-1.3813517513566853,000858.SZ
2026-06-08,79.9,80.0,78.88,79.11,21841173,1731012017,0.5627,-1.063031515757873,000858.SZ
2026-06-09,79.03,79.75,78.6,79.14,23072564,1830058908,0.5944,0.03792188092528459,000858.SZ
2026-06-10,78.78,79.98,77.65,79.79,37819589,2978558093,0.9744,0.8213292898660685,000858.SZ
2026-06-11,79.39,80.92,79.21,79.92,35834421,2870646295,0.9232,0.16292768517356393,000858.SZ
2026-06-14,79.96,80.28,79.1,79.63,24061117,1916505152,0.6199,-0.3628628628628672,000858.SZ
2026-06-15,79.39,79.5,78.15,78.33,21756586,1708709322,0.5605,-1.6325505462765233,000858.SZ
2026-06-16,78.3,78.7,77.25,77.49,22258774,1727945965,0.5735,-1.072386058981234,000858.SZ
2026-06-17,77.28,77.36,75.85,75.85,32684306,2499475187,0.8421,-2.1164021164021163,000858.SZ
2026-06-21,75.5,77.44,74.79,76.55,35627629,2704470458,0.9179,0.9228740936058077,000858.SZ
2026-06-22,76.15,78.32,74.37,74.76,46610269,3550233244,1.2008,-2.338340953625073,000858.SZ
2026-06-23,74.54,75.45,73.28,73.3,30007758,2218704130,0.7731,-1.9529159978598276,000858.SZ
2026-06-24,73.05,75.68,72.9,75.0,49143223,3656493222,1.2661,2.3192360163710735,000858.SZ
2026-06-25,74.9,75.72,73.13,73.17,32352113,2397332873,0.8335,-2.4399999999999977,000858.SZ
