date,open,high,low,close,volume
2016-11-03,22.154,22.583,22.139,22.517,41955.0
2016-11-04,22.517,22.524,22.065,22.065,45132.0
2016-11-07,21.857,23.287,21.45,22.828,78562.0
2016-11-08,22.598,23.257,22.598,23.183,69132.0
2016-11-09,23.205,23.472,22.08,22.991,85935.0
2016-11-10,23.339,23.554,23.02,23.117,52590.0
2016-11-11,23.117,23.191,22.376,22.805,59579.0
2016-11-14,22.887,23.62,22.805,23.257,73878.0
2016-11-15,23.265,23.768,22.968,23.331,60203.0
2016-11-16,23.265,23.554,23.198,23.272,45256.0
2016-11-17,23.317,23.317,22.598,22.694,35637.0
2016-11-18,22.694,22.746,22.391,22.413,29872.0
2016-11-21,22.45,22.583,21.857,22.005,54774.0
2016-11-22,22.324,22.783,22.013,22.302,56204.0
2016-11-23,22.376,22.494,22.05,22.124,50695.0
2016-11-24,22.013,22.235,21.339,21.472,48935.0
2016-11-25,21.635,21.828,21.102,21.694,38806.0
2016-11-28,21.82,21.909,21.22,21.287,50709.0
2016-11-29,21.302,21.546,20.383,20.487,64348.0
2016-11-30,20.487,20.783,20.154,20.472,50319.0
2016-12-01,20.457,20.746,20.383,20.643,33557.0
2016-12-02,20.754,20.754,19.694,19.717,41833.0
2016-12-05,19.398,19.657,18.961,18.991,48071.0
2016-12-06,19.124,19.302,18.828,19.235,46361.0
2016-12-07,19.013,19.776,18.991,19.672,45598.0
2016-12-08,19.709,19.783,19.191,19.205,34838.0
2016-12-09,19.213,19.561,18.968,19.376,37929.0
2016-12-12,19.376,19.487,17.161,17.161,78663.0
2016-12-13,16.635,17.168,15.946,16.894,84323.0
2016-12-14,16.857,17.02,16.302,16.583,52409.0
2016-12-15,16.561,17.131,16.465,16.968,44781.0
2016-12-16,17.102,17.88,16.968,17.583,78359.0
2016-12-19,17.687,17.694,16.954,17.183,47227.0
2016-12-20,17.154,17.154,16.894,17.131,22261.0
2016-12-21,17.28,17.517,17.205,17.376,31367.0
2016-12-22,17.191,17.376,16.998,17.124,33070.0
2016-12-23,17.191,17.635,17.117,17.22,44297.0
2016-12-26,17.08,17.405,16.643,17.383,39192.0
2016-12-27,17.361,17.635,17.235,17.554,45907.0
2016-12-28,17.709,17.991,17.25,17.25,56794.0
2016-12-29,17.183,17.183,16.865,16.902,34146.0
2016-12-30,16.82,17.05,16.783,16.894,20293.0
2017-01-03,16.954,17.235,16.82,16.939,28649.0
2017-01-04,17.043,18.235,16.954,18.213,120982.0
2017-01-05,17.931,18.168,17.768,17.939,68211.0
2017-01-06,17.724,18.072,17.68,17.917,54882.0
2017-01-09,17.924,18.82,17.761,18.628,79591.0
2017-01-10,18.487,18.724,18.22,18.22,48392.0
2017-01-11,18.168,18.65,17.991,18.243,41509.0
2017-01-12,18.102,18.302,17.939,17.991,31569.0
2017-01-13,17.865,18.443,17.561,18.005,42131.0
2017-01-16,18.005,18.005,15.924,16.672,64796.0
2017-01-17,16.457,17.309,16.302,17.168,43988.0
2017-01-18,16.976,17.183,16.45,16.62,30033.0
2017-01-19,16.48,16.657,16.235,16.591,23067.0
2017-01-20,16.591,17.487,16.487,17.243,43838.0
2017-01-23,17.294,17.783,17.117,17.287,37081.0
2017-01-24,17.272,17.539,17.057,17.398,31177.0
2017-01-25,17.361,17.628,17.072,17.561,36080.0
2017-01-26,17.635,18.08,17.568,18.072,49390.0
2017-02-03,18.028,18.124,17.776,17.813,22808.0
2017-02-06,17.776,18.354,17.635,18.183,52695.0
2017-02-07,18.131,18.176,17.709,17.82,33933.0
2017-02-08,17.687,18.198,17.687,18.139,40468.0
2017-02-09,18.065,18.243,17.872,18.168,38831.0
2017-02-10,18.198,18.205,17.724,17.798,40863.0
2017-02-13,17.605,17.998,17.413,17.998,40894.0
2017-02-14,17.991,18.035,17.798,17.865,22287.0
2017-02-15,17.917,17.983,17.013,17.25,35696.0
2017-02-16,17.25,17.368,17.057,17.198,31044.0
2017-02-17,17.265,17.302,16.805,16.991,30553.0
2017-02-20,16.991,17.08,16.583,16.939,28897.0
2017-02-21,16.828,17.25,16.828,17.198,33427.0
2017-02-22,17.154,18.05,17.057,17.746,63695.0
2017-02-23,17.709,18.524,17.598,18.428,108061.0
2017-02-24,18.45,19.546,18.087,18.561,151032.0
2017-02-27,18.524,18.805,18.235,18.331,58649.0
2017-02-28,18.324,18.457,17.991,18.302,45883.0
2017-03-01,18.265,18.813,18.094,18.554,58382.0
2017-03-02,18.487,18.746,18.094,18.213,40586.0
2017-03-03,18.198,19.013,17.931,19.013,113670.0
2017-03-06,19.265,20.309,19.065,20.05,159424.0
2017-03-07,19.865,20.25,19.694,19.939,92052.0
2017-03-08,19.857,20.131,19.576,19.657,56579.0
2017-03-09,19.591,19.946,19.213,19.835,65717.0
2017-03-10,19.917,19.917,19.435,19.635,49847.0
2017-03-13,19.524,20.509,19.339,20.48,106490.0
2017-03-14,20.443,20.894,20.309,20.45,109801.0
2017-03-15,20.154,20.746,19.909,20.346,69508.0
2017-03-16,20.05,20.894,19.946,20.709,120760.0
2017-03-17,21.524,21.88,20.28,20.324,150422.0
2017-03-20,19.931,20.109,19.443,19.717,93546.0
2017-03-21,19.687,19.991,19.413,19.672,62474.0
2017-03-22,19.457,19.968,19.331,19.768,56006.0
2017-03-23,19.768,19.998,19.087,19.65,63368.0
2017-03-24,19.657,19.665,19.265,19.391,46302.0
2017-03-27,19.494,19.85,19.457,19.524,50410.0
2017-03-28,19.413,20.524,19.405,20.302,85894.0
2017-03-29,20.302,20.487,19.487,19.509,68783.0
2017-03-30,19.465,19.62,18.443,18.502,72074.0
2017-03-31,18.517,18.761,17.939,18.302,66654.0
2017-04-05,18.339,18.968,18.339,18.872,57213.0
2017-04-06,18.924,19.183,18.68,18.872,44140.0
2017-04-07,18.746,19.057,18.746,18.865,35605.0
2017-04-10,18.731,18.82,17.576,17.835,68130.0
2017-04-11,17.339,18.072,17.28,18.028,55256.0
2017-04-12,17.954,18.139,15.946,17.917,38227.0
2017-04-13,17.82,18.509,17.687,18.161,39458.0
2017-04-14,18.154,18.191,17.391,17.391,30607.0
2017-04-17,17.191,17.554,16.82,17.139,27756.0
2017-04-18,17.191,17.302,16.472,16.568,29005.0
2017-04-19,16.302,16.709,16.094,16.709,34255.0
2017-04-20,16.768,16.887,16.339,16.568,21353.0
2017-04-21,16.672,16.731,15.161,15.539,47723.0
2017-04-24,15.443,15.443,14.213,14.354,62149.0
2017-04-25,14.398,14.709,14.228,14.272,28053.0
2017-04-26,14.294,14.635,14.294,14.524,23659.0
2017-04-27,14.531,15.583,14.065,15.339,57431.0
2017-04-28,15.294,16.131,15.265,15.709,43897.0
2017-05-02,15.62,15.887,15.383,15.65,27172.0
2017-05-03,15.561,16.131,15.561,15.902,28630.0
2017-05-04,15.902,15.998,15.339,15.45,25748.0
2017-05-05,15.487,15.598,15.013,15.05,27407.0
2017-05-08,15.324,15.339,14.628,14.672,31492.0
2017-05-09,14.598,15.702,14.598,15.539,44023.0
2017-05-10,15.583,15.65,14.746,14.746,40406.0
2017-05-11,14.739,16.08,14.228,15.62,51305.0
2017-05-12,15.465,15.554,15.05,15.094,37473.0
2017-05-15,15.124,15.257,14.524,14.531,37299.0
2017-05-16,14.391,15.08,14.25,15.043,40411.0
2017-05-17,15.043,15.561,14.976,15.494,52765.0
2017-05-18,15.339,15.62,15.228,15.368,32735.0
2017-05-19,15.524,15.635,15.205,15.324,25485.0
2017-05-22,15.339,15.339,14.428,14.598,30343.0
2017-05-23,14.598,14.657,13.635,13.739,47415.0
2017-05-24,13.739,14.117,13.243,13.798,33212.0
2017-05-25,13.828,14.131,13.339,14.087,40684.0
2017-05-26,14.035,14.376,13.894,14.302,37891.0
2017-05-31,14.517,14.82,14.25,14.257,32620.0
2017-06-01,14.235,14.354,13.694,13.983,29116.0
2017-06-02,14.043,14.598,13.694,14.465,27856.0
2017-06-05,14.487,15.08,14.487,14.672,30940.0
2017-06-06,14.568,15.45,14.487,15.361,56568.0
2017-06-07,15.361,15.709,15.205,15.576,42669.0
2017-06-08,15.517,17.413,15.302,16.931,94946.0
2017-06-09,16.48,16.813,16.205,16.376,45946.0
2017-06-12,16.309,16.628,15.709,15.724,39421.0
2017-06-13,15.77,16.125,15.533,15.948,30095.0
2017-06-14,16.007,16.207,15.859,16.044,23405.0
2017-06-15,16.044,16.451,16.044,16.096,38253.0
2017-06-16,16.096,16.222,15.859,15.896,24206.0
2017-06-19,15.903,16.133,15.837,15.94,14408.0
2017-06-20,16.029,16.296,15.97,16.111,23440.0
2017-06-21,16.14,16.251,15.844,15.948,18022.0
2017-06-22,15.925,16.051,14.985,15.111,40117.0
2017-06-23,15.103,15.118,14.244,14.8,32964.0
2017-06-26,14.785,15.244,14.711,15.125,26110.0
2017-06-27,15.192,15.459,14.874,15.007,17428.0
2017-06-28,15.007,15.125,14.911,14.963,14661.0
2017-06-29,15.059,15.185,14.918,14.955,19014.0
2017-06-30,14.763,14.97,14.725,14.925,32456.0
2017-07-03,14.955,15.481,14.903,15.4,28333.0
2017-07-04,15.392,15.57,15.029,15.318,40480.0
2017-07-05,15.318,15.34,15.007,15.34,22423.0
2017-07-06,15.355,15.614,15.148,15.614,38376.0
2017-07-07,15.525,16.059,15.503,16.022,45137.0
2017-07-10,16.022,16.192,15.466,15.607,37494.0
2017-07-11,15.592,16.007,15.466,15.681,34428.0
2017-07-12,15.511,15.674,14.77,15.118,37773.0
2017-07-13,15.066,15.163,14.881,14.933,20960.0
2017-07-14,14.933,15.133,14.637,14.866,22697.0
2017-07-17,14.74,14.866,13.503,13.8,49905.0
2017-07-18,13.8,14.014,13.355,13.881,25865.0
2017-07-19,13.881,14.074,13.585,13.955,26074.0
2017-07-20,13.933,14.57,13.837,14.518,35848.0
2017-07-21,14.414,14.607,13.955,14.0,31883.0
2017-07-24,14.096,14.533,13.74,14.429,41471.0
2017-07-25,14.348,14.888,14.214,14.392,31882.0
2017-07-26,14.281,14.503,13.674,13.881,51509.0
2017-07-27,13.8,14.437,13.688,14.259,40521.0
2017-07-28,14.259,14.592,14.029,14.207,29770.0
2017-07-31,14.244,14.525,14.17,14.288,23276.0
2017-08-01,14.325,14.985,14.222,14.955,49418.0
2017-08-02,14.837,14.94,14.503,14.54,40260.0
2017-08-03,14.481,14.785,14.288,14.311,28423.0
2017-08-04,14.237,14.348,13.874,14.096,41904.0
2017-08-07,14.096,14.392,14.044,14.103,25677.0
2017-08-08,14.214,14.303,13.888,14.059,18798.0
2017-08-09,14.118,14.37,13.97,14.311,26080.0
2017-08-10,14.37,14.6,14.118,14.296,29654.0
2017-08-11,14.133,14.288,14.066,14.096,29228.0
2017-08-14,14.074,14.592,14.022,14.592,33255.0
2017-08-15,14.592,14.674,14.481,14.614,19768.0
2017-08-16,14.659,15.125,14.629,14.955,45278.0
2017-08-17,14.874,15.251,14.844,15.074,39068.0
2017-08-18,14.955,15.244,14.688,14.703,27293.0
2017-08-21,14.748,14.977,14.244,14.703,22622.0
2017-08-22,14.681,14.807,14.503,14.511,20697.0
2017-08-23,14.548,14.74,14.392,14.622,19766.0
2017-08-24,14.288,14.607,14.288,14.325,18151.0
2017-08-25,14.451,14.74,14.363,14.651,19950.0
2017-08-28,14.577,15.111,14.577,14.94,36028.0
2017-08-29,14.955,15.229,14.837,15.037,34762.0
2017-08-30,15.037,15.481,14.94,15.185,37107.0
2017-08-31,15.185,15.933,15.125,15.814,57519.0
2017-09-01,15.822,16.096,15.6,15.97,48474.0
2017-09-04,15.963,17.681,15.814,17.244,139818.0
2017-09-05,17.118,17.57,16.859,16.911,74714.0
2017-09-06,16.977,17.481,16.837,17.133,57743.0
2017-09-07,17.133,18.244,17.022,17.318,104965.0
2017-09-08,17.222,17.429,16.851,17.022,56664.0
2017-09-11,16.97,18.007,16.97,17.874,70654.0
2017-09-12,18.022,18.022,17.503,17.859,69060.0
2017-09-13,17.859,18.096,17.54,17.837,50095.0
2017-09-14,17.844,19.059,17.844,18.674,102721.0
2017-09-15,18.859,19.133,18.111,18.355,71321.0
2017-09-18,18.525,18.896,18.14,18.681,57223.0
2017-09-19,19.096,19.8,18.54,18.874,125822.0
2017-09-20,18.763,20.437,18.511,19.992,137195.0
2017-09-21,19.6,20.54,19.177,19.229,105034.0
2017-09-22,19.133,19.133,18.177,18.311,87101.0
2017-09-25,18.466,18.874,18.059,18.318,64604.0
2017-09-26,18.274,18.629,18.022,18.325,46580.0
2017-09-27,18.325,18.748,18.096,18.644,47553.0
2017-09-28,18.622,19.318,18.57,19.155,80319.0
2017-09-29,19.177,19.555,19.0,19.303,64103.0
2017-10-09,19.437,20.229,19.392,19.422,76847.0
2017-10-10,19.4,19.555,18.54,19.148,56836.0
2017-10-11,18.925,19.125,18.022,18.185,73841.0
2017-10-12,18.133,18.888,18.059,18.763,63050.0
2017-10-13,18.8,19.577,18.763,19.422,62385.0
2017-10-16,19.466,19.563,18.503,18.659,42344.0
2017-10-17,18.659,19.859,18.437,19.548,58607.0
2017-10-18,19.622,19.918,19.14,19.414,57075.0
2017-10-19,19.355,19.377,18.696,18.807,38069.0
2017-10-20,18.837,19.54,18.837,19.481,37361.0
2017-10-23,19.8,20.207,19.429,20.007,68152.0
2017-10-24,20.022,20.155,19.414,19.607,49721.0
2017-10-25,19.755,20.614,19.444,20.207,92349.0
2017-10-26,20.066,21.37,19.985,21.133,86003.0
2017-10-27,21.044,21.281,20.644,20.955,58090.0
2017-10-30,20.911,21.874,20.029,21.318,103999.0
2017-10-31,21.133,22.059,20.963,21.733,73809.0
2017-11-01,21.651,24.014,21.503,23.481,156609.0
2017-11-02,23.666,24.881,23.222,24.022,165845.0
2017-11-03,23.844,26.237,23.644,25.607,178193.0
2017-11-06,26.133,27.592,25.111,25.725,292350.0
2017-11-07,25.629,26.896,25.429,26.792,207133.0
2017-11-08,26.54,26.97,25.948,26.022,173412.0
2017-11-09,25.948,27.192,25.703,26.503,180243.0
2017-11-10,26.54,29.051,26.54,28.355,228974.0
2017-11-13,28.318,31.474,28.192,31.474,249953.0
2017-11-14,31.977,32.718,30.007,30.577,300333.0
2017-11-15,29.807,31.214,29.377,30.614,243995.0
2017-11-16,30.4,30.525,28.022,29.429,261742.0
2017-11-17,29.059,29.318,26.392,26.837,239787.0
2017-11-20,26.325,28.933,26.325,28.8,235629.0
2017-11-21,28.763,28.985,27.207,28.251,217224.0
2017-11-22,27.948,30.259,27.948,29.111,250069.0
2017-11-23,29.059,30.17,27.888,29.0,245241.0
2017-11-24,28.466,28.688,25.822,25.822,169311.0
2017-11-27,25.022,26.007,23.051,23.503,209904.0
2017-11-28,23.429,24.903,23.429,24.718,139985.0
2017-11-29,24.407,24.585,22.659,23.874,126711.0
2017-11-30,23.844,24.733,23.629,23.77,111087.0
2017-12-01,23.874,25.303,23.874,24.525,135867.0
2017-12-04,24.451,25.111,23.133,24.763,119006.0
2017-12-05,24.451,24.822,22.688,23.251,137094.0
2017-12-06,23.051,24.911,23.014,24.837,133770.0
2017-12-07,24.696,26.74,24.696,25.948,192741.0
2017-12-08,25.763,26.837,25.429,25.859,163383.0
2017-12-11,25.503,26.348,25.488,26.288,107346.0
2017-12-12,26.244,28.451,25.896,26.829,181797.0
2017-12-13,26.829,27.903,26.385,27.785,128168.0
2017-12-14,27.681,28.155,27.0,27.666,112205.0
2017-12-15,27.563,28.148,26.111,26.688,130698.0
2017-12-18,26.533,26.681,23.948,24.785,137270.0
2017-12-19,24.696,25.244,24.696,24.948,76763.0
2017-12-20,24.666,25.503,24.318,24.911,96162.0
2017-12-21,24.666,26.333,24.451,26.074,114973.0
2017-12-22,26.022,27.488,25.874,26.948,126084.0
2017-12-25,26.748,27.2,26.377,26.54,109229.0
2017-12-26,26.577,27.118,25.355,26.985,113793.0
2017-12-27,26.985,27.874,26.096,26.177,114484.0
2017-12-28,25.755,26.985,25.392,26.14,91462.0
2017-12-29,25.881,28.081,25.851,27.903,167119.0
2018-01-02,28.251,28.377,27.414,28.266,124888.0
2018-01-03,28.096,28.725,27.688,28.296,123826.0
2018-01-04,28.022,28.985,28.022,28.377,137775.0
2018-01-05,28.244,28.281,26.525,26.874,164087.0
2018-01-08,26.474,26.474,25.34,25.918,131341.0
2018-01-09,25.925,26.044,25.274,25.696,75395.0
2018-01-10,25.8,26.163,23.948,24.54,129609.0
2018-01-11,24.303,25.029,23.97,24.777,83474.0
2018-01-12,24.829,25.044,23.54,23.592,92776.0
2018-01-15,23.296,23.57,21.214,21.718,148919.0
2018-01-16,21.874,21.992,21.133,21.585,92480.0
2018-01-17,21.563,22.874,20.837,22.392,144488.0
2018-01-18,22.074,23.088,21.651,22.963,144415.0
2018-01-19,22.392,22.948,21.933,21.948,111083.0
2018-01-22,21.963,22.94,20.955,22.451,128444.0
2018-01-23,22.229,22.866,22.111,22.311,67739.0
2018-01-24,22.222,23.703,21.896,23.451,147495.0
2018-01-25,23.244,23.777,22.837,22.844,88337.0
2018-01-26,22.844,23.229,22.525,22.637,57128.0
2018-01-29,22.651,23.014,20.192,20.281,136824.0
2018-01-30,20.244,20.8,20.059,20.303,69121.0
2018-01-31,20.096,20.57,19.54,20.0,65796.0
2018-02-01,20.118,20.651,19.577,19.888,68589.0
2018-02-02,19.955,19.955,18.614,19.266,73444.0
2018-02-05,18.874,19.77,18.6,19.363,60343.0
2018-02-06,18.703,19.14,17.148,17.148,121998.0
2018-02-07,17.577,17.651,15.451,16.577,149257.0
2018-02-08,16.385,17.651,16.348,17.281,126732.0
2018-02-09,16.607,18.096,16.548,17.274,126940.0
2018-02-12,17.548,18.8,17.548,18.207,123534.0
2018-02-13,18.466,18.881,18.17,18.311,89671.0
2018-02-14,18.533,18.607,17.829,18.014,45342.0
2018-02-22,18.229,19.57,18.111,19.274,73011.0
2018-02-23,19.281,19.392,18.614,19.022,63294.0
2018-02-26,19.192,21.207,19.029,21.207,161644.0
2018-02-27,21.281,22.533,21.148,21.466,208023.0
2018-02-28,21.488,23.244,21.437,22.155,168794.0
2018-03-01,21.837,23.881,21.763,23.614,164687.0
2018-03-02,23.133,24.229,22.911,23.725,165536.0
2018-03-05,23.577,24.429,22.94,24.274,142733.0
2018-03-06,24.614,26.007,24.392,24.8,199356.0
2018-03-07,24.577,25.57,24.318,25.059,123046.0
2018-03-08,25.0,25.148,24.118,24.488,94138.0
2018-03-09,24.525,25.437,24.392,25.074,110286.0
2018-03-12,25.355,26.733,25.185,26.725,151354.0
2018-03-13,26.392,26.822,25.725,26.007,113017.0
2018-03-14,25.592,25.955,24.103,24.577,129679.0
2018-03-15,24.311,25.177,23.896,25.059,122687.0
2018-03-16,24.688,25.103,23.903,23.933,101987.0
2018-03-19,24.022,25.488,24.014,24.659,130030.0
2018-03-20,24.755,25.718,24.725,25.251,117424.0
2018-03-21,25.222,25.651,24.17,24.244,118389.0
2018-03-22,24.511,25.318,24.244,24.607,127524.0
2018-03-23,23.177,24.237,22.355,22.948,134983.0
2018-03-26,22.948,25.525,22.948,25.525,199993.0
2018-03-27,26.466,28.229,25.54,27.903,287825.0
2018-03-28,27.281,28.237,26.97,27.281,188238.0
2018-03-29,27.444,28.674,26.911,28.096,156675.0
2018-03-30,28.466,31.185,28.192,31.185,237517.0
2018-04-02,31.837,32.718,30.214,30.348,275191.0
2018-04-03,29.792,30.288,29.111,30.185,155857.0
2018-04-04,30.488,31.644,29.651,30.17,162224.0
2018-04-09,30.022,31.518,28.688,30.896,149287.0
2018-04-10,30.637,30.94,28.14,29.733,140248.0
2018-04-11,29.851,30.948,29.125,29.725,119433.0
2018-04-12,29.637,30.229,28.185,28.466,123815.0
2018-04-13,29.044,30.614,28.711,30.037,162819.0
2018-04-16,29.777,32.214,29.555,31.118,181622.0
2018-04-17,31.74,34.237,30.548,31.977,251708.0
2018-04-18,32.837,35.451,32.837,35.451,245475.0
2018-04-19,36.474,39.059,35.911,36.274,352954.0
2018-04-20,36.029,37.918,35.57,35.74,302094.0
2018-04-23,35.207,35.429,32.237,33.17,285315.0
2018-04-24,33.207,35.355,32.392,34.54,229010.0
2018-04-25,33.874,36.348,33.866,34.674,216570.0
2018-04-26,35.325,37.037,34.792,35.94,229117.0
2018-04-27,36.844,37.2,32.281,33.74,229048.0
2018-05-02,34.037,34.414,32.318,33.229,153274.0
2018-05-03,33.133,35.57,31.259,35.096,217869.0
2018-05-04,34.244,36.392,34.074,34.859,174663.0
2018-05-07,35.281,35.555,34.525,35.503,142578.0
2018-05-08,35.503,36.311,34.614,35.014,139652.0
2018-05-09,34.666,36.296,34.474,35.896,152974.0
2018-05-10,35.577,35.844,33.666,33.874,175414.0
2018-05-11,33.874,34.059,32.607,32.607,160082.0
2018-05-14,31.503,32.918,31.096,31.696,145757.0
2018-05-15,31.711,32.74,31.244,32.651,151196.0
2018-05-16,32.17,33.088,31.933,32.037,111302.0
2018-05-17,32.148,33.207,31.874,32.985,123260.0
2018-05-18,32.977,32.985,31.111,31.911,133130.0
2018-05-21,31.911,33.74,31.577,33.2,153018.0
2018-05-22,33.207,34.237,32.763,34.074,142871.0
2018-05-23,34.244,35.503,33.525,34.466,189714.0
2018-05-24,34.244,34.577,33.54,33.725,96268.0
2018-05-25,33.414,33.503,31.651,31.859,113566.0
2018-05-28,32.022,32.444,30.837,31.385,100748.0
2018-05-29,31.466,32.029,30.4,31.081,106296.0
2018-05-30,30.911,32.466,30.54,30.896,138081.0
2018-05-31,31.281,31.281,28.629,29.629,172485.0
2018-06-01,29.281,29.8,27.451,27.859,143327.0
2018-06-04,27.711,29.029,27.155,27.985,140429.0
2018-06-05,27.577,30.163,27.577,29.8,145416.0
2018-06-06,29.451,30.288,29.34,29.763,96858.0
2018-06-07,30.022,30.125,28.911,29.385,73638.0
2018-06-08,29.111,29.637,28.096,29.422,90027.0
2018-06-11,29.133,30.207,28.792,29.14,76818.0
2018-06-12,29.037,29.792,28.155,29.74,92465.0
2018-06-13,29.755,31.651,29.355,30.518,171326.0
2018-06-14,30.296,32.992,30.022,32.074,195660.0
2018-06-15,32.022,33.133,31.503,32.177,191100.0
2018-06-19,31.651,33.17,29.177,32.288,227227.0
2018-06-20,31.607,33.118,30.407,32.763,212386.0
2018-06-21,32.348,32.711,29.963,30.051,214383.0
2018-06-22,28.933,29.674,27.177,28.318,181930.0
2018-06-25,28.6,28.963,27.622,27.688,108149.0
2018-06-26,27.051,30.051,26.718,29.414,181939.0
2018-06-27,29.637,31.607,29.429,30.755,217296.0
2018-06-28,30.429,31.407,30.414,30.651,148585.0
2018-06-29,30.844,34.0,30.563,34.0,241083.0
2018-07-02,34.614,34.903,33.607,34.074,229040.0
2018-07-03,34.094,37.754,33.717,36.487,327401.0
2018-07-04,35.857,36.265,34.413,35.376,235462.0
2018-07-05,35.087,36.42,33.894,34.628,197538.0
2018-07-06,35.005,38.043,32.62,32.657,376939.0
2018-07-09,32.413,34.998,32.287,34.45,283031.0
2018-07-10,34.324,35.561,33.894,35.346,196923.0
2018-07-11,34.265,36.546,33.494,36.487,241216.0
2018-07-12,35.961,38.339,35.746,36.857,273833.0
2018-07-13,36.709,37.376,36.065,36.717,176161.0
2018-07-16,37.235,38.339,36.731,37.154,166962.0
2018-07-17,37.005,37.672,35.754,37.117,152364.0
2018-07-18,37.294,37.457,34.835,35.057,161671.0
2018-07-19,35.376,36.398,35.228,35.672,147269.0
2018-07-20,35.739,36.872,35.376,36.672,163042.0
2018-07-23,36.857,38.894,36.487,38.28,207086.0
2018-07-24,38.487,38.857,36.857,37.968,153145.0
2018-07-25,37.635,39.057,37.324,37.68,150310.0
2018-07-26,37.339,37.517,35.82,36.309,125809.0
2018-07-27,36.013,36.472,35.043,35.791,115820.0
2018-07-30,35.865,36.043,34.124,34.613,113475.0
2018-07-31,34.583,35.102,33.383,34.161,105526.0
2018-08-01,34.383,35.798,34.272,34.472,145825.0
2018-08-02,34.043,35.376,33.524,35.131,149030.0
2018-08-03,34.88,35.22,33.213,33.213,108752.0
2018-08-06,32.946,33.909,32.117,33.228,101806.0
2018-08-07,33.376,34.524,32.094,34.494,137154.0
2018-08-08,34.043,34.331,31.568,31.731,133594.0
2018-08-09,31.391,35.183,31.391,35.005,236919.0
2018-08-10,34.857,36.857,34.709,36.45,198224.0
2018-08-13,36.161,38.628,36.005,38.628,192817.0
2018-08-14,38.272,38.339,36.294,36.887,176129.0
2018-08-15,36.931,37.494,36.131,37.087,148828.0
2018-08-16,35.761,37.124,34.939,35.302,142577.0
2018-08-17,36.08,36.672,34.146,35.005,131915.0
2018-08-20,34.561,36.139,33.983,36.131,118509.0
2018-08-21,35.739,37.072,35.05,36.776,133396.0
2018-08-22,36.561,36.776,35.509,35.709,87744.0
2018-08-23,35.672,37.472,35.524,36.924,154007.0
2018-08-24,36.887,37.42,35.968,36.391,105843.0
2018-08-27,36.154,37.865,35.657,37.28,147245.0
2018-08-28,37.28,38.583,37.243,37.746,136593.0
2018-08-29,37.494,37.709,36.339,36.731,105366.0
2018-08-30,36.583,36.968,35.954,35.968,78074.0
2018-08-31,36.005,36.561,35.672,35.731,82099.0
2018-09-03,35.339,36.968,34.42,36.68,95790.0
2018-09-04,36.48,38.954,36.324,38.28,169635.0
2018-09-05,37.968,38.265,37.08,37.08,98431.0
2018-09-06,37.243,38.894,36.939,38.043,139124.0
2018-09-07,38.161,38.902,33.961,34.857,230000.0
2018-09-10,34.109,34.339,32.798,33.243,130517.0
2018-09-11,33.457,34.176,33.25,33.68,72266.0
2018-09-12,33.768,34.154,32.42,32.843,86374.0
2018-09-13,33.524,33.672,29.931,31.983,168272.0
2018-09-14,31.435,31.65,30.428,30.635,113444.0
2018-09-17,30.42,31.265,30.28,30.635,75204.0
2018-09-18,30.487,31.665,30.487,31.591,89091.0
2018-09-19,31.598,33.035,31.043,32.243,115192.0
2018-09-20,32.124,32.517,31.154,31.443,75167.0
2018-09-21,31.672,31.865,30.413,31.554,76671.0
2018-09-25,31.302,33.124,31.287,32.457,94128.0
2018-09-26,32.287,33.22,32.109,32.502,80410.0
2018-09-27,32.754,33.235,32.405,32.487,77861.0
2018-09-28,32.628,32.665,30.909,32.087,78338.0
2018-10-08,31.005,31.894,30.568,30.828,72501.0
2018-10-09,31.072,31.428,27.487,28.324,131058.0
2018-10-10,28.302,29.243,27.376,28.45,101021.0
2018-10-11,26.85,27.968,25.413,26.287,125962.0
2018-10-12,26.413,27.435,25.968,27.161,100783.0
2018-10-15,27.161,28.339,26.917,27.094,80194.0
2018-10-16,27.243,28.08,26.413,26.961,79496.0
2018-10-17,27.598,27.998,25.968,27.961,125464.0
2018-10-18,27.524,27.598,26.643,26.768,83675.0
2018-10-19,25.376,27.546,25.087,27.302,123544.0
2018-10-22,27.672,29.894,27.672,29.509,149407.0
2018-10-23,29.502,29.665,28.124,28.139,88633.0
2018-10-24,28.228,28.894,28.043,28.265,75273.0
2018-10-25,27.08,27.331,25.894,26.828,102718.0
2018-10-26,27.257,27.598,26.154,26.398,63815.0
2018-10-29,26.717,27.28,25.894,26.598,76260.0
2018-10-30,26.628,26.628,23.665,24.931,162542.0
2018-10-31,24.983,25.635,24.657,25.25,94925.0
2018-11-01,25.746,26.813,25.554,25.872,114096.0
2018-11-02,27.228,27.931,27.013,27.643,131057.0
2018-11-05,27.487,28.709,27.302,28.08,105749.0
2018-11-06,27.798,28.324,27.154,28.228,75347.0
2018-11-07,27.998,29.857,27.998,28.628,106363.0
2018-11-08,29.043,29.45,28.08,28.22,62001.0
2018-11-09,27.976,28.65,27.776,27.85,45208.0
2018-11-12,28.102,29.035,27.85,28.961,64775.0
2018-11-13,28.494,29.198,28.272,28.731,75192.0
2018-11-14,28.635,30.183,28.472,29.294,98534.0
2018-11-15,29.087,29.931,29.05,29.805,63658.0
2018-11-16,30.094,31.168,29.894,30.717,98097.0
2018-11-19,30.013,31.124,29.968,30.413,64337.0
2018-11-20,30.183,30.583,29.309,29.82,68808.0
2018-11-21,29.354,29.791,28.635,28.961,61466.0
2018-11-22,29.065,29.435,28.946,28.968,36285.0
2018-11-23,28.754,29.205,27.235,27.331,73913.0
2018-11-26,27.368,27.643,26.168,26.828,62471.0
2018-11-27,27.08,27.428,26.628,27.065,48036.0
2018-11-28,27.117,27.88,26.894,27.798,54636.0
2018-11-29,28.228,28.531,26.635,26.65,69609.0
2018-11-30,26.694,27.709,25.968,27.368,61677.0
2018-12-03,28.635,30.065,28.124,29.991,125266.0
2018-12-04,29.672,30.139,29.583,29.998,67468.0
2018-12-05,29.428,30.28,29.102,29.546,66542.0
2018-12-06,29.546,30.88,29.287,29.354,95192.0
2018-12-07,29.82,30.146,29.331,29.539,48564.0
2018-12-10,29.457,29.968,28.983,29.524,43176.0
2018-12-11,29.672,30.176,29.228,29.813,42870.0
2018-12-12,30.043,30.191,28.939,28.968,47671.0
2018-12-13,29.08,29.368,28.25,29.094,57873.0
2018-12-14,29.08,29.146,27.754,27.828,56338.0
2018-12-17,27.45,27.902,27.243,27.731,35870.0
2018-12-18,27.583,27.82,26.968,27.302,39207.0
2018-12-19,27.42,27.45,26.494,26.628,37578.0
2018-12-20,26.561,27.302,26.561,26.85,44270.0
2018-12-21,26.783,27.043,26.487,26.687,38972.0
2018-12-24,26.68,27.472,26.265,27.472,50512.0
2018-12-25,27.139,27.391,26.28,27.243,62549.0
2018-12-26,27.265,27.287,26.302,26.309,55597.0
2018-12-27,26.798,26.88,25.42,25.42,58491.0
2018-12-28,25.524,25.672,24.731,25.198,54503.0
2019-01-02,25.228,25.82,25.043,25.605,43782.0
2019-01-03,25.413,25.954,25.383,25.494,40771.0
2019-01-04,25.08,26.605,25.005,26.272,58633.0
2019-01-07,26.894,28.931,26.894,28.405,125152.0
2019-01-08,28.376,29.057,28.191,28.383,81157.0
2019-01-09,28.472,29.672,28.154,28.613,94645.0
2019-01-10,28.413,28.768,27.968,28.013,52598.0
2019-01-11,28.109,28.554,27.694,27.961,44171.0
2019-01-14,28.109,28.109,27.094,27.376,39869.0
2019-01-15,27.287,28.191,27.139,28.191,54856.0
2019-01-16,27.991,29.139,27.887,27.894,63589.0
2019-01-17,27.754,28.154,27.124,27.198,50777.0
2019-01-18,27.154,28.072,26.954,27.517,42253.0
2019-01-21,27.517,28.857,27.317,28.746,99783.0
2019-01-22,28.709,28.835,28.198,28.65,54961.0
2019-01-23,28.413,28.702,28.005,28.42,32720.0
2019-01-24,28.443,31.539,28.443,31.154,180392.0
2019-01-25,31.161,31.968,30.924,31.117,114239.0
2019-01-28,31.45,32.228,31.131,31.131,81697.0
2019-01-29,30.865,31.628,30.487,31.205,62723.0
2019-01-30,30.909,31.665,30.613,30.65,42224.0
2019-01-31,30.82,31.783,30.82,31.05,54548.0
2019-02-01,31.309,32.635,31.005,32.42,68686.0
2019-02-11,32.502,34.154,32.502,33.45,61064.0
2019-02-12,33.22,33.591,32.561,32.894,64771.0
2019-02-13,32.894,34.235,32.643,32.991,106021.0
2019-02-14,32.62,33.517,32.191,33.331,74968.0
2019-02-15,33.139,33.42,32.768,32.857,49093.0
2019-02-18,32.968,34.057,32.324,33.828,115185.0
2019-02-19,33.635,34.391,31.902,32.672,140248.0
2019-02-20,32.487,32.531,31.672,32.176,88598.0
2019-02-21,32.25,33.146,31.457,31.628,107658.0
2019-02-22,31.591,33.939,31.591,33.894,133367.0
2019-02-25,35.746,37.309,34.339,36.709,181836.0
2019-02-26,36.487,37.139,34.931,35.894,132151.0
2019-02-27,35.376,36.161,34.717,35.228,88941.0
2019-02-28,35.598,36.494,35.013,35.435,82886.0
2019-03-01,35.672,35.991,34.724,35.546,53561.0
2019-03-04,36.472,39.376,35.746,38.398,154521.0
2019-03-05,38.346,42.517,38.191,42.517,121935.0
2019-03-06,46.857,47.043,43.554,45.502,290321.0
2019-03-07,45.605,50.176,44.228,47.45,194252.0
2019-03-08,46.857,52.472,44.265,51.043,277152.0
2019-03-11,53.88,55.746,45.665,50.191,266829.0
2019-03-12,51.902,55.487,50.983,55.487,219181.0
2019-03-13,56.857,58.709,49.746,50.561,241677.0
2019-03-14,49.08,50.561,47.124,48.413,189184.0
2019-03-15,49.057,49.672,47.213,47.88,130318.0
2019-03-18,47.917,50.309,45.783,49.746,141712.0
2019-03-19,48.931,52.265,48.005,50.309,132538.0
2019-03-20,49.82,50.457,47.317,48.598,107451.0
2019-03-21,48.443,51.154,47.591,49.391,154107.0
2019-03-22,50.339,51.998,48.62,50.087,131694.0
2019-03-25,48.783,51.628,48.472,49.902,139537.0
2019-03-26,49.998,51.435,47.598,47.598,133457.0
2019-03-27,48.257,49.109,46.205,47.68,116533.0
2019-03-28,47.013,50.191,47.005,47.739,120703.0
2019-03-29,47.368,49.894,45.768,49.443,144111.0
2019-04-01,49.924,52.835,49.035,51.724,151948.0
2019-04-02,51.672,54.635,50.917,51.235,149737.0
2019-04-03,50.724,51.954,50.265,51.487,90007.0
2019-04-04,52.413,53.272,49.168,49.82,144161.0
2019-04-08,49.45,49.45,46.635,46.783,147346.0
2019-04-09,46.857,47.961,46.043,47.043,92466.0
2019-04-10,46.768,47.08,45.768,46.62,74087.0
2019-04-11,46.561,46.561,43.657,44.457,125861.0
2019-04-12,44.694,45.591,44.502,45.087,68925.0
2019-04-15,46.005,47.117,44.161,44.368,89472.0
2019-04-16,43.902,46.954,43.346,46.791,114596.0
2019-04-17,46.717,47.109,45.82,45.968,87633.0
2019-04-18,45.768,46.598,45.124,45.346,55516.0
2019-04-19,45.191,45.739,44.45,45.005,49148.0
2019-04-22,45.561,47.072,45.005,45.702,110802.0
2019-04-23,45.591,46.487,43.968,44.613,84483.0
2019-04-24,44.746,47.02,43.309,46.68,131608.0
2019-04-25,46.487,47.117,43.731,44.072,103771.0
2019-04-26,43.887,45.746,43.583,44.554,85306.0
2019-04-29,44.983,44.983,42.524,43.005,85799.0
2019-04-30,42.657,43.909,42.08,42.42,65793.0
2019-05-06,40.191,41.191,37.902,37.902,97695.0
2019-05-07,38.317,38.805,37.82,38.635,67201.0
2019-05-08,37.88,42.776,37.605,41.561,153669.0
2019-05-09,41.539,45.213,41.294,44.028,165458.0
2019-05-10,44.028,48.709,43.435,48.709,214118.0
2019-05-13,47.598,49.005,46.665,47.628,134231.0
2019-05-14,47.524,48.124,46.339,46.776,97190.0
2019-05-15,47.154,47.813,46.835,47.813,104426.0
2019-05-16,47.517,47.524,45.88,46.835,100355.0
2019-05-17,48.339,49.45,46.302,46.524,153423.0
2019-05-20,47.968,49.368,47.42,48.198,133015.0
2019-05-21,47.517,48.931,46.117,47.687,111309.0
2019-05-22,47.731,51.309,47.509,51.005,173772.0
2019-05-23,50.554,50.554,47.598,47.665,169197.0
2019-05-24,46.176,47.339,45.968,45.983,90735.0
2019-05-27,46.043,49.82,46.035,49.213,124051.0
2019-05-28,49.154,49.731,48.339,48.828,94164.0
2019-05-29,48.746,49.731,48.005,48.665,87035.0
2019-05-30,48.05,48.087,46.154,47.302,86720.0
2019-05-31,47.257,48.02,46.605,46.665,64942.0
2019-06-03,47.161,47.568,45.013,45.709,83637.0
2019-06-04,45.391,46.354,44.25,44.324,72875.0
2019-06-05,44.983,45.25,44.08,44.494,50506.0
2019-06-06,44.613,45.005,43.413,44.117,54860.0
2019-06-10,44.331,45.228,44.198,44.857,41863.0
2019-06-11,44.798,46.561,44.043,46.42,81437.0
2019-06-12,46.368,46.828,45.761,46.413,72350.0
2019-06-13,46.361,46.746,45.902,45.939,45424.0
2019-06-14,45.502,46.398,43.82,43.887,61590.0
2019-06-17,43.887,44.302,41.302,42.243,86705.0
2019-06-18,42.043,42.82,41.82,42.265,40992.0
2019-06-19,44.354,44.88,43.443,43.494,73575.0
2019-06-20,43.48,45.487,43.228,44.628,65098.0
2019-06-21,45.302,47.45,45.265,46.968,110801.0
2019-06-24,46.709,47.576,46.205,46.783,53334.0
2019-06-25,46.88,46.924,44.724,45.383,55715.0
2019-06-26,45.072,47.961,44.805,47.717,97124.0
2019-06-27,47.457,49.731,47.457,49.043,107013.0
2019-06-28,49.043,50.265,48.191,48.524,66155.0
2019-07-01,50.191,50.887,49.08,49.539,86961.0
2019-07-02,49.465,49.48,47.954,48.309,70564.0
2019-07-03,48.043,48.287,46.791,47.043,64833.0
2019-07-04,47.228,47.531,46.465,46.968,42820.0
2019-07-05,46.865,47.746,46.865,47.487,54117.0
2019-07-08,47.25,48.065,46.494,47.154,69028.0
2019-07-09,46.265,47.302,45.82,46.894,47562.0
2019-07-10,47.451,49.688,47.414,48.037,97656.0
2019-07-11,48.148,48.377,46.229,46.377,75493.0
2019-07-12,46.266,46.74,45.414,45.844,44640.0
2019-07-15,45.859,48.807,45.118,48.481,106135.0
2019-07-16,48.311,49.237,48.303,48.637,64068.0
2019-07-17,49.103,50.155,48.896,49.044,83037.0
2019-07-18,48.148,48.214,45.785,45.807,139465.0
2019-07-19,46.066,47.081,45.814,46.859,80175.0
2019-07-22,48.111,48.748,44.34,44.488,123499.0
2019-07-23,43.97,45.711,43.933,45.251,57336.0
2019-07-24,45.333,46.303,45.133,45.414,56686.0
2019-07-25,45.377,46.377,45.288,45.77,68783.0
2019-07-26,46.029,46.155,44.585,44.948,76936.0
2019-07-29,45.118,46.081,44.711,45.659,60836.0
2019-07-30,45.659,45.918,44.859,45.044,51951.0
2019-07-31,45.007,45.518,44.703,45.103,53666.0
2019-08-01,44.674,45.029,41.896,42.451,143371.0
2019-08-02,41.303,42.888,40.822,42.259,79573.0
2019-08-05,42.074,42.548,41.459,41.563,54378.0
2019-08-06,40.363,41.177,39.044,40.97,79464.0
2019-08-07,40.992,41.481,38.6,38.888,101481.0
2019-08-08,39.303,40.414,38.911,40.192,79769.0
2019-08-09,40.451,40.844,39.081,39.555,61283.0
2019-08-12,39.911,40.681,39.251,40.288,81908.0
2019-08-13,39.859,40.525,39.407,39.637,52552.0
2019-08-14,40.377,41.044,40.14,40.563,91838.0
2019-08-15,39.444,41.081,38.896,41.066,103410.0
2019-08-16,40.777,42.14,40.563,41.244,97619.0
2019-08-19,41.659,43.681,40.985,42.777,140479.0
2019-08-20,42.748,43.333,41.451,41.6,83619.0
2019-08-21,41.488,42.266,40.4,41.725,87070.0
2019-08-22,41.488,44.311,41.488,43.251,152017.0
2019-08-23,43.807,44.429,42.74,43.207,103413.0
2019-08-26,42.2,45.859,42.2,45.481,174217.0
2019-08-27,45.459,46.363,44.755,45.563,117304.0
2019-08-28,45.414,45.548,44.333,44.681,81221.0
2019-08-29,44.674,45.17,44.303,44.711,70040.0
2019-08-30,44.703,46.903,44.392,45.192,157289.0
2019-09-02,45.407,47.385,44.644,46.881,137118.0
2019-09-03,46.874,49.666,46.259,48.474,163409.0
2019-09-04,49.148,51.251,48.748,49.859,160194.0
2019-09-05,50.2,52.488,49.511,50.763,139841.0
2019-09-06,50.607,51.488,48.303,49.355,157661.0
2019-09-09,49.822,51.118,49.118,51.0,133505.0
2019-09-10,50.896,50.896,48.407,49.118,124056.0
2019-09-11,49.125,49.822,47.6,48.066,104710.0
2019-09-12,48.459,50.029,48.288,48.511,92594.0
2019-09-16,48.777,50.0,48.007,49.444,95742.0
2019-09-17,48.933,49.022,46.97,47.622,89729.0
2019-09-18,47.859,48.251,47.037,48.037,59208.0
2019-09-19,48.029,49.414,47.674,49.2,105376.0
2019-09-20,49.192,50.355,48.54,49.844,113363.0
2019-09-23,49.822,55.103,48.822,55.103,215596.0
2019-09-24,56.377,60.822,56.185,57.896,263894.0
2019-09-25,57.733,58.674,55.481,56.377,186302.0
2019-09-26,56.533,57.044,50.466,50.466,217545.0
2019-09-27,48.97,49.437,47.074,48.377,220160.0
2019-09-30,47.859,48.14,45.844,45.844,124439.0
2019-10-08,45.948,46.725,45.274,45.637,85719.0
2019-10-09,45.651,46.896,44.822,46.622,66373.0
2019-10-10,46.674,48.6,46.4,48.444,112677.0
2019-10-11,48.444,48.444,46.2,46.407,123436.0
2019-10-14,47.096,47.488,46.622,47.266,91329.0
2019-10-15,46.97,46.97,45.0,45.14,96860.0
2019-10-16,45.118,45.688,44.303,44.303,81935.0
2019-10-17,44.733,44.851,43.785,43.933,65523.0
2019-10-18,44.133,45.037,43.563,43.681,73971.0
2019-10-21,43.414,44.377,42.474,44.296,53650.0
2019-10-22,44.229,45.229,44.088,44.807,59507.0
2019-10-23,44.77,45.044,43.844,43.94,49859.0
2019-10-24,44.044,44.163,43.563,43.963,31381.0
2019-10-25,44.029,45.414,43.459,45.303,60669.0
2019-10-28,46.822,47.525,45.474,47.111,110587.0
2019-10-29,47.34,49.392,46.622,46.659,131893.0
2019-10-30,46.155,49.081,46.044,48.148,112698.0
2019-10-31,48.822,50.696,48.585,49.674,140063.0
2019-11-01,49.533,50.214,48.6,49.822,88266.0
2019-11-04,50.155,50.57,48.97,49.918,82695.0
2019-11-05,49.903,51.918,49.859,51.155,109895.0
2019-11-06,50.533,51.525,48.911,49.059,107004.0
2019-11-07,49.192,50.185,49.118,49.859,66880.0
2019-11-08,50.6,50.859,49.022,49.029,78204.0
2019-11-11,48.377,49.385,47.859,48.066,61394.0
2019-11-12,48.4,48.785,46.763,48.525,72834.0
2019-11-13,50.992,53.651,50.363,53.651,177930.0
2019-11-14,56.303,56.748,54.577,55.866,269091.0
2019-11-15,55.607,56.77,54.163,54.481,165079.0
2019-11-18,54.474,55.296,53.488,54.192,105711.0
2019-11-19,53.933,54.674,53.192,54.563,121349.0
2019-11-20,54.488,55.318,53.266,53.414,120104.0
2019-11-21,52.822,54.007,52.585,53.592,70506.0
2019-11-22,53.57,55.037,50.511,51.125,153207.0
2019-11-25,51.711,51.933,49.266,49.57,87643.0
2019-11-26,49.792,50.651,49.585,50.229,72310.0
2019-11-27,50.229,54.481,49.933,53.6,136022.0
2019-11-28,53.377,55.459,53.155,54.303,123129.0
2019-11-29,54.859,55.325,53.711,55.192,98949.0
2019-12-02,55.407,57.792,54.437,56.525,125995.0
2019-12-03,55.637,57.266,55.303,56.518,77933.0
2019-12-04,56.518,62.444,56.518,61.214,225877.0
2019-12-05,60.977,65.237,60.533,62.57,220946.0
2019-12-06,62.948,64.629,62.281,64.163,114081.0
2019-12-09,64.6,65.392,62.925,62.925,100096.0
2019-12-10,62.97,65.029,61.859,64.007,108762.0
2019-12-11,63.451,66.4,62.022,63.837,136189.0
2019-12-12,63.637,66.118,63.637,64.525,121818.0
2019-12-13,64.881,65.037,61.563,64.155,122613.0
2019-12-16,63.8,65.637,62.155,65.637,144064.0
2019-12-17,65.237,65.34,63.192,64.429,107616.0
2019-12-18,64.103,66.392,64.037,65.266,117694.0
2019-12-19,65.333,65.333,60.6,62.229,154827.0
2019-12-20,62.111,62.696,60.822,60.837,73826.0
2019-12-23,58.637,59.859,57.874,58.377,127852.0
2019-12-24,58.955,61.659,58.474,61.34,101610.0
2019-12-25,61.696,67.637,61.34,66.888,195112.0
2019-12-26,66.155,66.881,65.044,66.051,83159.0
2019-12-27,65.785,65.844,62.585,63.051,113201.0
2019-12-30,63.059,64.177,60.866,62.903,86120.0
2019-12-31,62.94,63.563,61.711,62.451,54233.0
2020-01-02,62.911,66.348,62.451,66.155,118582.0
2020-01-03,66.303,67.266,64.081,65.933,88920.0
2020-01-06,64.829,66.518,64.192,64.563,95267.0
2020-01-07,63.933,65.348,63.933,64.911,67990.0
2020-01-08,64.674,64.674,62.548,63.274,78575.0
2020-01-09,63.97,64.666,62.866,64.481,76843.0
2020-01-10,64.674,67.385,63.933,64.674,121010.0
2020-01-13,64.674,71.414,64.674,71.414,135507.0
2020-01-14,75.155,77.918,73.288,76.637,198514.0
2020-01-15,75.948,77.859,74.674,77.266,123337.0
2020-01-16,78.555,84.459,78.007,80.97,168388.0
2020-01-17,81.548,82.444,79.037,80.97,116433.0
2020-01-20,80.422,86.963,80.422,84.659,129242.0
2020-01-21,83.333,85.859,82.325,84.229,85132.0
2020-01-22,84.229,91.34,80.185,91.34,120574.0
2020-01-23,88.614,93.044,81.933,85.044,159819.0
2020-02-03,76.266,79.118,76.266,76.266,136776.0
2020-02-04,77.637,84.17,77.637,84.17,113775.0
2020-02-05,85.051,92.859,85.051,89.577,171992.0
2020-02-06,88.533,98.807,87.637,98.807,152389.0
2020-02-07,99.096,105.785,95.785,104.644,131033.0
2020-02-10,101.711,104.614,98.296,101.029,118886.0
2020-02-11,99.911,103.637,99.911,101.933,93337.0
2020-02-12,101.177,103.563,99.044,102.711,110388.0
2020-02-13,102.711,111.192,101.488,104.888,143660.0
2020-02-14,102.881,109.488,101.118,102.014,114655.0
2020-02-17,103.377,106.481,102.155,105.711,87715.0
2020-02-18,106.525,113.548,105.792,111.348,115724.0
2020-02-19,109.859,115.933,107.577,112.2,117752.0
2020-02-20,111.192,114.874,105.807,112.0,138630.0
2020-02-21,109.303,112.074,109.125,110.6,111603.0
2020-02-24,110.007,121.933,109.511,121.933,167988.0
2020-02-25,121.34,130.711,114.303,126.674,167032.0
2020-02-26,123.192,125.785,113.733,113.733,158025.0
2020-02-27,115.785,121.844,114.703,117.711,188449.0
2020-02-28,108.377,114.74,105.666,106.903,186650.0
2020-03-02,109.874,111.607,99.496,102.6,203738.0
2020-03-03,105.533,108.377,100.607,102.074,176386.0
2020-03-04,99.755,100.896,91.748,94.837,213062.0
2020-03-05,96.525,98.748,93.214,98.74,170066.0
2020-03-06,96.548,99.859,95.044,96.318,104816.0
2020-03-09,94.422,94.711,86.637,87.525,171234.0
2020-03-10,89.859,96.474,89.859,95.955,194316.0
2020-03-11,96.303,96.525,89.563,89.592,172446.0
2020-03-12,87.037,92.066,87.037,90.6,130778.0
2020-03-13,86.555,98.044,86.555,96.081,205199.0
2020-03-16,96.192,100.14,91.259,93.807,198598.0
2020-03-17,96.896,99.488,90.244,98.859,162614.0
2020-03-18,100.14,102.348,95.785,96.888,152756.0
2020-03-19,98.718,104.451,96.325,103.192,145804.0
2020-03-20,104.674,107.414,102.311,103.94,143168.0
2020-03-23,99.118,102.34,93.274,93.274,129792.0
2020-03-24,95.77,95.977,83.933,90.081,176332.0
2020-03-25,92.081,94.637,90.2,91.525,112624.0
2020-03-26,89.859,92.822,87.8,88.985,88335.0
2020-03-27,90.637,92.451,88.088,88.977,73933.0
2020-03-30,87.496,87.637,81.4,84.007,115870.0
2020-03-31,85.548,87.118,82.977,83.414,74279.0
2020-04-01,82.748,86.281,82.525,83.37,76123.0
2020-04-02,82.763,91.933,82.763,91.407,147487.0
2020-04-03,89.933,91.34,88.948,89.563,85446.0
2020-04-07,94.163,94.659,90.97,91.081,88662.0
2020-04-08,90.592,93.311,90.081,90.733,66903.0
2020-04-09,91.918,91.992,88.377,90.348,59510.0
2020-04-10,89.666,90.34,83.229,83.933,90804.0
2020-04-13,83.229,84.777,80.474,81.851,60773.0
2020-04-14,83.192,86.533,81.851,86.259,74798.0
2020-04-15,87.466,90.518,86.007,87.77,103247.0
2020-04-16,86.266,90.748,85.385,90.044,80010.0
2020-04-17,93.933,99.325,93.637,98.533,179965.0
2020-04-20,97.266,99.674,95.955,99.481,90998.0
2020-04-21,98.303,100.474,95.325,97.896,82078.0
2020-04-22,96.837,100.607,95.363,100.392,83436.0
2020-04-23,100.303,100.814,95.785,96.14,79081.0
2020-04-24,95.918,98.377,93.903,95.044,58507.0
2020-04-27,96.896,97.851,93.637,96.229,62945.0
2020-04-28,96.237,104.637,95.155,102.4,120972.0
2020-04-29,101.696,103.422,100.4,102.674,57688.0
2020-04-30,104.57,112.94,103.422,109.985,115634.0
2020-05-06,111.34,118.274,111.34,116.533,114639.0
2020-05-07,116.533,119.014,113.563,114.496,75555.0
2020-05-08,115.681,119.111,111.755,112.933,101474.0
2020-05-11,112.977,114.792,109.266,110.251,84703.0
2020-05-12,111.422,112.229,107.385,111.451,98290.0
2020-05-13,114.303,119.488,112.244,114.896,152957.0
2020-05-14,114.303,117.266,112.651,112.725,94738.0
2020-05-15,112.725,119.688,111.718,117.259,129588.0
2020-05-18,123.533,129.118,115.785,121.029,208499.0
2020-05-19,122.029,133.407,118.674,133.407,195323.0
2020-05-20,129.859,132.955,123.985,126.303,164270.0
2020-05-21,125.726,126.074,113.533,116.481,178453.0
2020-05-22,114.681,116.681,109.637,113.748,137334.0
2020-05-25,114.022,114.859,110.237,111.266,84093.0
2020-05-26,112.511,117.34,112.407,115.992,114664.0
2020-05-27,114.674,121.244,114.311,117.022,116826.0
2020-05-28,117.111,117.111,105.859,108.911,162017.0
2020-05-29,106.896,111.555,106.266,109.859,95596.0
2020-06-01,112.081,116.34,110.666,113.748,112463.0
2020-06-02,115.777,116.533,112.822,114.414,103574.0
2020-06-03,114.74,116.437,112.229,113.14,88802.0
2020-06-04,113.14,114.303,109.488,110.133,73583.0
2020-06-05,110.644,113.192,110.451,111.437,65957.0
2020-06-08,112.977,115.466,111.829,112.111,69097.0
2020-06-09,111.029,114.525,109.185,113.807,69120.0
2020-06-10,112.822,113.17,109.97,112.651,67806.0
2020-06-11,113.703,117.696,112.822,113.563,117029.0
2020-06-12,109.859,111.785,108.4,108.533,139478.0
2020-06-15,106.822,107.074,103.118,103.133,114527.0
2020-06-16,104.822,107.844,104.681,107.785,85540.0
2020-06-17,108.007,108.585,106.155,107.977,49750.0
2020-06-18,108.14,110.511,105.792,109.977,76851.0
2020-06-19,111.34,114.963,108.614,112.829,85101.0
2020-06-22,115.414,122.822,115.192,121.955,132430.0
2020-06-23,120.713,122.357,118.054,121.654,100769.0
2020-06-24,122.713,126.083,121.387,122.528,91746.0
2020-06-29,121.757,124.409,119.535,120.454,72821.0
2020-06-30,123.239,125.402,122.039,123.913,68461.0
2020-07-01,124.261,129.594,122.498,126.017,91776.0
2020-07-02,125.943,129.165,123.239,124.202,89567.0
2020-07-03,123.461,134.461,123.461,130.765,128180.0
2020-07-06,132.039,144.113,131.387,144.113,144338.0
2020-07-07,149.898,158.794,145.535,147.557,150220.0
2020-07-08,148.498,156.409,146.868,154.335,112991.0
2020-07-09,150.609,160.194,149.631,154.35,113709.0
2020-07-10,153.609,164.943,152.039,161.239,117828.0
2020-07-13,158.261,163.98,154.72,163.617,143369.0
2020-07-14,155.831,159.387,150.646,155.876,169844.0
2020-07-15,155.772,157.965,141.343,143.98,155007.0
2020-07-16,142.535,145.313,129.313,129.313,145809.0
2020-07-17,128.417,130.55,122.868,125.461,119286.0
2020-07-20,127.683,132.35,121.261,132.335,117497.0
2020-07-21,130.602,134.483,128.58,132.128,82145.0
2020-07-22,132.128,141.506,130.913,135.831,100710.0
2020-07-23,134.35,139.683,133.965,139.424,89112.0
2020-07-24,136.431,137.883,129.135,129.602,93660.0
2020-07-27,129.631,133.224,124.58,128.58,63839.0
2020-07-28,130.283,131.224,125.95,127.861,47897.0
2020-07-29,128.054,137.906,127.868,137.461,84996.0
2020-07-30,137.387,137.965,134.713,137.713,73396.0
2020-07-31,137.224,151.75,135.831,151.75,134727.0
2020-08-03,167.187,167.194,164.728,167.194,43477.0
2020-08-04,172.128,174.261,152.868,155.091,157683.0
2020-08-05,163.239,163.239,155.091,156.572,142544.0
2020-08-06,153.239,163.683,148.313,158.772,131221.0
2020-08-07,157.313,158.498,144.061,151.683,131100.0
2020-08-10,146.209,166.202,145.461,160.868,131711.0
2020-08-11,159.528,168.128,158.424,160.128,104385.0
2020-08-12,158.794,160.306,148.417,154.809,92701.0
2020-08-13,156.298,157.002,148.572,149.165,71399.0
2020-08-14,147.691,153.602,147.691,151.387,51162.0
2020-08-17,151.55,156.165,149.417,155.231,68722.0
2020-08-18,154.72,159.165,151.076,156.002,62992.0
2020-08-19,154.372,161.461,149.928,151.239,91370.0
2020-08-20,146.943,150.409,142.957,144.72,74168.0
2020-08-21,146.943,147.906,143.394,145.017,45439.0
2020-08-24,146.202,146.202,139.535,141.535,58414.0
2020-08-25,145.461,145.461,139.943,142.046,42578.0
2020-08-26,141.75,141.75,132.861,134.128,86528.0
2020-08-27,134.431,140.246,131.394,137.313,65456.0
2020-08-28,138.054,139.706,135.594,138.602,47140.0
2020-08-31,140.276,141.091,133.831,133.831,73301.0
2020-09-01,133.239,135.98,132.157,135.031,41716.0
2020-09-02,135.091,135.765,130.054,130.668,72203.0
2020-09-03,132.039,134.72,128.794,134.343,74155.0
2020-09-04,132.128,141.757,131.513,135.868,117582.0
2020-09-07,135.831,135.831,122.017,123.335,140870.0
2020-09-08,122.424,123.217,119.061,121.083,76422.0
2020-09-09,119.172,119.328,108.794,112.128,92195.0
2020-09-10,115.091,117.054,112.498,113.187,67381.0
2020-09-11,112.831,115.313,110.646,113.757,89365.0
2020-09-14,113.757,114.343,109.557,110.943,82951.0
2020-09-15,110.972,118.624,109.505,115.831,98336.0
2020-09-16,114.172,116.35,112.165,112.846,55304.0
2020-09-17,112.868,117.305,111.291,116.187,68213.0
2020-09-18,115.898,118.668,114.609,118.483,55323.0
2020-09-21,118.72,123.12,117.831,118.476,62151.0
2020-09-22,116.35,118.054,114.58,114.891,38581.0
2020-09-23,115.705,117.298,114.35,116.061,40471.0
2020-09-24,114.861,115.831,112.868,113.52,34295.0
2020-09-25,114.646,115.002,112.187,113.498,30493.0
2020-09-28,112.15,113.231,109.757,111.95,42612.0
2020-09-29,114.046,119.454,112.994,116.639,64453.0
2020-09-30,117.313,117.683,114.505,115.135,37369.0
2020-10-09,118.128,118.987,116.061,117.091,43900.0
2020-10-12,118.794,129.068,117.691,129.068,100188.0
2020-10-13,129.387,130.906,127.431,130.639,60925.0
2020-10-14,130.646,130.868,125.461,126.202,59460.0
2020-10-15,126.239,130.054,123.231,124.387,52927.0
2020-10-16,125.061,126.609,122.498,125.617,34617.0
2020-10-19,126.143,126.935,121.202,121.965,42717.0
2020-10-20,121.757,124.083,119.594,123.661,30841.0
2020-10-21,123.794,123.98,112.95,119.091,93204.0
2020-10-22,116.424,119.017,115.905,116.654,32710.0
2020-10-23,116.58,119.165,113.772,114.143,34456.0
2020-10-26,113.239,116.409,112.135,115.461,29674.0
2020-10-27,114.283,118.054,114.017,117.52,27260.0
2020-10-28,117.009,118.794,114.728,118.646,35972.0
2020-10-29,116.039,118.417,115.831,116.824,31508.0
2020-10-30,117.313,127.683,117.239,123.98,105412.0
2020-11-02,124.387,131.387,123.239,129.876,93012.0
2020-11-03,130.794,134.735,129.209,131.313,80470.0
2020-11-04,131.313,131.335,126.068,126.209,73172.0
2020-11-05,129.913,131.75,127.017,129.646,60444.0
2020-11-06,129.646,138.054,127.676,137.965,105990.0
2020-11-09,140.209,151.98,140.202,148.787,129821.0
2020-11-10,144.72,144.868,138.646,141.757,108898.0
2020-11-11,139.231,141.017,129.913,130.098,103020.0
2020-11-12,132.713,132.713,128.054,130.424,53249.0
2020-11-13,128.424,134.335,127.683,132.031,57788.0
2020-11-16,131.98,131.98,128.172,130.202,50841.0
2020-11-17,129.994,133.483,124.017,133.106,82951.0
2020-11-18,131.757,132.861,128.424,130.261,55513.0
2020-11-19,127.683,132.868,127.239,129.824,41143.0
2020-11-20,129.757,131.076,127.372,127.809,40908.0
2020-11-23,127.165,129.535,125.617,127.809,47366.0
2020-11-24,127.654,130.543,127.654,128.35,53284.0
2020-11-25,128.35,129.891,127.32,128.35,43523.0
2020-11-26,129.076,129.565,122.646,122.757,61075.0
2020-11-27,121.92,125.113,120.646,122.987,47289.0
2020-11-30,123.239,126.039,120.957,124.72,57894.0
2020-12-01,124.335,124.868,122.891,124.276,43502.0
2020-12-02,124.72,127.239,123.535,124.024,74795.0
2020-12-03,123.839,123.98,118.424,119.476,83003.0
2020-12-04,118.876,120.846,118.424,119.817,52047.0
2020-12-07,123.728,129.254,123.728,127.535,130360.0
2020-12-08,127.55,128.054,124.061,125.313,74413.0
2020-12-09,125.876,126.039,121.757,121.98,55357.0
2020-12-10,121.387,122.868,120.039,122.276,53870.0
2020-12-11,121.824,123.194,118.683,119.446,72751.0
2020-12-14,118.794,119.98,115.105,119.98,75504.0
2020-12-15,119.535,121.861,118.268,119.394,57664.0
2020-12-16,119.017,119.061,114.572,115.446,65352.0
2020-12-17,115.38,117.202,114.128,116.343,53010.0
2020-12-18,119.157,119.239,114.943,115.091,55278.0
2020-12-21,114.95,126.868,114.95,125.646,178842.0
2020-12-22,124.72,126.291,118.424,118.972,123216.0
2020-12-23,118.876,125.387,117.313,125.328,124042.0
2020-12-24,125.461,129.165,123.757,127.743,114494.0
2020-12-25,126.202,129.535,123.98,125.306,76218.0
2020-12-28,124.72,127.572,122.557,125.18,66258.0
2020-12-29,124.468,129.891,123.283,127.513,90026.0
2020-12-30,125.839,126.72,121.794,125.491,87042.0
2020-12-31,127.091,133.491,127.091,131.194,139344.0
2021-01-04,132.054,140.557,131.194,140.091,134281.0
2021-01-05,137.683,144.172,137.35,143.868,118754.0
2021-01-06,146.202,146.565,137.313,139.624,100414.0
2021-01-07,139.624,140.202,132.135,138.454,106849.0
2021-01-08,139.165,139.165,132.928,136.017,103531.0
2021-01-11,137.313,149.891,137.313,145.55,152080.0
2021-01-12,145.55,151.802,143.654,150.12,114806.0
2021-01-13,149.172,165.402,149.172,162.646,182855.0
2021-01-14,164.713,166.202,155.461,159.224,155124.0
2021-01-15,160.283,166.202,149.313,156.468,166133.0
2021-01-18,154.365,172.128,150.78,170.631,130499.0
2021-01-19,169.165,173.594,165.965,168.431,101722.0
2021-01-20,165.461,169.594,162.654,165.831,83635.0
2021-01-21,166.943,168.943,161.809,164.054,95173.0
2021-01-22,165.091,166.483,152.987,161.024,135672.0
2021-01-25,160.15,166.202,156.246,162.639,113806.0
2021-01-26,162.468,165.698,155.661,159.017,76139.0
2021-01-27,158.498,160.868,152.868,157.817,64548.0
2021-01-28,155.535,156.039,145.002,146.002,96754.0
2021-01-29,148.431,150.335,142.868,145.757,69607.0
2021-02-01,146.113,149.076,144.35,146.935,43654.0
2021-02-02,146.794,148.72,138.928,148.454,77640.0
2021-02-03,146.572,147.683,141.343,142.868,75962.0
2021-02-04,139.535,142.854,135.002,141.017,106762.0
2021-02-05,142.506,142.868,136.572,137.831,67152.0
2021-02-08,138.068,145.454,138.061,143.683,65355.0
2021-02-09,143.683,147.831,141.757,146.202,62641.0
2021-02-10,146.209,148.654,142.868,146.639,58394.0
2021-02-18,150.394,158.913,148.172,153.572,107345.0
2021-02-19,151.306,151.343,140.335,144.128,95183.0
2021-02-22,142.424,145.031,139.535,140.128,60945.0
2021-02-23,137.335,142.668,136.461,140.172,47556.0
2021-02-24,139.906,146.572,138.802,141.461,68552.0
2021-02-25,143.98,145.15,135.765,138.891,77156.0
2021-02-26,134.35,136.787,128.72,130.202,89289.0
2021-03-01,132.38,135.38,130.831,135.224,52393.0
2021-03-02,142.106,147.446,141.098,145.387,126058.0
2021-03-03,143.017,143.017,134.498,138.046,98484.0
2021-03-04,140.276,140.58,132.135,133.165,73838.0
2021-03-05,129.165,132.12,128.424,132.113,53273.0
2021-03-08,132.854,133.602,119.12,119.543,89267.0
2021-03-09,117.098,117.965,111.609,112.224,86227.0
2021-03-10,114.839,115.091,109.817,110.128,80227.0
2021-03-11,110.439,116.098,107.387,112.943,110710.0
2021-03-12,112.943,113.972,108.831,110.268,72375.0
2021-03-15,108.091,108.091,104.194,105.135,70810.0
2021-03-16,107.735,108.068,100.268,100.683,86437.0
2021-03-17,103.609,105.009,101.52,104.572,64612.0
2021-03-18,105.031,105.461,103.617,104.646,39932.0
2021-03-19,101.772,105.113,101.18,102.498,46900.0
2021-03-22,102.705,103.602,99.461,101.58,54492.0
2021-03-23,101.631,104.172,99.943,100.98,43664.0
2021-03-24,100.054,100.905,96.224,96.646,54727.0
2021-03-25,96.572,101.565,96.305,100.165,56186.0
2021-03-26,100.646,103.15,99.535,102.091,49328.0
2021-03-29,102.78,105.491,102.105,102.772,55830.0
2021-03-30,102.794,105.12,102.128,104.261,44986.0
2021-03-31,104.002,104.261,101.239,103.639,33147.0
2021-04-01,104.157,110.039,104.157,109.898,70149.0
2021-04-02,110.054,121.017,110.054,118.98,108563.0
2021-04-06,118.987,119.535,115.091,116.046,62135.0
2021-04-07,116.854,119.157,114.224,118.35,62212.0
2021-04-08,116.594,120.868,116.202,117.468,53151.0
2021-04-09,116.787,119.602,115.076,115.461,42526.0
2021-04-12,117.313,119.906,115.98,117.535,64156.0
2021-04-13,116.987,117.276,113.461,113.98,45945.0
2021-04-14,114.357,115.461,111.98,112.461,44621.0
2021-04-15,112.505,112.868,107.72,110.794,54875.0
2021-04-16,111.38,112.061,106.409,109.254,43749.0
2021-04-19,109.905,114.194,107.187,113.972,50856.0
2021-04-20,112.135,114.705,112.135,113.498,37349.0
2021-04-21,112.143,114.839,111.905,114.372,37187.0
2021-04-22,113.609,115.831,109.839,112.817,71416.0
2021-04-23,112.817,119.32,112.72,118.772,74771.0
2021-04-26,119.261,125.372,119.261,120.572,81585.0
2021-04-27,119.609,123.757,119.543,120.402,53137.0
2021-04-28,120.757,121.009,116.291,119.017,55303.0
2021-04-29,119.683,125.357,119.165,123.076,74394.0
2021-04-30,123.083,123.165,119.002,119.994,60013.0
2021-05-06,117.683,122.246,116.35,121.387,53611.0
2021-05-07,120.735,125.298,117.535,117.535,67132.0
2021-05-10,115.935,116.58,108.424,110.054,76388.0
2021-05-11,108.335,111.387,107.039,110.646,43361.0
2021-05-12,109.765,119.683,108.794,118.417,58033.0
2021-05-13,115.757,118.276,114.483,115.239,35243.0
2021-05-14,116.594,119.609,114.691,118.609,40069.0
2021-05-17,120.202,126.728,119.757,123.194,66888.0
2021-05-18,123.98,130.528,123.98,128.024,73245.0
2021-05-19,127.313,131.387,125.557,127.743,46841.0
2021-05-20,126.943,128.017,125.002,126.35,43508.0
2021-05-21,127.039,128.861,122.187,122.431,40528.0
2021-05-24,124.757,125.091,120.276,124.15,54364.0
2021-05-25,123.98,128.32,122.054,128.239,91633.0
2021-05-26,128.246,129.461,125.476,126.498,65555.0
2021-05-27,125.461,139.165,125.461,137.224,129837.0
2021-05-28,134.72,139.409,134.617,135.943,119867.0
2021-05-31,138.165,142.217,134.128,136.72,91025.0
2021-06-01,136.468,150.557,135.861,146.943,143588.0
2021-06-02,145.943,150.491,144.424,149.165,96391.0
2021-06-03,146.943,150.32,143.135,148.38,65383.0
2021-06-04,147.535,155.55,144.268,152.128,87850.0
2021-06-07,158.054,166.943,155.831,157.017,105215.0
2021-06-08,157.817,159.95,152.794,157.72,65410.0
2021-06-09,156.261,161.128,155.476,158.083,57100.0
2021-06-10,158.943,167.061,158.943,166.35,69563.0
2021-06-11,165.461,166.202,157.52,159.594,68958.0
2021-06-15,158.683,175.091,158.068,173.631,110231.0
2021-06-16,172.868,177.602,165.631,166.935,83322.0
2021-06-17,168.431,183.898,165.972,183.898,130656.0
2021-06-18,183.898,191.261,180.913,190.209,126001.0
2021-06-21,186.943,189.128,181.091,183.957,104671.0
2021-06-22,184.054,187.165,181.091,183.757,64009.0
2021-06-23,183.757,200.928,181.757,197.091,98810.0
2021-06-24,196.965,196.965,181.461,188.372,102814.0
2021-06-25,186.957,193.854,183.239,192.868,78057.0
2021-06-28,194.35,203.461,194.35,196.831,74080.0
2021-06-29,196.831,201.372,191.817,200.187,60088.0
2021-06-30,200.098,216.402,199.239,202.78,89797.0
2021-07-01,198.061,206.202,195.091,195.831,71590.0
2021-07-02,191.906,199.046,185.483,194.861,77502.0
2021-07-05,198.809,212.12,198.217,210.557,78409.0
2021-07-06,208.424,219.468,203.239,211.387,82918.0
2021-07-07,205.461,228.794,201.017,225.676,97375.0
2021-07-08,223.239,241.757,222.498,241.387,79470.0
2021-07-09,234.705,249.89,225.549,241.097,77964.0
2021-07-12,240.357,252.357,230.69,245.275,80465.0
2021-07-13,241.838,244.734,227.023,236.897,77586.0
2021-07-14,234.349,241.009,229.986,231.934,59864.0
2021-07-15,229.246,245.542,227.571,243.32,74268.0
2021-07-16,240.357,257.394,234.431,237.549,72225.0
2021-07-19,234.431,244.949,233.942,236.764,55900.0
2021-07-20,233.06,239.12,225.675,230.557,73614.0
2021-07-21,236.149,253.875,233.431,253.875,104277.0
2021-07-22,256.653,279.527,245.912,275.305,120415.0
2021-07-23,275.171,282.327,269.527,273.971,72535.0
2021-07-26,271.075,279.423,258.883,270.394,70160.0
2021-07-27,272.942,297.409,265.542,273.69,111275.0
2021-07-28,267.023,274.549,247.046,273.601,105781.0
2021-07-29,278.838,293.697,268.134,289.216,116037.0
2021-07-30,286.194,317.394,283.379,317.394,92002.0
2021-08-02,310.905,315.646,286.023,295.616,119108.0
2021-08-03,276.653,287.557,265.794,265.794,124088.0
2021-08-04,265.794,292.209,258.327,291.468,141145.0
2021-08-05,281.097,285.986,272.32,280.334,87485.0
2021-08-06,282.949,288.994,264.712,275.912,101670.0
2021-08-09,266.653,279.157,248.06,268.416,113391.0
2021-08-10,266.09,271.468,252.209,260.816,68909.0
2021-08-11,260.357,275.023,257.134,266.283,74591.0
2021-08-12,264.06,285.771,263.32,272.186,67264.0
2021-08-13,272.823,272.823,255.764,255.897,68101.0
2021-08-16,247.031,261.586,242.675,254.246,81429.0
2021-08-17,253.705,258.534,235.831,237.838,102065.0
2021-08-18,242.201,255.246,241.097,249.986,74404.0
2021-08-19,253.416,273.771,249.246,265.897,87219.0
2021-08-20,265.92,276.105,263.809,268.357,74197.0
2021-08-23,273.312,293.66,264.186,291.49,94083.0
2021-08-24,290.749,302.579,284.801,286.283,64122.0
2021-08-25,293.764,294.838,279.238,289.69,50851.0
2021-08-26,286.431,294.616,280.283,281.097,55140.0
2021-08-27,278.875,289.505,277.401,286.283,41422.0
2021-08-30,287.549,292.416,257.394,257.401,111025.0
2021-08-31,257.409,274.349,256.609,260.986,119283.0
2021-09-01,265.453,265.542,243.957,252.949,81685.0
2021-09-02,256.423,256.423,228.505,232.268,140651.0
2021-09-03,228.134,252.12,225.371,241.097,122926.0
2021-09-06,239.349,255.823,238.357,252.949,76351.0
2021-09-07,253.46,258.134,246.216,251.283,48727.0
2021-09-08,249.157,258.809,247.023,251.468,40804.0
2021-09-09,247.031,253.423,240.357,248.409,50359.0
2021-09-10,248.505,273.512,245.564,271.246,89921.0
2021-09-13,269.246,269.986,247.023,251.075,79940.0
2021-09-14,251.431,276.446,248.134,276.446,89709.0
2021-09-15,279.542,286.475,270.897,274.357,73206.0
2021-09-16,267.764,275.097,261.223,262.601,54994.0
2021-09-17,263.594,273.083,254.994,261.838,44713.0
2021-09-22,256.016,286.283,255.838,272.201,64271.0
2021-09-23,278.934,287.453,264.431,282.571,70793.0
2021-09-24,282.505,289.986,276.801,280.846,55948.0
2021-09-27,286.283,295.912,272.957,275.994,65864.0
2021-09-28,276.216,286.179,262.579,276.816,61511.0
2021-09-29,269.016,272.949,264.068,265.69,54026.0
2021-09-30,265.542,275.631,258.912,268.275,65909.0
2021-10-08,275.631,276.357,248.942,258.883,84600.0
2021-10-11,260.357,261.831,245.912,247.468,76214.0
2021-10-12,245.542,253.12,240.394,241.675,53208.0
2021-10-13,243.157,249.016,238.468,247.209,51001.0
2021-10-14,244.794,251.075,241.238,248.475,32552.0
2021-10-15,249.246,263.72,243.697,259.653,67960.0
2021-10-18,256.527,264.068,247.29,263.542,56259.0
2021-10-19,258.875,264.771,251.475,252.209,52732.0
2021-10-20,253.69,258.379,251.734,254.594,38164.0
2021-10-21,254.72,257.764,246.853,251.046,33968.0
2021-10-22,253.105,271.468,248.505,269.986,82426.0
2021-10-25,269.105,276.571,268.505,274.949,50884.0
2021-10-26,275.171,279.986,269.616,275.846,37707.0
2021-10-27,275.846,278.134,268.171,275.897,37702.0
2021-10-28,278.29,282.949,272.809,275.542,40662.0
2021-10-29,272.475,288.757,267.468,272.394,66956.0
2021-11-01,268.505,285.453,267.764,279.616,57402.0
2021-11-02,282.727,295.949,278.134,292.209,70979.0
2021-11-03,297.838,303.986,276.727,284.438,56392.0
2021-11-04,285.542,293.327,278.897,280.549,46135.0
2021-11-05,283.386,290.92,276.483,277.394,45714.0
2021-11-08,272.209,283.231,268.505,279.942,41472.0
2021-11-09,281.838,297.142,275.216,296.801,70847.0
2021-11-10,293.542,302.727,290.357,301.838,60202.0
2021-11-11,295.127,332.283,295.127,332.134,112589.0
2021-11-12,327.794,332.786,320.194,324.053,66863.0
2021-11-15,324.794,326.283,301.097,305.401,70012.0
2021-11-16,305.409,307.016,292.949,298.92,47655.0
2021-11-17,301.92,301.986,288.505,300.453,46323.0
2021-11-18,297.401,303.312,291.357,297.586,34596.0
2021-11-19,296.653,298.12,283.379,290.364,57448.0
2021-11-22,285.327,298.127,285.327,296.327,69768.0
2021-11-23,292.949,295.023,282.72,284.801,63684.0
2021-11-24,282.586,289.164,282.209,283.912,38461.0
2021-11-25,281.468,289.838,281.097,287.468,41392.0
2021-11-26,285.09,285.09,272.379,273.016,65911.0
2021-11-29,268.505,277.764,267.675,276.157,39426.0
2021-11-30,278.134,286.957,276.157,284.053,57857.0
2021-12-01,281.097,289.149,277.201,280.134,36128.0
2021-12-02,278.134,283.009,273.69,277.379,38500.0
2021-12-03,280.357,285.453,275.542,284.06,59345.0
2021-12-06,282.571,284.801,278.512,282.371,38214.0
2021-12-07,284.801,284.801,264.594,266.846,57073.0
2021-12-08,267.283,278.023,267.253,277.683,51714.0
2021-12-09,275.912,278.105,270.52,274.579,40767.0
2021-12-10,272.549,274.431,267.92,269.927,47847.0
2021-12-13,269.942,274.275,267.801,270.727,36130.0
2021-12-14,270.534,270.986,264.801,270.357,47102.0
2021-12-15,268.505,272.609,262.357,264.846,38840.0
2021-12-16,266.416,275.542,264.801,271.097,54700.0
2021-12-17,268.505,269.986,250.86,253.32,75818.0
2021-12-20,251.468,261.749,249.986,251.468,63732.0
2021-12-21,251.453,259.238,250.809,254.046,44619.0
2021-12-22,255.92,260.357,251.023,251.32,46926.0
2021-12-23,252.253,254.942,247.771,249.838,34409.0
2021-12-24,249.757,252.942,236.653,241.838,66079.0
2021-12-27,244.053,244.223,235.171,237.66,42891.0
2021-12-28,237.764,241.831,234.949,241.631,54169.0
2021-12-29,241.853,246.209,236.653,241.594,44607.0
2021-12-30,240.512,252.046,239.127,249.327,72213.0
2021-12-31,249.897,254.949,245.542,254.446,52078.0
2022-01-04,253.616,255.586,228.742,231.171,113888.0
2022-01-05,229.994,232.875,218.786,219.616,99240.0
2022-01-06,218.134,223.69,212.534,217.275,66981.0
2022-01-07,217.275,222.497,212.949,214.69,54284.0
2022-01-10,213.771,215.964,208.283,211.357,58102.0
2022-01-11,210.134,210.875,201.038,202.579,100987.0
2022-01-12,209.653,219.616,205.542,215.171,117581.0
2022-01-13,215.912,216.631,206.453,207.357,68544.0
2022-01-14,211.468,218.697,205.668,211.253,97552.0
2022-01-17,216.653,229.905,216.653,225.246,110733.0
2022-01-18,227.009,238.142,226.283,230.431,86446.0
2022-01-19,229.246,232.053,220.949,224.423,63435.0
2022-01-20,222.801,226.283,219.334,223.312,37875.0
2022-01-21,221.838,226.283,213.823,215.386,72270.0
2022-01-24,213.223,221.468,211.586,219.616,61930.0
2022-01-25,218.727,226.246,217.386,217.468,45864.0
2022-01-26,218.134,230.653,218.134,226.283,72611.0
2022-01-27,226.09,227.949,213.69,215.171,58620.0
2022-01-28,216.401,221.468,206.875,207.023,47450.0
2022-02-07,212.823,218.349,203.549,206.283,52422.0
2022-02-08,204.171,205.431,185.542,189.186,113457.0
2022-02-09,188.134,192.357,182.171,186.69,94857.0
2022-02-10,187.764,191.638,184.142,187.468,60182.0
2022-02-11,184.801,189.305,181.823,181.979,46534.0
2022-02-14,178.868,186.653,173.779,183.69,59866.0
2022-02-15,184.727,195.171,182.505,194.949,76085.0
2022-02-16,196.157,197.394,192.653,194.431,42139.0
2022-02-17,194.431,199.171,192.579,197.875,53307.0
2022-02-18,195.238,202.016,194.208,196.653,49861.0
2022-02-21,196.653,198.868,191.631,192.727,41575.0
2022-02-22,192.757,197.075,186.66,195.46,49912.0
2022-02-23,194.438,215.268,194.438,215.268,67697.0
2022-02-24,215.912,221.838,209.934,214.801,110702.0
2022-02-25,221.097,226.283,213.69,220.764,108517.0
2022-02-28,220.786,226.357,218.134,221.949,57567.0
2022-03-01,222.964,223.305,217.438,221.912,42134.0
2022-03-02,219.697,219.697,212.216,216.653,50283.0
2022-03-03,218.06,218.875,207.364,208.038,49826.0
2022-03-04,204.794,220.994,203.497,213.727,75114.0
2022-03-07,210.068,211.09,199.571,200.683,70061.0
2022-03-08,200.683,215.675,199.616,209.097,91756.0
2022-03-09,213.69,220.949,207.031,215.186,107600.0
2022-03-10,224.431,231.468,221.586,226.171,107107.0
2022-03-11,218.875,226.712,211.379,219.838,106023.0
2022-03-14,214.416,220.297,212.586,212.949,60280.0
2022-03-15,207.764,227.616,207.438,217.364,95908.0
2022-03-16,224.06,234.431,212.208,234.423,108253.0
2022-03-17,234.579,244.838,226.268,227.097,114613.0
2022-03-18,225.912,229.231,223.186,227.016,46608.0
2022-03-21,227.023,231.549,221.401,229.623,49975.0
2022-03-22,230.727,231.097,222.068,223.505,38593.0
2022-03-23,224.038,224.423,216.653,219.905,42692.0
2022-03-24,217.394,218.771,210.579,217.394,43435.0
2022-03-25,218.875,220.727,209.246,209.246,42596.0
2022-03-28,204.505,212.201,203.764,207.023,41643.0
2022-03-29,207.023,211.949,199.771,201.771,48286.0
2022-03-30,204.431,212.949,203.32,212.949,58540.0
2022-03-31,210.164,211.023,197.601,200.357,70370.0
2022-04-01,199.616,205.164,196.89,201.394,46232.0
2022-04-06,201.253,201.653,189.986,192.853,59579.0
2022-04-07,192.868,195.905,189.097,189.52,43603.0
2022-04-08,189.52,194.675,185.734,191.468,48538.0
2022-04-11,188.875,190.349,180.712,182.06,45266.0
2022-04-12,183.171,184.564,174.468,182.571,57236.0
2022-04-13,179.616,181.831,174.512,176.505,44763.0
2022-04-14,180.468,194.416,173.69,191.49,87218.0
2022-04-15,187.46,193.423,183.334,191.008,67135.0
2022-04-18,189.986,200.468,189.357,199.616,69028.0
2022-04-19,199.394,200.357,192.26,193.453,46757.0
2022-04-20,194.416,196.246,190.734,191.912,34938.0
2022-04-21,190.031,198.127,188.505,191.453,48301.0
2022-04-22,191.379,194.283,179.616,185.912,75953.0
2022-04-25,178.905,181.831,167.06,167.06,73090.0
2022-04-26,162.238,169.557,162.238,163.971,54853.0
2022-04-27,159.616,177.164,158.875,176.349,84547.0
2022-04-28,174.149,178.468,169.246,173.483,65100.0
2022-04-29,175.912,178.364,164.179,174.431,105099.0
2022-05-05,172.208,175.29,160.964,171.475,114835.0
2022-05-06,164.06,169.616,161.016,161.838,78225.0
2022-05-09,159.616,160.12,152.208,153.171,93640.0
2022-05-10,151.446,168.749,149.986,166.875,167957.0
2022-05-11,165.201,179.942,164.068,172.727,146931.0
2022-05-12,171.579,183.986,170.897,179.283,91822.0
2022-05-13,181.097,182.868,175.986,181.69,63889.0
2022-05-16,181.705,184.786,175.986,176.808,54421.0
2022-05-17,177.838,190.357,175.994,189.246,86384.0
2022-05-18,191.468,194.92,189.008,192.349,66472.0
2022-05-19,189.246,197.786,188.505,194.379,61778.0
2022-05-20,194.505,198.875,189.764,192.283,51786.0
2022-05-23,192.208,196.653,187.986,195.475,49556.0
2022-05-24,193.986,200.268,190.134,191.097,59526.0
2022-05-25,190.297,196.268,189.023,191.12,46930.0
2022-05-26,190.727,190.727,181.86,187.016,45307.0
2022-05-27,189.246,194.564,186.06,187.171,41806.0
2022-05-30,187.986,190.727,184.505,189.097,33110.0
2022-05-31,188.305,197.786,185.542,197.394,70898.0
2022-06-01,195.171,205.601,193.69,199.216,64295.0
2022-06-02,198.505,216.794,197.401,211.253,104480.0
2022-06-06,209.097,214.594,206.446,213.32,80941.0
2022-06-07,210.727,211.897,203.134,203.453,72815.0
2022-06-08,203.32,210.186,201.69,204.579,63401.0
2022-06-09,204.06,204.06,194.083,195.431,74534.0
2022-06-10,195.238,200.12,190.149,198.883,91439.0
2022-06-13,195.371,197.001,190.638,193.72,72115.0
2022-06-14,190.727,194.046,174.097,182.653,150575.0
2022-06-15,181.171,191.468,180.727,186.653,103503.0
2022-06-16,185.712,195.305,185.001,191.171,81390.0
2022-06-17,188.512,190.357,182.579,187.475,99372.0
2022-06-20,188.505,195.564,184.283,191.838,92533.0
2022-06-21,191.846,199.579,188.594,194.468,95684.0
2022-06-22,194.283,194.49,184.134,185.764,108531.0
2022-06-23,185.208,194.053,184.801,193.542,96798.0
2022-06-24,193.697,198.134,190.734,196.208,83120.0
2022-06-27,197.394,203.32,197.394,199.171,83045.0
2022-06-28,198.579,206.357,192.505,204.549,115352.0
2022-06-29,201.838,211.238,199.468,199.646,127962.0
2022-06-30,199.246,205.542,199.008,202.668,62290.0
2022-07-01,204.06,209.749,200.475,206.342,72500.0
2022-07-04,202.579,202.579,188.86,194.512,132703.0
2022-07-05,196.653,205.542,195.912,200.801,107573.0
2022-07-06,200.934,221.142,200.934,215.171,195331.0
2022-07-07,218.134,221.105,210.794,219.097,138114.0
2022-07-08,219.623,227.023,218.134,223.32,103673.0
2022-07-11,221.764,226.609,216.431,219.275,74130.0
2022-07-12,224.653,225.846,201.905,205.534,147449.0
2022-07-13,204.953,208.871,201.146,205.694,69223.0
2022-07-14,203.864,209.308,202.257,203.108,70421.0
2022-07-15,203.471,212.36,203.464,205.546,68782.0
2022-07-18,207.183,207.916,192.116,198.397,133205.0
2022-07-19,196.064,199.19,190.138,193.412,81334.0
2022-07-20,195.234,200.879,193.516,194.694,70098.0
2022-07-21,194.812,212.916,193.842,205.375,144680.0
2022-07-22,207.916,207.916,197.101,200.064,76766.0
2022-07-25,197.701,201.205,193.849,199.027,55226.0
2022-07-26,198.731,200.138,194.212,198.605,54114.0
2022-07-27,197.546,197.546,191.516,193.094,70343.0
2022-07-28,195.694,200.731,193.746,196.997,68924.0
2022-07-29,195.39,195.434,185.101,185.383,112930.0
2022-08-01,182.708,189.027,176.657,187.516,95471.0
2022-08-02,185.694,200.138,183.553,197.553,155894.0
2022-08-03,199.768,216.116,194.486,208.99,176253.0
2022-08-04,210.842,216.605,207.916,211.323,108621.0
2022-08-05,211.323,232.701,209.642,232.701,156958.0
2022-08-08,239.768,248.16,234.583,238.197,167614.0
2022-08-09,236.753,242.864,223.338,238.938,140296.0
2022-08-10,231.523,248.005,228.99,243.101,134300.0
2022-08-11,241.983,248.286,237.546,244.642,83888.0
2022-08-12,242.583,248.657,238.471,239.101,66591.0
2022-08-15,241.094,247.012,238.294,240.064,60343.0
2022-08-16,239.271,246.346,228.657,230.049,116967.0
2022-08-17,230.175,231.679,224.583,230.938,83961.0
2022-08-18,227.916,233.316,225.694,231.346,59703.0
2022-08-19,230.057,233.753,223.471,224.671,63692.0
2022-08-22,224.953,228.509,221.62,226.057,45670.0
2022-08-23,224.96,225.983,218.36,219.605,62229.0
2022-08-24,219.605,219.694,210.146,210.753,64351.0
2022-08-25,211.612,212.871,207.175,210.938,46337.0
2022-08-26,212.36,213.22,206.76,206.834,48643.0
2022-08-29,203.471,216.064,202.642,208.123,71978.0
2022-08-30,209.249,213.471,206.642,210.516,57831.0
2022-08-31,209.397,211.494,202.731,206.434,59090.0
2022-09-01,210.879,214.205,204.434,205.583,62606.0
2022-09-02,206.434,212.005,203.842,209.064,61118.0
2022-09-05,207.175,212.508,199.034,212.368,73894.0
2022-09-06,212.294,216.064,210.271,212.36,55294.0
2022-09-07,216.79,232.064,216.071,230.879,101340.0
2022-09-08,228.471,234.575,225.494,229.42,60824.0
2022-09-09,228.664,230.879,225.694,229.027,43688.0
2022-09-13,230.138,235.546,228.064,230.16,35145.0
2022-09-14,225.546,241.086,224.22,239.331,69290.0
2022-09-15,236.805,238.286,221.716,227.916,82474.0
2022-09-16,225.694,237.457,224.212,231.442,65519.0
2022-09-19,229.471,238.286,228.953,231.62,64568.0
2022-09-20,231.62,233.027,218.175,227.434,56060.0
2022-09-21,224.968,226.605,217.027,217.708,57773.0
2022-09-22,216.079,219.768,211.923,216.716,43052.0
2022-09-23,216.805,218.205,207.049,208.657,52977.0
2022-09-26,205.783,217.175,205.731,213.138,48774.0
2022-09-27,213.175,220.249,211.605,216.049,46672.0
2022-09-28,216.034,216.057,207.197,208.82,32285.0
2022-09-29,208.938,215.175,203.323,213.679,48463.0
2022-09-30,215.916,215.916,203.486,203.768,44072.0
2022-10-10,193.842,193.842,183.146,183.146,43788.0
2022-10-11,173.842,175.323,164.583,164.583,120588.0
2022-10-12,161.627,170.131,154.56,169.397,166058.0
2022-10-13,164.331,168.657,161.22,161.842,123470.0
2022-10-14,165.101,165.605,155.405,164.123,154709.0
2022-10-17,160.086,179.353,159.442,177.546,171904.0
2022-10-18,175.323,176.657,170.36,174.508,99294.0
2022-10-19,172.946,178.338,171.086,176.064,77294.0
2022-10-20,173.842,193.916,173.79,193.916,112125.0
2022-10-21,190.138,198.205,181.953,192.079,110690.0
2022-10-24,189.397,201.649,187.916,194.508,93406.0
2022-10-25,191.768,198.938,188.886,191.39,74223.0
2022-10-26,190.879,196.064,188.405,191.471,84278.0
2022-10-27,190.308,196.123,186.886,192.323,88779.0
2022-10-28,189.234,200.508,188.657,194.508,88459.0
2022-10-31,196.042,200.397,190.516,194.36,82265.0
2022-11-01,192.36,194.575,188.657,193.783,72518.0
2022-11-02,192.212,197.546,190.064,191.36,76916.0
2022-11-03,188.657,198.768,187.916,195.694,80131.0
2022-11-04,194.634,200.857,191.397,199.471,96022.0
2022-11-07,197.99,203.101,192.36,192.842,83256.0
2022-11-08,192.657,193.834,186.864,188.997,65261.0
2022-11-09,188.923,190.79,180.508,182.434,89218.0
2022-11-10,180.657,183.442,170.286,171.62,153065.0
2022-11-11,180.323,181.234,173.686,174.005,134050.0
2022-11-14,173.101,177.353,171.212,173.457,81907.0
2022-11-15,174.938,184.953,173.108,182.738,136570.0
2022-11-16,182.731,182.731,176.071,176.901,78583.0
2022-11-17,175.627,177.234,168.671,177.138,106455.0
2022-11-18,175.316,178.953,167.923,168.308,105524.0
2022-11-21,166.434,170.138,165.523,168.434,51668.0
2022-11-22,167.916,171.62,164.042,167.701,66867.0
2022-11-23,166.679,167.849,161.746,164.775,78839.0
2022-11-24,165.694,169.568,164.642,167.634,61585.0
2022-11-25,165.694,171.205,163.842,164.22,79383.0
2022-11-28,160.508,163.931,159.597,163.471,60139.0
2022-11-29,163.471,166.434,160.834,164.22,69513.0
2022-11-30,163.583,166.59,161.249,162.649,67113.0
2022-12-01,164.953,169.546,163.894,168.649,114509.0
2022-12-02,167.175,169.879,164.331,165.642,84116.0
2022-12-05,165.634,166.064,161.249,163.731,74282.0
2022-12-06,163.731,175.975,162.738,174.064,169076.0
2022-12-07,174.583,176.79,172.731,174.82,87323.0
2022-12-08,174.583,176.153,171.738,173.842,55375.0
2022-12-09,174.583,181.997,174.583,178.886,122131.0
2022-12-12,179.027,182.731,175.694,178.257,94831.0
2022-12-13,178.257,178.257,171.16,171.842,96117.0
2022-12-14,182.657,183.138,175.538,177.027,197986.0
2022-12-15,174.294,185.323,173.886,180.597,118379.0
2022-12-16,178.286,178.901,173.842,176.227,80774.0
2022-12-19,174.583,176.19,170.879,171.175,61662.0
2022-12-20,169.397,173.086,167.323,169.271,52143.0
2022-12-21,169.234,169.546,164.457,166.434,48829.0
2022-12-22,167.094,167.538,162.471,162.694,52398.0
2022-12-23,159.138,161.99,157.546,158.894,62055.0
2022-12-26,158.575,163.664,158.575,163.294,55825.0
2022-12-27,163.294,166.583,161.842,166.079,49617.0
2022-12-28,164.805,165.931,161.997,164.064,43791.0
2022-12-29,164.42,168.901,163.42,166.168,62169.0
2022-12-30,168.064,168.501,163.657,164.434,43693.0
2023-01-03,163.479,168.657,162.034,168.138,62173.0
2023-01-04,168.175,171.605,164.331,165.175,81668.0
2023-01-05,164.953,167.886,163.471,166.664,62079.0
2023-01-06,165.657,168.731,164.286,166.671,62986.0
2023-01-09,167.175,170.138,165.323,167.471,69655.0
2023-01-10,167.471,171.368,166.805,168.286,87160.0
2023-01-11,171.249,175.323,166.657,167.101,116123.0
2023-01-12,168.731,168.864,163.464,164.664,60191.0
2023-01-13,165.19,165.901,163.508,165.775,43625.0
2023-01-16,164.212,174.494,163.59,172.36,123863.0
2023-01-17,172.264,178.234,171.62,177.22,94804.0
2023-01-18,177.234,178.286,173.894,174.731,49303.0
2023-01-19,174.508,179.679,173.842,179.516,64966.0
2023-01-20,179.027,180.731,176.923,179.538,58255.0
2023-01-30,180.894,181.842,177.916,178.383,83016.0
2023-01-31,177.546,179.005,170.657,171.094,115794.0
2023-02-01,171.101,174.486,171.101,173.96,74435.0
2023-02-02,177.271,191.012,176.797,186.871,197226.0
2023-02-03,184.953,187.175,182.442,184.812,81570.0
2023-02-06,185.694,188.346,182.071,185.694,81469.0
2023-02-07,186.138,186.286,180.634,182.464,73597.0
2023-02-08,181.56,184.212,178.405,178.997,64443.0
2023-02-09,177.546,185.323,176.346,185.101,95492.0
2023-02-10,183.716,185.531,179.086,181.612,72754.0
2023-02-13,178.286,184.953,175.842,184.427,81165.0
2023-02-14,183.842,190.546,179.108,181.442,89615.0
2023-02-15,182.731,187.916,179.886,187.123,85125.0
2023-02-16,185.775,191.546,182.731,183.546,91138.0
2023-02-17,182.731,183.442,172.938,173.871,124837.0
2023-02-20,172.716,175.197,170.879,174.634,66256.0
2023-02-21,174.175,176.405,172.605,174.62,44280.0
2023-02-22,173.071,177.916,172.812,175.997,53644.0
2023-02-23,174.583,177.027,173.516,175.397,40220.0
2023-02-24,176.331,177.101,173.101,173.346,42068.0
2023-02-27,172.16,172.605,168.034,168.486,61770.0
2023-02-28,169.383,171.901,167.175,170.323,50941.0
2023-03-01,169.22,170.627,168.138,170.62,52609.0
2023-03-02,174.583,176.094,170.879,171.397,73597.0
2023-03-03,176.797,181.99,175.975,181.946,170844.0
2023-03-06,179.768,188.286,179.027,186.346,125428.0
2023-03-07,186.346,188.123,180.694,180.997,87405.0
2023-03-08,180.997,184.946,179.99,181.975,64635.0
2023-03-09,182.731,191.383,182.286,188.871,154500.0
2023-03-10,187.997,195.071,187.546,191.005,128190.0
2023-03-13,190.871,194.508,188.953,192.242,87359.0
2023-03-14,190.138,206.434,189.701,203.471,161845.0
2023-03-15,206.908,207.101,197.923,199.027,123210.0
2023-03-16,198.071,201.101,193.064,195.323,106256.0
2023-03-17,199.96,200.212,193.101,197.546,104024.0
2023-03-20,196.946,206.59,194.842,202.946,130968.0
2023-03-21,200.731,203.834,195.901,200.353,92754.0
2023-03-22,200.508,201.183,193.842,195.708,87060.0
2023-03-23,193.79,198.805,193.034,196.323,105097.0
2023-03-24,195.323,195.323,187.879,189.405,122890.0
2023-03-27,189.397,189.397,183.301,184.523,103687.0
2023-03-28,183.694,185.546,180.627,180.76,68959.0
2023-03-29,180.805,199.079,180.271,198.931,215214.0
2023-03-30,197.538,199.397,190.153,193.079,142715.0
2023-03-31,193.249,196.716,190.508,194.471,94439.0
2023-04-03,197.62,206.346,196.805,204.871,169392.0
2023-04-04,202.731,217.294,202.36,207.42,167204.0
2023-04-06,207.42,228.405,207.175,225.271,213882.0
2023-04-07,225.271,229.857,223.923,229.146,126147.0
2023-04-10,229.546,233.753,217.546,219.546,139443.0
2023-04-11,220.375,223.36,213.131,216.36,116010.0
2023-04-12,216.894,220.405,211.212,216.953,89232.0
2023-04-13,214.508,215.131,208.02,209.405,105785.0
2023-04-14,219.768,230.59,218.657,230.59,165535.0
2023-04-17,239.768,248.516,237.183,241.175,206795.0
2023-04-18,239.183,240.479,230.879,236.434,134148.0
2023-04-19,234.575,244.612,234.509,240.212,160314.0
2023-04-20,235.783,260.405,235.323,258.286,175592.0
2023-04-21,256.057,262.753,246.479,247.375,134178.0
2023-04-24,248.657,251.286,241.523,244.146,109048.0
2023-04-25,247.397,251.027,238.434,242.642,131466.0
2023-04-26,240.775,248.271,234.553,245.686,133772.0
2023-04-27,241.605,256.42,239.16,246.657,116863.0
2023-04-28,246.664,252.471,241.175,245.338,111718.0
2023-05-04,245.531,245.531,233.923,236.301,90844.0
2023-05-05,234.583,241.434,234.22,236.16,77677.0
2023-05-08,221.353,230.568,216.086,220.679,154756.0
2023-05-09,220.679,228.012,220.508,220.642,82871.0
2023-05-10,218.997,219.76,209.397,211.99,109350.0
2023-05-11,215.923,216.968,210.138,212.138,56268.0
2023-05-12,213.108,218.546,207.546,209.175,74910.0
2023-05-15,206.434,212.005,205.027,211.412,71492.0
2023-05-16,211.412,218.931,208.901,217.508,97260.0
2023-05-17,217.049,224.101,216.064,220.331,72773.0
2023-05-18,219.027,223.101,218.383,220.686,48401.0
2023-05-19,221.99,223.99,217.723,220.716,56379.0
2023-05-22,220.871,222.657,216.805,217.775,37055.0
2023-05-23,217.071,217.071,212.901,213.457,44761.0
2023-05-24,213.338,221.257,211.323,217.923,70195.0
2023-05-25,217.19,219.694,215.331,219.146,44587.0
2023-05-26,220.138,223.975,218.301,220.953,46085.0
2023-05-29,222.36,226.716,219.094,223.138,77312.0
2023-05-30,220.871,224.686,216.486,223.553,74976.0
2023-05-31,222.738,226.716,220.508,222.323,51912.0
2023-06-01,219.76,220.368,215.471,217.286,70166.0
2023-06-02,217.434,220.879,215.242,218.427,55083.0
2023-06-05,234.509,240.516,231.012,232.36,164501.0
2023-06-06,229.768,232.434,225.56,226.805,92055.0
2023-06-07,226.805,229.197,223.479,225.694,59168.0
2023-06-08,225.123,225.197,219.027,221.175,54931.0
2023-06-09,221.175,224.953,217.953,224.953,69506.0
2023-06-12,223.383,232.353,222.738,231.471,77167.0
2023-06-13,230.664,235.494,228.286,234.953,66417.0
2023-06-14,233.464,236.716,231.842,232.064,56492.0
2023-06-15,232.064,234.671,229.509,232.694,51707.0
2023-06-16,231.123,235.012,230.509,234.879,51127.0
2023-06-19,233.546,234.383,229.657,231.301,51947.0
2023-06-20,229.397,230.879,227.175,227.894,54496.0
2023-06-21,225.62,227.894,215.708,215.99,89027.0
2023-06-26,215.323,220.42,213.249,218.397,57863.0
2023-06-27,218.397,224.212,217.546,220.494,46474.0
2023-06-28,220.508,238.286,220.494,230.16,107336.0
2023-06-29,229.842,233.546,227.175,228.501,46784.0
2023-06-30,227.212,234.568,224.99,232.842,50701.0
2023-07-03,236.79,238.271,218.946,222.671,108859.0
2023-07-04,221.923,227.746,220.508,224.612,52946.0
2023-07-05,222.746,223.694,215.323,216.064,73175.0
2023-07-06,214.953,215.323,209.405,212.353,54682.0
2023-07-07,210.96,210.96,207.657,208.76,43339.0
2023-07-10,207.923,210.871,207.412,209.753,38364.0
2023-07-11,209.546,215.405,208.664,215.153,63195.0
2023-07-12,214.583,214.583,207.916,208.479,61635.0
2023-07-13,209.097,213.157,208.734,212.342,50251.0
2023-07-14,212.986,219.431,211.038,219.283,97200.0
2023-07-17,220.097,221.579,210.157,211.727,102397.0
2023-07-18,211.208,213.342,209.357,210.142,56369.0
2023-07-19,209.083,210.838,200.083,202.786,101524.0
2023-07-20,202.764,204.394,201.208,203.038,45053.0
2023-07-21,201.564,201.564,196.527,197.416,62363.0
2023-07-24,196.394,197.994,195.505,195.979,30802.0
2023-07-25,197.868,204.342,196.312,201.216,55573.0
2023-07-26,200.053,206.246,199.742,203.623,61399.0
2023-07-27,202.327,203.423,200.12,200.712,33172.0
2023-07-28,200.727,204.394,200.283,202.32,40219.0
2023-07-31,202.32,208.986,201.579,208.12,70146.0
2023-08-01,208.008,208.008,204.134,206.527,43051.0
2023-08-02,205.283,209.49,204.549,207.72,52339.0
2023-08-03,206.26,210.638,205.875,208.097,38770.0
2023-08-04,208.49,209.579,203.964,206.401,48259.0
2023-08-07,205.631,208.208,205.305,207.579,28010.0
2023-08-08,207.127,208.971,206.742,207.794,25749.0
2023-08-09,206.912,207.497,204.023,205.668,32030.0
2023-08-10,205.638,211.86,205.616,208.734,46343.0
2023-08-11,208.801,209.697,204.246,204.246,35976.0
2023-08-14,201.897,202.69,199.89,200.105,32685.0
2023-08-15,200.846,202.231,194.579,198.623,38353.0
2023-08-16,197.897,200.246,191.542,191.616,46924.0
2023-08-17,191.416,196.268,190.023,193.52,36101.0
2023-08-18,193.283,193.942,188.246,188.246,33910.0
2023-08-21,189.423,191.646,187.194,187.26,28551.0
2023-08-22,188.305,189.823,183.305,188.801,44984.0
2023-08-23,188.808,189.083,183.586,183.89,26113.0
2023-08-24,185.297,192.208,184.194,190.342,54073.0
2023-08-25,188.068,190.06,187.031,188.246,33582.0
2023-08-28,199.52,200.949,184.527,186.023,68959.0
2023-08-29,183.275,191.971,183.149,191.512,55479.0
2023-08-30,195.283,201.49,193.431,196.505,87751.0
2023-08-31,196.386,200.127,193.431,198.808,62085.0
2023-09-01,200.823,207.853,199.623,200.112,75237.0
2023-09-04,201.623,202.32,196.468,198.616,63706.0
2023-09-05,199.231,201.194,197.786,198.838,59077.0
2023-09-06,197.897,205.653,197.134,205.579,104497.0
2023-09-07,203.053,203.283,193.601,193.801,96213.0
2023-09-08,192.505,196.764,191.949,195.283,50570.0
2023-09-11,194.171,196.371,189.779,194.994,54243.0
2023-09-12,193.512,195.186,193.342,193.431,26883.0
2023-09-13,192.408,194.386,189.001,190.208,38539.0
2023-09-14,190.223,191.208,183.801,184.512,65742.0
2023-09-15,184.608,187.208,181.431,182.431,63790.0
2023-09-18,180.838,183.149,179.357,179.712,46568.0
2023-09-19,179.712,180.231,169.394,175.579,86860.0
2023-09-20,174.734,176.342,170.897,171.194,66215.0
2023-09-21,170.468,172.171,169.579,170.031,45901.0
2023-09-22,169.727,171.949,168.52,171.579,68772.0
2023-09-25,171.208,173.371,169.475,171.949,64748.0
2023-09-26,170.838,172.823,170.171,170.179,42611.0
2023-09-27,170.171,173.134,169.083,170.431,48200.0
2023-09-28,170.468,181.497,168.764,176.616,114314.0
2023-10-09,175.083,181.231,174.586,180.283,71136.0
2023-10-10,179.357,183.72,178.816,181.468,63128.0
2023-10-11,181.468,181.942,176.994,178.831,58026.0
2023-10-12,179.875,186.846,179.446,185.638,84218.0
2023-10-13,182.971,183.008,176.794,182.097,76903.0
2023-10-16,181.727,181.949,177.194,177.949,43339.0
2023-10-17,179.105,182.579,176.764,180.594,48141.0
2023-10-18,181.49,185.712,178.475,178.786,74087.0
2023-10-19,177.594,182.912,177.283,177.971,47051.0
2023-10-20,175.705,179.12,174.542,175.46,39197.0
2023-10-23,175.453,176.023,170.468,171.653,35746.0
2023-10-24,172.097,184.912,171.957,182.69,94578.0
2023-10-25,183.808,184.246,179.579,181.586,55757.0
2023-10-26,179.957,183.06,178.246,182.564,53087.0
2023-10-27,180.69,186.023,179.734,184.386,60977.0
2023-10-30,183.06,190.675,182.394,188.838,80636.0
2023-10-31,191.949,193.92,185.171,187.505,70506.0
2023-11-01,187.171,187.216,183.075,184.875,51373.0
2023-11-02,184.542,186.001,182.446,183.208,35905.0
2023-11-03,183.475,188.986,182.853,188.275,62017.0
2023-11-06,189.749,190.097,186.453,189.534,64462.0
2023-11-07,188.986,190.757,186.616,187.764,54552.0
2023-11-08,186.853,194.542,186.423,190.446,81336.0
2023-11-09,189.105,191.394,187.771,188.283,44243.0
2023-11-10,189.06,190.164,186.764,187.512,40807.0
2023-11-13,188.016,189.712,187.238,188.342,34233.0
2023-11-14,187.364,189.534,186.816,188.268,30134.0
2023-11-15,189.208,189.69,185.305,185.875,44057.0
2023-11-16,185.194,185.875,180.246,181.579,50144.0
2023-11-17,180.846,183.646,180.179,180.838,35441.0
2023-11-20,180.846,181.26,177.223,177.364,55460.0
2023-11-21,177.401,178.808,175.801,176.053,43467.0
2023-11-22,174.92,175.838,172.275,172.394,46346.0
2023-11-23,171.949,174.675,170.734,174.616,39308.0
2023-11-24,174.157,174.69,172.097,172.505,33584.0
2023-11-27,171.549,176.001,171.097,175.994,47183.0
2023-11-28,175.283,177.06,174.394,175.868,32815.0
2023-11-29,176.171,177.083,172.579,172.705,44770.0
2023-11-30,171.949,173.038,170.838,171.616,36346.0
2023-12-01,171.727,172.542,164.757,170.349,70401.0
2023-12-04,169.72,172.394,167.734,167.808,41370.0
2023-12-05,167.483,167.49,163.727,163.764,40099.0
2023-12-06,162.32,164.927,162.32,163.06,36253.0
2023-12-07,162.897,162.971,155.964,158.26,74658.0
2023-12-08,158.26,163.786,158.26,162.49,69513.0
2023-12-11,161.238,167.334,159.727,166.764,62372.0
2023-12-12,166.023,167.246,165.001,166.29,34971.0
2023-12-13,166.149,168.838,165.068,165.808,31533.0
2023-12-14,166.675,167.49,164.468,165.246,28563.0
2023-12-15,165.875,166.69,163.808,164.542,28709.0
2023-12-18,163.431,164.868,161.283,161.623,34685.0
2023-12-19,161.038,171.586,160.897,167.579,81060.0
2023-12-20,168.283,169.764,166.216,167.727,52267.0
2023-12-21,167.734,173.631,167.357,172.66,76050.0
2023-12-22,172.29,172.653,168.246,168.986,47372.0
2023-12-25,168.246,170.275,167.505,168.364,24373.0
2023-12-26,167.734,168.083,163.801,164.905,32923.0
2023-12-27,164.912,175.638,164.912,174.616,96683.0
2023-12-28,174.083,181.579,173.608,179.801,79393.0
2023-12-29,179.816,181.201,178.157,179.883,46362.0
2024-01-02,179.897,180.031,175.171,175.875,41067.0
2024-01-03,175.29,180.542,174.483,176.008,43118.0
2024-01-04,174.875,178.223,172.046,172.875,35031.0
2024-01-05,172.69,175.616,169.705,171.305,33083.0
2024-01-08,170.838,171.949,165.32,165.416,37631.0
2024-01-09,166.438,167.764,162.808,166.823,45534.0
2024-01-10,166.023,169.683,163.342,165.875,36461.0
2024-01-11,165.868,171.868,165.327,170.171,45260.0
2024-01-12,169.697,170.942,168.016,169.727,26775.0
2024-01-15,169.357,173.875,167.208,169.72,37738.0
2024-01-16,175.653,179.357,174.171,178.623,97286.0
2024-01-17,178.438,179.883,176.171,177.357,60984.0
2024-01-18,176.305,188.083,175.668,187.334,125064.0
2024-01-19,186.097,187.986,182.601,183.579,64637.0
2024-01-22,183.579,187.631,181.431,183.208,84689.0
2024-01-23,181.438,186.342,179.786,183.053,65123.0
2024-01-24,183.06,185.401,176.564,184.631,77208.0
2024-01-25,183.06,187.505,181.92,186.179,61266.0
2024-01-26,184.483,186.379,180.838,181.208,53478.0
2024-01-29,181.134,183.534,175.727,176.912,50234.0
2024-01-30,176.29,176.29,167.194,167.764,56786.0
2024-01-31,166.038,169.579,163.868,166.586,55449.0
2024-02-01,166.416,175.757,166.246,172.394,64776.0
2024-02-02,171.801,173.801,164.564,169.283,58420.0
2024-02-05,166.883,179.357,166.549,176.357,84536.0
2024-02-06,174.32,184.157,174.26,183.801,77505.0
2024-02-07,183.253,185.149,180.586,182.401,59207.0
2024-02-08,185.283,189.579,182.023,183.283,75072.0
2024-02-19,188.986,190.379,186.031,189.357,68273.0
2024-02-20,188.616,189.875,184.883,186.838,44070.0
2024-02-21,185.764,193.727,184.542,190.838,70528.0
2024-02-22,191.208,193.86,190.475,192.727,43101.0
2024-02-23,192.749,194.542,190.149,191.697,46816.0
2024-02-26,192.171,193.223,188.831,189.379,43463.0
2024-02-27,188.327,196.742,187.949,196.542,56728.0
2024-02-28,197.097,199.12,191.357,191.527,52358.0
2024-02-29,194.912,210.394,194.646,208.29,116847.0
2024-03-01,209.727,216.246,208.416,214.283,94921.0
2024-03-04,214.608,218.305,211.208,214.297,68094.0
2024-03-05,213.416,215.527,209.734,213.52,54258.0
2024-03-06,213.505,215.32,211.208,213.431,39896.0
2024-03-07,215.483,221.268,212.608,213.631,65040.0
2024-03-08,215.646,222.06,214.986,221.483,81388.0
2024-03-11,219.386,225.579,218.994,222.831,57288.0
2024-03-12,220.838,225.275,218.023,218.92,74173.0
2024-03-13,220.097,221.357,213.164,214.542,68007.0
2024-03-14,214.164,215.497,211.253,212.527,55765.0
2024-03-15,212.527,212.838,207.357,211.971,57263.0
2024-03-18,211.246,219.186,211.208,218.66,66208.0
2024-03-19,217.875,220.69,216.342,216.453,44175.0
2024-03-20,216.32,218.297,213.986,217.283,31432.0
2024-03-21,220.616,225.046,219.357,220.912,56773.0
2024-03-22,220.912,232.683,220.342,229.364,89615.0
2024-03-25,228.883,239.727,225.957,232.542,74158.0
2024-03-26,233.06,237.134,226.534,228.157,63144.0
2024-03-27,229.305,230.097,223.49,226.431,51304.0
2024-03-28,226.416,227.253,221.949,225.053,49717.0
2024-03-29,224.616,228.616,219.305,224.246,48207.0
2024-04-01,226.023,231.623,224.912,226.023,49912.0
2024-04-02,225.283,226.749,217.134,219.06,66601.0
2024-04-03,219.016,221.579,214.92,218.379,43491.0
2024-04-08,221.579,224.949,219.431,220.231,46333.0
2024-04-09,218.986,220.986,215.668,219.408,28815.0
2024-04-10,218.734,220.097,211.927,213.638,40755.0
2024-04-11,212.031,215.646,211.86,213.26,32277.0
2024-04-12,212.675,214.764,210.616,212.69,35494.0
2024-04-15,221.579,231.209,220.971,229.742,90578.0
2024-04-16,227.512,230.468,225.505,226.786,51383.0
2024-04-17,226.994,228.594,224.542,228.06,55557.0
2024-04-18,226.023,230.32,223.86,223.964,53933.0
2024-04-19,223.06,224.186,216.764,218.971,46631.0
2024-04-22,215.646,220.29,213.52,218.557,39521.0
2024-04-23,218.616,223.431,218.208,222.216,40786.0
2024-04-24,223.06,226.616,221.927,223.801,33388.0
2024-04-25,222.594,225.638,220.246,224.794,30039.0
2024-04-26,223.875,231.134,223.875,230.216,50200.0
2024-04-29,229.875,238.305,229.12,237.134,61908.0
2024-04-30,237.371,237.86,230.549,234.171,60379.0
2024-05-06,237.209,239.209,233.134,234.016,41345.0
2024-05-07,233.357,235.268,229.727,232.764,38103.0
2024-05-08,231.949,233.801,228.579,229.586,30404.0
2024-05-09,229.579,230.883,227.512,230.49,48471.0
2024-05-10,230.609,230.823,209.727,218.579,148179.0
2024-05-13,215.653,219.801,212.66,213.875,81472.0
2024-05-14,215.579,216.875,208.12,213.653,67540.0
2024-05-15,211.208,216.764,210.468,212.727,33199.0
2024-05-16,214.171,216.394,211.942,214.038,40547.0
2024-05-17,213.431,214.497,211.349,213.431,30713.0
2024-05-20,212.49,215.12,211.534,213.283,34190.0
2024-05-21,212.579,218.897,212.49,216.986,49898.0
2024-05-22,217.105,217.49,212.986,215.031,33353.0
2024-05-23,215.053,219.12,213.801,215.031,37706.0
2024-05-24,213.994,215.246,210.468,210.468,32778.0
2024-05-27,210.446,223.105,209.416,223.06,77706.0
2024-05-28,225.134,229.727,222.705,223.786,71350.0
2024-05-29,222.764,224.068,217.453,219.134,41312.0
2024-05-30,217.875,222.023,217.142,220.023,35291.0
2024-05-31,219.89,219.949,215.171,215.171,42368.0
2024-06-03,215.668,229.72,215.653,226.675,83607.0
2024-06-04,226.675,231.134,225.283,229.809,45441.0
2024-06-05,230.468,233.897,229.809,231.194,44404.0
2024-06-06,232.712,239.357,232.32,234.942,80246.0
2024-06-07,234.942,240.72,230.52,233.72,68729.0
2024-06-11,236.394,242.32,236.394,239.957,77010.0
2024-06-12,244.023,244.394,237.134,238.646,58004.0
2024-06-13,242.32,246.542,239.49,240.986,64779.0
2024-06-14,240.09,244.453,235.668,236.986,82601.0
2024-06-17,237.157,248.083,237.157,244.794,72140.0
2024-06-18,244.542,247.69,242.66,245.134,40775.0
2024-06-19,245.66,247.357,239.357,241.468,50043.0
2024-06-20,240.838,248.023,240.268,242.727,55916.0
2024-06-21,239.431,243.727,238.431,242.401,39903.0
2024-06-24,242.386,245.727,238.246,239.134,37809.0
2024-06-25,237.875,238.986,229.431,230.942,54896.0
2024-06-26,231.668,237.009,228.49,234.579,47819.0
2024-06-27,233.438,237.801,230.786,234.66,46776.0
2024-06-28,232.69,236.394,231.66,234.831,39200.0
2024-07-01,234.097,239.942,231.127,238.512,36758.0
2024-07-02,238.66,239.468,230.801,233.438,37751.0
2024-07-03,233.409,236.764,229.416,234.438,30565.0
2024-07-04,232.846,236.068,232.053,233.112,21164.0
2024-07-05,233.083,233.527,227.194,231.29,32382.0
2024-07-08,231.505,236.89,230.883,232.971,36442.0
2024-07-09,233.283,239.934,231.312,239.038,51260.0
2024-07-10,238.364,239.786,233.49,235.179,43032.0
2024-07-11,237.853,238.157,221.453,230.505,107539.0
2024-07-12,228.823,242.897,227.342,241.838,90849.0
2024-07-15,242.897,248.009,241.927,246.49,62045.0
2024-07-16,245.86,257.712,244.92,255.912,78862.0
2024-07-17,255.742,260.668,254.616,255.934,61872.0
2024-07-18,253.638,262.757,250.794,261.905,75180.0
2024-07-19,261.046,264.453,258.601,261.416,64417.0
2024-07-22,263.638,264.268,258.038,260.238,48644.0
2024-07-23,258.831,259.934,246.971,247.023,64869.0
2024-07-24,246.601,248.994,243.268,244.742,40872.0
2024-07-25,242.905,245.349,239.675,242.157,38729.0
2024-07-26,240.69,247.342,238.675,244.342,54917.0
2024-07-29,244.342,251.12,243.12,246.364,44163.0
2024-07-30,244.868,250.675,241.742,247.371,38311.0
2024-07-31,245.86,253.475,244.668,252.231,59319.0
2024-08-01,253.253,259.305,251.468,254.179,50626.0
2024-08-02,251.416,255.72,247.105,248.031,44789.0
2024-08-05,244.371,248.446,237.564,237.564,58463.0
2024-08-06,241.638,242.623,233.12,236.683,45094.0
2024-08-07,237.897,240.646,234.016,234.786,33834.0
2024-08-08,232.534,239.912,228.675,236.231,44403.0
2024-08-09,239.194,241.186,235.253,236.134,32240.0
2024-08-12,234.601,237.031,232.564,234.031,23683.0
2024-08-13,233.349,236.001,232.209,235.075,22742.0
2024-08-14,235.327,237.046,231.327,232.12,23158.0
2024-08-15,231.075,234.009,229.416,231.016,34069.0
2024-08-16,231.016,234.653,229.268,232.571,30877.0
2024-08-19,232.897,235.401,230.816,232.675,27686.0
2024-08-20,233.268,233.638,228.823,230.631,24972.0
2024-08-21,229.564,232.438,228.157,230.275,24826.0
2024-08-22,229.705,231.194,220.66,226.105,58748.0
2024-08-23,224.416,225.616,220.675,221.905,46644.0
2024-08-26,221.905,224.327,221.046,223.349,34988.0
2024-08-27,221.786,223.008,219.342,221.149,25986.0
2024-08-28,220.675,224.379,218.46,223.557,41771.0
2024-08-29,222.616,230.705,221.416,224.512,55600.0
2024-08-30,224.512,239.075,224.379,234.216,79416.0
2024-09-02,235.49,237.268,225.868,226.157,49074.0
2024-09-03,226.609,229.564,225.127,229.186,28795.0
2024-09-04,225.86,228.12,224.749,225.557,26095.0
2024-09-05,225.557,226.727,219.934,222.646,39225.0
2024-09-06,222.157,224.349,219.194,219.268,28374.0
2024-09-09,217.786,221.86,217.194,217.771,31905.0
2024-09-10,217.742,224.757,217.349,219.727,51469.0
2024-09-11,219.275,221.416,216.823,221.016,26635.0
2024-09-12,222.068,222.897,218.527,219.297,26262.0
2024-09-13,219.201,221.416,215.483,215.505,34736.0
2024-09-18,216.238,217.342,214.231,216.734,22142.0
2024-09-19,217.12,218.838,211.779,215.127,39513.0
2024-09-20,213.816,216.231,208.675,215.801,48885.0
2024-09-23,214.223,216.971,206.971,208.72,56754.0
2024-09-24,210.305,217.06,204.475,217.038,82729.0
2024-09-25,219.268,222.69,215.238,216.749,80414.0
2024-09-26,216.216,222.897,210.66,222.897,86666.0
2024-09-27,225.86,245.342,225.771,245.342,120966.0
2024-09-30,258.364,269.564,251.868,269.549,121624.0
2024-10-08,296.66,296.66,284.379,296.66,114050.0
2024-10-09,294.749,324.379,285.86,298.453,237691.0
2024-10-10,306.231,307.342,279.957,286.075,141260.0
2024-10-11,280.083,284.216,265.712,269.416,109780.0
2024-10-14,265.12,276.223,259.223,271.794,122346.0
2024-10-15,278.453,286.971,273.92,276.971,132395.0
2024-10-16,265.194,270.031,262.209,267.49,93299.0
2024-10-17,269.564,273.638,266.971,268.846,65722.0
2024-10-18,268.846,295.883,267.734,295.609,144508.0
2024-10-21,302.016,306.601,288.179,291.209,177452.0
2024-10-22,287.386,301.327,285.12,292.194,114503.0
2024-10-23,292.194,296.231,288.453,290.231,70839.0
2024-10-24,288.083,291.49,284.023,285.779,67455.0
2024-10-25,285.823,289.934,281.786,286.171,65589.0
2024-10-28,286.171,286.957,280.794,283.268,55238.0
2024-10-29,282.683,292.379,282.209,286.379,72031.0
2024-10-30,285.12,291.786,283.12,287.475,64089.0
2024-10-31,286.142,294.453,281.312,289.097,98705.0
2024-11-01,285.046,289.046,281.416,285.49,68904.0
2024-11-04,285.505,299.92,285.12,294.971,93725.0
2024-11-05,294.964,305.86,292.231,302.534,95149.0
2024-11-06,302.534,306.431,295.905,298.386,84837.0
2024-11-07,296.231,317.771,295.512,314.001,118030.0
2024-11-08,323.631,345.12,314.749,330.12,154594.0
2024-11-11,337.712,359.786,336.016,358.964,161465.0
2024-11-12,356.231,361.438,341.416,344.979,145529.0
2024-11-13,340.586,357.697,340.586,345.12,102311.0
2024-11-14,341.66,344.92,328.823,331.275,103885.0
2024-11-15,328.423,331.046,310.69,311.549,108108.0
2024-11-18,310.549,322.149,309.438,312.446,89510.0
2024-11-19,312.446,323.934,310.949,320.705,92438.0
2024-11-20,321.49,327.268,315.816,319.86,77317.0
2024-11-21,319.683,324.142,316.994,319.868,59408.0
2024-11-22,319.86,328.823,311.046,311.438,79174.0
2024-11-25,308.09,317.364,302.823,308.164,86364.0
2024-11-26,308.038,310.712,300.883,301.786,62312.0
2024-11-27,299.712,308.349,293.253,306.534,73792.0
2024-11-28,306.534,308.512,299.342,304.357,59412.0
2024-11-29,303.638,311.194,299.609,306.364,83164.0
2024-12-02,303.638,314.601,301.742,311.038,77628.0
2024-12-03,308.823,310.957,296.305,298.757,111117.0
2024-12-04,303.49,307.712,295.046,296.638,90404.0
2024-12-05,296.971,298.127,293.275,294.009,66170.0
2024-12-06,293.786,300.675,292.92,298.89,65608.0
2024-12-09,296.312,299.097,290.964,293.12,57575.0
2024-12-10,302.601,303.638,291.801,293.527,88337.0
2024-12-11,292.527,294.512,287.342,287.979,73068.0
2024-12-12,287.305,295.979,285.127,293.238,81733.0
2024-12-13,291.046,292.897,284.379,284.734,80053.0
2024-12-16,283.253,286.016,276.468,278.786,69679.0
2024-12-17,277.349,285.031,277.349,282.097,64172.0
2024-12-18,282.897,292.979,282.09,291.453,103904.0
2024-12-19,288.083,299.379,286.246,294.675,96945.0
2024-12-20,293.268,306.157,291.786,305.268,118446.0
2024-12-23,302.157,304.371,296.231,297.342,86912.0
2024-12-24,296.971,302.134,294.749,301.046,64615.0
2024-12-25,300.186,303.942,298.453,299.342,48947.0
2024-12-26,297.712,301.001,296.112,298.66,51136.0
2024-12-27,297.712,310.823,296.246,303.86,102058.0
2024-12-30,302.179,307.09,298.083,299.912,59736.0
2024-12-31,299.327,299.86,288.083,288.083,86215.0
2025-01-02,288.083,288.371,273.675,277.268,80246.0
2025-01-03,278.453,282.431,274.009,276.305,65996.0
2025-01-06,277.038,282.431,274.379,277.194,44971.0
2025-01-07,278.453,287.934,277.697,287.838,72287.0
2025-01-08,285.12,287.031,278.283,284.579,58253.0
2025-01-09,284.527,286.971,283.268,284.149,36101.0
2025-01-10,284.083,290.705,282.023,282.638,50520.0
2025-01-13,278.416,283.638,278.283,281.757,36305.0
2025-01-14,283.964,289.934,274.831,288.342,72982.0
2025-01-15,286.505,287.957,281.512,281.638,52578.0
2025-01-16,284.971,296.209,284.416,289.083,83860.0
2025-01-17,287.342,294.009,284.86,286.29,64200.0
2025-01-20,287.364,290.29,285.416,286.29,50123.0
2025-01-21,288.09,292.468,285.49,290.016,59282.0
2025-01-22,289.883,290.675,283.097,283.571,57734.0
2025-01-23,286.601,292.371,282.305,284.164,72577.0
2025-01-24,283.749,285.342,279.342,279.497,80041.0
2025-01-27,279.497,280.075,276.475,277.712,44739.0
2025-02-05,282.157,282.89,274.749,278.475,64102.0
2025-02-06,276.601,303.12,276.327,303.12,166717.0
2025-02-07,302.009,304.009,295.934,300.364,103163.0
2025-02-10,301.416,301.416,294.868,299.179,63714.0
2025-02-11,297.712,299.927,293.379,295.994,52964.0
2025-02-12,298.446,306.727,298.186,305.609,98061.0
2025-02-13,304.971,310.031,301.334,301.897,59596.0
2025-02-14,299.231,308.675,296.386,308.009,75096.0
2025-02-17,309.564,316.009,307.831,315.401,91473.0
2025-02-18,320.105,329.305,316.268,318.453,117787.0
2025-02-19,318.438,337.712,316.979,336.972,108954.0
2025-02-20,335.49,340.364,332.816,336.231,64884.0
2025-02-21,335.49,349.068,334.016,342.912,82757.0
2025-02-24,342.897,349.564,339.194,345.12,69576.0
2025-02-25,339.972,343.105,331.268,336.253,79481.0
2025-02-26,339.194,346.327,333.268,342.305,59870.0
2025-02-27,341.416,343.268,334.749,339.505,44080.0
2025-02-28,339.112,341.838,326.512,329.771,72593.0
2025-03-03,329.068,329.631,318.831,320.92,51739.0
2025-03-04,318.453,320.675,313.268,317.349,54264.0
2025-03-05,317.409,324.616,317.009,318.734,41217.0
2025-03-06,328.734,350.764,328.734,340.957,102452.0
2025-03-07,336.86,347.105,336.809,342.897,58516.0
2025-03-10,341.046,345.69,334.327,336.201,41879.0
2025-03-11,336.979,341.883,324.623,327.534,61763.0
2025-03-12,327.534,329.934,322.438,326.453,44665.0
2025-03-13,325.349,327.253,316.668,319.216,42567.0
2025-03-14,319.216,327.668,317.86,323.72,46200.0
2025-03-17,327.668,327.712,320.771,321.342,33396.0
2025-03-18,323.638,327.12,321.631,323.394,30221.0
2025-03-19,321.416,323.068,318.653,320.653,25318.0
2025-03-20,319.927,319.927,315.49,316.201,30939.0
2025-03-21,316.601,318.194,305.231,308.675,54038.0
2025-03-24,308.675,319.816,308.179,316.527,54834.0
2025-03-25,317.342,317.712,314.305,316.142,24790.0
2025-03-26,314.386,319.786,314.142,315.223,26092.0
2025-03-27,314.379,321.075,312.675,317.268,32373.0
2025-03-28,317.334,318.157,303.638,306.527,71392.0
2025-03-31,303.638,308.786,302.957,306.601,50045.0
2025-04-01,307.342,316.72,305.868,316.379,63067.0
2025-04-02,316.216,316.823,310.009,316.379,37539.0
2025-04-03,313.342,330.675,313.142,324.364,65388.0
2025-04-07,320.668,332.897,309.112,319.046,127317.0
2025-04-08,322.897,326.453,311.786,317.72,94012.0
2025-04-09,314.32,344.305,312.586,339.194,121063.0
2025-04-10,339.194,342.534,331.786,332.905,71464.0
2025-04-11,331.786,346.105,328.986,337.342,72367.0
2025-04-14,341.312,341.312,333.127,337.342,42860.0
2025-04-15,334.231,335.49,329.068,333.268,41436.0
2025-04-16,331.416,345.823,331.416,345.112,66436.0
2025-04-17,342.749,344.305,340.379,341.66,33621.0
2025-04-18,339.964,341.653,330.305,334.394,38832.0
2025-04-21,333.083,337.631,332.186,336.512,24804.0
2025-04-22,334.379,347.786,333.401,340.564,42900.0
2025-04-23,339.934,340.564,332.157,336.075,42027.0
2025-04-24,335.49,337.572,333.268,336.364,23715.0
2025-04-25,334.749,336.883,329.934,334.216,33475.0
2025-04-28,334.972,339.638,334.231,335.06,40484.0
2025-04-29,334.749,335.497,330.69,335.06,22153.0
2025-04-30,334.009,334.675,328.016,332.497,41152.0
2025-05-06,335.194,339.164,332.497,337.394,40548.0
2025-05-07,340.675,341.416,330.305,330.527,49366.0
2025-05-08,330.038,332.009,327.994,330.964,28274.0
2025-05-09,328.823,328.823,324.157,325.009,39087.0
2025-05-12,326.542,327.149,320.683,321.92,39724.0
2025-05-13,323.638,325.32,320.675,320.675,28921.0
2025-05-14,320.757,324.009,319.327,322.112,34038.0
2025-05-15,322.009,322.009,315.697,316.157,28998.0
2025-05-16,315.86,319.712,314.757,315.934,25061.0
2025-05-19,315.971,321.653,314.164,320.675,39062.0
2025-05-20,320.675,322.875,318.275,319.683,29411.0
2025-05-21,318.312,318.868,314.201,314.749,36569.0
2025-05-22,315.86,316.971,311.601,311.683,30925.0
2025-05-23,311.683,315.712,311.046,313.164,36468.0
2025-05-26,314.668,322.823,314.29,318.134,55730.0
2025-05-27,318.046,319.683,315.712,316.379,25616.0
2025-05-28,315.505,316.934,307.423,307.594,41818.0
2025-05-29,309.542,313.994,308.609,313.446,36117.0
2025-05-30,312.505,313.846,308.497,308.497,24651.0
2025-06-03,309.557,318.357,309.394,313.097,29125.0
2025-06-04,313.097,315.416,312.164,313.512,19410.0
2025-06-05,314.601,317.712,312.957,316.697,27138.0
2025-06-06,316.971,319.846,315.994,317.334,23016.0
2025-06-09,316.342,317.194,312.749,316.831,33880.0
2025-06-10,314.749,314.905,307.342,307.342,41922.0
2025-06-11,307.394,310.749,306.749,307.157,30159.0
2025-06-12,305.86,306.231,296.231,297.875,69304.0
2025-06-13,295.631,302.868,295.549,302.571,53425.0
2025-06-16,299.223,305.423,298.883,303.927,26111.0
2025-06-17,304.194,308.586,303.609,306.527,31175.0
2025-06-18,306.527,309.023,304.549,306.586,25575.0
2025-06-19,305.749,318.579,304.475,312.201,59119.0
2025-06-20,310.001,315.49,309.934,314.579,33661.0
2025-06-23,315.483,326.386,314.579,323.32,61008.0
2025-06-24,322.149,324.801,317.246,321.283,39203.0
2025-06-25,321.29,326.083,319.831,325.549,42262.0
2025-06-26,325.86,327.253,322.468,322.831,32098.0
2025-06-27,322.905,324.238,319.52,320.312,39506.0
2025-06-30,319.912,330.675,319.194,326.016,53765.0
2025-07-01,326.305,328.823,324.46,326.823,25935.0
2025-07-02,327.934,328.075,320.92,322.246,29662.0
2025-07-03,324.838,328.228,319.458,327.408,40671.0
2025-07-04,326.228,340.748,325.248,334.388,72858.0
2025-07-07,336.538,337.218,331.038,331.918,37393.0
2025-07-08,333.338,334.068,329.258,333.208,38761.0
2025-07-09,332.238,339.738,330.238,330.388,43890.0
2025-07-10,330.228,331.238,323.238,329.068,45895.0
2025-07-11,329.238,331.498,326.838,330.068,37334.0
2025-07-14,329.238,329.688,323.038,323.428,38761.0
2025-07-15,323.258,326.508,321.278,322.558,41226.0
2025-07-16,321.738,324.598,319.838,320.098,35954.0
2025-07-17,319.238,320.238,313.568,317.838,62914.0
2025-07-18,319.238,329.568,319.238,324.428,81166.0
2025-07-21,324.038,324.038,317.238,319.288,59914.0
2025-07-22,317.948,321.528,314.738,321.378,71052.0
2025-07-23,321.608,333.788,319.038,330.738,119131.0
2025-07-24,330.678,338.318,329.738,337.888,72086.0
2025-07-25,337.238,341.198,332.838,341.198,62367.0
2025-07-28,341.198,343.598,336.418,342.888,55965.0
2025-07-29,341.198,344.598,334.238,344.028,73160.0
2025-07-30,343.228,354.838,341.398,348.438,85627.0
2025-07-31,348.428,349.238,333.398,334.438,93438.0
2025-08-01,333.238,335.118,326.438,329.038,55444.0
2025-08-04,327.348,331.118,325.048,327.498,46332.0
2025-08-05,328.478,330.938,324.738,327.738,49295.0
2025-08-06,328.088,331.238,325.538,330.818,49329.0
2025-08-07,332.238,335.158,328.418,332.108,57116.0
2025-08-08,331.238,333.188,327.988,328.328,36308.0
2025-08-11,327.238,328.678,325.238,325.938,47224.0
2025-08-12,326.238,333.648,325.228,331.488,70732.0
2025-08-13,332.418,333.398,328.398,330.548,58260.0
2025-08-14,331.598,348.738,331.598,340.898,128315.0
2025-08-15,340.238,342.928,334.128,341.268,74410.0
2025-08-18,342.908,348.738,338.628,346.458,87379.0
2025-08-19,346.138,346.138,338.938,339.198,67810.0
2025-08-20,336.958,351.098,334.398,349.728,93680.0
2025-08-21,349.728,367.238,347.738,360.218,158872.0
2025-08-22,360.038,388.268,359.858,382.638,188994.0
2025-08-25,393.518,401.808,374.028,379.318,195663.0
2025-08-26,377.238,387.718,372.358,382.238,116876.0
2025-08-27,379.238,388.348,372.358,372.738,145679.0
2025-08-28,371.738,397.458,371.248,396.168,179220.0
2025-08-29,379.238,380.828,361.238,371.738,241986.0
2025-09-01,376.238,379.478,366.338,377.078,156271.0
2025-09-02,376.238,387.098,371.238,377.748,167752.0
2025-09-03,377.748,378.198,368.698,372.668,95695.0
2025-09-04,370.238,370.938,344.238,350.188,144364.0
2025-09-05,350.188,358.038,345.238,356.518,98061.0
2025-09-08,354.238,370.238,352.258,369.638,110253.0
2025-09-09,368.038,371.038,357.318,362.928,88825.0
2025-09-10,363.028,369.498,363.028,367.438,78342.0
2025-09-11,365.338,380.838,364.038,376.678,116269.0
2025-09-12,376.688,382.738,374.518,376.278,76863.0
2025-09-15,381.648,382.278,375.248,379.238,71172.0
2025-09-16,377.318,382.198,375.618,377.098,76006.0
2025-09-17,373.238,394.238,368.788,388.628,128260.0
2025-09-18,391.018,427.138,389.148,406.938,181018.0
2025-09-19,407.438,412.258,400.228,401.238,102377.0
2025-09-22,400.778,418.038,397.488,411.938,103310.0
2025-09-23,416.908,421.288,404.238,418.038,99394.0
2025-09-24,421.238,459.918,419.028,459.918,187054.0
2025-09-25,468.568,468.568,441.258,452.888,174734.0
2025-09-26,450.238,461.238,447.638,452.038,109475.0
2025-09-29,450.038,458.238,438.288,458.238,126632.0
2025-09-30,457.198,462.628,449.238,451.598,121454.0
2025-10-09,456.238,472.898,452.048,457.288,170388.0
2025-10-10,449.208,453.678,431.238,437.138,143862.0
2025-10-13,423.238,441.958,421.248,435.038,100474.0
2025-10-14,440.388,441.958,397.238,401.238,161221.0
2025-10-15,404.738,412.788,394.778,411.618,108560.0
2025-10-16,411.238,418.018,406.578,409.928,67135.0
2025-10-17,407.238,409.038,397.318,398.668,72358.0
2025-10-20,405.238,410.238,397.468,399.398,77460.0
2025-10-21,401.958,410.168,400.438,407.728,75399.0
2025-10-22,404.238,406.918,399.238,403.628,57613.0
2025-10-23,400.518,404.118,395.758,402.818,47542.0
2025-10-24,405.258,416.838,405.238,414.038,89561.0
2025-10-27,421.538,432.708,417.868,428.338,112345.0
2025-10-28,426.238,432.208,422.758,425.238,72911.0
2025-10-29,425.218,426.488,417.288,422.858,64986.0
2025-10-30,422.238,422.858,414.238,414.738,73013.0
2025-10-31,414.838,419.468,403.238,406.288,75114.0
2025-11-03,405.438,406.238,389.268,400.238,83428.0
2025-11-04,400.238,409.698,397.038,404.668,77905.0
2025-11-05,396.238,404.128,393.238,396.068,54772.0
2025-11-06,398.238,412.808,398.238,410.238,77331.0
2025-11-07,406.838,419.238,405.938,412.988,74528.0
2025-11-10,412.988,426.238,409.878,414.928,91991.0
2025-11-11,416.838,423.708,413.788,414.738,66903.0
2025-11-12,411.298,419.238,405.758,412.388,62771.0
2025-11-13,412.528,417.778,406.528,412.908,53188.0
2025-11-14,408.238,412.498,402.908,406.738,48453.0
2025-11-17,406.178,414.238,399.898,399.918,56931.0
2025-11-18,399.138,434.238,397.838,422.638,154452.0
2025-11-19,421.238,427.138,417.238,418.528,56305.0
2025-11-20,423.238,424.238,403.418,404.238,73136.0
2025-11-21,394.498,400.158,385.858,386.098,98811.0
2025-11-24,389.088,422.238,389.088,415.478,155763.0
2025-11-25,421.238,423.528,414.438,417.238,61605.0
2025-11-26,419.248,425.528,414.618,420.948,58039.0
2025-11-27,422.118,432.118,418.118,421.238,64146.0
2025-11-28,418.228,433.738,416.238,427.138,77291.0
2025-12-01,427.158,446.238,422.638,445.698,84879.0
2025-12-02,441.818,444.218,429.238,432.518,65224.0
2025-12-03,431.328,440.838,431.248,433.088,40337.0
2025-12-04,427.908,455.438,424.168,449.028,79989.0
2025-12-05,445.228,454.938,445.218,449.738,61506.0
2025-12-08,449.338,466.798,443.098,462.238,82752.0
2025-12-09,460.238,465.238,452.588,456.698,61638.0
2025-12-10,456.098,459.228,448.868,457.768,47890.0
2025-12-11,458.768,460.138,451.398,452.338,53485.0
2025-12-12,453.338,461.908,440.958,454.338,79898.0
2025-12-15,460.018,467.238,446.628,448.238,83220.0
2025-12-16,444.238,449.208,437.618,442.118,53587.0
2025-12-17,440.948,447.868,436.118,443.978,60970.0
2025-12-18,440.238,446.858,437.308,442.338,41921.0
2025-12-19,445.238,457.938,444.608,447.598,51490.0
2025-12-22,448.288,467.738,448.248,464.538,70409.0
2025-12-23,465.238,488.108,463.238,480.658,88255.0
2025-12-24,480.238,484.248,476.238,480.338,50248.0
2025-12-25,479.238,482.218,469.438,472.438,44614.0
2025-12-26,471.338,472.388,455.628,458.248,81137.0
2025-12-29,459.618,461.818,449.248,452.038,86592.0
2025-12-30,452.488,471.168,452.488,458.238,101559.0
2025-12-31,469.388,472.178,452.578,458.318,85462.0
2026-01-05,467.238,474.238,461.248,473.748,112922.0
2026-01-06,473.748,508.228,472.738,485.208,155474.0
2026-01-07,492.238,523.208,492.238,514.658,176758.0
2026-01-08,514.658,521.238,503.768,505.908,97129.0
2026-01-09,502.238,510.318,490.238,496.738,108323.0
2026-01-12,497.268,510.938,497.268,501.088,111784.0
2026-01-13,499.238,511.768,488.338,489.438,93964.0
2026-01-14,490.238,503.518,486.238,492.538,98306.0
2026-01-15,489.258,508.218,481.738,505.968,124937.0
2026-01-16,512.238,533.238,510.548,523.118,143116.0
2026-01-19,529.138,532.238,520.238,523.108,81842.0
2026-01-20,520.238,530.458,510.288,513.438,71653.0
2026-01-21,512.228,528.038,506.918,508.928,111712.0
2026-01-22,514.738,516.328,497.238,499.798,94280.0
2026-01-23,501.238,510.118,494.238,509.608,92673.0
2026-01-26,507.338,507.338,488.238,495.458,90352.0
2026-01-27,493.278,507.118,492.348,496.918,76917.0
2026-01-28,501.628,507.008,491.238,501.238,118823.0
2026-01-29,496.218,498.238,474.238,474.608,138080.0
2026-01-30,471.658,479.218,465.268,474.468,87924.0
2026-02-02,470.898,472.238,460.248,460.868,95494.0
2026-02-03,465.738,475.428,461.468,472.228,96087.0
2026-02-04,467.268,475.238,463.738,469.838,60657.0
2026-02-05,462.238,471.738,454.728,469.358,77071.0
2026-02-06,467.228,479.228,464.238,471.468,83364.0
2026-02-09,478.328,487.998,475.238,483.238,69534.0
2026-02-10,487.188,487.188,479.538,482.138,44620.0
2026-02-11,478.038,480.238,470.238,474.238,44541.0
2026-02-12,476.768,477.238,470.628,474.288,51149.0
2026-02-13,479.028,495.888,474.418,485.358,110623.0
2026-02-24,491.038,493.238,475.268,486.568,67828.0
2026-02-25,487.708,498.918,480.008,495.238,78892.0
2026-02-26,495.238,497.868,482.538,488.118,67890.0
2026-02-27,480.358,481.238,465.238,471.118,88904.0
2026-03-02,463.798,470.548,459.268,465.038,82860.0
2026-03-03,465.228,469.008,445.318,445.398,78933.0
2026-03-04,442.458,455.088,442.238,448.038,63470.0
2026-03-05,456.038,471.498,454.208,465.518,79818.0
2026-03-06,462.728,470.598,460.118,464.618,45443.0
2026-03-09,447.238,452.788,434.738,451.878,95094.0
2026-03-10,458.238,459.838,451.798,456.238,54389.0
2026-03-11,456.168,461.918,449.298,461.228,67935.0
2026-03-12,456.238,461.238,450.078,457.228,67478.0
2026-03-13,449.238,463.938,448.338,457.118,64469.0
2026-03-16,454.788,457.038,441.268,453.948,73655.0
2026-03-17,455.248,463.598,448.238,449.238,53996.0
2026-03-18,452.938,463.238,450.738,461.688,65998.0
2026-03-19,456.828,464.428,453.248,460.868,51043.0
2026-03-20,460.718,473.258,457.738,467.958,81385.0
2026-03-23,460.738,461.238,442.238,443.628,77369.0
2026-03-24,448.828,452.688,437.028,443.238,47309.0
2026-03-25,449.138,466.838,447.628,463.438,87337.0
2026-03-26,458.798,460.838,444.938,445.348,61011.0
2026-03-27,438.738,457.208,433.738,452.218,58054.0
2026-03-30,443.348,469.248,441.358,468.078,80806.0
2026-03-31,464.138,466.228,446.238,446.238,69566.0
2026-04-01,454.438,460.478,449.258,449.768,63355.0
2026-04-02,449.828,451.038,434.458,437.238,74915.0
2026-04-03,438.338,439.838,423.298,425.688,66885.0
2026-04-07,424.298,430.238,421.488,423.318,45824.0
2026-04-08,436.238,465.208,436.238,463.218,141948.0
2026-04-09,460.238,477.238,457.248,472.078,93029.0
2026-04-10,474.238,483.648,474.238,476.128,77583.0
2026-04-13,475.138,479.738,466.438,471.738,65090.0
2026-04-14,477.238,491.238,475.348,480.838,74114.0
2026-04-15,482.298,484.238,473.228,474.238,63951.0
2026-04-16,474.238,477.118,466.878,472.798,63248.0
2026-04-17,469.238,475.738,464.038,469.148,95465.0
2026-04-20,446.238,475.368,444.238,470.468,186837.0
2026-04-21,471.198,471.238,445.948,449.598,160056.0
2026-04-22,448.238,477.238,447.238,477.188,174383.0
2026-04-23,477.238,484.188,469.818,474.238,97353.0
2026-04-24,474.268,484.458,463.038,471.938,129793.0
2026-04-27,480.438,519.138,475.198,515.488,204329.0
2026-04-28,510.778,536.488,503.238,516.448,138254.0
2026-04-29,509.458,516.458,501.438,509.948,93026.0
2026-04-30,518.418,540.398,506.328,536.228,165926.0
2026-05-06,554.238,566.238,544.238,544.588,160278.0
2026-05-07,554.238,555.948,534.238,551.378,97222.0
2026-05-08,542.238,554.038,536.438,540.028,82457.0
2026-05-11,549.218,584.238,547.238,572.428,144630.0
2026-05-12,572.428,583.238,563.238,580.688,112136.0
2026-05-13,570.228,587.238,549.738,580.238,138388.0
2026-05-14,580.238,591.898,562.668,563.638,102707.0
2026-05-15,569.038,620.078,554.238,591.238,232995.0
2026-05-18,600.238,622.508,591.998,597.208,175235.0
2026-05-19,589.238,626.408,580.738,618.938,144595.0
2026-05-20,617.238,659.238,613.238,655.238,164059.0
2026-05-21,656.038,720.838,655.938,662.228,231619.0
2026-05-22,662.268,672.238,636.238,668.238,198563.0
2026-05-25,649.368,718.288,625.348,697.428,204122.0
2026-05-26,689.238,700.238,655.898,669.488,148548.0
2026-05-27,674.238,691.238,649.838,654.008,138670.0
2026-05-28,649.238,667.908,646.118,658.238,112600.0
2026-05-29,655.358,658.238,623.018,629.108,147461.0
2026-06-01,624.228,629.038,588.158,589.128,151000.0
2026-06-02,585.338,615.028,583.428,602.038,126306.0
2026-06-03,602.048,632.898,593.238,614.078,144161.0
2026-06-04,609.378,637.088,605.238,626.238,120620.0
2026-06-05,614.238,618.828,599.238,602.598,80843.0
2026-06-08,569.278,598.038,567.458,584.978,97859.0
2026-06-09,600.258,619.038,593.828,616.338,102006.0
2026-06-10,614.238,640.248,609.238,618.438,106913.0
2026-06-11,624.088,647.238,619.238,636.738,113667.0
2026-06-12,665.428,680.228,654.418,666.428,153480.0
2026-06-15,669.038,686.898,639.238,681.458,125640.0
2026-06-16,679.238,681.138,659.598,671.428,86768.0
2026-06-17,659.628,704.238,656.238,703.458,113479.0
2026-06-18,704.218,733.118,702.938,720.278,104611.0
2026-06-22,739.218,757.238,722.708,744.238,107527.0
2026-06-23,747.958,761.238,720.238,746.728,99686.0
2026-06-24,726.308,773.738,726.238,769.308,131088.0
2026-06-25,777.238,809.238,774.238,797.238,118840.0
2026-06-26,794.238,827.238,781.408,812.608,124031.0
2026-06-29,813.268,875.098,805.118,859.428,150335.0
2026-06-30,889.238,904.798,872.768,883.798,127687.0
2026-07-01,883.798,967.238,883.798,934.598,146117.0
2026-07-02,869.238,883.238,841.058,841.058,121210.0
2026-07-03,799.01,846.38,775.0,816.0,165854.0
2026-07-06,832.31,834.8,767.97,803.6,152427.0
2026-07-07,794.23,835.01,778.69,806.39,130918.0
2026-07-08,806.39,830.02,768.0,802.32,148075.0
2026-07-09,817.42,880.98,815.0,878.43,158615.0
2026-07-10,886.46,905.0,800.99,801.0,193858.0
2026-07-13,795.61,813.7,755.0,764.3,163142.0
2026-07-14,763.0,782.5,728.01,774.2,167044.0
2026-07-15,789.0,793.0,736.5,742.66,122659.0
2026-07-16,732.96,745.65,693.7,702.76,135093.0
2026-07-17,693.3,707.78,660.01,677.0,166186.0
2026-07-20,704.0,716.66,659.1,676.91,174832.0
2026-07-21,699.0,744.6,678.43,744.6,148376.0
2026-07-22,788.0,809.0,751.0,764.0,223271.0
2026-07-23,764.77,769.0,723.0,740.0,136405.0
2026-07-24,720.01,778.8,716.0,757.0,158621.0
2026-07-27,740.3,778.0,723.14,770.0,142356.0
2026-07-28,745.2,771.99,710.01,715.0,130860.0
2026-07-29,715.58,727.36,664.02,706.39,157943.0
2026-07-30,688.08,711.73,643.5,668.07,163296.0
2026-07-31,728.0,728.0,686.35,687.0,138743.0
2026-08-03,685.0,689.55,636.45,641.3,131412.0
2026-08-04,640.0,698.0,632.01,687.0,145006.0
2026-08-05,695.0,745.1,679.0,734.2,137719.0
2026-08-06,717.5,764.68,709.0,742.5,107590.0
2026-08-07,740.5,762.43,736.92,751.99,85360.0
2026-08-10,752.04,778.0,744.66,760.0,87286.0
2026-08-11,753.03,767.74,742.55,746.1,67209.0
2026-08-12,752.0,767.99,746.95,760.0,64962.0
2026-08-13,768.37,773.4,738.0,738.6,82142.0
2026-08-14,743.84,746.6,728.0,738.66,67210.0
2026-08-17,738.5,766.32,732.23,765.97,78452.0
2026-08-18,770.0,785.9,757.25,777.0,81666.0
2026-08-19,753.88,757.0,708.11,712.95,108919.0
2026-08-20,726.01,739.15,704.25,712.55,79373.0
2026-08-21,712.0,725.68,709.0,714.43,57984.0
2026-08-24,714.0,725.8,695.87,707.9,77787.0
2026-08-25,707.5,707.5,676.66,700.4,75217.0
2026-08-26,671.3,717.88,669.01,700.7,97963.0
2026-08-27,700.8,720.0,693.7,718.0,61554.0
2026-08-28,717.0,724.51,697.0,697.51,56463.0
2026-08-31,683.56,699.79,672.18,699.79,67290.0
2026-09-01,692.0,698.0,664.44,667.7,75448.0
2026-09-02,660.0,671.53,650.2,667.0,59030.0
2026-09-03,669.9,672.99,649.01,655.84,55641.0
2026-09-04,665.0,666.98,633.27,638.17,67659.0
2026-09-07,652.21,667.86,652.02,660.65,80581.0
2026-09-08,660.6,664.13,643.9,647.87,58108.0
2026-09-09,655.0,655.6,641.99,646.4,38015.0
2026-09-10,645.88,647.5,635.87,638.64,38943.0
2026-09-11,628.08,636.83,613.84,634.0,66181.0
2026-09-14,630.0,633.01,620.01,626.0,42811.0
2026-09-15,623.26,654.0,622.5,638.16,66915.0
2026-09-16,638.2,673.33,635.01,662.89,98364.0
2026-09-17,662.0,677.7,656.0,668.79,67569.0
