date,open,high,low,close,volume,amount,turn,pct_change,windcode
2020-01-01,27.71,28.95,27.44,28.56,74984234,2530294947,0.93,,002415.SZ
2020-01-02,28.56,28.89,28.38,28.78,47900997,1630745424,0.59,0.7703081232493192,002415.SZ
2020-01-05,28.64,29.58,28.27,28.98,58912538,2035676278,0.73,0.6949270326615631,002415.SZ
2020-01-06,29.02,29.45,28.78,28.98,31456151,1084694852,0.39,0.0,002415.SZ
2020-01-07,28.65,29.31,28.56,28.71,36049030,1234135899,0.45,-0.9316770186335366,002415.SZ
2020-01-08,29.03,29.3,28.75,29.19,37890997,1305627478,0.47,1.6718913270637348,002415.SZ
2020-01-09,29.04,29.2,28.65,28.94,36442765,1249566932,0.45,-0.8564576909900645,002415.SZ
2020-01-12,29.27,29.9,29.06,29.68,50855250,1785657225,0.63,2.557014512785072,002415.SZ
2020-01-13,29.96,29.99,29.36,29.79,37719451,1330874953,0.47,0.3706199460916437,002415.SZ
2020-01-14,29.75,31.17,29.5,30.91,59945960,2161517159,0.74,3.759650889560251,002415.SZ
2020-01-15,30.75,31.08,30.46,31.0,45834312,1677054394,0.57,0.2911679068262618,002415.SZ
2020-01-16,30.57,30.79,29.99,30.05,48021052,1732968996,0.6,-3.0645161290322576,002415.SZ
2020-01-19,29.99,30.89,29.9,30.43,48803321,1766903916,0.6,1.2645590682196284,002415.SZ
2020-01-20,30.05,30.37,29.38,29.47,49215107,1734473855,0.61,-3.1547814656588957,002415.SZ
2020-01-21,29.31,31.0,29.15,30.84,55418587,1993790516,0.69,4.6487953851374275,002415.SZ
2020-01-22,30.33,31.01,29.58,30.32,57062403,2057230929,0.71,-1.6861219195849486,002415.SZ
2020-02-02,27.29,28.81,27.29,27.35,84232907,2796702685,1.04,-9.79551451187335,002415.SZ
2020-02-03,27.65,28.88,27.63,28.79,64232348,2177880568,0.79,5.265082266910404,002415.SZ
2020-02-04,28.89,30.41,28.58,29.57,73555887,2591506575,0.91,2.7092740534907955,002415.SZ
2020-02-05,29.57,30.1,28.98,29.9,50035614,1761107367,0.62,1.1159959418329368,002415.SZ
2020-02-06,29.48,29.9,29.04,29.65,46780370,1635388478,0.58,-0.8361204013377921,002415.SZ
2020-02-09,29.5,29.61,29.06,29.51,45266143,1574848744,0.56,-0.47217537942663146,002415.SZ
2020-02-10,29.61,30.2,29.13,29.95,51812994,1827309508,0.64,1.491019993222631,002415.SZ
2020-02-11,29.82,30.42,29.51,30.32,44368267,1579577351,0.55,1.2353923205342232,002415.SZ
2020-02-12,30.24,30.87,30.0,30.29,45628760,1651770269,0.56,-0.09894459102902653,002415.SZ
2020-02-13,30.11,30.96,29.78,30.11,53712672,1933923573,0.66,-0.5942555298778518,002415.SZ
2020-02-16,29.99,31.37,29.99,31.29,66087167,2414717645,0.82,3.9189637994021975,002415.SZ
2020-02-17,31.23,31.23,30.54,31.02,51012126,1870151058,0.63,-0.8628954937679789,002415.SZ
2020-02-18,31.09,32.44,30.8,32.15,98280870,3695422704,1.21,3.642811089619591,002415.SZ
2020-02-19,32.02,32.96,31.92,32.67,69039830,2663056805,0.85,1.617418351477462,002415.SZ
2020-02-20,32.67,33.77,32.48,33.19,82072444,3246530781,1.01,1.591674318947045,002415.SZ
2020-02-23,32.85,33.35,32.44,32.89,61297406,2395026124,0.76,-0.9038867128653094,002415.SZ
2020-02-24,32.0,32.51,31.16,32.3,75762316,2879413897,0.94,-1.793858315597452,002415.SZ
2020-02-25,31.82,32.13,30.96,31.08,68380553,2546204276,0.85,-3.7770897832817285,002415.SZ
2020-02-26,31.25,31.66,30.49,31.0,51660450,1904767745,0.64,-0.2574002574002532,002415.SZ
2020-02-27,30.16,30.91,29.38,29.48,65868848,2346742292,0.81,-4.9032258064516165,002415.SZ
2020-03-01,29.47,30.48,28.9,29.99,94881087,3346843896,1.17,1.7299864314789692,002415.SZ
2020-03-02,30.49,31.12,29.9,30.2,79589910,2886939646,0.98,0.7002334111370523,002415.SZ
2020-03-03,29.9,30.17,29.31,29.93,59433860,2095559249,0.73,-0.894039735099339,002415.SZ
2020-03-04,30.62,30.75,29.77,30.48,59922386,2152390761,0.74,1.8376211159371936,002415.SZ
2020-03-05,30.07,30.21,29.55,29.67,48267285,1709746673,0.6,-2.657480314960625,002415.SZ
2020-03-08,29.21,29.22,28.13,28.2,82420136,2795943335,1.02,-4.954499494438835,002415.SZ
2020-03-09,27.81,29.12,27.81,28.98,58991116,1994628076,0.73,2.76595744680852,002415.SZ
2020-03-10,29.27,29.27,28.47,28.52,40146751,1369682038,0.5,-1.5873015873015928,002415.SZ
2020-03-11,27.97,28.12,27.59,27.7,47642899,1572588732,0.59,-2.8751753155680237,002415.SZ
2020-03-12,26.53,27.38,25.42,26.99,71395197,2246520554,0.88,-2.5631768953068623,002415.SZ
2020-03-15,27.11,27.12,25.17,25.35,74118273,2287783002,0.92,-6.076324564653568,002415.SZ
2020-03-16,25.33,25.78,23.51,24.44,92341873,2682843163,1.14,-3.589743589743588,002415.SZ
2020-03-17,24.76,25.52,24.43,24.43,70173265,2087429742,0.87,-0.040916530278234386,002415.SZ
2020-03-18,24.43,24.68,23.38,24.45,77980475,2230432956,0.96,0.08186655751125649,002415.SZ
2020-03-19,24.92,25.07,24.08,24.5,57683610,1675295749,0.71,0.2044989775051187,002415.SZ
2020-03-22,23.6,23.74,22.89,22.89,68195852,1882167393,0.84,-6.571428571428573,002415.SZ
2020-03-23,23.79,23.8,22.74,23.45,60833126,1677744379,0.75,2.4464831804281273,002415.SZ
2020-03-24,24.15,24.64,24.07,24.3,62753459,1811433940,0.78,3.6247334754797578,002415.SZ
2020-03-25,24.3,24.3,23.7,23.86,42842226,1220961247,0.53,-1.8106995884773713,002415.SZ
2020-03-26,24.34,24.38,23.83,23.92,44708295,1278946202,0.55,0.25146689019279744,002415.SZ
2020-03-29,23.42,23.42,22.79,23.15,53486792,1462659311,0.66,-3.2190635451505134,002415.SZ
2020-03-30,23.48,23.84,23.44,23.5,39635926,1109958358,0.49,1.5118790496760237,002415.SZ
2020-03-31,23.67,24.5,23.48,24.41,73679183,2116047234,0.91,3.872340425531906,002415.SZ
2020-04-01,24.34,25.65,24.27,25.65,79423520,2357986090,0.98,5.079885292912745,002415.SZ
2020-04-02,25.78,26.21,25.38,25.93,70059739,2144867625,0.87,1.0916179337232101,002415.SZ
2020-04-06,26.49,26.7,25.7,26.22,74303630,2299332696,0.92,1.118395680678752,002415.SZ
2020-04-07,26.07,26.07,25.56,25.77,44012282,1345505432,0.54,-1.7162471395881007,002415.SZ
2020-04-08,25.83,25.89,25.19,25.35,48998101,1474664218,0.61,-1.6298020954598313,002415.SZ
2020-04-09,25.28,25.28,24.5,24.76,40278827,1188959791,0.5,-2.3274161735700183,002415.SZ
2020-04-12,24.43,24.73,24.27,24.56,27593331,800761115,0.34,-0.8077544426494443,002415.SZ
2020-04-13,24.88,25.46,24.84,25.46,53863033,1611108375,0.67,3.6644951140065274,002415.SZ
2020-04-14,25.52,25.65,25.2,25.3,32362581,974453991,0.4,-0.628436763550666,002415.SZ
2020-04-15,25.1,25.37,24.98,25.35,27452430,821841805,0.34,0.19762845849802257,002415.SZ
2020-04-16,25.6,25.83,25.42,25.47,40885456,1244494153,0.51,0.4733727810650734,002415.SZ
2020-04-19,25.52,26.11,25.47,26.0,43697912,1341889394,0.54,2.0808794660384766,002415.SZ
2020-04-20,25.89,25.89,25.03,25.26,50553550,1519701978,0.62,-2.8461538461538427,002415.SZ
2020-04-21,25.02,25.51,24.87,25.25,24833860,743307808,0.31,-0.03958828186857444,002415.SZ
2020-04-22,25.46,25.46,25.11,25.19,22648723,679114051,0.28,-0.23762376237623783,002415.SZ
2020-04-23,25.18,25.3,24.87,25.04,26700186,794572861,0.33,-0.5954743946010366,002415.SZ
2020-04-26,25.8,26.43,25.65,26.18,81101631,2518610457,1.0,4.5527156549520775,002415.SZ
2020-04-27,26.3,26.47,25.44,26.11,50401297,1554738682,0.62,-0.2673796791443861,002415.SZ
2020-04-28,26.03,26.26,25.84,26.26,26996246,837026475,0.33,0.5744925315970928,002415.SZ
2020-04-29,26.45,27.17,26.37,27.01,51092363,1627991776,0.63,2.8560548362528637,002415.SZ
2020-05-05,26.53,27.2,26.45,27.12,59204740,1887194014,0.73,0.4072565716401355,002415.SZ
2020-05-06,27.12,27.51,26.58,26.6,37764406,1204812993,0.47,-1.9174041297935096,002415.SZ
2020-05-07,26.88,27.36,26.79,26.82,34226689,1096892310,0.42,0.8270676691729317,002415.SZ
2020-05-10,26.92,27.17,26.77,26.97,38472226,1231353537,0.48,0.5592841163310824,002415.SZ
2020-05-11,27.03,27.1,26.74,27.09,29300379,938153850,0.36,0.4449388209121219,002415.SZ
2020-05-12,26.95,27.06,26.79,27.0,18493433,590361171,0.23,-0.33222591362126463,002415.SZ
2020-05-13,26.9,26.9,26.24,26.29,35614389,1117866682,0.44,-2.6296296296296373,002415.SZ
2020-05-14,26.28,26.45,25.82,26.01,41056913,1270148473,0.51,-1.0650437428679993,002415.SZ
2020-05-17,25.82,25.82,24.99,25.19,59929852,1797113705,0.74,-3.152633602460597,002415.SZ
2020-05-18,25.42,25.61,25.11,25.57,44431790,1335117769,0.55,1.5085351329892749,002415.SZ
2020-05-19,25.44,25.45,25.15,25.3,28956574,868228317,0.36,-1.0559249120062564,002415.SZ
2020-05-20,25.56,25.56,24.86,24.94,30119466,898751223,0.37,-1.4229249011857736,002415.SZ
2020-05-21,25.26,25.78,25.0,25.24,52412348,1577161359,0.65,1.202886928628688,002415.SZ
2020-05-24,23.91,24.06,23.08,23.57,85273357,2391961088,1.05,-6.61648177496037,002415.SZ
2020-05-25,23.59,24.3,23.59,23.91,50457303,1438104375,0.62,1.4425116673737692,002415.SZ
2020-05-26,23.91,24.14,23.75,23.86,27697051,785352226,0.34,-0.2091175240485188,002415.SZ
2020-05-27,23.84,24.03,23.47,23.93,28053703,791177075,0.35,0.2933780385582674,002415.SZ
2020-05-28,23.97,24.05,23.59,23.72,39704750,1091959268,0.49,-0.8775595486836596,002415.SZ
2020-05-31,23.84,24.88,23.84,24.79,64090227,1808425159,0.79,4.510961214165254,002415.SZ
2020-06-01,24.7,25.02,24.36,24.72,47034122,1342960980,0.58,-0.28237192416297185,002415.SZ
2020-06-02,24.8,24.87,24.53,24.66,31840893,910889443,0.39,-0.24271844660194164,002415.SZ
2020-06-03,24.66,24.82,24.46,24.73,31440127,895994878,0.39,0.28386050283859543,002415.SZ
2020-06-04,24.73,24.86,24.54,24.85,26211257,750988247,0.32,0.48524059846339895,002415.SZ
2020-06-07,24.85,25.68,24.84,25.36,47057464,1378683963,0.58,2.0523138832997834,002415.SZ
2020-06-08,25.51,25.55,25.1,25.26,27711614,811527472,0.34,-0.39432176656150064,002415.SZ
2020-06-09,25.35,25.35,24.94,25.29,32677782,950354935,0.4,0.11876484560569,002415.SZ
2020-06-10,25.13,25.23,24.64,24.81,45445449,1309193179,0.56,-1.8979833926453193,002415.SZ
2020-06-11,24.27,25.09,24.13,24.89,45169078,1285973743,0.56,0.32245062474809405,002415.SZ
2020-06-14,24.52,24.78,24.43,24.45,33068447,940704080,0.41,-1.7677782241864226,002415.SZ
2020-06-15,24.79,25.01,24.46,24.7,35493743,1015972500,0.44,1.0224948875255713,002415.SZ
2020-06-16,24.85,25.48,24.47,25.48,61244417,1781522926,0.76,3.157894736842115,002415.SZ
2020-06-17,25.48,26.09,25.23,25.91,61908950,1848057499,0.77,1.687598116169542,002415.SZ
2020-06-18,25.81,26.27,25.62,26.06,56510625,1705915419,0.7,0.5789270551910475,002415.SZ
2020-06-21,26.06,26.31,25.62,25.72,50723697,1517855355,0.63,-1.304681504221028,002415.SZ
2020-06-22,25.63,25.95,25.29,25.92,47530164,1407464826,0.59,0.7776049766718529,002415.SZ
2020-06-23,25.93,26.34,25.74,26.14,40652633,1227929034,0.5,0.8487654320987525,002415.SZ
2020-06-28,25.89,25.91,25.3,25.41,43052181,1272691231,0.53,-2.792654934965566,002415.SZ
2020-06-29,25.63,26.22,25.58,26.21,50726812,1526316815,0.63,3.1483667847304275,002415.SZ
2020-06-30,26.33,27.81,26.23,27.74,113480242,3591072819,1.4,5.837466615795495,002415.SZ
2020-07-01,27.98,28.76,27.62,28.57,100223890,3297940062,1.24,2.992069214131221,002415.SZ
2020-07-02,28.41,28.91,28.02,28.83,70200675,2310649299,0.87,0.9100455022751142,002415.SZ
2020-07-05,29.03,31.13,29.03,30.54,108425188,3819919039,1.34,5.93132154006244,002415.SZ
2020-07-06,31.09,31.94,30.23,30.57,115790793,4161313330,1.43,0.09823182711199419,002415.SZ
2020-07-07,30.56,30.85,30.11,30.62,77720342,2731735713,0.96,0.1635590448151758,002415.SZ
2020-07-08,30.81,33.47,30.54,33.13,130743147,4882801164,1.62,8.197256694970623,002415.SZ
2020-07-09,32.47,32.71,31.74,31.92,86550846,3231395538,1.07,-3.652278901297923,002415.SZ
2020-07-12,31.87,32.82,31.52,32.5,90098042,3366992555,1.11,1.8170426065162948,002415.SZ
2020-07-13,32.33,32.43,31.09,31.57,83101515,3049701126,1.03,-2.86153846153846,002415.SZ
2020-07-14,31.62,32.07,31.09,31.12,74030074,2696476814,0.91,-1.425403864428254,002415.SZ
2020-07-15,31.09,31.67,29.36,30.05,97437894,3414969540,1.2,-3.4383033419023157,002415.SZ
2020-07-16,30.05,30.62,29.79,30.32,60982763,2130215660,0.75,0.8985024958402699,002415.SZ
2020-07-19,30.57,30.6,29.67,30.25,50692755,1767051337,0.63,-0.2308707124010545,002415.SZ
2020-07-20,30.44,30.66,29.61,29.96,65980026,2293715894,0.82,-0.9586776859504154,002415.SZ
2020-07-21,30.81,31.69,30.4,31.15,90125497,3256950322,1.11,3.971962616822422,002415.SZ
2020-07-22,30.57,31.0,29.75,30.57,77682911,2721527872,0.96,-1.8619582664526457,002415.SZ
2020-07-23,29.88,30.34,28.91,29.04,78955957,2692092077,0.98,-5.004906771344464,002415.SZ
2020-07-26,30.14,31.95,30.14,31.95,160499295,5877425005,1.98,10.0206611570248,002415.SZ
2020-07-27,32.88,32.88,31.05,31.71,114102874,4176469098,1.41,-0.7511737089201831,002415.SZ
2020-07-28,31.52,32.88,31.25,32.64,106441872,3953389170,1.31,2.9328287606433356,002415.SZ
2020-07-29,32.64,32.77,32.02,32.2,57687154,2160582506,0.71,-1.3480392156862697,002415.SZ
2020-07-30,32.13,32.63,31.35,31.95,75305963,2785918912,0.93,-0.7763975155279601,002415.SZ
2020-08-02,32.22,33.68,32.22,33.28,106753905,4100537265,1.32,4.162754303599381,002415.SZ
2020-08-03,33.28,33.92,32.83,33.62,76462244,2965267274,0.94,1.0216346153846034,002415.SZ
2020-08-04,33.85,33.97,32.82,33.69,59291571,2298965162,0.73,0.20820939916716963,002415.SZ
2020-08-05,33.69,33.69,32.69,33.14,49271726,1886982964,0.61,-1.6325319085782053,002415.SZ
2020-08-06,32.9,33.94,32.6,33.44,75453526,2920881331,0.93,0.905250452625217,002415.SZ
2020-08-09,32.9,33.23,32.28,32.78,52403248,1985331185,0.65,-1.9736842105263053,002415.SZ
2020-08-10,33.09,34.86,33.09,33.98,109950667,4377089044,1.36,3.660768761439881,002415.SZ
2020-08-11,34.11,34.92,33.84,34.54,95705432,3813485826,1.18,1.648028251912903,002415.SZ
2020-08-12,34.64,34.75,33.84,34.23,55463838,2188135500,0.69,-0.8975101331789248,002415.SZ
2020-08-13,33.9,34.96,33.71,34.41,53882385,2147291554,0.67,0.5258545135845782,002415.SZ
2020-08-16,34.11,34.98,33.86,34.58,82626335,3291051363,1.02,0.49404242952630906,002415.SZ
2020-08-17,34.58,34.58,33.21,33.74,74338923,2898720095,0.92,-2.42914979757084,002415.SZ
2020-08-18,33.66,33.93,32.8,32.94,66835782,2561816890,0.83,-2.3710729104920114,002415.SZ
2020-08-19,32.93,33.28,32.54,32.65,43242166,1643668697,0.53,-0.8803885853066129,002415.SZ
2020-08-20,33.15,33.25,32.28,32.52,37643587,1420529771,0.47,-0.39816232771821003,002415.SZ
2020-08-23,32.81,33.66,32.71,33.34,52692981,2032691523,0.65,2.5215252152521517,002415.SZ
2020-08-24,33.28,33.55,32.98,33.15,35153804,1349095660,0.43,-0.5698860227954516,002415.SZ
2020-08-25,33.0,33.29,32.41,32.55,31097882,1178325850,0.38,-1.8099547511312264,002415.SZ
2020-08-26,32.54,32.73,31.8,31.95,41264794,1534680277,0.51,-1.8433179723502224,002415.SZ
2020-08-27,32.0,32.99,31.81,32.78,46177724,1729649308,0.57,2.5978090766823225,002415.SZ
2020-08-30,32.86,33.16,32.32,32.32,39439223,1494019774,0.49,-1.403294691885304,002415.SZ
2020-08-31,32.31,33.08,32.27,32.66,32153927,1214196507,0.4,1.0519801980197974,002415.SZ
2020-09-01,32.64,33.35,31.95,33.18,52915809,2011824553,0.65,1.5921616656460635,002415.SZ
2020-09-02,33.21,33.82,32.99,33.18,44204972,1711355042,0.55,0.0,002415.SZ
2020-09-03,32.47,32.8,32.08,32.69,41248688,1552098412,0.51,-1.4767932489451518,002415.SZ
2020-09-06,32.31,32.57,31.43,31.43,54397794,2019889597,0.67,-3.854389721627405,002415.SZ
2020-09-07,31.57,31.91,31.07,31.35,42320922,1540964535,0.52,-0.25453388482341577,002415.SZ
2020-09-08,31.06,31.61,30.43,31.18,40468666,1454115373,0.5,-0.5422647527910773,002415.SZ
2020-09-09,31.52,31.66,30.84,31.0,28760054,1040125618,0.36,-0.5772931366260448,002415.SZ
2020-09-10,31.0,31.35,30.49,31.25,32015579,1146500703,0.4,0.8064516129032251,002415.SZ
2020-09-13,31.26,31.52,30.99,31.52,29487737,1067982002,0.36,0.8639999999999981,002415.SZ
2020-09-14,31.52,32.52,31.35,32.51,32723209,1219489337,0.4,3.140862944162426,002415.SZ
2020-09-15,32.47,32.55,31.81,32.36,29913608,1112542820,0.37,-0.46139649338664546,002415.SZ
2020-09-16,31.99,32.15,31.28,31.39,27800019,1016701364,0.34,-2.9975278121137205,002415.SZ
2020-09-17,31.69,31.69,31.09,31.64,25267771,918577682,0.31,0.7964319847085122,002415.SZ
2020-09-20,31.85,31.85,31.26,31.31,19671356,717817513,0.24,-1.0429835651074693,002415.SZ
2020-09-21,31.16,31.49,31.03,31.13,18609375,673004427,0.23,-0.5748961992973478,002415.SZ
2020-09-22,31.38,31.85,31.32,31.61,27035682,991402764,0.33,1.5419209765499486,002415.SZ
2020-09-23,31.44,31.91,31.35,31.77,30603477,1122270824,0.38,0.5061689338816899,002415.SZ
2020-09-24,31.76,32.13,31.03,31.15,26648299,970688523,0.33,-1.951526597418951,002415.SZ
2020-09-27,31.1,31.63,31.06,31.46,25178230,913960891,0.31,0.9951845906902124,002415.SZ
2020-09-28,31.57,32.48,31.42,32.14,33780090,1249830294,0.42,2.1614748887476054,002415.SZ
2020-09-29,32.21,32.94,32.13,32.91,43457665,1646406372,0.54,2.3957685127566686,002415.SZ
2020-10-08,33.42,33.47,32.56,32.95,33939058,1291934091,0.42,0.12154360376785966,002415.SZ
2020-10-11,32.96,33.4,32.7,33.35,40511016,1550350945,0.5,1.2139605462822445,002415.SZ
2020-10-12,33.35,34.11,33.25,33.74,33816440,1319746970,0.42,1.1694152923538148,002415.SZ
2020-10-13,33.74,33.94,33.0,33.68,29668303,1150475353,0.37,-0.1778304682869103,002415.SZ
2020-10-14,33.59,34.27,33.48,34.03,36963076,1456672210,0.46,1.039192399049882,002415.SZ
2020-10-15,33.71,33.94,33.03,33.23,23040268,889850769,0.28,-2.3508668821628054,002415.SZ
2020-10-18,33.47,34.21,33.36,33.91,34531720,1355529438,0.43,2.0463436653626266,002415.SZ
2020-10-19,33.98,34.33,33.55,33.92,22518599,883239530,0.28,0.029489826010031805,002415.SZ
2020-10-20,33.7,34.22,33.63,33.91,21127537,830050291,0.26,-0.029481132075481753,002415.SZ
2020-10-21,33.78,35.19,33.66,33.8,56160206,2233263552,0.69,-0.32438808611029435,002415.SZ
2020-10-22,33.8,35.08,33.61,33.81,45933288,1829150385,0.57,0.02958579881657819,002415.SZ
2020-10-25,34.13,37.2,33.85,36.95,133837307,5669104803,1.65,9.287193138124806,002415.SZ
2020-10-26,36.53,38.73,36.31,38.17,107791583,4718255511,1.33,3.301759133964821,002415.SZ
2020-10-27,38.03,39.47,37.48,38.18,88457126,3931322211,1.09,0.026198585276393516,002415.SZ
2020-10-28,37.83,39.35,37.83,38.77,58241694,2606026780,0.72,1.5453116815086432,002415.SZ
2020-10-29,39.29,40.1,38.59,38.78,57429793,2618665820,0.71,0.025793139025021006,002415.SZ
2020-11-01,38.73,39.61,38.69,39.4,46770420,2124006373,0.58,1.598762248581731,002415.SZ
2020-11-02,39.48,39.66,38.85,39.4,41721005,1897097402,0.52,0.0,002415.SZ
2020-11-03,39.69,41.02,39.44,40.23,44260083,2065796473,0.55,2.1065989847715683,002415.SZ
2020-11-04,41.18,41.76,41.02,41.56,60198891,2889935674,0.74,3.30599055431271,002415.SZ
2020-11-05,41.45,42.86,41.08,42.41,53762838,2622692376,0.66,2.0452358036573415,002415.SZ
2020-11-08,42.1,43.24,41.45,41.8,68783472,3359309944,0.85,-1.43834001414761,002415.SZ
2020-11-09,41.47,42.65,41.08,42.12,47937652,2336442159,0.59,0.7655502392344582,002415.SZ
2020-11-10,41.78,42.32,40.86,40.86,45488200,2184005502,0.56,-2.991452991452992,002415.SZ
2020-11-11,41.46,42.19,40.97,41.45,42636412,2049569779,0.53,1.443954968184058,002415.SZ
2020-11-12,40.59,41.44,39.55,40.85,63145308,2970437896,0.78,-1.4475271411338975,002415.SZ
2020-11-15,42.28,42.28,40.57,41.63,47057991,2255578075,0.58,1.9094247246022045,002415.SZ
2020-11-16,41.63,41.89,39.72,40.37,56945956,2668247240,0.7,-3.0266634638482004,002415.SZ
2020-11-17,40.37,40.89,38.68,39.6,62335314,2862410077,0.77,-1.9073569482288777,002415.SZ
2020-11-18,40.37,41.67,39.6,41.54,46878926,2217180576,0.58,4.898989898989892,002415.SZ
2020-11-19,41.55,41.63,40.62,41.13,35357422,1684081211,0.44,-0.9870004814636402,002415.SZ
2020-11-22,41.45,41.54,39.89,40.38,42086943,1968911744,0.52,-1.8234865061998562,002415.SZ
2020-11-23,40.38,40.46,39.36,39.84,35880033,1653697562,0.44,-1.3372956909361022,002415.SZ
2020-11-24,39.58,40.4,39.39,39.39,27371859,1263159760,0.34,-1.1295180722891596,002415.SZ
2020-11-25,39.83,39.99,38.69,39.75,26579244,1211364439,0.33,0.9139375476009182,002415.SZ
2020-11-26,40.2,40.77,39.05,40.59,39777013,1851851733,0.49,2.1132075471698153,002415.SZ
2020-11-29,40.33,40.51,39.41,39.44,35322777,1626128183,0.44,-2.8332101502833384,002415.SZ
2020-11-30,39.64,39.97,38.91,39.28,41664222,1890821902,0.51,-0.40567951318457585,002415.SZ
2020-12-01,39.29,39.45,38.69,38.72,30590181,1375118456,0.38,-1.4256619144602856,002415.SZ
2020-12-02,38.96,39.54,38.44,39.29,32536890,1469920898,0.4,1.4721074380165344,002415.SZ
2020-12-03,38.98,39.73,38.98,39.61,30725313,1403016057,0.38,0.8144566047340263,002415.SZ
2020-12-06,38.86,39.31,37.6,38.69,50395029,2263334022,0.62,-2.322645796516032,002415.SZ
2020-12-07,38.82,39.04,37.72,38.24,50285170,2234520121,0.62,-1.163091238045999,002415.SZ
2020-12-08,38.43,38.54,37.61,37.75,35255241,1549925491,0.44,-1.2813807531380839,002415.SZ
2020-12-09,37.99,39.63,37.46,38.86,43498215,1952422222,0.54,2.9403973509933845,002415.SZ
2020-12-10,38.97,39.21,37.74,38.41,45645362,2020677471,0.56,-1.1580030880082415,002415.SZ
2020-12-13,38.41,39.99,38.36,39.6,51018187,2331354749,0.63,3.098151523040893,002415.SZ
2020-12-14,39.99,40.76,39.6,40.34,48553183,2268365451,0.6,1.868686868686864,002415.SZ
2020-12-15,40.03,40.34,39.41,39.73,36743185,1691696731,0.45,-1.5121467526028942,002415.SZ
2020-12-16,39.5,39.79,38.53,38.75,38746736,1750203836,0.48,-2.4666498867354614,002415.SZ
2020-12-17,38.6,39.62,38.47,39.62,56884251,2577562464,0.7,2.2451612903225726,002415.SZ
2020-12-20,39.29,39.39,37.66,39.03,47904587,2149480395,0.59,-1.4891468955073095,002415.SZ
2020-12-21,38.85,39.48,38.59,38.71,32690432,1478956161,0.4,-0.8198821419420965,002415.SZ
2020-12-22,38.34,40.33,38.22,39.52,53127321,2425960570,0.66,2.0924825626453147,002415.SZ
2020-12-23,39.77,41.02,39.77,40.69,59939896,2812982475,0.74,2.960526315789469,002415.SZ
2020-12-24,40.92,41.37,40.33,40.81,43899940,2080711825,0.54,0.2949127549766617,002415.SZ
2020-12-27,40.01,40.88,40.01,40.59,42322239,1983876317,0.52,-0.5390835579514808,002415.SZ
2020-12-28,40.71,41.02,38.79,40.25,45553009,2113307434,0.56,-0.8376447400837761,002415.SZ
2020-12-29,39.99,41.16,39.71,40.55,46188957,2175470227,0.57,0.7453416149068248,002415.SZ
2020-12-30,39.81,42.44,39.81,41.89,118943687,5785848628,1.47,3.3045622688039566,002415.SZ
2021-01-03,41.54,43.74,40.52,43.01,157793361,7675782065,1.95,2.673669133444734,002415.SZ
2021-01-04,42.75,47.31,42.66,47.31,147156104,7956690626,1.82,9.997674959311809,002415.SZ
2021-01-05,47.93,50.37,47.33,47.86,131752692,7419141928,1.63,1.1625449165081347,002415.SZ
2021-01-06,48.36,51.34,48.09,50.34,93609657,5423116475,1.16,5.181780192227348,002415.SZ
2021-01-07,50.26,50.87,48.12,49.52,85544954,4894349567,1.06,-1.6289233214143772,002415.SZ
2021-01-10,50.1,52.95,49.95,50.95,129337078,7708604407,1.6,2.887722132471726,002415.SZ
2021-01-11,50.99,53.16,50.96,52.9,84141203,5112224389,1.04,3.8272816486751626,002415.SZ
2021-01-12,52.51,53.06,50.95,51.74,72099546,4349146852,0.89,-2.192816635160677,002415.SZ
2021-01-13,51.06,51.55,49.05,49.43,62406543,3629182990,0.77,-4.4646308465403965,002415.SZ
2021-01-14,49.73,52.65,49.73,50.87,57256014,3386754292,0.71,2.9132106008496805,002415.SZ
2021-01-17,50.27,52.77,49.29,51.63,45947104,2736546475,0.56,1.4940043247493762,002415.SZ
2021-01-18,51.66,53.71,51.66,52.33,48253933,2948151415,0.58,1.3558008909548613,002415.SZ
2021-01-19,51.57,52.32,51.13,52.16,46239256,2771744366,0.55,-0.3248614561437102,002415.SZ
2021-01-20,52.36,55.76,52.34,54.58,74640858,4690048536,0.89,4.639570552147232,002415.SZ
2021-01-21,55.27,58.62,54.84,57.64,68616533,4524129348,0.82,5.606449248809087,002415.SZ
2021-01-24,57.7,60.87,55.73,58.42,62922402,4255124841,0.75,1.3532269257460205,002415.SZ
2021-01-25,57.63,58.19,55.88,56.22,48400361,3175946151,0.58,-3.7658336186237595,002415.SZ
2021-01-26,56.26,60.26,55.22,59.66,59629095,3962059404,0.71,6.118818925649228,002415.SZ
2021-01-27,58.29,58.29,53.69,55.23,84618566,5470475334,1.01,-7.425410660408982,002415.SZ
2021-01-28,54.93,56.07,53.12,54.41,62260960,3916791620,0.75,-1.4847003440159323,002415.SZ
2021-01-31,54.92,55.7,52.94,54.98,50235570,3157186160,0.6,1.0476015438338537,002415.SZ
2021-02-01,54.98,57.05,54.84,55.69,45263816,2936284474,0.54,1.291378683157518,002415.SZ
2021-02-02,55.69,57.42,51.06,51.73,73388139,4634693197,0.88,-7.110791883641587,002415.SZ
2021-02-03,52.69,54.1,51.73,52.49,63513554,3881094947,0.76,1.4691668277595271,002415.SZ
2021-02-04,52.53,52.94,50.14,51.51,56512178,3363584285,0.68,-1.8670222899599964,002415.SZ
2021-02-07,51.49,52.91,50.44,51.71,53111027,3184120210,0.64,0.3882741215297969,002415.SZ
2021-02-08,52.54,54.97,52.0,53.98,55688071,3462194271,0.67,4.389866563527356,002415.SZ
2021-02-09,53.98,57.43,52.92,57.0,55685991,3593450412,0.67,5.594664690626172,002415.SZ
2021-02-17,57.01,58.04,52.72,52.95,70039935,4421816430,0.84,-7.105263157894736,002415.SZ
2021-02-18,52.34,53.71,51.4,53.27,41627554,2547252021,0.5,0.6043437204910296,002415.SZ
2021-02-21,53.03,53.03,49.92,50.64,66889347,3944737225,0.8,-4.937112821475509,002415.SZ
2021-02-22,50.56,51.64,49.32,50.4,44484595,2593228957,0.53,-0.4739336492891044,002415.SZ
2021-02-23,50.94,50.97,47.68,48.41,69842218,3965119327,0.84,-3.9484126984127066,002415.SZ
2021-02-24,49.38,50.44,48.79,49.21,36598018,2102497078,0.44,1.6525511258004721,002415.SZ
2021-02-25,47.5,48.87,46.94,47.98,47652324,2651193801,0.57,-2.4994919731761933,002415.SZ
2021-02-28,49.83,51.47,49.8,50.29,49789524,2911832675,0.6,4.814506044185074,002415.SZ
2021-03-01,50.35,52.32,50.35,51.31,46738147,2775047815,0.56,2.0282362298667866,002415.SZ
2021-03-02,51.34,51.75,49.92,51.54,25830891,1528435266,0.31,0.448255700643152,002415.SZ
2021-03-03,50.8,50.83,49.55,50.05,27211116,1574937495,0.33,-2.89095847885138,002415.SZ
2021-03-04,49.21,51.66,48.09,50.26,49015730,2839053068,0.59,0.41958041958041203,002415.SZ
2021-03-07,50.95,51.92,48.24,48.45,46149747,2660372097,0.55,-3.601273378432146,002415.SZ
2021-03-08,48.06,48.06,45.69,46.19,65948243,3566533324,0.79,-4.6646026831785425,002415.SZ
2021-03-09,47.03,47.87,46.6,46.93,33347646,1823436300,0.4,1.602078371941973,002415.SZ
2021-03-10,47.33,49.49,46.66,48.9,36616992,2058729534,0.44,4.197741316854886,002415.SZ
2021-03-11,49.14,49.4,47.71,48.19,19707449,1102585181,0.24,-1.451942740286305,002415.SZ
2021-03-14,46.64,47.66,45.26,46.63,41300079,2225417791,0.49,-3.237186138202941,002415.SZ
2021-03-15,46.59,46.98,43.85,46.03,50358909,2633734086,0.6,-1.286725284151835,002415.SZ
2021-03-16,46.03,46.98,45.24,46.2,24555905,1318260064,0.29,0.3693243536823765,002415.SZ
2021-03-17,47.13,47.2,46.33,47.03,20055377,1086393814,0.24,1.7965367965367962,002415.SZ
2021-03-18,46.21,48.34,45.84,46.2,23468276,1275394504,0.28,-1.76483095896236,002415.SZ
2021-03-21,45.5,46.2,44.44,45.79,32872556,1724350449,0.39,-0.8874458874458924,002415.SZ
2021-03-22,45.86,46.2,44.56,45.17,26037363,1361179627,0.31,-1.3540074252020085,002415.SZ
2021-03-23,44.95,45.56,44.06,44.24,27695130,1430148407,0.33,-2.058888642904577,002415.SZ
2021-03-24,44.11,44.59,42.9,43.52,36001721,1816768355,0.43,-1.6274864376130127,002415.SZ
2021-03-25,43.95,47.07,43.68,46.12,36243014,1910217265,0.43,5.974264705882337,002415.SZ
2021-03-28,46.65,47.79,46.12,46.25,29832527,1624508723,0.36,0.281873373807473,002415.SZ
2021-03-29,46.53,48.78,46.01,47.73,36531313,2020813833,0.44,3.200000000000003,002415.SZ
2021-03-30,47.8,48.8,47.21,48.28,23124763,1291534392,0.28,1.152315105803492,002415.SZ
2021-03-31,48.29,48.9,47.79,48.63,18564615,1040904137,0.22,0.724937862468944,002415.SZ
2021-04-01,49.03,49.87,47.93,48.79,31469474,1785461317,0.38,0.32901501130988553,002415.SZ
2021-04-05,49.3,49.61,48.02,48.66,20112005,1137675545,0.24,-0.2664480426316951,002415.SZ
2021-04-06,48.36,49.38,47.71,48.2,18732726,1046702070,0.22,-0.9453349773941522,002415.SZ
2021-04-07,47.72,50.14,47.58,49.67,24935956,1427733028,0.3,3.049792531120321,002415.SZ
2021-04-08,49.66,49.66,47.68,47.94,21092249,1181209401,0.25,-3.482987718945041,002415.SZ
2021-04-11,47.93,48.15,46.04,46.34,18994641,1023306065,0.23,-3.337505214851888,002415.SZ
2021-04-12,46.34,47.38,45.96,46.64,16082950,869567462,0.19,0.6473888649115134,002415.SZ
2021-04-13,47.32,48.03,46.29,47.21,22753248,1248677101,0.27,1.2221269296740944,002415.SZ
2021-04-14,47.26,48.79,46.98,48.67,21985138,1219402181,0.26,3.0925651345053984,002415.SZ
2021-04-15,48.75,49.74,48.06,49.25,25464037,1451264362,0.31,1.1916991986850256,002415.SZ
2021-04-18,51.47,54.02,51.47,52.86,68676218,4197673371,0.82,7.329949238578681,002415.SZ
2021-04-19,52.87,54.24,51.99,53.89,39706454,2456260504,0.48,1.9485433219825987,002415.SZ
2021-04-20,53.86,54.02,52.68,53.54,22331911,1380250191,0.27,-0.6494711449248514,002415.SZ
2021-04-21,54.11,55.73,53.13,54.3,37451371,2370355301,0.45,1.419499439671279,002415.SZ
2021-04-22,54.48,55.65,54.13,54.61,27131551,1728203018,0.33,0.5709023941068203,002415.SZ
2021-04-25,54.63,55.78,53.84,55.27,34003750,2171671585,0.41,1.208569859000197,002415.SZ
2021-04-26,54.67,54.67,53.03,53.99,35065207,2178051692,0.42,-2.3159037452505915,002415.SZ
2021-04-27,53.98,55.63,53.98,55.17,23044238,1467752278,0.28,2.1855899240600163,002415.SZ
2021-04-28,54.93,55.61,54.24,54.93,17081262,1086257703,0.2,-0.4350190320826619,002415.SZ
2021-04-29,54.93,55.17,53.8,54.22,17581983,1105756674,0.21,-1.2925541598397983,002415.SZ
2021-05-05,53.62,55.19,53.29,53.46,21871307,1366455844,0.26,-1.4016967908520805,002415.SZ
2021-05-06,54.38,54.41,51.21,51.23,26311408,1604124380,0.32,-4.171343060231958,002415.SZ
2021-05-09,51.31,53.54,51.26,52.34,24346518,1481966450,0.29,2.166699199687705,002415.SZ
2021-05-10,51.82,52.58,50.5,52.29,22018013,1312835949,0.26,-0.09552923194497964,002415.SZ
2021-05-11,52.34,54.11,52.02,53.11,25786811,1590070849,0.31,1.5681774717919206,002415.SZ
2021-05-12,52.4,52.68,51.67,51.89,20116006,1212917958,0.24,-2.2971191865938545,002415.SZ
2021-05-13,52.15,52.72,50.85,52.41,26944666,1618120564,0.32,1.0021198689535549,002415.SZ
2021-05-16,52.59,54.48,52.59,54.02,31375963,1956787853,0.38,3.0719328372448063,002415.SZ
2021-05-17,53.8,54.41,53.44,53.89,16168897,1007521843,0.19,-0.24065161051463058,002415.SZ
2021-05-18,53.37,53.98,52.94,53.29,15086799,932847858,0.18,-1.1133791055854547,002415.SZ
2021-05-19,53.11,54.84,53.01,54.21,23183732,1455404140,0.28,1.7264027021955286,002415.SZ
2021-05-20,54.56,55.44,54.08,55.27,23272595,1480156108,0.28,1.9553587898911706,002415.SZ
2021-05-23,55.36,56.37,54.61,56.14,25552711,1650248597,0.31,1.5740908268500053,002415.SZ
2021-05-24,56.14,56.91,55.67,56.4,33551666,2187088945,0.4,0.4631278945493422,002415.SZ
2021-05-25,56.39,56.57,55.44,56.29,20120255,1305369968,0.24,-0.19503546099290947,002415.SZ
2021-05-26,55.96,56.05,54.58,55.58,31828503,2032651617,0.38,-1.2613252798010288,002415.SZ
2021-05-27,55.62,56.84,55.01,55.97,25265369,1615648096,0.3,0.7016912558474253,002415.SZ
2021-05-30,55.87,56.49,55.12,56.47,23538344,1504354988,0.28,0.8933357155619159,002415.SZ
2021-05-31,55.98,57.66,54.66,55.51,32516877,2072203882,0.39,-1.700017708517798,002415.SZ
2021-06-01,55.13,55.62,52.64,53.89,47323134,2899408494,0.57,-2.9183930823275084,002415.SZ
2021-06-02,53.85,54.27,52.68,52.82,30236944,1839906053,0.36,-1.985526071627386,002415.SZ
2021-06-03,52.8,54.1,51.66,53.45,26083701,1584923963,0.31,1.1927300265051066,002415.SZ
2021-06-06,53.26,53.35,51.77,52.81,31294482,1875020688,0.38,-1.1973807296538852,002415.SZ
2021-06-07,52.99,53.39,51.88,52.17,24410079,1466414308,0.29,-1.2118916871804553,002415.SZ
2021-06-08,52.17,52.61,51.65,52.46,15909909,951397544,0.19,0.5558750239601284,002415.SZ
2021-06-09,52.21,53.94,51.9,53.89,30476486,1864340020,0.37,2.7258863896301833,002415.SZ
2021-06-10,54.22,55.86,53.14,54.22,37347843,2305317410,0.45,0.6123585080719973,002415.SZ
2021-06-14,53.69,53.85,52.03,53.1,30828888,1861534714,0.37,-2.0656584286241175,002415.SZ
2021-06-15,52.91,53.08,50.73,51.32,32140338,1893730325,0.39,-3.352165725047085,002415.SZ
2021-06-16,51.16,52.43,50.76,51.72,20775443,1226221242,0.25,0.7794232268121482,002415.SZ
2021-06-17,51.72,54.05,51.6,52.43,31626026,1917138989,0.38,1.3727764887857763,002415.SZ
2021-06-20,52.43,53.04,50.9,52.22,28553280,1701071460,0.34,-0.4005340453938633,002415.SZ
2021-06-21,52.29,52.69,51.16,52.42,25519848,1526353641,0.31,0.38299502106473593,002415.SZ
2021-06-22,52.47,53.04,51.24,52.38,28681978,1710213409,0.34,-0.07630675314764801,002415.SZ
2021-06-23,53.33,55.79,52.43,55.44,57809972,3584291262,0.69,5.841924398625431,002415.SZ
2021-06-24,55.36,55.75,54.17,55.54,43511274,2741734290,0.52,0.18037518037519185,002415.SZ
2021-06-27,55.31,55.35,53.64,55.22,47615249,2969587267,0.57,-0.5761613251710429,002415.SZ
2021-06-28,55.2,55.75,54.53,54.63,39073733,2451687617,0.48,-1.0684534588916939,002415.SZ
2021-06-29,54.64,56.45,54.16,56.4,44245463,2817703335,0.54,3.2399780340472084,002415.SZ
2021-06-30,56.75,57.02,55.51,56.96,38472610,2476286845,0.47,0.9929078014184523,002415.SZ
2021-07-01,55.97,56.05,54.4,54.41,40952991,2568224331,0.5,-4.476825842696641,002415.SZ
2021-07-04,54.31,54.75,52.56,53.49,33935469,2073529161,0.42,-1.6908656496967378,002415.SZ
2021-07-05,53.34,53.97,52.24,53.01,35948304,2173893979,0.44,-0.897363993269773,002415.SZ
2021-07-06,52.9,54.41,52.6,54.02,26090740,1604016597,0.32,1.905300886625172,002415.SZ
2021-07-07,53.35,54.22,52.76,53.4,33380988,2033880543,0.41,-1.147723065531292,002415.SZ
2021-07-08,53.34,53.7,51.86,52.78,37291102,2239805551,0.46,-1.1610486891385774,002415.SZ
2021-07-11,52.78,54.99,51.48,54.74,52435121,3195063114,0.64,3.7135278514588865,002415.SZ
2021-07-12,54.7,55.36,54.11,54.77,25515859,1599603653,0.31,0.05480453050785705,002415.SZ
2021-07-13,54.74,55.3,53.24,54.38,26965402,1675177191,0.33,-0.7120686507211982,002415.SZ
2021-07-14,54.05,55.79,53.37,55.39,35718345,2245214933,0.44,1.857300478116941,002415.SZ
2021-07-15,55.7,55.75,54.57,55.09,26432647,1664213636,0.32,-0.5416140097490474,002415.SZ
2021-07-18,54.52,55.79,53.54,55.43,30793432,1925770885,0.38,0.6171719005264142,002415.SZ
2021-07-19,54.77,56.96,54.5,55.91,30214080,1938045533,0.37,0.8659570629622859,002415.SZ
2021-07-20,56.73,60.37,56.19,59.01,81919851,5486843915,1.01,5.544625290645677,002415.SZ
2021-07-21,59.64,60.93,58.53,59.05,48705052,3312348123,0.6,0.06778512116589752,002415.SZ
2021-07-22,59.29,60.03,57.74,58.94,43257174,2910912416,0.53,-0.18628281117696321,002415.SZ
2021-07-25,61.21,61.6,55.52,56.93,85992785,5623993365,1.06,-3.410247709535119,002415.SZ
2021-07-26,56.69,56.74,52.99,53.09,90707812,5637093982,1.11,-6.7451255928333005,002415.SZ
2021-07-27,52.47,54.36,51.32,53.34,46578523,2817447343,0.57,0.47089847428893883,002415.SZ
2021-07-28,54.62,55.66,54.17,55.0,42149324,2650412985,0.52,3.112110986126737,002415.SZ
2021-07-29,54.59,54.63,52.42,53.34,50036763,3039012110,0.61,-3.0181818181818088,002415.SZ
2021-08-01,52.35,54.12,52.03,53.54,37052761,2255831144,0.46,0.37495313085862403,002415.SZ
2021-08-02,53.06,53.66,52.47,52.85,37401335,2261999506,0.46,-1.2887560702278589,002415.SZ
2021-08-03,52.79,54.19,52.05,53.89,41470924,2513637623,0.51,1.9678334910123052,002415.SZ
2021-08-04,53.35,53.5,52.36,52.85,28964131,1751710086,0.36,-1.9298571163481104,002415.SZ
2021-08-05,52.48,52.8,51.21,51.71,43996870,2608085603,0.54,-2.1570482497634824,002415.SZ
2021-08-08,51.73,52.36,50.9,52.05,36718074,2170425141,0.45,0.6575130535679596,002415.SZ
2021-08-09,51.74,52.36,51.16,52.29,34385762,2031738202,0.42,0.4610951008645614,002415.SZ
2021-08-10,52.82,53.78,52.38,52.45,43032297,2613660120,0.53,0.305985848154533,002415.SZ
2021-08-11,52.46,52.78,50.91,51.25,41377520,2432491456,0.51,-2.2878932316491962,002415.SZ
2021-08-12,50.98,51.19,49.22,49.54,63771220,3647207037,0.78,-3.3365853658536615,002415.SZ
2021-08-15,49.23,49.93,48.87,49.61,30912335,1755116453,0.38,0.14129995962859354,002415.SZ
2021-08-16,49.58,49.6,47.22,48.02,46364161,2562185323,0.57,-3.2049989921386746,002415.SZ
2021-08-17,47.67,48.53,46.63,48.09,31557244,1715703984,0.39,0.1457725947521915,002415.SZ
2021-08-18,47.92,48.93,47.35,48.02,30069029,1660933990,0.37,-0.14556040756914523,002415.SZ
2021-08-19,47.66,47.77,45.6,46.85,50382504,2680172246,0.62,-2.4364847980008375,002415.SZ
2021-08-22,46.7,48.67,46.16,48.11,33352516,1823985645,0.41,2.6894343649946695,002415.SZ
2021-08-23,48.18,48.78,47.66,48.1,25157017,1387540904,0.31,-0.02078569943878561,002415.SZ
2021-08-24,48.1,48.87,47.5,48.72,24707399,1365698053,0.3,1.2889812889812946,002415.SZ
2021-08-25,48.49,48.58,47.22,47.24,19002043,1040037684,0.23,-3.03776683087027,002415.SZ
2021-08-26,46.79,47.78,45.19,46.09,54834019,2885940034,0.67,-2.4343776460626576,002415.SZ
2021-08-29,46.0,46.09,44.47,45.21,66447729,3413023360,0.82,-1.9093078758949944,002415.SZ
2021-08-30,45.39,45.87,44.54,44.95,31170095,1610004063,0.38,-0.5750940057509313,002415.SZ
2021-08-31,45.12,46.59,44.22,46.53,58632567,3063380775,0.72,3.515016685205774,002415.SZ
2021-09-01,46.33,46.33,44.6,44.96,60305847,3114167880,0.74,-3.374167203954437,002415.SZ
2021-09-02,44.7,45.01,43.45,44.95,40799078,2068540644,0.5,-0.022241992882554573,002415.SZ
2021-09-05,44.6,46.94,44.47,46.72,52412542,2765137698,0.64,3.9377085650722954,002415.SZ
2021-09-06,46.72,46.83,45.84,46.28,34151520,1801530685,0.42,-0.9417808219178037,002415.SZ
2021-09-07,46.29,46.54,45.74,46.3,32333754,1707528514,0.4,0.043215211754521476,002415.SZ
2021-09-08,46.3,46.74,45.13,45.44,29727994,1554766723,0.37,-1.8574514038876888,002415.SZ
2021-09-09,45.3,47.31,45.18,46.98,45962747,2456623292,0.56,3.3890845070422504,002415.SZ
2021-09-12,47.06,49.15,46.51,48.44,48699725,2692759150,0.6,3.107705406555983,002415.SZ
2021-09-13,48.43,48.61,47.39,47.54,22338512,1223325827,0.27,-1.857968620974404,002415.SZ
2021-09-14,47.22,48.87,46.79,47.8,23239328,1276442026,0.29,0.5469078670593097,002415.SZ
2021-09-15,47.48,48.27,46.93,47.41,16566714,898080531,0.2,-0.8158995815899628,002415.SZ
2021-09-16,47.37,48.43,47.22,48.18,17914874,982772566,0.22,1.6241299303944468,002415.SZ
2021-09-21,47.46,47.98,45.93,46.44,26357792,1405946059,0.32,-3.6114570361145737,002415.SZ
2021-09-22,46.43,46.87,44.66,45.3,37882058,1960075143,0.47,-2.454780361757103,002415.SZ
2021-09-23,45.31,46.62,45.12,45.89,26418288,1382688474,0.32,1.3024282560706535,002415.SZ
2021-09-26,45.79,48.0,45.13,47.2,39164894,2106781723,0.48,2.854652429723248,002415.SZ
2021-09-27,47.07,48.36,46.45,47.75,28442725,1552450053,0.35,1.165254237288127,002415.SZ
2021-09-28,47.48,48.58,46.87,48.1,21896221,1198832315,0.27,0.732984293193728,002415.SZ
2021-09-29,48.27,48.95,47.76,48.1,22740255,1257419497,0.28,0.0,002415.SZ
2021-10-07,48.97,50.06,48.48,49.39,38257651,2154280492,0.47,2.6819126819126904,002415.SZ
2021-10-10,50.02,51.11,49.5,49.98,31547014,1820445965,0.39,1.194573800364429,002415.SZ
2021-10-11,49.97,50.34,48.76,49.26,19696778,1113692947,0.24,-1.4405762304921965,002415.SZ
2021-10-12,49.22,50.11,48.54,48.9,27149148,1522997094,0.33,-0.730816077953711,002415.SZ
2021-10-13,48.98,50.17,48.9,49.22,20727990,1172396283,0.25,0.6543967280163709,002415.SZ
2021-10-14,49.22,49.43,48.53,48.88,17214940,963133407,0.21,-0.6907761072734608,002415.SZ
2021-10-17,48.89,49.04,47.05,47.76,26976262,1468248731,0.33,-2.2913256955810257,002415.SZ
2021-10-18,47.76,48.81,47.57,48.48,16626960,917616390,0.2,1.5075376884422065,002415.SZ
2021-10-19,48.15,49.3,47.49,47.63,19635566,1083365708,0.24,-1.753300330032992,002415.SZ
2021-10-20,47.66,48.32,47.06,48.32,19567246,1066511830,0.24,1.4486668066344688,002415.SZ
2021-10-21,48.53,48.53,47.4,48.48,17670065,969232322,0.22,0.3311258278145601,002415.SZ
2021-10-24,48.62,48.71,46.23,47.42,42297224,2283080218,0.52,-2.186468646864681,002415.SZ
2021-10-25,47.22,47.37,46.35,46.87,32081965,1715923291,0.39,-1.15984816533109,002415.SZ
2021-10-26,46.79,46.79,45.92,46.17,21183064,1118999233,0.26,-1.493492639214844,002415.SZ
2021-10-27,46.09,46.72,45.41,45.53,26973915,1418360959,0.33,-1.386181503140571,002415.SZ
2021-10-28,45.53,46.33,45.17,45.7,27804957,1455706382,0.34,0.37338018888646296,002415.SZ
2021-10-31,45.44,46.5,45.12,46.37,24188411,1273935707,0.3,1.466083150984665,002415.SZ
2021-11-01,46.37,46.37,44.86,44.92,33720043,1747115818,0.41,-3.127021781324124,002415.SZ
2021-11-02,44.92,45.32,44.2,44.56,21983668,1120427511,0.27,-0.8014247551202169,002415.SZ
2021-11-03,44.59,44.9,44.16,44.35,20457485,1041684162,0.25,-0.47127468581688037,002415.SZ
2021-11-04,44.16,45.43,44.1,45.02,24918323,1281268302,0.31,1.510710259301029,002415.SZ
2021-11-07,45.27,45.39,43.83,44.64,26289943,1335949226,0.32,-0.8440693025322132,002415.SZ
2021-11-08,44.25,45.79,43.9,45.65,31215947,1604587690,0.38,2.2625448028673834,002415.SZ
2021-11-09,45.66,46.08,45.08,45.52,29357010,1531414342,0.36,-0.28477546549834365,002415.SZ
2021-11-10,45.53,46.06,44.95,45.74,23548682,1227543636,0.29,0.4833040421792667,002415.SZ
2021-11-11,45.82,46.13,45.74,46.02,19232760,1011442515,0.24,0.6121556624398838,002415.SZ
2021-11-14,46.13,46.23,45.43,45.82,15537143,812067424,0.19,-0.4345936549326468,002415.SZ
2021-11-15,45.85,45.88,44.86,45.17,24763943,1279313956,0.3,-1.4185945002182399,002415.SZ
2021-11-16,45.09,45.09,44.61,44.73,22963770,1174624689,0.28,-0.974097852557021,002415.SZ
2021-11-17,44.73,44.73,43.77,43.88,29585684,1493009425,0.36,-1.9002906326849867,002415.SZ
2021-11-18,43.89,44.33,43.71,44.15,27997627,1406977097,0.34,0.6153144940747479,002415.SZ
2021-11-21,44.14,44.68,43.74,44.19,36197325,1825229828,0.44,0.09060022650055899,002415.SZ
2021-11-22,44.21,44.29,41.98,42.41,83777893,4102480060,1.03,-4.0280606472052565,002415.SZ
2021-11-23,42.84,44.35,42.55,43.42,60258953,2995937288,0.74,2.3815137939165343,002415.SZ
2021-11-24,43.43,43.55,42.33,42.61,34764054,1697163586,0.43,-1.8654997696913922,002415.SZ
2021-11-25,42.5,42.7,41.42,41.8,55965516,2678974991,0.69,-1.9009622154423922,002415.SZ
2021-11-28,41.28,41.69,41.11,41.6,35940496,1704532365,0.44,-0.4784688995215225,002415.SZ
2021-11-29,41.8,42.54,41.63,42.54,33268150,1601347823,0.41,2.2596153846153877,002415.SZ
2021-11-30,42.48,42.51,41.98,42.17,21580008,1042291663,0.27,-0.86976962858486,002415.SZ
2021-12-01,42.12,42.14,41.19,41.48,37997175,1802294101,0.47,-1.6362342897794702,002415.SZ
2021-12-02,41.54,42.44,41.28,42.33,29240157,1402424599,0.36,2.049180327868849,002415.SZ
2021-12-05,42.76,44.07,42.75,43.1,49532098,2462301384,0.61,1.8190408693598004,002415.SZ
2021-12-06,43.29,44.12,43.29,43.99,40036437,2007005382,0.49,2.0649651972157734,002415.SZ
2021-12-07,44.06,45.4,43.58,45.19,49114690,2516184398,0.6,2.7278927028870026,002415.SZ
2021-12-08,44.77,48.58,44.77,47.46,88734397,4791960245,1.09,5.023235229032985,002415.SZ
2021-12-09,47.24,47.51,46.35,46.79,46078378,2469067330,0.57,-1.4117151285292895,002415.SZ
2021-12-12,46.98,48.36,46.65,46.72,38362809,2077695456,0.47,-0.14960461637102407,002415.SZ
2021-12-13,47.1,47.88,46.68,47.2,28271358,1529454443,0.35,1.0273972602739878,002415.SZ
2021-12-14,46.79,47.13,45.46,45.47,36213974,1901903085,0.44,-3.6652542372881403,002415.SZ
2021-12-15,45.61,46.0,44.69,45.67,26596965,1380123025,0.33,0.4398504508467127,002415.SZ
2021-12-16,45.39,46.02,44.84,45.6,24193886,1256697181,0.3,-0.15327348368732174,002415.SZ
2021-12-19,45.39,45.78,44.73,44.92,19641292,1015461079,0.24,-1.4912280701754432,002415.SZ
2021-12-20,44.91,45.6,44.76,45.11,17839647,921418574,0.22,0.4229741763134509,002415.SZ
2021-12-21,45.32,45.53,44.34,44.52,24783619,1270665209,0.3,-1.3079139880292523,002415.SZ
2021-12-22,44.53,44.9,44.11,44.33,21557709,1094516067,0.26,-0.4267744833782672,002415.SZ
2021-12-23,44.12,44.6,43.46,44.21,24792595,1246575552,0.3,-0.27069704489058877,002415.SZ
2021-12-26,44.42,44.49,43.6,44.28,17661122,891066470,0.22,0.1583352182764175,002415.SZ
2021-12-27,44.29,46.44,44.15,45.9,32725790,1707957746,0.4,3.658536585365857,002415.SZ
2021-12-28,45.67,46.33,44.91,45.45,26227185,1366394506,0.32,-0.9803921568627305,002415.SZ
2021-12-29,45.46,46.39,44.94,44.94,20579911,1071270761,0.25,-1.122112211221138,002415.SZ
2021-12-30,45.37,45.95,44.47,45.75,28378208,1465376796,0.31,1.8024032042723626,002415.SZ
2022-01-03,46.35,46.35,45.22,45.83,23913642,1253035114,0.26,0.17486338797814138,002415.SZ
2022-01-04,45.65,45.65,44.49,44.89,22958073,1183390507,0.25,-2.0510582587824566,002415.SZ
2022-01-05,44.65,44.84,43.62,43.7,25229848,1266976502,0.28,-2.650924482067274,002415.SZ
2022-01-06,43.71,44.33,43.46,43.61,18430171,923379305,0.2,-0.2059496567505814,002415.SZ
2022-01-09,43.4,44.23,42.95,43.97,22587445,1128294826,0.25,0.8254987388213619,002415.SZ
2022-01-10,43.9,44.14,43.36,43.46,20117192,1006252644,0.22,-1.1598817375483295,002415.SZ
2022-01-11,43.42,43.72,42.35,43.07,32406556,1589520043,0.36,-0.8973768982972863,002415.SZ
2022-01-12,43.11,43.46,41.98,42.08,27128315,1316781676,0.3,-2.2985837009519394,002415.SZ
2022-01-13,42.08,42.51,41.84,42.24,17315735,834432759,0.19,0.38022813688214363,002415.SZ
2022-01-16,42.31,43.02,42.24,42.85,18208951,888690357,0.2,1.4441287878787845,002415.SZ
2022-01-17,42.86,45.66,42.75,44.36,45541509,2317507432,0.5,3.523920653442225,002415.SZ
2022-01-18,44.37,45.34,43.47,43.86,31678095,1601476265,0.35,-1.1271415689810604,002415.SZ
2022-01-19,44.09,44.14,43.23,43.51,17645441,879739289,0.19,-0.7979936160510737,002415.SZ
2022-01-20,43.52,43.57,42.59,43.28,23891009,1173101258,0.26,-0.5286141116984555,002415.SZ
2022-01-23,42.85,43.62,42.42,42.84,24632942,1207170532,0.27,-1.0166358595193992,002415.SZ
2022-01-24,42.68,43.16,42.16,42.19,18976178,926551737,0.21,-1.5172735760971223,002415.SZ
2022-01-25,42.19,43.28,42.19,43.05,17212479,845250367,0.19,2.0383977245792773,002415.SZ
2022-01-26,43.22,43.29,41.57,42.18,28964749,1393826937,0.32,-2.02090592334494,002415.SZ
2022-01-27,42.18,42.5,41.1,41.5,22646761,1078805697,0.25,-1.6121384542437167,002415.SZ
2022-02-06,41.92,41.96,40.05,40.15,32960173,1536926073,0.36,-3.2530120481927716,002415.SZ
2022-02-07,40.05,40.66,39.56,40.44,26585946,1218848196,0.29,0.7222914072229081,002415.SZ
2022-02-08,40.24,41.14,40.23,41.08,22189186,1036416196,0.24,1.5825914935707175,002415.SZ
2022-02-09,41.09,41.38,40.4,41.09,19012175,889104195,0.21,0.024342745861738457,002415.SZ
2022-02-10,40.58,41.05,40.05,40.23,26671745,1234304067,0.29,-2.092966658554407,002415.SZ
2022-02-13,40.03,40.31,39.47,40.05,15669676,714767043,0.17,-0.4474272930648726,002415.SZ
2022-02-14,40.04,40.5,39.89,40.41,13541347,623303433,0.15,0.8988764044943753,002415.SZ
2022-02-15,40.43,40.65,40.1,40.22,11313979,520589532,0.12,-0.4701806483543569,002415.SZ
2022-02-16,39.97,40.45,39.95,40.31,12894965,593357588,0.14,0.22376926902039074,002415.SZ
2022-02-17,40.19,40.7,39.96,40.66,13523690,623087901,0.15,0.868270900520951,002415.SZ
2022-02-20,40.55,41.78,40.45,41.69,22538639,1066463628,0.25,2.5332021642892277,002415.SZ
2022-02-21,41.54,41.57,40.66,40.95,15951219,747155648,0.17,-1.7750059966418652,002415.SZ
2022-02-22,41.8,43.07,41.54,42.76,54762350,2663071065,0.6,4.420024420024404,002415.SZ
2022-02-23,42.4,42.99,41.42,41.97,21788740,1051041636,0.24,-1.8475210477081339,002415.SZ
2022-02-24,41.97,42.99,41.96,42.19,22276126,1085288825,0.24,0.5241839409101612,002415.SZ
2022-02-27,42.1,42.41,41.07,42.15,16936985,811342547,0.19,-0.09480919649206276,002415.SZ
2022-02-28,42.15,42.4,41.36,41.56,19455334,925202421,0.21,-1.399762752075906,002415.SZ
2022-03-01,41.45,41.74,40.87,41.28,13721530,648393758,0.15,-0.6737247353224229,002415.SZ
2022-03-02,41.56,41.62,40.82,40.93,10400914,488677967,0.11,-0.8478682170542706,002415.SZ
2022-03-03,40.6,40.78,39.79,40.03,22873745,1050890272,0.25,-2.1988761299780113,002415.SZ
2022-03-06,39.73,39.73,38.09,38.39,33259369,1466809184,0.36,-4.096927304521614,002415.SZ
2022-03-07,38.39,38.99,37.6,38.13,18637526,813094411,0.2,-0.6772597030476613,002415.SZ
2022-03-08,38.13,38.3,35.24,37.61,38188296,1614237241,0.42,-1.3637555730396045,002415.SZ
2022-03-09,38.31,38.89,37.74,38.48,24817016,1088182490,0.27,2.3132145705929252,002415.SZ
2022-03-10,37.87,39.74,37.11,39.6,31306716,1387234883,0.34,2.910602910602922,002415.SZ
2022-03-13,39.16,39.64,37.52,37.59,23722038,1037828888,0.26,-5.075757575757567,002415.SZ
2022-03-14,37.06,37.56,35.88,36.06,31668475,1322417230,0.35,-4.070231444533123,002415.SZ
2022-03-15,36.55,37.17,34.45,36.68,52023109,2118740477,0.57,1.7193566278424832,002415.SZ
2022-03-16,37.6,38.74,36.99,38.37,43740379,1905310302,0.48,4.607415485278077,002415.SZ
2022-03-17,37.95,38.04,37.24,37.93,27145379,1170326209,0.3,-1.14672921553296,002415.SZ
2022-03-20,38.13,38.14,36.96,37.08,24241491,1033399734,0.27,-2.2409702082784144,002415.SZ
2022-03-21,36.94,37.43,36.64,37.1,19236489,812745447,0.21,0.05393743257822159,002415.SZ
2022-03-22,37.1,38.11,37.03,37.73,19763904,851462573,0.22,1.6981132075471583,002415.SZ
2022-03-23,37.5,37.51,36.54,36.7,17260679,726476118,0.19,-2.7299231380863875,002415.SZ
2022-03-24,36.56,36.68,35.59,35.91,21612322,889287817,0.24,-2.1525885558583258,002415.SZ
2022-03-27,35.24,35.42,34.73,34.98,20788162,831313820,0.23,-2.589807852965742,002415.SZ
2022-03-28,35.01,35.28,34.11,34.98,33361497,1326104316,0.36,0.0,002415.SZ
2022-03-29,35.4,36.45,35.0,36.03,32043413,1307734019,0.35,3.0017152658662116,002415.SZ
2022-03-30,35.85,36.15,35.54,35.85,16740862,685921366,0.18,-0.4995836802664466,002415.SZ
2022-03-31,35.42,36.42,35.35,36.04,17041805,703549254,0.19,0.52998605299861,002415.SZ
2022-04-05,35.66,36.09,35.49,35.8,13985431,571696128,0.15,-0.6659267480577213,002415.SZ
2022-04-06,35.59,35.94,35.15,35.15,11040434,448742656,0.12,-1.8156424581005526,002415.SZ
2022-04-07,35.39,35.5,34.11,34.45,27210354,1079689747,0.3,-1.9914651493598723,002415.SZ
2022-04-10,34.45,34.54,32.41,32.67,34857340,1318639009,0.38,-5.166908563134987,002415.SZ
2022-04-11,32.71,33.5,31.82,33.49,40198032,1494914991,0.44,2.5099479644934197,002415.SZ
2022-04-12,33.13,34.68,32.9,33.82,36163815,1405496575,0.4,0.9853687667960465,002415.SZ
2022-04-13,34.31,34.96,33.52,34.61,37036993,1455033911,0.41,2.3358959195742157,002415.SZ
2022-04-14,34.28,35.15,34.05,34.92,17820943,706009036,0.19,0.8956948858711344,002415.SZ
2022-04-17,35.85,36.73,35.56,36.5,65758438,2722416888,0.72,4.524627720503993,002415.SZ
2022-04-18,36.39,36.57,35.96,36.31,31162437,1292355484,0.34,-0.520547945205474,002415.SZ
2022-04-19,36.38,37.24,36.03,36.34,27874804,1167886026,0.3,0.08262186725420673,002415.SZ
2022-04-20,36.06,36.45,35.25,35.69,29519562,1207670732,0.32,-1.7886626307099807,002415.SZ
2022-04-21,35.64,36.06,35.38,35.68,30559798,1249420744,0.33,-0.028019052956007595,002415.SZ
2022-04-24,35.42,35.56,34.54,34.54,36505836,1464276469,0.4,-3.195067264573992,002415.SZ
2022-04-25,34.63,35.55,34.35,34.55,29657134,1185073760,0.32,0.028951939779964242,002415.SZ
2022-04-26,34.11,36.7,34.09,36.29,52377030,2154634601,0.57,5.0361794500723756,002415.SZ
2022-04-27,36.29,36.61,35.43,35.74,33745823,1386885704,0.37,-1.5155690272802391,002415.SZ
2022-04-28,35.94,37.72,35.57,37.16,53590679,2255664893,0.59,3.9731393396754244,002415.SZ
2022-05-04,33.44,33.93,33.44,33.44,117874937,4509976622,1.29,-10.010764262648008,002415.SZ
2022-05-05,31.4,31.79,30.1,30.43,245212961,8571683817,2.68,-9.001196172248793,002415.SZ
2022-05-08,29.73,30.85,29.56,30.5,127071973,4421444533,1.39,0.23003614853762677,002415.SZ
2022-05-09,29.91,30.33,29.21,30.13,94639032,3230542059,1.04,-1.2131147540983656,002415.SZ
2022-05-10,30.08,31.57,29.56,30.98,138469919,4860344450,1.51,2.821108529704608,002415.SZ
2022-05-11,30.4,30.46,29.61,29.87,145492158,4974746421,1.59,-3.582956746287924,002415.SZ
2022-05-12,29.88,29.91,27.21,28.05,220444547,7122373265,2.41,-6.093069969869436,002415.SZ
2022-05-15,28.05,28.99,28.05,28.56,130939603,4282223897,1.43,1.8181818181818077,002415.SZ
2022-05-16,28.25,28.95,27.42,28.15,126767879,4062190016,1.39,-1.4355742296918828,002415.SZ
2022-05-17,28.15,29.65,27.56,29.12,156388629,5124739469,1.7,3.4458259325044427,002415.SZ
2022-05-18,28.44,29.12,28.27,28.93,78543807,2584951592,0.86,-0.6524725274725363,002415.SZ
2022-05-19,29.04,29.56,28.88,29.21,86999058,2908166312,0.95,0.9678534393363414,002415.SZ
2022-05-22,29.22,29.72,29.05,29.31,77389994,2599633334,0.84,0.342348510783963,002415.SZ
2022-05-23,29.34,29.45,28.08,28.12,79307678,2608384819,0.86,-4.060047765267816,002415.SZ
2022-05-24,28.12,28.49,27.82,28.34,56520682,1818138638,0.62,0.7823613086771042,002415.SZ
2022-05-25,28.5,29.09,28.33,28.77,72333170,2314221762,0.79,1.517290049400133,002415.SZ
2022-05-26,30.22,30.48,28.94,29.26,128777168,4262351434,1.4,1.7031630170316392,002415.SZ
2022-05-29,29.23,29.83,29.08,29.67,79807001,2614946522,0.87,1.401230348598781,002415.SZ
2022-05-30,29.59,30.11,29.45,30.04,69218247,2297518058,0.75,1.2470508931580637,002415.SZ
2022-05-31,30.08,30.35,29.7,30.09,62328446,2084706975,0.68,0.1664447403462166,002415.SZ
2022-06-01,29.97,30.01,29.44,29.67,54525853,1797334024,0.59,-1.395812562313059,002415.SZ
2022-06-05,29.59,31.56,29.5,31.36,124786137,4236360211,1.36,5.695989214694963,002415.SZ
2022-06-06,31.46,31.48,30.76,31.38,60141313,2083093875,0.66,0.06377551020408934,002415.SZ
2022-06-07,31.41,33.59,31.41,32.1,128251706,4641764641,1.4,2.294455066921608,002415.SZ
2022-06-08,32.15,32.17,31.03,31.14,63829808,2239467554,0.7,-2.990654205607479,002415.SZ
2022-06-09,30.76,31.4,30.73,31.22,48834355,1688957509,0.53,0.25690430314706525,002415.SZ
2022-06-12,31.48,31.48,30.37,30.8,54137396,1856448148,0.59,-1.3452914798206206,002415.SZ
2022-06-13,30.27,30.96,29.86,30.81,40579133,1368435265,0.44,0.032467532467528315,002415.SZ
2022-06-14,30.74,32.31,30.68,32.01,81287788,2865810672,0.89,3.8948393378773094,002415.SZ
2022-06-15,32.01,32.18,31.39,31.56,42912641,1512104913,0.47,-1.4058106841612017,002415.SZ
2022-06-16,31.22,31.45,30.58,31.08,64733191,2226327894,0.71,-1.520912547528519,002415.SZ
2022-06-19,31.93,32.43,31.57,31.68,69468253,2462028795,0.76,1.9305019305019266,002415.SZ
2022-06-20,31.68,32.97,31.45,32.63,95420925,3441640687,1.04,2.9987373737373924,002415.SZ
2022-06-21,32.65,32.79,31.52,31.54,59149421,2094619951,0.64,-3.3404842169782456,002415.SZ
2022-06-22,31.5,31.77,31.08,31.77,43206763,1511855105,0.47,0.7292327203550997,002415.SZ
2022-06-23,31.8,32.2,31.43,32.1,57293366,2022513049,0.62,1.0387157695939564,002415.SZ
2022-06-26,32.2,32.92,31.82,32.27,62790899,2257486817,0.68,0.5295950155763229,002415.SZ
2022-06-27,32.23,33.17,31.89,32.95,62674475,2274601883,0.68,2.107220328478454,002415.SZ
2022-06-28,32.95,33.72,32.47,32.56,62168834,2276808265,0.68,-1.183611532625195,002415.SZ
2022-06-29,32.56,32.88,32.46,32.56,63057141,2288765109,0.69,0.0,002415.SZ
2022-06-30,32.57,32.94,32.09,32.2,51482306,1855825674,0.56,-1.1056511056511065,002415.SZ
2022-07-03,32.29,32.34,31.75,32.01,48758720,1730661658,0.53,-0.5900621118012594,002415.SZ
2022-07-04,32.19,32.97,31.57,32.64,73089892,2628098341,0.8,1.9681349578256846,002415.SZ
2022-07-05,32.29,32.34,31.08,31.44,71528379,2520820992,0.78,-3.676470588235292,002415.SZ
2022-07-06,31.35,31.35,30.4,30.55,73462591,2509901734,0.8,-2.830788804071249,002415.SZ
2022-07-07,30.54,31.01,30.45,30.69,40495562,1382719656,0.44,0.4582651391161985,002415.SZ
2022-07-10,30.6,30.62,29.52,29.6,59809508,1976774093,0.65,-3.5516454871293623,002415.SZ
2022-07-11,29.59,29.87,29.1,29.23,38095377,1244995850,0.42,-1.2500000000000067,002415.SZ
2022-07-12,29.3,29.64,29.1,29.51,32260151,1054205081,0.35,0.9579199452617315,002415.SZ
2022-07-13,29.4,29.72,29.19,29.45,29433506,963699455,0.32,-0.20332090816672643,002415.SZ
2022-07-14,29.16,29.31,28.45,28.5,59408444,1901444072,0.65,-3.2258064516129004,002415.SZ
2022-07-17,28.44,28.84,28.15,28.7,42497504,1348381329,0.46,0.7017543859649145,002415.SZ
2022-07-18,28.69,28.94,28.51,28.67,35573486,1135432364,0.39,-0.1045296167247356,002415.SZ
2022-07-19,28.86,28.94,28.47,28.7,42793549,1363340843,0.47,0.10463899546564459,002415.SZ
2022-07-20,28.69,28.69,28.43,28.43,36186292,1148025472,0.39,-0.9407665505226426,002415.SZ
2022-07-21,28.42,28.55,28.12,28.27,29632325,931714317,0.32,-0.5627857896588151,002415.SZ
2022-07-24,28.29,29.18,27.88,29.07,52648303,1669529075,0.57,2.829854969932799,002415.SZ
2022-07-25,28.85,29.16,28.78,29.06,32095469,1035210494,0.35,-0.03439972480220321,002415.SZ
2022-07-26,29.07,29.8,28.87,29.39,39681498,1297700343,0.43,1.1355815554026316,002415.SZ
2022-07-27,29.39,29.98,29.21,29.44,40810220,1343670102,0.44,0.17012589316094395,002415.SZ
2022-07-28,29.38,29.56,28.6,28.73,37436854,1202914378,0.41,-2.411684782608703,002415.SZ
2022-07-31,28.6,28.73,28.18,28.59,22782892,722186174,0.25,-0.4872955099199494,002415.SZ
2022-08-01,28.24,28.24,27.23,27.44,50983822,1564370232,0.56,-4.022385449457843,002415.SZ
2022-08-02,27.45,28.2,27.45,27.77,35227121,1089238856,0.38,1.2026239067055355,002415.SZ
2022-08-03,27.88,28.09,27.73,28.09,22282092,692266695,0.24,1.1523226503420858,002415.SZ
2022-08-04,28.12,29.28,27.96,29.23,49082566,1571746149,0.53,4.058383766464946,002415.SZ
2022-08-07,29.23,29.66,29.08,29.26,34921793,1136011772,0.38,0.10263427984946727,002415.SZ
2022-08-08,29.17,29.48,29.01,29.38,33762271,1100028191,0.37,0.41011619958988277,002415.SZ
2022-08-09,29.38,29.68,28.93,29.49,39172303,1278091680,0.43,0.374404356705238,002415.SZ
2022-08-10,29.67,30.22,29.65,29.98,50434423,1681041497,0.55,1.6615801966768373,002415.SZ
2022-08-11,29.99,30.28,29.56,30.05,51873629,1727623253,0.57,0.23348899266177892,002415.SZ
2022-08-14,29.49,29.49,27.96,28.6,162324812,5154249210,1.77,-4.825291181364388,002415.SZ
2022-08-15,28.38,28.63,28.23,28.26,68853462,2172028851,0.75,-1.1888111888111896,002415.SZ
2022-08-16,28.29,28.52,27.98,28.47,47917527,1506034291,0.52,0.7430997876857637,002415.SZ
2022-08-17,28.39,28.39,28.11,28.15,38305248,1200166228,0.42,-1.1239901650860529,002415.SZ
2022-08-18,28.15,28.23,27.8,27.86,46291989,1439729791,0.5,-1.0301953818827703,002415.SZ
2022-08-21,27.71,28.05,27.5,27.87,42362860,1311805185,0.46,0.0358937544867155,002415.SZ
2022-08-22,27.76,27.99,27.52,27.72,35118368,1082248595,0.38,-0.5382131324004336,002415.SZ
2022-08-23,27.7,27.72,26.98,27.19,64214270,1945695324,0.7,-1.9119769119768981,002415.SZ
2022-08-24,27.2,27.25,26.36,26.48,68081056,2012621631,0.74,-2.6112541375505782,002415.SZ
2022-08-25,26.56,27.2,26.32,26.92,53370414,1595574252,0.58,1.6616314199395799,002415.SZ
2022-08-28,26.61,26.94,26.43,26.94,36138464,1068868192,0.39,0.07429420505200568,002415.SZ
2022-08-29,26.85,27.12,26.71,26.82,27134720,810503572,0.3,-0.44543429844098315,002415.SZ
2022-08-30,26.79,27.03,26.62,26.87,35456005,1058705261,0.39,0.18642803877704228,002415.SZ
2022-08-31,26.8,27.01,26.67,26.71,31560841,940276613,0.34,-0.5954596203944895,002415.SZ
2022-09-01,26.74,26.8,26.43,26.53,26282774,775640446,0.29,-0.6739049045301426,002415.SZ
2022-09-04,26.53,26.53,25.28,25.54,72035377,2061412934,0.79,-3.731624575951764,002415.SZ
2022-09-05,25.56,26.13,25.28,25.97,56206042,1604830547,0.61,1.6836335160532512,002415.SZ
2022-09-06,25.81,26.09,25.54,25.68,43532112,1247388937,0.47,-1.116673084328068,002415.SZ
2022-09-07,25.74,25.96,25.4,25.77,39882114,1139941092,0.43,0.3504672897196359,002415.SZ
2022-09-08,25.73,26.17,25.63,26.07,44376741,1283814255,0.48,1.1641443538998875,002415.SZ
2022-09-12,26.16,26.69,26.15,26.64,55843391,1646972305,0.61,2.1864211737629535,002415.SZ
2022-09-13,26.26,26.46,26.09,26.31,35242079,1029001886,0.38,-1.2387387387387427,002415.SZ
2022-09-14,26.35,26.69,25.91,26.08,40822038,1194927018,0.44,-0.8741923223109072,002415.SZ
2022-09-15,27.16,27.61,26.56,26.8,115765124,3494499557,1.26,2.7607361963190247,002415.SZ
2022-09-18,26.54,26.97,25.9,26.67,53251227,1575243148,0.58,-0.48507462686566694,002415.SZ
2022-09-19,26.71,27.33,26.56,27.19,49862754,1500135935,0.54,1.9497562804649426,002415.SZ
2022-09-20,27.16,27.6,26.81,27.2,45644490,1386427680,0.5,0.0367782272894468,002415.SZ
2022-09-21,26.98,27.51,26.61,26.62,43354109,1304324010,0.47,-2.132352941176463,002415.SZ
2022-09-22,26.53,26.58,25.81,26.13,48760811,1416022813,0.53,-1.8407212622088776,002415.SZ
2022-09-25,25.84,26.22,25.73,25.98,34858491,1009048358,0.38,-0.574052812858783,002415.SZ
2022-09-26,25.99,26.51,25.86,26.49,33010554,961942120,0.36,1.9630484988452546,002415.SZ
2022-09-27,26.35,27.4,26.3,27.07,74144654,2234354696,0.81,2.1895054737636865,002415.SZ
2022-09-28,27.15,27.42,27.03,27.35,48833183,1479249965,0.53,1.0343553749538215,002415.SZ
2022-09-29,27.18,27.6,27.02,27.36,41577144,1268536888,0.45,0.0365630712979792,002415.SZ
2022-10-09,27.36,27.36,26.13,26.17,47581356,1404705046,0.52,-4.349415204678353,002415.SZ
2022-10-10,26.17,26.71,25.73,26.35,32250254,940438636,0.35,0.6878104700038135,002415.SZ
2022-10-11,26.26,26.42,25.63,26.42,38279677,1107718946,0.42,0.2656546489563594,002415.SZ
2022-10-12,26.17,26.94,25.93,26.53,33992953,997767010,0.37,0.416351249053748,002415.SZ
2022-10-13,26.74,27.52,26.4,27.24,54478295,1639917704,0.59,2.676215604975485,002415.SZ
2022-10-16,27.03,28.21,26.85,28.14,61267237,1881734305,0.67,3.3039647577092657,002415.SZ
2022-10-17,28.16,28.23,27.67,27.93,39431968,1223186413,0.43,-0.7462686567164201,002415.SZ
2022-10-18,27.86,27.86,27.12,27.13,34993844,1068147595,0.38,-2.864303616183317,002415.SZ
2022-10-19,26.98,27.77,26.95,27.39,34959007,1065601779,0.38,0.9583486914854555,002415.SZ
2022-10-20,27.41,27.51,26.99,27.15,22918269,693359042,0.25,-0.8762322015334112,002415.SZ
2022-10-23,27.11,27.37,26.49,26.62,36591581,1090868893,0.4,-1.9521178637200598,002415.SZ
2022-10-24,26.44,26.53,25.9,26.1,34395946,1000868770,0.37,-1.9534184823441048,002415.SZ
2022-10-25,26.17,26.7,26.1,26.41,31877410,937051057,0.35,1.1877394636015337,002415.SZ
2022-10-26,26.44,27.12,26.3,26.87,36475403,1086874375,0.4,1.741764483150332,002415.SZ
2022-10-27,26.76,26.78,25.28,25.54,79935861,2285355057,0.87,-4.949758094529222,002415.SZ
2022-10-30,24.29,25.83,24.11,25.56,78449052,2179270087,0.85,0.0783085356303781,002415.SZ
2022-10-31,25.53,25.97,25.11,25.95,39890110,1138524851,0.43,1.5258215962441257,002415.SZ
2022-11-01,25.71,26.62,25.7,26.35,51579231,1504482836,0.56,1.5414258188824803,002415.SZ
2022-11-02,26.17,26.48,25.9,26.36,33238961,967015061,0.36,0.03795066413661008,002415.SZ
2022-11-03,26.26,27.16,26.19,27.0,57037836,1701830979,0.62,2.427921092564489,002415.SZ
2022-11-06,26.81,27.12,26.7,26.83,35771214,1068915872,0.39,-0.6296296296296355,002415.SZ
2022-11-07,26.79,26.8,26.36,26.6,30493619,900518613,0.33,-0.8572493477450482,002415.SZ
2022-11-08,26.44,26.63,25.95,26.06,31941129,932577837,0.35,-2.0300751879699375,002415.SZ
2022-11-09,25.9,26.04,25.69,25.8,26308937,755824651,0.29,-0.9976976208748933,002415.SZ
2022-11-10,26.6,27.03,25.96,26.81,65561827,1937025804,0.71,3.914728682170532,002415.SZ
2022-11-13,26.82,27.52,26.82,27.51,62994469,1908445852,0.69,2.6109660574412663,002415.SZ
2022-11-14,27.48,28.6,27.18,28.59,89918241,2803483713,0.98,3.925845147219187,002415.SZ
2022-11-15,28.52,28.69,28.21,28.26,49721217,1571135812,0.54,-1.1542497376705096,002415.SZ
2022-11-16,28.33,28.48,27.84,28.4,36266583,1134422750,0.4,0.4953998584571684,002415.SZ
2022-11-17,28.47,29.65,28.43,29.18,88862380,2891975558,0.97,2.746478873239444,002415.SZ
2022-11-20,28.94,29.4,28.13,29.27,60937846,1951696405,0.66,0.30843043180259766,002415.SZ
2022-11-21,29.05,29.25,28.46,28.68,34837460,1117426268,0.38,-2.015715749914593,002415.SZ
2022-11-22,28.74,29.03,27.84,28.16,37430370,1174692182,0.41,-1.8131101813110173,002415.SZ
2022-11-23,28.24,28.32,27.96,28.06,19612253,613223710,0.21,-0.35511363636364646,002415.SZ
2022-11-24,28.06,28.32,27.76,27.79,23238480,723559257,0.25,-0.962223806129725,002415.SZ
2022-11-27,26.71,27.87,26.56,27.32,40453729,1226979243,0.44,-1.691255847427131,002415.SZ
2022-11-28,27.33,28.6,27.33,28.46,42017977,1315940515,0.46,4.172767203513916,002415.SZ
2022-11-29,28.41,29.03,28.09,28.34,37143263,1176415267,0.4,-0.42164441321153046,002415.SZ
2022-11-30,28.96,29.3,28.61,28.83,38112124,1225279811,0.42,1.7290049400141116,002415.SZ
2022-12-01,28.62,29.02,28.62,28.74,23755275,760972746,0.26,-0.3121748178980255,002415.SZ
2022-12-04,29.23,30.15,28.8,30.07,78856316,2595966478,0.86,4.627696590118302,002415.SZ
2022-12-05,29.88,31.37,29.84,30.69,80871091,2783069779,0.88,2.0618556701030855,002415.SZ
2022-12-06,30.68,30.94,30.2,30.4,35419113,1199972504,0.39,-0.9449332029977331,002415.SZ
2022-12-07,30.31,30.55,29.95,30.31,34599884,1164531166,0.38,-0.2960526315789469,002415.SZ
2022-12-08,30.27,31.57,30.18,31.07,64049892,2199212426,0.7,2.5074232926427076,002415.SZ
2022-12-11,31.03,31.47,30.81,30.93,46535699,1615073407,0.51,-0.45059542967492705,002415.SZ
2022-12-12,30.91,31.47,30.91,31.14,31057780,1080738766,0.34,0.678952473326877,002415.SZ
2022-12-13,31.17,32.07,31.06,31.47,46670463,1648362501,0.51,1.0597302504816941,002415.SZ
2022-12-14,31.48,31.67,30.96,31.4,28621268,995850103,0.31,-0.22243406418811507,002415.SZ
2022-12-15,31.07,31.93,30.87,30.89,28411258,989076534,0.31,-1.624203821656045,002415.SZ
2022-12-18,31.45,31.45,30.6,30.76,30165713,1040430483,0.33,-0.4208481709291001,002415.SZ
2022-12-19,30.84,30.93,29.69,30.09,47198006,1585403630,0.51,-2.1781534460338148,002415.SZ
2022-12-20,30.11,30.53,29.88,30.28,20826670,702163118,0.23,0.6314390162844852,002415.SZ
2022-12-21,30.55,31.25,30.4,30.58,28872194,992102962,0.31,0.9907529722589015,002415.SZ
2022-12-22,30.58,31.42,30.22,31.15,30654468,1060032355,0.33,1.8639633747547402,002415.SZ
2022-12-25,31.15,31.66,30.95,31.41,27661701,965475547,0.3,0.8346709470305136,002415.SZ
2022-12-26,31.46,31.72,30.89,31.04,32494622,1124880524,0.35,-1.1779687997453103,002415.SZ
2022-12-27,31.07,31.08,30.18,30.58,37882433,1283801075,0.41,-1.4819587628866038,002415.SZ
2022-12-28,30.31,30.85,30.02,30.81,33150749,1125561032,0.36,0.7521255722694686,002415.SZ
2022-12-29,30.94,31.29,30.66,31.19,29799813,1028905815,0.32,1.2333657903278228,002415.SZ
2023-01-02,31.12,31.43,30.59,30.84,30060773,1035688644,0.33,-1.1221545367104846,002415.SZ
2023-01-03,30.73,31.0,30.0,30.51,34595811,1168725298,0.38,-1.0700389105058328,002415.SZ
2023-01-04,30.51,31.18,30.45,30.9,37657131,1289628576,0.41,1.2782694198623323,002415.SZ
2023-01-05,30.9,30.9,30.29,30.36,27146597,918474684,0.3,-1.747572815533982,002415.SZ
2023-01-08,30.13,30.4,29.69,29.75,45419139,1509679045,0.49,-2.0092226613965702,002415.SZ
2023-01-09,29.75,30.2,28.95,29.99,44753435,1477216121,0.49,0.806722689075623,002415.SZ
2023-01-10,29.94,29.94,29.41,29.58,35021648,1153769993,0.38,-1.3671223741247074,002415.SZ
2023-01-11,29.58,29.82,29.24,29.38,28030851,918373569,0.31,-0.6761325219743042,002415.SZ
2023-01-12,29.41,30.31,29.36,30.26,34717327,1153396534,0.38,2.995234853641948,002415.SZ
2023-01-15,30.24,31.51,30.08,31.18,58459365,2021984249,0.64,3.0403172504956943,002415.SZ
2023-01-16,31.21,31.71,31.15,31.26,28581998,995956443,0.31,0.25657472738935816,002415.SZ
2023-01-17,31.21,32.07,31.12,31.63,38037976,1342497924,0.42,1.1836212412028146,002415.SZ
2023-01-18,31.61,33.19,31.48,33.09,61535511,2232133545,0.68,4.615871008536221,002415.SZ
2023-01-19,32.97,34.18,32.93,33.04,46936638,1746545502,0.52,-0.15110305228166476,002415.SZ
2023-01-29,33.38,34.68,33.26,33.33,51044324,1918690154,0.56,0.8777239709442997,002415.SZ
2023-01-30,33.33,33.89,32.07,32.25,49470410,1788753230,0.54,-3.24032403240323,002415.SZ
2023-01-31,32.25,32.97,32.07,32.61,32706870,1180240719,0.36,1.116279069767434,002415.SZ
2023-02-01,32.6,33.51,32.37,32.73,35384255,1295657132,0.39,0.36798528058876734,002415.SZ
2023-02-02,32.65,33.17,32.14,33.01,34994274,1270726772,0.38,0.8554842652001238,002415.SZ
2023-02-05,32.92,33.77,32.59,32.85,49820458,1838212363,0.55,-0.48470160557405606,002415.SZ
2023-02-06,32.93,33.9,32.88,33.51,55370900,2062122951,0.61,2.0091324200913085,002415.SZ
2023-02-07,33.53,33.54,32.97,33.19,32058078,1183532336,0.35,-0.954938824231577,002415.SZ
2023-02-08,32.99,34.04,32.74,33.94,38205508,1428022864,0.42,2.2597167821633013,002415.SZ
2023-02-09,33.94,33.95,32.74,33.01,40399433,1490294049,0.44,-2.7401296405421327,002415.SZ
2023-02-12,32.81,33.06,32.25,32.92,34502764,1254114214,0.38,-0.272644653135401,002415.SZ
2023-02-13,32.92,32.96,32.33,32.54,23980513,867367223,0.26,-1.1543134872418093,002415.SZ
2023-02-14,32.4,32.71,32.08,32.54,25627223,923623983,0.28,0.0,002415.SZ
2023-02-15,32.53,34.65,32.53,33.63,105007277,3946666197,1.15,3.3497234173325285,002415.SZ
2023-02-16,33.27,33.68,32.84,32.84,45447908,1676368000,0.5,-2.3490930716622005,002415.SZ
2023-02-19,32.38,35.03,32.25,34.81,92302594,3514053210,1.01,5.998781973203404,002415.SZ
2023-02-20,34.81,35.78,34.41,34.86,61172781,2379282776,0.67,0.14363688595231405,002415.SZ
2023-02-21,34.73,35.07,34.09,34.33,42449267,1621875087,0.47,-1.52036718301779,002415.SZ
2023-02-22,34.34,34.49,33.7,33.95,28615684,1080396425,0.31,-1.1069035828721097,002415.SZ
2023-02-23,33.97,34.5,33.64,33.89,28233123,1067144764,0.31,-0.176730486008847,002415.SZ
2023-02-26,33.75,34.04,33.38,33.48,26267852,981883062,0.29,-1.209796400118035,002415.SZ
2023-02-27,34.08,34.96,33.91,34.52,42221387,1618936828,0.46,3.1063321385902176,002415.SZ
2023-02-28,34.52,35.89,34.45,35.81,66608803,2630519538,0.73,3.736964078794891,002415.SZ
2023-03-01,35.62,36.28,35.26,35.44,42074899,1668002118,0.46,-1.0332309410779228,002415.SZ
2023-03-02,35.53,35.61,34.85,35.41,28589847,1118914824,0.31,-0.08465011286682422,002415.SZ
2023-03-05,35.5,36.23,35.36,35.89,34793931,1391047756,0.38,1.3555492798644542,002415.SZ
2023-03-06,35.84,36.58,34.8,35.01,37317560,1467586578,0.41,-2.4519364725550385,002415.SZ
2023-03-07,34.9,35.17,34.29,35.08,32406482,1249580788,0.36,0.19994287346472017,002415.SZ
2023-03-08,35.08,35.16,34.28,34.47,34915837,1341408235,0.38,-1.7388825541619135,002415.SZ
2023-03-09,34.28,34.86,33.82,34.01,40416418,1535014721,0.44,-1.3344937626922015,002415.SZ
2023-03-12,33.64,35.4,33.61,35.27,52013122,2010794073,0.57,3.7047927080270604,002415.SZ
2023-03-13,35.26,35.53,34.7,34.99,39050440,1521646293,0.43,-0.7938758151403436,002415.SZ
2023-03-14,35.43,36.77,35.02,35.15,71782224,2868927645,0.79,0.4572735067162048,002415.SZ
2023-03-15,34.82,35.27,34.04,34.19,41592519,1596316536,0.46,-2.731152204836418,002415.SZ
2023-03-16,34.54,36.7,34.52,36.29,94618489,3786373031,1.04,6.142146826557471,002415.SZ
2023-03-19,36.29,38.41,36.28,37.11,112027519,4694980851,1.23,2.259575640672362,002415.SZ
2023-03-20,36.89,37.56,36.41,36.88,45371647,1863444849,0.5,-0.6197790353004495,002415.SZ
2023-03-21,36.88,38.57,36.87,38.5,72125638,3047723463,0.79,4.392624728850314,002415.SZ
2023-03-22,38.27,40.48,38.09,40.3,104929727,4615118117,1.15,4.675324675324677,002415.SZ
2023-03-23,40.3,40.48,38.98,40.12,67399973,2989750204,0.74,-0.4466501240694809,002415.SZ
2023-03-26,39.58,41.68,38.7,39.23,102035851,4506447597,1.12,-2.2183449651046905,002415.SZ
2023-03-27,39.18,39.18,37.85,38.18,67398164,2882374234,0.74,-2.6765230690797837,002415.SZ
2023-03-28,38.18,39.14,37.41,38.5,49497203,2111598014,0.54,0.8381351492928291,002415.SZ
2023-03-29,38.31,38.41,36.63,37.42,70586757,2924683333,0.77,-2.8051948051947995,002415.SZ
2023-03-30,37.5,39.09,37.13,38.37,61288152,2601304037,0.67,2.5387493319080523,002415.SZ
2023-04-02,38.59,39.26,36.91,38.16,91491642,3836277017,1.0,-0.5473025801407405,002415.SZ
2023-04-03,38.09,41.53,37.78,40.4,111194896,4904280241,1.22,5.8700209643606005,002415.SZ
2023-04-05,39.22,40.42,39.02,39.45,76111171,3352414059,0.84,-2.3514851485148425,002415.SZ
2023-04-06,39.49,42.1,39.49,41.0,78473297,3572771702,0.86,3.9290240811153287,002415.SZ
2023-04-09,43.17,43.93,39.97,40.52,102365118,4775743348,1.12,-1.170731707317063,002415.SZ
2023-04-10,40.04,41.28,39.3,39.92,58956857,2632625896,0.65,-1.4807502467917066,002415.SZ
2023-04-11,39.86,41.99,39.86,41.71,65457211,2992021442,0.72,4.4839679358717355,002415.SZ
2023-04-12,41.13,41.6,40.39,40.66,43848796,1989915774,0.48,-2.517381922800299,002415.SZ
2023-04-13,40.55,40.63,38.77,40.08,68253486,3004695553,0.75,-1.4264633546482997,002415.SZ
2023-04-16,38.94,40.03,37.85,39.53,75462530,3294715524,0.83,-1.3722554890219452,002415.SZ
2023-04-17,39.44,39.89,38.18,39.16,54639287,2365180596,0.6,-0.9359979762206039,002415.SZ
2023-04-18,39.11,39.76,38.51,38.82,46669470,2030526193,0.51,-0.8682328907047898,002415.SZ
2023-04-19,38.82,39.17,36.49,37.44,136778685,5651599198,1.5,-3.554868624420404,002415.SZ
2023-04-20,37.24,37.82,35.71,35.73,89176184,3619640017,0.98,-4.567307692307699,002415.SZ
2023-04-23,36.01,36.7,34.88,35.3,58825767,2329736209,0.65,-1.2034704729918855,002415.SZ
2023-04-24,35.26,35.5,33.24,33.69,103449536,3905401995,1.14,-4.560906515580731,002415.SZ
2023-04-25,33.7,34.0,32.77,33.37,71675056,2655551156,0.79,-0.9498367468091407,002415.SZ
2023-04-26,33.28,34.58,33.19,34.09,48149383,1823913801,0.53,2.157626610728225,002415.SZ
2023-04-27,33.77,34.31,33.49,33.95,43561336,1641296439,0.48,-0.4106776180698213,002415.SZ
2023-05-03,33.91,33.95,32.92,33.46,42939519,1593912285,0.47,-1.443298969072171,002415.SZ
2023-05-04,33.43,33.69,32.07,32.43,60551317,2195611958,0.66,-3.078302450687387,002415.SZ
2023-05-07,32.55,33.42,32.07,32.31,51445101,1862099583,0.56,-0.37002775208140326,002415.SZ
2023-05-08,32.34,32.74,31.68,32.34,39760400,1431613007,0.44,0.09285051067782213,002415.SZ
2023-05-09,32.29,32.92,32.12,32.74,33392604,1208723852,0.37,1.236858379715522,002415.SZ
2023-05-10,32.76,32.99,32.39,32.62,23882754,869517332,0.26,-0.36652412950520796,002415.SZ
2023-05-11,32.66,32.88,31.71,31.89,33106160,1179969017,0.36,-2.2378908645003026,002415.SZ
2023-05-14,31.91,32.02,31.12,31.81,41427888,1448630038,0.45,-0.2508623392913245,002415.SZ
2023-05-15,31.94,32.1,31.35,31.89,31399602,1107451677,0.34,0.2514932411191495,002415.SZ
2023-05-16,31.71,31.74,31.27,31.48,26589880,929146202,0.29,-1.2856694888679798,002415.SZ
2023-05-17,31.49,32.08,31.03,31.96,39314758,1381185530,0.43,1.5247776365946653,002415.SZ
2023-05-18,32.11,32.91,31.52,32.68,48307970,1698930155,0.53,2.252816020025028,002415.SZ
2023-05-21,32.76,33.39,32.44,32.92,31408371,1127705595,0.34,0.7343941248470154,002415.SZ
2023-05-22,32.92,33.95,32.88,33.66,45015352,1646861935,0.49,2.247873633049813,002415.SZ
2023-05-23,33.4,33.45,32.85,33.03,25537792,920795503,0.28,-1.8716577540106805,002415.SZ
2023-05-24,32.99,33.35,31.74,32.07,44221406,1557377120,0.49,-2.906448683015439,002415.SZ
2023-05-25,32.3,32.67,31.62,32.52,34841440,1219071414,0.38,1.4031805425631427,002415.SZ
2023-05-28,32.52,32.73,30.92,31.2,57736600,1980768901,0.63,-4.059040590405916,002415.SZ
2023-05-29,31.2,32.29,31.01,32.26,37637369,1297536753,0.41,3.3974358974358854,002415.SZ
2023-05-30,32.27,32.55,31.75,31.99,25712000,898775679,0.28,-0.836949783013019,002415.SZ
2023-05-31,32.01,33.4,31.6,32.94,50762206,1811833583,0.56,2.969678024382616,002415.SZ
2023-06-01,32.94,33.1,32.55,32.95,29601261,1059791897,0.32,0.030358227079552158,002415.SZ
2023-06-04,32.96,33.56,32.67,33.03,34177961,1232902733,0.38,0.24279210925644001,002415.SZ
2023-06-05,33.03,33.2,32.01,32.02,31111660,1103335255,0.34,-3.0578262185891547,002415.SZ
2023-06-06,31.99,32.3,31.66,31.86,24492193,851616755,0.27,-0.4996876951905205,002415.SZ
2023-06-07,31.79,32.11,31.48,31.7,18568426,641478095,0.2,-0.5021971123666091,002415.SZ
2023-06-08,31.75,31.78,28.8,29.69,118653460,3851762503,1.3,-6.340694006309144,002415.SZ
2023-06-11,29.51,29.88,28.64,29.13,81385784,2588196301,0.89,-1.8861569552037771,002415.SZ
2023-06-12,29.22,30.98,29.06,30.81,78126912,2577306356,0.86,5.7672502574665385,002415.SZ
2023-06-13,30.74,31.22,30.44,30.62,46229683,1550844814,0.51,-0.6166828951639003,002415.SZ
2023-06-14,30.63,31.08,30.19,30.68,36967962,1235224262,0.41,0.19595035924231397,002415.SZ
2023-06-15,30.98,32.54,30.47,32.24,62582202,2161041165,0.69,5.084745762711873,002415.SZ
2023-06-18,32.24,33.56,31.89,33.17,70493707,2535874657,0.77,2.8846153846153744,002415.SZ
2023-06-19,33.1,33.63,32.67,33.34,50590314,1833538497,0.56,0.5125113053964458,002415.SZ
2023-06-20,33.19,33.19,32.26,32.26,39545458,1409074097,0.43,-3.2393521295741023,002415.SZ
2023-06-25,31.81,32.21,31.01,31.05,42355354,1451251723,0.46,-3.750774953502778,002415.SZ
2023-06-26,31.21,31.66,31.02,31.29,34778061,1187684147,0.38,0.7729468599033673,002415.SZ
2023-06-27,31.33,31.4,30.14,30.96,36991926,1238253502,0.41,-1.0546500479386323,002415.SZ
2023-06-28,30.95,31.23,30.45,30.62,25911519,869085694,0.28,-1.0981912144702788,002415.SZ
2023-06-29,30.63,30.85,30.22,30.38,34220396,1135996348,0.38,-0.7838014369693114,002415.SZ
2023-07-02,30.39,30.89,30.35,30.65,34635357,1155896420,0.38,0.8887425938117088,002415.SZ
2023-07-03,30.59,32.21,30.42,31.74,58292229,2005900061,0.64,3.556280587275684,002415.SZ
2023-07-04,31.66,31.7,31.1,31.44,29364770,1006405856,0.32,-0.9451795841209698,002415.SZ
2023-07-05,31.27,31.66,30.9,31.09,27812769,945843925,0.31,-1.1132315521628522,002415.SZ
2023-07-06,30.78,30.82,30.15,30.55,23179009,769467124,0.25,-1.736892891605013,002415.SZ
2023-07-09,30.75,31.26,30.42,31.24,26389153,890734460,0.29,2.2585924713584227,002415.SZ
2023-07-10,31.2,31.54,31.09,31.38,20807569,711369264,0.23,0.4481434058898781,002415.SZ
2023-07-11,31.39,31.82,30.97,31.46,29986063,1026805636,0.33,0.2549394518801762,002415.SZ
2023-07-12,31.46,32.07,31.46,32.0,25681906,890722422,0.28,1.7164653528289886,002415.SZ
2023-07-13,31.95,32.34,31.7,31.79,22481094,784083374,0.25,-0.6562500000000027,002415.SZ
2023-07-16,31.75,31.79,31.19,31.39,16935249,579343572,0.19,-1.2582573136206365,002415.SZ
2023-07-17,31.35,31.6,31.2,31.26,17071654,583030477,0.19,-0.4141446320484188,002415.SZ
2023-07-18,31.21,31.47,31.11,31.46,13527612,461623539,0.15,0.6397952655150307,002415.SZ
2023-07-19,31.77,31.89,31.01,31.03,18509939,630801661,0.2,-1.3668150031786341,002415.SZ
2023-07-20,30.92,31.15,30.56,30.66,14668262,492462326,0.16,-1.1923944569771194,002415.SZ
2023-07-23,30.59,30.71,30.0,30.23,19482638,643044270,0.21,-1.4024787997390709,002415.SZ
2023-07-24,30.65,31.93,30.61,31.65,36599152,1251282747,0.4,4.697320542507444,002415.SZ
2023-07-25,31.56,31.74,31.16,31.3,17476727,596645958,0.19,-1.1058451816745585,002415.SZ
2023-07-26,31.3,32.35,31.29,31.83,30169385,1050305826,0.33,1.693290734824271,002415.SZ
2023-07-27,31.66,32.84,31.61,32.59,37494436,1324971944,0.41,2.3876845743009856,002415.SZ
2023-07-30,32.81,33.95,32.81,33.33,45236111,1651852697,0.5,2.2706351641607725,002415.SZ
2023-07-31,33.33,33.64,32.69,33.03,26439577,953915181,0.29,-0.9000900090008868,002415.SZ
2023-08-01,33.03,33.22,32.6,32.72,16086155,575859418,0.18,-0.9385407205570795,002415.SZ
2023-08-02,32.6,33.02,32.36,32.6,19394418,689634680,0.21,-0.3667481662591565,002415.SZ
2023-08-03,32.86,33.79,32.86,33.54,34802435,1272450076,0.38,2.8834355828220692,002415.SZ
2023-08-06,33.53,34.55,33.26,33.56,38430435,1419429978,0.42,0.05963029218845062,002415.SZ
2023-08-07,33.66,33.81,33.12,33.33,17304506,629476261,0.19,-0.6853396901072784,002415.SZ
2023-08-08,33.14,33.54,32.99,33.01,13369201,484082430,0.15,-0.9600960096009636,002415.SZ
2023-08-09,32.94,33.54,32.94,33.22,14106791,510692317,0.15,0.6361708573159763,002415.SZ
2023-08-10,33.2,33.38,32.21,32.35,28813831,1025916594,0.32,-2.618904274533407,002415.SZ
2023-08-13,32.11,32.12,31.62,32.08,18746681,651486656,0.21,-0.8346213292117599,002415.SZ
2023-08-14,32.08,32.39,31.58,31.95,20448149,711752774,0.22,-0.4052369077306661,002415.SZ
2023-08-15,31.94,31.94,30.94,30.96,22899949,781453409,0.25,-3.0985915492957705,002415.SZ
2023-08-16,30.93,31.82,30.74,31.56,18199849,623515225,0.2,1.9379844961240345,002415.SZ
2023-08-17,31.59,32.02,31.06,31.1,16890446,580431978,0.19,-1.457541191381484,002415.SZ
2023-08-20,31.21,32.53,31.2,31.54,31668000,1101333591,0.35,1.414790996784565,002415.SZ
2023-08-21,31.84,32.43,31.44,32.29,26226897,913261255,0.29,2.3779327837666564,002415.SZ
2023-08-22,32.21,32.57,31.35,31.36,27095614,942754951,0.3,-2.8801486528336917,002415.SZ
2023-08-23,31.52,31.82,31.01,31.37,18275546,626529475,0.2,0.03188775510205577,002415.SZ
2023-08-24,31.1,31.17,30.32,30.54,25466252,851393166,0.28,-2.645839974497932,002415.SZ
2023-08-27,32.14,32.35,31.01,31.23,37313131,1281621748,0.41,2.259332023575644,002415.SZ
2023-08-28,31.15,32.55,30.96,32.44,29423393,1026723440,0.32,3.874479666986863,002415.SZ
2023-08-29,32.44,32.76,32.04,32.53,23954106,845887614,0.26,0.27743526510481953,002415.SZ
2023-08-30,32.45,32.7,32.15,32.37,13778385,487171251,0.15,-0.4918536735321388,002415.SZ
2023-08-31,32.36,32.85,32.11,32.62,18271825,647925392,0.2,0.7723200494284876,002415.SZ
2023-09-03,32.76,33.22,32.72,32.86,27655091,994070621,0.3,0.7357449417535245,002415.SZ
2023-09-04,32.74,33.13,32.52,32.6,23958401,855824916,0.26,-0.7912355447352359,002415.SZ
2023-09-05,32.49,32.76,31.84,32.27,24338851,857981421,0.27,-1.012269938650301,002415.SZ
2023-09-06,32.27,32.27,31.38,31.47,22724852,786389006,0.25,-2.47908273938644,002415.SZ
2023-09-07,31.48,31.6,31.12,31.18,16279507,554665272,0.18,-0.9215125516364719,002415.SZ
2023-09-10,31.2,31.66,31.01,31.2,26922289,918532534,0.3,0.06414368184732844,002415.SZ
2023-09-11,31.21,31.37,30.85,30.99,21037831,710866019,0.23,-0.6730769230769207,002415.SZ
2023-09-12,30.99,31.01,30.28,30.49,31607899,1052486579,0.35,-1.6134236850597006,002415.SZ
2023-09-13,30.48,30.67,30.32,30.5,19111841,635655115,0.21,0.03279763857002571,002415.SZ
2023-09-14,30.65,30.69,29.54,29.87,33584539,1098109404,0.37,-2.065573770491802,002415.SZ
2023-09-17,29.73,30.29,29.54,29.81,20090852,654820000,0.22,-0.2008704385671356,002415.SZ
2023-09-18,29.83,29.85,29.1,29.22,35742404,1139201404,0.39,-1.9792016101979226,002415.SZ
2023-09-19,29.22,29.41,29.05,29.37,16877036,538803193,0.19,0.5133470225872738,002415.SZ
2023-09-20,29.43,29.57,29.13,29.29,13538055,433460907,0.15,-0.27238678924073056,002415.SZ
2023-09-21,29.28,30.55,29.21,30.46,30287965,992854050,0.33,3.994537384772956,002415.SZ
2023-09-24,30.46,30.59,30.19,30.32,17838095,590719541,0.2,-0.45961917268548813,002415.SZ
2023-09-25,30.37,31.28,30.34,30.73,34107483,1148435320,0.37,1.3522427440633145,002415.SZ
2023-09-26,30.55,30.75,30.3,30.69,14817427,494387038,0.16,-0.13016596160103644,002415.SZ
2023-09-27,30.69,31.08,30.63,31.01,19451418,655828498,0.21,1.0426849136526473,002415.SZ
2023-10-08,31.0,31.33,30.44,31.21,21852743,738476479,0.24,0.6449532408900227,002415.SZ
2023-10-09,31.4,31.44,30.89,31.02,16409724,557254079,0.18,-0.6087792374239065,002415.SZ
2023-10-10,31.02,31.52,31.02,31.36,18079069,618047197,0.2,1.0960670535138606,002415.SZ
2023-10-11,31.52,31.84,31.27,31.75,21084344,727319830,0.23,1.2436224489795977,002415.SZ
2023-10-12,31.6,31.84,31.29,31.57,16249208,559055880,0.18,-0.5669291338582627,002415.SZ
2023-10-15,31.53,31.53,30.88,30.99,14858072,502713703,0.16,-1.8371872030408687,002415.SZ
2023-10-16,31.15,31.54,30.95,31.14,14575533,496243214,0.16,0.4840271055179146,002415.SZ
2023-10-17,31.13,31.23,30.83,30.91,12551499,423439088,0.14,-0.7385998715478514,002415.SZ
2023-10-18,30.82,30.99,30.47,30.5,13276004,444941714,0.15,-1.3264315755418976,002415.SZ
2023-10-19,30.43,30.55,29.89,29.99,14711471,482503595,0.16,-1.6721311475409895,002415.SZ
2023-10-22,30.83,31.39,30.37,31.01,38214351,1286515998,0.42,3.401133711237092,002415.SZ
2023-10-23,30.94,31.2,30.3,31.08,28529724,958465643,0.31,0.22573363431150906,002415.SZ
2023-10-24,31.93,32.75,31.86,32.36,44779425,1580201713,0.49,4.118404118404118,002415.SZ
2023-10-25,32.11,32.48,31.89,32.43,24667352,866354490,0.27,0.2163164400494466,002415.SZ
2023-10-26,32.38,33.3,32.16,32.94,34452048,1235553456,0.38,1.5726179463459777,002415.SZ
2023-10-29,32.88,33.95,32.66,33.55,36481056,1331858046,0.4,1.85185185185186,002415.SZ
2023-10-30,33.54,33.66,33.02,33.44,22420571,813131574,0.25,-0.3278688524590123,002415.SZ
2023-10-31,33.48,33.57,32.94,33.19,20796463,751491006,0.23,-0.7476076555023914,002415.SZ
2023-11-01,33.15,33.42,32.88,32.91,14579907,525630241,0.16,-0.8436275986743014,002415.SZ
2023-11-02,33.03,33.32,32.81,32.86,16470767,592987816,0.18,-0.15192950470980238,002415.SZ
2023-11-05,32.94,34.1,32.94,33.88,34564179,1267792731,0.38,3.1040779062690316,002415.SZ
2023-11-06,33.85,34.23,33.62,33.82,25342370,937293013,0.28,-0.17709563164108877,002415.SZ
2023-11-07,33.65,34.44,33.57,34.15,25535996,950399745,0.28,0.9757539917208735,002415.SZ
2023-11-08,34.1,34.64,33.79,34.01,24429340,908363662,0.27,-0.40995607613469875,002415.SZ
2023-11-09,33.86,34.41,33.58,34.11,17580194,652796922,0.19,0.29403116730373213,002415.SZ
2023-11-12,34.18,34.48,33.87,34.17,18444698,688325089,0.2,0.17590149516271136,002415.SZ
2023-11-13,34.1,34.34,33.44,33.48,23420717,862896531,0.26,-2.019315188762083,002415.SZ
2023-11-14,33.9,34.08,33.22,33.63,19141169,700813389,0.21,0.44802867383513245,002415.SZ
2023-11-15,33.49,33.76,33.03,33.03,17176230,622176914,0.19,-1.7841213202497763,002415.SZ
2023-11-16,32.99,33.29,32.68,32.77,19833218,710774917,0.22,-0.7871631849833416,002415.SZ
2023-11-19,32.76,33.09,32.55,32.84,17957250,642473510,0.2,0.21361000915471884,002415.SZ
2023-11-20,32.88,33.36,32.77,32.91,17502664,629365167,0.19,0.21315468940314997,002415.SZ
2023-11-21,32.92,33.0,32.4,32.62,12594484,448657017,0.14,-0.8811911273169271,002415.SZ
2023-11-22,32.62,32.99,32.31,32.89,12844195,458138372,0.14,0.8277130594727344,002415.SZ
2023-11-23,33.31,33.35,32.63,32.86,15074027,540096404,0.17,-0.09121313469140357,002415.SZ
2023-11-26,32.86,32.87,32.21,32.37,17493242,617485197,0.19,-1.4911746804625703,002415.SZ
2023-11-27,32.28,32.56,32.21,32.37,12326923,434855887,0.14,0.0,002415.SZ
2023-11-28,32.37,32.52,32.0,32.13,12495741,438948209,0.14,-0.7414272474513317,002415.SZ
2023-11-29,31.96,32.19,31.81,31.92,13060942,455240320,0.14,-0.6535947712418277,002415.SZ
2023-11-30,31.97,32.57,31.66,32.57,20254291,709156817,0.22,2.036340852130314,002415.SZ
2023-12-03,32.66,33.02,32.0,32.02,19880988,701561720,0.22,-1.688670555726124,002415.SZ
2023-12-04,31.61,32.0,30.99,31.01,22448881,766527950,0.25,-3.154278575890068,002415.SZ
2023-12-05,30.99,31.24,30.6,30.83,17069650,575107193,0.19,-0.5804579168010471,002415.SZ
2023-12-06,30.83,30.85,30.28,30.36,24768945,821678041,0.27,-1.5244891339604272,002415.SZ
2023-12-07,30.37,30.76,29.96,29.96,42855554,1413581351,0.47,-1.3175230566534912,002415.SZ
2023-12-10,29.98,31.43,29.83,31.36,41222360,1378790832,0.45,4.672897196261672,002415.SZ
2023-12-11,31.21,31.33,30.75,31.21,24803070,838023430,0.27,-0.4783163265306034,002415.SZ
2023-12-12,31.18,31.21,30.65,30.74,17858789,602268360,0.2,-1.5059275873117617,002415.SZ
2023-12-13,30.83,30.98,30.51,30.57,13770361,460738649,0.15,-0.5530253741053981,002415.SZ
2023-12-14,30.57,30.81,30.38,30.56,11371913,378807164,0.12,-0.03271180896303738,002415.SZ
2023-12-17,30.43,30.93,30.18,30.41,12694223,422959126,0.14,-0.490837696335078,002415.SZ
2023-12-18,30.3,30.57,30.1,30.57,13152199,435108899,0.14,0.5261427162117638,002415.SZ
2023-12-19,30.56,30.66,30.02,30.1,15626343,517117205,0.17,-1.537455021262668,002415.SZ
2023-12-20,29.98,30.35,29.92,30.17,17876554,586256347,0.2,0.23255813953488857,002415.SZ
2023-12-21,30.09,30.17,29.73,30.0,19413305,633053523,0.21,-0.5634736493205228,002415.SZ
2023-12-24,29.9,30.4,29.83,30.22,16316240,536725200,0.18,0.7333333333333192,002415.SZ
2023-12-25,30.22,30.31,30.01,30.1,16309339,535699790,0.18,-0.3970880211780159,002415.SZ
2023-12-26,30.06,30.34,30.0,30.22,16717162,550386202,0.18,0.39867109634550424,002415.SZ
2023-12-27,30.22,31.22,30.09,31.06,29455876,993731280,0.32,2.7796161482462,002415.SZ
2023-12-28,31.02,31.88,30.91,31.86,33234284,1141916800,0.36,2.5756600128783003,002415.SZ
2024-01-01,31.82,31.82,30.51,30.99,38424575,1290363710,0.42,-2.730696798493415,002415.SZ
2024-01-02,30.72,30.92,30.11,30.33,30483582,1008315315,0.33,-2.1297192642787954,002415.SZ
2024-01-03,30.28,30.3,29.4,29.89,34031311,1103184842,0.37,-1.4507088691064873,002415.SZ
2024-01-04,29.69,30.22,29.49,29.76,23476588,763550815,0.26,-0.4349280695884916,002415.SZ
2024-01-07,29.75,29.75,28.72,29.07,30361991,961036038,0.33,-2.318548387096775,002415.SZ
2024-01-08,29.05,29.07,27.91,28.58,41364530,1276313395,0.45,-1.6855865153078797,002415.SZ
2024-01-09,28.38,28.43,27.71,27.85,29204978,889987096,0.32,-2.554233729881028,002415.SZ
2024-01-10,27.85,28.63,27.72,28.32,32403085,998882371,0.36,1.6876122082585265,002415.SZ
2024-01-11,28.2,28.38,27.86,27.92,29026511,886807429,0.32,-1.412429378531066,002415.SZ
2024-01-14,27.99,28.1,27.66,27.99,28836170,876401003,0.32,0.2507163323782091,002415.SZ
2024-01-15,27.96,28.17,27.69,28.14,22773962,695748353,0.25,0.5359056806002238,002415.SZ
2024-01-16,28.29,28.66,28.21,28.43,35927530,1113438307,0.39,1.030561478322678,002415.SZ
2024-01-17,28.13,29.27,27.9,29.02,43260759,1343406437,0.47,2.075272599366862,002415.SZ
2024-01-18,28.9,29.29,28.81,29.07,27619781,874132260,0.3,0.1722949689869191,002415.SZ
2024-01-21,29.04,29.16,28.11,28.34,31473367,985293958,0.35,-2.5111799105607124,002415.SZ
2024-01-22,28.34,28.53,27.63,28.21,33031274,1009871427,0.36,-0.4587155963302725,002415.SZ
2024-01-23,28.18,28.79,27.69,28.79,26717378,821964670,0.29,2.0560085076213985,002415.SZ
2024-01-24,28.79,29.53,28.62,29.42,27730773,884704560,0.3,2.1882598124348895,002415.SZ
2024-01-25,29.43,29.58,28.9,29.09,25680726,818356193,0.28,-1.1216859279401858,002415.SZ
2024-01-28,29.25,29.47,28.87,28.9,18524139,586931528,0.2,-0.6531454107940871,002415.SZ
2024-01-29,29.33,30.0,29.18,29.2,38819576,1249025389,0.43,1.038062283737018,002415.SZ
2024-01-30,29.04,29.5,28.32,29.29,30874917,976900404,0.34,0.3082191780821919,002415.SZ
2024-01-31,29.13,29.54,28.59,29.25,25694085,816353786,0.28,-0.13656538067599033,002415.SZ
2024-02-01,29.24,29.54,27.36,28.52,33516213,1041445949,0.37,-2.4957264957265024,002415.SZ
2024-02-04,28.13,28.99,27.77,28.54,37724941,1170458613,0.41,0.07012622720896644,002415.SZ
2024-02-05,28.26,30.1,28.19,29.87,41753381,1340638404,0.46,4.6601261387526405,002415.SZ
2024-02-06,29.89,30.6,29.6,30.21,37651564,1243565592,0.41,1.1382658185470351,002415.SZ
2024-02-07,30.74,31.19,30.3,30.88,41460695,1397333087,0.46,2.2178086726249546,002415.SZ
2024-02-18,31.76,31.93,30.74,31.01,37876486,1290757135,0.42,0.4209844559585507,002415.SZ
2024-02-19,30.67,31.24,30.55,31.11,26265910,885972732,0.29,0.32247662044500025,002415.SZ
2024-02-20,30.84,31.64,30.75,31.18,32161025,1096765760,0.35,0.22500803600129515,002415.SZ
2024-02-21,31.42,31.8,31.3,31.49,26206472,900734022,0.29,0.9942270686337462,002415.SZ
2024-02-22,31.55,31.78,31.2,31.74,27810689,954374008,0.31,0.7939028262940573,002415.SZ
2024-02-25,31.72,31.95,31.43,31.46,27281392,941116695,0.3,-0.8821676118462407,002415.SZ
2024-02-26,31.3,32.07,31.06,32.07,38588686,1329490554,0.42,1.938970120788297,002415.SZ
2024-02-27,32.16,32.69,31.66,31.66,42392494,1487752586,0.47,-1.2784533832241984,002415.SZ
2024-02-28,31.44,32.22,31.38,32.07,34757520,1208384377,0.38,1.2950094756790875,002415.SZ
2024-02-29,32.05,32.91,31.87,32.74,47080217,1670943780,0.52,2.089179918927342,002415.SZ
2024-03-03,32.75,33.12,31.77,32.11,51739882,1817574718,0.57,-1.9242516799022669,002415.SZ
2024-03-04,31.91,33.77,31.66,32.59,69496078,2478546622,0.76,1.4948614138897698,002415.SZ
2024-03-05,32.11,32.11,31.5,31.58,52280962,1806324420,0.57,-3.099110156489737,002415.SZ
2024-03-06,31.52,31.81,30.97,31.15,37215865,1271517494,0.41,-1.3616212792906923,002415.SZ
2024-03-07,31.19,31.35,30.61,31.13,33591014,1134157902,0.37,-0.06420545746388395,002415.SZ
2024-03-10,30.96,31.47,30.83,31.38,34738179,1180884369,0.38,0.8030838419530895,002415.SZ
2024-03-11,31.39,31.59,31.06,31.52,40384722,1379150861,0.44,0.44614404079030834,002415.SZ
2024-03-12,31.51,31.77,31.18,31.21,35351353,1212384405,0.39,-0.9835025380710571,002415.SZ
2024-03-13,31.09,31.31,30.58,30.71,32845932,1106884355,0.36,-1.6020506247997446,002415.SZ
2024-03-14,30.68,30.68,30.23,30.52,41338904,1367763682,0.45,-0.6186909801367713,002415.SZ
2024-03-17,30.63,30.76,30.33,30.75,40386947,1342789700,0.44,0.7536041939711691,002415.SZ
2024-03-18,30.65,30.8,30.47,30.57,33092139,1104319651,0.36,-0.5853658536585371,002415.SZ
2024-03-19,30.46,30.72,30.38,30.71,32544015,1084146682,0.36,0.45796532548250113,002415.SZ
2024-03-20,30.74,30.85,30.52,30.61,30098104,1006108466,0.33,-0.3256268316509381,002415.SZ
2024-03-21,30.55,30.55,29.92,30.03,35787666,1174244097,0.39,-1.8948056190787321,002415.SZ
2024-03-24,30.0,30.69,29.83,29.96,29749646,980130893,0.33,-0.2331002331002363,002415.SZ
2024-03-25,29.64,29.87,29.38,29.68,27426415,885220718,0.3,-0.9345794392523366,002415.SZ
2024-03-26,29.68,30.1,29.39,29.77,29912388,973593189,0.33,0.30323450134770447,002415.SZ
2024-03-27,29.65,30.21,29.53,29.87,28073169,913308088,0.31,0.3359086328518668,002415.SZ
2024-03-28,29.75,29.99,29.36,29.51,29514844,951453045,0.32,-1.205222631402747,002415.SZ
2024-03-31,29.55,30.28,29.55,30.14,39480894,1294665670,0.43,2.1348695357505942,002415.SZ
2024-04-01,30.24,30.26,29.41,29.54,34644246,1122457555,0.38,-1.9907100199071048,002415.SZ
2024-04-02,29.54,29.59,28.98,29.16,34314682,1091570268,0.38,-1.2863913337846977,002415.SZ
2024-04-07,29.14,29.27,28.93,28.99,22759141,721381304,0.25,-0.5829903978052164,002415.SZ
2024-04-08,28.98,29.31,28.73,29.21,25628670,810828362,0.28,0.7588823732321615,002415.SZ
2024-04-09,29.21,29.21,28.51,28.61,26366365,826806666,0.29,-2.054091064703878,002415.SZ
2024-04-10,28.5,28.87,28.37,28.66,20755698,648617906,0.23,0.1747640685075158,002415.SZ
2024-04-11,28.81,28.88,28.31,28.37,24932670,775707174,0.27,-1.0118632240055825,002415.SZ
2024-04-14,28.1,28.87,28.1,28.62,30807006,961643584,0.34,0.8812125484666922,002415.SZ
2024-04-15,28.58,29.43,28.47,28.96,48655825,1542460471,0.53,1.187980433263447,002415.SZ
2024-04-16,29.01,29.49,28.54,29.46,39738243,1263569084,0.44,1.7265193370165743,002415.SZ
2024-04-17,29.37,29.66,29.18,29.33,36600163,1174964272,0.4,-0.4412763068567638,002415.SZ
2024-04-18,29.23,29.54,28.82,29.45,33437904,1064415313,0.37,0.4091374019774996,002415.SZ
2024-04-21,29.09,30.37,29.06,30.14,62785907,2053586166,0.69,2.3429541595925363,002415.SZ
2024-04-22,30.19,30.25,29.64,29.91,34646158,1125912658,0.38,-0.7631055076310567,002415.SZ
2024-04-23,29.85,29.92,29.43,29.83,30959985,1002023703,0.34,-0.26746907388833785,002415.SZ
2024-04-24,29.71,29.98,29.43,29.95,31844073,1030645134,0.35,0.4022795843110938,002415.SZ
2024-04-25,29.84,30.21,29.77,30.16,46684393,1528425989,0.51,0.7011686143572726,002415.SZ
2024-04-28,30.15,30.66,29.88,30.52,48953672,1622842754,0.54,1.1936339522546469,002415.SZ
2024-04-29,30.5,30.5,30.21,30.38,23663279,783068878,0.26,-0.4587155963302725,002415.SZ
2024-05-05,30.75,31.08,30.65,30.98,44545139,1499389028,0.49,1.974983541803832,002415.SZ
2024-05-06,30.89,31.06,30.78,30.86,22535413,759423629,0.25,-0.3873466752743693,002415.SZ
2024-05-07,30.87,30.87,30.03,30.04,42287853,1396203859,0.46,-2.657161373946859,002415.SZ
2024-05-08,30.03,30.43,30.01,30.32,21876676,722651635,0.24,0.9320905459387463,002415.SZ
2024-05-09,30.34,30.69,30.2,30.43,28342237,940821086,0.31,0.3627968337730936,002415.SZ
2024-05-12,30.33,30.64,29.98,30.48,22132723,732160710,0.24,0.16431153466973658,002415.SZ
2024-05-13,30.48,30.9,30.45,30.77,24135227,807010164,0.26,0.9514435695538115,002415.SZ
2024-05-14,30.77,31.01,30.46,30.47,21076641,707232817,0.23,-0.9749756256093645,002415.SZ
2024-05-15,30.57,30.66,30.27,30.36,23143772,766753285,0.25,-0.3610108303249038,002415.SZ
2024-05-16,30.37,30.91,30.28,30.91,21462203,716731579,0.24,1.8115942028985588,002415.SZ
2024-05-19,30.91,31.51,30.87,31.09,29802674,1011146519,0.33,0.5823358136525458,002415.SZ
2024-05-20,31.29,31.36,30.87,31.03,24913323,823212410,0.27,-0.19298809906721504,002415.SZ
2024-05-21,30.84,31.24,30.84,31.13,15692570,517806009,0.17,0.3222687721559758,002415.SZ
2024-05-22,31.07,31.44,30.5,30.62,20612999,673749611,0.23,-1.6382910375843163,002415.SZ
2024-05-23,30.6,30.87,30.5,30.62,17117007,557705553,0.19,0.0,002415.SZ
2024-05-26,30.62,30.73,29.99,30.71,25346529,816259578,0.28,0.29392553886349315,002415.SZ
2024-05-27,30.62,30.94,30.45,30.72,13792512,449751729,0.15,0.03256268316509381,002415.SZ
2024-05-28,30.72,30.91,30.62,30.82,15451478,505011005,0.17,0.32552083333334814,002415.SZ
2024-05-29,30.68,30.92,30.48,30.78,14011223,457153960,0.15,-0.12978585334197934,002415.SZ
2024-05-30,30.82,30.91,30.69,30.74,15047384,491718849,0.17,-0.1299545159194393,002415.SZ
2024-06-02,30.84,30.89,30.49,30.78,17998610,585710448,0.2,0.13012361743658385,002415.SZ
2024-06-03,30.68,31.58,30.67,31.06,25961748,858967389,0.29,0.9096816114359862,002415.SZ
2024-06-04,31.11,31.71,31.08,31.5,33771108,1128144693,0.37,1.4166130070830674,002415.SZ
2024-06-05,31.39,31.65,31.06,31.22,21283515,705690801,0.23,-0.8888888888888946,002415.SZ
2024-06-06,31.22,31.67,30.91,31.22,24399772,810105307,0.27,0.0,002415.SZ
2024-06-10,31.03,31.6,31.01,31.58,20956394,696760269,0.23,1.153106982703389,002415.SZ
2024-06-11,31.49,31.77,30.96,30.99,28547245,948089324,0.31,-1.8682710576314099,002415.SZ
2024-06-12,30.91,30.93,30.09,30.62,34352118,1111201246,0.38,-1.1939335269441687,002415.SZ
2024-06-13,30.54,31.2,30.46,31.04,22206427,728399142,0.24,1.3716525146962644,002415.SZ
2024-06-16,30.88,31.38,30.23,30.35,35169169,1145805810,0.39,-2.222938144329889,002415.SZ
2024-06-17,30.38,30.72,30.24,30.6,16668511,540384965,0.18,0.8237232289950658,002415.SZ
2024-06-18,30.68,30.72,30.38,30.38,13356831,432066272,0.15,-0.7189542483660216,002415.SZ
2024-06-19,30.28,30.38,29.51,29.83,30242578,955747893,0.33,-1.8104015799868312,002415.SZ
2024-06-20,29.71,30.07,29.63,30.02,13613974,431623302,0.15,0.6369426751592355,002415.SZ
2024-06-23,29.96,29.96,29.47,29.62,20907374,657643649,0.23,-1.332445036642238,002415.SZ
2024-06-24,29.62,29.8,28.95,29.14,21011897,653158375,0.23,-1.620526671168132,002415.SZ
2024-06-25,29.22,29.35,28.89,29.26,21768700,672897548,0.24,0.41180507892930596,002415.SZ
2024-06-26,29.27,29.28,28.75,28.95,18062865,555156433,0.2,-1.0594668489405379,002415.SZ
2024-06-27,28.91,29.3,28.85,29.14,18162709,560939351,0.2,0.6563039723661568,002415.SZ
2024-06-30,29.15,29.18,28.66,29.04,16045312,491852575,0.18,-0.34317089910775866,002415.SZ
2024-07-01,29.04,29.19,28.31,28.39,30642204,929680366,0.34,-2.2382920110192828,002415.SZ
2024-07-02,28.42,28.56,28.15,28.44,18584986,559389453,0.2,0.17611835153223954,002415.SZ
2024-07-03,28.43,28.78,27.9,28.04,23981940,717446233,0.26,-1.406469760900153,002415.SZ
2024-07-04,27.96,28.15,27.66,28.12,15654953,463627825,0.17,0.28530670470756636,002415.SZ
2024-07-07,28.12,28.23,27.33,27.65,21406918,627815332,0.24,-1.6714082503556327,002415.SZ
2024-07-08,27.52,27.74,27.2,27.72,29027338,845499745,0.32,0.25316455696202667,002415.SZ
2024-07-09,27.66,28.01,27.45,27.73,20848737,614645702,0.23,0.03607503607503393,002415.SZ
2024-07-10,28.11,28.56,27.9,28.37,28907862,868321777,0.32,2.3079697078975947,002415.SZ
2024-07-11,28.42,28.42,28.04,28.31,17373425,521112282,0.19,-0.21149101163201456,002415.SZ
2024-07-14,28.26,28.41,28.04,28.31,13582214,407068315,0.15,0.0,002415.SZ
2024-07-15,28.26,28.56,28.11,28.51,18666955,563135440,0.2,0.7064641469445521,002415.SZ
2024-07-16,28.5,28.73,28.26,28.54,18816672,569135298,0.21,0.10522623640827344,002415.SZ
2024-07-17,28.42,28.42,27.92,28.3,21238931,635014118,0.23,-0.8409250175192673,002415.SZ
2024-07-18,28.3,28.64,28.15,28.56,21024093,634847646,0.23,0.9187279151943395,002415.SZ
2024-07-21,28.58,28.79,28.37,28.63,18828307,572049209,0.21,0.2450980392156854,002415.SZ
2024-07-22,28.51,28.56,27.88,27.88,22720105,677818406,0.25,-2.6196297589940576,002415.SZ
2024-07-23,27.85,27.94,27.31,27.64,21510237,628996831,0.24,-0.8608321377331363,002415.SZ
2024-07-24,27.52,27.65,27.26,27.62,18361337,534964279,0.2,-0.07235890014472002,002415.SZ
2024-07-25,27.62,27.86,27.44,27.85,18778803,551120913,0.21,0.8327299058653148,002415.SZ
2024-07-28,27.85,27.89,27.34,27.44,18700745,545809975,0.21,-1.4721723518851038,002415.SZ
2024-07-29,27.42,27.42,26.58,27.02,35902773,1021902891,0.39,-1.5306122448979664,002415.SZ
2024-07-30,26.86,27.53,26.7,27.4,44968530,1298984791,0.49,1.4063656550703074,002415.SZ
2024-07-31,27.41,27.5,27.01,27.12,31511866,908522134,0.35,-1.0218978102189746,002415.SZ
2024-08-01,26.87,27.09,26.73,26.75,28939930,824830396,0.32,-1.3643067846607737,002415.SZ
2024-08-04,26.6,26.81,25.89,25.95,46121049,1284586050,0.51,-2.990654205607479,002415.SZ
2024-08-05,26.11,26.3,25.96,26.14,25751085,712425213,0.28,0.7321772639691693,002415.SZ
2024-08-06,26.11,26.2,25.77,25.94,26570756,731549367,0.29,-0.7651109410864554,002415.SZ
2024-08-07,25.85,26.02,25.32,26.01,36418175,993045138,0.4,0.2698535080956077,002415.SZ
2024-08-08,26.01,26.15,25.58,25.64,21802953,597075595,0.24,-1.4225297962322192,002415.SZ
2024-08-11,25.54,25.67,25.49,25.57,16372100,443982373,0.18,-0.2730109204368225,002415.SZ
2024-08-12,25.61,25.69,25.45,25.59,18081284,490007743,0.2,0.07821666014860007,002415.SZ
2024-08-13,25.57,25.79,25.49,25.69,16462006,448447829,0.18,0.3907776475185587,002415.SZ
2024-08-14,25.6,25.96,25.55,25.87,19519599,534989977,0.21,0.7006617360840739,002415.SZ
2024-08-15,25.87,26.13,25.85,25.96,22236150,612659097,0.24,0.34789331271742885,002415.SZ
2024-08-18,25.29,25.59,25.0,25.18,61022018,1632420399,0.67,-3.004622496147924,002415.SZ
2024-08-19,25.17,25.21,24.7,24.92,33208748,876669440,0.36,-1.0325655281969714,002415.SZ
2024-08-20,24.92,25.15,24.88,25.01,17721155,470852289,0.19,0.3611556982343389,002415.SZ
2024-08-21,25.02,25.06,24.68,24.71,16928496,446284446,0.19,-1.1995201919232312,002415.SZ
2024-08-22,24.68,25.07,24.62,25.03,17201482,454244272,0.19,1.2950222581950666,002415.SZ
2024-08-25,25.15,25.16,24.63,24.87,20020363,527743980,0.22,-0.6392329204954028,002415.SZ
2024-08-26,24.8,24.83,24.51,24.64,15366539,400844450,0.17,-0.9248090068355475,002415.SZ
2024-08-27,24.58,24.78,24.54,24.7,12399104,324455858,0.14,0.24350649350648457,002415.SZ
2024-08-28,24.64,24.8,24.52,24.67,19570996,512835145,0.21,-0.12145748987852922,002415.SZ
2024-08-29,24.65,25.4,24.54,25.19,37137144,987425519,0.41,2.1078232671260633,002415.SZ
2024-09-01,25.1,25.12,24.67,24.67,21800058,574749064,0.24,-2.0643112346169112,002415.SZ
2024-09-02,24.58,24.95,24.56,24.88,19781426,521179362,0.22,0.851236319416282,002415.SZ
2024-09-03,24.79,25.12,24.71,25.02,18483073,490039918,0.2,0.562700964630225,002415.SZ
2024-09-04,25.03,25.07,24.85,24.96,18740756,495888060,0.21,-0.23980815347721673,002415.SZ
2024-09-05,24.94,25.01,24.63,24.65,14062810,369666348,0.15,-1.2419871794871917,002415.SZ
2024-09-08,24.61,24.62,23.86,23.88,33015544,846010010,0.36,-3.123732251521294,002415.SZ
2024-09-09,23.93,24.38,23.59,24.37,28046855,716034178,0.31,2.0519262981574693,002415.SZ
2024-09-10,24.21,24.37,24.05,24.25,16202422,415753504,0.18,-0.4924086992203591,002415.SZ
2024-09-11,24.26,24.46,23.81,23.82,19998053,510785343,0.22,-1.773195876288658,002415.SZ
2024-09-12,23.82,23.93,23.59,23.64,17147219,431545375,0.19,-0.7556675062972307,002415.SZ
2024-09-17,23.66,23.72,23.29,23.69,20137065,501801908,0.22,0.2115059221658333,002415.SZ
2024-09-18,23.77,23.97,23.4,23.72,27341183,687930250,0.3,0.12663571127056183,002415.SZ
2024-09-19,23.75,23.92,23.5,23.89,24269250,611454564,0.27,0.7166947723440176,002415.SZ
2024-09-22,23.88,24.09,23.81,23.89,17657690,448645675,0.19,0.0,002415.SZ
2024-09-23,24.04,24.67,23.89,24.67,40903275,1057848635,0.45,3.2649644202595196,002415.SZ
2024-09-24,25.05,26.02,25.05,25.36,66583677,1805529123,0.73,2.7969193352249677,002415.SZ
2024-09-25,25.36,26.6,25.36,26.6,61906416,1712999961,0.68,4.88958990536279,002415.SZ
2024-09-26,27.33,28.5,27.33,27.99,105462536,3120097177,1.16,5.225563909774422,002415.SZ
2024-09-29,29.24,30.46,28.84,30.44,142607287,4514701468,1.57,8.753126116470188,002415.SZ
2024-10-07,33.48,33.48,30.45,31.89,227429988,7700155093,2.5,4.7634691195795,002415.SZ
2024-10-08,31.39,31.39,29.65,29.69,118968907,3814098800,1.31,-6.898714330511124,002415.SZ
2024-10-09,29.47,30.34,29.31,29.57,79053485,2501204596,0.87,-0.4041764904008094,002415.SZ
2024-10-10,29.39,29.42,27.57,27.93,89187831,2692718942,0.98,-5.5461616503212685,002415.SZ
2024-10-13,27.93,28.98,27.82,28.67,109689143,3326150655,1.2,2.649480844969565,002415.SZ
2024-10-14,28.69,29.17,27.6,27.63,88697319,2667339897,0.97,-3.62748517614232,002415.SZ
2024-10-15,27.2,27.33,26.47,26.66,87520762,2491709058,0.96,-3.5106768005790823,002415.SZ
2024-10-16,26.83,27.01,26.36,26.38,69624915,1973198334,0.76,-1.0502625656414133,002415.SZ
2024-10-17,26.3,27.95,26.13,27.21,99998382,2854837627,1.1,3.1463229719484564,002415.SZ
2024-10-20,29.03,29.68,28.29,28.97,218849422,6743963244,2.4,6.468210216832038,002415.SZ
2024-10-21,28.94,29.21,28.29,29.07,82539861,2527713714,0.91,0.34518467380049156,002415.SZ
2024-10-22,29.08,29.36,28.85,29.13,71244704,2202560818,0.78,0.20639834881319707,002415.SZ
2024-10-23,28.97,29.03,28.61,28.9,52031288,1592052169,0.57,-0.7895640233436363,002415.SZ
2024-10-24,28.9,29.31,28.63,29.17,63722237,1960951042,0.7,0.934256055363325,002415.SZ
2024-10-27,28.74,28.85,28.37,28.85,75709547,2295201653,0.83,-1.097017483716145,002415.SZ
2024-10-28,28.86,29.11,28.56,28.79,57709867,1762534692,0.63,-0.20797227036395416,002415.SZ
2024-10-29,28.59,28.61,28.09,28.29,56587721,1699960414,0.62,-1.7367141368530792,002415.SZ
2024-10-30,28.27,28.56,27.67,28.38,56480201,1690490290,0.62,0.31813361611876534,002415.SZ
2024-10-31,28.2,28.56,28.04,28.39,46864132,1408295656,0.51,0.035236081747713754,002415.SZ
2024-11-03,28.4,29.22,28.3,29.22,65297221,2006933905,0.72,2.9235646354350164,002415.SZ
2024-11-04,29.22,29.78,28.96,29.62,79051119,2466094555,0.87,1.3689253935660561,002415.SZ
2024-11-05,29.62,29.8,29.22,29.46,76227513,2387311872,0.84,-0.540175557056044,002415.SZ
2024-11-06,29.22,30.02,29.04,30.0,64635918,2032670272,0.71,1.8329938900203624,002415.SZ
2024-11-07,30.17,30.5,29.63,29.79,71488607,2278947032,0.79,-0.7000000000000006,002415.SZ
2024-11-10,29.67,31.29,29.39,30.99,108082576,3512640391,1.19,4.028197381671705,002415.SZ
2024-11-11,31.11,31.11,30.16,30.32,73316037,2384609382,0.81,-2.161987737979987,002415.SZ
2024-11-12,30.23,30.71,29.97,30.56,59757146,1931136200,0.66,0.79155672823219,002415.SZ
2024-11-13,30.57,30.82,29.74,29.81,51233116,1647396165,0.56,-2.45418848167539,002415.SZ
2024-11-14,29.81,30.43,29.6,29.6,49872392,1587994394,0.55,-0.7044615900704376,002415.SZ
2024-11-17,29.79,29.89,28.85,28.96,56635048,1754034812,0.62,-2.1621621621621623,002415.SZ
2024-11-18,28.96,29.35,28.69,29.3,38698545,1194992641,0.42,1.1740331491712608,002415.SZ
2024-11-19,29.27,29.48,29.11,29.31,27377423,850623955,0.3,0.03412969283276279,002415.SZ
2024-11-20,29.32,29.32,28.96,29.12,25734330,795014851,0.28,-0.6482429205049378,002415.SZ
2024-11-21,29.11,29.17,28.28,28.3,37554028,1143837511,0.41,-2.815934065934067,002415.SZ
2024-11-24,28.29,28.34,27.69,27.89,32755321,973550786,0.36,-1.4487632508833892,002415.SZ
2024-11-25,27.9,28.15,27.84,27.89,18148400,538592252,0.2,0.0,002415.SZ
2024-11-26,27.82,28.3,27.76,28.3,28095857,837838461,0.31,1.4700609537468656,002415.SZ
2024-11-27,28.28,28.42,28.04,28.09,25251319,755396035,0.28,-0.7420494699646674,002415.SZ
2024-11-28,28.19,28.52,27.94,28.35,28265313,848316008,0.31,0.9255962976148169,002415.SZ
2024-12-01,28.28,28.56,28.19,28.49,45105242,1358858325,0.5,0.49382716049382047,002415.SZ
2024-12-02,28.38,28.47,28.09,28.27,31960056,956358653,0.35,-0.7722007722007707,002415.SZ
2024-12-03,28.22,28.23,27.93,27.97,26656459,793373602,0.29,-1.0611956137247969,002415.SZ
2024-12-04,27.97,28.07,27.76,28.01,25538490,756445571,0.28,0.14301036825170588,002415.SZ
2024-12-05,28.18,28.89,28.18,28.88,56027708,1699146508,0.62,3.1060335594430555,002415.SZ
2024-12-08,28.89,29.95,28.71,29.47,70747739,2216839037,0.78,2.042936288088648,002415.SZ
2024-12-09,30.98,31.07,30.1,30.13,108002370,3500129892,1.19,2.2395656599932146,002415.SZ
2024-12-10,30.13,30.26,29.55,29.7,47608072,1505249970,0.52,-1.4271490209093907,002415.SZ
2024-12-11,29.71,29.83,29.5,29.77,37941872,1194004058,0.42,0.2356902356902335,002415.SZ
2024-12-12,29.61,29.61,29.03,29.04,54036052,1676811144,0.59,-2.452133019818614,002415.SZ
2024-12-15,29.14,29.3,28.45,28.65,39977055,1216719192,0.44,-1.342975206611574,002415.SZ
2024-12-16,28.65,29.07,28.52,28.75,32758970,1002591634,0.36,0.3490401396160525,002415.SZ
2024-12-17,29.04,29.46,29.02,29.22,40744954,1264497593,0.45,1.6347826086956507,002415.SZ
2024-12-18,28.85,29.31,28.78,29.26,30141506,930938608,0.33,0.1368925393566034,002415.SZ
2024-12-19,29.23,29.29,28.98,29.11,31276152,966377288,0.34,-0.5126452494873646,002415.SZ
2024-12-22,29.11,29.3,28.84,28.96,39176631,1209473303,0.43,-0.5152868430092661,002415.SZ
2024-12-23,28.94,29.3,28.72,28.97,41383766,1274467041,0.45,0.034530386740327934,002415.SZ
2024-12-24,29.03,29.59,28.9,29.46,53222772,1656411490,0.58,1.6914049016223842,002415.SZ
2024-12-25,29.52,29.7,29.14,29.69,50349796,1578220424,0.55,0.7807196198234889,002415.SZ
2024-12-26,29.79,29.82,29.22,29.28,34561772,1079996955,0.38,-1.3809363422027654,002415.SZ
2024-12-29,29.17,29.42,29.13,29.24,28868046,897020001,0.32,-0.1366120218579292,002415.SZ
2024-12-30,29.27,29.29,28.62,28.94,51107722,1566706226,0.56,-1.0259917920656503,002415.SZ
2025-01-01,28.82,28.82,27.72,27.9,48923150,1463495012,0.54,-3.593642017968224,002415.SZ
2025-01-02,27.96,28.07,27.05,27.17,42986278,1253604684,0.47,-2.616487455197125,002415.SZ
2025-01-05,27.18,27.23,26.58,26.69,38921570,1108551659,0.43,-1.7666543982333471,002415.SZ
2025-01-06,26.7,26.84,26.58,26.78,29322272,831108845,0.32,0.33720494567253123,002415.SZ
2025-01-07,26.73,26.74,25.95,26.48,39003216,1088411640,0.43,-1.1202389843166571,002415.SZ
2025-01-08,26.39,26.78,26.28,26.51,28278615,797075235,0.31,0.11329305135951984,002415.SZ
2025-01-09,26.51,26.64,26.2,26.2,21125766,592830952,0.23,-1.1693700490381098,002415.SZ
2025-01-12,26.01,26.49,25.93,26.08,26424577,732285442,0.29,-0.45801526717557106,002415.SZ
2025-01-13,26.13,26.74,25.98,26.73,49300165,1387307111,0.54,2.4923312883435633,002415.SZ
2025-01-14,26.74,26.74,26.3,26.49,32765094,918633364,0.36,-0.8978675645342382,002415.SZ
2025-01-15,26.52,26.83,26.35,26.51,27525693,776562239,0.302,0.07550018875048803,002415.SZ
2025-01-16,26.41,26.74,26.3,26.58,21510213,605876404,0.236,0.26405130139568467,002415.SZ
2025-01-19,26.74,26.9,26.6,26.66,30135504,854751256,0.331,0.3009781790820343,002415.SZ
2025-01-20,26.78,26.84,26.58,26.76,22956651,650598905,0.252,0.3750937734433579,002415.SZ
2025-01-21,26.76,26.94,26.42,26.83,32526726,921169919,0.357,0.261584454409558,002415.SZ
2025-01-22,27.1,27.28,26.78,26.99,35126215,1006360881,0.386,0.5963473723443968,002415.SZ
2025-01-23,26.86,27.4,26.82,27.35,37373278,1078910142,0.41,1.3338273434605474,002415.SZ
2025-01-26,27.46,27.57,27.27,27.36,26862311,780936490,0.295,0.0365630712979792,002415.SZ
2025-02-04,27.85,28.47,27.6,28.28,70403781,2104193843,0.773,3.3625730994152114,002415.SZ
2025-02-05,28.18,28.7,27.96,28.63,56296911,1696165830,0.618,1.2376237623762387,002415.SZ
2025-02-06,28.63,29.24,28.61,29.11,81288906,2499200984,0.893,1.6765630457562075,002415.SZ
2025-02-09,29.11,29.46,28.91,29.27,55315692,1715151422,0.607,0.5496392992099031,002415.SZ
2025-02-10,29.31,29.77,29.12,29.43,58968657,1847552661,0.648,0.5466347796378557,002415.SZ
2025-02-11,29.42,29.42,28.84,29.14,55200448,1700023222,0.606,-0.9853890587835479,002415.SZ
2025-02-12,29.13,29.13,28.56,28.74,45233542,1384001654,0.497,-1.3726835964310347,002415.SZ
2025-02-13,28.73,30.02,28.65,29.73,68374600,2136041244,0.751,3.4446764091858206,002415.SZ
2025-02-16,30.05,30.07,29.6,29.77,45227279,1429731248,0.497,0.1345442314160783,002415.SZ
2025-02-17,29.75,30.79,29.62,30.26,105307854,3400549816,1.157,1.6459523009741517,002415.SZ
2025-02-18,30.16,30.46,29.89,30.4,51403468,1648753115,0.565,0.46265697290150953,002415.SZ
2025-02-19,30.34,30.89,30.14,30.25,39461081,1272685902,0.433,-0.49342105263157077,002415.SZ
2025-02-20,30.26,30.89,30.24,30.81,64066287,2081999872,0.704,1.8512396694214894,002415.SZ
2025-02-23,30.31,30.91,29.83,30.02,110366637,3547916721,1.212,-2.564102564102566,002415.SZ
2025-02-24,29.65,29.65,29.08,29.31,74326358,2315056405,0.816,-2.365089940039977,002415.SZ
2025-02-25,29.31,29.49,29.06,29.42,49481104,1534882050,0.543,0.3752985329239289,002415.SZ
2025-02-26,29.38,29.6,28.79,29.17,48379944,1497388767,0.531,-0.8497620666213512,002415.SZ
2025-02-27,29.16,29.33,28.37,28.41,42924766,1311411081,0.471,-2.605416523825854,002415.SZ
2025-03-02,28.46,29.05,28.46,28.77,35372720,1080968524,0.388,1.2671594508975703,002415.SZ
2025-03-03,28.68,29.17,28.56,29.08,39154421,1205393873,0.43,1.0775112964893863,002415.SZ
2025-03-04,29.03,29.49,28.99,29.37,36964482,1145942745,0.406,0.9972489683631514,002415.SZ
2025-03-05,29.49,31.82,29.46,31.67,179293813,5881985951,1.969,7.8311201906707595,002415.SZ
2025-03-06,31.17,32.11,31.09,31.63,102924926,3451111466,1.13,-0.126302494474273,002415.SZ
2025-03-09,31.47,31.85,30.83,31.7,66376885,2208007668,0.729,0.22130888397091653,002415.SZ
2025-03-10,31.26,31.55,30.92,31.23,51378793,1698320830,0.564,-1.4826498422712886,002415.SZ
2025-03-11,31.27,31.71,31.11,31.37,40867584,1363500369,0.449,0.44828690361831125,002415.SZ
2025-03-12,31.2,31.75,30.9,31.26,39195867,1299112201,0.43,-0.35065349059610895,002415.SZ
2025-03-13,31.07,31.46,30.99,31.44,45902836,1521541841,0.504,0.5758157389635254,002415.SZ
2025-03-16,31.37,31.62,31.24,31.44,34218688,1142088881,0.376,0.0,002415.SZ
2025-03-17,31.72,31.92,31.29,31.45,33728784,1131126681,0.37,0.03180661577606436,002415.SZ
2025-03-18,31.45,31.67,31.21,31.39,26741557,892369833,0.294,-0.1907790143084176,002415.SZ
2025-03-19,31.4,31.46,29.97,30.06,71786208,2318088758,0.788,-4.237018158649253,002415.SZ
2025-03-20,30.02,30.11,29.47,29.53,35506259,1118983883,0.39,-1.763140385894868,002415.SZ
2025-03-23,29.54,29.87,29.18,29.61,27245750,853325086,0.299,0.2709109380291119,002415.SZ
2025-03-24,29.61,29.69,29.38,29.45,17058347,534154784,0.187,-0.5403579871664954,002415.SZ
2025-03-25,29.61,29.62,29.14,29.22,22827820,709255664,0.251,-0.7809847198641751,002415.SZ
2025-03-26,29.22,29.53,29.05,29.3,22897847,712614509,0.251,0.2737850787132068,002415.SZ
2025-03-27,29.29,29.38,29.17,29.19,14384854,446367995,0.158,-0.3754266211604129,002415.SZ
2025-03-30,29.13,29.3,28.41,28.94,35216775,1074925785,0.387,-0.8564576909900645,002415.SZ
2025-03-31,28.96,28.99,28.48,28.71,32659176,995154265,0.359,-0.7947477539737458,002415.SZ
2025-04-01,28.74,28.75,28.48,28.59,22738957,689268728,0.25,-0.4179728317659337,002415.SZ
2025-04-02,28.39,28.54,28.09,28.19,31997100,958766000,0.351,-1.3990905911157703,002415.SZ
2025-04-06,26.96,27.14,25.51,26.29,74091233,2080174825,0.814,-6.739978715856698,002415.SZ
2025-04-07,26.35,27.01,25.95,26.48,57401842,1607649749,0.63,0.7227082540890217,002415.SZ
2025-04-08,26.38,26.68,26.04,26.55,65288510,1829621888,0.717,0.26435045317221295,002415.SZ
2025-04-09,26.79,27.31,26.63,27.17,49210152,1412761969,0.54,2.335216572504706,002415.SZ
2025-04-10,26.96,27.17,26.57,26.86,41922274,1194632599,0.46,-1.1409642988590485,002415.SZ
2025-04-13,27.15,27.38,27.01,27.05,30530567,879383110,0.335,0.7073715562174288,002415.SZ
2025-04-14,27.05,27.1,26.68,26.94,23901190,679860099,0.262,-0.4066543438077663,002415.SZ
2025-04-15,26.87,26.87,26.4,26.73,30763442,867674333,0.338,-0.7795100222717233,002415.SZ
2025-04-16,26.58,26.72,26.53,26.59,27324176,771904147,0.3,-0.5237560793116325,002415.SZ
2025-04-17,26.58,26.76,26.41,26.74,20847247,587956611,0.229,0.5641218503196654,002415.SZ
2025-04-20,26.94,27.68,26.82,27.22,42867059,1240657672,0.471,1.7950635751682986,002415.SZ
2025-04-21,27.15,27.23,26.72,26.85,32223655,920091094,0.354,-1.3592946362968261,002415.SZ
2025-04-22,26.99,27.04,26.75,26.84,30732248,875683138,0.338,-0.03724394785847851,002415.SZ
2025-04-23,26.88,26.97,26.56,26.7,32617815,924434718,0.358,-0.5216095380029873,002415.SZ
2025-04-24,26.69,26.7,26.51,26.56,33332666,940056714,0.366,-0.524344569288393,002415.SZ
2025-04-27,26.56,26.62,26.41,26.45,26372329,741662946,0.29,-0.4141566265060237,002415.SZ
2025-04-28,26.45,26.58,26.32,26.52,17870823,502173920,0.196,0.2646502835538689,002415.SZ
2025-04-29,26.53,26.68,26.49,26.59,23129660,652806908,0.254,0.2639517345399689,002415.SZ
2025-05-05,26.72,27.17,26.68,27.17,38826813,1110450580,0.426,2.1812711545693864,002415.SZ
2025-05-06,27.38,27.59,27.0,27.18,34500782,996400272,0.379,0.03680529996319404,002415.SZ
2025-05-07,27.03,27.33,27.02,27.26,26358218,762003276,0.289,0.29433406916852256,002415.SZ
2025-05-08,27.26,27.26,26.9,27.0,22194801,636217185,0.244,-0.9537784299339713,002415.SZ
2025-05-11,27.14,27.29,27.0,27.28,34235231,987151433,0.376,1.0370370370370363,002415.SZ
2025-05-12,27.59,27.61,27.08,27.17,31152687,901057999,0.342,-0.40322580645161255,002415.SZ
2025-05-13,27.17,27.41,27.05,27.34,31825935,919245156,0.35,0.6256900993742986,002415.SZ
2025-05-14,27.32,27.32,27.08,27.14,20099559,578986285,0.221,-0.7315288953913646,002415.SZ
2025-05-15,27.05,27.2,26.91,27.15,16930451,486869069,0.186,0.03684598378776993,002415.SZ
2025-05-18,27.16,27.2,26.97,27.12,19415184,557555180,0.213,-0.11049723756905161,002415.SZ
2025-05-19,27.15,27.24,26.95,27.22,25877848,726235946,0.284,0.36873156342183133,002415.SZ
2025-05-20,27.22,27.69,27.16,27.51,30361429,861690465,0.333,1.065393093313749,002415.SZ
2025-05-21,27.44,27.49,27.26,27.35,19357835,548167946,0.213,-0.5816066884769211,002415.SZ
2025-05-22,27.33,27.43,27.17,27.22,23755323,671120233,0.261,-0.4753199268738628,002415.SZ
2025-05-25,27.22,27.31,27.09,27.28,18936921,532483963,0.208,0.22042615723734116,002415.SZ
2025-05-26,27.2,27.22,27.01,27.16,18594499,521531861,0.204,-0.4398826979472137,002415.SZ
2025-05-27,27.15,27.22,27.05,27.06,16116189,452466042,0.177,-0.3681885125184192,002415.SZ
2025-05-28,27.12,27.38,27.06,27.32,23610739,666452365,0.259,0.9608277900960971,002415.SZ
2025-05-29,27.23,27.26,27.1,27.18,15228872,428402303,0.167,-0.512445095168379,002415.SZ
2025-06-02,27.09,27.23,26.98,27.09,21592839,605673851,0.237,-0.3311258278145712,002415.SZ
2025-06-03,27.13,27.33,27.1,27.29,20005757,564200164,0.22,0.7382798080472375,002415.SZ
2025-06-04,27.33,27.56,27.24,27.51,26559462,753867583,0.292,0.8061561011359464,002415.SZ
2025-06-05,27.58,27.68,27.35,27.58,23292626,663638201,0.256,0.2544529262086481,002415.SZ
2025-06-08,27.6,27.68,27.39,27.49,36301550,1033706099,0.399,-0.32632342277012505,002415.SZ
2025-06-09,27.49,27.49,27.02,27.18,39311829,1106474618,0.432,-1.1276827937431788,002415.SZ
2025-06-10,27.18,27.32,27.09,27.17,33289079,936562782,0.366,-0.03679175864605977,002415.SZ
2025-06-11,27.14,27.14,26.87,27.04,38373174,1071476922,0.421,-0.4784688995215447,002415.SZ
2025-06-12,26.96,26.99,26.75,26.82,37660872,1045624846,0.414,-0.8136094674556116,002415.SZ
2025-06-15,26.68,26.83,26.48,26.65,45667750,1258522079,0.502,-0.6338553318419149,002415.SZ
2025-06-16,26.58,26.72,26.51,26.68,20525407,566029533,0.225,0.11257035647280755,002415.SZ
2025-06-17,26.68,26.72,26.52,26.71,18574639,512527938,0.204,0.11244377811094886,002415.SZ
2025-06-18,26.64,26.68,26.37,26.52,30540453,837238378,0.335,-0.7113440658929271,002415.SZ
2025-06-19,26.4,26.51,26.32,26.34,20800055,568151399,0.228,-0.6787330316742057,002415.SZ
2025-06-22,26.13,26.42,26.1,26.39,19887937,540488460,0.218,0.18982536066818323,002415.SZ
2025-06-23,26.45,26.7,26.38,26.67,28127600,774094086,0.309,1.0610079575596787,002415.SZ
2025-06-24,26.71,26.88,26.6,26.87,32056602,887219822,0.352,0.7499062617172925,002415.SZ
2025-06-25,26.86,27.03,26.61,26.65,31480830,871626807,0.346,-0.8187569780424342,002415.SZ
2025-06-26,26.65,26.9,26.63,26.7,28215365,780884763,0.31,0.18761726078799779,002415.SZ
2025-06-29,26.11,26.84,26.11,26.79,44230073,1215035054,0.486,0.3370786516853963,002415.SZ
2025-06-30,26.66,26.69,26.45,26.6,32806540,901660675,0.36,-0.7092198581560183,002415.SZ
2025-07-01,26.57,26.64,26.45,26.58,21287180,584614298,0.234,-0.07518796992482812,002415.SZ
2025-07-02,26.56,26.82,26.53,26.77,32689225,905049835,0.359,0.7148231753197898,002415.SZ
2025-07-03,26.78,26.86,26.65,26.67,29922600,828603656,0.329,-0.37355248412400677,002415.SZ
2025-07-06,26.68,26.68,26.47,26.5,22958675,629863850,0.252,-0.637420322459703,002415.SZ
2025-07-07,26.51,26.71,26.51,26.68,25614982,706339654,0.281,0.6792452830188589,002415.SZ
2025-07-08,26.69,26.83,26.62,26.74,32650256,903779821,0.359,0.2248875562218755,002415.SZ
2025-07-09,26.72,26.92,26.62,26.84,30483456,844228428,0.335,0.37397157816005944,002415.SZ
2025-07-10,26.85,27.1,26.85,26.95,48918413,1366329581,0.537,0.4098360655737654,002415.SZ
2025-07-13,26.95,26.97,26.78,26.82,28636688,795812813,0.314,-0.48237476808905555,002415.SZ
2025-07-14,26.82,27.0,26.69,26.98,46228837,1284598501,0.508,0.5965697240865042,002415.SZ
2025-07-15,26.87,26.91,26.74,26.78,36651762,1017030735,0.403,-0.7412898443291294,002415.SZ
2025-07-16,26.78,27.03,26.71,26.99,44850193,1248362421,0.493,0.7841672890216422,002415.SZ
2025-07-17,27.04,27.21,26.97,27.06,42985575,1205792653,0.472,0.2593553167840046,002415.SZ
2025-07-20,27.13,27.33,27.06,27.19,44539432,1251130075,0.489,0.48041389504804854,002415.SZ
2025-07-21,27.18,27.53,27.07,27.44,63659303,1798929052,0.699,0.9194556822361255,002415.SZ
2025-07-22,27.45,27.82,27.24,27.31,65732297,1873084918,0.722,-0.4737609329446113,002415.SZ
2025-07-23,27.29,27.67,27.26,27.67,48612625,1383918300,0.534,1.3181984621018161,002415.SZ
2025-07-24,27.75,27.84,27.62,27.69,38655315,1108600549,0.425,0.07228044813878398,002415.SZ
2025-07-27,27.78,27.84,27.49,27.62,46419583,1328452395,0.51,-0.2527988443481455,002415.SZ
2025-07-28,27.53,27.62,27.28,27.59,44379737,1261139263,0.487,-0.10861694424331159,002415.SZ
2025-07-29,27.58,27.72,27.29,27.52,48365182,1378418518,0.531,-0.25371511417180415,002415.SZ
2025-07-30,27.48,27.5,27.05,27.15,54243077,1530864325,0.596,-1.3444767441860517,002415.SZ
2025-07-31,27.3,28.56,27.15,28.12,130564407,3793419997,1.434,3.572744014732976,002415.SZ
2025-08-03,27.78,28.16,27.41,27.6,114128187,3266338733,1.252,-1.849217638691325,002415.SZ
2025-08-04,27.69,28.39,27.69,28.34,107630133,3133436709,1.181,2.681159420289858,002415.SZ
2025-08-05,28.31,28.67,28.22,28.29,79940445,2351431325,0.877,-0.17642907551164155,002415.SZ
2025-08-06,28.32,28.77,28.11,28.16,65613285,1923263400,0.72,-0.4595263343937783,002415.SZ
2025-08-07,28.21,28.24,27.78,27.79,51256720,1479854188,0.562,-1.3139204545454586,002415.SZ
2025-08-10,27.82,27.99,27.72,27.87,49379449,1424360683,0.542,0.28787333573228047,002415.SZ
2025-08-11,28.1,28.63,28.06,28.26,66891599,1961048829,0.734,1.3993541442411273,002415.SZ
2025-08-12,28.31,28.64,28.24,28.52,65516999,1931536929,0.719,0.9200283085633254,002415.SZ
2025-08-13,28.5,28.64,28.11,28.2,57326820,1685314835,0.629,-1.1220196353436185,002415.SZ
2025-08-14,28.18,28.56,28.17,28.56,56637891,1663746389,0.621,1.2765957446808418,002415.SZ
2025-08-17,28.61,29.47,28.6,29.0,109384547,3296400497,1.2,1.540616246498594,002415.SZ
2025-08-18,29.0,29.15,28.79,28.85,57784483,1729825288,0.634,-0.5172413793103403,002415.SZ
2025-08-19,28.79,29.17,28.61,29.17,60242515,1805583308,0.6609,1.109185441941074,002415.SZ
2025-08-20,29.25,29.71,29.03,29.3,70048326,2130708778,0.7685,0.4456633527596843,002415.SZ
2025-08-21,29.22,30.09,29.14,30.04,99802967,3073840134,1.095,2.5255972696245577,002415.SZ
2025-08-24,30.41,30.48,29.77,30.12,102105891,3180160109,1.1202,0.26631158455392434,002415.SZ
2025-08-25,29.96,30.4,29.83,30.22,67290054,2102228950,0.7383,0.33200531208499307,002415.SZ
2025-08-26,30.48,31.18,29.77,29.8,117736600,3726441579,1.2917,-1.389808074123089,002415.SZ
2025-08-27,29.77,30.24,29.37,30.12,90716760,2803129928,0.9953,1.0738255033557076,002415.SZ
2025-08-28,30.12,30.51,30.0,30.11,86500233,2709144478,0.949,-0.033200531208499307,002415.SZ
2025-08-31,30.14,30.26,29.76,30.09,69932677,2171963597,0.7672,-0.06642311524410749,002415.SZ
2025-09-01,30.03,30.13,29.23,29.6,75306939,2310385500,0.8262,-1.6284479893652337,002415.SZ
2025-09-02,29.61,29.83,28.75,28.89,64823677,1956421186,0.7112,-2.398648648648649,002415.SZ
2025-09-03,28.97,29.05,27.95,28.31,74905648,2197851399,0.8218,-2.007615091727244,002415.SZ
2025-09-04,28.31,28.65,28.01,28.62,55723637,1637903223,0.6114,1.0950194277640435,002415.SZ
2025-09-07,28.63,29.64,28.63,29.3,74952066,2269926293,0.8223,2.375960866526894,002415.SZ
2025-09-08,29.3,29.3,28.98,29.16,45418683,1369352609,0.5021,-0.4778156996587013,002415.SZ
2025-09-09,29.27,29.66,28.93,29.18,49545198,1499729561,0.5477,0.0685871056241405,002415.SZ
2025-09-10,29.16,29.84,29.06,29.84,69017208,2110916726,0.7629,2.2618231665524346,002415.SZ
2025-09-11,29.93,30.25,29.7,29.71,70497789,2187807278,0.7793,-0.43565683646111797,002415.SZ
2025-09-14,29.7,29.84,29.28,29.46,49098976,1498757341,0.5427,-0.8414675193537557,002415.SZ
2025-09-15,29.38,29.91,29.28,29.82,52135558,1599359738,0.5763,1.2219959266802416,002415.SZ
2025-09-16,29.82,29.91,29.35,29.71,48006194,1472246994,0.5307,-0.36887994634473564,002415.SZ
2025-09-17,29.71,31.01,29.55,29.87,119137259,3727138853,1.317,0.5385392123864019,002415.SZ
2025-09-18,29.87,30.01,29.62,29.67,57449779,1770162061,0.6351,-0.6695681285570743,002415.SZ
2025-09-21,29.61,29.73,29.18,29.38,56041671,1704414625,0.6195,-0.977418267610386,002415.SZ
2025-09-22,29.38,29.62,28.87,29.26,58540738,1768501191,0.6471,-0.4084411164057111,002415.SZ
2025-09-23,29.16,29.99,29.0,29.92,80514666,2460617369,0.89,2.2556390977443552,002415.SZ
2025-09-24,29.95,30.43,29.83,30.18,76454546,2388389970,0.8451,0.8689839572192382,002415.SZ
2025-09-25,30.13,30.28,29.52,29.62,55166826,1702939762,0.6098,-1.8555334658714284,002415.SZ
2025-09-28,29.62,30.24,29.19,30.16,65929399,2025428182,0.7288,1.823092505064139,002415.SZ
2025-09-29,30.16,30.81,30.03,30.45,78501363,2470207367,0.8678,0.9615384615384581,002415.SZ
2025-10-08,30.72,33.49,30.72,33.01,291095522,9883137909,3.2178,8.4072249589491,002415.SZ
2025-10-09,33.02,33.71,32.52,33.15,192092499,6529742130,2.1234,0.42411390487731015,002415.SZ
2025-10-12,32.01,32.82,31.59,32.61,154199912,5075046931,1.7045,-1.6289592760180938,002415.SZ
2025-10-13,32.77,34.0,32.31,32.5,139943219,4740161991,1.5469,-0.3373198405397071,002415.SZ
2025-10-14,32.37,33.05,31.83,32.62,102301172,3391789504,1.1308,0.36923076923076614,002415.SZ
2025-10-15,32.46,33.45,32.06,32.65,100157146,3341044489,1.1071,0.09196811771918778,002415.SZ
2025-10-16,32.6,33.33,31.9,32.32,116180306,3857658497,1.2843,-1.0107197549770186,002415.SZ
2025-10-19,33.13,33.24,31.33,31.63,127913183,4186908902,1.414,-2.134900990099009,002415.SZ
2025-10-20,31.63,32.05,31.5,31.85,75199461,2449246070,0.8313,0.6955422067657313,002415.SZ
2025-10-21,31.58,32.85,31.24,32.72,100321456,3304836689,1.109,2.731554160125582,002415.SZ
2025-10-22,32.62,32.94,32.02,32.68,70412997,2343588102,0.7784,-0.12224938875304847,002415.SZ
2025-10-23,32.68,33.09,32.43,32.54,71580595,2391640133,0.7913,-0.4283965728274164,002415.SZ
2025-10-26,32.87,33.51,32.63,33.14,94747722,3206845211,1.0473,1.8438844499078177,002415.SZ
2025-10-27,32.8,32.98,32.21,32.24,74750881,2489095790,0.8263,-2.715751357875673,002415.SZ
2025-10-28,32.36,32.69,32.27,32.6,50588481,1680721443,0.5592,1.1166253101736912,002415.SZ
2025-10-29,32.53,33.19,32.36,32.47,75104552,2513012909,0.8302,-0.3987730061349781,002415.SZ
2025-10-30,32.36,32.91,32.06,32.13,73380725,2432170771,0.8112,-1.0471204188481575,002415.SZ
2025-11-02,32.14,32.41,31.34,31.87,59034023,1917342461,0.6526,-0.8092125739184608,002415.SZ
2025-11-03,31.82,31.9,30.8,31.08,62853368,2009488489,0.6948,-2.4788202070913146,002415.SZ
2025-11-04,30.75,30.92,30.36,30.79,58225187,1825640598,0.6436,-0.9330759330759331,002415.SZ
2025-11-05,30.99,31.23,30.89,31.09,45062832,1432288356,0.4981,0.9743423189347178,002415.SZ
2025-11-06,30.84,30.96,30.65,30.67,39681247,1249820794,0.4386,-1.3509166934705608,002415.SZ
2025-11-09,30.67,31.23,30.67,31.1,41366332,1312089108,0.4573,1.402021519400054,002415.SZ
2025-11-10,31.1,31.26,30.91,31.01,36548961,1161834960,0.404,-0.2893890675241151,002415.SZ
2025-11-11,30.84,30.98,30.41,30.72,37316878,1174338136,0.4125,-0.9351821992905629,002415.SZ
2025-11-12,30.69,31.23,30.66,30.98,37703415,1197168605,0.4168,0.8463541666666741,002415.SZ
2025-11-13,30.79,30.87,30.61,30.61,36440923,1145330572,0.4028,-1.1943189154293155,002415.SZ
2025-11-16,30.5,30.58,29.78,29.78,63141990,1941162273,0.698,-2.7115321790264546,002415.SZ
2025-11-17,29.77,30.1,29.7,30.04,33843907,1037641324,0.3741,0.8730691739422314,002415.SZ
2025-11-18,30.04,30.21,29.6,29.74,28458735,869432614,0.3146,-0.9986684420772329,002415.SZ
2025-11-19,29.94,30.0,29.53,29.55,22881226,696969113,0.2529,-0.6388702084734299,002415.SZ
2025-11-20,29.29,29.67,29.13,29.15,41085567,1231660319,0.4542,-1.3536379018612599,002415.SZ
2025-11-23,29.23,29.41,29.03,29.19,40630416,1214858258,0.4491,0.13722126929676115,002415.SZ
2025-11-24,29.42,29.74,29.29,29.32,45432220,1371641367,0.5022,0.44535799931482156,002415.SZ
2025-11-25,29.35,29.4,29.18,29.23,29928875,896599313,0.3308,-0.30695770804911593,002415.SZ
2025-11-26,29.3,29.35,29.04,29.06,29737424,888837157,0.3287,-0.581594252480333,002415.SZ
2025-11-27,29.06,29.36,28.97,29.35,25531109,761711725,0.2822,0.9979353062629093,002415.SZ
2025-11-30,29.34,29.89,29.26,29.89,42357906,1285247627,0.4682,1.8398637137989837,002415.SZ
2025-12-01,29.82,29.99,29.67,29.83,25369000,773849370,0.2804,-0.20073603211777646,002415.SZ
2025-12-02,29.8,29.86,29.55,29.66,20861567,633782017,0.2306,-0.5698960777740458,002415.SZ
2025-12-03,29.62,29.86,29.56,29.67,18438196,559477072,0.2038,0.03371544167229956,002415.SZ
2025-12-04,29.67,29.7,29.19,29.39,39751051,1193536336,0.4394,-0.9437141894169221,002415.SZ
2025-12-07,29.47,29.97,29.46,29.75,42477281,1293161198,0.4695,1.2249064307587654,002415.SZ
2025-12-08,29.72,29.74,29.27,29.32,35184985,1058664976,0.3889,-1.4453781512605013,002415.SZ
2025-12-09,29.32,29.43,29.08,29.33,24783061,740775488,0.274,0.03410641200545239,002415.SZ
2025-12-10,29.36,29.42,28.69,28.74,42561847,1263635595,0.4705,-2.011592226389358,002415.SZ
2025-12-11,28.74,29.02,28.48,28.96,49128113,1445998277,0.5431,0.7654836464857429,002415.SZ
2025-12-14,28.76,28.91,28.35,28.37,43488694,1271943119,0.4807,-2.037292817679559,002415.SZ
2025-12-15,28.35,28.37,27.97,28.05,35446543,1018006502,0.3918,-1.1279520620373629,002415.SZ
2025-12-16,28.05,28.53,28.01,28.42,26961175,779553415,0.298,1.3190730837789655,002415.SZ
2025-12-17,28.31,28.54,28.25,28.37,21735110,632012644,0.2403,-0.17593244194229474,002415.SZ
2025-12-18,28.44,28.69,28.44,28.53,25116793,734364021,0.2776,0.5639760310186759,002415.SZ
2025-12-21,28.59,28.72,28.43,28.5,33966100,992189726,0.3755,-0.1051524710830698,002415.SZ
2025-12-22,28.5,28.67,28.3,28.49,30235474,880879443,0.3342,-0.035087719298254605,002415.SZ
2025-12-23,28.45,28.79,28.37,28.67,31494145,922046481,0.3481,0.6318006318006386,002415.SZ
2025-12-24,28.68,29.0,28.64,28.96,36113503,1066941016,0.3992,1.0115102895012162,002415.SZ
2025-12-25,28.95,29.36,28.9,29.15,40172140,1197977496,0.4441,0.6560773480662974,002415.SZ
2025-12-28,29.15,29.22,28.87,28.93,30591067,908336075,0.3382,-0.7547169811320753,002415.SZ
2025-12-29,28.85,29.27,28.8,29.18,27017127,804085746,0.2986,0.8641548565502921,002415.SZ
2025-12-30,29.18,29.25,28.96,29.17,33021376,983772805,0.365,-0.03427004797805777,002415.SZ
2026-01-04,29.21,29.44,29.2,29.33,54303058,1629147314,0.6003,0.5485087418580559,002415.SZ
2026-01-05,29.36,29.72,29.25,29.71,50362262,1522876620,0.5567,1.2956017729287561,002415.SZ
2026-01-06,29.78,29.82,29.33,29.39,50324183,1518569595,0.5563,-1.0770784247728038,002415.SZ
2026-01-07,29.34,29.54,29.2,29.34,40319400,1210748014,0.4457,-0.17012589316094395,002415.SZ
2026-01-08,29.31,29.62,29.23,29.58,46610524,1404991697,0.5152,0.8179959100204526,002415.SZ
2026-01-11,29.81,31.14,29.8,30.93,117704345,3693297953,1.3011,4.563894523326573,002415.SZ
2026-01-12,31.13,31.16,30.08,30.18,89939100,2803787613,0.9942,-2.424830261881672,002415.SZ
2026-01-13,30.32,31.28,30.32,30.72,108964251,3435757192,1.2045,1.7892644135188762,002415.SZ
2026-01-14,30.55,30.83,30.38,30.59,55622132,1739516760,0.6149,-0.42317708333332593,002415.SZ
2026-01-15,30.71,30.76,30.06,30.3,65137451,2020580355,0.72,-0.9480222294867557,002415.SZ
2026-01-18,30.3,30.56,30.16,30.31,45917919,1424836546,0.5076,0.03300330033002563,002415.SZ
2026-01-19,30.36,30.52,29.9,30.44,55312870,1706945444,0.6114,0.42890135268889296,002415.SZ
2026-01-20,31.31,32.25,31.1,31.87,189209367,6133973288,2.0915,4.697766097240463,002415.SZ
2026-01-21,31.97,32.05,31.29,31.37,85897882,2772982982,0.9495,-1.5688735487919714,002415.SZ
2026-01-22,31.37,31.7,31.2,31.23,74342427,2385282978,0.8218,-0.44628626075868816,002415.SZ
2026-01-25,31.33,31.7,30.76,31.58,98214737,3143057140,1.0857,1.1207172590457892,002415.SZ
2026-01-26,31.48,31.54,31.09,31.18,57429669,1838612958,0.6348,-1.266624445851805,002415.SZ
2026-01-27,31.24,31.59,31.11,31.31,60617298,1943330058,0.6701,0.41693393200770146,002415.SZ
2026-01-28,31.31,31.73,31.14,31.48,76072830,2447988226,0.8409,0.542957521558618,002415.SZ
2026-01-29,31.26,31.45,30.48,30.63,71684201,2264810055,0.7924,-2.7001270648030595,002415.SZ
2026-02-01,30.6,31.1,30.53,30.9,69919131,2206702950,0.7729,0.8814887365328206,002415.SZ
2026-02-02,30.9,31.14,30.15,31.14,65892547,2068478963,0.7284,0.7766990291262266,002415.SZ
2026-02-03,30.9,31.25,30.55,31.21,47790609,1512058964,0.5283,0.22479126525369875,002415.SZ
2026-02-04,30.89,31.93,30.85,31.77,92244938,2991347050,1.0197,1.7942966997757104,002415.SZ
2026-02-05,31.57,31.98,31.54,31.91,58649694,1909525723,0.6483,0.4406672961913882,002415.SZ
2026-02-08,32.06,32.1,31.62,31.81,50971898,1656336392,0.5634,-0.3133813851457279,002415.SZ
2026-02-09,31.82,32.34,31.67,32.12,52396597,1720479925,0.5792,0.9745363093366821,002415.SZ
2026-02-10,32.07,32.16,31.64,31.67,41471351,1348595724,0.4584,-1.400996264009946,002415.SZ
2026-02-11,31.65,31.93,31.6,31.76,38172063,1241747088,0.422,0.2841806125670976,002415.SZ
2026-02-12,31.67,31.97,31.48,31.65,31770425,1033018335,0.3512,-0.34634760705291034,002415.SZ
2026-02-23,31.85,32.15,31.54,31.61,38146143,1240962279,0.4217,-0.1263823064770908,002415.SZ
2026-02-24,31.59,31.78,31.13,31.21,53525933,1721294073,0.5917,-1.2654223347042026,002415.SZ
2026-02-25,31.15,31.27,30.5,30.85,65740354,2068034156,0.7267,-1.153476449855817,002415.SZ
2026-02-26,30.69,30.74,30.44,30.73,39916641,1249090105,0.4412,-0.3889789303079483,002415.SZ
2026-03-01,30.31,30.7,30.12,30.46,48418999,1508143165,0.5352,-0.8786202408070265,002415.SZ
2026-03-02,30.48,30.58,29.57,29.63,74135596,2262977958,0.8195,-2.7248850952068304,002415.SZ
2026-03-03,29.36,29.86,29.28,29.58,42789610,1294295425,0.473,-0.1687478906513662,002415.SZ
2026-03-04,29.92,30.2,29.91,30.07,36805558,1131908757,0.4069,1.656524678837057,002415.SZ
2026-03-05,29.8,30.39,29.78,30.37,27243868,842767524,0.3012,0.9976720984369747,002415.SZ
2026-03-08,29.92,30.49,29.76,30.46,41295200,1273101780,0.4565,0.29634507737898996,002415.SZ
2026-03-09,30.6,30.67,30.35,30.62,31038825,969915239,0.3431,0.5252790544977071,002415.SZ
2026-03-10,30.64,30.99,30.48,30.94,38285918,1207713257,0.4232,1.045068582625741,002415.SZ
2026-03-11,30.82,31.21,30.74,31.2,34586215,1095703457,0.3823,0.8403361344537785,002415.SZ
2026-03-12,30.98,31.3,30.91,31.22,36707395,1170137176,0.4058,0.06410256410256387,002415.SZ
2026-03-15,31.2,31.32,30.92,31.05,31416117,998942291,0.3473,-0.5445227418321541,002415.SZ
2026-03-16,31.1,31.33,30.81,30.91,34872542,1109175278,0.3855,-0.45088566827697907,002415.SZ
2026-03-17,30.9,31.48,30.48,31.45,49430816,1569298078,0.5464,1.7470074409576153,002415.SZ
2026-03-18,31.18,31.28,30.43,30.55,43323182,1363673588,0.4789,-2.861685214626386,002415.SZ
2026-03-19,30.57,30.91,30.47,30.6,31569796,991088741,0.349,0.16366612111293755,002415.SZ
2026-03-22,29.95,30.38,29.28,29.34,47952087,1458279264,0.5301,-4.117647058823537,002415.SZ
2026-03-23,29.7,29.8,28.9,29.6,41866836,1256810299,0.4628,0.8861622358554921,002415.SZ
2026-03-24,29.6,30.14,29.53,30.09,31597727,968493465,0.3493,1.655405405405408,002415.SZ
2026-03-25,30.04,30.3,29.49,29.69,28777667,881257877,0.3181,-1.3293452974410092,002415.SZ
2026-03-26,29.39,29.91,29.36,29.67,19770966,601179615,0.2185,-0.0673627484001349,002415.SZ
2026-03-29,29.33,29.87,28.93,29.84,34865263,1045696923,0.3854,0.5729693292888305,002415.SZ
2026-03-30,29.67,29.99,29.58,29.74,23340712,712089885,0.258,-0.33512064343164116,002415.SZ
2026-03-31,30.06,30.15,29.83,30.03,21174877,649690395,0.2341,0.975117686617355,002415.SZ
2026-04-01,30.03,30.17,29.52,29.72,24219766,737731057,0.2677,-1.0323010323010418,002415.SZ
2026-04-02,29.8,29.96,29.51,29.59,19636378,596933456,0.2171,-0.4374158815612317,002415.SZ
2026-04-06,29.59,29.81,29.25,29.52,28159442,849410645,0.3113,-0.2365664075701268,002415.SZ
2026-04-07,29.86,30.28,29.76,30.19,34576598,1062317914,0.3822,2.269647696476973,002415.SZ
2026-04-08,29.89,30.17,29.77,30.07,23877304,731842429,0.2639,-0.3974826101358131,002415.SZ
2026-04-09,30.19,31.38,30.14,31.0,62290076,1966517737,0.6886,3.092783505154628,002415.SZ
2026-04-12,30.8,31.93,30.7,31.92,64249030,2068425798,0.7102,2.9677419354838808,002415.SZ
2026-04-13,32.0,33.12,32.0,32.73,124315176,4133900017,1.3742,2.537593984962383,002415.SZ
2026-04-14,32.7,32.75,32.17,32.45,57562254,1911958868,0.6363,-0.8554842652001016,002415.SZ
2026-04-15,32.54,32.84,32.31,32.79,47934877,1600607706,0.5299,1.047765793528499,002415.SZ
2026-04-16,32.74,32.99,32.01,32.39,79890112,2654570773,0.8831,-1.2198841110094505,002415.SZ
2026-04-19,34.03,34.5,33.63,33.73,133441112,4638404769,1.4751,4.137079345476979,002415.SZ
2026-04-20,33.72,33.87,32.93,32.97,72940714,2473931323,0.8063,-2.2531870738215165,002415.SZ
2026-04-21,32.81,33.19,32.66,32.87,48598202,1633804246,0.5372,-0.3033060357901185,002415.SZ
2026-04-22,32.75,33.36,32.6,32.74,49683407,1674350427,0.5492,-0.3954974140553569,002415.SZ
2026-04-23,32.92,33.24,32.55,32.85,40525869,1363939698,0.448,0.3359804520464138,002415.SZ
2026-04-26,32.8,33.62,32.76,33.21,50032769,1701721545,0.5531,1.0958904109588996,002415.SZ
2026-04-27,33.25,34.39,32.92,33.87,76610657,2641005785,0.8469,1.9873532068653832,002415.SZ
2026-04-28,33.72,34.51,33.52,34.03,58598289,2036328451,0.6478,0.472394449365221,002415.SZ
2026-04-29,33.97,36.01,33.79,35.47,117530949,4226180594,1.2992,4.23156038789303,002415.SZ
2026-05-05,35.86,36.26,34.99,35.23,93010573,3381203623,1.0281,-0.67662813645335,002415.SZ
2026-05-06,35.11,35.63,34.76,35.15,63023100,2268752402,0.6967,-0.2270791938688621,002415.SZ
2026-05-07,35.07,35.07,34.41,34.75,57655174,2043398379,0.6373,-1.1379800853485,002415.SZ
2026-05-10,35.0,36.03,34.38,34.57,94613453,3393069492,1.0459,-0.517985611510785,002415.SZ
2026-05-11,34.57,34.71,33.77,33.78,79001173,2755822924,0.8733,-2.285218397454436,002415.SZ
2026-05-12,33.72,33.91,33.03,33.72,72189171,2469167518,0.798,-0.1776198934280715,002415.SZ
2026-05-13,33.81,34.07,32.7,32.7,69196378,2350342093,0.7649,-3.0249110320284545,002415.SZ
2026-05-14,32.87,33.31,32.28,32.38,61854638,2073595063,0.6837,-0.9785932721712576,002415.SZ
2026-05-17,32.41,32.72,32.01,32.26,48705480,1610547459,0.5384,-0.37059913526870103,002415.SZ
2026-05-18,32.11,32.66,31.82,32.63,52847553,1741210512,0.5842,1.146931184128963,002415.SZ
2026-05-19,32.6,33.5,32.46,32.55,56430590,1851762349,0.6238,-0.2451731535397017,002415.SZ
2026-05-20,32.84,33.15,31.6,31.63,62309800,2019419146,0.6888,-2.826420890937009,002415.SZ
2026-05-21,31.8,31.94,31.29,31.83,41830469,1322985375,0.4624,0.6323110970597456,002415.SZ
2026-05-24,32.01,32.4,31.84,32.27,47925768,1539667239,0.5298,1.382343700911104,002415.SZ
2026-05-25,32.15,32.84,31.42,32.0,66343893,2119256197,0.7334,-0.8366904245429296,002415.SZ
2026-05-26,31.92,32.54,31.46,31.65,58235093,1857668920,0.6437,-1.0937500000000044,002415.SZ
2026-05-27,31.41,31.45,30.23,30.76,88997891,2739940344,0.9838,-2.812006319115312,002415.SZ
2026-05-28,31.0,31.2,30.15,30.56,75180864,2297985606,0.8311,-0.6501950585175664,002415.SZ
2026-05-31,30.56,30.76,30.01,30.06,70762722,2145921551,0.7822,-1.63612565445026,002415.SZ
2026-06-01,30.11,30.96,30.0,30.75,74735614,2272434740,0.8261,2.2954091816367317,002415.SZ
2026-06-02,30.55,31.15,30.28,30.77,58557327,1800874251,0.6473,0.06504065040651152,002415.SZ
2026-06-03,30.62,30.92,30.45,30.63,41257438,1266647252,0.4561,-0.45498862528436934,002415.SZ
2026-06-04,30.77,31.53,30.51,31.28,76152720,2379650205,0.8418,2.1221025138753014,002415.SZ
2026-06-07,30.7,31.11,30.1,30.3,68110663,2080449478,0.7529,-3.1329923273657356,002415.SZ
2026-06-08,30.57,30.83,30.2,30.49,54269417,1652717387,0.5999,0.6270627062706202,002415.SZ
2026-06-09,30.2,30.5,30.11,30.38,44484236,1346163563,0.4917,-0.3607740242702495,002415.SZ
2026-06-10,30.2,30.3,29.76,29.98,51330421,1536863034,0.5674,-1.3166556945358732,002415.SZ
2026-06-11,30.25,30.67,30.12,30.24,66250098,2013463745,0.7323,0.867244829886582,002415.SZ
2026-06-14,30.6,31.0,30.35,30.71,54637729,1675104137,0.604,1.5542328042328135,002415.SZ
2026-06-15,30.78,32.59,30.6,32.2,105785466,3343731925,1.1694,4.851839791598844,002415.SZ
2026-06-16,31.85,32.87,31.7,32.36,80575640,2607765211,0.8907,0.4968944099378758,002415.SZ
2026-06-17,32.07,32.74,31.45,32.3,82463307,2639932966,0.9116,-0.185414091470959,002415.SZ
2026-06-21,32.2,32.9,31.41,32.83,91641019,2943360219,1.013,1.6408668730650167,002415.SZ
2026-06-22,32.51,32.9,31.36,31.41,68967537,2208908016,0.7624,-4.325312214438004,002415.SZ
2026-06-23,31.4,34.49,31.02,34.03,167170936,5542712458,1.8479,8.341292581980264,002415.SZ
2026-06-24,33.9,35.54,33.84,34.44,147523146,5114177376,1.6307,1.2048192771084265,002415.SZ
2026-06-25,34.42,34.67,33.25,33.32,78493175,2649151671,0.8677,-3.2520325203251987,002415.SZ
