date,open,high,low,close,volume,amount,turn,pct_change,windcode
2020-01-01,20.5,21.1,20.25,20.92,14711540,351166700,1.42,,002422.SZ
2020-01-02,20.89,21.13,20.72,20.94,10188905,245850289,0.99,0.09560229445506607,002422.SZ
2020-01-05,20.89,21.09,20.71,20.95,11436870,276180879,1.11,0.047755491881562584,002422.SZ
2020-01-06,20.95,21.1,20.8,20.97,12698152,306755219,1.23,0.09546539379474694,002422.SZ
2020-01-07,20.8,20.89,20.57,20.62,11331401,270549442,1.1,-1.669051025274193,002422.SZ
2020-01-08,20.79,20.96,20.63,20.8,7267332,174195624,0.7,0.8729388942773975,002422.SZ
2020-01-09,20.87,20.95,20.54,20.57,8524395,203215740,0.82,-1.105769230769238,002422.SZ
2020-01-12,20.63,21.06,20.27,21.0,13161205,312886064,1.27,2.0904229460379176,002422.SZ
2020-01-13,20.97,21.85,20.9,21.49,20674546,513869391,2.0,2.3333333333333206,002422.SZ
2020-01-14,21.5,21.73,21.12,21.22,10373918,255655514,1.0,-1.2563983248022326,002422.SZ
2020-01-15,21.41,21.54,20.99,21.43,11130915,274735967,1.08,0.9896324222431696,002422.SZ
2020-01-16,21.48,21.85,21.3,21.68,15150068,377735393,1.47,1.166588894073728,002422.SZ
2020-01-19,22.42,22.89,22.01,22.39,26960720,696701960,2.61,3.2749077490775047,002422.SZ
2020-01-20,22.71,23.21,21.91,22.1,36836743,962818012,3.56,-1.2952210808396591,002422.SZ
2020-01-21,22.37,22.45,21.58,21.99,16924887,427648850,1.64,-0.4977375565610953,002422.SZ
2020-01-22,22.1,22.53,21.39,21.67,20755713,523392880,2.01,-1.4552069122328204,002422.SZ
2020-02-02,20.83,21.72,19.68,20.62,25753936,618687771,2.49,-4.845408398707896,002422.SZ
2020-02-03,20.8,21.01,20.32,20.88,24588923,587710231,2.38,1.2609117361784605,002422.SZ
2020-02-04,21.75,22.29,21.03,22.15,38907856,967019560,3.76,6.082375478927204,002422.SZ
2020-02-05,22.73,23.97,22.46,23.23,64793819,1743403874,6.27,4.875846501128667,002422.SZ
2020-02-06,22.94,23.52,22.18,22.49,38928025,1019225967,3.77,-3.185535944898843,002422.SZ
2020-02-09,22.53,22.7,21.62,21.93,25683137,649782325,2.49,-2.4899955535793605,002422.SZ
2020-02-10,21.87,21.87,21.23,21.48,20128759,499182672,1.95,-2.0519835841313228,002422.SZ
2020-02-11,21.67,22.31,21.49,22.26,24619227,621471258,2.38,3.6312849162011274,002422.SZ
2020-02-12,22.01,22.52,21.42,22.24,30078501,760428496,2.91,-0.08984725965859308,002422.SZ
2020-02-13,22.53,22.81,22.14,22.26,26778448,693627947,2.59,0.08992805755396738,002422.SZ
2020-02-16,22.28,22.46,21.85,22.28,28760543,735907426,2.78,0.08984725965857088,002422.SZ
2020-02-17,22.49,22.49,21.94,22.09,22178946,565803462,2.15,-0.8527827648114994,002422.SZ
2020-02-18,22.0,22.0,21.34,21.41,28170306,699915970,2.73,-3.0783159800814808,002422.SZ
2020-02-19,21.32,21.54,21.08,21.45,17533082,431148670,1.7,0.18682858477345743,002422.SZ
2020-02-20,21.41,21.41,21.09,21.14,21175614,517652410,2.05,-1.445221445221434,002422.SZ
2020-02-23,21.24,21.45,21.1,21.23,16637126,407189643,1.61,0.42573320719017094,002422.SZ
2020-02-24,20.94,21.45,20.86,21.2,22128847,540518722,2.14,-0.14130946773434072,002422.SZ
2020-02-25,20.96,21.35,20.89,20.9,19880926,482533084,1.92,-1.4150943396226467,002422.SZ
2020-02-26,21.0,21.15,20.44,20.46,18020209,429186739,1.74,-2.105263157894721,002422.SZ
2020-02-27,19.91,20.63,19.6,19.89,24029854,553651069,2.33,-2.7859237536656867,002422.SZ
2020-03-01,19.92,20.38,19.68,20.27,19524792,451533520,1.89,1.9105077928607272,002422.SZ
2020-03-02,20.35,20.65,20.09,20.33,16263860,382556953,1.57,0.2960039467192921,002422.SZ
2020-03-03,20.25,20.25,19.79,20.03,15491338,356766615,1.5,-1.4756517461878893,002422.SZ
2020-03-04,20.18,20.73,20.02,20.66,23759301,561011134,2.3,3.14528207688467,002422.SZ
2020-03-05,20.55,21.27,20.51,20.64,22069081,532415921,2.14,-0.09680542110358514,002422.SZ
2020-03-08,20.65,21.14,20.46,20.87,35730024,860134559,3.38,1.114341085271331,002422.SZ
2020-03-09,20.72,20.97,19.99,20.47,30140486,709859667,2.85,-1.9166267369429946,002422.SZ
2020-03-10,20.63,20.68,20.01,20.04,19029609,445937404,1.8,-2.1006350757205694,002422.SZ
2020-03-11,19.91,19.93,19.22,19.42,17916330,405450759,1.69,-3.093812375249483,002422.SZ
2020-03-12,18.54,18.69,17.85,18.45,32729777,695205877,3.09,-4.994850669412987,002422.SZ
2020-03-15,18.64,18.9,17.95,17.96,18839090,401192716,1.78,-2.6558265582655727,002422.SZ
2020-03-16,17.97,18.2,17.23,17.72,16316530,332348453,1.54,-1.3363028953229494,002422.SZ
2020-03-17,17.87,18.35,17.45,17.58,17642756,364598566,1.67,-0.7900677200902928,002422.SZ
2020-03-18,17.58,17.76,16.74,17.34,19510248,388429660,1.84,-1.3651877133105672,002422.SZ
2020-03-19,17.62,18.03,17.52,17.99,20865546,428517839,1.97,3.7485582468281375,002422.SZ
2020-03-22,17.67,18.42,17.61,17.94,23175274,483898394,2.19,-0.27793218454695845,002422.SZ
2020-03-23,18.2,18.24,17.83,18.15,14854725,309358571,1.4,1.1705685618728978,002422.SZ
2020-03-24,18.54,18.63,18.26,18.45,14858044,315554695,1.4,1.6528925619834656,002422.SZ
2020-03-25,18.38,19.0,18.17,18.3,25859541,552965554,2.44,-0.8130081300812941,002422.SZ
2020-03-26,18.48,18.81,18.37,18.5,24453261,524729704,2.31,1.0928961748633892,002422.SZ
2020-03-29,18.53,18.75,18.1,18.1,13860597,293101437,1.31,-2.162162162162151,002422.SZ
2020-03-30,18.29,18.29,17.89,17.93,11246177,234016631,1.06,-0.939226519337022,002422.SZ
2020-03-31,17.94,18.08,17.58,17.71,11719848,240524407,1.11,-1.2269938650306678,002422.SZ
2020-04-01,17.58,18.24,17.38,18.23,12175127,250375914,1.15,2.936194240542056,002422.SZ
2020-04-02,18.23,18.27,17.89,17.95,12924618,269329993,1.22,-1.5359297860669252,002422.SZ
2020-04-06,18.2,18.81,18.1,18.63,17735715,378741442,1.68,3.788300835654601,002422.SZ
2020-04-07,18.46,19.45,18.4,19.2,29341299,646216208,2.77,3.059581320450877,002422.SZ
2020-04-08,19.41,19.98,19.2,19.77,26520244,603152515,2.51,2.968750000000009,002422.SZ
2020-04-09,19.78,20.4,19.61,19.71,27241098,629648835,2.57,-0.30349013657055,002422.SZ
2020-04-12,19.76,20.02,19.36,19.5,19881125,452678059,1.88,-1.0654490106544956,002422.SZ
2020-04-13,19.68,20.3,19.24,20.16,24349132,559999620,2.3,3.384615384615386,002422.SZ
2020-04-14,19.31,19.89,19.08,19.35,34641753,775009273,3.27,-4.01785714285714,002422.SZ
2020-04-15,19.12,19.3,18.76,19.07,15865507,348917739,1.5,-1.4470284237726116,002422.SZ
2020-04-16,19.08,19.22,18.82,18.89,12780216,279860221,1.21,-0.9438909281594077,002422.SZ
2020-04-19,18.76,19.08,18.72,18.92,11800652,257560478,1.12,0.1588141874007576,002422.SZ
2020-04-20,18.8,18.87,18.07,18.2,18631896,393951388,1.76,-3.8054968287526525,002422.SZ
2020-04-21,18.07,18.58,17.69,18.55,11615879,245202418,1.1,1.9230769230769384,002422.SZ
2020-04-22,18.47,18.93,18.44,18.45,11682920,251359270,1.1,-0.5390835579514919,002422.SZ
2020-04-23,18.59,18.62,17.9,17.97,13308278,277728862,1.26,-2.601626016260161,002422.SZ
2020-04-26,17.94,18.13,17.64,17.84,8380950,173240898,0.79,-0.7234279354479622,002422.SZ
2020-04-27,17.84,17.99,16.78,16.92,28261118,560162326,2.67,-5.156950672645733,002422.SZ
2020-04-28,16.94,16.99,16.37,16.56,22735123,435678092,2.15,-2.1276595744680993,002422.SZ
2020-04-29,16.6,16.94,16.6,16.86,11813757,229273543,1.12,1.8115942028985588,002422.SZ
2020-05-05,16.73,17.16,16.57,17.09,15034449,293174416,1.42,1.3641755634638209,002422.SZ
2020-05-06,17.07,17.49,16.93,17.36,14722175,292291636,1.39,1.5798712697483897,002422.SZ
2020-05-07,17.36,17.73,17.18,17.59,16393693,331558419,1.55,1.3248847926267349,002422.SZ
2020-05-10,17.86,18.29,17.75,17.85,15792678,327891621,1.49,1.4781125639568016,002422.SZ
2020-05-11,17.85,18.14,17.78,17.93,10224644,212068036,0.97,0.4481792717086819,002422.SZ
2020-05-12,18.03,18.15,17.84,17.95,8525378,176703105,0.81,0.1115448968209698,002422.SZ
2020-05-13,17.76,18.27,17.68,17.97,12369024,257118906,1.17,0.11142061281337323,002422.SZ
2020-05-14,18.38,19.06,18.1,18.2,25195555,541831907,2.38,1.2799109627156469,002422.SZ
2020-05-17,18.07,18.07,17.68,17.72,12310873,253136051,1.16,-2.637362637362639,002422.SZ
2020-05-18,17.9,17.92,17.62,17.65,8580666,175369809,0.81,-0.3950338600451464,002422.SZ
2020-05-19,17.55,17.71,17.34,17.37,8487674,171202167,0.8,-1.5864022662889332,002422.SZ
2020-05-20,17.51,18.11,17.43,17.78,12591533,258634484,1.19,2.3603914795624625,002422.SZ
2020-05-21,17.85,17.85,17.22,17.45,10449974,210656048,0.99,-1.8560179977502922,002422.SZ
2020-05-24,17.45,17.71,17.29,17.43,6694336,135172243,0.63,-0.11461318051575464,002422.SZ
2020-05-25,17.44,18.05,17.44,17.97,10109946,208277633,0.96,3.098106712564541,002422.SZ
2020-05-26,17.97,18.26,17.8,18.19,9771272,203713237,0.92,1.2242626599888728,002422.SZ
2020-05-27,18.23,18.24,17.68,17.78,10464554,211205150,0.99,-2.2539857064321045,002422.SZ
2020-05-28,17.78,18.18,17.76,18.13,8510839,173727631,0.8,1.9685039370078705,002422.SZ
2020-05-31,18.21,18.53,18.1,18.31,12943073,267554494,1.22,0.9928295642581242,002422.SZ
2020-06-01,18.26,18.26,17.98,18.18,8370565,171242195,0.79,-0.7099945385035444,002422.SZ
2020-06-02,18.17,18.37,18.04,18.13,13498883,277295317,1.28,-0.2750275027502802,002422.SZ
2020-06-03,18.17,18.56,18.05,18.5,11465908,238169186,1.08,2.0408163265306145,002422.SZ
2020-06-04,18.49,18.7,18.37,18.63,10453990,219345197,0.99,0.7027027027026955,002422.SZ
2020-06-07,18.67,18.88,18.36,18.58,11494541,242147797,1.09,-0.26838432635534204,002422.SZ
2020-06-08,18.62,19.06,18.51,18.92,11748046,250684110,1.11,1.829924650161474,002422.SZ
2020-06-09,18.99,19.14,18.73,19.0,12970785,278173226,1.23,0.42283298097249844,002422.SZ
2020-06-10,18.97,19.01,18.52,18.55,13566434,287140349,1.28,-2.368421052631575,002422.SZ
2020-06-11,18.17,19.0,18.14,18.85,13618236,287683551,1.29,1.6172506738544534,002422.SZ
2020-06-14,19.06,19.4,18.93,19.01,14635988,316363065,1.38,0.8488063660477385,002422.SZ
2020-06-15,19.08,19.28,18.93,19.0,10532478,226908347,1.0,-0.052603892688063425,002422.SZ
2020-06-16,19.0,19.55,18.97,19.39,19365990,424733351,1.83,2.0526315789473726,002422.SZ
2020-06-17,19.3,19.32,18.77,18.83,18781444,402340647,1.78,-2.8880866425992857,002422.SZ
2020-06-18,18.8,18.94,18.7,18.79,12117934,257886743,1.15,-0.21242697822623224,002422.SZ
2020-06-21,18.84,18.96,18.57,18.63,10935111,231409302,1.03,-0.8515167642362931,002422.SZ
2020-06-22,18.63,18.77,18.03,18.31,23587971,488506720,2.23,-1.717659688674178,002422.SZ
2020-06-23,18.39,18.79,18.25,18.34,13208489,275904251,1.25,0.16384489350083076,002422.SZ
2020-06-28,18.57,18.7,18.13,18.3,14262888,295086220,1.35,-0.21810250817884125,002422.SZ
2020-06-29,18.2,18.76,18.18,18.57,14355141,300309908,1.33,1.4754098360655776,002422.SZ
2020-06-30,18.72,19.59,18.67,19.57,29589425,641404161,2.74,5.385029617662895,002422.SZ
2020-07-01,19.57,20.38,19.57,20.0,28928259,654677675,2.68,2.197240674501777,002422.SZ
2020-07-02,19.9,20.14,19.44,19.54,21000954,466401567,1.95,-2.300000000000002,002422.SZ
2020-07-05,19.5,19.97,19.28,19.87,21148825,470901397,1.96,1.6888433981576245,002422.SZ
2020-07-06,19.85,20.23,19.75,19.87,18970642,428815144,1.76,0.0,002422.SZ
2020-07-07,19.81,19.95,19.65,19.87,21046291,470398969,1.95,0.0,002422.SZ
2020-07-08,19.97,20.53,19.81,20.46,27214084,623672104,2.52,2.969300452944146,002422.SZ
2020-07-09,20.46,20.92,20.15,20.26,23930445,554648222,2.22,-0.9775171065493637,002422.SZ
2020-07-12,20.07,20.87,20.07,20.78,23724859,553030238,2.2,2.566633761105619,002422.SZ
2020-07-13,20.78,21.08,20.06,20.43,27781201,644132800,2.58,-1.684311838306074,002422.SZ
2020-07-14,20.65,21.31,20.57,20.67,32895649,777993186,3.05,1.1747430249632984,002422.SZ
2020-07-15,20.52,20.53,19.13,19.28,32449621,726486064,3.01,-6.7247218190614415,002422.SZ
2020-07-16,19.28,19.43,18.71,19.08,18798591,406127851,1.74,-1.0373443983402675,002422.SZ
2020-07-19,19.17,19.47,18.95,19.4,15522175,337117763,1.44,1.6771488469601747,002422.SZ
2020-07-20,19.4,19.72,19.24,19.48,12266686,270435598,1.14,0.4123711340206171,002422.SZ
2020-07-21,19.59,19.94,19.31,19.66,15825222,353383779,1.47,0.924024640657084,002422.SZ
2020-07-22,19.54,20.23,19.33,20.09,21483591,482111072,1.99,2.1871820956256283,002422.SZ
2020-07-23,20.05,20.16,18.7,18.88,24835715,542546828,2.3,-6.0228969636635155,002422.SZ
2020-07-26,19.01,19.57,18.85,19.55,16629915,362223808,1.54,3.548728813559321,002422.SZ
2020-07-27,19.59,19.95,19.28,19.46,13196086,292086018,1.22,-0.4603580562659859,002422.SZ
2020-07-28,19.46,19.77,19.32,19.68,13412654,297501064,1.24,1.130524152106882,002422.SZ
2020-07-29,19.7,20.45,19.65,20.08,25772949,586873214,2.39,2.0325203252032464,002422.SZ
2020-07-30,20.0,20.2,19.52,19.87,17877309,401384639,1.66,-1.045816733067717,002422.SZ
2020-08-02,19.91,20.72,19.81,20.22,26144779,600161476,2.42,1.7614494212380372,002422.SZ
2020-08-03,20.22,21.02,20.15,20.74,34942515,817203023,3.24,2.571711177052416,002422.SZ
2020-08-04,20.61,20.68,20.16,20.49,19881371,458086852,1.84,-1.2054001928640257,002422.SZ
2020-08-05,20.49,20.85,20.21,20.33,16352185,378805721,1.52,-0.7808687164470474,002422.SZ
2020-08-06,20.42,20.55,19.38,19.8,20469329,460338923,1.9,-2.6069847515986067,002422.SZ
2020-08-09,19.94,21.22,19.92,21.07,41664894,980357672,3.86,6.4141414141414055,002422.SZ
2020-08-10,21.05,21.29,20.48,20.54,29489760,700659052,2.73,-2.5154247745609926,002422.SZ
2020-08-11,20.76,20.95,19.81,20.21,21723537,496862924,2.01,-1.606621226874383,002422.SZ
2020-08-12,20.25,20.3,19.7,19.77,17666421,398236771,1.64,-2.177140029688285,002422.SZ
2020-08-13,19.79,19.81,19.44,19.8,12835038,284767059,1.19,0.15174506828528056,002422.SZ
2020-08-16,19.91,20.24,19.85,20.24,14883947,336603470,1.38,2.2222222222222143,002422.SZ
2020-08-17,20.12,20.51,20.03,20.3,14315367,328807204,1.33,0.29644268774704496,002422.SZ
2020-08-18,20.61,22.33,20.61,21.74,67836002,1659215129,6.29,7.093596059113283,002422.SZ
2020-08-19,21.53,21.81,20.62,20.69,39133812,934356455,3.63,-4.829806807727676,002422.SZ
2020-08-20,20.94,22.6,20.93,22.17,55943919,1388328337,5.19,7.1532141130981275,002422.SZ
2020-08-23,22.57,22.6,21.76,21.91,24141546,600139065,2.24,-1.1727559765448925,002422.SZ
2020-08-24,21.8,22.06,21.23,21.34,23560463,571213625,2.19,-2.60155180282976,002422.SZ
2020-08-25,21.34,21.84,21.25,21.37,20491155,499190678,1.9,0.1405810684161235,002422.SZ
2020-08-26,21.33,21.83,21.12,21.55,14405395,349994294,1.34,0.8423022929340274,002422.SZ
2020-08-27,21.39,21.69,21.32,21.65,14629629,356194506,1.36,0.46403712296982924,002422.SZ
2020-08-30,22.11,22.31,21.73,21.88,22611256,562527296,2.1,1.0623556581986104,002422.SZ
2020-08-31,21.89,22.96,21.7,22.78,27893103,708919417,2.59,4.113345521023781,002422.SZ
2020-09-01,22.8,22.96,22.37,22.49,18742831,478834103,1.74,-1.273046532045663,002422.SZ
2020-09-02,22.77,23.19,22.53,22.77,20706292,536968065,1.92,1.2449977767896803,002422.SZ
2020-09-03,22.4,23.21,22.33,22.94,19193976,497121773,1.78,0.7465963987703272,002422.SZ
2020-09-06,22.94,23.07,22.19,22.24,22417723,572378408,2.08,-3.051438535309514,002422.SZ
2020-09-07,22.28,22.51,21.9,22.05,13358951,334657560,1.24,-0.8543165467625791,002422.SZ
2020-09-08,21.94,22.0,20.76,20.86,21553154,518760815,2.0,-5.3968253968254,002422.SZ
2020-09-09,21.05,21.22,20.49,20.59,12315983,289939195,1.14,-1.2943432406519628,002422.SZ
2020-09-10,20.54,21.05,20.47,20.87,9875212,232333166,0.92,1.3598834385624148,002422.SZ
2020-09-13,21.0,21.15,20.5,20.69,11456244,268985955,1.06,-0.8624820316243342,002422.SZ
2020-09-14,20.74,21.38,20.56,21.3,14222215,339377864,1.32,2.9482841952634065,002422.SZ
2020-09-15,21.17,21.53,21.0,21.43,11900441,285980541,1.1,0.610328638497637,002422.SZ
2020-09-16,21.3,21.48,20.82,21.2,17102217,408924241,1.59,-1.0732617825478297,002422.SZ
2020-09-17,21.22,21.32,20.72,21.05,11991982,284132748,1.11,-0.7075471698113178,002422.SZ
2020-09-20,21.02,21.22,20.78,20.85,8334249,197349469,0.77,-0.9501187648455978,002422.SZ
2020-09-21,20.73,20.95,20.47,20.58,9902193,231849179,0.92,-1.2949640287769904,002422.SZ
2020-09-22,20.63,20.82,20.45,20.5,8147131,189993635,0.76,-0.38872691933915515,002422.SZ
2020-09-23,20.47,20.47,19.88,19.95,12553040,284964557,1.16,-2.682926829268295,002422.SZ
2020-09-24,20.03,20.17,19.87,20.07,9396918,213202074,0.87,0.6015037593984918,002422.SZ
2020-09-27,20.16,20.17,19.7,19.81,6457518,145024231,0.6,-1.2954658694569132,002422.SZ
2020-09-28,19.83,20.03,19.69,19.86,5784956,130167072,0.54,0.25239777889956017,002422.SZ
2020-09-29,19.94,19.99,19.55,19.65,5924924,132541215,0.55,-1.0574018126888296,002422.SZ
2020-10-08,19.85,20.21,19.77,20.13,9842516,222372889,0.91,2.442748091603053,002422.SZ
2020-10-11,20.15,20.66,20.0,20.61,13502833,311417475,1.25,2.3845007451564815,002422.SZ
2020-10-12,20.54,20.79,20.31,20.71,7449595,173345099,0.69,0.48520135856380264,002422.SZ
2020-10-13,20.61,20.88,20.41,20.63,7668938,179026983,0.71,-0.38628681796234465,002422.SZ
2020-10-14,20.61,20.63,20.25,20.31,6823570,157511014,0.63,-1.5511391177896239,002422.SZ
2020-10-15,20.3,20.69,20.25,20.34,8207887,189576733,0.76,0.1477104874446189,002422.SZ
2020-10-18,20.52,20.52,19.77,19.77,8677868,196710883,0.8,-2.8023598820059004,002422.SZ
2020-10-19,19.72,20.02,19.63,20.0,6318226,142073321,0.59,1.163378856853825,002422.SZ
2020-10-20,19.91,20.02,19.77,19.81,4048493,90930146,0.38,-0.9500000000000064,002422.SZ
2020-10-21,19.81,20.46,19.65,20.36,11585089,262947034,1.07,2.7763755678950064,002422.SZ
2020-10-22,20.4,20.61,20.16,20.21,7789968,179701327,0.72,-0.7367387033398787,002422.SZ
2020-10-25,20.17,20.18,19.9,19.99,5731737,129629074,0.53,-1.088570014844148,002422.SZ
2020-10-26,19.88,20.69,19.83,20.65,11765655,270477581,1.09,3.3016508254127164,002422.SZ
2020-10-27,20.46,21.22,20.3,21.02,11770695,276537996,1.09,1.7917675544794287,002422.SZ
2020-10-28,20.79,21.51,20.76,21.48,19645350,471795115,1.82,2.1883920076118057,002422.SZ
2020-10-29,21.4,21.4,20.5,20.69,14999482,354113139,1.39,-3.6778398510242005,002422.SZ
2020-11-01,21.21,21.38,20.81,21.08,10807757,256914299,1.0,1.8849685838569163,002422.SZ
2020-11-02,21.0,21.14,20.78,20.93,8480981,200504557,0.79,-0.7115749525616666,002422.SZ
2020-11-03,20.99,21.19,20.94,21.14,7464565,177925039,0.69,1.0033444816053505,002422.SZ
2020-11-04,21.22,21.8,21.22,21.27,13921273,338485634,1.29,0.6149479659413482,002422.SZ
2020-11-05,21.4,21.4,20.77,20.86,9110606,216332376,0.84,-1.927597555242122,002422.SZ
2020-11-08,21.04,21.18,20.78,20.85,9318230,221169466,0.86,-0.04793863854265501,002422.SZ
2020-11-09,20.87,21.06,20.61,20.63,8905126,209054306,0.83,-1.0551558752997736,002422.SZ
2020-11-10,20.63,20.74,20.37,20.51,9112147,211933253,0.85,-0.581677169171102,002422.SZ
2020-11-11,20.4,20.58,20.1,20.42,11906227,273259999,1.1,-0.4388103364212581,002422.SZ
2020-11-12,20.42,20.75,20.12,20.46,10286206,237593767,0.95,0.19588638589618235,002422.SZ
2020-11-15,20.49,20.61,20.32,20.56,4779190,110686725,0.44,0.4887585532746819,002422.SZ
2020-11-16,20.52,20.57,20.11,20.32,8181069,187722284,0.76,-1.1673151750972721,002422.SZ
2020-11-17,20.16,20.38,20.04,20.3,8086659,185029455,0.75,-0.09842519685039353,002422.SZ
2020-11-18,20.33,20.68,20.12,20.58,9711030,224774919,0.9,1.3793103448275668,002422.SZ
2020-11-19,20.51,20.68,20.26,20.32,8403073,193724931,0.78,-1.263362487852271,002422.SZ
2020-11-22,20.25,20.25,19.73,19.74,15011101,337833279,1.39,-2.8543307086614234,002422.SZ
2020-11-23,19.69,19.71,18.79,19.12,19528735,424166628,1.81,-3.1408308004052587,002422.SZ
2020-11-24,19.23,19.25,18.39,18.41,17524349,369915383,1.63,-3.713389121338917,002422.SZ
2020-11-25,18.54,18.61,18.09,18.39,11108970,229721847,1.03,-0.10863661053774898,002422.SZ
2020-11-26,18.39,18.49,18.2,18.36,5855244,121423784,0.54,-0.16313213703099683,002422.SZ
2020-11-29,18.31,18.7,18.23,18.23,9221820,192633451,0.86,-0.7080610021786393,002422.SZ
2020-11-30,18.14,18.74,18.14,18.64,8458138,177585954,0.78,2.24904004388371,002422.SZ
2020-12-01,18.55,18.77,18.55,18.57,6289947,132396522,0.58,-0.3755364806867001,002422.SZ
2020-12-02,18.58,18.85,18.54,18.78,9567876,202994372,0.89,1.1308562197092087,002422.SZ
2020-12-03,18.78,18.95,18.72,18.85,5684451,121177550,0.53,0.37273695420660946,002422.SZ
2020-12-06,18.85,18.99,18.67,18.8,5177082,110229709,0.48,-0.2652519893899252,002422.SZ
2020-12-07,18.8,18.91,18.5,18.53,5703483,120095579,0.53,-1.4361702127659526,002422.SZ
2020-12-08,18.58,18.65,18.17,18.24,9083302,188899277,0.84,-1.5650296815974296,002422.SZ
2020-12-09,18.25,18.32,18.09,18.1,5756802,118325903,0.53,-0.7675438596491113,002422.SZ
2020-12-10,18.17,18.19,17.22,17.47,16413460,326528274,1.52,-3.480662983425431,002422.SZ
2020-12-13,17.56,17.72,17.28,17.54,8878449,175623309,0.82,0.400686891814539,002422.SZ
2020-12-14,17.46,17.78,17.24,17.7,9016977,179304469,0.84,0.9122006841505215,002422.SZ
2020-12-15,17.7,17.87,17.46,17.55,6918003,138109882,0.64,-0.8474576271186307,002422.SZ
2020-12-16,17.65,17.78,17.34,17.54,12198929,241621762,1.13,-0.05698005698006048,002422.SZ
2020-12-17,17.59,17.59,17.25,17.25,9183451,180332854,0.85,-1.6533637400227952,002422.SZ
2020-12-20,17.28,17.4,17.09,17.33,8193657,159954392,0.76,0.4637681159420204,002422.SZ
2020-12-21,17.37,17.55,17.1,17.16,10395016,203757145,0.96,-0.9809578765146987,002422.SZ
2020-12-22,17.25,17.25,16.86,16.96,11632781,223328619,1.08,-1.1655011655011593,002422.SZ
2020-12-23,16.94,17.1,16.77,16.79,6746539,129321397,0.63,-1.0023584905660465,002422.SZ
2020-12-24,16.72,17.17,16.7,17.17,6156488,118563101,0.57,2.263251935676003,002422.SZ
2020-12-27,17.09,17.22,16.89,16.93,7269840,139720559,0.67,-1.3977868375072866,002422.SZ
2020-12-28,17.02,17.14,16.85,16.89,6672146,127821355,0.62,-0.2362669816893037,002422.SZ
2020-12-29,16.89,17.04,16.83,16.89,6526540,124975053,0.61,0.0,002422.SZ
2020-12-30,16.9,17.2,16.87,17.19,8301915,160339041,0.76,1.7761989342806483,002422.SZ
2021-01-03,17.21,17.24,16.86,17.02,10539648,202334657,0.96,-0.9889470622455043,002422.SZ
2021-01-04,17.02,17.16,16.88,17.06,12575639,242041066,1.15,0.235017626321965,002422.SZ
2021-01-05,17.14,17.2,16.94,17.02,8132316,156599124,0.74,-0.23446658851112856,002422.SZ
2021-01-06,17.03,17.09,15.87,15.97,31335807,576448570,2.86,-6.16921269095182,002422.SZ
2021-01-07,16.48,17.09,16.36,16.54,36951152,697521254,3.37,3.569192235441454,002422.SZ
2021-01-10,16.71,17.19,16.45,16.53,25845164,491140357,2.36,-0.06045949214025237,002422.SZ
2021-01-11,16.7,17.1,16.53,16.76,18344605,348177932,1.67,1.391409558378709,002422.SZ
2021-01-12,16.71,16.78,16.27,16.36,15459753,288395981,1.41,-2.3866348448687513,002422.SZ
2021-01-13,16.4,16.69,16.18,16.37,13032361,242140509,1.19,0.06112469437653534,002422.SZ
2021-01-14,16.45,16.47,16.01,16.1,12836821,234426514,1.17,-1.6493585827733637,002422.SZ
2021-01-17,16.1,16.3,15.64,15.96,19069539,343673397,1.74,-0.8695652173913104,002422.SZ
2021-01-18,16.25,16.36,15.92,16.08,21430050,391415259,1.96,0.7518796992481036,002422.SZ
2021-01-19,16.07,16.22,15.96,16.16,8152658,148594802,0.74,0.4975124378109541,002422.SZ
2021-01-20,16.25,17.23,16.24,17.01,30623704,583170060,2.8,5.259900990099009,002422.SZ
2021-01-21,16.96,16.98,16.57,16.85,14062732,266938599,1.28,-0.9406231628453887,002422.SZ
2021-01-24,16.8,16.97,16.53,16.56,11564587,217510412,1.06,-1.721068249258173,002422.SZ
2021-01-25,16.56,17.27,16.15,16.9,24435596,462530068,2.23,2.0531400966183666,002422.SZ
2021-01-26,16.71,16.77,16.19,16.19,22492982,415882822,2.05,-4.201183431952648,002422.SZ
2021-01-27,16.1,16.58,16.09,16.33,13710966,253891649,1.25,0.864731315626921,002422.SZ
2021-01-28,16.35,17.04,16.29,16.85,19919014,376855666,1.82,3.184323331292127,002422.SZ
2021-01-31,16.85,17.5,16.8,17.5,23591538,460968217,2.15,3.857566765578624,002422.SZ
2021-02-01,17.46,17.64,17.25,17.52,13686180,270056917,1.25,0.11428571428571122,002422.SZ
2021-02-02,17.6,18.13,17.27,18.01,19920622,399988986,1.82,2.7968036529680385,002422.SZ
2021-02-03,17.97,18.0,17.17,17.55,19799615,391941703,1.81,-2.5541365907829072,002422.SZ
2021-02-04,17.47,17.93,17.28,17.4,13447942,266608784,1.23,-0.8547008547008628,002422.SZ
2021-02-07,17.4,17.65,17.26,17.58,12757745,252118655,1.16,1.0344827586206806,002422.SZ
2021-02-08,17.67,18.11,17.67,18.0,13175002,266605136,1.2,2.3890784982935287,002422.SZ
2021-02-09,18.04,18.16,17.78,17.84,9167801,185632327,0.84,-0.8888888888888946,002422.SZ
2021-02-17,17.86,18.32,17.86,18.09,9328884,190830423,0.85,1.4013452914798163,002422.SZ
2021-02-18,17.96,18.52,17.93,18.39,10662663,220065286,0.97,1.6583747927031656,002422.SZ
2021-02-21,18.39,18.81,18.09,18.5,18094526,378193901,1.65,0.5981511691136365,002422.SZ
2021-02-22,18.36,18.75,18.22,18.68,13343203,279899822,1.22,0.972972972972963,002422.SZ
2021-02-23,18.69,19.39,18.51,19.35,27661575,595927058,2.53,3.5867237687366327,002422.SZ
2021-02-24,19.18,19.63,18.92,19.04,15604773,339122639,1.42,-1.602067183462541,002422.SZ
2021-02-25,18.84,19.51,18.7,19.19,14656384,317152694,1.34,0.7878151260504396,002422.SZ
2021-02-28,19.13,19.16,18.6,18.82,16277368,345936711,1.49,-1.9280875455966684,002422.SZ
2021-03-01,18.91,18.95,17.69,17.75,22159020,454035746,2.02,-5.685441020191284,002422.SZ
2021-03-02,17.76,18.05,17.73,17.8,11921314,240794664,1.09,0.28169014084507005,002422.SZ
2021-03-03,17.69,18.01,17.42,17.42,11099101,221369036,1.01,-2.134831460674147,002422.SZ
2021-03-04,17.35,17.72,17.31,17.65,7191371,142811358,0.66,1.320321469575192,002422.SZ
2021-03-07,17.71,17.95,17.34,17.35,8549985,170253520,0.78,-1.6997167138810054,002422.SZ
2021-03-08,17.37,17.52,16.72,16.79,12871794,248063020,1.18,-3.2276657060518854,002422.SZ
2021-03-09,16.94,17.02,16.33,16.47,14901221,279069395,1.36,-1.9058963668850515,002422.SZ
2021-03-10,16.54,16.64,16.42,16.63,9113785,170319054,0.83,0.971463266545225,002422.SZ
2021-03-11,16.68,16.88,16.51,16.86,9158929,173271601,0.84,1.3830426939266394,002422.SZ
2021-03-14,16.83,17.1,16.56,16.62,10204323,193780085,0.93,-1.4234875444839812,002422.SZ
2021-03-15,16.66,17.5,16.63,17.44,11420685,221531864,1.04,4.933814681107096,002422.SZ
2021-03-16,17.29,19.18,17.27,19.18,36984716,788291955,3.38,9.977064220183474,002422.SZ
2021-03-17,19.35,20.03,19.12,19.95,42619402,947637633,3.89,4.014598540145986,002422.SZ
2021-03-18,19.72,19.8,19.34,19.42,19374119,427738869,1.77,-2.6566416040100127,002422.SZ
2021-03-21,19.47,19.9,19.36,19.54,14055216,311782271,1.28,0.6179196704428236,002422.SZ
2021-03-22,19.98,20.38,19.62,19.77,19270165,434550913,1.76,1.1770726714432023,002422.SZ
2021-03-23,19.82,20.29,19.64,19.78,18306684,412118422,1.67,0.050581689428441656,002422.SZ
2021-03-24,19.57,19.77,18.93,19.0,18566267,403444894,1.69,-3.9433771486349856,002422.SZ
2021-03-25,19.25,20.12,19.0,19.88,19107442,425292971,1.74,4.631578947368409,002422.SZ
2021-03-28,19.78,20.12,19.46,20.01,14594320,327878867,1.33,0.653923541247492,002422.SZ
2021-03-29,19.94,20.06,19.56,19.71,15921483,355367178,1.45,-1.4992503748125996,002422.SZ
2021-03-30,19.63,19.84,19.39,19.54,10823454,239579879,0.99,-0.8625063419584023,002422.SZ
2021-03-31,19.57,19.66,19.28,19.49,10366703,228320432,0.95,-0.25588536335722223,002422.SZ
2021-04-01,19.44,19.62,19.16,19.42,9012948,197899521,0.82,-0.35915854284246373,002422.SZ
2021-04-05,19.43,19.55,18.72,18.87,16681881,357909069,1.52,-2.8321318228630266,002422.SZ
2021-04-06,19.0,19.0,18.63,18.86,13652573,290987863,1.25,-0.05299417064124068,002422.SZ
2021-04-07,18.77,18.85,18.37,18.55,15342236,321896351,1.4,-1.643690349946969,002422.SZ
2021-04-08,18.62,18.98,18.41,18.69,14249443,301743950,1.3,0.7547169811320753,002422.SZ
2021-04-11,18.7,18.78,18.32,18.37,8454434,176670500,0.77,-1.7121455323702572,002422.SZ
2021-04-12,18.5,18.88,18.23,18.26,11678873,244943915,1.07,-0.5988023952095745,002422.SZ
2021-04-13,18.29,18.38,18.08,18.27,8388023,172740496,0.77,0.054764512595828485,002422.SZ
2021-04-14,18.24,18.55,18.08,18.15,11542600,238277449,1.05,-0.6568144499179085,002422.SZ
2021-04-15,18.22,18.55,18.1,18.52,10193096,211872367,0.93,2.0385674931129527,002422.SZ
2021-04-18,18.58,18.64,18.23,18.49,13652959,284988642,1.25,-0.16198704103672634,002422.SZ
2021-04-19,18.39,18.73,18.22,18.26,10752938,224248476,0.98,-1.2439156300702914,002422.SZ
2021-04-20,18.16,18.47,17.74,18.35,13443299,276310817,1.23,0.4928806133625452,002422.SZ
2021-04-21,18.48,18.51,18.16,18.34,8067368,167280924,0.74,-0.054495912806551416,002422.SZ
2021-04-22,18.33,18.39,18.11,18.31,7169425,147994835,0.65,-0.16357688113414204,002422.SZ
2021-04-25,18.53,18.84,18.22,18.22,16805546,352842038,1.53,-0.49153468050245896,002422.SZ
2021-04-26,18.26,18.77,18.11,18.71,20072184,421773723,1.83,2.6893523600439284,002422.SZ
2021-04-27,18.89,19.16,18.45,19.0,22011564,471119182,2.01,1.5499732763228247,002422.SZ
2021-04-28,18.85,19.2,18.67,19.1,16447725,352833754,1.5,0.5263157894736858,002422.SZ
2021-04-29,19.1,19.31,18.98,19.22,12695410,274986119,1.16,0.6282722513088812,002422.SZ
2021-05-05,19.33,19.48,18.64,18.76,13042688,278942881,1.19,-2.3933402705514917,002422.SZ
2021-05-06,18.8,18.92,18.37,18.37,10217065,214938405,0.93,-2.078891257995741,002422.SZ
2021-05-09,18.4,18.48,18.16,18.22,9696421,200313251,0.89,-0.816548720740351,002422.SZ
2021-05-10,18.08,18.43,17.96,18.36,7693477,158533162,0.7,0.7683863885839859,002422.SZ
2021-05-11,18.31,18.63,17.97,18.57,8110929,168628332,0.74,1.1437908496731986,002422.SZ
2021-05-12,18.41,18.76,18.4,18.61,7440204,156399100,0.68,0.2154011847065096,002422.SZ
2021-05-13,18.57,18.8,18.38,18.44,10712077,224130008,0.98,-0.9134873723804282,002422.SZ
2021-05-16,18.45,19.1,18.4,19.0,13316185,284684727,1.22,3.0368763557483636,002422.SZ
2021-05-17,19.01,19.18,18.81,19.02,6692947,143213264,0.61,0.10526315789474161,002422.SZ
2021-05-18,19.04,19.61,19.02,19.36,12793192,280099811,1.17,1.7875920084121866,002422.SZ
2021-05-19,19.72,21.21,19.62,20.78,43822741,1022204095,4.0,7.334710743801653,002422.SZ
2021-05-20,21.1,21.13,20.53,20.99,31976539,756810825,2.92,1.0105871029836289,002422.SZ
2021-05-23,20.87,20.9,19.05,19.16,37676245,835201078,3.44,-8.718437351119569,002422.SZ
2021-05-24,19.31,19.5,18.78,19.01,24413831,524796359,2.26,-0.7828810020876764,002422.SZ
2021-05-25,19.0,19.25,18.84,19.07,11800103,254445653,1.09,0.31562335612833614,002422.SZ
2021-05-26,19.06,20.34,19.04,20.21,23338072,522541688,2.16,5.977975878342945,002422.SZ
2021-05-27,20.22,20.4,19.54,19.59,15479100,346686027,1.43,-3.0677882236516574,002422.SZ
2021-05-30,19.53,20.0,19.4,19.66,18922946,422792262,1.75,0.35732516590096797,002422.SZ
2021-05-31,19.66,19.8,19.19,19.69,13910738,306844858,1.29,0.15259409969481386,002422.SZ
2021-06-01,19.69,19.8,19.29,19.35,10472358,230765175,0.97,-1.7267648552564796,002422.SZ
2021-06-02,19.37,19.46,18.79,18.82,15572100,336968917,1.44,-2.739018087855305,002422.SZ
2021-06-03,18.89,19.16,18.49,19.08,10234627,219362574,0.95,1.381509032943673,002422.SZ
2021-06-06,19.21,19.35,18.75,18.79,8829355,188542054,0.82,-1.5199161425576424,002422.SZ
2021-06-07,18.79,18.99,18.19,18.32,16196441,338035273,1.5,-2.5013304949441095,002422.SZ
2021-06-08,18.35,18.47,18.04,18.13,12354497,253807920,1.14,-1.0371179039301404,002422.SZ
2021-06-09,18.15,18.23,17.92,17.96,17374737,353869057,1.61,-0.9376723662437803,002422.SZ
2021-06-10,18.07,18.2,17.58,17.85,30314485,611399748,2.8,-0.6124721603563477,002422.SZ
2021-06-14,17.83,17.97,17.2,17.42,18902391,373790348,1.75,-2.408963585434176,002422.SZ
2021-06-15,17.44,17.49,16.94,17.05,13592181,264181294,1.26,-2.123995407577506,002422.SZ
2021-06-16,17.06,17.43,17.02,17.36,11472875,223911227,1.06,1.8181818181818077,002422.SZ
2021-06-17,17.65,17.79,17.2,17.28,14589463,287715756,1.35,-0.4608294930875445,002422.SZ
2021-06-20,17.46,17.67,17.38,17.52,10503303,208139316,0.97,1.388888888888884,002422.SZ
2021-06-21,17.68,18.03,17.42,17.95,14906723,299674337,1.38,2.4543378995433685,002422.SZ
2021-06-22,17.98,18.39,17.81,18.35,15126582,309800146,1.4,2.2284122562674202,002422.SZ
2021-06-23,19.15,19.32,18.24,18.47,30356263,645467436,2.81,0.6539509536784616,002422.SZ
2021-06-24,18.66,18.66,17.71,18.12,22906088,467136739,2.12,-1.8949648077964176,002422.SZ
2021-06-27,18.13,18.22,17.78,17.82,14310914,289376226,1.32,-1.6556291390728561,002422.SZ
2021-06-28,17.78,18.01,17.61,17.85,9390137,189535621,0.87,0.16835016835017313,002422.SZ
2021-06-29,17.83,17.84,17.49,17.64,10400329,207475408,0.96,-1.176470588235301,002422.SZ
2021-06-30,17.65,17.88,17.61,17.69,8088887,162399757,0.75,0.28344671201814275,002422.SZ
2021-07-01,17.61,17.74,17.25,17.32,11247880,221878613,1.04,-2.091577162238556,002422.SZ
2021-07-04,17.44,17.81,17.16,17.63,9759545,193711901,0.9,1.7898383371824478,002422.SZ
2021-07-05,17.6,17.61,17.23,17.4,9794552,192683551,0.91,-1.3045944412932498,002422.SZ
2021-07-06,17.32,17.42,17.25,17.37,6924244,135956684,0.64,-0.17241379310343197,002422.SZ
2021-07-07,17.48,17.49,16.95,16.98,11326894,219922235,1.05,-2.2452504317789335,002422.SZ
2021-07-08,17.02,17.51,17.01,17.46,9143442,177891164,0.85,2.8268551236749095,002422.SZ
2021-07-11,17.5,17.5,17.06,17.11,17852932,347540020,1.65,-2.004581901489122,002422.SZ
2021-07-12,17.12,17.23,16.79,16.91,16296362,311396831,1.51,-1.1689070718877814,002422.SZ
2021-07-13,16.94,17.07,16.8,16.95,15588432,297981851,1.44,0.23654642223536193,002422.SZ
2021-07-14,17.04,17.05,16.68,16.75,13946828,260415265,1.29,-1.179941002949847,002422.SZ
2021-07-15,16.73,17.01,16.73,16.85,11660592,219007613,1.08,0.5970149253731405,002422.SZ
2021-07-18,16.89,16.92,16.52,16.63,12045124,222263249,1.11,-1.305637982195862,002422.SZ
2021-07-19,16.67,16.94,16.61,16.71,10818928,201525169,1.0,0.48105832832232576,002422.SZ
2021-07-20,16.72,16.89,16.63,16.74,11563326,215430449,1.07,0.17953321364450048,002422.SZ
2021-07-21,16.82,17.12,16.68,17.03,16962074,318144174,1.57,1.7323775388291773,002422.SZ
2021-07-22,16.94,16.99,16.58,16.73,14800371,275612568,1.37,-1.7615971814445186,002422.SZ
2021-07-25,16.59,16.6,16.14,16.18,20249467,366733765,1.87,-3.287507471607898,002422.SZ
2021-07-26,16.11,16.61,15.79,16.23,15590963,280284429,1.44,0.30902348578492056,002422.SZ
2021-07-27,16.08,16.36,15.97,16.14,10711708,192561382,0.99,-0.554528650646946,002422.SZ
2021-07-28,16.19,16.36,16.06,16.07,10131580,182364822,0.94,-0.4337050805452325,002422.SZ
2021-07-29,16.23,16.64,16.1,16.49,14854338,270733600,1.37,2.613565650280014,002422.SZ
2021-08-01,16.46,16.58,16.13,16.52,14938475,271913582,1.38,0.181928441479684,002422.SZ
2021-08-02,16.49,16.81,16.42,16.75,11497476,213224139,1.06,1.3922518159806385,002422.SZ
2021-08-03,16.78,16.78,16.51,16.61,9477645,174948237,0.88,-0.8358208955223878,002422.SZ
2021-08-04,16.64,16.71,16.35,16.38,11437894,210015509,1.06,-1.3847080072245666,002422.SZ
2021-08-05,16.33,16.52,16.16,16.38,7775125,141056771,0.72,0.0,002422.SZ
2021-08-08,16.28,16.49,16.21,16.43,6612142,120612987,0.61,0.30525030525030417,002422.SZ
2021-08-09,16.76,16.83,16.5,16.63,9219363,170568540,0.85,1.217285453438821,002422.SZ
2021-08-10,16.52,16.71,16.43,16.46,6960840,128061373,0.64,-1.0222489476849006,002422.SZ
2021-08-11,16.46,16.53,16.34,16.34,7064485,128793573,0.65,-0.7290400972053468,002422.SZ
2021-08-12,16.28,16.45,16.18,16.36,7945494,144453728,0.73,0.1223990208078396,002422.SZ
2021-08-15,16.37,16.44,16.26,16.38,7150182,130037774,0.66,0.12224938875304847,002422.SZ
2021-08-16,16.38,16.4,16.14,16.19,9200549,166395015,0.85,-1.1599511599511447,002422.SZ
2021-08-17,16.23,16.25,15.95,16.06,10107281,180326472,0.93,-0.8029647930821615,002422.SZ
2021-08-18,16.07,16.22,15.99,16.03,6798213,121544299,0.63,-0.18679950186798466,002422.SZ
2021-08-19,15.96,16.0,15.59,15.65,15824100,276894834,1.46,-2.3705552089831605,002422.SZ
2021-08-22,15.66,15.74,15.33,15.43,13086436,224364649,1.21,-1.4057507987220497,002422.SZ
2021-08-23,15.6,15.86,15.57,15.82,10938902,191456699,1.01,2.5275437459494565,002422.SZ
2021-08-24,15.76,16.54,15.7,16.43,16913336,304282951,1.56,3.855878634639698,002422.SZ
2021-08-25,16.58,16.76,16.38,16.4,14074653,258969627,1.3,-0.1825928180158365,002422.SZ
2021-08-26,16.4,16.67,16.3,16.52,7734790,141914198,0.72,0.7317073170731714,002422.SZ
2021-08-29,16.52,16.57,16.08,16.18,15938970,288498482,1.47,-2.0581113801452777,002422.SZ
2021-08-30,16.2,16.44,15.96,16.37,14290464,256550871,1.32,1.174289245982707,002422.SZ
2021-08-31,16.35,16.46,16.15,16.34,8816965,160059634,0.82,-0.18326206475259843,002422.SZ
2021-09-01,16.28,16.41,16.23,16.28,10494955,190247901,0.97,-0.3671970624234966,002422.SZ
2021-09-02,16.29,16.61,16.21,16.44,10236533,187174787,0.95,0.9828009828009909,002422.SZ
2021-09-05,16.46,16.67,16.35,16.59,11887535,219134063,1.1,0.9124087591240837,002422.SZ
2021-09-06,16.61,16.75,16.54,16.57,9828891,181483628,0.91,-0.12055455093429313,002422.SZ
2021-09-07,16.58,16.94,16.57,16.88,12986699,242039421,1.2,1.87085093542545,002422.SZ
2021-09-08,16.88,16.9,16.64,16.81,9830617,183240222,0.91,-0.414691943127965,002422.SZ
2021-09-09,16.82,16.98,16.76,16.83,8924074,167094953,0.83,0.11897679952408424,002422.SZ
2021-09-12,16.83,16.83,16.58,16.73,7281408,135058774,0.67,-0.5941770647652889,002422.SZ
2021-09-13,16.67,16.78,16.4,16.46,8119925,149770928,0.75,-1.6138673042438656,002422.SZ
2021-09-14,16.44,16.5,16.26,16.42,5935732,108089390,0.55,-0.2430133657351119,002422.SZ
2021-09-15,16.43,16.57,16.33,16.33,5665945,103516984,0.52,-0.548112058465311,002422.SZ
2021-09-16,16.34,16.4,15.96,16.21,10415009,186683736,0.96,-0.7348438456827755,002422.SZ
2021-09-21,16.14,16.46,16.05,16.37,7473560,135665860,0.69,0.9870450339296788,002422.SZ
2021-09-22,16.37,16.53,16.26,16.37,6230988,113664936,0.58,0.0,002422.SZ
2021-09-23,16.46,16.62,16.33,16.56,8830400,161926032,0.82,1.16065974343309,002422.SZ
2021-09-26,16.55,16.72,16.31,16.4,11219166,205885827,1.04,-0.9661835748792313,002422.SZ
2021-09-27,16.23,16.46,16.22,16.4,6354157,115646776,0.59,0.0,002422.SZ
2021-09-28,16.28,16.48,16.15,16.2,8513459,154053640,0.79,-1.2195121951219523,002422.SZ
2021-09-29,16.2,16.4,16.14,16.16,7800564,140829510,0.72,-0.24691358024691024,002422.SZ
2021-10-07,16.04,16.62,16.04,16.48,13475331,246093871,1.25,1.980198019801982,002422.SZ
2021-10-10,16.45,16.76,16.41,16.7,11994263,221438884,1.11,1.3349514563106624,002422.SZ
2021-10-11,16.7,16.71,16.46,16.61,7734132,142573217,0.72,-0.5389221556886259,002422.SZ
2021-10-12,16.64,16.72,16.51,16.67,6163070,114042464,0.57,0.36122817579773425,002422.SZ
2021-10-13,16.69,16.96,16.57,16.77,9608025,179534446,0.89,0.5998800239951807,002422.SZ
2021-10-14,16.76,16.77,16.35,16.42,10468044,191741694,0.97,-2.0870602265950944,002422.SZ
2021-10-17,16.4,16.4,16.19,16.2,6871522,124106869,0.64,-1.3398294762484886,002422.SZ
2021-10-18,16.21,16.28,16.1,16.21,5394469,97076462,0.5,0.06172839506173311,002422.SZ
2021-10-19,16.22,16.31,16.1,16.21,6374848,114614560,0.59,0.0,002422.SZ
2021-10-20,16.19,16.34,16.18,16.25,5376539,97335893,0.5,0.2467612584824197,002422.SZ
2021-10-21,16.24,16.37,16.18,16.22,5020402,90730980,0.46,-0.18461538461539417,002422.SZ
2021-10-24,16.17,16.26,16.0,16.18,6391779,114504862,0.59,-0.2466091245376001,002422.SZ
2021-10-25,16.1,16.28,16.1,16.15,4609234,82809579,0.43,-0.185414091470959,002422.SZ
2021-10-26,16.15,16.19,15.5,15.56,12907050,225454441,1.19,-3.653250773993799,002422.SZ
2021-10-27,15.56,15.67,15.38,15.64,7954357,137097188,0.74,0.5141388174807249,002422.SZ
2021-10-28,15.64,15.95,15.62,15.89,6299197,110888514,0.58,1.5984654731457715,002422.SZ
2021-10-31,16.01,16.05,15.78,16.01,9311103,165037923,0.86,0.7551919446192601,002422.SZ
2021-11-01,16.01,16.34,15.88,16.27,13105072,236423143,1.21,1.6239850093691333,002422.SZ
2021-11-02,16.34,16.49,16.21,16.38,8954021,163077912,0.83,0.6760909649661917,002422.SZ
2021-11-03,16.53,16.53,16.28,16.44,6610302,120614664,0.61,0.3663003663003872,002422.SZ
2021-11-04,16.44,16.63,16.43,16.52,8725314,160572357,0.81,0.48661800486617945,002422.SZ
2021-11-07,16.54,16.63,16.45,16.57,8693992,160185919,0.8,0.3026634382566673,002422.SZ
2021-11-08,16.57,16.62,16.37,16.4,9673885,177474452,0.89,-1.025950512975271,002422.SZ
2021-11-09,16.44,16.57,16.14,16.3,10762189,195385746,1.0,-0.609756097560965,002422.SZ
2021-11-10,16.19,16.5,16.17,16.48,10923342,198899441,1.01,1.104294478527601,002422.SZ
2021-11-11,16.48,16.54,16.3,16.35,9042200,165164479,0.84,-0.7888349514563076,002422.SZ
2021-11-14,16.36,16.63,16.3,16.58,10018023,184141327,0.93,1.406727828746157,002422.SZ
2021-11-15,16.58,16.97,16.52,16.84,19782600,370110068,1.83,1.5681544028950611,002422.SZ
2021-11-16,16.85,16.85,16.55,16.71,10386438,192650785,0.96,-0.7719714964370517,002422.SZ
2021-11-17,16.66,16.75,16.49,16.54,6974270,128674052,0.64,-1.0173548773189767,002422.SZ
2021-11-18,16.56,16.66,16.36,16.63,8558941,157164269,0.79,0.5441354292623934,002422.SZ
2021-11-21,16.82,16.89,16.55,16.72,8413512,156284773,0.78,0.541190619362597,002422.SZ
2021-11-22,16.7,16.86,16.65,16.74,8105049,151002479,0.75,0.11961722488038617,002422.SZ
2021-11-23,16.76,16.76,16.52,16.67,6875684,127100331,0.64,-0.418160095579434,002422.SZ
2021-11-24,16.77,16.96,16.54,16.88,12303526,230510294,1.14,1.2597480503899083,002422.SZ
2021-11-25,16.89,17.12,16.72,16.77,8474401,158821435,0.78,-0.6516587677725116,002422.SZ
2021-11-28,16.76,16.96,16.67,16.92,10490073,196188967,0.97,0.8944543828264928,002422.SZ
2021-11-29,16.95,17.12,16.71,17.09,13346651,251424571,1.23,1.0047281323877,002422.SZ
2021-11-30,17.09,17.49,16.96,17.32,15676897,301306758,1.45,1.345816266822708,002422.SZ
2021-12-01,17.32,17.45,17.19,17.23,9422296,181133142,0.87,-0.5196304849884537,002422.SZ
2021-12-02,17.16,17.31,17.13,17.26,6907215,132356574,0.64,0.17411491584446992,002422.SZ
2021-12-05,17.29,17.29,16.92,16.95,9321662,176960824,0.86,-1.7960602549246918,002422.SZ
2021-12-06,16.96,17.08,16.87,17.0,6136135,115755570,0.57,0.2949852507374784,002422.SZ
2021-12-07,17.03,17.15,16.92,17.02,7704850,145895228,0.71,0.11764705882353343,002422.SZ
2021-12-08,17.08,17.14,16.93,17.1,8078898,153413088,0.75,0.4700352526439522,002422.SZ
2021-12-09,17.09,17.2,16.88,16.95,9812633,185765985,0.91,-0.8771929824561542,002422.SZ
2021-12-12,16.98,17.05,16.73,16.8,13133317,246016259,1.21,-0.8849557522123797,002422.SZ
2021-12-13,16.8,16.91,16.76,16.85,7608127,142355539,0.7,0.29761904761904656,002422.SZ
2021-12-14,16.85,16.89,16.64,16.71,8730530,162573493,0.81,-0.8308605341246333,002422.SZ
2021-12-15,16.71,16.75,16.43,16.53,11566330,212657819,1.07,-1.0771992818671472,002422.SZ
2021-12-16,16.56,16.58,16.39,16.39,8508226,155691932,0.79,-0.8469449485783431,002422.SZ
2021-12-19,16.38,16.49,16.23,16.29,9242841,167787155,0.85,-0.6101281269066616,002422.SZ
2021-12-20,16.29,16.45,16.28,16.38,5936006,107958529,0.55,0.5524861878453136,002422.SZ
2021-12-21,16.41,16.68,16.39,16.6,8074496,148611505,0.75,1.3431013431013605,002422.SZ
2021-12-22,16.61,16.67,16.51,16.55,6209779,114510369,0.57,-0.3012048192771122,002422.SZ
2021-12-23,16.55,16.72,16.49,16.64,6664305,123182272,0.62,0.5438066465256686,002422.SZ
2021-12-26,16.6,16.82,16.58,16.73,7629860,142052641,0.71,0.5408653846153744,002422.SZ
2021-12-27,16.76,17.21,16.76,16.91,13347599,251713407,1.23,1.075911536162577,002422.SZ
2021-12-28,16.82,17.18,16.78,16.89,11669138,220655804,1.08,-0.11827321111768097,002422.SZ
2021-12-29,16.86,16.97,16.75,16.85,12614600,235971133,1.17,-0.2368265245707435,002422.SZ
2021-12-30,16.92,17.13,16.8,17.03,14235131,269500708,1.26,1.0682492581602254,002422.SZ
2022-01-03,17.14,17.49,17.05,17.36,21700675,416326980,1.92,1.9377568995889494,002422.SZ
2022-01-04,17.9,17.98,17.1,17.62,34259320,668347269,3.02,1.497695852534564,002422.SZ
2022-01-05,17.65,17.75,17.3,17.42,17518746,340057664,1.55,-1.1350737797956811,002422.SZ
2022-01-06,17.51,18.35,17.27,18.15,40045777,800638451,3.53,4.190585533869107,002422.SZ
2022-01-09,17.9,18.01,17.43,17.84,29625131,585035066,2.61,-1.7079889807162463,002422.SZ
2022-01-10,17.78,17.9,17.57,17.75,17728605,349631868,1.56,-0.5044843049327397,002422.SZ
2022-01-11,17.83,18.12,17.59,17.75,16960657,335334297,1.5,0.0,002422.SZ
2022-01-12,17.69,17.92,17.63,17.69,13228788,260903748,1.17,-0.33802816901408184,002422.SZ
2022-01-13,17.72,18.1,17.6,17.96,19620942,390187912,1.73,1.5262860373092213,002422.SZ
2022-01-16,17.88,18.55,17.88,18.24,28764319,584905919,2.54,1.5590200445434244,002422.SZ
2022-01-17,18.39,18.58,17.84,17.92,26437435,533521844,2.33,-1.754385964912264,002422.SZ
2022-01-18,18.0,18.15,17.63,17.81,16972079,335900678,1.5,-0.6138392857143016,002422.SZ
2022-01-19,17.87,18.74,17.76,18.28,31358314,638974615,2.77,2.6389668725435245,002422.SZ
2022-01-20,19.38,19.97,17.94,18.16,51553562,1075406647,4.55,-0.6564551422319487,002422.SZ
2022-01-23,17.49,17.69,17.12,17.18,28750647,553859847,2.54,-5.396475770925113,002422.SZ
2022-01-24,17.31,17.37,16.49,16.5,18809396,352952942,1.66,-3.9580908032596063,002422.SZ
2022-01-25,16.59,16.65,16.26,16.3,12228829,222675454,1.08,-1.2121212121212088,002422.SZ
2022-01-26,16.29,16.33,15.55,15.7,24747074,435510619,2.18,-3.6809815950920366,002422.SZ
2022-01-27,15.81,15.88,15.54,15.78,10842155,189880626,0.96,0.5095541401273884,002422.SZ
2022-02-06,15.92,16.09,15.77,15.92,9474062,167737448,0.84,0.8871989860583129,002422.SZ
2022-02-07,15.93,16.1,15.82,16.07,8246000,146437819,0.73,0.9422110552763874,002422.SZ
2022-02-08,16.08,16.3,15.98,16.21,7672527,137830499,0.68,0.8711885500933381,002422.SZ
2022-02-09,16.28,16.31,16.05,16.14,7020232,126072083,0.62,-0.4318322023442289,002422.SZ
2022-02-10,16.28,16.28,15.94,16.04,9039488,161438639,0.8,-0.619578686493194,002422.SZ
2022-02-13,16.01,16.44,15.95,16.22,11332405,204685184,1.0,1.122194513715713,002422.SZ
2022-02-14,16.22,16.28,15.98,16.06,9349657,167361914,0.83,-0.9864364981504337,002422.SZ
2022-02-15,16.19,16.19,15.96,16.01,8012837,142786831,0.71,-0.31133250311330407,002422.SZ
2022-02-16,16.01,16.02,15.66,15.86,12483883,219795727,1.1,-0.9369144284822162,002422.SZ
2022-02-17,15.8,15.96,15.66,15.92,8436194,148775132,0.74,0.3783102143757988,002422.SZ
2022-02-20,15.91,16.04,15.81,16.0,8483908,150446667,0.75,0.5025125628140614,002422.SZ
2022-02-21,15.89,15.95,15.81,15.9,7412569,130802042,0.65,-0.6249999999999978,002422.SZ
2022-02-22,15.91,16.04,15.84,15.93,12776530,226162273,1.13,0.18867924528300772,002422.SZ
2022-02-23,15.84,15.96,15.61,15.7,12450252,218283782,1.1,-1.4438166980539902,002422.SZ
2022-02-24,15.74,15.9,15.71,15.76,8201927,144103824,0.72,0.3821656050955413,002422.SZ
2022-02-27,15.68,15.82,15.48,15.62,9923532,172050017,0.88,-0.8883248730964466,002422.SZ
2022-02-28,15.61,15.71,15.59,15.64,6365745,110758266,0.56,0.1280409731114096,002422.SZ
2022-03-01,15.64,15.8,15.55,15.79,7403900,129121404,0.65,0.959079283887454,002422.SZ
2022-03-02,15.82,16.03,15.75,15.95,11760312,208012154,1.04,1.0132995566814351,002422.SZ
2022-03-03,15.9,16.3,15.86,16.08,16815514,301095564,1.48,0.8150470219435713,002422.SZ
2022-03-06,16.01,16.16,15.79,15.88,13840238,245135615,1.22,-1.243781094527352,002422.SZ
2022-03-07,15.92,15.94,14.66,14.75,24872628,420354296,2.2,-7.115869017632248,002422.SZ
2022-03-08,14.85,14.9,13.81,14.3,24771936,394370431,2.19,-3.050847457627115,002422.SZ
2022-03-09,14.52,15.02,14.52,14.93,16794777,276133217,1.48,4.405594405594404,002422.SZ
2022-03-10,14.76,15.06,14.52,15.06,12163922,200133098,1.07,0.8707300736771728,002422.SZ
2022-03-13,15.11,15.51,14.93,14.97,16443291,278811121,1.45,-0.5976095617529875,002422.SZ
2022-03-14,14.75,14.75,13.94,14.04,18731472,299032576,1.65,-6.212424849699405,002422.SZ
2022-03-15,14.49,14.57,13.64,14.41,21629703,340487695,1.91,2.6353276353276334,002422.SZ
2022-03-16,14.85,15.85,14.75,15.84,49315926,854369543,4.35,9.92366412213741,002422.SZ
2022-03-17,15.29,15.66,15.13,15.47,30514744,524467230,2.69,-2.3358585858585856,002422.SZ
2022-03-20,15.38,15.68,15.12,15.5,22514792,384840946,1.99,0.19392372333548735,002422.SZ
2022-03-21,15.31,15.36,15.03,15.12,19179480,323672311,1.69,-2.4516129032258083,002422.SZ
2022-03-22,15.09,15.36,15.05,15.23,11707399,197672247,1.03,0.7275132275132323,002422.SZ
2022-03-23,15.21,15.76,14.98,15.6,21382702,367188264,1.89,2.4294156270518563,002422.SZ
2022-03-24,15.57,15.64,15.15,15.18,15940258,272705842,1.41,-2.692307692307694,002422.SZ
2022-03-27,15.11,15.29,14.79,15.08,10876300,181900775,0.96,-0.6587615283267456,002422.SZ
2022-03-28,15.11,15.42,15.02,15.26,11298363,192257869,1.0,1.1936339522546469,002422.SZ
2022-03-29,15.28,15.54,15.06,15.51,12600528,215286877,1.11,1.6382699868938477,002422.SZ
2022-03-30,15.45,15.77,15.38,15.59,15124220,262674798,1.33,0.5157962604771082,002422.SZ
2022-03-31,15.42,15.62,15.29,15.54,11752463,202217714,1.04,-0.3207184092366977,002422.SZ
2022-04-05,15.59,15.83,15.53,15.66,12041556,209906912,1.06,0.7722007722007707,002422.SZ
2022-04-06,15.56,15.65,15.2,15.21,13183039,225049844,1.16,-2.8735632183907955,002422.SZ
2022-04-07,15.28,15.33,14.86,15.06,10137032,169783958,0.89,-0.9861932938856066,002422.SZ
2022-04-10,15.12,15.36,14.69,14.75,12351678,206248982,1.09,-2.058432934926957,002422.SZ
2022-04-11,14.7,14.88,14.28,14.74,15532537,252324000,1.37,-0.06779661016949046,002422.SZ
2022-04-12,14.74,14.74,14.31,14.39,9113576,146916748,0.8,-2.3744911804613245,002422.SZ
2022-04-13,14.51,14.71,14.39,14.62,6562220,106366195,0.58,1.5983321751215973,002422.SZ
2022-04-14,14.62,14.62,14.43,14.52,6873131,110824255,0.61,-0.6839945280437743,002422.SZ
2022-04-17,14.47,14.64,14.19,14.62,8850981,141806701,0.78,0.688705234159781,002422.SZ
2022-04-18,14.79,15.64,14.7,15.23,21346690,360397855,1.88,4.172366621067036,002422.SZ
2022-04-19,15.15,15.47,15.02,15.05,13582571,230723937,1.2,-1.1818778726198298,002422.SZ
2022-04-20,15.01,15.19,14.49,14.55,12972204,213786577,1.14,-3.322259136212624,002422.SZ
2022-04-21,14.54,14.55,14.21,14.42,13069584,208869564,1.15,-0.8934707903780148,002422.SZ
2022-04-24,14.37,14.4,13.38,13.54,16182854,251424033,1.43,-6.102635228848829,002422.SZ
2022-04-25,13.58,13.67,13.07,13.22,16846063,249227981,1.49,-2.3633677991137247,002422.SZ
2022-04-26,13.38,14.53,13.31,14.38,24252078,377089088,2.14,8.774583963691374,002422.SZ
2022-04-27,14.21,14.99,14.14,14.97,20043765,326180423,1.77,4.102920723226711,002422.SZ
2022-04-28,14.86,15.54,14.84,15.24,22530120,382900751,1.99,1.8036072144288484,002422.SZ
2022-05-04,15.14,15.55,15.12,15.46,14351840,245514443,1.27,1.4435695538057791,002422.SZ
2022-05-05,15.24,15.51,15.14,15.23,10439783,177764694,0.92,-1.487710219922378,002422.SZ
2022-05-08,15.33,16.22,15.33,15.98,22686280,400624585,2.0,4.924491135915954,002422.SZ
2022-05-09,15.82,16.06,15.66,15.99,13108349,231886208,1.16,0.06257822277846437,002422.SZ
2022-05-10,16.06,16.45,16.01,16.06,17060476,308778004,1.51,0.43777360850529856,002422.SZ
2022-05-11,16.0,16.3,15.93,16.13,11292314,202553822,1.0,0.4358655043586568,002422.SZ
2022-05-12,16.19,16.5,16.18,16.48,13743366,250536973,1.21,2.169869807811531,002422.SZ
2022-05-15,17.43,17.59,16.32,16.52,31595259,577054454,2.79,0.24271844660193054,002422.SZ
2022-05-16,16.56,16.57,16.09,16.37,17498394,309334205,1.54,-0.9079903147699686,002422.SZ
2022-05-17,16.45,16.61,16.26,16.32,10368378,184867195,0.92,-0.30543677458766405,002422.SZ
2022-05-18,16.11,16.34,15.97,16.21,10764568,189009813,0.95,-0.6740196078431349,002422.SZ
2022-05-19,16.26,16.49,16.07,16.19,10136784,178676472,0.89,-0.12338062924120985,002422.SZ
2022-05-22,16.19,16.28,15.74,15.8,14771915,255321027,1.3,-2.4088943792464512,002422.SZ
2022-05-23,15.8,15.96,15.3,15.3,15921619,268706928,1.41,-3.164556962025311,002422.SZ
2022-05-24,15.3,15.72,15.11,15.63,13258725,222442820,1.17,2.1568627450980316,002422.SZ
2022-05-25,15.61,16.49,15.46,16.45,18923255,331699786,1.68,5.246321177223279,002422.SZ
2022-05-26,16.34,16.49,16.16,16.18,11003514,195118960,0.98,-1.6413373860182379,002422.SZ
2022-05-29,16.26,16.33,15.81,15.98,10032046,173982195,0.89,-1.2360939431396711,002422.SZ
2022-05-30,16.1,16.45,15.77,16.39,11660300,204939526,1.03,2.5657071339173942,002422.SZ
2022-05-31,16.23,16.51,16.07,16.11,10280383,181533684,0.91,-1.7083587553386237,002422.SZ
2022-06-01,16.11,16.21,15.88,16.1,9337647,162634615,0.83,-0.06207324643077161,002422.SZ
2022-06-05,16.13,16.92,16.03,16.78,21421359,386882726,1.9,4.223602484472044,002422.SZ
2022-06-06,16.78,16.99,16.57,16.97,14355906,262607452,1.27,1.1323003575685275,002422.SZ
2022-06-07,16.83,17.3,16.75,17.19,16230284,300728276,1.44,1.296405421331781,002422.SZ
2022-06-08,17.1,17.31,16.75,16.85,10542129,194554456,0.93,-1.9778941244909864,002422.SZ
2022-06-09,16.75,17.19,16.73,17.14,11352418,209537983,1.01,1.7210682492581508,002422.SZ
2022-06-12,17.01,17.19,16.75,17.11,12704508,233951152,1.13,-0.17502917152859565,002422.SZ
2022-06-13,16.99,17.5,16.92,17.42,11878047,223147320,1.05,1.8118059614260718,002422.SZ
2022-06-14,17.42,17.49,17.06,17.06,10067441,189207657,0.89,-2.066590126291634,002422.SZ
2022-06-15,17.12,17.52,17.07,17.33,11822221,223217611,1.05,1.5826494724501705,002422.SZ
2022-06-16,17.13,17.51,17.11,17.42,10009862,188613340,0.89,0.5193306405078202,002422.SZ
2022-06-19,17.47,17.82,17.29,17.73,12821929,245266914,1.14,1.7795637198622094,002422.SZ
2022-06-20,17.77,17.97,17.59,17.69,9452349,182174580,0.84,-0.2256063169768674,002422.SZ
2022-06-21,17.67,17.97,17.58,17.64,8868056,171099841,0.79,-0.2826455624646784,002422.SZ
2022-06-22,17.56,17.65,17.3,17.51,10900905,206384674,0.97,-0.7369614512471645,002422.SZ
2022-06-23,17.48,17.98,17.47,17.88,10771609,208326629,0.95,2.1130782410051285,002422.SZ
2022-06-26,17.91,18.14,17.4,17.5,20819777,400829328,1.84,-2.1252796420581643,002422.SZ
2022-06-27,17.58,17.65,17.28,17.65,15186553,288083185,1.35,0.8571428571428452,002422.SZ
2022-06-28,17.63,17.63,17.07,17.07,15026903,281371211,1.33,-3.286118980169961,002422.SZ
2022-06-29,17.17,17.35,17.11,17.21,10757810,201436804,0.95,0.8201523140011657,002422.SZ
2022-06-30,17.27,17.41,17.08,17.22,6970025,130475077,0.62,0.058105752469472804,002422.SZ
2022-07-03,17.17,17.73,17.14,17.56,14665446,279288906,1.3,1.9744483159117365,002422.SZ
2022-07-04,17.62,17.86,17.44,17.8,11672833,224037467,1.03,1.3667425968109548,002422.SZ
2022-07-05,17.67,17.86,17.51,17.65,12149519,233397213,1.08,-0.8426966292134908,002422.SZ
2022-07-06,18.51,18.78,17.14,17.28,35340514,687585299,3.13,-2.0963172804532415,002422.SZ
2022-07-07,17.28,18.37,17.21,18.17,34465617,674946657,3.05,5.150462962962976,002422.SZ
2022-07-10,18.08,18.25,17.77,17.88,15158661,296280533,1.34,-1.5960374243258246,002422.SZ
2022-07-11,18.03,18.07,17.42,17.49,11531416,220724665,1.02,-2.181208053691275,002422.SZ
2022-07-12,17.57,17.94,17.33,17.73,11788233,226722742,1.04,1.3722126929674117,002422.SZ
2022-07-13,17.5,17.66,17.19,17.23,12965921,244264580,1.15,-2.820078962210937,002422.SZ
2022-07-14,17.36,17.9,17.08,17.49,18359369,349660449,1.63,1.5089959373186135,002422.SZ
2022-07-17,17.61,17.98,17.35,17.89,15765870,304316324,1.4,2.287021154945701,002422.SZ
2022-07-18,17.89,17.92,17.66,17.86,9327458,180575624,0.83,-0.1676914477361735,002422.SZ
2022-07-19,17.94,18.49,17.81,18.43,15435251,306514082,1.37,3.1914893617021267,002422.SZ
2022-07-20,18.43,18.89,18.31,18.6,19769772,401383285,1.75,0.9224091155724423,002422.SZ
2022-07-21,18.65,19.45,18.65,19.04,27077564,563685161,2.4,2.3655913978494425,002422.SZ
2022-07-24,19.04,19.34,18.76,19.15,16323088,339981655,1.45,0.5777310924369727,002422.SZ
2022-07-25,19.22,19.3,18.97,19.04,10788347,224102773,0.96,-0.5744125326370697,002422.SZ
2022-07-26,19.4,20.89,19.37,20.53,51819142,1140394983,4.63,7.825630252100857,002422.SZ
2022-07-27,20.54,21.21,20.48,20.82,26744668,605866822,2.39,1.4125669751583025,002422.SZ
2022-07-28,20.99,20.99,20.13,20.26,20903730,463392484,1.87,-2.6897214217098897,002422.SZ
2022-07-31,20.43,20.48,19.98,20.12,14357689,314679394,1.28,-0.691016781836129,002422.SZ
2022-08-01,20.04,20.05,19.23,19.62,20962152,446312584,1.87,-2.48508946322068,002422.SZ
2022-08-02,19.67,20.35,19.67,19.91,16511469,359634095,1.47,1.4780835881753163,002422.SZ
2022-08-03,19.93,20.49,19.8,20.25,13639179,299273350,1.22,1.7076845806127672,002422.SZ
2022-08-04,20.27,20.76,20.05,20.44,17060681,378491857,1.52,0.9382716049382678,002422.SZ
2022-08-07,20.51,21.01,20.45,20.72,12442011,280720011,1.11,1.3698630136986134,002422.SZ
2022-08-08,20.72,21.06,20.46,20.89,12365695,280405024,1.1,0.8204633204633272,002422.SZ
2022-08-09,20.88,21.06,20.51,20.57,10509074,236419993,0.94,-1.5318334131163236,002422.SZ
2022-08-10,20.71,21.24,20.66,21.02,12330632,281838046,1.1,2.1876519202722378,002422.SZ
2022-08-11,21.09,21.24,20.89,21.12,10725244,245450361,0.96,0.4757373929590969,002422.SZ
2022-08-14,20.91,21.08,19.96,20.13,24792900,546127505,2.21,-4.687500000000011,002422.SZ
2022-08-15,20.43,20.71,20.17,20.36,12134327,268997602,1.08,1.142573273720826,002422.SZ
2022-08-16,20.36,20.39,19.71,20.26,12500299,271366568,1.12,-0.4911591355599154,002422.SZ
2022-08-17,20.34,20.39,19.73,19.88,11980162,259327180,1.07,-1.875616979269512,002422.SZ
2022-08-18,20.01,20.3,19.77,20.16,12703371,276736652,1.13,1.4084507042253502,002422.SZ
2022-08-21,19.99,20.31,19.78,20.18,9555373,208255208,0.85,0.09920634920634885,002422.SZ
2022-08-22,20.1,20.1,19.65,19.74,10116221,217506998,0.9,-2.1803766105054523,002422.SZ
2022-08-23,19.75,19.85,19.33,19.46,9233746,195932391,0.82,-1.4184397163120477,002422.SZ
2022-08-24,19.49,19.88,19.49,19.83,10727656,229836898,0.96,1.901336073997939,002422.SZ
2022-08-25,19.86,20.43,19.73,19.88,10078340,219570353,0.9,0.2521432173474558,002422.SZ
2022-08-28,19.78,20.6,19.72,20.25,13091391,287520679,1.17,1.8611670020120874,002422.SZ
2022-08-29,20.14,20.42,19.98,20.26,11531808,253241224,1.03,0.04938271604939537,002422.SZ
2022-08-30,20.62,20.62,19.75,19.76,13027717,282375438,1.16,-2.4679170779861814,002422.SZ
2022-08-31,19.8,20.03,19.59,19.69,10059743,216174179,0.9,-0.3542510121457454,002422.SZ
2022-09-01,19.61,20.45,19.61,20.13,15123686,331538590,1.35,2.2346368715083775,002422.SZ
2022-09-04,20.12,20.21,19.67,19.83,9142695,197322719,0.82,-1.4903129657228065,002422.SZ
2022-09-05,19.91,20.22,19.73,20.04,7875750,171543316,0.7,1.0590015128593144,002422.SZ
2022-09-06,20.09,20.31,19.79,19.97,7258072,157853003,0.65,-0.3493013972055925,002422.SZ
2022-09-07,20.15,20.48,19.93,19.97,9584427,210475476,0.86,0.0,002422.SZ
2022-09-08,19.88,20.07,19.75,19.88,8546228,185104351,0.76,-0.4506760140210342,002422.SZ
2022-09-12,19.91,19.92,19.11,19.72,14024605,298315932,1.25,-0.8048289738430636,002422.SZ
2022-09-13,19.56,19.89,19.21,19.8,10052434,214634377,0.9,0.40567951318459805,002422.SZ
2022-09-14,19.97,20.33,19.48,19.53,10562094,228282096,0.94,-1.3636363636363669,002422.SZ
2022-09-15,20.03,20.3,19.54,19.56,18751800,405979716,1.67,0.1536098310291667,002422.SZ
2022-09-18,19.41,19.75,19.08,19.19,14309074,300428322,1.28,-1.8916155419222758,002422.SZ
2022-09-19,19.33,20.43,19.33,20.25,21872972,476930878,1.95,5.523710265763415,002422.SZ
2022-09-20,20.24,20.32,19.5,19.5,16732070,359670213,1.49,-3.703703703703709,002422.SZ
2022-09-21,19.43,19.45,17.9,18.4,30167860,605871036,2.69,-5.641025641025643,002422.SZ
2022-09-22,18.35,18.87,18.24,18.6,12551462,253200835,1.12,1.0869565217391353,002422.SZ
2022-09-25,18.46,19.39,18.14,19.05,14972356,309298815,1.34,2.4193548387096753,002422.SZ
2022-09-26,19.23,19.74,18.94,19.7,15978582,336220306,1.43,3.4120734908136496,002422.SZ
2022-09-27,19.7,20.32,19.58,19.85,16062908,348564138,1.43,0.7614213197969733,002422.SZ
2022-09-28,20.14,20.57,19.9,20.42,15205279,336698302,1.36,2.8715365239294632,002422.SZ
2022-09-29,20.43,20.59,20.2,20.29,9860756,218216623,0.88,-0.6366307541625926,002422.SZ
2022-10-09,20.37,20.55,19.78,19.93,14241168,311119021,1.27,-1.7742730409068486,002422.SZ
2022-10-10,19.96,20.03,19.57,19.85,11047263,237213880,0.99,-0.4014049172102241,002422.SZ
2022-10-11,19.81,19.95,19.19,19.88,11580204,245682393,1.03,0.15113350125943725,002422.SZ
2022-10-12,19.91,20.85,19.85,20.8,20884657,467521727,1.86,4.627766599597605,002422.SZ
2022-10-13,20.79,22.81,20.78,22.65,48516675,1162061862,4.33,8.894230769230749,002422.SZ
2022-10-16,22.74,23.07,22.33,22.6,24214552,596442868,2.16,-0.22075055187636972,002422.SZ
2022-10-17,22.64,24.16,22.37,23.75,45470377,1158407744,4.06,5.088495575221241,002422.SZ
2022-10-18,23.54,23.82,23.25,23.48,23678675,602717103,2.11,-1.1368421052631583,002422.SZ
2022-10-19,23.33,23.7,23.01,23.12,21301523,540177118,1.9,-1.5332197614991494,002422.SZ
2022-10-20,23.03,23.67,22.92,23.52,20222115,514104661,1.81,1.730103806228378,002422.SZ
2022-10-23,23.37,23.87,22.74,22.91,21532274,540263860,1.92,-2.593537414965985,002422.SZ
2022-10-24,22.91,22.99,22.09,22.46,20219499,493097299,1.81,-1.9642077695329552,002422.SZ
2022-10-25,22.5,23.38,22.47,23.16,22926341,574067417,2.05,3.116651825467498,002422.SZ
2022-10-26,23.13,23.76,22.8,23.46,19216635,487493950,1.72,1.2953367875647714,002422.SZ
2022-10-27,23.38,23.65,22.81,23.01,15416161,387666027,1.38,-1.9181585677749302,002422.SZ
2022-10-30,23.1,23.94,22.55,22.83,23042278,574787177,2.06,-0.7822685788787642,002422.SZ
2022-10-31,22.65,23.02,21.63,22.41,32039048,771575013,2.86,-1.8396846254927657,002422.SZ
2022-11-01,22.59,23.29,22.39,22.41,23843818,590863279,2.13,0.0,002422.SZ
2022-11-02,22.31,22.6,22.01,22.44,14815386,359209258,1.32,0.1338688085676054,002422.SZ
2022-11-03,22.44,23.06,22.29,22.99,17549276,435173434,1.57,2.450980392156854,002422.SZ
2022-11-06,22.9,22.93,22.06,22.18,15248035,369484261,1.36,-3.523270987385818,002422.SZ
2022-11-07,22.39,22.57,22.0,22.38,9608875,233138634,0.86,0.9017132551848439,002422.SZ
2022-11-08,22.28,22.69,22.22,22.42,8770266,214163059,0.78,0.17873100983021306,002422.SZ
2022-11-09,22.28,22.55,21.98,22.2,10026056,241696648,0.9,-0.9812667261373864,002422.SZ
2022-11-10,22.51,22.98,21.8,21.97,21610902,524782544,1.93,-1.0360360360360366,002422.SZ
2022-11-13,22.06,23.09,21.75,22.91,22784752,561781218,2.03,4.278561675011394,002422.SZ
2022-11-14,22.92,22.98,22.14,22.36,20897527,506721113,1.87,-2.400698384984723,002422.SZ
2022-11-15,22.37,23.08,21.99,22.54,21805745,537219185,1.95,0.805008944543828,002422.SZ
2022-11-16,22.34,22.61,22.15,22.51,10818708,262951027,0.97,-0.1330967169476338,002422.SZ
2022-11-17,22.53,23.31,22.4,22.83,22219703,553838494,1.98,1.4215904042647498,002422.SZ
2022-11-20,22.83,22.92,22.42,22.51,14185014,348287075,1.27,-1.4016644765659114,002422.SZ
2022-11-21,22.66,22.95,21.75,21.94,17835704,428866229,1.59,-2.5322079075966286,002422.SZ
2022-11-22,22.27,22.28,21.37,21.88,14533230,342776961,1.3,-0.27347310847767314,002422.SZ
2022-11-23,21.82,22.11,21.66,21.98,10751142,255711534,0.96,0.4570383912248621,002422.SZ
2022-11-24,21.77,22.03,21.29,21.47,13073565,305177337,1.17,-2.3202911737943643,002422.SZ
2022-11-27,21.17,21.59,21.15,21.52,13681234,317525401,1.22,0.23288309268747476,002422.SZ
2022-11-28,21.5,22.06,21.38,21.89,10900911,259333718,0.97,1.719330855018586,002422.SZ
2022-11-29,21.89,22.18,21.43,21.7,11568700,273660767,1.03,-0.8679762448606687,002422.SZ
2022-11-30,21.82,22.15,21.57,21.82,12747694,301522485,1.14,0.55299539170508,002422.SZ
2022-12-01,21.71,22.03,21.69,21.91,6195549,147228896,0.55,0.4124656278643446,002422.SZ
2022-12-04,21.95,22.07,21.49,21.65,12336649,291037323,1.1,-1.186672752167972,002422.SZ
2022-12-05,21.65,21.91,21.2,21.36,15474886,360699272,1.38,-1.3394919168591146,002422.SZ
2022-12-06,21.89,22.49,21.37,22.2,24544777,586959194,2.19,3.93258426966292,002422.SZ
2022-12-07,22.41,22.42,21.37,21.73,22518398,531623346,2.01,-2.1171171171171066,002422.SZ
2022-12-08,21.57,21.85,21.45,21.6,14031776,329695133,1.25,-0.5982512655315242,002422.SZ
2022-12-11,21.63,22.41,21.59,22.22,19590464,471132717,1.75,2.8703703703703676,002422.SZ
2022-12-12,22.39,22.43,21.68,21.82,14057609,333876125,1.26,-1.8001800180017957,002422.SZ
2022-12-13,22.01,22.09,21.12,21.24,16586852,386520744,1.48,-2.658111824014675,002422.SZ
2022-12-14,21.25,21.39,20.91,20.95,13445402,307936942,1.2,-1.365348399246702,002422.SZ
2022-12-15,20.96,21.42,20.96,21.36,11962617,276090623,1.07,1.9570405727923568,002422.SZ
2022-12-18,21.28,21.43,20.63,20.69,13646396,308020463,1.22,-3.1367041198501755,002422.SZ
2022-12-19,20.62,20.82,20.26,20.59,10105198,225404700,0.9,-0.48332527791203894,002422.SZ
2022-12-20,20.68,20.83,20.24,20.44,7236662,160588630,0.65,-0.7285089849441428,002422.SZ
2022-12-21,20.47,20.57,19.97,20.07,10162145,223413045,0.91,-1.8101761252446225,002422.SZ
2022-12-22,22.07,22.07,22.07,22.07,8283122,198629266,0.74,9.96512207274538,002422.SZ
2022-12-25,22.55,24.03,22.18,23.46,61615244,1558640381,5.5,6.298142274580876,002422.SZ
2022-12-26,23.53,23.69,22.74,23.04,29601372,743644661,2.64,-1.7902813299232823,002422.SZ
2022-12-27,23.4,24.08,23.09,23.52,25574040,655310890,2.28,2.083333333333326,002422.SZ
2022-12-28,23.25,24.68,23.25,24.67,34528622,910581399,3.08,4.889455782312924,002422.SZ
2022-12-29,24.42,24.81,24.28,24.49,25870014,688475211,2.31,-0.7296311309282655,002422.SZ
2023-01-02,24.49,24.64,24.21,24.29,22968095,608704911,2.04,-0.8166598611678233,002422.SZ
2023-01-03,24.25,25.47,24.22,25.26,37046549,1009131366,3.29,3.993412927130513,002422.SZ
2023-01-04,25.23,26.47,25.18,26.14,31323318,886209202,2.78,3.4837688044338844,002422.SZ
2023-01-05,26.05,26.23,25.62,25.88,19141897,538547739,1.7,-0.9946442234123998,002422.SZ
2023-01-08,26.1,26.77,25.81,26.32,20600165,588381820,1.83,1.7001545595054068,002422.SZ
2023-01-09,26.31,26.5,25.69,26.08,19813745,559933131,1.76,-0.911854103343468,002422.SZ
2023-01-10,26.06,26.22,25.68,25.75,12386013,348435661,1.1,-1.2653374233128734,002422.SZ
2023-01-11,25.77,26.09,25.56,25.74,13547381,379040962,1.2,-0.03883495145631244,002422.SZ
2023-01-12,25.85,26.51,25.44,26.51,22765765,648135590,2.02,2.991452991453003,002422.SZ
2023-01-15,25.83,26.13,25.16,25.31,43445283,1206205771,3.86,-4.526593738212004,002422.SZ
2023-01-16,25.59,25.59,24.86,25.22,17348991,473719554,1.54,-0.35559067562228597,002422.SZ
2023-01-17,25.11,25.34,25.02,25.3,10217237,279747150,0.91,0.3172085646312439,002422.SZ
2023-01-18,25.29,26.12,25.14,25.87,20307231,568282092,1.8,2.2529644268774796,002422.SZ
2023-01-19,25.78,26.19,25.5,25.6,13166877,368584215,1.17,-1.0436799381522976,002422.SZ
2023-01-29,25.86,25.96,24.81,25.03,24288617,660932914,2.16,-2.2265624999999956,002422.SZ
2023-01-30,25.1,25.38,24.89,25.01,15313584,417428603,1.36,-0.07990411506192396,002422.SZ
2023-01-31,24.94,25.21,24.53,25.0,17000332,460378793,1.51,-0.03998400639744215,002422.SZ
2023-02-01,25.08,26.48,25.0,25.98,26923452,760413564,2.39,3.9200000000000124,002422.SZ
2023-02-02,25.96,27.03,25.86,26.88,29426376,850555620,2.61,3.4642032332563355,002422.SZ
2023-02-05,26.69,27.78,26.69,27.07,28958862,858931981,2.57,0.7068452380952328,002422.SZ
2023-02-06,26.8,27.27,26.56,26.61,17991053,524819513,1.6,-1.6992981159955733,002422.SZ
2023-02-07,26.61,27.97,26.37,27.72,27094133,810862102,2.41,4.171364148816226,002422.SZ
2023-02-08,27.79,28.18,27.58,27.79,16852680,510010971,1.5,0.2525252525252597,002422.SZ
2023-02-09,27.64,28.14,27.2,27.58,15939074,477294482,1.42,-0.7556675062972307,002422.SZ
2023-02-12,27.45,28.53,27.29,27.35,19885340,599877039,1.77,-0.833937635968085,002422.SZ
2023-02-13,27.61,27.91,27.2,27.71,12843238,385226643,1.14,1.3162705667276065,002422.SZ
2023-02-14,28.01,28.01,26.69,26.88,19283453,565648076,1.71,-2.9953085528690027,002422.SZ
2023-02-15,27.01,27.14,26.45,26.6,13074806,380866942,1.16,-1.041666666666663,002422.SZ
2023-02-16,26.65,26.86,26.33,26.56,13055669,376425186,1.16,-0.15037593984963404,002422.SZ
2023-02-19,26.56,27.1,25.96,26.99,16892643,487679817,1.5,1.6189759036144613,002422.SZ
2023-02-20,27.0,27.01,26.61,26.97,7870032,229361654,0.7,-0.07410151908113782,002422.SZ
2023-02-21,26.85,27.49,26.69,26.73,12005892,351972957,1.07,-0.8898776418242438,002422.SZ
2023-02-22,26.61,26.9,26.37,26.47,7053860,203490025,0.63,-0.9726898615787571,002422.SZ
2023-02-23,26.58,26.58,26.1,26.22,7926247,226324002,0.7,-0.9444654325651669,002422.SZ
2023-02-26,26.23,26.59,26.1,26.28,8832905,252360902,0.75,0.22883295194509046,002422.SZ
2023-02-27,26.28,27.08,26.23,26.57,12510585,362636593,1.07,1.1035007610350034,002422.SZ
2023-02-28,26.42,26.78,25.82,26.34,13161203,375109351,1.12,-0.8656379375235224,002422.SZ
2023-03-01,26.26,26.26,25.79,26.0,8976857,253472675,0.77,-1.2908124525436548,002422.SZ
2023-03-02,26.0,26.15,25.66,25.83,7852409,220878164,0.67,-0.6538461538461604,002422.SZ
2023-03-05,25.87,26.33,25.59,26.23,13861753,391912607,1.18,1.548586914440575,002422.SZ
2023-03-06,26.22,26.45,25.56,25.59,13023203,367000144,1.11,-2.439954250857801,002422.SZ
2023-03-07,25.43,25.8,25.19,25.31,12745458,352338826,1.09,-1.0941774130519777,002422.SZ
2023-03-08,25.44,25.52,25.07,25.15,10241350,280551474,0.87,-0.6321612011062849,002422.SZ
2023-03-09,25.15,25.4,24.95,25.06,12161712,332661731,1.04,-0.3578528827037797,002422.SZ
2023-03-12,24.85,25.76,24.71,25.44,14608740,402187623,1.25,1.5163607342378427,002422.SZ
2023-03-13,25.61,26.51,25.31,25.31,18063332,509004960,1.54,-0.5110062893081913,002422.SZ
2023-03-14,25.36,26.01,25.36,25.74,11352590,318284009,0.97,1.6989332279731428,002422.SZ
2023-03-15,25.64,26.44,25.64,25.85,12487907,353747852,1.07,0.42735042735044804,002422.SZ
2023-03-16,25.87,26.07,25.2,25.35,13810944,383218647,1.18,-1.934235976789167,002422.SZ
2023-03-19,25.26,25.34,24.48,24.62,18413480,494642142,1.57,-2.8796844181459558,002422.SZ
2023-03-20,24.84,25.87,24.76,25.75,16784850,464311251,1.43,4.589764419171405,002422.SZ
2023-03-21,25.68,26.04,25.49,25.6,9143527,255771078,0.78,-0.5825242718446533,002422.SZ
2023-03-22,25.55,25.59,24.65,24.93,16401060,444691746,1.4,-2.6171875000000067,002422.SZ
2023-03-23,25.01,25.25,24.38,24.56,13110960,350484446,1.12,-1.4841556357801933,002422.SZ
2023-03-26,24.56,24.9,24.23,24.58,8616518,230509747,0.74,0.08143322475568926,002422.SZ
2023-03-27,24.67,26.31,24.6,25.85,23878279,664649198,2.04,5.16680227827504,002422.SZ
2023-03-28,25.82,25.85,25.21,25.4,14004048,387882041,1.2,-1.740812379110257,002422.SZ
2023-03-29,25.59,25.84,25.35,25.66,11585159,321926346,0.99,1.0236220472441104,002422.SZ
2023-03-30,25.83,26.37,25.68,26.16,14617182,415280323,1.24,1.9485580670304037,002422.SZ
2023-04-02,26.14,26.14,24.39,24.57,36443869,981239441,3.1,-6.077981651376141,002422.SZ
2023-04-03,24.66,25.1,24.5,24.58,17010443,456427347,1.45,0.04070004070002575,002422.SZ
2023-04-05,24.67,25.22,24.58,24.78,10772406,292405733,0.92,0.8136696501220619,002422.SZ
2023-04-06,25.06,26.87,25.02,26.5,30194902,863200047,2.57,6.94108151735271,002422.SZ
2023-04-09,26.6,27.61,26.6,27.42,25021801,743270685,2.13,3.4716981132075553,002422.SZ
2023-04-10,27.06,27.24,26.68,27.09,18098178,530491020,1.54,-1.2035010940919078,002422.SZ
2023-04-11,27.03,27.64,26.97,27.18,13944492,414359019,1.19,0.33222591362125353,002422.SZ
2023-04-12,27.07,27.67,26.95,27.49,15616895,466402828,1.33,1.1405445180279639,002422.SZ
2023-04-13,29.06,29.47,27.8,28.09,38224337,1183454325,3.26,2.1826118588577748,002422.SZ
2023-04-16,28.14,29.04,27.49,28.33,28622976,881732389,2.44,0.8543965824136635,002422.SZ
2023-04-17,28.17,28.35,27.8,28.1,16082081,490732250,1.37,-0.8118602188492696,002422.SZ
2023-04-18,28.14,28.18,27.49,27.6,13847136,417051198,1.18,-1.7793594306049876,002422.SZ
2023-04-19,27.76,28.1,27.41,27.6,12833665,385967713,1.09,0.0,002422.SZ
2023-04-20,27.53,27.9,27.19,27.33,11409803,341175554,0.97,-0.9782608695652284,002422.SZ
2023-04-23,27.61,28.12,27.49,27.61,17241668,520527309,1.47,1.0245151847786405,002422.SZ
2023-04-24,27.6,27.7,26.99,27.36,16304937,484483150,1.39,-0.905469032959072,002422.SZ
2023-04-25,27.8,28.81,27.44,28.22,24210351,737864841,2.06,3.14327485380117,002422.SZ
2023-04-26,28.23,29.06,28.06,28.67,16017643,498479881,1.36,1.5946137491141155,002422.SZ
2023-04-27,28.64,29.41,28.46,29.27,16307763,513691866,1.39,2.0927799093128696,002422.SZ
2023-05-03,29.43,30.17,29.19,29.4,13830883,445012019,1.18,0.44414075845575773,002422.SZ
2023-05-04,29.4,29.4,28.63,28.99,9047058,284297420,0.77,-1.39455782312925,002422.SZ
2023-05-07,28.99,29.78,28.71,29.17,10645095,338061244,0.91,0.6209037599172351,002422.SZ
2023-05-08,29.25,29.43,28.69,28.99,11911440,374254072,1.01,-0.6170723345903406,002422.SZ
2023-05-09,28.99,29.04,28.29,28.44,8387685,260310433,0.71,-1.8972059330803592,002422.SZ
2023-05-10,28.53,29.61,28.17,28.35,15371907,480348981,1.31,-0.31645569620253333,002422.SZ
2023-05-11,28.26,28.8,28.0,28.16,11043478,339743744,0.94,-0.6701940035273468,002422.SZ
2023-05-14,28.18,28.86,28.06,28.8,12765929,386943742,1.09,2.2727272727272707,002422.SZ
2023-05-15,28.81,30.2,28.8,29.74,23375592,740059080,1.99,3.2638888888888884,002422.SZ
2023-05-16,29.88,29.88,29.26,29.66,8603142,270660395,0.73,-0.26899798251512896,002422.SZ
2023-05-17,29.95,30.37,29.57,30.04,11307161,361434516,0.96,1.2811867835468504,002422.SZ
2023-05-18,29.81,30.15,29.52,30.0,12250486,389677590,1.04,-0.13315579227696217,002422.SZ
2023-05-21,30.0,30.58,29.33,29.86,14210497,450505244,1.21,-0.4666666666666708,002422.SZ
2023-05-22,30.05,30.95,29.96,30.12,17923014,581188505,1.53,0.8707300736771728,002422.SZ
2023-05-23,30.13,30.15,29.35,29.71,10141345,319970820,0.86,-1.3612217795484716,002422.SZ
2023-05-24,29.71,29.82,28.94,29.35,12115273,377187418,1.03,-1.2117132278694043,002422.SZ
2023-05-25,29.35,31.23,29.35,31.01,27318464,894175322,2.32,5.65587734241908,002422.SZ
2023-05-28,30.9,31.26,30.52,30.76,15324061,501561224,1.3,-0.806191551112545,002422.SZ
2023-05-29,30.76,30.76,28.36,29.15,39872310,1244666469,3.39,-5.234070221066334,002422.SZ
2023-05-30,29.15,29.83,28.8,29.09,18181677,565124253,1.54,-0.20583190394510842,002422.SZ
2023-05-31,29.12,29.26,28.5,28.95,11171574,343820157,0.95,-0.4812650395324858,002422.SZ
2023-06-01,29.15,29.58,28.81,28.95,11874736,368458711,1.01,0.0,002422.SZ
2023-06-04,29.03,29.16,28.66,29.04,9630265,297043200,0.82,0.31088082901553626,002422.SZ
2023-06-05,29.11,29.11,28.16,28.34,16015939,484944409,1.36,-2.4104683195592225,002422.SZ
2023-06-06,28.34,28.79,27.89,28.04,12532540,376103364,1.06,-1.0585744530698715,002422.SZ
2023-06-07,27.97,28.15,27.24,27.61,18473867,540884872,1.57,-1.5335235378031387,002422.SZ
2023-06-08,27.71,28.45,27.5,28.27,13777196,412580880,1.17,2.39043824701195,002422.SZ
2023-06-11,28.19,28.38,27.48,27.66,15548547,460045209,1.32,-2.1577644145737485,002422.SZ
2023-06-12,27.59,28.16,27.58,27.82,10275659,304438083,0.87,0.5784526391901634,002422.SZ
2023-06-13,27.59,27.98,27.29,27.47,15779638,462670594,1.34,-1.2580877066858398,002422.SZ
2023-06-14,27.48,27.99,27.38,27.77,9784077,288755659,0.83,1.0921004732435513,002422.SZ
2023-06-15,27.86,28.85,27.8,28.31,18015836,545205853,1.53,1.944544472452292,002422.SZ
2023-06-18,28.28,28.96,28.04,28.18,9047866,273761631,0.77,-0.4592016955139444,002422.SZ
2023-06-19,28.16,28.18,27.4,27.61,16048240,472251350,1.36,-2.0227111426543654,002422.SZ
2023-06-20,27.76,27.79,27.1,27.22,8982594,261200566,0.76,-1.4125316914161523,002422.SZ
2023-06-25,27.08,27.74,26.96,27.33,11024726,321095350,0.94,0.4041146216017699,002422.SZ
2023-06-26,27.38,28.26,27.35,27.66,13072119,387452406,1.11,1.207464324917673,002422.SZ
2023-06-27,27.62,27.93,27.25,27.76,8766934,257661241,0.74,0.3615328994938549,002422.SZ
2023-06-28,27.66,28.18,27.56,27.73,7400553,219123344,0.63,-0.10806916426513435,002422.SZ
2023-06-29,27.89,28.46,27.73,27.88,14119574,422427529,1.2,0.5409304002884863,002422.SZ
2023-07-02,27.99,28.07,27.23,27.89,12464599,367572199,1.06,0.035868005738892705,002422.SZ
2023-07-03,27.53,27.71,25.93,26.86,45780419,1303739055,3.88,-3.6930799569738326,002422.SZ
2023-07-04,26.95,27.78,26.08,26.41,42534585,1200884126,3.6,-1.6753536857781026,002422.SZ
2023-07-05,26.33,26.64,26.26,26.32,17228737,484625232,1.46,-0.34078000757289395,002422.SZ
2023-07-06,26.25,27.12,26.03,26.88,15304597,436159815,1.3,2.127659574468077,002422.SZ
2023-07-09,26.9,26.91,26.14,26.36,11449521,321595906,0.97,-1.9345238095238027,002422.SZ
2023-07-10,26.38,26.85,26.28,26.73,10688633,303149883,0.91,1.4036418816388396,002422.SZ
2023-07-11,26.69,26.78,26.37,26.44,8834680,249843657,0.75,-1.0849233071455244,002422.SZ
2023-07-12,26.54,27.11,26.51,26.81,10366351,296260829,0.88,1.3993948562783576,002422.SZ
2023-07-13,26.67,26.87,26.53,26.64,5843237,165696924,0.5,-0.6340917568071536,002422.SZ
2023-07-16,26.49,26.55,26.12,26.39,6352182,177937878,0.54,-0.9384384384384381,002422.SZ
2023-07-17,26.4,26.52,25.83,26.09,10861141,301599625,0.92,-1.1367942402425224,002422.SZ
2023-07-18,26.05,26.2,25.87,26.02,6099383,168935507,0.52,-0.268302031429668,002422.SZ
2023-07-19,26.02,26.12,25.58,25.67,9021273,247278069,0.76,-1.3451191391237405,002422.SZ
2023-07-20,25.55,26.28,25.55,26.17,7778610,215510713,0.66,1.9477989871445223,002422.SZ
2023-07-23,25.96,27.28,25.81,26.86,20656360,590714021,1.75,2.636606801681296,002422.SZ
2023-07-24,27.12,27.24,26.59,26.96,9649809,275861385,0.82,0.37230081906181045,002422.SZ
2023-07-25,26.87,27.61,26.77,27.22,11672851,340051408,0.99,0.9643916913946615,002422.SZ
2023-07-26,27.12,27.5,26.8,26.99,7684747,220672211,0.65,-0.8449669360764189,002422.SZ
2023-07-27,26.96,27.08,26.53,26.92,8421489,240049089,0.71,-0.2593553167839824,002422.SZ
2023-07-30,26.95,27.05,25.72,25.94,21150999,588062143,1.79,-3.6404160475482894,002422.SZ
2023-07-31,26.02,26.11,25.27,25.32,20781554,565509658,1.76,-2.390131071703938,002422.SZ
2023-08-01,25.52,25.55,24.67,24.88,18883404,501493995,1.6,-1.7377567140600347,002422.SZ
2023-08-02,24.65,25.41,24.63,25.11,15371642,410785596,1.3,0.9244372990353744,002422.SZ
2023-08-03,25.11,25.26,24.61,24.67,12963227,342227109,1.1,-1.7522899243329282,002422.SZ
2023-08-06,24.65,24.76,23.42,23.73,37557004,949927443,3.18,-3.8102959059586605,002422.SZ
2023-08-07,23.72,24.42,23.62,24.2,24887808,640822559,2.11,1.9806152549515232,002422.SZ
2023-08-08,24.2,24.73,24.09,24.59,20070643,524057010,1.7,1.61157024793388,002422.SZ
2023-08-09,24.51,24.53,24.14,24.34,10503801,272145123,0.89,-1.0166734444896353,002422.SZ
2023-08-10,24.39,24.61,24.1,24.24,11193374,290337552,0.95,-0.41084634346755244,002422.SZ
2023-08-13,24.61,25.57,24.35,25.44,25787090,687720540,2.18,4.950495049504955,002422.SZ
2023-08-14,25.4,25.65,25.04,25.59,13540857,366798960,1.15,0.5896226415094352,002422.SZ
2023-08-15,25.46,26.02,25.39,25.54,12227651,334702280,1.04,-0.19538882375927935,002422.SZ
2023-08-16,25.36,25.59,25.08,25.47,8222363,221570160,0.7,-0.27407987470634554,002422.SZ
2023-08-17,25.45,25.52,24.95,25.03,7714553,206272233,0.65,-1.727522575579099,002422.SZ
2023-08-20,24.8,25.41,24.42,24.88,9370282,249351930,0.79,-0.5992808629644464,002422.SZ
2023-08-21,24.9,25.35,24.79,25.07,11840148,315864599,1.0,0.7636655948553006,002422.SZ
2023-08-22,25.15,25.5,24.9,24.95,11804299,316944614,1.0,-0.4786597526924674,002422.SZ
2023-08-23,25.12,25.8,24.78,25.61,15605220,422318185,1.32,2.6452905811623184,002422.SZ
2023-08-24,25.71,26.19,25.46,25.79,13936650,384104872,1.18,0.7028504490433463,002422.SZ
2023-08-27,27.06,27.42,25.94,26.12,15855977,446165035,1.34,1.2795657231485125,002422.SZ
2023-08-28,25.93,26.46,25.61,26.22,14066251,390928777,1.19,0.3828483920367498,002422.SZ
2023-08-29,26.18,26.2,25.41,25.69,14150451,386770615,1.2,-2.0213577421815287,002422.SZ
2023-08-30,25.7,25.82,25.44,25.45,9958484,271306185,0.84,-0.9342156481121133,002422.SZ
2023-08-31,25.44,25.62,24.89,25.06,10882362,290913918,0.92,-1.5324165029469539,002422.SZ
2023-09-03,25.06,25.22,24.78,24.82,14160078,375748650,1.2,-0.9577015163607316,002422.SZ
2023-09-04,24.89,25.41,24.8,24.86,8551049,227630991,0.72,0.16116035455278066,002422.SZ
2023-09-05,24.75,25.15,24.32,24.56,9215284,241007576,0.78,-1.2067578439259874,002422.SZ
2023-09-06,24.57,24.64,24.31,24.33,6413880,166773255,0.54,-0.9364820846905597,002422.SZ
2023-09-07,24.31,24.57,24.1,24.34,5065627,131011229,0.43,0.04110152075627038,002422.SZ
2023-09-10,24.6,26.26,24.53,26.07,32785363,901085639,2.78,7.107641741988502,002422.SZ
2023-09-11,26.33,26.47,25.78,26.24,14962337,415982770,1.27,0.652090525508231,002422.SZ
2023-09-12,26.07,26.23,25.6,25.88,7170609,197278411,0.61,-1.3719512195121908,002422.SZ
2023-09-13,25.82,25.88,25.31,25.84,10748940,293396334,0.91,-0.1545595054095794,002422.SZ
2023-09-14,26.09,26.96,25.66,26.67,26752990,757852947,2.27,3.2120743034055765,002422.SZ
2023-09-17,26.58,27.35,26.5,27.24,20888256,602159874,1.77,2.1372328458942436,002422.SZ
2023-09-18,27.33,27.45,26.96,27.18,11572495,334020317,0.98,-0.22026431718060735,002422.SZ
2023-09-19,27.29,27.29,26.74,26.86,11845302,338785368,1.0,-1.1773362766740236,002422.SZ
2023-09-20,26.74,26.93,26.47,26.6,11631642,329112900,0.99,-0.9679821295606739,002422.SZ
2023-09-21,26.59,26.72,26.07,26.37,10882376,305107024,0.92,-0.8646616541353347,002422.SZ
2023-09-24,26.49,27.33,26.48,27.05,15479812,446524732,1.31,2.578687902919974,002422.SZ
2023-09-25,27.04,27.24,26.77,26.89,7669771,220147450,0.65,-0.591497227356752,002422.SZ
2023-09-26,27.05,27.57,26.81,27.44,14933206,434189584,1.27,2.0453700260319785,002422.SZ
2023-09-27,27.44,27.69,27.26,27.38,9596252,280462021,0.81,-0.21865889212828726,002422.SZ
2023-10-08,27.39,27.6,26.98,27.19,7785915,225259904,0.66,-0.6939371804236538,002422.SZ
2023-10-09,27.18,27.22,26.96,27.04,7711766,222585249,0.65,-0.5516734093416797,002422.SZ
2023-10-10,27.02,27.75,27.02,27.4,16228937,474119547,1.38,1.3313609467455523,002422.SZ
2023-10-11,27.52,27.7,27.02,27.31,12416710,361557661,1.05,-0.3284671532846728,002422.SZ
2023-10-12,27.21,27.42,27.0,27.32,8307461,240731322,0.7,0.03661662394727205,002422.SZ
2023-10-15,27.38,27.45,26.67,26.81,10712087,307347925,0.91,-1.8667642752562275,002422.SZ
2023-10-16,26.77,26.99,26.39,26.77,9049788,256159137,0.77,-0.14919806042521522,002422.SZ
2023-10-17,26.77,26.77,26.19,26.31,8238458,231172094,0.7,-1.7183414269704933,002422.SZ
2023-10-18,26.08,26.21,25.69,25.94,9113184,251320551,0.77,-1.4063093880653632,002422.SZ
2023-10-19,25.79,26.14,25.26,25.37,15769482,428861061,1.34,-2.1973785659213596,002422.SZ
2023-10-22,23.77,24.23,22.87,23.61,46350018,1167738332,3.93,-6.937327552227046,002422.SZ
2023-10-23,23.7,24.87,23.7,24.6,23726717,615980315,2.01,4.1931385006353405,002422.SZ
2023-10-24,24.62,24.78,24.14,24.32,15256732,396097676,1.29,-1.1382113821138296,002422.SZ
2023-10-25,24.2,24.73,24.16,24.47,9292634,241963678,0.79,0.616776315789469,002422.SZ
2023-10-26,24.62,26.1,24.24,25.76,19160000,516170689,1.62,5.271761340416847,002422.SZ
2023-10-29,25.64,26.44,25.5,26.1,18113528,501506030,1.53,1.3198757763975166,002422.SZ
2023-10-30,26.1,26.12,25.53,25.79,10592803,290510985,0.9,-1.1877394636015448,002422.SZ
2023-10-31,25.78,25.99,25.38,25.85,10255589,280922267,0.87,0.23264831329974367,002422.SZ
2023-11-01,25.88,26.23,25.71,25.92,9414664,259924307,0.8,0.27079303675048294,002422.SZ
2023-11-02,25.74,25.93,25.25,25.3,9972177,271279354,0.84,-2.3919753086419804,002422.SZ
2023-11-05,25.76,26.52,25.75,26.4,19993789,559843011,1.69,4.347826086956519,002422.SZ
2023-11-06,26.37,26.53,26.11,26.27,9317538,261691834,0.79,-0.49242424242423866,002422.SZ
2023-11-07,26.29,27.24,26.16,26.68,16556068,472844607,1.4,1.5607156452226878,002422.SZ
2023-11-08,26.7,26.98,26.01,26.16,10768593,301394924,0.91,-1.9490254872563728,002422.SZ
2023-11-09,25.96,26.43,25.92,25.99,7499101,208562551,0.63,-0.6498470948012258,002422.SZ
2023-11-12,25.93,26.1,25.13,25.48,13122905,355493349,1.1,-1.9622931896883355,002422.SZ
2023-11-13,25.45,25.78,25.17,25.34,9141297,247141140,0.77,-0.5494505494505475,002422.SZ
2023-11-14,25.68,25.94,25.18,25.34,7842094,212333631,0.66,0.0,002422.SZ
2023-11-15,25.34,25.62,25.14,25.22,7189990,193477251,0.61,-0.47355958958169575,002422.SZ
2023-11-16,25.24,25.62,25.04,25.45,9560585,257657659,0.8,0.9119746233148263,002422.SZ
2023-11-19,25.61,26.39,25.45,26.06,15032894,416088038,1.27,2.396856581532414,002422.SZ
2023-11-20,26.07,26.49,25.89,26.19,8649266,241909921,0.73,0.49884881043746887,002422.SZ
2023-11-21,26.19,26.39,25.93,26.14,7887262,220223807,0.66,-0.1909125620465857,002422.SZ
2023-11-22,26.14,26.55,26.01,26.39,7573474,212120529,0.64,0.9563886763580776,002422.SZ
2023-11-23,26.43,26.67,26.2,26.61,9107396,257010009,0.77,0.8336491095111809,002422.SZ
2023-11-26,26.83,26.89,26.42,26.63,13239921,375981649,1.11,0.07515971439309155,002422.SZ
2023-11-27,26.58,27.2,26.3,27.02,11298080,323290198,0.95,1.4645137063462377,002422.SZ
2023-11-28,27.05,27.42,26.77,26.86,10002364,288091878,0.84,-0.5921539600296066,002422.SZ
2023-11-29,26.89,27.06,26.68,26.94,8392459,240082203,0.71,0.29784065524944836,002422.SZ
2023-11-30,26.73,26.94,26.25,26.69,10261485,290018100,0.86,-0.9279881217520436,002422.SZ
2023-12-03,26.58,26.71,26.2,26.3,8946525,251846714,0.75,-1.4612214312476612,002422.SZ
2023-12-04,26.26,26.54,26.14,26.25,8681488,243301395,0.73,-0.19011406844107182,002422.SZ
2023-12-05,26.11,26.56,25.76,26.39,11578712,323037019,0.97,0.5333333333333412,002422.SZ
2023-12-06,26.3,26.34,26.03,26.22,7064082,196892016,0.59,-0.6441834028040994,002422.SZ
2023-12-07,26.12,27.03,26.06,26.57,12578061,356334513,1.06,1.3348588863463018,002422.SZ
2023-12-10,26.58,26.85,26.22,26.74,8771921,248498071,0.74,0.6398193451260692,002422.SZ
2023-12-11,27.04,27.59,26.96,27.17,14029479,407454593,1.18,1.608077786088269,002422.SZ
2023-12-12,27.31,27.41,27.1,27.21,10002787,290285131,0.84,0.14722119985277615,002422.SZ
2023-12-13,27.17,27.61,27.11,27.17,7469223,217168602,0.63,-0.14700477765526854,002422.SZ
2023-12-14,27.24,27.75,27.07,27.22,14659014,428453469,1.23,0.1840264998159702,002422.SZ
2023-12-17,26.96,27.52,26.96,27.39,11466273,334032829,0.96,0.6245407788390889,002422.SZ
2023-12-18,27.28,27.55,27.02,27.33,11127750,322908340,0.93,-0.21905805038335835,002422.SZ
2023-12-19,27.42,27.78,27.31,27.4,10863514,318232312,0.91,0.25612879619465456,002422.SZ
2023-12-20,27.27,27.5,27.03,27.26,9871913,286052731,0.83,-0.5109489051094762,002422.SZ
2023-12-21,27.26,27.4,26.67,26.92,11033041,317084954,0.93,-1.247248716067495,002422.SZ
2023-12-24,26.79,26.98,26.49,26.76,9234169,262579815,0.78,-0.5943536404160454,002422.SZ
2023-12-25,26.8,26.8,26.34,26.64,7707199,217860434,0.65,-0.4484304932735439,002422.SZ
2023-12-26,26.64,26.87,26.45,26.66,4865822,138133893,0.41,0.07507507507507061,002422.SZ
2023-12-27,26.72,26.77,26.31,26.7,13061348,369616234,1.1,0.15003750937734317,002422.SZ
2023-12-28,26.52,27.55,26.52,27.28,11975443,347555002,1.01,2.1722846441947663,002422.SZ
2024-01-01,27.27,27.62,27.1,27.53,9105976,266194592,0.76,0.9164222873900396,002422.SZ
2024-01-02,27.4,27.73,27.17,27.24,8989341,262279438,0.75,-1.05339629495097,002422.SZ
2024-01-03,27.14,27.3,26.49,26.8,10010434,285446190,0.83,-1.615271659324513,002422.SZ
2024-01-04,26.69,26.69,25.83,25.92,13130191,366204888,1.09,-3.2835820895522394,002422.SZ
2024-01-07,26.0,26.08,25.55,25.65,10498510,288596075,0.87,-1.041666666666674,002422.SZ
2024-01-08,25.59,25.63,25.17,25.32,12357037,334496850,1.03,-1.2865497076023358,002422.SZ
2024-01-09,25.36,25.63,25.22,25.46,8537534,231335338,0.71,0.5529225908372792,002422.SZ
2024-01-10,25.45,25.78,25.3,25.4,10699731,291027663,0.89,-0.23566378633150808,002422.SZ
2024-01-11,25.37,25.62,24.94,24.97,7785326,209131489,0.65,-1.6929133858267664,002422.SZ
2024-01-14,24.96,25.3,24.87,24.98,7077095,188801302,0.59,0.040048057669217485,002422.SZ
2024-01-15,25.45,25.71,24.64,24.95,14549952,387033873,1.2,-0.12009607686149781,002422.SZ
2024-01-16,24.93,25.08,23.97,23.97,13520061,350913627,1.12,-3.927855711422845,002422.SZ
2024-01-17,23.93,24.04,23.25,23.88,14448336,362416765,1.2,-0.3754693366708417,002422.SZ
2024-01-18,23.84,23.95,23.51,23.76,7704845,194798991,0.64,-0.5025125628140614,002422.SZ
2024-01-21,23.83,23.87,22.43,22.67,12124371,299456187,1.0,-4.587542087542085,002422.SZ
2024-01-22,22.59,23.56,22.35,22.96,12831425,311814592,1.06,1.2792236435818172,002422.SZ
2024-01-23,22.97,23.15,22.49,23.05,9362085,227245481,0.77,0.39198606271777514,002422.SZ
2024-01-24,23.09,23.57,22.63,23.35,13382900,330434157,1.11,1.3015184381778733,002422.SZ
2024-01-25,23.29,23.44,22.56,22.69,11597727,285105818,0.96,-2.8265524625267657,002422.SZ
2024-01-28,22.95,23.13,22.6,22.62,9032411,219109051,0.75,-0.30850594975759815,002422.SZ
2024-01-29,22.55,22.65,22.16,22.16,8151900,194178063,0.67,-2.0335985853227267,002422.SZ
2024-01-30,22.24,22.24,21.55,21.71,11017970,256319154,0.91,-2.030685920577613,002422.SZ
2024-01-31,21.65,22.52,21.44,22.06,10566726,248166779,0.87,1.6121602947950064,002422.SZ
2024-02-01,22.0,22.43,20.83,21.31,13545255,308555227,1.12,-3.399818676337263,002422.SZ
2024-02-04,21.16,22.07,20.29,21.22,19347685,430502665,1.6,-0.4223369310182967,002422.SZ
2024-02-05,21.09,23.34,20.9,23.33,24893970,598828717,2.06,9.94344957587181,002422.SZ
2024-02-06,23.2,25.01,23.1,24.98,32008486,832278188,2.65,7.072438919845703,002422.SZ
2024-02-07,24.79,26.08,24.29,24.58,28398476,767264223,2.3,-1.6012810248198672,002422.SZ
2024-02-18,24.98,25.08,24.11,24.59,16643696,435710023,1.35,0.040683482506098656,002422.SZ
2024-02-19,24.57,24.87,24.13,24.5,9457362,247138100,0.77,-0.3660024400162665,002422.SZ
2024-02-20,24.24,24.74,24.06,24.16,12537160,325844982,1.02,-1.3877551020408108,002422.SZ
2024-02-21,24.17,24.43,23.96,24.16,8768991,225424805,0.71,0.0,002422.SZ
2024-02-22,24.14,24.28,23.48,23.97,14184573,359895426,1.15,-0.7864238410596025,002422.SZ
2024-02-25,24.0,25.07,23.96,24.8,19115371,501169828,1.55,3.46266166040885,002422.SZ
2024-02-26,24.8,25.17,24.63,25.12,12524914,331770057,1.01,1.2903225806451646,002422.SZ
2024-02-27,25.09,25.92,25.09,25.23,21360951,582534896,1.73,0.43789808917196194,002422.SZ
2024-02-28,24.99,26.04,24.94,25.78,15287986,418644035,1.24,2.179944510503362,002422.SZ
2024-02-29,25.72,25.92,25.54,25.8,8344057,228725144,0.68,0.07757951900697613,002422.SZ
2024-03-03,25.79,27.03,25.64,26.72,25662079,728044370,2.08,3.56589147286821,002422.SZ
2024-03-04,26.56,27.0,26.3,26.58,11249496,318154293,0.91,-0.5239520958083888,002422.SZ
2024-03-05,26.58,26.58,25.97,26.19,9268408,258493676,0.75,-1.46726862302482,002422.SZ
2024-03-06,26.18,26.29,25.36,25.38,13232012,361807842,1.07,-3.0927835051546504,002422.SZ
2024-03-07,25.55,25.64,24.99,25.55,15072936,405966564,1.22,0.6698187549251555,002422.SZ
2024-03-10,25.53,26.25,25.03,26.16,22212242,610480009,1.8,2.3874755381604773,002422.SZ
2024-03-11,26.13,26.63,25.85,26.1,16436405,458052280,1.33,-0.2293577981651307,002422.SZ
2024-03-12,26.1,26.92,25.72,26.68,24964418,704209696,2.02,2.2222222222222143,002422.SZ
2024-03-13,28.55,29.28,27.96,28.38,51492248,1564706622,4.17,6.371814092953532,002422.SZ
2024-03-14,28.16,28.8,27.62,28.16,21584138,646421872,1.75,-0.7751937984496138,002422.SZ
2024-03-17,28.17,28.88,27.9,28.83,19035081,578777576,1.54,2.3792613636363535,002422.SZ
2024-03-18,28.65,29.02,28.15,28.19,15254400,463147979,1.24,-2.219909816163712,002422.SZ
2024-03-19,28.1,28.36,27.92,28.29,12394160,371298409,1.0,0.3547357218871783,002422.SZ
2024-03-20,28.35,28.93,28.13,28.55,15515619,472450918,1.26,0.9190526687875566,002422.SZ
2024-03-21,28.53,28.79,28.16,28.38,11433521,346270810,0.93,-0.5954465849387081,002422.SZ
2024-03-24,28.26,28.38,27.85,28.18,16867285,503956633,1.37,-0.7047216349541863,002422.SZ
2024-03-25,27.99,28.31,27.68,27.96,14588237,435243590,1.18,-0.7806955287437911,002422.SZ
2024-03-26,27.99,28.46,27.9,28.08,13469119,405148524,1.09,0.42918454935620964,002422.SZ
2024-03-27,28.09,28.8,27.85,28.4,16441737,499244182,1.33,1.139601139601143,002422.SZ
2024-03-28,28.33,28.87,28.21,28.69,10246761,310994326,0.78,1.0211267605633845,002422.SZ
2024-03-31,28.5,28.93,28.02,28.53,10084914,304929683,0.77,-0.5576856047403322,002422.SZ
2024-04-01,28.48,28.48,27.78,27.91,12998861,387627581,0.99,-2.1731510690501277,002422.SZ
2024-04-02,27.88,28.5,27.81,28.19,13055080,392540013,1.0,1.0032246506628484,002422.SZ
2024-04-07,28.17,29.01,27.94,28.04,13211984,396847666,1.01,-0.5321035828308007,002422.SZ
2024-04-08,28.2,28.2,27.25,27.82,18313537,537187263,1.4,-0.7845934379457908,002422.SZ
2024-04-09,27.74,27.98,27.13,27.24,12216317,357172810,0.93,-2.084831056793679,002422.SZ
2024-04-10,28.13,28.91,27.99,28.17,25708914,778572124,1.97,3.4140969162995694,002422.SZ
2024-04-11,28.1,28.32,27.71,27.95,11424978,340296198,0.87,-0.7809726659567029,002422.SZ
2024-04-14,27.96,28.5,27.81,28.42,16895124,508447177,1.29,1.681574239713779,002422.SZ
2024-04-15,28.25,28.54,27.42,27.5,13623071,404657217,1.04,-3.2371569317382165,002422.SZ
2024-04-16,27.6,28.17,27.38,28.08,13392953,397882729,1.02,2.109090909090905,002422.SZ
2024-04-17,28.06,28.5,27.81,27.85,11477876,343165385,0.88,-0.8190883190883125,002422.SZ
2024-04-18,27.8,28.2,27.24,27.51,14714741,432675581,1.13,-1.2208258527827698,002422.SZ
2024-04-21,27.4,28.35,27.32,28.11,13825925,413366326,1.06,2.1810250817884347,002422.SZ
2024-04-22,28.1,28.6,27.27,28.28,18882388,561212273,1.44,0.6047669868374239,002422.SZ
2024-04-23,28.08,28.25,27.64,28.23,14309434,426555318,1.09,-0.17680339462518013,002422.SZ
2024-04-24,28.19,29.84,28.18,29.4,28967371,901349498,2.22,4.144527098831019,002422.SZ
2024-04-25,29.31,30.59,29.21,30.43,22729682,726903039,1.74,3.5034013605442116,002422.SZ
2024-04-28,30.43,30.97,30.23,30.83,19853896,647773727,1.52,1.3144922773578704,002422.SZ
2024-04-29,30.76,32.53,30.6,31.89,23105049,784845255,1.77,3.4382095361660703,002422.SZ
2024-05-05,32.45,32.75,31.73,31.93,31598972,1082251058,2.42,0.12543116964565115,002422.SZ
2024-05-06,31.88,32.11,31.66,31.88,14567117,495142283,1.11,-0.15659254619480034,002422.SZ
2024-05-07,31.93,32.11,31.37,31.59,15344918,516020410,1.17,-0.9096612296110362,002422.SZ
2024-05-08,31.59,33.33,31.42,32.67,23921778,830100215,1.83,3.418803418803429,002422.SZ
2024-05-09,32.58,32.97,32.26,32.58,19758579,687036016,1.51,-0.27548209366392573,002422.SZ
2024-05-12,32.58,32.93,32.08,32.7,15240524,529600338,1.17,0.36832412523022384,002422.SZ
2024-05-13,32.58,33.29,32.48,32.88,11870517,415579377,0.91,0.5504587155963359,002422.SZ
2024-05-14,33.2,33.2,31.91,31.97,12889526,444262160,0.99,-2.767639902676411,002422.SZ
2024-05-15,31.9,32.07,31.49,31.66,16380461,553183925,1.25,-0.9696590553644024,002422.SZ
2024-05-16,31.64,31.97,31.21,31.62,12615269,423542106,0.97,-0.12634238787112562,002422.SZ
2024-05-19,31.52,32.35,31.49,32.09,12226611,417111279,0.94,1.486401012017713,002422.SZ
2024-05-20,31.94,32.26,31.77,31.9,9561740,325707895,0.73,-0.5920847616079916,002422.SZ
2024-05-21,31.88,32.01,31.2,31.4,10227877,342655948,0.78,-1.5673981191222541,002422.SZ
2024-05-22,31.5,31.79,31.01,31.23,11448023,382567079,0.88,-0.5414012738853446,002422.SZ
2024-05-23,31.57,32.46,31.28,31.44,22149570,750752742,1.69,0.672430355427478,002422.SZ
2024-05-26,31.51,31.63,30.99,31.38,11893093,395958498,0.91,-0.1908396946564972,002422.SZ
2024-05-27,31.37,31.75,30.85,30.93,14058552,465706362,1.08,-1.4340344168260022,002422.SZ
2024-05-28,30.99,31.46,30.8,31.04,10962311,354037616,0.84,0.3556417717426319,002422.SZ
2024-05-29,30.94,31.45,30.72,31.08,10035542,325328713,0.77,0.12886597938144284,002422.SZ
2024-05-30,31.57,31.69,30.78,30.8,12785668,412229990,0.98,-0.9009009009008917,002422.SZ
2024-06-02,30.42,31.18,30.27,30.83,13872489,443846011,1.06,0.09740259740258495,002422.SZ
2024-06-03,30.89,32.2,30.78,31.97,18356289,603206191,1.4,3.69769704832954,002422.SZ
2024-06-04,32.06,32.33,31.66,31.87,12773309,424602305,0.98,-0.312793243665932,002422.SZ
2024-06-05,31.56,32.31,31.31,31.45,14798955,487690870,1.13,-1.3178537809852564,002422.SZ
2024-06-06,31.62,31.72,30.61,30.69,13393354,430023258,1.02,-2.41653418124006,002422.SZ
2024-06-10,30.72,31.32,30.54,31.18,11613865,373649555,0.89,1.5966112740306126,002422.SZ
2024-06-11,31.01,31.2,30.68,30.78,10252075,328743010,0.78,-1.2828736369467575,002422.SZ
2024-06-12,30.94,31.64,30.68,30.98,21936703,709190769,1.68,0.6497725795971299,002422.SZ
2024-06-13,30.89,31.44,30.53,31.14,38011192,1229055487,2.9,0.5164622336991664,002422.SZ
2024-06-16,31.18,31.47,30.36,30.74,24576685,784215079,1.88,-1.2845215157353929,002422.SZ
2024-06-17,30.88,31.06,30.61,30.91,13693858,439813488,1.05,0.5530253741053981,002422.SZ
2024-06-18,30.89,30.89,30.13,30.2,13203620,416167823,1.01,-2.2969912649628,002422.SZ
2024-06-19,30.13,30.53,29.45,29.64,13899534,430862744,1.06,-1.8543046357615833,002422.SZ
2024-06-20,29.45,30.76,29.45,30.34,13923714,439099139,1.06,2.361673414304999,002422.SZ
2024-06-23,30.22,30.28,29.46,29.52,11408832,352556145,0.87,-2.7027027027027084,002422.SZ
2024-06-24,29.62,29.72,29.16,29.22,7834444,238917687,0.6,-1.0162601626016232,002422.SZ
2024-06-25,29.11,30.0,29.06,29.91,10789736,331539981,0.82,2.361396303901442,002422.SZ
2024-06-26,29.83,29.83,29.22,29.58,8087032,248022347,0.62,-1.1033099297893756,002422.SZ
2024-06-27,29.39,29.76,29.04,29.19,9653273,294049385,0.74,-1.3184584178498882,002422.SZ
2024-06-30,29.16,29.42,28.82,29.3,8532321,258203127,0.65,0.37684138403561995,002422.SZ
2024-07-01,29.2,29.57,28.93,29.04,8840408,267861636,0.68,-0.887372013651877,002422.SZ
2024-07-02,29.04,29.2,28.45,28.61,10958360,327179914,0.84,-1.4807162534435259,002422.SZ
2024-07-03,28.61,28.83,28.22,28.29,8723843,258886419,0.67,-1.1184900384480945,002422.SZ
2024-07-04,28.21,30.07,27.96,29.94,15477508,468878208,1.18,5.832449628844127,002422.SZ
2024-07-07,29.94,30.23,29.23,29.37,13808762,426688013,1.06,-1.9038076152304573,002422.SZ
2024-07-08,29.19,29.79,28.96,29.52,11181607,341497330,0.85,0.5107252298263587,002422.SZ
2024-07-09,29.3,30.29,29.17,29.75,10612324,329261284,0.81,0.7791327913279078,002422.SZ
2024-07-10,29.78,30.49,29.21,30.17,14305149,445924154,1.09,1.4117647058823568,002422.SZ
2024-07-11,30.17,31.37,30.08,31.03,13505033,434147319,1.03,2.8505137553861415,002422.SZ
2024-07-14,30.79,30.94,30.39,30.6,7779990,247421643,0.59,-1.3857557202707094,002422.SZ
2024-07-15,30.46,30.84,30.24,30.51,6048874,191800558,0.46,-0.2941176470588225,002422.SZ
2024-07-16,30.36,30.75,30.03,30.5,10379463,328287137,0.79,-0.032776138970835866,002422.SZ
2024-07-17,30.23,30.98,30.15,30.65,10555827,335399779,0.81,0.4918032786885185,002422.SZ
2024-07-18,30.58,31.3,30.31,30.82,12527472,403024960,0.96,0.5546492659053825,002422.SZ
2024-07-21,30.9,31.46,30.46,31.26,10893024,352198548,0.83,1.4276443867618394,002422.SZ
2024-07-22,31.26,31.26,29.86,29.86,14043442,442182057,1.07,-4.478566858605248,002422.SZ
2024-07-23,29.77,30.02,29.33,29.4,9396262,289409688,0.72,-1.5405224380442117,002422.SZ
2024-07-24,29.39,29.77,29.16,29.52,6257440,192217110,0.48,0.40816326530612734,002422.SZ
2024-07-25,29.53,29.91,29.27,29.65,5218211,160607379,0.4,0.4403794037940445,002422.SZ
2024-07-28,29.73,29.73,29.01,29.16,7677098,233316391,0.59,-1.6526138279932545,002422.SZ
2024-07-29,29.05,29.05,27.45,27.8,16514039,480143527,1.26,-4.663923182441698,002422.SZ
2024-07-30,27.74,29.19,27.54,28.91,13793030,409223056,1.05,3.9928057553956897,002422.SZ
2024-07-31,28.87,29.39,28.64,29.07,12127225,366129576,0.93,0.5534417156693117,002422.SZ
2024-08-01,28.96,30.46,28.87,29.88,12577912,392039538,0.96,2.786377708978316,002422.SZ
2024-08-04,29.72,30.77,29.52,29.56,11090078,346628869,0.85,-1.0709504685408322,002422.SZ
2024-08-05,29.69,30.02,29.35,29.75,8691040,267947303,0.66,0.6427604871448,002422.SZ
2024-08-06,29.75,30.26,29.49,29.57,7452092,231003668,0.57,-0.6050420168067228,002422.SZ
2024-08-07,29.54,30.26,29.5,29.64,8057886,250015771,0.62,0.2367264119039536,002422.SZ
2024-08-08,29.7,30.13,29.41,29.43,5798513,178796942,0.44,-0.7085020242915019,002422.SZ
2024-08-11,29.26,30.26,29.19,30.0,8455669,262690151,0.65,1.9367991845055998,002422.SZ
2024-08-12,30.21,30.5,29.73,30.03,12156019,380620846,0.93,0.10000000000001119,002422.SZ
2024-08-13,29.98,30.11,29.44,29.68,7062359,218246801,0.54,-1.1655011655011704,002422.SZ
2024-08-14,29.54,29.97,29.35,29.55,5667531,174358647,0.43,-0.4380053908355719,002422.SZ
2024-08-15,29.55,30.17,29.27,30.08,7529954,233436283,0.58,1.7935702199661563,002422.SZ
2024-08-18,30.02,30.56,29.73,30.28,8516400,266486231,0.65,0.6648936170212894,002422.SZ
2024-08-19,30.21,30.6,29.75,30.27,7358446,230652120,0.56,-0.033025099075301156,002422.SZ
2024-08-20,30.12,30.99,30.03,30.74,9080450,289082747,0.69,1.5526924347538884,002422.SZ
2024-08-21,30.8,31.53,30.45,31.15,11719019,378840827,0.9,1.3337670787247902,002422.SZ
2024-08-22,30.99,31.26,30.71,31.05,8258594,265784703,0.63,-0.32102728731941976,002422.SZ
2024-08-25,30.86,31.29,30.54,31.06,7698343,247550188,0.59,0.032206119162636604,002422.SZ
2024-08-26,30.82,31.6,30.82,31.3,6832802,221951277,0.52,0.7726980038635034,002422.SZ
2024-08-27,31.17,31.75,31.13,31.36,5759816,187901687,0.44,0.191693290734829,002422.SZ
2024-08-28,31.17,31.17,30.18,30.22,14054320,445447828,1.07,-3.635204081632659,002422.SZ
2024-08-29,30.01,30.28,29.3,29.5,15905282,490713836,1.22,-2.382528127068162,002422.SZ
2024-09-01,29.49,29.67,28.87,29.47,11984085,364804180,0.92,-0.10169491525423568,002422.SZ
2024-09-02,29.21,30.2,29.18,29.77,10163408,315437655,0.78,1.0179843909060127,002422.SZ
2024-09-03,29.66,30.81,29.54,30.43,9610916,303519616,0.73,2.216996976822294,002422.SZ
2024-09-04,30.41,30.74,30.13,30.44,7055904,223281691,0.54,0.0328623069339562,002422.SZ
2024-09-05,30.41,31.15,30.26,30.36,5883128,187923893,0.45,-0.26281208935611255,002422.SZ
2024-09-08,30.41,30.88,29.98,30.17,8078523,255023547,0.62,-0.6258234519104011,002422.SZ
2024-09-09,29.92,30.17,29.15,29.7,17009017,520435677,1.3,-1.5578389128273251,002422.SZ
2024-09-10,29.49,30.35,29.21,30.22,13662099,426411303,1.04,1.7508417508417473,002422.SZ
2024-09-11,30.07,30.77,29.14,29.17,15025596,462493829,1.15,-3.474520185307739,002422.SZ
2024-09-12,28.97,29.35,28.64,28.92,10391300,311959967,0.79,-0.8570449091532373,002422.SZ
2024-09-17,28.92,29.25,28.45,28.81,9457064,282974816,0.72,-0.3803596127247677,002422.SZ
2024-09-18,28.96,29.01,27.96,27.99,16404673,482791818,1.25,-2.8462339465463393,002422.SZ
2024-09-19,27.93,27.96,25.69,25.91,45806193,1262375458,3.5,-7.4312254376562965,002422.SZ
2024-09-22,25.72,26.02,24.98,25.14,22845674,602556385,1.75,-2.9718255499807,002422.SZ
2024-09-23,25.5,25.82,24.75,25.33,27066252,709917524,2.07,0.7557677008750874,002422.SZ
2024-09-24,25.47,26.84,25.47,26.07,33320909,905777808,2.55,2.921437031188323,002422.SZ
2024-09-25,25.88,27.19,25.44,27.11,25192853,688487326,1.93,3.989259685462221,002422.SZ
2024-09-26,27.3,29.01,27.29,28.53,24880806,727183172,1.9,5.237919586868323,002422.SZ
2024-09-29,29.39,30.99,28.69,30.79,32942388,1027227576,2.52,7.9214861549246285,002422.SZ
2024-10-07,33.85,33.86,31.11,33.65,37794483,1288474095,2.89,9.288730107177656,002422.SZ
2024-10-08,32.91,33.44,31.72,31.8,27794264,940596284,2.12,-5.497771173848431,002422.SZ
2024-10-09,31.91,33.83,31.91,32.59,28196692,967573652,2.15,2.4842767295597534,002422.SZ
2024-10-10,32.41,32.5,30.65,31.08,16681297,545095897,1.27,-4.6333231052470225,002422.SZ
2024-10-13,31.07,31.9,30.53,31.65,16294238,528761361,1.25,1.8339768339768359,002422.SZ
2024-10-14,31.65,32.63,31.0,31.63,15056858,500534296,1.15,-0.06319115323853985,002422.SZ
2024-10-15,31.27,32.06,30.97,31.34,11274795,369973427,0.86,-0.9168510907366367,002422.SZ
2024-10-16,31.5,32.53,31.42,32.01,16600116,553681964,1.27,2.1378430121250735,002422.SZ
2024-10-17,31.94,32.16,31.05,31.37,28279437,925795524,2.16,-1.9993751952514738,002422.SZ
2024-10-20,31.37,32.67,30.7,32.1,24637761,808336036,1.88,2.32706407395602,002422.SZ
2024-10-21,31.7,32.39,31.12,31.52,17099188,564515187,1.31,-1.806853582554524,002422.SZ
2024-10-22,31.66,31.69,30.7,30.95,19829002,633922939,1.52,-1.808375634517767,002422.SZ
2024-10-23,30.85,31.33,30.85,31.07,10842915,347089930,0.83,0.38772213247173504,002422.SZ
2024-10-24,31.05,31.98,30.55,31.67,15054820,486728933,1.15,1.9311232700354175,002422.SZ
2024-10-27,31.68,32.47,31.33,32.22,12949246,428050229,0.99,1.7366592990211371,002422.SZ
2024-10-28,32.4,32.55,31.43,31.6,15334759,502202346,1.17,-1.9242706393544307,002422.SZ
2024-10-29,31.44,31.77,30.8,31.17,13992237,448906177,1.07,-1.3607594936708822,002422.SZ
2024-10-30,31.18,31.52,30.98,31.1,15110733,487095525,1.15,-0.22457491177414468,002422.SZ
2024-10-31,31.17,32.49,31.05,31.67,16293799,536665220,1.25,1.8327974276527437,002422.SZ
2024-11-03,32.2,32.79,31.61,32.02,17488359,577469310,1.34,1.1051468266498388,002422.SZ
2024-11-04,32.0,32.07,31.43,31.98,17641145,578985854,1.35,-0.12492192379763845,002422.SZ
2024-11-05,31.89,32.64,31.68,32.11,20051412,664336898,1.53,0.40650406504065817,002422.SZ
2024-11-06,31.87,33.1,31.83,33.0,21566421,727615201,1.65,2.7717222049205903,002422.SZ
2024-11-07,33.25,33.37,32.44,32.62,17040635,574294551,1.3,-1.151515151515159,002422.SZ
2024-11-10,32.48,32.53,31.72,32.21,20316578,670144681,1.55,-1.256897608828933,002422.SZ
2024-11-11,32.16,33.37,31.98,32.22,22108115,744201683,1.69,0.03104625892580426,002422.SZ
2024-11-12,32.08,32.36,31.73,32.15,13846714,457222125,1.06,-0.21725636250775615,002422.SZ
2024-11-13,31.91,31.91,29.17,29.68,70161609,2183287449,5.36,-7.682737169517884,002422.SZ
2024-11-14,29.73,30.61,29.45,30.21,31336249,972042318,2.39,1.7857142857142794,002422.SZ
2024-11-17,30.2,30.68,28.71,28.95,30198713,918121310,2.31,-4.170804369414105,002422.SZ
2024-11-18,29.1,29.36,28.78,29.04,17812705,532320938,1.36,0.31088082901553626,002422.SZ
2024-11-19,28.95,30.92,28.52,30.88,41460709,1287932359,3.17,6.336088154269981,002422.SZ
2024-11-20,30.65,31.4,30.5,30.67,14522265,462312112,1.11,-0.6800518134714939,002422.SZ
2024-11-21,30.55,30.85,29.47,29.57,12541159,388214172,0.96,-3.5865666775350524,002422.SZ
2024-11-24,29.68,30.11,29.5,29.59,10602695,324452204,0.81,0.0676361176868534,002422.SZ
2024-11-25,29.79,30.62,29.65,30.12,12344442,385536872,0.94,1.7911456573166618,002422.SZ
2024-11-26,29.99,31.82,29.9,31.68,23799014,764922996,1.82,5.179282868525892,002422.SZ
2024-11-27,31.69,32.34,31.12,31.22,14636068,477358504,1.12,-1.45202020202021,002422.SZ
2024-11-28,31.45,31.86,31.15,31.74,16719879,544549864,1.28,1.6655989750160138,002422.SZ
2024-12-01,32.38,33.46,32.14,33.28,31685527,1073187344,2.42,4.851921865154396,002422.SZ
2024-12-02,33.28,33.46,32.92,33.45,16761901,574632156,1.28,0.5108173076923128,002422.SZ
2024-12-03,33.46,33.53,32.59,32.9,19417295,661421555,1.48,-1.644245142002998,002422.SZ
2024-12-04,32.88,32.88,31.91,32.6,16145411,539136395,1.23,-0.9118541033434568,002422.SZ
2024-12-05,32.66,33.18,32.56,32.85,11736155,398349079,0.9,0.7668711656441785,002422.SZ
2024-12-08,33.24,33.43,32.64,33.25,13726813,468896393,1.05,1.21765601217656,002422.SZ
2024-12-09,33.71,33.71,32.25,32.37,29649557,1001919610,2.27,-2.646616541353386,002422.SZ
2024-12-10,32.33,32.47,31.62,31.69,22671655,747197052,1.73,-2.10071053444546,002422.SZ
2024-12-11,31.6,31.82,30.62,31.34,44426699,1433067049,3.39,-1.1044493531082389,002422.SZ
2024-12-12,31.19,31.74,30.61,30.75,97954200,3139004576,7.48,-1.8825781748564085,002422.SZ
2024-12-15,30.75,31.3,29.77,30.6,39221635,1227009222,3.0,-0.4878048780487809,002422.SZ
2024-12-16,30.46,30.62,29.98,30.07,19448751,606948260,1.49,-1.7320261437908546,002422.SZ
2024-12-17,30.1,30.24,29.64,29.73,17783084,548111955,1.36,-1.1306950448952469,002422.SZ
2024-12-18,29.57,29.64,29.36,29.59,12191059,370588833,0.93,-0.47090480995627404,002422.SZ
2024-12-19,29.68,30.07,29.41,29.52,14318260,437727827,1.09,-0.2365664075701268,002422.SZ
2024-12-22,29.53,29.75,29.29,29.33,14112425,429411243,1.08,-0.6436314363143625,002422.SZ
2024-12-23,29.33,29.5,29.18,29.4,10319189,312287078,0.79,0.23866348448686736,002422.SZ
2024-12-24,29.44,30.08,29.23,29.9,20812034,637943378,1.59,1.7006802721088343,002422.SZ
2024-12-25,29.79,29.87,29.45,29.57,10507593,320846237,0.8,-1.1036789297658833,002422.SZ
2024-12-26,29.57,29.9,29.44,29.66,15244744,466263749,1.16,0.304362529590807,002422.SZ
2024-12-29,29.68,30.02,29.31,29.41,12281846,375765227,0.94,-0.8428860418071449,002422.SZ
2024-12-30,29.43,29.5,28.94,29.03,12883328,386193433,0.98,-1.2920775246514804,002422.SZ
2025-01-01,29.1,29.16,28.28,28.6,20605765,608372183,1.57,-1.4812263176024798,002422.SZ
2025-01-02,28.6,28.86,28.24,28.33,12722925,374467968,0.97,-0.9440559440559548,002422.SZ
2025-01-05,28.56,28.64,27.9,28.03,14406921,418703961,1.1,-1.0589481115425237,002422.SZ
2025-01-06,28.03,28.07,26.68,27.04,26341695,738321528,2.01,-3.5319300749197313,002422.SZ
2025-01-07,27.04,27.09,26.29,26.61,17059640,469168259,1.3,-1.5902366863905337,002422.SZ
2025-01-08,26.53,27.34,26.42,26.8,14075629,390353705,1.08,0.7140172867343253,002422.SZ
2025-01-09,26.77,26.9,26.38,26.58,9395734,258579585,0.72,-0.8208955223880654,002422.SZ
2025-01-12,26.58,27.03,26.43,27.02,12224814,337754073,0.93,1.6553799849510886,002422.SZ
2025-01-13,26.97,27.48,26.85,27.44,15971735,448818944,1.22,1.5544041450777257,002422.SZ
2025-01-14,27.36,27.42,26.81,26.87,10825100,301829188,0.827,-2.0772594752186624,002422.SZ
2025-01-15,26.92,27.1,26.53,26.73,11111999,306845499,0.849,-0.5210271678451783,002422.SZ
2025-01-16,26.58,26.99,26.44,26.65,9745900,268164491,0.745,-0.2992891881780868,002422.SZ
2025-01-19,26.96,28.03,26.77,27.8,20893805,596524594,1.596,4.315196998123838,002422.SZ
2025-01-20,27.84,28.05,27.12,27.51,14259267,403214361,1.09,-1.043165467625895,002422.SZ
2025-01-21,27.43,27.86,27.26,27.57,9059508,257731813,0.692,0.21810250817884125,002422.SZ
2025-01-22,27.69,27.83,27.26,27.29,8863608,251697745,0.677,-1.0155966630395419,002422.SZ
2025-01-23,27.27,27.67,27.14,27.3,9794076,276717779,0.748,0.03664345914253797,002422.SZ
2025-01-26,27.31,27.8,27.2,27.29,11859030,335376247,0.906,-0.0366300366300476,002422.SZ
2025-02-04,27.46,27.5,26.6,26.71,12696045,350557168,0.97,-2.125320630267491,002422.SZ
2025-02-05,26.75,26.95,26.46,26.92,10699379,295216208,0.818,0.786222388618496,002422.SZ
2025-02-06,26.79,27.35,26.6,27.02,14447857,402906062,1.104,0.3714710252600284,002422.SZ
2025-02-09,27.02,27.63,26.9,27.55,14719642,414809423,1.125,1.9615099925980761,002422.SZ
2025-02-10,27.55,27.64,26.75,26.92,17615306,490326902,1.346,-2.286751361161521,002422.SZ
2025-02-11,26.76,26.9,26.34,26.58,15758661,431117693,1.204,-1.2630014858841188,002422.SZ
2025-02-12,26.57,27.0,26.54,26.62,12659690,349082127,0.967,0.15048908954102824,002422.SZ
2025-02-13,26.7,27.1,26.65,26.92,14562954,404343743,1.113,1.1269722013523609,002422.SZ
2025-02-16,27.04,27.06,26.34,26.53,20187333,552870860,1.542,-1.4487369985141219,002422.SZ
2025-02-17,26.51,27.11,26.19,26.56,21392334,587882538,1.635,0.11307953260459858,002422.SZ
2025-02-18,26.38,26.49,25.92,26.04,25646485,691376453,1.96,-1.957831325301207,002422.SZ
2025-02-19,26.07,26.63,25.92,26.37,19560223,531908006,1.495,1.2672811059907918,002422.SZ
2025-02-20,26.39,27.64,26.37,27.62,40432809,1132874648,3.089,4.740235115661728,002422.SZ
2025-02-23,27.79,27.96,27.36,27.59,18006047,513778198,1.376,-0.10861694424331159,002422.SZ
2025-02-24,27.45,27.57,27.07,27.26,11282727,317357410,0.862,-1.1960855382384894,002422.SZ
2025-02-25,27.35,28.36,26.99,28.23,26147553,745144727,1.998,3.5583272193690396,002422.SZ
2025-02-26,28.15,29.62,28.03,29.57,38775524,1160133479,2.963,4.746723343960335,002422.SZ
2025-02-27,29.5,29.55,28.55,28.61,19131700,570734378,1.462,-3.2465336489685526,002422.SZ
2025-03-02,28.76,30.37,28.65,30.13,33071703,1018395467,2.527,5.31282768262844,002422.SZ
2025-03-03,30.07,30.76,29.51,30.48,19128080,595091622,1.462,1.1616329239960255,002422.SZ
2025-03-04,30.37,30.99,29.93,30.3,21326628,669319574,1.63,-0.5905511811023612,002422.SZ
2025-03-05,30.23,30.63,29.78,30.02,19888219,617336210,1.52,-0.9240924092409286,002422.SZ
2025-03-06,29.92,30.51,29.64,30.06,16375004,508633141,1.251,0.13324450366423157,002422.SZ
2025-03-09,30.07,30.47,29.95,30.37,12546900,391181936,0.959,1.0312707917498498,002422.SZ
2025-03-10,30.33,31.49,30.1,31.41,22693532,723992293,1.734,3.424432005268363,002422.SZ
2025-03-11,31.49,31.49,29.9,29.97,19884508,624355635,1.519,-4.584527220630374,002422.SZ
2025-03-12,30.06,30.56,29.99,30.56,11872757,371593678,0.907,1.9686353019686242,002422.SZ
2025-03-13,30.51,30.8,30.09,30.64,11694118,368344367,0.894,0.2617801047120505,002422.SZ
2025-03-16,30.57,30.71,29.99,30.17,10288516,320516085,0.786,-1.533942558746737,002422.SZ
2025-03-17,30.25,30.66,29.96,30.3,9146599,286759262,0.7,0.4308916141862795,002422.SZ
2025-03-18,30.3,31.43,30.2,30.7,15145293,481799932,1.16,1.320132013201314,002422.SZ
2025-03-19,30.94,31.09,30.27,30.34,10086272,318152976,0.772,-1.1726384364820874,002422.SZ
2025-03-20,30.31,30.7,29.88,30.63,15455294,482345687,1.184,0.9558338826631374,002422.SZ
2025-03-23,30.54,30.89,30.2,30.35,11494171,361717533,0.88,-0.9141364675155028,002422.SZ
2025-03-24,30.35,30.6,29.95,30.05,10017435,312338775,0.767,-0.9884678747940745,002422.SZ
2025-03-25,30.03,30.51,29.44,29.68,13319346,408448051,1.02,-1.2312811980033311,002422.SZ
2025-03-26,29.69,31.02,29.45,30.74,19587595,614195940,1.5,3.5714285714285587,002422.SZ
2025-03-27,30.72,32.08,30.66,31.5,25979821,849492714,1.989,2.472348731294738,002422.SZ
2025-03-30,31.51,31.99,30.96,31.26,14774778,477633134,1.131,-0.7619047619047525,002422.SZ
2025-03-31,31.45,34.39,31.08,34.39,40456371,1393974141,3.098,10.012795905310302,002422.SZ
2025-04-01,34.92,36.94,34.44,35.89,46363938,1698329422,3.55,4.361733061936612,002422.SZ
2025-04-02,35.88,35.99,34.92,35.73,24861441,907831663,1.904,-0.4458066313736575,002422.SZ
2025-04-06,33.93,34.63,32.16,33.38,40905127,1411412281,3.132,-6.577106073327721,002422.SZ
2025-04-07,33.41,33.6,32.2,33.26,30450545,1037093911,2.332,-0.35949670461356,002422.SZ
2025-04-08,32.01,33.13,29.93,32.3,43260166,1393284906,3.313,-2.8863499699338546,002422.SZ
2025-04-09,32.46,34.19,32.46,33.51,25519818,881508433,1.954,3.74613003095976,002422.SZ
2025-04-10,32.95,34.8,32.92,34.61,22137758,773876859,1.695,3.282602208296037,002422.SZ
2025-04-13,34.44,35.23,34.06,34.14,21561845,769640598,1.651,-1.3579890205142942,002422.SZ
2025-04-14,34.06,34.52,33.51,33.8,13549005,471480519,1.038,-0.9958992384300092,002422.SZ
2025-04-15,33.52,34.29,32.98,33.59,12590346,435785915,0.964,-0.6213017751479089,002422.SZ
2025-04-16,33.32,33.59,32.95,33.15,12576071,430342108,0.963,-1.3099136647812037,002422.SZ
2025-04-17,33.14,33.69,32.69,32.91,8437592,287138407,0.646,-0.7239819004524972,002422.SZ
2025-04-20,32.56,34.43,32.28,34.26,16958140,589235768,1.299,4.102096627165008,002422.SZ
2025-04-21,34.23,35.07,33.96,34.64,14657819,523769876,1.122,1.1091652072387603,002422.SZ
2025-04-22,34.44,34.77,33.67,33.77,15605220,546745397,1.195,-2.5115473441108427,002422.SZ
2025-04-23,33.37,34.45,33.27,34.42,15138792,530463216,1.159,1.924785312407451,002422.SZ
2025-04-24,34.37,34.48,31.83,32.15,31514277,1057957031,2.413,-6.595002905287628,002422.SZ
2025-04-27,31.94,32.4,31.67,32.13,13767094,456126547,1.054,-0.06220839813373402,002422.SZ
2025-04-28,31.78,32.38,31.28,31.93,12853218,422521920,0.984,-0.62247121070651,002422.SZ
2025-04-29,30.98,35.12,30.86,35.12,41984799,1445712889,3.215,9.990604447228302,002422.SZ
2025-05-05,35.2,35.37,34.39,34.68,24274986,871901225,1.859,-1.252847380410016,002422.SZ
2025-05-06,34.83,35.01,33.32,33.61,17361835,606682021,1.33,-3.085351787773938,002422.SZ
2025-05-07,33.51,33.61,32.95,33.0,13477017,460893219,1.032,-1.8149360309431706,002422.SZ
2025-05-08,33.03,33.73,33.0,33.12,11846094,406306006,0.907,0.363636363636366,002422.SZ
2025-05-11,32.98,32.98,31.54,32.3,24206177,796951847,1.854,-2.475845410628019,002422.SZ
2025-05-12,32.61,33.16,32.49,32.84,16125600,545039509,1.235,1.6718266253870073,002422.SZ
2025-05-13,32.54,33.42,32.25,32.87,11609338,393587228,0.889,0.09135200974419444,002422.SZ
2025-05-14,32.98,34.69,32.71,33.85,25179924,880652933,1.928,2.981442044417415,002422.SZ
2025-05-15,33.95,34.02,32.11,33.97,25564760,875461756,1.958,0.3545051698670587,002422.SZ
2025-05-18,33.27,34.13,32.69,33.91,17272277,595591580,1.323,-0.17662643508978837,002422.SZ
2025-05-19,33.91,35.99,33.91,35.79,26316575,964012344,2.015,5.544087289885002,002422.SZ
2025-05-20,35.45,38.58,35.31,36.74,29288289,1115529523,2.243,2.654372729812815,002422.SZ
2025-05-21,36.67,37.8,35.9,36.93,18562887,704924794,1.421,0.5171475231355416,002422.SZ
2025-05-22,36.86,39.58,36.86,38.17,24408306,968184784,1.869,3.3577037638776064,002422.SZ
2025-05-25,38.17,38.3,36.08,36.28,21182516,799158140,1.622,-4.951532617238675,002422.SZ
2025-05-26,36.28,36.92,35.9,36.11,16982625,634237826,1.3,-0.4685777287761872,002422.SZ
2025-05-27,36.04,36.34,35.54,35.89,11386047,421404314,0.872,-0.6092495153697031,002422.SZ
2025-05-28,35.98,37.48,35.41,36.81,21840300,823359102,1.672,2.5633881303984474,002422.SZ
2025-05-29,36.62,37.82,36.6,37.4,17484918,673652498,1.339,1.6028253192067243,002422.SZ
2025-06-02,36.66,37.62,36.26,37.05,14145324,538715477,1.083,-0.9358288770053513,002422.SZ
2025-06-03,37.05,39.51,36.69,38.53,20000856,792665698,1.532,3.9946018893387336,002422.SZ
2025-06-04,38.35,38.42,36.44,36.62,18650502,714212568,1.428,-4.957176226317161,002422.SZ
2025-06-05,36.3,36.81,36.08,36.35,12559653,470447478,0.962,-0.7373020207536718,002422.SZ
2025-06-08,36.39,38.8,36.17,37.26,21817810,845619847,1.671,2.503438789546064,002422.SZ
2025-06-09,37.27,37.96,36.97,37.73,16532099,639519433,1.266,1.2614063338701076,002422.SZ
2025-06-10,37.64,38.08,36.65,36.85,16538782,633399227,1.266,-2.3323615160349753,002422.SZ
2025-06-11,36.68,38.6,36.66,38.04,20704859,804143696,1.586,3.2293080054274004,002422.SZ
2025-06-12,38.02,38.08,36.04,36.14,29207089,1087569103,2.237,-4.994742376445838,002422.SZ
2025-06-15,35.96,36.11,35.21,35.35,21607465,781218644,1.655,-2.1859435528500226,002422.SZ
2025-06-16,35.67,35.86,34.4,34.54,17859914,634365074,1.368,-2.291371994342295,002422.SZ
2025-06-17,34.33,34.9,34.24,34.51,10377760,364216993,0.795,-0.08685581933990383,002422.SZ
2025-06-18,34.52,34.97,33.91,34.03,12587168,439522339,0.964,-1.390901188061422,002422.SZ
2025-06-19,34.03,34.19,33.29,33.4,14896443,508415593,1.141,-1.851307669703206,002422.SZ
2025-06-22,33.27,34.24,32.86,33.99,16938864,579666245,1.297,1.7664670658682713,002422.SZ
2025-06-23,33.99,34.83,33.75,34.44,16259350,568821211,1.245,1.3239187996469504,002422.SZ
2025-06-24,34.47,34.9,33.75,34.24,15703230,546135702,1.203,-0.580720092915199,002422.SZ
2025-06-25,34.03,34.55,33.58,34.37,11565400,402167922,0.886,0.3796728971962482,002422.SZ
2025-06-26,34.39,35.45,34.29,35.19,15360867,548816758,1.176,2.3858015711376135,002422.SZ
2025-06-29,35.1,35.54,34.63,35.29,8058601,288228404,0.617,0.28417163967036085,002422.SZ
2025-06-30,35.27,35.86,34.95,35.84,9557910,346080810,0.732,1.5585151601020142,002422.SZ
2025-07-01,35.79,35.81,34.53,34.89,11300906,402546001,0.865,-2.650669642857151,002422.SZ
2025-07-02,34.83,36.8,34.58,36.51,17825581,645835474,1.365,4.643164230438512,002422.SZ
2025-07-03,36.25,36.45,35.58,35.71,9997152,365853672,0.766,-2.1911804984935612,002422.SZ
2025-07-06,35.59,35.84,33.79,33.88,21033282,735841445,1.611,-5.124614953794449,002422.SZ
2025-07-07,33.89,34.08,32.57,32.82,30432444,1021877707,2.33,-3.1286894923258646,002422.SZ
2025-07-08,32.72,33.14,32.47,32.86,17128260,573202059,1.312,0.12187690432663434,002422.SZ
2025-07-09,32.83,32.89,32.32,32.64,14778153,490417899,1.132,-0.669506999391356,002422.SZ
2025-07-10,32.56,33.06,32.42,32.64,22720068,756121405,1.74,0.0,002422.SZ
2025-07-13,32.59,32.61,32.17,32.28,18755453,617587606,1.436,-1.1029411764705843,002422.SZ
2025-07-14,32.32,33.39,32.23,33.25,23574257,788151748,1.805,3.0049566294919394,002422.SZ
2025-07-15,33.29,33.53,32.62,32.93,14675276,492411438,1.124,-0.9624060150375979,002422.SZ
2025-07-16,32.93,34.71,32.83,34.38,35360135,1229302887,2.708,4.403279684178574,002422.SZ
2025-07-17,34.27,35.0,33.95,34.85,20379965,715356952,1.561,1.3670738801628834,002422.SZ
2025-07-20,34.56,34.56,33.6,34.4,17449758,605299584,1.336,-1.2912482065997266,002422.SZ
2025-07-21,34.28,35.32,33.8,34.73,17094061,605531323,1.309,0.9593023255813904,002422.SZ
2025-07-22,34.58,34.67,33.85,33.99,14417719,500801418,1.104,-2.1307227181111332,002422.SZ
2025-07-23,33.98,34.37,33.43,34.25,15674863,540995733,1.2,0.7649308620182316,002422.SZ
2025-07-24,34.03,34.86,33.91,34.56,16085718,564610914,1.232,0.9051094890510925,002422.SZ
2025-07-27,34.67,35.27,34.29,34.59,14578676,514487746,1.116,0.08680555555555802,002422.SZ
2025-07-28,34.67,36.17,34.49,35.76,22640231,818512722,1.734,3.3824804856894986,002422.SZ
2025-07-29,35.67,38.2,34.71,37.53,37182392,1398223239,2.847,4.949664429530221,002422.SZ
2025-07-30,37.35,37.77,36.75,37.12,17712317,670490253,1.356,-1.09245936584067,002422.SZ
2025-07-31,36.97,37.69,36.38,36.52,12869200,484235958,0.985,-1.6163793103448176,002422.SZ
2025-08-03,36.37,36.48,35.38,35.91,12205954,444740864,0.935,-1.6703176341730686,002422.SZ
2025-08-04,35.99,37.14,35.89,36.89,11896712,442410159,0.911,2.729044834308003,002422.SZ
2025-08-05,37.06,37.69,36.43,36.91,11117549,418916650,0.851,0.05421523448088106,002422.SZ
2025-08-06,36.76,37.48,36.02,36.21,13127801,490495032,1.005,-1.896505012191807,002422.SZ
2025-08-07,36.22,36.5,35.51,35.97,10562990,384829909,0.809,-0.6628003314001707,002422.SZ
2025-08-10,35.96,36.8,35.71,36.41,9520314,352365928,0.729,1.2232415902140525,002422.SZ
2025-08-11,36.4,36.73,35.44,35.78,12894781,469816878,0.987,-1.7302938753089636,002422.SZ
2025-08-12,35.79,36.5,35.57,36.3,16147187,593562576,1.237,1.4533258803800964,002422.SZ
2025-08-13,36.41,36.41,35.58,35.58,12738761,465559186,0.975,-1.983471074380161,002422.SZ
2025-08-14,35.5,36.24,35.23,35.75,11146683,406160389,0.854,0.4777965148960117,002422.SZ
2025-08-17,35.74,36.45,35.68,36.41,15337714,563140107,1.175,1.8461538461538307,002422.SZ
2025-08-18,36.41,38.02,36.17,37.02,24819214,944921759,1.9006,1.6753639110134833,002422.SZ
2025-08-19,36.83,37.19,35.67,36.67,17013218,631626937,1.3028,-0.9454349000540319,002422.SZ
2025-08-20,36.71,37.51,36.38,37.1,13915164,522390197,1.0656,1.1726206708481124,002422.SZ
2025-08-21,37.1,37.24,36.5,36.92,13283960,497514718,1.0172,-0.48517520215632937,002422.SZ
2025-08-24,36.93,38.51,36.92,38.41,22094748,851090519,1.692,4.035752979414942,002422.SZ
2025-08-25,38.17,38.52,37.51,37.53,12488386,481404712,0.9563,-2.291070033845344,002422.SZ
2025-08-26,37.65,38.2,36.21,36.25,18917288,712019998,1.4486,-3.410604849453769,002422.SZ
2025-08-27,36.22,36.4,35.13,35.85,19223686,698804713,1.4721,-1.1034482758620623,002422.SZ
2025-08-28,35.36,36.28,34.65,35.82,28026930,1017091270,2.1462,-0.08368200836820217,002422.SZ
2025-08-31,36.06,39.41,35.76,39.41,40657400,1574327684,3.1134,10.022333891680614,002422.SZ
2025-09-01,39.41,40.99,39.02,39.24,34035775,1382154457,2.6063,-0.43136259832528,002422.SZ
2025-09-02,39.49,40.76,39.11,39.99,23885933,973740746,1.8291,1.911314984709489,002422.SZ
2025-09-03,40.03,40.28,37.74,38.34,22961067,905893426,1.7583,-4.12603150787697,002422.SZ
2025-09-04,38.32,39.74,37.43,39.64,19219735,758446242,1.4718,3.390714658320282,002422.SZ
2025-09-07,39.6,40.06,38.6,39.3,17336881,692169797,1.3276,-0.8577194752775075,002422.SZ
2025-09-08,39.2,39.98,38.2,38.47,13694251,543783927,1.0487,-2.111959287531806,002422.SZ
2025-09-09,38.42,38.81,36.93,37.22,19967403,761061880,1.529,-3.2492851572654025,002422.SZ
2025-09-10,35.37,36.65,34.26,36.49,29637039,1075742490,2.2695,-1.9613111230521119,002422.SZ
2025-09-11,36.49,37.12,36.21,36.62,14840205,552678365,1.1364,0.3562619895861818,002422.SZ
2025-09-14,36.63,37.77,36.48,36.89,15287018,578272870,1.1706,0.7373020207537051,002422.SZ
2025-09-15,36.89,37.3,36.03,36.23,10529772,388643182,0.8063,-1.7891027378693525,002422.SZ
2025-09-16,36.23,36.58,35.92,36.29,8970984,330841570,0.687,0.16560861164780505,002422.SZ
2025-09-17,36.47,37.89,36.13,37.22,18834653,712054707,1.4423,2.5626894461284078,002422.SZ
2025-09-18,37.19,37.19,35.78,35.78,14589008,538449433,1.1172,-3.868887694787737,002422.SZ
2025-09-21,36.33,37.83,36.32,36.64,14226971,536761802,1.0894,2.4035774175517055,002422.SZ
2025-09-22,36.55,36.81,35.47,36.3,11673104,427369727,0.8939,-0.927947598253287,002422.SZ
2025-09-23,36.1,37.93,35.98,37.34,18815628,714996224,1.4408,2.8650137741047077,002422.SZ
2025-09-24,37.47,37.62,36.66,36.93,10300000,388704749,0.7887,-1.0980182110337577,002422.SZ
2025-09-25,36.65,36.79,35.77,36.25,14511677,534341962,1.1113,-1.841321418900621,002422.SZ
2025-09-28,36.13,36.23,35.01,35.71,13728821,495938769,1.0513,-1.4896551724137952,002422.SZ
2025-09-29,35.71,36.75,35.19,36.09,19266064,703156058,1.4753,1.0641276953234469,002422.SZ
2025-10-08,36.66,37.34,35.37,35.43,17680908,646009113,1.3539,-1.8287614297589405,002422.SZ
2025-10-09,35.37,35.7,34.6,34.78,15554137,555816748,1.1911,-1.8346034434095326,002422.SZ
2025-10-12,34.45,35.17,34.08,34.13,13756246,481950047,1.0534,-1.8688901667625046,002422.SZ
2025-10-13,34.47,34.56,33.02,33.42,15273790,521601539,1.1696,-2.0802812774685098,002422.SZ
2025-10-14,33.43,34.34,33.21,34.19,12016504,416403358,0.9202,2.3040095751047263,002422.SZ
2025-10-15,34.19,34.69,33.86,34.27,9951246,347862083,0.762,0.23398654577362343,002422.SZ
2025-10-16,34.51,34.89,34.07,34.27,10853295,381109342,0.8311,0.0,002422.SZ
2025-10-19,34.77,36.05,34.58,35.83,18861894,681439596,1.4444,4.552086372920905,002422.SZ
2025-10-20,35.99,36.05,35.17,35.55,10814304,389985544,0.8281,-0.7814680435389354,002422.SZ
2025-10-21,35.56,36.14,35.26,35.39,7049583,255105054,0.5398,-0.45007032348803877,002422.SZ
2025-10-22,35.3,35.38,34.01,34.31,10386870,362022136,0.7954,-3.0517095224639634,002422.SZ
2025-10-23,34.33,34.45,34.02,34.16,6112146,211837585,0.468,-0.43719032352085296,002422.SZ
2025-10-26,34.41,34.48,34.02,34.23,10241572,355137811,0.7843,0.2049180327868827,002422.SZ
2025-10-27,34.03,34.49,33.85,34.36,9324657,322641821,0.714,0.3797838153666522,002422.SZ
2025-10-28,34.18,34.3,33.46,34.19,11255258,386725567,0.8619,-0.4947613504074577,002422.SZ
2025-10-29,34.07,34.19,33.53,33.77,11290373,387549332,0.8646,-1.2284293653114786,002422.SZ
2025-10-30,32.83,34.71,32.41,34.51,23190478,797752866,1.7758,2.1912940479715592,002422.SZ
2025-11-02,34.39,34.61,33.73,34.31,15345311,531110614,1.1751,-0.579542161692248,002422.SZ
2025-11-03,34.31,34.31,33.33,33.49,9022056,306986141,0.6909,-2.389973768580589,002422.SZ
2025-11-04,33.16,33.56,32.81,33.25,11063423,371582732,0.8472,-0.7166318303971408,002422.SZ
2025-11-05,32.89,33.21,32.68,32.88,10149209,337756524,0.7772,-1.1127819548872098,002422.SZ
2025-11-06,32.82,32.99,31.86,31.93,13746439,450753288,1.0527,-2.8892944038929502,002422.SZ
2025-11-09,31.96,32.53,31.38,32.46,11905283,386982466,0.9117,1.659880989664897,002422.SZ
2025-11-10,32.49,32.55,31.66,31.88,9616254,312281986,0.7364,-1.7868145409735137,002422.SZ
2025-11-11,31.98,33.03,31.88,32.67,15334464,508791025,1.1743,2.4780426599749106,002422.SZ
2025-11-12,32.82,34.49,32.68,34.11,19021672,651543093,1.4566,4.40771349862259,002422.SZ
2025-11-13,33.87,34.59,33.83,34.13,11310664,393401556,0.8661,0.05863383172091119,002422.SZ
2025-11-16,33.95,34.04,32.6,32.89,11260842,377064460,0.8623,-3.633167301494289,002422.SZ
2025-11-17,32.84,33.63,32.69,33.5,8267500,279997947,0.6331,1.8546670720583691,002422.SZ
2025-11-18,33.33,33.42,32.83,32.93,4697637,157347602,0.3597,-1.7014925373134315,002422.SZ
2025-11-19,33.04,33.11,32.33,32.4,9006407,297579813,0.6897,-1.6094746431825069,002422.SZ
2025-11-20,32.34,32.69,31.47,31.55,8023463,258736008,0.6144,-2.6234567901234462,002422.SZ
2025-11-23,31.75,32.91,31.66,32.82,11858154,390694484,0.9081,4.025356576862116,002422.SZ
2025-11-24,32.82,33.45,32.54,32.88,7783312,261718158,0.596,0.1828153564899626,002422.SZ
2025-11-25,32.94,34.4,32.9,34.11,13342702,461574535,1.0217,3.7408759124087476,002422.SZ
2025-11-26,34.12,34.22,33.62,33.98,6623583,227945708,0.5072,-0.3811199061858783,002422.SZ
2025-11-27,33.99,34.23,33.62,33.94,5132072,176407838,0.393,-0.11771630370805974,002422.SZ
2025-11-30,33.94,34.09,33.46,33.92,6767058,232161659,0.5182,-0.05892751915143046,002422.SZ
2025-12-01,33.91,33.92,33.48,33.53,4390845,149531357,0.3362,-1.1497641509433998,002422.SZ
2025-12-02,33.61,34.04,33.43,33.52,5855700,200048800,0.4484,-0.029824038174763867,002422.SZ
2025-12-03,33.55,34.21,33.49,33.62,9394788,321807936,0.7194,0.2983293556085842,002422.SZ
2025-12-04,33.81,33.87,32.78,33.26,8016810,269013796,0.6139,-1.070791195716836,002422.SZ
2025-12-07,33.4,33.48,32.47,32.54,10460804,347650592,0.801,-2.164762477450388,002422.SZ
2025-12-08,32.45,32.99,31.77,32.0,12071790,393726640,0.9244,-1.659496004917027,002422.SZ
2025-12-09,31.94,32.25,31.17,32.06,12263500,394339703,0.9391,0.1875000000000071,002422.SZ
2025-12-10,32.07,32.2,31.36,31.54,13306748,426668571,1.019,-1.6219588271990104,002422.SZ
2025-12-11,31.55,31.65,30.56,30.71,25685510,803510720,1.9669,-2.631578947368418,002422.SZ
2025-12-14,30.59,30.85,30.47,30.64,8879852,276486946,0.68,-0.22793878215564556,002422.SZ
2025-12-15,30.57,30.66,30.15,30.15,6129229,188476846,0.4694,-1.5992167101827715,002422.SZ
2025-12-16,30.33,30.84,30.09,30.71,8868674,274886393,0.6791,1.8573797678275383,002422.SZ
2025-12-17,30.67,30.85,30.44,30.59,5936699,184565074,0.4546,-0.3907521979811146,002422.SZ
2025-12-18,30.56,31.45,30.5,31.25,9903577,312782644,0.7584,2.1575678326250403,002422.SZ
2025-12-21,31.22,31.71,30.97,31.03,8397569,266818151,0.6431,-0.7039999999999935,002422.SZ
2025-12-22,31.0,31.55,30.51,30.57,12790306,401884552,0.9794,-1.4824363519175043,002422.SZ
2025-12-23,30.58,30.73,30.09,30.23,9444265,290404479,0.7232,-1.1122015047432154,002422.SZ
2025-12-24,30.28,30.5,29.93,30.05,11236256,342757339,0.8604,-0.5954349983460117,002422.SZ
2025-12-25,30.05,30.14,28.58,28.87,31566606,933743087,2.4173,-3.9267886855241296,002422.SZ
2025-12-28,28.88,28.96,28.3,28.57,22740742,657941374,1.7414,-1.0391409767925186,002422.SZ
2025-12-29,28.42,28.56,27.75,28.43,24810512,709766193,1.8999,-0.49002450122506147,002422.SZ
2025-12-30,28.31,29.04,28.22,28.94,16615176,483595423,1.2723,1.79387970453746,002422.SZ
2026-01-04,28.99,30.17,28.66,29.76,26452152,796706640,2.0256,2.833448514167247,002422.SZ
2026-01-05,30.0,30.32,29.52,30.17,16301811,495741867,1.2483,1.3776881720430012,002422.SZ
2026-01-06,30.22,31.24,30.18,31.06,18234734,571878545,1.3964,2.949950281736813,002422.SZ
2026-01-07,31.17,33.2,31.08,32.98,31591199,1043556828,2.4191,6.181584030907916,002422.SZ
2026-01-08,32.69,33.45,32.49,33.37,17202505,575127330,1.3173,1.182534869617946,002422.SZ
2026-01-11,33.37,33.58,32.33,33.48,26265993,875822493,2.0114,0.3296373988612489,002422.SZ
2026-01-12,33.48,33.81,32.85,33.46,15369891,520940865,1.177,-0.05973715651134137,002422.SZ
2026-01-13,33.44,33.63,32.51,32.73,18005547,604090008,1.3788,-2.181709503885243,002422.SZ
2026-01-14,32.73,32.93,32.11,32.24,15391116,506336258,1.1786,-1.4970974641001944,002422.SZ
2026-01-15,32.25,32.44,31.36,31.57,13883852,445742202,1.0632,-2.0781637717121604,002422.SZ
2026-01-18,31.6,32.37,31.55,32.07,12759152,414630950,0.9771,1.5837820715869588,002422.SZ
2026-01-19,32.05,32.52,31.83,32.19,10499800,342185928,0.804,0.3741814780168218,002422.SZ
2026-01-20,32.14,32.2,31.72,31.8,11350461,367282094,0.8692,-1.2115563839701693,002422.SZ
2026-01-21,31.87,32.49,31.06,31.36,13861823,444224803,1.0615,-1.383647798742138,002422.SZ
2026-01-22,31.36,32.21,31.11,31.74,14776224,476630898,1.1315,1.211734693877542,002422.SZ
2026-01-25,31.74,32.23,30.46,31.65,24214956,768239273,1.8543,-0.2835538752362976,002422.SZ
2026-01-26,31.67,31.7,30.82,30.97,14059739,443718023,1.0766,-2.148499210110588,002422.SZ
2026-01-27,30.92,31.2,30.68,30.74,12230467,383542428,0.9366,-0.7426541814659404,002422.SZ
2026-01-28,30.63,31.14,30.41,30.9,12778622,398806461,0.9785,0.5204944697462688,002422.SZ
2026-01-29,30.89,31.54,30.38,30.52,9930514,310052134,0.7604,-1.229773462783168,002422.SZ
2026-02-01,30.43,30.86,29.68,29.72,8811782,269595066,0.6748,-2.6212319790301475,002422.SZ
2026-02-02,29.94,30.05,29.59,29.98,7772718,235323103,0.5952,0.8748317631224856,002422.SZ
2026-02-03,29.94,30.73,29.74,30.67,9160999,281605630,0.7015,2.3015343562375,002422.SZ
2026-02-04,30.55,31.26,30.29,31.04,9820649,308054699,0.752,1.2063906097163235,002422.SZ
2026-02-05,30.97,32.52,30.94,31.75,15324238,495172276,1.1735,2.2873711340206215,002422.SZ
2026-02-08,31.76,32.05,31.33,31.46,9090942,290635093,0.6962,-0.913385826771651,002422.SZ
2026-02-09,31.46,32.39,31.23,31.59,12197530,394601856,0.934,0.4132231404958553,002422.SZ
2026-02-10,31.46,32.02,31.41,31.6,6404400,205377545,0.4904,0.03165558721114348,002422.SZ
2026-02-11,31.55,31.75,30.97,31.32,9524136,301754003,0.7293,-0.8860759493670933,002422.SZ
2026-02-12,31.41,32.0,31.06,31.12,7564881,241594787,0.5793,-0.6385696040868472,002422.SZ
2026-02-23,31.31,31.55,30.43,30.57,8438710,263056348,0.6462,-1.7673521850899765,002422.SZ
2026-02-24,30.62,30.98,30.49,30.59,7507388,233467926,0.5749,0.06542361792607476,002422.SZ
2026-02-25,30.75,30.89,29.62,30.05,18338587,558146149,1.4043,-1.7652827721477582,002422.SZ
2026-02-26,30.06,30.2,29.7,30.11,9251562,281079708,0.7085,0.19966722129782788,002422.SZ
2026-03-01,29.79,30.02,29.1,29.78,15253969,456487090,1.1681,-1.0959814015277236,002422.SZ
2026-03-02,29.76,29.77,28.92,29.11,13397479,397464397,1.0259,-2.249832102081939,002422.SZ
2026-03-03,28.9,29.31,28.71,28.81,8281586,243081977,0.6342,-1.0305736860185544,002422.SZ
2026-03-04,29.12,30.2,28.9,29.86,10491426,315534616,0.8034,3.644567858382519,002422.SZ
2026-03-05,29.74,32.38,29.59,32.22,24360014,777976927,1.8654,7.903549899531148,002422.SZ
2026-03-08,31.63,32.03,31.27,31.45,14946343,479006854,1.1445,-2.389819987585351,002422.SZ
2026-03-09,31.64,33.59,31.53,33.17,24402614,815103151,1.8687,5.468998410174897,002422.SZ
2026-03-10,33.04,33.33,32.54,32.79,12973202,432164919,0.9934,-1.1456135061802875,002422.SZ
2026-03-11,32.72,32.78,32.06,32.39,8164118,268033738,0.6252,-1.2198841110094505,002422.SZ
2026-03-12,32.07,32.83,31.8,32.13,7097603,232246594,0.5435,-0.8027168879283675,002422.SZ
2026-03-15,32.14,32.98,31.92,32.19,12682041,416945179,0.9711,0.18674136321192858,002422.SZ
2026-03-16,32.47,33.03,31.78,32.74,19360459,641222547,1.4826,1.7086051568810268,002422.SZ
2026-03-17,32.5,33.15,32.11,32.87,13110500,435582733,1.004,0.3970678069639355,002422.SZ
2026-03-18,32.88,33.58,32.65,33.01,14701983,493975563,1.1258,0.4259202920596339,002422.SZ
2026-03-19,32.86,34.26,32.74,33.89,21346787,733328088,1.6347,2.665858830657375,002422.SZ
2026-03-22,33.51,33.52,31.83,32.31,18023261,594022707,1.3802,-4.662142224845079,002422.SZ
2026-03-23,32.64,32.95,32.03,32.51,12857013,422143319,0.9845,0.6190034045187032,002422.SZ
2026-03-24,32.72,33.34,32.27,32.72,11675052,387850629,0.894,0.6459550907413236,002422.SZ
2026-03-25,32.53,33.07,31.54,31.66,13244904,430918727,1.0142,-3.2396088019559843,002422.SZ
2026-03-26,31.25,34.62,31.16,34.43,32349811,1105354135,2.4772,8.74921036007581,002422.SZ
2026-03-29,34.22,34.97,33.99,34.23,23119578,807380385,1.7704,-0.5808887598025114,002422.SZ
2026-03-30,34.41,34.88,33.97,34.21,18565109,647327635,1.4217,-0.058428279287159324,002422.SZ
2026-03-31,34.51,35.94,34.23,35.68,33300367,1193311959,2.55,4.296989184448985,002422.SZ
2026-04-01,35.36,36.38,35.1,35.84,23437493,849470122,1.7948,0.4484304932735439,002422.SZ
2026-04-02,34.85,35.48,34.32,35.12,27531316,971982383,2.1082,-2.008928571428592,002422.SZ
2026-04-06,35.13,35.29,33.55,33.86,19719454,681938665,1.51,-3.587699316628701,002422.SZ
2026-04-07,34.4,34.86,33.54,34.15,27585148,955024976,2.1124,0.8564678086237398,002422.SZ
2026-04-08,33.97,34.36,33.18,33.65,17820985,608228896,1.3647,-1.4641288433382194,002422.SZ
2026-04-09,33.67,33.77,32.97,33.52,25405076,860324719,1.9454,-0.38632986627041843,002422.SZ
2026-04-12,33.38,34.54,33.28,34.19,19008207,656886546,1.4556,1.9988066825775475,002422.SZ
2026-04-13,34.28,34.45,33.33,33.81,17009816,581812826,1.3025,-1.111436092424667,002422.SZ
2026-04-14,34.18,35.29,33.63,35.2,33941387,1192153995,2.5991,4.111209701271812,002422.SZ
2026-04-15,34.86,35.64,34.37,35.42,20506940,731793547,1.5703,0.6249999999999867,002422.SZ
2026-04-16,35.42,35.58,33.82,34.74,23837399,834931402,1.8254,-1.9198193111236606,002422.SZ
2026-04-19,34.62,34.69,33.33,33.49,25718400,877659695,1.9694,-3.598157743235464,002422.SZ
2026-04-20,33.52,33.96,32.87,33.07,14002971,472104412,1.0723,-1.2541057031949854,002422.SZ
2026-04-21,33.09,33.49,32.69,33.39,15026545,504764693,1.1507,0.9676443906864174,002422.SZ
2026-04-22,33.38,33.65,32.6,32.74,14133601,474461456,1.0823,-1.9466906259359096,002422.SZ
2026-04-23,32.69,33.67,32.34,33.46,15531541,523339595,1.1893,2.199144777031159,002422.SZ
2026-04-26,33.38,33.46,32.68,32.78,9854113,328260079,0.7546,-2.0322773460848764,002422.SZ
2026-04-27,32.77,33.48,32.09,32.14,13008618,430512295,0.9962,-1.9524100061012795,002422.SZ
2026-04-28,32.14,34.29,32.06,33.62,25158224,859571278,1.9265,4.604853764779082,002422.SZ
2026-04-29,34.44,34.66,33.52,34.09,17379863,603253028,1.3383,1.3979773944081009,002422.SZ
2026-05-05,33.63,33.96,33.03,33.53,16220480,549585065,1.2491,-1.642710472279263,002422.SZ
2026-05-06,33.62,33.84,33.13,33.55,13794116,467167821,1.0622,0.059648076349527734,002422.SZ
2026-05-07,33.53,33.68,32.97,33.17,9327655,313861766,0.7183,-1.1326378539493143,002422.SZ
2026-05-10,33.41,33.41,32.6,33.19,16088682,531031466,1.2389,0.060295447693681226,002422.SZ
2026-05-11,33.0,34.5,32.78,33.5,18029671,604639318,1.3884,0.9340162699608356,002422.SZ
2026-05-12,33.3,33.37,31.83,32.36,18605951,603040373,1.4328,-3.402985074626863,002422.SZ
2026-05-13,32.32,32.7,31.37,31.39,11688682,372403755,0.9001,-2.9975278121137205,002422.SZ
2026-05-14,31.33,31.88,31.03,31.38,10097323,317595458,0.7775,-0.03185727938834759,002422.SZ
2026-05-17,31.39,31.39,30.3,30.63,15846429,484037373,1.2203,-2.390057361376674,002422.SZ
2026-05-18,31.15,33.0,31.15,32.34,26552101,862454241,2.0446,5.5827619980411525,002422.SZ
2026-05-19,32.78,32.78,31.94,31.96,12132621,390783912,0.9343,-1.1750154607297558,002422.SZ
2026-05-20,31.93,33.2,31.83,32.39,15376551,503221124,1.1841,1.3454317897371615,002422.SZ
2026-05-21,33.57,35.57,33.57,34.72,38721778,1346309220,2.9818,7.193578264896572,002422.SZ
2026-05-24,34.7,35.0,33.91,34.36,13876255,477322495,1.0685,-1.0368663594470084,002422.SZ
2026-05-25,34.36,35.89,34.2,35.23,22820756,806726828,1.7573,2.5320139697322386,002422.SZ
2026-05-26,35.02,35.8,34.71,35.68,17403403,613214095,1.3402,1.277320465512366,002422.SZ
2026-05-27,35.35,35.86,34.88,35.02,17697578,624244110,1.3628,-1.8497757847533491,002422.SZ
2026-05-28,35.03,37.18,34.9,36.37,29833887,1085355466,2.2974,3.854940034266119,002422.SZ
2026-05-31,36.91,38.27,36.0,36.21,29292419,1081317536,2.2557,-0.43992301347263174,002422.SZ
2026-06-01,36.0,36.5,35.15,35.25,17292972,615128083,1.3316,-2.6512013256006606,002422.SZ
2026-06-02,35.16,35.38,33.47,33.55,22898005,780062069,1.7633,-4.822695035461,002422.SZ
2026-06-03,33.55,34.4,33.46,33.88,14554474,493873260,1.1208,0.9836065573770592,002422.SZ
2026-06-04,34.18,35.63,34.18,34.61,17418086,609164723,1.3413,2.154663518299871,002422.SZ
2026-06-07,34.5,35.0,33.59,33.88,13494998,461101825,1.0392,-2.109216989309437,002422.SZ
2026-06-08,34.12,35.22,33.25,35.0,13469705,461659570,1.0372,3.305785123966931,002422.SZ
2026-06-09,34.67,37.2,34.6,37.06,23643336,860961238,1.8207,5.885714285714294,002422.SZ
2026-06-10,36.69,38.12,36.11,38.08,22144512,831867774,1.7052,2.752293577981635,002422.SZ
2026-06-11,37.89,38.08,36.28,37.31,29593801,1098564793,2.2789,-2.0220588235294046,002422.SZ
2026-06-14,37.31,37.31,36.23,36.49,16398983,599491101,1.2628,-2.197802197802201,002422.SZ
2026-06-15,36.45,36.57,35.75,36.0,11360922,408867359,0.8748,-1.3428336530556417,002422.SZ
2026-06-16,35.99,36.35,35.45,35.62,12380760,441994496,0.9534,-1.0555555555555651,002422.SZ
2026-06-17,35.43,37.48,34.58,35.92,23207691,839146035,1.7871,0.8422234699607012,002422.SZ
2026-06-21,35.78,36.9,35.61,36.65,17885621,649515074,1.3773,2.032293986636957,002422.SZ
2026-06-22,36.22,37.99,36.11,37.31,23605440,879275737,1.8177,1.8008185538881394,002422.SZ
2026-06-23,37.01,39.36,36.98,37.6,26538331,1014928676,2.0436,0.7772715089788163,002422.SZ
2026-06-24,36.99,38.3,36.0,37.53,23125473,855861651,1.7808,-0.18617021276595702,002422.SZ
2026-06-25,37.39,37.92,35.6,35.6,15584882,567475326,1.2001,-5.14255262456701,002422.SZ
