date,open,high,low,close,volume
2016-11-02,2.079,2.081,2.053,2.054,1336701.0
2016-11-03,2.045,2.076,2.045,2.062,2105737.0
2016-11-04,2.059,2.08,2.05,2.056,1687287.0
2016-11-07,2.054,2.057,2.038,2.043,1108717.0
2016-11-08,2.048,2.068,2.046,2.063,1592791.0
2016-11-09,2.062,2.066,2.012,2.032,1814598.0
2016-11-10,2.052,2.062,2.051,2.053,1723974.0
2016-11-11,2.051,2.062,2.037,2.06,1686738.0
2016-11-14,2.057,2.087,2.057,2.07,2135288.0
2016-11-15,2.07,2.089,2.061,2.089,2037411.0
2016-11-16,2.096,2.118,2.09,2.091,2662780.0
2016-11-17,2.085,2.085,2.067,2.074,1234155.0
2016-11-18,2.074,2.081,2.065,2.07,862819.0
2016-11-21,2.065,2.075,2.056,2.061,1145398.0
2016-11-22,2.064,2.086,2.059,2.086,2150688.0
2016-11-23,2.09,2.1,2.073,2.075,2436437.0
2016-11-24,2.067,2.08,2.054,2.054,1559165.0
2016-11-25,2.052,2.078,2.03,2.076,2058856.0
2016-11-28,2.079,2.086,2.067,2.071,1605870.0
2016-11-29,2.068,2.086,2.064,2.073,2059937.0
2016-11-30,2.068,2.11,2.063,2.092,3042287.0
2016-12-01,2.09,2.097,2.083,2.089,1338250.0
2016-12-02,2.087,2.096,2.055,2.055,2227676.0
2016-12-05,2.045,2.071,2.038,2.055,1910268.0
2016-12-06,2.058,2.066,2.033,2.036,1662374.0
2016-12-07,2.04,2.045,2.025,2.044,1043243.0
2016-12-08,2.044,2.045,2.026,2.028,1088349.0
2016-12-09,2.025,2.029,2.011,2.013,1477668.0
2016-12-12,2.01,2.011,1.895,1.902,3580867.0
2016-12-13,1.9,1.911,1.879,1.9,2565921.0
2016-12-14,1.898,1.905,1.873,1.88,1455802.0
2016-12-15,1.877,1.908,1.873,1.893,1553878.0
2016-12-16,1.888,1.922,1.886,1.908,1544205.0
2016-12-19,1.907,1.909,1.891,1.896,576976.0
2016-12-20,1.897,1.906,1.89,1.897,966099.0
2016-12-21,1.899,1.912,1.897,1.904,872115.0
2016-12-22,1.903,1.904,1.889,1.897,533974.0
2016-12-23,1.893,1.903,1.874,1.874,675523.0
2016-12-26,1.869,1.887,1.848,1.886,938586.0
2016-12-27,1.883,1.892,1.879,1.881,700094.0
2016-12-28,1.879,1.884,1.861,1.87,598143.0
2016-12-29,1.869,1.887,1.866,1.876,597377.0
2016-12-30,1.878,1.885,1.871,1.881,1208164.0
2017-01-03,1.882,1.89,1.876,1.881,569141.0
2017-01-04,1.882,1.909,1.876,1.907,1268433.0
2017-01-05,1.904,1.908,1.897,1.901,808785.0
2017-01-06,1.897,1.897,1.88,1.886,637272.0
2017-01-09,1.883,1.889,1.869,1.878,455545.0
2017-01-10,1.877,1.885,1.868,1.869,637244.0
2017-01-11,1.863,1.877,1.853,1.857,977105.0
2017-01-12,1.851,1.867,1.849,1.849,1064767.0
2017-01-13,1.849,1.854,1.816,1.82,1101222.0
2017-01-16,1.82,1.82,1.711,1.756,2571600.0
2017-01-17,1.748,1.797,1.73,1.787,2907816.0
2017-01-18,1.78,1.785,1.763,1.767,1505930.0
2017-01-19,1.765,1.775,1.756,1.768,1167288.0
2017-01-20,1.762,1.813,1.762,1.801,1821480.0
2017-01-23,1.798,1.818,1.797,1.807,626704.0
2017-01-24,1.807,1.807,1.78,1.786,708059.0
2017-01-25,1.78,1.798,1.777,1.794,473825.0
2017-01-26,1.794,1.81,1.794,1.804,430825.0
2017-02-03,1.806,1.809,1.794,1.802,412051.0
2017-02-06,1.799,1.825,1.796,1.82,928864.0
2017-02-07,1.816,1.822,1.803,1.807,713488.0
2017-02-08,1.806,1.825,1.803,1.822,919020.0
2017-02-09,1.822,1.84,1.821,1.833,1049925.0
2017-02-10,1.833,1.835,1.821,1.824,702525.0
2017-02-13,1.82,1.842,1.815,1.833,938694.0
2017-02-14,1.831,1.839,1.826,1.827,897032.0
2017-02-15,1.828,1.842,1.81,1.812,659948.0
2017-02-16,1.808,1.822,1.807,1.817,676778.0
2017-02-17,1.817,1.826,1.8,1.801,847230.0
2017-02-20,1.804,1.817,1.798,1.817,989914.0
2017-02-21,1.817,1.845,1.815,1.842,1152992.0
2017-02-22,1.844,1.845,1.83,1.838,1021327.0
2017-02-23,1.838,1.848,1.825,1.848,1113450.0
2017-02-24,1.846,1.859,1.841,1.859,1044112.0
2017-02-27,1.859,1.864,1.841,1.847,879682.0
2017-02-28,1.847,1.85,1.836,1.846,865102.0
2017-03-01,1.842,1.86,1.842,1.85,871857.0
2017-03-02,1.851,1.856,1.84,1.841,547042.0
2017-03-03,1.836,1.852,1.829,1.849,737075.0
2017-03-06,1.848,1.884,1.847,1.883,1464071.0
2017-03-07,1.885,1.896,1.875,1.895,1088008.0
2017-03-08,1.895,1.895,1.879,1.884,779682.0
2017-03-09,1.877,1.881,1.867,1.869,849526.0
2017-03-10,1.868,1.876,1.863,1.868,590481.0
2017-03-13,1.864,1.89,1.857,1.89,1215816.0
2017-03-14,1.888,1.888,1.868,1.875,1124811.0
2017-03-15,1.871,1.882,1.863,1.876,771932.0
2017-03-16,1.875,1.886,1.875,1.882,721986.0
2017-03-17,1.883,1.9,1.862,1.862,1117073.0
2017-03-20,1.863,1.871,1.856,1.87,892708.0
2017-03-21,1.869,1.879,1.866,1.879,515699.0
2017-03-22,1.87,1.879,1.858,1.864,1529803.0
2017-03-23,1.866,1.879,1.85,1.865,1731105.0
2017-03-24,1.865,1.884,1.863,1.882,725597.0
2017-03-27,1.878,1.885,1.863,1.864,665478.0
2017-03-28,1.863,1.871,1.859,1.863,418696.0
2017-03-29,1.865,1.869,1.844,1.845,1007642.0
2017-03-30,1.841,1.845,1.811,1.813,1474102.0
2017-03-31,1.814,1.827,1.814,1.826,901510.0
2017-04-05,1.831,1.861,1.831,1.861,665627.0
2017-04-06,1.863,1.869,1.855,1.859,501456.0
2017-04-07,1.859,1.871,1.852,1.865,541223.0
2017-04-10,1.865,1.865,1.828,1.832,476985.0
2017-04-11,1.829,1.84,1.81,1.836,1127883.0
2017-04-12,1.832,1.834,1.815,1.819,577018.0
2017-04-13,1.819,1.84,1.814,1.835,687692.0
2017-04-14,1.829,1.834,1.808,1.81,862709.0
2017-04-17,1.806,1.809,1.785,1.79,1299578.0
2017-04-18,1.79,1.799,1.77,1.772,832395.0
2017-04-19,1.767,1.77,1.738,1.763,1500866.0
2017-04-20,1.765,1.778,1.758,1.77,1003610.0
2017-04-21,1.77,1.784,1.756,1.761,880331.0
2017-04-24,1.759,1.759,1.723,1.737,1324228.0
2017-04-25,1.736,1.755,1.732,1.742,792404.0
2017-04-26,1.74,1.747,1.734,1.743,363643.0
2017-04-27,1.739,1.774,1.721,1.764,1502604.0
2017-04-28,1.76,1.779,1.758,1.777,866992.0
2017-05-02,1.775,1.778,1.766,1.773,501284.0
2017-05-03,1.767,1.778,1.755,1.763,511278.0
2017-05-04,1.761,1.781,1.753,1.769,1084637.0
2017-05-05,1.76,1.765,1.743,1.743,1553911.0
2017-05-08,1.735,1.75,1.715,1.716,1728978.0
2017-05-09,1.709,1.73,1.699,1.726,2171479.0
2017-05-10,1.725,1.74,1.699,1.7,2393477.0
2017-05-11,1.69,1.698,1.657,1.696,3348574.0
2017-05-12,1.692,1.7,1.677,1.698,1636129.0
2017-05-15,1.701,1.713,1.698,1.704,895947.0
2017-05-16,1.698,1.741,1.69,1.741,1794430.0
2017-05-17,1.74,1.759,1.737,1.743,1728841.0
2017-05-18,1.734,1.752,1.731,1.738,1315222.0
2017-05-19,1.737,1.739,1.719,1.725,982465.0
2017-05-22,1.723,1.738,1.702,1.711,1288382.0
2017-05-23,1.706,1.714,1.681,1.681,2049409.0
2017-05-24,1.676,1.703,1.658,1.703,2870806.0
2017-05-25,1.698,1.713,1.671,1.703,4058081.0
2017-05-26,1.696,1.705,1.684,1.689,2655761.0
2017-05-31,1.719,1.719,1.692,1.692,3189028.0
2017-06-01,1.687,1.688,1.66,1.661,1663429.0
2017-06-02,1.652,1.687,1.643,1.678,3507694.0
2017-06-05,1.681,1.699,1.68,1.689,2207064.0
2017-06-06,1.686,1.702,1.684,1.692,1314035.0
2017-06-07,1.692,1.733,1.689,1.73,3146698.0
2017-06-08,1.728,1.733,1.718,1.722,1689237.0
2017-06-09,1.718,1.726,1.71,1.725,1662671.0
2017-06-12,1.715,1.718,1.7,1.702,1608719.0
2017-06-13,1.702,1.728,1.699,1.723,2180761.0
2017-06-14,1.721,1.726,1.713,1.72,1333080.0
2017-06-15,1.719,1.753,1.717,1.744,3352446.0
2017-06-16,1.744,1.747,1.736,1.739,1318494.0
2017-06-19,1.737,1.747,1.736,1.746,1137841.0
2017-06-20,1.747,1.763,1.745,1.748,1815701.0
2017-06-21,1.756,1.758,1.737,1.753,1111860.0
2017-06-22,1.752,1.758,1.721,1.725,1067561.0
2017-06-23,1.724,1.737,1.706,1.737,1861227.0
2017-06-26,1.734,1.75,1.725,1.749,1476283.0
2017-06-27,1.749,1.758,1.743,1.746,1324417.0
2017-06-28,1.743,1.745,1.73,1.734,1093783.0
2017-06-29,1.733,1.751,1.731,1.742,1066991.0
2017-06-30,1.737,1.748,1.731,1.748,1184105.0
2017-07-03,1.747,1.764,1.743,1.764,1614595.0
2017-07-04,1.764,1.764,1.749,1.755,1120420.0
2017-07-05,1.753,1.763,1.745,1.761,1094745.0
2017-07-06,1.76,1.766,1.743,1.753,1335706.0
2017-07-07,1.747,1.752,1.743,1.75,716998.0
2017-07-10,1.745,1.745,1.715,1.716,1538696.0
2017-07-11,1.712,1.719,1.696,1.696,1461933.0
2017-07-12,1.694,1.703,1.678,1.697,1891946.0
2017-07-13,1.693,1.696,1.68,1.686,1207065.0
2017-07-14,1.68,1.682,1.661,1.662,1963989.0
2017-07-17,1.647,1.648,1.569,1.57,3561888.0
2017-07-18,1.561,1.589,1.554,1.579,2213341.0
2017-07-19,1.573,1.595,1.561,1.593,1628131.0
2017-07-20,1.59,1.617,1.587,1.59,1620749.0
2017-07-21,1.588,1.602,1.586,1.591,747247.0
2017-07-24,1.589,1.602,1.582,1.599,946497.0
2017-07-25,1.598,1.606,1.59,1.599,735777.0
2017-07-26,1.597,1.6,1.586,1.588,735346.0
2017-07-27,1.588,1.665,1.584,1.665,2959044.0
2017-07-28,1.659,1.662,1.643,1.647,1924264.0
2017-07-31,1.645,1.654,1.636,1.652,1011288.0
2017-08-01,1.651,1.654,1.639,1.65,1190311.0
2017-08-02,1.65,1.658,1.638,1.638,1371661.0
2017-08-03,1.634,1.672,1.63,1.651,1998339.0
2017-08-04,1.648,1.65,1.635,1.636,1031830.0
2017-08-07,1.636,1.66,1.635,1.651,1070920.0
2017-08-08,1.652,1.679,1.646,1.678,2199252.0
2017-08-09,1.677,1.688,1.668,1.675,1392265.0
2017-08-10,1.674,1.69,1.661,1.669,1108944.0
2017-08-11,1.661,1.678,1.656,1.659,1718932.0
2017-08-14,1.664,1.702,1.662,1.702,2364296.0
2017-08-15,1.704,1.71,1.695,1.706,1496965.0
2017-08-16,1.704,1.745,1.701,1.735,1924101.0
2017-08-17,1.728,1.753,1.725,1.746,2536531.0
2017-08-18,1.738,1.746,1.728,1.733,1417861.0
2017-08-21,1.737,1.743,1.728,1.737,1264746.0
2017-08-22,1.737,1.742,1.72,1.726,1162437.0
2017-08-23,1.722,1.732,1.714,1.717,1230914.0
2017-08-24,1.716,1.726,1.705,1.705,1279757.0
2017-08-25,1.702,1.729,1.702,1.723,1454571.0
2017-08-28,1.729,1.772,1.727,1.755,2402908.0
2017-08-29,1.753,1.766,1.743,1.743,1535018.0
2017-08-30,1.745,1.768,1.743,1.756,1613679.0
2017-08-31,1.758,1.767,1.755,1.765,1343713.0
2017-09-01,1.768,1.78,1.755,1.776,1753435.0
2017-09-04,1.773,1.799,1.769,1.796,1455841.0
2017-09-05,1.795,1.804,1.785,1.796,1394204.0
2017-09-06,1.792,1.814,1.79,1.813,1611863.0
2017-09-07,1.813,1.828,1.797,1.8,1632369.0
2017-09-08,1.797,1.807,1.783,1.791,1398556.0
2017-09-11,1.79,1.807,1.788,1.807,1023147.0
2017-09-12,1.811,1.815,1.792,1.793,1222546.0
2017-09-13,1.792,1.798,1.784,1.797,972239.0
2017-09-14,1.797,1.803,1.783,1.787,839012.0
2017-09-15,1.785,1.792,1.78,1.782,895529.0
2017-09-18,1.782,1.808,1.78,1.808,1141358.0
2017-09-19,1.807,1.811,1.785,1.79,1150825.0
2017-09-20,1.788,1.803,1.786,1.801,761996.0
2017-09-21,1.802,1.808,1.78,1.78,764903.0
2017-09-22,1.775,1.78,1.762,1.773,1079248.0
2017-09-25,1.77,1.778,1.748,1.75,807223.0
2017-09-26,1.749,1.758,1.734,1.746,966425.0
2017-09-27,1.75,1.766,1.748,1.757,815793.0
2017-09-28,1.758,1.771,1.757,1.761,730490.0
2017-09-29,1.764,1.78,1.764,1.78,570514.0
2017-10-09,1.797,1.81,1.79,1.8,902553.0
2017-10-10,1.798,1.828,1.797,1.828,1283464.0
2017-10-11,1.83,1.835,1.811,1.814,1147732.0
2017-10-12,1.812,1.819,1.799,1.811,785692.0
2017-10-13,1.811,1.84,1.806,1.84,1188638.0
2017-10-16,1.84,1.84,1.795,1.796,2194893.0
2017-10-17,1.791,1.798,1.781,1.786,922738.0
2017-10-18,1.789,1.8,1.778,1.778,846062.0
2017-10-19,1.777,1.787,1.767,1.775,859962.0
2017-10-20,1.773,1.795,1.771,1.794,712276.0
2017-10-23,1.791,1.812,1.788,1.806,1204250.0
2017-10-24,1.805,1.812,1.791,1.812,750795.0
2017-10-25,1.808,1.822,1.802,1.818,775261.0
2017-10-26,1.819,1.826,1.808,1.823,947332.0
2017-10-27,1.821,1.822,1.801,1.801,708488.0
2017-10-30,1.801,1.807,1.759,1.764,1579106.0
2017-10-31,1.764,1.778,1.762,1.773,898699.0
2017-11-01,1.773,1.781,1.768,1.769,929277.0
2017-11-02,1.766,1.767,1.745,1.745,844634.0
2017-11-03,1.742,1.757,1.726,1.732,1341181.0
2017-11-06,1.732,1.754,1.719,1.754,770445.0
2017-11-07,1.753,1.76,1.742,1.76,716435.0
2017-11-08,1.758,1.783,1.755,1.765,1038650.0
2017-11-09,1.764,1.783,1.755,1.779,683479.0
2017-11-10,1.778,1.8,1.775,1.8,1019939.0
2017-11-13,1.799,1.807,1.794,1.799,629013.0
2017-11-14,1.8,1.808,1.781,1.788,839599.0
2017-11-15,1.786,1.789,1.755,1.758,896095.0
2017-11-16,1.756,1.771,1.751,1.765,907137.0
2017-11-17,1.762,1.771,1.722,1.723,1444113.0
2017-11-20,1.719,1.755,1.697,1.755,1326033.0
2017-11-21,1.747,1.759,1.737,1.75,1080589.0
2017-11-22,1.748,1.762,1.732,1.744,1151991.0
2017-11-23,1.737,1.74,1.691,1.692,1359304.0
2017-11-24,1.687,1.695,1.678,1.678,997676.0
2017-11-27,1.671,1.692,1.657,1.66,1068216.0
2017-11-28,1.66,1.686,1.658,1.682,1356761.0
2017-11-29,1.682,1.684,1.661,1.674,787181.0
2017-11-30,1.673,1.681,1.657,1.663,648333.0
2017-12-01,1.665,1.695,1.662,1.687,1466778.0
2017-12-04,1.683,1.692,1.673,1.676,1156241.0
2017-12-05,1.674,1.679,1.632,1.644,1209396.0
2017-12-06,1.647,1.664,1.631,1.663,2725131.0
2017-12-07,1.662,1.673,1.654,1.656,1327840.0
2017-12-08,1.656,1.688,1.654,1.675,1088584.0
2017-12-11,1.682,1.698,1.678,1.698,1174630.0
2017-12-12,1.698,1.699,1.675,1.675,707964.0
2017-12-13,1.679,1.692,1.67,1.691,786222.0
2017-12-14,1.689,1.692,1.674,1.68,741366.0
2017-12-15,1.681,1.684,1.666,1.673,957790.0
2017-12-18,1.673,1.676,1.66,1.667,570027.0
2017-12-19,1.668,1.688,1.668,1.683,1220989.0
2017-12-20,1.68,1.682,1.661,1.661,668019.0
2017-12-21,1.659,1.68,1.647,1.668,878279.0
2017-12-22,1.669,1.676,1.662,1.663,558833.0
2017-12-25,1.662,1.663,1.634,1.642,1037449.0
2017-12-26,1.642,1.646,1.631,1.644,1066960.0
2017-12-27,1.644,1.647,1.626,1.63,873375.0
2017-12-28,1.629,1.647,1.627,1.637,984560.0
2017-12-29,1.638,1.644,1.632,1.644,935020.0
2018-01-02,1.65,1.676,1.646,1.665,983127.0
2018-01-03,1.666,1.693,1.663,1.689,1912283.0
2018-01-04,1.686,1.693,1.682,1.693,925577.0
2018-01-05,1.693,1.7,1.691,1.696,890407.0
2018-01-08,1.694,1.701,1.682,1.701,706128.0
2018-01-09,1.699,1.702,1.694,1.699,577034.0
2018-01-10,1.695,1.699,1.679,1.689,715802.0
2018-01-11,1.686,1.707,1.675,1.701,1468519.0
2018-01-12,1.7,1.7,1.684,1.685,804909.0
2018-01-15,1.68,1.681,1.63,1.634,1989655.0
2018-01-16,1.632,1.642,1.621,1.631,1441132.0
2018-01-17,1.628,1.647,1.601,1.639,3289036.0
2018-01-18,1.633,1.651,1.631,1.636,1993958.0
2018-01-19,1.64,1.648,1.629,1.63,1832485.0
2018-01-22,1.623,1.674,1.616,1.67,2948238.0
2018-01-23,1.668,1.676,1.661,1.667,2040672.0
2018-01-24,1.672,1.723,1.653,1.714,5850316.0
2018-01-25,1.714,1.751,1.705,1.708,7049032.0
2018-01-26,1.708,1.733,1.705,1.72,3586477.0
2018-01-29,1.72,1.725,1.692,1.701,4965787.0
2018-01-30,1.698,1.709,1.681,1.687,4049142.0
2018-01-31,1.68,1.68,1.632,1.633,5281660.0
2018-02-01,1.634,1.647,1.602,1.603,5622719.0
2018-02-02,1.593,1.627,1.582,1.607,4988302.0
2018-02-05,1.586,1.601,1.582,1.594,3260216.0
2018-02-06,1.57,1.578,1.502,1.505,6148774.0
2018-02-07,1.539,1.543,1.48,1.523,6332947.0
2018-02-08,1.515,1.556,1.512,1.548,4195420.0
2018-02-09,1.51,1.535,1.482,1.502,5801713.0
2018-02-12,1.515,1.562,1.51,1.553,5167943.0
2018-02-13,1.561,1.574,1.547,1.557,3208401.0
2018-02-14,1.555,1.556,1.539,1.549,1913003.0
2018-02-22,1.563,1.581,1.554,1.58,3030288.0
2018-02-23,1.576,1.584,1.561,1.572,1880539.0
2018-02-26,1.585,1.633,1.575,1.63,5175198.0
2018-02-27,1.63,1.656,1.625,1.639,4628523.0
2018-02-28,1.628,1.672,1.622,1.651,4197628.0
2018-03-01,1.64,1.687,1.632,1.687,3678587.0
2018-03-02,1.68,1.699,1.664,1.669,4515403.0
2018-03-05,1.678,1.693,1.665,1.69,2949835.0
2018-03-06,1.693,1.705,1.685,1.693,3373910.0
2018-03-07,1.691,1.695,1.675,1.679,2217324.0
2018-03-08,1.679,1.692,1.674,1.686,2274747.0
2018-03-09,1.688,1.755,1.685,1.755,7878414.0
2018-03-12,1.773,1.795,1.763,1.777,6867064.0
2018-03-13,1.772,1.791,1.758,1.767,3685880.0
2018-03-14,1.761,1.767,1.735,1.741,4468052.0
2018-03-15,1.73,1.743,1.707,1.742,6701459.0
2018-03-16,1.74,1.75,1.715,1.716,4298468.0
2018-03-19,1.712,1.754,1.711,1.736,4145098.0
2018-03-20,1.721,1.762,1.719,1.76,5314534.0
2018-03-21,1.76,1.768,1.718,1.72,4142582.0
2018-03-22,1.726,1.735,1.71,1.711,3658480.0
2018-03-23,1.666,1.688,1.61,1.622,11432223.0
2018-03-26,1.609,1.679,1.595,1.673,8328624.0
2018-03-27,1.69,1.74,1.686,1.738,8486973.0
2018-03-28,1.717,1.748,1.714,1.73,6829592.0
2018-03-29,1.736,1.75,1.719,1.739,4242983.0
2018-03-30,1.744,1.791,1.739,1.791,8552651.0
2018-04-02,1.805,1.81,1.781,1.788,7302463.0
2018-04-03,1.765,1.778,1.744,1.764,6971304.0
2018-04-04,1.773,1.779,1.732,1.732,5269261.0
2018-04-09,1.732,1.757,1.716,1.737,5599839.0
2018-04-10,1.733,1.738,1.71,1.732,5783069.0
2018-04-11,1.737,1.753,1.728,1.729,4809650.0
2018-04-12,1.725,1.745,1.72,1.72,3665975.0
2018-04-13,1.736,1.743,1.72,1.721,3978376.0
2018-04-16,1.722,1.748,1.714,1.736,5560540.0
2018-04-17,1.737,1.745,1.681,1.683,7492720.0
2018-04-18,1.692,1.732,1.659,1.718,9475694.0
2018-04-19,1.711,1.735,1.707,1.715,5757563.0
2018-04-20,1.711,1.726,1.679,1.684,5757464.0
2018-04-23,1.684,1.692,1.631,1.653,5675704.0
2018-04-24,1.653,1.705,1.651,1.705,6202016.0
2018-04-25,1.698,1.724,1.695,1.715,5353027.0
2018-04-26,1.713,1.716,1.68,1.681,4445481.0
2018-04-27,1.689,1.711,1.681,1.707,4338079.0
2018-05-02,1.711,1.729,1.687,1.701,4266399.0
2018-05-03,1.697,1.726,1.668,1.726,6793981.0
2018-05-04,1.72,1.728,1.71,1.712,4598615.0
2018-05-07,1.717,1.753,1.715,1.749,5590691.0
2018-05-08,1.751,1.753,1.736,1.753,3871211.0
2018-05-09,1.75,1.756,1.741,1.749,3015205.0
2018-05-10,1.751,1.763,1.743,1.762,4070744.0
2018-05-11,1.762,1.765,1.732,1.734,4851430.0
2018-05-14,1.732,1.741,1.724,1.728,2943562.0
2018-05-15,1.726,1.757,1.724,1.756,4322164.0
2018-05-16,1.749,1.758,1.742,1.745,3943829.0
2018-05-17,1.742,1.747,1.725,1.729,3139177.0
2018-05-18,1.726,1.736,1.712,1.731,4633736.0
2018-05-21,1.742,1.767,1.742,1.757,5618533.0
2018-05-22,1.757,1.772,1.752,1.77,4378531.0
2018-05-23,1.764,1.771,1.744,1.745,3327789.0
2018-05-24,1.744,1.752,1.735,1.737,2846846.0
2018-05-25,1.736,1.739,1.704,1.705,5064068.0
2018-05-28,1.702,1.716,1.69,1.698,3238262.0
2018-05-29,1.698,1.713,1.677,1.678,4152866.0
2018-05-30,1.659,1.662,1.626,1.633,5973139.0
2018-05-31,1.646,1.652,1.621,1.649,5650488.0
2018-06-01,1.641,1.648,1.609,1.62,4501197.0
2018-06-04,1.624,1.627,1.602,1.613,4228867.0
2018-06-05,1.615,1.655,1.613,1.653,5639086.0
2018-06-06,1.648,1.656,1.642,1.65,3217526.0
2018-06-07,1.653,1.657,1.634,1.636,2227248.0
2018-06-08,1.63,1.633,1.607,1.62,3805285.0
2018-06-11,1.617,1.618,1.596,1.601,3784942.0
2018-06-12,1.602,1.624,1.592,1.619,4830004.0
2018-06-13,1.616,1.618,1.596,1.597,3347011.0
2018-06-14,1.591,1.613,1.581,1.587,4651490.0
2018-06-15,1.586,1.593,1.55,1.554,5400178.0
2018-06-19,1.535,1.54,1.449,1.467,7967385.0
2018-06-20,1.461,1.492,1.444,1.478,7521336.0
2018-06-21,1.475,1.486,1.441,1.441,6174088.0
2018-06-22,1.434,1.473,1.427,1.466,6509188.0
2018-06-25,1.479,1.482,1.454,1.455,4237095.0
2018-06-26,1.444,1.488,1.437,1.485,6668326.0
2018-06-27,1.479,1.489,1.462,1.466,5151968.0
2018-06-28,1.463,1.487,1.459,1.462,4661063.0
2018-06-29,1.464,1.527,1.464,1.524,6748125.0
2018-07-02,1.522,1.526,1.489,1.503,5619238.0
2018-07-03,1.507,1.531,1.477,1.52,7937997.0
2018-07-04,1.511,1.514,1.476,1.486,4815750.0
2018-07-05,1.479,1.496,1.451,1.452,5326490.0
2018-07-06,1.451,1.493,1.443,1.464,7653538.0
2018-07-09,1.474,1.505,1.47,1.504,6562165.0
2018-07-10,1.505,1.517,1.5,1.516,4653500.0
2018-07-11,1.49,1.5,1.468,1.488,7056090.0
2018-07-12,1.49,1.545,1.489,1.54,7735752.0
2018-07-13,1.537,1.548,1.532,1.542,4694873.0
2018-07-16,1.536,1.546,1.528,1.542,2917485.0
2018-07-17,1.54,1.545,1.521,1.543,3780669.0
2018-07-18,1.545,1.557,1.531,1.532,3985458.0
2018-07-19,1.532,1.543,1.508,1.514,4423700.0
2018-07-20,1.511,1.54,1.505,1.535,5010057.0
2018-07-23,1.534,1.541,1.515,1.54,5166962.0
2018-07-24,1.54,1.562,1.53,1.549,5658661.0
2018-07-25,1.549,1.567,1.547,1.551,4603271.0
2018-07-26,1.551,1.557,1.526,1.534,4186107.0
2018-07-27,1.529,1.532,1.515,1.518,4462205.0
2018-07-30,1.514,1.52,1.482,1.484,6278487.0
2018-07-31,1.483,1.499,1.481,1.489,4244350.0
2018-08-01,1.494,1.507,1.471,1.471,4470316.0
2018-08-02,1.465,1.467,1.415,1.44,8127045.0
2018-08-03,1.44,1.45,1.411,1.414,7348847.0
2018-08-06,1.405,1.416,1.368,1.374,12019112.0
2018-08-07,1.381,1.412,1.369,1.412,9234153.0
2018-08-08,1.403,1.408,1.379,1.381,6866129.0
2018-08-09,1.379,1.437,1.376,1.426,10025652.0
2018-08-10,1.424,1.441,1.421,1.437,5700609.0
2018-08-13,1.422,1.46,1.42,1.458,6646202.0
2018-08-14,1.454,1.458,1.44,1.446,5205638.0
2018-08-15,1.445,1.446,1.403,1.409,7090614.0
2018-08-16,1.391,1.419,1.381,1.396,7833649.0
2018-08-17,1.407,1.41,1.366,1.369,9120506.0
2018-08-20,1.363,1.376,1.34,1.367,10168691.0
2018-08-21,1.366,1.393,1.363,1.387,8547493.0
2018-08-22,1.385,1.389,1.37,1.375,4488100.0
2018-08-23,1.376,1.395,1.373,1.388,6059137.0
2018-08-24,1.38,1.394,1.376,1.382,3896291.0
2018-08-27,1.387,1.426,1.385,1.426,8237421.0
2018-08-28,1.425,1.429,1.416,1.423,4082480.0
2018-08-29,1.42,1.421,1.405,1.411,3866062.0
2018-08-30,1.41,1.415,1.389,1.389,5144066.0
2018-08-31,1.383,1.387,1.366,1.369,5614493.0
2018-09-03,1.364,1.379,1.35,1.375,5836825.0
2018-09-04,1.373,1.394,1.365,1.385,6740409.0
2018-09-05,1.38,1.387,1.363,1.363,5131937.0
2018-09-06,1.358,1.377,1.351,1.355,6994458.0
2018-09-07,1.36,1.386,1.351,1.36,8612882.0
2018-09-10,1.353,1.36,1.325,1.327,8350878.0
2018-09-11,1.327,1.342,1.32,1.332,5717352.0
2018-09-12,1.331,1.341,1.32,1.32,7147721.0
2018-09-13,1.336,1.341,1.307,1.326,11026970.0
2018-09-14,1.326,1.332,1.304,1.304,8119944.0
2018-09-17,1.296,1.302,1.282,1.288,7135335.0
2018-09-18,1.286,1.314,1.283,1.312,7905014.0
2018-09-19,1.308,1.339,1.303,1.324,9878342.0
2018-09-20,1.321,1.333,1.319,1.32,4455153.0
2018-09-21,1.325,1.346,1.317,1.343,7684138.0
2018-09-25,1.333,1.347,1.331,1.338,6901895.0
2018-09-26,1.339,1.361,1.334,1.352,6767440.0
2018-09-27,1.35,1.353,1.332,1.333,5222583.0
2018-09-28,1.337,1.346,1.327,1.346,6125985.0
2018-10-08,1.317,1.322,1.286,1.289,7211934.0
2018-10-09,1.294,1.301,1.275,1.283,6414966.0
2018-10-10,1.284,1.293,1.271,1.282,5679269.0
2018-10-11,1.243,1.249,1.19,1.196,11133686.0
2018-10-12,1.192,1.215,1.173,1.206,9926606.0
2018-10-15,1.205,1.22,1.189,1.19,5747888.0
2018-10-16,1.192,1.195,1.154,1.16,9493810.0
2018-10-17,1.173,1.182,1.149,1.174,12516772.0
2018-10-18,1.163,1.173,1.151,1.153,12504528.0
2018-10-19,1.141,1.197,1.136,1.189,13971317.0
2018-10-22,1.22,1.268,1.211,1.26,18083601.0
2018-10-23,1.26,1.263,1.222,1.231,11243075.0
2018-10-24,1.231,1.246,1.22,1.226,8668279.0
2018-10-25,1.19,1.224,1.183,1.216,13471964.0
2018-10-26,1.221,1.233,1.198,1.203,8200546.0
2018-10-29,1.205,1.213,1.188,1.192,8231477.0
2018-10-30,1.189,1.221,1.168,1.204,11584947.0
2018-10-31,1.205,1.229,1.201,1.216,11360813.0
2018-11-01,1.231,1.253,1.227,1.227,13943364.0
2018-11-02,1.28,1.292,1.257,1.291,19396058.0
2018-11-05,1.284,1.308,1.261,1.287,16786208.0
2018-11-06,1.278,1.287,1.263,1.286,9355637.0
2018-11-07,1.287,1.303,1.28,1.282,9105793.0
2018-11-08,1.293,1.295,1.264,1.265,6608071.0
2018-11-09,1.256,1.272,1.252,1.26,7016149.0
2018-11-12,1.258,1.307,1.256,1.305,12015535.0
2018-11-13,1.293,1.333,1.291,1.326,17618752.0
2018-11-14,1.321,1.333,1.315,1.32,7536179.0
2018-11-15,1.315,1.338,1.314,1.336,6782509.0
2018-11-16,1.337,1.345,1.322,1.332,9070421.0
2018-11-19,1.328,1.332,1.31,1.325,10071340.0
2018-11-20,1.316,1.317,1.282,1.291,8702469.0
2018-11-21,1.285,1.296,1.274,1.294,8239440.0
2018-11-22,1.294,1.302,1.282,1.285,6435844.0
2018-11-23,1.289,1.289,1.244,1.248,9056061.0
2018-11-26,1.247,1.254,1.234,1.244,4407784.0
2018-11-27,1.251,1.259,1.245,1.253,5130197.0
2018-11-28,1.253,1.277,1.243,1.277,6534659.0
2018-11-29,1.284,1.287,1.245,1.247,7268236.0
2018-11-30,1.244,1.269,1.241,1.264,6616891.0
2018-12-03,1.301,1.316,1.292,1.31,9303419.0
2018-12-04,1.308,1.315,1.303,1.315,5345533.0
2018-12-05,1.297,1.326,1.293,1.315,8071980.0
2018-12-06,1.305,1.313,1.277,1.28,6601176.0
2018-12-07,1.284,1.287,1.273,1.275,3692638.0
2018-12-10,1.269,1.277,1.263,1.264,3880188.0
2018-12-11,1.269,1.277,1.266,1.277,3810906.0
2018-12-12,1.283,1.286,1.273,1.276,3795479.0
2018-12-13,1.277,1.295,1.265,1.286,7083380.0
2018-12-14,1.282,1.283,1.247,1.248,7862515.0
2018-12-17,1.242,1.247,1.227,1.24,7428262.0
2018-12-18,1.232,1.248,1.224,1.232,8349718.0
2018-12-19,1.234,1.235,1.207,1.209,6413677.0
2018-12-20,1.209,1.223,1.206,1.219,6235317.0
2018-12-21,1.216,1.22,1.203,1.213,6384173.0
2018-12-24,1.212,1.228,1.206,1.226,6913223.0
2018-12-25,1.216,1.224,1.191,1.217,9326526.0
2018-12-26,1.216,1.225,1.209,1.211,5538747.0
2018-12-27,1.229,1.232,1.191,1.192,6453763.0
2018-12-28,1.194,1.202,1.186,1.194,5159856.0
2019-01-02,1.198,1.199,1.176,1.178,6001622.0
2019-01-03,1.176,1.189,1.163,1.164,6784059.0
2019-01-04,1.155,1.195,1.152,1.195,11840440.0
2019-01-07,1.197,1.218,1.193,1.214,9797743.0
2019-01-08,1.21,1.217,1.207,1.211,4699100.0
2019-01-09,1.212,1.232,1.207,1.21,7370433.0
2019-01-10,1.208,1.219,1.203,1.207,4244881.0
2019-01-11,1.207,1.214,1.201,1.209,4306085.0
2019-01-14,1.21,1.212,1.193,1.195,4237977.0
2019-01-15,1.194,1.216,1.189,1.216,6724998.0
2019-01-16,1.214,1.224,1.21,1.214,5897142.0
2019-01-17,1.215,1.215,1.198,1.198,5906280.0
2019-01-18,1.203,1.218,1.198,1.216,6400240.0
2019-01-21,1.218,1.231,1.213,1.222,6604166.0
2019-01-22,1.219,1.22,1.196,1.201,5686735.0
2019-01-23,1.198,1.204,1.194,1.197,3329008.0
2019-01-24,1.199,1.221,1.197,1.211,6844337.0
2019-01-25,1.212,1.224,1.209,1.214,6223129.0
2019-01-28,1.22,1.227,1.205,1.208,5485220.0
2019-01-29,1.205,1.207,1.18,1.192,7620725.0
2019-01-30,1.183,1.197,1.182,1.183,4562772.0
2019-01-31,1.183,1.194,1.172,1.178,7476244.0
2019-02-01,1.182,1.222,1.182,1.221,10385764.0
2019-02-11,1.223,1.266,1.223,1.264,10998410.0
2019-02-12,1.262,1.281,1.259,1.278,8424747.0
2019-02-13,1.279,1.305,1.277,1.301,8785253.0
2019-02-14,1.3,1.313,1.293,1.304,6180714.0
2019-02-15,1.301,1.314,1.299,1.302,8317742.0
2019-02-18,1.31,1.357,1.308,1.357,8628154.0
2019-02-19,1.359,1.368,1.333,1.346,12181710.0
2019-02-20,1.346,1.357,1.33,1.348,6955761.0
2019-02-21,1.344,1.391,1.34,1.355,11258114.0
2019-02-22,1.348,1.406,1.347,1.406,10082465.0
2019-02-25,1.432,1.495,1.416,1.492,11322086.0
2019-02-26,1.487,1.519,1.459,1.479,14183027.0
2019-02-27,1.475,1.491,1.436,1.458,12474735.0
2019-02-28,1.456,1.482,1.454,1.47,7997755.0
2019-03-01,1.489,1.502,1.466,1.5,9410949.0
2019-03-04,1.526,1.582,1.525,1.556,12376554.0
2019-03-05,1.548,1.615,1.526,1.615,11460402.0
2019-03-06,1.624,1.641,1.59,1.635,14250005.0
2019-03-07,1.628,1.648,1.597,1.621,14107830.0
2019-03-08,1.572,1.644,1.564,1.584,20087675.0
2019-03-11,1.6,1.658,1.581,1.658,17024804.0
2019-03-12,1.675,1.715,1.659,1.696,22814532.0
2019-03-13,1.69,1.69,1.608,1.618,21688079.0
2019-03-14,1.604,1.625,1.556,1.583,18379184.0
2019-03-15,1.596,1.612,1.572,1.589,13198897.0
2019-03-18,1.598,1.634,1.581,1.634,12114715.0
2019-03-19,1.633,1.655,1.619,1.633,10383369.0
2019-03-20,1.628,1.632,1.583,1.613,9696310.0
2019-03-21,1.61,1.643,1.604,1.627,11691110.0
2019-03-22,1.628,1.629,1.589,1.621,13073008.0
2019-03-25,1.594,1.622,1.588,1.598,8377286.0
2019-03-26,1.608,1.61,1.554,1.556,7830212.0
2019-03-27,1.567,1.574,1.546,1.568,7526007.0
2019-03-28,1.557,1.588,1.553,1.556,7559260.0
2019-03-29,1.564,1.627,1.559,1.624,11876845.0
2019-04-01,1.635,1.695,1.635,1.694,10597457.0
2019-04-02,1.696,1.704,1.675,1.682,8842648.0
2019-04-03,1.673,1.701,1.669,1.7,6623400.0
2019-04-04,1.704,1.71,1.688,1.701,6827360.0
2019-04-08,1.709,1.716,1.645,1.665,8547676.0
2019-04-09,1.657,1.677,1.646,1.667,6527201.0
2019-04-10,1.657,1.668,1.639,1.654,6106800.0
2019-04-11,1.655,1.657,1.616,1.619,7245281.0
2019-04-12,1.616,1.63,1.611,1.624,5892095.0
2019-04-15,1.647,1.651,1.594,1.596,6596021.0
2019-04-16,1.586,1.629,1.568,1.629,9685384.0
2019-04-17,1.623,1.655,1.621,1.642,8676529.0
2019-04-18,1.637,1.645,1.629,1.629,3841242.0
2019-04-19,1.63,1.645,1.617,1.645,4125438.0
2019-04-22,1.645,1.649,1.617,1.624,5265639.0
2019-04-23,1.619,1.636,1.603,1.61,4356214.0
2019-04-24,1.616,1.648,1.603,1.646,8088347.0
2019-04-25,1.635,1.649,1.596,1.598,8327967.0
2019-04-26,1.591,1.61,1.584,1.589,6398892.0
2019-04-29,1.589,1.594,1.541,1.549,9148151.0
2019-04-30,1.546,1.565,1.54,1.553,5226535.0
2019-05-06,1.496,1.497,1.421,1.424,14214371.0
2019-05-07,1.442,1.46,1.413,1.438,9885604.0
2019-05-08,1.41,1.45,1.405,1.419,9481467.0
2019-05-09,1.41,1.429,1.405,1.409,8748631.0
2019-05-10,1.427,1.473,1.402,1.465,14321410.0
2019-05-13,1.448,1.457,1.43,1.441,7567191.0
2019-05-14,1.432,1.453,1.43,1.431,6841597.0
2019-05-15,1.444,1.469,1.438,1.462,6691145.0
2019-05-16,1.461,1.472,1.451,1.468,4649140.0
2019-05-17,1.469,1.471,1.411,1.416,6313171.0
2019-05-20,1.412,1.418,1.391,1.407,7550099.0
2019-05-21,1.409,1.441,1.405,1.43,6138077.0
2019-05-22,1.428,1.44,1.415,1.427,4603943.0
2019-05-23,1.42,1.422,1.389,1.392,7384027.0
2019-05-24,1.392,1.403,1.377,1.384,6699349.0
2019-05-27,1.387,1.436,1.383,1.428,9692343.0
2019-05-28,1.431,1.442,1.421,1.432,7628804.0
2019-05-29,1.428,1.445,1.424,1.432,4738713.0
2019-05-30,1.429,1.433,1.405,1.422,4886766.0
2019-05-31,1.423,1.437,1.416,1.425,4686305.0
2019-06-03,1.428,1.438,1.407,1.411,5187125.0
2019-06-04,1.407,1.416,1.392,1.4,4956116.0
2019-06-05,1.412,1.415,1.391,1.393,5331830.0
2019-06-06,1.391,1.394,1.355,1.363,7860683.0
2019-06-10,1.364,1.383,1.356,1.376,5239491.0
2019-06-11,1.374,1.432,1.373,1.43,9700598.0
2019-06-12,1.425,1.427,1.41,1.412,6898543.0
2019-06-13,1.412,1.426,1.406,1.422,5511664.0
2019-06-14,1.421,1.428,1.395,1.397,6190399.0
2019-06-17,1.395,1.405,1.385,1.39,4243003.0
2019-06-18,1.392,1.405,1.383,1.4,5047026.0
2019-06-19,1.445,1.466,1.414,1.417,9636334.0
2019-06-20,1.415,1.454,1.41,1.442,9263345.0
2019-06-21,1.491,1.494,1.462,1.473,17858132.0
2019-06-24,1.467,1.47,1.453,1.46,6482214.0
2019-06-25,1.458,1.458,1.426,1.442,6872718.0
2019-06-26,1.433,1.455,1.431,1.448,5238257.0
2019-06-27,1.45,1.473,1.45,1.469,7072723.0
2019-06-28,1.468,1.468,1.444,1.457,5867318.0
2019-07-01,1.487,1.512,1.477,1.511,10139691.0
2019-07-02,1.506,1.518,1.503,1.511,4672654.0
2019-07-03,1.506,1.506,1.482,1.488,4424900.0
2019-07-04,1.489,1.494,1.469,1.476,4592315.0
2019-07-05,1.475,1.496,1.474,1.492,4127199.0
2019-07-08,1.488,1.488,1.439,1.45,5890928.0
2019-07-09,1.45,1.467,1.447,1.462,3937259.0
2019-07-10,1.465,1.468,1.45,1.456,2845376.0
2019-07-11,1.464,1.476,1.452,1.458,3230503.0
2019-07-12,1.458,1.472,1.451,1.465,3135136.0
2019-07-15,1.458,1.502,1.441,1.489,9985541.0
2019-07-16,1.486,1.494,1.481,1.489,4182161.0
2019-07-17,1.486,1.505,1.483,1.492,4401301.0
2019-07-18,1.486,1.487,1.469,1.47,3488065.0
2019-07-19,1.473,1.497,1.473,1.486,6410550.0
2019-07-22,1.488,1.491,1.453,1.461,4944706.0
2019-07-23,1.46,1.481,1.46,1.481,3961668.0
2019-07-24,1.483,1.506,1.482,1.498,4515358.0
2019-07-25,1.493,1.511,1.493,1.506,3899024.0
2019-07-26,1.502,1.508,1.495,1.506,3513602.0
2019-07-29,1.504,1.509,1.497,1.509,2813804.0
2019-07-30,1.508,1.536,1.506,1.522,4907745.0
2019-07-31,1.515,1.521,1.51,1.512,3849936.0
2019-08-01,1.506,1.52,1.502,1.516,4069485.0
2019-08-02,1.486,1.504,1.481,1.501,5367035.0
2019-08-05,1.495,1.509,1.472,1.473,4401574.0
2019-08-06,1.445,1.462,1.423,1.451,7338107.0
2019-08-07,1.462,1.467,1.446,1.447,3691314.0
2019-08-08,1.452,1.47,1.452,1.468,2961218.0
2019-08-09,1.474,1.48,1.449,1.45,3209957.0
2019-08-12,1.457,1.486,1.452,1.486,3188296.0
2019-08-13,1.473,1.479,1.463,1.47,2760235.0
2019-08-14,1.488,1.494,1.476,1.477,4427788.0
2019-08-15,1.459,1.5,1.451,1.498,5458580.0
2019-08-16,1.497,1.527,1.491,1.512,5520389.0
2019-08-19,1.528,1.573,1.524,1.568,8078876.0
2019-08-20,1.565,1.571,1.549,1.553,5533235.0
2019-08-21,1.55,1.557,1.545,1.549,4321599.0
2019-08-22,1.553,1.556,1.539,1.554,3956920.0
2019-08-23,1.553,1.563,1.544,1.555,3747349.0
2019-08-26,1.54,1.549,1.529,1.54,4701493.0
2019-08-27,1.549,1.586,1.548,1.567,7877236.0
2019-08-28,1.566,1.572,1.555,1.565,3786104.0
2019-08-29,1.566,1.573,1.557,1.558,3319307.0
2019-08-30,1.569,1.577,1.541,1.549,4498852.0
2019-09-02,1.55,1.595,1.55,1.592,4827258.0
2019-09-03,1.592,1.6,1.585,1.595,3522884.0
2019-09-04,1.595,1.609,1.587,1.607,3824705.0
2019-09-05,1.618,1.647,1.618,1.627,5320689.0
2019-09-06,1.634,1.637,1.611,1.631,4064146.0
2019-09-09,1.639,1.672,1.628,1.67,6398893.0
2019-09-10,1.666,1.67,1.65,1.661,3870488.0
2019-09-11,1.665,1.67,1.636,1.638,4100106.0
2019-09-12,1.647,1.649,1.632,1.646,3018324.0
2019-09-16,1.649,1.658,1.639,1.65,3765306.0
2019-09-17,1.646,1.646,1.609,1.618,4812616.0
2019-09-18,1.618,1.624,1.607,1.617,3566637.0
2019-09-19,1.62,1.646,1.612,1.642,4658412.0
2019-09-20,1.643,1.652,1.637,1.638,3669838.0
2019-09-23,1.635,1.635,1.607,1.62,3751127.0
2019-09-24,1.619,1.642,1.614,1.629,4424661.0
2019-09-25,1.62,1.625,1.608,1.611,3200008.0
2019-09-26,1.615,1.617,1.56,1.561,5311698.0
2019-09-27,1.562,1.59,1.561,1.587,4290942.0
2019-09-30,1.585,1.59,1.565,1.57,2764846.0
2019-10-08,1.571,1.577,1.554,1.556,2594175.0
2019-10-09,1.549,1.563,1.543,1.561,4016333.0
2019-10-10,1.568,1.606,1.563,1.604,5988880.0
2019-10-11,1.605,1.615,1.592,1.606,4350438.0
2019-10-14,1.615,1.63,1.611,1.617,3385187.0
2019-10-15,1.613,1.614,1.596,1.597,2197397.0
2019-10-16,1.602,1.61,1.592,1.592,4147054.0
2019-10-17,1.594,1.602,1.591,1.595,3136873.0
2019-10-18,1.6,1.613,1.582,1.589,3674190.0
2019-10-21,1.588,1.591,1.57,1.585,3705058.0
2019-10-22,1.587,1.606,1.585,1.606,3832288.0
2019-10-23,1.608,1.61,1.587,1.589,2793496.0
2019-10-24,1.59,1.6,1.581,1.593,2457896.0
2019-10-25,1.593,1.616,1.586,1.616,4207127.0
2019-10-28,1.63,1.646,1.622,1.646,4466011.0
2019-10-29,1.642,1.643,1.622,1.624,3370282.0
2019-10-30,1.623,1.627,1.609,1.619,2403905.0
2019-10-31,1.624,1.63,1.607,1.608,2975355.0
2019-11-01,1.609,1.628,1.602,1.625,3038282.0
2019-11-04,1.624,1.643,1.624,1.634,3533227.0
2019-11-05,1.637,1.655,1.631,1.649,3419151.0
2019-11-06,1.652,1.655,1.632,1.638,2705176.0
2019-11-07,1.634,1.66,1.632,1.651,2911936.0
2019-11-08,1.655,1.666,1.645,1.645,3624055.0
2019-11-11,1.641,1.641,1.609,1.61,2716839.0
2019-11-12,1.61,1.616,1.593,1.611,2783940.0
2019-11-13,1.608,1.621,1.604,1.62,2530968.0
2019-11-14,1.619,1.634,1.616,1.63,2018535.0
2019-11-15,1.626,1.632,1.614,1.614,2049131.0
2019-11-18,1.613,1.623,1.603,1.621,2092688.0
2019-11-19,1.62,1.666,1.618,1.666,4776528.0
2019-11-20,1.664,1.679,1.654,1.655,3802884.0
2019-11-21,1.65,1.663,1.643,1.65,2287550.0
2019-11-22,1.653,1.672,1.608,1.614,5089390.0
2019-11-25,1.616,1.619,1.591,1.599,3422679.0
2019-11-26,1.603,1.617,1.596,1.608,3142161.0
2019-11-27,1.605,1.622,1.594,1.611,2636920.0
2019-11-28,1.608,1.62,1.605,1.611,1745428.0
2019-11-29,1.608,1.61,1.585,1.6,2550212.0
2019-12-02,1.605,1.618,1.601,1.606,2158416.0
2019-12-03,1.6,1.613,1.586,1.613,2610192.0
2019-12-04,1.606,1.62,1.602,1.612,2144554.0
2019-12-05,1.615,1.65,1.615,1.648,3982671.0
2019-12-06,1.646,1.662,1.641,1.662,2885880.0
2019-12-09,1.667,1.669,1.65,1.656,2760774.0
2019-12-10,1.651,1.67,1.645,1.67,2450734.0
2019-12-11,1.667,1.669,1.649,1.653,2075742.0
2019-12-12,1.651,1.668,1.651,1.657,2223150.0
2019-12-13,1.67,1.695,1.667,1.693,4539325.0
2019-12-16,1.693,1.716,1.686,1.715,3814064.0
2019-12-17,1.715,1.741,1.713,1.738,4637689.0
2019-12-18,1.734,1.739,1.721,1.725,2533071.0
2019-12-19,1.725,1.73,1.714,1.724,2644835.0
2019-12-20,1.724,1.73,1.705,1.708,2538238.0
2019-12-23,1.703,1.708,1.667,1.671,3759544.0
2019-12-24,1.676,1.706,1.675,1.704,3113618.0
2019-12-25,1.7,1.719,1.697,1.718,2729869.0
2019-12-26,1.716,1.727,1.711,1.726,2152210.0
2019-12-27,1.728,1.737,1.698,1.698,3015341.0
2019-12-30,1.695,1.727,1.684,1.727,2693594.0
2019-12-31,1.72,1.736,1.718,1.73,3051084.0
2020-01-02,1.743,1.771,1.731,1.765,3380825.0
2020-01-03,1.766,1.774,1.751,1.764,2746860.0
2020-01-06,1.756,1.806,1.753,1.788,4166991.0
2020-01-07,1.792,1.823,1.792,1.822,3945590.0
2020-01-08,1.808,1.822,1.789,1.792,4959107.0
2020-01-09,1.811,1.842,1.811,1.839,4475689.0
2020-01-10,1.847,1.847,1.821,1.831,3546451.0
2020-01-13,1.834,1.862,1.82,1.862,4400771.0
2020-01-14,1.864,1.871,1.849,1.85,3806679.0
2020-01-15,1.848,1.856,1.829,1.847,2627882.0
2020-01-16,1.851,1.863,1.842,1.856,2703073.0
2020-01-17,1.861,1.874,1.853,1.858,2991225.0
2020-01-20,1.862,1.911,1.861,1.905,4151555.0
2020-01-21,1.9,1.911,1.881,1.892,5334018.0
2020-01-22,1.882,1.93,1.852,1.918,4902212.0
2020-01-23,1.892,1.918,1.829,1.853,6523278.0
2020-02-03,1.67,1.766,1.669,1.708,10226280.0
2020-02-04,1.716,1.82,1.715,1.816,6955575.0
2020-02-05,1.833,1.896,1.818,1.871,6230237.0
2020-02-06,1.855,1.94,1.836,1.93,7059754.0
2020-02-07,1.932,1.949,1.9,1.94,5020757.0
2020-02-10,1.938,1.966,1.924,1.961,4377522.0
2020-02-11,1.964,1.964,1.935,1.947,2771378.0
2020-02-12,1.943,2.012,1.939,2.006,3942707.0
2020-02-13,2.005,2.01,1.971,1.988,4268443.0
2020-02-14,1.983,2.022,1.965,1.987,3383130.0
2020-02-17,2.005,2.071,2.004,2.071,6896795.0
2020-02-18,2.072,2.09,2.05,2.09,7042729.0
2020-02-19,2.08,2.087,2.052,2.054,5724037.0
2020-02-20,2.062,2.118,2.056,2.105,5648538.0
2020-02-21,2.1,2.162,2.092,2.145,5337412.0
2020-02-24,2.137,2.185,2.127,2.178,5040842.0
2020-02-25,2.145,2.21,2.082,2.195,7141842.0
2020-02-26,2.162,2.176,2.086,2.102,6436769.0
2020-02-27,2.111,2.148,2.076,2.111,7620196.0
2020-02-28,2.041,2.074,1.985,1.995,11449502.0
2020-03-02,2.026,2.071,1.999,2.054,6409490.0
2020-03-03,2.101,2.155,2.066,2.092,7589349.0
2020-03-04,2.077,2.097,2.04,2.088,4468505.0
2020-03-05,2.121,2.131,2.09,2.121,5371268.0
2020-03-06,2.09,2.14,2.087,2.111,2909523.0
2020-03-09,2.068,2.09,2.011,2.013,4246042.0
2020-03-10,2.016,2.068,1.974,2.063,6367021.0
2020-03-11,2.07,2.078,2.017,2.024,4429573.0
2020-03-12,1.996,1.998,1.948,1.971,4160470.0
2020-03-13,1.895,1.978,1.85,1.952,8280712.0
2020-03-16,1.953,1.96,1.83,1.832,6293171.0
2020-03-17,1.863,1.886,1.776,1.842,8537147.0
2020-03-18,1.86,1.907,1.816,1.818,8089588.0
2020-03-19,1.833,1.839,1.768,1.825,11112669.0
2020-03-20,1.847,1.854,1.805,1.847,7362102.0
2020-03-23,1.79,1.816,1.75,1.761,7333947.0
2020-03-24,1.797,1.81,1.748,1.806,7895146.0
2020-03-25,1.845,1.867,1.833,1.86,8801155.0
2020-03-26,1.845,1.874,1.841,1.853,4843137.0
2020-03-27,1.878,1.882,1.828,1.83,6472183.0
2020-03-30,1.807,1.808,1.762,1.791,6321042.0
2020-03-31,1.805,1.813,1.79,1.795,4280000.0
2020-04-01,1.798,1.829,1.79,1.792,3974345.0
2020-04-02,1.786,1.845,1.784,1.844,6213602.0
2020-04-03,1.834,1.854,1.825,1.834,4144941.0
2020-04-07,1.871,1.898,1.866,1.894,6965575.0
2020-04-08,1.886,1.901,1.879,1.89,2979424.0
2020-04-09,1.905,1.925,1.896,1.921,4690481.0
2020-04-10,1.921,1.921,1.868,1.877,3888827.0
2020-04-13,1.872,1.872,1.84,1.853,3488667.0
2020-04-14,1.862,1.91,1.856,1.909,4850910.0
2020-04-15,1.911,1.927,1.899,1.899,3916733.0
2020-04-16,1.893,1.938,1.891,1.932,3436599.0
2020-04-17,1.948,1.969,1.936,1.943,4235498.0
2020-04-20,1.945,1.969,1.94,1.969,2338526.0
2020-04-21,1.96,1.96,1.92,1.949,3205774.0
2020-04-22,1.932,1.967,1.927,1.967,3221094.0
2020-04-23,1.97,1.978,1.947,1.951,3127959.0
2020-04-24,1.951,1.959,1.921,1.93,2489550.0
2020-04-27,1.938,1.957,1.919,1.939,3320566.0
2020-04-28,1.947,1.969,1.89,1.951,4469275.0
2020-04-29,1.943,1.973,1.94,1.952,3560957.0
2020-04-30,1.964,1.999,1.96,1.993,4117361.0
2020-05-06,1.98,2.032,1.974,2.029,3677676.0
2020-05-07,2.03,2.035,2.014,2.025,2659351.0
2020-05-08,2.035,2.058,2.033,2.042,3043404.0
2020-05-11,2.054,2.057,2.01,2.024,3723830.0
2020-05-12,2.021,2.045,2.012,2.043,2733098.0
2020-05-13,2.033,2.063,2.033,2.058,2285287.0
2020-05-14,2.047,2.058,2.035,2.036,2417094.0
2020-05-15,2.047,2.056,2.03,2.042,2280859.0
2020-05-18,2.045,2.057,2.015,2.039,2553643.0
2020-05-19,2.052,2.061,2.046,2.061,3727488.0
2020-05-20,2.061,2.074,2.033,2.041,3154279.0
2020-05-21,2.045,2.058,2.015,2.02,2862829.0
2020-05-22,2.015,2.018,1.96,1.972,4220288.0
2020-05-25,1.968,1.977,1.958,1.975,2559965.0
2020-05-26,1.989,2.038,1.986,2.038,3457737.0
2020-05-27,2.034,2.035,1.986,1.997,4287970.0
2020-05-28,1.99,1.999,1.948,1.982,4464551.0
2020-05-29,1.969,2.012,1.967,2.006,3657814.0
2020-06-01,2.024,2.087,2.02,2.082,4017528.0
2020-06-02,2.083,2.085,2.054,2.067,3026346.0
2020-06-03,2.075,2.085,2.059,2.06,2498871.0
2020-06-04,2.067,2.077,2.057,2.073,2573691.0
2020-06-05,2.069,2.087,2.062,2.087,2198269.0
2020-06-08,2.101,2.111,2.07,2.073,2396401.0
2020-06-09,2.076,2.106,2.068,2.102,2560763.0
2020-06-10,2.102,2.124,2.099,2.122,2992622.0
2020-06-11,2.123,2.161,2.103,2.119,3245740.0
2020-06-12,2.08,2.147,2.078,2.141,3958806.0
2020-06-15,2.143,2.181,2.14,2.141,3509464.0
2020-06-16,2.169,2.188,2.161,2.183,3814328.0
2020-06-17,2.184,2.198,2.171,2.188,2882259.0
2020-06-18,2.187,2.196,2.17,2.194,3618833.0
2020-06-19,2.196,2.253,2.191,2.238,3392705.0
2020-06-22,2.246,2.282,2.245,2.263,3435734.0
2020-06-23,2.26,2.307,2.255,2.307,2697375.0
2020-06-24,2.318,2.318,2.29,2.307,2801178.0
2020-06-29,2.292,2.307,2.28,2.295,2573967.0
2020-06-30,2.304,2.363,2.304,2.359,2758787.0
2020-07-01,2.363,2.37,2.303,2.342,4312636.0
2020-07-02,2.337,2.355,2.314,2.35,3631422.0
2020-07-03,2.349,2.39,2.325,2.38,3924943.0
2020-07-06,2.384,2.459,2.375,2.45,5373576.0
2020-07-07,2.459,2.561,2.45,2.503,4396992.0
2020-07-08,2.515,2.58,2.489,2.574,3464337.0
2020-07-09,2.576,2.681,2.56,2.674,4989135.0
2020-07-10,2.66,2.706,2.64,2.685,4771821.0
2020-07-13,2.693,2.81,2.693,2.802,5342794.0
2020-07-14,2.798,2.798,2.695,2.767,7260612.0
2020-07-15,2.766,2.797,2.688,2.722,7817439.0
2020-07-16,2.718,2.755,2.538,2.558,12691819.0
2020-07-17,2.558,2.635,2.529,2.583,9000057.0
2020-07-20,2.62,2.629,2.528,2.611,6860347.0
2020-07-21,2.62,2.653,2.596,2.643,6598154.0
2020-07-22,2.628,2.713,2.621,2.678,6189281.0
2020-07-23,2.657,2.706,2.613,2.706,4962724.0
2020-07-24,2.68,2.695,2.525,2.537,8178398.0
2020-07-27,2.544,2.577,2.513,2.54,4235953.0
2020-07-28,2.576,2.587,2.539,2.573,4378313.0
2020-07-29,2.564,2.685,2.561,2.68,4852175.0
2020-07-30,2.68,2.692,2.641,2.652,4295841.0
2020-07-31,2.658,2.724,2.646,2.708,4689587.0
2020-08-03,2.734,2.774,2.704,2.774,4057964.0
2020-08-04,2.772,2.794,2.721,2.738,4411026.0
2020-08-05,2.74,2.779,2.707,2.763,3249325.0
2020-08-06,2.767,2.77,2.682,2.719,4318767.0
2020-08-07,2.701,2.726,2.61,2.657,4497971.0
2020-08-10,2.641,2.666,2.603,2.641,3011593.0
2020-08-11,2.643,2.68,2.59,2.6,3989014.0
2020-08-12,2.596,2.604,2.492,2.548,7018783.0
2020-08-13,2.56,2.566,2.521,2.535,3378843.0
2020-08-14,2.533,2.58,2.528,2.579,4848202.0
2020-08-17,2.591,2.608,2.56,2.607,5706203.0
2020-08-18,2.608,2.631,2.595,2.605,3326428.0
2020-08-19,2.604,2.61,2.521,2.524,3363203.0
2020-08-20,2.503,2.541,2.272,2.503,3311967.0
2020-08-21,2.519,2.554,2.518,2.546,3349568.0
2020-08-24,2.563,2.612,2.503,2.597,4449750.0
2020-08-25,2.591,2.65,2.589,2.611,4042884.0
2020-08-26,2.608,2.627,2.546,2.551,4372084.0
2020-08-27,2.561,2.609,2.547,2.602,3773585.0
2020-08-28,2.59,2.67,2.586,2.666,4008136.0
2020-08-31,2.676,2.687,2.633,2.637,3485857.0
2020-09-01,2.628,2.659,2.611,2.658,2594640.0
2020-09-02,2.657,2.692,2.634,2.676,3319582.0
2020-09-03,2.667,2.696,2.642,2.653,3431358.0
2020-09-04,2.609,2.649,2.596,2.638,3137602.0
2020-09-07,2.628,2.65,2.541,2.549,4232589.0
2020-09-08,2.554,2.574,2.524,2.564,3396924.0
2020-09-09,2.533,2.533,2.421,2.44,5228648.0
2020-09-10,2.462,2.478,2.39,2.403,3648363.0
2020-09-11,2.391,2.457,2.39,2.449,2920433.0
2020-09-14,2.476,2.515,2.461,2.484,3263080.0
2020-09-15,2.484,2.51,2.473,2.504,2271611.0
2020-09-16,2.506,2.507,2.454,2.47,1716909.0
2020-09-17,2.46,2.495,2.437,2.467,2384302.0
2020-09-18,2.468,2.514,2.45,2.513,3034122.0
2020-09-21,2.516,2.517,2.479,2.48,2248765.0
2020-09-22,2.47,2.508,2.462,2.469,2283205.0
2020-09-23,2.472,2.52,2.459,2.508,2227099.0
2020-09-24,2.49,2.496,2.451,2.454,2265188.0
2020-09-25,2.46,2.482,2.444,2.457,2007067.0
2020-09-28,2.465,2.467,2.432,2.434,1656324.0
2020-09-29,2.453,2.49,2.436,2.479,2086201.0
2020-09-30,2.478,2.513,2.472,2.489,2195074.0
2020-10-09,2.539,2.586,2.534,2.581,2442025.0
2020-10-12,2.606,2.683,2.601,2.683,3648370.0
2020-10-13,2.679,2.697,2.66,2.688,2498942.0
2020-10-14,2.682,2.696,2.664,2.668,2018388.0
2020-10-15,2.668,2.675,2.642,2.65,2174800.0
2020-10-16,2.641,2.658,2.602,2.634,2027924.0
2020-10-19,2.648,2.656,2.593,2.6,2241531.0
2020-10-20,2.594,2.646,2.594,2.645,2496863.0
2020-10-21,2.647,2.65,2.597,2.612,2454994.0
2020-10-22,2.594,2.599,2.556,2.582,2805171.0
2020-10-23,2.579,2.609,2.504,2.516,4119059.0
2020-10-26,2.5,2.539,2.468,2.533,3124658.0
2020-10-27,2.52,2.563,2.52,2.56,2534417.0
2020-10-28,2.552,2.591,2.536,2.577,2699070.0
2020-10-29,2.548,2.619,2.542,2.607,2774295.0
2020-10-30,2.607,2.618,2.553,2.563,2528421.0
2020-11-02,2.57,2.628,2.57,2.617,2891309.0
2020-11-03,2.622,2.657,2.605,2.649,2027613.0
2020-11-04,2.644,2.661,2.629,2.658,2190373.0
2020-11-05,2.682,2.695,2.651,2.69,2606058.0
2020-11-06,2.693,2.697,2.618,2.637,3040823.0
2020-11-09,2.653,2.736,2.653,2.719,3721035.0
2020-11-10,2.717,2.717,2.619,2.674,3859826.0
2020-11-11,2.664,2.671,2.592,2.595,3272014.0
2020-11-12,2.602,2.628,2.595,2.607,2076144.0
2020-11-13,2.591,2.628,2.59,2.619,2410436.0
2020-11-16,2.626,2.627,2.583,2.62,2284801.0
2020-11-17,2.614,2.622,2.538,2.572,3982737.0
2020-11-18,2.57,2.59,2.523,2.534,4662336.0
2020-11-19,2.527,2.56,2.506,2.556,3473700.0
2020-11-20,2.553,2.584,2.552,2.576,3061705.0
2020-11-23,2.579,2.612,2.557,2.593,3202966.0
2020-11-24,2.591,2.604,2.571,2.582,1771235.0
2020-11-25,2.583,2.585,2.526,2.528,2911161.0
2020-11-26,2.529,2.542,2.498,2.522,3260729.0
2020-11-27,2.519,2.546,2.504,2.532,2835378.0
2020-11-30,2.532,2.563,2.506,2.541,3632232.0
2020-12-01,2.535,2.608,2.53,2.602,4450098.0
2020-12-02,2.602,2.607,2.572,2.593,2538751.0
2020-12-03,2.583,2.628,2.577,2.619,3070061.0
2020-12-04,2.608,2.64,2.604,2.637,2189828.0
2020-12-07,2.625,2.643,2.62,2.628,1982819.0
2020-12-08,2.633,2.659,2.633,2.646,2114235.0
2020-12-09,2.65,2.665,2.596,2.598,2944265.0
2020-12-10,2.587,2.642,2.582,2.627,1979315.0
2020-12-11,2.629,2.637,2.575,2.601,2226660.0
2020-12-14,2.6,2.641,2.585,2.641,1959530.0
2020-12-15,2.633,2.668,2.629,2.667,2206104.0
2020-12-16,2.666,2.677,2.638,2.667,1505525.0
2020-12-17,2.659,2.695,2.646,2.694,1850877.0
2020-12-18,2.699,2.706,2.672,2.688,2577184.0
2020-12-21,2.687,2.781,2.686,2.778,4241577.0
2020-12-22,2.767,2.792,2.716,2.718,2725385.0
2020-12-23,2.721,2.768,2.717,2.745,3288485.0
2020-12-24,2.741,2.753,2.718,2.726,3884456.0
2020-12-25,2.715,2.749,2.695,2.749,5213010.0
2020-12-28,2.748,2.764,2.724,2.745,1910388.0
2020-12-29,2.733,2.747,2.702,2.717,1553207.0
2020-12-30,2.72,2.807,2.72,2.799,2639808.0
2020-12-31,2.809,2.869,2.805,2.866,3106916.0
2021-01-04,2.864,2.99,2.861,2.976,2472764.0
2021-01-05,2.94,2.997,2.925,2.988,2470004.0
2021-01-06,3.0,3.03,2.953,3.003,2290438.0
2021-01-07,2.996,3.056,2.978,3.056,2029990.0
2021-01-08,3.065,3.086,3.011,3.036,1867431.0
2021-01-11,3.052,3.054,2.962,2.989,2068085.0
2021-01-12,2.98,3.076,2.954,3.076,1857681.0
2021-01-13,3.071,3.094,2.997,3.025,2141047.0
2021-01-14,3.01,3.036,2.959,2.987,2353512.0
2021-01-15,2.98,3.004,2.919,2.99,2712678.0
2021-01-18,2.969,3.058,2.949,3.046,2312313.0
2021-01-19,3.034,3.046,2.966,2.976,2181228.0
2021-01-20,2.992,3.098,2.987,3.096,2986081.0
2021-01-21,3.103,3.19,3.101,3.176,2207908.0
2021-01-22,3.17,3.252,3.165,3.241,2561056.0
2021-01-25,3.242,3.307,3.215,3.242,2136784.0
2021-01-26,3.222,3.228,3.14,3.152,3330042.0
2021-01-27,3.151,3.184,3.085,3.166,2279217.0
2021-01-28,3.111,3.139,3.053,3.057,2763172.0
2021-01-29,3.089,3.108,2.966,3.029,3193132.0
2021-02-01,3.024,3.08,3.001,3.056,2008111.0
2021-02-02,3.062,3.12,3.023,3.118,2701434.0
2021-02-03,3.128,3.16,3.105,3.106,2202237.0
2021-02-04,3.09,3.134,3.048,3.098,2097697.0
2021-02-05,3.102,3.144,3.08,3.084,1967702.0
2021-02-09,3.171,3.223,3.163,3.222,2343912.0
2021-02-10,3.23,3.309,3.195,3.293,2423154.0
2021-02-18,3.353,3.359,3.186,3.202,3195999.0
2021-02-19,3.191,3.192,3.086,3.17,3747736.0
2021-02-22,3.156,3.159,3.03,3.032,3897255.0
2021-02-23,3.0,3.046,2.988,3.009,3111370.0
2021-02-24,3.01,3.016,2.87,2.904,7980683.0
2021-02-25,2.929,2.934,2.866,2.878,4918260.0
2021-02-26,2.854,2.858,2.79,2.814,5850851.0
2021-03-01,2.85,2.895,2.831,2.894,4940004.0
2021-03-02,2.908,2.915,2.834,2.859,3887161.0
2021-03-03,2.848,2.9,2.833,2.9,2831522.0
2021-03-04,2.863,2.863,2.743,2.751,7501829.0
2021-03-05,2.706,2.795,2.705,2.772,5270807.0
2021-03-08,2.783,2.803,2.631,2.633,8054625.0
2021-03-09,2.618,2.64,2.52,2.547,8107633.0
2021-03-10,2.607,2.622,2.572,2.586,6051196.0
2021-03-11,2.585,2.67,2.581,2.65,5149149.0
2021-03-12,2.666,2.673,2.616,2.658,3482583.0
2021-03-15,2.64,2.64,2.523,2.555,5028761.0
2021-03-16,2.562,2.583,2.539,2.579,3414109.0
2021-03-17,2.56,2.622,2.54,2.607,3636283.0
2021-03-18,2.619,2.661,2.614,2.65,3539701.0
2021-03-19,2.608,2.632,2.562,2.579,2947309.0
2021-03-22,2.583,2.632,2.573,2.607,2926073.0
2021-03-23,2.595,2.614,2.551,2.579,2756059.0
2021-03-24,2.558,2.586,2.533,2.543,3386892.0
2021-03-25,2.522,2.578,2.515,2.567,3315595.0
2021-03-26,2.576,2.658,2.576,2.65,5451832.0
2021-03-29,2.644,2.669,2.621,2.637,3227203.0
2021-03-30,2.627,2.682,2.625,2.673,2582933.0
2021-03-31,2.662,2.68,2.637,2.665,1914494.0
2021-04-01,2.665,2.72,2.665,2.718,2742149.0
2021-04-02,2.725,2.769,2.718,2.756,2968993.0
2021-04-06,2.762,2.769,2.711,2.73,2331452.0
2021-04-07,2.74,2.744,2.678,2.707,2151116.0
2021-04-08,2.694,2.74,2.682,2.728,1803054.0
2021-04-09,2.722,2.729,2.677,2.69,1958353.0
2021-04-12,2.683,2.715,2.618,2.627,2789497.0
2021-04-13,2.618,2.688,2.618,2.649,2954009.0
2021-04-14,2.654,2.71,2.652,2.707,2289912.0
2021-04-15,2.695,2.698,2.663,2.698,2412531.0
2021-04-16,2.707,2.709,2.65,2.688,2438103.0
2021-04-19,2.681,2.799,2.672,2.798,3754710.0
2021-04-20,2.788,2.82,2.77,2.791,2918739.0
2021-04-21,2.767,2.818,2.767,2.814,2022147.0
2021-04-22,2.831,2.847,2.799,2.837,2621638.0
2021-04-23,2.824,2.905,2.824,2.891,3037408.0
2021-04-26,2.91,2.954,2.861,2.863,4035399.0
2021-04-27,2.857,2.889,2.846,2.884,2171817.0
2021-04-28,2.884,2.95,2.877,2.949,2653664.0
2021-04-29,2.946,2.964,2.91,2.952,1928393.0
2021-04-30,2.941,3.004,2.932,2.989,2523476.0
2021-05-06,2.963,2.963,2.862,2.904,2544894.0
2021-05-07,2.91,2.925,2.816,2.819,3130357.0
2021-05-10,2.82,2.863,2.805,2.827,2472832.0
2021-05-11,2.796,2.837,2.769,2.823,2832003.0
2021-05-12,2.813,2.868,2.788,2.865,2184432.0
2021-05-13,2.836,2.871,2.814,2.845,2053186.0
2021-05-14,2.857,2.938,2.846,2.937,2676586.0
2021-05-17,2.945,3.024,2.945,3.007,3406090.0
2021-05-18,3.0,3.023,2.964,2.988,1898547.0
2021-05-19,2.965,3.023,2.965,3.012,1891321.0
2021-05-20,3.003,3.054,3.003,3.043,1614468.0
2021-05-21,3.055,3.065,2.992,3.012,1829129.0
2021-05-24,3.01,3.04,2.972,3.036,1940881.0
2021-05-25,3.042,3.129,3.042,3.119,2742751.0
2021-05-26,3.12,3.12,3.08,3.095,2178905.0
2021-05-27,3.086,3.135,3.066,3.118,1567565.0
2021-05-28,3.117,3.175,3.099,3.121,2271367.0
2021-05-31,3.13,3.2,3.13,3.195,1813961.0
2021-06-01,3.18,3.2,3.136,3.188,1707586.0
2021-06-02,3.2,3.202,3.12,3.133,1870094.0
2021-06-03,3.129,3.149,3.094,3.099,1695496.0
2021-06-04,3.077,3.177,3.077,3.141,2049342.0
2021-06-07,3.136,3.136,3.092,3.122,1541037.0
2021-06-08,3.118,3.17,3.082,3.105,2030914.0
2021-06-09,3.096,3.12,3.079,3.1,1404822.0
2021-06-10,3.107,3.192,3.107,3.179,2250945.0
2021-06-11,3.196,3.212,3.159,3.195,1843166.0
2021-06-15,3.191,3.199,3.139,3.155,1940396.0
2021-06-16,3.145,3.153,3.021,3.024,2999583.0
2021-06-17,3.023,3.094,3.023,3.088,2576794.0
2021-06-18,3.096,3.16,3.095,3.137,2152121.0
2021-06-21,3.127,3.185,3.1,3.166,1992203.0
2021-06-22,3.17,3.19,3.119,3.174,1753812.0
2021-06-23,3.179,3.234,3.164,3.217,2093712.0
2021-06-24,3.212,3.218,3.16,3.174,1425199.0
2021-06-25,3.18,3.254,3.18,3.243,2422358.0
2021-06-28,3.238,3.313,3.236,3.305,2164854.0
2021-06-29,3.329,3.336,3.282,3.297,1745426.0
2021-06-30,3.302,3.373,3.277,3.373,1829713.0
2021-07-01,3.381,3.388,3.32,3.34,2835940.0
2021-07-02,3.332,3.332,3.224,3.227,2120859.0
2021-07-05,3.223,3.282,3.215,3.25,2258864.0
2021-07-06,3.242,3.266,3.142,3.196,2866689.0
2021-07-07,3.172,3.313,3.157,3.305,2853291.0
2021-07-08,3.317,3.36,3.305,3.322,1715823.0
2021-07-09,3.3,3.323,3.23,3.303,2029696.0
2021-07-12,3.339,3.445,3.315,3.427,1880156.0
2021-07-13,3.415,3.452,3.372,3.411,1926483.0
2021-07-14,3.402,3.432,3.357,3.382,1661007.0
2021-07-15,3.359,3.429,3.345,3.429,2013289.0
2021-07-16,3.41,3.412,3.322,3.328,1924837.0
2021-07-19,3.326,3.373,3.311,3.35,1393121.0
2021-07-20,3.318,3.379,3.311,3.356,1738555.0
2021-07-21,3.364,3.46,3.362,3.455,2373590.0
2021-07-22,3.455,3.463,3.404,3.438,1635811.0
2021-07-23,3.434,3.434,3.356,3.367,1795825.0
2021-07-26,3.34,3.36,3.193,3.27,2829719.0
2021-07-27,3.259,3.318,3.135,3.14,3349822.0
2021-07-28,3.11,3.201,3.063,3.183,3368791.0
2021-07-29,3.26,3.359,3.23,3.358,2961780.0
2021-07-30,3.34,3.371,3.292,3.328,2059150.0
2021-08-02,3.328,3.396,3.29,3.393,2784736.0
2021-08-03,3.39,3.408,3.34,3.363,1647228.0
2021-08-04,3.356,3.451,3.34,3.446,1694798.0
2021-08-05,3.44,3.457,3.398,3.419,1509103.0
2021-08-06,3.435,3.436,3.362,3.386,1841368.0
2021-08-09,3.351,3.36,3.304,3.348,3469037.0
2021-08-10,3.34,3.366,3.315,3.366,1715806.0
2021-08-11,3.355,3.363,3.314,3.326,1415732.0
2021-08-12,3.32,3.33,3.276,3.28,1498937.0
2021-08-13,3.26,3.329,3.228,3.249,1661711.0
2021-08-16,3.225,3.244,3.187,3.206,1800980.0
2021-08-17,3.204,3.223,3.115,3.126,2731118.0
2021-08-18,3.134,3.171,3.123,3.16,2231740.0
2021-08-19,3.148,3.202,3.134,3.177,2352249.0
2021-08-20,3.155,3.167,3.067,3.1,2924677.0
2021-08-23,3.105,3.196,3.102,3.195,2466912.0
2021-08-24,3.195,3.247,3.169,3.225,2074945.0
2021-08-25,3.225,3.244,3.193,3.241,1339651.0
2021-08-26,3.247,3.261,3.161,3.164,1566747.0
2021-08-27,3.16,3.197,3.141,3.158,1437735.0
2021-08-30,3.17,3.214,3.147,3.164,1688552.0
2021-08-31,3.163,3.168,3.086,3.106,1951142.0
2021-09-01,3.11,3.124,3.035,3.094,2095449.0
2021-09-02,3.08,3.097,3.039,3.046,1947998.0
2021-09-03,3.046,3.071,2.996,3.01,2287972.0
2021-09-06,3.012,3.13,2.993,3.129,2886873.0
2021-09-07,3.113,3.159,3.107,3.147,2007852.0
2021-09-08,3.152,3.18,3.115,3.123,1339784.0
2021-09-09,3.116,3.145,3.076,3.126,1662833.0
2021-09-10,3.113,3.145,3.089,3.135,1385052.0
2021-09-13,3.127,3.156,3.085,3.095,1547267.0
2021-09-14,3.094,3.174,3.085,3.14,1959533.0
2021-09-15,3.122,3.133,3.088,3.105,1499152.0
2021-09-16,3.103,3.103,3.032,3.035,1553756.0
2021-09-17,3.027,3.101,3.026,3.097,1358987.0
2021-09-22,3.057,3.1,3.051,3.068,1299379.0
2021-09-23,3.087,3.111,3.059,3.086,1288925.0
2021-09-24,3.077,3.147,3.071,3.109,2202959.0
2021-09-27,3.119,3.177,3.111,3.13,1722804.0
2021-09-28,3.118,3.17,3.102,3.114,1320809.0
2021-09-29,3.095,3.109,3.067,3.083,1286494.0
2021-09-30,3.088,3.155,3.084,3.148,1681963.0
2021-10-08,3.169,3.186,3.125,3.138,1465348.0
2021-10-11,3.147,3.156,3.092,3.096,1238806.0
2021-10-12,3.081,3.102,3.013,3.042,1911200.0
2021-10-13,3.04,3.11,3.04,3.109,1601972.0
2021-10-14,3.1,3.138,3.1,3.112,1412202.0
2021-10-15,3.11,3.18,3.088,3.176,1488620.0
2021-10-18,3.178,3.185,3.128,3.172,1363309.0
2021-10-19,3.18,3.208,3.168,3.191,1159874.0
2021-10-20,3.19,3.215,3.172,3.185,996129.0
2021-10-21,3.188,3.2,3.155,3.174,847815.0
2021-10-22,3.184,3.205,3.166,3.185,1274677.0
2021-10-25,3.182,3.237,3.182,3.236,1168058.0
2021-10-26,3.256,3.262,3.217,3.221,1109509.0
2021-10-27,3.221,3.221,3.182,3.205,852486.0
2021-10-28,3.196,3.232,3.163,3.178,1298800.0
2021-10-29,3.186,3.25,3.151,3.249,1622370.0
2021-11-01,3.245,3.268,3.201,3.224,1219758.0
2021-11-02,3.227,3.266,3.205,3.228,1301082.0
2021-11-03,3.213,3.26,3.198,3.222,1190392.0
2021-11-04,3.233,3.275,3.233,3.26,1151153.0
2021-11-05,3.243,3.276,3.243,3.248,986307.0
2021-11-08,3.24,3.287,3.234,3.278,1064489.0
2021-11-09,3.278,3.302,3.269,3.3,977717.0
2021-11-10,3.287,3.3,3.236,3.296,1444681.0
2021-11-11,3.284,3.333,3.279,3.324,928950.0
2021-11-12,3.318,3.335,3.3,3.324,910840.0
2021-11-15,3.324,3.329,3.284,3.295,1094791.0
2021-11-16,3.292,3.315,3.28,3.282,991753.0
2021-11-17,3.284,3.319,3.284,3.317,877420.0
2021-11-18,3.305,3.308,3.268,3.274,1353350.0
2021-11-19,3.273,3.315,3.271,3.313,1198829.0
2021-11-22,3.322,3.395,3.314,3.393,1383692.0
2021-11-23,3.392,3.402,3.371,3.38,874429.0
2021-11-24,3.381,3.392,3.357,3.362,905310.0
2021-11-25,3.366,3.386,3.353,3.368,1120023.0
2021-11-26,3.367,3.39,3.35,3.364,643308.0
2021-11-29,3.345,3.411,3.338,3.389,1478543.0
2021-11-30,3.395,3.408,3.364,3.386,1315321.0
2021-12-01,3.377,3.389,3.352,3.365,785130.0
2021-12-02,3.354,3.375,3.346,3.355,715812.0
2021-12-03,3.355,3.372,3.34,3.37,918558.0
2021-12-06,3.354,3.368,3.293,3.294,1355422.0
2021-12-07,3.314,3.317,3.235,3.266,1328362.0
2021-12-08,3.266,3.32,3.266,3.314,1139795.0
2021-12-09,3.304,3.353,3.29,3.353,1298926.0
2021-12-10,3.335,3.377,3.324,3.37,795567.0
2021-12-13,3.362,3.4,3.347,3.389,1037874.0
2021-12-14,3.37,3.396,3.37,3.384,776587.0
2021-12-15,3.382,3.411,3.355,3.355,803330.0
2021-12-16,3.361,3.384,3.357,3.378,744559.0
2021-12-17,3.376,3.376,3.32,3.328,917412.0
2021-12-20,3.322,3.328,3.218,3.225,1810235.0
2021-12-21,3.227,3.25,3.204,3.247,1604192.0
2021-12-22,3.249,3.273,3.248,3.26,955849.0
2021-12-23,3.269,3.282,3.252,3.269,744303.0
2021-12-24,3.268,3.275,3.181,3.196,1182512.0
2021-12-27,3.183,3.212,3.173,3.19,1026215.0
2021-12-28,3.193,3.229,3.178,3.226,1425478.0
2021-12-29,3.216,3.218,3.176,3.182,1414972.0
2021-12-30,3.18,3.233,3.176,3.219,1940254.0
2021-12-31,3.231,3.247,3.207,3.218,1135672.0
2022-01-04,3.236,3.242,3.14,3.154,1329408.0
2022-01-05,3.151,3.151,3.049,3.064,3326676.0
2022-01-06,3.043,3.054,2.999,3.034,3940022.0
2022-01-07,3.035,3.046,2.998,3.003,2532898.0
2022-01-10,3.0,3.018,2.958,2.998,2563940.0
2022-01-11,2.998,3.008,2.956,2.96,2460580.0
2022-01-12,2.984,3.039,2.984,3.035,3398322.0
2022-01-13,3.042,3.043,2.988,2.99,2161757.0
2022-01-14,2.975,3.027,2.967,3.015,2101345.0
2022-01-17,3.0,3.075,3.0,3.068,1880369.0
2022-01-18,3.057,3.075,3.038,3.047,1633493.0
2022-01-19,3.036,3.047,2.958,2.985,3143886.0
2022-01-20,2.973,3.002,2.962,2.975,1806636.0
2022-01-21,2.957,2.973,2.927,2.941,2693107.0
2022-01-24,2.929,2.972,2.924,2.962,2375722.0
2022-01-25,2.94,2.961,2.881,2.881,2869779.0
2022-01-26,2.893,2.914,2.86,2.906,2292046.0
2022-01-27,2.889,2.904,2.813,2.815,4025788.0
2022-01-28,2.848,2.869,2.794,2.819,3053074.0
2022-02-07,2.87,2.891,2.815,2.83,2575698.0
2022-02-08,2.826,2.826,2.697,2.758,4540175.0
2022-02-09,2.749,2.797,2.729,2.791,2759428.0
2022-02-10,2.794,2.8,2.711,2.74,3709244.0
2022-02-11,2.715,2.725,2.655,2.66,4349599.0
2022-02-14,2.648,2.687,2.626,2.646,3943463.0
2022-02-15,2.653,2.728,2.653,2.726,4685596.0
2022-02-16,2.733,2.75,2.718,2.725,3140857.0
2022-02-17,2.716,2.768,2.705,2.744,3360070.0
2022-02-18,2.727,2.74,2.713,2.739,2491155.0
2022-02-21,2.739,2.747,2.706,2.713,2448619.0
2022-02-22,2.689,2.692,2.656,2.678,3733094.0
2022-02-23,2.683,2.754,2.68,2.754,3632140.0
2022-02-24,2.721,2.759,2.662,2.693,4697380.0
2022-02-25,2.732,2.79,2.732,2.763,4171521.0
2022-02-28,2.763,2.787,2.741,2.786,2973351.0
2022-03-01,2.8,2.814,2.772,2.795,2971590.0
2022-03-02,2.777,2.777,2.721,2.741,3239070.0
2022-03-03,2.76,2.761,2.701,2.704,3557835.0
2022-03-04,2.681,2.71,2.652,2.662,4215688.0
2022-03-07,2.641,2.642,2.535,2.543,6574311.0
2022-03-08,2.54,2.568,2.486,2.507,8234743.0
2022-03-09,2.515,2.526,2.388,2.483,10003297.0
2022-03-10,2.552,2.578,2.525,2.547,9371422.0
2022-03-11,2.502,2.585,2.484,2.583,5741454.0
2022-03-14,2.547,2.564,2.489,2.49,5004129.0
2022-03-15,2.455,2.54,2.421,2.421,7203711.0
2022-03-16,2.46,2.557,2.4,2.552,11182562.0
2022-03-17,2.595,2.674,2.59,2.624,9819180.0
2022-03-18,2.61,2.642,2.582,2.635,4074621.0
2022-03-21,2.639,2.666,2.614,2.636,4590040.0
2022-03-22,2.623,2.626,2.589,2.602,3043426.0
2022-03-23,2.619,2.639,2.597,2.629,3441752.0
2022-03-24,2.605,2.638,2.571,2.62,4342960.0
2022-03-25,2.612,2.627,2.559,2.565,5088554.0
2022-03-28,2.54,2.545,2.494,2.512,5459154.0
2022-03-29,2.517,2.548,2.499,2.511,4138832.0
2022-03-30,2.527,2.61,2.524,2.61,5443448.0
2022-03-31,2.595,2.6,2.563,2.574,3904354.0
2022-04-01,2.55,2.599,2.548,2.58,4210102.0
2022-04-06,2.566,2.577,2.533,2.55,3535043.0
2022-04-07,2.535,2.547,2.495,2.496,4428186.0
2022-04-08,2.496,2.525,2.467,2.491,3466390.0
2022-04-11,2.46,2.465,2.378,2.386,6050103.0
2022-04-12,2.386,2.442,2.381,2.44,4713928.0
2022-04-13,2.418,2.433,2.391,2.394,4781737.0
2022-04-14,2.42,2.43,2.365,2.389,7573057.0
2022-04-15,2.36,2.406,2.339,2.385,5226941.0
2022-04-18,2.361,2.413,2.335,2.412,5381764.0
2022-04-19,2.398,2.43,2.368,2.377,4388862.0
2022-04-20,2.376,2.376,2.284,2.288,8180802.0
2022-04-21,2.27,2.304,2.227,2.24,6554452.0
2022-04-22,2.221,2.252,2.207,2.225,5942086.0
2022-04-25,2.177,2.192,2.103,2.103,10441595.0
2022-04-26,2.103,2.15,2.083,2.086,10201517.0
2022-04-27,2.066,2.2,2.057,2.2,13651751.0
2022-04-28,2.172,2.194,2.138,2.158,7788323.0
2022-04-29,2.166,2.25,2.152,2.244,8381799.0
2022-05-05,2.2,2.244,2.174,2.212,7654924.0
2022-05-06,2.16,2.203,2.148,2.177,7336270.0
2022-05-09,2.165,2.194,2.145,2.162,3274221.0
2022-05-10,2.136,2.217,2.121,2.204,6378781.0
2022-05-11,2.206,2.323,2.203,2.272,12844831.0
2022-05-12,2.256,2.295,2.251,2.277,6115130.0
2022-05-13,2.29,2.298,2.26,2.285,4332170.0
2022-05-16,2.295,2.319,2.256,2.257,4600004.0
2022-05-17,2.256,2.297,2.249,2.293,3402680.0
2022-05-18,2.291,2.31,2.277,2.29,2977280.0
2022-05-19,2.255,2.306,2.255,2.306,3944608.0
2022-05-20,2.317,2.352,2.31,2.347,3843675.0
2022-05-23,2.347,2.348,2.313,2.332,3007046.0
2022-05-24,2.331,2.331,2.246,2.246,5710831.0
2022-05-25,2.246,2.26,2.233,2.253,4450353.0
2022-05-26,2.254,2.271,2.212,2.249,4963802.0
2022-05-27,2.268,2.304,2.238,2.251,4631267.0
2022-05-30,2.262,2.289,2.252,2.276,3592693.0
2022-05-31,2.276,2.338,2.251,2.334,3969815.0
2022-06-01,2.333,2.366,2.321,2.354,4131103.0
2022-06-02,2.341,2.389,2.336,2.386,3273884.0
2022-06-06,2.38,2.483,2.379,2.477,4656797.0
2022-06-07,2.474,2.498,2.457,2.478,3160635.0
2022-06-08,2.477,2.498,2.433,2.494,3920410.0
2022-06-09,2.477,2.487,2.419,2.423,3320643.0
2022-06-10,2.408,2.481,2.404,2.48,3144430.0
2022-06-13,2.458,2.488,2.448,2.469,2799829.0
2022-06-14,2.443,2.48,2.388,2.475,4204232.0
2022-06-15,2.476,2.554,2.473,2.497,5041002.0
2022-06-16,2.498,2.539,2.494,2.507,3656097.0
2022-06-17,2.482,2.588,2.482,2.584,4633465.0
2022-06-20,2.59,2.661,2.588,2.626,4342664.0
2022-06-21,2.626,2.643,2.586,2.615,3433377.0
2022-06-22,2.614,2.642,2.595,2.596,3377905.0
2022-06-23,2.601,2.68,2.594,2.68,3333111.0
2022-06-24,2.697,2.74,2.678,2.738,3443233.0
2022-06-27,2.751,2.78,2.735,2.741,3511708.0
2022-06-28,2.739,2.767,2.69,2.754,3019686.0
2022-06-29,2.734,2.76,2.68,2.683,4188196.0
2022-06-30,2.689,2.751,2.689,2.73,3851202.0
2022-07-01,2.728,2.738,2.687,2.699,3733177.0
2022-07-04,2.682,2.75,2.663,2.75,4224542.0
2022-07-05,2.758,2.784,2.701,2.739,3190755.0
2022-07-06,2.734,2.773,2.694,2.725,3553013.0
2022-07-07,2.721,2.77,2.709,2.769,2977018.0
2022-07-08,2.779,2.803,2.727,2.731,3410261.0
2022-07-11,2.729,2.729,2.661,2.69,3312053.0
2022-07-12,2.682,2.692,2.618,2.622,3666848.0
2022-07-13,2.628,2.681,2.595,2.665,4034359.0
2022-07-14,2.653,2.758,2.649,2.735,4022018.0
2022-07-15,2.729,2.755,2.68,2.68,3179270.0
2022-07-18,2.685,2.732,2.657,2.717,2959546.0
2022-07-19,2.715,2.715,2.658,2.67,3179314.0
2022-07-20,2.682,2.706,2.674,2.68,2115302.0
2022-07-21,2.674,2.712,2.66,2.67,2400850.0
2022-07-22,2.694,2.706,2.635,2.651,2731006.0
2022-07-25,2.647,2.657,2.615,2.629,2688917.0
2022-07-26,2.628,2.65,2.603,2.634,2964000.0
2022-07-27,2.629,2.65,2.616,2.637,2480509.0
2022-07-28,2.653,2.669,2.624,2.629,2803313.0
2022-07-29,2.633,2.639,2.588,2.594,3248334.0
2022-08-01,2.58,2.657,2.562,2.657,2966450.0
2022-08-02,2.627,2.637,2.575,2.605,3618875.0
2022-08-03,2.613,2.637,2.545,2.553,2941596.0
2022-08-04,2.56,2.578,2.536,2.565,2737219.0
2022-08-05,2.566,2.61,2.561,2.606,2975011.0
2022-08-08,2.588,2.602,2.571,2.596,2255928.0
2022-08-09,2.596,2.62,2.58,2.614,1817196.0
2022-08-10,2.606,2.614,2.57,2.579,2017434.0
2022-08-11,2.59,2.647,2.572,2.647,2920715.0
2022-08-12,2.633,2.639,2.611,2.613,2392295.0
2022-08-15,2.606,2.654,2.606,2.638,2141853.0
2022-08-16,2.639,2.679,2.638,2.652,2113154.0
2022-08-17,2.653,2.702,2.639,2.695,2512153.0
2022-08-18,2.687,2.713,2.682,2.693,1946039.0
2022-08-19,2.693,2.698,2.652,2.653,1925441.0
2022-08-22,2.65,2.701,2.634,2.699,2411756.0
2022-08-23,2.69,2.719,2.683,2.697,2043619.0
2022-08-24,2.714,2.721,2.597,2.6,3869852.0
2022-08-25,2.604,2.615,2.558,2.59,2546453.0
2022-08-26,2.581,2.598,2.556,2.566,2272271.0
2022-08-29,2.541,2.564,2.525,2.553,2273973.0
2022-08-30,2.551,2.555,2.52,2.538,2213826.0
2022-08-31,2.525,2.537,2.474,2.491,3297222.0
2022-09-01,2.487,2.508,2.457,2.463,2949739.0
2022-09-02,2.466,2.48,2.443,2.461,3490205.0
2022-09-05,2.454,2.479,2.445,2.467,2996766.0
2022-09-06,2.466,2.47,2.42,2.468,4665268.0
2022-09-07,2.45,2.509,2.443,2.493,3859395.0
2022-09-08,2.494,2.496,2.445,2.448,3447969.0
2022-09-09,2.453,2.477,2.449,2.476,2696311.0
2022-09-13,2.485,2.494,2.46,2.475,2035526.0
2022-09-14,2.445,2.454,2.415,2.431,2706495.0
2022-09-15,2.431,2.438,2.336,2.349,4556434.0
2022-09-16,2.341,2.356,2.297,2.297,4833455.0
2022-09-19,2.292,2.318,2.27,2.285,3991607.0
2022-09-20,2.295,2.327,2.285,2.297,3602172.0
2022-09-21,2.284,2.289,2.256,2.265,5211843.0
2022-09-22,2.25,2.28,2.236,2.252,3672890.0
2022-09-23,2.245,2.268,2.209,2.239,5317417.0
2022-09-26,2.226,2.288,2.22,2.253,5280030.0
2022-09-27,2.258,2.306,2.258,2.306,4788444.0
2022-09-28,2.294,2.3,2.248,2.249,4647200.0
2022-09-29,2.269,2.288,2.251,2.267,4075693.0
2022-09-30,2.259,2.276,2.219,2.221,4371564.0
2022-10-10,2.219,2.232,2.166,2.166,4171627.0
2022-10-11,2.183,2.206,2.176,2.192,3940142.0
2022-10-12,2.191,2.275,2.169,2.274,7392730.0
2022-10-13,2.255,2.305,2.252,2.282,5962608.0
2022-10-14,2.315,2.38,2.297,2.365,6671160.0
2022-10-17,2.349,2.375,2.333,2.362,3898715.0
2022-10-18,2.38,2.397,2.355,2.373,4509612.0
2022-10-19,2.366,2.39,2.351,2.355,4024150.0
2022-10-20,2.34,2.375,2.296,2.337,6670187.0
2022-10-21,2.337,2.342,2.31,2.321,4429153.0
2022-10-24,2.323,2.348,2.253,2.266,7715408.0
2022-10-25,2.252,2.279,2.214,2.241,6661031.0
2022-10-26,2.251,2.329,2.251,2.302,6719579.0
2022-10-27,2.319,2.32,2.265,2.265,5303540.0
2022-10-28,2.247,2.259,2.179,2.187,7321986.0
2022-10-31,2.166,2.231,2.164,2.202,6828842.0
2022-11-01,2.208,2.275,2.186,2.275,7625569.0
2022-11-02,2.261,2.325,2.256,2.305,7214615.0
2022-11-03,2.283,2.316,2.283,2.309,6292292.0
2022-11-04,2.307,2.394,2.304,2.383,6868599.0
2022-11-07,2.372,2.4,2.36,2.379,5431515.0
2022-11-08,2.379,2.386,2.341,2.363,4922189.0
2022-11-09,2.356,2.362,2.326,2.326,5089810.0
2022-11-10,2.313,2.321,2.276,2.288,7389732.0
2022-11-11,2.4,2.4,2.33,2.33,10301881.0
2022-11-14,2.333,2.345,2.296,2.302,5736871.0
2022-11-15,2.297,2.362,2.287,2.361,6900639.0
2022-11-16,2.359,2.372,2.327,2.33,5663526.0
2022-11-17,2.322,2.322,2.281,2.316,6296816.0
2022-11-18,2.317,2.348,2.312,2.315,7439799.0
2022-11-21,2.298,2.32,2.291,2.319,3815406.0
2022-11-22,2.312,2.316,2.263,2.273,5982903.0
2022-11-23,2.269,2.288,2.233,2.269,5826873.0
2022-11-24,2.276,2.289,2.262,2.264,3179765.0
2022-11-25,2.261,2.261,2.238,2.242,3409459.0
2022-11-28,2.203,2.235,2.197,2.233,4870886.0
2022-11-29,2.233,2.28,2.228,2.268,6475879.0
2022-11-30,2.266,2.277,2.255,2.265,4449866.0
2022-12-01,2.312,2.332,2.308,2.311,6205197.0
2022-12-02,2.31,2.339,2.302,2.316,4384055.0
2022-12-05,2.327,2.334,2.298,2.313,7615325.0
2022-12-06,2.301,2.346,2.299,2.319,4939916.0
2022-12-07,2.311,2.359,2.308,2.343,7450582.0
2022-12-08,2.337,2.351,2.326,2.338,3043366.0
2022-12-09,2.337,2.353,2.323,2.348,3583372.0
2022-12-12,2.342,2.348,2.33,2.333,3881623.0
2022-12-13,2.334,2.336,2.303,2.305,3623504.0
2022-12-14,2.309,2.32,2.293,2.299,3335662.0
2022-12-15,2.299,2.33,2.295,2.326,4351062.0
2022-12-16,2.312,2.319,2.291,2.298,3966390.0
2022-12-19,2.304,2.317,2.267,2.274,4476904.0
2022-12-20,2.27,2.271,2.242,2.243,4084808.0
2022-12-21,2.244,2.253,2.225,2.24,3390578.0
2022-12-22,2.249,2.259,2.221,2.235,4067703.0
2022-12-23,2.216,2.236,2.207,2.222,4362469.0
2022-12-26,2.224,2.265,2.222,2.262,5714695.0
2022-12-27,2.268,2.295,2.256,2.293,5650560.0
2022-12-28,2.278,2.281,2.257,2.267,4269173.0
2022-12-29,2.255,2.295,2.252,2.277,4390878.0
2022-12-30,2.287,2.298,2.278,2.279,3802277.0
2023-01-03,2.267,2.293,2.246,2.289,4154350.0
2023-01-04,2.28,2.283,2.255,2.267,3642832.0
2023-01-05,2.276,2.334,2.274,2.33,6603989.0
2023-01-06,2.321,2.368,2.315,2.35,4965654.0
2023-01-09,2.361,2.382,2.356,2.365,3195073.0
2023-01-10,2.365,2.406,2.36,2.401,3763983.0
2023-01-11,2.401,2.409,2.369,2.374,2923227.0
2023-01-12,2.383,2.404,2.375,2.382,3475973.0
2023-01-13,2.397,2.417,2.388,2.417,3792202.0
2023-01-16,2.421,2.492,2.417,2.462,5158873.0
2023-01-17,2.465,2.483,2.46,2.47,2462065.0
2023-01-18,2.479,2.482,2.457,2.468,2641094.0
2023-01-19,2.465,2.498,2.454,2.496,3016618.0
2023-01-20,2.505,2.518,2.495,2.507,4008460.0
2023-01-30,2.577,2.579,2.532,2.533,5683977.0
2023-01-31,2.533,2.543,2.497,2.507,3745048.0
2023-02-01,2.516,2.538,2.495,2.537,4638571.0
2023-02-02,2.544,2.554,2.519,2.524,3119554.0
2023-02-03,2.515,2.527,2.475,2.5,4632210.0
2023-02-06,2.486,2.486,2.449,2.468,4240242.0
2023-02-07,2.474,2.482,2.445,2.461,3967825.0
2023-02-08,2.466,2.475,2.445,2.447,3929469.0
2023-02-09,2.444,2.496,2.44,2.493,4730294.0
2023-02-10,2.493,2.494,2.455,2.465,4264098.0
2023-02-13,2.463,2.502,2.463,2.495,4003011.0
2023-02-14,2.502,2.508,2.475,2.49,2709498.0
2023-02-15,2.488,2.498,2.466,2.468,2759204.0
2023-02-16,2.473,2.491,2.422,2.436,4404394.0
2023-02-17,2.433,2.439,2.375,2.378,5949468.0
2023-02-20,2.372,2.409,2.353,2.403,5333660.0
2023-02-21,2.401,2.407,2.378,2.395,3780998.0
2023-02-22,2.385,2.399,2.372,2.377,3420616.0
2023-02-23,2.379,2.398,2.374,2.385,3849257.0
2023-02-24,2.388,2.39,2.354,2.357,4935288.0
2023-02-27,2.347,2.362,2.333,2.34,5052813.0
2023-02-28,2.35,2.362,2.334,2.359,4766879.0
2023-03-01,2.358,2.378,2.344,2.372,6412398.0
2023-03-02,2.368,2.371,2.341,2.347,5046453.0
2023-03-03,2.353,2.362,2.332,2.352,5632116.0
2023-03-06,2.356,2.365,2.32,2.361,7738048.0
2023-03-07,2.354,2.359,2.311,2.312,8956964.0
2023-03-08,2.303,2.319,2.296,2.308,7611736.0
2023-03-09,2.309,2.316,2.296,2.303,6948051.0
2023-03-10,2.295,2.318,2.284,2.3,9929630.0
2023-03-13,2.295,2.306,2.276,2.287,10195900.0
2023-03-14,2.285,2.287,2.238,2.276,11674301.0
2023-03-15,2.285,2.303,2.266,2.268,10187440.0
2023-03-16,2.257,2.265,2.23,2.233,12835765.0
2023-03-17,2.248,2.252,2.221,2.228,16480314.0
2023-03-20,2.229,2.25,2.213,2.226,15921009.0
2023-03-21,2.233,2.266,2.232,2.265,16259210.0
2023-03-22,2.27,2.286,2.26,2.27,14370671.0
2023-03-23,2.262,2.288,2.259,2.288,8626970.0
2023-03-24,2.292,2.3,2.282,2.297,8485594.0
2023-03-27,2.293,2.325,2.29,2.323,12049124.0
2023-03-28,2.322,2.322,2.293,2.298,6173109.0
2023-03-29,2.3,2.309,2.294,2.297,5585027.0
2023-03-30,2.3,2.313,2.29,2.313,5651995.0
2023-03-31,2.321,2.328,2.314,2.327,6808435.0
2023-04-03,2.327,2.37,2.327,2.366,11096153.0
2023-04-04,2.366,2.367,2.336,2.35,7764314.0
2023-04-06,2.334,2.355,2.331,2.354,5487069.0
2023-04-07,2.351,2.38,2.347,2.369,5684291.0
2023-04-10,2.379,2.385,2.358,2.368,8264410.0
2023-04-11,2.367,2.386,2.351,2.362,5058054.0
2023-04-12,2.364,2.364,2.342,2.353,5356209.0
2023-04-13,2.345,2.352,2.332,2.332,4415316.0
2023-04-14,2.342,2.356,2.336,2.355,5338872.0
2023-04-17,2.354,2.366,2.348,2.364,4229752.0
2023-04-18,2.362,2.372,2.35,2.354,4686560.0
2023-04-19,2.356,2.356,2.338,2.339,3090913.0
2023-04-20,2.337,2.338,2.304,2.314,5434874.0
2023-04-21,2.318,2.326,2.268,2.269,6917726.0
2023-04-24,2.267,2.269,2.22,2.234,7294237.0
2023-04-25,2.236,2.241,2.178,2.193,13608452.0
2023-04-26,2.187,2.238,2.184,2.226,11083037.0
2023-04-27,2.219,2.247,2.215,2.24,4590208.0
2023-04-28,2.247,2.26,2.236,2.255,4133146.0
2023-05-04,2.253,2.253,2.224,2.23,3845670.0
2023-05-05,2.228,2.23,2.194,2.202,5257951.0
2023-05-08,2.21,2.214,2.188,2.213,7761581.0
2023-05-09,2.209,2.211,2.179,2.18,8089629.0
2023-05-10,2.176,2.21,2.166,2.199,11774381.0
2023-05-11,2.201,2.229,2.2,2.211,8314269.0
2023-05-12,2.211,2.22,2.185,2.185,5986893.0
2023-05-15,2.192,2.235,2.19,2.234,6916403.0
2023-05-16,2.242,2.244,2.222,2.228,6250010.0
2023-05-17,2.23,2.236,2.217,2.229,6221353.0
2023-05-18,2.233,2.237,2.198,2.215,7670419.0
2023-05-19,2.212,2.229,2.206,2.215,4472283.0
2023-05-22,2.216,2.227,2.201,2.214,5172903.0
2023-05-23,2.216,2.218,2.186,2.187,6933644.0
2023-05-24,2.181,2.204,2.175,2.183,7395047.0
2023-05-25,2.179,2.194,2.166,2.184,8126967.0
2023-05-26,2.183,2.183,2.153,2.167,9181841.0
2023-05-29,2.171,2.177,2.136,2.143,7125225.0
2023-05-30,2.139,2.157,2.12,2.155,7249693.0
2023-05-31,2.149,2.153,2.125,2.131,8498795.0
2023-06-01,2.133,2.163,2.127,2.148,8826449.0
2023-06-02,2.156,2.179,2.152,2.175,7879769.0
2023-06-05,2.173,2.173,2.138,2.143,8672138.0
2023-06-06,2.14,2.141,2.102,2.106,9012032.0
2023-06-07,2.105,2.106,2.069,2.075,9359429.0
2023-06-08,2.075,2.083,2.064,2.071,9368152.0
2023-06-09,2.073,2.086,2.064,2.086,8745659.0
2023-06-12,2.08,2.106,2.076,2.095,7595908.0
2023-06-13,2.093,2.113,2.09,2.111,7058034.0
2023-06-14,2.115,2.121,2.106,2.106,6824060.0
2023-06-15,2.114,2.18,2.114,2.179,18945139.0
2023-06-16,2.185,2.215,2.178,2.208,10714323.0
2023-06-19,2.211,2.219,2.201,2.207,7367843.0
2023-06-20,2.203,2.22,2.199,2.21,5795831.0
2023-06-21,2.206,2.208,2.155,2.156,7175166.0
2023-06-26,2.14,2.158,2.118,2.133,6925302.0
2023-06-27,2.133,2.151,2.124,2.138,5959136.0
2023-06-28,2.134,2.135,2.107,2.126,6467057.0
2023-06-29,2.121,2.139,2.121,2.129,3774614.0
2023-06-30,2.126,2.174,2.118,2.164,10091436.0
2023-07-03,2.168,2.185,2.16,2.171,5582985.0
2023-07-04,2.169,2.178,2.161,2.174,4306543.0
2023-07-05,2.176,2.182,2.152,2.156,3978490.0
2023-07-06,2.15,2.163,2.133,2.137,5978724.0
2023-07-07,2.13,2.132,2.116,2.118,4742779.0
2023-07-10,2.127,2.158,2.126,2.145,5823235.0
2023-07-11,2.147,2.162,2.138,2.161,3706789.0
2023-07-12,2.162,2.163,2.138,2.139,4353128.0
2023-07-13,2.151,2.182,2.151,2.182,6341780.0
2023-07-14,2.184,2.187,2.167,2.169,5191818.0
2023-07-17,2.163,2.164,2.142,2.152,3642698.0
2023-07-18,2.155,2.159,2.143,2.147,4462889.0
2023-07-19,2.145,2.148,2.117,2.125,6795781.0
2023-07-20,2.129,2.145,2.098,2.103,8536235.0
2023-07-21,2.1,2.123,2.097,2.11,5375403.0
2023-07-24,2.1,2.114,2.088,2.09,6242250.0
2023-07-25,2.123,2.14,2.113,2.136,9349575.0
2023-07-26,2.13,2.138,2.125,2.135,6837817.0
2023-07-27,2.14,2.15,2.125,2.129,4941275.0
2023-07-28,2.12,2.169,2.117,2.163,9366865.0
2023-07-31,2.172,2.199,2.172,2.182,6609653.0
2023-08-01,2.18,2.192,2.161,2.168,4864460.0
2023-08-02,2.166,2.177,2.158,2.164,4060986.0
2023-08-03,2.158,2.187,2.158,2.187,4455753.0
2023-08-04,2.21,2.225,2.19,2.204,8867475.0
2023-08-07,2.198,2.201,2.179,2.185,5951739.0
2023-08-08,2.183,2.19,2.171,2.177,5264217.0
2023-08-09,2.17,2.185,2.169,2.174,4116312.0
2023-08-10,2.173,2.186,2.165,2.184,4737376.0
2023-08-11,2.187,2.187,2.129,2.129,7023687.0
2023-08-14,2.112,2.115,2.087,2.113,7658517.0
2023-08-15,2.112,2.116,2.078,2.096,6416059.0
2023-08-16,2.085,2.102,2.08,2.082,4670580.0
2023-08-17,2.078,2.099,2.061,2.094,7563131.0
2023-08-18,2.09,2.101,2.064,2.065,6226475.0
2023-08-21,2.061,2.061,2.033,2.035,6871950.0
2023-08-22,2.043,2.05,1.998,2.038,11460186.0
2023-08-23,2.023,2.028,1.984,1.987,9056674.0
2023-08-24,1.995,2.031,1.99,2.014,9914098.0
2023-08-25,2.0,2.007,1.982,1.991,6827771.0
2023-08-28,2.136,2.136,2.003,2.01,13123418.0
2023-08-29,2.002,2.08,2.0,2.067,10960279.0
2023-08-30,2.064,2.088,2.057,2.066,6586467.0
2023-08-31,2.062,2.064,2.048,2.052,4098959.0
2023-09-01,2.058,2.068,2.04,2.049,3885205.0
2023-09-04,2.058,2.069,2.038,2.067,6799681.0
2023-09-05,2.06,2.069,2.055,2.057,4350852.0
2023-09-06,2.05,2.053,2.037,2.049,4481243.0
2023-09-07,2.043,2.043,2.003,2.003,6253926.0
2023-09-08,2.0,2.005,1.987,1.998,4690669.0
2023-09-11,2.0,2.025,1.99,2.011,5840379.0
2023-09-12,2.007,2.012,1.997,1.998,4265938.0
2023-09-13,1.995,2.002,1.964,1.974,7345141.0
2023-09-14,1.969,1.974,1.952,1.96,7055404.0
2023-09-15,1.962,1.972,1.946,1.954,8965208.0
2023-09-18,1.951,1.982,1.946,1.968,7729081.0
2023-09-19,1.966,1.967,1.945,1.952,6882452.0
2023-09-20,1.947,1.952,1.935,1.936,5492624.0
2023-09-21,1.93,1.94,1.917,1.917,5594249.0
2023-09-22,1.913,1.964,1.911,1.964,9745011.0
2023-09-25,1.955,1.963,1.949,1.953,4760782.0
2023-09-26,1.951,1.958,1.938,1.938,4548459.0
2023-09-27,1.935,1.977,1.935,1.956,7918953.0
2023-09-28,1.958,1.968,1.945,1.953,4960486.0
2023-10-09,1.95,1.956,1.928,1.947,5801127.0
2023-10-10,1.954,1.962,1.936,1.938,4585178.0
2023-10-11,1.945,1.969,1.945,1.954,5787960.0
2023-10-12,1.969,1.971,1.951,1.968,5099397.0
2023-10-13,1.954,1.956,1.936,1.945,5708362.0
2023-10-16,1.945,1.947,1.9,1.906,7719278.0
2023-10-17,1.91,1.919,1.9,1.912,4152577.0
2023-10-18,1.906,1.906,1.885,1.887,5781098.0
2023-10-19,1.878,1.887,1.864,1.867,7172698.0
2023-10-20,1.86,1.874,1.845,1.85,7344155.0
2023-10-23,1.845,1.845,1.806,1.815,9515482.0
2023-10-24,1.818,1.842,1.812,1.832,8474434.0
2023-10-25,1.844,1.848,1.814,1.815,9044607.0
2023-10-26,1.802,1.83,1.793,1.829,8462440.0
2023-10-27,1.82,1.888,1.816,1.881,13235087.0
2023-10-30,1.874,1.933,1.874,1.926,14828830.0
2023-10-31,1.92,1.923,1.907,1.916,4614183.0
2023-11-01,1.921,1.923,1.899,1.908,4354752.0
2023-11-02,1.912,1.922,1.889,1.89,4815026.0
2023-11-03,1.894,1.925,1.894,1.918,6255220.0
2023-11-06,1.93,1.982,1.93,1.981,10733074.0
2023-11-07,1.974,1.98,1.96,1.967,6945658.0
2023-11-08,1.964,1.983,1.957,1.971,6967776.0
2023-11-09,1.968,1.983,1.961,1.967,5760086.0
2023-11-10,1.958,1.96,1.948,1.955,5055579.0
2023-11-13,1.965,1.97,1.945,1.958,5083840.0
2023-11-14,1.957,1.973,1.943,1.953,5992595.0
2023-11-15,1.98,1.983,1.956,1.963,6513422.0
2023-11-16,1.961,1.962,1.925,1.925,7428397.0
2023-11-17,1.92,1.935,1.918,1.934,3698543.0
2023-11-20,1.934,1.947,1.918,1.942,6020104.0
2023-11-21,1.949,1.962,1.928,1.931,7599572.0
2023-11-22,1.923,1.93,1.899,1.899,7736300.0
2023-11-23,1.898,1.912,1.891,1.911,5082927.0
2023-11-24,1.908,1.91,1.885,1.888,5475884.0
2023-11-27,1.883,1.886,1.868,1.878,4792836.0
2023-11-28,1.874,1.89,1.87,1.89,4044168.0
2023-11-29,1.886,1.888,1.867,1.867,4509925.0
2023-11-30,1.869,1.884,1.863,1.874,4464594.0
2023-12-01,1.873,1.887,1.856,1.881,6312007.0
2023-12-04,1.878,1.88,1.858,1.858,6568211.0
2023-12-05,1.854,1.857,1.822,1.823,7334469.0
2023-12-06,1.818,1.85,1.816,1.834,5351235.0
2023-12-07,1.828,1.841,1.817,1.829,5021061.0
2023-12-08,1.831,1.848,1.823,1.843,4918462.0
2023-12-11,1.836,1.872,1.819,1.868,9670301.0
2023-12-12,1.861,1.865,1.851,1.856,6573033.0
2023-12-13,1.85,1.85,1.822,1.822,6941014.0
2023-12-14,1.833,1.846,1.812,1.812,5317268.0
2023-12-15,1.82,1.83,1.795,1.802,7355922.0
2023-12-18,1.792,1.799,1.767,1.773,6636733.0
2023-12-19,1.771,1.791,1.767,1.781,6635994.0
2023-12-20,1.783,1.787,1.755,1.755,7435957.0
2023-12-21,1.749,1.794,1.747,1.787,9659934.0
2023-12-22,1.779,1.801,1.766,1.78,8841372.0
2023-12-25,1.777,1.791,1.772,1.783,5703304.0
2023-12-26,1.78,1.781,1.753,1.761,8185801.0
2023-12-27,1.762,1.771,1.75,1.763,6536878.0
2023-12-28,1.761,1.84,1.757,1.833,15884491.0
2023-12-29,1.828,1.848,1.827,1.842,7493274.0
2024-01-02,1.842,1.842,1.806,1.806,7089134.0
2024-01-03,1.802,1.809,1.778,1.787,7887162.0
2024-01-04,1.783,1.786,1.748,1.754,10753851.0
2024-01-05,1.751,1.768,1.72,1.728,11806031.0
2024-01-08,1.724,1.734,1.698,1.699,12421990.0
2024-01-09,1.702,1.729,1.691,1.706,12561517.0
2024-01-10,1.696,1.726,1.681,1.698,11066784.0
2024-01-11,1.694,1.744,1.694,1.732,13703936.0
2024-01-12,1.722,1.739,1.713,1.714,10125457.0
2024-01-15,1.702,1.72,1.692,1.698,8517910.0
2024-01-16,1.692,1.709,1.679,1.708,12847605.0
2024-01-17,1.7,1.7,1.653,1.656,12653379.0
2024-01-18,1.643,1.69,1.635,1.683,16880885.0
2024-01-19,1.675,1.697,1.669,1.669,14864531.0
2024-01-22,1.663,1.67,1.612,1.623,13022844.0
2024-01-23,1.62,1.656,1.612,1.642,14088142.0
2024-01-24,1.65,1.657,1.599,1.65,15021493.0
2024-01-25,1.641,1.676,1.628,1.675,17851989.0
2024-01-26,1.665,1.67,1.633,1.637,13965335.0
2024-01-29,1.638,1.643,1.58,1.58,16865287.0
2024-01-30,1.57,1.589,1.541,1.544,15955558.0
2024-01-31,1.544,1.56,1.53,1.533,18661332.0
2024-02-01,1.527,1.574,1.522,1.548,19813258.0
2024-02-02,1.546,1.554,1.471,1.508,25536277.0
2024-02-05,1.491,1.56,1.444,1.527,62847942.0
2024-02-06,1.508,1.624,1.502,1.623,36880751.0
2024-02-07,1.622,1.666,1.614,1.66,43618911.0
2024-02-08,1.67,1.718,1.669,1.681,25603676.0
2024-02-19,1.704,1.707,1.675,1.697,22819199.0
2024-02-20,1.688,1.701,1.676,1.696,13329437.0
2024-02-21,1.681,1.736,1.676,1.703,12371674.0
2024-02-22,1.7,1.714,1.694,1.71,9607940.0
2024-02-23,1.717,1.719,1.695,1.709,8398755.0
2024-02-26,1.706,1.72,1.69,1.704,12311415.0
2024-02-27,1.696,1.746,1.694,1.746,12148528.0
2024-02-28,1.749,1.78,1.701,1.701,18649875.0
2024-02-29,1.696,1.762,1.693,1.761,14247782.0
2024-03-01,1.757,1.781,1.746,1.775,12881947.0
2024-03-04,1.773,1.796,1.767,1.783,9626856.0
2024-03-05,1.771,1.794,1.765,1.78,34464320.0
2024-03-06,1.773,1.805,1.761,1.782,15007242.0
2024-03-07,1.779,1.788,1.74,1.742,12194754.0
2024-03-08,1.745,1.763,1.73,1.756,8227489.0
2024-03-11,1.76,1.84,1.76,1.84,20127243.0
2024-03-12,1.845,1.863,1.832,1.851,11138939.0
2024-03-13,1.854,1.859,1.838,1.841,8936894.0
2024-03-14,1.841,1.86,1.818,1.832,8278951.0
2024-03-15,1.825,1.836,1.796,1.833,10764747.0
2024-03-18,1.85,1.875,1.848,1.875,14211896.0
2024-03-19,1.87,1.873,1.852,1.853,7903054.0
2024-03-20,1.848,1.862,1.844,1.856,6171236.0
2024-03-21,1.86,1.868,1.844,1.846,7108849.0
2024-03-22,1.843,1.844,1.808,1.817,10667121.0
2024-03-25,1.809,1.819,1.781,1.781,11583246.0
2024-03-26,1.782,1.805,1.777,1.792,10141589.0
2024-03-27,1.787,1.788,1.741,1.742,7599032.0
2024-03-28,1.74,1.778,1.738,1.758,7390774.0
2024-03-29,1.756,1.773,1.75,1.768,5988697.0
2024-04-01,1.78,1.822,1.78,1.822,8830135.0
2024-04-02,1.822,1.822,1.801,1.808,6401949.0
2024-04-03,1.804,1.804,1.789,1.79,4609270.0
2024-04-08,1.785,1.789,1.756,1.758,5396913.0
2024-04-09,1.759,1.778,1.752,1.777,4864696.0
2024-04-10,1.774,1.774,1.731,1.739,9000053.0
2024-04-11,1.725,1.752,1.725,1.731,7246190.0
2024-04-12,1.73,1.74,1.711,1.713,7251324.0
2024-04-15,1.712,1.757,1.712,1.746,11357926.0
2024-04-16,1.74,1.742,1.709,1.713,7561462.0
2024-04-17,1.718,1.748,1.718,1.747,6311060.0
2024-04-18,1.739,1.759,1.717,1.738,7231806.0
2024-04-19,1.725,1.728,1.692,1.705,8437475.0
2024-04-22,1.695,1.718,1.687,1.703,5119593.0
2024-04-23,1.708,1.716,1.693,1.705,4772879.0
2024-04-24,1.709,1.72,1.696,1.719,5444651.0
2024-04-25,1.71,1.73,1.7,1.716,5916390.0
2024-04-26,1.717,1.777,1.717,1.774,10455629.0
2024-04-29,1.78,1.854,1.78,1.837,12330808.0
2024-04-30,1.837,1.837,1.816,1.816,7158340.0
2024-05-06,1.852,1.863,1.846,1.853,8690891.0
2024-05-07,1.851,1.857,1.844,1.85,5551162.0
2024-05-08,1.847,1.847,1.82,1.821,5926798.0
2024-05-09,1.828,1.86,1.828,1.856,7593648.0
2024-05-10,1.858,1.859,1.829,1.84,6345733.0
2024-05-13,1.819,1.835,1.808,1.817,5506427.0
2024-05-14,1.821,1.831,1.809,1.813,5137245.0
2024-05-15,1.814,1.823,1.795,1.797,6397224.0
2024-05-16,1.806,1.819,1.794,1.801,6594689.0
2024-05-17,1.795,1.825,1.791,1.824,7089806.0
2024-05-20,1.828,1.844,1.823,1.831,8230898.0
2024-05-21,1.826,1.831,1.813,1.818,4508421.0
2024-05-22,1.819,1.842,1.814,1.839,7434674.0
2024-05-23,1.837,1.837,1.807,1.811,6599889.0
2024-05-24,1.804,1.821,1.778,1.781,6828319.0
2024-05-27,1.784,1.793,1.762,1.792,6219239.0
2024-05-28,1.784,1.789,1.766,1.769,4237288.0
2024-05-29,1.768,1.793,1.765,1.772,6817607.0
2024-05-30,1.772,1.783,1.767,1.777,4575191.0
2024-05-31,1.781,1.794,1.77,1.772,5199314.0
2024-06-03,1.769,1.786,1.764,1.782,5534371.0
2024-06-04,1.778,1.812,1.777,1.806,7450205.0
2024-06-05,1.805,1.821,1.796,1.796,5298417.0
2024-06-06,1.804,1.808,1.778,1.785,6577509.0
2024-06-07,1.784,1.786,1.729,1.748,10017845.0
2024-06-11,1.735,1.757,1.727,1.752,6034655.0
2024-06-12,1.746,1.754,1.742,1.743,3943802.0
2024-06-13,1.752,1.766,1.741,1.742,7245042.0
2024-06-14,1.745,1.762,1.726,1.756,6487355.0
2024-06-17,1.746,1.775,1.743,1.768,6088884.0
2024-06-18,1.769,1.785,1.766,1.776,4924351.0
2024-06-19,1.781,1.783,1.752,1.753,6303647.0
2024-06-20,1.75,1.758,1.727,1.728,5944620.0
2024-06-21,1.725,1.729,1.709,1.723,6062895.0
2024-06-24,1.711,1.721,1.693,1.696,7359958.0
2024-06-25,1.694,1.698,1.657,1.666,8888546.0
2024-06-26,1.665,1.7,1.662,1.699,7668659.0
2024-06-27,1.689,1.689,1.669,1.67,7214333.0
2024-06-28,1.665,1.688,1.647,1.652,7560791.0
2024-07-01,1.648,1.658,1.621,1.65,8680997.0
2024-07-02,1.643,1.652,1.627,1.633,6926318.0
2024-07-03,1.633,1.645,1.616,1.629,7416438.0
2024-07-04,1.633,1.643,1.615,1.616,7168739.0
2024-07-05,1.615,1.63,1.601,1.623,8138205.0
2024-07-08,1.615,1.62,1.592,1.596,7936130.0
2024-07-09,1.594,1.629,1.584,1.62,11008810.0
2024-07-10,1.609,1.636,1.608,1.618,7768890.0
2024-07-11,1.64,1.664,1.627,1.654,9657457.0
2024-07-12,1.648,1.661,1.64,1.653,8332844.0
2024-07-15,1.644,1.648,1.633,1.64,7912562.0
2024-07-16,1.638,1.665,1.637,1.664,8758555.0
2024-07-17,1.66,1.674,1.653,1.663,7834300.0
2024-07-18,1.653,1.687,1.649,1.686,20806962.0
2024-07-19,1.673,1.699,1.672,1.692,14700685.0
2024-07-22,1.693,1.702,1.679,1.693,7726957.0
2024-07-23,1.691,1.691,1.639,1.64,7606749.0
2024-07-24,1.634,1.651,1.614,1.619,6715404.0
2024-07-25,1.61,1.627,1.607,1.614,5649908.0
2024-07-26,1.617,1.638,1.615,1.627,7502581.0
2024-07-29,1.622,1.623,1.603,1.604,5724428.0
2024-07-30,1.6,1.607,1.591,1.601,6106035.0
2024-07-31,1.594,1.658,1.592,1.658,14320519.0
2024-08-01,1.659,1.663,1.631,1.636,9030439.0
2024-08-02,1.621,1.639,1.604,1.609,11190243.0
2024-08-05,1.592,1.625,1.576,1.576,12579838.0
2024-08-06,1.594,1.607,1.581,1.597,8932552.0
2024-08-07,1.593,1.601,1.587,1.589,6887508.0
2024-08-08,1.582,1.599,1.568,1.582,8938446.0
2024-08-09,1.59,1.598,1.566,1.566,8196082.0
2024-08-12,1.566,1.572,1.558,1.563,6462704.0
2024-08-13,1.562,1.578,1.558,1.578,7636057.0
2024-08-14,1.575,1.576,1.554,1.555,8798504.0
2024-08-15,1.551,1.579,1.55,1.565,13802745.0
2024-08-16,1.564,1.573,1.558,1.561,6554594.0
2024-08-19,1.56,1.577,1.557,1.559,7943774.0
2024-08-20,1.561,1.562,1.536,1.539,9367585.0
2024-08-21,1.532,1.543,1.527,1.529,7341937.0
2024-08-22,1.53,1.534,1.515,1.516,8555917.0
2024-08-23,1.512,1.526,1.509,1.517,12097258.0
2024-08-26,1.517,1.528,1.511,1.515,7052690.0
2024-08-27,1.511,1.512,1.497,1.5,7951119.0
2024-08-28,1.499,1.505,1.494,1.501,7883197.0
2024-08-29,1.488,1.522,1.484,1.513,18401290.0
2024-08-30,1.511,1.571,1.511,1.552,20670044.0
2024-09-02,1.547,1.552,1.506,1.507,15867300.0
2024-09-03,1.504,1.532,1.503,1.525,11015247.0
2024-09-04,1.512,1.54,1.51,1.525,9785096.0
2024-09-05,1.525,1.546,1.524,1.536,8624512.0
2024-09-06,1.535,1.538,1.508,1.508,9896846.0
2024-09-09,1.5,1.519,1.498,1.513,18135289.0
2024-09-10,1.514,1.524,1.495,1.512,15412588.0
2024-09-11,1.51,1.534,1.507,1.528,14352293.0
2024-09-12,1.536,1.549,1.521,1.525,12617763.0
2024-09-13,1.525,1.528,1.508,1.509,8784237.0
2024-09-18,1.505,1.513,1.494,1.504,9657148.0
2024-09-19,1.511,1.537,1.492,1.519,18394237.0
2024-09-20,1.516,1.517,1.498,1.508,20920584.0
2024-09-23,1.507,1.52,1.5,1.501,13035359.0
2024-09-24,1.515,1.588,1.504,1.587,33377295.0
2024-09-25,1.621,1.649,1.609,1.61,26730083.0
2024-09-26,1.604,1.686,1.595,1.686,28442155.0
2024-09-27,1.713,1.89,1.713,1.86,56125985.0
2024-09-30,2.0,2.232,1.928,2.232,69772145.0
2024-10-08,2.678,2.678,2.29,2.678,185677265.0
2024-10-09,2.41,2.478,2.238,2.242,164618813.0
2024-10-10,2.241,2.297,2.137,2.174,80625516.0
2024-10-11,2.134,2.152,2.026,2.06,72995288.0
2024-10-14,2.078,2.124,2.022,2.116,57004799.0
2024-10-15,2.094,2.135,2.045,2.045,43784762.0
2024-10-16,2.001,2.044,1.989,2.0,38151331.0
2024-10-17,2.019,2.042,1.993,1.995,31361055.0
2024-10-18,1.986,2.256,1.986,2.156,81695885.0
2024-10-21,2.162,2.225,2.139,2.167,52905363.0
2024-10-22,2.158,2.186,2.139,2.175,27314769.0
2024-10-23,2.166,2.211,2.145,2.162,30454404.0
2024-10-24,2.149,2.161,2.126,2.132,19996473.0
2024-10-25,2.147,2.236,2.138,2.196,41856616.0
2024-10-28,2.193,2.193,2.158,2.188,20357121.0
2024-10-29,2.191,2.198,2.133,2.135,26794604.0
2024-10-30,2.119,2.138,2.086,2.111,23065017.0
2024-10-31,2.105,2.164,2.09,2.122,31276690.0
2024-11-01,2.104,2.125,2.08,2.084,23885768.0
2024-11-04,2.081,2.146,2.08,2.145,20837386.0
2024-11-05,2.144,2.258,2.13,2.249,52481838.0
2024-11-06,2.249,2.316,2.202,2.223,45986097.0
2024-11-07,2.202,2.306,2.198,2.306,36027816.0
2024-11-08,2.355,2.365,2.274,2.282,34984930.0
2024-11-11,2.25,2.35,2.249,2.349,31861165.0
2024-11-12,2.365,2.402,2.316,2.345,32230534.0
2024-11-13,2.325,2.381,2.3,2.372,28539851.0
2024-11-14,2.37,2.372,2.285,2.288,21661199.0
2024-11-15,2.276,2.294,2.201,2.204,27246692.0
2024-11-18,2.205,2.219,2.132,2.149,28609469.0
2024-11-19,2.155,2.219,2.132,2.215,31529902.0
2024-11-20,2.201,2.24,2.195,2.223,23956979.0
2024-11-21,2.213,2.237,2.206,2.223,15526239.0
2024-11-22,2.218,2.226,2.133,2.136,20256843.0
2024-11-25,2.14,2.151,2.1,2.132,19946017.0
2024-11-26,2.122,2.146,2.107,2.109,13881308.0
2024-11-27,2.1,2.167,2.079,2.165,23812605.0
2024-11-28,2.162,2.165,2.124,2.128,15812142.0
2024-11-29,2.122,2.221,2.12,2.179,30698302.0
2024-12-02,2.172,2.218,2.166,2.211,20748569.0
2024-12-03,2.211,2.219,2.182,2.198,15916814.0
2024-12-04,2.195,2.203,2.161,2.17,14083118.0
2024-12-05,2.167,2.195,2.163,2.177,10881280.0
2024-12-06,2.18,2.247,2.17,2.224,25903279.0
2024-12-09,2.219,2.23,2.185,2.206,14918244.0
2024-12-10,2.32,2.32,2.214,2.221,35328843.0
2024-12-11,2.215,2.235,2.209,2.218,14406912.0
2024-12-12,2.217,2.258,2.212,2.248,19109548.0
2024-12-13,2.231,2.233,2.19,2.193,17805550.0
2024-12-16,2.19,2.192,2.148,2.158,12552537.0
2024-12-17,2.156,2.189,2.153,2.159,16959955.0
2024-12-18,2.167,2.173,2.15,2.158,10734338.0
2024-12-19,2.137,2.178,2.132,2.171,14482076.0
2024-12-20,2.166,2.19,2.157,2.169,12555582.0
2024-12-23,2.163,2.18,2.142,2.147,13008414.0
2024-12-24,2.148,2.172,2.143,2.17,15581880.0
2024-12-25,2.173,2.175,2.144,2.156,11594528.0
2024-12-26,2.16,2.176,2.152,2.166,10655084.0
2024-12-27,2.166,2.192,2.154,2.163,14826588.0
2024-12-30,2.158,2.174,2.155,2.165,10202963.0
2024-12-31,2.162,2.165,2.101,2.102,19047476.0
2025-01-02,2.096,2.097,2.0,2.019,22999093.0
2025-01-03,2.02,2.027,1.976,1.978,20166724.0
2025-01-06,1.978,1.994,1.962,1.976,16794769.0
2025-01-07,1.965,1.99,1.951,1.99,16954313.0
2025-01-08,1.975,1.99,1.925,1.968,22795329.0
2025-01-09,1.956,1.985,1.954,1.971,13525681.0
2025-01-10,1.967,1.983,1.938,1.938,12061622.0
2025-01-13,1.916,1.959,1.916,1.942,13517608.0
2025-01-14,1.95,2.037,1.942,2.036,28363155.0
2025-01-15,2.022,2.025,1.992,1.999,17505191.0
2025-01-16,2.009,2.044,1.99,2.01,19330738.0
2025-01-17,1.999,2.043,1.998,2.026,16072145.0
2025-01-20,2.047,2.077,2.046,2.062,19351278.0
2025-01-21,2.081,2.083,2.048,2.07,10659994.0
2025-01-22,2.063,2.069,2.041,2.059,11106114.0
2025-01-23,2.082,2.11,2.052,2.052,17381341.0
2025-01-24,2.045,2.092,2.044,2.084,15011413.0
2025-01-27,2.086,2.087,2.028,2.028,14246932.0
2025-02-05,2.043,2.047,2.016,2.024,11049675.0
2025-02-06,2.022,2.082,2.017,2.08,17017750.0
2025-02-07,2.08,2.159,2.08,2.131,27469983.0
2025-02-10,2.14,2.147,2.114,2.142,13228398.0
2025-02-11,2.141,2.142,2.11,2.113,10674532.0
2025-02-12,2.107,2.154,2.101,2.15,15623364.0
2025-02-13,2.145,2.163,2.133,2.135,14983656.0
2025-02-14,2.134,2.181,2.132,2.174,21577861.0
2025-02-17,2.198,2.2,2.166,2.182,16500527.0
2025-02-18,2.178,2.19,2.131,2.14,13363110.0
2025-02-19,2.136,2.186,2.133,2.185,13819064.0
2025-02-20,2.179,2.191,2.161,2.184,10073320.0
2025-02-21,2.185,2.242,2.185,2.239,18182523.0
2025-02-24,2.232,2.24,2.201,2.221,15447324.0
2025-02-25,2.189,2.222,2.185,2.197,14558336.0
2025-02-26,2.199,2.225,2.19,2.223,13441086.0
2025-02-27,2.224,2.237,2.183,2.212,13424835.0
2025-02-28,2.197,2.198,2.123,2.128,18951792.0
2025-03-03,2.133,2.189,2.12,2.154,20129437.0
2025-03-04,2.131,2.151,2.12,2.149,10755616.0
2025-03-05,2.147,2.159,2.131,2.149,9583045.0
2025-03-06,2.162,2.2,2.16,2.191,17630606.0
2025-03-07,2.181,2.183,2.152,2.16,12596179.0
2025-03-10,2.166,2.174,2.14,2.159,10578257.0
2025-03-11,2.135,2.161,2.131,2.159,11097012.0
2025-03-12,2.17,2.172,2.148,2.149,10441195.0
2025-03-13,2.146,2.158,2.113,2.125,11140607.0
2025-03-14,2.125,2.19,2.12,2.186,19647221.0
2025-03-17,2.188,2.191,2.169,2.173,10186892.0
2025-03-18,2.182,2.201,2.173,2.185,11167341.0
2025-03-19,2.181,2.195,2.166,2.178,9564472.0
2025-03-20,2.178,2.18,2.155,2.158,8744022.0
2025-03-21,2.153,2.159,2.108,2.112,14212017.0
2025-03-24,2.11,2.118,2.084,2.112,9427423.0
2025-03-25,2.112,2.123,2.094,2.105,9336352.0
2025-03-26,2.1,2.117,2.097,2.098,8839485.0
2025-03-27,2.093,2.125,2.076,2.103,9348640.0
2025-03-28,2.101,2.112,2.087,2.089,8162006.0
2025-03-31,2.079,2.083,2.047,2.064,12318221.0
2025-04-01,2.067,2.087,2.06,2.062,9304839.0
2025-04-02,2.062,2.081,2.057,2.064,7303188.0
2025-04-03,2.042,2.057,2.018,2.027,15626423.0
2025-04-07,1.93,1.931,1.721,1.775,69505868.0
2025-04-08,1.792,1.844,1.777,1.804,29297322.0
2025-04-09,1.762,1.838,1.743,1.823,31929857.0
2025-04-10,1.88,1.908,1.86,1.863,29094618.0
2025-04-11,1.845,1.907,1.844,1.892,18605349.0
2025-04-14,1.915,1.919,1.892,1.895,13033281.0
2025-04-15,1.895,1.903,1.881,1.893,9943364.0
2025-04-16,1.885,1.885,1.844,1.87,17281809.0
2025-04-17,1.859,1.887,1.856,1.873,11084084.0
2025-04-18,1.865,1.881,1.862,1.878,8888570.0
2025-04-21,1.874,1.91,1.865,1.908,12287907.0
2025-04-22,1.903,1.911,1.895,1.899,8689827.0
2025-04-23,1.917,1.933,1.906,1.919,15179641.0
2025-04-24,1.916,1.929,1.902,1.907,12207396.0
2025-04-25,1.913,1.932,1.908,1.92,12024520.0
2025-04-28,1.918,1.921,1.901,1.906,6991261.0
2025-04-29,1.902,1.912,1.895,1.903,6795070.0
2025-04-30,1.905,1.926,1.904,1.921,10655595.0
2025-05-06,1.936,1.959,1.935,1.958,10395145.0
2025-05-07,1.995,2.007,1.953,1.967,17348732.0
2025-05-08,1.963,2.006,1.961,2.001,15804047.0
2025-05-09,2.0,2.001,1.975,1.984,8209132.0
2025-05-12,2.013,2.037,2.007,2.037,15584949.0
2025-05-13,2.062,2.065,2.027,2.03,10952122.0
2025-05-14,2.032,2.074,2.021,2.054,12210653.0
2025-05-15,2.046,2.047,2.012,2.012,8533395.0
2025-05-16,2.006,2.02,2.005,2.008,5946975.0
2025-05-19,2.006,2.008,1.988,2.002,7379950.0
2025-05-20,2.009,2.031,1.997,2.018,7844446.0
2025-05-21,2.02,2.047,2.019,2.034,10241285.0
2025-05-22,2.036,2.037,2.014,2.016,5615394.0
2025-05-23,2.015,2.03,1.994,1.994,7272379.0
2025-05-26,1.99,1.997,1.965,1.977,7532962.0
2025-05-27,1.976,1.976,1.957,1.967,7464291.0
2025-05-28,1.969,1.975,1.956,1.959,7195168.0
2025-05-29,1.962,1.991,1.961,1.989,9341379.0
2025-05-30,1.98,1.98,1.963,1.972,6612255.0
2025-06-03,1.961,1.987,1.96,1.977,5758778.0
2025-06-04,1.983,2.006,1.982,2.0,7389093.0
2025-06-05,2.001,2.029,1.989,2.023,8084529.0
2025-06-06,2.022,2.027,2.01,2.017,5147504.0
2025-06-09,2.02,2.051,2.02,2.034,8445347.0
2025-06-10,2.034,2.041,1.999,2.012,9385023.0
2025-06-11,2.016,2.053,2.016,2.038,8732720.0
2025-06-12,2.033,2.052,2.027,2.04,6124760.0
2025-06-13,2.033,2.042,2.015,2.02,7302115.0
2025-06-16,2.019,2.039,2.016,2.037,4976448.0
2025-06-17,2.04,2.041,2.023,2.028,4252575.0
2025-06-18,2.027,2.038,2.017,2.034,4931127.0
2025-06-19,2.028,2.036,2.0,2.005,6989479.0
2025-06-20,2.005,2.015,1.987,1.988,5926744.0
2025-06-23,1.98,2.001,1.975,1.998,6068657.0
2025-06-24,2.004,2.044,2.003,2.044,12388429.0
2025-06-25,2.05,2.113,2.05,2.109,16381973.0
2025-06-26,2.109,2.121,2.092,2.093,11040739.0
2025-06-27,2.1,2.125,2.091,2.101,11326780.0
2025-06-30,2.11,2.134,2.106,2.133,10634131.0
2025-07-01,2.128,2.131,2.112,2.126,6758008.0
2025-07-02,2.123,2.123,2.097,2.104,6869308.0
2025-07-03,2.11,2.147,2.108,2.141,10437516.0
2025-07-04,2.141,2.167,2.131,2.133,10770847.0
2025-07-07,2.126,2.134,2.106,2.11,7631514.0
2025-07-08,2.109,2.161,2.107,2.159,12591227.0
2025-07-09,2.157,2.183,2.155,2.163,11223645.0
2025-07-10,2.17,2.179,2.153,2.169,8455356.0
2025-07-11,2.169,2.202,2.159,2.185,11419299.0
2025-07-14,2.18,2.187,2.167,2.177,6661325.0
2025-07-15,2.184,2.223,2.184,2.212,14273177.0
2025-07-16,2.217,2.237,2.205,2.206,8014571.0
2025-07-17,2.205,2.247,2.204,2.247,9615694.0
2025-07-18,2.256,2.274,2.241,2.252,9440410.0
2025-07-21,2.258,2.275,2.251,2.275,9911442.0
2025-07-22,2.274,2.291,2.267,2.289,10784625.0
2025-07-23,2.288,2.31,2.281,2.287,12335622.0
2025-07-24,2.297,2.325,2.291,2.325,10346952.0
2025-07-25,2.326,2.326,2.308,2.318,7610292.0
2025-07-28,2.322,2.344,2.311,2.342,8647995.0
2025-07-29,2.338,2.384,2.332,2.383,10423053.0
2025-07-30,2.378,2.378,2.325,2.345,17952943.0
2025-07-31,2.354,2.37,2.299,2.301,19803836.0
2025-08-01,2.296,2.324,2.281,2.303,11371253.0
2025-08-04,2.285,2.313,2.282,2.313,7651039.0
2025-08-05,2.326,2.328,2.3,2.32,10464315.0
2025-08-06,2.314,2.338,2.312,2.336,8691742.0
2025-08-07,2.338,2.35,2.3,2.32,11035689.0
2025-08-08,2.314,2.331,2.307,2.312,7461764.0
2025-08-11,2.317,2.362,2.312,2.357,11597518.0
2025-08-12,2.358,2.385,2.345,2.385,11120495.0
2025-08-13,2.395,2.475,2.391,2.473,18976851.0
2025-08-14,2.473,2.489,2.438,2.446,14892827.0
2025-08-15,2.435,2.518,2.435,2.509,14271173.0
2025-08-18,2.52,2.608,2.504,2.582,22969315.0
2025-08-19,2.575,2.61,2.561,2.575,16354090.0
2025-08-20,2.551,2.588,2.524,2.588,20594441.0
2025-08-21,2.589,2.605,2.558,2.572,18828044.0
2025-08-22,2.566,2.663,2.563,2.662,21659089.0
2025-08-25,2.693,2.76,2.675,2.737,27514140.0
2025-08-26,2.727,2.75,2.702,2.716,20918322.0
2025-08-27,2.716,2.796,2.696,2.696,29434776.0
2025-08-28,2.68,2.807,2.677,2.806,26820208.0
2025-08-29,2.799,2.909,2.78,2.865,24760608.0
2025-09-01,2.88,2.932,2.859,2.927,20641012.0
2025-09-02,2.922,2.954,2.815,2.848,30202205.0
2025-09-03,2.852,2.899,2.832,2.87,29187032.0
2025-09-04,2.899,2.93,2.716,2.751,35046019.0
2025-09-05,2.75,2.947,2.749,2.944,27420789.0
2025-09-08,2.946,2.951,2.856,2.908,24968782.0
2025-09-09,2.866,2.898,2.818,2.845,17046755.0
2025-09-10,2.857,2.9,2.833,2.875,18595794.0
2025-09-11,2.883,3.027,2.871,3.025,26297373.0
2025-09-12,3.01,3.033,2.982,2.995,21253623.0
2025-09-15,3.006,3.08,3.006,3.037,17136620.0
2025-09-16,3.039,3.064,2.993,3.059,18886350.0
2025-09-17,3.055,3.125,3.036,3.119,16687573.0
2025-09-18,3.115,3.141,3.024,3.067,27190632.0
2025-09-19,3.067,3.101,3.046,3.062,17122318.0
2025-09-22,3.068,3.082,3.026,3.082,13820787.0
2025-09-23,3.115,3.13,3.015,3.093,22320034.0
2025-09-24,3.063,3.162,3.061,3.16,19449895.0
2025-09-25,3.15,3.24,3.134,3.211,16257324.0
2025-09-26,3.193,3.226,3.126,3.129,16927559.0
2025-09-29,3.126,3.233,3.126,3.213,16328471.0
2025-09-30,3.221,3.254,3.194,3.217,12401712.0
2025-10-09,3.217,3.297,3.217,3.235,17435666.0
2025-10-10,3.201,3.217,3.072,3.095,22276431.0
2025-10-13,2.952,3.073,2.951,3.054,22235483.0
2025-10-14,3.093,3.106,2.92,2.934,24116473.0
2025-10-15,2.932,3.01,2.905,3.003,18770043.0
2025-10-16,2.984,3.044,2.978,3.014,15488704.0
2025-10-17,3.002,3.021,2.91,2.915,15526407.0
2025-10-20,2.976,3.02,2.948,2.971,15566787.0
2025-10-21,2.999,3.078,2.972,3.062,17359633.0
2025-10-22,3.037,3.067,3.02,3.039,11741287.0
2025-10-23,3.021,3.045,2.98,3.038,9985458.0
2025-10-24,3.069,3.147,3.058,3.147,14948805.0
2025-10-27,3.209,3.218,3.155,3.209,15096685.0
2025-10-28,3.189,3.258,3.181,3.205,13533297.0
2025-10-29,3.235,3.3,3.234,3.3,13701356.0
2025-10-30,3.296,3.308,3.235,3.239,14068840.0
2025-10-31,3.235,3.258,3.164,3.166,14956429.0
2025-11-03,3.152,3.178,3.098,3.176,12919888.0
2025-11-04,3.166,3.184,3.087,3.112,12779003.0
2025-11-05,3.06,3.157,3.046,3.142,13128615.0
2025-11-06,3.158,3.213,3.153,3.201,13344230.0
2025-11-07,3.184,3.218,3.155,3.185,9705146.0
2025-11-10,3.2,3.215,3.117,3.158,11746888.0
2025-11-11,3.175,3.188,3.107,3.113,10573098.0
2025-11-12,3.095,3.116,3.058,3.108,11814661.0
2025-11-13,3.094,3.188,3.086,3.182,16018683.0
2025-11-14,3.146,3.146,3.091,3.093,12217523.0
2025-11-17,3.074,3.101,3.06,3.084,9828891.0
2025-11-18,3.069,3.095,3.032,3.051,12524587.0
2025-11-19,3.051,3.092,3.041,3.057,13254195.0
2025-11-20,3.106,3.113,3.019,3.026,13808023.0
2025-11-21,2.99,2.99,2.903,2.904,23813254.0
2025-11-24,2.925,2.932,2.873,2.908,15108009.0
2025-11-25,2.951,3.008,2.94,2.961,21847137.0
2025-11-26,2.955,3.061,2.943,3.027,18263483.0
2025-11-27,3.018,3.093,3.007,3.012,12497687.0
2025-11-28,3.008,3.048,2.993,3.035,9092535.0
2025-12-01,3.044,3.074,3.017,3.073,10046772.0
2025-12-02,3.075,3.075,3.036,3.052,6232246.0
2025-12-03,3.058,3.086,3.01,3.019,7761190.0
2025-12-04,3.014,3.056,2.997,3.051,8084380.0
2025-12-05,3.063,3.098,3.028,3.089,8738437.0
2025-12-08,3.101,3.194,3.099,3.171,12681256.0
2025-12-09,3.168,3.215,3.153,3.188,10825661.0
2025-12-10,3.185,3.2,3.124,3.192,8529586.0
2025-12-11,3.192,3.226,3.145,3.146,9362313.0
2025-12-12,3.152,3.186,3.12,3.174,10110131.0
2025-12-15,3.14,3.167,3.119,3.12,7984532.0
2025-12-16,3.112,3.125,3.043,3.06,13098987.0
2025-12-17,3.057,3.165,3.054,3.164,15861637.0
2025-12-18,3.134,3.14,3.092,3.092,13805174.0
2025-12-19,3.118,3.141,3.096,3.107,10670931.0
2025-12-22,3.135,3.18,3.135,3.175,13260799.0
2025-12-23,3.18,3.21,3.166,3.185,9460188.0
2025-12-24,3.194,3.219,3.177,3.212,7828621.0
2025-12-25,3.21,3.234,3.184,3.222,8825070.0
2025-12-26,3.222,3.252,3.202,3.226,9532784.0
2025-12-29,3.217,3.234,3.19,3.205,9520732.0
2025-12-30,3.19,3.234,3.19,3.229,11809655.0
2025-12-31,3.23,3.239,3.182,3.186,7178897.0
2026-01-05,3.215,3.281,3.21,3.281,10935771.0
2026-01-06,3.278,3.305,3.249,3.303,13170598.0
2026-01-07,3.311,3.336,3.281,3.311,12270467.0
2026-01-08,3.291,3.313,3.27,3.287,11039130.0
2026-01-09,3.269,3.315,3.253,3.314,15451463.0
2026-01-12,3.314,3.387,3.267,3.371,21937201.0
2026-01-13,3.372,3.402,3.291,3.306,19314673.0
2026-01-14,3.307,3.388,3.292,3.332,28740079.0
2026-01-15,3.306,3.359,3.293,3.352,38865233.0
2026-01-16,3.382,3.394,3.337,3.346,40925188.0
2026-01-19,3.327,3.369,3.31,3.318,19437418.0
2026-01-20,3.319,3.335,3.242,3.263,23282675.0
2026-01-21,3.243,3.315,3.242,3.281,11950615.0
2026-01-22,3.298,3.323,3.264,3.315,17919800.0
2026-01-23,3.322,3.337,3.304,3.337,9079939.0
2026-01-26,3.352,3.355,3.292,3.305,16782457.0
2026-01-27,3.31,3.352,3.263,3.327,17652715.0
2026-01-28,3.342,3.345,3.29,3.307,19496402.0
2026-01-29,3.297,3.342,3.284,3.292,16261187.0
2026-01-30,3.286,3.355,3.241,3.335,12918381.0
2026-02-02,3.338,3.376,3.248,3.252,11487593.0
2026-02-03,3.302,3.32,3.238,3.313,12015893.0
2026-02-04,3.29,3.307,3.233,3.297,11797862.0
2026-02-05,3.264,3.278,3.227,3.238,9852894.0
2026-02-06,3.21,3.275,3.187,3.229,8785306.0
2026-02-09,3.288,3.327,3.263,3.321,9896213.0
2026-02-10,3.327,3.335,3.307,3.311,5381156.0
2026-02-11,3.3,3.312,3.272,3.273,8118673.0
2026-02-12,3.28,3.323,3.277,3.319,9516282.0
2026-02-13,3.303,3.313,3.263,3.265,9359664.0
2026-02-24,3.318,3.331,3.282,3.295,9249640.0
2026-02-25,3.301,3.352,3.293,3.344,11022264.0
2026-02-26,3.338,3.343,3.301,3.336,8912843.0
2026-02-27,3.31,3.317,3.283,3.301,12708821.0
2026-03-02,3.251,3.308,3.25,3.282,16917591.0
2026-03-03,3.303,3.32,3.198,3.205,16751169.0
2026-03-04,3.17,3.207,3.138,3.154,14046228.0
2026-03-05,3.216,3.254,3.183,3.206,15918683.0
2026-03-06,3.191,3.238,3.169,3.225,8594461.0
2026-03-09,3.183,3.21,3.1,3.201,13719189.0
2026-03-10,3.267,3.298,3.252,3.296,12409336.0
2026-03-11,3.303,3.377,3.303,3.335,10731783.0
2026-03-12,3.34,3.35,3.278,3.308,7876461.0
2026-03-13,3.29,3.334,3.28,3.3,8097919.0
2026-03-16,3.308,3.35,3.275,3.349,10653744.0
2026-03-17,3.369,3.379,3.271,3.273,11597774.0
2026-03-18,3.293,3.341,3.265,3.338,11208680.0
2026-03-19,3.297,3.353,3.287,3.303,12469345.0
2026-03-20,3.337,3.417,3.337,3.341,19596729.0
2026-03-23,3.3,3.326,3.206,3.228,16832932.0
2026-03-24,3.275,3.277,3.145,3.237,14810267.0
2026-03-25,3.279,3.315,3.262,3.307,11788368.0
2026-03-26,3.306,3.338,3.256,3.263,9530418.0
2026-03-27,3.241,3.313,3.221,3.293,9411777.0
2026-03-30,3.242,3.273,3.216,3.264,9884804.0
2026-03-31,3.248,3.272,3.178,3.182,13794790.0
2026-04-01,3.245,3.247,3.2,3.232,11374568.0
2026-04-02,3.224,3.224,3.148,3.164,10357474.0
2026-04-03,3.182,3.189,3.139,3.141,7353196.0
2026-04-07,3.153,3.173,3.125,3.151,7493724.0
2026-04-08,3.241,3.345,3.235,3.345,14569399.0
2026-04-09,3.316,3.331,3.292,3.32,7267214.0
2026-04-10,3.339,3.462,3.339,3.437,13933264.0
2026-04-13,3.43,3.485,3.421,3.468,10417629.0
2026-04-14,3.501,3.552,3.484,3.55,10632436.0
2026-04-15,3.589,3.595,3.482,3.511,13524690.0
2026-04-16,3.522,3.624,3.511,3.624,14796542.0
2026-04-17,3.638,3.678,3.61,3.67,15033058.0
2026-04-20,3.657,3.689,3.636,3.672,14853588.0
2026-04-21,3.663,3.688,3.614,3.681,13828383.0
2026-04-22,3.66,3.761,3.66,3.758,18615006.0
2026-04-23,3.769,3.789,3.684,3.728,14580921.0
2026-04-24,3.689,3.704,3.63,3.674,17128265.0
2026-04-27,3.68,3.691,3.643,3.652,9604111.0
2026-04-28,3.63,3.643,3.588,3.602,11061019.0
2026-04-29,3.585,3.7,3.578,3.694,10641461.0
2026-04-30,3.703,3.727,3.668,3.689,10039840.0
2026-05-06,3.763,3.824,3.733,3.786,19639487.0
2026-05-07,3.814,3.849,3.769,3.845,8949955.0
2026-05-08,3.811,3.851,3.796,3.806,9696180.0
2026-05-11,3.834,3.947,3.806,3.947,13488228.0
2026-05-12,3.952,3.966,3.907,3.94,12480831.0
2026-05-13,3.91,4.054,3.904,4.048,12150099.0
2026-05-14,4.092,4.104,3.948,3.961,14719688.0
2026-05-15,3.961,4.015,3.88,3.97,19036007.0
2026-05-18,3.912,3.971,3.892,3.923,13870922.0
2026-05-19,3.901,3.931,3.82,3.922,14732403.0
2026-05-20,3.895,3.959,3.895,3.932,11602678.0
2026-05-21,3.97,4.029,3.835,3.846,18284145.0
2026-05-22,3.877,3.959,3.866,3.946,14475800.0
2026-05-25,3.982,4.034,3.916,4.034,13650326.0
2026-05-26,4.012,4.07,3.997,4.055,16023246.0
2026-05-27,4.053,4.158,4.027,4.056,17473331.0
2026-05-28,4.039,4.148,3.984,4.138,14011682.0
2026-05-29,4.143,4.174,4.022,4.053,16171881.0
2026-06-01,4.047,4.094,3.956,3.964,13224451.0
2026-06-02,3.981,4.098,3.959,4.071,14821750.0
2026-06-03,4.095,4.23,4.076,4.145,16490581.0
2026-06-04,4.074,4.131,4.065,4.1,10599121.0
2026-06-05,4.083,4.122,3.947,3.977,14663505.0
2026-06-08,3.83,3.916,3.79,3.827,17916388.0
2026-06-09,3.877,3.975,3.836,3.972,15787653.0
2026-06-10,3.925,3.942,3.835,3.87,12698150.0
2026-06-11,3.843,3.925,3.77,3.83,15131492.0
2026-06-12,3.932,3.934,3.835,3.846,12496087.0
2026-06-15,3.912,4.053,3.858,4.045,14610496.0
2026-06-16,4.068,4.154,4.063,4.111,10921491.0
2026-06-17,4.086,4.183,4.071,4.183,10937036.0
2026-06-18,4.169,4.288,4.16,4.269,10580532.0
2026-06-22,4.291,4.379,4.24,4.379,15925980.0
2026-06-23,4.379,4.379,4.17,4.21,18967385.0
2026-06-24,4.206,4.271,4.174,4.258,16634732.0
2026-06-25,4.287,4.395,4.254,4.395,13760514.0
2026-06-26,4.328,4.344,4.19,4.215,15360304.0
2026-06-29,4.2,4.28,4.118,4.236,15535904.0
2026-06-30,4.224,4.37,4.221,4.364,11087849.0
2026-07-01,4.364,4.378,4.234,4.274,12692150.0
2026-07-02,4.207,4.207,4.016,4.036,18764852.0
2026-07-03,4.002,4.13,4.0,4.037,13752185.0
2026-07-06,4.051,4.077,3.918,3.97,12422136.0
2026-07-07,3.93,3.991,3.872,3.932,13412604.0
2026-07-08,3.948,3.98,3.842,3.867,16494278.0
2026-07-09,3.904,4.048,3.831,4.04,19492045.0
2026-07-10,4.046,4.088,3.86,3.862,19048314.0
2026-07-13,3.81,3.876,3.712,3.751,19042355.0
2026-07-14,3.739,3.874,3.693,3.867,23142777.0
2026-07-15,3.885,3.925,3.812,3.828,17779717.0
2026-07-16,3.769,3.816,3.68,3.723,20748558.0
2026-07-17,3.679,3.679,3.408,3.463,43622986.0
2026-07-20,3.512,3.572,3.358,3.477,56299394.0
2026-07-21,3.488,3.713,3.393,3.709,42769293.0
2026-07-22,3.65,3.716,3.575,3.586,25917736.0
2026-07-23,3.597,3.645,3.559,3.597,17742764.0
2026-07-24,3.536,3.584,3.507,3.508,18185051.0
2026-07-27,3.502,3.618,3.47,3.612,18966400.0
2026-07-28,3.513,3.538,3.335,3.355,37337710.0
2026-07-29,3.346,3.435,3.273,3.402,37079183.0
2026-07-30,3.35,3.379,3.182,3.27,51464921.0
2026-07-31,3.437,3.486,3.367,3.368,43947412.0
2026-08-03,3.323,3.365,3.3,3.325,19144861.0
2026-08-04,3.375,3.533,3.361,3.514,27905764.0
2026-08-05,3.4,3.607,3.4,3.56,30236017.0
2026-08-06,3.497,3.596,3.465,3.54,20671227.0
2026-08-07,3.54,3.636,3.529,3.586,21234975.0
2026-08-10,3.586,3.601,3.495,3.559,16580700.0
2026-08-11,3.545,3.62,3.535,3.565,14968815.0
2026-08-12,3.556,3.643,3.556,3.621,13170474.0
2026-08-13,3.666,3.7,3.603,3.604,15868009.0
2026-08-14,3.627,3.65,3.595,3.645,12995922.0
2026-08-17,3.65,3.758,3.623,3.756,14130469.0
2026-08-18,3.748,3.767,3.683,3.723,11634372.0
2026-08-19,3.655,3.655,3.473,3.498,29818864.0
2026-08-20,3.527,3.55,3.476,3.512,15640602.0
2026-08-21,3.502,3.58,3.496,3.56,16391615.0
2026-08-24,3.557,3.57,3.395,3.457,19325393.0
2026-08-25,3.404,3.461,3.376,3.419,19231499.0
2026-08-26,3.423,3.474,3.395,3.432,17688467.0
2026-08-27,3.45,3.494,3.427,3.494,14990139.0
2026-08-28,3.478,3.539,3.44,3.443,14854271.0
2026-08-31,3.389,3.456,3.377,3.456,14205665.0
2026-09-01,3.452,3.461,3.395,3.412,12088626.0
2026-09-02,3.367,3.368,3.315,3.335,15710600.0
2026-09-03,3.357,3.374,3.302,3.33,15165127.0
2026-09-04,3.356,3.387,3.285,3.305,18632997.0
2026-09-07,3.338,3.427,3.335,3.414,21978827.0
2026-09-08,3.413,3.436,3.365,3.376,16048189.0
2026-09-09,3.41,3.415,3.346,3.373,10980443.0
2026-09-10,3.345,3.387,3.325,3.358,11104361.0
2026-09-11,3.323,3.354,3.28,3.341,19052972.0
2026-09-14,3.3,3.349,3.28,3.304,11852478.0
2026-09-15,3.3,3.334,3.263,3.268,15269515.0
2026-09-16,3.264,3.346,3.246,3.33,19004614.0
2026-09-17,3.32,3.37,3.31,3.32,14276579.0
