date,open,high,low,close,volume
2016-11-03,37.907,39.843,37.479,38.621,77675.0
2016-11-04,38.55,38.814,36.764,37.05,56487.0
2016-11-07,37.064,37.586,36.279,36.407,38356.0
2016-11-08,36.764,37.514,36.35,36.807,36586.0
2016-11-09,37.264,37.264,35.479,36.05,43145.0
2016-11-10,36.764,37.864,36.371,37.557,60353.0
2016-11-11,37.557,38.55,36.871,38.536,81532.0
2016-11-14,38.621,40.35,38.55,38.586,100609.0
2016-11-15,38.443,39.207,37.85,38.679,61232.0
2016-11-16,38.764,40.122,38.55,38.586,63977.0
2016-11-17,38.193,38.379,37.129,37.443,51191.0
2016-11-18,37.45,37.8,37.036,37.264,36471.0
2016-11-21,37.157,37.814,36.914,37.271,29697.0
2016-11-22,37.193,38.979,36.907,38.7,61719.0
2016-11-23,38.621,39.25,37.979,38.264,64859.0
2016-11-24,37.943,38.514,37.55,37.729,43296.0
2016-11-25,37.371,37.943,36.657,37.821,37343.0
2016-11-28,39.3,40.393,38.193,38.536,108743.0
2016-11-29,37.893,39.621,37.829,39.05,74475.0
2016-11-30,38.836,44.314,38.536,42.6,258350.0
2016-12-01,41.572,42.607,41.264,42.6,128409.0
2016-12-02,42.229,44.229,41.757,42.122,119801.0
2016-12-05,41.322,44.172,40.872,42.329,87250.0
2016-12-06,42.329,42.743,39.979,40.107,83800.0
2016-12-07,40.207,40.55,39.05,39.972,67384.0
2016-12-08,39.7,40.186,39.121,39.279,48319.0
2016-12-09,39.25,39.9,38.907,38.964,63304.0
2016-12-12,38.629,38.8,35.05,35.229,119263.0
2016-12-13,35.15,36.157,33.9,35.55,56944.0
2016-12-14,35.407,36.371,35.05,35.557,37270.0
2016-12-15,35.393,36.479,35.107,36.036,44575.0
2016-12-16,35.929,38.693,35.721,37.457,62411.0
2016-12-19,37.036,37.05,35.914,36.364,38186.0
2016-12-20,36.214,37.086,35.629,35.971,34755.0
2016-12-21,36.479,37.036,35.907,36.279,29125.0
2016-12-22,36.214,36.393,35.45,35.907,24574.0
2016-12-23,35.821,36.043,34.021,34.264,46624.0
2016-12-26,34.3,35.379,33.557,35.314,38451.0
2016-12-27,35.264,35.864,34.821,35.336,25203.0
2016-12-28,35.05,35.543,35.029,35.357,24213.0
2016-12-29,35.757,36.671,35.229,36.221,48747.0
2016-12-30,36.221,36.643,35.336,35.536,30942.0
2017-01-03,35.871,37.443,35.843,36.664,36836.0
2017-01-04,36.421,38.621,36.407,38.229,72068.0
2017-01-05,38.229,38.407,37.436,37.836,38574.0
2017-01-06,37.836,37.979,36.836,37.321,29243.0
2017-01-09,37.414,38.371,37.014,37.829,38595.0
2017-01-10,37.621,38.764,37.171,37.814,41730.0
2017-01-11,37.514,38.121,36.907,36.986,31555.0
2017-01-12,37.093,37.221,35.5,35.521,46559.0
2017-01-13,35.529,35.636,34.1,34.393,54248.0
2017-01-16,34.264,35.271,32.836,33.864,59700.0
2017-01-17,33.479,35.729,33.45,35.321,57605.0
2017-01-18,34.764,35.514,34.707,34.921,29747.0
2017-01-19,34.971,35.721,34.393,35.414,36739.0
2017-01-20,35.436,36.621,34.893,36.086,50014.0
2017-01-23,36.086,36.486,35.764,36.271,24516.0
2017-01-24,35.986,36.321,35.321,35.607,21600.0
2017-01-25,35.55,36.371,35.336,36.25,21580.0
2017-01-26,36.407,38.464,36.271,38.107,73086.0
2017-02-03,37.836,38.05,36.943,37.157,24024.0
2017-02-06,37.121,38.55,37.107,38.307,38405.0
2017-02-07,38.014,38.407,37.129,37.829,34171.0
2017-02-08,37.829,38.836,37.371,38.693,46463.0
2017-02-09,38.529,38.743,38.107,38.314,40523.0
2017-02-10,35.693,36.493,34.993,35.707,131319.0
2017-02-13,35.729,36.893,33.986,35.586,107242.0
2017-02-14,35.336,35.336,34.336,34.6,78459.0
2017-02-15,34.621,35.286,34.564,34.729,46777.0
2017-02-16,34.621,35.079,34.586,35.079,31684.0
2017-02-17,35.057,35.886,34.907,35.1,38821.0
2017-02-20,34.836,34.979,33.693,34.979,55399.0
2017-02-21,34.836,35.829,34.693,35.479,59910.0
2017-02-22,35.45,35.736,34.893,35.436,39158.0
2017-02-23,35.514,35.6,34.921,35.293,33557.0
2017-02-24,35.4,36.05,35.264,35.529,42286.0
2017-02-27,35.864,36.086,35.029,35.507,55710.0
2017-02-28,35.336,35.807,35.336,35.55,24991.0
2017-03-01,35.593,35.864,35.336,35.379,35552.0
2017-03-02,35.393,35.607,34.679,34.757,35120.0
2017-03-03,34.693,35.036,34.264,34.9,35660.0
2017-03-06,34.907,35.443,34.857,35.157,47590.0
2017-03-07,35.229,35.45,34.764,35.336,59949.0
2017-03-08,35.329,35.443,34.779,34.921,32094.0
2017-03-09,35.121,35.121,34.55,34.636,24984.0
2017-03-10,34.679,34.886,34.471,34.593,23499.0
2017-03-13,34.757,35.336,34.057,35.157,59591.0
2017-03-14,35.336,35.393,34.857,34.907,33828.0
2017-03-15,34.979,35.336,34.679,34.979,30163.0
2017-03-16,34.986,35.536,34.971,35.379,41970.0
2017-03-17,35.5,37.471,35.321,35.657,112622.0
2017-03-20,35.643,36.0,35.193,35.543,44852.0
2017-03-21,35.571,35.721,35.143,35.379,32872.0
2017-03-22,35.014,35.221,34.793,35.014,32862.0
2017-03-23,35.229,35.321,34.564,34.979,30922.0
2017-03-24,34.943,35.321,34.621,35.157,34293.0
2017-03-27,35.05,35.114,34.714,34.779,24748.0
2017-03-28,34.8,35.007,34.679,34.807,20654.0
2017-03-29,34.821,34.979,34.2,34.207,30495.0
2017-03-30,34.207,34.55,33.05,33.2,36831.0
2017-03-31,33.336,33.686,32.014,32.307,52786.0
2017-04-05,32.336,33.479,32.321,33.286,32836.0
2017-04-06,33.171,33.371,32.657,32.786,28287.0
2017-04-07,32.771,32.8,32.421,32.5,22053.0
2017-04-10,32.507,32.686,31.05,31.293,48487.0
2017-04-11,31.25,31.907,31.207,31.55,30048.0
2017-04-12,31.55,32.236,31.05,31.907,32292.0
2017-04-13,31.693,32.193,31.55,32.15,18689.0
2017-04-14,32.15,32.179,31.057,31.343,24147.0
2017-04-17,31.164,31.6,30.836,31.243,18266.0
2017-04-18,31.193,31.607,31.164,31.321,16049.0
2017-04-19,31.064,31.486,29.786,30.121,41961.0
2017-04-20,30.114,30.821,29.7,30.05,35573.0
2017-04-21,30.064,30.121,28.993,29.05,35788.0
2017-04-24,29.064,29.064,27.043,27.621,35194.0
2017-04-25,27.2,28.6,27.2,27.407,30787.0
2017-04-26,27.321,28.164,27.193,27.757,24054.0
2017-04-27,27.679,28.607,26.314,28.093,51467.0
2017-04-28,27.979,27.979,27.407,27.507,28859.0
2017-05-02,27.164,27.507,26.929,27.05,20945.0
2017-05-03,27.079,28.45,27.05,27.943,41557.0
2017-05-04,27.621,28.393,27.3,27.8,25524.0
2017-05-05,27.471,28.371,27.407,28.021,34005.0
2017-05-08,27.779,30.664,27.779,29.529,67273.0
2017-05-09,29.186,30.257,28.564,29.95,42277.0
2017-05-10,29.714,30.279,29.086,29.086,28077.0
2017-05-11,28.95,29.907,28.4,29.75,36290.0
2017-05-12,29.614,30.107,29.057,30.1,33635.0
2017-05-15,30.079,30.586,29.179,29.836,28144.0
2017-05-16,29.764,30.036,29.407,30.036,26035.0
2017-05-17,30.029,33.029,29.621,31.029,73044.0
2017-05-18,30.336,31.407,30.264,30.479,36819.0
2017-05-19,30.479,31.121,30.036,30.086,20886.0
2017-05-22,30.121,31.05,29.679,29.986,25947.0
2017-05-23,29.986,30.636,29.407,30.2,29771.0
2017-05-24,30.25,30.693,29.271,30.586,24835.0
2017-05-25,30.55,32.121,30.264,31.607,51247.0
2017-05-26,31.421,32.136,31.121,31.629,27615.0
2017-05-31,32.157,33.221,31.343,32.371,50871.0
2017-06-01,32.093,32.336,30.886,31.393,27269.0
2017-06-02,31.1,33.121,31.1,32.621,42128.0
2017-06-05,32.629,33.879,32.05,32.179,56052.0
2017-06-06,32.236,32.407,31.45,32.329,36093.0
2017-06-07,32.336,33.107,32.136,32.686,62538.0
2017-06-08,32.579,32.971,31.964,32.207,31776.0
2017-06-09,32.407,32.407,31.35,31.493,37203.0
2017-06-12,31.114,31.3,29.336,29.7,46793.0
2017-06-13,29.593,30.307,29.457,29.893,32592.0
2017-06-14,29.871,29.907,28.8,29.057,37082.0
2017-06-15,29.043,31.679,28.85,31.286,76149.0
2017-06-16,31.064,31.293,30.05,30.364,49004.0
2017-06-19,29.907,30.979,29.907,30.757,33380.0
2017-06-20,30.743,31.836,30.714,31.379,47175.0
2017-06-21,32.193,32.193,31.121,31.436,43805.0
2017-06-22,31.55,31.807,30.55,30.6,36958.0
2017-06-23,30.479,30.536,29.479,30.414,33951.0
2017-06-26,30.179,31.329,30.086,31.171,30902.0
2017-06-27,31.193,31.779,31.029,31.193,30448.0
2017-06-28,31.05,31.05,29.914,30.014,56108.0
2017-06-29,30.014,32.121,29.957,31.536,81320.0
2017-06-30,31.236,31.564,30.414,31.486,46015.0
2017-07-03,31.157,32.836,30.836,32.364,54226.0
2017-07-04,32.121,32.621,31.8,32.279,37220.0
2017-07-05,31.864,32.4,31.036,31.55,48084.0
2017-07-06,31.543,31.643,30.764,31.257,31453.0
2017-07-07,30.964,31.264,30.707,31.107,19698.0
2017-07-10,30.764,30.836,30.45,30.479,34302.0
2017-07-11,30.393,30.95,30.264,30.593,21534.0
2017-07-12,30.593,30.807,28.979,29.85,53679.0
2017-07-13,29.686,29.843,29.114,29.336,34071.0
2017-07-14,29.407,29.807,29.107,29.407,18949.0
2017-07-17,25.171,25.171,25.171,25.171,19801.0
2017-07-18,21.357,22.936,21.357,22.129,184725.0
2017-07-19,21.479,22.064,20.979,21.886,72786.0
2017-07-20,21.764,22.657,21.5,21.864,53046.0
2017-07-21,21.907,23.407,21.907,22.271,73565.0
2017-07-24,22.05,22.329,21.407,21.986,46009.0
2017-07-25,21.964,21.964,21.036,21.55,40733.0
2017-07-26,21.557,21.757,21.121,21.293,26288.0
2017-07-27,21.164,24.143,21.121,23.521,115150.0
2017-07-28,23.021,23.386,22.557,22.729,51035.0
2017-07-31,22.679,22.893,22.264,22.4,46067.0
2017-08-01,22.65,22.893,22.3,22.764,38599.0
2017-08-02,22.693,23.964,22.443,23.107,72681.0
2017-08-03,23.029,26.45,22.964,24.086,156379.0
2017-08-04,24.05,25.479,23.486,24.55,91733.0
2017-08-07,24.121,25.621,23.843,24.479,58921.0
2017-08-08,24.371,25.771,24.05,25.607,82188.0
2017-08-09,25.329,25.943,24.929,25.207,51843.0
2017-08-10,25.05,25.764,24.193,24.586,55782.0
2017-08-11,24.129,25.05,23.843,24.179,41971.0
2017-08-14,24.179,25.707,24.114,25.336,69146.0
2017-08-15,25.479,26.3,25.193,25.471,44271.0
2017-08-16,25.471,29.186,25.3,27.764,141672.0
2017-08-17,27.693,29.736,26.964,28.479,116842.0
2017-08-18,27.943,28.443,27.2,27.571,50475.0
2017-08-21,27.75,28.971,26.693,27.479,71113.0
2017-08-22,27.264,28.121,27.014,27.571,52531.0
2017-08-23,27.264,27.6,26.193,26.586,57200.0
2017-08-24,26.507,26.75,25.871,26.143,36383.0
2017-08-25,26.193,27.914,26.15,27.607,69201.0
2017-08-28,27.821,31.336,27.764,29.943,167928.0
2017-08-29,30.35,30.371,29.236,29.479,78763.0
2017-08-30,29.429,31.736,29.329,30.05,82460.0
2017-08-31,30.014,31.036,29.564,30.05,60790.0
2017-09-01,29.971,32.207,29.771,31.379,98178.0
2017-09-04,31.079,33.114,31.079,32.479,93062.0
2017-09-05,32.514,32.75,31.35,32.157,47784.0
2017-09-06,31.8,32.836,31.621,32.286,46350.0
2017-09-07,32.05,35.871,32.05,33.05,137483.0
2017-09-08,32.764,33.486,32.186,33.036,59141.0
2017-09-11,33.114,33.179,32.05,32.393,48752.0
2017-09-12,32.614,32.979,31.479,32.193,68483.0
2017-09-13,31.907,32.264,31.629,31.779,30669.0
2017-09-14,31.764,32.264,30.364,30.4,77517.0
2017-09-15,30.564,30.979,29.821,30.129,64300.0
2017-09-18,30.336,32.143,30.136,31.993,85282.0
2017-09-19,32.257,32.621,31.107,31.107,51705.0
2017-09-20,30.85,31.479,30.764,31.407,43798.0
2017-09-21,31.3,31.686,29.921,30.029,62818.0
2017-09-22,30.029,30.621,29.221,30.407,42197.0
2017-09-25,30.0,30.907,29.764,29.929,30638.0
2017-09-26,29.929,31.1,29.929,30.979,47351.0
2017-09-27,30.943,31.736,30.736,31.429,37508.0
2017-09-28,31.4,31.686,30.979,31.336,26993.0
2017-09-29,31.686,31.879,31.336,31.693,30546.0
2017-10-09,33.407,34.121,31.679,31.764,54448.0
2017-10-10,31.907,32.693,31.686,32.4,40156.0
2017-10-11,32.214,32.686,31.736,31.843,30653.0
2017-10-12,31.914,32.514,31.693,32.079,45315.0
2017-10-13,32.107,33.536,32.079,33.414,73014.0
2017-10-16,32.714,33.0,30.664,31.157,64139.0
2017-10-17,31.157,31.343,29.186,29.893,58027.0
2017-10-18,29.607,30.157,29.343,29.443,30756.0
2017-10-19,29.5,29.764,28.857,29.036,28997.0
2017-10-20,28.836,29.7,28.771,29.686,18745.0
2017-10-23,29.693,30.164,29.693,29.929,14526.0
2017-10-24,29.786,30.436,29.55,30.207,30058.0
2017-10-25,30.05,30.121,29.664,30.1,17201.0
2017-10-26,30.121,30.193,29.264,29.957,31619.0
2017-10-27,29.843,29.971,29.429,29.643,20081.0
2017-10-30,29.336,29.336,26.764,27.129,55012.0
2017-10-31,26.971,27.786,26.914,27.321,21268.0
2017-11-01,27.336,28.25,27.086,27.4,22890.0
2017-11-02,27.621,27.893,27.064,27.493,18576.0
2017-11-03,27.621,27.636,26.429,26.879,20746.0
2017-11-06,26.836,26.879,26.2,26.343,27889.0
2017-11-07,26.329,26.907,26.157,26.821,34254.0
2017-11-08,26.836,28.95,26.536,28.157,66145.0
2017-11-09,27.657,28.243,26.979,27.264,50654.0
2017-11-10,27.264,28.107,26.557,27.736,57732.0
2017-11-13,27.721,28.05,27.271,27.721,49265.0
2017-11-14,27.55,27.979,26.764,26.971,32921.0
2017-11-15,26.907,27.164,26.493,26.586,25611.0
2017-11-16,26.55,27.014,26.336,26.464,24687.0
2017-11-17,26.407,26.686,24.05,25.264,53784.0
2017-11-20,25.107,25.107,23.479,24.207,39453.0
2017-11-21,24.193,25.764,23.871,25.086,53913.0
2017-11-22,24.836,25.293,24.336,24.679,38530.0
2017-11-23,24.621,24.621,23.107,23.436,38980.0
2017-11-24,23.329,23.693,22.757,23.193,42287.0
2017-11-27,22.979,23.45,22.857,22.95,27453.0
2017-11-28,22.943,23.714,22.936,23.593,38694.0
2017-11-29,23.5,23.593,22.521,23.257,46092.0
2017-11-30,22.907,23.471,22.664,22.75,27709.0
2017-12-01,22.729,23.993,22.629,23.836,53555.0
2017-12-04,23.521,23.736,23.143,23.407,31866.0
2017-12-05,23.336,23.564,22.293,22.543,37352.0
2017-12-06,22.557,23.086,22.071,23.05,42835.0
2017-12-07,22.743,23.357,22.571,22.829,34701.0
2017-12-08,22.693,23.4,22.693,23.164,29403.0
2017-12-11,23.321,24.336,23.3,23.921,62991.0
2017-12-12,23.8,23.8,22.8,23.1,40335.0
2017-12-13,23.086,23.186,22.793,23.129,17960.0
2017-12-14,23.107,23.464,22.664,22.8,23427.0
2017-12-15,22.693,23.214,22.679,22.793,25537.0
2017-12-18,22.764,22.971,22.321,22.55,20537.0
2017-12-19,22.6,23.829,22.6,23.407,57115.0
2017-12-20,23.121,23.25,22.764,22.9,28594.0
2017-12-21,22.764,23.55,22.679,23.279,31065.0
2017-12-22,23.279,23.586,23.164,23.264,22274.0
2017-12-25,23.121,23.357,22.621,22.75,26590.0
2017-12-26,22.75,23.014,22.629,22.943,24556.0
2017-12-27,22.936,22.979,22.614,22.636,21213.0
2017-12-28,22.693,23.071,22.679,22.786,27593.0
2017-12-29,22.886,22.971,22.393,22.75,24191.0
2018-01-02,22.75,22.9,22.071,22.271,44714.0
2018-01-03,22.329,22.936,22.193,22.829,51313.0
2018-01-04,22.821,22.821,22.486,22.686,34712.0
2018-01-05,22.679,24.064,22.643,23.65,104856.0
2018-01-08,23.407,25.107,22.979,24.229,75433.0
2018-01-09,24.121,24.121,23.579,23.736,39448.0
2018-01-10,23.829,24.764,23.636,23.971,50724.0
2018-01-11,23.893,25.686,23.407,25.321,101504.0
2018-01-12,24.907,25.05,24.214,24.293,58482.0
2018-01-15,24.014,24.129,22.407,22.693,63694.0
2018-01-16,22.693,22.964,22.621,22.943,32070.0
2018-01-17,22.95,24.979,22.779,24.007,86114.0
2018-01-18,23.693,24.714,23.557,23.793,46356.0
2018-01-19,23.836,25.521,23.764,24.814,115013.0
2018-01-22,24.579,28.593,24.579,28.593,249363.0
2018-01-23,27.771,28.829,27.4,28.671,169623.0
2018-01-24,28.879,32.764,28.621,31.429,289798.0
2018-01-25,30.621,32.693,30.179,30.236,221638.0
2018-01-26,30.357,31.321,29.907,30.543,104612.0
2018-01-29,30.55,30.943,29.336,30.621,112451.0
2018-01-30,30.614,31.493,29.836,30.393,89122.0
2018-01-31,29.193,29.193,26.064,26.143,162327.0
2018-02-01,26.65,27.286,25.364,26.343,127835.0
2018-02-02,25.8,27.964,25.8,26.814,111323.0
2018-02-05,25.621,26.764,25.521,26.2,76060.0
2018-02-06,24.836,26.05,22.879,23.336,115095.0
2018-02-07,24.421,25.586,23.121,24.493,111557.0
2018-02-08,21.336,22.693,21.093,21.857,168470.0
2018-02-09,21.079,21.079,18.986,19.586,143632.0
2018-02-12,19.593,20.771,19.157,20.179,68078.0
2018-02-13,20.471,20.836,19.907,19.986,53790.0
2018-02-14,19.771,20.214,19.693,20.007,36514.0
2018-02-22,20.586,21.621,20.093,21.229,59000.0
2018-02-23,21.193,21.529,20.679,21.05,41955.0
2018-02-26,21.486,22.893,21.336,22.693,76190.0
2018-02-27,22.764,23.05,21.921,22.336,68149.0
2018-02-28,21.086,22.529,20.693,21.7,64623.0
2018-03-01,21.679,23.436,21.407,23.336,88734.0
2018-03-02,22.979,23.836,22.621,22.743,69616.0
2018-03-05,22.907,23.764,22.636,23.736,65133.0
2018-03-06,23.764,24.407,23.486,23.807,70263.0
2018-03-07,23.621,23.836,23.221,23.221,39618.0
2018-03-08,22.936,23.521,22.8,22.979,32136.0
2018-03-09,22.857,25.021,22.857,24.971,109437.0
2018-03-12,25.307,26.043,24.593,25.1,97077.0
2018-03-13,24.964,25.836,24.407,24.814,67694.0
2018-03-14,24.321,25.114,24.264,24.479,52579.0
2018-03-15,24.336,24.629,23.236,24.6,64547.0
2018-03-16,24.514,25.5,23.7,23.736,67460.0
2018-03-19,23.629,24.757,23.264,23.871,53306.0
2018-03-20,23.329,24.086,23.157,23.843,36784.0
2018-03-21,23.871,24.664,23.229,23.343,53215.0
2018-03-22,23.407,23.807,22.871,22.9,43122.0
2018-03-23,21.479,22.0,19.979,20.55,75261.0
2018-03-26,19.907,21.829,19.764,21.771,50977.0
2018-03-27,22.464,23.707,22.121,23.179,75618.0
2018-03-28,22.693,23.3,22.464,22.807,54581.0
2018-03-29,23.086,23.971,22.993,23.607,67316.0
2018-03-30,23.979,24.979,23.607,24.764,81318.0
2018-04-02,24.964,25.9,24.764,25.657,115846.0
2018-04-03,24.907,25.121,24.036,24.557,66624.0
2018-04-04,24.814,24.964,23.643,23.9,51944.0
2018-04-09,23.55,24.357,22.936,23.764,46982.0
2018-04-10,23.943,24.193,23.064,23.536,44629.0
2018-04-11,23.764,24.107,23.336,23.507,38234.0
2018-04-12,23.243,23.686,23.05,23.143,30705.0
2018-04-13,23.529,23.857,23.107,23.136,40714.0
2018-04-16,22.764,23.929,22.764,23.521,46700.0
2018-04-17,23.5,23.764,21.343,21.621,73199.0
2018-04-18,21.971,23.171,21.336,22.871,50890.0
2018-04-19,22.8,23.05,22.443,22.464,32668.0
2018-04-20,22.157,22.621,21.707,21.821,27271.0
2018-04-23,21.829,22.336,21.343,21.9,24934.0
2018-04-24,22.064,23.093,21.75,22.971,44380.0
2018-04-25,22.55,23.693,22.457,23.421,58326.0
2018-04-26,23.121,23.536,22.343,22.421,36707.0
2018-04-27,22.693,22.929,22.014,22.5,33770.0
2018-05-02,22.679,22.9,21.893,22.179,31403.0
2018-05-03,21.836,23.15,21.407,22.879,45899.0
2018-05-04,22.657,22.657,21.857,22.014,41713.0
2018-05-07,21.871,22.5,21.871,22.329,40292.0
2018-05-08,22.35,23.057,22.107,22.714,43420.0
2018-05-09,22.693,22.843,22.479,22.771,23486.0
2018-05-10,22.843,23.55,22.764,23.071,54352.0
2018-05-11,23.193,23.3,22.107,22.25,38114.0
2018-05-14,22.371,22.507,22.05,22.121,26709.0
2018-05-15,22.157,22.471,21.836,22.429,30300.0
2018-05-16,22.307,22.421,21.871,21.907,26306.0
2018-05-17,21.971,22.264,21.764,21.807,22188.0
2018-05-18,21.629,22.229,21.629,22.121,21286.0
2018-05-21,22.407,22.693,22.164,22.443,34731.0
2018-05-22,22.407,22.536,22.086,22.207,21115.0
2018-05-23,22.214,22.25,21.693,21.714,29434.0
2018-05-24,21.764,21.971,21.636,21.686,17089.0
2018-05-25,21.686,21.85,21.3,21.4,23167.0
2018-05-28,21.586,21.586,21.014,21.136,19481.0
2018-05-29,21.157,21.486,20.907,21.079,15982.0
2018-05-30,20.55,20.843,20.0,20.336,29469.0
2018-05-31,20.414,20.786,20.271,20.457,21886.0
2018-06-01,20.457,20.614,20.2,20.521,19305.0
2018-06-04,20.579,20.679,20.264,20.314,18181.0
2018-06-05,20.386,20.75,20.386,20.679,20733.0
2018-06-06,20.679,20.679,20.421,20.479,15211.0
2018-06-07,20.736,20.736,20.264,20.307,16782.0
2018-06-08,20.193,20.193,19.25,19.421,33076.0
2018-06-11,19.414,19.414,18.771,19.114,18834.0
2018-06-12,19.036,19.679,19.036,19.557,19978.0
2018-06-13,19.557,19.686,18.957,18.986,16942.0
2018-06-14,18.836,19.314,18.836,19.029,15793.0
2018-06-15,19.043,19.121,18.321,18.35,26211.0
2018-06-19,18.264,18.271,15.286,15.286,53922.0
2018-06-20,15.264,15.757,14.964,15.307,45185.0
2018-06-21,15.143,15.371,13.064,13.214,43013.0
2018-06-22,13.05,13.979,12.986,13.75,32005.0
2018-06-25,14.05,14.764,13.85,14.0,32055.0
2018-06-26,13.114,15.093,13.114,15.064,37653.0
2018-06-27,15.071,15.443,14.536,14.564,20471.0
2018-06-28,14.836,14.964,14.343,14.45,23279.0
2018-06-29,14.457,15.586,14.457,15.457,31922.0
2018-07-02,15.464,15.479,14.55,14.829,27827.0
2018-07-03,14.7,15.514,14.343,15.3,32700.0
2018-07-04,15.229,15.264,14.357,14.593,19841.0
2018-07-05,14.543,14.943,14.114,14.121,16955.0
2018-07-06,14.036,14.979,13.879,14.414,28577.0
2018-07-09,14.443,14.936,14.443,14.879,22748.0
2018-07-10,14.879,14.879,14.336,14.593,20538.0
2018-07-11,14.121,14.121,13.293,13.493,29495.0
2018-07-12,13.493,14.8,13.486,14.407,31734.0
2018-07-13,14.407,14.721,14.364,14.571,18812.0
2018-07-16,14.443,14.679,14.264,14.429,15715.0
2018-07-17,14.314,14.443,13.936,14.307,17031.0
2018-07-18,14.307,14.671,13.879,13.907,20952.0
2018-07-19,13.907,13.986,13.457,13.55,17789.0
2018-07-20,13.564,14.414,13.5,14.121,22801.0
2018-07-23,13.943,14.679,13.621,14.621,30033.0
2018-07-24,14.629,17.314,14.443,17.021,107039.0
2018-07-25,16.171,16.907,16.05,16.171,59528.0
2018-07-26,16.264,16.429,15.636,15.807,31656.0
2018-07-27,15.764,16.079,15.393,15.593,22977.0
2018-07-30,15.614,15.807,14.85,15.064,24782.0
2018-07-31,15.107,15.529,15.107,15.271,19734.0
2018-08-01,15.314,16.171,15.071,15.207,28151.0
2018-08-02,14.85,15.093,13.771,14.521,30457.0
2018-08-03,14.679,14.907,14.264,14.35,18935.0
2018-08-06,14.343,14.85,13.921,14.3,21692.0
2018-08-07,14.336,15.979,14.243,15.436,37442.0
2018-08-08,15.236,15.436,14.036,14.336,34899.0
2018-08-09,14.407,15.386,14.3,14.964,35979.0
2018-08-10,14.836,15.443,14.779,15.014,28486.0
2018-08-13,14.693,15.479,14.25,15.264,31820.0
2018-08-14,14.864,15.321,14.771,14.886,19566.0
2018-08-15,14.764,15.029,14.121,14.264,26352.0
2018-08-16,13.986,15.007,13.8,14.457,27197.0
2018-08-17,14.636,14.814,13.8,13.921,22438.0
2018-08-20,13.857,14.379,13.821,14.314,18224.0
2018-08-21,14.336,14.657,14.129,14.493,23457.0
2018-08-22,14.371,14.593,14.086,14.086,15859.0
2018-08-23,14.186,15.121,14.107,14.614,35420.0
2018-08-24,14.336,15.143,14.336,14.936,30625.0
2018-08-27,14.907,15.621,14.843,15.35,39539.0
2018-08-28,15.207,15.529,14.914,15.121,25630.0
2018-08-29,15.05,15.193,14.85,15.043,15105.0
2018-08-30,15.086,15.143,14.336,14.343,25932.0
2018-08-31,14.3,14.55,14.136,14.286,16397.0
2018-09-03,14.136,14.65,14.121,14.614,18645.0
2018-09-04,14.55,14.986,14.379,14.771,24040.0
2018-09-05,14.586,14.771,14.179,14.2,19439.0
2018-09-06,14.036,14.621,13.907,14.207,17718.0
2018-09-07,14.35,14.693,14.036,14.2,20688.0
2018-09-10,14.093,14.321,11.621,12.357,49783.0
2018-09-11,11.871,12.336,11.657,12.029,27577.0
2018-09-12,12.264,12.45,11.936,12.236,13783.0
2018-09-13,12.507,12.65,12.243,12.443,13907.0
2018-09-14,12.55,12.586,12.121,12.221,16659.0
2018-09-17,12.186,12.186,11.707,11.914,12292.0
2018-09-18,12.114,12.314,11.764,12.243,15225.0
2018-09-19,12.121,12.807,12.086,12.6,23287.0
2018-09-20,12.529,12.571,12.271,12.321,14170.0
2018-09-21,12.436,13.179,12.2,12.757,24402.0
2018-09-25,12.479,12.593,12.35,12.5,15758.0
2018-09-26,12.479,12.907,12.371,12.607,21203.0
2018-09-27,12.543,12.607,12.193,12.221,17323.0
2018-09-28,12.221,12.536,12.221,12.357,14468.0
2018-10-08,11.971,12.193,11.571,11.621,20022.0
2018-10-09,11.75,11.9,11.586,11.7,9019.0
2018-10-10,11.893,12.121,11.636,11.836,10806.0
2018-10-11,10.55,11.043,9.421,9.521,33768.0
2018-10-12,9.05,9.479,8.036,9.036,33861.0
2018-10-15,9.05,9.336,8.129,8.436,19529.0
2018-10-16,8.643,8.957,8.071,8.264,16913.0
2018-10-17,8.421,9.836,8.421,9.757,40263.0
2018-10-18,9.55,9.921,9.179,9.607,32353.0
2018-10-19,9.193,11.8,9.143,11.329,85868.0
2018-10-22,11.8,13.693,11.329,13.693,113447.0
2018-10-23,13.907,13.943,12.45,12.957,89393.0
2018-10-24,12.693,13.629,12.521,13.086,56691.0
2018-10-25,11.85,14.829,11.671,14.271,72646.0
2018-10-26,14.2,14.593,13.471,13.621,52600.0
2018-10-29,13.657,15.779,13.657,14.75,72552.0
2018-10-30,14.836,17.457,14.157,16.307,136181.0
2018-10-31,15.914,16.171,14.95,15.586,80841.0
2018-11-01,15.657,17.821,15.093,15.45,106292.0
2018-11-02,16.257,16.693,15.55,15.807,79436.0
2018-11-05,15.8,16.121,15.143,15.736,52059.0
2018-11-06,15.629,16.407,14.986,16.214,62401.0
2018-11-07,16.3,16.3,15.643,15.75,45597.0
2018-11-08,16.257,16.971,15.193,15.407,60359.0
2018-11-09,15.336,15.693,15.057,15.136,38277.0
2018-11-12,15.129,16.386,14.929,16.229,62194.0
2018-11-13,15.764,17.336,15.764,16.621,72151.0
2018-11-14,16.486,17.45,16.407,16.693,51664.0
2018-11-15,16.264,19.336,16.021,18.964,108977.0
2018-11-16,18.407,21.15,18.321,19.193,96934.0
2018-11-19,19.393,20.336,18.807,19.907,62047.0
2018-11-20,19.836,19.836,17.893,18.286,84250.0
2018-11-21,17.743,18.8,17.693,18.479,46089.0
2018-11-22,18.729,18.75,17.336,17.836,39528.0
2018-11-23,17.786,18.179,17.107,17.421,52227.0
2018-11-26,17.393,17.836,17.014,17.479,28596.0
2018-11-27,17.686,18.693,17.679,18.45,45176.0
2018-11-28,18.443,19.621,18.121,19.071,42908.0
2018-11-29,19.729,19.75,17.586,17.693,42044.0
2018-11-30,17.557,18.329,17.414,18.186,28139.0
2018-12-03,19.514,20.264,18.671,19.029,50835.0
2018-12-04,18.95,19.214,18.336,18.836,27147.0
2018-12-05,17.871,18.607,17.771,18.35,23454.0
2018-12-06,18.229,18.229,16.729,17.157,34194.0
2018-12-07,17.529,17.836,17.371,17.836,23124.0
2018-12-10,17.693,18.121,17.486,17.893,17875.0
2018-12-11,17.921,18.143,17.536,18.05,19046.0
2018-12-12,18.164,18.543,17.864,17.957,17049.0
2018-12-13,18.186,18.764,17.693,18.35,25963.0
2018-12-14,18.193,18.271,17.564,17.586,21044.0
2018-12-17,17.336,17.814,17.179,17.471,19530.0
2018-12-18,17.471,17.486,15.264,15.979,41650.0
2018-12-19,16.25,16.443,15.464,15.593,25226.0
2018-12-20,15.586,16.121,15.464,15.836,24515.0
2018-12-21,15.557,16.05,14.85,15.45,30616.0
2018-12-24,15.45,15.907,15.271,15.85,22496.0
2018-12-25,15.621,15.757,14.479,15.3,36036.0
2018-12-26,15.364,15.407,14.843,14.936,16531.0
2018-12-27,15.764,15.907,14.636,14.757,31672.0
2018-12-28,14.814,15.379,14.55,14.979,22878.0
2019-01-02,14.979,15.121,13.836,14.993,30722.0
2019-01-03,14.979,16.121,14.936,15.25,35766.0
2019-01-04,14.95,17.729,14.636,17.336,67211.0
2019-01-07,17.514,18.764,17.036,17.814,65378.0
2019-01-08,17.636,18.143,17.407,17.586,31144.0
2019-01-09,17.586,18.121,17.193,17.229,39584.0
2019-01-10,17.2,17.664,16.671,17.321,25049.0
2019-01-11,17.479,17.657,17.143,17.407,17479.0
2019-01-14,17.586,17.621,17.264,17.307,17889.0
2019-01-15,17.3,18.357,17.3,18.321,35401.0
2019-01-16,19.586,19.836,17.8,17.864,55053.0
2019-01-17,17.7,18.257,17.471,17.543,22986.0
2019-01-18,17.643,18.336,17.643,18.264,27787.0
2019-01-21,18.329,18.7,17.821,18.329,24778.0
2019-01-22,18.343,18.55,17.264,17.55,22026.0
2019-01-23,17.686,18.05,17.421,17.871,19005.0
2019-01-24,17.879,18.729,17.786,18.429,37275.0
2019-01-25,18.371,18.8,18.264,18.336,24202.0
2019-01-28,18.757,19.2,18.193,18.379,26975.0
2019-01-29,17.971,18.264,16.936,18.0,30649.0
2019-01-30,17.843,18.05,17.286,17.293,20961.0
2019-01-31,17.443,19.364,17.443,18.25,54358.0
2019-02-01,18.529,19.193,18.236,18.907,46537.0
2019-02-11,19.921,21.086,19.693,20.757,104632.0
2019-02-12,20.75,22.393,20.479,22.043,98132.0
2019-02-13,22.05,25.479,21.679,25.236,137407.0
2019-02-14,25.121,25.486,24.121,24.836,83589.0
2019-02-15,24.821,25.821,24.05,24.729,77513.0
2019-02-18,25.05,28.371,25.014,28.357,108616.0
2019-02-19,28.407,31.979,27.693,29.693,158699.0
2019-02-20,29.564,31.579,28.957,30.914,122294.0
2019-02-21,30.571,34.121,30.571,32.257,160512.0
2019-02-22,32.336,36.714,30.979,36.714,206887.0
2019-02-25,41.264,41.614,39.486,41.614,137369.0
2019-02-26,45.393,47.007,43.122,43.272,301042.0
2019-02-27,42.693,44.622,39.979,42.3,224346.0
2019-02-28,42.336,42.907,37.736,41.764,160040.0
2019-03-01,42.264,46.879,41.314,45.55,200240.0
2019-03-04,46.264,50.686,44.107,46.643,211299.0
2019-03-05,44.736,47.464,44.207,46.957,129281.0
2019-03-06,45.907,50.979,45.829,50.193,191262.0
2019-03-07,49.122,53.543,47.35,49.279,213234.0
2019-03-08,44.836,49.829,44.25,46.193,183651.0
2019-03-11,45.464,47.679,43.093,46.493,145978.0
2019-03-12,46.764,52.372,46.336,52.372,248942.0
2019-03-13,54.122,56.522,49.622,50.55,217423.0
2019-03-14,48.422,50.657,44.386,46.907,151260.0
2019-03-15,48.264,48.764,46.464,47.307,102966.0
2019-03-18,46.964,51.6,45.764,51.122,117198.0
2019-03-19,51.107,51.622,49.043,49.336,92094.0
2019-03-20,48.829,51.693,48.193,50.893,109690.0
2019-03-21,50.836,57.214,49.843,56.979,151487.0
2019-03-22,58.407,59.172,54.357,56.286,166148.0
2019-03-25,54.036,58.036,53.4,54.272,116755.0
2019-03-26,55.407,57.55,54.043,56.557,112994.0
2019-03-27,56.979,58.229,51.986,55.486,115970.0
2019-03-28,54.229,56.757,52.622,52.872,84566.0
2019-03-29,53.036,59.357,51.822,59.357,189699.0
2019-04-01,62.729,66.493,62.322,66.493,83529.0
2019-04-02,68.75,74.336,66.607,67.9,200420.0
2019-04-03,68.564,75.886,68.564,75.886,193347.0
2019-04-04,77.322,78.172,70.893,73.093,148312.0
2019-04-08,75.036,81.6,73.607,81.6,156580.0
2019-04-09,78.036,84.15,77.322,79.322,162558.0
2019-04-10,70.893,73.386,70.193,70.193,180714.0
2019-04-11,69.464,69.729,64.464,67.079,181016.0
2019-04-12,67.822,69.729,65.807,67.543,106330.0
2019-04-15,70.036,70.172,60.4,62.25,169467.0
2019-04-16,61.993,66.243,61.464,65.379,131752.0
2019-04-17,64.607,66.129,62.786,64.05,85127.0
2019-04-18,63.75,65.714,61.607,63.036,89899.0
2019-04-19,63.036,67.072,63.036,64.114,107765.0
2019-04-22,65.122,65.179,59.843,60.936,115793.0
2019-04-23,59.9,63.693,58.607,61.207,123328.0
2019-04-24,60.572,62.964,59.436,62.307,97996.0
2019-04-25,61.679,64.093,60.372,60.486,101937.0
2019-04-26,56.393,58.75,53.964,55.357,162768.0
2019-04-29,55.886,58.857,54.143,55.822,134357.0
2019-04-30,56.386,57.464,50.829,53.072,147342.0
2019-05-06,46.572,48.536,46.572,46.572,99352.0
2019-05-07,46.25,46.572,40.964,43.857,207297.0
2019-05-08,41.836,46.714,41.671,45.164,161229.0
2019-05-09,44.729,46.5,43.95,44.193,113295.0
2019-05-10,46.429,49.807,45.65,49.807,207243.0
2019-05-13,49.807,50.736,47.986,48.107,142223.0
2019-05-14,47.893,50.85,47.893,48.843,161906.0
2019-05-15,50.272,50.393,48.05,49.707,133778.0
2019-05-16,49.822,49.822,47.864,48.407,108873.0
2019-05-17,48.864,49.072,44.257,44.922,140805.0
2019-05-20,44.822,48.743,43.707,47.207,147226.0
2019-05-21,47.2,50.122,46.7,48.779,139870.0
2019-05-22,48.357,49.264,46.964,47.814,93546.0
2019-05-23,48.0,48.693,46.25,46.536,107057.0
2019-05-24,46.75,48.179,46.522,47.164,81472.0
2019-05-27,47.236,53.036,46.836,52.236,180536.0
2019-05-28,52.107,52.25,50.293,52.25,143320.0
2019-05-29,51.272,52.536,50.75,51.222,91637.0
2019-05-30,50.286,50.822,48.25,49.243,97016.0
2019-05-31,49.772,50.029,48.364,48.386,78775.0
2019-06-03,49.257,50.472,48.743,48.872,89849.0
2019-06-04,48.2,49.779,47.893,49.107,77812.0
2019-06-05,50.593,51.25,49.479,49.6,96445.0
2019-06-06,49.129,50.536,48.429,49.307,84326.0
2019-06-10,49.107,49.772,43.586,45.236,125883.0
2019-06-11,45.164,50.957,44.893,50.957,150012.0
2019-06-12,50.964,51.529,49.822,50.072,120185.0
2019-06-13,49.822,50.8,49.25,49.886,91704.0
2019-06-14,49.736,50.593,47.536,47.629,84861.0
2019-06-17,48.043,48.286,46.564,47.2,62936.0
2019-06-18,47.336,49.536,46.75,48.693,81812.0
2019-06-19,54.107,54.307,50.522,50.579,175177.0
2019-06-20,50.707,56.829,50.572,55.15,185341.0
2019-06-21,57.322,61.864,57.322,61.864,202002.0
2019-06-24,63.893,65.107,59.536,61.064,163334.0
2019-06-25,60.536,61.964,58.357,61.572,137833.0
2019-06-26,58.036,59.743,55.943,56.372,132791.0
2019-06-27,57.629,60.922,57.329,58.607,119804.0
2019-06-28,58.464,59.3,57.036,58.293,75272.0
2019-07-01,61.964,63.364,60.222,61.15,144890.0
2019-07-02,61.15,61.5,58.636,59.393,90562.0
2019-07-03,58.75,58.75,56.536,57.079,94534.0
2019-07-04,58.036,58.472,55.229,56.022,97845.0
2019-07-05,56.114,56.822,55.043,56.322,68971.0
2019-07-08,55.536,56.243,52.472,53.729,93438.0
2019-07-09,53.536,54.65,51.686,53.893,85708.0
2019-07-10,54.107,54.322,51.872,52.164,67936.0
2019-07-11,53.672,54.022,52.043,52.393,79840.0
2019-07-12,52.393,54.007,52.036,53.307,69170.0
2019-07-15,52.022,57.679,50.229,55.3,130227.0
2019-07-16,54.322,55.536,54.114,54.507,54188.0
2019-07-17,54.093,56.107,54.093,54.6,77421.0
2019-07-18,53.4,54.15,52.679,52.879,62314.0
2019-07-19,53.279,55.357,53.279,53.757,75307.0
2019-07-22,53.757,54.064,51.964,52.95,65434.0
2019-07-23,53.029,53.857,52.693,53.722,52129.0
2019-07-24,53.922,55.893,53.879,54.793,77119.0
2019-07-25,54.379,55.393,53.957,55.179,64997.0
2019-07-26,54.679,54.836,53.393,53.714,48955.0
2019-07-29,53.722,53.964,52.536,53.107,45369.0
2019-07-30,53.272,55.429,53.272,54.022,80925.0
2019-07-31,53.179,53.822,53.029,53.386,41219.0
2019-08-01,53.007,53.75,52.322,52.55,53685.0
2019-08-02,49.964,51.014,49.464,50.3,81124.0
2019-08-05,50.164,50.164,47.536,47.55,98330.0
2019-08-06,45.143,45.886,42.872,45.186,155534.0
2019-08-07,45.186,45.5,43.622,43.672,75638.0
2019-08-08,44.679,46.157,44.114,44.5,95303.0
2019-08-09,45.422,45.464,42.393,43.672,96839.0
2019-08-12,43.829,45.036,43.829,44.964,80092.0
2019-08-13,43.907,44.529,42.907,42.972,84435.0
2019-08-14,44.407,44.679,43.514,43.536,86239.0
2019-08-15,41.529,44.322,41.25,43.943,87496.0
2019-08-16,43.75,46.15,43.479,45.107,123318.0
2019-08-19,46.729,50.814,45.857,50.814,209517.0
2019-08-20,51.607,53.743,49.964,50.193,192686.0
2019-08-21,49.522,51.393,49.5,50.679,104305.0
2019-08-22,50.814,51.286,49.822,51.007,82784.0
2019-08-23,51.893,54.814,51.114,51.436,120211.0
2019-08-26,48.829,51.036,48.829,50.322,82896.0
2019-08-27,51.164,54.679,50.893,53.036,141832.0
2019-08-28,52.322,53.464,51.607,52.75,73277.0
2019-08-29,52.286,53.829,51.679,52.593,71762.0
2019-08-30,54.014,55.036,50.95,51.65,102290.0
2019-09-02,51.736,58.014,51.736,58.014,222003.0
2019-09-03,58.822,59.829,56.464,59.822,207804.0
2019-09-04,59.379,65.893,59.179,64.443,194178.0
2019-09-05,68.75,72.086,68.75,72.086,142134.0
2019-09-06,76.607,77.314,70.457,76.307,245246.0
2019-09-09,76.964,80.722,75.679,79.129,212329.0
2019-09-10,77.322,79.779,74.614,76.029,180719.0
2019-09-11,76.972,76.972,71.429,72.536,197438.0
2019-09-12,73.75,74.736,72.036,74.357,150332.0
2019-09-16,74.314,74.429,71.022,72.25,131055.0
2019-09-17,71.607,72.15,68.829,71.029,143358.0
2019-09-18,71.3,71.3,65.379,66.672,217961.0
2019-09-19,67.264,68.593,66.25,68.257,142033.0
2019-09-20,68.607,68.607,65.893,67.107,126948.0
2019-09-23,65.9,69.107,64.822,67.964,146745.0
2019-09-24,68.572,70.893,66.614,67.822,183067.0
2019-09-25,65.893,66.529,62.9,63.172,178415.0
2019-09-26,62.222,63.5,59.322,60.536,168853.0
2019-09-27,61.179,61.364,59.822,60.9,104157.0
2019-09-30,60.393,61.607,58.679,58.893,110506.0
2019-10-08,60.179,61.107,59.172,59.279,103131.0
2019-10-09,58.75,60.736,57.336,60.614,93609.0
2019-10-10,60.886,61.657,59.322,61.222,138566.0
2019-10-11,61.593,67.179,60.343,64.729,213598.0
2019-10-14,66.679,67.679,64.464,64.607,183182.0
2019-10-15,63.393,64.093,59.357,59.664,151413.0
2019-10-16,59.822,60.793,58.843,58.893,85756.0
2019-10-17,58.75,60.029,58.664,59.529,54004.0
2019-10-18,59.536,60.679,57.314,57.993,94190.0
2019-10-21,57.343,57.343,54.779,56.764,106083.0
2019-10-22,56.743,58.679,56.129,58.65,93453.0
2019-10-23,58.736,58.964,56.964,57.214,70831.0
2019-10-24,57.607,58.729,56.607,58.036,78775.0
2019-10-25,57.95,60.022,56.629,59.543,108734.0
2019-10-28,63.75,65.172,61.379,63.443,235088.0
2019-10-29,62.322,62.322,58.722,58.75,153322.0
2019-10-30,58.036,58.5,56.964,57.864,77711.0
2019-10-31,57.9,58.657,57.264,57.472,59280.0
2019-11-01,57.329,59.107,57.143,58.629,70206.0
2019-11-04,58.636,60.072,58.607,58.772,79580.0
2019-11-05,59.15,63.572,58.872,62.129,184451.0
2019-11-06,61.872,62.2,59.343,59.45,116816.0
2019-11-07,55.25,57.629,54.379,55.95,180850.0
2019-11-08,57.307,57.586,55.922,56.057,84398.0
2019-11-11,55.179,56.35,54.707,55.393,57594.0
2019-11-12,55.386,55.886,53.993,55.879,65407.0
2019-11-13,55.872,56.079,55.207,55.636,40769.0
2019-11-14,56.036,56.25,55.036,55.536,63252.0
2019-11-15,55.536,55.857,54.329,54.586,59543.0
2019-11-18,54.143,57.0,53.964,56.143,79891.0
2019-11-19,56.107,57.786,55.772,57.464,87914.0
2019-11-20,57.679,57.922,56.386,56.393,63682.0
2019-11-21,55.964,57.107,55.529,55.836,47411.0
2019-11-22,55.85,57.886,55.572,56.086,80760.0
2019-11-25,55.75,56.079,53.822,54.414,62427.0
2019-11-26,54.657,54.914,52.614,53.75,78267.0
2019-11-27,53.293,54.1,52.529,53.143,40826.0
2019-11-28,53.207,54.0,53.05,53.364,31308.0
2019-11-29,53.4,54.107,52.857,53.207,60876.0
2019-12-02,54.0,55.65,53.414,53.714,92983.0
2019-12-03,53.036,53.664,51.043,53.036,90843.0
2019-12-04,51.25,52.679,51.25,52.25,47124.0
2019-12-05,52.143,56.243,52.143,55.779,147003.0
2019-12-06,55.822,57.786,55.264,57.393,136180.0
2019-12-09,58.393,59.222,57.193,57.75,112269.0
2019-12-10,57.7,59.172,56.986,58.679,84493.0
2019-12-11,58.393,61.25,58.322,59.493,117886.0
2019-12-12,59.464,60.014,58.036,58.729,79374.0
2019-12-13,61.636,65.8,60.964,65.8,253057.0
2019-12-16,65.893,70.593,63.75,69.486,256711.0
2019-12-17,69.322,76.464,67.893,68.772,246196.0
2019-12-18,69.464,71.222,68.464,68.914,152548.0
2019-12-19,68.957,69.679,66.464,68.393,148745.0
2019-12-20,68.743,70.407,67.357,67.579,132141.0
2019-12-23,65.836,68.029,63.107,63.15,157923.0
2019-12-24,64.379,64.593,63.079,64.157,78652.0
2019-12-25,63.75,65.229,62.714,63.107,114563.0
2019-12-26,63.714,66.736,62.572,66.464,127885.0
2019-12-27,66.4,67.307,62.1,62.857,180772.0
2019-12-30,61.25,68.372,60.393,67.522,195393.0
2019-12-31,66.25,67.322,64.972,65.972,96361.0
2020-01-02,68.829,70.75,66.729,68.272,186331.0
2020-01-03,68.064,69.764,67.322,67.5,99826.0
2020-01-06,66.607,73.064,65.329,70.029,168536.0
2020-01-07,70.457,71.486,68.829,70.1,109550.0
2020-01-08,68.75,69.25,65.25,66.186,128779.0
2020-01-09,67.872,70.079,67.322,67.872,112844.0
2020-01-10,69.814,70.164,67.157,67.9,83227.0
2020-01-13,67.75,69.1,66.257,69.05,102034.0
2020-01-14,69.393,69.822,66.9,67.214,93761.0
2020-01-15,66.929,67.55,65.422,66.479,93614.0
2020-01-16,66.6,66.964,65.607,65.864,54663.0
2020-01-17,66.529,68.593,66.25,67.1,98284.0
2020-01-20,67.129,68.75,65.879,68.336,82451.0
2020-01-21,68.036,68.322,65.793,66.136,83287.0
2020-01-22,65.293,68.35,63.779,67.814,111384.0
2020-01-23,67.314,69.379,64.379,65.929,117571.0
2020-02-03,58.143,58.143,58.143,58.143,20768.0
2020-02-04,53.036,59.222,53.036,57.843,173841.0
2020-02-05,58.379,62.4,57.457,59.179,134804.0
2020-02-06,58.75,63.107,58.257,62.122,156863.0
2020-02-07,61.036,64.107,61.0,62.814,103856.0
2020-02-10,61.95,64.257,61.786,62.879,100700.0
2020-02-11,63.272,64.036,62.236,62.322,73132.0
2020-02-12,62.0,67.893,61.614,66.314,175398.0
2020-02-13,66.286,68.093,63.986,66.607,137340.0
2020-02-14,66.043,74.464,65.893,72.964,257400.0
2020-02-17,74.779,80.893,73.022,79.136,229890.0
2020-02-18,77.322,79.107,74.936,76.0,151498.0
2020-02-19,75.179,78.607,74.464,74.793,150526.0
2020-02-20,74.879,83.472,74.079,83.472,173385.0
2020-02-21,88.036,93.014,86.607,93.014,264285.0
2020-02-24,90.893,95.036,90.136,93.264,220327.0
2020-02-25,88.75,93.036,83.679,92.322,249174.0
2020-02-26,89.464,90.179,81.893,81.893,202308.0
2020-02-27,83.236,88.029,81.65,83.907,221235.0
2020-02-28,77.95,81.236,74.957,76.243,208997.0
2020-03-02,79.464,82.964,77.379,81.607,174698.0
2020-03-03,84.464,87.893,80.45,81.014,202892.0
2020-03-04,80.764,84.45,78.764,83.393,174646.0
2020-03-05,85.436,88.443,81.464,84.864,218706.0
2020-03-06,81.607,83.007,79.607,80.336,147912.0
2020-03-09,75.722,77.679,73.179,74.179,156966.0
2020-03-10,75.179,79.079,72.679,78.207,172479.0
2020-03-11,77.943,78.5,75.122,75.279,108099.0
2020-03-12,73.643,75.879,72.322,73.557,110566.0
2020-03-13,68.429,74.386,68.036,72.407,154677.0
2020-03-16,72.443,72.464,65.25,66.493,145045.0
2020-03-17,69.322,69.472,64.322,68.25,131474.0
2020-03-18,69.307,70.472,65.807,65.893,125356.0
2020-03-19,66.664,69.757,63.043,68.914,163892.0
2020-03-20,70.122,70.193,67.236,68.75,103624.0
2020-03-23,65.179,67.272,64.593,65.186,85697.0
2020-03-24,67.814,69.822,65.257,69.429,116049.0
2020-03-25,72.236,72.414,69.114,69.579,161033.0
2020-03-26,68.157,68.743,67.243,67.322,81941.0
2020-03-27,68.757,69.393,66.643,67.779,93342.0
2020-03-30,65.893,66.607,64.464,65.879,80491.0
2020-03-31,66.672,67.193,65.329,65.607,59962.0
2020-04-01,65.179,67.322,65.179,65.757,65663.0
2020-04-02,65.436,69.393,65.072,69.372,92513.0
2020-04-03,68.429,69.25,66.786,67.186,72831.0
2020-04-07,70.036,70.622,69.007,69.779,113094.0
2020-04-08,68.643,69.714,68.393,69.057,64210.0
2020-04-09,70.464,77.1,70.464,77.1,285060.0
2020-04-10,75.914,76.143,70.393,71.672,240288.0
2020-04-13,69.386,73.464,68.322,73.214,126689.0
2020-04-14,72.214,75.214,72.214,74.257,132412.0
2020-04-15,73.336,74.136,71.357,71.943,89540.0
2020-04-16,70.793,73.272,70.793,72.214,73549.0
2020-04-17,72.572,74.65,72.493,72.864,109891.0
2020-04-20,72.214,74.572,72.214,73.736,72926.0
2020-04-21,72.293,72.929,70.679,71.579,75534.0
2020-04-22,70.764,71.679,70.086,71.429,59852.0
2020-04-23,71.629,71.629,69.9,70.029,59083.0
2020-04-24,69.85,70.35,67.229,67.629,78477.0
2020-04-27,67.929,69.286,67.214,68.286,57287.0
2020-04-28,69.85,70.857,67.822,69.35,91040.0
2020-04-29,68.693,71.343,68.693,70.007,66545.0
2020-04-30,70.936,74.5,70.929,73.964,141275.0
2020-05-06,72.214,75.343,71.729,75.236,108261.0
2020-05-07,75.643,75.643,73.393,73.493,76820.0
2020-05-08,74.929,77.322,74.072,74.729,129995.0
2020-05-11,74.972,75.65,72.686,73.693,90069.0
2020-05-12,73.964,74.343,72.336,73.857,51201.0
2020-05-13,73.643,75.429,72.979,74.536,60805.0
2020-05-14,74.0,74.057,72.236,72.643,68311.0
2020-05-15,73.143,73.736,72.05,72.843,64308.0
2020-05-18,72.222,73.557,71.336,72.307,66671.0
2020-05-19,73.629,74.714,72.557,72.772,80813.0
2020-05-20,72.564,72.679,70.95,71.257,73334.0
2020-05-21,71.5,71.857,69.1,69.222,74065.0
2020-05-22,69.222,70.35,67.929,68.0,61128.0
2020-05-25,67.929,68.857,67.429,68.264,36467.0
2020-05-26,68.879,70.2,68.65,69.422,57909.0
2020-05-27,69.114,69.429,67.5,67.907,48389.0
2020-05-28,68.0,70.072,67.214,68.214,75486.0
2020-05-29,65.493,66.35,63.643,65.279,101401.0
2020-06-01,68.164,72.686,67.222,71.9,164200.0
2020-06-02,71.143,71.886,69.607,69.972,94648.0
2020-06-03,70.429,71.143,68.872,68.893,70909.0
2020-06-04,68.9,69.536,67.436,67.929,62119.0
2020-06-05,68.286,69.843,67.572,69.329,72945.0
2020-06-08,69.436,70.664,69.064,69.143,62702.0
2020-06-09,69.329,72.572,69.072,71.722,131182.0
2020-06-10,70.436,73.557,70.436,72.786,99161.0
2020-06-11,72.614,78.272,72.364,73.557,163789.0
2020-06-12,71.5,75.072,71.214,74.243,116822.0
2020-06-15,74.357,77.922,73.693,73.8,125896.0
2020-06-16,75.7,76.214,73.793,74.786,82611.0
2020-06-17,74.714,74.714,72.643,73.572,67244.0
2020-06-18,73.572,76.0,72.843,74.343,78426.0
2020-06-19,74.557,79.972,74.357,78.107,179894.0
2020-06-22,78.172,84.686,78.172,80.643,166542.0
2020-06-23,79.372,81.357,79.0,80.593,106490.0
2020-06-24,81.229,81.836,78.85,80.086,74265.0
2020-06-29,80.236,81.643,78.25,79.157,87652.0
2020-06-30,80.064,85.536,79.55,83.7,125071.0
2020-07-01,83.7,85.486,80.714,82.929,106514.0
2020-07-02,82.586,92.357,82.214,92.357,182569.0
2020-07-03,95.786,102.729,94.357,101.507,232036.0
2020-07-06,102.964,112.793,102.936,112.793,199512.0
2020-07-07,116.5,116.972,105.157,106.179,215027.0
2020-07-08,106.179,117.936,105.143,116.222,172799.0
2020-07-09,110.872,122.922,110.857,115.436,189148.0
2020-07-10,112.207,114.786,110.543,111.629,114255.0
2020-07-13,109.357,118.464,108.643,113.057,151493.0
2020-07-14,110.7,115.429,107.929,110.8,120842.0
2020-07-15,112.943,113.643,106.05,107.879,115106.0
2020-07-16,107.636,110.264,96.479,97.272,167475.0
2020-07-17,99.443,99.829,93.4,95.386,125807.0
2020-07-20,98.072,100.829,93.5,98.236,134813.0
2020-07-21,98.164,99.214,94.736,95.75,95404.0
2020-07-22,95.572,101.15,95.2,97.15,127559.0
2020-07-23,95.679,98.357,93.164,96.157,100989.0
2020-07-24,95.786,97.207,88.229,88.929,126332.0
2020-07-27,89.422,90.357,85.679,87.65,111319.0
2020-07-28,90.079,90.393,85.464,86.929,85743.0
2020-07-29,87.643,90.607,86.636,89.986,121770.0
2020-07-30,89.929,89.929,87.686,87.836,80992.0
2020-07-31,88.572,94.843,88.079,90.85,143410.0
2020-08-03,93.286,94.443,90.793,93.729,121478.0
2020-08-04,93.964,96.307,92.643,93.543,101604.0
2020-08-05,93.564,95.393,92.214,93.679,87060.0
2020-08-06,93.479,95.422,90.843,94.986,98388.0
2020-08-07,92.936,92.943,86.5,89.072,124957.0
2020-08-10,87.364,91.807,87.222,89.95,78286.0
2020-08-11,89.364,91.272,87.522,87.8,62187.0
2020-08-12,88.107,88.993,84.364,87.993,82914.0
2020-08-13,88.636,89.557,87.793,88.143,42142.0
2020-08-14,88.143,89.957,87.572,89.957,51474.0
2020-08-17,93.072,97.214,92.929,94.557,153240.0
2020-08-18,93.679,94.193,91.579,92.786,75943.0
2020-08-19,92.15,92.536,89.057,89.279,61113.0
2020-08-20,87.0,89.2,86.857,88.643,38461.0
2020-08-21,89.35,90.5,87.214,89.5,57154.0
2020-08-24,90.357,93.029,86.964,91.207,76891.0
2020-08-25,94.636,105.979,93.293,100.05,224873.0
2020-08-26,100.436,101.486,97.65,98.5,123192.0
2020-08-27,98.75,103.4,97.843,99.857,112766.0
2020-08-28,100.072,110.207,98.414,106.55,162266.0
2020-08-31,108.643,114.307,107.914,108.586,160274.0
2020-09-01,108.643,111.543,105.007,110.0,124115.0
2020-09-02,110.786,117.057,108.643,112.936,160896.0
2020-09-03,111.243,114.672,107.329,107.864,130406.0
2020-09-04,104.536,107.429,103.65,105.2,92304.0
2020-09-07,105.793,106.5,100.193,100.75,87631.0
2020-09-08,101.614,103.772,99.372,101.0,92322.0
2020-09-09,98.729,99.986,96.5,96.507,87261.0
2020-09-10,97.929,99.0,94.0,94.35,76723.0
2020-09-11,93.379,95.579,91.5,94.522,68069.0
2020-09-14,94.929,98.286,94.357,95.914,68740.0
2020-09-15,95.643,98.75,94.714,98.429,67735.0
2020-09-16,97.929,99.0,94.643,95.843,57870.0
2020-09-17,94.372,96.15,92.45,94.386,70073.0
2020-09-18,94.5,104.929,93.286,104.429,158249.0
2020-09-21,104.5,106.45,100.486,100.572,101799.0
2020-09-22,98.857,104.214,97.929,99.929,93591.0
2020-09-23,99.936,100.793,98.207,99.643,53395.0
2020-09-24,98.343,100.929,98.222,100.643,64295.0
2020-09-25,100.457,103.514,99.722,101.064,64218.0
2020-09-28,100.164,104.114,100.164,102.843,66527.0
2020-09-29,104.007,107.836,103.143,104.393,79708.0
2020-09-30,105.007,105.764,101.257,102.836,69418.0
2020-10-09,105.229,105.643,103.4,105.536,74740.0
2020-10-12,106.022,111.879,106.0,109.357,120542.0
2020-10-13,107.214,107.443,105.95,106.943,69739.0
2020-10-14,106.314,107.122,103.643,103.864,62135.0
2020-10-15,105.057,105.35,102.386,102.857,49432.0
2020-10-16,102.25,104.0,101.857,103.257,41420.0
2020-10-19,105.229,105.772,100.536,100.8,58083.0
2020-10-20,100.814,102.064,99.986,101.829,38427.0
2020-10-21,102.114,102.114,100.072,100.543,37905.0
2020-10-22,100.072,103.286,98.643,101.972,44860.0
2020-10-23,101.979,102.572,98.786,99.343,39069.0
2020-10-26,96.393,96.5,86.357,89.993,148647.0
2020-10-27,88.293,89.4,87.357,89.072,74288.0
2020-10-28,88.643,90.4,88.443,89.522,56380.0
2020-10-29,87.214,90.343,86.514,88.593,57812.0
2020-10-30,87.929,89.286,85.072,85.157,72212.0
2020-11-02,86.222,87.914,85.079,86.729,57351.0
2020-11-03,87.879,90.486,87.572,88.8,81097.0
2020-11-04,88.757,88.779,86.143,88.107,54412.0
2020-11-05,90.393,90.993,88.179,89.279,74523.0
2020-11-06,89.279,90.214,87.793,88.557,61569.0
2020-11-09,89.914,98.014,88.964,94.45,123122.0
2020-11-10,95.072,95.072,90.5,91.229,82789.0
2020-11-11,90.429,91.557,86.922,87.329,75735.0
2020-11-12,88.514,88.793,87.064,87.929,36055.0
2020-11-13,86.786,89.114,86.357,88.757,40070.0
2020-11-16,89.286,90.143,87.643,88.557,37615.0
2020-11-17,88.514,88.514,86.414,87.893,38752.0
2020-11-18,88.029,90.214,88.029,89.286,49546.0
2020-11-19,88.286,91.143,87.936,90.272,43690.0
2020-11-20,89.357,90.572,89.243,89.679,34624.0
2020-11-23,89.586,93.322,87.786,91.15,91902.0
2020-11-24,90.429,91.064,89.679,89.743,42749.0
2020-11-25,90.786,92.122,88.614,88.729,51000.0
2020-11-26,88.164,89.272,87.214,88.164,43120.0
2020-11-27,87.986,89.357,87.243,89.293,39422.0
2020-11-30,89.743,95.5,89.736,90.829,145961.0
2020-12-01,89.793,95.643,89.786,93.857,110810.0
2020-12-02,94.65,96.264,93.022,93.357,90242.0
2020-12-03,92.779,94.993,92.572,93.979,56671.0
2020-12-04,92.929,93.286,90.364,91.314,64082.0
2020-12-07,91.143,91.85,89.75,89.972,49443.0
2020-12-08,89.786,90.929,89.436,90.229,32942.0
2020-12-09,90.243,90.757,87.907,87.972,58832.0
2020-12-10,87.272,88.372,87.214,87.993,35834.0
2020-12-11,88.014,88.286,85.543,87.214,52186.0
2020-12-14,87.179,87.464,86.043,87.464,28387.0
2020-12-15,87.036,87.386,86.507,87.072,27843.0
2020-12-16,87.129,87.422,85.786,86.636,31956.0
2020-12-17,86.529,88.4,85.607,88.272,66166.0
2020-12-18,87.486,88.122,86.214,87.0,41514.0
2020-12-21,87.007,88.714,86.493,88.5,52538.0
2020-12-22,86.857,87.214,84.75,85.279,81055.0
2020-12-23,85.286,85.786,72.929,76.95,180118.0
2020-12-24,75.457,77.072,73.736,73.893,73199.0
2020-12-25,74.214,75.443,73.2,74.714,53851.0
2020-12-28,74.614,75.2,72.436,72.536,55087.0
2020-12-29,72.572,74.343,72.3,72.564,56556.0
2020-12-30,72.5,73.893,70.122,73.457,78027.0
2020-12-31,74.357,80.45,73.8,77.2,130737.0
2021-01-04,77.714,80.193,75.5,78.664,111491.0
2021-01-05,78.093,79.893,77.643,79.529,90287.0
2021-01-06,79.929,82.836,78.357,79.129,82493.0
2021-01-07,79.207,82.636,79.193,81.307,103772.0
2021-01-08,81.307,81.314,77.572,80.693,80123.0
2021-01-11,80.414,81.214,77.772,77.814,65328.0
2021-01-12,77.35,86.972,77.214,85.857,168338.0
2021-01-13,86.179,90.779,83.657,84.072,145681.0
2021-01-14,82.929,85.307,80.707,81.107,87448.0
2021-01-15,80.793,82.7,78.579,79.636,59233.0
2021-01-18,78.679,83.643,78.679,82.486,70014.0
2021-01-19,81.572,82.393,79.143,79.357,68804.0
2021-01-20,80.072,81.257,78.307,78.864,60881.0
2021-01-21,78.786,83.436,78.786,82.286,101050.0
2021-01-22,81.572,83.286,79.622,81.022,79399.0
2021-01-25,80.786,82.829,79.0,80.607,82462.0
2021-01-26,79.743,80.436,74.379,78.386,125606.0
2021-01-27,78.572,78.572,76.486,76.636,50948.0
2021-01-28,76.214,77.8,74.907,74.986,51413.0
2021-01-29,75.072,75.772,71.629,73.493,51850.0
2021-02-01,81.979,90.464,81.5,88.65,247557.0
2021-02-02,88.707,94.993,88.286,93.822,249333.0
2021-02-03,93.572,96.764,92.936,93.929,152735.0
2021-02-04,93.943,94.793,89.0,92.072,115613.0
2021-02-05,93.579,93.643,90.572,91.686,80566.0
2021-02-08,92.307,102.579,92.307,100.714,153150.0
2021-02-09,99.507,102.429,97.929,101.214,100982.0
2021-02-10,101.4,104.714,100.65,102.779,100510.0
2021-02-18,105.786,106.472,99.822,101.072,101888.0
2021-02-19,99.336,100.786,97.05,99.65,73385.0
2021-02-22,99.279,101.5,94.357,94.357,81555.0
2021-02-23,95.522,98.186,92.143,92.786,72818.0
2021-02-24,92.214,93.922,88.629,90.279,78727.0
2021-02-25,91.193,91.414,87.179,87.843,64287.0
2021-02-26,85.343,87.214,84.514,84.779,69510.0
2021-03-01,85.607,87.814,84.786,86.722,80536.0
2021-03-02,87.929,87.929,78.8,80.214,169390.0
2021-03-03,80.207,81.314,79.357,80.907,93201.0
2021-03-04,79.943,80.429,76.986,77.286,94227.0
2021-03-05,77.222,79.829,76.914,78.629,96761.0
2021-03-08,79.357,79.429,75.857,76.0,91280.0
2021-03-09,75.614,77.186,73.429,75.486,107641.0
2021-03-10,76.893,76.929,73.072,74.043,98306.0
2021-03-11,74.814,75.857,73.8,75.764,69948.0
2021-03-12,75.764,76.107,73.129,74.779,72080.0
2021-03-15,74.222,74.343,71.507,73.157,57261.0
2021-03-16,73.643,73.872,72.222,73.857,53819.0
2021-03-17,73.5,74.822,72.536,74.307,55587.0
2021-03-18,74.443,78.5,74.357,76.45,104172.0
2021-03-19,75.286,75.286,73.407,73.55,67638.0
2021-03-22,74.072,76.357,73.464,74.822,47814.0
2021-03-23,74.579,75.95,73.829,75.514,53414.0
2021-03-24,74.572,78.322,74.114,76.286,72116.0
2021-03-25,74.714,77.914,74.357,76.429,53306.0
2021-03-26,76.914,78.122,76.536,77.514,60679.0
2021-03-29,77.922,78.072,75.593,75.914,54751.0
2021-03-30,75.557,77.914,75.557,77.007,45702.0
2021-03-31,76.693,76.722,74.564,74.786,43405.0
2021-04-01,74.879,78.079,74.879,76.929,45438.0
2021-04-02,77.464,78.107,76.5,77.2,46869.0
2021-04-06,77.364,78.0,75.936,77.214,39306.0
2021-04-07,76.993,77.929,75.386,77.686,52332.0
2021-04-08,77.7,78.643,76.643,77.757,47827.0
2021-04-09,77.593,77.593,76.143,76.572,33924.0
2021-04-12,76.143,76.15,73.343,73.522,58131.0
2021-04-13,72.8,74.214,72.643,73.75,30369.0
2021-04-14,73.629,75.122,73.222,74.829,33457.0
2021-04-15,74.143,74.857,73.922,74.522,23766.0
2021-04-16,74.572,75.0,74.0,74.414,25333.0
2021-04-19,74.464,77.643,73.286,76.779,60497.0
2021-04-20,75.929,78.036,75.929,76.679,50393.0
2021-04-21,75.943,77.643,75.943,77.0,34734.0
2021-04-22,77.657,78.507,76.357,77.272,43421.0
2021-04-23,76.722,79.5,76.714,78.593,56212.0
2021-04-26,78.786,80.429,77.572,77.786,62008.0
2021-04-27,75.129,75.129,66.714,68.914,190806.0
2021-04-28,68.064,69.857,66.636,68.5,71024.0
2021-04-29,68.072,69.5,67.557,68.6,52535.0
2021-04-30,68.357,68.364,66.657,67.072,53583.0
2021-05-06,65.943,67.064,64.072,64.643,67890.0
2021-05-07,64.643,65.929,64.143,64.143,46841.0
2021-05-10,63.964,64.857,62.857,63.714,43574.0
2021-05-11,63.086,64.457,62.15,63.786,41663.0
2021-05-12,63.186,63.386,62.072,63.05,42281.0
2021-05-13,62.179,63.643,61.936,63.022,30406.0
2021-05-14,63.636,72.343,63.55,71.857,150116.0
2021-05-17,70.357,71.464,68.072,68.343,107033.0
2021-05-18,68.014,71.643,67.622,69.372,61648.0
2021-05-19,68.972,71.522,68.786,69.65,50355.0
2021-05-20,69.107,71.55,69.107,70.329,60680.0
2021-05-21,70.343,70.886,68.714,69.393,46200.0
2021-05-24,70.572,71.972,69.872,70.979,62271.0
2021-05-25,70.922,77.714,70.75,75.614,127407.0
2021-05-26,77.4,78.307,74.986,75.214,105900.0
2021-05-27,75.229,76.072,73.464,74.786,64890.0
2021-05-28,73.793,76.5,73.793,74.672,62596.0
2021-05-31,73.793,74.929,72.75,74.786,49516.0
2021-06-01,73.786,74.329,71.964,74.2,55952.0
2021-06-02,73.764,74.714,71.414,71.8,66957.0
2021-06-03,72.343,73.929,71.343,71.443,63147.0
2021-06-04,70.929,73.8,70.572,70.929,77806.0
2021-06-07,70.886,72.314,69.536,70.507,55932.0
2021-06-08,70.014,71.429,69.186,69.75,55346.0
2021-06-09,70.1,70.107,68.136,69.107,48448.0
2021-06-10,68.786,70.993,68.779,70.229,68964.0
2021-06-11,70.9,71.879,67.357,67.522,84833.0
2021-06-15,66.693,67.5,65.679,65.979,46522.0
2021-06-16,65.929,67.35,65.286,65.85,40720.0
2021-06-17,65.85,67.279,65.822,66.679,41310.0
2021-06-18,66.686,69.172,66.072,67.643,49804.0
2021-06-21,68.893,70.072,67.914,68.464,50568.0
2021-06-22,68.286,71.857,67.5,69.5,69837.0
2021-06-23,68.607,69.893,67.357,68.743,57942.0
2021-06-24,68.486,70.043,68.15,69.45,48995.0
2021-06-25,69.5,73.707,68.786,71.9,134978.0
2021-06-28,71.55,71.564,69.836,70.179,71442.0
2021-06-29,69.957,70.7,68.857,69.036,46890.0
2021-06-30,69.036,70.643,69.0,70.057,44940.0
2021-07-01,71.0,71.786,67.357,67.364,76335.0
2021-07-02,67.0,68.507,66.286,67.193,48606.0
2021-07-05,67.114,67.857,65.193,65.607,53974.0
2021-07-06,65.607,66.064,63.386,64.75,58914.0
2021-07-07,64.286,65.15,64.143,64.629,44952.0
2021-07-08,64.936,65.8,63.7,64.022,56832.0
2021-07-09,63.4,64.114,62.979,63.886,45206.0
2021-07-12,65.572,67.129,65.15,65.443,87841.0
2021-07-13,65.05,65.5,63.357,64.314,65309.0
2021-07-14,63.629,65.229,63.272,63.822,56617.0
2021-07-15,62.357,62.357,59.5,61.7,88457.0
2021-07-16,62.0,62.564,60.486,61.093,50205.0
2021-07-19,61.114,61.157,59.5,60.686,45258.0
2021-07-20,59.993,60.929,59.679,59.914,40159.0
2021-07-21,60.107,62.007,60.107,61.022,61544.0
2021-07-22,61.143,63.936,60.479,63.229,79891.0
2021-07-23,63.643,66.786,61.407,63.307,86385.0
2021-07-26,62.357,63.786,60.372,60.643,68811.0
2021-07-27,60.929,61.272,57.572,57.572,73991.0
2021-07-28,56.379,57.964,55.229,55.972,66835.0
2021-07-29,56.964,58.186,56.286,57.35,52778.0
2021-07-30,56.643,57.064,55.336,55.693,48037.0
2021-08-02,55.814,60.357,54.679,59.014,79266.0
2021-08-03,58.072,60.857,57.857,59.079,61311.0
2021-08-04,59.014,59.272,57.436,58.986,49647.0
2021-08-05,58.179,59.143,56.693,57.272,42804.0
2021-08-06,57.336,58.307,56.729,57.164,32399.0
2021-08-09,57.179,60.264,57.0,59.114,69841.0
2021-08-10,58.629,60.729,58.257,60.422,60012.0
2021-08-11,60.214,61.207,59.643,59.85,44894.0
2021-08-12,59.479,60.393,58.643,58.7,38978.0
2021-08-13,58.307,60.293,58.236,59.293,40056.0
2021-08-16,59.857,64.7,59.714,61.829,92423.0
2021-08-17,61.0,66.129,60.914,63.3,124837.0
2021-08-18,62.822,76.993,62.486,75.907,300376.0
2021-08-19,74.222,76.129,71.9,72.464,188087.0
2021-08-20,72.464,73.943,65.929,67.386,171396.0
2021-08-23,69.05,71.4,67.629,68.829,142885.0
2021-08-24,69.493,73.264,68.072,71.257,148911.0
2021-08-25,69.829,71.057,68.572,69.972,77079.0
2021-08-26,69.972,72.293,67.9,69.607,92653.0
2021-08-27,69.607,72.55,69.079,71.072,91657.0
2021-08-30,71.643,71.786,67.364,68.786,90153.0
2021-08-31,67.507,73.964,67.507,72.15,119522.0
2021-09-01,71.479,80.107,70.764,76.014,202598.0
2021-09-02,75.357,78.072,74.507,76.893,140305.0
2021-09-03,82.35,82.357,74.4,74.607,147115.0
2021-09-06,73.786,81.914,73.786,79.529,154807.0
2021-09-07,79.536,86.022,78.272,85.872,172135.0
2021-09-08,84.214,93.443,83.486,87.579,181000.0
2021-09-09,87.0,89.993,85.772,87.729,119654.0
2021-09-10,88.786,94.143,87.093,88.814,130842.0
2021-09-13,88.657,94.114,88.643,89.786,109455.0
2021-09-14,90.5,90.929,85.672,86.807,109570.0
2021-09-15,85.907,87.614,83.786,84.357,89988.0
2021-09-16,84.5,85.214,81.343,82.022,71180.0
2021-09-17,82.543,85.707,80.929,85.05,77848.0
2021-09-22,82.786,85.922,82.229,83.157,51732.0
2021-09-23,83.886,86.5,83.343,84.179,60807.0
2021-09-24,83.822,85.193,82.5,82.95,46728.0
2021-09-27,82.786,85.586,79.436,80.086,98404.0
2021-09-28,80.572,84.214,79.907,82.736,68309.0
2021-09-29,81.386,82.343,73.943,74.743,130141.0
2021-09-30,75.614,76.279,73.964,75.136,74184.0
2021-10-08,76.286,77.5,74.929,76.714,64678.0
2021-10-11,77.214,77.707,74.772,75.186,48842.0
2021-10-12,75.093,75.614,72.464,73.414,66815.0
2021-10-13,73.836,74.143,71.214,73.179,57946.0
2021-10-14,72.972,73.643,71.643,73.007,34275.0
2021-10-15,71.714,73.6,71.714,72.5,46243.0
2021-10-18,72.286,73.464,71.286,72.657,49422.0
2021-10-19,72.636,75.357,72.429,73.614,57603.0
2021-10-20,74.336,74.464,72.636,73.157,42697.0
2021-10-21,73.022,75.0,72.364,72.786,54625.0
2021-10-22,73.0,74.357,71.843,73.229,46998.0
2021-10-25,73.786,75.929,72.0,75.214,65386.0
2021-10-26,74.864,75.536,73.929,74.107,61236.0
2021-10-27,74.022,74.022,68.072,69.086,102039.0
2021-10-28,68.786,71.507,68.429,69.079,65142.0
2021-10-29,68.086,70.986,67.357,70.079,60569.0
2021-11-01,69.25,73.357,68.9,72.357,68873.0
2021-11-02,72.007,72.586,69.257,70.357,48586.0
2021-11-03,70.357,71.436,69.5,70.322,36815.0
2021-11-04,70.536,71.4,69.357,69.593,39065.0
2021-11-05,69.579,71.186,68.864,70.179,43755.0
2021-11-08,69.822,71.593,69.143,70.643,49376.0
2021-11-09,70.85,71.793,70.043,71.214,44033.0
2021-11-10,70.929,71.35,69.393,70.557,42984.0
2021-11-11,70.214,73.964,69.914,73.557,104760.0
2021-11-12,72.693,73.429,71.864,72.307,47961.0
2021-11-15,72.443,72.993,71.236,71.6,50778.0
2021-11-16,71.4,71.957,69.857,70.257,50635.0
2021-11-17,70.286,71.129,69.572,70.857,47622.0
2021-11-18,70.414,70.814,67.929,68.872,65325.0
2021-11-19,68.779,71.429,68.222,70.929,68072.0
2021-11-22,70.993,75.043,70.522,74.264,114898.0
2021-11-23,74.264,75.179,73.5,74.136,65819.0
2021-11-24,73.714,77.85,73.7,76.872,83560.0
2021-11-25,76.643,77.529,75.272,75.672,58851.0
2021-11-26,75.672,76.05,73.586,73.764,58889.0
2021-11-29,72.829,73.643,71.993,72.622,53318.0
2021-11-30,72.936,75.829,72.607,73.314,74663.0
2021-12-01,73.214,77.343,72.922,76.786,125947.0
2021-12-02,75.922,77.5,75.629,76.643,68772.0
2021-12-03,76.643,77.793,75.0,76.686,67099.0
2021-12-06,80.214,82.707,77.043,79.186,153432.0
2021-12-07,80.886,81.343,78.093,78.536,81576.0
2021-12-08,78.45,82.829,78.207,82.086,90285.0
2021-12-09,81.643,86.486,81.286,83.922,120009.0
2021-12-10,81.779,82.993,80.214,80.964,98942.0
2021-12-13,82.0,88.072,81.979,83.85,128504.0
2021-12-14,82.443,84.472,81.729,84.114,71669.0
2021-12-15,84.457,88.486,84.072,87.014,105619.0
2021-12-16,87.272,88.429,86.557,88.05,53169.0
2021-12-17,88.214,88.45,85.072,86.3,78865.0
2021-12-20,85.572,91.0,85.286,88.264,156207.0
2021-12-21,89.564,94.857,88.786,94.357,131717.0
2021-12-22,94.143,94.143,91.772,92.022,66544.0
2021-12-23,92.022,97.829,91.114,93.279,101858.0
2021-12-24,93.386,94.207,88.072,89.107,95200.0
2021-12-27,88.643,90.436,86.179,87.064,68540.0
2021-12-28,88.964,91.086,86.929,90.557,73717.0
2021-12-29,89.2,91.786,87.714,90.657,68275.0
2021-12-30,90.564,93.272,89.857,92.222,54263.0
2021-12-31,93.057,93.293,91.086,92.772,40218.0
2022-01-04,93.0,95.214,92.007,92.786,57229.0
2022-01-05,93.093,96.85,90.479,91.636,89160.0
2022-01-06,89.586,91.607,85.3,85.979,105594.0
2022-01-07,86.636,87.843,81.343,81.993,97912.0
2022-01-10,81.786,83.786,80.393,82.364,53414.0
2022-01-11,81.986,82.272,79.9,80.507,53788.0
2022-01-12,81.122,81.122,78.936,80.214,59489.0
2022-01-13,80.643,80.7,78.472,78.693,39993.0
2022-01-14,78.129,79.429,77.45,78.036,52571.0
2022-01-17,79.5,81.457,78.529,80.936,65053.0
2022-01-18,80.872,83.543,80.286,80.85,65745.0
2022-01-19,82.443,87.572,82.429,83.114,93289.0
2022-01-20,83.429,87.0,81.75,84.686,74679.0
2022-01-21,83.436,84.714,81.064,82.157,50416.0
2022-01-24,81.643,83.586,81.357,82.15,33571.0
2022-01-25,81.679,82.35,78.907,79.079,41398.0
2022-01-26,80.179,82.993,79.157,82.443,48538.0
2022-01-27,81.357,82.5,77.986,78.15,61173.0
2022-01-28,79.036,81.022,77.357,78.836,47749.0
2022-02-07,80.214,80.922,73.086,74.093,85201.0
2022-02-08,73.429,74.957,71.55,74.5,54265.0
2022-02-09,73.072,75.443,72.829,74.364,61821.0
2022-02-10,74.357,74.364,72.843,73.286,39551.0
2022-02-11,73.286,74.272,71.643,72.1,45317.0
2022-02-14,71.722,71.957,67.036,67.743,120956.0
2022-02-15,68.5,69.85,67.857,69.422,63174.0
2022-02-16,69.507,70.186,67.7,68.079,52513.0
2022-02-17,68.0,69.664,67.857,68.929,48527.0
2022-02-18,68.679,69.357,67.714,68.643,35124.0
2022-02-21,69.072,69.122,67.643,68.093,36031.0
2022-02-22,67.407,67.407,64.857,65.236,72506.0
2022-02-23,65.793,67.614,65.293,67.279,65777.0
2022-02-24,66.072,68.179,65.522,66.822,75745.0
2022-02-25,68.079,68.229,65.986,66.429,65276.0
2022-02-28,66.072,66.607,64.836,66.607,47074.0
2022-03-01,64.85,66.729,63.422,66.722,102121.0
2022-03-02,65.622,66.729,64.929,65.336,58769.0
2022-03-03,66.093,66.143,64.364,64.443,39562.0
2022-03-04,63.8,64.343,62.072,62.893,63258.0
2022-03-07,62.286,62.636,59.929,60.286,63084.0
2022-03-08,60.993,63.286,60.714,61.4,98742.0
2022-03-09,62.714,62.786,56.643,59.736,94061.0
2022-03-10,61.643,62.343,58.793,58.979,85721.0
2022-03-11,57.357,60.143,56.3,59.186,101715.0
2022-03-14,57.864,58.979,57.314,57.364,61392.0
2022-03-15,56.722,58.9,55.257,55.6,84794.0
2022-03-16,57.364,60.636,54.757,59.95,153297.0
2022-03-17,61.65,62.357,59.5,59.75,143073.0
2022-03-18,58.786,60.472,58.329,59.507,63984.0
2022-03-21,59.414,59.807,57.8,58.35,60638.0
2022-03-22,58.093,59.429,57.7,58.693,45730.0
2022-03-23,58.829,59.522,58.072,58.943,48651.0
2022-03-24,59.472,59.593,57.786,58.186,41619.0
2022-03-25,58.179,58.664,56.643,56.643,45874.0
2022-03-28,55.929,57.843,55.564,57.222,41927.0
2022-03-29,57.357,57.429,55.786,55.893,38682.0
2022-03-30,56.5,60.286,56.15,60.086,100873.0
2022-03-31,59.786,60.264,59.157,59.214,56082.0
2022-04-01,58.643,60.5,58.429,59.972,60957.0
2022-04-06,59.786,59.786,58.143,58.736,47893.0
2022-04-07,58.757,59.5,57.143,57.25,46925.0
2022-04-08,57.772,58.964,56.779,57.964,46923.0
2022-04-11,57.543,57.6,55.357,55.607,53883.0
2022-04-12,55.622,58.643,54.872,58.179,70203.0
2022-04-13,57.222,57.943,56.614,56.879,43541.0
2022-04-14,57.429,59.022,57.214,58.229,53850.0
2022-04-15,57.357,58.643,57.143,58.072,42142.0
2022-04-18,57.214,57.214,56.136,56.557,38008.0
2022-04-19,56.4,57.157,55.829,56.143,30200.0
2022-04-20,56.407,56.614,55.072,55.6,40607.0
2022-04-21,55.093,56.5,54.929,55.429,44295.0
2022-04-22,54.929,56.464,54.879,55.214,41471.0
2022-04-25,53.5,54.057,50.7,51.472,62303.0
2022-04-26,47.929,48.643,41.5,42.35,150649.0
2022-04-27,41.0,44.314,40.879,44.279,84446.0
2022-04-28,43.3,43.95,42.257,42.643,55464.0
2022-04-29,45.071,50.25,44.721,49.45,121471.0
2022-05-05,48.4,49.686,48.286,48.722,58805.0
2022-05-06,47.072,48.286,46.5,46.857,45722.0
2022-05-09,46.579,47.922,46.114,46.857,28909.0
2022-05-10,45.929,49.0,45.857,48.2,45131.0
2022-05-11,48.593,51.057,47.986,49.057,69781.0
2022-05-12,48.643,50.429,48.572,49.25,41342.0
2022-05-13,49.272,49.986,48.714,49.314,27018.0
2022-05-16,49.986,50.25,48.414,48.622,30815.0
2022-05-17,48.364,49.272,48.214,48.864,25379.0
2022-05-18,48.914,50.272,48.722,49.5,43084.0
2022-05-19,48.479,49.15,48.222,48.993,30083.0
2022-05-20,49.272,51.886,49.214,50.922,62247.0
2022-05-23,50.536,51.114,49.864,50.943,35971.0
2022-05-24,50.936,51.136,48.286,48.286,36645.0
2022-05-25,48.214,48.757,47.686,48.643,27439.0
2022-05-26,48.686,50.786,48.072,49.9,42344.0
2022-05-27,49.714,51.357,49.214,49.714,34278.0
2022-05-30,49.786,50.443,49.364,49.993,29513.0
2022-05-31,49.929,51.879,49.586,51.729,63042.0
2022-06-01,51.5,52.422,50.7,51.043,40765.0
2022-06-02,50.5,51.643,50.193,51.579,33020.0
2022-06-06,51.122,54.343,50.872,53.722,75442.0
2022-06-07,53.414,55.393,53.036,54.036,62982.0
2022-06-08,54.043,55.993,53.786,55.064,67439.0
2022-06-09,55.143,57.779,54.257,54.286,89168.0
2022-06-10,53.557,57.214,53.143,56.507,84160.0
2022-06-13,55.293,56.036,53.986,54.679,66480.0
2022-06-14,53.572,57.286,51.5,56.922,113788.0
2022-06-15,56.857,66.572,56.436,62.536,251380.0
2022-06-16,61.429,61.429,58.286,58.914,139701.0
2022-06-17,57.357,59.986,56.872,59.179,89619.0
2022-06-20,58.5,60.25,57.786,59.364,63922.0
2022-06-21,58.786,59.843,57.864,58.572,58101.0
2022-06-22,58.643,59.95,57.929,58.3,60247.0
2022-06-23,57.943,61.107,57.929,60.657,93812.0
2022-06-24,60.6,60.857,59.436,60.114,60162.0
2022-06-27,60.157,61.479,59.929,60.114,67478.0
2022-06-28,60.107,61.357,58.0,60.786,76460.0
2022-06-29,60.072,61.207,58.5,58.586,60150.0
2022-06-30,58.643,60.622,58.514,59.464,62872.0
2022-07-01,59.35,59.979,58.3,58.7,40878.0
2022-07-04,58.307,58.893,57.214,58.493,47495.0
2022-07-05,58.486,59.272,56.293,57.122,65395.0
2022-07-06,57.214,57.464,55.986,56.486,53117.0
2022-07-07,56.607,56.929,55.872,55.914,37153.0
2022-07-08,56.25,57.593,56.0,56.007,44611.0
2022-07-11,55.822,55.979,54.714,55.022,34317.0
2022-07-12,55.5,56.072,54.15,54.429,40760.0
2022-07-13,54.436,55.064,54.014,54.279,28597.0
2022-07-14,54.129,55.393,53.9,54.536,30890.0
2022-07-15,54.136,54.75,52.486,52.5,52889.0
2022-07-18,52.857,54.857,52.714,53.857,47979.0
2022-07-19,53.886,54.614,53.5,54.222,31130.0
2022-07-20,54.429,54.843,54.172,54.364,25233.0
2022-07-21,53.972,54.629,53.943,53.979,23332.0
2022-07-22,54.286,54.85,53.286,54.1,34679.0
2022-07-25,54.093,54.1,51.714,51.972,38958.0
2022-07-26,51.972,53.286,51.572,53.007,28520.0
2022-07-27,52.572,53.05,52.129,52.143,22709.0
2022-07-28,52.5,54.572,52.5,53.357,39819.0
2022-07-29,53.357,53.536,52.157,52.243,27824.0
2022-08-01,52.05,52.072,50.929,51.607,27997.0
2022-08-02,50.793,50.793,48.007,49.357,52733.0
2022-08-03,48.9,50.85,48.9,49.429,36516.0
2022-08-04,50.072,50.693,49.693,49.964,22568.0
2022-08-05,50.179,52.45,50.164,52.236,42571.0
2022-08-08,52.136,52.686,51.714,52.529,27625.0
2022-08-09,52.214,52.579,51.557,52.122,22620.0
2022-08-10,52.064,52.686,50.95,51.5,30106.0
2022-08-11,52.214,55.264,52.0,55.014,92960.0
2022-08-12,54.0,54.357,53.422,53.686,46444.0
2022-08-15,53.072,53.764,52.643,53.164,28554.0
2022-08-16,53.286,53.643,52.579,52.836,31323.0
2022-08-17,52.929,54.293,51.507,53.943,57732.0
2022-08-18,53.572,53.572,52.593,52.622,33906.0
2022-08-19,52.707,53.086,51.722,51.722,28111.0
2022-08-22,51.643,51.893,51.143,51.572,19126.0
2022-08-23,51.543,52.45,50.786,51.514,27603.0
2022-08-24,51.143,52.829,49.864,50.029,37278.0
2022-08-25,50.022,51.022,49.114,50.657,34377.0
2022-08-26,50.622,51.05,50.072,50.214,21544.0
2022-08-29,49.336,50.293,49.072,49.672,21466.0
2022-08-30,49.7,51.143,49.429,50.629,28952.0
2022-08-31,50.664,52.207,50.286,51.593,41668.0
2022-09-01,51.1,51.822,50.7,50.714,22316.0
2022-09-02,50.807,51.143,49.729,50.457,21897.0
2022-09-05,50.214,50.636,49.386,49.914,23562.0
2022-09-06,49.729,51.643,49.079,51.557,36747.0
2022-09-07,51.072,51.114,50.557,50.643,20534.0
2022-09-08,50.786,51.429,50.6,50.707,19712.0
2022-09-09,50.829,52.322,50.5,51.964,38811.0
2022-09-13,52.429,52.8,51.857,52.243,31350.0
2022-09-14,51.2,52.136,51.2,52.086,22952.0
2022-09-15,52.5,54.172,51.607,52.107,43306.0
2022-09-16,51.714,51.864,48.514,48.772,65765.0
2022-09-19,48.557,49.143,47.936,48.372,20586.0
2022-09-20,48.864,49.007,47.7,47.957,25336.0
2022-09-21,47.807,47.807,46.4,47.307,26161.0
2022-09-22,46.579,47.636,46.357,47.093,16655.0
2022-09-23,47.214,47.636,46.143,46.657,15843.0
2022-09-26,45.864,46.714,45.786,45.814,16185.0
2022-09-27,45.907,47.214,45.907,47.214,20130.0
2022-09-28,47.143,47.164,46.107,46.186,15926.0
2022-09-29,46.736,47.179,45.572,45.622,18827.0
2022-09-30,45.636,46.7,45.622,46.129,18520.0
2022-10-10,46.179,46.5,45.55,45.664,14852.0
2022-10-11,45.779,46.65,44.929,45.757,19644.0
2022-10-12,45.786,46.914,44.0,46.764,32337.0
2022-10-13,46.064,47.229,46.043,46.5,21025.0
2022-10-14,47.207,48.914,47.079,48.072,42404.0
2022-10-17,47.75,48.607,47.472,48.25,22169.0
2022-10-18,48.686,48.764,47.35,47.557,23123.0
2022-10-19,47.507,47.864,46.764,46.764,19823.0
2022-10-20,46.429,48.329,46.357,47.0,26071.0
2022-10-21,48.3,49.036,47.357,47.679,32249.0
2022-10-24,48.279,50.543,47.372,47.657,51140.0
2022-10-25,47.143,48.643,44.829,47.586,40159.0
2022-10-26,47.214,51.129,47.107,49.857,72911.0
2022-10-27,49.929,56.279,49.786,53.429,121939.0
2022-10-28,52.486,52.514,50.072,50.222,67187.0
2022-10-31,49.586,52.107,49.214,51.543,63410.0
2022-11-01,51.464,53.664,50.936,53.386,62646.0
2022-11-02,52.843,54.807,52.536,54.186,56231.0
2022-11-03,53.157,53.572,52.386,52.85,42824.0
2022-11-04,52.636,57.564,52.572,55.264,95295.0
2022-11-07,54.429,56.557,54.257,54.95,53643.0
2022-11-08,55.157,55.157,53.079,54.272,42124.0
2022-11-09,54.479,55.036,53.807,53.843,24457.0
2022-11-10,53.286,55.7,53.064,55.143,42090.0
2022-11-11,58.643,60.643,57.214,59.093,164940.0
2022-11-14,59.107,60.786,58.643,58.929,82061.0
2022-11-15,58.75,63.0,58.429,61.872,110264.0
2022-11-16,60.786,61.393,57.764,58.086,78801.0
2022-11-17,58.286,58.707,57.429,58.286,48276.0
2022-11-18,58.207,59.729,58.129,58.307,46922.0
2022-11-21,57.593,58.0,56.243,57.3,34430.0
2022-11-22,57.214,59.343,57.207,58.407,43396.0
2022-11-23,57.936,59.107,57.222,57.679,27959.0
2022-11-24,58.15,59.629,57.936,58.186,21817.0
2022-11-25,57.857,60.186,57.586,58.072,40589.0
2022-11-28,56.1,56.95,55.714,56.693,40819.0
2022-11-29,56.693,61.414,56.693,61.05,86105.0
2022-11-30,60.293,63.643,60.293,62.614,89292.0
2022-12-01,65.664,68.414,65.664,66.8,106123.0
2022-12-02,67.464,67.572,63.722,64.229,59735.0
2022-12-05,65.786,66.5,64.422,65.522,72875.0
2022-12-06,65.072,67.772,64.357,66.5,46848.0
2022-12-07,66.143,66.786,64.214,65.343,37898.0
2022-12-08,65.543,65.543,63.957,64.936,26974.0
2022-12-09,65.064,65.864,64.193,65.143,32609.0
2022-12-12,65.072,66.486,63.879,63.914,36575.0
2022-12-13,63.929,65.343,63.372,63.472,41762.0
2022-12-14,63.614,64.822,62.357,64.236,32888.0
2022-12-15,63.979,64.679,63.286,64.357,19465.0
2022-12-16,63.643,63.979,62.364,62.929,33064.0
2022-12-19,62.936,63.493,60.079,60.779,55417.0
2022-12-20,61.143,61.143,59.614,59.922,25245.0
2022-12-21,60.3,60.414,59.214,59.429,23553.0
2022-12-22,60.486,61.5,60.086,60.414,32748.0
2022-12-23,60.043,61.286,59.479,60.193,24699.0
2022-12-26,60.229,62.136,59.729,61.879,34041.0
2022-12-27,62.2,62.786,61.286,61.679,31618.0
2022-12-28,61.479,62.679,61.129,61.5,28793.0
2022-12-29,60.222,62.207,60.157,61.664,23359.0
2022-12-30,61.993,62.557,60.886,61.222,20980.0
2023-01-03,61.2,61.2,57.936,60.843,46901.0
2023-01-04,61.05,63.2,60.472,62.172,42290.0
2023-01-05,62.929,65.336,62.179,64.9,52928.0
2023-01-06,64.714,66.757,64.364,65.386,48204.0
2023-01-09,66.029,68.643,65.507,67.429,50231.0
2023-01-10,67.072,68.993,66.707,67.929,46340.0
2023-01-11,68.322,69.029,67.636,67.8,31433.0
2023-01-12,67.8,69.357,67.793,69.143,41077.0
2023-01-13,69.143,70.429,68.429,69.929,39894.0
2023-01-16,70.422,76.264,69.936,74.157,82937.0
2023-01-17,73.214,75.286,73.079,74.607,40337.0
2023-01-18,74.643,76.286,74.343,75.107,44800.0
2023-01-19,75.064,77.0,74.636,76.786,40165.0
2023-01-20,76.929,77.214,75.35,75.714,36631.0
2023-01-30,77.857,80.464,76.064,76.786,64238.0
2023-01-31,76.786,77.929,74.364,75.036,58549.0
2023-02-01,75.064,78.693,74.357,78.643,53205.0
2023-02-02,80.786,80.786,75.072,77.786,69059.0
2023-02-03,76.479,77.414,75.714,77.186,36176.0
2023-02-06,75.786,76.957,74.572,75.814,50099.0
2023-02-07,76.422,83.279,76.422,80.35,119559.0
2023-02-08,79.622,80.35,76.643,78.843,54925.0
2023-02-09,79.707,80.922,77.414,80.414,55247.0
2023-02-10,79.85,82.036,78.643,78.707,38056.0
2023-02-13,78.686,80.072,77.75,79.779,37700.0
2023-02-14,79.7,81.479,79.15,81.479,34077.0
2023-02-15,81.243,81.45,78.429,79.357,30892.0
2023-02-16,79.286,84.714,78.986,80.207,85146.0
2023-02-17,80.072,80.543,73.7,74.0,93394.0
2023-02-20,74.979,78.757,74.857,78.572,68784.0
2023-02-21,78.286,78.914,77.0,78.714,33780.0
2023-02-22,77.922,79.193,77.572,78.15,30560.0
2023-02-23,78.15,81.214,76.993,77.214,36879.0
2023-02-24,77.572,77.857,76.107,76.393,32669.0
2023-02-27,75.436,76.843,74.5,75.672,46081.0
2023-02-28,76.357,76.686,74.3,75.429,53212.0
2023-03-01,75.5,81.179,74.364,80.15,84016.0
2023-03-02,80.129,82.736,79.65,81.95,61317.0
2023-03-03,81.95,82.072,79.072,79.679,36064.0
2023-03-06,79.714,79.786,75.786,76.543,64957.0
2023-03-07,76.479,77.222,74.893,75.157,33981.0
2023-03-08,74.822,75.857,74.143,74.922,28988.0
2023-03-09,74.929,75.286,73.2,74.114,32688.0
2023-03-10,73.286,74.829,72.936,73.679,23619.0
2023-03-13,73.643,76.836,73.293,76.25,45965.0
2023-03-14,75.772,76.586,74.143,74.522,27790.0
2023-03-15,75.072,77.572,74.143,74.286,38536.0
2023-03-16,73.986,76.757,73.45,75.122,37929.0
2023-03-17,76.5,86.786,76.25,85.372,149839.0
2023-03-20,87.364,94.922,86.886,91.072,183283.0
2023-03-21,91.572,94.714,90.572,92.214,130860.0
2023-03-22,91.922,93.379,89.714,92.357,100559.0
2023-03-23,92.229,112.222,92.229,110.722,227244.0
2023-03-24,109.357,119.593,107.136,116.686,214881.0
2023-03-27,122.786,140.8,121.893,130.064,235942.0
2023-03-28,123.529,129.279,114.45,118.643,321181.0
2023-03-29,115.822,122.35,113.143,116.736,195364.0
2023-03-30,118.214,122.564,114.714,117.572,136889.0
2023-03-31,117.6,140.657,114.714,138.5,220926.0
2023-04-03,138.5,163.443,135.429,160.429,188332.0
2023-04-04,156.872,160.422,147.843,154.693,158637.0
2023-04-06,146.643,156.714,141.493,146.357,163301.0
2023-04-07,145.429,153.643,139.214,149.714,133344.0
2023-04-10,151.136,151.286,129.714,130.6,228236.0
2023-04-11,134.393,137.572,126.857,130.929,183117.0
2023-04-12,135.372,142.572,129.65,135.429,196861.0
2023-04-13,130.714,135.286,126.343,127.529,172342.0
2023-04-14,124.85,135.343,124.85,132.429,148463.0
2023-04-17,130.786,137.429,127.107,135.172,132770.0
2023-04-18,133.3,138.593,129.0,131.907,132204.0
2023-04-19,131.829,137.272,129.736,133.75,120160.0
2023-04-20,130.429,147.572,129.714,142.572,162008.0
2023-04-21,144.714,144.714,132.429,132.714,124825.0
2023-04-24,132.357,133.914,121.143,124.714,173594.0
2023-04-25,127.572,137.736,127.572,131.864,162280.0
2023-04-26,132.586,134.0,115.643,117.514,186812.0
2023-04-27,114.714,119.779,112.407,114.143,149175.0
2023-04-28,112.893,121.857,112.893,119.707,130266.0
2023-05-04,119.629,121.736,113.293,117.743,88624.0
2023-05-05,116.214,124.714,115.429,117.536,104643.0
2023-05-08,117.572,122.857,113.343,119.486,100885.0
2023-05-09,120.529,131.493,119.007,119.757,151146.0
2023-05-10,119.0,121.243,114.007,116.686,88814.0
2023-05-11,118.55,119.714,113.0,113.4,64512.0
2023-05-12,112.622,119.714,112.622,115.564,72168.0
2023-05-15,116.322,116.993,110.922,115.836,67105.0
2023-05-16,116.143,117.572,113.0,113.329,59957.0
2023-05-17,113.036,115.143,111.857,113.643,37669.0
2023-05-18,113.729,126.986,113.729,126.814,150565.0
2023-05-19,128.386,131.814,124.357,125.0,102292.0
2023-05-22,123.743,123.864,110.572,113.072,129839.0
2023-05-23,113.072,113.507,106.272,107.929,127724.0
2023-05-24,108.286,108.6,101.143,103.286,137246.0
2023-05-25,105.164,106.143,100.572,102.936,81895.0
2023-05-26,103.286,108.914,101.864,106.572,90266.0
2023-05-29,108.95,110.3,101.464,102.893,101049.0
2023-05-30,101.864,109.714,101.164,108.429,113533.0
2023-05-31,108.4,109.407,106.114,107.457,79501.0
2023-06-01,107.6,120.643,107.243,118.486,158718.0
2023-06-02,120.143,122.286,116.143,116.75,94176.0
2023-06-05,116.693,123.693,115.822,118.714,92778.0
2023-06-06,117.972,122.114,112.929,113.293,96812.0
2023-06-07,113.779,116.864,111.864,113.072,74683.0
2023-06-08,111.336,113.014,109.279,111.429,61478.0
2023-06-09,111.864,113.179,106.286,110.957,104987.0
2023-06-12,109.386,116.129,109.0,112.329,89937.0
2023-06-13,111.857,126.757,110.65,120.893,151534.0
2023-06-14,120.214,127.986,117.043,123.5,126766.0
2023-06-15,125.429,128.193,119.629,120.843,93767.0
2023-06-16,122.572,131.679,119.25,130.429,123239.0
2023-06-19,137.2,145.9,128.95,142.564,176542.0
2023-06-20,142.864,151.714,138.643,144.0,144602.0
2023-06-21,140.429,143.279,134.0,134.0,113718.0
2023-06-26,130.786,131.857,121.872,123.0,115891.0
2023-06-27,123.322,126.114,121.143,124.45,83310.0
2023-06-28,123.164,123.657,115.514,120.143,74793.0
2023-06-29,121.143,121.857,112.572,117.543,81196.0
2023-06-30,116.143,118.643,114.757,117.772,69249.0
2023-07-03,117.529,117.529,108.336,114.714,104896.0
2023-07-04,113.357,114.693,110.879,112.779,70569.0
2023-07-05,112.572,114.343,110.857,111.643,60565.0
2023-07-06,111.643,115.643,110.872,112.743,72324.0
2023-07-07,112.214,113.057,107.929,110.607,67582.0
2023-07-10,111.464,111.779,109.064,110.364,40165.0
2023-07-11,110.264,113.343,109.45,110.607,55018.0
2023-07-12,109.85,110.357,105.007,105.322,84619.0
2023-07-13,107.043,109.429,105.307,108.786,68160.0
2023-07-14,109.714,116.714,109.164,113.65,112299.0
2023-07-17,111.893,113.857,110.472,111.629,36301.0
2023-07-18,111.707,112.922,110.472,111.4,29934.0
2023-07-19,116.757,117.572,110.036,110.5,65423.0
2023-07-20,109.714,110.429,105.114,105.864,68615.0
2023-07-21,104.714,106.964,103.786,104.922,38376.0
2023-07-24,104.0,107.772,103.679,105.064,34743.0
2023-07-25,113.286,119.929,111.214,119.829,181698.0
2023-07-26,116.857,117.264,110.843,115.0,100384.0
2023-07-27,112.857,114.343,109.15,110.093,72162.0
2023-07-28,109.3,131.857,109.007,129.786,209508.0
2023-07-31,132.572,135.057,126.0,127.572,189217.0
2023-08-01,125.429,130.286,120.643,123.743,148898.0
2023-08-02,123.286,128.643,121.407,124.643,106781.0
2023-08-03,125.429,134.472,122.029,131.072,144145.0
2023-08-04,135.743,145.286,129.722,132.214,235923.0
2023-08-07,129.8,133.272,127.593,130.7,109705.0
2023-08-08,129.636,130.4,124.364,125.507,113984.0
2023-08-09,124.272,127.229,123.822,124.15,70294.0
2023-08-10,124.0,128.372,123.5,128.336,100667.0
2023-08-11,127.929,127.929,121.257,121.779,99398.0
2023-08-14,117.757,124.393,117.5,121.964,71887.0
2023-08-15,119.714,125.0,119.036,124.714,75517.0
2023-08-16,122.072,128.829,120.75,122.786,80987.0
2023-08-17,121.143,122.486,116.486,118.329,93103.0
2023-08-18,119.714,122.75,116.843,116.843,66148.0
2023-08-21,115.093,116.15,109.636,111.229,96136.0
2023-08-22,112.943,113.993,109.857,113.136,82189.0
2023-08-23,111.643,112.036,107.286,107.5,86683.0
2023-08-24,108.636,116.043,108.279,112.572,111811.0
2023-08-25,112.672,113.264,108.143,109.2,72355.0
2023-08-28,131.857,131.857,112.7,113.643,203244.0
2023-08-29,111.857,119.607,109.314,115.529,143799.0
2023-08-30,114.0,116.822,112.272,114.793,89873.0
2023-08-31,113.436,115.8,111.857,112.107,65513.0
2023-09-01,112.214,113.643,111.0,111.393,46260.0
2023-09-04,111.857,113.622,109.0,111.543,63850.0
2023-09-05,110.822,110.822,107.579,108.143,72969.0
2023-09-06,108.157,108.157,104.0,104.536,89608.0
2023-09-07,104.0,106.757,103.714,105.057,62505.0
2023-09-08,104.693,108.293,103.836,107.907,63330.0
2023-09-11,107.193,109.564,105.407,108.679,62558.0
2023-09-12,107.429,108.907,104.472,105.364,54832.0
2023-09-13,104.993,105.179,98.207,99.436,111892.0
2023-09-14,99.0,99.443,95.086,97.286,95043.0
2023-09-15,97.572,98.286,95.443,96.0,59326.0
2023-09-18,95.15,97.236,94.714,96.143,48323.0
2023-09-19,96.143,96.264,94.214,95.407,41201.0
2023-09-20,95.214,97.5,94.214,94.479,41655.0
2023-09-21,94.486,96.036,93.386,93.629,49281.0
2023-09-22,93.572,101.886,93.493,101.157,149029.0
2023-09-25,99.879,100.222,96.714,97.143,72785.0
2023-09-26,97.15,101.129,97.136,98.964,73084.0
2023-09-27,99.0,101.379,98.7,100.343,51404.0
2023-09-28,100.786,101.372,98.114,99.329,42764.0
2023-10-09,98.214,100.343,95.65,99.429,50657.0
2023-10-10,99.714,102.007,99.714,100.214,42368.0
2023-10-11,100.572,104.043,100.293,101.579,57805.0
2023-10-12,105.429,108.722,101.379,102.372,78117.0
2023-10-13,101.15,101.764,99.786,100.514,42635.0
2023-10-16,100.514,101.072,98.814,99.75,34714.0
2023-10-17,99.829,102.929,98.107,101.693,56418.0
2023-10-18,99.736,100.2,96.857,98.436,47942.0
2023-10-19,97.586,101.25,97.579,97.822,55497.0
2023-10-20,95.443,99.143,95.443,96.822,45599.0
2023-10-23,95.429,95.429,89.714,91.143,73118.0
2023-10-24,91.857,97.057,91.357,95.572,85558.0
2023-10-25,96.672,97.2,91.343,92.143,73032.0
2023-10-26,91.143,91.143,88.572,90.186,61472.0
2023-10-27,89.357,94.129,88.564,93.386,71687.0
2023-10-30,92.429,94.572,92.0,93.714,55000.0
2023-10-31,94.1,94.443,92.329,92.993,40865.0
2023-11-01,94.114,94.572,91.857,91.993,35093.0
2023-11-02,91.857,93.793,90.35,90.486,43409.0
2023-11-03,90.579,92.922,90.064,91.65,51031.0
2023-11-06,93.622,100.072,93.222,99.1,132791.0
2023-11-07,97.85,99.893,97.35,99.129,75874.0
2023-11-08,99.15,103.179,98.414,100.907,88993.0
2023-11-09,100.557,101.936,99.836,100.057,43847.0
2023-11-10,99.622,100.25,97.879,99.614,45038.0
2023-11-13,100.072,102.757,99.714,101.2,63027.0
2023-11-14,100.5,104.393,100.5,101.857,63327.0
2023-11-15,104.1,105.25,101.157,101.5,65560.0
2023-11-16,100.429,102.072,99.493,99.493,41735.0
2023-11-17,99.643,100.786,98.857,100.129,31574.0
2023-11-20,100.336,100.464,97.379,99.279,53530.0
2023-11-21,99.572,103.129,99.436,100.057,64960.0
2023-11-22,99.079,100.557,97.572,97.572,40432.0
2023-11-23,96.857,97.329,94.143,95.072,64393.0
2023-11-24,95.079,95.414,93.022,93.486,38924.0
2023-11-27,92.936,94.557,92.85,93.379,34127.0
2023-11-28,93.6,94.857,92.643,93.793,34913.0
2023-11-29,93.8,94.593,92.864,92.943,35565.0
2023-11-30,93.193,93.85,92.05,92.914,31562.0
2023-12-01,93.286,98.936,92.5,97.579,89033.0
2023-12-04,96.857,105.15,95.786,102.564,127205.0
2023-12-05,101.143,103.279,99.929,100.822,73491.0
2023-12-06,100.05,102.429,99.772,100.793,50309.0
2023-12-07,101.857,104.636,101.143,102.564,78638.0
2023-12-08,101.607,108.35,101.5,106.357,133373.0
2023-12-11,111.057,112.572,106.857,110.122,142789.0
2023-12-12,109.714,112.843,107.072,108.686,86495.0
2023-12-13,108.286,109.7,106.7,107.143,55855.0
2023-12-14,107.943,108.643,105.143,105.886,62863.0
2023-12-15,106.914,107.836,104.464,104.929,51286.0
2023-12-18,105.072,108.714,104.457,105.65,58471.0
2023-12-19,105.879,107.022,104.786,106.136,43472.0
2023-12-20,106.257,106.736,100.586,100.679,67132.0
2023-12-21,101.15,103.972,99.786,101.736,50504.0
2023-12-22,101.529,101.729,98.286,99.029,49631.0
2023-12-25,98.364,100.15,98.3,98.972,29701.0
2023-12-26,98.722,99.7,96.122,96.714,42649.0
2023-12-27,96.857,98.286,94.536,95.714,57031.0
2023-12-28,95.214,105.779,94.929,104.557,102130.0
2023-12-29,103.357,105.286,102.493,104.622,55623.0
2024-01-02,103.993,105.329,102.964,103.072,41835.0
2024-01-03,102.364,105.122,100.572,102.857,53186.0
2024-01-04,102.857,103.557,100.714,101.714,42126.0
2024-01-05,101.736,102.479,98.557,98.929,42750.0
2024-01-08,99.714,107.579,99.714,102.786,153801.0
2024-01-09,101.857,102.75,94.786,96.422,101135.0
2024-01-10,95.429,96.614,92.779,93.636,60853.0
2024-01-11,93.629,100.743,93.286,97.893,84050.0
2024-01-12,97.072,98.286,95.2,95.75,45158.0
2024-01-15,94.0,97.557,94.0,95.407,41467.0
2024-01-16,94.95,94.95,80.422,85.407,229423.0
2024-01-17,85.029,85.057,81.714,82.014,85474.0
2024-01-18,81.143,84.414,79.964,84.35,109719.0
2024-01-19,83.143,83.993,80.193,80.507,91229.0
2024-01-22,80.122,80.25,76.057,77.429,83104.0
2024-01-23,77.429,84.129,75.836,82.193,132480.0
2024-01-24,83.286,86.086,80.736,84.964,127349.0
2024-01-25,83.286,85.864,82.272,84.857,109024.0
2024-01-26,83.6,85.643,82.572,83.479,59702.0
2024-01-29,84.0,84.672,79.957,79.957,66499.0
2024-01-30,79.279,82.0,78.843,78.979,51029.0
2024-01-31,79.636,80.022,74.714,74.743,79516.0
2024-02-01,74.093,79.222,73.686,76.5,71616.0
2024-02-02,76.572,77.543,69.743,72.929,92547.0
2024-02-05,71.386,72.914,66.9,70.107,92595.0
2024-02-06,69.572,79.607,68.929,79.314,120982.0
2024-02-07,79.764,80.736,76.486,77.972,109082.0
2024-02-08,79.372,83.572,79.357,82.064,96050.0
2024-02-19,83.286,84.629,81.722,84.572,87881.0
2024-02-20,83.272,84.214,81.836,83.429,77895.0
2024-02-21,81.857,88.686,81.272,84.729,120109.0
2024-02-22,83.286,86.75,83.214,85.757,78616.0
2024-02-23,86.143,87.214,84.2,85.872,69945.0
2024-02-26,84.929,87.214,84.722,85.493,62561.0
2024-02-27,83.286,89.357,83.014,89.322,128807.0
2024-02-28,91.143,95.607,86.829,87.15,171913.0
2024-02-29,85.65,90.564,85.65,90.479,112917.0
2024-03-01,90.079,94.929,88.772,93.472,119361.0
2024-03-04,94.0,98.214,93.572,95.043,113648.0
2024-03-05,93.807,95.914,92.593,94.364,76032.0
2024-03-06,93.75,96.143,91.772,94.214,71701.0
2024-03-07,93.179,94.643,89.486,89.536,82142.0
2024-03-08,89.536,91.536,89.2,90.822,50460.0
2024-03-11,90.036,91.857,89.422,91.857,60673.0
2024-03-12,92.836,93.293,90.15,91.514,72612.0
2024-03-13,91.857,92.207,90.386,90.95,58843.0
2024-03-14,90.643,91.357,88.364,89.736,63261.0
2024-03-15,89.236,89.643,86.214,89.157,82902.0
2024-03-18,89.75,92.536,89.386,92.0,90154.0
2024-03-19,91.436,91.707,89.372,89.372,65246.0
2024-03-20,89.007,92.572,89.007,91.743,96544.0
2024-03-21,96.143,102.636,95.929,96.786,218991.0
2024-03-22,96.786,97.429,92.664,95.272,108091.0
2024-03-25,96.807,98.786,95.164,95.25,115188.0
2024-03-26,94.343,95.2,90.329,91.143,98615.0
2024-03-27,90.786,91.272,86.164,86.164,76467.0
2024-03-28,86.279,90.393,85.272,88.872,67155.0
2024-03-29,88.429,88.922,86.55,87.686,47306.0
2024-04-01,88.357,91.072,88.357,91.072,62440.0
2024-04-02,90.75,91.0,88.622,89.186,48425.0
2024-04-03,89.364,89.5,85.743,85.872,62820.0
2024-04-08,85.786,86.022,83.386,84.572,40269.0
2024-04-09,84.714,85.55,84.143,84.95,35021.0
2024-04-10,84.714,84.714,81.143,81.529,53066.0
2024-04-11,80.929,82.572,73.8,78.129,116248.0
2024-04-12,77.0,78.5,73.914,74.793,125213.0
2024-04-15,75.493,79.843,74.143,77.857,111475.0
2024-04-16,77.243,77.836,74.272,74.564,75861.0
2024-04-17,75.564,77.022,74.736,76.5,87413.0
2024-04-18,75.65,78.279,73.086,75.5,103354.0
2024-04-19,74.714,74.857,72.479,73.214,86748.0
2024-04-22,72.714,75.022,72.336,73.507,63838.0
2024-04-23,74.007,75.036,73.514,74.393,59248.0
2024-04-24,74.307,74.986,73.157,74.736,63933.0
2024-04-25,74.05,74.857,73.272,73.457,64319.0
2024-04-26,75.272,81.307,74.586,80.572,195270.0
2024-04-29,80.35,83.572,79.693,82.457,156298.0
2024-04-30,81.286,82.707,80.143,80.507,78235.0
2024-05-06,82.793,85.572,82.643,82.864,112970.0
2024-05-07,82.164,83.214,81.672,82.493,59291.0
2024-05-08,81.657,82.122,79.15,79.572,71466.0
2024-05-09,79.514,81.979,79.486,80.986,58793.0
2024-05-10,81.643,83.893,81.072,81.522,76191.0
2024-05-13,81.286,81.286,79.114,79.886,64319.0
2024-05-14,79.686,80.557,78.264,79.743,64952.0
2024-05-15,79.743,80.036,77.007,77.036,60195.0
2024-05-16,77.157,79.843,77.157,77.714,65016.0
2024-05-17,77.786,80.557,76.786,80.443,72989.0
2024-05-20,80.607,83.514,79.857,82.264,95957.0
2024-05-21,81.286,82.357,79.986,80.329,46837.0
2024-05-22,80.043,80.879,79.579,80.279,43435.0
2024-05-23,79.864,80.207,77.093,77.429,72238.0
2024-05-24,77.429,78.0,75.429,75.9,52340.0
2024-05-27,76.343,77.893,75.364,77.714,49253.0
2024-05-28,77.0,77.986,76.6,77.264,40456.0
2024-05-29,77.214,78.707,77.007,77.686,37937.0
2024-05-30,77.15,77.886,75.95,77.686,30934.0
2024-05-31,77.864,78.786,77.0,77.464,40120.0
2024-06-03,76.993,77.0,74.386,75.672,67632.0
2024-06-04,75.572,76.643,74.436,76.157,46631.0
2024-06-05,75.714,76.25,74.714,74.8,41239.0
2024-06-06,75.307,75.322,73.807,74.107,42343.0
2024-06-07,74.572,75.15,73.022,74.093,40158.0
2024-06-11,73.429,74.786,73.114,74.45,33004.0
2024-06-12,74.243,75.264,74.086,74.95,33927.0
2024-06-13,75.179,75.486,74.336,74.786,33300.0
2024-06-14,74.614,77.579,74.614,76.857,75611.0
2024-06-17,75.622,76.507,74.964,76.029,44975.0
2024-06-18,76.043,77.0,75.672,76.35,49796.0
2024-06-19,76.664,76.679,74.722,74.75,43222.0
2024-06-20,74.707,74.707,73.143,73.207,47208.0
2024-06-21,73.129,73.8,73.043,73.236,29091.0
2024-06-24,72.714,73.25,71.772,71.929,38832.0
2024-06-25,71.957,72.629,69.857,70.329,42976.0
2024-06-26,70.572,73.743,70.014,73.357,55937.0
2024-06-27,72.714,73.279,70.964,71.064,33824.0
2024-06-28,71.35,72.429,65.579,68.214,77806.0
2024-07-01,67.357,68.872,65.579,67.014,59168.0
2024-07-02,67.022,67.707,65.593,65.857,46495.0
2024-07-03,66.35,66.379,64.036,64.479,62108.0
2024-07-04,64.643,65.0,60.643,60.772,108813.0
2024-07-05,60.572,63.429,60.572,62.429,77130.0
2024-07-08,61.857,63.379,61.364,62.222,49639.0
2024-07-09,62.7,64.05,62.179,63.55,67259.0
2024-07-10,63.122,64.036,62.679,62.879,44664.0
2024-07-11,64.357,66.536,64.0,64.95,80619.0
2024-07-12,64.7,64.893,63.657,64.164,38182.0
2024-07-15,64.072,64.307,63.572,63.907,24542.0
2024-07-16,63.8,64.464,63.529,64.207,35086.0
2024-07-17,64.057,65.057,63.9,64.057,39985.0
2024-07-18,63.807,64.293,62.679,64.043,48402.0
2024-07-19,64.072,65.564,63.693,65.114,54430.0
2024-07-22,66.643,66.786,64.55,65.329,58936.0
2024-07-23,64.486,64.986,62.714,62.8,44517.0
2024-07-24,62.586,63.25,61.514,61.75,43978.0
2024-07-25,61.779,65.886,61.436,64.479,83856.0
2024-07-26,64.143,66.893,64.143,64.879,64863.0
2024-07-29,64.636,64.879,63.357,63.614,41873.0
2024-07-30,63.429,64.143,62.872,63.293,35438.0
2024-07-31,63.429,72.714,63.429,70.507,185395.0
2024-08-01,69.143,69.836,68.786,69.157,93849.0
2024-08-02,68.443,69.729,67.322,67.514,60474.0
2024-08-05,67.636,70.214,66.686,66.872,83887.0
2024-08-06,68.129,68.493,66.014,67.043,58239.0
2024-08-07,66.672,68.014,66.407,67.05,53481.0
2024-08-08,66.429,68.586,66.286,67.086,54357.0
2024-08-09,67.714,68.85,66.45,66.457,48575.0
2024-08-12,66.272,66.679,65.214,65.907,33737.0
2024-08-13,66.229,67.5,65.486,67.443,40930.0
2024-08-14,66.857,67.264,66.293,66.593,33214.0
2024-08-15,66.072,69.143,66.05,67.172,70632.0
2024-08-16,66.857,67.4,66.693,66.75,31478.0
2024-08-19,66.757,68.414,66.343,66.972,38112.0
2024-08-20,66.929,67.357,65.572,65.579,39766.0
2024-08-21,65.286,66.064,64.986,65.579,32564.0
2024-08-22,65.6,65.993,62.357,62.436,61723.0
2024-08-23,62.429,63.907,62.222,62.643,46068.0
2024-08-26,62.85,64.693,62.186,63.357,40395.0
2024-08-27,62.986,63.286,61.879,61.986,34313.0
2024-08-28,61.929,62.4,61.143,62.357,28188.0
2024-08-29,62.0,63.9,62.0,63.229,40037.0
2024-08-30,62.8,68.786,62.8,67.65,138002.0
2024-09-02,66.857,67.943,64.5,64.814,67078.0
2024-09-03,64.822,66.057,64.593,65.686,40951.0
2024-09-04,64.857,66.586,64.85,65.614,35391.0
2024-09-05,65.922,67.493,65.636,66.243,39747.0
2024-09-06,67.357,68.072,65.186,65.286,65755.0
2024-09-09,64.243,65.929,64.143,65.586,40475.0
2024-09-10,65.572,66.493,64.286,65.814,38906.0
2024-09-11,65.557,66.472,65.214,66.286,35246.0
2024-09-12,66.286,66.707,65.157,65.343,34851.0
2024-09-13,65.472,66.343,64.5,64.514,36829.0
2024-09-18,64.614,65.786,63.857,65.279,31981.0
2024-09-19,65.979,69.35,65.372,68.057,93591.0
2024-09-20,67.429,68.307,66.679,67.75,49135.0
2024-09-23,67.686,68.293,67.143,67.414,43236.0
2024-09-24,70.572,77.472,68.0,76.236,220293.0
2024-09-25,78.793,83.072,78.186,79.486,258485.0
2024-09-26,77.857,90.636,77.829,90.029,258497.0
2024-09-27,94.614,109.207,92.736,109.207,359754.0
2024-09-30,128.422,132.222,122.007,132.222,221993.0
2024-10-08,159.836,159.836,147.693,159.836,247019.0
2024-10-09,151.286,192.272,138.429,159.136,601243.0
2024-10-10,156.879,156.879,126.286,130.357,407275.0
2024-10-11,126.286,132.572,119.936,124.3,283383.0
2024-10-14,125.572,130.072,116.986,130.036,287603.0
2024-10-15,126.286,130.436,124.0,124.079,215298.0
2024-10-16,118.007,129.493,117.857,125.372,219830.0
2024-10-17,125.572,128.643,121.943,123.193,195770.0
2024-10-18,123.186,149.0,121.4,144.736,423901.0
2024-10-21,137.714,142.436,135.657,137.514,327290.0
2024-10-22,137.479,141.322,135.15,138.214,218306.0
2024-10-23,138.914,145.572,135.0,137.0,251429.0
2024-10-24,134.414,139.15,133.914,134.929,133511.0
2024-10-25,136.429,141.922,133.643,137.607,185485.0
2024-10-28,135.572,139.572,135.557,137.629,121641.0
2024-10-29,139.429,142.693,135.979,136.214,161227.0
2024-10-30,134.793,137.7,130.572,133.222,164054.0
2024-10-31,133.057,152.714,132.629,140.593,342738.0
2024-11-01,138.514,144.414,138.079,138.429,225734.0
2024-11-04,139.143,154.857,138.429,154.857,281377.0
2024-11-05,153.25,187.0,149.15,185.929,418569.0
2024-11-06,184.143,216.279,180.579,189.15,481682.0
2024-11-07,187.714,228.15,184.922,228.15,451400.0
2024-11-08,229.857,237.357,209.857,211.143,410065.0
2024-11-11,201.286,215.172,201.286,209.714,258002.0
2024-11-12,208.429,224.143,207.0,221.843,306909.0
2024-11-13,217.707,229.057,206.286,221.286,273948.0
2024-11-14,218.786,232.572,218.429,221.257,262067.0
2024-11-15,216.979,224.072,187.707,188.786,420752.0
2024-11-18,187.714,192.0,176.529,184.343,292469.0
2024-11-19,184.772,201.286,182.086,200.572,270344.0
2024-11-20,196.993,201.279,193.457,197.314,198354.0
2024-11-21,194.214,208.607,194.129,203.572,228075.0
2024-11-22,201.857,207.093,193.186,193.85,215824.0
2024-11-25,194.25,196.572,187.0,194.643,184340.0
2024-11-26,191.957,204.779,191.15,197.15,174725.0
2024-11-27,195.179,221.264,195.179,220.557,285601.0
2024-11-28,220.572,222.7,211.757,212.722,237300.0
2024-11-29,212.0,253.357,212.0,233.907,366859.0
2024-12-02,222.664,229.572,218.0,227.672,338955.0
2024-12-03,227.607,241.729,220.829,230.672,278371.0
2024-12-04,228.857,242.0,228.843,230.793,242573.0
2024-12-05,231.286,243.2,230.579,240.2,238670.0
2024-12-06,238.429,251.643,232.879,238.436,282296.0
2024-12-09,234.857,239.757,226.222,230.079,197961.0
2024-12-10,251.286,254.85,227.479,227.714,343721.0
2024-12-11,223.043,226.614,216.514,221.307,208784.0
2024-12-12,219.143,231.414,219.143,225.286,192366.0
2024-12-13,219.864,222.664,211.2,213.357,207479.0
2024-12-16,213.407,214.464,205.586,207.107,164746.0
2024-12-17,207.236,212.714,205.936,208.043,161198.0
2024-12-18,207.643,209.557,204.186,206.972,111252.0
2024-12-19,204.093,214.5,202.622,212.0,157265.0
2024-12-20,211.657,216.407,209.629,212.593,138316.0
2024-12-23,210.572,216.893,209.857,211.243,109524.0
2024-12-24,210.214,215.729,205.572,215.643,129856.0
2024-12-25,215.329,218.993,212.65,216.972,117916.0
2024-12-26,215.579,217.607,212.572,213.336,110204.0
2024-12-27,211.922,220.486,206.922,214.843,188241.0
2024-12-30,212.707,215.564,210.807,214.214,105283.0
2024-12-31,214.229,215.5,197.714,199.5,183722.0
2025-01-02,194.422,197.472,182.464,185.25,224294.0
2025-01-03,184.972,186.279,177.264,177.7,157835.0
2025-01-06,176.293,180.414,173.429,174.75,108785.0
2025-01-07,175.786,181.057,174.479,180.572,140486.0
2025-01-08,177.822,183.357,173.429,179.079,141143.0
2025-01-09,177.614,181.914,177.357,178.343,82474.0
2025-01-10,178.836,180.129,172.857,173.107,91715.0
2025-01-13,170.329,176.843,169.022,174.772,100421.0
2025-01-14,176.286,201.3,174.2,201.286,296485.0
2025-01-15,196.722,196.993,191.279,192.772,175887.0
2025-01-16,195.572,203.179,192.236,196.672,193835.0
2025-01-17,194.443,205.214,194.143,201.714,204267.0
2025-01-20,206.993,206.993,198.357,200.072,168519.0
2025-01-21,203.429,204.857,198.429,204.3,140954.0
2025-01-22,202.357,205.914,199.857,205.65,147235.0
2025-01-23,211.286,226.286,207.0,207.036,286439.0
2025-01-24,205.6,210.95,203.836,210.572,163550.0
2025-01-27,209.193,210.214,192.714,193.522,170906.0
2025-02-05,199.857,205.329,195.579,199.572,139116.0
2025-02-06,198.186,215.572,197.922,212.936,215499.0
2025-02-07,212.007,229.85,209.136,220.343,300856.0
2025-02-10,223.429,226.857,218.429,223.564,191644.0
2025-02-11,220.436,226.286,216.914,222.193,144368.0
2025-02-12,222.493,228.143,219.236,226.629,169046.0
2025-02-13,223.429,224.7,216.379,217.136,172765.0
2025-02-14,215.572,218.786,209.786,215.572,144914.0
2025-02-17,218.357,223.686,215.679,218.307,145921.0
2025-02-18,215.7,218.414,206.443,207.722,132955.0
2025-02-19,207.293,217.0,206.736,214.679,137939.0
2025-02-20,214.9,215.429,209.929,212.307,87808.0
2025-02-21,212.114,222.572,208.929,221.472,209177.0
2025-02-24,219.143,223.557,217.357,220.329,134841.0
2025-02-25,216.286,222.393,214.857,216.757,129903.0
2025-02-26,217.529,226.286,212.714,225.807,216272.0
2025-02-27,222.0,222.45,213.186,217.214,198031.0
2025-02-28,213.429,216.679,208.429,209.257,121318.0
2025-03-03,207.3,209.772,200.572,203.886,102271.0
2025-03-04,201.286,206.707,201.286,206.172,70832.0
2025-03-05,206.114,208.407,203.357,207.393,73744.0
2025-03-06,210.572,221.286,209.0,220.429,203949.0
2025-03-07,217.086,222.564,214.936,217.357,143011.0
2025-03-10,215.929,216.286,210.072,213.107,89490.0
2025-03-11,208.429,212.4,208.429,212.222,58436.0
2025-03-12,214.157,219.5,212.779,213.336,110352.0
2025-03-13,211.364,213.857,207.307,208.772,84354.0
2025-03-14,208.779,230.629,207.857,221.786,249217.0
2025-03-17,221.786,223.35,217.743,219.872,99246.0
2025-03-18,222.0,222.707,218.072,219.543,74000.0
2025-03-19,218.422,222.464,217.086,218.772,76976.0
2025-03-20,218.757,218.964,213.429,214.157,77274.0
2025-03-21,214.057,215.564,208.929,209.3,81235.0
2025-03-24,209.143,211.2,207.486,210.486,76616.0
2025-03-25,210.407,210.572,203.743,204.672,71574.0
2025-03-26,204.922,209.614,204.922,205.372,53104.0
2025-03-27,204.836,210.429,202.714,206.214,65528.0
2025-03-28,206.586,209.143,205.086,206.879,49941.0
2025-03-31,204.779,204.779,194.0,200.286,99114.0
2025-04-01,201.279,202.629,190.572,191.643,112681.0
2025-04-02,192.707,196.786,191.5,196.264,71586.0
2025-04-03,194.029,198.786,194.029,196.514,57827.0
2025-04-07,182.0,188.429,162.0,172.129,186021.0
2025-04-08,175.586,179.85,172.464,175.786,128070.0
2025-04-09,173.05,187.707,169.143,186.286,155744.0
2025-04-10,191.514,193.286,184.607,184.607,136886.0
2025-04-11,183.8,187.822,182.022,185.357,87623.0
2025-04-14,186.643,188.0,184.5,185.029,62901.0
2025-04-15,184.85,184.857,182.429,184.0,43538.0
2025-04-16,182.864,184.579,179.857,183.107,50372.0
2025-04-17,180.707,185.572,180.707,183.922,50652.0
2025-04-18,183.429,186.779,182.714,185.922,54253.0
2025-04-21,184.414,187.629,182.714,186.636,52409.0
2025-04-22,186.15,187.072,184.164,184.714,45019.0
2025-04-23,186.372,188.786,184.5,185.079,71054.0
2025-04-24,184.357,185.393,181.05,182.536,54009.0
2025-04-25,182.064,185.214,179.5,182.057,78982.0
2025-04-28,180.657,181.964,179.614,179.693,46443.0
2025-04-29,179.307,183.064,178.822,179.929,50940.0
2025-04-30,180.564,185.479,179.972,181.0,66587.0
2025-05-06,182.85,187.657,182.214,186.25,102303.0
2025-05-07,196.8,201.836,187.2,187.843,163545.0
2025-05-08,187.486,188.9,186.0,186.772,64295.0
2025-05-09,186.022,186.772,181.207,181.914,62231.0
2025-05-12,184.714,189.857,181.286,188.5,111922.0
2025-05-13,189.143,191.043,184.857,184.857,79060.0
2025-05-14,184.857,200.014,182.322,192.607,172824.0
2025-05-15,189.386,191.279,185.486,185.722,81924.0
2025-05-16,185.479,185.493,182.422,182.429,56452.0
2025-05-19,182.136,182.429,179.343,181.029,42002.0
2025-05-20,181.079,182.629,180.722,181.036,41869.0
2025-05-21,181.279,181.714,179.514,180.543,42569.0
2025-05-22,179.836,181.629,179.157,179.236,28044.0
2025-05-23,179.114,180.114,174.414,175.293,56582.0
2025-05-26,175.579,176.164,174.222,174.993,35427.0
2025-05-27,174.993,176.7,174.643,175.122,31698.0
2025-05-28,175.786,175.814,172.264,172.272,36228.0
2025-05-29,172.714,176.7,172.614,175.979,49833.0
2025-05-30,174.85,174.864,172.486,173.007,36668.0
2025-06-03,171.286,174.857,171.129,172.729,34647.0
2025-06-04,172.0,175.843,171.143,174.643,52943.0
2025-06-05,174.664,178.822,173.757,177.793,64884.0
2025-06-06,177.843,178.286,174.143,174.5,46783.0
2025-06-09,174.657,179.857,174.657,178.6,77550.0
2025-06-10,178.429,178.979,172.357,174.057,61810.0
2025-06-11,174.129,184.143,173.85,178.357,107302.0
2025-06-12,177.0,182.2,176.472,179.243,69133.0
2025-06-13,177.429,179.129,175.2,175.7,57388.0
2025-06-16,174.5,178.807,174.5,178.429,51868.0
2025-06-17,177.357,178.286,175.772,176.9,42688.0
2025-06-18,176.293,176.607,173.786,174.772,39351.0
2025-06-19,174.864,175.043,165.757,169.279,69790.0
2025-06-20,169.279,170.243,166.293,166.407,45315.0
2025-06-23,165.329,167.279,163.793,166.657,53784.0
2025-06-24,167.207,178.129,166.643,177.064,146575.0
2025-06-25,177.072,210.0,176.643,203.264,343297.0
2025-06-26,201.043,202.229,194.143,197.164,202983.0
2025-06-27,199.722,204.493,193.436,193.75,168553.0
2025-06-30,193.586,195.572,190.014,191.293,93379.0
2025-07-01,191.307,192.357,186.429,188.657,81926.0
2025-07-02,187.786,190.329,186.107,186.786,63537.0
2025-07-03,187.143,189.614,186.714,188.15,77021.0
2025-07-04,188.143,195.214,185.929,188.95,156333.0
2025-07-07,187.007,191.107,186.729,188.643,69450.0
2025-07-08,188.45,193.429,188.429,192.714,110527.0
2025-07-09,192.436,195.214,190.214,190.736,84172.0
2025-07-10,189.857,194.879,188.114,192.722,104112.0
2025-07-11,192.743,209.5,190.929,201.464,253068.0
2025-07-14,199.8,199.843,192.257,194.2,127021.0
2025-07-15,192.722,195.807,191.493,193.129,84759.0
2025-07-16,193.029,195.429,191.729,192.722,58444.0
2025-07-17,192.329,194.143,191.772,192.714,69482.0
2025-07-18,192.8,196.043,192.007,192.779,70894.0
2025-07-21,192.036,196.207,190.857,194.107,73696.0
2025-07-22,194.114,201.214,194.114,198.086,129569.0
2025-07-23,199.3,207.0,199.022,201.65,177361.0
2025-07-24,198.15,207.472,198.15,206.622,151068.0
2025-07-25,206.286,207.986,202.186,202.8,89131.0
2025-07-28,203.143,208.95,203.143,204.993,94552.0
2025-07-29,204.086,206.443,199.543,206.429,92549.0
2025-07-30,205.807,210.279,203.429,205.407,114940.0
2025-07-31,203.429,207.472,197.914,198.857,114211.0
2025-08-01,198.893,208.872,197.936,204.072,147707.0
2025-08-04,202.357,206.143,201.243,202.372,70849.0
2025-08-05,203.072,206.414,200.329,205.764,86533.0
2025-08-06,204.15,206.229,202.822,205.357,66893.0
2025-08-07,205.7,210.214,202.857,204.672,101968.0
2025-08-08,204.143,204.5,200.572,201.143,64169.0
2025-08-11,201.286,220.807,200.572,216.014,244116.0
2025-08-12,214.986,224.85,214.986,223.464,155968.0
2025-08-13,225.564,229.143,220.286,227.572,179191.0
2025-08-14,226.286,230.093,221.757,221.864,132620.0
2025-08-15,221.843,266.972,221.286,258.572,307925.0
2025-08-18,258.214,301.2,251.286,285.5,308798.0
2025-08-19,279.15,285.564,274.0,274.343,203163.0
2025-08-20,272.936,274.772,264.536,272.357,130399.0
2025-08-21,273.436,277.129,266.293,268.114,136262.0
2025-08-22,266.122,283.422,264.864,282.586,200533.0
2025-08-25,283.179,295.729,276.372,280.822,235105.0
2025-08-26,280.786,291.15,277.0,283.429,162559.0
2025-08-27,282.072,296.286,279.15,282.122,188351.0
2025-08-28,281.829,287.143,269.414,287.143,184053.0
2025-08-29,287.357,298.693,282.45,291.386,189887.0
2025-09-01,287.0,289.7,270.422,280.15,181062.0
2025-09-02,277.793,281.143,268.436,270.543,151107.0
2025-09-03,272.807,278.264,260.579,262.014,141165.0
2025-09-04,262.15,271.679,249.857,253.493,148131.0
2025-09-05,254.15,255.622,247.357,254.5,136605.0
2025-09-08,247.357,249.572,238.429,241.714,189686.0
2025-09-09,244.979,251.093,243.343,244.857,144746.0
2025-09-10,242.736,252.129,242.736,247.286,94579.0
2025-09-11,246.286,263.75,244.143,258.722,175657.0
2025-09-12,258.857,269.0,256.643,257.079,136470.0
2025-09-15,254.857,265.557,254.857,261.2,116879.0
2025-09-16,261.0,268.429,258.779,264.879,121218.0
2025-09-17,264.914,279.043,263.507,275.157,176957.0
2025-09-18,269.857,269.993,253.5,258.364,200774.0
2025-09-19,255.322,259.836,253.872,253.872,85987.0
2025-09-22,252.65,260.222,252.65,259.864,81394.0
2025-09-23,256.343,256.343,247.114,252.757,95570.0
2025-09-24,250.614,258.2,250.414,256.064,85900.0
2025-09-25,256.107,263.722,256.107,258.5,99214.0
2025-09-26,257.429,259.564,252.857,253.429,65505.0
2025-09-29,251.114,274.572,251.114,267.5,191501.0
2025-09-30,264.222,266.829,259.936,261.907,117012.0
2025-10-09,260.65,271.357,256.357,267.993,136004.0
2025-10-10,265.164,267.779,256.514,257.914,102334.0
2025-10-13,242.786,255.014,242.786,253.5,78025.0
2025-10-14,254.929,262.343,246.329,247.0,87385.0
2025-10-15,249.929,252.7,244.272,251.0,60818.0
2025-10-16,251.357,255.643,248.043,250.086,54676.0
2025-10-17,249.214,252.314,238.572,239.322,74285.0
2025-10-20,245.636,249.072,243.457,244.636,69823.0
2025-10-21,245.643,250.629,243.207,248.172,66030.0
2025-10-22,246.672,248.172,243.286,247.079,45382.0
2025-10-23,251.0,251.907,244.022,250.85,81796.0
2025-10-24,251.35,255.05,247.022,254.85,107823.0
2025-10-27,260.786,261.786,252.386,254.993,132215.0
2025-10-28,252.407,264.529,249.929,258.486,145362.0
2025-10-29,255.643,279.8,255.286,272.929,206273.0
2025-10-30,269.514,270.643,258.357,258.557,156816.0
2025-10-31,258.557,260.336,255.286,255.829,77539.0
2025-11-03,254.214,255.714,247.193,252.707,70368.0
2025-11-04,250.936,251.986,245.579,247.793,60254.0
2025-11-05,245.286,249.843,245.014,248.657,47196.0
2025-11-06,248.514,255.072,247.843,253.579,65399.0
2025-11-07,251.0,251.007,246.357,246.414,58945.0
2025-11-10,245.643,253.357,245.643,251.122,59554.0
2025-11-11,251.836,251.879,243.414,243.993,71497.0
2025-11-12,242.786,243.986,231.072,233.814,88220.0
2025-11-13,233.279,239.714,232.272,238.929,63643.0
2025-11-14,236.807,237.429,233.129,233.143,47180.0
2025-11-17,231.357,234.472,230.643,231.95,38542.0
2025-11-18,231.879,236.072,230.772,232.8,44334.0
2025-11-19,233.5,235.643,231.572,233.293,36540.0
2025-11-20,237.779,239.072,227.293,227.729,52508.0
2025-11-21,224.914,227.15,220.6,221.179,64615.0
2025-11-24,221.757,226.957,220.193,224.572,54327.0
2025-11-25,225.643,228.143,223.979,224.936,46005.0
2025-11-26,224.164,229.614,223.607,226.272,49677.0
2025-11-27,225.172,229.407,224.25,224.493,43957.0
2025-11-28,224.214,226.714,223.2,225.786,37683.0
2025-12-01,225.1,229.472,224.914,229.2,50963.0
2025-12-02,227.079,228.357,221.436,222.907,54124.0
2025-12-03,222.9,224.814,220.936,221.65,35116.0
2025-12-04,221.586,223.772,219.286,222.286,34234.0
2025-12-05,222.7,236.122,221.214,231.222,144524.0
2025-12-08,234.886,237.6,231.479,232.122,123363.0
2025-12-09,229.95,232.529,226.829,228.007,64968.0
2025-12-10,226.686,229.429,223.986,228.479,49747.0
2025-12-11,227.779,228.857,221.357,221.5,52828.0
2025-12-12,222.85,224.207,219.214,222.743,59759.0
2025-12-15,220.536,221.986,216.472,217.072,58675.0
2025-12-16,217.072,218.636,214.929,215.686,47571.0
2025-12-17,214.929,224.572,214.822,222.529,80950.0
2025-12-18,220.372,222.064,219.214,219.214,42879.0
2025-12-19,219.507,224.214,218.736,218.786,49833.0
2025-12-22,217.786,223.414,217.786,222.072,53525.0
2025-12-23,222.079,223.557,219.643,220.5,41377.0
2025-12-24,219.714,224.414,219.679,223.514,53145.0
2025-12-25,223.143,229.15,222.714,228.072,64659.0
2025-12-26,227.786,234.214,226.843,229.293,79449.0
2025-12-29,228.729,231.714,227.45,228.5,49773.0
2025-12-30,227.693,231.214,226.5,229.022,46434.0
2025-12-31,228.486,231.779,226.486,226.486,54159.0
2026-01-05,227.072,234.45,226.536,233.579,88673.0
2026-01-06,234.25,263.022,233.429,262.072,243672.0
2026-01-07,256.779,260.643,251.857,255.857,145148.0
2026-01-08,250.636,251.214,242.079,244.443,129984.0
2026-01-09,243.672,254.922,242.486,250.357,127767.0
2026-01-12,252.2,281.622,250.65,277.336,274324.0
2026-01-13,282.072,292.172,274.214,277.293,251022.0
2026-01-14,272.079,307.072,272.079,281.136,285144.0
2026-01-15,275.043,280.772,269.929,273.714,144553.0
2026-01-16,278.364,282.064,264.643,264.929,120778.0
2026-01-19,264.214,264.907,254.343,257.064,123941.0
2026-01-20,256.65,260.4,250.129,251.972,86385.0
2026-01-21,255.657,260.643,251.986,254.572,111454.0
2026-01-22,255.543,259.2,250.786,252.207,100894.0
2026-01-23,252.5,263.022,251.593,257.2,125830.0
2026-01-26,254.857,260.379,249.272,249.95,118731.0
2026-01-27,249.572,251.829,243.407,246.936,94415.0
2026-01-28,248.486,251.622,245.643,246.429,75239.0
2026-01-29,244.929,256.043,240.343,251.857,147214.0
2026-01-30,250.786,250.929,242.572,245.493,98694.0
2026-02-02,245.486,252.636,242.936,243.357,92106.0
2026-02-03,246.214,249.864,242.943,248.664,86679.0
2026-02-04,246.993,255.643,246.029,253.136,120878.0
2026-02-05,250.222,252.422,245.714,248.629,86537.0
2026-02-06,247.922,249.922,240.064,240.236,86312.0
2026-02-09,244.343,249.922,243.414,248.993,87963.0
2026-02-10,248.993,251.0,245.093,246.064,53636.0
2026-02-11,245.486,245.486,240.893,242.643,48222.0
2026-02-12,242.686,243.272,240.129,240.722,49440.0
2026-02-13,241.357,243.479,237.357,237.379,62015.0
2026-02-24,238.022,239.686,230.65,231.457,81540.0
2026-02-25,231.579,238.3,231.579,236.293,74367.0
2026-02-26,235.207,236.207,231.364,232.079,60511.0
2026-02-27,231.372,234.829,229.707,233.757,57576.0
2026-03-02,228.893,232.064,225.907,227.714,78527.0
2026-03-03,228.143,232.786,220.786,221.007,97041.0
2026-03-04,217.807,223.014,216.914,218.707,65498.0
2026-03-05,222.014,222.786,217.793,219.207,55704.0
2026-03-06,217.65,227.922,217.293,225.75,80169.0
2026-03-09,220.622,224.072,215.643,222.622,85926.0
2026-03-10,227.164,230.479,223.714,225.65,78869.0
2026-03-11,225.714,229.572,223.814,228.243,80734.0
2026-03-12,226.657,229.843,225.793,228.543,71909.0
2026-03-13,227.3,227.336,222.893,223.629,69595.0
2026-03-16,223.486,224.029,219.486,223.357,57346.0
2026-03-17,224.222,237.329,223.857,229.914,149431.0
2026-03-18,227.793,228.429,221.357,225.557,82852.0
2026-03-19,222.214,229.243,221.579,226.593,85800.0
2026-03-20,227.072,228.407,220.95,222.143,90837.0
2026-03-23,217.386,223.279,214.964,215.707,98676.0
2026-03-24,218.5,218.857,210.643,214.922,83940.0
2026-03-25,214.922,221.636,213.843,218.936,82273.0
2026-03-26,217.75,217.75,207.2,208.386,98415.0
2026-03-27,205.814,214.107,205.307,211.3,62911.0
2026-03-30,207.586,212.593,207.429,211.714,48165.0
2026-03-31,212.064,219.214,208.629,209.572,69502.0
2026-04-01,214.564,216.714,212.422,214.714,59213.0
2026-04-02,212.786,212.786,208.5,209.286,55118.0
2026-04-03,211.057,211.472,205.436,205.5,44423.0
2026-04-07,205.779,208.614,204.686,205.929,41874.0
2026-04-08,212.2,224.564,211.75,224.493,151860.0
2026-04-09,219.214,219.236,216.357,216.414,79873.0
2026-04-10,220.27,236.25,220.27,228.7,227273.0
2026-04-13,225.06,240.75,225.06,235.06,179614.0
2026-04-14,238.5,239.82,235.08,239.59,157369.0
2026-04-15,242.0,242.4,232.11,233.99,133322.0
2026-04-16,236.0,241.0,234.63,239.77,139386.0
2026-04-17,237.4,242.5,234.03,240.88,124346.0
2026-04-20,240.3,251.95,239.0,246.49,169078.0
2026-04-21,246.0,249.8,244.08,245.77,104304.0
2026-04-22,243.8,248.99,241.78,246.74,124833.0
2026-04-23,249.11,249.79,233.98,236.01,216256.0
2026-04-24,234.31,235.85,227.02,228.52,142097.0
2026-04-27,230.0,236.4,228.28,229.1,116106.0
2026-04-28,227.27,235.68,225.36,231.2,134877.0
2026-04-29,227.89,234.2,226.39,233.45,125058.0
2026-04-30,233.39,246.0,232.97,235.0,208400.0
2026-05-06,236.49,250.0,236.49,246.15,267947.0
2026-05-07,249.27,252.0,242.27,247.24,185087.0
2026-05-08,244.0,247.8,241.71,244.56,121670.0
2026-05-11,244.2,258.0,244.15,255.06,279609.0
2026-05-12,253.0,255.5,248.48,251.92,174733.0
2026-05-13,249.5,251.4,243.2,250.98,163838.0
2026-05-14,250.95,252.67,237.0,237.0,192007.0
2026-05-15,238.0,241.62,230.1,231.45,167755.0
2026-05-18,226.0,230.88,222.22,228.0,155798.0
2026-05-19,228.99,229.98,221.45,228.08,135893.0
2026-05-20,226.33,229.5,224.0,226.9,95450.0
2026-05-21,229.59,255.89,229.02,236.2,406184.0
2026-05-22,236.0,239.49,224.36,226.87,248240.0
2026-05-25,229.99,236.7,228.31,234.68,188158.0
2026-05-26,232.0,246.0,231.68,241.91,231254.0
2026-05-27,239.75,246.85,238.05,238.99,203608.0
2026-05-28,237.99,239.98,228.55,236.52,190409.0
2026-05-29,237.0,241.69,226.92,227.76,208488.0
2026-06-01,226.6,234.68,222.6,228.87,182280.0
2026-06-02,227.98,228.66,220.85,226.23,174294.0
2026-06-03,224.02,233.0,219.73,223.69,223563.0
2026-06-04,221.96,225.39,219.66,221.2,134631.0
2026-06-05,221.0,221.99,211.0,211.4,183654.0
2026-06-08,206.45,212.38,202.55,204.9,142715.0
2026-06-09,205.7,209.69,203.06,208.6,125194.0
2026-06-10,206.0,206.58,195.6,198.4,161414.0
2026-06-11,196.88,199.55,190.3,193.04,145020.0
2026-06-12,196.0,211.31,193.4,207.46,272033.0
2026-06-15,205.0,222.56,205.0,212.73,264883.0
2026-06-16,210.0,220.6,209.86,218.62,199146.0
2026-06-17,217.99,220.03,216.3,217.35,110916.0
2026-06-18,217.4,219.0,212.58,214.69,132922.0
2026-06-22,214.0,246.8,213.0,246.7,424869.0
2026-06-23,244.91,258.36,242.42,249.4,422513.0
2026-06-24,246.24,248.66,237.0,240.2,256630.0
2026-06-25,242.1,265.88,239.3,259.0,378020.0
2026-06-26,257.0,259.47,241.26,242.0,269282.0
2026-06-29,242.5,249.99,236.88,239.48,226391.0
2026-06-30,238.63,244.99,233.9,241.0,202832.0
2026-07-01,238.49,269.14,238.49,258.0,403474.0
2026-07-02,258.0,264.45,246.87,247.65,261322.0
2026-07-03,250.02,252.29,242.58,246.18,221197.0
2026-07-06,250.5,253.5,241.28,245.01,202625.0
2026-07-07,242.0,243.0,235.01,236.2,157618.0
2026-07-08,237.51,242.44,225.71,225.77,196289.0
2026-07-09,226.23,231.5,224.0,230.3,177671.0
2026-07-10,227.49,235.51,224.53,226.82,161723.0
2026-07-13,224.08,225.18,214.6,216.39,168678.0
2026-07-14,216.0,218.88,211.08,217.69,131344.0
2026-07-15,218.0,231.0,216.5,224.3,196100.0
2026-07-16,221.0,225.5,218.0,220.4,125015.0
2026-07-17,220.8,226.8,214.33,215.56,209816.0
2026-07-20,217.0,229.0,217.0,224.91,188115.0
2026-07-21,225.0,231.45,222.3,231.45,235908.0
2026-07-22,227.0,229.8,223.68,225.03,143459.0
2026-07-23,225.51,230.62,222.2,228.34,127411.0
2026-07-24,225.96,226.35,214.64,214.65,152493.0
2026-07-27,212.78,218.7,212.5,218.55,91612.0
2026-07-28,216.5,218.36,213.14,213.98,81501.0
2026-07-29,213.04,228.5,205.1,224.0,197383.0
2026-07-30,222.1,228.88,221.21,225.88,153986.0
2026-07-31,221.82,241.0,221.72,234.96,230393.0
2026-08-03,234.95,235.52,227.6,231.09,121503.0
2026-08-04,233.0,235.36,231.98,233.51,115218.0
2026-08-05,233.5,245.68,231.91,242.33,204152.0
2026-08-06,239.0,245.2,237.5,238.98,137928.0
2026-08-07,237.98,242.22,234.82,239.82,140599.0
2026-08-10,241.0,242.03,236.0,238.51,107316.0
2026-08-11,237.8,241.91,235.1,235.99,115121.0
2026-08-12,234.91,236.27,232.2,234.0,123609.0
2026-08-13,233.98,241.59,231.8,231.91,150799.0
2026-08-14,232.0,234.34,228.87,230.26,102963.0
2026-08-17,229.11,236.13,227.12,236.0,129489.0
2026-08-18,234.78,235.45,228.07,231.9,119781.0
2026-08-19,229.0,230.99,222.3,223.0,117044.0
2026-08-20,223.92,224.92,218.33,220.22,96247.0
2026-08-21,219.0,223.77,218.01,222.13,88014.0
2026-08-24,222.14,224.5,214.73,216.72,118121.0
2026-08-25,216.72,217.32,212.82,215.48,75925.0
2026-08-26,215.51,231.5,214.1,223.09,221154.0
2026-08-27,223.0,233.99,220.37,233.22,222265.0
2026-08-28,231.1,235.33,229.9,230.5,134461.0
2026-08-31,229.89,230.45,222.22,229.2,135389.0
2026-09-01,228.0,233.85,226.01,227.03,134099.0
2026-09-02,225.0,225.2,217.08,217.16,139740.0
2026-09-03,218.8,224.98,217.8,219.5,108152.0
2026-09-04,219.8,228.8,219.8,222.0,156336.0
2026-09-07,222.01,222.98,215.61,216.91,127348.0
2026-09-08,216.88,218.21,214.51,214.97,87508.0
2026-09-09,214.8,217.17,213.66,216.46,68444.0
2026-09-10,215.0,217.47,213.72,215.8,72621.0
2026-09-11,212.0,212.0,206.71,207.0,117434.0
2026-09-14,205.04,207.0,203.9,205.55,55115.0
2026-09-15,205.58,207.0,203.52,204.0,56279.0
2026-09-16,203.3,208.9,201.5,207.65,93304.0
2026-09-17,205.0,206.5,201.8,201.81,82427.0
