date,open,high,low,close,volume
2016-11-03,4.28,4.452,4.237,4.33,121033.0
2016-11-04,4.33,4.416,4.273,4.316,71033.0
2016-11-07,4.316,4.359,4.266,4.287,63239.0
2016-11-08,4.33,4.395,4.309,4.366,63741.0
2016-11-09,4.395,4.395,4.173,4.216,104144.0
2016-11-10,4.323,4.373,4.266,4.345,76889.0
2016-11-11,4.438,4.438,4.266,4.373,105235.0
2016-11-14,4.395,4.517,4.352,4.517,140147.0
2016-11-15,4.524,4.552,4.416,4.552,124211.0
2016-11-16,4.567,4.667,4.531,4.567,140773.0
2016-11-17,4.531,4.552,4.416,4.481,88199.0
2016-11-18,4.509,4.517,4.423,4.445,73359.0
2016-11-21,4.452,4.459,4.338,4.38,75788.0
2016-11-22,4.409,4.474,4.366,4.474,104787.0
2016-11-23,4.502,4.531,4.388,4.402,97526.0
2016-11-24,4.402,4.452,4.259,4.273,93342.0
2016-11-25,4.28,4.431,4.201,4.431,102881.0
2016-11-28,4.466,4.502,4.373,4.416,86540.0
2016-11-29,4.38,4.431,4.338,4.352,101988.0
2016-11-30,4.33,4.481,4.316,4.373,82524.0
2016-12-01,4.395,4.524,4.373,4.502,113583.0
2016-12-02,4.517,4.524,4.287,4.316,96550.0
2016-12-05,4.266,4.445,4.237,4.323,76723.0
2016-12-06,4.338,4.38,4.201,4.244,69508.0
2016-12-07,4.252,4.287,4.216,4.28,53032.0
2016-12-08,4.273,4.295,4.18,4.194,65010.0
2016-12-09,4.194,4.23,4.037,4.051,95118.0
2016-12-12,4.065,4.08,3.456,3.492,153311.0
2016-12-13,3.492,3.535,3.442,3.478,67461.0
2016-12-14,3.485,3.521,3.299,3.32,72646.0
2016-12-15,3.313,3.471,3.284,3.37,68683.0
2016-12-16,3.385,3.507,3.378,3.442,54566.0
2016-12-19,3.478,3.478,3.356,3.435,64243.0
2016-12-20,3.456,3.456,3.385,3.406,34304.0
2016-12-21,3.449,3.464,3.399,3.428,48768.0
2016-12-22,3.435,3.442,3.378,3.413,48108.0
2016-12-23,3.413,3.464,3.363,3.413,57170.0
2016-12-26,3.37,3.435,3.284,3.435,53155.0
2016-12-27,3.435,3.456,3.399,3.399,30662.0
2016-12-28,3.406,3.435,3.385,3.406,31676.0
2016-12-29,3.392,3.485,3.385,3.428,50047.0
2016-12-30,3.471,3.721,3.435,3.65,144547.0
2017-01-03,3.65,3.671,3.571,3.6,66125.0
2017-01-04,3.643,3.686,3.557,3.664,83009.0
2017-01-05,3.664,3.678,3.578,3.6,55892.0
2017-01-06,3.6,3.6,3.478,3.478,62243.0
2017-01-09,3.478,3.528,3.449,3.485,46994.0
2017-01-10,3.514,3.514,3.435,3.442,39387.0
2017-01-11,3.435,3.478,3.335,3.37,44799.0
2017-01-12,3.37,3.435,3.342,3.356,33378.0
2017-01-13,3.349,3.413,3.284,3.292,42361.0
2017-01-16,3.32,3.335,2.711,2.969,105089.0
2017-01-17,2.926,3.134,2.869,3.07,62172.0
2017-01-18,3.062,3.07,2.998,3.055,42580.0
2017-01-19,3.041,3.055,2.941,2.962,40645.0
2017-01-20,2.969,3.134,2.962,3.084,49843.0
2017-01-23,3.084,3.156,3.07,3.148,40751.0
2017-01-24,3.249,3.471,3.234,3.37,119132.0
2017-01-25,3.349,3.392,3.284,3.356,39051.0
2017-01-26,3.356,3.428,3.335,3.363,38363.0
2017-02-03,3.378,3.413,3.306,3.378,32568.0
2017-02-06,3.385,3.578,3.378,3.507,65927.0
2017-02-07,3.528,3.542,3.378,3.428,53509.0
2017-02-08,3.428,3.492,3.385,3.485,46605.0
2017-02-09,3.507,3.535,3.449,3.528,69391.0
2017-02-10,3.585,3.678,3.499,3.542,91075.0
2017-02-13,3.507,3.593,3.485,3.55,57232.0
2017-02-14,3.55,3.571,3.464,3.485,45765.0
2017-02-15,3.464,3.528,3.392,3.392,54908.0
2017-02-16,3.406,3.442,3.363,3.399,44818.0
2017-02-17,3.406,3.442,3.342,3.342,54869.0
2017-02-20,3.327,3.449,3.277,3.449,55601.0
2017-02-21,3.464,3.578,3.435,3.55,89909.0
2017-02-22,3.578,3.578,3.478,3.514,75621.0
2017-02-23,3.514,3.557,3.478,3.55,59851.0
2017-02-24,3.521,3.764,3.521,3.743,150976.0
2017-02-27,3.743,3.772,3.593,3.643,114874.0
2017-02-28,3.657,3.664,3.514,3.593,110214.0
2017-03-01,3.578,3.643,3.514,3.557,79868.0
2017-03-02,3.585,3.671,3.542,3.628,99386.0
2017-03-03,3.614,3.693,3.535,3.671,84781.0
2017-03-06,3.671,3.807,3.671,3.757,149540.0
2017-03-07,3.772,3.822,3.693,3.757,100400.0
2017-03-08,3.75,3.815,3.7,3.729,84605.0
2017-03-09,3.714,3.729,3.578,3.593,83171.0
2017-03-10,3.578,3.621,3.564,3.593,48788.0
2017-03-13,3.571,3.65,3.499,3.628,78248.0
2017-03-14,3.635,3.729,3.578,3.607,76253.0
2017-03-15,3.542,3.607,3.535,3.557,52100.0
2017-03-16,3.578,3.678,3.578,3.643,60939.0
2017-03-17,3.664,3.75,3.614,3.643,120772.0
2017-03-20,3.693,3.693,3.621,3.678,73812.0
2017-03-21,3.678,3.678,3.607,3.657,56720.0
2017-03-22,3.621,3.621,3.521,3.571,69474.0
2017-03-23,3.571,3.607,3.478,3.542,60753.0
2017-03-24,3.535,3.571,3.485,3.542,71419.0
2017-03-27,3.542,3.578,3.478,3.485,88206.0
2017-03-28,3.478,3.55,3.456,3.471,44767.0
2017-03-29,3.478,3.507,3.385,3.385,62969.0
2017-03-30,3.385,3.406,3.213,3.227,79212.0
2017-03-31,3.284,3.349,3.234,3.349,52043.0
2017-04-05,3.356,3.521,3.356,3.521,68649.0
2017-04-06,3.514,3.571,3.485,3.514,61473.0
2017-04-07,3.542,3.585,3.456,3.542,88463.0
2017-04-10,3.492,3.507,3.37,3.385,86608.0
2017-04-11,3.378,3.435,3.32,3.392,68831.0
2017-04-12,3.392,3.478,3.342,3.413,64851.0
2017-04-13,3.406,3.464,3.378,3.456,51945.0
2017-04-14,3.421,3.464,3.313,3.32,49345.0
2017-04-17,3.356,3.392,3.27,3.284,39635.0
2017-04-18,3.284,3.37,3.22,3.227,50285.0
2017-04-19,3.199,3.277,3.127,3.227,55796.0
2017-04-20,3.256,3.256,3.127,3.184,48201.0
2017-04-21,3.184,3.249,3.156,3.177,43322.0
2017-04-24,3.177,3.206,2.969,2.969,63416.0
2017-04-25,2.984,3.084,2.984,2.998,33381.0
2017-04-26,2.976,3.041,2.948,2.984,56342.0
2017-04-27,2.969,3.105,2.89,3.098,76498.0
2017-04-28,3.105,3.141,3.034,3.062,46425.0
2017-05-02,3.055,3.12,3.034,3.084,43975.0
2017-05-03,3.077,3.077,2.919,2.991,60281.0
2017-05-04,2.984,3.141,2.955,3.084,76185.0
2017-05-05,3.034,3.048,2.962,2.976,56347.0
2017-05-08,2.962,3.012,2.869,2.926,45768.0
2017-05-09,2.905,2.984,2.869,2.962,45401.0
2017-05-10,2.941,2.998,2.676,2.697,80135.0
2017-05-11,2.654,2.776,2.611,2.704,73680.0
2017-05-12,2.726,2.726,2.468,2.539,92220.0
2017-05-15,2.539,2.597,2.439,2.461,63549.0
2017-05-16,2.468,2.618,2.31,2.604,89557.0
2017-05-17,2.582,2.933,2.561,2.84,170836.0
2017-05-18,2.762,2.919,2.762,2.862,87935.0
2017-05-19,2.826,3.12,2.805,3.005,124839.0
2017-05-22,3.005,3.156,2.919,2.933,81155.0
2017-05-23,2.919,3.019,2.847,2.847,70741.0
2017-05-24,2.905,3.098,2.805,3.062,76442.0
2017-05-25,3.048,3.206,3.005,3.055,72070.0
2017-05-26,3.105,3.177,3.005,3.062,69499.0
2017-05-31,3.134,3.206,3.077,3.084,49352.0
2017-06-01,3.113,3.141,2.976,2.976,48857.0
2017-06-02,2.991,3.027,2.797,2.976,80932.0
2017-06-05,3.005,3.335,2.984,3.277,152448.0
2017-06-06,3.263,3.564,3.234,3.435,142832.0
2017-06-07,3.428,3.578,3.378,3.507,123519.0
2017-06-08,3.514,3.944,3.514,3.879,288370.0
2017-06-09,3.908,3.936,3.729,3.865,126356.0
2017-06-12,3.822,3.886,3.721,3.772,90882.0
2017-06-13,3.8,3.836,3.729,3.836,90213.0
2017-06-14,3.85,4.051,3.85,3.901,156280.0
2017-06-15,3.908,4.23,3.836,3.944,232876.0
2017-06-16,3.944,3.944,3.743,3.764,133408.0
2017-06-19,3.836,3.858,3.707,3.786,81933.0
2017-06-20,3.772,3.843,3.729,3.743,69638.0
2017-06-21,3.757,3.886,3.721,3.815,76714.0
2017-06-22,3.779,3.843,3.578,3.593,100746.0
2017-06-23,3.6,3.815,3.6,3.807,118909.0
2017-06-26,3.75,3.901,3.721,3.822,124155.0
2017-06-27,3.822,3.872,3.743,3.815,85480.0
2017-06-28,3.815,3.901,3.707,3.858,99001.0
2017-06-29,3.928,4.122,3.885,4.029,136975.0
2017-06-30,4.014,4.129,3.9,4.079,131786.0
2017-07-03,4.115,4.287,4.057,4.265,186515.0
2017-07-04,4.258,4.258,4.15,4.186,84237.0
2017-07-05,4.186,4.229,4.093,4.179,85069.0
2017-07-06,4.172,4.222,4.0,4.086,134235.0
2017-07-07,4.072,4.107,3.95,4.086,88038.0
2017-07-10,4.014,4.064,3.835,3.842,109871.0
2017-07-11,3.842,3.957,3.764,3.807,61220.0
2017-07-12,3.828,3.914,3.749,3.914,64019.0
2017-07-13,4.093,4.093,3.893,3.914,71990.0
2017-07-14,3.943,4.021,3.878,3.914,58782.0
2017-07-17,3.893,3.9,3.334,3.405,142758.0
2017-07-18,3.398,3.592,3.355,3.534,108167.0
2017-07-19,3.534,3.936,3.47,3.885,121702.0
2017-07-20,3.893,4.265,3.893,4.143,214161.0
2017-07-21,4.115,4.186,4.029,4.129,95238.0
2017-07-24,4.093,4.372,4.093,4.315,213286.0
2017-07-25,4.315,4.394,4.193,4.322,100903.0
2017-07-26,4.251,4.516,4.236,4.365,176791.0
2017-07-27,4.337,4.645,4.329,4.516,239744.0
2017-07-28,4.509,4.838,4.487,4.809,257773.0
2017-07-31,4.867,5.368,4.867,5.189,375381.0
2017-08-01,5.225,5.275,4.953,5.003,190664.0
2017-08-02,5.017,5.132,4.946,4.96,202491.0
2017-08-03,4.946,5.117,4.795,4.845,205800.0
2017-08-04,4.831,4.924,4.716,4.731,142435.0
2017-08-07,4.666,4.967,4.659,4.881,128747.0
2017-08-08,4.881,5.089,4.845,5.06,150130.0
2017-08-09,5.039,5.089,4.817,4.838,123533.0
2017-08-10,4.802,4.924,4.681,4.766,83032.0
2017-08-11,4.738,5.01,4.659,4.802,153448.0
2017-08-14,4.881,5.16,4.867,5.067,148252.0
2017-08-15,5.168,5.297,4.953,4.974,147611.0
2017-08-16,5.053,5.297,4.967,5.289,194586.0
2017-08-17,5.282,5.304,5.032,5.125,176691.0
2017-08-18,5.075,5.125,4.924,4.989,125456.0
2017-08-21,4.974,5.046,4.924,4.96,71398.0
2017-08-22,4.953,5.089,4.924,5.01,98788.0
2017-08-23,5.017,5.411,4.974,5.254,248327.0
2017-08-24,5.254,5.404,5.189,5.254,147293.0
2017-08-25,5.203,5.332,5.168,5.304,94410.0
2017-08-28,5.325,5.547,5.275,5.483,204738.0
2017-08-29,5.483,5.511,5.232,5.254,170405.0
2017-08-30,5.239,5.354,5.168,5.304,116922.0
2017-08-31,5.304,5.34,5.203,5.246,63560.0
2017-09-01,5.246,5.282,5.067,5.246,110181.0
2017-09-04,5.261,5.698,5.196,5.662,279906.0
2017-09-05,5.655,6.013,5.576,5.597,291639.0
2017-09-06,5.698,5.734,5.397,5.655,162864.0
2017-09-07,5.655,5.841,5.383,5.383,228815.0
2017-09-08,5.34,5.44,5.275,5.34,93465.0
2017-09-11,5.39,5.984,5.375,5.948,257788.0
2017-09-12,6.049,6.801,5.984,6.221,577130.0
2017-09-13,6.156,7.231,6.149,6.987,753612.0
2017-09-14,7.152,7.317,6.815,7.181,532245.0
2017-09-15,7.044,7.446,6.83,6.894,366076.0
2017-09-18,7.044,7.345,6.937,7.295,248898.0
2017-09-19,7.238,8.348,7.238,8.062,498825.0
2017-09-20,8.019,8.269,7.746,8.262,283313.0
2017-09-21,8.162,8.162,7.353,7.532,345697.0
2017-09-22,7.983,8.413,7.689,7.832,481096.0
2017-09-25,8.012,8.198,7.567,7.596,275363.0
2017-09-26,7.31,7.854,7.31,7.453,234260.0
2017-09-27,7.625,8.133,7.345,7.997,269837.0
2017-09-28,7.976,8.348,7.811,8.119,230818.0
2017-09-29,8.148,8.262,7.954,8.191,144251.0
2017-10-09,8.363,8.671,7.883,8.012,210255.0
2017-10-10,8.105,8.126,7.453,7.918,235113.0
2017-10-11,7.797,7.911,7.567,7.761,116273.0
2017-10-12,7.775,7.99,7.603,7.61,150175.0
2017-10-13,7.732,8.183,7.675,8.133,193737.0
2017-10-16,8.312,8.341,7.704,7.954,166373.0
2017-10-17,7.847,8.563,7.746,8.513,249721.0
2017-10-18,8.492,8.85,8.169,8.355,268398.0
2017-10-19,8.327,8.671,7.954,8.183,183249.0
2017-10-20,8.169,8.413,7.954,8.09,140287.0
2017-10-23,8.112,8.355,8.026,8.212,185001.0
2017-10-24,8.205,8.226,7.832,8.14,151473.0
2017-10-25,8.133,8.226,7.868,8.205,140237.0
2017-10-26,8.14,8.943,8.04,8.685,409361.0
2017-10-27,8.671,8.735,8.191,8.363,270405.0
2017-10-30,8.527,9.029,8.133,8.878,414496.0
2017-10-31,8.964,10.003,8.957,9.974,360312.0
2017-11-01,9.853,10.376,9.745,10.025,310402.0
2017-11-02,9.881,10.239,9.673,9.731,181004.0
2017-11-03,9.724,9.845,9.251,9.365,238092.0
2017-11-06,9.459,10.44,9.423,10.426,247686.0
2017-11-07,10.411,10.426,9.924,10.089,255321.0
2017-11-08,10.103,10.454,9.917,10.196,211551.0
2017-11-09,10.132,10.569,9.939,10.354,201924.0
2017-11-10,10.512,11.45,10.361,11.049,427984.0
2017-11-13,11.178,12.374,11.042,11.701,387848.0
2017-11-14,11.923,12.281,11.113,11.3,332337.0
2017-11-15,11.507,11.507,10.605,10.884,271362.0
2017-11-16,10.891,11.343,10.633,11.121,273987.0
2017-11-17,11.142,11.5,9.745,10.254,427069.0
2017-11-20,10.175,10.77,9.451,10.741,365918.0
2017-11-21,10.533,10.805,9.602,10.225,473218.0
2017-11-22,10.096,10.562,9.745,10.189,298979.0
2017-11-23,9.974,10.232,8.785,8.785,444800.0
2017-11-24,8.527,9.122,8.527,8.692,302190.0
2017-11-27,8.735,8.871,8.226,8.47,208807.0
2017-11-28,8.57,8.9,8.398,8.85,222553.0
2017-11-29,8.835,8.871,8.398,8.577,176832.0
2017-11-30,8.635,8.663,7.875,7.911,309209.0
2017-12-01,8.04,8.234,7.911,8.026,226318.0
2017-12-04,8.069,8.441,8.069,8.191,237720.0
2017-12-05,8.248,8.434,7.883,8.012,163955.0
2017-12-06,8.019,8.241,7.259,7.918,289335.0
2017-12-07,7.854,7.997,7.596,7.782,154579.0
2017-12-08,7.825,8.427,7.811,8.341,244687.0
2017-12-11,8.484,9.222,8.241,9.057,311795.0
2017-12-12,8.971,9.036,8.599,8.771,189327.0
2017-12-13,8.649,9.007,8.563,8.979,133478.0
2017-12-14,8.914,9.086,8.8,8.921,117301.0
2017-12-15,8.871,9.194,8.606,8.692,115338.0
2017-12-18,8.692,8.785,8.255,8.577,120063.0
2017-12-19,8.62,8.907,8.513,8.592,120270.0
2017-12-20,8.549,8.928,8.506,8.843,153212.0
2017-12-21,8.835,9.745,8.678,9.502,230360.0
2017-12-22,9.459,10.461,9.408,10.039,334639.0
2017-12-25,9.989,10.354,9.759,9.989,181364.0
2017-12-26,9.888,9.946,9.387,9.802,175544.0
2017-12-27,9.745,9.989,9.494,9.545,132178.0
2017-12-28,9.53,9.802,9.394,9.688,133889.0
2017-12-29,9.673,9.982,9.502,9.58,128737.0
2018-01-02,9.731,9.91,9.552,9.881,165635.0
2018-01-03,10.103,10.103,9.731,9.989,183123.0
2018-01-04,9.939,9.946,9.43,9.709,209968.0
2018-01-05,9.673,9.688,8.885,9.129,337950.0
2018-01-08,9.036,9.136,8.391,8.721,281231.0
2018-01-09,8.649,8.706,8.391,8.484,204831.0
2018-01-10,8.477,8.577,8.112,8.169,205406.0
2018-01-11,8.148,8.527,8.105,8.398,148146.0
2018-01-12,8.391,8.585,8.241,8.262,125613.0
2018-01-15,8.255,8.255,7.661,7.775,193509.0
2018-01-16,7.775,7.868,7.388,7.56,165492.0
2018-01-17,7.575,8.162,7.295,7.99,214427.0
2018-01-18,7.997,8.556,7.961,8.305,236433.0
2018-01-19,8.312,8.663,8.255,8.312,147450.0
2018-01-22,8.312,8.585,8.255,8.413,159287.0
2018-01-23,8.327,8.628,8.298,8.549,132029.0
2018-01-24,8.456,8.85,8.312,8.757,190575.0
2018-01-25,8.757,9.029,8.434,8.563,156796.0
2018-01-26,8.456,8.807,8.37,8.585,105679.0
2018-01-29,8.527,8.814,8.312,8.384,109547.0
2018-01-30,8.312,8.728,8.312,8.649,113833.0
2018-01-31,8.234,8.42,7.395,8.219,171502.0
2018-02-01,8.226,8.671,8.09,8.133,157981.0
2018-02-02,7.854,8.355,7.453,7.539,204897.0
2018-02-05,7.216,7.453,6.758,6.88,268394.0
2018-02-06,6.593,6.851,6.385,6.507,157631.0
2018-02-07,6.808,6.987,6.171,6.736,214887.0
2018-02-08,6.779,6.88,6.457,6.55,206646.0
2018-02-09,6.171,6.4,5.798,6.034,213276.0
2018-02-12,6.221,6.98,6.199,6.951,178386.0
2018-02-13,7.073,7.216,6.758,6.951,136822.0
2018-02-14,6.93,6.966,6.686,6.851,77453.0
2018-02-22,6.994,7.209,6.787,7.159,99218.0
2018-02-23,7.138,7.152,6.751,6.851,107540.0
2018-02-26,6.994,7.926,6.865,7.926,265338.0
2018-02-27,7.789,8.284,7.768,7.954,217543.0
2018-02-28,7.725,8.269,7.725,7.94,158566.0
2018-03-01,7.947,8.599,7.818,8.513,256343.0
2018-03-02,8.42,8.585,8.148,8.176,170519.0
2018-03-05,8.241,8.341,8.076,8.269,135102.0
2018-03-06,8.334,8.628,8.248,8.37,177234.0
2018-03-07,8.384,8.656,8.119,8.477,184347.0
2018-03-08,8.427,8.635,8.327,8.37,106105.0
2018-03-09,8.363,8.921,8.348,8.828,214350.0
2018-03-12,8.885,9.573,8.885,9.294,271619.0
2018-03-13,9.33,9.351,9.086,9.136,162198.0
2018-03-14,9.05,9.229,8.95,8.95,148305.0
2018-03-15,8.835,8.957,8.549,8.914,131920.0
2018-03-16,8.871,9.072,8.499,8.499,140307.0
2018-03-19,8.398,9.079,8.284,9.0,190445.0
2018-03-20,8.885,9.022,8.692,8.885,112230.0
2018-03-21,9.014,9.43,8.692,8.785,186563.0
2018-03-22,8.785,9.194,8.785,8.986,184943.0
2018-03-23,8.441,8.592,7.754,7.789,226082.0
2018-03-26,7.417,8.957,7.417,8.957,258241.0
2018-03-27,9.172,9.516,9.1,9.358,277129.0
2018-03-28,9.172,9.745,9.1,9.588,255087.0
2018-03-29,9.602,9.709,9.279,9.609,175764.0
2018-03-30,9.709,9.924,9.494,9.874,264675.0
2018-04-02,9.91,10.003,9.337,9.702,303892.0
2018-04-03,9.459,9.709,9.251,9.494,212369.0
2018-04-04,9.623,9.623,8.857,8.871,177204.0
2018-04-09,8.8,9.301,8.785,9.115,205652.0
2018-04-10,9.301,9.373,8.857,9.136,155735.0
2018-04-11,9.315,9.38,8.964,9.079,155179.0
2018-04-12,9.057,9.279,8.864,9.014,99436.0
2018-04-13,9.057,9.172,8.413,8.649,183566.0
2018-04-16,8.527,8.785,8.241,8.484,178507.0
2018-04-17,8.506,8.728,8.004,8.026,214244.0
2018-04-18,8.162,8.8,7.954,8.62,197085.0
2018-04-19,8.599,9.365,8.549,9.143,279735.0
2018-04-20,9.115,9.294,8.828,8.921,178679.0
2018-04-23,8.85,9.079,8.685,9.057,151651.0
2018-04-24,9.079,9.709,8.957,9.595,302240.0
2018-04-25,9.573,9.595,9.251,9.38,189159.0
2018-04-26,9.401,9.444,9.029,9.165,130691.0
2018-04-27,9.251,9.308,8.907,9.151,129868.0
2018-05-02,9.172,9.444,8.878,9.057,143602.0
2018-05-03,9.079,9.158,8.477,8.914,191717.0
2018-05-04,8.821,9.057,8.613,8.692,162362.0
2018-05-07,8.807,9.724,8.663,9.552,307132.0
2018-05-08,9.602,9.716,9.416,9.709,219749.0
2018-05-09,9.709,9.817,9.466,9.652,151997.0
2018-05-10,9.716,9.989,9.473,9.86,240317.0
2018-05-11,9.86,9.86,9.358,9.487,188648.0
2018-05-14,9.43,9.43,8.957,9.158,230453.0
2018-05-15,9.186,9.251,8.9,9.151,184021.0
2018-05-16,9.1,9.265,8.814,9.036,167951.0
2018-05-17,9.05,9.05,8.492,8.613,234399.0
2018-05-18,8.613,8.62,8.055,8.212,252121.0
2018-05-21,8.305,8.499,8.183,8.363,257214.0
2018-05-22,8.355,8.363,7.754,8.033,310695.0
2018-05-23,8.047,8.162,7.711,7.725,234201.0
2018-05-24,7.725,7.904,7.704,7.761,151735.0
2018-05-25,7.725,7.768,7.281,7.381,231219.0
2018-05-28,7.46,7.474,6.837,6.944,272587.0
2018-05-29,6.987,7.238,6.894,6.937,190893.0
2018-05-30,6.729,6.987,6.565,6.794,177064.0
2018-05-31,6.887,6.923,6.185,6.371,319383.0
2018-06-01,6.278,6.55,6.099,6.135,196835.0
2018-06-04,5.132,5.132,5.132,5.132,42540.0
2018-06-05,4.229,4.229,4.229,4.229,36311.0
2018-06-06,3.871,3.986,3.42,3.606,1331552.0
2018-06-07,3.527,3.649,3.448,3.506,631565.0
2018-06-08,3.534,3.549,3.226,3.312,495767.0
2018-06-11,3.291,3.47,2.997,3.061,509101.0
2018-06-12,3.248,3.391,3.147,3.334,474184.0
2018-06-13,3.319,3.326,3.069,3.083,331952.0
2018-06-14,3.076,3.169,2.925,3.112,327886.0
2018-06-15,3.104,3.119,2.725,2.753,373621.0
2018-06-19,2.646,2.768,2.116,2.259,408433.0
2018-06-20,2.252,2.553,2.252,2.452,347048.0
2018-06-21,2.517,2.531,2.173,2.252,377774.0
2018-06-22,2.187,2.553,2.159,2.517,363451.0
2018-06-25,2.61,2.667,2.367,2.395,324625.0
2018-06-26,2.295,2.646,2.295,2.474,371141.0
2018-06-27,2.481,2.689,2.424,2.567,363181.0
2018-06-28,2.632,2.667,2.359,2.424,330686.0
2018-06-29,2.41,2.653,2.402,2.617,323932.0
2018-07-02,2.632,2.646,2.18,2.266,445054.0
2018-07-03,2.316,2.61,2.238,2.517,455495.0
2018-07-04,2.567,2.61,2.331,2.41,326187.0
2018-07-05,2.445,2.51,2.159,2.159,293114.0
2018-07-06,2.166,2.324,1.98,2.223,387707.0
2018-07-09,2.281,2.331,2.23,2.331,221854.0
2018-07-10,2.367,2.374,1.944,2.087,553768.0
2018-07-11,1.965,2.044,1.801,1.872,344808.0
2018-07-12,1.894,2.144,1.894,2.123,366705.0
2018-07-13,2.137,2.173,2.008,2.016,277269.0
2018-07-16,2.058,2.137,1.93,1.965,347926.0
2018-07-17,2.001,2.016,1.858,1.965,245180.0
2018-07-18,1.987,2.03,1.772,1.779,511840.0
2018-07-19,1.815,1.836,1.607,1.629,376849.0
2018-07-20,1.65,1.758,1.586,1.743,293273.0
2018-07-23,1.743,1.793,1.657,1.779,271026.0
2018-07-24,1.815,2.259,1.765,2.144,731722.0
2018-07-25,2.109,2.144,1.958,1.987,513340.0
2018-07-26,2.008,2.094,1.958,2.037,393919.0
2018-07-27,2.023,2.13,1.93,1.937,369892.0
2018-07-30,1.901,1.965,1.743,1.786,312819.0
2018-07-31,1.808,1.879,1.758,1.815,187303.0
2018-08-01,1.822,1.872,1.758,1.786,232122.0
2018-08-02,1.758,1.758,1.385,1.485,347837.0
2018-08-03,1.464,1.564,1.428,1.435,182897.0
2018-08-06,1.392,1.392,1.027,1.084,356957.0
2018-08-07,1.127,1.271,1.077,1.256,299599.0
2018-08-08,1.292,1.765,1.285,1.392,605315.0
2018-08-09,1.285,1.571,1.228,1.493,408569.0
2018-08-10,1.493,1.586,1.435,1.521,227103.0
2018-08-13,1.442,1.528,1.378,1.5,201931.0
2018-08-14,1.493,1.55,1.442,1.464,165893.0
2018-08-15,1.428,1.457,1.163,1.206,347528.0
2018-08-16,1.127,1.256,1.106,1.185,204422.0
2018-08-17,1.249,1.278,1.013,1.034,250680.0
2018-08-20,1.048,1.091,0.855,0.991,327917.0
2018-08-21,0.991,1.091,0.927,1.063,239013.0
2018-08-22,1.048,1.063,0.891,0.934,227977.0
2018-08-23,0.934,0.991,0.884,0.97,226775.0
2018-08-24,0.955,0.97,0.905,0.905,163959.0
2018-08-27,0.962,1.106,0.934,1.063,332773.0
2018-08-28,1.156,1.414,1.134,1.22,545268.0
2018-08-29,1.235,1.263,1.127,1.134,231103.0
2018-08-30,1.134,1.256,1.113,1.134,262413.0
2018-08-31,1.12,1.256,0.955,1.077,328348.0
2018-09-03,1.206,1.263,1.056,1.185,387865.0
2018-09-04,1.127,1.22,1.091,1.177,319980.0
2018-09-05,1.149,1.235,1.091,1.091,334640.0
2018-09-06,1.056,1.084,0.912,0.948,333251.0
2018-09-07,0.955,1.12,0.955,1.063,332616.0
2018-09-10,1.041,1.12,0.905,0.912,260027.0
2018-09-11,0.919,1.013,0.898,0.962,179025.0
2018-09-12,0.97,1.156,0.941,1.099,333372.0
2018-09-13,1.163,1.192,1.034,1.134,239191.0
2018-09-14,1.156,1.22,1.063,1.077,243078.0
2018-09-17,1.091,1.091,0.927,0.934,216851.0
2018-09-18,0.941,1.106,0.919,1.091,239536.0
2018-09-19,1.013,1.149,0.998,1.091,291257.0
2018-09-20,1.106,1.192,1.077,1.106,251665.0
2018-09-21,1.12,1.17,1.034,1.156,296682.0
2018-09-25,1.12,1.177,1.091,1.113,184473.0
2018-09-26,1.127,1.285,1.113,1.249,485986.0
2018-09-27,1.228,1.242,1.106,1.12,322619.0
2018-09-28,1.134,1.199,1.099,1.142,240665.0
2018-10-08,1.048,1.048,0.898,0.912,244189.0
2018-10-09,0.934,0.97,0.869,0.919,156327.0
2018-10-10,0.962,1.013,0.877,0.934,164424.0
2018-10-11,0.69,0.719,0.461,0.461,375069.0
2018-10-12,0.382,0.44,0.103,0.296,404571.0
2018-10-15,0.311,0.368,0.16,0.182,195642.0
2018-10-16,0.174,0.225,0.031,0.053,214096.0
2018-10-17,0.117,0.167,0.017,0.132,240316.0
2018-10-22,0.153,0.454,0.132,0.382,397409.0
2018-10-23,0.382,0.432,0.239,0.275,238981.0
2018-10-24,0.275,0.375,0.26,0.275,179716.0
2018-10-25,0.124,0.275,0.096,0.26,200798.0
2018-10-26,0.296,0.361,0.21,0.239,172199.0
2018-10-29,0.196,0.375,0.189,0.303,233517.0
2018-10-30,0.296,0.375,0.21,0.332,200492.0
2018-10-31,0.354,0.411,0.318,0.382,224998.0
2018-11-01,0.411,0.654,0.382,0.468,373100.0
2018-11-02,0.597,0.676,0.504,0.669,456121.0
2018-11-05,1.12,1.12,1.12,1.12,104762.0
2018-11-06,1.614,1.614,1.342,1.614,1472658.0
2018-11-07,1.614,1.686,1.464,1.507,978557.0
2018-11-08,1.543,1.65,1.442,1.507,602694.0
2018-11-09,1.485,1.579,1.371,1.392,434412.0
2018-11-12,1.349,1.915,1.349,1.915,957372.0
2018-11-13,1.851,2.324,1.793,2.066,1057764.0
2018-11-14,2.166,2.245,1.944,2.073,592654.0
2018-11-15,2.016,2.152,1.994,2.066,328400.0
2018-11-16,2.08,2.388,2.058,2.137,504134.0
2018-11-19,2.094,2.338,1.944,2.216,461552.0
2018-11-20,2.123,2.152,1.815,1.815,474861.0
2018-11-21,1.722,2.101,1.722,2.016,449551.0
2018-11-22,2.13,2.245,1.958,2.008,245589.0
2018-11-23,2.037,2.058,1.779,1.801,294012.0
2018-11-26,1.844,1.93,1.743,1.822,177999.0
2018-11-27,1.901,2.023,1.758,1.851,267848.0
2018-11-28,1.829,2.388,1.815,2.273,586502.0
2018-11-29,2.266,2.381,2.109,2.13,430733.0
2018-11-30,2.109,2.223,2.023,2.187,263310.0
2018-12-03,2.467,2.531,2.23,2.302,374511.0
2018-12-04,2.281,2.309,2.137,2.223,242967.0
2018-12-05,2.101,2.825,2.073,2.825,673192.0
2018-12-06,2.854,3.319,2.782,3.04,745328.0
2018-12-07,3.069,3.155,2.825,3.097,407559.0
2018-12-10,2.983,3.018,2.761,2.796,371991.0
2018-12-11,2.804,2.961,2.796,2.854,244388.0
2018-12-12,2.925,3.398,2.925,3.069,510037.0
2018-12-13,3.205,3.262,3.011,3.112,335455.0
2018-12-14,3.09,3.104,2.925,2.94,228367.0
2018-12-17,2.868,2.904,2.667,2.789,270077.0
2018-12-18,2.832,3.162,2.832,3.026,402170.0
2018-12-19,2.975,2.983,2.624,2.689,310759.0
2018-12-20,2.675,3.176,2.66,2.954,471313.0
2018-12-21,2.997,3.054,2.696,2.846,343999.0
2018-12-24,2.825,3.026,2.746,3.026,261464.0
2018-12-25,2.911,3.147,2.789,3.14,366469.0
2018-12-26,3.112,3.305,3.004,3.248,363082.0
2018-12-27,3.355,3.384,2.882,2.911,321383.0
2018-12-28,2.911,2.99,2.238,2.581,648386.0
2019-01-02,2.553,2.624,2.324,2.41,252629.0
2019-01-03,2.431,2.495,2.259,2.273,203742.0
2019-01-04,2.202,2.503,2.159,2.431,230399.0
2019-01-07,2.481,2.839,2.431,2.689,297639.0
2019-01-08,2.632,2.732,2.517,2.624,169656.0
2019-01-09,2.639,2.782,2.438,2.56,268204.0
2019-01-10,2.746,3.169,2.746,3.033,496043.0
2019-01-11,2.954,3.04,2.796,2.997,299925.0
2019-01-14,2.997,2.997,2.789,2.818,237106.0
2019-01-15,2.818,3.362,2.775,3.248,434223.0
2019-01-16,3.255,3.326,3.162,3.262,231687.0
2019-01-17,3.269,3.534,2.961,3.04,421187.0
2019-01-18,3.133,3.613,2.889,3.498,488876.0
2019-01-21,3.506,3.828,3.362,3.634,425759.0
2019-01-22,3.57,3.677,3.477,3.577,225399.0
2019-01-23,3.52,3.649,3.405,3.62,212469.0
2019-01-24,3.57,4.365,3.534,4.365,670582.0
2019-01-25,4.48,5.117,4.286,4.752,579670.0
2019-01-28,4.781,5.339,4.551,4.759,513299.0
2019-01-29,4.824,4.888,4.165,4.372,602003.0
2019-01-30,4.315,4.544,4.15,4.15,389858.0
2019-01-31,4.222,4.286,3.95,4.107,337180.0
2019-02-01,4.215,4.752,4.215,4.623,401652.0
2019-02-11,4.645,4.902,4.48,4.902,392159.0
2019-02-12,4.788,4.924,4.652,4.73,309271.0
2019-02-13,4.73,4.96,4.602,4.816,364548.0
2019-02-14,4.759,5.332,4.602,5.282,567488.0
2019-02-15,5.167,5.339,4.953,5.017,397074.0
2019-02-18,5.067,5.468,5.024,5.382,437891.0
2019-02-19,5.655,5.719,5.146,5.304,417934.0
2019-02-20,5.361,5.547,5.21,5.44,267343.0
2019-02-21,5.282,5.798,5.146,5.268,482497.0
2019-02-22,5.289,5.497,5.053,5.289,432410.0
2019-02-25,5.468,5.49,5.103,5.447,683546.0
2019-02-26,5.361,5.361,4.809,4.938,630354.0
2019-02-27,4.938,4.967,4.15,4.387,681598.0
2019-02-28,4.351,4.666,4.179,4.329,476386.0
2019-03-01,4.422,4.444,4.236,4.394,324178.0
2019-03-04,4.437,4.795,4.351,4.58,544825.0
2019-03-05,4.501,4.702,4.387,4.702,412147.0
2019-03-06,4.752,4.895,4.587,4.788,474007.0
2019-03-07,4.773,4.773,4.422,4.523,462705.0
2019-03-08,4.344,4.458,3.985,3.985,439958.0
2019-03-11,4.071,4.766,4.071,4.766,751300.0
2019-03-12,4.988,5.06,4.73,4.895,636323.0
2019-03-13,4.931,4.996,4.645,4.788,405316.0
2019-03-14,4.788,4.974,4.437,4.566,429508.0
2019-03-15,4.666,5.318,4.666,4.953,560397.0
2019-03-18,5.031,5.046,4.695,4.917,436041.0
2019-03-19,4.917,4.931,4.73,4.859,323553.0
2019-03-20,4.924,4.931,4.408,4.602,390295.0
2019-03-21,4.537,4.68,4.487,4.559,252736.0
2019-03-22,4.523,4.523,4.236,4.401,300303.0
2019-03-25,4.401,4.401,4.193,4.2,234799.0
2019-03-26,4.322,4.451,4.129,4.229,255710.0
2019-03-27,4.251,4.458,4.215,4.351,229973.0
2019-03-28,4.286,4.365,4.129,4.143,227100.0
2019-03-29,4.064,4.215,3.498,4.064,498629.0
2019-04-01,4.064,4.852,3.971,4.852,597553.0
2019-04-02,5.089,5.096,4.845,4.96,745191.0
2019-04-03,4.867,5.039,4.802,4.953,291982.0
2019-04-04,4.931,5.074,4.759,4.945,363803.0
2019-04-08,5.031,5.203,4.63,4.788,373275.0
2019-04-09,4.666,4.96,4.58,4.738,248861.0
2019-04-10,4.645,4.773,4.501,4.551,236896.0
2019-04-11,4.616,4.988,4.465,4.859,484710.0
2019-04-12,4.788,5.003,4.752,4.91,237974.0
2019-04-15,5.053,5.103,4.781,4.781,269557.0
2019-04-16,4.645,5.06,4.379,5.003,388570.0
2019-04-17,5.074,5.784,4.96,5.547,607075.0
2019-04-18,5.49,5.891,5.361,5.461,433425.0
2019-04-19,5.54,5.769,5.361,5.655,265850.0
2019-04-22,5.683,6.364,5.511,5.54,438139.0
2019-04-23,5.683,5.898,5.275,5.418,359660.0
2019-04-24,5.497,5.633,5.167,5.361,295038.0
2019-04-25,5.468,5.569,4.988,5.067,276439.0
2019-04-26,4.988,5.218,4.953,4.96,183778.0
2019-04-29,4.988,5.175,4.501,4.874,263740.0
2019-04-30,4.917,5.103,4.659,4.716,173944.0
2019-05-06,4.122,4.559,3.928,4.243,249952.0
2019-05-07,4.358,4.559,4.15,4.308,199325.0
2019-05-08,4.165,4.358,4.014,4.079,162201.0
2019-05-09,4.071,4.136,3.642,3.649,267574.0
2019-05-10,3.842,4.014,3.412,3.806,438936.0
2019-05-13,3.642,3.656,3.047,3.047,452743.0
2019-05-14,2.739,3.326,2.725,3.212,399895.0
2019-05-15,3.427,3.914,3.355,3.914,475663.0
2019-05-16,4.071,4.136,3.663,3.706,362294.0
2019-05-17,3.806,3.806,3.305,3.305,296027.0
2019-05-20,3.212,3.384,3.104,3.183,246915.0
2019-05-21,3.219,3.527,3.212,3.305,240264.0
2019-05-22,3.312,3.534,3.197,3.262,255199.0
2019-05-23,3.212,3.341,2.997,3.047,270760.0
2019-05-24,3.083,3.104,2.789,2.882,248930.0
2019-05-27,2.997,3.262,2.961,3.205,325388.0
2019-05-28,3.183,3.312,3.076,3.155,215543.0
2019-05-29,3.083,3.291,3.083,3.133,193698.0
2019-05-30,3.083,3.104,2.839,2.997,251564.0
2019-05-31,3.14,3.484,3.076,3.391,569765.0
2019-06-03,3.355,3.362,3.069,3.09,333173.0
2019-06-04,3.097,3.226,2.954,3.083,220578.0
2019-06-05,3.155,3.197,2.99,3.011,157921.0
2019-06-06,2.997,2.997,2.675,2.682,230446.0
2019-06-10,2.71,2.854,2.667,2.768,146279.0
2019-06-11,2.775,2.954,2.216,2.94,465544.0
2019-06-12,2.846,2.904,2.495,2.524,447112.0
2019-06-13,2.581,2.796,2.531,2.782,376204.0
2019-06-14,2.71,2.768,2.452,2.474,308915.0
2019-06-17,2.474,2.538,2.187,2.281,279224.0
2019-06-18,2.288,2.381,2.209,2.281,172676.0
2019-06-19,2.438,2.553,2.402,2.402,251383.0
2019-06-20,2.352,2.725,2.345,2.617,331862.0
2019-06-21,2.746,2.897,2.667,2.761,272498.0
2019-06-24,2.775,2.954,2.732,2.897,263122.0
2019-06-25,2.925,2.94,2.689,2.775,196961.0
2019-06-26,2.796,2.954,2.696,2.854,229620.0
2019-06-27,2.861,3.119,2.818,3.047,286593.0
2019-06-28,3.069,3.069,2.804,2.932,203319.0
2019-07-01,3.076,3.19,2.997,3.133,247495.0
2019-07-02,3.133,3.19,2.94,3.09,255275.0
2019-07-03,3.076,3.076,2.897,2.947,176089.0
2019-07-04,2.961,3.047,2.875,2.904,134768.0
2019-07-05,2.925,3.011,2.875,2.947,97829.0
2019-07-08,2.954,2.954,2.417,2.495,345222.0
2019-07-09,2.553,2.839,2.495,2.753,337545.0
2019-07-10,2.839,2.882,2.646,2.725,136930.0
2019-07-11,2.739,2.768,2.531,2.581,199293.0
2019-07-12,2.538,3.219,2.538,3.219,605227.0
2019-07-15,3.312,3.541,3.162,3.398,672649.0
2019-07-16,3.377,3.584,3.348,3.498,450717.0
2019-07-17,3.513,3.57,3.412,3.513,293177.0
2019-07-18,3.642,3.756,3.484,3.484,402103.0
2019-07-19,3.541,3.663,3.434,3.434,349974.0
2019-07-22,3.541,3.685,3.405,3.563,369919.0
2019-07-23,3.527,3.706,3.398,3.62,387066.0
2019-07-24,3.613,3.864,3.577,3.792,391569.0
2019-07-25,3.792,3.914,3.642,3.806,333574.0
2019-07-26,3.806,3.835,3.67,3.742,209917.0
2019-07-29,3.706,3.763,3.656,3.72,159156.0
2019-07-30,3.685,3.806,3.563,3.57,206862.0
2019-07-31,3.57,3.742,3.549,3.599,183583.0
2019-08-01,3.541,3.713,3.541,3.613,136040.0
2019-08-02,3.398,3.663,3.348,3.642,195087.0
2019-08-05,3.606,4.114,3.577,3.921,345486.0
2019-08-06,3.756,4.0,3.592,3.792,300127.0
2019-08-07,3.864,3.892,3.362,3.377,273045.0
2019-08-08,3.405,3.527,3.291,3.441,177793.0
2019-08-09,3.484,3.541,3.291,3.398,174064.0
2019-08-12,3.355,3.556,3.312,3.556,115857.0
2019-08-13,3.405,3.527,3.405,3.434,89256.0
2019-08-14,3.541,3.592,3.298,3.326,172010.0
2019-08-15,3.147,3.541,3.119,3.498,202058.0
2019-08-16,3.527,3.549,3.398,3.434,158508.0
2019-08-19,3.463,3.778,3.355,3.771,252217.0
2019-08-20,3.835,3.835,3.692,3.742,160109.0
2019-08-21,3.699,4.494,3.699,4.494,263803.0
2019-08-22,4.831,5.06,4.637,4.938,691606.0
2019-08-23,5.003,5.203,4.816,4.945,501264.0
2019-08-26,4.745,5.218,4.745,5.039,471567.0
2019-08-27,5.039,5.182,4.902,5.046,326085.0
2019-08-28,5.053,5.318,4.917,5.017,350666.0
2019-08-29,5.01,5.125,4.867,5.01,288882.0
2019-08-30,5.01,5.167,4.759,4.838,277887.0
2019-09-02,4.945,5.698,4.845,5.454,442922.0
2019-09-03,5.468,5.468,5.218,5.304,224544.0
2019-09-04,5.347,5.397,5.117,5.268,183948.0
2019-09-05,5.332,5.433,5.167,5.253,218088.0
2019-09-06,5.196,5.296,4.91,5.039,284885.0
2019-09-09,5.175,5.368,5.031,5.304,256499.0
2019-09-10,5.332,5.454,5.117,5.196,166002.0
2019-09-11,5.218,5.253,5.01,5.017,150659.0
2019-09-12,5.11,5.819,5.11,5.289,348041.0
2019-09-16,5.189,5.361,5.089,5.189,252272.0
2019-09-17,5.139,5.203,4.731,4.831,268951.0
2019-09-18,4.902,4.902,4.652,4.673,178890.0
2019-09-19,4.759,4.974,4.688,4.795,182080.0
2019-09-20,4.824,4.974,4.68,4.773,157003.0
2019-09-23,4.752,4.752,4.501,4.616,156889.0
2019-09-24,4.659,4.881,4.594,4.745,199695.0
2019-09-25,4.666,4.809,4.48,4.501,197744.0
2019-09-26,4.616,4.616,4.337,4.401,174110.0
2019-09-27,4.437,4.523,4.279,4.458,120265.0
2019-09-30,4.458,4.637,4.329,4.329,118760.0
2019-10-08,4.365,4.645,4.365,4.422,101984.0
2019-10-09,4.372,4.458,4.215,4.422,117366.0
2019-10-10,4.437,4.573,4.337,4.437,149358.0
2019-10-11,4.437,4.473,3.685,3.835,591561.0
2019-10-14,3.828,4.243,3.763,4.028,475433.0
2019-10-15,4.143,4.15,3.556,3.713,384457.0
2019-10-16,3.685,3.735,3.484,3.577,196196.0
2019-10-17,3.577,3.685,3.441,3.506,200478.0
2019-10-18,3.541,3.563,3.334,3.377,179050.0
2019-10-21,3.369,3.377,3.219,3.326,133027.0
2019-10-22,3.334,3.441,3.276,3.391,138809.0
2019-10-23,3.391,3.448,3.241,3.276,134533.0
2019-10-24,3.255,3.305,3.119,3.269,117481.0
2019-10-25,3.269,3.412,3.162,3.348,127867.0
2019-10-28,3.341,3.592,3.341,3.563,196446.0
2019-10-29,3.577,3.606,3.434,3.441,128614.0
2019-10-30,3.42,3.463,3.269,3.334,123295.0
2019-10-31,3.312,3.398,3.219,3.241,98367.0
2019-11-01,3.241,3.341,3.198,3.319,122016.0
2019-11-04,3.362,3.441,3.262,3.319,140112.0
2019-11-05,3.348,3.491,3.176,3.484,241404.0
2019-11-06,3.434,4.093,3.42,3.806,422215.0
2019-11-07,3.735,3.814,3.649,3.685,191815.0
2019-11-08,3.735,3.792,3.556,3.606,151823.0
2019-11-11,3.556,3.556,3.348,3.348,121752.0
2019-11-12,3.348,3.42,3.212,3.305,116674.0
2019-11-13,3.255,3.341,3.212,3.312,94543.0
2019-11-14,3.298,3.334,3.176,3.276,104708.0
2019-11-15,3.283,3.283,3.097,3.097,111720.0
2019-11-18,3.054,3.14,3.026,3.112,78354.0
2019-11-19,3.112,3.427,3.09,3.341,148080.0
2019-11-20,3.326,3.341,3.205,3.212,98840.0
2019-11-21,3.212,3.412,3.155,3.384,159931.0
2019-11-22,3.355,3.634,3.348,3.427,194757.0
2019-11-25,3.463,3.67,3.427,3.57,184632.0
2019-11-26,3.57,3.67,3.498,3.592,135502.0
2019-11-27,3.556,3.634,3.455,3.47,137573.0
2019-11-28,3.448,3.606,3.398,3.463,115025.0
2019-11-29,3.412,3.62,3.412,3.556,118862.0
2019-12-02,3.627,4.028,3.627,3.821,335772.0
2019-12-03,3.864,4.064,3.835,3.971,223025.0
2019-12-04,3.971,4.286,3.842,4.2,294176.0
2019-12-05,4.208,4.308,4.136,4.236,187592.0
2019-12-06,4.272,4.422,4.15,4.279,189275.0
2019-12-09,4.272,4.294,4.143,4.2,136912.0
2019-12-10,4.186,4.279,4.014,4.193,170148.0
2019-12-11,4.243,4.294,4.036,4.043,132857.0
2019-12-12,4.079,4.165,3.957,3.986,142482.0
2019-12-13,4.1,4.114,3.943,4.114,189922.0
2019-12-16,4.143,4.279,4.028,4.258,212152.0
2019-12-17,4.294,4.444,4.2,4.251,280264.0
2019-12-18,4.229,4.422,4.193,4.279,255862.0
2019-12-19,4.322,4.322,4.193,4.215,166658.0
2019-12-20,4.208,4.258,4.05,4.064,159591.0
2019-12-23,4.028,4.172,3.699,3.72,239255.0
2019-12-24,3.756,3.857,3.699,3.799,140615.0
2019-12-25,3.785,4.007,3.756,3.914,159397.0
2019-12-26,3.9,3.95,3.699,3.878,169795.0
2019-12-27,3.928,3.957,3.735,3.742,195315.0
2019-12-30,3.72,3.914,3.613,3.892,153647.0
2019-12-31,3.864,3.907,3.728,3.778,161427.0
2020-01-02,3.864,4.43,3.842,4.236,413242.0
2020-01-03,4.294,4.315,4.136,4.186,264053.0
2020-01-06,4.172,4.637,4.129,4.58,453411.0
2020-01-07,4.666,4.723,4.458,4.587,297836.0
2020-01-08,4.623,4.731,4.48,4.551,328732.0
2020-01-09,4.688,4.902,4.487,4.587,320179.0
2020-01-10,4.544,4.594,4.294,4.329,329683.0
2020-01-13,4.43,4.566,4.208,4.53,309351.0
2020-01-14,4.53,4.673,4.458,4.494,211495.0
2020-01-15,4.487,4.508,4.329,4.387,137551.0
2020-01-16,4.444,4.573,4.337,4.401,178212.0
2020-01-17,4.401,4.523,4.272,4.337,147582.0
2020-01-20,4.38,4.559,4.265,4.537,233923.0
2020-01-21,4.551,4.551,4.114,4.172,360559.0
2020-01-22,4.258,4.96,4.136,4.773,485031.0
2020-01-23,4.702,4.824,4.265,4.394,443481.0
2020-02-03,3.577,3.577,3.577,3.577,45650.0
2020-02-04,2.968,3.584,2.968,3.534,468297.0
2020-02-05,3.491,3.756,3.463,3.52,324652.0
2020-02-06,3.477,3.792,3.412,3.699,298042.0
2020-02-07,3.613,3.914,3.613,3.914,261195.0
2020-02-10,3.821,4.043,3.785,4.014,255896.0
2020-02-11,3.978,4.021,3.842,3.878,208084.0
2020-02-12,4.294,4.637,4.208,4.559,804748.0
2020-02-13,4.688,4.931,4.473,4.551,725452.0
2020-02-14,4.422,4.616,4.251,4.322,473430.0
2020-02-17,4.38,4.745,4.358,4.666,438182.0
2020-02-18,4.795,5.511,4.795,5.368,902355.0
2020-02-19,5.526,5.69,5.375,5.404,784963.0
2020-02-20,5.762,6.163,5.619,5.834,756509.0
2020-02-21,5.812,6.457,5.812,6.084,773036.0
2020-02-24,5.963,6.156,5.805,5.912,669240.0
2020-02-25,5.683,6.084,5.49,5.834,660646.0
2020-02-26,5.561,5.726,5.175,5.21,758246.0
2020-02-27,5.304,5.411,5.103,5.21,385904.0
2020-02-28,4.852,5.01,4.408,4.415,613686.0
2020-03-02,4.609,4.888,4.551,4.745,464931.0
2020-03-03,4.967,5.132,4.745,4.867,458841.0
2020-03-04,4.859,5.024,4.702,4.91,345767.0
2020-03-05,5.046,5.339,4.974,5.182,507299.0
2020-03-06,5.017,5.146,4.931,4.988,314217.0
2020-03-09,4.723,4.795,4.286,4.322,538134.0
2020-03-10,4.279,4.68,4.143,4.637,543178.0
2020-03-11,4.68,5.16,4.645,4.688,621667.0
2020-03-12,4.473,4.867,4.401,4.716,427586.0
2020-03-13,4.294,4.938,4.222,4.781,507006.0
2020-03-16,4.902,4.902,3.928,3.928,706251.0
2020-03-17,4.014,4.107,3.541,3.735,393694.0
2020-03-18,3.842,3.943,3.541,3.541,382107.0
2020-03-19,3.541,3.692,3.355,3.677,341658.0
2020-03-20,3.771,3.778,3.484,3.67,256526.0
2020-03-23,3.348,3.427,3.097,3.169,325825.0
2020-03-24,3.326,3.362,3.033,3.283,245749.0
2020-03-25,3.534,3.692,3.434,3.527,309931.0
2020-03-26,3.463,3.513,3.362,3.391,193118.0
2020-03-27,3.513,3.584,3.377,3.434,208845.0
2020-03-30,3.269,3.312,3.026,3.176,227968.0
2020-03-31,3.291,3.312,3.033,3.047,198495.0
2020-04-01,3.061,3.326,3.018,3.119,230713.0
2020-04-02,3.097,3.448,3.076,3.434,242032.0
2020-04-03,3.398,3.42,3.212,3.262,179892.0
2020-04-07,3.448,3.484,3.348,3.412,215473.0
2020-04-08,3.355,3.448,3.334,3.412,161617.0
2020-04-09,3.441,3.513,3.398,3.427,139938.0
2020-04-10,3.398,3.42,3.219,3.248,159576.0
2020-04-13,3.205,3.205,3.018,3.04,194312.0
2020-04-14,3.112,3.269,3.076,3.241,166773.0
2020-04-15,3.248,3.434,3.233,3.298,199558.0
2020-04-16,3.248,3.412,3.212,3.362,192529.0
2020-04-17,3.463,3.613,3.369,3.405,345267.0
2020-04-20,3.398,3.448,3.241,3.326,274309.0
2020-04-21,3.305,3.312,3.112,3.183,214475.0
2020-04-22,3.119,3.355,3.104,3.334,207098.0
2020-04-23,3.305,3.348,3.176,3.176,169534.0
2020-04-24,3.119,3.241,3.004,3.09,173379.0
2020-04-27,3.119,3.283,3.119,3.169,192725.0
2020-04-28,3.255,3.42,2.961,3.384,348811.0
2020-04-29,3.355,3.9,3.341,3.9,587940.0
2020-04-30,3.828,4.229,3.799,4.043,505297.0
2020-05-06,3.971,4.15,3.907,4.079,310660.0
2020-05-07,4.079,4.243,3.993,4.15,311072.0
2020-05-08,4.186,4.243,4.057,4.136,235100.0
2020-05-11,4.193,4.243,4.014,4.086,257917.0
2020-05-12,4.136,4.165,3.986,4.129,184650.0
2020-05-13,4.1,4.179,4.057,4.064,161434.0
2020-05-14,4.036,4.107,3.871,3.878,254954.0
2020-05-15,3.943,4.014,3.742,3.771,294412.0
2020-05-18,3.828,4.165,3.677,3.993,373619.0
2020-05-19,4.243,4.53,4.208,4.465,490267.0
2020-05-20,4.473,4.58,4.251,4.294,327338.0
2020-05-21,4.38,4.444,3.835,3.9,327759.0
2020-05-22,3.95,3.986,3.778,3.828,227671.0
2020-05-25,3.864,3.986,3.756,3.95,200963.0
2020-05-26,3.95,4.15,3.935,4.064,209851.0
2020-05-27,4.079,4.251,3.964,4.007,254086.0
2020-05-28,4.028,4.157,3.928,4.143,258055.0
2020-05-29,4.1,4.329,4.071,4.294,379223.0
2020-06-01,4.344,4.666,4.344,4.551,333483.0
2020-06-02,4.609,4.716,4.473,4.551,289825.0
2020-06-03,4.602,4.874,4.544,4.702,393274.0
2020-06-04,4.738,4.802,4.559,4.594,221882.0
2020-06-05,4.645,4.659,4.473,4.551,153206.0
2020-06-08,4.63,4.967,4.623,4.831,317216.0
2020-06-09,4.831,4.931,4.738,4.766,224193.0
2020-06-10,4.759,4.781,4.587,4.695,156244.0
2020-06-11,4.702,4.91,4.63,4.738,236078.0
2020-06-12,4.48,4.824,4.48,4.723,192329.0
2020-06-15,4.766,5.54,4.759,5.196,483205.0
2020-06-16,5.332,5.433,5.203,5.325,290461.0
2020-06-17,5.318,5.39,5.132,5.203,194960.0
2020-06-18,5.225,5.261,5.039,5.132,196163.0
2020-06-19,5.139,5.347,5.089,5.296,230802.0
2020-06-22,5.311,5.447,5.232,5.339,279681.0
2020-06-23,5.339,5.49,5.117,5.339,300469.0
2020-06-24,5.468,5.991,5.361,5.963,604265.0
2020-06-29,5.905,6.779,5.898,6.407,678452.0
2020-06-30,6.443,6.722,6.335,6.543,362051.0
2020-07-01,6.686,6.973,6.414,6.908,378607.0
2020-07-02,6.915,7.238,6.772,7.18,558110.0
2020-07-03,7.137,7.274,7.016,7.202,301510.0
2020-07-06,7.137,7.309,6.794,7.109,628178.0
2020-07-07,7.094,7.861,7.094,7.653,495993.0
2020-07-08,7.646,7.904,7.424,7.789,347538.0
2020-07-09,7.832,8.9,7.789,8.842,502569.0
2020-07-10,8.678,9.444,8.255,9.079,567619.0
2020-07-13,8.893,9.509,8.857,9.358,300147.0
2020-07-14,9.344,9.437,8.9,9.279,314684.0
2020-07-15,9.265,10.039,9.036,9.53,382054.0
2020-07-16,9.602,9.881,8.642,8.699,344454.0
2020-07-17,8.721,9.895,8.721,9.258,513842.0
2020-07-20,9.537,9.852,9.193,9.623,288283.0
2020-07-21,10.318,10.948,9.795,10.089,476566.0
2020-07-22,9.874,10.325,9.745,9.91,251343.0
2020-07-23,9.888,10.87,9.795,10.655,308474.0
2020-07-24,10.34,10.705,10.039,10.225,304832.0
2020-07-27,10.404,11.385,10.404,10.827,306039.0
2020-07-28,10.977,11.077,10.11,10.433,317187.0
2020-07-29,10.354,10.791,10.225,10.755,228176.0
2020-07-30,10.82,11.328,10.612,11.185,307468.0
2020-07-31,11.242,11.987,11.077,11.328,269107.0
2020-08-03,11.536,11.608,10.712,10.934,406046.0
2020-08-04,10.991,11.02,10.39,10.526,448359.0
2020-08-05,10.54,10.948,10.397,10.726,364989.0
2020-08-06,10.648,10.827,10.254,10.511,201476.0
2020-08-07,10.54,10.769,10.125,10.504,224055.0
2020-08-10,10.662,11.93,10.612,11.93,323250.0
2020-08-11,12.51,13.169,12.51,12.832,495728.0
2020-08-12,12.653,12.861,11.178,11.192,601130.0
2020-08-13,11.471,11.908,11.178,11.221,325852.0
2020-08-14,11.292,11.471,10.762,11.278,278219.0
2020-08-17,11.407,11.5,11.085,11.364,164911.0
2020-08-18,11.364,11.543,11.235,11.328,161814.0
2020-08-19,11.557,11.557,10.519,10.547,257872.0
2020-08-20,10.511,10.626,10.01,10.11,232343.0
2020-08-21,10.132,10.576,10.132,10.254,162131.0
2020-08-24,10.318,11.35,10.053,11.171,318801.0
2020-08-25,11.042,11.579,10.905,11.106,213660.0
2020-08-26,11.128,11.292,10.54,10.683,208811.0
2020-08-27,10.97,11.4,10.626,11.292,206231.0
2020-08-28,11.335,11.944,11.171,11.865,232409.0
2020-08-31,12.073,12.331,11.658,11.994,234470.0
2020-09-01,11.901,12.188,11.658,12.159,163528.0
2020-09-02,12.295,12.725,11.736,12.231,218211.0
2020-09-03,12.188,12.245,11.865,11.973,122162.0
2020-09-04,11.55,12.009,11.457,11.966,132194.0
2020-09-07,12.044,12.474,11.672,11.715,185280.0
2020-09-08,11.887,11.93,11.493,11.708,125899.0
2020-09-09,11.579,11.65,10.49,10.884,235600.0
2020-09-10,11.085,11.45,10.798,10.862,153811.0
2020-09-11,10.862,13.778,10.748,13.778,417330.0
2020-09-14,15.497,16.701,13.334,13.85,955198.0
2020-09-15,13.843,14.623,13.477,13.907,616819.0
2020-09-16,13.785,16.629,13.785,15.118,817382.0
2020-09-17,15.304,17.317,14.924,16.593,908300.0
2020-09-18,16.772,16.772,15.705,16.35,672287.0
2020-09-21,16.701,16.83,15.218,15.318,684525.0
2020-09-22,15.261,15.598,14.946,14.996,393032.0
2020-09-23,15.189,18.685,15.189,17.654,847555.0
2020-09-24,16.937,18.133,14.931,15.54,930188.0
2020-09-25,15.698,16.414,15.153,15.519,502750.0
2020-09-28,15.984,17.317,15.791,16.156,597425.0
2020-09-29,16.507,16.701,15.383,15.519,568003.0
2020-09-30,15.727,16.923,15.49,15.977,567078.0
2020-10-09,18.836,19.702,18.348,19.179,769332.0
2020-10-12,19.495,20.161,18.814,19.366,843067.0
2020-10-13,19.093,19.294,18.048,18.778,618750.0
2020-10-14,18.821,20.139,18.821,18.921,828131.0
2020-10-15,18.671,19.093,17.689,18.076,583668.0
2020-10-16,18.062,18.678,17.56,18.076,454599.0
2020-10-19,18.262,18.305,16.83,16.916,512926.0
2020-10-20,17.231,18.09,16.83,17.739,428851.0
2020-10-21,18.055,18.449,16.837,17.26,380852.0
2020-10-22,16.636,17.274,16.206,16.916,320475.0
2020-10-23,17.195,17.596,15.984,16.321,307126.0
2020-10-26,16.35,18.133,15.777,17.79,494503.0
2020-10-27,17.739,18.176,17.331,18.148,387857.0
2020-10-28,18.133,19.337,17.926,18.871,503983.0
2020-10-29,18.492,20.34,18.42,19.466,484852.0
2020-10-30,24.094,24.101,22.088,24.101,1021609.0
2020-11-02,24.137,29.595,23.871,28.757,1039520.0
2020-11-03,29.258,29.581,27.453,29.079,720592.0
2020-11-04,28.893,30.24,25.942,28.019,804327.0
2020-11-05,29.022,29.595,27.661,28.879,671148.0
2020-11-06,29.452,29.481,26.78,27.374,568828.0
2020-11-09,27.668,29.237,26.952,28.019,649441.0
2020-11-10,27.561,31.601,27.102,30.097,791990.0
2020-11-11,29.266,29.566,27.46,27.46,543574.0
2020-11-12,28.714,30.505,28.041,30.505,626852.0
2020-11-13,30.369,30.455,28.041,29.495,567886.0
2020-11-16,29.631,30.111,27.647,29.129,437230.0
2020-11-17,28.843,29.595,27.446,28.513,355962.0
2020-11-18,28.148,29.409,26.228,27.876,492206.0
2020-11-19,27.733,28.771,27.031,27.747,373026.0
2020-11-20,28.284,29.667,27.661,29.001,405951.0
2020-11-23,29.029,33.85,28.599,32.747,691853.0
2020-11-24,32.174,33.721,31.622,33.005,448108.0
2020-11-25,32.819,33.012,30.691,30.928,396365.0
2020-11-26,30.67,31.021,29.38,30.662,293869.0
2020-11-27,30.813,30.813,29.481,29.896,238986.0
2020-11-30,30.168,30.713,28.757,30.713,337754.0
2020-12-01,30.168,32.425,29.71,31.307,389264.0
2020-12-02,30.885,31.587,29.738,30.19,305061.0
2020-12-03,30.025,30.763,29.387,30.491,240590.0
2020-12-04,30.304,30.885,29.309,29.953,262680.0
2020-12-07,30.311,32.489,29.631,31.243,378066.0
2020-12-08,31.529,34.438,31.314,33.449,447067.0
2020-12-09,34.137,35.541,32.518,32.726,392795.0
2020-12-10,33.392,37.289,32.461,36.673,568768.0
2020-12-11,36.673,37.289,34.617,35.039,442526.0
2020-12-14,36.257,38.55,35.527,37.217,481728.0
2020-12-15,37.618,41.128,37.468,40.691,583985.0
2020-12-16,41.128,41.974,39.732,41.408,414213.0
2020-12-17,40.763,41.021,39.022,40.699,432262.0
2020-12-18,40.204,41.881,39.352,40.254,411165.0
2020-12-21,41.272,44.051,40.555,43.492,529364.0
2020-12-22,42.848,44.488,40.949,41.343,510911.0
2020-12-23,43.02,48.844,43.02,46.372,627415.0
2020-12-24,46.078,48.758,44.366,46.716,436482.0
2020-12-25,47.146,51.143,46.071,49.796,504382.0
2020-12-28,49.846,49.868,46.874,49.266,607841.0
2020-12-29,48.077,48.299,42.217,43.779,743915.0
2020-12-30,44.381,46.315,44.381,44.975,465516.0
2020-12-31,46.415,48.399,46.336,48.063,477403.0
2021-01-04,48.349,54.861,45.713,52.296,673025.0
2021-01-05,51.014,54.016,50.47,51.315,511363.0
2021-01-06,51.458,54.653,50.348,53.708,446665.0
2021-01-07,55.241,61.036,55.14,60.04,586870.0
2021-01-08,60.04,60.842,55.764,57.339,680195.0
2021-01-11,56.817,56.817,52.017,54.324,528101.0
2021-01-12,54.309,60.04,53.428,58.543,530120.0
2021-01-13,58.249,62.762,57.87,59.467,498307.0
2021-01-14,59.324,62.59,56.315,59.897,543276.0
2021-01-15,57.49,58.364,53.543,56.551,587215.0
2021-01-18,55.312,59.059,53.242,57.963,422871.0
2021-01-19,58.357,59.754,55.298,56.387,396547.0
2021-01-20,57.16,62.583,56.752,62.332,564733.0
2021-01-21,63.622,63.629,60.9,63.192,532386.0
2021-01-22,62.906,67.92,62.827,67.06,543419.0
2021-01-25,67.204,77.677,66.351,69.711,810472.0
2021-01-26,67.204,68.121,63.887,64.754,867106.0
2021-01-27,66.409,71.144,62.555,71.144,721149.0
2021-01-28,67.211,70.356,67.204,67.626,478170.0
2021-01-29,68.858,72.476,65.126,71.359,691171.0
2021-02-01,70.785,72.648,63.98,65.685,743884.0
2021-02-02,66.631,68.751,64.811,66.774,506163.0
2021-02-03,69.346,74.854,69.346,70.8,708430.0
2021-02-04,71.645,75.8,71.566,74.725,601221.0
2021-02-05,73.658,80.334,73.651,78.809,626793.0
2021-02-08,78.235,79.167,71.187,77.204,582667.0
2021-02-09,77.276,79.109,74.016,76.896,548028.0
2021-02-10,78.809,83.809,77.161,81.595,645148.0
2021-02-18,82.247,83.221,75.8,79.009,588190.0
2021-02-19,77.018,78.107,72.705,76.645,504500.0
2021-02-22,74.281,74.79,61.673,62.44,1085128.0
2021-02-23,60.764,64.732,60.062,61.294,680243.0
2021-02-24,62.762,63.12,57.175,59.682,732424.0
2021-02-25,61.115,61.401,58.529,58.837,455888.0
2021-02-26,55.721,58.249,54.08,58.235,574150.0
2021-03-01,59.897,61.903,58.357,60.205,582780.0
2021-03-02,60.542,61.48,56.466,57.175,588208.0
2021-03-03,56.451,58.163,55.391,57.605,462219.0
2021-03-04,55.993,55.993,47.712,48.213,1137524.0
2021-03-05,47.576,52.941,47.561,51.394,918747.0
2021-03-08,51.079,51.444,46.164,46.68,875250.0
2021-03-09,47.869,48.929,44.846,45.083,787844.0
2021-03-10,47.053,47.482,45.197,45.77,596352.0
2021-03-11,46.043,49.925,45.641,48.901,716424.0
2021-03-12,50.154,54.001,48.937,52.633,828525.0
2021-03-15,50.735,51.322,45.72,47.332,761888.0
2021-03-16,47.003,47.654,44.911,46.795,476009.0
2021-03-17,45.785,47.067,43.937,47.003,573572.0
2021-03-18,47.074,48.256,45.591,47.927,587890.0
2021-03-19,45.677,45.914,42.926,43.342,822346.0
2021-03-22,43.765,45.305,43.607,44.159,499049.0
2021-03-23,44.502,44.596,41.967,43.607,547756.0
2021-03-24,43.421,43.922,41.279,41.651,447189.0
2021-03-25,40.34,42.217,39.911,41.25,488806.0
2021-03-26,42.088,44.639,41.63,43.786,785400.0
2021-03-29,43.22,44.194,41.171,42.991,554915.0
2021-03-30,42.848,48.822,42.511,47.97,986064.0
2021-03-31,47.583,49.144,46.952,47.705,586508.0
2021-04-01,48.292,49.904,46.594,48.184,566176.0
2021-04-02,47.576,49.438,46.988,48.829,406193.0
2021-04-06,49.13,52.819,48.306,49.696,572042.0
2021-04-07,49.689,49.689,45.856,46.73,550914.0
2021-04-08,45.985,46.988,45.384,46.666,326901.0
2021-04-09,46.093,46.702,44.116,45.255,381912.0
2021-04-12,44.81,45.348,42.002,42.368,389239.0
2021-04-13,42.876,44.639,42.69,44.209,400365.0
2021-04-14,44.682,46.573,44.28,44.789,378914.0
2021-04-15,44.517,46.064,44.058,45.713,296316.0
2021-04-16,45.713,45.821,42.131,43.607,444377.0
2021-04-19,42.203,45.928,42.146,45.785,514534.0
2021-04-20,44.997,49.653,44.861,48.414,644488.0
2021-04-21,47.919,49.288,47.003,48.07,374201.0
2021-04-22,50.441,50.728,47.167,49.366,513470.0
2021-04-23,48.815,54.166,48.793,52.834,589524.0
2021-04-26,52.647,57.999,51.587,54.331,648114.0
2021-04-27,54.381,57.318,54.309,56.014,409838.0
2021-04-28,56.458,57.891,55.09,56.745,413047.0
2021-04-29,57.168,57.168,53.872,55.226,504370.0
2021-04-30,55.305,61.831,55.305,60.685,598692.0
2021-05-06,60.692,61.903,56.645,57.748,605419.0
2021-05-07,57.748,59.087,54.94,55.334,401383.0
2021-05-10,54.152,56.731,53.794,55.348,312916.0
2021-05-11,54.309,54.309,51.215,53.177,385394.0
2021-05-12,53.17,55.892,53.17,55.026,252745.0
2021-05-13,53.579,54.438,52.569,53.543,222429.0
2021-05-14,53.844,55.563,51.229,54.811,375332.0
2021-05-17,54.775,58.593,54.309,58.328,437110.0
2021-05-18,57.031,59.467,56.996,58.436,257176.0
2021-05-19,58.4,60.756,55.391,60.47,381633.0
2021-05-20,60.47,61.709,57.375,57.862,392437.0
2021-05-21,59.403,62.103,58.887,60.155,488703.0
2021-05-24,59.954,60.671,57.576,59.575,390623.0
2021-05-25,58.994,61.186,57.59,60.799,430441.0
2021-05-26,60.756,60.971,58.493,58.65,334464.0
2021-05-27,58.02,60.907,57.805,59.682,404881.0
2021-05-28,60.721,64.439,60.04,61.272,527020.0
2021-05-31,61.573,66.566,60.327,65.8,486837.0
2021-06-01,65.37,65.8,63.163,65.191,323669.0
2021-06-02,66.58,67.168,63.206,63.421,291776.0
2021-06-03,63.221,63.221,59.016,59.646,493436.0
2021-06-04,58.35,58.643,56.544,57.848,544489.0
2021-06-07,57.01,57.024,54.667,55.713,477976.0
2021-06-08,55.627,57.69,55.162,56.093,323933.0
2021-06-09,55.713,57.92,54.983,57.92,302909.0
2021-06-10,58.851,65.556,58.851,64.446,765378.0
2021-06-11,65.506,68.013,63.779,66.494,728121.0
2021-06-15,67.068,68.013,65.291,66.659,363499.0
2021-06-16,65.241,65.255,61.143,62.633,459902.0
2021-06-17,62.655,64.281,62.003,63.973,327470.0
2021-06-18,63.865,68.486,63.385,67.655,417021.0
2021-06-21,66.444,70.957,65.312,70.026,428150.0
2021-06-22,70.026,71.136,67.727,69.517,289007.0
2021-06-23,70.886,72.591,69.274,69.811,350210.0
2021-06-24,72.605,75.578,70.886,72.97,459823.0
2021-06-25,72.318,77.283,71.695,75.535,343508.0
2021-06-28,75.528,77.319,73.386,74.697,298954.0
2021-06-29,76.617,80.471,75.542,78.88,389463.0
2021-06-30,77.426,81.044,76.144,78.809,256387.0
2021-07-01,79.618,80.127,73.106,73.751,369640.0
2021-07-02,73.816,74.919,70.363,71.667,385637.0
2021-07-05,71.824,74.955,71.101,73.551,304340.0
2021-07-06,73.558,73.765,69.453,71.817,325555.0
2021-07-07,71.301,79.339,69.525,78.694,445291.0
2021-07-08,78.551,83.895,77.333,81.165,467439.0
2021-07-09,81.058,82.025,77.354,80.915,341894.0
2021-07-12,82.505,84.274,78.787,81.251,353939.0
2021-07-13,79.84,84.625,79.84,81.617,291308.0
2021-07-14,80.915,87.118,80.041,83.078,355955.0
2021-07-15,81.774,90.85,81.774,89.797,421921.0
2021-07-16,89.891,93.558,86.23,86.574,344567.0
2021-07-19,89.411,91.746,86.717,87.369,258800.0
2021-07-20,86.029,89.224,84.153,86.717,271528.0
2021-07-21,88.479,95.385,88.479,95.227,389276.0
2021-07-22,96.674,99.719,94.726,98.859,299682.0
2021-07-23,98.107,98.823,94.224,94.669,277753.0
2021-07-26,96.581,99.533,92.14,98.179,363979.0
2021-07-27,98.236,99.855,84.496,86.624,490323.0
2021-07-28,83.214,90.944,82.913,90.062,387719.0
2021-07-29,94.038,108.795,92.777,108.795,591939.0
2021-07-30,111.001,125.443,109.927,116.589,573438.0
2021-08-02,114.318,118.867,106.553,111.431,530242.0
2021-08-03,108.852,110.285,95.242,99.526,663689.0
2021-08-04,99.003,107.778,98.881,106.202,520835.0
2021-08-05,103.838,109.354,99.54,106.925,397108.0
2021-08-06,106.009,115.135,104.203,110.83,408589.0
2021-08-09,108.136,113.258,102.62,109.497,355929.0
2021-08-10,107.334,115.772,103.251,107.033,421523.0
2021-08-11,104.827,109.948,104.468,106.073,319778.0
2021-08-12,105.493,107.506,102.642,103.845,260039.0
2021-08-13,101.689,104.841,96.359,99.526,442652.0
2021-08-16,98.823,101.46,96.094,97.248,276872.0
2021-08-17,99.196,103.114,97.821,100.041,383574.0
2021-08-18,99.06,101.094,91.13,92.734,601555.0
2021-08-19,93.028,96.431,89.511,94.647,366430.0
2021-08-20,94.683,99.139,93.365,95.098,323972.0
2021-08-23,95.328,101.918,92.376,100.256,395284.0
2021-08-24,100.256,108.251,99.461,101.753,446482.0
2021-08-25,101.782,107.398,100.399,106.668,330343.0
2021-08-26,105.987,112.076,103.838,103.874,351459.0
2021-08-27,102.398,106.546,101.617,103.251,273052.0
2021-08-30,97.641,115.751,95.872,112.706,612512.0
2021-08-31,111.001,113.158,106.997,109.053,288930.0
2021-09-01,109.06,110.5,95.242,98.172,403864.0
2021-09-02,98.172,102.334,96.581,98.752,290888.0
2021-09-03,98.394,104.375,95.586,96.574,305898.0
2021-09-06,96.854,98.107,90.521,96.811,329960.0
2021-09-07,95.6,98.143,92.133,98.107,283280.0
2021-09-08,98.043,102.391,93.938,94.318,294532.0
2021-09-09,94.876,95.715,91.08,95.356,279017.0
2021-09-10,95.299,102.047,93.952,99.189,345460.0
2021-09-13,99.038,99.189,92.663,92.763,304056.0
2021-09-14,92.369,95.815,91.159,93.3,238294.0
2021-09-15,93.666,97.248,92.649,95.041,253824.0
2021-09-16,95.041,95.335,86.982,87.004,351089.0
2021-09-17,87.004,88.487,83.128,85.198,290087.0
2021-09-22,85.22,88.737,85.22,85.463,195714.0
2021-09-23,88.551,89.998,85.643,89.146,268365.0
2021-09-24,89.805,99.683,87.878,96.961,432035.0
2021-09-27,99.361,103.838,95.951,102.226,400294.0
2021-09-28,102.226,104.117,97.885,98.981,249171.0
2021-09-29,97.606,106.417,97.47,101.968,339293.0
2021-09-30,103.752,104.526,99.776,102.677,243935.0
2021-10-08,103.838,105.643,99.533,103.981,230061.0
2021-10-11,105.271,105.629,95.371,95.965,310678.0
2021-10-12,96.674,101.388,96.316,99.182,244742.0
2021-10-13,100.858,106.195,98.866,104.934,301603.0
2021-10-14,104.984,111.116,104.984,106.309,360472.0
2021-10-15,104.948,110.428,103.559,109.268,249544.0
2021-10-18,111.36,113.566,108.523,112.219,233721.0
2021-10-19,113.151,114.92,108.91,111.36,222468.0
2021-10-20,111.36,115.214,110.543,111.288,257821.0
2021-10-21,110.93,112.936,108.444,110.916,192465.0
2021-10-22,111.001,111.847,108.136,109.117,143971.0
2021-10-25,109.583,122.621,109.583,119.598,442195.0
2021-10-26,121.775,122.32,117.449,118.38,204551.0
2021-10-27,118.874,124.598,118.846,119.985,233134.0
2021-10-28,122.821,122.821,117.377,118.881,180961.0
2021-10-29,111.36,116.732,105.056,113.939,584146.0
2021-11-01,113.136,118.523,109.569,114.476,310094.0
2021-11-02,113.151,114.855,109.361,112.542,220181.0
2021-11-03,113.007,113.595,104.683,106.044,273105.0
2021-11-04,108.917,111.403,107.276,109.862,207046.0
2021-11-05,108.852,111.001,105.292,107.978,162714.0
2021-11-08,107.42,112.671,106.703,109.569,180997.0
2021-11-09,111.918,115.722,109.282,111.152,211137.0
2021-11-10,109.569,112.083,107.921,110.213,139932.0
2021-11-11,110.643,114.06,109.218,111.704,173852.0
2021-11-12,112.434,113.702,111.059,111.517,138922.0
2021-11-15,111.474,111.567,102.835,103.895,251935.0
2021-11-16,103.48,104.476,100.306,101.474,193358.0
2021-11-17,102.083,105.629,100.614,105.378,183401.0
2021-11-18,105.228,105.228,102.477,103.559,125507.0
2021-11-19,103.802,106.059,102.104,104.927,168637.0
2021-11-22,106.703,111.023,106.703,109.59,239100.0
2021-11-23,110.285,111.274,107.792,108.573,165053.0
2021-11-24,108.766,108.852,104.891,105.263,147206.0
2021-11-25,104.776,105.629,102.649,102.756,142828.0
2021-11-26,103.451,106.775,103.114,105.872,125351.0
2021-11-29,104.468,112.921,104.282,109.726,246402.0
2021-11-30,111.718,113.373,108.136,112.062,182341.0
2021-12-01,112.792,113.143,109.92,111.001,147237.0
2021-12-02,110.142,111.56,108.709,109.554,103666.0
2021-12-03,109.211,110.285,104.368,105.98,221560.0
2021-12-06,107.062,107.126,103.695,104.017,118458.0
2021-12-07,104.554,104.912,100.378,102.907,157372.0
2021-12-08,103.537,104.955,101.259,103.981,152370.0
2021-12-09,103.838,104.024,101.689,102.427,164026.0
2021-12-10,102.405,105.127,101.166,103.831,212618.0
2021-12-13,103.623,105.443,102.133,102.47,179694.0
2021-12-14,102.391,104.411,101.968,103.021,119352.0
2021-12-15,103.122,104.776,102.162,103.193,146002.0
2021-12-16,104.261,105.822,103.523,105.722,185701.0
2021-12-17,105.987,105.987,100.263,101.331,197721.0
2021-12-20,100.328,101.331,93.329,94.955,296319.0
2021-12-21,94.884,94.884,89.368,93.322,297959.0
2021-12-22,93.479,95.657,91.767,94.812,171393.0
2021-12-23,94.411,99.454,94.296,97.376,186021.0
2021-12-24,96.682,98.186,91.66,91.81,176547.0
2021-12-27,89.79,94.167,89.783,93.594,140052.0
2021-12-28,93.802,96.639,92.326,95.851,139069.0
2021-12-29,97.176,98.501,95.593,95.593,122598.0
2021-12-30,95.593,99.182,95.242,97.369,127311.0
2021-12-31,100.894,104.554,100.536,100.829,238902.0
2022-01-04,101.689,103.086,93.128,93.379,241261.0
2022-01-05,93.952,93.952,87.068,88.795,265116.0
2022-01-06,87.985,90.371,86.438,89.583,151222.0
2022-01-07,88.795,90.356,85.915,88.293,164805.0
2022-01-10,88.014,88.014,84.991,85.571,171825.0
2022-01-11,86.545,86.545,82.068,83.049,220588.0
2022-01-12,85.571,86.287,83.164,86.28,205781.0
2022-01-13,86.388,86.617,84.21,84.532,131228.0
2022-01-14,83.35,86.001,82.526,84.926,148957.0
2022-01-17,84.941,88.458,84.604,85.714,176206.0
2022-01-18,85.929,87.004,83.594,85.822,127733.0
2022-01-19,85.456,85.456,81.409,82.856,180254.0
2022-01-20,81.631,85.019,81.309,83.966,132452.0
2022-01-21,83.966,87.863,83.071,85.764,186529.0
2022-01-24,86.645,91.631,85.213,90.636,259089.0
2022-01-25,89.511,90.435,86.653,86.653,162960.0
2022-01-26,87.777,90.084,87.376,89.117,132203.0
2022-01-27,88.365,88.938,74.883,75.9,466224.0
2022-01-28,78.415,79.869,76.617,78.042,305308.0
2022-02-07,81.989,81.989,76.688,77.254,190681.0
2022-02-08,77.333,78.042,71.179,73.121,324157.0
2022-02-09,73.594,73.894,70.098,73.071,240152.0
2022-02-10,74.46,74.46,67.304,68.808,380247.0
2022-02-11,66.946,68.729,65.449,65.656,331767.0
2022-02-14,64.876,66.817,64.08,64.854,241564.0
2022-02-15,66.007,70.148,64.632,69.661,338153.0
2022-02-16,70.026,71.294,69.023,69.682,214737.0
2022-02-17,69.46,74.811,68.952,73.465,333174.0
2022-02-18,72.863,74.79,71.681,72.275,176573.0
2022-02-21,71.932,73.909,70.528,72.354,198649.0
2022-02-22,71.273,74.539,70.177,73.5,220585.0
2022-02-23,74.088,76.631,73.744,76.502,220603.0
2022-02-24,75.9,81.524,75.205,79.554,393897.0
2022-02-25,82.82,83.537,78.028,80.313,248557.0
2022-02-28,79.482,83.243,78.88,83.135,175750.0
2022-03-01,85.843,87.004,83.1,84.382,249233.0
2022-03-02,84.948,86.18,81.545,85.986,166668.0
2022-03-03,86.918,88.501,83.601,83.995,176255.0
2022-03-04,83.064,85.628,82.362,83.515,149158.0
2022-03-07,82.648,86.975,81.473,85.155,241852.0
2022-03-08,86.287,89.482,85.929,87.29,281607.0
2022-03-09,89.296,90.084,78.766,83.902,336284.0
2022-03-10,86.409,89.733,84.969,88.802,250659.0
2022-03-11,86.645,88.709,83.071,87.018,217367.0
2022-03-14,86.488,86.631,81.617,82.34,163435.0
2022-03-15,81.416,85.929,80.327,83.15,204612.0
2022-03-16,85.757,85.929,77.748,84.697,316631.0
2022-03-17,85.929,86.56,80.12,81.602,296172.0
2022-03-18,80.198,83.637,77.82,83.243,162082.0
2022-03-21,82.483,83.773,79.69,80.463,224168.0
2022-03-22,80.714,81.402,76.101,77.627,249768.0
2022-03-23,78.766,80.377,78.049,78.572,172978.0
2022-03-24,78.579,78.744,76.617,77.182,121764.0
2022-03-25,77.691,78.372,74.26,74.367,143497.0
2022-03-28,72.999,75.384,72.712,73.25,150379.0
2022-03-29,73.751,75.814,73.128,74.733,144458.0
2022-03-30,75.127,76.609,73.665,76.552,190214.0
2022-03-31,76.23,76.23,70.37,73.221,238642.0
2022-04-01,72.462,74.453,71.516,71.982,179400.0
2022-04-06,73.035,73.099,68.866,69.868,164035.0
2022-04-07,70.162,70.742,68.751,68.987,126579.0
2022-04-08,69.732,71.996,68.722,69.102,185000.0
2022-04-11,68.729,68.729,65.148,65.434,215003.0
2022-04-12,66.165,66.845,64.088,65.728,182960.0
2022-04-13,65.155,66.416,63.865,64.797,168450.0
2022-04-14,65.176,65.57,59.417,59.496,402751.0
2022-04-15,58.994,59.052,55.656,56.938,364027.0
2022-04-18,56.645,59.718,54.839,59.309,284144.0
2022-04-19,59.066,61.974,59.001,60.928,314016.0
2022-04-20,48.521,51.895,48.02,48.02,686559.0
2022-04-21,45.885,46.501,42.16,42.575,804247.0
2022-04-22,42.79,43.872,42.16,43.055,464722.0
2022-04-25,41.229,41.83,38.578,38.578,476471.0
2022-04-26,39.008,39.581,37.274,37.647,401682.0
2022-04-27,36.988,41.128,36.508,40.663,538710.0
2022-04-28,40.742,41.573,39.137,40.054,411719.0
2022-04-29,41.114,42.59,39.187,41.659,472957.0
2022-05-05,41.515,43.141,41.035,41.959,379488.0
2022-05-06,40.899,42.339,40.491,41.057,207903.0
2022-05-09,41.107,43.535,41.107,42.095,220827.0
2022-05-10,41.064,46.315,40.928,44.639,413316.0
2022-05-11,44.882,49.732,44.646,47.891,585355.0
2022-05-12,47.246,49.037,47.103,47.848,255515.0
2022-05-13,48.664,48.672,46.68,47.604,238325.0
2022-05-16,49.23,50.935,48.557,48.679,284849.0
2022-05-17,48.536,50.47,48.242,49.925,271949.0
2022-05-18,50.685,52.339,49.173,51.551,300282.0
2022-05-19,50.892,55.635,50.491,55.355,413209.0
2022-05-20,55.842,58.185,54.768,57.411,321181.0
2022-05-23,57.282,57.676,53.464,55.377,360423.0
2022-05-24,55.112,55.613,51.695,51.981,373064.0
2022-05-25,52.268,53.4,51.329,53.113,265791.0
2022-05-26,53.12,54.109,51.831,52.619,206450.0
2022-05-27,52.991,53.851,51.687,52.074,194204.0
2022-05-30,52.49,52.748,50.183,51.057,346675.0
2022-05-31,52.698,54.123,50.756,53.665,406670.0
2022-06-01,53.371,55.269,52.368,54.266,284083.0
2022-06-02,53.443,57.275,53.443,57.275,335996.0
2022-06-06,57.741,62.655,57.712,62.361,563048.0
2022-06-07,63.88,67.304,63.636,64.503,490548.0
2022-06-08,64.281,64.911,61.91,62.934,361854.0
2022-06-09,62.934,64.259,61.358,62.118,236724.0
2022-06-10,60.857,63.357,60.126,63.042,330435.0
2022-06-13,61.81,61.824,59.768,60.778,339533.0
2022-06-14,59.84,59.868,56.845,59.446,375207.0
2022-06-15,59.381,60.52,57.117,58.507,401932.0
2022-06-16,58.593,61.845,58.593,60.936,361971.0
2022-06-17,59.782,61.931,59.553,61.193,308268.0
2022-06-20,62.01,64.295,60.291,63.142,526956.0
2022-06-21,63.006,63.049,58.851,59.331,526477.0
2022-06-22,58.715,64.847,58.715,63.414,691373.0
2022-06-23,63.443,63.615,60.284,62.54,445102.0
2022-06-24,63.077,65.886,62.791,64.732,490365.0
2022-06-27,65.85,66.767,63.951,63.994,407028.0
2022-06-28,64.632,66.881,62.97,66.0,398938.0
2022-06-29,65.348,67.87,62.218,62.44,424978.0
2022-06-30,63.07,68.586,62.003,66.845,426123.0
2022-07-01,67.025,67.813,64.596,65.191,279510.0
2022-07-04,64.088,64.159,61.15,63.328,442363.0
2022-07-05,62.619,63.085,57.999,59.453,659133.0
2022-07-06,60.219,64.424,60.219,62.691,587571.0
2022-07-07,63.801,75.936,62.633,75.936,947971.0
2022-07-08,77.311,78.128,70.248,71.323,714034.0
2022-07-11,72.54,77.046,70.391,76.803,668365.0
2022-07-12,75.75,81.545,74.553,79.489,585989.0
2022-07-13,80.313,83.931,76.058,79.203,550530.0
2022-07-14,79.417,90.435,79.417,86.724,577157.0
2022-07-15,86.008,88.974,84.016,86.115,409381.0
2022-07-18,87.799,91.674,86.495,87.125,496942.0
2022-07-19,86.846,87.455,82.498,82.842,415405.0
2022-07-20,82.426,85.292,80.671,82.928,301189.0
2022-07-21,81.932,84.217,79.94,79.969,316432.0
2022-07-22,79.991,80.993,77.125,78.293,336146.0
2022-07-25,79.023,79.382,75.177,75.9,249618.0
2022-07-26,76.215,77.648,74.217,75.764,328839.0
2022-07-27,76.022,82.856,76.022,82.247,504626.0
2022-07-28,85.292,88.429,82.999,85.793,435093.0
2022-07-29,86.939,90.363,85.148,85.191,358265.0
2022-08-01,84.239,89.59,83.236,88.186,308095.0
2022-08-02,85.32,91.345,84.575,89.518,358251.0
2022-08-03,89.59,89.984,81.839,82.569,398284.0
2022-08-04,82.018,83.322,78.973,81.051,308872.0
2022-08-05,80.843,81.617,77.677,79.131,281629.0
2022-08-08,78.587,82.197,75.993,81.409,290350.0
2022-08-09,80.356,91.424,79.69,88.264,508337.0
2022-08-10,89.719,90.75,86.273,88.73,318715.0
2022-08-11,89.59,90.306,84.188,86.868,262203.0
2022-08-12,86.051,87.441,83.873,84.847,189926.0
2022-08-15,83.866,91.595,83.866,90.292,345182.0
2022-08-16,90.306,94.697,89.898,90.664,369806.0
2022-08-17,91.531,95.829,91.531,93.171,294939.0
2022-08-18,92.971,98.186,92.52,96.782,347912.0
2022-08-19,96.61,99.124,92.054,95.586,402773.0
2022-08-22,93.902,97.957,93.179,96.682,266801.0
2022-08-23,96.037,103.2,95.335,100.12,287914.0
2022-08-24,100.908,101.624,93.472,94.303,317435.0
2022-08-25,95.321,96.316,89.69,91.273,341864.0
2022-08-26,92.742,95.321,90.464,90.772,267030.0
2022-08-29,83.859,94.819,82.498,91.13,337210.0
2022-08-30,91.603,92.462,87.534,87.641,276942.0
2022-08-31,88.221,88.587,76.058,76.266,628485.0
2022-09-01,76.745,78.436,75.341,76.552,277851.0
2022-09-02,77.412,77.469,71.359,74.303,345173.0
2022-09-05,73.952,81.065,73.185,80.256,361787.0
2022-09-06,80.406,84.991,78.909,84.282,362890.0
2022-09-07,83.845,87.154,83.214,83.973,274862.0
2022-09-08,85.292,87.297,83.257,83.422,201882.0
2022-09-09,83.501,83.931,80.922,82.569,176090.0
2022-09-13,84.289,84.575,80.471,81.251,160246.0
2022-09-14,79.833,83.4,79.339,80.693,196032.0
2022-09-15,80.728,81.71,72.383,73.543,407821.0
2022-09-16,73.257,78.078,73.257,75.327,284902.0
2022-09-19,74.568,77.648,73.866,74.847,198667.0
2022-09-20,76.48,81.208,76.122,78.235,306911.0
2022-09-21,77.419,79.776,76.337,77.268,192753.0
2022-09-22,76.194,80.177,74.912,78.235,213576.0
2022-09-23,79.776,80.277,74.904,77.376,235906.0
2022-09-26,77.405,83.995,76.695,82.44,340088.0
2022-09-27,82.856,83.393,79.991,81.71,217031.0
2022-09-28,82.426,83.143,76.968,77.605,249468.0
2022-09-29,78.723,78.916,74.904,77.77,177116.0
2022-09-30,76.337,78.68,73.83,75.707,219572.0
2022-10-10,75.979,79.475,75.521,77.003,212127.0
2022-10-11,77.018,81.488,76.266,79.991,232112.0
2022-10-12,80.026,86.724,78.056,86.724,313941.0
2022-10-13,86.008,91.216,85.292,88.085,284167.0
2022-10-14,89.84,93.243,85.865,91.008,302988.0
2022-10-17,89.59,90.306,86.581,88.931,204279.0
2022-10-18,88.981,95.944,87.799,93.007,274550.0
2022-10-19,92.455,96.023,90.936,91.237,232160.0
2022-10-20,90.313,90.858,86.939,88.157,208637.0
2022-10-21,87.183,92.283,86.975,91.015,220632.0
2022-10-24,89.296,90.062,86.423,86.724,199370.0
2022-10-25,86.939,91.954,86.022,89.346,210015.0
2022-10-26,90.091,93.171,87.727,91.524,221821.0
2022-10-27,98.186,99.619,91.166,91.753,375738.0
2022-10-28,90.378,93.451,88.73,88.966,216640.0
2022-10-31,87.441,91.739,87.29,90.249,185706.0
2022-11-01,91.022,93.53,90.277,93.164,242798.0
2022-11-02,91.739,93.444,90.636,91.796,217023.0
2022-11-03,90.858,95.235,90.736,93.53,205914.0
2022-11-04,92.964,97.047,92.484,96.323,265496.0
2022-11-07,95.321,96.717,91.889,92.498,251119.0
2022-11-08,91.904,92.491,85.743,88.802,349563.0
2022-11-09,87.512,88.15,86.251,86.739,158632.0
2022-11-10,85.349,87.426,83.143,83.931,184876.0
2022-11-11,87.441,87.799,83.83,84.984,210094.0
2022-11-14,83.931,84.504,78.121,79.532,337886.0
2022-11-15,79.203,81.71,79.203,81.703,301760.0
2022-11-16,80.993,81.839,78.787,79.489,192507.0
2022-11-17,78.952,80.8,77.412,78.88,190174.0
2022-11-18,79.203,80.986,76.337,78.766,237152.0
2022-11-21,78.844,80.42,78.128,78.701,180544.0
2022-11-22,78.629,78.701,75.47,75.893,244748.0
2022-11-23,76.122,81.481,75.277,80.857,303945.0
2022-11-24,80.141,83.207,79.711,81.731,235538.0
2022-11-25,79.718,80.786,77.985,78.049,185536.0
2022-11-28,75.979,80.829,75.893,80.213,175100.0
2022-11-29,79.561,80.098,77.777,78.601,157750.0
2022-11-30,78.128,79.797,77.641,78.844,148943.0
2022-12-01,79.625,80.922,78.271,79.496,199387.0
2022-12-02,79.969,83.859,79.081,82.491,294504.0
2022-12-05,78.758,78.844,72.87,74.245,554188.0
2022-12-06,74.167,74.224,69.317,71.975,438456.0
2022-12-07,71.036,73.522,71.036,72.49,263982.0
2022-12-08,72.361,75.836,71.838,73.271,278920.0
2022-12-09,73.314,73.816,71.394,72.97,227747.0
2022-12-12,72.268,73.257,71.38,71.624,166925.0
2022-12-13,71.681,72.326,68.536,68.608,282137.0
2022-12-14,68.808,69.389,66.065,66.96,344011.0
2022-12-15,67.125,68.45,66.459,68.335,190605.0
2022-12-16,67.942,68.278,66.201,66.666,157620.0
2022-12-19,66.688,68.529,65.635,66.172,175792.0
2022-12-20,65.814,67.741,65.148,66.057,199018.0
2022-12-21,65.986,66.222,64.446,64.861,147068.0
2022-12-22,65.513,65.642,63.937,63.937,139696.0
2022-12-23,63.923,64.374,61.408,62.053,176725.0
2022-12-26,62.777,69.181,62.304,69.159,396241.0
2022-12-27,69.166,73.543,68.815,73.371,417780.0
2022-12-28,72.447,75.478,72.182,74.625,339842.0
2022-12-29,74.539,75.915,73.787,74.367,181104.0
2022-12-30,75.119,78.128,73.988,76.552,271254.0
2023-01-03,75.27,80.614,75.227,79.281,292910.0
2023-01-04,78.837,79.489,76.409,76.874,229285.0
2023-01-05,76.43,79.446,76.43,78.064,180807.0
2023-01-06,78.128,84.382,78.128,82.498,324913.0
2023-01-09,83.114,85.614,81.71,82.784,247044.0
2023-01-10,83.644,85.112,82.82,83.802,168028.0
2023-01-11,83.766,85.614,82.648,83.83,181864.0
2023-01-12,83.83,84.403,82.297,82.706,153138.0
2023-01-13,83.544,83.615,82.068,82.655,150696.0
2023-01-16,82.569,86.029,81.846,83.558,187809.0
2023-01-17,83.579,85.148,81.91,83.644,118302.0
2023-01-18,83.859,84.718,82.433,83.644,96493.0
2023-01-19,83.644,84.489,82.19,82.498,117874.0
2023-01-20,85.994,88.551,84.059,88.551,304838.0
2023-01-30,90.306,93.171,88.587,90.234,252348.0
2023-01-31,89.604,91.022,87.663,89.59,151782.0
2023-02-01,89.59,89.59,84.289,86.753,279825.0
2023-02-02,86.753,87.297,84.905,85.471,162263.0
2023-02-03,85.127,85.843,83.143,84.532,142016.0
2023-02-06,84.074,84.79,82.111,83.422,147135.0
2023-02-07,84.074,85.292,81.28,82.419,163764.0
2023-02-08,82.319,84.919,82.14,83.035,133098.0
2023-02-09,82.483,86.144,80.829,84.511,223967.0
2023-02-10,83.494,84.031,82.233,82.856,115292.0
2023-02-13,82.233,83.952,82.082,83.078,95310.0
2023-02-14,83.501,83.687,79.933,82.054,178798.0
2023-02-15,82.419,83.4,79.554,79.84,188012.0
2023-02-16,80.134,81.13,78.744,79.403,132032.0
2023-02-17,79.002,79.453,76.695,76.853,154633.0
2023-02-20,76.903,81.71,76.753,81.588,243200.0
2023-02-21,80.993,81.251,78.508,80.707,177471.0
2023-02-22,79.618,83.243,79.582,80.736,155868.0
2023-02-23,80.721,84.418,80.721,84.059,251243.0
2023-02-24,83.859,84.274,82.118,82.928,121061.0
2023-02-27,81.982,84.933,80.42,82.433,152448.0
2023-02-28,82.283,82.813,81.208,82.14,92938.0
2023-03-01,81.774,82.283,78.257,79.131,225769.0
2023-03-02,79.203,79.704,76.531,77.591,196115.0
2023-03-03,77.992,78.83,76.695,76.989,120666.0
2023-03-06,77.354,82.068,75.119,81.624,341977.0
2023-03-07,80.958,83.343,80.277,82.419,222334.0
2023-03-08,82.283,82.999,79.095,79.546,184711.0
2023-03-09,78.887,80.284,77.849,78.694,120527.0
2023-03-10,78.486,79.274,76.574,78.114,151955.0
2023-03-13,77.125,78.701,75.75,76.273,165444.0
2023-03-14,75.979,76.624,69.603,72.197,459335.0
2023-03-15,72.404,74.453,70.757,71.624,224289.0
2023-03-16,70.262,71.244,66.143,66.974,438551.0
2023-03-17,68.063,68.099,64.739,65.348,334936.0
2023-03-20,64.596,69.646,63.815,67.884,338617.0
2023-03-21,68.099,69.854,67.311,69.224,330390.0
2023-03-22,69.811,70.714,68.572,69.675,235711.0
2023-03-23,69.145,69.389,67.598,68.099,191609.0
2023-03-24,68.092,70.621,65.95,69.102,257763.0
2023-03-27,68.178,72.669,68.178,71.967,389834.0
2023-03-28,70.979,71.881,70.305,70.943,218413.0
2023-03-29,71.344,72.755,70.356,71.409,223179.0
2023-03-30,70.785,72.397,69.568,72.075,216301.0
2023-03-31,72.096,73.508,70.965,71.581,219677.0
2023-04-03,70.965,73.371,70.212,72.326,223508.0
2023-04-04,71.717,71.946,67.175,68.772,403479.0
2023-04-06,68.794,69.962,67.261,68.866,232278.0
2023-04-07,68.099,69.303,67.29,67.712,169033.0
2023-04-10,68.135,69.217,67.526,69.138,256283.0
2023-04-11,69.532,71.273,68.185,70.119,327716.0
2023-04-12,69.41,70.614,67.44,67.949,224522.0
2023-04-13,68.092,70.528,65.957,68.128,222826.0
2023-04-14,67.404,71.323,67.39,69.56,316378.0
2023-04-17,69.174,70.463,68.98,70.019,178479.0
2023-04-18,70.828,75.535,70.828,75.177,496980.0
2023-04-19,75.177,75.979,72.791,74.618,300517.0
2023-04-20,74.045,74.317,71.538,72.168,245380.0
2023-04-21,72.383,77.297,72.254,75.263,381633.0
2023-04-24,75.313,75.37,68.815,70.535,403353.0
2023-04-25,72.755,75.227,69.56,69.854,419271.0
2023-04-26,68.099,82.426,67.927,80.621,752266.0
2023-04-27,78.844,81.28,78.135,79.876,353635.0
2023-04-28,78.988,80.184,75.764,77.225,352323.0
2023-05-04,75.263,80.248,75.155,77.412,340812.0
2023-05-05,76.423,76.688,71.81,73.479,327881.0
2023-05-08,73.486,74.417,71.072,73.687,248607.0
2023-05-09,73.765,75.191,72.039,73.185,208344.0
2023-05-10,72.734,75.657,70.391,75.148,304613.0
2023-05-11,74.109,78.837,73.973,76.051,293689.0
2023-05-12,75.965,77.247,74.195,74.26,172320.0
2023-05-15,75.263,80.549,75.184,79.912,340280.0
2023-05-16,79.561,82.856,79.124,79.933,294136.0
2023-05-17,81.137,81.61,78.2,80.256,174648.0
2023-05-18,80.241,80.256,77.627,77.949,187584.0
2023-05-19,78.271,79.167,77.011,78.615,141810.0
2023-05-22,77.827,79.976,77.419,77.985,125025.0
2023-05-23,77.985,80.571,77.684,78.379,163026.0
2023-05-24,77.913,81.409,77.562,80.492,238919.0
2023-05-25,79.46,84.611,79.045,82.448,335832.0
2023-05-26,82.068,82.347,77.505,78.15,260179.0
2023-05-29,77.49,77.978,74.274,74.833,251856.0
2023-05-30,74.904,77.089,74.467,75.692,182486.0
2023-05-31,75.979,76.595,74.109,75.363,132926.0
2023-06-01,75.263,76.266,73.343,73.572,176611.0
2023-06-02,73.185,74.904,72.992,73.801,132706.0
2023-06-05,73.114,73.114,69.274,71.022,243795.0
2023-06-06,70.771,72.376,69.102,71.645,229032.0
2023-06-07,71.086,71.343,68.815,69.803,184980.0
2023-06-08,70.548,72.64,70.068,70.341,190707.0
2023-06-09,69.911,71.616,69.689,70.921,165106.0
2023-06-12,70.47,72.576,68.879,72.103,230529.0
2023-06-13,71.243,72.404,71.035,71.487,140132.0
2023-06-14,71.752,72.755,70.047,70.527,182739.0
2023-06-15,70.677,76.852,69.775,75.971,386799.0
2023-06-16,76.351,78.987,75.42,78.349,317119.0
2023-06-19,77.569,79.625,77.21,78.249,161840.0
2023-06-20,77.998,79.517,77.311,77.97,141687.0
2023-06-21,77.984,80.355,77.339,77.676,169753.0
2023-06-26,76.494,81.079,76.193,79.166,182432.0
2023-06-27,79.037,82.053,78.715,80.391,168489.0
2023-06-28,79.718,81.437,79.617,80.083,127276.0
2023-06-29,79.861,81.401,79.553,79.753,108868.0
2023-06-30,78.529,81.659,77.826,80.169,167767.0
2023-07-03,81.0,87.096,80.864,84.582,368732.0
2023-07-04,85.09,85.95,82.232,82.662,167456.0
2023-07-05,82.583,84.367,81.867,82.254,110290.0
2023-07-06,81.623,83.099,80.764,81.437,103764.0
2023-07-07,80.434,81.759,79.431,79.431,110752.0
2023-07-10,79.431,82.64,79.359,80.971,162919.0
2023-07-11,81.308,81.831,79.589,80.57,84160.0
2023-07-12,81.272,82.218,79.016,81.408,141099.0
2023-07-13,81.437,82.726,80.434,81.766,109779.0
2023-07-14,81.158,81.623,77.669,78.178,223396.0
2023-07-17,77.583,78.965,77.533,78.493,71790.0
2023-07-18,77.927,78.486,76.852,77.604,99432.0
2023-07-19,77.604,77.647,74.746,75.921,162527.0
2023-07-20,76.387,76.816,74.76,74.968,86805.0
2023-07-21,74.71,75.42,73.579,74.324,76313.0
2023-07-24,72.948,74.904,72.597,73.199,100067.0
2023-07-25,74.338,75.133,73.27,74.173,149767.0
2023-07-26,73.629,75.792,73.557,74.975,116486.0
2023-07-27,74.99,76.415,74.302,74.632,90485.0
2023-07-28,74.037,75.212,73.163,74.725,98587.0
2023-07-31,75.183,76.752,74.245,76.494,140687.0
2023-08-01,76.136,76.48,70.978,72.626,253137.0
2023-08-02,72.232,73.163,71.386,71.637,153515.0
2023-08-03,71.838,73.736,71.838,72.819,138016.0
2023-08-04,73.342,76.666,73.242,75.95,186885.0
2023-08-07,75.42,76.014,74.345,74.703,99454.0
2023-08-08,79.145,79.861,75.749,76.136,284253.0
2023-08-09,76.143,78.564,75.162,77.569,177418.0
2023-08-10,78.858,79.668,77.784,79.044,173345.0
2023-08-11,78.786,78.851,76.559,76.573,140463.0
2023-08-14,75.42,76.938,73.858,76.494,132627.0
2023-08-15,76.387,77.848,74.417,74.596,119591.0
2023-08-16,74.338,75.534,72.955,73.263,101418.0
2023-08-17,72.697,73.536,72.268,72.998,108070.0
2023-08-18,72.826,76.279,72.755,73.364,164791.0
2023-08-21,72.697,72.697,67.11,68.055,375847.0
2023-08-22,68.399,68.822,66.2,67.611,195119.0
2023-08-23,66.938,67.59,64.23,64.266,211513.0
2023-08-24,65.677,68.75,65.606,67.755,221523.0
2023-08-25,67.325,68.027,66.15,66.952,125264.0
2023-08-28,73.987,74.202,68.012,68.399,268488.0
2023-08-29,67.683,70.333,67.611,69.961,207624.0
2023-08-30,70.033,70.763,68.829,69.323,129588.0
2023-08-31,68.901,69.331,68.048,68.077,102107.0
2023-09-01,68.149,69.116,67.776,68.607,64779.0
2023-09-04,68.98,69.123,66.902,68.227,133025.0
2023-09-05,68.256,68.886,66.716,67.755,134735.0
2023-09-06,67.181,68.063,66.265,66.479,133247.0
2023-09-07,66.666,67.002,65.226,65.355,126754.0
2023-09-08,65.04,65.19,62.955,63.342,173309.0
2023-09-11,63.413,63.686,62.224,62.812,190213.0
2023-09-12,62.568,62.883,61.601,61.873,149829.0
2023-09-13,62.267,62.783,61.816,62.174,141430.0
2023-09-14,61.644,61.88,60.376,60.462,201753.0
2023-09-15,60.462,60.842,59.158,59.602,168328.0
2023-09-18,59.194,61.021,58.8,60.476,149327.0
2023-09-19,59.782,60.226,59.087,59.266,122443.0
2023-09-20,59.653,59.653,58.27,58.671,108612.0
2023-09-21,58.22,58.564,57.26,57.446,164084.0
2023-09-22,57.518,57.941,56.651,57.582,228369.0
2023-09-25,57.153,57.718,56.15,57.21,167613.0
2023-09-26,57.511,58.084,56.809,56.809,167550.0
2023-09-27,56.723,61.293,56.723,59.302,362340.0
2023-09-28,59.617,61.221,59.28,60.741,241103.0
2023-10-09,60.304,61.63,59.101,60.842,162935.0
2023-10-10,60.476,61.057,59.731,59.731,145850.0
2023-10-11,61.092,61.221,58.943,59.337,167012.0
2023-10-12,59.015,60.849,58.857,60.104,173065.0
2023-10-13,59.302,59.86,57.625,59.488,196680.0
2023-10-16,59.022,59.746,57.525,57.941,165209.0
2023-10-17,57.654,58.077,56.751,57.11,137307.0
2023-10-18,56.751,56.973,55.562,55.648,144056.0
2023-10-19,55.62,56.064,54.387,55.226,180342.0
2023-10-20,54.359,57.862,54.294,56.365,238382.0
2023-10-23,55.713,55.713,53.571,53.958,163490.0
2023-10-24,54.294,54.574,53.162,54.18,156677.0
2023-10-25,54.581,55.519,53.055,53.32,174339.0
2023-10-26,52.188,52.819,51.336,52.568,185022.0
2023-10-27,52.102,56.279,52.066,55.978,257370.0
2023-10-30,58.141,59.903,56.637,58.915,369347.0
2023-10-31,58.922,58.922,56.802,56.902,194407.0
2023-11-01,56.945,57.231,55.397,55.448,170656.0
2023-11-02,54.86,56.114,54.144,54.144,146505.0
2023-11-03,54.574,57.797,54.545,56.515,249951.0
2023-11-06,56.515,59.481,56.508,58.936,281414.0
2023-11-07,58.585,60.591,58.163,60.376,224766.0
2023-11-08,59.66,60.706,59.545,59.961,161301.0
2023-11-09,59.767,62.095,59.688,61.236,222387.0
2023-11-10,60.376,60.713,59.509,60.419,136572.0
2023-11-13,61.085,62.081,60.376,60.691,130929.0
2023-11-14,61.007,62.024,59.667,60.154,126575.0
2023-11-15,61.802,63.521,60.949,62.525,267278.0
2023-11-16,62.224,62.267,59.416,59.517,210397.0
2023-11-17,58.929,59.91,58.714,59.273,137328.0
2023-11-20,59.495,60.319,58.542,59.846,145892.0
2023-11-21,60.004,60.985,59.953,60.032,140209.0
2023-11-22,59.667,59.739,58.743,58.779,85793.0
2023-11-23,58.771,59.287,57.933,58.793,99070.0
2023-11-24,58.514,58.514,57.145,57.145,112862.0
2023-11-27,56.773,57.425,56.114,56.544,92519.0
2023-11-28,56.544,57.289,56.157,57.016,89095.0
2023-11-29,56.78,56.902,55.433,55.505,104156.0
2023-11-30,55.791,57.31,55.584,56.221,126452.0
2023-12-01,55.634,56.687,55.147,56.243,102183.0
2023-12-04,56.257,56.866,55.455,55.67,104102.0
2023-12-05,55.369,56.078,53.965,53.965,141753.0
2023-12-06,53.9,55.863,53.707,54.968,148667.0
2023-12-07,54.645,55.14,53.22,53.571,143155.0
2023-12-08,53.836,54.051,52.682,53.227,176809.0
2023-12-11,51.902,53.836,51.708,53.642,143884.0
2023-12-12,53.578,54.215,52.811,52.926,89282.0
2023-12-13,52.238,52.46,50.978,51.064,153611.0
2023-12-14,51.565,53.026,51.35,51.35,116459.0
2023-12-15,53.119,54.144,51.816,52.081,197154.0
2023-12-18,51.78,53.377,51.107,51.171,114008.0
2023-12-19,51.35,54.416,50.849,53.535,266841.0
2023-12-20,53.428,53.993,52.969,53.37,130640.0
2023-12-21,53.413,56.207,52.926,55.569,280108.0
2023-12-22,54.996,57.511,54.215,56.085,248297.0
2023-12-25,55.419,56.737,55.261,55.698,101431.0
2023-12-26,55.505,56.372,54.96,56.028,126551.0
2023-12-27,56.293,56.293,54.717,55.247,122054.0
2023-12-28,55.061,61.293,54.839,60.663,372510.0
2023-12-29,60.197,60.304,58.836,59.366,230450.0
2024-01-02,59.302,59.373,57.675,57.797,134018.0
2024-01-03,57.776,58.141,56.694,57.632,131059.0
2024-01-04,57.131,57.475,55.698,55.834,137405.0
2024-01-05,55.433,56.823,53.571,54.036,186945.0
2024-01-08,53.642,55.34,53.521,54.18,126511.0
2024-01-09,54.008,56.794,52.783,55.369,206453.0
2024-01-10,54.839,58.9,54.789,57.826,272690.0
2024-01-11,57.905,59.567,57.582,58.872,222874.0
2024-01-12,58.908,61.666,58.163,59.581,263541.0
2024-01-15,59.223,60.29,58.7,59.044,131653.0
2024-01-16,58.879,60.684,58.249,60.29,173170.0
2024-01-17,59.91,60.276,58.571,58.585,119994.0
2024-01-18,58.084,61.766,58.084,61.386,240485.0
2024-01-19,61.809,63.356,60.262,60.369,235699.0
2024-01-22,59.681,61.2,58.42,59.302,196617.0
2024-01-23,61.021,64.316,59.796,62.117,290129.0
2024-01-24,62.31,62.805,59.015,60.519,229510.0
2024-01-25,59.674,61.092,57.69,61.092,249044.0
2024-01-26,59.796,60.512,58.721,58.779,170091.0
2024-01-29,57.654,58.084,54.144,54.273,276767.0
2024-01-30,53.929,55.863,53.592,53.922,166511.0
2024-01-31,53.234,54.409,52.296,52.776,184507.0
2024-02-01,52.546,55.935,52.503,54.33,209351.0
2024-02-02,53.929,54.617,51.852,53.428,190453.0
2024-02-05,52.496,55.362,50.347,53.922,231367.0
2024-02-06,52.926,57.31,52.783,56.938,218326.0
2024-02-07,57.826,58.75,56.995,57.675,217607.0
2024-02-08,58.155,59.445,57.511,57.89,182368.0
2024-02-19,58.227,58.442,56.751,57.79,156152.0
2024-02-20,57.432,57.439,54.903,55.992,189784.0
2024-02-21,55.362,57.984,55.003,56.579,200455.0
2024-02-22,56.078,58.585,56.042,56.866,179817.0
2024-02-23,56.859,58.893,56.794,57.726,215252.0
2024-02-26,57.532,57.647,56.107,56.565,180899.0
2024-02-27,56.429,56.845,55.612,56.845,201407.0
2024-02-28,57.568,60.455,57.346,57.425,344035.0
2024-02-29,57.153,59.158,56.587,59.094,272745.0
2024-03-01,59.101,59.946,57.726,59.352,231585.0
2024-03-04,58.936,61.451,58.857,60.72,261981.0
2024-03-05,59.667,61.966,59.366,61.501,272943.0
2024-03-06,61.064,66.308,60.734,64.158,355221.0
2024-03-07,63.256,64.373,62.024,62.131,197578.0
2024-03-08,63.442,68.17,63.442,67.826,379839.0
2024-03-11,70.333,76.05,69.323,74.825,470503.0
2024-03-12,73.915,77.404,73.17,74.517,346012.0
2024-03-13,73.987,75.119,72.912,73.228,242983.0
2024-03-14,72.697,74.345,72.217,73.113,183753.0
2024-03-15,72.554,72.611,69.116,70.921,289918.0
2024-03-18,71.673,74.116,70.957,73.328,249179.0
2024-03-19,73.772,76.05,72.232,72.232,188772.0
2024-03-20,71.673,73.313,71.086,71.816,131272.0
2024-03-21,71.494,72.088,70.247,71.05,153688.0
2024-03-22,70.778,71.48,69.832,70.384,95601.0
2024-03-25,69.961,71.544,69.803,70.119,113316.0
2024-03-26,69.832,71.444,69.424,70.727,168123.0
2024-03-27,71.1,71.981,69.689,69.746,164053.0
2024-03-28,70.119,71.623,69.116,70.548,148120.0
2024-03-29,70.197,72.088,69.911,70.978,123868.0
2024-04-01,71.121,75.42,70.477,74.732,242477.0
2024-04-02,73.987,75.291,72.984,73.342,158654.0
2024-04-03,73.335,74.338,71.322,71.752,127798.0
2024-04-08,71.336,72.633,70.498,70.713,131818.0
2024-04-09,71.48,72.182,69.316,69.818,137474.0
2024-04-10,69.689,70.527,67.246,67.948,189404.0
2024-04-11,67.217,68.729,67.045,67.389,120313.0
2024-04-12,67.49,67.661,65.312,65.591,146066.0
2024-04-15,65.462,69.331,65.462,68.063,190067.0
2024-04-16,67.396,68.707,66.895,67.611,118150.0
2024-04-17,67.253,68.084,66.401,67.583,169041.0
2024-04-18,67.54,67.54,65.727,66.193,156064.0
2024-04-19,65.14,65.498,63.012,64.789,268883.0
2024-04-22,63.958,65.742,63.234,63.951,155181.0
2024-04-23,66.795,68.17,65.391,66.093,263355.0
2024-04-24,66.494,66.522,64.173,64.818,159597.0
2024-04-25,64.925,66.823,64.03,66.028,164156.0
2024-04-26,65.999,68.113,65.648,67.733,216127.0
2024-04-29,68.249,74.202,67.826,72.783,306456.0
2024-04-30,72.54,72.733,70.513,70.656,154962.0
2024-05-06,73.199,73.772,71.838,72.325,161012.0
2024-05-07,72.003,74.309,71.193,73.199,140408.0
2024-05-08,72.568,73.149,71.315,71.451,85843.0
2024-05-09,71.802,73.858,71.551,72.977,122432.0
2024-05-10,72.626,73.407,71.551,73.056,115408.0
2024-05-13,71.766,73.664,70.727,71.838,172782.0
2024-05-14,72.912,73.249,69.839,70.183,135539.0
2024-05-15,74.624,75.42,71.73,71.952,227255.0
2024-05-16,71.952,73.901,71.035,72.482,136152.0
2024-05-17,71.336,71.472,67.189,69.288,280076.0
2024-05-20,68.235,69.796,68.22,69.295,99335.0
2024-05-21,68.829,69.209,67.54,68.256,87203.0
2024-05-22,68.679,72.303,68.428,71.752,235851.0
2024-05-23,71.429,71.766,69.689,70.04,123354.0
2024-05-24,69.803,70.949,68.98,69.08,76136.0
2024-05-27,69.395,69.545,67.848,69.094,84896.0
2024-05-28,68.707,69.99,68.041,68.106,71854.0
2024-05-29,68.385,70.921,68.256,68.872,143051.0
2024-05-30,70.305,70.641,68.564,68.757,102072.0
2024-05-31,68.313,68.972,67.181,67.318,111149.0
2024-06-03,66.967,68.027,66.121,67.404,113015.0
2024-06-04,67.719,70.907,66.881,70.505,183029.0
2024-06-05,70.563,71.48,70.047,70.119,106699.0
2024-06-06,70.563,70.742,67.54,68.184,133762.0
2024-06-07,68.471,68.865,65.806,66.551,145428.0
2024-06-11,66.021,67.296,65.856,66.931,87302.0
2024-06-12,66.465,66.823,65.391,65.978,107445.0
2024-06-13,66.105,67.305,64.925,66.145,148056.0
2024-06-14,65.655,66.095,63.055,63.895,378290.0
2024-06-17,63.695,65.385,62.415,65.245,215230.0
2024-06-18,65.105,67.705,64.985,66.855,205608.0
2024-06-19,67.405,67.405,65.505,65.695,113741.0
2024-06-20,65.955,66.425,64.895,65.215,115433.0
2024-06-21,65.235,66.585,64.075,64.805,138268.0
2024-06-24,64.105,65.535,63.855,64.955,134808.0
2024-06-25,64.385,64.935,60.885,61.365,248648.0
2024-06-26,60.995,62.625,60.555,61.485,153981.0
2024-06-27,60.735,61.155,59.805,60.685,130298.0
2024-06-28,60.635,61.155,58.925,59.335,183102.0
2024-07-01,60.055,61.745,58.805,60.455,189040.0
2024-07-02,59.215,59.645,56.905,57.625,276000.0
2024-07-03,58.165,58.695,57.045,57.355,140273.0
2024-07-04,57.305,58.055,56.185,56.425,150777.0
2024-07-05,56.105,59.045,56.105,58.305,245824.0
2024-07-08,57.705,57.805,55.215,55.455,200684.0
2024-07-09,55.685,55.875,54.295,55.585,244875.0
2024-07-10,54.405,56.945,53.685,54.875,244706.0
2024-07-11,55.465,57.965,54.555,57.125,315665.0
2024-07-12,59.075,61.515,58.455,59.415,446958.0
2024-07-15,59.485,61.885,58.785,61.315,326293.0
2024-07-16,61.055,67.875,60.905,67.615,501438.0
2024-07-17,68.305,68.665,66.185,67.605,416651.0
2024-07-18,66.405,70.855,65.535,68.705,469581.0
2024-07-19,67.985,70.145,67.985,69.605,318585.0
2024-07-22,69.595,72.375,69.495,71.425,305381.0
2024-07-23,70.505,71.015,69.105,69.105,291108.0
2024-07-24,68.305,69.505,67.385,68.285,270460.0
2024-07-25,67.705,70.035,67.445,68.375,289466.0
2024-07-26,67.665,68.555,66.605,67.655,239282.0
2024-07-29,67.685,67.885,64.835,65.955,212553.0
2024-07-30,65.875,67.105,64.925,65.355,133698.0
2024-07-31,65.105,66.535,63.835,66.135,264828.0
2024-08-01,65.835,66.895,65.005,65.205,193964.0
2024-08-02,64.905,65.775,63.335,63.805,197531.0
2024-08-05,63.565,66.185,63.325,64.475,246728.0
2024-08-06,65.625,68.965,65.605,68.185,358613.0
2024-08-07,67.875,69.505,67.735,68.295,206965.0
2024-08-08,67.835,69.255,67.105,67.605,159620.0
2024-08-09,67.605,68.815,67.105,67.105,125156.0
2024-08-12,68.205,68.795,65.805,66.005,147763.0
2024-08-13,66.015,67.965,65.005,67.605,188993.0
2024-08-14,67.305,68.265,65.425,65.695,130788.0
2024-08-15,65.305,66.685,64.985,65.985,117540.0
2024-08-16,65.625,66.085,65.045,65.815,95637.0
2024-08-19,66.155,66.245,64.105,64.835,129605.0
2024-08-20,64.835,66.235,64.465,65.205,137714.0
2024-08-21,64.805,64.805,63.515,63.785,121682.0
2024-08-22,63.965,64.595,62.875,63.915,117711.0
2024-08-23,63.705,65.905,63.305,65.425,158612.0
2024-08-26,66.775,69.805,66.775,68.745,275178.0
2024-08-27,68.225,69.285,67.505,68.475,163721.0
2024-08-28,68.195,69.505,68.005,68.525,138822.0
2024-08-29,67.945,74.305,67.865,73.055,416401.0
2024-08-30,72.755,75.875,72.385,74.305,323338.0
2024-09-02,74.205,75.285,73.205,73.285,153965.0
2024-09-03,73.425,74.265,72.675,73.305,143010.0
2024-09-04,72.895,74.505,72.485,73.285,169530.0
2024-09-05,73.305,75.445,73.035,74.245,180770.0
2024-09-06,74.055,74.195,72.805,72.955,106890.0
2024-09-09,72.905,73.945,72.305,73.295,113424.0
2024-09-10,73.295,74.305,72.605,73.305,122461.0
2024-09-11,73.295,77.305,72.825,77.045,295814.0
2024-09-12,77.005,78.405,76.025,76.305,163855.0
2024-09-13,76.185,76.575,74.195,75.425,154099.0
2024-09-18,75.225,77.085,74.905,76.075,121332.0
2024-09-19,76.585,77.455,74.815,75.685,168757.0
2024-09-20,75.655,76.455,74.425,76.105,157451.0
2024-09-23,75.875,76.345,72.605,74.085,202559.0
2024-09-24,74.305,74.605,71.305,73.555,325487.0
2024-09-25,75.085,76.875,74.205,74.445,268146.0
2024-09-26,74.265,74.965,71.345,74.925,376734.0
2024-09-27,74.855,85.875,73.665,82.505,547392.0
2024-09-30,86.185,97.265,83.985,96.885,656078.0
2024-10-08,113.285,116.495,99.785,116.495,899114.0
2024-10-09,109.275,109.275,96.405,96.415,837836.0
2024-10-10,96.305,102.895,95.805,98.755,501440.0
2024-10-11,96.325,99.115,92.305,94.105,342143.0
2024-10-14,92.805,95.185,91.475,94.055,353607.0
2024-10-15,92.445,92.445,87.095,89.755,606290.0
2024-10-16,87.315,88.765,85.335,85.705,373272.0
2024-10-17,86.235,87.005,83.475,83.865,346916.0
2024-10-18,83.865,93.305,82.815,91.805,625414.0
2024-10-21,94.285,96.075,89.985,91.495,627636.0
2024-10-22,90.105,92.305,87.875,91.305,472077.0
2024-10-23,91.205,101.785,90.315,95.705,693653.0
2024-10-24,92.995,93.105,89.305,89.305,450342.0
2024-10-25,89.115,97.185,88.745,92.615,721391.0
2024-10-28,91.625,92.295,89.705,91.045,390430.0
2024-10-29,92.305,93.855,87.805,87.805,465730.0
2024-10-30,87.305,89.945,87.115,88.615,275823.0
2024-10-31,88.895,90.805,87.625,87.925,388614.0
2024-11-01,86.105,87.185,82.335,85.505,608999.0
2024-11-04,85.305,87.635,84.325,86.455,251534.0
2024-11-05,86.955,90.715,86.205,90.005,498049.0
2024-11-06,90.025,95.995,89.725,91.425,633493.0
2024-11-07,88.285,88.285,83.905,88.095,704545.0
2024-11-08,88.135,89.255,84.295,84.655,702241.0
2024-11-11,84.065,86.505,83.165,85.875,477075.0
2024-11-12,85.965,88.075,84.105,84.945,464532.0
2024-11-13,83.905,87.305,83.865,86.975,448314.0
2024-11-14,87.605,90.105,86.305,86.595,656463.0
2024-11-15,85.305,86.685,83.045,83.045,445203.0
2024-11-18,82.335,82.785,77.905,78.485,531827.0
2024-11-19,81.005,84.475,79.805,82.385,520936.0
2024-11-20,81.145,82.015,79.855,80.445,354581.0
2024-11-21,81.005,81.305,79.305,79.515,262534.0
2024-11-22,79.305,80.895,77.545,77.605,334867.0
2024-11-25,77.615,79.285,76.905,78.805,249509.0
2024-11-26,77.805,79.725,77.385,77.395,218331.0
2024-11-27,76.805,79.155,75.535,79.005,332336.0
2024-11-28,78.495,79.275,77.615,77.625,190838.0
2024-11-29,77.505,79.425,76.865,78.585,281356.0
2024-12-02,77.145,79.385,76.305,79.135,306759.0
2024-12-03,79.635,81.535,79.225,80.415,333399.0
2024-12-04,79.585,80.095,77.165,77.215,349945.0
2024-12-05,76.815,77.005,75.805,76.205,277857.0
2024-12-06,75.315,78.505,75.315,77.995,326423.0
2024-12-09,77.685,77.705,75.405,76.075,305115.0
2024-12-10,79.235,79.305,75.615,75.815,380477.0
2024-12-11,75.755,76.565,74.475,76.175,237096.0
2024-12-12,75.925,77.105,75.535,76.405,238192.0
2024-12-13,75.995,76.005,73.685,73.775,338372.0
2024-12-16,73.715,73.965,72.605,72.965,209434.0
2024-12-17,72.755,74.505,72.355,72.535,253666.0
2024-12-18,72.755,73.795,72.305,72.745,184833.0
2024-12-19,72.305,72.885,71.585,72.575,201515.0
2024-12-20,72.705,72.755,71.325,71.395,263023.0
2024-12-23,70.965,74.055,70.945,72.295,473391.0
2024-12-24,72.045,76.375,71.905,75.835,621700.0
2024-12-25,75.805,76.125,74.305,75.205,300022.0
2024-12-26,75.405,75.805,74.305,75.305,250488.0
2024-12-27,75.105,75.195,72.695,72.985,352736.0
2024-12-30,72.885,73.935,72.165,72.395,226096.0
2024-12-31,72.305,74.525,70.825,71.135,302553.0
2025-01-02,71.145,71.505,68.705,69.215,310411.0
2025-01-03,69.235,69.695,67.085,67.135,279480.0
2025-01-06,67.955,70.475,67.205,68.965,392739.0
2025-01-07,68.405,69.305,67.555,68.965,213019.0
2025-01-08,68.605,71.085,68.065,70.095,354315.0
2025-01-09,69.305,72.545,69.255,69.925,279303.0
2025-01-10,69.805,70.355,68.435,68.455,170613.0
2025-01-13,67.805,70.485,67.705,68.975,190325.0
2025-01-14,69.075,71.385,68.315,71.185,294119.0
2025-01-15,70.415,71.475,69.315,70.555,304086.0
2025-01-16,70.305,72.465,70.305,71.485,247042.0
2025-01-17,70.705,73.185,70.505,72.355,288330.0
2025-01-20,74.205,76.335,73.885,74.675,562918.0
2025-01-21,74.545,74.545,72.705,73.235,295429.0
2025-01-22,72.955,73.205,70.755,70.955,311883.0
2025-01-23,71.525,72.655,70.905,71.395,292106.0
2025-01-24,70.935,72.795,70.705,71.445,277948.0
2025-01-27,71.445,71.805,69.385,69.405,208670.0
2025-02-05,69.255,69.795,67.715,68.105,270558.0
2025-02-06,68.305,68.805,65.985,68.805,425595.0
2025-02-07,68.505,72.305,68.115,71.705,528184.0
2025-02-10,71.485,71.485,67.905,69.435,715250.0
2025-02-11,68.915,69.085,68.015,68.115,280689.0
2025-02-12,67.805,68.355,67.205,68.135,371042.0
2025-02-13,67.805,68.235,67.275,67.275,282544.0
2025-02-14,66.875,68.005,66.785,66.945,270731.0
2025-02-17,66.945,66.955,65.385,65.545,449471.0
2025-02-18,66.565,67.695,65.825,66.015,491292.0
2025-02-19,65.335,65.705,64.505,65.555,444217.0
2025-02-20,65.175,65.215,63.995,64.425,394986.0
2025-02-21,64.475,65.555,64.415,64.775,478452.0
2025-02-24,64.515,66.055,63.775,65.375,430839.0
2025-02-25,64.535,65.665,64.325,64.435,352111.0
2025-02-26,64.415,67.505,64.405,67.465,723713.0
2025-02-27,67.805,70.335,67.705,69.135,845534.0
2025-02-28,69.005,70.985,68.015,68.205,575442.0
2025-03-03,68.005,71.185,68.005,69.875,597886.0
2025-03-04,68.805,69.015,67.355,67.955,361497.0
2025-03-05,67.805,67.945,65.295,65.535,485027.0
2025-03-06,65.555,66.565,64.805,66.005,403582.0
2025-03-07,65.565,66.045,64.695,65.045,337999.0
2025-03-10,65.315,66.185,64.715,65.575,290675.0
2025-03-11,64.825,65.055,64.405,65.035,278283.0
2025-03-12,65.205,65.425,64.585,64.835,260780.0
2025-03-13,64.835,66.305,64.625,64.905,302008.0
2025-03-14,64.965,66.425,64.225,66.055,447626.0
2025-03-17,66.155,67.185,66.015,66.085,296439.0
2025-03-18,66.295,67.605,66.155,67.395,384230.0
2025-03-19,66.815,68.005,65.865,66.885,381378.0
2025-03-20,66.805,67.355,65.875,65.875,238701.0
2025-03-21,65.565,66.385,64.835,64.905,252847.0
2025-03-24,65.105,65.135,63.805,64.145,251553.0
2025-03-25,64.715,69.805,64.565,69.305,952107.0
2025-03-26,68.315,70.805,68.195,69.225,640172.0
2025-03-27,69.235,69.805,67.885,69.105,308298.0
2025-03-28,69.285,71.415,69.125,69.595,420056.0
2025-03-31,69.625,70.905,66.545,66.715,452836.0
2025-04-01,66.735,70.605,66.735,69.685,464169.0
2025-04-02,69.805,70.255,69.105,69.775,254618.0
2025-04-03,67.745,67.765,64.335,64.505,818358.0
2025-04-07,57.305,59.305,51.065,53.005,967449.0
2025-04-08,52.995,54.805,52.545,53.015,533653.0
2025-04-09,51.305,54.275,50.285,53.465,461521.0
2025-04-10,57.055,57.195,54.905,55.005,452029.0
2025-04-11,54.285,55.695,53.735,55.015,335183.0
2025-04-14,55.805,55.955,55.005,55.215,263788.0
2025-04-15,55.225,55.265,54.105,54.595,218423.0
2025-04-16,54.225,54.295,52.805,53.545,222271.0
2025-04-17,53.035,53.595,52.915,53.075,176608.0
2025-04-18,53.095,53.755,52.905,53.375,176826.0
2025-04-21,53.605,54.255,53.105,53.995,181051.0
2025-04-22,53.665,54.725,53.505,53.545,199024.0
2025-04-23,54.425,56.305,54.425,55.525,454060.0
2025-04-24,55.465,55.515,54.045,54.105,239717.0
2025-04-25,54.405,57.105,54.405,56.125,403021.0
2025-04-28,59.805,60.865,59.505,59.905,638893.0
2025-04-29,60.655,60.805,58.495,58.605,321586.0
2025-04-30,58.605,59.035,57.815,57.905,231868.0
2025-05-06,58.285,59.905,58.165,59.495,304173.0
2025-05-07,60.855,61.945,58.925,59.405,402335.0
2025-05-08,58.905,61.605,58.715,61.255,418182.0
2025-05-09,60.885,60.905,59.305,59.825,265779.0
2025-05-12,63.045,64.945,62.405,64.455,752187.0
2025-05-13,65.745,67.055,64.945,65.105,641201.0
2025-05-14,64.095,64.595,62.885,63.375,491386.0
2025-05-15,63.005,63.015,61.225,61.705,363893.0
2025-05-16,61.455,65.105,61.305,62.615,441015.0
2025-05-19,62.305,62.455,61.525,61.755,189470.0
2025-05-20,61.805,61.895,60.205,60.965,301308.0
2025-05-21,61.065,62.075,60.675,61.535,234493.0
2025-05-22,60.905,61.205,59.805,59.815,267433.0
2025-05-23,59.185,59.335,57.835,57.905,522254.0
2025-05-26,57.505,58.855,57.505,58.185,204026.0
2025-05-27,58.205,58.305,57.665,57.865,139336.0
2025-05-28,58.165,58.385,57.425,57.585,137170.0
2025-05-29,58.225,58.555,57.895,58.345,197672.0
2025-05-30,58.005,58.055,57.435,57.695,171666.0
2025-06-03,57.285,57.785,57.175,57.505,121818.0
2025-06-04,57.765,58.605,57.755,58.275,176090.0
2025-06-05,58.435,58.805,57.835,58.645,203137.0
2025-06-06,58.865,58.905,58.025,58.105,179973.0
2025-06-09,58.295,60.495,58.105,60.295,407230.0
2025-06-10,60.305,62.805,60.105,61.455,597203.0
2025-06-11,61.355,62.265,61.005,61.495,262466.0
2025-06-12,61.255,61.725,60.335,61.505,219082.0
2025-06-13,61.274,61.974,60.724,60.784,208739.0
2025-06-16,60.574,62.694,60.444,61.624,218785.0
2025-06-17,61.724,61.834,60.794,61.154,163904.0
2025-06-18,63.384,63.974,62.394,63.614,481590.0
2025-06-19,63.204,63.574,61.064,61.354,332223.0
2025-06-20,61.134,62.874,60.934,60.994,252674.0
2025-06-23,60.574,62.734,60.464,62.324,265370.0
2025-06-24,62.574,64.314,62.574,63.604,292447.0
2025-06-25,63.684,64.294,62.624,64.154,297582.0
2025-06-26,63.884,63.954,62.394,62.494,274240.0
2025-06-27,62.774,65.034,62.624,63.804,430479.0
2025-06-30,64.464,66.664,64.184,66.144,516457.0
2025-07-01,65.874,67.624,65.074,67.064,388974.0
2025-07-02,67.074,67.824,66.474,66.824,347079.0
2025-07-03,66.824,68.374,65.994,68.144,408961.0
2025-07-04,69.034,69.034,66.004,66.074,455857.0
2025-07-07,65.774,66.944,65.404,65.774,228959.0
2025-07-08,65.874,72.974,65.734,72.144,1033123.0
2025-07-09,72.154,72.754,71.024,71.724,479074.0
2025-07-10,72.204,76.464,72.204,74.824,911805.0
2025-07-11,74.484,75.134,73.754,74.534,453636.0
2025-07-14,74.284,75.534,72.384,73.984,541007.0
2025-07-15,72.974,75.274,72.474,73.524,458560.0
2025-07-16,72.874,73.394,71.624,72.884,374272.0
2025-07-17,73.424,74.914,71.704,72.474,484780.0
2025-07-18,72.374,72.724,70.574,70.634,468182.0
2025-07-21,70.864,71.394,70.504,71.124,269286.0
2025-07-22,71.174,72.634,70.574,72.504,476144.0
2025-07-23,72.844,73.054,71.194,71.484,348097.0
2025-07-24,71.244,74.914,71.054,74.754,565165.0
2025-07-25,74.674,75.024,74.074,74.154,283789.0
2025-07-28,73.414,73.864,72.204,72.574,366090.0
2025-07-29,72.584,74.414,71.974,73.824,336528.0
2025-07-30,73.874,74.824,72.374,72.964,358467.0
2025-07-31,72.374,74.004,69.924,70.374,464015.0
2025-08-01,70.404,73.754,70.254,73.674,564926.0
2025-08-04,72.644,72.834,70.974,72.154,340957.0
2025-08-05,71.944,74.574,71.064,73.784,386697.0
2025-08-06,73.374,75.594,73.334,75.274,406342.0
2025-08-07,75.174,75.264,72.844,73.184,393196.0
2025-08-08,72.894,84.274,72.874,79.974,1191059.0
2025-08-11,80.034,83.114,79.674,82.894,852355.0
2025-08-12,82.974,86.654,81.174,86.474,779843.0
2025-08-13,86.374,88.254,85.104,87.404,695940.0
2025-08-14,86.554,87.764,84.884,86.324,510081.0
2025-08-15,85.974,94.374,85.784,92.654,905614.0
2025-08-18,93.874,94.744,92.284,93.754,610163.0
2025-08-19,93.374,98.294,92.944,94.844,730131.0
2025-08-20,93.824,95.074,90.974,93.654,597646.0
2025-08-21,92.834,93.034,90.424,90.864,498125.0
2025-08-22,90.364,97.194,90.174,96.234,676815.0
2025-08-25,98.074,101.874,97.854,100.974,741928.0
2025-08-26,100.294,100.294,93.974,95.384,1148609.0
2025-08-27,93.924,97.734,92.914,93.484,841303.0
2025-08-28,92.974,99.034,92.874,97.934,822619.0
2025-08-29,97.924,101.734,96.094,98.244,763179.0
2025-09-01,97.954,99.764,96.384,97.574,591161.0
2025-09-02,98.064,103.744,97.234,98.024,842460.0
2025-09-03,99.674,117.374,98.374,113.274,1429194.0
2025-09-04,116.874,122.454,111.434,114.374,1651818.0
2025-09-05,114.564,136.034,114.564,133.714,1699411.0
2025-09-08,138.474,145.244,132.134,135.354,1886972.0
2025-09-09,130.574,133.714,126.794,128.254,1307013.0
2025-09-10,125.684,129.734,123.474,126.674,1197389.0
2025-09-11,124.904,135.714,121.874,135.714,1346651.0
2025-09-12,134.344,139.374,130.874,132.294,1129502.0
2025-09-15,136.374,147.694,134.944,135.044,1509708.0
2025-09-16,136.184,141.454,134.044,138.684,1085243.0
2025-09-17,139.174,142.614,135.574,139.364,932697.0
2025-09-18,138.374,146.484,134.234,140.924,1357717.0
2025-09-19,139.444,140.674,135.254,135.574,853179.0
2025-09-22,134.374,137.374,132.934,135.604,669259.0
2025-09-23,135.574,146.924,135.574,141.914,1186586.0
2025-09-24,141.784,154.374,141.394,152.574,1194407.0
2025-09-25,152.354,161.624,150.234,158.214,1021988.0
2025-09-26,158.214,165.854,155.374,155.874,899797.0
2025-09-29,161.374,168.174,159.474,163.374,995394.0
2025-09-30,163.374,166.064,155.584,160.354,928505.0
2025-10-09,160.254,163.274,156.034,157.264,918541.0
2025-10-10,154.104,156.574,143.374,144.894,1125002.0
2025-10-13,137.394,142.754,134.474,139.594,1078104.0
2025-10-14,143.214,149.374,137.474,138.164,1036142.0
2025-10-15,138.204,150.454,134.504,149.774,1081695.0
2025-10-16,148.154,163.134,147.374,161.374,1282795.0
2025-10-17,158.554,159.304,143.354,143.584,1211395.0
2025-10-20,148.315,152.505,145.975,147.945,818533.0
2025-10-21,149.115,156.315,143.315,152.105,813693.0
2025-10-22,150.315,151.645,146.765,148.635,507599.0
2025-10-23,147.445,153.605,146.195,152.835,566897.0
2025-10-24,155.315,164.965,153.315,164.315,910662.0
2025-10-27,168.495,171.945,161.975,166.265,943953.0
2025-10-28,163.335,168.815,161.395,165.195,650094.0
2025-10-29,169.305,194.285,168.225,190.805,1452907.0
2025-10-30,194.215,203.195,191.625,193.995,1271753.0
2025-10-31,194.905,202.695,186.805,189.115,985390.0
2025-11-03,192.385,199.195,187.315,198.785,1009447.0
2025-11-04,199.315,199.425,185.035,186.505,1038219.0
2025-11-05,180.625,201.995,180.625,199.815,1210056.0
2025-11-06,201.275,209.195,197.305,204.715,1066136.0
2025-11-07,201.325,208.815,199.195,200.315,754301.0
2025-11-10,202.515,204.315,188.705,193.315,902088.0
2025-11-11,199.315,203.335,190.415,192.315,800191.0
2025-11-12,188.185,192.165,181.525,186.945,879893.0
2025-11-13,189.545,194.235,185.425,189.825,852416.0
2025-11-14,184.315,193.415,183.425,184.315,651853.0
2025-11-17,181.855,186.305,180.015,183.105,572551.0
2025-11-18,183.005,183.795,172.065,174.335,834770.0
2025-11-19,173.345,179.085,172.815,175.815,488869.0
2025-11-20,180.315,184.035,176.075,176.675,599554.0
2025-11-21,169.335,173.565,166.825,167.205,690453.0
2025-11-24,169.295,171.095,163.695,166.735,587924.0
2025-11-25,171.615,179.265,168.515,175.025,772329.0
2025-11-26,174.505,187.235,172.465,181.845,840096.0
2025-11-27,186.315,192.195,179.475,180.245,747179.0
2025-11-28,179.345,186.805,179.345,182.215,512084.0
2025-12-01,182.315,183.225,173.635,178.875,599315.0
2025-12-02,177.455,179.815,174.315,178.015,333052.0
2025-12-03,180.965,182.895,175.115,176.445,460249.0
2025-12-04,175.455,178.015,173.595,176.865,346956.0
2025-12-05,179.315,183.975,174.815,181.315,571587.0
2025-12-08,181.425,187.515,176.615,183.595,705346.0
2025-12-09,183.195,190.915,180.415,185.315,639694.0
2025-12-10,185.515,186.015,174.625,177.405,746145.0
2025-12-11,177.315,183.015,173.285,173.365,652352.0
2025-12-12,176.315,177.895,169.515,174.295,815469.0
2025-12-15,170.895,173.315,167.515,169.515,563588.0
2025-12-16,168.815,168.815,159.585,163.285,716009.0
2025-12-17,161.825,169.965,161.825,168.815,571040.0
2025-12-18,165.805,165.805,160.545,160.625,556222.0
2025-12-19,162.335,164.855,160.425,163.365,441769.0
2025-12-22,165.315,169.285,163.425,166.875,568137.0
2025-12-23,166.815,169.905,164.895,167.305,505760.0
2025-12-24,165.425,165.865,162.895,165.195,505601.0
2025-12-25,164.065,168.215,163.115,167.195,479944.0
2025-12-26,169.195,184.495,168.165,180.395,1148186.0
2025-12-29,181.315,182.245,174.365,175.035,698913.0
2025-12-30,174.415,179.825,172.995,178.385,564848.0
2025-12-31,179.275,179.515,170.345,170.355,518959.0
2026-01-05,172.935,174.485,169.325,171.145,629305.0
2026-01-06,171.325,174.645,170.525,171.435,596865.0
2026-01-07,169.315,174.315,168.415,172.775,572341.0
2026-01-08,171.315,172.285,167.375,170.265,601522.0
2026-01-09,168.695,170.825,164.815,168.365,600283.0
2026-01-12,164.595,166.195,159.615,162.765,972582.0
2026-01-13,162.495,165.305,156.465,159.795,882962.0
2026-01-14,159.155,167.305,158.075,164.985,811775.0
2026-01-15,162.005,166.115,161.995,164.775,412811.0
2026-01-16,167.165,171.815,167.165,170.305,720181.0
2026-01-19,169.315,175.875,167.765,171.995,650302.0
2026-01-20,171.495,171.675,161.815,162.325,656600.0
2026-01-21,162.425,165.195,161.005,161.395,495783.0
2026-01-22,162.195,165.395,157.815,159.695,578667.0
2026-01-23,160.305,164.315,159.845,162.355,660655.0
2026-01-26,162.815,163.295,157.305,158.985,548891.0
2026-01-27,159.315,159.995,154.395,157.505,521227.0
2026-01-28,156.835,157.325,148.495,152.215,968965.0
2026-01-29,152.315,152.895,144.525,145.595,884807.0
2026-01-30,144.865,152.715,143.145,150.315,798218.0
2026-02-02,152.475,154.615,148.315,148.315,609346.0
2026-02-03,150.315,151.335,145.305,149.195,489403.0
2026-02-04,149.315,153.445,147.975,151.585,576930.0
2026-02-05,150.815,151.315,144.115,145.315,552591.0
2026-02-06,143.315,146.115,140.415,143.815,417619.0
2026-02-09,145.745,154.535,144.315,152.625,773123.0
2026-02-10,152.635,158.635,152.365,154.805,638156.0
2026-02-11,154.025,154.805,148.895,151.515,479223.0
2026-02-12,151.415,156.815,150.975,155.865,483561.0
2026-02-13,153.815,155.315,148.475,148.475,516147.0
2026-02-24,151.075,153.145,148.915,149.925,304881.0
2026-02-25,148.915,155.805,148.675,153.415,438373.0
2026-02-26,152.315,152.385,144.895,144.965,813504.0
2026-02-27,144.315,146.185,143.195,143.815,427636.0
2026-03-02,141.405,149.485,141.395,148.695,766175.0
2026-03-03,152.325,156.115,149.555,149.805,769465.0
2026-03-04,147.175,150.315,145.615,148.025,441079.0
2026-03-05,150.815,151.195,145.665,147.775,401506.0
2026-03-06,147.825,151.195,145.695,149.115,364560.0
2026-03-09,147.805,156.165,146.885,155.115,822301.0
2026-03-10,157.305,158.005,152.515,155.415,593418.0
2026-03-11,155.735,174.975,155.705,170.235,1445728.0
2026-03-12,170.855,173.085,167.715,172.415,1025687.0
2026-03-13,174.405,181.305,174.175,174.705,1020143.0
2026-03-16,178.315,178.515,169.515,172.315,725374.0
2026-03-17,173.965,176.445,165.415,165.795,730928.0
2026-03-18,166.645,167.305,160.655,165.905,642825.0
2026-03-19,162.955,169.695,162.955,164.415,583427.0
2026-03-20,165.845,179.465,162.965,172.915,1183556.0
2026-03-23,174.315,178.775,166.325,167.855,1020584.0
2026-03-24,169.215,170.695,156.205,163.995,895460.0
2026-03-25,164.005,167.805,159.415,166.395,693258.0
2026-03-26,164.405,171.315,161.835,165.315,579832.0
2026-03-27,165.305,166.815,160.535,162.665,578375.0
2026-03-30,163.905,163.915,153.915,156.415,698159.0
2026-03-31,154.855,156.975,150.005,150.075,614779.0
2026-04-01,140.215,142.315,130.315,133.765,1667303.0
2026-04-02,130.755,131.815,125.865,126.565,1141405.0
2026-04-03,126.515,127.115,122.145,122.635,707771.0
2026-04-07,122.815,123.605,121.055,121.595,522241.0
2026-04-08,123.875,126.615,123.165,126.305,794225.0
2026-04-09,124.655,124.675,122.115,123.115,595682.0
2026-04-10,124.925,132.315,124.925,130.105,1049795.0
2026-04-13,128.345,135.625,128.335,133.555,850777.0
2026-04-14,134.325,141.435,130.815,138.775,1064538.0
2026-04-15,138.215,138.655,132.365,133.205,903080.0
2026-04-16,134.315,135.195,132.235,133.215,650559.0
2026-04-17,132.395,135.095,131.375,132.065,652054.0
2026-04-20,132.045,135.595,130.675,134.515,659119.0
2026-04-21,135.305,136.085,132.665,135.545,517375.0
2026-04-22,134.875,136.415,134.265,136.225,578538.0
2026-04-23,136.815,137.905,131.875,133.815,648805.0
2026-04-24,133.275,134.675,132.225,133.105,422508.0
2026-04-27,131.015,131.835,128.515,130.705,631574.0
2026-04-28,124.985,131.815,124.125,129.205,1238034.0
2026-04-29,128.315,138.195,126.315,137.385,1157470.0
2026-04-30,137.785,139.525,135.715,136.725,638725.0
2026-05-06,136.995,141.695,135.115,139.845,729477.0
2026-05-07,139.925,141.185,137.635,138.815,537728.0
2026-05-08,137.375,142.305,137.315,139.165,615447.0
2026-05-11,139.475,146.115,139.375,143.355,746845.0
2026-05-12,144.0,144.44,139.6,139.85,543105.0
2026-05-13,139.5,142.98,139.4,142.65,555461.0
2026-05-14,142.65,143.8,134.21,135.03,820489.0
2026-05-15,136.0,155.99,131.02,152.95,1734615.0
2026-05-18,152.9,155.33,148.01,152.25,952476.0
2026-05-19,154.0,161.32,153.72,157.38,1010387.0
2026-05-20,158.34,170.89,156.1,167.2,1177186.0
2026-05-21,167.3,173.0,164.5,165.38,1133162.0
2026-05-22,168.0,171.94,162.5,164.51,890530.0
2026-05-25,165.44,171.03,159.0,167.24,904130.0
2026-05-26,166.8,181.77,163.7,178.99,1134374.0
2026-05-27,182.6,191.71,180.82,184.09,1133536.0
2026-05-28,182.89,190.98,179.02,190.09,834248.0
2026-05-29,190.14,190.63,176.0,177.99,881351.0
2026-06-01,183.82,186.98,172.68,174.0,719157.0
2026-06-02,179.99,181.01,167.5,172.7,635626.0
2026-06-03,171.0,175.67,166.7,170.8,642972.0
2026-06-04,168.79,169.0,163.0,164.35,678026.0
2026-06-05,165.99,166.25,152.85,153.75,840044.0
2026-06-08,150.11,153.75,146.0,146.8,590255.0
2026-06-09,149.44,153.3,144.57,152.5,603097.0
2026-06-10,150.27,150.44,141.21,143.55,648768.0
2026-06-11,144.33,152.05,142.37,146.75,549008.0
2026-06-12,149.68,157.0,146.28,148.76,863185.0
2026-06-15,151.0,151.51,146.44,149.1,565458.0
2026-06-16,150.41,156.83,147.88,152.49,701207.0
2026-06-17,150.0,152.32,146.8,149.15,604968.0
2026-06-18,148.16,151.68,145.25,146.98,611957.0
2026-06-22,149.5,167.15,149.06,163.46,1139215.0
2026-06-23,161.0,162.0,150.4,152.0,823729.0
2026-06-24,152.25,157.98,149.22,154.8,597107.0
2026-06-25,154.96,155.6,149.63,152.66,577973.0
2026-06-26,154.01,159.98,150.4,151.05,757790.0
2026-06-29,149.02,159.41,145.0,155.64,849159.0
2026-06-30,154.99,160.26,152.34,159.02,741792.0
2026-07-01,151.07,151.09,127.3,136.92,1652070.0
2026-07-02,135.2,135.24,127.18,127.84,886147.0
2026-07-03,127.8,131.46,126.1,126.16,574468.0
2026-07-06,126.0,131.9,126.0,128.18,522306.0
2026-07-07,127.45,131.68,126.35,127.53,442203.0
2026-07-08,127.0,130.13,124.01,124.49,413086.0
2026-07-09,124.0,124.6,118.06,124.01,673516.0
2026-07-10,123.17,123.8,114.0,114.79,939380.0
2026-07-13,112.54,114.05,106.8,108.0,745683.0
2026-07-14,108.0,109.26,100.73,108.29,960311.0
2026-07-15,110.09,111.15,107.65,108.95,543480.0
2026-07-16,108.17,112.0,104.53,105.84,624787.0
2026-07-17,106.07,106.24,100.2,101.61,622050.0
2026-07-20,102.0,105.49,99.77,101.77,659284.0
2026-07-21,102.88,104.88,101.16,104.08,670682.0
2026-07-22,106.36,113.77,105.6,109.95,847182.0
2026-07-23,109.78,118.27,108.5,117.79,930068.0
2026-07-24,116.13,120.45,113.13,113.42,550996.0
2026-07-27,114.43,116.69,112.01,116.21,407188.0
2026-07-28,115.72,115.77,110.24,112.08,497571.0
2026-07-29,109.3,110.0,100.71,106.55,905201.0
2026-07-30,104.74,106.7,102.11,103.71,526401.0
2026-07-31,107.0,107.7,103.02,103.37,471640.0
2026-08-03,102.8,106.78,101.41,103.74,360757.0
2026-08-04,105.0,107.28,104.76,106.34,419508.0
2026-08-05,105.21,108.72,104.2,108.25,498450.0
2026-08-06,107.0,109.0,104.76,106.7,492593.0
2026-08-07,106.01,115.38,104.16,114.16,1021597.0
2026-08-10,113.0,116.77,112.18,113.71,640509.0
2026-08-11,113.82,122.21,113.08,120.07,848250.0
2026-08-12,120.9,122.06,116.04,117.53,544524.0
2026-08-13,116.6,122.08,116.2,118.13,696699.0
2026-08-14,118.47,120.77,116.33,116.72,427584.0
2026-08-17,117.11,118.98,115.3,118.8,407868.0
2026-08-18,118.0,121.39,116.54,118.04,441377.0
2026-08-19,116.15,116.64,111.23,111.49,525419.0
2026-08-20,112.96,113.2,109.75,110.89,250142.0
2026-08-21,109.93,114.59,109.71,113.08,302319.0
2026-08-24,116.0,117.23,109.82,111.5,416314.0
2026-08-25,111.0,111.0,108.38,109.59,238070.0
2026-08-26,109.0,113.9,108.77,112.62,297845.0
2026-08-27,111.0,111.08,96.65,98.84,1416692.0
2026-08-28,97.0,98.88,96.1,97.69,616243.0
2026-08-31,97.37,97.68,89.5,91.5,1102584.0
2026-09-01,90.51,91.6,88.49,89.33,643644.0
2026-09-02,89.28,89.3,86.38,86.4,541691.0
2026-09-03,86.97,87.7,86.01,87.08,407937.0
2026-09-04,87.58,89.86,87.18,88.43,536157.0
2026-09-07,89.0,89.2,87.01,88.75,402392.0
2026-09-08,88.5,88.78,87.5,87.85,405770.0
2026-09-09,87.84,88.25,86.23,87.0,346103.0
2026-09-10,86.23,87.7,85.36,85.93,313480.0
2026-09-11,85.64,85.77,83.12,84.4,472492.0
2026-09-14,86.0,87.25,84.35,84.98,416833.0
2026-09-15,84.58,86.09,84.06,84.38,337271.0
2026-09-16,85.18,85.38,83.13,85.18,417586.0
2026-09-17,84.56,85.96,84.06,84.67,279560.0
