date,open,high,low,close,volume
2016-11-03,2.669,2.724,2.669,2.707,2258266.0
2016-11-04,2.705,2.721,2.691,2.696,1114074.0
2016-11-07,2.696,2.707,2.689,2.699,1008059.0
2016-11-08,2.706,2.733,2.704,2.717,1422438.0
2016-11-09,2.717,2.717,2.661,2.704,1960762.0
2016-11-10,2.714,2.748,2.714,2.739,1448274.0
2016-11-11,2.736,2.773,2.726,2.769,1734271.0
2016-11-14,2.763,2.797,2.755,2.774,2619852.0
2016-11-15,2.773,2.778,2.758,2.77,1363919.0
2016-11-16,2.772,2.78,2.762,2.771,1439264.0
2016-11-17,2.766,2.78,2.755,2.779,1314599.0
2016-11-18,2.78,2.786,2.762,2.767,1097434.0
2016-11-21,2.762,2.812,2.76,2.783,1362852.0
2016-11-22,2.786,2.82,2.786,2.818,1721437.0
2016-11-23,2.823,2.84,2.815,2.824,911253.0
2016-11-24,2.822,2.855,2.817,2.834,1755186.0
2016-11-25,2.834,2.875,2.808,2.873,1347871.0
2016-11-28,2.881,2.907,2.88,2.889,1483483.0
2016-11-29,2.879,2.935,2.867,2.917,1591360.0
2016-11-30,2.908,2.919,2.878,2.884,1660676.0
2016-12-01,2.886,2.93,2.886,2.918,1128864.0
2016-12-02,2.915,2.915,2.869,2.878,938826.0
2016-12-05,2.831,2.846,2.801,2.806,2228656.0
2016-12-06,2.809,2.822,2.799,2.8,1268854.0
2016-12-07,2.802,2.82,2.788,2.816,1113534.0
2016-12-08,2.826,2.837,2.816,2.824,2079600.0
2016-12-09,2.816,2.855,2.812,2.844,1113083.0
2016-12-12,2.842,2.842,2.747,2.75,1479028.0
2016-12-13,2.739,2.761,2.717,2.745,1611875.0
2016-12-14,2.737,2.753,2.72,2.721,1013558.0
2016-12-15,2.703,2.72,2.668,2.682,2297927.0
2016-12-16,2.678,2.7,2.674,2.682,1422497.0
2016-12-19,2.682,2.685,2.664,2.672,870418.0
2016-12-20,2.667,2.671,2.628,2.647,1674659.0
2016-12-21,2.652,2.685,2.652,2.684,1291631.0
2016-12-22,2.68,2.682,2.663,2.678,1035923.0
2016-12-23,2.67,2.675,2.642,2.651,802605.0
2016-12-26,2.641,2.666,2.612,2.663,1452620.0
2016-12-27,2.657,2.671,2.652,2.658,1132960.0
2016-12-28,2.655,2.661,2.629,2.64,1049116.0
2016-12-29,2.636,2.655,2.626,2.642,848783.0
2016-12-30,2.641,2.655,2.637,2.645,960788.0
2017-01-03,2.649,2.691,2.649,2.683,1058679.0
2017-01-04,2.681,2.714,2.674,2.713,1134839.0
2017-01-05,2.712,2.717,2.698,2.706,656748.0
2017-01-06,2.703,2.71,2.69,2.695,778859.0
2017-01-09,2.69,2.711,2.687,2.707,775128.0
2017-01-10,2.706,2.713,2.694,2.698,697214.0
2017-01-11,2.692,2.709,2.672,2.673,947053.0
2017-01-12,2.673,2.682,2.653,2.656,840009.0
2017-01-13,2.655,2.68,2.649,2.662,974975.0
2017-01-16,2.655,2.66,2.603,2.658,1469151.0
2017-01-17,2.647,2.67,2.636,2.663,864949.0
2017-01-18,2.658,2.696,2.657,2.685,1138662.0
2017-01-19,2.676,2.691,2.667,2.673,1060346.0
2017-01-20,2.667,2.703,2.665,2.702,2063693.0
2017-01-23,2.702,2.728,2.699,2.703,1421798.0
2017-01-24,2.703,2.711,2.695,2.705,842962.0
2017-01-25,2.703,2.717,2.692,2.715,670239.0
2017-01-26,2.715,2.739,2.715,2.729,661762.0
2017-02-03,2.729,2.731,2.699,2.709,1120450.0
2017-02-06,2.71,2.718,2.698,2.708,1011688.0
2017-02-07,2.705,2.713,2.692,2.702,919571.0
2017-02-08,2.701,2.731,2.684,2.725,951701.0
2017-02-09,2.721,2.75,2.72,2.737,983411.0
2017-02-10,2.74,2.762,2.734,2.755,1061427.0
2017-02-13,2.754,2.778,2.754,2.773,1225064.0
2017-02-14,2.773,2.778,2.767,2.777,774969.0
2017-02-15,2.776,2.788,2.758,2.765,1245321.0
2017-02-16,2.765,2.78,2.758,2.78,905007.0
2017-02-17,2.78,2.797,2.759,2.76,1253715.0
2017-02-20,2.76,2.827,2.759,2.816,1382844.0
2017-02-21,2.816,2.829,2.812,2.816,1118515.0
2017-02-22,2.819,2.83,2.812,2.827,951852.0
2017-02-23,2.824,2.83,2.803,2.812,1028588.0
2017-02-24,2.813,2.813,2.796,2.809,897411.0
2017-02-27,2.81,2.81,2.774,2.782,735681.0
2017-02-28,2.778,2.799,2.777,2.787,950733.0
2017-03-01,2.789,2.814,2.783,2.791,1355897.0
2017-03-02,2.797,2.845,2.769,2.779,955485.0
2017-03-03,2.769,2.77,2.749,2.766,778375.0
2017-03-06,2.766,2.786,2.76,2.783,999939.0
2017-03-07,2.781,2.789,2.776,2.788,761854.0
2017-03-08,2.786,2.793,2.781,2.792,1101721.0
2017-03-09,2.786,2.786,2.755,2.761,809001.0
2017-03-10,2.758,2.773,2.758,2.764,825743.0
2017-03-13,2.758,2.803,2.749,2.801,1236681.0
2017-03-14,2.798,2.802,2.789,2.793,680534.0
2017-03-15,2.787,2.802,2.784,2.799,576086.0
2017-03-16,2.807,2.835,2.807,2.82,934775.0
2017-03-17,2.82,2.825,2.778,2.781,1037742.0
2017-03-20,2.782,2.79,2.769,2.783,889350.0
2017-03-21,2.783,2.807,2.779,2.807,1077074.0
2017-03-22,2.793,2.801,2.77,2.789,628258.0
2017-03-23,2.792,2.809,2.774,2.799,853839.0
2017-03-24,2.8,2.842,2.798,2.832,1283551.0
2017-03-27,2.831,2.841,2.812,2.816,867856.0
2017-03-28,2.816,2.823,2.802,2.811,669608.0
2017-03-29,2.811,2.82,2.792,2.804,790107.0
2017-03-30,2.797,2.804,2.76,2.771,1197410.0
2017-03-31,2.771,2.797,2.77,2.796,886199.0
2017-04-05,2.816,2.854,2.814,2.853,1351355.0
2017-04-06,2.851,2.854,2.832,2.849,960783.0
2017-04-07,2.851,2.868,2.843,2.856,755353.0
2017-04-10,2.859,2.86,2.845,2.847,821129.0
2017-04-11,2.846,2.86,2.809,2.856,1057268.0
2017-04-12,2.854,2.86,2.836,2.843,988676.0
2017-04-13,2.839,2.862,2.836,2.856,784438.0
2017-04-14,2.856,2.857,2.821,2.827,860763.0
2017-04-17,2.82,2.823,2.798,2.815,1357762.0
2017-04-18,2.81,2.826,2.806,2.807,832006.0
2017-04-19,2.8,2.8,2.765,2.78,2120401.0
2017-04-20,2.778,2.804,2.777,2.799,1158008.0
2017-04-21,2.802,2.812,2.786,2.802,814365.0
2017-04-24,2.793,2.797,2.748,2.765,1700779.0
2017-04-25,2.772,2.787,2.767,2.776,983835.0
2017-04-26,2.776,2.804,2.776,2.784,876264.0
2017-04-27,2.78,2.792,2.742,2.786,2097326.0
2017-04-28,2.783,2.783,2.758,2.773,715289.0
2017-05-02,2.768,2.772,2.756,2.768,920826.0
2017-05-03,2.764,2.772,2.747,2.751,821768.0
2017-05-04,2.748,2.761,2.735,2.738,1043228.0
2017-05-05,2.733,2.735,2.704,2.716,1465209.0
2017-05-08,2.712,2.716,2.679,2.687,1643938.0
2017-05-09,2.682,2.698,2.671,2.69,1400235.0
2017-05-10,2.691,2.706,2.676,2.678,1670224.0
2017-05-11,2.67,2.703,2.658,2.695,2181884.0
2017-05-12,2.693,2.727,2.689,2.722,1451197.0
2017-05-15,2.731,2.747,2.728,2.736,1024391.0
2017-05-16,2.733,2.777,2.72,2.776,1033131.0
2017-05-17,2.772,2.774,2.752,2.753,1097918.0
2017-05-18,2.741,2.755,2.732,2.738,974236.0
2017-05-19,2.737,2.749,2.737,2.744,715944.0
2017-05-22,2.745,2.764,2.732,2.747,863365.0
2017-05-23,2.746,2.776,2.743,2.762,1514699.0
2017-05-24,2.757,2.763,2.731,2.762,1404383.0
2017-05-25,2.759,2.839,2.752,2.835,2489525.0
2017-05-26,2.829,2.845,2.82,2.829,2032029.0
2017-05-31,2.84,2.861,2.815,2.831,1480334.0
2017-06-01,2.825,2.841,2.822,2.839,907181.0
2017-06-02,2.837,2.841,2.811,2.83,1315412.0
2017-06-05,2.82,2.832,2.804,2.807,1101787.0
2017-06-06,2.807,2.835,2.804,2.834,959068.0
2017-06-07,2.838,2.884,2.833,2.882,1667237.0
2017-06-08,2.88,2.912,2.875,2.907,1460939.0
2017-06-09,2.906,2.938,2.905,2.929,1512315.0
2017-06-12,2.922,2.949,2.913,2.922,1240740.0
2017-06-13,2.913,2.937,2.911,2.929,1316253.0
2017-06-14,2.927,2.927,2.887,2.893,1425761.0
2017-06-15,2.892,2.903,2.867,2.881,1208419.0
2017-06-16,2.881,2.897,2.87,2.875,1023956.0
2017-06-19,2.877,2.918,2.877,2.915,1413142.0
2017-06-20,2.918,2.925,2.896,2.904,1298320.0
2017-06-21,2.927,2.95,2.904,2.949,2026660.0
2017-06-22,2.942,2.994,2.94,2.953,1900073.0
2017-06-23,2.95,2.99,2.934,2.988,979933.0
2017-06-26,2.988,3.036,2.988,3.033,1073945.0
2017-06-27,3.031,3.041,3.012,3.035,806651.0
2017-06-28,3.032,3.032,3.005,3.01,792487.0
2017-06-29,3.011,3.037,3.01,3.032,868377.0
2017-06-30,3.02,3.037,3.008,3.026,824750.0
2017-07-03,3.027,3.03,2.995,3.01,965188.0
2017-07-04,3.009,3.01,2.972,2.98,1352154.0
2017-07-05,2.978,3.034,2.978,3.027,1333338.0
2017-07-06,3.027,3.032,2.998,3.024,1618320.0
2017-07-07,3.019,3.027,3.003,3.022,826426.0
2017-07-10,3.021,3.042,3.017,3.026,950921.0
2017-07-11,3.022,3.085,3.021,3.056,1314196.0
2017-07-12,3.05,3.07,3.018,3.034,1174760.0
2017-07-13,3.035,3.075,3.035,3.072,1112379.0
2017-07-14,3.073,3.101,3.062,3.097,855766.0
2017-07-17,3.094,3.103,3.018,3.046,1942105.0
2017-07-18,3.04,3.053,3.014,3.048,1608456.0
2017-07-19,3.047,3.13,3.043,3.125,1741180.0
2017-07-20,3.122,3.144,3.116,3.143,976975.0
2017-07-21,3.133,3.146,3.112,3.124,977614.0
2017-07-24,3.12,3.151,3.113,3.143,642642.0
2017-07-25,3.142,3.144,3.107,3.114,969983.0
2017-07-26,3.114,3.131,3.077,3.093,1542540.0
2017-07-27,3.094,3.113,3.068,3.104,1463574.0
2017-07-28,3.099,3.122,3.092,3.118,741486.0
2017-07-31,3.118,3.146,3.109,3.132,1194636.0
2017-08-01,3.132,3.166,3.13,3.162,1224510.0
2017-08-02,3.164,3.182,3.156,3.162,1180979.0
2017-08-03,3.156,3.165,3.116,3.124,1072928.0
2017-08-04,3.124,3.138,3.1,3.101,1040716.0
2017-08-07,3.094,3.131,3.091,3.124,1062490.0
2017-08-08,3.126,3.133,3.114,3.125,1211295.0
2017-08-09,3.122,3.134,3.109,3.122,961916.0
2017-08-10,3.115,3.143,3.086,3.114,1386799.0
2017-08-11,3.09,3.098,3.037,3.042,1816643.0
2017-08-14,3.043,3.095,3.043,3.088,1489558.0
2017-08-15,3.089,3.113,3.084,3.098,2386280.0
2017-08-16,3.094,3.099,3.071,3.092,881399.0
2017-08-17,3.098,3.122,3.096,3.121,703318.0
2017-08-18,3.109,3.132,3.097,3.123,724997.0
2017-08-21,3.133,3.148,3.124,3.139,490788.0
2017-08-22,3.138,3.153,3.128,3.145,723347.0
2017-08-23,3.145,3.171,3.139,3.155,563945.0
2017-08-24,3.155,3.164,3.13,3.135,764001.0
2017-08-25,3.134,3.202,3.133,3.201,2023895.0
2017-08-28,3.204,3.27,3.204,3.245,2297449.0
2017-08-29,3.246,3.249,3.23,3.237,1218355.0
2017-08-30,3.236,3.254,3.231,3.233,837834.0
2017-08-31,3.233,3.243,3.204,3.226,1166771.0
2017-09-01,3.226,3.244,3.217,3.231,900118.0
2017-09-04,3.231,3.248,3.212,3.245,1280226.0
2017-09-05,3.245,3.266,3.242,3.259,703198.0
2017-09-06,3.25,3.26,3.233,3.247,787843.0
2017-09-07,3.25,3.262,3.229,3.23,513055.0
2017-09-08,3.232,3.246,3.21,3.226,586515.0
2017-09-11,3.231,3.259,3.223,3.232,760060.0
2017-09-12,3.242,3.255,3.226,3.242,623236.0
2017-09-13,3.244,3.25,3.227,3.245,593111.0
2017-09-14,3.243,3.257,3.223,3.232,625454.0
2017-09-15,3.23,3.243,3.219,3.238,926836.0
2017-09-18,3.235,3.272,3.232,3.253,1107037.0
2017-09-19,3.254,3.257,3.214,3.228,887575.0
2017-09-20,3.226,3.251,3.224,3.246,697777.0
2017-09-21,3.246,3.258,3.233,3.247,1208402.0
2017-09-22,3.232,3.241,3.218,3.236,747234.0
2017-09-25,3.231,3.233,3.212,3.22,845460.0
2017-09-26,3.215,3.224,3.213,3.222,605663.0
2017-09-27,3.221,3.236,3.216,3.225,548811.0
2017-09-28,3.225,3.235,3.215,3.231,496638.0
2017-09-29,3.231,3.261,3.231,3.244,887625.0
2017-10-09,3.314,3.327,3.283,3.285,1653136.0
2017-10-10,3.282,3.299,3.262,3.29,1417638.0
2017-10-11,3.29,3.311,3.283,3.305,1082136.0
2017-10-12,3.304,3.323,3.298,3.322,1102176.0
2017-10-13,3.313,3.331,3.313,3.33,548574.0
2017-10-16,3.33,3.345,3.315,3.316,1052853.0
2017-10-17,3.316,3.324,3.305,3.314,734482.0
2017-10-18,3.313,3.343,3.313,3.338,955523.0
2017-10-19,3.34,3.34,3.322,3.327,956388.0
2017-10-20,3.324,3.329,3.315,3.325,516507.0
2017-10-23,3.329,3.34,3.318,3.337,884069.0
2017-10-24,3.328,3.364,3.326,3.363,939317.0
2017-10-25,3.357,3.381,3.353,3.376,640827.0
2017-10-26,3.377,3.419,3.369,3.405,1403180.0
2017-10-27,3.4,3.426,3.398,3.425,699861.0
2017-10-30,3.428,3.432,3.361,3.407,1557691.0
2017-10-31,3.394,3.409,3.384,3.404,676835.0
2017-11-01,3.403,3.43,3.386,3.39,1298294.0
2017-11-02,3.39,3.398,3.373,3.397,982106.0
2017-11-03,3.393,3.402,3.36,3.386,1125905.0
2017-11-06,3.38,3.424,3.373,3.422,608521.0
2017-11-07,3.421,3.472,3.419,3.462,1032092.0
2017-11-08,3.458,3.497,3.445,3.453,994467.0
2017-11-09,3.449,3.485,3.444,3.484,1217573.0
2017-11-10,3.476,3.527,3.468,3.521,1260335.0
2017-11-13,3.522,3.542,3.519,3.53,889665.0
2017-11-14,3.532,3.535,3.494,3.498,1327241.0
2017-11-15,3.491,3.501,3.461,3.468,2554123.0
2017-11-16,3.467,3.511,3.463,3.507,1933054.0
2017-11-17,3.5,3.517,3.484,3.512,1888910.0
2017-11-20,3.5,3.546,3.466,3.545,1403474.0
2017-11-21,3.539,3.63,3.532,3.628,1728882.0
2017-11-22,3.629,3.667,3.592,3.627,1549476.0
2017-11-23,3.621,3.621,3.481,3.491,2992733.0
2017-11-24,3.481,3.514,3.458,3.495,2160149.0
2017-11-27,3.482,3.489,3.425,3.428,2731052.0
2017-11-28,3.423,3.452,3.412,3.447,1048320.0
2017-11-29,3.451,3.462,3.393,3.443,1191682.0
2017-11-30,3.439,3.448,3.386,3.396,1176151.0
2017-12-01,3.395,3.427,3.382,3.399,847132.0
2017-12-04,3.395,3.433,3.378,3.416,778886.0
2017-12-05,3.406,3.448,3.405,3.441,818564.0
2017-12-06,3.432,3.432,3.368,3.41,908335.0
2017-12-07,3.405,3.418,3.35,3.364,897478.0
2017-12-08,3.364,3.414,3.359,3.403,941707.0
2017-12-11,3.402,3.472,3.402,3.47,921277.0
2017-12-12,3.466,3.466,3.403,3.405,1094854.0
2017-12-13,3.405,3.443,3.398,3.434,1159791.0
2017-12-14,3.435,3.446,3.405,3.421,1559101.0
2017-12-15,3.41,3.412,3.363,3.367,925487.0
2017-12-18,3.37,3.399,3.355,3.368,1028030.0
2017-12-19,3.372,3.423,3.372,3.421,1052969.0
2017-12-20,3.418,3.43,3.403,3.412,930046.0
2017-12-21,3.404,3.476,3.402,3.462,2415533.0
2017-12-22,3.46,3.465,3.439,3.443,1297648.0
2017-12-25,3.446,3.478,3.414,3.424,1702341.0
2017-12-26,3.427,3.446,3.407,3.436,2089951.0
2017-12-27,3.437,3.44,3.364,3.368,2084858.0
2017-12-28,3.373,3.42,3.363,3.405,1939509.0
2017-12-29,3.408,3.425,3.396,3.418,1083159.0
2018-01-02,3.428,3.48,3.426,3.478,1688765.0
2018-01-03,3.478,3.528,3.474,3.5,1267933.0
2018-01-04,3.5,3.522,3.492,3.513,922207.0
2018-01-05,3.521,3.539,3.507,3.529,1271316.0
2018-01-08,3.528,3.556,3.515,3.546,1056967.0
2018-01-09,3.546,3.583,3.539,3.58,1079460.0
2018-01-10,3.576,3.602,3.563,3.598,1449656.0
2018-01-11,3.591,3.598,3.574,3.592,984750.0
2018-01-12,3.592,3.619,3.587,3.615,1035749.0
2018-01-15,3.615,3.652,3.603,3.607,1573647.0
2018-01-16,3.607,3.653,3.602,3.65,1231839.0
2018-01-17,3.651,3.669,3.623,3.637,1589397.0
2018-01-18,3.643,3.678,3.64,3.665,1250863.0
2018-01-19,3.667,3.707,3.664,3.677,2185064.0
2018-01-22,3.664,3.735,3.664,3.732,1398733.0
2018-01-23,3.741,3.777,3.738,3.776,1584662.0
2018-01-24,3.776,3.788,3.744,3.779,1613457.0
2018-01-25,3.776,3.778,3.729,3.751,1548719.0
2018-01-26,3.738,3.802,3.733,3.773,984131.0
2018-01-29,3.783,3.788,3.679,3.69,2140531.0
2018-01-30,3.68,3.698,3.643,3.646,1616871.0
2018-01-31,3.634,3.674,3.628,3.659,1667368.0
2018-02-01,3.658,3.676,3.604,3.629,4390735.0
2018-02-02,3.598,3.661,3.576,3.655,2127961.0
2018-02-05,3.617,3.656,3.598,3.651,2308395.0
2018-02-06,3.588,3.601,3.524,3.531,3131731.0
2018-02-07,3.588,3.597,3.427,3.433,3395178.0
2018-02-08,3.428,3.46,3.369,3.4,3123485.0
2018-02-09,3.293,3.309,3.152,3.215,4168371.0
2018-02-12,3.224,3.293,3.212,3.27,1935588.0
2018-02-13,3.305,3.369,3.305,3.317,1624624.0
2018-02-14,3.329,3.359,3.315,3.352,930356.0
2018-02-22,3.404,3.441,3.39,3.434,1890640.0
2018-02-23,3.442,3.466,3.421,3.456,1576572.0
2018-02-26,3.486,3.521,3.438,3.508,2027722.0
2018-02-27,3.516,3.517,3.443,3.449,2118232.0
2018-02-28,3.416,3.443,3.383,3.408,2392245.0
2018-03-01,3.388,3.455,3.381,3.437,1186369.0
2018-03-02,3.408,3.431,3.396,3.41,906146.0
2018-03-05,3.413,3.437,3.378,3.401,960124.0
2018-03-06,3.43,3.462,3.385,3.461,1335938.0
2018-03-07,3.458,3.481,3.419,3.428,1397285.0
2018-03-08,3.43,3.471,3.419,3.469,932075.0
2018-03-09,3.476,3.505,3.462,3.499,1116871.0
2018-03-12,3.519,3.536,3.505,3.511,2949891.0
2018-03-13,3.508,3.515,3.465,3.467,1435127.0
2018-03-14,3.458,3.473,3.449,3.453,1209033.0
2018-03-15,3.448,3.486,3.44,3.483,1000794.0
2018-03-16,3.478,3.493,3.437,3.438,883232.0
2018-03-19,3.437,3.463,3.417,3.46,809020.0
2018-03-20,3.447,3.47,3.422,3.458,754936.0
2018-03-21,3.474,3.502,3.428,3.437,1291002.0
2018-03-22,3.444,3.457,3.391,3.401,984440.0
2018-03-23,3.288,3.311,3.213,3.282,2789760.0
2018-03-26,3.251,3.274,3.215,3.264,2339575.0
2018-03-27,3.309,3.318,3.273,3.299,1437933.0
2018-03-28,3.262,3.292,3.217,3.22,1350991.0
2018-03-29,3.235,3.307,3.181,3.29,1934539.0
2018-03-30,3.291,3.303,3.266,3.284,923031.0
2018-04-02,3.285,3.324,3.268,3.271,1775059.0
2018-04-03,3.247,3.266,3.225,3.246,1409852.0
2018-04-04,3.255,3.284,3.231,3.236,1028784.0
2018-04-09,3.24,3.263,3.216,3.241,1191991.0
2018-04-10,3.245,3.317,3.241,3.316,1590734.0
2018-04-11,3.326,3.345,3.314,3.321,1364955.0
2018-04-12,3.32,3.326,3.279,3.28,967303.0
2018-04-13,3.303,3.315,3.246,3.253,1212467.0
2018-04-16,3.246,3.258,3.179,3.192,1141596.0
2018-04-17,3.203,3.208,3.133,3.136,1382998.0
2018-04-18,3.169,3.183,3.098,3.144,2125676.0
2018-04-19,3.153,3.207,3.152,3.197,1714951.0
2018-04-20,3.185,3.198,3.131,3.138,1631785.0
2018-04-23,3.131,3.177,3.119,3.154,1064099.0
2018-04-24,3.162,3.243,3.162,3.233,1794867.0
2018-04-25,3.217,3.225,3.201,3.21,1072139.0
2018-04-26,3.215,3.222,3.128,3.134,1279568.0
2018-04-27,3.154,3.157,3.1,3.142,1178761.0
2018-05-02,3.158,3.177,3.129,3.154,1130980.0
2018-05-03,3.144,3.19,3.119,3.176,1500874.0
2018-05-04,3.174,3.187,3.152,3.158,1112293.0
2018-05-07,3.164,3.223,3.158,3.219,1519752.0
2018-05-08,3.223,3.279,3.218,3.269,1882643.0
2018-05-09,3.268,3.269,3.241,3.258,872673.0
2018-05-10,3.269,3.286,3.25,3.284,994891.0
2018-05-11,3.291,3.298,3.257,3.261,850967.0
2018-05-14,3.269,3.304,3.269,3.295,1809287.0
2018-05-15,3.303,3.31,3.272,3.31,1444888.0
2018-05-16,3.296,3.305,3.27,3.278,878034.0
2018-05-17,3.28,3.285,3.244,3.245,835910.0
2018-05-18,3.25,3.292,3.232,3.287,1916792.0
2018-05-21,3.313,3.33,3.294,3.306,1582573.0
2018-05-22,3.306,3.306,3.266,3.29,846887.0
2018-05-23,3.28,3.281,3.238,3.239,1100044.0
2018-05-24,3.238,3.248,3.204,3.208,1216399.0
2018-05-25,3.207,3.227,3.189,3.199,1031684.0
2018-05-28,3.207,3.238,3.189,3.223,916134.0
2018-05-29,3.218,3.228,3.185,3.187,1263855.0
2018-05-30,3.15,3.155,3.114,3.115,1440322.0
2018-05-31,3.136,3.194,3.13,3.191,1701936.0
2018-06-01,3.174,3.187,3.148,3.165,1210254.0
2018-06-04,3.185,3.206,3.172,3.202,1260796.0
2018-06-05,3.198,3.238,3.191,3.234,1048859.0
2018-06-06,3.229,3.237,3.219,3.227,835028.0
2018-06-07,3.241,3.257,3.219,3.226,1098143.0
2018-06-08,3.218,3.218,3.156,3.175,1353332.0
2018-06-11,3.159,3.193,3.158,3.185,768349.0
2018-06-12,3.186,3.236,3.167,3.223,1221683.0
2018-06-13,3.21,3.215,3.178,3.184,1148816.0
2018-06-14,3.173,3.209,3.164,3.174,1372525.0
2018-06-15,3.168,3.19,3.148,3.168,1303403.0
2018-06-19,3.143,3.143,2.999,3.038,3515761.0
2018-06-20,3.025,3.055,2.993,3.038,2490302.0
2018-06-21,3.04,3.084,3.002,3.008,3337199.0
2018-06-22,2.998,3.025,2.96,3.024,1542609.0
2018-06-25,3.036,3.042,2.972,2.973,1154244.0
2018-06-26,2.939,2.959,2.895,2.938,2023401.0
2018-06-27,2.941,2.948,2.845,2.854,2008945.0
2018-06-28,2.838,2.887,2.828,2.834,1625310.0
2018-06-29,2.837,2.931,2.837,2.925,1706049.0
2018-07-02,2.919,2.923,2.793,2.831,2121981.0
2018-07-03,2.83,2.841,2.737,2.818,3615524.0
2018-07-04,2.811,2.828,2.777,2.782,1268908.0
2018-07-05,2.783,2.815,2.748,2.754,1726212.0
2018-07-06,2.76,2.819,2.718,2.783,2354378.0
2018-07-09,2.798,2.885,2.798,2.882,2299572.0
2018-07-10,2.888,2.895,2.857,2.891,1457344.0
2018-07-11,2.828,2.848,2.787,2.833,1954317.0
2018-07-12,2.831,2.934,2.829,2.916,2089339.0
2018-07-13,2.917,2.931,2.905,2.922,1327475.0
2018-07-16,2.919,2.947,2.894,2.907,1265179.0
2018-07-17,2.903,2.907,2.858,2.885,1215373.0
2018-07-18,2.89,2.923,2.868,2.869,1276136.0
2018-07-19,2.887,2.91,2.856,2.871,1419531.0
2018-07-20,2.869,2.953,2.842,2.938,1934021.0
2018-07-23,2.918,2.97,2.908,2.961,1737761.0
2018-07-24,2.969,3.045,2.969,3.027,2602805.0
2018-07-25,3.028,3.033,3.009,3.026,2022573.0
2018-07-26,3.023,3.037,2.97,2.979,1554862.0
2018-07-27,2.974,2.992,2.958,2.97,876624.0
2018-07-30,2.969,2.995,2.932,2.95,1599820.0
2018-07-31,2.945,2.982,2.941,2.963,1057737.0
2018-08-01,2.983,2.997,2.882,2.883,2696107.0
2018-08-02,2.872,2.875,2.766,2.805,2706062.0
2018-08-03,2.804,2.818,2.756,2.757,1675735.0
2018-08-06,2.757,2.788,2.701,2.722,2222049.0
2018-08-07,2.728,2.817,2.711,2.815,2250980.0
2018-08-08,2.809,2.81,2.751,2.765,1975636.0
2018-08-09,2.763,2.857,2.751,2.846,2292219.0
2018-08-10,2.841,2.87,2.824,2.852,1376743.0
2018-08-13,2.818,2.846,2.78,2.837,1707540.0
2018-08-14,2.834,2.839,2.8,2.822,971810.0
2018-08-15,2.82,2.822,2.733,2.74,1514897.0
2018-08-16,2.718,2.765,2.68,2.726,2077489.0
2018-08-17,2.75,2.754,2.666,2.675,1801104.0
2018-08-20,2.683,2.713,2.658,2.71,2046795.0
2018-08-21,2.709,2.784,2.709,2.767,2322492.0
2018-08-22,2.773,2.773,2.744,2.761,1165533.0
2018-08-23,2.763,2.791,2.733,2.771,2450655.0
2018-08-24,2.765,2.804,2.737,2.776,2031330.0
2018-08-27,2.783,2.862,2.783,2.861,2241291.0
2018-08-28,2.862,2.872,2.841,2.851,1432062.0
2018-08-29,2.847,2.851,2.829,2.838,1323573.0
2018-08-30,2.838,2.856,2.798,2.804,1629236.0
2018-08-31,2.79,2.812,2.76,2.778,1491240.0
2018-09-03,2.774,2.783,2.739,2.771,1405627.0
2018-09-04,2.77,2.826,2.758,2.811,1749978.0
2018-09-05,2.798,2.804,2.74,2.741,1952639.0
2018-09-06,2.739,2.766,2.702,2.712,2133340.0
2018-09-07,2.722,2.772,2.701,2.734,1850577.0
2018-09-10,2.721,2.731,2.682,2.686,1603305.0
2018-09-11,2.687,2.702,2.662,2.674,2253782.0
2018-09-12,2.673,2.679,2.647,2.651,2061822.0
2018-09-13,2.684,2.703,2.645,2.686,2597714.0
2018-09-14,2.69,2.703,2.676,2.691,1756240.0
2018-09-17,2.673,2.679,2.652,2.66,1156508.0
2018-09-18,2.649,2.727,2.648,2.723,2367468.0
2018-09-19,2.718,2.795,2.711,2.768,4463292.0
2018-09-20,2.768,2.801,2.759,2.766,2440904.0
2018-09-21,2.776,2.874,2.765,2.872,4773660.0
2018-09-25,2.835,2.846,2.818,2.837,2089806.0
2018-09-26,2.838,2.904,2.836,2.875,3015784.0
2018-09-27,2.863,2.875,2.848,2.86,2312028.0
2018-09-28,2.865,2.9,2.861,2.896,3022668.0
2018-10-08,2.819,2.822,2.728,2.729,4299047.0
2018-10-09,2.736,2.759,2.724,2.736,1965700.0
2018-10-10,2.739,2.766,2.702,2.734,2636640.0
2018-10-11,2.638,2.66,2.538,2.562,6675568.0
2018-10-12,2.566,2.637,2.549,2.621,5007325.0
2018-10-15,2.627,2.63,2.571,2.574,2926292.0
2018-10-16,2.578,2.616,2.541,2.553,4938840.0
2018-10-17,2.593,2.603,2.513,2.564,6437365.0
2018-10-18,2.543,2.553,2.493,2.494,5932914.0
2018-10-19,2.478,2.588,2.461,2.573,6731053.0
2018-10-22,2.638,2.758,2.588,2.741,9341863.0
2018-10-23,2.738,2.74,2.61,2.628,8599759.0
2018-10-24,2.624,2.697,2.617,2.633,5306689.0
2018-10-25,2.558,2.654,2.549,2.649,5283845.0
2018-10-26,2.656,2.673,2.591,2.616,4499657.0
2018-10-29,2.607,2.614,2.498,2.519,4083248.0
2018-10-30,2.509,2.59,2.496,2.556,5465880.0
2018-10-31,2.563,2.621,2.552,2.593,3798124.0
2018-11-01,2.629,2.668,2.61,2.616,5178410.0
2018-11-02,2.738,2.766,2.671,2.751,8571833.0
2018-11-05,2.728,2.732,2.674,2.708,4511809.0
2018-11-06,2.696,2.703,2.655,2.687,3370718.0
2018-11-07,2.69,2.724,2.657,2.66,3920487.0
2018-11-08,2.692,2.7,2.653,2.657,3121866.0
2018-11-09,2.639,2.641,2.614,2.616,3006413.0
2018-11-12,2.608,2.657,2.603,2.652,3474718.0
2018-11-13,2.616,2.705,2.611,2.686,4499381.0
2018-11-14,2.676,2.685,2.638,2.646,3412692.0
2018-11-15,2.646,2.69,2.643,2.689,3344245.0
2018-11-16,2.694,2.732,2.666,2.699,4153067.0
2018-11-19,2.698,2.737,2.691,2.736,3650422.0
2018-11-20,2.714,2.722,2.652,2.663,3825191.0
2018-11-21,2.633,2.674,2.631,2.666,2891170.0
2018-11-22,2.673,2.675,2.634,2.657,3222327.0
2018-11-23,2.651,2.654,2.568,2.572,3672487.0
2018-11-26,2.581,2.608,2.562,2.577,4260560.0
2018-11-27,2.589,2.601,2.564,2.574,2798289.0
2018-11-28,2.575,2.626,2.568,2.622,2517277.0
2018-11-29,2.639,2.648,2.588,2.59,2037879.0
2018-11-30,2.588,2.624,2.579,2.623,2691270.0
2018-12-03,2.715,2.727,2.68,2.707,5925490.0
2018-12-04,2.702,2.717,2.69,2.712,2204018.0
2018-12-05,2.676,2.716,2.672,2.697,2694282.0
2018-12-06,2.669,2.669,2.625,2.63,4354709.0
2018-12-07,2.632,2.639,2.622,2.623,1924266.0
2018-12-10,2.601,2.618,2.58,2.593,2601286.0
2018-12-11,2.601,2.609,2.588,2.606,1518318.0
2018-12-12,2.623,2.634,2.605,2.617,2090476.0
2018-12-13,2.623,2.687,2.618,2.672,4177232.0
2018-12-14,2.661,2.662,2.612,2.615,3001484.0
2018-12-17,2.609,2.621,2.585,2.611,3507314.0
2018-12-18,2.595,2.618,2.558,2.571,3278632.0
2018-12-19,2.574,2.581,2.531,2.538,2910277.0
2018-12-20,2.531,2.544,2.491,2.515,3465180.0
2018-12-21,2.507,2.509,2.456,2.476,3864981.0
2018-12-24,2.465,2.486,2.454,2.483,2414407.0
2018-12-25,2.455,2.478,2.414,2.464,4031315.0
2018-12-26,2.455,2.473,2.439,2.447,2164598.0
2018-12-27,2.485,2.49,2.434,2.44,2353475.0
2018-12-28,2.446,2.475,2.434,2.447,3892666.0
2019-01-02,2.458,2.458,2.397,2.405,3509348.0
2019-01-03,2.404,2.449,2.398,2.405,2681762.0
2019-01-04,2.389,2.484,2.385,2.482,4798477.0
2019-01-07,2.497,2.506,2.479,2.495,4168316.0
2019-01-08,2.495,2.498,2.482,2.495,1970848.0
2019-01-09,2.507,2.567,2.506,2.518,4396881.0
2019-01-10,2.517,2.542,2.502,2.521,2476923.0
2019-01-11,2.519,2.553,2.517,2.544,2513682.0
2019-01-14,2.543,2.543,2.51,2.517,2039120.0
2019-01-15,2.521,2.578,2.514,2.576,3518301.0
2019-01-16,2.578,2.579,2.561,2.576,1877281.0
2019-01-17,2.576,2.592,2.557,2.559,2381766.0
2019-01-18,2.568,2.622,2.568,2.613,3889859.0
2019-01-21,2.613,2.647,2.61,2.63,2851848.0
2019-01-22,2.624,2.624,2.582,2.59,2543107.0
2019-01-23,2.582,2.609,2.574,2.582,2255126.0
2019-01-24,2.586,2.614,2.565,2.606,2543769.0
2019-01-25,2.609,2.65,2.609,2.63,2722859.0
2019-01-28,2.644,2.676,2.618,2.626,2966955.0
2019-01-29,2.619,2.65,2.597,2.64,3587900.0
2019-01-30,2.625,2.65,2.616,2.619,2129268.0
2019-01-31,2.631,2.663,2.625,2.649,3342948.0
2019-02-01,2.666,2.704,2.649,2.702,3512648.0
2019-02-11,2.692,2.752,2.679,2.747,3872537.0
2019-02-12,2.746,2.778,2.741,2.771,3728810.0
2019-02-13,2.776,2.857,2.77,2.84,4278016.0
2019-02-14,2.836,2.861,2.827,2.844,3797560.0
2019-02-15,2.828,2.842,2.783,2.788,4479468.0
2019-02-18,2.81,2.887,2.81,2.885,4711063.0
2019-02-19,2.892,2.918,2.858,2.876,6782305.0
2019-02-20,2.884,2.9,2.862,2.885,6116144.0
2019-02-21,2.886,2.935,2.865,2.881,6352929.0
2019-02-22,2.876,2.975,2.857,2.973,5921217.0
2019-02-25,3.027,3.227,3.007,3.222,11513198.0
2019-02-26,3.191,3.205,3.12,3.137,7820035.0
2019-02-27,3.136,3.17,3.077,3.117,5994358.0
2019-02-28,3.116,3.134,3.09,3.11,4628979.0
2019-03-01,3.137,3.196,3.104,3.185,6527375.0
2019-03-04,3.217,3.325,3.197,3.224,6603305.0
2019-03-05,3.221,3.261,3.208,3.256,4431034.0
2019-03-06,3.256,3.297,3.221,3.282,5804959.0
2019-03-07,3.277,3.282,3.21,3.24,6184209.0
2019-03-08,3.161,3.207,3.098,3.108,5360776.0
2019-03-11,3.108,3.169,3.094,3.157,4523059.0
2019-03-12,3.185,3.24,3.155,3.182,5307450.0
2019-03-13,3.185,3.195,3.14,3.16,4832336.0
2019-03-14,3.152,3.178,3.115,3.133,3621079.0
2019-03-15,3.143,3.226,3.143,3.182,3870055.0
2019-03-18,3.183,3.299,3.172,3.297,5714156.0
2019-03-19,3.299,3.309,3.252,3.269,3970864.0
2019-03-20,3.265,3.293,3.227,3.269,3278933.0
2019-03-21,3.273,3.301,3.257,3.271,3800127.0
2019-03-22,3.27,3.284,3.219,3.276,3023844.0
2019-03-25,3.215,3.243,3.174,3.181,4359508.0
2019-03-26,3.195,3.205,3.125,3.142,3201400.0
2019-03-27,3.156,3.185,3.148,3.174,3507393.0
2019-03-28,3.161,3.191,3.145,3.164,2568844.0
2019-03-29,3.172,3.325,3.172,3.316,6344016.0
2019-04-01,3.341,3.42,3.341,3.416,6910356.0
2019-04-02,3.418,3.435,3.393,3.409,3839400.0
2019-04-03,3.387,3.476,3.382,3.462,5420179.0
2019-04-04,3.474,3.519,3.454,3.509,5213701.0
2019-04-08,3.545,3.575,3.448,3.483,7639483.0
2019-04-09,3.489,3.523,3.468,3.507,3712237.0
2019-04-10,3.489,3.553,3.463,3.513,3859946.0
2019-04-11,3.513,3.531,3.42,3.443,5021041.0
2019-04-12,3.43,3.445,3.4,3.429,2823988.0
2019-04-15,3.491,3.521,3.403,3.404,7225803.0
2019-04-16,3.385,3.526,3.381,3.524,6690852.0
2019-04-17,3.523,3.544,3.489,3.514,4181515.0
2019-04-18,3.514,3.528,3.493,3.507,3569518.0
2019-04-19,3.51,3.567,3.476,3.567,4578385.0
2019-04-22,3.567,3.567,3.447,3.464,5775086.0
2019-04-23,3.452,3.498,3.441,3.457,3532000.0
2019-04-24,3.466,3.479,3.4,3.463,4631226.0
2019-04-25,3.447,3.457,3.378,3.38,3785555.0
2019-04-26,3.366,3.385,3.318,3.326,6288098.0
2019-04-29,3.335,3.392,3.318,3.341,5593755.0
2019-04-30,3.335,3.358,3.325,3.343,3992608.0
2019-05-06,3.225,3.237,3.087,3.12,12145227.0
2019-05-07,3.135,3.178,3.114,3.154,4835996.0
2019-05-08,3.104,3.164,3.09,3.106,4753727.0
2019-05-09,3.082,3.099,3.016,3.054,5540530.0
2019-05-10,3.082,3.175,3.02,3.167,6719964.0
2019-05-13,3.132,3.135,3.089,3.099,4257770.0
2019-05-14,3.077,3.124,3.07,3.081,2900685.0
2019-05-15,3.109,3.187,3.109,3.159,3575137.0
2019-05-16,3.154,3.182,3.138,3.177,2474374.0
2019-05-17,3.177,3.181,3.077,3.093,3153907.0
2019-05-20,3.081,3.091,3.023,3.053,3882247.0
2019-05-21,3.052,3.132,3.051,3.098,3503829.0
2019-05-22,3.101,3.11,3.067,3.089,2835080.0
2019-05-23,3.072,3.079,3.025,3.031,3106083.0
2019-05-24,3.033,3.07,3.02,3.037,2994092.0
2019-05-27,3.038,3.096,3.001,3.08,4351010.0
2019-05-28,3.075,3.125,3.072,3.097,3850672.0
2019-05-29,3.087,3.137,3.079,3.099,2928526.0
2019-05-30,3.093,3.101,3.054,3.097,3054263.0
2019-05-31,3.089,3.122,3.076,3.079,2760300.0
2019-06-03,3.092,3.129,3.06,3.087,3308130.0
2019-06-04,3.084,3.092,3.039,3.054,3263229.0
2019-06-05,3.079,3.087,3.043,3.046,3285644.0
2019-06-06,3.046,3.055,3.014,3.015,3660674.0
2019-06-10,3.027,3.082,3.024,3.061,3354975.0
2019-06-11,3.067,3.183,3.067,3.174,4667963.0
2019-06-12,3.169,3.169,3.138,3.146,2597249.0
2019-06-13,3.142,3.158,3.107,3.139,3012291.0
2019-06-14,3.141,3.164,3.105,3.117,3445139.0
2019-06-17,3.111,3.146,3.107,3.12,2352061.0
2019-06-18,3.125,3.139,3.094,3.128,2653705.0
2019-06-19,3.219,3.254,3.179,3.182,6289014.0
2019-06-20,3.181,3.322,3.179,3.29,6609284.0
2019-06-21,3.302,3.327,3.28,3.297,4219551.0
2019-06-24,3.302,3.316,3.279,3.303,3074540.0
2019-06-25,3.302,3.302,3.217,3.264,5057034.0
2019-06-26,3.242,3.277,3.237,3.265,2402084.0
2019-06-27,3.267,3.327,3.267,3.307,4730768.0
2019-06-28,3.307,3.307,3.276,3.306,3862690.0
2019-07-01,3.369,3.412,3.357,3.401,5102660.0
2019-07-02,3.401,3.413,3.384,3.407,3338435.0
2019-07-03,3.398,3.398,3.359,3.374,2518385.0
2019-07-04,3.367,3.386,3.324,3.348,3860217.0
2019-07-05,3.347,3.376,3.335,3.368,2362039.0
2019-07-08,3.35,3.35,3.247,3.278,4225313.0
2019-07-09,3.283,3.291,3.253,3.269,2183460.0
2019-07-10,3.282,3.295,3.257,3.27,1744793.0
2019-07-11,3.285,3.319,3.257,3.271,2345244.0
2019-07-12,3.268,3.317,3.266,3.302,2460107.0
2019-07-15,3.288,3.348,3.237,3.316,4484611.0
2019-07-16,3.31,3.323,3.292,3.3,1828874.0
2019-07-17,3.289,3.313,3.275,3.294,2199668.0
2019-07-18,3.281,3.286,3.267,3.269,2305494.0
2019-07-19,3.279,3.33,3.279,3.309,3199381.0
2019-07-22,3.309,3.319,3.257,3.279,3088632.0
2019-07-23,3.283,3.292,3.269,3.288,1670290.0
2019-07-24,3.301,3.347,3.299,3.319,2974453.0
2019-07-25,3.318,3.355,3.313,3.354,2336295.0
2019-07-26,3.337,3.368,3.334,3.359,2857908.0
2019-07-29,3.357,3.361,3.339,3.353,2471021.0
2019-07-30,3.357,3.396,3.356,3.371,2396548.0
2019-07-31,3.358,3.361,3.334,3.343,2164228.0
2019-08-01,3.326,3.335,3.292,3.307,3124656.0
2019-08-02,3.237,3.257,3.22,3.248,4906139.0
2019-08-05,3.232,3.238,3.177,3.182,3542146.0
2019-08-06,3.123,3.151,3.084,3.143,5837026.0
2019-08-07,3.152,3.158,3.115,3.119,2785811.0
2019-08-08,3.143,3.177,3.143,3.173,2809849.0
2019-08-09,3.186,3.192,3.136,3.144,2109639.0
2019-08-12,3.155,3.205,3.148,3.203,1801155.0
2019-08-13,3.174,3.187,3.159,3.171,1553489.0
2019-08-14,3.216,3.221,3.184,3.185,1937005.0
2019-08-15,3.127,3.206,3.123,3.2,2443061.0
2019-08-16,3.198,3.242,3.188,3.216,2574125.0
2019-08-19,3.245,3.307,3.227,3.306,3279432.0
2019-08-20,3.298,3.312,3.288,3.29,2069120.0
2019-08-21,3.288,3.299,3.283,3.289,2422452.0
2019-08-22,3.299,3.302,3.277,3.297,2647785.0
2019-08-23,3.3,3.339,3.29,3.324,2856820.0
2019-08-26,3.27,3.293,3.263,3.281,2674902.0
2019-08-27,3.296,3.361,3.294,3.321,3661760.0
2019-08-28,3.32,3.33,3.3,3.309,1739579.0
2019-08-29,3.314,3.316,3.275,3.298,2339282.0
2019-08-30,3.323,3.344,3.283,3.308,2762817.0
2019-09-02,3.306,3.37,3.305,3.351,3019441.0
2019-09-03,3.357,3.361,3.34,3.355,2313452.0
2019-09-04,3.356,3.406,3.355,3.404,2937605.0
2019-09-05,3.418,3.495,3.418,3.441,5274016.0
2019-09-06,3.454,3.47,3.439,3.468,2640293.0
2019-09-09,3.495,3.504,3.464,3.484,2828454.0
2019-09-10,3.481,3.487,3.452,3.473,1686928.0
2019-09-11,3.485,3.487,3.441,3.444,3041955.0
2019-09-12,3.457,3.495,3.451,3.485,2172055.0
2019-09-16,3.493,3.494,3.451,3.471,1818498.0
2019-09-17,3.465,3.466,3.386,3.398,3810790.0
2019-09-18,3.413,3.432,3.406,3.415,2010310.0
2019-09-19,3.431,3.435,3.403,3.434,2421778.0
2019-09-20,3.441,3.451,3.432,3.44,2325043.0
2019-09-23,3.429,3.43,3.383,3.405,2898921.0
2019-09-24,3.407,3.444,3.401,3.408,2114820.0
2019-09-25,3.401,3.405,3.379,3.381,2349764.0
2019-09-26,3.396,3.405,3.351,3.354,3170949.0
2019-09-27,3.36,3.37,3.347,3.363,2677340.0
2019-09-30,3.357,3.366,3.311,3.316,2632883.0
2019-10-08,3.321,3.368,3.321,3.341,3234238.0
2019-10-09,3.332,3.354,3.31,3.352,2507896.0
2019-10-10,3.35,3.387,3.336,3.38,2363352.0
2019-10-11,3.388,3.44,3.374,3.428,3060200.0
2019-10-14,3.449,3.497,3.445,3.457,3956546.0
2019-10-15,3.456,3.461,3.442,3.444,2950005.0
2019-10-16,3.449,3.478,3.427,3.43,3143663.0
2019-10-17,3.434,3.449,3.424,3.436,1936427.0
2019-10-18,3.438,3.453,3.368,3.378,3081430.0
2019-10-21,3.369,3.39,3.364,3.387,1849392.0
2019-10-22,3.395,3.411,3.377,3.402,1641342.0
2019-10-23,3.403,3.408,3.369,3.381,1478262.0
2019-10-24,3.382,3.401,3.36,3.386,2021671.0
2019-10-25,3.38,3.415,3.356,3.41,2502907.0
2019-10-28,3.417,3.439,3.409,3.433,2674342.0
2019-10-29,3.436,3.436,3.416,3.42,2095535.0
2019-10-30,3.413,3.417,3.386,3.394,2628461.0
2019-10-31,3.403,3.412,3.383,3.392,1927827.0
2019-11-01,3.387,3.474,3.381,3.473,3206513.0
2019-11-04,3.472,3.494,3.47,3.486,2359682.0
2019-11-05,3.486,3.548,3.479,3.509,3529356.0
2019-11-06,3.507,3.513,3.48,3.492,2059389.0
2019-11-07,3.492,3.521,3.48,3.497,2377225.0
2019-11-08,3.527,3.531,3.477,3.481,2972162.0
2019-11-11,3.46,3.46,3.407,3.414,3470689.0
2019-11-12,3.409,3.426,3.385,3.409,3300546.0
2019-11-13,3.404,3.412,3.389,3.406,2020165.0
2019-11-14,3.406,3.423,3.399,3.409,2385877.0
2019-11-15,3.41,3.426,3.387,3.39,1877914.0
2019-11-18,3.388,3.425,3.379,3.418,2408752.0
2019-11-19,3.416,3.46,3.41,3.458,2378889.0
2019-11-20,3.457,3.457,3.406,3.417,2166102.0
2019-11-21,3.407,3.414,3.384,3.397,2448406.0
2019-11-22,3.406,3.433,3.341,3.355,3547071.0
2019-11-25,3.362,3.384,3.35,3.383,2524576.0
2019-11-26,3.394,3.403,3.371,3.389,2858215.0
2019-11-27,3.387,3.401,3.368,3.383,2112391.0
2019-11-28,3.383,3.399,3.364,3.377,1694809.0
2019-11-29,3.369,3.375,3.315,3.334,3029171.0
2019-12-02,3.338,3.358,3.334,3.342,1743557.0
2019-12-03,3.333,3.36,3.317,3.358,1985519.0
2019-12-04,3.347,3.361,3.335,3.36,1589396.0
2019-12-05,3.368,3.396,3.367,3.389,2192064.0
2019-12-06,3.391,3.414,3.386,3.413,2130769.0
2019-12-09,3.413,3.422,3.389,3.4,2322208.0
2019-12-10,3.393,3.408,3.388,3.403,1869954.0
2019-12-11,3.411,3.413,3.392,3.409,1704989.0
2019-12-12,3.41,3.413,3.394,3.398,1371519.0
2019-12-13,3.433,3.484,3.432,3.477,4360829.0
2019-12-16,3.476,3.497,3.46,3.489,3028483.0
2019-12-17,3.487,3.577,3.483,3.551,5256304.0
2019-12-18,3.552,3.566,3.531,3.536,3631176.0
2019-12-19,3.539,3.542,3.521,3.529,2641920.0
2019-12-20,3.528,3.555,3.523,3.525,3287798.0
2019-12-23,3.524,3.541,3.471,3.473,4471447.0
2019-12-24,3.474,3.502,3.473,3.494,3127921.0
2019-12-25,3.494,3.506,3.482,3.501,3105784.0
2019-12-26,3.498,3.535,3.496,3.53,3322559.0
2019-12-27,3.534,3.577,3.525,3.526,4368130.0
2019-12-30,3.515,3.597,3.509,3.584,5423814.0
2019-12-31,3.578,3.608,3.571,3.605,3521859.0
2020-01-02,3.629,3.683,3.627,3.658,6276236.0
2020-01-03,3.665,3.671,3.642,3.648,4696737.0
2020-01-06,3.635,3.68,3.603,3.632,6665047.0
2020-01-07,3.643,3.669,3.637,3.664,4649595.0
2020-01-08,3.644,3.658,3.606,3.623,5628520.0
2020-01-09,3.647,3.674,3.643,3.667,3944317.0
2020-01-10,3.674,3.685,3.653,3.666,3795550.0
2020-01-13,3.665,3.714,3.65,3.711,3736391.0
2020-01-14,3.711,3.731,3.689,3.693,4099628.0
2020-01-15,3.693,3.699,3.654,3.661,3196074.0
2020-01-16,3.668,3.672,3.644,3.655,4162978.0
2020-01-17,3.661,3.684,3.646,3.66,3216273.0
2020-01-20,3.665,3.692,3.651,3.69,3534882.0
2020-01-21,3.672,3.672,3.609,3.614,6182946.0
2020-01-22,3.598,3.642,3.543,3.628,9073932.0
2020-01-23,3.59,3.599,3.465,3.505,7535834.0
2020-02-03,3.239,3.245,3.145,3.168,14710757.0
2020-02-04,3.159,3.285,3.158,3.279,7358437.0
2020-02-05,3.293,3.364,3.277,3.316,5532874.0
2020-02-06,3.332,3.422,3.306,3.406,5279652.0
2020-02-07,3.379,3.401,3.353,3.397,3469890.0
2020-02-10,3.377,3.419,3.36,3.41,3985191.0
2020-02-11,3.418,3.469,3.416,3.452,4222588.0
2020-02-12,3.448,3.486,3.439,3.48,2907834.0
2020-02-13,3.479,3.494,3.447,3.459,3259610.0
2020-02-14,3.454,3.504,3.452,3.486,3139793.0
2020-02-17,3.495,3.579,3.495,3.573,5811400.0
2020-02-18,3.566,3.571,3.521,3.548,7099509.0
2020-02-19,3.545,3.578,3.538,3.549,4403772.0
2020-02-20,3.564,3.653,3.548,3.64,6052410.0
2020-02-21,3.632,3.687,3.626,3.654,4444701.0
2020-02-24,3.632,3.645,3.591,3.621,3727272.0
2020-02-25,3.56,3.625,3.521,3.613,6038307.0
2020-02-26,3.573,3.627,3.557,3.579,6417933.0
2020-02-27,3.592,3.606,3.57,3.58,4753305.0
2020-02-28,3.519,3.528,3.433,3.442,5600710.0
2020-03-02,3.457,3.599,3.457,3.585,4266837.0
2020-03-03,3.626,3.648,3.564,3.582,4087760.0
2020-03-04,3.574,3.613,3.557,3.611,2954532.0
2020-03-05,3.66,3.717,3.62,3.709,5478312.0
2020-03-06,3.676,3.678,3.626,3.63,2499877.0
2020-03-09,3.577,3.577,3.49,3.499,4236423.0
2020-03-10,3.501,3.597,3.452,3.587,8596481.0
2020-03-11,3.587,3.587,3.518,3.52,7032694.0
2020-03-12,3.482,3.484,3.428,3.457,3881192.0
2020-03-13,3.342,3.439,3.259,3.398,7178929.0
2020-03-16,3.394,3.394,3.225,3.235,5710801.0
2020-03-17,3.268,3.297,3.124,3.202,9852558.0
2020-03-18,3.215,3.272,3.135,3.14,7833048.0
2020-03-19,3.143,3.156,3.001,3.105,12481638.0
2020-03-20,3.121,3.166,3.091,3.153,6786895.0
2020-03-23,3.049,3.091,3.022,3.035,8072781.0
2020-03-24,3.098,3.132,3.045,3.12,8328985.0
2020-03-25,3.202,3.23,3.179,3.215,10100836.0
2020-03-26,3.192,3.231,3.179,3.192,3556542.0
2020-03-27,3.238,3.263,3.207,3.209,4915443.0
2020-03-30,3.168,3.194,3.139,3.175,4971344.0
2020-03-31,3.212,3.215,3.169,3.178,3740030.0
2020-04-01,3.173,3.232,3.163,3.182,3554389.0
2020-04-02,3.167,3.237,3.15,3.232,4630489.0
2020-04-03,3.219,3.233,3.192,3.206,3247170.0
2020-04-07,3.269,3.302,3.267,3.289,5467405.0
2020-04-08,3.275,3.288,3.261,3.274,2219175.0
2020-04-09,3.29,3.297,3.279,3.285,3285436.0
2020-04-10,3.285,3.321,3.255,3.273,4642472.0
2020-04-13,3.259,3.267,3.241,3.252,2466969.0
2020-04-14,3.269,3.317,3.264,3.314,3761248.0
2020-04-15,3.314,3.323,3.29,3.292,2392008.0
2020-04-16,3.279,3.306,3.275,3.294,2273172.0
2020-04-17,3.323,3.354,3.319,3.328,5704809.0
2020-04-20,3.335,3.345,3.322,3.344,3822960.0
2020-04-21,3.329,3.334,3.279,3.304,2927572.0
2020-04-22,3.288,3.339,3.281,3.338,3456710.0
2020-04-23,3.341,3.351,3.321,3.331,2015207.0
2020-04-24,3.316,3.321,3.287,3.299,3058295.0
2020-04-27,3.301,3.342,3.296,3.316,3094609.0
2020-04-28,3.329,3.353,3.265,3.34,4228655.0
2020-04-29,3.335,3.374,3.332,3.36,2778349.0
2020-04-30,3.374,3.425,3.372,3.417,5279981.0
2020-05-06,3.374,3.435,3.369,3.427,3834535.0
2020-05-07,3.427,3.434,3.408,3.42,2746388.0
2020-05-08,3.438,3.481,3.436,3.462,3706743.0
2020-05-11,3.468,3.501,3.444,3.455,4123096.0
2020-05-12,3.456,3.469,3.426,3.454,5866052.0
2020-05-13,3.442,3.469,3.429,3.463,2783969.0
2020-05-14,3.449,3.449,3.426,3.43,3001796.0
2020-05-15,3.437,3.449,3.41,3.411,5435703.0
2020-05-18,3.41,3.447,3.401,3.423,3020530.0
2020-05-19,3.459,3.466,3.441,3.452,2781211.0
2020-05-20,3.449,3.453,3.429,3.436,1975618.0
2020-05-21,3.442,3.449,3.408,3.41,2365234.0
2020-05-22,3.407,3.407,3.322,3.324,5328616.0
2020-05-25,3.321,3.338,3.306,3.326,2505597.0
2020-05-26,3.343,3.375,3.343,3.372,4751108.0
2020-05-27,3.372,3.373,3.342,3.354,2311996.0
2020-05-28,3.356,3.393,3.324,3.359,2840731.0
2020-05-29,3.339,3.378,3.332,3.375,2509198.0
2020-06-01,3.407,3.485,3.404,3.477,3509289.0
2020-06-02,3.477,3.498,3.469,3.488,1628382.0
2020-06-03,3.507,3.529,3.485,3.487,3657525.0
2020-06-04,3.5,3.504,3.474,3.489,2813844.0
2020-06-05,3.488,3.513,3.474,3.512,2013596.0
2020-06-08,3.529,3.556,3.521,3.531,2856037.0
2020-06-09,3.533,3.559,3.522,3.558,2944925.0
2020-06-10,3.554,3.555,3.536,3.549,3183572.0
2020-06-11,3.542,3.559,3.493,3.512,3051933.0
2020-06-12,3.471,3.532,3.451,3.522,3090733.0
2020-06-15,3.491,3.518,3.464,3.465,2805261.0
2020-06-16,3.504,3.528,3.5,3.527,2476953.0
2020-06-17,3.529,3.532,3.505,3.531,2790256.0
2020-06-18,3.522,3.564,3.514,3.562,3430027.0
2020-06-19,3.559,3.634,3.559,3.614,3695636.0
2020-06-22,3.614,3.649,3.606,3.618,5212442.0
2020-06-23,3.609,3.642,3.595,3.637,3981678.0
2020-06-24,3.647,3.676,3.645,3.673,4579422.0
2020-06-29,3.659,3.669,3.615,3.637,2126550.0
2020-06-30,3.657,3.701,3.655,3.687,5424685.0
2020-07-01,3.696,3.785,3.692,3.781,5740641.0
2020-07-02,3.779,3.884,3.772,3.879,5504378.0
2020-07-03,3.895,3.973,3.878,3.966,5867687.0
2020-07-06,4.036,4.308,4.017,4.293,9293175.0
2020-07-07,4.33,4.359,4.233,4.245,10745019.0
2020-07-08,4.243,4.347,4.217,4.307,9034869.0
2020-07-09,4.305,4.393,4.269,4.381,6424342.0
2020-07-10,4.347,4.366,4.272,4.294,5644168.0
2020-07-13,4.291,4.436,4.286,4.394,8243783.0
2020-07-14,4.386,4.408,4.274,4.351,7376414.0
2020-07-15,4.369,4.404,4.274,4.293,6624029.0
2020-07-16,4.299,4.337,4.059,4.065,12899181.0
2020-07-17,4.079,4.163,4.05,4.114,9042923.0
2020-07-20,4.156,4.249,4.094,4.236,7249762.0
2020-07-21,4.258,4.273,4.22,4.248,4653507.0
2020-07-22,4.241,4.365,4.237,4.301,7054372.0
2020-07-23,4.251,4.298,4.171,4.275,4305771.0
2020-07-24,4.235,4.251,4.036,4.063,6482820.0
2020-07-27,4.092,4.125,4.046,4.091,3111014.0
2020-07-28,4.124,4.15,4.096,4.126,3742573.0
2020-07-29,4.114,4.262,4.108,4.258,4883854.0
2020-07-30,4.259,4.266,4.218,4.223,2974744.0
2020-07-31,4.219,4.318,4.181,4.259,5185247.0
2020-08-03,4.299,4.338,4.281,4.334,4343933.0
2020-08-04,4.358,4.372,4.313,4.338,3114025.0
2020-08-05,4.331,4.354,4.27,4.34,3006974.0
2020-08-06,4.34,4.361,4.256,4.322,2246670.0
2020-08-07,4.312,4.314,4.209,4.274,3430551.0
2020-08-10,4.242,4.327,4.204,4.29,2404258.0
2020-08-11,4.294,4.36,4.235,4.243,2480529.0
2020-08-12,4.234,4.249,4.131,4.211,4240605.0
2020-08-13,4.224,4.233,4.187,4.196,1978058.0
2020-08-14,4.197,4.289,4.179,4.287,4221856.0
2020-08-17,4.307,4.419,4.292,4.386,5634750.0
2020-08-18,4.391,4.401,4.353,4.379,3493118.0
2020-08-19,4.376,4.38,4.3,4.303,4058191.0
2020-08-20,4.279,4.29,4.232,4.252,3442808.0
2020-08-21,4.276,4.316,4.253,4.292,2893291.0
2020-08-24,4.314,4.34,4.287,4.322,4159345.0
2020-08-25,4.335,4.379,4.312,4.331,2161333.0
2020-08-26,4.328,4.358,4.256,4.272,3349817.0
2020-08-27,4.278,4.31,4.249,4.308,2074315.0
2020-08-28,4.302,4.434,4.287,4.426,5549965.0
2020-08-31,4.454,4.477,4.379,4.383,4886972.0
2020-09-01,4.375,4.419,4.369,4.417,2405330.0
2020-09-02,4.428,4.434,4.363,4.413,3859047.0
2020-09-03,4.407,4.449,4.37,4.393,2298303.0
2020-09-04,4.319,4.356,4.3,4.338,3751025.0
2020-09-07,4.329,4.364,4.219,4.241,4457466.0
2020-09-08,4.249,4.279,4.213,4.265,4858203.0
2020-09-09,4.209,4.219,4.124,4.154,5154947.0
2020-09-10,4.193,4.215,4.143,4.158,4235369.0
2020-09-11,4.139,4.202,4.136,4.194,2799463.0
2020-09-14,4.216,4.233,4.194,4.221,2635947.0
2020-09-15,4.214,4.264,4.203,4.256,2928606.0
2020-09-16,4.254,4.258,4.211,4.228,1889127.0
2020-09-17,4.212,4.244,4.176,4.199,4081454.0
2020-09-18,4.204,4.322,4.202,4.32,8735178.0
2020-09-21,4.324,4.359,4.259,4.265,3816204.0
2020-09-22,4.234,4.285,4.188,4.208,5785134.0
2020-09-23,4.212,4.238,4.193,4.222,4660062.0
2020-09-24,4.194,4.205,4.134,4.145,3445023.0
2020-09-25,4.152,4.175,4.13,4.148,3253692.0
2020-09-28,4.151,4.19,4.144,4.158,3046796.0
2020-09-29,4.179,4.196,4.161,4.169,3158810.0
2020-09-30,4.182,4.204,4.129,4.155,4549102.0
2020-10-09,4.23,4.274,4.229,4.248,3596667.0
2020-10-12,4.274,4.402,4.272,4.396,3609528.0
2020-10-13,4.397,4.423,4.369,4.412,3200439.0
2020-10-14,4.399,4.406,4.372,4.388,2789483.0
2020-10-15,4.383,4.41,4.367,4.376,3305283.0
2020-10-16,4.373,4.401,4.333,4.362,2835707.0
2020-10-19,4.389,4.429,4.313,4.331,6019252.0
2020-10-20,4.32,4.363,4.316,4.361,2739130.0
2020-10-21,4.364,4.373,4.327,4.367,3488947.0
2020-10-22,4.353,4.368,4.301,4.351,2571483.0
2020-10-23,4.341,4.376,4.29,4.295,7768057.0
2020-10-26,4.266,4.285,4.215,4.259,5071474.0
2020-10-27,4.246,4.279,4.242,4.273,2993488.0
2020-10-28,4.271,4.327,4.256,4.313,4828291.0
2020-10-29,4.268,4.38,4.261,4.357,3710248.0
2020-10-30,4.347,4.356,4.257,4.266,3845878.0
2020-11-02,4.268,4.313,4.268,4.294,2001660.0
2020-11-03,4.309,4.372,4.309,4.345,3561129.0
2020-11-04,4.354,4.404,4.339,4.382,3447388.0
2020-11-05,4.429,4.462,4.409,4.458,3758944.0
2020-11-06,4.467,4.471,4.417,4.46,3541237.0
2020-11-09,4.489,4.583,4.489,4.557,5979880.0
2020-11-10,4.569,4.572,4.501,4.53,3847847.0
2020-11-11,4.517,4.537,4.478,4.483,3940726.0
2020-11-12,4.489,4.503,4.465,4.48,2580329.0
2020-11-13,4.46,4.462,4.396,4.429,4329279.0
2020-11-16,4.454,4.484,4.42,4.482,2851087.0
2020-11-17,4.476,4.479,4.443,4.473,2987696.0
2020-11-18,4.469,4.491,4.443,4.466,3606987.0
2020-11-19,4.455,4.521,4.447,4.508,2700795.0
2020-11-20,4.509,4.529,4.495,4.523,2845033.0
2020-11-23,4.539,4.614,4.518,4.581,5211471.0
2020-11-24,4.578,4.584,4.54,4.549,3461421.0
2020-11-25,4.564,4.586,4.485,4.487,4251960.0
2020-11-26,4.485,4.499,4.446,4.494,3958386.0
2020-11-27,4.494,4.569,4.486,4.565,3787808.0
2020-11-30,4.578,4.639,4.537,4.54,5351157.0
2020-12-01,4.536,4.659,4.535,4.651,4752837.0
2020-12-02,4.654,4.674,4.617,4.64,2929469.0
2020-12-03,4.635,4.656,4.612,4.638,2489868.0
2020-12-04,4.629,4.656,4.589,4.649,3301548.0
2020-12-07,4.649,4.651,4.586,4.605,3593753.0
2020-12-08,4.605,4.629,4.581,4.589,3612519.0
2020-12-09,4.604,4.616,4.52,4.529,5685506.0
2020-12-10,4.519,4.541,4.501,4.519,3189474.0
2020-12-11,4.529,4.544,4.427,4.463,4030120.0
2020-12-14,4.468,4.511,4.457,4.507,2518877.0
2020-12-15,4.507,4.529,4.475,4.522,2844127.0
2020-12-16,4.529,4.539,4.513,4.532,2840815.0
2020-12-17,4.531,4.607,4.523,4.603,4662309.0
2020-12-18,4.599,4.604,4.552,4.574,4607113.0
2020-12-21,4.571,4.63,4.544,4.619,4458961.0
2020-12-22,4.608,4.626,4.535,4.542,5153970.0
2020-12-23,4.549,4.607,4.546,4.583,3386872.0
2020-12-24,4.583,4.606,4.559,4.583,3833767.0
2020-12-25,4.563,4.628,4.552,4.625,4033561.0
2020-12-28,4.621,4.669,4.612,4.639,4471300.0
2020-12-29,4.647,4.661,4.615,4.623,3427179.0
2020-12-30,4.619,4.689,4.616,4.687,3406715.0
2020-12-31,4.697,4.802,4.695,4.796,8617992.0
2021-01-04,4.789,4.875,4.769,4.843,5067056.0
2021-01-05,4.83,4.954,4.814,4.942,6228308.0
2021-01-06,4.956,5.023,4.926,4.991,3749451.0
2021-01-07,4.999,5.109,4.992,5.108,4706592.0
2021-01-08,5.117,5.14,5.028,5.08,6975648.0
2021-01-11,5.081,5.129,4.986,5.017,6359652.0
2021-01-12,5.005,5.181,5.001,5.177,5962808.0
2021-01-13,5.193,5.224,5.119,5.155,5524344.0
2021-01-14,5.155,5.155,5.047,5.052,6960480.0
2021-01-15,5.052,5.085,4.969,5.035,7090492.0
2021-01-18,5.032,5.128,4.996,5.094,3967686.0
2021-01-19,5.099,5.111,4.997,5.019,4170097.0
2021-01-20,5.017,5.076,5.011,5.049,4223858.0
2021-01-21,5.064,5.169,5.064,5.143,5116203.0
2021-01-22,5.138,5.151,5.087,5.146,5543093.0
2021-01-25,5.145,5.23,5.112,5.212,4501772.0
2021-01-26,5.188,5.191,5.084,5.092,3927450.0
2021-01-27,5.086,5.113,5.031,5.102,5915416.0
2021-01-28,5.041,5.041,4.945,4.966,4699518.0
2021-01-29,4.988,5.004,4.863,4.929,6221139.0
2021-02-01,4.929,4.995,4.927,4.992,4362881.0
2021-02-02,5.001,5.075,4.992,5.072,5731569.0
2021-02-03,5.072,5.106,5.045,5.066,2819695.0
2021-02-04,5.041,5.091,4.997,5.055,3000842.0
2021-02-05,5.067,5.128,5.057,5.063,5600005.0
2021-02-08,5.101,5.154,5.063,5.135,4750134.0
2021-02-09,5.156,5.275,5.131,5.273,4182998.0
2021-02-10,5.287,5.414,5.278,5.388,3419099.0
2021-02-18,5.504,5.514,5.329,5.345,4707657.0
2021-02-19,5.323,5.382,5.252,5.377,7090647.0
2021-02-22,5.366,5.367,5.165,5.17,7760760.0
2021-02-23,5.131,5.218,5.128,5.155,5912504.0
2021-02-24,5.169,5.181,4.952,5.008,10112690.0
2021-02-25,5.062,5.104,5.023,5.059,6693054.0
2021-02-26,4.97,5.001,4.902,4.91,8370703.0
2021-03-01,4.962,5.001,4.929,4.999,5582085.0
2021-03-02,5.027,5.032,4.888,4.93,4338598.0
2021-03-03,4.914,5.039,4.897,5.035,3611546.0
2021-03-04,4.981,4.981,4.839,4.868,6449816.0
2021-03-05,4.783,4.892,4.76,4.847,5936329.0
2021-03-08,4.881,4.906,4.651,4.661,5637220.0
2021-03-09,4.658,4.676,4.507,4.56,9317191.0
2021-03-10,4.618,4.642,4.564,4.581,6365358.0
2021-03-11,4.605,4.713,4.596,4.71,6206769.0
2021-03-12,4.726,4.733,4.661,4.723,4482015.0
2021-03-15,4.699,4.7,4.574,4.621,3865724.0
2021-03-16,4.623,4.667,4.593,4.654,3232361.0
2021-03-17,4.64,4.702,4.594,4.677,3062946.0
2021-03-18,4.689,4.74,4.687,4.717,3196101.0
2021-03-19,4.653,4.669,4.564,4.578,4921956.0
2021-03-22,4.576,4.653,4.571,4.635,4234868.0
2021-03-23,4.63,4.639,4.548,4.59,4916388.0
2021-03-24,4.569,4.611,4.493,4.514,7550529.0
2021-03-25,4.487,4.532,4.469,4.51,2849086.0
2021-03-26,4.531,4.637,4.527,4.614,5565350.0
2021-03-29,4.626,4.661,4.586,4.624,6392568.0
2021-03-30,4.621,4.685,4.611,4.668,2682839.0
2021-03-31,4.664,4.665,4.594,4.631,2308127.0
2021-04-01,4.637,4.701,4.633,4.693,3229964.0
2021-04-02,4.711,4.747,4.69,4.742,2803346.0
2021-04-06,4.754,4.758,4.701,4.714,2346355.0
2021-04-07,4.719,4.721,4.648,4.679,1752173.0
2021-04-08,4.662,4.711,4.638,4.69,1407559.0
2021-04-09,4.676,4.676,4.606,4.619,2223298.0
2021-04-12,4.607,4.63,4.518,4.535,6639382.0
2021-04-13,4.527,4.575,4.51,4.528,4535452.0
2021-04-14,4.533,4.57,4.524,4.556,5271842.0
2021-04-15,4.541,4.546,4.475,4.528,4935407.0
2021-04-16,4.54,4.556,4.499,4.544,4998940.0
2021-04-19,4.54,4.678,4.517,4.67,5673692.0
2021-04-20,4.652,4.697,4.643,4.662,3698516.0
2021-04-21,4.63,4.689,4.628,4.674,4143214.0
2021-04-22,4.682,4.699,4.646,4.67,4483992.0
2021-04-23,4.662,4.731,4.662,4.721,3229926.0
2021-04-26,4.732,4.772,4.652,4.657,5380616.0
2021-04-27,4.661,4.679,4.634,4.67,3177926.0
2021-04-28,4.652,4.711,4.637,4.708,3012460.0
2021-04-29,4.709,4.761,4.701,4.754,3809845.0
2021-04-30,4.742,4.753,4.675,4.709,4042413.0
2021-05-06,4.69,4.723,4.616,4.642,4075746.0
2021-05-07,4.654,4.678,4.577,4.581,3382892.0
2021-05-10,4.585,4.606,4.536,4.58,3691991.0
2021-05-11,4.548,4.625,4.513,4.606,3979265.0
2021-05-12,4.595,4.644,4.577,4.637,2539712.0
2021-05-13,4.597,4.608,4.557,4.582,4725439.0
2021-05-14,4.601,4.71,4.573,4.708,8489630.0
2021-05-17,4.704,4.796,4.698,4.769,6672555.0
2021-05-18,4.78,4.793,4.748,4.771,2834588.0
2021-05-19,4.761,4.777,4.734,4.757,3933595.0
2021-05-20,4.753,4.787,4.733,4.771,2701391.0
2021-05-21,4.778,4.808,4.704,4.716,5410635.0
2021-05-24,4.716,4.745,4.677,4.744,3496128.0
2021-05-25,4.744,4.919,4.744,4.908,15361601.0
2021-05-26,4.912,4.934,4.897,4.909,4868611.0
2021-05-27,4.901,4.975,4.877,4.928,5307535.0
2021-05-28,4.927,4.954,4.881,4.913,3456219.0
2021-05-31,4.91,4.92,4.871,4.919,3286030.0
2021-06-01,4.914,4.931,4.852,4.927,4544228.0
2021-06-02,4.932,4.938,4.857,4.884,5776071.0
2021-06-03,4.881,4.904,4.841,4.843,4432764.0
2021-06-04,4.831,4.933,4.814,4.876,5581178.0
2021-06-07,4.876,4.879,4.832,4.87,2652774.0
2021-06-08,4.87,4.921,4.794,4.828,4542037.0
2021-06-09,4.814,4.847,4.812,4.836,2595132.0
2021-06-10,4.83,4.905,4.829,4.87,4041126.0
2021-06-11,4.874,4.888,4.817,4.821,3375558.0
2021-06-15,4.821,4.831,4.735,4.762,4312366.0
2021-06-16,4.756,4.764,4.675,4.691,5573017.0
2021-06-17,4.681,4.725,4.678,4.702,3422105.0
2021-06-18,4.701,4.736,4.67,4.707,5237657.0
2021-06-21,4.689,4.736,4.668,4.7,4492631.0
2021-06-22,4.721,4.732,4.692,4.726,6783142.0
2021-06-23,4.733,4.784,4.717,4.757,5864652.0
2021-06-24,4.761,4.771,4.736,4.77,2175097.0
2021-06-25,4.774,4.87,4.772,4.851,6192587.0
2021-06-28,4.859,4.871,4.838,4.86,4454965.0
2021-06-29,4.86,4.86,4.796,4.806,2901856.0
2021-06-30,4.807,4.848,4.806,4.837,3711710.0
2021-07-01,4.854,4.865,4.803,4.835,5643739.0
2021-07-02,4.801,4.803,4.692,4.694,4422360.0
2021-07-05,4.694,4.713,4.671,4.701,2575703.0
2021-07-06,4.701,4.711,4.652,4.708,3816887.0
2021-07-07,4.686,4.783,4.678,4.761,3494651.0
2021-07-08,4.77,4.777,4.702,4.717,3280350.0
2021-07-09,4.701,4.709,4.637,4.693,4262319.0
2021-07-12,4.731,4.79,4.703,4.761,5966929.0
2021-07-13,4.76,4.795,4.749,4.777,3464404.0
2021-07-14,4.772,4.772,4.709,4.72,3824693.0
2021-07-15,4.712,4.795,4.705,4.788,3552867.0
2021-07-16,4.781,4.786,4.733,4.737,3702351.0
2021-07-19,4.728,4.769,4.687,4.759,3320462.0
2021-07-20,4.721,4.76,4.712,4.746,3066793.0
2021-07-21,4.761,4.806,4.753,4.785,5784303.0
2021-07-22,4.786,4.814,4.779,4.79,2696841.0
2021-07-23,4.791,4.792,4.726,4.738,2681441.0
2021-07-26,4.718,4.719,4.504,4.563,9152734.0
2021-07-27,4.56,4.581,4.384,4.39,8072052.0
2021-07-28,4.384,4.424,4.316,4.4,9133473.0
2021-07-29,4.48,4.498,4.439,4.487,6402064.0
2021-07-30,4.464,4.465,4.402,4.453,2258702.0
2021-08-02,4.437,4.585,4.405,4.574,3752039.0
2021-08-03,4.552,4.6,4.536,4.576,2330098.0
2021-08-04,4.565,4.621,4.563,4.62,2486453.0
2021-08-05,4.585,4.639,4.562,4.59,2098716.0
2021-08-06,4.581,4.586,4.543,4.574,1126992.0
2021-08-09,4.551,4.648,4.533,4.629,2290906.0
2021-08-10,4.617,4.689,4.583,4.686,3241224.0
2021-08-11,4.679,4.705,4.656,4.659,2391296.0
2021-08-12,4.641,4.662,4.617,4.627,1339717.0
2021-08-13,4.614,4.647,4.571,4.6,2025664.0
2021-08-16,4.594,4.625,4.582,4.597,1862036.0
2021-08-17,4.591,4.623,4.476,4.485,3523009.0
2021-08-18,4.485,4.567,4.473,4.538,3847710.0
2021-08-19,4.521,4.538,4.482,4.504,2403110.0
2021-08-20,4.493,4.494,4.369,4.414,4184413.0
2021-08-23,4.424,4.492,4.421,4.486,3529613.0
2021-08-24,4.491,4.559,4.491,4.538,3177054.0
2021-08-25,4.546,4.554,4.519,4.552,2076564.0
2021-08-26,4.549,4.55,4.451,4.467,1948403.0
2021-08-27,4.46,4.525,4.457,4.48,2322364.0
2021-08-30,4.492,4.503,4.44,4.462,2155322.0
2021-08-31,4.463,4.478,4.391,4.46,2450326.0
2021-09-01,4.461,4.569,4.421,4.53,3865183.0
2021-09-02,4.541,4.549,4.501,4.526,2240048.0
2021-09-03,4.526,4.55,4.49,4.499,3483673.0
2021-09-06,4.499,4.597,4.495,4.583,4945359.0
2021-09-07,4.581,4.67,4.567,4.646,4574956.0
2021-09-08,4.65,4.674,4.609,4.625,2369431.0
2021-09-09,4.612,4.624,4.583,4.623,1825452.0
2021-09-10,4.618,4.708,4.615,4.672,3893350.0
2021-09-13,4.666,4.69,4.616,4.645,3200157.0
2021-09-14,4.646,4.663,4.558,4.579,3277120.0
2021-09-15,4.571,4.572,4.498,4.526,2707359.0
2021-09-16,4.526,4.536,4.462,4.47,4293484.0
2021-09-17,4.469,4.515,4.449,4.509,5139927.0
2021-09-22,4.441,4.493,4.433,4.476,4916296.0
2021-09-23,4.498,4.536,4.487,4.505,2869733.0
2021-09-24,4.509,4.556,4.499,4.512,4647712.0
2021-09-27,4.526,4.579,4.502,4.544,3598936.0
2021-09-28,4.536,4.561,4.507,4.535,2636353.0
2021-09-29,4.503,4.53,4.459,4.502,5922611.0
2021-09-30,4.504,4.534,4.502,4.516,3129597.0
2021-10-08,4.559,4.596,4.552,4.587,2446241.0
2021-10-11,4.595,4.641,4.582,4.586,2603224.0
2021-10-12,4.568,4.579,4.494,4.534,3306068.0
2021-10-13,4.526,4.606,4.524,4.59,2535737.0
2021-10-14,4.584,4.609,4.552,4.563,1998087.0
2021-10-15,4.56,4.598,4.541,4.587,2179701.0
2021-10-18,4.584,4.585,4.497,4.529,2512605.0
2021-10-19,4.521,4.581,4.518,4.576,2884698.0
2021-10-20,4.581,4.603,4.552,4.562,1566963.0
2021-10-21,4.561,4.608,4.543,4.584,2240855.0
2021-10-22,4.591,4.653,4.591,4.617,3345973.0
2021-10-25,4.603,4.642,4.592,4.634,2653745.0
2021-10-26,4.636,4.669,4.604,4.617,2479095.0
2021-10-27,4.605,4.605,4.539,4.551,2781043.0
2021-10-28,4.541,4.558,4.507,4.53,4413412.0
2021-10-29,4.527,4.563,4.515,4.562,4264847.0
2021-11-01,4.538,4.569,4.52,4.546,1950023.0
2021-11-02,4.543,4.576,4.455,4.494,4294135.0
2021-11-03,4.491,4.517,4.46,4.474,3406351.0
2021-11-04,4.494,4.532,4.493,4.521,2844233.0
2021-11-05,4.511,4.548,4.503,4.504,2656008.0
2021-11-08,4.501,4.529,4.483,4.5,3124852.0
2021-11-09,4.516,4.533,4.473,4.498,2628400.0
2021-11-10,4.494,4.494,4.407,4.473,4894264.0
2021-11-11,4.463,4.556,4.461,4.553,3523650.0
2021-11-12,4.557,4.572,4.535,4.551,2729067.0
2021-11-15,4.555,4.572,4.524,4.545,3359154.0
2021-11-16,4.547,4.577,4.531,4.541,3518703.0
2021-11-17,4.534,4.555,4.522,4.54,2269818.0
2021-11-18,4.528,4.533,4.483,4.496,3606012.0
2021-11-19,4.491,4.557,4.486,4.551,2759206.0
2021-11-22,4.555,4.576,4.548,4.564,3536475.0
2021-11-23,4.557,4.581,4.547,4.567,3172672.0
2021-11-24,4.567,4.597,4.555,4.578,1785947.0
2021-11-25,4.579,4.58,4.551,4.559,1372600.0
2021-11-26,4.546,4.547,4.508,4.517,2046378.0
2021-11-29,4.481,4.519,4.481,4.51,2338560.0
2021-11-30,4.513,4.53,4.469,4.492,1836800.0
2021-12-01,4.492,4.51,4.488,4.505,2116262.0
2021-12-02,4.501,4.526,4.484,4.515,1610351.0
2021-12-03,4.515,4.561,4.507,4.56,2196321.0
2021-12-06,4.563,4.597,4.55,4.555,3328991.0
2021-12-07,4.576,4.59,4.559,4.583,2124268.0
2021-12-08,4.588,4.66,4.57,4.655,3411917.0
2021-12-09,4.659,4.785,4.657,4.739,6332212.0
2021-12-10,4.724,4.731,4.704,4.724,3961260.0
2021-12-13,4.748,4.808,4.73,4.737,4290338.0
2021-12-14,4.718,4.736,4.696,4.706,3626878.0
2021-12-15,4.701,4.717,4.656,4.66,2035832.0
2021-12-16,4.663,4.688,4.646,4.687,3773043.0
2021-12-17,4.679,4.682,4.612,4.614,6226189.0
2021-12-20,4.6,4.631,4.528,4.539,8518253.0
2021-12-21,4.534,4.573,4.53,4.56,5171335.0
2021-12-22,4.573,4.585,4.551,4.563,6660462.0
2021-12-23,4.574,4.607,4.559,4.601,3023053.0
2021-12-24,4.607,4.613,4.559,4.578,2603961.0
2021-12-27,4.578,4.599,4.551,4.582,5044913.0
2021-12-28,4.582,4.618,4.573,4.608,6399142.0
2021-12-29,4.606,4.612,4.54,4.541,4038656.0
2021-12-30,4.541,4.598,4.536,4.577,4744980.0
2021-12-31,4.591,4.61,4.575,4.589,3514166.0
2022-01-04,4.606,4.608,4.523,4.571,4863553.0
2022-01-05,4.56,4.573,4.506,4.524,4640731.0
2022-01-06,4.504,4.514,4.438,4.468,5172728.0
2022-01-07,4.481,4.511,4.474,4.48,4785197.0
2022-01-10,4.469,4.504,4.44,4.493,4911223.0
2022-01-11,4.493,4.505,4.445,4.448,4122189.0
2022-01-12,4.465,4.514,4.465,4.5,5113326.0
2022-01-13,4.511,4.513,4.417,4.419,4882723.0
2022-01-14,4.406,4.421,4.372,4.375,4100290.0
2022-01-17,4.379,4.432,4.378,4.416,4983491.0
2022-01-18,4.413,4.478,4.396,4.462,6241671.0
2022-01-19,4.471,4.495,4.412,4.436,5224393.0
2022-01-20,4.431,4.503,4.43,4.474,5412785.0
2022-01-21,4.466,4.471,4.42,4.44,7814370.0
2022-01-24,4.416,4.455,4.404,4.442,4605740.0
2022-01-25,4.418,4.433,4.332,4.336,5952709.0
2022-01-26,4.351,4.367,4.306,4.362,5218421.0
2022-01-27,4.349,4.355,4.272,4.281,6076217.0
2022-01-28,4.293,4.315,4.206,4.21,8583917.0
2022-02-07,4.281,4.319,4.262,4.282,4845868.0
2022-02-08,4.282,4.282,4.171,4.26,4481413.0
2022-02-09,4.262,4.309,4.246,4.299,4589381.0
2022-02-10,4.306,4.309,4.262,4.288,4953831.0
2022-02-11,4.27,4.314,4.249,4.252,4617436.0
2022-02-14,4.236,4.25,4.182,4.203,3299679.0
2022-02-15,4.204,4.249,4.202,4.245,6043144.0
2022-02-16,4.266,4.29,4.254,4.266,4498005.0
2022-02-17,4.261,4.3,4.255,4.276,6290407.0
2022-02-18,4.256,4.301,4.251,4.3,3041052.0
2022-02-21,4.292,4.293,4.261,4.283,3241951.0
2022-02-22,4.246,4.253,4.205,4.223,3153168.0
2022-02-23,4.236,4.274,4.227,4.271,4469039.0
2022-02-24,4.246,4.258,4.145,4.186,5912365.0
2022-02-25,4.209,4.267,4.209,4.221,3844661.0
2022-02-28,4.218,4.229,4.178,4.227,2693171.0
2022-03-01,4.244,4.273,4.229,4.265,3261629.0
2022-03-02,4.245,4.246,4.208,4.23,1946013.0
2022-03-03,4.246,4.256,4.191,4.201,2006899.0
2022-03-04,4.161,4.19,4.136,4.15,4053766.0
2022-03-07,4.115,4.115,3.984,4.002,5831130.0
2022-03-08,4.003,4.027,3.904,3.92,6917081.0
2022-03-09,3.928,3.95,3.726,3.88,7867488.0
2022-03-10,3.956,3.982,3.938,3.94,5528465.0
2022-03-11,3.884,3.974,3.831,3.968,3973422.0
2022-03-14,3.906,3.93,3.827,3.828,4331004.0
2022-03-15,3.791,3.82,3.624,3.629,10444778.0
2022-03-16,3.691,3.826,3.598,3.802,13251385.0
2022-03-17,3.879,3.95,3.861,3.886,11475616.0
2022-03-18,3.866,3.932,3.845,3.914,4030217.0
2022-03-21,3.919,3.936,3.868,3.908,3720164.0
2022-03-22,3.888,3.938,3.887,3.904,2504225.0
2022-03-23,3.914,3.942,3.896,3.929,3082447.0
2022-03-24,3.906,3.926,3.869,3.902,2206418.0
2022-03-25,3.901,3.91,3.823,3.825,3568083.0
2022-03-28,3.79,3.83,3.739,3.8,4155938.0
2022-03-29,3.811,3.829,3.775,3.782,2310331.0
2022-03-30,3.81,3.908,3.81,3.905,5002575.0
2022-03-31,3.895,3.9,3.866,3.874,4242790.0
2022-04-01,3.843,3.945,3.841,3.925,3752472.0
2022-04-06,3.899,3.925,3.884,3.913,3398938.0
2022-04-07,3.893,3.924,3.858,3.861,2783984.0
2022-04-08,3.864,3.892,3.831,3.889,3202713.0
2022-04-11,3.861,3.862,3.744,3.757,5800585.0
2022-04-12,3.759,3.832,3.732,3.827,8064759.0
2022-04-13,3.807,3.843,3.791,3.795,3872602.0
2022-04-14,3.832,3.868,3.809,3.839,5736892.0
2022-04-15,3.816,3.862,3.806,3.837,5322380.0
2022-04-18,3.801,3.82,3.773,3.817,2797093.0
2022-04-19,3.816,3.842,3.766,3.79,3139962.0
2022-04-20,3.788,3.794,3.714,3.72,3903434.0
2022-04-21,3.708,3.737,3.631,3.652,7925085.0
2022-04-22,3.621,3.693,3.608,3.662,6173784.0
2022-04-25,3.601,3.615,3.463,3.469,16542843.0
2022-04-26,3.472,3.529,3.43,3.439,15437597.0
2022-04-27,3.427,3.547,3.416,3.545,13725839.0
2022-04-28,3.528,3.591,3.525,3.571,10729261.0
2022-04-29,3.585,3.675,3.549,3.671,7631212.0
2022-05-05,3.636,3.687,3.626,3.656,7360954.0
2022-05-06,3.581,3.599,3.556,3.559,5206697.0
2022-05-09,3.534,3.562,3.506,3.527,3187006.0
2022-05-10,3.489,3.589,3.464,3.572,5474672.0
2022-05-11,3.565,3.682,3.565,3.627,6290116.0
2022-05-12,3.611,3.635,3.589,3.607,3071058.0
2022-05-13,3.644,3.655,3.608,3.638,2799732.0
2022-05-16,3.656,3.67,3.596,3.607,4425843.0
2022-05-17,3.616,3.657,3.605,3.656,3008496.0
2022-05-18,3.663,3.673,3.616,3.642,2640173.0
2022-05-19,3.603,3.653,3.592,3.651,3249620.0
2022-05-20,3.676,3.736,3.666,3.735,6004614.0
2022-05-23,3.735,3.735,3.677,3.703,5120913.0
2022-05-24,3.702,3.705,3.616,3.621,4156645.0
2022-05-25,3.616,3.64,3.604,3.638,4576841.0
2022-05-26,3.639,3.676,3.588,3.648,4816141.0
2022-05-27,3.678,3.713,3.641,3.658,5532972.0
2022-05-30,3.676,3.699,3.663,3.681,4505319.0
2022-05-31,3.681,3.759,3.672,3.745,4522581.0
2022-06-01,3.745,3.752,3.716,3.739,3774345.0
2022-06-02,3.722,3.754,3.714,3.75,2901326.0
2022-06-06,3.748,3.833,3.721,3.832,4238359.0
2022-06-07,3.817,3.858,3.811,3.838,3808642.0
2022-06-08,3.841,3.886,3.821,3.88,4272911.0
2022-06-09,3.871,3.89,3.829,3.846,2916148.0
2022-06-10,3.815,3.916,3.814,3.904,6480691.0
2022-06-13,3.866,3.879,3.826,3.852,5799002.0
2022-06-14,3.821,3.896,3.771,3.892,6249026.0
2022-06-15,3.889,4.02,3.889,3.941,11218852.0
2022-06-16,3.954,3.973,3.905,3.914,5075120.0
2022-06-17,3.897,3.993,3.891,3.977,7156474.0
2022-06-20,3.987,4.044,3.964,3.998,7324345.0
2022-06-21,3.998,4.034,3.961,3.996,4224015.0
2022-06-22,3.996,4.003,3.938,3.946,3619643.0
2022-06-23,3.947,4.023,3.94,4.021,4056939.0
2022-06-24,4.031,4.082,4.019,4.069,4148338.0
2022-06-27,4.085,4.155,4.085,4.117,4559811.0
2022-06-28,4.116,4.182,4.089,4.169,3748824.0
2022-06-29,4.154,4.183,4.099,4.114,5448356.0
2022-06-30,4.11,4.201,4.109,4.164,5680516.0
2022-07-01,4.176,4.181,4.13,4.149,4455712.0
2022-07-04,4.134,4.179,4.105,4.177,3874217.0
2022-07-05,4.182,4.221,4.118,4.167,3921158.0
2022-07-06,4.156,4.166,4.079,4.108,3189627.0
2022-07-07,4.101,4.144,4.078,4.124,4030459.0
2022-07-08,4.147,4.169,4.113,4.12,2082490.0
2022-07-11,4.102,4.102,4.026,4.044,4522075.0
2022-07-12,4.038,4.063,3.994,4.008,3435392.0
2022-07-13,4.011,4.035,3.984,4.015,2956003.0
2022-07-14,4.011,4.045,3.992,4.016,3264143.0
2022-07-15,4.006,4.056,3.949,3.951,7373071.0
2022-07-18,3.968,4.015,3.93,3.997,3891151.0
2022-07-19,3.993,3.993,3.941,3.975,3535270.0
2022-07-20,3.996,4.016,3.974,3.987,2998384.0
2022-07-21,3.971,3.994,3.941,3.942,3104926.0
2022-07-22,3.957,3.991,3.915,3.945,3147688.0
2022-07-25,3.941,3.944,3.909,3.927,2516761.0
2022-07-26,3.933,3.976,3.93,3.956,3762545.0
2022-07-27,3.946,3.953,3.924,3.932,2571786.0
2022-07-28,3.948,3.986,3.931,3.935,3695810.0
2022-07-29,3.939,3.961,3.867,3.876,4712654.0
2022-08-01,3.862,3.904,3.837,3.894,2983915.0
2022-08-02,3.866,3.866,3.788,3.823,5439733.0
2022-08-03,3.836,3.865,3.767,3.778,3766628.0
2022-08-04,3.795,3.818,3.778,3.809,2617509.0
2022-08-05,3.812,3.88,3.809,3.874,3933852.0
2022-08-08,3.857,3.875,3.849,3.86,1572824.0
2022-08-09,3.858,3.875,3.846,3.867,2418244.0
2022-08-10,3.858,3.872,3.804,3.822,2037632.0
2022-08-11,3.839,3.916,3.832,3.91,3480503.0
2022-08-12,3.908,3.922,3.894,3.911,2055898.0
2022-08-15,3.898,3.942,3.894,3.901,2328228.0
2022-08-16,3.906,3.928,3.883,3.891,1684834.0
2022-08-17,3.892,3.943,3.867,3.932,2810228.0
2022-08-18,3.926,3.93,3.89,3.895,1999681.0
2022-08-19,3.891,3.907,3.863,3.865,2894411.0
2022-08-22,3.856,3.904,3.852,3.892,3109324.0
2022-08-23,3.889,3.906,3.859,3.878,2758776.0
2022-08-24,3.89,3.894,3.792,3.801,4031611.0
2022-08-25,3.809,3.842,3.78,3.837,3325107.0
2022-08-26,3.835,3.857,3.824,3.831,2268554.0
2022-08-29,3.797,3.817,3.781,3.806,2345945.0
2022-08-30,3.81,3.812,3.762,3.797,2320948.0
2022-08-31,3.78,3.838,3.769,3.797,5552796.0
2022-09-01,3.786,3.809,3.754,3.763,3202516.0
2022-09-02,3.766,3.775,3.72,3.74,2637374.0
2022-09-05,3.731,3.739,3.696,3.738,2158650.0
2022-09-06,3.751,3.772,3.73,3.767,2641015.0
2022-09-07,3.753,3.787,3.75,3.775,1835728.0
2022-09-08,3.779,3.787,3.756,3.757,1716322.0
2022-09-09,3.763,3.823,3.762,3.815,3929759.0
2022-09-13,3.822,3.851,3.818,3.829,3274312.0
2022-09-14,3.79,3.811,3.77,3.783,4299139.0
2022-09-15,3.79,3.803,3.721,3.746,5888444.0
2022-09-16,3.733,3.743,3.652,3.656,7257809.0
2022-09-19,3.65,3.671,3.631,3.645,3977904.0
2022-09-20,3.662,3.679,3.636,3.647,3015150.0
2022-09-21,3.636,3.646,3.599,3.617,3634886.0
2022-09-22,3.601,3.62,3.576,3.588,2798468.0
2022-09-23,3.588,3.607,3.548,3.58,5202490.0
2022-09-26,3.556,3.614,3.55,3.555,7560336.0
2022-09-27,3.566,3.613,3.548,3.605,5191603.0
2022-09-28,3.591,3.594,3.546,3.549,5300816.0
2022-09-29,3.572,3.593,3.529,3.55,5060836.0
2022-09-30,3.551,3.571,3.521,3.524,6383788.0
2022-10-10,3.523,3.526,3.433,3.445,6841092.0
2022-10-11,3.447,3.46,3.426,3.442,4913807.0
2022-10-12,3.443,3.507,3.375,3.504,7315130.0
2022-10-13,3.472,3.503,3.462,3.471,3451403.0
2022-10-14,3.508,3.579,3.499,3.559,7496291.0
2022-10-17,3.551,3.562,3.525,3.558,3887601.0
2022-10-18,3.58,3.586,3.543,3.551,4311344.0
2022-10-19,3.546,3.558,3.49,3.492,2881623.0
2022-10-20,3.476,3.532,3.447,3.48,3723050.0
2022-10-21,3.493,3.495,3.44,3.458,3275721.0
2022-10-24,3.455,3.489,3.342,3.36,6297940.0
2022-10-25,3.348,3.395,3.317,3.344,8235170.0
2022-10-26,3.346,3.424,3.345,3.372,6862870.0
2022-10-27,3.395,3.406,3.345,3.346,5123971.0
2022-10-28,3.333,3.339,3.251,3.26,7381372.0
2022-10-31,3.236,3.272,3.208,3.221,5976564.0
2022-11-01,3.241,3.361,3.236,3.359,10691572.0
2022-11-02,3.341,3.423,3.334,3.393,7516463.0
2022-11-03,3.373,3.388,3.345,3.363,4881107.0
2022-11-04,3.361,3.507,3.36,3.49,11292457.0
2022-11-07,3.466,3.511,3.465,3.49,5340734.0
2022-11-08,3.49,3.499,3.443,3.467,8012579.0
2022-11-09,3.467,3.48,3.423,3.427,5209240.0
2022-11-10,3.406,3.422,3.383,3.406,5064964.0
2022-11-11,3.498,3.554,3.466,3.504,13767023.0
2022-11-14,3.554,3.575,3.496,3.506,8509669.0
2022-11-15,3.498,3.59,3.491,3.581,7671835.0
2022-11-16,3.574,3.594,3.547,3.552,5377972.0
2022-11-17,3.542,3.542,3.491,3.535,7916228.0
2022-11-18,3.538,3.558,3.515,3.522,6491949.0
2022-11-21,3.493,3.493,3.446,3.489,5182489.0
2022-11-22,3.483,3.527,3.461,3.487,6490256.0
2022-11-23,3.476,3.512,3.47,3.49,5487916.0
2022-11-24,3.506,3.524,3.466,3.472,4821489.0
2022-11-25,3.475,3.51,3.461,3.493,5492158.0
2022-11-28,3.428,3.455,3.386,3.448,6260914.0
2022-11-29,3.47,3.573,3.47,3.564,7207068.0
2022-11-30,3.554,3.583,3.551,3.567,4594858.0
2022-12-01,3.636,3.666,3.611,3.612,6354126.0
2022-12-02,3.611,3.62,3.587,3.589,10304210.0
2022-12-05,3.63,3.663,3.613,3.66,8761771.0
2022-12-06,3.648,3.706,3.644,3.683,7658073.0
2022-12-07,3.676,3.722,3.656,3.671,6820751.0
2022-12-08,3.671,3.689,3.659,3.68,5094095.0
2022-12-09,3.679,3.725,3.664,3.714,6474552.0
2022-12-12,3.701,3.701,3.668,3.672,4668575.0
2022-12-13,3.674,3.684,3.656,3.661,3636743.0
2022-12-14,3.666,3.689,3.651,3.671,6219074.0
2022-12-15,3.672,3.681,3.644,3.669,5307513.0
2022-12-16,3.667,3.682,3.648,3.673,9083687.0
2022-12-19,3.678,3.689,3.598,3.615,7451965.0
2022-12-20,3.601,3.604,3.529,3.552,8155655.0
2022-12-21,3.557,3.567,3.538,3.549,5230558.0
2022-12-22,3.572,3.6,3.537,3.557,6878210.0
2022-12-23,3.54,3.568,3.528,3.547,10847910.0
2022-12-26,3.546,3.576,3.544,3.556,6511937.0
2022-12-27,3.596,3.609,3.575,3.603,5820488.0
2022-12-28,3.595,3.601,3.573,3.59,6492690.0
2022-12-29,3.575,3.589,3.552,3.578,7212710.0
2022-12-30,3.593,3.607,3.59,3.594,6302286.0
2023-01-03,3.593,3.617,3.546,3.605,6563108.0
2023-01-04,3.604,3.621,3.587,3.61,9807997.0
2023-01-05,3.631,3.691,3.628,3.685,7745023.0
2023-01-06,3.686,3.718,3.682,3.701,5410808.0
2023-01-09,3.721,3.742,3.708,3.726,7809599.0
2023-01-10,3.724,3.748,3.718,3.732,7442622.0
2023-01-11,3.733,3.761,3.725,3.732,5715114.0
2023-01-12,3.739,3.751,3.724,3.738,3255872.0
2023-01-13,3.745,3.804,3.745,3.8,6559090.0
2023-01-16,3.805,3.904,3.803,3.863,17163759.0
2023-01-17,3.863,3.872,3.842,3.859,6015131.0
2023-01-18,3.866,3.872,3.846,3.85,4456901.0
2023-01-19,3.841,3.88,3.823,3.878,6074324.0
2023-01-20,3.893,3.914,3.885,3.901,5700822.0
2023-01-30,3.98,3.987,3.918,3.925,8013471.0
2023-01-31,3.928,3.937,3.872,3.879,11392222.0
2023-02-01,3.884,3.912,3.853,3.91,7156520.0
2023-02-02,3.922,3.925,3.883,3.9,10018528.0
2023-02-03,3.874,3.877,3.821,3.857,9600521.0
2023-02-06,3.823,3.824,3.778,3.8,7314597.0
2023-02-07,3.806,3.821,3.79,3.81,5539881.0
2023-02-08,3.812,3.829,3.785,3.793,4628713.0
2023-02-09,3.787,3.851,3.783,3.847,5958886.0
2023-02-10,3.848,3.848,3.806,3.823,5205224.0
2023-02-13,3.81,3.861,3.803,3.855,8280101.0
2023-02-14,3.861,3.867,3.839,3.864,3326324.0
2023-02-15,3.861,3.874,3.828,3.836,6455068.0
2023-02-16,3.84,3.888,3.782,3.807,7925101.0
2023-02-17,3.805,3.821,3.745,3.749,7433949.0
2023-02-20,3.754,3.857,3.748,3.854,10495255.0
2023-02-21,3.854,3.87,3.834,3.859,5609025.0
2023-02-22,3.843,3.854,3.812,3.819,4529454.0
2023-02-23,3.823,3.845,3.801,3.819,4655595.0
2023-02-24,3.818,3.818,3.76,3.78,8087762.0
2023-02-27,3.76,3.783,3.748,3.765,4569575.0
2023-02-28,3.777,3.796,3.74,3.791,4845454.0
2023-03-01,3.787,3.856,3.78,3.84,11804810.0
2023-03-02,3.83,3.854,3.827,3.835,4391329.0
2023-03-03,3.846,3.856,3.814,3.844,4201757.0
2023-03-06,3.845,3.847,3.8,3.819,9293025.0
2023-03-07,3.815,3.838,3.759,3.762,6746494.0
2023-03-08,3.75,3.755,3.73,3.746,4313154.0
2023-03-09,3.752,3.756,3.712,3.736,4079365.0
2023-03-10,3.71,3.724,3.679,3.681,4981129.0
2023-03-13,3.681,3.728,3.681,3.725,4674529.0
2023-03-14,3.72,3.72,3.665,3.7,4635416.0
2023-03-15,3.726,3.736,3.698,3.699,3933011.0
2023-03-16,3.68,3.699,3.65,3.653,4331438.0
2023-03-17,3.68,3.724,3.655,3.674,11235012.0
2023-03-20,3.674,3.696,3.646,3.652,5709548.0
2023-03-21,3.663,3.699,3.661,3.695,5567437.0
2023-03-22,3.705,3.729,3.699,3.713,5817562.0
2023-03-23,3.7,3.752,3.698,3.751,5344729.0
2023-03-24,3.743,3.754,3.734,3.746,2548953.0
2023-03-27,3.745,3.745,3.704,3.725,4912547.0
2023-03-28,3.726,3.738,3.71,3.717,5072061.0
2023-03-29,3.738,3.739,3.711,3.717,6163363.0
2023-03-30,3.718,3.761,3.701,3.76,5572070.0
2023-03-31,3.765,3.783,3.759,3.77,6711625.0
2023-04-03,3.77,3.811,3.765,3.8,5513397.0
2023-04-04,3.8,3.822,3.792,3.82,4803087.0
2023-04-06,3.805,3.813,3.793,3.808,3782868.0
2023-04-07,3.808,3.849,3.806,3.837,3295857.0
2023-04-10,3.848,3.849,3.818,3.822,4743616.0
2023-04-11,3.825,3.832,3.798,3.812,5359550.0
2023-04-12,3.813,3.818,3.8,3.808,3358337.0
2023-04-13,3.799,3.805,3.777,3.783,4021907.0
2023-04-14,3.795,3.814,3.791,3.804,4560326.0
2023-04-17,3.801,3.867,3.8,3.865,6325480.0
2023-04-18,3.864,3.883,3.856,3.872,4160543.0
2023-04-19,3.874,3.874,3.835,3.839,4085730.0
2023-04-20,3.838,3.842,3.81,3.823,6073086.0
2023-04-21,3.823,3.826,3.744,3.75,6836486.0
2023-04-24,3.749,3.752,3.683,3.699,5940937.0
2023-04-25,3.7,3.708,3.644,3.68,9664268.0
2023-04-26,3.678,3.69,3.654,3.671,9034653.0
2023-04-27,3.668,3.72,3.66,3.706,4677697.0
2023-04-28,3.717,3.75,3.711,3.745,4518062.0
2023-05-04,3.733,3.747,3.716,3.745,3378611.0
2023-05-05,3.746,3.758,3.709,3.729,3379499.0
2023-05-08,3.736,3.784,3.731,3.774,6848152.0
2023-05-09,3.779,3.805,3.739,3.739,5668907.0
2023-05-10,3.737,3.739,3.7,3.708,9165933.0
2023-05-11,3.718,3.728,3.7,3.703,3216150.0
2023-05-12,3.702,3.716,3.65,3.652,5187745.0
2023-05-15,3.654,3.716,3.643,3.715,8107574.0
2023-05-16,3.714,3.72,3.682,3.698,4068203.0
2023-05-17,3.691,3.702,3.661,3.671,6405805.0
2023-05-18,3.678,3.698,3.651,3.67,7006002.0
2023-05-19,3.66,3.686,3.642,3.664,3417126.0
2023-05-22,3.663,3.705,3.65,3.684,5003757.0
2023-05-23,3.687,3.691,3.626,3.627,6117573.0
2023-05-24,3.622,3.623,3.572,3.574,7672776.0
2023-05-25,3.568,3.578,3.532,3.565,4918567.0
2023-05-26,3.563,3.581,3.533,3.57,4462037.0
2023-05-29,3.578,3.59,3.539,3.554,4030135.0
2023-05-30,3.546,3.567,3.51,3.558,5720979.0
2023-05-31,3.548,3.548,3.505,3.522,7338757.0
2023-06-01,3.519,3.56,3.514,3.53,6749757.0
2023-06-02,3.55,3.593,3.55,3.583,6929781.0
2023-06-05,3.577,3.581,3.555,3.565,3611549.0
2023-06-06,3.566,3.594,3.524,3.528,4115697.0
2023-06-07,3.54,3.547,3.503,3.516,3721767.0
2023-06-08,3.516,3.563,3.503,3.548,3834889.0
2023-06-09,3.549,3.567,3.542,3.564,5270689.0
2023-06-12,3.56,3.59,3.545,3.568,4596593.0
2023-06-13,3.56,3.6,3.557,3.597,3503880.0
2023-06-14,3.599,3.624,3.595,3.597,4441136.0
2023-06-15,3.606,3.663,3.6,3.662,5084305.0
2023-06-16,3.669,3.708,3.669,3.699,6021488.0
2023-06-19,3.699,3.699,3.664,3.669,4003074.0
2023-06-20,3.661,3.679,3.656,3.662,3538923.0
2023-06-21,3.655,3.659,3.605,3.607,4893537.0
2023-06-26,3.586,3.59,3.551,3.563,6404956.0
2023-06-27,3.562,3.599,3.555,3.589,3971021.0
2023-06-28,3.583,3.598,3.557,3.597,4627456.0
2023-06-29,3.597,3.599,3.567,3.579,3002626.0
2023-06-30,3.578,3.62,3.573,3.602,5299183.0
2023-07-03,3.61,3.659,3.608,3.647,4739097.0
2023-07-04,3.645,3.656,3.639,3.654,2521213.0
2023-07-05,3.648,3.654,3.621,3.627,2712152.0
2023-07-06,3.62,3.64,3.594,3.599,3467439.0
2023-07-07,3.595,3.604,3.579,3.588,3022777.0
2023-07-10,3.606,3.63,3.592,3.604,4284868.0
2023-07-11,3.617,3.635,3.607,3.63,5874389.0
2023-07-12,3.634,3.64,3.601,3.611,3894108.0
2023-07-13,3.63,3.677,3.63,3.674,5722866.0
2023-07-14,3.68,3.684,3.67,3.672,3632621.0
2023-07-17,3.666,3.666,3.628,3.644,4486126.0
2023-07-18,3.645,3.652,3.625,3.638,2666707.0
2023-07-19,3.63,3.644,3.615,3.636,5012407.0
2023-07-20,3.643,3.662,3.601,3.608,8715071.0
2023-07-21,3.608,3.637,3.595,3.61,7272501.0
2023-07-24,3.59,3.617,3.584,3.593,4549820.0
2023-07-25,3.64,3.706,3.64,3.705,11409824.0
2023-07-26,3.7,3.702,3.681,3.696,5880386.0
2023-07-27,3.705,3.718,3.68,3.692,6024658.0
2023-07-28,3.673,3.795,3.673,3.788,14964884.0
2023-07-31,3.82,3.861,3.794,3.804,17906350.0
2023-08-01,3.8,3.825,3.775,3.786,11359816.0
2023-08-02,3.779,3.8,3.746,3.757,7894398.0
2023-08-03,3.751,3.795,3.751,3.793,7379311.0
2023-08-04,3.835,3.852,3.8,3.814,14223575.0
2023-08-07,3.796,3.796,3.769,3.783,12814224.0
2023-08-08,3.768,3.795,3.755,3.768,11165791.0
2023-08-09,3.758,3.775,3.754,3.76,13325079.0
2023-08-10,3.758,3.77,3.734,3.765,9382509.0
2023-08-11,3.765,3.768,3.668,3.67,12885598.0
2023-08-14,3.639,3.652,3.604,3.643,10386003.0
2023-08-15,3.647,3.655,3.601,3.639,8165194.0
2023-08-16,3.622,3.642,3.607,3.609,8558495.0
2023-08-17,3.591,3.629,3.575,3.622,11561183.0
2023-08-18,3.624,3.634,3.571,3.572,12755465.0
2023-08-21,3.563,3.574,3.517,3.52,11009244.0
2023-08-22,3.538,3.561,3.492,3.543,13315289.0
2023-08-23,3.53,3.541,3.479,3.488,10824197.0
2023-08-24,3.495,3.54,3.492,3.511,9526548.0
2023-08-25,3.496,3.529,3.488,3.504,11745355.0
2023-08-28,3.731,3.731,3.53,3.557,28220118.0
2023-08-29,3.54,3.608,3.538,3.579,21940525.0
2023-08-30,3.584,3.604,3.57,3.578,10361323.0
2023-08-31,3.578,3.585,3.55,3.559,8384688.0
2023-09-01,3.577,3.6,3.57,3.582,7926925.0
2023-09-04,3.61,3.65,3.594,3.64,11855233.0
2023-09-05,3.63,3.632,3.605,3.613,6297701.0
2023-09-06,3.6,3.613,3.586,3.603,7151761.0
2023-09-07,3.595,3.596,3.546,3.55,9410350.0
2023-09-08,3.535,3.548,3.516,3.529,8186358.0
2023-09-11,3.53,3.581,3.523,3.557,8166508.0
2023-09-12,3.554,3.566,3.545,3.552,5949369.0
2023-09-13,3.551,3.562,3.507,3.527,10321331.0
2023-09-14,3.526,3.538,3.505,3.524,9282830.0
2023-09-15,3.531,3.538,3.489,3.507,11906221.0
2023-09-18,3.498,3.531,3.484,3.52,9859264.0
2023-09-19,3.516,3.518,3.492,3.515,7270063.0
2023-09-20,3.505,3.513,3.497,3.497,6341355.0
2023-09-21,3.489,3.503,3.461,3.462,8991970.0
2023-09-22,3.456,3.538,3.455,3.537,12471166.0
2023-09-25,3.526,3.529,3.502,3.509,7009057.0
2023-09-26,3.506,3.517,3.486,3.488,8629085.0
2023-09-27,3.487,3.525,3.486,3.498,10780540.0
2023-09-28,3.505,3.511,3.476,3.484,11206124.0
2023-10-09,3.477,3.488,3.433,3.474,8752131.0
2023-10-10,3.486,3.498,3.444,3.447,9279324.0
2023-10-11,3.465,3.482,3.447,3.455,8934987.0
2023-10-12,3.49,3.505,3.472,3.491,9335216.0
2023-10-13,3.47,3.471,3.444,3.456,11350953.0
2023-10-16,3.456,3.458,3.402,3.413,11389806.0
2023-10-17,3.42,3.433,3.407,3.425,8880603.0
2023-10-18,3.419,3.423,3.395,3.397,8102706.0
2023-10-19,3.38,3.38,3.315,3.32,16903688.0
2023-10-20,3.303,3.32,3.285,3.302,17404462.0
2023-10-23,3.288,3.29,3.232,3.264,27102417.0
2023-10-24,3.273,3.283,3.24,3.269,15350130.0
2023-10-25,3.308,3.323,3.287,3.289,13833516.0
2023-10-26,3.275,3.306,3.268,3.302,11436095.0
2023-10-27,3.294,3.369,3.285,3.356,16476624.0
2023-10-30,3.342,3.383,3.34,3.372,9614014.0
2023-10-31,3.365,3.37,3.342,3.364,8396600.0
2023-11-01,3.4,3.4,3.352,3.362,8119834.0
2023-11-02,3.368,3.389,3.344,3.345,10753816.0
2023-11-03,3.351,3.388,3.35,3.373,10578227.0
2023-11-06,3.395,3.425,3.394,3.421,11766496.0
2023-11-07,3.412,3.421,3.396,3.41,6575291.0
2023-11-08,3.403,3.416,3.378,3.399,11353212.0
2023-11-09,3.391,3.415,3.389,3.402,8185694.0
2023-11-10,3.388,3.388,3.363,3.375,7841768.0
2023-11-13,3.379,3.386,3.35,3.37,6744633.0
2023-11-14,3.374,3.39,3.355,3.37,7533172.0
2023-11-15,3.4,3.411,3.383,3.395,9940631.0
2023-11-16,3.39,3.393,3.357,3.359,8815567.0
2023-11-17,3.35,3.358,3.332,3.354,11984509.0
2023-11-20,3.357,3.377,3.33,3.365,8584304.0
2023-11-21,3.375,3.406,3.36,3.37,9316055.0
2023-11-22,3.361,3.366,3.33,3.331,7622027.0
2023-11-23,3.329,3.352,3.315,3.35,7749718.0
2023-11-24,3.346,3.347,3.318,3.325,7434533.0
2023-11-27,3.324,3.324,3.277,3.301,7762956.0
2023-11-28,3.295,3.31,3.286,3.305,7274837.0
2023-11-29,3.306,3.309,3.265,3.278,7590570.0
2023-11-30,3.274,3.292,3.267,3.282,6678101.0
2023-12-01,3.281,3.287,3.239,3.268,8604681.0
2023-12-04,3.271,3.274,3.243,3.244,6925230.0
2023-12-05,3.239,3.239,3.177,3.178,10087896.0
2023-12-06,3.174,3.203,3.164,3.183,10019449.0
2023-12-07,3.181,3.188,3.151,3.174,9345058.0
2023-12-08,3.175,3.193,3.17,3.181,7091986.0
2023-12-11,3.16,3.217,3.135,3.205,9982478.0
2023-12-12,3.196,3.215,3.193,3.213,6407242.0
2023-12-13,3.202,3.206,3.152,3.155,7088152.0
2023-12-14,3.171,3.185,3.134,3.139,7415331.0
2023-12-15,3.15,3.174,3.125,3.132,8999768.0
2023-12-18,3.118,3.139,3.1,3.118,8473038.0
2023-12-19,3.117,3.134,3.1,3.12,10985366.0
2023-12-20,3.124,3.129,3.085,3.089,10347176.0
2023-12-21,3.075,3.131,3.072,3.12,15924481.0
2023-12-22,3.117,3.15,3.102,3.126,20765265.0
2023-12-25,3.125,3.14,3.121,3.135,10041465.0
2023-12-26,3.133,3.133,3.105,3.115,7771693.0
2023-12-27,3.116,3.131,3.098,3.125,8361725.0
2023-12-28,3.121,3.218,3.12,3.209,23832992.0
2023-12-29,3.208,3.225,3.202,3.219,25188735.0
2024-01-02,3.222,3.222,3.171,3.173,9429306.0
2024-01-03,3.166,3.18,3.148,3.163,10617503.0
2024-01-04,3.162,3.162,3.107,3.133,16661525.0
2024-01-05,3.124,3.159,3.097,3.116,16996697.0
2024-01-08,3.109,3.123,3.066,3.069,17304244.0
2024-01-09,3.071,3.091,3.059,3.077,11312178.0
2024-01-10,3.07,3.101,3.052,3.061,9582541.0
2024-01-11,3.061,3.1,3.054,3.08,12662372.0
2024-01-12,3.071,3.097,3.066,3.069,8413273.0
2024-01-15,3.05,3.095,3.044,3.065,9055706.0
2024-01-16,3.06,3.088,3.046,3.087,17689524.0
2024-01-17,3.077,3.077,3.01,3.012,12862152.0
2024-01-18,3.007,3.064,2.955,3.057,47543511.0
2024-01-19,3.038,3.074,3.031,3.064,36944521.0
2024-01-22,3.054,3.064,2.982,2.995,46470565.0
2024-01-23,2.988,3.036,2.975,3.017,13924804.0
2024-01-24,3.028,3.069,2.977,3.068,22789369.0
2024-01-25,3.059,3.129,3.05,3.124,16487014.0
2024-01-26,3.117,3.139,3.101,3.118,21833051.0
2024-01-29,3.12,3.134,3.087,3.088,10113930.0
2024-01-30,3.07,3.087,3.03,3.032,18892623.0
2024-01-31,3.022,3.038,2.986,3.011,19090997.0
2024-02-01,2.989,3.037,2.979,3.007,18909976.0
2024-02-02,3.007,3.021,2.891,2.977,25386942.0
2024-02-05,2.947,3.023,2.9,2.997,26601787.0
2024-02-06,2.974,3.103,2.971,3.1,20089182.0
2024-02-07,3.099,3.131,3.076,3.129,34658147.0
2024-02-08,3.141,3.155,3.122,3.151,23942620.0
2024-02-19,3.163,3.181,3.144,3.178,14861876.0
2024-02-20,3.172,3.194,3.161,3.19,9801668.0
2024-02-21,3.177,3.285,3.171,3.238,16009581.0
2024-02-22,3.236,3.266,3.23,3.264,9446351.0
2024-02-23,3.264,3.286,3.253,3.267,10908774.0
2024-02-26,3.265,3.271,3.226,3.232,11172368.0
2024-02-27,3.224,3.275,3.222,3.273,10468849.0
2024-02-28,3.276,3.303,3.235,3.237,28549979.0
2024-02-29,3.229,3.296,3.226,3.292,14835850.0
2024-03-01,3.29,3.329,3.284,3.319,12256393.0
2024-03-04,3.315,3.326,3.297,3.316,10146550.0
2024-03-05,3.304,3.355,3.297,3.345,27991019.0
2024-03-06,3.34,3.361,3.327,3.331,12995274.0
2024-03-07,3.33,3.349,3.304,3.312,10589480.0
2024-03-08,3.314,3.329,3.293,3.322,8621877.0
2024-03-11,3.32,3.373,3.319,3.37,11207615.0
2024-03-12,3.372,3.388,3.357,3.375,11058396.0
2024-03-13,3.374,3.374,3.344,3.354,6858706.0
2024-03-14,3.349,3.376,3.324,3.341,7018811.0
2024-03-15,3.331,3.355,3.311,3.35,8490238.0
2024-03-18,3.35,3.382,3.35,3.381,7873329.0
2024-03-19,3.375,3.389,3.354,3.358,6548752.0
2024-03-20,3.35,3.371,3.347,3.361,5379620.0
2024-03-21,3.369,3.383,3.354,3.359,6197332.0
2024-03-22,3.356,3.357,3.301,3.328,14506378.0
2024-03-25,3.319,3.344,3.306,3.309,6305427.0
2024-03-26,3.309,3.327,3.301,3.32,8791033.0
2024-03-27,3.315,3.321,3.281,3.282,8746475.0
2024-03-28,3.28,3.333,3.27,3.299,10319251.0
2024-03-29,3.296,3.319,3.294,3.315,6511959.0
2024-04-01,3.329,3.383,3.328,3.373,10932625.0
2024-04-02,3.372,3.376,3.35,3.361,5831914.0
2024-04-03,3.359,3.361,3.337,3.347,5983464.0
2024-04-08,3.339,3.345,3.313,3.318,7099487.0
2024-04-09,3.316,3.323,3.301,3.312,5345371.0
2024-04-10,3.313,3.313,3.269,3.286,6816711.0
2024-04-11,3.27,3.302,3.264,3.283,5391159.0
2024-04-12,3.283,3.294,3.246,3.255,7405129.0
2024-04-15,3.255,3.334,3.253,3.328,10999537.0
2024-04-16,3.313,3.324,3.28,3.296,9132298.0
2024-04-17,3.296,3.346,3.28,3.342,9964664.0
2024-04-18,3.333,3.383,3.33,3.348,9302193.0
2024-04-19,3.334,3.343,3.307,3.32,6442757.0
2024-04-22,3.319,3.341,3.307,3.313,7251824.0
2024-04-23,3.313,3.319,3.282,3.288,9428474.0
2024-04-24,3.294,3.306,3.278,3.302,5942319.0
2024-04-25,3.292,3.326,3.284,3.312,6647552.0
2024-04-26,3.313,3.37,3.313,3.362,13743140.0
2024-04-29,3.366,3.427,3.361,3.405,15303224.0
2024-04-30,3.404,3.413,3.385,3.387,8231090.0
2024-05-06,3.429,3.453,3.424,3.437,13090611.0
2024-05-07,3.434,3.445,3.426,3.439,6860184.0
2024-05-08,3.432,3.433,3.407,3.41,6387759.0
2024-05-09,3.409,3.451,3.408,3.445,6502023.0
2024-05-10,3.452,3.459,3.42,3.447,8650954.0
2024-05-13,3.426,3.455,3.408,3.444,7411594.0
2024-05-14,3.444,3.459,3.427,3.438,5876668.0
2024-05-15,3.436,3.44,3.406,3.412,8559463.0
2024-05-16,3.419,3.44,3.41,3.424,10511975.0
2024-05-17,3.424,3.468,3.412,3.465,9320469.0
2024-05-20,3.471,3.489,3.459,3.473,9365359.0
2024-05-21,3.468,3.472,3.449,3.461,4969839.0
2024-05-22,3.459,3.478,3.452,3.469,6766846.0
2024-05-23,3.46,3.463,3.42,3.432,6988061.0
2024-05-24,3.421,3.439,3.387,3.391,8412742.0
2024-05-27,3.394,3.423,3.39,3.421,6696225.0
2024-05-28,3.42,3.422,3.391,3.398,5317532.0
2024-05-29,3.397,3.422,3.39,3.399,6152451.0
2024-05-30,3.392,3.414,3.377,3.385,7779253.0
2024-05-31,3.391,3.405,3.369,3.371,7232183.0
2024-06-03,3.369,3.388,3.354,3.376,7075116.0
2024-06-04,3.374,3.413,3.368,3.401,6817379.0
2024-06-05,3.402,3.411,3.386,3.388,5839394.0
2024-06-06,3.395,3.419,3.374,3.388,10266993.0
2024-06-07,3.391,3.399,3.344,3.365,10281271.0
2024-06-11,3.356,3.358,3.322,3.34,8799170.0
2024-06-12,3.333,3.345,3.325,3.336,5698353.0
2024-06-13,3.344,3.347,3.314,3.323,5488037.0
2024-06-14,3.316,3.347,3.306,3.343,6741040.0
2024-06-17,3.326,3.342,3.321,3.333,3930172.0
2024-06-18,3.338,3.354,3.332,3.344,5490352.0
2024-06-19,3.346,3.35,3.329,3.334,5308595.0
2024-06-20,3.332,3.34,3.305,3.311,5546558.0
2024-06-21,3.306,3.314,3.282,3.305,19658677.0
2024-06-24,3.291,3.315,3.282,3.288,20875455.0
2024-06-25,3.284,3.293,3.248,3.267,17384585.0
2024-06-26,3.259,3.296,3.253,3.288,10454895.0
2024-06-27,3.279,3.285,3.263,3.269,14337049.0
2024-06-28,3.263,3.3,3.262,3.276,12755434.0
2024-07-01,3.276,3.296,3.256,3.29,8536040.0
2024-07-02,3.283,3.3,3.278,3.285,5992049.0
2024-07-03,3.283,3.292,3.269,3.279,7914240.0
2024-07-04,3.282,3.298,3.262,3.264,15599237.0
2024-07-05,3.259,3.267,3.217,3.247,16363845.0
2024-07-08,3.24,3.247,3.215,3.223,9426255.0
2024-07-09,3.218,3.273,3.207,3.26,10688956.0
2024-07-10,3.253,3.271,3.249,3.252,5792821.0
2024-07-11,3.279,3.308,3.266,3.298,10524378.0
2024-07-12,3.3,3.313,3.294,3.308,8723694.0
2024-07-15,3.3,3.32,3.297,3.315,12550082.0
2024-07-16,3.309,3.344,3.306,3.34,16125087.0
2024-07-17,3.338,3.359,3.329,3.345,22565644.0
2024-07-18,3.33,3.368,3.321,3.366,19611815.0
2024-07-19,3.354,3.395,3.341,3.389,31696626.0
2024-07-22,3.384,3.387,3.34,3.36,17163073.0
2024-07-23,3.355,3.36,3.287,3.29,9195337.0
2024-07-24,3.284,3.298,3.255,3.268,14910835.0
2024-07-25,3.253,3.265,3.23,3.248,20455525.0
2024-07-26,3.249,3.272,3.241,3.263,13579703.0
2024-07-29,3.259,3.261,3.242,3.243,5949376.0
2024-07-30,3.235,3.235,3.206,3.22,15250861.0
2024-07-31,3.22,3.299,3.216,3.297,15389083.0
2024-08-01,3.291,3.304,3.27,3.272,7965404.0
2024-08-02,3.249,3.272,3.23,3.236,12997733.0
2024-08-05,3.22,3.263,3.196,3.197,20183109.0
2024-08-06,3.217,3.227,3.17,3.197,12936275.0
2024-08-07,3.19,3.214,3.18,3.19,6125438.0
2024-08-08,3.185,3.218,3.172,3.194,8541072.0
2024-08-09,3.205,3.219,3.181,3.182,6040536.0
2024-08-12,3.18,3.191,3.172,3.178,5102200.0
2024-08-13,3.18,3.187,3.161,3.183,6958063.0
2024-08-14,3.184,3.184,3.158,3.159,5610998.0
2024-08-15,3.154,3.212,3.15,3.197,19046381.0
2024-08-16,3.193,3.211,3.187,3.199,16407617.0
2024-08-19,3.198,3.233,3.196,3.208,7478253.0
2024-08-20,3.213,3.215,3.177,3.192,15944748.0
2024-08-21,3.18,3.195,3.163,3.177,10553698.0
2024-08-22,3.179,3.184,3.16,3.168,12504794.0
2024-08-23,3.16,3.194,3.16,3.182,8203428.0
2024-08-26,3.184,3.196,3.167,3.183,14006799.0
2024-08-27,3.176,3.179,3.156,3.166,12142201.0
2024-08-28,3.159,3.166,3.134,3.146,19955803.0
2024-08-29,3.138,3.151,3.129,3.136,15082477.0
2024-08-30,3.131,3.212,3.131,3.181,17858998.0
2024-09-02,3.17,3.172,3.119,3.121,11333065.0
2024-09-03,3.119,3.141,3.117,3.133,12935523.0
2024-09-04,3.12,3.132,3.11,3.112,6803058.0
2024-09-05,3.115,3.129,3.109,3.119,16005558.0
2024-09-06,3.124,3.134,3.089,3.091,7933157.0
2024-09-09,3.081,3.085,3.039,3.05,10188971.0
2024-09-10,3.052,3.064,3.028,3.05,8666554.0
2024-09-11,3.042,3.056,3.03,3.043,7808902.0
2024-09-12,3.048,3.061,3.03,3.032,6423793.0
2024-09-13,3.034,3.046,3.016,3.017,8504681.0
2024-09-18,3.016,3.04,3.004,3.027,12254391.0
2024-09-19,3.032,3.075,3.005,3.054,16348870.0
2024-09-20,3.047,3.068,3.028,3.063,23065620.0
2024-09-23,3.058,3.089,3.052,3.072,8973165.0
2024-09-24,3.103,3.218,3.082,3.216,39185162.0
2024-09-25,3.278,3.333,3.256,3.263,32373469.0
2024-09-26,3.257,3.432,3.256,3.429,44429621.0
2024-09-27,3.489,3.722,3.459,3.658,25594612.0
2024-09-30,3.796,4.029,3.665,4.022,63702341.0
2024-10-08,4.445,4.445,3.997,4.201,86298224.0
2024-10-09,4.074,4.074,3.794,3.811,54091966.0
2024-10-10,3.859,3.974,3.788,3.875,37790001.0
2024-10-11,3.846,3.849,3.712,3.766,40900777.0
2024-10-14,3.776,3.849,3.735,3.829,31049317.0
2024-10-15,3.803,3.835,3.716,3.72,26138707.0
2024-10-16,3.68,3.749,3.671,3.695,21611196.0
2024-10-17,3.719,3.749,3.651,3.652,29354356.0
2024-10-18,3.647,3.907,3.635,3.805,36209179.0
2024-10-21,3.806,3.849,3.769,3.805,25293364.0
2024-10-22,3.791,3.835,3.79,3.829,16669245.0
2024-10-23,3.829,3.886,3.81,3.844,22666292.0
2024-10-24,3.827,3.831,3.782,3.8,15982487.0
2024-10-25,3.801,3.867,3.792,3.829,16852658.0
2024-10-28,3.824,3.836,3.789,3.835,13963081.0
2024-10-29,3.839,3.868,3.792,3.802,17946282.0
2024-10-30,3.79,3.8,3.734,3.76,18128591.0
2024-10-31,3.758,3.796,3.727,3.76,17636493.0
2024-11-01,3.753,3.807,3.75,3.768,18177560.0
2024-11-04,3.771,3.823,3.76,3.821,12493144.0
2024-11-05,3.813,3.928,3.799,3.926,27630144.0
2024-11-06,3.926,3.969,3.874,3.9,21734248.0
2024-11-07,3.869,4.039,3.865,4.037,27887189.0
2024-11-08,4.071,4.079,3.967,3.983,28080232.0
2024-11-11,3.941,4.008,3.919,4.004,23043651.0
2024-11-12,3.999,4.057,3.934,3.958,23041668.0
2024-11-13,3.939,3.995,3.935,3.984,15727943.0
2024-11-14,3.977,3.992,3.906,3.913,14438853.0
2024-11-15,3.903,3.923,3.839,3.844,16769935.0
2024-11-18,3.86,3.907,3.802,3.827,16100926.0
2024-11-19,3.829,3.85,3.77,3.847,16705449.0
2024-11-20,3.835,3.874,3.827,3.857,15485304.0
2024-11-21,3.849,3.871,3.837,3.862,10454707.0
2024-11-22,3.86,3.863,3.735,3.742,17571913.0
2024-11-25,3.744,3.761,3.683,3.72,13590858.0
2024-11-26,3.703,3.745,3.702,3.712,7847079.0
2024-11-27,3.705,3.781,3.69,3.776,14519874.0
2024-11-28,3.773,3.778,3.737,3.747,10724073.0
2024-11-29,3.749,3.836,3.746,3.79,15297716.0
2024-12-02,3.786,3.832,3.776,3.82,9816348.0
2024-12-03,3.819,3.841,3.794,3.824,15244237.0
2024-12-04,3.819,3.83,3.792,3.803,10069479.0
2024-12-05,3.795,3.811,3.783,3.796,7595229.0
2024-12-06,3.796,3.874,3.795,3.846,17762294.0
2024-12-09,3.843,3.869,3.819,3.843,12464187.0
2024-12-10,3.968,3.987,3.862,3.874,24827953.0
2024-12-11,3.867,3.883,3.854,3.864,12587160.0
2024-12-12,3.866,3.911,3.855,3.906,13601804.0
2024-12-13,3.881,3.881,3.801,3.809,23465697.0
2024-12-16,3.807,3.81,3.775,3.785,9893231.0
2024-12-17,3.782,3.832,3.78,3.796,13646692.0
2024-12-18,3.809,3.828,3.804,3.813,10236096.0
2024-12-19,3.789,3.827,3.77,3.819,9903622.0
2024-12-20,3.813,3.834,3.801,3.807,12230620.0
2024-12-23,3.806,3.842,3.804,3.811,14247022.0
2024-12-24,3.813,3.865,3.811,3.858,14563434.0
2024-12-25,3.861,3.883,3.843,3.861,14181375.0
2024-12-26,3.861,3.868,3.845,3.862,9470234.0
2024-12-27,3.865,3.888,3.85,3.856,10869639.0
2024-12-30,3.855,3.882,3.854,3.875,13119335.0
2024-12-31,3.876,3.883,3.809,3.811,18436188.0
2025-01-02,3.809,3.81,3.67,3.698,21729803.0
2025-01-03,3.698,3.71,3.642,3.658,15930226.0
2025-01-06,3.654,3.662,3.617,3.642,12986739.0
2025-01-07,3.634,3.671,3.625,3.669,9689740.0
2025-01-08,3.659,3.688,3.604,3.663,14097968.0
2025-01-09,3.652,3.669,3.646,3.655,8060658.0
2025-01-10,3.654,3.664,3.611,3.612,8265725.0
2025-01-13,3.59,3.615,3.582,3.597,9493947.0
2025-01-14,3.604,3.707,3.598,3.695,16445462.0
2025-01-15,3.685,3.693,3.666,3.672,7420496.0
2025-01-16,3.685,3.722,3.65,3.674,11090052.0
2025-01-17,3.664,3.711,3.657,3.687,8476993.0
2025-01-20,3.71,3.738,3.697,3.706,9202943.0
2025-01-21,3.726,3.73,3.694,3.711,7439264.0
2025-01-22,3.705,3.705,3.657,3.675,10996807.0
2025-01-23,3.704,3.747,3.683,3.686,10385928.0
2025-01-24,3.678,3.732,3.672,3.718,11436475.0
2025-01-27,3.725,3.734,3.693,3.696,13053850.0
2025-02-05,3.719,3.723,3.668,3.676,7515497.0
2025-02-06,3.673,3.726,3.67,3.721,13886365.0
2025-02-07,3.722,3.803,3.715,3.777,19306314.0
2025-02-10,3.778,3.789,3.763,3.781,12672646.0
2025-02-11,3.786,3.787,3.752,3.765,9990359.0
2025-02-12,3.763,3.808,3.749,3.803,9789537.0
2025-02-13,3.798,3.823,3.787,3.793,11758227.0
2025-02-14,3.789,3.829,3.786,3.823,12924287.0
2025-02-17,3.833,3.842,3.801,3.83,13341020.0
2025-02-18,3.824,3.847,3.785,3.801,12465911.0
2025-02-19,3.794,3.83,3.789,3.822,10190769.0
2025-02-20,3.818,3.822,3.797,3.81,10186035.0
2025-02-21,3.821,3.869,3.809,3.864,14372665.0
2025-02-24,3.859,3.878,3.83,3.851,15385782.0
2025-02-25,3.824,3.84,3.797,3.81,8924900.0
2025-02-26,3.817,3.844,3.808,3.843,13456581.0
2025-02-27,3.845,3.858,3.817,3.856,11285856.0
2025-02-28,3.838,3.854,3.771,3.783,13293340.0
2025-03-03,3.784,3.816,3.755,3.77,11457686.0
2025-03-04,3.749,3.773,3.741,3.766,10121848.0
2025-03-05,3.769,3.788,3.757,3.783,11919016.0
2025-03-06,3.804,3.851,3.8,3.838,13710079.0
2025-03-07,3.829,3.85,3.819,3.828,11559971.0
2025-03-10,3.826,3.831,3.788,3.812,14427837.0
2025-03-11,3.783,3.825,3.779,3.824,10029170.0
2025-03-12,3.827,3.839,3.807,3.814,6092317.0
2025-03-13,3.813,3.822,3.782,3.794,6410438.0
2025-03-14,3.801,3.902,3.799,3.895,19037183.0
2025-03-17,3.907,3.912,3.877,3.883,11330420.0
2025-03-18,3.897,3.904,3.88,3.892,8114043.0
2025-03-19,3.887,3.91,3.873,3.898,8798313.0
2025-03-20,3.898,3.898,3.857,3.865,8751426.0
2025-03-21,3.852,3.868,3.789,3.799,10149157.0
2025-03-24,3.798,3.82,3.793,3.816,7912221.0
2025-03-25,3.817,3.828,3.806,3.818,6115316.0
2025-03-26,3.814,3.829,3.799,3.802,7742554.0
2025-03-27,3.8,3.839,3.784,3.816,8015252.0
2025-03-28,3.816,3.818,3.789,3.797,7043048.0
2025-03-31,3.793,3.813,3.758,3.773,9021729.0
2025-04-01,3.777,3.792,3.768,3.771,6150155.0
2025-04-02,3.772,3.785,3.76,3.768,6291176.0
2025-04-03,3.737,3.769,3.732,3.748,11143308.0
2025-04-07,3.589,3.629,3.393,3.484,65609880.0
2025-04-08,3.487,3.528,3.46,3.519,58535333.0
2025-04-09,3.484,3.563,3.467,3.555,16982014.0
2025-04-10,3.606,3.636,3.587,3.618,14296317.0
2025-04-11,3.599,3.64,3.589,3.629,8619842.0
2025-04-14,3.648,3.654,3.631,3.637,9415710.0
2025-04-15,3.633,3.646,3.614,3.64,9817935.0
2025-04-16,3.63,3.658,3.6,3.649,21771337.0
2025-04-17,3.631,3.66,3.63,3.652,13873406.0
2025-04-18,3.646,3.668,3.636,3.662,13780507.0
2025-04-21,3.654,3.675,3.646,3.664,7126315.0
2025-04-22,3.664,3.682,3.662,3.667,7520436.0
2025-04-23,3.681,3.696,3.662,3.671,6155041.0
2025-04-24,3.671,3.692,3.66,3.671,4873615.0
2025-04-25,3.676,3.688,3.664,3.671,5771935.0
2025-04-28,3.672,3.675,3.653,3.665,6247090.0
2025-04-29,3.663,3.669,3.651,3.658,4947350.0
2025-04-30,3.659,3.675,3.653,3.655,5004537.0
2025-05-06,3.675,3.695,3.669,3.692,7178253.0
2025-05-07,3.739,3.751,3.699,3.716,10470812.0
2025-05-08,3.707,3.755,3.707,3.739,7820057.0
2025-05-09,3.735,3.739,3.721,3.734,6933748.0
2025-05-12,3.752,3.781,3.746,3.779,8365002.0
2025-05-13,3.8,3.801,3.777,3.783,7934009.0
2025-05-14,3.784,3.855,3.781,3.834,12147902.0
2025-05-15,3.827,3.83,3.793,3.8,8177224.0
2025-05-16,3.791,3.798,3.766,3.778,7302837.0
2025-05-19,3.773,3.777,3.754,3.772,5562981.0
2025-05-20,3.773,3.805,3.769,3.792,5499875.0
2025-05-21,3.793,3.82,3.792,3.808,5606031.0
2025-05-22,3.807,3.816,3.792,3.806,4919320.0
2025-05-23,3.801,3.828,3.776,3.777,8450891.0
2025-05-26,3.771,3.782,3.745,3.756,7404857.0
2025-05-27,3.754,3.758,3.728,3.735,5782884.0
2025-05-28,3.736,3.745,3.727,3.731,5399202.0
2025-05-29,3.734,3.768,3.728,3.755,8910394.0
2025-05-30,3.748,3.753,3.721,3.748,7370307.0
2025-06-03,3.735,3.761,3.731,3.746,5967868.0
2025-06-04,3.748,3.774,3.747,3.763,4645434.0
2025-06-05,3.767,3.783,3.756,3.773,5319657.0
2025-06-06,3.776,3.788,3.767,3.775,4888808.0
2025-06-09,3.778,3.799,3.773,3.784,5810982.0
2025-06-10,3.786,3.794,3.747,3.761,7710518.0
2025-06-11,3.763,3.813,3.763,3.793,11035095.0
2025-06-12,3.787,3.802,3.769,3.795,6900872.0
2025-06-13,3.787,3.791,3.756,3.769,6980168.0
2025-06-16,3.763,3.783,3.76,3.779,6493267.0
2025-06-17,3.78,3.786,3.763,3.778,4828913.0
2025-06-18,3.78,3.787,3.759,3.781,4808034.0
2025-06-19,3.775,3.776,3.74,3.75,6007886.0
2025-06-20,3.749,3.765,3.748,3.755,4230441.0
2025-06-23,3.746,3.779,3.739,3.768,7492447.0
2025-06-24,3.773,3.827,3.773,3.813,12245549.0
2025-06-25,3.816,3.88,3.812,3.878,17241161.0
2025-06-26,3.872,3.881,3.862,3.863,9379679.0
2025-06-27,3.867,3.89,3.835,3.84,10696914.0
2025-06-30,3.838,3.862,3.833,3.859,10819590.0
2025-07-01,3.857,3.869,3.846,3.865,6406861.0
2025-07-02,3.862,3.876,3.852,3.869,5188835.0
2025-07-03,3.871,3.897,3.868,3.892,6863819.0
2025-07-04,3.888,3.942,3.881,3.909,10525621.0
2025-07-07,3.903,3.909,3.882,3.891,4022514.0
2025-07-08,3.893,3.933,3.89,3.925,6122487.0
2025-07-09,3.925,3.946,3.917,3.922,6476608.0
2025-07-10,3.922,3.967,3.921,3.942,6323877.0
2025-07-11,3.943,4.007,3.942,3.956,12648551.0
2025-07-14,3.955,3.971,3.953,3.955,8205479.0
2025-07-15,3.959,3.981,3.93,3.955,8074813.0
2025-07-16,3.956,3.97,3.933,3.946,4791819.0
2025-07-17,3.946,3.98,3.945,3.979,5978225.0
2025-07-18,3.985,4.013,3.982,4.009,7131296.0
2025-07-21,4.014,4.037,4.011,4.034,7674613.0
2025-07-22,4.036,4.08,4.019,4.078,10821091.0
2025-07-23,4.081,4.111,4.065,4.076,9947315.0
2025-07-24,4.072,4.105,4.067,4.102,8852360.0
2025-07-25,4.102,4.102,4.07,4.08,8200860.0
2025-07-28,4.08,4.1,4.063,4.091,6027713.0
2025-07-29,4.085,4.113,4.069,4.112,8059786.0
2025-07-30,4.104,4.142,4.084,4.109,9502522.0
2025-07-31,4.098,4.098,4.019,4.032,11229126.0
2025-08-01,4.025,4.039,3.995,4.01,6115671.0
2025-08-04,3.999,4.031,3.994,4.029,4355672.0
2025-08-05,4.031,4.062,4.028,4.06,5480681.0
2025-08-06,4.058,4.076,4.053,4.071,4089449.0
2025-08-07,4.073,4.087,4.048,4.07,5339656.0
2025-08-08,4.065,4.078,4.052,4.06,4230624.0
2025-08-11,4.06,4.095,4.06,4.079,6881519.0
2025-08-12,4.077,4.114,4.077,4.105,4824872.0
2025-08-13,4.111,4.149,4.106,4.14,7588408.0
2025-08-14,4.142,4.18,4.125,4.133,8879344.0
2025-08-15,4.119,4.179,4.117,4.172,10718339.0
2025-08-18,4.175,4.237,4.162,4.204,10092475.0
2025-08-19,4.203,4.224,4.174,4.182,7743324.0
2025-08-20,4.172,4.242,4.144,4.241,13784166.0
2025-08-21,4.245,4.271,4.235,4.255,9130025.0
2025-08-22,4.252,4.361,4.251,4.356,13602634.0
2025-08-25,4.378,4.449,4.374,4.442,14560918.0
2025-08-26,4.431,4.449,4.404,4.418,11142941.0
2025-08-27,4.418,4.462,4.35,4.352,14126904.0
2025-08-28,4.346,4.438,4.329,4.436,12764157.0
2025-08-29,4.427,4.49,4.417,4.478,13550574.0
2025-09-01,4.484,4.501,4.457,4.493,11939867.0
2025-09-02,4.49,4.52,4.427,4.467,10344122.0
2025-09-03,4.469,4.486,4.397,4.426,9188625.0
2025-09-04,4.423,4.432,4.293,4.333,14208228.0
2025-09-05,4.327,4.44,4.319,4.431,10603325.0
2025-09-08,4.431,4.45,4.401,4.432,10340220.0
2025-09-09,4.422,4.441,4.379,4.405,6803545.0
2025-09-10,4.403,4.439,4.384,4.415,6086583.0
2025-09-11,4.404,4.539,4.394,4.537,9783418.0
2025-09-12,4.539,4.541,4.492,4.498,9158580.0
2025-09-15,4.499,4.539,4.491,4.506,7211915.0
2025-09-16,4.509,4.529,4.468,4.497,7889034.0
2025-09-17,4.492,4.536,4.476,4.53,7154079.0
2025-09-18,4.532,4.553,4.431,4.471,11873727.0
2025-09-19,4.467,4.51,4.464,4.481,7316138.0
2025-09-22,4.481,4.498,4.459,4.496,6292766.0
2025-09-23,4.504,4.533,4.435,4.499,10550001.0
2025-09-24,4.474,4.541,4.473,4.54,10044859.0
2025-09-25,4.54,4.595,4.534,4.572,7713362.0
2025-09-26,4.554,4.576,4.527,4.528,7153059.0
2025-09-29,4.525,4.632,4.517,4.605,11954365.0
2025-09-30,4.611,4.627,4.597,4.618,7403809.0
2025-10-09,4.631,4.713,4.627,4.693,8970906.0
2025-10-10,4.664,4.671,4.581,4.596,11746426.0
2025-10-13,4.475,4.581,4.473,4.569,9658362.0
2025-10-14,4.602,4.617,4.497,4.522,11619095.0
2025-10-15,4.525,4.592,4.504,4.583,9974013.0
2025-10-16,4.566,4.624,4.566,4.598,8124633.0
2025-10-17,4.592,4.601,4.489,4.501,8400582.0
2025-10-20,4.528,4.555,4.501,4.517,7644178.0
2025-10-21,4.533,4.6,4.529,4.587,9598685.0
2025-10-22,4.567,4.585,4.545,4.572,5544842.0
2025-10-23,4.564,4.596,4.519,4.59,6993428.0
2025-10-24,4.605,4.649,4.604,4.647,8653036.0
2025-10-27,4.685,4.708,4.673,4.703,7585249.0
2025-10-28,4.692,4.727,4.669,4.679,7259491.0
2025-10-29,4.687,4.741,4.687,4.739,6792784.0
2025-10-30,4.735,4.751,4.693,4.7,8164619.0
2025-10-31,4.696,4.703,4.632,4.633,14325686.0
2025-11-03,4.629,4.644,4.582,4.64,7759881.0
2025-11-04,4.637,4.65,4.583,4.606,12015243.0
2025-11-05,4.569,4.628,4.545,4.612,7633533.0
2025-11-06,4.619,4.69,4.619,4.682,7326649.0
2025-11-07,4.667,4.689,4.651,4.672,5392556.0
2025-11-10,4.674,4.688,4.64,4.684,4483488.0
2025-11-11,4.691,4.701,4.634,4.64,5651936.0
2025-11-12,4.631,4.66,4.608,4.642,5236907.0
2025-11-13,4.634,4.692,4.629,4.689,6459561.0
2025-11-14,4.662,4.673,4.616,4.618,5936317.0
2025-11-17,4.607,4.617,4.568,4.587,7524669.0
2025-11-18,4.577,4.594,4.541,4.56,8568239.0
2025-11-19,4.555,4.594,4.555,4.574,8569615.0
2025-11-20,4.601,4.606,4.55,4.553,5619395.0
2025-11-21,4.522,4.531,4.439,4.441,14964004.0
2025-11-24,4.456,4.462,4.41,4.434,11557477.0
2025-11-25,4.457,4.5,4.456,4.474,8959406.0
2025-11-26,4.477,4.523,4.471,4.503,9140793.0
2025-11-27,4.506,4.551,4.495,4.499,4793694.0
2025-11-28,4.498,4.519,4.48,4.512,5192341.0
2025-12-01,4.523,4.565,4.516,4.564,5783014.0
2025-12-02,4.563,4.563,4.528,4.543,3834449.0
2025-12-03,4.542,4.561,4.512,4.522,3950348.0
2025-12-04,4.525,4.548,4.505,4.534,4026188.0
2025-12-05,4.533,4.587,4.52,4.575,6872031.0
2025-12-08,4.588,4.631,4.586,4.609,8263438.0
2025-12-09,4.604,4.616,4.571,4.585,7001055.0
2025-12-10,4.577,4.586,4.535,4.579,6207764.0
2025-12-11,4.585,4.599,4.539,4.545,6199443.0
2025-12-12,4.555,4.579,4.525,4.571,8671539.0
2025-12-15,4.551,4.589,4.427,4.544,6917855.0
2025-12-16,4.537,4.544,4.478,4.497,7693550.0
2025-12-17,4.496,4.592,4.493,4.576,10856133.0
2025-12-18,4.56,4.569,4.538,4.545,6780189.0
2025-12-19,4.557,4.591,4.543,4.565,8317889.0
2025-12-22,4.579,4.612,4.579,4.607,8371220.0
2025-12-23,4.612,4.64,4.603,4.617,8083405.0
2025-12-24,4.617,4.642,4.603,4.634,5334294.0
2025-12-25,4.627,4.654,4.621,4.643,4272443.0
2025-12-26,4.643,4.678,4.632,4.661,8160801.0
2025-12-29,4.657,4.671,4.626,4.64,8529050.0
2025-12-30,4.623,4.667,4.619,4.65,4772242.0
2025-12-31,4.654,4.666,4.619,4.63,6668292.0
2026-01-05,4.66,4.725,4.657,4.721,10171325.0
2026-01-06,4.727,4.797,4.725,4.796,10523015.0
2026-01-07,4.797,4.804,4.753,4.778,9334026.0
2026-01-08,4.765,4.771,4.72,4.74,6827198.0
2026-01-09,4.734,4.78,4.721,4.762,11348553.0
2026-01-12,4.77,4.806,4.738,4.79,13330753.0
2026-01-13,4.799,4.842,4.753,4.773,12717832.0
2026-01-14,4.773,4.826,4.718,4.743,21367223.0
2026-01-15,4.726,4.771,4.72,4.752,52171489.0
2026-01-16,4.782,4.796,4.715,4.736,53201665.0
2026-01-19,4.737,4.769,4.718,4.738,29134399.0
2026-01-20,4.735,4.751,4.688,4.724,28867656.0
2026-01-21,4.709,4.764,4.709,4.73,49039740.0
2026-01-22,4.741,4.76,4.703,4.727,43163442.0
2026-01-23,4.732,4.742,4.687,4.704,67693781.0
2026-01-26,4.712,4.76,4.694,4.712,59398529.0
2026-01-27,4.712,4.742,4.679,4.71,43391350.0
2026-01-28,4.725,4.743,4.704,4.725,84977823.0
2026-01-29,4.724,4.779,4.704,4.768,35456647.0
2026-01-30,4.736,4.758,4.642,4.711,16702748.0
2026-02-02,4.68,4.719,4.591,4.6,26511344.0
2026-02-03,4.64,4.668,4.585,4.664,10529446.0
2026-02-04,4.652,4.709,4.643,4.707,10525059.0
2026-02-05,4.68,4.695,4.645,4.679,9339829.0
2026-02-06,4.643,4.691,4.61,4.649,8816737.0
2026-02-09,4.695,4.73,4.686,4.727,7011195.0
2026-02-10,4.733,4.739,4.72,4.733,6804617.0
2026-02-11,4.727,4.732,4.714,4.723,3720787.0
2026-02-12,4.729,4.735,4.716,4.727,3980124.0
2026-02-13,4.714,4.714,4.667,4.671,13673572.0
2026-02-24,4.725,4.736,4.705,4.716,6242456.0
2026-02-25,4.717,4.778,4.716,4.75,8734031.0
2026-02-26,4.751,4.754,4.712,4.735,7663721.0
2026-02-27,4.72,4.732,4.7,4.725,6062453.0
2026-03-02,4.694,4.743,4.674,4.739,12423675.0
2026-03-03,4.741,4.751,4.665,4.678,9665579.0
2026-03-04,4.64,4.65,4.587,4.61,8292240.0
2026-03-05,4.647,4.678,4.639,4.654,5684210.0
2026-03-06,4.64,4.682,4.624,4.667,5043759.0
2026-03-09,4.623,4.638,4.56,4.629,8380983.0
2026-03-10,4.642,4.689,4.641,4.683,5460125.0
2026-03-11,4.686,4.719,4.682,4.711,5937122.0
2026-03-12,4.711,4.711,4.665,4.694,3433836.0
2026-03-13,4.672,4.716,4.67,4.677,3251129.0
2026-03-16,4.675,4.686,4.632,4.68,4038627.0
2026-03-17,4.686,4.731,4.645,4.646,7233377.0
2026-03-18,4.652,4.67,4.616,4.662,7702627.0
2026-03-19,4.621,4.641,4.581,4.599,7722418.0
2026-03-20,4.598,4.635,4.573,4.576,7612736.0
2026-03-23,4.528,4.537,4.406,4.43,15234981.0
2026-03-24,4.463,4.48,4.405,4.479,8504351.0
2026-03-25,4.51,4.549,4.504,4.544,8677126.0
2026-03-26,4.536,4.547,4.477,4.488,4742424.0
2026-03-27,4.45,4.53,4.445,4.508,5626908.0
2026-03-30,4.462,4.505,4.453,4.5,5439943.0
2026-03-31,4.501,4.529,4.462,4.463,5305656.0
2026-04-01,4.52,4.542,4.501,4.534,5012281.0
2026-04-02,4.521,4.526,4.47,4.489,4663511.0
2026-04-03,4.495,4.506,4.446,4.454,4261096.0
2026-04-07,4.455,4.47,4.431,4.446,4285686.0
2026-04-08,4.519,4.604,4.517,4.602,9968846.0
2026-04-09,4.573,4.586,4.56,4.572,7049553.0
2026-04-10,4.588,4.664,4.588,4.642,9063873.0
2026-04-13,4.629,4.66,4.623,4.652,3928926.0
2026-04-14,4.679,4.712,4.663,4.712,4276571.0
2026-04-15,4.732,4.746,4.684,4.694,6759806.0
2026-04-16,4.704,4.747,4.7,4.746,8532344.0
2026-04-17,4.737,4.75,4.722,4.739,7361501.0
2026-04-20,4.735,4.777,4.728,4.765,7624578.0
2026-04-21,4.764,4.786,4.73,4.776,6361081.0
2026-04-22,4.76,4.813,4.756,4.811,10125926.0
2026-04-23,4.82,4.834,4.772,4.801,10085181.0
2026-04-24,4.785,4.798,4.75,4.782,7193226.0
2026-04-27,4.786,4.81,4.773,4.782,9280360.0
2026-04-28,4.766,4.79,4.757,4.77,8644202.0
2026-04-29,4.755,4.828,4.755,4.821,12796798.0
2026-04-30,4.83,4.841,4.808,4.824,16517864.0
2026-05-06,4.866,4.914,4.852,4.888,18677828.0
2026-05-07,4.905,4.914,4.879,4.912,20946226.0
2026-05-08,4.89,4.902,4.862,4.886,12535649.0
2026-05-11,4.911,4.98,4.9,4.966,21165218.0
2026-05-12,4.975,4.987,4.944,4.963,10021705.0
2026-05-13,4.94,5.023,4.939,5.017,12726150.0
2026-05-14,5.037,5.041,4.931,4.941,10281646.0
2026-05-15,4.935,4.954,4.852,4.878,10479024.0
2026-05-18,4.855,4.885,4.819,4.852,5835764.0
2026-05-19,4.843,4.874,4.789,4.869,9674999.0
2026-05-20,4.845,4.882,4.84,4.871,9597201.0
2026-05-21,4.897,4.954,4.801,4.808,12055773.0
2026-05-22,4.828,4.868,4.807,4.862,13250518.0
2026-05-25,4.88,4.938,4.872,4.937,16250559.0
2026-05-26,4.912,4.975,4.91,4.972,9686752.0
2026-05-27,4.963,4.993,4.913,4.932,6405215.0
2026-05-28,4.917,4.948,4.866,4.932,4396498.0
2026-05-29,4.946,4.978,4.9,4.923,6566854.0
2026-06-01,4.923,4.94,4.861,4.868,4990927.0
2026-06-02,4.867,4.956,4.856,4.936,6809437.0
2026-06-03,4.938,5.016,4.928,4.965,7604619.0
2026-06-04,4.919,4.961,4.91,4.926,6097283.0
2026-06-05,4.909,4.948,4.825,4.843,6182927.0
2026-06-08,4.79,4.808,4.705,4.739,9232724.0
2026-06-09,4.764,4.828,4.741,4.826,4361645.0
2026-06-10,4.79,4.814,4.751,4.784,3931623.0
2026-06-11,4.766,4.793,4.718,4.751,4160688.0
2026-06-12,4.81,4.846,4.789,4.818,7808859.0
2026-06-15,4.858,4.92,4.839,4.919,16233007.0
2026-06-16,4.92,4.933,4.893,4.91,9085294.0
2026-06-17,4.898,4.96,4.894,4.958,13911870.0
2026-06-18,4.943,5.001,4.941,4.984,12933430.0
2026-06-22,4.983,5.095,4.954,5.091,19131578.0
2026-06-23,5.079,5.095,4.915,4.942,26173354.0
2026-06-24,4.929,4.978,4.916,4.967,25906734.0
2026-06-25,4.973,5.055,4.966,5.048,26406087.0
2026-06-26,5.008,5.015,4.88,4.907,9582429.0
2026-06-29,4.897,4.966,4.866,4.959,14848057.0
2026-06-30,4.947,5.022,4.942,5.019,20297213.0
2026-07-01,5.009,5.054,4.957,4.998,9626190.0
2026-07-02,4.955,4.96,4.835,4.85,13691536.0
2026-07-03,4.83,4.927,4.828,4.876,19983308.0
2026-07-06,4.9,4.914,4.831,4.877,6179918.0
2026-07-07,4.858,4.877,4.796,4.826,6986968.0
2026-07-08,4.836,4.872,4.793,4.798,4846848.0
2026-07-09,4.813,4.925,4.777,4.916,9558592.0
2026-07-10,4.918,4.949,4.827,4.829,8242800.0
2026-07-13,4.802,4.821,4.719,4.744,16190530.0
2026-07-14,4.744,4.838,4.696,4.837,18084400.0
2026-07-15,4.829,4.87,4.819,4.838,7220327.0
2026-07-16,4.775,4.825,4.724,4.753,16578228.0
2026-07-17,4.72,4.73,4.546,4.589,31647757.0
2026-07-20,4.63,4.685,4.577,4.65,40104538.0
2026-07-21,4.677,4.789,4.617,4.787,27388321.0
2026-07-22,4.75,4.823,4.75,4.765,12650379.0
2026-07-23,4.774,4.795,4.755,4.787,5811786.0
2026-07-24,4.75,4.759,4.699,4.701,10247632.0
2026-07-27,4.702,4.758,4.674,4.753,9715927.0
2026-07-28,4.69,4.7,4.609,4.627,16853987.0
2026-07-29,4.624,4.686,4.574,4.657,15092027.0
2026-07-30,4.63,4.655,4.536,4.605,15120389.0
2026-07-31,4.68,4.703,4.644,4.653,15016263.0
2026-08-03,4.624,4.638,4.591,4.599,9263921.0
2026-08-04,4.618,4.672,4.615,4.651,11730429.0
2026-08-05,4.62,4.737,4.613,4.714,14245658.0
2026-08-06,4.688,4.731,4.668,4.709,8783560.0
2026-08-07,4.706,4.764,4.706,4.751,9435356.0
2026-08-10,4.755,4.772,4.72,4.759,5610852.0
2026-08-11,4.75,4.775,4.722,4.728,5353219.0
2026-08-12,4.727,4.759,4.72,4.748,9010137.0
2026-08-13,4.77,4.786,4.725,4.729,9155827.0
2026-08-14,4.737,4.742,4.701,4.726,6859530.0
2026-08-17,4.73,4.802,4.725,4.801,8356561.0
2026-08-18,4.794,4.803,4.751,4.787,6576444.0
2026-08-19,4.748,4.749,4.627,4.654,15327229.0
2026-08-20,4.67,4.689,4.632,4.653,7488663.0
2026-08-21,4.648,4.693,4.641,4.68,7273846.0
2026-08-24,4.678,4.692,4.593,4.627,9229738.0
2026-08-25,4.601,4.639,4.587,4.616,7452568.0
2026-08-26,4.615,4.68,4.611,4.652,8463209.0
2026-08-27,4.659,4.694,4.649,4.691,6419297.0
2026-08-28,4.684,4.706,4.675,4.679,6046933.0
2026-08-31,4.64,4.692,4.618,4.685,6731265.0
2026-09-01,4.683,4.705,4.666,4.684,8467983.0
2026-09-02,4.65,4.654,4.601,4.62,6364598.0
2026-09-03,4.631,4.65,4.605,4.621,4981830.0
2026-09-04,4.637,4.672,4.599,4.616,8414655.0
2026-09-07,4.635,4.649,4.612,4.634,9930783.0
2026-09-08,4.638,4.657,4.61,4.624,6125122.0
2026-09-09,4.638,4.648,4.613,4.637,5732887.0
2026-09-10,4.617,4.64,4.599,4.617,4388541.0
2026-09-11,4.592,4.592,4.532,4.579,9666652.0
2026-09-14,4.551,4.574,4.538,4.552,6291774.0
2026-09-15,4.541,4.568,4.515,4.523,6973418.0
2026-09-16,4.522,4.555,4.485,4.55,9687597.0
2026-09-17,4.54,4.57,4.52,4.53,4590123.0
