date,open,high,low,close,volume
2016-11-03,5.487,5.57,5.485,5.53,108389.0
2016-11-04,5.516,5.553,5.502,5.512,78242.0
2016-11-07,5.505,5.534,5.492,5.516,102667.0
2016-11-08,5.527,5.567,5.526,5.556,208551.0
2016-11-09,5.556,5.563,5.444,5.501,266876.0
2016-11-10,5.544,5.588,5.544,5.588,159776.0
2016-11-11,5.583,5.639,5.573,5.635,168747.0
2016-11-14,5.626,5.688,5.618,5.647,169334.0
2016-11-15,5.661,5.677,5.638,5.669,171491.0
2016-11-16,5.673,5.695,5.67,5.675,53952.0
2016-11-17,5.669,5.684,5.64,5.676,98764.0
2016-11-18,5.676,5.681,5.633,5.648,58227.0
2016-11-21,5.644,5.695,5.63,5.647,106847.0
2016-11-22,5.651,5.706,5.651,5.702,101603.0
2016-11-23,5.714,5.715,5.657,5.664,94522.0
2016-11-24,5.656,5.688,5.64,5.653,147759.0
2016-11-25,5.654,5.691,5.575,5.682,191800.0
2016-11-28,5.688,5.726,5.678,5.699,95682.0
2016-11-29,5.698,5.711,5.657,5.664,123595.0
2016-11-30,5.653,5.662,5.61,5.627,163162.0
2016-12-01,5.626,5.668,5.626,5.662,170339.0
2016-12-02,5.64,5.659,5.565,5.566,155824.0
2016-12-05,5.522,5.568,5.504,5.527,169860.0
2016-12-06,5.541,5.561,5.53,5.535,84948.0
2016-12-07,5.535,5.607,5.532,5.606,74265.0
2016-12-08,5.6,5.605,5.571,5.576,63560.0
2016-12-09,5.558,5.581,5.554,5.56,95537.0
2016-12-12,5.548,5.572,5.314,5.32,401528.0
2016-12-13,5.319,5.351,5.267,5.337,213071.0
2016-12-14,5.337,5.355,5.289,5.302,139453.0
2016-12-15,5.295,5.372,5.276,5.337,160424.0
2016-12-16,5.337,5.385,5.329,5.374,121683.0
2016-12-19,5.377,5.389,5.352,5.379,215356.0
2016-12-20,5.379,5.386,5.33,5.354,77951.0
2016-12-21,5.362,5.405,5.362,5.401,125834.0
2016-12-22,5.396,5.404,5.37,5.392,85704.0
2016-12-23,5.392,5.398,5.343,5.351,76526.0
2016-12-26,5.351,5.356,5.275,5.353,195441.0
2016-12-27,5.356,5.372,5.348,5.364,158096.0
2016-12-28,5.354,5.364,5.324,5.337,103677.0
2016-12-29,5.317,5.356,5.317,5.334,69761.0
2016-12-30,5.322,5.354,5.317,5.332,86025.0
2017-01-03,5.336,5.391,5.336,5.382,66441.0
2017-01-04,5.384,5.461,5.365,5.453,162320.0
2017-01-05,5.453,5.462,5.443,5.45,83786.0
2017-01-06,5.441,5.45,5.42,5.423,62261.0
2017-01-09,5.416,5.469,5.413,5.468,59915.0
2017-01-10,5.468,5.474,5.439,5.446,81876.0
2017-01-11,5.452,5.459,5.391,5.399,89530.0
2017-01-12,5.397,5.405,5.325,5.329,140762.0
2017-01-13,5.33,5.345,5.257,5.266,205577.0
2017-01-16,5.262,5.262,4.97,5.105,214418.0
2017-01-17,5.107,5.155,5.042,5.153,141414.0
2017-01-18,5.153,5.186,5.126,5.157,301667.0
2017-01-19,5.148,5.167,5.12,5.138,180682.0
2017-01-20,5.12,5.218,5.12,5.208,171704.0
2017-01-23,5.195,5.264,5.195,5.262,119904.0
2017-01-24,5.251,5.267,5.229,5.238,78741.0
2017-01-25,5.22,5.27,5.22,5.26,49481.0
2017-01-26,5.269,5.299,5.262,5.298,47475.0
2017-02-03,5.299,5.315,5.256,5.28,69967.0
2017-02-06,5.281,5.33,5.268,5.329,75507.0
2017-02-07,5.319,5.33,5.283,5.32,107213.0
2017-02-08,5.312,5.359,5.282,5.358,58064.0
2017-02-09,5.361,5.391,5.345,5.386,69203.0
2017-02-10,5.393,5.408,5.379,5.399,98175.0
2017-02-13,5.406,5.424,5.386,5.421,104930.0
2017-02-14,5.419,5.431,5.399,5.426,88102.0
2017-02-15,5.422,5.436,5.365,5.372,68904.0
2017-02-16,5.37,5.422,5.369,5.409,85992.0
2017-02-17,5.408,5.423,5.358,5.369,73543.0
2017-02-20,5.369,5.448,5.368,5.444,62009.0
2017-02-21,5.432,5.494,5.432,5.489,89040.0
2017-02-22,5.499,5.523,5.477,5.516,176141.0
2017-02-23,5.517,5.529,5.488,5.525,78809.0
2017-02-24,5.521,5.527,5.5,5.527,103509.0
2017-02-27,5.516,5.527,5.47,5.478,92902.0
2017-02-28,5.478,5.5,5.464,5.498,85565.0
2017-03-01,5.489,5.539,5.485,5.517,204829.0
2017-03-02,5.509,5.532,5.476,5.489,134971.0
2017-03-03,5.461,5.513,5.454,5.502,139529.0
2017-03-06,5.532,5.564,5.505,5.558,161567.0
2017-03-07,5.553,5.578,5.532,5.573,125484.0
2017-03-08,5.558,5.59,5.536,5.551,68834.0
2017-03-09,5.549,5.549,5.478,5.481,109504.0
2017-03-10,5.48,5.513,5.48,5.499,99091.0
2017-03-13,5.492,5.564,5.463,5.563,126199.0
2017-03-14,5.565,5.568,5.524,5.535,123167.0
2017-03-15,5.528,5.546,5.513,5.53,110068.0
2017-03-16,5.536,5.592,5.532,5.583,217857.0
2017-03-17,5.588,5.594,5.521,5.523,239094.0
2017-03-20,5.521,5.543,5.499,5.543,122933.0
2017-03-21,5.539,5.57,5.524,5.568,143384.0
2017-03-22,5.563,5.563,5.505,5.546,116739.0
2017-03-23,5.542,5.585,5.5,5.558,115342.0
2017-03-24,5.558,5.605,5.544,5.596,153329.0
2017-03-27,5.596,5.602,5.558,5.56,106496.0
2017-03-28,5.557,5.571,5.533,5.547,155322.0
2017-03-29,5.543,5.565,5.504,5.527,208954.0
2017-03-30,5.509,5.522,5.432,5.438,288311.0
2017-03-31,5.432,5.46,5.426,5.449,225082.0
2017-04-05,5.493,5.606,5.493,5.599,305948.0
2017-04-06,5.6,5.606,5.572,5.598,133714.0
2017-04-07,5.598,5.631,5.576,5.608,268233.0
2017-04-10,5.604,5.625,5.592,5.602,195809.0
2017-04-11,5.601,5.67,5.564,5.669,150921.0
2017-04-12,5.67,5.677,5.613,5.622,140865.0
2017-04-13,5.617,5.673,5.608,5.657,90348.0
2017-04-14,5.653,5.657,5.574,5.577,210633.0
2017-04-17,5.562,5.563,5.499,5.509,184407.0
2017-04-18,5.5,5.544,5.472,5.482,122261.0
2017-04-19,5.459,5.469,5.365,5.413,405139.0
2017-04-20,5.417,5.439,5.378,5.411,228585.0
2017-04-21,5.405,5.43,5.365,5.375,158051.0
2017-04-24,5.359,5.36,5.218,5.22,870702.0
2017-04-25,5.22,5.276,5.22,5.237,195797.0
2017-04-26,5.232,5.269,5.225,5.248,84958.0
2017-04-27,5.237,5.28,5.145,5.268,314393.0
2017-04-28,5.267,5.289,5.251,5.287,132021.0
2017-05-02,5.286,5.29,5.263,5.281,151297.0
2017-05-03,5.276,5.303,5.255,5.276,79205.0
2017-05-04,5.264,5.313,5.235,5.249,122499.0
2017-05-05,5.24,5.245,5.182,5.185,316459.0
2017-05-08,5.179,5.179,5.078,5.082,387823.0
2017-05-09,5.068,5.106,5.026,5.103,257398.0
2017-05-10,5.101,5.126,4.998,5.0,287336.0
2017-05-11,4.992,4.993,4.849,4.984,786633.0
2017-05-12,4.974,4.984,4.926,4.969,271878.0
2017-05-15,4.98,5.023,4.98,4.996,155600.0
2017-05-16,4.998,5.117,4.943,5.109,360260.0
2017-05-17,5.109,5.154,5.101,5.124,264928.0
2017-05-18,5.089,5.129,5.063,5.072,274262.0
2017-05-19,5.072,5.09,5.047,5.07,136616.0
2017-05-22,5.068,5.091,4.983,4.99,277141.0
2017-05-23,4.989,4.999,4.884,4.893,281088.0
2017-05-24,4.876,4.918,4.804,4.916,556653.0
2017-05-25,4.918,4.979,4.854,4.956,604291.0
2017-05-26,4.956,4.988,4.938,4.96,380832.0
2017-05-31,5.024,5.048,4.928,4.931,455356.0
2017-06-01,4.923,4.931,4.834,4.835,317097.0
2017-06-02,4.815,4.908,4.787,4.894,746022.0
2017-06-05,4.91,4.952,4.906,4.925,538510.0
2017-06-06,4.916,4.959,4.898,4.95,311995.0
2017-06-07,4.952,5.068,4.943,5.066,680496.0
2017-06-08,5.067,5.074,5.043,5.063,323601.0
2017-06-09,5.062,5.091,5.035,5.083,486958.0
2017-06-12,5.062,5.062,5.009,5.015,320646.0
2017-06-13,5.009,5.107,5.008,5.092,461280.0
2017-06-14,5.092,5.104,5.066,5.074,226860.0
2017-06-15,5.069,5.137,5.065,5.123,301404.0
2017-06-16,5.126,5.136,5.11,5.119,183592.0
2017-06-19,5.12,5.167,5.11,5.159,381276.0
2017-06-20,5.165,5.201,5.162,5.176,358035.0
2017-06-21,5.179,5.186,5.142,5.186,350184.0
2017-06-22,5.192,5.209,5.104,5.106,421110.0
2017-06-23,5.111,5.125,5.045,5.123,538771.0
2017-06-26,5.122,5.226,5.118,5.223,455130.0
2017-06-27,5.227,5.233,5.19,5.208,300929.0
2017-06-28,5.197,5.222,5.181,5.191,369364.0
2017-06-29,5.192,5.248,5.192,5.224,398893.0
2017-06-30,5.22,5.255,5.193,5.241,268757.0
2017-07-03,5.238,5.286,5.234,5.279,283060.0
2017-07-04,5.276,5.277,5.234,5.255,225589.0
2017-07-05,5.251,5.295,5.24,5.29,348158.0
2017-07-06,5.29,5.308,5.247,5.29,441060.0
2017-07-07,5.277,5.336,5.274,5.326,146766.0
2017-07-10,5.326,5.342,5.288,5.307,205020.0
2017-07-11,5.303,5.303,5.241,5.244,185277.0
2017-07-12,5.232,5.288,5.163,5.236,664598.0
2017-07-13,5.232,5.273,5.22,5.242,554472.0
2017-07-14,5.243,5.249,5.207,5.227,324305.0
2017-07-17,5.21,5.213,4.999,5.007,948465.0
2017-07-18,4.996,5.058,4.98,5.056,445257.0
2017-07-19,5.046,5.183,5.033,5.179,301127.0
2017-07-20,5.174,5.223,5.167,5.205,322814.0
2017-07-21,5.191,5.239,5.191,5.225,410813.0
2017-07-24,5.224,5.283,5.222,5.269,288882.0
2017-07-25,5.27,5.273,5.22,5.267,174490.0
2017-07-26,5.258,5.268,5.222,5.256,154485.0
2017-07-27,5.252,5.31,5.212,5.292,235040.0
2017-07-28,5.275,5.344,5.275,5.324,251334.0
2017-07-31,5.323,5.406,5.303,5.402,312204.0
2017-08-01,5.404,5.404,5.367,5.386,199596.0
2017-08-02,5.387,5.413,5.348,5.36,286409.0
2017-08-03,5.351,5.399,5.345,5.363,237447.0
2017-08-04,5.356,5.404,5.324,5.33,349620.0
2017-08-07,5.317,5.414,5.317,5.411,278900.0
2017-08-08,5.411,5.427,5.386,5.405,214593.0
2017-08-09,5.403,5.452,5.392,5.443,179866.0
2017-08-10,5.434,5.441,5.35,5.395,330918.0
2017-08-11,5.375,5.386,5.265,5.287,468022.0
2017-08-14,5.269,5.405,5.269,5.402,367029.0
2017-08-15,5.391,5.416,5.374,5.406,238315.0
2017-08-16,5.402,5.424,5.363,5.413,170652.0
2017-08-17,5.41,5.473,5.406,5.47,302684.0
2017-08-18,5.445,5.46,5.426,5.445,311771.0
2017-08-21,5.46,5.503,5.449,5.502,171601.0
2017-08-22,5.496,5.498,5.464,5.478,203205.0
2017-08-23,5.467,5.479,5.411,5.433,170302.0
2017-08-24,5.432,5.438,5.38,5.39,196956.0
2017-08-25,5.389,5.465,5.388,5.451,485972.0
2017-08-28,5.461,5.544,5.449,5.517,674059.0
2017-08-29,5.517,5.533,5.48,5.497,282979.0
2017-08-30,5.496,5.557,5.488,5.538,267383.0
2017-08-31,5.539,5.567,5.523,5.558,214562.0
2017-09-01,5.561,5.623,5.543,5.619,425491.0
2017-09-04,5.618,5.658,5.605,5.644,385679.0
2017-09-05,5.644,5.657,5.609,5.648,237228.0
2017-09-06,5.634,5.69,5.618,5.681,167991.0
2017-09-07,5.681,5.695,5.628,5.637,188499.0
2017-09-08,5.635,5.688,5.618,5.656,219129.0
2017-09-11,5.657,5.731,5.644,5.729,305686.0
2017-09-12,5.735,5.795,5.705,5.716,303712.0
2017-09-13,5.71,5.758,5.702,5.757,191928.0
2017-09-14,5.754,5.778,5.717,5.743,258239.0
2017-09-15,5.737,5.743,5.671,5.696,289539.0
2017-09-18,5.695,5.755,5.688,5.754,242899.0
2017-09-19,5.751,5.766,5.681,5.702,342832.0
2017-09-20,5.653,5.766,5.653,5.764,222775.0
2017-09-21,5.76,5.764,5.681,5.693,265099.0
2017-09-22,5.67,5.675,5.619,5.647,244042.0
2017-09-25,5.635,5.653,5.567,5.574,303032.0
2017-09-26,5.573,5.606,5.565,5.6,237670.0
2017-09-27,5.6,5.668,5.599,5.654,224251.0
2017-09-28,5.653,5.682,5.626,5.656,117743.0
2017-09-29,5.656,5.699,5.654,5.693,146079.0
2017-10-09,5.771,5.81,5.724,5.757,360694.0
2017-10-10,5.766,5.78,5.733,5.777,181626.0
2017-10-11,5.778,5.78,5.736,5.743,248028.0
2017-10-12,5.738,5.752,5.698,5.731,191469.0
2017-10-13,5.723,5.782,5.723,5.779,241539.0
2017-10-16,5.784,5.784,5.688,5.69,348346.0
2017-10-17,5.681,5.723,5.668,5.681,186159.0
2017-10-18,5.686,5.702,5.642,5.65,223921.0
2017-10-19,5.647,5.651,5.578,5.589,301868.0
2017-10-20,5.572,5.652,5.568,5.649,315183.0
2017-10-23,5.645,5.695,5.544,5.69,377877.0
2017-10-24,5.686,5.688,5.64,5.684,295492.0
2017-10-25,5.684,5.729,5.665,5.718,336629.0
2017-10-26,5.714,5.764,5.696,5.729,284328.0
2017-10-27,5.729,5.739,5.695,5.716,232862.0
2017-10-30,5.708,5.709,5.56,5.591,363838.0
2017-10-31,5.587,5.64,5.576,5.634,290648.0
2017-11-01,5.633,5.668,5.617,5.619,288060.0
2017-11-02,5.615,5.615,5.557,5.56,231905.0
2017-11-03,5.562,5.581,5.484,5.508,295220.0
2017-11-06,5.509,5.595,5.496,5.59,262889.0
2017-11-07,5.59,5.626,5.574,5.625,280244.0
2017-11-08,5.626,5.682,5.617,5.636,246448.0
2017-11-09,5.636,5.687,5.636,5.686,228878.0
2017-11-10,5.681,5.723,5.661,5.705,377351.0
2017-11-13,5.708,5.733,5.693,5.732,362859.0
2017-11-14,5.736,5.738,5.67,5.688,349702.0
2017-11-15,5.678,5.679,5.593,5.613,235165.0
2017-11-16,5.61,5.646,5.594,5.629,461569.0
2017-11-17,5.629,5.632,5.456,5.469,380804.0
2017-11-20,5.453,5.521,5.345,5.514,359246.0
2017-11-21,5.514,5.553,5.48,5.538,305210.0
2017-11-22,5.538,5.578,5.481,5.513,346049.0
2017-11-23,5.509,5.513,5.362,5.366,317667.0
2017-11-24,5.354,5.414,5.347,5.378,269302.0
2017-11-27,5.373,5.387,5.299,5.301,202418.0
2017-11-28,5.299,5.393,5.296,5.391,456687.0
2017-11-29,5.393,5.437,5.342,5.409,444215.0
2017-11-30,5.399,5.419,5.356,5.37,257549.0
2017-12-01,5.373,5.433,5.365,5.409,334194.0
2017-12-04,5.388,5.436,5.364,5.376,231725.0
2017-12-05,5.357,5.379,5.222,5.25,430217.0
2017-12-06,5.261,5.276,5.184,5.276,391935.0
2017-12-07,5.26,5.29,5.238,5.241,316513.0
2017-12-08,5.242,5.328,5.241,5.303,384801.0
2017-12-11,5.317,5.391,5.317,5.387,210758.0
2017-12-12,5.388,5.393,5.334,5.337,202747.0
2017-12-13,5.338,5.389,5.328,5.387,201403.0
2017-12-14,5.386,5.405,5.353,5.4,227313.0
2017-12-15,5.401,5.407,5.322,5.354,203871.0
2017-12-18,5.354,5.373,5.299,5.31,211331.0
2017-12-19,5.314,5.361,5.314,5.355,240756.0
2017-12-20,5.356,5.356,5.309,5.311,257763.0
2017-12-21,5.296,5.372,5.274,5.344,488364.0
2017-12-22,5.334,5.382,5.334,5.344,255339.0
2017-12-25,5.356,5.365,5.282,5.291,311533.0
2017-12-26,5.292,5.334,5.273,5.329,335938.0
2017-12-27,5.328,5.337,5.271,5.276,257924.0
2017-12-28,5.268,5.331,5.267,5.306,224593.0
2017-12-29,5.306,5.365,5.306,5.364,235606.0
2018-01-02,5.382,5.443,5.371,5.441,525742.0
2018-01-03,5.442,5.491,5.432,5.478,351533.0
2018-01-04,5.478,5.501,5.466,5.501,428531.0
2018-01-05,5.502,5.524,5.48,5.511,292916.0
2018-01-08,5.512,5.545,5.489,5.538,278509.0
2018-01-09,5.535,5.537,5.514,5.533,231363.0
2018-01-10,5.53,5.53,5.467,5.503,293337.0
2018-01-11,5.487,5.526,5.47,5.517,206756.0
2018-01-12,5.509,5.52,5.478,5.488,318596.0
2018-01-15,5.474,5.484,5.347,5.362,427236.0
2018-01-16,5.358,5.439,5.354,5.392,464684.0
2018-01-17,5.393,5.395,5.309,5.359,607058.0
2018-01-18,5.348,5.406,5.345,5.381,309543.0
2018-01-19,5.374,5.415,5.358,5.365,340980.0
2018-01-22,5.358,5.447,5.338,5.438,677732.0
2018-01-23,5.443,5.465,5.423,5.446,420143.0
2018-01-24,5.448,5.5,5.426,5.49,851393.0
2018-01-25,5.492,5.516,5.48,5.482,567946.0
2018-01-26,5.48,5.501,5.467,5.487,331980.0
2018-01-29,5.482,5.504,5.399,5.411,498713.0
2018-01-30,5.411,5.432,5.397,5.41,293135.0
2018-01-31,5.392,5.392,5.284,5.287,447349.0
2018-02-01,5.287,5.313,5.111,5.117,864195.0
2018-02-02,5.103,5.129,4.98,5.114,1267488.0
2018-02-05,5.049,5.129,5.024,5.104,541419.0
2018-02-06,5.015,5.052,4.846,4.856,827309.0
2018-02-07,4.94,4.971,4.781,4.862,735215.0
2018-02-08,4.862,4.933,4.833,4.908,676477.0
2018-02-09,4.762,4.828,4.665,4.706,2130361.0
2018-02-12,4.727,4.873,4.727,4.844,698404.0
2018-02-13,4.858,4.923,4.858,4.877,367857.0
2018-02-14,4.882,4.895,4.849,4.894,258543.0
2018-02-22,4.927,5.006,4.925,5.004,380812.0
2018-02-23,5.0,5.026,4.976,5.012,375252.0
2018-02-26,5.042,5.163,5.037,5.158,870130.0
2018-02-27,5.159,5.168,5.121,5.132,580360.0
2018-02-28,5.09,5.17,5.073,5.134,523387.0
2018-03-01,5.124,5.216,5.085,5.21,492662.0
2018-03-02,5.186,5.203,5.165,5.183,353964.0
2018-03-05,5.183,5.208,5.139,5.176,380004.0
2018-03-06,5.184,5.253,5.179,5.251,458173.0
2018-03-07,5.255,5.255,5.195,5.198,359231.0
2018-03-08,5.193,5.251,5.181,5.248,327954.0
2018-03-09,5.25,5.327,5.242,5.324,495397.0
2018-03-12,5.353,5.392,5.33,5.386,1345204.0
2018-03-13,5.386,5.39,5.348,5.359,549054.0
2018-03-14,5.348,5.36,5.281,5.286,584281.0
2018-03-15,5.269,5.313,5.218,5.276,695433.0
2018-03-16,5.28,5.31,5.242,5.244,358217.0
2018-03-19,5.277,5.301,5.227,5.266,344770.0
2018-03-20,5.213,5.283,5.172,5.269,396518.0
2018-03-21,5.275,5.324,5.22,5.222,528006.0
2018-03-22,5.23,5.263,5.181,5.221,334321.0
2018-03-23,5.098,5.098,4.863,4.93,968589.0
2018-03-26,4.869,5.049,4.827,5.036,1542441.0
2018-03-27,5.07,5.162,5.068,5.159,663261.0
2018-03-28,5.076,5.141,5.076,5.097,722665.0
2018-03-29,5.101,5.161,5.079,5.154,811659.0
2018-03-30,5.167,5.237,5.167,5.227,824116.0
2018-04-02,5.242,5.279,5.212,5.22,463298.0
2018-04-03,5.154,5.188,5.126,5.175,493660.0
2018-04-04,5.179,5.216,5.122,5.13,307397.0
2018-04-09,5.124,5.19,5.076,5.138,411243.0
2018-04-10,5.138,5.185,5.111,5.181,513057.0
2018-04-11,5.189,5.225,5.184,5.191,473710.0
2018-04-12,5.189,5.207,5.147,5.161,457910.0
2018-04-13,5.185,5.206,5.126,5.143,462246.0
2018-04-16,5.138,5.169,5.08,5.126,584662.0
2018-04-17,5.135,5.161,5.019,5.028,618083.0
2018-04-18,5.066,5.108,4.963,5.087,951340.0
2018-04-19,5.086,5.16,5.081,5.113,552132.0
2018-04-20,5.11,5.11,5.002,5.016,790266.0
2018-04-23,5.022,5.048,4.901,4.958,729291.0
2018-04-24,4.964,5.085,4.964,5.071,781692.0
2018-04-25,5.063,5.089,5.049,5.076,414102.0
2018-04-26,5.081,5.085,4.973,4.979,577027.0
2018-04-27,5.008,5.021,4.952,5.002,669379.0
2018-05-02,5.013,5.039,4.953,4.988,391063.0
2018-05-03,4.958,5.05,4.918,5.041,859939.0
2018-05-04,5.036,5.065,5.021,5.037,695136.0
2018-05-07,5.04,5.152,5.04,5.142,609601.0
2018-05-08,5.155,5.169,5.132,5.168,383403.0
2018-05-09,5.172,5.172,5.13,5.146,363061.0
2018-05-10,5.148,5.18,5.117,5.169,347788.0
2018-05-11,5.175,5.179,5.116,5.125,316039.0
2018-05-14,5.125,5.148,5.08,5.099,495101.0
2018-05-15,5.103,5.154,5.09,5.152,698137.0
2018-05-16,5.142,5.168,5.123,5.138,457107.0
2018-05-17,5.138,5.145,5.094,5.103,488457.0
2018-05-18,5.1,5.14,5.064,5.138,517295.0
2018-05-21,5.154,5.214,5.154,5.2,872384.0
2018-05-22,5.197,5.224,5.171,5.222,506056.0
2018-05-23,5.219,5.219,5.142,5.148,729503.0
2018-05-24,5.148,5.165,5.12,5.131,373937.0
2018-05-25,5.131,5.131,5.047,5.057,470722.0
2018-05-28,5.054,5.09,5.013,5.047,521797.0
2018-05-29,5.041,5.071,4.97,4.979,472390.0
2018-05-30,4.924,4.935,4.849,4.856,750825.0
2018-05-31,4.883,4.93,4.846,4.918,710125.0
2018-06-01,4.904,4.911,4.822,4.856,685086.0
2018-06-04,4.867,4.883,4.824,4.855,486636.0
2018-06-05,4.853,4.945,4.853,4.944,550145.0
2018-06-06,4.941,4.944,4.914,4.938,1009116.0
2018-06-07,4.95,4.97,4.894,4.91,525575.0
2018-06-08,4.902,4.903,4.815,4.845,711008.0
2018-06-11,4.839,4.849,4.787,4.813,608370.0
2018-06-12,4.815,4.866,4.778,4.856,778656.0
2018-06-13,4.849,4.849,4.774,4.781,648252.0
2018-06-14,4.771,4.816,4.75,4.773,722948.0
2018-06-15,4.772,4.776,4.631,4.681,1168962.0
2018-06-19,4.618,4.618,4.285,4.36,2005047.0
2018-06-20,4.341,4.429,4.314,4.402,1442879.0
2018-06-21,4.403,4.457,4.309,4.317,1940238.0
2018-06-22,4.291,4.388,4.254,4.378,991003.0
2018-06-25,4.404,4.419,4.331,4.334,749641.0
2018-06-26,4.308,4.394,4.281,4.375,948547.0
2018-06-27,4.375,4.405,4.304,4.311,763496.0
2018-06-28,4.307,4.376,4.271,4.276,836407.0
2018-06-29,4.291,4.449,4.282,4.44,1349808.0
2018-07-02,4.439,4.46,4.316,4.362,1125680.0
2018-07-03,4.367,4.429,4.284,4.412,1787770.0
2018-07-04,4.398,4.398,4.328,4.347,952401.0
2018-07-05,4.341,4.35,4.218,4.221,1007082.0
2018-07-06,4.218,4.299,4.143,4.223,1309924.0
2018-07-09,4.244,4.343,4.243,4.341,817787.0
2018-07-10,4.343,4.376,4.314,4.367,452621.0
2018-07-11,4.285,4.308,4.22,4.277,2690445.0
2018-07-12,4.276,4.423,4.276,4.413,1520153.0
2018-07-13,4.412,4.439,4.393,4.425,553886.0
2018-07-16,4.428,4.449,4.392,4.43,699098.0
2018-07-17,4.43,4.43,4.357,4.414,765825.0
2018-07-18,4.422,4.454,4.388,4.391,580060.0
2018-07-19,4.387,4.41,4.319,4.351,752067.0
2018-07-20,4.328,4.429,4.319,4.409,1189524.0
2018-07-23,4.386,4.45,4.37,4.445,787437.0
2018-07-24,4.451,4.546,4.447,4.526,1986404.0
2018-07-25,4.526,4.553,4.513,4.527,662521.0
2018-07-26,4.528,4.537,4.481,4.498,759909.0
2018-07-27,4.485,4.512,4.45,4.473,789404.0
2018-07-30,4.473,4.482,4.39,4.4,1033400.0
2018-07-31,4.399,4.446,4.378,4.41,693828.0
2018-08-01,4.418,4.471,4.331,4.335,1121054.0
2018-08-02,4.327,4.333,4.134,4.226,1620096.0
2018-08-03,4.223,4.255,4.181,4.182,1617067.0
2018-08-06,4.174,4.184,4.062,4.086,1777185.0
2018-08-07,4.095,4.204,4.058,4.196,1261549.0
2018-08-08,4.178,4.189,4.116,4.138,896671.0
2018-08-09,4.11,4.273,4.11,4.252,1351364.0
2018-08-10,4.234,4.278,4.232,4.271,698826.0
2018-08-13,4.238,4.31,4.199,4.3,1091476.0
2018-08-14,4.291,4.294,4.251,4.277,534976.0
2018-08-15,4.273,4.274,4.174,4.184,883912.0
2018-08-16,4.151,4.195,4.071,4.144,823438.0
2018-08-17,4.177,4.195,4.052,4.063,713810.0
2018-08-20,4.064,4.099,4.01,4.088,1421923.0
2018-08-21,4.088,4.166,4.073,4.134,759994.0
2018-08-22,4.138,4.138,4.09,4.104,543383.0
2018-08-23,4.103,4.148,4.073,4.126,1033252.0
2018-08-24,4.107,4.139,4.084,4.109,652082.0
2018-08-27,4.12,4.225,4.12,4.221,1122634.0
2018-08-28,4.226,4.234,4.199,4.226,761709.0
2018-08-29,4.212,4.223,4.179,4.203,829121.0
2018-08-30,4.198,4.203,4.126,4.134,946639.0
2018-08-31,4.124,4.126,4.065,4.084,833794.0
2018-09-03,4.076,4.106,4.024,4.105,1363577.0
2018-09-04,4.093,4.164,4.087,4.137,987880.0
2018-09-05,4.127,4.141,4.075,4.079,915343.0
2018-09-06,4.064,4.115,4.037,4.058,795864.0
2018-09-07,4.07,4.134,4.02,4.051,1183112.0
2018-09-10,4.046,4.057,3.974,3.983,949761.0
2018-09-11,3.986,4.011,3.948,3.977,1143449.0
2018-09-12,3.977,4.005,3.951,3.963,764076.0
2018-09-13,4.006,4.046,3.927,3.988,1761063.0
2018-09-14,3.994,4.002,3.94,3.941,1012344.0
2018-09-17,3.924,3.924,3.867,3.889,808510.0
2018-09-18,3.877,3.962,3.864,3.952,1193475.0
2018-09-19,3.94,4.042,3.933,4.003,1546912.0
2018-09-20,4.007,4.031,3.994,4.003,785304.0
2018-09-21,4.008,4.088,3.991,4.086,1898552.0
2018-09-25,4.052,4.079,4.037,4.062,1062334.0
2018-09-26,4.057,4.115,4.046,4.071,1507937.0
2018-09-27,4.07,4.081,4.017,4.024,1118717.0
2018-09-28,4.025,4.085,4.011,4.083,1236921.0
2018-10-08,3.985,4.016,3.921,3.926,1195998.0
2018-10-09,3.929,3.959,3.893,3.913,798454.0
2018-10-10,3.915,3.941,3.868,3.912,1011844.0
2018-10-11,3.797,3.798,3.563,3.587,2444322.0
2018-10-12,3.581,3.602,3.459,3.571,1855875.0
2018-10-15,3.583,3.62,3.497,3.503,1120692.0
2018-10-16,3.504,3.528,3.398,3.431,1261126.0
2018-10-17,3.474,3.483,3.37,3.447,2495643.0
2018-10-18,3.425,3.425,3.349,3.363,1866176.0
2018-10-19,3.337,3.459,3.295,3.44,2283579.0
2018-10-22,3.54,3.698,3.496,3.664,4868186.0
2018-10-23,3.664,3.68,3.538,3.566,2816375.0
2018-10-24,3.555,3.609,3.522,3.555,1840143.0
2018-10-25,3.444,3.56,3.411,3.554,1923582.0
2018-10-26,3.561,3.607,3.52,3.535,2021065.0
2018-10-29,3.542,3.544,3.463,3.487,1180770.0
2018-10-30,3.473,3.559,3.418,3.523,1973818.0
2018-10-31,3.528,3.617,3.52,3.583,2789274.0
2018-11-01,3.623,3.683,3.607,3.611,3468342.0
2018-11-02,3.741,3.793,3.673,3.758,10144573.0
2018-11-05,3.736,3.769,3.662,3.737,3164849.0
2018-11-06,3.714,3.745,3.676,3.745,1898185.0
2018-11-07,3.746,3.784,3.704,3.706,2124923.0
2018-11-08,3.74,3.744,3.676,3.679,2056449.0
2018-11-09,3.663,3.703,3.653,3.68,1127520.0
2018-11-12,3.673,3.798,3.666,3.787,3341448.0
2018-11-13,3.741,3.896,3.734,3.87,4028415.0
2018-11-14,3.859,3.902,3.832,3.851,1872446.0
2018-11-15,3.847,3.927,3.844,3.926,2109414.0
2018-11-16,3.933,3.996,3.901,3.952,3075717.0
2018-11-19,3.946,3.974,3.899,3.954,3413854.0
2018-11-20,3.914,3.935,3.829,3.838,3361101.0
2018-11-21,3.783,3.87,3.776,3.848,2822254.0
2018-11-22,3.857,3.884,3.821,3.848,1998043.0
2018-11-23,3.838,3.844,3.664,3.668,3320887.0
2018-11-26,3.676,3.718,3.652,3.676,2573888.0
2018-11-27,3.697,3.721,3.673,3.697,1172536.0
2018-11-28,3.699,3.759,3.645,3.757,1690612.0
2018-11-29,3.78,3.805,3.662,3.673,1685833.0
2018-11-30,3.666,3.702,3.618,3.696,2019171.0
2018-12-03,3.808,3.845,3.773,3.826,3952136.0
2018-12-04,3.819,3.852,3.802,3.843,1714744.0
2018-12-05,3.785,3.851,3.77,3.815,2075419.0
2018-12-06,3.78,3.79,3.716,3.724,2026367.0
2018-12-07,3.728,3.749,3.719,3.725,784653.0
2018-12-10,3.704,3.714,3.666,3.674,1721519.0
2018-12-11,3.687,3.724,3.683,3.718,1146851.0
2018-12-12,3.732,3.744,3.706,3.708,1177218.0
2018-12-13,3.723,3.8,3.701,3.769,2104881.0
2018-12-14,3.761,3.762,3.671,3.68,2166463.0
2018-12-17,3.655,3.677,3.613,3.658,2225301.0
2018-12-18,3.636,3.671,3.588,3.628,2429859.0
2018-12-19,3.631,3.64,3.567,3.57,2091661.0
2018-12-20,3.568,3.604,3.556,3.594,1936707.0
2018-12-21,3.581,3.595,3.536,3.573,1767440.0
2018-12-24,3.566,3.614,3.549,3.607,1766464.0
2018-12-25,3.567,3.588,3.464,3.555,2604579.0
2018-12-26,3.549,3.579,3.52,3.541,1350330.0
2018-12-27,3.6,3.601,3.483,3.492,1608230.0
2018-12-28,3.501,3.534,3.484,3.497,1893485.0
2019-01-02,3.505,3.508,3.458,3.46,1669234.0
2019-01-03,3.466,3.524,3.446,3.451,1839144.0
2019-01-04,3.425,3.558,3.42,3.556,2545761.0
2019-01-07,3.57,3.635,3.55,3.624,2393274.0
2019-01-08,3.618,3.625,3.595,3.615,1289221.0
2019-01-09,3.627,3.688,3.61,3.612,3763301.0
2019-01-10,3.611,3.655,3.605,3.619,1720694.0
2019-01-11,3.618,3.652,3.594,3.64,1764024.0
2019-01-14,3.641,3.654,3.608,3.619,1059943.0
2019-01-15,3.618,3.685,3.601,3.675,2339332.0
2019-01-16,3.675,3.697,3.654,3.668,1576908.0
2019-01-17,3.67,3.68,3.631,3.636,1494420.0
2019-01-18,3.64,3.687,3.624,3.679,2232739.0
2019-01-21,3.685,3.726,3.677,3.694,2156889.0
2019-01-22,3.687,3.688,3.615,3.634,1832426.0
2019-01-23,3.623,3.652,3.618,3.639,1182888.0
2019-01-24,3.639,3.697,3.617,3.666,1870587.0
2019-01-25,3.664,3.692,3.644,3.646,1594828.0
2019-01-28,3.671,3.703,3.624,3.632,2033991.0
2019-01-29,3.626,3.626,3.523,3.579,2781116.0
2019-01-30,3.559,3.603,3.549,3.55,1811349.0
2019-01-31,3.551,3.582,3.491,3.525,3181748.0
2019-02-01,3.536,3.644,3.536,3.643,3716726.0
2019-02-11,3.645,3.733,3.643,3.73,2885534.0
2019-02-12,3.729,3.776,3.723,3.752,2683209.0
2019-02-13,3.754,3.846,3.742,3.828,3147949.0
2019-02-14,3.827,3.874,3.81,3.845,1969939.0
2019-02-15,3.831,3.859,3.807,3.816,2287034.0
2019-02-18,3.837,3.985,3.837,3.982,3267174.0
2019-02-19,3.985,4.021,3.916,3.962,3262645.0
2019-02-20,3.968,3.975,3.921,3.954,2237355.0
2019-02-21,3.958,4.054,3.94,3.958,3095152.0
2019-02-22,3.96,4.099,3.949,4.095,2301957.0
2019-02-25,4.167,4.399,4.13,4.395,5959892.0
2019-02-26,4.387,4.425,4.283,4.331,4551919.0
2019-02-27,4.325,4.366,4.24,4.293,3756737.0
2019-02-28,4.292,4.342,4.267,4.298,2457798.0
2019-03-01,4.318,4.361,4.256,4.354,3314269.0
2019-03-04,4.369,4.516,4.369,4.418,3779002.0
2019-03-05,4.409,4.562,4.397,4.558,3142584.0
2019-03-06,4.576,4.675,4.507,4.655,5901643.0
2019-03-07,4.656,4.767,4.457,4.696,4999213.0
2019-03-08,4.545,4.717,4.519,4.528,5874093.0
2019-03-11,4.537,4.711,4.537,4.708,4616363.0
2019-03-12,4.739,4.828,4.707,4.791,4356961.0
2019-03-13,4.784,4.786,4.636,4.669,5163459.0
2019-03-14,4.622,4.673,4.509,4.551,3261088.0
2019-03-15,4.575,4.676,4.56,4.605,3369459.0
2019-03-18,4.624,4.767,4.588,4.765,2997439.0
2019-03-19,4.768,4.795,4.725,4.755,1943708.0
2019-03-20,4.747,4.768,4.656,4.756,2628087.0
2019-03-21,4.758,4.88,4.756,4.813,3038769.0
2019-03-22,4.819,4.871,4.745,4.869,2830935.0
2019-03-25,4.77,4.858,4.77,4.793,2658882.0
2019-03-26,4.815,4.823,4.622,4.637,4013970.0
2019-03-27,4.67,4.704,4.601,4.699,2729907.0
2019-03-28,4.678,4.732,4.623,4.628,2092289.0
2019-03-29,4.629,4.806,4.609,4.799,4613344.0
2019-04-01,4.835,5.007,4.835,5.004,3073622.0
2019-04-02,5.068,5.069,4.972,5.0,3069028.0
2019-04-03,4.972,5.086,4.966,5.062,2466710.0
2019-04-04,5.093,5.122,5.035,5.112,2414183.0
2019-04-08,5.151,5.162,4.986,5.05,3317756.0
2019-04-09,5.042,5.092,5.02,5.074,2408957.0
2019-04-10,5.05,5.133,4.996,5.061,2373630.0
2019-04-11,5.06,5.08,4.963,4.968,2373490.0
2019-04-12,4.963,4.982,4.909,4.954,1931518.0
2019-04-15,5.022,5.047,4.877,4.883,2893085.0
2019-04-16,4.857,5.014,4.823,5.008,3206749.0
2019-04-17,5.009,5.062,4.974,5.018,2354938.0
2019-04-18,5.017,5.041,4.982,5.0,1430483.0
2019-04-19,4.992,5.049,4.934,5.046,1975160.0
2019-04-22,5.046,5.046,4.939,4.957,1694620.0
2019-04-23,4.944,4.953,4.848,4.856,1834967.0
2019-04-24,4.862,4.924,4.809,4.908,2889966.0
2019-04-25,4.882,4.896,4.715,4.719,2556665.0
2019-04-26,4.717,4.746,4.67,4.672,2765717.0
2019-04-29,4.675,4.684,4.522,4.547,5031659.0
2019-04-30,4.533,4.615,4.519,4.563,3239361.0
2019-05-06,4.37,4.413,4.161,4.198,6545422.0
2019-05-07,4.245,4.273,4.178,4.238,3980924.0
2019-05-08,4.16,4.315,4.143,4.218,3015325.0
2019-05-09,4.195,4.24,4.168,4.185,3083821.0
2019-05-10,4.236,4.352,4.128,4.34,4719726.0
2019-05-13,4.265,4.306,4.251,4.271,3063995.0
2019-05-14,4.243,4.295,4.238,4.252,2044044.0
2019-05-15,4.28,4.368,4.278,4.345,2212330.0
2019-05-16,4.342,4.397,4.326,4.388,4605870.0
2019-05-17,4.39,4.4,4.211,4.238,2231985.0
2019-05-20,4.217,4.246,4.134,4.203,2520385.0
2019-05-21,4.205,4.318,4.203,4.28,2771847.0
2019-05-22,4.278,4.292,4.221,4.265,1867643.0
2019-05-23,4.247,4.253,4.162,4.175,2016005.0
2019-05-24,4.172,4.191,4.136,4.15,2505343.0
2019-05-27,4.154,4.273,4.134,4.249,3475847.0
2019-05-28,4.252,4.288,4.228,4.239,2511804.0
2019-05-29,4.23,4.282,4.215,4.241,2883522.0
2019-05-30,4.221,4.231,4.164,4.227,1698991.0
2019-05-31,4.213,4.271,4.196,4.204,1781329.0
2019-06-03,4.223,4.247,4.15,4.168,1933544.0
2019-06-04,4.16,4.165,4.085,4.107,2805703.0
2019-06-05,4.143,4.152,4.089,4.092,2027018.0
2019-06-06,4.092,4.092,3.989,3.991,2754409.0
2019-06-10,4.004,4.074,3.985,4.037,2524702.0
2019-06-11,4.038,4.222,4.037,4.221,3302044.0
2019-06-12,4.208,4.222,4.161,4.172,2319751.0
2019-06-13,4.161,4.208,4.147,4.187,1756634.0
2019-06-14,4.187,4.203,4.107,4.118,1997274.0
2019-06-17,4.115,4.141,4.094,4.116,1805929.0
2019-06-18,4.118,4.136,4.081,4.106,1854095.0
2019-06-19,4.225,4.251,4.161,4.163,5925268.0
2019-06-20,4.16,4.293,4.147,4.258,5303990.0
2019-06-21,4.344,4.352,4.296,4.319,6065182.0
2019-06-24,4.323,4.331,4.287,4.318,2727518.0
2019-06-25,4.313,4.314,4.209,4.271,3534118.0
2019-06-26,4.238,4.298,4.233,4.271,1818248.0
2019-06-27,4.275,4.34,4.275,4.311,2558157.0
2019-06-28,4.3,4.304,4.235,4.266,2509670.0
2019-07-01,4.359,4.408,4.321,4.395,3853533.0
2019-07-02,4.384,4.395,4.363,4.378,2902432.0
2019-07-03,4.368,4.368,4.335,4.351,2267577.0
2019-07-04,4.354,4.378,4.305,4.331,1820810.0
2019-07-05,4.326,4.367,4.31,4.354,1579212.0
2019-07-08,4.33,4.334,4.176,4.187,3002781.0
2019-07-09,4.186,4.208,4.162,4.192,1922165.0
2019-07-10,4.2,4.216,4.155,4.166,1815378.0
2019-07-11,4.18,4.229,4.14,4.168,1971180.0
2019-07-12,4.159,4.199,4.151,4.189,1519530.0
2019-07-15,4.183,4.278,4.108,4.239,3752324.0
2019-07-16,4.228,4.257,4.224,4.251,1578106.0
2019-07-17,4.245,4.272,4.231,4.242,1388575.0
2019-07-18,4.226,4.228,4.175,4.176,1541243.0
2019-07-19,4.188,4.247,4.187,4.204,2403115.0
2019-07-22,4.203,4.215,4.101,4.117,2498027.0
2019-07-23,4.117,4.159,4.116,4.15,1587355.0
2019-07-24,4.165,4.23,4.165,4.193,2303978.0
2019-07-25,4.189,4.225,4.185,4.215,1717077.0
2019-07-26,4.203,4.232,4.189,4.225,1605048.0
2019-07-29,4.223,4.243,4.195,4.221,1351477.0
2019-07-30,4.222,4.29,4.22,4.248,1776255.0
2019-07-31,4.238,4.254,4.222,4.237,1817911.0
2019-08-01,4.218,4.232,4.184,4.204,1812652.0
2019-08-02,4.11,4.147,4.099,4.142,2821485.0
2019-08-05,4.121,4.166,4.091,4.093,2844717.0
2019-08-06,4.021,4.033,3.912,3.988,5295420.0
2019-08-07,4.009,4.016,3.966,3.969,2174898.0
2019-08-08,3.985,4.005,3.976,3.993,2093797.0
2019-08-09,4.008,4.024,3.946,3.952,2236318.0
2019-08-12,3.959,4.033,3.941,4.031,1871481.0
2019-08-13,3.99,4.007,3.975,4.002,1400694.0
2019-08-14,4.045,4.075,4.019,4.022,2161110.0
2019-08-15,3.939,4.055,3.935,4.043,2559557.0
2019-08-16,4.037,4.092,4.037,4.056,2364714.0
2019-08-19,4.092,4.223,4.092,4.22,2671226.0
2019-08-20,4.22,4.25,4.196,4.201,1999111.0
2019-08-21,4.2,4.222,4.187,4.209,1470567.0
2019-08-22,4.215,4.222,4.186,4.214,2135044.0
2019-08-23,4.213,4.235,4.192,4.216,1478181.0
2019-08-26,4.159,4.197,4.13,4.184,2156125.0
2019-08-27,4.203,4.311,4.203,4.252,2620115.0
2019-08-28,4.251,4.27,4.233,4.251,1420285.0
2019-08-29,4.257,4.282,4.236,4.264,1716677.0
2019-08-30,4.289,4.307,4.203,4.225,1659044.0
2019-09-02,4.224,4.354,4.219,4.333,2217971.0
2019-09-03,4.334,4.36,4.32,4.359,1819580.0
2019-09-04,4.355,4.434,4.345,4.429,2451989.0
2019-09-05,4.448,4.526,4.443,4.46,4071254.0
2019-09-06,4.467,4.49,4.436,4.474,1819527.0
2019-09-09,4.506,4.568,4.479,4.567,2592463.0
2019-09-10,4.564,4.574,4.518,4.562,2195854.0
2019-09-11,4.567,4.589,4.518,4.542,1880012.0
2019-09-12,4.544,4.578,4.516,4.555,1771875.0
2019-09-16,4.579,4.589,4.537,4.557,2025311.0
2019-09-17,4.544,4.544,4.443,4.454,2153737.0
2019-09-18,4.455,4.478,4.445,4.457,1579992.0
2019-09-19,4.458,4.505,4.44,4.501,1656646.0
2019-09-20,4.505,4.527,4.491,4.509,1980023.0
2019-09-23,4.501,4.501,4.443,4.489,2105835.0
2019-09-24,4.482,4.555,4.479,4.491,2385042.0
2019-09-25,4.466,4.469,4.41,4.414,1973007.0
2019-09-26,4.423,4.427,4.302,4.305,3014710.0
2019-09-27,4.313,4.353,4.311,4.326,1701922.0
2019-09-30,4.326,4.343,4.24,4.26,1619834.0
2019-10-08,4.275,4.324,4.268,4.271,1658717.0
2019-10-09,4.262,4.318,4.238,4.312,1802342.0
2019-10-10,4.309,4.374,4.299,4.363,1915680.0
2019-10-11,4.371,4.401,4.332,4.388,2291427.0
2019-10-14,4.409,4.473,4.409,4.442,2135990.0
2019-10-15,4.426,4.428,4.376,4.383,1251322.0
2019-10-16,4.391,4.413,4.354,4.355,1321251.0
2019-10-17,4.354,4.376,4.345,4.356,1097102.0
2019-10-18,4.357,4.382,4.279,4.291,1684938.0
2019-10-21,4.287,4.287,4.238,4.282,1584396.0
2019-10-22,4.287,4.341,4.281,4.326,1764354.0
2019-10-23,4.331,4.335,4.279,4.298,1191010.0
2019-10-24,4.295,4.302,4.258,4.289,1782781.0
2019-10-25,4.29,4.333,4.246,4.328,2113730.0
2019-10-28,4.371,4.395,4.347,4.393,3161633.0
2019-10-29,4.394,4.394,4.331,4.334,1684807.0
2019-10-30,4.319,4.32,4.271,4.276,1887917.0
2019-10-31,4.279,4.294,4.244,4.251,1400700.0
2019-11-01,4.245,4.301,4.23,4.296,2011202.0
2019-11-04,4.293,4.338,4.292,4.309,2041977.0
2019-11-05,4.311,4.373,4.296,4.344,2342516.0
2019-11-06,4.339,4.351,4.278,4.303,2087927.0
2019-11-07,4.295,4.352,4.291,4.333,1816963.0
2019-11-08,4.365,4.381,4.313,4.316,2222676.0
2019-11-11,4.291,4.292,4.203,4.208,2462020.0
2019-11-12,4.21,4.223,4.16,4.21,2070238.0
2019-11-13,4.209,4.216,4.183,4.21,1394739.0
2019-11-14,4.203,4.25,4.202,4.237,1604826.0
2019-11-15,4.237,4.269,4.205,4.209,1423942.0
2019-11-18,4.203,4.241,4.193,4.226,1348636.0
2019-11-19,4.226,4.305,4.221,4.3,2111232.0
2019-11-20,4.302,4.315,4.268,4.271,2351096.0
2019-11-21,4.26,4.298,4.247,4.278,1242763.0
2019-11-22,4.278,4.349,4.209,4.23,2627205.0
2019-11-25,4.227,4.247,4.19,4.233,1773135.0
2019-11-26,4.238,4.255,4.209,4.217,1853337.0
2019-11-27,4.205,4.271,4.203,4.238,1795077.0
2019-11-28,4.233,4.253,4.215,4.23,1441384.0
2019-11-29,4.228,4.248,4.184,4.23,2545989.0
2019-12-02,4.239,4.268,4.221,4.244,1727023.0
2019-12-03,4.221,4.265,4.205,4.264,1930684.0
2019-12-04,4.241,4.267,4.234,4.255,1467748.0
2019-12-05,4.265,4.313,4.258,4.299,2189917.0
2019-12-06,4.299,4.346,4.286,4.344,1887821.0
2019-12-09,4.347,4.368,4.333,4.354,1971446.0
2019-12-10,4.345,4.386,4.33,4.376,1727329.0
2019-12-11,4.373,4.377,4.336,4.358,1307427.0
2019-12-12,4.357,4.379,4.342,4.348,1661556.0
2019-12-13,4.387,4.425,4.366,4.413,2933508.0
2019-12-16,4.414,4.498,4.41,4.489,2728092.0
2019-12-17,4.489,4.588,4.483,4.566,2798608.0
2019-12-18,4.556,4.596,4.548,4.561,2065438.0
2019-12-19,4.561,4.586,4.546,4.574,1629712.0
2019-12-20,4.574,4.588,4.516,4.525,2492639.0
2019-12-23,4.506,4.519,4.408,4.412,2803112.0
2019-12-24,4.421,4.491,4.418,4.485,2007034.0
2019-12-25,4.478,4.515,4.474,4.506,2160385.0
2019-12-26,4.5,4.546,4.49,4.543,1860776.0
2019-12-27,4.548,4.578,4.502,4.504,1723508.0
2019-12-30,4.494,4.576,4.457,4.572,2117614.0
2019-12-31,4.562,4.598,4.549,4.592,1716813.0
2020-01-02,4.638,4.7,4.608,4.686,2355809.0
2020-01-03,4.686,4.715,4.675,4.696,1544940.0
2020-01-06,4.682,4.804,4.67,4.753,2222495.0
2020-01-07,4.752,4.822,4.752,4.82,2126563.0
2020-01-08,4.787,4.816,4.732,4.747,2525136.0
2020-01-09,4.787,4.813,4.768,4.812,2345136.0
2020-01-10,4.823,4.832,4.763,4.79,2034241.0
2020-01-13,4.793,4.88,4.755,4.877,2035441.0
2020-01-14,4.881,4.897,4.849,4.854,1880568.0
2020-01-15,4.847,4.856,4.802,4.838,1757654.0
2020-01-16,4.841,4.863,4.824,4.845,1946917.0
2020-01-17,4.851,4.866,4.801,4.815,2598360.0
2020-01-20,4.823,4.904,4.807,4.903,1695533.0
2020-01-21,4.884,4.888,4.818,4.841,2949044.0
2020-01-22,4.815,4.914,4.749,4.881,2731954.0
2020-01-23,4.829,4.861,4.643,4.684,4130191.0
2020-02-03,4.278,4.311,4.238,4.272,6585798.0
2020-02-04,4.272,4.368,4.224,4.351,5387835.0
2020-02-05,4.354,4.5,4.343,4.453,3153531.0
2020-02-06,4.465,4.621,4.419,4.597,2942719.0
2020-02-07,4.592,4.648,4.556,4.645,2257387.0
2020-02-10,4.628,4.696,4.606,4.694,2794289.0
2020-02-11,4.692,4.707,4.641,4.671,2076757.0
2020-02-12,4.663,4.775,4.653,4.774,1923134.0
2020-02-13,4.767,4.784,4.714,4.728,2053852.0
2020-02-14,4.71,4.784,4.694,4.734,2122844.0
2020-02-17,4.757,4.911,4.757,4.908,3927560.0
2020-02-18,4.911,4.954,4.875,4.951,4065521.0
2020-02-19,4.949,4.967,4.898,4.908,2725918.0
2020-02-20,4.91,5.02,4.885,5.007,2697016.0
2020-02-21,4.993,5.122,4.991,5.093,3002605.0
2020-02-24,5.073,5.169,5.04,5.144,3061517.0
2020-02-25,5.056,5.194,4.949,5.18,3098406.0
2020-02-26,5.11,5.16,5.025,5.039,2850427.0
2020-02-27,5.046,5.109,4.994,5.037,2554707.0
2020-02-28,4.903,4.939,4.76,4.767,5454975.0
2020-03-02,4.81,4.983,4.81,4.956,3818569.0
2020-03-03,5.042,5.112,4.945,4.993,3848211.0
2020-03-04,4.956,5.015,4.903,5.01,1854032.0
2020-03-05,5.085,5.096,5.023,5.079,1427316.0
2020-03-06,5.016,5.097,5.015,5.048,1279349.0
2020-03-09,4.963,4.989,4.841,4.847,1836933.0
2020-03-10,4.797,4.967,4.739,4.963,3218574.0
2020-03-11,4.978,4.994,4.883,4.884,3206789.0
2020-03-12,4.822,4.86,4.764,4.816,1624254.0
2020-03-13,4.589,4.821,4.553,4.779,3606060.0
2020-03-16,4.787,4.788,4.513,4.528,2691513.0
2020-03-17,4.587,4.647,4.397,4.538,3675794.0
2020-03-18,4.56,4.649,4.45,4.464,2749654.0
2020-03-19,4.465,4.518,4.349,4.507,3665540.0
2020-03-20,4.533,4.551,4.461,4.543,2189061.0
2020-03-23,4.413,4.458,4.321,4.346,3550277.0
2020-03-24,4.428,4.453,4.304,4.413,3121371.0
2020-03-25,4.51,4.546,4.478,4.529,2781124.0
2020-03-26,4.5,4.54,4.48,4.482,1817386.0
2020-03-27,4.535,4.548,4.457,4.461,1481027.0
2020-03-30,4.413,4.413,4.316,4.368,2734372.0
2020-03-31,4.409,4.417,4.358,4.368,2196479.0
2020-04-01,4.356,4.438,4.346,4.35,1807071.0
2020-04-02,4.34,4.494,4.333,4.491,2387595.0
2020-04-03,4.46,4.479,4.41,4.432,2008259.0
2020-04-07,4.517,4.59,4.516,4.575,2324622.0
2020-04-08,4.557,4.608,4.548,4.59,1548707.0
2020-04-09,4.613,4.653,4.606,4.636,1505885.0
2020-04-10,4.631,4.631,4.522,4.546,2381165.0
2020-04-13,4.51,4.523,4.472,4.495,1793639.0
2020-04-14,4.516,4.606,4.515,4.6,1690095.0
2020-04-15,4.601,4.635,4.585,4.59,1594375.0
2020-04-16,4.574,4.652,4.566,4.629,1609135.0
2020-04-17,4.659,4.696,4.62,4.636,2199374.0
2020-04-20,4.636,4.691,4.628,4.69,1562339.0
2020-04-21,4.668,4.668,4.599,4.657,2327967.0
2020-04-22,4.614,4.709,4.612,4.705,1772944.0
2020-04-23,4.705,4.715,4.67,4.678,1038521.0
2020-04-24,4.659,4.675,4.586,4.603,1854293.0
2020-04-27,4.602,4.632,4.576,4.586,1449759.0
2020-04-28,4.586,4.587,4.44,4.547,2485506.0
2020-04-29,4.544,4.588,4.533,4.557,1519139.0
2020-04-30,4.577,4.695,4.577,4.681,2243237.0
2020-05-06,4.649,4.773,4.636,4.76,2184849.0
2020-05-07,4.76,4.777,4.732,4.753,2192708.0
2020-05-08,4.781,4.842,4.773,4.819,2014981.0
2020-05-11,4.822,4.863,4.777,4.799,2425209.0
2020-05-12,4.793,4.82,4.759,4.812,2965807.0
2020-05-13,4.805,4.848,4.784,4.839,1816368.0
2020-05-14,4.822,4.838,4.8,4.812,1052885.0
2020-05-15,4.813,4.861,4.806,4.822,2060949.0
2020-05-18,4.827,4.842,4.776,4.794,1363337.0
2020-05-19,4.823,4.856,4.817,4.853,1113590.0
2020-05-20,4.846,4.853,4.795,4.812,1674730.0
2020-05-21,4.815,4.828,4.743,4.75,1289927.0
2020-05-22,4.731,4.749,4.645,4.662,2175813.0
2020-05-25,4.659,4.676,4.625,4.641,1409516.0
2020-05-26,4.67,4.74,4.66,4.735,2113952.0
2020-05-27,4.739,4.74,4.682,4.703,2308307.0
2020-05-28,4.698,4.724,4.631,4.689,1472580.0
2020-05-29,4.668,4.737,4.667,4.731,1443810.0
2020-06-01,4.763,4.905,4.763,4.903,1849664.0
2020-06-02,4.919,4.924,4.87,4.897,1096533.0
2020-06-03,4.911,4.936,4.886,4.889,1566341.0
2020-06-04,4.904,4.913,4.87,4.898,1355713.0
2020-06-05,4.898,4.915,4.87,4.911,858368.0
2020-06-08,4.932,4.954,4.89,4.899,1052385.0
2020-06-09,4.9,4.945,4.886,4.931,1166062.0
2020-06-10,4.931,4.941,4.904,4.938,1024574.0
2020-06-11,4.938,5.007,4.893,4.928,1432500.0
2020-06-12,4.841,4.96,4.835,4.929,1912418.0
2020-06-15,4.924,4.987,4.918,4.923,2355230.0
2020-06-16,4.96,5.021,4.96,5.019,1434564.0
2020-06-17,5.032,5.072,5.016,5.062,1669329.0
2020-06-18,5.062,5.083,5.043,5.076,1811718.0
2020-06-19,5.076,5.138,5.069,5.117,2073458.0
2020-06-22,5.114,5.154,5.106,5.113,2032390.0
2020-06-23,5.113,5.141,5.086,5.138,1990145.0
2020-06-24,5.138,5.157,5.111,5.138,1353118.0
2020-06-29,5.133,5.133,5.086,5.114,1640613.0
2020-06-30,5.123,5.223,5.123,5.195,2285224.0
2020-07-01,5.211,5.224,5.162,5.22,2259112.0
2020-07-02,5.218,5.333,5.201,5.32,2327244.0
2020-07-03,5.324,5.399,5.307,5.396,3062998.0
2020-07-06,5.439,5.714,5.439,5.671,5460280.0
2020-07-07,5.733,5.833,5.657,5.731,4461696.0
2020-07-08,5.717,5.872,5.696,5.853,2622898.0
2020-07-09,5.847,6.032,5.836,6.02,2590714.0
2020-07-10,5.988,6.075,5.968,6.011,2595323.0
2020-07-13,6.017,6.218,6.017,6.214,2224808.0
2020-07-14,6.21,6.21,5.998,6.127,3332740.0
2020-07-15,6.126,6.17,5.93,5.991,3575152.0
2020-07-16,5.981,6.051,5.643,5.672,3916181.0
2020-07-17,5.672,5.777,5.626,5.676,3148470.0
2020-07-20,5.74,5.859,5.679,5.854,3695764.0
2020-07-21,5.869,5.922,5.835,5.889,1967811.0
2020-07-22,5.882,6.041,5.86,5.95,2271224.0
2020-07-23,5.897,5.965,5.767,5.943,2302647.0
2020-07-24,5.924,5.931,5.619,5.643,2990992.0
2020-07-27,5.653,5.691,5.584,5.64,2112835.0
2020-07-28,5.683,5.73,5.649,5.702,2048114.0
2020-07-29,5.667,5.883,5.661,5.874,2143425.0
2020-07-30,5.878,5.909,5.834,5.853,2100459.0
2020-07-31,5.851,5.967,5.797,5.918,2724781.0
2020-08-03,5.956,6.071,5.94,6.07,2364610.0
2020-08-04,6.073,6.087,6.003,6.032,1774699.0
2020-08-05,6.032,6.115,5.979,6.093,1666673.0
2020-08-06,6.094,6.124,5.989,6.109,1396510.0
2020-08-07,6.09,6.094,5.921,6.028,1447521.0
2020-08-10,5.993,6.104,5.976,6.059,1218002.0
2020-08-11,6.042,6.094,5.929,5.943,1164144.0
2020-08-12,5.915,5.932,5.748,5.862,2036215.0
2020-08-13,5.879,5.923,5.853,5.891,1529414.0
2020-08-14,5.892,5.984,5.856,5.98,2378647.0
2020-08-17,5.978,6.082,5.95,6.071,2317843.0
2020-08-18,6.068,6.144,6.067,6.117,1756017.0
2020-08-19,6.116,6.117,6.003,6.007,1443871.0
2020-08-20,6.011,6.015,5.923,5.944,1570903.0
2020-08-21,5.954,6.032,5.933,5.982,1426542.0
2020-08-24,6.002,6.032,5.926,6.016,1487080.0
2020-08-25,6.028,6.074,5.969,5.984,1369881.0
2020-08-26,5.977,5.998,5.846,5.876,1993635.0
2020-08-27,5.876,5.936,5.842,5.932,1645009.0
2020-08-28,5.922,6.047,5.89,6.039,2766579.0
2020-08-31,6.06,6.107,6.005,6.007,2331021.0
2020-09-01,5.993,6.054,5.985,6.053,1467228.0
2020-09-02,6.056,6.076,5.98,6.048,2963614.0
2020-09-03,6.045,6.074,5.991,6.013,1385375.0
2020-09-04,5.943,5.984,5.903,5.97,1821954.0
2020-09-07,5.953,6.018,5.811,5.837,2128803.0
2020-09-08,5.844,5.901,5.797,5.876,1665667.0
2020-09-09,5.812,5.832,5.68,5.72,2181447.0
2020-09-10,5.751,5.768,5.585,5.615,2778072.0
2020-09-11,5.58,5.679,5.573,5.666,2250177.0
2020-09-14,5.702,5.729,5.653,5.712,2377336.0
2020-09-15,5.698,5.749,5.685,5.736,1398307.0
2020-09-16,5.737,5.737,5.688,5.717,1264202.0
2020-09-17,5.696,5.778,5.659,5.73,1866411.0
2020-09-18,5.723,5.844,5.714,5.841,2046933.0
2020-09-21,5.836,5.864,5.786,5.797,2752739.0
2020-09-22,5.762,5.828,5.694,5.72,1877292.0
2020-09-23,5.723,5.768,5.714,5.75,1239950.0
2020-09-24,5.709,5.718,5.607,5.631,2625114.0
2020-09-25,5.632,5.656,5.581,5.613,1793430.0
2020-09-28,5.626,5.635,5.542,5.557,1632284.0
2020-09-29,5.574,5.654,5.56,5.6,2285574.0
2020-09-30,5.605,5.636,5.516,5.559,2315234.0
2020-10-09,5.651,5.74,5.651,5.714,1943606.0
2020-10-12,5.757,5.904,5.756,5.901,1723050.0
2020-10-13,5.884,5.911,5.838,5.902,1951272.0
2020-10-14,5.894,5.897,5.859,5.874,1434718.0
2020-10-15,5.866,5.888,5.825,5.827,1521886.0
2020-10-16,5.837,5.843,5.747,5.793,1498340.0
2020-10-19,5.827,5.853,5.709,5.733,2987907.0
2020-10-20,5.719,5.79,5.695,5.784,1452437.0
2020-10-21,5.775,5.791,5.69,5.733,1667242.0
2020-10-22,5.714,5.722,5.636,5.695,1578667.0
2020-10-23,5.681,5.739,5.584,5.595,1849189.0
2020-10-26,5.59,5.619,5.506,5.59,1873749.0
2020-10-27,5.56,5.605,5.551,5.588,1164666.0
2020-10-28,5.588,5.628,5.54,5.623,1312405.0
2020-10-29,5.564,5.664,5.552,5.632,1683061.0
2020-10-30,5.631,5.669,5.488,5.496,2136616.0
2020-11-02,5.5,5.547,5.487,5.516,1423140.0
2020-11-03,5.54,5.623,5.524,5.609,1501077.0
2020-11-04,5.609,5.632,5.551,5.608,1951659.0
2020-11-05,5.654,5.739,5.636,5.727,1771943.0
2020-11-06,5.727,5.736,5.621,5.681,1718166.0
2020-11-09,5.705,5.822,5.704,5.781,2570667.0
2020-11-10,5.805,5.805,5.698,5.739,2402011.0
2020-11-11,5.723,5.75,5.664,5.665,1013077.0
2020-11-12,5.669,5.716,5.661,5.685,1008467.0
2020-11-13,5.668,5.694,5.615,5.687,1488982.0
2020-11-16,5.698,5.757,5.67,5.757,1337394.0
2020-11-17,5.751,5.753,5.683,5.716,1174559.0
2020-11-18,5.712,5.764,5.688,5.71,1607763.0
2020-11-19,5.701,5.753,5.665,5.744,1258747.0
2020-11-20,5.723,5.808,5.723,5.796,1641626.0
2020-11-23,5.798,5.895,5.771,5.842,2074251.0
2020-11-24,5.84,5.862,5.829,5.84,1359848.0
2020-11-25,5.855,5.865,5.731,5.741,1220204.0
2020-11-26,5.74,5.748,5.677,5.723,1672075.0
2020-11-27,5.724,5.75,5.654,5.748,1467894.0
2020-11-30,5.749,5.784,5.684,5.702,2104188.0
2020-12-01,5.694,5.821,5.688,5.8,1643335.0
2020-12-02,5.802,5.82,5.764,5.805,2157235.0
2020-12-03,5.804,5.843,5.763,5.826,1936932.0
2020-12-04,5.81,5.852,5.778,5.849,1305096.0
2020-12-07,5.846,5.854,5.787,5.804,1867852.0
2020-12-08,5.798,5.833,5.791,5.796,1345228.0
2020-12-09,5.801,5.81,5.694,5.7,2173417.0
2020-12-10,5.669,5.739,5.658,5.71,1220833.0
2020-12-11,5.713,5.734,5.577,5.611,1817076.0
2020-12-14,5.611,5.66,5.577,5.655,1201177.0
2020-12-15,5.642,5.671,5.624,5.661,1587525.0
2020-12-16,5.661,5.67,5.617,5.639,909967.0
2020-12-17,5.635,5.721,5.597,5.712,2054670.0
2020-12-18,5.705,5.727,5.661,5.691,1947078.0
2020-12-21,5.688,5.804,5.685,5.788,1938413.0
2020-12-22,5.784,5.784,5.653,5.669,2145609.0
2020-12-23,5.67,5.741,5.646,5.702,1857667.0
2020-12-24,5.699,5.701,5.611,5.625,1925713.0
2020-12-25,5.606,5.694,5.601,5.681,2219405.0
2020-12-28,5.672,5.695,5.624,5.644,2139928.0
2020-12-29,5.647,5.696,5.605,5.618,2109532.0
2020-12-30,5.612,5.7,5.597,5.668,1662173.0
2020-12-31,5.687,5.77,5.676,5.76,2067035.0
2021-01-04,5.778,5.897,5.75,5.865,3035862.0
2021-01-05,5.854,5.934,5.834,5.92,2026001.0
2021-01-06,5.922,5.97,5.864,5.913,1404208.0
2021-01-07,5.901,5.958,5.867,5.939,1067883.0
2021-01-08,5.94,5.992,5.881,5.955,1351340.0
2021-01-11,5.948,5.958,5.819,5.857,1522740.0
2021-01-12,5.839,5.94,5.837,5.934,1778100.0
2021-01-13,5.933,5.939,5.86,5.894,1483180.0
2021-01-14,5.881,5.916,5.81,5.849,1460246.0
2021-01-15,5.843,5.853,5.756,5.826,2168354.0
2021-01-18,5.804,5.92,5.8,5.901,1489552.0
2021-01-19,5.901,5.923,5.853,5.867,1131514.0
2021-01-20,5.865,5.934,5.851,5.924,1017349.0
2021-01-21,5.932,6.037,5.932,6.013,1327385.0
2021-01-22,6.0,6.033,5.958,6.022,1653067.0
2021-01-25,6.019,6.096,5.986,6.032,855144.0
2021-01-26,6.0,6.008,5.919,5.935,1137187.0
2021-01-27,5.922,5.954,5.885,5.95,1286105.0
2021-01-28,5.89,5.915,5.812,5.831,2376661.0
2021-01-29,5.844,5.864,5.661,5.743,2775648.0
2021-02-01,5.742,5.793,5.737,5.786,1044764.0
2021-02-02,5.788,5.848,5.76,5.845,2128659.0
2021-02-03,5.845,5.873,5.807,5.808,1823170.0
2021-02-04,5.784,5.805,5.663,5.741,3522828.0
2021-02-05,5.739,5.775,5.644,5.649,1921557.0
2021-02-08,5.652,5.75,5.626,5.722,2063418.0
2021-02-09,5.718,5.86,5.718,5.846,2709694.0
2021-02-10,5.853,5.931,5.813,5.916,3200107.0
2021-02-18,6.037,6.072,5.95,6.01,1296603.0
2021-02-19,5.999,6.109,5.943,6.101,1877315.0
2021-02-22,6.123,6.203,6.039,6.041,2075321.0
2021-02-23,6.01,6.094,6.005,6.024,2332911.0
2021-02-24,6.006,6.063,5.885,5.942,3450542.0
2021-02-25,5.98,6.0,5.873,5.91,1718780.0
2021-02-26,5.812,5.855,5.75,5.771,2449627.0
2021-03-01,5.792,5.883,5.792,5.881,1822035.0
2021-03-02,5.9,5.906,5.793,5.832,2770719.0
2021-03-03,5.817,5.918,5.817,5.915,1568877.0
2021-03-04,5.888,5.888,5.781,5.808,2812606.0
2021-03-05,5.752,5.85,5.731,5.818,2768024.0
2021-03-08,5.841,5.895,5.66,5.669,3019165.0
2021-03-09,5.66,5.674,5.46,5.533,5123328.0
2021-03-10,5.57,5.599,5.463,5.471,2454399.0
2021-03-11,5.471,5.631,5.45,5.628,2423148.0
2021-03-12,5.635,5.642,5.542,5.633,2201418.0
2021-03-15,5.596,5.639,5.529,5.593,2174574.0
2021-03-16,5.592,5.636,5.543,5.596,1877721.0
2021-03-17,5.584,5.642,5.528,5.631,1653680.0
2021-03-18,5.631,5.712,5.631,5.675,1614663.0
2021-03-19,5.617,5.668,5.582,5.626,1525770.0
2021-03-22,5.616,5.715,5.616,5.703,1751034.0
2021-03-23,5.704,5.716,5.601,5.633,2012770.0
2021-03-24,5.592,5.645,5.553,5.568,2166433.0
2021-03-25,5.542,5.608,5.526,5.582,2139135.0
2021-03-26,5.584,5.675,5.582,5.66,1947914.0
2021-03-29,5.666,5.681,5.618,5.66,2549110.0
2021-03-30,5.655,5.693,5.622,5.681,1500819.0
2021-03-31,5.674,5.681,5.605,5.673,1878681.0
2021-04-01,5.668,5.733,5.647,5.715,1341360.0
2021-04-02,5.723,5.745,5.695,5.729,1237229.0
2021-04-06,5.741,5.783,5.723,5.741,1420583.0
2021-04-07,5.746,5.753,5.689,5.75,1577805.0
2021-04-08,5.744,5.788,5.711,5.769,1551707.0
2021-04-09,5.755,5.773,5.721,5.748,886793.0
2021-04-12,5.736,5.748,5.623,5.648,2586475.0
2021-04-13,5.634,5.673,5.615,5.629,1642383.0
2021-04-14,5.628,5.705,5.628,5.684,1652684.0
2021-04-15,5.675,5.698,5.626,5.69,1645083.0
2021-04-16,5.707,5.768,5.69,5.766,2505043.0
2021-04-19,5.757,5.843,5.733,5.829,1764843.0
2021-04-20,5.818,5.87,5.812,5.841,1533981.0
2021-04-21,5.815,5.846,5.782,5.825,912021.0
2021-04-22,5.839,5.875,5.827,5.847,1717413.0
2021-04-23,5.846,5.88,5.817,5.878,902586.0
2021-04-26,5.874,5.955,5.846,5.852,1575532.0
2021-04-27,5.85,5.878,5.817,5.85,1312648.0
2021-04-28,5.848,5.901,5.811,5.895,997835.0
2021-04-29,5.895,5.908,5.86,5.897,1012606.0
2021-04-30,5.895,5.915,5.837,5.907,1115413.0
2021-05-06,5.902,5.958,5.851,5.887,1312625.0
2021-05-07,5.895,5.941,5.853,5.86,1961548.0
2021-05-10,5.86,5.91,5.847,5.879,1140243.0
2021-05-11,5.851,5.886,5.766,5.861,1057190.0
2021-05-12,5.847,5.942,5.827,5.93,1058087.0
2021-05-13,5.895,5.913,5.845,5.86,1425188.0
2021-05-14,5.869,5.96,5.844,5.957,2137629.0
2021-05-17,5.957,6.027,5.95,5.99,1666054.0
2021-05-18,5.99,6.019,5.978,6.007,1436336.0
2021-05-19,5.999,6.005,5.958,5.997,890060.0
2021-05-20,5.994,6.002,5.923,5.973,966255.0
2021-05-21,5.972,5.993,5.933,5.949,941467.0
2021-05-24,5.947,5.992,5.91,5.967,938705.0
2021-05-25,5.966,6.056,5.951,6.035,1430926.0
2021-05-26,6.039,6.054,6.026,6.045,2379804.0
2021-05-27,6.039,6.101,6.03,6.098,2050011.0
2021-05-28,6.1,6.131,6.065,6.095,1689170.0
2021-05-31,6.098,6.144,6.08,6.141,1515914.0
2021-06-01,6.135,6.157,6.072,6.151,2568562.0
2021-06-02,6.148,6.161,6.089,6.111,1552095.0
2021-06-03,6.105,6.163,6.09,6.098,1086163.0
2021-06-04,6.073,6.159,6.055,6.128,1028095.0
2021-06-07,6.141,6.154,6.106,6.146,1671511.0
2021-06-08,6.142,6.185,6.086,6.122,1096606.0
2021-06-09,6.111,6.135,6.09,6.116,884139.0
2021-06-10,6.12,6.204,6.105,6.199,973626.0
2021-06-11,6.197,6.209,6.154,6.167,963346.0
2021-06-15,6.167,6.176,6.079,6.087,1033547.0
2021-06-16,6.087,6.09,5.99,6.009,1570194.0
2021-06-17,5.996,6.059,5.996,6.048,1174271.0
2021-06-18,6.048,6.159,6.032,6.113,1859726.0
2021-06-21,6.097,6.163,6.078,6.138,1339867.0
2021-06-22,6.157,6.188,6.125,6.177,1142697.0
2021-06-23,6.184,6.243,6.161,6.23,1097606.0
2021-06-24,6.23,6.23,6.183,6.206,1972241.0
2021-06-25,6.197,6.277,6.188,6.259,1856501.0
2021-06-28,6.259,6.289,6.241,6.263,737631.0
2021-06-29,6.263,6.273,6.191,6.212,1757478.0
2021-06-30,6.214,6.264,6.204,6.245,1389422.0
2021-07-01,6.262,6.266,6.163,6.17,1304142.0
2021-07-02,6.157,6.172,6.105,6.115,1227000.0
2021-07-05,6.115,6.166,6.115,6.154,1021735.0
2021-07-06,6.154,6.188,6.089,6.153,1121336.0
2021-07-07,6.115,6.216,6.105,6.212,1094795.0
2021-07-08,6.219,6.245,6.194,6.203,955788.0
2021-07-09,6.202,6.266,6.149,6.259,1094977.0
2021-07-12,6.293,6.377,6.285,6.354,1506855.0
2021-07-13,6.354,6.424,6.336,6.417,798170.0
2021-07-14,6.414,6.427,6.353,6.373,1805172.0
2021-07-15,6.362,6.398,6.304,6.389,1434855.0
2021-07-16,6.373,6.45,6.373,6.398,1051270.0
2021-07-19,6.352,6.404,6.333,6.36,1192292.0
2021-07-20,6.325,6.377,6.311,6.368,1337093.0
2021-07-21,6.379,6.463,6.379,6.453,1544116.0
2021-07-22,6.456,6.491,6.429,6.483,774797.0
2021-07-23,6.493,6.522,6.439,6.47,1235951.0
2021-07-26,6.456,6.471,6.266,6.343,2574860.0
2021-07-27,6.34,6.397,6.204,6.215,3718049.0
2021-07-28,6.162,6.195,6.031,6.115,4919590.0
2021-07-29,6.203,6.243,6.161,6.226,3057297.0
2021-07-30,6.196,6.252,6.177,6.247,1553074.0
2021-08-02,6.245,6.344,6.211,6.337,2908945.0
2021-08-03,6.332,6.343,6.275,6.29,2433424.0
2021-08-04,6.288,6.391,6.277,6.389,3055811.0
2021-08-05,6.375,6.41,6.34,6.381,1473398.0
2021-08-06,6.382,6.414,6.356,6.412,721395.0
2021-08-09,6.391,6.453,6.361,6.439,1398444.0
2021-08-10,6.431,6.491,6.42,6.486,887425.0
2021-08-11,6.485,6.543,6.465,6.538,863326.0
2021-08-12,6.527,6.588,6.503,6.565,959175.0
2021-08-13,6.561,6.594,6.528,6.567,839808.0
2021-08-16,6.568,6.581,6.514,6.532,1083856.0
2021-08-17,6.521,6.537,6.359,6.379,3031830.0
2021-08-18,6.375,6.428,6.347,6.408,1958593.0
2021-08-19,6.397,6.446,6.338,6.423,1782311.0
2021-08-20,6.404,6.43,6.329,6.393,1606132.0
2021-08-23,6.405,6.5,6.405,6.491,1569616.0
2021-08-24,6.517,6.572,6.472,6.563,1132461.0
2021-08-25,6.561,6.622,6.527,6.619,842659.0
2021-08-26,6.617,6.639,6.578,6.589,829137.0
2021-08-27,6.578,6.655,6.562,6.643,634108.0
2021-08-30,6.657,6.728,6.646,6.692,883207.0
2021-08-31,6.689,6.722,6.624,6.72,775768.0
2021-09-01,6.727,6.736,6.578,6.659,1039705.0
2021-09-02,6.651,6.795,6.637,6.787,886281.0
2021-09-03,6.814,6.857,6.704,6.75,1349934.0
2021-09-06,6.754,6.814,6.703,6.812,956768.0
2021-09-07,6.802,6.974,6.801,6.97,927624.0
2021-09-08,6.97,7.02,6.957,7.017,1067987.0
2021-09-09,7.008,7.091,6.989,7.082,776634.0
2021-09-10,7.074,7.137,7.027,7.079,1267154.0
2021-09-13,7.058,7.119,7.023,7.105,1216260.0
2021-09-14,7.102,7.162,7.002,7.022,1203533.0
2021-09-15,6.992,7.092,6.987,7.053,793442.0
2021-09-16,7.058,7.119,6.912,6.918,1325680.0
2021-09-17,6.896,6.948,6.758,6.858,2594170.0
2021-09-22,6.751,6.933,6.751,6.93,1366398.0
2021-09-23,6.951,6.998,6.919,6.97,1482142.0
2021-09-24,6.97,6.97,6.853,6.861,3466043.0
2021-09-27,6.86,6.879,6.617,6.661,4637984.0
2021-09-28,6.646,6.693,6.633,6.665,1570087.0
2021-09-29,6.635,6.637,6.478,6.507,3640229.0
2021-09-30,6.513,6.579,6.513,6.569,2628261.0
2021-10-08,6.637,6.664,6.522,6.559,2123653.0
2021-10-11,6.552,6.589,6.514,6.553,1754982.0
2021-10-12,6.553,6.555,6.377,6.419,3119293.0
2021-10-13,6.41,6.468,6.37,6.45,1695016.0
2021-10-14,6.425,6.495,6.412,6.475,1770336.0
2021-10-15,6.475,6.516,6.448,6.51,2080979.0
2021-10-18,6.491,6.534,6.452,6.531,2753473.0
2021-10-19,6.531,6.593,6.508,6.585,2034651.0
2021-10-20,6.546,6.62,6.532,6.582,1683101.0
2021-10-21,6.578,6.612,6.531,6.564,1359628.0
2021-10-22,6.555,6.58,6.502,6.511,1206003.0
2021-10-25,6.498,6.571,6.486,6.569,965025.0
2021-10-26,6.575,6.62,6.548,6.579,1630494.0
2021-10-27,6.561,6.573,6.487,6.517,878035.0
2021-10-28,6.505,6.516,6.417,6.435,2629406.0
2021-10-29,6.434,6.506,6.407,6.504,1451550.0
2021-11-01,6.479,6.556,6.473,6.53,1004768.0
2021-11-02,6.518,6.578,6.408,6.463,3254975.0
2021-11-03,6.452,6.515,6.447,6.486,1519309.0
2021-11-04,6.492,6.546,6.492,6.541,950184.0
2021-11-05,6.53,6.549,6.479,6.485,1804220.0
2021-11-08,6.468,6.519,6.458,6.506,1261528.0
2021-11-09,6.526,6.558,6.5,6.549,1539389.0
2021-11-10,6.543,6.543,6.433,6.532,2346547.0
2021-11-11,6.523,6.592,6.516,6.589,1349181.0
2021-11-12,6.596,6.642,6.589,6.628,866999.0
2021-11-15,6.624,6.662,6.556,6.576,1089523.0
2021-11-16,6.573,6.602,6.521,6.529,998287.0
2021-11-17,6.53,6.573,6.518,6.57,1159843.0
2021-11-18,6.566,6.61,6.534,6.569,1722075.0
2021-11-19,6.561,6.661,6.558,6.652,2181358.0
2021-11-22,6.665,6.722,6.661,6.713,2361923.0
2021-11-23,6.705,6.757,6.699,6.73,1547576.0
2021-11-24,6.717,6.753,6.701,6.724,862136.0
2021-11-25,6.722,6.736,6.706,6.72,858996.0
2021-11-26,6.679,6.732,6.665,6.699,1044241.0
2021-11-29,6.639,6.711,6.625,6.706,1615537.0
2021-11-30,6.713,6.75,6.679,6.72,1303971.0
2021-12-01,6.715,6.76,6.698,6.757,768421.0
2021-12-02,6.745,6.754,6.692,6.714,931372.0
2021-12-03,6.706,6.787,6.702,6.781,811437.0
2021-12-06,6.775,6.802,6.712,6.724,1420154.0
2021-12-07,6.744,6.754,6.639,6.68,911160.0
2021-12-08,6.682,6.785,6.682,6.784,1032141.0
2021-12-09,6.771,6.817,6.761,6.791,844036.0
2021-12-10,6.764,6.806,6.764,6.789,1469407.0
2021-12-13,6.788,6.83,6.774,6.804,951802.0
2021-12-14,6.78,6.814,6.775,6.787,703971.0
2021-12-15,6.776,6.815,6.765,6.778,719848.0
2021-12-16,6.778,6.847,6.775,6.844,1095205.0
2021-12-17,6.844,6.844,6.779,6.793,2085296.0
2021-12-20,6.761,6.787,6.671,6.68,4126650.0
2021-12-21,6.672,6.762,6.672,6.734,2002078.0
2021-12-22,6.744,6.785,6.732,6.763,1393045.0
2021-12-23,6.775,6.823,6.754,6.803,1068636.0
2021-12-24,6.802,6.802,6.731,6.761,2780005.0
2021-12-27,6.747,6.799,6.736,6.746,2750418.0
2021-12-28,6.75,6.761,6.709,6.751,1970082.0
2021-12-29,6.747,6.758,6.717,6.733,2089351.0
2021-12-30,6.721,6.792,6.72,6.784,2191431.0
2021-12-31,6.784,6.841,6.783,6.821,1947819.0
2022-01-04,6.844,6.848,6.776,6.827,2062248.0
2022-01-05,6.823,6.823,6.675,6.686,2840590.0
2022-01-06,6.646,6.706,6.633,6.694,2042769.0
2022-01-07,6.696,6.722,6.649,6.658,1916156.0
2022-01-10,6.644,6.671,6.605,6.659,900918.0
2022-01-11,6.664,6.679,6.598,6.618,1557848.0
2022-01-12,6.622,6.672,6.622,6.666,1007385.0
2022-01-13,6.67,6.676,6.579,6.588,2088077.0
2022-01-14,6.552,6.609,6.539,6.555,2243776.0
2022-01-17,6.555,6.647,6.554,6.624,1752484.0
2022-01-18,6.626,6.658,6.597,6.636,1375283.0
2022-01-19,6.63,6.662,6.56,6.596,2528906.0
2022-01-20,6.594,6.617,6.521,6.541,2976174.0
2022-01-21,6.534,6.537,6.452,6.467,4420612.0
2022-01-24,6.425,6.487,6.409,6.459,1850726.0
2022-01-25,6.445,6.453,6.228,6.234,3060112.0
2022-01-26,6.246,6.28,6.212,6.259,2169795.0
2022-01-27,6.253,6.259,6.088,6.1,2375433.0
2022-01-28,6.124,6.167,5.99,6.055,3787125.0
2022-02-07,6.115,6.178,6.115,6.148,3284618.0
2022-02-08,6.154,6.229,6.085,6.225,1571239.0
2022-02-09,6.237,6.324,6.216,6.316,1729170.0
2022-02-10,6.311,6.34,6.28,6.315,1435129.0
2022-02-11,6.295,6.321,6.224,6.235,1940826.0
2022-02-14,6.198,6.257,6.16,6.178,2468390.0
2022-02-15,6.184,6.241,6.166,6.236,2155629.0
2022-02-16,6.263,6.272,6.227,6.25,1784198.0
2022-02-17,6.245,6.286,6.208,6.252,1496085.0
2022-02-18,6.229,6.316,6.218,6.311,1577990.0
2022-02-21,6.312,6.348,6.3,6.341,1627205.0
2022-02-22,6.303,6.305,6.22,6.266,1641614.0
2022-02-23,6.266,6.364,6.266,6.364,2241451.0
2022-02-24,6.335,6.37,6.179,6.248,3293181.0
2022-02-25,6.298,6.382,6.283,6.295,2399984.0
2022-02-28,6.299,6.334,6.25,6.329,1578557.0
2022-03-01,6.339,6.368,6.31,6.347,1997727.0
2022-03-02,6.331,6.355,6.3,6.349,1411748.0
2022-03-03,6.383,6.388,6.315,6.342,1509535.0
2022-03-04,6.3,6.362,6.27,6.295,1616028.0
2022-03-07,6.281,6.281,6.113,6.142,2099244.0
2022-03-08,6.142,6.149,5.898,5.901,4647118.0
2022-03-09,5.923,5.95,5.558,5.791,6283447.0
2022-03-10,5.88,5.95,5.862,5.89,4029961.0
2022-03-11,5.815,5.983,5.757,5.979,2991200.0
2022-03-14,5.919,5.984,5.811,5.812,3134721.0
2022-03-15,5.769,5.792,5.445,5.447,5690139.0
2022-03-16,5.542,5.684,5.315,5.652,6039003.0
2022-03-17,5.723,5.859,5.696,5.75,3481032.0
2022-03-18,5.723,5.821,5.708,5.813,2204025.0
2022-03-21,5.827,5.868,5.763,5.837,4219162.0
2022-03-22,5.825,5.893,5.793,5.839,1478598.0
2022-03-23,5.859,5.914,5.834,5.881,1220816.0
2022-03-24,5.846,5.874,5.805,5.833,1074599.0
2022-03-25,5.831,5.862,5.751,5.753,1126022.0
2022-03-28,5.72,5.818,5.671,5.774,1108251.0
2022-03-29,5.775,5.801,5.723,5.741,1258523.0
2022-03-30,5.762,5.878,5.762,5.874,2285417.0
2022-03-31,5.854,5.867,5.809,5.819,1345813.0
2022-04-01,5.771,5.872,5.771,5.862,1821422.0
2022-04-06,5.853,5.853,5.764,5.848,1287832.0
2022-04-07,5.826,5.851,5.705,5.707,1948883.0
2022-04-08,5.719,5.73,5.606,5.727,1418051.0
2022-04-11,5.688,5.705,5.504,5.532,1882350.0
2022-04-12,5.53,5.64,5.469,5.629,2478097.0
2022-04-13,5.6,5.625,5.539,5.542,1432487.0
2022-04-14,5.574,5.661,5.56,5.62,1472801.0
2022-04-15,5.593,5.626,5.544,5.566,1132248.0
2022-04-18,5.513,5.603,5.472,5.571,1599004.0
2022-04-19,5.57,5.606,5.551,5.591,1213723.0
2022-04-20,5.592,5.603,5.443,5.453,1286941.0
2022-04-21,5.443,5.466,5.25,5.273,2161862.0
2022-04-22,5.251,5.306,5.168,5.239,2373278.0
2022-04-25,5.152,5.162,4.865,4.871,3439457.0
2022-04-26,4.883,4.952,4.744,4.775,3479744.0
2022-04-27,4.773,4.952,4.684,4.949,4187703.0
2022-04-28,4.902,4.973,4.849,4.934,3433218.0
2022-04-29,4.948,5.153,4.945,5.152,3352142.0
2022-05-05,5.132,5.237,5.128,5.191,2288593.0
2022-05-06,5.076,5.135,5.05,5.066,3036722.0
2022-05-09,5.048,5.133,5.038,5.114,2504403.0
2022-05-10,5.05,5.216,5.017,5.207,1917798.0
2022-05-11,5.207,5.379,5.2,5.244,3697787.0
2022-05-12,5.227,5.297,5.196,5.248,1450568.0
2022-05-13,5.263,5.316,5.239,5.313,1407780.0
2022-05-16,5.351,5.369,5.271,5.296,1914540.0
2022-05-17,5.297,5.328,5.24,5.326,1352618.0
2022-05-18,5.324,5.36,5.292,5.307,1607922.0
2022-05-19,5.242,5.361,5.234,5.36,1877983.0
2022-05-20,5.37,5.454,5.357,5.449,1880095.0
2022-05-23,5.461,5.485,5.419,5.474,1374219.0
2022-05-24,5.464,5.475,5.269,5.274,2513978.0
2022-05-25,5.269,5.365,5.262,5.365,1808455.0
2022-05-26,5.358,5.453,5.288,5.431,1921296.0
2022-05-27,5.443,5.482,5.377,5.431,1333252.0
2022-05-30,5.443,5.464,5.386,5.462,950528.0
2022-05-31,5.453,5.57,5.421,5.554,2541741.0
2022-06-01,5.544,5.572,5.492,5.548,1415657.0
2022-06-02,5.537,5.628,5.515,5.619,1507365.0
2022-06-06,5.604,5.737,5.604,5.715,2422504.0
2022-06-07,5.713,5.73,5.679,5.711,1592199.0
2022-06-08,5.712,5.771,5.652,5.754,1698308.0
2022-06-09,5.74,5.757,5.619,5.68,1508090.0
2022-06-10,5.642,5.8,5.642,5.791,2181456.0
2022-06-13,5.757,5.797,5.711,5.772,1702158.0
2022-06-14,5.724,5.84,5.609,5.835,2582859.0
2022-06-15,5.832,5.958,5.801,5.809,2147597.0
2022-06-16,5.823,5.893,5.801,5.819,2022533.0
2022-06-17,5.791,5.893,5.729,5.878,2289539.0
2022-06-20,5.878,5.921,5.822,5.878,1786922.0
2022-06-21,5.872,5.895,5.782,5.833,1494129.0
2022-06-22,5.827,5.847,5.729,5.736,1966173.0
2022-06-23,5.736,5.877,5.713,5.871,1981573.0
2022-06-24,5.88,5.956,5.867,5.943,1789113.0
2022-06-27,5.954,6.024,5.954,5.97,1997586.0
2022-06-28,5.969,6.089,5.958,6.077,1298368.0
2022-06-29,6.061,6.078,5.948,5.975,1805422.0
2022-06-30,5.967,6.066,5.963,6.025,2061204.0
2022-07-01,6.011,6.058,5.998,6.013,1323419.0
2022-07-04,6.011,6.094,5.968,6.091,2688207.0
2022-07-05,6.101,6.122,6.003,6.082,2240732.0
2022-07-06,6.058,6.074,5.939,5.998,1344476.0
2022-07-07,5.989,6.063,5.964,6.025,1633359.0
2022-07-08,6.05,6.065,5.984,5.987,1127554.0
2022-07-11,5.957,5.968,5.862,5.902,1118653.0
2022-07-12,5.895,5.934,5.819,5.826,1032621.0
2022-07-13,5.828,5.87,5.8,5.849,1854491.0
2022-07-14,5.84,5.927,5.833,5.893,1932384.0
2022-07-15,5.869,5.921,5.782,5.787,1173336.0
2022-07-18,5.792,5.919,5.792,5.901,1389897.0
2022-07-19,5.901,5.94,5.873,5.924,1391444.0
2022-07-20,5.954,6.021,5.946,6.005,1215665.0
2022-07-21,5.998,6.006,5.939,5.943,958345.0
2022-07-22,5.944,5.975,5.827,5.886,1942603.0
2022-07-25,5.88,5.911,5.801,5.824,1419844.0
2022-07-26,5.824,5.924,5.815,5.899,1164205.0
2022-07-27,5.888,5.944,5.875,5.926,742822.0
2022-07-28,5.949,6.004,5.929,5.943,1190576.0
2022-07-29,5.956,5.97,5.881,5.892,1121999.0
2022-08-01,5.882,5.95,5.846,5.946,793920.0
2022-08-02,5.899,5.906,5.695,5.788,2102009.0
2022-08-03,5.79,5.873,5.714,5.736,1383848.0
2022-08-04,5.771,5.779,5.677,5.757,1534762.0
2022-08-05,5.764,5.888,5.764,5.885,932406.0
2022-08-08,5.87,5.924,5.865,5.92,922800.0
2022-08-09,5.923,5.943,5.886,5.938,903893.0
2022-08-10,5.931,5.961,5.897,5.926,690192.0
2022-08-11,5.954,6.053,5.943,6.051,1170696.0
2022-08-12,6.046,6.072,6.031,6.039,852722.0
2022-08-15,6.017,6.078,6.003,6.048,1977573.0
2022-08-16,6.058,6.106,6.04,6.065,1097487.0
2022-08-17,6.067,6.118,6.031,6.107,1387339.0
2022-08-18,6.099,6.099,6.054,6.083,808473.0
2022-08-19,6.072,6.092,5.994,5.998,1193891.0
2022-08-22,5.991,6.087,5.963,6.078,887151.0
2022-08-23,6.072,6.084,6.037,6.08,1150083.0
2022-08-24,6.08,6.085,5.878,5.895,1578946.0
2022-08-25,5.894,5.932,5.845,5.929,1429686.0
2022-08-26,5.922,5.987,5.893,5.915,981831.0
2022-08-29,5.811,5.921,5.81,5.911,1980285.0
2022-08-30,5.911,5.921,5.854,5.902,1835350.0
2022-08-31,5.881,5.897,5.75,5.768,2340109.0
2022-09-01,5.761,5.818,5.724,5.746,980924.0
2022-09-02,5.731,5.791,5.729,5.757,1716786.0
2022-09-05,5.747,5.796,5.723,5.788,1603172.0
2022-09-06,5.791,5.899,5.791,5.894,1648440.0
2022-09-07,5.875,5.925,5.864,5.91,1036982.0
2022-09-08,5.916,5.919,5.881,5.888,1451574.0
2022-09-09,5.886,5.938,5.867,5.926,1625090.0
2022-09-13,5.942,5.962,5.896,5.91,1719159.0
2022-09-14,5.841,5.888,5.826,5.862,2004173.0
2022-09-15,5.875,5.889,5.672,5.719,1847025.0
2022-09-16,5.701,5.72,5.56,5.567,2057357.0
2022-09-19,5.561,5.572,5.488,5.53,1590733.0
2022-09-20,5.538,5.619,5.538,5.56,1447292.0
2022-09-21,5.541,5.613,5.487,5.59,1214695.0
2022-09-22,5.552,5.628,5.544,5.581,1409796.0
2022-09-23,5.569,5.594,5.445,5.51,2056784.0
2022-09-26,5.469,5.542,5.411,5.417,3397843.0
2022-09-27,5.425,5.536,5.424,5.526,2404239.0
2022-09-28,5.506,5.521,5.384,5.387,2039260.0
2022-09-29,5.421,5.477,5.358,5.402,2424138.0
2022-09-30,5.394,5.426,5.322,5.324,1563072.0
2022-10-10,5.332,5.38,5.236,5.258,1686062.0
2022-10-11,5.261,5.325,5.231,5.293,2682347.0
2022-10-12,5.294,5.436,5.202,5.429,3165166.0
2022-10-13,5.401,5.488,5.397,5.444,1620378.0
2022-10-14,5.501,5.62,5.477,5.592,2548665.0
2022-10-17,5.565,5.642,5.562,5.619,1604421.0
2022-10-18,5.646,5.685,5.603,5.646,1836065.0
2022-10-19,5.631,5.655,5.583,5.595,1306563.0
2022-10-20,5.574,5.663,5.492,5.575,2431984.0
2022-10-21,5.581,5.61,5.535,5.575,2041282.0
2022-10-24,5.571,5.691,5.471,5.524,2871119.0
2022-10-25,5.501,5.551,5.402,5.477,2620577.0
2022-10-26,5.491,5.642,5.484,5.598,2589924.0
2022-10-27,5.622,5.647,5.574,5.58,2116482.0
2022-10-28,5.554,5.563,5.365,5.39,2384385.0
2022-10-31,5.38,5.486,5.357,5.425,1960796.0
2022-11-01,5.435,5.576,5.401,5.57,3657775.0
2022-11-02,5.561,5.646,5.546,5.613,2564827.0
2022-11-03,5.578,5.636,5.572,5.616,2322176.0
2022-11-04,5.611,5.786,5.61,5.768,3368333.0
2022-11-07,5.765,5.79,5.715,5.752,2049034.0
2022-11-08,5.745,5.761,5.72,5.758,1765701.0
2022-11-09,5.766,5.807,5.734,5.741,1411868.0
2022-11-10,5.717,5.747,5.678,5.72,2004927.0
2022-11-11,5.881,5.89,5.748,5.756,4257227.0
2022-11-14,5.763,5.821,5.73,5.746,2591967.0
2022-11-15,5.751,5.861,5.738,5.852,2977302.0
2022-11-16,5.849,5.881,5.812,5.823,2080383.0
2022-11-17,5.803,5.839,5.772,5.836,3296446.0
2022-11-18,5.836,5.878,5.809,5.824,4650590.0
2022-11-21,5.776,5.826,5.745,5.817,4139889.0
2022-11-22,5.796,5.815,5.719,5.751,2674969.0
2022-11-23,5.712,5.766,5.667,5.74,4040029.0
2022-11-24,5.751,5.776,5.711,5.741,1993746.0
2022-11-25,5.721,5.739,5.675,5.709,2772368.0
2022-11-28,5.632,5.687,5.585,5.682,3588768.0
2022-11-29,5.698,5.806,5.697,5.782,3804857.0
2022-11-30,5.78,5.796,5.741,5.768,2050763.0
2022-12-01,5.851,5.859,5.797,5.801,2186418.0
2022-12-02,5.805,5.838,5.782,5.786,2050409.0
2022-12-05,5.827,5.844,5.797,5.829,3894765.0
2022-12-06,5.825,5.875,5.799,5.826,2050204.0
2022-12-07,5.818,5.866,5.8,5.818,2514859.0
2022-12-08,5.818,5.826,5.784,5.808,1798803.0
2022-12-09,5.801,5.841,5.773,5.817,1962367.0
2022-12-12,5.806,5.815,5.766,5.794,1951527.0
2022-12-13,5.792,5.795,5.747,5.76,2057601.0
2022-12-14,5.76,5.779,5.716,5.734,1971501.0
2022-12-15,5.729,5.747,5.709,5.733,1712487.0
2022-12-16,5.72,5.722,5.677,5.71,2661886.0
2022-12-19,5.705,5.717,5.553,5.581,6223910.0
2022-12-20,5.56,5.568,5.497,5.517,4281225.0
2022-12-21,5.521,5.531,5.448,5.487,2269947.0
2022-12-22,5.504,5.513,5.388,5.424,2269801.0
2022-12-23,5.394,5.444,5.37,5.402,4220081.0
2022-12-26,5.406,5.489,5.402,5.471,3830966.0
2022-12-27,5.495,5.516,5.457,5.511,3448078.0
2022-12-28,5.497,5.516,5.476,5.495,2282709.0
2022-12-29,5.48,5.533,5.463,5.492,2755572.0
2022-12-30,5.509,5.514,5.474,5.498,1562591.0
2023-01-03,5.483,5.601,5.461,5.581,2447005.0
2023-01-04,5.588,5.596,5.545,5.579,2633742.0
2023-01-05,5.596,5.653,5.579,5.638,2317750.0
2023-01-06,5.638,5.682,5.626,5.651,1992726.0
2023-01-09,5.659,5.702,5.659,5.663,2097014.0
2023-01-10,5.662,5.684,5.641,5.678,1515062.0
2023-01-11,5.678,5.7,5.636,5.65,2318965.0
2023-01-12,5.656,5.684,5.629,5.644,1701199.0
2023-01-13,5.653,5.697,5.644,5.695,2154552.0
2023-01-16,5.702,5.809,5.702,5.754,3909891.0
2023-01-17,5.771,5.777,5.748,5.762,3017421.0
2023-01-18,5.763,5.807,5.763,5.786,3612356.0
2023-01-19,5.778,5.848,5.762,5.843,3016229.0
2023-01-20,5.853,5.891,5.852,5.888,2778630.0
2023-01-30,5.961,5.993,5.903,5.909,4044467.0
2023-01-31,5.907,5.942,5.892,5.914,2636622.0
2023-02-01,5.929,5.995,5.918,5.986,4056549.0
2023-02-02,6.002,6.03,5.97,5.996,3382927.0
2023-02-03,5.981,5.985,5.897,5.968,2583037.0
2023-02-06,5.947,5.955,5.894,5.939,3046677.0
2023-02-07,5.942,5.951,5.895,5.942,5627540.0
2023-02-08,5.947,5.952,5.886,5.896,4671379.0
2023-02-09,5.891,5.993,5.879,5.987,3198432.0
2023-02-10,5.991,5.993,5.918,5.967,4713553.0
2023-02-13,5.949,6.013,5.949,6.005,5094383.0
2023-02-14,6.015,6.035,5.992,6.022,2323794.0
2023-02-15,6.021,6.04,5.988,6.01,2702558.0
2023-02-16,6.015,6.059,5.878,5.925,3099681.0
2023-02-17,5.921,5.941,5.856,5.871,2571349.0
2023-02-20,5.893,5.975,5.846,5.969,4922174.0
2023-02-21,5.986,6.024,5.963,6.006,1862749.0
2023-02-22,5.994,6.024,5.976,6.0,2993480.0
2023-02-23,6.001,6.019,5.949,5.989,3546647.0
2023-02-24,5.979,6.004,5.929,5.975,1968144.0
2023-02-27,5.952,5.972,5.909,5.942,2710886.0
2023-02-28,5.944,5.989,5.915,5.983,1689644.0
2023-03-01,5.981,6.043,5.967,6.022,1840663.0
2023-03-02,6.031,6.042,5.998,6.015,2156620.0
2023-03-03,6.019,6.029,5.968,6.012,3017922.0
2023-03-06,6.017,6.032,5.983,6.014,2651555.0
2023-03-07,6.011,6.018,5.912,5.914,2590024.0
2023-03-08,5.896,5.937,5.892,5.924,2622042.0
2023-03-09,5.929,5.933,5.883,5.917,2525910.0
2023-03-10,5.881,5.895,5.822,5.837,1703309.0
2023-03-13,5.831,5.877,5.808,5.872,1808494.0
2023-03-14,5.853,5.871,5.757,5.821,2010919.0
2023-03-15,5.85,5.885,5.841,5.853,1973022.0
2023-03-16,5.829,5.845,5.762,5.776,2520105.0
2023-03-17,5.813,5.871,5.792,5.812,4218304.0
2023-03-20,5.821,5.835,5.781,5.793,2045072.0
2023-03-21,5.81,5.861,5.807,5.858,3102533.0
2023-03-22,5.866,5.896,5.866,5.892,1527660.0
2023-03-23,5.886,5.928,5.879,5.927,1760043.0
2023-03-24,5.931,5.942,5.909,5.935,1456442.0
2023-03-27,5.934,5.942,5.891,5.932,1917047.0
2023-03-28,5.932,5.951,5.902,5.916,2382548.0
2023-03-29,5.926,5.93,5.875,5.89,2203848.0
2023-03-30,5.89,5.926,5.851,5.923,4198018.0
2023-03-31,5.923,5.975,5.916,5.97,3495350.0
2023-04-03,5.981,6.051,5.977,6.034,2803988.0
2023-04-04,6.04,6.043,6.007,6.038,1619826.0
2023-04-06,6.025,6.051,6.017,6.037,2454720.0
2023-04-07,6.037,6.098,6.033,6.086,1657223.0
2023-04-10,6.093,6.097,6.03,6.043,2962016.0
2023-04-11,6.041,6.058,6.018,6.042,3361130.0
2023-04-12,6.056,6.069,6.034,6.064,3577088.0
2023-04-13,6.059,6.072,6.028,6.036,2781556.0
2023-04-14,6.042,6.076,6.026,6.051,2530731.0
2023-04-17,6.036,6.087,6.035,6.083,1151249.0
2023-04-18,6.081,6.083,6.043,6.07,1984948.0
2023-04-19,6.066,6.08,6.029,6.04,1223617.0
2023-04-20,6.036,6.039,6.009,6.033,1459620.0
2023-04-21,6.033,6.033,5.861,5.88,2627984.0
2023-04-24,5.884,5.892,5.818,5.838,1969801.0
2023-04-25,5.833,5.852,5.674,5.744,2554903.0
2023-04-26,5.735,5.798,5.73,5.77,3053471.0
2023-04-27,5.768,5.826,5.756,5.796,2115923.0
2023-04-28,5.808,5.891,5.791,5.888,2111764.0
2023-05-04,5.871,5.89,5.861,5.889,1628460.0
2023-05-05,5.889,5.892,5.802,5.833,1694271.0
2023-05-08,5.834,5.895,5.83,5.872,1483337.0
2023-05-09,5.873,5.902,5.811,5.815,2581884.0
2023-05-10,5.813,5.844,5.781,5.804,1817316.0
2023-05-11,5.81,5.823,5.781,5.785,847531.0
2023-05-12,5.779,5.817,5.719,5.725,1463672.0
2023-05-15,5.72,5.802,5.681,5.793,1617161.0
2023-05-16,5.793,5.797,5.735,5.752,995946.0
2023-05-17,5.737,5.78,5.73,5.754,1538331.0
2023-05-18,5.765,5.79,5.734,5.764,1734112.0
2023-05-19,5.756,5.803,5.726,5.769,1729168.0
2023-05-22,5.768,5.788,5.727,5.76,1153644.0
2023-05-23,5.76,5.765,5.692,5.695,1387183.0
2023-05-24,5.691,5.71,5.642,5.649,2461380.0
2023-05-25,5.651,5.68,5.57,5.631,1954870.0
2023-05-26,5.633,5.699,5.597,5.684,1750330.0
2023-05-29,5.701,5.717,5.654,5.677,1917946.0
2023-05-30,5.674,5.718,5.615,5.71,2107215.0
2023-05-31,5.701,5.715,5.66,5.703,1713193.0
2023-06-01,5.705,5.755,5.671,5.713,2875100.0
2023-06-02,5.731,5.782,5.73,5.765,2435427.0
2023-06-05,5.756,5.766,5.737,5.752,1053204.0
2023-06-06,5.753,5.754,5.632,5.638,1499592.0
2023-06-07,5.642,5.676,5.631,5.642,1360410.0
2023-06-08,5.645,5.659,5.587,5.629,1923525.0
2023-06-09,5.641,5.691,5.63,5.68,2081675.0
2023-06-12,5.686,5.725,5.666,5.698,1874926.0
2023-06-13,5.698,5.724,5.689,5.716,1256949.0
2023-06-14,5.725,5.742,5.712,5.723,1195566.0
2023-06-15,5.731,5.791,5.727,5.777,1954461.0
2023-06-16,5.778,5.842,5.777,5.82,2065270.0
2023-06-19,5.831,5.836,5.806,5.812,1192619.0
2023-06-20,5.814,5.827,5.791,5.809,762272.0
2023-06-21,5.803,5.803,5.681,5.684,1667993.0
2023-06-26,5.655,5.67,5.571,5.583,3443232.0
2023-06-27,5.584,5.639,5.583,5.628,3172961.0
2023-06-28,5.624,5.644,5.547,5.642,2730213.0
2023-06-29,5.629,5.653,5.611,5.633,2215433.0
2023-06-30,5.622,5.717,5.622,5.706,1971456.0
2023-07-03,5.715,5.756,5.696,5.735,1662058.0
2023-07-04,5.73,5.752,5.728,5.749,1734127.0
2023-07-05,5.743,5.755,5.706,5.718,2322338.0
2023-07-06,5.711,5.746,5.678,5.683,1697691.0
2023-07-07,5.681,5.693,5.635,5.667,1136526.0
2023-07-10,5.689,5.712,5.659,5.688,1185252.0
2023-07-11,5.7,5.74,5.681,5.738,1031677.0
2023-07-12,5.74,5.745,5.669,5.677,940533.0
2023-07-13,5.7,5.765,5.7,5.761,1780132.0
2023-07-14,5.766,5.768,5.736,5.737,886348.0
2023-07-17,5.73,5.73,5.689,5.722,1921224.0
2023-07-18,5.722,5.739,5.689,5.713,1571550.0
2023-07-19,5.705,5.728,5.675,5.704,1204870.0
2023-07-20,5.716,5.731,5.633,5.638,2581532.0
2023-07-21,5.636,5.681,5.625,5.641,2574504.0
2023-07-24,5.611,5.672,5.611,5.631,1048382.0
2023-07-25,5.681,5.736,5.681,5.729,1852674.0
2023-07-26,5.728,5.734,5.698,5.718,1043384.0
2023-07-27,5.723,5.73,5.666,5.676,976425.0
2023-07-28,5.651,5.773,5.651,5.768,1759335.0
2023-07-31,5.777,5.864,5.775,5.807,2269487.0
2023-08-01,5.807,5.837,5.801,5.812,1705671.0
2023-08-02,5.808,5.831,5.771,5.79,1520788.0
2023-08-03,5.787,5.813,5.758,5.811,2343075.0
2023-08-04,5.841,5.891,5.824,5.852,2158315.0
2023-08-07,5.845,5.849,5.798,5.811,3807644.0
2023-08-08,5.801,5.81,5.767,5.79,2948608.0
2023-08-09,5.776,5.789,5.738,5.748,4221885.0
2023-08-10,5.748,5.764,5.721,5.746,2049476.0
2023-08-11,5.747,5.756,5.623,5.625,2912579.0
2023-08-14,5.581,5.643,5.555,5.632,2608458.0
2023-08-15,5.621,5.646,5.548,5.599,2284840.0
2023-08-16,5.577,5.606,5.554,5.556,2268833.0
2023-08-17,5.533,5.605,5.5,5.592,3143180.0
2023-08-18,5.586,5.611,5.497,5.499,3160704.0
2023-08-21,5.482,5.525,5.42,5.422,3261363.0
2023-08-22,5.441,5.466,5.361,5.449,3272933.0
2023-08-23,5.445,5.445,5.339,5.349,2997125.0
2023-08-24,5.353,5.42,5.338,5.365,2526762.0
2023-08-25,5.345,5.37,5.269,5.297,2740769.0
2023-08-28,5.6,5.6,5.339,5.36,5159482.0
2023-08-29,5.353,5.515,5.35,5.485,11823844.0
2023-08-30,5.485,5.534,5.463,5.486,3112849.0
2023-08-31,5.48,5.497,5.439,5.457,2234044.0
2023-09-01,5.47,5.494,5.446,5.463,2223553.0
2023-09-04,5.492,5.551,5.469,5.547,3100547.0
2023-09-05,5.538,5.541,5.493,5.504,3289476.0
2023-09-06,5.487,5.525,5.459,5.502,2302641.0
2023-09-07,5.502,5.502,5.413,5.42,3505516.0
2023-09-08,5.406,5.444,5.397,5.418,3276450.0
2023-09-11,5.425,5.521,5.413,5.485,3463820.0
2023-09-12,5.485,5.506,5.474,5.487,2494673.0
2023-09-13,5.486,5.486,5.394,5.428,3293239.0
2023-09-14,5.424,5.43,5.39,5.423,2596902.0
2023-09-15,5.432,5.463,5.393,5.424,2642641.0
2023-09-18,5.411,5.457,5.383,5.436,5749228.0
2023-09-19,5.428,5.435,5.387,5.411,2398793.0
2023-09-20,5.393,5.409,5.369,5.37,3142782.0
2023-09-21,5.357,5.386,5.321,5.324,2832889.0
2023-09-22,5.314,5.424,5.314,5.422,3769646.0
2023-09-25,5.411,5.418,5.372,5.389,3442787.0
2023-09-26,5.383,5.399,5.368,5.37,2136131.0
2023-09-27,5.369,5.423,5.366,5.395,4318303.0
2023-09-28,5.401,5.419,5.394,5.403,2603361.0
2023-10-09,5.401,5.403,5.342,5.371,2076411.0
2023-10-10,5.377,5.403,5.338,5.343,1216876.0
2023-10-11,5.366,5.394,5.326,5.338,3552735.0
2023-10-12,5.367,5.39,5.352,5.381,2236991.0
2023-10-13,5.357,5.357,5.334,5.351,1700873.0
2023-10-16,5.351,5.353,5.272,5.294,1941047.0
2023-10-17,5.301,5.306,5.268,5.305,1987758.0
2023-10-18,5.295,5.296,5.227,5.237,1958355.0
2023-10-19,5.216,5.244,5.16,5.172,2577569.0
2023-10-20,5.152,5.182,5.115,5.134,2439789.0
2023-10-23,5.12,5.124,4.968,4.987,5057113.0
2023-10-24,5.006,5.066,4.988,5.051,6136680.0
2023-10-25,5.093,5.128,5.077,5.078,3159519.0
2023-10-26,5.057,5.117,5.041,5.102,2205799.0
2023-10-27,5.081,5.225,5.079,5.206,4017352.0
2023-10-30,5.186,5.271,5.181,5.251,2907634.0
2023-10-31,5.249,5.26,5.212,5.238,2122998.0
2023-11-01,5.264,5.264,5.202,5.226,1217109.0
2023-11-02,5.231,5.249,5.17,5.175,1449002.0
2023-11-03,5.176,5.253,5.175,5.216,3517712.0
2023-11-06,5.251,5.318,5.251,5.311,4049054.0
2023-11-07,5.298,5.344,5.288,5.32,1991878.0
2023-11-08,5.311,5.344,5.289,5.316,2098415.0
2023-11-09,5.311,5.354,5.291,5.304,2117940.0
2023-11-10,5.291,5.292,5.258,5.284,2025189.0
2023-11-13,5.291,5.318,5.269,5.315,2261440.0
2023-11-14,5.315,5.351,5.306,5.339,2404463.0
2023-11-15,5.384,5.402,5.358,5.376,2185429.0
2023-11-16,5.363,5.366,5.316,5.318,1720441.0
2023-11-17,5.3,5.339,5.298,5.337,2069163.0
2023-11-20,5.34,5.383,5.313,5.369,2146588.0
2023-11-21,5.38,5.41,5.34,5.352,1705743.0
2023-11-22,5.333,5.354,5.277,5.279,2521135.0
2023-11-23,5.272,5.34,5.251,5.33,2265192.0
2023-11-24,5.331,5.331,5.263,5.284,3364456.0
2023-11-27,5.269,5.29,5.233,5.27,1744352.0
2023-11-28,5.267,5.306,5.229,5.296,1780458.0
2023-11-29,5.291,5.3,5.251,5.267,1229943.0
2023-11-30,5.266,5.268,5.211,5.248,1670089.0
2023-12-01,5.242,5.288,5.224,5.275,1487487.0
2023-12-04,5.278,5.299,5.262,5.263,1565727.0
2023-12-05,5.251,5.251,5.172,5.176,1815608.0
2023-12-06,5.169,5.225,5.153,5.188,1904332.0
2023-12-07,5.179,5.213,5.144,5.193,2578998.0
2023-12-08,5.191,5.231,5.188,5.205,2500441.0
2023-12-11,5.18,5.288,5.142,5.267,4031145.0
2023-12-12,5.261,5.282,5.25,5.277,1814817.0
2023-12-13,5.268,5.268,5.21,5.218,2125359.0
2023-12-14,5.237,5.269,5.188,5.199,2818727.0
2023-12-15,5.211,5.227,5.138,5.155,3470472.0
2023-12-18,5.131,5.156,5.084,5.094,1884010.0
2023-12-19,5.094,5.116,5.052,5.085,2373215.0
2023-12-20,5.093,5.097,5.017,5.023,1933870.0
2023-12-21,5.001,5.062,4.96,5.037,3253046.0
2023-12-22,5.032,5.072,4.994,5.021,3356885.0
2023-12-25,5.019,5.048,4.989,5.014,3139644.0
2023-12-26,5.011,5.013,4.941,4.967,2543510.0
2023-12-27,4.97,4.998,4.932,4.983,2568572.0
2023-12-28,4.982,5.104,4.972,5.086,3487194.0
2023-12-29,5.089,5.146,5.082,5.13,2713357.0
2024-01-02,5.135,5.141,5.103,5.108,3092572.0
2024-01-03,5.101,5.128,5.072,5.101,2255497.0
2024-01-04,5.102,5.106,5.028,5.057,2747555.0
2024-01-05,5.049,5.074,4.967,4.987,2031987.0
2024-01-08,4.972,4.975,4.859,4.861,2922712.0
2024-01-09,4.863,4.92,4.849,4.873,2220795.0
2024-01-10,4.855,4.914,4.811,4.86,2096542.0
2024-01-11,4.851,4.946,4.846,4.923,2695309.0
2024-01-12,4.906,4.969,4.9,4.903,2377712.0
2024-01-15,4.886,4.944,4.865,4.89,1577415.0
2024-01-16,4.877,4.908,4.821,4.885,2390412.0
2024-01-17,4.865,4.873,4.749,4.752,1981661.0
2024-01-18,4.747,4.764,4.613,4.757,4760788.0
2024-01-19,4.73,4.773,4.706,4.717,3196218.0
2024-01-22,4.699,4.706,4.431,4.481,3745535.0
2024-01-23,4.455,4.582,4.412,4.559,3309903.0
2024-01-24,4.562,4.637,4.45,4.629,3446637.0
2024-01-25,4.629,4.78,4.587,4.777,3445700.0
2024-01-26,4.756,4.779,4.702,4.72,2914766.0
2024-01-29,4.726,4.746,4.623,4.624,1966042.0
2024-01-30,4.604,4.638,4.499,4.522,1885736.0
2024-01-31,4.511,4.529,4.387,4.394,3470484.0
2024-02-01,4.367,4.467,4.32,4.376,3482025.0
2024-02-02,4.375,4.422,4.115,4.248,3845023.0
2024-02-05,4.231,4.291,3.962,4.146,35130238.0
2024-02-06,4.094,4.541,4.076,4.524,10280444.0
2024-02-07,4.552,4.846,4.514,4.836,13240326.0
2024-02-08,4.908,5.086,4.826,4.86,16205182.0
2024-02-19,4.911,4.911,4.756,4.826,15512755.0
2024-02-20,4.797,4.839,4.76,4.826,4763525.0
2024-02-21,4.792,4.951,4.776,4.823,6000901.0
2024-02-22,4.823,4.881,4.806,4.868,2948423.0
2024-02-23,4.87,4.894,4.805,4.892,3225140.0
2024-02-26,4.881,4.952,4.852,4.882,3868468.0
2024-02-27,4.871,5.011,4.856,5.009,3670872.0
2024-02-28,5.01,5.083,4.868,4.87,4803429.0
2024-02-29,4.852,5.055,4.852,5.042,6347472.0
2024-03-01,5.034,5.089,5.017,5.078,3341373.0
2024-03-04,5.072,5.096,5.014,5.076,4340663.0
2024-03-05,5.045,5.086,5.03,5.049,14374634.0
2024-03-06,5.041,5.107,4.993,5.044,3197713.0
2024-03-07,5.043,5.085,4.968,4.974,2502329.0
2024-03-08,4.981,5.064,4.964,5.045,3050536.0
2024-03-11,5.043,5.15,5.034,5.147,3991841.0
2024-03-12,5.146,5.175,5.079,5.116,4177689.0
2024-03-13,5.117,5.16,5.081,5.108,3468047.0
2024-03-14,5.099,5.142,5.044,5.085,3181945.0
2024-03-15,5.074,5.161,5.048,5.16,5115451.0
2024-03-18,5.163,5.235,5.152,5.231,3232054.0
2024-03-19,5.221,5.226,5.168,5.172,2756072.0
2024-03-20,5.173,5.202,5.154,5.186,1883091.0
2024-03-21,5.199,5.21,5.148,5.159,2434399.0
2024-03-22,5.158,5.159,5.048,5.076,2469633.0
2024-03-25,5.07,5.096,4.985,4.995,2705562.0
2024-03-26,4.997,5.019,4.936,4.971,4751668.0
2024-03-27,4.969,4.969,4.844,4.847,3402235.0
2024-03-28,4.85,4.972,4.85,4.914,3555236.0
2024-03-29,4.906,4.986,4.899,4.982,3831434.0
2024-04-01,4.998,5.104,4.997,5.095,4064103.0
2024-04-02,5.094,5.1,5.042,5.073,3321813.0
2024-04-03,5.067,5.077,5.039,5.07,3977985.0
2024-04-08,5.061,5.076,4.986,4.99,3293272.0
2024-04-09,4.985,5.037,4.98,5.035,1786721.0
2024-04-10,5.032,5.032,4.931,4.972,1975754.0
2024-04-11,4.947,5.052,4.936,4.997,3038010.0
2024-04-12,4.997,5.036,4.958,4.968,3122913.0
2024-04-15,4.961,5.075,4.914,5.039,3151158.0
2024-04-16,5.007,5.04,4.874,4.891,3905146.0
2024-04-17,4.899,5.035,4.899,5.032,3833425.0
2024-04-18,5.021,5.111,4.988,5.042,3403176.0
2024-04-19,5.024,5.062,4.981,5.005,3573340.0
2024-04-22,4.997,5.041,4.951,4.96,1958489.0
2024-04-23,4.959,4.985,4.887,4.898,1890163.0
2024-04-24,4.907,4.961,4.871,4.96,1771454.0
2024-04-25,4.941,4.996,4.921,4.952,1926664.0
2024-04-26,4.958,5.086,4.957,5.072,7970795.0
2024-04-29,5.08,5.197,5.076,5.178,5666415.0
2024-04-30,5.176,5.186,5.137,5.14,2767038.0
2024-05-06,5.211,5.241,5.2,5.225,5129670.0
2024-05-07,5.221,5.242,5.204,5.224,2289327.0
2024-05-08,5.221,5.221,5.149,5.153,3975570.0
2024-05-09,5.15,5.274,5.15,5.254,2970079.0
2024-05-10,5.258,5.277,5.193,5.234,5121579.0
2024-05-13,5.197,5.231,5.159,5.205,3272228.0
2024-05-14,5.204,5.247,5.181,5.199,2687404.0
2024-05-15,5.199,5.199,5.138,5.15,2731969.0
2024-05-16,5.166,5.188,5.106,5.124,2383653.0
2024-05-17,5.137,5.205,5.118,5.202,5151667.0
2024-05-20,5.205,5.246,5.19,5.222,5322736.0
2024-05-21,5.204,5.216,5.162,5.182,2808569.0
2024-05-22,5.177,5.191,5.159,5.176,2296000.0
2024-05-23,5.163,5.163,5.06,5.081,3992422.0
2024-05-24,5.059,5.115,5.022,5.029,2092201.0
2024-05-27,5.043,5.085,4.992,5.081,2425547.0
2024-05-28,5.075,5.077,5.022,5.034,2146284.0
2024-05-29,5.028,5.084,5.023,5.045,3143561.0
2024-05-30,5.045,5.073,5.016,5.034,2025748.0
2024-05-31,5.045,5.084,5.03,5.033,3021095.0
2024-06-03,5.027,5.041,4.951,4.992,2973093.0
2024-06-04,4.987,5.08,4.971,5.063,2318048.0
2024-06-05,5.063,5.071,5.002,5.005,1862866.0
2024-06-06,5.022,5.038,4.942,4.967,2534543.0
2024-06-07,4.989,5.002,4.91,4.942,2743246.0
2024-06-11,4.925,4.973,4.897,4.954,1877216.0
2024-06-12,4.943,4.986,4.941,4.969,1893932.0
2024-06-13,4.977,4.981,4.927,4.942,1952078.0
2024-06-14,4.933,4.988,4.912,4.967,3141984.0
2024-06-17,4.945,4.971,4.937,4.949,1440541.0
2024-06-18,4.953,4.994,4.953,4.976,2480729.0
2024-06-19,4.985,4.99,4.916,4.922,1973026.0
2024-06-20,4.917,4.933,4.839,4.844,1739755.0
2024-06-21,4.837,4.879,4.827,4.853,2661721.0
2024-06-24,4.838,4.838,4.734,4.745,8320736.0
2024-06-25,4.748,4.763,4.662,4.701,5414475.0
2024-06-26,4.69,4.78,4.668,4.77,3800469.0
2024-06-27,4.751,4.757,4.682,4.686,6434058.0
2024-06-28,4.676,4.763,4.67,4.694,4148317.0
2024-07-01,4.694,4.776,4.679,4.753,3095527.0
2024-07-02,4.75,4.755,4.688,4.707,1998284.0
2024-07-03,4.701,4.712,4.658,4.664,1875123.0
2024-07-04,4.678,4.687,4.584,4.593,5107613.0
2024-07-05,4.588,4.639,4.557,4.628,2084542.0
2024-07-08,4.613,4.617,4.529,4.546,2343628.0
2024-07-09,4.538,4.655,4.511,4.634,3407766.0
2024-07-10,4.624,4.655,4.604,4.606,1895942.0
2024-07-11,4.662,4.713,4.632,4.705,2851786.0
2024-07-12,4.697,4.705,4.671,4.683,1508868.0
2024-07-15,4.668,4.676,4.638,4.647,4545598.0
2024-07-16,4.637,4.68,4.62,4.664,2187526.0
2024-07-17,4.66,4.671,4.624,4.629,6147727.0
2024-07-18,4.615,4.654,4.564,4.652,4745455.0
2024-07-19,4.626,4.676,4.612,4.644,6176636.0
2024-07-22,4.646,4.663,4.603,4.632,3043014.0
2024-07-23,4.629,4.65,4.49,4.492,2442099.0
2024-07-24,4.486,4.507,4.428,4.435,3252320.0
2024-07-25,4.422,4.481,4.406,4.429,2660303.0
2024-07-26,4.431,4.518,4.43,4.504,2415192.0
2024-07-29,4.499,4.511,4.471,4.474,1469911.0
2024-07-30,4.465,4.487,4.416,4.47,2338607.0
2024-07-31,4.47,4.675,4.455,4.673,5569471.0
2024-08-01,4.673,4.71,4.604,4.628,3504122.0
2024-08-02,4.592,4.653,4.552,4.562,2235956.0
2024-08-05,4.538,4.624,4.461,4.468,4152751.0
2024-08-06,4.517,4.55,4.464,4.519,2616120.0
2024-08-07,4.516,4.56,4.486,4.521,2391677.0
2024-08-08,4.509,4.57,4.473,4.531,2327848.0
2024-08-09,4.556,4.582,4.487,4.49,2167099.0
2024-08-12,4.488,4.514,4.465,4.492,2027173.0
2024-08-13,4.492,4.507,4.449,4.502,1900885.0
2024-08-14,4.504,4.504,4.433,4.435,2162187.0
2024-08-15,4.422,4.524,4.418,4.472,5371351.0
2024-08-16,4.47,4.484,4.438,4.444,7930053.0
2024-08-19,4.439,4.508,4.437,4.452,2759482.0
2024-08-20,4.46,4.46,4.356,4.37,3508603.0
2024-08-21,4.365,4.381,4.355,4.361,1320021.0
2024-08-22,4.363,4.371,4.296,4.305,4023252.0
2024-08-23,4.301,4.324,4.288,4.306,1584263.0
2024-08-26,4.31,4.333,4.294,4.311,1009724.0
2024-08-27,4.295,4.303,4.262,4.265,2339918.0
2024-08-28,4.264,4.303,4.253,4.266,2723424.0
2024-08-29,4.254,4.353,4.246,4.33,4365292.0
2024-08-30,4.326,4.485,4.322,4.41,6989480.0
2024-09-02,4.398,4.407,4.313,4.315,4362037.0
2024-09-03,4.314,4.388,4.313,4.364,2944586.0
2024-09-04,4.338,4.398,4.32,4.352,2212121.0
2024-09-05,4.378,4.406,4.353,4.373,1695282.0
2024-09-06,4.388,4.391,4.302,4.309,2268192.0
2024-09-09,4.298,4.318,4.259,4.276,1803374.0
2024-09-10,4.285,4.301,4.198,4.274,2775346.0
2024-09-11,4.254,4.302,4.247,4.286,1792621.0
2024-09-12,4.294,4.343,4.264,4.268,2424416.0
2024-09-13,4.272,4.281,4.218,4.22,1858175.0
2024-09-18,4.225,4.248,4.161,4.235,2100924.0
2024-09-19,4.244,4.342,4.204,4.298,4296814.0
2024-09-20,4.283,4.288,4.24,4.266,2651260.0
2024-09-23,4.257,4.321,4.248,4.265,2503894.0
2024-09-24,4.318,4.478,4.277,4.477,8622586.0
2024-09-25,4.548,4.627,4.499,4.511,7069312.0
2024-09-26,4.493,4.765,4.492,4.759,11789570.0
2024-09-27,4.841,5.264,4.803,5.191,6199223.0
2024-09-30,5.487,5.74,5.199,5.693,19862373.0
2024-10-08,6.293,6.293,5.694,5.944,25698267.0
2024-10-09,5.739,5.882,5.469,5.561,13624744.0
2024-10-10,5.568,5.685,5.397,5.487,7292272.0
2024-10-11,5.43,5.45,5.183,5.254,7865974.0
2024-10-14,5.268,5.415,5.189,5.391,7598652.0
2024-10-15,5.353,5.448,5.238,5.249,7531380.0
2024-10-16,5.195,5.342,5.185,5.244,5724795.0
2024-10-17,5.274,5.331,5.198,5.2,6486966.0
2024-10-18,5.203,5.629,5.195,5.435,11392536.0
2024-10-21,5.459,5.589,5.416,5.491,6958180.0
2024-10-22,5.478,5.567,5.457,5.544,4319804.0
2024-10-23,5.544,5.654,5.517,5.567,4872250.0
2024-10-24,5.536,5.55,5.481,5.516,3521886.0
2024-10-25,5.526,5.643,5.519,5.605,3873432.0
2024-10-28,5.598,5.676,5.574,5.673,5321029.0
2024-10-29,5.688,5.711,5.594,5.614,6047604.0
2024-10-30,5.597,5.665,5.564,5.632,6930217.0
2024-10-31,5.624,5.743,5.6,5.698,6242413.0
2024-11-01,5.689,5.725,5.594,5.644,3911259.0
2024-11-04,5.644,5.733,5.64,5.731,2684838.0
2024-11-05,5.732,5.938,5.702,5.914,5750979.0
2024-11-06,5.918,6.005,5.878,5.921,5013235.0
2024-11-07,5.888,6.048,5.868,6.041,4380400.0
2024-11-08,6.099,6.136,6.003,6.024,5623583.0
2024-11-11,5.984,6.133,5.98,6.13,4904753.0
2024-11-12,6.138,6.18,6.007,6.07,4347827.0
2024-11-13,6.032,6.074,5.959,6.051,2816386.0
2024-11-14,6.041,6.041,5.868,5.879,5207919.0
2024-11-15,5.867,5.892,5.717,5.719,7541458.0
2024-11-18,5.728,5.766,5.589,5.629,6454073.0
2024-11-19,5.632,5.727,5.572,5.722,7039411.0
2024-11-20,5.708,5.807,5.688,5.783,5387512.0
2024-11-21,5.772,5.802,5.732,5.778,1893214.0
2024-11-22,5.766,5.772,5.534,5.538,2633179.0
2024-11-25,5.553,5.563,5.455,5.523,2286011.0
2024-11-26,5.508,5.561,5.478,5.483,1899722.0
2024-11-27,5.48,5.605,5.398,5.594,3402143.0
2024-11-28,5.587,5.616,5.537,5.556,2622950.0
2024-11-29,5.551,5.701,5.529,5.642,4044346.0
2024-12-02,5.644,5.76,5.637,5.734,3653448.0
2024-12-03,5.736,5.756,5.675,5.724,2970411.0
2024-12-04,5.718,5.74,5.646,5.679,2643418.0
2024-12-05,5.663,5.72,5.646,5.696,1955047.0
2024-12-06,5.694,5.816,5.666,5.774,5358862.0
2024-12-09,5.773,5.796,5.702,5.741,4031534.0
2024-12-10,5.978,5.981,5.775,5.793,5552326.0
2024-12-11,5.779,5.851,5.776,5.839,5613923.0
2024-12-12,5.838,5.914,5.821,5.895,4293467.0
2024-12-13,5.836,5.859,5.778,5.797,7779196.0
2024-12-16,5.788,5.795,5.684,5.703,4533264.0
2024-12-17,5.699,5.716,5.63,5.639,4412301.0
2024-12-18,5.653,5.716,5.638,5.677,2669874.0
2024-12-19,5.629,5.714,5.605,5.695,3254784.0
2024-12-20,5.685,5.748,5.677,5.707,4144643.0
2024-12-23,5.708,5.723,5.609,5.613,4681949.0
2024-12-24,5.614,5.689,5.613,5.68,4469854.0
2024-12-25,5.681,5.681,5.582,5.63,4826393.0
2024-12-26,5.63,5.686,5.625,5.675,2742466.0
2024-12-27,5.665,5.773,5.665,5.689,3076206.0
2024-12-30,5.686,5.719,5.656,5.687,1887245.0
2024-12-31,5.687,5.697,5.506,5.509,7477379.0
2025-01-02,5.505,5.507,5.277,5.335,4351665.0
2025-01-03,5.33,5.363,5.202,5.221,4461330.0
2025-01-06,5.213,5.266,5.169,5.208,3302311.0
2025-01-07,5.209,5.267,5.182,5.266,4055360.0
2025-01-08,5.248,5.29,5.108,5.243,4236655.0
2025-01-09,5.223,5.277,5.219,5.239,2684390.0
2025-01-10,5.235,5.284,5.154,5.157,2313565.0
2025-01-13,5.109,5.207,5.108,5.166,2985827.0
2025-01-14,5.179,5.373,5.154,5.353,5016496.0
2025-01-15,5.343,5.35,5.297,5.308,4353645.0
2025-01-16,5.331,5.422,5.289,5.326,5068270.0
2025-01-17,5.299,5.41,5.299,5.37,2755505.0
2025-01-20,5.404,5.455,5.382,5.397,3234081.0
2025-01-21,5.419,5.434,5.356,5.417,3450430.0
2025-01-22,5.4,5.408,5.348,5.396,3212695.0
2025-01-23,5.439,5.513,5.369,5.373,4192641.0
2025-01-24,5.358,5.452,5.357,5.441,5009241.0
2025-01-27,5.448,5.464,5.371,5.374,4883961.0
2025-02-05,5.427,5.432,5.371,5.397,2639928.0
2025-02-06,5.387,5.538,5.379,5.529,4672607.0
2025-02-07,5.533,5.685,5.523,5.62,4842323.0
2025-02-10,5.632,5.68,5.619,5.671,4069189.0
2025-02-11,5.67,5.688,5.608,5.648,2711553.0
2025-02-12,5.628,5.732,5.628,5.725,2615958.0
2025-02-13,5.723,5.744,5.675,5.696,2836255.0
2025-02-14,5.68,5.751,5.675,5.742,3231129.0
2025-02-17,5.762,5.771,5.689,5.733,3692692.0
2025-02-18,5.712,5.736,5.599,5.633,3047851.0
2025-02-19,5.622,5.734,5.619,5.726,3187797.0
2025-02-20,5.724,5.764,5.703,5.741,3821242.0
2025-02-21,5.756,5.857,5.728,5.843,3384487.0
2025-02-24,5.837,5.859,5.788,5.825,4034275.0
2025-02-25,5.776,5.824,5.744,5.762,2809776.0
2025-02-26,5.776,5.845,5.754,5.834,3356211.0
2025-02-27,5.823,5.847,5.728,5.818,3013502.0
2025-02-28,5.78,5.789,5.636,5.656,3140821.0
2025-03-03,5.656,5.753,5.64,5.666,2773490.0
2025-03-04,5.628,5.733,5.621,5.718,2026357.0
2025-03-05,5.721,5.743,5.67,5.733,2454551.0
2025-03-06,5.759,5.854,5.755,5.828,4029340.0
2025-03-07,5.81,5.849,5.776,5.802,3157096.0
2025-03-10,5.797,5.82,5.75,5.795,3345878.0
2025-03-11,5.735,5.828,5.732,5.825,1617295.0
2025-03-12,5.838,5.887,5.82,5.829,2047492.0
2025-03-13,5.819,5.837,5.729,5.778,2125910.0
2025-03-14,5.781,5.889,5.761,5.887,4824885.0
2025-03-17,5.899,5.91,5.876,5.889,3835627.0
2025-03-18,5.901,5.955,5.897,5.915,1786536.0
2025-03-19,5.904,5.915,5.857,5.891,1508335.0
2025-03-20,5.888,5.894,5.844,5.849,2623956.0
2025-03-21,5.822,5.855,5.739,5.757,2455737.0
2025-03-24,5.759,5.768,5.672,5.75,2315640.0
2025-03-25,5.746,5.773,5.71,5.73,1978020.0
2025-03-26,5.722,5.772,5.722,5.73,1918078.0
2025-03-27,5.726,5.789,5.673,5.745,2122545.0
2025-03-28,5.742,5.761,5.686,5.698,1995542.0
2025-03-31,5.67,5.697,5.585,5.643,1817963.0
2025-04-01,5.653,5.719,5.648,5.675,1740931.0
2025-04-02,5.668,5.727,5.658,5.682,1784233.0
2025-04-03,5.634,5.696,5.605,5.631,2664772.0
2025-04-07,5.409,5.451,5.047,5.069,4617801.0
2025-04-08,5.101,5.16,5.039,5.102,30285654.0
2025-04-09,5.044,5.246,4.928,5.217,3538250.0
2025-04-10,5.292,5.398,5.29,5.324,2669818.0
2025-04-11,5.299,5.417,5.298,5.362,2220743.0
2025-04-14,5.404,5.441,5.389,5.406,2150627.0
2025-04-15,5.404,5.408,5.351,5.383,3207385.0
2025-04-16,5.347,5.37,5.279,5.334,6661825.0
2025-04-17,5.313,5.392,5.309,5.337,2247617.0
2025-04-18,5.329,5.365,5.308,5.339,2950684.0
2025-04-21,5.333,5.43,5.311,5.421,2567589.0
2025-04-22,5.408,5.434,5.396,5.406,1434074.0
2025-04-23,5.428,5.472,5.397,5.417,2331671.0
2025-04-24,5.417,5.433,5.366,5.394,1605892.0
2025-04-25,5.399,5.451,5.381,5.41,2041463.0
2025-04-28,5.409,5.414,5.365,5.384,2026017.0
2025-04-29,5.359,5.411,5.353,5.387,1247374.0
2025-04-30,5.387,5.431,5.386,5.415,2073912.0
2025-05-06,5.444,5.524,5.442,5.522,1856919.0
2025-05-07,5.587,5.634,5.497,5.532,2232101.0
2025-05-08,5.518,5.574,5.513,5.556,2288960.0
2025-05-09,5.549,5.55,5.489,5.509,1686336.0
2025-05-12,5.534,5.586,5.526,5.581,1705953.0
2025-05-13,5.614,5.615,5.553,5.567,1977886.0
2025-05-14,5.564,5.628,5.535,5.587,2413135.0
2025-05-15,5.57,5.576,5.499,5.51,1923033.0
2025-05-16,5.495,5.524,5.492,5.5,1753816.0
2025-05-19,5.499,5.519,5.454,5.514,1410520.0
2025-05-20,5.517,5.553,5.491,5.538,1167503.0
2025-05-21,5.528,5.553,5.52,5.545,828511.0
2025-05-22,5.522,5.554,5.493,5.5,1393033.0
2025-05-23,5.496,5.536,5.449,5.451,1908861.0
2025-05-26,5.446,5.493,5.434,5.46,1681779.0
2025-05-27,5.461,5.467,5.422,5.446,2079550.0
2025-05-28,5.446,5.459,5.423,5.436,1296504.0
2025-05-29,5.439,5.528,5.438,5.516,3204956.0
2025-05-30,5.499,5.5,5.46,5.483,3345407.0
2025-06-03,5.469,5.519,5.455,5.492,1375063.0
2025-06-04,5.493,5.552,5.493,5.538,1095253.0
2025-06-05,5.545,5.588,5.522,5.573,1685858.0
2025-06-06,5.572,5.583,5.559,5.574,1010747.0
2025-06-09,5.584,5.641,5.578,5.614,1958622.0
2025-06-10,5.614,5.618,5.531,5.566,1825379.0
2025-06-11,5.566,5.637,5.566,5.603,2303796.0
2025-06-12,5.598,5.624,5.575,5.614,922337.0
2025-06-13,5.603,5.611,5.543,5.565,1596903.0
2025-06-16,5.544,5.601,5.544,5.586,1802021.0
2025-06-17,5.591,5.597,5.558,5.574,2235067.0
2025-06-18,5.575,5.579,5.529,5.565,1501328.0
2025-06-19,5.552,5.574,5.484,5.507,2202724.0
2025-06-20,5.502,5.518,5.467,5.468,3236440.0
2025-06-23,5.457,5.515,5.45,5.501,1917814.0
2025-06-24,5.512,5.597,5.512,5.593,3842874.0
2025-06-25,5.601,5.708,5.597,5.702,3724601.0
2025-06-26,5.694,5.715,5.674,5.677,2343963.0
2025-06-27,5.683,5.747,5.674,5.699,2229407.0
2025-06-30,5.706,5.757,5.705,5.752,2444974.0
2025-07-01,5.739,5.773,5.723,5.771,1382361.0
2025-07-02,5.75,5.755,5.718,5.736,1297455.0
2025-07-03,5.736,5.767,5.724,5.76,1197558.0
2025-07-04,5.747,5.814,5.729,5.752,1626178.0
2025-07-07,5.746,5.755,5.73,5.74,787038.0
2025-07-08,5.74,5.828,5.737,5.82,1674850.0
2025-07-09,5.821,5.833,5.789,5.794,1531960.0
2025-07-10,5.794,5.85,5.786,5.827,1303243.0
2025-07-11,5.824,5.914,5.806,5.879,2491185.0
2025-07-14,5.877,5.888,5.859,5.868,1168520.0
2025-07-15,5.855,5.9,5.818,5.866,1582649.0
2025-07-16,5.863,5.917,5.844,5.865,1641379.0
2025-07-17,5.864,5.937,5.858,5.935,1181068.0
2025-07-18,5.937,5.972,5.924,5.954,1608246.0
2025-07-21,5.96,6.017,5.959,6.015,2550110.0
2025-07-22,6.018,6.084,6.007,6.081,2237787.0
2025-07-23,6.084,6.123,6.047,6.059,2803027.0
2025-07-24,6.047,6.157,6.046,6.152,2070370.0
2025-07-25,6.156,6.166,6.128,6.154,3175692.0
2025-07-28,6.154,6.192,6.125,6.18,2017572.0
2025-07-29,6.164,6.221,6.124,6.22,2131929.0
2025-07-30,6.197,6.23,6.129,6.178,1889246.0
2025-07-31,6.151,6.178,6.062,6.086,1986009.0
2025-08-01,6.069,6.117,6.039,6.076,1581956.0
2025-08-04,6.048,6.125,6.041,6.124,1043707.0
2025-08-05,6.127,6.167,6.127,6.165,1206725.0
2025-08-06,6.135,6.223,6.135,6.217,1719765.0
2025-08-07,6.217,6.232,6.155,6.197,1617284.0
2025-08-08,6.168,6.211,6.164,6.186,1036035.0
2025-08-11,6.192,6.273,6.192,6.253,1672288.0
2025-08-12,6.255,6.287,6.228,6.286,1065318.0
2025-08-13,6.295,6.385,6.289,6.371,1792705.0
2025-08-14,6.35,6.386,6.278,6.303,2238969.0
2025-08-15,6.29,6.452,6.283,6.447,2291167.0
2025-08-18,6.477,6.59,6.447,6.537,4186833.0
2025-08-19,6.537,6.575,6.5,6.522,3147655.0
2025-08-20,6.503,6.615,6.456,6.613,3376600.0
2025-08-21,6.625,6.645,6.548,6.575,2983306.0
2025-08-22,6.574,6.71,6.574,6.704,8437785.0
2025-08-25,6.751,6.854,6.733,6.826,8814868.0
2025-08-26,6.799,6.891,6.784,6.837,4988464.0
2025-08-27,6.835,6.949,6.733,6.742,4323272.0
2025-08-28,6.742,6.897,6.672,6.893,3895262.0
2025-08-29,6.883,6.969,6.858,6.93,3494619.0
2025-09-01,6.95,6.999,6.913,6.995,1830813.0
2025-09-02,6.964,6.979,6.784,6.844,2451194.0
2025-09-03,6.851,6.873,6.704,6.729,2409955.0
2025-09-04,6.735,6.783,6.478,6.568,3268974.0
2025-09-05,6.568,6.812,6.547,6.8,3077452.0
2025-09-08,6.8,6.873,6.76,6.862,2330317.0
2025-09-09,6.84,6.866,6.754,6.795,1395901.0
2025-09-10,6.783,6.852,6.74,6.792,1215725.0
2025-09-11,6.789,7.018,6.746,7.013,4717183.0
2025-09-12,7.016,7.09,6.998,7.031,2593774.0
2025-09-15,7.041,7.051,6.998,7.015,3566121.0
2025-09-16,7.017,7.083,6.954,7.071,2361255.0
2025-09-17,7.055,7.152,7.032,7.146,1586836.0
2025-09-18,7.141,7.237,6.989,7.081,3384182.0
2025-09-19,7.068,7.115,7.019,7.05,2855523.0
2025-09-22,7.048,7.109,7.015,7.107,2356181.0
2025-09-23,7.107,7.124,6.929,7.066,2629621.0
2025-09-24,7.021,7.225,7.016,7.221,2194535.0
2025-09-25,7.219,7.267,7.204,7.23,1640250.0
2025-09-26,7.19,7.244,7.122,7.125,2210031.0
2025-09-29,7.124,7.28,7.101,7.251,3329400.0
2025-09-30,7.252,7.322,7.252,7.308,2693319.0
2025-10-09,7.342,7.467,7.329,7.438,2473304.0
2025-10-10,7.4,7.408,7.268,7.294,2915277.0
2025-10-13,7.079,7.277,7.079,7.258,3865377.0
2025-10-14,7.299,7.342,7.048,7.078,4260165.0
2025-10-15,7.077,7.188,7.042,7.182,2467557.0
2025-10-16,7.109,7.188,7.085,7.125,2750738.0
2025-10-17,7.107,7.148,6.891,6.903,3014754.0
2025-10-20,6.963,7.022,6.915,6.949,3562494.0
2025-10-21,6.971,7.084,6.966,7.069,4851064.0
2025-10-22,7.039,7.05,6.991,7.013,2713715.0
2025-10-23,6.991,7.043,6.903,7.038,2033734.0
2025-10-24,7.063,7.161,7.057,7.158,2274704.0
2025-10-27,7.222,7.28,7.191,7.267,2142854.0
2025-10-28,7.257,7.303,7.199,7.23,1704494.0
2025-10-29,7.241,7.385,7.239,7.383,2061923.0
2025-10-30,7.375,7.375,7.265,7.286,2397754.0
2025-10-31,7.283,7.334,7.223,7.225,2395264.0
2025-11-03,7.216,7.237,7.101,7.228,2540990.0
2025-11-04,7.209,7.214,7.057,7.102,2978830.0
2025-11-05,6.989,7.148,6.989,7.119,1432956.0
2025-11-06,7.124,7.253,7.124,7.24,1739947.0
2025-11-07,7.209,7.265,7.172,7.229,1037520.0
2025-11-10,7.264,7.291,7.179,7.237,1123352.0
2025-11-11,7.257,7.284,7.17,7.183,1586675.0
2025-11-12,7.157,7.206,7.077,7.145,1342175.0
2025-11-13,7.126,7.27,7.126,7.254,1886617.0
2025-11-14,7.192,7.224,7.124,7.127,1555990.0
2025-11-17,7.123,7.163,7.097,7.125,2198044.0
2025-11-18,7.099,7.124,7.006,7.051,2654207.0
2025-11-19,7.041,7.082,6.982,7.016,2467924.0
2025-11-20,7.059,7.082,6.952,6.959,3032408.0
2025-11-21,6.887,6.92,6.707,6.711,7553568.0
2025-11-24,6.749,6.795,6.692,6.759,4147657.0
2025-11-25,6.805,6.915,6.803,6.843,6043585.0
2025-11-26,6.844,6.913,6.827,6.854,4139294.0
2025-11-27,6.854,6.943,6.829,6.839,1885426.0
2025-11-28,6.837,6.933,6.831,6.924,1773332.0
2025-12-01,6.941,6.992,6.927,6.991,1320063.0
2025-12-02,6.943,6.977,6.912,6.93,1503697.0
2025-12-03,6.934,6.959,6.867,6.892,1213240.0
2025-12-04,6.889,6.939,6.849,6.914,1223711.0
2025-12-05,6.911,7.008,6.856,7.005,3085261.0
2025-12-08,7.027,7.094,7.018,7.067,2828081.0
2025-12-09,7.045,7.079,7.0,7.013,1924356.0
2025-12-10,7.014,7.069,6.961,7.052,2595578.0
2025-12-11,7.064,7.073,6.985,6.99,1861384.0
2025-12-12,7.006,7.093,6.973,7.074,3755285.0
2025-12-15,7.039,7.088,7.018,7.025,1747858.0
2025-12-16,7.009,7.009,6.865,6.915,2629014.0
2025-12-17,6.909,7.076,6.889,7.048,2996344.0
2025-12-18,7.014,7.084,7.008,7.01,2514901.0
2025-12-19,7.027,7.107,7.02,7.075,2509672.0
2025-12-22,7.109,7.186,7.109,7.157,2817475.0
2025-12-23,7.153,7.206,7.138,7.163,1850595.0
2025-12-24,7.162,7.281,7.152,7.259,3503673.0
2025-12-25,7.258,7.344,7.241,7.323,2869616.0
2025-12-26,7.333,7.405,7.316,7.369,5147301.0
2025-12-29,7.368,7.399,7.32,7.337,3378040.0
2025-12-30,7.301,7.414,7.301,7.37,2414779.0
2025-12-31,7.386,7.4,7.34,7.377,4463534.0
2026-01-05,7.431,7.583,7.429,7.581,2763714.0
2026-01-06,7.586,7.754,7.586,7.75,3560767.0
2026-01-07,7.758,7.829,7.743,7.788,4315868.0
2026-01-08,7.763,7.867,7.761,7.813,3822311.0
2026-01-09,7.813,8.012,7.812,8.005,5252035.0
2026-01-12,8.059,8.237,8.024,8.205,5715199.0
2026-01-13,8.226,8.229,8.048,8.095,5240340.0
2026-01-14,8.097,8.325,8.039,8.154,13490762.0
2026-01-15,8.089,8.179,8.054,8.128,31673005.0
2026-01-16,8.169,8.204,8.091,8.146,20507550.0
2026-01-19,8.121,8.248,8.101,8.199,15215857.0
2026-01-20,8.207,8.265,8.052,8.175,16142559.0
2026-01-21,8.133,8.286,8.131,8.283,10340941.0
2026-01-22,8.311,8.347,8.255,8.32,4808569.0
2026-01-23,8.356,8.576,8.344,8.57,6693456.0
2026-01-26,8.614,8.638,8.368,8.415,16667265.0
2026-01-27,8.393,8.521,8.288,8.47,14746513.0
2026-01-28,8.496,8.571,8.446,8.542,25174466.0
2026-01-29,8.512,8.605,8.425,8.442,13734677.0
2026-01-30,8.369,8.445,8.083,8.291,12838777.0
2026-02-02,8.181,8.251,7.896,7.9,19473869.0
2026-02-03,8.037,8.226,7.983,8.217,9366022.0
2026-02-04,8.211,8.246,8.1,8.239,12287970.0
2026-02-05,8.151,8.164,7.998,8.068,9552432.0
2026-02-06,7.956,8.181,7.926,8.064,9399366.0
2026-02-09,8.201,8.248,8.157,8.246,5942628.0
2026-02-10,8.246,8.255,8.18,8.228,3443425.0
2026-02-11,8.206,8.308,8.206,8.262,2952357.0
2026-02-12,8.261,8.378,8.261,8.365,3976171.0
2026-02-13,8.325,8.347,8.212,8.224,10173966.0
2026-02-24,8.322,8.385,8.254,8.32,4388049.0
2026-02-25,8.331,8.484,8.33,8.453,7358841.0
2026-02-26,8.474,8.507,8.412,8.481,8055576.0
2026-02-27,8.431,8.59,8.431,8.588,4820349.0
2026-03-02,8.533,8.624,8.471,8.584,7723957.0
2026-03-03,8.591,8.591,8.186,8.226,6797897.0
2026-03-04,8.092,8.317,8.088,8.168,5269815.0
2026-03-05,8.284,8.31,8.162,8.222,5521642.0
2026-03-06,8.161,8.32,8.161,8.272,3177456.0
2026-03-09,8.149,8.231,7.975,8.207,4694397.0
2026-03-10,8.291,8.343,8.242,8.332,4355739.0
2026-03-11,8.34,8.37,8.292,8.319,3852283.0
2026-03-12,8.303,8.346,8.205,8.277,3256224.0
2026-03-13,8.213,8.298,8.141,8.162,1982291.0
2026-03-16,8.149,8.159,7.975,8.11,3928895.0
2026-03-17,8.116,8.141,7.925,7.929,3492036.0
2026-03-18,7.961,8.019,7.874,8.007,4921480.0
2026-03-19,7.891,7.924,7.757,7.796,3918003.0
2026-03-20,7.811,7.863,7.66,7.663,7316340.0
2026-03-23,7.552,7.628,7.311,7.363,6748011.0
2026-03-24,7.44,7.508,7.288,7.503,5910871.0
2026-03-25,7.551,7.73,7.549,7.677,5865893.0
2026-03-26,7.643,7.686,7.532,7.551,3201844.0
2026-03-27,7.431,7.703,7.431,7.654,3963090.0
2026-03-30,7.557,7.687,7.516,7.669,4782422.0
2026-03-31,7.656,7.711,7.531,7.534,3683999.0
2026-04-01,7.666,7.701,7.606,7.66,3566686.0
2026-04-02,7.622,7.66,7.47,7.523,4864342.0
2026-04-03,7.548,7.558,7.432,7.454,2407769.0
2026-04-07,7.468,7.552,7.451,7.48,3281318.0
2026-04-08,7.671,7.88,7.666,7.877,11550045.0
2026-04-09,7.812,7.86,7.759,7.815,6428258.0
2026-04-10,7.866,8.0,7.866,7.886,3800349.0
2026-04-13,7.836,7.91,7.829,7.879,4777283.0
2026-04-14,7.961,8.013,7.918,8.01,4368138.0
2026-04-15,8.071,8.086,7.946,7.962,4083180.0
2026-04-16,7.981,8.122,7.976,8.104,4879686.0
2026-04-17,8.083,8.163,8.061,8.141,4629737.0
2026-04-20,8.132,8.245,8.129,8.206,9125416.0
2026-04-21,8.202,8.202,8.107,8.182,4613444.0
2026-04-22,8.134,8.308,8.134,8.306,6383224.0
2026-04-23,8.311,8.325,8.147,8.226,6939803.0
2026-04-24,8.172,8.231,8.093,8.174,4371594.0
2026-04-27,8.171,8.249,8.143,8.219,6275188.0
2026-04-28,8.197,8.207,8.098,8.124,6369387.0
2026-04-29,8.091,8.287,8.085,8.273,8789675.0
2026-04-30,8.261,8.301,8.221,8.281,7793619.0
2026-05-06,8.37,8.553,8.369,8.509,10254482.0
2026-05-07,8.553,8.629,8.52,8.622,12291601.0
2026-05-08,8.566,8.639,8.542,8.62,11110986.0
2026-05-11,8.689,8.796,8.639,8.763,6608744.0
2026-05-12,8.771,8.778,8.672,8.713,5103981.0
2026-05-13,8.651,8.872,8.651,8.86,5154451.0
2026-05-14,8.9,8.9,8.611,8.623,8902588.0
2026-05-15,8.611,8.66,8.404,8.463,13136592.0
2026-05-18,8.41,8.547,8.402,8.482,4808791.0
2026-05-19,8.464,8.56,8.332,8.554,7097897.0
2026-05-20,8.503,8.611,8.477,8.599,5067923.0
2026-05-21,8.651,8.738,8.335,8.354,5345049.0
2026-05-22,8.404,8.535,8.361,8.509,7929375.0
2026-05-25,8.559,8.641,8.47,8.637,6085135.0
2026-05-26,8.594,8.62,8.468,8.603,2414019.0
2026-05-27,8.591,8.672,8.431,8.465,3302420.0
2026-05-28,8.426,8.545,8.357,8.5,3322216.0
2026-05-29,8.511,8.532,8.238,8.294,3279447.0
2026-06-01,8.285,8.383,8.205,8.221,4083694.0
2026-06-02,8.219,8.331,8.089,8.257,4588094.0
2026-06-03,8.251,8.416,8.231,8.306,3267377.0
2026-06-04,8.222,8.34,8.222,8.299,2959299.0
2026-06-05,8.266,8.351,8.165,8.19,4320457.0
2026-06-08,8.011,8.084,7.834,7.919,4687884.0
2026-06-09,7.971,8.136,7.909,8.121,3622747.0
2026-06-10,8.035,8.091,7.929,8.022,2792841.0
2026-06-11,7.984,8.043,7.919,7.984,1815580.0
2026-06-12,8.148,8.221,8.062,8.093,3133578.0
2026-06-15,8.173,8.401,8.163,8.395,7767758.0
2026-06-16,8.401,8.519,8.376,8.483,3195350.0
2026-06-17,8.453,8.617,8.431,8.614,1986424.0
2026-06-18,8.577,8.714,8.573,8.679,2529609.0
2026-06-22,8.691,8.861,8.599,8.858,3701087.0
2026-06-23,8.831,8.879,8.609,8.666,4233461.0
2026-06-24,8.627,8.846,8.607,8.836,2827084.0
2026-06-25,8.835,8.938,8.791,8.936,2062756.0
2026-06-26,8.857,8.917,8.646,8.712,3351957.0
2026-06-29,8.691,8.83,8.585,8.825,2845305.0
2026-06-30,8.795,9.054,8.76,9.045,2030249.0
2026-07-01,9.052,9.156,8.951,9.031,2520695.0
2026-07-02,8.942,8.942,8.664,8.7,4142917.0
2026-07-03,8.649,8.865,8.641,8.752,2801352.0
2026-07-06,8.781,8.817,8.578,8.661,3599631.0
2026-07-07,8.611,8.668,8.464,8.508,2773149.0
2026-07-08,8.512,8.564,8.353,8.402,5473194.0
2026-07-09,8.413,8.666,8.295,8.655,5942522.0
2026-07-10,8.657,8.784,8.512,8.549,4352062.0
2026-07-13,8.461,8.487,8.117,8.143,8964812.0
2026-07-14,8.144,8.27,7.967,8.264,8555023.0
2026-07-15,8.269,8.322,8.113,8.151,3451326.0
2026-07-16,8.061,8.158,7.911,7.956,5747724.0
2026-07-17,7.915,7.928,7.485,7.505,7498029.0
2026-07-20,7.614,7.64,7.226,7.426,11709492.0
2026-07-21,7.423,7.805,7.277,7.792,11867794.0
2026-07-22,7.714,7.887,7.711,7.74,7464387.0
2026-07-23,7.741,7.803,7.661,7.737,2501477.0
2026-07-24,7.651,7.712,7.541,7.545,3406830.0
2026-07-27,7.544,7.739,7.484,7.726,5908661.0
2026-07-28,7.608,7.647,7.429,7.463,7990759.0
2026-07-29,7.46,7.593,7.342,7.54,7014733.0
2026-07-30,7.49,7.557,7.22,7.336,9016071.0
2026-07-31,7.6,7.679,7.491,7.5,9936368.0
2026-08-03,7.461,7.52,7.417,7.42,2995150.0
2026-08-04,7.47,7.665,7.464,7.601,6648014.0
2026-08-05,7.6,7.854,7.575,7.815,5359097.0
2026-08-06,7.75,7.872,7.723,7.832,5939539.0
2026-08-07,7.82,7.993,7.767,7.987,3700689.0
2026-08-10,8.002,8.04,7.922,8.037,3222276.0
2026-08-11,7.993,8.093,7.959,7.989,2190261.0
2026-08-12,7.982,8.086,7.973,8.053,1808726.0
2026-08-13,8.085,8.149,7.979,7.98,3508877.0
2026-08-14,8.0,8.024,7.91,7.998,2546785.0
2026-08-17,8.005,8.198,7.998,8.197,2791381.0
2026-08-18,8.194,8.223,8.075,8.185,3072561.0
2026-08-19,8.085,8.085,7.781,7.804,4830535.0
2026-08-20,7.855,7.931,7.818,7.863,2902146.0
2026-08-21,7.838,7.898,7.768,7.866,2865688.0
2026-08-24,7.859,7.875,7.63,7.74,3524545.0
2026-08-25,7.663,7.777,7.594,7.726,3782961.0
2026-08-26,7.732,7.863,7.708,7.789,4360646.0
2026-08-27,7.799,7.979,7.782,7.973,4170215.0
2026-08-28,7.96,8.004,7.913,7.923,2672216.0
2026-08-31,7.85,7.978,7.775,7.967,4777499.0
2026-09-01,7.967,7.967,7.87,7.881,3868859.0
2026-09-02,7.796,7.798,7.706,7.751,3761652.0
2026-09-03,7.791,7.825,7.702,7.781,3324163.0
2026-09-04,7.826,7.88,7.63,7.673,5259173.0
2026-09-07,7.704,7.822,7.7,7.771,6646907.0
2026-09-08,7.78,7.86,7.752,7.788,2887322.0
2026-09-09,7.807,7.845,7.74,7.785,2615991.0
2026-09-10,7.741,7.794,7.711,7.742,2628617.0
2026-09-11,7.684,7.686,7.468,7.611,5716158.0
2026-09-14,7.532,7.631,7.501,7.598,3495654.0
2026-09-15,7.59,7.67,7.563,7.588,4175511.0
2026-09-16,7.583,7.729,7.542,7.71,4616643.0
2026-09-17,7.7,7.77,7.64,7.69,3925374.0
