date,open,high,low,close,volume
2016-11-04,2.663,2.677,2.652,2.658,2239923.0
2016-11-07,2.655,2.666,2.647,2.652,234469.0
2016-11-08,2.652,2.677,2.652,2.671,511343.0
2016-11-09,2.669,2.674,2.603,2.652,128733.0
2016-11-10,2.666,2.693,2.666,2.69,428870.0
2016-11-11,2.688,2.699,2.68,2.699,138440.0
2016-11-14,2.688,2.712,2.688,2.701,153771.0
2016-11-15,2.699,2.723,2.699,2.723,178394.0
2016-11-16,2.704,2.74,2.704,2.721,125796.0
2016-11-17,2.71,2.721,2.699,2.712,62557.0
2016-11-18,2.712,2.723,2.699,2.704,66260.0
2016-11-21,2.699,2.718,2.699,2.712,86622.0
2016-11-22,2.71,2.734,2.71,2.734,91309.0
2016-11-23,2.732,2.737,2.715,2.721,77719.0
2016-11-24,2.712,2.712,2.69,2.696,50264.0
2016-11-25,2.693,2.696,2.614,2.693,51735.0
2016-11-28,2.685,2.707,2.685,2.699,33398.0
2016-11-29,2.699,2.699,2.68,2.68,40154.0
2016-11-30,2.677,2.677,2.658,2.666,21189.0
2016-12-01,2.666,2.671,2.658,2.669,14699.0
2016-12-02,2.669,2.669,2.647,2.649,27610.0
2016-12-05,2.628,2.655,2.619,2.633,21767.0
2016-12-06,2.608,2.633,2.606,2.614,31430.0
2016-12-07,2.622,2.644,2.611,2.644,15745.0
2016-12-08,2.641,2.641,2.619,2.619,23638.0
2016-12-09,2.625,2.63,2.611,2.617,13030.0
2016-12-12,2.617,2.617,2.439,2.452,41068.0
2016-12-13,2.463,2.521,2.411,2.463,24822.0
2016-12-14,2.444,2.494,2.444,2.447,5331.0
2016-12-15,2.447,2.494,2.431,2.48,14241.0
2016-12-16,2.472,2.515,2.455,2.515,11847.0
2016-12-19,2.494,2.504,2.474,2.48,11147.0
2016-12-20,2.474,2.576,2.474,2.502,8337.0
2016-12-21,2.488,2.518,2.485,2.518,8807.0
2016-12-22,2.518,2.526,2.48,2.515,5923.0
2016-12-23,2.529,2.529,2.491,2.494,5887.0
2016-12-26,2.472,2.507,2.455,2.504,8052.0
2016-12-27,2.504,2.507,2.474,2.502,8616.0
2016-12-28,2.494,2.502,2.483,2.491,6321.0
2016-12-29,2.477,2.502,2.477,2.48,1838.0
2016-12-30,2.48,2.504,2.472,2.488,3029.0
2017-01-03,2.488,2.507,2.488,2.504,12068.0
2017-01-04,2.496,2.548,2.496,2.54,20473.0
2017-01-05,2.526,2.559,2.526,2.532,16542.0
2017-01-06,2.532,2.545,2.515,2.535,17297.0
2017-01-09,2.51,2.548,2.51,2.545,7979.0
2017-01-10,2.548,2.576,2.535,2.535,8180.0
2017-01-11,2.524,2.551,2.496,2.521,4168.0
2017-01-12,2.494,2.515,2.494,2.504,3042.0
2017-01-13,2.504,2.521,2.466,2.48,4922.0
2017-01-16,2.496,2.496,2.384,2.409,11938.0
2017-01-17,2.409,2.436,2.403,2.425,6367.0
2017-01-18,2.425,2.433,2.398,2.422,5790.0
2017-01-19,2.422,2.422,2.335,2.398,14758.0
2017-01-20,2.373,2.401,2.362,2.39,41953.0
2017-01-23,2.398,2.428,2.39,2.417,30977.0
2017-01-24,2.409,2.425,2.398,2.401,13729.0
2017-01-25,2.395,2.417,2.395,2.409,12197.0
2017-01-26,2.414,2.431,2.414,2.431,8564.0
2017-02-03,2.433,2.436,2.411,2.425,2678.0
2017-02-06,2.42,2.452,2.42,2.452,28183.0
2017-02-07,2.444,2.458,2.439,2.458,2634.0
2017-02-08,2.458,2.474,2.436,2.469,8627.0
2017-02-09,2.469,2.496,2.469,2.494,7244.0
2017-02-10,2.491,2.496,2.485,2.491,9383.0
2017-02-13,2.485,2.518,2.485,2.502,27079.0
2017-02-14,2.502,2.507,2.494,2.499,5279.0
2017-02-15,2.502,2.502,2.472,2.483,16016.0
2017-02-16,2.485,2.499,2.48,2.496,7587.0
2017-02-17,2.499,2.499,2.469,2.48,4951.0
2017-02-20,2.483,2.502,2.472,2.502,29414.0
2017-02-21,2.496,2.529,2.496,2.529,58520.0
2017-02-22,2.526,2.537,2.518,2.529,35558.0
2017-02-23,2.535,2.535,2.513,2.535,20297.0
2017-02-24,2.535,2.548,2.526,2.545,21756.0
2017-02-27,2.535,2.548,2.524,2.526,30238.0
2017-02-28,2.526,2.532,2.518,2.529,12735.0
2017-03-01,2.526,2.545,2.526,2.537,98238.0
2017-03-02,2.54,2.548,2.521,2.521,16287.0
2017-03-03,2.521,2.537,2.507,2.537,22344.0
2017-03-06,2.589,2.595,2.537,2.567,5723.0
2017-03-07,2.567,2.573,2.556,2.57,11998.0
2017-03-08,2.562,2.57,2.554,2.559,25478.0
2017-03-09,2.554,2.554,2.535,2.543,6964.0
2017-03-10,2.548,2.554,2.54,2.545,4816.0
2017-03-13,2.496,2.576,2.496,2.576,83822.0
2017-03-14,2.576,2.576,2.554,2.559,14818.0
2017-03-15,2.551,2.559,2.548,2.556,11576.0
2017-03-16,2.559,2.592,2.559,2.589,51359.0
2017-03-17,2.589,2.603,2.565,2.567,17883.0
2017-03-20,2.567,2.578,2.562,2.576,9335.0
2017-03-21,2.578,2.584,2.573,2.584,36535.0
2017-03-22,2.584,2.584,2.556,2.57,9445.0
2017-03-23,2.57,2.578,2.543,2.567,19106.0
2017-03-24,2.567,2.576,2.559,2.576,12798.0
2017-03-27,2.573,2.581,2.562,2.57,38449.0
2017-03-28,2.567,2.576,2.562,2.565,17676.0
2017-03-29,2.559,2.565,2.54,2.54,16926.0
2017-03-30,2.537,2.537,2.485,2.491,16159.0
2017-03-31,2.494,2.548,2.485,2.496,32696.0
2017-04-05,2.496,2.559,2.496,2.559,21209.0
2017-04-06,2.554,2.567,2.548,2.562,10995.0
2017-04-07,2.559,2.567,2.559,2.562,14709.0
2017-04-10,2.554,2.556,2.532,2.535,9823.0
2017-04-11,2.535,2.556,2.515,2.554,35165.0
2017-04-12,2.537,2.556,2.537,2.537,34042.0
2017-04-13,2.532,2.554,2.532,2.545,3041.0
2017-04-14,2.545,2.545,2.513,2.515,16273.0
2017-04-17,2.504,2.504,2.461,2.469,9341.0
2017-04-18,2.466,2.483,2.45,2.452,9439.0
2017-04-19,2.452,2.452,2.387,2.42,16362.0
2017-04-20,2.431,2.431,2.392,2.403,13030.0
2017-04-21,2.411,2.42,2.398,2.403,7734.0
2017-04-24,2.403,2.403,2.332,2.384,10414.0
2017-04-25,2.354,2.387,2.327,2.332,17396.0
2017-04-26,2.332,2.34,2.327,2.338,6963.0
2017-04-27,2.335,2.351,2.288,2.346,18722.0
2017-04-28,2.346,2.362,2.343,2.362,7151.0
2017-05-02,2.357,2.362,2.351,2.362,3932.0
2017-05-03,2.362,2.362,2.343,2.359,13687.0
2017-05-04,2.34,2.37,2.34,2.351,2996.0
2017-05-05,2.34,2.346,2.321,2.321,3845.0
2017-05-08,2.313,2.316,2.275,2.275,7187.0
2017-05-09,2.277,2.288,2.253,2.286,7467.0
2017-05-10,2.288,2.297,2.245,2.245,6199.0
2017-05-11,2.272,2.272,2.165,2.22,13570.0
2017-05-12,2.223,2.228,2.201,2.22,5257.0
2017-05-15,2.228,2.236,2.223,2.223,1430.0
2017-05-16,2.223,2.277,2.206,2.275,5894.0
2017-05-17,2.277,2.294,2.277,2.28,9256.0
2017-05-18,2.231,2.286,2.231,2.266,6286.0
2017-05-19,2.272,2.272,2.25,2.261,3065.0
2017-05-22,2.256,2.269,2.217,2.223,4957.0
2017-05-23,2.225,2.225,2.146,2.152,26662.0
2017-05-24,2.146,2.165,2.105,2.163,12217.0
2017-05-25,2.16,2.187,2.138,2.179,4594.0
2017-05-26,2.182,2.234,2.179,2.187,8070.0
2017-05-31,2.19,2.212,2.19,2.193,5801.0
2017-06-01,2.173,2.173,2.113,2.113,5466.0
2017-06-02,2.113,2.152,2.094,2.143,12819.0
2017-06-05,2.146,2.168,2.146,2.16,16664.0
2017-06-06,2.157,2.173,2.157,2.168,10518.0
2017-06-07,2.168,2.223,2.168,2.223,27702.0
2017-06-08,2.223,2.247,2.214,2.217,29629.0
2017-06-09,2.217,2.223,2.201,2.223,8832.0
2017-06-12,2.223,2.223,2.182,2.184,30483.0
2017-06-13,2.184,2.223,2.184,2.223,11064.0
2017-06-14,2.22,2.228,2.217,2.22,8729.0
2017-06-15,2.214,2.261,2.214,2.258,32793.0
2017-06-16,2.253,2.261,2.247,2.258,7980.0
2017-06-19,2.258,2.269,2.25,2.269,10006.0
2017-06-20,2.272,2.286,2.223,2.264,36794.0
2017-06-21,2.264,2.275,2.253,2.266,5396.0
2017-06-22,2.266,2.266,2.225,2.225,2909.0
2017-06-23,2.22,2.234,2.198,2.234,5474.0
2017-06-26,2.231,2.261,2.223,2.261,5936.0
2017-06-27,2.261,2.269,2.247,2.256,7272.0
2017-06-28,2.256,2.256,2.239,2.245,4771.0
2017-06-29,2.256,2.266,2.247,2.253,4588.0
2017-06-30,2.25,2.261,2.247,2.261,3667.0
2017-07-03,2.261,2.283,2.253,2.283,8790.0
2017-07-04,2.277,2.283,2.269,2.272,6069.0
2017-07-05,2.277,2.294,2.272,2.294,9404.0
2017-07-06,2.291,2.31,2.28,2.305,5563.0
2017-07-07,2.294,2.307,2.294,2.305,1172.0
2017-07-10,2.307,2.307,2.288,2.291,5478.0
2017-07-11,2.297,2.297,2.261,2.261,4329.0
2017-07-12,2.266,2.272,2.223,2.258,9606.0
2017-07-13,2.256,2.266,2.256,2.258,1380.0
2017-07-14,2.258,2.258,2.247,2.253,557.0
2017-07-17,2.239,2.239,2.121,2.124,13065.0
2017-07-18,2.124,2.152,2.119,2.152,100728.0
2017-07-19,2.146,2.179,2.143,2.179,6799.0
2017-07-20,2.152,2.206,2.152,2.19,8768.0
2017-07-21,2.187,2.201,2.187,2.19,2657.0
2017-07-24,2.187,2.209,2.187,2.206,3653.0
2017-07-25,2.206,2.206,2.195,2.206,3067.0
2017-07-26,2.201,2.206,2.198,2.204,7446.0
2017-07-27,2.204,2.242,2.198,2.242,10432.0
2017-07-28,2.236,2.247,2.234,2.245,10046.0
2017-07-31,2.236,2.261,2.236,2.261,8553.0
2017-08-01,2.261,2.266,2.253,2.261,20464.0
2017-08-02,2.261,2.261,2.239,2.245,4010.0
2017-08-03,2.245,2.264,2.239,2.253,12709.0
2017-08-04,2.25,2.264,2.242,2.242,14034.0
2017-08-07,2.242,2.264,2.242,2.264,3281.0
2017-08-08,2.264,2.275,2.256,2.272,6702.0
2017-08-09,2.264,2.28,2.264,2.277,9338.0
2017-08-10,2.277,2.28,2.247,2.261,4408.0
2017-08-11,2.256,2.256,2.22,2.223,9133.0
2017-08-14,2.223,2.302,2.223,2.302,78898.0
2017-08-15,2.28,2.286,2.269,2.286,33722.0
2017-08-16,2.283,2.302,2.275,2.299,11960.0
2017-08-17,2.299,2.321,2.299,2.318,4374.0
2017-08-18,2.299,2.316,2.299,2.305,2655.0
2017-08-21,2.299,2.324,2.299,2.324,21842.0
2017-08-22,2.316,2.318,2.305,2.307,1965.0
2017-08-23,2.307,2.313,2.283,2.294,47621.0
2017-08-24,2.294,2.297,2.272,2.28,25150.0
2017-08-25,2.277,2.305,2.277,2.305,8018.0
2017-08-28,2.307,2.338,2.307,2.321,22820.0
2017-08-29,2.324,2.329,2.316,2.321,29913.0
2017-08-30,2.318,2.332,2.318,2.332,7338.0
2017-08-31,2.332,2.34,2.332,2.34,12869.0
2017-09-01,2.34,2.362,2.338,2.362,17446.0
2017-09-04,2.365,2.381,2.359,2.379,16820.0
2017-09-05,2.379,2.379,2.359,2.37,5239.0
2017-09-06,2.37,2.392,2.368,2.392,34122.0
2017-09-07,2.392,2.406,2.381,2.381,9313.0
2017-09-08,2.379,2.395,2.37,2.387,8750.0
2017-09-11,2.387,2.488,2.384,2.417,20919.0
2017-09-12,2.414,2.425,2.384,2.411,67083.0
2017-09-13,2.411,2.42,2.398,2.417,4840.0
2017-09-14,2.417,2.428,2.403,2.406,9987.0
2017-09-15,2.406,2.422,2.392,2.403,54564.0
2017-09-18,2.403,2.425,2.401,2.422,43214.0
2017-09-19,2.425,2.431,2.406,2.414,3073.0
2017-09-20,2.414,2.433,2.409,2.433,18742.0
2017-09-21,2.433,2.433,2.403,2.403,1426.0
2017-09-22,2.401,2.403,2.381,2.398,9595.0
2017-09-25,2.398,2.398,2.357,2.359,3681.0
2017-09-26,2.359,2.368,2.351,2.362,10554.0
2017-09-27,2.37,2.387,2.37,2.384,4170.0
2017-09-28,2.384,2.384,2.37,2.37,15736.0
2017-09-29,2.379,2.398,2.379,2.395,21502.0
2017-10-09,2.395,2.428,2.395,2.428,20686.0
2017-10-10,2.431,2.45,2.422,2.45,21417.0
2017-10-11,2.444,2.444,2.436,2.439,15973.0
2017-10-12,2.433,2.433,2.414,2.431,3085.0
2017-10-13,2.431,2.442,2.422,2.439,1589.0
2017-10-16,2.439,2.439,2.39,2.39,5597.0
2017-10-17,2.39,2.403,2.379,2.39,4384.0
2017-10-18,2.39,2.398,2.368,2.368,21197.0
2017-10-19,2.37,2.37,2.335,2.349,6227.0
2017-10-20,2.346,2.373,2.343,2.37,10653.0
2017-10-23,2.373,2.384,2.373,2.384,11865.0
2017-10-24,2.392,2.392,2.351,2.368,1163.0
2017-10-25,2.365,2.384,2.362,2.381,1950.0
2017-10-26,2.376,2.398,2.376,2.398,6109.0
2017-10-27,2.392,2.395,2.381,2.381,3318.0
2017-10-30,2.381,2.381,2.305,2.321,4715.0
2017-10-31,2.324,2.335,2.318,2.335,2165.0
2017-11-01,2.338,2.346,2.338,2.338,1625.0
2017-11-02,2.338,2.338,2.313,2.316,4316.0
2017-11-03,2.316,2.318,2.286,2.294,10915.0
2017-11-06,2.294,2.313,2.286,2.313,5255.0
2017-11-07,2.307,2.327,2.307,2.327,8087.0
2017-11-08,2.327,2.346,2.324,2.335,6151.0
2017-11-09,2.335,2.346,2.335,2.346,2461.0
2017-11-10,2.346,2.362,2.343,2.357,35961.0
2017-11-13,2.359,2.362,2.351,2.359,6693.0
2017-11-14,2.354,2.362,2.338,2.34,16102.0
2017-11-15,2.349,2.349,2.318,2.324,1978.0
2017-11-16,2.316,2.329,2.316,2.318,2594.0
2017-11-17,2.313,2.313,2.163,2.171,49293.0
2017-11-20,2.231,2.253,2.182,2.245,56507.0
2017-11-21,2.247,2.253,2.228,2.242,7247.0
2017-11-22,2.236,2.256,2.22,2.242,12964.0
2017-11-23,2.236,2.236,2.19,2.193,5820.0
2017-11-24,2.204,2.206,2.182,2.198,4274.0
2017-11-27,2.198,2.201,2.171,2.171,7709.0
2017-11-28,2.171,2.212,2.171,2.209,18290.0
2017-11-29,2.212,2.214,2.19,2.212,16243.0
2017-11-30,2.206,2.214,2.195,2.204,9920.0
2017-12-01,2.201,2.225,2.198,2.22,7641.0
2017-12-04,2.223,2.223,2.193,2.193,15469.0
2017-12-05,2.195,2.198,2.127,2.141,32585.0
2017-12-06,2.16,2.165,2.121,2.163,16674.0
2017-12-07,2.157,2.173,2.149,2.16,12568.0
2017-12-08,2.163,2.187,2.16,2.168,43695.0
2017-12-11,2.179,2.201,2.179,2.198,13071.0
2017-12-12,2.19,2.201,2.171,2.171,49978.0
2017-12-13,2.176,2.198,2.171,2.193,41003.0
2017-12-14,2.193,2.198,2.187,2.198,23674.0
2017-12-15,2.19,2.198,2.182,2.193,37795.0
2017-12-18,2.195,2.195,2.171,2.176,15349.0
2017-12-19,2.179,2.193,2.176,2.19,15649.0
2017-12-20,2.19,2.19,2.165,2.168,12306.0
2017-12-21,2.168,2.176,2.143,2.168,10428.0
2017-12-22,2.163,2.179,2.163,2.165,5715.0
2017-12-25,2.168,2.171,2.138,2.138,26805.0
2017-12-26,2.146,2.165,2.13,2.157,44148.0
2017-12-27,2.157,2.16,2.143,2.152,14813.0
2017-12-28,2.154,2.163,2.141,2.149,8013.0
2017-12-29,2.157,2.176,2.152,2.171,7002.0
2018-01-02,2.176,2.195,2.173,2.195,16427.0
2018-01-03,2.195,2.214,2.195,2.214,34866.0
2018-01-04,2.217,2.217,2.201,2.214,9157.0
2018-01-05,2.209,2.223,2.209,2.217,40483.0
2018-01-08,2.217,2.223,2.206,2.22,12683.0
2018-01-09,2.223,2.225,2.212,2.217,8102.0
2018-01-10,2.22,2.223,2.193,2.206,9668.0
2018-01-11,2.204,2.223,2.195,2.22,14087.0
2018-01-12,2.223,2.223,2.206,2.209,4021.0
2018-01-15,2.195,2.195,2.141,2.146,35487.0
2018-01-16,2.154,2.154,2.141,2.152,18730.0
2018-01-17,2.157,2.157,2.116,2.149,39516.0
2018-01-18,2.141,2.157,2.141,2.149,17407.0
2018-01-19,2.149,2.163,2.141,2.141,41705.0
2018-01-22,2.141,2.184,2.132,2.173,101225.0
2018-01-23,2.187,2.187,2.168,2.171,16024.0
2018-01-24,2.173,2.198,2.16,2.198,26347.0
2018-01-25,2.193,2.209,2.19,2.193,22965.0
2018-01-26,2.193,2.198,2.187,2.187,14850.0
2018-01-29,2.193,2.195,2.157,2.163,12458.0
2018-01-30,2.157,2.163,2.152,2.157,51111.0
2018-01-31,2.143,2.152,2.102,2.102,42221.0
2018-02-01,2.113,2.116,2.018,2.018,67532.0
2018-02-02,2.028,2.028,1.952,2.004,23589.0
2018-02-05,2.001,2.007,1.974,1.998,13363.0
2018-02-06,1.974,1.976,1.897,1.9,33327.0
2018-02-07,1.911,1.952,1.867,1.9,31889.0
2018-02-08,1.903,1.933,1.9,1.927,21668.0
2018-02-09,1.905,1.905,1.84,1.864,30056.0
2018-02-12,1.875,1.925,1.875,1.922,21037.0
2018-02-13,1.925,1.941,1.922,1.927,15550.0
2018-02-14,1.927,1.933,1.911,1.933,10748.0
2018-02-22,1.946,1.966,1.938,1.963,12204.0
2018-02-23,1.963,1.971,1.952,1.966,11018.0
2018-02-26,1.974,2.015,1.974,2.015,17357.0
2018-02-27,2.018,2.034,2.012,2.028,46336.0
2018-02-28,2.028,2.039,2.004,2.031,11152.0
2018-03-01,2.031,2.061,2.023,2.061,18922.0
2018-03-02,2.053,2.067,2.031,2.053,16604.0
2018-03-05,2.053,2.064,2.05,2.064,8031.0
2018-03-06,2.064,2.091,2.064,2.086,32058.0
2018-03-07,2.086,2.089,2.069,2.069,10520.0
2018-03-08,2.067,2.083,2.067,2.083,7917.0
2018-03-09,2.086,2.127,2.086,2.124,57073.0
2018-03-12,2.124,2.154,2.124,2.152,28735.0
2018-03-13,2.157,2.16,2.138,2.141,16192.0
2018-03-14,2.138,2.143,2.111,2.113,22459.0
2018-03-15,2.111,2.119,2.086,2.111,16984.0
2018-03-16,2.113,2.127,2.111,2.113,6801.0
2018-03-19,2.113,2.127,2.1,2.113,7760.0
2018-03-20,2.111,2.113,2.089,2.111,7792.0
2018-03-21,2.116,2.132,2.1,2.1,12456.0
2018-03-22,2.102,2.108,2.083,2.094,8173.0
2018-03-23,2.078,2.078,1.955,1.985,58958.0
2018-03-26,1.987,2.018,1.93,2.012,31490.0
2018-03-27,2.018,2.078,2.018,2.075,24275.0
2018-03-28,2.061,2.069,2.048,2.059,11960.0
2018-03-29,2.061,2.075,2.056,2.075,7412.0
2018-03-30,2.075,2.111,2.075,2.108,15120.0
2018-04-02,2.108,2.135,2.102,2.119,14758.0
2018-04-03,2.108,2.108,2.08,2.094,15483.0
2018-04-04,2.1,2.108,2.075,2.08,6096.0
2018-04-09,2.08,2.091,2.053,2.08,9973.0
2018-04-10,2.083,2.086,2.056,2.083,4419.0
2018-04-11,2.083,2.105,2.083,2.1,8821.0
2018-04-12,2.094,2.102,2.083,2.089,9079.0
2018-04-13,2.083,2.1,2.08,2.083,5667.0
2018-04-16,2.08,2.094,2.067,2.083,6267.0
2018-04-17,2.083,2.089,2.031,2.037,7063.0
2018-04-18,2.037,2.072,2.009,2.067,26348.0
2018-04-19,2.067,2.089,2.061,2.072,13103.0
2018-04-20,2.069,2.072,2.028,2.031,15337.0
2018-04-23,2.034,2.064,1.976,2.007,13351.0
2018-04-24,2.009,2.053,2.004,2.05,4034.0
2018-04-25,2.05,2.061,2.042,2.056,4649.0
2018-04-26,2.056,2.056,2.018,2.023,3079.0
2018-04-27,2.026,2.034,2.009,2.018,7466.0
2018-05-02,2.02,2.048,2.001,2.015,3196.0
2018-05-03,2.015,2.031,1.985,2.031,2196.0
2018-05-04,2.031,2.037,2.023,2.031,4617.0
2018-05-07,2.034,2.064,2.031,2.064,8484.0
2018-05-08,2.064,2.075,2.061,2.072,6101.0
2018-05-09,2.072,2.075,2.067,2.069,3770.0
2018-05-10,2.075,2.083,2.072,2.083,25613.0
2018-05-11,2.086,2.086,2.064,2.067,12977.0
2018-05-14,2.069,2.075,2.048,2.048,12991.0
2018-05-15,2.056,2.072,2.045,2.069,5884.0
2018-05-16,2.067,2.078,2.056,2.059,7791.0
2018-05-17,2.061,2.067,2.048,2.05,4727.0
2018-05-18,2.048,2.059,2.037,2.059,26493.0
2018-05-21,2.061,2.086,2.061,2.078,49906.0
2018-05-22,2.078,2.089,2.072,2.089,12214.0
2018-05-23,2.089,2.089,2.069,2.069,11479.0
2018-05-24,2.061,2.072,2.059,2.061,8139.0
2018-05-25,2.056,2.061,2.034,2.034,6297.0
2018-05-28,2.037,2.039,2.012,2.018,6051.0
2018-05-29,2.015,2.031,2.004,2.004,5775.0
2018-05-30,1.99,2.001,1.938,1.941,11842.0
2018-05-31,1.944,1.968,1.941,1.968,8569.0
2018-06-01,1.968,1.971,1.935,1.946,69294.0
2018-06-04,1.949,1.957,1.933,1.949,6260.0
2018-06-05,1.952,1.971,1.938,1.968,5674.0
2018-06-06,1.968,1.971,1.957,1.963,5014.0
2018-06-07,1.974,1.974,1.955,1.957,4621.0
2018-06-08,1.952,1.952,1.922,1.933,7248.0
2018-06-11,1.935,1.952,1.914,1.922,6494.0
2018-06-12,1.916,1.935,1.9,1.93,4640.0
2018-06-13,1.925,1.927,1.9,1.903,5171.0
2018-06-14,1.903,1.908,1.886,1.892,9056.0
2018-06-15,1.892,1.894,1.84,1.851,34393.0
2018-06-19,1.84,1.84,1.687,1.711,76465.0
2018-06-20,1.711,1.747,1.697,1.738,9347.0
2018-06-21,1.728,1.749,1.695,1.697,14877.0
2018-06-22,1.695,1.728,1.67,1.722,10660.0
2018-06-25,1.725,1.741,1.711,1.714,9016.0
2018-06-26,1.703,1.733,1.681,1.728,18068.0
2018-06-27,1.73,1.738,1.711,1.714,17310.0
2018-06-28,1.714,1.725,1.689,1.695,24151.0
2018-06-29,1.695,1.752,1.695,1.752,17075.0
2018-07-02,1.752,1.755,1.706,1.722,82626.0
2018-07-03,1.722,1.747,1.695,1.741,16564.0
2018-07-04,1.741,1.741,1.706,1.714,14601.0
2018-07-05,1.714,1.714,1.667,1.676,15813.0
2018-07-06,1.678,1.697,1.635,1.673,28216.0
2018-07-09,1.673,1.708,1.673,1.706,10514.0
2018-07-10,1.692,1.722,1.692,1.722,4603.0
2018-07-11,1.717,1.717,1.654,1.678,16279.0
2018-07-12,1.678,1.733,1.678,1.725,30674.0
2018-07-13,1.73,1.736,1.725,1.736,4044.0
2018-07-16,1.738,1.738,1.725,1.733,6314.0
2018-07-17,1.741,1.741,1.714,1.741,10187.0
2018-07-18,1.744,1.752,1.73,1.733,11853.0
2018-07-19,1.736,1.736,1.703,1.711,11283.0
2018-07-20,1.706,1.73,1.695,1.725,9750.0
2018-07-23,1.725,1.744,1.719,1.744,15312.0
2018-07-24,1.744,1.777,1.738,1.774,30191.0
2018-07-25,1.769,1.782,1.766,1.774,15743.0
2018-07-26,1.771,1.777,1.76,1.766,10761.0
2018-07-27,1.769,1.769,1.749,1.755,6307.0
2018-07-30,1.758,1.758,1.719,1.725,11509.0
2018-07-31,1.728,1.736,1.722,1.73,5001.0
2018-08-01,1.733,1.766,1.7,1.703,9933.0
2018-08-02,1.7,1.7,1.621,1.656,22742.0
2018-08-03,1.659,1.665,1.64,1.64,13149.0
2018-08-06,1.64,1.64,1.594,1.602,34696.0
2018-08-07,1.604,1.643,1.591,1.637,22854.0
2018-08-08,1.64,1.643,1.613,1.613,10487.0
2018-08-09,1.618,1.659,1.607,1.651,35034.0
2018-08-10,1.645,1.662,1.645,1.662,18931.0
2018-08-13,1.656,1.67,1.64,1.67,14287.0
2018-08-14,1.665,1.676,1.656,1.67,3782.0
2018-08-15,1.673,1.673,1.629,1.635,13828.0
2018-08-16,1.629,1.635,1.596,1.613,8973.0
2018-08-17,1.615,1.626,1.58,1.583,15755.0
2018-08-20,1.58,1.588,1.552,1.588,11710.0
2018-08-21,1.585,1.613,1.585,1.607,9472.0
2018-08-22,1.602,1.607,1.594,1.594,9321.0
2018-08-23,1.596,1.604,1.588,1.602,6325.0
2018-08-24,1.599,1.602,1.591,1.594,5821.0
2018-08-27,1.604,1.635,1.604,1.635,46248.0
2018-08-28,1.629,1.635,1.624,1.632,9470.0
2018-08-29,1.629,1.629,1.615,1.624,8266.0
2018-08-30,1.621,1.621,1.591,1.596,5904.0
2018-08-31,1.591,1.591,1.572,1.572,9351.0
2018-09-03,1.574,1.574,1.547,1.572,16050.0
2018-09-04,1.569,1.596,1.569,1.594,9775.0
2018-09-05,1.588,1.594,1.563,1.566,15370.0
2018-09-06,1.569,1.577,1.552,1.558,9040.0
2018-09-07,1.561,1.583,1.552,1.566,14131.0
2018-09-10,1.561,1.566,1.544,1.55,17514.0
2018-09-11,1.55,1.55,1.52,1.533,25112.0
2018-09-12,1.525,1.544,1.525,1.533,8074.0
2018-09-13,1.544,1.547,1.52,1.544,12112.0
2018-09-14,1.544,1.544,1.525,1.528,4488.0
2018-09-17,1.531,1.531,1.498,1.503,18202.0
2018-09-18,1.503,1.528,1.495,1.528,21426.0
2018-09-19,1.525,1.558,1.522,1.544,30633.0
2018-09-20,1.547,1.55,1.539,1.542,11391.0
2018-09-21,1.555,1.566,1.539,1.563,43362.0
2018-09-25,1.558,1.566,1.552,1.561,14421.0
2018-09-26,1.561,1.574,1.558,1.561,15530.0
2018-09-27,1.566,1.566,1.539,1.542,32702.0
2018-09-28,1.544,1.555,1.536,1.555,11943.0
2018-10-08,1.539,1.539,1.495,1.498,15913.0
2018-10-09,1.5,1.511,1.487,1.498,17464.0
2018-10-10,1.498,1.503,1.481,1.495,8775.0
2018-10-11,1.481,1.487,1.372,1.38,67098.0
2018-10-12,1.38,1.525,1.314,1.372,25786.0
2018-10-15,1.273,1.386,1.273,1.35,17698.0
2018-10-16,1.35,1.361,1.309,1.317,15043.0
2018-10-17,1.331,1.35,1.298,1.331,14188.0
2018-10-18,1.328,1.328,1.287,1.301,32953.0
2018-10-19,1.276,1.314,1.257,1.312,31270.0
2018-10-22,1.331,1.394,1.317,1.388,117024.0
2018-10-23,1.388,1.388,1.347,1.358,96903.0
2018-10-24,1.345,1.372,1.345,1.356,29937.0
2018-10-25,1.317,1.345,1.309,1.345,13932.0
2018-10-26,1.347,1.369,1.342,1.347,38734.0
2018-10-29,1.35,1.35,1.32,1.328,11310.0
2018-10-30,1.331,1.35,1.304,1.345,39542.0
2018-10-31,1.347,1.372,1.342,1.361,68170.0
2018-11-01,1.369,1.394,1.358,1.372,58109.0
2018-11-02,1.421,1.432,1.388,1.418,87070.0
2018-11-05,1.427,1.446,1.402,1.427,114986.0
2018-11-06,1.429,1.432,1.405,1.432,36436.0
2018-11-07,1.432,1.443,1.421,1.427,20272.0
2018-11-08,1.44,1.44,1.416,1.416,48529.0
2018-11-09,1.41,1.427,1.407,1.416,31232.0
2018-11-12,1.416,1.462,1.416,1.459,208563.0
2018-11-13,1.451,1.506,1.44,1.492,261691.0
2018-11-14,1.492,1.52,1.449,1.492,345729.0
2018-11-15,1.495,1.52,1.49,1.517,164915.0
2018-11-16,1.52,1.544,1.514,1.533,192160.0
2018-11-19,1.539,1.542,1.517,1.542,127106.0
2018-11-20,1.531,1.536,1.495,1.498,154664.0
2018-11-21,1.487,1.517,1.47,1.509,158849.0
2018-11-22,1.511,1.522,1.503,1.511,143827.0
2018-11-23,1.503,1.503,1.432,1.438,252982.0
2018-11-26,1.421,1.454,1.421,1.44,105929.0
2018-11-27,1.44,1.459,1.44,1.454,56904.0
2018-11-28,1.438,1.47,1.429,1.47,118364.0
2018-11-29,1.476,1.487,1.432,1.435,140017.0
2018-11-30,1.435,1.449,1.41,1.446,62836.0
2018-12-03,1.484,1.503,1.47,1.492,96568.0
2018-12-04,1.495,1.511,1.484,1.511,105473.0
2018-12-05,1.484,1.509,1.473,1.498,97274.0
2018-12-06,1.49,1.498,1.468,1.473,152289.0
2018-12-07,1.476,1.479,1.465,1.47,51761.0
2018-12-10,1.465,1.465,1.446,1.454,62467.0
2018-12-11,1.462,1.468,1.457,1.468,43392.0
2018-12-12,1.47,1.476,1.465,1.468,36079.0
2018-12-13,1.476,1.492,1.462,1.484,44629.0
2018-12-14,1.465,1.481,1.44,1.443,43959.0
2018-12-17,1.443,1.443,1.418,1.435,60916.0
2018-12-18,1.429,1.44,1.413,1.427,92034.0
2018-12-19,1.432,1.432,1.405,1.407,57029.0
2018-12-20,1.405,1.416,1.397,1.413,32253.0
2018-12-21,1.407,1.41,1.388,1.402,33078.0
2018-12-24,1.402,1.416,1.397,1.413,15670.0
2018-12-25,1.394,1.402,1.364,1.397,45133.0
2018-12-26,1.391,1.405,1.388,1.394,40979.0
2018-12-27,1.424,1.424,1.369,1.369,112308.0
2018-12-28,1.369,1.443,1.361,1.369,47015.0
2019-01-02,1.372,1.399,1.361,1.366,50175.0
2019-01-03,1.366,1.375,1.353,1.356,22089.0
2019-01-04,1.35,1.397,1.336,1.397,65468.0
2019-01-07,1.399,1.429,1.399,1.427,52277.0
2019-01-08,1.421,1.427,1.416,1.421,69218.0
2019-01-09,1.429,1.446,1.418,1.424,51484.0
2019-01-10,1.421,1.435,1.416,1.418,41770.0
2019-01-11,1.424,1.435,1.418,1.432,44738.0
2019-01-14,1.427,1.435,1.418,1.424,45658.0
2019-01-15,1.424,1.443,1.416,1.44,63937.0
2019-01-16,1.449,1.451,1.438,1.443,55243.0
2019-01-17,1.44,1.443,1.424,1.424,22998.0
2019-01-18,1.424,1.438,1.421,1.438,53049.0
2019-01-21,1.443,1.451,1.435,1.446,46396.0
2019-01-22,1.443,1.446,1.424,1.429,53492.0
2019-01-23,1.427,1.432,1.421,1.429,31387.0
2019-01-24,1.429,1.446,1.427,1.44,46176.0
2019-01-25,1.443,1.446,1.429,1.432,70327.0
2019-01-28,1.435,1.443,1.416,1.418,48145.0
2019-01-29,1.407,1.41,1.369,1.391,103413.0
2019-01-30,1.388,1.394,1.369,1.372,71184.0
2019-01-31,1.366,1.377,1.342,1.35,125369.0
2019-02-01,1.356,1.391,1.356,1.391,71038.0
2019-02-11,1.394,1.435,1.386,1.435,127524.0
2019-02-12,1.435,1.459,1.429,1.454,201065.0
2019-02-13,1.462,1.487,1.451,1.481,166945.0
2019-02-14,1.484,1.495,1.468,1.487,153425.0
2019-02-15,1.481,1.498,1.454,1.481,188524.0
2019-02-18,1.492,1.544,1.492,1.542,177125.0
2019-02-19,1.536,1.558,1.525,1.55,256801.0
2019-02-20,1.547,1.55,1.528,1.547,174325.0
2019-02-21,1.542,1.58,1.539,1.544,171793.0
2019-02-22,1.539,1.58,1.533,1.58,144634.0
2019-02-25,1.615,1.676,1.599,1.676,222528.0
2019-02-26,1.687,1.714,1.648,1.673,340433.0
2019-02-27,1.659,1.689,1.64,1.659,196490.0
2019-02-28,1.659,1.684,1.654,1.667,106554.0
2019-03-01,1.667,1.687,1.654,1.681,216615.0
2019-03-04,1.689,1.749,1.689,1.719,297306.0
2019-03-05,1.714,1.78,1.706,1.78,146861.0
2019-03-06,1.788,1.837,1.763,1.821,529771.0
2019-03-07,1.818,1.873,1.807,1.859,456507.0
2019-03-08,1.834,1.867,1.771,1.79,530538.0
2019-03-11,1.766,1.859,1.766,1.856,386495.0
2019-03-12,1.867,1.911,1.859,1.9,443212.0
2019-03-13,1.889,1.908,1.829,1.845,308625.0
2019-03-14,1.818,1.845,1.763,1.788,274396.0
2019-03-15,1.793,1.832,1.793,1.815,259657.0
2019-03-18,1.815,1.864,1.801,1.862,209551.0
2019-03-19,1.87,1.878,1.851,1.864,254876.0
2019-03-20,1.862,1.87,1.821,1.859,245560.0
2019-03-21,1.856,1.903,1.856,1.889,336795.0
2019-03-22,1.886,1.897,1.851,1.894,183255.0
2019-03-25,1.864,1.903,1.851,1.878,147089.0
2019-03-26,1.881,1.892,1.812,1.821,305791.0
2019-03-27,1.826,1.84,1.79,1.834,333122.0
2019-03-28,1.832,1.848,1.804,1.807,258479.0
2019-03-29,1.807,1.867,1.79,1.864,290306.0
2019-04-01,1.875,1.944,1.873,1.944,365865.0
2019-04-02,1.944,1.974,1.935,1.955,303309.0
2019-04-03,1.952,1.971,1.922,1.971,229284.0
2019-04-04,1.974,1.99,1.957,1.982,277570.0
2019-04-08,1.987,2.018,1.933,1.963,315936.0
2019-04-09,1.949,1.976,1.944,1.971,231735.0
2019-04-10,1.968,1.987,1.944,1.966,316146.0
2019-04-11,1.966,1.971,1.919,1.922,260954.0
2019-04-12,1.925,1.933,1.911,1.927,318875.0
2019-04-15,1.946,1.963,1.905,1.911,225990.0
2019-04-16,1.9,1.955,1.883,1.952,258077.0
2019-04-17,1.946,1.982,1.944,1.971,290141.0
2019-04-18,1.955,1.979,1.952,1.96,300451.0
2019-04-19,1.946,1.979,1.935,1.979,298426.0
2019-04-22,1.968,1.979,1.944,1.952,260254.0
2019-04-23,1.952,1.952,1.908,1.916,266792.0
2019-04-24,1.927,1.944,1.897,1.941,244791.0
2019-04-25,1.933,1.938,1.853,1.859,317832.0
2019-04-26,1.859,1.864,1.834,1.837,282975.0
2019-04-29,1.853,1.856,1.763,1.769,329034.0
2019-04-30,1.769,1.801,1.76,1.788,300149.0
2019-05-06,1.687,1.782,1.624,1.635,404973.0
2019-05-07,1.645,1.684,1.635,1.665,312403.0
2019-05-08,1.632,1.689,1.615,1.662,392524.0
2019-05-09,1.662,1.667,1.613,1.645,146726.0
2019-05-10,1.673,1.714,1.629,1.714,349203.0
2019-05-13,1.687,1.711,1.67,1.695,146237.0
2019-05-14,1.676,1.706,1.656,1.687,215343.0
2019-05-15,1.697,1.733,1.697,1.728,163057.0
2019-05-16,1.728,1.744,1.722,1.738,171216.0
2019-05-17,1.741,1.744,1.667,1.678,210447.0
2019-05-20,1.665,1.676,1.635,1.67,246343.0
2019-05-21,1.673,1.711,1.659,1.703,310058.0
2019-05-22,1.706,1.714,1.681,1.7,154037.0
2019-05-23,1.687,1.692,1.651,1.659,149834.0
2019-05-24,1.645,1.662,1.632,1.637,206278.0
2019-05-27,1.64,1.692,1.629,1.689,236794.0
2019-05-28,1.687,1.708,1.673,1.687,278750.0
2019-05-29,1.687,1.708,1.681,1.692,91199.0
2019-05-30,1.681,1.687,1.659,1.684,166369.0
2019-05-31,1.684,1.7,1.676,1.681,89433.0
2019-06-03,1.689,1.692,1.645,1.659,295184.0
2019-06-04,1.659,1.659,1.618,1.624,296039.0
2019-06-05,1.637,1.654,1.624,1.629,61721.0
2019-06-06,1.637,1.64,1.58,1.585,285952.0
2019-06-10,1.588,1.613,1.583,1.607,214808.0
2019-06-11,1.607,1.673,1.604,1.673,363209.0
2019-06-12,1.678,1.681,1.656,1.659,136390.0
2019-06-13,1.651,1.678,1.651,1.67,274663.0
2019-06-14,1.67,1.678,1.629,1.632,187714.0
2019-06-17,1.637,1.64,1.621,1.629,254453.0
2019-06-18,1.626,1.637,1.618,1.629,51215.0
2019-06-19,1.673,1.687,1.651,1.654,285398.0
2019-06-20,1.651,1.695,1.643,1.684,424863.0
2019-06-21,1.749,1.749,1.692,1.717,1072574.0
2019-06-24,1.717,1.722,1.7,1.711,303386.0
2019-06-25,1.711,1.711,1.673,1.695,373538.0
2019-06-26,1.684,1.708,1.673,1.695,190957.0
2019-06-27,1.695,1.719,1.695,1.711,265684.0
2019-06-28,1.714,1.714,1.676,1.684,196275.0
2019-07-01,1.717,1.741,1.708,1.741,416664.0
2019-07-02,1.741,1.747,1.73,1.741,178726.0
2019-07-03,1.73,1.736,1.717,1.725,225737.0
2019-07-04,1.725,1.733,1.706,1.717,224794.0
2019-07-05,1.717,1.728,1.708,1.725,268128.0
2019-07-08,1.695,1.719,1.654,1.662,250491.0
2019-07-09,1.659,1.673,1.654,1.67,325629.0
2019-07-10,1.659,1.676,1.648,1.656,144084.0
2019-07-11,1.659,1.676,1.645,1.654,177417.0
2019-07-12,1.651,1.665,1.645,1.659,341333.0
2019-07-15,1.651,1.681,1.635,1.673,157086.0
2019-07-16,1.67,1.684,1.665,1.681,124025.0
2019-07-17,1.676,1.692,1.673,1.684,108434.0
2019-07-18,1.684,1.684,1.654,1.656,196692.0
2019-07-19,1.656,1.681,1.656,1.673,786737.0
2019-07-22,1.673,1.681,1.618,1.632,2882989.0
2019-07-23,1.635,1.667,1.635,1.667,2094062.0
2019-07-24,1.673,1.703,1.673,1.687,1129651.0
2019-07-25,1.687,1.703,1.687,1.7,516383.0
2019-07-26,1.7,1.703,1.689,1.703,89218.0
2019-07-29,1.695,1.708,1.692,1.7,87692.0
2019-07-30,1.692,1.719,1.692,1.708,221634.0
2019-07-31,1.703,1.706,1.692,1.695,157202.0
2019-08-01,1.689,1.7,1.681,1.687,198017.0
2019-08-02,1.659,1.665,1.643,1.662,229075.0
2019-08-05,1.651,1.673,1.637,1.637,244689.0
2019-08-06,1.626,1.626,1.558,1.596,307745.0
2019-08-07,1.602,1.613,1.594,1.594,214882.0
2019-08-08,1.599,1.621,1.599,1.615,1497793.0
2019-08-09,1.626,1.635,1.604,1.607,454713.0
2019-08-12,1.61,1.637,1.602,1.635,488848.0
2019-08-13,1.624,1.635,1.621,1.629,239883.0
2019-08-14,1.64,1.654,1.64,1.643,192399.0
2019-08-15,1.615,1.651,1.599,1.648,235287.0
2019-08-16,1.643,1.673,1.643,1.662,260620.0
2019-08-19,1.673,1.719,1.673,1.719,299770.0
2019-08-20,1.719,1.736,1.711,1.717,207442.0
2019-08-21,1.717,1.725,1.711,1.719,91403.0
2019-08-22,1.719,1.728,1.708,1.728,250302.0
2019-08-23,1.728,1.733,1.717,1.722,111157.0
2019-08-26,1.689,1.719,1.687,1.714,137249.0
2019-08-27,1.738,1.755,1.714,1.749,258978.0
2019-08-28,1.747,1.752,1.73,1.741,148901.0
2019-08-29,1.749,1.755,1.741,1.744,137802.0
2019-08-30,1.747,1.755,1.711,1.722,259949.0
2019-09-02,1.722,1.769,1.714,1.766,239466.0
2019-09-03,1.763,1.78,1.763,1.78,189487.0
2019-09-04,1.771,1.799,1.771,1.799,170854.0
2019-09-05,1.81,1.837,1.79,1.81,256778.0
2019-09-06,1.815,1.826,1.807,1.821,137309.0
2019-09-09,1.842,1.878,1.829,1.878,196253.0
2019-09-10,1.878,1.883,1.856,1.878,203298.0
2019-09-11,1.889,1.889,1.853,1.856,159951.0
2019-09-12,1.856,1.873,1.848,1.87,189574.0
2019-09-16,1.878,1.886,1.859,1.873,154561.0
2019-09-17,1.87,1.87,1.821,1.834,181967.0
2019-09-18,1.829,1.837,1.821,1.829,127385.0
2019-09-19,1.826,1.848,1.818,1.845,175290.0
2019-09-20,1.851,1.856,1.84,1.848,93872.0
2019-09-23,1.851,1.851,1.815,1.837,130100.0
2019-09-24,1.832,1.856,1.829,1.84,222398.0
2019-09-25,1.837,1.837,1.801,1.804,199923.0
2019-09-26,1.81,1.81,1.744,1.744,242471.0
2019-09-27,1.747,1.769,1.744,1.76,260207.0
2019-09-30,1.766,1.766,1.736,1.736,247845.0
2019-10-08,1.738,1.758,1.738,1.741,107669.0
2019-10-09,1.741,1.76,1.728,1.758,142231.0
2019-10-10,1.758,1.788,1.749,1.785,200588.0
2019-10-11,1.793,1.796,1.771,1.788,153646.0
2019-10-14,1.804,1.821,1.799,1.815,158374.0
2019-10-15,1.81,1.81,1.785,1.79,217386.0
2019-10-16,1.793,1.799,1.777,1.777,193807.0
2019-10-17,1.78,1.785,1.771,1.777,147289.0
2019-10-18,1.782,1.796,1.747,1.755,187446.0
2019-10-21,1.76,1.769,1.728,1.744,221247.0
2019-10-22,1.744,1.769,1.744,1.766,298767.0
2019-10-23,1.769,1.769,1.747,1.752,150368.0
2019-10-24,1.752,1.755,1.736,1.749,140124.0
2019-10-25,1.749,1.769,1.736,1.763,244191.0
2019-10-28,1.782,1.812,1.782,1.812,327141.0
2019-10-29,1.823,1.823,1.788,1.79,340034.0
2019-10-30,1.785,1.785,1.766,1.774,316531.0
2019-10-31,1.774,1.774,1.749,1.752,176345.0
2019-11-01,1.749,1.771,1.741,1.769,101781.0
2019-11-04,1.769,1.79,1.769,1.78,231460.0
2019-11-05,1.78,1.79,1.769,1.788,113711.0
2019-11-06,1.788,1.788,1.76,1.769,165247.0
2019-11-07,1.769,1.785,1.763,1.78,137545.0
2019-11-08,1.793,1.796,1.774,1.78,420354.0
2019-11-11,1.777,1.777,1.725,1.73,226805.0
2019-11-12,1.738,1.738,1.708,1.733,190389.0
2019-11-13,1.747,1.747,1.719,1.728,91871.0
2019-11-14,1.728,1.744,1.725,1.736,142154.0
2019-11-15,1.738,1.741,1.717,1.719,280287.0
2019-11-18,1.714,1.733,1.708,1.73,241523.0
2019-11-19,1.733,1.771,1.733,1.769,256307.0
2019-11-20,1.769,1.771,1.752,1.752,245194.0
2019-11-21,1.752,1.766,1.741,1.755,214798.0
2019-11-22,1.749,1.774,1.722,1.733,217224.0
2019-11-25,1.73,1.73,1.706,1.719,209564.0
2019-11-26,1.717,1.73,1.714,1.719,134214.0
2019-11-27,1.719,1.728,1.708,1.722,206078.0
2019-11-28,1.722,1.728,1.714,1.717,178616.0
2019-11-29,1.717,1.719,1.7,1.714,221225.0
2019-12-02,1.717,1.728,1.714,1.719,132269.0
2019-12-03,1.717,1.73,1.703,1.73,147463.0
2019-12-04,1.728,1.736,1.717,1.733,183915.0
2019-12-05,1.738,1.758,1.733,1.749,214663.0
2019-12-06,1.752,1.766,1.749,1.766,148686.0
2019-12-09,1.769,1.774,1.763,1.766,287536.0
2019-12-10,1.766,1.782,1.758,1.777,209705.0
2019-12-11,1.782,1.782,1.771,1.771,254286.0
2019-12-12,1.774,1.785,1.771,1.771,301495.0
2019-12-13,1.785,1.801,1.782,1.801,214268.0
2019-12-16,1.807,1.837,1.801,1.834,296756.0
2019-12-17,1.84,1.864,1.834,1.856,241022.0
2019-12-18,1.853,1.873,1.848,1.856,220657.0
2019-12-19,1.859,1.873,1.856,1.873,234985.0
2019-12-20,1.867,1.873,1.845,1.845,202415.0
2019-12-23,1.845,1.845,1.799,1.799,270959.0
2019-12-24,1.801,1.837,1.801,1.837,346973.0
2019-12-25,1.829,1.851,1.829,1.851,218485.0
2019-12-26,1.851,1.867,1.845,1.867,246103.0
2019-12-27,1.864,1.875,1.845,1.851,225188.0
2019-12-30,1.851,1.864,1.818,1.864,248477.0
2019-12-31,1.862,1.878,1.851,1.875,99255.0
2020-01-02,1.894,1.916,1.881,1.914,314632.0
2020-01-03,1.919,1.925,1.908,1.922,121263.0
2020-01-06,1.914,1.957,1.905,1.941,199792.0
2020-01-07,1.935,1.974,1.935,1.974,150321.0
2020-01-08,1.96,1.979,1.938,1.949,165642.0
2020-01-09,1.963,1.979,1.96,1.976,227628.0
2020-01-10,1.979,1.985,1.963,1.974,199548.0
2020-01-13,1.974,2.001,1.96,2.001,163503.0
2020-01-14,2.007,2.009,1.993,1.996,170124.0
2020-01-15,1.996,2.001,1.957,1.993,166425.0
2020-01-16,1.998,2.004,1.99,1.996,208252.0
2020-01-17,1.996,2.004,1.982,1.985,291624.0
2020-01-20,1.985,2.015,1.982,2.015,173055.0
2020-01-21,2.015,2.015,1.993,1.993,282967.0
2020-01-22,1.985,2.012,1.955,2.007,231938.0
2020-01-23,1.998,1.998,1.908,1.933,349906.0
2020-02-03,1.749,1.796,1.733,1.733,177875.0
2020-02-04,1.722,1.823,1.722,1.758,178135.0
2020-02-05,1.755,1.837,1.755,1.821,286671.0
2020-02-06,1.823,1.881,1.801,1.873,206936.0
2020-02-07,1.859,1.897,1.859,1.892,220110.0
2020-02-10,1.875,1.925,1.875,1.919,196136.0
2020-02-11,1.919,1.922,1.897,1.914,187191.0
2020-02-12,1.911,1.96,1.903,1.96,153984.0
2020-02-13,1.949,1.968,1.941,1.949,198907.0
2020-02-14,1.946,1.976,1.933,1.957,229431.0
2020-02-17,1.96,2.037,1.96,2.034,293283.0
2020-02-18,2.039,2.089,2.034,2.089,300708.0
2020-02-19,2.089,2.097,2.061,2.072,359575.0
2020-02-20,2.069,2.108,2.048,2.105,236265.0
2020-02-21,2.102,2.16,2.1,2.154,308618.0
2020-02-24,2.146,2.212,2.143,2.198,535015.0
2020-02-25,2.16,2.214,2.094,2.209,412366.0
2020-02-26,2.154,2.198,2.127,2.135,264925.0
2020-02-27,2.143,2.165,2.105,2.135,299416.0
2020-02-28,2.08,2.086,1.996,1.998,455588.0
2020-03-02,2.012,2.113,2.004,2.111,380199.0
2020-03-03,2.152,2.176,2.105,2.127,310236.0
2020-03-04,2.102,2.143,2.089,2.138,353165.0
2020-03-05,2.168,2.179,2.149,2.176,272612.0
2020-03-06,2.152,2.179,2.143,2.163,187552.0
2020-03-09,2.121,2.132,2.069,2.072,186937.0
2020-03-10,2.056,2.13,2.012,2.13,191391.0
2020-03-11,2.135,2.152,2.097,2.1,169555.0
2020-03-12,2.078,2.111,2.028,2.05,179141.0
2020-03-13,1.996,2.059,1.944,2.037,210481.0
2020-03-16,2.045,2.053,1.927,1.933,244226.0
2020-03-17,1.952,1.963,1.864,1.93,468003.0
2020-03-18,1.935,1.979,1.897,1.9,391481.0
2020-03-19,1.883,1.93,1.862,1.919,239671.0
2020-03-20,1.935,1.946,1.905,1.946,191433.0
2020-03-23,1.892,1.908,1.842,1.856,188823.0
2020-03-24,1.886,1.911,1.829,1.886,189944.0
2020-03-25,1.922,1.935,1.897,1.933,205311.0
2020-03-26,1.905,1.938,1.905,1.916,104328.0
2020-03-27,1.935,1.938,1.897,1.905,123338.0
2020-03-30,1.892,1.894,1.832,1.851,186336.0
2020-03-31,1.873,1.873,1.848,1.851,187507.0
2020-04-01,1.851,1.875,1.842,1.845,186315.0
2020-04-02,1.834,1.894,1.834,1.894,118964.0
2020-04-03,1.894,1.9,1.87,1.881,82891.0
2020-04-07,1.914,1.952,1.911,1.952,184464.0
2020-04-08,1.946,1.966,1.935,1.955,90621.0
2020-04-09,1.96,1.987,1.96,1.979,172293.0
2020-04-10,1.985,1.985,1.925,1.946,276610.0
2020-04-13,1.927,1.927,1.9,1.911,170362.0
2020-04-14,1.914,1.949,1.914,1.949,221721.0
2020-04-15,1.949,1.96,1.933,1.933,174389.0
2020-04-16,1.933,1.96,1.922,1.955,130346.0
2020-04-17,1.963,1.974,1.952,1.957,125520.0
2020-04-20,1.96,1.996,1.96,1.996,212737.0
2020-04-21,1.976,1.987,1.96,1.979,135304.0
2020-04-22,1.971,2.001,1.957,1.998,138426.0
2020-04-23,2.001,2.007,1.985,1.987,119439.0
2020-04-24,1.987,1.987,1.938,1.955,151281.0
2020-04-27,1.952,1.955,1.93,1.938,113178.0
2020-04-28,1.938,1.941,1.851,1.911,188477.0
2020-04-29,1.908,1.925,1.894,1.911,96092.0
2020-04-30,1.914,1.963,1.914,1.96,154707.0
2020-05-06,1.938,2.001,1.938,1.998,150882.0
2020-05-07,1.982,2.012,1.982,1.996,100617.0
2020-05-08,2.001,2.031,2.001,2.023,111554.0
2020-05-11,2.026,2.039,2.007,2.018,87160.0
2020-05-12,2.018,2.023,1.993,2.023,145002.0
2020-05-13,2.018,2.042,2.009,2.039,89060.0
2020-05-14,2.039,2.042,2.02,2.023,57579.0
2020-05-15,2.026,2.045,2.02,2.034,80213.0
2020-05-18,2.034,2.042,2.015,2.02,90698.0
2020-05-19,2.028,2.053,2.028,2.053,132511.0
2020-05-20,2.053,2.053,2.023,2.037,193361.0
2020-05-21,2.037,2.037,1.996,2.001,153476.0
2020-05-22,2.001,2.001,1.955,1.963,92917.0
2020-05-25,1.96,1.968,1.949,1.963,103826.0
2020-05-26,1.966,2.009,1.963,2.009,136506.0
2020-05-27,2.009,2.012,1.987,1.996,130352.0
2020-05-28,1.993,2.001,1.963,1.99,84530.0
2020-05-29,1.979,2.023,1.974,2.015,95008.0
2020-06-01,2.018,2.083,2.004,2.083,140196.0
2020-06-02,2.086,2.094,2.072,2.08,103913.0
2020-06-03,2.097,2.097,2.078,2.078,136345.0
2020-06-04,2.08,2.094,2.075,2.091,165339.0
2020-06-05,2.091,2.094,2.067,2.089,97664.0
2020-06-08,2.097,2.105,2.083,2.089,126944.0
2020-06-09,2.089,2.102,2.08,2.102,227484.0
2020-06-10,2.097,2.1,2.083,2.1,101518.0
2020-06-11,2.1,2.124,2.083,2.094,242209.0
2020-06-12,2.067,2.102,2.05,2.097,123153.0
2020-06-15,2.097,2.124,2.091,2.097,217368.0
2020-06-16,2.102,2.141,2.102,2.141,166473.0
2020-06-17,2.138,2.152,2.13,2.149,190845.0
2020-06-18,2.149,2.149,2.135,2.143,199991.0
2020-06-19,2.143,2.165,2.141,2.163,245648.0
2020-06-22,2.168,2.179,2.165,2.173,106236.0
2020-06-23,2.179,2.179,2.163,2.179,233146.0
2020-06-24,2.179,2.184,2.163,2.171,122876.0
2020-06-29,2.173,2.173,2.154,2.168,81681.0
2020-06-30,2.168,2.206,2.168,2.201,96912.0
2020-07-01,2.206,2.22,2.187,2.214,134604.0
2020-07-02,2.214,2.242,2.206,2.242,155209.0
2020-07-03,2.245,2.272,2.234,2.272,242448.0
2020-07-06,2.297,2.384,2.283,2.37,275722.0
2020-07-07,2.398,2.439,2.373,2.401,220382.0
2020-07-08,2.379,2.455,2.379,2.45,183823.0
2020-07-09,2.461,2.54,2.452,2.537,388052.0
2020-07-10,2.518,2.559,2.51,2.529,267227.0
2020-07-13,2.507,2.658,2.507,2.655,291016.0
2020-07-14,2.644,2.647,2.551,2.614,329093.0
2020-07-15,2.584,2.647,2.504,2.524,254710.0
2020-07-16,2.513,2.545,2.384,2.395,221946.0
2020-07-17,2.395,2.452,2.37,2.409,238464.0
2020-07-20,2.425,2.491,2.406,2.491,224231.0
2020-07-21,2.496,2.521,2.485,2.51,155016.0
2020-07-22,2.51,2.559,2.499,2.537,160505.0
2020-07-23,2.51,2.54,2.463,2.535,158472.0
2020-07-24,2.521,2.545,2.403,2.411,175237.0
2020-07-27,2.401,2.433,2.387,2.414,134217.0
2020-07-28,2.425,2.452,2.42,2.442,147196.0
2020-07-29,2.439,2.524,2.428,2.521,151802.0
2020-07-30,2.526,2.535,2.502,2.513,130079.0
2020-07-31,2.513,2.559,2.491,2.556,158026.0
2020-08-03,2.57,2.647,2.57,2.644,174586.0
2020-08-04,2.658,2.674,2.611,2.63,331578.0
2020-08-05,2.625,2.658,2.6,2.652,169598.0
2020-08-06,2.674,2.674,2.608,2.669,252235.0
2020-08-07,2.658,2.658,2.576,2.625,312896.0
2020-08-10,2.611,2.655,2.603,2.639,170200.0
2020-08-11,2.639,2.644,2.57,2.576,183759.0
2020-08-12,2.576,2.576,2.469,2.532,152994.0
2020-08-13,2.532,2.559,2.532,2.543,103830.0
2020-08-14,2.545,2.581,2.524,2.581,104167.0
2020-08-17,2.581,2.644,2.578,2.639,192473.0
2020-08-18,2.647,2.666,2.636,2.666,149023.0
2020-08-19,2.663,2.663,2.603,2.614,129904.0
2020-08-20,2.611,2.611,2.562,2.573,110221.0
2020-08-21,2.581,2.611,2.576,2.597,382689.0
2020-08-24,2.603,2.639,2.576,2.628,425458.0
2020-08-25,2.639,2.652,2.619,2.63,135783.0
2020-08-26,2.628,2.628,2.551,2.559,142322.0
2020-08-27,2.57,2.597,2.548,2.595,152707.0
2020-08-28,2.587,2.633,2.578,2.633,183319.0
2020-08-31,2.647,2.666,2.633,2.633,194381.0
2020-09-01,2.639,2.649,2.619,2.649,133227.0
2020-09-02,2.652,2.669,2.63,2.66,168691.0
2020-09-03,2.66,2.663,2.619,2.63,109722.0
2020-09-04,2.608,2.63,2.584,2.63,135302.0
2020-09-07,2.625,2.649,2.57,2.578,132009.0
2020-09-08,2.576,2.603,2.556,2.603,137694.0
2020-09-09,2.589,2.589,2.51,2.515,168835.0
2020-09-10,2.529,2.535,2.417,2.431,146220.0
2020-09-11,2.417,2.472,2.414,2.469,137642.0
2020-09-14,2.477,2.518,2.469,2.502,96591.0
2020-09-15,2.504,2.524,2.496,2.521,129438.0
2020-09-16,2.521,2.521,2.483,2.499,122557.0
2020-09-17,2.499,2.532,2.477,2.513,277260.0
2020-09-18,2.515,2.556,2.51,2.556,144749.0
2020-09-21,2.556,2.57,2.548,2.556,134476.0
2020-09-22,2.54,2.554,2.499,2.504,305981.0
2020-09-23,2.51,2.537,2.494,2.532,272239.0
2020-09-24,2.518,2.518,2.458,2.463,630298.0
2020-09-25,2.466,2.513,2.433,2.45,522537.0
2020-09-28,2.444,2.452,2.414,2.42,202737.0
2020-09-29,2.417,2.455,2.417,2.444,271182.0
2020-09-30,2.444,2.455,2.417,2.431,907368.0
2020-10-09,2.455,2.513,2.455,2.504,1015478.0
2020-10-12,2.507,2.597,2.507,2.595,608646.0
2020-10-13,2.597,2.608,2.573,2.606,464789.0
2020-10-14,2.606,2.606,2.573,2.578,197873.0
2020-10-15,2.578,2.584,2.556,2.556,91314.0
2020-10-16,2.559,2.581,2.524,2.551,138643.0
2020-10-19,2.559,2.567,2.524,2.532,200705.0
2020-10-20,2.532,2.562,2.507,2.562,234263.0
2020-10-21,2.562,2.565,2.507,2.524,255749.0
2020-10-22,2.526,2.526,2.48,2.507,217059.0
2020-10-23,2.507,2.521,2.447,2.461,241515.0
2020-10-26,2.461,2.466,2.414,2.458,252211.0
2020-10-27,2.444,2.477,2.444,2.477,261013.0
2020-10-28,2.477,2.48,2.431,2.474,287320.0
2020-10-29,2.428,2.483,2.425,2.477,244166.0
2020-10-30,2.48,2.483,2.409,2.411,253362.0
2020-11-02,2.439,2.439,2.392,2.411,259358.0
2020-11-03,2.414,2.469,2.414,2.466,347141.0
2020-11-04,2.474,2.477,2.436,2.452,316576.0
2020-11-05,2.466,2.507,2.466,2.502,297502.0
2020-11-06,2.496,2.51,2.461,2.48,347331.0
2020-11-09,2.491,2.554,2.491,2.543,381355.0
2020-11-10,2.554,2.554,2.502,2.515,317703.0
2020-11-11,2.518,2.518,2.472,2.472,313113.0
2020-11-12,2.469,2.494,2.469,2.48,294889.0
2020-11-13,2.477,2.494,2.461,2.485,311693.0
2020-11-16,2.488,2.518,2.48,2.518,280868.0
2020-11-17,2.51,2.513,2.469,2.485,350705.0
2020-11-18,2.488,2.504,2.477,2.491,289637.0
2020-11-19,2.477,2.507,2.469,2.504,278575.0
2020-11-20,2.504,2.529,2.494,2.524,350079.0
2020-11-23,2.524,2.551,2.51,2.545,391089.0
2020-11-24,2.545,2.545,2.532,2.535,276334.0
2020-11-25,2.537,2.543,2.494,2.494,273592.0
2020-11-26,2.494,2.499,2.461,2.474,352244.0
2020-11-27,2.477,2.483,2.452,2.483,261968.0
2020-11-30,2.48,2.491,2.455,2.469,315355.0
2020-12-01,2.469,2.507,2.455,2.507,303136.0
2020-12-02,2.507,2.515,2.496,2.51,283077.0
2020-12-03,2.502,2.515,2.488,2.504,227811.0
2020-12-04,2.502,2.529,2.494,2.526,324281.0
2020-12-07,2.532,2.532,2.513,2.518,231037.0
2020-12-08,2.521,2.524,2.51,2.513,296477.0
2020-12-09,2.513,2.513,2.463,2.469,207959.0
2020-12-10,2.469,2.483,2.45,2.469,254013.0
2020-12-11,2.466,2.474,2.409,2.433,293932.0
2020-12-14,2.428,2.461,2.411,2.455,337949.0
2020-12-15,2.452,2.466,2.447,2.463,213249.0
2020-12-16,2.455,2.463,2.439,2.439,180078.0
2020-12-17,2.439,2.472,2.417,2.466,270102.0
2020-12-18,2.463,2.477,2.452,2.461,288850.0
2020-12-21,2.461,2.507,2.455,2.504,355524.0
2020-12-22,2.504,2.504,2.452,2.455,555244.0
2020-12-23,2.494,2.494,2.45,2.472,726410.0
2020-12-24,2.472,2.472,2.431,2.442,480584.0
2020-12-25,2.444,2.463,2.42,2.452,1316440.0
2020-12-28,2.447,2.455,2.425,2.444,288416.0
2020-12-29,2.442,2.458,2.425,2.431,294570.0
2020-12-30,2.428,2.444,2.414,2.436,300984.0
2020-12-31,2.45,2.491,2.442,2.488,918339.0
2021-01-04,2.494,2.545,2.488,2.537,1121520.0
2021-01-05,2.532,2.551,2.513,2.543,681448.0
2021-01-06,2.529,2.548,2.496,2.515,522011.0
2021-01-07,2.515,2.515,2.45,2.474,615050.0
2021-01-08,2.472,2.494,2.442,2.461,480410.0
2021-01-11,2.444,2.463,2.406,2.417,525832.0
2021-01-12,2.417,2.469,2.401,2.466,528629.0
2021-01-13,2.466,2.469,2.422,2.436,417380.0
2021-01-14,2.436,2.461,2.406,2.433,982211.0
2021-01-15,2.433,2.452,2.406,2.447,662186.0
2021-01-18,2.439,2.507,2.436,2.502,638562.0
2021-01-19,2.513,2.515,2.469,2.477,614205.0
2021-01-20,2.488,2.496,2.466,2.491,556050.0
2021-01-21,2.483,2.535,2.483,2.521,576805.0
2021-01-22,2.524,2.524,2.494,2.515,564176.0
2021-01-25,2.521,2.521,2.485,2.488,454886.0
2021-01-26,2.48,2.491,2.447,2.452,414508.0
2021-01-27,2.452,2.455,2.417,2.45,457195.0
2021-01-28,2.428,2.458,2.401,2.401,730511.0
2021-01-29,2.417,2.422,2.332,2.365,644754.0
2021-02-01,2.365,2.384,2.354,2.381,325107.0
2021-02-02,2.387,2.403,2.362,2.403,496004.0
2021-02-03,2.403,2.406,2.362,2.365,389257.0
2021-02-04,2.351,2.357,2.277,2.313,680981.0
2021-02-05,2.31,2.327,2.266,2.269,593885.0
2021-02-08,2.275,2.297,2.111,2.28,611637.0
2021-02-09,2.28,2.357,2.277,2.354,845504.0
2021-02-10,2.357,2.37,2.338,2.368,739973.0
2021-02-18,2.406,2.425,2.387,2.42,924546.0
2021-02-19,2.417,2.466,2.395,2.463,913034.0
2021-02-22,2.483,2.513,2.452,2.466,2166180.0
2021-02-23,2.428,2.463,2.417,2.439,1294664.0
2021-02-24,2.425,2.461,2.395,2.422,1455792.0
2021-02-25,2.444,2.447,2.398,2.411,888580.0
2021-02-26,2.381,2.398,2.359,2.373,889542.0
2021-03-01,2.376,2.442,2.376,2.439,1174464.0
2021-03-02,2.452,2.455,2.411,2.439,1367848.0
2021-03-03,2.436,2.469,2.422,2.469,1007412.0
2021-03-04,2.442,2.461,2.411,2.428,1884747.0
2021-03-05,2.401,2.439,2.39,2.431,1098252.0
2021-03-08,2.45,2.452,2.365,2.368,1065007.0
2021-03-09,2.357,2.37,2.258,2.299,1168479.0
2021-03-10,2.31,2.324,2.272,2.272,831665.0
2021-03-11,2.275,2.34,2.266,2.338,969799.0
2021-03-12,2.343,2.346,2.307,2.343,828329.0
2021-03-15,2.329,2.343,2.297,2.318,1077756.0
2021-03-16,2.321,2.346,2.302,2.346,1058271.0
2021-03-17,2.34,2.359,2.316,2.354,952675.0
2021-03-18,2.34,2.373,2.34,2.357,1054450.0
2021-03-19,2.335,2.368,2.327,2.351,1186416.0
2021-03-22,2.343,2.395,2.343,2.392,1180097.0
2021-03-23,2.392,2.401,2.351,2.37,1234211.0
2021-03-24,2.349,2.359,2.316,2.318,1028480.0
2021-03-25,2.316,2.343,2.299,2.324,1459562.0
2021-03-26,2.327,2.373,2.327,2.365,1319444.0
2021-03-29,2.351,2.392,2.351,2.37,956992.0
2021-03-30,2.368,2.373,2.351,2.368,855318.0
2021-03-31,2.359,2.37,2.349,2.368,937475.0
2021-04-01,2.365,2.39,2.362,2.381,931975.0
2021-04-02,2.392,2.395,2.379,2.384,896822.0
2021-04-06,2.39,2.417,2.387,2.414,1383768.0
2021-04-07,2.417,2.417,2.392,2.414,1301331.0
2021-04-08,2.414,2.417,2.398,2.409,1268177.0
2021-04-09,2.401,2.411,2.395,2.411,1697681.0
2021-04-12,2.409,2.411,2.349,2.351,1349099.0
2021-04-13,2.351,2.362,2.332,2.343,1293980.0
2021-04-14,2.343,2.379,2.338,2.376,1284988.0
2021-04-15,2.373,2.373,2.349,2.37,983513.0
2021-04-16,2.373,2.406,2.368,2.403,1175521.0
2021-04-19,2.401,2.444,2.392,2.433,1481411.0
2021-04-20,2.433,2.45,2.302,2.428,1393956.0
2021-04-21,2.409,2.436,2.406,2.431,1248138.0
2021-04-22,2.431,2.444,2.431,2.442,1087009.0
2021-04-23,2.444,2.444,2.42,2.433,1201407.0
2021-04-26,2.433,2.461,2.417,2.417,1170766.0
2021-04-27,2.414,2.428,2.387,2.411,1231166.0
2021-04-28,2.401,2.428,2.398,2.425,1272732.0
2021-04-29,2.428,2.433,2.414,2.414,1220708.0
2021-04-30,2.417,2.417,2.392,2.409,1180436.0
2021-05-06,2.395,2.422,2.395,2.417,1326935.0
2021-05-07,2.417,2.42,2.387,2.39,1334902.0
2021-05-10,2.39,2.395,2.376,2.39,1405543.0
2021-05-11,2.373,2.398,2.351,2.39,1545757.0
2021-05-12,2.381,2.439,2.379,2.433,1311293.0
2021-05-13,2.411,2.431,2.403,2.409,1195401.0
2021-05-14,2.417,2.458,2.409,2.455,1342613.0
2021-05-17,2.45,2.461,2.431,2.439,1265380.0
2021-05-18,2.433,2.455,2.428,2.455,1261794.0
2021-05-19,2.447,2.458,2.442,2.45,1134253.0
2021-05-20,2.45,2.463,2.439,2.452,1047387.0
2021-05-21,2.452,2.466,2.447,2.461,1154447.0
2021-05-24,2.452,2.48,2.45,2.48,1104533.0
2021-05-25,2.48,2.515,2.477,2.507,954781.0
2021-05-26,2.507,2.532,2.504,2.521,1158372.0
2021-05-27,2.518,2.551,2.515,2.551,1396013.0
2021-05-28,2.554,2.565,2.529,2.537,1482855.0
2021-05-31,2.543,2.595,2.537,2.595,1366398.0
2021-06-01,2.595,2.606,2.578,2.603,1280195.0
2021-06-02,2.6,2.606,2.562,2.567,1590816.0
2021-06-03,2.565,2.595,2.559,2.567,1285237.0
2021-06-04,2.556,2.592,2.543,2.584,1193073.0
2021-06-07,2.589,2.622,2.587,2.622,1372119.0
2021-06-08,2.622,2.63,2.578,2.603,1427533.0
2021-06-09,2.589,2.606,2.587,2.6,1310595.0
2021-06-10,2.603,2.647,2.595,2.641,1991695.0
2021-06-11,2.641,2.652,2.611,2.622,1700617.0
2021-06-15,2.606,2.619,2.595,2.603,1803864.0
2021-06-16,2.597,2.6,2.545,2.554,1539493.0
2021-06-17,2.545,2.597,2.545,2.595,1338541.0
2021-06-18,2.584,2.633,2.584,2.622,1571608.0
2021-06-21,2.622,2.68,2.617,2.677,2331833.0
2021-06-22,2.685,2.693,2.658,2.674,1702373.0
2021-06-23,2.68,2.71,2.666,2.707,1359635.0
2021-06-24,2.704,2.704,2.663,2.669,1769523.0
2021-06-25,2.671,2.693,2.658,2.682,1423602.0
2021-06-28,2.688,2.721,2.677,2.704,1660420.0
2021-06-29,2.701,2.715,2.677,2.682,1386632.0
2021-06-30,2.68,2.718,2.639,2.718,1502557.0
2021-07-01,2.718,2.737,2.666,2.671,1191988.0
2021-07-02,2.658,2.669,2.608,2.644,1936656.0
2021-07-05,2.633,2.696,2.633,2.696,1559327.0
2021-07-06,2.693,2.707,2.641,2.682,2150740.0
2021-07-07,2.663,2.726,2.652,2.726,1603809.0
2021-07-08,2.726,2.745,2.721,2.734,1673130.0
2021-07-09,2.732,2.759,2.693,2.745,1723469.0
2021-07-12,2.753,2.811,2.753,2.8,1679653.0
2021-07-13,2.808,2.825,2.794,2.822,1880056.0
2021-07-14,2.827,2.83,2.778,2.783,2288086.0
2021-07-15,2.77,2.783,2.729,2.775,2128384.0
2021-07-16,2.775,2.816,2.762,2.778,2033104.0
2021-07-19,2.764,2.789,2.756,2.775,1839159.0
2021-07-20,2.745,2.8,2.745,2.797,1634513.0
2021-07-21,2.8,2.86,2.797,2.849,1853627.0
2021-07-22,2.855,2.874,2.83,2.863,1426729.0
2021-07-23,2.866,2.879,2.833,2.846,1618358.0
2021-07-26,2.841,2.855,2.745,2.808,2144552.0
2021-07-27,2.811,2.841,2.721,2.726,2460532.0
2021-07-28,2.723,2.723,2.597,2.671,2138274.0
2021-07-29,2.693,2.792,2.688,2.778,2082209.0
2021-07-30,2.778,2.816,2.753,2.808,2034228.0
2021-08-02,2.8,2.874,2.794,2.871,1774131.0
2021-08-03,2.852,2.866,2.805,2.814,1894294.0
2021-08-04,2.805,2.893,2.794,2.887,1675010.0
2021-08-05,2.877,2.893,2.852,2.877,1714493.0
2021-08-06,2.879,2.893,2.86,2.893,1671288.0
2021-08-09,2.887,2.901,2.849,2.896,1976888.0
2021-08-10,2.893,2.923,2.882,2.92,1931227.0
2021-08-11,2.92,2.948,2.893,2.945,1730873.0
2021-08-12,2.945,2.975,2.937,2.967,1948084.0
2021-08-13,2.964,2.991,2.942,2.964,2225439.0
2021-08-16,2.959,2.959,2.918,2.926,2098195.0
2021-08-17,2.915,2.931,2.835,2.841,2200348.0
2021-08-18,2.844,2.879,2.835,2.871,2493623.0
2021-08-19,2.857,2.904,2.833,2.896,2112158.0
2021-08-20,2.885,2.909,2.844,2.907,2282243.0
2021-08-23,2.909,2.975,2.904,2.967,2799768.0
2021-08-24,2.986,3.011,2.948,2.997,2284138.0
2021-08-25,2.991,3.005,2.967,3.005,2199599.0
2021-08-26,2.997,3.011,2.961,2.967,2122770.0
2021-08-27,2.956,2.983,2.934,2.975,2618768.0
2021-08-30,2.972,3.027,2.972,2.989,2749339.0
2021-08-31,2.983,2.997,2.959,2.997,2591638.0
2021-09-01,3.0,3.002,2.896,2.939,2332888.0
2021-09-02,2.934,2.986,2.915,2.986,2009454.0
2021-09-03,2.994,3.013,2.92,2.953,2574594.0
2021-09-06,2.953,3.002,2.918,2.997,2071510.0
2021-09-07,2.994,3.063,2.986,3.054,2397445.0
2021-09-08,3.052,3.076,3.046,3.073,2008204.0
2021-09-09,3.063,3.071,3.032,3.057,1647579.0
2021-09-10,3.057,3.084,3.032,3.079,2556268.0
2021-09-13,3.068,3.087,3.054,3.082,1468980.0
2021-09-14,3.082,3.123,3.06,3.068,1872548.0
2021-09-15,3.054,3.098,3.043,3.095,1659561.0
2021-09-16,3.109,3.117,2.994,2.997,2971080.0
2021-09-17,2.989,3.019,2.926,3.002,3000672.0
2021-09-22,2.97,3.019,2.961,3.016,1666369.0
2021-09-23,3.027,3.046,3.013,3.024,1718460.0
2021-09-24,3.024,3.024,2.97,2.98,2097978.0
2021-09-27,2.972,2.991,2.857,2.882,2302070.0
2021-09-28,2.879,2.901,2.866,2.887,1601326.0
2021-09-29,2.863,2.871,2.783,2.792,1644135.0
2021-09-30,2.797,2.866,2.794,2.86,1659362.0
2021-10-08,2.885,2.909,2.857,2.877,1319948.0
2021-10-11,2.863,2.877,2.838,2.857,1476400.0
2021-10-12,2.844,2.849,2.751,2.783,1565933.0
2021-10-13,2.77,2.822,2.762,2.816,1319224.0
2021-10-14,2.794,2.852,2.794,2.841,1441086.0
2021-10-15,2.833,2.852,2.816,2.844,1036732.0
2021-10-18,2.827,2.874,2.827,2.871,1307042.0
2021-10-19,2.868,2.907,2.857,2.904,1324732.0
2021-10-20,2.893,2.923,2.879,2.915,1596648.0
2021-10-21,2.907,2.92,2.887,2.893,1326723.0
2021-10-22,2.893,2.912,2.868,2.874,2002173.0
2021-10-25,2.879,2.918,2.866,2.918,1303273.0
2021-10-26,2.92,2.937,2.896,2.912,1221912.0
2021-10-27,2.898,2.901,2.863,2.879,1372415.0
2021-10-28,2.871,2.871,2.808,2.814,1323527.0
2021-10-29,2.811,2.863,2.797,2.863,1130791.0
2021-11-01,2.849,2.896,2.841,2.885,1069710.0
2021-11-02,2.879,2.901,2.822,2.855,1248329.0
2021-11-03,2.844,2.86,2.825,2.857,1092438.0
2021-11-04,2.86,2.898,2.86,2.896,998343.0
2021-11-05,2.896,2.898,2.852,2.855,1173928.0
2021-11-08,2.855,2.874,2.841,2.874,1391797.0
2021-11-09,2.868,2.92,2.868,2.915,1361472.0
2021-11-10,2.915,2.92,2.874,2.918,1494123.0
2021-11-11,2.918,2.953,2.907,2.948,1402948.0
2021-11-12,2.948,2.989,2.939,2.986,1695359.0
2021-11-15,3.005,3.008,2.961,2.975,2143611.0
2021-11-16,2.972,2.983,2.931,2.942,1765195.0
2021-11-17,2.937,3.0,2.934,3.0,2138549.0
2021-11-18,2.997,3.013,2.972,2.989,2436716.0
2021-11-19,2.972,3.03,2.972,3.027,2116569.0
2021-11-22,3.027,3.095,3.027,3.093,2572718.0
2021-11-23,3.09,3.093,3.071,3.084,1730406.0
2021-11-24,3.082,3.093,3.065,3.082,1922848.0
2021-11-25,3.076,3.084,3.063,3.071,1588706.0
2021-11-26,3.065,3.09,3.057,3.079,1526751.0
2021-11-29,3.054,3.109,3.041,3.106,1710742.0
2021-11-30,3.117,3.139,3.098,3.125,3146955.0
2021-12-01,3.12,3.128,3.098,3.128,2779407.0
2021-12-02,3.117,3.12,3.082,3.087,2167359.0
2021-12-03,3.084,3.117,3.076,3.106,1904470.0
2021-12-06,3.106,3.109,3.057,3.06,2761308.0
2021-12-07,3.071,3.098,2.989,3.011,2891978.0
2021-12-08,3.016,3.071,3.016,3.063,2149617.0
2021-12-09,3.063,3.082,3.054,3.082,1877284.0
2021-12-10,3.071,3.136,3.063,3.117,1492084.0
2021-12-13,3.09,3.104,3.073,3.093,1581483.0
2021-12-14,3.079,3.104,3.076,3.101,1751684.0
2021-12-15,3.093,3.109,3.076,3.09,1515359.0
2021-12-16,3.095,3.106,3.082,3.101,1282433.0
2021-12-17,3.098,3.101,3.057,3.06,1631877.0
2021-12-20,3.054,3.071,2.997,3.008,1512043.0
2021-12-21,3.008,3.046,3.002,3.046,1252461.0
2021-12-22,3.054,3.076,3.041,3.071,1882650.0
2021-12-23,3.071,3.084,3.054,3.071,1289255.0
2021-12-24,3.071,3.076,3.013,3.019,1624183.0
2021-12-27,3.008,3.038,3.002,3.019,974295.0
2021-12-28,3.024,3.052,3.013,3.049,1217406.0
2021-12-29,3.052,3.057,3.038,3.049,1183058.0
2021-12-30,3.043,3.084,3.041,3.073,1187536.0
2021-12-31,3.073,3.117,3.073,3.112,1334923.0
2022-01-04,3.114,3.134,3.082,3.098,1765720.0
2022-01-05,3.098,3.098,3.002,3.016,2215219.0
2022-01-06,2.997,3.054,2.989,3.035,2491382.0
2022-01-07,3.041,3.046,2.97,2.98,2510088.0
2022-01-10,2.961,3.005,2.953,2.994,1955834.0
2022-01-11,2.989,3.008,2.956,2.964,1717007.0
2022-01-12,2.967,3.021,2.967,3.019,1581960.0
2022-01-13,3.011,3.016,2.961,2.961,1799002.0
2022-01-14,2.948,2.986,2.934,2.972,1563666.0
2022-01-17,2.967,3.032,2.967,3.03,1705336.0
2022-01-18,3.027,3.035,3.0,3.013,1856883.0
2022-01-19,3.0,3.008,2.953,2.97,1723690.0
2022-01-20,2.967,2.967,2.901,2.904,1893780.0
2022-01-21,2.893,2.904,2.855,2.857,1774048.0
2022-01-24,2.835,2.89,2.835,2.874,1961255.0
2022-01-25,2.852,2.877,2.756,2.759,2075250.0
2022-01-26,2.762,2.794,2.737,2.778,2442764.0
2022-01-27,2.764,2.783,2.688,2.69,1878438.0
2022-01-28,2.707,2.734,2.647,2.701,1816059.0
2022-02-07,2.723,2.74,2.712,2.729,1906118.0
2022-02-08,2.721,2.751,2.68,2.751,2030312.0
2022-02-09,2.751,2.792,2.726,2.789,1656229.0
2022-02-10,2.794,2.794,2.756,2.781,1999842.0
2022-02-11,2.77,2.77,2.712,2.721,2043169.0
2022-02-14,2.696,2.742,2.685,2.701,1703753.0
2022-02-15,2.701,2.762,2.699,2.759,1951141.0
2022-02-16,2.77,2.789,2.759,2.781,1493746.0
2022-02-17,2.778,2.814,2.756,2.792,1821238.0
2022-02-18,2.778,2.811,2.762,2.803,1465276.0
2022-02-21,2.8,2.844,2.8,2.838,1274357.0
2022-02-22,2.819,2.833,2.792,2.822,2537068.0
2022-02-23,2.827,2.89,2.822,2.89,1781536.0
2022-02-24,2.857,2.893,2.773,2.819,2717424.0
2022-02-25,2.846,2.882,2.833,2.846,1878104.0
2022-02-28,2.849,2.877,2.816,2.871,1827949.0
2022-03-01,2.879,2.89,2.852,2.877,1713232.0
2022-03-02,2.855,2.877,2.841,2.871,1397435.0
2022-03-03,2.882,2.89,2.833,2.841,1710740.0
2022-03-04,2.805,2.849,2.794,2.805,1483721.0
2022-03-07,2.786,2.794,2.721,2.732,1686390.0
2022-03-08,2.732,2.745,2.639,2.647,2315209.0
2022-03-09,2.647,2.671,2.515,2.617,2829517.0
2022-03-10,2.666,2.71,2.66,2.682,2268600.0
2022-03-11,2.636,2.704,2.617,2.701,2294035.0
2022-03-14,2.658,2.696,2.619,2.625,2543111.0
2022-03-15,2.6,2.622,2.491,2.496,2258385.0
2022-03-16,2.526,2.595,2.439,2.581,3199261.0
2022-03-17,2.595,2.674,2.595,2.63,3346206.0
2022-03-18,2.608,2.66,2.608,2.658,1686449.0
2022-03-21,2.68,2.696,2.655,2.688,1976916.0
2022-03-22,2.674,2.701,2.66,2.674,1557035.0
2022-03-23,2.685,2.699,2.666,2.693,1431458.0
2022-03-24,2.671,2.688,2.644,2.658,1596122.0
2022-03-25,2.66,2.68,2.628,2.636,1401992.0
2022-03-28,2.608,2.639,2.584,2.608,1617209.0
2022-03-29,2.622,2.625,2.587,2.592,1232755.0
2022-03-30,2.608,2.66,2.6,2.655,3219270.0
2022-03-31,2.649,2.652,2.611,2.617,1624972.0
2022-04-01,2.587,2.625,2.578,2.619,1433450.0
2022-04-06,2.606,2.614,2.587,2.608,1528416.0
2022-04-07,2.592,2.614,2.554,2.556,1395359.0
2022-04-08,2.556,2.565,2.499,2.537,1585305.0
2022-04-11,2.518,2.518,2.425,2.444,1873388.0
2022-04-12,2.447,2.477,2.409,2.474,1852042.0
2022-04-13,2.45,2.461,2.42,2.428,2370453.0
2022-04-14,2.444,2.463,2.425,2.444,2165846.0
2022-04-15,2.425,2.442,2.395,2.417,2445030.0
2022-04-18,2.398,2.442,2.373,2.439,1652789.0
2022-04-19,2.425,2.455,2.425,2.447,1592778.0
2022-04-20,2.439,2.452,2.39,2.395,1396146.0
2022-04-21,2.384,2.401,2.294,2.297,1776342.0
2022-04-22,2.283,2.297,2.25,2.269,2333810.0
2022-04-25,2.22,2.236,2.078,2.091,2863781.0
2022-04-26,2.078,2.105,2.012,2.023,4294683.0
2022-04-27,2.007,2.132,1.976,2.13,3177134.0
2022-04-28,2.1,2.138,2.08,2.102,2488472.0
2022-04-29,2.124,2.217,2.105,2.206,2700542.0
2022-05-05,2.195,2.266,2.173,2.247,2102215.0
2022-05-06,2.198,2.236,2.187,2.217,1876185.0
2022-05-09,2.198,2.253,2.193,2.247,1810666.0
2022-05-10,2.212,2.294,2.206,2.286,2298511.0
2022-05-11,2.294,2.368,2.286,2.31,1970927.0
2022-05-12,2.288,2.343,2.288,2.324,1717713.0
2022-05-13,2.335,2.359,2.307,2.343,2137794.0
2022-05-16,2.351,2.373,2.329,2.349,1547203.0
2022-05-17,2.34,2.362,2.313,2.359,1661488.0
2022-05-18,2.359,2.384,2.343,2.359,2151577.0
2022-05-19,2.324,2.392,2.316,2.39,1537470.0
2022-05-20,2.384,2.42,2.376,2.411,2067638.0
2022-05-23,2.417,2.455,2.414,2.452,1610781.0
2022-05-24,2.439,2.45,2.34,2.349,2186088.0
2022-05-25,2.346,2.39,2.338,2.39,2294867.0
2022-05-26,2.384,2.425,2.349,2.411,2499850.0
2022-05-27,2.42,2.425,2.376,2.406,2401286.0
2022-05-30,2.398,2.431,2.379,2.428,1709574.0
2022-05-31,2.425,2.463,2.401,2.452,2547785.0
2022-06-01,2.439,2.474,2.433,2.463,1577090.0
2022-06-02,2.461,2.502,2.447,2.491,2176874.0
2022-06-06,2.483,2.565,2.483,2.556,1978481.0
2022-06-07,2.554,2.567,2.532,2.551,1896363.0
2022-06-08,2.545,2.581,2.504,2.559,2163995.0
2022-06-09,2.54,2.554,2.496,2.513,2011356.0
2022-06-10,2.496,2.573,2.491,2.57,1516667.0
2022-06-13,2.556,2.595,2.529,2.589,1803241.0
2022-06-14,2.57,2.592,2.496,2.589,2481820.0
2022-06-15,2.581,2.625,2.576,2.578,2442639.0
2022-06-16,2.576,2.625,2.576,2.603,1923035.0
2022-06-17,2.578,2.636,2.567,2.633,2353100.0
2022-06-20,2.633,2.671,2.628,2.658,2079638.0
2022-06-21,2.655,2.66,2.606,2.628,2609780.0
2022-06-22,2.625,2.644,2.592,2.595,2302702.0
2022-06-23,2.589,2.66,2.578,2.658,2180010.0
2022-06-24,2.658,2.707,2.658,2.688,2805090.0
2022-06-27,2.693,2.729,2.693,2.718,2771544.0
2022-06-28,2.721,2.759,2.707,2.753,4076300.0
2022-06-29,2.745,2.751,2.68,2.693,2895121.0
2022-06-30,2.685,2.734,2.685,2.715,2341806.0
2022-07-01,2.71,2.74,2.701,2.723,2323891.0
2022-07-04,2.723,2.753,2.696,2.748,2330116.0
2022-07-05,2.745,2.764,2.701,2.74,2896786.0
2022-07-06,2.734,2.74,2.68,2.704,3428150.0
2022-07-07,2.704,2.745,2.685,2.737,3199694.0
2022-07-08,2.74,2.753,2.718,2.723,3669073.0
2022-07-11,2.707,2.707,2.652,2.682,4115606.0
2022-07-12,2.68,2.688,2.63,2.633,3657359.0
2022-07-13,2.633,2.663,2.617,2.655,3901807.0
2022-07-14,2.649,2.704,2.644,2.693,3306903.0
2022-07-15,2.685,2.712,2.66,2.663,3767229.0
2022-07-18,2.66,2.71,2.66,2.704,5888866.0
2022-07-19,2.712,2.742,2.699,2.729,6654451.0
2022-07-20,2.74,2.77,2.732,2.77,8965346.0
2022-07-21,2.77,2.781,2.751,2.753,11019136.0
2022-07-22,2.756,2.773,2.707,2.734,21120995.0
2022-07-25,2.729,2.748,2.69,2.696,13788702.0
2022-07-26,2.699,2.742,2.685,2.74,17316708.0
2022-07-27,2.734,2.767,2.723,2.764,17552357.0
2022-07-28,2.77,2.803,2.767,2.786,23067442.0
2022-07-29,2.786,2.797,2.767,2.775,26578040.0
2022-08-01,2.753,2.797,2.74,2.792,20572828.0
2022-08-02,2.764,2.764,2.666,2.712,23986035.0
2022-08-03,2.704,2.753,2.68,2.69,18641874.0
2022-08-04,2.693,2.71,2.658,2.704,22227521.0
2022-08-05,2.696,2.767,2.696,2.767,16269241.0
2022-08-08,2.756,2.797,2.751,2.789,13131817.0
2022-08-09,2.786,2.808,2.767,2.803,10741536.0
2022-08-10,2.783,2.811,2.783,2.803,12494378.0
2022-08-11,2.819,2.844,2.805,2.841,17569250.0
2022-08-12,2.833,2.849,2.811,2.814,12584968.0
2022-08-15,2.803,2.844,2.797,2.833,13542828.0
2022-08-16,2.833,2.868,2.827,2.849,13828761.0
2022-08-17,2.855,2.86,2.83,2.852,14245458.0
2022-08-18,2.841,2.868,2.841,2.866,13161196.0
2022-08-19,2.866,2.874,2.814,2.816,12714510.0
2022-08-22,2.805,2.841,2.786,2.833,15037480.0
2022-08-23,2.825,2.846,2.822,2.846,15346241.0
2022-08-24,2.835,2.846,2.732,2.74,19578000.0
2022-08-25,2.737,2.745,2.696,2.732,14226686.0
2022-08-26,2.726,2.762,2.704,2.715,12612576.0
2022-08-29,2.682,2.734,2.666,2.726,13815207.0
2022-08-30,2.726,2.732,2.699,2.712,17050916.0
2022-08-31,2.699,2.712,2.617,2.625,22256540.0
2022-09-01,2.611,2.647,2.597,2.608,19380579.0
2022-09-05,2.62,2.655,2.611,2.635,6338251.0
2022-09-06,2.647,2.689,2.632,2.688,6743230.0
2022-09-07,2.681,2.717,2.676,2.705,5550310.0
2022-09-08,2.708,2.714,2.68,2.683,5246127.0
2022-09-09,2.682,2.693,2.664,2.691,7221364.0
2022-09-13,2.695,2.707,2.673,2.682,5802034.0
2022-09-14,2.652,2.662,2.636,2.651,5767298.0
2022-09-15,2.653,2.666,2.535,2.566,8840341.0
2022-09-16,2.548,2.572,2.508,2.512,7637580.0
2022-09-19,2.499,2.522,2.463,2.483,6775496.0
2022-09-20,2.491,2.538,2.483,2.512,5193688.0
2022-09-21,2.508,2.525,2.473,2.512,6797740.0
2022-09-22,2.49,2.546,2.485,2.517,5611800.0
2022-09-23,2.519,2.526,2.443,2.469,7554883.0
2022-09-26,2.449,2.487,2.432,2.434,7391910.0
2022-09-27,2.438,2.485,2.436,2.482,9218457.0
2022-09-28,2.472,2.482,2.405,2.407,6053848.0
2022-09-29,2.427,2.446,2.397,2.416,7147457.0
2022-09-30,2.416,2.421,2.367,2.368,6433496.0
2022-10-10,2.362,2.381,2.304,2.317,5750055.0
2022-10-11,2.315,2.335,2.298,2.323,5653881.0
2022-10-12,2.32,2.395,2.284,2.394,8699466.0
2022-10-13,2.378,2.445,2.373,2.421,8511568.0
2022-10-14,2.434,2.495,2.432,2.488,5733861.0
2022-10-17,2.471,2.514,2.464,2.503,6074511.0
2022-10-18,2.512,2.54,2.494,2.52,6410229.0
2022-10-19,2.511,2.537,2.501,2.505,5459752.0
2022-10-20,2.485,2.536,2.452,2.497,10410664.0
2022-10-21,2.492,2.511,2.472,2.492,6012078.0
2022-10-24,2.492,2.55,2.449,2.482,8398588.0
2022-10-25,2.457,2.486,2.418,2.461,6870438.0
2022-10-26,2.461,2.546,2.461,2.522,12270815.0
2022-10-27,2.532,2.541,2.501,2.507,8051513.0
2022-10-28,2.488,2.502,2.402,2.412,8100327.0
2022-10-31,2.393,2.464,2.393,2.438,7206304.0
2022-11-01,2.441,2.507,2.429,2.506,8982036.0
2022-11-02,2.502,2.543,2.494,2.531,6435972.0
2022-11-03,2.516,2.554,2.514,2.544,4897121.0
2022-11-04,2.544,2.616,2.541,2.613,7497603.0
2022-11-07,2.609,2.625,2.581,2.602,6456919.0
2022-11-08,2.595,2.602,2.579,2.601,6227681.0
2022-11-09,2.599,2.616,2.581,2.589,5692791.0
2022-11-10,2.576,2.585,2.555,2.564,7701095.0
2022-11-11,2.63,2.639,2.572,2.574,10131569.0
2022-11-14,2.574,2.599,2.544,2.556,9216750.0
2022-11-15,2.546,2.619,2.546,2.618,6466110.0
2022-11-16,2.618,2.628,2.594,2.598,6236468.0
2022-11-17,2.592,2.607,2.57,2.604,6578993.0
2022-11-18,2.605,2.62,2.576,2.582,7789657.0
2022-11-21,2.564,2.596,2.554,2.593,4967542.0
2022-11-22,2.585,2.594,2.539,2.555,10397190.0
2022-11-23,2.547,2.559,2.5,2.549,5706180.0
2022-11-24,2.55,2.564,2.536,2.552,5344543.0
2022-11-25,2.545,2.547,2.521,2.526,3764477.0
2022-11-28,2.486,2.522,2.477,2.516,5395330.0
2022-11-29,2.521,2.568,2.519,2.556,7193491.0
2022-11-30,2.556,2.565,2.542,2.553,5776169.0
2022-12-01,2.586,2.602,2.573,2.58,5331708.0
2022-12-02,2.567,2.611,2.567,2.588,5096919.0
2022-12-05,2.602,2.61,2.586,2.601,5303539.0
2022-12-06,2.593,2.615,2.581,2.598,6282370.0
2022-12-07,2.596,2.613,2.582,2.596,5364379.0
2022-12-08,2.596,2.598,2.575,2.584,6345406.0
2022-12-09,2.581,2.597,2.567,2.591,5965858.0
2022-12-12,2.592,2.596,2.566,2.581,4649133.0
2022-12-13,2.577,2.584,2.555,2.561,3783817.0
2022-12-14,2.551,2.573,2.539,2.546,4871929.0
2022-12-15,2.54,2.562,2.538,2.555,4550363.0
2022-12-16,2.544,2.552,2.519,2.532,6026668.0
2022-12-19,2.534,2.539,2.47,2.48,6455240.0
2022-12-20,2.477,2.478,2.447,2.453,6630079.0
2022-12-21,2.457,2.461,2.418,2.439,6554398.0
2022-12-22,2.445,2.447,2.386,2.4,5198806.0
2022-12-23,2.388,2.403,2.366,2.382,6976723.0
2022-12-26,2.384,2.433,2.384,2.426,6523566.0
2022-12-27,2.438,2.448,2.418,2.446,4363436.0
2022-12-28,2.441,2.441,2.422,2.429,5905662.0
2022-12-29,2.41,2.447,2.41,2.424,5735949.0
2022-12-30,2.435,2.438,2.421,2.429,6107505.0
2023-01-03,2.427,2.493,2.423,2.486,8331312.0
2023-01-04,2.486,2.494,2.469,2.486,6126669.0
2023-01-05,2.491,2.514,2.482,2.513,5357602.0
2023-01-06,2.512,2.533,2.508,2.517,4714405.0
2023-01-09,2.522,2.546,2.52,2.529,5173508.0
2023-01-10,2.526,2.537,2.516,2.533,4731222.0
2023-01-11,2.531,2.544,2.509,2.514,6319171.0
2023-01-12,2.512,2.534,2.507,2.514,5401686.0
2023-01-13,2.515,2.532,2.509,2.53,5001341.0
2023-01-16,2.532,2.574,2.532,2.558,11846074.0
2023-01-17,2.558,2.571,2.551,2.555,6590668.0
2023-01-18,2.561,2.577,2.557,2.563,5735305.0
2023-01-19,2.561,2.595,2.553,2.594,7173348.0
2023-01-20,2.595,2.622,2.595,2.619,11808848.0
2023-01-30,2.648,2.661,2.628,2.63,8532419.0
2023-01-31,2.63,2.649,2.622,2.639,7322828.0
2023-02-01,2.642,2.684,2.641,2.683,7160094.0
2023-02-02,2.686,2.71,2.68,2.687,7916167.0
2023-02-03,2.68,2.691,2.646,2.684,7251938.0
2023-02-06,2.672,2.687,2.656,2.678,6523828.0
2023-02-07,2.683,2.687,2.659,2.686,10142395.0
2023-02-08,2.688,2.69,2.663,2.667,6714086.0
2023-02-09,2.659,2.725,2.654,2.722,10182072.0
2023-02-10,2.719,2.724,2.684,2.708,7780780.0
2023-02-13,2.696,2.736,2.696,2.734,7434313.0
2023-02-14,2.736,2.743,2.725,2.74,5456512.0
2023-02-15,2.741,2.746,2.729,2.739,4757291.0
2023-02-16,2.74,2.757,2.666,2.689,8613256.0
2023-02-17,2.688,2.697,2.658,2.664,7929048.0
2023-02-20,2.662,2.699,2.643,2.696,8785280.0
2023-02-21,2.697,2.721,2.687,2.709,5470174.0
2023-02-22,2.704,2.723,2.691,2.717,4692244.0
2023-02-23,2.716,2.721,2.683,2.704,4626301.0
2023-02-24,2.702,2.712,2.674,2.694,5318072.0
2023-02-27,2.682,2.694,2.662,2.676,6273385.0
2023-02-28,2.676,2.701,2.661,2.698,4707684.0
2023-03-01,2.698,2.721,2.686,2.718,4140546.0
2023-03-02,2.717,2.726,2.698,2.705,4402342.0
2023-03-03,2.705,2.717,2.681,2.701,5291725.0
2023-03-06,2.698,2.718,2.685,2.71,4844866.0
2023-03-07,2.714,2.714,2.656,2.66,5105719.0
2023-03-08,2.643,2.675,2.643,2.668,4470043.0
2023-03-09,2.668,2.677,2.653,2.675,4895643.0
2023-03-10,2.66,2.665,2.633,2.635,5658251.0
2023-03-13,2.629,2.651,2.614,2.648,4903908.0
2023-03-14,2.649,2.649,2.593,2.623,4891434.0
2023-03-15,2.635,2.656,2.63,2.636,3930104.0
2023-03-16,2.63,2.631,2.588,2.595,4580919.0
2023-03-17,2.607,2.632,2.601,2.615,5780563.0
2023-03-20,2.617,2.627,2.594,2.604,4679060.0
2023-03-21,2.603,2.64,2.603,2.638,4796690.0
2023-03-22,2.642,2.653,2.638,2.649,4138039.0
2023-03-23,2.649,2.661,2.642,2.659,4655454.0
2023-03-24,2.66,2.666,2.651,2.661,3736134.0
2023-03-27,2.661,2.674,2.646,2.665,3790344.0
2023-03-28,2.676,2.676,2.643,2.65,4212527.0
2023-03-29,2.657,2.669,2.632,2.64,4824041.0
2023-03-30,2.635,2.643,2.62,2.642,4781083.0
2023-03-31,2.64,2.666,2.64,2.664,3979778.0
2023-04-03,2.667,2.703,2.667,2.701,5558426.0
2023-04-04,2.706,2.706,2.681,2.697,4276213.0
2023-04-06,2.691,2.71,2.686,2.706,4159097.0
2023-04-07,2.706,2.735,2.703,2.73,2958890.0
2023-04-10,2.736,2.738,2.699,2.705,3614718.0
2023-04-11,2.7,2.714,2.695,2.706,3588093.0
2023-04-12,2.71,2.723,2.706,2.721,3856953.0
2023-04-13,2.722,2.723,2.701,2.704,3553957.0
2023-04-14,2.707,2.724,2.698,2.721,3838311.0
2023-04-17,2.721,2.726,2.713,2.723,2937657.0
2023-04-18,2.712,2.725,2.701,2.712,3558270.0
2023-04-19,2.71,2.719,2.696,2.7,3377295.0
2023-04-20,2.696,2.702,2.684,2.7,3629479.0
2023-04-21,2.697,2.699,2.629,2.63,4321147.0
2023-04-24,2.63,2.636,2.597,2.608,5185965.0
2023-04-25,2.604,2.611,2.525,2.56,7640157.0
2023-04-26,2.557,2.582,2.55,2.568,5582650.0
2023-04-27,2.56,2.589,2.559,2.574,7394135.0
2023-04-28,2.574,2.615,2.572,2.614,5702761.0
2023-05-04,2.605,2.615,2.594,2.607,4438145.0
2023-05-05,2.602,2.606,2.561,2.578,4419532.0
2023-05-08,2.573,2.605,2.573,2.594,5389085.0
2023-05-09,2.601,2.601,2.562,2.562,4097924.0
2023-05-10,2.557,2.581,2.55,2.567,4218297.0
2023-05-11,2.569,2.58,2.563,2.565,3685978.0
2023-05-12,2.559,2.574,2.531,2.532,3952464.0
2023-05-15,2.532,2.554,2.506,2.55,3873218.0
2023-05-16,2.551,2.552,2.518,2.526,3873097.0
2023-05-17,2.526,2.544,2.522,2.539,4467587.0
2023-05-18,2.537,2.556,2.537,2.551,4273411.0
2023-05-19,2.549,2.572,2.535,2.562,4421555.0
2023-05-22,2.558,2.567,2.54,2.557,3959473.0
2023-05-23,2.559,2.564,2.53,2.532,3616086.0
2023-05-24,2.532,2.55,2.515,2.526,4036863.0
2023-05-25,2.523,2.543,2.491,2.521,4692849.0
2023-05-26,2.513,2.55,2.501,2.544,4752977.0
2023-05-29,2.551,2.559,2.526,2.539,3676099.0
2023-05-30,2.539,2.554,2.51,2.55,4392254.0
2023-05-31,2.55,2.557,2.531,2.551,4409326.0
2023-06-01,2.548,2.574,2.533,2.557,4345874.0
2023-06-02,2.562,2.582,2.561,2.575,4418714.0
2023-06-05,2.575,2.583,2.568,2.576,3971506.0
2023-06-06,2.575,2.575,2.514,2.52,4794991.0
2023-06-07,2.526,2.536,2.514,2.52,3661063.0
2023-06-08,2.519,2.52,2.488,2.508,3785163.0
2023-06-09,2.507,2.528,2.499,2.526,3896222.0
2023-06-12,2.525,2.548,2.521,2.538,4246455.0
2023-06-13,2.54,2.553,2.537,2.549,4335080.0
2023-06-14,2.549,2.565,2.546,2.558,3904859.0
2023-06-15,2.566,2.58,2.557,2.573,3956823.0
2023-06-16,2.57,2.601,2.57,2.596,4241747.0
2023-06-19,2.595,2.611,2.593,2.605,5029946.0
2023-06-20,2.608,2.617,2.598,2.608,4878172.0
2023-06-21,2.608,2.608,2.554,2.555,5546871.0
2023-06-26,2.544,2.55,2.498,2.508,8070219.0
2023-06-27,2.51,2.54,2.507,2.533,4178830.0
2023-06-28,2.533,2.533,2.482,2.529,6959910.0
2023-06-29,2.525,2.548,2.519,2.54,6264818.0
2023-06-30,2.533,2.584,2.533,2.581,5189201.0
2023-07-03,2.582,2.595,2.563,2.575,3979243.0
2023-07-04,2.569,2.588,2.569,2.587,4586647.0
2023-07-05,2.581,2.594,2.563,2.567,4365407.0
2023-07-06,2.56,2.584,2.555,2.558,4782258.0
2023-07-07,2.557,2.558,2.528,2.547,4128959.0
2023-07-10,2.554,2.561,2.536,2.548,3415252.0
2023-07-11,2.549,2.57,2.543,2.569,3578223.0
2023-07-12,2.568,2.57,2.529,2.531,3835418.0
2023-07-13,2.538,2.561,2.533,2.556,4747572.0
2023-07-14,2.56,2.565,2.552,2.553,3855609.0
2023-07-17,2.545,2.547,2.527,2.544,4258532.0
2023-07-18,2.543,2.552,2.531,2.542,3198341.0
2023-07-19,2.539,2.55,2.522,2.536,3084999.0
2023-07-20,2.537,2.544,2.5,2.503,6729798.0
2023-07-21,2.5,2.519,2.491,2.5,6413246.0
2023-07-24,2.494,2.515,2.488,2.494,3636666.0
2023-07-25,2.511,2.541,2.511,2.535,6175507.0
2023-07-26,2.53,2.535,2.516,2.523,4228792.0
2023-07-27,2.526,2.531,2.498,2.503,3751108.0
2023-07-28,2.492,2.53,2.487,2.525,6037254.0
2023-07-31,2.525,2.562,2.525,2.542,4744875.0
2023-08-01,2.543,2.549,2.531,2.538,3735023.0
2023-08-02,2.538,2.543,2.524,2.533,4311270.0
2023-08-03,2.532,2.537,2.519,2.535,5120808.0
2023-08-04,2.543,2.565,2.537,2.55,4105511.0
2023-08-07,2.547,2.555,2.534,2.538,3769755.0
2023-08-08,2.533,2.539,2.517,2.527,3816484.0
2023-08-09,2.52,2.525,2.503,2.507,4377638.0
2023-08-10,2.507,2.514,2.493,2.505,3652491.0
2023-08-11,2.505,2.509,2.457,2.458,4216843.0
2023-08-14,2.447,2.467,2.421,2.464,4534113.0
2023-08-15,2.461,2.468,2.419,2.445,4628547.0
2023-08-16,2.432,2.442,2.411,2.413,3908604.0
2023-08-17,2.408,2.441,2.387,2.434,4663986.0
2023-08-18,2.44,2.443,2.383,2.385,3724776.0
2023-08-21,2.381,2.4,2.357,2.358,4977448.0
2023-08-22,2.367,2.378,2.329,2.373,6140117.0
2023-08-23,2.363,2.366,2.323,2.327,5807583.0
2023-08-24,2.331,2.357,2.314,2.329,4785892.0
2023-08-25,2.32,2.331,2.277,2.29,6318592.0
2023-08-28,2.429,2.429,2.297,2.305,9181696.0
2023-08-29,2.309,2.391,2.304,2.377,10673646.0
2023-08-30,2.377,2.415,2.375,2.389,6123536.0
2023-08-31,2.387,2.39,2.369,2.382,4530235.0
2023-09-01,2.383,2.396,2.369,2.38,4241653.0
2023-09-04,2.384,2.418,2.377,2.417,4903749.0
2023-09-05,2.411,2.419,2.396,2.403,5948221.0
2023-09-06,2.392,2.419,2.379,2.412,4742586.0
2023-09-07,2.411,2.411,2.368,2.37,6122885.0
2023-09-08,2.366,2.385,2.361,2.375,4797775.0
2023-09-11,2.372,2.419,2.367,2.411,4241470.0
2023-09-12,2.403,2.421,2.403,2.409,3098728.0
2023-09-13,2.405,2.407,2.358,2.377,4167541.0
2023-09-14,2.375,2.377,2.352,2.368,3550028.0
2023-09-15,2.368,2.385,2.354,2.369,4450205.0
2023-09-18,2.359,2.382,2.351,2.371,3845096.0
2023-09-19,2.369,2.373,2.342,2.353,3589780.0
2023-09-20,2.348,2.355,2.33,2.331,4178861.0
2023-09-21,2.322,2.338,2.309,2.313,3819428.0
2023-09-22,2.31,2.361,2.307,2.361,5186232.0
2023-09-25,2.352,2.362,2.342,2.348,4699682.0
2023-09-26,2.347,2.351,2.337,2.338,3358028.0
2023-09-27,2.337,2.364,2.333,2.353,4659021.0
2023-09-28,2.353,2.372,2.353,2.371,5011609.0
2023-10-09,2.362,2.369,2.344,2.361,4603525.0
2023-10-10,2.363,2.373,2.349,2.353,3650414.0
2023-10-11,2.362,2.382,2.35,2.358,6211826.0
2023-10-12,2.37,2.378,2.359,2.376,4844102.0
2023-10-13,2.362,2.372,2.362,2.371,3228735.0
2023-10-16,2.372,2.376,2.336,2.344,4866148.0
2023-10-17,2.344,2.347,2.323,2.34,2751098.0
2023-10-18,2.331,2.334,2.296,2.3,4114997.0
2023-10-19,2.291,2.307,2.271,2.275,4105787.0
2023-10-20,2.268,2.279,2.24,2.249,4255398.0
2023-10-23,2.239,2.241,2.177,2.19,4983422.0
2023-10-24,2.192,2.232,2.182,2.219,4171145.0
2023-10-25,2.238,2.259,2.235,2.245,4218015.0
2023-10-26,2.238,2.265,2.225,2.261,3870009.0
2023-10-27,2.254,2.313,2.244,2.305,3089521.0
2023-10-30,2.292,2.346,2.292,2.336,3111033.0
2023-10-31,2.329,2.34,2.31,2.323,2521476.0
2023-11-01,2.329,2.331,2.31,2.32,2409891.0
2023-11-02,2.319,2.331,2.293,2.294,3202206.0
2023-11-03,2.301,2.335,2.299,2.324,5105818.0
2023-11-06,2.337,2.377,2.336,2.373,4026041.0
2023-11-07,2.364,2.39,2.363,2.381,4219755.0
2023-11-08,2.377,2.401,2.372,2.391,3484172.0
2023-11-09,2.385,2.401,2.369,2.375,3030057.0
2023-11-10,2.369,2.375,2.357,2.371,2747060.0
2023-11-13,2.379,2.397,2.372,2.396,2652413.0
2023-11-14,2.394,2.415,2.39,2.409,2852381.0
2023-11-15,2.427,2.43,2.409,2.419,3035364.0
2023-11-16,2.409,2.414,2.392,2.393,3057778.0
2023-11-17,2.391,2.421,2.384,2.42,2999021.0
2023-11-20,2.415,2.441,2.406,2.437,2734174.0
2023-11-21,2.44,2.445,2.417,2.419,2393896.0
2023-11-22,2.415,2.428,2.388,2.392,2230827.0
2023-11-23,2.392,2.418,2.377,2.416,3086936.0
2023-11-24,2.415,2.415,2.374,2.381,3319319.0
2023-11-27,2.383,2.388,2.364,2.382,2410330.0
2023-11-28,2.377,2.396,2.359,2.391,2341341.0
2023-11-29,2.393,2.396,2.375,2.384,2238928.0
2023-11-30,2.382,2.383,2.346,2.368,2738405.0
2023-12-01,2.368,2.396,2.356,2.391,3084494.0
2023-12-04,2.39,2.397,2.378,2.38,2114072.0
2023-12-05,2.372,2.374,2.333,2.336,2557139.0
2023-12-06,2.334,2.364,2.324,2.346,2366311.0
2023-12-07,2.339,2.356,2.326,2.344,3315406.0
2023-12-08,2.344,2.362,2.337,2.339,3929045.0
2023-12-11,2.327,2.374,2.313,2.364,5185315.0
2023-12-12,2.362,2.372,2.357,2.37,3672445.0
2023-12-13,2.371,2.371,2.344,2.347,2731288.0
2023-12-14,2.359,2.37,2.334,2.339,3497929.0
2023-12-15,2.344,2.35,2.31,2.322,3576725.0
2023-12-18,2.313,2.319,2.276,2.284,2192727.0
2023-12-19,2.285,2.295,2.267,2.286,2484185.0
2023-12-20,2.285,2.289,2.243,2.244,2337495.0
2023-12-21,2.231,2.265,2.212,2.256,2994420.0
2023-12-22,2.254,2.266,2.225,2.236,2984808.0
2023-12-25,2.231,2.242,2.216,2.232,2871125.0
2023-12-26,2.228,2.23,2.193,2.202,3178739.0
2023-12-27,2.202,2.221,2.191,2.215,3695511.0
2023-12-28,2.207,2.269,2.2,2.262,4967557.0
2023-12-29,2.26,2.297,2.247,2.296,3659420.0
2024-01-02,2.293,2.298,2.276,2.276,4024697.0
2024-01-03,2.271,2.282,2.249,2.265,3848503.0
2024-01-04,2.261,2.265,2.237,2.251,3713291.0
2024-01-05,2.245,2.255,2.2,2.214,3170954.0
2024-01-08,2.207,2.207,2.152,2.155,2975931.0
2024-01-09,2.16,2.181,2.138,2.155,2996766.0
2024-01-10,2.146,2.171,2.119,2.14,2250083.0
2024-01-11,2.137,2.194,2.137,2.184,3490645.0
2024-01-12,2.173,2.197,2.165,2.165,2965608.0
2024-01-15,2.155,2.181,2.142,2.158,2200515.0
2024-01-16,2.156,2.162,2.121,2.152,2847257.0
2024-01-17,2.143,2.148,2.089,2.09,2129943.0
2024-01-18,2.09,2.104,2.02,2.084,4395183.0
2024-01-19,2.072,2.091,2.055,2.057,4561341.0
2024-01-22,2.057,2.057,1.923,1.94,3186689.0
2024-01-23,1.93,1.976,1.902,1.966,3332669.0
2024-01-24,1.97,2.0,1.913,1.998,3385648.0
2024-01-25,1.992,2.07,1.972,2.069,3613915.0
2024-01-26,2.064,2.077,2.034,2.042,3213052.0
2024-01-29,2.041,2.057,1.983,1.984,2971174.0
2024-01-30,1.972,1.994,1.923,1.927,2689563.0
2024-01-31,1.923,1.931,1.845,1.853,3777085.0
2024-02-01,1.842,1.881,1.808,1.836,5483662.0
2024-02-02,1.835,1.857,1.705,1.771,6058867.0
2024-02-05,1.742,1.745,1.603,1.659,49377633.0
2024-02-06,1.623,1.798,1.602,1.777,30463419.0
2024-02-07,1.761,1.877,1.761,1.86,20384000.0
2024-02-08,1.882,1.965,1.871,1.939,14718472.0
2024-02-19,1.949,1.972,1.908,1.942,18948572.0
2024-02-20,1.924,1.957,1.909,1.947,5775770.0
2024-02-21,1.934,2.018,1.923,1.957,9102136.0
2024-02-22,1.955,1.995,1.954,1.992,4912828.0
2024-02-23,1.993,2.028,1.975,2.027,5789010.0
2024-02-26,2.024,2.066,2.009,2.031,5693160.0
2024-02-27,2.022,2.098,2.016,2.095,5747718.0
2024-02-28,2.095,2.124,1.988,1.99,11701569.0
2024-02-29,1.979,2.074,1.975,2.073,6323872.0
2024-03-01,2.07,2.1,2.059,2.097,6397726.0
2024-03-04,2.096,2.108,2.061,2.101,5839041.0
2024-03-05,2.088,2.098,2.067,2.085,19703073.0
2024-03-06,2.078,2.108,2.055,2.083,5295808.0
2024-03-07,2.084,2.107,2.05,2.051,5171245.0
2024-03-08,2.056,2.089,2.043,2.079,3722463.0
2024-03-11,2.072,2.123,2.069,2.122,5732705.0
2024-03-12,2.122,2.145,2.107,2.132,4308202.0
2024-03-13,2.13,2.16,2.121,2.139,3736997.0
2024-03-14,2.136,2.15,2.105,2.126,3539056.0
2024-03-15,2.118,2.161,2.114,2.16,5199976.0
2024-03-18,2.162,2.198,2.153,2.197,5156826.0
2024-03-19,2.188,2.196,2.172,2.175,4547237.0
2024-03-20,2.174,2.201,2.172,2.195,3557120.0
2024-03-21,2.2,2.211,2.18,2.194,3047587.0
2024-03-22,2.192,2.196,2.151,2.168,4638141.0
2024-03-25,2.165,2.176,2.117,2.118,5086326.0
2024-03-26,2.116,2.13,2.087,2.108,4872958.0
2024-03-27,2.102,2.108,2.035,2.037,5169290.0
2024-03-28,2.033,2.107,2.033,2.086,5980010.0
2024-03-29,2.08,2.111,2.068,2.109,5380543.0
2024-04-01,2.114,2.159,2.114,2.155,6076510.0
2024-04-02,2.152,2.155,2.126,2.143,5517541.0
2024-04-03,2.143,2.143,2.113,2.136,5221133.0
2024-04-08,2.125,2.127,2.089,2.09,3274859.0
2024-04-09,2.09,2.121,2.084,2.118,2349480.0
2024-04-10,2.114,2.114,2.061,2.079,2466599.0
2024-04-11,2.066,2.11,2.062,2.084,3198142.0
2024-04-12,2.078,2.098,2.062,2.066,2649391.0
2024-04-15,2.06,2.077,2.015,2.047,3258943.0
2024-04-16,2.039,2.045,1.955,1.956,6948136.0
2024-04-17,1.973,2.049,1.971,2.048,5824024.0
2024-04-18,2.037,2.071,2.021,2.045,6208903.0
2024-04-19,2.033,2.057,2.019,2.035,4814520.0
2024-04-22,2.027,2.055,2.002,2.031,2440870.0
2024-04-23,2.027,2.04,2.006,2.017,2814310.0
2024-04-24,2.015,2.057,2.011,2.056,4414331.0
2024-04-25,2.054,2.077,2.042,2.055,3903094.0
2024-04-26,2.056,2.103,2.051,2.099,8162320.0
2024-04-29,2.107,2.156,2.102,2.152,9467197.0
2024-04-30,2.148,2.154,2.123,2.129,4637974.0
2024-05-06,2.159,2.191,2.158,2.17,7759707.0
2024-05-07,2.168,2.184,2.165,2.179,4513486.0
2024-05-08,2.172,2.172,2.141,2.143,5336885.0
2024-05-09,2.14,2.19,2.14,2.182,3818825.0
2024-05-10,2.189,2.193,2.15,2.162,7534177.0
2024-05-13,2.149,2.156,2.121,2.141,4717901.0
2024-05-14,2.142,2.167,2.139,2.151,3942747.0
2024-05-15,2.149,2.155,2.127,2.131,2245902.0
2024-05-16,2.135,2.152,2.122,2.126,3275784.0
2024-05-17,2.127,2.164,2.122,2.162,4795495.0
2024-05-20,2.162,2.18,2.154,2.17,5249128.0
2024-05-21,2.166,2.167,2.138,2.147,6430071.0
2024-05-22,2.144,2.155,2.135,2.15,2103647.0
2024-05-23,2.143,2.143,2.094,2.102,3188842.0
2024-05-24,2.091,2.112,2.076,2.076,2496852.0
2024-05-27,2.081,2.103,2.051,2.101,2729333.0
2024-05-28,2.091,2.1,2.072,2.076,2502269.0
2024-05-29,2.072,2.093,2.066,2.075,2246476.0
2024-05-30,2.065,2.088,2.059,2.074,2679855.0
2024-05-31,2.077,2.094,2.076,2.08,2995238.0
2024-06-03,2.076,2.08,2.035,2.051,3168990.0
2024-06-04,2.042,2.07,2.033,2.065,3059063.0
2024-06-05,2.059,2.072,2.038,2.039,2497357.0
2024-06-06,2.043,2.052,1.986,1.995,4392620.0
2024-06-07,2.012,2.019,1.981,2.003,4642476.0
2024-06-11,1.992,2.028,1.975,2.022,3365182.0
2024-06-12,2.013,2.035,2.011,2.028,3286368.0
2024-06-13,2.033,2.033,2.01,2.015,2130997.0
2024-06-14,2.008,2.027,2.001,2.021,3993800.0
2024-06-17,2.011,2.032,2.008,2.018,3477312.0
2024-06-18,2.018,2.042,2.016,2.037,5997631.0
2024-06-19,2.039,2.044,2.008,2.009,5789749.0
2024-06-20,2.005,2.014,1.965,1.971,4637103.0
2024-06-21,1.964,1.982,1.955,1.968,3407907.0
2024-06-24,1.956,1.957,1.9,1.902,3587795.0
2024-06-25,1.902,1.911,1.871,1.886,3854625.0
2024-06-26,1.882,1.946,1.872,1.944,4983791.0
2024-06-27,1.933,1.938,1.892,1.895,5411516.0
2024-06-28,1.889,1.938,1.888,1.905,7240613.0
2024-07-01,1.901,1.933,1.881,1.923,6439820.0
2024-07-02,1.92,1.93,1.901,1.909,4129806.0
2024-07-03,1.905,1.911,1.89,1.893,2787296.0
2024-07-04,1.897,1.902,1.843,1.854,7279207.0
2024-07-05,1.85,1.882,1.834,1.873,5645607.0
2024-07-08,1.864,1.867,1.818,1.827,4097540.0
2024-07-09,1.822,1.874,1.807,1.868,10851499.0
2024-07-10,1.862,1.881,1.857,1.859,4657979.0
2024-07-11,1.883,1.91,1.877,1.908,6271973.0
2024-07-12,1.906,1.91,1.891,1.9,3544970.0
2024-07-15,1.894,1.897,1.874,1.879,10678029.0
2024-07-16,1.874,1.888,1.862,1.884,6102245.0
2024-07-17,1.88,1.885,1.865,1.871,16556248.0
2024-07-18,1.857,1.881,1.836,1.876,14598055.0
2024-07-19,1.86,1.895,1.859,1.877,9201601.0
2024-07-22,1.876,1.889,1.867,1.88,5565293.0
2024-07-23,1.88,1.882,1.826,1.826,3420621.0
2024-07-24,1.824,1.833,1.799,1.8,5209922.0
2024-07-25,1.791,1.824,1.787,1.802,4823972.0
2024-07-26,1.801,1.837,1.8,1.832,3284995.0
2024-07-29,1.832,1.835,1.817,1.823,1909866.0
2024-07-30,1.817,1.84,1.803,1.831,3005945.0
2024-07-31,1.829,1.917,1.825,1.915,14631132.0
2024-08-01,1.912,1.929,1.89,1.902,7923880.0
2024-08-02,1.886,1.915,1.87,1.875,4509518.0
2024-08-05,1.86,1.896,1.82,1.823,10774062.0
2024-08-06,1.843,1.86,1.827,1.849,6371209.0
2024-08-07,1.843,1.86,1.835,1.847,6018690.0
2024-08-08,1.84,1.864,1.82,1.849,4142349.0
2024-08-09,1.858,1.87,1.83,1.83,3970033.0
2024-08-12,1.826,1.833,1.814,1.823,2846007.0
2024-08-13,1.821,1.833,1.807,1.828,4201222.0
2024-08-14,1.827,1.829,1.808,1.809,2755027.0
2024-08-15,1.802,1.851,1.801,1.826,8645092.0
2024-08-16,1.826,1.833,1.811,1.811,4298066.0
2024-08-19,1.81,1.839,1.807,1.815,3380325.0
2024-08-20,1.816,1.819,1.774,1.782,7526410.0
2024-08-21,1.775,1.789,1.77,1.772,2828268.0
2024-08-22,1.772,1.778,1.746,1.749,4234944.0
2024-08-23,1.747,1.756,1.737,1.75,4773327.0
2024-08-26,1.749,1.766,1.743,1.757,4636382.0
2024-08-27,1.752,1.752,1.731,1.737,9098309.0
2024-08-28,1.734,1.756,1.728,1.739,7342588.0
2024-08-29,1.732,1.777,1.73,1.769,8497532.0
2024-08-30,1.765,1.832,1.765,1.804,16068835.0
2024-09-02,1.799,1.807,1.761,1.764,8556059.0
2024-09-03,1.76,1.793,1.76,1.78,7891624.0
2024-09-04,1.766,1.792,1.762,1.773,4725017.0
2024-09-05,1.774,1.8,1.774,1.788,4408152.0
2024-09-06,1.791,1.793,1.752,1.757,6809007.0
2024-09-09,1.747,1.763,1.734,1.742,4083670.0
2024-09-10,1.742,1.756,1.71,1.748,5183600.0
2024-09-11,1.738,1.753,1.733,1.747,8607008.0
2024-09-12,1.75,1.771,1.738,1.741,6178761.0
2024-09-13,1.741,1.744,1.717,1.719,6580048.0
2024-09-18,1.717,1.721,1.687,1.711,5205862.0
2024-09-19,1.715,1.765,1.703,1.746,11194599.0
2024-09-20,1.741,1.745,1.721,1.736,15370800.0
2024-09-23,1.733,1.759,1.726,1.738,4521826.0
2024-09-24,1.755,1.816,1.736,1.814,20902280.0
2024-09-25,1.833,1.875,1.825,1.827,13585958.0
2024-09-26,1.819,1.92,1.819,1.916,27401386.0
2024-09-27,1.947,2.102,1.929,2.094,14159668.0
2024-09-30,2.192,2.311,2.083,2.311,58432656.0
2024-10-08,2.55,2.55,2.312,2.451,37497256.0
2024-10-09,2.352,2.402,2.225,2.246,23715581.0
2024-10-10,2.258,2.317,2.195,2.217,21691317.0
2024-10-11,2.203,2.206,2.092,2.125,25026797.0
2024-10-14,2.132,2.208,2.092,2.205,21085544.0
2024-10-15,2.187,2.24,2.153,2.158,25153400.0
2024-10-16,2.123,2.201,2.123,2.166,10538649.0
2024-10-17,2.182,2.208,2.155,2.157,15527264.0
2024-10-18,2.153,2.335,2.15,2.259,34565225.0
2024-10-21,2.27,2.34,2.26,2.301,17466540.0
2024-10-22,2.295,2.335,2.283,2.314,16085160.0
2024-10-23,2.318,2.362,2.3,2.32,9240243.0
2024-10-24,2.305,2.316,2.283,2.304,8342146.0
2024-10-25,2.305,2.371,2.305,2.359,13996390.0
2024-10-28,2.353,2.393,2.342,2.392,9716479.0
2024-10-29,2.402,2.405,2.35,2.355,19088793.0
2024-10-30,2.342,2.377,2.333,2.369,10071256.0
2024-10-31,2.372,2.431,2.357,2.405,10248289.0
2024-11-01,2.392,2.407,2.326,2.333,13378782.0
2024-11-04,2.322,2.391,2.321,2.388,7315794.0
2024-11-05,2.386,2.481,2.378,2.471,20339349.0
2024-11-06,2.472,2.511,2.457,2.479,11164942.0
2024-11-07,2.453,2.53,2.453,2.527,8553537.0
2024-11-08,2.542,2.571,2.517,2.529,10877442.0
2024-11-11,2.517,2.593,2.517,2.59,17378845.0
2024-11-12,2.592,2.609,2.534,2.563,9997543.0
2024-11-13,2.546,2.565,2.505,2.548,9527488.0
2024-11-14,2.543,2.547,2.467,2.471,15669183.0
2024-11-15,2.465,2.493,2.41,2.411,9606397.0
2024-11-18,2.417,2.427,2.329,2.352,11718113.0
2024-11-19,2.346,2.416,2.338,2.413,9772732.0
2024-11-20,2.403,2.463,2.397,2.459,14150981.0
2024-11-21,2.455,2.475,2.438,2.465,4584069.0
2024-11-22,2.46,2.47,2.367,2.369,6131744.0
2024-11-25,2.383,2.388,2.331,2.38,4134487.0
2024-11-26,2.373,2.399,2.347,2.348,5137346.0
2024-11-27,2.345,2.412,2.301,2.408,12000802.0
2024-11-28,2.406,2.427,2.388,2.394,8308942.0
2024-11-29,2.391,2.461,2.375,2.435,15632945.0
2024-12-02,2.436,2.495,2.433,2.486,10515096.0
2024-12-03,2.487,2.501,2.455,2.479,13765727.0
2024-12-04,2.475,2.479,2.428,2.445,10225550.0
2024-12-05,2.437,2.483,2.434,2.474,7072183.0
2024-12-06,2.473,2.517,2.448,2.502,19695967.0
2024-12-09,2.499,2.511,2.46,2.479,8439358.0
2024-12-10,2.567,2.571,2.499,2.506,19545004.0
2024-12-11,2.501,2.542,2.497,2.539,8682717.0
2024-12-12,2.539,2.561,2.515,2.559,7566059.0
2024-12-13,2.542,2.544,2.502,2.507,15281581.0
2024-12-16,2.507,2.509,2.464,2.474,6062445.0
2024-12-17,2.465,2.472,2.415,2.419,9148330.0
2024-12-18,2.422,2.457,2.41,2.439,6384272.0
2024-12-19,2.415,2.452,2.402,2.446,5925097.0
2024-12-20,2.438,2.49,2.437,2.471,6062495.0
2024-12-23,2.465,2.469,2.397,2.399,10280652.0
2024-12-24,2.402,2.427,2.389,2.426,6134644.0
2024-12-25,2.426,2.426,2.376,2.401,11742413.0
2024-12-26,2.397,2.434,2.396,2.425,9261007.0
2024-12-27,2.425,2.464,2.411,2.429,6801497.0
2024-12-30,2.424,2.439,2.402,2.422,6902789.0
2024-12-31,2.421,2.43,2.34,2.342,10874955.0
2025-01-02,2.338,2.353,2.254,2.277,11900493.0
2025-01-03,2.28,2.287,2.202,2.212,16731342.0
2025-01-06,2.207,2.232,2.182,2.199,12852560.0
2025-01-07,2.198,2.233,2.187,2.232,13347177.0
2025-01-08,2.224,2.242,2.154,2.221,16069241.0
2025-01-09,2.206,2.243,2.204,2.226,9143052.0
2025-01-10,2.224,2.246,2.175,2.177,5157845.0
2025-01-13,2.159,2.199,2.142,2.182,7402206.0
2025-01-14,2.185,2.287,2.18,2.286,16733196.0
2025-01-15,2.279,2.286,2.259,2.268,11601033.0
2025-01-16,2.277,2.324,2.258,2.278,10315379.0
2025-01-17,2.269,2.315,2.261,2.295,7155962.0
2025-01-20,2.307,2.332,2.301,2.308,6438543.0
2025-01-21,2.319,2.328,2.29,2.323,8011720.0
2025-01-22,2.313,2.318,2.288,2.304,7058445.0
2025-01-23,2.32,2.358,2.291,2.292,11878635.0
2025-01-24,2.288,2.341,2.288,2.339,12567369.0
2025-01-27,2.343,2.352,2.293,2.295,9875215.0
2025-02-05,2.313,2.335,2.298,2.311,8616721.0
2025-02-06,2.306,2.38,2.298,2.374,8014234.0
2025-02-07,2.375,2.443,2.373,2.414,13329891.0
2025-02-10,2.414,2.448,2.409,2.442,12072043.0
2025-02-11,2.439,2.447,2.412,2.437,6835438.0
2025-02-12,2.432,2.477,2.429,2.474,6192336.0
2025-02-13,2.471,2.473,2.442,2.45,6042251.0
2025-02-14,2.445,2.465,2.433,2.459,6233219.0
2025-02-17,2.467,2.482,2.449,2.47,14794974.0
2025-02-18,2.464,2.473,2.405,2.42,8990675.0
2025-02-19,2.412,2.477,2.412,2.475,6728712.0
2025-02-20,2.47,2.499,2.467,2.492,7040083.0
2025-02-21,2.496,2.55,2.484,2.54,5646132.0
2025-02-24,2.539,2.559,2.521,2.544,7270531.0
2025-02-25,2.512,2.558,2.505,2.533,4492029.0
2025-02-26,2.535,2.574,2.526,2.573,3903093.0
2025-02-27,2.567,2.578,2.519,2.559,4973689.0
2025-02-28,2.545,2.548,2.462,2.47,12701099.0
2025-03-03,2.473,2.511,2.455,2.467,6501573.0
2025-03-04,2.451,2.504,2.449,2.5,5598095.0
2025-03-05,2.499,2.518,2.483,2.517,5658353.0
2025-03-06,2.531,2.584,2.529,2.573,5586091.0
2025-03-07,2.567,2.589,2.547,2.562,5974757.0
2025-03-10,2.562,2.572,2.542,2.565,6620389.0
2025-03-11,2.539,2.584,2.536,2.583,3888834.0
2025-03-12,2.586,2.615,2.581,2.587,5935552.0
2025-03-13,2.581,2.586,2.52,2.547,6802312.0
2025-03-14,2.543,2.592,2.527,2.59,7766553.0
2025-03-17,2.589,2.602,2.58,2.593,7295971.0
2025-03-18,2.598,2.619,2.589,2.604,3130634.0
2025-03-19,2.594,2.599,2.573,2.586,4216305.0
2025-03-20,2.58,2.598,2.568,2.575,4287961.0
2025-03-21,2.567,2.572,2.514,2.521,5860703.0
2025-03-24,2.518,2.522,2.458,2.501,7494674.0
2025-03-25,2.495,2.51,2.475,2.484,6107610.0
2025-03-26,2.478,2.509,2.478,2.492,4915932.0
2025-03-27,2.488,2.519,2.459,2.492,4736483.0
2025-03-28,2.489,2.503,2.462,2.466,5095947.0
2025-03-31,2.456,2.465,2.418,2.451,7664354.0
2025-04-01,2.452,2.48,2.452,2.462,6734848.0
2025-04-02,2.456,2.489,2.455,2.47,2972338.0
2025-04-03,2.451,2.481,2.423,2.441,5387728.0
2025-04-07,2.316,2.355,2.193,2.193,14443036.0
2025-04-08,2.158,2.216,2.13,2.178,62425127.0
2025-04-09,2.136,2.235,2.052,2.217,15750496.0
2025-04-10,2.254,2.316,2.253,2.272,10595783.0
2025-04-11,2.256,2.331,2.254,2.302,5901326.0
2025-04-14,2.325,2.352,2.321,2.333,6348653.0
2025-04-15,2.331,2.339,2.308,2.324,5688299.0
2025-04-16,2.312,2.319,2.265,2.294,10451123.0
2025-04-17,2.282,2.32,2.279,2.295,6353111.0
2025-04-18,2.289,2.304,2.276,2.291,7408841.0
2025-04-21,2.287,2.341,2.277,2.339,6723381.0
2025-04-22,2.336,2.35,2.327,2.339,4213600.0
2025-04-23,2.351,2.368,2.341,2.353,6642926.0
2025-04-24,2.349,2.353,2.316,2.33,5323615.0
2025-04-25,2.33,2.355,2.32,2.335,5745957.0
2025-04-28,2.334,2.337,2.304,2.31,6132509.0
2025-04-29,2.304,2.331,2.296,2.322,4602556.0
2025-04-30,2.322,2.349,2.321,2.34,6087565.0
2025-05-06,2.354,2.401,2.354,2.401,6117000.0
2025-05-07,2.426,2.454,2.387,2.403,8668199.0
2025-05-08,2.398,2.43,2.396,2.425,5808381.0
2025-05-09,2.424,2.424,2.383,2.396,4176485.0
2025-05-12,2.411,2.431,2.404,2.43,5189412.0
2025-05-13,2.447,2.447,2.415,2.421,5913708.0
2025-05-14,2.421,2.444,2.404,2.427,5165883.0
2025-05-15,2.421,2.422,2.383,2.387,4192963.0
2025-05-16,2.382,2.403,2.381,2.391,4261753.0
2025-05-19,2.382,2.404,2.366,2.402,3503346.0
2025-05-20,2.398,2.426,2.391,2.422,3012478.0
2025-05-21,2.417,2.42,2.406,2.416,2313610.0
2025-05-22,2.409,2.424,2.389,2.392,3594519.0
2025-05-23,2.387,2.406,2.36,2.361,4113502.0
2025-05-26,2.36,2.382,2.357,2.375,3513484.0
2025-05-27,2.367,2.377,2.352,2.368,4387996.0
2025-05-28,2.367,2.378,2.355,2.362,3538410.0
2025-05-29,2.366,2.406,2.363,2.405,7397217.0
2025-05-30,2.396,2.397,2.374,2.382,8078257.0
2025-06-03,2.373,2.404,2.371,2.395,3790971.0
2025-06-04,2.396,2.42,2.393,2.417,2893139.0
2025-06-05,2.418,2.442,2.407,2.437,3463808.0
2025-06-06,2.438,2.438,2.424,2.432,2563635.0
2025-06-09,2.436,2.464,2.433,2.457,3864896.0
2025-06-10,2.459,2.459,2.413,2.435,3944410.0
2025-06-11,2.435,2.462,2.434,2.446,4036620.0
2025-06-12,2.436,2.455,2.429,2.45,1940887.0
2025-06-13,2.443,2.447,2.412,2.418,3550524.0
2025-06-16,2.41,2.437,2.409,2.432,2966595.0
2025-06-17,2.433,2.44,2.421,2.429,3257801.0
2025-06-18,2.428,2.432,2.407,2.426,2484049.0
2025-06-19,2.421,2.432,2.387,2.396,4074918.0
2025-06-20,2.393,2.402,2.375,2.376,5589962.0
2025-06-23,2.364,2.408,2.364,2.407,5001208.0
2025-06-24,2.408,2.455,2.407,2.453,5207289.0
2025-06-25,2.455,2.494,2.454,2.49,5732399.0
2025-06-26,2.487,2.501,2.478,2.479,6457280.0
2025-06-27,2.486,2.508,2.481,2.488,4649191.0
2025-06-30,2.492,2.523,2.492,2.521,5757628.0
2025-07-01,2.521,2.529,2.5,2.528,3883808.0
2025-07-02,2.522,2.523,2.495,2.505,3844243.0
2025-07-03,2.504,2.519,2.495,2.516,3519043.0
2025-07-04,2.509,2.532,2.496,2.506,3335741.0
2025-07-07,2.502,2.513,2.501,2.509,1624965.0
2025-07-08,2.508,2.546,2.503,2.545,4083411.0
2025-07-09,2.547,2.554,2.532,2.537,4434211.0
2025-07-10,2.536,2.555,2.528,2.542,3711829.0
2025-07-11,2.544,2.581,2.535,2.568,6811639.0
2025-07-14,2.57,2.571,2.557,2.566,4741596.0
2025-07-15,2.564,2.573,2.532,2.557,4021893.0
2025-07-16,2.558,2.58,2.554,2.568,3545032.0
2025-07-17,2.564,2.6,2.561,2.599,2966366.0
2025-07-18,2.6,2.612,2.591,2.605,2920691.0
2025-07-21,2.605,2.628,2.605,2.627,6383651.0
2025-07-22,2.629,2.644,2.62,2.643,3011105.0
2025-07-23,2.644,2.656,2.624,2.633,3870389.0
2025-07-24,2.631,2.671,2.627,2.669,5117805.0
2025-07-25,2.671,2.671,2.652,2.667,4134425.0
2025-07-28,2.668,2.682,2.652,2.675,6368247.0
2025-07-29,2.671,2.7,2.652,2.698,3629430.0
2025-07-30,2.695,2.695,2.652,2.673,4828015.0
2025-07-31,2.665,2.685,2.639,2.654,3922444.0
2025-08-01,2.65,2.67,2.636,2.652,3759888.0
2025-08-04,2.641,2.686,2.635,2.685,3898977.0
2025-08-05,2.685,2.702,2.681,2.701,3367306.0
2025-08-06,2.7,2.735,2.694,2.73,5454593.0
2025-08-07,2.733,2.74,2.71,2.731,5084602.0
2025-08-08,2.728,2.732,2.71,2.722,2675093.0
2025-08-11,2.724,2.773,2.723,2.762,8174219.0
2025-08-12,2.763,2.773,2.747,2.772,3929987.0
2025-08-13,2.775,2.82,2.775,2.813,6043962.0
2025-08-14,2.816,2.819,2.771,2.782,6189467.0
2025-08-15,2.769,2.842,2.767,2.84,7056194.0
2025-08-18,2.845,2.9,2.842,2.882,8914773.0
2025-08-19,2.879,2.904,2.865,2.884,5201864.0
2025-08-20,2.872,2.919,2.853,2.917,8077271.0
2025-08-21,2.922,2.93,2.875,2.89,8520156.0
2025-08-22,2.886,2.943,2.886,2.941,7095157.0
2025-08-25,2.954,2.998,2.951,2.98,6981360.0
2025-08-26,2.97,3.005,2.961,2.98,3500818.0
2025-08-27,2.979,3.016,2.921,2.927,5484478.0
2025-08-28,2.91,2.969,2.875,2.968,9167117.0
2025-08-29,2.961,2.985,2.937,2.965,5340852.0
2025-09-01,2.974,3.003,2.956,2.997,3899438.0
2025-09-02,2.987,2.989,2.89,2.918,6842851.0
2025-09-03,2.92,2.931,2.858,2.873,6291994.0
2025-09-04,2.87,2.893,2.765,2.805,13369104.0
2025-09-05,2.804,2.893,2.798,2.888,7687233.0
2025-09-08,2.887,2.921,2.874,2.912,11496582.0
2025-09-09,2.903,2.914,2.865,2.878,3516488.0
2025-09-10,2.874,2.91,2.861,2.88,4901063.0
2025-09-11,2.869,2.959,2.846,2.958,6125193.0
2025-09-12,2.959,2.981,2.946,2.959,4721036.0
2025-09-15,2.96,2.972,2.949,2.956,3658822.0
2025-09-16,2.956,2.992,2.932,2.988,3322431.0
2025-09-17,2.98,3.02,2.973,3.015,4038775.0
2025-09-18,3.018,3.058,2.943,2.976,6784084.0
2025-09-19,2.973,2.997,2.949,2.965,3138352.0
2025-09-22,2.966,2.992,2.955,2.99,2481714.0
2025-09-23,2.988,2.99,2.899,2.954,4299791.0
2025-09-24,2.935,3.008,2.925,3.006,4076013.0
2025-09-25,3.005,3.018,2.989,2.995,3750931.0
2025-09-26,2.985,3.002,2.952,2.954,2934122.0
2025-09-29,2.951,3.003,2.943,2.991,5993423.0
2025-09-30,3.002,3.034,2.997,3.022,3908299.0
2025-10-09,3.033,3.063,3.026,3.048,4197474.0
2025-10-10,3.039,3.039,2.998,3.007,5107071.0
2025-10-13,2.909,3.01,2.895,2.998,5423413.0
2025-10-14,3.012,3.035,2.929,2.944,5059742.0
2025-10-15,2.937,2.989,2.92,2.985,4311605.0
2025-10-16,2.971,2.981,2.945,2.954,3965898.0
2025-10-17,2.949,2.963,2.864,2.868,5420437.0
2025-10-20,2.883,2.915,2.87,2.886,3775552.0
2025-10-21,2.894,2.935,2.886,2.927,6038970.0
2025-10-22,2.912,2.932,2.9,2.917,3255757.0
2025-10-23,2.908,2.923,2.868,2.919,4191302.0
2025-10-24,2.929,2.969,2.928,2.967,4239473.0
2025-10-27,2.987,3.001,2.966,2.989,5077658.0
2025-10-28,2.985,3.011,2.97,2.984,3020402.0
2025-10-29,2.99,3.026,2.978,3.025,3534658.0
2025-10-30,3.02,3.023,2.983,2.994,4386358.0
2025-10-31,2.991,3.031,2.987,2.996,5306608.0
2025-11-03,2.994,3.013,2.957,3.008,4898346.0
2025-11-04,2.999,3.002,2.948,2.967,3424814.0
2025-11-05,2.937,2.991,2.933,2.982,3547432.0
2025-11-06,2.982,3.019,2.977,3.016,2218367.0
2025-11-07,3.006,3.028,2.988,3.014,1877563.0
2025-11-10,3.028,3.033,2.999,3.018,2077794.0
2025-11-11,3.027,3.038,3.004,3.011,2469450.0
2025-11-12,3.004,3.011,2.964,2.993,2601545.0
2025-11-13,2.985,3.039,2.981,3.035,3321699.0
2025-11-14,3.012,3.031,2.993,2.994,3351870.0
2025-11-17,2.994,3.013,2.986,3.001,2651587.0
2025-11-18,2.994,3.001,2.96,2.977,4025082.0
2025-11-19,2.971,2.987,2.933,2.951,4355182.0
2025-11-20,2.967,2.973,2.929,2.932,4134139.0
2025-11-21,2.903,2.913,2.821,2.821,9746233.0
2025-11-24,2.829,2.868,2.818,2.854,5810025.0
2025-11-25,2.866,2.917,2.866,2.892,8173549.0
2025-11-26,2.894,2.916,2.88,2.892,3844660.0
2025-11-27,2.892,2.926,2.891,2.895,2558849.0
2025-11-28,2.894,2.929,2.887,2.926,1826992.0
2025-12-01,2.935,2.952,2.928,2.946,2962288.0
2025-12-02,2.945,2.945,2.911,2.921,2149075.0
2025-12-03,2.923,2.927,2.885,2.894,2417443.0
2025-12-04,2.895,2.905,2.869,2.897,2552587.0
2025-12-05,2.893,2.939,2.871,2.937,5094740.0
2025-12-08,2.944,2.973,2.94,2.963,4043642.0
2025-12-09,2.96,2.971,2.943,2.946,2380182.0
2025-12-10,2.941,2.964,2.925,2.958,3787372.0
2025-12-11,2.963,2.968,2.923,2.927,4622932.0
2025-12-12,2.928,2.957,2.917,2.947,5350587.0
2025-12-15,2.937,2.95,2.92,2.926,2689199.0
2025-12-16,2.922,2.922,2.857,2.875,3378049.0
2025-12-17,2.868,2.924,2.858,2.914,4520324.0
2025-12-18,2.894,2.936,2.893,2.908,2917181.0
2025-12-19,2.919,2.944,2.909,2.933,3384447.0
2025-12-22,2.945,2.973,2.944,2.96,2720159.0
2025-12-23,2.958,2.975,2.945,2.957,2134442.0
2025-12-24,2.952,3.008,2.952,3.004,3183410.0
2025-12-25,3.003,3.04,2.998,3.03,3694471.0
2025-12-26,3.028,3.062,3.022,3.041,7637317.0
2025-12-29,3.041,3.056,3.025,3.036,4279847.0
2025-12-30,3.027,3.057,3.021,3.039,2961751.0
2025-12-31,3.046,3.049,3.02,3.038,4086187.0
2026-01-05,3.049,3.111,3.047,3.109,3941756.0
2026-01-06,3.116,3.159,3.107,3.154,5114932.0
2026-01-07,3.154,3.177,3.146,3.162,5601079.0
2026-01-08,3.155,3.203,3.155,3.19,3382575.0
2026-01-09,3.185,3.269,3.185,3.264,8691458.0
2026-01-12,3.282,3.373,3.27,3.365,10505042.0
2026-01-13,3.367,3.37,3.277,3.296,9595879.0
2026-01-14,3.278,3.379,3.261,3.304,17469369.0
2026-01-15,3.277,3.309,3.259,3.304,9707516.0
2026-01-16,3.326,3.33,3.269,3.295,19071445.0
2026-01-19,3.276,3.327,3.271,3.304,21489688.0
2026-01-20,3.308,3.32,3.242,3.277,15791204.0
2026-01-21,3.258,3.323,3.254,3.305,55315289.0
2026-01-22,3.315,3.33,3.3,3.33,19684846.0
2026-01-23,3.343,3.411,3.33,3.402,34122752.0
2026-01-26,3.406,3.424,3.319,3.344,27246605.0
2026-01-27,3.331,3.37,3.272,3.357,16583569.0
2026-01-28,3.355,3.374,3.332,3.366,22661383.0
2026-01-29,3.357,3.394,3.323,3.34,14961023.0
2026-01-30,3.321,3.34,3.229,3.311,8134446.0
2026-02-02,3.274,3.297,3.171,3.175,15018112.0
2026-02-03,3.215,3.293,3.204,3.284,8925549.0
2026-02-04,3.28,3.293,3.239,3.289,9890246.0
2026-02-05,3.259,3.265,3.21,3.232,7108639.0
2026-02-06,3.19,3.268,3.177,3.221,12217401.0
2026-02-09,3.262,3.304,3.261,3.302,9443624.0
2026-02-10,3.3,3.312,3.281,3.301,4345780.0
2026-02-11,3.295,3.328,3.295,3.303,3946264.0
2026-02-12,3.301,3.344,3.291,3.336,6362104.0
2026-02-13,3.32,3.332,3.281,3.285,10793248.0
2026-02-24,3.321,3.351,3.298,3.322,5719002.0
2026-02-25,3.328,3.382,3.327,3.371,13526611.0
2026-02-26,3.378,3.4,3.358,3.396,11200890.0
2026-02-27,3.383,3.432,3.366,3.431,6010958.0
2026-03-02,3.396,3.42,3.357,3.393,10312423.0
2026-03-03,3.396,3.405,3.255,3.268,10847751.0
2026-03-04,3.235,3.299,3.226,3.238,8067757.0
2026-03-05,3.285,3.295,3.248,3.266,7789341.0
2026-03-06,3.245,3.313,3.245,3.3,4540586.0
2026-03-09,3.25,3.298,3.197,3.287,7007415.0
2026-03-10,3.31,3.346,3.309,3.344,6273684.0
2026-03-11,3.346,3.36,3.335,3.346,4145813.0
2026-03-12,3.332,3.356,3.302,3.338,3986499.0
2026-03-13,3.32,3.345,3.282,3.291,3318061.0
2026-03-16,3.284,3.294,3.235,3.285,3843596.0
2026-03-17,3.285,3.292,3.21,3.212,5304662.0
2026-03-18,3.216,3.243,3.191,3.24,9884335.0
2026-03-19,3.195,3.209,3.152,3.17,5663677.0
2026-03-20,3.175,3.202,3.114,3.117,7906510.0
2026-03-23,3.07,3.093,2.944,2.967,10155031.0
2026-03-24,3.002,3.046,2.949,3.044,11529652.0
2026-03-25,3.062,3.117,3.062,3.101,11326936.0
2026-03-26,3.086,3.111,3.049,3.057,4344641.0
2026-03-27,3.016,3.119,3.016,3.106,4743006.0
2026-03-30,3.069,3.115,3.048,3.109,5720759.0
2026-03-31,3.105,3.12,3.05,3.051,5110449.0
2026-04-01,3.101,3.121,3.081,3.107,5827220.0
2026-04-02,3.09,3.111,3.032,3.055,5371187.0
2026-04-03,3.066,3.069,3.012,3.02,3657702.0
2026-04-07,3.026,3.062,3.025,3.045,6097545.0
2026-04-08,3.12,3.191,3.1,3.189,11816200.0
2026-04-09,3.156,3.186,3.152,3.171,8767362.0
2026-04-10,3.186,3.231,3.186,3.201,5455250.0
2026-04-13,3.185,3.219,3.174,3.213,5291688.0
2026-04-14,3.24,3.265,3.225,3.263,4642736.0
2026-04-15,3.283,3.284,3.24,3.246,4874965.0
2026-04-16,3.253,3.305,3.247,3.298,6375998.0
2026-04-17,3.29,3.343,3.288,3.33,6384134.0
2026-04-20,3.329,3.359,3.324,3.345,7715448.0
2026-04-21,3.337,3.348,3.31,3.344,5984205.0
2026-04-22,3.327,3.402,3.327,3.401,7269038.0
2026-04-23,3.401,3.406,3.329,3.355,8972800.0
2026-04-24,3.329,3.355,3.309,3.326,11291952.0
2026-04-27,3.323,3.353,3.309,3.339,11843603.0
2026-04-28,3.326,3.335,3.282,3.297,10473004.0
2026-04-29,3.284,3.351,3.274,3.346,16925825.0
2026-04-30,3.336,3.368,3.335,3.362,17847549.0
2026-05-06,3.383,3.455,3.383,3.433,13643136.0
2026-05-07,3.448,3.497,3.437,3.493,6443625.0
2026-05-08,3.472,3.516,3.466,3.506,8588784.0
2026-05-11,3.525,3.569,3.513,3.555,10080201.0
2026-05-12,3.555,3.558,3.514,3.54,5263474.0
2026-05-13,3.51,3.603,3.51,3.598,4866506.0
2026-05-14,3.61,3.613,3.525,3.529,6280729.0
2026-05-15,3.526,3.554,3.461,3.488,10989460.0
2026-05-18,3.473,3.527,3.461,3.503,6770396.0
2026-05-19,3.5,3.545,3.454,3.542,6463303.0
2026-05-20,3.517,3.546,3.492,3.545,6676468.0
2026-05-21,3.555,3.583,3.422,3.432,10142679.0
2026-05-22,3.446,3.531,3.431,3.495,10245746.0
2026-05-25,3.511,3.543,3.484,3.539,8761878.0
2026-05-26,3.515,3.522,3.445,3.499,5126266.0
2026-05-27,3.491,3.519,3.414,3.437,7122995.0
2026-05-28,3.437,3.485,3.404,3.472,6958363.0
2026-05-29,3.479,3.488,3.363,3.383,13518917.0
2026-06-01,3.368,3.42,3.355,3.359,11707167.0
2026-06-02,3.358,3.394,3.307,3.368,12491283.0
2026-06-03,3.37,3.436,3.359,3.389,13132783.0
2026-06-04,3.35,3.4,3.35,3.385,7576995.0
2026-06-05,3.366,3.423,3.34,3.358,7480480.0
2026-06-08,3.29,3.324,3.216,3.258,12993022.0
2026-06-09,3.283,3.348,3.259,3.341,15298071.0
2026-06-10,3.3,3.332,3.265,3.303,6314231.0
2026-06-11,3.279,3.313,3.258,3.286,5232782.0
2026-06-12,3.322,3.367,3.299,3.309,6537981.0
2026-06-15,3.344,3.44,3.342,3.439,9110165.0
2026-06-16,3.449,3.508,3.43,3.491,8231813.0
2026-06-17,3.475,3.52,3.468,3.519,4059303.0
2026-06-18,3.501,3.553,3.5,3.544,4106092.0
2026-06-22,3.555,3.595,3.482,3.58,5802124.0
2026-06-23,3.562,3.579,3.485,3.51,5804598.0
2026-06-24,3.507,3.556,3.472,3.551,8828682.0
2026-06-25,3.549,3.584,3.528,3.569,4177397.0
2026-06-26,3.55,3.56,3.461,3.484,5405177.0
2026-06-29,3.474,3.511,3.404,3.475,11048784.0
2026-06-30,3.467,3.581,3.458,3.577,7436022.0
2026-07-01,3.555,3.615,3.555,3.585,4472382.0
2026-07-02,3.563,3.583,3.48,3.491,8668077.0
2026-07-03,3.477,3.534,3.466,3.488,6574088.0
2026-07-06,3.499,3.523,3.417,3.435,10980206.0
2026-07-07,3.411,3.438,3.347,3.368,12000566.0
2026-07-08,3.368,3.376,3.289,3.29,16378832.0
2026-07-09,3.3,3.362,3.233,3.354,18112638.0
2026-07-10,3.359,3.41,3.312,3.312,12201063.0
2026-07-13,3.3,3.312,3.145,3.158,22877471.0
2026-07-14,3.161,3.207,3.101,3.206,19902981.0
2026-07-15,3.206,3.226,3.15,3.169,11506484.0
2026-07-16,3.134,3.176,3.075,3.092,18094079.0
2026-07-17,3.081,3.087,2.889,2.908,32776763.0
2026-07-20,2.944,2.98,2.748,2.818,30663811.0
2026-07-21,2.824,2.939,2.72,2.933,30658188.0
2026-07-22,2.909,2.953,2.879,2.891,27984783.0
2026-07-23,2.892,2.937,2.879,2.914,9407917.0
2026-07-24,2.886,2.904,2.828,2.832,12512862.0
2026-07-27,2.83,2.931,2.825,2.93,16877937.0
2026-07-28,2.891,2.909,2.834,2.848,18456821.0
2026-07-29,2.849,2.894,2.796,2.878,28349901.0
2026-07-30,2.86,2.891,2.768,2.798,19512179.0
2026-07-31,2.877,2.934,2.86,2.864,30520112.0
2026-08-03,2.85,2.89,2.849,2.867,12090694.0
2026-08-04,2.885,2.965,2.88,2.943,17442313.0
2026-08-05,2.93,3.048,2.928,3.035,16549081.0
2026-08-06,3.0,3.063,2.999,3.049,22972331.0
2026-08-07,3.048,3.113,3.016,3.111,22052440.0
2026-08-10,3.118,3.132,3.089,3.129,14818637.0
2026-08-11,3.123,3.155,3.095,3.12,10772518.0
2026-08-12,3.112,3.162,3.112,3.156,10263450.0
2026-08-13,3.169,3.19,3.125,3.128,9293039.0
2026-08-14,3.14,3.153,3.11,3.145,9223932.0
2026-08-17,3.152,3.225,3.134,3.225,8802899.0
2026-08-18,3.227,3.235,3.175,3.213,10663956.0
2026-08-19,3.161,3.191,3.035,3.048,18058318.0
2026-08-20,3.076,3.101,3.058,3.074,12793426.0
2026-08-21,3.059,3.094,3.03,3.08,8109214.0
2026-08-24,3.075,3.09,2.987,3.04,11259626.0
2026-08-25,3.006,3.066,2.981,3.048,12306381.0
2026-08-26,3.055,3.086,3.025,3.059,10805547.0
2026-08-27,3.064,3.14,3.052,3.137,9719760.0
2026-08-28,3.132,3.164,3.123,3.127,7721915.0
2026-08-31,3.095,3.155,3.083,3.149,8977055.0
2026-09-01,3.15,3.15,3.106,3.122,10780947.0
2026-09-02,3.089,3.096,3.055,3.078,10678385.0
2026-09-03,3.09,3.11,3.053,3.086,6801158.0
2026-09-04,3.107,3.134,3.03,3.044,11617967.0
2026-09-07,3.06,3.116,3.06,3.097,10983893.0
2026-09-08,3.107,3.137,3.091,3.106,8019068.0
2026-09-09,3.119,3.132,3.082,3.101,6670309.0
2026-09-10,3.081,3.101,3.065,3.082,5419836.0
2026-09-11,3.057,3.057,2.954,3.014,11575947.0
2026-09-14,2.981,3.043,2.966,3.033,7943328.0
2026-09-15,3.027,3.056,3.012,3.024,5059283.0
2026-09-16,3.022,3.094,3.006,3.082,10499318.0
2026-09-17,3.08,3.1,3.05,3.07,7011597.0
