date,open,high,low,close,volume,amount,turn,pct_change,windcode
2020-01-01,3.99,4.07,3.99,4.01,160874567,937118973,0.73,,600019.SH
2020-01-02,4.03,4.04,3.99,4.01,81037937,470340122,0.37,0.0,600019.SH
2020-01-05,3.99,4.01,3.96,3.98,105138931,606070577,0.48,-0.7481296758104716,600019.SH
2020-01-06,3.98,4.03,3.97,4.03,97816139,567195755,0.44,1.2562814070351758,600019.SH
2020-01-07,4.01,4.01,3.97,3.97,88402132,509762181,0.4,-1.488833746898266,600019.SH
2020-01-08,4.0,4.01,3.98,4.01,59386188,343238531,0.27,1.0075566750629594,600019.SH
2020-01-09,4.02,4.02,3.95,3.97,68621527,394862521,0.31,-0.9975062344139585,600019.SH
2020-01-12,3.98,3.98,3.92,3.97,66175333,376901453,0.3,0.0,600019.SH
2020-01-13,3.97,4.0,3.95,3.96,72209290,414929589,0.33,-0.25188916876575096,600019.SH
2020-01-14,3.97,3.98,3.91,3.93,67245297,381807938,0.3,-0.7575757575757569,600019.SH
2020-01-15,3.93,3.94,3.89,3.9,57181152,322695168,0.26,-0.7633587786259555,600019.SH
2020-01-16,3.9,3.96,3.9,3.96,70913188,402528798,0.32,1.538461538461533,600019.SH
2020-01-19,3.97,3.98,3.93,3.97,65536529,374712640,0.3,0.2525252525252597,600019.SH
2020-01-20,3.96,3.96,3.86,3.88,75229040,423654012,0.34,-2.267002518891692,600019.SH
2020-01-21,3.86,3.88,3.83,3.88,49723441,276879920,0.22,0.0,600019.SH
2020-01-22,3.84,3.84,3.74,3.76,72919584,399291999,0.33,-3.0927835051546393,600019.SH
2020-02-02,3.38,3.47,3.38,3.38,169519735,833521621,0.77,-10.106382978723405,600019.SH
2020-02-03,3.37,3.6,3.34,3.59,198145578,989952998,0.89,6.213017751479288,600019.SH
2020-02-04,3.56,3.63,3.53,3.57,106252525,549767006,0.48,-0.5571030640668551,600019.SH
2020-02-05,3.6,3.61,3.55,3.6,66322999,343806520,0.3,0.8403361344537785,600019.SH
2020-02-06,3.59,3.62,3.54,3.61,52913445,273196726,0.24,0.2777777777777768,600019.SH
2020-02-09,3.59,3.68,3.58,3.66,59545384,313679513,0.27,1.3850415512465464,600019.SH
2020-02-10,3.67,3.79,3.67,3.69,73737524,396618521,0.33,0.8196721311475308,600019.SH
2020-02-11,3.68,3.7,3.65,3.68,40339232,213918698,0.18,-0.27100271002709064,600019.SH
2020-02-12,3.68,3.72,3.63,3.65,48107832,255321763,0.22,-0.815217391304357,600019.SH
2020-02-13,3.65,3.67,3.63,3.66,35202783,185778824,0.16,0.273972602739736,600019.SH
2020-02-16,3.66,3.76,3.65,3.75,60387558,323964315,0.27,2.4590163934426146,600019.SH
2020-02-17,3.74,3.78,3.72,3.72,51406648,277770908,0.23,-0.7999999999999896,600019.SH
2020-02-18,3.72,3.74,3.7,3.71,47706096,255857317,0.22,-0.26881720430108613,600019.SH
2020-02-19,3.72,3.74,3.68,3.74,60926071,326753865,0.27,0.8086253369272267,600019.SH
2020-02-20,3.73,3.75,3.71,3.73,50137601,269964747,0.23,-0.2673796791443861,600019.SH
2020-02-23,3.71,3.72,3.68,3.7,76338095,407573735,0.34,-0.8042895442359144,600019.SH
2020-02-24,3.63,3.66,3.6,3.62,78198423,409353625,0.35,-2.1621621621621623,600019.SH
2020-02-25,3.59,3.71,3.58,3.68,90216616,478098082,0.41,1.6574585635359185,600019.SH
2020-02-26,3.67,3.71,3.65,3.66,50620117,269255654,0.23,-0.5434782608695676,600019.SH
2020-02-27,3.57,3.64,3.57,3.6,69726184,362295494,0.31,-1.6393442622950838,600019.SH
2020-03-01,3.59,3.78,3.59,3.75,121531035,653602523,0.55,4.166666666666674,600019.SH
2020-03-02,3.79,3.82,3.72,3.74,96926202,526922970,0.44,-0.2666666666666595,600019.SH
2020-03-03,3.74,3.77,3.72,3.75,63582010,344048034,0.29,0.2673796791443861,600019.SH
2020-03-04,3.77,3.82,3.74,3.81,99724496,546678077,0.45,1.6000000000000014,600019.SH
2020-03-05,3.77,3.78,3.72,3.73,70931203,383649129,0.32,-2.099737532808399,600019.SH
2020-03-08,3.68,3.68,3.61,3.65,84135021,442888284,0.38,-2.144772117962468,600019.SH
2020-03-09,3.61,3.72,3.61,3.67,62741894,331842669,0.28,0.5479452054794498,600019.SH
2020-03-10,3.66,3.67,3.63,3.63,56159406,295812674,0.25,-1.0899182561307952,600019.SH
2020-03-11,3.61,3.62,3.57,3.59,56321776,292159630,0.25,-1.1019283746556474,600019.SH
2020-03-12,3.48,3.56,3.46,3.54,70680914,357689557,0.32,-1.392757660167121,600019.SH
2020-03-15,3.55,3.56,3.43,3.43,81680584,411698427,0.37,-3.1073446327683607,600019.SH
2020-03-16,3.43,3.47,3.36,3.39,89211219,437626751,0.4,-1.1661807580174988,600019.SH
2020-03-17,3.41,3.43,3.36,3.37,54120169,266338871,0.24,-0.5899705014749235,600019.SH
2020-03-18,3.37,3.38,3.25,3.27,85514697,407521165,0.39,-2.9673590504451064,600019.SH
2020-03-19,3.29,3.32,3.26,3.31,44734230,212749000,0.2,1.2232415902140747,600019.SH
2020-03-22,3.24,3.25,3.17,3.18,78925245,365676669,0.36,-3.92749244712991,600019.SH
2020-03-23,3.23,3.26,3.2,3.25,51512694,240317685,0.23,2.2012578616352085,600019.SH
2020-03-24,3.32,3.33,3.27,3.32,47807699,228111999,0.22,2.1538461538461506,600019.SH
2020-03-25,3.3,3.31,3.27,3.27,32528708,154513696,0.15,-1.5060240963855387,600019.SH
2020-03-26,3.3,3.34,3.28,3.3,33216714,158866376,0.15,0.917431192660545,600019.SH
2020-03-29,3.27,3.32,3.26,3.29,35541193,168851243,0.16,-0.3030303030302939,600019.SH
2020-03-30,3.32,3.4,3.29,3.37,65079907,315194695,0.29,2.4316109422492405,600019.SH
2020-03-31,3.37,3.38,3.31,3.32,36455059,176265368,0.16,-1.4836795252225587,600019.SH
2020-04-01,3.32,3.34,3.27,3.33,36072113,172263268,0.16,0.3012048192771122,600019.SH
2020-04-02,3.33,3.33,3.3,3.32,19678392,94209560,0.09,-0.30030030030030463,600019.SH
2020-04-06,3.36,3.38,3.34,3.37,41032873,199581739,0.19,1.506024096385561,600019.SH
2020-04-07,3.37,3.42,3.36,3.41,39010889,191507157,0.18,1.1869436201780381,600019.SH
2020-04-08,3.42,3.43,3.39,3.41,21842206,107644761,0.1,0.0,600019.SH
2020-04-09,3.41,3.42,3.34,3.36,23280680,113339326,0.11,-1.4662756598240567,600019.SH
2020-04-12,3.35,3.36,3.34,3.35,16466250,79672588,0.07,-0.29761904761904656,600019.SH
2020-04-13,3.37,3.4,3.36,3.4,31305355,153220769,0.14,1.4925373134328401,600019.SH
2020-04-14,3.41,3.42,3.38,3.39,21933018,107651315,0.1,-0.2941176470588225,600019.SH
2020-04-15,3.37,3.39,3.36,3.39,20597184,100498146,0.09,0.0,600019.SH
2020-04-16,3.41,3.42,3.37,3.41,36085070,177166658,0.16,0.5899705014749346,600019.SH
2020-04-19,3.41,3.41,3.38,3.38,28036760,137440432,0.13,-0.8797653958944385,600019.SH
2020-04-20,3.36,3.37,3.33,3.35,26609497,128427156,0.12,-0.8875739644970349,600019.SH
2020-04-21,3.34,3.35,3.32,3.34,30651837,147593234,0.14,-0.29850746268657025,600019.SH
2020-04-22,3.36,3.37,3.33,3.34,27272647,132084459,0.12,0.0,600019.SH
2020-04-23,3.36,3.36,3.32,3.34,22099485,106528234,0.1,0.0,600019.SH
2020-04-26,3.35,3.36,3.34,3.34,21015626,101737752,0.09,0.0,600019.SH
2020-04-27,3.35,3.35,3.25,3.29,33980291,161411634,0.15,-1.4970059880239472,600019.SH
2020-04-28,3.27,3.32,3.26,3.3,22233986,105776537,0.1,0.3039513677811412,600019.SH
2020-04-29,3.32,3.38,3.31,3.37,27799224,134735691,0.13,2.1212121212121238,600019.SH
2020-05-05,3.36,3.41,3.34,3.39,39902055,195633481,0.18,0.5934718100890191,600019.SH
2020-05-06,3.41,3.41,3.34,3.34,41347816,200530136,0.19,-1.4749262536873253,600019.SH
2020-05-07,3.36,3.38,3.35,3.38,29602357,144104450,0.13,1.1976047904191711,600019.SH
2020-05-10,3.4,3.43,3.39,3.41,50810097,250355761,0.23,0.887573964497057,600019.SH
2020-05-11,3.41,3.41,3.36,3.38,40616839,198198271,0.18,-0.8797653958944385,600019.SH
2020-05-12,3.37,3.41,3.34,3.41,31776335,155228676,0.14,0.887573964497057,600019.SH
2020-05-13,3.39,3.4,3.34,3.34,30341448,147072143,0.14,-2.052785923753675,600019.SH
2020-05-14,3.36,3.37,3.31,3.31,29218428,140601128,0.13,-0.8982035928143617,600019.SH
2020-05-17,3.32,3.34,3.29,3.31,23409990,112317628,0.11,0.0,600019.SH
2020-05-18,3.34,3.36,3.33,3.34,26478330,127939734,0.12,0.9063444108761365,600019.SH
2020-05-19,3.34,3.36,3.32,3.32,27694526,133432009,0.12,-0.5988023952095856,600019.SH
2020-05-20,3.34,3.35,3.3,3.3,35365681,169698069,0.16,-0.6024096385542133,600019.SH
2020-05-21,3.31,3.32,3.27,3.27,33436151,158476213,0.15,-0.9090909090909038,600019.SH
2020-05-24,3.27,3.3,3.27,3.29,21254884,100842929,0.1,0.6116207951070374,600019.SH
2020-05-25,3.3,3.32,3.29,3.31,29400160,140372492,0.13,0.6079027355623046,600019.SH
2020-05-26,3.31,3.37,3.29,3.36,42009350,203237941,0.19,1.5105740181268867,600019.SH
2020-05-27,3.38,3.39,3.36,3.38,39764766,194170199,0.18,0.5952380952380931,600019.SH
2020-05-28,3.39,3.39,3.34,3.38,54926609,266915040,0.25,0.0,600019.SH
2020-05-31,3.39,3.41,3.36,3.41,66242906,324089001,0.3,0.887573964497057,600019.SH
2020-06-01,3.4,3.41,3.37,3.39,55648851,272188671,0.25,-0.5865102639296182,600019.SH
2020-06-02,3.4,3.42,3.38,3.39,75844621,350273091,0.34,0.0,600019.SH
2020-06-03,3.38,3.4,3.37,3.38,35183756,162100050,0.16,-0.2949852507374673,600019.SH
2020-06-04,3.38,3.38,3.34,3.35,43366208,198059319,0.2,-0.8875739644970349,600019.SH
2020-06-07,3.35,3.38,3.34,3.35,56836258,259765373,0.26,0.0,600019.SH
2020-06-08,3.35,3.36,3.35,3.36,42473753,194060348,0.19,0.29850746268655914,600019.SH
2020-06-09,3.36,3.38,3.35,3.35,64606245,295630754,0.29,-0.29761904761904656,600019.SH
2020-06-10,3.36,3.36,3.31,3.31,70136360,318585503,0.32,-1.1940298507462699,600019.SH
2020-06-11,3.28,3.35,3.27,3.35,69032449,311896881,0.31,1.2084592145015227,600019.SH
2020-06-14,3.33,3.37,3.3,3.3,60808929,275894435,0.27,-1.4925373134328401,600019.SH
2020-06-15,3.33,3.39,3.31,3.39,88653765,405475763,0.4,2.7272727272727337,600019.SH
2020-06-16,3.38,3.46,3.37,3.41,90075666,419836230,0.41,0.5899705014749346,600019.SH
2020-06-17,3.42,3.57,3.39,3.52,147736193,706430115,0.67,3.2258064516129004,600019.SH
2020-06-18,3.51,3.51,3.45,3.49,84591450,401021934,0.38,-0.8522727272727182,600019.SH
2020-06-21,3.49,3.51,3.45,3.46,49591778,234554656,0.22,-0.8595988538682042,600019.SH
2020-06-22,3.44,3.44,3.38,3.38,58684074,271866878,0.26,-2.3121387283236983,600019.SH
2020-06-23,3.39,3.41,3.37,3.38,32047261,147740141,0.14,0.0,600019.SH
2020-06-28,3.35,3.37,3.34,3.35,37422170,170716867,0.17,-0.8875739644970349,600019.SH
2020-06-29,3.35,3.37,3.34,3.35,35918558,163948616,0.16,0.0,600019.SH
2020-06-30,3.35,3.41,3.34,3.41,44924585,206401662,0.2,1.7910447761193993,600019.SH
2020-07-01,3.38,3.48,3.38,3.46,75859062,354611115,0.34,1.4662756598240456,600019.SH
2020-07-02,3.48,3.56,3.47,3.53,118982070,570189013,0.54,2.023121387283222,600019.SH
2020-07-05,3.58,3.79,3.57,3.78,202000042,1018978628,0.91,7.082152974504252,600019.SH
2020-07-06,3.85,3.94,3.8,3.82,225032671,1185640328,1.02,1.0582010582010692,600019.SH
2020-07-07,3.81,3.95,3.79,3.91,143971225,760067426,0.65,2.3560209424083878,600019.SH
2020-07-08,3.91,4.01,3.86,3.99,176062225,942507225,0.79,2.0460358056265893,600019.SH
2020-07-09,3.94,3.94,3.82,3.85,105659513,559582914,0.48,-3.508771929824561,600019.SH
2020-07-12,3.85,3.91,3.82,3.88,108990133,574558617,0.49,0.7792207792207684,600019.SH
2020-07-13,3.88,3.97,3.82,3.85,111588262,591209989,0.5,-0.773195876288657,600019.SH
2020-07-14,3.88,3.89,3.72,3.76,84960154,439289268,0.38,-2.3376623376623495,600019.SH
2020-07-15,3.77,3.8,3.63,3.64,74921829,379756001,0.34,-3.1914893617021156,600019.SH
2020-07-16,3.65,3.67,3.55,3.59,83718482,410913687,0.38,-1.3736263736263798,600019.SH
2020-07-19,3.59,3.82,3.58,3.8,123193323,627420609,0.56,5.84958217270195,600019.SH
2020-07-20,3.8,3.82,3.73,3.77,63062625,323729188,0.28,-0.7894736842105177,600019.SH
2020-07-21,3.79,3.8,3.73,3.75,74867014,383723334,0.34,-0.5305039787798393,600019.SH
2020-07-22,3.71,3.74,3.66,3.71,67693619,341081995,0.31,-1.0666666666666713,600019.SH
2020-07-23,3.69,3.71,3.58,3.6,70955812,351594115,0.32,-2.96495956873315,600019.SH
2020-07-26,3.62,3.64,3.56,3.59,45842986,224739479,0.21,-0.2777777777777879,600019.SH
2020-07-27,3.6,3.69,3.59,3.6,51725104,255691692,0.23,0.278551532033422,600019.SH
2020-07-28,3.6,3.66,3.57,3.65,52837582,261213114,0.24,1.388888888888884,600019.SH
2020-07-29,3.65,3.68,3.6,3.61,47937576,237572941,0.22,-1.0958904109588996,600019.SH
2020-07-30,3.62,3.66,3.58,3.61,68519422,337321874,0.31,0.0,600019.SH
2020-08-02,3.63,3.65,3.61,3.65,61193799,302942348,0.28,1.1080332409972415,600019.SH
2020-08-03,3.67,3.68,3.62,3.66,85176639,423713629,0.38,0.273972602739736,600019.SH
2020-08-04,3.66,3.66,3.6,3.61,80652573,397497282,0.36,-1.3661202185792476,600019.SH
2020-08-05,3.63,3.63,3.58,3.62,60832613,298797963,0.27,0.27700831024930483,600019.SH
2020-08-06,3.62,3.62,3.56,3.57,58329734,284836056,0.26,-1.3812154696132617,600019.SH
2020-08-09,3.58,3.62,3.56,3.6,59213146,290240716,0.27,0.8403361344537785,600019.SH
2020-08-10,3.62,3.66,3.57,3.59,61422048,303029420,0.28,-0.2777777777777879,600019.SH
2020-08-11,3.59,3.63,3.57,3.6,74283556,364219863,0.34,0.278551532033422,600019.SH
2020-08-12,3.62,3.64,3.6,3.63,64402701,318264947,0.29,0.8333333333333304,600019.SH
2020-08-13,3.63,3.64,3.6,3.63,44874406,221223228,0.2,0.0,600019.SH
2020-08-16,3.63,3.72,3.63,3.71,100669852,505024460,0.45,2.203856749311295,600019.SH
2020-08-17,3.71,3.75,3.68,3.7,69678791,352408244,0.31,-0.26954177897573484,600019.SH
2020-08-18,3.7,3.73,3.67,3.69,54172208,272742150,0.24,-0.2702702702702786,600019.SH
2020-08-19,3.69,3.75,3.67,3.7,91588377,462705021,0.41,0.27100271002711285,600019.SH
2020-08-20,3.69,3.75,3.67,3.73,89551560,452123726,0.4,0.8108108108108025,600019.SH
2020-08-23,3.74,3.75,3.68,3.68,72240244,365077650,0.33,-1.3404825737265313,600019.SH
2020-08-24,3.68,3.7,3.63,3.64,60905224,303857601,0.27,-1.0869565217391353,600019.SH
2020-08-25,3.63,3.64,3.59,3.6,50997425,250631598,0.23,-1.098901098901095,600019.SH
2020-08-26,3.6,3.61,3.57,3.6,42270624,206906354,0.19,0.0,600019.SH
2020-08-27,3.59,3.66,3.59,3.66,54756242,271170980,0.25,1.6666666666666607,600019.SH
2020-08-30,3.66,3.71,3.63,3.63,63906446,319045663,0.29,-0.819672131147553,600019.SH
2020-08-31,3.63,3.66,3.61,3.64,31917704,158003779,0.14,0.27548209366392573,600019.SH
2020-09-01,3.68,3.69,3.63,3.66,54055491,269554225,0.24,0.5494505494505475,600019.SH
2020-09-02,3.67,3.76,3.66,3.68,100855181,510447552,0.46,0.5464480874316946,600019.SH
2020-09-03,3.66,3.69,3.64,3.68,54639889,272930238,0.25,0.0,600019.SH
2020-09-06,3.69,3.71,3.65,3.66,60082770,301702863,0.27,-0.5434782608695676,600019.SH
2020-09-07,3.67,3.72,3.66,3.71,61566244,309930280,0.28,1.3661202185792254,600019.SH
2020-09-08,3.68,3.77,3.68,3.74,118580871,603399019,0.54,0.8086253369272267,600019.SH
2020-09-09,3.74,3.75,3.68,3.69,98190628,495549531,0.44,-1.3368983957219305,600019.SH
2020-09-10,3.7,3.71,3.63,3.69,70494920,351743047,0.32,0.0,600019.SH
2020-09-13,3.68,3.7,3.66,3.68,40606526,203397907,0.18,-0.27100271002709064,600019.SH
2020-09-14,3.68,3.69,3.66,3.68,25752243,129080607,0.12,0.0,600019.SH
2020-09-15,3.68,3.72,3.66,3.71,54583993,275524825,0.25,0.8152173913043459,600019.SH
2020-09-16,3.71,3.74,3.68,3.71,47380501,239600221,0.21,0.0,600019.SH
2020-09-17,3.71,3.77,3.69,3.77,101561938,518226665,0.46,1.6172506738544534,600019.SH
2020-09-20,3.77,3.78,3.73,3.75,56994248,290967882,0.26,-0.5305039787798393,600019.SH
2020-09-21,3.73,3.74,3.68,3.69,57115311,288208363,0.26,-1.6000000000000014,600019.SH
2020-09-22,3.71,3.71,3.66,3.67,40446782,202766067,0.18,-0.5420054200542035,600019.SH
2020-09-23,3.66,3.66,3.6,3.61,62487651,308207875,0.28,-1.6348773841961872,600019.SH
2020-09-24,3.61,3.63,3.6,3.61,33963671,167021340,0.15,0.0,600019.SH
2020-09-27,3.62,3.63,3.6,3.63,30337465,149617698,0.14,0.5540166204986097,600019.SH
2020-09-28,3.63,3.66,3.63,3.64,30911948,153464012,0.14,0.27548209366392573,600019.SH
2020-09-29,3.65,3.68,3.63,3.66,38402549,191668684,0.17,0.5494505494505475,600019.SH
2020-10-08,3.69,3.72,3.68,3.71,42297344,213483491,0.19,1.3661202185792254,600019.SH
2020-10-11,3.71,3.74,3.71,3.74,57318095,290788372,0.26,0.8086253369272267,600019.SH
2020-10-12,3.72,3.73,3.69,3.7,31855091,160619540,0.14,-1.0695187165775444,600019.SH
2020-10-13,3.7,3.7,3.66,3.67,43394886,217214179,0.2,-0.8108108108108136,600019.SH
2020-10-14,3.67,3.7,3.66,3.68,40295737,202148671,0.18,0.2724795640327127,600019.SH
2020-10-15,3.7,3.85,3.68,3.82,197549647,1017965824,0.89,3.80434782608694,600019.SH
2020-10-18,3.83,3.99,3.82,3.89,177084264,947328360,0.8,1.832460732984309,600019.SH
2020-10-19,3.9,3.91,3.75,3.77,125067351,647662036,0.56,-3.084832904884316,600019.SH
2020-10-20,3.8,3.84,3.76,3.82,64911793,336246046,0.29,1.3262599469495928,600019.SH
2020-10-21,3.81,3.88,3.78,3.82,65215911,339346814,0.29,0.0,600019.SH
2020-10-22,3.82,3.96,3.8,3.91,109395999,582014896,0.49,2.3560209424083878,600019.SH
2020-10-25,3.93,4.01,3.85,3.93,119956209,641899770,0.54,0.5115089514066584,600019.SH
2020-10-26,3.93,3.99,3.88,3.99,137284882,738041111,0.62,1.526717557251911,600019.SH
2020-10-27,3.99,4.02,3.93,4.01,120999209,657268426,0.55,0.5012531328320691,600019.SH
2020-10-28,3.98,4.1,3.93,4.05,123441785,676617332,0.56,0.9975062344139696,600019.SH
2020-10-29,4.02,4.1,3.91,3.92,170520791,925641970,0.77,-3.2098765432098775,600019.SH
2020-11-01,3.92,4.07,3.91,4.07,176139947,966770484,0.79,3.826530612244916,600019.SH
2020-11-02,4.1,4.13,4.04,4.1,124333474,694383537,0.56,0.7371007371007154,600019.SH
2020-11-03,4.1,4.24,4.06,4.22,119262820,674761795,0.54,2.9268292682926855,600019.SH
2020-11-04,4.26,4.52,4.24,4.49,246608724,1478601710,1.11,6.39810426540286,600019.SH
2020-11-05,4.49,4.55,4.41,4.54,153998326,942705870,0.7,1.1135857461024523,600019.SH
2020-11-08,4.63,4.81,4.53,4.8,230459368,1476559449,1.04,5.726872246696035,600019.SH
2020-11-09,4.82,4.88,4.66,4.73,196837031,1278908957,0.89,-1.458333333333317,600019.SH
2020-11-10,4.71,4.81,4.66,4.69,136416169,878932462,0.62,-0.8456659619450302,600019.SH
2020-11-11,4.68,4.7,4.56,4.69,131885868,832215098,0.6,0.0,600019.SH
2020-11-12,4.62,4.73,4.59,4.66,100770076,638261426,0.45,-0.6396588486140775,600019.SH
2020-11-15,4.68,4.84,4.62,4.8,157797420,1018993205,0.71,3.0042918454935563,600019.SH
2020-11-16,4.78,4.82,4.61,4.67,111739526,716795591,0.5,-2.708333333333335,600019.SH
2020-11-17,4.64,4.76,4.57,4.63,120487116,763626653,0.54,-0.8565310492505307,600019.SH
2020-11-18,4.63,4.68,4.52,4.62,106275032,665729755,0.48,-0.21598272138227959,600019.SH
2020-11-19,4.62,4.78,4.58,4.76,119093760,763673959,0.54,3.0303030303030276,600019.SH
2020-11-22,4.76,4.86,4.64,4.69,184351065,1188132591,0.83,-1.4705882352941013,600019.SH
2020-11-23,4.71,4.81,4.65,4.79,137050551,886726436,0.62,2.1321961620468954,600019.SH
2020-11-24,4.84,4.85,4.68,4.68,115901852,751563976,0.52,-2.2964509394572064,600019.SH
2020-11-25,4.69,4.71,4.61,4.68,61888241,392836866,0.28,0.0,600019.SH
2020-11-26,4.67,4.8,4.56,4.64,146815785,930574737,0.66,-0.8547008547008517,600019.SH
2020-11-29,4.64,4.79,4.56,4.56,160529023,1023652772,0.72,-1.7241379310344862,600019.SH
2020-11-30,4.62,4.64,4.54,4.62,119091048,744693620,0.54,1.3157894736842257,600019.SH
2020-12-01,4.66,4.75,4.62,4.75,130645302,835380584,0.59,2.813852813852802,600019.SH
2020-12-02,4.71,4.72,4.54,4.55,162303822,1014941260,0.73,-4.210526315789476,600019.SH
2020-12-03,4.53,4.53,4.33,4.46,165204126,996121460,0.75,-1.978021978021971,600019.SH
2020-12-06,4.46,4.49,4.32,4.37,133879627,797688432,0.6,-2.0179372197309364,600019.SH
2020-12-07,4.4,4.43,4.35,4.38,61577820,368388212,0.28,0.22883295194506825,600019.SH
2020-12-08,4.4,4.46,4.33,4.35,71408634,427445729,0.32,-0.6849315068493178,600019.SH
2020-12-09,4.4,4.54,4.4,4.52,160216703,979737837,0.72,3.9080459770114873,600019.SH
2020-12-10,4.57,4.58,4.36,4.49,112526026,682622609,0.51,-0.6637168141592764,600019.SH
2020-12-13,4.44,4.47,4.29,4.37,113727229,674074757,0.51,-2.6726057906458767,600019.SH
2020-12-14,4.38,4.4,4.27,4.34,83021817,487823647,0.37,-0.6864988558352492,600019.SH
2020-12-15,4.35,4.41,4.28,4.32,70606919,417196715,0.32,-0.4608294930875445,600019.SH
2020-12-16,4.32,4.5,4.29,4.49,122598567,739559824,0.55,3.935185185185186,600019.SH
2020-12-17,4.48,4.64,4.48,4.57,101617508,632123854,0.46,1.7817371937639104,600019.SH
2020-12-20,4.58,4.65,4.52,4.55,86813177,541125064,0.39,-0.4376367614879806,600019.SH
2020-12-21,4.57,4.6,4.33,4.35,125482689,762098459,0.57,-4.395604395604402,600019.SH
2020-12-22,4.35,4.43,4.32,4.43,81799457,489120959,0.37,1.839080459770126,600019.SH
2020-12-23,4.43,4.48,4.34,4.36,52251995,313300244,0.24,-1.5801354401805745,600019.SH
2020-12-24,4.35,4.46,4.34,4.45,51605291,310510536,0.23,2.064220183486243,600019.SH
2020-12-27,4.43,4.46,4.36,4.4,60422246,361986504,0.27,-1.1235955056179692,600019.SH
2020-12-28,4.41,4.42,4.31,4.32,67368922,400107825,0.3,-1.8181818181818188,600019.SH
2020-12-29,4.34,4.42,4.32,4.38,57562928,343416978,0.26,1.388888888888884,600019.SH
2020-12-30,4.37,4.4,4.32,4.37,63801694,379025795,0.29,-0.22831050228310223,600019.SH
2021-01-03,4.37,4.5,4.33,4.47,102953697,622565302,0.46,2.2883295194507935,600019.SH
2021-01-04,4.47,4.47,4.29,4.36,126137592,748292709,0.57,-2.460850111856816,600019.SH
2021-01-05,4.33,4.42,4.33,4.37,102015498,606985771,0.46,0.2293577981651307,600019.SH
2021-01-06,4.42,4.68,4.42,4.67,236557004,1468944528,1.07,6.864988558352403,600019.SH
2021-01-07,4.69,4.82,4.56,4.82,178693900,1146088479,0.81,3.2119914346895095,600019.SH
2021-01-10,4.83,4.88,4.6,4.62,182730525,1178488340,0.82,-4.149377593361003,600019.SH
2021-01-11,4.59,4.71,4.57,4.66,109759992,693006713,0.5,0.8658008658008587,600019.SH
2021-01-12,4.62,4.83,4.57,4.77,148898985,958308796,0.67,2.3605150214592197,600019.SH
2021-01-13,4.73,5.04,4.61,5.02,237601992,1568780875,1.07,5.2410901467505155,600019.SH
2021-01-14,4.95,4.98,4.65,4.66,223239174,1455045819,1.01,-7.17131474103585,600019.SH
2021-01-17,4.6,4.66,4.54,4.62,108615672,681459522,0.49,-0.8583690987124526,600019.SH
2021-01-18,4.62,4.62,4.52,4.56,107386373,666979039,0.48,-1.2987012987013102,600019.SH
2021-01-19,4.84,5.01,4.84,5.01,376176750,2544562438,1.69,9.868421052631593,600019.SH
2021-01-20,4.95,5.02,4.89,5.0,202989395,1369453613,0.91,-0.19960079840318778,600019.SH
2021-01-21,4.97,4.98,4.87,4.88,123457770,826380651,0.56,-2.400000000000002,600019.SH
2021-01-24,4.84,5.16,4.84,5.01,181114214,1232486911,0.82,2.6639344262294973,600019.SH
2021-01-25,4.99,5.25,4.99,5.16,241287680,1692785275,1.09,2.9940119760479167,600019.SH
2021-01-26,5.18,5.29,5.09,5.12,150724624,1060304240,0.68,-0.7751937984496138,600019.SH
2021-01-27,5.06,5.13,4.95,4.98,132863886,909563121,0.6,-2.734374999999989,600019.SH
2021-01-28,4.99,5.04,4.77,4.82,141258968,940907276,0.64,-3.2128514056224966,600019.SH
2021-01-31,4.8,4.87,4.73,4.83,99778633,653434658,0.45,0.20746887966804906,600019.SH
2021-02-01,4.8,4.84,4.67,4.78,119884282,774966367,0.54,-1.0351966873705987,600019.SH
2021-02-02,4.75,4.93,4.69,4.88,123978416,817894998,0.56,2.092050209205021,600019.SH
2021-02-03,4.84,4.9,4.69,4.88,139720909,911741756,0.63,0.0,600019.SH
2021-02-04,4.87,5.01,4.84,4.9,102763116,689781141,0.46,0.4098360655737876,600019.SH
2021-02-07,4.9,5.03,4.86,5.02,127948935,866299758,0.58,2.4489795918367196,600019.SH
2021-02-08,4.99,5.12,4.95,5.09,116681285,805495534,0.53,1.3944223107569709,600019.SH
2021-02-09,5.07,5.08,4.93,5.0,164014430,1115368422,0.74,-1.7681728880157177,600019.SH
2021-02-17,5.14,5.31,5.13,5.25,205883231,1460968749,0.93,5.000000000000004,600019.SH
2021-02-18,5.2,5.34,5.18,5.34,154136257,1108851396,0.69,1.7142857142857126,600019.SH
2021-02-21,5.47,5.88,5.42,5.87,429221725,3380377237,1.93,9.925093632958815,600019.SH
2021-02-22,5.94,5.99,5.75,5.83,272749572,2180775498,1.23,-0.6814310051107331,600019.SH
2021-02-23,5.81,5.84,5.49,5.53,232058521,1776868479,1.04,-5.145797598627788,600019.SH
2021-02-24,5.63,5.8,5.62,5.69,216304190,1683984575,0.97,2.893309222423146,600019.SH
2021-02-25,5.48,5.67,5.42,5.52,180962496,1364705692,0.81,-2.987697715289994,600019.SH
2021-02-28,5.58,5.99,5.58,5.9,287601651,2269520520,1.29,6.884057971014501,600019.SH
2021-03-01,6.01,6.14,5.76,5.87,239525084,1948856487,1.08,-0.5084745762711895,600019.SH
2021-03-02,5.99,6.44,5.98,6.42,446334728,3777897328,2.01,9.369676320272568,600019.SH
2021-03-03,6.3,6.65,6.26,6.31,382785264,3352281527,1.72,-1.7133956386292892,600019.SH
2021-03-04,6.03,6.09,5.77,5.82,303546366,2430832648,1.37,-7.765451664025347,600019.SH
2021-03-07,6.02,6.24,5.8,5.89,241818946,1990606205,1.09,1.2027491408934665,600019.SH
2021-03-08,5.88,6.48,5.79,6.23,417491838,3548002266,1.88,5.772495755517837,600019.SH
2021-03-09,6.11,6.53,5.99,6.09,267466314,2279932722,1.2,-2.2471910112359605,600019.SH
2021-03-10,6.09,6.56,6.0,6.51,276226157,2374286816,1.24,6.896551724137923,600019.SH
2021-03-11,6.64,6.72,6.36,6.66,304116280,2718844542,1.37,2.304147465437789,600019.SH
2021-03-14,6.75,7.0,6.5,6.7,263715634,2421126244,1.19,0.6006006006006093,600019.SH
2021-03-15,6.56,6.62,6.32,6.57,202668717,1784059391,0.91,-1.94029850746269,600019.SH
2021-03-16,6.43,6.48,6.15,6.37,228372851,1960645693,1.03,-3.0441400304414,600019.SH
2021-03-17,6.44,6.78,6.34,6.55,192378114,1717766748,0.87,2.8257456828885363,600019.SH
2021-03-18,6.4,6.66,6.38,6.62,175744026,1564790536,0.79,1.0687022900763399,600019.SH
2021-03-21,6.72,6.94,6.56,6.58,160560245,1469911144,0.72,-0.6042296072507614,600019.SH
2021-03-22,6.52,6.68,6.22,6.27,196585081,1701479062,0.89,-4.71124620060791,600019.SH
2021-03-23,6.2,6.2,5.81,5.89,234090980,1898937060,1.05,-6.060606060606055,600019.SH
2021-03-24,5.81,5.95,5.69,5.81,164113216,1298783241,0.74,-1.358234295415961,600019.SH
2021-03-25,5.89,6.01,5.86,5.98,103297604,836931956,0.47,2.925989672977636,600019.SH
2021-03-28,6.03,6.13,5.91,6.03,155515227,1275913871,0.7,0.836120401337781,600019.SH
2021-03-29,5.98,6.05,5.88,6.01,109578456,891883510,0.49,-0.3316749585406398,600019.SH
2021-03-30,6.09,6.11,5.89,5.93,92770731,752843767,0.42,-1.331114808652245,600019.SH
2021-03-31,5.93,6.29,5.87,6.19,159641365,1322601232,0.72,4.384485666104565,600019.SH
2021-04-01,6.12,6.15,5.89,6.0,121863208,994689849,0.55,-3.0694668820678617,600019.SH
2021-04-05,6.05,6.2,6.01,6.04,101341138,840948738,0.46,0.6666666666666599,600019.SH
2021-04-06,6.01,6.38,5.93,6.24,195653236,1640973224,0.88,3.31125827814569,600019.SH
2021-04-07,6.22,6.47,6.17,6.32,204346921,1766630685,0.92,1.2820512820512775,600019.SH
2021-04-08,6.36,6.46,6.19,6.36,156576381,1353604086,0.7,0.6329113924050667,600019.SH
2021-04-11,6.36,6.43,6.08,6.17,209024922,1772181280,0.94,-2.9874213836478036,600019.SH
2021-04-12,6.07,6.09,5.93,6.03,116511834,951991468,0.52,-2.269043760129652,600019.SH
2021-04-13,6.01,6.15,5.96,6.06,93934370,776858615,0.42,0.4975124378109319,600019.SH
2021-04-14,6.06,6.13,5.95,6.05,67711297,555491064,0.3,-0.16501650165016146,600019.SH
2021-04-15,6.03,6.2,6.01,6.07,104673568,871130314,0.47,0.33057851239670644,600019.SH
2021-04-18,6.02,6.11,5.96,6.04,77099333,634366680,0.35,-0.49423393739703725,600019.SH
2021-04-19,5.98,6.22,5.95,6.18,154297008,1282181022,0.69,2.3178807947019875,600019.SH
2021-04-20,6.14,6.14,5.89,5.92,159581751,1294606421,0.72,-4.207119741100318,600019.SH
2021-04-21,5.96,6.3,5.96,6.09,204696927,1710723339,0.92,2.871621621621623,600019.SH
2021-04-22,6.07,6.42,6.03,6.34,205330275,1750740965,0.92,4.10509031198687,600019.SH
2021-04-25,6.43,6.66,6.31,6.36,210091296,1854371280,0.95,0.3154574132492094,600019.SH
2021-04-26,6.24,6.39,6.06,6.27,186088275,1569273595,0.84,-1.4150943396226578,600019.SH
2021-04-27,6.25,6.52,6.2,6.46,181779453,1595507764,0.82,3.0303030303030276,600019.SH
2021-04-28,6.52,6.54,6.25,6.38,130904363,1133452982,0.59,-1.2383900928792602,600019.SH
2021-04-29,6.36,6.45,6.28,6.33,92828602,802980744,0.42,-0.7836990595611271,600019.SH
2021-05-05,6.5,6.72,6.5,6.61,196863301,1774168416,0.89,4.423380726698256,600019.SH
2021-05-06,6.73,6.75,6.47,6.63,231620847,2095817649,1.04,0.302571860816947,600019.SH
2021-05-09,6.75,6.86,6.48,6.75,280877932,2547663610,1.26,1.8099547511312153,600019.SH
2021-05-10,6.53,6.57,6.28,6.44,201355989,1762245560,0.91,-4.592592592592581,600019.SH
2021-05-11,6.46,6.55,6.28,6.45,127633279,1117742192,0.57,0.15527950310558758,600019.SH
2021-05-12,6.31,6.33,6.02,6.02,195748554,1637681233,0.88,-6.666666666666677,600019.SH
2021-05-13,6.03,6.08,5.91,5.97,147967764,1204528914,0.67,-0.830564784053156,600019.SH
2021-05-16,5.92,6.0,5.92,5.94,138618353,1123202787,0.62,-0.5025125628140614,600019.SH
2021-05-17,5.98,6.0,5.93,5.99,82887046,673827654,0.37,0.8417508417508435,600019.SH
2021-05-18,5.95,5.95,5.75,5.8,177054064,1405232886,0.8,-3.171953255425719,600019.SH
2021-05-19,5.57,5.76,5.45,5.7,269830118,2048103811,1.21,-1.724137931034475,600019.SH
2021-05-20,5.67,5.84,5.63,5.78,119652487,938970355,0.54,1.403508771929829,600019.SH
2021-05-23,5.7,5.75,5.56,5.67,129679274,997892835,0.58,-1.903114186851218,600019.SH
2021-05-24,5.67,5.7,5.54,5.68,142062158,1090042835,0.64,0.17636684303350414,600019.SH
2021-05-25,5.61,5.73,5.59,5.7,83468173,645292867,0.38,0.35211267605634866,600019.SH
2021-05-26,5.71,5.82,5.67,5.78,114313626,894648795,0.51,1.403508771929829,600019.SH
2021-05-27,5.87,5.92,5.73,5.77,99841789,790569983,0.45,-0.17301038062285112,600019.SH
2021-05-30,5.8,5.81,5.71,5.78,81633176,640666687,0.37,0.17331022530331364,600019.SH
2021-05-31,5.71,5.85,5.57,5.84,142670231,1105101112,0.64,1.038062283737018,600019.SH
2021-06-01,5.79,5.85,5.7,5.71,83539368,654117204,0.38,-2.2260273972602773,600019.SH
2021-06-02,5.74,5.86,5.72,5.75,84433157,666571389,0.38,0.7005253940455258,600019.SH
2021-06-03,5.73,5.87,5.7,5.8,82733703,653662395,0.37,0.8695652173912993,600019.SH
2021-06-06,5.78,5.79,5.64,5.67,72519987,562766667,0.33,-2.2413793103448265,600019.SH
2021-06-07,5.65,5.84,5.64,5.78,110299289,864448457,0.5,1.9400352733686121,600019.SH
2021-06-08,5.78,5.9,5.76,5.83,97018302,773216953,0.44,0.865051903114189,600019.SH
2021-06-09,5.89,5.93,5.81,5.83,91549830,730492662,0.41,0.0,600019.SH
2021-06-10,5.87,5.92,5.8,5.89,104639342,835246667,0.47,1.0291595197255532,600019.SH
2021-06-14,5.88,5.88,5.65,5.71,94046857,734920183,0.42,-3.056027164685904,600019.SH
2021-06-15,5.7,5.84,5.62,5.64,88210544,685523428,0.4,-1.2259194395796924,600019.SH
2021-06-16,5.64,5.65,5.34,5.4,203613346,1516046921,0.92,-4.255319148936154,600019.SH
2021-06-17,5.39,5.48,5.3,5.36,160002617,1126586118,0.72,-0.7407407407407418,600019.SH
2021-06-20,5.42,5.49,5.4,5.46,128207969,912634008,0.58,1.8656716417910335,600019.SH
2021-06-21,5.43,5.51,5.36,5.47,114770506,816283361,0.52,0.1831501831501825,600019.SH
2021-06-22,5.46,5.81,5.43,5.73,163413288,1202964170,0.74,4.753199268738584,600019.SH
2021-06-23,5.73,5.89,5.67,5.85,105469898,798994823,0.47,2.094240837696315,600019.SH
2021-06-24,5.87,5.93,5.78,5.87,96628245,740546680,0.44,0.34188034188034067,600019.SH
2021-06-27,5.86,5.88,5.76,5.85,68726147,522548449,0.31,-0.34071550255537764,600019.SH
2021-06-28,5.84,5.86,5.77,5.79,57712666,437559816,0.26,-1.025641025641022,600019.SH
2021-06-29,5.84,5.9,5.79,5.85,51975016,396502689,0.23,1.0362694300518172,600019.SH
2021-06-30,5.87,5.95,5.79,5.92,79346020,610178509,0.36,1.1965811965811923,600019.SH
2021-07-01,5.82,5.9,5.72,5.84,99148685,756507868,0.45,-1.3513513513513487,600019.SH
2021-07-04,5.82,5.86,5.61,5.74,95906604,714142382,0.43,-1.7123287671232834,600019.SH
2021-07-05,5.76,5.88,5.67,5.7,67349040,506878653,0.3,-0.6968641114982632,600019.SH
2021-07-06,5.71,5.82,5.67,5.81,69958999,525276722,0.31,1.9298245614034926,600019.SH
2021-07-07,5.85,5.88,5.74,5.8,75327032,572267298,0.34,-0.1721170395869165,600019.SH
2021-07-08,5.77,5.95,5.75,5.89,108233195,832367699,0.49,1.551724137931032,600019.SH
2021-07-11,5.93,6.07,5.8,5.85,136778384,1060946641,0.62,-0.6791171477079749,600019.SH
2021-07-12,5.85,5.89,5.79,5.85,88939247,678198242,0.4,0.0,600019.SH
2021-07-13,5.85,5.92,5.75,5.75,70354690,534375128,0.32,-1.7094017094017033,600019.SH
2021-07-14,5.79,6.21,5.75,6.16,176349936,1387300529,0.79,7.130434782608708,600019.SH
2021-07-15,6.17,6.29,6.07,6.11,169345852,1368458276,0.76,-0.8116883116883078,600019.SH
2021-07-18,6.18,6.26,5.98,6.02,116160814,925124758,0.52,-1.4729950900163824,600019.SH
2021-07-19,5.92,5.92,5.74,5.83,125401656,951470370,0.56,-3.1561461794019863,600019.SH
2021-07-20,5.89,5.92,5.77,5.86,94632421,724443306,0.43,0.5145797598627766,600019.SH
2021-07-21,5.82,6.22,5.81,6.17,190706498,1522171226,0.86,5.290102389078499,600019.SH
2021-07-22,6.26,6.42,6.18,6.19,182151975,1498371010,0.82,0.32414910858995505,600019.SH
2021-07-25,6.22,6.26,5.88,5.94,161681822,1267721568,0.73,-4.038772213247177,600019.SH
2021-07-26,5.97,6.05,5.63,5.64,168962794,1286766563,0.76,-5.050505050505061,600019.SH
2021-07-27,5.59,5.62,5.38,5.49,175443703,1259414222,0.79,-2.659574468085102,600019.SH
2021-07-28,5.57,5.58,5.4,5.53,150498104,1078924352,0.68,0.7285974499089187,600019.SH
2021-07-29,5.53,6.08,5.5,6.06,257671618,1958420149,1.16,9.584086799276669,600019.SH
2021-08-01,5.82,5.84,5.47,5.59,269323776,1956711957,1.21,-7.755775577557755,600019.SH
2021-08-02,5.5,5.58,5.44,5.48,138500529,992186712,0.62,-1.9677996422182376,600019.SH
2021-08-03,5.52,5.74,5.5,5.65,143397447,1054337256,0.65,3.1021897810219023,600019.SH
2021-08-04,5.62,5.69,5.54,5.62,106722331,782933274,0.48,-0.5309734513274433,600019.SH
2021-08-05,5.6,5.79,5.59,5.71,97246343,726689426,0.44,1.6014234875444844,600019.SH
2021-08-08,5.68,5.95,5.66,5.93,126335806,968537686,0.57,3.8528896672504365,600019.SH
2021-08-09,5.98,6.09,5.87,6.07,123265854,969256437,0.55,2.360876897133224,600019.SH
2021-08-10,6.14,6.21,6.02,6.16,136885073,1096808485,0.62,1.4827018121911006,600019.SH
2021-08-11,6.15,6.57,6.11,6.34,264559856,2215088542,1.19,2.922077922077926,600019.SH
2021-08-12,6.24,6.41,6.24,6.31,117683517,971803922,0.53,-0.4731861198738252,600019.SH
2021-08-15,6.33,6.56,6.27,6.48,171319304,1443122073,0.77,2.694136291600646,600019.SH
2021-08-16,6.45,6.52,6.27,6.35,112688865,942331992,0.51,-2.0061728395061817,600019.SH
2021-08-17,6.34,6.51,6.3,6.4,95308545,797360042,0.43,0.7874015748031704,600019.SH
2021-08-18,6.27,6.48,6.15,6.44,117210195,973037348,0.53,0.6250000000000089,600019.SH
2021-08-19,6.35,6.5,6.26,6.42,117295656,976103770,0.53,-0.31055900621118626,600019.SH
2021-08-22,6.45,6.51,6.32,6.37,88041325,735350677,0.4,-0.7788161993769416,600019.SH
2021-08-23,6.4,6.64,6.35,6.43,143642896,1221193619,0.65,0.9419152276294973,600019.SH
2021-08-24,6.44,6.54,6.35,6.53,119731098,1013259861,0.54,1.5552099533437058,600019.SH
2021-08-25,6.54,6.98,6.5,6.83,296050456,2638121636,1.33,4.594180704441042,600019.SH
2021-08-26,6.75,7.04,6.75,6.96,213858073,1934856720,0.96,1.9033674963396807,600019.SH
2021-08-29,7.19,7.46,7.17,7.38,289726407,2775176591,1.3,6.034482758620685,600019.SH
2021-08-30,7.4,7.89,7.39,7.8,293296695,2947805190,1.32,5.691056910569103,600019.SH
2021-08-31,7.81,8.07,7.64,7.84,260183019,2673458739,1.17,0.512820512820511,600019.SH
2021-09-01,7.81,8.07,7.64,7.96,220727961,2260717839,0.99,1.5306122448979664,600019.SH
2021-09-02,7.9,7.92,7.57,7.69,171451877,1729141332,0.77,-3.39195979899497,600019.SH
2021-09-05,7.69,7.94,7.68,7.84,145522769,1482231213,0.66,1.950585175552666,600019.SH
2021-09-06,7.78,8.36,7.74,8.3,193627764,2068422958,0.87,5.867346938775531,600019.SH
2021-09-07,8.18,8.27,7.98,8.06,154901053,1636661812,0.7,-2.8915662650602414,600019.SH
2021-09-08,8.04,8.85,8.04,8.74,357583554,3991273313,1.61,8.436724565756816,600019.SH
2021-09-09,8.63,8.75,8.44,8.6,218458137,2458114527,0.98,-1.6018306636155666,600019.SH
2021-09-12,8.53,9.24,8.53,9.06,251552030,2926446447,1.13,5.348837209302326,600019.SH
2021-09-13,8.97,8.97,8.39,8.45,237940715,2687346375,1.07,-6.732891832229592,600019.SH
2021-09-14,8.4,8.69,8.29,8.44,192861488,2134279870,0.87,-0.11834319526626835,600019.SH
2021-09-15,8.59,8.82,8.37,8.43,187597046,2097798981,0.84,-0.11848341232226778,600019.SH
2021-09-16,8.36,8.53,7.74,8.0,212302914,2240195308,0.96,-5.100830367734277,600019.SH
2021-09-21,7.87,8.02,7.64,8.0,194784653,1986204953,0.88,0.0,600019.SH
2021-09-22,8.0,8.13,7.72,7.92,144776066,1498237108,0.65,-1.0000000000000009,600019.SH
2021-09-23,7.79,7.93,7.29,7.35,272336532,2672631286,1.23,-7.196969696969702,600019.SH
2021-09-26,7.35,7.4,7.04,7.08,205430747,1927058560,0.92,-3.6734693877551017,600019.SH
2021-09-27,7.14,7.23,6.94,7.06,168772376,1559316009,0.76,-0.28248587570621764,600019.SH
2021-09-28,7.04,7.06,6.52,6.59,281948277,2468214415,1.27,-6.657223796033995,600019.SH
2021-09-29,6.65,6.72,6.55,6.66,188906340,1640341488,0.85,1.062215477996964,600019.SH
2021-10-07,6.77,6.77,6.5,6.6,162094903,1401860497,0.73,-0.9009009009009028,600019.SH
2021-10-10,6.62,6.62,6.28,6.42,181253481,1517198288,0.82,-2.7272727272727226,600019.SH
2021-10-11,6.44,6.5,6.05,6.15,217881474,1777294313,0.98,-4.2056074766355085,600019.SH
2021-10-12,6.16,6.23,6.03,6.18,123513126,991430281,0.56,0.4878048780487809,600019.SH
2021-10-13,6.14,6.29,6.1,6.15,144985353,1177571792,0.65,-0.4854368932038722,600019.SH
2021-10-14,6.23,6.3,6.12,6.21,166584953,1293712371,0.75,0.9756097560975618,600019.SH
2021-10-17,6.19,6.3,6.13,6.25,154922063,1207074987,0.7,0.6441223832528209,600019.SH
2021-10-18,6.23,6.31,6.14,6.3,157200996,1225761677,0.71,0.8000000000000007,600019.SH
2021-10-19,6.23,6.28,5.99,6.23,160888350,1243676818,0.72,-1.111111111111096,600019.SH
2021-10-20,6.28,6.34,6.13,6.14,183023139,1428541983,0.82,-1.4446227929374111,600019.SH
2021-10-21,6.08,6.17,5.89,5.95,208634026,1567042491,0.94,-3.0944625407166026,600019.SH
2021-10-24,5.95,5.99,5.78,5.96,108610663,804488351,0.49,0.1680672268907557,600019.SH
2021-10-25,5.97,6.03,5.87,5.92,104977965,780471903,0.47,-0.6711409395973145,600019.SH
2021-10-26,5.93,5.96,5.74,5.77,141910070,1032329312,0.64,-2.533783783783794,600019.SH
2021-10-27,5.79,5.79,5.55,5.65,183037979,1291903866,0.82,-2.079722703639497,600019.SH
2021-10-28,5.69,5.75,5.63,5.7,135981879,966931371,0.61,0.8849557522123908,600019.SH
2021-10-31,5.71,5.71,5.58,5.6,157695176,1110151705,0.71,-1.7543859649122862,600019.SH
2021-11-01,5.59,5.62,5.3,5.4,232873386,1586232679,1.05,-3.5714285714285587,600019.SH
2021-11-02,5.41,5.51,5.33,5.47,120425899,820785168,0.54,1.2962962962962843,600019.SH
2021-11-03,5.47,5.47,5.32,5.36,135119884,908090340,0.61,-2.010968921389389,600019.SH
2021-11-04,5.28,5.3,5.1,5.12,187138888,1214978854,0.84,-4.477611940298509,600019.SH
2021-11-07,5.15,5.24,5.11,5.12,133794824,865212964,0.6,0.0,600019.SH
2021-11-08,5.14,5.15,5.01,5.04,159211960,1008486221,0.72,-1.5625,600019.SH
2021-11-09,5.0,5.12,4.91,5.09,234686189,1470327174,1.06,0.9920634920634885,600019.SH
2021-11-10,5.11,5.35,5.11,5.25,292875614,1917621322,1.32,3.143418467583503,600019.SH
2021-11-11,5.25,5.27,5.07,5.09,181086078,1164326476,0.82,-3.0476190476190546,600019.SH
2021-11-14,5.08,5.2,5.01,5.19,141913268,913238388,0.64,1.964636542239706,600019.SH
2021-11-15,5.19,5.27,5.04,5.05,155550091,998757183,0.7,-2.6974951830443294,600019.SH
2021-11-16,5.03,5.17,5.02,5.16,135647177,867089115,0.61,2.17821782178218,600019.SH
2021-11-17,5.14,5.2,5.11,5.13,102227796,658929218,0.46,-0.5813953488372103,600019.SH
2021-11-18,5.11,5.24,5.05,5.22,128208918,825791941,0.58,1.7543859649122862,600019.SH
2021-11-21,5.22,5.23,5.13,5.14,136562617,882725143,0.61,-1.532567049808431,600019.SH
2021-11-22,5.19,5.42,5.19,5.27,264398754,1758100123,1.19,2.529182879377423,600019.SH
2021-11-23,5.31,5.44,5.24,5.42,207270667,1393971918,0.93,2.8462998102466885,600019.SH
2021-11-24,5.43,5.44,5.35,5.37,126893958,853635521,0.57,-0.9225092250922495,600019.SH
2021-11-25,5.32,5.54,5.28,5.41,170622552,1159169886,0.77,0.7448789571694592,600019.SH
2021-11-28,5.31,5.35,5.2,5.32,151758791,1001617000,0.68,-1.6635859519408491,600019.SH
2021-11-29,5.29,5.35,5.18,5.21,127912900,841420310,0.58,-2.0676691729323404,600019.SH
2021-11-30,5.23,5.41,5.18,5.41,150286706,1002113070,0.68,3.8387715930902067,600019.SH
2021-12-01,5.38,5.63,5.36,5.59,201301940,1391768708,0.91,3.3271719038816983,600019.SH
2021-12-02,5.59,5.63,5.49,5.6,142384934,990353909,0.64,0.17889087656528524,600019.SH
2021-12-05,5.63,5.81,5.59,5.6,184635601,1312456687,0.83,0.0,600019.SH
2021-12-06,5.67,5.79,5.55,5.78,200143052,1426696411,0.9,3.214285714285725,600019.SH
2021-12-07,5.75,5.78,5.66,5.74,148456684,1061134430,0.67,-0.692041522491349,600019.SH
2021-12-08,5.73,5.75,5.65,5.68,123992889,884043968,0.56,-1.0452961672474004,600019.SH
2021-12-09,5.68,5.7,5.54,5.6,167685646,1175570690,0.75,-1.4084507042253502,600019.SH
2021-12-12,5.63,5.73,5.62,5.66,137260000,975318786,0.62,1.0714285714285898,600019.SH
2021-12-13,5.63,5.67,5.55,5.56,125992413,881045841,0.57,-1.7667844522968323,600019.SH
2021-12-14,5.56,5.64,5.55,5.59,91206392,639491352,0.41,0.5395683453237377,600019.SH
2021-12-15,5.6,6.0,5.6,5.97,331261289,2426953309,1.49,6.797853309481217,600019.SH
2021-12-16,5.99,6.09,5.93,5.99,158215012,1188158167,0.71,0.3350083752093891,600019.SH
2021-12-19,5.96,6.02,5.76,5.79,136340728,999335813,0.61,-3.3388981636060078,600019.SH
2021-12-20,5.81,5.99,5.74,5.98,142257287,1047653268,0.64,3.2815198618307395,600019.SH
2021-12-21,5.98,5.99,5.82,5.87,105989073,778835997,0.48,-1.8394648829431537,600019.SH
2021-12-22,5.86,5.91,5.83,5.9,67083390,493215755,0.3,0.5110732538330609,600019.SH
2021-12-23,5.89,5.92,5.79,5.8,69095628,504354211,0.31,-1.6949152542372947,600019.SH
2021-12-26,5.75,5.8,5.67,5.79,70601904,507874382,0.32,-0.17241379310344307,600019.SH
2021-12-27,5.76,5.78,5.68,5.72,72127726,515556748,0.32,-1.2089810017271163,600019.SH
2021-12-28,5.7,5.76,5.68,5.7,55470339,396668290,0.25,-0.34965034965034336,600019.SH
2021-12-29,5.71,5.75,5.66,5.68,66130425,471547909,0.3,-0.35087719298246833,600019.SH
2021-12-30,5.67,5.75,5.65,5.72,53106255,378933961,0.24,0.7042253521126751,600019.SH
2022-01-03,5.71,5.83,5.69,5.78,91426481,660337450,0.41,1.0489510489510634,600019.SH
2022-01-04,5.81,5.83,5.7,5.72,83816524,603396825,0.38,-1.038062283737029,600019.SH
2022-01-05,5.72,5.95,5.7,5.91,138188066,1017316127,0.62,3.321678321678334,600019.SH
2022-01-06,5.88,6.15,5.87,6.09,161248196,1225988067,0.73,3.045685279187804,600019.SH
2022-01-09,6.14,6.18,6.0,6.07,93990240,712979751,0.42,-0.3284072249589376,600019.SH
2022-01-10,6.06,6.22,6.04,6.11,110943599,853056809,0.5,0.6589785831960571,600019.SH
2022-01-11,6.08,6.08,5.89,6.0,99247363,741858855,0.45,-1.8003273322422353,600019.SH
2022-01-12,6.0,6.1,5.94,5.96,60702293,456756305,0.27,-0.666666666666671,600019.SH
2022-01-13,5.94,5.96,5.79,5.8,73675452,537985078,0.33,-2.684563758389269,600019.SH
2022-01-16,5.77,5.87,5.74,5.85,70552968,511694490,0.32,0.8620689655172376,600019.SH
2022-01-17,5.83,6.05,5.79,6.04,110049233,819489366,0.5,3.2478632478632585,600019.SH
2022-01-18,6.08,6.18,6.03,6.15,153015334,1171879596,0.69,1.8211920529801473,600019.SH
2022-01-19,6.12,6.27,6.1,6.21,125985796,976771259,0.57,0.9756097560975618,600019.SH
2022-01-20,6.16,6.18,5.96,5.99,109629409,826545812,0.49,-3.5426731078904927,600019.SH
2022-01-23,5.95,6.08,5.88,6.04,69531136,522421908,0.31,0.8347245409014992,600019.SH
2022-01-24,6.02,6.03,5.76,5.78,105180856,770954747,0.47,-4.304635761589404,600019.SH
2022-01-25,5.79,5.91,5.71,5.81,80848225,587356679,0.36,0.519031141868509,600019.SH
2022-01-26,5.77,5.87,5.73,5.78,69675345,505877092,0.31,-0.5163511187607495,600019.SH
2022-01-27,5.83,5.83,5.54,5.63,117144415,825023208,0.53,-2.595155709342567,600019.SH
2022-02-06,5.63,5.91,5.63,5.83,118612175,861844956,0.53,3.5523978685612745,600019.SH
2022-02-07,5.86,6.1,5.81,6.09,152162656,1133467353,0.69,4.459691252144071,600019.SH
2022-02-08,6.07,6.12,6.0,6.09,89645316,682293755,0.4,0.0,600019.SH
2022-02-09,6.06,6.19,6.01,6.15,98038533,752151416,0.44,0.9852216748768461,600019.SH
2022-02-10,6.15,6.33,6.1,6.13,138908175,1078667603,0.63,-0.3252032520325243,600019.SH
2022-02-13,6.08,6.1,5.84,5.88,101400888,756089476,0.46,-4.078303425774877,600019.SH
2022-02-14,5.87,5.91,5.76,5.82,73353895,534006542,0.33,-1.0204081632652962,600019.SH
2022-02-15,5.83,6.03,5.83,5.96,108021360,805597861,0.49,2.405498281786933,600019.SH
2022-02-16,5.96,6.02,5.88,5.91,68651053,509750572,0.31,-0.8389261744966459,600019.SH
2022-02-17,5.87,6.1,5.84,6.08,132092111,998110028,0.59,2.876480541455151,600019.SH
2022-02-20,6.09,6.11,5.95,6.02,88999058,667534005,0.4,-0.9868421052631637,600019.SH
2022-02-21,5.96,6.0,5.85,5.91,82587685,611168041,0.37,-1.8272425249169388,600019.SH
2022-02-22,5.88,5.93,5.82,5.87,83713287,613884285,0.38,-0.6768189509306244,600019.SH
2022-02-23,5.83,5.84,5.6,5.69,175624003,1255366556,0.79,-3.0664395229982877,600019.SH
2022-02-24,5.69,5.85,5.68,5.73,100786837,727236404,0.45,0.7029876977152849,600019.SH
2022-02-27,5.75,5.78,5.65,5.77,74618617,535065520,0.34,0.698080279232105,600019.SH
2022-02-28,5.79,5.93,5.75,5.83,79876834,582702237,0.36,1.0398613518197708,600019.SH
2022-03-01,5.8,5.94,5.77,5.81,92024159,672350136,0.41,-0.34305317324185847,600019.SH
2022-03-02,5.87,6.0,5.82,5.99,203011910,1509843490,0.91,3.0981067125645634,600019.SH
2022-03-03,5.96,6.05,5.86,5.95,109877106,817337940,0.49,-0.6677796327211993,600019.SH
2022-03-06,6.01,6.1,5.9,5.92,170705773,1283372437,0.77,-0.5042016806722782,600019.SH
2022-03-07,5.94,5.95,5.74,5.79,126917357,928078652,0.57,-2.195945945945943,600019.SH
2022-03-08,5.8,5.82,5.43,5.7,174685816,1237412135,0.79,-1.5544041450777146,600019.SH
2022-03-09,5.74,5.77,5.65,5.66,82985437,590815106,0.37,-0.7017543859649145,600019.SH
2022-03-10,5.62,5.62,5.39,5.52,129037644,884354092,0.58,-2.473498233215554,600019.SH
2022-03-13,5.43,5.54,5.36,5.36,80071898,545671955,0.36,-2.898550724637672,600019.SH
2022-03-14,5.34,5.34,4.93,4.94,147231485,938617877,0.66,-7.835820895522383,600019.SH
2022-03-15,4.97,5.11,4.81,5.07,126279046,785326749,0.57,2.6315789473684292,600019.SH
2022-03-16,5.14,5.39,5.11,5.31,149567189,985137294,0.67,4.733727810650867,600019.SH
2022-03-17,5.31,5.38,5.26,5.34,67286292,448101501,0.3,0.5649717514124353,600019.SH
2022-03-20,5.39,5.39,5.24,5.3,79755887,528116817,0.36,-0.7490636704119868,600019.SH
2022-03-21,5.31,5.4,5.27,5.38,79952722,536355735,0.36,1.5094339622641506,600019.SH
2022-03-22,5.35,5.39,5.26,5.32,65571634,436368002,0.3,-1.1152416356877248,600019.SH
2022-03-23,5.34,5.39,5.3,5.34,55638163,372237115,0.25,0.3759398496240518,600019.SH
2022-03-24,5.35,5.35,5.27,5.28,50130528,332903555,0.23,-1.1235955056179692,600019.SH
2022-03-27,5.24,5.4,5.15,5.35,59604146,395068108,0.27,1.325757575757569,600019.SH
2022-03-28,5.33,5.36,5.27,5.29,60876836,403693770,0.27,-1.121495327102795,600019.SH
2022-03-29,5.31,5.38,5.26,5.38,74334951,495549719,0.33,1.7013232514177634,600019.SH
2022-03-30,5.35,5.46,5.34,5.39,79334125,536320679,0.36,0.18587360594795044,600019.SH
2022-03-31,5.37,5.5,5.35,5.49,91917859,626965701,0.41,1.855287569573294,600019.SH
2022-04-05,5.51,5.82,5.48,5.79,179060567,1272562643,0.81,5.464480874316946,600019.SH
2022-04-06,5.75,5.89,5.72,5.75,160815320,1168335315,0.72,-0.6908462867012077,600019.SH
2022-04-07,5.74,5.87,5.71,5.84,115850733,840490823,0.52,1.5652173913043521,600019.SH
2022-04-10,5.77,5.81,5.66,5.71,85746047,615104957,0.39,-2.2260273972602773,600019.SH
2022-04-11,5.68,5.73,5.6,5.68,79480059,563604656,0.36,-0.5253940455341555,600019.SH
2022-04-12,5.67,5.85,5.63,5.71,82749269,594986349,0.37,0.5281690140845008,600019.SH
2022-04-13,5.74,5.95,5.72,5.88,130826796,957319405,0.59,2.977232924693518,600019.SH
2022-04-14,5.83,6.02,5.82,5.87,117758847,874725702,0.53,-0.170068027210879,600019.SH
2022-04-17,5.8,5.83,5.68,5.7,74927256,538635704,0.34,-2.8960817717206155,600019.SH
2022-04-18,5.69,5.83,5.67,5.79,79036620,568368834,0.36,1.5789473684210575,600019.SH
2022-04-19,5.76,5.78,5.53,5.55,100557153,708440134,0.45,-4.145077720207258,600019.SH
2022-04-20,5.51,5.55,5.35,5.37,87359059,594791346,0.39,-3.2432432432432434,600019.SH
2022-04-21,5.35,5.46,5.27,5.45,64815773,437170732,0.29,1.4897579143389184,600019.SH
2022-04-24,5.35,5.35,5.11,5.15,103992623,684991254,0.47,-5.5045871559633035,600019.SH
2022-04-25,5.18,5.22,5.03,5.06,76142450,487068162,0.34,-1.7475728155339931,600019.SH
2022-04-26,5.0,5.16,4.92,5.14,109062968,687439229,0.49,1.5810276679841806,600019.SH
2022-04-27,5.1,5.12,4.97,5.05,111768880,704721637,0.5,-1.7509727626459082,600019.SH
2022-04-28,4.98,5.19,4.95,5.16,129783860,823059655,0.58,2.17821782178218,600019.SH
2022-05-04,5.15,5.17,5.04,5.06,108156573,687859401,0.49,-1.9379844961240456,600019.SH
2022-05-05,4.95,4.95,4.83,4.87,91925856,560863678,0.41,-3.75494071146244,600019.SH
2022-05-08,4.83,4.88,4.8,4.84,51978702,314879833,0.23,-0.6160164271047264,600019.SH
2022-05-09,4.81,4.81,4.69,4.78,114950574,682293270,0.52,-1.2396694214875992,600019.SH
2022-05-10,4.76,4.91,4.75,4.83,125521534,758744840,0.57,1.0460251046024993,600019.SH
2022-05-11,4.79,4.84,4.73,4.79,82204368,491981026,0.37,-0.8281573498964856,600019.SH
2022-05-12,4.78,4.87,4.78,4.85,91255480,551290705,0.41,1.2526096033402823,600019.SH
2022-05-15,4.9,4.98,4.86,4.96,118341641,727950105,0.53,2.268041237113416,600019.SH
2022-05-16,4.96,4.99,4.92,4.97,86284900,534879157,0.39,0.20161290322580072,600019.SH
2022-05-17,5.0,5.11,4.93,5.1,90965434,574659947,0.41,2.6156941649899457,600019.SH
2022-05-18,5.02,5.07,4.98,5.07,56313779,354405246,0.25,-0.5882352941176339,600019.SH
2022-05-19,5.07,5.12,5.03,5.09,68831470,437352261,0.31,0.39447731755424265,600019.SH
2022-05-22,5.09,5.26,5.08,5.18,88642134,574489463,0.4,1.7681728880157177,600019.SH
2022-05-23,5.18,5.19,5.04,5.05,72871538,467823398,0.33,-2.5096525096525046,600019.SH
2022-05-24,5.04,5.13,5.03,5.06,50794489,322227139,0.23,0.1980198019801982,600019.SH
2022-05-25,5.07,5.12,4.99,5.11,63082280,399548841,0.28,0.9881422924901351,600019.SH
2022-05-26,5.11,5.15,5.04,5.09,58667814,374627739,0.26,-0.391389432485334,600019.SH
2022-05-29,5.11,5.14,5.07,5.1,41945493,267641964,0.19,0.19646365422396617,600019.SH
2022-05-30,5.1,5.11,5.04,5.11,52052407,331712395,0.23,0.19607843137257053,600019.SH
2022-05-31,5.11,5.15,5.07,5.15,51543374,329855901,0.23,0.7827788649706457,600019.SH
2022-06-01,5.11,5.22,5.11,5.19,56769836,367954898,0.26,0.7766990291262044,600019.SH
2022-06-05,5.19,5.25,5.1,5.23,103766837,670128241,0.47,0.7707129094412402,600019.SH
2022-06-06,5.21,5.23,5.15,5.19,80130124,519980359,0.36,-0.7648183556405397,600019.SH
2022-06-07,5.21,5.3,5.18,5.29,92029253,604253853,0.41,1.9267822736030782,600019.SH
2022-06-08,5.27,5.33,5.24,5.31,63843514,422865535,0.29,0.3780718336483746,600019.SH
2022-06-09,5.28,5.35,5.23,5.34,70041333,464395415,0.32,0.5649717514124353,600019.SH
2022-06-12,5.31,5.31,5.17,5.21,76154014,497725428,0.35,-2.434456928838946,600019.SH
2022-06-13,5.15,5.31,5.13,5.3,74014648,485138658,0.34,1.7274472168905985,600019.SH
2022-06-14,5.29,5.42,5.28,5.34,83379330,560300218,0.38,0.7547169811320753,600019.SH
2022-06-15,5.34,5.39,5.23,5.24,66932459,444179478,0.31,-1.872659176029956,600019.SH
2022-06-16,5.21,5.21,5.11,5.14,101103147,651320937,0.46,-1.9083969465648942,600019.SH
2022-06-19,5.13,5.16,5.03,5.12,88536436,566009344,0.41,-0.38910505836574627,600019.SH
2022-06-20,5.11,5.14,5.02,5.06,95594685,606530155,0.44,-1.171875000000011,600019.SH
2022-06-21,5.05,5.07,4.98,4.98,74481491,468056255,0.34,-1.5810276679841695,600019.SH
2022-06-22,4.98,5.02,4.96,5.01,51164234,319354835,0.23,0.6024096385542022,600019.SH
2022-06-23,5.03,5.03,4.98,5.02,73624982,461520142,0.34,0.1996007984031989,600019.SH
2022-06-26,5.02,5.03,4.96,4.97,111701203,697417305,0.51,-0.9960159362549792,600019.SH
2022-06-27,4.99,5.0,4.95,4.99,67837301,422188152,0.31,0.4024144869215318,600019.SH
2022-06-28,5.01,5.05,4.98,4.98,95927674,601905925,0.44,-0.2004008016032066,600019.SH
2022-06-29,5.03,5.04,4.98,5.01,64381176,387818688,0.29,0.6024096385542022,600019.SH
2022-06-30,5.03,5.15,4.99,5.14,99583284,608824649,0.46,2.594810379241519,600019.SH
2022-07-03,5.1,5.17,5.09,5.14,62614828,385750758,0.29,0.0,600019.SH
2022-07-04,5.14,5.36,5.14,5.29,126142921,798962534,0.58,2.9182879377432025,600019.SH
2022-07-05,5.26,5.28,5.17,5.19,75662912,473107715,0.35,-1.8903591682419618,600019.SH
2022-07-06,5.2,5.22,5.14,5.16,45325330,282012981,0.21,-0.5780346820809301,600019.SH
2022-07-07,5.17,5.2,5.1,5.15,37759905,233919023,0.17,-0.19379844961240345,600019.SH
2022-07-10,5.13,5.14,5.03,5.04,63634217,386174226,0.29,-2.1359223300970953,600019.SH
2022-07-11,5.04,5.14,5.03,5.07,67155393,410664879,0.31,0.5952380952380931,600019.SH
2022-07-12,5.09,5.09,5.04,5.05,43551193,264264819,0.2,-0.39447731755425375,600019.SH
2022-07-13,5.05,5.05,4.93,4.94,77753066,463660442,0.36,-2.178217821782169,600019.SH
2022-07-14,4.91,4.92,4.77,4.78,77894059,452978935,0.36,-3.238866396761131,600019.SH
2022-07-17,4.77,4.86,4.75,4.85,71424013,412721123,0.33,1.464435146443499,600019.SH
2022-07-18,4.85,4.87,4.77,4.8,76172450,440162116,0.35,-1.0309278350515427,600019.SH
2022-07-19,4.81,4.85,4.76,4.78,69701998,400865848,0.32,-0.4166666666666541,600019.SH
2022-07-20,4.77,4.77,4.66,4.67,114077138,643989758,0.52,-2.301255230125532,600019.SH
2022-07-21,4.68,4.68,4.56,4.6,98103106,543927899,0.45,-1.4989293361884481,600019.SH
2022-07-24,4.6,4.6,4.54,4.55,44064578,242233522,0.2,-1.0869565217391242,600019.SH
2022-07-25,4.56,4.63,4.55,4.61,55398850,306117403,0.25,1.3186813186813362,600019.SH
2022-07-26,4.61,4.7,4.58,4.68,55510270,310005872,0.25,1.5184381778741818,600019.SH
2022-07-27,4.7,4.71,4.68,4.71,49624496,280066825,0.23,0.6410256410256387,600019.SH
2022-07-28,4.71,4.78,4.7,4.72,65140473,370546115,0.3,0.2123142250530785,600019.SH
2022-07-31,4.72,4.74,4.63,4.65,49725622,278454475,0.23,-1.483050847457612,600019.SH
2022-08-01,4.61,4.61,4.48,4.55,83666570,456104439,0.38,-2.1505376344086113,600019.SH
2022-08-02,4.54,4.59,4.31,4.33,175155212,930884339,0.8,-4.835164835164829,600019.SH
2022-08-03,4.33,4.36,4.27,4.35,96429537,499223533,0.44,0.4618937644341736,600019.SH
2022-08-04,4.34,4.4,4.3,4.39,68516877,357771587,0.31,0.9195402298850519,600019.SH
2022-08-07,4.37,4.47,4.37,4.45,54418673,289932595,0.25,1.3667425968109548,600019.SH
2022-08-08,4.46,4.48,4.43,4.45,41670261,222869887,0.19,0.0,600019.SH
2022-08-09,4.45,4.47,4.38,4.39,56339873,298566196,0.26,-1.3483146067415852,600019.SH
2022-08-10,4.42,4.48,4.4,4.47,58167520,311007176,0.27,1.8223234624145768,600019.SH
2022-08-11,4.47,4.5,4.45,4.48,50906327,274179056,0.23,0.22371364653246406,600019.SH
2022-08-14,4.48,4.51,4.45,4.47,40079047,215624848,0.18,-0.22321428571430157,600019.SH
2022-08-15,4.47,4.49,4.44,4.46,35538922,190289950,0.16,-0.22371364653243075,600019.SH
2022-08-16,4.46,4.49,4.4,4.47,47811451,255122254,0.22,0.22421524663676085,600019.SH
2022-08-17,4.45,4.46,4.4,4.42,39507281,210034892,0.18,-1.118568232662187,600019.SH
2022-08-18,4.42,4.49,4.4,4.45,56698135,303705215,0.26,0.6787330316742057,600019.SH
2022-08-21,4.45,4.48,4.43,4.47,37477443,200709408,0.17,0.44943820224718767,600019.SH
2022-08-22,4.45,4.46,4.41,4.43,38045440,202347059,0.17,-0.8948545861297563,600019.SH
2022-08-23,4.45,4.5,4.38,4.39,60465098,322357638,0.28,-0.9029345372460473,600019.SH
2022-08-24,4.41,4.47,4.37,4.47,42868540,227879223,0.2,1.8223234624145768,600019.SH
2022-08-25,4.48,4.5,4.43,4.44,36619595,195893751,0.17,-0.6711409395973034,600019.SH
2022-08-28,4.44,4.5,4.36,4.5,68447332,366273806,0.31,1.3513513513513375,600019.SH
2022-08-29,4.48,4.54,4.45,4.46,49082603,263981763,0.22,-0.8888888888888946,600019.SH
2022-08-30,4.45,4.48,4.42,4.44,56851135,303359301,0.26,-0.4484304932735328,600019.SH
2022-08-31,4.43,4.48,4.42,4.44,47453251,254099870,0.22,0.0,600019.SH
2022-09-01,4.45,4.45,4.38,4.39,45715052,242236454,0.21,-1.1261261261261368,600019.SH
2022-09-04,4.39,4.5,4.38,4.5,64824200,346925486,0.3,2.505694760820054,600019.SH
2022-09-05,4.51,4.55,4.49,4.52,49414279,268165348,0.23,0.4444444444444251,600019.SH
2022-09-06,4.52,4.54,4.47,4.53,41792258,226880855,0.19,0.22123893805310324,600019.SH
2022-09-07,4.54,4.61,4.51,4.58,58424220,320578259,0.27,1.103752759381904,600019.SH
2022-09-08,4.59,4.65,4.57,4.64,58359566,323708258,0.27,1.3100436681222627,600019.SH
2022-09-12,4.65,4.65,4.59,4.6,53617538,297260837,0.24,-0.8620689655172376,600019.SH
2022-09-13,4.56,4.6,4.53,4.58,41384671,226959165,0.19,-0.43478260869563856,600019.SH
2022-09-14,4.58,4.68,4.58,4.68,100031720,558814624,0.46,2.183406113537112,600019.SH
2022-09-15,4.68,4.68,4.52,4.53,89662179,494997316,0.41,-3.2051282051281937,600019.SH
2022-09-18,4.5,4.55,4.45,4.52,58521240,317241969,0.27,-0.22075055187639192,600019.SH
2022-09-19,4.52,4.55,4.45,4.47,48698907,262262176,0.22,-1.106194690265483,600019.SH
2022-09-20,4.47,4.59,4.41,4.58,52965339,286848854,0.24,2.460850111856838,600019.SH
2022-09-21,4.55,4.58,4.47,4.48,42121188,228223662,0.19,-2.183406113537112,600019.SH
2022-09-22,4.48,4.58,4.47,4.5,43224155,234593618,0.2,0.44642857142855874,600019.SH
2022-09-25,4.47,4.47,4.3,4.31,94414594,496099539,0.43,-4.222222222222227,600019.SH
2022-09-26,4.31,4.44,4.29,4.43,55262948,289692405,0.25,2.78422273781902,600019.SH
2022-09-27,4.41,4.43,4.35,4.36,54220359,284993576,0.25,-1.5801354401805745,600019.SH
2022-09-28,4.39,4.42,4.3,4.31,59359818,309403158,0.27,-1.146788990825709,600019.SH
2022-09-29,4.31,4.4,4.31,4.38,47084549,247883084,0.22,1.6241299303944468,600019.SH
2022-10-09,4.38,4.43,4.34,4.35,59540388,312839911,0.27,-0.6849315068493178,600019.SH
2022-10-10,4.36,4.38,4.33,4.35,45483750,237597010,0.21,0.0,600019.SH
2022-10-11,4.35,4.38,4.3,4.37,47697407,248191589,0.22,0.45977011494253706,600019.SH
2022-10-12,4.41,4.47,4.38,4.42,51649476,265275983,0.24,1.1441647597253857,600019.SH
2022-10-13,4.45,4.55,4.43,4.53,58016466,303632215,0.27,2.4886877828054432,600019.SH
2022-10-16,4.54,4.63,4.52,4.61,47520763,252777828,0.22,1.7660044150110465,600019.SH
2022-10-17,4.64,4.64,4.53,4.59,44797512,238422713,0.2,-0.4338394793926392,600019.SH
2022-10-18,4.6,4.61,4.5,4.53,28462963,150159703,0.13,-1.3071895424836555,600019.SH
2022-10-19,4.51,4.57,4.47,4.53,41798955,219389445,0.19,0.0,600019.SH
2022-10-20,4.54,4.58,4.53,4.55,30881421,163260066,0.14,0.44150110375273943,600019.SH
2022-10-23,4.58,4.58,4.44,4.46,47372612,246991527,0.22,-1.978021978021971,600019.SH
2022-10-24,4.44,4.51,4.42,4.47,45972550,237723576,0.21,0.22421524663676085,600019.SH
2022-10-25,4.41,4.47,4.36,4.37,74776546,382879465,0.34,-2.237136465324374,600019.SH
2022-10-26,4.38,4.41,4.37,4.37,36815865,187172292,0.17,0.0,600019.SH
2022-10-27,4.37,4.38,4.24,4.27,99940779,496407287,0.46,-2.2883295194508158,600019.SH
2022-10-30,4.25,4.26,4.12,4.15,78497427,378090124,0.36,-2.810304449648693,600019.SH
2022-10-31,4.14,4.22,4.13,4.21,47905544,232015073,0.22,1.4457831325301207,600019.SH
2022-11-01,4.21,4.25,4.18,4.22,34913636,170775941,0.16,0.23752969121140222,600019.SH
2022-11-02,4.18,4.22,4.16,4.21,38611691,187629531,0.18,-0.23696682464454666,600019.SH
2022-11-03,4.19,4.29,4.19,4.27,45793693,226185192,0.21,1.425178147268391,600019.SH
2022-11-06,4.27,4.37,4.25,4.33,55303108,277619687,0.25,1.4051522248243575,600019.SH
2022-11-07,4.34,4.35,4.3,4.34,36968959,185543959,0.17,0.2309468822170757,600019.SH
2022-11-08,4.34,4.41,4.34,4.41,57682168,293841162,0.26,1.6129032258064502,600019.SH
2022-11-09,4.38,4.43,4.34,4.41,39766167,202666583,0.18,0.0,600019.SH
2022-11-10,4.47,4.54,4.45,4.52,80281634,418322858,0.37,2.494331065759625,600019.SH
2022-11-13,4.56,4.64,4.54,4.59,97971483,521830335,0.45,1.5486725663716783,600019.SH
2022-11-14,4.57,4.66,4.55,4.63,76631986,410771119,0.35,0.8714596949891185,600019.SH
2022-11-15,4.64,4.66,4.59,4.61,48801118,261469169,0.22,-0.4319654427645703,600019.SH
2022-11-16,4.6,4.62,4.55,4.59,57648600,306065922,0.26,-0.4338394793926392,600019.SH
2022-11-17,4.59,4.63,4.58,4.59,43680498,233315744,0.2,0.0,600019.SH
2022-11-20,4.58,4.58,4.5,4.53,48370271,253807683,0.22,-1.3071895424836555,600019.SH
2022-11-21,4.53,4.73,4.51,4.65,72389118,388768082,0.33,2.6490066225165476,600019.SH
2022-11-22,4.65,4.77,4.64,4.72,67042821,366300591,0.31,1.5053763440860068,600019.SH
2022-11-23,4.74,4.77,4.66,4.72,31697911,173262280,0.14,0.0,600019.SH
2022-11-24,4.71,4.81,4.69,4.8,53350754,295748999,0.24,1.6949152542372836,600019.SH
2022-11-27,4.76,4.76,4.66,4.73,42723209,233711486,0.2,-1.458333333333317,600019.SH
2022-11-28,4.78,4.9,4.74,4.87,83725492,469722537,0.38,2.9598308668076,600019.SH
2022-11-29,4.86,4.9,4.84,4.86,56210986,317638172,0.26,-0.2053388090349051,600019.SH
2022-11-30,4.89,4.93,4.83,4.84,52433464,296128299,0.24,-0.4115226337448652,600019.SH
2022-12-01,4.84,4.88,4.82,4.82,48343356,271965832,0.22,-0.4132231404958553,600019.SH
2022-12-04,4.85,5.18,4.84,5.09,160559633,941820028,0.73,5.6016597510373245,600019.SH
2022-12-05,5.1,5.16,5.04,5.14,88245695,522761893,0.4,0.9823182711198308,600019.SH
2022-12-06,5.14,5.15,4.98,5.01,71183395,415867595,0.33,-2.529182879377434,600019.SH
2022-12-07,5.01,5.04,4.97,5.01,37679082,218970049,0.17,0.0,600019.SH
2022-12-08,5.03,5.15,4.97,5.07,86546925,509625893,0.4,1.1976047904191711,600019.SH
2022-12-11,5.09,5.09,4.94,4.97,75531337,439169176,0.35,-1.9723865877712132,600019.SH
2022-12-12,4.97,5.06,4.97,5.01,43206220,251561969,0.2,0.8048289738430636,600019.SH
2022-12-13,4.99,5.04,4.88,4.97,60115392,344811937,0.27,-0.7984031936127733,600019.SH
2022-12-14,4.96,4.97,4.87,4.88,42238713,239723504,0.19,-1.810865191146882,600019.SH
2022-12-15,4.84,5.12,4.84,5.03,110848901,647060746,0.51,3.073770491803285,600019.SH
2022-12-18,5.03,5.04,4.9,4.91,41996041,241733448,0.19,-2.385685884691846,600019.SH
2022-12-19,4.88,4.97,4.85,4.88,29418479,167268727,0.13,-0.6109979633401319,600019.SH
2022-12-20,4.88,4.96,4.87,4.91,22367516,127281607,0.1,0.6147540983606703,600019.SH
2022-12-21,5.0,5.09,4.82,4.85,63634879,364406487,0.29,-1.2219959266802527,600019.SH
2022-12-22,4.82,4.89,4.75,4.88,28199036,158055062,0.13,0.6185567010309256,600019.SH
2022-12-25,4.86,4.86,4.75,4.78,36642007,203221327,0.17,-2.049180327868849,600019.SH
2022-12-26,4.79,4.89,4.78,4.83,32944213,185118785,0.15,1.0460251046024993,600019.SH
2022-12-27,4.87,4.9,4.83,4.85,31884536,179787366,0.15,0.41407867494822614,600019.SH
2022-12-28,4.83,4.88,4.79,4.83,23564327,132153801,0.11,-0.412371134020606,600019.SH
2022-12-29,4.87,4.87,4.8,4.82,22629375,126690768,0.1,-0.20703933747411307,600019.SH
2023-01-02,4.81,4.84,4.76,4.83,29708052,165754062,0.14,0.20746887966804906,600019.SH
2023-01-03,4.81,4.91,4.81,4.87,31472353,178048462,0.14,0.8281573498964745,600019.SH
2023-01-04,4.89,4.98,4.88,4.97,48641657,279175510,0.22,2.053388090349073,600019.SH
2023-01-05,4.98,5.13,4.97,5.09,73953243,435268974,0.34,2.4144869215291687,600019.SH
2023-01-08,5.1,5.14,5.04,5.08,36790886,217071233,0.17,-0.19646365422396617,600019.SH
2023-01-09,5.08,5.09,5.0,5.03,33570945,196655101,0.15,-0.9842519685039353,600019.SH
2023-01-10,5.04,5.1,5.01,5.07,36592001,215016453,0.17,0.7952286282306265,600019.SH
2023-01-11,5.07,5.16,5.03,5.11,42660292,252524847,0.19,0.7889546351084853,600019.SH
2023-01-12,5.13,5.16,5.09,5.16,44531034,265285554,0.2,0.9784735812133016,600019.SH
2023-01-15,5.17,5.31,5.16,5.28,77548684,471113784,0.35,2.3255813953488413,600019.SH
2023-01-16,5.28,5.29,5.19,5.23,40831997,247900496,0.19,-0.9469696969696906,600019.SH
2023-01-17,5.25,5.26,5.21,5.25,29730400,180577969,0.14,0.3824091778202643,600019.SH
2023-01-18,5.26,5.27,5.21,5.24,27256117,165294897,0.12,-0.19047619047618536,600019.SH
2023-01-19,5.25,5.29,5.22,5.28,50376965,307315954,0.23,0.7633587786259444,600019.SH
2023-01-29,5.31,5.35,5.28,5.28,50258890,310033162,0.23,0.0,600019.SH
2023-01-30,5.29,5.34,5.28,5.33,37063943,228715350,0.17,0.9469696969697017,600019.SH
2023-01-31,5.34,5.47,5.32,5.43,56131779,352030356,0.26,1.8761726078799112,600019.SH
2023-02-01,5.43,5.47,5.38,5.42,38115119,239507554,0.17,-0.18416206261510082,600019.SH
2023-02-02,5.41,5.41,5.19,5.27,85832804,523497997,0.39,-2.7675276752767597,600019.SH
2023-02-05,5.23,5.23,5.17,5.21,38662215,233692438,0.18,-1.1385199240986688,600019.SH
2023-02-06,5.23,5.28,5.22,5.26,33708724,205562409,0.15,0.9596928982725572,600019.SH
2023-02-07,5.28,5.28,5.22,5.22,23205846,141365167,0.11,-0.760456273764254,600019.SH
2023-02-08,5.22,5.27,5.21,5.24,21370869,129864411,0.1,0.3831417624521105,600019.SH
2023-02-09,5.25,5.28,5.22,5.23,23152651,140913403,0.11,-0.1908396946564861,600019.SH
2023-02-12,5.26,5.3,5.22,5.27,34175667,208639745,0.16,0.7648183556405286,600019.SH
2023-02-13,5.29,5.37,5.28,5.37,43535861,269690136,0.2,1.8975332068311257,600019.SH
2023-02-14,5.38,5.41,5.34,5.35,32878421,204453810,0.15,-0.3724394785847407,600019.SH
2023-02-15,5.36,5.42,5.29,5.34,46167714,288076465,0.21,-0.18691588785045843,600019.SH
2023-02-16,5.33,5.38,5.3,5.3,28407584,176030680,0.13,-0.7490636704119868,600019.SH
2023-02-19,5.3,5.53,5.3,5.53,120565431,766786408,0.55,4.339622641509444,600019.SH
2023-02-20,5.56,5.79,5.54,5.72,127700105,846615630,0.58,3.435804701627476,600019.SH
2023-02-21,5.7,5.78,5.67,5.72,44963048,298342059,0.21,0.0,600019.SH
2023-02-22,5.72,5.76,5.69,5.72,37904893,251634650,0.17,0.0,600019.SH
2023-02-23,5.72,5.84,5.72,5.79,83414668,559522060,0.38,1.2237762237762295,600019.SH
2023-02-26,5.76,5.81,5.66,5.72,54634976,364062994,0.25,-1.2089810017271163,600019.SH
2023-02-27,5.71,5.72,5.64,5.67,57732295,379818860,0.26,-0.8741258741258751,600019.SH
2023-02-28,5.71,5.72,5.66,5.71,40509551,267677119,0.19,0.7054673721340388,600019.SH
2023-03-01,5.71,5.88,5.66,5.8,64390561,433808199,0.29,1.5761821366024442,600019.SH
2023-03-02,5.82,5.87,5.74,5.86,47522496,321867507,0.22,1.0344827586207028,600019.SH
2023-03-05,5.88,5.88,5.72,5.76,60677221,406374860,0.28,-1.7064846416382395,600019.SH
2023-03-06,5.75,5.91,5.75,5.78,75104350,508522754,0.34,0.3472222222222321,600019.SH
2023-03-07,5.76,5.83,5.7,5.77,49027744,327267012,0.22,-0.17301038062285112,600019.SH
2023-03-08,5.77,5.79,5.69,5.71,38617379,256388327,0.18,-1.0398613518197486,600019.SH
2023-03-09,5.68,5.7,5.55,5.55,79470489,516712280,0.36,-2.8021015761821366,600019.SH
2023-03-12,5.59,5.68,5.57,5.66,53491955,349377238,0.24,1.981981981981984,600019.SH
2023-03-13,5.66,5.79,5.61,5.62,66978696,441340385,0.31,-0.7067137809187329,600019.SH
2023-03-14,5.65,5.84,5.59,5.8,84437288,562874024,0.39,3.2028469750889688,600019.SH
2023-03-15,5.77,5.78,5.59,5.6,67406502,443405939,0.31,-3.4482758620689724,600019.SH
2023-03-16,5.65,5.8,5.62,5.71,78728191,521393769,0.36,1.9642857142857295,600019.SH
2023-03-19,5.72,5.78,5.58,5.6,53173488,349805195,0.24,-1.9264448336252293,600019.SH
2023-03-20,5.65,5.66,5.44,5.48,63449151,404265079,0.29,-2.142857142857124,600019.SH
2023-03-21,5.49,5.55,5.44,5.52,42700761,272972103,0.2,0.7299270072992581,600019.SH
2023-03-22,5.47,5.54,5.44,5.53,28467920,181485157,0.13,0.18115942028986698,600019.SH
2023-03-23,5.53,5.53,5.43,5.47,36534703,231509664,0.17,-1.0849909584086936,600019.SH
2023-03-26,5.47,5.47,5.39,5.41,36029425,226711121,0.16,-1.0968921389396646,600019.SH
2023-03-27,5.41,5.5,5.38,5.41,34938148,219170252,0.16,0.0,600019.SH
2023-03-28,5.42,5.42,5.3,5.34,43680303,271044108,0.2,-1.2939001848428888,600019.SH
2023-03-29,5.35,5.44,5.33,5.43,30008827,187604333,0.14,1.6853932584269593,600019.SH
2023-03-30,5.41,5.46,5.35,5.38,50252725,314741854,0.23,-0.9208103130755041,600019.SH
2023-04-02,5.35,5.43,5.35,5.41,37227011,232869492,0.17,0.5576208178438735,600019.SH
2023-04-03,5.4,5.61,5.4,5.56,50904577,326444103,0.23,2.772643253234741,600019.SH
2023-04-05,5.54,5.62,5.53,5.59,29128271,188692325,0.13,0.5395683453237377,600019.SH
2023-04-06,5.63,5.64,5.55,5.63,32027721,208457416,0.15,0.7155635062611854,600019.SH
2023-04-09,5.59,5.75,5.59,5.66,40401000,266912001,0.18,0.5328596802842034,600019.SH
2023-04-10,5.7,5.75,5.62,5.73,58982943,390133548,0.27,1.2367491166077826,600019.SH
2023-04-11,5.74,6.02,5.72,5.98,119616822,820180526,0.55,4.363001745200701,600019.SH
2023-04-12,5.96,6.08,5.89,5.92,62035966,429573705,0.28,-1.0033444816053616,600019.SH
2023-04-13,5.95,5.98,5.89,5.94,32449917,223268974,0.15,0.33783783783785104,600019.SH
2023-04-16,5.94,6.1,5.91,6.06,82663612,578996986,0.38,2.020202020202011,600019.SH
2023-04-17,6.06,6.09,5.97,6.01,39827309,277857332,0.18,-0.8250825082508184,600019.SH
2023-04-18,6.03,6.16,6.0,6.1,85149084,604507458,0.39,1.4975041597337757,600019.SH
2023-04-19,6.14,6.14,5.94,6.06,65920291,460834893,0.3,-0.6557377049180357,600019.SH
2023-04-20,6.08,6.1,5.92,5.93,51259751,356692682,0.23,-2.1452145214521434,600019.SH
2023-04-23,5.92,5.93,5.78,5.82,61280044,415540860,0.28,-1.8549747048903775,600019.SH
2023-04-24,5.86,5.89,5.7,5.74,57904822,386977062,0.26,-1.3745704467354014,600019.SH
2023-04-25,5.74,5.78,5.6,5.66,67413503,443981353,0.31,-1.3937282229965153,600019.SH
2023-04-26,5.67,5.7,5.57,5.66,47885148,313978820,0.22,0.0,600019.SH
2023-04-27,5.58,5.6,5.47,5.55,109192611,703235663,0.5,-1.9434628975265045,600019.SH
2023-05-03,5.66,5.86,5.59,5.72,133748240,891235985,0.61,3.063063063063054,600019.SH
2023-05-04,5.7,5.87,5.67,5.71,98785931,658814863,0.45,-0.17482517482516613,600019.SH
2023-05-07,5.72,5.95,5.7,5.93,112385062,765627041,0.51,3.8528896672504365,600019.SH
2023-05-08,5.98,6.29,5.98,6.07,180854041,1292026177,0.83,2.360876897133224,600019.SH
2023-05-09,6.04,6.12,5.84,5.87,107631311,743079472,0.49,-3.29489291598023,600019.SH
2023-05-10,5.89,5.91,5.78,5.8,61502386,415525196,0.28,-1.1925042589437829,600019.SH
2023-05-11,5.79,5.8,5.6,5.61,69328887,455967124,0.32,-3.275862068965507,600019.SH
2023-05-14,5.61,5.64,5.41,5.53,104356179,664965041,0.48,-1.4260249554367221,600019.SH
2023-05-15,5.51,5.58,5.41,5.41,66395356,421442327,0.3,-2.169981916817365,600019.SH
2023-05-16,5.41,5.46,5.34,5.34,62762088,392013936,0.29,-1.2939001848428888,600019.SH
2023-05-17,5.39,5.44,5.32,5.37,58162546,363247401,0.27,0.5617977528090012,600019.SH
2023-05-18,5.34,5.43,5.29,5.38,67516073,420881440,0.31,0.18621973929235924,600019.SH
2023-05-21,5.38,5.43,5.36,5.41,53946842,337974285,0.25,0.5576208178438735,600019.SH
2023-05-22,5.4,5.41,5.26,5.26,59243224,365349067,0.27,-2.7726432532347522,600019.SH
2023-05-23,5.25,5.25,5.15,5.16,60771047,365756296,0.28,-1.9011406844106404,600019.SH
2023-05-24,5.14,5.19,5.09,5.16,42624121,254707813,0.2,0.0,600019.SH
2023-05-25,5.16,5.24,5.11,5.23,32409691,194924207,0.15,1.3565891472868241,600019.SH
2023-05-28,5.23,5.27,5.15,5.2,59009311,355987476,0.27,-0.5736137667304075,600019.SH
2023-05-29,5.2,5.24,5.09,5.16,64564118,385876726,0.3,-0.7692307692307665,600019.SH
2023-05-30,5.1,5.13,5.05,5.07,64006008,377516731,0.29,-1.74418604651162,600019.SH
2023-05-31,5.06,5.12,5.03,5.04,73751849,433288564,0.34,-0.591715976331364,600019.SH
2023-06-01,5.04,5.13,5.03,5.12,82961157,488653621,0.38,1.5873015873015817,600019.SH
2023-06-04,5.12,5.19,5.11,5.13,51205894,305910824,0.23,0.1953125,600019.SH
2023-06-05,5.14,5.16,5.06,5.09,79893558,473642091,0.37,-0.7797270955165692,600019.SH
2023-06-06,5.12,5.14,5.06,5.08,38533292,227987485,0.18,-0.19646365422396617,600019.SH
2023-06-07,5.09,5.13,5.01,5.13,71012389,418387139,0.32,0.9842519685039353,600019.SH
2023-06-08,5.14,5.15,5.08,5.09,62799096,371582602,0.29,-0.7797270955165692,600019.SH
2023-06-11,5.1,5.11,5.05,5.05,63820142,375396005,0.29,-0.7858546168958758,600019.SH
2023-06-12,5.05,5.08,4.99,5.02,59187516,344291459,0.27,-0.5940594059405946,600019.SH
2023-06-13,5.04,5.1,5.02,5.03,52064594,300301826,0.24,0.19920318725101804,600019.SH
2023-06-14,5.06,5.07,4.96,5.03,59256009,337669198,0.27,0.0,600019.SH
2023-06-15,5.03,5.11,5.03,5.1,59706180,346722246,0.27,1.391650099403563,600019.SH
2023-06-18,5.1,5.1,4.97,4.98,63971880,366702740,0.29,-2.3529411764705688,600019.SH
2023-06-19,4.98,4.99,4.87,4.9,81642137,457819262,0.37,-1.6064257028112428,600019.SH
2023-06-20,4.89,4.93,4.85,4.85,50996397,283735066,0.23,-1.0204081632653184,600019.SH
2023-06-25,4.85,4.89,4.79,4.82,58811960,324140422,0.27,-0.6185567010309145,600019.SH
2023-06-26,4.83,4.95,4.81,4.93,63186439,352519222,0.29,2.2821576763485396,600019.SH
2023-06-27,4.93,4.96,4.89,4.96,36219920,203287260,0.17,0.6085192697768749,600019.SH
2023-06-28,4.94,4.96,4.9,4.93,36483915,205226592,0.17,-0.6048387096774244,600019.SH
2023-06-29,4.94,4.97,4.91,4.93,48374411,272691819,0.22,0.0,600019.SH
2023-07-02,4.93,5.08,4.92,5.04,49701096,284620407,0.23,2.2312373225152227,600019.SH
2023-07-03,5.04,5.07,5.0,5.02,31239658,178975189,0.14,-0.3968253968254065,600019.SH
2023-07-04,5.02,5.04,5.0,5.03,26187580,149991792,0.12,0.19920318725101804,600019.SH
2023-07-05,5.02,5.03,4.97,4.98,21452866,122191754,0.1,-0.994035785288272,600019.SH
2023-07-06,4.96,5.03,4.96,5.01,25264618,144055470,0.12,0.6024096385542022,600019.SH
2023-07-09,5.02,5.06,4.97,4.99,27069242,154403663,0.12,-0.39920159680637557,600019.SH
2023-07-10,4.98,5.04,4.98,5.01,23943821,136771900,0.11,0.4008016032064132,600019.SH
2023-07-11,5.01,5.02,4.95,4.96,24770934,140850152,0.11,-0.9980039920159611,600019.SH
2023-07-12,4.98,5.06,4.97,5.03,37364752,214347904,0.17,1.4112903225806495,600019.SH
2023-07-13,5.03,5.1,5.03,5.06,42319936,244812532,0.19,0.5964214711729587,600019.SH
2023-07-16,5.06,5.07,5.01,5.03,21808220,124999637,0.1,-0.5928853754940566,600019.SH
2023-07-17,5.04,5.04,4.98,5.01,26901735,153551447,0.12,-0.3976143141153132,600019.SH
2023-07-18,5.0,5.04,4.98,5.03,28469973,162813999,0.13,0.3992015968063978,600019.SH
2023-07-19,5.03,5.09,5.03,5.05,49758486,287068776,0.23,0.397614314115291,600019.SH
2023-07-20,5.06,5.07,5.01,5.05,32956659,189366037,0.15,0.0,600019.SH
2023-07-23,5.04,5.1,5.03,5.05,26420703,152253102,0.12,0.0,600019.SH
2023-07-24,5.11,5.36,5.11,5.34,169902603,1026227600,0.78,5.742574257425748,600019.SH
2023-07-25,5.33,5.47,5.28,5.35,87460623,533021582,0.4,0.1872659176029856,600019.SH
2023-07-26,5.35,5.65,5.34,5.52,204665755,1293376501,0.94,3.1775700934579376,600019.SH
2023-07-27,5.51,5.73,5.49,5.68,134172489,864996757,0.61,2.898550724637694,600019.SH
2023-07-30,5.68,5.79,5.6,5.63,126627619,818458988,0.58,-0.8802816901408383,600019.SH
2023-07-31,5.64,5.75,5.6,5.67,106774627,689697900,0.49,0.7104795737122638,600019.SH
2023-08-01,5.62,5.74,5.58,5.7,88207578,569520403,0.4,0.5291005291005346,600019.SH
2023-08-02,5.66,5.75,5.63,5.74,65000796,421406689,0.3,0.7017543859649145,600019.SH
2023-08-03,5.76,5.89,5.7,5.72,78157332,514442177,0.36,-0.34843205574913716,600019.SH
2023-08-06,5.7,5.7,5.55,5.61,74875052,478650687,0.34,-1.9230769230769162,600019.SH
2023-08-07,5.61,5.65,5.57,5.58,36556170,233365636,0.17,-0.5347593582887722,600019.SH
2023-08-08,5.6,5.64,5.55,5.59,43835650,279668189,0.2,0.17921146953405742,600019.SH
2023-08-09,5.58,5.65,5.57,5.63,32934435,210853919,0.15,0.7155635062611854,600019.SH
2023-08-10,5.65,5.66,5.49,5.52,47462482,300203371,0.22,-1.9538188277087087,600019.SH
2023-08-13,5.47,5.53,5.4,5.5,46302953,288888480,0.21,-0.36231884057970065,600019.SH
2023-08-14,5.52,5.56,5.46,5.52,30575200,192315108,0.14,0.363636363636366,600019.SH
2023-08-15,5.53,5.57,5.47,5.52,30847626,193933846,0.14,0.0,600019.SH
2023-08-16,5.48,5.5,5.41,5.48,50244634,312625422,0.23,-0.7246376811594013,600019.SH
2023-08-17,5.5,5.55,5.45,5.46,29090119,182314582,0.13,-0.36496350364964014,600019.SH
2023-08-20,5.46,5.51,5.41,5.41,34099144,211947541,0.16,-0.9157509157509125,600019.SH
2023-08-21,5.4,5.5,5.39,5.46,54261758,336769225,0.25,0.9242144177449063,600019.SH
2023-08-22,5.48,5.48,5.39,5.39,35173385,217826552,0.16,-1.2820512820512886,600019.SH
2023-08-23,5.42,5.46,5.31,5.32,52842957,322830088,0.24,-1.298701298701288,600019.SH
2023-08-24,5.33,5.46,5.3,5.41,56347509,345867405,0.26,1.6917293233082775,600019.SH
2023-08-27,5.63,5.67,5.53,5.58,104482270,666435624,0.48,3.1423290203327126,600019.SH
2023-08-28,5.58,5.59,5.38,5.42,92211820,572588814,0.42,-2.8673835125448077,600019.SH
2023-08-29,5.41,5.46,5.34,5.36,53042637,325386190,0.24,-1.1070110701106972,600019.SH
2023-08-30,5.32,5.37,5.31,5.32,64344759,391207588,0.29,-0.7462686567164201,600019.SH
2023-08-31,5.33,5.61,5.33,5.58,104420623,658520746,0.48,4.8872180451127845,600019.SH
2023-09-03,5.6,5.94,5.6,5.82,167021543,1106995771,0.76,4.3010752688172005,600019.SH
2023-09-04,5.83,5.84,5.68,5.75,74373343,486412027,0.34,-1.2027491408934776,600019.SH
2023-09-05,5.76,5.76,5.63,5.63,51357200,332165457,0.23,-2.086956521739136,600019.SH
2023-09-06,5.61,5.69,5.56,5.59,73136718,468570986,0.33,-0.7104795737122527,600019.SH
2023-09-07,5.56,5.58,5.45,5.46,56691099,354625786,0.26,-2.3255813953488302,600019.SH
2023-09-10,5.45,5.49,5.41,5.45,74397672,462469309,0.34,-0.1831501831501825,600019.SH
2023-09-11,5.45,5.5,5.39,5.44,59427727,368185624,0.27,-0.18348623853210455,600019.SH
2023-09-12,5.43,5.6,5.41,5.47,90291050,566541522,0.41,0.5514705882352811,600019.SH
2023-09-13,5.46,5.54,5.44,5.51,79253650,496015886,0.36,0.7312614259597838,600019.SH
2023-09-14,5.52,5.59,5.44,5.46,113332691,711574570,0.52,-0.9074410163339319,600019.SH
2023-09-17,5.46,5.48,5.39,5.45,62924264,389174116,0.29,-0.1831501831501825,600019.SH
2023-09-18,5.42,5.61,5.42,5.6,120858183,764909210,0.55,2.752293577981635,600019.SH
2023-09-19,5.6,5.64,5.53,5.61,68643971,438657545,0.31,0.17857142857145014,600019.SH
2023-09-20,5.62,5.62,5.48,5.49,67881782,427737527,0.31,-2.1390374331550777,600019.SH
2023-09-21,5.5,5.53,5.42,5.47,68188655,424683355,0.31,-0.36429872495447047,600019.SH
2023-09-24,5.47,5.54,5.43,5.47,72691557,455408245,0.33,0.0,600019.SH
2023-09-25,5.46,5.53,5.43,5.44,59385325,369427641,0.27,-0.5484460694698212,600019.SH
2023-09-26,5.43,5.46,5.35,5.37,72905701,447125586,0.33,-1.2867647058823595,600019.SH
2023-09-27,5.38,5.39,5.33,5.34,54898218,335007801,0.25,-0.5586592178770999,600019.SH
2023-10-08,5.34,5.41,5.33,5.39,53782846,329585383,0.25,0.9363295880149725,600019.SH
2023-10-09,5.39,5.44,5.33,5.36,65419912,400142805,0.3,-0.5565862708719727,600019.SH
2023-10-10,5.37,5.37,5.27,5.29,62283653,377022152,0.28,-1.3059701492537323,600019.SH
2023-10-11,5.32,5.39,5.31,5.37,51210117,312741976,0.23,1.512287334593565,600019.SH
2023-10-12,5.34,5.35,5.27,5.32,45844324,277566738,0.21,-0.9310986964618184,600019.SH
2023-10-15,5.33,5.34,5.23,5.27,52692627,311034030,0.24,-0.9398496240601628,600019.SH
2023-10-16,5.49,5.57,5.41,5.54,147688902,910334414,0.68,5.123339658444026,600019.SH
2023-10-17,5.54,5.62,5.4,5.56,213383805,1316696571,0.98,0.3610108303248927,600019.SH
2023-10-18,5.49,5.5,5.22,5.22,191256525,1135171965,0.87,-6.1151079136690605,600019.SH
2023-10-19,5.18,5.3,5.15,5.22,80828063,474705614,0.37,0.0,600019.SH
2023-10-22,5.23,5.23,5.13,5.17,61449209,355459659,0.28,-0.9578544061302652,600019.SH
2023-10-23,5.18,5.2,5.14,5.18,48310750,279582103,0.22,0.19342359767891004,600019.SH
2023-10-24,5.32,5.67,5.32,5.65,300587901,1867419067,1.38,9.07335907335909,600019.SH
2023-10-25,5.61,5.73,5.55,5.65,137481953,867078608,0.63,0.0,600019.SH
2023-10-26,5.65,5.73,5.58,5.61,112003269,708210581,0.51,-0.707964601769917,600019.SH
2023-10-29,5.59,5.67,5.57,5.61,73958530,465719879,0.34,0.0,600019.SH
2023-10-30,5.6,5.65,5.57,5.59,56664670,355108300,0.26,-0.35650623885918886,600019.SH
2023-10-31,5.61,5.62,5.53,5.58,71992643,448944176,0.33,-0.17889087656529634,600019.SH
2023-11-01,5.57,5.67,5.57,5.62,70615014,444990827,0.32,0.7168458781362075,600019.SH
2023-11-02,5.63,5.66,5.49,5.51,93481029,581801449,0.43,-1.9572953736654908,600019.SH
2023-11-05,5.52,5.54,5.43,5.44,98618035,602717562,0.45,-1.270417422867498,600019.SH
2023-11-06,5.44,5.48,5.4,5.44,71785739,436514616,0.33,0.0,600019.SH
2023-11-07,5.42,5.43,5.36,5.39,60288622,363608511,0.28,-0.9191176470588314,600019.SH
2023-11-08,5.39,5.46,5.37,5.42,56241006,342020161,0.26,0.5565862708719838,600019.SH
2023-11-09,5.4,5.43,5.36,5.4,41922873,253031007,0.19,-0.36900369003689537,600019.SH
2023-11-12,5.42,5.55,5.41,5.52,87933526,540121550,0.4,2.2222222222222143,600019.SH
2023-11-13,5.51,5.51,5.39,5.42,77151882,468555235,0.35,-1.8115942028985477,600019.SH
2023-11-14,5.47,5.54,5.45,5.54,89313579,550419867,0.41,2.2140221402213944,600019.SH
2023-11-15,5.52,5.61,5.49,5.57,80351992,499378513,0.37,0.5415162454873723,600019.SH
2023-11-16,5.57,5.63,5.51,5.52,47683803,296202799,0.22,-0.8976660682226356,600019.SH
2023-11-19,5.52,5.57,5.49,5.52,46067897,285122787,0.21,0.0,600019.SH
2023-11-20,5.56,5.65,5.55,5.59,82639544,519158578,0.38,1.26811594202898,600019.SH
2023-11-21,5.6,5.61,5.55,5.55,51288922,320220844,0.23,-0.7155635062611854,600019.SH
2023-11-22,5.55,5.59,5.5,5.58,59169460,367594494,0.27,0.540540540540535,600019.SH
2023-11-23,5.57,5.61,5.55,5.55,51683804,323037293,0.24,-0.5376344086021501,600019.SH
2023-11-26,5.55,5.56,5.43,5.5,75195304,461913183,0.34,-0.9009009009009028,600019.SH
2023-11-27,5.51,5.6,5.48,5.59,73374133,455733592,0.34,1.6363636363636358,600019.SH
2023-11-28,5.59,5.61,5.49,5.51,52891745,328088997,0.24,-1.4311270125223596,600019.SH
2023-11-29,5.5,5.58,5.49,5.56,53562869,332324483,0.25,0.9074410163339319,600019.SH
2023-11-30,5.57,5.62,5.55,5.58,60656191,379229588,0.28,0.3597122302158251,600019.SH
2023-12-03,5.58,5.65,5.56,5.57,52067103,326521953,0.24,-0.17921146953404632,600019.SH
2023-12-04,5.57,5.57,5.48,5.49,50306402,310987935,0.23,-1.4362657091561926,600019.SH
2023-12-05,5.49,5.52,5.42,5.47,41325390,253664836,0.19,-0.36429872495447047,600019.SH
2023-12-06,5.47,5.53,5.42,5.49,62075794,381517250,0.28,0.365630712979903,600019.SH
2023-12-07,5.5,5.55,5.46,5.46,93308156,574245060,0.43,-0.5464480874316946,600019.SH
2023-12-10,5.49,5.52,5.23,5.51,143492585,863458528,0.66,0.9157509157509125,600019.SH
2023-12-11,5.47,5.47,5.28,5.4,119279249,715549955,0.55,-1.9963702359346525,600019.SH
2023-12-12,5.36,5.43,5.31,5.36,101496854,609839510,0.46,-0.7407407407407418,600019.SH
2023-12-13,5.36,5.43,5.34,5.37,66376469,400198305,0.3,0.1865671641791078,600019.SH
2023-12-14,5.39,5.46,5.35,5.41,74403405,451273649,0.34,0.7448789571694592,600019.SH
2023-12-17,5.4,5.44,5.35,5.36,45723420,275790774,0.21,-0.9242144177449174,600019.SH
2023-12-18,5.36,5.38,5.32,5.36,41789168,250409810,0.19,0.0,600019.SH
2023-12-19,5.37,5.47,5.35,5.38,57961982,351605968,0.27,0.3731343283581934,600019.SH
2023-12-20,5.37,5.39,5.31,5.36,60550118,362081043,0.28,-0.3717472118959009,600019.SH
2023-12-21,5.36,5.44,5.33,5.42,64141362,387987850,0.29,1.1194029850746245,600019.SH
2023-12-24,5.43,5.44,5.39,5.42,34359149,208070585,0.16,0.0,600019.SH
2023-12-25,5.42,5.45,5.37,5.38,41700213,252278712,0.19,-0.7380073800738018,600019.SH
2023-12-26,5.38,5.4,5.32,5.4,57070929,342638581,0.26,0.3717472118959231,600019.SH
2023-12-27,5.4,5.43,5.31,5.32,126353993,757640043,0.58,-1.4814814814814836,600019.SH
2023-12-28,5.3,5.32,5.25,5.3,88167907,522565518,0.4,-0.375939849624074,600019.SH
2024-01-01,5.3,5.4,5.29,5.37,83846158,503839226,0.38,1.3207547169811429,600019.SH
2024-01-02,5.36,5.49,5.35,5.49,104082386,634197801,0.48,2.2346368715083775,600019.SH
2024-01-03,5.49,5.52,5.45,5.49,57185285,350595869,0.26,0.0,600019.SH
2024-01-04,5.5,5.6,5.48,5.52,78923380,490291871,0.36,0.5464480874316724,600019.SH
2024-01-07,5.52,5.55,5.49,5.49,61597552,379942202,0.28,-0.5434782608695565,600019.SH
2024-01-08,5.49,5.52,5.42,5.49,54444062,333473378,0.25,0.0,600019.SH
2024-01-09,5.47,5.49,5.4,5.4,67091468,408256265,0.31,-1.6393442622950838,600019.SH
2024-01-10,5.41,5.41,5.31,5.32,91556951,547094152,0.42,-1.4814814814814836,600019.SH
2024-01-11,5.31,5.34,5.29,5.29,61601976,366490209,0.28,-0.5639097744360999,600019.SH
2024-01-14,5.31,5.33,5.24,5.26,74928777,442758210,0.34,-0.5671077504725952,600019.SH
2024-01-15,5.26,5.29,5.23,5.27,69554526,409339008,0.32,0.1901140684410496,600019.SH
2024-01-16,5.27,5.31,5.18,5.18,76908396,451549755,0.35,-1.7077798861480087,600019.SH
2024-01-17,5.18,5.18,4.97,5.13,144008692,816435980,0.66,-0.9652509652509633,600019.SH
2024-01-18,5.11,5.16,5.05,5.15,84995462,488429075,0.39,0.3898635477582957,600019.SH
2024-01-21,5.15,5.18,5.01,5.05,79507852,455215266,0.36,-1.9417475728155442,600019.SH
2024-01-22,5.05,5.13,4.96,5.07,97454178,548757951,0.45,0.3960396039603964,600019.SH
2024-01-23,5.09,5.27,5.08,5.26,86389864,500319689,0.4,3.747534516765283,600019.SH
2024-01-24,5.27,5.43,5.26,5.43,120436639,724014150,0.55,3.2319391634980876,600019.SH
2024-01-25,5.42,5.55,5.4,5.55,109667106,674918486,0.5,2.20994475138121,600019.SH
2024-01-28,5.57,5.61,5.53,5.54,83971791,523458600,0.38,-0.18018018018017834,600019.SH
2024-01-29,5.53,5.59,5.48,5.5,75549950,468953061,0.35,-0.7220216606498187,600019.SH
2024-01-30,5.49,5.57,5.43,5.49,117025790,721157064,0.54,-0.181818181818183,600019.SH
2024-01-31,5.47,5.57,5.44,5.47,87744455,540681582,0.4,-0.36429872495447047,600019.SH
2024-02-01,5.49,5.58,5.4,5.51,104485317,645644763,0.48,0.7312614259597838,600019.SH
2024-02-04,5.53,5.59,5.45,5.56,120368378,745336676,0.55,0.9074410163339319,600019.SH
2024-02-05,5.55,5.66,5.52,5.65,111221626,697575517,0.51,1.6187050359712352,600019.SH
2024-02-06,5.66,5.67,5.51,5.62,125984850,788660669,0.58,-0.5309734513274433,600019.SH
2024-02-07,5.58,5.64,5.52,5.64,122688915,765412780,0.56,0.3558718861209842,600019.SH
2024-02-18,5.64,5.76,5.63,5.75,85018968,544009281,0.39,1.9503546099290947,600019.SH
2024-02-19,5.75,5.89,5.72,5.86,75589724,493435020,0.35,1.9130434782608674,600019.SH
2024-02-20,5.87,5.91,5.81,5.85,73297621,480741248,0.34,-0.17064846416383617,600019.SH
2024-02-21,5.85,5.96,5.82,5.95,56804245,375793119,0.26,1.7094017094017255,600019.SH
2024-02-22,5.95,6.05,5.93,5.95,59883903,401095966,0.27,0.0,600019.SH
2024-02-25,5.96,6.05,5.86,5.88,72212438,478815478,0.33,-1.176470588235301,600019.SH
2024-02-26,5.87,6.0,5.85,5.94,62545018,415264695,0.29,1.0204081632653184,600019.SH
2024-02-27,5.94,5.98,5.89,5.9,56785777,376738593,0.26,-0.6734006734006703,600019.SH
2024-02-28,5.88,5.98,5.88,5.96,67402168,446613327,0.31,1.0169491525423568,600019.SH
2024-02-29,5.95,6.04,5.94,5.97,44815228,300798366,0.21,0.1677852348993314,600019.SH
2024-03-03,5.96,6.02,5.91,5.93,61677158,410110958,0.28,-0.670016750418756,600019.SH
2024-03-04,5.93,6.03,5.9,6.01,63702617,424804450,0.29,1.3490725126475533,600019.SH
2024-03-05,6.01,6.06,5.98,5.99,43110129,290267309,0.2,-0.33277870216305017,600019.SH
2024-03-06,5.97,6.17,5.97,6.11,87864228,600996298,0.4,2.003338898163598,600019.SH
2024-03-07,6.14,6.2,6.08,6.13,62402155,428601748,0.29,0.3273322422258529,600019.SH
2024-03-10,6.12,6.18,6.0,6.07,64901319,441177804,0.3,-0.9787928221859588,600019.SH
2024-03-11,6.06,6.07,5.88,5.9,115395595,764385021,0.53,-2.8006589785831926,600019.SH
2024-03-12,5.9,5.97,5.87,5.9,68034787,450709990,0.31,0.0,600019.SH
2024-03-13,5.91,6.0,5.88,5.9,63580097,421785126,0.29,0.0,600019.SH
2024-03-14,5.87,5.92,5.8,5.87,99462912,652808314,0.46,-0.5084745762711895,600019.SH
2024-03-17,5.9,5.93,5.82,5.92,67842713,447537906,0.31,0.8517887563884052,600019.SH
2024-03-18,5.91,5.97,5.87,5.89,60269200,398941549,0.28,-0.5067567567567655,600019.SH
2024-03-19,5.87,5.93,5.85,5.88,51376065,338280458,0.24,-0.1697792869269965,600019.SH
2024-03-20,5.87,5.9,5.84,5.84,34941170,229689181,0.16,-0.6802721088435382,600019.SH
2024-03-21,5.84,5.86,5.75,5.79,49553069,321645065,0.23,-0.8561643835616417,600019.SH
2024-03-24,5.75,5.87,5.75,5.8,48772545,317957036,0.22,0.17271157167528806,600019.SH
2024-03-25,5.81,5.82,5.74,5.8,41645811,269622957,0.19,0.0,600019.SH
2024-03-26,5.8,5.86,5.78,5.82,51991069,338878782,0.24,0.34482758620690834,600019.SH
2024-03-27,5.81,5.84,5.76,5.78,61272632,397706982,0.28,-0.6872852233676952,600019.SH
2024-03-28,5.78,5.96,5.77,5.93,60620588,400459591,0.28,2.595155709342545,600019.SH
2024-03-31,5.95,5.98,5.88,5.92,51512605,340716863,0.24,-0.1686340640809414,600019.SH
2024-04-01,5.92,6.05,5.9,5.98,55414479,370441374,0.25,1.013513513513531,600019.SH
2024-04-02,5.99,6.03,5.92,5.96,83876844,559865915,0.38,-0.33444816053512794,600019.SH
2024-04-07,5.97,6.07,5.95,5.99,80510747,542730245,0.37,0.5033557046979942,600019.SH
2024-04-08,5.99,6.02,5.85,5.93,66256513,438547663,0.3,-1.00166944908181,600019.SH
2024-04-09,5.91,5.98,5.89,5.93,55037151,365452068,0.25,0.0,600019.SH
2024-04-10,5.9,6.05,5.86,5.98,62924052,420529988,0.29,0.8431703204047292,600019.SH
2024-04-11,5.99,6.06,5.97,6.02,71355198,481168218,0.33,0.6688963210702115,600019.SH
2024-04-14,6.03,6.19,6.0,6.16,104550024,716293969,0.48,2.3255813953488413,600019.SH
2024-04-15,6.16,6.32,6.15,6.25,157610882,1102355721,0.72,1.4610389610389518,600019.SH
2024-04-16,6.23,6.46,6.18,6.44,127820869,905659303,0.58,3.0399999999999983,600019.SH
2024-04-17,6.43,6.59,6.41,6.51,106301706,776721804,0.49,1.086956521739113,600019.SH
2024-04-18,6.48,6.64,6.45,6.57,93120665,686434877,0.43,0.9216589861751334,600019.SH
2024-04-21,6.6,6.68,6.44,6.5,86565666,632929651,0.4,-1.0654490106544956,600019.SH
2024-04-22,6.5,6.5,6.26,6.28,87121575,619074065,0.4,-3.384615384615386,600019.SH
2024-04-23,6.29,6.33,6.24,6.32,48564892,342173501,0.22,0.6369426751592355,600019.SH
2024-04-24,6.32,6.41,6.29,6.35,53612273,381221043,0.25,0.4746835443037778,600019.SH
2024-04-25,6.35,6.43,6.24,6.33,82994614,585156212,0.38,-0.31496062992125706,600019.SH
2024-04-28,6.3,6.33,6.13,6.28,113103875,789287988,0.52,-0.7898894154818259,600019.SH
2024-04-29,6.26,6.36,6.21,6.21,79044050,554982782,0.36,-1.1146496815286677,600019.SH
2024-05-05,6.26,6.33,6.2,6.23,89014314,622512484,0.41,0.32206119162641045,600019.SH
2024-05-06,6.24,6.24,6.09,6.13,88738632,609756409,0.41,-1.605136436597121,600019.SH
2024-05-07,6.11,6.15,6.06,6.11,61148967,417864185,0.28,-0.32626427406198255,600019.SH
2024-05-08,6.11,6.22,6.11,6.21,67009996,462650928,0.31,1.6366612111292866,600019.SH
2024-05-09,6.21,6.3,6.19,6.28,68275355,477743807,0.31,1.1272141706924366,600019.SH
2024-05-12,6.28,6.36,6.2,6.34,76513875,538816653,0.35,0.9554140127388422,600019.SH
2024-05-13,6.32,6.34,6.21,6.21,70038149,489827119,0.32,-2.050473186119872,600019.SH
2024-05-14,6.2,6.24,6.14,6.18,53911161,373192884,0.25,-0.48309178743961567,600019.SH
2024-05-15,6.18,6.28,6.16,6.25,78632119,547880904,0.36,1.1326860841424091,600019.SH
2024-05-16,6.25,6.28,6.16,6.27,64452662,447974791,0.29,0.31999999999998696,600019.SH
2024-05-19,6.26,6.32,6.19,6.26,99993556,699521483,0.46,-0.15948963317383713,600019.SH
2024-05-20,6.25,6.32,6.21,6.25,87704899,614813129,0.4,-0.15974440894568342,600019.SH
2024-05-21,6.25,6.41,6.24,6.33,103890117,738665119,0.48,1.2799999999999923,600019.SH
2024-05-22,6.31,6.32,6.21,6.22,77336843,541624485,0.35,-1.7377567140600347,600019.SH
2024-05-23,6.19,6.25,6.16,6.17,47597255,330565949,0.22,-0.8038585209003135,600019.SH
2024-05-26,6.19,6.27,6.17,6.24,56715687,395019094,0.26,1.1345218800648427,600019.SH
2024-05-27,6.25,6.32,6.21,6.24,61414882,430573504,0.28,0.0,600019.SH
2024-05-28,6.22,6.29,6.17,6.24,48018615,336021829,0.22,0.0,600019.SH
2024-05-29,6.33,6.41,6.22,6.24,117118247,827997622,0.54,0.0,600019.SH
2024-05-30,6.23,6.28,6.16,6.16,73920526,514146272,0.34,-1.2820512820512886,600019.SH
2024-06-02,6.16,6.24,6.12,6.21,80914704,560465036,0.37,0.8116883116883189,600019.SH
2024-06-03,6.19,6.33,6.16,6.32,89602524,629362371,0.41,1.7713365539452575,600019.SH
2024-06-04,6.34,6.37,6.28,6.3,53328881,377391610,0.24,-0.31645569620254443,600019.SH
2024-06-05,6.3,6.37,6.25,6.29,72468231,511834290,0.33,-0.15873015873015817,600019.SH
2024-06-06,6.32,6.32,6.2,6.24,77047924,538922751,0.35,-0.7949125596184436,600019.SH
2024-06-10,6.24,6.24,6.11,6.11,83873255,578113627,0.38,-2.083333333333337,600019.SH
2024-06-11,6.11,6.18,6.06,6.16,72894589,499668497,0.33,0.8183306055646433,600019.SH
2024-06-12,6.21,6.23,6.11,6.12,63245449,422955094,0.29,-0.6493506493506551,600019.SH
2024-06-13,6.12,6.27,6.1,6.26,83678411,563206757,0.38,2.287581699346397,600019.SH
2024-06-16,6.21,6.24,5.95,5.97,139640128,914931358,0.64,-4.63258785942492,600019.SH
2024-06-17,5.96,6.07,5.95,6.04,63525069,416195548,0.29,1.1725293132328396,600019.SH
2024-06-18,6.04,6.16,6.03,6.11,50460493,335003428,0.23,1.1589403973510048,600019.SH
2024-06-19,6.13,6.16,6.09,6.13,32443194,215843470,0.15,0.3273322422258529,600019.SH
2024-06-20,6.14,6.15,6.04,6.05,40888194,270246571,0.19,-1.3050570962479635,600019.SH
2024-06-23,6.04,6.07,6.0,6.04,48390778,317652361,0.22,-0.16528925619834212,600019.SH
2024-06-24,6.04,6.11,6.01,6.06,40385102,266564114,0.18,0.3311258278145601,600019.SH
2024-06-25,6.06,6.12,6.01,6.07,40650438,267834272,0.19,0.16501650165017256,600019.SH
2024-06-26,6.04,6.1,6.03,6.04,41918149,276041186,0.19,-0.49423393739703725,600019.SH
2024-06-27,6.04,6.16,6.03,6.12,53880025,357257167,0.25,1.324503311258285,600019.SH
2024-06-30,6.09,6.24,6.08,6.22,51878802,349213826,0.24,1.6339869281045694,600019.SH
2024-07-01,6.23,6.49,6.22,6.43,84008937,581770111,0.38,3.37620578778135,600019.SH
2024-07-02,6.43,6.49,6.39,6.42,48426453,338622926,0.22,-0.15552099533436836,600019.SH
2024-07-03,6.44,6.48,6.42,6.43,47863320,335372501,0.22,0.15576323987538387,600019.SH
2024-07-04,6.44,6.5,6.35,6.44,59348582,414832055,0.27,0.15552099533437946,600019.SH
2024-07-07,6.47,6.53,6.43,6.5,65344404,460794420,0.3,0.9316770186335255,600019.SH
2024-07-08,6.52,6.53,6.43,6.49,54238462,382800028,0.25,-0.15384615384614886,600019.SH
2024-07-09,6.48,6.5,6.34,6.37,53422736,372144173,0.24,-1.8489984591679498,600019.SH
2024-07-10,6.37,6.42,6.33,6.39,46570756,322338913,0.21,0.31397174254317317,600019.SH
2024-07-11,6.39,6.43,6.35,6.39,39631976,275402940,0.18,0.0,600019.SH
2024-07-14,6.38,6.47,6.37,6.44,43558327,304626816,0.2,0.7824726134585402,600019.SH
2024-07-15,6.41,6.47,6.39,6.45,36059971,252243869,0.16,0.15527950310558758,600019.SH
2024-07-16,6.44,6.49,6.42,6.47,45015811,315907084,0.21,0.31007751937983663,600019.SH
2024-07-17,6.44,6.54,6.39,6.52,61743002,435342794,0.28,0.7727975270479082,600019.SH
2024-07-18,6.52,6.55,6.45,6.5,64674131,457413624,0.3,-0.30674846625766694,600019.SH
2024-07-21,6.52,6.56,6.47,6.54,53795796,380796129,0.25,0.6153846153846176,600019.SH
2024-07-22,6.51,6.53,6.37,6.38,55597708,389133212,0.25,-2.4464831804281384,600019.SH
2024-07-23,6.36,6.43,6.34,6.4,51525617,357990599,0.24,0.31347962382446415,600019.SH
2024-07-24,6.41,6.44,6.29,6.36,54922277,379320889,0.25,-0.6249999999999978,600019.SH
2024-07-25,6.36,6.41,6.26,6.29,58839272,403854238,0.27,-1.1006289308176154,600019.SH
2024-07-28,6.3,6.43,6.28,6.4,49848533,346291051,0.23,1.7488076311605871,600019.SH
2024-07-29,6.42,6.43,6.33,6.38,43367588,300657707,0.2,-0.31250000000000444,600019.SH
2024-07-30,6.39,6.42,6.25,6.26,119344344,815760434,0.55,-1.8808777429467072,600019.SH
2024-07-31,6.26,6.32,6.23,6.27,87445473,597075037,0.4,0.15974440894568342,600019.SH
2024-08-01,6.25,6.27,6.17,6.18,56534013,381578562,0.26,-1.4354066985645897,600019.SH
2024-08-04,6.17,6.17,5.99,6.0,95195306,626510005,0.44,-2.9126213592232997,600019.SH
2024-08-05,6.0,6.11,5.87,5.93,89195154,575631305,0.41,-1.1666666666666714,600019.SH
2024-08-06,5.93,5.94,5.89,5.91,62191931,399664237,0.28,-0.3372681281618828,600019.SH
2024-08-07,5.91,5.91,5.81,5.87,61319241,389982208,0.28,-0.6768189509306244,600019.SH
2024-08-08,5.87,5.91,5.84,5.84,49714823,317318548,0.23,-0.5110732538330498,600019.SH
2024-08-11,5.84,5.85,5.74,5.77,55947929,351178709,0.26,-1.1986301369863117,600019.SH
2024-08-12,5.79,5.8,5.72,5.8,53738165,336296471,0.25,0.5199306759098743,600019.SH
2024-08-13,5.79,5.79,5.63,5.64,69019935,426123005,0.32,-2.758620689655178,600019.SH
2024-08-14,5.61,5.67,5.55,5.65,62587608,382778840,0.29,0.17730496453902678,600019.SH
2024-08-15,5.65,5.68,5.58,5.61,58171682,355645500,0.27,-0.707964601769917,600019.SH
2024-08-18,5.6,5.67,5.59,5.61,57980422,354737011,0.27,0.0,600019.SH
2024-08-19,5.63,5.64,5.52,5.53,65373020,395697359,0.3,-1.4260249554367221,600019.SH
2024-08-20,5.53,5.58,5.49,5.56,71117813,428046069,0.33,0.5424954792043302,600019.SH
2024-08-21,5.56,5.58,5.46,5.49,63085676,377856986,0.29,-1.2589928057553879,600019.SH
2024-08-22,5.48,5.52,5.47,5.5,37673391,225056007,0.17,0.18214936247722413,600019.SH
2024-08-25,5.5,5.53,5.46,5.53,61797633,369028745,0.28,0.5454545454545601,600019.SH
2024-08-26,5.52,5.59,5.49,5.57,61682484,371467353,0.28,0.723327305605781,600019.SH
2024-08-27,5.64,5.64,5.47,5.51,82818415,497325186,0.38,-1.0771992818671583,600019.SH
2024-08-28,5.49,5.5,5.36,5.38,88989956,523079036,0.41,-2.3593466424682408,600019.SH
2024-08-29,5.39,5.54,5.37,5.48,89859655,534914382,0.41,1.858736059479571,600019.SH
2024-09-01,5.47,5.5,5.4,5.46,55579203,329880374,0.25,-0.36496350364964014,600019.SH
2024-09-02,5.47,5.47,5.35,5.4,60480449,355171995,0.28,-1.098901098901095,600019.SH
2024-09-03,5.41,5.41,5.3,5.38,45311875,264105844,0.21,-0.37037037037037646,600019.SH
2024-09-04,5.38,5.4,5.3,5.36,56046142,324812522,0.26,-0.3717472118959009,600019.SH
2024-09-05,5.35,5.44,5.34,5.35,44441339,260228750,0.2,-0.1865671641791189,600019.SH
2024-09-08,5.34,5.35,5.14,5.22,82137666,464664484,0.38,-2.4299065420560706,600019.SH
2024-09-09,5.21,5.24,5.14,5.22,57300705,323409662,0.26,0.0,600019.SH
2024-09-10,5.2,5.21,5.09,5.13,60804989,338523681,0.28,-1.724137931034475,600019.SH
2024-09-11,5.12,5.16,5.1,5.15,41499769,231360814,0.19,0.3898635477582957,600019.SH
2024-09-12,5.14,5.2,5.13,5.13,31700168,177793213,0.15,-0.3883495145631133,600019.SH
2024-09-17,5.12,5.15,5.06,5.13,39757857,220798599,0.18,0.0,600019.SH
2024-09-18,5.15,5.21,5.1,5.15,77141199,431967183,0.35,0.3898635477582957,600019.SH
2024-09-19,5.15,5.21,5.13,5.16,67988198,381674140,0.31,0.19417475728154,600019.SH
2024-09-22,5.16,5.3,5.15,5.26,60803482,345960144,0.28,1.9379844961240345,600019.SH
2024-09-23,5.29,5.53,5.29,5.52,125926399,744466176,0.58,4.942965779467667,600019.SH
2024-09-24,5.67,5.93,5.67,5.78,253123253,1580596336,1.16,4.710144927536253,600019.SH
2024-09-25,5.8,6.01,5.77,5.98,175111351,1108124174,0.8,3.460207612456756,600019.SH
2024-09-26,6.04,6.18,5.9,6.01,113574254,727288504,0.52,0.5016722408026641,600019.SH
2024-09-29,6.24,6.52,6.23,6.5,251096196,1709466774,1.15,8.153078202995001,600019.SH
2024-10-07,7.15,7.15,6.4,6.59,300369627,2150569968,1.37,1.3846153846153841,600019.SH
2024-10-08,6.53,6.53,5.98,5.99,236811859,1562464947,1.08,-9.104704097116834,600019.SH
2024-10-09,5.99,6.52,5.98,6.34,240171018,1609587726,1.1,5.843071786310516,600019.SH
2024-10-10,6.34,6.48,6.2,6.34,149641512,1014978896,0.68,0.0,600019.SH
2024-10-13,6.39,6.64,6.38,6.49,159240558,1103236443,0.73,2.3659305993690927,600019.SH
2024-10-14,6.43,6.51,6.24,6.24,133005329,901646473,0.61,-3.852080123266566,600019.SH
2024-10-15,6.22,6.38,6.18,6.3,111923723,755060240,0.51,0.9615384615384581,600019.SH
2024-10-16,6.32,6.36,6.13,6.13,106553977,707273829,0.49,-2.6984126984127,600019.SH
2024-10-17,6.13,6.23,6.04,6.15,128171822,838036227,0.59,0.32626427406199365,600019.SH
2024-10-20,6.21,6.21,6.06,6.11,100174512,652758766,0.46,-0.6504065040650375,600019.SH
2024-10-21,6.09,6.18,6.07,6.16,75911305,496916071,0.35,0.8183306055646433,600019.SH
2024-10-22,6.18,6.3,6.15,6.23,87304823,581222929,0.4,1.1363636363636465,600019.SH
2024-10-23,6.24,6.25,6.14,6.18,49902863,329455196,0.23,-0.8025682182985716,600019.SH
2024-10-24,6.19,6.22,6.15,6.18,53761090,354417328,0.25,0.0,600019.SH
2024-10-27,6.23,6.51,6.22,6.48,206009825,1417051323,0.94,4.854368932038855,600019.SH
2024-10-28,6.5,6.5,6.33,6.34,109075322,743975945,0.5,-2.1604938271605034,600019.SH
2024-10-29,6.24,6.3,6.1,6.15,123616262,818043930,0.57,-2.9968454258675004,600019.SH
2024-10-30,6.12,6.2,6.04,6.11,97801363,638184752,0.45,-0.6504065040650375,600019.SH
2024-10-31,6.09,6.35,6.07,6.26,142103583,946566455,0.65,2.45499181669393,600019.SH
2024-11-03,6.26,6.29,6.12,6.27,85385859,565142312,0.39,0.15974440894568342,600019.SH
2024-11-04,6.24,6.35,6.23,6.35,89670380,604815586,0.41,1.2759170653907415,600019.SH
2024-11-05,6.37,6.37,6.29,6.36,96450908,651318730,0.44,0.15748031496063408,600019.SH
2024-11-06,6.31,6.51,6.28,6.51,139933580,961660622,0.64,2.3584905660377187,600019.SH
2024-11-07,6.54,6.58,6.34,6.4,116722466,800702727,0.53,-1.6897081413210335,600019.SH
2024-11-10,6.38,6.38,6.21,6.29,94968311,635787519,0.43,-1.7187500000000022,600019.SH
2024-11-11,6.28,6.34,6.2,6.2,81831382,546815190,0.37,-1.4308426073131986,600019.SH
2024-11-12,6.19,6.28,6.19,6.21,66925157,444781102,0.31,0.1612903225806317,600019.SH
2024-11-13,6.22,6.25,6.14,6.14,66801369,441444625,0.31,-1.1272141706924366,600019.SH
2024-11-14,6.13,6.22,6.11,6.17,67918264,448243920,0.31,0.48859934853420217,600019.SH
2024-11-17,6.23,6.49,6.23,6.37,192455019,1316979049,0.88,3.241491085899506,600019.SH
2024-11-18,6.34,6.38,6.22,6.31,97868122,656485353,0.45,-0.9419152276295195,600019.SH
2024-11-19,6.25,6.32,6.24,6.31,57240509,383910248,0.26,0.0,600019.SH
2024-11-20,6.29,6.36,6.29,6.34,54681499,369013201,0.25,0.47543581616482644,600019.SH
2024-11-21,6.33,6.38,6.15,6.15,77096604,514012772,0.35,-2.9968454258675004,600019.SH
2024-11-24,6.17,6.24,6.11,6.15,61202426,403280985,0.28,0.0,600019.SH
2024-11-25,6.15,6.18,6.09,6.11,52612064,343890006,0.24,-0.6504065040650375,600019.SH
2024-11-26,6.11,6.19,6.05,6.19,53945780,352065108,0.25,1.3093289689034338,600019.SH
2024-11-27,6.17,6.25,6.16,6.2,48384343,319946087,0.22,0.1615508885298933,600019.SH
2024-11-28,6.22,6.32,6.2,6.2,70180763,467862525,0.32,0.0,600019.SH
2024-12-01,6.2,6.39,6.2,6.35,116655042,785775922,0.53,2.4193548387096753,600019.SH
2024-12-02,6.37,6.41,6.33,6.39,61502714,418054607,0.28,0.6299212598425141,600019.SH
2024-12-03,6.38,6.44,6.32,6.39,70890334,483132546,0.32,0.0,600019.SH
2024-12-04,6.39,6.41,6.34,6.4,58091273,395434614,0.27,0.15649452269170805,600019.SH
2024-12-05,6.42,6.51,6.4,6.49,94926874,655566893,0.43,1.4062499999999867,600019.SH
2024-12-08,6.49,6.53,6.46,6.51,74949755,520195966,0.34,0.30816640986131016,600019.SH
2024-12-09,6.61,6.64,6.47,6.48,89521505,623728518,0.41,-0.4608294930875445,600019.SH
2024-12-10,6.46,6.57,6.45,6.55,78164451,543786829,0.36,1.0802469135802406,600019.SH
2024-12-11,6.55,6.56,6.43,6.46,84188631,580725164,0.39,-1.3740458015267132,600019.SH
2024-12-12,6.46,6.46,6.32,6.33,100510020,682772709,0.46,-2.0123839009287936,600019.SH
2024-12-15,6.33,6.42,6.28,6.36,72421613,491407562,0.33,0.4739336492890933,600019.SH
2024-12-16,6.35,6.47,6.34,6.43,72731633,497261810,0.33,1.1006289308175932,600019.SH
2024-12-17,6.45,6.64,6.45,6.58,138007685,968718328,0.63,2.3328149300155587,600019.SH
2024-12-18,6.55,6.57,6.46,6.46,71208904,493883240,0.33,-1.823708206686936,600019.SH
2024-12-19,6.48,6.5,6.34,6.35,79057963,539110845,0.36,-1.7027863777089869,600019.SH
2024-12-22,6.35,6.57,6.34,6.55,131246966,912271192,0.6,3.149606299212593,600019.SH
2024-12-23,6.51,6.62,6.5,6.58,79103225,554304145,0.36,0.45801526717557106,600019.SH
2024-12-24,6.6,6.66,6.57,6.66,81977004,579898463,0.38,1.2158054711246313,600019.SH
2024-12-25,6.68,6.7,6.51,6.55,64182681,449811193,0.29,-1.6516516516516533,600019.SH
2024-12-26,6.57,6.64,6.51,6.6,64852276,455245168,0.3,0.7633587786259444,600019.SH
2024-12-29,6.56,6.63,6.52,6.6,57577768,404170604,0.26,0.0,600019.SH
2024-12-30,6.59,6.64,6.53,6.56,59773911,420626278,0.27,-0.60606060606061,600019.SH
2025-01-01,6.55,6.61,6.46,6.49,89251555,621326089,0.41,-1.0670731707317027,600019.SH
2025-01-02,6.49,6.58,6.42,6.45,74877211,518359312,0.34,-0.6163328197226536,600019.SH
2025-01-05,6.46,6.49,6.32,6.48,81032463,553312799,0.37,0.46511627906977715,600019.SH
2025-01-06,6.48,6.48,6.21,6.31,113662899,762978532,0.52,-2.6234567901234684,600019.SH
2025-01-07,6.31,6.32,6.2,6.3,67394369,450221724,0.31,-0.15847860538826808,600019.SH
2025-01-08,6.24,6.26,6.18,6.19,56480399,374287667,0.26,-1.7460317460317398,600019.SH
2025-01-09,6.17,6.2,6.11,6.14,40902114,268234591,0.19,-0.8077544426494443,600019.SH
2025-01-12,6.09,6.1,6.01,6.1,65889294,426640773,0.3,-0.6514657980456029,600019.SH
2025-01-13,6.12,6.19,6.08,6.17,51227225,335942401,0.23,1.1475409836065653,600019.SH
2025-01-14,6.17,6.28,6.15,6.26,61910905,411646620,0.284,1.4586709886547755,600019.SH
2025-01-15,6.28,6.35,6.24,6.35,53426709,359520645,0.245,1.437699680511173,600019.SH
2025-01-16,6.32,6.34,6.16,6.19,72650099,481501497,0.334,-2.5196850393700676,600019.SH
2025-01-19,6.2,6.24,6.15,6.17,55528939,367472959,0.255,-0.3231017770597866,600019.SH
2025-01-20,6.2,6.2,6.04,6.05,70530114,458029345,0.324,-1.944894651539708,600019.SH
2025-01-21,6.05,6.18,6.01,6.14,63451579,413927407,0.291,1.4876033057851235,600019.SH
2025-01-22,6.18,6.24,6.12,6.15,65916370,434093786,0.303,0.16286644951140072,600019.SH
2025-01-23,6.16,6.44,6.14,6.39,124461175,838967652,0.571,3.902439024390225,600019.SH
2025-01-26,6.38,6.58,6.37,6.57,121403004,846803064,0.557,2.8169014084507227,600019.SH
2025-02-04,6.56,6.56,6.26,6.3,100088764,678535006,0.46,-4.109589041095896,600019.SH
2025-02-05,6.3,6.36,6.26,6.28,59352464,398507792,0.272,-0.31746031746030523,600019.SH
2025-02-06,6.28,6.52,6.26,6.51,109027030,746697338,0.501,3.6624203821655987,600019.SH
2025-02-09,6.51,6.63,6.42,6.47,84090179,581188583,0.386,-0.6144393241167445,600019.SH
2025-02-10,6.47,6.55,6.43,6.46,58163845,402213978,0.267,-0.1545595054095794,600019.SH
2025-02-11,6.47,6.49,6.35,6.42,48973895,334463467,0.225,-0.6191950464396245,600019.SH
2025-02-12,6.42,6.47,6.42,6.42,40534952,278640334,0.186,0.0,600019.SH
2025-02-13,6.42,6.44,6.34,6.37,46051080,312997532,0.211,-0.7788161993769416,600019.SH
2025-02-16,6.37,6.4,6.33,6.34,45741321,310041800,0.21,-0.47095761381475976,600019.SH
2025-02-17,6.33,6.38,6.28,6.32,58562001,395404890,0.269,-0.3154574132492094,600019.SH
2025-02-18,6.31,6.34,6.2,6.23,81241667,541053858,0.373,-1.424050632911389,600019.SH
2025-02-19,6.21,6.26,6.17,6.23,50733289,336440203,0.233,0.0,600019.SH
2025-02-20,6.23,6.29,6.17,6.29,89660351,595947015,0.412,0.9630818619582593,600019.SH
2025-02-23,6.28,6.34,6.25,6.3,60977731,409370265,0.28,0.15898251192367763,600019.SH
2025-02-24,6.28,6.32,6.2,6.21,51041864,341170108,0.234,-1.4285714285714235,600019.SH
2025-02-25,6.23,6.52,6.23,6.5,167335720,1148395343,0.768,4.669887278582929,600019.SH
2025-02-26,6.55,6.64,6.43,6.64,181620801,1271314200,0.834,2.1538461538461506,600019.SH
2025-02-27,6.64,6.69,6.6,6.64,116898643,829149601,0.537,0.0,600019.SH
2025-03-02,6.64,6.86,6.64,6.81,142688641,1032596816,0.655,2.5602409638554313,600019.SH
2025-03-03,6.79,6.87,6.74,6.8,69691628,506575648,0.32,-0.1468428781204123,600019.SH
2025-03-04,6.81,6.9,6.71,6.89,87397307,635994438,0.401,1.3235294117647012,600019.SH
2025-03-05,6.89,6.92,6.77,6.91,103040559,751706678,0.473,0.2902757619738905,600019.SH
2025-03-06,6.9,7.08,6.89,7.03,129508573,969706567,0.595,1.736613603473236,600019.SH
2025-03-09,7.05,7.05,6.85,6.92,77994476,575053509,0.358,-1.5647226173541973,600019.SH
2025-03-10,6.9,7.04,6.83,7.04,67335847,499120881,0.309,1.7341040462427681,600019.SH
2025-03-11,7.04,7.12,6.95,7.01,72799811,546345322,0.334,-0.42613636363636465,600019.SH
2025-03-12,7.05,7.08,6.93,7.08,58057782,433432778,0.267,0.9985734664764712,600019.SH
2025-03-13,7.09,7.12,6.94,6.98,81816884,610316351,0.376,-1.412429378531066,600019.SH
2025-03-16,6.99,7.09,6.97,7.02,62607536,469834495,0.287,0.5730659025787732,600019.SH
2025-03-17,7.03,7.03,6.84,6.94,59445559,440156975,0.273,-1.1396011396011319,600019.SH
2025-03-18,6.94,6.97,6.82,6.84,39894062,292235816,0.183,-1.4409221902017322,600019.SH
2025-03-19,6.85,6.99,6.78,6.92,65608897,482445981,0.301,1.1695906432748648,600019.SH
2025-03-20,6.92,7.07,6.92,7.04,93661177,703466052,0.43,1.7341040462427681,600019.SH
2025-03-23,7.04,7.1,6.98,7.06,56103274,422498615,0.258,0.28409090909089496,600019.SH
2025-03-24,7.08,7.17,6.99,7.06,49874321,375355794,0.229,0.0,600019.SH
2025-03-25,7.03,7.06,6.91,6.97,55001293,408140278,0.253,-1.2747875354107596,600019.SH
2025-03-26,6.96,7.01,6.94,6.95,32040387,238010456,0.147,-0.2869440459110417,600019.SH
2025-03-27,6.96,6.97,6.86,6.87,40196769,295427193,0.185,-1.151079136690647,600019.SH
2025-03-30,6.84,6.87,6.71,6.75,68489071,494857243,0.314,-1.7467248908296984,600019.SH
2025-03-31,6.79,6.91,6.74,6.86,50831339,371084734,0.233,1.6296296296296253,600019.SH
2025-04-01,6.76,6.86,6.75,6.78,36921279,268214542,0.17,-1.1661807580174988,600019.SH
2025-04-02,6.75,6.85,6.73,6.8,34460170,250025129,0.158,0.2949852507374562,600019.SH
2025-04-06,6.65,6.66,6.12,6.27,158354652,1076440001,0.727,-7.79411764705883,600019.SH
2025-04-07,6.22,6.44,6.22,6.36,120937178,819693492,0.555,1.435406698564612,600019.SH
2025-04-08,6.36,6.4,6.21,6.4,103008747,691945445,0.473,0.6289308176100628,600019.SH
2025-04-09,6.43,6.47,6.34,6.34,94567843,644574218,0.434,-0.9375000000000022,600019.SH
2025-04-10,6.34,6.37,6.27,6.35,52400674,353296716,0.241,0.1577287066246047,600019.SH
2025-04-13,6.37,6.41,6.34,6.38,50297753,341873521,0.231,0.47244094488190225,600019.SH
2025-04-14,6.38,6.39,6.28,6.32,70178495,472920448,0.322,-0.940438871473348,600019.SH
2025-04-15,6.32,6.35,6.24,6.35,81171472,545317716,0.373,0.4746835443037778,600019.SH
2025-04-16,6.31,6.34,6.24,6.26,70588796,473154894,0.324,-1.4173228346456623,600019.SH
2025-04-17,6.26,6.37,6.24,6.35,50123233,337083747,0.23,1.437699680511173,600019.SH
2025-04-20,6.34,6.41,6.28,6.29,57639795,388809577,0.265,-0.9448818897637712,600019.SH
2025-04-21,6.29,6.29,6.19,6.2,93479263,620372100,0.429,-1.4308426073131986,600019.SH
2025-04-22,6.21,6.22,6.11,6.12,113884990,746006559,0.523,-1.2903225806451646,600019.SH
2025-04-23,6.12,6.17,6.09,6.11,56579814,369638733,0.26,-0.16339869281045694,600019.SH
2025-04-24,6.12,6.25,6.1,6.22,89927373,594407125,0.413,1.8003273322422242,600019.SH
2025-04-27,6.28,6.62,6.26,6.49,226895743,1576630012,1.042,4.3408360128617485,600019.SH
2025-04-28,6.49,6.58,6.46,6.49,61638762,427289038,0.283,0.0,600019.SH
2025-04-29,6.5,6.5,6.37,6.41,64113729,438710842,0.294,-1.2326656394452962,600019.SH
2025-05-05,6.42,6.51,6.34,6.46,70509802,484582794,0.324,0.7800312012480548,600019.SH
2025-05-06,6.53,6.54,6.43,6.51,50278835,347373247,0.231,0.7739938080495223,600019.SH
2025-05-07,6.48,6.53,6.44,6.45,48499977,335280297,0.223,-0.9216589861751112,600019.SH
2025-05-08,6.46,6.5,6.43,6.49,46398753,320551385,0.213,0.6201550387596955,600019.SH
2025-05-11,6.49,6.51,6.44,6.48,53492353,369384457,0.246,-0.15408320493065508,600019.SH
2025-05-12,6.49,6.64,6.49,6.54,83861978,588422124,0.385,0.92592592592593,600019.SH
2025-05-13,6.55,6.59,6.51,6.57,38010893,265763883,0.175,0.4587155963302836,600019.SH
2025-05-14,6.56,6.59,6.52,6.53,31684823,221446914,0.145,-0.60882800608828,600019.SH
2025-05-15,6.52,6.54,6.45,6.52,41928403,291176601,0.192,-0.15313935681471325,600019.SH
2025-05-18,6.51,6.54,6.47,6.53,31645782,219680429,0.145,0.15337423312884457,600019.SH
2025-05-19,6.53,6.58,6.49,6.5,32850568,228667552,0.151,-0.45941807044410643,600019.SH
2025-05-20,6.5,6.57,6.46,6.51,60709626,421870739,0.279,0.15384615384614886,600019.SH
2025-05-21,6.5,6.52,6.4,6.43,70091856,481653493,0.322,-1.228878648233489,600019.SH
2025-05-22,6.44,6.56,6.43,6.43,59615426,412643543,0.274,0.0,600019.SH
2025-05-25,6.42,6.45,6.37,6.37,40723815,278071773,0.187,-0.9331259720062102,600019.SH
2025-05-26,6.37,6.38,6.29,6.3,43941934,296740450,0.202,-1.098901098901106,600019.SH
2025-05-27,6.31,6.32,6.25,6.25,39116692,261843658,0.18,-0.7936507936507908,600019.SH
2025-05-28,6.25,6.29,6.23,6.27,49070936,328071333,0.225,0.31999999999998696,600019.SH
2025-05-29,6.26,6.36,6.26,6.32,54475236,366724623,0.25,0.797448165869219,600019.SH
2025-06-02,6.3,6.3,6.16,6.17,133847544,884878280,0.614,-2.373417721518989,600019.SH
2025-06-03,6.2,6.27,6.18,6.26,80513730,535942601,0.37,1.4586709886547755,600019.SH
2025-06-04,6.28,6.3,6.2,6.22,46617757,309957911,0.214,-0.6389776357827448,600019.SH
2025-06-05,6.23,6.29,6.22,6.23,52284699,348682020,0.24,0.1607717041800738,600019.SH
2025-06-08,6.25,6.27,6.22,6.25,43641140,290793871,0.2,0.32102728731941976,600019.SH
2025-06-09,6.25,6.3,6.22,6.26,53783923,359487530,0.247,0.16000000000000458,600019.SH
2025-06-10,6.29,6.4,6.26,6.37,66093425,441504170,0.303,1.757188498402562,600019.SH
2025-06-11,6.37,6.41,6.34,6.41,48883303,328199210,0.224,0.6279434850863463,600019.SH
2025-06-12,6.4,6.41,6.35,6.4,66823230,447520321,0.307,-0.15600624024960652,600019.SH
2025-06-15,6.38,6.39,6.3,6.32,51178156,340920924,0.235,-1.2499999999999956,600019.SH
2025-06-16,6.32,6.36,6.28,6.32,40002955,265434499,0.184,0.0,600019.SH
2025-06-17,6.32,6.34,6.26,6.29,37905462,250653379,0.174,-0.4746835443038,600019.SH
2025-06-18,6.29,6.31,6.16,6.17,84128236,548012817,0.386,-1.9077901430842648,600019.SH
2025-06-19,6.17,6.29,6.17,6.26,62871608,412941771,0.289,1.4586709886547755,600019.SH
2025-06-22,6.24,6.24,6.15,6.16,75568939,490639050,0.347,-1.5974440894568676,600019.SH
2025-06-23,6.17,6.23,6.17,6.22,56779456,370213327,0.261,0.9740259740259605,600019.SH
2025-06-24,6.22,6.28,6.2,6.27,45805550,300545385,0.21,0.8038585209003246,600019.SH
2025-06-25,6.26,6.29,6.23,6.23,43135121,283503292,0.198,-0.6379585326953596,600019.SH
2025-06-26,6.24,6.32,6.23,6.25,59326208,390850207,0.272,0.32102728731941976,600019.SH
2025-06-29,6.26,6.31,6.24,6.27,56925645,375672447,0.261,0.31999999999998696,600019.SH
2025-06-30,6.27,6.3,6.24,6.28,47587488,313970428,0.218,0.15948963317384823,600019.SH
2025-07-01,6.28,6.57,6.27,6.57,179506587,1215637766,0.824,4.617834394904463,600019.SH
2025-07-02,6.57,6.67,6.45,6.63,133885738,926804294,0.615,0.9132420091324089,600019.SH
2025-07-03,6.66,6.81,6.63,6.76,133111985,943434705,0.611,1.9607843137254832,600019.SH
2025-07-06,6.73,6.88,6.69,6.85,87113354,624724634,0.4,1.3313609467455523,600019.SH
2025-07-07,6.85,6.89,6.77,6.81,61516658,441007313,0.282,-0.583941605839422,600019.SH
2025-07-08,6.8,6.85,6.7,6.71,68437816,485052744,0.314,-1.468428781204112,600019.SH
2025-07-09,6.71,6.77,6.67,6.67,73540803,518925612,0.338,-0.5961251862891204,600019.SH
2025-07-10,6.69,6.84,6.67,6.67,119125328,845108394,0.547,0.0,600019.SH
2025-07-13,6.7,6.84,6.7,6.73,79043620,563037715,0.363,0.8995502248875686,600019.SH
2025-07-14,6.74,6.78,6.65,6.71,62057866,437797577,0.285,-0.2971768202080338,600019.SH
2025-07-15,6.7,6.73,6.58,6.6,59766069,416671489,0.274,-1.6393442622950838,600019.SH
2025-07-16,6.6,6.71,6.57,6.7,67394481,472375391,0.309,1.5151515151515138,600019.SH
2025-07-17,6.71,6.79,6.7,6.76,53801452,381750229,0.247,0.8955223880596996,600019.SH
2025-07-20,6.84,7.08,6.83,7.0,125236758,920021214,0.575,3.5502958579881616,600019.SH
2025-07-21,7.06,7.29,7.02,7.25,155508651,1169894317,0.714,3.571428571428581,600019.SH
2025-07-22,7.27,7.3,7.1,7.15,134656694,1017157251,0.618,-1.3793103448275779,600019.SH
2025-07-23,7.08,7.15,6.98,7.15,80817136,602374619,0.371,0.0,600019.SH
2025-07-24,7.16,7.17,7.06,7.08,82179480,614086758,0.377,-0.9790209790209836,600019.SH
2025-07-27,7.04,7.05,6.85,6.93,103477532,752395637,0.475,-2.1186440677966156,600019.SH
2025-07-28,6.93,7.16,6.93,7.12,91850088,680569199,0.422,2.741702741702756,600019.SH
2025-07-29,7.13,7.42,7.13,7.18,145945108,1115594565,0.67,0.8426966292134797,600019.SH
2025-07-30,7.14,7.17,6.88,6.98,120858227,884751046,0.555,-2.785515320334253,600019.SH
2025-07-31,6.96,7.04,6.93,6.94,66678853,488306937,0.306,-0.5730659025787954,600019.SH
2025-08-03,6.91,6.97,6.89,6.95,64837087,471903022,0.298,0.14409221902016434,600019.SH
2025-08-04,6.96,7.03,6.93,6.96,62226801,456519261,0.286,0.14388489208632116,600019.SH
2025-08-05,6.98,7.02,6.95,6.98,51235301,376199923,0.235,0.287356321839094,600019.SH
2025-08-06,6.99,7.0,6.92,6.98,75660360,554253661,0.347,0.0,600019.SH
2025-08-07,6.97,7.16,6.96,7.11,70552738,525791730,0.324,1.8624641833810962,600019.SH
2025-08-10,7.14,7.16,6.95,6.96,93593126,689118552,0.43,-2.1097046413502185,600019.SH
2025-08-11,6.96,6.99,6.83,6.85,83034249,602075184,0.381,-1.5804597701149503,600019.SH
2025-08-12,6.87,6.96,6.84,6.84,84843535,614314492,0.39,-0.14598540145984717,600019.SH
2025-08-13,6.86,6.89,6.83,6.84,67678606,487309490,0.311,0.0,600019.SH
2025-08-14,6.83,6.86,6.78,6.78,71305033,511751632,0.327,-0.877192982456132,600019.SH
2025-08-17,6.8,6.84,6.74,6.74,87414525,623055023,0.401,-0.5899705014749235,600019.SH
2025-08-18,6.75,6.84,6.75,6.76,71647495,510625669,0.3289,0.29673590504450953,600019.SH
2025-08-19,6.74,6.82,6.71,6.81,67637819,482186258,0.3105,0.7396449704141883,600019.SH
2025-08-20,6.83,6.86,6.8,6.84,58207551,417720423,0.2672,0.4405286343612369,600019.SH
2025-08-21,6.83,6.84,6.72,6.8,83312470,591903399,0.3825,-0.5847953216374324,600019.SH
2025-08-24,6.82,6.96,6.8,6.91,117662238,851250123,0.5402,1.6176470588235237,600019.SH
2025-08-25,6.88,6.9,6.79,6.86,74835271,537229506,0.3436,-0.723589001447178,600019.SH
2025-08-26,6.85,6.88,6.69,6.69,122554453,872179668,0.5626,-2.478134110787167,600019.SH
2025-08-27,6.66,6.68,6.57,6.68,133571838,929151499,0.6132,-0.1494768310911887,600019.SH
2025-08-28,6.66,6.87,6.58,6.59,257202611,1812443729,1.1808,-1.3473053892215536,600019.SH
2025-08-31,6.61,6.69,6.52,6.56,186797077,1290849981,0.8576,-0.4552352048558417,600019.SH
2025-09-01,6.57,6.8,6.53,6.75,194387461,1365171741,0.8924,2.8963414634146423,600019.SH
2025-09-02,6.76,6.83,6.74,6.78,119956554,855732968,0.5507,0.4444444444444473,600019.SH
2025-09-03,6.76,6.76,6.57,6.7,116863536,815437036,0.5365,-1.179941002949858,600019.SH
2025-09-04,6.66,6.69,6.57,6.63,111276580,772813978,0.5109,-1.0447761194029903,600019.SH
2025-09-07,6.61,6.73,6.59,6.68,148597315,1040083088,0.6822,0.7541478129713397,600019.SH
2025-09-08,6.66,6.86,6.64,6.73,115174491,819669847,0.5288,0.7485029940119903,600019.SH
2025-09-09,6.7,6.72,6.58,6.6,92937544,646478545,0.4267,-1.9316493313521699,600019.SH
2025-09-10,6.6,6.73,6.59,6.72,95050610,666315661,0.4364,1.81818181818183,600019.SH
2025-09-11,6.73,6.85,6.63,6.69,185923380,1314434402,0.8536,-0.44642857142855874,600019.SH
2025-09-14,6.66,6.7,6.61,6.67,101241554,707044878,0.4648,-0.2989536621823663,600019.SH
2025-09-15,6.67,6.76,6.55,6.59,139710919,968604663,0.6414,-1.199400299850073,600019.SH
2025-09-16,6.57,6.69,6.55,6.58,142538263,990718513,0.6544,-0.15174506828528056,600019.SH
2025-09-17,6.59,6.6,6.5,6.53,129868498,894619891,0.5962,-0.7598784194528863,600019.SH
2025-09-18,6.53,6.63,6.51,6.57,118395665,818173639,0.5435,0.6125574272588086,600019.SH
2025-09-21,6.57,6.62,6.51,6.62,94852953,653831553,0.4355,0.7610350076103556,600019.SH
2025-09-22,6.59,6.63,6.52,6.58,84851226,585484781,0.3895,-0.6042296072507614,600019.SH
2025-09-23,6.59,6.66,6.53,6.64,79570268,542811442,0.3653,0.911854103343468,600019.SH
2025-09-24,6.63,6.65,6.56,6.57,64773759,441092944,0.2974,-1.0542168674698704,600019.SH
2025-09-25,6.57,6.8,6.56,6.74,139920443,970159332,0.6424,2.5875190258751957,600019.SH
2025-09-28,6.73,6.78,6.62,6.77,93068603,642906247,0.4273,0.4451038575667532,600019.SH
2025-09-29,6.76,6.86,6.71,6.85,106094939,745348841,0.4871,1.1816838995568624,600019.SH
2025-10-08,6.89,7.02,6.72,6.95,176770838,1258023902,0.8115,1.4598540145985384,600019.SH
2025-10-09,6.89,7.11,6.87,7.03,170612872,1240571849,0.7833,1.151079136690658,600019.SH
2025-10-12,6.9,7.09,6.85,7.05,149693348,1080046762,0.6872,0.2844950213371167,600019.SH
2025-10-13,7.1,7.13,6.96,6.99,96197425,698743379,0.4416,-0.8510638297872242,600019.SH
2025-10-14,7.0,7.09,6.95,7.02,97740100,708351141,0.4487,0.42918454935620964,600019.SH
2025-10-15,7.0,7.02,6.89,6.92,76730140,549993296,0.3523,-1.4245014245014231,600019.SH
2025-10-16,6.95,7.04,6.89,6.92,92658715,665674792,0.4254,0.0,600019.SH
2025-10-19,6.91,6.94,6.86,6.93,63376757,452150452,0.291,0.14450867052022698,600019.SH
2025-10-20,6.94,6.98,6.89,6.93,61739741,442265271,0.2834,0.0,600019.SH
2025-10-21,6.92,6.96,6.89,6.94,42340710,303260292,0.1944,0.14430014430015792,600019.SH
2025-10-22,6.93,7.01,6.89,6.99,60499397,434847229,0.2777,0.7204610951008661,600019.SH
2025-10-23,6.99,7.0,6.87,6.91,73339488,523848101,0.3367,-1.1444921316165924,600019.SH
2025-10-26,6.92,7.11,6.9,7.04,120662401,876804761,0.554,1.8813314037626538,600019.SH
2025-10-27,7.03,7.03,6.87,6.88,95243689,682431762,0.4373,-2.2727272727272707,600019.SH
2025-10-28,6.89,6.9,6.81,6.86,74764765,528162037,0.3432,-0.29069767441859407,600019.SH
2025-10-29,6.9,7.08,6.88,7.01,136732232,988269339,0.6277,2.186588921282784,600019.SH
2025-10-30,7.07,7.31,7.05,7.14,205427407,1525613071,0.9431,1.854493580599148,600019.SH
2025-11-02,7.14,7.38,7.14,7.33,163125025,1230900521,0.7489,2.661064425770321,600019.SH
2025-11-03,7.33,7.43,7.23,7.27,99429101,751887162,0.4565,-0.8185538881309795,600019.SH
2025-11-04,7.24,7.27,7.18,7.24,65002412,485976979,0.2984,-0.4126547455295615,600019.SH
2025-11-05,7.24,7.5,7.23,7.49,143515163,1100003497,0.6589,3.4530386740331487,600019.SH
2025-11-06,7.47,7.56,7.38,7.41,85592644,656956524,0.3929,-1.0680907877169576,600019.SH
2025-11-09,7.43,7.43,7.29,7.37,72346751,548468474,0.3321,-0.5398110661268607,600019.SH
2025-11-10,7.38,7.43,7.3,7.4,75938167,577840960,0.3486,0.4070556309362372,600019.SH
2025-11-11,7.41,7.54,7.38,7.48,97846420,755879143,0.4492,1.0810810810810922,600019.SH
2025-11-12,7.5,7.58,7.37,7.51,90961513,701547734,0.4176,0.40106951871656804,600019.SH
2025-11-13,7.48,7.58,7.42,7.43,70889328,548303009,0.3254,-1.0652463382157085,600019.SH
2025-11-16,7.43,7.47,7.33,7.42,77552740,592553632,0.356,-0.1345895020188448,600019.SH
2025-11-17,7.43,7.45,7.25,7.28,80715570,610216445,0.3706,-1.8867924528301883,600019.SH
2025-11-18,7.26,7.3,7.17,7.23,72265659,538967995,0.3318,-0.6868131868131844,600019.SH
2025-11-19,7.22,7.31,7.22,7.23,49535036,371246194,0.2274,0.0,600019.SH
2025-11-20,7.18,7.21,7.03,7.04,124840200,915176375,0.5731,-2.627939142461966,600019.SH
2025-11-23,7.05,7.12,6.91,6.94,137124756,990022332,0.6295,-1.4204545454545414,600019.SH
2025-11-24,6.96,6.98,6.87,6.93,89193875,638311094,0.4095,-0.14409221902018654,600019.SH
2025-11-25,6.94,7.02,6.94,6.96,83583438,603444987,0.3837,0.43290043290042934,600019.SH
2025-11-26,6.97,7.03,6.9,6.96,52703922,379586155,0.242,0.0,600019.SH
2025-11-27,6.96,7.04,6.92,7.02,63281367,457642493,0.2905,0.8620689655172376,600019.SH
2025-11-30,7.02,7.06,6.95,7.01,90406242,651788054,0.415,-0.14245014245013454,600019.SH
2025-12-01,7.01,7.09,6.99,7.06,81416442,591863214,0.3738,0.7132667617689048,600019.SH
2025-12-02,7.04,7.2,7.01,7.13,78692606,579970082,0.3613,0.9915014164306069,600019.SH
2025-12-03,7.16,7.17,7.0,7.04,64206192,467390647,0.2948,-1.2622720897615736,600019.SH
2025-12-04,7.02,7.12,7.0,7.1,51152632,372906289,0.2348,0.8522727272727293,600019.SH
2025-12-07,7.09,7.11,6.93,6.95,116900964,841647101,0.5367,-2.1126760563380254,600019.SH
2025-12-08,6.92,6.93,6.84,6.86,94528855,670503683,0.434,-1.2949640287769792,600019.SH
2025-12-09,6.85,6.93,6.79,6.92,90930808,644121925,0.4175,0.8746355685131046,600019.SH
2025-12-10,6.91,6.92,6.82,6.86,89095602,631177122,0.409,-0.8670520231213841,600019.SH
2025-12-11,6.86,6.96,6.8,6.96,194708159,1386581781,0.8939,1.4577259475218707,600019.SH
2025-12-14,6.92,6.98,6.82,6.83,129514126,922380404,0.5946,-1.867816091954022,600019.SH
2025-12-15,6.84,6.86,6.79,6.84,76912294,541925270,0.3531,0.14641288433381305,600019.SH
2025-12-16,6.85,6.92,6.78,6.88,83189996,588498585,0.3819,0.5847953216374213,600019.SH
2025-12-17,6.88,6.97,6.86,6.96,73256348,524786108,0.3363,1.1627906976744207,600019.SH
2025-12-18,6.94,7.05,6.91,6.98,64382386,464649996,0.2956,0.287356321839094,600019.SH
2025-12-21,7.02,7.04,6.97,6.99,61499038,444553337,0.2823,0.14326647564468775,600019.SH
2025-12-22,6.98,6.99,6.92,6.93,48851960,350475537,0.2243,-0.8583690987124526,600019.SH
2025-12-23,6.93,6.97,6.89,6.96,43408260,311081539,0.1993,0.43290043290042934,600019.SH
2025-12-24,6.96,7.01,6.91,6.95,45082374,324205296,0.207,-0.1436781609195359,600019.SH
2025-12-25,6.96,7.14,6.95,7.12,96754666,704844493,0.4442,2.446043165467615,600019.SH
2025-12-28,7.1,7.3,7.08,7.2,128536352,960220473,0.5901,1.1235955056179803,600019.SH
2025-12-29,7.19,7.26,7.14,7.17,56295890,418736627,0.2585,-0.4166666666666652,600019.SH
2025-12-30,7.17,7.27,7.16,7.21,54374565,405572179,0.2496,0.557880055788007,600019.SH
2026-01-04,7.25,7.26,7.02,7.05,106168349,775873615,0.4874,-2.219140083217752,600019.SH
2026-01-05,7.05,7.13,7.02,7.12,90502000,661498549,0.4155,0.9929078014184523,600019.SH
2026-01-06,7.08,7.17,7.01,7.03,116107586,844738971,0.533,-1.2640449438202195,600019.SH
2026-01-07,7.01,7.16,6.93,7.1,106470055,777171128,0.4888,0.9957325746799306,600019.SH
2026-01-08,7.1,7.15,7.02,7.05,95038024,692445086,0.4363,-0.7042253521126751,600019.SH
2026-01-11,7.07,7.18,7.06,7.1,100440279,737816768,0.4611,0.7092198581560183,600019.SH
2026-01-12,7.12,7.14,7.03,7.04,99561947,728054668,0.4571,-0.8450704225352101,600019.SH
2026-01-13,7.04,7.07,6.92,6.95,134642654,973365526,0.6181,-1.278409090909094,600019.SH
2026-01-14,6.95,6.97,6.86,6.87,106289896,758760073,0.488,-1.151079136690647,600019.SH
2026-01-15,6.9,6.93,6.78,6.78,122684789,867028611,0.5632,-1.3100436681222738,600019.SH
2026-01-18,6.8,6.92,6.79,6.91,109964745,780831574,0.5048,1.9174041297935096,600019.SH
2026-01-19,6.92,7.03,6.9,7.03,142466675,1027928858,0.6541,1.736613603473236,600019.SH
2026-01-20,7.0,7.03,6.93,6.98,94931049,683605790,0.4358,-0.7112375533428139,600019.SH
2026-01-21,6.99,7.1,6.95,7.04,123596404,899211729,0.5674,0.8595988538681931,600019.SH
2026-01-22,7.06,7.07,6.98,7.01,97505511,706322249,0.4476,-0.42613636363636465,600019.SH
2026-01-25,7.04,7.15,7.02,7.07,159359166,1166959901,0.7316,0.8559201141226991,600019.SH
2026-01-26,7.08,7.12,6.92,6.93,127016308,918907733,0.5831,-1.980198019801993,600019.SH
2026-01-27,6.93,7.2,6.89,7.07,247749118,1809984346,1.1374,2.020202020202033,600019.SH
2026-01-28,7.08,7.17,6.97,7.14,293336248,2130764844,1.3467,0.990099009900991,600019.SH
2026-01-29,7.06,7.16,6.92,7.07,189252252,1380682031,0.8688,-0.9803921568627416,600019.SH
2026-02-01,7.03,7.05,6.73,6.73,254330284,1802534854,1.1676,-4.809052333804809,600019.SH
2026-02-02,6.78,6.82,6.7,6.8,130957908,914616467,0.6012,1.0401188707280795,600019.SH
2026-02-03,6.78,6.99,6.77,6.99,157324271,1124177177,0.7223,2.794117647058836,600019.SH
2026-02-04,6.96,7.04,6.86,6.89,114952143,822607700,0.5277,-1.4306151645207543,600019.SH
2026-02-05,6.86,6.96,6.84,6.87,86421683,615831844,0.3968,-0.2902757619738683,600019.SH
2026-02-08,6.94,7.02,6.88,6.89,115647471,829103871,0.5309,0.29112081513826826,600019.SH
2026-02-09,6.89,6.89,6.79,6.84,88178973,623258433,0.4048,-0.7256894049346818,600019.SH
2026-02-10,6.84,6.97,6.81,6.95,117379341,838301299,0.5389,1.6081871345029253,600019.SH
2026-02-11,6.94,6.96,6.87,6.89,93347850,666037144,0.4286,-0.8633093525179936,600019.SH
2026-02-12,6.87,6.88,6.7,6.7,194945900,1360328407,0.895,-2.757619738751804,600019.SH
2026-02-23,6.77,6.81,6.73,6.79,100861925,705450652,0.463,1.3432835820895495,600019.SH
2026-02-24,6.78,7.12,6.76,6.8,550851272,3921849123,2.5289,0.14727540500736325,600019.SH
2026-02-25,6.84,6.97,6.83,6.84,220699678,1567567662,1.0132,0.588235294117645,600019.SH
2026-02-26,6.84,7.01,6.81,6.97,316744034,2267434069,1.4541,1.9005847953216248,600019.SH
2026-03-01,6.92,7.1,6.89,7.08,269976147,1956121781,1.2394,1.5781922525107683,600019.SH
2026-03-02,7.03,7.11,6.94,6.95,203160022,1472081527,0.9327,-1.836158192090398,600019.SH
2026-03-03,6.93,7.0,6.84,6.87,161845318,1151654640,0.743,-1.151079136690647,600019.SH
2026-03-04,6.91,6.96,6.86,6.89,137914121,982884088,0.6332,0.29112081513826826,600019.SH
2026-03-05,6.88,6.89,6.8,6.87,132856409,939942644,0.6099,-0.2902757619738683,600019.SH
2026-03-08,6.82,6.91,6.8,6.83,162842736,1150747879,0.7476,-0.5822416302765698,600019.SH
2026-03-09,6.85,6.87,6.76,6.78,176050125,1235225446,0.8082,-0.7320644216691097,600019.SH
2026-03-10,6.79,6.83,6.72,6.82,117793042,823415644,0.5408,0.5899705014749346,600019.SH
2026-03-11,6.81,6.89,6.78,6.86,147270722,1042583787,0.6761,0.5865102639296182,600019.SH
2026-03-12,6.87,6.95,6.86,6.88,157311005,1123509954,0.7222,0.2915451895043608,600019.SH
2026-03-15,6.89,6.91,6.64,6.66,298418243,2071165836,1.37,-3.1976744186046457,600019.SH
2026-03-16,6.67,6.76,6.62,6.62,187360393,1296250608,0.8602,-0.6006006006005982,600019.SH
2026-03-17,6.62,6.64,6.45,6.51,176224564,1185866093,0.809,-1.6616314199395799,600019.SH
2026-03-18,6.45,6.49,6.37,6.38,114324595,757658026,0.5249,-1.9969278033794113,600019.SH
2026-03-19,6.38,6.43,6.32,6.36,98924825,650925350,0.4542,-0.31347962382444194,600019.SH
2026-03-22,6.29,6.31,6.01,6.05,172844382,1094225464,0.7935,-4.874213836477992,600019.SH
2026-03-23,6.14,6.22,6.08,6.19,124807808,793501543,0.573,2.3140495867768784,600019.SH
2026-03-24,6.2,6.25,6.16,6.22,84493105,542152267,0.3879,0.4846526655896577,600019.SH
2026-03-25,6.22,6.25,6.08,6.11,78359495,498357660,0.3597,-1.7684887459807008,600019.SH
2026-03-26,6.07,6.25,6.04,6.23,98782662,630378703,0.4535,1.9639934533551617,600019.SH
2026-03-29,6.19,6.3,6.17,6.28,78459353,506806028,0.3602,0.8025682182985605,600019.SH
2026-03-30,6.27,6.34,6.21,6.21,70422783,455371854,0.3233,-1.1146496815286677,600019.SH
2026-03-31,6.25,6.31,6.25,6.27,78726411,510898339,0.3614,0.9661835748792313,600019.SH
2026-04-01,6.25,6.29,6.2,6.24,58856043,379422292,0.2702,-0.4784688995215225,600019.SH
2026-04-02,6.25,6.25,6.17,6.2,46202651,296178410,0.2121,-0.6410256410256387,600019.SH
2026-04-06,6.19,6.2,6.13,6.18,51385925,327091314,0.2359,-0.3225806451612967,600019.SH
2026-04-07,6.24,6.28,6.22,6.28,94310328,609075485,0.433,1.6181229773462924,600019.SH
2026-04-08,6.25,6.27,6.17,6.2,84039509,539144135,0.3858,-1.273885350318471,600019.SH
2026-04-09,6.21,6.26,6.19,6.22,63048133,405747805,0.2894,0.3225806451612856,600019.SH
2026-04-12,6.21,6.24,6.17,6.24,63750101,408863651,0.2927,0.3215434083601254,600019.SH
2026-04-13,6.24,6.26,6.2,6.25,75304436,484034773,0.3457,0.1602564102564097,600019.SH
2026-04-14,6.25,6.26,6.16,6.16,93654912,598487983,0.43,-1.4399999999999968,600019.SH
2026-04-15,6.16,6.2,6.14,6.16,80207413,510232613,0.3682,0.0,600019.SH
2026-04-16,6.15,6.16,6.08,6.1,115347934,727208636,0.5296,-0.9740259740259827,600019.SH
2026-04-19,6.11,6.11,6.04,6.05,106856899,669791036,0.4906,-0.8196721311475419,600019.SH
2026-04-20,6.05,6.12,6.04,6.12,93694817,589599790,0.4301,1.1570247933884392,600019.SH
2026-04-21,6.12,6.18,6.09,6.15,96005738,608083744,0.4408,0.4901960784313708,600019.SH
2026-04-22,6.15,6.22,6.12,6.18,104582243,667984682,0.4801,0.4878048780487809,600019.SH
2026-04-23,6.19,6.19,6.11,6.15,58835890,373815250,0.2701,-0.4854368932038722,600019.SH
2026-04-26,6.13,6.16,6.06,6.09,71633171,451251298,0.3289,-0.9756097560975729,600019.SH
2026-04-27,6.11,6.19,6.08,6.17,80843921,513228476,0.3711,1.3136288998357948,600019.SH
2026-04-28,6.14,6.28,6.14,6.27,97323587,626041117,0.4468,1.620745542949753,600019.SH
2026-04-29,6.27,6.29,6.09,6.11,161588881,1025642985,0.7418,-2.551834130781483,600019.SH
2026-05-05,6.13,6.16,6.07,6.13,134988734,852074344,0.6197,0.3273322422258529,600019.SH
2026-05-06,6.14,6.18,6.1,6.12,77594567,491066127,0.3562,-0.16313213703099683,600019.SH
2026-05-07,6.12,6.21,6.11,6.21,90721024,577360673,0.4165,1.4705882352941124,600019.SH
2026-05-10,6.2,6.32,6.16,6.29,150172088,967653431,0.6894,1.2882447665056418,600019.SH
2026-05-11,6.29,6.34,6.23,6.23,89241308,577962324,0.4097,-0.9538950715421213,600019.SH
2026-05-12,6.24,6.24,6.13,6.15,94169492,599847063,0.4323,-1.2841091492776902,600019.SH
2026-05-13,6.16,6.2,6.14,6.15,91454287,583208145,0.4199,0.0,600019.SH
2026-05-14,6.16,6.16,6.02,6.02,120053896,754433892,0.5512,-2.1138211382113914,600019.SH
2026-05-17,6.02,6.02,5.85,5.9,135784492,828130014,0.6234,-1.9933554817275656,600019.SH
2026-05-18,5.9,5.92,5.8,5.85,90858876,548298115,0.4171,-0.8474576271186529,600019.SH
2026-05-19,5.83,5.87,5.77,5.78,76049972,455641962,0.3491,-1.1965811965811812,600019.SH
2026-05-20,5.8,5.87,5.74,5.75,89194105,534021239,0.4095,-0.5190311418685201,600019.SH
2026-05-21,5.76,5.8,5.68,5.71,76092775,449062894,0.3493,-0.6956521739130417,600019.SH
2026-05-24,5.72,5.81,5.71,5.76,70914266,421823432,0.3256,0.8756567425569184,600019.SH
2026-05-25,5.75,5.86,5.71,5.85,105532658,632486762,0.4845,1.5625,600019.SH
2026-05-26,5.86,5.88,5.75,5.84,88804356,532317235,0.4077,-0.17094017094017033,600019.SH
2026-05-27,5.81,5.88,5.76,5.77,66912615,401520450,0.3072,-1.1986301369863117,600019.SH
2026-05-28,5.78,5.89,5.77,5.84,95524625,576520057,0.4385,1.2131715771230622,600019.SH
2026-05-31,5.84,5.85,5.74,5.85,111586589,667998725,0.5123,0.1712328767123239,600019.SH
2026-06-01,5.84,5.88,5.72,5.75,127650981,762913710,0.586,-1.7094017094017033,600019.SH
2026-06-02,5.74,5.75,5.63,5.64,137737585,805804212,0.6323,-1.9130434782608785,600019.SH
2026-06-03,5.64,5.64,5.51,5.54,113316083,651004750,0.5202,-1.773049645390068,600019.SH
2026-06-04,5.54,5.63,5.53,5.56,107292706,617443247,0.4926,0.3610108303248927,600019.SH
2026-06-07,5.52,5.52,5.41,5.44,107023657,603253091,0.4913,-2.1582733812949506,600019.SH
2026-06-08,5.42,5.48,5.41,5.47,83858226,470653092,0.3916,0.5514705882352811,600019.SH
2026-06-09,5.46,5.6,5.44,5.56,129116256,738398788,0.6029,1.645338208409508,600019.SH
2026-06-10,5.57,5.67,5.52,5.66,151649469,879855948,0.7082,1.7985611510791477,600019.SH
2026-06-11,5.65,5.88,5.62,5.83,272239072,1626881596,1.2713,3.0035335689045928,600019.SH
2026-06-14,5.89,5.96,5.76,5.78,167181027,1012045532,0.7807,-0.857632933104624,600019.SH
2026-06-15,5.76,5.79,5.64,5.66,102788121,604315575,0.48,-2.076124567474047,600019.SH
2026-06-16,5.67,5.68,5.52,5.59,101643698,584737986,0.4747,-1.2367491166077826,600019.SH
2026-06-17,5.6,5.62,5.49,5.5,86931792,497035129,0.406,-1.610017889087656,600019.SH
2026-06-21,5.5,5.61,5.45,5.57,85516346,488082107,0.3993,1.2727272727272698,600019.SH
2026-06-22,5.57,5.74,5.55,5.6,135039651,786015273,0.6306,0.538599640933568,600019.SH
2026-06-23,5.61,5.61,5.44,5.49,106337930,603697714,0.4966,-1.9642857142857073,600019.SH
2026-06-24,5.52,5.61,5.44,5.49,91690713,505859513,0.4282,0.0,600019.SH
2026-06-25,5.48,5.53,5.38,5.39,80549658,436866585,0.3762,-1.821493624772319,600019.SH
