date,open,high,low,close,volume,amount,turn,pct_change,windcode
2020-01-01,1.79,1.8,1.78,1.79,109775388,248722512,1.12,,600219.SH
2020-01-02,1.79,1.79,1.77,1.78,66836249,150529220,0.68,-0.5586592178770999,600219.SH
2020-01-05,1.78,1.82,1.77,1.81,134738114,307396545,1.38,1.6853932584269593,600219.SH
2020-01-06,1.82,1.9,1.81,1.87,168413937,396192557,1.72,3.314917127071837,600219.SH
2020-01-07,1.9,1.92,1.85,1.86,187825623,447143914,1.92,-0.5347593582887722,600219.SH
2020-01-08,1.89,1.94,1.89,1.9,214976198,520429856,2.2,2.1505376344086002,600219.SH
2020-01-09,1.94,1.96,1.9,1.92,127314383,309839029,1.3,1.0526315789473717,600219.SH
2020-01-12,1.93,1.94,1.88,1.9,117834319,282717985,1.2,-1.041666666666663,600219.SH
2020-01-13,1.9,1.94,1.89,1.9,124236935,300303806,1.27,0.0,600219.SH
2020-01-14,1.9,1.9,1.86,1.86,99285996,235037001,1.01,-2.1052631578947323,600219.SH
2020-01-15,1.86,1.87,1.82,1.84,83688758,195626402,0.86,-1.0752688172043001,600219.SH
2020-01-16,1.85,1.88,1.83,1.83,82020905,192792840,0.84,-0.5434782608695676,600219.SH
2020-01-19,1.84,1.86,1.82,1.85,51936339,121068981,0.53,1.0928961748633892,600219.SH
2020-01-20,1.85,1.85,1.81,1.81,72802043,167978630,0.74,-2.1621621621621623,600219.SH
2020-01-21,1.81,1.82,1.78,1.82,65652137,149608688,0.67,0.5524861878453136,600219.SH
2020-01-22,1.8,1.81,1.75,1.77,94352715,212416611,0.96,-2.7472527472527486,600219.SH
2020-02-02,1.6,1.64,1.6,1.6,183873782,373291584,1.88,-9.6045197740113,600219.SH
2020-02-03,1.58,1.64,1.58,1.63,126736062,260439019,1.29,1.8749999999999822,600219.SH
2020-02-04,1.66,1.69,1.63,1.66,118292919,249737989,1.21,1.8404907975460238,600219.SH
2020-02-05,1.67,1.67,1.64,1.67,95983960,201446381,0.98,0.6024096385542244,600219.SH
2020-02-06,1.65,1.66,1.63,1.66,75801821,158133901,0.77,-0.5988023952095856,600219.SH
2020-02-09,1.64,1.69,1.64,1.68,92214122,194988067,0.94,1.2048192771084265,600219.SH
2020-02-10,1.68,1.71,1.67,1.69,85574141,183440774,0.87,0.5952380952380931,600219.SH
2020-02-11,1.68,1.71,1.67,1.71,61152902,131074254,0.62,1.183431952662728,600219.SH
2020-02-12,1.7,1.71,1.67,1.67,77749441,165866102,0.79,-2.3391812865497075,600219.SH
2020-02-13,1.67,1.71,1.67,1.7,80749912,173121866,0.83,1.7964071856287456,600219.SH
2020-02-16,1.7,1.74,1.69,1.73,97275851,211093298,0.99,1.764705882352935,600219.SH
2020-02-17,1.73,1.75,1.71,1.72,78744343,172064824,0.8,-0.5780346820809301,600219.SH
2020-02-18,1.72,1.76,1.71,1.74,101941102,224931749,1.04,1.1627906976744207,600219.SH
2020-02-19,1.74,1.77,1.73,1.76,105408735,232890105,1.08,1.1494252873563315,600219.SH
2020-02-20,1.75,1.79,1.75,1.78,106216173,237996374,1.09,1.1363636363636465,600219.SH
2020-02-23,1.77,1.78,1.75,1.75,97208441,216452219,0.99,-1.6853932584269704,600219.SH
2020-02-24,1.73,1.73,1.68,1.71,142465585,308476234,1.46,-2.285714285714291,600219.SH
2020-02-25,1.7,1.78,1.69,1.75,179984867,397436036,1.84,2.3391812865497075,600219.SH
2020-02-26,1.75,1.77,1.73,1.73,89654772,198511138,0.92,-1.1428571428571455,600219.SH
2020-02-27,1.71,1.71,1.66,1.67,136471571,291443789,1.39,-3.4682080924855474,600219.SH
2020-03-01,1.67,1.74,1.67,1.72,122816969,266338824,1.25,2.9940119760479167,600219.SH
2020-03-02,1.74,1.75,1.71,1.72,119661810,261828402,1.22,0.0,600219.SH
2020-03-03,1.71,1.74,1.71,1.74,77364812,168264071,0.79,1.1627906976744207,600219.SH
2020-03-04,1.75,1.77,1.73,1.76,126547349,280357027,1.29,1.1494252873563315,600219.SH
2020-03-05,1.74,1.75,1.73,1.74,85394676,188103793,0.87,-1.1363636363636354,600219.SH
2020-03-08,1.71,1.72,1.67,1.68,116278843,249480410,1.19,-3.4482758620689724,600219.SH
2020-03-09,1.67,1.71,1.66,1.7,86905575,185395257,0.89,1.1904761904761862,600219.SH
2020-03-10,1.71,1.71,1.68,1.68,59189387,126987727,0.6,-1.17647058823529,600219.SH
2020-03-11,1.67,1.69,1.66,1.67,65914921,139497430,0.67,-0.5952380952380931,600219.SH
2020-03-12,1.62,1.67,1.6,1.66,100559567,208321288,1.03,-0.5988023952095856,600219.SH
2020-03-15,1.67,1.68,1.63,1.63,73378923,153905652,0.75,-1.8072289156626509,600219.SH
2020-03-16,1.63,1.68,1.61,1.68,116615638,243105170,1.19,3.0674846625766916,600219.SH
2020-03-17,1.69,1.7,1.65,1.65,73272133,155369191,0.75,-1.7857142857142905,600219.SH
2020-03-18,1.64,1.67,1.62,1.64,69103354,143710556,0.71,-0.60606060606061,600219.SH
2020-03-19,1.65,1.67,1.63,1.66,44456272,92769612,0.45,1.2195121951219523,600219.SH
2020-03-22,1.63,1.64,1.62,1.63,51692546,106689176,0.53,-1.8072289156626509,600219.SH
2020-03-23,1.64,1.66,1.63,1.64,46476490,96564752,0.47,0.6134969325153339,600219.SH
2020-03-24,1.66,1.67,1.64,1.66,54930223,115329313,0.56,1.2195121951219523,600219.SH
2020-03-25,1.65,1.66,1.63,1.64,37414632,77991827,0.38,-1.2048192771084376,600219.SH
2020-03-26,1.65,1.66,1.63,1.63,39654459,82687442,0.41,-0.6097560975609762,600219.SH
2020-03-29,1.62,1.63,1.6,1.61,50334380,102785402,0.51,-1.2269938650306678,600219.SH
2020-03-30,1.62,1.64,1.61,1.63,51640300,106125944,0.53,1.2422360248447006,600219.SH
2020-03-31,1.63,1.65,1.61,1.63,48858708,101150143,0.5,0.0,600219.SH
2020-04-01,1.62,1.65,1.61,1.65,42880580,88771055,0.44,1.2269938650306678,600219.SH
2020-04-02,1.65,1.66,1.63,1.63,34361053,71644250,0.35,-1.2121212121212088,600219.SH
2020-04-06,1.65,1.66,1.64,1.65,43159677,90278077,0.44,1.2269938650306678,600219.SH
2020-04-07,1.64,1.67,1.64,1.66,52930229,111025063,0.54,0.60606060606061,600219.SH
2020-04-08,1.67,1.67,1.65,1.66,28255075,59223166,0.29,0.0,600219.SH
2020-04-09,1.66,1.66,1.63,1.63,30901863,64332743,0.32,-1.8072289156626509,600219.SH
2020-04-12,1.64,1.66,1.63,1.65,39031688,81716568,0.4,1.2269938650306678,600219.SH
2020-04-13,1.65,1.67,1.65,1.67,51832250,108958698,0.53,1.21212121212122,600219.SH
2020-04-14,1.67,1.67,1.65,1.65,38251515,80333458,0.39,-1.19760479041916,600219.SH
2020-04-15,1.64,1.66,1.64,1.66,31284542,65399600,0.32,0.60606060606061,600219.SH
2020-04-16,1.66,1.67,1.64,1.65,37568818,78649100,0.38,-0.6024096385542133,600219.SH
2020-04-19,1.65,1.66,1.64,1.65,36436179,76200278,0.37,0.0,600219.SH
2020-04-20,1.64,1.65,1.63,1.63,37636117,77937992,0.38,-1.2121212121212088,600219.SH
2020-04-21,1.63,1.64,1.62,1.64,30945438,63958615,0.32,0.6134969325153339,600219.SH
2020-04-22,1.64,1.64,1.62,1.63,35048542,72429989,0.36,-0.6097560975609762,600219.SH
2020-04-23,1.63,1.63,1.61,1.62,35630450,73176026,0.36,-0.6134969325153228,600219.SH
2020-04-26,1.63,1.63,1.61,1.61,35703541,73179905,0.36,-0.6172839506172867,600219.SH
2020-04-27,1.61,1.62,1.58,1.6,56431085,114229491,0.58,-0.6211180124223614,600219.SH
2020-04-28,1.61,1.63,1.6,1.63,46277912,95093275,0.47,1.8749999999999822,600219.SH
2020-04-29,1.63,1.65,1.63,1.65,39900139,83089977,0.41,1.2269938650306678,600219.SH
2020-05-05,1.63,1.66,1.63,1.66,58832333,122758887,0.6,0.60606060606061,600219.SH
2020-05-06,1.65,1.66,1.63,1.64,51898545,108152313,0.53,-1.2048192771084376,600219.SH
2020-05-07,1.64,1.66,1.63,1.65,43735255,91432118,0.45,0.6097560975609762,600219.SH
2020-05-10,1.65,1.67,1.65,1.65,62131359,130627482,0.63,0.0,600219.SH
2020-05-11,1.66,1.66,1.64,1.64,35221709,73491913,0.36,-0.60606060606061,600219.SH
2020-05-12,1.64,1.66,1.63,1.66,35433140,73821860,0.36,1.2195121951219523,600219.SH
2020-05-13,1.65,1.66,1.63,1.63,32735820,68052064,0.33,-1.8072289156626509,600219.SH
2020-05-14,1.63,1.64,1.63,1.63,25345297,52532011,0.26,0.0,600219.SH
2020-05-17,1.63,1.64,1.62,1.62,57219627,118385193,0.58,-0.6134969325153228,600219.SH
2020-05-18,1.63,1.64,1.63,1.63,46889317,97068743,0.48,0.6172839506172645,600219.SH
2020-05-19,1.64,1.64,1.63,1.63,24642263,50948146,0.25,0.0,600219.SH
2020-05-20,1.63,1.63,1.62,1.63,25162618,51895320,0.26,0.0,600219.SH
2020-05-21,1.62,1.63,1.6,1.61,51735597,105526958,0.53,-1.2269938650306678,600219.SH
2020-05-24,1.62,1.62,1.6,1.61,25302882,51571524,0.26,0.0,600219.SH
2020-05-25,1.61,1.62,1.6,1.61,47596297,96789829,0.49,0.0,600219.SH
2020-05-26,1.61,1.61,1.6,1.6,39544305,80161928,0.4,-0.6211180124223614,600219.SH
2020-05-27,1.6,1.61,1.6,1.6,32577461,66056027,0.33,0.0,600219.SH
2020-05-28,1.6,1.61,1.59,1.6,39398293,79963281,0.4,0.0,600219.SH
2020-05-31,1.6,1.63,1.6,1.63,48982749,100324894,0.5,1.8749999999999822,600219.SH
2020-06-01,1.63,1.63,1.61,1.63,56971710,117074633,0.58,0.0,600219.SH
2020-06-02,1.63,1.66,1.63,1.64,87944379,183071047,0.9,0.6134969325153339,600219.SH
2020-06-03,1.63,1.64,1.62,1.62,52127021,107658767,0.53,-1.2195121951219412,600219.SH
2020-06-04,1.63,1.63,1.61,1.62,31075964,63629941,0.32,0.0,600219.SH
2020-06-07,1.62,1.65,1.62,1.64,56161003,116536559,0.47,1.2345679012345512,600219.SH
2020-06-08,1.64,1.65,1.63,1.63,32900852,68347821,0.28,-0.6097560975609762,600219.SH
2020-06-09,1.64,1.64,1.62,1.63,36088481,74532613,0.3,0.0,600219.SH
2020-06-10,1.63,1.64,1.62,1.63,38089648,78732121,0.32,0.0,600219.SH
2020-06-11,1.61,1.63,1.6,1.63,39215418,80314967,0.33,0.0,600219.SH
2020-06-14,1.62,1.63,1.61,1.61,39604140,81061837,0.33,-1.2269938650306678,600219.SH
2020-06-15,1.62,1.63,1.61,1.63,45166664,92886673,0.38,1.2422360248447006,600219.SH
2020-06-16,1.63,1.64,1.63,1.63,45710480,94459837,0.38,0.0,600219.SH
2020-06-17,1.63,1.67,1.62,1.66,99088878,207433588,0.83,1.8404907975460238,600219.SH
2020-06-18,1.65,1.66,1.63,1.65,58501494,121977902,0.49,-0.6024096385542133,600219.SH
2020-06-21,1.64,1.66,1.64,1.64,42921014,89656676,0.36,-0.60606060606061,600219.SH
2020-06-22,1.64,1.65,1.63,1.63,39165259,81117914,0.33,-0.6097560975609762,600219.SH
2020-06-23,1.64,1.65,1.64,1.64,45425977,92112747,0.38,0.6134969325153339,600219.SH
2020-06-28,1.64,1.65,1.62,1.64,56607871,114492222,0.47,0.0,600219.SH
2020-06-29,1.65,1.65,1.64,1.64,39215787,79660001,0.33,0.0,600219.SH
2020-06-30,1.64,1.68,1.64,1.67,78995029,162196637,0.66,1.8292682926829285,600219.SH
2020-07-01,1.67,1.71,1.66,1.71,130597654,272871451,1.09,2.39520958083832,600219.SH
2020-07-02,1.71,1.78,1.71,1.76,168491560,363972042,1.41,2.923976608187129,600219.SH
2020-07-05,1.78,1.91,1.78,1.9,268900289,615916746,2.25,7.954545454545459,600219.SH
2020-07-06,1.93,1.98,1.86,1.86,235278550,553819597,1.97,-2.1052631578947323,600219.SH
2020-07-07,1.85,1.95,1.85,1.93,214071083,505172237,1.79,3.7634408602150504,600219.SH
2020-07-08,1.93,1.97,1.9,1.95,206850261,494179087,1.73,1.0362694300518172,600219.SH
2020-07-09,1.93,1.93,1.87,1.89,145561423,342299719,1.22,-3.076923076923077,600219.SH
2020-07-12,1.87,1.95,1.87,1.93,183849629,435978265,1.54,2.1164021164021163,600219.SH
2020-07-13,1.93,1.96,1.89,1.92,158223478,377111404,1.32,-0.5181347150259086,600219.SH
2020-07-14,1.93,1.95,1.86,1.87,129635492,303594006,1.08,-2.604166666666663,600219.SH
2020-07-15,1.9,2.03,1.9,1.92,378024259,919700638,3.16,2.6737967914438387,600219.SH
2020-07-16,1.93,2.02,1.92,1.94,223312934,540818708,1.87,1.041666666666674,600219.SH
2020-07-19,1.97,2.14,1.95,2.11,445456345,1137985960,3.73,8.762886597938135,600219.SH
2020-07-20,2.12,2.13,2.01,2.05,299494749,757347718,2.51,-2.8436018957346043,600219.SH
2020-07-21,2.05,2.1,2.01,2.02,205657423,517947112,1.72,-1.4634146341463317,600219.SH
2020-07-22,1.99,2.02,1.95,1.98,171630837,419854039,1.44,-1.980198019801982,600219.SH
2020-07-23,1.96,1.98,1.88,1.89,204447855,484434806,1.71,-4.545454545454552,600219.SH
2020-07-26,1.89,1.93,1.86,1.89,118693512,278455329,0.99,0.0,600219.SH
2020-07-27,1.92,1.97,1.9,1.92,149108761,355877722,1.25,1.5873015873015817,600219.SH
2020-07-28,1.92,1.93,1.89,1.93,111082989,262567222,0.93,0.5208333333333259,600219.SH
2020-07-29,1.93,1.97,1.91,1.93,134260991,321352163,1.12,0.0,600219.SH
2020-07-30,1.92,1.96,1.9,1.92,116939869,277807747,0.98,-0.5181347150259086,600219.SH
2020-08-02,1.92,1.96,1.92,1.96,138882871,331863407,1.16,2.083333333333326,600219.SH
2020-08-03,2.0,2.02,1.97,1.98,167656475,411132784,1.4,1.0204081632652962,600219.SH
2020-08-04,1.98,1.98,1.94,1.97,105273311,254819808,0.88,-0.5050505050505083,600219.SH
2020-08-05,1.97,2.06,1.95,2.03,230559597,569583980,1.93,3.045685279187804,600219.SH
2020-08-06,2.02,2.05,1.95,1.98,128635625,316728562,1.08,-2.463054187192115,600219.SH
2020-08-09,1.97,1.98,1.94,1.97,92861858,225103926,0.78,-0.5050505050505083,600219.SH
2020-08-10,1.97,1.98,1.93,1.93,96542569,234093166,0.81,-2.0304568527918843,600219.SH
2020-08-11,1.92,1.93,1.88,1.9,101371398,237798301,0.85,-1.5544041450777257,600219.SH
2020-08-12,1.92,1.94,1.9,1.92,81121513,192150552,0.68,1.0526315789473717,600219.SH
2020-08-13,1.92,1.93,1.89,1.92,90019963,212655197,0.75,0.0,600219.SH
2020-08-16,1.93,1.98,1.91,1.97,130943977,315640561,1.1,2.604166666666674,600219.SH
2020-08-17,1.97,2.03,1.96,2.0,134099426,331090717,1.12,1.522842639593902,600219.SH
2020-08-18,2.0,2.02,1.98,1.98,106447019,262188822,0.89,-1.0000000000000009,600219.SH
2020-08-19,1.99,1.99,1.94,1.96,76481310,185982270,0.64,-1.0101010101010055,600219.SH
2020-08-20,1.97,2.01,1.96,1.99,93320028,229176922,0.78,1.5306122448979664,600219.SH
2020-08-23,1.99,2.0,1.98,1.98,66400182,162839157,0.56,-0.5025125628140725,600219.SH
2020-08-24,1.99,2.03,1.98,2.02,115374074,286967317,0.97,2.020202020202011,600219.SH
2020-08-25,2.02,2.12,2.02,2.1,268392825,689582889,2.25,3.960396039603964,600219.SH
2020-08-26,2.1,2.13,2.04,2.06,140970282,361136567,1.18,-1.904761904761909,600219.SH
2020-08-27,2.06,2.12,2.06,2.1,139434426,360855270,1.17,1.9417475728155331,600219.SH
2020-08-30,2.12,2.21,2.1,2.15,247275357,657658852,2.07,2.3809523809523725,600219.SH
2020-08-31,2.15,2.21,2.13,2.17,165261534,442445127,1.38,0.9302325581395321,600219.SH
2020-09-01,2.17,2.18,2.09,2.1,142506815,373160068,1.19,-3.2258064516129004,600219.SH
2020-09-02,2.11,2.14,2.08,2.1,99300353,258413818,0.83,0.0,600219.SH
2020-09-03,2.06,2.08,2.05,2.07,80723409,205915515,0.68,-1.4285714285714457,600219.SH
2020-09-06,2.07,2.11,2.03,2.03,96578876,247182942,0.81,-1.9323671497584516,600219.SH
2020-09-07,2.04,2.1,2.02,2.09,90031059,228679751,0.75,2.9556650246305383,600219.SH
2020-09-08,2.06,2.12,2.05,2.06,112521974,290041396,0.94,-1.4354066985645786,600219.SH
2020-09-09,2.08,2.1,2.03,2.04,102326967,261075736,0.86,-0.9708737864077666,600219.SH
2020-09-10,2.02,2.04,1.98,2.01,87320637,216608290,0.73,-1.4705882352941346,600219.SH
2020-09-13,2.01,2.03,1.98,1.98,60549797,149369330,0.51,-1.492537313432829,600219.SH
2020-09-14,1.98,1.99,1.96,1.98,49245271,119884626,0.41,0.0,600219.SH
2020-09-15,1.98,2.01,1.97,1.98,58626323,143860639,0.49,0.0,600219.SH
2020-09-16,1.98,2.0,1.96,1.98,58836063,143587059,0.49,0.0,600219.SH
2020-09-17,1.98,2.05,1.98,2.03,93964663,233910488,0.79,2.525252525252508,600219.SH
2020-09-20,2.04,2.06,2.01,2.01,52345364,131379807,0.44,-0.9852216748768461,600219.SH
2020-09-21,2.0,2.01,1.96,1.97,69293950,169203573,0.58,-1.990049751243772,600219.SH
2020-09-22,1.98,1.98,1.93,1.94,58404517,141227677,0.49,-1.5228426395939132,600219.SH
2020-09-23,1.93,1.93,1.85,1.86,129552363,300782985,1.08,-4.123711340206182,600219.SH
2020-09-24,1.85,1.89,1.85,1.86,52675041,121648913,0.44,0.0,600219.SH
2020-09-27,1.86,1.88,1.84,1.85,51935517,119380529,0.43,-0.5376344086021501,600219.SH
2020-09-28,1.86,1.87,1.85,1.85,57388978,131894685,0.48,0.0,600219.SH
2020-09-29,1.86,1.87,1.81,1.85,55874071,126958744,0.47,0.0,600219.SH
2020-10-08,1.87,1.9,1.86,1.89,54416729,126593838,0.46,2.1621621621621623,600219.SH
2020-10-11,1.89,1.94,1.89,1.93,81638232,194061811,0.68,2.1164021164021163,600219.SH
2020-10-12,1.93,1.93,1.92,1.92,40128541,95431208,0.34,-0.5181347150259086,600219.SH
2020-10-13,1.91,1.92,1.89,1.89,44690877,104898976,0.37,-1.5625,600219.SH
2020-10-14,1.89,1.92,1.89,1.89,48877309,114962828,0.41,0.0,600219.SH
2020-10-15,1.89,1.93,1.89,1.9,62771147,147850024,0.53,0.5291005291005346,600219.SH
2020-10-18,1.91,1.93,1.9,1.9,53209999,125943946,0.45,0.0,600219.SH
2020-10-19,1.89,1.9,1.87,1.89,41595584,97000290,0.35,-0.5263157894736858,600219.SH
2020-10-20,1.9,1.9,1.87,1.88,39048158,90854640,0.33,-0.5291005291005346,600219.SH
2020-10-21,1.88,1.92,1.86,1.91,50532015,117985566,0.42,1.5957446808510634,600219.SH
2020-10-22,1.91,1.91,1.88,1.89,30078533,70490460,0.25,-1.0471204188481686,600219.SH
2020-10-25,1.89,1.89,1.87,1.89,30358309,70388157,0.25,0.0,600219.SH
2020-10-26,1.88,1.89,1.85,1.86,53274193,122597951,0.45,-1.5873015873015817,600219.SH
2020-10-27,1.86,1.89,1.84,1.87,44501830,102269240,0.37,0.5376344086021501,600219.SH
2020-10-28,1.85,1.88,1.84,1.87,44238687,101678588,0.37,0.0,600219.SH
2020-10-29,1.88,1.93,1.86,1.9,101935827,239769597,0.85,1.6042780748662944,600219.SH
2020-11-01,1.89,1.93,1.89,1.92,69882291,165480556,0.58,1.0526315789473717,600219.SH
2020-11-02,1.93,1.99,1.92,1.98,112908834,273794641,0.94,3.125,600219.SH
2020-11-03,1.98,1.98,1.93,1.95,70188608,169499721,0.59,-1.5151515151515138,600219.SH
2020-11-04,1.97,1.98,1.96,1.98,62103281,151277941,0.52,1.538461538461533,600219.SH
2020-11-05,1.98,2.05,1.98,2.02,141106871,352488766,1.18,2.020202020202011,600219.SH
2020-11-08,2.05,2.23,2.05,2.16,349753987,931663590,2.93,6.930693069306937,600219.SH
2020-11-09,2.17,2.21,2.13,2.16,239283152,640629786,2.0,0.0,600219.SH
2020-11-10,2.17,2.23,2.15,2.19,234908466,637389060,1.97,1.388888888888884,600219.SH
2020-11-11,2.18,2.21,2.13,2.19,165181870,443785733,1.38,0.0,600219.SH
2020-11-12,2.19,2.28,2.15,2.19,258468128,706603363,2.16,0.0,600219.SH
2020-11-15,2.19,2.37,2.19,2.33,353129992,1005730292,2.95,6.392694063926951,600219.SH
2020-11-16,2.32,2.34,2.26,2.27,208815738,591667514,1.75,-2.5751072961373467,600219.SH
2020-11-17,2.27,2.4,2.27,2.35,251886138,729815142,2.11,3.524229074889873,600219.SH
2020-11-18,2.32,2.36,2.23,2.26,231484574,649731259,1.94,-3.82978723404257,600219.SH
2020-11-19,2.26,2.42,2.23,2.4,315007958,910736843,2.64,6.194690265486735,600219.SH
2020-11-22,2.4,2.49,2.36,2.37,514749385,1542339626,4.31,-1.2499999999999956,600219.SH
2020-11-23,2.34,2.4,2.31,2.39,261559630,761375080,2.19,0.8438818565400741,600219.SH
2020-11-24,2.4,2.47,2.33,2.34,217130561,643926398,1.82,-2.092050209205032,600219.SH
2020-11-25,2.32,2.35,2.26,2.29,228559431,647554628,1.91,-2.136752136752129,600219.SH
2020-11-26,2.3,2.32,2.24,2.32,160272049,452921486,1.34,1.3100436681222627,600219.SH
2020-11-29,2.32,2.4,2.31,2.33,242769589,706333394,2.03,0.4310344827586299,600219.SH
2020-11-30,2.34,2.38,2.29,2.36,151989761,439526285,1.27,1.2875536480686511,600219.SH
2020-12-01,2.39,2.4,2.32,2.35,146682691,426773872,1.23,-0.4237288135593098,600219.SH
2020-12-02,2.32,2.32,2.23,2.24,189638910,531379338,1.59,-4.680851063829783,600219.SH
2020-12-03,2.23,2.26,2.2,2.24,125523261,345084468,1.05,0.0,600219.SH
2020-12-06,2.24,2.25,2.19,2.2,90852876,248919425,0.76,-1.7857142857142905,600219.SH
2020-12-07,2.2,2.21,2.15,2.19,98516175,265214787,0.82,-0.454545454545463,600219.SH
2020-12-08,2.19,2.21,2.13,2.15,102479722,273514559,0.86,-1.82648401826484,600219.SH
2020-12-09,2.14,2.17,2.13,2.15,99865344,264935359,0.84,0.0,600219.SH
2020-12-10,2.17,2.2,2.1,2.17,183756244,487561536,1.54,0.9302325581395321,600219.SH
2020-12-13,2.15,2.19,2.11,2.13,131679906,347621728,1.1,-1.8433179723502335,600219.SH
2020-12-14,2.13,2.13,2.1,2.1,65097206,169692847,0.54,-1.4084507042253391,600219.SH
2020-12-15,2.12,2.15,2.1,2.1,63557888,166309169,0.53,0.0,600219.SH
2020-12-16,2.1,2.23,2.1,2.22,177387860,477830129,1.48,5.714285714285716,600219.SH
2020-12-17,2.24,2.31,2.22,2.27,188566135,530520973,1.58,2.2522522522522515,600219.SH
2020-12-20,2.26,2.29,2.23,2.27,127240576,355628754,1.06,0.0,600219.SH
2020-12-21,2.25,2.26,2.16,2.18,125435142,341423794,1.05,-3.964757709251099,600219.SH
2020-12-22,2.16,2.4,2.16,2.4,367096675,1061064691,3.07,10.091743119266038,600219.SH
2020-12-23,2.44,2.44,2.36,2.37,297604909,882832476,2.49,-1.2499999999999956,600219.SH
2020-12-24,2.37,2.43,2.33,2.4,181911158,534968217,1.52,1.2658227848101111,600219.SH
2020-12-27,2.39,2.64,2.38,2.64,468046727,1501980716,3.92,10.000000000000009,600219.SH
2020-12-28,2.7,2.77,2.57,2.57,565577333,1857913566,4.73,-2.6515151515151603,600219.SH
2020-12-29,2.61,2.67,2.56,2.56,351259767,1128834057,2.94,-0.38910505836574627,600219.SH
2020-12-30,2.57,2.6,2.53,2.56,235317379,742631585,1.97,0.0,600219.SH
2021-01-03,2.61,2.82,2.6,2.82,409034310,1404217410,3.42,10.15625,600219.SH
2021-01-04,2.92,3.02,2.82,2.87,674282220,2423779353,5.64,1.7730496453900901,600219.SH
2021-01-05,2.83,3.04,2.75,2.96,513065114,1825682484,4.29,3.1358885017421567,600219.SH
2021-01-06,2.98,3.25,2.93,3.13,578113963,2232186949,4.84,5.743243243243246,600219.SH
2021-01-07,3.14,3.37,2.98,3.21,530778726,2093892037,4.44,2.5559105431310014,600219.SH
2021-01-10,3.2,3.29,3.04,3.06,419191459,1622378575,3.51,-4.672897196261683,600219.SH
2021-01-11,3.01,3.14,2.98,3.08,341605208,1293635605,2.86,0.6535947712418277,600219.SH
2021-01-12,3.08,3.32,2.98,3.0,463778674,1792268642,3.88,-2.5974025974025983,600219.SH
2021-01-13,2.96,3.04,2.84,2.91,360415902,1307537363,3.02,-2.9999999999999916,600219.SH
2021-01-14,2.91,2.97,2.84,2.91,232399641,835812999,1.94,0.0,600219.SH
2021-01-17,2.94,2.95,2.85,2.92,200927012,721035675,1.68,0.3436426116838476,600219.SH
2021-01-18,2.91,2.91,2.81,2.83,279631353,983767274,2.34,-3.082191780821908,600219.SH
2021-01-19,2.83,3.07,2.81,2.87,334265275,1201568430,2.8,1.4134275618374659,600219.SH
2021-01-20,2.86,3.04,2.84,2.96,360979534,1317182053,3.02,3.1358885017421567,600219.SH
2021-01-21,2.93,2.95,2.84,2.85,219247889,779508219,1.83,-3.716216216216217,600219.SH
2021-01-24,2.86,2.96,2.76,2.87,281946607,996854294,2.36,0.7017543859649145,600219.SH
2021-01-25,2.84,2.86,2.68,2.72,297183006,1009573022,2.49,-5.226480836236935,600219.SH
2021-01-26,2.72,2.77,2.63,2.68,237187062,787307774,1.98,-1.4705882352941235,600219.SH
2021-01-27,2.63,2.7,2.6,2.66,168091127,554045894,1.41,-0.7462686567164201,600219.SH
2021-01-28,2.66,2.78,2.65,2.7,196665151,652275885,1.65,1.5037593984962516,600219.SH
2021-01-31,2.7,2.79,2.66,2.78,168473369,569152652,1.41,2.962962962962945,600219.SH
2021-02-01,2.79,2.79,2.69,2.7,161617397,541452249,1.35,-2.877697841726601,600219.SH
2021-02-02,2.7,2.97,2.7,2.97,273235341,978595435,2.29,10.000000000000009,600219.SH
2021-02-03,3.0,3.12,2.96,3.12,415727131,1561221805,3.48,5.050505050505039,600219.SH
2021-02-04,3.15,3.24,3.04,3.06,297343738,1149368848,2.49,-1.9230769230769273,600219.SH
2021-02-07,3.09,3.27,3.07,3.25,305839601,1207741670,2.56,6.209150326797386,600219.SH
2021-02-08,3.24,3.32,3.21,3.3,274954535,1113978920,2.3,1.538461538461533,600219.SH
2021-02-09,3.26,3.43,3.21,3.39,300799782,1242038140,2.52,2.7272727272727337,600219.SH
2021-02-17,3.63,3.67,3.48,3.61,325148863,1435135247,2.72,6.4896755162241915,600219.SH
2021-02-18,3.63,3.82,3.59,3.78,348418531,1605055542,2.92,4.709141274238227,600219.SH
2021-02-21,3.76,4.05,3.65,3.67,524329316,2511780957,4.39,-2.910052910052907,600219.SH
2021-02-22,3.67,3.94,3.67,3.78,421753314,1984665838,3.53,2.9972752043596618,600219.SH
2021-02-23,3.79,3.89,3.61,3.67,405645713,1875414423,3.39,-2.910052910052907,600219.SH
2021-02-24,3.8,3.89,3.68,3.71,336604217,1570360038,2.82,1.089918256130784,600219.SH
2021-02-25,3.59,3.59,3.34,3.34,428719895,1806009878,3.59,-9.973045822102433,600219.SH
2021-02-28,3.3,3.39,3.21,3.37,348592641,1422465225,2.92,0.8982035928143839,600219.SH
2021-03-01,3.35,3.35,3.03,3.05,503059967,1945460431,4.21,-9.495548961424339,600219.SH
2021-03-02,3.12,3.17,3.08,3.15,289744786,1120346970,2.42,3.2786885245901676,600219.SH
2021-03-03,3.11,3.13,3.01,3.04,251727584,953079352,2.11,-3.4920634920634908,600219.SH
2021-03-04,2.93,3.01,2.87,3.0,265441710,968656781,2.22,-1.3157894736842146,600219.SH
2021-03-07,3.09,3.11,2.95,2.95,235419058,879486985,1.97,-1.6666666666666607,600219.SH
2021-03-08,2.95,3.13,2.9,3.04,307049282,1149216438,2.57,3.050847457627115,600219.SH
2021-03-09,3.08,3.11,2.96,3.03,249225129,933077481,2.09,-0.328947368421062,600219.SH
2021-03-10,3.08,3.33,3.08,3.33,417993629,1662448003,3.5,9.90099009900991,600219.SH
2021-03-11,3.33,3.39,3.25,3.29,330763764,1348761627,2.77,-1.2012012012012074,600219.SH
2021-03-14,3.27,3.34,3.2,3.25,252855619,1019533522,2.12,-1.2158054711246202,600219.SH
2021-03-15,3.26,3.35,3.19,3.23,194510723,780703792,1.63,-0.6153846153846176,600219.SH
2021-03-16,3.17,3.17,3.0,3.04,283040771,1062688060,2.37,-5.882352941176472,600219.SH
2021-03-17,3.06,3.12,3.04,3.08,172819945,656235885,1.45,1.3157894736842035,600219.SH
2021-03-18,3.01,3.09,2.97,3.01,176528602,658880869,1.48,-2.272727272727282,600219.SH
2021-03-21,3.0,3.05,2.93,3.0,154007338,569607634,1.29,-0.33222591362125353,600219.SH
2021-03-22,3.12,3.2,2.88,2.91,332519489,1239336410,2.78,-2.9999999999999916,600219.SH
2021-03-23,2.8,2.85,2.72,2.79,285140937,975203221,2.39,-4.123711340206193,600219.SH
2021-03-24,2.8,2.86,2.75,2.78,148157158,512392318,1.24,-0.35842293906810374,600219.SH
2021-03-25,2.79,2.83,2.77,2.82,111608823,387126924,0.93,1.4388489208633004,600219.SH
2021-03-28,2.87,2.88,2.8,2.83,122290313,427117143,1.02,0.35460992907803135,600219.SH
2021-03-29,2.81,2.85,2.75,2.83,107278773,371733291,0.9,0.0,600219.SH
2021-03-30,2.81,2.82,2.75,2.79,82573019,283531752,0.69,-1.4134275618374548,600219.SH
2021-03-31,2.78,2.84,2.76,2.84,101632801,352107986,0.85,1.7921146953404854,600219.SH
2021-04-01,2.85,2.86,2.75,2.78,118401749,406434777,0.99,-2.1126760563380254,600219.SH
2021-04-05,2.79,2.81,2.76,2.78,72863565,250434208,0.61,0.0,600219.SH
2021-04-06,2.78,2.92,2.73,2.88,200454568,700633613,1.68,3.597122302158273,600219.SH
2021-04-07,2.87,3.01,2.84,2.95,212848231,770004667,1.78,2.430555555555558,600219.SH
2021-04-08,2.97,3.05,2.92,3.02,231140825,856158973,1.93,2.372881355932188,600219.SH
2021-04-11,3.01,3.02,2.87,2.91,166299947,600768771,1.39,-3.6423841059602613,600219.SH
2021-04-12,2.88,2.92,2.8,2.9,117670941,415574601,0.98,-0.3436426116838587,600219.SH
2021-04-13,2.91,2.95,2.85,2.89,74546592,267318827,0.62,-0.34482758620688614,600219.SH
2021-04-14,2.9,3.03,2.88,3.01,191431075,698901007,1.6,4.152249134948094,600219.SH
2021-04-15,3.02,3.12,2.99,3.0,189638006,712143678,1.59,-0.33222591362125353,600219.SH
2021-04-18,2.98,3.14,2.97,3.13,242131681,929630030,2.03,4.333333333333322,600219.SH
2021-04-19,3.1,3.15,3.06,3.09,149148080,569651829,1.25,-1.2779552715655007,600219.SH
2021-04-20,3.07,3.12,3.03,3.09,117513016,447377558,0.98,0.0,600219.SH
2021-04-21,3.12,3.16,3.09,3.11,131784819,508077925,1.1,0.6472491909385036,600219.SH
2021-04-22,3.08,3.12,3.04,3.11,112901817,430211875,0.94,0.0,600219.SH
2021-04-25,3.12,3.26,3.12,3.18,243146971,961833874,2.03,2.2508038585209,600219.SH
2021-04-26,3.17,3.21,3.03,3.09,197317931,757004366,1.65,-2.8301886792452935,600219.SH
2021-04-27,3.08,3.11,3.0,3.08,149861943,565064062,1.25,-0.3236245954692518,600219.SH
2021-04-28,3.1,3.2,3.06,3.15,156070072,604650123,1.31,2.2727272727272707,600219.SH
2021-04-29,3.13,3.17,3.05,3.09,139910624,536742297,1.17,-1.904761904761909,600219.SH
2021-05-05,3.18,3.28,3.13,3.17,286047162,1129358188,2.39,2.5889967637540368,600219.SH
2021-05-06,3.23,3.29,3.19,3.21,282732386,1131096096,2.37,1.2618296529968376,600219.SH
2021-05-09,3.26,3.5,3.26,3.49,382110538,1596203972,3.2,8.722741433021808,600219.SH
2021-05-10,3.35,3.39,3.21,3.35,306204252,1250224764,2.56,-4.011461318051579,600219.SH
2021-05-11,3.32,3.4,3.29,3.35,152837467,630687253,1.28,0.0,600219.SH
2021-05-12,3.25,3.28,3.1,3.14,206340052,812756880,1.73,-6.268656716417908,600219.SH
2021-05-13,3.12,3.16,3.04,3.16,165308586,634612821,1.38,0.6369426751592355,600219.SH
2021-05-16,3.2,3.4,3.13,3.39,326721064,1341176869,2.73,7.278481012658222,600219.SH
2021-05-17,3.44,3.46,3.34,3.35,138374025,578129514,1.16,-1.179941002949858,600219.SH
2021-05-18,3.37,3.4,3.3,3.32,120705665,497943346,1.01,-0.8955223880597107,600219.SH
2021-05-19,3.21,3.26,3.15,3.23,178564101,703183050,1.49,-2.7108433734939763,600219.SH
2021-05-20,3.23,3.39,3.21,3.35,170315363,697392100,1.43,3.7151702786377694,600219.SH
2021-05-23,3.3,3.32,3.22,3.25,138637728,558684699,1.16,-2.985074626865669,600219.SH
2021-05-24,3.26,3.29,3.21,3.29,114529423,462331547,0.96,1.2307692307692353,600219.SH
2021-05-25,3.27,3.27,3.18,3.19,148622933,590970908,1.24,-3.039513677811556,600219.SH
2021-05-26,3.21,3.21,3.14,3.2,120460290,473518472,1.01,0.31347962382446415,600219.SH
2021-05-27,3.23,3.34,3.22,3.26,197821498,804114404,1.66,1.8749999999999822,600219.SH
2021-05-30,3.27,3.29,3.22,3.25,110764427,444480245,0.93,-0.30674846625766694,600219.SH
2021-05-31,3.25,3.25,3.17,3.23,113973689,451712029,0.95,-0.6153846153846176,600219.SH
2021-06-01,3.24,3.26,3.17,3.18,83176432,330045943,0.7,-1.5479876160990669,600219.SH
2021-06-02,3.17,3.2,3.16,3.17,71262651,279342347,0.6,-0.3144654088050425,600219.SH
2021-06-03,3.13,3.14,3.06,3.1,124251234,475196387,1.04,-2.208201892744477,600219.SH
2021-06-06,3.11,3.16,3.09,3.11,76691029,295505517,0.64,0.3225806451612856,600219.SH
2021-06-07,3.11,3.11,3.03,3.04,97237471,367967885,0.81,-2.2508038585209,600219.SH
2021-06-08,3.05,3.12,3.04,3.1,79964738,304958676,0.67,1.9736842105263275,600219.SH
2021-06-09,3.1,3.11,3.06,3.08,66142527,251891691,0.55,-0.6451612903225823,600219.SH
2021-06-10,3.1,3.18,3.06,3.12,106176978,408806751,0.89,1.2987012987013102,600219.SH
2021-06-14,3.12,3.12,2.98,3.01,105533023,395608774,0.88,-3.5256410256410353,600219.SH
2021-06-15,3.0,3.0,2.86,2.87,134610984,483523101,1.13,-4.6511627906976605,600219.SH
2021-06-16,2.85,2.91,2.84,2.86,81371474,288000991,0.68,-0.34843205574913716,600219.SH
2021-06-17,2.81,2.88,2.75,2.87,88278076,308162671,0.74,0.34965034965035446,600219.SH
2021-06-20,2.87,2.89,2.79,2.8,106482954,371518389,0.89,-2.4390243902439157,600219.SH
2021-06-21,2.82,2.9,2.78,2.85,98443553,345814605,0.82,1.7857142857143016,600219.SH
2021-06-22,2.85,2.95,2.83,2.94,96058789,344056709,0.8,3.157894736842093,600219.SH
2021-06-23,2.92,2.93,2.86,2.91,71187249,254959921,0.6,-1.0204081632652962,600219.SH
2021-06-24,2.91,2.99,2.9,2.95,83745958,305154173,0.7,1.3745704467353903,600219.SH
2021-06-27,2.96,2.99,2.93,2.96,64561994,235997339,0.54,0.3389830508474523,600219.SH
2021-06-28,2.96,2.97,2.87,2.91,92524448,332970938,0.77,-1.6891891891891886,600219.SH
2021-06-29,2.9,2.93,2.87,2.91,53917252,193299286,0.45,0.0,600219.SH
2021-06-30,2.9,2.92,2.84,2.85,49704178,176034198,0.42,-2.0618556701030966,600219.SH
2021-07-01,2.84,2.95,2.83,2.88,81139103,289547447,0.68,1.0526315789473717,600219.SH
2021-07-04,2.91,3.0,2.9,2.97,85541349,312606318,0.72,3.125,600219.SH
2021-07-05,2.97,3.04,2.94,2.99,82707430,305048815,0.69,0.6734006734006703,600219.SH
2021-07-06,2.93,3.04,2.93,3.04,87116884,323889875,0.73,1.6722408026755842,600219.SH
2021-07-07,3.04,3.08,3.0,3.01,90267499,339386912,0.76,-0.9868421052631637,600219.SH
2021-07-08,3.01,3.18,2.99,3.17,197656412,760487974,1.65,5.315614617940212,600219.SH
2021-07-11,3.24,3.29,3.18,3.21,198421758,792171523,1.66,1.2618296529968376,600219.SH
2021-07-12,3.34,3.54,3.34,3.54,511940434,2208772801,4.28,10.280373831775712,600219.SH
2021-07-13,3.71,3.82,3.59,3.66,591552466,2666702054,4.95,3.3898305084745894,600219.SH
2021-07-14,3.62,3.73,3.58,3.7,289349759,1297737203,2.42,1.0928961748633892,600219.SH
2021-07-15,3.69,3.9,3.68,3.78,262006898,1217143228,2.19,2.1621621621621623,600219.SH
2021-07-18,3.77,3.89,3.7,3.73,297694802,1379128908,2.49,-1.3227513227513144,600219.SH
2021-07-19,3.65,3.76,3.6,3.73,194557395,879307653,1.63,0.0,600219.SH
2021-07-20,3.79,3.84,3.75,3.79,142899301,660975819,1.2,1.608579088471851,600219.SH
2021-07-21,4.05,4.17,4.05,4.17,293682628,1487886459,2.46,10.026385224274414,600219.SH
2021-07-22,4.29,4.48,4.17,4.25,525514253,2781318539,4.4,1.918465227817756,600219.SH
2021-07-25,4.25,4.36,4.14,4.24,400484787,2073307929,3.35,-0.23529411764705577,600219.SH
2021-07-26,4.32,4.41,4.11,4.13,285058888,1485071030,2.39,-2.594339622641517,600219.SH
2021-07-27,4.05,4.09,3.85,3.93,273073393,1327158603,2.29,-4.842615012106533,600219.SH
2021-07-28,4.06,4.16,3.97,4.09,213136668,1053503107,1.78,4.071246819338414,600219.SH
2021-07-29,4.1,4.26,4.06,4.19,219672688,1113062989,1.84,2.444987775061147,600219.SH
2021-08-01,4.09,4.31,4.05,4.23,232271527,1177370550,1.94,0.9546539379474916,600219.SH
2021-08-02,4.26,4.27,3.9,3.95,282342677,1393833269,2.36,-6.619385342789608,600219.SH
2021-08-03,3.94,4.18,3.93,4.12,180830436,904161386,1.51,4.303797468354431,600219.SH
2021-08-04,4.09,4.18,4.06,4.13,106173651,535254687,0.89,0.24271844660193054,600219.SH
2021-08-05,4.13,4.23,4.09,4.16,127127700,645174402,1.06,0.7263922518159882,600219.SH
2021-08-08,4.14,4.16,4.03,4.14,106382329,532649564,0.89,-0.48076923076924016,600219.SH
2021-08-09,4.11,4.15,3.97,4.08,145263655,722278309,1.22,-1.449275362318836,600219.SH
2021-08-10,4.14,4.33,4.12,4.32,193752351,1007209513,1.62,5.882352941176472,600219.SH
2021-08-11,4.34,4.75,4.32,4.75,259297849,1472415415,2.17,9.953703703703699,600219.SH
2021-08-12,4.79,4.94,4.66,4.86,395291612,2313648003,3.31,2.3157894736842266,600219.SH
2021-08-15,4.99,5.02,4.7,4.73,260035766,1531059843,2.18,-2.674897119341557,600219.SH
2021-08-16,4.77,4.8,4.57,4.61,204629808,1164979121,1.71,-2.5369978858351017,600219.SH
2021-08-17,4.63,4.73,4.46,4.6,185045013,1035389710,1.55,-0.21691973969633072,600219.SH
2021-08-18,4.5,4.56,4.39,4.53,159604859,872769539,1.34,-1.5217391304347738,600219.SH
2021-08-19,4.46,4.5,4.22,4.37,205581546,1095387852,1.72,-3.532008830022082,600219.SH
2021-08-22,4.44,4.53,4.39,4.5,166360654,908659618,1.39,2.9748283752860427,600219.SH
2021-08-23,4.52,4.58,4.41,4.45,178406030,979945578,1.49,-1.1111111111111072,600219.SH
2021-08-24,4.47,4.77,4.45,4.72,262528260,1479680210,2.2,6.067415730337067,600219.SH
2021-08-25,4.75,4.83,4.6,4.63,260257530,1496177248,2.18,-1.906779661016944,600219.SH
2021-08-26,4.63,4.78,4.51,4.71,214063444,1218938353,1.79,1.7278617710583255,600219.SH
2021-08-29,4.74,4.79,4.59,4.7,259355306,1481934700,2.17,-0.2123142250530785,600219.SH
2021-08-30,4.66,4.72,4.51,4.72,201466481,1137283721,1.69,0.42553191489360653,600219.SH
2021-08-31,4.69,4.88,4.25,4.25,379109506,2053765811,3.17,-9.957627118644064,600219.SH
2021-09-01,4.09,4.35,4.06,4.29,279868594,1461027769,2.34,0.9411764705882453,600219.SH
2021-09-02,4.29,4.36,4.14,4.16,207213916,1068559948,1.73,-3.0303030303030276,600219.SH
2021-09-05,4.31,4.57,4.27,4.28,242941767,1297981938,2.03,2.8846153846153966,600219.SH
2021-09-06,4.39,4.45,4.23,4.41,181928854,966154462,1.52,3.0373831775700966,600219.SH
2021-09-07,4.41,4.71,4.35,4.56,309038474,1720830392,2.59,3.4013605442176686,600219.SH
2021-09-08,4.57,4.82,4.56,4.67,331969887,1893337183,2.78,2.412280701754388,600219.SH
2021-09-09,4.69,4.87,4.59,4.61,268834302,1544953633,2.25,-1.2847965738757905,600219.SH
2021-09-12,4.74,4.99,4.7,4.91,402060776,2376359794,3.36,6.507592190889366,600219.SH
2021-09-13,4.75,4.76,4.42,4.43,448593497,2493742549,3.75,-9.775967413441967,600219.SH
2021-09-14,4.33,4.41,4.18,4.35,246084462,1290252350,2.06,-1.8058690744921058,600219.SH
2021-09-15,4.43,4.54,4.23,4.27,266400442,1424308113,2.23,-1.839080459770115,600219.SH
2021-09-16,4.23,4.32,4.02,4.16,205053853,1045078624,1.72,-2.5761124121779777,600219.SH
2021-09-21,4.09,4.19,4.05,4.14,164135756,824110376,1.37,-0.48076923076924016,600219.SH
2021-09-22,4.18,4.22,4.01,4.04,210776132,1051876639,1.76,-2.415458937198056,600219.SH
2021-09-23,4.02,4.05,3.76,3.79,322438670,1523875211,2.7,-6.188118811881194,600219.SH
2021-09-26,3.79,3.83,3.53,3.59,206751411,916775888,1.73,-5.277044854881274,600219.SH
2021-09-27,3.6,3.69,3.59,3.63,152356775,677633158,1.27,1.1142061281337101,600219.SH
2021-09-28,3.64,3.67,3.5,3.55,129149863,566068300,1.08,-2.203856749311295,600219.SH
2021-09-29,3.58,3.64,3.53,3.58,123419040,539760921,1.03,0.8450704225352101,600219.SH
2021-10-07,3.64,3.67,3.52,3.57,92178865,401717235,0.77,-0.27932960893854997,600219.SH
2021-10-10,3.58,3.6,3.45,3.54,94950315,408726970,0.79,-0.8403361344537785,600219.SH
2021-10-11,3.55,3.56,3.35,3.38,161173805,673328782,1.35,-4.519774011299438,600219.SH
2021-10-12,3.4,3.51,3.4,3.48,94242901,397127038,0.79,2.9585798816567976,600219.SH
2021-10-13,3.52,3.58,3.46,3.55,117325949,505541105,0.98,2.011494252873569,600219.SH
2021-10-14,3.56,3.78,3.55,3.75,212482926,961239273,1.78,5.633802816901423,600219.SH
2021-10-17,3.81,3.86,3.68,3.85,158043606,731807576,1.32,2.6666666666666616,600219.SH
2021-10-18,3.82,3.89,3.77,3.84,119170516,556198330,1.0,-0.25974025974027093,600219.SH
2021-10-19,3.79,3.91,3.74,3.84,138638692,649767894,1.16,0.0,600219.SH
2021-10-20,3.87,3.89,3.77,3.8,107883753,503414546,0.9,-1.041666666666663,600219.SH
2021-10-21,3.73,3.82,3.59,3.62,147486563,664350620,1.23,-4.73684210526315,600219.SH
2021-10-24,3.62,3.67,3.6,3.63,103442012,459494097,0.87,0.2762430939226457,600219.SH
2021-10-25,3.62,3.69,3.57,3.59,107653144,475018739,0.9,-1.1019283746556474,600219.SH
2021-10-26,3.76,3.87,3.73,3.76,254817999,1180539551,2.13,4.73537604456824,600219.SH
2021-10-27,3.73,3.81,3.58,3.59,184257105,824747426,1.54,-4.521276595744683,600219.SH
2021-10-28,3.61,3.65,3.5,3.54,104264116,453695814,0.87,-1.392757660167121,600219.SH
2021-10-31,3.55,3.79,3.53,3.75,166865896,754799018,1.4,5.932203389830515,600219.SH
2021-11-01,3.76,3.77,3.54,3.58,141937686,629769202,1.19,-4.533333333333333,600219.SH
2021-11-02,3.58,3.61,3.5,3.55,91703232,396573137,0.77,-0.8379888268156499,600219.SH
2021-11-03,3.54,3.56,3.47,3.55,109153097,468494679,0.91,0.0,600219.SH
2021-11-04,3.48,3.54,3.45,3.46,108889548,464314636,0.91,-2.5352112676056304,600219.SH
2021-11-07,3.49,3.55,3.39,3.41,131833845,557187350,1.1,-1.445086705202303,600219.SH
2021-11-08,3.42,3.46,3.37,3.41,82537112,344290946,0.69,0.0,600219.SH
2021-11-09,3.39,3.42,3.28,3.41,120760844,494816422,1.01,0.0,600219.SH
2021-11-10,3.41,3.46,3.37,3.45,109646854,456733259,0.92,1.1730205278592365,600219.SH
2021-11-11,3.46,3.56,3.42,3.46,116416053,495708633,0.97,0.28985507246375164,600219.SH
2021-11-14,3.45,3.46,3.4,3.4,83031127,346467083,0.69,-1.7341040462427793,600219.SH
2021-11-15,3.41,3.42,3.32,3.32,81633910,333910701,0.68,-2.352941176470591,600219.SH
2021-11-16,3.3,3.35,3.28,3.32,79258546,320909175,0.66,0.0,600219.SH
2021-11-17,3.32,3.43,3.31,3.4,101252284,418432074,0.85,2.4096385542168752,600219.SH
2021-11-18,3.38,3.46,3.36,3.46,85682329,358135249,0.72,1.764705882352935,600219.SH
2021-11-21,3.47,3.53,3.47,3.51,86168210,368909457,0.72,1.4450867052023142,600219.SH
2021-11-22,3.55,3.76,3.51,3.68,184865805,827674579,1.55,4.843304843304863,600219.SH
2021-11-23,3.66,3.77,3.61,3.73,140827479,637484316,1.18,1.3586956521739024,600219.SH
2021-11-24,3.76,3.79,3.68,3.72,95809332,435380617,0.8,-0.2680965147452974,600219.SH
2021-11-25,3.68,3.72,3.64,3.65,85565854,383838368,0.72,-1.8817204301075363,600219.SH
2021-11-28,3.57,3.7,3.51,3.65,98974998,438386011,0.83,0.0,600219.SH
2021-11-29,3.66,3.69,3.58,3.59,96931758,429329359,0.81,-1.6438356164383605,600219.SH
2021-11-30,3.59,3.61,3.53,3.57,104380431,454457604,0.87,-0.5571030640668551,600219.SH
2021-12-01,3.58,3.61,3.51,3.55,110445902,479078992,0.92,-0.5602240896358524,600219.SH
2021-12-02,3.56,3.6,3.5,3.59,78492889,340774647,0.66,1.1267605633802802,600219.SH
2021-12-05,3.59,3.85,3.58,3.75,208966007,955761014,1.75,4.456824512534818,600219.SH
2021-12-06,3.79,4.06,3.77,3.84,266230088,1251615207,2.23,2.400000000000002,600219.SH
2021-12-07,3.91,3.96,3.79,3.85,202754093,952677990,1.7,0.26041666666667407,600219.SH
2021-12-08,3.88,3.9,3.8,3.84,140638392,659221298,1.18,-0.25974025974027093,600219.SH
2021-12-09,3.83,4.05,3.78,4.03,324570371,1577204472,2.72,4.947916666666674,600219.SH
2021-12-12,4.04,4.05,3.89,3.97,275368811,1331221697,2.3,-1.488833746898266,600219.SH
2021-12-13,3.96,3.96,3.71,3.77,287742847,1335518907,2.41,-5.037783375314864,600219.SH
2021-12-14,3.76,3.8,3.64,3.73,199203898,906780383,1.67,-1.0610079575596787,600219.SH
2021-12-15,3.74,3.89,3.72,3.89,202483162,947133119,1.69,4.289544235924936,600219.SH
2021-12-16,3.9,4.16,3.9,3.92,248811259,1210388495,2.08,0.7712082262210762,600219.SH
2021-12-19,3.95,3.96,3.77,3.79,169780188,800179992,1.42,-3.316326530612246,600219.SH
2021-12-20,3.8,3.83,3.76,3.82,104163535,482912827,0.87,0.79155672823219,600219.SH
2021-12-21,3.83,3.86,3.75,3.81,136915181,635457203,1.15,-0.2617801047120394,600219.SH
2021-12-22,3.83,4.0,3.83,3.93,220612661,1061737656,1.85,3.149606299212593,600219.SH
2021-12-23,3.96,3.97,3.81,3.86,120951129,571349392,1.01,-1.7811704834605702,600219.SH
2021-12-26,3.85,3.86,3.73,3.73,116733416,538313379,0.98,-3.3678756476683946,600219.SH
2021-12-27,3.73,3.77,3.68,3.74,90923217,414599257,0.76,0.2680965147453085,600219.SH
2021-12-28,3.74,3.77,3.68,3.69,74767033,340015672,0.63,-1.3368983957219305,600219.SH
2021-12-29,3.7,3.88,3.68,3.84,173333508,802130535,1.45,4.065040650406493,600219.SH
2021-12-30,3.82,3.9,3.8,3.86,138036812,650778602,1.16,0.5208333333333259,600219.SH
2022-01-03,3.85,3.87,3.74,3.74,127173747,586885306,1.06,-3.1088082901554293,600219.SH
2022-01-04,3.75,3.77,3.68,3.72,99806486,453357437,0.84,-0.5347593582887722,600219.SH
2022-01-05,3.7,3.92,3.69,3.91,185598406,870781693,1.55,5.107526881720426,600219.SH
2022-01-06,3.9,4.03,3.87,3.97,207042731,999774321,1.73,1.534526854219953,600219.SH
2022-01-09,3.96,4.08,3.88,3.93,147901474,714022002,1.24,-1.0075566750629705,600219.SH
2022-01-10,3.94,4.05,3.92,3.97,151844224,740956284,1.27,1.0178117048346147,600219.SH
2022-01-11,4.0,4.04,3.95,4.03,108322377,529054423,0.91,1.5113350125944613,600219.SH
2022-01-12,4.01,4.1,3.98,4.01,141509911,699580012,1.18,-0.49627791563277013,600219.SH
2022-01-13,3.99,4.0,3.87,3.98,115007238,554673989,0.96,-0.7481296758104716,600219.SH
2022-01-16,3.97,3.98,3.87,3.91,78661978,375410604,0.66,-1.7587939698492372,600219.SH
2022-01-17,3.88,3.96,3.87,3.91,60362635,288408573,0.51,0.0,600219.SH
2022-01-18,3.89,4.05,3.89,3.91,91539917,443315256,0.77,0.0,600219.SH
2022-01-19,3.91,3.96,3.82,3.83,66898056,316740962,0.56,-2.0460358056266004,600219.SH
2022-01-20,3.82,4.02,3.81,3.88,117048406,561283478,0.98,1.305483028720622,600219.SH
2022-01-23,3.85,3.87,3.76,3.77,89746320,415800497,0.75,-2.8350515463917536,600219.SH
2022-01-24,3.77,3.82,3.67,3.68,76718404,349520698,0.64,-2.3872679045092826,600219.SH
2022-01-25,3.7,3.78,3.67,3.73,59498027,270560908,0.5,1.3586956521739024,600219.SH
2022-01-26,3.71,3.73,3.55,3.57,86387122,382076931,0.72,-4.289544235924936,600219.SH
2022-01-27,3.57,3.62,3.45,3.51,89106668,383795238,0.75,-1.6806722689075682,600219.SH
2022-02-06,3.59,3.7,3.59,3.68,79833816,356749198,0.67,4.843304843304863,600219.SH
2022-02-07,3.68,3.77,3.63,3.76,74740008,337237355,0.63,2.1739130434782483,600219.SH
2022-02-08,3.87,4.0,3.86,3.92,185633697,888522483,1.55,4.255319148936176,600219.SH
2022-02-09,4.0,4.05,3.93,3.95,131866192,641531885,1.1,0.7653061224489832,600219.SH
2022-02-10,3.91,4.01,3.89,3.93,106235712,513414433,0.89,-0.5063291139240533,600219.SH
2022-02-13,3.91,3.92,3.82,3.85,75949405,358923567,0.64,-2.0356234096692183,600219.SH
2022-02-14,3.87,3.87,3.79,3.81,45635082,212570122,0.38,-1.0389610389610393,600219.SH
2022-02-15,3.82,3.87,3.81,3.85,49910249,233792902,0.42,1.049868766404205,600219.SH
2022-02-16,3.86,3.97,3.83,3.91,82855578,396175757,0.69,1.558441558441559,600219.SH
2022-02-17,3.93,4.0,3.89,3.96,72764335,351936064,0.61,1.2787723785166127,600219.SH
2022-02-20,3.98,4.07,3.97,4.02,96300394,473176454,0.81,1.5151515151515138,600219.SH
2022-02-21,4.05,4.05,3.92,4.0,88011101,428133630,0.74,-0.4975124378109319,600219.SH
2022-02-22,3.99,4.0,3.93,3.96,57913599,279693558,0.48,-1.0000000000000009,600219.SH
2022-02-23,3.94,4.03,3.88,3.96,116974018,568480647,0.98,0.0,600219.SH
2022-02-24,3.97,4.03,3.91,3.93,103536204,502114874,0.87,-0.7575757575757569,600219.SH
2022-02-27,4.0,4.08,3.94,3.98,144865227,705835965,1.21,1.2722646310432628,600219.SH
2022-02-28,3.99,3.99,3.89,3.92,102103341,490008437,0.85,-1.5075376884422176,600219.SH
2022-03-01,3.97,4.23,3.96,4.09,306535841,1532761060,2.57,4.336734693877542,600219.SH
2022-03-02,4.17,4.22,4.11,4.15,193627147,982547969,1.62,1.4669926650366927,600219.SH
2022-03-03,4.15,4.2,4.05,4.06,149285576,749154131,1.25,-2.1686746987952032,600219.SH
2022-03-06,4.14,4.14,3.98,4.02,152347683,754331450,1.27,-0.9852216748768461,600219.SH
2022-03-07,3.92,3.94,3.62,3.68,265913925,1216531208,2.23,-8.457711442786053,600219.SH
2022-03-08,3.64,3.71,3.45,3.6,178513901,783238656,1.49,-2.1739130434782594,600219.SH
2022-03-09,3.64,3.66,3.5,3.57,160319701,697878290,1.34,-0.8333333333333415,600219.SH
2022-03-10,3.54,3.54,3.44,3.5,162340880,690738480,1.36,-1.9607843137254832,600219.SH
2022-03-13,3.45,3.46,3.35,3.35,115152740,479053471,0.96,-4.285714285714281,600219.SH
2022-03-14,3.32,3.33,3.02,3.05,225639595,870244299,1.89,-8.955223880597018,600219.SH
2022-03-15,3.11,3.19,3.0,3.16,137858684,522283423,1.15,3.606557377049202,600219.SH
2022-03-16,3.24,3.28,3.18,3.21,106897991,420237082,0.89,1.5822784810126445,600219.SH
2022-03-17,3.24,3.34,3.21,3.32,123150025,495221029,1.03,3.4267912772585563,600219.SH
2022-03-20,3.36,3.49,3.35,3.38,139540955,581984926,1.17,1.8072289156626509,600219.SH
2022-03-21,3.4,3.46,3.33,3.43,91008551,379844916,0.76,1.479289940828421,600219.SH
2022-03-22,3.4,3.44,3.37,3.4,61827928,256853454,0.52,-0.8746355685131268,600219.SH
2022-03-23,3.41,3.45,3.38,3.41,107366978,447371132,0.9,0.2941176470588225,600219.SH
2022-03-24,3.41,3.45,3.38,3.4,87900826,366358939,0.74,-0.2932551319648202,600219.SH
2022-03-27,3.39,3.46,3.32,3.41,118215211,489886132,0.99,0.2941176470588225,600219.SH
2022-03-28,3.41,3.42,3.35,3.37,62028252,256264036,0.52,-1.1730205278592365,600219.SH
2022-03-29,3.37,3.37,3.3,3.32,131269248,533956616,1.1,-1.4836795252225587,600219.SH
2022-03-30,3.33,3.37,3.29,3.33,105099600,427129778,0.88,0.3012048192771122,600219.SH
2022-03-31,3.31,3.34,3.26,3.32,99518302,402601403,0.83,-0.30030030030030463,600219.SH
2022-04-05,3.33,3.33,3.26,3.32,100536429,404098594,0.84,0.0,600219.SH
2022-04-06,3.29,3.31,3.22,3.23,100064275,398333000,0.84,-2.7108433734939763,600219.SH
2022-04-07,3.24,3.28,3.16,3.23,99378310,390067583,0.83,0.0,600219.SH
2022-04-10,3.22,3.23,3.05,3.1,131249533,499747395,1.1,-4.024767801857587,600219.SH
2022-04-11,3.05,3.15,3.03,3.14,81059379,305952211,0.68,1.2903225806451646,600219.SH
2022-04-12,3.14,3.2,3.08,3.14,106636198,410151410,0.89,0.0,600219.SH
2022-04-13,3.15,3.17,3.09,3.12,96558968,368464369,0.81,-0.6369426751592355,600219.SH
2022-04-14,3.12,3.13,3.07,3.09,69558892,263267595,0.58,-0.9615384615384692,600219.SH
2022-04-17,3.08,3.08,3.0,3.03,82006499,302150987,0.69,-1.9417475728155331,600219.SH
2022-04-18,3.04,3.1,3.03,3.06,75153901,281242546,0.63,0.990099009900991,600219.SH
2022-04-19,3.05,3.07,2.94,2.95,98440745,360118946,0.82,-3.5947712418300637,600219.SH
2022-04-20,2.96,2.96,2.8,2.81,113193051,397180143,0.95,-4.74576271186441,600219.SH
2022-04-21,2.79,2.86,2.77,2.83,100986368,348033361,0.85,0.7117437722419906,600219.SH
2022-04-24,2.78,2.78,2.59,2.59,138596066,453176063,1.16,-8.48056537102474,600219.SH
2022-04-25,2.6,2.62,2.48,2.5,112805310,351224343,0.94,-3.474903474903468,600219.SH
2022-04-26,2.46,2.62,2.44,2.6,116704041,360665052,0.98,4.0000000000000036,600219.SH
2022-04-27,2.6,2.62,2.54,2.57,105566672,331743475,0.88,-1.1538461538461608,600219.SH
2022-04-28,2.6,2.69,2.59,2.67,104624939,336916173,0.88,3.891050583657596,600219.SH
2022-05-04,2.64,2.69,2.64,2.65,93406116,303747694,0.78,-0.7490636704119868,600219.SH
2022-05-05,2.6,2.6,2.52,2.53,94316862,293527155,0.79,-4.528301886792452,600219.SH
2022-05-08,2.54,2.58,2.53,2.55,58155820,181043950,0.49,0.7905138339920903,600219.SH
2022-05-09,2.51,2.6,2.48,2.58,98459827,306274930,0.82,1.1764705882353121,600219.SH
2022-05-10,2.58,2.71,2.57,2.64,123356415,398721719,1.03,2.3255813953488413,600219.SH
2022-05-11,2.62,2.64,2.58,2.6,90139693,287240733,0.75,-1.5151515151515138,600219.SH
2022-05-12,2.61,2.67,2.59,2.66,98163623,315614489,0.82,2.3076923076922995,600219.SH
2022-05-15,2.7,2.79,2.7,2.71,142797825,476912960,1.19,1.8796992481203034,600219.SH
2022-05-16,2.69,2.74,2.66,2.73,94092480,310545684,0.79,0.7380073800737907,600219.SH
2022-05-17,2.73,2.74,2.69,2.71,62432378,207144809,0.52,-0.73260073260073,600219.SH
2022-05-18,2.65,2.74,2.64,2.74,68299337,226315448,0.57,1.1070110701107083,600219.SH
2022-05-19,2.78,2.92,2.78,2.87,200646106,697358005,1.68,4.744525547445244,600219.SH
2022-05-22,2.9,2.92,2.85,2.91,144832797,512392582,1.21,1.3937282229965264,600219.SH
2022-05-23,2.89,2.91,2.77,2.78,115557793,401641139,0.97,-4.467353951890041,600219.SH
2022-05-24,2.76,2.83,2.76,2.79,98788343,336423475,0.83,0.3597122302158251,600219.SH
2022-05-25,2.81,2.83,2.76,2.82,63172394,215609621,0.53,1.0752688172043001,600219.SH
2022-05-26,2.83,2.84,2.76,2.78,68275524,233418516,0.57,-1.4184397163120588,600219.SH
2022-05-29,2.8,2.88,2.79,2.87,105562568,367752735,0.88,3.237410071942448,600219.SH
2022-05-30,2.87,2.91,2.84,2.91,92260863,322705285,0.77,1.3937282229965264,600219.SH
2022-05-31,2.87,2.87,2.79,2.83,120746864,417548548,1.01,-2.7491408934707917,600219.SH
2022-06-01,2.82,2.91,2.81,2.88,86844815,304720218,0.73,1.7667844522968101,600219.SH
2022-06-05,2.89,3.05,2.89,3.02,139158374,508239669,1.16,4.861111111111116,600219.SH
2022-06-06,3.02,3.06,2.96,3.0,74654571,273104630,0.62,-0.6622516556291425,600219.SH
2022-06-07,2.97,3.04,2.93,3.02,83303575,304584556,0.7,0.6666666666666599,600219.SH
2022-06-08,3.0,3.05,2.97,2.99,77341999,283243380,0.65,-0.9933774834437026,600219.SH
2022-06-09,2.97,3.03,2.95,3.0,183487438,672429573,1.54,0.33444816053511683,600219.SH
2022-06-12,2.98,3.03,2.96,3.01,133835195,490044623,1.12,0.3333333333333188,600219.SH
2022-06-13,2.98,3.03,2.89,3.02,106875312,387350203,0.89,0.33222591362127574,600219.SH
2022-06-14,3.01,3.1,3.01,3.03,129280313,482120362,1.08,0.3311258278145601,600219.SH
2022-06-15,3.05,3.07,2.96,2.97,104515528,382561719,0.87,-1.9801980198019709,600219.SH
2022-06-16,2.96,3.03,2.92,3.01,95322455,341149945,0.8,1.3468013468013407,600219.SH
2022-06-19,3.01,3.06,2.96,3.0,123777676,444977831,1.04,-0.33222591362125353,600219.SH
2022-06-20,3.01,3.02,2.91,2.95,89119449,317079963,0.75,-1.6666666666666607,600219.SH
2022-06-21,2.94,2.96,2.86,2.87,98103287,342741711,0.82,-2.7118644067796627,600219.SH
2022-06-22,2.87,2.92,2.84,2.91,73852774,255867996,0.62,1.3937282229965264,600219.SH
2022-06-23,2.91,2.92,2.87,2.89,78605480,273321215,0.66,-0.6872852233676952,600219.SH
2022-06-26,2.88,2.92,2.85,2.88,91761651,317594282,0.77,-0.34602076124568004,600219.SH
2022-06-27,2.88,3.17,2.88,3.17,306013614,1135572178,2.56,10.069444444444443,600219.SH
2022-06-28,3.31,3.33,3.06,3.09,434661816,1676175728,3.64,-2.5236593059936974,600219.SH
2022-06-29,3.06,3.13,3.01,3.07,205894481,759512100,1.72,-0.6472491909385147,600219.SH
2022-06-30,3.05,3.07,3.0,3.0,118521477,429953110,0.99,-2.280130293159599,600219.SH
2022-07-03,3.01,3.15,2.96,3.08,184809814,678462095,1.55,2.6666666666666616,600219.SH
2022-07-04,3.06,3.11,3.0,3.03,162077135,593592139,1.36,-1.6233766233766267,600219.SH
2022-07-05,2.99,3.0,2.89,2.91,141666318,498271283,1.19,-3.960396039603953,600219.SH
2022-07-06,2.91,3.01,2.9,2.97,111378263,396237175,0.93,2.0618556701030855,600219.SH
2022-07-07,2.98,3.0,2.93,2.93,72319416,256881409,0.61,-1.3468013468013518,600219.SH
2022-07-10,2.91,2.92,2.86,2.88,90340945,313207861,0.76,-1.7064846416382395,600219.SH
2022-07-11,2.87,2.93,2.87,2.87,71224294,247638892,0.6,-0.3472222222222099,600219.SH
2022-07-12,2.86,2.88,2.84,2.87,72309517,248092919,0.61,0.0,600219.SH
2022-07-13,2.86,2.86,2.79,2.81,100369962,340646438,0.84,-2.0905923344947785,600219.SH
2022-07-14,2.79,2.81,2.73,2.73,89017695,295849843,0.74,-2.8469750889679735,600219.SH
2022-07-17,2.75,2.86,2.75,2.84,135910303,459558706,1.14,4.029304029304015,600219.SH
2022-07-18,2.84,2.98,2.84,2.9,160996866,564253450,1.35,2.1126760563380254,600219.SH
2022-07-19,2.91,2.94,2.87,2.89,77999304,270887265,0.65,-0.34482758620688614,600219.SH
2022-07-20,2.9,2.91,2.86,2.86,84349655,292311688,0.71,-1.038062283737029,600219.SH
2022-07-21,2.87,2.91,2.86,2.88,67333183,232744996,0.56,0.6993006993007089,600219.SH
2022-07-24,2.91,2.92,2.84,2.84,59223492,204334900,0.5,-1.388888888888895,600219.SH
2022-07-25,2.84,2.86,2.78,2.86,66884896,227235223,0.56,0.7042253521126751,600219.SH
2022-07-26,2.86,2.89,2.84,2.88,53326754,183744724,0.45,0.6993006993007089,600219.SH
2022-07-27,2.91,2.91,2.87,2.9,60416777,210035173,0.51,0.694444444444442,600219.SH
2022-07-28,2.91,2.99,2.9,2.91,115332981,406936366,0.97,0.34482758620690834,600219.SH
2022-07-31,3.0,3.14,2.95,3.07,281192205,1025071558,2.35,5.498281786941561,600219.SH
2022-08-01,3.04,3.04,2.91,2.97,183822779,656121526,1.54,-3.2573289902280034,600219.SH
2022-08-02,2.96,3.01,2.84,2.86,150336338,529422646,1.26,-3.703703703703709,600219.SH
2022-08-03,2.87,2.89,2.81,2.87,74482835,255819139,0.62,0.34965034965035446,600219.SH
2022-08-04,2.88,2.9,2.81,2.88,89530033,307193650,0.75,0.34843205574912606,600219.SH
2022-08-07,2.86,2.96,2.83,2.96,101504890,354545292,0.85,2.77777777777779,600219.SH
2022-08-08,2.93,2.97,2.92,2.96,74174040,262547606,0.62,0.0,600219.SH
2022-08-09,2.95,3.05,2.94,2.97,90430483,324395700,0.76,0.33783783783785104,600219.SH
2022-08-10,2.97,3.0,2.95,2.99,100700617,360072728,0.84,0.6734006734006703,600219.SH
2022-08-11,2.99,3.07,2.96,3.06,147904718,540353446,1.24,2.341137123745818,600219.SH
2022-08-14,3.03,3.09,3.01,3.06,100342860,368213884,0.84,0.0,600219.SH
2022-08-15,3.04,3.06,3.0,3.01,82255503,298069319,0.69,-1.6339869281045805,600219.SH
2022-08-16,3.03,3.06,2.98,3.02,72205606,261095195,0.6,0.33222591362127574,600219.SH
2022-08-17,3.12,3.26,3.1,3.11,274789152,1042563481,2.3,2.98013245033113,600219.SH
2022-08-18,3.11,3.13,3.03,3.05,138256024,511276251,1.16,-1.9292604501607746,600219.SH
2022-08-21,3.02,3.11,3.01,3.08,120051728,441511085,1.0,0.9836065573770592,600219.SH
2022-08-22,3.06,3.11,3.01,3.04,108314233,397096469,0.91,-1.2987012987012991,600219.SH
2022-08-23,3.06,3.08,2.93,2.94,122050054,437527251,1.02,-3.289473684210531,600219.SH
2022-08-24,2.95,3.06,2.9,3.04,126680611,454434914,1.06,3.401360544217691,600219.SH
2022-08-25,3.04,3.06,2.96,2.98,106772685,385413963,0.89,-1.9736842105263164,600219.SH
2022-08-28,2.93,3.01,2.91,2.99,92881968,329971880,0.78,0.3355704697986628,600219.SH
2022-08-29,2.98,3.01,2.93,2.96,86651574,308677362,0.73,-1.0033444816053616,600219.SH
2022-08-30,2.94,2.95,2.82,2.82,135386508,465651064,1.13,-4.729729729729737,600219.SH
2022-08-31,2.83,2.86,2.81,2.81,74254266,252127593,0.62,-0.35460992907800915,600219.SH
2022-09-01,2.81,2.82,2.76,2.78,67370709,225078712,0.56,-1.067615658362997,600219.SH
2022-09-04,2.77,2.79,2.73,2.76,108764183,359489311,0.91,-0.7194244604316502,600219.SH
2022-09-05,2.76,2.82,2.75,2.81,87305676,292916701,0.73,1.8115942028985588,600219.SH
2022-09-06,2.81,3.08,2.8,3.04,371687839,1336381656,3.11,8.185053380782925,600219.SH
2022-09-07,3.04,3.05,2.96,3.0,147557096,531023947,1.23,-1.3157894736842146,600219.SH
2022-09-08,2.99,3.11,2.99,3.07,187335186,689940275,1.57,2.3333333333333206,600219.SH
2022-09-12,3.09,3.11,3.05,3.07,123133843,455245706,1.03,0.0,600219.SH
2022-09-13,3.0,3.09,3.0,3.02,91703763,334643359,0.77,-1.6286644951139961,600219.SH
2022-09-14,3.05,3.05,2.92,2.96,108186998,384926403,0.91,-1.9867549668874163,600219.SH
2022-09-15,2.97,2.99,2.82,2.82,132494232,457281835,1.11,-4.729729729729737,600219.SH
2022-09-18,2.81,2.82,2.76,2.8,81393216,273241992,0.68,-0.7092198581560294,600219.SH
2022-09-19,2.81,2.84,2.78,2.79,95859199,322578493,0.8,-0.35714285714284477,600219.SH
2022-09-20,2.79,2.82,2.73,2.8,76057769,253526793,0.64,0.35842293906809264,600219.SH
2022-09-21,2.78,2.82,2.76,2.79,53870995,180698627,0.45,-0.35714285714284477,600219.SH
2022-09-22,2.78,2.8,2.71,2.75,75309450,249143912,0.63,-1.4336917562724039,600219.SH
2022-09-25,2.71,2.71,2.6,2.61,125928973,400371315,1.05,-5.09090909090909,600219.SH
2022-09-26,2.61,2.64,2.56,2.61,95134115,295100902,0.8,0.0,600219.SH
2022-09-27,2.59,2.59,2.46,2.47,144722211,436531411,1.21,-5.363984674329492,600219.SH
2022-09-28,2.5,2.51,2.44,2.47,91466024,271748445,0.77,0.0,600219.SH
2022-09-29,2.5,2.54,2.49,2.51,86143003,260356788,0.72,1.6194331983805599,600219.SH
2022-10-09,2.53,2.56,2.48,2.49,76738727,232402805,0.64,-0.7968127490039723,600219.SH
2022-10-10,2.5,2.52,2.47,2.51,65516948,197026389,0.55,0.8032128514056103,600219.SH
2022-10-11,2.51,2.6,2.5,2.6,103451256,316575163,0.87,3.5856573705179473,600219.SH
2022-10-12,2.64,2.73,2.6,2.71,156681537,504375215,1.31,4.230769230769216,600219.SH
2022-10-13,2.72,2.74,2.68,2.73,94479831,309097806,0.79,0.7380073800737907,600219.SH
2022-10-16,2.71,2.73,2.69,2.72,67034321,218400006,0.56,-0.3663003663003539,600219.SH
2022-10-17,2.72,2.73,2.66,2.66,74472702,240566419,0.62,-2.2058823529411797,600219.SH
2022-10-18,2.66,2.7,2.64,2.65,48356401,154951987,0.4,-0.375939849624074,600219.SH
2022-10-19,2.63,2.66,2.6,2.64,52279611,164984843,0.44,-0.37735849056602655,600219.SH
2022-10-20,2.66,2.66,2.61,2.61,45422128,143499357,0.38,-1.1363636363636465,600219.SH
2022-10-23,2.64,2.68,2.56,2.58,61586485,193990835,0.52,-1.1494252873563093,600219.SH
2022-10-24,2.58,2.62,2.54,2.61,53844875,166813617,0.45,1.1627906976744207,600219.SH
2022-10-25,2.61,2.65,2.6,2.63,51205428,161464738,0.43,0.766283524904221,600219.SH
2022-10-26,2.65,2.71,2.63,2.69,102327059,327410567,0.86,2.281368821292773,600219.SH
2022-10-27,2.67,2.68,2.56,2.59,86824343,272651964,0.73,-3.7174721189591087,600219.SH
2022-10-30,2.56,2.59,2.51,2.56,71380024,218595243,0.6,-1.158301158301156,600219.SH
2022-10-31,2.56,2.64,2.55,2.63,62285063,195801933,0.52,2.734375,600219.SH
2022-11-01,2.63,2.66,2.61,2.66,54341945,172424318,0.45,1.1406844106463865,600219.SH
2022-11-02,2.63,2.79,2.62,2.66,130304130,424152155,1.09,0.0,600219.SH
2022-11-03,2.68,2.72,2.66,2.71,79006694,255979832,0.66,1.8796992481203034,600219.SH
2022-11-06,2.75,2.8,2.74,2.78,126907843,422718860,1.06,2.58302583025829,600219.SH
2022-11-07,2.78,2.8,2.74,2.8,85300232,284197443,0.71,0.7194244604316502,600219.SH
2022-11-08,2.82,2.86,2.76,2.77,79545358,268292496,0.67,-1.0714285714285676,600219.SH
2022-11-09,2.76,2.78,2.74,2.76,63072006,208933007,0.53,-0.3610108303249149,600219.SH
2022-11-10,2.83,2.86,2.8,2.83,115110156,390518709,0.96,2.5362318840579823,600219.SH
2022-11-13,2.87,2.91,2.82,2.84,99080556,340911891,0.83,0.35335689045936647,600219.SH
2022-11-14,2.83,2.95,2.81,2.93,115074860,399535803,0.96,3.169014084507049,600219.SH
2022-11-15,2.96,2.96,2.9,2.91,59566748,208744561,0.5,-0.6825938566552892,600219.SH
2022-11-16,2.9,2.91,2.85,2.87,61279865,211312699,0.51,-1.3745704467354014,600219.SH
2022-11-17,2.89,2.89,2.83,2.83,62190692,212677166,0.53,-1.3937282229965153,600219.SH
2022-11-20,2.81,2.83,2.79,2.83,39562923,133526253,0.34,0.0,600219.SH
2022-11-21,2.82,2.9,2.81,2.86,49672128,170545665,0.42,1.0600706713780772,600219.SH
2022-11-22,2.87,2.9,2.86,2.89,43142702,149128649,0.37,1.0489510489510634,600219.SH
2022-11-23,2.9,2.93,2.88,2.92,62225585,217561630,0.53,1.038062283737018,600219.SH
2022-11-24,2.91,2.94,2.91,2.92,41623953,146142591,0.36,0.0,600219.SH
2022-11-27,2.9,2.9,2.84,2.87,44010951,151685701,0.38,-1.7123287671232834,600219.SH
2022-11-28,2.89,2.94,2.88,2.93,57694566,201839437,0.49,2.0905923344947785,600219.SH
2022-11-29,2.92,2.96,2.91,2.91,61679038,216761738,0.53,-0.6825938566552892,600219.SH
2022-11-30,2.96,3.01,2.95,2.99,101676307,363711610,0.87,2.749140893470803,600219.SH
2022-12-01,2.99,2.99,2.88,2.9,78347233,274871131,0.67,-3.0100334448160626,600219.SH
2022-12-04,2.92,3.04,2.92,3.01,114718264,412228934,0.98,3.7931034482758585,600219.SH
2022-12-05,3.0,3.05,2.96,3.02,85106739,307882975,0.73,0.33222591362127574,600219.SH
2022-12-06,3.0,3.01,2.96,2.96,59768060,213447589,0.51,-1.9867549668874163,600219.SH
2022-12-07,2.96,2.97,2.92,2.93,65368790,231190987,0.56,-1.0135135135135087,600219.SH
2022-12-08,2.94,3.02,2.93,3.01,93639370,336352732,0.8,2.7303754266211566,600219.SH
2022-12-11,2.99,3.0,2.92,2.93,66550240,235023441,0.57,-2.6578073089700838,600219.SH
2022-12-12,2.91,2.95,2.91,2.91,45880721,161068723,0.39,-0.6825938566552892,600219.SH
2022-12-13,2.92,2.96,2.86,2.88,49921443,173662655,0.43,-1.0309278350515538,600219.SH
2022-12-14,2.88,2.91,2.85,2.91,46174489,159949338,0.39,1.041666666666674,600219.SH
2022-12-15,2.86,2.91,2.85,2.9,37301987,129327091,0.32,-0.3436426116838587,600219.SH
2022-12-18,2.88,2.9,2.8,2.81,40939440,139420689,0.35,-3.103448275862064,600219.SH
2022-12-19,2.81,2.84,2.76,2.77,44496753,149252397,0.38,-1.4234875444839923,600219.SH
2022-12-20,2.79,2.81,2.76,2.77,28752973,96058689,0.25,0.0,600219.SH
2022-12-21,2.79,2.81,2.73,2.74,34070084,113362954,0.29,-1.0830324909747224,600219.SH
2022-12-22,2.74,2.77,2.71,2.73,32257717,105977502,0.28,-0.36496350364964014,600219.SH
2022-12-25,2.73,2.76,2.72,2.76,23467700,77487820,0.2,1.098901098901095,600219.SH
2022-12-26,2.77,2.83,2.76,2.82,28829547,97135573,0.25,2.1739130434782705,600219.SH
2022-12-27,2.81,2.83,2.78,2.8,31325839,105502962,0.27,-0.7092198581560294,600219.SH
2022-12-28,2.79,2.8,2.74,2.75,34843788,115556853,0.3,-1.7857142857142794,600219.SH
2022-12-29,2.76,2.77,2.71,2.72,42075914,138066584,0.36,-1.0909090909090868,600219.SH
2023-01-02,2.72,2.8,2.69,2.78,52082076,172089531,0.44,2.2058823529411686,600219.SH
2023-01-03,2.77,2.8,2.75,2.76,33211679,110534335,0.28,-0.7194244604316502,600219.SH
2023-01-04,2.78,2.78,2.76,2.76,34492156,114548097,0.29,0.0,600219.SH
2023-01-05,2.76,2.79,2.76,2.77,40806394,136020017,0.35,0.36231884057971175,600219.SH
2023-01-08,2.79,2.85,2.79,2.82,56250272,190667191,0.48,1.8050541516245522,600219.SH
2023-01-09,2.83,2.86,2.81,2.82,46920164,159299113,0.4,0.0,600219.SH
2023-01-10,2.86,2.86,2.82,2.84,46714614,159749375,0.4,0.7092198581560183,600219.SH
2023-01-11,2.86,2.86,2.82,2.84,34664656,118400030,0.3,0.0,600219.SH
2023-01-12,2.86,2.89,2.83,2.87,42528549,146017454,0.36,1.0563380281690238,600219.SH
2023-01-15,2.86,2.9,2.86,2.88,51795225,179111910,0.44,0.34843205574912606,600219.SH
2023-01-16,2.88,2.89,2.84,2.86,39537029,135926325,0.34,-0.694444444444442,600219.SH
2023-01-17,2.86,2.92,2.86,2.91,51951187,181209788,0.44,1.7482517482517501,600219.SH
2023-01-18,2.91,2.92,2.89,2.92,33134404,115694259,0.28,0.3436426116838476,600219.SH
2023-01-19,2.92,2.99,2.92,2.99,64367113,229408898,0.55,2.3972602739726234,600219.SH
2023-01-29,3.02,3.04,2.96,2.97,72444461,260215594,0.62,-0.6688963210702337,600219.SH
2023-01-30,2.97,3.02,2.96,3.01,60116100,216380968,0.51,1.3468013468013407,600219.SH
2023-01-31,3.01,3.11,3.01,3.08,110913135,408827614,0.95,2.3255813953488413,600219.SH
2023-02-01,3.09,3.09,3.03,3.06,72110499,264699985,0.62,-0.6493506493506551,600219.SH
2023-02-02,3.06,3.06,2.97,3.01,71659743,258060184,0.61,-1.6339869281045805,600219.SH
2023-02-05,3.0,3.02,2.95,3.0,57692905,206667886,0.49,-0.33222591362125353,600219.SH
2023-02-06,3.01,3.05,3.01,3.04,55967805,203601771,0.48,1.333333333333342,600219.SH
2023-02-07,3.06,3.06,2.99,2.99,47352498,171625404,0.4,-1.6447368421052544,600219.SH
2023-02-08,2.99,3.04,2.96,3.03,48105991,174504316,0.41,1.3377926421404451,600219.SH
2023-02-09,3.01,3.03,2.98,2.99,45673739,164524295,0.39,-1.3201320132013028,600219.SH
2023-02-12,2.99,3.01,2.97,3.0,42246639,151798207,0.36,0.33444816053511683,600219.SH
2023-02-13,3.0,3.08,3.0,3.03,87927265,321522122,0.75,1.0000000000000009,600219.SH
2023-02-14,3.04,3.09,3.01,3.02,72706640,265731961,0.62,-0.3300330033003229,600219.SH
2023-02-15,3.01,3.02,2.91,2.93,107476709,384304175,0.92,-2.980132450331119,600219.SH
2023-02-16,2.95,2.99,2.93,2.95,61617540,219124361,0.53,0.6825938566553003,600219.SH
2023-02-19,2.96,3.06,2.96,3.04,102959018,373816082,0.88,3.050847457627115,600219.SH
2023-02-20,3.04,3.1,3.03,3.1,158166091,584598635,1.35,1.9736842105263275,600219.SH
2023-02-21,3.07,3.15,3.06,3.09,79039461,294418192,0.68,-0.3225806451612967,600219.SH
2023-02-22,3.09,3.11,3.06,3.08,54669330,201926402,0.47,-0.3236245954692518,600219.SH
2023-02-23,3.08,3.08,3.02,3.03,44735748,163327958,0.38,-1.6233766233766267,600219.SH
2023-02-26,3.01,3.06,3.0,3.01,44660115,161962076,0.38,-0.660066006600657,600219.SH
2023-02-27,3.03,3.03,2.96,3.01,59529517,213804274,0.51,0.0,600219.SH
2023-02-28,3.01,3.06,3.0,3.06,69518259,253973110,0.59,1.661129568106312,600219.SH
2023-03-01,3.07,3.07,3.02,3.04,47384024,173310921,0.4,-0.6535947712418277,600219.SH
2023-03-02,3.04,3.09,3.01,3.06,58858698,216080782,0.5,0.6578947368421018,600219.SH
2023-03-05,3.06,3.07,3.01,3.01,56410114,204845474,0.48,-1.6339869281045805,600219.SH
2023-03-06,3.01,3.06,2.98,2.98,68409496,248325283,0.58,-0.9966777408637828,600219.SH
2023-03-07,2.96,3.0,2.95,3.0,45338258,162099065,0.39,0.6711409395973256,600219.SH
2023-03-08,3.0,3.01,2.96,2.99,58066493,208766077,0.5,-0.33333333333332993,600219.SH
2023-03-09,2.98,2.99,2.93,2.94,59894368,212578800,0.51,-1.6722408026755953,600219.SH
2023-03-12,2.93,2.96,2.86,2.91,74311392,259135568,0.63,-1.0204081632652962,600219.SH
2023-03-13,2.91,2.95,2.87,2.9,59371272,207509141,0.51,-0.3436426116838587,600219.SH
2023-03-14,2.91,2.93,2.89,2.91,39558084,138303767,0.34,0.34482758620690834,600219.SH
2023-03-15,2.89,2.9,2.84,2.85,67197010,230968511,0.57,-2.0618556701030966,600219.SH
2023-03-16,2.86,2.9,2.86,2.88,57584526,198729046,0.49,1.0526315789473717,600219.SH
2023-03-19,2.87,2.91,2.86,2.87,46370221,160456157,0.4,-0.3472222222222099,600219.SH
2023-03-20,2.87,2.89,2.86,2.89,33872332,117095067,0.29,0.6968641114982521,600219.SH
2023-03-21,2.89,2.91,2.86,2.88,38597354,133487213,0.33,-0.34602076124568004,600219.SH
2023-03-22,2.88,2.92,2.86,2.91,65544066,228055439,0.56,1.041666666666674,600219.SH
2023-03-23,2.91,2.92,2.87,2.91,43371896,151031720,0.37,0.0,600219.SH
2023-03-26,2.91,2.91,2.86,2.87,42724990,147305543,0.36,-1.3745704467354014,600219.SH
2023-03-27,2.87,2.88,2.82,2.84,52399295,179262857,0.45,-1.0452961672474004,600219.SH
2023-03-28,2.85,2.86,2.81,2.81,36913412,125216271,0.32,-1.0563380281690127,600219.SH
2023-03-29,2.81,2.83,2.78,2.83,45710837,154162137,0.39,0.7117437722419906,600219.SH
2023-03-30,2.82,2.86,2.81,2.82,31644161,107751711,0.27,-0.35335689045937757,600219.SH
2023-04-02,2.84,2.84,2.79,2.81,72563804,245144848,0.62,-0.35460992907800915,600219.SH
2023-04-03,2.81,2.83,2.79,2.82,55977952,188833657,0.48,0.3558718861209842,600219.SH
2023-04-05,2.82,2.84,2.8,2.81,59991595,202846315,0.51,-0.35460992907800915,600219.SH
2023-04-06,2.82,2.84,2.81,2.83,46538130,158201152,0.4,0.7117437722419906,600219.SH
2023-04-09,2.84,2.91,2.83,2.85,62736317,216157247,0.54,0.7067137809187329,600219.SH
2023-04-10,2.85,2.86,2.81,2.86,48306303,165016282,0.41,0.35087719298245723,600219.SH
2023-04-11,2.87,2.91,2.86,2.9,69673255,241752165,0.6,1.3986013986013957,600219.SH
2023-04-12,2.9,2.92,2.86,2.87,48641455,168567304,0.42,-1.0344827586206806,600219.SH
2023-04-13,2.89,2.91,2.88,2.91,64988788,226250182,0.56,1.3937282229965264,600219.SH
2023-04-16,2.91,2.96,2.89,2.96,95089599,335233075,0.81,1.7182130584192379,600219.SH
2023-04-17,2.96,2.96,2.94,2.96,59693388,211491904,0.51,0.0,600219.SH
2023-04-18,2.96,2.99,2.93,2.93,53492527,189722317,0.46,-1.0135135135135087,600219.SH
2023-04-19,2.94,2.94,2.87,2.91,57413408,199771508,0.49,-0.6825938566552892,600219.SH
2023-04-20,2.91,2.93,2.84,2.84,61408415,212663178,0.52,-2.4054982817869552,600219.SH
2023-04-23,2.86,2.88,2.84,2.85,69219217,237431553,0.59,0.35211267605634866,600219.SH
2023-04-24,2.85,2.86,2.73,2.78,89863100,300583052,0.77,-2.4561403508772006,600219.SH
2023-04-25,2.77,2.8,2.74,2.78,46817253,156114994,0.4,0.0,600219.SH
2023-04-26,2.78,2.8,2.76,2.78,52086172,173872621,0.44,0.0,600219.SH
2023-04-27,2.79,2.82,2.77,2.82,55714888,187512997,0.48,1.4388489208633004,600219.SH
2023-05-03,2.77,2.78,2.73,2.77,109102535,361599296,0.93,-1.773049645390068,600219.SH
2023-05-04,2.76,2.78,2.75,2.76,87690256,290639516,0.75,-0.3610108303249149,600219.SH
2023-05-07,2.76,2.81,2.76,2.81,76300738,256109566,0.65,1.8115942028985588,600219.SH
2023-05-08,2.81,2.85,2.78,2.78,67558358,228146387,0.58,-1.067615658362997,600219.SH
2023-05-09,2.79,2.81,2.77,2.78,40688231,136287186,0.35,0.0,600219.SH
2023-05-10,2.78,2.79,2.76,2.76,38531712,128247562,0.33,-0.7194244604316502,600219.SH
2023-05-11,2.76,2.76,2.67,2.68,111477090,362477283,0.95,-2.898550724637672,600219.SH
2023-05-14,2.68,2.7,2.64,2.69,63202110,202676126,0.54,0.3731343283581934,600219.SH
2023-05-15,2.69,2.7,2.66,2.66,35769492,115074953,0.31,-1.1152416356877248,600219.SH
2023-05-16,2.66,2.67,2.65,2.66,39351904,125645030,0.34,0.0,600219.SH
2023-05-17,2.68,2.68,2.65,2.66,36847984,117770279,0.31,0.0,600219.SH
2023-05-18,2.65,2.66,2.62,2.63,45167866,143042672,0.39,-1.1278195488721887,600219.SH
2023-05-21,2.62,2.65,2.62,2.63,32669153,103267224,0.28,0.0,600219.SH
2023-05-22,2.63,2.64,2.61,2.61,35066765,110398257,0.3,-0.760456273764254,600219.SH
2023-05-23,2.61,2.61,2.55,2.56,60842284,188181444,0.52,-1.9157088122605304,600219.SH
2023-05-24,2.54,2.56,2.51,2.55,47771639,145561921,0.41,-0.3906250000000111,600219.SH
2023-05-25,2.54,2.57,2.51,2.56,36342920,110602258,0.31,0.39215686274509665,600219.SH
2023-05-28,2.58,2.59,2.52,2.53,66756879,204155514,0.57,-1.171875000000011,600219.SH
2023-05-29,2.53,2.53,2.49,2.52,75452372,227159568,0.64,-0.39525691699603405,600219.SH
2023-05-30,2.52,2.53,2.49,2.51,54121434,162906723,0.46,-0.3968253968254065,600219.SH
2023-05-31,2.5,2.54,2.49,2.52,50495503,152677021,0.43,0.3984063745019917,600219.SH
2023-06-01,2.52,2.58,2.52,2.58,59728528,183861104,0.51,2.3809523809523725,600219.SH
2023-06-04,2.6,2.6,2.56,2.57,44145570,136802612,0.38,-0.387596899224818,600219.SH
2023-06-05,2.56,2.59,2.53,2.53,47742949,146732678,0.41,-1.5564202334630406,600219.SH
2023-06-06,2.53,2.55,2.51,2.51,44013290,133529842,0.38,-0.7905138339920903,600219.SH
2023-06-07,2.51,2.56,2.51,2.56,52617785,160436385,0.45,1.9920318725099806,600219.SH
2023-06-08,2.56,2.59,2.54,2.59,75633928,233417939,0.65,1.171875,600219.SH
2023-06-11,2.58,2.6,2.56,2.58,48771607,150953753,0.42,-0.3861003861003742,600219.SH
2023-06-12,2.58,2.6,2.56,2.57,34763268,107545263,0.3,-0.387596899224818,600219.SH
2023-06-13,2.58,2.61,2.56,2.56,66757789,206958778,0.57,-0.38910505836574627,600219.SH
2023-06-14,2.56,2.57,2.54,2.57,41874642,128471169,0.36,0.390625,600219.SH
2023-06-15,2.58,2.6,2.58,2.59,40676650,124910266,0.35,0.7782101167315147,600219.SH
2023-06-18,2.6,2.6,2.57,2.58,40092738,122854322,0.34,-0.3861003861003742,600219.SH
2023-06-19,2.57,2.58,2.54,2.54,47443761,143387128,0.41,-1.5503875968992276,600219.SH
2023-06-20,2.53,2.55,2.52,2.52,34610778,103993805,0.3,-0.7874015748031482,600219.SH
2023-06-25,2.51,2.51,2.47,2.48,47655010,140757852,0.41,-1.5873015873015928,600219.SH
2023-06-26,2.49,2.56,2.48,2.56,50310507,151070414,0.43,3.2258064516129004,600219.SH
2023-06-27,2.56,2.56,2.53,2.56,31348913,94754846,0.27,0.0,600219.SH
2023-06-28,2.56,2.56,2.53,2.53,29899389,90060529,0.26,-1.171875000000011,600219.SH
2023-06-29,2.53,2.56,2.52,2.55,31439426,95150960,0.27,0.7905138339920903,600219.SH
2023-07-02,2.56,2.6,2.55,2.59,45653189,139763860,0.39,1.5686274509803866,600219.SH
2023-07-03,2.59,2.61,2.56,2.57,32929522,100633936,0.28,-0.7722007722007707,600219.SH
2023-07-04,2.56,2.62,2.56,2.59,53822450,165374212,0.46,0.7782101167315147,600219.SH
2023-07-05,2.6,2.61,2.56,2.57,37695977,115058785,0.32,-0.7722007722007707,600219.SH
2023-07-06,2.56,2.66,2.56,2.61,104061520,321950655,0.89,1.5564202334630295,600219.SH
2023-07-09,2.6,2.62,2.58,2.58,55981301,172202520,0.48,-1.1494252873563093,600219.SH
2023-07-10,2.58,2.6,2.57,2.6,28235665,86665170,0.24,0.7751937984496138,600219.SH
2023-07-11,2.59,2.61,2.57,2.57,34342666,105358797,0.29,-1.1538461538461608,600219.SH
2023-07-12,2.59,2.62,2.58,2.62,56070487,173569833,0.48,1.945525291828809,600219.SH
2023-07-13,2.62,2.64,2.6,2.61,50456470,156835392,0.43,-0.3816793893129833,600219.SH
2023-07-16,2.61,2.61,2.58,2.59,26915490,82689916,0.23,-0.7662835249042099,600219.SH
2023-07-17,2.6,2.62,2.59,2.6,21699588,66889148,0.19,0.38610038610038533,600219.SH
2023-07-18,2.6,2.62,2.59,2.62,31602949,97581546,0.27,0.7692307692307665,600219.SH
2023-07-19,2.62,2.64,2.6,2.61,44077350,136986895,0.38,-0.3816793893129833,600219.SH
2023-07-20,2.6,2.62,2.6,2.61,28932556,89416592,0.25,0.0,600219.SH
2023-07-23,2.6,2.61,2.58,2.59,27765800,85372729,0.24,-0.7662835249042099,600219.SH
2023-07-24,2.61,2.66,2.6,2.65,68042110,212831004,0.58,2.316602316602312,600219.SH
2023-07-25,2.65,2.67,2.64,2.67,53918335,170151817,0.46,0.7547169811320753,600219.SH
2023-07-26,2.67,2.71,2.67,2.67,58355052,186111846,0.5,0.0,600219.SH
2023-07-27,2.67,2.73,2.66,2.72,60620676,194367443,0.52,1.8726591760299671,600219.SH
2023-07-30,2.74,2.78,2.73,2.73,65774234,214282525,0.56,0.3676470588235281,600219.SH
2023-07-31,2.74,2.79,2.73,2.76,89277405,291971350,0.76,1.098901098901095,600219.SH
2023-08-01,2.76,2.77,2.72,2.74,58482594,190289131,0.5,-0.7246376811594013,600219.SH
2023-08-02,2.72,2.76,2.72,2.76,51009573,165568116,0.44,0.7299270072992581,600219.SH
2023-08-03,2.77,2.78,2.73,2.75,39276198,128311086,0.34,-0.36231884057970065,600219.SH
2023-08-06,2.74,2.75,2.72,2.73,35071999,113512362,0.3,-0.727272727272732,600219.SH
2023-08-07,2.72,2.74,2.71,2.72,44008548,142097310,0.38,-0.3663003663003539,600219.SH
2023-08-08,2.72,2.72,2.69,2.7,29530919,94794782,0.25,-0.7352941176470562,600219.SH
2023-08-09,2.71,2.73,2.69,2.71,28062770,90238519,0.24,0.37037037037035425,600219.SH
2023-08-10,2.72,2.72,2.67,2.68,44539956,141975064,0.38,-1.1070110701106972,600219.SH
2023-08-13,2.67,2.68,2.63,2.66,41853715,131635304,0.36,-0.7462686567164201,600219.SH
2023-08-14,2.66,2.67,2.64,2.66,30567711,96257629,0.26,0.0,600219.SH
2023-08-15,2.65,2.69,2.63,2.67,36133608,114018693,0.31,0.3759398496240518,600219.SH
2023-08-16,2.66,2.68,2.61,2.67,44919519,141115329,0.38,0.0,600219.SH
2023-08-17,2.67,2.69,2.65,2.65,32444927,102683029,0.28,-0.7490636704119868,600219.SH
2023-08-20,2.65,2.67,2.62,2.62,37963896,118855735,0.32,-1.1320754716981019,600219.SH
2023-08-21,2.62,2.68,2.62,2.67,56707761,177953611,0.48,1.9083969465648831,600219.SH
2023-08-22,2.66,2.66,2.6,2.61,44842373,140029201,0.38,-2.2471910112359605,600219.SH
2023-08-23,2.62,2.65,2.61,2.62,34297925,106817824,0.29,0.3831417624521105,600219.SH
2023-08-24,2.62,2.62,2.58,2.59,44193822,136171986,0.38,-1.1450381679389388,600219.SH
2023-08-27,2.71,2.73,2.67,2.68,107471290,344281682,0.92,3.47490347490349,600219.SH
2023-08-28,2.68,2.69,2.65,2.65,69985486,220916818,0.6,-1.1194029850746356,600219.SH
2023-08-29,2.66,2.68,2.63,2.64,40788715,128162256,0.35,-0.37735849056602655,600219.SH
2023-08-30,2.65,2.66,2.62,2.63,42907342,133632436,0.37,-0.37878787878788955,600219.SH
2023-08-31,2.63,2.72,2.63,2.69,73494200,233625064,0.63,2.281368821292773,600219.SH
2023-09-03,2.71,2.78,2.69,2.77,145853327,474494510,1.25,2.973977695167296,600219.SH
2023-09-04,2.75,2.76,2.72,2.75,58655378,190654059,0.5,-0.7220216606498187,600219.SH
2023-09-05,2.74,2.75,2.72,2.72,38913187,125855738,0.33,-1.0909090909090868,600219.SH
2023-09-06,2.72,2.73,2.68,2.69,35561910,114122910,0.3,-1.1029411764705954,600219.SH
2023-09-07,2.69,2.7,2.64,2.66,35326098,111486851,0.3,-1.1152416356877248,600219.SH
2023-09-10,2.67,2.75,2.66,2.73,79254372,255433888,0.68,2.631578947368407,600219.SH
2023-09-11,2.73,2.75,2.72,2.72,51841885,167830458,0.44,-0.3663003663003539,600219.SH
2023-09-12,2.72,2.75,2.7,2.73,44434186,143594768,0.38,0.3676470588235281,600219.SH
2023-09-13,2.73,2.76,2.72,2.75,51673069,168189863,0.44,0.73260073260073,600219.SH
2023-09-14,2.75,2.78,2.72,2.74,51666891,168486930,0.44,-0.3636363636363549,600219.SH
2023-09-17,2.73,2.73,2.7,2.72,45763158,147446765,0.39,-0.7299270072992692,600219.SH
2023-09-18,2.72,2.76,2.72,2.74,41043203,133152658,0.35,0.7352941176470562,600219.SH
2023-09-19,2.73,2.75,2.71,2.72,35940182,116096097,0.31,-0.7299270072992692,600219.SH
2023-09-20,2.72,2.72,2.68,2.69,43067595,137876061,0.37,-1.1029411764705954,600219.SH
2023-09-21,2.68,2.71,2.66,2.7,53810413,170917613,0.46,0.3717472118959231,600219.SH
2023-09-24,2.69,2.7,2.67,2.69,36141753,115055543,0.31,-0.37037037037037646,600219.SH
2023-09-25,2.68,2.69,2.65,2.65,33300680,105333539,0.28,-1.486988847583648,600219.SH
2023-09-26,2.65,2.67,2.63,2.64,31395990,98557842,0.27,-0.37735849056602655,600219.SH
2023-09-27,2.65,2.66,2.64,2.65,22474330,70647921,0.19,0.37878787878786735,600219.SH
2023-10-08,2.64,2.67,2.62,2.65,34243305,107241685,0.29,0.0,600219.SH
2023-10-09,2.65,2.67,2.64,2.64,31832413,99996934,0.27,-0.37735849056602655,600219.SH
2023-10-10,2.65,2.65,2.61,2.62,35741512,111274830,0.31,-0.7575757575757569,600219.SH
2023-10-11,2.62,2.67,2.62,2.67,42055122,132031421,0.36,1.9083969465648831,600219.SH
2023-10-12,2.65,2.66,2.63,2.64,27630227,86499897,0.24,-1.1235955056179692,600219.SH
2023-10-15,2.64,2.65,2.62,2.62,31717960,99007767,0.27,-0.7575757575757569,600219.SH
2023-10-16,2.63,2.63,2.61,2.62,29745427,92245231,0.25,0.0,600219.SH
2023-10-17,2.62,2.62,2.58,2.58,32299442,99277116,0.28,-1.526717557251911,600219.SH
2023-10-18,2.57,2.58,2.54,2.54,34454409,104540688,0.29,-1.5503875968992276,600219.SH
2023-10-19,2.53,2.55,2.51,2.52,45126647,135216341,0.39,-0.7874015748031482,600219.SH
2023-10-22,2.51,2.52,2.44,2.45,44697593,131305926,0.38,-2.777777777777768,600219.SH
2023-10-23,2.45,2.5,2.43,2.46,71581335,208642258,0.61,0.40816326530610514,600219.SH
2023-10-24,2.48,2.54,2.47,2.51,53655623,159587152,0.46,2.0325203252032464,600219.SH
2023-10-25,2.51,2.53,2.48,2.52,34073762,101224851,0.29,0.3984063745019917,600219.SH
2023-10-26,2.51,2.58,2.51,2.57,40411415,122467025,0.35,1.984126984126977,600219.SH
2023-10-29,2.57,2.62,2.57,2.61,48508992,149443456,0.41,1.5564202334630295,600219.SH
2023-10-30,2.62,2.64,2.6,2.62,36707876,113912458,0.31,0.3831417624521105,600219.SH
2023-10-31,2.62,2.63,2.6,2.63,39809369,123296016,0.34,0.3816793893129722,600219.SH
2023-11-01,2.63,2.64,2.59,2.6,42962280,133058291,0.37,-1.1406844106463754,600219.SH
2023-11-02,2.61,2.62,2.57,2.58,45198877,138908378,0.39,-0.7692307692307665,600219.SH
2023-11-05,2.59,2.62,2.57,2.59,49473886,151893444,0.42,0.3875968992248069,600219.SH
2023-11-06,2.59,2.6,2.55,2.56,63389846,192763471,0.54,-1.158301158301156,600219.SH
2023-11-07,2.55,2.55,2.51,2.51,59568765,178342001,0.51,-1.953125000000011,600219.SH
2023-11-08,2.51,2.53,2.51,2.51,30221669,90105662,0.26,0.0,600219.SH
2023-11-09,2.5,2.51,2.48,2.49,34971436,103294442,0.3,-0.7968127490039723,600219.SH
2023-11-12,2.51,2.52,2.49,2.52,37300581,110873281,0.32,1.2048192771084265,600219.SH
2023-11-13,2.51,2.54,2.51,2.53,46761890,139961751,0.4,0.3968253968253954,600219.SH
2023-11-14,2.55,2.56,2.53,2.54,44785883,134848142,0.38,0.39525691699606735,600219.SH
2023-11-15,2.53,2.54,2.5,2.5,41985075,124763968,0.36,-1.5748031496062964,600219.SH
2023-11-16,2.5,2.51,2.47,2.5,50485610,148978635,0.43,0.0,600219.SH
2023-11-19,2.51,2.51,2.49,2.5,33682000,99701912,0.29,0.0,600219.SH
2023-11-20,2.5,2.53,2.5,2.51,61957261,184984939,0.53,0.40000000000000036,600219.SH
2023-11-21,2.5,2.51,2.48,2.48,43456361,128483275,0.37,-1.195219123505964,600219.SH
2023-11-22,2.48,2.51,2.47,2.51,37623071,111040946,0.32,1.2096774193548265,600219.SH
2023-11-23,2.51,2.51,2.48,2.49,32334690,95488447,0.28,-0.7968127490039723,600219.SH
2023-11-26,2.49,2.5,2.45,2.47,46566307,136297533,0.4,-0.8032128514056214,600219.SH
2023-11-27,2.46,2.48,2.45,2.48,43752520,128183821,0.37,0.4048582995951344,600219.SH
2023-11-28,2.48,2.49,2.44,2.45,62360330,181637004,0.53,-1.2096774193548265,600219.SH
2023-11-29,2.44,2.45,2.42,2.43,61828485,178607772,0.53,-0.8163265306122436,600219.SH
2023-11-30,2.43,2.45,2.42,2.44,41863780,120828141,0.36,0.411522633744843,600219.SH
2023-12-03,2.45,2.47,2.43,2.45,54182253,157496542,0.46,0.4098360655737876,600219.SH
2023-12-04,2.44,2.45,2.38,2.39,62131070,177393237,0.53,-2.448979591836742,600219.SH
2023-12-05,2.39,2.41,2.38,2.4,38261445,108757749,0.33,0.4184100418409997,600219.SH
2023-12-06,2.4,2.41,2.38,2.4,39751182,112894645,0.34,0.0,600219.SH
2023-12-07,2.4,2.41,2.39,2.39,42708411,121502239,0.36,-0.4166666666666541,600219.SH
2023-12-10,2.39,2.39,2.33,2.38,60945437,170117005,0.52,-0.4184100418410108,600219.SH
2023-12-11,2.37,2.41,2.36,2.4,43683759,123887573,0.37,0.8403361344537785,600219.SH
2023-12-12,2.4,2.41,2.36,2.37,35954626,101657103,0.31,-1.2499999999999956,600219.SH
2023-12-13,2.4,2.41,2.38,2.38,38108700,108282012,0.33,0.42194092827003704,600219.SH
2023-12-14,2.4,2.41,2.36,2.37,41757490,118117925,0.36,-0.42016806722687816,600219.SH
2023-12-17,2.37,2.38,2.33,2.34,46156088,128565712,0.39,-1.2658227848101333,600219.SH
2023-12-18,2.34,2.35,2.31,2.34,44546620,123014079,0.38,0.0,600219.SH
2023-12-19,2.34,2.36,2.34,2.34,48549202,135172524,0.41,0.0,600219.SH
2023-12-20,2.33,2.35,2.31,2.34,49458572,136683474,0.42,0.0,600219.SH
2023-12-21,2.34,2.4,2.33,2.38,74230987,208401761,0.63,1.7094017094017033,600219.SH
2023-12-24,2.38,2.39,2.36,2.37,38296985,107687105,0.33,-0.42016806722687816,600219.SH
2023-12-25,2.37,2.4,2.35,2.36,27833942,78173084,0.24,-0.42194092827004814,600219.SH
2023-12-26,2.36,2.4,2.35,2.4,54862204,154975245,0.47,1.6949152542372836,600219.SH
2023-12-27,2.4,2.46,2.4,2.45,65435870,189584506,0.56,2.083333333333348,600219.SH
2023-12-28,2.46,2.49,2.45,2.48,61377743,179977127,0.52,1.2244897959183598,600219.SH
2024-01-01,2.49,2.52,2.48,2.51,70029992,207692590,0.6,1.2096774193548265,600219.SH
2024-01-02,2.52,2.56,2.51,2.55,90375180,271741016,0.77,1.5936254980079667,600219.SH
2024-01-03,2.54,2.55,2.51,2.53,73918588,221178971,0.63,-0.7843137254901933,600219.SH
2024-01-04,2.52,2.55,2.49,2.51,53489708,159693248,0.46,-0.7905138339920903,600219.SH
2024-01-07,2.5,2.51,2.47,2.48,60200679,177357949,0.51,-1.195219123505964,600219.SH
2024-01-08,2.49,2.55,2.48,2.53,81415190,243557140,0.7,2.0161290322580516,600219.SH
2024-01-09,2.53,2.53,2.49,2.5,49958333,148607558,0.43,-1.1857707509881354,600219.SH
2024-01-10,2.49,2.51,2.47,2.49,49161335,145083263,0.42,-0.39999999999998925,600219.SH
2024-01-11,2.48,2.52,2.48,2.49,48058146,142453900,0.41,0.0,600219.SH
2024-01-14,2.49,2.51,2.48,2.49,35027011,103679548,0.3,0.0,600219.SH
2024-01-15,2.49,2.5,2.45,2.48,55680061,163294703,0.48,-0.40160642570281624,600219.SH
2024-01-16,2.48,2.49,2.43,2.43,39457525,115173660,0.34,-2.0161290322580627,600219.SH
2024-01-17,2.43,2.43,2.35,2.41,78726291,222518393,0.67,-0.8230452674897082,600219.SH
2024-01-18,2.41,2.44,2.39,2.4,49836109,142591469,0.43,-0.4149377593361092,600219.SH
2024-01-21,2.4,2.41,2.29,2.32,78812085,220702581,0.67,-3.3333333333333326,600219.SH
2024-01-22,2.31,2.37,2.27,2.35,65532541,180257642,0.56,1.2931034482758674,600219.SH
2024-01-23,2.37,2.44,2.35,2.44,85987722,244309276,0.73,3.8297872340425476,600219.SH
2024-01-24,2.44,2.49,2.43,2.48,83723815,244934498,0.72,1.6393442622950838,600219.SH
2024-01-25,2.48,2.51,2.47,2.5,63201135,187018505,0.54,0.8064516129032251,600219.SH
2024-01-28,2.51,2.53,2.49,2.49,61938262,183835695,0.53,-0.39999999999998925,600219.SH
2024-01-29,2.49,2.51,2.45,2.45,69748414,205650390,0.6,-1.6064257028112428,600219.SH
2024-01-30,2.45,2.47,2.4,2.42,68514767,197678396,0.59,-1.224489795918382,600219.SH
2024-01-31,2.4,2.46,2.38,2.45,76646097,220997569,0.65,1.2396694214876103,600219.SH
2024-02-01,2.45,2.47,2.32,2.39,75372376,215768370,0.64,-2.448979591836742,600219.SH
2024-02-04,2.39,2.4,2.27,2.33,110944720,307623791,0.95,-2.5104602510460317,600219.SH
2024-02-05,2.33,2.44,2.31,2.44,102953638,292212144,0.88,4.721030042918439,600219.SH
2024-02-06,2.44,2.49,2.4,2.45,117581805,341343212,1.0,0.4098360655737876,600219.SH
2024-02-07,2.45,2.48,2.44,2.47,110363203,322223213,0.94,0.8163265306122547,600219.SH
2024-02-18,2.49,2.52,2.48,2.52,91838259,272538618,0.78,2.0242914979756943,600219.SH
2024-02-19,2.52,2.53,2.5,2.53,52096290,155730320,0.44,0.3968253968253954,600219.SH
2024-02-20,2.52,2.58,2.51,2.56,76854640,233286385,0.66,1.1857707509881577,600219.SH
2024-02-21,2.55,2.57,2.54,2.57,54229419,164567223,0.46,0.390625,600219.SH
2024-02-22,2.58,2.59,2.56,2.57,50096599,152956153,0.43,0.0,600219.SH
2024-02-25,2.58,2.59,2.55,2.55,69239528,211076680,0.59,-0.7782101167315147,600219.SH
2024-02-26,2.56,2.58,2.54,2.57,62685035,190695981,0.54,0.7843137254901933,600219.SH
2024-02-27,2.57,2.59,2.55,2.55,72108226,219968707,0.62,-0.7782101167315147,600219.SH
2024-02-28,2.56,2.62,2.56,2.62,120756558,371952049,1.03,2.7450980392156987,600219.SH
2024-02-29,2.61,2.65,2.61,2.63,92047452,286850990,0.79,0.3816793893129722,600219.SH
2024-03-03,2.64,2.66,2.62,2.66,106981771,334134697,0.91,1.1406844106463865,600219.SH
2024-03-04,2.65,2.67,2.64,2.67,100111536,316004353,0.86,0.3759398496240518,600219.SH
2024-03-05,2.67,2.68,2.67,2.67,70521955,223561077,0.6,0.0,600219.SH
2024-03-06,2.67,2.77,2.67,2.72,116385437,376389997,0.99,1.8726591760299671,600219.SH
2024-03-07,2.73,2.75,2.7,2.74,77290260,249431177,0.66,0.7352941176470562,600219.SH
2024-03-10,2.73,2.76,2.71,2.74,79627587,258012608,0.68,0.0,600219.SH
2024-03-11,2.74,2.74,2.69,2.71,84565309,271869230,0.72,-1.0948905109489093,600219.SH
2024-03-12,2.7,2.74,2.67,2.72,94290380,302167745,0.81,0.3690036900369176,600219.SH
2024-03-13,2.74,2.76,2.71,2.72,81655230,264754555,0.7,0.0,600219.SH
2024-03-14,2.72,2.82,2.71,2.81,121276120,398141760,1.04,3.308823529411753,600219.SH
2024-03-17,2.83,2.84,2.78,2.82,93123091,310415750,0.8,0.3558718861209842,600219.SH
2024-03-18,2.83,2.86,2.81,2.82,91228663,305928127,0.78,0.0,600219.SH
2024-03-19,2.81,2.83,2.79,2.82,75407504,251275770,0.64,0.0,600219.SH
2024-03-20,2.83,2.87,2.82,2.86,100166716,337698438,0.86,1.4184397163120588,600219.SH
2024-03-21,2.86,2.86,2.78,2.81,73762553,246133446,0.63,-1.748251748251739,600219.SH
2024-03-24,2.79,2.87,2.79,2.82,108877818,365354850,0.93,0.3558718861209842,600219.SH
2024-03-25,2.84,2.85,2.76,2.82,103178515,342597770,0.88,0.0,600219.SH
2024-03-26,2.82,2.83,2.78,2.78,69823081,232269377,0.6,-1.4184397163120588,600219.SH
2024-03-27,2.78,2.88,2.78,2.84,108078570,363066501,0.92,2.158273381294973,600219.SH
2024-03-28,2.85,2.88,2.84,2.87,81666330,276945208,0.7,1.0563380281690238,600219.SH
2024-03-31,2.91,2.94,2.89,2.91,97681067,337502429,0.83,1.3937282229965264,600219.SH
2024-04-01,2.92,2.97,2.91,2.95,106623798,372929967,0.91,1.3745704467353903,600219.SH
2024-04-02,2.98,3.05,2.96,3.03,140524126,500593938,1.2,2.7118644067796405,600219.SH
2024-04-07,3.05,3.1,2.99,3.0,188409431,682080033,1.61,-0.9900990099009799,600219.SH
2024-04-08,2.99,3.03,2.97,2.99,136937886,486995839,1.17,-0.33333333333332993,600219.SH
2024-04-09,2.99,3.03,2.97,3.0,117695616,418714948,1.01,0.33444816053511683,600219.SH
2024-04-10,2.98,3.09,2.94,3.04,129056847,463141905,1.1,1.333333333333342,600219.SH
2024-04-11,3.04,3.06,3.01,3.03,84971885,305504957,0.73,-0.328947368421062,600219.SH
2024-04-14,3.05,3.08,2.96,3.03,131966936,473756185,1.13,0.0,600219.SH
2024-04-15,3.01,3.05,2.94,2.95,145235933,515348554,1.24,-2.640264026402628,600219.SH
2024-04-16,2.96,3.05,2.95,3.04,109027997,387218722,0.93,3.050847457627115,600219.SH
2024-04-17,3.02,3.06,3.0,3.05,119002514,427298095,1.02,0.3289473684210398,600219.SH
2024-04-18,3.04,3.1,3.03,3.04,119764348,434619160,1.02,-0.3278688524590123,600219.SH
2024-04-21,3.05,3.09,2.97,2.98,119681285,427639830,1.02,-1.9736842105263164,600219.SH
2024-04-22,2.98,2.99,2.83,2.84,193046676,640529950,1.65,-4.697986577181212,600219.SH
2024-04-23,2.86,2.93,2.83,2.91,111313701,367210242,0.95,2.464788732394374,600219.SH
2024-04-24,2.92,3.0,2.88,2.97,107245399,361474655,0.92,2.0618556701030855,600219.SH
2024-04-25,2.96,3.01,2.96,3.0,91240124,312067229,0.78,1.0101010101009944,600219.SH
2024-04-28,3.01,3.02,2.88,2.94,125778964,422449863,1.07,-2.0000000000000018,600219.SH
2024-04-29,3.0,3.22,3.0,3.13,281821930,1013514955,2.41,6.4625850340136015,600219.SH
2024-05-05,3.13,3.15,3.03,3.13,205135394,728886797,1.75,0.0,600219.SH
2024-05-06,3.13,3.21,3.13,3.19,227516576,827243605,1.94,1.9169329073482455,600219.SH
2024-05-07,3.17,3.17,3.1,3.13,114964059,412952781,0.98,-1.8808777429467072,600219.SH
2024-05-08,3.13,3.21,3.13,3.2,140736491,513970630,1.2,2.2364217252396346,600219.SH
2024-05-09,3.23,3.27,3.19,3.27,124865551,462790673,1.07,2.1874999999999867,600219.SH
2024-05-12,3.23,3.27,3.2,3.24,100857683,372926869,0.86,-0.917431192660545,600219.SH
2024-05-13,3.28,3.3,3.23,3.26,92662040,345859546,0.79,0.6172839506172645,600219.SH
2024-05-14,3.23,3.27,3.2,3.21,76830832,284691762,0.66,-1.5337423312883347,600219.SH
2024-05-15,3.25,3.28,3.21,3.25,94118226,350718081,0.8,1.2461059190031154,600219.SH
2024-05-16,3.24,3.31,3.23,3.31,96025668,359331395,0.82,1.846153846153853,600219.SH
2024-05-19,3.35,3.41,3.3,3.37,159737555,613076202,1.36,1.812688821752273,600219.SH
2024-05-20,3.44,3.5,3.3,3.32,237734697,924149064,2.03,-1.4836795252225587,600219.SH
2024-05-21,3.34,3.37,3.26,3.27,144752000,548773108,1.24,-1.5060240963855387,600219.SH
2024-05-22,3.2,3.26,3.15,3.21,107352440,395244655,0.92,-1.834862385321101,600219.SH
2024-05-23,3.2,3.27,3.2,3.24,81348335,302723177,0.69,0.9345794392523477,600219.SH
2024-05-26,3.25,3.35,3.25,3.34,128793722,489076244,1.1,3.0864197530864113,600219.SH
2024-05-27,3.34,3.39,3.32,3.33,95505814,366969068,0.82,-0.29940119760478723,600219.SH
2024-05-28,3.34,3.44,3.31,3.43,139429485,542547289,1.19,3.003003003003002,600219.SH
2024-05-29,3.48,3.49,3.4,3.41,155931937,614477086,1.33,-0.5830903790087438,600219.SH
2024-05-30,3.4,3.43,3.35,3.36,114225972,441720087,0.98,-1.4662756598240567,600219.SH
2024-06-02,3.34,3.41,3.28,3.33,130518992,498530359,1.11,-0.8928571428571397,600219.SH
2024-06-03,3.34,3.41,3.31,3.4,112347915,433462157,0.96,2.102102102102088,600219.SH
2024-06-04,3.4,3.4,3.3,3.31,119382515,457052523,1.02,-2.6470588235294024,600219.SH
2024-06-05,3.34,3.37,3.31,3.34,114028346,436737160,0.97,0.9063444108761365,600219.SH
2024-06-06,3.34,3.36,3.28,3.34,96089758,365846771,0.82,0.0,600219.SH
2024-06-10,3.28,3.32,3.23,3.28,106645759,400337286,0.91,-1.7964071856287456,600219.SH
2024-06-11,3.28,3.33,3.27,3.29,97897600,369559986,0.84,0.3048780487804992,600219.SH
2024-06-12,3.28,3.32,3.19,3.23,100846437,373969504,0.86,-1.823708206686936,600219.SH
2024-06-13,3.22,3.28,3.2,3.27,79767106,297162382,0.68,1.238390092879249,600219.SH
2024-06-16,3.27,3.35,3.24,3.24,99096025,372233024,0.85,-0.917431192660545,600219.SH
2024-06-17,3.25,3.33,3.23,3.3,95078481,358155323,0.81,1.8518518518518379,600219.SH
2024-06-18,3.3,3.34,3.29,3.3,82831239,314917037,0.71,0.0,600219.SH
2024-06-19,3.34,3.41,3.28,3.32,123491366,473272728,1.05,0.60606060606061,600219.SH
2024-06-20,3.33,3.34,3.29,3.33,74634636,283860703,0.64,0.3012048192771122,600219.SH
2024-06-23,3.31,3.33,3.22,3.24,95976875,358172388,0.82,-2.7027027027026973,600219.SH
2024-06-24,3.26,3.35,3.25,3.3,101224121,382251224,0.86,1.8518518518518379,600219.SH
2024-06-25,3.29,3.34,3.26,3.34,65695512,248795544,0.56,1.21212121212122,600219.SH
2024-06-26,3.34,3.35,3.22,3.24,81684131,306175518,0.7,-2.9940119760478945,600219.SH
2024-06-27,3.22,3.35,3.21,3.33,98927161,375193532,0.84,2.777777777777768,600219.SH
2024-06-30,3.32,3.4,3.32,3.39,87242077,336436155,0.75,1.8018018018018056,600219.SH
2024-07-01,3.39,3.42,3.35,3.4,104294565,406034599,0.89,0.2949852507374562,600219.SH
2024-07-02,3.41,3.45,3.4,3.44,91942528,361250682,0.79,1.17647058823529,600219.SH
2024-07-03,3.46,3.52,3.42,3.42,124216784,492848283,1.06,-0.5813953488372103,600219.SH
2024-07-04,3.44,3.49,3.41,3.48,85182072,336794574,0.73,1.7543859649122862,600219.SH
2024-07-07,3.47,3.52,3.47,3.5,100354548,402330876,0.86,0.5747126436781658,600219.SH
2024-07-08,3.52,3.59,3.5,3.55,172384635,699566502,1.47,1.4285714285714235,600219.SH
2024-07-09,3.56,3.59,3.47,3.49,138107101,558893223,1.18,-1.6901408450704092,600219.SH
2024-07-10,3.52,3.58,3.48,3.56,125358837,507103090,1.07,2.005730659025784,600219.SH
2024-07-11,3.56,3.61,3.53,3.55,99455080,406054481,0.85,-0.2808988764045006,600219.SH
2024-07-14,3.55,3.59,3.49,3.55,87207102,354703521,0.74,0.0,600219.SH
2024-07-15,3.54,3.57,3.51,3.54,76675418,310403079,0.65,-0.28169014084505895,600219.SH
2024-07-16,3.55,3.56,3.4,3.43,114777828,453098696,0.98,-3.1073446327683607,600219.SH
2024-07-17,3.43,3.43,3.35,3.41,99996522,388077791,0.85,-0.5830903790087438,600219.SH
2024-07-18,3.39,3.39,3.32,3.34,113712929,435087264,0.97,-2.052785923753675,600219.SH
2024-07-21,3.34,3.37,3.25,3.28,102033309,383637405,0.87,-1.7964071856287456,600219.SH
2024-07-22,3.27,3.28,3.1,3.11,145168750,525352248,1.24,-5.182926829268286,600219.SH
2024-07-23,3.11,3.13,3.06,3.08,142865121,504577581,1.22,-0.9646302250803762,600219.SH
2024-07-24,3.05,3.07,3.0,3.03,105799091,367314796,0.9,-1.6233766233766267,600219.SH
2024-07-25,3.05,3.16,3.03,3.15,121642630,434338363,1.04,3.960396039603964,600219.SH
2024-07-28,3.15,3.21,3.14,3.17,96261895,349747333,0.82,0.6349206349206327,600219.SH
2024-07-29,3.16,3.17,3.06,3.08,83707475,296073146,0.71,-2.8391167192428957,600219.SH
2024-07-30,3.08,3.17,3.08,3.16,87902691,314827997,0.75,2.5974025974025983,600219.SH
2024-07-31,3.2,3.22,3.16,3.17,77378124,282731135,0.66,0.31645569620253333,600219.SH
2024-08-01,3.14,3.16,3.11,3.12,58982164,211189975,0.5,-1.577287066246047,600219.SH
2024-08-04,3.1,3.11,3.04,3.04,81633364,287106426,0.7,-2.564102564102566,600219.SH
2024-08-05,3.06,3.08,3.0,3.04,80104784,278646344,0.68,0.0,600219.SH
2024-08-06,3.05,3.08,3.0,3.05,59845451,209241491,0.51,0.3289473684210398,600219.SH
2024-08-07,3.04,3.11,3.02,3.09,63356844,222778810,0.54,1.3114754098360715,600219.SH
2024-08-08,3.12,3.16,3.07,3.08,67256768,239320671,0.57,-0.3236245954692518,600219.SH
2024-08-11,3.07,3.1,3.06,3.07,60556694,213453665,0.52,-0.32467532467532756,600219.SH
2024-08-12,3.08,3.13,3.07,3.1,49361228,175145895,0.42,0.9771986970684043,600219.SH
2024-08-13,3.1,3.11,3.04,3.04,47615699,167437964,0.41,-1.9354838709677469,600219.SH
2024-08-14,3.06,3.11,3.03,3.09,59097070,208521431,0.5,1.6447368421052655,600219.SH
2024-08-15,3.1,3.13,3.07,3.09,65948626,234426299,0.56,0.0,600219.SH
2024-08-18,3.12,3.18,3.11,3.16,79394529,287085471,0.68,2.265372168284796,600219.SH
2024-08-19,3.17,3.18,3.08,3.1,62839935,224320354,0.54,-1.898734177215189,600219.SH
2024-08-20,3.13,3.15,3.1,3.14,91983564,329240528,0.79,1.2903225806451646,600219.SH
2024-08-21,3.16,3.19,3.13,3.19,96522142,350350986,0.82,1.5923566878980777,600219.SH
2024-08-22,3.17,3.22,3.14,3.21,75748349,277203762,0.65,0.6269592476489061,600219.SH
2024-08-25,3.21,3.26,3.17,3.23,107481869,397408519,0.92,0.6230529595015577,600219.SH
2024-08-26,3.21,3.26,3.2,3.24,70893761,262270996,0.61,0.3095975232198178,600219.SH
2024-08-27,3.23,3.29,3.22,3.25,86619304,323116755,0.74,0.30864197530864335,600219.SH
2024-08-28,3.23,3.27,3.2,3.22,62505787,231677223,0.53,-0.9230769230769154,600219.SH
2024-08-29,3.21,3.26,3.17,3.2,106327824,391641345,0.91,-0.6211180124223614,600219.SH
2024-09-01,3.2,3.26,3.2,3.22,92203442,341579764,0.79,0.6250000000000089,600219.SH
2024-09-02,3.21,3.27,3.2,3.25,67924888,252219068,0.58,0.9316770186335255,600219.SH
2024-09-03,3.23,3.23,3.13,3.15,100275123,363522360,0.86,-3.076923076923077,600219.SH
2024-09-04,3.15,3.2,3.11,3.15,92828003,334102261,0.79,0.0,600219.SH
2024-09-05,3.17,3.18,3.12,3.13,61601075,221819221,0.53,-0.6349206349206327,600219.SH
2024-09-08,3.11,3.13,3.05,3.07,79331971,280080834,0.68,-1.9169329073482455,600219.SH
2024-09-09,3.07,3.08,3.0,3.06,80194917,278939683,0.68,-0.32573289902279035,600219.SH
2024-09-10,3.04,3.06,3.01,3.03,47044238,163328841,0.4,-0.9803921568627527,600219.SH
2024-09-11,3.05,3.08,3.03,3.07,52943425,185280882,0.45,1.320132013201314,600219.SH
2024-09-12,3.08,3.12,3.06,3.06,51718317,182832540,0.44,-0.32573289902279035,600219.SH
2024-09-17,3.07,3.08,3.01,3.07,55279450,193269045,0.47,0.32679738562091387,600219.SH
2024-09-18,3.07,3.21,3.0,3.2,117863622,419884528,1.01,4.234527687296419,600219.SH
2024-09-19,3.18,3.27,3.16,3.26,95011854,349792141,0.81,1.8749999999999822,600219.SH
2024-09-22,3.25,3.31,3.24,3.3,104694154,393508487,0.89,1.2269938650306678,600219.SH
2024-09-23,3.3,3.38,3.27,3.37,124517203,476628933,1.06,2.1212121212121238,600219.SH
2024-09-24,3.41,3.46,3.38,3.4,122475181,479620456,1.05,0.8902077151335286,600219.SH
2024-09-25,3.4,3.52,3.37,3.52,122511267,484103516,1.05,3.529411764705892,600219.SH
2024-09-26,3.56,3.61,3.52,3.56,86102139,350167456,0.74,1.1363636363636465,600219.SH
2024-09-29,3.65,3.88,3.62,3.82,232276224,996837371,1.98,7.3033707865168385,600219.SH
2024-10-07,4.19,4.2,3.74,3.86,311483952,1398380489,2.66,1.0471204188481575,600219.SH
2024-10-08,3.8,3.8,3.53,3.55,208989560,868648556,1.78,-8.031088082901562,600219.SH
2024-10-09,3.57,3.76,3.52,3.69,192838450,807989914,1.65,3.9436619718309807,600219.SH
2024-10-10,3.77,3.77,3.61,3.65,128413387,536090603,1.1,-1.084010840108407,600219.SH
2024-10-13,3.72,3.94,3.68,3.91,238451680,1040596088,2.04,7.123287671232892,600219.SH
2024-10-14,3.86,3.87,3.68,3.68,189134522,806832031,1.62,-5.882352941176472,600219.SH
2024-10-15,3.63,3.7,3.62,3.68,106759591,443536101,0.91,0.0,600219.SH
2024-10-16,3.7,3.73,3.61,3.62,94601810,393370788,0.81,-1.6304347826086918,600219.SH
2024-10-17,3.61,3.69,3.59,3.63,144227158,594558027,1.23,0.2762430939226457,600219.SH
2024-10-20,3.66,3.71,3.61,3.68,123744955,515125540,1.06,1.377410468319562,600219.SH
2024-10-21,3.68,3.76,3.64,3.76,133002314,559274612,1.14,2.1739130434782483,600219.SH
2024-10-22,3.76,3.76,3.67,3.69,116446860,487929522,0.99,-1.8617021276595702,600219.SH
2024-10-23,3.68,3.74,3.62,3.73,107582332,449341674,0.92,1.084010840108407,600219.SH
2024-10-24,3.7,3.71,3.61,3.62,150016786,620667864,1.28,-2.9490616621983934,600219.SH
2024-10-27,3.64,3.74,3.62,3.74,172333781,723083554,1.47,3.314917127071837,600219.SH
2024-10-28,3.76,3.77,3.62,3.65,140649146,584502485,1.2,-2.406417112299475,600219.SH
2024-10-29,3.63,3.66,3.55,3.6,135000347,550917707,1.15,-1.3698630136986245,600219.SH
2024-10-30,3.58,3.61,3.55,3.6,117776277,479402114,1.01,0.0,600219.SH
2024-10-31,3.59,3.72,3.56,3.67,176459496,734639251,1.51,1.9444444444444375,600219.SH
2024-11-03,3.68,3.7,3.62,3.7,120983289,502518557,1.03,0.8174386920980936,600219.SH
2024-11-04,3.69,3.81,3.68,3.81,162529034,692179391,1.39,2.972972972972965,600219.SH
2024-11-05,3.85,3.96,3.81,3.91,208758768,926121361,1.78,2.6246719160105014,600219.SH
2024-11-06,3.87,4.0,3.82,4.0,172938971,770733793,1.48,2.3017902813299296,600219.SH
2024-11-07,4.07,4.1,3.85,3.89,195599690,870774682,1.67,-2.749999999999997,600219.SH
2024-11-10,3.87,3.87,3.76,3.83,137457426,592709888,1.17,-1.5424164524421635,600219.SH
2024-11-11,3.83,3.85,3.74,3.76,116902702,503308055,1.0,-1.8276762402088864,600219.SH
2024-11-12,3.74,3.8,3.73,3.76,91642553,390699647,0.78,0.0,600219.SH
2024-11-13,3.76,3.78,3.7,3.7,83785853,354544794,0.72,-1.5957446808510523,600219.SH
2024-11-14,3.71,3.76,3.68,3.68,81684860,344236624,0.7,-0.5405405405405461,600219.SH
2024-11-17,3.61,3.72,3.55,3.63,155698957,640920437,1.33,-1.3586956521739246,600219.SH
2024-11-18,3.64,3.68,3.61,3.68,83741198,346259737,0.72,1.377410468319562,600219.SH
2024-11-19,3.69,3.73,3.64,3.65,98075490,407615643,0.84,-0.815217391304357,600219.SH
2024-11-20,3.64,3.67,3.6,3.63,105276900,432188616,0.9,-0.5479452054794498,600219.SH
2024-11-21,3.63,3.65,3.52,3.52,112513525,455783975,0.96,-3.0303030303030276,600219.SH
2024-11-24,3.55,3.55,3.46,3.5,85724448,337570323,0.73,-0.5681818181818232,600219.SH
2024-11-25,3.49,3.52,3.46,3.48,70658155,276613064,0.6,-0.5714285714285672,600219.SH
2024-11-26,3.47,3.54,3.43,3.53,74714814,292496118,0.64,1.4367816091954033,600219.SH
2024-11-27,3.54,3.54,3.47,3.49,76204333,299344032,0.65,-1.1331444759206666,600219.SH
2024-11-28,3.49,3.59,3.47,3.56,113658470,451681609,0.97,2.005730659025784,600219.SH
2024-12-01,3.56,3.62,3.54,3.57,112276006,451429555,0.96,0.2808988764044784,600219.SH
2024-12-02,3.56,3.58,3.53,3.57,70120503,279478267,0.6,0.0,600219.SH
2024-12-03,3.58,3.61,3.55,3.57,93387940,376103060,0.8,0.0,600219.SH
2024-12-04,3.57,3.57,3.52,3.54,75968154,302111333,0.65,-0.8403361344537785,600219.SH
2024-12-05,3.54,3.63,3.53,3.62,114758114,464034358,0.98,2.259887005649719,600219.SH
2024-12-08,3.62,3.65,3.57,3.58,101880865,412723547,0.87,-1.104972375690605,600219.SH
2024-12-09,3.66,3.7,3.59,3.59,141608719,575469778,1.22,0.27932960893854997,600219.SH
2024-12-10,3.6,3.69,3.58,3.66,180093520,737552723,1.55,1.9498607242339983,600219.SH
2024-12-11,3.7,3.73,3.64,3.68,147054708,607456756,1.27,0.5464480874316946,600219.SH
2024-12-12,3.66,3.66,3.55,3.55,180022089,726124849,1.55,-3.532608695652184,600219.SH
2024-12-15,3.55,3.58,3.51,3.52,112067179,444675236,0.96,-0.8450704225352101,600219.SH
2024-12-16,3.52,3.54,3.5,3.51,110146738,435241561,0.95,-0.28409090909091717,600219.SH
2024-12-17,3.52,3.56,3.49,3.5,143093638,566019429,1.23,-0.2849002849002802,600219.SH
2024-12-18,3.48,3.49,3.42,3.49,130032183,504522741,1.12,-0.28571428571427804,600219.SH
2024-12-19,3.48,3.49,3.42,3.43,111715732,432631048,0.96,-1.7191977077363862,600219.SH
2024-12-22,3.45,3.49,3.43,3.45,121148019,470661623,1.04,0.5830903790087438,600219.SH
2024-12-23,3.45,3.5,3.44,3.48,89557024,349277624,0.77,0.8695652173912993,600219.SH
2024-12-24,3.49,3.49,3.46,3.48,58316877,227485338,0.5,0.0,600219.SH
2024-12-25,3.47,3.49,3.45,3.46,56480597,220047337,0.49,-0.5747126436781658,600219.SH
2024-12-26,3.46,3.51,3.46,3.48,80117975,313615759,0.69,0.5780346820809301,600219.SH
2024-12-29,3.48,3.54,3.47,3.53,89769365,354454447,0.77,1.4367816091954033,600219.SH
2024-12-30,3.54,3.54,3.47,3.48,118163557,464806499,1.02,-1.4164305949008416,600219.SH
2025-01-01,3.48,3.59,3.46,3.48,202494332,803703379,1.74,0.0,600219.SH
2025-01-02,3.48,3.56,3.44,3.45,153097918,602718644,1.32,-0.8620689655172376,600219.SH
2025-01-05,3.44,3.55,3.42,3.52,135586937,533169825,1.17,2.0289855072463725,600219.SH
2025-01-06,3.53,3.6,3.48,3.6,129637739,516964155,1.12,2.2727272727272707,600219.SH
2025-01-07,3.61,3.61,3.45,3.5,151444742,594716618,1.3,-2.777777777777779,600219.SH
2025-01-08,3.48,3.54,3.46,3.52,93429862,368171015,0.8,0.5714285714285783,600219.SH
2025-01-09,3.52,3.56,3.47,3.47,96464302,379058945,0.83,-1.4204545454545414,600219.SH
2025-01-12,3.46,3.51,3.43,3.49,102810306,401892576,0.89,0.5763688760807018,600219.SH
2025-01-13,3.48,3.56,3.46,3.56,114958002,455112667,0.99,2.005730659025784,600219.SH
2025-01-14,3.54,3.57,3.51,3.56,91372031,363731884,0.787,0.0,600219.SH
2025-01-15,3.58,3.64,3.57,3.64,154148249,626368611,1.327,2.2471910112359605,600219.SH
2025-01-16,3.65,3.73,3.62,3.72,160593684,665827421,1.383,2.19780219780219,600219.SH
2025-01-19,3.76,3.77,3.64,3.65,159026677,657657017,1.369,-1.8817204301075363,600219.SH
2025-01-20,3.66,3.68,3.57,3.58,119487669,483091256,1.029,-1.9178082191780743,600219.SH
2025-01-21,3.58,3.61,3.56,3.59,80644976,324254195,0.694,0.27932960893854997,600219.SH
2025-01-22,3.61,3.62,3.55,3.56,144561428,580456274,1.245,-0.835654596100277,600219.SH
2025-01-23,3.55,3.61,3.54,3.59,102345993,411413876,0.881,0.8426966292134797,600219.SH
2025-01-26,3.59,3.64,3.59,3.62,102547610,416873121,0.883,0.8356545961002881,600219.SH
2025-02-04,3.63,3.64,3.56,3.58,108287431,435898917,0.932,-1.104972375690605,600219.SH
2025-02-05,3.57,3.6,3.54,3.56,119036346,475743347,1.025,-0.5586592178770999,600219.SH
2025-02-06,3.56,3.68,3.53,3.67,197008778,801586063,1.696,3.08988764044944,600219.SH
2025-02-09,3.66,3.7,3.62,3.63,123600042,506062598,1.064,-1.0899182561307952,600219.SH
2025-02-10,3.63,3.65,3.6,3.61,92146301,374655071,0.793,-0.5509641873278293,600219.SH
2025-02-11,3.61,3.62,3.52,3.54,142575195,568751729,1.228,-1.939058171745145,600219.SH
2025-02-12,3.53,3.55,3.5,3.5,96245217,380872913,0.829,-1.1299435028248594,600219.SH
2025-02-13,3.5,3.53,3.47,3.5,91402124,358522760,0.787,0.0,600219.SH
2025-02-16,3.49,3.5,3.45,3.46,114016014,442718928,0.982,-1.1428571428571455,600219.SH
2025-02-17,3.46,3.48,3.43,3.44,95981973,372167873,0.826,-0.5780346820809301,600219.SH
2025-02-18,3.45,3.45,3.39,3.42,108320379,415216691,0.933,-0.5813953488372103,600219.SH
2025-02-19,3.41,3.43,3.4,3.41,83407740,319943587,0.718,-0.29239766081871066,600219.SH
2025-02-20,3.42,3.46,3.41,3.42,139236702,537139583,1.199,0.2932551319648091,600219.SH
2025-02-23,3.41,3.45,3.38,3.4,112563105,430918729,0.969,-0.5847953216374324,600219.SH
2025-02-24,3.38,3.42,3.36,3.37,100218425,380044435,0.863,-0.8823529411764675,600219.SH
2025-02-25,3.37,3.41,3.37,3.38,79653175,303181667,0.686,0.29673590504450953,600219.SH
2025-02-26,3.38,3.4,3.33,3.35,106668372,401734592,0.918,-0.8875739644970349,600219.SH
2025-02-27,3.34,3.38,3.31,3.31,116320085,436428993,1.002,-1.1940298507462699,600219.SH
2025-03-02,3.32,3.4,3.32,3.36,142418745,538100061,1.226,1.5105740181268867,600219.SH
2025-03-03,3.36,3.38,3.34,3.38,78428394,296267968,0.675,0.5952380952380931,600219.SH
2025-03-04,3.39,3.42,3.36,3.41,109166463,415561914,0.94,0.887573964497057,600219.SH
2025-03-05,3.42,3.45,3.39,3.41,102424832,392835079,0.882,0.0,600219.SH
2025-03-06,3.41,3.49,3.4,3.44,184178641,714320662,1.586,0.8797653958944274,600219.SH
2025-03-09,3.46,3.48,3.43,3.47,108852001,422111770,0.937,0.8720930232558155,600219.SH
2025-03-10,3.45,3.48,3.42,3.48,110141157,426932955,0.948,0.28818443804032867,600219.SH
2025-03-11,3.49,3.49,3.44,3.45,88707307,344095677,0.764,-0.8620689655172376,600219.SH
2025-03-12,3.45,3.46,3.42,3.46,89683054,346319868,0.772,0.28985507246375164,600219.SH
2025-03-13,3.46,3.48,3.45,3.46,107947144,419386080,0.929,0.0,600219.SH
2025-03-16,3.46,3.48,3.44,3.44,88498796,343473734,0.762,-0.5780346820809301,600219.SH
2025-03-17,3.45,3.47,3.42,3.45,95286782,369131045,0.82,0.29069767441860517,600219.SH
2025-03-18,3.44,3.45,3.41,3.43,82744524,318226657,0.712,-0.5797101449275366,600219.SH
2025-03-19,3.44,3.46,3.41,3.41,93081672,358871342,0.801,-0.5830903790087438,600219.SH
2025-03-20,3.41,3.44,3.37,3.38,112338054,429045826,0.967,-0.8797653958944385,600219.SH
2025-03-23,3.38,3.44,3.37,3.44,140416170,538496557,1.209,1.775147928994092,600219.SH
2025-03-24,3.46,3.5,3.43,3.49,204227997,798520045,1.759,1.4534883720930258,600219.SH
2025-03-25,3.49,3.52,3.41,3.41,214542279,832814615,1.847,-2.2922636103151928,600219.SH
2025-03-26,3.41,3.43,3.38,3.4,94471558,361505007,0.813,-0.2932551319648202,600219.SH
2025-03-27,3.41,3.47,3.39,3.46,175374163,677593240,1.51,1.764705882352935,600219.SH
2025-03-30,3.44,3.44,3.38,3.39,132219888,504961796,1.138,-2.023121387283233,600219.SH
2025-03-31,3.39,3.44,3.38,3.42,110475031,423115622,0.951,0.8849557522123908,600219.SH
2025-04-01,3.41,3.42,3.37,3.38,95128155,362000146,0.819,-1.1695906432748537,600219.SH
2025-04-02,3.36,3.36,3.28,3.29,165897756,617127531,1.428,-2.6627218934911157,600219.SH
2025-04-06,3.09,3.1,2.97,2.97,172559340,583538309,1.486,-9.726443768996951,600219.SH
2025-04-07,2.98,2.99,2.89,2.96,193080101,635294824,1.663,-0.33670033670034627,600219.SH
2025-04-08,2.91,2.97,2.83,2.94,171914980,560670268,1.48,-0.6756756756756799,600219.SH
2025-04-09,2.99,3.03,2.97,3.01,141552630,477839414,1.219,2.3809523809523725,600219.SH
2025-04-10,3.01,3.03,2.97,2.99,107700694,362057770,0.927,-0.6644518272425071,600219.SH
2025-04-13,3.02,3.14,3.02,3.1,157952180,548841782,1.36,3.678929765886285,600219.SH
2025-04-14,3.1,3.1,3.03,3.05,97398080,333555436,0.839,-1.6129032258064613,600219.SH
2025-04-15,3.05,3.05,2.99,3.04,83779826,283592120,0.721,-0.3278688524590123,600219.SH
2025-04-16,3.02,3.05,3.0,3.01,77553094,263375429,0.668,-0.9868421052631637,600219.SH
2025-04-17,3.01,3.05,3.0,3.05,63492281,216210442,0.547,1.3289036544850585,600219.SH
2025-04-20,3.05,3.1,3.04,3.09,68954164,238336963,0.594,1.3114754098360715,600219.SH
2025-04-21,3.09,3.1,3.07,3.08,73420382,254248644,0.632,-0.3236245954692518,600219.SH
2025-04-22,3.09,3.11,3.06,3.08,82946101,287163490,0.714,0.0,600219.SH
2025-04-23,3.09,3.09,3.05,3.08,95602835,329904767,0.823,0.0,600219.SH
2025-04-24,3.09,3.13,3.08,3.09,116259596,405507487,1.001,0.32467532467532756,600219.SH
2025-04-27,3.25,3.32,3.21,3.27,271098540,995281026,2.334,5.825242718446599,600219.SH
2025-04-28,3.25,3.31,3.23,3.25,135817688,498298414,1.169,-0.6116207951070374,600219.SH
2025-04-29,3.24,3.27,3.23,3.25,88690499,324171733,0.764,0.0,600219.SH
2025-05-05,3.25,3.29,3.23,3.28,118263071,433843201,1.018,0.9230769230769154,600219.SH
2025-05-06,3.29,3.32,3.28,3.29,102256900,378228269,0.88,0.3048780487804992,600219.SH
2025-05-07,3.29,3.29,3.26,3.29,83096430,305900798,0.716,0.0,600219.SH
2025-05-08,3.29,3.31,3.27,3.3,89060936,329351682,0.767,0.3039513677811412,600219.SH
2025-05-11,3.33,3.37,3.31,3.34,97226560,356213568,0.837,1.21212121212122,600219.SH
2025-05-12,3.37,3.38,3.34,3.35,81202025,298628465,0.699,0.29940119760478723,600219.SH
2025-05-13,3.35,3.4,3.34,3.4,92826685,343019298,0.799,1.4925373134328401,600219.SH
2025-05-14,3.4,3.44,3.38,3.39,102790783,383428803,0.885,-0.2941176470588225,600219.SH
2025-05-15,3.37,3.4,3.35,3.37,71884249,265712400,0.619,-0.5899705014749235,600219.SH
2025-05-18,3.4,3.43,3.38,3.4,104278916,389200626,0.898,0.8902077151335286,600219.SH
2025-05-19,3.4,3.41,3.39,3.39,68280865,254221844,0.588,-0.2941176470588225,600219.SH
2025-05-20,3.4,3.48,3.39,3.48,131975894,497958218,1.136,2.6548672566371723,600219.SH
2025-05-21,3.47,3.48,3.43,3.45,74101053,279957288,0.638,-0.8620689655172376,600219.SH
2025-05-22,3.44,3.48,3.42,3.43,77530288,293127990,0.668,-0.5797101449275366,600219.SH
2025-05-25,3.42,3.46,3.4,3.44,62005275,233690106,0.534,0.2915451895043608,600219.SH
2025-05-26,3.43,3.45,3.38,3.4,80621103,300253541,0.694,-1.1627906976744207,600219.SH
2025-05-27,3.4,3.42,3.4,3.4,58448590,218330594,0.503,0.0,600219.SH
2025-05-28,3.4,3.42,3.39,3.4,71799643,268073750,0.618,0.0,600219.SH
2025-05-29,3.4,3.44,3.38,3.42,94667979,353199918,0.815,0.588235294117645,600219.SH
2025-06-02,3.4,3.42,3.39,3.41,82275559,307145018,0.708,-0.29239766081871066,600219.SH
2025-06-03,3.4,3.45,3.4,3.44,80004288,301217214,0.689,0.8797653958944274,600219.SH
2025-06-04,3.44,3.46,3.37,3.39,101139292,376310792,0.871,-1.4534883720930147,600219.SH
2025-06-05,3.4,3.43,3.39,3.41,92394845,345496851,0.796,0.5899705014749346,600219.SH
2025-06-08,3.41,3.42,3.39,3.41,87509843,326359108,0.754,0.0,600219.SH
2025-06-09,3.41,3.45,3.4,3.41,92889554,348613983,0.8,0.0,600219.SH
2025-06-10,3.42,3.49,3.41,3.47,120176243,455861678,1.035,1.7595307917888547,600219.SH
2025-06-11,3.47,3.48,3.44,3.46,78139892,296223187,0.673,-0.2881844380403509,600219.SH
2025-06-12,3.46,3.48,3.42,3.47,99426455,376077696,0.856,0.28901734104047616,600219.SH
2025-06-15,3.46,3.5,3.44,3.47,103220527,393192507,0.889,0.0,600219.SH
2025-06-16,3.46,3.49,3.46,3.47,60996786,232249569,0.525,0.0,600219.SH
2025-06-17,3.48,3.51,3.46,3.5,87276081,334005982,0.751,0.8645533141210304,600219.SH
2025-06-18,3.5,3.5,3.42,3.44,89045339,337269362,0.767,-1.7142857142857126,600219.SH
2025-06-19,3.43,3.45,3.41,3.44,52352267,196954962,0.451,0.0,600219.SH
2025-06-22,3.43,3.44,3.39,3.4,88487517,330559764,0.762,-1.1627906976744207,600219.SH
2025-06-23,3.41,3.46,3.4,3.43,90201943,339922886,0.777,0.8823529411764675,600219.SH
2025-06-24,3.43,3.44,3.4,3.43,94235780,352684604,0.811,0.0,600219.SH
2025-06-25,3.43,3.49,3.42,3.46,119426277,453024382,1.028,0.8746355685131046,600219.SH
2025-06-26,3.48,3.55,3.47,3.52,160696087,621488831,1.384,1.7341040462427681,600219.SH
2025-06-29,3.52,3.55,3.49,3.5,105356509,405037849,0.907,-0.5681818181818232,600219.SH
2025-06-30,3.5,3.53,3.48,3.52,109178312,419020516,0.94,0.5714285714285783,600219.SH
2025-07-01,3.52,3.59,3.51,3.58,139348298,543749910,1.2,1.7045454545454586,600219.SH
2025-07-02,3.59,3.61,3.56,3.6,115203421,453672368,0.992,0.5586592178770999,600219.SH
2025-07-03,3.6,3.61,3.56,3.58,112373515,440369499,0.968,-0.5555555555555536,600219.SH
2025-07-06,3.56,3.57,3.52,3.53,88877678,344659856,0.765,-1.3966480446927498,600219.SH
2025-07-07,3.53,3.57,3.53,3.56,89909169,349449696,0.774,0.8498583569405138,600219.SH
2025-07-08,3.57,3.58,3.5,3.51,113987850,441349509,0.981,-1.404494382022481,600219.SH
2025-07-09,3.52,3.57,3.51,3.57,99638334,387708584,0.858,1.7094017094017033,600219.SH
2025-07-10,3.57,3.63,3.56,3.6,127428110,502002398,1.097,0.8403361344537785,600219.SH
2025-07-13,3.59,3.6,3.57,3.58,101492544,398540477,0.874,-0.5555555555555536,600219.SH
2025-07-14,3.57,3.6,3.53,3.55,97732094,380895082,0.842,-0.8379888268156499,600219.SH
2025-07-15,3.55,3.56,3.52,3.54,78875405,305785650,0.679,-0.28169014084505895,600219.SH
2025-07-16,3.54,3.56,3.52,3.54,68630280,266246195,0.591,0.0,600219.SH
2025-07-17,3.55,3.57,3.52,3.54,115345569,448062145,0.993,0.0,600219.SH
2025-07-20,3.57,3.71,3.57,3.71,242626542,971289952,2.089,4.802259887005644,600219.SH
2025-07-21,3.71,3.79,3.68,3.79,170280166,697084427,1.466,2.156334231805923,600219.SH
2025-07-22,3.8,3.82,3.74,3.75,121546511,502037134,1.047,-1.055408970976257,600219.SH
2025-07-23,3.75,3.81,3.73,3.8,135877126,560863937,1.17,1.3333333333333197,600219.SH
2025-07-24,3.79,3.83,3.76,3.77,124917340,518300392,1.076,-0.7894736842105177,600219.SH
2025-07-27,3.74,3.75,3.67,3.72,124656255,507593696,1.073,-1.3262599469495928,600219.SH
2025-07-28,3.72,3.74,3.68,3.71,106548505,432665825,0.917,-0.26881720430108613,600219.SH
2025-07-29,3.71,3.76,3.71,3.72,125512979,513749145,1.081,0.26954177897575704,600219.SH
2025-07-30,3.7,3.71,3.57,3.59,171856474,681576362,1.48,-3.4946236559139865,600219.SH
2025-07-31,3.58,3.61,3.57,3.59,93966850,370333433,0.809,0.0,600219.SH
2025-08-03,3.59,3.61,3.57,3.6,94125128,370606614,0.81,0.278551532033422,600219.SH
2025-08-04,3.6,3.68,3.6,3.67,111748353,446978573,0.962,1.9444444444444375,600219.SH
2025-08-05,3.67,3.71,3.66,3.7,105310949,425934447,0.907,0.8174386920980936,600219.SH
2025-08-06,3.72,3.75,3.65,3.71,108763060,440209680,0.937,0.2702702702702675,600219.SH
2025-08-07,3.7,3.78,3.68,3.76,134591047,552470426,1.159,1.3477088948786964,600219.SH
2025-08-10,3.79,3.79,3.73,3.75,117899966,485324742,1.015,-0.26595744680850686,600219.SH
2025-08-11,3.75,3.77,3.72,3.76,75846542,311981538,0.653,0.2666666666666595,600219.SH
2025-08-12,3.77,3.81,3.77,3.8,135802388,565211496,1.169,1.0638297872340496,600219.SH
2025-08-13,3.8,3.81,3.77,3.78,116708005,484538226,1.005,-0.5263157894736858,600219.SH
2025-08-14,3.76,3.88,3.76,3.87,147098596,618321123,1.267,2.3809523809523947,600219.SH
2025-08-17,3.85,3.87,3.76,3.77,198641494,827473917,1.71,-2.5839793281653756,600219.SH
2025-08-18,3.77,3.8,3.73,3.74,117603225,483753703,1.0126,-0.7957559681697535,600219.SH
2025-08-19,3.73,3.81,3.72,3.8,122304338,506104162,1.0531,1.6042780748662944,600219.SH
2025-08-20,3.81,3.82,3.78,3.8,124720062,518345039,1.0739,0.0,600219.SH
2025-08-21,3.8,3.81,3.76,3.81,108656023,451904051,0.9356,0.263157894736854,600219.SH
2025-08-24,3.85,3.92,3.84,3.92,173963801,741853428,1.4979,2.887139107611536,600219.SH
2025-08-25,3.9,4.0,3.88,3.98,155711965,673234289,1.3408,1.5306122448979664,600219.SH
2025-08-26,3.98,3.99,3.85,3.85,209181579,898618830,1.8012,-3.2663316582914548,600219.SH
2025-08-27,3.84,3.88,3.75,3.84,201484262,842699061,1.7349,-0.25974025974027093,600219.SH
2025-08-28,3.79,3.79,3.7,3.71,384357651,1571031935,3.3095,-3.385416666666663,600219.SH
2025-08-31,3.72,3.73,3.61,3.64,351172249,1409040773,3.0238,-1.8867924528301883,600219.SH
2025-09-01,3.65,3.67,3.59,3.61,244586413,971429771,2.106,-0.8241758241758323,600219.SH
2025-09-02,3.63,3.67,3.54,3.58,224823660,883472567,1.9359,-0.8310249307479145,600219.SH
2025-09-03,3.58,3.59,3.49,3.51,241349141,935477055,2.0781,-1.9553072625698387,600219.SH
2025-09-04,3.52,3.6,3.51,3.6,187688698,730854263,1.6161,2.564102564102577,600219.SH
2025-09-07,3.6,3.61,3.54,3.56,203402323,795371036,1.7514,-1.1111111111111072,600219.SH
2025-09-08,3.56,3.6,3.54,3.56,192310611,752321823,1.6559,0.0,600219.SH
2025-09-09,3.54,3.55,3.5,3.52,178222734,687646265,1.5346,-1.1235955056179803,600219.SH
2025-09-10,3.52,3.58,3.5,3.58,165445827,642661271,1.4246,1.7045454545454586,600219.SH
2025-09-11,3.6,3.76,3.6,3.67,441187748,1781390622,3.7989,2.5139664804469275,600219.SH
2025-09-14,3.69,3.7,3.63,3.63,212597877,850260727,1.8306,-1.0899182561307952,600219.SH
2025-09-15,3.66,3.67,3.53,3.6,249133972,976686271,2.1452,-0.8264462809917328,600219.SH
2025-09-16,3.58,3.64,3.56,3.63,187146371,738153487,1.6114,0.8333333333333304,600219.SH
2025-09-17,3.6,3.61,3.51,3.53,248278793,969575212,2.1378,-2.754820936639124,600219.SH
2025-09-18,3.54,3.6,3.52,3.59,194247382,759976650,1.6726,1.6997167138810276,600219.SH
2025-09-21,3.58,3.59,3.52,3.54,119980167,465203633,1.0331,-1.392757660167121,600219.SH
2025-09-22,3.52,3.55,3.47,3.49,155059678,593893764,1.3351,-1.412429378531066,600219.SH
2025-09-23,3.48,3.51,3.47,3.5,111378216,425975348,0.959,0.2865329512893977,600219.SH
2025-09-24,3.52,3.55,3.5,3.5,119252707,455097458,1.0268,0.0,600219.SH
2025-09-25,3.48,3.53,3.47,3.5,114907260,436568496,0.9894,0.0,600219.SH
2025-09-28,3.51,3.62,3.5,3.62,249619951,967823895,2.1494,3.4285714285714253,600219.SH
2025-09-29,3.62,3.67,3.6,3.65,219762212,869444921,1.8923,0.8287292817679592,600219.SH
2025-10-08,3.73,3.79,3.71,3.78,382191032,1560875711,3.2909,3.561643835616435,600219.SH
2025-10-09,3.77,3.88,3.74,3.84,320048848,1329010181,2.7558,1.5873015873015817,600219.SH
2025-10-12,3.72,3.81,3.69,3.79,293626157,1191775656,2.5283,-1.302083333333326,600219.SH
2025-10-13,3.85,3.98,3.76,3.79,343161393,1438888487,2.9548,0.0,600219.SH
2025-10-14,3.8,3.87,3.77,3.83,265663757,1101847156,2.2875,1.055408970976246,600219.SH
2025-10-15,3.82,3.85,3.76,3.78,198445281,818517805,1.7087,-1.3054830287206332,600219.SH
2025-10-16,3.78,3.86,3.73,3.74,218087888,893840586,1.8779,-1.058201058201047,600219.SH
2025-10-19,3.74,3.76,3.69,3.7,190393691,766412729,1.6394,-1.0695187165775444,600219.SH
2025-10-20,3.73,3.8,3.73,3.74,214123559,873826301,1.8437,1.0810810810810922,600219.SH
2025-10-21,3.72,3.77,3.69,3.74,179936323,728351017,1.5493,0.0,600219.SH
2025-10-22,3.74,3.83,3.74,3.81,242102970,993790409,2.0846,1.8716577540106805,600219.SH
2025-10-23,3.87,3.96,3.8,3.84,285164719,1193734978,2.4554,0.7874015748031482,600219.SH
2025-10-26,3.86,3.88,3.83,3.87,218519478,914132682,1.8816,0.78125,600219.SH
2025-10-27,3.87,3.92,3.81,3.83,231848093,971399041,1.9963,-1.033591731266148,600219.SH
2025-10-28,3.84,4.21,3.83,4.21,644658016,2854921949,5.5509,9.921671018276768,600219.SH
2025-10-29,4.29,4.46,4.24,4.38,941891987,4454372503,8.1102,4.0380047505938155,600219.SH
2025-10-30,4.37,4.44,4.23,4.25,473577519,2211419626,4.0778,-2.9680365296803624,600219.SH
2025-11-02,4.3,4.37,4.18,4.34,429156484,1991518260,3.6953,2.117647058823535,600219.SH
2025-11-03,4.32,4.44,4.22,4.26,361453915,1688664204,3.1123,-1.8433179723502335,600219.SH
2025-11-04,4.18,4.3,4.17,4.26,260579531,1198424139,2.2437,0.0,600219.SH
2025-11-05,4.26,4.69,4.26,4.69,522163645,2603252359,4.4961,10.093896713615047,600219.SH
2025-11-06,4.66,4.9,4.61,4.8,816368176,4243780960,7.0294,2.3454157782515805,600219.SH
2025-11-09,4.8,4.91,4.71,4.8,556826753,2894994113,4.7946,0.0,600219.SH
2025-11-10,4.84,4.89,4.71,4.76,305745858,1583555479,2.6326,-0.8333333333333304,600219.SH
2025-11-11,4.76,5.01,4.71,4.92,643822412,3410298178,5.5437,3.3613445378151363,600219.SH
2025-11-12,4.94,5.03,4.85,4.93,545116491,2922511970,4.6937,0.20325203252031798,600219.SH
2025-11-13,4.89,4.91,4.79,4.79,351835749,1844319359,3.0295,-2.8397565922920864,600219.SH
2025-11-16,4.73,4.8,4.69,4.72,284996225,1462576319,2.454,-1.4613778705636848,600219.SH
2025-11-17,4.69,4.71,4.5,4.55,355038568,1759196156,3.0571,-3.601694915254239,600219.SH
2025-11-18,4.55,4.62,4.53,4.58,211822810,1049603236,1.8239,0.659340659340657,600219.SH
2025-11-19,4.62,4.65,4.54,4.55,176099059,876198725,1.5163,-0.6550218340611424,600219.SH
2025-11-20,4.47,4.5,4.37,4.38,266822984,1279656122,2.2975,-3.736263736263734,600219.SH
2025-11-23,4.42,4.45,4.31,4.4,186209066,883521971,1.6034,0.4566210045662267,600219.SH
2025-11-24,4.45,4.47,4.37,4.38,201405514,961672979,1.7342,-0.454545454545463,600219.SH
2025-11-25,4.38,4.41,4.32,4.35,190916024,902280972,1.6439,-0.6849315068493178,600219.SH
2025-11-26,4.42,4.45,4.35,4.36,172830700,823810171,1.4882,0.22988505747127963,600219.SH
2025-11-27,4.35,4.39,4.3,4.34,140676533,663097386,1.2113,-0.4587155963302836,600219.SH
2025-11-30,4.4,4.53,4.4,4.44,265680185,1281317415,2.2877,2.3041474654378113,600219.SH
2025-12-01,4.45,4.45,4.35,4.38,136172909,646967450,1.1725,-1.3513513513513598,600219.SH
2025-12-02,4.38,4.62,4.36,4.56,352422528,1725915393,3.0345,4.109589041095885,600219.SH
2025-12-03,4.61,4.63,4.52,4.53,269135395,1336915568,2.3174,-0.6578947368420907,600219.SH
2025-12-04,4.57,4.96,4.56,4.92,524496885,2743933361,4.5162,8.609271523178808,600219.SH
2025-12-07,4.91,4.92,4.75,4.81,325887451,1697287265,2.8061,-2.2357723577235866,600219.SH
2025-12-08,4.77,4.77,4.56,4.58,313360649,1569589167,2.6982,-4.781704781704777,600219.SH
2025-12-09,4.57,4.67,4.54,4.62,196533130,981406665,1.6923,0.8733624454148492,600219.SH
2025-12-10,4.64,4.69,4.53,4.56,192090206,954823450,1.654,-1.2987012987013102,600219.SH
2025-12-11,4.65,4.65,4.56,4.61,201755534,953497026,1.7372,1.0964912280701844,600219.SH
2025-12-14,4.56,4.6,4.49,4.51,168573435,787098964,1.4515,-2.1691973969631295,600219.SH
2025-12-15,4.48,4.52,4.42,4.48,151945075,697365198,1.3083,-0.6651884700665023,600219.SH
2025-12-16,4.5,4.59,4.48,4.56,156813082,732941808,1.3502,1.7857142857142572,600219.SH
2025-12-17,4.56,4.62,4.54,4.54,114587452,538954261,0.9978,-0.43859649122806044,600219.SH
2025-12-18,4.56,4.69,4.51,4.65,191665251,908657887,1.669,2.422907488986792,600219.SH
2025-12-21,4.72,4.79,4.67,4.69,205019663,993997212,1.7853,0.8602150537634357,600219.SH
2025-12-22,4.75,5.0,4.73,4.89,355442586,1781242178,3.0952,4.264392324093791,600219.SH
2025-12-23,4.93,4.95,4.84,4.92,223908675,1124565383,1.9498,0.6134969325153339,600219.SH
2025-12-24,4.88,4.9,4.82,4.88,152439612,760950253,1.3274,-0.8130081300813052,600219.SH
2025-12-25,4.88,5.22,4.88,5.17,406191557,2111447032,3.5371,5.942622950819665,600219.SH
2025-12-28,5.21,5.25,5.07,5.09,392661036,2082909609,3.4193,-1.5473887814313358,600219.SH
2025-12-29,4.98,5.24,4.96,5.17,290911208,1535747653,2.5333,1.5717092337917515,600219.SH
2025-12-30,5.19,5.3,5.16,5.24,264268038,1419824627,2.3012,1.3539651837524147,600219.SH
2026-01-04,5.39,5.5,5.28,5.35,372111879,2051048553,3.2403,2.099236641221358,600219.SH
2026-01-05,5.4,5.67,5.37,5.52,432400488,2452424937,3.7653,3.1775700934579376,600219.SH
2026-01-06,5.55,5.84,5.46,5.68,458060703,2653572520,3.9888,2.898550724637694,600219.SH
2026-01-07,5.61,5.77,5.52,5.59,400905507,2330967542,3.4911,-1.5845070422535135,600219.SH
2026-01-08,5.57,5.73,5.57,5.69,279453041,1630759667,2.4335,1.7889087656529634,600219.SH
2026-01-11,5.76,5.81,5.53,5.61,389339461,2251237825,3.3904,-1.405975395430581,600219.SH
2026-01-12,5.62,5.77,5.57,5.63,365029509,2125555621,3.1787,0.35650623885916666,600219.SH
2026-01-13,5.69,5.84,5.67,5.75,477015833,2828092927,4.1539,2.131438721136769,600219.SH
2026-01-14,5.73,5.96,5.68,5.77,398516634,2378237900,3.4703,0.3478260869565153,600219.SH
2026-01-15,5.77,6.0,5.73,5.8,450802322,2714470791,3.9256,0.5199306759098743,600219.SH
2026-01-18,5.76,6.04,5.6,5.98,513007973,3084764769,4.4673,3.1034482758620863,600219.SH
2026-01-19,6.04,6.5,6.04,6.43,637715235,4153934532,5.5532,7.525083612040118,600219.SH
2026-01-20,6.43,6.49,6.23,6.36,379447788,2465469723,3.3042,-1.0886469673405785,600219.SH
2026-01-21,6.31,6.36,6.18,6.32,295383963,1906128053,2.5722,-0.6289308176100628,600219.SH
2026-01-22,6.38,6.73,6.25,6.6,441259783,2938189768,3.8425,4.430379746835422,600219.SH
2026-01-25,6.71,7.16,6.71,7.15,539159053,3861237092,4.695,8.333333333333348,600219.SH
2026-01-26,7.08,7.14,6.78,6.95,444254110,3164428068,3.8686,-2.7972027972028024,600219.SH
2026-01-27,7.05,7.64,6.94,7.64,636831560,4854941364,5.5455,9.928057553956826,600219.SH
2026-01-28,7.88,8.23,7.45,7.94,869595418,7034756526,7.5724,3.9267015706806463,600219.SH
2026-01-29,7.5,7.63,7.15,7.15,418455909,3122032576,3.6439,-9.949622166246852,600219.SH
2026-02-01,6.43,6.94,6.43,6.47,772961796,5252530002,6.7309,-9.510489510489517,600219.SH
2026-02-02,6.63,6.74,6.47,6.65,488622972,3295731327,4.2549,2.782071097372496,600219.SH
2026-02-03,6.76,6.81,6.58,6.71,319888041,2195528610,2.7856,0.9022556390977376,600219.SH
2026-02-04,6.59,6.66,6.28,6.43,326441204,2159607532,2.8426,-4.172876304023854,600219.SH
2026-02-05,6.12,6.72,6.12,6.56,341055335,2283760021,2.9699,2.0217729393468,600219.SH
2026-02-08,6.72,6.76,6.58,6.67,205248059,1401772489,1.7873,1.67682926829269,600219.SH
2026-02-09,6.68,6.75,6.61,6.69,203345301,1395506831,1.7707,0.2998500749625155,600219.SH
2026-02-10,6.67,6.9,6.63,6.78,247638175,1728963608,2.1564,1.3452914798206317,600219.SH
2026-02-11,6.78,6.84,6.72,6.73,197598869,1372892764,1.7207,-0.7374631268436516,600219.SH
2026-02-12,6.62,6.7,6.48,6.52,211424653,1430365271,1.8411,-3.1203566121842607,600219.SH
2026-02-23,6.68,6.75,6.6,6.63,199730039,1367273488,1.7392,1.6871165644171793,600219.SH
2026-02-24,6.65,6.93,6.63,6.86,287500460,2011466103,2.5036,3.469079939668185,600219.SH
2026-02-25,6.97,6.99,6.81,6.84,204648616,1442335215,1.7821,-0.291545189504383,600219.SH
2026-02-26,6.8,7.02,6.77,6.89,258714648,1835727938,2.2529,0.7309941520467822,600219.SH
2026-03-01,6.89,7.24,6.82,7.21,387941887,2802135215,3.3782,4.644412191582004,600219.SH
2026-03-02,7.14,7.39,6.97,7.01,415473406,3051664211,3.6179,-2.77392510402219,600219.SH
2026-03-03,6.99,7.64,6.99,7.55,556015173,4233911290,4.8418,7.703281027104136,600219.SH
2026-03-04,7.79,7.79,7.51,7.55,429885573,3360753506,3.7434,0.0,600219.SH
2026-03-05,7.38,7.47,7.06,7.24,312814038,2321143284,2.724,-4.105960264900654,600219.SH
2026-03-08,7.41,7.5,7.16,7.25,329219685,2473159014,2.8668,0.13812154696133394,600219.SH
2026-03-09,7.07,7.16,6.99,7.14,229303891,1664611226,1.9968,-1.5172413793103523,600219.SH
2026-03-10,7.2,7.22,7.08,7.16,190834639,1398859005,1.6618,0.2801120448179262,600219.SH
2026-03-11,7.19,7.58,7.19,7.44,408338705,3107642547,3.5558,3.9106145251396773,600219.SH
2026-03-12,7.44,7.55,7.13,7.17,297639555,2245479694,2.5918,-3.629032258064524,600219.SH
2026-03-15,7.17,7.3,6.79,6.96,295477825,2116351364,2.573,-2.9288702928870314,600219.SH
2026-03-16,7.01,7.16,6.6,6.63,306425908,2157048817,2.6684,-4.741379310344829,600219.SH
2026-03-17,6.51,6.56,6.33,6.39,269580502,1776793709,2.3475,-3.6199095022624417,600219.SH
2026-03-18,6.26,6.26,5.91,5.95,356612031,2213613496,3.1054,-6.885758998435043,600219.SH
2026-03-19,5.89,6.03,5.82,5.84,214648110,1304528457,1.8692,-1.8487394957983239,600219.SH
2026-03-22,5.65,5.81,5.55,5.61,258346777,1500820743,2.2497,-3.9383561643835496,600219.SH
2026-03-23,5.72,5.74,5.53,5.72,200934930,1164444422,1.7497,1.9607843137254832,600219.SH
2026-03-24,5.83,5.98,5.82,5.9,249224008,1507694433,2.1702,3.146853146853168,600219.SH
2026-03-25,5.89,5.97,5.81,5.84,154358300,933143399,1.3442,-1.016949152542379,600219.SH
2026-03-26,5.64,5.83,5.61,5.74,191246319,1127815050,1.6654,-1.7123287671232834,600219.SH
2026-03-29,6.1,6.32,5.94,6.32,568625019,3575171540,4.9516,10.104529616724744,600219.SH
2026-03-30,6.38,6.41,5.95,5.97,411418664,2575225625,3.5826,-5.537974683544311,600219.SH
2026-03-31,6.06,6.09,5.9,6.01,223033224,1370282834,1.9422,0.670016750418756,600219.SH
2026-04-01,6.07,6.17,5.98,6.02,231290916,1442889923,2.0141,0.16638935108153063,600219.SH
2026-04-02,6.01,6.01,5.72,5.78,192312688,1146583022,1.6747,-3.9867109634551423,600219.SH
2026-04-06,5.79,5.99,5.65,5.93,190865256,1140205923,1.6621,2.595155709342545,600219.SH
2026-04-07,6.1,6.19,6.06,6.15,266843892,1680664079,2.3237,3.7099494097807773,600219.SH
2026-04-08,6.08,6.22,6.02,6.15,200417391,1263862415,1.7452,0.0,600219.SH
2026-04-09,6.18,6.19,6.06,6.07,161625100,1015056535,1.4074,-1.3008130081300862,600219.SH
2026-04-12,6.04,6.06,5.93,6.0,151503281,932267629,1.3193,-1.1532125205930832,600219.SH
2026-04-13,6.11,6.22,6.06,6.21,333843702,2111441005,2.9071,3.499999999999992,600219.SH
2026-04-14,6.21,6.23,6.02,6.04,224667034,1408001230,1.9564,-2.7375201288244777,600219.SH
2026-04-15,6.09,6.23,6.08,6.22,255723269,1624446305,2.2268,2.98013245033113,600219.SH
2026-04-16,6.22,6.25,6.15,6.22,151100735,961821853,1.3158,0.0,600219.SH
2026-04-19,6.2,6.2,6.01,6.05,281841072,1751289966,2.4543,-2.733118971061088,600219.SH
2026-04-20,6.04,6.04,5.93,5.99,152951766,937526438,1.3319,-0.9917355371900749,600219.SH
2026-04-21,5.93,6.03,5.9,5.99,164998371,1008982452,1.4368,0.0,600219.SH
2026-04-22,6.0,6.02,5.82,5.86,171980757,1038906230,1.4976,-2.170283806343909,600219.SH
2026-04-23,5.77,5.82,5.62,5.71,297104665,1741911064,2.5872,-2.5597269624573427,600219.SH
2026-04-26,5.71,5.71,5.65,5.7,139282900,812810167,1.2129,-0.17513134851138146,600219.SH
2026-04-27,5.38,5.38,5.13,5.15,499456929,2673135312,4.3493,-9.649122807017541,600219.SH
2026-04-28,5.09,5.28,5.06,5.27,259729299,1387787434,2.2617,2.3300970873786353,600219.SH
2026-04-29,5.24,5.26,5.16,5.23,203510118,1087657876,1.7722,-0.7590132827324347,600219.SH
2026-05-05,5.26,5.34,5.17,5.33,266953943,1441493138,2.3246,1.9120458891013214,600219.SH
2026-05-06,5.34,5.38,5.29,5.37,209151914,1146417963,1.8213,0.7504690431519689,600219.SH
2026-05-07,5.33,5.49,5.31,5.41,214773593,1185890267,1.8702,0.7448789571694592,600219.SH
2026-05-10,5.42,5.46,5.35,5.38,218325606,1211922969,1.9012,-0.5545286506469571,600219.SH
2026-05-11,5.43,5.5,5.32,5.34,203325640,1129546114,1.7706,-0.743494423791824,600219.SH
2026-05-12,5.34,5.49,5.33,5.43,193342058,1078202767,1.6836,1.6853932584269593,600219.SH
2026-05-13,5.43,5.51,5.32,5.32,218133699,1212021537,1.8995,-2.025782688766109,600219.SH
2026-05-14,5.3,5.3,5.05,5.08,236656056,1245941201,2.0608,-4.511278195488721,600219.SH
2026-05-17,5.01,5.09,4.91,5.05,160885231,826855097,1.401,-0.5905511811023723,600219.SH
2026-05-18,5.1,5.15,5.02,5.14,158532693,828631068,1.3805,1.7821782178217838,600219.SH
2026-05-19,5.18,5.23,5.12,5.2,141385169,731917859,1.2312,1.1673151750972943,600219.SH
2026-05-20,5.22,5.34,5.04,5.05,190505328,989431370,1.6589,-2.8846153846153966,600219.SH
2026-05-21,5.08,5.33,5.02,5.28,226842843,1178509860,1.9753,4.5544554455445585,600219.SH
2026-05-24,5.32,5.37,5.18,5.22,163072802,859072175,1.42,-1.1363636363636465,600219.SH
2026-05-25,5.3,5.74,5.23,5.68,611030102,3375769847,5.3208,8.812260536398476,600219.SH
2026-05-26,5.6,5.66,5.31,5.34,438491253,2389728918,3.8184,-5.98591549295775,600219.SH
2026-05-27,5.26,5.28,5.13,5.18,287201491,1487871129,2.5009,-2.9962546816479474,600219.SH
2026-05-28,5.22,5.43,5.18,5.2,306961202,1628784553,2.673,0.38610038610038533,600219.SH
2026-05-31,5.24,5.37,5.19,5.25,193292926,1017908110,1.6832,0.9615384615384581,600219.SH
2026-06-01,5.28,5.37,5.23,5.32,209660956,1111954203,1.8257,1.333333333333342,600219.SH
2026-06-02,5.3,5.33,5.21,5.27,228530473,1202004446,1.99,-0.9398496240601628,600219.SH
2026-06-03,5.18,5.19,4.96,4.99,349567708,1764258836,3.044,-5.313092979127121,600219.SH
2026-06-04,4.93,5.01,4.87,4.89,186492271,919113716,1.624,-2.0040080160320772,600219.SH
2026-06-07,4.68,4.73,4.55,4.59,231059391,1072478440,2.0121,-6.134969325153373,600219.SH
2026-06-08,4.62,4.63,4.45,4.59,182505919,825622738,1.5893,0.0,600219.SH
2026-06-09,4.51,4.59,4.45,4.56,141765011,640116303,1.2345,-0.6535947712418388,600219.SH
2026-06-10,4.51,4.61,4.49,4.58,140163082,638503024,1.2205,0.43859649122808264,600219.SH
2026-06-11,4.65,4.84,4.59,4.73,266703719,1259004276,2.3225,3.27510917030569,600219.SH
2026-06-14,4.79,4.89,4.73,4.81,236361341,1135230153,2.0582,1.6913319238900382,600219.SH
2026-06-15,4.71,4.76,4.65,4.69,177604961,836443899,1.5466,-2.494802494802484,600219.SH
2026-06-16,4.67,4.72,4.59,4.63,140938373,655238271,1.2273,-1.279317697228155,600219.SH
2026-06-17,4.59,4.71,4.51,4.53,181944546,834054316,1.5844,-2.1598272138228847,600219.SH
2026-06-21,4.53,4.77,4.47,4.76,257375148,1189041657,2.2412,5.077262693156714,600219.SH
2026-06-22,4.7,4.72,4.45,4.45,267695611,1218768469,2.3311,-6.512605042016794,600219.SH
2026-06-23,4.44,4.44,4.32,4.38,192314881,841627293,1.6747,-1.573033707865179,600219.SH
2026-06-24,4.28,4.35,4.22,4.29,191116621,817537734,1.6642,-2.0547945205479423,600219.SH
2026-06-25,4.29,4.31,4.07,4.09,212668263,879851648,1.8519,-4.662004662004671,600219.SH
