date,open,high,low,close,volume,amount,turn,pct_change,windcode
2020-01-01,41.42,43.25,41.22,41.79,41123567,2306726977,1.03,,600585.SH
2020-01-02,41.94,42.02,40.77,40.95,28864212,1585798292,0.72,-2.010050251256268,600585.SH
2020-01-05,40.45,40.85,39.73,39.93,34356081,1845565954,0.86,-2.490842490842493,600585.SH
2020-01-06,39.78,40.54,39.78,40.05,23478333,1256641148,0.59,0.3005259203606281,600585.SH
2020-01-07,39.7,39.98,39.4,39.46,23232476,1228341855,0.58,-1.4731585518102275,600585.SH
2020-01-08,39.99,40.07,39.44,39.8,22788922,1208570911,0.57,0.8616320324378979,600585.SH
2020-01-09,39.78,40.13,39.17,40.02,25068454,1328424833,0.63,0.5527638190955031,600585.SH
2020-01-12,39.7,39.7,38.72,39.49,32982604,1722995510,0.82,-1.3243378310844656,600585.SH
2020-01-13,39.47,40.07,39.31,39.63,23102135,1223233545,0.58,0.35452013167891483,600585.SH
2020-01-14,39.77,39.85,39.06,39.31,17396916,912152627,0.43,-0.8074690890739311,600585.SH
2020-01-15,39.15,39.4,38.65,38.74,24712567,1283835416,0.62,-1.4500127194098211,600585.SH
2020-01-16,39.1,39.43,38.81,39.04,16927971,882380343,0.42,0.7743933918430423,600585.SH
2020-01-19,39.04,39.84,39.02,39.44,26280239,1384609032,0.66,1.0245901639344135,600585.SH
2020-01-20,38.95,38.96,37.51,37.55,40751329,2066063347,1.02,-4.7920892494929035,600585.SH
2020-01-21,37.16,37.8,36.93,37.48,39854244,1988464815,1.0,-0.18641810918774704,600585.SH
2020-01-22,37.37,37.45,35.61,35.95,43507835,2111835146,1.09,-4.0821771611526,600585.SH
2020-02-02,32.36,33.93,32.36,33.58,75940224,3373913959,1.9,-6.592489568845627,600585.SH
2020-02-03,33.91,36.17,33.91,35.52,48562246,2288611863,1.21,5.777248362120324,600585.SH
2020-02-04,35.5,36.06,35.13,35.34,38919000,1849371282,0.97,-0.5067567567567544,600585.SH
2020-02-05,35.59,36.2,35.06,35.92,28755749,1370720053,0.72,1.6411997736276218,600585.SH
2020-02-06,35.72,36.29,35.53,36.18,24037998,1154989401,0.6,0.7238307349665796,600585.SH
2020-02-09,35.8,38.57,35.61,38.4,46788218,2359751767,1.17,6.135986733001664,600585.SH
2020-02-10,38.11,39.02,37.91,38.65,40200560,2064345803,1.01,0.6510416666666741,600585.SH
2020-02-11,38.05,38.82,37.9,38.8,29140812,1497011429,0.73,0.38809831824062613,600585.SH
2020-02-12,38.95,39.67,38.59,39.36,37503114,1964520146,0.94,1.4432989690721598,600585.SH
2020-02-13,38.95,39.7,38.95,39.56,24535007,1290120204,0.61,0.5081300813008172,600585.SH
2020-02-16,39.56,40.09,39.23,40.01,29901592,1584662085,0.75,1.1375126390293033,600585.SH
2020-02-17,39.7,39.9,38.47,38.8,44442094,2313604134,1.11,-3.0242439390152476,600585.SH
2020-02-18,38.58,39.67,38.21,39.11,26362245,1379670704,0.66,0.7989690721649456,600585.SH
2020-02-19,39.31,39.44,38.58,39.28,26177995,1363353861,0.65,0.4346714395295326,600585.SH
2020-02-20,38.95,39.58,38.71,39.14,28589893,1491198538,0.71,-0.3564154786150686,600585.SH
2020-02-23,39.11,40.86,38.89,39.71,44958127,2398648446,1.12,1.4563106796116498,600585.SH
2020-02-24,38.83,39.43,38.23,38.91,34729771,1799700706,0.87,-2.014605892722243,600585.SH
2020-02-25,38.19,40.63,38.02,39.91,64677528,3440689150,1.62,2.570033410434336,600585.SH
2020-02-26,39.96,42.28,39.96,41.69,64117226,3545417856,1.6,4.460035078927582,600585.SH
2020-02-27,40.62,42.6,40.44,41.09,57980571,3203703639,1.45,-1.4391940513312385,600585.SH
2020-03-01,41.4,45.2,41.4,45.17,103858380,6154162034,2.6,9.929423217327816,600585.SH
2020-03-02,46.53,46.53,43.6,44.19,90455108,5365265838,2.26,-2.169581580695157,600585.SH
2020-03-03,43.57,45.07,43.44,44.37,47563462,2804225722,1.19,0.40733197556008793,600585.SH
2020-03-04,44.51,44.8,43.87,44.23,38152290,2251912648,0.95,-0.3155285102546812,600585.SH
2020-03-05,43.79,43.89,42.8,42.84,42461489,2447990675,1.06,-3.142663350666952,600585.SH
2020-03-08,42.02,42.41,41.31,41.72,43452287,2426676961,1.09,-2.614379084967333,600585.SH
2020-03-09,41.72,43.6,41.41,43.12,42833264,2436240577,1.07,3.3557046979865834,600585.SH
2020-03-10,43.09,43.1,41.98,42.05,25089185,1420197627,0.63,-2.48144712430427,600585.SH
2020-03-11,41.23,41.72,40.36,41.34,34492545,1889428388,0.86,-1.6884661117716804,600585.SH
2020-03-12,39.32,41.49,38.85,40.53,38338657,2050985218,0.96,-1.9593613933236664,600585.SH
2020-03-15,40.84,41.29,38.5,38.72,37312703,1974871117,0.93,-4.465827781889963,600585.SH
2020-03-16,39.31,39.81,36.85,38.2,46040522,2342788619,1.15,-1.342975206611563,600585.SH
2020-03-17,38.68,40.13,38.45,38.5,47970875,2525133179,1.2,0.785340314136107,600585.SH
2020-03-18,38.31,39.14,35.71,37.52,57758546,2872678910,1.44,-2.5454545454545396,600585.SH
2020-03-19,38.09,39.75,37.34,39.6,51326788,2651651764,1.28,5.543710021321946,600585.SH
2020-03-22,37.82,39.7,37.81,38.74,44988549,2342375797,1.12,-2.171717171717169,600585.SH
2020-03-23,39.79,40.93,39.37,40.93,45918537,2472263738,1.15,5.653071760454309,600585.SH
2020-03-24,42.32,42.83,40.98,41.46,43503443,2433195450,1.09,1.294893720987056,600585.SH
2020-03-25,40.68,42.11,40.62,40.69,23976392,1315713822,0.6,-1.8572117703810953,600585.SH
2020-03-26,41.19,42.32,40.65,41.81,36329150,2022404700,0.91,2.752519046448776,600585.SH
2020-03-29,41.17,42.45,40.84,41.82,35020170,1956511605,0.88,0.023917723032762517,600585.SH
2020-03-30,42.23,42.32,41.13,41.27,24043848,1337183634,0.6,-1.3151602104256255,600585.SH
2020-03-31,41.04,41.99,40.91,41.04,21899528,1208351436,0.55,-0.5573055488248269,600585.SH
2020-04-01,40.51,41.04,40.05,40.98,22836674,1235887543,0.57,-0.14619883040936088,600585.SH
2020-04-02,40.59,41.5,40.59,40.91,17589934,960707415,0.44,-0.170815031722793,600585.SH
2020-04-06,41.85,43.86,41.84,43.29,61942729,3546774289,1.55,5.8176484967000786,600585.SH
2020-04-07,42.7,43.67,42.51,43.14,25989752,1493972135,0.65,-0.34650034650034467,600585.SH
2020-04-08,43.34,43.88,42.92,43.4,22552394,1307058694,0.56,0.6026889197960017,600585.SH
2020-04-09,43.74,44.11,42.84,43.35,22532575,1308609071,0.56,-0.11520737327188613,600585.SH
2020-04-12,43.22,44.95,42.92,44.41,27619273,1637800756,0.69,2.445213379469413,600585.SH
2020-04-13,44.11,44.7,43.93,44.68,23227351,1375547923,0.58,0.6079711776626917,600585.SH
2020-04-14,44.46,44.46,43.16,43.29,29085376,1697716410,0.73,-3.1110116383169184,600585.SH
2020-04-15,42.85,43.25,42.6,42.9,18284441,1046725215,0.46,-0.9009009009009028,600585.SH
2020-04-16,43.25,44.47,42.96,43.6,30411081,1772385326,0.76,1.631701631701632,600585.SH
2020-04-19,44.17,45.1,44.15,44.61,30218350,1801968560,0.76,2.3165137614678866,600585.SH
2020-04-20,44.19,44.82,43.48,44.3,21053894,1239552925,0.53,-0.69491145483076,600585.SH
2020-04-21,43.96,44.63,43.7,44.59,16842866,997272334,0.42,0.6546275395034051,600585.SH
2020-04-22,44.68,44.83,43.38,43.38,23800649,1396160349,0.6,-2.7136129176945523,600585.SH
2020-04-23,43.38,43.66,42.92,43.47,18248439,1055405508,0.46,0.20746887966804906,600585.SH
2020-04-26,43.89,44.46,43.63,43.75,19467545,1146367303,0.49,0.6441223832528209,600585.SH
2020-04-27,44.17,44.2,43.16,43.99,19541288,1146192627,0.49,0.5485714285714316,600585.SH
2020-04-28,44.0,45.54,43.99,44.94,25441059,1524051189,0.64,2.159581723118875,600585.SH
2020-04-29,45.13,45.2,44.49,44.91,20835334,1244152221,0.52,-0.06675567423231055,600585.SH
2020-05-05,44.41,44.88,43.95,44.63,36527055,2157298552,0.91,-0.6234691605432996,600585.SH
2020-05-06,44.71,45.64,44.71,45.61,29534639,1784073321,0.74,2.1958323997311124,600585.SH
2020-05-07,45.69,45.93,45.19,45.57,21437648,1302818875,0.54,-0.08770006577504263,600585.SH
2020-05-10,45.84,47.09,45.82,46.4,32316440,2012538652,0.81,1.8213737107746208,600585.SH
2020-05-11,46.44,46.62,45.35,46.0,22324274,1368727160,0.56,-0.8620689655172376,600585.SH
2020-05-12,45.92,45.99,45.17,45.83,19317910,1175417770,0.48,-0.36956521739131,600585.SH
2020-05-13,45.67,45.81,44.2,44.32,35695494,2130430907,0.89,-3.294785075278195,600585.SH
2020-05-14,44.35,44.56,43.57,44.08,22594174,1330014655,0.56,-0.5415162454873723,600585.SH
2020-05-17,44.6,44.92,44.24,44.48,21229373,1265688226,0.53,0.9074410163339319,600585.SH
2020-05-18,45.01,45.3,44.32,44.49,18026014,1076199555,0.45,0.022482014388502947,600585.SH
2020-05-19,44.49,44.62,43.64,43.89,24077392,1409586306,0.6,-1.3486176668914385,600585.SH
2020-05-20,44.02,44.17,43.14,43.84,21427564,1248381931,0.54,-0.11392116655274398,600585.SH
2020-05-21,43.51,43.64,42.58,42.68,25239789,1447456642,0.63,-2.6459854014598605,600585.SH
2020-05-24,42.62,42.68,41.85,42.47,20428940,1149677285,0.51,-0.49203373945642115,600585.SH
2020-05-25,42.89,43.41,42.69,43.01,19786111,1133239814,0.49,1.2714857546503477,600585.SH
2020-05-26,43.09,43.35,42.6,42.65,16242028,931344823,0.41,-0.8370146477563289,600585.SH
2020-05-27,42.66,43.44,42.54,43.08,17318156,994634099,0.43,1.0082063305978828,600585.SH
2020-05-28,42.66,42.97,42.14,42.54,23580179,1338221858,0.59,-1.253481894150421,600585.SH
2020-05-31,43.01,43.8,42.68,43.7,33150294,1914727916,0.83,2.7268453220498534,600585.SH
2020-06-01,43.46,43.6,42.86,43.19,23515951,1355786299,0.59,-1.167048054919917,600585.SH
2020-06-02,43.35,43.71,43.07,43.12,20045260,1160821109,0.5,-0.16207455429497752,600585.SH
2020-06-03,43.4,43.4,42.24,42.41,25203134,1432101190,0.63,-1.6465677179962945,600585.SH
2020-06-04,42.39,42.41,41.33,42.05,35289213,1966210332,0.88,-0.8488564017920308,600585.SH
2020-06-07,42.17,42.54,41.58,41.95,27068670,1514066288,0.68,-0.23781212841853527,600585.SH
2020-06-08,41.87,42.67,41.81,42.36,24519753,1387243670,0.61,0.9773539928486175,600585.SH
2020-06-09,42.59,43.42,42.34,43.31,35808920,2059754917,0.9,2.2426817752596806,600585.SH
2020-06-10,43.3,43.3,41.96,42.51,34589696,1969008408,0.86,-1.8471484645578462,600585.SH
2020-06-11,41.87,42.4,41.7,41.94,27697112,1556531161,0.69,-1.3408609738885024,600585.SH
2020-06-14,41.78,42.35,41.34,41.64,22382801,1249904668,0.56,-0.7153075822603605,600585.SH
2020-06-15,42.23,42.24,41.6,41.96,28782346,1608940555,0.72,0.7684918347742542,600585.SH
2020-06-16,41.93,42.28,41.49,41.98,32695328,1825445619,0.82,0.04766444232602307,600585.SH
2020-06-17,41.98,42.41,41.4,42.35,24209411,1308640818,0.61,0.8813720819437876,600585.SH
2020-06-18,42.33,42.59,41.79,42.41,34299080,1865177233,0.86,0.1416765053128488,600585.SH
2020-06-21,42.52,42.52,41.81,41.99,26361160,1425211063,0.66,-0.99033246875736,600585.SH
2020-06-22,41.82,41.83,41.31,41.47,30222871,1616458124,0.76,-1.2383900928792602,600585.SH
2020-06-23,41.62,42.36,41.6,42.02,27306292,1478925066,0.68,1.326259946949615,600585.SH
2020-06-28,41.51,41.84,40.79,40.98,38980584,2062754193,0.97,-2.4750118990956804,600585.SH
2020-06-29,41.16,41.4,40.84,41.09,25534563,1350228171,0.64,0.26842362127867947,600585.SH
2020-06-30,41.3,43.14,41.09,43.02,56880614,3101087371,1.42,4.697006570941831,600585.SH
2020-07-01,43.36,44.02,43.23,43.95,55182871,3103273503,1.38,2.1617852161785134,600585.SH
2020-07-02,43.96,44.92,43.56,44.09,44253251,2521357764,1.11,0.31854379977247493,600585.SH
2020-07-05,44.45,45.67,44.45,45.37,51455203,3001211213,1.29,2.903152642322504,600585.SH
2020-07-06,45.82,47.07,45.05,45.05,53226567,3126284181,1.33,-0.7053118800969815,600585.SH
2020-07-07,45.59,45.82,44.36,45.01,42519970,2459834235,1.06,-0.08879023307436507,600585.SH
2020-07-08,45.02,46.17,44.35,46.01,69068488,3996574445,1.73,2.22172850477671,600585.SH
2020-07-09,45.69,45.69,44.27,44.41,53354244,3077327863,1.33,-3.4775048902412564,600585.SH
2020-07-12,44.27,45.96,44.13,45.41,58434919,3407457308,1.46,2.2517451024544055,600585.SH
2020-07-13,45.57,46.51,44.82,45.5,52420813,3073928266,1.31,0.19819423034574957,600585.SH
2020-07-14,45.78,46.09,44.35,44.54,40134165,2325392830,1.0,-2.1098901098901113,600585.SH
2020-07-15,44.66,45.67,43.07,43.2,60714710,3471344492,1.52,-3.008531656937574,600585.SH
2020-07-16,43.49,44.68,43.28,44.26,39627685,2250570302,0.99,2.4537037037037024,600585.SH
2020-07-19,45.05,48.69,45.05,48.69,130534583,8003357452,3.26,10.009037505648433,600585.SH
2020-07-20,48.69,48.92,46.46,47.31,86357704,5264717569,2.16,-2.8342575477510734,600585.SH
2020-07-21,47.13,47.66,46.52,47.35,49563222,3008514342,1.24,0.08454872120058354,600585.SH
2020-07-22,46.66,47.77,45.91,47.42,43753284,2641867877,1.09,0.14783526927137913,600585.SH
2020-07-23,46.96,47.33,45.2,45.71,44369905,2636469588,1.11,-3.6060733867566475,600585.SH
2020-07-26,46.31,47.3,45.93,46.41,36205435,2171456775,0.91,1.5313935681469992,600585.SH
2020-07-27,46.74,47.34,46.17,46.52,28411771,1711289743,0.71,0.23701788407672897,600585.SH
2020-07-28,46.29,47.22,45.86,47.13,31914823,1923818350,0.8,1.311263972484955,600585.SH
2020-07-29,48.15,49.37,47.52,47.73,55290311,3448417640,1.38,1.2730744748567613,600585.SH
2020-07-30,47.38,48.69,47.31,47.7,35478208,2188800115,0.89,-0.06285355122562786,600585.SH
2020-08-02,48.59,49.32,48.17,48.32,36604399,2293479765,0.92,1.2997903563941149,600585.SH
2020-08-03,48.78,49.16,48.3,48.69,29948593,1877324015,0.75,0.7657284768211925,600585.SH
2020-08-04,48.62,48.69,47.65,48.06,27024339,1669196218,0.68,-1.2939001848428777,600585.SH
2020-08-05,48.23,48.83,47.21,47.6,29609925,1820874466,0.74,-0.9571369121930906,600585.SH
2020-08-06,47.77,47.85,46.84,47.77,25080619,1532856914,0.63,0.3571428571428559,600585.SH
2020-08-09,48.7,49.31,47.38,47.84,28580067,1767121732,0.71,0.1465354825204157,600585.SH
2020-08-10,48.14,48.21,46.99,47.03,22054757,1348408739,0.55,-1.6931438127090304,600585.SH
2020-08-11,47.03,47.21,45.05,45.89,31556180,1862280278,0.79,-2.4239846906230045,600585.SH
2020-08-12,45.98,46.45,45.54,45.85,18009894,1065199823,0.45,-0.08716495968620341,600585.SH
2020-08-13,45.85,46.2,45.34,46.17,19415476,1143834783,0.49,0.6979280261723009,600585.SH
2020-08-16,46.18,47.46,45.82,47.45,31049175,1878627423,0.78,2.772363006281142,600585.SH
2020-08-17,47.45,47.68,47.0,47.49,18016208,1099619112,0.45,0.08429926238144869,600585.SH
2020-08-18,47.49,48.07,47.05,47.11,18939084,1160153658,0.47,-0.8001684565171696,600585.SH
2020-08-19,47.0,47.0,45.82,46.01,20094636,1196675584,0.5,-2.334960730205904,600585.SH
2020-08-20,46.5,46.6,45.82,46.1,12696736,753242055,0.32,0.19560965007607845,600585.SH
2020-08-23,47.21,48.15,47.11,47.83,39639803,2440239268,0.99,3.752711496746186,600585.SH
2020-08-24,48.54,48.61,47.12,47.59,23960064,1474026129,0.6,-0.5017771273259308,600585.SH
2020-08-25,47.64,48.23,47.11,47.3,22436918,1374400438,0.56,-0.6093717167472312,600585.SH
2020-08-26,47.59,47.69,46.62,47.09,17937049,1084798463,0.45,-0.4439746300211267,600585.SH
2020-08-27,47.1,48.31,46.86,48.23,31339949,1931269435,0.78,2.420896156296437,600585.SH
2020-08-30,48.83,49.07,47.3,47.31,29909934,1851807125,0.75,-1.9075264358283106,600585.SH
2020-08-31,47.14,47.18,46.41,46.83,28657946,1723913710,0.72,-1.0145846544071135,600585.SH
2020-09-01,46.95,46.98,46.05,46.37,24432938,1458839753,0.61,-0.9822763185991956,600585.SH
2020-09-02,46.39,46.85,46.06,46.27,23903140,1426718453,0.6,-0.21565667457406068,600585.SH
2020-09-03,45.8,46.21,45.58,46.17,16676326,985808974,0.42,-0.21612275772638911,600585.SH
2020-09-06,46.13,46.52,45.09,45.26,21031205,1240251929,0.53,-1.9709768247780035,600585.SH
2020-09-07,45.44,45.82,44.82,45.72,19092795,1112801520,0.48,1.0163499779054286,600585.SH
2020-09-08,45.07,45.34,44.42,44.81,19487128,1126420399,0.49,-1.9903762029746197,600585.SH
2020-09-09,45.28,45.81,44.82,44.93,19348109,1127821023,0.48,0.26779736665922815,600585.SH
2020-09-10,45.09,45.2,44.43,45.05,13910839,802359611,0.35,0.2670821277542812,600585.SH
2020-09-13,45.24,46.1,45.24,45.97,21786064,1280509940,0.54,2.042175360710319,600585.SH
2020-09-14,45.89,46.16,45.37,45.97,14352598,845824705,0.36,0.0,600585.SH
2020-09-15,46.02,46.31,45.67,46.01,13503676,799856332,0.34,0.08701326952360589,600585.SH
2020-09-16,45.97,46.05,45.19,45.47,13832875,810227486,0.35,-1.1736579004564263,600585.SH
2020-09-17,45.69,46.72,45.4,46.62,25179398,1500863089,0.63,2.529140092368598,600585.SH
2020-09-20,46.97,47.21,46.13,46.41,15950542,953344007,0.4,-0.45045045045045695,600585.SH
2020-09-21,46.06,46.21,45.44,45.61,14506408,855866364,0.36,-1.7237664296487765,600585.SH
2020-09-22,45.79,45.79,45.05,45.2,12647997,737021226,0.32,-0.8989256741942508,600585.SH
2020-09-23,44.97,45.05,44.37,44.44,15620950,897543184,0.39,-1.6814159292035558,600585.SH
2020-09-24,44.43,44.7,43.9,44.04,14412701,818087820,0.36,-0.9000900090008979,600585.SH
2020-09-27,44.19,44.6,43.62,43.71,13937271,790315803,0.35,-0.7493188010899154,600585.SH
2020-09-28,43.81,44.07,43.31,43.38,18388679,1031597709,0.46,-0.7549759780370535,600585.SH
2020-09-29,43.66,43.87,42.48,42.92,24588331,1364843490,0.61,-1.0603964960811507,600585.SH
2020-10-08,43.56,43.59,42.55,43.2,32452002,1796400013,0.81,0.6523765144454741,600585.SH
2020-10-11,43.17,44.26,43.14,44.19,28911884,1632276497,0.72,2.2916666666666474,600585.SH
2020-10-12,44.18,44.18,43.73,43.84,21794032,1230412463,0.54,-0.7920343969223698,600585.SH
2020-10-13,43.83,43.84,42.73,43.18,29006244,1610003061,0.73,-1.5054744525547559,600585.SH
2020-10-14,43.19,43.49,42.73,43.23,20286982,1127680357,0.51,0.11579434923574272,600585.SH
2020-10-15,43.06,43.7,42.6,42.77,27076381,1495591860,0.68,-1.0640758732361588,600585.SH
2020-10-18,42.86,43.17,41.96,42.0,27377752,1499716822,0.68,-1.8003273322422353,600585.SH
2020-10-19,42.05,42.25,41.7,42.19,20088749,1085828797,0.5,0.45238095238093745,600585.SH
2020-10-20,42.34,42.46,41.71,41.99,17546300,947866711,0.44,-0.4740459824602916,600585.SH
2020-10-21,41.88,41.94,41.22,41.35,19752990,1053050808,0.49,-1.5241724220052433,600585.SH
2020-10-22,41.35,41.63,41.16,41.32,17498335,931530804,0.44,-0.0725513905683206,600585.SH
2020-10-25,41.32,41.32,40.15,40.36,26181978,1369685984,0.65,-2.3233301064859657,600585.SH
2020-10-26,40.39,41.1,40.08,40.89,25662571,1341145570,0.64,1.3131813676907855,600585.SH
2020-10-27,40.54,40.7,39.61,40.39,36485297,1884853882,0.91,-1.2227928588896986,600585.SH
2020-10-28,39.61,40.81,39.53,40.43,27635945,1430710854,0.69,0.0990344144590205,600585.SH
2020-10-29,40.43,40.46,39.38,39.49,27972312,1434243798,0.7,-2.3250061835270786,600585.SH
2020-11-01,39.48,40.04,39.31,39.66,22563283,1150506203,0.56,0.43048873132436327,600585.SH
2020-11-02,39.81,40.3,39.53,40.12,28286682,1456580309,0.71,1.1598587997982968,600585.SH
2020-11-03,40.34,42.62,40.23,42.36,64749387,3477475665,1.62,5.583250249252258,600585.SH
2020-11-04,42.95,43.11,42.09,42.41,37539884,2049979771,0.94,0.11803588290839606,600585.SH
2020-11-05,42.41,43.03,41.86,42.52,35119795,1921539548,0.88,0.2593727894364628,600585.SH
2020-11-08,42.83,43.25,42.51,42.97,37650346,2075789286,0.94,1.058325493885226,600585.SH
2020-11-09,42.98,43.18,41.75,41.94,34624410,1891594736,0.87,-2.39702117756575,600585.SH
2020-11-10,42.03,43.79,41.75,43.47,55142638,3064466897,1.38,3.648068669527893,600585.SH
2020-11-11,43.25,43.85,42.72,43.37,32694917,1819175095,0.82,-0.23004370830458365,600585.SH
2020-11-12,43.11,43.22,42.38,42.7,22035591,1210001808,0.55,-1.5448466682038142,600585.SH
2020-11-15,43.03,44.17,42.87,44.08,41753081,2350952270,1.04,3.2318501170960134,600585.SH
2020-11-16,44.12,45.57,43.7,44.86,55739145,3219607337,1.39,1.7695099818511917,600585.SH
2020-11-17,44.85,45.12,44.14,44.66,25246851,1450117457,0.63,-0.4458314757021964,600585.SH
2020-11-18,44.37,44.62,43.84,44.11,23046060,1306656578,0.58,-1.231527093596052,600585.SH
2020-11-19,44.18,44.18,43.49,43.65,20525199,1153754984,0.51,-1.0428474268873278,600585.SH
2020-11-22,43.67,44.81,43.28,44.24,31703331,1808535391,0.79,1.3516609392898227,600585.SH
2020-11-23,44.19,44.66,43.66,44.38,22386524,1276161591,0.56,0.31645569620253333,600585.SH
2020-11-24,44.36,44.71,42.94,43.15,26112467,1466206685,0.65,-2.771518702118081,600585.SH
2020-11-25,43.11,43.34,42.41,42.72,18611343,1024540381,0.47,-0.996523754345302,600585.SH
2020-11-26,42.79,43.25,42.6,43.11,16148289,892113097,0.4,0.9129213483145993,600585.SH
2020-11-29,43.18,44.02,43.11,43.88,35744758,2010394902,0.89,1.7861285084667111,600585.SH
2020-11-30,43.52,43.84,43.3,43.71,21793831,1223415341,0.54,-0.3874202370100277,600585.SH
2020-12-01,43.65,43.87,43.34,43.54,17166728,962362105,0.43,-0.3889270189887939,600585.SH
2020-12-02,43.56,43.63,42.82,43.08,20871763,1157195740,0.52,-1.0564997703261358,600585.SH
2020-12-03,43.06,43.39,42.63,43.39,16376492,905317997,0.41,0.7195914577530216,600585.SH
2020-12-06,43.28,43.29,42.03,42.12,31831564,1738178977,0.8,-2.926941691634022,600585.SH
2020-12-07,42.12,42.47,41.49,41.51,21819340,1175161119,0.55,-1.4482431149097752,600585.SH
2020-12-08,41.51,41.8,41.06,41.11,18962758,1010339861,0.47,-0.9636232233196762,600585.SH
2020-12-09,41.02,41.31,40.81,41.09,16007381,846072413,0.4,-0.04864996351251483,600585.SH
2020-12-10,41.09,41.4,40.45,40.74,18133337,952687185,0.45,-0.8517887563884163,600585.SH
2020-12-13,40.74,40.9,40.06,40.4,19877193,1031286238,0.5,-0.8345606283750695,600585.SH
2020-12-14,40.4,41.44,40.14,41.29,20359830,1072085787,0.51,2.202970297029694,600585.SH
2020-12-15,40.78,41.07,40.62,40.93,16618362,873171727,0.42,-0.8718818115766469,600585.SH
2020-12-16,40.81,41.28,40.3,41.09,20026320,1053794878,0.5,0.3909113119960894,600585.SH
2020-12-17,41.09,41.72,40.97,41.3,19517792,1040359289,0.49,0.5110732538330387,600585.SH
2020-12-20,40.85,41.22,40.62,41.0,19153216,1008807666,0.48,-0.7263922518159771,600585.SH
2020-12-21,41.0,41.09,40.0,40.02,32372096,1681074655,0.81,-2.3902439024390154,600585.SH
2020-12-22,40.0,40.15,39.52,39.8,21399944,1093103274,0.54,-0.5497251374313006,600585.SH
2020-12-23,39.8,40.48,39.6,39.91,16776697,863297897,0.42,0.27638190954772934,600585.SH
2020-12-24,39.91,39.93,39.52,39.72,15563697,795721320,0.39,-0.4760711601102474,600585.SH
2020-12-27,39.73,39.76,38.85,38.98,35833389,1805132033,0.9,-1.8630412890231707,600585.SH
2020-12-28,39.22,40.36,38.89,39.98,27531891,1404617270,0.69,2.5654181631606043,600585.SH
2020-12-29,39.77,39.91,39.32,39.87,19481925,994911652,0.49,-0.27513756878438933,600585.SH
2020-12-30,39.92,40.64,39.7,40.09,26814450,1384845251,0.67,0.5517933283170517,600585.SH
2021-01-03,40.15,40.72,39.85,40.6,31900434,1655911374,0.8,1.2721376901970505,600585.SH
2021-01-04,40.58,40.64,39.62,40.24,41983750,2165511202,1.05,-0.8866995073891659,600585.SH
2021-01-05,40.25,44.19,40.25,43.4,111772803,6107596751,2.79,7.852882703777331,600585.SH
2021-01-06,42.72,42.76,41.58,42.66,68864293,3741964542,1.72,-1.7050691244239635,600585.SH
2021-01-07,42.87,44.02,42.84,43.84,66114248,3715962622,1.65,2.7660571964369662,600585.SH
2021-01-10,44.74,45.17,43.54,43.89,65944693,3760229969,1.65,0.11405109489051046,600585.SH
2021-01-11,43.9,44.35,43.03,44.22,43073145,2427348381,1.08,0.7518796992481258,600585.SH
2021-01-12,44.22,45.73,43.81,44.5,54063426,3127712729,1.35,0.6331976481230184,600585.SH
2021-01-13,44.27,44.48,43.28,43.64,40523883,2279159949,1.01,-1.932584269662918,600585.SH
2021-01-14,43.34,43.63,42.72,43.17,32552383,1806551915,0.81,-1.0769935838680134,600585.SH
2021-01-17,42.72,42.93,42.06,42.86,36663268,2006957405,0.92,-0.7180912670836315,600585.SH
2021-01-18,42.97,43.11,41.94,42.77,39926495,2180116660,1.0,-0.20998600093325992,600585.SH
2021-01-19,42.72,42.72,41.86,41.94,31226787,1693535588,0.78,-1.9406125789104611,600585.SH
2021-01-20,41.94,42.09,41.17,41.36,46311674,2471868258,1.16,-1.3829279923700533,600585.SH
2021-01-21,41.4,41.45,40.47,40.6,37590552,1973095519,0.94,-1.837524177949701,600585.SH
2021-01-24,40.43,41.61,39.85,41.19,58857853,3079266557,1.47,1.4532019704433408,600585.SH
2021-01-25,40.62,41.01,39.92,40.33,47903790,2481281548,1.2,-2.0878854090798704,600585.SH
2021-01-26,40.37,41.0,40.04,40.15,35909959,1869223289,0.9,-0.4463178775105381,600585.SH
2021-01-27,39.77,39.91,39.24,39.46,38944230,1978888037,0.97,-1.7185554171855522,600585.SH
2021-01-28,39.6,39.77,38.83,39.18,41319283,2081962675,1.03,-0.7095793208312218,600585.SH
2021-01-31,39.22,39.3,38.83,39.22,30905188,1555584269,0.77,0.10209290454312736,600585.SH
2021-02-01,39.34,39.36,38.45,38.83,59968497,2996886476,1.5,-0.994390617032126,600585.SH
2021-02-02,38.83,39.04,38.21,38.59,33248670,1654804490,0.83,-0.6180788050476282,600585.SH
2021-02-03,38.52,38.52,37.35,38.06,43365422,2114069332,1.08,-1.3734128012438451,600585.SH
2021-02-04,38.03,39.43,37.68,38.98,42428143,2113033427,1.06,2.4172359432474977,600585.SH
2021-02-07,38.98,39.96,38.79,39.78,36044909,1839985956,0.9,2.052334530528488,600585.SH
2021-02-08,39.91,39.92,39.24,39.7,32553579,1658051259,0.81,-0.20110608345902392,600585.SH
2021-02-09,39.69,40.45,39.36,40.3,33745876,1744901478,0.84,1.5113350125944391,600585.SH
2021-02-17,41.02,41.78,40.0,40.35,46465186,2437352355,1.16,0.12406947890819531,600585.SH
2021-02-18,40.46,42.61,40.15,42.45,79049976,4249102977,1.98,5.2044609665427455,600585.SH
2021-02-21,42.83,43.65,42.25,42.26,79798068,4411631838,2.0,-0.4475853945818731,600585.SH
2021-02-22,41.63,42.19,40.68,40.78,52371597,2790184181,1.31,-3.5021296734500607,600585.SH
2021-02-23,41.16,42.05,40.9,41.31,43130900,2302216784,1.08,1.2996566944580623,600585.SH
2021-02-24,41.78,42.61,41.01,42.37,49916020,2701689075,1.25,2.565964657467923,600585.SH
2021-02-25,41.42,42.13,41.17,41.43,31703251,1696862493,0.79,-2.218550861458579,600585.SH
2021-02-28,41.43,41.85,40.87,41.27,29281209,1558186043,0.73,-0.38619357953173505,600585.SH
2021-03-01,41.19,42.28,40.94,41.51,38877001,2085741933,0.97,0.581536224860657,600585.SH
2021-03-02,41.55,42.25,41.17,42.16,35594009,1918270499,0.89,1.565887737894478,600585.SH
2021-03-03,41.81,42.15,41.17,41.38,30060182,1608919017,0.75,-1.8500948766603242,600585.SH
2021-03-04,41.01,41.1,39.73,39.77,44917195,2320574380,1.12,-3.8907684871918757,600585.SH
2021-03-07,40.42,41.06,39.65,39.69,36562862,1899074128,0.91,-0.2011566507417739,600585.SH
2021-03-08,39.84,40.29,38.76,39.24,35642982,1815004740,0.89,-1.1337868480725488,600585.SH
2021-03-09,39.53,39.8,39.11,39.62,20524243,1044527793,0.51,0.9683995922527888,600585.SH
2021-03-10,40.23,41.69,40.22,41.3,58271078,3092586292,1.46,4.240282685512375,600585.SH
2021-03-11,41.59,42.63,41.17,42.27,61570894,3341166581,1.54,2.3486682808716797,600585.SH
2021-03-14,41.99,42.62,41.42,41.82,38837450,2096957883,0.97,-1.0645848119233525,600585.SH
2021-03-15,41.86,42.05,41.23,41.94,23447840,1258776365,0.59,0.2869440459110306,600585.SH
2021-03-16,41.98,41.99,40.92,41.22,25461315,1352498783,0.64,-1.716738197424894,600585.SH
2021-03-17,41.28,41.67,40.94,41.13,21543606,1143275561,0.54,-0.21834061135370675,600585.SH
2021-03-18,40.77,40.78,40.0,40.05,27367786,1419966354,0.68,-2.625820568927806,600585.SH
2021-03-21,40.05,40.39,39.6,40.37,19632177,1014490642,0.49,0.7990012484394571,600585.SH
2021-03-22,40.59,41.54,39.91,40.14,37038345,1937778506,0.93,-0.5697299975229053,600585.SH
2021-03-23,39.81,40.17,39.32,39.4,27616489,1407004167,0.69,-1.8435475834579051,600585.SH
2021-03-24,39.43,39.76,39.08,39.53,23352313,1186974286,0.58,0.3299492385786973,600585.SH
2021-03-25,39.8,40.04,39.38,39.87,28553458,1461772075,0.71,0.8601062484189237,600585.SH
2021-03-28,40.17,40.7,40.06,40.14,35129879,1824024333,0.88,0.6772009029345494,600585.SH
2021-03-29,40.15,40.33,39.94,40.08,28209031,1455482667,0.71,-0.1494768310911887,600585.SH
2021-03-30,40.15,40.21,39.54,39.78,17789612,910355947,0.44,-0.7485029940119681,600585.SH
2021-03-31,39.92,39.94,39.61,39.94,16655179,852512289,0.42,0.40221216691804784,600585.SH
2021-04-01,39.94,40.0,39.7,39.87,17209383,882026760,0.43,-0.1752628943415102,600585.SH
2021-04-05,39.89,39.99,39.65,39.69,18397249,941278586,0.46,-0.4514672686230292,600585.SH
2021-04-06,39.53,40.12,38.99,40.1,31300922,1589415177,0.78,1.0330057949105687,600585.SH
2021-04-07,39.92,39.93,39.53,39.75,17938003,916963209,0.45,-0.8728179551122262,600585.SH
2021-04-08,39.75,39.75,39.21,39.35,16192563,821219167,0.4,-1.0062893081761004,600585.SH
2021-04-11,39.35,39.41,39.0,39.0,17070324,859152353,0.43,-0.8894536213468918,600585.SH
2021-04-12,39.0,39.17,38.72,38.84,16998408,851164764,0.42,-0.41025641025640436,600585.SH
2021-04-13,39.03,39.19,38.88,39.1,11078849,557012450,0.28,0.6694129763130663,600585.SH
2021-04-14,39.07,39.07,38.6,38.79,13325809,665340912,0.33,-0.7928388746803128,600585.SH
2021-04-15,38.82,39.22,38.8,39.14,11156221,560176540,0.28,0.9022944057746951,600585.SH
2021-04-18,39.14,39.46,38.91,39.44,18775401,950211615,0.47,0.7664793050587537,600585.SH
2021-04-19,39.53,39.54,39.2,39.22,15800227,799764086,0.4,-0.5578093306288001,600585.SH
2021-04-20,39.14,39.14,38.76,38.99,14897503,746875436,0.37,-0.5864354920958603,600585.SH
2021-04-21,38.95,39.12,38.83,38.93,12540887,628409478,0.31,-0.15388561169531467,600585.SH
2021-04-22,38.93,39.04,38.8,38.87,17302612,865710799,0.43,-0.15412278448497796,600585.SH
2021-04-25,38.86,39.07,38.45,38.5,24406139,1217925109,0.61,-0.9518909184460966,600585.SH
2021-04-26,38.43,38.44,37.9,37.96,21892521,1071178031,0.55,-1.4025974025974053,600585.SH
2021-04-27,38.06,38.77,38.06,38.41,15671387,774082609,0.39,1.1854583772391791,600585.SH
2021-04-28,38.45,38.68,38.16,38.63,14678050,728154471,0.37,0.5727675084613582,600585.SH
2021-04-29,38.45,38.61,38.02,38.08,17789852,875765135,0.44,-1.4237639140564418,600585.SH
2021-05-05,38.1,38.64,38.1,38.35,16231118,801968725,0.41,0.7090336134453867,600585.SH
2021-05-06,38.34,39.3,38.34,39.02,30702264,1540733940,0.77,1.747066492829208,600585.SH
2021-05-09,39.14,39.56,38.52,38.92,23474199,1178264700,0.59,-0.25627883136852825,600585.SH
2021-05-10,38.77,38.77,37.9,38.39,20014952,985601178,0.5,-1.3617677286742014,600585.SH
2021-05-11,38.21,38.55,38.13,38.29,11907758,587353560,0.3,-0.2604845011721868,600585.SH
2021-05-12,38.18,38.29,37.98,38.06,15038840,737011164,0.38,-0.600679028466955,600585.SH
2021-05-13,38.06,38.75,38.06,38.7,20465608,1015201434,0.51,1.6815554387808795,600585.SH
2021-05-16,38.73,39.46,38.73,39.08,23673109,1194838879,0.59,0.9819121447028234,600585.SH
2021-05-17,39.1,39.13,38.6,38.75,13414182,669530274,0.34,-0.8444216990788123,600585.SH
2021-05-18,38.75,38.75,38.25,38.45,13747390,679437749,0.34,-0.7741935483870921,600585.SH
2021-05-19,38.43,38.45,38.1,38.35,14627244,720065976,0.37,-0.2600780234070288,600585.SH
2021-05-20,38.4,38.59,38.13,38.15,14708469,724215695,0.37,-0.5215123859191761,600585.SH
2021-05-23,38.18,38.18,37.96,38.06,14301090,700254264,0.36,-0.2359108781126995,600585.SH
2021-05-24,38.06,38.62,37.96,38.58,24479936,1209124323,0.61,1.366263794009459,600585.SH
2021-05-25,38.59,38.8,38.43,38.59,18190286,904726714,0.45,0.025920165889070645,600585.SH
2021-05-26,38.62,38.82,38.42,38.47,22850629,1134252975,0.57,-0.3109613889608842,600585.SH
2021-05-27,38.56,38.68,38.06,38.1,27759341,1364565445,0.69,-0.9617884065505566,600585.SH
2021-05-30,38.2,38.2,37.9,38.08,24776290,1210717167,0.62,-0.05249343832022246,600585.SH
2021-05-31,38.07,38.07,37.71,37.86,21807665,1061458863,0.55,-0.5777310924369727,600585.SH
2021-06-01,37.86,37.86,37.51,37.55,21677218,1050288275,0.54,-0.818806127839411,600585.SH
2021-06-02,37.51,37.74,37.46,37.6,17361952,841055901,0.43,0.13315579227697327,600585.SH
2021-06-03,37.6,37.86,37.4,37.5,19608898,948901322,0.49,-0.26595744680851796,600585.SH
2021-06-06,37.5,37.82,37.28,37.71,21614750,1043641701,0.54,0.5600000000000049,600585.SH
2021-06-07,37.59,38.0,37.51,38.0,21957011,1069535144,0.55,0.7690267833465825,600585.SH
2021-06-08,38.21,38.24,37.87,37.9,17984091,880017582,0.45,-0.2631578947368429,600585.SH
2021-06-09,37.92,38.13,37.61,37.61,19571881,954771352,0.49,-0.7651715039577844,600585.SH
2021-06-10,37.79,37.81,37.34,37.35,18815124,907386261,0.47,-0.691305503855355,600585.SH
2021-06-14,37.36,37.5,36.55,36.64,24106813,1139858268,0.6,-1.9009370816599702,600585.SH
2021-06-15,36.67,36.81,36.17,36.57,24018819,1127343898,0.6,-0.1910480349344934,600585.SH
2021-06-16,36.52,36.53,35.66,35.7,26520670,1170629792,0.66,-2.37899917965545,600585.SH
2021-06-17,35.7,35.71,34.62,34.8,32227153,1380992387,0.81,-2.521008403361358,600585.SH
2021-06-20,34.48,34.48,33.2,33.28,47810074,1968449773,1.2,-4.367816091954014,600585.SH
2021-06-21,33.26,34.13,33.22,33.66,25946553,1077761876,0.65,1.1418269230769162,600585.SH
2021-06-22,33.68,34.27,33.67,34.06,18373416,767907009,0.46,1.1883541295306221,600585.SH
2021-06-23,34.16,34.23,33.52,33.74,14546330,603893815,0.36,-0.9395184967704084,600585.SH
2021-06-24,33.87,34.33,33.75,34.22,17034117,713810610,0.43,1.4226437462951935,600585.SH
2021-06-27,34.24,34.61,33.93,34.26,16124414,679758555,0.4,0.11689070718876593,600585.SH
2021-06-28,34.32,34.32,33.45,33.45,17316954,717681498,0.43,-2.3642732049036663,600585.SH
2021-06-29,33.43,33.78,33.18,33.39,16554327,679334579,0.41,-0.17937219730942422,600585.SH
2021-06-30,33.35,34.11,32.87,33.87,27991847,1152036791,0.7,1.4375561545372673,600585.SH
2021-07-01,33.35,33.41,32.7,32.8,23452228,949747343,0.59,-3.159137880129914,600585.SH
2021-07-04,32.8,32.98,32.45,32.68,17210824,690509890,0.43,-0.3658536585365746,600585.SH
2021-07-05,32.68,33.13,32.61,33.05,16399805,664035114,0.41,1.1321909424724552,600585.SH
2021-07-06,32.9,33.11,32.62,32.94,14192516,573035892,0.35,-0.3328290468986417,600585.SH
2021-07-07,32.93,32.94,32.13,32.15,25654083,1021320179,0.64,-2.3982999392835436,600585.SH
2021-07-08,31.95,32.39,31.67,31.9,18715862,733857765,0.47,-0.7776049766718529,600585.SH
2021-07-11,32.23,32.49,31.85,31.88,16923351,667159676,0.42,-0.06269592476488839,600585.SH
2021-07-12,31.88,32.11,31.65,31.89,16709956,655200408,0.42,0.03136762860729281,600585.SH
2021-07-13,31.87,31.88,31.07,31.15,26785824,1034124582,0.67,-2.3204766384446573,600585.SH
2021-07-14,31.11,31.92,30.95,31.82,23023602,890425820,0.58,2.1508828250401235,600585.SH
2021-07-15,31.7,31.71,31.33,31.43,14759684,570634540,0.37,-1.2256442489000596,600585.SH
2021-07-18,31.4,31.4,30.61,30.95,23961761,908828375,0.6,-1.5272033089405057,600585.SH
2021-07-19,30.82,31.21,30.7,31.16,13268966,505317767,0.33,0.6785137318255252,600585.SH
2021-07-20,31.46,32.13,31.26,31.41,25172969,978750786,0.63,0.8023106546855008,600585.SH
2021-07-21,31.41,32.31,30.99,32.01,30256453,1183414806,0.76,1.9102196752626588,600585.SH
2021-07-22,32.04,32.26,31.51,31.55,21249857,829864833,0.53,-1.4370509215869909,600585.SH
2021-07-25,31.5,31.5,30.01,30.16,33626408,1257552213,0.84,-4.405705229793977,600585.SH
2021-07-26,30.17,30.4,28.86,28.89,32883191,1189757738,0.82,-4.210875331564989,600585.SH
2021-07-27,28.87,29.36,28.61,28.96,22638112,808015398,0.57,0.24229837313949343,600585.SH
2021-07-28,29.25,29.37,28.47,28.71,25415863,899048400,0.64,-0.8632596685082872,600585.SH
2021-07-29,28.7,29.12,28.18,28.79,22120676,779044301,0.55,0.27864855451060766,600585.SH
2021-08-01,28.79,31.67,28.16,31.6,73630550,2761114209,1.84,9.760333449114288,600585.SH
2021-08-02,31.56,32.43,30.97,31.87,59530528,2319990054,1.49,0.85443037974684,600585.SH
2021-08-03,31.8,32.23,31.48,32.04,36471581,1431169139,0.91,0.5334170065892652,600585.SH
2021-08-04,31.95,32.93,31.6,32.61,41103035,1644186833,1.03,1.7790262172284743,600585.SH
2021-08-05,32.6,32.61,31.64,31.95,24732972,971685495,0.62,-2.023919043238276,600585.SH
2021-08-08,31.8,34.64,31.64,33.69,64593663,2667840475,1.61,5.446009389671347,600585.SH
2021-08-09,33.69,33.83,32.78,33.8,40955600,1676963116,1.02,0.32650638171562996,600585.SH
2021-08-10,33.79,34.12,33.26,33.37,27401467,1131858557,0.69,-1.2721893491124292,600585.SH
2021-08-11,33.26,33.74,32.87,33.25,24457672,1000455979,0.61,-0.3596044351213634,600585.SH
2021-08-12,33.25,33.83,32.95,33.47,21320737,875542092,0.53,0.6616541353383409,600585.SH
2021-08-15,33.83,34.55,33.63,33.69,29902735,1250677561,0.75,0.6573050492978849,600585.SH
2021-08-16,33.71,34.81,33.71,34.04,45576016,1922776978,1.14,1.0388839418224993,600585.SH
2021-08-17,34.05,34.67,33.35,34.62,29856256,1255760340,0.75,1.7038777908343183,600585.SH
2021-08-18,34.56,34.57,33.53,33.55,27061302,1126346566,0.68,-3.090699017908727,600585.SH
2021-08-19,33.47,34.84,32.95,34.28,39645881,1651031658,0.99,2.1758569299553,600585.SH
2021-08-22,34.27,34.27,33.51,33.85,26195802,1092218682,0.65,-1.2543757292882152,600585.SH
2021-08-23,33.87,34.11,33.17,33.18,25801970,1062237356,0.65,-1.9793205317577556,600585.SH
2021-08-24,33.51,33.59,32.84,32.94,19369901,787478044,0.48,-0.7233273056057921,600585.SH
2021-08-25,32.86,32.86,32.08,32.08,24064445,956371107,0.6,-2.6108075288403088,600585.SH
2021-08-26,32.22,32.52,31.88,31.98,17406001,688131115,0.44,-0.31172069825435855,600585.SH
2021-08-29,31.44,31.45,30.1,30.41,41035721,1534852578,1.03,-4.909318323952472,600585.SH
2021-08-30,30.65,32.92,30.65,32.5,53416385,2112769210,1.34,6.872739230516278,600585.SH
2021-08-31,32.78,35.61,32.54,35.1,91354005,3886538403,2.28,8.000000000000007,600585.SH
2021-09-01,35.38,35.62,34.78,35.25,48552991,2100882434,1.21,0.42735042735042583,600585.SH
2021-09-02,34.93,35.94,34.32,35.53,47744746,2074887594,1.19,0.7943262411347574,600585.SH
2021-09-05,36.31,37.66,36.04,37.17,72591107,3315031261,1.81,4.615817618913587,600585.SH
2021-09-06,37.17,37.27,36.35,36.82,37054409,1675275757,0.93,-0.941619585687381,600585.SH
2021-09-07,36.72,36.82,35.87,36.25,36772445,1641267483,0.92,-1.5480717001629563,600585.SH
2021-09-08,36.19,37.56,35.96,37.39,46562009,2123413902,1.16,3.1448275862068886,600585.SH
2021-09-09,37.81,40.18,37.81,38.62,81235638,3909399629,2.03,3.2896496389408947,600585.SH
2021-09-12,39.04,40.35,38.71,40.16,83353919,4085954002,2.08,3.987571206628693,600585.SH
2021-09-13,40.36,40.5,39.12,39.45,51865861,2538998304,1.3,-1.7679282868525714,600585.SH
2021-09-14,39.45,39.53,36.84,37.19,56394702,2611735603,1.41,-5.728770595690758,600585.SH
2021-09-15,37.75,38.7,37.11,37.58,52481881,2442215959,1.31,1.0486689970422125,600585.SH
2021-09-16,38.62,38.62,36.7,37.92,33934496,1572394843,0.85,0.9047365620010739,600585.SH
2021-09-21,37.95,38.63,37.74,37.92,26494953,1244556295,0.66,0.0,600585.SH
2021-09-22,38.32,39.81,38.32,38.75,42109405,2018886731,1.05,2.1888185654008296,600585.SH
2021-09-23,38.42,38.48,34.97,35.39,67559809,3007873702,1.69,-8.670967741935486,600585.SH
2021-09-26,35.29,35.29,33.41,33.96,47915225,2007187815,1.2,-4.040689460299518,600585.SH
2021-09-27,34.16,34.77,33.71,34.18,28269220,1185411903,0.71,0.6478209658421719,600585.SH
2021-09-28,33.74,33.98,33.08,33.2,32390271,1328341802,0.81,-2.8671737858396606,600585.SH
2021-09-29,33.15,33.74,32.86,33.18,24199753,987675633,0.61,-0.0602409638554291,600585.SH
2021-10-07,33.69,33.91,32.94,33.57,22945547,943974174,0.57,1.1754068716093968,600585.SH
2021-10-10,33.78,35.1,33.75,33.97,38864931,1644881632,0.97,1.191540065534702,600585.SH
2021-10-11,33.96,34.61,33.35,33.94,28893568,1208121665,0.72,-0.08831321754489974,600585.SH
2021-10-12,33.9,33.9,32.57,33.42,26777799,1090632448,0.67,-1.532115497937525,600585.SH
2021-10-13,33.43,33.44,32.57,32.72,24171710,973240876,0.6,-2.094554159186124,600585.SH
2021-10-14,32.73,33.22,32.52,32.78,17201678,695146717,0.43,0.1833740831295838,600585.SH
2021-10-17,32.78,33.22,31.76,33.22,27611574,1105740475,0.69,1.342281879194629,600585.SH
2021-10-18,33.02,33.14,32.6,32.85,20767879,839375257,0.52,-1.113786875376277,600585.SH
2021-10-19,33.04,33.22,32.49,32.82,18059399,728955595,0.45,-0.09132420091324533,600585.SH
2021-10-20,32.66,33.07,32.19,32.4,25807019,1033776153,0.65,-1.2797074954296161,600585.SH
2021-10-21,32.43,33.73,32.43,33.03,29994982,1222996399,0.75,1.9444444444444597,600585.SH
2021-10-24,32.52,32.52,31.84,31.87,36320145,1427290747,0.91,-3.511958825310324,600585.SH
2021-10-25,32.06,32.16,31.64,31.68,19808592,774334474,0.5,-0.5961719485409467,600585.SH
2021-10-26,31.52,31.55,30.78,30.95,24579052,937825318,0.61,-2.304292929292928,600585.SH
2021-10-27,30.95,31.27,30.55,30.94,18421305,698813545,0.46,-0.03231017770597422,600585.SH
2021-10-28,30.74,31.1,30.71,30.97,18396722,699338382,0.46,0.09696186166774368,600585.SH
2021-10-31,30.91,31.14,30.65,30.82,20372076,771448890,0.51,-0.48433968356473844,600585.SH
2021-11-01,30.91,31.21,30.09,30.3,25209401,946801851,0.63,-1.6872160934458091,600585.SH
2021-11-02,30.17,31.15,30.17,30.85,20345646,767944140,0.51,1.8151815181518094,600585.SH
2021-11-03,31.04,31.05,30.5,30.92,16069841,609088261,0.4,0.22690437601295965,600585.SH
2021-11-04,30.8,31.02,30.5,30.76,13268132,501824815,0.33,-0.5174644243208237,600585.SH
2021-11-07,30.61,31.05,30.39,30.74,20146073,762075492,0.5,-0.06501950585177108,600585.SH
2021-11-08,30.9,31.08,30.66,30.82,14144274,535889030,0.35,0.2602472348731455,600585.SH
2021-11-09,30.72,30.81,29.52,29.86,33129634,1217494179,0.83,-3.1148604802076596,600585.SH
2021-11-10,29.86,31.82,29.77,31.6,54716236,2093318803,1.37,5.827193569993305,600585.SH
2021-11-11,31.61,31.63,30.91,31.01,28156998,1077465783,0.7,-1.8670886075949356,600585.SH
2021-11-14,31.02,31.3,30.86,31.11,14878150,567571477,0.37,0.32247662044500025,600585.SH
2021-11-15,31.11,31.27,30.16,30.25,30666774,1151855997,0.77,-2.764384442301504,600585.SH
2021-11-16,30.24,30.38,30.01,30.13,20446529,757750771,0.51,-0.3966942148760366,600585.SH
2021-11-17,30.17,30.26,30.01,30.09,15715378,582137115,0.39,-0.1327580484566826,600585.SH
2021-11-18,30.08,30.58,29.85,30.47,17705383,658495261,0.44,1.2628780325689482,600585.SH
2021-11-21,30.46,30.46,30.1,30.32,14329858,532683426,0.36,-0.4922874958976031,600585.SH
2021-11-22,30.24,30.61,30.13,30.43,14590259,546175657,0.36,0.3627968337730936,600585.SH
2021-11-23,30.41,30.48,30.09,30.4,14568476,542195579,0.36,-0.09858692080184639,600585.SH
2021-11-24,30.4,30.4,30.14,30.22,11655603,433109295,0.29,-0.5921052631578938,600585.SH
2021-11-25,30.13,30.13,29.71,29.74,20952630,769355107,0.52,-1.588352084712108,600585.SH
2021-11-28,29.43,29.44,29.28,29.38,21775445,785451052,0.54,-1.2104909213180859,600585.SH
2021-11-29,29.39,29.92,29.3,29.46,22101422,803213071,0.55,0.2722940776038074,600585.SH
2021-11-30,29.34,29.82,29.3,29.81,19068521,695016427,0.48,1.1880515953835546,600585.SH
2021-12-01,29.68,31.8,29.43,31.3,67763010,2580698810,1.69,4.998322710499847,600585.SH
2021-12-02,31.16,31.23,30.77,31.2,29279044,1117282354,0.73,-0.31948881789137795,600585.SH
2021-12-05,31.47,32.13,31.35,31.59,41751081,1627363558,1.04,1.2499999999999956,600585.SH
2021-12-06,32.04,32.59,32.04,32.29,40446400,1607347817,1.01,2.215891104779999,600585.SH
2021-12-07,32.29,32.36,31.73,31.94,26231182,1028289351,0.66,-1.0839269123567585,600585.SH
2021-12-08,32.04,32.9,32.0,32.68,41731315,1671673534,1.04,2.3168440826549785,600585.SH
2021-12-09,32.52,32.61,31.93,32.08,28073380,1110341740,0.7,-1.8359853121175052,600585.SH
2021-12-12,32.94,34.16,32.92,33.05,52080592,2152143744,1.3,3.0236907730673224,600585.SH
2021-12-13,32.98,32.98,32.04,32.13,29138902,1156346696,0.73,-2.783661119515868,600585.SH
2021-12-14,32.04,32.47,31.98,32.17,14730311,583861936,0.37,0.12449424214129312,600585.SH
2021-12-15,32.19,32.64,31.82,32.56,18573798,739345816,0.46,1.2123096052222504,600585.SH
2021-12-16,32.61,33.09,32.3,32.48,36003757,1446085860,0.9,-0.24570024570026439,600585.SH
2021-12-19,32.34,33.0,32.16,32.75,26820205,1077080198,0.67,0.8312807881773576,600585.SH
2021-12-20,32.53,34.06,32.53,33.5,34260632,1412794757,0.86,2.2900763358778553,600585.SH
2021-12-21,33.69,33.75,33.12,33.55,19552039,803752021,0.49,0.14925373134326847,600585.SH
2021-12-22,33.51,34.0,33.22,33.96,23074146,957185216,0.58,1.2220566318926984,600585.SH
2021-12-23,33.94,34.15,33.57,33.98,17334537,723959630,0.43,0.058892815076538874,600585.SH
2021-12-26,34.0,34.65,33.33,33.74,19096264,797704998,0.48,-0.7062978222483696,600585.SH
2021-12-27,33.82,33.93,33.08,33.26,17587121,721151986,0.44,-1.4226437462952157,600585.SH
2021-12-28,33.34,33.56,32.78,32.91,14006628,568454254,0.35,-1.0523150932050584,600585.SH
2021-12-29,32.93,33.34,32.73,32.9,18324327,743967981,0.46,-0.030385900941953814,600585.SH
2021-12-30,32.71,33.08,32.53,32.78,14445806,581235915,0.36,-0.36474164133737386,600585.SH
2022-01-03,32.91,34.04,32.55,33.89,27085461,1114937328,0.68,3.3862111043319043,600585.SH
2022-01-04,33.79,34.63,33.62,34.37,33089460,1392407488,0.83,1.4163470050162275,600585.SH
2022-01-05,34.57,35.91,34.42,35.21,42265069,1836496394,1.06,2.4439918533605054,600585.SH
2022-01-06,35.13,35.91,35.09,35.75,37286602,1640294946,0.93,1.5336552115876145,600585.SH
2022-01-09,35.75,36.19,35.3,35.69,25206411,1105379303,0.63,-0.16783216783217147,600585.SH
2022-01-10,35.87,35.94,35.18,35.31,21756386,949369724,0.54,-1.0647240123283663,600585.SH
2022-01-11,35.13,35.24,33.74,33.8,38919507,1632165980,0.97,-4.276408949306165,600585.SH
2022-01-12,33.89,34.03,32.82,32.86,26655269,1090534971,0.67,-2.781065088757395,600585.SH
2022-01-13,32.69,32.74,31.72,31.77,32502173,1280434801,0.81,-3.317102860620813,600585.SH
2022-01-16,31.8,31.95,31.57,31.73,20685110,807440657,0.52,-0.12590494176896172,600585.SH
2022-01-17,31.78,32.77,31.49,32.69,28715171,1139447158,0.72,3.0255278915852335,600585.SH
2022-01-18,32.54,35.05,32.54,34.92,67781943,2875018630,1.69,6.821657999388209,600585.SH
2022-01-19,34.92,35.09,34.4,34.7,29474573,1256008784,0.74,-0.6300114547537206,600585.SH
2022-01-20,34.73,34.73,33.42,33.5,33950890,1409099003,0.85,-3.458213256484155,600585.SH
2022-01-23,34.44,34.48,33.56,34.09,21430164,899523131,0.54,1.7611940298507545,600585.SH
2022-01-24,33.78,34.08,33.1,33.22,16666360,688731667,0.42,-2.552068055148149,600585.SH
2022-01-25,32.95,33.55,32.26,33.22,23289138,945640696,0.58,0.0,600585.SH
2022-01-26,32.92,33.0,32.37,32.43,16481004,660113885,0.41,-2.378085490668269,600585.SH
2022-01-27,32.7,33.0,31.87,31.89,19078984,756462143,0.48,-1.6651248843663202,600585.SH
2022-02-06,32.4,34.63,32.35,34.3,37616996,1565540045,0.94,7.557227971150815,600585.SH
2022-02-07,34.3,34.48,33.57,34.13,24463489,1022081748,0.61,-0.4956268221574134,600585.SH
2022-02-08,34.15,35.05,34.09,34.22,23661489,1001496562,0.59,0.26369762672133756,600585.SH
2022-02-09,34.22,35.46,33.84,35.44,37367808,1609400800,0.93,3.5651665692577383,600585.SH
2022-02-10,35.46,36.15,35.22,35.85,39309409,1735001619,0.98,1.156884875846509,600585.SH
2022-02-13,35.53,35.88,34.47,34.52,24666289,1060114286,0.62,-3.709902370990237,600585.SH
2022-02-14,34.75,34.94,34.0,34.24,20713128,875093665,0.52,-0.8111239860950192,600585.SH
2022-02-15,34.55,35.13,34.25,34.56,18157267,772084272,0.45,0.9345794392523477,600585.SH
2022-02-16,34.56,35.26,34.01,34.67,19201836,817609185,0.48,0.3182870370370461,600585.SH
2022-02-17,34.41,35.47,34.28,35.4,22007985,948291786,0.55,2.1055667724257265,600585.SH
2022-02-20,35.41,35.59,34.73,35.1,16899816,727454177,0.42,-0.8474576271186307,600585.SH
2022-02-21,34.7,34.78,34.22,34.56,16635440,704993371,0.42,-1.538461538461533,600585.SH
2022-02-22,34.48,34.73,33.84,34.04,21235476,889617100,0.53,-1.504629629629639,600585.SH
2022-02-23,33.76,33.78,32.63,33.0,31005050,1265131601,0.78,-3.055229142185667,600585.SH
2022-02-24,33.25,33.7,32.74,32.78,21680149,883781673,0.54,-0.6666666666666599,600585.SH
2022-02-27,32.94,33.3,32.56,32.78,18055363,728942353,0.45,0.0,600585.SH
2022-02-28,32.88,33.3,32.81,33.17,15842725,643959168,0.4,1.1897498474679802,600585.SH
2022-03-01,33.13,33.56,32.94,33.0,17995427,733103283,0.45,-0.5125113053964458,600585.SH
2022-03-02,33.17,33.62,33.0,33.48,21386984,877671809,0.53,1.4545454545454417,600585.SH
2022-03-03,33.18,33.18,32.21,32.49,32173441,1286528288,0.8,-2.9569892473118142,600585.SH
2022-03-06,32.49,33.25,32.3,32.68,27320946,1100480119,0.68,0.5847953216374213,600585.SH
2022-03-07,32.48,32.74,31.56,31.72,25546303,1008727864,0.64,-2.937576499388006,600585.SH
2022-03-08,32.12,32.28,29.81,31.06,29773532,1136934128,0.74,-2.080706179066838,600585.SH
2022-03-09,31.72,31.88,31.07,31.21,20091334,775141007,0.5,0.4829362524146896,600585.SH
2022-03-10,30.69,31.05,30.17,30.95,27199849,1020763967,0.68,-0.8330663248958703,600585.SH
2022-03-13,30.56,31.19,30.13,30.27,17955629,676799896,0.45,-2.197092084006458,600585.SH
2022-03-14,30.1,30.12,28.24,28.26,42152938,1503282607,1.05,-6.640237859266596,600585.SH
2022-03-15,28.57,29.08,27.49,28.95,34767401,1210401121,0.87,2.4416135881103918,600585.SH
2022-03-16,29.44,30.39,29.28,30.08,33445310,1228107446,0.84,3.9032815198618342,600585.SH
2022-03-17,30.12,30.81,29.93,30.62,20341674,759553593,0.51,1.7952127659574657,600585.SH
2022-03-20,30.74,30.8,30.03,30.2,19285457,717354231,0.48,-1.3716525146962866,600585.SH
2022-03-21,30.04,30.48,29.83,30.26,13214592,491360407,0.33,0.1986754966887494,600585.SH
2022-03-22,30.17,30.38,30.01,30.21,13187096,489498516,0.33,-0.16523463317911213,600585.SH
2022-03-23,30.09,30.17,29.76,29.99,13977683,515305535,0.35,-0.728235683548506,600585.SH
2022-03-24,29.96,30.33,29.82,29.99,13209662,487780122,0.33,0.0,600585.SH
2022-03-27,30.1,30.82,29.83,30.66,23024571,862424345,0.58,2.234078026008679,600585.SH
2022-03-28,30.48,30.77,30.26,30.65,15032714,564216246,0.38,-0.03261578604044635,600585.SH
2022-03-29,30.74,31.72,30.74,31.51,27557644,1062563428,0.69,2.8058727569331365,600585.SH
2022-03-30,31.34,32.52,31.27,32.12,34819390,1372314924,0.87,1.9358933671850043,600585.SH
2022-03-31,31.8,32.48,31.71,32.29,23058827,912589464,0.58,0.5292652552926658,600585.SH
2022-04-05,32.21,33.45,32.09,33.29,30546460,1236883211,0.76,3.0969340353050434,600585.SH
2022-04-06,33.18,34.02,32.82,32.95,35257410,1443821657,0.88,-1.0213277260438414,600585.SH
2022-04-07,33.09,33.55,32.76,33.28,32168377,1312763895,0.8,1.0015174506828428,600585.SH
2022-04-10,33.33,33.51,32.67,32.94,27031505,1098533177,0.68,-1.0216346153846256,600585.SH
2022-04-11,32.73,33.09,32.21,32.91,21403117,861405533,0.54,-0.09107468123862317,600585.SH
2022-04-12,32.73,32.99,32.22,32.25,17452405,697288437,0.44,-2.00546946216954,600585.SH
2022-04-13,32.3,32.94,31.73,32.78,21978291,874728300,0.55,1.6434108527131785,600585.SH
2022-04-14,32.58,33.02,32.37,32.48,11812720,474501985,0.3,-0.9151921903599924,600585.SH
2022-04-17,32.32,32.59,31.82,32.21,10806408,428982270,0.27,-0.8312807881773243,600585.SH
2022-04-18,32.13,32.46,31.55,31.63,17977223,701534856,0.45,-1.8006830176963695,600585.SH
2022-04-19,31.64,31.85,30.77,30.91,16037800,614108292,0.4,-2.2763199494151065,600585.SH
2022-04-20,30.73,31.15,30.27,30.42,16002168,603794228,0.4,-1.5852474927207982,600585.SH
2022-04-21,30.17,31.44,30.01,31.17,18235838,694637564,0.46,2.4654832347140054,600585.SH
2022-04-24,30.91,31.44,30.14,30.17,20392693,773310361,0.51,-3.208213025344886,600585.SH
2022-04-25,30.17,31.13,30.01,30.63,21717375,818140433,0.54,1.5246934040437532,600585.SH
2022-04-26,31.04,33.32,31.04,32.12,58066993,2315509000,1.45,4.86451191642181,600585.SH
2022-04-27,32.08,32.74,31.84,32.61,28680277,1143715165,0.72,1.5255292652553099,600585.SH
2022-04-28,32.19,32.69,31.58,32.5,27968442,1105502429,0.7,-0.3373198405397071,600585.SH
2022-05-04,32.52,32.99,32.34,32.84,23947298,965232540,0.6,1.0461538461538522,600585.SH
2022-05-05,32.13,32.53,31.61,31.66,17225007,676104635,0.43,-3.5931790499391103,600585.SH
2022-05-08,31.63,32.19,31.24,31.5,10924636,425432504,0.27,-0.5053695514845247,600585.SH
2022-05-09,31.03,31.64,30.73,31.52,15379518,591421952,0.38,0.06349206349205438,600585.SH
2022-05-10,31.7,31.77,31.0,31.17,20327154,782003489,0.51,-1.1104060913705527,600585.SH
2022-05-11,31.01,31.13,30.57,30.83,15208924,576620501,0.38,-1.090792428617271,600585.SH
2022-05-12,30.86,31.12,30.75,31.08,15043572,572950511,0.38,0.8108984755108573,600585.SH
2022-05-15,31.38,31.47,30.8,31.0,15730687,601337527,0.39,-0.2574002574002532,600585.SH
2022-05-16,31.0,31.0,30.4,30.89,16572848,625316664,0.41,-0.3548387096774186,600585.SH
2022-05-17,30.73,30.76,30.15,30.33,21528753,804092404,0.54,-1.8128844286176782,600585.SH
2022-05-18,30.05,30.7,29.94,30.53,15227267,568727071,0.38,0.6594131223211397,600585.SH
2022-05-19,30.65,30.98,30.55,30.88,16619936,629500065,0.42,1.1464133639043528,600585.SH
2022-05-22,30.88,30.88,30.43,30.5,14312880,537532595,0.36,-1.2305699481865218,600585.SH
2022-05-23,30.62,30.64,30.01,30.03,18950636,704008434,0.47,-1.5409836065573779,600585.SH
2022-05-24,30.03,30.29,29.87,30.19,12621112,467801083,0.32,0.532800532800537,600585.SH
2022-05-25,30.43,31.03,30.43,30.65,26844267,1014362821,0.67,1.5236833388539095,600585.SH
2022-05-26,30.66,30.76,30.14,30.27,27795387,1035760515,0.69,-1.2398042414355603,600585.SH
2022-05-29,30.13,30.38,30.05,30.16,16609496,615708016,0.42,-0.3633961017509013,600585.SH
2022-05-30,30.16,30.17,29.83,29.95,24039428,886030138,0.6,-0.696286472148544,600585.SH
2022-05-31,29.95,30.25,29.95,30.23,17436583,646281491,0.44,0.9348914858096968,600585.SH
2022-06-01,30.25,30.3,29.3,29.46,45461684,1657409186,1.14,-2.547138604035726,600585.SH
2022-06-05,29.1,29.19,28.22,28.64,63868790,2240400780,1.6,-2.7834351663272194,600585.SH
2022-06-06,28.55,28.87,28.47,28.87,33869097,1196406582,0.85,0.80307262569832,600585.SH
2022-06-07,28.89,29.22,28.79,29.08,29442996,1049934295,0.74,0.7273986837547541,600585.SH
2022-06-08,29.07,29.25,28.86,28.93,23825056,849878326,0.6,-0.515818431911963,600585.SH
2022-06-09,28.71,28.99,28.55,28.95,20386433,721337201,0.51,0.06913238852401804,600585.SH
2022-06-12,28.79,29.18,28.55,28.88,24868038,880453738,0.62,-0.24179620034542326,600585.SH
2022-06-13,28.67,29.43,28.48,29.43,35768518,1281824638,0.89,1.9044321329639846,600585.SH
2022-06-14,29.43,30.34,29.33,29.99,42746209,1572879483,1.07,1.902820251444104,600585.SH
2022-06-15,29.98,30.09,29.69,29.71,24076474,883317573,0.6,-0.9336445481827216,600585.SH
2022-06-16,29.37,30.17,29.37,30.17,35425053,1301080760,0.89,1.5483002356109,600585.SH
2022-06-19,30.27,30.27,29.92,30.17,31434146,1163545533,0.79,0.0,600585.SH
2022-06-20,30.33,30.33,29.58,30.0,26602773,918435982,0.67,-0.5634736493205228,600585.SH
2022-06-21,30.0,30.0,29.22,29.32,31772007,1079507333,0.79,-2.2666666666666613,600585.SH
2022-06-22,29.32,29.53,29.16,29.44,18049961,609868793,0.45,0.4092769440654953,600585.SH
2022-06-23,29.55,29.62,29.21,29.51,24670938,833214921,0.62,0.23777173913044347,600585.SH
2022-06-26,29.51,29.94,29.3,29.83,27686278,946122799,0.69,1.084378176889178,600585.SH
2022-06-27,29.81,29.96,29.56,29.9,21972946,754211411,0.55,0.23466309084814174,600585.SH
2022-06-28,29.89,30.31,29.81,30.12,31513888,1094251929,0.79,0.7357859531772704,600585.SH
2022-06-29,30.24,30.86,30.08,30.66,36228051,1277377819,0.91,1.7928286852589626,600585.SH
2022-06-30,30.78,31.24,30.62,30.9,32240289,1150015965,0.81,0.7827788649706457,600585.SH
2022-07-03,31.09,31.47,30.76,31.29,31584401,1131523652,0.79,1.2621359223301098,600585.SH
2022-07-04,31.31,31.59,30.73,31.19,26942884,964876615,0.67,-0.319590923617763,600585.SH
2022-07-05,31.07,31.16,30.16,30.38,24404371,855563761,0.61,-2.5969862135299837,600585.SH
2022-07-06,30.37,30.48,30.04,30.28,14132114,492219863,0.35,-0.3291639236339572,600585.SH
2022-07-07,30.41,30.68,30.23,30.42,13594568,475869930,0.34,0.4623513870541718,600585.SH
2022-07-10,30.07,30.72,29.81,30.55,22763996,793037502,0.57,0.42735042735042583,600585.SH
2022-07-11,30.5,31.29,30.4,31.1,30654108,1095551577,0.77,1.8003273322422242,600585.SH
2022-07-12,31.19,31.34,30.53,30.72,17806046,631848475,0.45,-1.221864951768492,600585.SH
2022-07-13,30.52,30.55,30.08,30.22,14595516,508259016,0.36,-1.627604166666663,600585.SH
2022-07-14,30.07,30.36,29.55,29.55,19687070,675661990,0.49,-2.2170747849106442,600585.SH
2022-07-17,29.55,30.77,29.42,30.51,20692177,721010418,0.52,3.248730964467006,600585.SH
2022-07-18,30.4,30.42,30.05,30.19,15273918,531063562,0.38,-1.0488364470665368,600585.SH
2022-07-19,30.38,30.39,29.92,30.03,10564147,365654781,0.26,-0.5299768135144101,600585.SH
2022-07-20,29.81,29.97,29.56,29.57,13406364,457611284,0.34,-1.5318015318015354,600585.SH
2022-07-21,29.55,29.66,28.72,28.92,30400499,1017177336,0.76,-2.198173824822447,600585.SH
2022-07-24,28.93,29.15,28.77,28.84,15214502,505362056,0.38,-0.2766251728907432,600585.SH
2022-07-25,28.84,29.1,28.57,29.04,15520490,516960415,0.39,0.6934812760055475,600585.SH
2022-07-26,28.98,29.11,28.59,28.6,17288943,570289932,0.43,-1.5151515151515027,600585.SH
2022-07-27,28.68,28.88,28.6,28.66,11396459,376692789,0.28,0.20979020979019491,600585.SH
2022-07-28,28.69,28.87,28.19,28.24,17841764,584304378,0.45,-1.4654570830425762,600585.SH
2022-07-31,28.18,28.24,27.81,28.12,13982682,450477764,0.35,-0.4249291784702458,600585.SH
2022-08-01,27.75,27.75,27.0,27.22,22448193,705301616,0.56,-3.200568990042685,600585.SH
2022-08-02,27.11,27.51,26.81,26.84,15754310,490535529,0.39,-1.3960323291697274,600585.SH
2022-08-03,27.03,27.19,26.88,27.11,11446572,355984830,0.29,1.0059612518628969,600585.SH
2022-08-04,27.17,27.88,26.94,27.84,18904575,597345775,0.47,2.6927333087421568,600585.SH
2022-08-07,27.84,28.33,27.77,28.29,16704135,540777192,0.42,1.6163793103448176,600585.SH
2022-08-08,28.28,28.41,28.1,28.24,11765779,382631925,0.29,-0.17674089784376346,600585.SH
2022-08-09,28.24,28.68,27.91,28.13,14346791,465121050,0.36,-0.38951841359773365,600585.SH
2022-08-10,28.27,28.5,27.97,28.44,12266532,399857974,0.31,1.1020263064344116,600585.SH
2022-08-11,28.39,28.67,28.27,28.57,9400407,308555138,0.24,0.4571026722925531,600585.SH
2022-08-14,28.57,28.87,28.33,28.39,13030343,427968798,0.33,-0.630031501575079,600585.SH
2022-08-15,28.47,28.73,28.34,28.46,11788401,386354021,0.29,0.2465656921451176,600585.SH
2022-08-16,28.48,28.57,27.95,28.47,15432773,503467323,0.39,0.035137034434296055,600585.SH
2022-08-17,28.33,28.42,27.44,27.48,28738173,917477970,0.72,-3.477344573234975,600585.SH
2022-08-18,27.49,27.86,27.46,27.72,17021241,543295670,0.43,0.8733624454148492,600585.SH
2022-08-21,27.71,28.11,27.59,27.97,14567025,467699380,0.36,0.9018759018758926,600585.SH
2022-08-22,27.97,28.01,27.24,27.35,20059314,632813825,0.5,-2.216660707901319,600585.SH
2022-08-23,27.34,27.45,26.94,26.97,18762078,585465256,0.47,-1.389396709323587,600585.SH
2022-08-24,27.22,28.06,27.07,27.9,31077161,990533264,0.78,3.4482758620689724,600585.SH
2022-08-25,27.7,27.81,27.25,27.64,19215698,609152433,0.48,-0.9318996415770497,600585.SH
2022-08-28,27.42,27.61,27.03,27.31,15488825,486001089,0.39,-1.193921852387847,600585.SH
2022-08-29,27.28,27.77,26.8,26.93,20662339,641252083,0.52,-1.391431709996338,600585.SH
2022-08-30,26.84,27.74,26.65,27.74,35382915,1110548626,0.88,3.007797994801331,600585.SH
2022-08-31,27.38,28.04,26.94,27.46,25800265,820155776,0.65,-1.0093727469358216,600585.SH
2022-09-01,27.46,27.72,27.0,27.09,17741847,557260057,0.44,-1.3474144209759675,600585.SH
2022-09-04,26.98,27.14,26.51,26.95,22635615,697498301,0.57,-0.5167958656330796,600585.SH
2022-09-05,26.98,27.11,26.74,26.94,20191134,625308510,0.5,-0.037105751391453,600585.SH
2022-09-06,26.77,26.85,26.26,26.43,29422849,896206639,0.74,-1.8930957683741756,600585.SH
2022-09-07,26.38,26.54,26.11,26.25,19969177,603234919,0.5,-0.6810442678774065,600585.SH
2022-09-08,26.26,27.38,26.21,27.26,44961442,1396199309,1.12,3.8476190476190553,600585.SH
2022-09-12,27.26,28.14,27.09,27.77,31515581,1009415197,0.79,1.8708730741012314,600585.SH
2022-09-13,27.44,27.88,27.37,27.45,16121199,511322825,0.4,-1.152322650342097,600585.SH
2022-09-14,27.5,28.2,27.5,28.01,26024617,836909350,0.65,2.04007285974499,600585.SH
2022-09-15,27.83,27.96,26.95,27.11,33850625,1061994356,0.85,-3.2131381649410984,600585.SH
2022-09-18,27.11,27.11,26.38,26.46,21451430,655938750,0.54,-2.3976392475101416,600585.SH
2022-09-19,26.6,26.64,25.39,25.71,39075712,1165191494,0.98,-2.8344671201814053,600585.SH
2022-09-20,25.56,25.59,24.98,25.36,24394559,708548536,0.61,-1.361338000777912,600585.SH
2022-09-21,25.09,25.25,24.87,24.97,18094858,520467773,0.45,-1.537854889589907,600585.SH
2022-09-22,24.97,25.32,24.81,24.91,14117002,406882426,0.35,-0.2402883460152161,600585.SH
2022-09-25,24.77,25.07,24.6,24.62,14695846,419157435,0.37,-1.1641910879164996,600585.SH
2022-09-26,24.65,24.9,24.44,24.86,13401972,380576883,0.34,0.9748172217709072,600585.SH
2022-09-27,24.77,24.99,24.51,24.59,15627949,444691103,0.39,-1.0860820595333887,600585.SH
2022-09-28,24.67,25.29,24.33,24.43,18440487,524692211,0.46,-0.6506710044733688,600585.SH
2022-09-29,24.49,25.33,24.49,25.04,28487069,821581162,0.71,2.496930004093323,600585.SH
2022-10-09,24.97,25.29,24.36,24.5,15951525,455599757,0.4,-2.1565495207667706,600585.SH
2022-10-10,24.52,24.62,23.93,24.29,13230911,368517836,0.33,-0.8571428571428563,600585.SH
2022-10-11,24.2,24.65,23.78,24.63,14486697,403686564,0.36,1.3997529847673995,600585.SH
2022-10-12,24.42,25.27,24.3,24.88,19317872,550592536,0.48,1.0150223304912664,600585.SH
2022-10-13,25.03,25.29,24.91,25.12,15542234,449663764,0.39,0.9646302250803984,600585.SH
2022-10-16,25.03,25.03,24.6,24.88,16681596,475239030,0.42,-0.9554140127388644,600585.SH
2022-10-17,24.99,25.14,24.65,24.66,10894144,310911715,0.27,-0.8842443729903504,600585.SH
2022-10-18,24.62,24.77,24.35,24.35,14437625,407306895,0.36,-1.2570965125709654,600585.SH
2022-10-19,24.16,24.49,24.07,24.18,11050826,308958596,0.28,-0.6981519507186951,600585.SH
2022-10-20,24.26,24.77,23.99,24.15,15801786,444188724,0.4,-0.12406947890819531,600585.SH
2022-10-23,24.16,24.25,23.03,23.06,29039318,784302028,0.73,-4.513457556935818,600585.SH
2022-10-24,23.17,23.52,22.91,23.3,15073972,402505322,0.38,1.040763226366015,600585.SH
2022-10-25,23.15,23.64,23.13,23.26,15704399,422988035,0.39,-0.17167381974249052,600585.SH
2022-10-26,23.26,23.62,23.26,23.51,14714298,397488019,0.37,1.0748065348237246,600585.SH
2022-10-27,22.59,23.03,21.93,21.99,35470881,909993477,0.89,-6.465333900467895,600585.SH
2022-10-30,21.86,21.89,21.03,21.1,29617840,726213031,0.74,-4.047294224647557,600585.SH
2022-10-31,21.16,21.98,20.93,21.96,32530953,805064532,0.81,4.0758293838862425,600585.SH
2022-11-01,21.75,22.07,21.55,21.97,25164920,633033526,0.63,0.04553734061929493,600585.SH
2022-11-02,21.73,21.79,21.54,21.67,14767105,367864307,0.37,-1.3654984069185083,600585.SH
2022-11-03,21.65,22.46,21.65,22.33,27995034,714774525,0.7,3.045685279187804,600585.SH
2022-11-06,22.2,22.8,22.14,22.65,21647640,562149174,0.54,1.4330497089117822,600585.SH
2022-11-07,22.53,22.81,22.46,22.6,14995916,390288773,0.37,-0.22075055187636972,600585.SH
2022-11-08,22.55,22.9,22.43,22.6,12249662,320024234,0.31,0.0,600585.SH
2022-11-09,22.46,22.72,22.32,22.63,14050626,364766411,0.35,0.13274336283184418,600585.SH
2022-11-10,22.98,23.7,22.84,23.46,38652624,1035070884,0.97,3.6676977463544036,600585.SH
2022-11-13,24.16,24.44,23.65,23.97,50130352,1385699529,1.25,2.1739130434782483,600585.SH
2022-11-14,23.99,25.47,23.69,25.28,50853812,1452265329,1.27,5.465164789319998,600585.SH
2022-11-15,25.13,25.19,24.7,24.79,24204779,694244981,0.61,-1.938291139240511,600585.SH
2022-11-16,24.77,24.98,24.33,24.66,21617072,610731887,0.54,-0.5244050020169366,600585.SH
2022-11-17,24.68,24.83,24.16,24.23,24027653,673678571,0.6,-1.743714517437145,600585.SH
2022-11-20,24.23,24.23,23.37,23.92,19955705,543138498,0.5,-1.2794056954189004,600585.SH
2022-11-21,24.0,24.45,23.79,24.04,13735015,380420299,0.34,0.5016722408026641,600585.SH
2022-11-22,23.95,24.38,23.83,23.98,15615378,432296984,0.39,-0.24958402662229595,600585.SH
2022-11-23,24.16,24.54,23.99,24.08,17952357,500360177,0.45,0.4170141784820558,600585.SH
2022-11-24,24.09,24.59,24.09,24.52,20293034,570568495,0.51,1.82724252491695,600585.SH
2022-11-27,24.07,24.07,23.56,23.86,17758327,485546206,0.44,-2.69168026101142,600585.SH
2022-11-28,24.32,25.36,24.23,25.2,39338214,1126125646,0.98,5.616093880972328,600585.SH
2022-11-29,25.19,25.58,24.82,24.85,28848815,833052117,0.72,-1.388888888888884,600585.SH
2022-11-30,25.19,25.42,24.79,24.85,19405968,559629277,0.49,0.0,600585.SH
2022-12-01,24.8,24.85,24.42,24.49,16552531,466957073,0.41,-1.448692152917519,600585.SH
2022-12-04,24.66,25.98,24.66,25.9,41208935,1210416825,1.03,5.757452021233167,600585.SH
2022-12-05,25.72,25.85,25.27,25.3,22227830,652386708,0.56,-2.316602316602312,600585.SH
2022-12-06,25.31,25.4,24.86,25.03,19311471,556388605,0.48,-1.067193675889322,600585.SH
2022-12-07,24.94,25.36,24.94,25.19,15339751,444013476,0.38,0.6392329204954139,600585.SH
2022-12-08,25.2,26.49,25.12,26.29,49467674,1481023876,1.24,4.366812227074224,600585.SH
2022-12-11,26.12,26.46,25.63,25.67,28571906,853606551,0.71,-2.3583111449220096,600585.SH
2022-12-12,25.54,25.88,25.39,25.81,16232901,479627194,0.41,0.5453837164004494,600585.SH
2022-12-13,25.81,25.88,25.42,25.81,20378506,601865826,0.51,0.0,600585.SH
2022-12-14,25.77,25.88,24.95,25.03,24762591,717944786,0.62,-3.0220844633862765,600585.SH
2022-12-15,24.9,26.07,24.88,25.76,32041468,945645109,0.8,2.9165001997602857,600585.SH
2022-12-18,25.77,26.07,24.77,24.92,23263946,674637627,0.58,-3.2608695652173947,600585.SH
2022-12-19,24.78,24.82,24.33,24.44,15493851,437263053,0.39,-1.9261637239165297,600585.SH
2022-12-20,24.42,24.79,24.42,24.52,10185486,287935675,0.25,0.3273322422258529,600585.SH
2022-12-21,24.66,25.35,24.61,24.72,16294896,468639997,0.41,0.815660685154973,600585.SH
2022-12-22,24.56,24.98,24.35,24.59,9636482,273737205,0.24,-0.5258899676375384,600585.SH
2022-12-25,24.59,24.84,24.17,24.33,16259934,454885413,0.41,-1.057340382269223,600585.SH
2022-12-26,24.43,24.72,24.39,24.46,13241272,373863025,0.33,0.5343197698314928,600585.SH
2022-12-27,24.46,24.47,24.16,24.26,15644405,436288139,0.39,-0.8176614881439059,600585.SH
2022-12-28,24.19,24.19,23.68,23.79,14659541,401639955,0.37,-1.937345424567194,600585.SH
2022-12-29,23.9,24.12,23.76,23.79,13929453,382714745,0.35,0.0,600585.SH
2023-01-02,23.8,24.13,23.53,24.08,11087579,305531991,0.28,1.2189995796553221,600585.SH
2023-01-03,24.09,24.86,24.0,24.46,19368871,546995154,0.48,1.5780730897010153,600585.SH
2023-01-04,24.58,24.8,24.46,24.66,13799267,390753355,0.35,0.8176614881439059,600585.SH
2023-01-05,24.77,24.99,24.6,24.84,13909471,397286891,0.35,0.7299270072992581,600585.SH
2023-01-08,24.91,25.07,24.65,24.72,13999766,399504748,0.35,-0.48309178743961567,600585.SH
2023-01-09,24.72,24.91,24.52,24.64,9946887,282908193,0.25,-0.3236245954692518,600585.SH
2023-01-10,24.72,24.96,24.64,24.81,11180936,319664957,0.28,0.6899350649350655,600585.SH
2023-01-11,24.69,24.75,24.26,24.38,16245925,456426822,0.41,-1.7331721080209528,600585.SH
2023-01-12,24.39,25.2,24.39,25.13,25394106,729133992,0.63,3.0762920426579132,600585.SH
2023-01-15,25.06,25.76,25.0,25.48,25324408,742197224,0.63,1.392757660167132,600585.SH
2023-01-16,25.49,25.62,25.16,25.37,13439163,392041385,0.34,-0.43171114599686033,600585.SH
2023-01-17,25.36,25.45,25.03,25.23,15255302,442198394,0.38,-0.551832873472613,600585.SH
2023-01-18,25.2,25.27,24.99,25.25,17766503,514249253,0.44,0.07927070947284509,600585.SH
2023-01-19,25.26,25.63,25.17,25.62,16392266,480421149,0.41,1.4653465346534666,600585.SH
2023-01-29,26.15,26.15,25.25,25.32,27640249,813152222,0.69,-1.1709601873536313,600585.SH
2023-01-30,25.18,25.78,25.12,25.57,18867370,553811006,0.47,0.9873617693522796,600585.SH
2023-01-31,25.59,25.67,25.25,25.65,21489560,630073573,0.54,0.3128666405944447,600585.SH
2023-02-01,25.59,25.89,25.43,25.72,21958279,648861818,0.55,0.27290448343080254,600585.SH
2023-02-02,25.56,25.59,25.07,25.26,21405033,621407210,0.54,-1.7884914463452417,600585.SH
2023-02-05,25.03,25.14,24.73,24.89,15456041,442792641,0.39,-1.4647664291369766,600585.SH
2023-02-06,24.89,25.45,24.88,25.09,16494928,477561810,0.41,0.8035355564483648,600585.SH
2023-02-07,25.1,25.19,24.79,24.85,13569572,389266339,0.34,-0.9565563969708979,600585.SH
2023-02-08,24.84,24.99,24.79,24.93,14001251,400817725,0.35,0.32193158953721657,600585.SH
2023-02-09,24.85,25.24,24.83,25.12,15117478,436591051,0.38,0.7621339751303635,600585.SH
2023-02-12,25.12,26.22,24.97,26.09,51456756,1531478944,1.29,3.8614649681528723,600585.SH
2023-02-13,26.04,26.2,25.77,26.04,22439911,671191439,0.56,-0.19164430816405176,600585.SH
2023-02-14,26.05,26.51,26.04,26.06,28749017,868374988,0.72,0.07680491551458335,600585.SH
2023-02-15,26.17,26.81,25.94,26.18,35919697,1092863101,0.9,0.46047582501917983,600585.SH
2023-02-16,26.18,26.76,26.11,26.12,22147077,672517974,0.55,-0.22918258212375475,600585.SH
2023-02-19,26.25,27.63,26.22,27.6,59051480,1850813723,1.48,5.666156202143946,600585.SH
2023-02-20,27.61,28.07,27.38,27.77,36427214,1162334572,0.91,0.6159420289854944,600585.SH
2023-02-21,27.65,27.76,27.27,27.41,18298997,578783457,0.46,-1.2963629816348576,600585.SH
2023-02-22,27.41,27.67,27.36,27.6,19061663,603170919,0.48,0.6931776723823502,600585.SH
2023-02-23,27.53,27.53,26.77,27.02,26383686,820373957,0.66,-2.1014492753623215,600585.SH
2023-02-26,26.9,27.18,26.53,26.68,17222562,529741339,0.43,-1.2583271650629113,600585.SH
2023-02-27,26.7,26.88,26.25,26.66,21347916,651511117,0.53,-0.07496251874062887,600585.SH
2023-02-28,26.9,27.42,26.9,27.15,26137496,816313362,0.65,1.837959489872465,600585.SH
2023-03-01,26.98,27.75,26.88,27.5,24487335,775066839,0.61,1.2891344383057168,600585.SH
2023-03-02,27.54,27.63,27.2,27.57,15454479,488491632,0.39,0.25454545454546285,600585.SH
2023-03-05,27.57,27.57,26.68,26.88,29850928,924689438,0.75,-2.502720348204579,600585.SH
2023-03-06,26.84,27.08,26.32,26.38,23580048,724514534,0.59,-1.8601190476190466,600585.SH
2023-03-07,26.33,26.34,25.98,26.25,15348085,461086058,0.38,-0.4927975739196344,600585.SH
2023-03-08,26.25,26.28,25.72,25.8,17331032,515710763,0.43,-1.7142857142857126,600585.SH
2023-03-09,25.71,25.72,25.26,25.37,20489802,599209079,0.51,-1.6666666666666607,600585.SH
2023-03-12,25.29,25.64,25.14,25.41,19005367,554285979,0.48,0.15766653527788943,600585.SH
2023-03-13,25.46,25.67,25.2,25.25,14724715,430404355,0.37,-0.6296733569460811,600585.SH
2023-03-14,25.36,25.88,25.32,25.75,18409672,543008539,0.46,1.980198019801982,600585.SH
2023-03-15,25.58,25.87,25.45,25.56,14354328,423059139,0.36,-0.737864077669903,600585.SH
2023-03-16,25.77,25.93,25.43,25.54,22893909,676998695,0.57,-0.07824726134585402,600585.SH
2023-03-19,25.55,26.16,25.32,25.32,21301306,629503979,0.53,-0.8613938919342146,600585.SH
2023-03-20,25.52,25.58,25.2,25.36,11162425,325568980,0.28,0.15797788309637184,600585.SH
2023-03-21,25.45,25.54,25.23,25.38,13259470,387027126,0.33,0.07886435331230235,600585.SH
2023-03-22,25.27,25.45,25.06,25.4,13748944,400013601,0.34,0.07880220646176994,600585.SH
2023-03-23,25.38,25.38,25.03,25.16,18820494,543996890,0.47,-0.9448818897637712,600585.SH
2023-03-26,25.11,25.11,24.37,24.52,24966155,705061100,0.62,-2.5437201907790197,600585.SH
2023-03-27,24.54,24.71,24.25,24.49,22765139,640406834,0.57,-0.12234910277325595,600585.SH
2023-03-28,24.5,24.66,24.33,24.38,18746502,526681412,0.47,-0.44916292364229893,600585.SH
2023-03-29,24.42,24.79,24.16,24.67,20883157,587456447,0.52,1.1894995898277472,600585.SH
2023-03-30,24.69,24.94,24.55,24.55,19160812,544924339,0.48,-0.486420753952177,600585.SH
2023-04-02,24.57,24.78,24.42,24.63,22573341,638250284,0.56,0.32586558044804814,600585.SH
2023-04-03,24.63,24.94,24.52,24.84,24180182,688466517,0.6,0.8526187576126665,600585.SH
2023-04-05,24.72,24.81,24.59,24.68,10438488,296271930,0.26,-0.6441223832528209,600585.SH
2023-04-06,24.69,24.9,24.62,24.85,12534921,358129764,0.31,0.68881685575366,600585.SH
2023-04-09,24.88,24.96,24.73,24.82,13080470,373981937,0.33,-0.12072434607646176,600585.SH
2023-04-10,24.79,25.34,24.65,25.25,29790913,861207332,0.74,1.732473811442392,600585.SH
2023-04-11,25.23,25.37,25.05,25.29,15016400,436696519,0.38,0.15841584158415856,600585.SH
2023-04-12,25.19,25.19,24.83,24.88,17194106,493630434,0.43,-1.6211941478845415,600585.SH
2023-04-13,24.95,25.09,24.83,24.86,12249118,351575307,0.31,-0.0803858520900258,600585.SH
2023-04-16,24.68,24.9,24.64,24.84,22034800,627417251,0.55,-0.08045052292839916,600585.SH
2023-04-17,24.78,24.91,24.7,24.77,18340962,522921402,0.46,-0.28180354267310914,600585.SH
2023-04-18,24.77,24.79,24.26,24.31,22133098,622073160,0.55,-1.857085183689955,600585.SH
2023-04-19,24.31,24.44,24.16,24.33,16420107,458805486,0.41,0.08227067050596837,600585.SH
2023-04-20,24.34,24.57,23.9,23.95,19455235,541591204,0.49,-1.5618577887381746,600585.SH
2023-04-23,23.95,23.95,23.46,23.55,19076218,519633148,0.48,-1.6701461377870541,600585.SH
2023-04-24,23.55,23.66,23.2,23.46,15937697,428730350,0.4,-0.3821656050955413,600585.SH
2023-04-25,23.45,23.53,23.18,23.35,12082442,325272926,0.3,-0.4688832054560943,600585.SH
2023-04-26,23.13,23.35,22.96,23.17,17904837,476612862,0.45,-0.7708779443254765,600585.SH
2023-04-27,23.18,23.46,23.17,23.36,15242768,409172616,0.38,0.820025895554588,600585.SH
2023-05-03,23.33,23.58,23.13,23.47,16782531,452531962,0.42,0.4708904109588907,600585.SH
2023-05-04,23.55,23.8,23.17,23.52,17531662,473534191,0.44,0.21303792074989225,600585.SH
2023-05-07,23.53,23.92,23.33,23.84,20553866,560255476,0.51,1.3605442176870763,600585.SH
2023-05-08,23.9,24.46,23.72,24.04,35486967,986568295,0.89,0.8389261744966348,600585.SH
2023-05-09,23.92,24.12,23.73,23.86,14851236,408052822,0.37,-0.7487520798668879,600585.SH
2023-05-10,23.81,23.99,23.66,23.79,11653223,319316212,0.29,-0.2933780385582563,600585.SH
2023-05-11,23.79,23.9,23.46,23.52,13908795,377845381,0.35,-1.1349306431273631,600585.SH
2023-05-14,23.47,23.77,23.33,23.71,10824076,293073213,0.27,0.8078231292517168,600585.SH
2023-05-15,23.67,23.67,23.26,23.33,14125340,380057915,0.35,-1.6026992830029618,600585.SH
2023-05-16,23.29,23.31,22.91,23.0,16118145,428408506,0.4,-1.4144877839691317,600585.SH
2023-05-17,23.0,23.14,22.9,22.99,11064152,293245852,0.28,-0.04347826086956719,600585.SH
2023-05-18,22.96,23.12,22.68,22.92,13763302,362609584,0.34,-0.30448020878641735,600585.SH
2023-05-21,22.92,23.26,22.86,23.16,12890609,343286360,0.32,1.0471204188481575,600585.SH
2023-05-22,23.08,23.25,23.04,23.04,10204772,271817733,0.26,-0.5181347150259086,600585.SH
2023-05-23,22.92,23.04,22.53,22.54,17110670,447513567,0.43,-2.170138888888884,600585.SH
2023-05-24,22.5,22.53,22.11,22.25,16094880,412389756,0.4,-1.286601597160597,600585.SH
2023-05-25,22.27,22.72,22.26,22.7,11159606,289188714,0.28,2.0224719101123556,600585.SH
2023-05-28,22.6,22.6,22.08,22.12,15217405,389993652,0.38,-2.555066079295143,600585.SH
2023-05-29,22.07,22.23,21.79,21.97,13988432,353592881,0.35,-0.6781193490054349,600585.SH
2023-05-30,21.81,22.15,21.78,21.78,16872999,425452245,0.42,-0.8648156577150568,600585.SH
2023-05-31,21.75,21.93,21.65,21.73,12508209,313381022,0.31,-0.22956841138659367,600585.SH
2023-06-01,21.85,22.19,21.8,22.13,17142523,434110498,0.43,1.8407731247123804,600585.SH
2023-06-04,22.1,22.38,22.0,22.23,12749958,325998548,0.32,0.451875282422054,600585.SH
2023-06-05,22.24,22.59,22.07,22.1,18279599,469728818,0.46,-0.5847953216374213,600585.SH
2023-06-06,22.07,22.42,22.07,22.27,12338014,316003274,0.31,0.7692307692307665,600585.SH
2023-06-07,22.27,23.17,22.2,23.05,35240679,924655042,0.88,3.5024696901661434,600585.SH
2023-06-08,23.04,23.32,22.71,22.78,46360613,1227842798,1.16,-1.1713665943600904,600585.SH
2023-06-11,22.7,22.78,21.77,22.21,41248271,1049530384,1.03,-2.5021949078138706,600585.SH
2023-06-12,22.23,22.4,22.12,22.33,18503579,473805581,0.46,0.5402971634398845,600585.SH
2023-06-13,22.38,22.56,22.29,22.4,17481968,451511346,0.44,0.31347962382444194,600585.SH
2023-06-14,22.34,22.88,22.34,22.88,21217125,554131625,0.53,2.1428571428571352,600585.SH
2023-06-15,22.96,23.25,22.94,23.14,20204700,538351389,0.51,1.1363636363636465,600585.SH
2023-06-18,23.15,23.19,22.75,22.84,18225279,479767390,0.46,-1.2964563526361328,600585.SH
2023-06-19,22.88,22.88,22.31,22.38,20634942,504394426,0.52,-2.0140105078809145,600585.SH
2023-06-20,22.36,22.42,22.1,22.11,15720180,379055395,0.39,-1.2064343163538882,600585.SH
2023-06-25,22.03,22.03,21.72,21.72,13350481,316157651,0.33,-1.7639077340569909,600585.SH
2023-06-26,21.79,22.43,21.77,22.4,14564897,351142931,0.36,3.130755064456725,600585.SH
2023-06-27,22.33,22.52,22.03,22.23,8657734,208959725,0.22,-0.7589285714285632,600585.SH
2023-06-28,22.18,22.26,21.79,21.81,13181558,313867295,0.33,-1.8893387314440013,600585.SH
2023-06-29,21.81,22.13,21.81,21.86,11556223,275416169,0.29,0.22925263640531934,600585.SH
2023-07-02,21.96,22.2,21.94,22.08,12704175,305001235,0.32,1.0064043915827936,600585.SH
2023-07-03,22.12,22.13,21.95,22.02,8536424,204044380,0.21,-0.27173913043477826,600585.SH
2023-07-04,22.01,22.05,21.81,21.85,10501848,249312230,0.26,-0.7720254314259711,600585.SH
2023-07-05,21.82,21.91,21.66,21.69,11099569,262189466,0.28,-0.7322654462242562,600585.SH
2023-07-06,21.65,21.69,21.51,21.59,8900865,208746937,0.22,-0.4610419548178979,600585.SH
2023-07-09,21.7,21.8,21.58,21.6,8538184,200877504,0.21,0.04631773969430153,600585.SH
2023-07-10,21.7,21.85,21.59,21.63,11410168,268309145,0.29,0.1388888888888884,600585.SH
2023-07-11,21.63,21.66,21.39,21.41,13569814,316999395,0.34,-1.0171058714747994,600585.SH
2023-07-12,21.48,21.7,21.48,21.67,11256991,264436923,0.28,1.2143858010275732,600585.SH
2023-07-13,21.67,21.76,21.6,21.72,7794921,183528911,0.19,0.23073373327178182,600585.SH
2023-07-16,21.72,21.72,21.49,21.6,6502597,152227559,0.16,-0.5524861878452914,600585.SH
2023-07-17,21.69,21.71,21.5,21.6,7764018,182202798,0.19,0.0,600585.SH
2023-07-18,21.67,21.72,21.56,21.71,9454674,222259203,0.24,0.5092592592592649,600585.SH
2023-07-19,21.71,21.99,21.71,21.79,17331425,411717754,0.43,0.36849378166743385,600585.SH
2023-07-20,21.79,21.96,21.76,21.95,12120433,287925536,0.3,0.7342817806333279,600585.SH
2023-07-23,22.07,22.09,21.78,21.99,16847400,401504419,0.42,0.18223234624146212,600585.SH
2023-07-24,22.58,23.01,22.53,22.75,41679994,1028031237,1.04,3.45611641655299,600585.SH
2023-07-25,22.75,23.02,22.75,22.95,27286812,679626516,0.68,0.879120879120876,600585.SH
2023-07-26,22.94,23.72,22.76,23.14,45840038,1161102557,1.15,0.8278867102396559,600585.SH
2023-07-27,23.37,23.94,23.27,23.85,41126340,1056738768,1.03,3.0682800345721795,600585.SH
2023-07-30,24.31,25.05,24.29,24.99,76569428,2063104135,1.91,4.779874213836455,600585.SH
2023-07-31,24.86,24.95,24.48,24.55,29322836,785372341,0.73,-1.7607042817126772,600585.SH
2023-08-01,24.54,25.11,24.5,24.76,29451119,794627664,0.74,0.8553971486761736,600585.SH
2023-08-02,24.64,24.94,24.56,24.86,15502048,416695648,0.39,0.40387722132471104,600585.SH
2023-08-03,25.05,25.32,24.62,24.63,25143796,679412069,0.63,-0.9251810136765903,600585.SH
2023-08-06,24.74,24.77,24.14,24.25,22682134,598630642,0.57,-1.542833942346733,600585.SH
2023-08-07,24.31,24.46,23.86,23.88,19431171,506947973,0.49,-1.52577319587629,600585.SH
2023-08-08,23.94,24.05,23.72,23.96,15028674,390713656,0.38,0.3350083752093891,600585.SH
2023-08-09,23.94,24.09,23.69,23.86,12268763,317356229,0.31,-0.4173622704507607,600585.SH
2023-08-10,23.89,24.03,23.3,23.35,15609444,398721849,0.39,-2.1374685666387228,600585.SH
2023-08-13,23.22,23.58,22.8,23.35,18070699,455130767,0.45,0.0,600585.SH
2023-08-14,23.35,23.61,23.0,23.36,13581230,344476978,0.34,0.04282655246252709,600585.SH
2023-08-15,23.33,23.76,23.12,23.5,16010194,408050320,0.4,0.5993150684931559,600585.SH
2023-08-16,23.35,23.92,23.14,23.61,22618681,578680899,0.57,0.46808510638298717,600585.SH
2023-08-17,23.56,24.02,23.56,23.65,17570023,454090829,0.44,0.16941973739941218,600585.SH
2023-08-20,23.65,23.83,23.4,23.5,16607219,426224290,0.42,-0.6342494714587699,600585.SH
2023-08-21,23.67,24.2,23.59,24.02,29649069,770456640,0.74,2.212765957446816,600585.SH
2023-08-22,24.03,24.15,23.72,23.86,19922279,518321599,0.5,-0.6661115736885881,600585.SH
2023-08-23,23.8,24.01,23.44,23.75,16564721,427094945,0.41,-0.46102263202011384,600585.SH
2023-08-24,23.59,24.31,23.58,24.03,20809881,540535494,0.52,1.1789473684210572,600585.SH
2023-08-27,24.89,25.22,24.34,24.41,38782831,1039571524,0.97,1.5813566375364019,600585.SH
2023-08-28,24.23,24.36,23.86,24.27,22821202,599162472,0.57,-0.5735354362966016,600585.SH
2023-08-29,24.41,24.42,23.87,23.97,14909691,388876718,0.37,-1.2360939431396822,600585.SH
2023-08-30,23.9,24.2,23.5,23.65,15652726,404489389,0.39,-1.3350020859407619,600585.SH
2023-08-31,23.76,24.4,23.76,24.3,24099254,634028985,0.6,2.748414376321362,600585.SH
2023-09-03,24.57,25.2,24.51,25.1,32897054,893076337,0.82,3.292181069958855,600585.SH
2023-09-04,25.21,25.21,24.29,24.35,19583810,521084544,0.49,-2.9880478087649376,600585.SH
2023-09-05,24.3,24.35,23.88,24.22,15143196,396324560,0.38,-0.5338809034907688,600585.SH
2023-09-06,24.04,24.24,23.89,23.94,9509573,248234750,0.24,-1.156069364161838,600585.SH
2023-09-07,23.89,24.11,23.78,23.93,9278353,241421462,0.23,-0.04177109440267612,600585.SH
2023-09-10,23.99,24.03,23.75,23.79,15254802,394480508,0.38,-0.5850396991224471,600585.SH
2023-09-11,23.79,23.79,23.53,23.61,10932094,280249866,0.27,-0.7566204287515754,600585.SH
2023-09-12,23.58,23.77,23.55,23.67,8985886,230766619,0.22,0.2541296060991183,600585.SH
2023-09-13,23.59,24.0,23.58,23.98,14240070,369286511,0.36,1.3096746937051096,600585.SH
2023-09-14,23.99,24.5,23.9,24.34,20925059,552222267,0.52,1.5012510425354453,600585.SH
2023-09-17,24.31,24.33,23.77,23.86,14096357,366299679,0.35,-1.9720624486442073,600585.SH
2023-09-18,23.86,24.54,23.85,24.51,18799386,496817840,0.47,2.7242246437552575,600585.SH
2023-09-19,24.53,24.94,24.39,24.82,25423672,684239771,0.64,1.26478988168095,600585.SH
2023-09-20,24.82,24.9,24.36,24.42,15810205,421374337,0.4,-1.6116035455277955,600585.SH
2023-09-21,24.54,24.63,24.2,24.55,12783907,339377188,0.32,0.5323505323505229,600585.SH
2023-09-24,24.63,24.77,24.34,24.37,11615098,309031590,0.29,-0.7331975560081472,600585.SH
2023-09-25,24.31,24.49,24.05,24.08,12531043,328983580,0.31,-1.1899876897825346,600585.SH
2023-09-26,24.09,24.29,23.85,24.01,13991770,365178364,0.35,-0.29069767441859407,600585.SH
2023-09-27,24.02,24.18,23.93,23.97,7689103,200508513,0.19,-0.16659725114537283,600585.SH
2023-10-08,23.93,23.93,23.51,23.58,11495411,295136326,0.29,-1.6270337922403066,600585.SH
2023-10-09,23.58,23.79,23.02,23.09,16323872,411943100,0.41,-2.0780322307039745,600585.SH
2023-10-10,23.11,23.32,22.85,22.95,12987477,324179190,0.32,-0.606323083585969,600585.SH
2023-10-11,23.0,23.7,23.0,23.57,12342400,313715221,0.31,2.701525054466236,600585.SH
2023-10-12,23.47,23.48,23.13,23.22,7601500,191774195,0.19,-1.4849384811200794,600585.SH
2023-10-15,23.26,23.33,22.97,23.05,10242326,256429326,0.26,-0.7321274763135155,600585.SH
2023-10-16,23.15,23.15,22.71,22.9,9662762,240368137,0.24,-0.6507592190889477,600585.SH
2023-10-17,22.95,23.02,22.72,22.88,11673900,290108970,0.29,-0.08733624454148048,600585.SH
2023-10-18,22.71,22.83,22.29,22.3,11561096,282094830,0.29,-2.534965034965031,600585.SH
2023-10-19,22.3,22.38,22.12,22.16,9244852,223227162,0.23,-0.627802690582957,600585.SH
2023-10-22,22.1,22.15,21.61,21.74,13753196,325899338,0.34,-1.895306859205781,600585.SH
2023-10-23,21.81,21.91,21.42,21.56,18698003,437510442,0.47,-0.8279668813247487,600585.SH
2023-10-24,22.56,23.04,22.27,22.96,40232811,993200429,1.01,6.493506493506507,600585.SH
2023-10-25,22.75,22.99,21.89,22.18,29363522,709496047,0.73,-3.397212543554007,600585.SH
2023-10-26,21.96,22.71,21.96,22.57,15878159,388163523,0.4,1.7583408476104623,600585.SH
2023-10-29,22.38,22.73,22.19,22.41,18007055,438079340,0.45,-0.7089056269384164,600585.SH
2023-10-30,22.41,22.56,22.07,22.28,13051580,315067787,0.33,-0.5800981704596087,600585.SH
2023-10-31,22.3,22.36,21.73,21.92,16775931,399250143,0.42,-1.6157989228007152,600585.SH
2023-11-01,21.92,22.06,21.82,21.84,10026813,238806943,0.25,-0.36496350364964014,600585.SH
2023-11-02,21.83,21.95,21.82,21.89,11667453,277246644,0.29,0.22893772893772812,600585.SH
2023-11-05,22.1,22.25,21.96,22.18,16574269,398111603,0.41,1.3248058474189195,600585.SH
2023-11-06,22.2,22.21,21.9,21.97,16565714,395358152,0.41,-0.9467989179441028,600585.SH
2023-11-07,21.95,22.06,21.78,21.87,15858684,377084039,0.4,-0.4551661356394954,600585.SH
2023-11-08,21.87,22.1,21.87,21.96,12242507,292485073,0.31,0.4115226337448652,600585.SH
2023-11-09,21.92,21.92,21.62,21.67,14289184,336434054,0.36,-1.3205828779599194,600585.SH
2023-11-12,21.68,21.81,21.48,21.71,12935094,303310452,0.32,0.1845869866174299,600585.SH
2023-11-13,21.72,21.84,21.56,21.64,13353849,313822653,0.33,-0.32243205895901017,600585.SH
2023-11-14,21.85,22.27,21.84,22.04,19876664,475907926,0.5,1.8484288354898348,600585.SH
2023-11-15,22.0,22.03,21.72,21.94,10462343,248914646,0.26,-0.45372050816695486,600585.SH
2023-11-16,21.8,21.89,21.43,21.57,23225133,543007410,0.58,-1.6864175022789474,600585.SH
2023-11-19,21.54,21.61,21.46,21.6,10646731,249203870,0.27,0.13908205841446364,600585.SH
2023-11-20,21.63,22.1,21.63,21.87,21695572,516604068,0.54,1.2499999999999956,600585.SH
2023-11-21,21.79,22.02,21.71,21.74,12468384,295745348,0.31,-0.5944215820759102,600585.SH
2023-11-22,21.82,21.87,21.63,21.86,8744592,206675452,0.22,0.5519779208831732,600585.SH
2023-11-23,22.1,22.17,21.83,21.89,13843992,329904243,0.35,0.13723696248857387,600585.SH
2023-11-26,21.89,21.89,21.43,21.5,17080048,399023530,0.43,-1.7816354499771592,600585.SH
2023-11-27,21.51,21.66,21.46,21.65,9269747,217041058,0.23,0.6976744186046435,600585.SH
2023-11-28,21.6,21.73,21.21,21.3,18403219,426596457,0.46,-1.6166281755196188,600585.SH
2023-11-29,21.23,21.35,21.1,21.18,11672626,268746127,0.29,-0.5633802816901401,600585.SH
2023-11-30,21.16,21.23,20.89,21.05,16533412,377346235,0.41,-0.6137865911236995,600585.SH
2023-12-03,21.05,21.17,20.78,20.79,13607780,308486411,0.34,-1.2351543942992982,600585.SH
2023-12-04,20.75,20.92,20.5,20.51,12957126,290929294,0.32,-1.3468013468013407,600585.SH
2023-12-05,20.49,20.64,20.32,20.36,15350675,341485890,0.38,-0.7313505607021042,600585.SH
2023-12-06,20.37,20.43,20.03,20.26,16056976,352318831,0.4,-0.4911591355599154,600585.SH
2023-12-07,20.26,20.44,20.06,20.09,16083700,352390795,0.4,-0.839091806515313,600585.SH
2023-12-10,20.06,20.14,19.67,20.1,16871923,363886726,0.42,0.04977600796416404,600585.SH
2023-12-11,20.07,20.44,19.98,20.36,10791717,237327852,0.27,1.2935323383084452,600585.SH
2023-12-12,20.4,20.41,19.71,19.85,13624478,295842532,0.34,-2.5049115913555853,600585.SH
2023-12-13,19.98,20.1,19.88,19.95,8241426,178644639,0.21,0.5037783375314797,600585.SH
2023-12-14,20.0,20.46,19.98,20.11,13583214,298361266,0.34,0.8020050125313372,600585.SH
2023-12-17,20.03,20.16,19.79,19.87,10374459,224305092,0.26,-1.193436101442058,600585.SH
2023-12-18,19.79,19.91,19.62,19.77,9679377,207685849,0.24,-0.5032712632108804,600585.SH
2023-12-19,19.79,19.89,19.74,19.78,8273603,178006030,0.21,0.050581689428441656,600585.SH
2023-12-20,19.75,20.0,19.63,19.97,12524434,270637368,0.31,0.9605662285136374,600585.SH
2023-12-21,19.94,20.2,19.77,20.08,10708896,232774436,0.27,0.5508262393590257,600585.SH
2023-12-24,20.04,20.25,19.92,20.24,8932093,194915045,0.22,0.7968127490039834,600585.SH
2023-12-25,20.21,20.3,20.1,20.26,8570874,188186683,0.21,0.09881422924902239,600585.SH
2023-12-26,20.27,20.43,20.17,20.41,9420472,207758634,0.24,0.7403751233958422,600585.SH
2023-12-27,20.41,20.83,20.32,20.78,14204365,319485722,0.36,1.8128368446839849,600585.SH
2023-12-28,20.82,20.95,20.56,20.78,14529824,327203072,0.36,0.0,600585.SH
2024-01-01,20.77,20.78,20.55,20.58,8077796,180975228,0.2,-0.9624639076034835,600585.SH
2024-01-02,20.54,20.75,20.44,20.69,8521513,190932513,0.21,0.5344995140913689,600585.SH
2024-01-03,20.69,20.73,20.31,20.59,10499915,233673444,0.26,-0.48332527791203894,600585.SH
2024-01-04,20.55,21.02,20.19,20.71,18303550,414000185,0.46,0.5828071879553143,600585.SH
2024-01-07,20.72,20.93,20.54,20.67,14669571,330543429,0.37,-0.19314340898116678,600585.SH
2024-01-08,20.71,20.71,20.32,20.67,9246115,205981999,0.23,0.0,600585.SH
2024-01-09,20.58,20.77,20.53,20.64,8123365,182221100,0.2,-0.14513788098694524,600585.SH
2024-01-10,20.6,20.69,20.35,20.56,8806515,196279533,0.22,-0.387596899224818,600585.SH
2024-01-11,20.56,20.84,20.49,20.62,9435128,212088316,0.24,0.29182879377434023,600585.SH
2024-01-14,20.54,20.9,20.4,20.87,11129565,250222833,0.28,1.212415130940836,600585.SH
2024-01-15,20.79,21.06,20.68,21.02,17511469,397451980,0.44,0.7187350263536008,600585.SH
2024-01-16,20.93,20.97,20.59,20.59,15431492,347789566,0.39,-2.0456707897240745,600585.SH
2024-01-17,20.54,20.79,20.06,20.72,15433075,341374633,0.39,0.6313744536182497,600585.SH
2024-01-18,20.64,20.78,20.4,20.52,12112370,270076478,0.3,-0.9652509652509633,600585.SH
2024-01-21,20.44,20.66,19.89,20.13,17620255,388368650,0.44,-1.900584795321636,600585.SH
2024-01-22,20.02,20.13,19.83,20.03,13176082,285749528,0.33,-0.4967709885742577,600585.SH
2024-01-23,20.11,20.48,19.73,20.38,15143017,330749353,0.38,1.7473789316025945,600585.SH
2024-01-24,20.38,20.86,20.32,20.81,20828037,468038229,0.52,2.1099116781158056,600585.SH
2024-01-25,21.03,21.49,20.82,21.02,22339901,511196189,0.56,1.009130225852961,600585.SH
2024-01-28,21.15,21.49,21.13,21.24,22209907,513800833,0.56,1.0466222645099776,600585.SH
2024-01-29,21.1,21.41,21.01,21.01,17333903,398846916,0.43,-1.0828625235404732,600585.SH
2024-01-30,20.89,21.48,20.84,21.28,23924743,552630988,0.6,1.2851023322227428,600585.SH
2024-01-31,21.22,21.48,20.96,21.18,18906126,435570192,0.47,-0.46992481203008696,600585.SH
2024-02-01,21.18,21.48,20.66,21.16,20491936,471275627,0.51,-0.09442870632672129,600585.SH
2024-02-04,21.16,21.5,20.87,21.43,33439138,771799786,0.84,1.2759924385633337,600585.SH
2024-02-05,21.32,22.0,21.25,21.86,25803376,607143636,0.65,2.006532897806812,600585.SH
2024-02-06,21.86,21.95,21.55,21.94,24806886,586031197,0.62,0.36596523330283404,600585.SH
2024-02-07,21.95,22.31,21.75,22.31,26927269,644538314,0.67,1.6864175022789363,600585.SH
2024-02-18,22.3,22.36,21.72,22.23,19765008,473488527,0.49,-0.35858359480053226,600585.SH
2024-02-19,22.14,22.68,22.01,22.53,19074976,465189869,0.48,1.3495276653171517,600585.SH
2024-02-20,22.46,23.1,22.31,22.78,21595040,534564541,0.54,1.1096316023080366,600585.SH
2024-02-21,22.66,22.81,22.46,22.73,14373686,353889888,0.36,-0.21949078138718825,600585.SH
2024-02-22,22.7,22.85,22.42,22.65,15221381,374158075,0.38,-0.3519577650682004,600585.SH
2024-02-25,22.57,22.64,22.18,22.22,15542987,377699156,0.39,-1.8984547461368684,600585.SH
2024-02-26,22.16,22.28,21.99,22.16,16170713,387674111,0.4,-0.27002700270026825,600585.SH
2024-02-27,22.13,22.19,21.82,21.97,20861133,499157040,0.52,-0.8574007220216617,600585.SH
2024-02-28,21.83,22.06,21.8,22.05,20981150,500018347,0.52,0.3641329085116052,600585.SH
2024-02-29,22.02,22.03,21.78,21.89,17529343,416955909,0.44,-0.7256235827664437,600585.SH
2024-03-03,21.88,21.88,21.43,21.58,23230402,544056761,0.58,-1.416171767930574,600585.SH
2024-03-04,21.49,21.88,21.4,21.87,19291448,453640637,0.48,1.3438368860055672,600585.SH
2024-03-05,21.87,22.18,21.73,22.1,17420409,416376938,0.44,1.0516689529035173,600585.SH
2024-03-06,22.06,22.53,22.03,22.26,19220504,465452502,0.48,0.7239819004524861,600585.SH
2024-03-07,22.22,22.24,21.83,21.92,16267084,388053944,0.41,-1.5274034141958714,600585.SH
2024-03-10,21.92,22.04,21.66,21.87,16859280,398467321,0.42,-0.22810218978102093,600585.SH
2024-03-11,21.87,22.06,21.5,21.95,26434379,624301122,0.66,0.36579789666209006,600585.SH
2024-03-12,21.82,21.82,21.33,21.37,26998922,629050516,0.68,-2.642369020501134,600585.SH
2024-03-13,21.24,21.64,21.23,21.42,17398778,405578196,0.44,0.23397285914834587,600585.SH
2024-03-14,21.38,21.64,21.32,21.63,15738134,367631449,0.39,0.9803921568627416,600585.SH
2024-03-17,21.6,21.71,21.48,21.53,15408992,360496052,0.39,-0.4623208506703502,600585.SH
2024-03-18,21.52,21.59,21.3,21.37,16589498,385795202,0.41,-0.7431490942870433,600585.SH
2024-03-19,21.07,21.13,20.81,20.89,32845828,746523422,0.82,-2.246139447824058,600585.SH
2024-03-20,20.93,21.09,20.74,20.84,19942840,452142192,0.5,-0.23934897079942452,600585.SH
2024-03-21,20.78,20.84,20.44,20.51,19383605,432714057,0.48,-1.583493282149706,600585.SH
2024-03-24,20.48,20.78,20.34,20.62,18019048,402583915,0.45,0.5363237445148661,600585.SH
2024-03-25,20.6,20.64,20.38,20.56,16828041,374504563,0.42,-0.29097963142581396,600585.SH
2024-03-26,20.62,20.78,20.4,20.41,14804824,331207955,0.37,-0.7295719844357951,600585.SH
2024-03-27,20.4,20.53,20.26,20.46,15415760,341746377,0.39,0.24497795198432648,600585.SH
2024-03-28,20.39,20.52,20.37,20.52,8699301,193332121,0.22,0.2932551319648091,600585.SH
2024-03-31,20.55,20.71,20.46,20.66,20276090,452876002,0.51,0.6822612085769952,600585.SH
2024-04-01,20.66,20.76,20.55,20.6,14636115,328048892,0.37,-0.2904162633107443,600585.SH
2024-04-02,20.63,20.69,20.4,20.53,12421055,276782006,0.31,-0.33980582524272274,600585.SH
2024-04-07,20.53,20.65,20.33,20.42,13278986,295552307,0.33,-0.5358012664393508,600585.SH
2024-04-08,20.38,20.5,20.27,20.37,14186251,313571240,0.35,-0.24485798237022793,600585.SH
2024-04-09,20.29,20.38,19.96,20.05,17615449,385473398,0.44,-1.5709376534118857,600585.SH
2024-04-10,20.19,21.07,20.19,21.04,53177295,1201622851,1.33,4.9376558603491105,600585.SH
2024-04-11,20.94,21.13,20.7,20.77,24589670,558265376,0.61,-1.2832699619771848,600585.SH
2024-04-14,20.76,21.09,20.63,20.9,22522528,510973503,0.56,0.6259027443427989,600585.SH
2024-04-15,20.9,21.23,20.79,21.0,24055025,549141416,0.6,0.4784688995215447,600585.SH
2024-04-16,21.0,21.38,20.86,21.34,25792401,592426939,0.64,1.6190476190476089,600585.SH
2024-04-17,21.3,21.52,21.09,21.11,23627905,545231560,0.59,-1.0777881911902543,600585.SH
2024-04-18,21.0,21.5,20.97,21.39,18449667,427689301,0.46,1.3263855992420748,600585.SH
2024-04-21,21.39,21.57,21.16,21.37,15639909,362307103,0.39,-0.09350163627863672,600585.SH
2024-04-22,21.36,21.36,20.75,20.8,18573867,422891641,0.46,-2.6672905942910607,600585.SH
2024-04-23,20.88,20.92,20.36,20.61,21212919,472839138,0.53,-0.9134615384615463,600585.SH
2024-04-24,20.59,20.81,20.49,20.78,11328123,254788427,0.28,0.8248423095584823,600585.SH
2024-04-25,20.73,21.0,20.49,20.97,17030564,383959823,0.43,0.9143407122232716,600585.SH
2024-04-28,20.68,21.61,20.33,21.45,35646361,820209143,0.89,2.2889842632331847,600585.SH
2024-04-29,21.37,21.44,21.1,21.16,16178836,373346243,0.4,-1.3519813519813462,600585.SH
2024-05-05,21.44,21.57,21.25,21.38,17995963,417525324,0.45,1.03969754253308,600585.SH
2024-05-06,21.38,21.41,21.01,21.37,15309168,352765832,0.38,-0.046772684752094396,600585.SH
2024-05-07,21.3,21.8,21.27,21.38,19960534,466565706,0.5,0.04679457182965585,600585.SH
2024-05-08,21.35,21.82,21.35,21.69,18451631,433802597,0.46,1.4499532273152482,600585.SH
2024-05-09,21.69,22.42,21.58,22.33,40115048,964963604,1.0,2.9506685108344755,600585.SH
2024-05-12,22.24,22.53,21.97,22.43,18205261,440827410,0.46,0.4478280340349361,600585.SH
2024-05-13,22.45,22.51,22.1,22.16,13613469,328744714,0.34,-1.2037449843958936,600585.SH
2024-05-14,22.12,22.61,21.96,22.41,19572461,475171930,0.49,1.1281588447653368,600585.SH
2024-05-15,22.41,23.71,22.34,23.36,54972823,1382772873,1.37,4.23917893797412,600585.SH
2024-05-16,23.36,23.59,22.76,23.39,33121668,831898769,0.83,0.12842465753424293,600585.SH
2024-05-19,23.54,23.64,23.01,23.34,29635176,751250655,0.74,-0.21376656690893503,600585.SH
2024-05-20,23.33,23.9,23.2,23.39,20795933,531675690,0.52,0.21422450728363351,600585.SH
2024-05-21,23.25,23.8,23.17,23.18,22595286,574430997,0.56,-0.8978195810175338,600585.SH
2024-05-22,23.14,23.19,22.74,22.89,21733561,540471484,0.54,-1.2510785159620341,600585.SH
2024-05-23,22.88,22.92,22.47,22.5,17557354,431659583,0.44,-1.7038007863695914,600585.SH
2024-05-26,22.53,22.69,22.39,22.66,12828389,313965558,0.32,0.7111111111111068,600585.SH
2024-05-27,22.69,22.86,22.47,22.53,19222178,473193731,0.48,-0.5736981465136792,600585.SH
2024-05-28,22.61,22.86,22.42,22.5,13558029,332788184,0.34,-0.13315579227697327,600585.SH
2024-05-29,22.53,22.72,22.41,22.59,14370235,352443848,0.36,0.40000000000000036,600585.SH
2024-05-30,22.61,22.74,22.09,22.11,17295403,418145349,0.43,-2.1248339973439556,600585.SH
2024-06-02,22.1,22.54,21.9,22.54,22076561,535454864,0.55,1.9448213478064247,600585.SH
2024-06-03,22.33,22.78,22.1,22.62,15303206,374863444,0.38,0.3549245785270605,600585.SH
2024-06-04,22.59,22.82,22.38,22.42,12110124,296699910,0.3,-0.8841732979663952,600585.SH
2024-06-05,22.41,22.54,22.11,22.35,12768293,309834296,0.32,-0.3122212310437078,600585.SH
2024-06-06,22.29,22.49,22.18,22.38,11696582,283755949,0.29,0.13422818791946067,600585.SH
2024-06-10,22.27,22.43,21.9,21.97,11787687,282265837,0.29,-1.8319928507596117,600585.SH
2024-06-11,21.96,22.08,21.83,21.98,8424564,201209558,0.21,0.0455166135639562,600585.SH
2024-06-12,21.98,22.06,21.37,21.44,14061366,329191786,0.35,-2.456778889899902,600585.SH
2024-06-13,21.46,22.06,21.29,21.94,15751737,372388777,0.39,2.332089552238803,600585.SH
2024-06-16,21.83,22.06,21.65,21.83,9282740,219841170,0.23,-0.5013673655424045,600585.SH
2024-06-17,21.73,21.98,21.72,21.95,7250739,172418476,0.18,0.5497022446175004,600585.SH
2024-06-18,21.88,22.05,21.74,21.83,5668769,134499329,0.14,-0.5466970387243753,600585.SH
2024-06-19,21.78,21.95,21.65,21.9,7822807,185586722,0.2,0.32065964269354374,600585.SH
2024-06-20,21.78,22.65,21.78,22.61,24345993,592568022,0.61,3.2420091324200984,600585.SH
2024-06-23,22.54,22.99,22.13,22.17,23065235,539161462,0.58,-1.9460415745245374,600585.SH
2024-06-24,22.16,22.79,22.13,22.56,18088561,423906399,0.45,1.7591339648173054,600585.SH
2024-06-25,22.56,22.72,22.23,22.69,17484557,411457531,0.44,0.5762411347517871,600585.SH
2024-06-26,22.7,22.96,22.5,22.55,15782443,374260415,0.39,-0.6170118995152074,600585.SH
2024-06-27,22.51,22.78,22.45,22.6,12591980,297492218,0.31,0.22172949002217113,600585.SH
2024-06-30,22.5,22.86,22.34,22.36,13423517,315675195,0.34,-1.0619469026548756,600585.SH
2024-07-01,22.38,22.98,22.38,22.78,20447466,486713274,0.51,1.878354203935606,600585.SH
2024-07-02,22.8,23.12,22.64,23.04,15142181,362993309,0.38,1.14135206321333,600585.SH
2024-07-03,23.04,23.09,22.82,22.93,13551795,324803250,0.34,-0.477430555555558,600585.SH
2024-07-04,22.9,23.51,22.9,23.15,19912980,483135856,0.5,0.9594417793283849,600585.SH
2024-07-07,23.04,23.83,23.04,23.66,28009532,689615105,0.7,2.203023758099354,600585.SH
2024-07-08,23.57,23.83,23.4,23.66,19142695,471312780,0.48,0.0,600585.SH
2024-07-09,23.66,23.7,23.29,23.48,14416877,353430222,0.36,-0.7607776838546076,600585.SH
2024-07-10,23.49,23.79,23.37,23.76,14450712,355766261,0.36,1.192504258943794,600585.SH
2024-07-11,23.83,24.08,23.66,23.72,11791278,293850170,0.29,-0.16835016835018424,600585.SH
2024-07-14,23.6,23.86,23.43,23.82,10334250,256262479,0.26,0.4215851602023646,600585.SH
2024-07-15,23.82,23.85,23.5,23.8,8909345,220624249,0.22,-0.08396305625524292,600585.SH
2024-07-16,23.79,24.3,23.76,24.21,17749473,447976942,0.44,1.722689075630246,600585.SH
2024-07-17,24.15,24.25,23.91,24.05,15673763,393524229,0.39,-0.6608839322593929,600585.SH
2024-07-18,24.05,24.1,23.72,23.87,16150821,402155870,0.4,-0.7484407484407485,600585.SH
2024-07-21,23.83,23.83,23.38,23.4,20508067,502873318,0.51,-1.9689987431922962,600585.SH
2024-07-22,23.35,23.57,22.99,23.1,11505333,280168883,0.29,-1.2820512820512664,600585.SH
2024-07-23,23.03,23.14,22.7,22.86,13567088,323675829,0.34,-1.0389610389610504,600585.SH
2024-07-24,22.75,23.07,22.64,22.8,11630496,277601587,0.29,-0.2624671916010457,600585.SH
2024-07-25,22.8,22.97,22.57,22.91,10510667,249800651,0.26,0.48245614035087314,600585.SH
2024-07-28,22.91,23.34,22.84,23.08,13009407,314519232,0.33,0.7420340462680031,600585.SH
2024-07-29,23.07,23.26,22.92,23.18,12272474,295971896,0.31,0.4332755632582286,600585.SH
2024-07-30,23.25,23.26,22.81,23.15,16416232,394729810,0.41,-0.1294219154443499,600585.SH
2024-07-31,23.15,23.15,22.56,22.58,19931814,472298965,0.5,-2.4622030237581027,600585.SH
2024-08-01,22.56,22.56,22.12,22.23,14952134,347154000,0.37,-1.5500442869796238,600585.SH
2024-08-04,22.23,22.55,22.03,22.23,12212650,284284420,0.31,0.0,600585.SH
2024-08-05,22.23,22.63,22.1,22.54,16198486,378179728,0.4,1.3945119208277124,600585.SH
2024-08-06,22.61,22.88,22.27,22.29,11719700,275413528,0.29,-1.1091393078970668,600585.SH
2024-08-07,22.26,23.14,22.23,22.94,19622904,467787473,0.49,2.916105877074937,600585.SH
2024-08-08,22.94,23.01,22.57,22.63,11254170,266860040,0.28,-1.3513513513513598,600585.SH
2024-08-11,22.58,22.59,22.18,22.3,8591156,199895151,0.21,-1.4582412726469207,600585.SH
2024-08-12,22.39,22.39,21.89,22.18,8580549,197578259,0.21,-0.5381165919282505,600585.SH
2024-08-13,22.17,22.17,21.57,21.65,13987516,317179881,0.35,-2.389540126239864,600585.SH
2024-08-14,21.64,21.92,21.55,21.76,8223844,186946390,0.21,0.5080831408776021,600585.SH
2024-08-15,21.76,21.83,21.43,21.59,9397900,211973341,0.23,-0.7812500000000111,600585.SH
2024-08-18,21.57,21.87,21.55,21.64,6951696,157637259,0.17,0.23158869847150765,600585.SH
2024-08-19,21.7,21.75,21.23,21.28,8997438,200786108,0.22,-1.6635859519408491,600585.SH
2024-08-20,21.39,21.41,20.23,20.65,27667118,594902317,0.69,-2.96052631578948,600585.SH
2024-08-21,20.59,20.69,20.24,20.37,20993617,446077317,0.52,-1.3559322033898202,600585.SH
2024-08-22,20.37,20.81,20.31,20.69,10323302,221892443,0.26,1.5709376534118746,600585.SH
2024-08-25,20.65,20.8,20.38,20.55,11550545,247765286,0.29,-0.6766553890768523,600585.SH
2024-08-26,20.48,20.6,20.07,20.19,13336971,281632209,0.33,-1.7518248175182438,600585.SH
2024-08-27,20.04,20.22,19.51,19.63,26503114,544903175,0.66,-2.7736503219415676,600585.SH
2024-08-28,19.72,19.93,19.49,19.79,14521303,298787528,0.36,0.8150789607743292,600585.SH
2024-08-29,19.73,20.56,19.56,20.04,18842148,395555192,0.47,1.2632642748862999,600585.SH
2024-09-01,19.99,20.23,19.78,19.98,12556934,262969223,0.31,-0.29940119760478723,600585.SH
2024-09-02,20.0,20.1,19.72,19.85,11615757,240971961,0.29,-0.6506506506506415,600585.SH
2024-09-03,19.73,19.87,19.49,19.68,10217418,210028851,0.26,-0.8564231738035333,600585.SH
2024-09-04,19.68,20.08,19.63,20.06,11745278,244497973,0.29,1.9308943089430874,600585.SH
2024-09-05,20.05,20.12,19.88,19.92,6380107,133048479,0.16,-0.6979062811565129,600585.SH
2024-09-08,19.82,19.99,19.49,19.56,9095899,186558264,0.23,-1.807228915662662,600585.SH
2024-09-09,19.47,19.55,18.87,18.98,17270850,342740421,0.43,-2.965235173824121,600585.SH
2024-09-10,18.96,19.27,18.79,19.18,11323140,225717605,0.28,1.0537407797681642,600585.SH
2024-09-11,19.16,19.45,19.04,19.31,11362557,228358564,0.28,0.6777893639207555,600585.SH
2024-09-12,19.37,19.69,19.15,19.24,12605043,255240854,0.32,-0.3625064733298822,600585.SH
2024-09-17,19.25,19.47,19.16,19.38,10410803,209747334,0.26,0.7276507276507305,600585.SH
2024-09-18,19.4,19.52,18.98,19.09,24744599,495311150,0.62,-1.4963880288957676,600585.SH
2024-09-19,19.04,19.11,18.71,19.04,18210044,359794831,0.46,-0.2619172341540077,600585.SH
2024-09-22,18.98,19.23,18.96,19.23,12484045,249140170,0.31,0.997899159663862,600585.SH
2024-09-23,19.36,20.08,19.23,20.03,26196531,537823335,0.65,4.160166406656263,600585.SH
2024-09-24,20.6,21.29,20.6,20.61,36494810,799930908,0.91,2.8956565152271407,600585.SH
2024-09-25,20.58,22.15,20.51,22.12,38904313,872655341,0.97,7.326540514313451,600585.SH
2024-09-26,22.99,23.33,22.46,23.18,26717289,641943090,0.67,4.792043399638324,600585.SH
2024-09-29,24.43,25.36,24.13,25.04,83573516,2164810146,2.09,8.024158757549603,600585.SH
2024-10-07,27.54,27.54,24.46,25.14,94938409,2551114893,2.37,0.39936102236421966,600585.SH
2024-10-08,24.81,24.81,22.77,23.08,61828673,1522706412,1.55,-8.194112967382662,600585.SH
2024-10-09,23.08,24.49,22.84,23.92,41104537,1013848630,1.03,3.6395147313691645,600585.SH
2024-10-10,23.76,24.24,23.61,23.83,26380323,659162342,0.66,-0.3762541806020203,600585.SH
2024-10-13,24.07,25.05,24.07,24.69,45523654,1172044213,1.14,3.608896349139745,600585.SH
2024-10-14,24.62,25.06,24.26,24.4,28638880,741134006,0.72,-1.1745646010530741,600585.SH
2024-10-15,24.14,25.06,24.05,24.52,34669025,894189908,0.87,0.4918032786885185,600585.SH
2024-10-16,24.76,24.92,23.9,23.93,26532859,673005612,0.66,-2.406199021207178,600585.SH
2024-10-17,23.92,24.44,23.31,24.08,30104379,747736047,0.75,0.6268282490597521,600585.SH
2024-10-20,24.08,24.19,23.52,24.06,24040440,599819255,0.6,-0.08305647840531893,600585.SH
2024-10-21,24.14,24.17,23.83,24.16,14883431,373699750,0.37,0.41562759767248547,600585.SH
2024-10-22,24.19,24.55,24.09,24.41,20446965,520994897,0.51,1.0347682119205226,600585.SH
2024-10-23,24.31,24.46,23.97,24.05,9329863,235158298,0.23,-1.474805407619828,600585.SH
2024-10-24,24.05,24.58,24.05,24.38,18296664,465454654,0.46,1.3721413721413667,600585.SH
2024-10-27,24.39,25.33,24.37,25.2,43888138,1150140660,1.1,3.3634126333059955,600585.SH
2024-10-28,25.17,25.48,24.74,25.08,21550128,564005497,0.54,-0.4761904761904856,600585.SH
2024-10-29,24.81,25.93,24.76,25.66,43821183,1173829317,1.1,2.3125996810207328,600585.SH
2024-10-30,25.93,25.94,25.27,25.63,23537005,628430295,0.59,-0.11691348402183,600585.SH
2024-10-31,25.52,25.99,25.47,25.67,21838817,588078005,0.55,0.15606710885682773,600585.SH
2024-11-03,25.7,25.79,25.1,25.46,18149606,479357229,0.45,-0.8180755746007073,600585.SH
2024-11-04,25.47,26.06,25.37,25.91,22606117,609754146,0.57,1.7674783974862551,600585.SH
2024-11-05,25.94,26.01,25.34,25.69,21545819,574850024,0.54,-0.8490930142802,600585.SH
2024-11-06,25.56,26.58,25.53,26.54,30914431,848392292,0.77,3.3086804203970255,600585.SH
2024-11-07,26.64,26.71,25.89,25.98,25163256,686209421,0.63,-2.110022607385076,600585.SH
2024-11-10,25.82,25.82,25.25,25.44,21302854,565255013,0.53,-2.0785219399538035,600585.SH
2024-11-11,25.37,25.76,25.13,25.25,22113253,587616076,0.55,-0.7468553459119565,600585.SH
2024-11-12,25.12,25.51,25.02,25.16,17583042,463537919,0.44,-0.35643564356435675,600585.SH
2024-11-13,25.38,25.62,25.02,25.05,18118717,477973120,0.45,-0.43720190779014123,600585.SH
2024-11-14,25.05,25.19,24.59,24.59,14901588,387715559,0.37,-1.8363273453093854,600585.SH
2024-11-17,24.93,25.89,24.93,25.25,29697027,791876165,0.74,2.684017893452628,600585.SH
2024-11-18,25.25,25.39,24.46,24.9,20048666,519814363,0.5,-1.3861386138613874,600585.SH
2024-11-19,24.98,25.12,24.78,24.97,10425606,271757274,0.26,0.28112449799195804,600585.SH
2024-11-20,24.95,25.21,24.68,24.74,10340716,267530064,0.26,-0.9211053263916691,600585.SH
2024-11-21,24.73,24.86,24.25,24.25,12387172,317310662,0.31,-1.9805982215036266,600585.SH
2024-11-24,24.24,24.56,24.06,24.14,10759738,272703376,0.27,-0.4536082474226766,600585.SH
2024-11-25,24.07,24.37,23.93,24.05,9293761,234200156,0.23,-0.3728251864125953,600585.SH
2024-11-26,24.08,24.58,23.99,24.58,12212047,310146129,0.31,2.2037422037421983,600585.SH
2024-11-27,24.5,24.8,24.32,24.59,13338317,342946456,0.33,0.040683482506098656,600585.SH
2024-11-28,24.81,24.9,24.43,24.58,14364477,369541544,0.36,-0.04066693777958763,600585.SH
2024-12-01,24.71,24.76,24.4,24.56,22562994,577880894,0.56,-0.08136696501220841,600585.SH
2024-12-02,24.52,25.0,24.52,24.94,17989723,464955375,0.45,1.547231270358318,600585.SH
2024-12-03,24.91,24.91,24.57,24.77,13524712,348562610,0.34,-0.6816359262229454,600585.SH
2024-12-04,24.62,24.72,24.26,24.52,14879483,379435902,0.37,-1.0092854259184492,600585.SH
2024-12-05,24.6,24.87,24.55,24.76,14882756,384767166,0.37,0.978792822185981,600585.SH
2024-12-08,24.72,24.86,24.26,24.43,17749488,453471398,0.44,-1.3327948303715753,600585.SH
2024-12-09,25.1,25.36,24.53,24.65,25392999,661288367,0.63,0.9005321326238214,600585.SH
2024-12-10,24.74,24.97,24.51,24.57,17970513,462537064,0.45,-0.32454361054765624,600585.SH
2024-12-11,24.57,25.06,24.4,25.0,20292122,525901185,0.51,1.7501017501017513,600585.SH
2024-12-12,24.87,25.15,24.63,25.01,25112345,652737303,0.63,0.039999999999995595,600585.SH
2024-12-15,24.92,24.97,23.66,23.73,40252472,1009330481,1.01,-5.1179528188724515,600585.SH
2024-12-16,23.71,23.91,23.52,23.57,17545857,434300976,0.44,-0.6742520016856268,600585.SH
2024-12-17,23.69,24.08,23.49,23.53,13334971,329236135,0.33,-0.16970725498515193,600585.SH
2024-12-18,23.4,23.53,23.24,23.42,12108105,295449016,0.3,-0.46748831279217473,600585.SH
2024-12-19,23.47,23.52,23.1,23.12,13991912,339045239,0.35,-1.2809564474807855,600585.SH
2024-12-22,23.03,23.37,23.01,23.09,14564524,352398780,0.36,-0.1297577854671328,600585.SH
2024-12-23,23.09,23.49,23.04,23.38,10399651,253386396,0.26,1.255954958856642,600585.SH
2024-12-24,23.31,23.52,23.24,23.49,9027059,220795137,0.23,0.47048759623609104,600585.SH
2024-12-25,23.45,23.48,22.63,22.9,21365194,510533339,0.53,-2.5117071094082566,600585.SH
2024-12-26,22.91,23.1,22.78,23.02,13313110,319270278,0.33,0.5240174672489051,600585.SH
2024-12-29,22.99,23.23,22.82,22.98,14328301,343056288,0.36,-0.17376194613378804,600585.SH
2024-12-30,23.06,23.2,22.78,22.78,15333857,367971838,0.38,-0.8703220191470851,600585.SH
2025-01-01,22.77,23.09,22.27,22.37,17343672,409024527,0.43,-1.7998244073748948,600585.SH
2025-01-02,22.45,22.74,22.38,22.45,14897800,350897118,0.37,0.35762181493070866,600585.SH
2025-01-05,22.45,22.7,22.3,22.59,11655015,273964995,0.29,0.6236080178173786,600585.SH
2025-01-06,22.46,22.8,22.4,22.8,12825227,303391640,0.32,0.9296148738379806,600585.SH
2025-01-07,22.76,23.03,22.57,22.75,13354583,317503499,0.33,-0.21929824561404132,600585.SH
2025-01-08,22.68,23.12,22.34,22.9,11699350,279708141,0.29,0.659340659340657,600585.SH
2025-01-09,22.95,23.05,22.64,22.73,10292918,244752570,0.26,-0.7423580786026118,600585.SH
2025-01-12,22.64,23.1,22.47,22.81,12281994,291766542,0.31,0.3519577650681782,600585.SH
2025-01-13,22.69,22.95,22.56,22.91,14860147,353570619,0.37,0.43840420868039853,600585.SH
2025-01-14,22.86,23.25,22.6,23.16,14740299,354186731,0.369,1.0912265386294084,600585.SH
2025-01-15,23.17,23.57,23.17,23.49,14599339,357463810,0.365,1.4248704663212264,600585.SH
2025-01-16,23.57,23.74,23.23,23.58,11902396,292234156,0.298,0.3831417624521105,600585.SH
2025-01-19,23.69,23.72,23.26,23.53,11756488,288858414,0.294,-0.21204410517385863,600585.SH
2025-01-20,23.53,23.69,23.33,23.42,7834906,192119467,0.196,-0.46748831279217473,600585.SH
2025-01-21,23.42,23.52,23.27,23.37,7660006,186962836,0.192,-0.2134927412468013,600585.SH
2025-01-22,23.44,23.75,23.36,23.45,11965771,293826195,0.299,0.3423192126658092,600585.SH
2025-01-23,23.43,23.75,23.37,23.41,11515099,282811319,0.288,-0.17057569296374808,600585.SH
2025-01-26,23.47,24.0,23.43,23.85,15253108,380214332,0.381,1.8795386586928808,600585.SH
2025-02-04,23.86,23.93,22.72,22.73,21690174,520865493,0.542,-4.696016771488476,600585.SH
2025-02-05,22.71,22.92,22.64,22.79,13011736,309184261,0.325,0.26396832380113366,600585.SH
2025-02-06,22.81,23.09,22.61,22.95,14110098,337121729,0.353,0.7020623080298494,600585.SH
2025-02-09,22.9,23.18,22.86,23.05,11451823,275410967,0.286,0.43572984749455923,600585.SH
2025-02-10,23.04,23.23,22.85,23.01,8095549,194561496,0.202,-0.17353579175705125,600585.SH
2025-02-11,23.02,23.1,22.61,22.79,15297769,363382151,0.382,-0.9561060408518118,600585.SH
2025-02-12,22.78,23.35,22.73,23.09,20881298,504135254,0.522,1.3163668275559592,600585.SH
2025-02-13,23.15,23.21,22.78,22.83,14402781,343949081,0.36,-1.1260285838025186,600585.SH
2025-02-16,22.83,22.89,22.46,22.49,17891295,421640742,0.447,-1.4892685063512934,600585.SH
2025-02-17,22.49,22.62,22.28,22.41,13547022,317687023,0.339,-0.35571365051133563,600585.SH
2025-02-18,22.42,22.54,22.21,22.31,13289047,310073577,0.332,-0.44622936189201434,600585.SH
2025-02-19,22.22,22.31,22.08,22.14,11996285,277238681,0.3,-0.7619901389511297,600585.SH
2025-02-20,22.07,22.16,21.66,21.72,24948152,567042762,0.624,-1.8970189701897122,600585.SH
2025-02-23,21.65,21.93,21.53,21.71,20806697,470810879,0.52,-0.04604051565376688,600585.SH
2025-02-24,21.65,21.94,21.5,21.55,18793777,425124300,0.47,-0.7369875633348677,600585.SH
2025-02-25,21.51,21.84,21.51,21.71,14828017,335695132,0.371,0.742459396751749,600585.SH
2025-02-26,21.72,22.32,21.72,22.09,23644232,545442257,0.591,1.7503454629202997,600585.SH
2025-02-27,22.18,22.51,22.08,22.28,25190531,587677936,0.63,0.860117700316887,600585.SH
2025-03-02,22.31,22.58,22.22,22.33,15832308,370182390,0.396,0.2244165170556478,600585.SH
2025-03-03,22.32,22.32,22.03,22.23,13100448,302862355,0.328,-0.447828034034925,600585.SH
2025-03-04,22.34,23.17,22.19,23.0,40266374,963632299,1.007,3.4637876743139895,600585.SH
2025-03-05,23.12,23.14,22.76,22.95,18391587,440579309,0.46,-0.21739130434782483,600585.SH
2025-03-06,22.91,23.13,22.81,23.08,14042764,337698180,0.351,0.5664488017429248,600585.SH
2025-03-09,23.18,23.32,22.83,23.14,15792093,379875351,0.395,0.25996533795495935,600585.SH
2025-03-10,22.9,23.18,22.79,23.18,13171081,316708493,0.329,0.17286084701815252,600585.SH
2025-03-11,23.18,23.18,22.83,22.89,11868031,284235420,0.297,-1.2510785159620341,600585.SH
2025-03-12,22.9,23.28,22.9,23.16,13011987,314288822,0.325,1.1795543905635641,600585.SH
2025-03-13,23.15,23.4,23.07,23.34,14647259,355568257,0.366,0.7772020725388629,600585.SH
2025-03-16,23.4,24.28,23.39,24.19,30337771,757673208,0.759,3.6418166238217697,600585.SH
2025-03-17,24.11,24.17,23.81,23.83,13952715,348498483,0.349,-1.488218272013242,600585.SH
2025-03-18,23.91,24.02,23.61,23.8,12079396,299229431,0.302,-0.12589173310951773,600585.SH
2025-03-19,23.85,23.85,23.56,23.63,10525632,259797064,0.263,-0.7142857142857229,600585.SH
2025-03-20,23.63,24.29,23.58,23.87,22217797,556476960,0.555,1.0156580617858735,600585.SH
2025-03-23,23.83,24.03,23.62,23.71,16496039,409124135,0.412,-0.670297444490997,600585.SH
2025-03-24,23.57,23.64,22.9,23.27,27507668,665342945,0.688,-1.8557570645297394,600585.SH
2025-03-25,23.35,23.63,23.1,23.58,12882279,314671184,0.322,1.332187365706905,600585.SH
2025-03-26,23.66,23.94,23.47,23.72,14162625,351020855,0.354,0.593723494486853,600585.SH
2025-03-27,23.82,23.82,23.33,23.57,10760970,264288061,0.269,-0.6323777403035358,600585.SH
2025-03-30,23.78,24.0,23.17,23.27,18204975,446219080,0.455,-1.2728044123886284,600585.SH
2025-03-31,23.25,23.45,23.09,23.18,14322897,347829232,0.358,-0.38676407391491363,600585.SH
2025-04-01,23.18,23.32,23.06,23.06,11079428,267634504,0.277,-0.5176876617773996,600585.SH
2025-04-02,23.0,23.7,22.96,23.14,23339250,567510930,0.584,0.3469210754553309,600585.SH
2025-04-06,22.42,22.93,21.95,22.66,43286378,1016490078,1.082,-2.074330164217808,600585.SH
2025-04-07,22.98,23.82,22.87,23.78,46120065,1128827085,1.153,4.94263018534864,600585.SH
2025-04-08,23.67,24.43,23.24,24.43,41952222,1049688193,1.049,2.733389402859543,600585.SH
2025-04-09,24.89,24.89,24.05,24.62,29340050,749994609,0.734,0.7777322963569366,600585.SH
2025-04-10,24.72,24.73,24.03,24.51,22298817,567037913,0.558,-0.4467912266450047,600585.SH
2025-04-13,24.28,24.48,24.04,24.11,21293219,536362714,0.532,-1.6319869441044577,600585.SH
2025-04-14,24.05,24.31,23.83,24.31,17604852,442447724,0.44,0.8295313148071415,600585.SH
2025-04-15,24.27,24.43,23.93,24.43,18143814,457778362,0.454,0.493624023035788,600585.SH
2025-04-16,24.31,24.46,24.09,24.26,12937947,327559568,0.323,-0.695865738845669,600585.SH
2025-04-17,24.13,24.36,23.96,24.05,12569164,316282863,0.314,-0.8656224237427845,600585.SH
2025-04-20,24.03,24.09,23.71,23.83,12884680,320734054,0.322,-0.9147609147609259,600585.SH
2025-04-21,23.94,24.2,23.73,24.05,12801545,320820860,0.32,0.9232060428032041,600585.SH
2025-04-22,24.03,24.08,23.73,23.83,11181770,278797915,0.28,-0.9147609147609259,600585.SH
2025-04-23,23.85,24.11,23.81,23.84,10099058,252550141,0.252,0.041963911036524415,600585.SH
2025-04-24,23.93,23.99,23.54,23.54,13819766,341134638,0.346,-1.2583892617449743,600585.SH
2025-04-27,23.57,23.77,23.42,23.51,8403920,206696356,0.21,-0.12744265080713024,600585.SH
2025-04-28,23.52,23.58,23.3,23.4,8289622,202627735,0.207,-0.4678860059549206,600585.SH
2025-04-29,23.44,23.47,22.95,23.07,14976656,361180198,0.374,-1.4102564102564052,600585.SH
2025-05-05,23.1,23.19,22.92,23.01,14696872,353494349,0.367,-0.2600780234070177,600585.SH
2025-05-06,23.27,23.37,22.99,23.09,18236338,439408986,0.456,0.3476749239460952,600585.SH
2025-05-07,23.01,23.1,22.85,22.92,14983338,358943748,0.375,-0.7362494586400925,600585.SH
2025-05-08,22.92,23.05,22.71,22.99,17443444,416548571,0.436,0.3054101221640293,600585.SH
2025-05-11,22.99,22.99,22.73,22.76,23591066,561141276,0.59,-1.0004349717268268,600585.SH
2025-05-12,22.84,23.05,22.8,22.9,19040973,455650613,0.476,0.6151142355008687,600585.SH
2025-05-13,22.86,23.07,22.8,23.05,14713289,352331134,0.368,0.6550218340611424,600585.SH
2025-05-14,22.99,23.12,22.83,22.83,13896926,332686769,0.347,-0.9544468546637819,600585.SH
2025-05-15,22.87,22.92,22.43,22.54,20656136,486444471,0.516,-1.2702584318878607,600585.SH
2025-05-18,22.51,22.67,22.46,22.49,13624100,320312423,0.341,-0.2218278615794156,600585.SH
2025-05-19,22.55,22.6,22.39,22.47,14436248,338922749,0.361,-0.08892841262783113,600585.SH
2025-05-20,22.48,22.83,22.47,22.77,16676438,395541341,0.417,1.3351134846461887,600585.SH
2025-05-21,22.71,22.83,22.59,22.76,9108100,215913256,0.228,-0.04391743522177416,600585.SH
2025-05-22,22.71,22.91,22.62,22.62,13144950,312313159,0.329,-0.6151142355008798,600585.SH
2025-05-25,22.55,22.61,22.06,22.13,19511225,453176723,0.488,-2.166224580017695,600585.SH
2025-05-26,22.14,22.23,22.07,22.13,9619808,222468737,0.241,0.0,600585.SH
2025-05-27,22.14,22.19,22.06,22.13,7210047,166543402,0.18,0.0,600585.SH
2025-05-28,22.13,22.22,22.08,22.15,12392022,286636102,0.31,0.09037505648441524,600585.SH
2025-05-29,22.11,22.37,22.08,22.25,14623101,339732606,0.366,0.4514672686230403,600585.SH
2025-06-02,22.23,22.32,21.79,21.82,31329403,717214392,0.783,-1.932584269662918,600585.SH
2025-06-03,21.84,22.19,21.83,22.06,18874176,434423920,0.472,1.0999083409715782,600585.SH
2025-06-04,22.06,22.17,21.77,21.84,19390170,442318245,0.485,-0.9972801450589208,600585.SH
2025-06-05,21.89,22.06,21.84,21.96,12954306,296775309,0.324,0.5494505494505475,600585.SH
2025-06-08,21.89,21.98,21.85,21.86,16187801,370063503,0.405,-0.45537340619308253,600585.SH
2025-06-09,21.88,21.98,21.72,21.77,17713899,403424053,0.443,-0.4117108874656883,600585.SH
2025-06-10,21.79,21.92,21.76,21.8,15950778,363825725,0.399,0.13780431786862835,600585.SH
2025-06-11,21.77,21.78,21.56,21.59,21314648,481010838,0.533,-0.9633027522935822,600585.SH
2025-06-12,21.56,21.66,21.4,21.41,21526484,483033172,0.538,-0.8337193144974497,600585.SH
2025-06-15,21.36,21.47,21.2,21.24,19702701,438168190,0.493,-0.7940214852872551,600585.SH
2025-06-16,21.3,21.36,21.18,21.31,17741294,393408158,0.444,0.3295668549905928,600585.SH
2025-06-17,21.31,21.35,21.11,21.12,15425456,341073872,0.386,-0.8916001877052881,600585.SH
2025-06-18,21.11,21.17,20.78,20.84,23488171,513324156,0.587,-1.3257575757575801,600585.SH
2025-06-19,20.88,21.07,20.77,20.78,15513372,338358596,0.388,-0.2879078694817627,600585.SH
2025-06-22,20.73,20.78,20.59,20.67,18326797,394966364,0.458,-0.5293551491818982,600585.SH
2025-06-23,20.71,21.07,20.69,21.05,18525226,404849086,0.463,1.838413159167862,600585.SH
2025-06-24,21.06,21.2,20.98,21.16,16990588,374308870,0.425,0.5225653206650804,600585.SH
2025-06-25,21.2,21.36,21.08,21.21,22201397,492087047,0.555,0.23629489603025355,600585.SH
2025-06-26,21.41,21.41,21.13,21.22,19586479,419855836,0.49,0.04714757190003027,600585.SH
2025-06-29,21.22,21.32,21.12,21.25,14258388,305513003,0.356,0.1413760603204528,600585.SH
2025-06-30,21.25,21.28,21.14,21.21,11424334,244522881,0.286,-0.1882352941176446,600585.SH
2025-07-01,21.21,21.93,21.19,21.9,37232284,815057679,0.931,3.2531824611032434,600585.SH
2025-07-02,21.95,22.23,21.87,22.05,30956637,689901340,0.774,0.6849315068493178,600585.SH
2025-07-03,22.05,22.17,21.87,21.93,20393949,453625737,0.51,-0.5442176870748328,600585.SH
2025-07-06,21.94,22.17,21.93,22.04,18177049,404979497,0.454,0.5015959872320952,600585.SH
2025-07-07,22.04,22.41,21.94,22.15,20682814,462861307,0.517,0.49909255898366034,600585.SH
2025-07-08,22.22,22.52,22.15,22.19,27140720,613834306,0.679,0.18058690744922057,600585.SH
2025-07-09,22.2,22.69,22.12,22.42,32405929,733474097,0.81,1.0365029292474182,600585.SH
2025-07-10,22.46,22.61,22.35,22.37,25580263,580051770,0.64,-0.2230151650312262,600585.SH
2025-07-13,22.52,23.07,22.48,22.93,43834747,1013570988,1.096,2.5033527045149606,600585.SH
2025-07-14,22.98,23.12,22.32,22.37,39920621,912709761,0.998,-2.4422154382904404,600585.SH
2025-07-15,22.37,22.5,21.83,22.1,43497838,967205072,1.088,-1.20697362539115,600585.SH
2025-07-16,22.05,22.19,21.99,22.12,20334320,453779004,0.508,0.09049773755656076,600585.SH
2025-07-17,22.22,22.34,22.08,22.22,16393444,367903488,0.41,0.4520795660036159,600585.SH
2025-07-20,23.63,24.45,22.8,24.45,179080923,4276640974,4.477,10.036003600360033,600585.SH
2025-07-21,25.47,26.89,25.46,26.89,270617282,7153209167,6.766,9.97955010224949,600585.SH
2025-07-22,27.71,27.71,24.79,24.79,223634382,5840737367,5.591,-7.809594644849394,600585.SH
2025-07-23,24.52,25.53,24.42,24.98,124651666,3146334084,3.117,0.7664380798709125,600585.SH
2025-07-24,24.99,25.09,24.12,24.14,106657494,2630275381,2.667,-3.3626901521216945,600585.SH
2025-07-27,24.15,24.25,23.8,24.05,57408603,1393919720,1.435,-0.3728251864125953,600585.SH
2025-07-28,24.06,24.41,23.68,23.95,76370694,1848232818,1.909,-0.4158004158004269,600585.SH
2025-07-29,23.8,24.25,23.75,23.98,57762232,1403268728,1.444,0.12526096033402823,600585.SH
2025-07-30,23.85,23.86,23.16,23.31,63239938,1497701996,1.581,-2.7939949958298627,600585.SH
2025-07-31,23.26,23.37,23.12,23.16,30138282,707605755,0.754,-0.6435006435006385,600585.SH
2025-08-03,23.09,23.26,22.93,23.22,33387824,778304306,0.835,0.2590673575129543,600585.SH
2025-08-04,23.23,23.31,23.08,23.14,27731138,649322090,0.693,-0.3445305770887086,600585.SH
2025-08-05,23.16,23.2,23.02,23.13,25362849,592128107,0.634,-0.04321521175454368,600585.SH
2025-08-06,23.59,23.85,23.36,23.76,65487246,1562178339,1.637,2.723735408560324,600585.SH
2025-08-07,23.63,24.1,23.53,23.99,51136898,1232543937,1.279,0.9680134680134511,600585.SH
2025-08-10,24.14,24.31,23.93,24.16,45217698,1101732453,1.131,0.7086285952480287,600585.SH
2025-08-11,24.16,24.2,23.99,24.03,28278583,687451734,0.707,-0.5380794701986713,600585.SH
2025-08-12,24.1,24.2,23.93,24.03,33219337,806372438,0.831,0.0,600585.SH
2025-08-13,24.03,24.51,23.93,23.95,35367703,863717518,0.884,-0.33291718684977933,600585.SH
2025-08-14,23.89,24.25,23.77,23.88,40847023,992911181,1.021,-0.29227557411273253,600585.SH
2025-08-17,24.0,24.18,23.9,23.95,42936614,1044270337,1.073,0.2931323283082099,600585.SH
2025-08-18,23.95,24.03,23.6,23.6,41499963,996165423,1.0376,-1.4613778705636626,600585.SH
2025-08-19,23.48,23.8,23.41,23.78,24824251,591978656,0.6207,0.7627118644067732,600585.SH
2025-08-20,23.81,24.24,23.75,23.94,36227878,878531290,0.9058,0.6728343145500526,600585.SH
2025-08-21,23.91,24.05,23.78,24.04,26313205,636277503,0.6579,0.4177109440267168,600585.SH
2025-08-24,24.04,24.58,24.03,24.46,48979677,1204762818,1.2246,1.7470881863560717,600585.SH
2025-08-25,24.5,24.61,24.15,24.48,32912094,812734821,0.8229,0.08176614881438837,600585.SH
2025-08-26,24.89,25.34,24.34,24.37,74041343,1862581652,1.8512,-0.4493464052287566,600585.SH
2025-08-27,24.43,24.58,23.9,24.34,35414373,867584237,0.8854,-0.12310217480508978,600585.SH
2025-08-28,24.44,24.7,24.08,24.1,46912326,1153153214,1.1729,-0.9860312243220926,600585.SH
2025-08-31,24.24,24.39,24.01,24.06,40578198,990769490,1.0145,-0.16597510373445035,600585.SH
2025-09-01,24.06,24.2,23.79,23.91,26920481,651880617,0.6731,-0.6234413965087171,600585.SH
2025-09-02,23.91,23.96,23.3,23.5,30139527,717067538,0.7535,-1.7147636971978297,600585.SH
2025-09-03,23.49,23.49,23.18,23.42,25503534,601034238,0.6376,-0.34042553191488967,600585.SH
2025-09-04,23.41,23.54,23.21,23.53,25626884,606152858,0.6407,0.46968403074294507,600585.SH
2025-09-07,23.57,23.96,23.52,23.87,36096630,868901304,0.9025,1.4449638759030936,600585.SH
2025-09-08,23.85,24.36,23.67,24.26,43127485,1050240397,1.0783,1.6338500209468032,600585.SH
2025-09-09,24.19,24.19,23.77,23.83,23477552,567059303,0.587,-1.7724649629019096,600585.SH
2025-09-10,23.76,23.89,23.7,23.89,23456963,564353622,0.5865,0.25178346621905767,600585.SH
2025-09-11,23.87,24.34,23.41,23.58,60525695,1458872711,1.5133,-1.297614064462127,600585.SH
2025-09-14,23.52,23.74,23.4,23.55,29563544,702723645,0.7391,-0.12722646310431296,600585.SH
2025-09-15,23.55,23.65,23.21,23.29,27627117,651783290,0.6907,-1.1040339702760193,600585.SH
2025-09-16,23.22,23.36,23.12,23.3,22611400,531531773,0.5653,0.04293688278231844,600585.SH
2025-09-17,23.28,23.34,22.69,22.82,39598132,919862244,0.99,-2.060085836909875,600585.SH
2025-09-18,22.77,23.16,22.68,23.07,32319997,750564184,0.8081,1.0955302366345343,600585.SH
2025-09-21,23.07,23.07,22.63,22.74,23835150,547637416,0.5959,-1.4304291287386306,600585.SH
2025-09-22,22.75,22.91,22.45,22.87,27951646,640970640,0.6988,0.5716798592788175,600585.SH
2025-09-23,22.88,22.96,22.68,22.9,21406531,493495621,0.5352,0.13117621337996876,600585.SH
2025-09-24,23.2,23.42,22.94,22.97,30500588,713581665,0.7626,0.30567685589519833,600585.SH
2025-09-25,22.91,23.08,22.7,22.93,21597843,499899813,0.54,-0.17414018284719335,600585.SH
2025-09-28,22.96,23.16,22.63,23.11,29799118,689754392,0.745,0.7849978194504947,600585.SH
2025-09-29,23.16,23.4,23.02,23.22,24455268,567365290,0.6114,0.47598442232799076,600585.SH
2025-10-08,23.22,23.67,23.15,23.65,36948388,866284580,0.9238,1.85185185185186,600585.SH
2025-10-09,23.64,24.22,23.45,24.11,48445432,1162613282,1.2112,1.9450317124735772,600585.SH
2025-10-12,23.6,23.96,23.52,23.82,32045570,761609908,0.8012,-1.2028204064703396,600585.SH
2025-10-13,23.85,24.14,23.72,23.9,30390997,727171741,0.7598,0.3358522250209939,600585.SH
2025-10-14,23.9,24.55,23.82,24.49,51487066,1253291760,1.2873,2.468619246861925,600585.SH
2025-10-15,24.46,24.67,23.9,23.98,43851434,1058236095,1.0964,-2.0824826459779455,600585.SH
2025-10-16,23.91,24.24,23.7,23.74,41601715,995795488,1.0401,-1.0008340283569672,600585.SH
2025-10-19,23.85,23.92,23.71,23.86,24732719,588650919,0.6184,0.5054759898904804,600585.SH
2025-10-20,23.86,23.96,23.65,23.69,24358810,578140040,0.609,-0.7124895222129002,600585.SH
2025-10-21,23.68,23.82,23.63,23.67,16300656,386356804,0.4075,-0.08442380751371159,600585.SH
2025-10-22,23.63,23.65,23.23,23.58,22433157,525617987,0.5609,-0.38022813688214363,600585.SH
2025-10-23,23.58,23.68,23.25,23.33,22337097,522752124,0.5585,-1.060220525869382,600585.SH
2025-10-26,23.38,23.86,23.38,23.75,31938600,756699464,0.7985,1.8002571795970868,600585.SH
2025-10-27,23.67,23.73,23.36,23.39,22087267,518122642,0.5522,-1.5157894736842037,600585.SH
2025-10-28,23.36,23.43,23.16,23.4,19369926,451077688,0.4843,0.04275331338177146,600585.SH
2025-10-29,23.41,23.55,23.26,23.37,22584489,529258419,0.5647,-0.12820512820511665,600585.SH
2025-10-30,23.28,23.45,23.15,23.19,27763833,645256128,0.6941,-0.7702182284980763,600585.SH
2025-11-02,23.3,23.33,23.14,23.26,18187831,422347616,0.4547,0.3018542475204944,600585.SH
2025-11-03,23.27,23.32,22.91,23.01,21583616,498595638,0.5396,-1.0748065348237357,600585.SH
2025-11-04,22.91,23.1,22.8,23.05,15884558,364725641,0.3971,0.17383746197305872,600585.SH
2025-11-05,23.03,23.09,22.91,23.01,20506199,471534047,0.5127,-0.17353579175705125,600585.SH
2025-11-06,23.01,23.41,22.92,23.32,34182209,795517747,0.8546,1.3472403302911662,600585.SH
2025-11-09,23.41,23.68,23.37,23.59,27111584,638744226,0.6778,1.1578044596912473,600585.SH
2025-11-10,23.68,23.83,23.52,23.71,24779862,587764811,0.6195,0.5086901229334417,600585.SH
2025-11-11,23.72,23.82,23.44,23.5,21132346,497774556,0.5283,-0.8857022353437438,600585.SH
2025-11-12,23.51,23.88,23.41,23.81,23565867,558173389,0.5892,1.3191489361702002,600585.SH
2025-11-13,23.71,24.05,23.68,23.69,36565853,873297177,0.9142,-0.5039899202015863,600585.SH
2025-11-16,23.6,23.75,23.32,23.32,21007485,492251122,0.5252,-1.5618404390038032,600585.SH
2025-11-17,23.3,23.35,23.01,23.01,24663954,569738297,0.6166,-1.3293310463121766,600585.SH
2025-11-18,23.02,23.08,22.9,22.99,16084000,369403957,0.4021,-0.08691873098654046,600585.SH
2025-11-19,23.01,23.57,22.99,23.26,27984710,652278766,0.6997,1.174423662461943,600585.SH
2025-11-20,23.2,23.46,22.98,23.0,24689237,572369436,0.6173,-1.1177987962166847,600585.SH
2025-11-23,23.02,23.13,22.84,22.88,24156161,554610243,0.6039,-0.521739130434784,600585.SH
2025-11-24,22.98,23.07,22.86,22.91,16143587,370572164,0.4036,0.1311188811188968,600585.SH
2025-11-25,22.91,23.14,22.8,22.83,21819619,500483037,0.5455,-0.3491924923614276,600585.SH
2025-11-26,22.8,22.88,22.5,22.62,33737349,763287692,0.8435,-0.9198423127463773,600585.SH
2025-11-27,22.59,22.86,22.47,22.85,18284164,415100151,0.4571,1.0167992926613634,600585.SH
2025-11-30,22.75,23.02,22.65,22.75,35633515,812107542,0.8909,-0.4376367614879695,600585.SH
2025-12-01,22.67,22.78,22.58,22.74,19227962,435922778,0.4807,-0.04395604395605046,600585.SH
2025-12-02,22.75,22.9,22.7,22.78,17977412,410083565,0.4495,0.17590149516271136,600585.SH
2025-12-03,22.73,22.84,22.62,22.7,13892422,315445599,0.3473,-0.351185250219499,600585.SH
2025-12-04,22.7,22.83,22.56,22.79,17393346,394631816,0.4349,0.3964757709251199,600585.SH
2025-12-07,22.8,22.9,22.61,22.67,23152543,527407780,0.5789,-0.5265467310223704,600585.SH
2025-12-08,22.67,22.67,22.01,22.06,42440947,942992914,1.0611,-2.6907807675341955,600585.SH
2025-12-09,22.02,22.46,21.87,22.31,21900763,485325679,0.5476,1.1332728921124247,600585.SH
2025-12-10,22.26,22.37,22.1,22.16,17043291,378151610,0.4261,-0.6723442402509994,600585.SH
2025-12-11,22.22,22.33,22.06,22.16,31157697,689505408,0.779,0.0,600585.SH
2025-12-14,22.1,22.44,22.02,22.28,27615615,616221282,0.6904,0.5415162454873723,600585.SH
2025-12-15,22.25,22.35,21.88,21.92,23320866,513292547,0.5831,-1.6157989228007152,600585.SH
2025-12-16,21.92,22.13,21.73,22.06,19103436,419279836,0.4776,0.6386861313868453,600585.SH
2025-12-17,22.01,22.23,21.97,22.17,13977467,309307447,0.3495,0.49864007252948817,600585.SH
2025-12-18,22.17,22.24,22.07,22.18,18379718,406927974,0.4595,0.04510599909786084,600585.SH
2025-12-21,22.18,22.18,22.03,22.06,23306960,514691231,0.5827,-0.5410279531109174,600585.SH
2025-12-22,22.07,22.33,22.03,22.19,19914154,441475126,0.4979,0.5893019038984759,600585.SH
2025-12-23,22.21,22.45,22.17,22.33,18329926,408922076,0.4583,0.6309148264984188,600585.SH
2025-12-24,22.3,22.43,22.26,22.41,13907523,311225596,0.3477,0.3582624272279622,600585.SH
2025-12-25,22.41,22.46,22.19,22.2,22719546,506350605,0.568,-0.9370816599732268,600585.SH
2025-12-28,22.2,22.5,22.18,22.21,31790002,709333371,0.7948,0.04504504504505569,600585.SH
2025-12-29,22.15,22.21,21.83,21.84,28645834,628901589,0.7162,-1.66591625393967,600585.SH
2025-12-30,21.83,22.02,21.81,21.86,15393859,336585482,0.3849,0.09157509157509125,600585.SH
2026-01-04,22.0,22.22,21.93,22.1,32797097,725095510,0.82,1.0978956999085243,600585.SH
2026-01-05,22.09,22.4,21.99,22.39,36977173,822320093,0.9245,1.312217194570131,600585.SH
2026-01-06,22.46,22.88,22.39,22.63,42052779,951843489,1.0514,1.0719071013845394,600585.SH
2026-01-07,22.62,23.07,22.52,22.91,40513630,926699172,1.0129,1.2372956252761913,600585.SH
2026-01-08,22.91,22.99,22.67,22.76,31160479,709979956,0.7791,-0.6547359231776406,600585.SH
2026-01-11,22.75,22.8,22.57,22.65,27491169,622528662,0.6873,-0.4833040421792778,600585.SH
2026-01-12,22.65,22.82,22.51,22.53,22989478,520865257,0.5748,-0.5298013245032984,600585.SH
2026-01-13,22.58,22.77,22.28,22.36,31669666,711774418,0.7918,-0.7545494895694671,600585.SH
2026-01-14,22.4,22.67,22.4,22.54,25836114,582915861,0.646,0.805008944543828,600585.SH
2026-01-15,22.6,22.66,22.06,22.15,34328285,764128589,0.8583,-1.7302573203194394,600585.SH
2026-01-18,22.09,22.38,22.0,22.31,27315811,606790404,0.6829,0.7223476297968379,600585.SH
2026-01-19,22.31,23.65,22.3,23.59,112702263,2623032492,2.8178,5.737337516808605,600585.SH
2026-01-20,23.5,23.54,23.09,23.28,50126075,1166457349,1.2532,-1.314116150911393,600585.SH
2026-01-21,23.23,24.05,23.2,23.96,70783401,1686868944,1.7697,2.9209621993127044,600585.SH
2026-01-22,24.0,24.19,23.65,23.73,41729963,993291365,1.0433,-0.9599332220367351,600585.SH
2026-01-25,23.73,24.28,23.73,23.81,45874835,1098901622,1.147,0.3371260008428134,600585.SH
2026-01-26,23.9,24.01,23.6,23.69,33838811,804501940,0.846,-0.5039899202015863,600585.SH
2026-01-27,23.68,24.94,23.6,24.4,86906024,2124467946,2.1728,2.997045166737,600585.SH
2026-01-28,24.58,24.88,24.22,24.84,71919828,1767332156,1.7981,1.80327868852459,600585.SH
2026-01-29,24.6,25.2,24.35,24.52,56104300,1382986167,1.4027,-1.2882447665056418,600585.SH
2026-02-01,24.14,24.34,23.34,23.49,63045068,1499449843,1.5762,-4.200652528548132,600585.SH
2026-02-02,23.68,24.49,23.61,24.37,46973360,1133709141,1.1744,3.746275010642841,600585.SH
2026-02-03,24.32,25.34,24.27,25.24,82552924,2072758188,2.064,3.569963069347537,600585.SH
2026-02-04,25.02,25.33,24.76,25.2,53904872,1352871656,1.3477,-0.15847860538826808,600585.SH
2026-02-05,25.19,25.78,24.9,25.03,50842996,1285574268,1.2712,-0.6746031746031722,600585.SH
2026-02-08,25.2,25.4,24.88,25.02,29325157,735848492,0.7332,-0.03995205753096753,600585.SH
2026-02-09,25.03,25.05,24.64,24.75,30482257,754437602,0.7621,-1.0791366906474753,600585.SH
2026-02-10,24.76,25.64,24.55,25.36,49821682,1259751674,1.2456,2.4646464646464583,600585.SH
2026-02-11,25.32,25.55,25.21,25.23,26730433,677592660,0.6683,-0.5126182965299653,600585.SH
2026-02-12,25.21,25.22,24.56,24.66,27188497,672113655,0.6798,-2.2592152199762183,600585.SH
2026-02-23,24.83,25.0,24.5,24.92,33886498,840038855,0.8472,1.0543390105433925,600585.SH
2026-02-24,25.38,26.93,25.36,26.38,102984021,2731409790,2.5748,5.858747993579438,600585.SH
2026-02-25,26.26,26.39,25.47,25.61,48102094,1237846471,1.2026,-2.9188779378316876,600585.SH
2026-02-26,25.45,26.0,25.22,25.56,38268905,977376851,0.9568,-0.1952362358453752,600585.SH
2026-03-01,25.26,26.39,25.15,26.07,53613213,1393106590,1.3404,1.9953051643192499,600585.SH
2026-03-02,26.03,26.17,25.08,25.24,39195609,998437362,0.98,-3.1837360951285087,600585.SH
2026-03-03,25.01,25.61,24.95,25.07,35395674,891379454,0.885,-0.6735340729001504,600585.SH
2026-03-04,25.2,25.38,24.72,24.8,33459793,835618270,0.8366,-1.0769844435580378,600585.SH
2026-03-05,24.7,25.38,24.6,25.34,27331423,684838132,0.6833,2.1774193548387055,600585.SH
2026-03-08,24.96,25.09,24.24,24.59,43864065,1077535627,1.0967,-2.9597474348855513,600585.SH
2026-03-09,24.67,24.88,24.47,24.72,30160950,744405146,0.7541,0.5286701911346059,600585.SH
2026-03-10,24.76,25.49,24.66,25.46,33838558,850190409,0.846,2.993527508090632,600585.SH
2026-03-11,25.45,25.52,24.92,25.5,27418432,693081725,0.6855,0.15710919088767206,600585.SH
2026-03-12,25.55,25.97,25.32,25.34,30976255,792131658,0.7745,-0.6274509803921524,600585.SH
2026-03-15,25.26,25.65,24.81,25.0,32446571,815619998,0.8112,-1.3417521704814472,600585.SH
2026-03-16,24.99,25.6,24.86,25.07,29425409,741050759,0.7357,0.27999999999999137,600585.SH
2026-03-17,25.0,25.29,24.42,24.88,32496967,804178334,0.8125,-0.7578779417630632,600585.SH
2026-03-18,24.75,24.76,24.05,24.11,26879916,652991432,0.672,-3.0948553054662375,600585.SH
2026-03-19,24.2,24.3,23.64,23.64,24774885,591236466,0.6194,-1.949398589796758,600585.SH
2026-03-22,23.1,23.3,22.62,22.71,36934031,848096844,0.9234,-3.934010152284262,600585.SH
2026-03-23,23.0,23.23,22.76,23.2,24251433,558401991,0.6063,2.1576398062527424,600585.SH
2026-03-24,23.21,23.39,22.91,23.34,30650025,711906267,0.7663,0.603448275862073,600585.SH
2026-03-25,23.27,23.48,22.76,22.93,35515832,821835969,0.888,-1.756640959725797,600585.SH
2026-03-26,22.73,23.07,22.66,23.04,21176292,486121029,0.5294,0.47972088966419246,600585.SH
2026-03-29,22.68,23.59,22.4,23.42,28271210,650541607,0.7068,1.649305555555558,600585.SH
2026-03-30,23.38,23.48,23.14,23.16,20697453,481305286,0.5175,-1.110162254483349,600585.SH
2026-03-31,23.4,23.55,23.17,23.31,19319248,450608002,0.483,0.6476683937823857,600585.SH
2026-04-01,23.31,23.4,23.13,23.18,16202440,376474949,0.4051,-0.5577005577005578,600585.SH
2026-04-02,23.18,23.23,22.8,22.91,12956550,297449632,0.3239,-1.164797238999138,600585.SH
2026-04-06,22.91,23.06,22.7,22.83,16179770,369349364,0.4045,-0.3491924923614276,600585.SH
2026-04-07,23.2,23.35,22.97,23.28,26420368,612776260,0.6606,1.9710906701708497,600585.SH
2026-04-08,23.14,23.25,22.67,22.86,28012545,640116264,0.7004,-1.8041237113402109,600585.SH
2026-04-09,22.91,23.07,22.81,22.84,17288921,396310980,0.4323,-0.08748906386701893,600585.SH
2026-04-12,22.7,22.79,22.62,22.66,19042399,431804666,0.4761,-0.7880910683012221,600585.SH
2026-04-13,22.76,22.85,22.51,22.65,24990969,564778141,0.6248,-0.044130626654903526,600585.SH
2026-04-14,22.7,22.83,22.52,22.55,22078750,500060446,0.552,-0.44150110375275053,600585.SH
2026-04-15,22.5,22.55,22.07,22.25,51502129,1145849494,1.2876,-1.3303769401330379,600585.SH
2026-04-16,22.2,22.32,22.03,22.22,29125113,645552004,0.7282,-0.1348314606741674,600585.SH
2026-04-19,22.18,22.19,21.96,22.08,30729376,678420584,0.7683,-0.6300630063006296,600585.SH
2026-04-20,22.15,22.16,22.01,22.03,25192638,555945379,0.6299,-0.22644927536230597,600585.SH
2026-04-21,22.03,22.06,21.78,21.8,37474032,820070974,0.9369,-1.0440308669995457,600585.SH
2026-04-22,21.8,21.84,21.57,21.65,26365720,571702334,0.6592,-0.6880733944954254,600585.SH
2026-04-23,21.61,21.61,21.29,21.4,26615193,570094690,0.6654,-1.1547344110854452,600585.SH
2026-04-26,21.47,21.56,21.16,21.18,31979571,681578361,0.7995,-1.0280373831775602,600585.SH
2026-04-27,21.19,21.26,20.94,21.2,31532167,664495890,0.7884,0.09442870632672129,600585.SH
2026-04-28,21.17,21.41,21.11,21.26,44358597,942364974,1.109,0.2830188679245449,600585.SH
2026-04-29,21.25,21.32,21.01,21.13,31661467,669636882,0.7916,-0.6114769520225938,600585.SH
2026-05-05,21.01,21.2,20.9,21.14,53925910,1133192566,1.3482,0.04732607666824151,600585.SH
2026-05-06,21.19,21.73,21.12,21.21,72690186,1547088422,1.8174,0.3311258278145601,600585.SH
2026-05-07,21.21,21.21,20.96,21.04,35406328,745109901,0.8852,-0.8015087223008144,600585.SH
2026-05-10,21.0,21.7,20.98,21.43,75113910,1608445914,1.878,1.853612167300378,600585.SH
2026-05-11,21.45,21.55,21.25,21.39,36930892,789523750,0.9233,-0.18665422305179646,600585.SH
2026-05-12,21.42,21.42,21.07,21.25,32486642,688665882,0.8122,-0.654511453950446,600585.SH
2026-05-13,21.25,21.3,21.0,21.0,25481638,537246360,0.6371,-1.17647058823529,600585.SH
2026-05-14,20.93,20.99,20.35,20.48,46143865,949185562,1.1537,-2.4761904761904763,600585.SH
2026-05-17,20.31,20.4,19.97,20.04,31163205,625954907,0.7791,-2.148437500000011,600585.SH
2026-05-18,20.03,20.1,19.9,19.99,20058409,400719026,0.5015,-0.24950099800399306,600585.SH
2026-05-19,19.92,20.06,19.79,20.01,18475179,367756429,0.4619,0.10005002501252136,600585.SH
2026-05-20,20.01,20.13,19.69,19.71,28920378,577258159,0.7231,-1.4992503748125996,600585.SH
2026-05-21,19.75,19.86,19.56,19.68,16537745,325656064,0.4135,-0.15220700152207556,600585.SH
2026-05-24,19.68,19.76,19.33,19.38,26557176,516360756,0.664,-1.5243902439024404,600585.SH
2026-05-25,19.3,19.52,19.26,19.5,18969537,368245022,0.4743,0.6191950464396356,600585.SH
2026-05-26,19.84,19.97,19.55,19.71,24771266,488251295,0.6193,1.0769230769230864,600585.SH
2026-05-27,19.72,19.83,19.42,19.67,18505113,363151920,0.4627,-0.20294266869609334,600585.SH
2026-05-28,19.75,20.2,19.75,20.15,42837103,857437509,1.071,2.440264361972533,600585.SH
2026-05-31,20.03,20.33,19.9,20.31,32831670,660660090,0.8209,0.7940446650124056,600585.SH
2026-06-01,20.31,20.38,20.11,20.13,21729451,439384529,0.5433,-0.8862629246676468,600585.SH
2026-06-02,20.1,20.1,19.51,19.6,30571617,602272855,0.7643,-2.6328862394435992,600585.SH
2026-06-03,19.6,19.61,19.18,19.23,24204091,468869281,0.6051,-1.8877551020408223,600585.SH
2026-06-04,19.35,19.75,19.3,19.35,22995106,448601250,0.5749,0.6240249609984483,600585.SH
2026-06-07,19.15,19.31,18.95,19.09,27182122,519026302,0.6796,-1.3436692506460068,600585.SH
2026-06-08,19.12,19.29,18.75,19.0,32478007,614384788,0.812,-0.4714510214772094,600585.SH
2026-06-09,18.85,19.01,18.71,18.78,22430751,421980262,0.5608,-1.1578947368421022,600585.SH
2026-06-10,18.76,18.77,18.41,18.57,27494271,510834493,0.6874,-1.1182108626198173,600585.SH
2026-06-11,18.71,18.9,18.58,18.71,33058224,619120463,0.8265,0.7539041464728058,600585.SH
2026-06-14,18.8,18.99,18.33,18.44,39354943,731137357,0.9839,-1.4430785676109004,600585.SH
2026-06-15,18.49,18.54,18.22,18.23,30313162,555954045,0.7579,-1.1388286334056419,600585.SH
2026-06-16,18.23,18.44,18.08,18.24,32215433,587462619,0.8054,0.05485463521666123,600585.SH
2026-06-17,18.15,18.2,17.72,17.76,57653907,1029119874,1.4415,-2.631578947368407,600585.SH
2026-06-21,17.7,17.98,17.11,17.86,53550329,942568428,1.3389,0.5630630630630407,600585.SH
2026-06-22,17.86,17.98,17.35,17.44,31175443,550766527,0.7794,-2.3516237402015583,600585.SH
2026-06-23,17.53,17.61,17.16,17.26,23250673,403037523,0.5813,-1.0321100917431214,600585.SH
2026-06-24,17.11,18.03,16.94,17.75,56454385,976910163,1.4115,2.838933951332545,600585.SH
2026-06-25,17.61,17.86,17.16,17.17,48109990,838927950,1.2028,-3.267605633802806,600585.SH
