date,open,high,low,close,volume
2016-10-19,5.708,5.768,5.598,5.638,134386.0
2016-10-20,5.638,5.678,5.488,5.528,115278.0
2016-10-21,5.538,5.588,5.478,5.548,75238.0
2016-10-24,5.548,5.678,5.478,5.518,242508.0
2016-10-25,5.518,5.608,5.468,5.558,201557.0
2016-10-26,5.568,5.568,5.478,5.488,85011.0
2016-10-27,5.518,5.538,5.418,5.428,130854.0
2016-10-28,5.438,5.558,5.398,5.488,156482.0
2016-10-31,5.488,5.618,5.488,5.598,182102.0
2016-11-01,5.558,5.618,5.538,5.598,86959.0
2016-11-02,5.588,5.608,5.418,5.448,134338.0
2016-11-03,5.448,5.508,5.428,5.468,104705.0
2016-11-04,5.458,5.498,5.368,5.388,138297.0
2016-11-07,5.398,5.428,5.278,5.288,168622.0
2016-11-08,5.328,5.368,5.218,5.278,236659.0
2016-11-09,5.278,5.288,5.178,5.258,203367.0
2016-11-10,5.278,5.378,5.258,5.288,239433.0
2016-11-11,5.288,5.348,5.218,5.268,246025.0
2016-11-14,5.278,5.308,5.168,5.178,309200.0
2016-11-15,5.198,5.258,5.148,5.188,220183.0
2016-11-16,5.188,5.238,5.168,5.218,140654.0
2016-11-17,5.228,5.228,5.178,5.228,131302.0
2016-11-18,5.228,5.228,5.168,5.178,110757.0
2016-11-21,5.178,5.288,5.168,5.238,246330.0
2016-11-22,5.238,5.288,5.188,5.228,249521.0
2016-11-23,5.228,5.258,5.178,5.218,297298.0
2016-11-24,5.228,5.408,5.208,5.328,469748.0
2016-11-25,5.368,5.638,5.358,5.488,386329.0
2016-11-28,5.538,5.578,5.398,5.438,400315.0
2016-11-29,5.398,5.738,5.388,5.618,650008.0
2016-11-30,5.598,5.698,5.438,5.488,341459.0
2016-12-01,5.488,5.538,5.328,5.458,435147.0
2016-12-02,5.468,5.558,5.368,5.488,349370.0
2016-12-05,5.368,5.498,5.318,5.448,417873.0
2016-12-06,5.398,5.438,5.318,5.358,245570.0
2016-12-07,5.348,5.368,5.198,5.298,296201.0
2016-12-08,5.318,5.328,5.208,5.218,209713.0
2016-12-09,5.228,5.318,5.208,5.298,262071.0
2016-12-12,5.298,5.298,5.148,5.228,427758.0
2016-12-13,5.158,5.208,5.128,5.138,260602.0
2016-12-14,5.118,5.168,5.068,5.078,257397.0
2016-12-15,5.058,5.088,4.948,5.028,442693.0
2016-12-16,5.078,5.188,4.978,5.088,729513.0
2016-12-19,5.098,5.108,4.998,5.028,160118.0
2016-12-20,5.028,5.068,4.788,4.878,263653.0
2016-12-21,4.858,5.038,4.848,5.038,312227.0
2016-12-22,5.028,5.108,4.928,4.948,224337.0
2016-12-23,4.958,5.028,4.798,4.928,212504.0
2016-12-26,4.868,4.898,4.798,4.808,282590.0
2016-12-27,4.838,4.848,4.678,4.708,462453.0
2016-12-28,4.728,4.728,4.548,4.598,276398.0
2016-12-29,4.598,4.858,4.588,4.728,313512.0
2016-12-30,4.768,4.858,4.748,4.808,246911.0
2017-01-03,4.828,4.868,4.738,4.758,291231.0
2017-01-04,4.788,4.868,4.748,4.848,282017.0
2017-01-05,4.848,4.918,4.818,4.848,211879.0
2017-01-06,4.878,4.988,4.828,4.858,270108.0
2017-01-09,4.848,4.908,4.838,4.878,201546.0
2017-01-10,4.918,4.928,4.848,4.868,150338.0
2017-01-11,4.878,4.898,4.828,4.848,217811.0
2017-01-12,4.838,4.868,4.788,4.808,168206.0
2017-01-13,4.808,4.938,4.808,4.928,177383.0
2017-01-16,4.878,5.188,4.848,5.088,697402.0
2017-01-17,5.078,5.188,5.018,5.078,175063.0
2017-01-18,5.108,5.138,5.058,5.078,153384.0
2017-01-19,5.058,5.178,5.038,5.088,165817.0
2017-01-20,5.068,5.158,5.068,5.108,106993.0
2017-01-23,5.158,5.228,5.118,5.158,179521.0
2017-01-24,5.168,5.228,5.138,5.208,102409.0
2017-01-25,5.198,5.218,5.118,5.198,123132.0
2017-01-26,5.198,5.208,5.148,5.178,85245.0
2017-02-03,5.198,5.218,5.048,5.058,93138.0
2017-02-06,5.088,5.168,5.048,5.118,99328.0
2017-02-07,5.128,5.168,5.088,5.128,81160.0
2017-02-08,5.148,5.268,5.128,5.248,193067.0
2017-02-09,5.248,5.248,5.188,5.208,119355.0
2017-02-10,5.228,5.298,5.198,5.268,136763.0
2017-02-13,5.278,5.308,5.218,5.298,193768.0
2017-02-14,5.288,5.328,5.258,5.288,99022.0
2017-02-15,5.308,5.368,5.238,5.328,164904.0
2017-02-16,5.318,5.358,5.258,5.318,148912.0
2017-02-17,5.318,5.348,5.248,5.268,106290.0
2017-02-20,5.268,5.428,5.258,5.418,184084.0
2017-02-21,5.418,5.438,5.348,5.378,128475.0
2017-02-22,5.398,5.398,5.258,5.338,170067.0
2017-02-23,5.328,5.358,5.238,5.328,174605.0
2017-02-24,5.308,5.338,5.208,5.288,152018.0
2017-02-27,5.268,5.288,5.118,5.158,259409.0
2017-02-28,5.188,5.208,5.058,5.118,259343.0
2017-03-01,5.108,5.208,5.108,5.148,153988.0
2017-03-02,5.188,5.228,5.128,5.148,135525.0
2017-03-03,5.188,5.188,5.108,5.168,121347.0
2017-03-06,5.188,5.208,5.108,5.128,195287.0
2017-03-07,5.118,5.168,5.088,5.108,177622.0
2017-03-08,5.098,5.158,5.098,5.118,110908.0
2017-03-09,5.098,5.148,5.018,5.138,188684.0
2017-03-10,5.098,5.138,5.028,5.048,159440.0
2017-03-13,5.098,5.198,5.058,5.168,160446.0
2017-03-14,5.188,5.248,5.138,5.228,160117.0
2017-03-15,5.268,5.458,5.248,5.318,459240.0
2017-03-16,5.278,5.378,5.268,5.318,221346.0
2017-03-17,5.318,5.348,5.218,5.298,219587.0
2017-03-20,5.398,5.448,5.298,5.328,239843.0
2017-03-21,5.318,5.388,5.298,5.358,209279.0
2017-03-22,5.308,5.378,5.278,5.318,173195.0
2017-03-23,5.348,5.508,5.318,5.408,291574.0
2017-03-24,5.408,5.578,5.388,5.568,229703.0
2017-03-27,5.568,5.618,5.458,5.488,262654.0
2017-03-28,5.518,5.518,5.378,5.418,202251.0
2017-03-29,5.418,5.498,5.368,5.418,148578.0
2017-03-30,5.398,5.438,5.288,5.398,270673.0
2017-03-31,5.378,5.468,5.368,5.418,135494.0
2017-04-05,5.448,5.508,5.418,5.458,204282.0
2017-04-06,5.488,5.498,5.398,5.408,183276.0
2017-04-07,5.408,5.468,5.358,5.418,156287.0
2017-04-10,5.428,5.508,5.378,5.448,175846.0
2017-04-11,5.468,5.488,5.338,5.438,230757.0
2017-04-12,5.418,5.708,5.388,5.698,360955.0
2017-04-13,5.648,5.798,5.608,5.718,207419.0
2017-04-14,5.708,5.768,5.568,5.698,239129.0
2017-04-17,5.648,5.698,5.518,5.668,207323.0
2017-04-18,5.628,5.678,5.598,5.608,111390.0
2017-04-19,5.598,5.738,5.558,5.618,242260.0
2017-04-20,5.648,5.898,5.608,5.808,233118.0
2017-04-21,5.758,5.968,5.748,5.958,353416.0
2017-04-24,5.888,5.988,5.688,5.958,574522.0
2017-04-25,5.888,5.928,5.748,5.838,205989.0
2017-04-26,5.828,6.208,5.778,6.068,373481.0
2017-04-27,6.008,6.138,5.958,6.038,164515.0
2017-04-28,6.028,6.058,5.928,6.038,120118.0
2017-05-02,6.038,6.348,6.038,6.148,338752.0
2017-05-03,6.108,6.278,6.078,6.148,208119.0
2017-05-04,6.148,6.208,6.108,6.148,171268.0
2017-05-05,6.148,6.218,5.978,6.208,290479.0
2017-05-08,6.148,6.328,6.108,6.308,294794.0
2017-05-09,6.278,6.318,6.098,6.118,162132.0
2017-05-10,6.148,6.198,5.998,6.118,236975.0
2017-05-11,6.058,6.288,6.058,6.248,214353.0
2017-05-12,6.208,6.338,6.198,6.268,97499.0
2017-05-15,6.248,6.388,6.248,6.358,171480.0
2017-05-16,6.368,6.498,6.308,6.478,204064.0
2017-05-17,6.478,6.508,6.318,6.348,150194.0
2017-05-18,6.298,6.408,6.298,6.388,151763.0
2017-05-19,6.348,6.458,6.328,6.438,156069.0
2017-05-22,6.438,6.718,6.408,6.708,268579.0
2017-05-23,6.718,6.928,6.618,6.908,389381.0
2017-05-24,6.868,6.948,6.688,6.928,320079.0
2017-05-25,6.858,6.908,6.768,6.838,199363.0
2017-05-26,6.758,6.838,6.628,6.788,303260.0
2017-05-31,6.708,7.018,6.478,6.958,618105.0
2017-06-01,6.898,7.198,6.828,7.178,354778.0
2017-06-02,7.138,7.298,7.088,7.128,208800.0
2017-06-05,7.058,7.158,6.878,6.928,227901.0
2017-06-06,6.968,6.998,6.718,6.928,306276.0
2017-06-07,6.908,7.058,6.848,6.948,181564.0
2017-06-08,6.938,7.208,6.898,7.198,252670.0
2017-06-09,7.228,7.298,6.988,7.028,289521.0
2017-06-12,6.978,7.098,6.948,7.038,161329.0
2017-06-13,7.028,7.048,6.798,6.848,295845.0
2017-06-14,6.878,6.888,6.618,6.678,372782.0
2017-06-15,6.678,6.688,6.528,6.548,186953.0
2017-06-16,6.558,6.628,6.528,6.548,155056.0
2017-06-19,6.578,6.678,6.568,6.678,159101.0
2017-06-20,6.698,6.758,6.628,6.708,223637.0
2017-06-21,6.828,6.878,6.658,6.858,256167.0
2017-06-22,6.858,7.028,6.818,6.958,301677.0
2017-06-23,6.968,7.048,6.928,7.028,187467.0
2017-06-26,7.058,7.168,7.028,7.098,211917.0
2017-06-27,7.158,7.188,7.098,7.158,181100.0
2017-06-28,7.168,7.258,7.048,7.148,184236.0
2017-06-29,7.218,7.378,7.168,7.338,212995.0
2017-06-30,7.248,7.538,7.218,7.528,271163.0
2017-07-03,7.538,7.618,7.378,7.488,245214.0
2017-07-04,7.468,7.578,7.288,7.558,263046.0
2017-07-05,7.548,7.578,7.268,7.338,255162.0
2017-07-06,7.348,7.418,7.288,7.398,197515.0
2017-07-07,7.378,7.518,7.268,7.488,206216.0
2017-07-10,7.528,7.728,7.448,7.668,182033.0
2017-07-11,7.668,7.828,7.598,7.778,141767.0
2017-07-12,7.808,7.848,7.408,7.478,265755.0
2017-07-13,7.518,7.518,7.278,7.358,306350.0
2017-07-14,7.441,7.721,7.421,7.711,397814.0
2017-07-17,7.741,7.861,7.541,7.841,267925.0
2017-07-18,7.811,7.881,7.741,7.801,181918.0
2017-07-19,7.771,7.861,7.701,7.771,185206.0
2017-07-20,7.781,7.961,7.761,7.961,140221.0
2017-07-21,7.901,8.011,7.851,7.891,103805.0
2017-07-24,7.901,7.971,7.771,7.781,126800.0
2017-07-25,7.761,7.871,7.681,7.751,166964.0
2017-07-26,7.681,7.861,7.641,7.831,222196.0
2017-07-27,7.811,7.931,7.791,7.871,170096.0
2017-07-28,7.851,8.191,7.851,8.181,183828.0
2017-07-31,8.161,8.211,7.981,8.071,118575.0
2017-08-01,8.101,8.211,8.061,8.151,112969.0
2017-08-02,8.161,8.361,8.161,8.341,143883.0
2017-08-03,8.331,8.481,8.311,8.351,171151.0
2017-08-04,8.311,8.361,7.801,7.841,455047.0
2017-08-07,7.811,7.921,7.631,7.881,323843.0
2017-08-08,7.891,7.911,7.681,7.771,209576.0
2017-08-09,7.791,7.821,7.701,7.781,141469.0
2017-08-10,7.811,7.941,7.641,7.911,257396.0
2017-08-11,7.821,8.111,7.821,7.981,332933.0
2017-08-14,8.061,8.091,7.801,7.881,242620.0
2017-08-15,7.901,8.091,7.881,7.951,207280.0
2017-08-16,7.951,8.211,7.951,8.201,208008.0
2017-08-17,8.221,8.311,8.171,8.191,181538.0
2017-08-18,8.161,8.301,8.131,8.281,76285.0
2017-08-21,8.241,8.351,8.081,8.141,129502.0
2017-08-22,8.111,8.161,8.031,8.121,98152.0
2017-08-23,8.101,8.181,8.061,8.111,72534.0
2017-08-24,8.111,8.161,8.051,8.111,95349.0
2017-08-25,8.151,8.231,8.111,8.221,178548.0
2017-08-28,8.231,8.301,8.051,8.141,229176.0
2017-08-29,8.161,8.271,8.141,8.261,142261.0
2017-08-30,8.261,8.271,7.971,8.011,167150.0
2017-08-31,8.001,8.131,7.821,7.841,207496.0
2017-09-01,7.851,7.921,7.791,7.831,185263.0
2017-09-04,7.831,7.921,7.781,7.841,181390.0
2017-09-05,7.861,7.941,7.721,7.751,196782.0
2017-09-06,7.771,7.861,7.761,7.861,112953.0
2017-09-07,7.861,7.981,7.841,7.961,231924.0
2017-09-08,7.981,8.201,7.981,8.091,226136.0
2017-09-11,8.131,8.301,8.121,8.161,259915.0
2017-09-12,8.161,8.161,8.001,8.081,130071.0
2017-09-13,8.081,8.181,8.031,8.051,131643.0
2017-09-14,8.051,8.051,7.811,7.901,133016.0
2017-09-15,7.871,8.011,7.811,7.911,188474.0
2017-09-18,7.861,7.931,7.791,7.831,223370.0
2017-09-19,7.861,7.911,7.811,7.841,117021.0
2017-09-20,7.831,7.861,7.801,7.841,118555.0
2017-09-21,7.871,7.901,7.791,7.861,129977.0
2017-09-22,7.821,7.981,7.791,7.981,212513.0
2017-09-25,7.961,8.191,7.871,8.161,313023.0
2017-09-26,8.081,8.171,7.991,8.111,113205.0
2017-09-27,8.071,8.201,7.951,8.001,119116.0
2017-09-28,7.971,8.021,7.811,8.001,191133.0
2017-09-29,7.951,8.051,7.871,7.931,121987.0
2017-10-09,7.981,8.181,7.981,8.101,248006.0
2017-10-10,8.061,8.161,8.001,8.131,148480.0
2017-10-11,8.061,8.411,8.061,8.391,309781.0
2017-10-12,8.311,8.471,8.171,8.211,280655.0
2017-10-13,8.191,8.271,8.171,8.231,139653.0
2017-10-16,8.171,8.311,8.171,8.241,254006.0
2017-10-17,8.241,8.521,8.231,8.341,268428.0
2017-10-18,8.361,8.801,8.321,8.771,357172.0
2017-10-19,8.681,8.921,8.681,8.911,266394.0
2017-10-20,8.751,9.181,8.721,8.821,232611.0
2017-10-23,8.821,8.961,8.761,8.851,132922.0
2017-10-24,8.881,9.131,8.811,9.091,194237.0
2017-10-25,9.111,9.201,9.011,9.151,118522.0
2017-10-26,9.161,9.231,8.771,8.861,286367.0
2017-10-27,8.871,9.031,8.791,8.911,119788.0
2017-10-30,9.011,9.111,8.691,8.931,259823.0
2017-10-31,8.921,8.921,8.671,8.771,131940.0
2017-11-01,8.841,8.891,8.681,8.791,163274.0
2017-11-02,8.791,8.881,8.681,8.841,130329.0
2017-11-03,8.781,8.941,8.651,8.901,258394.0
2017-11-06,8.841,9.221,8.831,9.161,264064.0
2017-11-07,9.211,9.391,9.091,9.311,186815.0
2017-11-08,9.361,9.501,9.131,9.291,224165.0
2017-11-09,9.351,9.391,9.241,9.381,110732.0
2017-11-10,9.361,9.531,9.331,9.451,158303.0
2017-11-13,9.521,9.551,9.071,9.181,283265.0
2017-11-14,9.211,9.241,8.891,9.121,262970.0
2017-11-15,9.051,9.141,8.921,9.101,227041.0
2017-11-16,9.031,9.181,8.981,9.161,102418.0
2017-11-17,9.171,9.811,8.991,9.791,414319.0
2017-11-20,9.671,9.991,9.601,9.881,305381.0
2017-11-21,9.821,9.881,9.661,9.731,320122.0
2017-11-22,9.841,10.131,9.721,10.021,334225.0
2017-11-23,10.011,10.041,9.491,9.661,319239.0
2017-11-24,9.661,9.841,9.611,9.711,207050.0
2017-11-27,9.711,9.741,9.351,9.681,551953.0
2017-11-28,9.621,9.641,9.321,9.411,198284.0
2017-11-29,9.281,9.521,9.261,9.361,234484.0
2017-11-30,9.371,9.421,9.111,9.321,204717.0
2017-12-01,9.341,9.371,9.181,9.331,203414.0
2017-12-04,9.211,9.381,9.141,9.341,213244.0
2017-12-05,9.341,9.841,9.331,9.751,608269.0
2017-12-06,9.701,9.771,9.531,9.601,260918.0
2017-12-07,9.561,9.601,9.281,9.461,215970.0
2017-12-08,9.461,9.461,9.321,9.381,121585.0
2017-12-11,9.391,9.451,9.311,9.381,180633.0
2017-12-12,9.331,9.391,9.241,9.271,110475.0
2017-12-13,9.261,9.401,9.231,9.351,102524.0
2017-12-14,9.381,9.451,9.261,9.331,122453.0
2017-12-15,9.301,9.341,9.121,9.261,272778.0
2017-12-18,9.311,9.381,9.061,9.291,209140.0
2017-12-19,9.211,9.301,9.191,9.241,204885.0
2017-12-20,9.321,9.321,9.161,9.291,233649.0
2017-12-21,9.271,9.461,9.221,9.361,202494.0
2017-12-22,9.341,9.531,9.261,9.291,154614.0
2017-12-25,9.261,9.331,9.021,9.191,302912.0
2017-12-26,9.151,9.151,8.971,8.981,268448.0
2017-12-27,8.991,9.031,8.581,8.651,419306.0
2017-12-28,8.651,8.741,8.581,8.681,185523.0
2017-12-29,8.681,8.681,8.421,8.451,266764.0
2018-01-02,8.551,8.691,8.451,8.501,338213.0
2018-01-03,8.581,8.981,8.561,8.851,420819.0
2018-01-04,8.861,8.881,8.681,8.711,271018.0
2018-01-05,8.791,8.891,8.711,8.871,264210.0
2018-01-08,8.881,8.891,8.791,8.841,237275.0
2018-01-09,8.861,9.091,8.841,8.991,265528.0
2018-01-10,9.001,9.111,8.941,9.031,158928.0
2018-01-11,9.091,9.271,9.031,9.181,188207.0
2018-01-12,9.221,9.241,9.101,9.141,142430.0
2018-01-15,9.141,9.321,8.991,9.231,256612.0
2018-01-16,9.231,9.281,8.881,8.921,365811.0
2018-01-17,8.951,9.111,8.811,8.981,306193.0
2018-01-18,8.971,9.041,8.781,8.931,319151.0
2018-01-19,8.961,9.051,8.871,8.961,248942.0
2018-01-22,9.061,9.091,8.841,8.951,246959.0
2018-01-23,8.991,9.141,8.861,8.991,428598.0
2018-01-24,9.001,9.021,8.851,8.871,274141.0
2018-01-25,8.871,8.971,8.861,8.931,217771.0
2018-01-26,8.961,8.981,8.891,8.921,134442.0
2018-01-29,8.941,8.961,8.681,8.721,243456.0
2018-01-30,8.691,8.811,8.641,8.651,241051.0
2018-01-31,8.651,8.821,8.531,8.761,169530.0
2018-02-01,8.761,9.031,8.591,9.021,335334.0
2018-02-02,8.991,9.121,8.841,9.041,271928.0
2018-02-05,8.921,9.221,8.871,9.151,240595.0
2018-02-06,8.961,9.191,8.901,9.151,523210.0
2018-02-07,9.161,9.181,8.781,9.131,420041.0
2018-02-08,9.041,9.141,8.911,9.081,299643.0
2018-02-09,8.891,8.891,8.041,8.831,541086.0
2018-02-12,8.611,8.651,8.321,8.461,298429.0
2018-02-13,8.511,8.831,8.501,8.621,154455.0
2018-02-14,8.681,8.941,8.681,8.851,131139.0
2018-02-22,8.941,9.011,8.851,8.971,124858.0
2018-02-23,8.961,9.211,8.931,9.111,177836.0
2018-02-26,9.191,9.291,9.111,9.271,189062.0
2018-02-27,9.311,9.461,9.281,9.401,210097.0
2018-02-28,9.341,9.491,9.241,9.331,143530.0
2018-03-01,9.251,9.451,9.251,9.351,134794.0
2018-03-02,9.301,9.631,9.271,9.611,205266.0
2018-03-05,9.561,9.711,9.491,9.701,161916.0
2018-03-06,9.741,9.791,9.461,9.521,125353.0
2018-03-07,9.491,9.701,9.471,9.531,152776.0
2018-03-08,9.641,9.941,9.621,9.811,202962.0
2018-03-09,9.941,9.951,9.701,9.821,100223.0
2018-03-12,9.881,9.891,9.451,9.561,239458.0
2018-03-13,9.571,9.651,9.461,9.561,109449.0
2018-03-14,9.541,9.621,9.471,9.561,106724.0
2018-03-15,9.501,9.591,9.481,9.511,107417.0
2018-03-16,9.471,9.641,9.451,9.511,110896.0
2018-03-19,9.491,9.531,9.261,9.511,135669.0
2018-03-20,9.421,9.581,9.401,9.541,97060.0
2018-03-21,9.581,9.591,9.361,9.491,110800.0
2018-03-22,9.451,9.471,9.251,9.371,150753.0
2018-03-23,9.161,9.381,9.001,9.351,334629.0
2018-03-26,9.221,9.391,9.171,9.231,212461.0
2018-03-27,9.291,9.431,9.271,9.351,102060.0
2018-03-28,9.261,9.391,8.981,9.051,194655.0
2018-03-29,9.141,9.211,8.841,8.961,188642.0
2018-03-30,8.961,9.121,8.801,8.881,214651.0
2018-04-02,8.861,8.941,8.771,8.831,143147.0
2018-04-03,8.781,8.821,8.681,8.731,136614.0
2018-04-04,8.731,8.861,8.701,8.721,101989.0
2018-04-09,8.751,8.971,8.691,8.891,155941.0
2018-04-10,8.911,9.051,8.911,9.011,119634.0
2018-04-11,9.011,9.111,8.951,9.091,94432.0
2018-04-12,9.141,9.151,8.941,9.011,106479.0
2018-04-13,9.041,9.061,8.781,8.801,111941.0
2018-04-16,8.861,8.861,8.641,8.691,140358.0
2018-04-17,8.701,9.001,8.701,8.851,126836.0
2018-04-18,8.941,8.941,8.741,8.891,107215.0
2018-04-19,8.931,8.981,8.771,8.811,103747.0
2018-04-20,8.761,9.001,8.761,8.911,130521.0
2018-04-23,8.861,9.051,8.851,9.001,109852.0
2018-04-24,8.951,9.131,8.951,9.061,104229.0
2018-04-25,9.061,9.111,8.831,8.861,113106.0
2018-04-26,8.911,8.941,8.811,8.861,116978.0
2018-04-27,8.901,9.001,8.841,8.971,139105.0
2018-05-02,8.841,8.931,8.491,8.821,245759.0
2018-05-03,8.721,8.861,8.651,8.841,136689.0
2018-05-04,8.861,8.981,8.811,8.951,98158.0
2018-05-07,8.951,9.041,8.901,8.991,122933.0
2018-05-08,9.031,9.061,8.941,9.031,131010.0
2018-05-09,9.031,9.081,9.011,9.051,80530.0
2018-05-10,9.121,9.151,8.821,8.891,194146.0
2018-05-11,8.941,9.021,8.851,8.991,132094.0
2018-05-14,8.981,9.141,8.971,9.091,125726.0
2018-05-15,9.131,9.531,9.071,9.501,210011.0
2018-05-16,9.461,9.691,9.361,9.561,152441.0
2018-05-17,9.541,9.671,9.431,9.561,108168.0
2018-05-18,9.531,9.681,9.401,9.641,182754.0
2018-05-21,9.661,9.751,9.391,9.521,129889.0
2018-05-22,9.511,9.611,9.421,9.581,79114.0
2018-05-23,9.561,9.581,9.451,9.501,86293.0
2018-05-24,9.451,9.581,9.411,9.461,103931.0
2018-05-25,9.471,9.911,9.421,9.731,204772.0
2018-05-28,9.781,9.891,9.661,9.771,121628.0
2018-05-29,9.721,9.851,9.671,9.841,160999.0
2018-05-30,9.731,9.821,9.571,9.641,156635.0
2018-05-31,9.581,10.081,9.581,9.971,323967.0
2018-06-01,9.921,9.921,9.631,9.641,133133.0
2018-06-04,9.761,9.831,9.591,9.721,98788.0
2018-06-05,9.721,9.781,9.551,9.761,121539.0
2018-06-06,9.801,10.101,9.731,10.061,166034.0
2018-06-07,10.061,10.091,9.761,9.891,196750.0
2018-06-08,9.831,9.941,9.681,9.851,184323.0
2018-06-11,9.741,9.891,9.691,9.861,143710.0
2018-06-12,9.811,10.101,9.791,10.001,216631.0
2018-06-13,9.961,10.311,9.961,10.181,243016.0
2018-06-14,10.141,10.711,10.121,10.401,307091.0
2018-06-15,10.431,10.661,10.321,10.531,251284.0
2018-06-19,10.441,10.651,10.301,10.551,489529.0
2018-06-20,10.371,10.561,10.281,10.421,200609.0
2018-06-21,10.451,10.571,10.421,10.511,204496.0
2018-06-22,10.561,10.561,9.991,10.151,302683.0
2018-06-25,10.131,10.161,9.941,10.011,213451.0
2018-06-26,9.941,10.081,9.741,9.771,189788.0
2018-06-27,9.791,9.941,9.611,9.761,193827.0
2018-06-28,9.641,9.791,9.541,9.671,170969.0
2018-06-29,9.671,9.731,9.621,9.681,134957.0
2018-07-02,9.631,9.681,9.371,9.391,143572.0
2018-07-03,9.491,9.521,8.981,9.401,215170.0
2018-07-04,9.361,9.791,9.301,9.691,180987.0
2018-07-05,9.591,9.911,9.531,9.881,306342.0
2018-07-06,9.841,9.981,9.771,9.861,165886.0
2018-07-09,9.941,10.021,9.791,9.851,113910.0
2018-07-10,9.841,9.911,9.621,9.831,126047.0
2018-07-11,9.691,9.741,9.541,9.661,87432.0
2018-07-12,9.601,9.801,9.601,9.671,132337.0
2018-07-13,9.741,9.741,9.521,9.621,129301.0
2018-07-16,9.591,9.711,9.551,9.651,96016.0
2018-07-17,9.591,9.691,9.501,9.571,108646.0
2018-07-18,9.641,9.991,9.581,9.831,182377.0
2018-07-19,9.921,10.221,9.871,10.171,174219.0
2018-07-20,10.091,10.311,10.051,10.271,136800.0
2018-07-23,10.241,10.401,10.091,10.291,124734.0
2018-07-24,10.241,10.311,9.951,10.081,229695.0
2018-07-25,10.041,10.091,9.791,9.881,173286.0
2018-07-26,9.971,10.161,9.921,10.101,126536.0
2018-07-27,10.151,10.171,9.931,9.961,85318.0
2018-07-30,9.961,10.391,9.961,10.391,201100.0
2018-07-31,10.391,10.501,10.311,10.381,113291.0
2018-08-01,10.441,10.461,10.261,10.321,140459.0
2018-08-02,10.241,10.561,9.971,10.161,266168.0
2018-08-03,10.161,10.421,10.051,10.311,188848.0
2018-08-06,10.391,10.431,9.921,9.941,210040.0
2018-08-07,10.001,10.141,9.941,10.041,153560.0
2018-08-08,10.051,10.131,9.761,9.771,181960.0
2018-08-09,9.751,10.021,9.641,9.921,175431.0
2018-08-10,9.891,10.041,9.831,9.891,85419.0
2018-08-13,9.891,10.011,9.671,9.961,153027.0
2018-08-14,10.001,10.001,9.651,9.851,160013.0
2018-08-15,9.791,9.831,9.661,9.671,101388.0
2018-08-16,9.591,9.791,9.451,9.651,142206.0
2018-08-17,9.691,9.851,9.591,9.671,153887.0
2018-08-20,9.751,10.191,9.691,10.191,253659.0
2018-08-21,10.221,10.241,10.011,10.111,111325.0
2018-08-22,10.061,10.071,9.831,9.941,128273.0
2018-08-23,9.901,9.961,9.751,9.791,104406.0
2018-08-24,9.771,9.841,9.561,9.751,108253.0
2018-08-27,9.641,9.821,9.641,9.751,131802.0
2018-08-28,9.771,9.921,9.751,9.821,103656.0
2018-08-29,9.771,9.871,9.591,9.631,152000.0
2018-08-30,9.651,9.721,9.611,9.611,94344.0
2018-08-31,9.621,9.661,9.351,9.361,278425.0
2018-09-03,9.371,9.621,9.371,9.501,165577.0
2018-09-04,9.531,9.691,9.481,9.651,104681.0
2018-09-05,9.601,9.651,9.411,9.431,99132.0
2018-09-06,9.391,9.471,9.341,9.361,82244.0
2018-09-07,9.391,9.441,9.221,9.241,104373.0
2018-09-10,9.241,9.281,8.991,9.131,113061.0
2018-09-11,9.131,9.281,8.981,9.011,94290.0
2018-09-12,8.941,9.221,8.911,9.211,118613.0
2018-09-13,9.251,9.371,9.171,9.311,101818.0
2018-09-14,9.361,9.361,9.171,9.251,64241.0
2018-09-17,9.221,9.351,9.161,9.261,96552.0
2018-09-18,9.191,9.391,9.191,9.381,103236.0
2018-09-19,9.401,9.481,9.261,9.401,111530.0
2018-09-20,9.401,9.521,9.381,9.491,75405.0
2018-09-21,9.531,9.771,9.441,9.771,134750.0
2018-09-25,9.701,9.811,9.661,9.761,75946.0
2018-09-26,9.721,9.891,9.661,9.721,138016.0
2018-09-27,9.821,9.941,9.691,9.921,137885.0
2018-09-28,9.941,9.991,9.861,9.921,111788.0
2018-10-08,9.651,9.771,9.481,9.541,199247.0
2018-10-09,9.441,9.621,9.361,9.421,141740.0
2018-10-10,9.441,9.521,9.271,9.341,121779.0
2018-10-11,9.241,9.381,8.861,8.911,345679.0
2018-10-12,9.071,9.181,8.871,8.921,247729.0
2018-10-15,8.991,9.271,8.941,8.941,191550.0
2018-10-16,8.991,9.131,8.841,9.041,184168.0
2018-10-17,9.131,9.491,9.121,9.351,248173.0
2018-10-18,9.391,9.411,8.991,9.051,158971.0
2018-10-19,9.041,9.441,8.941,9.371,265099.0
2018-10-22,9.341,9.751,9.341,9.611,273117.0
2018-10-23,9.541,9.621,9.281,9.291,207133.0
2018-10-24,9.311,9.511,9.171,9.331,117871.0
2018-10-25,9.221,9.411,9.041,9.351,166326.0
2018-10-26,9.341,9.591,9.221,9.551,234517.0
2018-10-29,9.641,9.751,9.101,9.141,249319.0
2018-10-30,9.331,9.341,9.121,9.161,162180.0
2018-10-31,9.191,9.241,9.071,9.151,189967.0
2018-11-01,9.231,9.261,8.941,9.041,310821.0
2018-11-02,9.101,9.171,8.891,9.151,510125.0
2018-11-05,9.111,9.111,8.931,8.961,338737.0
2018-11-06,8.941,8.941,8.521,8.651,370531.0
2018-11-07,8.701,8.751,8.551,8.661,194834.0
2018-11-08,8.761,8.781,8.591,8.721,156342.0
2018-11-09,8.661,8.731,8.091,8.191,494907.0
2018-11-12,8.131,8.271,8.021,8.161,282797.0
2018-11-13,8.061,8.191,7.981,8.141,253461.0
2018-11-14,8.141,8.371,7.921,7.971,349588.0
2018-11-15,7.961,8.141,7.951,8.131,173389.0
2018-11-16,8.171,8.181,8.001,8.181,193607.0
2018-11-19,8.221,8.281,8.161,8.241,200913.0
2018-11-20,8.191,8.231,7.991,7.991,157031.0
2018-11-21,7.921,8.101,7.891,8.051,90313.0
2018-11-22,8.101,8.111,7.941,7.981,94194.0
2018-11-23,7.951,7.991,7.731,7.791,183872.0
2018-11-26,7.891,8.051,7.801,8.011,165563.0
2018-11-27,8.011,8.161,7.931,7.971,185836.0
2018-11-28,8.031,8.081,7.851,7.941,129880.0
2018-11-29,7.981,8.001,7.781,7.781,178787.0
2018-11-30,7.781,8.171,7.771,7.891,230300.0
2018-12-03,8.161,8.291,8.091,8.241,255806.0
2018-12-04,8.241,8.331,8.181,8.241,108528.0
2018-12-05,8.141,8.231,8.111,8.151,129335.0
2018-12-06,8.041,8.111,7.671,7.761,316605.0
2018-12-07,7.741,7.901,7.741,7.891,110953.0
2018-12-10,7.751,7.931,7.751,7.901,167124.0
2018-12-11,7.891,7.911,7.791,7.851,114995.0
2018-12-12,7.971,8.221,7.941,8.201,254012.0
2018-12-13,8.201,8.651,8.161,8.471,286862.0
2018-12-14,8.441,8.701,8.401,8.501,196569.0
2018-12-17,8.611,8.651,8.451,8.541,162879.0
2018-12-18,8.471,8.791,8.471,8.651,238034.0
2018-12-19,8.681,8.941,8.651,8.841,226855.0
2018-12-20,8.831,8.911,8.491,8.711,208027.0
2018-12-21,8.681,8.921,8.631,8.921,251922.0
2018-12-24,8.751,8.861,8.551,8.721,164843.0
2018-12-25,8.611,8.881,8.611,8.841,129879.0
2018-12-26,8.821,9.111,8.771,9.061,173526.0
2018-12-27,8.991,9.271,8.911,9.121,215943.0
2018-12-28,9.141,9.421,9.121,9.421,253956.0
2019-01-02,9.331,9.341,8.661,8.961,305334.0
2019-01-03,8.831,9.111,8.811,9.111,158289.0
2019-01-04,9.091,9.091,8.701,8.861,241127.0
2019-01-07,8.931,8.971,8.701,8.781,195114.0
2019-01-08,8.741,9.151,8.741,9.101,200298.0
2019-01-09,9.191,9.281,9.011,9.021,125442.0
2019-01-10,8.961,9.081,8.781,8.871,138792.0
2019-01-11,8.871,8.961,8.761,8.931,92002.0
2019-01-14,8.891,8.961,8.731,8.811,116617.0
2019-01-15,8.821,8.941,8.761,8.941,64059.0
2019-01-16,8.951,9.111,8.871,9.061,102553.0
2019-01-17,9.101,9.101,8.931,8.991,82507.0
2019-01-18,9.101,9.331,9.041,9.291,173605.0
2019-01-21,9.241,9.371,9.241,9.361,86923.0
2019-01-22,9.391,9.431,9.291,9.351,102032.0
2019-01-23,9.341,9.511,9.321,9.501,96633.0
2019-01-24,9.511,9.571,9.361,9.491,113918.0
2019-01-25,9.541,9.601,9.441,9.451,84048.0
2019-01-28,9.501,9.611,9.331,9.451,157702.0
2019-01-29,9.411,9.831,9.381,9.741,161776.0
2019-01-30,9.831,9.831,9.621,9.731,92774.0
2019-01-31,9.861,9.971,9.761,9.971,157357.0
2019-02-01,10.011,10.041,9.841,9.891,94044.0
2019-02-11,9.751,9.961,9.751,9.851,134852.0
2019-02-12,9.891,9.931,9.721,9.881,188646.0
2019-02-13,9.901,9.981,9.701,9.931,245619.0
2019-02-14,9.871,9.961,9.801,9.861,163304.0
2019-02-15,9.851,9.911,9.771,9.841,122935.0
2019-02-18,9.911,9.921,9.731,9.881,282369.0
2019-02-19,9.841,9.861,9.701,9.791,266421.0
2019-02-20,9.811,9.811,9.691,9.781,112261.0
2019-02-21,9.771,9.841,9.611,9.641,174725.0
2019-02-22,9.641,9.741,9.491,9.741,159269.0
2019-02-25,9.731,9.921,9.601,9.921,486146.0
2019-02-26,9.841,10.041,9.801,9.821,334604.0
2019-02-27,9.851,9.921,9.721,9.761,263508.0
2019-02-28,9.761,9.841,9.681,9.841,197897.0
2019-03-01,9.841,9.861,9.651,9.811,204181.0
2019-03-04,9.801,9.921,9.731,9.801,433836.0
2019-03-05,9.811,9.921,9.781,9.841,308665.0
2019-03-06,9.841,10.521,9.791,10.401,472037.0
2019-03-07,10.421,10.461,10.061,10.231,319724.0
2019-03-08,10.141,10.281,9.961,10.201,303448.0
2019-03-11,10.111,10.191,9.901,10.011,273329.0
2019-03-12,9.991,10.171,9.821,9.891,377722.0
2019-03-13,9.851,9.891,9.541,9.581,396433.0
2019-03-14,9.581,9.871,9.531,9.831,245273.0
2019-03-15,9.761,9.941,9.711,9.821,176483.0
2019-03-18,9.831,10.381,9.831,10.291,301433.0
2019-03-19,10.271,10.671,10.241,10.481,227211.0
2019-03-20,10.391,10.481,10.281,10.381,168613.0
2019-03-21,10.441,10.551,10.321,10.381,191038.0
2019-03-22,10.391,10.661,10.351,10.661,205612.0
2019-03-25,10.561,10.741,10.361,10.461,219170.0
2019-03-26,10.541,10.641,10.441,10.591,179118.0
2019-03-27,10.571,10.631,10.261,10.301,151944.0
2019-03-28,10.261,10.621,10.091,10.481,188050.0
2019-03-29,10.451,10.471,10.221,10.411,312744.0
2019-04-01,10.491,10.681,10.361,10.441,359695.0
2019-04-02,10.461,10.471,10.321,10.461,226134.0
2019-04-03,10.391,10.471,10.301,10.431,218995.0
2019-04-04,10.401,10.421,10.281,10.341,220199.0
2019-04-08,10.341,10.391,10.041,10.091,394914.0
2019-04-09,10.091,10.191,9.971,10.071,280805.0
2019-04-10,10.091,10.241,9.981,10.121,256847.0
2019-04-11,10.141,10.321,10.131,10.291,253233.0
2019-04-12,10.291,10.461,10.251,10.421,230022.0
2019-04-15,10.521,10.521,10.141,10.151,306300.0
2019-04-16,10.151,10.341,10.061,10.321,208056.0
2019-04-17,10.341,10.401,10.281,10.321,169764.0
2019-04-18,10.321,10.371,10.191,10.221,131415.0
2019-04-19,10.261,10.331,10.181,10.311,102588.0
2019-04-22,10.311,10.381,10.211,10.221,180933.0
2019-04-23,10.311,10.371,10.241,10.321,153554.0
2019-04-24,10.391,10.421,10.281,10.381,142576.0
2019-04-25,10.381,10.401,10.251,10.291,166119.0
2019-04-26,10.241,10.371,10.081,10.101,178964.0
2019-04-29,10.171,10.421,10.111,10.321,168677.0
2019-04-30,10.221,10.421,10.191,10.411,165921.0
2019-05-06,10.241,10.451,10.121,10.451,321772.0
2019-05-07,10.401,10.561,10.271,10.381,190774.0
2019-05-08,10.331,10.391,10.021,10.061,255471.0
2019-05-09,9.991,10.111,9.911,9.941,160562.0
2019-05-10,9.941,10.111,9.911,10.071,143001.0
2019-05-13,10.031,10.121,9.951,10.041,90054.0
2019-05-14,9.921,10.111,9.851,9.941,304827.0
2019-05-15,9.921,9.981,9.871,9.951,210128.0
2019-05-16,9.921,10.161,9.881,10.151,204303.0
2019-05-17,10.141,10.191,10.051,10.101,129533.0
2019-05-20,10.131,10.391,9.921,10.051,236753.0
2019-05-21,10.031,10.311,9.951,10.231,131140.0
2019-05-22,10.241,10.491,10.141,10.421,193027.0
2019-05-23,10.361,10.531,10.341,10.441,190125.0
2019-05-24,10.531,10.631,10.451,10.541,183119.0
2019-05-27,10.541,10.721,10.391,10.491,185301.0
2019-05-28,10.491,10.821,10.411,10.751,497488.0
2019-05-29,10.581,10.871,10.501,10.761,209685.0
2019-05-30,10.831,11.261,10.751,11.261,334605.0
2019-05-31,11.291,11.411,11.131,11.251,219232.0
2019-06-03,11.251,11.401,11.051,11.201,213030.0
2019-06-04,11.241,11.271,11.021,11.141,200997.0
2019-06-05,11.251,11.271,11.051,11.071,120653.0
2019-06-06,11.141,11.241,11.051,11.061,152600.0
2019-06-10,11.191,11.841,11.131,11.491,228877.0
2019-06-11,11.551,11.721,11.471,11.541,217062.0
2019-06-12,11.541,11.541,11.311,11.451,146151.0
2019-06-13,11.451,11.461,11.171,11.211,198027.0
2019-06-14,11.271,11.311,10.901,11.041,268805.0
2019-06-17,11.071,11.221,11.001,11.131,156265.0
2019-06-18,11.201,11.261,11.101,11.231,109000.0
2019-06-19,11.401,11.431,11.221,11.321,161583.0
2019-06-20,11.331,11.641,11.261,11.521,211130.0
2019-06-21,11.541,11.561,11.161,11.171,266589.0
2019-06-24,11.171,11.261,11.061,11.121,204749.0
2019-06-25,11.151,11.281,11.071,11.191,235014.0
2019-06-26,11.181,11.401,11.141,11.371,157550.0
2019-06-27,11.401,11.441,11.281,11.351,164887.0
2019-06-28,11.351,11.531,11.241,11.441,123155.0
2019-07-01,11.531,11.541,11.311,11.351,280048.0
2019-07-02,11.351,11.431,11.291,11.381,284546.0
2019-07-03,11.381,11.881,11.311,11.801,317555.0
2019-07-04,11.781,11.941,11.691,11.821,177373.0
2019-07-05,11.861,11.941,11.701,11.911,147427.0
2019-07-08,11.791,11.871,11.371,11.651,229719.0
2019-07-09,11.691,11.701,11.341,11.381,158501.0
2019-07-10,11.441,11.561,11.301,11.541,118235.0
2019-07-11,11.631,11.811,11.561,11.791,162037.0
2019-07-12,11.771,11.871,11.661,11.751,152760.0
2019-07-15,11.811,11.871,11.441,11.731,162576.0
2019-07-16,11.771,11.871,11.571,11.651,127794.0
2019-07-17,11.701,11.721,11.541,11.631,154125.0
2019-07-18,11.701,12.161,11.531,11.941,300179.0
2019-07-19,11.971,12.181,11.941,12.181,177986.0
2019-07-22,12.221,12.421,12.081,12.411,235151.0
2019-07-23,12.371,12.521,12.231,12.421,134518.0
2019-07-24,12.491,12.511,12.341,12.401,116875.0
2019-07-25,12.221,12.451,12.171,12.441,126912.0
2019-07-26,12.341,12.781,12.341,12.721,179871.0
2019-07-29,12.751,13.171,12.751,13.021,211698.0
2019-07-30,13.021,13.181,12.941,12.961,116545.0
2019-07-31,12.871,12.961,12.821,12.941,142797.0
2019-08-01,12.831,13.141,12.821,12.981,148847.0
2019-08-02,12.831,13.081,12.581,13.011,154715.0
2019-08-05,12.811,12.921,12.421,12.471,250338.0
2019-08-06,12.231,12.791,12.121,12.561,227112.0
2019-08-07,12.591,12.841,12.501,12.551,162918.0
2019-08-08,12.701,13.241,12.601,13.141,256268.0
2019-08-09,13.091,13.161,12.911,13.081,154844.0
2019-08-12,12.971,13.121,12.831,12.991,167033.0
2019-08-13,12.981,12.981,12.751,12.951,160775.0
2019-08-14,12.971,13.151,12.881,13.041,157426.0
2019-08-15,12.901,13.071,12.811,13.061,160770.0
2019-08-16,13.081,13.271,12.921,13.271,189195.0
2019-08-19,13.291,13.871,13.161,13.741,260041.0
2019-08-20,13.621,13.801,13.081,13.121,306036.0
2019-08-21,13.181,13.301,12.951,12.991,227811.0
2019-08-22,13.131,13.131,12.781,13.021,215033.0
2019-08-23,13.021,13.181,12.921,13.121,243897.0
2019-08-26,13.101,13.331,12.831,13.071,242667.0
2019-08-27,13.181,13.601,13.081,13.401,574227.0
2019-08-28,13.421,13.441,13.171,13.261,245809.0
2019-08-29,13.261,13.301,12.901,13.001,231337.0
2019-08-30,13.101,13.111,12.791,12.841,164106.0
2019-09-02,12.781,12.881,12.571,12.601,323989.0
2019-09-03,12.581,12.951,12.581,12.861,233590.0
2019-09-04,12.901,12.971,12.551,12.751,237521.0
2019-09-05,12.721,12.861,12.571,12.691,353142.0
2019-09-06,12.711,12.821,12.601,12.821,170952.0
2019-09-09,12.881,12.881,12.701,12.761,259708.0
2019-09-10,12.791,12.891,12.651,12.881,205609.0
2019-09-11,12.891,12.891,12.741,12.871,212867.0
2019-09-12,12.881,13.081,12.801,13.071,233805.0
2019-09-16,13.071,13.251,12.971,13.221,196222.0
2019-09-17,13.221,13.241,12.671,12.731,273948.0
2019-09-18,12.761,13.091,12.701,13.011,151774.0
2019-09-19,13.011,13.061,12.751,12.871,126683.0
2019-09-20,12.961,13.091,12.771,13.091,262697.0
2019-09-23,13.011,13.021,12.781,12.931,139529.0
2019-09-24,12.921,13.221,12.811,13.201,220651.0
2019-09-25,13.201,13.201,12.631,12.661,348687.0
2019-09-26,12.801,12.861,12.551,12.641,262006.0
2019-09-27,12.641,12.701,12.231,12.421,206406.0
2019-09-30,12.371,12.641,12.351,12.451,164550.0
2019-10-08,12.411,12.881,12.371,12.801,255160.0
2019-10-09,12.751,12.841,12.641,12.691,124111.0
2019-10-10,12.661,12.661,12.321,12.461,297665.0
2019-10-11,12.471,12.661,12.371,12.591,203131.0
2019-10-14,12.611,12.681,12.381,12.451,340117.0
2019-10-15,12.471,12.471,12.101,12.121,377671.0
2019-10-16,12.111,12.251,11.921,12.031,212753.0
2019-10-17,12.061,12.201,11.971,12.091,138115.0
2019-10-18,12.091,12.151,11.751,11.951,301184.0
2019-10-21,11.851,11.951,11.631,11.641,239436.0
2019-10-22,11.731,11.851,11.501,11.841,188310.0
2019-10-23,11.821,11.991,11.801,11.981,166913.0
2019-10-24,12.011,12.111,11.901,11.981,133196.0
2019-10-25,12.021,12.021,11.701,12.011,195511.0
2019-10-28,11.971,12.161,11.911,11.951,136531.0
2019-10-29,11.971,11.971,11.661,11.721,153841.0
2019-10-30,11.721,11.941,11.691,11.811,144127.0
2019-10-31,11.881,12.081,11.821,12.081,176663.0
2019-11-01,12.081,12.141,11.961,12.101,161875.0
2019-11-04,12.161,12.281,12.111,12.221,140909.0
2019-11-05,12.251,12.391,12.141,12.301,172517.0
2019-11-06,12.351,12.351,12.241,12.291,109051.0
2019-11-07,12.241,12.271,11.981,12.041,157546.0
2019-11-08,12.101,12.281,12.011,12.221,174523.0
2019-11-11,12.171,12.291,12.081,12.221,170687.0
2019-11-12,12.251,12.381,12.191,12.311,129347.0
2019-11-13,12.271,12.341,12.131,12.211,115722.0
2019-11-14,12.281,12.321,12.021,12.031,129138.0
2019-11-15,12.111,12.301,12.001,12.171,167761.0
2019-11-18,12.171,12.321,12.071,12.291,105499.0
2019-11-19,12.241,12.381,12.221,12.291,110894.0
2019-11-20,12.261,12.461,12.241,12.341,151257.0
2019-11-21,12.291,12.391,12.181,12.221,140432.0
2019-11-22,12.151,12.211,12.021,12.121,190602.0
2019-11-25,12.131,12.411,12.101,12.371,168638.0
2019-11-26,12.421,12.601,12.221,12.591,518676.0
2019-11-27,12.441,12.441,12.231,12.311,167848.0
2019-11-28,12.291,12.361,12.251,12.341,99608.0
2019-11-29,12.291,12.371,12.161,12.351,126021.0
2019-12-02,12.231,12.391,12.111,12.161,161587.0
2019-12-03,12.201,12.221,12.131,12.171,98569.0
2019-12-04,12.261,12.261,12.051,12.161,104373.0
2019-12-05,12.151,12.191,12.021,12.051,173208.0
2019-12-06,12.121,12.131,11.881,12.051,194794.0
2019-12-09,12.061,12.161,11.951,12.141,123124.0
2019-12-10,12.111,12.171,12.021,12.061,121620.0
2019-12-11,12.121,12.231,12.051,12.231,154803.0
2019-12-12,12.291,12.671,12.251,12.641,277693.0
2019-12-13,12.701,13.021,12.591,12.731,445250.0
2019-12-16,12.761,13.131,12.741,13.051,281930.0
2019-12-17,13.041,13.111,12.901,12.991,189473.0
2019-12-18,13.021,13.021,12.541,12.621,265881.0
2019-12-19,12.621,12.741,12.511,12.631,154065.0
2019-12-20,12.551,12.661,12.461,12.511,157377.0
2019-12-23,12.591,12.611,12.341,12.481,125232.0
2019-12-24,12.471,12.471,12.341,12.421,92729.0
2019-12-25,12.441,12.441,12.241,12.301,114898.0
2019-12-26,12.131,12.441,12.131,12.401,135083.0
2019-12-27,12.341,12.431,12.321,12.411,154058.0
2019-12-30,12.371,12.681,12.331,12.591,191157.0
2019-12-31,12.621,12.641,12.481,12.601,120769.0
2020-01-02,12.681,12.821,12.611,12.691,191284.0
2020-01-03,12.721,12.871,12.671,12.791,154383.0
2020-01-06,12.761,12.831,12.271,12.421,415505.0
2020-01-07,12.441,12.481,12.321,12.411,232106.0
2020-01-08,12.301,12.391,12.211,12.271,264409.0
2020-01-09,12.341,12.351,12.191,12.311,227832.0
2020-01-10,12.291,12.341,12.201,12.221,217894.0
2020-01-13,12.261,12.361,12.211,12.291,226000.0
2020-01-14,12.331,12.431,12.281,12.401,244288.0
2020-01-15,12.361,12.441,12.201,12.231,210772.0
2020-01-16,12.241,12.301,12.171,12.241,148242.0
2020-01-17,12.121,12.231,11.911,11.961,387582.0
2020-01-20,12.011,12.161,11.851,12.091,248090.0
2020-01-21,11.981,12.081,11.931,12.011,163789.0
2020-01-22,12.001,12.001,11.731,11.821,238084.0
2020-01-23,11.711,11.791,11.311,11.371,352368.0
2020-02-03,10.621,11.391,10.231,11.351,718606.0
2020-02-04,11.211,12.021,11.101,11.531,315440.0
2020-02-05,11.481,11.671,11.371,11.531,231231.0
2020-02-06,11.671,11.671,11.451,11.661,192889.0
2020-02-07,11.421,12.171,11.421,12.111,237027.0
2020-02-10,11.901,12.051,11.811,11.851,157747.0
2020-02-11,11.881,12.051,11.791,11.821,130790.0
2020-02-12,11.801,11.811,11.611,11.801,156715.0
2020-02-13,11.731,11.861,11.671,11.821,123500.0
2020-02-14,11.741,11.861,11.681,11.841,98575.0
2020-02-17,11.821,11.931,11.771,11.911,144948.0
2020-02-18,11.841,11.891,11.731,11.741,125987.0
2020-02-19,11.731,11.811,11.681,11.741,138942.0
2020-02-20,11.721,11.881,11.671,11.841,145175.0
2020-02-21,11.781,11.831,11.671,11.751,182043.0
2020-02-24,11.711,11.751,11.601,11.631,171735.0
2020-02-25,11.561,11.681,11.401,11.401,192105.0
2020-02-26,11.271,11.361,11.211,11.221,320403.0
2020-02-27,11.231,11.471,11.171,11.451,185451.0
2020-02-28,11.301,11.461,11.121,11.251,274022.0
2020-03-02,11.271,11.631,11.271,11.481,290426.0
2020-03-03,11.541,11.901,11.541,11.791,234099.0
2020-03-04,11.871,11.971,11.761,11.811,240471.0
2020-03-05,11.861,11.971,11.801,11.941,267930.0
2020-03-06,11.821,11.941,11.651,11.701,203780.0
2020-03-09,11.421,11.841,11.241,11.671,368809.0
2020-03-10,11.491,11.981,11.491,11.861,421789.0
2020-03-11,11.981,12.001,11.741,11.811,176642.0
2020-03-12,11.731,11.811,11.531,11.671,243778.0
2020-03-13,11.281,11.521,11.181,11.221,463505.0
2020-03-16,11.291,11.361,11.101,11.141,323066.0
2020-03-17,11.081,11.471,11.081,11.151,356550.0
2020-03-18,11.101,11.211,10.921,10.941,399579.0
2020-03-19,10.871,11.001,10.411,10.581,375048.0
2020-03-20,10.741,10.931,10.521,10.711,257140.0
2020-03-23,10.391,10.871,10.281,10.741,231491.0
2020-03-24,10.861,11.211,10.821,11.131,397935.0
2020-03-25,11.321,11.361,11.061,11.251,255141.0
2020-03-26,11.111,11.231,10.951,11.051,228714.0
2020-03-27,11.121,11.191,11.001,11.131,192585.0
2020-03-30,11.081,11.331,11.011,11.321,211551.0
2020-03-31,11.321,11.591,11.291,11.511,149254.0
2020-04-01,11.511,11.571,11.181,11.251,157780.0
2020-04-02,11.181,11.581,11.181,11.481,108265.0
2020-04-03,11.481,11.551,11.341,11.441,90939.0
2020-04-07,11.661,11.661,11.431,11.471,126466.0
2020-04-08,11.471,11.491,11.241,11.431,138341.0
2020-04-09,11.431,11.431,11.241,11.281,71434.0
2020-04-10,11.281,11.341,11.221,11.271,124509.0
2020-04-13,11.231,11.351,11.231,11.331,75545.0
2020-04-14,11.391,11.491,11.311,11.451,158334.0
2020-04-15,11.401,11.541,11.261,11.291,106672.0
2020-04-16,11.241,11.451,11.241,11.371,105975.0
2020-04-17,11.371,11.401,11.271,11.341,158442.0
2020-04-20,11.331,11.361,11.221,11.221,157900.0
2020-04-21,11.191,11.321,11.181,11.311,112379.0
2020-04-22,11.301,11.441,11.241,11.441,122138.0
2020-04-23,11.511,11.601,11.391,11.521,151299.0
2020-04-24,11.521,11.771,11.491,11.751,139598.0
2020-04-27,11.791,12.161,11.781,11.831,174534.0
2020-04-28,11.811,12.081,11.681,11.971,143542.0
2020-04-29,12.001,12.011,11.611,11.831,109221.0
2020-04-30,11.721,11.871,11.601,11.671,164043.0
2020-05-06,11.531,11.721,11.381,11.461,253052.0
2020-05-07,11.401,11.401,11.221,11.251,318594.0
2020-05-08,11.321,11.391,11.281,11.311,162725.0
2020-05-11,11.341,11.451,11.271,11.381,194859.0
2020-05-12,11.451,11.571,11.381,11.441,164084.0
2020-05-13,11.431,11.461,11.311,11.401,147840.0
2020-05-14,11.481,11.481,11.291,11.371,136641.0
2020-05-15,11.371,11.401,11.301,11.381,148994.0
2020-05-18,11.331,11.351,11.211,11.261,170832.0
2020-05-19,11.351,11.351,11.241,11.241,169112.0
2020-05-20,11.251,11.281,11.211,11.261,154990.0
2020-05-21,11.291,11.301,11.181,11.241,174084.0
2020-05-22,11.201,11.221,10.991,10.991,203041.0
2020-05-25,11.151,11.311,10.921,11.291,164683.0
2020-05-26,11.391,11.401,11.201,11.281,163661.0
2020-05-27,11.221,11.281,11.181,11.201,133448.0
2020-05-28,11.321,11.671,11.301,11.671,332645.0
2020-05-29,11.671,11.671,11.441,11.611,276174.0
2020-06-01,11.651,12.141,11.621,12.021,356360.0
2020-06-02,11.921,12.221,11.861,12.221,268022.0
2020-06-03,12.281,12.501,12.171,12.381,231159.0
2020-06-04,12.381,12.441,12.021,12.021,214461.0
2020-06-05,12.111,12.171,11.881,11.971,146097.0
2020-06-08,12.021,12.271,11.761,12.111,242528.0
2020-06-09,12.071,12.291,11.991,12.241,143411.0
2020-06-10,12.261,12.261,11.991,12.091,154711.0
2020-06-11,12.101,12.151,11.821,11.821,169387.0
2020-06-12,11.461,11.801,11.421,11.751,289648.0
2020-06-15,11.571,11.661,11.441,11.451,187749.0
2020-06-16,11.601,11.931,11.581,11.861,157806.0
2020-06-17,11.811,12.331,11.741,12.141,246284.0
2020-06-18,12.161,12.521,12.161,12.411,227146.0
2020-06-19,12.481,12.621,12.301,12.391,266599.0
2020-06-22,12.461,12.581,12.221,12.431,176084.0
2020-06-23,12.291,13.121,12.111,12.971,359297.0
2020-06-24,13.121,13.671,13.121,13.311,315147.0
2020-06-29,13.301,13.501,13.161,13.201,231724.0
2020-06-30,13.311,13.531,13.111,13.161,209434.0
2020-07-01,13.271,13.671,13.131,13.671,232634.0
2020-07-02,13.641,13.711,13.281,13.371,374491.0
2020-07-03,13.371,13.531,13.131,13.311,303545.0
2020-07-06,13.371,13.791,13.351,13.531,454613.0
2020-07-07,13.671,13.901,13.541,13.541,488964.0
2020-07-08,13.561,13.721,13.371,13.401,344537.0
2020-07-09,13.421,13.501,13.131,13.251,377190.0
2020-07-10,13.251,13.551,13.101,13.111,356624.0
2020-07-13,13.221,13.601,13.221,13.381,389835.0
2020-07-14,13.321,13.871,13.321,13.631,502221.0
2020-07-15,13.721,14.211,13.651,14.181,498649.0
2020-07-16,14.211,14.221,13.341,13.351,541798.0
2020-07-17,13.411,13.651,13.321,13.511,308125.0
2020-07-20,13.501,13.701,13.321,13.541,371640.0
2020-07-21,13.601,13.861,13.501,13.571,319207.0
2020-07-22,13.511,13.781,13.321,13.571,317401.0
2020-07-23,13.431,13.651,13.381,13.561,228950.0
2020-07-24,13.491,13.561,12.921,13.101,352873.0
2020-07-27,13.211,13.481,13.121,13.431,226441.0
2020-07-28,13.501,13.741,13.401,13.561,187516.0
2020-07-29,13.461,13.541,13.151,13.471,175788.0
2020-07-30,13.471,13.641,13.151,13.231,233983.0
2020-07-31,13.351,13.541,13.131,13.271,225913.0
2020-08-03,13.231,13.471,13.151,13.231,244533.0
2020-08-04,13.311,13.321,13.171,13.251,229321.0
2020-08-05,13.251,13.341,13.011,13.071,161042.0
2020-08-06,13.101,13.131,12.951,12.971,173985.0
2020-08-07,13.041,13.061,12.901,12.981,167626.0
2020-08-10,13.001,13.131,12.891,12.961,186846.0
2020-08-11,13.041,13.061,12.891,12.971,230221.0
2020-08-12,12.911,12.971,12.711,12.921,234100.0
2020-08-13,12.931,13.061,12.831,12.921,200072.0
2020-08-14,13.001,13.121,12.921,13.111,228040.0
2020-08-17,13.211,13.321,13.181,13.271,251136.0
2020-08-18,13.281,13.321,13.111,13.141,157588.0
2020-08-19,13.191,13.661,13.041,13.431,334661.0
2020-08-20,13.411,13.881,13.231,13.881,518292.0
2020-08-21,14.001,14.121,13.701,13.891,342796.0
2020-08-24,13.891,14.051,13.601,13.811,231611.0
2020-08-25,13.751,13.821,13.421,13.451,231620.0
2020-08-26,13.591,13.711,13.461,13.621,225006.0
2020-08-27,13.711,13.711,13.451,13.571,139968.0
2020-08-28,13.601,13.931,13.481,13.891,225265.0
2020-08-31,13.851,14.461,13.811,14.201,336876.0
2020-09-01,14.201,14.451,14.061,14.431,219785.0
2020-09-02,14.501,14.661,14.201,14.551,272133.0
2020-09-03,14.651,15.261,14.611,14.921,378173.0
2020-09-04,14.801,15.171,14.711,14.911,227734.0
2020-09-07,14.891,15.401,14.821,14.981,353910.0
2020-09-08,15.111,15.351,14.901,14.901,282691.0
2020-09-09,14.801,15.091,14.611,14.891,228931.0
2020-09-10,14.871,15.091,14.651,14.971,243551.0
2020-09-11,14.901,15.351,14.861,15.261,296482.0
2020-09-14,15.301,15.881,15.131,15.801,331402.0
2020-09-15,15.901,15.901,15.411,15.491,269663.0
2020-09-16,15.601,15.661,15.281,15.511,202507.0
2020-09-17,15.511,15.651,15.231,15.321,157247.0
2020-09-18,15.521,15.721,15.351,15.611,258853.0
2020-09-21,15.511,15.601,15.211,15.221,208304.0
2020-09-22,15.221,15.431,14.931,14.951,260622.0
2020-09-23,15.111,15.161,14.891,14.911,269535.0
2020-09-24,14.741,14.741,14.231,14.301,549870.0
2020-09-25,14.401,14.401,13.521,13.761,768874.0
2020-09-28,13.801,14.181,13.721,13.951,564408.0
2020-09-29,14.091,14.131,13.821,13.941,377405.0
2020-09-30,14.011,14.081,13.801,14.031,270137.0
2020-10-09,14.051,14.131,13.801,13.861,322845.0
2020-10-12,13.731,14.301,13.721,14.151,444379.0
2020-10-13,14.151,14.331,13.881,14.231,170998.0
2020-10-14,14.251,14.301,13.981,14.021,290415.0
2020-10-15,13.961,14.061,13.701,13.931,332014.0
2020-10-16,13.931,14.041,13.811,13.811,243933.0
2020-10-19,13.881,14.011,13.701,13.721,267372.0
2020-10-20,13.701,13.791,13.661,13.741,186288.0
2020-10-21,13.721,13.951,13.601,13.901,248952.0
2020-10-22,13.901,13.971,13.731,13.901,214831.0
2020-10-23,13.901,13.901,13.631,13.631,166039.0
2020-10-26,13.611,13.931,13.601,13.891,155536.0
2020-10-27,13.811,14.101,13.761,13.991,237534.0
2020-10-28,13.991,14.181,13.961,14.031,246085.0
2020-10-29,13.881,13.991,13.741,13.801,202438.0
2020-10-30,13.801,14.061,13.801,13.861,238556.0
2020-11-02,13.941,14.751,13.941,14.691,566063.0
2020-11-03,14.791,15.071,14.621,14.901,351078.0
2020-11-04,14.801,14.951,14.621,14.851,224943.0
2020-11-05,14.901,15.391,14.831,15.251,286309.0
2020-11-06,15.191,15.321,14.961,15.261,201495.0
2020-11-09,15.121,15.451,15.031,15.261,262748.0
2020-11-10,15.151,15.561,14.951,15.121,324496.0
2020-11-11,15.121,15.631,14.941,15.441,329621.0
2020-11-12,15.591,15.731,15.321,15.511,302576.0
2020-11-13,15.521,15.521,15.061,15.261,267496.0
2020-11-16,15.361,15.391,14.781,14.881,343467.0
2020-11-17,14.901,14.901,14.381,14.451,395507.0
2020-11-18,14.451,14.841,14.401,14.671,339511.0
2020-11-19,14.751,14.861,14.551,14.741,248020.0
2020-11-20,14.781,14.791,14.511,14.711,262495.0
2020-11-23,14.781,14.851,14.511,14.801,269890.0
2020-11-24,14.711,14.821,14.591,14.611,205740.0
2020-11-25,14.641,14.681,14.351,14.361,251651.0
2020-11-26,14.411,15.151,14.371,15.131,488352.0
2020-11-27,15.051,15.211,14.771,15.211,280956.0
2020-11-30,15.111,15.601,14.971,15.011,443329.0
2020-12-01,15.041,15.291,14.921,15.201,288020.0
2020-12-02,15.371,15.371,15.051,15.101,222634.0
2020-12-03,15.101,15.181,14.961,15.141,161414.0
2020-12-04,15.141,15.181,14.881,15.021,239192.0
2020-12-07,14.961,15.011,14.691,14.701,206642.0
2020-12-08,14.791,14.801,14.611,14.731,156289.0
2020-12-09,14.741,15.051,14.721,14.991,216218.0
2020-12-10,14.881,15.001,14.791,14.851,193352.0
2020-12-11,14.901,15.201,14.581,14.911,368045.0
2020-12-14,14.871,14.931,14.671,14.671,254624.0
2020-12-15,14.601,14.701,14.411,14.431,273718.0
2020-12-16,14.501,14.751,14.451,14.661,236680.0
2020-12-17,14.701,15.001,14.531,14.721,395962.0
2020-12-18,14.811,14.921,14.571,14.651,330529.0
2020-12-21,14.671,14.741,14.421,14.481,384937.0
2020-12-22,14.501,14.511,14.031,14.051,390919.0
2020-12-23,14.091,14.121,13.801,13.951,347743.0
2020-12-24,13.991,14.051,13.811,13.881,197924.0
2020-12-25,13.821,14.371,13.821,14.221,260978.0
2020-12-28,14.311,14.381,13.941,14.031,322325.0
2020-12-29,14.101,14.141,13.821,13.881,254881.0
2020-12-30,13.891,14.081,13.811,13.931,358891.0
2020-12-31,13.981,14.101,13.821,14.061,326051.0
2021-01-04,14.011,14.031,13.711,13.801,557806.0
2021-01-05,13.751,13.801,13.611,13.791,487577.0
2021-01-06,13.681,14.111,13.631,14.111,522941.0
2021-01-07,14.211,14.471,13.931,14.131,620975.0
2021-01-08,14.201,14.351,14.001,14.241,574763.0
2021-01-11,14.251,14.321,13.951,14.001,567350.0
2021-01-12,14.001,14.061,13.731,14.061,488183.0
2021-01-13,14.061,14.351,13.851,14.321,565154.0
2021-01-14,14.251,14.511,14.051,14.081,443848.0
2021-01-15,14.001,14.221,13.931,14.101,350741.0
2021-01-18,14.101,14.151,13.881,14.001,398756.0
2021-01-19,14.051,14.381,14.021,14.301,497345.0
2021-01-20,14.281,14.281,13.951,14.001,366506.0
2021-01-21,13.951,14.091,13.911,14.031,375611.0
2021-01-22,13.951,13.991,13.801,13.811,283489.0
2021-01-25,13.791,13.921,13.401,13.801,469841.0
2021-01-26,13.671,13.951,13.581,13.891,340665.0
2021-01-27,13.911,14.141,13.881,14.061,395829.0
2021-01-28,14.451,15.161,14.261,14.901,1090973.0
2021-01-29,14.701,15.051,14.301,14.581,707728.0
2021-02-01,14.701,14.701,14.221,14.331,1320647.0
2021-02-02,14.581,14.671,14.211,14.411,1346334.0
2021-02-03,14.501,14.621,14.231,14.381,928920.0
2021-02-04,14.251,14.481,14.201,14.421,962142.0
2021-02-05,14.431,14.561,14.241,14.331,542690.0
2021-02-08,14.361,14.931,14.331,14.401,764771.0
2021-02-09,14.431,14.521,13.931,14.181,686257.0
2021-02-10,14.191,14.691,14.131,14.591,728873.0
2021-02-18,14.731,14.851,14.421,14.531,700009.0
2021-02-19,14.551,15.001,14.481,14.881,907885.0
2021-02-22,14.861,14.861,14.401,14.461,844349.0
2021-02-23,14.501,14.811,14.461,14.631,681307.0
2021-02-24,14.761,14.771,14.401,14.511,605476.0
2021-02-25,14.561,14.821,14.501,14.701,653498.0
2021-02-26,14.551,14.891,14.511,14.651,688626.0
2021-03-01,14.701,14.731,14.451,14.571,478552.0
2021-03-02,14.601,14.981,14.521,14.651,576782.0
2021-03-03,14.631,14.951,14.591,14.931,562498.0
2021-03-04,14.821,15.481,14.821,15.171,920436.0
2021-03-05,15.051,15.221,14.641,15.101,641375.0
2021-03-08,15.031,15.421,14.931,15.101,781755.0
2021-03-09,15.191,15.981,15.001,15.151,1266228.0
2021-03-10,14.911,15.171,14.711,14.801,898496.0
2021-03-11,14.851,15.251,14.811,15.101,785445.0
2021-03-12,15.161,16.871,15.111,16.221,2075046.0
2021-03-15,16.221,16.621,15.651,15.841,1227062.0
2021-03-16,15.841,16.001,15.561,15.811,763410.0
2021-03-17,15.871,15.901,15.251,15.321,801671.0
2021-03-18,15.311,15.531,15.131,15.331,709283.0
2021-03-19,15.171,15.581,15.061,15.371,674779.0
2021-03-22,15.361,16.241,15.351,16.111,1019533.0
2021-03-23,16.051,16.341,15.691,15.871,887931.0
2021-03-24,15.851,15.931,15.481,15.681,654499.0
2021-03-25,15.701,15.971,15.541,15.961,505230.0
2021-03-26,15.801,16.061,15.661,15.731,619995.0
2021-03-29,15.651,16.251,15.601,16.161,708326.0
2021-03-30,16.131,16.371,15.971,16.341,496546.0
2021-03-31,16.341,16.401,16.151,16.341,358278.0
2021-04-01,16.311,16.631,16.231,16.531,303777.0
2021-04-02,16.501,16.501,15.961,16.021,545920.0
2021-04-06,16.021,16.111,15.741,15.851,418594.0
2021-04-07,16.011,16.091,15.851,16.031,387015.0
2021-04-08,15.911,16.001,15.641,15.761,347680.0
2021-04-09,15.761,15.891,15.651,15.751,235211.0
2021-04-12,15.701,16.251,15.691,16.091,656456.0
2021-04-13,16.011,16.141,15.751,15.921,374922.0
2021-04-14,15.951,15.981,15.611,15.661,532018.0
2021-04-15,15.661,15.731,15.181,15.221,576003.0
2021-04-16,15.301,15.511,15.221,15.371,249515.0
2021-04-19,15.311,15.541,15.301,15.411,322164.0
2021-04-20,15.341,15.531,15.311,15.511,231266.0
2021-04-21,15.451,15.551,15.371,15.501,238638.0
2021-04-22,15.501,15.551,15.221,15.301,377110.0
2021-04-23,15.291,15.301,14.921,15.281,498110.0
2021-04-26,15.261,15.351,15.061,15.061,318798.0
2021-04-27,15.011,15.161,14.971,15.021,226832.0
2021-04-28,15.051,15.101,14.871,15.021,285067.0
2021-04-29,14.991,15.091,14.871,15.031,345057.0
2021-04-30,15.031,15.051,14.701,14.871,481616.0
2021-05-06,14.801,14.971,14.771,14.791,516965.0
2021-05-07,14.801,14.871,14.591,14.661,433865.0
2021-05-10,14.651,14.741,14.461,14.571,387220.0
2021-05-11,14.541,14.851,14.421,14.791,343328.0
2021-05-12,14.751,14.871,14.601,14.671,248642.0
2021-05-13,14.601,14.781,14.531,14.661,299639.0
2021-05-14,14.651,14.671,14.451,14.551,424373.0
2021-05-17,14.561,14.801,14.521,14.661,629569.0
2021-05-18,14.651,14.691,14.561,14.691,271279.0
2021-05-19,14.691,14.701,14.491,14.511,284536.0
2021-05-20,14.481,14.521,14.211,14.331,600532.0
2021-05-21,14.361,14.541,14.321,14.501,337743.0
2021-05-24,14.511,14.551,14.241,14.281,352968.0
2021-05-25,14.241,14.741,14.081,14.711,625913.0
2021-05-26,14.651,14.661,14.311,14.321,795057.0
2021-05-27,14.341,14.421,14.291,14.341,559298.0
2021-05-28,14.351,14.591,14.281,14.571,500763.0
2021-05-31,14.641,14.761,14.451,14.761,479572.0
2021-06-01,14.761,14.971,14.621,14.831,442199.0
2021-06-02,14.881,14.951,14.611,14.721,379838.0
2021-06-03,14.721,14.931,14.631,14.801,354007.0
2021-06-04,14.801,14.921,14.671,14.771,316699.0
2021-06-07,14.771,14.771,14.561,14.641,349703.0
2021-06-08,14.671,14.801,14.611,14.721,373697.0
2021-06-09,14.771,15.231,14.731,15.221,714811.0
2021-06-10,15.231,15.501,15.161,15.221,575581.0
2021-06-11,15.251,15.731,15.221,15.591,713959.0
2021-06-15,15.591,15.651,15.261,15.331,428075.0
2021-06-16,15.331,15.491,15.121,15.301,412396.0
2021-06-17,15.341,15.621,15.241,15.301,421770.0
2021-06-18,15.371,15.421,14.961,14.981,513204.0
2021-06-21,15.021,15.041,14.701,14.841,508948.0
2021-06-22,14.821,15.221,14.821,15.051,358059.0
2021-06-23,15.151,15.281,14.951,15.171,402782.0
2021-06-24,15.201,15.351,15.131,15.301,257446.0
2021-06-25,15.341,15.621,15.201,15.541,490389.0
2021-06-28,15.721,16.351,15.681,15.871,656124.0
2021-06-29,15.871,15.871,15.261,15.401,432558.0
2021-06-30,15.411,15.611,15.291,15.541,229814.0
2021-07-01,15.551,15.851,15.311,15.791,285217.0
2021-07-02,15.631,15.651,15.151,15.201,411889.0
2021-07-05,15.201,15.301,14.941,15.031,364825.0
2021-07-06,15.001,15.621,14.851,15.171,396850.0
2021-07-07,15.191,15.331,15.011,15.211,301929.0
2021-07-08,15.291,15.351,14.941,15.211,357036.0
2021-07-09,15.161,15.301,15.091,15.211,277994.0
2021-07-12,15.281,15.321,14.811,14.861,556712.0
2021-07-13,14.811,15.111,14.721,15.091,337663.0
2021-07-14,15.111,15.161,14.831,15.111,378057.0
2021-07-15,15.011,15.241,14.871,15.181,331778.0
2021-07-16,15.211,15.211,14.781,14.891,539814.0
2021-07-19,14.871,15.031,14.751,15.001,305817.0
2021-07-20,14.991,15.041,14.801,14.891,253929.0
2021-07-21,14.821,14.891,14.601,14.611,560251.0
2021-07-22,14.591,14.681,14.391,14.441,521332.0
2021-07-23,14.501,14.561,14.231,14.391,419833.0
2021-07-26,14.291,14.521,14.271,14.441,421879.0
2021-07-27,14.441,14.451,13.791,13.931,544955.0
2021-07-28,13.801,14.421,13.801,14.361,578491.0
2021-07-29,14.291,14.471,14.151,14.191,385123.0
2021-07-30,14.201,14.601,14.081,14.601,444097.0
2021-08-02,14.571,14.641,14.181,14.501,550856.0
2021-08-03,14.411,14.591,14.321,14.481,363805.0
2021-08-04,14.441,14.871,14.281,14.661,422544.0
2021-08-05,14.621,14.801,14.501,14.751,347064.0
2021-08-06,14.701,14.721,14.481,14.651,349538.0
2021-08-09,14.621,15.001,14.601,14.951,416144.0
2021-08-10,14.951,15.171,14.831,15.151,375971.0
2021-08-11,15.101,15.251,15.051,15.171,260190.0
2021-08-12,15.141,15.461,15.101,15.291,321147.0
2021-08-13,15.291,15.381,15.141,15.201,203316.0
2021-08-16,15.241,15.371,15.151,15.371,219456.0
2021-08-17,15.411,15.551,15.041,15.231,293658.0
2021-08-18,15.101,15.391,15.091,15.291,293077.0
2021-08-19,15.181,15.551,15.161,15.521,354632.0
2021-08-20,15.571,15.671,15.161,15.451,419242.0
2021-08-23,15.471,15.881,15.451,15.601,471357.0
2021-08-24,15.671,15.751,15.401,15.451,355599.0
2021-08-25,15.521,15.531,15.271,15.331,297169.0
2021-08-26,15.331,15.391,15.091,15.101,217959.0
2021-08-27,15.131,15.351,15.021,15.131,200676.0
2021-08-30,15.021,15.081,14.581,14.691,383155.0
2021-08-31,14.671,15.021,14.501,14.941,379745.0
2021-09-01,15.001,15.591,14.941,15.421,535960.0
2021-09-02,15.321,15.601,15.231,15.581,366442.0
2021-09-03,15.601,15.751,15.441,15.661,437721.0
2021-09-06,15.671,15.871,15.571,15.621,349865.0
2021-09-07,15.641,15.761,15.481,15.631,359075.0
2021-09-08,15.651,16.051,15.651,15.931,554974.0
2021-09-09,16.101,16.111,15.521,15.991,578506.0
2021-09-10,15.991,16.131,15.831,16.001,415915.0
2021-09-13,15.971,16.251,15.871,15.981,368842.0
2021-09-14,15.991,16.041,15.611,15.691,375382.0
2021-09-15,15.601,15.681,15.251,15.311,384542.0
2021-09-16,15.311,15.821,15.231,15.361,389124.0
2021-09-17,15.371,16.081,15.371,15.911,561249.0
2021-09-22,15.871,17.291,15.851,16.961,1142537.0
2021-09-23,17.051,17.531,16.651,16.831,1013649.0
2021-09-24,17.131,17.151,16.451,16.691,732813.0
2021-09-27,17.061,17.261,16.711,17.181,1019653.0
2021-09-28,17.091,17.661,16.721,17.391,904817.0
2021-09-29,17.231,17.821,16.951,17.721,1122401.0
2021-09-30,17.801,17.881,17.031,17.601,987507.0
2021-10-08,18.101,18.111,17.291,17.551,795368.0
2021-10-11,17.701,17.771,17.001,17.221,587591.0
2021-10-12,17.011,17.181,16.681,16.931,604423.0
2021-10-13,16.851,16.851,16.301,16.451,398106.0
2021-10-14,16.451,16.551,16.151,16.281,346879.0
2021-10-15,16.231,16.511,16.101,16.451,405824.0
2021-10-18,16.451,16.841,16.341,16.661,444546.0
2021-10-19,16.501,17.001,16.361,16.911,411164.0
2021-10-20,16.901,16.981,16.501,16.591,660221.0
2021-10-21,16.601,16.681,16.411,16.671,339622.0
2021-10-22,16.651,16.721,16.441,16.601,298440.0
2021-10-25,16.541,16.951,16.481,16.631,462938.0
2021-10-26,16.661,16.851,16.581,16.761,328986.0
2021-10-27,16.741,16.871,16.581,16.871,360287.0
2021-10-28,16.761,16.851,16.591,16.731,420751.0
2021-10-29,16.701,16.851,16.461,16.851,407089.0
2021-11-01,16.711,17.021,16.661,16.981,383045.0
2021-11-02,16.991,17.031,16.261,16.551,569460.0
2021-11-03,16.431,16.891,16.371,16.771,408790.0
2021-11-04,16.761,16.871,16.621,16.661,280268.0
2021-11-05,16.631,16.731,16.251,16.261,372512.0
2021-11-08,16.331,16.341,15.911,15.951,342853.0
2021-11-09,16.151,16.191,15.721,15.941,366742.0
2021-11-10,16.001,16.001,15.511,15.751,397716.0
2021-11-11,15.701,15.841,15.561,15.731,402082.0
2021-11-12,15.741,15.791,15.401,15.571,419825.0
2021-11-15,15.671,15.871,15.521,15.771,449912.0
2021-11-16,15.701,15.831,15.531,15.601,324937.0
2021-11-17,15.611,15.791,15.561,15.661,289355.0
2021-11-18,15.601,15.731,15.561,15.641,257365.0
2021-11-19,15.621,15.871,15.581,15.811,303074.0
2021-11-22,15.821,15.881,15.591,15.591,293104.0
2021-11-23,15.571,15.621,15.501,15.581,329494.0
2021-11-24,15.641,15.641,15.321,15.391,382762.0
2021-11-25,15.401,15.511,15.281,15.391,366550.0
2021-11-26,15.351,15.351,15.091,15.131,455695.0
2021-12-13,17.071,17.081,16.121,16.461,2404663.0
2021-12-14,16.151,17.371,15.951,17.281,1528170.0
2021-12-15,17.131,17.481,17.101,17.431,810446.0
2021-12-16,17.381,17.621,17.251,17.621,583788.0
2021-12-17,17.571,17.781,17.421,17.511,568884.0
2021-12-20,17.341,17.631,17.091,17.351,487849.0
2021-12-21,17.431,17.741,17.331,17.581,362840.0
2021-12-22,17.591,17.781,17.531,17.611,307357.0
2021-12-23,17.621,17.861,17.511,17.801,324363.0
2021-12-24,17.771,18.631,17.671,17.971,506448.0
2021-12-27,17.951,18.311,17.661,17.951,339158.0
2021-12-28,18.041,18.151,17.721,17.971,395866.0
2021-12-29,17.971,18.011,17.731,17.851,291483.0
2021-12-30,17.771,18.201,17.701,18.131,333394.0
2021-12-31,18.071,18.421,18.071,18.301,318894.0
2022-01-04,18.391,18.501,18.151,18.441,472079.0
2022-01-05,18.351,18.531,18.151,18.391,442438.0
2022-01-06,18.261,18.381,17.561,17.611,629044.0
2022-01-07,17.761,17.981,17.491,17.761,355473.0
2022-01-10,17.721,18.091,17.721,18.001,326507.0
2022-01-11,18.051,18.591,17.981,18.101,456188.0
2022-01-12,18.071,18.221,17.621,17.871,350230.0
2022-01-13,17.901,18.101,17.701,17.961,342486.0
2022-01-14,18.021,18.261,17.631,18.051,405242.0
2022-01-17,18.051,18.541,18.041,18.221,428971.0
2022-01-18,18.261,18.581,18.111,18.461,365992.0
2022-01-19,18.441,18.641,18.351,18.551,348657.0
2022-01-20,18.571,19.121,18.471,18.681,595636.0
2022-01-21,18.671,18.831,18.411,18.581,354717.0
2022-01-24,18.581,18.781,18.311,18.451,269919.0
2022-01-25,18.281,18.451,18.041,18.041,302615.0
2022-01-26,18.061,18.371,17.991,18.171,220260.0
2022-01-27,18.181,18.201,17.731,17.981,324109.0
2022-01-28,18.081,18.201,17.501,17.521,352449.0
2022-02-07,17.701,18.181,17.591,17.991,310437.0
2022-02-08,18.051,18.821,17.991,18.821,383215.0
2022-02-09,18.851,19.041,18.561,18.931,388551.0
2022-02-10,19.051,19.391,18.791,19.381,345391.0
2022-02-11,19.371,19.541,19.221,19.341,286057.0
2022-02-14,19.341,19.341,18.771,18.991,313334.0
2022-02-15,18.981,19.071,18.601,18.701,249175.0
2022-02-16,18.761,18.991,18.671,18.691,220366.0
2022-02-17,18.691,19.011,18.641,18.841,314026.0
2022-02-18,18.841,18.911,18.611,18.831,185016.0
2022-02-21,18.701,18.801,18.511,18.651,185151.0
2022-02-22,18.551,18.601,18.301,18.441,235655.0
2022-02-23,18.501,18.581,18.281,18.401,262587.0
2022-02-24,18.441,18.631,18.141,18.261,414803.0
2022-02-25,18.311,18.501,18.241,18.351,386624.0
2022-02-28,18.411,18.821,18.311,18.781,398211.0
2022-03-01,18.801,18.981,18.661,18.871,277211.0
2022-03-02,18.871,19.261,18.781,19.171,331570.0
2022-03-03,19.301,19.631,19.211,19.551,385734.0
2022-03-04,19.501,19.651,19.101,19.551,405905.0
2022-03-07,19.471,19.751,19.331,19.421,566621.0
2022-03-08,19.411,19.461,18.671,18.801,687976.0
2022-03-09,18.851,19.161,18.011,18.581,729975.0
2022-03-10,18.851,18.901,18.281,18.311,464150.0
2022-03-11,18.201,18.261,17.701,18.201,440143.0
2022-03-14,18.021,18.501,17.931,18.101,450095.0
2022-03-15,17.991,18.001,16.631,16.751,761192.0
2022-03-16,17.001,18.141,16.691,17.981,757809.0
2022-03-17,18.201,18.231,17.431,17.501,614377.0
2022-03-18,17.481,17.791,17.321,17.381,996629.0
2022-03-21,17.601,17.601,17.091,17.251,412679.0
2022-03-22,17.301,17.751,17.231,17.641,315526.0
2022-03-23,17.701,17.831,17.401,17.491,322252.0
2022-03-24,17.311,17.471,17.151,17.171,340645.0
2022-03-25,17.121,17.301,16.891,16.911,253195.0
2022-03-28,16.801,17.451,16.511,17.351,450183.0
2022-03-29,17.281,17.521,17.211,17.411,295556.0
2022-03-30,17.481,17.601,17.261,17.501,400881.0
2022-03-31,17.501,17.731,17.331,17.601,296524.0
2022-04-01,17.541,17.891,17.421,17.821,296414.0
2022-04-06,17.621,18.071,17.621,17.961,361172.0
2022-04-07,17.991,18.351,17.861,18.271,360590.0
2022-04-08,18.301,18.841,18.241,18.801,412766.0
2022-04-11,18.881,18.931,18.391,18.541,453709.0
2022-04-12,18.771,18.901,18.391,18.641,412896.0
2022-04-13,18.561,18.871,18.501,18.691,283012.0
2022-04-14,18.691,19.101,18.631,18.841,260450.0
2022-04-15,18.831,19.161,18.801,19.001,210126.0
2022-04-18,18.831,19.011,18.451,18.551,256146.0
2022-04-19,18.631,19.071,18.611,18.791,445509.0
2022-04-20,18.881,19.121,18.641,18.951,415434.0
2022-04-21,18.861,19.271,18.821,19.141,571295.0
2022-04-22,19.011,19.291,18.631,19.291,950571.0
2022-04-25,19.091,19.331,18.511,18.521,776732.0
2022-04-26,18.521,18.991,18.461,18.791,438101.0
2022-04-27,18.881,18.941,18.271,18.481,613467.0
2022-04-28,18.281,18.661,18.061,18.611,491600.0
2022-04-29,18.591,18.691,18.151,18.321,594430.0
2022-05-05,18.451,18.831,18.321,18.681,456707.0
2022-05-06,18.581,18.851,18.201,18.321,341631.0
2022-05-09,18.331,18.371,17.871,17.941,283668.0
2022-05-10,17.941,18.451,17.711,18.441,462987.0
2022-05-11,18.351,18.501,18.071,18.151,553816.0
2022-05-12,18.191,18.381,17.711,17.911,404750.0
2022-05-13,18.001,18.831,17.881,18.831,564500.0
2022-05-16,18.861,18.901,18.531,18.591,337057.0
2022-05-17,18.751,18.871,18.501,18.601,340348.0
2022-05-18,18.681,18.681,18.211,18.381,383736.0
2022-05-19,18.321,18.901,18.291,18.881,485202.0
2022-05-20,19.001,19.391,18.801,18.901,562443.0
2022-05-23,19.101,19.101,18.321,18.501,523528.0
2022-05-24,18.411,18.731,18.351,18.491,378896.0
2022-05-25,18.641,18.891,18.541,18.811,403913.0
2022-05-26,18.951,19.441,18.811,19.401,585998.0
2022-05-27,19.591,19.621,19.281,19.321,456130.0
2022-05-30,19.481,19.631,19.161,19.341,404612.0
2022-05-31,19.301,19.641,19.211,19.621,442948.0
2022-06-01,19.621,19.931,19.451,19.831,477907.0
2022-06-02,19.651,19.801,19.441,19.521,399283.0
2022-06-06,19.611,19.851,19.151,19.731,542858.0
2022-06-07,19.621,19.641,19.211,19.271,515534.0
2022-06-08,19.401,19.441,19.171,19.371,381337.0
2022-06-09,19.291,19.641,19.231,19.311,494433.0
2022-06-10,19.281,19.661,19.261,19.621,859956.0
2022-06-13,19.341,19.511,18.791,18.881,913219.0
2022-06-14,18.771,19.621,18.771,19.601,765712.0
2022-06-15,19.581,19.681,19.241,19.271,525002.0
2022-06-16,19.341,19.371,18.831,18.831,604019.0
2022-06-17,18.941,19.261,18.891,19.201,518347.0
2022-06-20,19.101,19.121,18.681,18.731,631541.0
2022-06-21,18.731,18.851,18.601,18.751,425431.0
2022-06-22,18.791,18.891,18.671,18.801,484326.0
2022-06-23,18.801,18.831,18.631,18.701,491047.0
2022-06-24,18.711,18.991,18.631,18.971,573159.0
2022-06-27,18.951,19.091,18.811,18.911,491608.0
2022-06-28,18.901,18.901,18.671,18.711,575841.0
2022-06-29,18.701,18.791,18.531,18.751,590535.0
2022-06-30,18.721,18.791,18.551,18.721,391143.0
2022-07-01,19.601,20.121,19.471,19.921,1297093.0
2022-07-04,19.951,20.171,19.651,19.951,660130.0
2022-07-05,19.931,20.111,19.651,19.841,534588.0
2022-07-06,19.881,19.901,19.581,19.661,388448.0
2022-07-07,19.761,20.051,19.701,19.701,392578.0
2022-07-08,19.701,19.901,19.491,19.801,415700.0
2022-07-11,20.081,20.591,20.081,20.291,673386.0
2022-07-12,20.291,20.681,20.271,20.501,522403.0
2022-07-13,20.601,20.781,20.401,20.571,462033.0
2022-07-14,20.601,20.621,20.261,20.461,588772.0
2022-07-15,20.311,20.431,19.901,19.901,621757.0
2022-07-18,19.971,20.731,19.971,20.551,606761.0
2022-07-19,20.731,20.751,20.381,20.651,454164.0
2022-07-20,20.801,20.871,20.461,20.541,370602.0
2022-07-21,20.886,20.886,20.366,20.426,343868.0
2022-07-22,20.436,20.716,20.286,20.546,328322.0
2022-07-25,20.586,20.656,20.376,20.516,241719.0
2022-07-26,20.496,20.666,20.426,20.516,266513.0
2022-07-27,20.516,20.576,20.316,20.336,258844.0
2022-07-28,20.366,20.616,20.216,20.316,293326.0
2022-07-29,20.406,20.646,20.246,20.296,356801.0
2022-08-01,20.296,20.416,20.036,20.196,368129.0
2022-08-02,20.066,20.236,19.916,20.036,395205.0
2022-08-03,20.086,20.236,19.826,19.856,320413.0
2022-08-04,19.966,20.316,19.826,20.266,314619.0
2022-08-05,20.336,20.516,20.216,20.496,240371.0
2022-08-08,20.486,20.716,20.426,20.556,186789.0
2022-08-09,20.556,20.696,20.416,20.446,213611.0
2022-08-10,20.516,20.546,20.216,20.306,175136.0
2022-08-11,20.326,20.516,20.186,20.416,258411.0
2022-08-12,20.416,20.656,20.356,20.646,213291.0
2022-08-15,20.536,20.716,20.366,20.426,282339.0
2022-08-16,20.446,20.666,20.256,20.316,334412.0
2022-08-17,20.286,20.286,19.796,19.976,563318.0
2022-08-18,19.896,20.056,19.796,19.816,280852.0
2022-08-19,19.656,20.036,19.546,20.006,383746.0
2022-08-22,19.876,20.206,19.846,19.896,308109.0
2022-08-23,19.866,19.896,19.626,19.646,376747.0
2022-08-24,19.646,19.836,19.566,19.576,276685.0
2022-08-25,19.626,20.066,19.626,20.006,281824.0
2022-08-26,19.996,19.996,19.686,19.806,279533.0
2022-08-29,19.666,19.866,19.566,19.716,266743.0
2022-08-30,19.716,19.786,19.536,19.696,230440.0
2022-08-31,19.746,20.396,19.696,20.396,810053.0
2022-09-01,20.146,20.496,20.036,20.326,377806.0
2022-09-02,20.316,20.586,20.146,20.236,291597.0
2022-09-05,20.126,20.316,19.926,20.236,311539.0
2022-09-06,20.266,20.396,20.146,20.166,343371.0
2022-09-07,20.016,20.056,19.836,19.986,423952.0
2022-09-08,20.036,20.266,19.946,20.066,259446.0
2022-09-09,20.166,20.476,20.076,20.326,354353.0
2022-09-13,20.266,20.326,20.076,20.206,273346.0
2022-09-14,20.116,20.346,20.056,20.116,218759.0
2022-09-15,20.136,20.396,20.026,20.136,405831.0
2022-09-16,20.146,20.256,19.876,19.876,398815.0
2022-09-19,19.946,20.046,19.826,19.896,281287.0
2022-09-20,19.896,19.956,19.816,19.836,235486.0
2022-09-21,19.836,19.996,19.736,19.846,249728.0
2022-09-22,19.786,19.916,19.676,19.836,233920.0
2022-09-23,19.706,19.926,19.706,19.746,275063.0
2022-09-26,19.696,19.836,19.466,19.466,402686.0
2022-09-27,19.436,19.476,18.946,19.116,604007.0
2022-09-28,19.096,19.106,18.796,18.876,624738.0
2022-09-29,18.846,19.096,18.606,18.816,554384.0
2022-09-30,18.816,19.266,18.696,19.156,423325.0
2022-10-10,19.406,19.856,19.316,19.776,644091.0
2022-10-11,19.736,19.886,19.636,19.836,372522.0
2022-10-12,19.816,19.906,19.416,19.626,449075.0
2022-10-13,19.336,19.656,18.976,19.456,565025.0
2022-10-14,19.446,19.616,19.266,19.376,363852.0
2022-10-17,19.456,19.456,19.176,19.176,291535.0
2022-10-18,19.176,19.326,18.926,18.966,415319.0
2022-10-19,18.936,19.066,18.756,18.786,338770.0
2022-10-20,18.746,18.906,18.656,18.756,368155.0
2022-10-21,18.706,19.016,18.626,18.826,610416.0
2022-10-24,18.806,19.006,18.126,18.246,718728.0
2022-10-25,18.416,18.716,18.326,18.426,513415.0
2022-10-27,18.436,18.606,17.296,17.406,1075023.0
2022-10-28,17.406,17.666,17.006,17.096,996987.0
2022-10-31,16.706,17.116,16.426,16.676,983390.0
2022-11-01,16.666,16.826,16.376,16.736,961429.0
2022-11-02,16.716,16.936,16.466,16.876,761920.0
2022-11-03,16.766,16.786,16.306,16.396,746452.0
2022-11-04,16.276,16.686,16.166,16.556,848833.0
2022-11-07,16.466,16.646,16.386,16.556,694658.0
2022-11-08,16.586,16.756,16.366,16.466,788151.0
2022-11-09,16.486,16.616,16.466,16.536,483287.0
2022-11-10,16.546,16.566,16.306,16.416,423338.0
2022-11-11,16.666,16.966,16.446,16.866,977162.0
2022-11-14,16.956,17.016,16.516,16.586,735755.0
2022-11-15,16.586,17.626,16.476,17.426,1013531.0
2022-11-16,17.316,17.586,17.226,17.466,551945.0
2022-11-17,17.396,17.696,17.316,17.676,500393.0
2022-11-18,17.696,17.796,17.376,17.466,316918.0
2022-11-21,17.396,17.566,17.126,17.506,244795.0
2022-11-22,17.506,17.816,17.346,17.766,397721.0
2022-11-23,17.716,18.106,17.696,17.776,425624.0
2022-11-24,17.916,18.096,17.776,17.796,240667.0
2022-11-25,17.756,18.256,17.726,18.226,328681.0
2022-11-28,17.966,18.116,17.636,17.916,427665.0
2022-11-29,18.016,18.016,17.666,17.786,633945.0
2022-11-30,17.716,17.866,17.636,17.636,541587.0
2022-12-01,17.736,17.846,17.606,17.626,499774.0
2022-12-02,17.576,17.836,17.576,17.786,369816.0
2022-12-05,17.836,18.066,17.736,17.966,498753.0
2022-12-06,17.866,17.916,17.666,17.686,362754.0
2022-12-07,17.736,17.766,17.236,17.336,622812.0
2022-12-08,17.286,17.466,17.116,17.316,437712.0
2022-12-09,17.306,17.416,17.226,17.336,447920.0
2022-12-12,17.276,17.416,17.006,17.096,345922.0
2022-12-13,17.096,17.166,16.856,17.056,334095.0
2022-12-14,17.046,17.146,16.876,17.066,344511.0
2022-12-15,16.976,17.126,16.866,16.936,382256.0
2022-12-16,16.926,17.276,16.886,17.276,399036.0
2022-12-19,17.176,17.316,16.766,16.866,462474.0
2022-12-20,16.866,17.016,16.726,16.796,313328.0
2022-12-21,16.836,16.956,16.716,16.876,275175.0
2022-12-22,16.986,17.096,16.676,16.776,360909.0
2022-12-23,16.726,16.876,16.646,16.826,355906.0
2022-12-26,16.836,16.916,16.746,16.786,292021.0
2022-12-27,16.886,17.016,16.816,16.956,383369.0
2022-12-28,16.896,17.136,16.876,17.086,503172.0
2022-12-29,17.316,17.486,16.946,17.216,539964.0
2022-12-30,17.196,17.466,17.126,17.416,459205.0
2023-01-03,17.366,17.486,17.216,17.326,367992.0
2023-01-04,17.396,17.396,17.176,17.246,273466.0
2023-01-05,17.316,17.386,17.126,17.186,439916.0
2023-01-06,17.176,17.326,16.986,17.306,488491.0
2023-01-09,17.356,17.366,17.116,17.196,351344.0
2023-01-10,17.136,17.266,17.016,17.046,408130.0
2023-01-11,17.196,17.536,17.186,17.236,645293.0
2023-01-12,17.266,17.316,17.076,17.096,477778.0
2023-01-13,17.116,17.406,17.066,17.346,515295.0
2023-01-16,17.336,17.516,17.266,17.386,605451.0
2023-01-17,17.336,17.466,17.086,17.096,677008.0
2023-01-18,17.146,17.236,17.076,17.116,422534.0
2023-01-19,17.116,17.116,16.806,16.836,806677.0
2023-01-20,16.946,17.446,16.866,17.446,1232714.0
2023-01-30,17.536,17.576,17.316,17.326,658505.0
2023-01-31,16.976,17.316,16.976,17.206,671789.0
2023-02-01,17.266,17.296,17.026,17.206,514270.0
2023-02-02,17.216,17.436,17.066,17.366,588708.0
2023-02-03,17.276,17.386,17.196,17.336,452387.0
2023-02-06,17.236,17.426,17.156,17.396,385571.0
2023-02-07,17.426,17.796,17.406,17.716,628512.0
2023-02-08,17.716,17.886,17.686,17.786,388672.0
2023-02-09,17.786,17.906,17.676,17.706,369751.0
2023-02-10,17.716,17.746,17.506,17.626,285847.0
2023-02-13,17.556,17.636,17.456,17.526,335157.0
2023-02-14,17.536,17.616,17.466,17.576,255681.0
2023-02-15,17.566,17.626,17.376,17.466,346349.0
2023-02-16,17.436,17.566,17.236,17.366,497908.0
2023-02-17,17.356,17.476,17.146,17.176,449435.0
2023-02-20,17.146,17.656,17.146,17.596,512606.0
2023-02-21,17.596,17.736,17.536,17.686,369788.0
2023-02-22,17.686,17.746,17.556,17.556,243146.0
2023-02-23,17.576,17.636,17.466,17.506,356057.0
2023-02-24,17.456,17.546,17.416,17.436,416001.0
2023-02-27,17.386,17.546,17.316,17.366,306550.0
2023-02-28,17.416,17.616,17.356,17.576,370092.0
2023-03-01,17.566,17.866,17.536,17.666,700934.0
2023-03-02,17.576,17.686,17.466,17.656,568608.0
2023-03-03,17.666,17.826,17.616,17.746,624296.0
2023-03-06,17.796,17.886,17.616,17.676,623274.0
2023-03-07,17.686,17.796,17.516,17.546,645875.0
2023-03-08,17.476,17.536,17.266,17.376,681850.0
2023-03-09,17.396,17.396,17.206,17.216,533235.0
2023-03-10,17.126,17.266,17.126,17.166,480711.0
2023-03-13,17.166,17.406,17.126,17.356,572819.0
2023-03-14,17.336,17.566,17.296,17.486,720887.0
2023-03-15,17.516,17.576,17.306,17.426,543041.0
2023-03-16,17.376,17.716,17.326,17.626,811402.0
2023-03-17,17.716,17.916,17.616,17.616,638241.0
2023-03-20,17.596,17.776,17.336,17.366,497956.0
2023-03-21,17.386,17.516,17.336,17.356,384452.0
2023-03-22,17.566,17.636,17.336,17.386,490534.0
2023-03-23,17.366,17.396,17.226,17.336,532133.0
2023-03-24,17.336,17.406,17.146,17.196,621818.0
2023-03-27,17.206,17.236,16.696,16.736,1232322.0
2023-03-28,16.796,16.796,16.436,16.596,1298541.0
2023-03-29,16.696,17.206,16.636,17.136,1762969.0
2023-03-30,17.066,17.676,17.066,17.636,1596219.0
2023-03-31,17.636,17.756,17.556,17.666,722900.0
2023-04-03,17.616,17.666,17.496,17.516,416840.0
2023-04-04,17.506,17.716,17.476,17.686,523570.0
2023-04-06,17.656,17.696,17.526,17.616,245027.0
2023-04-07,17.626,17.676,17.426,17.496,290180.0
2023-04-10,17.596,17.706,17.506,17.656,322785.0
2023-04-11,17.706,17.736,17.516,17.696,407302.0
2023-04-12,17.716,17.906,17.636,17.816,418299.0
2023-04-13,17.786,17.866,17.516,17.566,469739.0
2023-04-14,17.626,17.786,17.596,17.626,381914.0
2023-04-17,17.616,17.716,17.546,17.716,420521.0
2023-04-18,17.716,17.776,17.586,17.676,413559.0
2023-04-19,17.696,17.756,17.466,17.496,723769.0
2023-04-20,17.506,17.586,17.396,17.546,475779.0
2023-04-21,17.556,17.846,17.456,17.476,700335.0
2023-04-24,17.566,17.656,17.406,17.446,471080.0
2023-04-25,17.426,17.636,17.396,17.586,484189.0
2023-04-26,17.596,17.796,17.556,17.596,453451.0
2023-04-27,17.706,18.336,17.636,18.306,945612.0
2023-04-28,18.236,18.376,18.036,18.296,660156.0
2023-05-04,18.296,18.976,18.136,18.976,856300.0
2023-05-05,18.836,18.836,18.476,18.516,613817.0
2023-05-08,18.516,18.826,18.426,18.756,689704.0
2023-05-09,18.686,19.506,18.636,19.166,974938.0
2023-05-10,19.166,19.626,18.806,18.806,685452.0
2023-05-11,18.946,19.446,18.836,19.216,538423.0
2023-05-12,19.256,19.566,19.116,19.326,682035.0
2023-05-15,19.216,19.426,19.126,19.416,530323.0
2023-05-16,19.416,19.546,19.126,19.376,564170.0
2023-05-17,19.396,19.546,19.226,19.296,450117.0
2023-05-18,19.336,19.686,19.326,19.496,468708.0
2023-05-19,19.426,19.496,19.226,19.236,361886.0
2023-05-22,19.356,19.736,19.276,19.646,582943.0
2023-05-23,19.656,19.746,19.456,19.456,330978.0
2023-05-24,19.456,19.496,19.046,19.046,476768.0
2023-05-25,19.036,19.216,18.936,19.116,369270.0
2023-05-26,19.136,19.246,18.956,18.976,275607.0
2023-05-29,19.036,19.346,19.026,19.306,401644.0
2023-05-30,19.296,19.356,18.896,19.166,451087.0
2023-05-31,19.026,19.056,18.556,18.926,725719.0
2023-06-01,18.856,19.016,18.736,18.796,388154.0
2023-06-02,18.896,18.906,18.676,18.746,391962.0
2023-06-05,18.806,19.016,18.766,18.866,316185.0
2023-06-06,18.866,18.986,18.686,18.736,286430.0
2023-06-07,18.816,18.916,18.706,18.756,321938.0
2023-06-08,18.806,19.096,18.766,19.076,289757.0
2023-06-09,19.066,19.336,19.046,19.276,375421.0
2023-06-12,19.256,19.296,18.786,18.796,489731.0
2023-06-13,18.806,18.896,18.626,18.716,417253.0
2023-06-14,18.796,18.936,18.666,18.666,364016.0
2023-06-15,18.736,18.796,18.456,18.696,443243.0
2023-06-16,18.716,18.906,18.486,18.616,584770.0
2023-06-19,18.536,18.626,18.306,18.596,473139.0
2023-06-20,18.536,18.686,18.496,18.506,316147.0
2023-06-21,18.616,18.816,18.506,18.516,405526.0
2023-06-26,18.516,18.676,18.316,18.656,562346.0
2023-06-27,18.656,18.686,18.326,18.536,381324.0
2023-06-28,18.556,18.916,18.516,18.896,567813.0
2023-06-29,18.896,18.906,18.506,18.546,499003.0
2023-06-30,18.546,18.646,18.436,18.476,414027.0
2023-07-03,18.506,18.646,18.496,18.536,371267.0
2023-07-04,18.536,18.636,18.406,18.466,345040.0
2023-07-05,18.496,18.646,18.436,18.486,306868.0
2023-07-06,18.486,18.576,18.356,18.416,348556.0
2023-07-07,18.376,18.496,18.356,18.416,506868.0
2023-07-10,18.466,18.536,18.366,18.416,336732.0
2023-07-11,18.466,18.466,18.276,18.416,485493.0
2023-07-12,18.366,18.596,18.306,18.556,505246.0
2023-07-13,18.556,18.966,18.496,18.836,647382.0
2023-07-14,18.796,18.966,18.726,18.886,387170.0
2023-07-17,18.896,18.956,18.736,18.856,196929.0
2023-07-18,18.886,18.946,18.796,18.826,268521.0
2023-07-19,18.736,18.936,18.736,18.916,330672.0
2023-07-20,18.996,19.026,18.816,18.816,434410.0
2023-07-21,18.837,19.087,18.797,18.837,550371.0
2023-07-24,18.737,18.917,18.707,18.797,276959.0
2023-07-25,18.877,18.877,18.487,18.567,764038.0
2023-07-26,18.567,18.637,18.457,18.627,482596.0
2023-07-27,18.607,18.727,18.437,18.467,413652.0
2023-07-28,18.457,18.627,18.377,18.577,589361.0
2023-07-31,18.567,18.887,18.567,18.697,668330.0
2023-08-01,18.737,18.957,18.687,18.957,489135.0
2023-08-02,18.937,18.957,18.757,18.827,322539.0
2023-08-03,18.877,18.937,18.777,18.897,341634.0
2023-08-04,18.897,19.057,18.717,18.777,403813.0
2023-08-07,18.787,19.187,18.757,19.157,553821.0
2023-08-08,19.077,19.347,19.077,19.337,388447.0
2023-08-09,19.327,19.397,19.047,19.347,415777.0
2023-08-10,19.347,19.397,19.207,19.327,230600.0
2023-08-11,19.317,19.347,18.987,18.987,320195.0
2023-08-14,18.937,19.187,18.787,19.047,550766.0
2023-08-15,19.037,19.317,18.997,19.257,456951.0
2023-08-16,19.267,19.307,19.047,19.107,251788.0
2023-08-17,19.057,19.377,19.007,19.357,372770.0
2023-08-18,19.297,19.507,19.287,19.297,286027.0
2023-08-21,19.297,19.387,19.087,19.087,311022.0
2023-08-22,19.177,19.337,19.027,19.237,416034.0
2023-08-23,19.267,19.427,19.147,19.187,337487.0
2023-08-24,19.157,19.227,18.987,19.007,388035.0
2023-08-25,18.987,19.437,18.957,19.397,460902.0
2023-08-28,19.737,19.787,19.227,19.357,749760.0
2023-08-29,19.357,19.517,19.127,19.157,533862.0
2023-08-30,19.237,19.377,19.147,19.207,334007.0
2023-08-31,19.187,19.397,19.137,19.297,473136.0
2023-09-01,19.247,19.297,18.987,19.047,530416.0
2023-09-04,19.137,19.147,18.817,18.907,748233.0
2023-09-05,18.907,19.157,18.857,19.127,584108.0
2023-09-06,19.057,19.187,19.037,19.047,249716.0
2023-09-07,19.087,19.167,18.917,19.087,438933.0
2023-09-08,19.057,19.127,18.947,19.077,286679.0
2023-09-11,19.067,19.297,19.067,19.227,383446.0
2023-09-12,19.197,19.317,19.127,19.307,318434.0
2023-09-13,19.337,19.567,19.247,19.487,633341.0
2023-09-14,19.607,20.037,19.497,19.927,790228.0
2023-09-15,19.927,20.027,19.637,19.757,495418.0
2023-09-18,19.697,19.797,19.557,19.647,396915.0
2023-09-19,19.617,19.807,19.537,19.767,297395.0
2023-09-20,19.757,19.857,19.647,19.797,280077.0
2023-09-21,19.807,19.877,19.607,19.617,363655.0
2023-09-22,19.677,19.787,19.557,19.717,449178.0
2023-09-25,19.827,19.897,19.617,19.727,340861.0
2023-09-26,19.777,19.777,19.567,19.647,257166.0
2023-09-27,19.697,19.707,19.417,19.447,397997.0
2023-09-28,19.497,19.617,19.467,19.477,344074.0
2023-10-09,19.487,19.957,19.487,19.797,543934.0
2023-10-10,19.937,19.937,19.677,19.847,361180.0
2023-10-11,19.907,20.127,19.837,19.867,407657.0
2023-10-12,20.127,20.127,19.777,19.857,295306.0
2023-10-13,19.787,20.017,19.787,19.977,359194.0
2023-10-16,20.017,20.237,19.927,20.017,474980.0
2023-10-17,20.047,20.227,19.967,20.197,416973.0
2023-10-18,20.287,20.417,20.097,20.187,498013.0
2023-10-19,20.097,20.227,19.767,19.787,487666.0
2023-10-20,19.787,19.917,19.587,19.587,628851.0
2023-10-23,19.587,19.867,19.437,19.527,538436.0
2023-10-24,19.597,19.907,19.417,19.837,533077.0
2023-10-25,19.837,19.857,19.137,19.147,1005229.0
2023-10-26,19.087,19.587,19.057,19.567,666489.0
2023-10-27,19.557,19.707,19.447,19.477,548441.0
2023-10-30,19.497,19.817,19.477,19.687,728356.0
2023-10-31,19.617,19.887,19.507,19.807,637527.0
2023-11-01,19.817,19.977,19.637,19.897,590464.0
2023-11-02,20.007,20.087,19.867,19.997,434397.0
2023-11-03,19.997,20.207,19.907,19.947,547430.0
2023-11-06,19.977,20.007,19.417,19.477,1002466.0
2023-11-07,19.477,19.577,19.407,19.507,352991.0
2023-11-08,19.527,19.687,19.527,19.607,323137.0
2023-11-09,19.607,19.887,19.557,19.807,525440.0
2023-11-10,19.807,19.897,19.597,19.807,437302.0
2023-11-13,19.747,19.787,19.577,19.767,324293.0
2023-11-14,19.767,19.857,19.597,19.607,477469.0
2023-11-15,19.607,19.857,19.607,19.837,480396.0
2023-11-16,19.797,19.967,19.757,19.947,712630.0
2023-11-17,19.887,20.007,19.727,19.857,406686.0
2023-11-20,19.897,19.977,19.827,19.887,343586.0
2023-11-21,19.857,20.027,19.847,19.937,471898.0
2023-11-22,19.937,20.017,19.837,19.937,338047.0
2023-11-23,19.907,19.967,19.707,19.857,403904.0
2023-11-24,19.817,20.087,19.797,19.917,553934.0
2023-11-27,19.917,19.957,19.727,19.847,526889.0
2023-11-28,19.847,19.857,19.687,19.737,380658.0
2023-11-29,19.777,19.777,19.637,19.697,530491.0
2023-11-30,19.767,20.067,19.707,20.067,932514.0
2023-12-01,20.117,20.127,19.857,19.967,576681.0
2023-12-04,19.967,19.997,19.857,19.937,367360.0
2023-12-05,19.927,20.057,19.767,19.817,659551.0
2023-12-06,19.787,19.817,19.627,19.737,607310.0
2023-12-07,19.697,19.887,19.667,19.837,461342.0
2023-12-08,19.787,19.887,19.687,19.857,652141.0
2023-12-11,19.757,20.097,19.587,20.057,913256.0
2023-12-12,19.967,20.247,19.957,20.217,547464.0
2023-12-13,20.207,20.287,20.147,20.227,457810.0
2023-12-14,20.227,20.317,20.047,20.247,463824.0
2023-12-15,20.237,20.387,20.007,20.017,660779.0
2023-12-18,20.017,20.307,20.017,20.307,463203.0
2023-12-19,20.307,20.367,20.207,20.287,563288.0
2023-12-20,20.297,20.717,20.277,20.537,700385.0
2023-12-21,20.517,20.597,20.327,20.387,692877.0
2023-12-22,20.397,20.537,20.347,20.417,553688.0
2023-12-25,20.417,20.657,20.347,20.637,442480.0
2023-12-26,20.637,20.937,20.617,20.767,615197.0
2023-12-27,20.727,20.827,20.577,20.767,562785.0
2023-12-28,20.787,21.027,20.417,20.517,907283.0
2023-12-29,20.537,20.597,20.347,20.577,628469.0
2024-01-02,20.577,21.007,20.557,20.917,688803.0
2024-01-03,20.907,21.037,20.837,20.997,607525.0
2024-01-04,21.037,21.217,20.847,21.037,613423.0
2024-01-05,21.017,21.187,20.897,20.977,705631.0
2024-01-08,20.977,21.057,20.767,20.837,654394.0
2024-01-09,20.837,20.917,20.537,20.777,801505.0
2024-01-10,20.747,20.877,20.447,20.577,672430.0
2024-01-11,20.617,20.627,20.347,20.417,609199.0
2024-01-12,20.327,20.827,20.327,20.767,620056.0
2024-01-15,20.717,20.887,20.637,20.737,409877.0
2024-01-16,20.657,20.807,20.537,20.787,578343.0
2024-01-17,20.787,20.837,20.557,20.557,665091.0
2024-01-18,20.537,20.657,20.117,20.557,1227389.0
2024-01-19,20.537,20.757,20.357,20.737,944947.0
2024-01-22,20.397,20.717,20.307,20.467,1107906.0
2024-01-23,20.397,20.587,20.167,20.487,853064.0
2024-01-24,20.547,21.107,20.517,21.087,1086490.0
2024-01-25,21.097,21.337,20.947,21.177,828913.0
2024-01-26,21.087,21.427,21.047,21.367,713703.0
2024-01-29,21.327,21.737,21.297,21.507,694170.0
2024-01-30,21.497,21.597,21.247,21.337,797844.0
2024-01-31,21.317,21.697,21.267,21.637,885502.0
2024-02-01,21.537,21.677,21.387,21.387,660741.0
2024-02-02,21.457,21.757,21.387,21.517,1018175.0
2024-02-05,21.587,22.117,21.527,21.997,1149371.0
2024-02-06,21.937,22.497,21.817,21.957,1266030.0
2024-02-07,22.027,22.037,21.477,21.937,1356422.0
2024-02-08,21.847,21.977,21.637,21.877,874972.0
2024-02-19,21.817,22.527,21.737,22.437,872457.0
2024-02-20,22.417,22.957,22.347,22.777,686084.0
2024-02-21,22.757,22.937,22.627,22.627,798776.0
2024-02-22,22.737,22.917,22.597,22.787,666892.0
2024-02-23,22.737,22.977,22.557,22.927,610306.0
2024-02-26,22.727,22.777,22.167,22.187,805885.0
2024-02-27,22.147,22.277,22.057,22.167,546551.0
2024-02-28,22.057,22.677,21.827,22.537,1202233.0
2024-02-29,22.437,22.557,22.237,22.287,762287.0
2024-03-01,22.287,22.387,22.137,22.237,571129.0
2024-03-04,22.207,22.707,22.107,22.687,863299.0
2024-03-05,22.587,23.237,22.567,23.177,988443.0
2024-03-06,23.137,23.537,23.047,23.097,877754.0
2024-03-07,23.087,23.357,23.037,23.137,766939.0
2024-03-08,23.157,23.327,22.997,23.067,614489.0
2024-03-11,23.007,23.227,22.807,22.997,768872.0
2024-03-12,22.937,22.987,21.997,22.067,1590727.0
2024-03-13,22.067,22.167,21.747,22.127,1294034.0
2024-03-14,21.997,22.117,21.827,21.927,999132.0
2024-03-15,21.927,22.167,21.897,21.947,739470.0
2024-03-18,21.927,22.107,21.847,21.907,800083.0
2024-03-19,21.907,22.217,21.837,21.957,791305.0
2024-03-20,21.957,22.457,21.897,22.237,1046359.0
2024-03-21,22.287,22.337,22.157,22.177,668112.0
2024-03-22,22.167,22.327,22.007,22.247,774087.0
2024-03-25,22.327,22.337,22.177,22.217,674645.0
2024-03-26,22.237,22.257,21.937,22.077,768377.0
2024-03-27,22.027,22.257,22.007,22.067,726315.0
2024-03-28,22.097,22.257,21.887,22.087,815938.0
2024-03-29,22.067,22.217,22.057,22.167,593291.0
2024-04-01,22.187,22.227,21.907,21.967,878316.0
2024-04-02,21.957,22.077,21.787,21.877,928545.0
2024-04-03,21.837,21.857,21.497,21.677,1153081.0
2024-04-08,21.647,22.647,21.627,22.597,1796398.0
2024-04-09,22.437,22.607,22.227,22.387,1043433.0
2024-04-10,22.387,22.967,22.377,22.867,1123999.0
2024-04-11,22.817,22.897,22.507,22.847,689166.0
2024-04-12,22.787,22.877,22.587,22.657,627886.0
2024-04-15,22.667,23.167,22.657,23.127,785348.0
2024-04-16,23.047,23.397,22.917,23.167,834406.0
2024-04-17,23.087,23.337,22.767,23.217,817739.0
2024-04-18,23.157,23.427,23.037,23.187,848981.0
2024-04-19,23.137,23.327,22.967,23.237,774854.0
2024-04-22,23.167,23.427,23.047,23.097,641252.0
2024-04-23,23.077,23.287,22.837,23.007,575504.0
2024-04-24,23.137,23.177,22.907,23.007,563092.0
2024-04-25,22.987,23.087,22.797,22.917,428470.0
2024-04-26,22.847,23.097,22.787,22.807,690288.0
2024-04-29,22.807,22.897,22.537,22.717,776530.0
2024-04-30,22.637,23.257,22.597,23.027,882743.0
2024-05-06,23.027,23.027,22.667,22.707,1105890.0
2024-05-07,22.707,22.747,22.557,22.587,634828.0
2024-05-08,22.587,22.787,22.547,22.547,606272.0
2024-05-09,22.587,22.637,22.397,22.597,686815.0
2024-05-10,22.597,22.757,22.497,22.717,798088.0
2024-05-13,22.737,22.937,22.597,22.857,926474.0
2024-05-14,22.857,22.857,22.617,22.817,605062.0
2024-05-15,22.787,22.927,22.687,22.717,443842.0
2024-05-16,22.727,22.777,22.637,22.657,578414.0
2024-05-17,22.687,23.087,22.677,23.017,949507.0
2024-05-20,22.977,23.397,22.897,23.227,910148.0
2024-05-21,23.287,23.487,23.217,23.337,649325.0
2024-05-22,23.397,23.447,23.167,23.217,569502.0
2024-05-23,23.287,23.577,23.197,23.387,773126.0
2024-05-24,23.447,23.787,23.367,23.537,777151.0
2024-05-27,23.547,23.937,23.547,23.747,780009.0
2024-05-28,23.757,24.067,23.717,23.947,672593.0
2024-05-29,23.937,24.007,23.647,23.927,620520.0
2024-05-30,23.897,24.187,23.837,23.937,539805.0
2024-05-31,23.997,24.257,23.817,23.847,708189.0
2024-06-03,24.127,24.737,23.987,24.667,1148763.0
2024-06-04,24.667,24.937,24.537,24.717,792762.0
2024-06-05,24.777,25.317,24.727,25.197,887222.0
2024-06-06,25.137,25.617,24.997,25.267,1061203.0
2024-06-07,25.237,25.607,25.137,25.547,868116.0
2024-06-11,25.557,25.727,25.157,25.417,873338.0
2024-06-12,25.317,25.737,25.237,25.617,756242.0
2024-06-13,25.627,26.037,25.557,25.937,892827.0
2024-06-14,25.887,26.007,24.967,25.137,2426430.0
2024-06-17,24.987,25.297,24.827,25.127,1067303.0
2024-06-18,25.127,25.177,24.827,25.037,658936.0
2024-06-19,25.017,25.307,24.957,25.277,536591.0
2024-06-20,25.307,25.637,25.247,25.577,655689.0
2024-06-21,25.577,25.757,25.267,25.567,742965.0
2024-06-24,25.637,26.237,25.587,26.127,1069296.0
2024-06-25,26.107,26.157,25.537,25.887,880211.0
2024-06-26,25.927,26.107,25.617,25.887,514241.0
2024-06-27,25.837,26.187,25.817,26.057,665509.0
2024-06-28,26.057,26.267,25.817,26.157,723670.0
2024-07-01,26.157,26.887,26.157,26.717,723519.0
2024-07-02,26.707,26.797,26.477,26.717,582890.0
2024-07-03,26.647,26.757,26.237,26.537,732520.0
2024-07-04,26.457,26.787,26.437,26.627,661930.0
2024-07-05,26.807,26.807,26.087,26.557,1007631.0
2024-07-08,26.457,27.287,26.437,27.157,1008971.0
2024-07-09,27.147,27.567,27.047,27.547,857246.0
2024-07-10,27.517,27.657,27.107,27.337,765968.0
2024-07-11,27.367,27.437,26.937,27.427,747140.0
2024-07-12,27.397,27.537,27.037,27.117,681127.0
2024-07-15,27.027,27.737,26.897,27.667,787955.0
2024-07-16,27.737,28.107,27.487,28.037,689249.0
2024-07-17,27.987,28.187,27.797,28.037,740569.0
2024-07-18,27.987,28.677,27.957,28.597,999956.0
2024-07-19,28.557,28.777,28.337,28.637,1124175.0
2024-07-22,28.637,28.657,27.757,28.437,974276.0
2024-07-23,28.457,28.857,28.337,28.727,901448.0
2024-07-24,28.727,29.247,28.597,29.097,882811.0
2024-07-25,29.127,29.337,28.427,28.887,977369.0
2024-07-26,28.767,28.767,27.787,28.207,1149553.0
2024-07-29,28.017,28.457,27.567,28.257,751623.0
2024-07-30,28.227,28.517,27.937,28.167,606823.0
2024-07-31,28.107,28.127,27.537,27.917,944332.0
2024-08-01,27.707,28.397,27.657,28.177,684859.0
2024-08-02,28.057,28.377,27.857,28.297,577750.0
2024-08-05,28.147,28.257,27.907,27.957,631031.0
2024-08-06,27.957,28.147,27.357,27.517,936574.0
2024-08-07,27.427,28.107,27.427,27.807,676411.0
2024-08-08,27.807,28.067,27.677,27.837,467605.0
2024-08-09,27.767,27.847,27.427,27.597,596901.0
2024-08-12,27.617,27.767,27.177,27.237,510891.0
2024-08-13,27.337,27.437,27.117,27.317,461630.0
2024-08-14,27.347,27.907,27.087,27.607,678626.0
2024-08-15,27.597,28.027,27.457,27.857,598896.0
2024-08-16,27.877,27.937,27.587,27.677,509499.0
2024-08-19,27.647,27.917,27.627,27.787,427982.0
2024-08-20,27.817,27.897,27.487,27.707,461304.0
2024-08-21,27.717,27.847,27.287,27.807,471910.0
2024-08-22,27.757,28.357,27.747,28.297,779380.0
2024-08-23,28.327,28.377,27.857,27.967,546112.0
2024-08-26,27.967,28.107,27.537,27.877,496396.0
2024-08-27,27.817,27.957,27.637,27.857,350605.0
2024-08-28,27.847,28.157,27.757,27.877,496902.0
2024-08-29,27.897,27.927,27.317,27.417,676036.0
2024-08-30,27.307,27.637,26.767,27.437,898493.0
2024-09-02,27.087,27.867,27.077,27.767,733296.0
2024-09-03,27.707,27.847,27.107,27.167,667108.0
2024-09-04,27.167,27.397,26.967,27.207,401535.0
2024-09-05,27.217,27.337,26.977,27.177,374874.0
2024-09-06,27.157,27.537,27.127,27.157,400538.0
2024-09-09,27.287,27.487,27.117,27.407,633732.0
2024-09-10,27.367,27.547,27.007,27.207,580050.0
2024-09-11,27.207,27.207,25.707,25.857,1439497.0
2024-09-12,25.757,26.117,25.687,25.917,662191.0
2024-09-13,25.917,26.557,25.877,26.357,809732.0
2024-09-18,26.307,26.797,26.277,26.377,526236.0
2024-09-19,26.427,26.487,25.897,26.387,697997.0
2024-09-20,26.237,26.377,25.897,26.207,822952.0
2024-09-23,26.207,26.487,26.037,26.257,479050.0
2024-09-24,26.487,26.937,26.127,26.817,1064787.0
2024-09-25,26.977,27.697,26.887,26.987,1181762.0
2024-09-26,27.097,27.187,26.767,27.187,1143163.0
2024-09-27,27.287,27.287,26.117,27.047,1887037.0
2024-09-30,26.887,28.557,26.667,28.107,3960785.0
2024-10-08,30.067,30.337,26.937,27.277,4623565.0
2024-10-09,27.037,27.447,26.277,26.607,2669254.0
2024-10-10,26.657,27.887,26.647,27.237,2624284.0
2024-10-11,27.257,27.807,27.057,27.267,1425896.0
2024-10-14,27.277,27.607,27.157,27.407,1447014.0
2024-10-15,27.357,27.447,26.937,26.937,1171128.0
2024-10-16,26.857,27.377,26.667,26.767,1272300.0
2024-10-17,26.787,26.847,26.357,26.357,1120938.0
2024-10-18,26.377,26.727,26.087,26.487,1491816.0
2024-10-21,26.417,26.417,25.907,26.017,1396284.0
2024-10-22,26.017,26.417,25.887,26.137,1040632.0
2024-10-23,26.137,26.387,26.057,26.117,902801.0
2024-10-24,26.117,26.187,25.807,26.057,783862.0
2024-10-25,26.057,26.137,25.467,25.597,1507185.0
2024-10-28,25.597,25.597,25.217,25.597,1177849.0
2024-10-29,25.597,26.087,25.407,25.767,1311884.0
2024-10-30,25.777,25.947,25.507,25.767,1012599.0
2024-10-31,26.037,26.067,25.477,25.637,1219031.0
2024-11-01,25.567,26.057,25.447,26.037,1213608.0
2024-11-04,26.037,26.047,25.667,25.957,906010.0
2024-11-05,25.867,25.997,25.777,25.917,1309388.0
2024-11-06,25.887,25.957,25.517,25.557,1380887.0
2024-11-07,25.457,25.907,25.447,25.887,1330334.0
2024-11-08,25.897,26.017,25.587,25.677,1190235.0
2024-11-11,25.517,25.687,25.417,25.537,939962.0
2024-11-12,25.537,25.687,25.007,25.027,2017467.0
2024-11-13,24.937,25.547,24.837,25.447,1551882.0
2024-11-14,25.407,25.747,25.287,25.477,986466.0
2024-11-15,25.427,25.547,25.157,25.157,935809.0
2024-11-18,25.217,25.597,25.147,25.477,1190518.0
2024-11-19,25.457,25.557,25.227,25.427,956803.0
2024-11-20,25.427,25.807,25.267,25.677,998049.0
2024-11-21,25.617,25.757,25.597,25.727,678485.0
2024-11-22,25.727,25.837,25.317,25.317,971291.0
2024-11-25,25.447,25.647,25.087,25.187,1014088.0
2024-11-26,25.157,25.247,24.967,25.057,883064.0
2024-11-27,25.037,25.507,25.037,25.447,1024693.0
2024-11-28,25.427,25.537,25.227,25.487,691606.0
2024-11-29,25.497,25.757,25.357,25.377,1090264.0
2024-12-02,25.447,25.767,25.357,25.667,886299.0
2024-12-03,25.677,26.157,25.597,26.007,1343476.0
2024-12-04,26.007,26.587,25.867,26.507,1372257.0
2024-12-05,26.457,26.737,26.257,26.357,980354.0
2024-12-06,26.377,26.597,26.207,26.237,909354.0
2024-12-09,26.187,26.567,25.987,26.467,802873.0
2024-12-10,26.457,26.637,26.017,26.077,1678877.0
2024-12-11,26.157,26.277,26.027,26.227,636184.0
2024-12-12,26.207,26.537,26.187,26.457,778750.0
2024-12-13,26.497,26.937,26.397,26.777,1542858.0
2024-12-16,26.837,27.447,26.837,27.337,1434633.0
2024-12-17,27.387,27.607,27.247,27.327,1078044.0
2024-12-18,27.437,27.877,27.187,27.477,983966.0
2024-12-19,27.317,27.717,27.267,27.317,910616.0
2024-12-20,27.267,27.487,27.137,27.257,787252.0
2024-12-23,27.247,27.867,27.167,27.627,1086336.0
2024-12-24,27.527,27.907,27.417,27.867,927356.0
2024-12-25,27.877,27.987,27.727,27.847,685161.0
2024-12-26,27.847,27.887,27.347,27.377,898846.0
2024-12-27,27.357,27.687,27.227,27.667,854237.0
2024-12-30,27.667,27.887,27.397,27.467,778257.0
2024-12-31,27.457,27.827,27.417,27.607,965370.0
2025-01-02,27.567,27.787,27.137,27.257,1041220.0
2025-01-03,27.267,27.487,26.907,27.057,946323.0
2025-01-06,27.157,27.157,26.567,26.947,794674.0
2025-01-07,26.937,26.947,26.597,26.757,654960.0
2025-01-08,26.727,27.217,26.687,27.057,906309.0
2025-01-09,26.997,27.117,26.697,26.847,581771.0
2025-01-10,26.847,27.107,26.567,26.927,694910.0
2025-01-13,26.857,26.967,26.487,26.867,906278.0
2025-01-14,26.857,27.037,26.777,26.897,819857.0
2025-01-15,26.787,27.177,26.667,26.857,722793.0
2025-01-16,26.787,27.037,26.777,26.897,720602.0
2025-01-17,26.927,27.087,26.817,27.067,596372.0
2025-01-20,27.107,27.117,26.887,27.027,665424.0
2025-01-21,27.017,27.367,26.877,27.217,789413.0
2025-01-22,27.217,27.357,26.657,26.747,1073703.0
2025-01-23,26.777,26.867,26.337,26.557,1034684.0
2025-01-24,26.647,26.917,26.467,26.467,840006.0
2025-01-27,26.537,27.367,26.487,27.167,995244.0
2025-02-05,27.127,27.157,26.537,26.617,902861.0
2025-02-06,26.627,26.697,26.397,26.537,676097.0
2025-02-07,26.467,26.507,26.167,26.397,1091476.0
2025-02-10,26.317,26.427,26.167,26.177,969001.0
2025-02-11,26.247,26.247,25.967,26.167,901386.0
2025-02-12,26.117,26.297,26.037,26.257,714701.0
2025-02-13,26.187,26.497,26.097,26.437,940018.0
2025-02-14,26.437,26.767,26.317,26.477,928764.0
2025-02-17,26.327,26.437,25.887,26.437,1095807.0
2025-02-18,26.317,26.827,26.317,26.627,1083707.0
2025-02-19,26.527,26.677,26.297,26.337,832431.0
2025-02-20,26.267,26.387,26.127,26.307,696212.0
2025-02-21,26.307,26.307,25.977,26.067,1246882.0
2025-02-24,26.067,26.187,25.777,25.817,1294032.0
2025-02-25,25.847,25.917,25.467,25.597,973229.0
2025-02-26,25.567,25.967,25.537,25.897,889170.0
2025-02-27,25.907,25.987,25.577,25.787,991769.0
2025-02-28,25.747,26.007,25.617,25.647,1175018.0
2025-03-03,25.647,25.697,25.327,25.357,1127634.0
2025-03-04,25.357,25.467,25.247,25.417,647252.0
2025-03-05,25.407,25.867,25.277,25.747,946605.0
2025-03-06,25.677,25.747,25.417,25.487,980759.0
2025-03-07,25.477,25.637,25.397,25.527,683832.0
2025-03-10,25.537,25.547,25.297,25.367,883224.0
2025-03-11,25.307,25.557,25.297,25.457,910403.0
2025-03-12,25.427,25.457,25.277,25.387,785238.0
2025-03-13,25.367,25.617,25.357,25.517,874097.0
2025-03-14,25.557,25.817,25.497,25.717,1114140.0
2025-03-17,25.777,25.957,25.617,25.637,763522.0
2025-03-18,25.637,25.687,25.437,25.467,777193.0
2025-03-19,25.507,25.967,25.427,25.897,1318599.0
2025-03-20,25.967,26.027,25.807,25.907,601942.0
2025-03-21,25.937,26.027,25.637,25.667,741877.0
2025-03-24,25.687,26.067,25.637,25.967,991625.0
2025-03-25,25.977,26.267,25.827,26.197,772560.0
2025-03-26,26.197,26.257,25.877,26.097,690883.0
2025-03-27,26.017,26.127,25.887,26.037,572991.0
2025-03-28,26.027,26.167,25.907,26.117,572223.0
2025-03-31,26.187,26.377,26.017,26.077,904841.0
2025-04-01,26.117,26.207,25.927,26.167,579886.0
2025-04-02,26.167,26.227,25.977,26.097,553530.0
2025-04-03,25.977,26.707,25.977,26.667,1437982.0
2025-04-07,26.307,27.127,26.037,26.597,3258722.0
2025-04-08,26.527,27.447,26.267,27.317,2341190.0
2025-04-09,27.317,27.867,27.027,27.837,2198018.0
2025-04-10,27.727,27.757,27.117,27.437,1385625.0
2025-04-11,27.547,27.547,27.267,27.467,873321.0
2025-04-14,27.277,27.517,27.087,27.417,826375.0
2025-04-15,27.347,27.617,27.257,27.537,783080.0
2025-04-16,27.517,27.677,27.317,27.667,1007602.0
2025-04-17,27.567,27.587,27.267,27.477,840853.0
2025-04-18,27.367,27.867,27.327,27.847,881174.0
2025-04-21,27.767,27.967,27.567,27.577,565837.0
2025-04-22,27.587,28.087,27.497,27.597,768949.0
2025-04-23,27.547,27.647,27.347,27.467,616107.0
2025-04-24,27.467,27.817,27.427,27.727,569273.0
2025-04-25,27.747,27.997,27.567,27.787,544572.0
2025-04-28,27.787,28.187,27.677,27.987,723471.0
2025-04-29,27.987,28.037,27.617,27.727,723059.0
2025-04-30,27.817,27.837,27.587,27.767,553509.0
2025-05-06,27.917,27.917,27.397,27.447,830990.0
2025-05-07,27.547,27.647,27.327,27.617,808890.0
2025-05-08,27.547,27.747,27.487,27.577,469961.0
2025-05-09,27.567,28.037,27.547,27.817,732928.0
2025-05-12,27.727,27.957,27.577,27.807,572355.0
2025-05-13,27.687,28.007,27.627,28.007,616986.0
2025-05-14,27.997,28.367,27.937,28.347,747906.0
2025-05-15,28.327,28.627,28.267,28.617,715433.0
2025-05-16,28.567,28.767,28.227,28.367,637560.0
2025-05-19,28.367,28.847,28.367,28.737,561942.0
2025-05-20,28.747,29.207,28.747,28.947,605876.0
2025-05-21,29.007,29.217,28.967,29.067,535498.0
2025-05-22,29.067,29.317,28.827,29.297,537264.0
2025-05-23,29.257,29.327,28.657,28.757,854248.0
2025-05-26,28.667,28.827,28.387,28.607,626512.0
2025-05-27,28.567,28.857,28.487,28.527,567981.0
2025-05-28,28.537,28.817,28.467,28.797,537809.0
2025-05-29,28.747,28.817,28.377,28.557,669369.0
2025-05-30,28.587,28.757,28.467,28.467,644790.0
2025-06-03,28.547,28.617,28.117,28.417,783223.0
2025-06-04,28.407,28.427,28.117,28.157,595582.0
2025-06-05,28.157,28.207,27.917,28.067,551350.0
2025-06-06,28.067,28.287,28.017,28.257,546937.0
2025-06-09,28.197,28.357,28.117,28.247,680594.0
2025-06-10,28.247,28.557,28.227,28.297,663488.0
2025-06-11,28.267,28.547,28.247,28.447,576656.0
2025-06-12,28.427,28.597,28.287,28.457,631839.0
2025-06-13,28.457,28.927,28.447,28.887,1044234.0
2025-06-16,28.817,28.887,28.567,28.727,516554.0
2025-06-17,28.717,28.967,28.327,28.937,788986.0
2025-06-18,28.867,29.127,28.837,28.977,621721.0
2025-06-19,29.067,29.107,28.847,28.987,559306.0
2025-06-20,28.987,29.097,28.647,28.667,561603.0
2025-06-23,28.647,29.027,28.547,28.917,588009.0
2025-06-24,28.877,29.077,28.797,28.847,788400.0
2025-06-25,28.747,29.217,28.667,29.147,783707.0
2025-06-26,29.147,29.457,29.127,29.377,705649.0
2025-06-27,29.427,29.427,28.467,28.487,1474530.0
2025-06-30,28.497,28.687,28.367,28.407,755185.0
2025-07-01,28.467,28.787,28.417,28.637,594763.0
2025-07-02,28.667,28.747,28.487,28.517,571835.0
2025-07-03,28.527,28.547,28.117,28.357,936811.0
2025-07-04,28.327,28.557,28.277,28.427,679228.0
2025-07-07,28.507,28.547,28.337,28.527,508278.0
2025-07-08,28.537,28.537,28.177,28.187,1073286.0
2025-07-09,28.217,28.367,28.117,28.247,670383.0
2025-07-10,28.267,28.347,28.067,28.167,947643.0
2025-07-11,28.187,28.857,28.137,28.667,1642155.0
2025-07-14,28.687,29.057,28.667,28.877,771547.0
2025-07-15,28.877,28.947,28.617,28.747,562462.0
2025-07-16,28.867,28.927,28.597,28.607,386213.0
2025-07-17,28.587,28.667,28.387,28.427,614655.0
2025-07-18,28.54,28.6,28.35,28.5,601702.0
2025-07-21,28.7,28.86,28.42,28.51,778277.0
2025-07-22,28.46,28.51,28.28,28.36,943940.0
2025-07-23,28.41,28.45,28.17,28.18,1073549.0
2025-07-24,28.19,28.19,27.8,27.94,1668828.0
2025-07-25,27.86,27.98,27.75,27.75,1008791.0
2025-07-28,27.75,27.84,27.6,27.64,844451.0
2025-07-29,27.61,27.74,27.6,27.63,717720.0
2025-07-30,27.64,27.94,27.64,27.7,978280.0
2025-07-31,27.42,27.42,26.7,26.84,2579698.0
2025-08-01,26.79,27.05,26.68,26.99,981486.0
2025-08-04,26.9,27.17,26.8,27.14,823204.0
2025-08-05,27.14,27.18,26.96,27.1,787153.0
2025-08-06,27.09,27.12,26.87,26.97,1144935.0
2025-08-07,26.94,27.18,26.84,27.06,1051957.0
2025-08-08,27.06,27.08,26.86,26.86,824972.0
2025-08-11,26.86,26.88,26.51,26.69,1243551.0
2025-08-12,26.69,26.88,26.64,26.76,743184.0
2025-08-13,26.77,26.85,26.61,26.63,934257.0
2025-08-14,26.62,26.89,26.6,26.66,1017588.0
2025-08-15,26.71,26.78,26.6,26.63,1072302.0
2025-08-18,26.64,26.72,26.55,26.64,1147362.0
2025-08-19,26.65,26.78,26.61,26.63,1146024.0
2025-08-20,26.6,26.74,26.46,26.69,1022259.0
2025-08-21,26.69,26.95,26.66,26.85,1179348.0
2025-08-22,26.88,26.92,26.7,26.87,1032104.0
2025-08-25,27.04,27.55,27.03,27.35,2185666.0
2025-08-26,27.35,27.4,27.21,27.31,1130612.0
2025-08-27,27.25,27.3,26.93,26.96,1275324.0
2025-08-28,26.95,26.99,26.69,26.87,1092962.0
2025-08-29,26.9,27.16,26.85,27.09,1067298.0
2025-09-01,27.1,27.1,26.71,26.79,1246087.0
2025-09-02,26.7,27.29,26.7,27.21,1751446.0
2025-09-03,27.25,27.4,26.83,26.96,1271331.0
2025-09-04,26.94,27.3,26.71,27.23,1758481.0
2025-09-05,27.16,27.31,27.0,27.07,1069513.0
2025-09-08,27.02,27.22,27.0,27.15,900740.0
2025-09-09,27.16,27.2,26.96,27.01,761316.0
2025-09-10,27.01,27.09,26.9,27.01,598615.0
2025-09-11,27.0,27.11,26.92,27.0,1053967.0
2025-09-12,27.0,27.15,26.9,26.93,929728.0
2025-09-15,26.9,26.91,26.76,26.8,725657.0
2025-09-16,26.79,26.8,26.65,26.73,575129.0
2025-09-17,26.72,26.83,26.67,26.7,614927.0
2025-09-18,26.69,26.7,26.21,26.31,1448433.0
2025-09-19,26.32,26.35,26.12,26.2,734670.0
2025-09-22,26.1,26.25,26.02,26.12,696831.0
2025-09-23,26.12,26.39,26.03,26.32,872473.0
2025-09-24,26.28,26.53,26.24,26.25,874413.0
2025-09-25,26.21,26.33,26.08,26.29,634293.0
2025-09-26,26.3,26.55,26.24,26.47,794087.0
2025-09-29,26.43,26.5,26.19,26.3,927031.0
2025-09-30,26.35,26.36,26.21,26.25,618828.0
2025-10-09,26.21,26.7,26.15,26.68,1132499.0
2025-10-10,26.65,26.79,26.51,26.73,712605.0
2025-10-13,26.7,26.9,26.4,26.79,1174982.0
2025-10-14,26.74,27.01,26.55,26.99,1366699.0
2025-10-15,26.98,27.15,26.77,26.93,926323.0
2025-10-16,26.85,27.17,26.84,27.16,939735.0
2025-10-17,27.13,27.38,27.06,27.11,1147022.0
2025-10-20,27.12,27.15,26.75,27.05,914231.0
2025-10-21,27.0,27.1,26.85,26.91,801636.0
2025-10-22,26.89,27.08,26.85,27.04,619190.0
2025-10-23,27.04,27.27,27.04,27.23,785588.0
2025-10-24,27.21,27.29,27.08,27.19,770600.0
2025-10-27,27.14,27.56,27.02,27.3,1248426.0
2025-10-28,27.26,27.54,27.26,27.46,732636.0
2025-10-29,27.46,27.46,27.26,27.29,740543.0
2025-10-30,27.29,27.56,27.19,27.47,867174.0
2025-10-31,27.46,27.46,26.93,27.1,1184702.0
2025-11-03,27.11,27.35,27.11,27.31,613783.0
2025-11-04,27.31,27.69,27.28,27.6,1049429.0
2025-11-05,27.63,27.69,27.4,27.42,685791.0
2025-11-06,27.39,27.6,27.36,27.5,673928.0
2025-11-07,27.51,27.64,27.43,27.52,551418.0
2025-11-10,27.52,27.59,27.39,27.53,493345.0
2025-11-11,27.53,27.72,27.47,27.62,625176.0
2025-11-12,27.7,27.88,27.61,27.61,629705.0
2025-11-13,27.62,27.73,27.26,27.44,1012328.0
2025-11-14,27.44,27.71,27.34,27.34,747625.0
2025-11-17,27.37,27.43,27.03,27.16,725596.0
2025-11-18,27.16,27.34,27.08,27.15,590137.0
2025-11-19,27.15,27.33,27.11,27.23,481598.0
2025-11-20,27.18,27.32,27.05,27.14,576112.0
2025-11-21,27.17,27.27,27.07,27.16,919942.0
2025-11-24,27.18,27.2,26.92,27.19,971796.0
2025-11-25,27.19,27.2,26.83,27.03,929854.0
2025-11-26,27.03,27.12,26.9,26.94,662733.0
2025-11-27,26.93,27.14,26.78,27.09,768693.0
2025-11-28,27.01,27.07,26.95,26.98,590181.0
2025-12-01,27.05,27.15,26.99,27.07,582524.0
2025-12-02,27.03,27.27,27.02,27.26,748780.0
2025-12-03,27.25,27.36,27.21,27.27,445600.0
2025-12-04,27.3,27.32,27.17,27.24,379967.0
2025-12-05,27.24,27.24,27.02,27.07,544976.0
2025-12-08,27.07,27.1,26.86,26.87,754265.0
2025-12-09,26.93,27.04,26.9,26.97,512302.0
2025-12-10,26.93,27.07,26.85,26.89,585390.0
2025-12-11,26.92,26.94,26.75,26.86,695636.0
2025-12-12,26.85,27.05,26.81,27.04,898708.0
2025-12-15,26.99,27.15,26.96,27.04,539466.0
2025-12-16,27.06,27.08,26.82,26.97,679077.0
2025-12-17,26.93,27.0,26.84,26.92,592436.0
2025-12-18,26.92,27.09,26.89,27.08,464198.0
2025-12-19,27.03,27.08,26.82,26.85,799993.0
2025-12-22,26.84,26.86,26.5,26.54,1564034.0
2025-12-23,26.5,26.74,26.48,26.72,709451.0
2025-12-24,26.71,26.71,26.55,26.64,499943.0
2025-12-25,26.63,26.68,26.57,26.64,300806.0
2025-12-26,26.61,26.67,26.52,26.64,482593.0
2025-12-29,26.64,26.64,26.5,26.52,689033.0
2025-12-30,26.5,26.5,26.32,26.32,724247.0
2025-12-31,26.35,26.37,26.17,26.19,742930.0
2026-01-05,26.2,26.31,26.1,26.28,765691.0
2026-01-06,26.3,26.44,26.24,26.44,738437.0
2026-01-07,26.44,26.45,26.22,26.23,721702.0
2026-01-08,26.23,26.3,26.19,26.26,470573.0
2026-01-09,26.27,26.29,26.18,26.29,629035.0
2026-01-12,26.29,26.45,26.22,26.4,784356.0
2026-01-13,26.45,26.57,26.32,26.36,785385.0
2026-01-14,26.45,26.54,25.8,25.81,2927501.0
2026-01-15,25.98,26.01,25.77,25.82,1259274.0
2026-01-16,25.88,26.03,25.44,25.52,2388546.0
2026-01-19,25.61,25.92,25.6,25.8,1047218.0
2026-01-20,25.8,25.94,25.73,25.88,1050034.0
2026-01-21,25.89,25.9,25.55,25.58,1163282.0
2026-01-22,25.58,25.72,25.3,25.31,1807850.0
2026-01-23,25.36,25.42,24.96,25.0,2106915.0
2026-01-26,25.05,25.28,24.86,24.98,2028698.0
2026-01-27,24.98,25.14,24.86,24.93,1313815.0
2026-01-28,24.93,24.94,24.61,24.65,2326498.0
2026-01-29,24.65,25.2,24.38,25.03,2616230.0
2026-01-30,25.04,25.57,25.04,25.36,2238492.0
2026-02-02,25.49,25.55,25.09,25.14,1242257.0
2026-02-03,25.2,25.23,24.91,25.0,885438.0
2026-02-04,24.97,25.39,24.95,25.38,957052.0
2026-02-05,25.42,25.69,25.35,25.6,1032448.0
2026-02-06,25.6,25.77,25.38,25.52,725627.0
2026-02-09,25.53,25.57,25.28,25.46,678291.0
2026-02-10,25.46,25.6,25.37,25.57,559201.0
2026-02-11,25.58,25.59,25.41,25.48,533882.0
2026-02-12,25.48,25.51,25.26,25.33,737342.0
2026-02-13,25.34,25.39,25.16,25.21,715541.0
2026-02-24,25.34,25.37,25.19,25.26,730789.0
2026-02-25,25.29,25.41,25.16,25.18,956210.0
2026-02-26,25.19,25.3,25.14,25.25,619772.0
2026-02-27,25.26,25.39,25.23,25.25,919038.0
2026-03-02,25.33,25.86,25.33,25.78,1817729.0
2026-03-03,25.78,26.31,25.74,26.18,2145547.0
2026-03-04,26.01,26.4,25.73,26.3,1757354.0
2026-03-05,26.19,26.45,26.05,26.29,1329149.0
2026-03-06,26.27,26.36,26.19,26.35,878369.0
2026-03-09,26.37,26.84,26.3,26.41,2075028.0
2026-03-10,26.22,26.45,25.94,26.36,1192857.0
2026-03-11,26.36,26.52,26.16,26.51,897445.0
2026-03-12,26.53,26.71,26.37,26.71,1078962.0
2026-03-13,26.71,26.84,26.56,26.63,942776.0
2026-03-16,26.63,26.71,26.45,26.57,872038.0
2026-03-17,26.53,26.78,26.49,26.7,850289.0
2026-03-18,26.69,26.86,26.45,26.5,800290.0
2026-03-19,26.48,26.69,26.41,26.47,1015258.0
2026-03-20,26.47,26.6,26.23,26.39,845555.0
2026-03-23,26.28,26.47,25.87,25.95,1757271.0
2026-03-24,26.11,26.34,25.93,26.31,910767.0
2026-03-25,26.36,26.48,26.13,26.42,860545.0
2026-03-26,26.4,26.66,26.31,26.52,845014.0
2026-03-27,26.49,26.61,26.39,26.46,685517.0
2026-03-30,26.46,26.46,26.22,26.35,692781.0
2026-03-31,26.35,26.54,26.25,26.25,802589.0
2026-04-01,26.33,26.33,26.05,26.09,906082.0
2026-04-02,26.11,26.23,25.97,26.22,739849.0
2026-04-03,26.21,26.21,25.87,25.91,656277.0
2026-04-07,25.92,25.96,25.61,25.69,726272.0
2026-04-08,25.73,25.79,25.6,25.79,806200.0
2026-04-09,25.79,25.79,25.52,25.6,691285.0
2026-04-10,25.68,25.71,25.53,25.61,665589.0
2026-04-13,25.6,25.64,25.45,25.63,626264.0
2026-04-14,25.63,25.71,25.53,25.63,701166.0
2026-04-15,25.62,25.88,25.57,25.76,970566.0
2026-04-16,25.77,25.91,25.73,25.76,719586.0
2026-04-17,25.76,25.79,25.59,25.59,836067.0
2026-04-20,25.62,26.05,25.62,26.05,950418.0
2026-04-21,26.07,26.36,26.06,26.34,904432.0
2026-04-22,26.34,26.34,26.03,26.07,741609.0
2026-04-23,26.07,26.22,25.87,26.16,845908.0
2026-04-24,26.12,26.16,25.96,26.02,564464.0
2026-04-27,26.01,26.06,25.83,25.87,562599.0
2026-04-28,25.89,25.99,25.82,25.94,700608.0
2026-04-29,25.92,26.01,25.81,25.98,855961.0
2026-04-30,26.3,26.63,26.15,26.53,1914637.0
2026-05-06,26.55,26.55,26.25,26.41,1237750.0
2026-05-07,26.39,26.41,26.11,26.26,973283.0
2026-05-08,26.27,26.37,26.19,26.21,804423.0
2026-05-11,26.26,26.41,26.16,26.22,1030953.0
2026-05-12,26.22,26.38,26.12,26.25,1011762.0
2026-05-13,26.29,26.5,26.18,26.21,1396919.0
2026-05-14,26.19,26.29,26.06,26.15,1102942.0
2026-05-15,26.11,26.36,25.93,26.24,1187555.0
2026-05-18,26.25,26.39,26.02,26.1,915898.0
2026-05-19,26.1,26.56,25.98,26.46,1725646.0
2026-05-20,26.46,26.49,26.08,26.11,1284344.0
2026-05-21,26.07,26.18,25.84,25.87,1166100.0
2026-05-22,25.94,25.97,25.71,25.77,915888.0
2026-05-25,25.81,26.04,25.76,25.88,841544.0
2026-05-26,25.87,26.36,25.8,26.35,1626530.0
2026-05-27,26.27,26.54,26.22,26.45,1112715.0
2026-05-28,26.46,26.58,26.32,26.43,1146573.0
2026-05-29,26.41,26.97,26.29,26.96,2134371.0
2026-06-01,26.95,27.08,26.76,26.98,1392781.0
2026-06-02,27.03,27.36,26.83,27.17,1257574.0
2026-06-03,27.06,27.19,26.72,27.1,1143006.0
2026-06-04,27.04,27.17,26.82,26.93,874972.0
2026-06-05,26.93,27.31,26.72,26.82,1094136.0
2026-06-08,26.71,26.82,26.47,26.72,1180655.0
2026-06-09,26.72,26.91,26.6,26.84,882536.0
2026-06-10,26.81,27.03,26.64,26.9,887500.0
2026-06-11,26.9,27.16,26.81,27.1,991250.0
2026-06-12,26.98,27.5,26.88,27.49,1494245.0
2026-06-15,27.45,27.45,26.6,26.78,2076612.0
2026-06-16,26.62,26.66,26.35,26.4,1205993.0
2026-06-17,26.43,26.48,26.12,26.21,1034442.0
2026-06-18,26.14,26.19,25.86,25.87,1295945.0
2026-06-22,25.87,26.3,25.72,26.15,1497329.0
2026-06-23,26.14,26.46,26.07,26.08,1185655.0
2026-06-24,26.08,26.21,25.77,25.81,1134561.0
2026-06-25,25.71,25.79,25.41,25.43,1321876.0
2026-06-26,25.46,25.93,25.36,25.86,1282652.0
2026-06-29,25.76,26.11,25.47,26.05,1232579.0
2026-06-30,25.92,26.05,25.59,25.68,1022777.0
2026-07-01,25.65,25.93,25.57,25.85,909398.0
2026-07-02,26.0,26.3,25.76,26.16,1400553.0
2026-07-03,26.17,26.44,26.02,26.26,1028243.0
2026-07-06,26.12,26.41,25.99,26.4,924577.0
2026-07-07,26.4,26.67,26.26,26.62,1268220.0
2026-07-08,26.59,27.36,26.46,27.04,1648440.0
2026-07-09,26.91,27.06,26.74,26.98,1160399.0
2026-07-10,26.96,27.33,26.81,27.24,1470743.0
2026-07-13,27.14,27.69,27.01,27.63,2008092.0
2026-07-14,27.61,27.94,27.42,27.76,1592410.0
2026-07-15,27.61,27.98,27.46,27.89,1193609.0
2026-07-16,27.86,27.97,27.34,27.45,1461135.0
2026-07-17,27.61,28.19,27.35,27.99,2428601.0
2026-07-20,27.75,28.98,27.75,28.98,2292669.0
2026-07-21,29.0,29.54,28.51,28.73,2550056.0
2026-07-22,28.53,29.09,28.34,29.09,1682826.0
2026-07-23,29.09,29.17,28.66,28.94,1081553.0
2026-07-24,29.2,29.3,28.75,28.9,1021758.0
2026-07-27,29.15,29.15,28.3,28.35,1387193.0
2026-07-28,28.45,29.07,28.31,29.07,1613028.0
2026-07-29,29.5,29.57,28.7,28.93,1314441.0
2026-07-30,28.85,29.53,28.81,29.49,1930634.0
2026-07-31,28.99,29.09,28.47,29.09,1723395.0
2026-08-03,28.99,29.2,28.75,29.05,1018010.0
2026-08-04,28.89,29.02,28.18,28.3,1508985.0
2026-08-05,28.28,28.3,27.65,27.76,1620118.0
2026-08-06,27.77,27.83,27.57,27.75,1070927.0
2026-08-07,27.76,27.84,27.51,27.75,1034383.0
2026-08-10,27.68,28.21,27.57,28.05,1187473.0
2026-08-11,28.09,28.4,27.96,28.31,1091507.0
2026-08-12,28.21,28.3,27.96,28.02,688604.0
2026-08-13,27.9,28.24,27.8,28.24,766080.0
2026-08-14,28.11,28.21,27.93,28.1,735433.0
2026-08-17,28.08,28.15,27.91,27.96,753980.0
2026-08-18,27.92,28.15,27.91,28.12,715086.0
2026-08-19,28.24,28.43,28.07,28.42,1280362.0
2026-08-20,28.21,28.35,28.02,28.16,821624.0
2026-08-21,28.15,28.23,27.93,27.96,635147.0
2026-08-24,27.93,28.25,27.86,28.15,935573.0
2026-08-25,28.16,28.39,28.12,28.21,901486.0
2026-08-26,28.2,28.49,28.12,28.24,761063.0
2026-08-27,28.19,28.28,27.9,28.1,947754.0
2026-08-28,28.01,28.07,27.87,28.05,674544.0
2026-08-31,28.01,28.14,27.8,28.09,982067.0
2026-09-01,28.02,28.46,27.9,28.4,1240473.0
2026-09-02,28.49,28.85,28.35,28.72,1249553.0
2026-09-03,28.62,28.82,28.41,28.44,738115.0
2026-09-04,28.38,28.59,28.34,28.42,682603.0
2026-09-07,28.4,28.47,27.78,27.85,1597660.0
2026-09-08,27.84,27.89,27.63,27.87,918491.0
2026-09-09,27.81,28.07,27.7,28.05,700314.0
2026-09-10,28.05,28.18,27.93,28.09,615518.0
2026-09-11,28.1,28.57,27.95,28.45,1598357.0
2026-09-14,28.42,28.84,28.38,28.63,919719.0
2026-09-15,28.63,28.68,28.42,28.5,606981.0
2026-09-16,28.46,28.58,28.25,28.46,576656.0
2026-09-17,28.44,28.56,28.11,28.44,555496.0
