date,open,high,low,close,volume,amount,turn,pct_change,windcode
2020-01-01,12.29,13.19,12.28,13.0,77436790,2030589187,2.06,,601012.SH
2020-01-02,13.14,13.36,12.95,13.22,61357482,1650919134,1.63,1.692307692307704,601012.SH
2020-01-05,13.12,13.81,13.09,13.53,62040753,1716774125,1.65,2.344931921331317,601012.SH
2020-01-06,13.53,13.69,13.33,13.54,35161009,970942770,0.93,0.07390983000739038,601012.SH
2020-01-07,13.58,13.85,13.52,13.58,45767756,1276585641,1.21,0.2954209748892156,601012.SH
2020-01-08,13.75,14.26,13.75,14.19,52586913,1504748429,1.4,4.491899852724601,601012.SH
2020-01-09,14.14,14.21,13.8,14.01,48453979,1383970128,1.29,-1.2684989429175508,601012.SH
2020-01-12,14.17,14.26,13.88,14.13,43925238,1264199638,1.17,0.8565310492505418,601012.SH
2020-01-13,14.21,14.3,13.88,14.07,36617108,1048342533,0.97,-0.424628450106157,601012.SH
2020-01-14,13.99,14.14,13.72,14.06,33237615,946253757,0.88,-0.0710732054015617,601012.SH
2020-01-15,14.01,14.07,13.81,13.94,35239514,1001975857,0.94,-0.8534850640113834,601012.SH
2020-01-16,14.34,14.54,13.92,14.15,52845044,1530882523,1.4,1.5064562410330051,601012.SH
2020-01-19,14.13,14.26,13.94,14.21,30699627,884075524,0.81,0.4240282685512353,601012.SH
2020-01-20,14.3,14.65,14.22,14.54,46709551,1380874180,1.24,2.3223082336382816,601012.SH
2020-01-21,14.37,14.69,14.16,14.64,47105728,1386310033,1.25,0.687757909215958,601012.SH
2020-01-22,14.78,14.82,13.72,14.24,60602707,1785890009,1.61,-2.732240437158473,601012.SH
2020-02-02,12.82,14.07,12.82,13.72,85337161,2334242454,2.27,-3.6516853932584192,601012.SH
2020-02-03,13.86,14.75,13.67,14.65,77601507,2254140032,2.06,6.778425655976683,601012.SH
2020-02-04,14.65,14.92,14.29,14.61,66526487,1975177579,1.77,-0.27303754266212454,601012.SH
2020-02-05,14.48,14.9,14.26,14.9,58022498,1733124259,1.54,1.9849418206707714,601012.SH
2020-02-06,15.0,16.07,14.87,16.06,102674954,3277776358,2.73,7.785234899328852,601012.SH
2020-02-09,15.95,16.75,15.78,16.25,69744016,2322734947,1.85,1.1830635118306398,601012.SH
2020-02-10,16.08,16.71,15.94,16.08,46772745,1548348842,1.24,-1.0461538461538522,601012.SH
2020-02-11,16.96,17.35,16.09,16.43,93313740,3165396036,2.48,2.176616915422902,601012.SH
2020-02-12,16.96,16.96,15.44,16.06,97626699,3229380333,2.59,-2.251978088861839,601012.SH
2020-02-13,15.78,16.08,15.53,15.77,48510659,1566574500,1.29,-1.8057285180572813,601012.SH
2020-02-16,15.59,16.32,15.59,16.22,63068560,2061100961,1.67,2.853519340519961,601012.SH
2020-02-17,16.14,16.88,16.14,16.34,60683259,2038892440,1.61,0.7398273736128225,601012.SH
2020-02-18,16.23,16.48,15.93,16.0,53714062,1770748590,1.43,-2.0807833537331732,601012.SH
2020-02-19,16.08,16.42,15.76,16.3,54117017,1785369045,1.44,1.8750000000000044,601012.SH
2020-02-20,16.32,16.91,16.14,16.62,63833746,2163090556,1.69,1.9631901840490906,601012.SH
2020-02-23,16.91,17.06,16.33,16.66,60600105,2053881315,1.61,0.24067388688326918,601012.SH
2020-02-24,16.22,16.65,15.68,16.42,63592952,2115156381,1.69,-1.4405762304921854,601012.SH
2020-02-25,16.1,16.21,15.59,15.6,61217481,1981862862,1.62,-4.9939098660170655,601012.SH
2020-02-26,15.71,16.22,15.44,15.96,47378990,1530955562,1.26,2.3076923076923217,601012.SH
2020-02-27,15.41,15.65,14.86,15.05,51978801,1617010251,1.38,-5.701754385964907,601012.SH
2020-03-01,15.15,15.58,15.05,15.44,39261523,1232791205,1.04,2.591362126245844,601012.SH
2020-03-02,15.65,15.79,15.06,15.2,56608819,1785464569,1.5,-1.5544041450777257,601012.SH
2020-03-03,14.93,15.01,14.56,14.92,65017179,1957495372,1.73,-1.8421052631578894,601012.SH
2020-03-04,15.07,15.42,14.87,15.36,46030469,1428134476,1.22,2.9490616621983934,601012.SH
2020-03-05,15.18,15.25,14.91,15.05,35125362,1080285596,0.93,-2.018229166666663,601012.SH
2020-03-08,14.63,14.66,14.06,14.08,84462576,2464242547,2.24,-6.445182724252496,601012.SH
2020-03-09,13.77,14.44,13.67,14.37,50351478,1449724577,1.34,2.059659090909083,601012.SH
2020-03-10,14.45,15.23,14.45,14.58,70324023,2132225615,1.87,1.4613778705636848,601012.SH
2020-03-11,14.23,14.35,13.83,13.93,53165739,1521557260,1.41,-4.458161865569277,601012.SH
2020-03-12,13.17,13.9,12.99,13.72,69261228,1897069326,1.84,-1.5075376884422065,601012.SH
2020-03-15,13.73,13.77,12.35,12.35,101805905,2658159790,2.7,-9.985422740524786,601012.SH
2020-03-16,12.41,12.74,11.79,12.2,61204359,1521554496,1.62,-1.2145748987854255,601012.SH
2020-03-17,12.4,12.72,11.88,11.92,71981579,1811093144,1.91,-2.2950819672131084,601012.SH
2020-03-18,12.1,12.27,11.18,11.71,97959327,2311315097,2.6,-1.7617449664429463,601012.SH
2020-03-19,11.91,12.04,11.48,11.79,56516412,1356572788,1.5,0.6831767719897464,601012.SH
2020-03-22,11.22,11.3,10.83,10.92,56629076,1276976943,1.5,-7.379134860050884,601012.SH
2020-03-23,11.27,11.37,10.66,11.02,63987386,1432307906,1.7,0.9157509157509125,601012.SH
2020-03-24,11.54,12.01,11.47,11.72,81204680,1947163887,2.16,6.352087114337568,601012.SH
2020-03-25,11.62,11.88,11.38,11.57,65182718,1548287454,1.73,-1.2798634812286713,601012.SH
2020-03-26,11.82,12.4,11.59,11.88,74286356,1806859611,1.97,2.6793431287813307,601012.SH
2020-03-29,11.59,12.38,11.27,12.14,78783971,1900554399,2.09,2.188552188552184,601012.SH
2020-03-30,12.21,12.39,12.07,12.17,50978359,1270699548,1.35,0.24711696869850197,601012.SH
2020-03-31,12.09,12.78,12.09,12.42,66288536,1697274479,1.76,2.054231717337718,601012.SH
2020-04-01,12.42,12.72,12.35,12.72,45151396,1159569882,1.2,2.4154589371980784,601012.SH
2020-04-02,12.74,12.74,12.33,12.41,43756673,1112235614,1.16,-2.437106918238996,601012.SH
2020-04-06,12.72,12.82,12.5,12.63,51885867,1338746442,1.38,1.7727639000805873,601012.SH
2020-04-07,12.51,12.74,12.42,12.58,33300847,852599511,0.88,-0.39588281868567776,601012.SH
2020-04-08,12.49,12.62,12.24,12.3,45012336,1133252875,1.19,-2.225755166931631,601012.SH
2020-04-09,12.22,12.38,12.08,12.13,24360444,607222579,0.65,-1.382113821138209,601012.SH
2020-04-12,11.93,12.04,11.65,11.7,35099117,842194690,0.93,-3.544929925803808,601012.SH
2020-04-13,11.98,12.4,11.83,12.39,50083352,1248299198,1.33,5.897435897435899,601012.SH
2020-04-14,12.48,12.64,12.33,12.37,39181357,997834842,1.04,-0.16142050040356404,601012.SH
2020-04-15,12.25,12.96,12.2,12.89,45680942,1179203532,1.21,4.203718674211809,601012.SH
2020-04-16,13.73,14.17,13.66,14.17,163880733,4709383809,4.35,9.930178432893722,601012.SH
2020-04-19,13.84,13.84,13.24,13.67,113856451,3143693273,3.02,-3.5285815102328866,601012.SH
2020-04-20,13.48,13.6,13.19,13.58,58169544,1586502170,1.54,-0.6583760058522348,601012.SH
2020-04-21,13.3,13.9,13.3,13.8,48617148,1352864825,1.29,1.6200294550809957,601012.SH
2020-04-22,13.99,14.13,13.54,13.65,45624145,1278729349,1.21,-1.0869565217391353,601012.SH
2020-04-23,13.65,13.75,13.44,13.58,28566219,792425747,0.76,-0.512820512820511,601012.SH
2020-04-26,13.56,14.01,13.41,13.89,41385013,1165598198,1.1,2.2827687776141525,601012.SH
2020-04-27,13.97,14.7,13.59,14.61,67179327,1967967943,1.78,5.183585313174932,601012.SH
2020-04-28,14.54,14.8,14.37,14.69,43084490,1289273046,1.14,0.5475701574264136,601012.SH
2020-04-29,14.69,15.4,14.69,15.1,56997343,1765933023,1.51,2.791014295439065,601012.SH
2020-05-05,14.9,15.27,14.65,14.96,64755598,1969447728,1.72,-0.9271523178807861,601012.SH
2020-05-06,15.09,15.48,14.95,15.29,47272089,1472036271,1.25,2.2058823529411686,601012.SH
2020-05-07,15.37,15.49,15.19,15.29,30448994,952862041,0.81,0.0,601012.SH
2020-05-10,14.88,15.44,14.86,15.1,52947708,1635755438,1.41,-1.2426422498364897,601012.SH
2020-05-11,15.08,15.72,14.95,15.68,50416030,1588558289,1.34,3.8410596026489996,601012.SH
2020-05-12,15.62,15.76,15.37,15.7,29077362,923707877,0.77,0.12755102040815647,601012.SH
2020-05-13,15.57,15.58,14.94,14.96,49427234,1531466392,1.31,-4.713375796178331,601012.SH
2020-05-14,15.09,15.4,14.95,15.02,34894830,1077126523,0.93,0.40106951871656804,601012.SH
2020-05-17,15.18,16.1,15.06,15.56,61947608,1982394845,1.64,3.595206391478034,601012.SH
2020-05-18,15.84,16.32,15.82,15.89,46668636,1527923946,1.24,2.1208226221079762,601012.SH
2020-05-19,16.08,16.12,15.53,15.62,31260748,1005749636,0.83,-1.6991818753933408,601012.SH
2020-05-20,15.62,15.74,15.35,15.56,29600786,939994831,0.79,-0.3841229193341733,601012.SH
2020-05-21,15.47,15.6,14.99,15.18,34566749,1073731581,0.92,-2.4421593830334265,601012.SH
2020-05-24,15.09,15.3,14.88,15.22,23532306,725454956,0.62,0.26350461133071157,601012.SH
2020-05-25,15.3,15.51,15.01,15.42,40417920,1261776163,1.07,1.3140604467805517,601012.SH
2020-05-26,15.39,15.64,15.26,15.33,21710609,683296057,0.58,-0.5836575875486361,601012.SH
2020-05-27,15.35,15.52,14.77,15.12,25746705,791462948,0.68,-1.3698630136986356,601012.SH
2020-05-28,15.09,15.93,14.96,15.89,40203090,1282991573,1.07,5.092592592592604,601012.SH
2020-05-31,16.13,16.22,15.68,16.17,39878863,1303423328,1.06,1.7621145374449476,601012.SH
2020-06-01,16.02,16.12,15.65,15.71,33753656,1087101879,0.9,-2.844774273345707,601012.SH
2020-06-02,15.71,15.79,15.53,15.69,23873411,762095472,0.63,-0.12730744748569167,601012.SH
2020-06-03,15.65,15.75,15.35,15.46,22445693,705754133,0.6,-1.4659018483110131,601012.SH
2020-06-04,15.39,15.56,15.26,15.44,20946768,653170357,0.56,-0.1293661060802198,601012.SH
2020-06-07,15.39,15.99,15.39,15.73,41362803,1318684242,1.1,1.8782383419689186,601012.SH
2020-06-08,15.78,16.03,15.56,16.01,36796375,1186089249,0.98,1.7800381436745116,601012.SH
2020-06-09,15.93,15.96,15.42,15.74,33869836,1074055620,0.9,-1.6864459712679691,601012.SH
2020-06-10,15.74,16.92,15.65,16.54,71914195,2405483805,1.91,5.08259212198221,601012.SH
2020-06-11,16.25,16.45,16.07,16.44,49553252,1633053986,1.32,-0.6045949214026458,601012.SH
2020-06-14,16.26,16.31,15.97,16.18,35697652,1166321573,0.95,-1.5815085158150999,601012.SH
2020-06-15,16.28,16.64,16.19,16.28,25850300,858113480,0.69,0.6180469715698411,601012.SH
2020-06-16,16.57,16.63,16.12,16.4,26347026,872471586,0.7,0.7371007371007154,601012.SH
2020-06-17,16.28,16.55,16.03,16.4,20871652,690508644,0.55,0.0,601012.SH
2020-06-18,16.55,16.89,16.45,16.74,47561201,1613390239,1.26,2.073170731707319,601012.SH
2020-06-21,16.76,17.31,16.64,17.1,43400368,1504121491,1.15,2.1505376344086224,601012.SH
2020-06-22,17.1,17.88,16.94,17.76,59912485,2140768095,1.59,3.8596491228070073,601012.SH
2020-06-23,17.95,18.74,17.93,18.74,65370858,2451092268,1.74,5.518018018017989,601012.SH
2020-06-28,19.24,20.24,19.24,19.88,85395112,3448248770,2.27,6.083244397011733,601012.SH
2020-06-29,20.18,20.29,19.49,20.09,44472742,1798968926,1.18,1.0563380281690238,601012.SH
2020-06-30,20.33,20.67,19.95,20.53,40674124,1676870124,1.08,2.1901443504231066,601012.SH
2020-07-01,20.51,21.11,20.02,20.19,60707545,2522995827,1.61,-1.6561130053580064,601012.SH
2020-07-02,20.02,21.0,20.02,20.57,49020189,2027133525,1.3,1.8821198613174772,601012.SH
2020-07-05,20.93,22.37,20.91,21.93,58376356,2574875351,1.55,6.6115702479338845,601012.SH
2020-07-06,22.07,23.01,21.56,21.8,74392143,3363136672,1.97,-0.5927952576379347,601012.SH
2020-07-07,21.87,22.78,21.85,22.75,56115460,2556978757,1.49,4.357798165137616,601012.SH
2020-07-08,22.74,23.34,22.57,22.86,56600375,2642634205,1.5,0.48351648351647736,601012.SH
2020-07-09,22.49,23.19,22.42,22.79,41983226,1936221969,1.11,-0.30621172353455517,601012.SH
2020-07-12,22.74,23.7,22.66,23.48,51366511,2427848842,1.36,3.0276437033786907,601012.SH
2020-07-13,23.48,24.55,23.33,24.11,57114984,2778240593,1.52,2.683134582623503,601012.SH
2020-07-14,24.46,25.09,23.87,24.0,76336324,3802311167,2.03,-0.45624222314392116,601012.SH
2020-07-15,24.22,24.51,22.54,22.59,80832505,3838065965,2.15,-5.8749999999999964,601012.SH
2020-07-16,22.3,23.53,22.0,22.82,51204079,2374205609,1.36,1.0181496237273047,601012.SH
2020-07-19,23.48,23.96,23.06,23.54,52576431,2503420063,1.4,3.1551270815074473,601012.SH
2020-07-20,23.77,24.64,23.61,24.02,74604070,3648731684,1.98,2.039082412914195,601012.SH
2020-07-21,23.97,24.24,23.56,23.63,65466656,3165397660,1.74,-1.6236469608659432,601012.SH
2020-07-22,23.83,26.0,23.83,26.0,99643581,5179381471,2.64,10.029623360135421,601012.SH
2020-07-23,26.14,27.01,24.92,25.25,102831257,5393239943,2.73,-2.8846153846153855,601012.SH
2020-07-26,26.27,27.24,25.98,26.53,89155050,4806268961,2.37,5.069306930693074,601012.SH
2020-07-27,26.53,26.67,25.49,26.17,57000117,3007849470,1.51,-1.356954391255183,601012.SH
2020-07-28,26.53,27.43,25.7,26.87,71878462,3907025480,1.91,2.6748184944592968,601012.SH
2020-07-29,27.06,28.42,26.39,28.27,86699418,4796791149,2.3,5.2102716784518055,601012.SH
2020-07-30,27.62,28.59,27.15,28.01,68442942,3877601578,1.82,-0.9197028652281447,601012.SH
2020-08-02,28.7,29.54,28.32,28.46,57750056,3378813794,1.53,1.6065690824705436,601012.SH
2020-08-03,28.48,29.07,28.08,28.86,40062756,2319835238,1.06,1.4054813773717534,601012.SH
2020-08-04,28.78,28.85,27.41,28.57,50881229,2902694584,1.35,-1.004851004851004,601012.SH
2020-08-05,28.36,28.5,27.05,27.37,59463074,3319178077,1.58,-4.200210010500527,601012.SH
2020-08-06,27.38,29.27,27.38,28.7,75329908,4334283312,2.0,4.859335038363155,601012.SH
2020-08-09,28.61,29.65,28.1,28.94,57354877,3366979977,1.52,0.836236933797907,601012.SH
2020-08-10,29.1,29.52,27.86,28.11,45890328,2672887742,1.22,-2.8680027643400163,601012.SH
2020-08-11,28.11,28.11,26.64,27.3,61238800,3370903462,1.63,-2.8815368196371316,601012.SH
2020-08-12,27.87,28.16,27.31,27.66,34516941,1947171915,0.92,1.318681318681314,601012.SH
2020-08-13,27.35,27.97,26.99,27.79,30324163,1692248312,0.8,0.4699927693420092,601012.SH
2020-08-16,27.53,28.06,27.28,27.63,45407556,2538416102,1.21,-0.5757466714645609,601012.SH
2020-08-17,27.63,28.75,27.46,28.01,46343112,2635906585,1.23,1.3753166847629394,601012.SH
2020-08-18,28.21,28.26,26.41,26.41,55876056,3073200641,1.48,-5.712245626561952,601012.SH
2020-08-19,26.4,26.92,25.3,25.36,61102510,3200701875,1.62,-3.9757667550170406,601012.SH
2020-08-20,26.12,27.14,26.04,26.63,60506949,3265198173,1.61,5.0078864353312325,601012.SH
2020-08-23,27.13,28.97,26.97,28.75,79627428,4512003896,2.11,7.960946301164107,601012.SH
2020-08-24,28.78,29.41,28.46,29.03,43211817,2538451376,1.15,0.9739130434782695,601012.SH
2020-08-25,28.7,29.19,27.82,28.41,42308238,2431459160,1.12,-2.1357216672407864,601012.SH
2020-08-26,28.57,30.01,28.47,29.89,58543845,3495231087,1.55,5.209433298134458,601012.SH
2020-08-27,31.07,31.39,29.35,31.05,79273838,4902063645,2.1,3.8808966209434637,601012.SH
2020-08-30,31.07,32.39,30.73,31.21,54617444,3497798248,1.45,0.5152979066022523,601012.SH
2020-08-31,31.22,33.18,31.17,33.18,53459193,3516669709,1.42,6.312079461710995,601012.SH
2020-09-01,33.54,33.78,32.55,33.54,43136276,2904928284,1.14,1.0849909584086825,601012.SH
2020-09-02,33.51,33.64,32.43,32.77,42413895,2836005738,1.13,-2.295766249254605,601012.SH
2020-09-03,32.06,33.21,31.51,32.75,47279377,3102108064,1.25,-0.061031431187075214,601012.SH
2020-09-06,32.55,33.05,30.53,30.84,49496517,3168745443,1.31,-5.832061068702288,601012.SH
2020-09-07,30.77,32.2,30.33,31.32,47463816,3010739852,1.26,1.5564202334630295,601012.SH
2020-09-08,30.49,31.38,29.45,31.0,52900839,3271746854,1.4,-1.0217113665389577,601012.SH
2020-09-09,31.36,32.28,30.94,31.52,40354402,2592634614,1.07,1.6774193548387162,601012.SH
2020-09-10,31.94,34.57,31.64,34.44,77920876,5251141043,2.07,9.26395939086293,601012.SH
2020-09-13,35.36,36.76,35.17,35.92,86200846,6290525693,2.29,4.297328687572599,601012.SH
2020-09-14,35.46,36.0,34.94,35.5,42446810,3052536080,1.13,-1.1692650334075738,601012.SH
2020-09-15,36.0,37.58,35.44,36.1,65407809,4830262422,1.74,1.6901408450704203,601012.SH
2020-09-16,35.57,37.23,35.31,36.74,51534654,3803223152,1.37,1.7728531855955687,601012.SH
2020-09-17,36.6,36.85,35.07,35.54,65174259,4723911392,1.73,-3.2661948829613596,601012.SH
2020-09-20,35.98,36.33,34.53,35.11,49963183,3561680672,1.33,-1.2099043331457504,601012.SH
2020-09-21,35.02,35.22,34.2,34.52,37383857,2633542173,0.99,-1.6804329250925565,601012.SH
2020-09-22,35.07,37.97,34.48,37.97,80867791,5948487931,2.15,9.994206257242165,601012.SH
2020-09-23,37.43,37.68,34.33,34.37,95777268,6915747939,2.54,-9.48116934421912,601012.SH
2020-09-24,35.0,36.01,33.91,35.08,54074175,3854105389,1.44,2.065755018911841,601012.SH
2020-09-27,35.85,37.48,35.59,36.5,60007877,4447064454,1.59,4.047890535917897,601012.SH
2020-09-28,37.04,37.43,36.16,37.04,41029327,3072972383,1.09,1.4794520547945167,601012.SH
2020-09-29,36.77,37.83,36.77,37.0,38860738,2941760171,1.03,-0.10799136069113979,601012.SH
2020-10-08,39.59,40.69,39.01,40.44,88436151,7207571769,2.35,9.297297297297291,601012.SH
2020-10-11,40.85,40.99,39.7,40.8,58941421,4832335519,1.56,0.8902077151335286,601012.SH
2020-10-12,40.34,41.07,39.22,40.78,44670525,3643901933,1.19,-0.04901960784312598,601012.SH
2020-10-13,39.4,40.3,38.72,39.37,73658391,5894438409,1.96,-3.4575772437469454,601012.SH
2020-10-14,39.93,39.95,37.0,38.42,63841823,4945880069,1.69,-2.413004826009646,601012.SH
2020-10-15,38.33,38.75,37.42,37.64,43035664,3299249611,1.14,-2.0301926080166566,601012.SH
2020-10-18,37.72,37.87,34.78,35.26,103473845,7500260185,2.75,-6.3230605738576084,601012.SH
2020-10-19,35.38,36.24,35.07,36.05,56971335,4117928678,1.51,2.240499149177544,601012.SH
2020-10-20,36.49,36.67,34.87,35.51,48945237,3523062752,1.3,-1.4979195561719783,601012.SH
2020-10-21,35.34,35.34,34.05,34.77,50866651,3587022989,1.35,-2.0839200225288512,601012.SH
2020-10-22,35.07,35.58,33.29,33.51,56928956,3957170732,1.51,-3.6238136324417747,601012.SH
2020-10-25,33.13,35.25,32.49,34.77,73202207,5056808782,1.94,3.760071620411831,601012.SH
2020-10-26,34.47,35.41,33.96,35.28,47079397,3304922269,1.25,1.4667817083692691,601012.SH
2020-10-27,34.62,36.08,34.62,35.68,53443834,3836261223,1.42,1.1337868480725488,601012.SH
2020-10-28,35.11,37.21,34.86,36.69,54386853,3990578693,1.44,2.830717488789225,601012.SH
2020-10-29,37.08,37.98,36.28,37.58,63250613,4754890095,1.68,2.4257290814935883,601012.SH
2020-11-01,34.87,37.42,34.68,36.46,90118712,6636313517,2.39,-2.9803086748270258,601012.SH
2020-11-02,36.64,36.85,34.63,35.09,71766587,5124332771,1.9,-3.7575425123422823,601012.SH
2020-11-03,35.09,35.52,33.61,34.52,77300522,5404993892,2.05,-1.6243944143630618,601012.SH
2020-11-04,35.61,36.7,35.51,36.59,84966622,6201404471,2.26,5.996523754345318,601012.SH
2020-11-05,37.34,37.68,34.88,35.27,73194101,5297353038,1.94,-3.6075430445476897,601012.SH
2020-11-08,35.33,36.7,34.53,35.69,73381973,5301783737,1.95,1.1908137227105042,601012.SH
2020-11-09,35.8,37.63,34.78,36.99,73447787,5421538281,1.95,3.6424768842813204,601012.SH
2020-11-10,36.59,38.03,36.1,36.1,63712003,4769818203,1.69,-2.406055690727227,601012.SH
2020-11-11,36.89,36.99,34.52,34.64,87708343,6214710308,2.33,-4.044321329639889,601012.SH
2020-11-12,34.65,34.71,31.68,32.92,142207143,9493407770,3.77,-4.965357967667439,601012.SH
2020-11-15,32.98,33.55,31.7,33.07,65126385,4302979129,1.73,0.45565006075334313,601012.SH
2020-11-16,33.09,33.28,31.9,32.24,51018579,3327658456,1.35,-2.5098276383428986,601012.SH
2020-11-17,32.09,32.35,30.66,31.03,88250937,5581719641,2.34,-3.753101736972708,601012.SH
2020-11-18,31.2,32.14,30.82,32.06,58694643,3767211834,1.56,3.3193683532065865,601012.SH
2020-11-19,32.58,33.27,32.09,33.08,51715043,3432420863,1.37,3.181534622582638,601012.SH
2020-11-22,33.42,33.83,32.53,33.48,56823514,3828114753,1.51,1.2091898428053138,601012.SH
2020-11-23,33.45,33.45,32.48,33.07,36699801,2449920986,0.97,-1.2246117084826702,601012.SH
2020-11-24,33.16,33.9,32.73,33.02,35177193,2364771490,0.93,-0.1511944360447437,601012.SH
2020-11-25,32.84,33.43,32.19,33.37,38172903,2534575011,1.01,1.0599636583888294,601012.SH
2020-11-26,33.32,34.57,33.03,34.37,55950524,3836510118,1.48,2.9967036260113877,601012.SH
2020-11-29,34.13,34.39,33.53,33.97,41714973,2867889792,1.11,-1.163805644457372,601012.SH
2020-11-30,34.1,34.86,33.9,34.58,43953172,3070193657,1.17,1.7957020900794873,601012.SH
2020-12-01,34.86,35.26,34.06,34.48,33306008,2332341272,0.88,-0.28918449971081506,601012.SH
2020-12-02,34.62,34.78,34.13,34.33,24134177,1679295066,0.64,-0.4350348027842177,601012.SH
2020-12-03,34.34,34.45,33.43,34.24,37177216,2544614028,0.99,-0.26216137489075697,601012.SH
2020-12-06,34.51,35.73,34.22,35.47,55302553,3928961600,1.47,3.5922897196261516,601012.SH
2020-12-07,35.61,36.34,35.36,35.87,44874562,3258636603,1.19,1.127713560755561,601012.SH
2020-12-08,35.89,36.64,35.65,36.28,45477908,3342658303,1.21,1.1430164482854943,601012.SH
2020-12-09,36.1,37.21,35.48,36.64,57686786,4269499816,1.53,0.9922822491730932,601012.SH
2020-12-10,37.09,37.13,35.62,36.0,52176438,3837048788,1.38,-1.7467248908296984,601012.SH
2020-12-13,36.59,38.32,36.25,37.47,64812554,4883935396,1.72,4.083333333333328,601012.SH
2020-12-14,37.47,37.86,36.67,37.74,49690071,3739938366,1.32,0.7205764611689425,601012.SH
2020-12-15,38.57,38.57,37.32,37.58,43394743,3316647407,1.15,-0.4239533651298477,601012.SH
2020-12-16,37.22,37.32,36.1,37.0,45660247,3392596236,1.21,-1.543374135178277,601012.SH
2020-12-17,36.97,38.47,36.81,38.4,49301851,3794209833,1.31,3.7837837837837895,601012.SH
2020-12-20,41.54,42.24,40.56,42.24,104851998,8877337592,2.78,10.000000000000009,601012.SH
2020-12-21,42.78,44.97,42.53,43.47,124489504,11025683393,3.3,2.911931818181812,601012.SH
2020-12-22,44.45,46.26,44.06,45.59,93249498,8516037881,2.47,4.8769266160570535,601012.SH
2020-12-23,44.99,45.68,44.24,44.8,59467376,5390501948,1.58,-1.7328361482781496,601012.SH
2020-12-24,45.25,46.45,44.61,46.21,77859333,7164351204,2.06,3.147321428571437,601012.SH
2020-12-27,46.22,46.83,44.9,45.57,63356777,5841807809,1.68,-1.3849816057130537,601012.SH
2020-12-28,45.69,45.69,43.32,43.72,87111987,7765578092,2.31,-4.059688391485627,601012.SH
2020-12-29,44.51,45.65,43.78,44.87,75832989,6900215129,2.01,2.630375114364125,601012.SH
2020-12-30,45.4,46.35,44.08,45.59,85197903,7816656715,2.26,1.6046356139959972,601012.SH
2021-01-03,45.59,50.15,45.59,49.5,113225943,11107838801,3.0,8.576442202237322,601012.SH
2021-01-04,48.96,52.85,48.41,51.86,99197922,10227506681,2.63,4.767676767676776,601012.SH
2021-01-05,51.88,53.56,51.21,52.91,86244761,9133467682,2.29,2.024681835711517,601012.SH
2021-01-06,54.19,56.76,53.16,56.15,98898721,10989799382,2.62,6.123606123606118,601012.SH
2021-01-07,57.36,57.86,52.88,54.6,126620017,14076783500,3.36,-2.7604630454140633,601012.SH
2021-01-10,54.79,54.79,51.81,52.49,98528650,10531442591,2.61,-3.864468864468862,601012.SH
2021-01-11,52.25,54.7,51.87,54.37,85405608,9233938404,2.26,3.581634597066108,601012.SH
2021-01-12,54.46,56.56,52.74,53.5,87997639,9710763814,2.33,-1.6001471399668898,601012.SH
2021-01-13,52.42,52.48,49.45,49.94,120997501,12378368035,3.21,-6.654205607476637,601012.SH
2021-01-14,49.4,51.11,48.72,50.61,79002625,7994646885,2.09,1.3416099319182972,601012.SH
2021-01-17,49.45,51.58,49.14,51.02,71245294,7286087238,1.89,0.8101165777514296,601012.SH
2021-01-18,52.17,52.85,49.99,50.69,61573611,6385967870,1.63,-0.6468051744414116,601012.SH
2021-01-19,51.08,53.6,50.34,53.56,73991177,7813323733,1.96,5.661866245807867,601012.SH
2021-01-20,54.28,57.2,53.16,56.39,95405837,10625267305,2.53,5.283793876026888,601012.SH
2021-01-21,56.4,60.29,56.4,59.19,88839728,10499090030,2.36,4.965419400602933,601012.SH
2021-01-24,59.61,61.82,56.23,57.75,115561885,13953031411,3.06,-2.4328433857070397,601012.SH
2021-01-25,57.36,57.71,55.5,56.41,71769132,8207925448,1.9,-2.3203463203463226,601012.SH
2021-01-26,56.13,60.83,55.29,60.83,98860511,11587186543,2.62,7.835490161318925,601012.SH
2021-01-27,58.43,59.38,55.82,56.0,92057688,10692473802,2.44,-7.940161104718069,601012.SH
2021-01-28,55.88,55.88,51.29,53.19,137375758,14790282560,3.64,-5.017857142857151,601012.SH
2021-01-31,52.42,53.63,51.32,52.87,75254208,7970232996,2.0,-0.6016168452716686,601012.SH
2021-02-01,53.56,55.16,51.96,53.91,71491418,7762243270,1.9,1.9670890864384338,601012.SH
2021-02-02,54.79,56.33,53.12,53.81,78981935,8716825126,2.09,-0.18549434242254303,601012.SH
2021-02-03,52.91,55.79,52.65,54.76,72816416,8021496018,1.93,1.7654711020256286,601012.SH
2021-02-04,55.93,58.66,55.88,56.68,100245606,11604988852,2.66,3.506208911614328,601012.SH
2021-02-07,56.68,56.68,52.57,55.49,83632954,9227796642,2.22,-2.099505998588569,601012.SH
2021-02-08,55.88,58.29,55.64,58.06,81408616,9467527910,2.16,4.631465128852041,601012.SH
2021-02-09,59.34,60.92,58.11,60.32,80983414,9813001061,2.15,3.8925249741646573,601012.SH
2021-02-17,61.51,62.15,59.35,60.48,77889570,9556334113,2.07,0.2652519893899141,601012.SH
2021-02-18,59.23,59.69,56.23,57.86,77777512,9080595691,2.06,-4.332010582010581,601012.SH
2021-02-21,56.87,59.05,53.66,53.84,88753703,10113635301,2.35,-6.947805046664357,601012.SH
2021-02-22,52.42,56.15,51.68,55.03,65535311,7225816019,1.74,2.210252600297169,601012.SH
2021-02-23,54.39,55.18,49.95,51.43,100515122,10619546981,2.66,-6.541886243866979,601012.SH
2021-02-24,52.91,52.97,51.04,51.43,60249722,6342391915,1.6,0.0,601012.SH
2021-02-25,49.45,52.66,48.96,51.66,76398925,7876848195,2.03,0.44720979972778796,601012.SH
2021-02-28,53.16,54.94,52.42,54.11,70236332,7666880794,1.86,4.742547425474264,601012.SH
2021-03-01,54.88,56.13,52.93,54.39,66514729,7372388197,1.76,0.5174644243208348,601012.SH
2021-03-02,53.99,54.02,52.0,53.41,58829844,6283668160,1.56,-1.8018018018018056,601012.SH
2021-03-03,51.68,51.92,48.35,48.51,112907315,11368577224,2.99,-9.174311926605505,601012.SH
2021-03-04,46.51,49.84,45.75,49.18,74392217,7246979183,1.97,1.3811585240156798,601012.SH
2021-03-07,49.45,49.69,44.26,44.26,117406692,10921840485,3.11,-10.004066693777958,601012.SH
2021-03-08,42.93,44.25,40.66,41.54,128754205,11022831928,3.41,-6.145503840939903,601012.SH
2021-03-09,43.52,43.91,41.76,42.03,101546781,8772560886,2.69,1.1795859412614407,601012.SH
2021-03-10,42.48,44.6,42.04,44.01,80542228,7091615570,2.14,4.7109207708779355,601012.SH
2021-03-11,45.24,45.24,43.31,45.04,81926265,7375988790,2.17,2.340377187002951,601012.SH
2021-03-14,43.99,43.99,40.54,40.54,110187131,9238958127,2.92,-9.991119005328597,601012.SH
2021-03-15,39.91,40.79,39.45,40.35,73154028,5942593516,1.94,-0.46867291563886804,601012.SH
2021-03-16,40.36,41.2,39.17,40.88,60705105,4964088163,1.61,1.3135068153655505,601012.SH
2021-03-17,40.88,41.37,40.19,40.97,68075013,5606462993,1.8,0.22015655577298787,601012.SH
2021-03-18,39.56,39.96,38.49,39.05,75484816,5972434766,2.0,-4.686355870148895,601012.SH
2021-03-21,39.56,40.33,39.17,39.59,55205169,4434728211,1.46,1.3828425096030994,601012.SH
2021-03-22,39.56,39.81,38.32,38.85,58049602,4541002790,1.54,-1.869158878504673,601012.SH
2021-03-23,39.06,39.26,37.75,37.97,48389440,3746514555,1.28,-2.265122265122277,601012.SH
2021-03-24,37.34,38.42,37.09,38.08,47345692,3623893918,1.26,0.2897023966289103,601012.SH
2021-03-25,38.58,40.12,38.33,39.77,87221576,6951002456,2.31,4.438025210084051,601012.SH
2021-03-28,39.77,40.29,39.02,39.66,57740494,4637820542,1.53,-0.27659039476994884,601012.SH
2021-03-29,39.66,43.56,39.36,43.33,104460183,8887659620,2.7,9.25365607665154,601012.SH
2021-03-30,43.51,44.84,42.69,43.52,81182804,7161190354,2.1,0.4384952688668564,601012.SH
2021-03-31,44.14,45.87,43.36,44.32,65377859,5894871561,1.69,1.8382352941176405,601012.SH
2021-04-01,44.2,44.66,42.87,43.96,56409986,4984790631,1.46,-0.8122743682310474,601012.SH
2021-04-05,44.88,46.8,44.6,46.08,76607102,7082562610,1.98,4.8225659690627865,601012.SH
2021-04-06,46.09,46.11,43.84,44.07,65815727,5907819803,1.7,-4.3619791666666625,601012.SH
2021-04-07,43.02,43.93,42.42,43.37,51570166,4514426142,1.33,-1.5883821193555803,601012.SH
2021-04-08,41.54,42.61,41.07,41.43,65257638,5500628414,1.69,-4.473138113903619,601012.SH
2021-04-11,41.05,41.69,39.81,40.3,57856937,4742177442,1.5,-2.7274921554429232,601012.SH
2021-04-12,40.28,41.19,40.06,40.35,41493597,3399308664,1.07,0.12406947890819531,601012.SH
2021-04-13,40.15,41.04,39.9,40.61,51578388,4217656634,1.33,0.6443618339529111,601012.SH
2021-04-14,40.5,43.27,40.11,42.91,82360110,7021186720,2.13,5.663629647869972,601012.SH
2021-04-15,42.78,42.79,41.13,42.21,53880122,4556901793,1.39,-1.631321370309946,601012.SH
2021-04-18,42.48,44.59,41.92,44.31,75210468,6647395645,1.95,4.975124378109452,601012.SH
2021-04-19,44.31,46.73,43.94,45.69,83943905,7759799161,2.17,3.114421123899791,601012.SH
2021-04-20,46.48,47.26,44.83,45.71,87086859,8130256251,2.25,0.04377325454147929,601012.SH
2021-04-21,46.24,46.43,43.71,44.81,58328043,5283325129,1.51,-1.9689345876175879,601012.SH
2021-04-22,44.85,46.14,44.85,45.49,46036028,4246057601,1.19,1.5175184110689521,601012.SH
2021-04-25,45.74,47.07,45.01,45.24,58306213,5456355919,1.51,-0.5495713343592001,601012.SH
2021-04-26,45.4,46.03,44.51,45.44,44338178,4055311102,1.15,0.4420866489831976,601012.SH
2021-04-27,45.5,46.86,45.09,46.75,54504618,5101771058,1.41,2.882922535211274,601012.SH
2021-04-28,47.05,47.05,45.43,46.53,45202640,4237030075,1.17,-0.47058823529411153,601012.SH
2021-04-29,46.81,49.74,46.79,49.16,81083489,8006832808,2.1,5.652267354395013,601012.SH
2021-05-05,48.94,51.28,48.48,49.45,72318413,7293459241,1.87,0.5899104963384971,601012.SH
2021-05-06,49.46,50.84,47.47,47.83,53589869,5300692479,1.39,-3.2760364004044584,601012.SH
2021-05-09,47.5,49.2,46.49,48.27,42820598,4159614960,1.11,0.9199247334309213,601012.SH
2021-05-10,47.45,47.69,46.01,47.57,43506509,4120827652,1.13,-1.4501760928112728,601012.SH
2021-05-11,47.23,48.34,47.18,47.76,25541394,2470196189,0.66,0.39941139373553813,601012.SH
2021-05-12,46.67,47.38,46.29,46.73,30315670,2864799428,0.78,-2.156616415410384,601012.SH
2021-05-13,46.87,47.59,45.68,47.38,37096914,3505900046,0.96,1.3909693986732474,601012.SH
2021-05-16,47.4,49.39,47.4,49.13,52381190,5177124822,1.35,3.69354157872519,601012.SH
2021-05-17,49.29,49.94,48.66,49.29,35040546,3487572157,0.91,0.3256665988194518,601012.SH
2021-05-18,49.29,50.34,48.71,49.78,42186708,4240619496,1.09,0.9941164536417135,601012.SH
2021-05-19,49.78,50.05,48.46,48.8,39598470,3923539886,1.02,-1.968662113298525,601012.SH
2021-05-20,49.55,50.93,48.25,48.74,54224665,5412352039,1.4,-0.12295081967211852,601012.SH
2021-05-23,48.22,48.22,46.53,47.6,54417852,5201493939,1.41,-2.3389413212966725,601012.SH
2021-05-24,47.03,48.46,46.17,48.46,78022517,7455623402,2.02,1.8067226890756238,601012.SH
2021-05-25,48.46,48.93,47.38,47.45,47284604,4579287890,1.22,-2.0841931489888554,601012.SH
2021-05-26,47.23,47.91,46.87,47.04,45713761,4368723698,1.18,-0.8640674394099102,601012.SH
2021-05-27,47.04,49.19,46.58,48.09,65790679,6408757675,1.7,2.2321428571428603,601012.SH
2021-05-30,48.46,50.69,47.74,50.49,79134807,7942206489,2.05,4.990642545227697,601012.SH
2021-05-31,50.56,50.74,48.91,50.0,50285909,5051251819,1.3,-0.9704892057833314,601012.SH
2021-06-01,51.43,52.17,49.71,50.09,55812004,5725840124,1.44,0.18000000000000238,601012.SH
2021-06-02,49.45,49.85,47.74,47.82,67463131,6626517359,1.74,-4.531842683170295,601012.SH
2021-06-03,47.28,48.0,46.39,47.29,57663394,5481255116,1.49,-1.1083228774571352,601012.SH
2021-06-06,47.31,47.33,45.78,46.39,52096770,4871897493,1.35,-1.9031507718333618,601012.SH
2021-06-07,46.23,47.42,45.79,47.19,42543978,4043160810,1.1,1.724509592584611,601012.SH
2021-06-08,47.23,48.24,46.48,48.03,40653944,3901269998,1.05,1.7800381436745116,601012.SH
2021-06-09,48.75,52.21,48.49,51.26,130853491,13417585414,3.38,6.724963564438879,601012.SH
2021-06-10,52.06,55.39,51.53,54.15,122298381,13226970917,3.16,5.637924307452202,601012.SH
2021-06-14,54.15,54.89,51.97,52.42,77604600,8323894281,2.01,-3.194829178208669,601012.SH
2021-06-15,51.81,52.42,49.01,49.76,78299030,7959864213,2.03,-5.07439908431897,601012.SH
2021-06-16,50.27,51.01,49.65,50.75,49986866,5100039304,1.29,1.9895498392282995,601012.SH
2021-06-17,51.01,53.7,50.54,52.68,66276407,7032931926,1.71,3.802955665024621,601012.SH
2021-06-20,52.52,54.89,51.42,53.93,60488367,6565352165,1.56,2.3728170083523237,601012.SH
2021-06-21,54.6,54.87,52.66,54.25,46905297,5092806482,1.21,0.5933617652512435,601012.SH
2021-06-22,55.01,57.18,54.68,55.36,89935844,7269308582,1.66,2.0460829493087473,601012.SH
2021-06-23,56.62,59.24,55.25,58.39,124449248,10301049890,2.3,5.473265895953761,601012.SH
2021-06-24,58.39,61.27,57.82,59.79,105987416,9172484221,1.96,2.3976708340469166,601012.SH
2021-06-27,59.81,61.06,59.11,59.47,86729084,7484516048,1.6,-0.5352065562803099,601012.SH
2021-06-28,59.73,62.55,59.73,61.62,124714629,11073919843,2.3,3.615268202455013,601012.SH
2021-06-29,60.74,62.37,60.21,61.65,70711585,6236438217,1.31,0.048685491723476915,601012.SH
2021-06-30,61.67,62.1,58.98,59.06,99166054,8542296904,1.83,-4.20113544201135,601012.SH
2021-07-01,57.93,59.31,56.62,57.36,108676418,9032383081,2.01,-2.8784287165594336,601012.SH
2021-07-04,57.35,58.85,57.25,58.33,71523453,5972121444,1.32,1.6910739191073887,601012.SH
2021-07-05,58.38,59.15,56.14,57.43,94982162,7858809845,1.75,-1.5429453111606373,601012.SH
2021-07-06,56.48,62.37,55.98,62.37,147792735,12778774860,2.73,8.601776075222013,601012.SH
2021-07-07,62.45,64.53,61.76,62.94,124701919,11369312638,2.3,0.9139009139009113,601012.SH
2021-07-08,62.01,64.53,60.47,63.79,116408575,10494977357,2.15,1.350492532570713,601012.SH
2021-07-11,63.87,65.42,62.91,63.4,106693827,9849152814,1.97,-0.6113810942153908,601012.SH
2021-07-12,62.8,64.39,61.77,62.01,98026598,8843854205,1.81,-2.192429022082021,601012.SH
2021-07-13,61.92,62.55,60.15,60.72,87699884,7727611558,1.62,-2.0803096274794375,601012.SH
2021-07-14,60.02,64.78,59.87,64.62,127437372,11590975162,2.35,6.422924901185789,601012.SH
2021-07-15,64.53,64.84,61.67,61.76,98078634,8926463820,1.81,-4.425874342308889,601012.SH
2021-07-18,61.41,63.01,60.23,61.15,82384913,7284720050,1.52,-0.9876943005181382,601012.SH
2021-07-19,60.47,62.87,60.27,62.14,63820436,5701557030,1.18,1.6189697465249342,601012.SH
2021-07-20,63.13,65.57,62.49,64.69,109484636,10150943843,2.02,4.103636948825229,601012.SH
2021-07-21,65.23,65.71,63.56,64.52,80130413,7439512377,1.48,-0.26279177616324034,601012.SH
2021-07-22,64.22,66.23,63.84,64.04,80354063,7511485544,1.48,-0.743955362678228,601012.SH
2021-07-25,63.39,63.62,58.43,61.38,139085284,12280092219,2.57,-4.1536539662710865,601012.SH
2021-07-26,61.06,62.44,58.02,58.07,108094386,9393704697,2.0,-5.3926360377973275,601012.SH
2021-07-27,56.9,59.97,55.74,59.31,112052152,9416049095,2.07,2.135353883244373,601012.SH
2021-07-28,61.06,62.75,59.61,62.24,109580977,9672878658,2.02,4.9401450008430325,601012.SH
2021-07-29,62.02,62.02,59.23,59.62,104609362,9115571578,1.93,-4.209511568123403,601012.SH
2021-08-01,58.88,61.76,58.02,60.11,88048808,7621433710,1.63,0.8218718550822013,601012.SH
2021-08-02,60.92,61.19,58.18,59.1,75226979,6457124460,1.39,-1.6802528697388075,601012.SH
2021-08-03,59.1,64.24,59.0,63.82,171055501,15460749539,3.16,7.986463620981388,601012.SH
2021-08-04,63.62,66.02,62.46,64.65,122497429,11373091051,2.26,1.3005327483547546,601012.SH
2021-08-05,64.66,66.14,63.42,63.77,80494615,7491539097,1.49,-1.361175560711525,601012.SH
2021-08-08,63.69,63.69,60.09,61.08,101955664,8965651868,1.88,-4.218284459777333,601012.SH
2021-08-09,61.41,61.81,59.59,60.56,86153189,7492294317,1.59,-0.8513425016371867,601012.SH
2021-08-10,60.58,60.64,58.98,59.76,74832677,6423120943,1.38,-1.3210039630118908,601012.SH
2021-08-11,59.68,60.43,58.15,60.12,87028916,7433154632,1.61,0.6024096385542244,601012.SH
2021-08-12,58.98,59.68,58.25,58.4,80445199,6800290559,1.49,-2.8609447771124397,601012.SH
2021-08-15,57.68,59.32,57.32,58.82,60071260,5073982578,1.11,0.7191780821917737,601012.SH
2021-08-16,59.12,60.15,58.27,58.98,74163994,6350971129,1.37,0.27201632097926254,601012.SH
2021-08-17,58.38,59.33,55.91,56.89,97381793,8050117083,1.8,-3.543574092912849,601012.SH
2021-08-18,56.83,57.45,53.51,55.78,124239996,9902694459,2.3,-1.9511337669186113,601012.SH
2021-08-19,55.23,56.48,54.32,54.9,70466882,5607786097,1.3,-1.577626389386877,601012.SH
2021-08-22,55.2,56.34,53.78,56.03,83060239,6605005820,1.53,2.058287795992708,601012.SH
2021-08-23,56.59,59.68,55.97,58.38,119642734,10048701932,2.21,4.194181688381238,601012.SH
2021-08-24,58.99,61.67,58.49,61.15,129419133,11228242129,2.39,4.74477560808495,601012.SH
2021-08-25,61.55,62.31,59.66,59.68,90619690,7949342292,1.67,-2.403924775143085,601012.SH
2021-08-26,59.68,63.37,59.68,63.01,136577033,12300172718,2.52,5.579758713136718,601012.SH
2021-08-29,64.36,68.4,63.49,67.52,181945339,17373353033,3.36,7.157594032693226,601012.SH
2021-08-30,65.84,65.84,61.19,62.08,178754384,16270744090,3.3,-8.056872037914687,601012.SH
2021-08-31,60.79,61.48,57.79,59.0,130517219,11191296413,2.41,-4.961340206185561,601012.SH
2021-09-01,59.45,61.67,59.45,61.16,84470610,7404629660,1.56,3.661016949152529,601012.SH
2021-09-02,62.03,63.35,58.95,59.39,94880563,8352280944,1.75,-2.89404839764551,601012.SH
2021-09-05,60.37,60.74,57.73,59.7,75698531,6448861515,1.4,0.5219733961946416,601012.SH
2021-09-06,60.02,60.72,58.69,60.72,65098548,5626859215,1.2,1.70854271356784,601012.SH
2021-09-07,60.99,61.62,58.29,58.76,88382687,7571000404,1.63,-3.22793148880105,601012.SH
2021-09-08,58.29,58.63,56.21,57.45,109468059,9005172540,2.02,-2.229407760381208,601012.SH
2021-09-09,56.9,58.52,56.35,58.16,70163892,5823971111,1.3,1.2358572671888446,601012.SH
2021-09-12,58.17,58.17,55.91,56.48,86888306,7087003428,1.61,-2.8885832187070193,601012.SH
2021-09-13,56.32,57.92,55.94,56.84,80055255,6562793676,1.48,0.6373937677053965,601012.SH
2021-09-14,57.73,58.77,57.38,58.36,86506197,7249086737,1.6,2.674173117522871,601012.SH
2021-09-15,58.98,58.99,56.21,56.21,80257731,6573777930,1.48,-3.684030157642215,601012.SH
2021-09-16,55.96,56.68,54.82,55.65,68416951,5469904506,1.26,-0.9962640099626441,601012.SH
2021-09-21,54.67,56.55,54.48,55.75,41437125,3329593451,0.77,0.17969451931716396,601012.SH
2021-09-22,56.24,56.44,55.31,55.64,51737388,4147301497,0.96,-0.19730941704035887,601012.SH
2021-09-23,55.69,57.7,54.55,56.77,77635762,6315356336,1.43,2.0309130122214247,601012.SH
2021-09-26,57.45,57.93,55.87,57.58,80901232,6669234399,1.49,1.4268099348247132,601012.SH
2021-09-27,57.56,58.04,56.25,56.59,48331903,3970659443,0.89,-1.7193469954845386,601012.SH
2021-09-28,55.58,57.25,55.06,56.25,55654775,4524582855,1.03,-0.6008128644636956,601012.SH
2021-09-29,56.28,57.73,56.28,57.23,49199878,4061710412,0.91,1.7422222222222228,601012.SH
2021-10-07,57.73,57.84,54.65,55.2,81486954,6559348626,1.51,-3.5470906867027696,601012.SH
2021-10-10,55.27,55.77,53.74,54.44,64577848,5090438826,1.19,-1.376811594202909,601012.SH
2021-10-11,54.48,54.98,53.61,54.23,49573740,3875041400,0.92,-0.3857457751653248,601012.SH
2021-10-12,54.73,57.85,54.73,57.74,104191561,8514613645,1.92,6.472432233081338,601012.SH
2021-10-13,57.61,58.03,56.64,56.93,53064401,4381512070,0.98,-1.4028403186699068,601012.SH
2021-10-14,56.9,59.33,56.43,58.98,98494116,8300943441,1.82,3.600913402424033,601012.SH
2021-10-17,60.23,61.06,58.29,59.7,70585359,6052956799,1.3,1.2207527975585108,601012.SH
2021-10-18,60.59,60.61,58.76,58.97,49006664,4189600311,0.91,-1.222780569514248,601012.SH
2021-10-19,58.84,62.44,58.74,60.97,106879779,9453783713,1.97,3.3915550279803197,601012.SH
2021-10-20,60.38,60.59,58.01,58.58,85008015,7224332995,1.57,-3.91996063637855,601012.SH
2021-10-21,58.2,59.36,57.59,58.72,56081487,4733585769,1.04,0.23898941618298863,601012.SH
2021-10-24,58.72,61.91,58.63,61.06,98362306,8657123837,1.82,3.9850136239782064,601012.SH
2021-10-25,61.55,62.06,59.94,59.95,60343209,5276105072,1.11,-1.8178840484769032,601012.SH
2021-10-26,60.02,62.17,59.68,61.35,91967786,8130554230,1.7,2.335279399499579,601012.SH
2021-10-27,61.67,62.52,60.97,61.84,91200205,8152928250,1.68,0.7986960065199611,601012.SH
2021-10-28,61.97,67.92,60.58,67.79,224362546,20935018521,4.15,9.621604139715402,601012.SH
2021-10-31,67.65,71.68,67.04,69.53,194407246,19424256083,3.59,2.5667502581501633,601012.SH
2021-11-01,69.39,71.31,68.52,69.38,122523180,12328218343,2.26,-0.21573421544657245,601012.SH
2021-11-02,68.0,68.71,62.58,63.14,199318453,18736269021,3.68,-8.993946382242711,601012.SH
2021-11-03,64.53,66.05,63.41,64.19,129788317,12132851485,2.4,1.6629711751662946,601012.SH
2021-11-04,61.76,63.91,59.83,62.45,120233589,10722588125,2.22,-2.710702601651338,601012.SH
2021-11-07,61.74,63.98,61.41,63.63,70095595,6370719745,1.29,1.889511609287431,601012.SH
2021-11-08,65.54,65.85,64.05,64.62,71535416,6693126099,1.32,1.555869872701554,601012.SH
2021-11-09,63.91,66.93,63.7,65.78,79183055,7439220804,1.46,1.7951098731042947,601012.SH
2021-11-10,67.3,68.0,64.84,66.47,75911472,7281845505,1.4,1.0489510489510412,601012.SH
2021-11-11,67.38,67.9,65.57,65.76,62762062,6029396184,1.16,-1.0681510455844645,601012.SH
2021-11-14,65.15,65.15,63.08,64.04,64053394,5898307672,1.18,-2.615571776155712,601012.SH
2021-11-15,64.05,64.4,62.28,62.44,53349890,4844123957,0.99,-2.498438475952547,601012.SH
2021-11-16,62.94,64.66,61.72,63.35,85488154,7779495324,1.58,1.4573991031390232,601012.SH
2021-11-17,63.28,63.28,60.83,62.26,72448159,6466310692,1.34,-1.7205998421468083,601012.SH
2021-11-18,62.17,64.28,61.08,63.76,87859209,7934764925,1.62,2.4092515258592906,601012.SH
2021-11-21,64.39,64.72,62.7,63.96,89945439,8255305045,1.66,0.31367628607277265,601012.SH
2021-11-22,63.48,66.09,63.3,64.38,81741151,7654805876,1.51,0.656660412757959,601012.SH
2021-11-23,64.96,65.02,62.22,62.99,75053901,6839301494,1.39,-2.1590556073314615,601012.SH
2021-11-24,62.45,62.45,60.13,60.67,106746305,9373395937,1.97,-3.6831243054453067,601012.SH
2021-11-25,60.37,61.17,59.86,60.61,56355857,4907340358,1.04,-0.09889566507335079,601012.SH
2021-11-28,59.68,61.17,59.27,61.06,54189843,4720275017,1.0,0.7424517406368736,601012.SH
2021-11-29,61.19,61.47,59.98,60.66,43095919,3772926278,0.8,-0.6550933508024936,601012.SH
2021-11-30,59.52,59.82,57.61,58.33,119572152,10072294774,2.21,-3.8410814375205993,601012.SH
2021-12-01,57.8,58.5,57.43,57.68,63510064,5291846726,1.17,-1.1143493913937874,601012.SH
2021-12-02,57.45,57.46,55.55,57.07,102142477,8287662740,1.89,-1.0575589459084545,601012.SH
2021-12-05,56.9,57.93,56.59,56.82,62961514,5185917704,1.16,-0.4380585246188895,601012.SH
2021-12-06,57.32,58.27,56.24,58.27,74880332,6160668492,1.38,2.5519183386131683,601012.SH
2021-12-07,58.63,58.77,57.31,58.4,73079680,6125878363,1.35,0.22309936502487027,601012.SH
2021-12-08,58.07,59.4,57.89,58.98,61713502,5237739072,1.14,0.9931506849315097,601012.SH
2021-12-09,58.65,60.72,58.28,60.24,75287419,6483385137,1.39,2.136317395727372,601012.SH
2021-12-12,60.24,61.92,59.74,60.84,80177405,7064169374,1.48,0.9960159362549792,601012.SH
2021-12-13,60.92,61.28,59.68,60.05,48498225,4216633690,0.9,-1.2984878369493802,601012.SH
2021-12-14,59.66,60.58,58.98,59.19,49505407,4245867010,0.91,-1.4321398834304722,601012.SH
2021-12-15,59.02,59.77,58.85,59.31,38149010,3254688183,0.7,0.20273694880892368,601012.SH
2021-12-16,57.94,58.52,56.55,56.83,82185580,6786065372,1.52,-4.18141965941663,601012.SH
2021-12-19,56.23,56.69,54.94,55.85,65710968,5268908782,1.21,-1.7244413162062266,601012.SH
2021-12-20,55.73,56.21,54.97,56.19,48588211,3890425826,0.9,0.6087735004476125,601012.SH
2021-12-21,56.76,56.76,55.49,55.59,40272235,3234249928,0.74,-1.0678056593699803,601012.SH
2021-12-22,55.21,56.21,55.03,55.65,44036998,3531361326,0.81,0.10793308148946412,601012.SH
2021-12-23,55.52,55.64,53.99,54.04,67551477,5289874960,1.25,-2.8930817610062887,601012.SH
2021-12-26,53.92,54.99,53.61,54.22,40790172,3192025306,0.75,0.33308660251665234,601012.SH
2021-12-27,54.12,56.83,53.85,56.59,68694414,5504813491,1.27,4.371080781999281,601012.SH
2021-12-28,56.33,57.56,56.07,56.91,52876370,4344087235,0.98,0.5654709312599371,601012.SH
2021-12-29,57.11,58.28,55.87,56.37,63287437,5210227414,1.17,-0.9488666315234595,601012.SH
2021-12-30,58.29,60.6,58.29,59.81,121377167,10420525923,2.24,6.102536810360126,601012.SH
2022-01-03,60.01,61.08,57.33,58.88,88124334,7463050368,1.63,-1.5549239257649172,601012.SH
2022-01-04,58.84,58.84,56.34,56.53,63103844,5206534639,1.17,-3.991168478260876,601012.SH
2022-01-05,55.51,56.76,55.07,55.89,43689283,3520049198,0.81,-1.132142225367061,601012.SH
2022-01-06,56.0,56.88,55.28,55.7,48117045,3880542651,0.89,-0.3399534800500925,601012.SH
2022-01-09,55.79,56.39,54.94,55.3,40547853,3236932099,0.75,-0.7181328545781018,601012.SH
2022-01-10,55.1,55.49,53.85,54.11,53476814,4183417242,0.99,-2.1518987341772156,601012.SH
2022-01-11,54.67,55.97,54.19,55.65,49716404,3960998763,0.92,2.846054333764547,601012.SH
2022-01-12,55.86,55.93,54.47,54.99,34884375,2766337478,0.64,-1.1859838274932533,601012.SH
2022-01-13,54.75,55.85,54.33,54.99,35027029,2776847736,0.65,0.0,601012.SH
2022-01-16,56.12,57.18,55.58,56.21,49900721,4056716936,0.92,2.218585197308598,601012.SH
2022-01-17,55.95,56.41,54.81,55.17,43247028,3461272634,0.8,-1.8502045899306152,601012.SH
2022-01-18,54.95,55.03,54.05,54.48,34566922,2707394711,0.64,-1.250679717237635,601012.SH
2022-01-19,54.12,54.53,53.83,54.26,28325086,2210017372,0.52,-0.4038179148311283,601012.SH
2022-01-20,54.12,54.12,52.47,52.74,58237198,4448835188,1.08,-2.801326944342053,601012.SH
2022-01-23,52.39,53.92,51.23,53.11,50896441,3867749416,0.94,0.7015547971179315,601012.SH
2022-01-24,52.32,53.43,51.56,51.66,44192785,3340132478,0.82,-2.7301826398041906,601012.SH
2022-01-25,52.19,53.92,51.91,53.65,56634009,4329721561,1.05,3.8521099496709343,601012.SH
2022-01-26,53.36,53.43,51.56,51.65,52513701,3960290547,0.97,-3.727865796831309,601012.SH
2022-01-27,52.08,52.4,46.63,48.65,104046797,7340734965,1.92,-5.808325266214909,601012.SH
2022-02-06,49.68,51.58,49.2,50.81,65889467,4810433612,1.22,4.439876670092513,601012.SH
2022-02-07,50.79,50.8,48.43,49.86,48666145,3466510961,0.9,-1.869710686872672,601012.SH
2022-02-08,50.02,50.26,48.77,49.39,46237959,3289853745,0.85,-0.942639390292821,601012.SH
2022-02-09,49.61,49.63,46.85,47.53,79541236,5474501841,1.47,-3.7659445231828292,601012.SH
2022-02-10,46.49,47.28,44.96,45.21,102083118,6757660080,1.89,-4.88112770881548,601012.SH
2022-02-13,44.92,45.96,44.09,45.33,56197179,3668216729,1.04,0.2654280026542777,601012.SH
2022-02-14,45.77,47.75,45.47,47.58,71562138,4824525032,1.32,4.963600264725354,601012.SH
2022-02-15,48.16,48.16,46.98,47.23,42037344,2871941998,0.78,-0.735603194619594,601012.SH
2022-02-16,46.91,48.81,46.74,48.23,62247780,4334748980,1.15,2.117298327334316,601012.SH
2022-02-17,47.88,48.09,46.99,47.57,42451477,2907300629,0.78,-1.3684428778768298,601012.SH
2022-02-20,47.52,47.8,46.73,47.39,32603444,2218727040,0.6,-0.3783897414336712,601012.SH
2022-02-21,46.89,48.7,46.21,47.94,63348967,4358814443,1.17,1.160582401350485,601012.SH
2022-02-22,48.72,50.15,48.59,49.96,79090998,5649033257,1.46,4.2136003337505334,601012.SH
2022-02-23,49.72,52.25,49.32,50.69,108228722,7934986683,2.0,1.461168935148116,601012.SH
2022-02-24,52.04,52.91,51.0,51.74,74417864,5582305873,1.37,2.0714144801736056,601012.SH
2022-02-27,51.74,54.02,51.45,53.89,86930420,6647010934,1.61,4.15539234634712,601012.SH
2022-02-28,55.86,56.8,55.04,55.55,107707374,8664020971,1.99,3.080348858786408,601012.SH
2022-03-01,55.53,55.84,53.62,55.55,67437341,5331833376,1.25,0.0,601012.SH
2022-03-02,55.75,55.95,54.26,54.46,42857402,3389613931,0.79,-1.962196219621959,601012.SH
2022-03-03,53.39,55.1,53.04,53.99,41125759,3209014195,0.76,-0.863018729342635,601012.SH
2022-03-06,53.4,54.66,52.38,53.29,54183496,4167608872,1.0,-1.2965363956288223,601012.SH
2022-03-07,52.81,55.43,52.81,53.94,86917816,6821768626,1.61,1.2197410395946573,601012.SH
2022-03-08,55.5,56.14,51.35,54.23,93353887,7257176498,1.72,0.5376344086021501,601012.SH
2022-03-09,56.62,57.48,56.34,56.72,116753823,9573904982,2.16,4.5915544901346195,601012.SH
2022-03-10,55.6,57.11,54.58,55.87,76791190,6184126516,1.42,-1.498589562764463,601012.SH
2022-03-13,55.94,57.44,55.0,55.29,64085028,5199609882,1.18,-1.038124216932157,601012.SH
2022-03-14,54.39,56.04,53.19,53.71,76187307,5967391277,1.41,-2.857659612949892,601012.SH
2022-03-15,55.03,56.34,52.65,56.21,97703716,7729154526,1.81,4.654626698938746,601012.SH
2022-03-16,57.59,58.0,55.75,56.01,93895339,7686029331,1.73,-0.3558085749866602,601012.SH
2022-03-17,55.79,56.33,54.61,55.98,44280287,3539321731,0.82,-0.05356186395286677,601012.SH
2022-03-20,56.06,57.59,55.86,57.31,66953956,5494079065,1.24,2.3758485173276167,601012.SH
2022-03-21,57.6,57.86,54.96,55.85,50803758,4122897547,0.94,-2.5475484208689614,601012.SH
2022-03-22,56.21,56.89,55.12,55.86,39980453,3233477340,0.74,0.01790510295434089,601012.SH
2022-03-23,55.37,55.37,53.47,54.69,52216889,4086884976,0.96,-2.0945220193340552,601012.SH
2022-03-24,54.68,54.68,52.6,52.67,48868867,3755647628,0.9,-3.6935454379228294,601012.SH
2022-03-27,52.02,53.62,51.7,52.63,47207869,3591873830,0.87,-0.07594456047085307,601012.SH
2022-03-28,53.07,53.9,50.93,51.58,54570914,4105629836,1.01,-1.9950598517955664,601012.SH
2022-03-29,51.82,52.31,50.7,52.31,64552201,4819761039,1.19,1.4152772392400204,601012.SH
2022-03-30,52.25,52.25,49.7,50.09,64970601,4718237571,1.2,-4.24393041483464,601012.SH
2022-03-31,49.27,51.58,48.57,50.38,50523141,3661966027,0.93,0.5789578758235159,601012.SH
2022-04-05,48.57,48.63,47.19,47.6,86552235,5951088531,1.6,-5.518062723302897,601012.SH
2022-04-06,47.57,48.1,46.66,47.76,49737540,3406152306,0.92,0.3361344537815114,601012.SH
2022-04-07,47.76,48.34,46.38,47.12,44996101,3067662338,0.83,-1.340033500837523,601012.SH
2022-04-10,46.77,46.84,45.11,45.67,56560648,3736122338,1.04,-3.077249575551777,601012.SH
2022-04-11,46.48,46.67,45.45,46.39,42166729,2804527742,0.78,1.5765272607838776,601012.SH
2022-04-12,46.28,46.76,45.51,46.28,36988679,2468088457,0.68,-0.23712006898037874,601012.SH
2022-04-13,46.84,47.1,45.66,46.51,40211512,2679158353,0.74,0.4969749351771746,601012.SH
2022-04-14,45.8,46.4,45.1,46.07,44969169,2962970249,0.83,-0.9460331111588838,601012.SH
2022-04-17,45.75,48.38,45.34,48.02,63621996,4352382946,1.18,4.232689385717392,601012.SH
2022-04-18,47.88,49.02,47.72,47.95,46731128,3252055445,0.86,-0.1457725947521915,601012.SH
2022-04-19,46.63,47.5,46.26,46.35,49272843,3308356457,0.91,-3.3368091762252416,601012.SH
2022-04-20,45.97,46.53,43.02,43.42,85058616,5436471738,1.57,-6.3214670981661225,601012.SH
2022-04-21,42.33,43.3,42.19,43.02,57313598,3535533385,1.06,-0.9212344541685846,601012.SH
2022-04-24,41.63,41.97,39.21,39.28,70046681,4085597518,1.29,-8.693630869363089,601012.SH
2022-04-25,39.28,40.85,39.0,39.67,58094819,3339825278,1.07,0.9928716904276991,601012.SH
2022-04-26,39.25,42.64,39.23,42.54,76161512,4523392247,1.41,7.234686160826809,601012.SH
2022-04-27,41.63,45.8,39.58,44.81,106998805,6788961420,1.98,5.336154207804422,601012.SH
2022-04-28,45.1,47.67,44.46,47.16,82860316,5518580028,1.53,5.244365097076531,601012.SH
2022-05-04,47.41,49.2,47.16,47.93,65786742,4565492426,1.22,1.6327396098388514,601012.SH
2022-05-05,46.76,47.53,46.49,46.51,39039212,2637870701,0.72,-2.9626538702274163,601012.SH
2022-05-08,46.28,48.57,46.07,48.11,46367327,3189375422,0.86,3.440120404214153,601012.SH
2022-05-09,46.05,49.5,46.05,47.48,60685838,4199569357,1.12,-1.3094990646435267,601012.SH
2022-05-10,47.81,50.65,47.79,49.54,80877961,5796750859,1.49,4.338668913226629,601012.SH
2022-05-11,49.47,49.47,48.05,48.42,52691110,3687166181,0.97,-2.260799354057319,601012.SH
2022-05-12,49.18,49.29,48.03,48.41,30223755,2112679235,0.56,-0.02065262288312164,601012.SH
2022-05-15,48.54,49.25,47.19,47.19,42243009,2907133788,0.78,-2.5201404668456884,601012.SH
2022-05-16,47.53,49.27,47.32,48.79,56616843,3950175784,1.05,3.39054884509431,601012.SH
2022-05-17,49.24,49.61,48.43,49.11,49397568,3488765919,0.91,0.6558721049395366,601012.SH
2022-05-18,48.71,52.67,48.43,52.16,105898776,7795093262,1.96,6.210547749949091,601012.SH
2022-05-19,52.46,53.74,52.24,53.21,66173481,5051233566,1.22,2.013036809815949,601012.SH
2022-05-22,53.21,53.43,51.75,52.67,42216430,3195763289,0.78,-1.0148468333020078,601012.SH
2022-05-23,52.68,53.01,50.9,50.95,40964388,3063350429,0.76,-3.2656161002468154,601012.SH
2022-05-24,50.77,51.79,50.47,51.33,34088060,2514086153,0.63,0.745829244357199,601012.SH
2022-05-25,51.35,52.39,50.38,52.11,43947822,3272632653,0.81,1.5195791934541125,601012.SH
2022-05-26,52.74,53.76,51.82,52.13,32885622,2500213779,0.61,0.03838034926118006,601012.SH
2022-05-29,52.36,53.35,52.04,52.95,41753881,3185049753,0.77,1.5729906004220195,601012.SH
2022-05-30,54.24,55.02,53.55,54.96,57834744,4545943820,1.07,3.7960339943342802,601012.SH
2022-05-31,54.96,55.15,53.85,54.61,33501535,2632366586,0.62,-0.6368267831149965,601012.SH
2022-06-01,54.82,55.63,54.12,55.5,37722529,3003191420,0.7,1.6297381431972235,601012.SH
2022-06-05,56.26,60.72,55.56,59.08,106850203,6382247895,1.41,6.450450450450451,601012.SH
2022-06-06,61.11,61.95,59.07,59.09,146726439,9075963991,1.94,0.016926201760325554,601012.SH
2022-06-07,59.53,59.75,57.52,58.69,97431852,5842896395,1.29,-0.6769334912844926,601012.SH
2022-06-08,58.69,60.03,58.38,59.44,79466060,4828508525,1.05,1.277900834895207,601012.SH
2022-06-09,58.48,59.93,56.51,59.51,94122809,5680432226,1.24,0.11776581426647947,601012.SH
2022-06-12,58.49,59.98,58.38,59.2,57838524,3502771215,0.76,-0.5209208536380405,601012.SH
2022-06-13,58.6,58.68,56.14,57.83,97331585,5729026686,1.28,-2.3141891891891975,601012.SH
2022-06-14,57.83,58.45,56.04,57.02,98114394,5740287899,1.29,-1.4006570983918332,601012.SH
2022-06-15,57.01,59.01,56.92,58.43,75299662,4512323107,0.99,2.472816555594526,601012.SH
2022-06-16,57.78,59.55,57.52,59.31,79561442,4821308216,1.05,1.5060756460722358,601012.SH
2022-06-19,59.9,60.04,58.53,59.23,81262693,4952559763,1.07,-0.13488450514248518,601012.SH
2022-06-20,59.26,61.65,58.19,59.41,94543295,5784532703,1.25,0.3039000506500189,601012.SH
2022-06-21,59.41,61.27,58.97,59.8,78396099,4842506223,1.03,0.6564551422319376,601012.SH
2022-06-22,59.99,60.57,59.05,60.23,63082332,3877894445,0.83,0.7190635451505001,601012.SH
2022-06-23,61.36,62.87,60.93,62.72,122096597,7805779997,1.61,4.134152415739667,601012.SH
2022-06-26,63.82,63.84,62.26,62.94,86273276,5579044599,1.14,0.35076530612245804,601012.SH
2022-06-27,63.0,66.1,61.89,65.89,121405619,7984170241,1.6,4.687003495392439,601012.SH
2022-06-28,65.21,66.23,62.36,62.54,101455338,6694290261,1.34,-5.084231294581876,601012.SH
2022-06-29,62.48,65.89,61.58,64.94,108237692,7087642427,1.43,3.837543971858004,601012.SH
2022-06-30,65.77,66.28,62.48,63.25,96494222,6383687588,1.27,-2.6024022174314765,601012.SH
2022-07-03,61.11,63.83,61.09,62.74,90995490,5835528469,1.2,-0.8063241106719299,601012.SH
2022-07-04,62.87,63.34,61.5,62.53,75624540,4829987096,1.0,-0.3347146955690161,601012.SH
2022-07-05,62.53,63.27,61.09,61.89,64482993,4104494368,0.85,-1.0235087158164125,601012.SH
2022-07-06,61.82,63.06,60.55,62.67,83172308,5292281990,1.1,1.2603005332040729,601012.SH
2022-07-07,63.47,63.73,60.51,60.61,82311998,5200413615,1.09,-3.287059198978781,601012.SH
2022-07-10,59.75,59.92,57.97,58.71,84187362,5065270866,1.11,-3.1347962382445083,601012.SH
2022-07-11,59.03,59.4,57.15,57.44,70807836,4204998300,0.93,-2.1631749276102896,601012.SH
2022-07-12,57.44,60.61,57.25,60.01,93418626,5684181899,1.23,4.474233983286902,601012.SH
2022-07-13,60.01,61.39,59.41,60.34,80066519,4969889431,1.06,0.5499083486085743,601012.SH
2022-07-14,60.11,62.85,59.95,60.47,89454330,5650569124,1.18,0.21544580709313976,601012.SH
2022-07-17,61.1,61.29,59.26,60.53,58142948,3594079180,0.77,0.09922275508515987,601012.SH
2022-07-18,60.54,60.71,58.19,58.63,77031934,4654383895,1.02,-3.138939368907978,601012.SH
2022-07-19,59.34,59.45,58.0,58.3,52961604,3177985545,0.7,-0.5628517823639823,601012.SH
2022-07-20,58.27,58.75,57.52,57.63,50010158,2981266274,0.66,-1.1492281303601914,601012.SH
2022-07-21,58.45,59.68,57.99,58.62,79303837,4778758043,1.05,1.7178552837064043,601012.SH
2022-07-24,58.97,59.08,57.12,57.32,50360016,2974756362,0.66,-2.2176731490958668,601012.SH
2022-07-25,57.51,58.96,57.19,58.14,53219150,3179138216,0.7,1.4305652477320407,601012.SH
2022-07-26,58.19,60.19,57.95,59.71,80522567,4904723492,1.06,2.7003783969728357,601012.SH
2022-07-27,59.94,61.01,58.98,59.63,73277563,4527758669,0.97,-0.1339809077206433,601012.SH
2022-07-28,59.83,61.29,59.66,59.94,72344973,4485751569,0.95,0.5198725473754662,601012.SH
2022-07-31,60.14,60.23,57.99,59.66,65237086,3952084411,0.86,-0.4671338004671344,601012.SH
2022-08-01,58.58,58.94,56.98,58.08,87874031,5216848666,1.16,-2.6483405967147156,601012.SH
2022-08-02,58.08,59.07,54.78,55.42,115070431,6661195326,1.52,-4.579889807162529,601012.SH
2022-08-03,55.42,55.75,53.31,54.35,109406674,6095707092,1.44,-1.930710934680624,601012.SH
2022-08-04,54.77,55.35,53.92,55.29,60235290,3378928661,0.79,1.7295308187672553,601012.SH
2022-08-07,55.35,55.55,53.62,55.12,66609898,3740454585,0.88,-0.3074697051908104,601012.SH
2022-08-08,55.12,57.37,54.4,56.61,90564517,5240197680,1.2,2.7031930333817122,601012.SH
2022-08-09,56.61,57.31,55.95,56.28,52105837,3015462561,0.69,-0.5829358770535253,601012.SH
2022-08-10,56.87,57.01,55.07,56.53,61488470,3542737515,0.81,0.4442075337597773,601012.SH
2022-08-11,56.78,57.57,56.5,57.1,55361683,3243473875,0.73,1.008314169467539,601012.SH
2022-08-14,57.51,59.34,57.11,58.54,64450812,3873562073,0.85,2.521891418563915,601012.SH
2022-08-15,58.54,59.77,58.28,58.86,66659274,4044248292,0.88,0.5466347796378557,601012.SH
2022-08-16,58.59,59.68,58.25,59.07,56832242,3451521773,0.75,0.35677879714577365,601012.SH
2022-08-17,59.55,60.18,59.09,59.39,59790895,3653974634,0.79,0.5417301506686956,601012.SH
2022-08-18,59.34,59.34,54.5,54.7,206066211,11805893746,2.72,-7.896952348880282,601012.SH
2022-08-21,53.5,53.51,50.77,52.06,215794850,11499256648,2.85,-4.826325411334553,601012.SH
2022-08-22,52.07,54.14,52.07,52.83,121696910,6618376678,1.61,1.4790626200537726,601012.SH
2022-08-23,52.82,52.82,51.05,51.35,80135382,4252953111,1.06,-2.8014385765663397,601012.SH
2022-08-24,51.86,52.34,50.68,51.51,84850210,4488515436,1.12,0.3115871470301679,601012.SH
2022-08-25,51.78,52.44,51.5,51.72,66788575,3556473102,0.88,0.4076878276062956,601012.SH
2022-08-28,50.85,52.61,50.56,52.06,62725578,3341097965,0.83,0.6573859242072766,601012.SH
2022-08-29,52.1,52.42,50.98,51.46,56585732,2988106431,0.75,-1.1525163273146344,601012.SH
2022-08-30,51.12,51.73,49.54,49.9,89249489,4602954293,1.18,-3.0314807617567108,601012.SH
2022-08-31,50.0,50.85,49.92,50.34,53374586,2763635597,0.7,0.8817635270541135,601012.SH
2022-09-01,50.32,50.59,49.22,49.66,50214700,2563631969,0.66,-1.350814461660721,601012.SH
2022-09-04,49.49,49.99,48.54,49.21,57716395,2910545446,0.76,-0.9061619009262945,601012.SH
2022-09-05,49.59,51.95,48.79,51.81,101490325,5304717802,1.34,5.283478967689503,601012.SH
2022-09-06,51.66,52.91,51.38,52.11,71398567,3842027239,0.94,0.579038795599307,601012.SH
2022-09-07,52.2,52.91,51.66,52.04,43317052,2318732972,0.57,-0.1343312224141191,601012.SH
2022-09-08,52.39,52.42,51.06,51.83,44094299,2332712620,0.58,-0.4035357417371266,601012.SH
2022-09-12,52.26,52.44,50.96,51.92,49046902,2596031517,0.65,0.17364460737026022,601012.SH
2022-09-13,51.22,52.16,51.14,51.22,37889762,2001975750,0.5,-1.348228043143307,601012.SH
2022-09-14,51.37,51.68,47.27,47.43,122774167,6114269592,1.62,-7.3994533385396295,601012.SH
2022-09-15,47.43,48.05,47.08,47.08,59273257,2894756037,0.78,-0.7379295804343267,601012.SH
2022-09-18,47.07,47.76,46.27,46.9,60166434,2885633078,0.79,-0.38232795242141293,601012.SH
2022-09-19,47.61,49.37,47.61,48.77,65014355,3251547769,0.86,3.9872068230277335,601012.SH
2022-09-20,48.66,49.12,47.89,47.94,42638594,2117558887,0.56,-1.7018659011687642,601012.SH
2022-09-21,47.47,48.51,46.74,47.93,34740844,1704428786,0.46,-0.020859407592821455,601012.SH
2022-09-22,47.56,48.52,47.06,47.31,36464579,1780360928,0.48,-1.2935530982683074,601012.SH
2022-09-25,46.83,48.53,46.69,47.56,50841155,2489454332,0.67,0.5284295075036916,601012.SH
2022-09-26,47.49,48.34,47.08,47.75,40924903,1998378065,0.54,0.39949537426409165,601012.SH
2022-09-27,47.81,48.78,46.69,46.69,50513078,2470768789,0.67,-2.219895287958118,601012.SH
2022-09-28,47.33,49.03,47.08,48.81,100628860,4998200449,1.33,4.5405868494324375,601012.SH
2022-09-29,48.52,48.88,46.59,46.7,68274527,3323563189,0.9,-4.322884654783854,601012.SH
2022-10-09,47.03,47.17,44.6,44.73,57621863,2679649512,0.76,-4.218415417558896,601012.SH
2022-10-10,44.69,45.77,44.3,45.33,45328397,2100616386,0.6,1.341381623071758,601012.SH
2022-10-11,45.6,47.52,43.94,47.15,74735217,3497421394,0.99,4.0150011030222865,601012.SH
2022-10-12,47.0,47.43,45.7,45.81,58610990,2790192907,0.77,-2.8419936373276666,601012.SH
2022-10-13,47.53,50.39,46.8,49.92,150922310,7588160635,1.99,8.971840209561233,601012.SH
2022-10-16,49.22,49.46,47.87,49.17,86232930,4313162734,1.14,-1.5024038461538436,601012.SH
2022-10-17,49.22,49.98,48.44,48.78,64050013,3224643601,0.85,-0.7931665649786424,601012.SH
2022-10-18,48.34,48.99,47.64,47.89,50767561,2508901791,0.67,-1.8245182451824493,601012.SH
2022-10-19,47.08,47.21,45.66,45.99,72871600,3454094001,0.96,-3.9674253497598677,601012.SH
2022-10-20,45.76,46.49,45.1,46.3,62850470,2957506854,0.83,0.6740595781691505,601012.SH
2022-10-23,45.8,46.4,44.04,44.72,77594691,3590767689,1.02,-3.4125269978401707,601012.SH
2022-10-24,44.93,47.86,44.92,47.47,115276948,5528064606,1.52,6.149373881932019,601012.SH
2022-10-25,47.66,49.03,47.07,48.67,81521460,4040059324,1.08,2.5279123657046654,601012.SH
2022-10-26,49.7,50.86,49.07,49.07,90262457,4625099787,1.19,0.8218615163344989,601012.SH
2022-10-27,48.98,49.58,47.66,48.0,57829728,2876476339,0.76,-2.1805583859792144,601012.SH
2022-10-30,47.76,48.3,46.41,46.76,64390895,3121113105,0.85,-2.5833333333333375,601012.SH
2022-10-31,47.28,49.81,47.25,49.76,96391307,4836044679,1.27,6.415739948674082,601012.SH
2022-11-01,49.21,51.03,48.98,50.25,83932964,4319704412,1.11,0.9847266881028993,601012.SH
2022-11-02,50.49,52.01,48.65,48.85,111493020,5718115317,1.47,-2.7860696517412853,601012.SH
2022-11-03,49.14,51.3,48.77,51.07,103229337,5355406928,1.36,4.544524053224164,601012.SH
2022-11-06,50.66,51.17,50.15,50.79,70637200,3675547850,0.93,-0.5482670843939719,601012.SH
2022-11-07,50.79,50.91,49.6,50.02,48857938,2506862868,0.64,-1.5160464658397266,601012.SH
2022-11-08,50.03,50.03,48.34,48.69,61063667,3059615401,0.81,-2.6589364254298364,601012.SH
2022-11-09,47.77,48.06,46.8,47.14,76025138,3686003571,1.0,-3.1834052166769267,601012.SH
2022-11-10,48.91,49.09,46.59,47.12,119830448,5836039549,1.58,-0.042426813746299086,601012.SH
2022-11-13,47.12,47.35,45.81,46.15,93259158,4435893602,1.23,-2.058573853989809,601012.SH
2022-11-14,46.23,47.03,45.97,46.76,105363039,5026287057,1.39,1.3217768147345543,601012.SH
2022-11-15,46.64,46.64,45.32,45.47,109158342,5132416171,1.44,-2.758768177929849,601012.SH
2022-11-16,45.48,45.54,44.56,45.29,83164309,3828332588,1.1,-0.39586540576204143,601012.SH
2022-11-17,45.71,46.69,44.95,45.81,91501342,4330786523,1.21,1.148156325899774,601012.SH
2022-11-20,46.37,46.73,45.81,46.54,71873987,3419607830,0.95,1.5935385287055182,601012.SH
2022-11-21,46.54,46.54,45.22,45.38,70747270,3313857129,0.93,-2.492479587451646,601012.SH
2022-11-22,45.22,46.59,44.87,46.38,84360067,3980504855,1.11,2.203613926840009,601012.SH
2022-11-23,46.59,46.59,45.91,45.96,46779147,2215107178,0.62,-0.9055627425614499,601012.SH
2022-11-24,45.81,45.81,44.5,44.57,75284957,3456733207,0.99,-3.0243690165361214,601012.SH
2022-11-27,43.18,43.83,42.91,43.46,67861683,3016934257,0.9,-2.4904644379627583,601012.SH
2022-11-28,43.46,44.3,43.25,43.82,64797544,2910527222,0.86,0.8283479061205634,601012.SH
2022-11-29,43.82,44.62,43.55,44.62,66644591,3025002653,0.88,1.8256503879507058,601012.SH
2022-11-30,45.33,46.3,45.33,45.82,96543787,4543057814,1.27,2.689376961004042,601012.SH
2022-12-01,45.71,47.17,45.51,46.76,99617346,4774896836,1.31,2.0515058926233065,601012.SH
2022-12-04,46.69,46.72,44.83,45.19,124350952,5786696452,1.64,-3.3575705731394345,601012.SH
2022-12-05,44.83,45.37,44.34,44.7,84968007,3897823765,1.12,-1.0843106882053477,601012.SH
2022-12-06,44.37,45.26,44.13,44.77,58811468,2710572713,0.78,0.15659955257270042,601012.SH
2022-12-07,44.82,45.98,44.72,45.32,68925431,3214286025,0.91,1.228501228501222,601012.SH
2022-12-08,45.05,45.47,44.84,45.13,70575911,3260858385,0.93,-0.41924095322153354,601012.SH
2022-12-11,44.83,45.01,44.21,44.34,50667057,2312372333,0.67,-1.7504985597163736,601012.SH
2022-12-12,44.25,44.56,43.67,43.76,55034318,2480051237,0.73,-1.3080739738385305,601012.SH
2022-12-13,43.65,44.13,43.13,43.5,58962618,2628313251,0.78,-0.5941499085923119,601012.SH
2022-12-14,43.28,44.05,43.18,44.04,50811241,2275752113,0.67,1.2413793103448256,601012.SH
2022-12-15,43.86,43.92,43.18,43.5,48531124,2162305373,0.64,-1.2261580381471404,601012.SH
2022-12-18,43.37,44.12,43.24,43.47,45499456,2038604701,0.6,-0.06896551724138167,601012.SH
2022-12-19,43.42,43.74,42.92,43.67,51226348,2276086652,0.68,0.4600874166091673,601012.SH
2022-12-20,43.47,43.56,42.45,42.51,51499534,2266710525,0.68,-2.656285779711476,601012.SH
2022-12-21,42.45,42.5,39.45,39.83,148383137,6146677326,1.96,-6.304398964949421,601012.SH
2022-12-22,39.18,40.05,38.87,39.51,70631987,2845628393,0.93,-0.8034145116746161,601012.SH
2022-12-25,39.19,41.16,38.5,40.94,84183458,3480750587,1.11,3.6193368767400758,601012.SH
2022-12-26,40.94,41.67,40.71,41.32,62786689,2656951174,0.83,0.9281875915974735,601012.SH
2022-12-27,40.97,42.01,40.65,41.72,68258322,2904246278,0.9,0.968054211035807,601012.SH
2022-12-28,41.52,42.28,41.34,41.54,41541943,1778084670,0.55,-0.4314477468839839,601012.SH
2022-12-29,41.76,42.19,40.99,41.19,53364259,2269837811,0.7,-0.8425613866153148,601012.SH
2023-01-02,40.99,41.31,39.91,40.97,73504032,3067024452,0.97,-0.5341102209274085,601012.SH
2023-01-03,41.05,41.12,39.41,39.62,92043169,3770403422,1.21,-3.2950939711984373,601012.SH
2023-01-04,39.84,40.6,39.58,40.03,88368211,3629623858,1.17,1.0348308934881478,601012.SH
2023-01-05,40.11,42.48,40.11,41.59,158692569,6808257111,2.09,3.8970771921059244,601012.SH
2023-01-08,41.81,41.99,41.04,41.2,78935081,3356704065,1.04,-0.9377254147631686,601012.SH
2023-01-09,41.79,42.3,41.19,41.49,95953738,4105434896,1.27,0.7038834951456296,601012.SH
2023-01-10,41.87,42.07,41.23,41.33,76434176,3264290150,1.01,-0.3856350927934571,601012.SH
2023-01-11,41.51,42.82,41.4,42.29,120881361,5251753058,1.6,2.32276796515849,601012.SH
2023-01-12,43.13,43.18,41.73,42.3,85540860,3710122294,1.13,0.023646252069031704,601012.SH
2023-01-15,42.3,43.32,41.77,42.89,96258196,4221534374,1.27,1.3947990543735411,601012.SH
2023-01-16,42.98,43.42,42.59,43.16,66065670,2917159096,0.87,0.6295173700163081,601012.SH
2023-01-17,43.57,44.35,43.11,43.6,85596377,3840111057,1.13,1.019462465245602,601012.SH
2023-01-18,43.19,43.85,43.1,43.6,62234261,2778735209,0.82,0.0,601012.SH
2023-01-19,44.01,45.96,43.99,45.96,145232876,6748289962,1.92,5.41284403669724,601012.SH
2023-01-29,47.13,47.33,46.3,46.78,142424836,6859257403,1.88,1.7841601392515338,601012.SH
2023-01-30,46.88,47.58,46.76,46.93,92416260,4465740315,1.22,0.320649850363397,601012.SH
2023-01-31,47.25,47.54,46.62,47.46,87038364,4203974416,1.15,1.129341572554865,601012.SH
2023-02-01,47.47,48.23,47.1,47.42,85505962,4180582235,1.13,-0.08428150021070335,601012.SH
2023-02-02,47.14,47.14,45.03,45.82,112250452,5278838432,1.48,-3.3741037536904273,601012.SH
2023-02-05,45.4,45.66,44.64,45.22,65482739,3022893579,0.86,-1.3094718463553034,601012.SH
2023-02-06,45.54,45.6,44.65,44.87,51815895,2392084765,0.68,-0.7739938080495334,601012.SH
2023-02-07,44.89,45.26,44.65,44.72,39754530,1829622546,0.52,-0.33429908624915683,601012.SH
2023-02-08,44.25,45.16,44.15,45.07,56488286,2597848804,0.75,0.7826475849731729,601012.SH
2023-02-09,45.07,45.07,44.01,44.23,58748278,2673747825,0.78,-1.863767472820066,601012.SH
2023-02-12,44.25,44.64,43.96,44.46,47668945,2170518460,0.63,0.5200090436355609,601012.SH
2023-02-13,44.64,44.69,43.78,44.29,57853949,2615525826,0.76,-0.3823661718398652,601012.SH
2023-02-14,44.46,45.13,43.94,44.09,56625095,2581315291,0.75,-0.45156920298035086,601012.SH
2023-02-15,43.96,44.45,43.03,43.31,68909770,3099747920,0.91,-1.7691086414152846,601012.SH
2023-02-16,43.18,43.55,42.21,42.27,71372588,3127003785,0.94,-2.4012930039251867,601012.SH
2023-02-19,42.28,43.17,41.81,43.0,66480707,2893884679,0.88,1.7269931393423255,601012.SH
2023-02-20,43.08,44.41,42.89,44.05,73357681,3288794928,0.97,2.4418604651162745,601012.SH
2023-02-21,43.74,44.12,43.18,43.25,51384686,2294479330,0.68,-1.8161180476730876,601012.SH
2023-02-22,43.49,44.93,43.43,44.63,103269122,4707853471,1.36,3.1907514450867147,601012.SH
2023-02-23,44.69,44.69,43.5,43.58,62764591,2824730568,0.83,-2.3526775711404935,601012.SH
2023-02-26,43.18,43.96,42.89,43.08,46065886,2047017354,0.61,-1.1473152822395583,601012.SH
2023-02-27,43.1,43.42,42.44,43.12,48597658,2137203053,0.64,0.09285051067779992,601012.SH
2023-02-28,43.12,43.31,42.77,43.02,48180419,2126098694,0.64,-0.2319109461966451,601012.SH
2023-03-01,43.19,43.31,42.26,42.3,55478604,2426053947,0.73,-1.6736401673640322,601012.SH
2023-03-02,42.31,42.72,42.16,42.26,36838492,1600723964,0.49,-0.09456264775413725,601012.SH
2023-03-05,42.42,44.19,42.01,43.88,108645926,4823252432,1.43,3.8334122101277845,601012.SH
2023-03-06,43.76,44.13,43.11,43.31,63859730,2848335436,0.84,-1.2989972652689197,601012.SH
2023-03-07,43.13,43.99,42.43,42.75,58059610,2562340116,0.77,-1.2930039251904946,601012.SH
2023-03-08,42.88,42.98,41.91,41.93,55241472,2389827792,0.73,-1.9181286549707632,601012.SH
2023-03-09,41.21,41.47,40.89,41.05,57616674,2430854168,0.76,-2.098735988552358,601012.SH
2023-03-12,40.86,41.7,40.65,40.93,54839711,2311789028,0.72,-0.2923264311814777,601012.SH
2023-03-13,41.15,41.18,39.84,40.82,72782609,3023175646,0.96,-0.26875152699731286,601012.SH
2023-03-14,41.16,42.25,40.9,41.17,58653805,2492932721,0.77,0.8574228319451205,601012.SH
2023-03-15,40.74,40.89,38.86,38.99,114734454,4655310119,1.51,-5.295117804226379,601012.SH
2023-03-16,39.42,39.65,38.19,38.33,95380266,3792663098,1.26,-1.6927417286483837,601012.SH
2023-03-19,38.09,38.72,37.43,38.22,80514820,3148980826,1.06,-0.28698147665013884,601012.SH
2023-03-20,38.05,38.5,37.64,38.45,71459004,2788823424,0.94,0.6017791732077615,601012.SH
2023-03-21,38.79,38.96,38.06,38.38,71049725,2805450003,0.94,-0.18205461638491904,601012.SH
2023-03-22,38.02,38.52,38.02,38.51,41981681,1649362093,0.55,0.3387180823345437,601012.SH
2023-03-23,38.59,39.27,38.22,39.04,70157845,2801708515,0.93,1.3762659049597614,601012.SH
2023-03-26,39.18,39.67,38.73,39.27,65618957,2639927513,0.87,0.5891393442623016,601012.SH
2023-03-27,39.56,39.56,38.84,38.84,42659242,1707068071,0.56,-1.0949834479246245,601012.SH
2023-03-28,39.09,39.71,38.92,39.02,46043444,1851672596,0.61,0.4634397528321399,601012.SH
2023-03-29,39.0,39.55,38.69,39.48,69791210,2813220439,0.92,1.1788826242952188,601012.SH
2023-03-30,39.52,39.93,39.33,39.39,55930641,2270277549,0.74,-0.22796352583586144,601012.SH
2023-04-02,39.72,40.08,39.1,39.6,61996398,2518115664,0.82,0.5331302361005319,601012.SH
2023-04-03,39.66,39.66,38.74,39.17,66944340,2678956498,0.88,-1.08585858585859,601012.SH
2023-04-05,38.99,39.45,38.87,39.27,44238690,1774400429,0.58,0.25529742149603685,601012.SH
2023-04-06,39.26,39.94,39.06,39.45,47116142,1912241528,0.62,0.4583651642475095,601012.SH
2023-04-09,39.69,40.22,39.45,40.19,63590494,2604302777,0.84,1.8757921419518153,601012.SH
2023-04-10,40.44,40.45,39.36,39.44,77047463,3134487790,1.02,-1.8661358546902207,601012.SH
2023-04-11,39.38,39.38,38.5,38.61,70316676,2794776310,0.93,-2.1044624746450302,601012.SH
2023-04-12,38.7,39.07,38.29,38.38,50323092,1993140281,0.66,-0.5957005957005879,601012.SH
2023-04-13,38.13,38.79,37.54,38.27,65955544,2587382887,0.87,-0.28660760812923014,601012.SH
2023-04-16,38.19,38.74,38.03,38.62,53645967,2118102885,0.71,0.9145544813169426,601012.SH
2023-04-17,38.86,39.33,38.68,39.0,63250295,2532040966,0.83,0.9839461418954087,601012.SH
2023-04-18,39.06,39.11,37.89,37.94,84715089,3316621785,1.12,-2.717948717948726,601012.SH
2023-04-19,37.82,37.87,36.36,36.66,120177554,4547548371,1.59,-3.3737480231945227,601012.SH
2023-04-20,36.61,37.34,36.11,36.49,93891753,3534855794,1.24,-0.4637206764866231,601012.SH
2023-04-23,36.33,36.36,35.09,35.31,89548737,3258702229,1.18,-3.2337626747053982,601012.SH
2023-04-24,35.22,35.57,33.99,34.12,96318169,3400448225,1.27,-3.370150099122071,601012.SH
2023-04-25,34.09,36.31,33.82,35.34,117170889,4241878374,1.55,3.5756154747948576,601012.SH
2023-04-26,35.36,35.47,34.31,35.06,79208402,2825318697,1.05,-0.7923033389926504,601012.SH
2023-04-27,34.6,34.83,33.58,33.99,150595943,5256435706,1.99,-3.051911009697661,601012.SH
2023-05-03,33.71,34.15,33.17,33.23,103790546,3566181762,1.37,-2.235951750514875,601012.SH
2023-05-04,33.04,33.04,32.04,32.32,124302529,4134979218,1.64,-2.73848931688232,601012.SH
2023-05-07,32.38,32.94,32.07,32.68,82477157,2752822163,1.09,1.1138613861386037,601012.SH
2023-05-08,32.85,32.89,32.14,32.19,74279450,2467768797,0.98,-1.499388004895963,601012.SH
2023-05-09,32.07,32.73,31.89,32.56,75643640,2511216032,1.0,1.1494252873563315,601012.SH
2023-05-10,32.79,33.32,32.36,32.9,82717289,2794777595,1.09,1.0442260442260265,601012.SH
2023-05-11,32.85,32.99,31.92,31.97,79579043,2632738662,1.05,-2.8267477203647418,601012.SH
2023-05-14,31.97,32.97,31.97,32.97,92095666,3088262127,1.22,3.127932436659364,601012.SH
2023-05-15,32.99,33.33,32.63,32.79,68947721,2329331018,0.91,-0.5459508644222066,601012.SH
2023-05-16,33.15,33.48,32.6,32.8,64493086,2177000579,0.85,0.030497102775228768,601012.SH
2023-05-17,32.68,32.76,32.07,32.24,64558693,2139815414,0.85,-1.7073170731707221,601012.SH
2023-05-18,32.15,32.16,31.79,32.13,60420935,1982730804,0.8,-0.3411910669975149,601012.SH
2023-05-21,31.99,32.7,31.92,32.51,66584525,2210809614,0.88,1.1826953003423402,601012.SH
2023-05-22,32.36,32.84,32.03,32.07,61042761,2024011562,0.81,-1.3534297139341622,601012.SH
2023-05-23,31.94,32.89,31.63,32.27,115322445,3820680994,1.52,0.6236357966947326,601012.SH
2023-05-24,31.88,32.3,31.34,31.62,139412088,4544351658,1.84,-2.0142547257514742,601012.SH
2023-05-25,31.32,31.32,30.1,30.69,143373275,4489110018,1.89,-2.941176470588236,601012.SH
2023-05-28,30.94,30.94,29.26,29.48,157555675,4791851635,2.08,-3.942652329749108,601012.SH
2023-05-29,29.24,29.48,28.28,28.75,165612489,4881820766,2.19,-2.4762550881953893,601012.SH
2023-05-30,28.66,28.82,28.05,28.09,114333417,3313375499,1.51,-2.295652173913043,601012.SH
2023-05-31,28.09,28.34,27.88,27.9,94846019,2733247894,1.25,-0.6763972944108243,601012.SH
2023-06-01,28.07,28.69,27.83,28.5,107596279,3136148389,1.42,2.1505376344086002,601012.SH
2023-06-04,28.46,28.57,27.62,27.69,108063213,3095760290,1.43,-2.8421052631578902,601012.SH
2023-06-05,27.67,27.67,26.94,26.96,114212162,3185390666,1.51,-2.6363308053448886,601012.SH
2023-06-06,27.35,27.56,26.59,26.8,93772434,2591066173,1.24,-0.5934718100890191,601012.SH
2023-06-07,26.8,27.13,26.63,26.65,92243880,2541337212,1.22,-0.5597014925373234,601012.SH
2023-06-08,26.61,27.07,26.33,26.9,116106907,3196323205,1.53,0.9380863039399667,601012.SH
2023-06-11,26.84,27.37,26.49,27.12,100009802,2771123739,1.32,0.8178438661710086,601012.SH
2023-06-12,27.0,27.25,26.78,27.05,75198693,2080492205,0.99,-0.2581120943952797,601012.SH
2023-06-13,27.06,27.17,26.63,26.63,94396045,2600302020,1.25,-1.5526802218114644,601012.SH
2023-06-14,26.63,28.53,26.54,28.44,269027727,7642940566,3.55,6.796845662786333,601012.SH
2023-06-15,28.5,29.0,28.27,28.88,211363122,6219801113,2.79,1.5471167369901506,601012.SH
2023-06-18,28.98,28.98,28.21,28.63,119855768,3462429940,1.58,-0.8656509695290859,601012.SH
2023-06-19,28.46,28.8,28.22,28.39,87968553,2533980105,1.16,-0.8382815228780927,601012.SH
2023-06-20,28.31,28.71,27.63,27.65,115369186,3281017932,1.52,-2.6065516026770097,601012.SH
2023-06-25,27.36,28.21,27.03,27.67,106561009,2969480797,1.41,0.07233273056059808,601012.SH
2023-06-26,27.71,28.41,27.32,27.84,100090104,2823086142,1.32,0.6143838091796194,601012.SH
2023-06-27,27.79,29.07,27.58,28.97,217675194,6310237819,2.87,4.058908045977017,601012.SH
2023-06-28,29.0,29.52,28.47,28.5,167319578,4897457037,2.21,-1.6223679668622704,601012.SH
2023-06-29,28.43,28.83,28.09,28.33,139580113,4017050293,1.84,-0.596491228070184,601012.SH
2023-07-02,28.33,28.95,28.23,28.53,115034620,3329319984,1.52,0.7059654076950306,601012.SH
2023-07-03,28.54,28.7,28.26,28.47,86753623,2497224482,1.14,-0.2103049421661507,601012.SH
2023-07-04,28.47,28.47,27.76,27.81,97080942,2753408960,1.28,-2.3182297154899945,601012.SH
2023-07-05,27.68,27.84,27.37,27.56,68420511,1910525414,0.9,-0.8989572096368192,601012.SH
2023-07-06,27.42,27.5,26.99,27.03,75908787,2087565631,1.0,-1.9230769230769162,601012.SH
2023-07-09,27.25,29.38,27.17,29.33,287700164,8392411402,3.8,8.509064002959654,601012.SH
2023-07-10,29.29,29.29,28.54,28.89,132139951,3853372340,1.74,-1.5001704739174837,601012.SH
2023-07-11,28.88,30.61,28.37,30.18,284773478,8599331681,3.76,4.4652128764278265,601012.SH
2023-07-12,30.21,30.93,30.04,30.3,187284715,5750139118,2.47,0.3976143141153132,601012.SH
2023-07-13,30.11,30.48,29.63,29.68,148801028,4501547319,1.96,-2.0462046204620443,601012.SH
2023-07-16,29.4,29.83,29.21,29.43,82001642,2442225177,1.08,-0.8423180592991963,601012.SH
2023-07-17,29.64,29.72,28.91,29.15,88232170,2600239433,1.16,-0.951410125722052,601012.SH
2023-07-18,29.15,29.17,28.71,28.89,64572233,1886337313,0.85,-0.8919382504288142,601012.SH
2023-07-19,29.0,29.91,28.74,29.21,152913618,4533131818,2.02,1.1076497057805446,601012.SH
2023-07-20,28.95,29.1,28.26,28.35,141951442,4108657000,1.87,-2.944197192742215,601012.SH
2023-07-23,28.13,28.44,27.85,28.0,64768818,1841754220,0.85,-1.2345679012345734,601012.SH
2023-07-24,28.43,29.12,28.31,28.87,126207317,3680517625,1.67,3.107142857142864,601012.SH
2023-07-25,28.78,29.31,28.64,28.94,100655387,2952125389,1.33,0.24246622791825878,601012.SH
2023-07-26,28.83,29.03,28.23,28.31,111683288,3232654920,1.47,-2.1769177608846,601012.SH
2023-07-27,28.17,29.29,27.98,29.15,137567129,4011861437,1.82,2.96714941716707,601012.SH
2023-07-30,29.44,30.12,29.34,29.49,142726346,4284580271,1.88,1.1663807890222921,601012.SH
2023-07-31,29.49,29.68,28.78,28.95,118055701,3477943851,1.56,-1.831129196337744,601012.SH
2023-08-01,28.96,29.12,28.65,28.74,73225752,2134347186,0.97,-0.7253886010362698,601012.SH
2023-08-02,29.52,30.51,29.43,30.48,294502147,8985302113,3.89,6.0542797494780975,601012.SH
2023-08-03,30.8,30.83,30.09,30.39,187951466,5793661287,2.48,-0.2952755905511806,601012.SH
2023-08-06,30.4,30.51,29.94,30.14,94648310,2879540930,1.25,-0.8226390259953975,601012.SH
2023-08-07,30.44,30.53,29.52,29.87,115000012,3475408734,1.52,-0.8958195089581955,601012.SH
2023-08-08,29.66,30.05,29.63,29.75,83830392,2528543708,1.11,-0.401740877134249,601012.SH
2023-08-09,29.66,30.11,29.66,29.85,81608964,2467101833,1.08,0.3361344537815114,601012.SH
2023-08-10,29.79,29.79,29.05,29.07,101319980,3011237243,1.34,-2.6130653266331683,601012.SH
2023-08-13,28.67,28.97,28.43,28.96,87698275,2548216659,1.16,-0.37839697282421314,601012.SH
2023-08-14,28.86,28.93,27.93,28.05,125272991,3581741597,1.65,-3.142265193370164,601012.SH
2023-08-15,27.86,28.23,27.58,27.61,89310530,2513336043,1.18,-1.5686274509803977,601012.SH
2023-08-16,27.38,27.93,27.19,27.84,75107940,2097194770,0.99,0.8330315103223462,601012.SH
2023-08-17,27.76,28.14,27.57,27.58,89352082,2519992054,1.18,-0.9339080459770166,601012.SH
2023-08-20,27.26,27.38,26.69,26.69,110615040,3020626559,1.46,-3.22697606961565,601012.SH
2023-08-21,26.82,26.92,25.09,25.53,244960434,6357169944,3.23,-4.346197077557134,601012.SH
2023-08-22,25.24,25.35,24.49,24.51,133432720,3364687283,1.76,-3.9952996474735603,601012.SH
2023-08-23,24.51,25.78,24.51,25.45,153524018,3932404569,2.03,3.8351693186454483,601012.SH
2023-08-24,25.25,25.59,25.01,25.22,76417812,1954007718,1.01,-0.9037328094302577,601012.SH
2023-08-27,27.17,27.22,25.96,26.16,188183985,5057315453,2.48,3.7272006344171382,601012.SH
2023-08-28,26.16,26.93,26.1,26.78,124133279,3348455115,1.64,2.3700305810397504,601012.SH
2023-08-29,26.8,27.11,26.43,26.53,101226157,2734086791,1.34,-0.9335324869305439,601012.SH
2023-08-30,26.49,26.64,26.1,26.23,72665862,1935398295,0.96,-1.1307953260459858,601012.SH
2023-08-31,26.39,26.48,26.11,26.26,48686646,1292837165,0.64,0.1143728555089707,601012.SH
2023-09-03,26.48,26.76,26.02,26.72,99568116,2673181359,1.31,1.7517136329017413,601012.SH
2023-09-04,26.56,28.11,26.36,27.76,220343826,6101814324,2.91,3.8922155688622784,601012.SH
2023-09-05,27.4,28.04,27.27,27.54,153774286,4290199689,2.03,-0.7925072046109594,601012.SH
2023-09-06,27.32,27.32,26.42,26.42,118236730,3206173540,1.56,-4.066811909949153,601012.SH
2023-09-07,26.28,26.49,25.89,26.0,76072836,2009039339,1.0,-1.5897047691143085,601012.SH
2023-09-10,25.84,26.55,25.69,26.34,93810277,2484803883,1.24,1.3076923076922986,601012.SH
2023-09-11,26.16,26.82,25.98,26.53,95325850,2549099537,1.26,0.7213363705391052,601012.SH
2023-09-12,26.39,26.67,25.99,26.09,59515509,1581734077,0.79,-1.6584998115341198,601012.SH
2023-09-13,26.09,26.16,25.71,25.82,57496401,1506241855,0.76,-1.0348792640858528,601012.SH
2023-09-14,25.97,26.38,25.76,25.95,84923298,2238194451,1.12,0.5034856700232293,601012.SH
2023-09-17,25.78,26.41,25.47,26.0,71963525,1895927723,0.95,0.19267822736031004,601012.SH
2023-09-18,25.93,25.96,25.54,25.64,62864890,1633045260,0.83,-1.3846153846153841,601012.SH
2023-09-19,25.72,25.81,25.34,25.43,49699353,1283810819,0.66,-0.8190327613104564,601012.SH
2023-09-20,25.28,25.48,25.08,25.08,61657192,1573694066,0.81,-1.3763271726307535,601012.SH
2023-09-21,24.9,25.67,24.88,25.64,94814299,2430765787,1.25,2.232854864433831,601012.SH
2023-09-24,25.49,26.03,25.41,25.87,85949750,2240496531,1.13,0.8970358814352597,601012.SH
2023-09-25,25.79,26.11,25.75,25.83,62986317,1651556553,0.83,-0.15461925009664368,601012.SH
2023-09-26,25.83,27.64,25.8,27.41,239748843,6569522908,3.16,6.116918312040265,601012.SH
2023-09-27,27.39,27.61,26.92,26.95,133371320,3669438036,1.76,-1.6782196278730455,601012.SH
2023-10-08,26.82,27.03,26.46,26.78,92318767,2499365827,1.22,-0.630797773654912,601012.SH
2023-10-09,26.78,26.91,26.37,26.39,75115036,2018932509,0.99,-1.4563106796116498,601012.SH
2023-10-10,26.66,27.27,26.53,26.64,97900704,2659249558,1.29,0.9473285335354298,601012.SH
2023-10-11,26.83,27.09,26.53,26.99,102125938,2775269446,1.35,1.3138138138138133,601012.SH
2023-10-12,26.66,26.66,26.25,26.48,84795892,2264826037,1.12,-1.8895887365690922,601012.SH
2023-10-15,26.32,26.76,25.86,26.01,79521331,2109172218,1.05,-1.7749244712990886,601012.SH
2023-10-16,26.13,26.2,25.76,25.91,55629040,1461519893,0.73,-0.3844675124952013,601012.SH
2023-10-17,25.9,25.9,25.5,25.56,52581628,1362958248,0.69,-1.3508297954457849,601012.SH
2023-10-18,25.3,25.65,25.1,25.15,76849730,1967808636,1.01,-1.6040688575899797,601012.SH
2023-10-19,24.97,25.45,24.87,25.24,91872001,2344863075,1.21,0.3578528827037797,601012.SH
2023-10-22,25.0,25.04,24.18,24.4,98435573,2443261753,1.3,-3.3280507131537185,601012.SH
2023-10-23,24.4,24.58,23.95,24.4,82216949,2019425714,1.08,0.0,601012.SH
2023-10-24,24.61,24.8,24.25,24.35,81609932,2025264429,1.08,-0.2049180327868716,601012.SH
2023-10-25,23.77,23.89,23.08,23.61,132566302,3144111382,1.75,-3.039014373716642,601012.SH
2023-10-26,23.3,24.77,23.27,24.68,133811722,3272042799,1.77,4.531977975434143,601012.SH
2023-10-29,24.42,25.08,24.35,24.86,96013873,2406053716,1.27,0.7293354943273878,601012.SH
2023-10-30,23.68,24.24,23.65,23.84,155497107,3760351672,2.05,-4.102976669348346,601012.SH
2023-10-31,23.66,23.79,22.95,23.05,155287398,3653692188,2.05,-3.313758389261745,601012.SH
2023-11-01,22.97,23.11,22.13,22.14,176863156,4032721244,2.33,-3.947939262472888,601012.SH
2023-11-02,22.13,22.75,22.11,22.6,128526726,2933232088,1.7,2.0776874435411097,601012.SH
2023-11-05,22.76,23.48,22.74,23.17,142217748,3334656164,1.88,2.522123893805306,601012.SH
2023-11-06,23.18,23.22,22.79,23.15,96384547,2241677535,1.27,-0.08631851532154844,601012.SH
2023-11-07,23.07,23.45,22.93,23.14,99070912,2323813301,1.31,-0.043196544276447035,601012.SH
2023-11-08,23.0,24.27,22.92,23.95,234394450,5675198292,3.09,3.5004321521175497,601012.SH
2023-11-09,23.73,23.75,23.25,23.25,124791728,2954913312,1.65,-2.9227557411273475,601012.SH
2023-11-12,23.42,23.78,23.28,23.55,89379897,2125224008,1.18,1.2903225806451646,601012.SH
2023-11-13,23.63,23.85,23.3,23.45,106310423,2528189498,1.4,-0.4246284501061681,601012.SH
2023-11-14,23.89,24.34,23.69,24.1,180220263,4388281024,2.38,2.771855010660995,601012.SH
2023-11-15,23.92,23.95,23.42,23.43,122351654,2919005575,1.61,-2.7800829875518795,601012.SH
2023-11-16,23.23,23.32,23.07,23.31,81540878,1913708561,1.08,-0.5121638924455829,601012.SH
2023-11-19,23.3,23.4,22.92,23.21,76748622,1796891969,1.01,-0.4290004290004146,601012.SH
2023-11-20,23.29,23.46,22.98,23.01,88626397,2083796038,1.17,-0.861697544161999,601012.SH
2023-11-21,22.88,22.98,22.52,22.52,82250799,1889651351,1.09,-2.1295089091699304,601012.SH
2023-11-22,22.51,22.66,22.33,22.61,70521330,1605082333,0.93,0.399644760213147,601012.SH
2023-11-23,22.57,22.57,22.23,22.25,71101943,1606269172,0.94,-1.5922158337019043,601012.SH
2023-11-26,22.23,22.23,21.56,21.61,105333810,2314160457,1.39,-2.8764044943820233,601012.SH
2023-11-27,21.51,21.71,21.34,21.64,69585855,1516713166,0.92,0.13882461823231385,601012.SH
2023-11-28,21.64,21.69,21.14,21.2,83308408,1795537037,1.1,-2.0332717190388205,601012.SH
2023-11-29,21.15,21.36,20.94,20.98,75831939,1619503172,1.0,-1.037735849056598,601012.SH
2023-11-30,20.85,21.03,20.63,20.96,94275318,1987593611,1.24,-0.09532888465204614,601012.SH
2023-12-03,20.97,21.11,20.81,20.81,63928704,1352736166,0.84,-0.7156488549618367,601012.SH
2023-12-04,20.76,21.02,20.34,20.36,93581349,1960918832,1.23,-2.162421912542045,601012.SH
2023-12-05,20.25,21.04,20.21,20.85,112859804,2375564526,1.49,2.4066797642436244,601012.SH
2023-12-06,20.7,20.75,20.38,20.53,84114882,1747690036,1.11,-1.534772182254196,601012.SH
2023-12-07,20.71,20.75,20.35,20.48,70311689,1462786866,0.93,-0.243546030199715,601012.SH
2023-12-10,20.24,20.59,19.97,20.55,96010247,1964585569,1.27,0.341796875,601012.SH
2023-12-11,20.5,20.79,20.44,20.57,71017043,1479629370,0.94,0.09732360097323145,601012.SH
2023-12-12,20.35,20.52,20.04,20.05,72573079,1486211330,0.96,-2.5279533300923696,601012.SH
2023-12-13,20.25,20.58,20.07,20.09,65268613,1338634084,0.86,0.19950124688279391,601012.SH
2023-12-14,20.23,20.83,20.23,20.43,158029221,3286300138,2.09,1.6923842707814885,601012.SH
2023-12-17,20.28,20.43,19.91,19.95,79044490,1607566044,1.04,-2.3494860499265857,601012.SH
2023-12-18,19.89,20.35,19.77,20.13,88068507,1791144879,1.16,0.9022556390977376,601012.SH
2023-12-19,20.21,20.32,20.03,20.04,72312893,1474750757,0.95,-0.44709388971684305,601012.SH
2023-12-20,19.89,21.19,19.84,21.02,246619481,5202143498,3.25,4.890219560878251,601012.SH
2023-12-21,20.9,21.28,20.66,20.97,147876015,3135909898,1.95,-0.23786869647954845,601012.SH
2023-12-24,20.99,21.1,20.79,21.02,69229858,1466873184,0.91,0.2384358607534498,601012.SH
2023-12-25,20.97,20.97,20.61,20.73,72784618,1529795804,0.96,-1.3796384395813432,601012.SH
2023-12-26,20.73,20.81,20.23,20.43,81230465,1676695270,1.07,-1.447178002894356,601012.SH
2023-12-27,20.36,22.48,20.26,22.48,311857893,6888607315,4.12,10.0342633382281,601012.SH
2023-12-28,22.92,22.92,22.45,22.63,265105103,6085166247,3.5,0.6672597864768592,601012.SH
2024-01-01,22.34,22.62,21.93,21.93,158862023,3561320754,2.1,-3.093239063190456,601012.SH
2024-01-02,21.93,22.31,21.83,22.12,129243542,2882721820,1.71,0.8663930688554533,601012.SH
2024-01-03,22.01,22.03,21.49,21.72,111338146,2444688691,1.47,-1.8083182640144746,601012.SH
2024-01-04,21.6,21.98,21.11,21.32,113427161,2472077498,1.5,-1.8416206261510082,601012.SH
2024-01-07,21.15,21.91,21.1,21.35,118135678,2572504539,1.56,0.1407129455909928,601012.SH
2024-01-08,21.36,22.6,21.18,21.97,207367024,4612609293,2.74,2.903981264637001,601012.SH
2024-01-09,21.74,22.53,21.6,21.96,167731454,3755500025,2.21,-0.045516613563945096,601012.SH
2024-01-10,21.76,22.23,21.66,22.09,157721001,3504532528,2.08,0.5919854280509895,601012.SH
2024-01-11,21.93,22.53,21.77,21.84,156650159,3505886714,2.07,-1.131733816206426,601012.SH
2024-01-14,21.64,22.01,21.5,21.58,107490517,2358263661,1.42,-1.1904761904761973,601012.SH
2024-01-15,21.44,22.06,21.32,21.85,133489043,2938793848,1.76,1.2511584800741549,601012.SH
2024-01-16,21.74,21.74,21.02,21.04,116013802,2507187825,1.53,-3.70709382151031,601012.SH
2024-01-17,20.81,22.55,20.76,22.53,317669951,7033198433,4.19,7.081749049429664,601012.SH
2024-01-18,22.37,22.51,21.84,21.84,177203728,3958954246,2.34,-3.0625832223701743,601012.SH
2024-01-21,21.74,21.93,21.15,21.46,156563145,3418198049,2.07,-1.7399267399267337,601012.SH
2024-01-22,21.43,22.28,21.2,21.8,159178081,3518887773,2.1,1.5843429636533068,601012.SH
2024-01-23,21.83,21.92,20.86,21.52,166323771,3595040079,2.19,-1.2844036697247763,601012.SH
2024-01-24,21.4,22.03,21.1,22.03,156629139,3424201706,2.07,2.3698884758364347,601012.SH
2024-01-25,21.79,22.15,21.56,21.7,115554208,2551259029,1.52,-1.4979573309124028,601012.SH
2024-01-28,21.44,21.45,20.16,20.16,205640594,4295463545,2.71,-7.096774193548383,601012.SH
2024-01-29,20.03,20.43,19.94,19.99,98092688,2001228177,1.29,-0.8432539682539764,601012.SH
2024-01-30,19.91,20.21,19.12,19.12,154970173,3060176664,2.04,-4.352176088044013,601012.SH
2024-01-31,18.86,19.85,18.86,19.36,112429056,2212673585,1.48,1.2552301255229992,601012.SH
2024-02-01,19.27,19.48,17.99,18.64,144909967,2748174116,1.91,-3.7190082644628086,601012.SH
2024-02-04,18.57,18.63,17.39,17.95,150172934,2740768426,1.98,-3.701716738197436,601012.SH
2024-02-05,17.89,19.4,17.82,19.37,164509778,3142216366,2.17,7.910863509749322,601012.SH
2024-02-06,19.42,19.87,19.19,19.53,166356017,3295976579,2.2,0.826019617965934,601012.SH
2024-02-07,19.66,20.12,19.66,19.97,123119019,2478967593,1.62,2.252944188428052,601012.SH
2024-02-18,19.97,20.11,19.76,19.95,97520976,1962738592,1.29,-0.10015022533800266,601012.SH
2024-02-19,19.94,19.94,19.5,19.74,88467178,1757737151,1.17,-1.0526315789473717,601012.SH
2024-02-20,19.57,20.49,19.44,20.16,135713889,2757569346,1.79,2.1276595744680993,601012.SH
2024-02-21,20.06,20.74,20.06,20.37,101104877,2082462224,1.33,1.041666666666674,601012.SH
2024-02-22,20.37,20.84,20.37,20.63,115406792,2411162032,1.52,1.2763868433971481,601012.SH
2024-02-25,20.65,20.74,20.3,20.43,92406540,1917118519,1.22,-0.9694619486185108,601012.SH
2024-02-26,20.35,20.75,20.26,20.75,102484010,2128543456,1.35,1.566324033284383,601012.SH
2024-02-27,20.97,21.58,20.37,20.37,181017366,3852192703,2.39,-1.8313253012048114,601012.SH
2024-02-28,20.2,21.0,20.12,20.99,139351275,2920787468,1.84,3.043691703485507,601012.SH
2024-02-29,21.24,21.42,20.84,21.34,162120062,3475248721,2.14,1.6674606955693339,601012.SH
2024-03-03,21.3,21.72,21.11,21.27,141672831,3061363899,1.87,-0.32802249297094743,601012.SH
2024-03-04,21.04,21.07,20.6,20.77,135556278,2850175247,1.79,-2.350728725905027,601012.SH
2024-03-05,20.75,21.58,20.49,21.17,155308871,3313587664,2.05,1.9258545979778718,601012.SH
2024-03-06,21.04,21.22,20.55,20.55,109826856,2315713399,1.45,-2.9286726499763827,601012.SH
2024-03-07,20.57,21.39,20.57,21.27,167907180,3595525702,2.22,3.5036496350364876,601012.SH
2024-03-10,21.72,22.07,21.32,21.89,217045156,4767220656,2.86,2.9149036201222334,601012.SH
2024-03-11,21.95,22.29,21.8,22.05,171224489,3815728131,2.26,0.7309273640931924,601012.SH
2024-03-12,21.99,21.99,21.58,21.63,125699278,2764116455,1.66,-1.904761904761909,601012.SH
2024-03-13,21.63,21.72,21.07,21.29,110653657,2394231759,1.46,-1.5718908922792374,601012.SH
2024-03-14,21.2,21.3,20.87,21.15,93310753,1987194354,1.23,-0.6575857209957792,601012.SH
2024-03-17,21.18,21.41,21.05,21.41,108590171,2336927185,1.43,1.2293144208037843,601012.SH
2024-03-18,21.23,21.57,20.9,20.9,136318535,2916690370,1.8,-2.3820644558617543,601012.SH
2024-03-19,20.87,21.13,20.67,20.86,93926679,1983439091,1.24,-0.191387559808609,601012.SH
2024-03-20,20.78,20.91,20.52,20.6,99508222,2079052565,1.31,-1.2464046021092856,601012.SH
2024-03-21,20.47,20.53,19.83,19.85,136915125,2776339340,1.81,-3.6407766990291246,601012.SH
2024-03-24,19.76,20.05,19.63,19.7,80229775,1609005780,1.06,-0.7556675062972418,601012.SH
2024-03-25,19.76,20.1,19.66,19.98,85389396,1715647130,1.13,1.4213197969543234,601012.SH
2024-03-26,19.97,19.97,19.31,19.31,91370469,1811244817,1.21,-3.353353353353361,601012.SH
2024-03-27,19.31,19.59,19.28,19.37,70429251,1384672899,0.93,0.31071983428276884,601012.SH
2024-03-28,19.41,19.53,19.05,19.28,72830409,1420515920,0.96,-0.4646360351058365,601012.SH
2024-03-31,19.42,19.93,19.38,19.91,101911923,2038910511,1.34,3.2676348547717726,601012.SH
2024-04-01,19.91,20.02,19.56,19.81,88354180,1766602099,1.17,-0.5022601707684649,601012.SH
2024-04-02,19.71,19.85,19.55,19.61,58842673,1170345857,0.78,-1.009591115598174,601012.SH
2024-04-07,19.56,19.56,19.17,19.18,73266119,1431786921,0.97,-2.192758796532379,601012.SH
2024-04-08,19.17,19.54,19.14,19.43,61760066,1213041343,0.81,1.3034410844629862,601012.SH
2024-04-09,19.43,19.45,18.85,18.94,67519588,1302305275,0.89,-2.521873391662366,601012.SH
2024-04-10,18.86,19.0,18.61,18.79,60596159,1154142990,0.8,-0.7919746568109898,601012.SH
2024-04-11,18.79,18.86,18.31,18.34,75958905,1421011642,1.0,-2.394890899414581,601012.SH
2024-04-14,18.33,18.81,18.29,18.47,80228365,1506081290,1.06,0.7088331515812341,601012.SH
2024-04-15,18.45,18.45,17.94,17.98,73071814,1339533054,0.96,-2.6529507309149936,601012.SH
2024-04-16,18.01,18.38,18.01,18.38,70902674,1309818550,0.94,2.2246941045606095,601012.SH
2024-04-17,18.32,18.69,18.0,18.56,85820272,1602270218,1.13,0.9793253536452662,601012.SH
2024-04-18,18.46,18.46,18.03,18.23,90072914,1658497546,1.19,-1.7780172413793038,601012.SH
2024-04-21,18.77,19.44,18.76,19.02,168203680,3255373716,2.22,4.333516182117392,601012.SH
2024-04-22,18.81,19.1,18.51,18.55,91924394,1739279979,1.21,-2.4710830704521514,601012.SH
2024-04-23,18.57,18.61,18.13,18.28,70340445,1300237522,0.93,-1.4555256064689992,601012.SH
2024-04-24,18.18,18.36,17.88,18.05,76537608,1399919826,1.01,-1.2582056892779026,601012.SH
2024-04-25,17.98,18.48,17.93,18.4,97796975,1814623706,1.29,1.9390581717451338,601012.SH
2024-04-28,18.42,19.1,18.39,18.77,129473597,2460590224,1.71,2.010869565217388,601012.SH
2024-04-29,18.38,18.48,17.89,17.98,180880696,3306061395,2.39,-4.208843899840165,601012.SH
2024-05-05,18.08,18.46,18.08,18.29,111996885,2074242531,1.48,1.724137931034475,601012.SH
2024-05-06,18.18,18.54,18.01,18.54,101616515,1886072659,1.34,1.3668671405139499,601012.SH
2024-05-07,18.54,18.54,18.28,18.29,67601841,1255470468,0.89,-1.3484358144552289,601012.SH
2024-05-08,18.37,19.07,18.35,18.73,146389948,2789006257,1.93,2.4056861673045438,601012.SH
2024-05-09,18.69,18.69,18.29,18.4,105445146,1965177639,1.39,-1.7618793379605036,601012.SH
2024-05-12,18.38,18.86,18.09,18.69,122782706,2308094699,1.62,1.5760869565217606,601012.SH
2024-05-13,18.76,18.77,18.5,18.6,66436989,1250412006,0.88,-0.48154093097912964,601012.SH
2024-05-14,18.6,18.82,18.43,18.45,57277051,1075756255,0.76,-0.8064516129032362,601012.SH
2024-05-15,18.39,18.45,18.18,18.32,70768296,1311818671,0.93,-0.7046070460704601,601012.SH
2024-05-16,18.13,18.4,17.94,18.4,79274478,1456614251,1.05,0.4366812227074135,601012.SH
2024-05-19,18.28,18.52,18.23,18.28,62363263,1157588691,0.82,-0.6521739130434634,601012.SH
2024-05-20,18.25,18.27,18.04,18.08,53146244,973606667,0.7,-1.0940919037199293,601012.SH
2024-05-21,18.29,19.62,18.29,19.33,300693205,5765513882,3.97,6.9137168141592875,601012.SH
2024-05-22,19.27,19.32,18.63,18.7,177308015,3394936375,2.34,-3.259182617692702,601012.SH
2024-05-23,18.63,19.07,18.5,18.54,113040047,2145871399,1.49,-0.8556149732620311,601012.SH
2024-05-26,18.55,18.63,18.06,18.31,97675581,1800967636,1.29,-1.240560949298819,601012.SH
2024-05-27,18.22,18.48,18.15,18.27,67522872,1247997775,0.89,-0.21845985800108547,601012.SH
2024-05-28,18.47,19.16,18.47,18.77,190074122,3645745737,2.51,2.736726874657913,601012.SH
2024-05-29,18.88,19.07,18.6,18.67,97719717,1856844567,1.29,-0.5327650506126713,601012.SH
2024-05-30,18.69,18.72,18.35,18.37,83109102,1552557291,1.1,-1.6068559185859699,601012.SH
2024-06-02,18.32,18.34,18.13,18.3,69763786,1286583824,0.92,-0.3810560696788312,601012.SH
2024-06-03,18.22,18.43,18.08,18.41,66617027,1231272622,0.88,0.6010928961748707,601012.SH
2024-06-04,18.18,18.2,17.99,18.06,72848417,1334767802,0.96,-1.9011406844106515,601012.SH
2024-06-05,18.03,18.23,16.9,16.97,192123427,3376060586,2.54,-6.035437430786272,601012.SH
2024-06-06,16.85,17.07,16.34,16.54,163618929,2739495927,2.16,-2.533883323512076,601012.SH
2024-06-10,16.41,16.49,16.21,16.39,76439093,1266989618,1.01,-0.9068923821039854,601012.SH
2024-06-11,16.45,16.48,16.26,16.45,67113587,1113468906,0.89,0.36607687614398365,601012.SH
2024-06-12,16.45,16.53,16.28,16.31,65970756,1093118058,0.87,-0.8510638297872353,601012.SH
2024-06-13,16.32,16.59,16.06,16.52,83305395,1386972976,1.1,1.2875536480686733,601012.SH
2024-06-16,16.52,16.68,16.25,16.52,66002552,1101457019,0.87,0.0,601012.SH
2024-06-17,16.49,16.74,16.45,16.54,57319469,961572891,0.76,0.1210653753026536,601012.SH
2024-06-18,16.54,16.54,16.13,16.16,74791398,1229311837,0.99,-2.2974607013301007,601012.SH
2024-06-19,16.1,16.1,15.38,15.39,133603956,2114995523,1.76,-4.7648514851485135,601012.SH
2024-06-20,15.39,15.79,15.27,15.27,105776216,1656667322,1.4,-0.7797270955165803,601012.SH
2024-06-23,15.15,15.27,14.82,14.85,101494997,1541305225,1.34,-2.7504911591355596,601012.SH
2024-06-24,14.84,14.99,14.14,14.27,154008165,2251920621,2.03,-3.9057239057239013,601012.SH
2024-06-25,14.27,14.52,14.06,14.48,114266965,1654972376,1.51,1.4716187806587344,601012.SH
2024-06-26,14.36,14.44,14.09,14.09,83292783,1197505307,1.1,-2.6933701657458564,601012.SH
2024-06-27,14.11,14.27,13.81,13.85,101795794,1445147114,1.34,-1.7033356990773574,601012.SH
2024-06-30,13.84,14.02,13.6,13.88,84507015,1180658759,1.12,0.21660649819494893,601012.SH
2024-07-01,13.81,13.91,13.61,13.65,75838881,1053524534,1.0,-1.6570605187319898,601012.SH
2024-07-02,13.6,13.84,13.45,13.68,84253170,1163233797,1.11,0.219780219780219,601012.SH
2024-07-03,13.7,13.74,13.29,13.3,85024086,1154990920,1.12,-2.777777777777768,601012.SH
2024-07-04,13.24,13.51,13.18,13.35,78547206,1060008206,1.04,0.3759398496240518,601012.SH
2024-07-07,13.23,13.23,12.86,12.93,97012313,1275748237,1.28,-3.146067415730336,601012.SH
2024-07-08,12.9,13.07,12.63,13.0,148944930,1937575320,1.97,0.5413766434648082,601012.SH
2024-07-09,12.74,13.83,12.66,13.4,216412012,2942658170,2.86,3.076923076923088,601012.SH
2024-07-10,13.63,14.43,13.55,14.05,224628399,3193918854,2.96,4.850746268656714,601012.SH
2024-07-11,13.94,14.23,13.9,14.01,122187551,1737603228,1.61,-0.2846975088968029,601012.SH
2024-07-14,14.08,14.09,13.73,13.89,80608921,1118632993,1.06,-0.8565310492505307,601012.SH
2024-07-15,13.8,14.08,13.7,14.07,88603897,1233759733,1.17,1.2958963282937441,601012.SH
2024-07-16,14.24,14.35,14.04,14.1,97903009,1387114496,1.29,0.2132196162046851,601012.SH
2024-07-17,13.95,14.17,13.81,14.11,82913668,1160895097,1.09,0.07092198581559739,601012.SH
2024-07-18,14.01,14.5,13.95,14.39,108092133,1542319214,1.43,1.9844082211197822,601012.SH
2024-07-21,14.28,14.6,14.25,14.38,91263939,1316820492,1.2,-0.06949270326616075,601012.SH
2024-07-22,14.33,14.47,14.0,14.02,70437376,1001641776,0.93,-2.5034770514603677,601012.SH
2024-07-23,13.95,14.13,13.58,13.65,76165723,1048446683,1.01,-2.6390870185449278,601012.SH
2024-07-24,13.55,14.28,13.51,13.98,116835305,1636616592,1.54,2.417582417582409,601012.SH
2024-07-25,13.92,14.23,13.82,14.14,74002434,1042080400,0.98,1.1444921316166035,601012.SH
2024-07-28,14.14,14.17,13.8,13.83,65220310,906148619,0.86,-2.192362093352196,601012.SH
2024-07-29,13.83,14.06,13.74,13.88,54100945,749656952,0.71,0.3615328994938549,601012.SH
2024-07-30,13.88,14.5,13.78,14.5,119831895,1711856167,1.58,4.466858789625361,601012.SH
2024-07-31,14.48,14.57,14.28,14.37,68484842,985603978,0.9,-0.8965517241379395,601012.SH
2024-08-01,14.31,14.54,14.18,14.22,68235196,977642917,0.9,-1.0438413361169019,601012.SH
2024-08-04,14.18,14.88,14.07,14.09,137818031,1996329778,1.82,-0.9142053445850951,601012.SH
2024-08-05,14.35,14.68,14.25,14.45,118874157,1718248810,1.57,2.5550035486160416,601012.SH
2024-08-06,14.4,14.4,14.12,14.23,80946235,1151181241,1.07,-1.5224913494809589,601012.SH
2024-08-07,14.2,14.35,14.06,14.15,63903153,905747461,0.84,-0.5621925509487036,601012.SH
2024-08-08,14.2,14.26,13.81,13.81,74800994,1045273754,0.99,-2.402826855123674,601012.SH
2024-08-11,14.05,14.23,13.86,13.93,66517081,930598240,0.88,0.8689355539464039,601012.SH
2024-08-12,13.85,14.18,13.67,14.01,68789846,957666632,0.91,0.5743000717875146,601012.SH
2024-08-13,14.02,14.3,13.81,13.82,53696263,748831833,0.71,-1.3561741613133393,601012.SH
2024-08-14,13.75,14.24,13.65,14.07,87214414,1219783240,1.15,1.808972503617956,601012.SH
2024-08-15,14.06,14.1,13.7,13.72,68626908,949536519,0.91,-2.487562189054726,601012.SH
2024-08-18,13.71,13.71,13.47,13.48,54337660,735997544,0.72,-1.7492711370262426,601012.SH
2024-08-19,13.55,13.58,13.25,13.3,49785582,666636336,0.66,-1.3353115727002929,601012.SH
2024-08-20,13.25,13.41,13.21,13.22,40856629,543335694,0.54,-0.6015037593984918,601012.SH
2024-08-21,13.25,13.32,12.84,12.88,62854835,816112102,0.83,-2.571860816944027,601012.SH
2024-08-22,12.86,13.01,12.79,12.9,38021931,490883241,0.5,0.15527950310558758,601012.SH
2024-08-25,12.92,13.23,12.91,12.99,52978050,691398180,0.7,0.6976744186046435,601012.SH
2024-08-26,13.02,13.56,12.7,13.23,118238712,1560061210,1.56,1.8475750577367167,601012.SH
2024-08-27,13.0,13.33,12.8,13.14,88004042,1144573875,1.16,-0.6802721088435382,601012.SH
2024-08-28,13.1,13.76,13.05,13.56,125203217,1681021266,1.65,3.1963470319634757,601012.SH
2024-08-29,13.42,14.03,13.36,13.81,147359160,2024480108,1.94,1.8436578171091345,601012.SH
2024-09-01,13.66,13.86,13.19,13.19,103147438,1386609640,1.36,-4.489500362056487,601012.SH
2024-09-02,13.19,13.62,13.1,13.51,83896692,1128573716,1.11,2.426080363912053,601012.SH
2024-09-03,13.46,13.9,13.44,13.67,96883427,1328252740,1.28,1.1843079200592133,601012.SH
2024-09-04,13.66,14.04,13.66,13.76,91287801,1266618014,1.2,0.6583760058522348,601012.SH
2024-09-05,13.76,13.76,13.48,13.53,45070111,611884045,0.59,-1.6715116279069853,601012.SH
2024-09-08,13.44,13.59,13.25,13.31,56056204,750079454,0.74,-1.6260162601625883,601012.SH
2024-09-09,13.3,13.37,13.03,13.13,57679299,759058414,0.76,-1.3523666416228375,601012.SH
2024-09-10,13.03,13.45,13.03,13.36,74278751,986430133,0.98,1.7517136329017413,601012.SH
2024-09-11,13.33,13.92,13.29,13.43,108466838,1483005238,1.43,0.5239520958083776,601012.SH
2024-09-12,13.43,13.56,13.14,13.14,52844146,702573447,0.7,-2.159344750558445,601012.SH
2024-09-17,13.13,13.19,12.87,12.96,55884229,724535112,0.74,-1.3698630136986245,601012.SH
2024-09-18,13.04,13.51,12.85,13.32,84957323,1126781661,1.12,2.777777777777768,601012.SH
2024-09-19,13.29,13.29,12.71,12.8,133902626,1723833529,1.77,-3.9039039039039047,601012.SH
2024-09-22,12.77,12.87,12.71,12.73,55858362,712384070,0.74,-0.5468750000000022,601012.SH
2024-09-23,12.98,13.6,12.85,13.59,230834270,3067870682,3.05,6.755695208169676,601012.SH
2024-09-24,13.8,14.1,13.71,13.74,173952523,2418916448,2.3,1.103752759381904,601012.SH
2024-09-25,13.67,14.57,13.65,14.56,178539557,2528859957,2.36,5.967976710334799,601012.SH
2024-09-26,14.8,16.0,14.79,15.96,201126291,3112951174,2.65,9.615384615384626,601012.SH
2024-09-29,16.9,17.56,16.51,17.56,395953400,6817840793,5.23,10.02506265664158,601012.SH
2024-10-07,19.32,19.32,18.01,19.28,491217898,9315052949,6.48,9.794988610478384,601012.SH
2024-10-08,18.6,18.6,17.35,17.35,333385539,5958697374,4.4,-10.0103734439834,601012.SH
2024-10-09,17.03,17.68,16.58,16.95,202509769,3468415805,2.67,-2.3054755043227737,601012.SH
2024-10-10,16.7,16.82,15.99,16.2,160525512,2624754416,2.12,-4.424778761061942,601012.SH
2024-10-13,16.35,16.92,16.13,16.75,169800138,2808827279,2.24,3.395061728395077,601012.SH
2024-10-14,16.48,16.79,16.3,16.3,118726288,1963020925,1.57,-2.686567164179099,601012.SH
2024-10-15,16.05,16.2,15.81,15.93,112272848,1794073983,1.48,-2.2699386503067576,601012.SH
2024-10-16,15.95,16.1,15.59,15.61,108221616,1714793397,1.43,-2.0087884494664143,601012.SH
2024-10-17,15.55,16.54,15.45,16.45,181629574,2900552385,2.4,5.3811659192825045,601012.SH
2024-10-20,16.58,18.0,16.58,17.51,298251162,5173065245,3.94,6.443768996960508,601012.SH
2024-10-21,17.3,18.78,16.91,18.38,341557297,6083088682,4.51,4.968589377498556,601012.SH
2024-10-22,18.38,20.22,17.94,19.58,495626116,9517227564,6.54,6.528835690968449,601012.SH
2024-10-23,19.7,19.73,18.54,18.6,282227937,5360615295,3.72,-5.005107252298247,601012.SH
2024-10-24,18.6,20.46,18.59,20.46,480935416,9636191051,6.35,9.999999999999986,601012.SH
2024-10-27,20.88,20.88,19.63,20.08,425165388,8535400530,5.61,-1.8572825024438022,601012.SH
2024-10-28,20.5,21.15,19.16,19.24,364336232,7241822670,4.81,-4.183266932270913,601012.SH
2024-10-29,19.0,19.85,18.85,19.25,206869055,3984188417,2.73,0.05197505197505059,601012.SH
2024-10-30,19.8,20.1,19.4,19.74,305103822,6047425601,4.03,2.5454545454545396,601012.SH
2024-10-31,19.63,19.8,18.9,19.01,213943923,4116409990,2.82,-3.6980749746707064,601012.SH
2024-11-03,19.01,19.42,18.93,19.26,133270993,2554980762,1.76,1.3150973172014746,601012.SH
2024-11-04,19.2,19.79,19.0,19.63,170740823,3326352847,2.25,1.9210799584631122,601012.SH
2024-11-05,19.63,19.97,19.08,19.21,215069589,4193886605,2.84,-2.139582272032592,601012.SH
2024-11-06,18.71,19.19,18.39,19.18,204755080,3856961665,2.7,-0.1561686621551317,601012.SH
2024-11-07,19.25,19.75,19.11,19.23,173910153,3373517689,2.29,0.2606882168926017,601012.SH
2024-11-10,19.08,20.18,19.03,20.02,240059554,4752825093,3.17,4.1081643265730605,601012.SH
2024-11-11,20.07,21.17,19.91,20.1,292140868,5999069500,3.86,0.3996003996004083,601012.SH
2024-11-12,19.8,20.18,19.68,20.08,154407796,3070609819,2.04,-0.09950248756220859,601012.SH
2024-11-13,20.3,20.34,19.16,19.19,141929945,2785287620,1.87,-4.432270916334646,601012.SH
2024-11-14,19.19,19.38,18.5,18.52,142101284,2694306667,1.88,-3.4914017717561308,601012.SH
2024-11-17,18.49,18.76,18.11,18.21,108782288,1997738213,1.44,-1.673866090712739,601012.SH
2024-11-18,18.34,18.73,17.89,18.64,98080366,1798205881,1.29,2.3613399231191545,601012.SH
2024-11-19,18.65,18.71,18.35,18.6,74567709,1381754452,0.98,-0.21459227467810482,601012.SH
2024-11-20,18.98,19.15,18.45,18.61,96446881,1806966949,1.27,0.053763440860210565,601012.SH
2024-11-21,18.5,18.57,17.71,17.75,104835783,1902125473,1.38,-4.621171413218694,601012.SH
2024-11-24,17.7,17.92,17.55,17.81,71174377,1263982359,0.94,0.33802816901407073,601012.SH
2024-11-25,17.99,18.55,17.9,18.0,93722756,1709683460,1.24,1.0668163952835652,601012.SH
2024-11-26,18.05,18.39,17.87,18.35,75487903,1367008140,1.0,1.9444444444444597,601012.SH
2024-11-27,18.2,18.76,18.14,18.27,68824250,1268653008,0.91,-0.4359673024523225,601012.SH
2024-11-28,18.3,18.64,18.18,18.5,81069399,1495120558,1.07,1.258894362342633,601012.SH
2024-12-01,18.18,18.45,17.77,18.43,102282432,1862712745,1.35,-0.3783783783783745,601012.SH
2024-12-02,18.55,18.69,18.25,18.48,77452289,1426455960,1.02,0.27129679869777323,601012.SH
2024-12-03,18.36,18.5,17.9,17.93,84109629,1523541153,1.11,-2.9761904761904767,601012.SH
2024-12-04,17.78,18.0,17.78,17.94,52114950,931582332,0.69,0.0557724484104849,601012.SH
2024-12-05,17.95,17.96,17.38,17.85,107096301,1896650647,1.41,-0.5016722408026753,601012.SH
2024-12-08,17.86,17.9,17.55,17.63,71200924,1260159814,0.94,-1.2324929971988974,601012.SH
2024-12-09,18.16,18.24,17.56,17.62,93592783,1673014321,1.24,-0.05672149744752053,601012.SH
2024-12-10,17.55,17.78,17.53,17.69,55553522,981421663,0.73,0.39727582292850006,601012.SH
2024-12-11,17.57,17.87,17.52,17.78,61791364,1094649199,0.82,0.5087620124364145,601012.SH
2024-12-12,17.69,17.69,17.01,17.02,126250329,2179286417,1.67,-4.2744656917885315,601012.SH
2024-12-15,17.09,17.16,16.74,16.86,74362004,1255440826,0.98,-0.9400705052878933,601012.SH
2024-12-16,16.75,16.85,16.6,16.68,66575973,1112520077,0.88,-1.0676156583629859,601012.SH
2024-12-17,16.79,16.83,16.58,16.63,48528898,810443880,0.64,-0.299760191846532,601012.SH
2024-12-18,16.4,16.74,16.25,16.62,64976901,1073593550,0.86,-0.06013229104027129,601012.SH
2024-12-19,16.63,16.69,16.31,16.34,75248402,1238069616,0.99,-1.6847172081829176,601012.SH
2024-12-22,16.31,16.6,16.2,16.24,82953216,1356910143,1.09,-0.6119951040391758,601012.SH
2024-12-23,16.22,16.59,16.2,16.39,80271169,1319262920,1.06,0.923645320197064,601012.SH
2024-12-24,16.65,16.69,16.31,16.36,55585923,914200229,0.73,-0.18303843807200293,601012.SH
2024-12-25,16.42,16.42,16.13,16.19,58244075,945650138,0.77,-1.0391198044009675,601012.SH
2024-12-26,16.23,16.32,16.05,16.15,61083079,990279529,0.81,-0.24706609017913772,601012.SH
2024-12-29,16.17,16.27,16.02,16.24,57291361,925326617,0.76,0.5572755417956543,601012.SH
2024-12-30,16.2,16.4,15.7,15.71,87113389,1390268494,1.15,-3.2635467980295374,601012.SH
2025-01-01,15.7,15.8,15.3,15.43,82825307,1287616503,1.09,-1.7823042647994947,601012.SH
2025-01-02,15.43,15.56,14.97,15.0,72200723,1101114343,0.95,-2.7867790019442618,601012.SH
2025-01-05,15.0,15.28,14.91,15.17,64829229,979232009,0.86,1.1333333333333417,601012.SH
2025-01-06,15.05,15.27,15.02,15.24,46637103,707882488,0.62,0.46143704680290387,601012.SH
2025-01-07,15.24,15.28,14.81,15.09,60062092,903552090,0.79,-0.9842519685039353,601012.SH
2025-01-08,15.0,15.17,14.93,14.98,50701098,761659148,0.67,-0.7289595758780631,601012.SH
2025-01-09,14.95,15.0,14.46,14.46,63916311,938941440,0.84,-3.471295060080104,601012.SH
2025-01-12,14.35,14.72,14.29,14.63,53287864,776602990,0.7,1.1756569847856113,601012.SH
2025-01-13,14.7,15.15,14.6,15.11,67300762,1004866708,0.89,3.280929596719062,601012.SH
2025-01-14,15.06,15.75,14.88,15.26,110917934,1697709224,1.464,0.9927200529450619,601012.SH
2025-01-15,15.2,15.6,15.17,15.4,72388466,1112620997,0.955,0.917431192660545,601012.SH
2025-01-16,15.19,15.63,15.09,15.16,74709947,1139120440,0.986,-1.558441558441559,601012.SH
2025-01-19,15.22,15.35,15.13,15.14,50221355,764214989,0.663,-0.13192612137202797,601012.SH
2025-01-20,15.2,15.24,14.72,14.8,66324390,986145005,0.875,-2.245706737120212,601012.SH
2025-01-21,14.75,14.76,14.44,14.61,54116013,788366302,0.714,-1.2837837837837873,601012.SH
2025-01-22,14.68,14.94,14.52,14.53,68503277,1008420686,0.904,-0.5475701574264247,601012.SH
2025-01-23,14.5,15.04,14.46,14.96,87251250,1292681977,1.151,2.959394356503786,601012.SH
2025-01-26,14.96,15.29,14.8,14.9,63660381,954286489,0.84,-0.40106951871657914,601012.SH
2025-02-04,15.01,15.28,14.86,15.08,64403335,969896083,0.85,1.2080536912751683,601012.SH
2025-02-05,15.01,15.44,14.81,15.43,82076989,1250605841,1.083,2.3209549071617985,601012.SH
2025-02-06,15.44,16.55,15.4,16.23,198533145,3195290593,2.62,5.184705119896305,601012.SH
2025-02-09,16.3,16.3,15.78,16.03,121138517,1929731046,1.599,-1.2322858903265566,601012.SH
2025-02-10,16.08,16.14,15.58,15.68,98180582,1543449901,1.296,-2.183406113537123,601012.SH
2025-02-11,15.7,15.85,15.56,15.85,80259537,1260615368,1.059,1.0841836734693855,601012.SH
2025-02-12,15.8,15.91,15.7,15.72,70244018,1110070261,0.927,-0.8201892744479466,601012.SH
2025-02-13,15.71,16.02,15.68,15.81,63170778,1001485234,0.834,0.5725190839694694,601012.SH
2025-02-16,15.71,16.16,15.71,16.04,101910124,1629038807,1.345,1.454775458570512,601012.SH
2025-02-17,16.06,16.36,15.79,15.83,114096394,1838039504,1.506,-1.3092269326683281,601012.SH
2025-02-18,15.7,16.66,15.68,16.35,147753489,2401647540,1.95,3.2849020846493993,601012.SH
2025-02-19,16.34,16.34,15.97,16.04,87543674,1407786861,1.155,-1.8960244648318136,601012.SH
2025-02-20,16.09,16.25,15.96,16.15,74850146,1206176997,0.988,0.6857855361595888,601012.SH
2025-02-23,16.15,16.47,16.05,16.36,97591238,1590802955,1.288,1.3003095975232304,601012.SH
2025-02-24,16.23,16.7,16.16,16.45,128376030,2115512292,1.694,0.5501222493887514,601012.SH
2025-02-25,16.63,17.49,16.56,17.43,250774618,4279579459,3.309,5.957446808510647,601012.SH
2025-02-26,17.49,17.5,16.84,17.1,150262991,2568978065,1.983,-1.8932874354561036,601012.SH
2025-02-27,17.1,17.3,16.64,16.71,112993068,1915809517,1.491,-2.280701754385972,601012.SH
2025-03-02,16.7,17.3,16.7,17.01,128477102,2196117440,1.695,1.795332136445249,601012.SH
2025-03-03,16.95,17.49,16.8,17.43,141920605,2454627943,1.873,2.4691358024691246,601012.SH
2025-03-04,17.37,17.37,16.88,17.06,103316987,1761565352,1.363,-2.1227768215720033,601012.SH
2025-03-05,17.17,17.26,16.91,17.13,92256510,1577909152,1.217,0.4103165298944944,601012.SH
2025-03-06,17.13,17.55,16.85,17.35,148750692,2563603535,1.963,1.284296555750153,601012.SH
2025-03-09,17.41,17.55,17.07,17.22,89986800,1554372682,1.187,-0.7492795389049123,601012.SH
2025-03-10,17.0,17.33,16.8,17.33,85021431,1452929871,1.122,0.6387921022067422,601012.SH
2025-03-11,17.3,17.39,17.0,17.03,65633035,1124377462,0.866,-1.7311021350259526,601012.SH
2025-03-12,17.1,17.13,16.72,16.81,61605074,1039732835,0.813,-1.2918379330593255,601012.SH
2025-03-13,16.89,17.65,16.83,17.52,188600350,3280948686,2.489,4.2236763831053015,601012.SH
2025-03-16,17.7,17.99,17.55,17.67,105926981,1878658779,1.398,0.8561643835616639,601012.SH
2025-03-17,17.67,17.97,17.63,17.9,87154831,1551810019,1.15,1.3016411997736066,601012.SH
2025-03-18,17.86,17.86,17.58,17.66,67185740,1188455117,0.887,-1.3407821229050154,601012.SH
2025-03-19,17.6,17.69,17.37,17.43,64635649,1131237530,0.853,-1.3023782559456465,601012.SH
2025-03-20,17.45,17.53,17.05,17.06,80968476,1394690756,1.068,-2.1227768215720033,601012.SH
2025-03-23,17.08,17.23,16.85,17.05,67638630,1151645829,0.893,-0.05861664712777381,601012.SH
2025-03-24,17.1,17.47,16.99,17.17,66999979,1155843974,0.884,0.7038123167155463,601012.SH
2025-03-25,17.1,17.65,17.03,17.36,77109605,1342127283,1.018,1.1065812463599167,601012.SH
2025-03-26,17.27,17.33,17.01,17.04,58344355,998057210,0.77,-1.8433179723502335,601012.SH
2025-03-27,17.01,17.25,16.86,16.87,48176585,818938803,0.636,-0.9976525821596138,601012.SH
2025-03-30,16.82,16.83,15.8,15.85,137934424,2227587397,1.82,-6.046235921754606,601012.SH
2025-03-31,15.85,16.21,15.71,16.04,66493317,1063764206,0.877,1.1987381703469913,601012.SH
2025-04-01,15.99,16.13,15.92,15.96,44738069,716440082,0.59,-0.4987531172069737,601012.SH
2025-04-02,15.65,16.09,15.56,15.76,51242757,811316063,0.676,-1.253132832080206,601012.SH
2025-04-06,15.0,15.0,14.18,14.18,153699632,2208421130,2.028,-10.025380710659903,601012.SH
2025-04-07,14.39,14.65,14.25,14.52,120651323,1736527369,1.592,2.3977433004231274,601012.SH
2025-04-08,14.34,14.71,14.01,14.71,100811229,1453952422,1.33,1.3085399449035862,601012.SH
2025-04-09,15.29,15.33,14.91,15.03,82702234,1243323650,1.091,2.1753908905506325,601012.SH
2025-04-10,14.98,14.98,14.73,14.8,79030264,1172564272,1.043,-1.5302727877578137,601012.SH
2025-04-13,14.94,15.15,14.9,14.9,66135437,991448454,0.873,0.6756756756756799,601012.SH
2025-04-14,14.89,14.91,14.66,14.73,48122381,709303445,0.635,-1.140939597315438,601012.SH
2025-04-15,14.75,14.98,14.4,14.98,69318313,1008031182,0.915,1.6972165648336812,601012.SH
2025-04-16,14.8,15.02,14.71,14.97,54062151,804286565,0.713,-0.06675567423231055,601012.SH
2025-04-17,14.88,14.95,14.77,14.85,32496418,482603371,0.429,-0.8016032064128376,601012.SH
2025-04-20,14.8,14.92,14.72,14.87,33240350,493156315,0.439,0.13468013468012074,601012.SH
2025-04-21,14.86,14.93,14.66,14.8,39106385,578932672,0.516,-0.4707464694014729,601012.SH
2025-04-22,14.85,15.07,14.82,14.9,51057120,762252905,0.674,0.6756756756756799,601012.SH
2025-04-23,14.92,15.13,14.71,14.71,55009842,818367524,0.726,-1.2751677852348986,601012.SH
2025-04-24,14.71,14.98,14.66,14.89,49858241,738475260,0.658,1.223657375934728,601012.SH
2025-04-27,14.89,15.25,14.83,14.95,70294672,1056992522,0.928,0.402955003357941,601012.SH
2025-04-28,14.95,15.11,14.83,14.86,37879393,566080849,0.5,-0.6020066889632081,601012.SH
2025-04-29,14.7,15.04,14.61,14.7,68110306,1008039346,0.899,-1.076716016150736,601012.SH
2025-05-05,14.82,15.14,14.75,15.03,84579146,1269076687,1.116,2.244897959183678,601012.SH
2025-05-06,15.34,15.37,14.96,15.1,61118931,921366124,0.807,0.46573519627413074,601012.SH
2025-05-07,15.01,15.35,14.98,15.27,66488295,1013941618,0.877,1.1258278145695355,601012.SH
2025-05-08,15.28,15.28,14.92,14.92,53092116,797244309,0.701,-2.292075965946294,601012.SH
2025-05-11,15.09,15.39,15.08,15.39,99346258,1517265367,1.311,3.150134048257369,601012.SH
2025-05-12,15.64,16.13,15.53,15.63,155788623,2465768378,2.056,1.5594541910331383,601012.SH
2025-05-13,15.49,15.65,15.31,15.53,76118090,1176080371,1.004,-0.6397952655150418,601012.SH
2025-05-14,15.49,15.49,15.09,15.09,66450676,1010161820,0.877,-2.8332260141661236,601012.SH
2025-05-15,15.08,15.18,15.05,15.15,43780807,661757848,0.578,0.3976143141153132,601012.SH
2025-05-18,15.1,15.13,14.91,15.09,36278046,545336701,0.479,-0.3960396039603964,601012.SH
2025-05-19,15.1,15.12,14.97,15.11,30116891,453421117,0.397,0.1325381047051044,601012.SH
2025-05-20,15.12,15.23,15.05,15.13,40698816,617024153,0.537,0.1323626737260275,601012.SH
2025-05-21,15.08,15.12,14.97,15.01,30219036,454481130,0.399,-0.793126239259756,601012.SH
2025-05-22,15.0,15.22,14.92,14.92,45995597,692593713,0.607,-0.5996002664890088,601012.SH
2025-05-25,14.93,15.15,14.9,14.99,36720120,550921118,0.485,0.4691689008042843,601012.SH
2025-05-26,14.91,14.98,14.38,14.44,112400532,1633303771,1.483,-3.6691127418278846,601012.SH
2025-05-27,14.46,14.49,14.31,14.35,38955608,560052880,0.514,-0.6232686980609414,601012.SH
2025-05-28,14.35,14.54,14.31,14.53,43385098,626880166,0.573,1.2543554006968716,601012.SH
2025-05-29,14.49,14.53,14.37,14.38,50510967,728441639,0.667,-1.0323468685478177,601012.SH
2025-06-02,14.32,14.42,14.24,14.35,32764258,469992048,0.432,-0.20862308762170656,601012.SH
2025-06-03,14.4,14.55,14.39,14.48,38805343,561672358,0.512,0.9059233449477455,601012.SH
2025-06-04,14.48,14.54,14.4,14.5,30876307,446328806,0.407,0.13812154696133394,601012.SH
2025-06-05,14.51,14.54,14.41,14.47,35512024,513919733,0.469,-0.2068965517241339,601012.SH
2025-06-08,14.26,14.57,14.07,14.48,83383371,1197979083,1.1,0.06910850034553828,601012.SH
2025-06-09,14.43,14.64,14.27,14.3,68546562,989361101,0.905,-1.2430939226519278,601012.SH
2025-06-10,14.32,14.72,14.32,14.72,97979745,1435315923,1.293,2.9370629370629286,601012.SH
2025-06-11,14.61,14.79,14.58,14.74,51390170,756075947,0.678,0.13586956521738358,601012.SH
2025-06-12,14.68,14.72,14.38,14.42,60291819,874908405,0.796,-2.170963364993217,601012.SH
2025-06-15,14.43,14.69,14.41,14.64,51363319,748669103,0.678,1.5256588072122046,601012.SH
2025-06-16,14.65,14.68,14.48,14.58,34222684,497606694,0.452,-0.4098360655737765,601012.SH
2025-06-17,14.54,14.68,14.49,14.59,36100991,526557421,0.476,0.0685871056241405,601012.SH
2025-06-18,14.53,14.72,14.32,14.33,52158994,756133678,0.688,-1.7820424948594926,601012.SH
2025-06-19,14.45,14.79,14.2,14.24,83756030,1212495276,1.105,-0.6280530355896707,601012.SH
2025-06-22,14.15,14.43,14.08,14.29,50439486,717926979,0.666,0.3511235955056202,601012.SH
2025-06-23,14.29,14.53,14.29,14.51,69402562,1002883775,0.916,1.5395381385584272,601012.SH
2025-06-24,14.55,14.66,14.36,14.64,77500707,1125039221,1.023,0.8959338387319216,601012.SH
2025-06-25,14.59,14.79,14.47,14.47,64464156,942710353,0.851,-1.1612021857923538,601012.SH
2025-06-26,14.48,14.88,14.48,14.57,72478796,1063024012,0.956,0.6910850034554272,601012.SH
2025-06-29,14.81,15.2,14.81,15.02,108319500,1621976530,1.429,3.0885380919698058,601012.SH
2025-06-30,14.93,14.95,14.75,14.86,63491858,942363553,0.838,-1.0652463382157085,601012.SH
2025-07-01,14.96,15.61,14.93,15.56,209882275,3215872899,2.77,4.71063257065949,601012.SH
2025-07-02,15.56,15.67,15.33,15.54,109059164,1687486007,1.439,-0.12853470437018677,601012.SH
2025-07-03,15.8,15.95,15.5,15.57,129398270,2028999626,1.708,0.19305019305020377,601012.SH
2025-07-06,15.45,15.64,15.41,15.47,51664448,800112618,0.682,-0.6422607578676964,601012.SH
2025-07-07,15.41,16.5,15.4,16.47,222980267,3603593421,2.942,6.464124111182934,601012.SH
2025-07-08,16.35,16.75,16.27,16.37,148994088,2462427050,1.966,-0.6071645415907545,601012.SH
2025-07-09,16.3,16.82,16.3,16.46,165854856,2752068610,2.189,0.5497861942577842,601012.SH
2025-07-10,16.53,16.56,16.24,16.25,117601029,1919925271,1.552,-1.2758201701093652,601012.SH
2025-07-13,16.2,16.38,16.07,16.16,89263490,1444926449,1.178,-0.5538461538461492,601012.SH
2025-07-14,16.15,16.26,15.87,16.02,93218572,1493745062,1.23,-0.8663366336633671,601012.SH
2025-07-15,16.02,16.07,15.75,15.91,84228181,1336311192,1.111,-0.6866416978776546,601012.SH
2025-07-16,16.18,16.36,15.96,16.21,120886920,1953775775,1.595,1.8856065367693242,601012.SH
2025-07-17,16.1,16.4,16.0,16.07,80595606,1301639696,1.064,-0.863664404688469,601012.SH
2025-07-20,16.1,16.36,16.04,16.31,80640345,1309532199,1.064,1.4934660858742843,601012.SH
2025-07-21,16.28,16.65,16.18,16.57,122046160,2007611624,1.611,1.5941140404659881,601012.SH
2025-07-22,16.66,16.72,16.34,16.36,104135028,1720972204,1.374,-1.2673506336753237,601012.SH
2025-07-23,16.27,16.88,16.25,16.88,124333839,2069868451,1.641,3.17848410757946,601012.SH
2025-07-24,16.88,16.88,16.47,16.52,91042684,1513165941,1.201,-2.132701421800942,601012.SH
2025-07-27,16.4,16.59,16.25,16.41,75549999,1239477502,0.997,-0.6658595641646503,601012.SH
2025-07-28,16.41,16.56,16.26,16.56,78420198,1288865023,1.035,0.9140767824497242,601012.SH
2025-07-29,16.57,16.72,16.31,16.38,85300086,1409445113,1.126,-1.0869565217391242,601012.SH
2025-07-30,16.26,16.3,15.68,15.76,128435942,2045926013,1.695,-3.7851037851037828,601012.SH
2025-07-31,15.77,16.17,15.77,15.92,73006498,1166848956,0.963,1.0152284263959421,601012.SH
2025-08-03,15.78,15.87,15.59,15.78,66055488,1036215323,0.872,-0.8793969849246297,601012.SH
2025-08-04,15.77,15.92,15.69,15.92,55017401,869796099,0.726,0.8871989860583129,601012.SH
2025-08-05,15.86,16.02,15.78,15.94,43235357,687706352,0.571,0.12562814070351536,601012.SH
2025-08-06,16.0,16.09,15.77,15.84,47971614,762028498,0.633,-0.6273525721455453,601012.SH
2025-08-07,15.84,16.03,15.76,15.82,61465129,976494489,0.811,-0.12626262626261875,601012.SH
2025-08-10,15.86,16.1,15.8,16.01,69100117,1103728328,0.912,1.2010113780025256,601012.SH
2025-08-11,16.0,16.01,15.75,15.84,68997798,1091781724,0.91,-1.0618363522798324,601012.SH
2025-08-12,15.85,15.95,15.76,15.83,73335522,1161049476,0.968,-0.06313131313131493,601012.SH
2025-08-13,15.83,15.86,15.52,15.56,87492570,1374152542,1.155,-1.7056222362602624,601012.SH
2025-08-14,15.52,16.18,15.5,16.16,155680825,2488498436,2.054,3.8560411311054033,601012.SH
2025-08-17,16.3,16.6,16.22,16.31,157541848,2587967729,2.079,0.9282178217821624,601012.SH
2025-08-18,16.37,16.45,15.96,15.97,125239882,2023846783,1.6527,-2.084610668301645,601012.SH
2025-08-19,16.21,16.4,15.88,16.2,139107645,2244340968,1.8357,1.440200375704448,601012.SH
2025-08-20,16.13,16.47,16.09,16.2,102652532,1669520799,1.3546,0.0,601012.SH
2025-08-21,16.2,16.58,16.12,16.52,135135078,2220132731,1.7832,1.975308641975304,601012.SH
2025-08-24,16.52,16.98,16.49,16.77,186489890,3121220247,2.4609,1.5133171912832921,601012.SH
2025-08-25,16.79,17.04,16.58,16.85,138440095,2339696846,1.8269,0.4770423375074717,601012.SH
2025-08-26,16.86,17.34,16.55,16.55,152330048,2580395397,2.0101,-1.7804154302670683,601012.SH
2025-08-27,16.51,17.04,16.41,16.89,160517844,2692371996,2.1182,2.0543806646525775,601012.SH
2025-08-28,16.93,17.3,16.79,17.17,177731547,3040019681,2.3453,1.65778567199526,601012.SH
2025-08-31,17.14,17.14,16.8,17.08,141622645,2399715327,1.8689,-0.5241700640652547,601012.SH
2025-09-01,17.08,17.47,16.62,16.74,167230605,2840008508,2.2068,-1.9906323185011732,601012.SH
2025-09-02,16.81,17.29,16.76,17.18,259791261,4450596885,3.4282,2.62843488649942,601012.SH
2025-09-03,17.17,18.1,17.11,17.4,338670513,5975921430,4.4691,1.2805587892898762,601012.SH
2025-09-04,17.48,18.2,17.3,18.1,338285539,6071716055,4.464,4.022988505747138,601012.SH
2025-09-07,18.39,18.45,17.85,17.99,217614487,3922496632,2.8716,-0.607734806629856,601012.SH
2025-09-08,17.81,18.05,17.53,17.61,146856909,2603150424,1.9379,-2.1122846025569686,601012.SH
2025-09-09,17.5,17.58,17.0,17.2,153766867,2648424099,2.0291,-2.3282226007950046,601012.SH
2025-09-10,17.14,17.36,17.01,17.28,109961425,1891692039,1.4511,0.46511627906977715,601012.SH
2025-09-11,17.29,17.36,16.98,17.12,109656683,1881430322,1.447,-0.92592592592593,601012.SH
2025-09-14,17.13,17.5,17.1,17.16,106744870,1843544711,1.4086,0.2336448598130758,601012.SH
2025-09-15,17.29,17.5,16.85,17.05,119800928,2045195615,1.5809,-0.6410256410256387,601012.SH
2025-09-16,17.0,17.47,16.82,17.3,132376823,2279274111,1.7468,1.4662756598240456,601012.SH
2025-09-17,17.31,17.4,16.64,16.82,153904661,2622599869,2.0309,-2.774566473988438,601012.SH
2025-09-18,16.82,17.11,16.78,16.9,110138554,1869844831,1.4534,0.47562425683709275,601012.SH
2025-09-21,16.9,16.91,16.43,16.6,106842351,1771746495,1.4099,-1.7751479289940697,601012.SH
2025-09-22,16.55,16.7,16.07,16.29,103434227,1687496776,1.3649,-1.867469879518091,601012.SH
2025-09-23,16.28,17.4,16.18,17.4,180419126,3038409287,2.3808,6.813996316758741,601012.SH
2025-09-24,17.38,18.05,17.23,17.76,226022677,4013782259,2.9826,2.0689655172414056,601012.SH
2025-09-25,17.65,17.83,17.48,17.5,96418760,1698219493,1.2723,-1.4639639639639768,601012.SH
2025-09-28,17.48,17.7,17.39,17.58,117091910,2053870973,1.5451,0.45714285714284486,601012.SH
2025-09-29,17.59,18.05,17.46,18.0,169237697,3014925216,2.2333,2.3890784982935287,601012.SH
2025-10-08,18.05,19.11,17.87,18.88,275340655,5131257215,3.6334,4.888888888888876,601012.SH
2025-10-09,18.97,19.22,18.26,18.4,188872474,3528008334,2.4924,-2.5423728813559365,601012.SH
2025-10-12,17.65,18.29,17.63,18.13,157447206,2824417781,2.0777,-1.4673913043478204,601012.SH
2025-10-13,18.4,19.94,18.4,19.28,556940097,10927964906,7.3494,6.343077771649219,601012.SH
2025-10-14,19.27,20.24,18.84,19.72,461251232,9042907864,6.0867,2.2821576763485396,601012.SH
2025-10-15,19.65,20.35,19.51,20.25,356063887,7120042855,4.6986,2.6876267748478844,601012.SH
2025-10-16,20.09,20.74,19.52,19.7,339417902,6805387264,4.479,-2.716049382716057,601012.SH
2025-10-19,19.65,19.67,18.92,19.06,218274742,4185835833,2.8804,-3.248730964467006,601012.SH
2025-10-20,19.08,19.26,18.93,19.01,140583302,2680751281,1.8551,-0.2623294858341896,601012.SH
2025-10-21,19.17,19.39,18.72,18.77,137123602,2597092644,1.8095,-1.2624934245134223,601012.SH
2025-10-22,18.65,19.11,18.38,19.04,174756453,3274446752,2.3061,1.4384656366542403,601012.SH
2025-10-23,19.05,19.48,18.69,18.84,142630836,2710507388,1.8822,-1.0504201680672232,601012.SH
2025-10-26,19.0,19.38,18.87,19.06,164710636,3152114268,2.1735,1.1677282377919207,601012.SH
2025-10-27,19.19,19.22,18.76,18.9,116418558,2207676661,1.5363,-0.8394543546694666,601012.SH
2025-10-28,18.9,20.79,18.81,20.79,390006627,7852274544,5.1465,10.000000000000009,601012.SH
2025-10-29,21.01,22.14,21.0,21.51,492543812,10673662671,6.4996,3.463203463203479,601012.SH
2025-10-30,21.41,22.24,21.0,21.11,319061395,6863229668,4.2103,-1.8596001859600308,601012.SH
2025-11-02,21.37,21.88,21.2,21.76,289819163,6249206921,3.8245,3.0791094268119545,601012.SH
2025-11-03,21.78,21.93,21.18,21.35,195737981,4212139097,2.583,-1.8841911764705843,601012.SH
2025-11-04,21.01,22.52,20.73,21.85,330328825,7153463684,4.359,2.3419203747072626,601012.SH
2025-11-05,21.85,22.16,21.42,21.77,221645802,4818581107,2.9248,-0.36613272311213363,601012.SH
2025-11-06,21.64,23.3,21.64,22.43,422335016,9584105295,5.5731,3.031694993109779,601012.SH
2025-11-09,22.88,23.57,22.6,22.8,403103509,9280405739,5.3194,1.64957646009809,601012.SH
2025-11-10,22.8,23.09,22.41,22.44,280837054,6387793972,3.7059,-1.5789473684210464,601012.SH
2025-11-11,22.3,22.3,20.22,20.79,522345318,10945020730,6.8929,-7.352941176470596,601012.SH
2025-11-12,20.8,21.64,20.69,21.3,321939600,6821922566,4.2483,2.4531024531024626,601012.SH
2025-11-13,21.0,23.11,20.8,21.88,404831662,8888797854,5.3422,2.7230046948356623,601012.SH
2025-11-16,22.0,22.1,21.26,21.69,231245721,4997065752,3.0515,-0.8683729433272336,601012.SH
2025-11-17,21.54,21.88,21.01,21.15,173462373,3693621417,2.289,-2.489626556016611,601012.SH
2025-11-18,21.15,21.44,20.64,21.2,196251424,4120662266,2.5897,0.23640661938535423,601012.SH
2025-11-19,21.2,21.3,20.0,20.1,233883865,4822149607,3.0863,-5.188679245283012,601012.SH
2025-11-20,19.7,19.9,18.81,18.84,287123974,5515259064,3.7889,-6.26865671641792,601012.SH
2025-11-23,19.02,19.09,18.51,18.76,161506415,3026319105,2.1312,-0.4246284501061459,601012.SH
2025-11-24,18.91,19.23,18.8,18.98,137779698,2619061640,1.8181,1.1727078891258014,601012.SH
2025-11-25,19.12,19.2,18.7,18.81,147489566,2791746110,1.9463,-0.8956796628029617,601012.SH
2025-11-26,18.76,19.07,18.52,18.58,157044053,2953523047,2.0724,-1.2227538543328031,601012.SH
2025-11-27,18.49,18.72,18.35,18.57,125989153,2337017110,1.6626,-0.053821313240032254,601012.SH
2025-11-30,18.7,18.85,18.5,18.75,127434712,2380406032,1.6816,0.9693053311793154,601012.SH
2025-12-01,18.65,18.66,18.25,18.31,126276537,2319595364,1.6663,-2.3466666666666747,601012.SH
2025-12-02,18.3,18.34,17.98,18.02,112054210,2028587487,1.4787,-1.5838339705079196,601012.SH
2025-12-03,17.87,18.03,17.8,17.91,86869694,1555532232,1.1463,-0.6104328523862335,601012.SH
2025-12-04,17.92,18.07,17.81,18.02,102873797,1849427406,1.3575,0.6141820212171911,601012.SH
2025-12-07,17.99,18.17,17.9,18.08,108315049,1956004320,1.4293,0.33296337402886067,601012.SH
2025-12-08,18.06,18.26,17.9,18.2,150069026,2715269483,1.9803,0.6637168141592875,601012.SH
2025-12-09,18.29,18.54,17.8,18.2,171883421,3112585783,2.2682,0.0,601012.SH
2025-12-10,18.16,18.26,17.86,17.88,100935567,1822141144,1.3319,-1.758241758241763,601012.SH
2025-12-11,17.95,18.25,17.86,18.19,129753760,2349187324,1.7122,1.7337807606264022,601012.SH
2025-12-14,18.15,18.37,17.96,18.0,120415202,2188971476,1.589,-1.0445299615173265,601012.SH
2025-12-15,17.99,17.99,17.3,17.46,133384102,2338261249,1.7601,-2.9999999999999916,601012.SH
2025-12-16,17.49,17.82,17.44,17.78,91202372,1607351227,1.2035,1.832760595647187,601012.SH
2025-12-17,17.7,17.9,17.61,17.7,69934436,1243572701,0.9229,-0.4499437570303799,601012.SH
2025-12-18,17.71,18.41,17.71,18.08,138915627,2517253951,1.8331,2.1468926553672274,601012.SH
2025-12-21,18.09,18.28,18.09,18.11,90095066,1635920071,1.1889,0.16592920353983853,601012.SH
2025-12-22,18.12,18.18,17.92,18.02,85374901,1540542116,1.1266,-0.4969630038652695,601012.SH
2025-12-23,17.94,18.23,17.77,18.13,87031250,1570606116,1.1485,0.6104328523862446,601012.SH
2025-12-24,18.04,18.31,17.95,18.27,95561755,1734543765,1.261,0.7722007722007707,601012.SH
2025-12-25,18.84,19.33,18.7,19.02,275273234,5236282801,3.6325,4.10509031198687,601012.SH
2025-12-28,19.03,19.18,18.61,18.7,152993339,2885659169,2.0189,-1.6824395373291279,601012.SH
2025-12-29,18.55,18.75,18.4,18.44,98250988,1817628693,1.2965,-1.3903743315507922,601012.SH
2025-12-30,18.42,18.54,18.17,18.2,102076729,1868825732,1.347,-1.3015184381778844,601012.SH
2026-01-04,18.43,18.5,18.23,18.49,106353240,1958453795,1.4034,1.5934065934065877,601012.SH
2026-01-05,18.49,18.88,18.45,18.83,147992462,2771718349,1.9529,1.838831800973506,601012.SH
2026-01-06,18.83,18.85,18.56,18.65,147104468,2746859052,1.9412,-0.9559214020180562,601012.SH
2026-01-07,18.53,18.93,18.39,18.77,153637712,2873301340,2.0274,0.6434316353887359,601012.SH
2026-01-08,18.61,18.77,18.28,18.39,229018741,4231356213,3.0221,-2.024507192328173,601012.SH
2026-01-11,18.1,19.45,18.02,19.23,364382289,6919241186,4.8084,4.567699836867867,601012.SH
2026-01-12,19.23,19.23,18.42,18.5,278558180,5201821676,3.6759,-3.7961518460738475,601012.SH
2026-01-13,18.43,19.07,18.37,18.59,255312684,4786478140,3.3691,0.4864864864864815,601012.SH
2026-01-14,18.5,18.99,18.4,18.5,160109424,2981575224,2.1128,-0.484131253362019,601012.SH
2026-01-15,18.61,18.95,18.47,18.73,194850570,3645110363,2.5712,1.2432432432432527,601012.SH
2026-01-18,18.4,18.59,17.8,18.32,228742554,4184561250,3.0185,-2.1890016017084846,601012.SH
2026-01-19,18.23,18.39,17.3,17.38,316555022,5578437512,4.1773,-5.131004366812231,601012.SH
2026-01-20,17.31,17.47,17.1,17.22,153578284,2658057827,2.0266,-0.9205983889528202,601012.SH
2026-01-21,17.2,17.93,17.15,17.59,191560397,3360706958,2.5278,2.1486643437863107,601012.SH
2026-01-22,17.61,19.35,17.61,19.35,498597065,9394050972,6.5795,10.00568504832291,601012.SH
2026-01-25,19.83,20.05,18.98,19.09,536787523,10439391593,7.0834,-1.3436692506460068,601012.SH
2026-01-26,18.8,19.39,18.36,19.2,386428304,7306070379,5.0993,0.5762179151388214,601012.SH
2026-01-27,19.16,19.44,18.8,18.82,258433969,4916577972,3.4103,-1.9791666666666652,601012.SH
2026-01-28,18.68,19.3,18.6,18.77,275455171,5210968053,3.6349,-0.2656748140276388,601012.SH
2026-01-29,18.58,18.82,17.71,17.88,291651273,5264912030,3.8486,-4.741608950452858,601012.SH
2026-02-01,18.16,18.25,17.61,17.64,171096790,3067558742,2.2578,-1.3422818791946178,601012.SH
2026-02-02,17.83,18.58,17.83,18.57,283126265,5170147381,3.7361,5.272108843537415,601012.SH
2026-02-03,18.4,19.44,18.3,19.31,409458710,7779064977,5.4032,3.9849219170705386,601012.SH
2026-02-04,19.01,19.01,18.16,18.23,325825007,6013712042,4.2996,-5.592957017089583,601012.SH
2026-02-05,18.05,18.67,18.0,18.36,211197425,3887739122,2.787,0.7131102578167736,601012.SH
2026-02-08,18.78,19.75,18.74,19.18,428820049,8275472542,5.6587,4.466230936819171,601012.SH
2026-02-09,19.0,19.28,18.77,18.81,226249434,4280477047,2.9856,-1.929092805005217,601012.SH
2026-02-10,18.8,18.99,18.55,18.59,158110407,2959090907,2.0864,-1.1695906432748426,601012.SH
2026-02-11,18.59,18.65,18.4,18.49,142980786,2647753652,1.8868,-0.5379236148467026,601012.SH
2026-02-12,18.4,18.44,18.1,18.13,148402387,2707298690,1.9583,-1.9469983775013522,601012.SH
2026-02-23,18.35,18.43,18.19,18.28,130471940,2391080125,1.7217,0.8273579702151146,601012.SH
2026-02-24,18.32,18.62,18.29,18.57,142362468,2628915859,1.8786,1.5864332603938713,601012.SH
2026-02-25,18.54,18.54,18.16,18.27,135456546,2475716261,1.7875,-1.6155088852988775,601012.SH
2026-02-26,18.17,18.5,18.16,18.32,115607932,2120773487,1.5256,0.2736726874657869,601012.SH
2026-03-01,17.97,18.55,17.9,18.12,163628686,2976079934,2.1592,-1.091703056768556,601012.SH
2026-03-02,18.2,18.73,17.9,17.99,227733841,4166800912,3.0052,-0.7174392935982432,601012.SH
2026-03-03,17.61,18.06,17.58,17.66,155940111,2771722872,2.0578,-1.834352418009999,601012.SH
2026-03-04,17.93,18.0,17.71,17.76,119452315,2130166382,1.5763,0.5662514156285381,601012.SH
2026-03-05,17.76,18.08,17.58,18.0,120323418,2154129920,1.5878,1.3513513513513375,601012.SH
2026-03-08,18.01,18.49,17.92,18.39,206275509,3764605465,2.722,2.1666666666666723,601012.SH
2026-03-09,18.25,18.62,18.1,18.56,182834037,3357305878,2.4127,0.9244154431756302,601012.SH
2026-03-10,18.55,18.95,18.39,18.79,231193577,4333875458,3.0508,1.2392241379310276,601012.SH
2026-03-11,18.74,19.07,18.46,18.94,250082130,4690086895,3.3001,0.7982969664715345,601012.SH
2026-03-12,18.92,19.47,18.78,18.87,341948340,6538240298,4.5123,-0.36958817317845893,601012.SH
2026-03-15,18.95,19.19,18.61,18.68,201316284,3784642047,2.6566,-1.006889242183362,601012.SH
2026-03-16,18.77,19.43,18.76,18.79,271053214,5173834238,3.5768,0.5888650963597364,601012.SH
2026-03-17,18.76,18.97,18.29,18.54,183500858,3402104019,2.4215,-1.3304949441192093,601012.SH
2026-03-18,18.35,18.79,18.31,18.52,171859699,3195484336,2.2679,-0.10787486515642097,601012.SH
2026-03-19,18.5,19.6,18.42,18.99,446958792,8522747284,5.8981,2.5377969762419017,601012.SH
2026-03-22,19.05,19.4,18.69,18.81,402690738,7694518391,5.3139,-0.9478672985781977,601012.SH
2026-03-23,18.94,19.2,17.77,19.04,390051589,7216531581,5.1471,1.2227538543328142,601012.SH
2026-03-24,18.81,19.18,18.73,18.89,263203670,4980370423,3.4732,-0.7878151260504174,601012.SH
2026-03-25,18.89,19.06,18.31,18.37,245895227,4577231092,3.2448,-2.7527792482795133,601012.SH
2026-03-26,18.1,18.74,18.08,18.52,207588734,3819551092,2.7393,0.8165487207403288,601012.SH
2026-03-29,18.4,18.57,17.8,17.96,217317199,3916247299,2.8677,-3.0237580993520474,601012.SH
2026-03-30,17.9,18.02,17.53,17.54,160019139,2842679053,2.1116,-2.3385300668151587,601012.SH
2026-03-31,17.72,18.03,17.54,17.89,134902214,2398083291,1.7802,1.9954389965792574,601012.SH
2026-04-01,17.8,17.8,17.31,17.36,134821843,2361042861,1.7791,-2.9625489100055913,601012.SH
2026-04-02,17.3,17.35,16.61,16.66,181112872,3057167201,2.39,-4.0322580645161255,601012.SH
2026-04-06,16.66,16.74,16.39,16.7,112080260,1858517890,1.479,0.24009603841537164,601012.SH
2026-04-07,16.92,17.42,16.83,17.32,165925492,2846702533,2.1896,3.7125748502994105,601012.SH
2026-04-08,17.06,17.22,16.87,16.92,111997124,1901557997,1.4779,-2.3094688221708903,601012.SH
2026-04-09,17.06,17.27,16.96,17.12,117060231,2007435124,1.5447,1.1820330969267046,601012.SH
2026-04-12,17.0,18.02,16.95,17.68,216395314,3790707315,2.8556,3.2710280373831724,601012.SH
2026-04-13,17.59,17.63,17.35,17.55,131676074,2303441650,1.7376,-0.7352941176470562,601012.SH
2026-04-14,17.59,17.66,17.36,17.38,98993635,1732878734,1.3063,-0.9686609686609837,601012.SH
2026-04-15,17.45,17.54,17.35,17.51,90707687,1584881031,1.197,0.7479861910241858,601012.SH
2026-04-16,17.45,17.52,17.23,17.44,107334437,1866684287,1.4164,-0.3997715591090856,601012.SH
2026-04-19,17.44,17.8,17.35,17.65,135147018,2376243054,1.7834,1.2041284403669472,601012.SH
2026-04-20,17.65,17.79,17.48,17.59,90529742,1593667052,1.1946,-0.3399433427761944,601012.SH
2026-04-21,17.5,17.66,17.4,17.55,78820050,1382718187,1.0401,-0.22740193291642674,601012.SH
2026-04-22,17.69,17.79,17.37,17.53,125580645,2208322354,1.6572,-0.11396011396010985,601012.SH
2026-04-23,17.51,17.56,17.26,17.39,97503657,1695872844,1.2867,-0.798630918425558,601012.SH
2026-04-26,17.3,17.43,17.12,17.14,109004163,1875866995,1.4384,-1.4376078205865395,601012.SH
2026-04-27,17.03,17.21,16.89,16.95,97787267,1664112757,1.2904,-1.1085180863477317,601012.SH
2026-04-28,16.28,16.59,15.82,16.55,245595378,3992226560,3.2409,-2.359882005899694,601012.SH
2026-04-29,16.37,16.68,16.37,16.46,131505381,2167954847,1.7353,-0.5438066465256797,601012.SH
2026-05-05,16.53,16.65,16.39,16.55,145902230,2408376086,1.9253,0.5467800729040073,601012.SH
2026-05-06,16.54,16.82,16.51,16.55,147596740,2453039029,1.9477,0.0,601012.SH
2026-05-07,16.54,16.55,16.22,16.36,160281637,2621482231,2.1151,-1.148036253776441,601012.SH
2026-05-10,16.35,16.75,16.33,16.61,180960813,3002893118,2.388,1.5281173594132058,601012.SH
2026-05-11,16.65,16.91,16.38,16.7,197345160,3281304288,2.6042,0.541842263696557,601012.SH
2026-05-12,16.51,16.82,16.45,16.78,143368010,2393881568,1.8919,0.47904191616767733,601012.SH
2026-05-13,16.79,17.04,16.3,16.3,209469059,3490763287,2.7642,-2.8605482717520836,601012.SH
2026-05-14,16.28,16.28,15.55,15.6,245767572,3870130809,3.2431,-4.294478527607371,601012.SH
2026-05-17,15.45,15.46,15.05,15.14,155326289,2364623510,2.0497,-2.9487179487179382,601012.SH
2026-05-18,15.15,15.32,15.01,15.24,118854454,1798613429,1.5684,0.6605019815059343,601012.SH
2026-05-19,15.26,15.65,15.08,15.35,137308724,2109013586,1.8119,0.7217847769028785,601012.SH
2026-05-20,15.36,15.46,14.74,14.79,151848601,2300599121,2.0038,-3.6482084690553807,601012.SH
2026-05-21,14.95,15.1,14.73,15.04,108489399,1617887906,1.4316,1.690331304935766,601012.SH
2026-05-24,15.04,15.08,14.73,14.85,112444468,1667808837,1.4838,-1.2632978723404187,601012.SH
2026-05-25,14.77,14.84,14.39,14.6,146413694,2131353894,1.9321,-1.683501683501687,601012.SH
2026-05-26,14.61,15.12,14.31,14.36,183559366,2691220296,2.4222,-1.6438356164383605,601012.SH
2026-05-27,14.26,14.42,14.1,14.35,123338139,1758281784,1.6276,-0.0696378830083555,601012.SH
2026-05-28,14.33,14.33,13.85,13.89,161446507,2265276517,2.1304,-3.205574912891984,601012.SH
2026-05-31,13.86,14.08,13.65,13.68,139409406,1924818824,1.8396,-1.5118790496760348,601012.SH
2026-06-01,13.7,13.76,13.25,13.48,145534151,1950269645,1.9205,-1.4619883040935644,601012.SH
2026-06-02,13.48,13.81,13.38,13.42,143724194,1957606911,1.8966,-0.4451038575667643,601012.SH
2026-06-03,13.33,13.52,13.19,13.34,106096241,1416611361,1.4,-0.5961251862891204,601012.SH
2026-06-04,13.34,13.43,13.03,13.13,125911445,1666002901,1.6615,-1.5742128935532174,601012.SH
2026-06-07,12.9,13.05,12.39,12.44,179366058,2275619620,2.3669,-5.255140898705268,601012.SH
2026-06-08,12.67,12.96,12.22,12.94,171480801,2169128577,2.2629,4.019292604501601,601012.SH
2026-06-09,12.72,14.22,12.65,14.08,255495956,3396036389,3.3715,8.809891808346215,601012.SH
2026-06-10,13.75,13.9,13.42,13.64,241938761,3297899977,3.1926,-3.125,601012.SH
2026-06-11,13.63,13.87,13.42,13.46,186973565,2557192087,2.4673,-1.319648093841641,601012.SH
2026-06-14,13.42,13.48,13.2,13.38,129621818,1731258228,1.7105,-0.5943536404160454,601012.SH
2026-06-15,13.3,13.52,13.23,13.3,119130244,1591257809,1.572,-0.5979073243647215,601012.SH
2026-06-16,13.35,13.45,13.01,13.07,125956142,1655192956,1.6621,-1.7293233082706805,601012.SH
2026-06-17,13.0,13.07,12.71,12.84,133777435,1725873116,1.7653,-1.7597551644988552,601012.SH
2026-06-21,12.77,13.34,12.56,13.23,175473634,2265816111,2.3155,3.0373831775700966,601012.SH
2026-06-22,13.18,13.2,12.6,12.61,135682080,1746654003,1.7905,-4.686318972033265,601012.SH
2026-06-23,12.58,12.67,12.31,12.45,108490640,1351641792,1.4316,-1.2688342585249868,601012.SH
2026-06-24,12.41,12.9,12.31,12.61,149916210,1886012644,1.9783,1.2851405622489986,601012.SH
2026-06-25,12.8,13.43,12.63,12.67,226343931,2940941957,2.9868,0.4758128469468659,601012.SH
