date,open,high,low,close,volume,amount,turn,pct_change,windcode
2020-01-01,63.82,64.48,63.8,63.98,77825207,6712531637,0.72,,601318.SH
2020-01-02,64.49,64.55,63.82,64.04,59498001,5137311989,0.55,0.09377930603315932,601318.SH
2020-01-05,63.83,64.54,63.52,63.6,63644804,5487967678,0.59,-0.6870705808869504,601318.SH
2020-01-06,63.9,64.23,63.65,64.0,45218832,3886450097,0.42,0.6289308176100628,601318.SH
2020-01-07,63.88,63.88,62.78,63.15,62805311,5347387392,0.58,-1.3281250000000022,601318.SH
2020-01-08,63.58,63.6,62.92,63.18,59871202,5090240023,0.55,0.047505938242276,601318.SH
2020-01-09,63.41,63.44,62.86,62.99,52586461,4460689400,0.49,-0.3007280785058519,601318.SH
2020-01-12,63.16,64.24,62.99,64.23,81058866,6944781684,0.75,1.968566439117314,601318.SH
2020-01-13,64.78,65.24,64.4,64.51,71668182,6246205825,0.66,0.4359333644714303,601318.SH
2020-01-14,64.49,64.72,63.65,63.75,52621657,4530511031,0.49,-1.178111920632463,601318.SH
2020-01-15,64.12,64.17,63.56,63.56,49857909,4283072147,0.46,-0.29803921568627434,601318.SH
2020-01-16,64.0,64.56,63.78,64.08,55537018,4786520184,0.51,0.8181246066708558,601318.SH
2020-01-19,65.6,65.9,64.9,65.08,93605062,8248578935,0.86,1.5605493133582948,601318.SH
2020-01-20,64.64,64.85,63.6,63.6,72757941,6273908588,0.67,-2.2741241548862923,601318.SH
2020-01-21,63.15,63.51,62.28,63.31,73657688,6235779993,0.68,-0.4559748427672927,601318.SH
2020-01-22,62.41,62.82,61.28,62.03,108002062,9019354016,1.0,-2.021797504343703,601318.SH
2020-02-02,56.84,58.88,56.76,57.73,203149868,15779335422,1.88,-6.932129614702564,601318.SH
2020-02-03,58.17,60.16,58.1,59.75,121348050,9661568316,1.12,3.499047289104462,601318.SH
2020-02-04,59.85,60.42,59.26,59.72,75319694,6062969630,0.7,-0.05020920502092352,601318.SH
2020-02-05,60.31,60.9,59.72,60.56,67218969,5451123737,0.62,1.406563965170804,601318.SH
2020-02-06,59.88,60.33,59.75,60.2,49163056,3968082289,0.45,-0.5944517833553542,601318.SH
2020-02-09,59.69,59.91,59.36,59.66,59360447,4759660453,0.55,-0.8970099667774178,601318.SH
2020-02-10,60.1,60.82,59.81,60.27,58432220,4748597561,0.54,1.022460610124054,601318.SH
2020-02-11,60.25,60.52,59.84,60.33,44433902,3595991660,0.41,0.09955201592830587,601318.SH
2020-02-12,60.33,60.33,59.7,59.77,56260392,4532120660,0.52,-0.9282280788993735,601318.SH
2020-02-13,59.71,60.37,59.59,60.18,42876535,3460459250,0.4,0.6859628576208809,601318.SH
2020-02-16,60.18,61.28,59.95,61.21,67811881,5545284407,0.63,1.7115320704553127,601318.SH
2020-02-17,60.78,61.0,60.5,60.59,51320023,4192774607,0.47,-1.0129063878451139,601318.SH
2020-02-18,60.2,61.1,60.19,60.7,46047417,3760231172,0.43,0.1815481102492189,601318.SH
2020-02-19,60.92,62.12,60.44,61.87,83304258,6866907972,0.77,1.9275123558484264,601318.SH
2020-02-20,61.29,61.83,60.92,61.2,109390584,9020541385,1.01,-1.082915791175032,601318.SH
2020-02-23,60.18,60.4,59.81,59.97,103510293,8361285867,0.96,-2.0098039215686314,601318.SH
2020-02-24,59.29,59.67,59.07,59.58,86900094,6948570625,0.8,-0.6503251625812889,601318.SH
2020-02-25,59.03,60.0,58.77,59.31,84416650,6737173090,0.78,-0.45317220543805714,601318.SH
2020-02-26,59.14,59.73,58.91,59.28,66679316,5318013519,0.62,-0.050581689428430554,601318.SH
2020-02-27,58.39,58.91,57.73,57.74,98392314,7697148541,0.91,-2.597840755735492,601318.SH
2020-03-01,58.19,59.58,58.19,59.12,71232340,5669190141,0.66,2.3900242466227795,601318.SH
2020-03-02,59.79,59.86,58.88,59.06,67823840,5418803178,0.63,-0.10148849797022574,601318.SH
2020-03-03,59.36,59.99,59.36,59.87,67757456,5443423591,0.63,1.3714866237724221,601318.SH
2020-03-04,60.19,61.49,59.9,61.25,96064271,7866801864,0.89,2.3049941540003394,601318.SH
2020-03-05,60.6,60.86,60.03,60.11,58418607,4739601763,0.54,-1.8612244897959207,601318.SH
2020-03-08,58.62,58.69,57.96,58.05,105508261,8277312802,0.97,-3.4270504075860964,601318.SH
2020-03-09,58.05,59.27,57.82,58.83,71700649,5645289830,0.66,1.3436692506459957,601318.SH
2020-03-10,58.83,58.88,58.06,58.06,59140393,4645175644,0.55,-1.3088560258371462,601318.SH
2020-03-11,57.39,57.56,56.86,56.95,90129053,6925926414,0.83,-1.9118153634171575,601318.SH
2020-03-12,53.6,56.45,53.57,55.5,116615744,8615758935,1.08,-2.546093064091315,601318.SH
2020-03-15,55.35,55.36,53.34,53.49,97917345,7135463717,0.9,-3.621621621621618,601318.SH
2020-03-16,53.23,54.23,52.67,53.6,95092287,6841593561,0.88,0.2056459151243306,601318.SH
2020-03-17,53.89,54.15,51.89,51.91,85218111,6077848896,0.79,-3.1529850746268795,601318.SH
2020-03-18,51.34,51.91,49.27,50.38,123676064,8385522982,1.14,-2.947408977075694,601318.SH
2020-03-19,51.05,51.56,50.04,51.26,88726935,6081161074,0.82,1.7467248908296762,601318.SH
2020-03-22,49.03,50.15,49.03,49.6,68407966,4566662467,0.63,-3.2383925087787646,601318.SH
2020-03-23,50.48,51.3,50.39,51.23,79163320,5419438569,0.73,3.2862903225806317,601318.SH
2020-03-24,52.45,52.92,51.92,52.27,92818620,6547779490,0.86,2.030060511419096,601318.SH
2020-03-25,51.62,52.75,51.52,52.15,54986973,3859228586,0.51,-0.22957719533194254,601318.SH
2020-03-26,52.93,52.96,51.8,51.8,60308423,4246255802,0.56,-0.6711409395973145,601318.SH
2020-03-29,50.97,51.55,50.85,51.37,46795596,3222983516,0.43,-0.8301158301158296,601318.SH
2020-03-30,52.09,52.27,51.27,51.39,42536786,2967824565,0.39,0.038933229511384226,601318.SH
2020-03-31,51.26,52.35,51.19,51.5,55692869,3887226530,0.51,0.2140494259583514,601318.SH
2020-04-01,50.82,51.76,50.34,51.76,51202929,3512800754,0.47,0.5048543689320395,601318.SH
2020-04-02,51.34,51.46,50.82,51.16,42025417,2892833242,0.39,-1.1591962905718733,601318.SH
2020-04-06,52.06,52.23,51.68,51.98,61934765,4330830271,0.57,1.602814698983579,601318.SH
2020-04-07,51.69,51.86,51.5,51.55,36245867,2521691766,0.33,-0.8272412466333146,601318.SH
2020-04-08,51.75,51.98,51.54,51.74,36830815,2567770387,0.34,0.36857419980602657,601318.SH
2020-04-09,51.75,53.81,51.54,52.74,76624962,5445247152,0.71,1.9327406262079627,601318.SH
2020-04-12,52.34,52.59,52.01,52.1,35516987,2495812251,0.33,-1.2135001896094066,601318.SH
2020-04-13,52.51,52.87,52.19,52.76,42969677,3041154493,0.4,1.2667946257197693,601318.SH
2020-04-14,52.8,53.03,52.49,52.64,38151523,2707408704,0.35,-0.22744503411674666,601318.SH
2020-04-15,52.38,52.53,52.12,52.29,28294260,1992746679,0.26,-0.6648936170212782,601318.SH
2020-04-16,52.82,54.47,52.59,53.79,90367948,6519197379,0.83,2.8686173264486525,601318.SH
2020-04-19,54.15,54.83,53.57,54.61,65419398,4785645886,0.6,1.5244469232199354,601318.SH
2020-04-20,54.27,54.59,53.13,53.77,56898431,4118269231,0.53,-1.538179820545682,601318.SH
2020-04-21,53.49,53.54,53.1,53.54,37767315,2709336486,0.35,-0.4277478147666103,601318.SH
2020-04-22,53.78,54.09,53.36,53.61,32966612,2379812928,0.3,0.13074336944340903,601318.SH
2020-04-23,52.77,52.77,52.23,52.38,66711619,4705918849,0.62,-2.2943480693900287,601318.SH
2020-04-26,52.47,53.2,52.47,52.9,48152784,3433518802,0.44,0.9927453226422189,601318.SH
2020-04-27,53.12,54.0,52.73,53.77,61387427,4420134600,0.57,1.6446124763705106,601318.SH
2020-04-28,53.77,55.13,53.77,54.98,53115638,3917886431,0.49,2.2503254602938227,601318.SH
2020-04-29,55.32,55.94,55.13,55.32,48625473,3635525684,0.45,0.6184066933430321,601318.SH
2020-05-05,54.46,54.96,54.16,54.84,62916787,4613009932,0.58,-0.8676789587852451,601318.SH
2020-05-06,54.75,54.75,54.09,54.41,40312289,2946802572,0.37,-0.784099197665955,601318.SH
2020-05-07,55.06,55.43,54.5,55.18,40471960,2944390962,0.37,1.4151810328983716,601318.SH
2020-05-10,55.29,56.57,55.29,55.89,49575731,3677832430,0.46,1.286698079014137,601318.SH
2020-05-11,55.89,56.21,55.56,55.91,41545036,3071895578,0.38,0.035784576847364136,601318.SH
2020-05-12,55.66,55.91,54.94,55.46,28897035,2118699108,0.27,-0.8048649615453374,601318.SH
2020-05-13,55.21,55.21,54.58,54.62,34971511,2535717394,0.32,-1.5146051208077993,601318.SH
2020-05-14,54.91,55.28,54.59,54.62,31750730,2301777679,0.29,0.0,601318.SH
2020-05-17,54.6,55.19,54.22,54.6,30846266,2228956647,0.28,-0.03661662394726095,601318.SH
2020-05-18,55.34,55.66,54.91,55.13,34158323,2493797102,0.32,0.9706959706959672,601318.SH
2020-05-19,55.21,55.35,54.83,55.17,27483484,2000585096,0.25,0.07255577725375773,601318.SH
2020-05-20,55.36,55.43,54.72,54.74,31268623,2277526278,0.29,-0.7794090991480873,601318.SH
2020-05-21,54.5,54.53,53.01,53.03,57719422,4091224714,0.53,-3.123858238947752,601318.SH
2020-05-24,52.94,53.0,52.18,52.96,41710115,2901602627,0.39,-0.13200075429002922,601318.SH
2020-05-25,53.69,53.69,53.18,53.32,27112848,1912577654,0.25,0.6797583081570968,601318.SH
2020-05-26,53.48,54.13,53.33,53.43,28715214,2036204894,0.27,0.2063015753938524,601318.SH
2020-05-27,53.45,54.44,53.45,54.08,41426045,2961421771,0.38,1.2165450121654375,601318.SH
2020-05-28,53.62,53.92,53.3,53.47,26844115,1901686644,0.25,-1.1279585798816605,601318.SH
2020-05-31,54.0,54.62,53.87,54.57,45767284,3296218949,0.42,2.057228352347118,601318.SH
2020-06-01,54.47,56.36,54.46,56.17,81052327,5968449049,0.75,2.932013927066146,601318.SH
2020-06-02,56.72,58.0,56.72,56.73,99148840,7515763784,0.92,0.996973473384366,601318.SH
2020-06-03,57.04,57.26,56.4,56.83,45388022,3410379332,0.42,0.1762735765908685,601318.SH
2020-06-04,56.83,57.05,56.27,56.95,34980754,2618665525,0.32,0.21115607953545723,601318.SH
2020-06-07,57.25,58.4,57.25,58.02,76697448,5884341883,0.71,1.8788410886742657,601318.SH
2020-06-08,58.03,58.37,57.72,57.85,38851680,2977854246,0.36,-0.293002412961052,601318.SH
2020-06-09,57.91,58.0,57.07,57.16,34545292,2619976605,0.32,-1.1927398444252502,601318.SH
2020-06-10,56.88,57.07,55.81,56.13,58611342,4367908974,0.54,-1.801959412176335,601318.SH
2020-06-11,55.28,56.08,55.18,56.08,48825871,3587207261,0.45,-0.08907892392661099,601318.SH
2020-06-14,55.72,55.8,54.79,54.86,55130379,4024617717,0.51,-2.1754636233951463,601318.SH
2020-06-15,55.66,55.72,55.31,55.55,34190511,2510329760,0.32,1.2577469923441553,601318.SH
2020-06-16,55.36,55.49,54.9,55.21,32589579,2375228580,0.3,-0.6120612061206065,601318.SH
2020-06-17,55.09,55.79,54.74,55.51,41863201,3062399434,0.39,0.5433798224959263,601318.SH
2020-06-18,55.54,56.03,55.21,55.52,63598984,4672211605,0.59,0.01801477211313962,601318.SH
2020-06-21,55.21,55.9,54.91,55.03,67183145,4908549057,0.62,-0.8825648414985676,601318.SH
2020-06-22,54.83,54.9,54.2,54.42,77963604,5610392717,0.72,-1.1084862802107964,601318.SH
2020-06-23,54.64,55.09,54.46,54.65,60513632,4380602931,0.56,0.42263873575889566,601318.SH
2020-06-28,54.5,54.65,53.54,53.7,71483781,5089513072,0.66,-1.7383348581884617,601318.SH
2020-06-29,53.97,54.28,53.69,54.0,45150315,3222061872,0.42,0.5586592178770999,601318.SH
2020-06-30,54.14,55.58,53.85,55.58,96755992,7027221949,0.89,2.925925925925932,601318.SH
2020-07-01,55.42,57.48,55.21,57.48,147446692,11001772289,1.36,3.4184958618207917,601318.SH
2020-07-02,57.59,59.36,57.58,58.96,170382002,13197963062,1.57,2.5748086290883876,601318.SH
2020-07-05,59.83,64.19,59.83,63.62,280669463,23106295698,2.59,7.903663500678415,601318.SH
2020-07-06,65.79,66.25,62.92,62.94,222204141,18920029728,2.05,-1.0688462747563632,601318.SH
2020-07-07,63.61,65.79,63.41,64.8,169638993,14486522558,1.57,2.9551954242135414,601318.SH
2020-07-08,65.26,65.64,64.21,64.98,142459727,12240651395,1.32,0.277777777777799,601318.SH
2020-07-09,64.29,64.56,62.1,62.27,146661958,12251530199,1.35,-4.170514004309023,601318.SH
2020-07-12,61.94,63.27,61.64,62.29,117951579,9725535191,1.09,0.03211819495743118,601318.SH
2020-07-13,62.29,62.94,60.96,61.48,98855793,8093687566,0.91,-1.30036924064858,601318.SH
2020-07-14,62.13,62.31,60.59,60.67,92276793,7478183762,0.85,-1.3175016265452144,601318.SH
2020-07-15,61.48,61.99,59.06,59.15,131817000,10546372452,1.22,-2.505356848524809,601318.SH
2020-07-16,59.74,60.04,58.47,59.0,87503528,6849600333,0.81,-0.2535925612848655,601318.SH
2020-07-19,59.78,62.63,59.78,62.62,137754779,11212026913,1.27,6.135593220338986,601318.SH
2020-07-20,62.73,62.92,60.78,61.08,90477483,7340189248,0.84,-2.459278185883107,601318.SH
2020-07-21,60.66,61.9,60.08,60.45,87751322,7056923502,0.81,-1.031434184675828,601318.SH
2020-07-22,59.74,60.41,59.0,59.74,78210045,6158187276,0.72,-1.1745244003308564,601318.SH
2020-07-23,59.65,59.66,57.76,58.23,107269340,8306516311,0.99,-2.527619685302984,601318.SH
2020-07-26,58.44,58.83,57.25,57.8,73479899,5615185667,0.68,-0.7384509702902275,601318.SH
2020-07-27,58.22,58.46,57.44,57.76,63985871,4893527505,0.59,-0.06920415224913601,601318.SH
2020-07-28,57.48,58.99,57.29,58.46,70286526,5415279238,0.65,1.2119113573407336,601318.SH
2020-07-29,58.53,58.56,57.49,57.5,64624326,4940867628,0.6,-1.6421484775915207,601318.SH
2020-07-30,57.48,58.42,56.87,57.4,74852042,5701005305,0.69,-0.17391304347826875,601318.SH
2020-08-02,57.74,57.99,57.31,57.81,85524765,6513674699,0.79,0.7142857142857117,601318.SH
2020-08-03,58.09,60.01,57.63,59.49,148146165,11554011371,1.37,2.906071613907635,601318.SH
2020-08-04,58.94,58.95,57.93,58.33,78780592,6075388456,0.73,-1.9499075474869842,601318.SH
2020-08-05,58.23,58.9,57.63,58.35,64756303,4979623105,0.6,0.03428767358135687,601318.SH
2020-08-06,58.2,58.74,57.48,57.73,54980898,4215768273,0.51,-1.0625535561268329,601318.SH
2020-08-09,57.49,58.75,57.34,58.24,70007323,5396774601,0.65,0.8834228304174685,601318.SH
2020-08-10,58.57,59.5,57.86,58.06,77530900,6036019284,0.72,-0.30906593406593297,601318.SH
2020-08-11,58.08,58.58,57.78,58.35,58601265,4513022466,0.54,0.49948329314501994,601318.SH
2020-08-12,58.61,58.69,57.86,57.93,42135547,3236112230,0.39,-0.7197943444730126,601318.SH
2020-08-13,57.83,59.36,57.73,59.13,63247371,4893057493,0.58,2.071465561885044,601318.SH
2020-08-16,59.16,62.44,59.16,61.33,173940016,14077887673,1.61,3.7206155927617113,601318.SH
2020-08-17,61.11,61.18,60.05,60.31,84250596,6735058126,0.78,-1.6631338659709671,601318.SH
2020-08-18,60.2,60.58,59.12,59.12,56473384,4458976788,0.52,-1.973138782954742,601318.SH
2020-08-19,59.06,59.06,58.35,58.69,49842248,3863022133,0.46,-0.7273342354533141,601318.SH
2020-08-20,59.21,59.56,58.65,59.18,42445930,3315620080,0.39,0.8348952121315367,601318.SH
2020-08-23,59.71,59.74,58.71,58.84,47280441,3698163543,0.44,-0.5745184183845842,601318.SH
2020-08-24,58.99,59.65,58.69,59.07,53047942,4149072334,0.49,0.390890550645806,601318.SH
2020-08-25,58.99,59.03,57.93,58.08,54277509,4191632778,0.5,-1.6759776536312887,601318.SH
2020-08-26,58.35,58.36,57.48,57.88,44883359,3425207259,0.41,-0.3443526170798794,601318.SH
2020-08-27,57.83,59.15,57.36,58.9,76502813,5893644072,0.71,1.762266758811326,601318.SH
2020-08-30,58.9,59.59,57.91,57.94,72312973,5624026414,0.67,-1.6298811544991576,601318.SH
2020-08-31,57.54,57.92,57.48,57.76,47125055,3593513070,0.44,-0.3106662064204291,601318.SH
2020-09-01,57.94,58.08,57.17,57.42,55637670,4229574503,0.51,-0.58864265927977,601318.SH
2020-09-02,57.47,57.79,56.83,57.01,59983664,4540579467,0.55,-0.7140369209334807,601318.SH
2020-09-03,56.57,56.79,56.38,56.58,47825576,3575937386,0.44,-0.7542536397123323,601318.SH
2020-09-06,56.58,57.66,56.53,56.76,63325076,4787525506,0.58,0.31813361611876534,601318.SH
2020-09-07,57.46,58.58,57.25,58.34,86603009,6642255588,0.8,2.7836504580690757,601318.SH
2020-09-08,57.76,58.65,57.73,57.84,52398217,4026858724,0.48,-0.8570449091532373,601318.SH
2020-09-09,58.2,58.49,57.78,57.87,53035437,4078037119,0.49,0.051867219917012264,601318.SH
2020-09-10,57.79,58.61,57.6,58.39,46217823,3557564884,0.43,0.8985657508208122,601318.SH
2020-09-13,58.7,59.82,58.7,59.4,72999187,5730571509,0.67,1.7297482445624235,601318.SH
2020-09-14,59.4,60.86,58.65,60.43,101435044,8095818927,0.94,1.7340067340067433,601318.SH
2020-09-15,60.57,60.72,59.92,60.04,46794754,3693757689,0.43,-0.6453748138341875,601318.SH
2020-09-16,60.43,60.94,60.12,60.35,66830642,5303741282,0.62,0.5163224516988807,601318.SH
2020-09-17,60.81,63.45,60.72,63.32,177600775,14522782208,1.64,4.921292460646232,601318.SH
2020-09-20,63.33,63.47,61.82,61.82,84531359,6909679018,0.78,-2.3689197725836997,601318.SH
2020-09-21,60.88,61.67,60.35,60.4,67938147,5407048622,0.63,-2.2969912649628,601318.SH
2020-09-22,60.73,60.78,59.92,60.01,36211616,2855189686,0.33,-0.6456953642384078,601318.SH
2020-09-23,59.73,59.97,58.82,58.87,60837288,4720617558,0.56,-1.8996833861023132,601318.SH
2020-09-24,59.48,59.49,58.82,59.27,35668375,2760347918,0.33,0.6794632240530118,601318.SH
2020-09-27,59.27,60.04,59.13,59.55,37177371,2897251524,0.34,0.4724143748945364,601318.SH
2020-09-28,59.96,59.97,58.59,58.67,51992004,4014297165,0.48,-1.477749790092353,601318.SH
2020-09-29,58.74,59.16,58.06,58.26,47625773,3652745796,0.44,-0.6988239304585031,601318.SH
2020-10-08,59.03,59.93,59.02,59.51,47428848,3700952923,0.44,2.1455544112598757,601318.SH
2020-10-11,59.85,61.99,59.82,61.77,86992879,7002973824,0.8,3.797681062006397,601318.SH
2020-10-12,61.62,62.53,61.08,62.17,56442934,4572861833,0.52,0.647563542172569,601318.SH
2020-10-13,62.26,62.27,61.49,62.17,50039556,4060079462,0.46,0.0,601318.SH
2020-10-14,62.18,63.3,62.11,62.18,55502187,4555169176,0.51,0.016084928422066547,601318.SH
2020-10-15,62.49,63.32,62.26,62.64,60703280,4992393588,0.56,0.7397877130910224,601318.SH
2020-10-18,63.15,64.46,62.49,62.53,91742376,7642713658,0.85,-0.17560664112388213,601318.SH
2020-10-19,62.45,62.64,61.96,62.05,41318580,3363220839,0.38,-0.7676315368623121,601318.SH
2020-10-20,62.45,63.08,62.08,62.95,49249162,4040506423,0.45,1.450443190975026,601318.SH
2020-10-21,63.04,63.31,61.33,62.72,46697087,3811833387,0.43,-0.3653693407466352,601318.SH
2020-10-22,62.73,64.8,62.73,63.79,93880947,7885042870,0.87,1.7059948979591733,601318.SH
2020-10-25,63.86,64.45,62.01,62.79,59632529,4915201799,0.55,-1.567643831321519,601318.SH
2020-10-26,62.47,62.79,61.88,61.93,55925690,4554557429,0.52,-1.3696448479057155,601318.SH
2020-10-27,61.5,61.92,60.39,60.79,76979681,6137912536,0.71,-1.8407879864362986,601318.SH
2020-10-28,59.65,61.03,59.6,60.09,72755430,5723421439,0.67,-1.1515051817733157,601318.SH
2020-10-29,60.08,60.69,59.31,59.45,76459869,5985865621,0.71,-1.065069063072055,601318.SH
2020-11-01,59.97,60.2,58.83,59.0,63872032,4955636567,0.59,-0.7569386038688064,601318.SH
2020-11-02,59.41,60.61,59.13,60.47,61543284,4838929215,0.57,2.491525423728813,601318.SH
2020-11-03,60.18,61.0,60.04,60.73,43467076,3448542092,0.4,0.429965272035715,601318.SH
2020-11-04,61.38,62.4,61.27,61.83,53709524,4346336859,0.5,1.811295899884735,601318.SH
2020-11-05,61.95,62.45,61.51,62.11,51038925,4140944231,0.47,0.4528546013262247,601318.SH
2020-11-08,63.02,63.79,62.87,63.39,80996545,6726290348,0.75,2.060859764933176,601318.SH
2020-11-09,64.35,64.74,63.44,63.56,78900305,6624999077,0.73,0.26818110112005744,601318.SH
2020-11-10,63.56,64.19,63.14,63.8,54282531,4534083953,0.5,0.37759597230961894,601318.SH
2020-11-11,63.98,64.53,62.49,62.85,49054364,4048788618,0.45,-1.4890282131661325,601318.SH
2020-11-12,61.94,62.41,60.83,61.37,70794237,5675497104,0.65,-2.354813046937154,601318.SH
2020-11-15,61.64,63.6,61.64,63.48,70143403,5775792599,0.65,3.4381619683884646,601318.SH
2020-11-16,63.48,64.72,63.4,64.19,82506392,6945950434,0.76,1.1184625078765054,601318.SH
2020-11-17,64.47,65.83,64.42,65.21,96965774,8293242272,0.9,1.58903255958871,601318.SH
2020-11-18,65.08,65.5,64.56,65.25,54900519,4675267717,0.51,0.061340285232325265,601318.SH
2020-11-19,65.16,65.17,64.09,64.58,45298594,3824038757,0.42,-1.0268199233716468,601318.SH
2020-11-22,64.93,66.03,64.66,65.86,78377584,6717179289,0.72,1.9820377825952251,601318.SH
2020-11-23,65.92,66.45,64.7,64.93,49992972,4284342941,0.46,-1.4120862435469062,601318.SH
2020-11-24,65.69,67.64,65.67,66.65,122368908,10732748795,1.13,2.6490066225165476,601318.SH
2020-11-25,66.47,68.29,66.19,68.1,90924011,8027343289,0.84,2.175543885971476,601318.SH
2020-11-26,68.37,68.95,67.61,68.83,74795473,6694377072,0.69,1.0719530102790031,601318.SH
2020-11-29,69.52,72.28,68.77,68.77,153919637,14316071594,1.42,-0.08717129158797299,601318.SH
2020-11-30,69.29,71.33,68.48,71.33,85420603,7840114574,0.79,3.722553438999565,601318.SH
2020-12-01,71.33,71.69,70.35,70.93,65068818,6049580162,0.6,-0.5607738679377472,601318.SH
2020-12-02,70.88,71.37,69.68,70.18,50991723,4689461117,0.47,-1.0573805160016936,601318.SH
2020-12-03,70.32,70.68,68.9,70.42,48929502,4464927573,0.45,0.34197777144484576,601318.SH
2020-12-06,70.87,71.03,68.0,69.04,62778839,5675145575,0.58,-1.9596705481397247,601318.SH
2020-12-07,68.75,69.32,67.07,67.26,86333963,7655879134,0.8,-2.5782155272305873,601318.SH
2020-12-08,67.61,68.35,67.06,67.12,52500504,4650557072,0.48,-0.20814748736247557,601318.SH
2020-12-09,67.22,67.75,66.57,66.98,40575298,3569375604,0.37,-0.20858164481525332,601318.SH
2020-12-10,67.61,67.91,65.28,65.77,71494237,6185908147,0.66,-1.8065094057927888,601318.SH
2020-12-13,66.19,67.35,66.08,66.99,58386154,5104281273,0.54,1.8549490649232059,601318.SH
2020-12-14,66.45,66.45,65.21,65.92,63310377,5440988906,0.58,-1.5972533213912454,601318.SH
2020-12-15,66.15,66.83,65.66,66.34,47070489,4082011353,0.43,0.637135922330101,601318.SH
2020-12-16,66.43,68.03,66.1,67.97,68546267,6030510871,0.63,2.4570394935182316,601318.SH
2020-12-17,67.83,68.18,66.55,67.06,49981599,4395183092,0.46,-1.3388259526261548,601318.SH
2020-12-20,66.46,67.03,65.7,66.5,59973257,5206712773,0.55,-0.8350730688935326,601318.SH
2020-12-21,66.49,66.49,63.98,64.28,98595963,8391031072,0.91,-3.3383458646616515,601318.SH
2020-12-22,64.34,65.23,63.99,64.82,55037110,4650859410,0.51,0.8400746733042919,601318.SH
2020-12-23,65.16,65.2,63.93,64.32,52479068,4424690022,0.48,-0.7713668620796033,601318.SH
2020-12-24,63.86,63.86,62.53,63.56,69140797,5712810724,0.64,-1.1815920398009827,601318.SH
2020-12-27,63.75,65.08,63.29,64.64,63519948,5351448827,0.59,1.6991818753933297,601318.SH
2020-12-28,64.89,65.76,64.7,65.31,51931564,4440460410,0.48,1.0365099009901124,601318.SH
2020-12-29,65.08,65.6,64.31,65.6,56570726,4803060806,0.52,0.444036135354442,601318.SH
2020-12-30,65.38,66.98,65.38,66.44,79580939,6906071809,0.73,1.280487804878061,601318.SH
2021-01-03,66.39,66.42,64.24,65.07,103643104,8814286886,0.96,-2.062010836845285,601318.SH
2021-01-04,64.55,64.55,63.29,64.37,105478627,8795809652,0.97,-1.075764561241721,601318.SH
2021-01-05,64.39,65.5,63.82,65.5,93759848,7950362263,0.87,1.755476153487634,601318.SH
2021-01-06,65.6,66.28,64.4,65.89,106968724,9137580589,0.99,0.595419847328249,601318.SH
2021-01-07,65.86,66.66,65.09,65.77,116936795,10069057405,1.08,-0.18212171801488264,601318.SH
2021-01-10,65.85,66.15,64.17,64.19,109860234,9329271307,1.01,-2.402311084080888,601318.SH
2021-01-11,64.08,67.09,63.66,67.09,146755609,12534640504,1.35,4.5178376694189115,601318.SH
2021-01-12,67.83,68.2,66.33,66.87,139094339,12223230669,1.28,-0.3279177224623675,601318.SH
2021-01-13,67.53,67.62,64.84,65.14,137927380,11920236040,1.27,-2.587109316584424,601318.SH
2021-01-14,65.65,67.72,65.14,66.38,158708501,13814609040,1.47,1.903592262818532,601318.SH
2021-01-17,66.46,66.96,65.16,66.61,116241991,10058906404,1.07,0.3464899065983795,601318.SH
2021-01-18,66.9,67.34,65.73,66.31,110332831,9590457420,1.02,-0.45038282540158514,601318.SH
2021-01-19,66.55,66.71,64.86,65.08,131977553,11316059444,1.22,-1.8549238425576875,601318.SH
2021-01-20,65.21,65.25,64.02,64.5,139305540,11761468222,1.29,-0.8912108174554345,601318.SH
2021-01-21,64.93,65.05,63.8,64.02,116275248,9781081769,1.07,-0.7441860465116301,601318.SH
2021-01-24,63.94,64.84,63.08,64.84,127980118,10711676899,1.18,1.2808497344579894,601318.SH
2021-01-25,64.55,64.84,63.31,63.4,105139741,8787960590,0.97,-2.220851326341766,601318.SH
2021-01-26,63.39,64.1,63.08,63.43,68273775,5679886869,0.63,0.04731861198739029,601318.SH
2021-01-27,62.79,63.08,61.61,61.82,106108731,8642469570,0.98,-2.5382311209206976,601318.SH
2021-01-28,61.8,62.21,59.97,60.41,126980032,10098743883,1.17,-2.280815270139125,601318.SH
2021-01-31,60.42,60.91,59.87,60.55,72490144,5729483192,0.67,0.2317497103128563,601318.SH
2021-02-01,60.56,60.69,59.55,59.72,98836447,7742175159,0.91,-1.3707679603633283,601318.SH
2021-02-02,59.39,59.39,57.52,58.47,134384298,10255482626,1.24,-2.0931011386470244,601318.SH
2021-02-03,59.58,61.36,59.36,60.82,141654771,11200715086,1.31,4.019155122284945,601318.SH
2021-02-04,61.11,61.33,60.05,60.9,84557225,6724535241,0.78,0.13153567905292984,601318.SH
2021-02-07,60.91,61.44,59.8,60.02,79654699,6286929303,0.74,-1.444991789819372,601318.SH
2021-02-08,60.01,60.01,58.67,59.68,91412187,7082935953,0.84,-0.5664778407197701,601318.SH
2021-02-09,59.51,60.97,59.19,60.54,91968674,7280622422,0.85,1.4410187667560415,601318.SH
2021-02-17,62.26,63.3,61.79,62.93,146678205,12007277012,1.35,3.947803105384873,601318.SH
2021-02-18,62.64,64.6,62.4,64.32,124061762,10401612526,1.15,2.208803432385187,601318.SH
2021-02-21,64.36,65.15,63.08,63.4,113034110,9477375165,1.04,-1.4303482587064598,601318.SH
2021-02-22,63.04,65.08,63.02,64.41,101660045,8580570535,0.94,1.5930599369085252,601318.SH
2021-02-23,63.79,65.51,63.02,64.0,117355482,9899984125,1.08,-0.6365471200124206,601318.SH
2021-02-24,64.57,67.44,63.67,66.57,189748955,16396558900,1.75,4.015624999999989,601318.SH
2021-02-25,65.54,66.56,65.07,65.07,118045513,10161431934,1.09,-2.253267237494372,601318.SH
2021-02-28,65.7,65.99,64.05,64.81,82300801,6965448429,0.76,-0.3995696941754945,601318.SH
2021-03-01,64.81,64.89,63.1,63.58,85227395,7125570282,0.79,-1.8978552692485828,601318.SH
2021-03-02,63.17,66.41,63.12,66.27,116697147,10011295959,1.08,4.230890217049388,601318.SH
2021-03-03,65.7,66.8,65.54,65.92,94974599,8227101595,0.88,-0.5281424475629959,601318.SH
2021-03-04,65.31,65.92,63.66,64.55,81417603,6869464666,0.75,-2.0782766990291357,601318.SH
2021-03-07,65.08,67.06,64.74,64.89,105035653,9048690307,0.97,0.5267234701781698,601318.SH
2021-03-08,65.31,65.89,64.02,64.21,98217495,8338463778,0.91,-1.04792726151951,601318.SH
2021-03-09,64.64,64.65,63.5,63.62,64800135,5431067986,0.6,-0.9188599906556516,601318.SH
2021-03-10,64.09,65.97,64.02,65.97,91252098,7777368999,0.84,3.6938069789374417,601318.SH
2021-03-11,66.09,66.15,65.03,65.35,64681200,5539349037,0.6,-0.9398211308170423,601318.SH
2021-03-14,65.21,65.31,64.33,65.02,54551255,4629849997,0.5,-0.5049732211170554,601318.SH
2021-03-15,65.16,65.39,64.48,65.24,54353955,4624281660,0.5,0.3383574284835378,601318.SH
2021-03-16,64.93,64.93,62.95,63.05,106478452,8863828593,0.98,-3.356836296750454,601318.SH
2021-03-17,62.87,63.24,61.93,62.2,80312095,6548492031,0.74,-1.3481363996827866,601318.SH
2021-03-18,62.03,62.11,60.74,60.84,96102381,7701437284,0.89,-2.1864951768488683,601318.SH
2021-03-21,61.1,61.32,60.75,60.97,54273091,4336966849,0.5,0.21367521367521292,601318.SH
2021-03-22,61.03,61.57,60.44,61.15,51116947,4079350323,0.47,0.2952271608988033,601318.SH
2021-03-23,61.1,61.34,60.13,60.36,63315814,5017219139,0.58,-1.2919051512673696,601318.SH
2021-03-24,60.52,60.85,60.34,60.5,43650615,3463493422,0.4,0.23194168323392717,601318.SH
2021-03-25,60.79,61.34,60.78,61.12,45348477,3630749606,0.42,1.0247933884297566,601318.SH
2021-03-28,61.11,61.19,60.2,60.45,63234490,5001522655,0.58,-1.0962041884816642,601318.SH
2021-03-29,60.5,60.63,60.04,60.63,51106025,4035933798,0.47,0.29776674937964653,601318.SH
2021-03-30,60.73,60.77,60.03,60.12,48358484,3810104160,0.45,-0.8411677387432093,601318.SH
2021-03-31,60.2,60.56,60.16,60.5,36071335,2849514882,0.33,0.632069194943452,601318.SH
2021-04-01,60.5,60.5,60.03,60.26,46931855,3694882980,0.43,-0.3966942148760366,601318.SH
2021-04-05,60.29,60.69,60.11,60.37,35173602,2778107894,0.32,0.18254231662795384,601318.SH
2021-04-06,60.63,60.63,59.72,59.93,47501172,3729878594,0.44,-0.72883882723207,601318.SH
2021-04-07,59.91,60.34,59.59,60.07,37404801,2937859212,0.35,0.2336058735191049,601318.SH
2021-04-08,60.05,60.06,58.81,58.94,68801127,5322377558,0.64,-1.8811386715498646,601318.SH
2021-04-11,58.94,59.2,58.53,58.94,45336602,3488299461,0.42,0.0,601318.SH
2021-04-12,59.18,59.45,58.21,58.48,55250310,4254139273,0.51,-0.7804546996946105,601318.SH
2021-04-13,58.81,59.19,58.67,58.94,38078954,2936032854,0.35,0.7865937072503382,601318.SH
2021-04-14,58.17,58.36,57.43,57.91,79358244,6004162228,0.73,-1.7475398710553147,601318.SH
2021-04-15,57.9,57.97,57.29,57.83,55174264,4158750980,0.51,-0.13814539803143067,601318.SH
2021-04-18,57.64,58.2,57.29,58.19,65367596,4949470614,0.6,0.6225142659519234,601318.SH
2021-04-19,58.09,58.17,57.66,58.06,49248467,3730599990,0.45,-0.2234060835194951,601318.SH
2021-04-20,57.76,57.95,57.51,57.77,41754851,3156222891,0.39,-0.49948329314501994,601318.SH
2021-04-21,58.29,58.31,57.57,57.88,56065363,4167214250,0.52,0.19041024753332358,601318.SH
2021-04-22,57.88,58.82,57.49,57.79,86784514,6466806593,0.8,-0.1554941257774778,601318.SH
2021-04-25,57.6,57.61,56.62,56.72,106192950,7769915592,0.98,-1.8515314068177857,601318.SH
2021-04-26,56.59,57.17,56.05,57.02,75969268,5520922253,0.7,0.5289139633286366,601318.SH
2021-04-27,56.81,56.89,56.33,56.66,57062742,4147666503,0.53,-0.631357418449674,601318.SH
2021-04-28,56.66,57.56,56.47,57.45,54441616,4003254829,0.5,1.3942816801976843,601318.SH
2021-04-29,57.57,57.57,56.31,56.42,52463043,3825446895,0.48,-1.7928633594429977,601318.SH
2021-05-05,55.41,55.88,54.75,54.89,92009492,6525763344,0.85,-2.7118043247075563,601318.SH
2021-05-06,55.06,55.32,54.49,54.55,56146188,3961363207,0.52,-0.6194206595008245,601318.SH
2021-05-09,54.61,54.86,54.09,54.5,52456956,3669862808,0.48,-0.09165902841429263,601318.SH
2021-05-10,54.36,54.89,53.98,54.69,50953234,3559079175,0.47,0.3486238532109942,601318.SH
2021-05-11,54.47,54.88,54.21,54.42,40995688,2870375902,0.38,-0.4936917169500732,601318.SH
2021-05-12,54.08,54.34,53.6,53.81,50644837,3506048010,0.47,-1.1209114296214628,601318.SH
2021-05-13,54.01,55.39,53.73,55.39,81877185,5771742191,0.76,2.9362572012636923,601318.SH
2021-05-16,54.79,55.11,54.47,54.76,63300366,4455919019,0.58,-1.1373894204730117,601318.SH
2021-05-17,55.0,55.56,54.82,55.17,41807341,2965118195,0.39,0.7487216946676423,601318.SH
2021-05-18,55.02,55.02,54.39,54.45,46584951,3262720507,0.43,-1.3050570962479635,601318.SH
2021-05-19,54.47,55.23,54.18,55.03,42247209,2973914638,0.39,1.0651974288337973,601318.SH
2021-05-20,55.25,55.55,54.48,54.51,41383646,2914326901,0.38,-0.9449391241141303,601318.SH
2021-05-23,54.47,54.76,54.2,54.43,35092199,2457923779,0.32,-0.1467620620069665,601318.SH
2021-05-24,54.54,56.61,54.25,56.39,121383184,8699286544,1.12,3.6009553555024887,601318.SH
2021-05-25,56.88,57.0,56.17,56.33,71239561,5172565987,0.66,-0.10640184429864252,601318.SH
2021-05-26,56.31,56.91,55.88,56.73,58100823,4208094449,0.54,0.7101011894194986,601318.SH
2021-05-27,56.65,57.2,56.42,56.79,51011335,3719019608,0.47,0.10576414595453443,601318.SH
2021-05-30,56.54,56.65,55.62,55.88,62483434,4481120144,0.58,-1.6023947878147538,601318.SH
2021-05-31,55.79,55.79,55.17,55.35,59372658,4219115466,0.55,-0.9484609878310679,601318.SH
2021-06-01,55.55,55.56,54.72,55.15,48109829,3404859400,0.44,-0.36133694670280603,601318.SH
2021-06-02,55.17,55.64,54.86,55.0,40951584,2905789644,0.38,-0.27198549410697437,601318.SH
2021-06-03,54.79,55.7,54.74,55.14,51486786,3647302264,0.48,0.25454545454546285,601318.SH
2021-06-06,54.94,55.0,54.52,54.69,38673941,2716404172,0.36,-0.8161044613710589,601318.SH
2021-06-07,54.68,55.2,54.44,54.79,40701681,2862378172,0.38,0.18284878405558924,601318.SH
2021-06-08,54.71,55.21,54.63,54.71,40195812,2835797953,0.37,-0.14601204599379303,601318.SH
2021-06-09,54.68,55.09,54.47,54.48,52461130,3686772007,0.48,-0.4203984646316994,601318.SH
2021-06-10,54.48,54.61,53.9,54.01,63032364,4392612851,0.58,-0.8627019089574084,601318.SH
2021-06-14,53.7,53.74,52.1,52.19,107755687,7263765616,0.99,-3.369746343269764,601318.SH
2021-06-15,52.15,52.72,51.99,52.14,52726975,3540192781,0.49,-0.09580379383022919,601318.SH
2021-06-16,52.15,52.29,51.38,51.56,54804038,3649035812,0.51,-1.1123897199846522,601318.SH
2021-06-17,51.36,51.36,50.58,50.66,85707220,5593424920,0.79,-1.7455391776571072,601318.SH
2021-06-20,50.19,50.31,49.62,49.93,81085363,5198754494,0.75,-1.4409790761942265,601318.SH
2021-06-21,50.19,50.82,49.94,50.37,62012704,4014245115,0.57,0.8812337272181114,601318.SH
2021-06-22,50.39,51.34,50.37,51.22,58687335,3847510814,0.54,1.6875124081794812,601318.SH
2021-06-23,51.24,51.66,50.96,51.33,41789971,2758134577,0.39,0.21475985942991382,601318.SH
2021-06-24,51.39,51.97,51.14,51.89,53565358,3555544932,0.49,1.0909799337619264,601318.SH
2021-06-27,51.89,51.9,50.74,51.05,51013404,3342960298,0.47,-1.6188090190788262,601318.SH
2021-06-28,50.86,50.89,50.04,50.1,54966804,3554647982,0.51,-1.860920666013699,601318.SH
2021-06-29,49.96,50.38,49.65,50.02,47636890,3053959406,0.44,-0.159680638722548,601318.SH
2021-06-30,50.01,50.72,49.48,50.4,69261735,4449223158,0.64,0.7596961215513787,601318.SH
2021-07-01,49.83,49.86,48.33,48.48,102808162,6464701802,0.95,-3.809523809523818,601318.SH
2021-07-04,48.24,48.47,47.57,48.18,75064675,4629283875,0.69,-0.6188118811881083,601318.SH
2021-07-05,48.58,49.14,48.13,48.95,68581285,4296674949,0.63,1.598173515981749,601318.SH
2021-07-06,48.79,49.35,48.32,48.54,52316754,3272128188,0.48,-0.8375893769152265,601318.SH
2021-07-07,48.54,48.54,47.1,47.3,83755851,5109707958,0.77,-2.5545941491553426,601318.SH
2021-07-08,47.07,47.59,46.54,46.76,70761585,4267722638,0.65,-1.1416490486257924,601318.SH
2021-07-11,46.93,47.07,46.16,46.23,81898922,4899580737,0.76,-1.1334473909324183,601318.SH
2021-07-12,46.23,46.6,45.95,46.46,51333745,3058865430,0.47,0.4975124378109541,601318.SH
2021-07-13,46.42,46.42,44.96,45.07,106561835,6199867459,0.98,-2.9918209212225544,601318.SH
2021-07-14,45.36,46.84,45.13,46.68,108588585,6439233470,1.0,3.5722209895717727,601318.SH
2021-07-15,46.45,46.92,45.82,46.46,57820403,3441570857,0.53,-0.47129391602399595,601318.SH
2021-07-18,46.6,46.6,45.17,46.19,66650056,3912636302,0.62,-0.5811450710288435,601318.SH
2021-07-19,45.75,46.07,45.24,45.49,44931031,2629530314,0.41,-1.5154795410261879,601318.SH
2021-07-20,45.25,45.79,45.06,45.2,58704444,3414125948,0.54,-0.6375027478566664,601318.SH
2021-07-21,45.02,45.97,44.75,45.56,63661381,3727361014,0.59,0.7964601769911539,601318.SH
2021-07-22,45.53,45.74,44.84,44.86,59325514,3438617482,0.55,-1.5364354697102733,601318.SH
2021-07-25,44.43,44.43,42.28,42.41,117486467,6496203840,1.08,-5.46143557735177,601318.SH
2021-07-26,42.41,42.55,40.75,40.99,93901074,5031582117,0.87,-3.3482669181796654,601318.SH
2021-07-27,41.01,41.7,40.86,41.33,83836567,4457853455,0.77,0.8294706025859799,601318.SH
2021-07-28,41.75,41.77,41.05,41.44,76800442,4078215601,0.71,0.2661504960077332,601318.SH
2021-07-29,41.35,42.14,40.93,41.77,65088842,3480202767,0.6,0.7963320463320489,601318.SH
2021-08-01,41.63,42.79,40.85,42.03,97161064,5244071666,0.9,0.6224563083552681,601318.SH
2021-08-02,41.93,42.34,41.7,42.21,65820268,3558132760,0.61,0.4282655246252709,601318.SH
2021-08-03,42.26,42.26,41.5,41.71,64665951,3470521726,0.6,-1.1845534233593913,601318.SH
2021-08-04,41.64,43.19,41.52,42.18,84322088,4596909874,0.78,1.126828098777266,601318.SH
2021-08-05,41.6,41.9,41.28,41.77,50241086,2685679366,0.46,-0.9720246562351709,601318.SH
2021-08-08,41.4,43.47,41.32,42.89,91882127,5048464776,0.85,2.6813502513765908,601318.SH
2021-08-09,42.68,43.49,42.16,43.37,76365642,4201861227,0.7,1.1191419911401157,601318.SH
2021-08-10,43.37,44.19,43.14,43.42,82202018,4613172523,0.76,0.11528706479133621,601318.SH
2021-08-11,43.37,43.49,42.52,42.6,57306968,3157627499,0.53,-1.888530631045604,601318.SH
2021-08-12,42.24,42.78,42.02,42.26,48471805,2633761394,0.45,-0.7981220657277022,601318.SH
2021-08-15,42.02,43.03,41.95,42.75,46009551,2522890290,0.42,1.1594888783719837,601318.SH
2021-08-16,42.56,43.35,42.16,42.19,69026207,3790616959,0.64,-1.3099415204678388,601318.SH
2021-08-17,42.04,43.67,41.84,43.61,96366560,5322900808,0.89,3.3657264754681337,601318.SH
2021-08-18,43.26,43.39,41.76,41.8,114860603,6231137142,1.06,-4.150424214629678,601318.SH
2021-08-19,41.33,41.76,41.1,41.25,67560655,3585422086,0.62,-1.3157894736842035,601318.SH
2021-08-22,41.25,41.6,40.93,41.01,59491185,3146935844,0.55,-0.5818181818181833,601318.SH
2021-08-23,40.7,41.04,39.99,40.31,94659663,4915208405,0.87,-1.7069007559131766,601318.SH
2021-08-24,40.4,40.64,40.05,40.14,61059554,3156821227,0.56,-0.4217315802530486,601318.SH
2021-08-25,40.08,40.08,39.14,39.14,88681394,4490652617,0.82,-2.491280518186345,601318.SH
2021-08-26,39.73,40.72,39.72,40.47,101781872,5267788080,0.94,3.398058252427183,601318.SH
2021-08-29,40.47,40.47,39.18,39.46,95948717,4877480461,0.89,-2.4956758092414044,601318.SH
2021-08-30,39.07,39.28,38.04,38.83,158678325,7870703426,1.46,-1.5965534718702545,601318.SH
2021-08-31,38.74,40.51,38.61,40.07,163160036,8348618929,1.51,3.193407159412831,601318.SH
2021-09-01,39.7,40.26,39.43,40.12,87858567,4502512756,0.81,0.12478163214373339,601318.SH
2021-09-02,40.12,40.86,39.46,40.24,90260347,4667297729,0.83,0.29910269192423566,601318.SH
2021-09-05,40.23,40.58,39.83,40.14,88301950,4554856269,0.82,-0.248508946322068,601318.SH
2021-09-06,40.17,40.89,39.75,40.73,94737441,4916249826,0.87,1.4698555057299334,601318.SH
2021-09-07,40.47,40.96,40.22,40.43,84399193,4395561676,0.78,-0.7365578197888412,601318.SH
2021-09-08,40.0,40.25,39.7,40.17,73490775,3776998808,0.68,-0.6430868167202508,601318.SH
2021-09-09,39.96,40.86,39.91,40.24,84549097,4382584447,0.78,0.17425939756037234,601318.SH
2021-09-12,40.06,40.15,39.74,39.78,66980000,3430907757,0.62,-1.1431411530815172,601318.SH
2021-09-13,40.03,40.14,38.76,38.8,108266166,5452993893,1.0,-2.4635495223730652,601318.SH
2021-09-14,38.52,38.82,38.37,38.5,64542318,3197409970,0.6,-0.773195876288657,601318.SH
2021-09-15,38.38,38.89,38.3,38.53,59115597,2930501965,0.55,0.07792207792207684,601318.SH
2021-09-16,38.44,38.74,37.53,37.88,92721442,4523289514,0.86,-1.6869971450817478,601318.SH
2021-09-21,36.96,37.42,36.81,37.18,72393010,3447060474,0.67,-1.8479408658922947,601318.SH
2021-09-22,37.74,38.4,37.36,37.53,75804482,3676425703,0.7,0.9413663259817184,601318.SH
2021-09-23,37.53,38.04,37.28,37.42,84358359,4074494917,0.78,-0.2930988542499291,601318.SH
2021-09-26,37.28,38.32,37.21,38.13,99008099,4812486506,0.91,1.897381079636551,601318.SH
2021-09-27,38.12,38.62,37.76,38.33,77950696,3832059452,0.72,0.5245213742459898,601318.SH
2021-09-28,37.95,38.55,37.76,38.28,63129533,3095105433,0.58,-0.1304461257500611,601318.SH
2021-09-29,38.37,38.37,37.53,37.63,68007025,3300543923,0.63,-1.698014629049105,601318.SH
2021-10-07,39.3,40.54,39.0,40.54,218002823,11199501310,2.01,7.7331916024448555,601318.SH
2021-10-10,40.54,41.55,40.42,41.04,150449954,7944560509,1.39,1.2333497779970504,601318.SH
2021-10-11,40.51,41.28,40.22,40.67,94465572,4939402091,0.87,-0.9015594541910255,601318.SH
2021-10-12,40.54,40.61,39.61,40.27,64988916,3345977425,0.6,-0.9835259404966767,601318.SH
2021-10-13,40.23,40.47,39.84,40.01,42700600,2198216042,0.39,-0.6456419170598582,601318.SH
2021-10-14,39.79,40.14,39.39,39.6,73301699,3738306563,0.68,-1.0247438140464804,601318.SH
2021-10-17,39.75,39.88,38.66,38.8,77197137,3862682042,0.71,-2.020202020202033,601318.SH
2021-10-18,38.79,40.35,38.68,40.04,84752705,4332898990,0.78,3.1958762886598047,601318.SH
2021-10-19,40.23,40.5,39.53,39.98,66823896,3429513908,0.62,-0.14985014985015033,601318.SH
2021-10-20,40.12,42.71,40.09,42.24,211005833,11318517616,1.95,5.652826413206613,601318.SH
2021-10-21,42.55,42.68,41.71,42.25,102633032,5559123303,0.95,0.023674242424243097,601318.SH
2021-10-24,42.07,42.21,41.48,42.08,75444693,3999143838,0.7,-0.4023668639053346,601318.SH
2021-10-25,42.08,42.69,41.2,41.26,74882514,3939605236,0.69,-1.948669201520914,601318.SH
2021-10-26,41.1,41.64,40.76,40.85,58905249,3060201712,0.54,-0.9936984973339724,601318.SH
2021-10-27,40.12,40.66,39.58,40.57,85061904,4309021232,0.79,-0.6854345165238751,601318.SH
2021-10-28,40.19,40.52,38.94,39.2,146662660,7317467292,1.35,-3.3768794675868796,601318.SH
2021-10-31,38.75,39.9,38.56,39.64,62876101,3132879985,0.58,1.122448979591839,601318.SH
2021-11-01,39.71,40.07,38.93,39.55,78272461,3909158859,0.72,-0.2270433905146363,601318.SH
2021-11-02,39.54,40.14,39.43,39.58,47676290,2394903861,0.44,0.07585335018962525,601318.SH
2021-11-03,39.47,39.65,39.17,39.31,53205267,2651047242,0.49,-0.682162708438594,601318.SH
2021-11-04,39.31,39.81,39.22,39.49,41665467,2082833763,0.38,0.4578987534978429,601318.SH
2021-11-07,39.46,40.1,39.05,39.86,53172448,2672600378,0.49,0.9369460622942416,601318.SH
2021-11-08,39.92,40.2,39.23,39.3,64051070,3197023017,0.59,-1.4049172102358343,601318.SH
2021-11-09,39.15,39.2,38.22,38.86,81604856,3984320341,0.75,-1.119592875318065,601318.SH
2021-11-10,38.84,40.46,38.75,40.45,111085845,5599660442,1.03,4.09161091096244,601318.SH
2021-11-11,40.44,40.44,39.66,40.03,58595861,2959880934,0.54,-1.0383189122373349,601318.SH
2021-11-14,40.22,40.49,39.73,40.02,44209113,2234792751,0.41,-0.024981264051959773,601318.SH
2021-11-15,40.02,40.29,39.54,39.83,47743813,2408299422,0.44,-0.4747626186906717,601318.SH
2021-11-16,39.54,39.96,39.45,39.58,35153171,1761772274,0.32,-0.6276675872457949,601318.SH
2021-11-17,39.47,39.47,39.16,39.16,42332467,2100629356,0.39,-1.0611419909045017,601318.SH
2021-11-18,39.07,39.63,38.95,39.51,42829007,2129834610,0.4,0.8937691521961222,601318.SH
2021-11-21,39.43,39.5,39.19,39.31,34005123,1689972482,0.31,-0.506200961781822,601318.SH
2021-11-22,39.29,39.68,39.14,39.24,40224098,1998608178,0.37,-0.17807173747138583,601318.SH
2021-11-23,39.24,39.54,39.03,39.35,36196146,1797538855,0.33,0.28032619775739676,601318.SH
2021-11-24,39.35,39.35,39.04,39.07,40741147,2015604610,0.38,-0.7115628970775112,601318.SH
2021-11-25,38.94,38.96,38.52,38.53,58902348,2877589397,0.54,-1.3821346301510107,601318.SH
2021-11-28,38.35,38.63,38.22,38.48,40427298,1962257345,0.37,-0.12976901116014128,601318.SH
2021-11-29,38.37,38.62,38.1,38.14,46694734,2261836625,0.43,-0.8835758835758711,601318.SH
2021-11-30,38.18,38.74,38.18,38.65,42213672,2056563216,0.39,1.3371788148925035,601318.SH
2021-12-01,38.44,38.86,38.29,38.66,38330050,1872134787,0.35,0.02587322121603286,601318.SH
2021-12-02,38.74,38.95,38.34,38.75,42748910,2084975989,0.39,0.23279875840662712,601318.SH
2021-12-05,38.83,39.35,38.83,38.87,61036902,3015007470,0.56,0.30967741935483684,601318.SH
2021-12-06,39.15,39.94,38.92,39.85,101150186,5055319580,0.93,2.5212245948031953,601318.SH
2021-12-07,39.85,39.86,39.47,39.81,65354434,3276622573,0.6,-0.10037641154329036,601318.SH
2021-12-08,39.83,40.99,39.65,40.58,124929614,6402621864,1.15,1.9341873901029816,601318.SH
2021-12-09,40.33,40.72,40.26,40.51,73770661,3780503005,0.68,-0.1724987678659473,601318.SH
2021-12-12,40.86,41.52,40.43,40.45,91858148,4747262450,0.85,-0.14811157738828795,601318.SH
2021-12-13,40.26,40.61,40.1,40.22,58733411,2990682219,0.54,-0.5686032138442654,601318.SH
2021-12-14,40.17,40.4,39.96,40.1,36383253,1846757807,0.34,-0.2983590253605062,601318.SH
2021-12-15,40.17,40.56,39.94,40.49,51436592,2622388752,0.47,0.972568578553612,601318.SH
2021-12-16,40.35,40.65,39.84,39.97,53967033,2741367544,0.5,-1.2842677204248032,601318.SH
2021-12-19,39.73,40.22,39.7,39.77,42844182,2164397414,0.4,-0.5003752814610851,601318.SH
2021-12-20,39.77,40.45,39.77,40.21,39397878,2004481927,0.36,1.1063615790797066,601318.SH
2021-12-21,40.28,40.33,39.65,39.69,42540466,2143777014,0.39,-1.293210644118381,601318.SH
2021-12-22,39.69,39.86,39.35,39.72,40497888,2027860561,0.37,0.07558578987150177,601318.SH
2021-12-23,39.69,39.7,39.32,39.4,31293517,1560671249,0.29,-0.8056394763343411,601318.SH
2021-12-26,39.51,39.7,39.44,39.53,27470106,1373481524,0.25,0.3299492385786973,601318.SH
2021-12-27,39.78,40.44,39.62,40.23,61735856,3137430544,0.57,1.7708069820389527,601318.SH
2021-12-28,40.41,40.46,39.96,40.18,37646906,1913669685,0.35,-0.12428535918468375,601318.SH
2021-12-29,40.26,40.33,39.87,39.87,42787989,2167180060,0.39,-0.7715281234445093,601318.SH
2021-12-30,39.88,40.22,39.66,39.87,35800024,1805071299,0.33,0.0,601318.SH
2022-01-03,39.86,40.38,39.62,40.33,63583763,3221366643,0.59,1.153749686481076,601318.SH
2022-01-04,40.42,41.44,40.31,41.18,118124669,6124173628,1.09,2.107612199355313,601318.SH
2022-01-05,41.12,41.14,40.51,40.57,66165825,3408947588,0.61,-1.4813016027197645,601318.SH
2022-01-06,40.72,42.18,40.69,41.87,123075974,6481039300,1.14,3.2043381809218507,601318.SH
2022-01-09,41.91,42.36,41.52,41.98,76113442,4033301415,0.7,0.26271793647001385,601318.SH
2022-01-10,42.05,42.5,41.55,41.81,68092028,3612879174,0.63,-0.40495474035253665,601318.SH
2022-01-11,41.6,41.77,41.02,41.52,57292274,2998981427,0.53,-0.6936139679502462,601318.SH
2022-01-12,41.56,42.45,41.36,41.36,72866329,3862897678,0.67,-0.3853564547206201,601318.SH
2022-01-13,41.4,41.52,40.38,40.41,77939676,4014279656,0.72,-2.29690522243714,601318.SH
2022-01-16,40.42,40.68,40.14,40.29,46056724,2348769409,0.43,-0.29695619896065173,601318.SH
2022-01-17,40.29,40.8,40.02,40.52,63697991,3252038698,0.59,0.5708612558947834,601318.SH
2022-01-18,40.57,41.0,40.42,40.69,48331572,2488231273,0.45,0.4195459032576343,601318.SH
2022-01-19,40.73,42.33,40.69,42.23,144835941,7661793651,1.34,3.7847136888670363,601318.SH
2022-01-20,42.31,42.55,41.92,42.35,104189534,5564930631,0.96,0.28415818138765037,601318.SH
2022-01-23,42.34,42.34,41.55,42.02,54264076,2873364829,0.5,-0.7792207792207795,601318.SH
2022-01-24,41.6,41.84,40.41,40.49,77666210,4032087602,0.72,-3.6411232746311306,601318.SH
2022-01-25,40.87,41.28,40.51,40.99,48327488,2502203700,0.45,1.2348728081007732,601318.SH
2022-01-26,40.73,40.73,40.15,40.17,58650221,2992952669,0.54,-2.0004879238838758,601318.SH
2022-01-27,40.35,40.61,39.39,39.52,72935539,3688023391,0.67,-1.6181229773462702,601318.SH
2022-02-06,40.6,41.5,40.1,41.11,94041650,4858781710,0.87,4.023279352226705,601318.SH
2022-02-07,40.94,41.94,40.9,41.92,86611569,4567112317,0.8,1.9703235222573667,601318.SH
2022-02-08,42.11,42.71,41.82,41.95,88043453,4695366257,0.81,0.07156488549617812,601318.SH
2022-02-09,42.06,42.85,41.76,42.85,96278716,5186085981,0.89,2.1454112038140627,601318.SH
2022-02-10,42.98,44.47,42.77,43.97,158377687,8759711015,1.46,2.6137689614935677,601318.SH
2022-02-13,43.51,43.74,42.45,42.63,94465413,5121073205,0.87,-3.0475324084603073,601318.SH
2022-02-14,42.35,42.63,41.85,42.14,63540572,3385015077,0.59,-1.1494252873563315,601318.SH
2022-02-15,42.31,42.85,42.14,42.58,52320987,2818960513,0.48,1.0441385856668095,601318.SH
2022-02-16,42.79,43.21,42.2,42.43,50490447,2723626777,0.47,-0.3522780648191559,601318.SH
2022-02-17,42.39,43.18,42.26,43.1,48422611,2621179790,0.45,1.5790714117369875,601318.SH
2022-02-20,42.79,42.91,42.32,42.83,38792845,2089115306,0.36,-0.6264501160092917,601318.SH
2022-02-21,42.33,42.39,41.69,41.97,57749929,3064280601,0.53,-2.007938360961936,601318.SH
2022-02-22,42.0,42.15,41.67,41.83,46360166,2449763789,0.43,-0.3335715987610177,601318.SH
2022-02-23,41.24,41.32,40.41,40.7,97539602,5039207433,0.9,-2.7014104709538467,601318.SH
2022-02-24,40.89,41.17,40.5,40.65,54441639,2808109116,0.5,-0.12285012285013774,601318.SH
2022-02-27,40.41,40.41,39.74,40.15,73188326,3707888597,0.68,-1.2300123001230068,601318.SH
2022-02-28,40.34,40.65,39.99,40.64,56803579,2895181121,0.52,1.2204234122042301,601318.SH
2022-03-01,40.26,40.52,40.1,40.15,43692256,2222138928,0.4,-1.2057086614173262,601318.SH
2022-03-02,40.18,40.49,40.1,40.27,35267571,1795901327,0.33,0.298879202988811,601318.SH
2022-03-03,39.92,39.92,39.51,39.62,70086471,3510136279,0.65,-1.6141047926496288,601318.SH
2022-03-06,39.24,39.24,38.48,38.66,78459673,3847577920,0.72,-2.42301867743564,601318.SH
2022-03-07,38.53,38.8,37.41,37.54,83440296,4021028004,0.77,-2.8970512157268424,601318.SH
2022-03-08,37.65,37.91,35.99,37.11,82554495,3878723586,0.76,-1.1454448588172572,601318.SH
2022-03-09,37.92,37.99,37.06,37.1,58775280,2783372911,0.54,-0.02694691457827414,601318.SH
2022-03-10,36.38,37.49,36.14,37.28,66707823,3085709544,0.62,0.48517520215634047,601318.SH
2022-03-13,36.38,36.83,36.2,36.23,59257848,2734567243,0.55,-2.816523605150223,601318.SH
2022-03-14,35.63,35.75,33.65,33.73,126937879,5571772301,1.17,-6.900358818658569,601318.SH
2022-03-15,34.24,35.31,33.48,35.03,100969426,4391918356,0.93,3.8541357841684,601318.SH
2022-03-16,35.99,36.54,35.39,35.99,109572199,4982734513,1.01,2.740508135883535,601318.SH
2022-03-17,35.63,38.26,35.53,37.91,155232341,7308943910,1.43,5.334815226451783,601318.SH
2022-03-20,37.78,37.78,36.88,37.2,94951866,4472952775,0.88,-1.8728567660247775,601318.SH
2022-03-21,36.78,37.85,36.74,37.8,74211155,3516558054,0.69,1.612903225806428,601318.SH
2022-03-22,37.61,38.09,37.29,37.88,57702918,2748027970,0.53,0.2116402116402183,601318.SH
2022-03-23,37.59,38.53,37.49,38.16,61075714,2943276289,0.56,0.7391763463568957,601318.SH
2022-03-24,37.97,38.59,37.63,37.67,55993803,2696644333,0.52,-1.284067085953866,601318.SH
2022-03-27,37.49,38.06,37.12,37.84,39368626,1872940911,0.36,0.4512874966817071,601318.SH
2022-03-28,37.92,38.12,37.29,37.34,32235684,1532063820,0.3,-1.3213530655391104,601318.SH
2022-03-29,37.61,38.62,37.53,38.52,57542713,2776948845,0.53,3.160149973219073,601318.SH
2022-03-30,38.28,38.95,38.2,38.32,42349781,2063589520,0.39,-0.5192107995846351,601318.SH
2022-03-31,38.2,38.84,38.05,38.72,47367667,2307234644,0.44,1.0438413361169019,601318.SH
2022-04-05,38.79,39.48,38.75,39.18,64005275,3166678385,0.59,1.1880165289256173,601318.SH
2022-04-06,38.91,39.16,38.19,38.34,50112992,2447803110,0.46,-2.143950995405808,601318.SH
2022-04-07,38.24,38.95,38.24,38.94,43473184,2124961295,0.4,1.564945226917036,601318.SH
2022-04-10,38.68,38.74,37.58,37.66,50640496,2433396186,0.47,-3.2871083718541416,601318.SH
2022-04-11,37.85,38.66,37.55,38.33,46739555,2251825857,0.43,1.7790759426447256,601318.SH
2022-04-12,38.16,38.26,37.71,37.82,31775137,1524357801,0.29,-1.330550482650661,601318.SH
2022-04-13,38.25,38.37,37.88,38.11,35884891,1731655003,0.33,0.7667900581702858,601318.SH
2022-04-14,37.96,38.55,37.88,38.2,31411511,1520937851,0.29,0.23615848858569155,601318.SH
2022-04-17,37.95,37.95,37.04,37.17,40537521,1912485738,0.37,-2.696335078534029,601318.SH
2022-04-18,37.21,37.38,36.48,36.73,36954300,1723558436,0.34,-1.1837503362927215,601318.SH
2022-04-19,36.89,37.01,36.25,36.31,38060988,1755500125,0.35,-1.1434794445956853,601318.SH
2022-04-20,36.29,37.31,36.23,36.55,54904356,2554919426,0.51,0.6609749380335872,601318.SH
2022-04-21,36.39,37.15,36.31,36.74,39732577,1851934816,0.37,0.5198358413132764,601318.SH
2022-04-24,35.59,36.52,35.35,35.47,67392037,3063041722,0.62,-3.4567229178007697,601318.SH
2022-04-25,35.46,35.73,34.41,34.47,63892364,2826379496,0.59,-2.819283901888925,601318.SH
2022-04-26,34.33,34.96,34.15,34.73,53108352,2325674730,0.49,0.7542790832608004,601318.SH
2022-04-27,34.63,34.73,34.13,34.53,52599939,2288623796,0.49,-0.5758710048948901,601318.SH
2022-04-28,34.64,35.68,34.48,35.24,51638636,2285939805,0.48,2.056183029249925,601318.SH
2022-05-04,35.42,36.05,35.39,35.61,42878154,1935547321,0.4,1.0499432463110026,601318.SH
2022-05-05,35.15,35.57,34.8,34.85,37231482,1649081440,0.34,-2.134231957315358,601318.SH
2022-05-08,34.86,35.12,34.7,35.08,25611950,1131162026,0.24,0.6599713055954082,601318.SH
2022-05-09,34.68,35.34,34.56,35.17,40469305,1788324114,0.37,0.2565564424173328,601318.SH
2022-05-10,35.15,35.6,34.96,35.38,60728482,2710550320,0.56,0.5970998009667383,601318.SH
2022-05-11,35.08,35.26,34.68,34.8,42773836,1889495299,0.39,-1.639344262295095,601318.SH
2022-05-12,34.94,35.19,34.47,34.77,41233483,1813781044,0.38,-0.08620689655171043,601318.SH
2022-05-15,34.92,34.96,34.15,34.29,46886281,2039402751,0.43,-1.3805004314063951,601318.SH
2022-05-16,34.4,34.7,34.22,34.66,40137298,1750419696,0.37,1.0790317876931965,601318.SH
2022-05-17,34.79,34.88,34.29,34.51,35234171,1534485032,0.33,-0.4327755337564909,601318.SH
2022-05-18,34.09,34.36,34.03,34.24,28281629,1221097064,0.26,-0.7823819182845471,601318.SH
2022-05-19,34.32,35.08,34.32,35.04,54975115,2416391969,0.51,2.3364485981308247,601318.SH
2022-05-22,34.92,35.01,34.55,34.71,35909822,1576944733,0.33,-0.9417808219178037,601318.SH
2022-05-23,34.64,34.89,34.09,34.12,39342426,1713116640,0.36,-1.6997983290118257,601318.SH
2022-05-24,34.03,34.4,34.02,34.19,26374891,1140221233,0.24,0.2051582649472472,601318.SH
2022-05-25,34.25,34.44,33.97,34.13,40099222,1731580781,0.37,-0.17548990933019537,601318.SH
2022-05-26,34.33,34.68,34.32,34.43,38790063,1691969135,0.36,0.8789920890711844,601318.SH
2022-05-29,34.74,35.08,34.58,34.92,52217489,2305387120,0.48,1.423177461516123,601318.SH
2022-05-30,34.98,35.42,34.8,34.96,54065261,2405912877,0.5,0.11454753722794919,601318.SH
2022-05-31,35.0,35.23,34.73,34.93,32852073,1451299033,0.3,-0.08581235697940892,601318.SH
2022-06-01,34.64,34.82,34.44,34.8,34082891,1492824853,0.31,-0.37217291726310275,601318.SH
2022-06-05,34.79,35.01,34.27,35.0,54326745,2379234043,0.5,0.5747126436781658,601318.SH
2022-06-06,35.0,35.1,34.76,34.92,43157460,1905453944,0.4,-0.22857142857142243,601318.SH
2022-06-07,35.0,35.36,34.85,35.27,52956201,2348846221,0.49,1.0022909507445554,601318.SH
2022-06-08,35.35,35.61,35.17,35.29,53243046,2381813809,0.49,0.05670541536715312,601318.SH
2022-06-09,35.08,35.59,34.86,35.54,56531953,2516496823,0.52,0.7084159818645519,601318.SH
2022-06-12,35.19,35.27,34.81,34.91,53712124,2376099098,0.5,-1.7726505346088994,601318.SH
2022-06-13,34.72,35.79,34.64,35.76,62895792,2792817386,0.58,2.4348324262388976,601318.SH
2022-06-14,35.59,38.41,35.52,37.69,198589228,9379923906,1.83,5.397091722595082,601318.SH
2022-06-15,37.47,37.57,36.78,36.78,84493103,3962136640,0.78,-2.4144335367471403,601318.SH
2022-06-16,36.67,37.38,36.58,37.2,56670396,2653020563,0.52,1.1419249592169667,601318.SH
2022-06-19,37.34,37.45,36.79,37.05,57061489,2589929721,0.53,-0.40322580645162365,601318.SH
2022-06-20,37.31,38.21,37.12,37.68,68456932,3156745209,0.63,1.700404858299609,601318.SH
2022-06-21,37.73,37.83,37.08,37.08,43690689,2001539980,0.4,-1.5923566878980888,601318.SH
2022-06-22,37.27,37.98,37.27,37.78,49426523,2279310521,0.46,1.8878101402373337,601318.SH
2022-06-23,37.92,38.27,37.75,38.19,53672389,2498586725,0.5,1.085230280571725,601318.SH
2022-06-26,38.27,38.47,37.98,38.22,44985821,2106674711,0.42,0.07855459544383603,601318.SH
2022-06-27,38.24,38.54,37.86,38.31,35170689,1642425117,0.32,0.23547880690739653,601318.SH
2022-06-28,38.3,38.75,38.04,38.22,41277246,1939726830,0.38,-0.2349256068911565,601318.SH
2022-06-29,38.22,38.55,37.95,38.13,39185266,1837626219,0.36,-0.23547880690736323,601318.SH
2022-06-30,38.14,38.37,37.67,37.82,35756842,1657492966,0.33,-0.8130081300813052,601318.SH
2022-07-03,37.73,37.98,37.41,37.95,40712960,1877564069,0.38,0.3437334743521925,601318.SH
2022-07-04,37.96,38.84,37.88,38.07,45256850,2123843409,0.42,0.3162055335968361,601318.SH
2022-07-05,38.08,38.09,37.37,37.45,38956093,1790455442,0.36,-1.6285789335434675,601318.SH
2022-07-06,37.29,37.69,37.24,37.24,29372210,1344724700,0.27,-0.5607476635514086,601318.SH
2022-07-07,37.5,37.88,37.31,37.42,29228342,1342052754,0.27,0.48335123523093326,601318.SH
2022-07-10,37.25,37.38,36.93,37.06,28113511,1278575006,0.26,-0.9620523784072632,601318.SH
2022-07-11,37.06,37.36,36.85,37.17,25405548,1155657117,0.23,0.2968159740960541,601318.SH
2022-07-12,37.1,37.27,36.75,36.82,29658829,1343407216,0.27,-0.941619585687381,601318.SH
2022-07-13,36.67,36.79,35.47,35.61,90304414,3963303835,0.83,-3.2862574687669732,601318.SH
2022-07-14,35.62,36.01,34.88,34.88,69404157,3006689109,0.64,-2.0499859590002667,601318.SH
2022-07-17,34.92,35.68,34.89,35.49,35524425,1539005271,0.33,1.7488532110091715,601318.SH
2022-07-18,35.46,35.75,35.04,35.45,35610607,1540543119,0.33,-0.11270780501549948,601318.SH
2022-07-19,35.76,35.8,35.41,35.45,24956569,1086228779,0.23,0.0,601318.SH
2022-07-20,35.31,35.32,34.83,34.91,40556770,1740841568,0.37,-1.523272214386473,601318.SH
2022-07-21,34.96,35.41,34.94,35.16,29435598,1268468017,0.27,0.7161271841879202,601318.SH
2022-07-24,35.12,35.22,34.89,35.06,22513504,965101818,0.21,-0.28441410693968994,601318.SH
2022-07-25,35.08,35.36,35.06,35.28,22847447,986279479,0.21,0.627495721620086,601318.SH
2022-07-26,35.17,35.27,34.88,34.95,29639869,1269990091,0.27,-0.9353741496598622,601318.SH
2022-07-27,35.04,35.32,34.88,34.89,34874952,1497610795,0.32,-0.17167381974249052,601318.SH
2022-07-28,34.95,35.24,34.39,34.4,46070387,1954616265,0.43,-1.4044138721696853,601318.SH
2022-07-31,34.39,34.4,34.1,34.17,30655094,1283322797,0.28,-0.6686046511627852,601318.SH
2022-08-01,33.92,33.94,33.1,33.63,60400823,2476611786,0.56,-1.5803336259877065,601318.SH
2022-08-02,33.6,33.81,33.27,33.35,40785171,1673612768,0.38,-0.8325899494499023,601318.SH
2022-08-03,33.59,33.73,33.41,33.55,25116335,1032245453,0.23,0.599700149925031,601318.SH
2022-08-04,33.72,34.04,33.47,33.93,29671019,1224704136,0.27,1.1326378539493476,601318.SH
2022-08-07,33.73,33.93,33.49,33.63,30159403,1242870500,0.28,-0.8841732979663952,601318.SH
2022-08-08,33.63,33.66,33.42,33.45,25139703,1031147757,0.23,-0.535236396074934,601318.SH
2022-08-09,33.45,33.55,32.96,33.0,46008881,1866972936,0.42,-1.3452914798206317,601318.SH
2022-08-10,33.15,34.04,33.01,33.86,61070138,2510973870,0.56,2.6060606060606117,601318.SH
2022-08-11,33.7,34.11,33.6,33.99,35993337,1493312068,0.33,0.3839338452451324,601318.SH
2022-08-14,33.84,34.11,33.59,33.6,33276942,1373975117,0.31,-1.1473962930273585,601318.SH
2022-08-15,33.76,33.87,33.41,33.48,27739045,1140974334,0.26,-0.357142857142867,601318.SH
2022-08-16,33.53,33.88,33.26,33.72,37572182,1546602944,0.35,0.7168458781362075,601318.SH
2022-08-17,33.61,33.63,33.29,33.33,29407958,1202109471,0.27,-1.1565836298932375,601318.SH
2022-08-18,33.24,33.7,33.18,33.46,32462874,1333438492,0.3,0.3900390039003998,601318.SH
2022-08-21,33.36,33.81,33.32,33.61,33971901,1399254504,0.31,0.4482964734010775,601318.SH
2022-08-22,33.5,33.61,33.23,33.26,33148018,1352611308,0.31,-1.0413567390657574,601318.SH
2022-08-23,33.77,34.66,33.77,33.99,115732982,4847936958,1.07,2.194828622970557,601318.SH
2022-08-24,34.18,35.31,34.04,35.2,110572586,4693638177,1.02,3.5598705501618255,601318.SH
2022-08-25,35.21,35.38,34.73,35.22,72672640,3125914707,0.67,0.05681818181817455,601318.SH
2022-08-28,34.96,35.3,34.7,35.18,44989303,1928428299,0.42,-0.11357183418512218,601318.SH
2022-08-29,35.1,35.36,34.72,35.03,38892928,1667749812,0.36,-0.4263786242183043,601318.SH
2022-08-30,34.88,36.16,34.84,35.81,84223803,3683929175,0.78,2.2266628604053595,601318.SH
2022-08-31,35.61,36.04,35.46,35.65,45521324,1994635784,0.42,-0.4468025691147792,601318.SH
2022-09-01,35.85,36.17,35.33,35.69,44914485,1962968880,0.41,0.11220196353436407,601318.SH
2022-09-04,35.53,35.86,35.14,35.77,41749075,1817090269,0.39,0.22415242364810517,601318.SH
2022-09-05,35.86,36.3,35.55,35.86,44977165,1978062625,0.42,0.2516074923119893,601318.SH
2022-09-06,35.61,35.78,35.25,35.61,37641074,1635174365,0.35,-0.6971556051310612,601318.SH
2022-09-07,35.81,36.14,35.66,35.81,32129830,1412332844,0.3,0.5616399887672152,601318.SH
2022-09-08,35.93,36.57,35.81,36.5,57786668,2574448406,0.53,1.926836079307459,601318.SH
2022-09-12,36.49,37.06,36.22,36.8,52966319,2382977236,0.49,0.8219178082191636,601318.SH
2022-09-13,36.37,36.9,36.35,36.47,35508365,1588553121,0.33,-0.896739130434776,601318.SH
2022-09-14,36.48,37.24,36.48,36.83,59444223,2686935859,0.55,0.9871126953660436,601318.SH
2022-09-15,36.61,36.73,35.83,35.88,62492037,2762703829,0.58,-2.579418951941337,601318.SH
2022-09-18,35.87,36.33,35.58,35.88,40538305,1781779182,0.37,0.0,601318.SH
2022-09-19,36.06,36.09,35.22,35.32,35764951,1553335669,0.33,-1.5607580824972156,601318.SH
2022-09-20,35.2,35.5,35.04,35.24,30353672,1310421741,0.28,-0.22650056625140857,601318.SH
2022-09-21,34.79,34.98,34.64,34.7,37622972,1602976216,0.35,-1.53234960272417,601318.SH
2022-09-22,34.64,35.48,34.64,35.14,37532565,1617285955,0.35,1.2680115273775217,601318.SH
2022-09-25,34.91,35.38,34.65,34.7,30712391,1314360555,0.28,-1.252134319863396,601318.SH
2022-09-26,34.66,34.91,34.52,34.66,31229142,1325580710,0.29,-0.11527377521615145,601318.SH
2022-09-27,34.47,34.71,34.18,34.21,42204372,1776629021,0.39,-1.2983266012694616,601318.SH
2022-09-28,34.49,34.58,33.61,33.75,42655827,1779041936,0.39,-1.344636071324179,601318.SH
2022-09-29,33.77,34.29,33.77,33.96,33161940,1383518533,0.31,0.6222222222222351,601318.SH
2022-10-09,33.96,34.45,33.8,33.84,41387647,1727384870,0.38,-0.35335689045935537,601318.SH
2022-10-10,34.03,34.2,33.59,33.65,26931732,1114241528,0.25,-0.5614657210401997,601318.SH
2022-10-11,33.66,34.3,33.32,34.24,36247330,1501647670,0.33,1.7533432392273562,601318.SH
2022-10-12,34.14,34.22,33.65,33.78,38384620,1588577623,0.35,-1.3434579439252414,601318.SH
2022-10-13,34.1,34.57,33.99,34.25,43441714,1827652559,0.4,1.3913558318531694,601318.SH
2022-10-16,34.07,34.43,33.94,34.39,34142518,1430847500,0.32,0.40875912408759874,601318.SH
2022-10-17,34.63,34.66,34.03,34.1,41635680,1742913096,0.38,-0.8432683919744055,601318.SH
2022-10-18,34.02,34.29,33.7,33.71,36436126,1509504643,0.34,-1.14369501466276,601318.SH
2022-10-19,33.74,33.82,33.32,33.42,45021418,1807514976,0.42,-0.8602788490062241,601318.SH
2022-10-20,33.49,33.62,32.99,33.11,45737748,1824460317,0.42,-0.9275882704967153,601318.SH
2022-10-23,33.12,33.35,31.41,31.49,95125183,3662221955,0.88,-4.892781636967691,601318.SH
2022-10-24,31.39,32.05,31.04,31.5,55354891,2086575117,0.51,0.03175611305177295,601318.SH
2022-10-25,31.35,31.86,31.33,31.46,49839519,1881859736,0.46,-0.12698412698411987,601318.SH
2022-10-26,31.49,31.81,31.36,31.45,45749726,1730022256,0.42,-0.031786395422761515,601318.SH
2022-10-27,31.33,31.49,30.68,30.68,50769159,1886380448,0.47,-2.4483306836247998,601318.SH
2022-10-30,30.39,30.63,29.98,30.19,56203354,2037108321,0.52,-1.5971316818774395,601318.SH
2022-10-31,30.44,31.3,30.38,31.29,56566488,2091019366,0.52,3.6435905929115497,601318.SH
2022-11-01,31.14,31.4,31.01,31.24,45038490,1680470476,0.42,-0.15979546180888704,601318.SH
2022-11-02,31.05,31.15,30.65,30.84,34933463,1290754485,0.32,-1.2804097311139517,601318.SH
2022-11-03,30.84,32.28,30.83,32.0,69205474,2627221798,0.64,3.761348897535677,601318.SH
2022-11-06,31.74,32.72,31.67,32.4,57480970,2221943096,0.53,1.2499999999999956,601318.SH
2022-11-07,32.4,32.57,32.05,32.31,37048271,1430329888,0.34,-0.2777777777777657,601318.SH
2022-11-08,32.4,32.48,31.98,32.05,26768675,1031501782,0.25,-0.8047044258743585,601318.SH
2022-11-09,31.74,32.32,31.55,32.12,32317534,1236147201,0.3,0.21840873634946245,601318.SH
2022-11-10,32.94,34.22,32.84,33.68,104667558,4184006246,0.97,4.856787048567868,601318.SH
2022-11-13,34.79,35.18,34.42,34.74,121668038,5070952841,1.12,3.147268408551085,601318.SH
2022-11-14,34.64,35.87,34.5,35.49,93442402,3962244633,0.86,2.1588946459412783,601318.SH
2022-11-15,35.6,35.76,35.3,35.33,59652791,2535605302,0.55,-0.45083122006199794,601318.SH
2022-11-16,35.32,35.7,35.04,35.55,50398025,2132247154,0.47,0.6227002547410043,601318.SH
2022-11-17,35.65,35.75,35.13,35.21,39246432,1662329885,0.36,-0.956399437412081,601318.SH
2022-11-20,34.87,34.87,33.96,34.42,51118530,2095472926,0.47,-2.2436807725078056,601318.SH
2022-11-21,34.41,35.39,34.24,35.05,47181359,1972258355,0.44,1.8303312027890595,601318.SH
2022-11-22,35.09,35.44,34.88,34.89,44962046,1891828117,0.42,-0.4564907275320884,601318.SH
2022-11-23,35.25,35.39,34.8,34.91,24907646,1045792695,0.23,0.05732301519059124,601318.SH
2022-11-24,34.89,35.87,34.87,35.7,59795984,2548257668,0.55,2.262961902033811,601318.SH
2022-11-27,34.77,34.94,34.23,34.58,51031527,2109183792,0.47,-3.1372549019607954,601318.SH
2022-11-28,35.34,37.5,35.34,37.4,175320480,7711820167,1.62,8.155002891845008,601318.SH
2022-11-29,37.43,38.56,37.25,37.54,116501586,5275015084,1.08,0.37433155080213165,601318.SH
2022-11-30,38.4,38.66,37.32,37.44,85932650,3903629718,0.79,-0.2663825253063412,601318.SH
2022-12-01,37.43,37.58,36.75,37.27,60778715,2706020115,0.56,-0.45405982905981634,601318.SH
2022-12-04,38.04,39.51,37.88,39.49,138043595,6429395576,1.27,5.956533404883291,601318.SH
2022-12-05,39.49,39.82,39.04,39.62,87827308,4150406717,0.81,0.3291972651304098,601318.SH
2022-12-06,39.62,39.65,38.73,39.0,83145478,3892709695,0.77,-1.5648662291771753,601318.SH
2022-12-07,38.74,39.42,38.67,39.38,44836406,2105302841,0.41,0.9743589743589798,601318.SH
2022-12-08,39.31,39.99,39.0,39.75,70957885,3366745982,0.66,0.9395632300660095,601318.SH
2022-12-11,39.42,39.49,38.48,38.56,65647053,3059653871,0.61,-2.993710691823892,601318.SH
2022-12-12,38.8,39.33,38.67,39.0,42366316,1979657203,0.39,1.1410788381742698,601318.SH
2022-12-13,39.32,39.35,38.53,39.16,34697318,1619354235,0.32,0.41025641025640436,601318.SH
2022-12-14,39.09,39.33,38.25,38.78,40402095,1868384991,0.37,-0.9703779366700638,601318.SH
2022-12-15,38.51,39.26,38.48,39.17,42134762,1968605781,0.39,1.0056730273336756,601318.SH
2022-12-18,39.17,39.48,37.96,38.23,50589649,2332626032,0.47,-2.3997957620628174,601318.SH
2022-12-19,38.05,38.32,37.23,37.52,49524516,2234976305,0.46,-1.8571802249542135,601318.SH
2022-12-20,37.67,38.08,37.53,37.8,29789568,1349879759,0.27,0.746268656716409,601318.SH
2022-12-21,38.42,38.57,38.13,38.32,35346187,1622741421,0.33,1.3756613756613856,601318.SH
2022-12-22,38.03,38.43,37.85,38.12,30647249,1399528670,0.28,-0.521920668058462,601318.SH
2022-12-25,38.12,38.32,37.3,37.3,40328181,1814152593,0.37,-2.1511017838405033,601318.SH
2022-12-26,37.81,38.38,37.61,38.07,34779327,1583385185,0.32,2.064343163538873,601318.SH
2022-12-27,37.94,38.79,37.83,38.65,45626696,2106156213,0.42,1.523509324927752,601318.SH
2022-12-28,38.38,38.43,37.67,38.27,46957620,2138459930,0.43,-0.9831824062095595,601318.SH
2022-12-29,38.42,39.42,38.42,39.25,55300540,2594030160,0.51,2.5607525476874837,601318.SH
2023-01-02,38.91,39.47,38.47,39.38,60230443,2815200404,0.56,0.33121019108279803,601318.SH
2023-01-03,39.5,40.61,39.5,40.53,86949610,4183124625,0.8,2.9202640934484547,601318.SH
2023-01-04,41.09,41.34,40.51,40.87,73704809,3608715198,0.68,0.8388847767085927,601318.SH
2023-01-05,41.34,41.62,40.97,41.54,78034581,3867148878,0.72,1.6393442622950838,601318.SH
2023-01-08,41.76,42.55,41.51,42.52,88185743,4446813321,0.81,2.3591718825228813,601318.SH
2023-01-09,42.51,42.52,41.04,41.1,83794865,4173814429,0.77,-3.3396048918156174,601318.SH
2023-01-10,41.34,42.59,41.29,42.34,96689497,4881812304,0.89,3.0170316301703304,601318.SH
2023-01-11,42.51,42.69,42.12,42.52,60025574,3057087228,0.55,0.42512990080301183,601318.SH
2023-01-12,42.76,43.72,42.64,43.72,89625747,4644412350,0.83,2.822201317027262,601318.SH
2023-01-15,43.86,44.67,43.0,43.5,122979440,6455990323,1.14,-0.5032021957913968,601318.SH
2023-01-16,43.4,43.49,42.59,43.01,69887253,3592536756,0.65,-1.126436781609197,601318.SH
2023-01-17,43.01,43.32,42.73,43.05,41960296,2162689506,0.39,0.0930016275284773,601318.SH
2023-01-18,42.93,43.32,42.72,43.27,51046054,2627239788,0.47,0.5110336817653938,601318.SH
2023-01-19,43.51,43.63,43.01,43.51,49706934,2584605516,0.46,0.5546568061012058,601318.SH
2023-01-29,44.76,44.77,42.99,42.99,85757885,4495653729,0.79,-1.1951275568834685,601318.SH
2023-01-30,43.23,43.66,42.47,42.58,61241827,3152658911,0.57,-0.9537101651546975,601318.SH
2023-01-31,43.05,43.22,42.1,42.89,56530105,2882194846,0.52,0.7280413339596059,601318.SH
2023-02-01,43.09,43.09,42.09,42.45,63621734,3228009417,0.59,-1.0258801585451116,601318.SH
2023-02-02,42.18,42.22,40.84,41.42,92731026,4582149777,0.86,-2.426383981154301,601318.SH
2023-02-05,40.76,40.81,39.85,40.22,92159525,4431728036,0.85,-2.897151134717535,601318.SH
2023-02-06,40.51,40.79,40.26,40.67,44436330,2159384254,0.41,1.1188463451019537,601318.SH
2023-02-07,40.71,41.08,40.41,40.51,34718961,1690893371,0.32,-0.39341037619867736,601318.SH
2023-02-08,40.51,41.38,40.41,41.19,56490688,2781766993,0.52,1.6785978770673893,601318.SH
2023-02-09,41.31,41.38,40.93,41.17,30917292,1523061151,0.29,-0.04855547462975229,601318.SH
2023-02-12,41.08,41.17,40.33,41.13,45797264,2238401665,0.42,-0.09715812484818453,601318.SH
2023-02-13,41.17,41.68,41.07,41.68,37040170,1835463536,0.34,1.3372234378798753,601318.SH
2023-02-14,41.63,41.67,40.68,40.82,46102667,2259845455,0.43,-2.0633397312859847,601318.SH
2023-02-15,40.99,41.8,40.92,41.09,57689131,2860716311,0.53,0.6614404703576771,601318.SH
2023-02-16,41.09,41.62,40.68,40.76,41751901,2060475453,0.39,-0.8031151131662306,601318.SH
2023-02-19,40.8,41.75,40.71,41.72,66428495,3282290633,0.61,2.3552502453385804,601318.SH
2023-02-20,41.64,41.86,41.3,41.77,42665990,2125602116,0.39,0.11984659635666528,601318.SH
2023-02-21,41.34,41.73,41.02,41.07,44604615,2203189302,0.41,-1.6758439071103748,601318.SH
2023-02-22,40.92,41.51,40.76,40.91,38525359,1892251718,0.36,-0.38957876795715496,601318.SH
2023-02-23,40.83,40.93,40.18,40.26,44654799,2161452476,0.41,-1.588853581031524,601318.SH
2023-02-26,40.09,40.41,39.9,39.92,46791711,2244410611,0.43,-0.8445106805762492,601318.SH
2023-02-27,40.1,40.32,39.68,40.26,38041710,1823303793,0.35,0.8517034068136198,601318.SH
2023-02-28,40.11,41.76,40.1,41.75,72432311,3581072361,0.67,3.700943864878292,601318.SH
2023-03-01,41.73,42.14,41.52,41.93,38088855,1909221050,0.35,0.4311377245509007,601318.SH
2023-03-02,42.16,42.31,41.63,41.99,28413325,1427339465,0.26,0.14309563558312366,601318.SH
2023-03-05,41.76,41.9,40.46,40.57,77323721,3780641354,0.71,-3.381757561324128,601318.SH
2023-03-06,40.55,41.09,39.88,40.01,58730233,2843224086,0.54,-1.3803302933201977,601318.SH
2023-03-07,39.71,39.76,39.24,39.45,52741684,2488962345,0.49,-1.3996500874781215,601318.SH
2023-03-08,39.57,39.57,38.81,38.95,51832490,2426875267,0.48,-1.2674271229404344,601318.SH
2023-03-09,38.47,38.96,38.42,38.42,45709202,2110237422,0.42,-1.3607188703466,601318.SH
2023-03-12,38.42,39.08,38.34,38.84,39948280,1851804405,0.37,1.0931806350858997,601318.SH
2023-03-13,38.6,38.6,37.91,37.97,49073263,2241541531,0.45,-2.239958805355313,601318.SH
2023-03-14,38.44,38.97,38.23,38.38,44364320,2047438825,0.41,1.0797998419805221,601318.SH
2023-03-15,37.5,38.28,37.37,37.77,78960922,3568856007,0.73,-1.5893694632621136,601318.SH
2023-03-16,38.26,39.22,38.26,38.59,95019092,4408443469,0.88,2.171035213132111,601318.SH
2023-03-19,38.42,38.9,38.05,38.07,71924435,3301843809,0.66,-1.3474993521637835,601318.SH
2023-03-20,38.33,38.75,38.23,38.43,44665895,2056710352,0.41,0.9456264775413725,601318.SH
2023-03-21,38.63,39.06,38.6,38.84,55225117,2572426396,0.51,1.0668748373666492,601318.SH
2023-03-22,38.67,39.16,38.67,39.15,55427358,2584644862,0.51,0.7981462409886619,601318.SH
2023-03-23,39.09,39.09,38.47,38.59,43769382,2023789516,0.4,-1.4303959131545252,601318.SH
2023-03-26,38.64,38.69,38.0,38.41,36217267,1658727910,0.33,-0.46644208344132077,601318.SH
2023-03-27,38.49,38.74,38.15,38.32,28332434,1300822902,0.26,-0.23431398073416876,601318.SH
2023-03-28,38.69,38.9,37.92,37.93,40902005,1872693109,0.38,-1.0177453027139904,601318.SH
2023-03-29,38.01,38.17,37.53,37.98,45003047,2035988419,0.42,0.13182177695754138,601318.SH
2023-03-30,38.08,38.67,37.9,38.08,52453993,2401305125,0.48,0.263296471827279,601318.SH
2023-04-02,38.04,38.33,37.83,38.15,45121453,2056827917,0.42,0.18382352941177516,601318.SH
2023-04-03,38.14,38.3,37.77,38.06,47348640,2156604420,0.44,-0.2359108781126995,601318.SH
2023-04-05,38.04,38.04,37.61,37.65,36162706,1634323043,0.33,-1.0772464529690051,601318.SH
2023-04-06,37.83,38.23,37.71,38.11,32633630,1487335021,0.3,1.221779548472779,601318.SH
2023-04-09,38.19,38.64,38.0,38.47,52736929,2426394064,0.49,0.9446339543426996,601318.SH
2023-04-10,38.43,38.67,38.11,38.13,54309402,2495273529,0.5,-0.8838055627761743,601318.SH
2023-04-11,38.25,38.48,37.96,38.08,46093797,2107727788,0.43,-0.1311303435615141,601318.SH
2023-04-12,37.83,37.89,37.42,37.68,56947936,2561593686,0.53,-1.0504201680672232,601318.SH
2023-04-13,37.88,38.39,37.75,37.99,42891917,1954054640,0.4,0.822717622080682,601318.SH
2023-04-16,37.86,39.65,37.6,39.65,103616133,4813786757,0.96,4.369570939720968,601318.SH
2023-04-17,39.42,40.99,39.36,40.61,131027522,6375510317,1.21,2.4211853720050414,601318.SH
2023-04-18,40.55,40.84,40.31,40.42,49716461,2414735651,0.46,-0.4678650578675114,601318.SH
2023-04-19,40.43,40.88,40.19,40.75,47673429,2314705514,0.44,0.8164275111330888,601318.SH
2023-04-20,40.59,40.66,38.94,39.04,81197565,3837366387,0.75,-4.196319018404915,601318.SH
2023-04-23,39.15,39.88,38.59,38.75,58748216,2760342072,0.54,-0.7428278688524581,601318.SH
2023-04-24,38.87,39.32,38.32,38.49,61758322,2862045073,0.57,-0.6709677419354798,601318.SH
2023-04-25,38.3,38.63,38.13,38.24,50514702,2320864199,0.47,-0.6495193556767975,601318.SH
2023-04-26,39.24,42.07,39.09,42.07,257064456,12656922048,2.37,10.015690376569042,601318.SH
2023-04-27,42.27,43.97,41.99,43.26,214950248,11104959198,1.98,2.828618968386021,601318.SH
2023-05-03,42.4,45.39,42.25,44.85,183764085,9743135594,1.7,3.675450762829402,601318.SH
2023-05-04,45.1,45.93,44.46,44.96,126410712,6829552784,1.17,0.24526198439240865,601318.SH
2023-05-07,45.09,46.0,44.69,45.87,150405384,8223158231,1.39,2.0240213523131656,601318.SH
2023-05-08,45.87,46.77,44.57,44.67,146158707,7986736176,1.35,-2.6160889470241866,601318.SH
2023-05-09,44.67,44.98,43.52,43.69,105561049,5557565461,0.97,-2.1938661293933404,601318.SH
2023-05-10,44.18,44.66,43.56,43.72,59388396,3128956427,0.55,0.06866559853513365,601318.SH
2023-05-11,43.7,43.85,42.74,42.82,62668147,3238681436,0.58,-2.0585544373284526,601318.SH
2023-05-14,42.83,44.99,42.41,44.86,111375355,5846884591,1.03,4.764128911723486,601318.SH
2023-05-15,44.82,44.95,44.1,44.43,64496860,3436268826,0.6,-0.9585376727596961,601318.SH
2023-05-16,44.09,44.14,43.08,43.35,64255230,3344510652,0.59,-2.4307900067521926,601318.SH
2023-05-17,43.26,44.14,43.04,43.28,55516636,2891022410,0.51,-0.16147635524798032,601318.SH
2023-05-18,42.77,43.18,42.43,42.63,55423641,2831437768,0.51,-1.5018484288354839,601318.SH
2023-05-21,42.59,43.3,42.43,42.94,49881234,2562556972,0.46,0.7271874266947975,601318.SH
2023-05-22,42.93,43.15,41.68,41.68,68538645,3460781263,0.63,-2.934326967862133,601318.SH
2023-05-23,41.64,41.68,40.42,40.48,71313356,3491629222,0.66,-2.8790786948176605,601318.SH
2023-05-24,40.41,40.71,40.0,40.42,52552892,2535605262,0.49,-0.14822134387351138,601318.SH
2023-05-25,40.41,40.82,39.93,40.46,40336573,1953764069,0.37,0.09896091044037103,601318.SH
2023-05-28,40.61,40.71,39.92,40.12,48434379,2333255082,0.45,-0.8403361344537896,601318.SH
2023-05-29,40.13,40.36,39.6,40.08,57029059,2728137415,0.53,-0.09970089730807485,601318.SH
2023-05-30,39.84,39.91,39.25,39.25,61068932,2880503904,0.56,-2.07085828343313,601318.SH
2023-05-31,39.29,40.03,39.17,39.63,51807430,2460498429,0.48,0.9681528662420558,601318.SH
2023-06-01,39.99,41.09,39.95,41.01,83284040,4054040689,0.77,3.4822104466313286,601318.SH
2023-06-04,40.72,40.87,40.28,40.51,46645590,2261940201,0.43,-1.2192148256522817,601318.SH
2023-06-05,40.37,41.7,40.3,40.72,64450197,3172322394,0.59,0.5183905208590467,601318.SH
2023-06-06,41.26,41.5,40.73,40.93,42543624,2093897751,0.39,0.5157170923379306,601318.SH
2023-06-07,40.86,41.73,40.66,41.48,57228383,2830351412,0.53,1.3437576349865532,601318.SH
2023-06-08,41.48,41.72,41.27,41.32,42804318,2124674673,0.4,-0.38572806171648377,601318.SH
2023-06-11,41.31,41.71,40.83,41.4,47645727,2358494748,0.44,0.1936108422071703,601318.SH
2023-06-12,41.32,41.51,40.71,41.45,44002891,2170452732,0.41,0.12077294685990392,601318.SH
2023-06-13,41.81,42.1,41.21,41.36,55366411,2677031202,0.51,-0.21712907117009683,601318.SH
2023-06-14,41.58,42.27,41.21,41.68,47343980,2293626704,0.44,0.7736943907156624,601318.SH
2023-06-15,41.92,42.04,41.41,41.84,53414223,2589379833,0.5,0.38387715930903177,601318.SH
2023-06-18,41.72,41.73,40.74,40.89,64216367,3062228887,0.6,-2.2705544933078414,601318.SH
2023-06-19,40.89,41.11,40.29,40.37,61533324,2893024197,0.57,-1.2717045732453025,601318.SH
2023-06-20,40.12,40.67,40.01,40.15,38103052,1785547515,0.35,-0.544959128065392,601318.SH
2023-06-25,39.86,39.92,39.34,39.54,48535023,2227206703,0.45,-1.51930261519303,601318.SH
2023-06-26,39.53,40.14,39.38,39.86,48093273,2220104955,0.45,0.8093070308548223,601318.SH
2023-06-27,39.73,40.07,39.54,40.06,35606961,1648840079,0.33,0.5017561465127995,601318.SH
2023-06-28,40.07,40.28,39.71,39.86,26573548,1233566768,0.25,-0.4992511233150365,601318.SH
2023-06-29,39.77,40.35,39.76,39.94,32697104,1522887807,0.3,0.2007024586051065,601318.SH
2023-07-02,39.98,41.62,39.93,41.48,69778059,3323222200,0.65,3.855783675513269,601318.SH
2023-07-03,41.48,41.52,41.06,41.28,29744073,1424573051,0.28,-0.48216007714559916,601318.SH
2023-07-04,41.23,41.31,40.7,40.76,26406125,1253667348,0.25,-1.2596899224806224,601318.SH
2023-07-05,40.49,41.46,40.48,40.72,40258040,1912826287,0.37,-0.09813542688910104,601318.SH
2023-07-06,40.46,41.05,40.44,40.64,36442103,1723937254,0.34,-0.19646365422396617,601318.SH
2023-07-09,41.0,41.05,40.04,40.12,36816433,1728446566,0.34,-1.279527559055127,601318.SH
2023-07-10,40.29,40.82,40.29,40.63,26888644,1267580412,0.25,1.271186440677985,601318.SH
2023-07-11,40.63,41.28,40.53,40.71,35439345,1683737592,0.33,0.1968988432192953,601318.SH
2023-07-12,41.08,41.97,41.02,41.85,64876826,3132588330,0.6,2.8002947678702927,601318.SH
2023-07-13,42.2,42.26,41.67,41.87,36635843,1784466104,0.34,0.047789725209068656,601318.SH
2023-07-16,41.64,41.71,41.22,41.36,30470667,1465498863,0.28,-1.2180558872701197,601318.SH
2023-07-17,41.56,41.57,40.86,40.98,28318272,1348936542,0.26,-0.918762088974856,601318.SH
2023-07-18,40.72,41.2,40.72,41.12,32111579,1526345246,0.3,0.341630063445586,601318.SH
2023-07-19,41.23,41.49,40.74,40.82,30137754,1438728105,0.28,-0.7295719844357951,601318.SH
2023-07-20,40.73,41.11,40.29,40.43,44679142,2108640104,0.42,-0.9554140127388533,601318.SH
2023-07-23,40.29,40.45,40.03,40.13,31598004,1475830597,0.29,-0.7420232500618296,601318.SH
2023-07-24,41.06,42.77,41.06,42.65,141327902,6907459693,1.31,6.279591328183387,601318.SH
2023-07-25,42.34,42.73,42.16,42.58,51544065,2541380228,0.48,-0.16412661195779332,601318.SH
2023-07-26,42.69,43.54,42.53,42.94,70373493,3523202970,0.65,0.8454673555659875,601318.SH
2023-07-27,42.61,45.07,42.53,44.7,127790846,6564761757,1.19,4.098742431299507,601318.SH
2023-07-30,45.61,46.21,45.02,45.28,127485466,6750702391,1.18,1.2975391498881494,601318.SH
2023-07-31,45.19,45.62,44.28,44.54,67061372,3493879471,0.62,-1.6342756183745588,601318.SH
2023-08-01,44.42,45.25,43.84,44.26,60879817,3136350132,0.57,-0.6286484059272568,601318.SH
2023-08-02,44.26,45.28,44.0,45.12,65494421,3398760968,0.61,1.9430637144148166,601318.SH
2023-08-03,45.82,46.36,44.68,44.68,105165284,5566174314,0.98,-0.9751773049645363,601318.SH
2023-08-06,44.23,44.57,44.08,44.51,43689613,2246940970,0.41,-0.3804834377797661,601318.SH
2023-08-07,44.31,44.5,43.44,44.13,52326342,2671294850,0.49,-0.8537407324196722,601318.SH
2023-08-08,43.97,44.4,43.86,44.13,37285264,1911450576,0.35,0.0,601318.SH
2023-08-09,43.95,44.31,43.8,44.21,29926322,1531979641,0.28,0.181282574212549,601318.SH
2023-08-10,44.16,44.26,42.48,42.5,74892093,3751696963,0.7,-3.867903189323685,601318.SH
2023-08-13,41.58,42.03,41.56,41.78,60472146,2935327039,0.56,-1.6941176470588237,601318.SH
2023-08-14,41.77,42.25,41.34,41.91,52183684,2535572143,0.48,0.311153662039243,601318.SH
2023-08-15,41.6,42.13,41.43,41.62,47660376,2306795548,0.44,-0.6919589596754983,601318.SH
2023-08-16,41.33,41.48,40.74,41.24,59827368,2853723206,0.56,-0.9130225852955198,601318.SH
2023-08-17,41.23,42.18,40.91,40.91,63666255,3066293940,0.59,-0.8001939864209606,601318.SH
2023-08-20,40.8,40.88,40.18,40.18,62808090,2950143136,0.58,-1.7844047910046346,601318.SH
2023-08-21,40.37,40.72,40.0,40.46,51849548,2430766795,0.48,0.6968641114982521,601318.SH
2023-08-22,40.22,40.55,39.93,39.99,47623949,2224411614,0.44,-1.161641127039048,601318.SH
2023-08-23,40.06,40.47,39.76,40.03,41863720,1949333014,0.39,0.10002500625156951,601318.SH
2023-08-24,39.87,40.79,39.81,40.47,41763549,1953754068,0.39,1.0991756182862744,601318.SH
2023-08-27,43.47,43.5,41.13,41.42,109010819,5323339312,1.01,2.3474178403755985,601318.SH
2023-08-28,41.35,42.16,41.23,41.8,57380614,2780674849,0.53,0.917431192660545,601318.SH
2023-08-29,42.08,42.17,41.23,41.54,60012297,2904476280,0.56,-0.6220095693779903,601318.SH
2023-08-30,41.86,42.65,41.76,42.0,63953783,3135187119,0.59,1.1073663938372613,601318.SH
2023-08-31,42.48,43.47,42.41,43.13,85575649,4287440106,0.8,2.6904761904761987,601318.SH
2023-09-03,43.43,44.68,43.42,44.29,92193109,4732753257,0.86,2.6895432413633014,601318.SH
2023-09-04,44.08,44.08,43.15,43.21,50624376,2555382802,0.47,-2.4384736960939235,601318.SH
2023-09-05,43.04,44.07,42.94,43.93,51436224,2604588523,0.48,1.6662809534829792,601318.SH
2023-09-06,43.65,43.8,43.18,43.23,40329071,2033442988,0.37,-1.5934441156385204,601318.SH
2023-09-07,43.07,43.43,42.87,43.15,27366737,1370400982,0.25,-0.18505667360628753,601318.SH
2023-09-10,43.37,43.71,42.91,43.35,49151466,2471560950,0.46,0.4634994206257348,601318.SH
2023-09-11,43.13,43.17,42.6,43.0,36114393,1801339429,0.34,-0.8073817762399127,601318.SH
2023-09-12,43.16,43.23,42.37,42.61,43398924,2152354986,0.4,-0.9069767441860499,601318.SH
2023-09-13,42.73,42.87,42.17,42.34,39131218,1929515958,0.36,-0.6336540718141159,601318.SH
2023-09-14,42.6,43.15,42.18,42.35,55753191,2760877161,0.52,0.023618327822383378,601318.SH
2023-09-17,42.11,42.59,41.92,42.44,29526746,1452498883,0.27,0.21251475796928432,601318.SH
2023-09-18,42.42,42.48,42.2,42.42,26652448,1311117790,0.25,-0.04712535344013613,601318.SH
2023-09-19,42.41,42.41,41.82,42.09,32873261,1605058394,0.31,-0.777934936350777,601318.SH
2023-09-20,41.92,42.06,41.64,41.74,33547988,1629890839,0.31,-0.8315514373960609,601318.SH
2023-09-21,41.75,43.33,41.64,43.33,66300617,3282334330,0.62,3.8092956396741595,601318.SH
2023-09-24,43.05,43.13,42.21,42.23,49975869,2465962385,0.46,-2.5386568197553694,601318.SH
2023-09-25,42.22,42.47,41.77,41.8,40093026,1955893352,0.37,-1.0182334833057083,601318.SH
2023-09-26,41.84,42.17,41.75,41.89,32486342,1582256041,0.3,0.21531100478469067,601318.SH
2023-09-27,42.04,42.08,41.45,41.58,42146617,2042226680,0.39,-0.7400334208641723,601318.SH
2023-10-08,41.32,41.55,40.91,41.38,39401224,1887773034,0.37,-0.4810004810004709,601318.SH
2023-10-09,41.56,41.78,40.91,40.98,33077739,1584290864,0.31,-0.9666505558240779,601318.SH
2023-10-10,41.19,41.29,40.9,41.05,32529671,1552566990,0.3,0.1708150317227819,601318.SH
2023-10-11,42.07,42.09,41.5,41.69,44871017,2176954488,0.42,1.5590742996345996,601318.SH
2023-10-12,41.21,41.56,41.04,41.29,26126959,1254265938,0.24,-0.9594627008875034,601318.SH
2023-10-15,41.19,41.43,40.81,40.92,31900293,1522168840,0.3,-0.8961007507871099,601318.SH
2023-10-16,41.15,41.3,40.86,41.05,27014187,1289169549,0.25,0.3176930596285432,601318.SH
2023-10-17,40.9,41.12,40.79,40.8,32569044,1547535570,0.3,-0.6090133982947665,601318.SH
2023-10-18,40.55,40.6,39.61,39.64,69408534,3224679422,0.64,-2.8431372549019507,601318.SH
2023-10-19,39.25,39.68,39.21,39.46,48177617,2205802926,0.45,-0.4540867810292615,601318.SH
2023-10-22,39.42,39.77,39.17,39.55,38706820,1775040623,0.36,0.22807906741002526,601318.SH
2023-10-23,39.62,40.03,39.32,39.68,43231065,1992106371,0.4,0.3286978508217464,601318.SH
2023-10-24,40.39,40.41,39.9,39.97,37446279,1709171805,0.35,0.7308467741935498,601318.SH
2023-10-25,39.79,40.23,39.75,40.14,28098553,1279980548,0.26,0.42531898924194067,601318.SH
2023-10-26,39.69,40.0,39.13,39.68,61884971,2785588427,0.57,-1.1459890383657245,601318.SH
2023-10-29,39.69,39.96,39.36,39.8,45549795,2055903969,0.42,0.3024193548387011,601318.SH
2023-10-30,39.9,40.34,39.68,39.93,42308883,1926939394,0.39,0.3266331658291488,601318.SH
2023-10-31,40.22,40.3,39.54,39.62,37801226,1709309024,0.35,-0.7763586275983059,601318.SH
2023-11-01,39.71,40.05,39.54,39.58,29224760,1321477078,0.27,-0.1009591115598174,601318.SH
2023-11-02,39.69,39.8,39.43,39.74,38640687,1744002549,0.36,0.40424456796361863,601318.SH
2023-11-05,40.05,40.55,39.97,40.46,56246319,2582604547,0.52,1.8117765475591296,601318.SH
2023-11-06,40.3,40.32,39.74,39.79,52054346,2364701855,0.48,-1.6559565002471577,601318.SH
2023-11-07,39.79,39.9,39.13,39.2,70373392,3162886205,0.65,-1.482784619251054,601318.SH
2023-11-08,38.65,38.82,37.65,38.02,150454180,6539441760,1.4,-3.0102040816326503,601318.SH
2023-11-09,37.68,37.68,36.92,37.2,104996471,4446008162,0.98,-2.1567596002104117,601318.SH
2023-11-12,37.16,37.28,36.94,37.23,49309112,2085416497,0.46,0.08064516129031585,601318.SH
2023-11-13,37.37,37.6,37.23,37.43,55819964,2377325636,0.52,0.537201181842617,601318.SH
2023-11-14,37.88,38.31,37.66,38.09,72870581,3155332501,0.68,1.7632914774245334,601318.SH
2023-11-15,37.88,38.08,37.57,37.66,38608889,1658667534,0.36,-1.1289052244683795,601318.SH
2023-11-16,37.45,37.61,37.18,37.47,40472847,1720654033,0.38,-0.5045140732872988,601318.SH
2023-11-19,37.52,37.81,37.31,37.69,32498748,1390487105,0.3,0.5871363757672832,601318.SH
2023-11-20,37.69,38.25,37.69,37.83,43250272,1871504438,0.4,0.37145131334572756,601318.SH
2023-11-21,37.73,37.81,37.52,37.53,24925121,1068361650,0.23,-0.7930214115781098,601318.SH
2023-11-22,37.5,37.81,37.34,37.81,26380342,1128882328,0.25,0.7460698108180175,601318.SH
2023-11-23,37.77,37.8,37.45,37.5,28044927,1200283581,0.26,-0.8198889182755909,601318.SH
2023-11-26,37.42,37.45,36.55,36.76,58546041,2449183477,0.54,-1.973333333333338,601318.SH
2023-11-27,36.72,36.94,36.52,36.6,37226073,1554714840,0.35,-0.43525571273121955,601318.SH
2023-11-28,36.6,36.65,35.57,35.79,67904702,2771007262,0.63,-2.2131147540983664,601318.SH
2023-11-29,35.72,36.07,35.68,35.84,38857196,1586034772,0.36,0.139703827884885,601318.SH
2023-11-30,35.71,36.17,35.4,36.03,48696135,1986489505,0.45,0.530133928571419,601318.SH
2023-12-03,35.88,36.25,35.41,35.47,39986970,1627394428,0.37,-1.5542603386067277,601318.SH
2023-12-04,35.24,35.28,34.7,34.72,50642832,2020199568,0.47,-2.1144629264166936,601318.SH
2023-12-05,34.7,34.92,34.51,34.72,43332396,1713862406,0.4,0.0,601318.SH
2023-12-06,34.57,34.89,34.15,34.56,50100389,1967357707,0.47,-0.4608294930875445,601318.SH
2023-12-07,34.48,34.81,34.42,34.42,37891237,1491734069,0.35,-0.405092592592593,601318.SH
2023-12-10,34.26,34.88,33.87,34.78,55511392,2166289979,0.52,1.045903544450888,601318.SH
2023-12-11,34.63,34.97,34.48,34.95,35821324,1419146471,0.33,0.4887866589994294,601318.SH
2023-12-12,34.87,34.87,34.16,34.16,41285632,1618686295,0.38,-2.2603719599427974,601318.SH
2023-12-13,34.46,34.67,33.98,33.99,33236772,1297220103,0.31,-0.49765807962527386,601318.SH
2023-12-14,34.39,34.75,34.02,34.07,50791156,1983188836,0.47,0.23536334215945587,601318.SH
2023-12-17,33.73,34.12,33.65,33.91,32998671,1273512227,0.31,-0.46962136777224384,601318.SH
2023-12-18,33.89,34.24,33.73,34.0,33224870,1284615540,0.31,0.26540843409024184,601318.SH
2023-12-19,34.0,34.17,33.76,33.77,29948177,1158590096,0.28,-0.6764705882352895,601318.SH
2023-12-20,33.61,34.23,33.49,34.08,42416262,1640116584,0.39,0.917974533609689,601318.SH
2023-12-21,34.05,34.59,33.98,34.34,42473652,1656449050,0.39,0.762910798122074,601318.SH
2023-12-24,34.3,34.5,34.18,34.41,20325509,795171658,0.19,0.2038439138031256,601318.SH
2023-12-25,34.41,34.41,34.1,34.34,19914583,776002047,0.19,-0.20342923568728022,601318.SH
2023-12-26,34.34,34.4,33.98,34.26,29593783,1150904275,0.27,-0.2329644729178959,601318.SH
2023-12-27,34.26,35.44,34.12,35.36,60952573,2429611850,0.57,3.21074138937536,601318.SH
2023-12-28,35.19,35.52,35.18,35.4,34107753,1372848496,0.32,0.11312217194570096,601318.SH
2024-01-01,35.4,35.41,34.66,34.67,43759204,1740486365,0.41,-2.0621468926553588,601318.SH
2024-01-02,34.67,34.84,34.42,34.61,36382151,1432855499,0.34,-0.1730602826651384,601318.SH
2024-01-03,34.57,34.77,33.96,34.17,46739190,1819793957,0.43,-1.2713088702687059,601318.SH
2024-01-04,34.12,34.77,33.98,34.23,49920187,1955115160,0.46,0.17559262510973284,601318.SH
2024-01-07,34.23,34.41,33.57,33.77,51473197,1983794142,0.48,-1.3438504236050086,601318.SH
2024-01-08,33.77,33.89,33.55,33.71,37065054,1423188301,0.34,-0.17767249037607957,601318.SH
2024-01-09,33.63,33.77,33.22,33.22,44130380,1677706638,0.41,-1.4535746069415656,601318.SH
2024-01-10,33.2,33.96,33.04,33.76,38157129,1457906651,0.35,1.6255267910896931,601318.SH
2024-01-11,33.55,33.85,33.4,33.4,30300054,1158392103,0.28,-1.0663507109004766,601318.SH
2024-01-14,33.26,33.81,33.11,33.53,32702181,1244858223,0.3,0.3892215568862323,601318.SH
2024-01-15,33.41,34.05,33.33,33.99,54496285,2095337501,0.51,1.37190575603936,601318.SH
2024-01-16,33.78,33.86,33.39,33.39,56122897,2148072060,0.52,-1.7652250661959412,601318.SH
2024-01-17,33.16,34.28,33.06,34.25,86154364,3289028901,0.8,2.5756214435459723,601318.SH
2024-01-18,34.08,34.56,33.86,34.43,63974391,2493579882,0.59,0.5255474452554809,601318.SH
2024-01-21,34.32,35.07,34.23,34.68,96109863,3800265431,0.89,0.7261109497531226,601318.SH
2024-01-22,34.43,34.88,33.99,34.57,60172097,2363927977,0.56,-0.3171856978085308,601318.SH
2024-01-23,34.84,35.4,34.33,35.28,76115099,3023883703,0.71,2.0538038761932276,601318.SH
2024-01-24,35.27,36.46,35.13,36.15,98658100,4022141715,0.92,2.4659863945578175,601318.SH
2024-01-25,36.06,36.31,35.71,36.23,78592524,3225824129,0.73,0.22130013831258566,601318.SH
2024-01-28,36.24,36.62,35.94,36.0,62078477,2560232020,0.58,-0.6348330113165823,601318.SH
2024-01-29,35.66,35.93,35.28,35.3,57063998,2308550033,0.53,-1.9444444444444486,601318.SH
2024-01-30,35.27,35.88,35.13,35.58,55701366,2253897731,0.52,0.7932011331444722,601318.SH
2024-01-31,35.24,35.69,35.07,35.4,49092479,1980485849,0.46,-0.5059021922428353,601318.SH
2024-02-01,35.4,35.62,34.26,35.22,69077347,2771398286,0.64,-0.5084745762711895,601318.SH
2024-02-04,35.13,36.0,34.85,35.73,80614793,3247211014,0.75,1.4480408858603022,601318.SH
2024-02-05,35.72,36.61,35.46,36.51,82383496,3381216759,0.77,2.183039462636449,601318.SH
2024-02-06,36.62,37.24,36.32,37.23,91615404,3833614844,0.85,1.9720624486442073,601318.SH
2024-02-07,37.35,37.73,37.02,37.58,76874651,3274133649,0.71,0.9401020682245464,601318.SH
2024-02-18,37.76,37.84,37.35,37.53,54413427,2324847504,0.51,-0.1330494944119187,601318.SH
2024-02-19,37.46,37.48,36.98,37.2,46935509,1989976125,0.44,-0.8792965627497984,601318.SH
2024-02-20,37.05,38.91,36.91,38.29,111249194,4827664819,1.03,2.93010752688172,601318.SH
2024-02-21,38.09,38.42,37.95,38.38,51745219,2252345680,0.48,0.23504831548708527,601318.SH
2024-02-22,38.37,39.04,38.3,38.71,64421676,2843810763,0.6,0.8598228243877015,601318.SH
2024-02-25,38.56,38.57,37.68,37.73,61619568,2667499279,0.57,-2.5316455696202667,601318.SH
2024-02-26,37.61,37.9,37.51,37.88,42901252,1840668678,0.4,0.3975616220514233,601318.SH
2024-02-27,37.94,38.02,37.46,37.46,53576359,2298186002,0.5,-1.1087645195353768,601318.SH
2024-02-28,37.35,37.83,37.33,37.68,45509167,1948642485,0.42,0.5872931126534864,601318.SH
2024-02-29,37.59,37.85,37.35,37.76,44577376,1908395624,0.41,0.2123142250530785,601318.SH
2024-03-03,37.53,37.61,37.07,37.19,54504680,2311470911,0.51,-1.5095338983050821,601318.SH
2024-03-04,37.02,37.66,36.94,37.6,62343723,2650564784,0.58,1.1024468943264365,601318.SH
2024-03-05,37.59,37.69,37.3,37.33,34276283,1461294746,0.32,-0.7180851063829818,601318.SH
2024-03-06,37.57,38.17,37.53,37.82,64896213,2796783751,0.6,1.3126171979641166,601318.SH
2024-03-07,37.66,37.95,37.37,37.66,37249362,1595770014,0.35,-0.4230565838180933,601318.SH
2024-03-10,37.58,38.02,37.54,37.91,43597274,1877454174,0.41,0.6638343069569785,601318.SH
2024-03-11,37.92,38.54,37.66,38.48,67920636,2952502139,0.63,1.5035610656818799,601318.SH
2024-03-12,38.41,38.44,37.39,37.45,70121585,3008059272,0.65,-2.676715176715161,601318.SH
2024-03-13,37.22,37.67,37.16,37.29,36088956,1535653343,0.34,-0.4272363150867875,601318.SH
2024-03-14,37.34,37.45,36.91,37.31,39867511,1687264409,0.37,0.05363368195228091,601318.SH
2024-03-17,37.2,37.47,36.95,37.38,41626271,1764489757,0.39,0.18761726078799779,601318.SH
2024-03-18,37.24,37.24,36.72,36.74,48601533,2045765039,0.45,-1.7121455323702572,601318.SH
2024-03-19,36.67,36.94,36.61,36.82,28361668,1187979289,0.26,0.21774632553075435,601318.SH
2024-03-20,36.97,37.27,36.72,36.92,41497624,1745351699,0.39,0.27159152634437245,601318.SH
2024-03-21,36.04,36.13,35.35,35.63,112550368,4569953333,1.05,-3.494041170097506,601318.SH
2024-03-24,35.53,35.91,35.44,35.52,43760130,1775455396,0.41,-0.3087285994948008,601318.SH
2024-03-25,35.52,35.97,35.52,35.93,40299063,1640298640,0.37,1.1542792792792689,601318.SH
2024-03-26,35.82,36.0,35.71,35.71,34619025,1411539594,0.32,-0.6123016977456097,601318.SH
2024-03-27,35.66,36.24,35.53,35.74,43233995,1764795886,0.4,0.08401008120975106,601318.SH
2024-03-28,35.82,36.22,35.74,35.85,33512184,1370420387,0.31,0.30777839955231645,601318.SH
2024-03-31,35.97,36.23,35.93,36.23,38706274,1592229352,0.36,1.0599721059971978,601318.SH
2024-04-01,36.18,36.42,35.93,36.01,39996585,1644606102,0.37,-0.6072315760419555,601318.SH
2024-04-02,35.93,36.06,35.57,35.57,46364011,1886029049,0.43,-1.2218828103304546,601318.SH
2024-04-07,35.38,35.51,35.03,35.33,43590246,1752003235,0.41,-0.6747258926061317,601318.SH
2024-04-08,35.37,35.56,35.22,35.23,29392411,1183293257,0.27,-0.2830455703368262,601318.SH
2024-04-09,35.13,35.2,34.34,34.43,66754496,2638684983,0.62,-2.27079193868861,601318.SH
2024-04-10,34.28,34.38,33.91,34.21,44321365,1724750105,0.41,-0.6389776357827448,601318.SH
2024-04-11,34.08,34.25,33.09,33.18,91894711,3503437973,0.85,-3.0108155510084833,601318.SH
2024-04-14,33.18,33.82,33.1,33.69,77160909,2953703722,0.72,1.5370705244122984,601318.SH
2024-04-15,33.69,34.07,33.45,33.62,62674707,2408876665,0.58,-0.20777678836449986,601318.SH
2024-04-16,33.62,34.27,33.39,34.21,59458529,2294242965,0.55,1.7549077929803758,601318.SH
2024-04-17,34.17,35.4,34.09,34.87,84608897,3365907681,0.79,1.9292604501607524,601318.SH
2024-04-18,34.67,34.94,34.43,34.63,36839491,1454378302,0.34,-0.6882707198164417,601318.SH
2024-04-21,34.69,35.21,34.69,34.99,39122784,1559348109,0.36,1.0395610742131023,601318.SH
2024-04-22,34.98,35.22,34.79,35.04,34265310,1367522866,0.32,0.14289797084880984,601318.SH
2024-04-23,35.48,35.75,35.23,35.66,54996437,2226040005,0.51,1.7694063926940506,601318.SH
2024-04-24,35.59,36.26,35.4,36.07,58217790,2379394081,0.54,1.149747616376895,601318.SH
2024-04-25,36.0,36.7,35.85,36.48,69427606,2866574033,0.65,1.1366786803437723,601318.SH
2024-04-28,36.45,37.66,36.37,36.96,87545482,3696991240,0.81,1.3157894736842257,601318.SH
2024-04-29,36.96,37.03,36.29,36.33,51819014,2157456541,0.48,-1.7045454545454586,601318.SH
2024-05-05,37.9,38.02,37.22,37.32,106274704,4554760127,0.99,2.725020644095788,601318.SH
2024-05-06,37.33,37.59,37.06,37.41,52815226,2249302993,0.49,0.2411575562700774,601318.SH
2024-05-07,37.29,37.51,36.79,36.85,44733513,1888701756,0.42,-1.4969259556268266,601318.SH
2024-05-08,36.78,37.4,36.77,37.19,41354149,1749774912,0.38,0.922659430122108,601318.SH
2024-05-09,37.42,37.93,37.35,37.71,67767018,2906706220,0.63,1.398225329389624,601318.SH
2024-05-12,37.34,37.67,37.04,37.46,49348084,2098243664,0.46,-0.6629541235746439,601318.SH
2024-05-13,37.46,37.59,37.02,37.16,39651152,1679884656,0.37,-0.8008542445275046,601318.SH
2024-05-14,37.14,37.16,36.59,36.75,39911880,1673203919,0.37,-1.1033369214208721,601318.SH
2024-05-15,37.07,38.11,36.86,37.81,93478227,4003945956,0.87,2.8843537414966036,601318.SH
2024-05-16,38.3,39.7,38.17,39.7,189457995,8380485073,1.76,4.998677598518908,601318.SH
2024-05-19,40.14,40.47,39.38,39.93,147945253,6725122982,1.37,0.5793450881611983,601318.SH
2024-05-20,39.6,40.0,39.54,39.88,55109616,2495802388,0.51,-0.12521913348358948,601318.SH
2024-05-21,39.79,40.45,39.66,39.88,75133666,3432737426,0.7,0.0,601318.SH
2024-05-22,39.46,39.68,39.11,39.33,63592313,2847873001,0.59,-1.3791374122367195,601318.SH
2024-05-23,39.13,39.35,38.53,38.55,54128575,2397751034,0.5,-1.9832189168573655,601318.SH
2024-05-26,38.65,38.99,38.54,38.74,41274221,1820441915,0.38,0.4928664072633149,601318.SH
2024-05-27,38.79,38.96,38.31,38.44,42192179,1853750116,0.39,-0.7743933918430645,601318.SH
2024-05-28,38.29,38.76,38.09,38.18,43942250,1921502308,0.41,-0.6763787721123737,601318.SH
2024-05-29,38.04,38.35,37.68,37.9,39395493,1702193305,0.37,-0.7333682556312282,601318.SH
2024-05-30,38.12,38.74,37.82,37.83,48249218,2100267341,0.45,-0.18469656992085026,601318.SH
2024-06-02,37.76,38.17,37.43,37.88,44651840,1922692312,0.41,0.1321702352630405,601318.SH
2024-06-03,37.84,38.22,37.78,38.01,39817760,1723254939,0.37,0.3431890179514063,601318.SH
2024-06-04,38.0,38.02,37.72,37.84,36188007,1559233050,0.34,-0.44725072349380834,601318.SH
2024-06-05,37.95,38.06,37.22,37.29,54262089,2313057245,0.5,-1.453488372093037,601318.SH
2024-06-06,37.42,37.58,36.89,37.0,42139379,1781350640,0.39,-0.7776883883078511,601318.SH
2024-06-10,36.81,37.06,36.54,36.74,42236279,1767535003,0.39,-0.7027027027026955,601318.SH
2024-06-11,36.74,36.8,36.33,36.36,39834017,1653283609,0.37,-1.0342950462711054,601318.SH
2024-06-12,36.52,36.59,36.18,36.28,32042801,1323757554,0.3,-0.22002200220021528,601318.SH
2024-06-13,36.18,37.06,36.15,36.78,63562438,2651178962,0.59,1.378169790518191,601318.SH
2024-06-16,36.54,36.74,36.35,36.52,38472747,1600335663,0.36,-0.7069059271343048,601318.SH
2024-06-17,36.63,36.94,36.51,36.65,35345219,1476476518,0.33,0.35596933187294066,601318.SH
2024-06-18,36.66,37.06,36.55,36.89,41063957,1721419835,0.38,0.654843110504788,601318.SH
2024-06-19,36.88,36.95,36.46,36.46,36478992,1525392591,0.34,-1.1656275413391204,601318.SH
2024-06-20,36.44,36.73,36.29,36.6,38505452,1600502330,0.36,0.38398244651673963,601318.SH
2024-06-23,36.48,36.94,36.21,36.72,44592791,1856756644,0.41,0.3278688524590123,601318.SH
2024-06-24,36.71,37.0,36.4,36.5,38283591,1598362559,0.36,-0.5991285403050051,601318.SH
2024-06-25,36.43,36.73,36.27,36.58,26506064,1100552481,0.25,0.21917808219178436,601318.SH
2024-06-26,36.46,36.58,36.23,36.38,36797498,1525115715,0.34,-0.54674685620556,601318.SH
2024-06-27,36.32,36.8,36.24,36.33,39934516,1661152478,0.37,-0.1374381528312374,601318.SH
2024-06-30,36.37,36.6,35.7,36.56,47419754,1949715777,0.44,0.6330856041838917,601318.SH
2024-07-01,36.37,37.55,36.36,37.04,56885747,2404908551,0.53,1.3129102844638973,601318.SH
2024-07-02,37.05,37.27,36.81,37.13,29574788,1248330595,0.27,0.24298056155509506,601318.SH
2024-07-03,37.12,37.38,36.86,36.87,32485145,1369924729,0.3,-0.7002423915971057,601318.SH
2024-07-04,36.85,37.12,36.0,36.12,52671766,2180477666,0.49,-2.0341741253051215,601318.SH
2024-07-07,35.93,36.33,35.73,35.87,33954844,1388961719,0.32,-0.6921373200442948,601318.SH
2024-07-08,35.86,36.53,35.54,36.47,38140275,1565430222,0.35,1.6727069974909359,601318.SH
2024-07-09,36.07,36.83,36.07,36.77,36127314,1507496307,0.34,0.8225939128050586,601318.SH
2024-07-10,37.13,37.32,36.81,36.84,37556984,1582861429,0.35,0.1903725863475758,601318.SH
2024-07-11,36.89,37.65,36.89,37.49,49569726,2110496361,0.46,1.7643865363734967,601318.SH
2024-07-14,37.42,37.75,37.31,37.36,35484792,1513495679,0.33,-0.34675913576954764,601318.SH
2024-07-15,36.89,36.99,35.73,36.18,93998504,3870524307,0.87,-3.1584582441113507,601318.SH
2024-07-16,36.23,37.26,36.23,37.15,77840627,3268159911,0.72,2.6810392482034207,601318.SH
2024-07-17,37.06,37.45,36.86,37.22,51362418,2175992699,0.48,0.18842530282638936,601318.SH
2024-07-18,37.22,37.9,37.07,37.8,61077539,2610070265,0.57,1.55830198817839,601318.SH
2024-07-21,37.86,37.96,37.45,37.77,44056204,1890312953,0.41,-0.07936507936506798,601318.SH
2024-07-22,37.73,37.97,37.58,37.59,45978967,1978447935,0.43,-0.4765687053216783,601318.SH
2024-07-23,37.59,37.8,37.2,37.38,38609543,1644933090,0.36,-0.5586592178770999,601318.SH
2024-07-24,37.32,37.61,37.09,37.39,44047429,1874557285,0.41,0.02675227394328683,601318.SH
2024-07-25,37.46,37.96,37.09,37.4,51037796,2099407784,0.47,0.026745119015769703,601318.SH
2024-07-28,37.39,37.89,37.33,37.61,30564969,1264082990,0.28,0.5614973262032086,601318.SH
2024-07-29,37.57,37.73,37.37,37.62,29692239,1224450781,0.28,0.026588673225202974,601318.SH
2024-07-30,37.63,38.78,37.55,38.74,58087783,2450880160,0.54,2.9771398192451004,601318.SH
2024-07-31,38.61,39.0,38.47,38.69,32514038,1383461987,0.3,-0.12906556530718483,601318.SH
2024-08-01,38.44,38.6,37.96,38.07,33137257,1392534224,0.31,-1.6024812613078199,601318.SH
2024-08-04,37.96,38.72,37.95,38.23,43050914,1813319979,0.4,0.42027843446281743,601318.SH
2024-08-05,38.57,38.67,36.99,37.23,63434323,2614553598,0.59,-2.615746795710172,601318.SH
2024-08-06,37.25,37.42,37.03,37.05,29978095,1225524961,0.28,-0.483481063658342,601318.SH
2024-08-07,37.09,37.46,36.78,37.16,23643241,964682591,0.22,0.29689608636978004,601318.SH
2024-08-08,37.31,37.54,36.96,36.96,26178496,1069136979,0.24,-0.5382131324004225,601318.SH
2024-08-11,36.89,37.07,36.69,36.97,15219904,617325022,0.14,0.027056277056280997,601318.SH
2024-08-12,36.97,37.15,36.87,37.12,16650599,677002646,0.15,0.40573437922639677,601318.SH
2024-08-13,37.15,37.26,36.86,36.86,20650428,838935306,0.19,-0.7004310344827513,601318.SH
2024-08-14,36.87,37.93,36.61,37.61,53416705,2202784576,0.5,2.0347259902333104,601318.SH
2024-08-15,37.61,38.0,37.55,37.87,26957357,1119345318,0.25,0.691305503855344,601318.SH
2024-08-18,37.87,38.38,37.86,38.29,28791203,1209599526,0.27,1.1090573012939142,601318.SH
2024-08-19,38.37,38.38,37.96,38.16,29376286,1230963341,0.27,-0.3395142334813306,601318.SH
2024-08-20,38.21,38.3,37.69,38.2,23617412,989256297,0.22,0.10482180293502896,601318.SH
2024-08-21,38.19,38.46,37.9,37.97,30497656,1275507522,0.28,-0.6020942408377028,601318.SH
2024-08-22,38.27,39.56,38.17,39.46,99423443,4271882126,0.92,3.9241506452462493,601318.SH
2024-08-25,39.56,39.72,39.19,39.46,47580560,2059591116,0.44,0.0,601318.SH
2024-08-26,39.39,39.64,39.1,39.28,33964677,1467947189,0.32,-0.4561581348200727,601318.SH
2024-08-27,39.36,39.49,39.08,39.31,34839474,1502990666,0.32,0.07637474541752898,601318.SH
2024-08-28,39.3,39.65,38.65,38.79,47694548,2045077629,0.44,-1.322818621215982,601318.SH
2024-08-29,38.88,40.53,38.88,40.08,110000601,4830979921,1.02,3.325599381283828,601318.SH
2024-09-01,39.94,40.21,39.55,39.55,51317124,2243546045,0.48,-1.322355289421162,601318.SH
2024-09-02,39.7,39.7,39.21,39.33,36821975,1593821144,0.34,-0.5562579013906443,601318.SH
2024-09-03,39.34,39.72,38.64,38.81,40994906,1759519239,0.38,-1.3221459445715622,601318.SH
2024-09-04,38.8,39.6,38.79,39.52,46651108,2014905549,0.43,1.8294254058232484,601318.SH
2024-09-05,39.52,40.03,39.29,39.37,39025775,1699389017,0.36,-0.3795546558704621,601318.SH
2024-09-08,39.21,39.37,38.73,38.85,40172454,1720343646,0.37,-1.3208026416052787,601318.SH
2024-09-09,38.91,39.19,38.49,38.83,29365589,1251507269,0.27,-0.0514800514800573,601318.SH
2024-09-10,38.81,39.07,38.57,38.7,27407424,1167516315,0.25,-0.3347926860674644,601318.SH
2024-09-11,38.89,38.93,38.07,38.78,41083853,1739432819,0.38,0.20671834625323182,601318.SH
2024-09-12,38.74,39.5,38.68,39.04,34439648,1484769941,0.32,0.6704486848891023,601318.SH
2024-09-17,39.14,39.86,39.08,39.78,43263824,1883001068,0.4,1.8954918032787038,601318.SH
2024-09-18,39.8,40.14,39.43,40.08,46650032,2046412473,0.43,0.7541478129713397,601318.SH
2024-09-19,40.03,40.31,39.81,40.19,53292373,2347055961,0.5,0.2744510978043957,601318.SH
2024-09-22,40.17,40.41,39.92,40.13,29524048,1302373909,0.27,-0.149290868375207,601318.SH
2024-09-23,40.6,42.33,40.48,42.33,120899198,5518430623,1.12,5.4821829055569316,601318.SH
2024-09-24,43.33,43.87,43.01,43.11,138298492,6594953851,1.28,1.8426647767540771,601318.SH
2024-09-25,43.32,45.91,42.96,45.89,163765259,8023977092,1.52,6.448619809788925,601318.SH
2024-09-26,47.24,47.48,46.15,47.24,139487740,7197182304,1.3,2.9418173894094624,601318.SH
2024-09-29,49.59,51.97,49.52,51.97,262125405,14733344153,2.44,10.012701100762067,601318.SH
2024-10-07,57.16,57.16,53.79,56.19,396104253,24440888195,3.68,8.120069270733122,601318.SH
2024-10-08,54.61,54.61,50.65,50.7,285509557,16431475144,2.65,-9.770421783235438,601318.SH
2024-10-09,51.55,55.15,51.26,53.25,222672969,12981664827,2.07,5.02958579881656,601318.SH
2024-10-10,52.61,54.49,51.91,52.37,131212381,7645831882,1.22,-1.6525821596244161,601318.SH
2024-10-13,53.15,53.92,52.38,53.4,117773767,6884203095,1.09,1.9667748711094113,601318.SH
2024-10-14,53.32,53.96,51.97,52.06,102790028,5988622377,0.96,-2.5093632958801404,601318.SH
2024-10-15,51.68,52.64,51.53,52.23,85501630,4894961074,0.79,0.32654629273913827,601318.SH
2024-10-16,52.7,53.52,51.86,51.88,78357477,4529673855,0.73,-0.6701129618992829,601318.SH
2024-10-17,51.88,53.98,50.65,52.9,149466236,8417973824,1.39,1.9660755589822498,601318.SH
2024-10-20,53.1,53.17,51.98,52.64,87531258,4966469517,0.81,-0.4914933837429025,601318.SH
2024-10-21,52.55,53.84,52.35,52.79,84601119,4835443520,0.79,0.2849544072948351,601318.SH
2024-10-22,52.92,54.86,52.64,53.95,119192651,6939592004,1.11,2.197385868535706,601318.SH
2024-10-23,53.57,54.1,53.32,53.75,51273005,2976336249,0.48,-0.3707136237256825,601318.SH
2024-10-24,53.67,54.1,53.25,53.38,53944541,3122695352,0.5,-0.6883720930232484,601318.SH
2024-10-27,53.46,53.72,52.81,53.2,57880987,3325855084,0.54,-0.33720494567253123,601318.SH
2024-10-28,53.2,54.09,53.14,53.32,62010028,3591688618,0.58,0.22556390977443996,601318.SH
2024-10-29,53.19,53.58,51.51,51.78,90747926,5123310917,0.84,-2.8882220555138782,601318.SH
2024-10-30,51.77,52.55,51.25,51.74,75763009,4236922732,0.7,-0.07724990343761506,601318.SH
2024-10-31,51.95,52.73,51.81,51.95,65013925,3676222858,0.6,0.4058755315036633,601318.SH
2024-11-03,51.97,52.71,51.74,52.71,53073970,2993285083,0.49,1.4629451395572701,601318.SH
2024-11-04,52.57,54.47,52.07,54.35,120114422,6976690582,1.12,3.1113640675393572,601318.SH
2024-11-05,54.48,54.63,52.69,53.19,126251828,7311429314,1.17,-2.1343146274149127,601318.SH
2024-11-06,52.73,56.44,52.64,56.29,186426320,11055869272,1.73,5.828163188569291,601318.SH
2024-11-07,56.62,56.89,54.59,54.7,132299025,7922272847,1.23,-2.824658020962867,601318.SH
2024-11-10,53.78,54.14,53.22,54.03,91716007,5320862805,0.85,-1.2248628884826362,601318.SH
2024-11-11,54.03,54.56,52.62,52.74,96289275,5557347301,0.89,-2.387562465297055,601318.SH
2024-11-12,52.46,53.2,52.38,52.91,61824493,3532487702,0.57,0.32233598786499673,601318.SH
2024-11-13,52.91,53.74,52.64,52.73,66323183,3815907812,0.62,-0.3402003402003362,601318.SH
2024-11-14,52.64,53.18,51.62,51.62,78059714,4413936480,0.73,-2.1050635311966603,601318.SH
2024-11-17,51.9,52.88,51.24,51.59,68429646,3851412802,0.64,-0.05811700891126259,601318.SH
2024-11-18,51.81,51.92,50.98,51.45,52819300,2934893274,0.49,-0.27137042062415073,601318.SH
2024-11-19,51.46,51.62,51.07,51.31,46997145,2605295420,0.44,-0.2721088435374108,601318.SH
2024-11-20,51.34,51.5,51.0,51.34,41024489,2269302644,0.38,0.05846813486649616,601318.SH
2024-11-21,51.32,51.32,49.03,49.06,100680813,5439029187,0.94,-4.440981690689528,601318.SH
2024-11-24,49.03,49.27,48.24,48.64,70269826,3704922205,0.65,-0.8560945780676787,601318.SH
2024-11-25,48.57,49.28,48.45,49.08,40761823,2156122895,0.38,0.9046052631578982,601318.SH
2024-11-26,49.09,49.59,48.84,49.54,44446366,2366194483,0.41,0.9372453137734382,601318.SH
2024-11-27,49.56,49.95,48.88,49.19,42550213,2268917373,0.4,-0.7064997981429122,601318.SH
2024-11-28,49.17,50.35,49.07,49.27,56357055,3018761403,0.52,0.162634681845919,601318.SH
2024-12-01,49.22,50.17,49.2,49.97,44960590,2420512864,0.42,1.4207428455449422,601318.SH
2024-12-02,49.82,50.52,49.54,50.36,47005763,2544434591,0.44,0.7804682809685826,601318.SH
2024-12-03,50.13,50.27,49.69,49.89,38188736,2059281654,0.35,-0.9332803812549639,601318.SH
2024-12-04,49.67,50.01,49.49,49.66,29588882,1589274038,0.27,-0.4610142313088872,601318.SH
2024-12-05,49.76,51.52,49.76,51.0,78983681,4338822602,0.73,2.6983487716472077,601318.SH
2024-12-08,50.84,51.16,50.38,50.73,51046345,2801288362,0.47,-0.5294117647058894,601318.SH
2024-12-09,52.64,52.9,51.35,51.46,100098350,5649587635,0.93,1.4389907352651443,601318.SH
2024-12-10,51.45,51.74,50.77,50.79,50478424,2790301410,0.47,-1.301982122036538,601318.SH
2024-12-11,50.85,51.67,50.61,51.42,52633585,2909611957,0.49,1.2404016538688722,601318.SH
2024-12-12,51.07,51.08,49.66,49.72,88709588,4798656729,0.82,-3.3061065733177797,601318.SH
2024-12-15,49.69,49.95,48.97,49.14,65859184,3512263334,0.61,-1.1665325824617878,601318.SH
2024-12-16,48.94,49.47,48.79,49.04,53769372,2853899355,0.5,-0.20350020350020648,601318.SH
2024-12-17,49.34,49.66,48.92,48.98,50446143,2683105293,0.47,-0.12234910277325595,601318.SH
2024-12-18,48.66,48.98,48.43,48.93,40549628,2136614147,0.38,-0.10208248264597097,601318.SH
2024-12-19,48.93,49.25,48.59,48.68,46196543,2437090038,0.43,-0.5109339873288321,601318.SH
2024-12-22,48.68,49.48,48.68,49.13,55550547,2954746191,0.52,0.9244042728019819,601318.SH
2024-12-23,49.11,49.8,49.03,49.76,49560916,2654767330,0.46,1.2823122328516012,601318.SH
2024-12-24,49.78,50.25,49.56,49.87,41739896,2249897990,0.39,0.2210610932475765,601318.SH
2024-12-25,49.86,49.9,49.37,49.45,37922170,2031175519,0.35,-0.842189693202311,601318.SH
2024-12-26,49.45,49.73,48.77,49.28,53775719,2862446917,0.5,-0.3437815975733116,601318.SH
2024-12-29,49.24,49.87,49.23,49.87,53343783,2865180504,0.5,1.197240259740262,601318.SH
2024-12-30,49.76,49.98,48.71,48.71,67711790,3607846474,0.63,-2.3260477240826027,601318.SH
2025-01-01,48.76,48.78,46.62,46.92,94857917,4877807223,0.88,-3.6748101005953604,601318.SH
2025-01-02,47.18,47.27,46.33,46.54,55135185,2788346287,0.51,-0.8098891730605295,601318.SH
2025-01-05,46.77,46.83,46.1,46.57,41348951,2077171909,0.38,0.06446067898582264,601318.SH
2025-01-06,46.43,46.59,46.08,46.42,39278717,1967557698,0.36,-0.3220957698088833,601318.SH
2025-01-07,46.42,46.79,45.84,46.54,51038304,2555823167,0.47,0.25850926324859635,601318.SH
2025-01-08,46.5,46.64,46.07,46.08,40082112,2005089617,0.37,-0.9883970777825546,601318.SH
2025-01-09,46.09,46.33,45.24,45.29,52270371,2576373866,0.49,-1.714409722222221,601318.SH
2025-01-12,44.85,45.15,44.5,44.95,51139315,2474824396,0.48,-0.7507175977036762,601318.SH
2025-01-13,44.95,45.87,44.87,45.67,61577440,3024006484,0.57,1.6017797552836388,601318.SH
2025-01-14,45.56,45.94,45.25,45.43,45802852,2251226874,0.426,-0.5255090869279666,601318.SH
2025-01-15,45.61,46.03,45.27,45.56,41576107,2052212529,0.386,0.2861545234426721,601318.SH
2025-01-16,45.43,45.86,45.12,45.68,46074666,2273441157,0.428,0.26338893766462146,601318.SH
2025-01-19,46.0,46.54,45.94,46.08,49173607,2458746694,0.457,0.8756567425569184,601318.SH
2025-01-20,46.44,46.62,45.94,46.17,40995081,2049216698,0.381,0.1953125,601318.SH
2025-01-21,46.0,46.18,45.19,45.29,53078046,2606595142,0.493,-1.9059995668182839,601318.SH
2025-01-22,46.09,47.6,46.05,46.6,96910455,4910872825,0.9,2.8924707440936226,601318.SH
2025-01-23,46.42,47.53,46.35,47.05,61677886,3140198840,0.573,0.9656652360514828,601318.SH
2025-01-26,47.21,47.76,47.01,47.04,52454748,2681560916,0.487,-0.021253985122204888,601318.SH
2025-02-04,47.16,47.18,45.95,46.0,58307230,2921528575,0.542,-2.2108843537414935,601318.SH
2025-02-05,46.01,46.72,45.96,46.49,41503724,2078321191,0.386,1.0652173913043628,601318.SH
2025-02-06,46.42,47.59,46.11,47.07,72581202,3679372001,0.674,1.2475801247580076,601318.SH
2025-02-09,47.08,47.52,47.0,47.09,43181484,2203839896,0.401,0.042489908646703434,601318.SH
2025-02-10,47.37,47.41,46.6,46.74,38184400,1931993468,0.355,-0.7432575918454032,601318.SH
2025-02-11,46.74,47.29,46.42,47.26,44699378,2261445451,0.415,1.1125374411638855,601318.SH
2025-02-12,47.11,47.91,47.01,47.2,59036332,3019334998,0.549,-0.12695725772322586,601318.SH
2025-02-13,47.17,47.98,47.0,47.83,59977161,3080098770,0.557,1.3347457627118642,601318.SH
2025-02-16,47.95,48.46,47.56,47.96,62571044,3245003133,0.581,0.2717959439682227,601318.SH
2025-02-17,47.8,48.28,47.37,47.47,65008234,3362664791,0.604,-1.02168473728107,601318.SH
2025-02-18,47.36,47.95,47.2,47.6,46442576,2388611401,0.432,0.2738571729513417,601318.SH
2025-02-19,47.4,47.47,46.87,46.98,51538478,2620444374,0.479,-1.3025210084033678,601318.SH
2025-02-20,47.17,47.65,46.68,47.37,66876093,3415352331,0.621,0.8301404853128913,601318.SH
2025-02-23,47.37,48.55,47.23,48.11,83582274,4341042760,0.777,1.5621701498838902,601318.SH
2025-02-24,47.65,48.2,47.04,47.16,64242944,3298896562,0.597,-1.9746414466846884,601318.SH
2025-02-25,47.28,47.91,47.21,47.76,53657805,2758370362,0.499,1.2722646310432628,601318.SH
2025-02-26,47.91,47.92,47.29,47.76,54724008,2813972257,0.508,0.0,601318.SH
2025-02-27,47.55,47.78,46.61,46.61,80526753,4102825272,0.748,-2.4078726968174147,601318.SH
2025-03-02,46.77,47.02,46.31,46.56,42316083,2135730015,0.393,-0.10727311735678757,601318.SH
2025-03-03,46.33,46.53,46.26,46.33,37243163,1867141471,0.346,-0.493986254295542,601318.SH
2025-03-04,46.42,46.77,46.27,46.61,45507176,2287766876,0.423,0.6043600259011406,601318.SH
2025-03-05,46.97,48.04,46.75,47.78,104582101,5369202399,0.972,2.5101909461489047,601318.SH
2025-03-06,47.74,47.96,47.48,47.65,48147872,2481121736,0.447,-0.2720803683549655,601318.SH
2025-03-09,47.66,47.79,46.98,47.41,61128342,3121852670,0.568,-0.5036726128016866,601318.SH
2025-03-10,46.92,47.65,46.81,47.65,52914740,2702757544,0.492,0.5062223159671086,601318.SH
2025-03-11,47.65,47.74,47.19,47.32,47057801,2410921164,0.437,-0.692549842602308,601318.SH
2025-03-12,47.32,47.69,47.12,47.31,41144830,2107254552,0.382,-0.021132713440397133,601318.SH
2025-03-13,47.49,49.86,47.38,49.47,150244865,7945017156,1.396,4.565630944831955,601318.SH
2025-03-16,49.47,49.61,49.13,49.39,60517176,3229662145,0.562,-0.16171417020416357,601318.SH
2025-03-17,49.68,50.13,49.63,49.74,58774002,3164655447,0.546,0.7086454747924797,601318.SH
2025-03-18,49.66,50.24,49.56,50.02,50987421,2751845206,0.474,0.5629272215520675,601318.SH
2025-03-19,50.01,50.01,48.32,48.56,114072346,6007424559,1.06,-2.9188324670131993,601318.SH
2025-03-20,48.48,48.72,47.81,47.88,79571468,4145943295,0.739,-1.4003294892915963,601318.SH
2025-03-23,47.94,48.37,47.94,48.23,50865690,2646991166,0.473,0.7309941520467822,601318.SH
2025-03-24,48.25,48.3,47.94,48.07,34440224,1790739699,0.32,-0.3317437279701352,601318.SH
2025-03-25,48.09,48.19,47.85,47.85,40399461,2094936176,0.375,-0.4576659038901587,601318.SH
2025-03-26,47.84,48.52,47.67,48.16,43216872,2248679011,0.402,0.64785788923718,601318.SH
2025-03-27,48.29,48.45,47.97,48.07,35366353,1841078406,0.329,-0.18687707641195095,601318.SH
2025-03-30,48.02,48.34,47.54,47.77,46838971,2423816080,0.435,-0.6240898689411245,601318.SH
2025-03-31,47.74,47.98,47.56,47.76,39432057,2035352505,0.366,-0.02093364036006573,601318.SH
2025-04-01,47.72,48.07,47.67,47.98,28327427,1467236071,0.263,0.46063651591290444,601318.SH
2025-04-02,47.54,48.11,47.54,47.63,37334782,1927750540,0.347,-0.7294706127553008,601318.SH
2025-04-06,45.61,46.05,43.48,44.93,172755841,8362219629,1.605,-5.668696199874034,601318.SH
2025-04-07,44.92,45.57,44.5,45.57,111752977,5446468218,1.038,1.424438014689522,601318.SH
2025-04-08,45.15,45.56,44.74,45.27,73790650,3604799242,0.686,-0.6583278472679366,601318.SH
2025-04-09,45.67,46.07,45.53,45.78,65791545,3258096138,0.611,1.1265738899933764,601318.SH
2025-04-10,45.78,45.83,45.31,45.66,45012106,2216984586,0.418,-0.2621231979030192,601318.SH
2025-04-13,45.89,46.12,45.74,45.78,38748414,1922228962,0.36,0.26281208935612366,601318.SH
2025-04-14,45.78,46.23,45.57,46.1,40776211,2021902572,0.379,0.6989951944080364,601318.SH
2025-04-15,46.0,46.42,45.7,46.15,46792350,2323052330,0.435,0.10845986984815426,601318.SH
2025-04-16,45.97,46.52,45.87,46.41,37704289,1884423296,0.35,0.5633802816901401,601318.SH
2025-04-17,46.3,46.87,46.21,46.67,33881100,1706307228,0.315,0.5602240896358746,601318.SH
2025-04-20,46.63,46.82,46.44,46.52,26378406,1329681852,0.245,-0.32140561388471767,601318.SH
2025-04-21,46.44,46.99,46.37,46.79,35509783,1793621626,0.33,0.5803955288048002,601318.SH
2025-04-22,46.96,47.14,46.68,46.91,29877321,1515452317,0.278,0.2564650566360349,601318.SH
2025-04-23,46.91,47.63,46.91,47.39,42383943,2170142049,0.394,1.0232359837987648,601318.SH
2025-04-24,47.41,47.73,47.39,47.49,36849939,1894916291,0.342,0.2110149820637286,601318.SH
2025-04-27,46.65,47.5,46.29,47.38,51866550,2632952959,0.482,-0.23162771109707103,601318.SH
2025-04-28,47.34,47.78,47.05,47.18,33754005,1725062887,0.314,-0.42211903756860236,601318.SH
2025-04-29,47.28,47.69,46.89,46.92,37794426,1927976843,0.351,-0.5510809665112304,601318.SH
2025-05-05,47.18,47.32,46.77,47.0,39151245,1992284115,0.364,0.17050298380221207,601318.SH
2025-05-06,47.57,47.77,47.21,47.35,42063972,2156676084,0.391,0.7446808510638281,601318.SH
2025-05-07,47.19,48.43,47.09,48.07,67134993,3487932290,0.624,1.5205913410770933,601318.SH
2025-05-08,48.03,48.26,47.88,47.88,29070923,1507958915,0.27,-0.39525691699604515,601318.SH
2025-05-11,48.32,48.8,48.11,48.66,57737170,3028226079,0.536,1.6290726817042467,601318.SH
2025-05-12,48.84,48.84,48.34,48.53,40392012,2117089329,0.375,-0.2671598849157353,601318.SH
2025-05-13,48.52,51.05,48.42,50.6,157722961,8541172666,1.465,4.2654028436019065,601318.SH
2025-05-14,50.32,50.7,50.05,50.19,56930342,3095268721,0.529,-0.8102766798419037,601318.SH
2025-05-15,50.01,50.37,49.39,49.39,46612951,2499109899,0.433,-1.5939430165371582,601318.SH
2025-05-18,49.3,49.71,49.22,49.31,32426624,1730493312,0.301,-0.1619761085239868,601318.SH
2025-05-19,49.45,50.13,49.4,49.66,35266900,1895934592,0.328,0.7097951733928021,601318.SH
2025-05-20,49.68,50.33,49.68,49.82,33306582,1800759244,0.309,0.3221908981071442,601318.SH
2025-05-21,49.74,49.95,49.52,49.81,24065765,1294403114,0.224,-0.020072260136483333,601318.SH
2025-05-22,49.78,50.38,49.19,49.25,43049136,2314052457,0.4,-1.124272234491075,601318.SH
2025-05-25,49.18,50.1,49.03,49.4,38812968,2078107531,0.361,0.3045685279187804,601318.SH
2025-05-26,49.4,49.83,49.31,49.4,25572531,1368911112,0.238,0.0,601318.SH
2025-05-27,49.4,49.67,49.14,49.3,26169794,1396312012,0.243,-0.2024291497975783,601318.SH
2025-05-28,49.31,49.8,49.12,49.51,34868262,1868004330,0.324,0.42596348884380575,601318.SH
2025-05-29,49.38,49.67,48.9,49.29,41723855,2221553128,0.388,-0.44435467582306654,601318.SH
2025-06-02,49.23,50.06,49.03,49.82,45373821,2430686987,0.422,1.0752688172043001,601318.SH
2025-06-03,49.6,50.1,49.6,49.74,43089681,2322941429,0.4,-0.16057808109192218,601318.SH
2025-06-04,49.75,50.13,49.64,49.95,41909990,2260023900,0.389,0.42219541616406175,601318.SH
2025-06-05,49.96,50.07,49.36,49.41,40855330,2191002621,0.38,-1.0810810810810922,601318.SH
2025-06-08,49.54,49.9,49.5,49.7,39788727,2137162081,0.37,0.5869257235377567,601318.SH
2025-06-09,49.69,50.05,49.32,49.43,46707945,2510066317,0.434,-0.5432595573440668,601318.SH
2025-06-10,49.4,50.56,49.4,50.38,68183015,3704026068,0.634,1.9219097713939037,601318.SH
2025-06-11,50.24,51.19,49.99,50.71,58999906,3231103730,0.548,0.6550218340611424,601318.SH
2025-06-12,50.73,50.79,50.22,50.4,48022896,2616565694,0.446,-0.6113192664168876,601318.SH
2025-06-15,50.26,50.5,50.01,50.26,49677075,2697778320,0.462,-0.2777777777777768,601318.SH
2025-06-16,50.24,50.43,49.9,50.17,50628878,2745763183,0.47,-0.1790688420214792,601318.SH
2025-06-17,50.13,50.22,49.31,49.78,46936380,2518852918,0.436,-0.7773569862467578,601318.SH
2025-06-18,49.67,49.77,49.14,49.22,40188078,2143533731,0.373,-1.1249497790277285,601318.SH
2025-06-19,49.21,50.75,49.21,50.64,84743047,4606219515,0.787,2.885006095083309,601318.SH
2025-06-22,50.42,51.12,50.2,50.98,61470513,3373267494,0.571,0.6714060031595581,601318.SH
2025-06-23,51.08,52.71,51.07,52.54,104079789,5873914857,0.967,3.060023538642609,601318.SH
2025-06-24,52.55,53.66,52.35,53.55,104613132,5998384734,0.972,1.9223448800913534,601318.SH
2025-06-25,53.47,53.73,53.17,53.27,50073981,2888896788,0.465,-0.5228758169934511,601318.SH
2025-06-26,53.27,53.78,52.37,52.7,66763167,3832894682,0.62,-1.0700206495213083,601318.SH
2025-06-29,52.83,53.26,52.48,52.81,56478195,3133724720,0.525,0.20872865275143315,601318.SH
2025-06-30,52.98,53.2,52.64,53.02,35274636,1961556961,0.328,0.39765195985608237,601318.SH
2025-07-01,53.02,53.32,52.69,53.13,39562902,2204210316,0.368,0.20746887966804906,601318.SH
2025-07-02,53.21,53.5,52.98,53.12,32510060,1817404362,0.302,-0.0188217579522032,601318.SH
2025-07-03,53.02,54.63,52.76,53.85,65454405,3695501729,0.608,1.3742469879518104,601318.SH
2025-07-06,53.87,54.07,53.36,53.72,32176278,1813966809,0.299,-0.24141132776230867,601318.SH
2025-07-07,53.69,54.05,53.41,53.74,34345972,1939149952,0.319,0.03723008190619215,601318.SH
2025-07-08,53.74,54.05,53.19,53.21,39546279,2223715808,0.367,-0.986229996278376,601318.SH
2025-07-09,53.21,54.81,53.13,54.38,82888153,4726621457,0.77,2.198834805487704,601318.SH
2025-07-10,54.26,56.18,54.22,54.93,107642894,6269330973,1.0,1.0114012504597314,601318.SH
2025-07-13,54.92,55.44,54.8,54.8,44905762,2598863547,0.417,-0.23666484616785555,601318.SH
2025-07-14,54.97,55.17,54.24,54.35,44172553,2535144762,0.41,-0.8211678832116709,601318.SH
2025-07-15,54.42,54.49,53.51,54.1,48182460,2728239344,0.448,-0.4599816007359703,601318.SH
2025-07-16,53.97,54.32,53.95,54.08,27712343,1575012870,0.257,-0.03696857670980602,601318.SH
2025-07-17,54.21,54.69,54.13,54.33,43623995,2492884493,0.405,0.46227810650887324,601318.SH
2025-07-20,54.4,54.97,54.16,54.44,46673343,2671242929,0.434,0.2024664089821382,601318.SH
2025-07-21,54.44,54.45,53.4,53.97,69520325,3930402694,0.646,-0.8633357825128529,601318.SH
2025-07-22,54.11,55.57,54.08,55.21,86940674,5020698335,0.808,2.297572725588304,601318.SH
2025-07-23,55.18,56.16,54.93,55.82,70773738,4142271385,0.658,1.104872305741722,601318.SH
2025-07-24,55.5,55.73,55.04,55.29,50833457,2958837440,0.472,-0.9494804729487605,601318.SH
2025-07-27,55.4,57.3,55.4,57.2,122121733,7297531197,1.135,3.454512570085022,601318.SH
2025-07-28,57.17,57.38,56.51,56.63,56609200,3380012575,0.526,-0.996503496503498,601318.SH
2025-07-29,56.62,58.38,56.5,57.79,92199271,5600001966,0.857,2.048384248631452,601318.SH
2025-07-30,57.5,57.59,55.57,55.87,82760070,4910516274,0.769,-3.3223741131683693,601318.SH
2025-07-31,55.86,56.22,55.29,55.4,48878624,2860162236,0.454,-0.8412385895829599,601318.SH
2025-08-03,55.31,55.53,55.07,55.41,36007832,2092312969,0.335,0.018050541516245744,601318.SH
2025-08-04,55.5,56.55,55.4,56.3,48295614,2837798909,0.449,1.6062082656560284,601318.SH
2025-08-05,56.3,56.77,55.99,56.22,32446873,1916931441,0.301,-0.1420959147424461,601318.SH
2025-08-06,56.27,56.6,55.72,56.05,32797153,1932522823,0.305,-0.30238349341871196,601318.SH
2025-08-07,56.05,56.07,55.42,55.72,39793332,2331643860,0.37,-0.588760035682423,601318.SH
2025-08-10,55.94,56.3,55.66,55.66,43186911,2535939661,0.401,-0.1076812634601576,601318.SH
2025-08-11,55.66,56.23,55.66,55.92,42698545,2507882892,0.397,0.4671218109953301,601318.SH
2025-08-12,56.09,56.54,55.65,55.79,72845320,4285477115,0.677,-0.2324749642346302,601318.SH
2025-08-13,55.97,57.69,55.94,56.75,102276751,6132887145,0.95,1.7207384835992157,601318.SH
2025-08-14,56.73,57.54,56.16,56.92,89296811,5342602447,0.83,0.2995594713656402,601318.SH
2025-08-17,57.04,57.45,56.49,56.49,95726282,5730767230,0.889,-0.7554462403373097,601318.SH
2025-08-18,56.9,57.29,55.29,55.4,95480996,5626016600,0.8872,-1.9295450522216373,601318.SH
2025-08-19,55.3,56.35,54.92,56.35,76272484,4453267555,0.7087,1.7148014440433235,601318.SH
2025-08-20,56.35,57.08,56.08,56.75,57460093,3420554066,0.5339,0.709849157054121,601318.SH
2025-08-21,56.65,57.6,56.58,57.59,78097427,4689312103,0.7256,1.4801762114537542,601318.SH
2025-08-24,57.69,58.11,57.22,58.07,67011268,4065994394,0.6226,0.8334780343809634,601318.SH
2025-08-25,57.97,58.07,57.54,57.61,49198628,2984830238,0.4571,-0.7921474083003255,601318.SH
2025-08-26,57.48,57.54,55.87,55.87,106455786,6325335934,0.9891,-3.020308974136443,601318.SH
2025-08-27,55.92,56.28,55.51,56.01,63610466,3734301053,0.591,0.2505817075353578,601318.SH
2025-08-28,56.11,58.16,56.11,57.0,108030923,6488619820,1.0038,1.767541510444559,601318.SH
2025-08-31,56.91,56.91,55.52,55.7,94852489,5566516443,0.8813,-2.280701754385961,601318.SH
2025-09-01,55.69,55.97,55.42,55.84,64903633,3797585375,0.603,0.2513464991023451,601318.SH
2025-09-02,56.11,56.26,54.6,55.0,71474642,4150607723,0.6705,-1.5042979942693435,601318.SH
2025-09-03,54.99,55.18,54.32,54.73,72743607,4183559781,0.6824,-0.4909090909090974,601318.SH
2025-09-04,54.73,55.27,54.29,55.12,55818427,3207319735,0.5236,0.7125890736342066,601318.SH
2025-09-07,54.98,55.25,54.56,54.92,48773339,2814135142,0.4575,-0.36284470246733536,601318.SH
2025-09-08,54.98,55.49,54.78,55.21,51891144,3004298501,0.4868,0.5280407865986936,601318.SH
2025-09-09,54.99,55.36,54.85,55.09,30846974,1786675715,0.2894,-0.21735192899836608,601318.SH
2025-09-10,55.12,55.87,54.83,55.87,59507207,3464480190,0.5582,1.4158649482664654,601318.SH
2025-09-11,56.14,56.35,54.73,54.91,73537627,4277497749,0.6898,-1.71827456595669,601318.SH
2025-09-14,54.88,55.2,54.34,54.57,54684242,3147658745,0.513,-0.6191950464396245,601318.SH
2025-09-15,54.59,54.69,53.78,53.9,68571361,3894056719,0.6433,-1.2277808319589578,601318.SH
2025-09-16,53.93,54.23,53.74,53.85,68465187,3878151157,0.6423,-0.09276437847866026,601318.SH
2025-09-17,53.92,53.94,52.46,52.62,101207356,5649599209,0.9494,-2.284122562674107,601318.SH
2025-09-18,52.63,53.31,52.35,52.45,54332111,3008279780,0.5097,-0.3230710756366273,601318.SH
2025-09-21,52.71,52.97,52.35,52.5,37443768,2068811784,0.3513,0.09532888465204614,601318.SH
2025-09-22,52.38,53.11,52.11,52.37,61296096,3385890145,0.575,-0.24761904761905207,601318.SH
2025-09-23,52.63,53.07,52.31,52.63,50317433,2781363925,0.472,0.4964674431926719,601318.SH
2025-09-24,52.62,52.73,52.38,52.44,51429616,2838283234,0.4825,-0.3610108303249149,601318.SH
2025-09-25,52.37,52.88,52.03,52.56,54862187,3021459544,0.5147,0.22883295194509046,601318.SH
2025-09-28,52.53,54.56,52.38,53.32,103510992,5816595783,0.971,1.4459665144596512,601318.SH
2025-09-29,53.12,53.5,52.35,52.46,76708187,4247640485,0.7196,-1.6129032258064502,601318.SH
2025-10-08,52.39,52.62,51.64,52.39,82406748,4521397150,0.773,-0.13343499809378434,601318.SH
2025-10-09,52.1,53.28,52.1,52.87,64146532,3560844773,0.6017,0.9162053827066252,601318.SH
2025-10-12,51.89,52.67,51.89,52.45,60965598,3353288998,0.5719,-0.7944013618308987,601318.SH
2025-10-13,52.91,53.95,52.85,53.76,102294025,5757976241,0.9596,2.4976167778836933,601318.SH
2025-10-14,53.76,55.18,53.59,55.03,83704628,4793965559,0.7852,2.3623511904761862,601318.SH
2025-10-15,54.91,55.76,54.84,55.23,68147820,3966486441,0.6393,0.3634381246592655,601318.SH
2025-10-16,55.21,55.67,54.42,54.53,67749281,3916934527,0.6355,-1.2674271229404233,601318.SH
2025-10-19,55.52,55.75,54.69,55.12,52669469,3058431634,0.4941,1.0819732257472792,601318.SH
2025-10-20,55.14,56.09,55.14,55.29,76220049,4456452771,0.715,0.3084179970972434,601318.SH
2025-10-21,55.21,55.69,55.14,55.41,37989266,2211002991,0.3564,0.21703743895822303,601318.SH
2025-10-22,55.42,56.04,55.3,55.92,50350104,2943942596,0.4723,0.9204114780725581,601318.SH
2025-10-23,56.25,56.59,55.88,56.0,55824170,3240224545,0.5237,0.14306151645206988,601318.SH
2025-10-26,56.12,56.5,55.63,55.88,68500438,3964893063,0.6426,-0.2142857142857113,601318.SH
2025-10-27,55.91,56.34,55.75,55.89,49130508,2842864953,0.4609,0.017895490336439224,601318.SH
2025-10-28,56.7,57.76,56.59,57.04,104443161,6172236795,0.9798,2.0576131687242816,601318.SH
2025-10-29,57.38,58.15,56.68,56.75,74571283,4424147711,0.6995,-0.5084151472650733,601318.SH
2025-10-30,57.08,57.08,55.92,55.95,57254154,3331214748,0.5371,-1.4096916299559448,601318.SH
2025-11-02,56.38,56.8,55.98,56.42,41143033,2399870470,0.386,0.8400357462019725,601318.SH
2025-11-03,56.46,57.21,56.31,57.03,51812600,3045009961,0.486,1.0811768876284988,601318.SH
2025-11-04,56.5,56.93,56.04,56.43,40215785,2348603001,0.3773,-1.0520778537611797,601318.SH
2025-11-05,56.46,57.36,56.45,56.99,54734599,3224909538,0.5135,0.9923799397483668,601318.SH
2025-11-06,56.87,57.23,56.76,56.98,37191041,2191134861,0.3489,-0.017546938059320727,601318.SH
2025-11-09,56.94,57.47,56.54,57.38,52948721,3132320906,0.4967,0.7020007020007046,601318.SH
2025-11-10,57.38,57.57,56.9,57.28,36250376,2143772917,0.3401,-0.17427675148135036,601318.SH
2025-11-11,57.38,58.82,57.38,58.08,149024584,8994592304,1.398,1.3966480446927276,601318.SH
2025-11-12,58.33,59.39,58.33,58.9,89018699,5421878882,0.8351,1.41184573002755,601318.SH
2025-11-13,58.88,60.25,58.68,58.68,75274101,4630168806,0.7061,-0.37351443123938566,601318.SH
2025-11-16,58.72,59.02,57.53,57.89,56019716,3354710745,0.5255,-1.3462849352419926,601318.SH
2025-11-17,57.73,58.2,57.55,57.69,44571218,2663627684,0.4181,-0.34548281223009125,601318.SH
2025-11-18,57.86,59.14,57.77,58.41,70586509,4268493624,0.6622,1.2480499219968744,601318.SH
2025-11-19,58.63,59.17,58.08,58.25,39449064,2387256691,0.3701,-0.273925697654509,601318.SH
2025-11-20,58.05,58.15,56.97,57.0,68557969,4067315652,0.6431,-2.145922746781115,601318.SH
2025-11-23,57.24,57.28,56.46,56.5,53470919,3141756214,0.5016,-0.8771929824561431,601318.SH
2025-11-24,56.78,57.88,56.34,57.54,48777097,2887514429,0.4576,1.8407079646017621,601318.SH
2025-11-25,57.72,58.27,57.4,57.84,43469273,2598031333,0.4078,0.5213764337852034,601318.SH
2025-11-26,57.57,57.79,56.8,57.41,50570087,2993560813,0.4744,-0.7434301521438536,601318.SH
2025-11-27,57.29,57.37,56.61,57.08,43355814,2553839886,0.4067,-0.5748127503919176,601318.SH
2025-11-30,57.0,57.26,56.51,56.73,44580406,2614280156,0.4182,-0.6131744919411375,601318.SH
2025-12-01,56.89,57.47,56.55,56.89,37383734,2200530387,0.3507,0.28203772254540294,601318.SH
2025-12-02,56.84,57.1,56.26,56.46,33549447,1961924291,0.3147,-0.7558446124099172,601318.SH
2025-12-03,56.46,56.65,56.32,56.65,21766366,1271252461,0.2042,0.3365214311016551,601318.SH
2025-12-04,56.75,60.18,56.65,59.98,137794827,8385205488,1.2926,5.878199470432488,601318.SH
2025-12-07,60.03,61.73,59.99,61.34,102997868,6514118720,0.9662,2.267422474158054,601318.SH
2025-12-08,61.34,61.62,60.39,60.42,48373102,3044070518,0.4538,-1.4998369742419304,601318.SH
2025-12-09,60.63,61.01,60.11,60.52,44882218,2808948857,0.421,0.16550810989739428,601318.SH
2025-12-10,60.76,61.3,60.15,60.5,47796340,2990603756,0.4484,-0.03304692663582687,601318.SH
2025-12-11,60.53,62.01,60.38,61.84,109176025,6926125694,1.0242,2.2148760330578554,601318.SH
2025-12-14,61.61,65.25,61.46,64.9,154664260,10258390316,1.4509,4.9482535575679165,601318.SH
2025-12-15,64.55,65.9,64.01,64.83,105682134,7074646043,0.9914,-0.10785824345147521,601318.SH
2025-12-16,64.87,66.4,64.49,65.84,96211778,6513277291,0.9025,1.5579207157180308,601318.SH
2025-12-17,65.68,66.35,65.4,66.28,56360590,3839846393,0.5287,0.6682867557715744,601318.SH
2025-12-18,65.94,66.55,65.41,66.52,63847643,4363697642,0.5989,0.36210018105007347,601318.SH
2025-12-21,66.47,67.02,65.99,66.32,55694201,3824247200,0.5225,-0.30066145520144527,601318.SH
2025-12-22,66.34,67.96,66.13,67.24,76571991,5324655842,0.7183,1.3872135102533267,601318.SH
2025-12-23,66.93,67.13,66.13,66.79,51131950,3522990020,0.4797,-0.6692444973230072,601318.SH
2025-12-24,66.76,69.64,66.74,68.5,77789813,5513013481,0.7297,2.5602635125018702,601318.SH
2025-12-25,68.15,69.62,68.14,68.85,65701677,4689142906,0.6163,0.5109489051094762,601318.SH
2025-12-28,68.7,69.33,67.53,67.61,65566518,4622483554,0.6151,-1.801016702977476,601318.SH
2025-12-29,67.49,67.95,66.17,66.57,104667372,7226865062,0.9819,-1.5382339890548824,601318.SH
2025-12-30,66.55,66.98,65.94,66.18,45806869,3141993177,0.4297,-0.5858494817485127,601318.SH
2026-01-04,66.95,70.63,66.95,70.01,122883100,8824564893,1.1527,5.787246902387433,601318.SH
2026-01-05,70.05,72.45,70.05,71.91,146851648,10867519151,1.3776,2.713898014569338,601318.SH
2026-01-06,71.49,72.28,70.91,71.07,91969506,6796568402,0.8627,-1.168126825198168,601318.SH
2026-01-07,70.99,71.02,67.4,68.1,168539173,11969587226,1.581,-4.178978471929085,601318.SH
2026-01-08,68.31,68.97,66.03,66.76,206334825,14285738425,1.9356,-1.9676945668134938,601318.SH
2026-01-11,66.66,66.76,65.04,65.36,185166118,12546774433,1.737,-2.097064110245661,601318.SH
2026-01-12,65.6,67.71,65.58,65.99,150215050,10342110580,1.4091,0.9638922888616897,601318.SH
2026-01-13,66.13,66.69,64.65,64.83,143110900,9691268750,1.3425,-1.7578420972874653,601318.SH
2026-01-14,64.73,66.16,64.53,65.22,106661426,7195271140,1.0006,0.6015733456733008,601318.SH
2026-01-15,65.41,65.74,63.66,64.18,135609994,9017682809,1.2721,-1.5946028825513547,601318.SH
2026-01-18,64.13,64.78,63.77,64.15,83868106,5560566590,0.7868,-0.04674353381115548,601318.SH
2026-01-19,64.2,65.57,63.96,64.44,98849999,6611639902,0.9273,0.45206547155103305,601318.SH
2026-01-20,64.48,65.0,63.52,63.71,93540213,6198978527,0.8775,-1.1328367473618872,601318.SH
2026-01-21,63.98,64.42,62.43,62.7,114392226,7455922559,1.0731,-1.5853084288180774,601318.SH
2026-01-22,63.08,63.36,61.59,61.83,140769883,9048849720,1.3205,-1.3875598086124485,601318.SH
2026-01-25,61.92,64.1,61.7,62.06,201384596,13083521294,1.8891,0.3719877082322576,601318.SH
2026-01-26,62.22,64.2,62.18,63.19,150884105,9868833866,1.4154,1.820818562681259,601318.SH
2026-01-27,63.73,63.91,62.34,62.65,199285418,12952514678,1.8695,-0.854565595822121,601318.SH
2026-01-28,62.92,65.82,62.44,65.79,275571332,18287719695,2.5851,5.011971268954518,601318.SH
2026-01-29,65.8,66.46,64.24,64.58,160322836,10768334982,1.504,-1.8391852865177194,601318.SH
2026-02-01,64.2,66.11,63.6,63.88,135454854,9059867836,1.2707,-1.0839269123567585,601318.SH
2026-02-02,64.73,65.21,63.49,64.42,103322505,6862044454,0.9692,0.8453350031308648,601318.SH
2026-02-03,64.29,65.26,64.08,65.21,87740307,5866716207,0.8231,1.2263272275690573,601318.SH
2026-02-04,64.99,65.78,64.01,65.16,90819121,6088193606,0.852,-0.07667535654040103,601318.SH
2026-02-05,64.71,65.42,64.26,64.73,74927488,5011778788,0.7029,-0.6599140577041029,601318.SH
2026-02-08,65.26,66.86,64.93,66.47,102123690,6973342327,0.958,2.6880889850146694,601318.SH
2026-02-09,66.48,66.57,65.6,65.98,54873478,3743029914,0.5148,-0.7371746652625188,601318.SH
2026-02-10,66.04,66.45,64.88,65.31,61803197,4178546001,0.5798,-1.0154592300697152,601318.SH
2026-02-11,65.41,65.48,64.2,64.38,64637155,4320770033,0.6063,-1.4239779513091522,601318.SH
2026-02-12,64.0,64.2,62.95,63.17,84077184,5509966026,0.7887,-1.879465672569114,601318.SH
2026-02-23,63.64,64.1,62.28,62.41,80005314,5208399201,0.7505,-1.2031027386417703,601318.SH
2026-02-24,62.6,63.61,62.6,62.94,68355572,4452349687,0.6412,0.8492228809485747,601318.SH
2026-02-25,63.37,63.4,61.24,61.44,103614642,6614432347,0.972,-2.3832221163012424,601318.SH
2026-02-26,61.54,61.67,61.01,61.04,63301213,4006459826,0.5938,-0.651041666666663,601318.SH
2026-03-01,60.38,61.06,59.7,60.33,101086184,6295717498,0.9483,-1.163171690694631,601318.SH
2026-03-02,60.42,61.65,59.92,60.54,109553470,6885778079,1.0277,0.348085529587272,601318.SH
2026-03-03,60.18,60.53,58.68,59.78,100813361,6196271382,0.9457,-1.2553683515031389,601318.SH
2026-03-04,60.0,60.68,59.79,60.07,54636541,3404335407,0.5125,0.48511207761792186,601318.SH
2026-03-05,59.78,61.29,59.66,60.64,57463292,3590186818,0.5391,0.9488929582154082,601318.SH
2026-03-08,59.45,59.52,58.06,59.41,93036823,5663230289,0.8728,-2.028364116094994,601318.SH
2026-03-09,59.85,60.36,59.72,60.08,46218362,2866994902,0.4336,1.1277562699882226,601318.SH
2026-03-10,60.08,60.87,59.79,60.52,51727048,3234820115,0.4852,0.7323568575233086,601318.SH
2026-03-11,60.13,60.4,59.23,59.6,66854186,4123729384,0.6271,-1.5201586252478583,601318.SH
2026-03-12,59.38,59.86,59.1,59.21,45804107,2813751146,0.4297,-0.6543624161073791,601318.SH
2026-03-15,59.21,59.37,58.15,58.52,81859571,4946355959,0.7679,-1.1653436919439208,601318.SH
2026-03-16,58.62,60.76,58.61,59.83,90184988,5591874769,0.846,2.2385509227614397,601318.SH
2026-03-17,59.86,60.3,59.5,59.88,49047083,3034276337,0.4601,0.08357011532675873,601318.SH
2026-03-18,59.21,59.3,58.44,58.65,68472203,4158160919,0.6423,-2.0541082164328706,601318.SH
2026-03-19,58.83,58.92,57.76,57.8,62076703,3738267788,0.5823,-1.449275362318847,601318.SH
2026-03-22,56.99,57.09,55.38,55.61,125382261,7264101524,1.1762,-3.7889273356401354,601318.SH
2026-03-23,56.12,56.45,55.63,56.23,68186982,3949789641,0.6396,1.1149073907570584,601318.SH
2026-03-24,56.6,57.43,56.52,56.88,56238854,3309846362,0.5276,1.1559665658900986,601318.SH
2026-03-25,56.87,56.87,54.7,54.96,101189634,5801815138,0.9492,-3.3755274261603407,601318.SH
2026-03-26,55.01,55.53,54.59,55.1,83437858,4753261022,0.7827,0.2547307132459986,601318.SH
2026-03-29,54.51,54.71,54.03,54.5,73754441,4139267846,0.6919,-1.0889292196007316,601318.SH
2026-03-30,54.46,55.82,54.39,54.94,76411377,4363799010,0.7168,0.8073394495412778,601318.SH
2026-03-31,55.71,56.4,55.67,56.29,68403496,3964968442,0.6417,2.4572260647979682,601318.SH
2026-04-01,56.12,56.12,55.31,55.4,45979403,2642755831,0.4313,-1.5810978859477687,601318.SH
2026-04-02,55.71,55.9,55.38,55.39,34367765,1975820960,0.3224,-0.018050541516245744,601318.SH
2026-04-06,55.44,55.68,54.58,54.85,50385836,2865555758,0.4727,-0.9749052175482942,601318.SH
2026-04-07,56.12,57.71,56.12,57.52,112152704,6612867449,1.0521,4.8678213309024665,601318.SH
2026-04-08,57.09,57.09,56.41,56.83,57020126,3341224254,0.5349,-1.1995827538247683,601318.SH
2026-04-09,57.09,57.9,56.87,56.91,63791249,3778347094,0.5984,0.14077071969029742,601318.SH
2026-04-12,56.31,56.32,55.74,55.88,68454399,3959480166,0.6422,-1.8098752416095487,601318.SH
2026-04-13,56.34,57.28,56.24,57.06,67514220,3965283533,0.6333,2.111667859699362,601318.SH
2026-04-14,57.47,57.78,56.71,56.8,51371265,3032393651,0.4819,-0.4556607080266506,601318.SH
2026-04-15,56.8,57.11,56.36,56.62,54436786,3190206251,0.5107,-0.31690140845069825,601318.SH
2026-04-16,56.5,56.5,55.74,56.04,61232384,3550736121,0.5744,-1.0243730130695794,601318.SH
2026-04-19,55.99,56.77,55.87,56.64,63343688,3690691462,0.5942,1.0706638115631772,601318.SH
2026-04-20,56.64,57.19,56.15,56.15,54402036,3179298446,0.5103,-0.8651129943502811,601318.SH
2026-04-21,56.15,56.7,55.78,56.15,57957025,3364574054,0.5437,0.0,601318.SH
2026-04-22,56.1,56.68,55.66,56.0,66117405,3829528934,0.6202,-0.2671415850400649,601318.SH
2026-04-23,55.84,56.09,55.21,55.91,55400204,3188079037,0.5197,-0.1607142857142918,601318.SH
2026-04-26,55.92,56.65,55.6,55.68,64067076,3708625921,0.601,-0.41137542478983935,601318.SH
2026-04-27,55.61,56.22,55.34,55.76,62460231,3597829250,0.5859,0.1436781609195359,601318.SH
2026-04-28,55.75,57.66,55.72,57.5,160931457,9481901998,1.5097,3.120516499282644,601318.SH
2026-04-29,57.2,58.63,57.2,57.44,106301044,6353995428,0.9972,-0.10434782608695903,601318.SH
2026-05-05,57.45,57.9,57.13,57.43,90508315,5373455216,0.849,-0.017409470752083323,601318.SH
2026-05-06,57.67,59.13,57.67,58.09,131374821,7920220894,1.2324,1.149225143653143,601318.SH
2026-05-07,57.96,58.3,57.8,58.11,73204919,4392260153,0.6867,0.03442933379238511,601318.SH
2026-05-10,57.84,58.59,57.34,58.15,96199074,5766761256,0.9024,0.06883496816383339,601318.SH
2026-05-11,58.15,58.54,57.33,57.47,69000725,4123942070,0.6473,-1.169389509888219,601318.SH
2026-05-12,57.4,57.69,55.76,56.16,103434508,6026385945,0.9703,-2.2794501479032614,601318.SH
2026-05-13,56.37,56.62,55.01,55.05,90718667,5211793925,0.851,-1.9764957264957306,601318.SH
2026-05-14,55.13,55.29,53.5,53.7,118190376,6613205579,1.1087,-2.4523160762942697,601318.SH
2026-05-17,53.6,53.66,52.63,53.11,81041545,4441031983,0.7602,-1.098696461824955,601318.SH
2026-05-18,53.22,53.42,52.36,52.71,83912239,4578893673,0.7872,-0.753153831670117,601318.SH
2026-05-19,52.63,52.63,52.08,52.35,74388923,4022984705,0.6978,-0.6829823562891302,601318.SH
2026-05-20,52.68,53.53,51.94,52.02,103593084,5646669982,0.9718,-0.6303724928366727,601318.SH
2026-05-21,52.35,52.44,51.73,51.94,66969933,3603724584,0.6282,-0.15378700499808495,601318.SH
2026-05-24,52.08,53.2,51.84,52.46,86797664,4694584484,0.8142,1.0011551790527484,601318.SH
2026-05-25,52.39,53.31,52.14,52.51,91000989,4946050442,0.8537,0.09531071292412374,601318.SH
2026-05-26,52.52,52.53,51.34,51.54,86201148,4614798491,0.8086,-1.8472671872024393,601318.SH
2026-05-27,51.53,51.67,50.46,50.77,87560016,4602192065,0.8214,-1.4939852541715148,601318.SH
2026-05-28,50.88,51.94,50.81,51.76,100011258,5326303204,0.9382,1.9499704549930996,601318.SH
2026-05-31,51.75,52.34,51.43,52.1,77530660,4162422693,0.7273,0.6568778979907375,601318.SH
2026-06-01,52.11,52.78,51.88,52.33,78494104,4245154925,0.7363,0.44145873320535767,601318.SH
2026-06-02,52.31,52.44,51.76,51.96,62506613,3361445868,0.5864,-0.7070514045480536,601318.SH
2026-06-03,51.87,52.33,51.32,51.5,57622588,3084164360,0.5405,-0.8852963818321791,601318.SH
2026-06-04,51.57,52.81,51.51,51.74,93716510,5047248522,0.8791,0.46601941747572706,601318.SH
2026-06-07,51.34,52.21,51.18,51.65,72054031,3845596526,0.6759,-0.17394665635872553,601318.SH
2026-06-08,51.45,52.3,51.43,52.18,71003001,3811033908,0.6661,1.0261374636979737,601318.SH
2026-06-09,52.25,53.48,52.1,53.22,90323526,4779498278,0.8473,1.9931008049060894,601318.SH
2026-06-10,53.22,53.97,52.35,52.64,64764147,3426033713,0.6075,-1.0898158586997386,601318.SH
2026-06-11,52.46,54.24,52.11,54.01,110295254,5923966809,1.0347,2.602583586626128,601318.SH
2026-06-14,54.3,55.96,53.8,54.23,101057655,5527730148,0.948,0.40733197556008793,601318.SH
2026-06-15,53.99,54.09,52.75,52.99,81250790,4325837393,0.7622,-2.286557256131283,601318.SH
2026-06-16,53.24,53.34,52.5,52.76,65390576,3453554961,0.6134,-0.43404415927533746,601318.SH
2026-06-17,52.59,52.64,49.37,49.38,217832108,10954978558,2.0434,-6.4063684609552585,601318.SH
2026-06-21,49.39,52.29,48.66,51.98,172497232,8759839755,1.6182,5.265289590927491,601318.SH
2026-06-22,51.46,52.43,50.11,50.4,122011590,6233635916,1.1446,-3.0396306271642914,601318.SH
2026-06-23,50.69,50.88,49.03,49.12,109415765,5415518285,1.0264,-2.5396825396825418,601318.SH
2026-06-24,48.75,50.46,48.56,49.3,121452277,5996134269,1.1393,0.3664495114006572,601318.SH
2026-06-25,49.29,49.49,47.2,47.23,142644108,6823881221,1.3381,-4.198782961460445,601318.SH
