date,open,high,low,close,volume,amount,turn,pct_change,windcode
2020-01-01,4.12,4.19,4.11,4.15,234949397,1404442753,0.09,,601398.SH
2020-01-02,4.15,4.19,4.14,4.17,152213047,911951562,0.06,0.48192771084336616,601398.SH
2020-01-05,4.14,4.21,4.14,4.15,226509705,1359917424,0.08,-0.47961630695442237,601398.SH
2020-01-06,4.16,4.2,4.16,4.18,116804353,701615827,0.04,0.7228915662650381,601398.SH
2020-01-07,4.14,4.15,4.1,4.11,158559090,940552725,0.06,-1.6746411483253398,601398.SH
2020-01-08,4.14,4.14,4.09,4.11,137713429,813806686,0.05,0.0,601398.SH
2020-01-09,4.11,4.12,4.07,4.11,97837773,576580178,0.04,0.0,601398.SH
2020-01-12,4.1,4.12,4.08,4.12,108991003,642791834,0.04,0.24330900243307862,601398.SH
2020-01-13,4.12,4.14,4.11,4.13,136770059,812389848,0.05,0.24271844660193054,601398.SH
2020-01-14,4.12,4.13,4.08,4.09,128890756,759512875,0.05,-0.9685230024213065,601398.SH
2020-01-15,4.08,4.1,4.03,4.03,269031351,1572007903,0.1,-1.4669926650366705,601398.SH
2020-01-16,4.04,4.06,4.03,4.05,103949027,605076653,0.04,0.4962779156327368,601398.SH
2020-01-19,4.04,4.07,4.03,4.06,103339962,602786615,0.04,0.24691358024691024,601398.SH
2020-01-20,4.05,4.05,4.01,4.01,143223669,828268482,0.05,-1.231527093596052,601398.SH
2020-01-21,4.01,4.03,3.97,4.03,128370788,738870049,0.05,0.4987531172069959,601398.SH
2020-01-22,4.01,4.02,3.96,3.98,200037655,1146238550,0.07,-1.2406947890818976,601398.SH
2020-02-02,3.69,3.88,3.69,3.77,468039902,2524272183,0.17,-5.276381909547734,601398.SH
2020-02-03,3.75,3.85,3.73,3.82,401385261,2178867252,0.15,1.3262599469495928,601398.SH
2020-02-04,3.82,3.84,3.77,3.82,250853805,1374458723,0.09,0.0,601398.SH
2020-02-05,3.82,3.85,3.78,3.82,280995429,1538957671,0.1,0.0,601398.SH
2020-02-06,3.8,3.8,3.76,3.78,237318996,1288428158,0.09,-1.0471204188481686,601398.SH
2020-02-09,3.76,3.78,3.74,3.77,190238633,1027646561,0.07,-0.2645502645502562,601398.SH
2020-02-10,3.78,3.8,3.76,3.8,198498450,1081002724,0.07,0.7957559681697646,601398.SH
2020-02-11,3.8,3.8,3.77,3.8,203914433,1109148701,0.08,0.0,601398.SH
2020-02-12,3.79,3.79,3.76,3.76,199565762,1082005691,0.07,-1.0526315789473717,601398.SH
2020-02-13,3.76,3.78,3.75,3.78,141576448,767126663,0.05,0.5319148936170137,601398.SH
2020-02-16,3.77,3.82,3.76,3.82,214194906,1169117310,0.08,1.0582010582010692,601398.SH
2020-02-17,3.8,3.81,3.78,3.8,184542440,1007061194,0.07,-0.5235602094240788,601398.SH
2020-02-18,3.79,3.82,3.79,3.81,204052382,1115986859,0.08,0.263157894736854,601398.SH
2020-02-19,3.81,3.84,3.78,3.83,283668091,1552477582,0.11,0.5249343832020914,601398.SH
2020-02-20,3.82,3.84,3.8,3.82,223710293,1228187059,0.08,-0.26109660574412663,601398.SH
2020-02-23,3.81,3.82,3.78,3.78,193329190,1053685893,0.07,-1.0471204188481686,601398.SH
2020-02-24,3.76,3.77,3.75,3.76,230133275,1243466243,0.09,-0.5291005291005346,601398.SH
2020-02-25,3.74,3.78,3.73,3.76,257968813,1393315557,0.1,0.0,601398.SH
2020-02-26,3.76,3.77,3.75,3.76,222555623,1202215361,0.08,0.0,601398.SH
2020-02-27,3.73,3.74,3.67,3.69,422937146,2256218764,0.16,-1.8617021276595702,601398.SH
2020-03-01,3.69,3.73,3.68,3.73,239902317,1279829481,0.09,1.084010840108407,601398.SH
2020-03-02,3.73,3.76,3.72,3.74,255403193,1374004536,0.09,0.2680965147453085,601398.SH
2020-03-03,3.73,3.75,3.73,3.75,134281589,721906815,0.05,0.2673796791443861,601398.SH
2020-03-04,3.76,3.8,3.74,3.8,330539755,1794965702,0.12,1.3333333333333197,601398.SH
2020-03-05,3.77,3.78,3.75,3.76,195949873,1059304456,0.07,-1.0526315789473717,601398.SH
2020-03-08,3.71,3.72,3.69,3.69,288062025,1532677429,0.11,-1.8617021276595702,601398.SH
2020-03-09,3.68,3.73,3.68,3.73,250820767,1336201306,0.09,1.084010840108407,601398.SH
2020-03-10,3.72,3.73,3.7,3.7,169406955,904475654,0.06,-0.8042895442359144,601398.SH
2020-03-11,3.69,3.7,3.66,3.68,246296488,1303003586,0.09,-0.5405405405405461,601398.SH
2020-03-12,3.59,3.66,3.57,3.63,299724107,1553653695,0.11,-1.3586956521739246,601398.SH
2020-03-15,3.63,3.68,3.57,3.6,304466305,1586443700,0.11,-0.8264462809917328,601398.SH
2020-03-16,3.59,3.64,3.56,3.6,257712932,1329255603,0.1,0.0,601398.SH
2020-03-17,3.6,3.62,3.55,3.55,202506811,1045181428,0.08,-1.388888888888895,601398.SH
2020-03-18,3.55,3.56,3.43,3.47,289884968,1452206739,0.11,-2.2535211267605493,601398.SH
2020-03-19,3.49,3.55,3.48,3.53,212513611,1073508058,0.08,1.7291066282420609,601398.SH
2020-03-22,3.48,3.5,3.46,3.47,139989311,699169083,0.05,-1.6997167138810054,601398.SH
2020-03-23,3.49,3.56,3.49,3.56,230331606,1166514215,0.09,2.5936599423631135,601398.SH
2020-03-24,3.6,3.6,3.55,3.6,232178619,1195478388,0.09,1.1235955056179803,601398.SH
2020-03-25,3.57,3.63,3.55,3.6,155612848,805142973,0.06,0.0,601398.SH
2020-03-26,3.62,3.65,3.6,3.62,172736492,901046977,0.06,0.5555555555555536,601398.SH
2020-03-29,3.6,3.64,3.58,3.63,195388477,1016609263,0.07,0.2762430939226457,601398.SH
2020-03-30,3.63,3.64,3.56,3.58,176103197,912323378,0.07,-1.377410468319551,601398.SH
2020-03-31,3.58,3.61,3.57,3.59,101858447,525623743,0.04,0.27932960893854997,601398.SH
2020-04-01,3.57,3.61,3.55,3.61,122885637,632366527,0.05,0.557103064066844,601398.SH
2020-04-02,3.59,3.6,3.56,3.57,109604624,564119678,0.04,-1.1080332409972304,601398.SH
2020-04-06,3.6,3.61,3.57,3.59,170301628,878022933,0.06,0.5602240896358524,601398.SH
2020-04-07,3.57,3.58,3.56,3.57,103474315,531023692,0.04,-0.5571030640668551,601398.SH
2020-04-08,3.57,3.58,3.56,3.57,73582092,377790164,0.03,0.0,601398.SH
2020-04-09,3.57,3.57,3.55,3.55,97806890,500477715,0.04,-0.5602240896358524,601398.SH
2020-04-12,3.55,3.57,3.54,3.55,85508709,436405778,0.03,0.0,601398.SH
2020-04-13,3.55,3.57,3.55,3.56,88321771,451932583,0.03,0.28169014084507005,601398.SH
2020-04-14,3.55,3.57,3.55,3.57,94603541,484407191,0.04,0.2808988764044784,601398.SH
2020-04-15,3.55,3.57,3.55,3.56,70063172,358394225,0.03,-0.2801120448179262,601398.SH
2020-04-16,3.57,3.6,3.55,3.58,138244872,710819554,0.05,0.561797752808979,601398.SH
2020-04-19,3.57,3.58,3.56,3.56,103808722,532094032,0.04,-0.5586592178770999,601398.SH
2020-04-20,3.55,3.56,3.53,3.53,117604888,598287912,0.04,-0.8426966292134908,601398.SH
2020-04-21,3.53,3.55,3.51,3.54,87658356,445105983,0.03,0.2832861189801861,601398.SH
2020-04-22,3.54,3.54,3.51,3.53,103342243,523778033,0.04,-0.28248587570621764,601398.SH
2020-04-23,3.52,3.53,3.5,3.51,68795221,347600182,0.03,-0.5665722379603388,601398.SH
2020-04-26,3.51,3.55,3.51,3.54,117299682,596976653,0.04,0.8547008547008517,601398.SH
2020-04-27,3.54,3.56,3.5,3.55,150513612,766309872,0.06,0.28248587570620654,601398.SH
2020-04-28,3.55,3.58,3.53,3.58,121079635,621183010,0.04,0.8450704225352101,601398.SH
2020-04-29,3.58,3.6,3.57,3.6,104063910,537925254,0.04,0.5586592178770999,601398.SH
2020-05-05,3.56,3.56,3.53,3.55,162061217,826750780,0.06,-1.388888888888895,601398.SH
2020-05-06,3.55,3.55,3.54,3.55,78898187,402339514,0.03,0.0,601398.SH
2020-05-07,3.55,3.56,3.54,3.55,114827797,586300547,0.04,0.0,601398.SH
2020-05-10,3.55,3.57,3.55,3.57,113051885,579421726,0.04,0.5633802816901401,601398.SH
2020-05-11,3.57,3.58,3.55,3.57,101632081,521289496,0.04,0.0,601398.SH
2020-05-12,3.56,3.57,3.55,3.57,55628021,284796153,0.02,0.0,601398.SH
2020-05-13,3.56,3.57,3.54,3.55,81152500,414442713,0.03,-0.5602240896358524,601398.SH
2020-05-14,3.55,3.56,3.53,3.54,95906130,488458006,0.04,-0.28169014084505895,601398.SH
2020-05-17,3.54,3.55,3.53,3.55,93617881,476194382,0.03,0.28248587570620654,601398.SH
2020-05-18,3.56,3.57,3.55,3.56,136180096,696256254,0.05,0.28169014084507005,601398.SH
2020-05-19,3.55,3.56,3.55,3.56,86764868,443325188,0.03,0.0,601398.SH
2020-05-20,3.56,3.57,3.55,3.55,81003105,414491659,0.03,-0.2808988764045006,601398.SH
2020-05-21,3.55,3.55,3.51,3.51,143377084,727859693,0.05,-1.1267605633802802,601398.SH
2020-05-24,3.52,3.55,3.5,3.54,105506493,535413169,0.04,0.8547008547008517,601398.SH
2020-05-25,3.55,3.55,3.53,3.53,92522125,471204943,0.03,-0.28248587570621764,601398.SH
2020-05-26,3.53,3.57,3.53,3.56,119594005,611685990,0.04,0.8498583569405138,601398.SH
2020-05-27,3.56,3.6,3.56,3.6,145728739,751332007,0.05,1.1235955056179803,601398.SH
2020-05-28,3.57,3.58,3.55,3.56,125761411,644333222,0.05,-1.1111111111111072,601398.SH
2020-05-31,3.57,3.59,3.56,3.59,105007887,540140879,0.04,0.8426966292134797,601398.SH
2020-06-01,3.58,3.61,3.57,3.61,152829199,788749046,0.06,0.557103064066844,601398.SH
2020-06-02,3.62,3.64,3.6,3.61,134546779,700101340,0.05,0.0,601398.SH
2020-06-03,3.62,3.62,3.6,3.6,76394115,396059493,0.03,-0.27700831024930483,601398.SH
2020-06-04,3.61,3.63,3.59,3.62,109865757,569906514,0.04,0.5555555555555536,601398.SH
2020-06-07,3.63,3.66,3.62,3.64,170929414,894672989,0.06,0.5524861878453136,601398.SH
2020-06-08,3.64,3.67,3.64,3.66,118676521,624176016,0.04,0.5494505494505475,601398.SH
2020-06-09,3.66,3.67,3.65,3.66,130116167,685774219,0.05,0.0,601398.SH
2020-06-10,3.66,3.69,3.64,3.66,201954547,1065079808,0.07,0.0,601398.SH
2020-06-11,3.64,3.7,3.62,3.63,379726025,2002673521,0.14,-0.819672131147553,601398.SH
2020-06-14,3.64,3.69,3.64,3.64,216077601,1137899837,0.08,0.27548209366392573,601398.SH
2020-06-15,3.66,3.69,3.66,3.69,123037983,650847977,0.05,1.3736263736263687,601398.SH
2020-06-16,3.67,3.69,3.65,3.66,87984468,463475830,0.03,-0.8130081300812941,601398.SH
2020-06-17,3.62,3.63,3.59,3.61,210965506,1095065086,0.08,-1.3661202185792476,601398.SH
2020-06-18,3.6,3.62,3.58,3.62,198605088,1029454851,0.07,0.27700831024930483,601398.SH
2020-06-21,3.62,3.63,3.59,3.59,156983957,814365099,0.06,-0.8287292817679592,601398.SH
2020-06-22,3.59,3.59,3.56,3.57,179893542,924358314,0.07,-0.5571030640668551,601398.SH
2020-06-23,3.58,3.64,3.57,3.63,194172776,1008333086,0.07,1.680672268907557,601398.SH
2020-06-28,3.67,3.69,3.62,3.65,300096304,1574885416,0.11,0.5509641873278293,601398.SH
2020-06-29,3.66,3.68,3.63,3.64,213559908,1064429272,0.08,-0.2739726027397249,601398.SH
2020-06-30,3.64,3.65,3.6,3.65,195342430,968080285,0.07,0.27472527472527375,601398.SH
2020-07-01,3.64,3.71,3.63,3.7,333639508,1672846064,0.12,1.3698630136986356,601398.SH
2020-07-02,3.7,3.79,3.7,3.78,349460778,1791281772,0.13,2.1621621621621623,601398.SH
2020-07-05,3.8,4.1,3.8,4.1,746359638,4044172401,0.28,8.465608465608465,601398.SH
2020-07-06,4.15,4.28,4.07,4.07,622456480,3518396225,0.23,-0.7317073170731603,601398.SH
2020-07-07,4.04,4.09,3.94,4.0,613051056,3357353297,0.23,-1.7199017199017286,601398.SH
2020-07-08,3.97,3.99,3.91,3.94,569342048,3064469064,0.21,-1.5000000000000013,601398.SH
2020-07-09,3.92,3.93,3.8,3.82,626079327,3302585366,0.23,-3.0456852791878153,601398.SH
2020-07-12,3.8,3.84,3.78,3.81,608928410,3167529369,0.23,-0.2617801047120394,601398.SH
2020-07-13,3.8,3.8,3.75,3.76,463922050,2397441231,0.17,-1.3123359580052618,601398.SH
2020-07-14,3.78,3.79,3.71,3.72,461149414,2355023798,0.17,-1.0638297872340274,601398.SH
2020-07-15,3.72,3.75,3.69,3.7,492285809,2505984420,0.18,-0.5376344086021501,601398.SH
2020-07-16,3.7,3.72,3.68,3.7,297529798,1504161297,0.11,0.0,601398.SH
2020-07-19,3.71,3.76,3.69,3.75,386592363,1974500422,0.14,1.3513513513513375,601398.SH
2020-07-20,3.75,3.76,3.72,3.73,226253759,1154453551,0.08,-0.5333333333333301,601398.SH
2020-07-21,3.73,3.76,3.71,3.72,292661107,1493366737,0.11,-0.2680965147452974,601398.SH
2020-07-22,3.71,3.72,3.67,3.68,375136563,1890158446,0.14,-1.0752688172043001,601398.SH
2020-07-23,3.68,3.68,3.63,3.64,363761006,1817042791,0.13,-1.0869565217391353,601398.SH
2020-07-26,3.64,3.66,3.62,3.64,217634490,1082016314,0.08,0.0,601398.SH
2020-07-27,3.65,3.66,3.63,3.64,174844591,870345478,0.06,0.0,601398.SH
2020-07-28,3.64,3.67,3.61,3.67,275856664,1375574099,0.1,0.8241758241758212,601398.SH
2020-07-29,3.67,3.67,3.64,3.64,153782861,768439793,0.06,-0.8174386920980825,601398.SH
2020-07-30,3.64,3.67,3.62,3.63,254967287,1268345180,0.09,-0.27472527472528485,601398.SH
2020-08-02,3.64,3.66,3.63,3.64,244686781,1217707580,0.09,0.27548209366392573,601398.SH
2020-08-03,3.65,3.71,3.64,3.69,401220469,2015491478,0.15,1.3736263736263687,601398.SH
2020-08-04,3.67,3.68,3.65,3.66,205232006,1027991586,0.08,-0.8130081300812941,601398.SH
2020-08-05,3.67,3.68,3.64,3.67,209927052,1049299499,0.08,0.2732240437158362,601398.SH
2020-08-06,3.67,3.67,3.64,3.64,192143281,957716708,0.07,-0.8174386920980825,601398.SH
2020-08-09,3.64,3.66,3.63,3.65,200986917,1001722875,0.07,0.27472527472527375,601398.SH
2020-08-10,3.64,3.67,3.64,3.64,276724552,1383596404,0.1,-0.2739726027397249,601398.SH
2020-08-11,3.64,3.65,3.63,3.65,225612404,1121910727,0.08,0.27472527472527375,601398.SH
2020-08-12,3.64,3.66,3.64,3.64,116382932,580121567,0.04,-0.2739726027397249,601398.SH
2020-08-13,3.64,3.67,3.64,3.67,208584453,1042149480,0.08,0.8241758241758212,601398.SH
2020-08-16,3.67,3.74,3.67,3.72,548693326,2783708791,0.2,1.3623978201634968,601398.SH
2020-08-17,3.72,3.72,3.69,3.69,237195504,1199875631,0.09,-0.8064516129032362,601398.SH
2020-08-18,3.7,3.71,3.68,3.68,163005140,821836841,0.06,-0.27100271002709064,601398.SH
2020-08-19,3.67,3.68,3.65,3.66,164245323,821731215,0.06,-0.5434782608695676,601398.SH
2020-08-20,3.67,3.67,3.65,3.67,130184483,651086296,0.05,0.2732240437158362,601398.SH
2020-08-23,3.67,3.67,3.65,3.65,120078607,600551218,0.04,-0.544959128065392,601398.SH
2020-08-24,3.66,3.67,3.64,3.66,154898745,773465195,0.06,0.273972602739736,601398.SH
2020-08-25,3.66,3.66,3.64,3.64,151462246,754742689,0.06,-0.5464480874316946,601398.SH
2020-08-26,3.64,3.64,3.63,3.64,141665658,703831745,0.05,0.0,601398.SH
2020-08-27,3.64,3.67,3.63,3.66,210367849,1048187711,0.08,0.5494505494505475,601398.SH
2020-08-30,3.65,3.67,3.63,3.63,263148438,1312043186,0.1,-0.819672131147553,601398.SH
2020-08-31,3.63,3.64,3.61,3.63,156648375,776360132,0.06,0.0,601398.SH
2020-09-01,3.63,3.63,3.6,3.6,272900852,1345657210,0.1,-0.8264462809917328,601398.SH
2020-09-02,3.6,3.61,3.58,3.59,183967179,903223968,0.07,-0.2777777777777879,601398.SH
2020-09-03,3.58,3.59,3.57,3.58,140939398,689451433,0.05,-0.278551532033422,601398.SH
2020-09-06,3.58,3.6,3.57,3.58,152562738,748340493,0.06,0.0,601398.SH
2020-09-07,3.58,3.63,3.58,3.62,199548082,984987767,0.07,1.1173184357541999,601398.SH
2020-09-08,3.61,3.62,3.6,3.61,161334069,796614938,0.06,-0.2762430939226568,601398.SH
2020-09-09,3.61,3.62,3.58,3.59,144437836,710761036,0.05,-0.5540166204986208,601398.SH
2020-09-10,3.58,3.62,3.58,3.61,149430213,735936771,0.06,0.557103064066844,601398.SH
2020-09-13,3.61,3.61,3.59,3.61,102757121,505351326,0.04,0.0,601398.SH
2020-09-14,3.6,3.61,3.59,3.6,82808103,407040417,0.03,-0.27700831024930483,601398.SH
2020-09-15,3.6,3.61,3.58,3.61,107615627,530226172,0.04,0.2777777777777768,601398.SH
2020-09-16,3.61,3.62,3.6,3.61,120886368,596571628,0.04,0.0,601398.SH
2020-09-17,3.62,3.64,3.61,3.64,260734428,1293690927,0.1,0.8310249307479367,601398.SH
2020-09-20,3.64,3.65,3.61,3.63,121766522,604081552,0.05,-0.27472527472528485,601398.SH
2020-09-21,3.62,3.63,3.6,3.61,109705020,542057884,0.04,-0.5509641873278293,601398.SH
2020-09-22,3.61,3.61,3.59,3.6,100583616,495260688,0.04,-0.27700831024930483,601398.SH
2020-09-23,3.59,3.6,3.57,3.58,126596512,619885384,0.05,-0.5555555555555536,601398.SH
2020-09-24,3.58,3.59,3.57,3.58,108001750,528791477,0.04,0.0,601398.SH
2020-09-27,3.58,3.61,3.57,3.61,163464701,803113059,0.06,0.8379888268156277,601398.SH
2020-09-28,3.61,3.62,3.59,3.59,115613449,570003173,0.04,-0.5540166204986208,601398.SH
2020-09-29,3.6,3.62,3.59,3.6,151234271,745278042,0.06,0.278551532033422,601398.SH
2020-10-08,3.61,3.61,3.59,3.59,128998422,635218844,0.05,-0.2777777777777879,601398.SH
2020-10-11,3.6,3.64,3.59,3.63,252543847,1248536339,0.09,1.1142061281337101,601398.SH
2020-10-12,3.62,3.63,3.59,3.6,167433669,825268306,0.06,-0.8264462809917328,601398.SH
2020-10-13,3.6,3.61,3.59,3.6,140848926,692484410,0.05,0.0,601398.SH
2020-10-14,3.6,3.62,3.58,3.61,201150932,992203997,0.07,0.2777777777777768,601398.SH
2020-10-15,3.6,3.67,3.6,3.65,500955753,2496968034,0.19,1.1080332409972415,601398.SH
2020-10-18,3.65,3.72,3.64,3.67,345816276,1741740680,0.13,0.5479452054794498,601398.SH
2020-10-19,3.67,3.67,3.62,3.64,240689629,1197285748,0.09,-0.8174386920980825,601398.SH
2020-10-20,3.64,3.71,3.62,3.69,325876182,1637539375,0.12,1.3736263736263687,601398.SH
2020-10-21,3.69,3.71,3.67,3.7,191063454,963485741,0.07,0.27100271002711285,601398.SH
2020-10-22,3.69,3.72,3.68,3.7,235615563,1193368824,0.09,0.0,601398.SH
2020-10-25,3.7,3.71,3.67,3.67,179783563,905802521,0.07,-0.8108108108108136,601398.SH
2020-10-26,3.67,3.69,3.66,3.68,159795896,801971542,0.06,0.2724795640327127,601398.SH
2020-10-27,3.67,3.68,3.64,3.66,182063873,910381917,0.07,-0.5434782608695676,601398.SH
2020-10-28,3.64,3.65,3.62,3.63,167446150,831255143,0.06,-0.819672131147553,601398.SH
2020-10-29,3.63,3.64,3.59,3.6,210764327,1040631799,0.08,-0.8264462809917328,601398.SH
2020-11-01,3.6,3.62,3.59,3.61,157226709,775279272,0.06,0.2777777777777768,601398.SH
2020-11-02,3.62,3.64,3.61,3.62,135357406,671170596,0.05,0.27700831024930483,601398.SH
2020-11-03,3.64,3.64,3.61,3.62,146498496,726041151,0.05,0.0,601398.SH
2020-11-04,3.64,3.65,3.61,3.62,163734975,811620262,0.06,0.0,601398.SH
2020-11-05,3.62,3.64,3.61,3.63,165958743,822468060,0.06,0.2762430939226457,601398.SH
2020-11-08,3.64,3.65,3.63,3.64,225602124,1122494987,0.08,0.27548209366392573,601398.SH
2020-11-09,3.67,3.69,3.66,3.67,259168387,1300974713,0.1,0.8241758241758212,601398.SH
2020-11-10,3.67,3.72,3.66,3.71,309611502,1564938518,0.11,1.089918256130784,601398.SH
2020-11-11,3.7,3.7,3.67,3.67,139875220,702982495,0.05,-1.0781671159029615,601398.SH
2020-11-12,3.67,3.67,3.62,3.63,192265408,955481766,0.07,-1.0899182561307952,601398.SH
2020-11-15,3.64,3.65,3.63,3.64,128241596,637821655,0.05,0.27548209366392573,601398.SH
2020-11-16,3.64,3.66,3.64,3.66,122033280,608551314,0.05,0.5494505494505475,601398.SH
2020-11-17,3.66,3.69,3.64,3.68,193561819,972693582,0.07,0.5464480874316946,601398.SH
2020-11-18,3.67,3.69,3.67,3.69,154569394,778151977,0.06,0.27173913043476716,601398.SH
2020-11-19,3.69,3.7,3.67,3.68,126572054,636625580,0.05,-0.27100271002709064,601398.SH
2020-11-22,3.67,3.72,3.67,3.71,282580046,1428218316,0.1,0.8152173913043459,601398.SH
2020-11-23,3.71,3.72,3.69,3.69,189318043,959879197,0.07,-0.5390835579514808,601398.SH
2020-11-24,3.72,3.74,3.69,3.69,200292965,1017147724,0.07,0.0,601398.SH
2020-11-25,3.69,3.73,3.68,3.72,197392278,1002567142,0.07,0.8130081300813163,601398.SH
2020-11-26,3.74,3.94,3.74,3.94,929749513,4879296144,0.34,5.913978494623651,601398.SH
2020-11-29,3.99,4.13,3.88,3.89,1245663654,6850764187,0.46,-1.269035532994922,601398.SH
2020-11-30,3.88,4.02,3.86,4.0,530373631,2868661473,0.2,2.8277634961439535,601398.SH
2020-12-01,3.98,4.05,3.91,3.99,351809633,1915490212,0.13,-0.24999999999999467,601398.SH
2020-12-02,3.99,4.01,3.91,3.94,278801930,1502313598,0.1,-1.253132832080206,601398.SH
2020-12-03,3.94,3.94,3.82,3.88,330280502,1743943250,0.12,-1.5228426395939132,601398.SH
2020-12-06,3.87,3.9,3.78,3.8,275402306,1438818983,0.1,-2.0618556701030966,601398.SH
2020-12-07,3.8,3.82,3.74,3.75,266106433,1368985714,0.1,-1.3157894736842035,601398.SH
2020-12-08,3.76,3.78,3.72,3.73,243722631,1248006372,0.09,-0.5333333333333301,601398.SH
2020-12-09,3.73,3.74,3.69,3.7,259472652,1313829152,0.1,-0.8042895442359144,601398.SH
2020-12-10,3.7,3.72,3.67,3.72,279273263,1408322766,0.1,0.540540540540535,601398.SH
2020-12-13,3.71,3.72,3.68,3.69,272105952,1375565026,0.1,-0.8064516129032362,601398.SH
2020-12-14,3.69,3.69,3.64,3.67,340751820,1703696313,0.13,-0.5420054200542035,601398.SH
2020-12-15,3.67,3.69,3.65,3.66,266067496,1333083487,0.1,-0.27247956403269047,601398.SH
2020-12-16,3.66,3.69,3.63,3.68,331127867,1653433805,0.12,0.5464480874316946,601398.SH
2020-12-17,3.67,3.68,3.64,3.66,219772170,1098952028,0.08,-0.5434782608695676,601398.SH
2020-12-20,3.67,3.67,3.64,3.66,205828822,1029138053,0.08,0.0,601398.SH
2020-12-21,3.65,3.66,3.6,3.61,365749394,1813673040,0.14,-1.3661202185792476,601398.SH
2020-12-22,3.61,3.64,3.61,3.63,219146383,1083275738,0.08,0.5540166204986097,601398.SH
2020-12-23,3.63,3.64,3.61,3.63,122262763,606453338,0.05,0.0,601398.SH
2020-12-24,3.63,3.64,3.62,3.64,153283872,760124137,0.06,0.27548209366392573,601398.SH
2020-12-27,3.63,3.64,3.61,3.64,231926812,1148788802,0.09,0.0,601398.SH
2020-12-28,3.64,3.64,3.62,3.64,254202319,1262344538,0.09,0.0,601398.SH
2020-12-29,3.64,3.64,3.61,3.63,254078489,1258737039,0.09,-0.27472527472528485,601398.SH
2020-12-30,3.62,3.67,3.62,3.65,310003990,1545155692,0.11,0.5509641873278293,601398.SH
2021-01-03,3.64,3.67,3.62,3.67,353951177,1762309487,0.13,0.5479452054794498,601398.SH
2021-01-04,3.65,3.65,3.61,3.64,371010370,1839470542,0.14,-0.8174386920980825,601398.SH
2021-01-05,3.63,3.64,3.62,3.64,346318359,1717383498,0.13,0.0,601398.SH
2021-01-06,3.64,3.66,3.62,3.66,319047400,1587574808,0.12,0.5494505494505475,601398.SH
2021-01-07,3.66,3.68,3.64,3.66,342202983,1710555285,0.13,0.0,601398.SH
2021-01-10,3.66,3.69,3.64,3.65,495651500,2483547360,0.18,-0.2732240437158584,601398.SH
2021-01-11,3.65,3.67,3.63,3.67,350495697,1745570165,0.13,0.5479452054794498,601398.SH
2021-01-12,3.68,3.7,3.66,3.7,404644202,2037164963,0.15,0.8174386920980936,601398.SH
2021-01-13,3.69,3.77,3.69,3.72,388409548,1975738477,0.14,0.540540540540535,601398.SH
2021-01-14,3.73,3.85,3.73,3.77,700663410,3629241419,0.26,1.3440860215053752,601398.SH
2021-01-17,3.75,3.79,3.72,3.76,398189784,2039374953,0.15,-0.2652519893899252,601398.SH
2021-01-18,3.76,3.82,3.73,3.8,433069019,2239901452,0.16,1.0638297872340496,601398.SH
2021-01-19,3.79,3.84,3.75,3.77,314566469,1629660426,0.12,-0.7894736842105177,601398.SH
2021-01-20,3.78,3.78,3.73,3.75,245677513,1259494670,0.09,-0.5305039787798393,601398.SH
2021-01-21,3.75,3.75,3.68,3.69,277428648,1402382795,0.1,-1.6000000000000014,601398.SH
2021-01-24,3.68,3.69,3.65,3.69,219055180,1097970398,0.08,0.0,601398.SH
2021-01-25,3.68,3.71,3.67,3.68,210379385,1060814307,0.08,-0.27100271002709064,601398.SH
2021-01-26,3.69,3.77,3.68,3.71,370986633,1891316030,0.14,0.8152173913043459,601398.SH
2021-01-27,3.69,3.71,3.67,3.68,285079492,1432841334,0.11,-0.8086253369272156,601398.SH
2021-01-28,3.68,3.75,3.67,3.72,411143704,2088594441,0.15,1.0869565217391353,601398.SH
2021-01-31,3.72,3.77,3.69,3.76,381322201,1949170573,0.14,1.0752688172043001,601398.SH
2021-02-01,3.76,3.79,3.72,3.72,259998588,1334133657,0.1,-1.0638297872340274,601398.SH
2021-02-02,3.72,3.75,3.68,3.69,337557915,1711432806,0.13,-0.8064516129032362,601398.SH
2021-02-03,3.69,3.75,3.68,3.71,252444008,1280634530,0.09,0.5420054200542035,601398.SH
2021-02-04,3.71,3.81,3.7,3.79,593744234,3063814604,0.22,2.156334231805923,601398.SH
2021-02-07,3.79,3.8,3.75,3.78,367126932,1896286395,0.14,-0.26385224274406704,601398.SH
2021-02-08,3.76,3.77,3.74,3.77,278298845,1427909673,0.1,-0.2645502645502562,601398.SH
2021-02-09,3.83,3.93,3.81,3.84,664704224,3503636815,0.25,1.8567639257294433,601398.SH
2021-02-17,3.9,3.9,3.82,3.83,328400933,1729904261,0.12,-0.26041666666666297,601398.SH
2021-02-18,3.82,3.88,3.81,3.83,242413124,1272825160,0.09,0.0,601398.SH
2021-02-21,3.84,3.96,3.83,3.93,602082016,3210856211,0.22,2.6109660574412663,601398.SH
2021-02-22,3.91,3.99,3.89,3.94,467150523,2515406549,0.17,0.2544529262086481,601398.SH
2021-02-23,3.93,3.97,3.83,3.88,385065747,2050842778,0.14,-1.5228426395939132,601398.SH
2021-02-24,3.87,4.01,3.86,3.98,509700217,2755175018,0.19,2.577319587628879,601398.SH
2021-02-25,3.94,4.02,3.91,3.93,435170121,2353185888,0.16,-1.2562814070351758,601398.SH
2021-02-28,3.92,3.97,3.89,3.91,240663315,1289476168,0.09,-0.5089058524173073,601398.SH
2021-03-01,3.91,3.91,3.83,3.87,250031265,1322171845,0.09,-1.0230179028132946,601398.SH
2021-03-02,3.86,4.01,3.85,3.99,446911121,2420613521,0.17,3.100775193798455,601398.SH
2021-03-03,3.97,4.03,3.96,3.99,373419253,2041014989,0.14,0.0,601398.SH
2021-03-04,3.97,4.09,3.93,4.08,478774356,2629997848,0.18,2.2556390977443552,601398.SH
2021-03-07,4.08,4.1,4.03,4.05,429168305,2390324693,0.16,-0.7352941176470673,601398.SH
2021-03-08,4.08,4.12,3.97,3.99,466395021,2577277082,0.17,-1.4814814814814725,601398.SH
2021-03-09,3.98,3.99,3.91,3.95,306784316,1658235909,0.11,-1.0025062656641603,601398.SH
2021-03-10,3.99,4.05,3.97,4.01,282422815,1547729634,0.1,1.5189873417721378,601398.SH
2021-03-11,4.0,4.02,3.97,3.98,184841636,1009519475,0.07,-0.7481296758104716,601398.SH
2021-03-14,3.99,4.08,3.97,4.06,303797606,1680121698,0.11,2.010050251256268,601398.SH
2021-03-15,4.07,4.12,4.05,4.1,273079994,1529009421,0.1,0.9852216748768461,601398.SH
2021-03-16,4.08,4.1,4.01,4.05,203713443,1125314257,0.08,-1.2195121951219523,601398.SH
2021-03-17,4.04,4.05,3.99,4.01,224544199,1232892978,0.08,-0.987654320987652,601398.SH
2021-03-18,4.02,4.02,3.89,3.92,332530519,1790956578,0.12,-2.244389027431415,601398.SH
2021-03-21,3.89,3.99,3.89,3.97,232531340,1256741319,0.09,1.2755102040816313,601398.SH
2021-03-22,3.95,4.02,3.91,3.95,325973130,1762122172,0.12,-0.5037783375314908,601398.SH
2021-03-23,3.93,3.97,3.9,3.96,189983667,1023433745,0.07,0.25316455696202667,601398.SH
2021-03-24,3.96,3.99,3.91,3.92,207394817,1119656596,0.08,-1.0101010101010055,601398.SH
2021-03-25,3.93,3.94,3.88,3.91,247198368,1318532528,0.09,-0.25510204081632404,601398.SH
2021-03-28,3.93,4.0,3.9,3.99,347949980,1883572374,0.13,2.0460358056265893,601398.SH
2021-03-29,3.99,4.01,3.97,4.01,193297381,1055760163,0.07,0.5012531328320691,601398.SH
2021-03-30,4.0,4.06,3.98,4.05,242434867,1333971679,0.09,0.9975062344139696,601398.SH
2021-03-31,4.03,4.05,4.0,4.02,132476154,729322831,0.05,-0.7407407407407418,601398.SH
2021-04-01,4.02,4.03,3.95,3.97,184780740,1004165175,0.07,-1.243781094527352,601398.SH
2021-04-05,3.97,3.97,3.93,3.97,122894235,663506407,0.05,0.0,601398.SH
2021-04-06,3.97,3.99,3.95,3.99,175696199,954364771,0.07,0.5037783375314797,601398.SH
2021-04-07,3.99,4.0,3.96,3.98,123971365,673843054,0.05,-0.25062656641604564,601398.SH
2021-04-08,3.98,3.98,3.95,3.97,131127592,710198881,0.05,-0.2512562814070307,601398.SH
2021-04-11,3.97,4.02,3.94,4.01,219634806,1197623267,0.08,1.0075566750629594,601398.SH
2021-04-12,4.01,4.05,3.99,4.03,173937109,955601023,0.06,0.4987531172069959,601398.SH
2021-04-13,4.03,4.04,3.97,3.99,153373910,838785290,0.06,-0.992555831265507,601398.SH
2021-04-14,3.97,3.99,3.94,3.99,157215797,851588448,0.06,0.0,601398.SH
2021-04-15,3.97,3.99,3.96,3.97,110874302,602808763,0.04,-0.5012531328320802,601398.SH
2021-04-18,3.98,3.99,3.96,3.98,175754330,955148031,0.07,0.25188916876572875,601398.SH
2021-04-19,3.97,3.98,3.94,3.94,177071674,956571771,0.07,-1.005025125628145,601398.SH
2021-04-20,3.94,3.96,3.93,3.93,135364763,729408438,0.05,-0.25380710659898,601398.SH
2021-04-21,3.94,3.94,3.88,3.9,211498349,1128744302,0.08,-0.7633587786259555,601398.SH
2021-04-22,3.88,3.91,3.86,3.87,164898057,873476386,0.06,-0.7692307692307665,601398.SH
2021-04-25,3.88,3.89,3.85,3.86,170693135,901989201,0.06,-0.25839793281654533,601398.SH
2021-04-26,3.85,3.86,3.82,3.83,149123770,781815670,0.06,-0.7772020725388518,601398.SH
2021-04-27,3.83,3.84,3.79,3.8,182976437,951527126,0.07,-0.7832898172323799,601398.SH
2021-04-28,3.8,3.83,3.79,3.82,188987315,984719706,0.07,0.5263157894736858,601398.SH
2021-04-29,3.81,3.82,3.72,3.75,395748728,2029640682,0.15,-1.8324607329842868,601398.SH
2021-05-05,3.74,3.79,3.73,3.75,216039682,1111237174,0.08,0.0,601398.SH
2021-05-06,3.75,3.83,3.74,3.82,281997042,1463579747,0.1,1.866666666666661,601398.SH
2021-05-09,3.81,3.84,3.79,3.84,207471144,1082434696,0.08,0.5235602094240788,601398.SH
2021-05-10,3.83,3.84,3.81,3.83,139252141,728865905,0.05,-0.26041666666666297,601398.SH
2021-05-11,3.82,3.86,3.81,3.85,150046333,788520443,0.06,0.5221932114882533,601398.SH
2021-05-12,3.84,3.86,3.81,3.83,146069572,764148328,0.05,-0.5194805194805197,601398.SH
2021-05-13,3.83,3.86,3.81,3.86,155000539,813767333,0.06,0.7832898172323688,601398.SH
2021-05-16,3.85,3.87,3.83,3.86,170881970,899549356,0.06,0.0,601398.SH
2021-05-17,3.86,3.86,3.83,3.85,101639997,533290393,0.04,-0.2590673575129432,601398.SH
2021-05-18,3.84,3.85,3.8,3.81,148187187,772568444,0.05,-1.0389610389610393,601398.SH
2021-05-19,3.8,3.83,3.79,3.83,128233876,666829935,0.05,0.5249343832020914,601398.SH
2021-05-20,3.81,3.82,3.78,3.78,151966814,787505846,0.06,-1.3054830287206332,601398.SH
2021-05-23,3.78,3.8,3.78,3.8,106540901,552108955,0.04,0.5291005291005346,601398.SH
2021-05-24,3.8,3.85,3.78,3.85,266674619,1392450021,0.1,1.3157894736842257,601398.SH
2021-05-25,3.84,3.87,3.83,3.85,205603406,1081284307,0.08,0.0,601398.SH
2021-05-26,3.85,3.86,3.83,3.85,183117591,963010881,0.07,0.0,601398.SH
2021-05-27,3.85,3.86,3.83,3.86,170000519,892744989,0.06,0.2597402597402487,601398.SH
2021-05-30,3.84,3.85,3.8,3.81,291960761,1520925681,0.11,-1.2953367875647603,601398.SH
2021-05-31,3.81,3.81,3.78,3.79,224514102,1162897689,0.08,-0.5249343832021025,601398.SH
2021-06-01,3.79,3.81,3.76,3.8,257745154,1330994609,0.1,0.26385224274405594,601398.SH
2021-06-02,3.8,3.8,3.77,3.77,193708944,1001184002,0.07,-0.7894736842105177,601398.SH
2021-06-03,3.78,3.8,3.77,3.78,239708428,1240163844,0.09,0.2652519893899141,601398.SH
2021-06-06,3.79,3.79,3.78,3.78,147696207,763427211,0.05,0.0,601398.SH
2021-06-07,3.78,3.8,3.78,3.8,196300035,1017275136,0.07,0.5291005291005346,601398.SH
2021-06-08,3.8,3.82,3.79,3.8,206147147,1071905449,0.08,0.0,601398.SH
2021-06-09,3.8,3.82,3.79,3.8,205273227,1067542199,0.08,0.0,601398.SH
2021-06-10,3.8,3.8,3.78,3.8,173573258,899678382,0.06,0.0,601398.SH
2021-06-14,3.79,3.8,3.77,3.78,181207362,935309205,0.07,-0.5263157894736858,601398.SH
2021-06-15,3.78,3.8,3.77,3.78,148655127,768523574,0.06,0.0,601398.SH
2021-06-16,3.78,3.8,3.77,3.79,195878337,1015002289,0.07,0.2645502645502784,601398.SH
2021-06-17,3.78,3.79,3.78,3.79,153248858,792203510,0.06,0.0,601398.SH
2021-06-20,3.78,3.79,3.77,3.77,199664270,1030022536,0.07,-0.527704485488123,601398.SH
2021-06-21,3.78,3.79,3.77,3.78,178934078,924193353,0.07,0.2652519893899141,601398.SH
2021-06-22,3.78,3.78,3.76,3.76,252219354,1299166847,0.09,-0.5291005291005346,601398.SH
2021-06-23,3.76,3.8,3.76,3.8,246529721,1275936039,0.09,1.0638297872340496,601398.SH
2021-06-24,3.8,3.84,3.79,3.83,246059460,1286463194,0.09,0.7894736842105399,601398.SH
2021-06-27,3.83,3.83,3.78,3.79,257634469,1337751545,0.1,-1.0443864229765065,601398.SH
2021-06-28,3.79,3.8,3.78,3.78,222693506,1151485062,0.08,-0.26385224274406704,601398.SH
2021-06-29,3.79,3.79,3.78,3.78,154934253,800438588,0.06,0.0,601398.SH
2021-06-30,3.78,3.85,3.78,3.85,277013740,1441176257,0.1,1.85185185185186,601398.SH
2021-07-01,3.81,3.86,3.8,3.84,355189284,1854458893,0.13,-0.25974025974027093,601398.SH
2021-07-04,3.83,3.83,3.79,3.8,276171905,1438307913,0.1,-1.041666666666663,601398.SH
2021-07-05,3.83,3.83,3.8,3.82,265763047,1314029712,0.1,0.5263157894736858,601398.SH
2021-07-06,3.82,3.83,3.8,3.81,177670765,877305343,0.07,-0.2617801047120394,601398.SH
2021-07-07,3.81,3.82,3.77,3.77,288364812,1412588548,0.11,-1.049868766404205,601398.SH
2021-07-08,3.77,3.79,3.73,3.74,273742038,1330231107,0.1,-0.7957559681697535,601398.SH
2021-07-11,3.76,3.77,3.67,3.68,505677367,2426435426,0.19,-1.6042780748663166,601398.SH
2021-07-12,3.68,3.69,3.66,3.67,293278041,1394984363,0.11,-0.27173913043478937,601398.SH
2021-07-13,3.67,3.67,3.61,3.63,302082855,1420168143,0.11,-1.0899182561307952,601398.SH
2021-07-14,3.63,3.68,3.62,3.67,277590851,1316100926,0.1,1.1019283746556585,601398.SH
2021-07-15,3.67,3.67,3.63,3.66,170407398,805756077,0.06,-0.27247956403269047,601398.SH
2021-07-18,3.65,3.66,3.63,3.65,168375795,793714596,0.06,-0.2732240437158584,601398.SH
2021-07-19,3.63,3.64,3.63,3.63,102552924,483183662,0.04,-0.5479452054794498,601398.SH
2021-07-20,3.64,3.65,3.62,3.62,164625857,773916484,0.06,-0.2754820936639035,601398.SH
2021-07-21,3.63,3.64,3.62,3.63,147636965,695491005,0.05,0.2762430939226457,601398.SH
2021-07-22,3.63,3.64,3.62,3.63,139074561,653652762,0.05,0.0,601398.SH
2021-07-25,3.62,3.63,3.59,3.6,224591633,1047502898,0.08,-0.8264462809917328,601398.SH
2021-07-26,3.6,3.6,3.56,3.57,208899200,969160413,0.08,-0.8333333333333415,601398.SH
2021-07-27,3.56,3.61,3.55,3.6,247993418,1154474144,0.09,0.8403361344537785,601398.SH
2021-07-28,3.6,3.6,3.56,3.57,171680634,794734066,0.06,-0.8333333333333415,601398.SH
2021-07-29,3.57,3.57,3.53,3.54,184747154,847608533,0.07,-0.8403361344537785,601398.SH
2021-08-01,3.53,3.56,3.5,3.55,214322262,980307727,0.08,0.28248587570620654,601398.SH
2021-08-02,3.54,3.54,3.51,3.53,135245787,617612567,0.05,-0.5633802816901401,601398.SH
2021-08-03,3.53,3.53,3.5,3.51,148301902,675234462,0.06,-0.5665722379603388,601398.SH
2021-08-04,3.51,3.53,3.5,3.5,109747157,499522161,0.04,-0.2849002849002802,601398.SH
2021-08-05,3.51,3.51,3.48,3.5,158732842,717679984,0.06,0.0,601398.SH
2021-08-08,3.49,3.53,3.48,3.51,192560063,876596527,0.07,0.28571428571428914,601398.SH
2021-08-09,3.51,3.53,3.49,3.52,177389103,805586221,0.07,0.2849002849002913,601398.SH
2021-08-10,3.53,3.6,3.53,3.59,330727249,1532111349,0.12,1.9886363636363535,601398.SH
2021-08-11,3.57,3.6,3.57,3.57,118278136,548759520,0.04,-0.5571030640668551,601398.SH
2021-08-12,3.57,3.58,3.55,3.56,93542819,431809850,0.03,-0.2801120448179262,601398.SH
2021-08-15,3.56,3.58,3.55,3.57,116109333,536195505,0.04,0.2808988764044784,601398.SH
2021-08-16,3.56,3.58,3.55,3.57,195138306,901396444,0.07,0.0,601398.SH
2021-08-17,3.56,3.61,3.55,3.6,259846618,1206854887,0.1,0.8403361344537785,601398.SH
2021-08-18,3.6,3.6,3.57,3.58,148278726,687957237,0.05,-0.5555555555555536,601398.SH
2021-08-19,3.58,3.6,3.57,3.6,190342577,884926716,0.07,0.5586592178770999,601398.SH
2021-08-22,3.58,3.6,3.57,3.57,117707675,546712339,0.04,-0.8333333333333415,601398.SH
2021-08-23,3.57,3.59,3.57,3.57,95453098,442656393,0.04,0.0,601398.SH
2021-08-24,3.58,3.58,3.57,3.57,100384789,464385845,0.04,0.0,601398.SH
2021-08-25,3.57,3.57,3.55,3.57,117689309,542560911,0.04,0.0,601398.SH
2021-08-26,3.56,3.58,3.55,3.58,116129716,536676655,0.04,0.2801120448179262,601398.SH
2021-08-29,3.57,3.58,3.52,3.53,203426605,933775426,0.08,-1.3966480446927498,601398.SH
2021-08-30,3.54,3.57,3.53,3.57,191711450,880980368,0.07,1.1331444759206777,601398.SH
2021-08-31,3.56,3.62,3.55,3.61,268103361,1249115489,0.1,1.1204481792717047,601398.SH
2021-09-01,3.61,3.62,3.6,3.62,146790356,686983930,0.05,0.27700831024930483,601398.SH
2021-09-02,3.62,3.67,3.6,3.65,202543720,954773062,0.08,0.8287292817679592,601398.SH
2021-09-05,3.63,3.67,3.63,3.65,160536498,758568371,0.06,0.0,601398.SH
2021-09-06,3.65,3.68,3.63,3.67,194851319,921859134,0.07,0.5479452054794498,601398.SH
2021-09-07,3.66,3.69,3.65,3.68,174780048,832426920,0.06,0.2724795640327127,601398.SH
2021-09-08,3.67,3.68,3.64,3.67,155311748,737594016,0.06,-0.27173913043478937,601398.SH
2021-09-09,3.67,3.73,3.66,3.7,250359269,1200536537,0.09,0.8174386920980936,601398.SH
2021-09-12,3.69,3.69,3.67,3.68,168854899,804351061,0.06,-0.5405405405405461,601398.SH
2021-09-13,3.67,3.69,3.63,3.63,185420345,877628018,0.07,-1.3586956521739246,601398.SH
2021-09-14,3.63,3.64,3.6,3.61,175121628,820551878,0.06,-0.5509641873278293,601398.SH
2021-09-15,3.61,3.63,3.6,3.61,167822042,787701858,0.06,0.0,601398.SH
2021-09-16,3.61,3.63,3.61,3.63,110257170,517329961,0.04,0.5540166204986097,601398.SH
2021-09-21,3.59,3.6,3.57,3.57,217646013,1008833745,0.08,-1.6528925619834767,601398.SH
2021-09-22,3.59,3.61,3.57,3.6,132515669,616352620,0.05,0.8403361344537785,601398.SH
2021-09-23,3.58,3.6,3.57,3.58,109891431,510211553,0.04,-0.5555555555555536,601398.SH
2021-09-26,3.57,3.59,3.55,3.57,164468354,759535614,0.06,-0.27932960893854997,601398.SH
2021-09-27,3.57,3.61,3.56,3.6,163379542,759632535,0.06,0.8403361344537785,601398.SH
2021-09-28,3.59,3.63,3.57,3.61,243813654,1138094980,0.09,0.2777777777777768,601398.SH
2021-09-29,3.61,3.61,3.57,3.6,150413152,698898764,0.06,-0.27700831024930483,601398.SH
2021-10-07,3.6,3.65,3.59,3.63,185994625,872488109,0.07,0.8333333333333304,601398.SH
2021-10-10,3.64,3.68,3.63,3.66,181862463,863201212,0.07,0.8264462809917328,601398.SH
2021-10-11,3.66,3.67,3.63,3.67,144930590,686903968,0.05,0.2732240437158362,601398.SH
2021-10-12,3.66,3.67,3.63,3.64,112305696,530545726,0.04,-0.8174386920980825,601398.SH
2021-10-13,3.64,3.65,3.63,3.63,71963708,339578661,0.03,-0.27472527472528485,601398.SH
2021-10-14,3.64,3.67,3.63,3.67,125558856,594356222,0.05,1.1019283746556585,601398.SH
2021-10-17,3.67,3.68,3.63,3.65,117369621,555326047,0.04,-0.544959128065392,601398.SH
2021-10-18,3.64,3.66,3.63,3.64,105882612,499759095,0.04,-0.2739726027397249,601398.SH
2021-10-19,3.65,3.65,3.61,3.63,107459635,504948858,0.04,-0.27472527472528485,601398.SH
2021-10-20,3.63,3.66,3.62,3.66,135131627,637824658,0.05,0.8264462809917328,601398.SH
2021-10-21,3.66,3.67,3.63,3.65,93108629,440144708,0.03,-0.2732240437158584,601398.SH
2021-10-24,3.63,3.65,3.62,3.64,103342397,486689967,0.04,-0.2739726027397249,601398.SH
2021-10-25,3.64,3.66,3.62,3.63,118735003,559100062,0.04,-0.27472527472528485,601398.SH
2021-10-26,3.63,3.63,3.59,3.63,125771216,588428870,0.05,0.0,601398.SH
2021-10-27,3.61,3.63,3.6,3.6,78300844,366506428,0.03,-0.8264462809917328,601398.SH
2021-10-28,3.6,3.62,3.6,3.6,114980798,537655506,0.04,0.0,601398.SH
2021-10-31,3.61,3.65,3.6,3.65,187623531,881706429,0.07,1.388888888888884,601398.SH
2021-11-01,3.65,3.65,3.58,3.59,211569300,989837390,0.08,-1.6438356164383605,601398.SH
2021-11-02,3.6,3.6,3.57,3.58,146029780,678038229,0.05,-0.278551532033422,601398.SH
2021-11-03,3.58,3.59,3.57,3.59,100158090,464799864,0.04,0.27932960893854997,601398.SH
2021-11-04,3.58,3.6,3.57,3.6,111301684,517754657,0.04,0.278551532033422,601398.SH
2021-11-07,3.59,3.6,3.57,3.57,147350723,684049048,0.05,-0.8333333333333415,601398.SH
2021-11-08,3.58,3.59,3.57,3.58,86689619,402174123,0.03,0.2801120448179262,601398.SH
2021-11-09,3.58,3.58,3.56,3.57,125047530,577396261,0.05,-0.27932960893854997,601398.SH
2021-11-10,3.57,3.6,3.56,3.6,113105925,525090262,0.04,0.8403361344537785,601398.SH
2021-11-11,3.6,3.6,3.57,3.59,101683794,472333219,0.04,-0.2777777777777879,601398.SH
2021-11-14,3.59,3.61,3.58,3.6,90047027,419795012,0.03,0.278551532033422,601398.SH
2021-11-15,3.6,3.61,3.58,3.59,96281473,448267809,0.04,-0.2777777777777879,601398.SH
2021-11-16,3.58,3.6,3.58,3.59,91233273,423989911,0.03,0.0,601398.SH
2021-11-17,3.58,3.59,3.57,3.58,76467398,354706417,0.03,-0.278551532033422,601398.SH
2021-11-18,3.58,3.6,3.57,3.6,100557257,467427071,0.04,0.5586592178770999,601398.SH
2021-11-21,3.59,3.6,3.57,3.57,120582921,559173673,0.04,-0.8333333333333415,601398.SH
2021-11-22,3.57,3.59,3.57,3.57,87825991,406963202,0.03,0.0,601398.SH
2021-11-23,3.57,3.58,3.57,3.58,69961234,324057980,0.03,0.2801120448179262,601398.SH
2021-11-24,3.58,3.58,3.57,3.57,59692352,276623127,0.02,-0.27932960893854997,601398.SH
2021-11-25,3.57,3.58,3.56,3.56,97887739,451910174,0.04,-0.2801120448179262,601398.SH
2021-11-28,3.55,3.56,3.52,3.53,182257581,836194182,0.07,-0.8426966292134908,601398.SH
2021-11-29,3.53,3.54,3.53,3.53,107684186,492804575,0.04,0.0,601398.SH
2021-11-30,3.53,3.55,3.53,3.55,111305051,511084679,0.04,0.56657223796035,601398.SH
2021-12-01,3.55,3.57,3.53,3.56,178468219,820135168,0.07,0.28169014084507005,601398.SH
2021-12-02,3.55,3.56,3.53,3.56,112786648,518341585,0.04,0.0,601398.SH
2021-12-05,3.56,3.58,3.55,3.57,179570677,830641841,0.07,0.2808988764044784,601398.SH
2021-12-06,3.58,3.6,3.57,3.6,205710491,956152030,0.08,0.8403361344537785,601398.SH
2021-12-07,3.6,3.6,3.57,3.58,137715679,638961849,0.05,-0.5555555555555536,601398.SH
2021-12-08,3.59,3.61,3.57,3.6,195655482,911941954,0.07,0.5586592178770999,601398.SH
2021-12-09,3.59,3.6,3.57,3.6,215420340,999479302,0.08,0.0,601398.SH
2021-12-12,3.58,3.6,3.57,3.57,134673715,625469690,0.05,-0.8333333333333415,601398.SH
2021-12-13,3.57,3.58,3.56,3.57,127696943,589757693,0.05,0.0,601398.SH
2021-12-14,3.56,3.57,3.55,3.56,104159689,479973462,0.04,-0.2801120448179262,601398.SH
2021-12-15,3.56,3.57,3.54,3.57,145725514,671821104,0.05,0.2808988764044784,601398.SH
2021-12-16,3.56,3.57,3.55,3.56,124789948,575345954,0.05,-0.2801120448179262,601398.SH
2021-12-19,3.55,3.57,3.55,3.56,148614561,686198264,0.06,0.0,601398.SH
2021-12-20,3.56,3.6,3.55,3.59,202972372,942740126,0.08,0.8426966292134797,601398.SH
2021-12-21,3.59,3.6,3.57,3.58,141140040,655780551,0.05,-0.278551532033422,601398.SH
2021-12-22,3.58,3.59,3.57,3.59,98090990,455450242,0.04,0.27932960893854997,601398.SH
2021-12-23,3.59,3.6,3.58,3.59,127908797,595172746,0.05,0.0,601398.SH
2021-12-26,3.58,3.6,3.58,3.6,90503312,421103238,0.03,0.278551532033422,601398.SH
2021-12-27,3.6,3.61,3.59,3.61,200550469,936086065,0.07,0.2777777777777768,601398.SH
2021-12-28,3.6,3.6,3.58,3.6,97664653,454516937,0.04,-0.27700831024930483,601398.SH
2021-12-29,3.59,3.6,3.57,3.58,141275058,655490356,0.05,-0.5555555555555536,601398.SH
2021-12-30,3.57,3.59,3.57,3.57,95902215,444544835,0.04,-0.27932960893854997,601398.SH
2022-01-03,3.58,3.6,3.57,3.6,168875635,785143329,0.06,0.8403361344537785,601398.SH
2022-01-04,3.6,3.64,3.59,3.63,283954621,1332859587,0.11,0.8333333333333304,601398.SH
2022-01-05,3.63,3.65,3.61,3.63,190314359,894943768,0.07,0.0,601398.SH
2022-01-06,3.62,3.67,3.61,3.66,193964955,916673916,0.07,0.8264462809917328,601398.SH
2022-01-09,3.66,3.67,3.64,3.67,158329303,750737778,0.06,0.2732240437158362,601398.SH
2022-01-10,3.65,3.68,3.65,3.67,167026297,794398037,0.06,0.0,601398.SH
2022-01-11,3.67,3.67,3.63,3.64,185731519,876687477,0.07,-0.8174386920980825,601398.SH
2022-01-12,3.63,3.69,3.63,3.65,179313500,851827613,0.07,0.27472527472527375,601398.SH
2022-01-13,3.66,3.66,3.6,3.61,225197035,1057017144,0.08,-1.0958904109588996,601398.SH
2022-01-16,3.6,3.63,3.58,3.59,178722662,832701574,0.07,-0.5540166204986208,601398.SH
2022-01-17,3.59,3.63,3.57,3.62,216950022,1011704453,0.08,0.8356545961002881,601398.SH
2022-01-18,3.6,3.63,3.6,3.63,172913175,810536135,0.06,0.2762430939226457,601398.SH
2022-01-19,3.63,3.67,3.62,3.67,313127449,1482850094,0.12,1.1019283746556585,601398.SH
2022-01-20,3.65,3.66,3.62,3.63,173528070,816856403,0.06,-1.0899182561307952,601398.SH
2022-01-23,3.63,3.64,3.61,3.63,141887130,665972927,0.05,0.0,601398.SH
2022-01-24,3.62,3.63,3.6,3.6,170383668,798145267,0.06,-0.8264462809917328,601398.SH
2022-01-25,3.6,3.63,3.6,3.62,118994814,557705783,0.04,0.5555555555555536,601398.SH
2022-01-26,3.61,3.63,3.6,3.61,143695502,672949233,0.05,-0.2762430939226568,601398.SH
2022-01-27,3.61,3.65,3.6,3.6,221043880,1037472492,0.08,-0.27700831024930483,601398.SH
2022-02-06,3.62,3.67,3.6,3.66,257528860,1216216070,0.1,1.6666666666666607,601398.SH
2022-02-07,3.66,3.76,3.65,3.74,491972042,2367215816,0.18,2.1857923497267784,601398.SH
2022-02-08,3.74,3.78,3.71,3.73,352209536,1710473977,0.13,-0.2673796791443861,601398.SH
2022-02-09,3.74,3.76,3.7,3.75,252750988,1222399402,0.09,0.536193029490617,601398.SH
2022-02-10,3.73,3.77,3.73,3.76,216813019,1055659518,0.08,0.2666666666666595,601398.SH
2022-02-13,3.74,3.75,3.68,3.7,263967446,1267336371,0.1,-1.5957446808510523,601398.SH
2022-02-14,3.7,3.72,3.67,3.67,195749099,935314542,0.07,-0.8108108108108136,601398.SH
2022-02-15,3.68,3.71,3.67,3.69,155456701,743663746,0.06,0.5449591280654031,601398.SH
2022-02-16,3.69,3.71,3.68,3.69,127575079,610866291,0.05,0.0,601398.SH
2022-02-17,3.68,3.72,3.67,3.71,159889548,766743186,0.06,0.5420054200542035,601398.SH
2022-02-20,3.7,3.72,3.68,3.72,159403365,764397601,0.06,0.26954177897575704,601398.SH
2022-02-21,3.7,3.71,3.67,3.69,170843755,816340653,0.06,-0.8064516129032362,601398.SH
2022-02-22,3.69,3.69,3.66,3.68,235801579,1121673859,0.09,-0.27100271002709064,601398.SH
2022-02-23,3.67,3.68,3.62,3.63,256626628,1211414666,0.1,-1.3586956521739246,601398.SH
2022-02-24,3.63,3.64,3.6,3.6,250601820,1174239875,0.09,-0.8264462809917328,601398.SH
2022-02-27,3.6,3.61,3.58,3.6,194926963,908084763,0.07,0.0,601398.SH
2022-02-28,3.6,3.63,3.59,3.61,194254562,906672524,0.07,0.2777777777777768,601398.SH
2022-03-01,3.6,3.63,3.6,3.63,152051440,712736651,0.06,0.5540166204986097,601398.SH
2022-03-02,3.62,3.67,3.62,3.66,227331198,1075452463,0.08,0.8264462809917328,601398.SH
2022-03-03,3.65,3.65,3.6,3.64,162498774,764539209,0.06,-0.5464480874316946,601398.SH
2022-03-06,3.63,3.65,3.57,3.59,352940972,1647036756,0.13,-1.3736263736263798,601398.SH
2022-03-07,3.59,3.6,3.55,3.57,281133558,1302919792,0.1,-0.5571030640668551,601398.SH
2022-03-08,3.56,3.58,3.47,3.52,462058476,2116239860,0.17,-1.4005602240896309,601398.SH
2022-03-09,3.54,3.56,3.51,3.52,230674382,1055255232,0.09,0.0,601398.SH
2022-03-10,3.51,3.56,3.49,3.56,270787531,1233914619,0.1,1.1363636363636465,601398.SH
2022-03-13,3.53,3.58,3.52,3.54,229087259,1053445742,0.08,-0.5617977528089901,601398.SH
2022-03-14,3.53,3.55,3.48,3.5,513013285,2327503095,0.19,-1.1299435028248594,601398.SH
2022-03-15,3.5,3.53,3.45,3.51,421243243,1904496884,0.16,0.28571428571428914,601398.SH
2022-03-16,3.53,3.53,3.48,3.49,309820972,1403531229,0.11,-0.5698005698005604,601398.SH
2022-03-17,3.49,3.55,3.48,3.51,362779732,1650775565,0.13,0.5730659025787732,601398.SH
2022-03-20,3.52,3.53,3.5,3.5,206941762,940187354,0.08,-0.2849002849002802,601398.SH
2022-03-21,3.5,3.55,3.5,3.54,219305460,1003988139,0.08,1.1428571428571344,601398.SH
2022-03-22,3.53,3.54,3.51,3.53,206859015,945355931,0.08,-0.28248587570621764,601398.SH
2022-03-23,3.51,3.55,3.5,3.53,150559056,689799168,0.06,0.0,601398.SH
2022-03-24,3.53,3.58,3.53,3.57,227781541,1051862686,0.08,1.1331444759206777,601398.SH
2022-03-27,3.57,3.63,3.55,3.62,287047605,1338663837,0.11,1.400560224089653,601398.SH
2022-03-28,3.62,3.65,3.6,3.64,193958079,912905215,0.07,0.5524861878453136,601398.SH
2022-03-29,3.64,3.65,3.6,3.63,233053021,1093920777,0.09,-0.27472527472528485,601398.SH
2022-03-30,3.63,3.69,3.61,3.68,287690888,1367102536,0.11,1.377410468319562,601398.SH
2022-03-31,3.67,3.71,3.66,3.7,264825048,1264764211,0.1,0.5434782608695565,601398.SH
2022-04-05,3.69,3.74,3.68,3.73,349300701,1680190640,0.13,0.8108108108108025,601398.SH
2022-04-06,3.72,3.74,3.69,3.72,304543331,1467777843,0.11,-0.2680965147452974,601398.SH
2022-04-07,3.72,3.73,3.68,3.71,250173255,1201783976,0.09,-0.26881720430108613,601398.SH
2022-04-10,3.7,3.72,3.67,3.69,272641454,1304536360,0.1,-0.5390835579514808,601398.SH
2022-04-11,3.69,3.71,3.65,3.69,276116779,1319247558,0.1,0.0,601398.SH
2022-04-12,3.69,3.72,3.68,3.7,197122360,946500715,0.07,0.27100271002711285,601398.SH
2022-04-13,3.7,3.71,3.67,3.68,148414496,708983833,0.06,-0.5405405405405461,601398.SH
2022-04-14,3.67,3.7,3.67,3.67,193487775,924020571,0.07,-0.27173913043478937,601398.SH
2022-04-17,3.67,3.69,3.63,3.64,182965837,866264047,0.07,-0.8174386920980825,601398.SH
2022-04-18,3.64,3.66,3.62,3.65,158209354,745770596,0.06,0.27472527472527375,601398.SH
2022-04-19,3.64,3.67,3.63,3.66,145331908,688799566,0.05,0.273972602739736,601398.SH
2022-04-20,3.66,3.71,3.65,3.69,329791138,1578338095,0.12,0.8196721311475308,601398.SH
2022-04-21,3.67,3.74,3.67,3.73,390437787,1885993944,0.14,1.084010840108407,601398.SH
2022-04-24,3.72,3.75,3.67,3.67,471782613,2276075261,0.17,-1.608579088471851,601398.SH
2022-04-25,3.67,3.73,3.65,3.71,363670892,1741895884,0.13,1.089918256130784,601398.SH
2022-04-26,3.7,3.73,3.61,3.63,383545163,1821850807,0.14,-2.156334231805934,601398.SH
2022-04-27,3.63,3.68,3.63,3.68,295997069,1401689370,0.11,1.377410468319562,601398.SH
2022-04-28,3.67,3.7,3.64,3.69,263941660,1258379971,0.1,0.27173913043476716,601398.SH
2022-05-04,3.69,3.7,3.64,3.67,240204834,1143770289,0.09,-0.5420054200542035,601398.SH
2022-05-05,3.66,3.68,3.63,3.66,169044734,800177342,0.06,-0.27247956403269047,601398.SH
2022-05-08,3.65,3.68,3.63,3.67,161351638,766272587,0.06,0.2732240437158362,601398.SH
2022-05-09,3.67,3.68,3.64,3.65,194205706,919233037,0.07,-0.544959128065392,601398.SH
2022-05-10,3.65,3.66,3.6,3.6,353406095,1656391757,0.13,-1.3698630136986245,601398.SH
2022-05-11,3.6,3.6,3.58,3.59,144694424,673675865,0.05,-0.2777777777777879,601398.SH
2022-05-12,3.6,3.63,3.59,3.63,175411195,822079154,0.07,1.1142061281337101,601398.SH
2022-05-15,3.63,3.63,3.59,3.61,166826315,779376703,0.06,-0.5509641873278293,601398.SH
2022-05-16,3.62,3.62,3.59,3.6,216889033,1012483465,0.08,-0.27700831024930483,601398.SH
2022-05-17,3.6,3.6,3.56,3.57,226008427,1045435059,0.08,-0.8333333333333415,601398.SH
2022-05-18,3.56,3.57,3.54,3.56,169155629,778801637,0.06,-0.2801120448179262,601398.SH
2022-05-19,3.57,3.57,3.54,3.57,240691632,1111835552,0.09,0.2808988764044784,601398.SH
2022-05-22,3.57,3.58,3.57,3.57,173224351,801421866,0.06,0.0,601398.SH
2022-05-23,3.57,3.61,3.57,3.6,243774864,1133742350,0.09,0.8403361344537785,601398.SH
2022-05-24,3.6,3.61,3.59,3.6,152315656,710288253,0.06,0.0,601398.SH
2022-05-25,3.6,3.6,3.57,3.59,191767089,892015484,0.07,-0.2777777777777879,601398.SH
2022-05-26,3.6,3.6,3.58,3.6,124999758,582773258,0.05,0.278551532033422,601398.SH
2022-05-29,3.6,3.62,3.58,3.59,158827431,740859756,0.06,-0.2777777777777879,601398.SH
2022-05-30,3.58,3.61,3.57,3.6,251365747,1171009193,0.09,0.278551532033422,601398.SH
2022-05-31,3.59,3.6,3.57,3.59,140067661,651076588,0.05,-0.2777777777777879,601398.SH
2022-06-01,3.58,3.59,3.57,3.57,152163807,704972367,0.06,-0.5571030640668551,601398.SH
2022-06-05,3.57,3.58,3.53,3.55,295433437,1359071286,0.11,-0.5602240896358524,601398.SH
2022-06-06,3.55,3.57,3.54,3.56,187312009,863790898,0.07,0.28169014084507005,601398.SH
2022-06-07,3.57,3.58,3.56,3.58,173630219,803663719,0.06,0.561797752808979,601398.SH
2022-06-08,3.57,3.6,3.57,3.6,219361973,1020144722,0.08,0.5586592178770999,601398.SH
2022-06-09,3.6,3.62,3.59,3.62,264709044,1236607464,0.1,0.5555555555555536,601398.SH
2022-06-12,3.61,3.62,3.57,3.6,228241127,1062970281,0.08,-0.5524861878453025,601398.SH
2022-06-13,3.6,3.65,3.59,3.64,227148853,1065769460,0.08,1.1111111111111072,601398.SH
2022-06-14,3.64,3.68,3.63,3.65,298135889,1413770158,0.11,0.27472527472527375,601398.SH
2022-06-15,3.65,3.66,3.62,3.63,210148840,989353107,0.08,-0.5479452054794498,601398.SH
2022-06-16,3.63,3.67,3.62,3.67,181063822,857162918,0.07,1.1019283746556585,601398.SH
2022-06-19,3.67,3.67,3.63,3.63,186411517,879332783,0.07,-1.0899182561307952,601398.SH
2022-06-20,3.63,3.68,3.63,3.67,209405397,992313781,0.08,1.1019283746556585,601398.SH
2022-06-21,3.67,3.7,3.66,3.67,156720149,746302086,0.06,0.0,601398.SH
2022-06-22,3.67,3.69,3.67,3.68,175436211,836115739,0.07,0.2724795640327127,601398.SH
2022-06-23,3.67,3.69,3.64,3.66,183853897,872916586,0.07,-0.5434782608695676,601398.SH
2022-06-26,3.66,3.67,3.63,3.63,231519067,1092328379,0.09,-0.819672131147553,601398.SH
2022-06-27,3.63,3.66,3.62,3.65,170737101,805395280,0.06,0.5509641873278293,601398.SH
2022-06-28,3.65,3.68,3.64,3.68,215549058,1023870244,0.08,0.8219178082191858,601398.SH
2022-06-29,3.67,3.69,3.66,3.68,178325535,849607081,0.07,0.0,601398.SH
2022-06-30,3.68,3.69,3.66,3.68,134935817,642345557,0.05,0.0,601398.SH
2022-07-03,3.68,3.7,3.67,3.68,130612061,622821601,0.05,0.0,601398.SH
2022-07-04,3.69,3.71,3.68,3.7,203672006,975769265,0.08,0.5434782608695565,601398.SH
2022-07-05,3.7,3.71,3.67,3.69,176855107,844420041,0.07,-0.2702702702702786,601398.SH
2022-07-06,3.69,3.7,3.67,3.67,161603898,771362416,0.06,-0.5420054200542035,601398.SH
2022-07-07,3.68,3.69,3.66,3.68,162028879,771025598,0.06,0.2724795640327127,601398.SH
2022-07-10,3.68,3.7,3.67,3.7,331908902,1588548779,0.12,0.5434782608695565,601398.SH
2022-07-11,3.71,3.72,3.7,3.7,313447842,1415371773,0.12,0.0,601398.SH
2022-07-12,3.7,3.7,3.62,3.63,339361224,1509312922,0.13,-1.8918918918918948,601398.SH
2022-07-13,3.63,3.63,3.55,3.59,343023331,1493674363,0.13,-1.1019283746556474,601398.SH
2022-07-14,3.58,3.6,3.56,3.56,218886260,953165921,0.08,-0.835654596100277,601398.SH
2022-07-17,3.56,3.59,3.56,3.59,177053974,771591237,0.07,0.8426966292134797,601398.SH
2022-07-18,3.58,3.62,3.57,3.61,174735865,766493792,0.06,0.557103064066844,601398.SH
2022-07-19,3.61,3.66,3.61,3.65,162958037,721830507,0.06,1.1080332409972415,601398.SH
2022-07-20,3.66,3.66,3.61,3.61,148655038,655999435,0.06,-1.0958904109588996,601398.SH
2022-07-21,3.61,3.64,3.61,3.62,143873736,634607518,0.05,0.27700831024930483,601398.SH
2022-07-24,3.62,3.65,3.61,3.65,131520370,582040207,0.05,0.8287292817679592,601398.SH
2022-07-25,3.65,3.66,3.63,3.63,138224601,612318085,0.05,-0.5479452054794498,601398.SH
2022-07-26,3.63,3.64,3.61,3.61,125974061,553990999,0.05,-0.5509641873278293,601398.SH
2022-07-27,3.61,3.63,3.61,3.61,119858370,527011553,0.04,0.0,601398.SH
2022-07-28,3.61,3.63,3.59,3.6,143301779,629578816,0.05,-0.27700831024930483,601398.SH
2022-07-31,3.59,3.61,3.58,3.59,133647435,585326909,0.05,-0.2777777777777879,601398.SH
2022-08-01,3.58,3.59,3.56,3.57,180306667,782945384,0.07,-0.5571030640668551,601398.SH
2022-08-02,3.56,3.58,3.55,3.55,141581450,614187517,0.05,-0.5602240896358524,601398.SH
2022-08-03,3.56,3.6,3.55,3.59,185863244,809091671,0.07,1.1267605633802802,601398.SH
2022-08-04,3.6,3.61,3.58,3.61,122691518,537331729,0.05,0.557103064066844,601398.SH
2022-08-07,3.61,3.61,3.56,3.57,129470948,564029561,0.05,-1.1080332409972304,601398.SH
2022-08-08,3.57,3.59,3.56,3.56,82021225,356859073,0.03,-0.2801120448179262,601398.SH
2022-08-09,3.56,3.57,3.55,3.56,90758527,393451050,0.03,0.0,601398.SH
2022-08-10,3.56,3.59,3.56,3.58,152653308,664667705,0.06,0.561797752808979,601398.SH
2022-08-11,3.58,3.59,3.56,3.58,112627134,490393040,0.04,0.0,601398.SH
2022-08-14,3.57,3.58,3.56,3.56,119388944,518417996,0.04,-0.5586592178770999,601398.SH
2022-08-15,3.56,3.57,3.56,3.56,129259534,561093999,0.05,0.0,601398.SH
2022-08-16,3.56,3.57,3.55,3.56,173707762,752698402,0.06,0.0,601398.SH
2022-08-17,3.56,3.56,3.55,3.55,107977056,467337830,0.04,-0.2808988764045006,601398.SH
2022-08-18,3.56,3.57,3.55,3.56,106555720,462040416,0.04,0.28169014084507005,601398.SH
2022-08-21,3.56,3.57,3.55,3.56,102298346,443494667,0.04,0.0,601398.SH
2022-08-22,3.56,3.56,3.55,3.55,106212820,459477326,0.04,-0.2808988764045006,601398.SH
2022-08-23,3.56,3.56,3.55,3.55,110218503,476974353,0.04,0.0,601398.SH
2022-08-24,3.56,3.56,3.55,3.56,116466910,504127533,0.04,0.28169014084507005,601398.SH
2022-08-25,3.56,3.57,3.56,3.57,98104572,426084963,0.04,0.2808988764044784,601398.SH
2022-08-28,3.56,3.57,3.55,3.56,102906353,445969001,0.04,-0.2801120448179262,601398.SH
2022-08-29,3.56,3.58,3.56,3.58,134022525,582803339,0.05,0.561797752808979,601398.SH
2022-08-30,3.57,3.6,3.56,3.6,259239209,1132180169,0.1,0.5586592178770999,601398.SH
2022-08-31,3.58,3.59,3.57,3.58,105691815,460792946,0.04,-0.5555555555555536,601398.SH
2022-09-01,3.57,3.59,3.56,3.57,129784655,565116180,0.05,-0.27932960893854997,601398.SH
2022-09-04,3.57,3.58,3.56,3.58,125909116,547119545,0.05,0.2801120448179262,601398.SH
2022-09-05,3.58,3.6,3.56,3.58,184580231,805772141,0.07,0.0,601398.SH
2022-09-06,3.58,3.58,3.56,3.57,118912921,517187728,0.04,-0.27932960893854997,601398.SH
2022-09-07,3.58,3.58,3.56,3.57,108674240,472815830,0.04,0.0,601398.SH
2022-09-08,3.58,3.6,3.57,3.58,162795022,710715972,0.06,0.2801120448179262,601398.SH
2022-09-12,3.59,3.61,3.58,3.6,207622855,908320747,0.08,0.5586592178770999,601398.SH
2022-09-13,3.58,3.6,3.58,3.58,119521547,521881472,0.04,-0.5555555555555536,601398.SH
2022-09-14,3.59,3.61,3.58,3.61,299407017,1312876135,0.11,0.8379888268156277,601398.SH
2022-09-15,3.61,3.61,3.58,3.58,242717138,1062487993,0.09,-0.8310249307479145,601398.SH
2022-09-18,3.59,3.61,3.58,3.6,216720703,948114394,0.08,0.5586592178770999,601398.SH
2022-09-19,3.61,3.61,3.58,3.59,148524942,650364279,0.06,-0.2777777777777879,601398.SH
2022-09-20,3.59,3.61,3.57,3.59,157848349,689565518,0.06,0.0,601398.SH
2022-09-21,3.58,3.61,3.57,3.61,285730508,1248539894,0.11,0.557103064066844,601398.SH
2022-09-22,3.6,3.62,3.59,3.61,281224160,1237026682,0.1,0.0,601398.SH
2022-09-25,3.61,3.61,3.57,3.57,262698303,1147676709,0.1,-1.1080332409972304,601398.SH
2022-09-26,3.57,3.58,3.56,3.56,190035823,825325572,0.07,-0.2801120448179262,601398.SH
2022-09-27,3.56,3.58,3.56,3.57,180577277,784503628,0.07,0.2808988764044784,601398.SH
2022-09-28,3.58,3.58,3.56,3.56,175882532,763036787,0.07,-0.2801120448179262,601398.SH
2022-09-29,3.56,3.58,3.56,3.57,157862846,686074089,0.06,0.2808988764044784,601398.SH
2022-10-09,3.57,3.6,3.56,3.58,317778153,1385758856,0.12,0.2801120448179262,601398.SH
2022-10-10,3.58,3.6,3.56,3.59,207120632,903371612,0.08,0.27932960893854997,601398.SH
2022-10-11,3.59,3.61,3.58,3.61,259239180,1135992155,0.1,0.557103064066844,601398.SH
2022-10-12,3.61,3.61,3.56,3.57,270034847,1174850511,0.1,-1.1080332409972304,601398.SH
2022-10-13,3.57,3.58,3.56,3.56,262969290,1142713536,0.1,-0.2801120448179262,601398.SH
2022-10-16,3.56,3.6,3.56,3.57,256254527,1115347729,0.1,0.2808988764044784,601398.SH
2022-10-17,3.58,3.58,3.56,3.57,153338179,666628309,0.06,0.0,601398.SH
2022-10-18,3.56,3.58,3.56,3.56,167922586,730221419,0.06,-0.2801120448179262,601398.SH
2022-10-19,3.57,3.58,3.56,3.57,171289785,745032525,0.06,0.2808988764044784,601398.SH
2022-10-20,3.57,3.58,3.56,3.57,184623959,802815210,0.07,0.0,601398.SH
2022-10-23,3.57,3.58,3.56,3.58,398276420,1731708676,0.15,0.2801120448179262,601398.SH
2022-10-24,3.57,3.58,3.56,3.56,205983443,895581873,0.08,-0.5586592178770999,601398.SH
2022-10-25,3.56,3.57,3.52,3.52,430515147,1859606050,0.16,-1.1235955056179803,601398.SH
2022-10-26,3.52,3.52,3.48,3.49,261456957,1114168572,0.1,-0.8522727272727182,601398.SH
2022-10-27,3.5,3.51,3.48,3.49,232238617,989014765,0.09,0.0,601398.SH
2022-10-30,3.49,3.5,3.4,3.41,313680862,1315941980,0.12,-2.2922636103151928,601398.SH
2022-10-31,3.41,3.42,3.29,3.35,642844780,2617808617,0.24,-1.7595307917888547,601398.SH
2022-11-01,3.33,3.34,3.29,3.34,345062679,1394694899,0.13,-0.29850746268657025,601398.SH
2022-11-02,3.33,3.33,3.32,3.33,156467237,634051041,0.06,-0.29940119760478723,601398.SH
2022-11-03,3.33,3.38,3.33,3.36,338099345,1382391650,0.13,0.9009009009008917,601398.SH
2022-11-06,3.36,3.36,3.33,3.35,242076334,986337817,0.09,-0.29761904761904656,601398.SH
2022-11-07,3.35,3.36,3.34,3.36,126671007,517079540,0.05,0.29850746268655914,601398.SH
2022-11-08,3.36,3.38,3.35,3.37,136875257,560691180,0.05,0.29761904761904656,601398.SH
2022-11-09,3.36,3.38,3.35,3.38,142397457,582648249,0.05,0.29673590504450953,601398.SH
2022-11-10,3.38,3.42,3.38,3.41,276835288,1144895641,0.1,0.887573964497057,601398.SH
2022-11-13,3.42,3.44,3.41,3.41,270815058,1129702478,0.1,0.0,601398.SH
2022-11-14,3.42,3.43,3.41,3.43,156414010,651544034,0.06,0.5865102639296182,601398.SH
2022-11-15,3.43,3.43,3.42,3.42,113277031,472113067,0.04,-0.291545189504383,601398.SH
2022-11-16,3.42,3.43,3.4,3.43,168171659,698816838,0.06,0.29239766081872176,601398.SH
2022-11-17,3.43,3.44,3.42,3.43,178548149,745303163,0.07,0.0,601398.SH
2022-11-20,3.43,3.44,3.41,3.43,180523196,753341792,0.07,0.0,601398.SH
2022-11-21,3.43,3.49,3.43,3.47,270255318,1140835266,0.1,1.1661807580174877,601398.SH
2022-11-22,3.47,3.52,3.47,3.5,321090657,1369621339,0.12,0.8645533141210304,601398.SH
2022-11-23,3.51,3.52,3.48,3.49,141365386,602139323,0.05,-0.28571428571427804,601398.SH
2022-11-24,3.49,3.56,3.49,3.55,369825416,1591516138,0.14,1.7191977077363862,601398.SH
2022-11-27,3.52,3.53,3.47,3.48,292727124,1241390938,0.11,-1.9718309859154903,601398.SH
2022-11-28,3.49,3.56,3.48,3.55,411695633,1769804553,0.15,2.011494252873569,601398.SH
2022-11-29,3.53,3.56,3.52,3.53,312182307,1342258893,0.12,-0.5633802816901401,601398.SH
2022-11-30,3.55,3.56,3.48,3.49,352708371,1508271593,0.13,-1.1331444759206666,601398.SH
2022-12-01,3.49,3.5,3.47,3.48,199898123,848573118,0.07,-0.2865329512894088,601398.SH
2022-12-04,3.5,3.55,3.49,3.53,349731692,1499555627,0.13,1.4367816091954033,601398.SH
2022-12-05,3.53,3.55,3.52,3.54,259751549,1117747056,0.1,0.2832861189801861,601398.SH
2022-12-06,3.54,3.55,3.52,3.52,222335763,956706139,0.08,-0.5649717514124353,601398.SH
2022-12-07,3.52,3.54,3.52,3.53,196600646,845283418,0.07,0.28409090909089496,601398.SH
2022-12-08,3.53,3.55,3.52,3.53,256490365,1103145219,0.1,0.0,601398.SH
2022-12-11,3.53,3.53,3.51,3.51,196708131,843407173,0.07,-0.5665722379603388,601398.SH
2022-12-12,3.52,3.54,3.51,3.53,164073577,704235151,0.06,0.5698005698005604,601398.SH
2022-12-13,3.53,3.54,3.51,3.52,197505351,845926525,0.07,-0.28328611898016387,601398.SH
2022-12-14,3.52,3.52,3.49,3.5,179303937,763572928,0.07,-0.5681818181818232,601398.SH
2022-12-15,3.5,3.52,3.48,3.52,198217166,846358171,0.07,0.5714285714285783,601398.SH
2022-12-18,3.52,3.54,3.49,3.5,164783722,704842464,0.06,-0.5681818181818232,601398.SH
2022-12-19,3.49,3.51,3.47,3.47,176970742,751668831,0.07,-0.8571428571428563,601398.SH
2022-12-20,3.47,3.5,3.47,3.49,118893037,504895105,0.04,0.5763688760807018,601398.SH
2022-12-21,3.5,3.52,3.49,3.51,129688869,553757271,0.05,0.5730659025787732,601398.SH
2022-12-22,3.51,3.51,3.49,3.49,90459786,385322879,0.03,-0.5698005698005604,601398.SH
2022-12-25,3.5,3.52,3.48,3.5,147070124,626352011,0.05,0.2865329512893977,601398.SH
2022-12-26,3.51,3.54,3.5,3.53,184963329,793633877,0.07,0.8571428571428452,601398.SH
2022-12-27,3.53,3.56,3.52,3.55,175591554,757611069,0.07,0.56657223796035,601398.SH
2022-12-28,3.54,3.55,3.5,3.53,188566553,809605996,0.07,-0.5633802816901401,601398.SH
2022-12-29,3.54,3.57,3.53,3.56,298338666,1293431442,0.11,0.8498583569405138,601398.SH
2023-01-02,3.56,3.56,3.53,3.54,242880970,1047725002,0.09,-0.5617977528089901,601398.SH
2023-01-03,3.55,3.58,3.54,3.58,235147735,1022070423,0.09,1.1299435028248705,601398.SH
2023-01-04,3.58,3.6,3.56,3.56,201779778,877204366,0.07,-0.5586592178770999,601398.SH
2023-01-05,3.56,3.57,3.54,3.56,168713802,731034157,0.06,0.0,601398.SH
2023-01-08,3.57,3.58,3.56,3.56,166679160,723302384,0.06,0.0,601398.SH
2023-01-09,3.56,3.56,3.53,3.53,175125873,755033290,0.06,-0.8426966292134908,601398.SH
2023-01-10,3.53,3.55,3.52,3.54,134949638,581583428,0.05,0.2832861189801861,601398.SH
2023-01-11,3.54,3.55,3.52,3.53,109553061,471371597,0.04,-0.28248587570621764,601398.SH
2023-01-12,3.53,3.56,3.53,3.56,131055643,566908490,0.05,0.8498583569405138,601398.SH
2023-01-15,3.56,3.58,3.56,3.56,223950053,972719257,0.08,0.0,601398.SH
2023-01-16,3.56,3.57,3.54,3.56,134839646,583427985,0.05,0.0,601398.SH
2023-01-17,3.56,3.57,3.56,3.56,129040220,559746084,0.05,0.0,601398.SH
2023-01-18,3.56,3.56,3.54,3.56,131115398,566876473,0.05,0.0,601398.SH
2023-01-19,3.56,3.56,3.55,3.56,142323356,615310375,0.05,0.0,601398.SH
2023-01-29,3.56,3.57,3.54,3.55,245108379,1060660579,0.09,-0.2808988764045006,601398.SH
2023-01-30,3.55,3.56,3.54,3.55,168763524,729242573,0.06,0.0,601398.SH
2023-01-31,3.55,3.56,3.53,3.54,172925259,745664750,0.06,-0.28169014084505895,601398.SH
2023-02-01,3.55,3.55,3.53,3.53,202073628,870185102,0.07,-0.28248587570621764,601398.SH
2023-02-02,3.53,3.54,3.52,3.53,197419101,848654204,0.07,0.0,601398.SH
2023-02-05,3.53,3.53,3.52,3.52,216213750,926939859,0.08,-0.28328611898016387,601398.SH
2023-02-06,3.52,3.54,3.52,3.52,158352142,680140869,0.06,0.0,601398.SH
2023-02-07,3.53,3.54,3.52,3.53,129492829,556550720,0.05,0.28409090909089496,601398.SH
2023-02-08,3.52,3.54,3.52,3.53,130765909,562487646,0.05,0.0,601398.SH
2023-02-09,3.54,3.54,3.52,3.54,120237620,517287828,0.04,0.2832861189801861,601398.SH
2023-02-12,3.53,3.54,3.52,3.52,190254036,817263325,0.07,-0.5649717514124353,601398.SH
2023-02-13,3.53,3.54,3.52,3.53,106455757,457865981,0.04,0.28409090909089496,601398.SH
2023-02-14,3.53,3.54,3.52,3.52,204044617,875087611,0.08,-0.28328611898016387,601398.SH
2023-02-15,3.52,3.53,3.52,3.52,189424699,812550640,0.07,0.0,601398.SH
2023-02-16,3.52,3.53,3.52,3.52,178639516,766064990,0.07,0.0,601398.SH
2023-02-19,3.52,3.54,3.52,3.54,233984407,1004838515,0.09,0.5681818181818121,601398.SH
2023-02-20,3.53,3.55,3.53,3.55,167893037,724398198,0.06,0.28248587570620654,601398.SH
2023-02-21,3.55,3.55,3.53,3.53,93751993,404187271,0.03,-0.5633802816901401,601398.SH
2023-02-22,3.54,3.55,3.53,3.53,121562807,523722564,0.05,0.0,601398.SH
2023-02-23,3.54,3.54,3.52,3.52,139118256,597341180,0.05,-0.28328611898016387,601398.SH
2023-02-26,3.52,3.53,3.52,3.52,120180177,515168670,0.04,0.0,601398.SH
2023-02-27,3.52,3.53,3.52,3.53,158050125,677615166,0.06,0.28409090909089496,601398.SH
2023-02-28,3.53,3.54,3.52,3.53,257556670,1107847947,0.1,0.0,601398.SH
2023-03-01,3.53,3.55,3.52,3.55,220929425,952727208,0.08,0.56657223796035,601398.SH
2023-03-02,3.55,3.59,3.55,3.58,322251125,1399659368,0.12,0.8450704225352101,601398.SH
2023-03-05,3.59,3.6,3.56,3.57,321861178,1401037315,0.12,-0.27932960893854997,601398.SH
2023-03-06,3.57,3.68,3.56,3.61,677093404,2992988030,0.25,1.1204481792717047,601398.SH
2023-03-07,3.59,3.62,3.57,3.61,251397716,1098665504,0.09,0.0,601398.SH
2023-03-08,3.61,3.65,3.6,3.6,241087853,1062348001,0.09,-0.27700831024930483,601398.SH
2023-03-09,3.58,3.6,3.56,3.56,222125432,968749011,0.08,-1.1111111111111072,601398.SH
2023-03-12,3.56,3.62,3.56,3.61,249191240,1092169163,0.09,1.4044943820224587,601398.SH
2023-03-13,3.61,3.65,3.6,3.62,254264476,1122413927,0.09,0.27700831024930483,601398.SH
2023-03-14,3.64,3.67,3.62,3.66,289683079,1288387303,0.11,1.104972375690605,601398.SH
2023-03-15,3.66,3.75,3.65,3.71,587394744,2655044111,0.22,1.3661202185792254,601398.SH
2023-03-16,3.72,3.76,3.69,3.71,342858062,1553254966,0.13,0.0,601398.SH
2023-03-19,3.71,3.78,3.7,3.7,338644615,1541399770,0.13,-0.26954177897573484,601398.SH
2023-03-20,3.71,3.74,3.65,3.66,273510246,1222842097,0.1,-1.0810810810810811,601398.SH
2023-03-21,3.66,3.71,3.66,3.71,221808782,998009990,0.08,1.3661202185792254,601398.SH
2023-03-22,3.7,3.72,3.68,3.71,189847348,855390079,0.07,0.0,601398.SH
2023-03-23,3.7,3.7,3.67,3.68,161952887,726293380,0.06,-0.8086253369272156,601398.SH
2023-03-26,3.67,3.68,3.62,3.66,212695930,944911324,0.08,-0.5434782608695676,601398.SH
2023-03-27,3.67,3.7,3.65,3.69,171859069,768256378,0.06,0.8196721311475308,601398.SH
2023-03-28,3.7,3.72,3.66,3.7,215332456,969916345,0.08,0.27100271002711285,601398.SH
2023-03-29,3.7,3.74,3.68,3.71,181026632,816555471,0.07,0.2702702702702675,601398.SH
2023-03-30,3.71,3.71,3.66,3.66,234562482,1050304784,0.09,-1.3477088948786964,601398.SH
2023-04-02,3.66,3.67,3.65,3.66,200518609,892555875,0.07,0.0,601398.SH
2023-04-03,3.66,3.71,3.65,3.71,306159133,1376907554,0.11,1.3661202185792254,601398.SH
2023-04-05,3.7,3.73,3.69,3.72,195821608,884878223,0.07,0.26954177897575704,601398.SH
2023-04-06,3.71,3.73,3.7,3.72,124734768,564750744,0.05,0.0,601398.SH
2023-04-09,3.72,3.75,3.7,3.74,240344917,1090106743,0.09,0.5376344086021501,601398.SH
2023-04-10,3.74,3.75,3.72,3.74,185217653,843163088,0.07,0.0,601398.SH
2023-04-11,3.75,3.81,3.74,3.79,319851803,1472027339,0.12,1.3368983957219305,601398.SH
2023-04-12,3.78,3.82,3.76,3.8,218734268,1012149962,0.08,0.26385224274405594,601398.SH
2023-04-13,3.82,3.82,3.79,3.8,151496089,701396460,0.06,0.0,601398.SH
2023-04-16,3.8,3.89,3.79,3.89,355629181,1666156219,0.13,2.3684210526315974,601398.SH
2023-04-17,3.89,3.95,3.88,3.92,395257434,1882106553,0.15,0.7712082262210762,601398.SH
2023-04-18,3.92,3.94,3.9,3.91,269921378,1288443209,0.1,-0.25510204081632404,601398.SH
2023-04-19,3.91,3.93,3.84,3.89,318001341,1502667180,0.12,-0.5115089514066473,601398.SH
2023-04-20,3.89,3.93,3.85,3.86,315854005,1496588900,0.12,-0.7712082262210873,601398.SH
2023-04-23,3.86,3.9,3.84,3.88,306206810,1443750723,0.11,0.5181347150259086,601398.SH
2023-04-24,3.87,3.93,3.87,3.9,391567475,1857660019,0.15,0.5154639175257714,601398.SH
2023-04-25,3.89,3.93,3.82,3.9,400961115,1891851111,0.15,0.0,601398.SH
2023-04-26,3.89,3.9,3.86,3.9,265707962,1256636714,0.1,0.0,601398.SH
2023-04-27,3.89,3.93,3.86,3.88,250324400,1185262424,0.09,-0.512820512820511,601398.SH
2023-05-03,3.86,4.07,3.84,4.07,728970842,3541568882,0.27,4.89690721649485,601398.SH
2023-05-04,4.06,4.19,4.06,4.1,682881000,3428249976,0.25,0.7371007371007154,601398.SH
2023-05-07,4.12,4.4,4.12,4.35,1048861302,5490372106,0.39,6.0975609756097615,601398.SH
2023-05-08,4.41,4.49,4.29,4.33,933498615,4986593624,0.35,-0.45977011494251485,601398.SH
2023-05-09,4.29,4.32,4.1,4.13,751635446,3815734476,0.28,-4.618937644341803,601398.SH
2023-05-10,4.13,4.2,4.1,4.11,403736261,2028244040,0.15,-0.4842615012106477,601398.SH
2023-05-11,4.1,4.15,4.07,4.09,365183927,1822660939,0.14,-0.48661800486619056,601398.SH
2023-05-14,4.1,4.16,3.98,4.14,512125141,2529284812,0.19,1.2224938875305513,601398.SH
2023-05-15,4.14,4.22,4.09,4.12,323857900,1638354828,0.12,-0.48309178743960457,601398.SH
2023-05-16,4.1,4.14,4.05,4.1,261539551,1303973179,0.1,-0.4854368932038944,601398.SH
2023-05-17,4.11,4.25,4.1,4.21,440289321,2247012011,0.16,2.682926829268295,601398.SH
2023-05-18,4.2,4.22,4.14,4.14,308225032,1566953441,0.11,-1.6627078384798155,601398.SH
2023-05-21,4.14,4.23,4.12,4.16,257869576,1312745930,0.1,0.48309178743961567,601398.SH
2023-05-22,4.16,4.2,4.03,4.05,441179999,2195648031,0.16,-2.644230769230782,601398.SH
2023-05-23,4.07,4.07,3.9,3.91,522754145,2512302395,0.19,-3.4567901234567877,601398.SH
2023-05-24,3.89,3.92,3.86,3.89,346134735,1637454759,0.13,-0.5115089514066473,601398.SH
2023-05-25,3.89,3.98,3.88,3.94,234693092,1123359457,0.09,1.285347043701801,601398.SH
2023-05-28,3.95,4.01,3.94,3.98,298055948,1441539230,0.11,1.0152284263959421,601398.SH
2023-05-29,3.98,4.01,3.93,3.96,268917549,1298717694,0.1,-0.5025125628140725,601398.SH
2023-05-30,3.95,4.0,3.93,3.97,251354153,1215088902,0.09,0.2525252525252597,601398.SH
2023-05-31,3.96,4.04,3.94,3.99,270866017,1316044948,0.1,0.5037783375314797,601398.SH
2023-06-01,3.99,4.02,3.98,4.01,159486842,775899590,0.06,0.5012531328320691,601398.SH
2023-06-04,4.01,4.09,3.99,4.07,196182025,969318119,0.07,1.4962593516209655,601398.SH
2023-06-05,4.07,4.15,4.06,4.07,250176490,1251780679,0.09,0.0,601398.SH
2023-06-06,4.08,4.15,4.08,4.12,219296442,1099411845,0.08,1.228501228501222,601398.SH
2023-06-07,4.12,4.19,4.09,4.18,241381683,1219117768,0.09,1.4563106796116498,601398.SH
2023-06-08,4.17,4.21,4.16,4.16,211425548,1075351684,0.08,-0.4784688995215225,601398.SH
2023-06-11,4.17,4.18,4.07,4.08,270665625,1353794292,0.1,-1.9230769230769273,601398.SH
2023-06-12,4.07,4.12,4.07,4.11,162239381,809442490,0.06,0.7352941176470562,601398.SH
2023-06-13,4.1,4.12,3.99,4.0,350457716,1728125975,0.13,-2.676399026763998,601398.SH
2023-06-14,4.02,4.07,4.0,4.03,225251916,1105624109,0.08,0.7500000000000062,601398.SH
2023-06-15,4.03,4.04,4.01,4.01,217723833,1066214514,0.08,-0.49627791563277013,601398.SH
2023-06-18,4.01,4.02,3.95,3.97,229411514,1110369621,0.09,-0.9975062344139585,601398.SH
2023-06-19,3.97,4.0,3.94,3.97,175480258,847809825,0.07,0.0,601398.SH
2023-06-20,3.96,4.05,3.95,3.98,273608767,1333802300,0.1,0.25188916876572875,601398.SH
2023-06-25,3.98,3.99,3.9,3.92,298983796,1430494631,0.11,-1.5075376884422176,601398.SH
2023-06-26,3.92,3.96,3.89,3.95,212921448,1020036538,0.08,0.7653061224489832,601398.SH
2023-06-27,3.94,3.98,3.93,3.96,191402617,921642614,0.07,0.25316455696202667,601398.SH
2023-06-28,3.95,3.96,3.93,3.93,176864700,848123797,0.07,-0.7575757575757569,601398.SH
2023-06-29,3.93,3.98,3.93,3.96,178939386,861972306,0.07,0.7633587786259444,601398.SH
2023-07-02,3.98,4.02,3.94,4.01,288517237,1401397653,0.11,1.262626262626254,601398.SH
2023-07-03,4.0,4.01,3.96,3.97,223608129,1083994704,0.08,-0.9975062344139585,601398.SH
2023-07-04,3.97,3.98,3.93,3.96,165050824,795131316,0.06,-0.25188916876575096,601398.SH
2023-07-05,3.94,3.97,3.91,3.92,240267818,1150747048,0.09,-1.0101010101010055,601398.SH
2023-07-06,3.91,3.95,3.9,3.91,220464340,1052383642,0.08,-0.25510204081632404,601398.SH
2023-07-09,3.92,3.93,3.9,3.92,125939340,600869277,0.05,0.2557544757033181,601398.SH
2023-07-10,3.93,3.98,3.93,3.97,181036138,872812383,0.07,1.2755102040816313,601398.SH
2023-07-11,3.97,3.99,3.94,3.95,186267315,899237410,0.07,-0.5037783375314908,601398.SH
2023-07-12,3.96,4.02,3.96,4.0,258113339,1252501956,0.1,1.2658227848101111,601398.SH
2023-07-13,4.01,4.02,3.98,4.0,305679951,1490328854,0.11,0.0,601398.SH
2023-07-16,4.03,4.04,3.98,4.0,287292576,1313140480,0.11,0.0,601398.SH
2023-07-17,4.0,4.01,3.96,3.97,210410278,955282786,0.08,-0.7499999999999951,601398.SH
2023-07-18,3.97,4.0,3.96,3.99,145154682,659323287,0.05,0.5037783375314797,601398.SH
2023-07-19,4.0,4.03,3.99,4.01,144410538,661920422,0.05,0.5012531328320691,601398.SH
2023-07-20,4.0,4.02,3.99,4.01,130322632,596118856,0.05,0.0,601398.SH
2023-07-23,4.0,4.02,3.97,4.0,115890583,528908860,0.04,-0.24937655860348684,601398.SH
2023-07-24,4.02,4.05,4.01,4.04,192450760,887398435,0.07,1.0000000000000009,601398.SH
2023-07-25,4.04,4.06,4.03,4.05,115433768,533491432,0.04,0.24752475247524774,601398.SH
2023-07-26,4.05,4.16,4.05,4.11,240424094,1130511654,0.09,1.4814814814814836,601398.SH
2023-07-27,4.1,4.2,4.09,4.19,258504518,1229649771,0.1,1.9464720194647178,601398.SH
2023-07-30,4.2,4.25,4.15,4.18,282209705,1351064410,0.1,-0.23866348448688957,601398.SH
2023-07-31,4.18,4.2,4.16,4.18,184994817,883177021,0.07,0.0,601398.SH
2023-08-01,4.16,4.17,4.07,4.09,301643561,1414477098,0.11,-2.1531100478468845,601398.SH
2023-08-02,4.09,4.15,4.06,4.13,211053335,991496643,0.08,0.9779951100244544,601398.SH
2023-08-03,4.15,4.18,4.11,4.15,235955082,1118833388,0.09,0.4842615012106588,601398.SH
2023-08-06,4.14,4.14,4.09,4.12,189989034,892038939,0.07,-0.7228915662650715,601398.SH
2023-08-07,4.11,4.12,4.09,4.1,129297486,605700032,0.05,-0.4854368932038944,601398.SH
2023-08-08,4.09,4.12,4.09,4.12,127589157,599028493,0.05,0.4878048780487809,601398.SH
2023-08-09,4.11,4.12,4.09,4.11,125126326,586262307,0.05,-0.24271844660194164,601398.SH
2023-08-10,4.11,4.11,4.04,4.04,206555365,958427435,0.08,-1.7031630170316392,601398.SH
2023-08-13,4.02,4.02,3.97,3.99,206290437,940677037,0.08,-1.2376237623762387,601398.SH
2023-08-14,4.0,4.08,3.99,4.06,190195741,876696048,0.07,1.754385964912264,601398.SH
2023-08-15,4.04,4.07,4.03,4.06,131958720,610777724,0.05,0.0,601398.SH
2023-08-16,4.05,4.05,4.0,4.03,177738013,816332097,0.07,-0.7389162561576179,601398.SH
2023-08-17,4.02,4.09,4.01,4.04,210684420,975878347,0.08,0.2481389578163684,601398.SH
2023-08-20,4.04,4.05,3.99,3.99,200805966,919967016,0.07,-1.2376237623762387,601398.SH
2023-08-21,4.0,4.06,3.98,4.04,259120096,1189461330,0.1,1.2531328320801949,601398.SH
2023-08-22,4.04,4.1,4.02,4.06,251984855,1170788998,0.09,0.4950495049504955,601398.SH
2023-08-23,4.07,4.08,4.02,4.02,211778809,976867240,0.08,-0.9852216748768461,601398.SH
2023-08-24,4.01,4.1,4.01,4.08,267093185,1238221615,0.1,1.4925373134328401,601398.SH
2023-08-27,4.2,4.2,4.1,4.14,433547377,2047848273,0.16,1.4705882352941124,601398.SH
2023-08-28,4.12,4.13,4.04,4.05,380580667,1766953944,0.14,-2.1739130434782594,601398.SH
2023-08-29,4.05,4.05,4.0,4.02,325421081,1492263143,0.12,-0.7407407407407418,601398.SH
2023-08-30,4.01,4.06,3.99,4.04,289427934,1328761084,0.11,0.4975124378109541,601398.SH
2023-08-31,4.02,4.04,3.98,4.0,296828399,1357727426,0.11,-0.990099009900991,601398.SH
2023-09-03,4.01,4.04,3.99,4.03,251176029,1153387625,0.09,0.7500000000000062,601398.SH
2023-09-04,4.02,4.03,4.01,4.02,166532913,764627604,0.06,-0.24813895781639062,601398.SH
2023-09-05,4.01,4.04,4.01,4.04,156562216,721190246,0.06,0.4975124378109541,601398.SH
2023-09-06,4.04,4.06,4.03,4.04,211028480,975710530,0.08,0.0,601398.SH
2023-09-07,4.04,4.04,4.01,4.02,122821874,563775965,0.05,-0.4950495049505066,601398.SH
2023-09-10,4.02,4.04,4.01,4.02,173410368,796563541,0.06,0.0,601398.SH
2023-09-11,4.02,4.03,4.01,4.03,126071489,578873994,0.05,0.24875621890549926,601398.SH
2023-09-12,4.03,4.05,4.02,4.04,206287857,951230236,0.08,0.2481389578163684,601398.SH
2023-09-13,4.05,4.1,4.04,4.1,351170670,1638629281,0.13,1.4851485148514865,601398.SH
2023-09-14,4.1,4.11,4.05,4.05,239732357,1116627267,0.09,-1.2195121951219523,601398.SH
2023-09-17,4.06,4.07,4.04,4.06,166125786,768769281,0.06,0.24691358024691024,601398.SH
2023-09-18,4.06,4.1,4.05,4.1,206613320,963619723,0.08,0.9852216748768461,601398.SH
2023-09-19,4.09,4.12,4.08,4.11,284415941,1334624084,0.11,0.24390243902441266,601398.SH
2023-09-20,4.11,4.15,4.1,4.11,298161943,1401644984,0.11,0.0,601398.SH
2023-09-21,4.11,4.15,4.09,4.15,309988640,1460209787,0.11,0.9732360097323589,601398.SH
2023-09-24,4.15,4.17,4.13,4.14,237222711,1124713307,0.09,-0.2409638554217053,601398.SH
2023-09-25,4.15,4.16,4.1,4.11,214847545,1011746717,0.08,-0.7246376811594013,601398.SH
2023-09-26,4.11,4.12,4.07,4.07,225802862,1054101377,0.08,-0.9732360097323589,601398.SH
2023-09-27,4.09,4.11,4.08,4.1,156971696,734762892,0.06,0.7371007371007154,601398.SH
2023-10-08,4.07,4.11,4.05,4.09,214806559,1002756576,0.08,-0.24390243902439046,601398.SH
2023-10-09,4.11,4.13,4.09,4.1,186035624,873180320,0.07,0.24449877750609694,601398.SH
2023-10-10,4.11,4.14,4.11,4.13,269205011,1269006831,0.1,0.7317073170731714,601398.SH
2023-10-11,4.2,4.25,4.18,4.24,567765757,2734640605,0.21,2.6634382566586012,601398.SH
2023-10-12,4.21,4.32,4.2,4.28,428227331,2094706164,0.16,0.9433962264151052,601398.SH
2023-10-15,4.27,4.32,4.25,4.31,282349473,1381506632,0.1,0.7009345794392274,601398.SH
2023-10-16,4.3,4.32,4.28,4.31,190043865,932409041,0.07,0.0,601398.SH
2023-10-17,4.3,4.36,4.29,4.32,275779040,1360530618,0.1,0.23201856148493682,601398.SH
2023-10-18,4.3,4.31,4.21,4.23,363163394,1759426129,0.13,-2.083333333333326,601398.SH
2023-10-19,4.2,4.24,4.17,4.19,274782494,1317398881,0.1,-0.9456264775413725,601398.SH
2023-10-22,4.18,4.25,4.18,4.22,268713543,1295265514,0.1,0.7159904534606021,601398.SH
2023-10-23,4.22,4.23,4.14,4.17,335548267,1596617824,0.12,-1.1848341232227444,601398.SH
2023-10-24,4.18,4.19,4.12,4.12,348926020,1648499684,0.13,-1.1990407673860837,601398.SH
2023-10-25,4.12,4.2,4.12,4.19,306531320,1460187893,0.11,1.6990291262136026,601398.SH
2023-10-26,4.2,4.23,4.16,4.18,292963333,1401153452,0.11,-0.23866348448688957,601398.SH
2023-10-29,4.16,4.17,4.08,4.11,468611543,2199149845,0.17,-1.6746411483253398,601398.SH
2023-10-30,4.11,4.15,4.09,4.14,241111606,1136787730,0.09,0.7299270072992581,601398.SH
2023-10-31,4.15,4.18,4.11,4.18,216678245,1029343589,0.08,0.9661835748792313,601398.SH
2023-11-01,4.18,4.22,4.18,4.18,213221716,1023208913,0.08,0.0,601398.SH
2023-11-02,4.18,4.19,4.14,4.15,199554443,948809750,0.07,-0.7177033492822837,601398.SH
2023-11-05,4.15,4.17,4.11,4.12,315553562,1487054517,0.12,-0.7228915662650715,601398.SH
2023-11-06,4.12,4.16,4.11,4.13,176268114,831535432,0.07,0.24271844660193054,601398.SH
2023-11-07,4.12,4.15,4.11,4.12,230797803,1088088168,0.09,-0.2421307506053183,601398.SH
2023-11-08,4.11,4.19,4.11,4.18,277464405,1319361414,0.1,1.4563106796116498,601398.SH
2023-11-09,4.18,4.22,4.15,4.18,215701907,1030812616,0.08,0.0,601398.SH
2023-11-12,4.18,4.18,4.13,4.17,178447223,845699968,0.07,-0.23923444976076125,601398.SH
2023-11-13,4.16,4.19,4.14,4.19,206539273,983406086,0.08,0.4796163069544557,601398.SH
2023-11-14,4.18,4.2,4.18,4.19,151014482,722371077,0.06,0.0,601398.SH
2023-11-15,4.18,4.22,4.18,4.2,178304921,856430948,0.07,0.23866348448686736,601398.SH
2023-11-16,4.2,4.21,4.17,4.18,173374518,828856950,0.06,-0.4761904761904856,601398.SH
2023-11-19,4.18,4.22,4.18,4.21,173724426,833340524,0.06,0.7177033492822948,601398.SH
2023-11-20,4.21,4.24,4.2,4.21,185578621,893722004,0.07,0.0,601398.SH
2023-11-21,4.2,4.23,4.19,4.2,142623261,685928359,0.05,-0.23752969121139111,601398.SH
2023-11-22,4.21,4.21,4.18,4.2,171301515,820169689,0.06,0.0,601398.SH
2023-11-23,4.2,4.22,4.19,4.2,186232446,895099924,0.07,0.0,601398.SH
2023-11-26,4.19,4.2,4.16,4.18,218371003,1041992127,0.08,-0.4761904761904856,601398.SH
2023-11-27,4.18,4.2,4.18,4.19,133351104,638025597,0.05,0.23923444976077235,601398.SH
2023-11-28,4.18,4.19,4.17,4.18,160800736,767506443,0.06,-0.23866348448688957,601398.SH
2023-11-29,4.18,4.21,4.17,4.21,214640258,1027384355,0.08,0.7177033492822948,601398.SH
2023-11-30,4.2,4.23,4.19,4.21,250046651,1202312573,0.09,0.0,601398.SH
2023-12-03,4.21,4.23,4.2,4.2,153186134,736651082,0.06,-0.23752969121139111,601398.SH
2023-12-04,4.2,4.21,4.17,4.17,198198879,948472231,0.07,-0.7142857142857229,601398.SH
2023-12-05,4.17,4.17,4.11,4.11,295296499,1394679540,0.11,-1.4388489208633004,601398.SH
2023-12-06,4.11,4.16,4.1,4.14,234775811,1108498604,0.09,0.7299270072992581,601398.SH
2023-12-07,4.15,4.18,4.13,4.14,198378401,940179674,0.07,0.0,601398.SH
2023-12-10,4.13,4.16,4.07,4.14,279616194,1313136708,0.1,0.0,601398.SH
2023-12-11,4.13,4.2,4.11,4.19,276903714,1320664344,0.1,1.2077294685990614,601398.SH
2023-12-12,4.19,4.21,4.18,4.19,249030427,1194973334,0.09,0.0,601398.SH
2023-12-13,4.19,4.21,4.17,4.18,152173810,727096831,0.06,-0.23866348448688957,601398.SH
2023-12-14,4.18,4.19,4.14,4.14,195390487,929151542,0.07,-0.9569377990430672,601398.SH
2023-12-17,4.14,4.2,4.12,4.18,238076215,1134338057,0.09,0.9661835748792313,601398.SH
2023-12-18,4.18,4.2,4.17,4.19,175394013,840048362,0.07,0.23923444976077235,601398.SH
2023-12-19,4.2,4.23,4.18,4.19,221981982,1066878030,0.08,0.0,601398.SH
2023-12-20,4.18,4.2,4.14,4.19,246534466,1174701829,0.09,0.0,601398.SH
2023-12-21,4.19,4.2,4.17,4.18,221855554,1060976699,0.08,-0.23866348448688957,601398.SH
2023-12-24,4.18,4.21,4.18,4.2,109480935,524989286,0.04,0.4784688995215447,601398.SH
2023-12-25,4.2,4.22,4.19,4.22,148737176,715555035,0.06,0.4761904761904745,601398.SH
2023-12-26,4.22,4.24,4.18,4.23,184318820,886215652,0.07,0.23696682464455776,601398.SH
2023-12-27,4.23,4.25,4.18,4.18,346516202,1664753044,0.13,-1.1820330969267268,601398.SH
2023-12-28,4.18,4.2,4.18,4.18,180047763,861564197,0.07,0.0,601398.SH
2024-01-01,4.18,4.23,4.18,4.19,207181111,995101442,0.08,0.23923444976077235,601398.SH
2024-01-02,4.19,4.25,4.18,4.24,248895427,1201719346,0.09,1.193317422434359,601398.SH
2024-01-03,4.24,4.29,4.23,4.28,286567559,1396443521,0.11,0.9433962264151052,601398.SH
2024-01-04,4.28,4.32,4.25,4.26,286074720,1403610998,0.11,-0.4672897196261738,601398.SH
2024-01-07,4.26,4.3,4.25,4.27,325225728,1588242673,0.12,0.23474178403755097,601398.SH
2024-01-08,4.27,4.28,4.23,4.27,225734456,1097994737,0.08,0.0,601398.SH
2024-01-09,4.26,4.3,4.23,4.25,234243492,1138531555,0.09,-0.4683840749414414,601398.SH
2024-01-10,4.24,4.25,4.18,4.18,330666851,1587950047,0.12,-1.6470588235294237,601398.SH
2024-01-11,4.18,4.23,4.17,4.21,230066493,1105695049,0.09,0.7177033492822948,601398.SH
2024-01-14,4.2,4.25,4.19,4.25,181048290,874409887,0.07,0.9501187648456089,601398.SH
2024-01-15,4.24,4.29,4.24,4.28,248039913,1207827031,0.09,0.7058823529411784,601398.SH
2024-01-16,4.27,4.29,4.24,4.24,276631705,1349034066,0.1,-0.9345794392523366,601398.SH
2024-01-17,4.23,4.27,4.13,4.25,523277295,2503424284,0.19,0.2358490566037652,601398.SH
2024-01-18,4.23,4.28,4.19,4.28,386721535,1875529373,0.14,0.7058823529411784,601398.SH
2024-01-21,4.26,4.32,4.25,4.28,442063513,2173336066,0.16,0.0,601398.SH
2024-01-22,4.28,4.31,4.24,4.28,310748810,1515560674,0.12,0.0,601398.SH
2024-01-23,4.29,4.36,4.27,4.35,334847464,1650534905,0.12,1.635514018691575,601398.SH
2024-01-24,4.36,4.42,4.35,4.39,343758376,1721285077,0.13,0.9195402298850519,601398.SH
2024-01-25,4.39,4.47,4.37,4.46,389936754,1970826387,0.14,1.5945330296127658,601398.SH
2024-01-28,4.45,4.55,4.45,4.52,384404139,1981081369,0.14,1.3452914798206095,601398.SH
2024-01-29,4.5,4.53,4.46,4.49,291481662,1498554326,0.11,-0.6637168141592764,601398.SH
2024-01-30,4.48,4.54,4.46,4.53,296385863,1525456799,0.11,0.8908685968819663,601398.SH
2024-01-31,4.51,4.55,4.49,4.5,299371509,1544401622,0.11,-0.6622516556291425,601398.SH
2024-02-01,4.5,4.55,4.46,4.53,407597819,2103998356,0.15,0.6666666666666821,601398.SH
2024-02-04,4.53,4.64,4.52,4.63,615938832,3242203982,0.23,2.207505518763786,601398.SH
2024-02-05,4.63,4.71,4.61,4.66,564913691,3006603608,0.21,0.6479481641468832,601398.SH
2024-02-06,4.65,4.65,4.45,4.58,775335496,4010563947,0.29,-1.716738197424894,601398.SH
2024-02-07,4.52,4.53,4.46,4.52,465369343,2383629316,0.17,-1.310043668122285,601398.SH
2024-02-18,4.52,4.62,4.46,4.61,479714386,2503180356,0.18,1.9911504424778848,601398.SH
2024-02-19,4.61,4.69,4.58,4.68,305978096,1626681256,0.11,1.5184381778741818,601398.SH
2024-02-20,4.67,4.79,4.67,4.74,346734893,1875270275,0.13,1.2820512820512997,601398.SH
2024-02-21,4.73,4.75,4.69,4.74,223127868,1204599969,0.08,0.0,601398.SH
2024-02-22,4.74,4.83,4.74,4.8,358318546,1967299036,0.13,1.2658227848101111,601398.SH
2024-02-25,4.8,4.8,4.64,4.66,367717860,1977747711,0.14,-2.9166666666666563,601398.SH
2024-02-26,4.64,4.69,4.6,4.64,294099947,1560959829,0.11,-0.42918454935623185,601398.SH
2024-02-27,4.64,4.7,4.58,4.67,380609395,2021720033,0.14,0.6465517241379448,601398.SH
2024-02-28,4.65,4.69,4.64,4.67,252077765,1342717318,0.09,0.0,601398.SH
2024-02-29,4.66,4.68,4.63,4.67,247751146,1317310136,0.09,0.0,601398.SH
2024-03-03,4.66,4.67,4.62,4.66,255757275,1359409110,0.09,-0.21413276231262435,601398.SH
2024-03-04,4.66,4.8,4.64,4.78,429846712,2323265996,0.16,2.5751072961373467,601398.SH
2024-03-05,4.77,4.81,4.68,4.68,352787155,1910626811,0.13,-2.092050209205032,601398.SH
2024-03-06,4.68,4.73,4.67,4.71,307459409,1650760690,0.11,0.6410256410256387,601398.SH
2024-03-07,4.7,4.73,4.67,4.72,247200399,1328152980,0.09,0.2123142250530785,601398.SH
2024-03-10,4.71,4.72,4.67,4.7,224302648,1200710433,0.08,-0.4237288135593098,601398.SH
2024-03-11,4.69,4.69,4.54,4.55,511714772,2688688960,0.19,-3.191489361702138,601398.SH
2024-03-12,4.54,4.56,4.5,4.53,300360721,1555083541,0.11,-0.4395604395604269,601398.SH
2024-03-13,4.52,4.58,4.5,4.54,241311421,1253072994,0.09,0.22075055187638082,601398.SH
2024-03-14,4.54,4.59,4.54,4.56,225861420,1177297474,0.08,0.4405286343612147,601398.SH
2024-03-17,4.56,4.57,4.53,4.53,191173451,991424880,0.07,-0.6578947368420907,601398.SH
2024-03-18,4.53,4.55,4.51,4.51,202804619,1048062766,0.08,-0.44150110375277274,601398.SH
2024-03-19,4.51,4.57,4.48,4.55,245397599,1270999033,0.09,0.8869179600886845,601398.SH
2024-03-20,4.55,4.59,4.53,4.57,205106253,1069468123,0.08,0.4395604395604602,601398.SH
2024-03-21,4.58,4.61,4.53,4.6,265784434,1390667475,0.1,0.6564551422319376,601398.SH
2024-03-24,4.6,4.63,4.59,4.63,237408100,1252612475,0.09,0.6521739130434856,601398.SH
2024-03-25,4.63,4.67,4.6,4.67,243359624,1289061751,0.09,0.8639308855291628,601398.SH
2024-03-26,4.66,4.72,4.64,4.69,290707855,1558334370,0.11,0.4282655246252709,601398.SH
2024-03-27,4.67,4.68,4.57,4.6,397889768,2091220999,0.15,-1.9189765458422325,601398.SH
2024-03-28,4.6,4.67,4.58,4.62,229812271,1217142787,0.09,0.43478260869567187,601398.SH
2024-03-31,4.62,4.66,4.61,4.63,201919927,1069899178,0.07,0.21645021645020357,601398.SH
2024-04-01,4.63,4.69,4.62,4.67,314250134,1675629707,0.12,0.8639308855291628,601398.SH
2024-04-02,4.67,4.69,4.64,4.67,218224133,1164487633,0.08,0.0,601398.SH
2024-04-07,4.67,4.74,4.65,4.73,307046883,1649825520,0.11,1.2847965738758127,601398.SH
2024-04-08,4.73,4.76,4.66,4.67,313915016,1683877064,0.12,-1.268498942917562,601398.SH
2024-04-09,4.67,4.72,4.66,4.67,244947247,1311190477,0.09,0.0,601398.SH
2024-04-10,4.66,4.67,4.61,4.66,200263755,1064148840,0.07,-0.21413276231262435,601398.SH
2024-04-11,4.66,4.68,4.63,4.66,248394369,1321908574,0.09,0.0,601398.SH
2024-04-14,4.67,4.75,4.67,4.74,401243940,2162688286,0.15,1.7167381974249052,601398.SH
2024-04-15,4.74,4.81,4.71,4.79,400069253,2183179673,0.15,1.0548523206751037,601398.SH
2024-04-16,4.77,4.83,4.72,4.81,332204161,1811875418,0.12,0.41753653444676075,601398.SH
2024-04-17,4.81,4.93,4.8,4.83,387972759,2153809249,0.14,0.4158004158004269,601398.SH
2024-04-18,4.81,4.89,4.81,4.86,255940597,1421250834,0.09,0.6211180124223725,601398.SH
2024-04-21,4.88,4.94,4.79,4.8,327521249,1813431121,0.12,-1.2345679012345734,601398.SH
2024-04-22,4.81,4.88,4.78,4.81,330912967,1827802629,0.12,0.2083333333333215,601398.SH
2024-04-23,4.81,4.83,4.78,4.79,236025975,1292875949,0.09,-0.4158004158004047,601398.SH
2024-04-24,4.8,4.81,4.77,4.81,165074556,903595425,0.06,0.41753653444676075,601398.SH
2024-04-25,4.81,4.85,4.72,4.73,471033131,2563059301,0.17,-1.663201663201641,601398.SH
2024-04-28,4.72,4.76,4.67,4.71,349015064,1882123563,0.13,-0.42283298097252064,601398.SH
2024-04-29,4.7,4.77,4.69,4.75,260174383,1410153799,0.1,0.849256900212314,601398.SH
2024-05-05,4.77,4.79,4.69,4.7,405871400,2189241442,0.15,-1.0526315789473606,601398.SH
2024-05-06,4.7,4.74,4.68,4.73,278163143,1495708240,0.1,0.6382978723404209,601398.SH
2024-05-07,4.73,4.77,4.71,4.74,296767233,1608594647,0.11,0.21141649048626032,601398.SH
2024-05-08,4.73,4.74,4.7,4.71,240195598,1293993946,0.09,-0.6329113924050667,601398.SH
2024-05-09,4.72,4.74,4.71,4.73,264686114,1429642027,0.1,0.424628450106157,601398.SH
2024-05-12,4.73,4.75,4.69,4.74,239093956,1289851740,0.09,0.21141649048626032,601398.SH
2024-05-13,4.74,4.74,4.69,4.7,257866693,1387229378,0.1,-0.8438818565400852,601398.SH
2024-05-14,4.7,4.72,4.69,4.71,142708145,766846437,0.05,0.21276595744681437,601398.SH
2024-05-15,4.7,4.74,4.69,4.74,297188855,1603335346,0.11,0.6369426751592355,601398.SH
2024-05-16,4.74,4.79,4.72,4.79,383001626,2079470080,0.14,1.0548523206751037,601398.SH
2024-05-19,4.79,4.84,4.76,4.78,331820267,1817190585,0.12,-0.20876826722338038,601398.SH
2024-05-20,4.78,4.82,4.76,4.81,273676042,1498524386,0.1,0.6276150627614996,601398.SH
2024-05-21,4.81,4.85,4.81,4.82,245844077,1356650240,0.09,0.20790020790022457,601398.SH
2024-05-22,4.83,4.84,4.79,4.81,224162538,1231956387,0.08,-0.20746887966806016,601398.SH
2024-05-23,4.81,4.82,4.76,4.76,226186085,1238699584,0.08,-1.039501039501034,601398.SH
2024-05-26,4.77,4.81,4.76,4.8,215568186,1178996874,0.08,0.8403361344537785,601398.SH
2024-05-27,4.8,4.82,4.78,4.81,195724015,1074148916,0.07,0.2083333333333215,601398.SH
2024-05-28,4.81,4.82,4.77,4.79,227719946,1247889692,0.08,-0.4158004158004047,601398.SH
2024-05-29,4.79,4.8,4.74,4.76,223985068,1219754897,0.08,-0.6263048016701522,601398.SH
2024-05-30,4.77,4.79,4.75,4.75,203742314,1110323552,0.08,-0.21008403361344463,601398.SH
2024-06-02,4.75,4.77,4.74,4.76,215772721,1171716314,0.08,0.21052631578946102,601398.SH
2024-06-03,4.76,4.79,4.76,4.79,175628796,958146651,0.07,0.6302521008403339,601398.SH
2024-06-04,4.79,4.8,4.77,4.78,188997545,1031778716,0.07,-0.20876826722338038,601398.SH
2024-06-05,4.78,4.81,4.77,4.78,237521446,1298076592,0.09,0.0,601398.SH
2024-06-06,4.78,4.83,4.77,4.83,297294346,1633744047,0.11,1.0460251046024993,601398.SH
2024-06-10,4.83,4.85,4.76,4.76,333761444,1829863373,0.12,-1.449275362318847,601398.SH
2024-06-11,4.76,4.77,4.69,4.73,323476183,1745522080,0.12,-0.6302521008403228,601398.SH
2024-06-12,4.73,4.76,4.72,4.75,180474450,977764799,0.07,0.42283298097249844,601398.SH
2024-06-13,4.75,4.83,4.74,4.81,369814097,2027587055,0.14,1.2631578947368327,601398.SH
2024-06-16,4.81,4.81,4.73,4.75,273785828,1489815818,0.1,-1.2474012474012364,601398.SH
2024-06-17,4.74,4.78,4.72,4.77,201065032,1091725781,0.07,0.42105263157894424,601398.SH
2024-06-18,4.76,4.81,4.76,4.81,247937006,1360484560,0.09,0.8385744234800763,601398.SH
2024-06-19,4.81,4.83,4.8,4.83,213376662,1175329569,0.08,0.4158004158004269,601398.SH
2024-06-20,4.82,4.84,4.8,4.82,224827378,1239151678,0.08,-0.20703933747411307,601398.SH
2024-06-23,4.82,4.88,4.81,4.88,331721147,1839293338,0.12,1.2448132780082943,601398.SH
2024-06-24,4.87,4.91,4.86,4.9,292474147,1633949389,0.11,0.4098360655737876,601398.SH
2024-06-25,4.9,4.95,4.89,4.93,252470534,1420409162,0.09,0.6122448979591688,601398.SH
2024-06-26,4.92,5.0,4.9,4.99,315653580,1788966261,0.12,1.217038539553772,601398.SH
2024-06-27,4.98,5.01,4.95,4.99,268553336,1525746420,0.1,0.0,601398.SH
2024-06-30,4.98,5.12,4.97,5.09,320284626,1854826332,0.12,2.004008016032066,601398.SH
2024-07-01,5.09,5.23,5.09,5.23,377040533,2234061030,0.14,2.7504911591355707,601398.SH
2024-07-02,5.22,5.23,5.12,5.16,274371879,1619018146,0.1,-1.3384321223709472,601398.SH
2024-07-03,5.16,5.23,5.15,5.22,261898011,1556909212,0.1,1.1627906976744207,601398.SH
2024-07-04,5.22,5.25,5.09,5.1,399311982,2341435825,0.15,-2.298850574712641,601398.SH
2024-07-07,5.09,5.2,5.09,5.16,288364882,1699967172,0.11,1.1764705882353121,601398.SH
2024-07-08,5.16,5.2,5.12,5.2,295534319,1746477244,0.11,0.7751937984496138,601398.SH
2024-07-09,5.2,5.26,5.2,5.25,287630133,1720936653,0.11,0.9615384615384581,601398.SH
2024-07-10,5.25,5.25,5.13,5.19,376798473,2229396343,0.14,-1.1428571428571344,601398.SH
2024-07-11,5.18,5.34,5.17,5.32,400967281,2418946581,0.15,2.5048169556840083,601398.SH
2024-07-14,5.33,5.46,5.3,5.43,428958260,2640918177,0.16,2.0676691729323293,601398.SH
2024-07-15,5.45,5.5,5.37,5.43,503559121,2966243649,0.19,0.0,601398.SH
2024-07-16,5.42,5.47,5.38,5.45,321899185,1898464088,0.12,0.36832412523020164,601398.SH
2024-07-17,5.44,5.45,5.4,5.45,255386418,1505808655,0.09,0.0,601398.SH
2024-07-18,5.44,5.45,5.36,5.45,360143972,2112440788,0.13,0.0,601398.SH
2024-07-21,5.42,5.43,5.31,5.38,323060657,1879506552,0.12,-1.2844036697247763,601398.SH
2024-07-22,5.36,5.58,5.35,5.54,508143809,3034821327,0.19,2.973977695167296,601398.SH
2024-07-23,5.53,5.63,5.52,5.58,318449785,1929595590,0.12,0.7220216606498298,601398.SH
2024-07-24,5.57,5.64,5.5,5.58,411478668,2488088460,0.15,0.0,601398.SH
2024-07-25,5.57,5.59,5.4,5.46,415945631,2462785200,0.15,-2.1505376344086002,601398.SH
2024-07-28,5.45,5.51,5.38,5.51,261893127,1555917031,0.1,0.9157509157509125,601398.SH
2024-07-29,5.5,5.56,5.45,5.52,249533509,1490211571,0.09,0.1814882032667775,601398.SH
2024-07-30,5.51,5.54,5.37,5.39,461472959,2712777024,0.17,-2.3550724637681153,601398.SH
2024-07-31,5.37,5.45,5.28,5.42,373139397,2178941279,0.14,0.5565862708719838,601398.SH
2024-08-01,5.39,5.45,5.37,5.42,281415849,1655728285,0.1,0.0,601398.SH
2024-08-04,5.42,5.48,5.37,5.41,319544631,1883504218,0.12,-0.18450184501844769,601398.SH
2024-08-05,5.42,5.43,5.33,5.34,275470037,1604677490,0.1,-1.2939001848428888,601398.SH
2024-08-06,5.36,5.42,5.34,5.36,227015219,1326499665,0.08,0.3745318352059934,601398.SH
2024-08-07,5.37,5.42,5.35,5.41,187175943,1095813858,0.07,0.9328358208955168,601398.SH
2024-08-08,5.41,5.46,5.38,5.45,185078805,1091650499,0.07,0.7393715341959428,601398.SH
2024-08-11,5.45,5.55,5.45,5.52,225847836,1350053507,0.08,1.284403669724754,601398.SH
2024-08-12,5.52,5.6,5.46,5.53,240418694,1445004523,0.09,0.18115942028986698,601398.SH
2024-08-13,5.51,5.57,5.5,5.55,188044815,1129757322,0.07,0.3616636528028794,601398.SH
2024-08-14,5.55,5.58,5.53,5.57,206740074,1247677390,0.08,0.3603603603603789,601398.SH
2024-08-15,5.57,5.67,5.56,5.66,270194042,1647386714,0.1,1.6157989228007263,601398.SH
2024-08-18,5.66,5.8,5.62,5.78,338863514,2104346757,0.13,2.1201413427561766,601398.SH
2024-08-19,5.77,5.9,5.76,5.89,399597420,2534261643,0.15,1.903114186851207,601398.SH
2024-08-20,5.85,5.86,5.76,5.8,331588320,2088630842,0.12,-1.5280135823429464,601398.SH
2024-08-21,5.8,5.93,5.8,5.92,350230155,2236501392,0.13,2.0689655172413834,601398.SH
2024-08-22,5.92,5.97,5.85,5.95,265657420,1706372380,0.1,0.5067567567567544,601398.SH
2024-08-25,5.93,5.96,5.85,5.92,267311089,1712684370,0.1,-0.5042016806722782,601398.SH
2024-08-26,5.92,6.04,5.91,6.02,323249644,2103729870,0.12,1.6891891891891886,601398.SH
2024-08-27,6.02,6.05,5.93,5.98,314722513,2043853154,0.12,-0.6644518272425071,601398.SH
2024-08-28,5.97,5.98,5.71,5.73,557314746,3505246234,0.21,-4.180602006688961,601398.SH
2024-08-29,5.69,5.75,5.49,5.51,880782347,5320880799,0.33,-3.839441535776622,601398.SH
2024-09-01,5.44,5.53,5.42,5.47,568240173,3379236044,0.21,-0.7259528130671544,601398.SH
2024-09-02,5.46,5.48,5.23,5.31,648640129,3742967424,0.24,-2.925045703839124,601398.SH
2024-09-03,5.27,5.33,5.22,5.26,392331435,2240822277,0.15,-0.941619585687381,601398.SH
2024-09-04,5.25,5.28,5.16,5.19,383530775,2163978358,0.14,-1.330798479087436,601398.SH
2024-09-05,5.19,5.28,5.18,5.2,290696812,1651910319,0.11,0.19267822736031004,601398.SH
2024-09-08,5.19,5.21,5.08,5.17,282126704,1576623851,0.1,-0.576923076923086,601398.SH
2024-09-09,5.17,5.27,5.16,5.22,368343232,2088218472,0.14,0.9671179883945724,601398.SH
2024-09-10,5.22,5.22,5.07,5.1,359763384,1999982571,0.13,-2.298850574712641,601398.SH
2024-09-11,5.08,5.12,5.02,5.1,286853563,1582711061,0.11,0.0,601398.SH
2024-09-12,5.1,5.14,5.09,5.12,234048696,1301691998,0.09,0.39215686274509665,601398.SH
2024-09-17,5.13,5.23,5.13,5.23,246839404,1391412407,0.09,2.1484375,601398.SH
2024-09-18,5.24,5.26,5.14,5.21,280996806,1583072175,0.1,-0.3824091778202754,601398.SH
2024-09-19,5.22,5.24,5.18,5.22,282832321,1602117689,0.1,0.19193857965451588,601398.SH
2024-09-22,5.22,5.29,5.18,5.27,227037687,1292978895,0.08,0.9578544061302541,601398.SH
2024-09-23,5.3,5.53,5.28,5.53,605204899,3559231107,0.22,4.933586337760931,601398.SH
2024-09-24,5.61,5.73,5.5,5.57,629820829,3830867833,0.23,0.723327305605781,601398.SH
2024-09-25,5.57,5.72,5.53,5.71,521674373,3190823779,0.19,2.5134649910233398,601398.SH
2024-09-26,5.76,5.84,5.45,5.54,687209271,4133669632,0.25,-2.977232924693518,601398.SH
2024-09-29,5.54,5.81,5.37,5.69,1616174183,9720369051,0.6,2.7075812274368394,601398.SH
2024-10-07,5.99,6.14,5.57,5.64,1688226172,10602986873,0.63,-0.8787346221441283,601398.SH
2024-10-08,5.58,5.69,5.51,5.57,1009071781,6133595303,0.37,-1.241134751773043,601398.SH
2024-10-09,5.57,5.9,5.57,5.78,1091528147,6791738966,0.4,3.7701974865349985,601398.SH
2024-10-10,5.76,5.89,5.71,5.78,529952828,3337751104,0.2,0.0,601398.SH
2024-10-13,5.82,5.99,5.82,5.96,789921118,5078881017,0.29,3.114186851211076,601398.SH
2024-10-14,5.92,5.94,5.77,5.77,492769157,3131385265,0.18,-3.187919463087252,601398.SH
2024-10-15,5.74,5.9,5.73,5.86,414614580,2634359939,0.15,1.559792027729645,601398.SH
2024-10-16,5.85,5.9,5.8,5.8,328081317,2079129206,0.12,-1.0238907849829393,601398.SH
2024-10-17,5.8,5.86,5.72,5.82,514452181,3236239707,0.19,0.34482758620690834,601398.SH
2024-10-20,5.8,5.8,5.66,5.68,568464907,3510955376,0.21,-2.4054982817869552,601398.SH
2024-10-21,5.69,5.72,5.63,5.66,431271479,2648200619,0.16,-0.35211267605632646,601398.SH
2024-10-22,5.66,5.68,5.63,5.66,306854479,1883772583,0.11,0.0,601398.SH
2024-10-23,5.65,5.71,5.64,5.68,288789477,1778302541,0.11,0.35335689045936647,601398.SH
2024-10-24,5.67,5.69,5.62,5.64,284528999,1742297128,0.11,-0.7042253521126751,601398.SH
2024-10-27,5.63,5.63,5.56,5.59,329536371,1995022237,0.12,-0.886524822695034,601398.SH
2024-10-28,5.59,5.63,5.57,5.58,293860704,1785953207,0.11,-0.17889087656529634,601398.SH
2024-10-29,5.57,5.6,5.53,5.54,305412004,1839999984,0.11,-0.7168458781361964,601398.SH
2024-10-30,5.57,5.62,5.54,5.57,305287998,1844805161,0.11,0.5415162454873723,601398.SH
2024-10-31,5.57,5.67,5.56,5.67,451237925,2760339812,0.17,1.7953321364452268,601398.SH
2024-11-03,5.67,5.67,5.57,5.65,318060458,1937583730,0.12,-0.3527336860670083,601398.SH
2024-11-04,5.62,5.67,5.61,5.67,312510781,1914855699,0.12,0.3539823008849474,601398.SH
2024-11-05,5.65,5.67,5.59,5.61,345023115,2106283783,0.13,-1.058201058201047,601398.SH
2024-11-06,5.6,5.67,5.58,5.67,379448763,2318559913,0.14,1.0695187165775222,601398.SH
2024-11-07,5.67,5.69,5.62,5.63,330042436,2021389761,0.12,-0.7054673721340388,601398.SH
2024-11-10,5.6,5.61,5.55,5.57,398730171,2410772377,0.15,-1.0657193605683735,601398.SH
2024-11-11,5.57,5.59,5.53,5.53,329274155,1984275396,0.12,-0.7181328545781018,601398.SH
2024-11-12,5.53,5.59,5.51,5.57,343885792,2075207458,0.13,0.723327305605781,601398.SH
2024-11-13,5.56,5.62,5.54,5.59,373526484,2271181110,0.14,0.35906642728904536,601398.SH
2024-11-14,5.58,5.63,5.56,5.57,384523275,2337086119,0.14,-0.3577817531305816,601398.SH
2024-11-17,5.6,5.75,5.59,5.7,693242480,4282442406,0.26,2.333931777378817,601398.SH
2024-11-18,5.69,5.73,5.59,5.67,429498710,2648795351,0.16,-0.5263157894736858,601398.SH
2024-11-19,5.65,5.69,5.64,5.66,268242057,1649596256,0.1,-0.17636684303350414,601398.SH
2024-11-20,5.65,5.67,5.63,5.65,180910703,1107466761,0.07,-0.17667844522968323,601398.SH
2024-11-21,5.66,5.67,5.57,5.57,297820281,1814510786,0.11,-1.415929203539823,601398.SH
2024-11-24,5.58,5.65,5.57,5.59,290372207,1770698664,0.11,0.35906642728904536,601398.SH
2024-11-25,5.59,5.69,5.57,5.68,330004149,2021400613,0.12,1.610017889087656,601398.SH
2024-11-26,5.67,5.73,5.66,5.71,288317376,1783808194,0.11,0.5281690140845008,601398.SH
2024-11-27,5.7,5.73,5.67,5.7,201840011,1248696415,0.07,-0.17513134851138146,601398.SH
2024-11-28,5.7,5.74,5.66,5.67,290646513,1796519084,0.11,-0.5263157894736858,601398.SH
2024-12-01,5.68,5.68,5.62,5.65,241747989,1480654067,0.09,-0.3527336860670083,601398.SH
2024-12-02,5.65,5.72,5.64,5.72,338517203,2090169390,0.13,1.2389380530973382,601398.SH
2024-12-03,5.72,5.79,5.69,5.77,357231531,2228037037,0.13,0.8741258741258751,601398.SH
2024-12-04,5.76,5.83,5.74,5.77,264528322,1659231378,0.1,0.0,601398.SH
2024-12-05,5.77,5.84,5.76,5.82,311963037,1968098516,0.12,0.8665511265164794,601398.SH
2024-12-08,5.8,5.87,5.79,5.82,312743296,1982868640,0.12,0.0,601398.SH
2024-12-09,5.85,5.94,5.83,5.92,437294605,2792561332,0.16,1.7182130584192379,601398.SH
2024-12-10,5.9,5.94,5.8,5.81,387000336,2461585210,0.14,-1.858108108108114,601398.SH
2024-12-11,5.82,5.92,5.81,5.92,290184474,1851706028,0.11,1.8932874354561147,601398.SH
2024-12-12,5.9,5.94,5.86,5.89,389098441,2494595254,0.14,-0.5067567567567655,601398.SH
2024-12-15,5.89,6.06,5.88,6.02,471572594,3074595963,0.17,2.2071307300509213,601398.SH
2024-12-16,6.01,6.07,6.0,6.0,313847722,2053036753,0.12,-0.33222591362125353,601398.SH
2024-12-17,6.03,6.13,6.02,6.07,348942453,2301576369,0.13,1.1666666666666714,601398.SH
2024-12-18,6.05,6.09,5.97,5.98,361528511,2360581313,0.13,-1.4827018121911006,601398.SH
2024-12-19,5.99,6.09,5.99,6.02,376548842,2467195131,0.14,0.6688963210702115,601398.SH
2024-12-22,6.02,6.23,6.02,6.17,487110027,3253676275,0.18,2.491694352159479,601398.SH
2024-12-23,6.18,6.26,6.13,6.25,464147368,3126875532,0.17,1.296596434359798,601398.SH
2024-12-24,6.24,6.49,6.23,6.39,636090132,4411842457,0.24,2.2399999999999975,601398.SH
2024-12-25,6.39,6.39,6.26,6.39,487252264,3343500772,0.18,0.0,601398.SH
2024-12-26,6.35,6.39,6.23,6.38,510704060,3503590982,0.19,-0.15649452269169695,601398.SH
2024-12-29,6.34,6.45,6.33,6.4,482330317,3342787449,0.18,0.31347962382446415,601398.SH
2024-12-30,6.39,6.48,6.36,6.38,520980174,3632600718,0.19,-0.31250000000000444,601398.SH
2025-01-01,6.37,6.43,6.23,6.27,531482465,3636887200,0.2,-1.7241379310344862,601398.SH
2025-01-02,6.27,6.29,6.1,6.18,521073986,3493034297,0.19,-1.4354066985645897,601398.SH
2025-01-05,6.18,6.25,6.07,6.22,474224652,3180308148,0.18,0.6472491909385036,601398.SH
2025-01-06,6.22,6.31,6.17,6.29,382021777,2534162279,0.14,1.12540192926045,601398.SH
2025-01-07,6.29,6.44,6.28,6.36,399684284,2703647491,0.15,1.1128775834658322,601398.SH
2025-01-08,6.36,6.37,6.27,6.31,236723419,1589593952,0.09,-0.7861635220125951,601398.SH
2025-01-09,6.32,6.34,6.21,6.28,262025788,1748468963,0.1,-0.47543581616480424,601398.SH
2025-01-12,6.27,6.28,6.11,6.21,330603282,2177310840,0.12,-1.1146496815286677,601398.SH
2025-01-13,6.2,6.26,6.17,6.22,341885264,2259932309,0.13,0.16103059581320522,601398.SH
2025-01-14,6.21,6.33,6.19,6.24,307598274,2046662181,0.114,0.3215434083601254,601398.SH
2025-01-15,6.25,6.29,6.18,6.29,267468138,1778119565,0.099,0.8012820512820484,601398.SH
2025-01-16,6.28,6.3,6.21,6.22,278134635,1846159116,0.103,-1.112877583465821,601398.SH
2025-01-19,6.23,6.24,6.17,6.18,227362256,1498234582,0.084,-0.6430868167202619,601398.SH
2025-01-20,6.19,6.22,6.13,6.16,215743537,1417436127,0.08,-0.3236245954692518,601398.SH
2025-01-21,6.15,6.17,6.02,6.06,411169363,2658494738,0.153,-1.6233766233766267,601398.SH
2025-01-22,6.1,6.29,6.1,6.27,544682003,3602828423,0.202,3.4653465346534684,601398.SH
2025-01-23,6.28,6.32,6.18,6.28,328205211,2189475262,0.122,0.15948963317384823,601398.SH
2025-01-26,6.29,6.45,6.29,6.42,371866219,2529075691,0.138,2.2292993630573132,601398.SH
2025-02-04,6.42,6.44,6.29,6.29,330540617,2222211105,0.123,-2.024922118380057,601398.SH
2025-02-05,6.3,6.36,6.26,6.29,264423725,1768795001,0.098,0.0,601398.SH
2025-02-06,6.28,6.29,6.22,6.29,367643900,2445156830,0.136,0.0,601398.SH
2025-02-09,6.27,6.34,6.25,6.28,311926833,2088870492,0.116,-0.15898251192368873,601398.SH
2025-02-10,6.29,6.42,6.29,6.42,394195410,2664073222,0.146,2.2292993630573132,601398.SH
2025-02-11,6.41,6.51,6.33,6.49,325781148,2231545258,0.121,1.0903426791277315,601398.SH
2025-02-12,6.48,6.58,6.46,6.55,294524426,2045526566,0.109,0.9244992295839749,601398.SH
2025-02-13,6.55,6.59,6.49,6.58,253157791,1759162065,0.094,0.45801526717557106,601398.SH
2025-02-16,6.57,6.59,6.5,6.55,271346003,1885698489,0.101,-0.455927051671734,601398.SH
2025-02-17,6.54,6.72,6.53,6.67,397512135,2808344232,0.147,1.8320610687022842,601398.SH
2025-02-18,6.66,6.7,6.61,6.63,322072343,2274371586,0.119,-0.5997001499250421,601398.SH
2025-02-19,6.62,6.67,6.59,6.66,251326656,1772394388,0.093,0.4524886877828038,601398.SH
2025-02-20,6.64,6.65,6.5,6.52,577209800,4021172959,0.214,-2.1021021021021102,601398.SH
2025-02-23,6.49,6.53,6.42,6.48,437330985,3008552846,0.162,-0.6134969325153228,601398.SH
2025-02-24,6.48,6.52,6.43,6.45,313984475,2159709477,0.116,-0.462962962962965,601398.SH
2025-02-25,6.45,6.53,6.44,6.47,329370010,2269557031,0.122,0.31007751937983663,601398.SH
2025-02-26,6.45,6.54,6.36,6.52,439190234,3015352621,0.163,0.7727975270479082,601398.SH
2025-02-27,6.49,6.57,6.46,6.46,431589620,2985870129,0.16,-0.9202453987730008,601398.SH
2025-03-02,6.46,6.48,6.38,6.45,396401925,2705652927,0.147,-0.1547987616099089,601398.SH
2025-03-03,6.42,6.44,6.38,6.38,343656171,2336781175,0.127,-1.0852713178294615,601398.SH
2025-03-04,6.37,6.49,6.33,6.46,459912360,3147082337,0.171,1.2539184952978122,601398.SH
2025-03-05,6.45,6.45,6.39,6.43,365671205,2495349517,0.136,-0.4643962848297267,601398.SH
2025-03-06,6.43,6.45,6.39,6.4,322375578,2195284348,0.12,-0.4665629860031051,601398.SH
2025-03-09,6.39,6.4,6.32,6.34,324211647,2186689995,0.12,-0.9375000000000022,601398.SH
2025-03-10,6.32,6.38,6.32,6.38,268000241,1809114543,0.099,0.6309148264984188,601398.SH
2025-03-11,6.36,6.37,6.3,6.32,317770218,2135384159,0.118,-0.940438871473348,601398.SH
2025-03-12,6.32,6.37,6.3,6.33,257295017,1734795847,0.095,0.15822784810126667,601398.SH
2025-03-13,6.32,6.41,6.32,6.35,489072129,3311312295,0.181,0.3159557661927215,601398.SH
2025-03-16,6.35,6.43,6.34,6.41,358619828,2436756611,0.133,0.9448818897637823,601398.SH
2025-03-17,6.43,6.44,6.37,6.4,236952810,1611444863,0.088,-0.15600624024960652,601398.SH
2025-03-18,6.41,6.47,6.4,6.46,303269420,2077764026,0.112,0.9374999999999911,601398.SH
2025-03-19,6.46,6.51,6.41,6.44,300845241,2058985286,0.112,-0.3095975232198067,601398.SH
2025-03-20,6.42,6.45,6.35,6.36,308799123,2096634446,0.115,-1.2422360248447228,601398.SH
2025-03-23,6.36,6.45,6.36,6.42,306040169,2084392843,0.114,0.943396226415083,601398.SH
2025-03-24,6.43,6.46,6.41,6.45,231805672,1587419428,0.086,0.4672897196261738,601398.SH
2025-03-25,6.45,6.47,6.41,6.43,233780088,1598912190,0.087,-0.31007751937984773,601398.SH
2025-03-26,6.42,6.48,6.42,6.46,258027810,1771784348,0.096,0.4665629860031162,601398.SH
2025-03-27,6.45,6.47,6.43,6.47,212838148,1458086737,0.079,0.1547987616099089,601398.SH
2025-03-30,6.47,6.53,6.4,6.48,407133779,2804461039,0.151,0.15455950540959051,601398.SH
2025-03-31,6.46,6.49,6.38,6.4,428429119,2917602553,0.159,-1.2345679012345734,601398.SH
2025-04-01,6.39,6.45,6.38,6.45,309974434,2116421300,0.115,0.78125,601398.SH
2025-04-02,6.42,6.49,6.42,6.48,306166881,2102242324,0.114,0.46511627906977715,601398.SH
2025-04-06,6.4,6.42,6.21,6.36,849156726,5702039106,0.315,-1.851851851851849,601398.SH
2025-04-07,6.3,6.44,6.29,6.42,671267831,4544166472,0.249,0.943396226415083,601398.SH
2025-04-08,6.39,6.48,6.34,6.4,566168770,3844424813,0.21,-0.31152647975076775,601398.SH
2025-04-09,6.4,6.4,6.33,6.35,401337508,2710599655,0.149,-0.7812500000000111,601398.SH
2025-04-10,6.36,6.4,6.32,6.4,347554477,2348002468,0.129,0.7874015748031704,601398.SH
2025-04-13,6.38,6.49,6.37,6.46,439404222,3007411465,0.163,0.9374999999999911,601398.SH
2025-04-14,6.46,6.56,6.45,6.55,384179013,2662998736,0.142,1.393188854489158,601398.SH
2025-04-15,6.55,6.64,6.52,6.64,413240227,2892689930,0.153,1.3740458015267132,601398.SH
2025-04-16,6.63,6.66,6.55,6.63,263918835,1851782419,0.098,-0.1506024096385561,601398.SH
2025-04-17,6.62,6.75,6.61,6.72,388434530,2766835232,0.144,1.3574660633484115,601398.SH
2025-04-20,6.71,6.82,6.63,6.63,374298383,2668689810,0.139,-1.3392857142857095,601398.SH
2025-04-21,6.63,6.74,6.62,6.73,299787096,2134511557,0.111,1.5082956259427016,601398.SH
2025-04-22,6.72,6.75,6.65,6.69,256977281,1828680838,0.095,-0.5943536404160454,601398.SH
2025-04-23,6.67,6.86,6.67,6.81,357610870,2578423054,0.133,1.7937219730941534,601398.SH
2025-04-24,6.82,6.88,6.75,6.78,232601976,1680542606,0.086,-0.4405286343612258,601398.SH
2025-04-27,6.79,6.91,6.79,6.86,285376580,2081021042,0.106,1.179941002949847,601398.SH
2025-04-28,6.87,6.9,6.81,6.84,217973789,1585106865,0.081,-0.291545189504383,601398.SH
2025-04-29,6.79,6.8,6.56,6.6,644997131,4547350160,0.239,-3.508771929824561,601398.SH
2025-05-05,6.6,6.61,6.52,6.57,366374062,2553328289,0.136,-0.4545454545454408,601398.SH
2025-05-06,6.6,6.69,6.56,6.69,433645624,3063562853,0.161,1.82648401826484,601398.SH
2025-05-07,6.67,6.75,6.66,6.69,283712076,2017330424,0.105,0.0,601398.SH
2025-05-08,6.68,6.8,6.68,6.75,312196548,2237795766,0.116,0.8968609865470878,601398.SH
2025-05-11,6.73,6.76,6.69,6.74,270276988,1932351708,0.1,-0.1481481481481417,601398.SH
2025-05-12,6.74,6.82,6.7,6.8,276745946,1994786847,0.103,0.8902077151335286,601398.SH
2025-05-13,6.8,6.85,6.77,6.8,286869706,2076209237,0.106,0.0,601398.SH
2025-05-14,6.8,6.86,6.79,6.84,270262063,1961219204,0.1,0.588235294117645,601398.SH
2025-05-15,6.83,6.87,6.7,6.74,393514131,2821005777,0.146,-1.4619883040935644,601398.SH
2025-05-18,6.74,6.77,6.69,6.7,256669058,1835179445,0.095,-0.5934718100890191,601398.SH
2025-05-19,6.72,6.74,6.68,6.71,197691246,1409121067,0.073,0.14925373134329067,601398.SH
2025-05-20,6.71,6.77,6.69,6.72,254071278,1817575023,0.094,0.14903129657226621,601398.SH
2025-05-21,6.73,6.74,6.68,6.7,294075911,2095825511,0.109,-0.29761904761904656,601398.SH
2025-05-22,6.7,6.73,6.65,6.66,316918822,2250187441,0.118,-0.5970149253731294,601398.SH
2025-05-25,6.66,6.68,6.61,6.63,287644999,2031163197,0.107,-0.45045045045045695,601398.SH
2025-05-26,6.63,6.67,6.62,6.64,182520233,1290694507,0.068,0.15082956259426794,601398.SH
2025-05-27,6.64,6.66,6.61,6.63,171017546,1204153102,0.063,-0.1506024096385561,601398.SH
2025-05-28,6.63,6.65,6.61,6.62,193469856,1361048215,0.072,-0.15082956259426794,601398.SH
2025-05-29,6.63,6.7,6.61,6.65,346759935,2453474445,0.129,0.45317220543807935,601398.SH
2025-06-02,6.63,6.71,6.62,6.69,272811811,1935871377,0.101,0.6015037593984918,601398.SH
2025-06-03,6.69,6.7,6.64,6.66,211897550,1501300431,0.079,-0.4484304932735439,601398.SH
2025-06-04,6.66,6.7,6.65,6.67,225574217,1598752218,0.084,0.15015015015014122,601398.SH
2025-06-05,6.68,6.7,6.65,6.68,187029962,1326482212,0.069,0.14992503748125774,601398.SH
2025-06-08,6.68,6.69,6.62,6.66,291368455,2060159019,0.108,-0.29940119760478723,601398.SH
2025-06-09,6.66,6.77,6.65,6.68,416132202,2968939276,0.154,0.30030030030030463,601398.SH
2025-06-10,6.68,6.73,6.67,6.7,224773372,1600489311,0.083,0.29940119760478723,601398.SH
2025-06-11,6.7,6.71,6.67,6.69,231833635,1647893541,0.086,-0.14925373134327957,601398.SH
2025-06-12,6.69,6.71,6.66,6.67,280894807,1993391253,0.104,-0.2989536621823663,601398.SH
2025-06-15,6.66,6.72,6.61,6.72,278603977,1973414702,0.103,0.7496251874062887,601398.SH
2025-06-16,6.71,6.75,6.7,6.75,227938264,1631206054,0.085,0.44642857142858094,601398.SH
2025-06-17,6.75,6.82,6.74,6.82,332132252,2399282240,0.123,1.0370370370370363,601398.SH
2025-06-18,6.81,6.87,6.77,6.87,284177966,2063441901,0.105,0.7331378299120228,601398.SH
2025-06-19,6.86,6.94,6.85,6.93,310692774,2278784786,0.115,0.8733624454148492,601398.SH
2025-06-22,6.93,7.11,6.9,7.08,389737815,2904803935,0.145,2.164502164502169,601398.SH
2025-06-23,7.07,7.19,7.06,7.18,356019900,2697370670,0.132,1.412429378531077,601398.SH
2025-06-24,7.16,7.25,7.08,7.22,349545155,2670562941,0.13,0.557103064066844,601398.SH
2025-06-25,7.21,7.29,7.17,7.26,293189014,2256598292,0.109,0.5540166204986097,601398.SH
2025-06-26,7.26,7.3,7.04,7.06,482051141,3654638053,0.179,-2.754820936639124,601398.SH
2025-06-29,7.04,7.16,6.98,7.14,306147245,2307954197,0.114,1.1331444759206777,601398.SH
2025-06-30,7.14,7.28,7.13,7.21,268331921,2061516556,0.1,0.9803921568627416,601398.SH
2025-07-01,7.23,7.25,7.2,7.23,206829092,1588904790,0.077,0.277392510402219,601398.SH
2025-07-02,7.23,7.26,7.15,7.19,225654126,1727134627,0.084,-0.5532503457814641,601398.SH
2025-07-03,7.19,7.32,7.18,7.29,289057141,2231478827,0.107,1.3908205841446364,601398.SH
2025-07-06,7.28,7.31,7.25,7.27,194883425,1507334339,0.072,-0.2743484224965731,601398.SH
2025-07-07,7.27,7.32,7.25,7.3,198342024,1536668535,0.074,0.4126547455295837,601398.SH
2025-07-08,7.3,7.46,7.29,7.39,289827566,2281970067,0.107,1.2328767123287676,601398.SH
2025-07-09,7.41,7.65,7.41,7.6,587046649,4723382454,0.218,2.841677943166432,601398.SH
2025-07-10,7.64,7.87,7.54,7.54,888595567,7287115483,0.33,-0.7894736842105177,601398.SH
2025-07-13,7.58,7.66,7.53,7.53,470693507,3718881121,0.175,-0.13262599469495706,601398.SH
2025-07-14,7.55,7.57,7.45,7.49,318688110,2491230676,0.118,-0.5312084993359889,601398.SH
2025-07-15,7.46,7.49,7.39,7.49,352498773,2727111481,0.131,0.0,601398.SH
2025-07-16,7.48,7.5,7.41,7.44,279321672,2165167688,0.104,-0.6675567423230944,601398.SH
2025-07-17,7.43,7.51,7.39,7.46,272785006,2118707043,0.101,0.26881720430107503,601398.SH
2025-07-20,7.45,7.46,7.36,7.39,313546593,2416554043,0.116,-0.9383378016085797,601398.SH
2025-07-21,7.36,7.37,7.26,7.3,477834517,3631140814,0.177,-1.2178619756427533,601398.SH
2025-07-22,7.29,7.42,7.26,7.34,489105637,3743744906,0.181,0.5479452054794498,601398.SH
2025-07-23,7.34,7.36,7.23,7.25,462394830,3497603345,0.172,-1.2261580381471404,601398.SH
2025-07-24,7.23,7.28,7.18,7.19,330891747,2491086129,0.123,-0.8275862068965467,601398.SH
2025-07-27,7.19,7.24,7.16,7.19,273422683,2051369273,0.101,0.0,601398.SH
2025-07-28,7.19,7.22,7.13,7.13,292271928,2182949359,0.108,-0.8344923504867929,601398.SH
2025-07-29,7.13,7.25,7.1,7.19,390727111,2927215141,0.145,0.8415147265077305,601398.SH
2025-07-30,7.19,7.29,7.12,7.26,480969617,3614613287,0.178,0.9735744089012455,601398.SH
2025-07-31,7.26,7.36,7.18,7.32,514589960,3907516134,0.191,0.8264462809917328,601398.SH
2025-08-03,7.33,7.47,7.32,7.37,448275076,3454575647,0.166,0.6830601092896238,601398.SH
2025-08-04,7.37,7.45,7.33,7.45,340318210,2621498587,0.126,1.085481682496603,601398.SH
2025-08-05,7.44,7.49,7.4,7.45,296778213,2301147116,0.11,0.0,601398.SH
2025-08-06,7.44,7.56,7.39,7.53,378982097,2960611114,0.141,1.0738255033557076,601398.SH
2025-08-07,7.53,7.58,7.46,7.48,273925773,2144008142,0.102,-0.6640106241699861,601398.SH
2025-08-10,7.47,7.49,7.37,7.39,336839216,2599658650,0.125,-1.2032085561497374,601398.SH
2025-08-11,7.38,7.5,7.36,7.47,318398082,2474883100,0.118,1.0825439783491264,601398.SH
2025-08-12,7.46,7.51,7.39,7.39,336019675,2601354456,0.125,-1.0709504685408322,601398.SH
2025-08-13,7.39,7.45,7.36,7.38,283487282,2187318596,0.105,-0.13531799729363803,601398.SH
2025-08-14,7.39,7.41,7.18,7.25,648005787,4882339779,0.24,-1.7615176151761558,601398.SH
2025-08-17,7.21,7.24,7.16,7.23,407237249,3054805757,0.151,-0.27586206896551557,601398.SH
2025-08-18,7.23,7.3,7.21,7.27,338524703,2560802995,0.1256,0.5532503457814641,601398.SH
2025-08-19,7.28,7.32,7.26,7.27,331520586,2515293334,0.123,0.0,601398.SH
2025-08-20,7.27,7.32,7.21,7.3,344302753,2609843960,0.1277,0.4126547455295837,601398.SH
2025-08-21,7.3,7.33,7.23,7.33,383772789,2908481745,0.1423,0.4109589041095818,601398.SH
2025-08-24,7.3,7.31,7.25,7.29,413159805,3129154376,0.1532,-0.545702592087316,601398.SH
2025-08-25,7.28,7.32,7.24,7.25,299832827,2268338336,0.1112,-0.5486968449931462,601398.SH
2025-08-26,7.24,7.24,7.11,7.11,515724751,3852879694,0.1913,-1.93103448275862,601398.SH
2025-08-27,7.11,7.14,7.03,7.09,465468887,3436054969,0.1726,-0.2812939521800395,601398.SH
2025-08-28,7.09,7.23,7.09,7.13,519615100,3876595173,0.1927,0.5641748942172065,601398.SH
2025-08-31,7.13,7.15,7.07,7.09,384543584,2842147961,0.1426,-0.5610098176718092,601398.SH
2025-09-01,7.08,7.27,7.06,7.27,769065213,5756720401,0.2852,2.538787023977429,601398.SH
2025-09-02,7.27,7.28,7.12,7.14,491977133,3687104656,0.1825,-1.7881705639614887,601398.SH
2025-09-03,7.1,7.3,6.97,7.24,876005936,6522723401,0.3249,1.400560224089653,601398.SH
2025-09-04,7.22,7.24,7.1,7.14,441709309,3294733880,0.1638,-1.3812154696132617,601398.SH
2025-09-07,7.11,7.14,7.08,7.1,354276019,2623331823,0.1314,-0.5602240896358524,601398.SH
2025-09-08,7.1,7.16,7.09,7.13,266279392,1977586299,0.0988,0.42253521126760507,601398.SH
2025-09-09,7.14,7.18,7.09,7.17,288656044,2148056693,0.1071,0.5610098176718203,601398.SH
2025-09-10,7.16,7.28,7.1,7.21,541515855,4047763814,0.2008,0.557880055788007,601398.SH
2025-09-11,7.19,7.24,7.15,7.18,299282463,2242324705,0.111,-0.4160887656033285,601398.SH
2025-09-14,7.15,7.21,7.1,7.13,329581921,2450259696,0.1222,-0.696378830083566,601398.SH
2025-09-15,7.11,7.19,7.11,7.15,289347614,2156214466,0.1073,0.28050490883591017,601398.SH
2025-09-16,7.12,7.16,7.1,7.16,247584186,1840577293,0.0918,0.13986013986013734,601398.SH
2025-09-17,7.15,7.16,6.99,7.0,529780717,3898308494,0.1965,-2.2346368715083775,601398.SH
2025-09-18,6.99,6.99,6.84,6.91,480709754,3461205358,0.1783,-1.285714285714279,601398.SH
2025-09-21,6.91,6.96,6.86,6.89,275089120,1981415047,0.102,-0.28943560057888007,601398.SH
2025-09-22,6.87,7.11,6.85,7.1,628825604,4616426036,0.2332,3.0478955007256836,601398.SH
2025-09-23,7.1,7.23,7.08,7.17,514206919,3831987701,0.1907,0.9859154929577452,601398.SH
2025-09-24,7.14,7.16,7.02,7.09,323722840,2381142340,0.1201,-1.115760111576014,601398.SH
2025-09-25,7.06,7.13,7.01,7.11,273359298,2015436918,0.1014,0.28208744710860323,601398.SH
2025-09-28,7.09,7.1,6.97,7.04,405003933,2967071849,0.1502,-0.9845288326301049,601398.SH
2025-09-29,7.02,7.04,6.97,7.01,244567627,1784123669,0.0907,-0.42613636363636465,601398.SH
2025-10-08,6.96,7.03,6.91,7.02,297741076,2160546979,0.1104,0.14265335235377208,601398.SH
2025-10-09,7.0,7.07,6.99,7.02,304869689,2232583779,0.1131,0.0,601398.SH
2025-10-12,7.03,7.07,6.94,6.98,395738605,2882595178,0.1468,-0.5698005698005604,601398.SH
2025-10-13,6.97,7.2,6.93,7.2,693878140,5134528488,0.2574,3.151862464183375,601398.SH
2025-10-14,7.17,7.24,7.12,7.16,407599319,3046378594,0.1512,-0.5555555555555536,601398.SH
2025-10-15,7.13,7.34,7.13,7.33,495623345,3749953456,0.1838,2.3743016759776525,601398.SH
2025-10-16,7.33,7.41,7.27,7.32,408700246,3125404222,0.1516,-0.13642564802182067,601398.SH
2025-10-19,7.29,7.34,7.17,7.31,391978593,2960246448,0.1454,-0.1366120218579292,601398.SH
2025-10-20,7.28,7.34,7.24,7.34,344113924,2616075703,0.1276,0.4103967168262779,601398.SH
2025-10-21,7.33,7.48,7.32,7.45,381586556,2942641849,0.1415,1.4986376021798309,601398.SH
2025-10-22,7.45,7.58,7.4,7.53,432661432,3378223696,0.1605,1.0738255033557076,601398.SH
2025-10-23,7.49,7.58,7.45,7.53,326362333,2556166917,0.121,0.0,601398.SH
2025-10-26,7.49,7.62,7.43,7.59,391994677,3079616600,0.1454,0.7968127490039834,601398.SH
2025-10-27,7.58,7.7,7.54,7.67,332040817,2640150337,0.1232,1.0540184453228019,601398.SH
2025-10-28,7.66,7.67,7.49,7.52,368304439,2902412947,0.1366,-1.9556714471968717,601398.SH
2025-10-29,7.52,7.58,7.47,7.53,278716126,2186887580,0.1034,0.13297872340425343,601398.SH
2025-10-30,7.56,7.56,7.36,7.47,369325324,2861703074,0.137,-0.7968127490039945,601398.SH
2025-11-02,7.48,7.62,7.47,7.58,342073424,2696886643,0.1269,1.4725568942436373,601398.SH
2025-11-03,7.58,7.82,7.58,7.81,441097605,3556070089,0.1636,3.034300791556732,601398.SH
2025-11-04,7.84,7.88,7.77,7.82,394153630,3216874938,0.1462,0.1280409731114096,601398.SH
2025-11-05,7.8,7.82,7.74,7.77,300975800,2437052281,0.1116,-0.6393861892583175,601398.SH
2025-11-06,7.77,7.83,7.7,7.73,280161358,2259074574,0.1039,-0.5148005148005064,601398.SH
2025-11-09,7.7,7.81,7.66,7.8,223291315,1801106446,0.0828,0.9055627425614388,601398.SH
2025-11-10,7.78,7.84,7.75,7.83,191740104,1558044146,0.0711,0.38461538461538325,601398.SH
2025-11-11,7.83,7.99,7.82,7.86,359289795,2963066407,0.1333,0.3831417624521105,601398.SH
2025-11-12,7.88,7.91,7.76,7.88,290137915,2369679711,0.1076,0.2544529262086481,601398.SH
2025-11-13,7.9,8.05,7.89,7.92,306335129,2542717457,0.1136,0.50761421319796,601398.SH
2025-11-16,7.92,7.93,7.79,7.84,258276810,2109115127,0.0958,-1.0101010101010055,601398.SH
2025-11-17,7.82,7.92,7.79,7.87,217595965,1780723631,0.0807,0.3826530612244916,601398.SH
2025-11-18,7.87,7.99,7.84,7.9,234428313,1935987517,0.087,0.3811944091486774,601398.SH
2025-11-19,7.88,8.06,7.85,7.94,359487746,2984350151,0.1333,0.5063291139240533,601398.SH
2025-11-20,7.95,8.05,7.89,7.92,464444666,3850244346,0.1723,-0.25188916876575096,601398.SH
2025-11-23,7.87,7.93,7.8,7.87,348919016,2859936700,0.1294,-0.631313131313127,601398.SH
2025-11-24,7.85,7.99,7.81,7.98,305542994,2518475879,0.1133,1.3977128335451061,601398.SH
2025-11-25,7.98,8.05,7.82,7.83,331041956,2718206391,0.1228,-1.8796992481203034,601398.SH
2025-11-26,7.82,7.86,7.74,7.83,234412223,1906028130,0.0869,0.0,601398.SH
2025-11-27,7.82,7.84,7.76,7.79,208401567,1692569484,0.0773,-0.5108556832694733,601398.SH
2025-11-30,7.73,7.79,7.7,7.77,265260863,2138449352,0.0984,-0.25673940949936247,601398.SH
2025-12-01,7.77,7.8,7.7,7.77,214518991,1731677085,0.0796,0.0,601398.SH
2025-12-02,7.74,7.82,7.71,7.73,221258490,1789483343,0.0821,-0.5148005148005064,601398.SH
2025-12-03,7.75,7.77,7.7,7.73,149101162,1200193245,0.0553,0.0,601398.SH
2025-12-04,7.72,7.78,7.63,7.67,246147254,1971460421,0.0913,-0.7761966364812523,601398.SH
2025-12-07,7.67,7.72,7.63,7.67,213082015,1705238074,0.079,0.0,601398.SH
2025-12-08,7.69,7.82,7.66,7.78,265490103,2142465662,0.0985,1.4341590612777066,601398.SH
2025-12-09,7.77,7.8,7.6,7.62,308417560,2463322811,0.1144,-2.0565552699228773,601398.SH
2025-12-10,7.63,7.68,7.58,7.68,262175952,2082812281,0.0972,0.7874015748031482,601398.SH
2025-12-11,7.65,7.66,7.53,7.65,519110533,4108578951,0.1925,-0.3906249999999889,601398.SH
2025-12-14,7.64,7.68,7.59,7.63,250971265,1963049713,0.0931,-0.2614379084967422,601398.SH
2025-12-15,7.63,7.65,7.55,7.61,193438893,1505170841,0.0717,-0.2621231979030081,601398.SH
2025-12-16,7.6,7.69,7.57,7.63,220686117,1727882118,0.0819,0.26281208935610145,601398.SH
2025-12-17,7.63,7.82,7.61,7.81,241748413,1913173479,0.0897,2.3591087811271283,601398.SH
2025-12-18,7.78,7.8,7.68,7.7,235588226,1863589555,0.0874,-1.4084507042253502,601398.SH
2025-12-21,7.68,7.73,7.65,7.71,166891534,1312853939,0.0619,0.12987012987013546,601398.SH
2025-12-22,7.71,7.77,7.69,7.74,200056954,1583859587,0.0742,0.3891050583657574,601398.SH
2025-12-23,7.74,7.78,7.7,7.73,173667076,1375070939,0.0644,-0.12919896640826156,601398.SH
2025-12-24,7.72,7.73,7.65,7.68,165519023,1301798781,0.0614,-0.6468305304010435,601398.SH
2025-12-25,7.66,7.68,7.61,7.63,150069730,1173341228,0.0557,-0.651041666666663,601398.SH
2025-12-28,7.63,7.72,7.59,7.69,270638611,2123332197,0.1004,0.7863695937090576,601398.SH
2025-12-29,7.66,7.69,7.61,7.67,208754643,1634489989,0.0774,-0.2600780234070288,601398.SH
2025-12-30,7.65,7.78,7.65,7.75,286652775,2264103770,0.1063,1.04302477183833,601398.SH
2026-01-04,7.73,7.76,7.58,7.64,425414468,3323770772,0.1578,-1.4193548387096855,601398.SH
2026-01-05,7.63,7.63,7.58,7.62,259577011,2020831027,0.0963,-0.2617801047120394,601398.SH
2026-01-06,7.6,7.61,7.52,7.57,329789579,2553204798,0.1223,-0.6561679790026198,601398.SH
2026-01-07,7.56,7.56,7.48,7.52,291913967,2241434646,0.1083,-0.6605019815059565,601398.SH
2026-01-08,7.52,7.54,7.47,7.53,241092986,1852121116,0.0894,0.13297872340425343,601398.SH
2026-01-11,7.52,7.59,7.48,7.56,292385221,2254589840,0.1084,0.3984063745019917,601398.SH
2026-01-12,7.57,7.67,7.56,7.63,365192509,2852104728,0.1355,0.92592592592593,601398.SH
2026-01-13,7.61,7.61,7.51,7.52,390138294,3012753360,0.1447,-1.4416775884665833,601398.SH
2026-01-14,7.51,7.56,7.49,7.51,287026679,2210237336,0.1065,-0.13297872340425343,601398.SH
2026-01-15,7.5,7.51,7.41,7.44,340670636,2599011574,0.1264,-0.9320905459387352,601398.SH
2026-01-18,7.43,7.46,7.33,7.36,329064004,2487942468,0.1221,-1.0752688172043001,601398.SH
2026-01-19,7.35,7.4,7.33,7.37,302886281,2282239426,0.1123,0.13586956521738358,601398.SH
2026-01-20,7.36,7.39,7.17,7.18,474520755,3522309900,0.176,-2.578018995929454,601398.SH
2026-01-21,7.18,7.21,7.09,7.1,388067394,2834236297,0.1439,-1.1142061281337101,601398.SH
2026-01-22,7.1,7.12,7.01,7.05,377013409,2724246964,0.1398,-0.7042253521126751,601398.SH
2026-01-25,7.03,7.15,6.99,7.08,455056572,3299949684,0.1688,0.42553191489362874,601398.SH
2026-01-26,7.08,7.2,7.05,7.07,469808053,3430365917,0.1743,-0.14124293785310327,601398.SH
2026-01-27,7.05,7.12,7.0,7.04,456456322,3298588943,0.1693,-0.4243281471004279,601398.SH
2026-01-28,7.03,7.13,7.0,7.09,438099607,3165642865,0.1625,0.7102272727272707,601398.SH
2026-01-29,7.1,7.22,7.06,7.09,460741381,3371970034,0.1709,0.0,601398.SH
2026-02-01,7.09,7.22,7.09,7.15,541179108,3969793200,0.2007,0.8462623413258097,601398.SH
2026-02-02,7.13,7.14,6.99,7.02,449210785,3234033720,0.1666,-1.81818181818183,601398.SH
2026-02-03,7.02,7.12,7.01,7.08,308484394,2229422896,0.1144,0.8547008547008517,601398.SH
2026-02-04,7.09,7.15,7.07,7.13,310157513,2259528658,0.115,0.7062146892655274,601398.SH
2026-02-05,7.14,7.18,7.06,7.09,251460124,1827005074,0.0933,-0.5610098176718092,601398.SH
2026-02-08,7.09,7.12,7.05,7.11,203253025,1475435014,0.0754,0.28208744710860323,601398.SH
2026-02-09,7.11,7.17,7.09,7.13,194804763,1423437348,0.0723,0.2812939521800173,601398.SH
2026-02-10,7.15,7.15,7.1,7.12,138803118,1012219596,0.0515,-0.14025245441794398,601398.SH
2026-02-11,7.12,7.13,7.01,7.02,353083680,2542533950,0.131,-1.404494382022481,601398.SH
2026-02-12,7.03,7.04,6.95,6.95,317392508,2267176686,0.1177,-0.9971509971509862,601398.SH
2026-02-23,6.97,6.99,6.89,6.9,296628020,2101275787,0.11,-0.7194244604316502,601398.SH
2026-02-24,6.9,6.91,6.87,6.89,219289428,1546795850,0.0813,-0.14492753623189802,601398.SH
2026-02-25,6.9,6.91,6.77,6.8,367815271,2568485976,0.1364,-1.3062409288824406,601398.SH
2026-02-26,6.78,6.79,6.75,6.76,243931526,1688509137,0.0905,-0.588235294117645,601398.SH
2026-03-01,6.74,6.83,6.69,6.8,373808728,2593479400,0.1386,0.591715976331364,601398.SH
2026-03-02,6.79,6.99,6.75,6.96,570711679,4038809573,0.2117,2.35294117647058,601398.SH
2026-03-03,6.94,6.96,6.85,6.92,378868061,2676759814,0.1405,-0.5747126436781658,601398.SH
2026-03-04,6.88,6.98,6.87,6.95,264204918,1876835995,0.098,0.43352601156070314,601398.SH
2026-03-05,6.95,7.02,6.91,6.95,216279734,1539913741,0.0802,0.0,601398.SH
2026-03-08,6.92,7.02,6.91,6.94,334048067,2380737355,0.1239,-0.14388489208633226,601398.SH
2026-03-09,6.92,6.93,6.86,6.88,271375199,1911897927,0.1007,-0.8645533141210415,601398.SH
2026-03-10,6.88,6.96,6.86,6.96,237694618,1682787743,0.0882,1.1627906976744207,601398.SH
2026-03-11,6.96,7.01,6.93,7.0,252339748,1801009650,0.0936,0.5747126436781658,601398.SH
2026-03-12,7.0,7.06,6.95,7.04,303350193,2176854052,0.1125,0.5714285714285783,601398.SH
2026-03-15,7.04,7.13,7.02,7.09,306828268,2223009072,0.1138,0.7102272727272707,601398.SH
2026-03-16,7.09,7.23,7.08,7.22,364457286,2680605162,0.1352,1.833568406205921,601398.SH
2026-03-17,7.22,7.29,7.16,7.22,379473038,2805537752,0.1407,0.0,601398.SH
2026-03-18,7.19,7.38,7.18,7.36,560676394,4202515705,0.208,1.939058171745156,601398.SH
2026-03-19,7.36,7.44,7.31,7.33,391245436,2951969564,0.1451,-0.40760869565217295,601398.SH
2026-03-22,7.31,7.31,7.04,7.09,502322937,3666480862,0.1863,-3.2742155525238736,601398.SH
2026-03-23,7.09,7.22,7.09,7.15,376772907,2753885368,0.1397,0.8462623413258097,601398.SH
2026-03-24,7.16,7.18,7.03,7.17,337594544,2456869163,0.1252,0.2797202797202747,601398.SH
2026-03-25,7.14,7.27,7.13,7.25,263470756,1944436803,0.0977,1.115760111576014,601398.SH
2026-03-26,7.24,7.3,7.2,7.23,279067565,2068413455,0.1035,-0.27586206896551557,601398.SH
2026-03-29,7.2,7.41,7.19,7.4,371587575,2788815657,0.1378,2.3513139695712226,601398.SH
2026-03-30,7.4,7.52,7.38,7.47,391473536,2988015499,0.1452,0.9459459459459474,601398.SH
2026-03-31,7.43,7.53,7.37,7.41,330870374,2520186947,0.1227,-0.8032128514056214,601398.SH
2026-04-01,7.4,7.52,7.39,7.46,275748282,2103575352,0.1023,0.6747638326585648,601398.SH
2026-04-02,7.45,7.47,7.31,7.33,245299029,1845798122,0.091,-1.7426273458445052,601398.SH
2026-04-06,7.34,7.35,7.19,7.23,241550420,1791682941,0.0896,-1.3642564802182733,601398.SH
2026-04-07,7.2,7.21,7.04,7.15,453272819,3302757147,0.1681,-1.1065006915629283,601398.SH
2026-04-08,7.15,7.18,7.09,7.16,253052541,1847689325,0.0939,0.13986013986013734,601398.SH
2026-04-09,7.14,7.17,7.11,7.14,199244899,1456347538,0.0739,-0.27932960893854997,601398.SH
2026-04-12,7.14,7.22,7.1,7.2,229280948,1682915591,0.085,0.8403361344537785,601398.SH
2026-04-13,7.18,7.31,7.16,7.29,222502681,1649575630,0.0825,1.2499999999999956,601398.SH
2026-04-14,7.28,7.35,7.25,7.33,223997632,1678471122,0.0831,0.5486968449931462,601398.SH
2026-04-15,7.33,7.37,7.26,7.29,227614243,1701959508,0.0844,-0.545702592087316,601398.SH
2026-04-16,7.28,7.32,7.26,7.27,162113554,1208485742,0.0601,-0.2743484224965731,601398.SH
2026-04-19,7.27,7.4,7.25,7.4,239402442,1802054169,0.0888,1.7881705639614998,601398.SH
2026-04-20,7.4,7.51,7.4,7.45,248922962,1899023495,0.0923,0.6756756756756799,601398.SH
2026-04-21,7.45,7.47,7.32,7.35,220844527,1665652319,0.0819,-1.34228187919464,601398.SH
2026-04-22,7.35,7.42,7.31,7.41,233254885,1762261994,0.0865,0.8163265306122547,601398.SH
2026-04-23,7.41,7.44,7.33,7.41,204753387,1550383930,0.0759,0.0,601398.SH
2026-04-26,7.38,7.45,7.32,7.34,214982736,1620897758,0.0797,-0.9446693657220062,601398.SH
2026-04-27,7.32,7.37,7.3,7.36,167894472,1260582538,0.0623,0.2724795640327127,601398.SH
2026-04-28,7.34,7.37,7.27,7.3,267138558,1996449254,0.0991,-0.815217391304357,601398.SH
2026-04-29,7.29,7.34,7.25,7.28,302237113,2253745161,0.1121,-0.2739726027397249,601398.SH
2026-05-05,7.28,7.28,7.14,7.19,382681585,2810776900,0.1419,-1.2362637362637319,601398.SH
2026-05-06,7.19,7.29,7.15,7.22,337154766,2495456740,0.1251,0.4172461752433909,601398.SH
2026-05-07,7.24,7.32,7.24,7.29,243690484,1815302005,0.0904,0.969529085872578,601398.SH
2026-05-10,7.29,7.32,7.23,7.3,287090006,2137209417,0.1065,0.137174211248281,601398.SH
2026-05-11,7.31,7.37,7.29,7.31,279322238,2094509570,0.1036,0.136986301369868,601398.SH
2026-05-12,7.34,7.34,7.22,7.23,363536568,2639766595,0.1348,-1.09439124487003,601398.SH
2026-05-13,7.23,7.35,7.19,7.3,361545124,2635897325,0.1341,0.9681881051175623,601398.SH
2026-05-14,7.29,7.34,7.23,7.24,275804926,2004133106,0.1023,-0.8219178082191747,601398.SH
2026-05-17,7.24,7.25,7.16,7.19,234390344,1687451140,0.0869,-0.6906077348066253,601398.SH
2026-05-18,7.19,7.3,7.18,7.26,264358359,1919242516,0.0981,0.9735744089012455,601398.SH
2026-05-19,7.26,7.27,7.13,7.13,272783722,1958110701,0.1012,-1.7906336088154284,601398.SH
2026-05-20,7.13,7.2,7.08,7.15,271386940,1939493900,0.1007,0.28050490883591017,601398.SH
2026-05-21,7.13,7.22,7.12,7.18,231500099,1660299734,0.0859,0.41958041958041203,601398.SH
2026-05-24,7.17,7.23,7.15,7.17,192166148,1381586180,0.0713,-0.139275766016711,601398.SH
2026-05-25,7.17,7.22,7.15,7.18,214899130,1545173843,0.0797,0.1394700139470073,601398.SH
2026-05-26,7.18,7.23,7.11,7.12,273562181,1960399077,0.1015,-0.835654596100277,601398.SH
2026-05-27,7.11,7.15,7.02,7.04,278000208,1965307586,0.1031,-1.1235955056179803,601398.SH
2026-05-28,7.03,7.22,6.99,7.22,389359419,2779452319,0.1444,2.556818181818188,601398.SH
2026-05-31,7.2,7.32,7.18,7.3,341134623,2472642829,0.1265,1.1080332409972415,601398.SH
2026-06-01,7.3,7.41,7.29,7.34,316427136,2326193349,0.1174,0.5479452054794498,601398.SH
2026-06-02,7.33,7.34,7.24,7.28,244460768,1780364861,0.0907,-0.8174386920980825,601398.SH
2026-06-03,7.3,7.34,7.22,7.23,207956441,1511735233,0.0771,-0.6868131868131844,601398.SH
2026-06-04,7.24,7.35,7.24,7.34,278948141,2039845283,0.1035,1.5214384508990264,601398.SH
2026-06-07,7.38,7.53,7.31,7.5,580664565,4333415761,0.2154,2.1798365122615904,601398.SH
2026-06-08,7.46,7.65,7.46,7.54,539705121,4085127647,0.2002,0.5333333333333412,601398.SH
2026-06-09,7.57,7.71,7.54,7.69,411524376,3149275259,0.1526,1.9893899204244114,601398.SH
2026-06-10,7.71,7.75,7.6,7.66,285525940,2186785841,0.1059,-0.39011703511053764,601398.SH
2026-06-11,7.59,7.78,7.52,7.78,423854659,3254698074,0.1572,1.5665796344647598,601398.SH
2026-06-14,7.75,7.75,7.53,7.57,450706202,3432111561,0.1672,-2.699228791773778,601398.SH
2026-06-15,7.53,7.54,7.38,7.42,372056669,2766934367,0.138,-1.9815059445178362,601398.SH
2026-06-16,7.42,7.48,7.32,7.36,293375335,2166553189,0.1088,-0.8086253369272156,601398.SH
2026-06-17,7.34,7.35,7.15,7.16,450966746,3248842458,0.1673,-2.717391304347827,601398.SH
2026-06-21,7.13,7.25,7.08,7.2,426501480,3065606349,0.1582,0.5586592178770999,601398.SH
2026-06-22,7.21,7.41,7.21,7.38,538089332,3953889535,0.1996,2.499999999999991,601398.SH
2026-06-23,7.4,7.46,7.2,7.22,416205246,3036829798,0.1544,-2.168021680216803,601398.SH
2026-06-24,7.14,7.31,7.13,7.19,356288035,2570412270,0.1321,-0.41551246537395725,601398.SH
2026-06-25,7.24,7.25,7.14,7.15,352358114,2529992671,0.1307,-0.5563282336578546,601398.SH
