date,open,high,low,close,volume,amount,turn,pct_change,windcode
2020-01-01,31.42,31.77,30.97,31.27,18622528,653836164,0.09,,601628.SH
2020-01-02,31.39,31.56,31.22,31.29,10616236,372480477,0.05,0.06395906619762748,601628.SH
2020-01-05,31.08,31.56,30.77,31.0,14465476,505424459,0.07,-0.9268136784915226,601628.SH
2020-01-06,31.22,31.61,31.17,31.44,11347262,397984676,0.05,1.4193548387096744,601628.SH
2020-01-07,31.09,31.19,30.44,30.53,11804500,406548528,0.06,-2.8944020356234113,601628.SH
2020-01-08,30.86,31.15,30.82,30.96,9482875,328324579,0.05,1.4084507042253502,601628.SH
2020-01-09,31.19,31.45,31.04,31.36,10151818,354975401,0.05,1.2919896640826822,601628.SH
2020-01-12,31.57,31.58,30.95,31.55,10024371,350002984,0.05,0.605867346938771,601628.SH
2020-01-13,31.59,31.71,31.13,31.17,9576425,337014959,0.05,-1.204437400950864,601628.SH
2020-01-14,31.13,31.36,30.83,31.13,6159407,214166007,0.03,-0.12832852101379855,601628.SH
2020-01-15,31.27,31.27,30.28,30.35,12687011,433868715,0.06,-2.5056215868936693,601628.SH
2020-01-16,30.47,30.81,29.45,29.57,22006050,734055751,0.11,-2.570016474464587,601628.SH
2020-01-19,29.94,31.08,29.92,30.58,30337832,1036974673,0.15,3.415623943185664,601628.SH
2020-01-20,30.33,30.33,29.6,29.91,18129455,605168183,0.09,-2.190974493132758,601628.SH
2020-01-21,29.62,30.23,29.18,29.98,14260180,473547439,0.07,0.23403543965228035,601628.SH
2020-01-22,29.7,29.79,28.63,28.86,16915609,550718585,0.08,-3.735823882588396,601628.SH
2020-02-02,25.97,26.46,25.97,26.11,21978887,639260669,0.11,-9.528759528759533,601628.SH
2020-02-03,26.12,27.42,26.02,27.35,24908090,747406881,0.12,4.749138261202601,601628.SH
2020-02-04,27.44,27.65,26.75,27.05,20587210,624781670,0.1,-1.0968921389396757,601628.SH
2020-02-05,27.11,27.42,26.78,27.23,20277779,612510094,0.1,0.6654343807763308,601628.SH
2020-02-06,26.93,26.95,26.5,26.83,23282394,694737292,0.11,-1.4689680499449187,601628.SH
2020-02-09,26.66,27.12,26.54,27.12,16407448,493623460,0.08,1.0808796123742193,601628.SH
2020-02-10,27.3,27.65,26.94,27.3,19124583,585854694,0.09,0.6637168141592875,601628.SH
2020-02-11,27.31,28.31,27.04,27.86,21746552,674227629,0.1,2.051282051282044,601628.SH
2020-02-12,27.53,27.77,27.36,27.4,16467980,505546305,0.08,-1.6511127063890907,601628.SH
2020-02-13,27.22,27.68,27.17,27.35,15140031,462909256,0.07,-0.18248175182480342,601628.SH
2020-02-16,27.47,28.23,27.26,28.13,25819670,801604874,0.12,2.8519195612431325,601628.SH
2020-02-17,28.16,28.16,27.73,27.84,16724197,520417828,0.08,-1.0309278350515427,601628.SH
2020-02-18,27.99,28.31,27.8,27.9,15811047,495902889,0.08,0.21551724137931494,601628.SH
2020-02-19,28.11,28.69,27.61,28.62,31617751,994104686,0.15,2.580645161290329,601628.SH
2020-02-20,28.27,29.23,28.23,28.81,27576359,885709402,0.13,0.6638714185883909,601628.SH
2020-02-23,28.45,28.71,28.03,28.31,19653043,622863185,0.09,-1.7355085039916673,601628.SH
2020-02-24,27.75,28.0,27.48,27.78,18824281,583711929,0.09,-1.8721299894030263,601628.SH
2020-02-25,27.47,28.2,27.45,27.67,16510304,513543374,0.08,-0.39596832253419034,601628.SH
2020-02-26,27.67,27.87,27.52,27.64,10715407,331242399,0.05,-0.10842067220817597,601628.SH
2020-02-27,27.11,27.39,26.35,26.35,18219707,543763410,0.09,-4.667149059334297,601628.SH
2020-03-01,26.36,26.99,26.36,26.95,13675150,409675865,0.07,2.2770398481973375,601628.SH
2020-03-02,27.16,27.37,26.66,26.75,16765703,505683741,0.08,-0.7421150278293154,601628.SH
2020-03-03,26.73,26.84,26.5,26.84,14363088,428366972,0.07,0.33644859813084516,601628.SH
2020-03-04,27.01,27.82,26.8,27.72,26408521,810199083,0.13,3.2786885245901676,601628.SH
2020-03-05,27.38,27.58,27.21,27.36,14124625,432025630,0.07,-1.2987012987012991,601628.SH
2020-03-08,26.83,26.83,25.99,26.08,21630063,636168348,0.1,-4.678362573099415,601628.SH
2020-03-09,25.99,26.7,25.94,26.44,15403471,452444502,0.07,1.3803680981595123,601628.SH
2020-03-10,26.48,26.64,26.15,26.18,14488917,426801456,0.07,-0.9833585476550777,601628.SH
2020-03-11,25.95,25.99,25.22,25.52,15037831,428332133,0.07,-2.5210084033613467,601628.SH
2020-03-12,24.41,25.14,24.16,24.74,20098464,549891738,0.1,-3.056426332288409,601628.SH
2020-03-15,24.69,24.75,24.15,24.17,15222060,414183594,0.07,-2.303961196442994,601628.SH
2020-03-16,24.1,24.49,23.04,23.47,20834122,548513580,0.1,-2.896152254861406,601628.SH
2020-03-17,23.43,23.94,23.05,23.08,15978625,419808837,0.08,-1.6616957818491707,601628.SH
2020-03-18,23.08,23.41,21.44,22.11,23594581,582985407,0.11,-4.2027729636048505,601628.SH
2020-03-19,22.36,22.76,22.19,22.63,18852004,473104517,0.09,2.3518769787426397,601628.SH
2020-03-22,21.9,22.12,21.47,21.77,12891379,314116515,0.06,-3.800265134776848,601628.SH
2020-03-23,22.16,22.9,22.15,22.83,17726724,446039405,0.09,4.869085898024794,601628.SH
2020-03-24,23.48,24.24,23.33,24.15,22105015,590763519,0.11,5.781865965834432,601628.SH
2020-03-25,24.15,24.73,23.84,24.14,21752606,592112027,0.1,-0.04140786749481373,601628.SH
2020-03-26,24.42,24.6,23.96,24.0,13371868,361908454,0.06,-0.5799502899751507,601628.SH
2020-03-29,23.64,23.94,23.31,23.75,12288429,324427405,0.06,-1.041666666666663,601628.SH
2020-03-30,23.96,24.08,23.45,23.56,8408015,222512648,0.04,-0.8000000000000007,601628.SH
2020-03-31,23.35,23.83,23.35,23.39,7432163,195954862,0.04,-0.7215619694397213,601628.SH
2020-04-01,23.36,23.81,23.27,23.81,6570400,172582663,0.03,1.7956391620350454,601628.SH
2020-04-02,23.81,23.83,23.41,23.53,6267072,165169845,0.03,-1.1759764804703754,601628.SH
2020-04-06,24.24,24.28,23.84,24.0,11351479,304317997,0.05,1.9974500637484072,601628.SH
2020-04-07,23.83,23.94,23.39,23.51,11299664,297063278,0.05,-2.041666666666664,601628.SH
2020-04-08,23.54,23.69,23.4,23.47,7214740,189741266,0.03,-0.17014036580179637,601628.SH
2020-04-09,23.49,24.01,23.42,23.69,10866329,288164042,0.05,0.9373668512995481,601628.SH
2020-04-12,23.45,24.09,23.45,23.96,11881670,317556004,0.06,1.139721401435212,601628.SH
2020-04-13,24.09,24.11,23.73,24.07,9179844,245202155,0.04,0.45909849749581344,601628.SH
2020-04-14,24.1,24.1,23.76,23.81,7798052,208158686,0.04,-1.080182800166185,601628.SH
2020-04-15,23.64,23.78,23.51,23.72,6391678,168933608,0.03,-0.37799244015119804,601628.SH
2020-04-16,23.94,25.27,23.79,25.1,33452552,925213009,0.16,5.8178752107926,601628.SH
2020-04-19,25.07,25.53,24.7,25.21,20367945,572399322,0.1,0.4382470119521864,601628.SH
2020-04-20,25.18,25.18,24.75,24.89,11840116,330166810,0.06,-1.2693375644585503,601628.SH
2020-04-21,24.81,25.14,24.75,24.99,9642941,268411777,0.05,0.4017677782241824,601628.SH
2020-04-22,25.04,25.41,24.87,25.13,10577668,297264260,0.05,0.5602240896358524,601628.SH
2020-04-23,25.05,25.05,24.51,24.85,11712791,324508168,0.06,-1.114206128133699,601628.SH
2020-04-26,25.09,25.41,24.87,24.95,11140536,313248320,0.05,0.4024144869215096,601628.SH
2020-04-27,24.92,25.3,24.67,25.29,11969128,335151355,0.06,1.3627254509018139,601628.SH
2020-04-28,25.15,25.85,25.15,25.72,11600638,332299692,0.06,1.700276789244759,601628.SH
2020-04-29,25.74,26.3,25.42,25.53,16644522,480909668,0.08,-0.7387247278382469,601628.SH
2020-05-05,24.87,25.11,24.78,24.96,21064751,585877057,0.1,-2.232667450058756,601628.SH
2020-05-06,24.97,25.0,24.47,24.62,13901028,382466232,0.07,-1.3621794871794823,601628.SH
2020-05-07,24.75,25.05,24.73,25.0,14634462,407429138,0.07,1.543460601137281,601628.SH
2020-05-10,24.99,25.57,24.94,25.35,13041800,369306649,0.06,1.4000000000000012,601628.SH
2020-05-11,25.21,25.34,24.67,24.86,10435798,290470692,0.05,-1.9329388560157867,601628.SH
2020-05-12,24.8,24.92,24.51,24.83,5777732,159645589,0.03,-0.12067578439259874,601628.SH
2020-05-13,24.73,24.83,24.36,24.38,7512216,205817136,0.04,-1.8123238018526,601628.SH
2020-05-14,24.53,24.66,23.94,24.05,11978706,323325698,0.06,-1.3535684987694752,601628.SH
2020-05-17,23.85,24.21,23.8,23.98,7247713,194624419,0.03,-0.2910602910602966,601628.SH
2020-05-18,24.28,24.61,24.16,24.26,8447922,229926768,0.04,1.1676396997498006,601628.SH
2020-05-19,24.23,24.46,24.05,24.29,7192864,194863623,0.03,0.12366034624895494,601628.SH
2020-05-20,24.37,24.41,24.16,24.2,7326285,199107676,0.04,-0.3705228489090162,601628.SH
2020-05-21,24.0,24.18,23.54,23.54,9662527,256267155,0.05,-2.7272727272727226,601628.SH
2020-05-24,23.87,23.87,22.54,22.65,20436444,521591779,0.1,-3.7807986406117267,601628.SH
2020-05-25,22.84,22.95,22.63,22.87,10745400,273560253,0.05,0.9713024282560712,601628.SH
2020-05-26,22.85,23.13,22.74,23.02,7661559,196994425,0.04,0.655881066899866,601628.SH
2020-05-27,23.06,23.56,23.01,23.36,12237028,318950192,0.06,1.476976542137276,601628.SH
2020-05-28,23.22,23.22,22.66,22.9,12072192,308696446,0.06,-1.9691780821917804,601628.SH
2020-05-31,23.05,23.41,23.05,23.41,12770571,332042457,0.06,2.2270742358078577,601628.SH
2020-06-01,23.35,24.12,23.26,24.03,16185797,430544547,0.08,2.648440837249044,601628.SH
2020-06-02,24.07,25.31,24.06,25.04,40213104,1127643241,0.19,4.203079483978356,601628.SH
2020-06-03,25.18,25.23,24.74,24.88,13631269,380046851,0.07,-0.6389776357827448,601628.SH
2020-06-04,25.0,25.02,24.49,24.9,11125177,307201200,0.05,0.0803858520900258,601628.SH
2020-06-07,24.99,26.2,24.99,25.85,20683946,597169733,0.1,3.81526104417671,601628.SH
2020-06-08,25.76,26.19,25.68,26.08,15282600,443445843,0.07,0.8897485493229995,601628.SH
2020-06-09,25.95,26.08,25.66,25.87,9543464,275268843,0.05,-0.8052147239263729,601628.SH
2020-06-10,25.72,26.02,25.26,25.41,14177745,406045048,0.07,-1.7781213761113301,601628.SH
2020-06-11,24.66,25.25,24.43,25.17,14060510,390648683,0.07,-0.9445100354191216,601628.SH
2020-06-14,24.92,25.11,24.41,24.51,11667342,322694530,0.06,-2.6221692491060766,601628.SH
2020-06-15,24.96,25.05,24.69,24.92,9885054,274820799,0.05,1.6727866177070672,601628.SH
2020-06-16,24.92,24.94,24.53,24.71,7707684,212640274,0.04,-0.8426966292134908,601628.SH
2020-06-17,24.72,24.72,24.32,24.69,14409191,394725339,0.07,-0.08093889113719444,601628.SH
2020-06-18,24.68,25.27,24.52,25.2,19000485,529882014,0.09,2.0656136087484622,601628.SH
2020-06-21,24.94,25.72,24.81,25.07,19038634,535718805,0.09,-0.515873015873014,601628.SH
2020-06-22,24.92,25.0,24.58,24.74,13300900,367756080,0.06,-1.316314319904277,601628.SH
2020-06-23,24.87,25.51,24.79,25.26,20599211,582218026,0.1,2.1018593371059158,601628.SH
2020-06-28,25.08,25.22,24.17,24.33,18572877,509868805,0.09,-3.6817102137767344,601628.SH
2020-06-29,24.5,24.66,24.07,24.34,16970625,461009669,0.08,0.04110152075627038,601628.SH
2020-06-30,24.34,25.17,24.15,25.17,23413420,645485105,0.11,3.4100246507806187,601628.SH
2020-07-01,25.06,27.02,24.98,26.87,48334730,1412858260,0.23,6.754072308303538,601628.SH
2020-07-02,27.18,29.56,27.18,29.56,61632621,1980551809,0.3,10.011164867882382,601628.SH
2020-07-05,31.4,32.51,31.25,32.51,70112265,2524878947,0.34,9.979702300405947,601628.SH
2020-07-06,34.0,34.72,32.54,33.36,66398545,2504205256,0.32,2.6145801291910242,601628.SH
2020-07-07,33.72,36.7,33.19,36.7,55581957,2156761956,0.27,10.011990407673865,601628.SH
2020-07-08,36.7,40.37,35.89,39.36,77601672,3348081787,0.37,7.24795640326974,601628.SH
2020-07-09,37.56,38.18,36.04,36.59,66520139,2753111782,0.32,-7.037601626016254,601628.SH
2020-07-12,35.65,37.18,34.26,36.04,59729089,2379655105,0.29,-1.5031429352282188,601628.SH
2020-07-13,35.44,35.71,34.66,35.45,40829476,1605968132,0.2,-1.6370699223085317,601628.SH
2020-07-14,35.87,36.14,34.59,35.4,37334023,1478661535,0.18,-0.14104372355431272,601628.SH
2020-07-15,35.82,36.73,31.86,31.87,60501170,2268895410,0.29,-9.971751412429375,601628.SH
2020-07-16,32.09,32.69,31.03,31.46,40065395,1398603184,0.19,-1.28647631000941,601628.SH
2020-07-19,32.63,34.61,32.53,34.61,49491670,1823548712,0.24,10.012714558169101,601628.SH
2020-07-20,37.37,37.37,34.87,35.76,76840131,3054207947,0.37,3.322739092747762,601628.SH
2020-07-21,34.77,36.59,34.36,35.18,55857178,2177735479,0.27,-1.6219239373601702,601628.SH
2020-07-22,34.28,35.16,33.36,34.54,42252901,1583856224,0.2,-1.8192154633314361,601628.SH
2020-07-23,33.89,34.01,32.08,32.26,42868052,1550948329,0.21,-6.60104226983208,601628.SH
2020-07-26,32.45,32.71,31.82,32.2,20646613,727981609,0.1,-0.18598884066954868,601628.SH
2020-07-27,32.62,32.77,31.77,32.0,20740259,733118627,0.1,-0.6211180124223725,601628.SH
2020-07-28,31.77,34.22,31.73,33.68,34436625,1257869421,0.17,5.249999999999999,601628.SH
2020-07-29,33.63,33.68,32.72,32.94,23155473,839912043,0.11,-2.197149643705465,601628.SH
2020-07-30,32.72,34.19,32.52,33.26,31701049,1163474336,0.15,0.971463266545225,601628.SH
2020-08-02,33.49,34.21,33.28,34.11,30611375,1134734063,0.15,2.5556223692122737,601628.SH
2020-08-03,34.25,37.14,33.59,35.79,61822303,2390262182,0.3,4.925241864555852,601628.SH
2020-08-04,34.78,35.52,34.21,35.09,32336839,1235930148,0.16,-1.9558535903883678,601628.SH
2020-08-05,35.09,36.17,35.02,36.05,33375879,1305149914,0.16,2.7358221715588327,601628.SH
2020-08-06,35.63,35.99,34.36,34.83,27899431,1077203704,0.13,-3.38418862690707,601628.SH
2020-08-09,34.63,36.93,34.41,36.69,43314793,1728703933,0.21,5.3402239448751,601628.SH
2020-08-10,36.37,38.28,35.73,36.04,38982056,1587177135,0.19,-1.7715998909784592,601628.SH
2020-08-11,35.55,36.87,35.55,35.88,27204553,1075662055,0.13,-0.4439511653718031,601628.SH
2020-08-12,35.9,36.17,35.02,35.49,21022349,818868107,0.1,-1.0869565217391353,601628.SH
2020-08-13,35.25,39.04,35.08,39.04,44268198,1808054962,0.21,10.002817695125387,601628.SH
2020-08-16,39.2,42.94,38.56,42.94,60320650,2732048657,0.29,9.989754098360649,601628.SH
2020-08-17,44.26,46.37,42.88,45.11,84436589,4083022430,0.41,5.053563111318127,601628.SH
2020-08-18,43.81,44.2,41.45,41.71,72491875,3376467871,0.35,-7.537131456439816,601628.SH
2020-08-19,41.01,41.52,39.46,40.08,50371994,2225498421,0.24,-3.90793574682331,601628.SH
2020-08-20,40.14,41.27,39.75,40.74,44708454,1988294905,0.21,1.646706586826352,601628.SH
2020-08-23,40.5,41.11,39.69,39.76,32145970,1417599021,0.15,-2.4054982817869552,601628.SH
2020-08-24,39.76,41.15,39.22,39.77,34608156,1531229237,0.17,0.025150905432602677,601628.SH
2020-08-25,39.75,40.97,38.48,39.24,45959855,2002085176,0.22,-1.332662811164198,601628.SH
2020-08-26,38.53,39.58,38.01,39.28,34538054,1465650674,0.17,0.10193679918450993,601628.SH
2020-08-27,38.9,40.9,38.66,40.8,41037875,1804717378,0.2,3.8696537678207577,601628.SH
2020-08-30,40.97,41.46,39.81,39.81,39272501,1750128566,0.19,-2.4264705882352855,601628.SH
2020-08-31,39.39,40.07,39.25,40.05,21056898,915894246,0.1,0.6028636021100153,601628.SH
2020-09-01,39.94,40.47,39.62,40.18,24006559,1053711394,0.12,0.3245942571785232,601628.SH
2020-09-02,40.02,40.42,39.46,39.57,20564853,899068156,0.1,-1.5181682429069143,601628.SH
2020-09-03,38.29,39.0,38.29,38.74,19224651,815367577,0.09,-2.0975486479656302,601628.SH
2020-09-06,38.74,39.13,37.1,37.1,24050192,1008689663,0.12,-4.233350542075376,601628.SH
2020-09-07,37.37,39.65,37.22,39.27,34861495,1474481164,0.17,5.849056603773595,601628.SH
2020-09-08,38.28,39.92,38.27,38.92,26883560,1151307488,0.13,-0.89126559714795,601628.SH
2020-09-09,39.6,41.56,38.94,40.17,48027626,2115206282,0.23,3.2117163412127336,601628.SH
2020-09-10,40.1,41.17,39.67,40.63,37124504,1652078913,0.18,1.145133183968139,601628.SH
2020-09-13,40.7,40.91,39.39,40.18,27798987,1217692540,0.13,-1.1075559931085444,601628.SH
2020-09-14,39.73,40.72,39.46,40.27,25537939,1126651583,0.12,0.22399203583873817,601628.SH
2020-09-15,39.86,40.44,39.54,39.84,18972508,830481402,0.09,-1.0677924012912787,601628.SH
2020-09-16,39.84,40.56,38.42,39.15,26887219,1164371732,0.13,-1.731927710843384,601628.SH
2020-09-17,39.05,43.07,39.05,43.07,57023238,2591603896,0.27,10.012771392081742,601628.SH
2020-09-20,42.84,43.55,41.43,41.85,41056439,1899582501,0.2,-2.832598096122585,601628.SH
2020-09-21,41.31,42.23,40.54,41.7,30854868,1398068307,0.15,-0.35842293906809264,601628.SH
2020-09-22,41.41,41.66,40.79,41.14,15132385,682857441,0.07,-1.342925659472427,601628.SH
2020-09-23,40.74,42.78,40.59,41.54,34050984,1561235738,0.16,0.9722897423432242,601628.SH
2020-09-24,41.47,41.81,40.72,41.38,17810902,806396692,0.09,-0.3851709195955677,601628.SH
2020-09-27,41.42,42.25,41.2,41.53,16472755,752508545,0.08,0.3624939584340181,601628.SH
2020-09-28,42.02,42.17,41.36,41.46,17068448,779689157,0.08,-0.16855285335901637,601628.SH
2020-09-29,41.56,41.89,40.1,40.49,19710728,885614607,0.09,-2.3396044380125436,601628.SH
2020-10-08,41.11,41.47,40.65,40.88,19594049,883193612,0.09,0.9632007903185968,601628.SH
2020-10-11,40.9,43.19,40.88,42.71,33036743,1537580881,0.16,4.476516634050887,601628.SH
2020-10-12,41.97,42.94,41.53,42.84,20425804,944477106,0.1,0.30437836572232424,601628.SH
2020-10-13,42.47,43.17,42.1,42.85,17982846,839552174,0.09,0.023342670401493848,601628.SH
2020-10-14,43.27,45.12,43.0,43.79,34930014,1694025107,0.17,2.1936989498249737,601628.SH
2020-10-15,43.57,45.66,43.26,45.23,32260171,1577628514,0.15,3.2884220141584874,601628.SH
2020-10-18,45.02,47.54,44.75,45.57,34080714,1731584457,0.16,0.7517134645147028,601628.SH
2020-10-19,45.55,46.03,44.39,45.47,18927778,939589467,0.09,-0.21944261575598256,601628.SH
2020-10-20,45.39,47.52,45.09,47.36,27440058,1400134627,0.13,4.156586760501435,601628.SH
2020-10-21,46.46,47.12,44.48,46.2,30461894,1533149452,0.15,-2.44932432432432,601628.SH
2020-10-22,45.59,47.06,44.66,44.66,27639740,1394423435,0.13,-3.3333333333333437,601628.SH
2020-10-25,44.51,44.92,42.57,43.63,25573044,1226944943,0.12,-2.306314375279883,601628.SH
2020-10-26,43.39,45.2,43.29,44.69,19448056,949219120,0.09,2.4295209718083743,601628.SH
2020-10-27,44.66,45.01,43.48,44.71,23749560,1149923922,0.11,0.04475274110540273,601628.SH
2020-10-28,43.89,44.54,41.89,43.75,40396068,1899436603,0.19,-2.147170655334374,601628.SH
2020-10-29,43.94,43.94,41.83,42.0,29741981,1391241365,0.14,-4.0000000000000036,601628.SH
2020-11-01,42.38,42.45,40.04,40.72,38158696,1711815767,0.18,-3.0476190476190546,601628.SH
2020-11-02,41.01,41.91,40.6,41.73,25958462,1178860602,0.12,2.4803536345775923,601628.SH
2020-11-03,40.59,40.86,39.37,39.58,41716785,1828703096,0.2,-5.15216870357057,601628.SH
2020-11-04,40.09,40.49,38.28,38.95,43435676,1860701822,0.21,-1.5917129863567303,601628.SH
2020-11-05,38.97,39.05,37.41,37.62,39648596,1655936616,0.19,-3.4146341463414775,601628.SH
2020-11-08,38.0,38.9,37.65,38.82,50675075,2126253168,0.24,3.189792663476876,601628.SH
2020-11-09,38.9,39.75,38.38,38.87,39531793,1694678025,0.19,0.12879958784131063,601628.SH
2020-11-10,38.54,39.42,37.97,38.98,26692742,1137561998,0.13,0.28299459737586297,601628.SH
2020-11-11,38.87,38.94,38.01,38.19,19480856,817313207,0.09,-2.02668034889687,601628.SH
2020-11-12,37.95,37.99,36.66,37.1,25045378,1019946494,0.12,-2.854150301125935,601628.SH
2020-11-15,37.51,37.9,37.13,37.74,21628316,890528072,0.1,1.7250673854447562,601628.SH
2020-11-16,37.8,38.14,37.23,37.75,17608990,728305952,0.08,0.026497085320609237,601628.SH
2020-11-17,37.75,39.23,37.74,39.03,37508487,1597492440,0.18,3.390728476821203,601628.SH
2020-11-18,38.64,39.42,38.55,39.38,25777310,1104832406,0.12,0.8967460927491677,601628.SH
2020-11-19,39.23,39.25,38.45,38.74,20091393,853305344,0.1,-1.6251904520060978,601628.SH
2020-11-22,38.66,39.42,37.64,38.86,33111386,1398015213,0.16,0.30975735673721694,601628.SH
2020-11-23,38.57,38.9,38.14,38.18,17197621,725338904,0.08,-1.749871332990216,601628.SH
2020-11-24,38.55,39.36,38.38,38.46,31185083,1334888002,0.15,0.7333682556312171,601628.SH
2020-11-25,38.41,38.96,37.62,38.26,27942719,1171567736,0.13,-0.5200208008320439,601628.SH
2020-11-26,38.21,39.07,37.87,39.01,26717267,1127544836,0.13,1.9602718243596495,601628.SH
2020-11-29,39.28,40.47,38.65,38.65,48806528,2129826916,0.23,-0.9228402973596506,601628.SH
2020-11-30,38.6,39.51,38.07,39.28,36646571,1558026847,0.18,1.6300129366106253,601628.SH
2020-12-01,39.28,39.28,38.55,38.69,28341020,1205698832,0.14,-1.5020366598778145,601628.SH
2020-12-02,38.69,38.69,38.14,38.4,19895119,836727151,0.1,-0.7495476867407591,601628.SH
2020-12-03,38.23,38.23,37.73,38.02,19379038,806740047,0.09,-0.9895833333333215,601628.SH
2020-12-06,38.03,38.35,37.75,38.19,14688227,614049066,0.07,0.4471330878484947,601628.SH
2020-12-07,38.19,38.49,37.98,38.11,12116292,508361087,0.06,-0.20947892118354794,601628.SH
2020-12-08,38.24,38.45,37.71,38.05,15124781,632832892,0.07,-0.15743899239045733,601628.SH
2020-12-09,38.13,38.23,36.87,36.94,27857813,1141782481,0.13,-2.917214191852824,601628.SH
2020-12-10,36.82,37.14,35.82,36.26,24075308,959607883,0.12,-1.840822956145105,601628.SH
2020-12-13,36.23,36.25,35.18,35.56,20523126,801356242,0.1,-1.9305019305019155,601628.SH
2020-12-14,35.58,35.63,34.74,35.11,20809951,798716177,0.1,-1.265466816647931,601628.SH
2020-12-15,35.33,36.03,35.15,35.57,16512135,644836084,0.08,1.3101680432925145,601628.SH
2020-12-16,35.36,36.41,35.02,36.28,18076795,710545695,0.09,1.9960640989598044,601628.SH
2020-12-17,36.24,36.55,35.37,35.46,15248242,598491731,0.07,-2.2601984564498356,601628.SH
2020-12-20,35.19,35.83,34.87,35.63,12899274,501458000,0.06,0.4794134235758696,601628.SH
2020-12-21,35.54,35.61,34.02,34.07,20798563,792922888,0.1,-4.37833286556274,601628.SH
2020-12-22,34.13,34.39,33.41,34.09,21699819,808311727,0.1,0.05870267097154436,601628.SH
2020-12-23,34.18,34.9,33.83,33.95,12835912,482780320,0.06,-0.4106776180698213,601628.SH
2020-12-24,34.04,34.32,33.19,34.2,13062406,484249446,0.06,0.7363770250368162,601628.SH
2020-12-27,34.13,34.8,33.61,34.09,16547887,620763184,0.08,-0.3216374269005784,601628.SH
2020-12-28,34.08,34.52,34.08,34.37,12100891,455424662,0.06,0.8213552361396204,601628.SH
2020-12-29,34.14,34.24,33.64,34.07,16426861,609814658,0.08,-0.8728542333430234,601628.SH
2020-12-30,34.04,35.73,34.04,34.99,30023911,1150786104,0.14,2.700322864690352,601628.SH
2021-01-03,34.99,34.99,33.87,34.48,27325327,1026587692,0.13,-1.457559302657918,601628.SH
2021-01-04,34.17,34.19,33.57,34.17,24119173,895589112,0.12,-0.8990719257540469,601628.SH
2021-01-05,34.09,35.54,33.95,35.54,45982366,1764153275,0.22,4.009364940005855,601628.SH
2021-01-06,35.62,36.27,34.94,35.86,40746234,1591183905,0.2,0.9003939223410251,601628.SH
2021-01-07,35.79,35.8,35.12,35.57,22747787,885732995,0.11,-0.808700501952031,601628.SH
2021-01-10,35.45,35.52,34.4,34.41,24923966,952176959,0.12,-3.261175147596296,601628.SH
2021-01-11,34.54,37.51,34.11,37.2,48023107,1888165126,0.23,8.108108108108137,601628.SH
2021-01-12,37.18,37.51,36.17,36.52,36650617,1475232101,0.18,-1.8279569892473146,601628.SH
2021-01-13,36.46,37.87,36.46,36.77,40529688,1655053199,0.19,0.6845564074479782,601628.SH
2021-01-14,36.59,38.57,36.5,37.74,47128362,1952244558,0.23,2.638020125101992,601628.SH
2021-01-17,37.37,37.97,36.47,37.26,32900157,1335610067,0.16,-1.271860095389521,601628.SH
2021-01-18,36.91,37.61,36.56,37.3,23990683,974373728,0.12,0.10735373054213682,601628.SH
2021-01-19,36.88,37.16,36.27,36.44,20864304,837648337,0.1,-2.3056300268096463,601628.SH
2021-01-20,36.45,36.52,35.55,36.08,25663890,1011670102,0.12,-0.9879253567508184,601628.SH
2021-01-21,35.83,36.0,34.63,34.65,31233367,1204135634,0.15,-3.963414634146345,601628.SH
2021-01-24,34.66,35.25,33.93,35.24,20599775,783554909,0.1,1.7027417027417169,601628.SH
2021-01-25,34.83,35.05,34.13,34.32,16148673,611487025,0.08,-2.6106696935300877,601628.SH
2021-01-26,34.32,34.9,34.22,34.41,12291941,465880711,0.06,0.2622377622377492,601628.SH
2021-01-27,33.86,34.2,33.72,33.94,11806410,439268094,0.06,-1.3658820110432957,601628.SH
2021-01-28,34.11,34.14,32.55,32.95,17692899,644907386,0.08,-2.9169121979964463,601628.SH
2021-01-31,32.81,33.29,32.47,33.1,11548334,418116591,0.06,0.4552352048558417,601628.SH
2021-02-01,33.28,33.3,32.54,32.78,14717872,528650890,0.07,-0.9667673716012071,601628.SH
2021-02-02,32.79,32.79,31.66,32.1,16261206,573611599,0.08,-2.0744356314826073,601628.SH
2021-02-03,32.27,32.53,30.94,30.98,30486976,1057519247,0.15,-3.4890965732087276,601628.SH
2021-02-04,30.65,31.17,30.43,30.81,23793991,805940361,0.11,-0.548741123305363,601628.SH
2021-02-07,30.72,30.98,29.37,29.54,34901857,1142552182,0.17,-4.122038299253483,601628.SH
2021-02-08,29.7,30.28,29.07,30.27,20526095,671048761,0.1,2.471225457007442,601628.SH
2021-02-09,30.26,31.22,30.16,30.64,22620541,761804506,0.11,1.222332342253063,601628.SH
2021-02-17,31.23,32.51,31.21,31.85,29567910,1031082826,0.14,3.9490861618799,601628.SH
2021-02-18,31.71,32.56,31.15,32.17,24491866,862613207,0.12,1.0047095761381408,601628.SH
2021-02-21,32.19,32.47,31.53,31.64,29009218,1014964642,0.14,-1.6474976686353782,601628.SH
2021-02-22,31.65,32.61,31.64,32.26,24144732,855188934,0.12,1.9595448798988446,601628.SH
2021-02-23,32.11,32.97,31.35,31.56,27209816,959683468,0.13,-2.169869807811531,601628.SH
2021-02-24,31.15,32.86,30.35,32.23,38655872,1344232273,0.19,2.122940430925224,601628.SH
2021-02-25,31.47,31.85,30.17,30.22,36017620,1217359541,0.17,-6.2364256903506,601628.SH
2021-02-28,29.99,30.35,29.53,30.13,16571438,544504914,0.08,-0.297816015883523,601628.SH
2021-03-01,30.06,30.68,29.89,30.17,14455559,479604251,0.07,0.1327580484566937,601628.SH
2021-03-02,30.17,31.13,30.08,31.02,24024438,813247729,0.12,2.8173682466025696,601628.SH
2021-03-03,30.84,31.48,30.68,31.12,20677285,704681026,0.1,0.3223726627981982,601628.SH
2021-03-04,30.81,31.1,29.99,30.38,19024028,633706620,0.09,-2.3778920308483387,601628.SH
2021-03-07,30.4,31.15,29.99,30.02,19059627,640637815,0.09,-1.1849901250822859,601628.SH
2021-03-08,30.15,30.55,29.49,30.05,19085723,629177884,0.09,0.09993337774816258,601628.SH
2021-03-09,30.04,30.21,28.72,28.8,21201734,682333730,0.1,-4.159733777038266,601628.SH
2021-03-10,28.76,29.31,28.76,29.31,15235081,486462257,0.07,1.7708333333333215,601628.SH
2021-03-11,29.17,29.48,28.89,29.21,11221812,359128659,0.05,-0.3411804844762778,601628.SH
2021-03-14,29.25,29.33,28.8,28.99,10474789,333485899,0.05,-0.753166723724763,601628.SH
2021-03-15,29.16,29.76,29.07,29.71,13926478,449913212,0.07,2.4836150396688517,601628.SH
2021-03-16,29.62,29.71,29.07,29.15,13631440,438514981,0.07,-1.8848872433524178,601628.SH
2021-03-17,29.03,29.49,29.03,29.3,8654470,277960247,0.04,0.5145797598627766,601628.SH
2021-03-18,29.17,29.22,28.33,28.33,17096481,537905316,0.08,-3.3105802047781685,601628.SH
2021-03-21,28.33,28.79,28.28,28.76,9638830,302453098,0.05,1.5178256265443002,601628.SH
2021-03-22,28.94,29.44,28.78,29.11,12323755,393368180,0.06,1.2169680111265624,601628.SH
2021-03-23,28.93,29.44,28.85,28.96,11664567,372801158,0.06,-0.5152868430092661,601628.SH
2021-03-24,28.73,28.88,28.44,28.63,8926278,280906076,0.04,-1.139502762430944,601628.SH
2021-03-25,28.65,29.47,28.62,29.35,16534943,530900043,0.08,2.5148445686343113,601628.SH
2021-03-28,29.35,29.6,29.04,29.27,9607329,308682349,0.05,-0.2725724020443021,601628.SH
2021-03-29,29.27,29.42,28.95,29.22,9429379,301379967,0.05,-0.1708233686368299,601628.SH
2021-03-30,29.04,29.15,28.8,29.0,7235913,229896593,0.03,-0.7529089664613187,601628.SH
2021-03-31,29.07,29.4,28.91,29.35,8441508,270980198,0.04,1.206896551724146,601628.SH
2021-04-01,29.34,29.55,29.1,29.41,8811680,283706954,0.04,0.20442930153321548,601628.SH
2021-04-05,29.37,29.55,29.24,29.38,6469442,208421049,0.03,-0.10200612036722623,601628.SH
2021-04-06,29.39,29.48,28.76,28.96,10884496,346401953,0.05,-1.4295439074200056,601628.SH
2021-04-07,28.86,29.28,28.76,29.16,8569214,273764236,0.04,0.6906077348066253,601628.SH
2021-04-08,29.12,29.14,28.4,28.48,11917848,374139229,0.06,-2.3319615912208547,601628.SH
2021-04-11,28.45,28.71,28.33,28.39,7778855,243323383,0.04,-0.3160112359550604,601628.SH
2021-04-12,28.39,28.49,27.73,27.95,10907549,334919355,0.05,-1.549841493483628,601628.SH
2021-04-13,28.03,28.21,27.73,27.94,7563658,231697051,0.04,-0.03577817531305039,601628.SH
2021-04-14,27.87,27.89,27.16,27.3,11465639,343597271,0.06,-2.29062276306371,601628.SH
2021-04-15,27.38,27.96,27.28,27.92,10883931,330777976,0.05,2.271062271062285,601628.SH
2021-04-18,27.95,28.29,27.64,28.27,10966862,337995333,0.05,1.2535816618911122,601628.SH
2021-04-19,28.09,28.25,27.81,27.88,7373787,226670398,0.04,-1.3795542978422337,601628.SH
2021-04-20,27.78,28.1,27.48,28.05,7212327,220872037,0.03,0.6097560975609762,601628.SH
2021-04-21,29.05,29.37,28.44,28.56,19281243,609663028,0.09,1.8181818181818077,601628.SH
2021-04-22,28.59,29.61,28.59,29.27,23580591,755301277,0.11,2.485994397759117,601628.SH
2021-04-25,29.08,29.08,28.28,28.28,15456610,485313819,0.07,-3.382302699009221,601628.SH
2021-04-26,28.2,29.67,27.89,29.46,22116134,703522473,0.11,4.172560113154167,601628.SH
2021-04-27,29.53,30.27,29.2,29.95,24971023,817336020,0.12,1.6632722335369943,601628.SH
2021-04-28,30.0,30.66,29.52,30.64,28104213,936287097,0.13,2.3038397328881466,601628.SH
2021-04-29,30.67,30.88,29.71,30.14,21917936,726756108,0.11,-1.6318537859007831,601628.SH
2021-05-05,29.89,30.26,29.62,29.83,15074988,493469889,0.07,-1.0285335102853455,601628.SH
2021-05-06,29.74,30.14,29.63,29.72,12257961,401900418,0.06,-0.36875628561849894,601628.SH
2021-05-09,29.67,29.67,28.99,29.38,13930887,447802299,0.07,-1.144010767160164,601628.SH
2021-05-10,29.15,30.07,29.07,30.07,15077812,490110761,0.07,2.3485364193328806,601628.SH
2021-05-11,29.87,30.24,29.63,29.93,12202428,400364196,0.06,-0.4655803126039304,601628.SH
2021-05-12,29.53,29.85,29.21,29.64,8180815,264743910,0.04,-0.9689274974941542,601628.SH
2021-05-13,29.66,32.43,29.55,32.31,48742898,1680389969,0.23,9.008097165991913,601628.SH
2021-05-16,31.9,32.08,31.35,31.51,27174411,943583494,0.13,-2.4760136180749015,601628.SH
2021-05-17,31.57,32.49,31.54,31.86,22518062,789807216,0.11,1.1107584893684574,601628.SH
2021-05-18,31.65,31.97,31.17,31.38,16713828,577249022,0.08,-1.5065913370998163,601628.SH
2021-05-19,31.49,32.43,31.22,32.09,23366648,819560233,0.11,2.262587635436608,601628.SH
2021-05-20,32.36,32.45,31.28,31.36,18844951,653601427,0.09,-2.274851978809611,601628.SH
2021-05-23,31.26,31.99,31.23,31.75,15044164,523275676,0.07,1.2436224489795977,601628.SH
2021-05-24,31.8,33.44,31.54,33.05,39175387,1413268567,0.19,4.094488188976375,601628.SH
2021-05-25,33.02,33.91,32.72,33.35,34276291,1252805410,0.16,0.9077155824508409,601628.SH
2021-05-26,33.01,33.58,32.82,33.22,19016395,690155468,0.09,-0.389805097451279,601628.SH
2021-05-27,33.08,33.6,32.9,33.45,21165120,770461617,0.1,0.6923540036122944,601628.SH
2021-05-30,33.06,33.33,32.55,33.18,21819753,787809855,0.1,-0.8071748878923812,601628.SH
2021-05-31,32.77,32.89,31.75,32.12,29160105,1032069668,0.14,-3.194695599758901,601628.SH
2021-06-01,32.08,32.54,31.59,32.27,22437361,787035085,0.11,0.4669987546700005,601628.SH
2021-06-02,31.99,32.67,31.89,31.95,16079435,569784177,0.08,-0.9916330957545849,601628.SH
2021-06-03,31.81,33.04,31.77,32.61,20447437,729019072,0.1,2.0657276995305063,601628.SH
2021-06-06,32.4,32.63,32.0,32.26,11502351,406225060,0.06,-1.073290401717264,601628.SH
2021-06-07,32.26,32.79,31.95,32.41,14379054,511122538,0.07,0.46497210167388836,601628.SH
2021-06-08,32.31,32.76,32.22,32.41,13310548,474874538,0.06,0.0,601628.SH
2021-06-09,32.23,32.68,31.39,31.57,21885658,768409629,0.11,-2.591792656587466,601628.SH
2021-06-10,31.31,31.44,30.31,30.35,29957812,1007651247,0.14,-3.8644282546721587,601628.SH
2021-06-14,30.21,30.54,29.69,30.32,15738529,518869757,0.08,-0.09884678747941189,601628.SH
2021-06-15,30.31,31.04,30.18,30.72,15152199,511037841,0.07,1.319261213720302,601628.SH
2021-06-16,30.61,31.07,30.26,30.6,11117786,373854657,0.05,-0.3906249999999889,601628.SH
2021-06-17,30.61,30.9,30.31,30.46,10975557,368370788,0.05,-0.4575163398692794,601628.SH
2021-06-20,30.2,30.81,29.67,30.79,15543597,517587450,0.07,1.0833880499015125,601628.SH
2021-06-21,30.98,31.62,30.53,30.95,17669784,602690397,0.08,0.5196492367651739,601628.SH
2021-06-22,30.9,31.23,30.61,30.75,13005033,439614808,0.06,-0.6462035541195399,601628.SH
2021-06-23,30.75,31.44,30.56,30.99,14177552,483855238,0.07,0.7804878048780495,601628.SH
2021-06-24,31.19,32.18,30.87,31.8,25844521,896668136,0.12,2.613746369796721,601628.SH
2021-06-27,32.04,32.11,31.26,31.44,13776432,475880926,0.07,-1.132075471698113,601628.SH
2021-06-28,31.32,31.47,30.71,30.86,12121014,412997600,0.06,-1.8447837150127322,601628.SH
2021-06-29,30.72,31.23,30.72,30.89,9154782,310273794,0.04,0.09721322099804919,601628.SH
2021-06-30,31.06,31.23,30.2,30.35,13473472,453376915,0.06,-1.7481385561670448,601628.SH
2021-07-01,30.17,30.23,29.03,29.16,18772855,606775742,0.09,-3.920922570016483,601628.SH
2021-07-04,29.07,29.92,29.01,29.78,13950450,451040845,0.07,2.126200274348422,601628.SH
2021-07-05,29.78,30.73,29.68,30.65,17161435,571900527,0.08,2.9214237743451887,601628.SH
2021-07-06,30.62,30.94,30.16,30.4,13429487,449005318,0.06,-0.815660685154973,601628.SH
2021-07-07,30.36,30.4,29.51,29.67,11236598,367173417,0.05,-2.401315789473679,601628.SH
2021-07-08,29.68,30.01,29.12,29.31,14356822,464054795,0.07,-1.213346814964622,601628.SH
2021-07-11,29.49,29.69,28.86,28.96,18450876,589026425,0.09,-1.194131695667,601628.SH
2021-07-12,28.95,29.21,28.78,29.18,10701197,341211025,0.05,0.7596685082872812,601628.SH
2021-07-13,29.06,29.07,28.25,28.44,15330300,478073942,0.07,-2.5359835503769634,601628.SH
2021-07-14,28.56,29.26,28.36,29.03,13962989,433990363,0.07,2.0745428973277136,601628.SH
2021-07-15,28.73,29.15,28.47,28.82,10426254,322383617,0.05,-0.7233895969686599,601628.SH
2021-07-18,28.84,29.12,28.19,29.04,12301520,378543358,0.06,0.7633587786259444,601628.SH
2021-07-19,28.84,29.11,28.57,28.85,7262125,225015106,0.03,-0.654269972451782,601628.SH
2021-07-20,28.64,29.26,28.59,28.79,10352127,320770542,0.05,-0.20797227036395416,601628.SH
2021-07-21,28.61,29.58,28.58,29.24,16580173,521180217,0.08,1.5630427231677624,601628.SH
2021-07-22,29.18,29.53,28.7,29.03,11985808,374050986,0.06,-0.7181942544459585,601628.SH
2021-07-25,28.73,28.73,27.25,27.4,21117090,629393017,0.1,-5.614881157423368,601628.SH
2021-07-26,27.32,27.5,26.31,26.52,16652582,480575093,0.08,-3.211678832116782,601628.SH
2021-07-27,26.79,27.12,26.53,26.58,11308806,325318066,0.05,0.2262443438914019,601628.SH
2021-07-28,26.94,27.17,25.91,26.11,15308160,431078523,0.07,-1.7682468021068432,601628.SH
2021-07-29,25.91,26.4,25.59,26.05,12205675,340525288,0.06,-0.22979701263883268,601628.SH
2021-08-01,25.78,26.84,25.12,26.31,19208047,537900885,0.09,0.998080614203456,601628.SH
2021-08-02,26.12,26.7,25.9,26.55,13471053,382235839,0.06,0.9122006841505215,601628.SH
2021-08-03,26.45,26.5,25.99,26.2,10508409,295828895,0.05,-1.3182674199623379,601628.SH
2021-08-04,26.0,26.87,25.89,26.12,12116074,343241857,0.06,-0.3053435114503733,601628.SH
2021-08-05,25.97,26.21,25.78,25.89,8024586,223471844,0.04,-0.880551301684529,601628.SH
2021-08-08,25.74,26.97,25.52,26.53,16005774,456269264,0.08,2.4719969100038597,601628.SH
2021-08-09,26.34,26.89,26.16,26.76,12970473,369767766,0.06,0.8669430833019298,601628.SH
2021-08-10,26.79,27.43,26.73,26.8,15736403,456887420,0.08,0.1494768310911887,601628.SH
2021-08-11,26.71,27.08,26.35,26.38,10676574,305282554,0.05,-1.5671641791044855,601628.SH
2021-08-12,26.41,26.63,26.26,26.44,7622119,216455655,0.04,0.22744503411675776,601628.SH
2021-08-15,26.54,27.08,26.48,26.77,10995128,317034729,0.05,1.248108925869884,601628.SH
2021-08-16,26.77,27.31,26.6,26.66,17562007,510112265,0.08,-0.4109077325364141,601628.SH
2021-08-17,26.52,28.27,26.21,27.89,30116942,887367977,0.14,4.613653413353336,601628.SH
2021-08-18,27.58,27.71,27.01,27.12,16914252,496121383,0.08,-2.7608461814270346,601628.SH
2021-08-19,26.87,27.91,26.8,27.6,22726750,671901637,0.11,1.7699115044247815,601628.SH
2021-08-22,27.59,27.65,27.04,27.34,12431710,364929633,0.06,-0.9420289855072483,601628.SH
2021-08-23,27.06,27.64,26.93,27.51,14501038,425623165,0.07,0.6217995610826588,601628.SH
2021-08-24,27.45,27.71,27.25,27.42,8530256,251538759,0.04,-0.32715376226826187,601628.SH
2021-08-25,27.26,27.51,26.86,26.89,11414943,332161153,0.05,-1.9328956965718458,601628.SH
2021-08-26,26.99,27.78,26.98,27.41,14237883,419821656,0.07,1.9338043882484168,601628.SH
2021-08-29,27.41,27.41,26.52,26.6,14314084,411957945,0.07,-2.955125866472086,601628.SH
2021-08-30,26.44,26.97,26.16,26.84,11833215,338205144,0.06,0.9022556390977376,601628.SH
2021-08-31,26.75,29.13,26.71,28.68,37736484,1143964502,0.18,6.85543964232489,601628.SH
2021-09-01,28.67,29.4,28.38,28.78,26172690,808337136,0.13,0.34867503486750717,601628.SH
2021-09-02,29.13,29.4,28.12,28.81,22056086,682383857,0.11,0.10423905489922447,601628.SH
2021-09-05,28.47,29.3,28.46,28.89,17331164,538748606,0.08,0.2776813606386819,601628.SH
2021-09-06,28.81,29.37,28.53,29.35,21104170,658043115,0.1,1.5922464520595314,601628.SH
2021-09-07,29.3,30.3,29.19,29.5,24725817,789670920,0.12,0.5110732538330387,601628.SH
2021-09-08,29.13,29.59,28.7,29.25,15024086,469194691,0.07,-0.8474576271186418,601628.SH
2021-09-09,29.22,30.24,29.17,29.58,23085818,737973834,0.11,1.1282051282051286,601628.SH
2021-09-12,29.59,30.27,29.5,29.85,15475792,495863019,0.07,0.9127789046653234,601628.SH
2021-09-13,29.87,30.17,28.59,28.76,20183871,634151653,0.1,-3.651591289782241,601628.SH
2021-09-14,28.47,28.92,28.32,28.68,13354629,409771772,0.06,-0.2781641168289384,601628.SH
2021-09-15,28.66,29.02,28.11,28.71,14651594,450068230,0.07,0.10460251046024993,601628.SH
2021-09-16,28.71,29.01,28.47,28.68,11195385,345181332,0.05,-0.10449320794149175,601628.SH
2021-09-21,27.92,28.06,27.39,27.61,15781239,469002411,0.08,-3.7308228730822846,601628.SH
2021-09-22,27.91,28.33,27.57,27.92,15894607,475934666,0.08,1.1227816008692493,601628.SH
2021-09-23,27.76,28.24,27.41,27.57,11332450,338927872,0.05,-1.2535816618911233,601628.SH
2021-09-26,27.51,28.52,27.43,28.37,17657199,533258408,0.08,2.901704751541523,601628.SH
2021-09-27,28.35,28.63,27.96,28.06,13493038,408779914,0.06,-1.0927035600987067,601628.SH
2021-09-28,27.92,28.46,27.78,28.34,13497638,408801933,0.06,0.9978617248752819,601628.SH
2021-09-29,28.2,28.39,27.63,27.73,14092188,421135486,0.07,-2.152434721242058,601628.SH
2021-10-07,28.19,29.3,28.02,29.13,26220088,813985504,0.13,5.048683736025961,601628.SH
2021-10-10,29.13,30.71,29.13,29.68,29657339,954726976,0.14,1.8880878819086844,601628.SH
2021-10-11,29.68,30.09,29.17,29.79,18467197,590251586,0.09,0.3706199460916437,601628.SH
2021-10-12,29.68,29.87,29.02,29.4,14854215,468487915,0.07,-1.309164149043307,601628.SH
2021-10-13,29.26,29.58,29.05,29.1,10395562,326463297,0.05,-1.0204081632652962,601628.SH
2021-10-14,29.12,29.36,28.89,29.16,11821620,369604966,0.06,0.20618556701030855,601628.SH
2021-10-17,29.36,29.69,28.24,28.47,15896191,490155712,0.08,-2.366255144032925,601628.SH
2021-10-18,28.38,29.51,28.3,29.08,13624465,425320151,0.07,2.1426062521952893,601628.SH
2021-10-19,29.4,29.72,28.69,28.92,11039587,344970831,0.05,-0.5502063273727487,601628.SH
2021-10-20,29.16,30.67,28.99,30.28,32627980,1053074665,0.16,4.7026279391424675,601628.SH
2021-10-21,30.3,30.59,30.01,30.37,17425290,567378686,0.08,0.297225891677666,601628.SH
2021-10-24,30.32,30.51,29.77,30.46,14531749,471094610,0.07,0.29634507737898996,601628.SH
2021-10-25,30.43,30.8,29.83,30.06,13926038,451454440,0.07,-1.3131976362442566,601628.SH
2021-10-26,29.79,30.3,29.4,29.9,11878229,381710412,0.06,-0.5322687957418526,601628.SH
2021-10-27,29.66,30.14,29.29,29.68,13098737,417837262,0.06,-0.7357859531772593,601628.SH
2021-10-28,29.27,29.47,27.62,27.73,37802569,1143996413,0.18,-6.57008086253369,601628.SH
2021-10-31,27.44,28.13,27.19,27.72,12748720,379087684,0.06,-0.036062026685901305,601628.SH
2021-11-01,27.7,28.15,26.99,27.28,15426295,454990843,0.07,-1.5873015873015817,601628.SH
2021-11-02,27.28,27.54,27.16,27.32,7260655,213340413,0.03,0.14662756598240456,601628.SH
2021-11-03,27.3,27.44,26.89,27.01,11436978,331975272,0.05,-1.1346998535871067,601628.SH
2021-11-04,26.87,27.17,26.75,26.84,8423505,243674847,0.04,-0.6293965198074902,601628.SH
2021-11-07,26.75,27.17,26.52,26.97,9401405,272342191,0.05,0.4843517138598985,601628.SH
2021-11-08,27.07,27.22,26.71,26.87,6634355,191727200,0.03,-0.3707823507600905,601628.SH
2021-11-09,26.85,26.85,26.33,26.57,8530319,242999052,0.04,-1.116486788239679,601628.SH
2021-11-10,26.47,27.26,26.44,27.23,13759997,400236611,0.07,2.4840045163718516,601628.SH
2021-11-11,27.23,27.28,26.9,27.11,6173354,179438194,0.03,-0.44069041498348005,601628.SH
2021-11-14,27.25,27.4,26.96,27.18,6073434,177214419,0.03,0.25820730357801747,601628.SH
2021-11-15,27.34,27.52,27.1,27.32,9967171,292833911,0.05,0.5150846210448812,601628.SH
2021-11-16,27.1,27.45,27.1,27.25,7389397,216471414,0.04,-0.25622254758418395,601628.SH
2021-11-17,27.12,27.31,27.01,27.08,5841919,170449971,0.03,-0.6238532110091843,601628.SH
2021-11-18,26.99,27.63,26.95,27.46,8816492,259147818,0.04,1.4032496307238018,601628.SH
2021-11-21,27.45,27.55,27.28,27.42,5033816,148204587,0.02,-0.1456664238892902,601628.SH
2021-11-22,27.42,27.84,27.31,27.42,8868814,262383209,0.04,0.0,601628.SH
2021-11-23,27.73,27.73,27.12,27.51,7492003,220538474,0.04,0.3282275711159688,601628.SH
2021-11-24,27.42,27.44,27.19,27.36,4768205,139983554,0.02,-0.5452562704471142,601628.SH
2021-11-25,27.22,27.32,26.89,26.92,8143836,236246048,0.04,-1.6081871345029142,601628.SH
2021-11-28,26.71,26.97,26.61,26.82,5869188,168788982,0.03,-0.3714710252600395,601628.SH
2021-11-29,26.85,27.5,26.72,27.5,7069975,205014810,0.03,2.5354213273676374,601628.SH
2021-11-30,27.08,27.36,27.0,27.29,6844138,200053049,0.03,-0.7636363636363663,601628.SH
2021-12-01,27.22,27.5,27.01,27.12,7791091,227383791,0.04,-0.6229388054232232,601628.SH
2021-12-02,27.13,27.31,26.97,27.25,6119634,178480269,0.03,0.47935103244838295,601628.SH
2021-12-05,27.55,27.8,27.32,27.39,12904480,382527017,0.06,0.5137614678899061,601628.SH
2021-12-06,27.61,27.89,27.32,27.73,11318874,336026001,0.05,1.241328952172327,601628.SH
2021-12-07,27.73,27.82,27.4,27.82,10582821,314516597,0.05,0.32455824017310064,601628.SH
2021-12-08,27.91,28.74,27.74,28.35,19516307,593655430,0.09,1.9051042415528352,601628.SH
2021-12-09,28.17,28.43,28.03,28.29,11277527,342004196,0.05,-0.2116402116402183,601628.SH
2021-12-12,28.39,28.85,28.17,28.19,13710995,420491102,0.07,-0.3534817956875158,601628.SH
2021-12-13,28.1,28.25,27.82,28.07,8638912,259709074,0.04,-0.4256828662646317,601628.SH
2021-12-14,27.89,28.1,27.74,27.84,5975311,178923685,0.03,-0.8193801211257568,601628.SH
2021-12-15,27.81,28.07,27.77,28.01,6187937,185989966,0.03,0.6106321839080442,601628.SH
2021-12-16,27.94,28.13,27.8,27.85,6805474,204139818,0.03,-0.5712245626561918,601628.SH
2021-12-19,27.85,28.19,27.75,27.92,8751872,263630621,0.04,0.2513464991023451,601628.SH
2021-12-20,27.9,28.24,27.9,28.15,6864818,207527022,0.03,0.8237822349570045,601628.SH
2021-12-21,28.18,28.24,27.76,27.86,7828802,234977624,0.04,-1.0301953818827703,601628.SH
2021-12-22,27.81,27.98,27.65,27.9,5136340,153497552,0.02,0.1435750179468842,601628.SH
2021-12-23,27.91,28.13,27.65,28.05,7341643,220254592,0.04,0.5376344086021501,601628.SH
2021-12-26,28.1,28.3,27.99,28.17,5853434,176945183,0.03,0.42780748663102663,601628.SH
2021-12-27,28.18,28.46,28.17,28.26,8298898,252529572,0.04,0.31948881789136685,601628.SH
2021-12-28,28.53,28.53,28.08,28.19,5540219,168204333,0.03,-0.2476999292285953,601628.SH
2021-12-29,28.11,28.33,28.06,28.08,5431360,164453524,0.03,-0.3902092940759272,601628.SH
2021-12-30,28.22,28.33,27.99,28.0,5763198,174101752,0.03,-0.2849002849002802,601628.SH
2022-01-03,27.94,28.32,27.62,28.2,10470301,314497809,0.05,0.7142857142857117,601628.SH
2022-01-04,28.21,28.8,28.15,28.41,13322233,407930372,0.06,0.7446808510638281,601628.SH
2022-01-05,28.36,28.6,28.06,28.09,7887773,239220497,0.04,-1.1263639563533934,601628.SH
2022-01-06,28.19,28.78,28.09,28.42,11620119,355631380,0.06,1.1747953008188095,601628.SH
2022-01-09,28.05,28.06,27.45,27.92,16167238,483405745,0.08,-1.7593244194229363,601628.SH
2022-01-10,27.82,28.38,27.73,28.06,9821605,296748732,0.05,0.5014326647564404,601628.SH
2022-01-11,28.15,28.19,27.78,28.01,6510759,195723634,0.03,-0.1781895937277178,601628.SH
2022-01-12,28.0,28.47,27.92,27.94,7651419,231530558,0.04,-0.2499107461620853,601628.SH
2022-01-13,27.92,27.92,26.99,26.99,13801899,404948616,0.07,-3.4001431639226976,601628.SH
2022-01-16,26.91,27.1,26.73,26.87,8576298,247769275,0.04,-0.44460911448683804,601628.SH
2022-01-17,26.99,27.22,26.85,27.03,6262793,182010687,0.03,0.5954596203944895,601628.SH
2022-01-18,27.01,27.33,27.01,27.13,5583723,163265677,0.03,0.36995930447649705,601628.SH
2022-01-19,27.14,27.84,27.1,27.69,13327258,395770649,0.06,2.0641356431994273,601628.SH
2022-01-20,27.65,27.9,27.33,27.49,6966701,205826095,0.03,-0.7222824124232696,601628.SH
2022-01-23,27.49,27.53,27.04,27.16,5594000,163378363,0.03,-1.2004365223717617,601628.SH
2022-01-24,27.05,27.16,26.57,26.57,7998885,230388841,0.04,-2.172312223858619,601628.SH
2022-01-25,26.61,26.83,26.44,26.66,6034599,172647503,0.03,0.33872788859616865,601628.SH
2022-01-26,26.44,26.54,26.05,26.07,7376666,207943242,0.04,-2.213053263315834,601628.SH
2022-01-27,26.24,26.37,25.61,25.65,7927120,221642968,0.04,-1.6110471806674354,601628.SH
2022-02-06,25.99,26.48,25.78,26.24,6547028,183644720,0.03,2.300194931773869,601628.SH
2022-02-07,26.29,26.98,26.2,26.85,8964642,256954294,0.04,2.324695121951237,601628.SH
2022-02-08,26.85,27.14,26.69,26.84,6030065,174197741,0.03,-0.03724394785847851,601628.SH
2022-02-09,26.8,27.49,26.59,27.39,10662402,311817519,0.05,2.049180327868849,601628.SH
2022-02-10,27.39,29.66,27.36,29.4,48688277,1516725412,0.23,7.3384446878422604,601628.SH
2022-02-13,29.39,29.59,28.58,28.66,19474723,604836003,0.09,-2.517006802721078,601628.SH
2022-02-14,28.58,28.89,28.32,28.57,10523593,322724106,0.05,-0.3140265177948409,601628.SH
2022-02-15,28.73,28.9,28.52,28.62,8425223,259592592,0.04,0.17500875043752195,601628.SH
2022-02-16,28.3,28.71,28.06,28.32,9994385,304210361,0.05,-1.048218029350112,601628.SH
2022-02-17,28.06,28.79,28.04,28.43,9416809,287969884,0.05,0.3884180790960423,601628.SH
2022-02-20,28.38,28.38,27.57,28.07,13829901,414290565,0.07,-1.26626802673232,601628.SH
2022-02-21,27.82,27.94,27.5,27.89,10061653,299475262,0.05,-0.6412540078375439,601628.SH
2022-02-22,27.9,27.94,27.63,27.76,9048317,269609279,0.04,-0.46611688777339344,601628.SH
2022-02-23,27.61,27.64,26.67,26.93,16366104,476166239,0.08,-2.9899135446685987,601628.SH
2022-02-24,26.85,27.14,26.8,26.92,7846736,227390633,0.04,-0.03713330857778585,601628.SH
2022-02-27,26.97,27.03,26.54,26.78,7460957,214345098,0.04,-0.5200594353640398,601628.SH
2022-02-28,26.92,27.3,26.7,27.25,9358106,271872232,0.04,1.755041075429431,601628.SH
2022-03-01,27.04,27.15,26.8,26.92,6098221,176529638,0.03,-1.2110091743119167,601628.SH
2022-03-02,26.99,27.15,26.72,26.82,6161414,178319136,0.03,-0.3714710252600395,601628.SH
2022-03-03,26.61,26.74,26.27,26.69,9044732,257696712,0.04,-0.4847129008202833,601628.SH
2022-03-06,26.42,26.44,25.73,25.87,12826360,358653866,0.06,-3.0723117272386635,601628.SH
2022-03-07,25.85,25.99,24.76,24.94,13231174,360940982,0.06,-3.594897564746813,601628.SH
2022-03-08,24.94,25.08,23.24,24.14,16899256,439699986,0.08,-3.2076984763432237,601628.SH
2022-03-09,24.61,24.71,24.06,24.13,8769551,229250043,0.04,-0.041425020712515526,601628.SH
2022-03-10,23.73,24.39,23.44,24.29,9537462,244754976,0.05,0.6630750103605587,601628.SH
2022-03-13,24.01,24.16,23.8,23.87,6475198,166877192,0.03,-1.729106628242072,601628.SH
2022-03-14,23.73,23.78,22.43,22.44,12933768,320593397,0.06,-5.990783410138246,601628.SH
2022-03-15,22.61,23.46,22.13,23.27,14280639,350010303,0.07,3.6987522281639817,601628.SH
2022-03-16,23.64,24.34,23.28,23.9,15379169,394121441,0.07,2.707348517404373,601628.SH
2022-03-17,23.77,25.24,23.65,24.64,36572735,964021501,0.18,3.096234309623447,601628.SH
2022-03-20,24.54,24.54,23.83,24.02,13472601,349377674,0.06,-2.5162337662337664,601628.SH
2022-03-21,23.45,24.21,23.28,24.04,9179081,236376858,0.04,0.08326394671107629,601628.SH
2022-03-22,24.01,24.17,23.73,23.91,6545970,168389570,0.03,-0.5407653910149746,601628.SH
2022-03-23,23.71,24.06,23.55,23.77,5937668,151967563,0.03,-0.5855290673358438,601628.SH
2022-03-24,23.82,24.19,23.55,23.56,8794788,224835743,0.04,-0.8834665544804388,601628.SH
2022-03-27,23.17,23.59,22.8,23.52,8188904,204295132,0.04,-0.1697792869269965,601628.SH
2022-03-28,23.59,23.66,23.22,23.24,4088675,102762128,0.02,-1.1904761904761973,601628.SH
2022-03-29,23.43,24.26,23.43,24.19,12918465,332770363,0.06,4.0877796901893415,601628.SH
2022-03-30,24.1,24.84,23.99,24.42,12552086,329943782,0.06,0.9508061182306848,601628.SH
2022-03-31,24.26,25.29,24.13,25.23,17288385,463282330,0.08,3.3169533169533194,601628.SH
2022-04-05,25.1,25.45,24.98,25.29,10788901,292491995,0.05,0.23781212841853527,601628.SH
2022-04-06,25.29,25.41,24.62,24.67,13947113,374473137,0.07,-2.451561882166853,601628.SH
2022-04-07,24.65,25.25,24.52,25.18,9228991,247280012,0.04,2.0672882042967133,601628.SH
2022-04-10,24.93,25.13,24.57,24.65,8015853,213629293,0.04,-2.1048451151707726,601628.SH
2022-04-11,24.67,25.4,24.66,25.27,10251434,276342764,0.05,2.515212981744419,601628.SH
2022-04-12,25.06,25.34,24.89,24.99,6403721,172491742,0.03,-1.1080332409972304,601628.SH
2022-04-13,25.22,25.3,24.77,25.08,6879498,185366391,0.03,0.36014405762305746,601628.SH
2022-04-14,24.83,25.25,24.77,25.06,7204481,194126128,0.03,-0.07974481658692412,601628.SH
2022-04-17,24.86,24.98,24.14,24.36,9343656,244996224,0.04,-2.7932960893854775,601628.SH
2022-04-18,24.41,24.45,23.94,24.15,5393054,140086295,0.03,-0.8620689655172487,601628.SH
2022-04-19,24.17,24.29,23.56,23.82,7780616,199753433,0.04,-1.3664596273291862,601628.SH
2022-04-20,23.68,24.53,23.56,24.08,9865649,256359524,0.05,1.0915197313182023,601628.SH
2022-04-21,23.91,24.87,23.87,24.66,10347489,273174011,0.05,2.4086378737541603,601628.SH
2022-04-24,24.02,24.49,23.5,23.54,11658717,301140662,0.06,-4.541768045417682,601628.SH
2022-04-25,23.54,23.73,22.59,23.01,14820538,368039894,0.07,-2.251486830926075,601628.SH
2022-04-26,22.9,23.52,22.81,23.28,10800043,269600190,0.05,1.1734028683181297,601628.SH
2022-04-27,22.67,23.04,22.51,22.8,9648073,236202286,0.05,-2.0618556701030966,601628.SH
2022-04-28,22.98,23.71,22.83,23.68,9818708,246066717,0.05,3.8596491228070073,601628.SH
2022-05-04,23.54,24.15,23.45,23.77,7697614,197371253,0.04,0.38006756756756577,601628.SH
2022-05-05,23.47,23.72,23.18,23.36,5103976,128276020,0.02,-1.7248632730332392,601628.SH
2022-05-08,23.26,23.83,23.08,23.81,6275206,159021480,0.03,1.9263698630136883,601628.SH
2022-05-09,23.46,24.17,23.46,23.77,6342577,162440742,0.03,-0.16799664006719173,601628.SH
2022-05-10,23.77,24.0,23.5,23.64,7233201,184780445,0.03,-0.5469078670593097,601628.SH
2022-05-11,23.46,23.69,23.31,23.5,5168499,130429476,0.02,-0.5922165820642977,601628.SH
2022-05-12,23.6,23.9,23.4,23.52,4103802,104180430,0.02,0.08510638297871687,601628.SH
2022-05-15,23.63,23.73,23.27,23.32,4245456,106797316,0.02,-0.8503401360544172,601628.SH
2022-05-16,23.32,23.43,23.17,23.4,5040655,126298652,0.02,0.34305317324183626,601628.SH
2022-05-17,23.43,23.45,22.98,23.09,6443944,160034132,0.03,-1.32478632478632,601628.SH
2022-05-18,22.83,23.04,22.57,22.82,7928043,193561291,0.04,-1.1693373754872227,601628.SH
2022-05-19,22.93,23.22,22.83,23.19,7855541,194990785,0.04,1.6213847502191125,601628.SH
2022-05-22,23.19,23.22,22.9,23.09,5586176,138387603,0.03,-0.431220353600692,601628.SH
2022-05-23,23.06,23.29,22.76,22.78,8628622,213494974,0.04,-1.3425725422260615,601628.SH
2022-05-24,22.89,22.89,22.39,22.52,10759132,261006801,0.05,-1.1413520632133523,601628.SH
2022-05-25,22.53,22.69,22.26,22.61,9461488,228416124,0.05,0.399644760213147,601628.SH
2022-05-26,22.67,22.85,22.61,22.71,7040592,171939576,0.03,0.442282176028308,601628.SH
2022-05-29,22.73,22.92,22.64,22.76,6849281,167838405,0.03,0.22016732716865217,601628.SH
2022-05-30,22.57,23.24,22.55,23.12,11580035,286344900,0.06,1.5817223198594021,601628.SH
2022-05-31,23.1,23.24,22.89,23.08,5866278,145300596,0.03,-0.17301038062285112,601628.SH
2022-06-01,22.95,23.4,22.84,23.37,8465758,210649020,0.04,1.2564991334488962,601628.SH
2022-06-05,23.26,23.38,22.96,23.32,9678884,240966252,0.05,-0.21394950791613354,601628.SH
2022-06-06,23.33,23.56,23.17,23.38,10087187,253303377,0.05,0.2572898799313883,601628.SH
2022-06-07,23.36,23.58,23.08,23.42,10272944,257793423,0.05,0.17108639863132602,601628.SH
2022-06-08,23.45,23.91,23.37,23.66,15379757,391690972,0.07,1.0247651579846195,601628.SH
2022-06-09,23.4,23.97,23.24,23.88,17453919,442043542,0.08,0.9298393913778513,601628.SH
2022-06-12,23.6,23.72,23.24,23.39,9728640,245083067,0.05,-2.051926298157447,601628.SH
2022-06-13,23.24,24.47,22.97,24.41,17777062,453513608,0.09,4.360837964942288,601628.SH
2022-06-14,24.46,26.85,24.43,26.85,57403458,1625324473,0.28,9.995903318312171,601628.SH
2022-06-15,26.85,26.87,25.66,26.02,49550608,1387928358,0.24,-3.091247672253261,601628.SH
2022-06-16,25.38,27.25,25.38,26.43,34482388,973778437,0.17,1.5757109915449652,601628.SH
2022-06-19,26.19,27.34,26.09,26.87,28064757,804542600,0.13,1.66477487703367,601628.SH
2022-06-20,26.77,28.84,26.61,28.01,39851124,1201166155,0.19,4.242649795310749,601628.SH
2022-06-21,27.68,28.29,27.41,27.84,23153313,695959545,0.11,-0.6069260978222135,601628.SH
2022-06-22,27.73,29.59,27.73,29.17,29761980,920931711,0.14,4.777298850574718,601628.SH
2022-06-23,28.92,30.32,28.71,29.56,28716650,910544925,0.14,1.3369900582790528,601628.SH
2022-06-26,29.59,29.63,28.77,29.26,18932564,594330999,0.09,-1.0148849797022907,601628.SH
2022-06-27,29.14,29.21,27.94,28.31,32056353,974051874,0.15,-3.2467532467532534,601628.SH
2022-06-28,28.18,28.94,28.1,28.39,24679245,757651921,0.12,0.28258565877783415,601628.SH
2022-06-29,28.39,29.4,28.25,28.92,16161295,501879198,0.08,1.8668545262416458,601628.SH
2022-06-30,29.0,29.37,28.56,28.85,8841927,274400111,0.04,-0.24204702627939056,601628.SH
2022-07-03,28.85,29.12,27.94,28.4,16728489,508045171,0.08,-1.559792027729645,601628.SH
2022-07-04,28.38,29.11,28.31,28.7,15751757,484982991,0.08,1.0563380281690238,601628.SH
2022-07-05,28.7,28.73,28.02,28.38,11759067,357393501,0.06,-1.1149825783972167,601628.SH
2022-07-06,28.29,28.64,28.05,28.06,8724989,264897981,0.04,-1.127554615926707,601628.SH
2022-07-07,28.12,28.57,28.01,28.15,7291404,221278800,0.04,0.32074126870991204,601628.SH
2022-07-10,28.13,28.39,27.84,27.94,11132998,335416498,0.05,-0.7460035523978559,601628.SH
2022-07-11,27.97,28.16,27.62,27.79,8471745,253829391,0.04,-0.5368647100930657,601628.SH
2022-07-12,27.79,27.93,27.13,27.38,11156881,329055064,0.05,-1.4753508456279207,601628.SH
2022-07-13,27.53,27.53,26.82,27.08,11040706,314110053,0.05,-1.0956902848794803,601628.SH
2022-07-14,27.08,27.5,26.63,26.63,9188221,260679375,0.04,-1.661742983751846,601628.SH
2022-07-17,26.36,27.69,26.36,27.4,10771118,308941051,0.05,2.891475779196395,601628.SH
2022-07-18,27.35,27.39,26.84,27.1,7082664,201137051,0.03,-1.0948905109488982,601628.SH
2022-07-19,27.2,27.68,27.13,27.53,10282202,297225575,0.05,1.5867158671586612,601628.SH
2022-07-20,27.5,27.5,26.76,26.83,7925717,225048993,0.04,-2.5426807119506067,601628.SH
2022-07-21,26.84,27.26,26.45,26.85,8473015,238908654,0.04,0.0745434215430496,601628.SH
2022-07-24,26.83,26.99,26.55,26.81,5181295,145540662,0.02,-0.14897579143390294,601628.SH
2022-07-25,26.83,27.25,26.72,27.0,5329474,151341815,0.03,0.7086907870197834,601628.SH
2022-07-26,26.79,26.96,26.57,26.62,3928834,110440357,0.02,-1.4074074074074017,601628.SH
2022-07-27,26.84,27.39,26.72,26.74,7393632,209901589,0.04,0.450788880540931,601628.SH
2022-07-28,26.71,27.15,26.37,26.52,6799984,190635894,0.03,-0.8227374719521285,601628.SH
2022-07-31,26.24,26.34,25.79,26.15,9492236,259563849,0.05,-1.3951734539969896,601628.SH
2022-08-01,25.85,25.86,25.04,25.26,13576373,361430170,0.07,-3.403441682600372,601628.SH
2022-08-02,25.5,25.56,24.74,24.83,10566886,277923739,0.05,-1.70229612034839,601628.SH
2022-08-03,25.12,25.39,24.95,25.24,6808285,180400641,0.03,1.651228352799028,601628.SH
2022-08-04,25.39,25.66,25.13,25.54,7433772,198388860,0.04,1.188589540412055,601628.SH
2022-08-07,25.33,25.69,25.03,25.22,6891544,182632758,0.03,-1.2529365700861383,601628.SH
2022-08-08,25.3,25.33,25.0,25.02,5734945,151315851,0.03,-0.7930214115781098,601628.SH
2022-08-09,25.03,25.13,24.56,24.74,6517648,169712508,0.03,-1.1191047162270262,601628.SH
2022-08-10,24.97,26.48,24.76,26.18,22798827,617136787,0.11,5.820533548908657,601628.SH
2022-08-11,25.69,26.96,25.68,26.6,17792505,492200483,0.09,1.6042780748663166,601628.SH
2022-08-14,26.28,26.52,25.69,25.86,12512189,341922773,0.06,-2.781954887218052,601628.SH
2022-08-15,25.88,26.02,25.42,25.47,10120738,272621905,0.05,-1.5081206496519783,601628.SH
2022-08-16,25.46,26.41,25.24,26.35,15031605,410027922,0.07,3.4550451511582425,601628.SH
2022-08-17,26.24,26.25,25.71,25.82,10379840,282750716,0.05,-2.0113851992409892,601628.SH
2022-08-18,25.68,26.36,25.62,25.85,10681628,291996952,0.05,0.11618900077459138,601628.SH
2022-08-21,25.85,26.1,25.62,25.76,8261275,224590494,0.04,-0.34816247582204474,601628.SH
2022-08-22,25.78,26.08,25.41,25.65,8132667,219567000,0.04,-0.42701863354038805,601628.SH
2022-08-23,26.01,27.55,25.93,26.93,31887648,900644734,0.15,4.990253411306056,601628.SH
2022-08-24,26.83,27.98,26.52,27.78,33421562,967371548,0.16,3.156331229112519,601628.SH
2022-08-25,27.49,28.54,26.91,28.01,22427503,656601470,0.11,0.8279337652987717,601628.SH
2022-08-28,27.94,28.26,27.13,27.61,13149080,380861760,0.06,-1.4280614066404906,601628.SH
2022-08-29,27.55,28.25,27.31,28.07,14019286,409374674,0.07,1.6660630206446925,601628.SH
2022-08-30,27.81,29.33,27.76,29.21,26817941,812874545,0.13,4.061275382971141,601628.SH
2022-08-31,28.83,29.6,28.72,28.97,15678757,479336189,0.08,-0.8216364258815556,601628.SH
2022-09-01,28.94,29.12,27.95,28.26,22321020,665236422,0.11,-2.4508111839834257,601628.SH
2022-09-04,28.0,28.65,27.83,28.41,11720667,347795408,0.06,0.5307855626326852,601628.SH
2022-09-05,28.55,29.06,28.4,28.87,12976442,392356912,0.06,1.6191481872580127,601628.SH
2022-09-06,28.77,29.08,28.45,28.78,7994553,242005560,0.04,-0.31174229303775336,601628.SH
2022-09-07,28.78,29.74,28.67,29.27,12214235,376772264,0.06,1.702571230020844,601628.SH
2022-09-08,29.11,30.23,28.99,29.97,22576991,711279841,0.11,2.3915271609156186,601628.SH
2022-09-12,29.94,30.53,29.4,29.94,13194434,417382347,0.06,-0.10010010010008674,601628.SH
2022-09-13,29.5,30.3,29.48,30.1,10297943,324501999,0.05,0.5344021376085584,601628.SH
2022-09-14,29.99,30.53,29.99,30.2,12688329,403614388,0.06,0.33222591362125353,601628.SH
2022-09-15,30.17,30.35,29.45,29.55,17862160,559021418,0.09,-2.1523178807946963,601628.SH
2022-09-18,29.51,29.89,28.71,29.36,14323180,439945575,0.07,-0.6429780033840982,601628.SH
2022-09-19,29.38,29.38,28.15,28.39,18052195,540303377,0.09,-3.303814713896458,601628.SH
2022-09-20,28.48,28.77,28.08,28.37,10276468,307700772,0.05,-0.07044734061288915,601628.SH
2022-09-21,28.2,28.65,28.09,28.46,8182518,244469466,0.04,0.3172365174480163,601628.SH
2022-09-22,28.37,29.78,28.34,29.38,15791740,487537217,0.08,3.232607167955015,601628.SH
2022-09-25,29.3,30.07,29.18,29.33,15015557,467660088,0.07,-0.17018379850238796,601628.SH
2022-09-26,29.33,29.97,29.12,29.59,9747066,303843547,0.05,0.8864643709512565,601628.SH
2022-09-27,29.56,30.34,29.18,29.95,16646343,525081965,0.08,1.2166272389320776,601628.SH
2022-09-28,29.87,30.48,29.78,30.23,10717889,340218889,0.05,0.9348914858096968,601628.SH
2022-09-29,30.22,30.45,29.65,30.1,11126885,351652298,0.05,-0.4300363876943436,601628.SH
2022-10-09,29.78,30.23,29.26,29.68,11968377,374280812,0.06,-1.3953488372093092,601628.SH
2022-10-10,29.67,29.97,29.1,29.35,11296232,350075410,0.05,-1.1118598382749312,601628.SH
2022-10-11,29.52,30.6,29.27,30.58,14459380,460091990,0.07,4.190800681430984,601628.SH
2022-10-12,30.59,31.02,29.93,30.86,19124116,615067771,0.09,0.915631131458472,601628.SH
2022-10-13,30.82,31.07,29.69,29.74,17512274,557397208,0.08,-3.6292935839274176,601628.SH
2022-10-16,29.48,30.48,29.19,30.18,11336961,356483732,0.05,1.479488903833226,601628.SH
2022-10-17,30.27,30.45,28.55,28.83,18177573,555088322,0.09,-4.473161033797224,601628.SH
2022-10-18,28.82,28.91,27.94,28.13,14731162,437660158,0.07,-2.42802636142907,601628.SH
2022-10-19,27.99,28.83,27.98,28.37,11434844,342047973,0.05,0.8531816565943817,601628.SH
2022-10-20,28.59,28.7,27.82,27.95,7982051,236180911,0.04,-1.4804370814240464,601628.SH
2022-10-23,27.98,28.21,26.74,26.91,18707400,534612042,0.09,-3.7209302325581395,601628.SH
2022-10-24,27.09,27.41,26.77,27.16,11470215,326469519,0.06,0.9290226681531122,601628.SH
2022-10-25,27.2,27.4,26.72,26.89,10891954,309301086,0.05,-0.9941089837997019,601628.SH
2022-10-26,26.93,27.06,26.56,26.6,10521436,296104256,0.05,-1.07846783190777,601628.SH
2022-10-27,26.27,26.75,25.77,25.94,11362542,312247881,0.05,-2.481203007518795,601628.SH
2022-10-30,25.79,25.79,25.03,25.31,15982276,424728869,0.08,-2.4286815728604583,601628.SH
2022-10-31,25.49,26.72,25.35,26.69,16635792,457916077,0.08,5.452390359541703,601628.SH
2022-11-01,26.64,26.64,26.15,26.37,10566678,292560786,0.05,-1.198950917946795,601628.SH
2022-11-02,26.26,26.63,26.0,26.46,9243024,256114994,0.04,0.34129692832765013,601628.SH
2022-11-03,26.31,28.4,26.31,28.03,21216016,615791451,0.1,5.933484504913067,601628.SH
2022-11-06,27.8,28.83,27.65,28.53,12627710,378554260,0.06,1.7838030681412764,601628.SH
2022-11-07,28.47,28.74,28.17,28.69,7649099,229017761,0.04,0.5608131791097204,601628.SH
2022-11-08,28.55,28.75,28.26,28.26,5743396,171674094,0.03,-1.4987800627396242,601628.SH
2022-11-09,28.2,28.6,27.87,28.57,7128528,211671205,0.03,1.0969568294409093,601628.SH
2022-11-10,29.36,30.07,28.75,29.86,17544348,544725981,0.08,4.515225761288066,601628.SH
2022-11-13,30.16,31.4,30.16,30.92,27861505,911644847,0.13,3.5498995311453507,601628.SH
2022-11-14,30.94,31.72,30.6,30.93,22333718,729926998,0.11,0.03234152652005218,601628.SH
2022-11-15,30.77,31.0,30.19,30.22,10676515,341835391,0.05,-2.2955059812479806,601628.SH
2022-11-16,30.24,30.81,30.07,30.65,10475211,335302128,0.05,1.4228987425545903,601628.SH
2022-11-17,30.67,31.13,30.48,30.54,7626163,246300677,0.04,-0.35889070146818414,601628.SH
2022-11-20,30.52,30.52,29.33,29.85,17920224,558274847,0.09,-2.259332023575633,601628.SH
2022-11-21,29.88,31.69,29.56,31.17,20347873,658411538,0.1,4.422110552763825,601628.SH
2022-11-22,30.9,31.95,30.74,31.15,21894892,722679643,0.11,-0.06416426050690482,601628.SH
2022-11-23,31.18,31.57,30.84,30.93,9757718,318740113,0.05,-0.7062600321027235,601628.SH
2022-11-24,30.73,32.14,30.69,31.99,17966454,601454584,0.09,3.4270934367927497,601628.SH
2022-11-27,31.5,32.07,31.16,31.75,15474025,514616710,0.07,-0.7502344482650747,601628.SH
2022-11-28,31.93,34.26,31.93,34.05,35585706,1254593556,0.17,7.244094488188968,601628.SH
2022-11-29,33.61,34.6,33.5,34.4,26335532,946244596,0.13,1.027900146842886,601628.SH
2022-11-30,34.57,35.39,33.65,33.86,26751428,965911455,0.13,-1.569767441860459,601628.SH
2022-12-01,33.87,34.13,33.25,33.59,20173055,713133051,0.1,-0.7974010632014084,601628.SH
2022-12-04,33.98,35.35,33.8,35.3,27228867,996838138,0.13,5.090800833581399,601628.SH
2022-12-05,35.09,35.37,34.26,35.06,17148450,630229740,0.08,-0.6798866855523888,601628.SH
2022-12-06,34.6,34.9,33.63,34.37,23101124,830053851,0.11,-1.9680547632629941,601628.SH
2022-12-07,34.26,34.77,34.14,34.6,14474012,524249936,0.07,0.6691882455630127,601628.SH
2022-12-08,34.26,34.75,33.92,34.45,13159311,474725216,0.06,-0.43352601156069204,601628.SH
2022-12-11,34.28,34.34,33.42,33.64,13375983,474525682,0.06,-2.3512336719883953,601628.SH
2022-12-12,33.72,34.02,33.6,33.74,7460436,264931430,0.04,0.29726516052319685,601628.SH
2022-12-13,33.81,33.98,33.3,33.68,8321326,294177596,0.04,-0.1778304682869103,601628.SH
2022-12-14,33.45,33.74,33.02,33.49,8035787,282121713,0.04,-0.5641330166270664,601628.SH
2022-12-15,33.28,34.4,33.28,33.9,12127875,432037395,0.06,1.2242460435951008,601628.SH
2022-12-18,33.88,34.2,33.2,33.29,9578176,337652570,0.05,-1.7994100294985271,601628.SH
2022-12-19,33.25,33.58,32.69,33.08,15546984,539739972,0.07,-0.6308200660859131,601628.SH
2022-12-20,33.29,34.07,32.96,33.73,8805922,311363059,0.04,1.9649334945586405,601628.SH
2022-12-21,33.76,34.98,33.76,34.11,9320698,336815176,0.04,1.1265935369107805,601628.SH
2022-12-22,33.9,34.87,33.78,34.62,10292147,373918756,0.05,1.4951627088830133,601628.SH
2022-12-25,34.66,34.71,33.57,33.87,14771837,526713716,0.07,-2.166377816291165,601628.SH
2022-12-26,34.21,35.27,34.07,35.11,12740776,466827660,0.06,3.6610569825804573,601628.SH
2022-12-27,34.79,35.47,34.64,35.16,10552021,389817008,0.05,0.1424095699230854,601628.SH
2022-12-28,34.81,35.3,34.21,34.94,11044136,402162778,0.05,-0.6257110352673512,601628.SH
2022-12-29,35.13,35.64,34.85,35.32,10247196,381462506,0.05,1.0875787063537645,601628.SH
2023-01-02,35.32,35.36,34.47,34.92,11868904,434581428,0.06,-1.1325028312570762,601628.SH
2023-01-03,35.19,35.95,34.66,35.9,13055826,487941205,0.06,2.806414662084755,601628.SH
2023-01-04,35.9,36.63,35.71,36.09,16830446,641240888,0.08,0.5292479108635284,601628.SH
2023-01-05,36.07,36.14,35.19,35.24,10011570,372431724,0.05,-2.3552230534774177,601628.SH
2023-01-08,35.5,35.59,34.92,35.46,9791112,363263848,0.05,0.6242905788876207,601628.SH
2023-01-09,35.48,35.48,34.49,34.64,15005409,548088147,0.07,-2.312464749012977,601628.SH
2023-01-10,34.73,35.72,34.66,35.2,12806921,474254912,0.06,1.616628175519641,601628.SH
2023-01-11,35.45,35.45,34.81,35.32,10107251,372993777,0.05,0.3409090909090917,601628.SH
2023-01-12,35.25,36.25,34.88,36.21,12012935,452415958,0.06,2.519818799546991,601628.SH
2023-01-15,36.2,36.53,35.54,35.62,19053012,722504344,0.09,-1.6293841480254145,601628.SH
2023-01-16,35.62,35.62,33.7,34.35,25729948,926264036,0.12,-3.565412689500269,601628.SH
2023-01-17,34.18,34.55,33.97,34.45,13123583,473061265,0.06,0.29112081513829047,601628.SH
2023-01-18,34.26,34.54,33.84,34.25,14631907,523727852,0.07,-0.5805515239477588,601628.SH
2023-01-19,34.43,34.71,34.02,34.35,12987313,468082625,0.06,0.29197080291971655,601628.SH
2023-01-29,35.05,35.08,32.93,33.11,24022646,843958273,0.12,-3.609898107714704,601628.SH
2023-01-30,33.17,33.52,32.31,32.39,19794678,680507452,0.1,-2.1745696164300776,601628.SH
2023-01-31,32.47,32.6,31.73,32.3,24688664,830154586,0.12,-0.27786353812906395,601628.SH
2023-02-01,32.24,32.43,31.73,32.25,20307045,686049596,0.1,-0.1547987616098978,601628.SH
2023-02-02,32.21,32.21,31.54,31.89,15771846,526803722,0.08,-1.1162790697674452,601628.SH
2023-02-05,31.48,31.88,31.2,31.87,18765484,622953324,0.09,-0.06271558482282558,601628.SH
2023-02-06,31.95,32.43,31.76,32.07,22306444,753780460,0.11,0.627549419516793,601628.SH
2023-02-07,32.02,32.33,31.67,31.79,10055862,337170410,0.05,-0.8730901153726212,601628.SH
2023-02-08,31.7,32.62,31.7,32.52,18177416,616968181,0.09,2.2963195973576767,601628.SH
2023-02-09,32.49,32.64,32.22,32.57,9115911,310566297,0.04,0.15375153751535642,601628.SH
2023-02-12,32.48,33.27,31.69,32.92,22079871,759699532,0.11,1.074608535462085,601628.SH
2023-02-13,32.93,33.52,32.65,33.52,13997140,488488349,0.07,1.8226002430133725,601628.SH
2023-02-14,33.35,33.73,32.78,33.08,11860523,412498599,0.06,-1.312649164677815,601628.SH
2023-02-15,32.92,33.67,32.6,32.75,12649356,441396827,0.06,-0.9975816203143806,601628.SH
2023-02-16,32.36,33.57,32.36,32.75,13370055,466044267,0.06,0.0,601628.SH
2023-02-19,32.79,34.5,32.75,34.43,21261966,757551175,0.1,5.1297709923664,601628.SH
2023-02-20,34.45,34.49,33.97,34.4,8490837,305151150,0.04,-0.08713331397037782,601628.SH
2023-02-21,34.24,34.35,33.88,34.11,9487774,339926343,0.05,-0.8430232558139461,601628.SH
2023-02-22,33.88,34.69,33.88,34.1,9358317,337364020,0.04,-0.029316915860444492,601628.SH
2023-02-23,34.22,34.24,33.68,33.81,11238882,400171017,0.05,-0.8504398826979398,601628.SH
2023-02-26,33.81,34.19,33.53,33.96,6155282,219082991,0.03,0.4436557231588312,601628.SH
2023-02-27,33.87,34.17,33.68,34.04,10580934,377312750,0.05,0.2355712603062443,601628.SH
2023-02-28,34.07,35.34,33.95,35.3,17890046,656374911,0.09,3.7015276145710763,601628.SH
2023-03-01,34.94,35.35,34.92,35.22,6879204,253857497,0.03,-0.22662889518413332,601628.SH
2023-03-02,35.22,35.78,34.9,35.09,9284377,343969896,0.04,-0.3691084611016304,601628.SH
2023-03-05,34.92,35.02,33.88,34.28,16056344,578163636,0.08,-2.3083499572527866,601628.SH
2023-03-06,34.19,34.9,33.69,33.77,11000315,396387170,0.05,-1.4877479579929909,601628.SH
2023-03-07,33.7,33.73,32.99,33.4,13355363,466876885,0.06,-1.0956470239858018,601628.SH
2023-03-08,33.54,33.63,32.84,33.36,8322556,291329005,0.04,-0.11976047904190823,601628.SH
2023-03-09,33.0,33.59,32.97,33.03,8264742,288755403,0.04,-0.989208633093519,601628.SH
2023-03-12,33.11,33.67,32.95,33.61,8033071,281913414,0.04,1.755979412655151,601628.SH
2023-03-13,33.41,33.41,32.06,32.31,15007511,511520826,0.07,-3.867896459387077,601628.SH
2023-03-14,32.54,32.87,32.38,32.67,7581054,260206140,0.04,1.1142061281337101,601628.SH
2023-03-15,32.45,32.58,32.06,32.09,8238894,279267518,0.04,-1.7753290480563177,601628.SH
2023-03-16,32.4,33.68,32.24,32.74,15863307,551884944,0.08,2.0255531318167597,601628.SH
2023-03-19,32.66,33.59,32.47,32.67,15288583,531367898,0.07,-0.21380574221135928,601628.SH
2023-03-20,32.68,33.26,32.29,32.58,12419195,426048707,0.06,-0.27548209366392573,601628.SH
2023-03-21,32.67,32.88,32.18,32.26,9076562,309635791,0.04,-0.9821976672805377,601628.SH
2023-03-22,32.3,32.95,31.81,32.8,9821512,334963172,0.05,1.673899566026038,601628.SH
2023-03-23,32.76,32.76,32.05,32.13,10727428,363706650,0.05,-2.0426829268292535,601628.SH
2023-03-26,32.14,32.92,31.31,32.74,22137670,749228567,0.11,1.8985371926548478,601628.SH
2023-03-27,32.59,32.79,32.08,32.17,12814219,435869284,0.06,-1.7409896151496684,601628.SH
2023-03-28,32.48,32.57,31.71,32.36,14919199,505650979,0.07,0.5906123717749345,601628.SH
2023-03-29,31.91,32.14,30.46,31.3,23050633,755489777,0.11,-3.2756489493201424,601628.SH
2023-03-30,31.24,32.21,31.14,31.68,15419758,515772648,0.07,1.2140575079872207,601628.SH
2023-04-02,31.58,32.29,31.58,32.02,9597580,321615744,0.05,1.0732323232323315,601628.SH
2023-04-03,32.07,32.39,31.71,32.08,13348655,448409101,0.06,0.1873828856964188,601628.SH
2023-04-05,31.94,32.04,31.43,31.67,12261602,408142435,0.06,-1.2780548628428812,601628.SH
2023-04-06,31.68,32.3,31.51,31.96,6871025,230829545,0.03,0.9156930849384182,601628.SH
2023-04-09,31.95,32.69,31.67,32.31,9512604,322801359,0.05,1.0951188986232818,601628.SH
2023-04-10,32.26,32.44,31.64,31.79,10102682,339201285,0.05,-1.6094088517486949,601628.SH
2023-04-11,31.9,32.79,31.69,32.05,12886072,438286254,0.06,0.8178672538533993,601628.SH
2023-04-12,31.88,32.45,31.83,32.1,9568176,322529896,0.05,0.15600624024962872,601628.SH
2023-04-13,32.18,32.42,31.79,32.09,7577270,255734923,0.04,-0.031152647975074554,601628.SH
2023-04-16,32.0,33.5,31.68,33.49,21794791,753341317,0.1,4.362729822374556,601628.SH
2023-04-17,33.43,35.61,33.3,35.21,38760212,1432678440,0.19,5.135861451179458,601628.SH
2023-04-18,35.06,35.68,34.79,34.95,16573519,613873780,0.08,-0.7384265833569992,601628.SH
2023-04-19,34.94,35.58,34.32,35.19,16030863,589193351,0.08,0.6866952789699399,601628.SH
2023-04-20,35.16,35.18,34.07,34.21,15537891,562843908,0.07,-2.784882068769523,601628.SH
2023-04-23,34.4,35.44,34.37,34.5,14926265,545305848,0.07,0.847705349313066,601628.SH
2023-04-24,34.52,35.33,34.4,35.1,13636857,501709232,0.07,1.7391304347826209,601628.SH
2023-04-25,34.83,34.93,33.64,34.39,16042994,578613546,0.08,-2.0227920227920304,601628.SH
2023-04-26,34.46,36.85,34.46,36.61,32675911,1241460008,0.16,6.455364931666185,601628.SH
2023-04-27,36.16,38.04,36.05,37.11,31574637,1234051904,0.15,1.3657470636438074,601628.SH
2023-05-03,36.68,38.51,35.73,38.21,27350540,1091033504,0.13,2.964160603610888,601628.SH
2023-05-04,38.06,38.51,36.77,37.06,17271875,677249928,0.08,-3.0096833289714686,601628.SH
2023-05-07,36.92,38.44,36.82,37.74,20130635,799686634,0.1,1.83486238532109,601628.SH
2023-05-08,37.74,38.28,36.44,36.62,21529432,842420039,0.1,-2.9676735559088674,601628.SH
2023-05-09,36.57,36.58,35.7,36.16,17570232,665950873,0.08,-1.2561441835062803,601628.SH
2023-05-10,36.3,37.81,35.92,37.06,15996703,623664398,0.08,2.488938053097356,601628.SH
2023-05-11,36.95,38.06,36.31,37.29,18553401,731198497,0.09,0.6206152185644909,601628.SH
2023-05-14,37.29,40.92,36.42,40.68,30433274,1247831585,0.15,9.090909090909083,601628.SH
2023-05-15,40.15,40.15,38.55,39.19,26925010,1109453474,0.13,-3.6627335299901698,601628.SH
2023-05-16,38.72,38.74,37.53,38.44,24027440,960526849,0.12,-1.9137535085480994,601628.SH
2023-05-17,38.07,39.96,37.78,39.17,19913451,819411256,0.1,1.8990634755463143,601628.SH
2023-05-18,39.01,39.96,38.35,39.58,12866117,531862726,0.06,1.0467194281337688,601628.SH
2023-05-21,39.18,40.11,38.36,38.97,14594580,599308377,0.07,-1.5411824153612974,601628.SH
2023-05-22,38.86,39.0,37.3,37.36,18939150,753777456,0.09,-4.131383115216836,601628.SH
2023-05-23,37.27,37.27,35.55,35.68,22922799,868724741,0.11,-4.496788008565311,601628.SH
2023-05-24,35.66,35.74,35.11,35.73,13093113,487383536,0.06,0.14013452914798386,601628.SH
2023-05-25,35.67,36.58,34.96,35.87,14599120,549419722,0.07,0.3918275958578299,601628.SH
2023-05-28,35.87,36.12,35.26,35.7,13730606,513744201,0.07,-0.4739336492890822,601628.SH
2023-05-29,35.32,36.9,35.32,36.21,14726338,560554148,0.07,1.4285714285714235,601628.SH
2023-05-30,36.11,36.16,35.22,35.53,10580584,395630748,0.05,-1.8779342723004633,601628.SH
2023-05-31,35.59,36.35,35.36,35.97,13006316,491286613,0.06,1.238390092879249,601628.SH
2023-06-01,36.34,36.71,35.84,36.54,13006773,497084405,0.06,1.5846538782318564,601628.SH
2023-06-04,36.43,36.49,35.68,35.88,9679105,365986150,0.05,-1.8062397372742067,601628.SH
2023-06-05,35.78,36.96,35.5,35.66,15558821,592669867,0.07,-0.613154960981066,601628.SH
2023-06-06,35.68,36.38,35.64,35.85,9983481,377712242,0.05,0.5328098710039475,601628.SH
2023-06-07,35.7,36.6,35.57,36.41,10528766,400431851,0.05,1.5620641562064108,601628.SH
2023-06-08,36.46,37.1,35.89,36.04,11232387,427606333,0.05,-1.016204339467175,601628.SH
2023-06-11,35.95,36.4,35.38,35.75,10750914,403899627,0.05,-0.8046614872364022,601628.SH
2023-06-12,35.73,36.1,35.64,36.1,6796648,256639918,0.03,0.9790209790209836,601628.SH
2023-06-13,36.1,37.08,35.92,36.16,10863049,414898544,0.05,0.16620498614956514,601628.SH
2023-06-14,36.44,36.79,35.56,35.93,11900815,450521734,0.06,-0.6360619469026441,601628.SH
2023-06-15,35.73,36.06,35.48,36.05,9896915,372448956,0.05,0.33398274422486995,601628.SH
2023-06-18,35.97,35.97,34.37,34.71,26873013,982475031,0.13,-3.7170596393897304,601628.SH
2023-06-19,34.64,34.66,33.81,34.23,14001833,503563951,0.07,-1.382886776145209,601628.SH
2023-06-20,34.16,34.39,33.73,33.73,8324029,297521419,0.04,-1.4607069821793717,601628.SH
2023-06-25,33.49,33.64,32.92,33.17,7625071,266024424,0.04,-1.6602431070263712,601628.SH
2023-06-26,33.28,33.61,33.07,33.48,11136771,390700383,0.05,0.9345794392523255,601628.SH
2023-06-27,33.49,34.01,33.1,33.42,7496958,263497063,0.04,-0.17921146953403522,601628.SH
2023-06-28,33.65,33.78,32.85,33.48,8489719,297974477,0.04,0.17953321364450048,601628.SH
2023-06-29,33.41,33.57,33.19,33.27,6617105,232174600,0.03,-0.6272401433691566,601628.SH
2023-07-02,33.13,34.56,33.1,34.47,19483648,699164214,0.09,3.606853020739398,601628.SH
2023-07-03,34.41,34.48,33.92,34.05,7178938,257641455,0.03,-1.218450826805928,601628.SH
2023-07-04,34.05,34.08,33.62,33.68,4751017,168537106,0.02,-1.086637298091031,601628.SH
2023-07-05,33.73,34.13,33.42,33.52,8239883,292779285,0.04,-0.47505938242279333,601628.SH
2023-07-06,33.48,33.62,32.73,33.09,13281307,463107370,0.06,-1.2828162291169454,601628.SH
2023-07-09,33.41,33.41,32.49,32.57,10499874,361327485,0.05,-1.5714717437292358,601628.SH
2023-07-10,32.89,32.89,32.45,32.53,10495310,359697224,0.05,-0.1228124040528078,601628.SH
2023-07-11,32.59,32.89,32.27,32.33,12397825,424612361,0.06,-0.6148170919151652,601628.SH
2023-07-12,32.68,32.71,32.35,32.53,17115196,577602838,0.08,0.6186204763377834,601628.SH
2023-07-13,32.63,33.26,32.35,32.82,14042321,477402932,0.07,0.8914847832769635,601628.SH
2023-07-16,32.65,32.79,31.41,31.68,20798793,683833436,0.1,-3.4734917733089565,601628.SH
2023-07-17,31.69,31.75,31.38,31.56,9916939,323998660,0.05,-0.37878787878787845,601628.SH
2023-07-18,31.56,31.71,31.29,31.46,9394497,306100359,0.05,-0.3168567807350975,601628.SH
2023-07-19,31.41,31.65,30.82,30.89,15033983,484118453,0.07,-1.811824539097262,601628.SH
2023-07-20,30.78,30.78,30.16,30.57,16911151,534221063,0.08,-1.0359339592101002,601628.SH
2023-07-23,30.39,30.7,30.33,30.51,7930547,250178165,0.04,-0.19627085377821318,601628.SH
2023-07-24,31.37,32.47,31.22,32.34,51829309,1709129899,0.25,5.9980334316617645,601628.SH
2023-07-25,32.03,32.68,31.94,32.6,19657814,658225501,0.09,0.8039579468150926,601628.SH
2023-07-26,32.63,34.02,32.49,33.28,28481793,987979982,0.14,2.085889570552135,601628.SH
2023-07-27,33.28,35.41,33.17,35.19,40369543,1445217915,0.19,5.739182692307687,601628.SH
2023-07-30,35.26,36.28,35.23,35.4,41780608,1543397263,0.2,0.5967604433077645,601628.SH
2023-07-31,35.36,36.29,34.96,35.38,26133531,960154174,0.13,-0.056497175141234646,601628.SH
2023-08-01,35.03,36.47,34.95,35.31,22165228,815173085,0.11,-0.1978518937252649,601628.SH
2023-08-02,35.28,37.05,34.93,36.69,29991298,1122854752,0.14,3.908241291418846,601628.SH
2023-08-03,36.94,37.92,36.48,36.67,38515920,1484014370,0.18,-0.05451076587624781,601628.SH
2023-08-06,36.2,36.2,35.58,35.89,20543200,761700489,0.1,-2.1270793564221457,601628.SH
2023-08-07,35.81,36.5,35.23,35.84,14384765,533581387,0.07,-0.13931457230424993,601628.SH
2023-08-08,35.75,36.01,35.61,35.79,9965303,369729453,0.05,-0.13950892857144126,601628.SH
2023-08-09,35.74,36.09,35.41,35.86,8150223,301460877,0.04,0.19558535903883012,601628.SH
2023-08-10,35.9,36.49,34.73,34.73,15516681,565193320,0.07,-3.151143335192419,601628.SH
2023-08-13,34.08,34.56,33.81,34.25,12991115,460413455,0.06,-1.3820904117477606,601628.SH
2023-08-14,34.33,35.46,34.12,35.21,14447242,524615135,0.07,2.8029197080291945,601628.SH
2023-08-15,34.87,35.48,34.66,34.73,10401832,376423745,0.05,-1.363249076966777,601628.SH
2023-08-16,34.58,34.76,33.56,34.0,16322138,574703037,0.08,-2.10192916786639,601628.SH
2023-08-17,34.02,35.92,34.02,34.86,24523048,895575171,0.12,2.529411764705891,601628.SH
2023-08-20,34.61,34.61,33.36,33.36,16203697,568135043,0.08,-4.302925989672978,601628.SH
2023-08-21,33.62,34.52,33.56,34.23,14814795,522206274,0.07,2.607913669064743,601628.SH
2023-08-22,34.14,34.38,33.59,33.79,12351503,434227407,0.06,-1.2854221443178382,601628.SH
2023-08-23,33.17,34.16,32.89,33.51,20425710,710103275,0.1,-0.828647528854698,601628.SH
2023-08-24,33.48,34.23,32.61,33.9,19163977,661762669,0.09,1.1638316920322245,601628.SH
2023-08-27,36.88,37.05,34.3,34.43,23723341,865751475,0.11,1.5634218289085622,601628.SH
2023-08-28,34.61,35.0,34.04,34.36,17827601,635060034,0.09,-0.2033110659308779,601628.SH
2023-08-29,34.18,34.73,33.78,34.25,16965085,602733445,0.08,-0.3201396973224635,601628.SH
2023-08-30,34.18,35.34,34.13,34.4,15281322,550087903,0.07,0.43795620437956373,601628.SH
2023-08-31,34.75,36.35,34.75,36.04,26778120,994673696,0.13,4.767441860465116,601628.SH
2023-09-03,36.02,37.28,35.89,36.76,23506275,896333888,0.11,1.9977802441731418,601628.SH
2023-09-04,36.59,36.59,35.67,35.89,11261958,419115891,0.05,-2.3667029379760507,601628.SH
2023-09-05,35.74,36.18,35.33,35.87,9168323,339324723,0.04,-0.055725828921715514,601628.SH
2023-09-06,35.71,35.89,35.39,35.47,7885527,290543471,0.04,-1.1151379983272869,601628.SH
2023-09-07,35.31,35.85,35.31,35.71,7079244,261153888,0.03,0.67662813645335,601628.SH
2023-09-10,35.72,36.13,35.33,35.59,11354554,419399578,0.05,-0.33604032483897095,601628.SH
2023-09-11,35.34,35.49,34.64,34.82,10908175,394462347,0.05,-2.1635290812025976,601628.SH
2023-09-12,34.77,35.32,34.67,34.85,7392443,267625759,0.04,0.0861573808156324,601628.SH
2023-09-13,35.13,35.13,34.48,34.74,6052472,217300534,0.03,-0.31563845050215367,601628.SH
2023-09-14,34.83,35.05,34.14,34.41,9897166,354225871,0.05,-0.9499136442141731,601628.SH
2023-09-17,34.27,34.8,33.95,34.71,9709701,347653692,0.05,0.8718395815170199,601628.SH
2023-09-18,34.66,35.54,34.49,35.4,9289158,338644138,0.04,1.9878997407087207,601628.SH
2023-09-19,35.27,35.53,34.87,35.4,7389886,269447032,0.04,0.0,601628.SH
2023-09-20,35.3,35.71,35.11,35.53,9529305,350193106,0.05,0.36723163841809736,601628.SH
2023-09-21,35.22,36.03,34.92,36.01,15474126,568646462,0.07,1.3509710104137262,601628.SH
2023-09-24,35.75,36.26,35.36,35.95,11977686,445526367,0.06,-0.16662038322686756,601628.SH
2023-09-25,36.09,36.24,35.82,35.97,5422922,202168077,0.03,0.055632823365781015,601628.SH
2023-09-26,36.04,36.11,35.47,35.65,7434085,274799121,0.04,-0.8896302474284079,601628.SH
2023-09-27,35.78,35.8,34.9,35.01,7794220,283849692,0.04,-1.7952314165497918,601628.SH
2023-10-08,34.76,35.06,34.36,34.84,7013147,252507611,0.03,-0.4855755498428871,601628.SH
2023-10-09,34.98,35.23,34.4,34.48,5536105,198630634,0.03,-1.0332950631458226,601628.SH
2023-10-10,34.61,35.17,34.58,35.02,7226336,261819823,0.03,1.5661252900232236,601628.SH
2023-10-11,36.2,36.57,35.6,36.55,17326122,648515407,0.08,4.368932038834927,601628.SH
2023-10-12,36.25,36.25,35.67,36.19,9497425,353954915,0.05,-0.9849521203830314,601628.SH
2023-10-15,36.1,36.48,35.87,36.32,8822997,331337085,0.04,0.35921525283229006,601628.SH
2023-10-16,36.33,37.02,36.22,36.65,9253813,351337494,0.04,0.9085903083700497,601628.SH
2023-10-17,36.3,36.88,36.3,36.44,7590214,287008047,0.04,-0.5729877216916757,601628.SH
2023-10-18,36.07,36.2,34.6,34.76,14757051,539024426,0.07,-4.610318331503837,601628.SH
2023-10-19,34.57,34.81,33.02,33.28,14389102,501089808,0.07,-4.257767548906777,601628.SH
2023-10-22,32.83,34.13,32.75,33.67,11641554,403387077,0.06,1.171875,601628.SH
2023-10-23,33.6,33.84,32.89,33.18,9046224,311239706,0.04,-1.455301455301461,601628.SH
2023-10-24,33.79,33.89,32.74,32.76,11752011,403028558,0.06,-1.2658227848101333,601628.SH
2023-10-25,32.54,33.34,32.38,32.78,10280838,349142951,0.05,0.06105006105006083,601628.SH
2023-10-26,31.26,32.83,30.6,32.34,31063552,1016405798,0.15,-1.342281879194629,601628.SH
2023-10-29,31.84,32.43,31.0,32.07,23424969,766086753,0.11,-0.8348794063079867,601628.SH
2023-10-30,31.86,32.5,31.76,32.44,12154616,406222541,0.06,1.153726223885232,601628.SH
2023-10-31,32.58,32.63,31.81,32.01,10096600,335428850,0.05,-1.3255240443896366,601628.SH
2023-11-01,31.99,32.13,31.31,31.41,10800223,353533143,0.05,-1.8744142455482615,601628.SH
2023-11-02,31.41,31.74,31.24,31.61,10843839,353961535,0.05,0.6367398917542122,601628.SH
2023-11-05,31.84,32.54,31.64,32.33,19028607,634088412,0.09,2.2777602024675714,601628.SH
2023-11-06,32.16,32.22,31.33,31.51,14634500,478138990,0.07,-2.536343952984832,601628.SH
2023-11-07,31.37,31.69,30.82,31.0,16830510,543204176,0.08,-1.6185337987940418,601628.SH
2023-11-08,30.92,31.14,30.59,30.89,17031414,543002735,0.08,-0.3548387096774186,601628.SH
2023-11-09,30.89,30.99,29.64,29.83,25996485,805159188,0.12,-3.4315312398834674,601628.SH
2023-11-12,29.92,30.23,29.47,30.17,13092263,406431982,0.06,1.1397921555481139,601628.SH
2023-11-13,30.24,30.46,29.74,29.87,22514664,699013966,0.11,-0.9943652635068023,601628.SH
2023-11-14,30.16,31.06,30.0,30.83,23188661,737272658,0.11,3.2139270170739698,601628.SH
2023-11-15,30.68,30.81,30.33,30.53,9430542,298236892,0.05,-0.9730781706130287,601628.SH
2023-11-16,30.41,30.56,29.96,30.48,10741401,336714830,0.05,-0.1637733377006234,601628.SH
2023-11-19,30.51,30.74,30.14,30.28,13735885,430977149,0.07,-0.6561679790026198,601628.SH
2023-11-20,30.34,31.08,30.22,30.51,16009949,508442247,0.08,0.7595772787318378,601628.SH
2023-11-21,30.37,30.61,30.33,30.34,6765401,213249571,0.03,-0.5571943625040987,601628.SH
2023-11-22,30.41,30.72,30.25,30.65,7935642,250904153,0.04,1.0217534607778411,601628.SH
2023-11-23,30.65,30.88,30.22,30.29,8306272,261926163,0.04,-1.1745513866231683,601628.SH
2023-11-26,30.25,30.33,29.37,29.67,12315507,377754994,0.06,-2.046880158468134,601628.SH
2023-11-27,29.54,29.86,29.4,29.48,7527445,230512292,0.04,-0.6403774856757694,601628.SH
2023-11-28,29.4,29.47,28.59,28.94,13798499,412486567,0.07,-1.831750339213023,601628.SH
2023-11-29,29.02,29.3,28.76,29.0,10496737,315104026,0.05,0.20732550103661485,601628.SH
2023-11-30,28.9,29.23,28.63,29.16,10391944,311505249,0.05,0.5517241379310311,601628.SH
2023-12-03,29.06,29.32,28.35,28.43,13021794,386871169,0.06,-2.503429355281206,601628.SH
2023-12-04,28.38,28.43,27.58,27.61,14393905,417347638,0.07,-2.8842771720014038,601628.SH
2023-12-05,27.62,27.98,27.54,27.66,12431244,357218979,0.06,0.1810938065918144,601628.SH
2023-12-06,27.66,27.95,27.17,27.77,10178394,291306407,0.05,0.3976861894432471,601628.SH
2023-12-07,27.68,28.0,27.42,27.51,11495882,329809803,0.06,-0.9362621534029447,601628.SH
2023-12-10,27.44,27.8,26.87,27.78,14377927,406973376,0.07,0.9814612868047856,601628.SH
2023-12-11,27.64,27.98,27.47,27.81,9095503,260950258,0.04,0.10799136069112869,601628.SH
2023-12-12,27.72,27.72,27.25,27.26,8491700,241367561,0.04,-1.9777058612009957,601628.SH
2023-12-13,27.43,27.58,27.01,27.03,10021038,282041247,0.05,-0.843727072633893,601628.SH
2023-12-14,27.11,27.52,26.9,26.96,9560227,268728331,0.05,-0.2589715131335546,601628.SH
2023-12-17,26.84,27.01,26.56,26.84,8229166,228715231,0.04,-0.4451038575667643,601628.SH
2023-12-18,26.85,26.99,26.61,26.92,8639225,240168889,0.04,0.29806259314457684,601628.SH
2023-12-19,26.84,26.89,26.36,26.36,7403890,203720653,0.04,-2.08023774145617,601628.SH
2023-12-20,26.3,26.58,26.22,26.42,9922282,271291058,0.05,0.22761760242793194,601628.SH
2023-12-21,26.42,26.74,26.25,26.58,10956098,300666119,0.05,0.6056018168054456,601628.SH
2023-12-24,26.53,26.72,26.39,26.49,7847706,215613182,0.04,-0.3386004514672636,601628.SH
2023-12-25,26.49,26.72,26.31,26.7,8079012,222191146,0.04,0.7927519818799578,601628.SH
2023-12-26,26.75,26.91,26.11,26.39,12453793,340002507,0.06,-1.1610486891385774,601628.SH
2023-12-27,26.35,27.81,26.24,27.59,21473381,605382589,0.1,4.547176960970067,601628.SH
2023-12-28,27.44,27.84,27.1,27.37,17748555,501947310,0.09,-0.7973903588256559,601628.SH
2024-01-01,27.37,27.41,27.0,27.02,14337161,402911897,0.07,-1.2787723785166238,601628.SH
2024-01-02,26.94,27.42,26.94,27.14,13398963,376708559,0.06,0.4441154700222105,601628.SH
2024-01-03,27.03,27.21,25.58,25.92,27071262,733480492,0.13,-4.495210022107587,601628.SH
2024-01-04,25.87,26.38,25.66,25.87,19960182,538828373,0.1,-0.19290123456789932,601628.SH
2024-01-07,25.79,26.04,25.28,25.33,14522910,383704381,0.07,-2.0873598763046064,601628.SH
2024-01-08,25.32,25.65,25.17,25.45,11538700,304322775,0.06,0.47374654559810825,601628.SH
2024-01-09,25.3,25.4,24.81,24.91,13998686,362518612,0.07,-2.1218074656188524,601628.SH
2024-01-10,24.88,25.23,24.61,24.97,11862774,306470298,0.06,0.24086712163788881,601628.SH
2024-01-11,24.91,25.01,24.57,24.83,11133977,286375394,0.05,-0.560672807368845,601628.SH
2024-01-14,24.62,25.25,24.6,24.98,10210789,263846945,0.05,0.6041079339508704,601628.SH
2024-01-15,24.94,25.49,24.84,25.47,15435115,403555867,0.07,1.9615692554043163,601628.SH
2024-01-16,25.32,25.37,24.93,24.93,14490466,376793484,0.07,-2.1201413427561766,601628.SH
2024-01-17,24.91,25.25,24.31,25.16,23363957,599443060,0.11,0.922583233052543,601628.SH
2024-01-18,25.06,25.21,24.74,25.0,15593956,403768536,0.07,-0.6359300476947549,601628.SH
2024-01-21,24.99,25.49,24.57,24.95,20941679,545500724,0.1,-0.20000000000000018,601628.SH
2024-01-22,24.62,24.91,24.22,24.72,19148524,485919501,0.09,-0.921843687374746,601628.SH
2024-01-23,24.76,26.14,24.74,26.02,28052713,736964899,0.13,5.258899676375406,601628.SH
2024-01-24,26.07,27.82,26.07,27.7,38745429,1083582375,0.19,6.456571867794003,601628.SH
2024-01-25,27.15,27.78,26.95,27.63,22186178,629461810,0.11,-0.2527075812274404,601628.SH
2024-01-28,27.59,28.67,27.42,27.99,26544941,773738041,0.13,1.3029315960912058,601628.SH
2024-01-29,27.71,28.28,27.47,27.48,15774457,454511935,0.08,-1.8220793140407254,601628.SH
2024-01-30,27.24,28.19,27.13,27.75,18680488,535087347,0.09,0.9825327510917026,601628.SH
2024-01-31,27.43,27.61,26.92,27.09,17142009,483313242,0.08,-2.3783783783783763,601628.SH
2024-02-01,27.09,27.69,26.59,27.23,17847382,504135795,0.09,0.5167958656330685,601628.SH
2024-02-04,27.01,28.29,26.76,28.03,23906410,682891127,0.11,2.9379360998898374,601628.SH
2024-02-05,27.81,29.14,27.49,29.1,26563752,780044241,0.13,3.817338565822337,601628.SH
2024-02-06,29.09,29.17,28.43,29.14,22134407,662272775,0.11,0.13745704467353903,601628.SH
2024-02-07,29.17,29.96,28.94,29.73,22957469,702983103,0.11,2.024708304735756,601628.SH
2024-02-18,29.64,30.0,29.35,29.91,15933654,489993901,0.08,0.6054490413723412,601628.SH
2024-02-19,29.73,29.91,29.35,29.53,11226272,344671628,0.05,-1.2704781009695743,601628.SH
2024-02-20,29.45,30.84,29.09,30.26,20550971,641011997,0.1,2.4720623095157546,601628.SH
2024-02-21,30.17,30.44,29.95,30.41,9685207,303237688,0.05,0.4957038995373475,601628.SH
2024-02-22,30.48,30.68,30.1,30.46,12713482,400798322,0.06,0.16441959881619006,601628.SH
2024-02-25,30.28,30.33,29.33,29.35,15953482,491245584,0.08,-3.6441234405778067,601628.SH
2024-02-26,29.35,29.39,28.95,29.35,12652202,382080137,0.06,0.0,601628.SH
2024-02-27,29.35,29.45,28.96,28.96,13565520,410538644,0.07,-1.328790459965934,601628.SH
2024-02-28,28.96,29.28,28.68,29.28,12869483,387112510,0.06,1.104972375690605,601628.SH
2024-02-29,29.15,29.19,28.49,28.92,16194163,482183154,0.08,-1.2295081967213073,601628.SH
2024-03-03,28.84,28.84,28.12,28.35,15545176,456424672,0.07,-1.9709543568464771,601628.SH
2024-03-04,28.34,28.74,28.0,28.7,18821232,554655310,0.09,1.2345679012345512,601628.SH
2024-03-05,28.7,28.83,28.19,28.36,13365480,392780857,0.06,-1.184668989547033,601628.SH
2024-03-06,28.38,28.61,28.06,28.14,14000261,410862992,0.07,-0.7757404795486589,601628.SH
2024-03-07,28.19,28.23,27.81,28.08,8981467,260317900,0.04,-0.2132196162046962,601628.SH
2024-03-10,28.1,28.39,27.99,28.37,12434397,363647139,0.06,1.0327635327635365,601628.SH
2024-03-11,28.43,29.24,28.22,28.93,20481945,609147364,0.1,1.9739161085653878,601628.SH
2024-03-12,28.83,28.92,27.67,27.92,24267052,706767070,0.12,-3.4911856204631775,601628.SH
2024-03-13,27.93,28.27,27.66,27.81,15186139,438585355,0.07,-0.3939828080229302,601628.SH
2024-03-14,27.71,27.85,27.43,27.66,10656350,304327966,0.05,-0.5393743257820827,601628.SH
2024-03-17,27.61,28.4,27.61,28.36,15946647,464650630,0.08,2.5307302964569844,601628.SH
2024-03-18,28.19,28.4,27.85,27.89,12337552,359870805,0.06,-1.6572637517630384,601628.SH
2024-03-19,27.97,28.14,27.76,28.07,8810077,255119907,0.04,0.6453926138400901,601628.SH
2024-03-20,28.07,28.32,27.87,27.94,9783030,283894509,0.05,-0.4631278945493422,601628.SH
2024-03-21,27.84,27.84,27.3,27.42,12641769,359309938,0.06,-1.8611309949892574,601628.SH
2024-03-24,27.32,27.48,26.98,27.18,8737330,246205484,0.04,-0.875273522975939,601628.SH
2024-03-25,27.12,27.66,27.03,27.65,9725761,275722338,0.05,1.7292126563649646,601628.SH
2024-03-26,27.43,27.55,27.03,27.16,11414340,322036570,0.05,-1.7721518987341756,601628.SH
2024-03-27,27.32,27.76,27.17,27.52,15175881,433105150,0.07,1.3254786450662692,601628.SH
2024-03-28,27.42,28.09,27.36,27.52,14872713,426719218,0.07,0.0,601628.SH
2024-03-31,27.61,28.53,27.61,28.41,17623607,515650405,0.08,3.234011627906974,601628.SH
2024-04-01,28.23,28.56,27.92,28.07,12313718,359053795,0.06,-1.1967617036254818,601628.SH
2024-04-02,28.02,28.26,27.86,27.89,8282884,239998305,0.04,-0.6412540078375439,601628.SH
2024-04-07,27.71,27.81,27.15,27.22,10697511,302639296,0.05,-2.4022947292936636,601628.SH
2024-04-08,27.29,27.36,26.91,26.95,8659557,242645818,0.04,-0.9919177075679686,601628.SH
2024-04-09,26.96,27.03,26.36,26.58,9422687,260328862,0.05,-1.3729128014842384,601628.SH
2024-04-10,26.57,26.79,26.28,26.65,8274826,227737197,0.04,0.26335590669677167,601628.SH
2024-04-11,26.64,26.73,25.58,25.61,14727489,396481656,0.07,-3.9024390243902363,601628.SH
2024-04-14,25.68,26.89,25.62,26.57,19964595,546492670,0.1,3.7485357282311726,601628.SH
2024-04-15,26.44,26.88,26.08,26.19,15497809,423921269,0.07,-1.430184418517122,601628.SH
2024-04-16,26.37,26.65,25.67,26.61,14266861,388053642,0.07,1.6036655211912887,601628.SH
2024-04-17,26.52,27.86,26.42,27.49,25119534,713446970,0.12,3.3070274332957394,601628.SH
2024-04-18,27.29,27.81,27.04,27.12,16811956,475865958,0.08,-1.3459439796289496,601628.SH
2024-04-21,27.14,28.02,27.03,27.48,19147573,547989464,0.09,1.327433628318575,601628.SH
2024-04-22,27.45,27.71,27.37,27.59,10491300,299249294,0.05,0.40029112081514384,601628.SH
2024-04-23,28.0,28.1,27.55,27.96,14698886,424298399,0.07,1.3410656034795299,601628.SH
2024-04-24,27.89,28.17,27.68,28.06,10517601,304621966,0.05,0.3576537911301747,601628.SH
2024-04-25,28.09,28.63,28.01,28.53,16603760,487311914,0.08,1.6749821810406296,601628.SH
2024-04-28,28.77,30.25,28.61,29.75,33086149,1012880914,0.16,4.276200490711535,601628.SH
2024-04-29,29.7,29.92,29.37,29.6,14409612,442584323,0.07,-0.5042016806722671,601628.SH
2024-05-05,30.41,31.19,30.35,30.57,24976341,797364078,0.12,3.277027027027013,601628.SH
2024-05-06,30.52,30.89,30.24,30.51,14328960,454668973,0.07,-0.19627085377821318,601628.SH
2024-05-07,30.56,30.77,30.09,30.14,11731001,369401826,0.06,-1.2127171419206828,601628.SH
2024-05-08,30.11,30.31,29.84,30.16,10944600,341061377,0.05,0.06635700066357497,601628.SH
2024-05-09,30.21,30.97,30.19,30.54,13229041,419924482,0.06,1.2599469496021198,601628.SH
2024-05-12,30.31,30.65,29.83,30.4,11610287,364515851,0.06,-0.4584151931892655,601628.SH
2024-05-13,30.4,30.99,30.3,30.8,13268901,422744112,0.06,1.3157894736842257,601628.SH
2024-05-14,30.89,30.98,30.43,30.55,9248101,294352789,0.04,-0.8116883116883078,601628.SH
2024-05-15,30.57,31.45,30.55,31.25,18254019,589387891,0.09,2.2913256955810146,601628.SH
2024-05-16,31.26,32.04,30.71,31.83,21023375,682289850,0.1,1.855999999999991,601628.SH
2024-05-19,31.65,32.62,31.65,32.15,22918534,764625154,0.11,1.0053408733898817,601628.SH
2024-05-20,31.76,32.43,31.72,32.05,9186181,304984181,0.04,-0.3110419906687478,601628.SH
2024-05-21,32.11,32.33,31.61,31.7,11996679,396488305,0.06,-1.0920436817472678,601628.SH
2024-05-22,31.72,31.91,31.45,31.61,11128249,364815199,0.05,-0.28391167192428624,601628.SH
2024-05-23,31.66,31.7,30.8,30.84,14152460,456490055,0.07,-2.4359379943056036,601628.SH
2024-05-26,30.99,31.13,30.51,30.84,12432551,396048847,0.06,0.0,601628.SH
2024-05-27,30.84,31.24,30.66,30.83,10021744,320915064,0.05,-0.03242542153047978,601628.SH
2024-05-28,30.71,30.92,30.22,30.36,7801102,246462591,0.04,-1.5244891339604272,601628.SH
2024-05-29,30.21,30.7,30.21,30.37,6116442,192654761,0.03,0.032938076416333395,601628.SH
2024-05-30,30.56,30.9,30.27,30.27,8217790,260476554,0.04,-0.3292723081988802,601628.SH
2024-06-02,30.3,30.86,30.21,30.49,9541006,301564848,0.05,0.7267922035018026,601628.SH
2024-06-03,30.49,30.63,30.22,30.48,8081502,254538711,0.04,-0.03279763857001461,601628.SH
2024-06-04,30.44,30.9,30.38,30.61,6739986,214027329,0.03,0.4265091863516979,601628.SH
2024-06-05,30.61,30.75,30.03,30.13,6903501,216021892,0.03,-1.5681149950996454,601628.SH
2024-06-06,30.21,30.35,29.6,29.92,6643770,205866018,0.03,-0.6969797543975975,601628.SH
2024-06-10,29.74,30.19,29.46,29.81,8748170,269585663,0.04,-0.3676470588235392,601628.SH
2024-06-11,29.95,29.99,29.49,29.61,5768428,177204213,0.03,-0.6709158000670845,601628.SH
2024-06-12,29.62,29.71,29.24,29.49,6054623,184601121,0.03,-0.4052684903748771,601628.SH
2024-06-13,29.49,30.6,29.32,30.33,11672041,363774488,0.06,2.8484231943031624,601628.SH
2024-06-16,30.14,30.39,29.83,30.27,8084468,252486838,0.04,-0.1978239366963397,601628.SH
2024-06-17,30.27,30.55,29.99,30.15,7129322,223019243,0.03,-0.3964321110009994,601628.SH
2024-06-18,30.2,30.89,29.95,30.22,10602948,333705981,0.05,0.2321724709784423,601628.SH
2024-06-19,30.12,30.66,30.01,30.42,9789122,308440910,0.05,0.6618133686300487,601628.SH
2024-06-20,30.32,30.59,30.12,30.33,7990501,250712187,0.04,-0.2958579881656931,601628.SH
2024-06-23,30.18,30.44,29.67,30.2,12633405,392976140,0.06,-0.4286185295087286,601628.SH
2024-06-24,30.21,30.5,29.54,29.77,9846811,305688565,0.05,-1.4238410596026485,601628.SH
2024-06-25,29.6,30.12,29.6,29.88,7527100,233286886,0.04,0.369499496137049,601628.SH
2024-06-26,29.9,30.11,29.59,29.94,7834201,242319843,0.04,0.20080321285140812,601628.SH
2024-06-27,29.92,30.37,29.81,29.98,10546743,328041487,0.05,0.13360053440214514,601628.SH
2024-06-30,29.74,30.28,28.95,30.27,13551901,414225396,0.07,0.9673115410273381,601628.SH
2024-07-01,29.93,30.8,29.75,29.83,18055878,566732714,0.09,-1.4535844070036386,601628.SH
2024-07-02,29.8,29.98,29.45,29.84,9363372,288137544,0.04,0.03352329869259485,601628.SH
2024-07-03,29.73,30.12,29.65,29.66,7574900,234195778,0.04,-0.6032171581769386,601628.SH
2024-07-04,29.66,29.86,28.92,28.94,9819467,297010585,0.05,-2.4275118004045804,601628.SH
2024-07-07,28.96,29.32,28.78,29.21,6910477,208647805,0.03,0.9329647546648223,601628.SH
2024-07-08,29.27,29.61,28.8,29.51,7306080,221330905,0.04,1.0270455323519334,601628.SH
2024-07-09,29.49,30.33,29.38,30.19,9294681,288522538,0.04,2.3043036258895366,601628.SH
2024-07-10,30.45,30.74,30.08,30.2,7671304,238095484,0.04,0.03312355084463814,601628.SH
2024-07-11,30.2,30.91,30.17,30.87,8936902,280463102,0.04,2.218543046357624,601628.SH
2024-07-14,30.74,31.02,30.66,30.81,6676617,210403356,0.03,-0.19436345966958868,601628.SH
2024-07-15,30.81,30.84,30.11,30.54,7683603,239183519,0.04,-0.8763388510223957,601628.SH
2024-07-16,30.38,31.62,30.38,31.42,14104136,450175758,0.07,2.881466928618215,601628.SH
2024-07-17,31.24,31.61,31.03,31.55,11961675,384098538,0.06,0.41374920432843965,601628.SH
2024-07-18,31.57,31.57,31.15,31.35,10240749,327757072,0.05,-0.6339144215530834,601628.SH
2024-07-21,31.35,31.51,30.64,31.0,10881056,344092550,0.05,-1.1164274322169154,601628.SH
2024-07-22,30.87,30.96,30.39,30.41,7160380,224049933,0.03,-1.9032258064516139,601628.SH
2024-07-23,30.38,30.49,29.8,29.91,8884447,271842750,0.04,-1.6441959881617896,601628.SH
2024-07-24,29.87,30.51,29.81,30.08,9348290,288131368,0.04,0.5683717820126999,601628.SH
2024-07-25,30.1,30.44,29.73,29.95,7175082,219596649,0.03,-0.43218085106382365,601628.SH
2024-07-28,29.95,30.85,29.79,30.57,8959044,278905773,0.04,2.0701168614357224,601628.SH
2024-07-29,30.57,30.7,30.01,30.29,6672666,205982918,0.03,-0.9159306509650023,601628.SH
2024-07-30,30.16,31.56,30.01,31.52,14977091,474732397,0.07,4.0607461208319595,601628.SH
2024-07-31,31.31,31.77,31.03,31.55,9942717,319294759,0.05,0.09517766497462166,601628.SH
2024-08-01,31.4,31.62,30.98,31.06,6244311,198935947,0.03,-1.5530903328050738,601628.SH
2024-08-04,30.84,32.04,30.84,31.64,14793460,477786349,0.07,1.8673535093367777,601628.SH
2024-08-05,31.55,31.8,29.47,29.72,21303879,658773742,0.1,-6.068268015170675,601628.SH
2024-08-06,29.68,29.68,28.95,29.01,16314917,486940711,0.08,-2.3889636608344422,601628.SH
2024-08-07,29.02,29.1,28.57,28.94,8606460,253927291,0.04,-0.24129610479145525,601628.SH
2024-08-08,29.04,29.21,28.74,28.74,6246611,184641929,0.03,-0.6910850034554383,601628.SH
2024-08-11,28.7,28.88,28.35,28.87,7573248,221368005,0.04,0.4523312456506723,601628.SH
2024-08-12,28.98,29.11,28.72,29.05,6342200,187520190,0.03,0.6234845860755067,601628.SH
2024-08-13,29.1,29.16,28.75,28.82,4658287,137619009,0.02,-0.7917383820998269,601628.SH
2024-08-14,28.73,29.66,28.64,29.56,12705258,381226428,0.06,2.5676613462872977,601628.SH
2024-08-15,29.52,30.06,29.41,30.03,10141704,309476356,0.05,1.5899864682002773,601628.SH
2024-08-18,29.96,30.76,29.86,30.73,9596825,299893719,0.05,2.3310023310023187,601628.SH
2024-08-19,30.74,30.74,30.33,30.61,7781157,242815945,0.04,-0.3904978848031315,601628.SH
2024-08-20,30.52,30.73,30.22,30.53,4965355,154829158,0.02,-0.261352499183265,601628.SH
2024-08-21,30.56,30.98,30.47,30.73,7503851,235833752,0.04,0.6550933508024936,601628.SH
2024-08-22,30.75,31.57,30.64,31.38,10425092,333250696,0.05,2.1151968760169115,601628.SH
2024-08-25,31.47,31.81,31.23,31.77,10540511,340068034,0.05,1.2428298279158811,601628.SH
2024-08-26,31.59,32.19,31.58,32.11,10884845,355823543,0.05,1.0701920050361968,601628.SH
2024-08-27,32.01,32.32,31.78,31.91,10462697,342121826,0.05,-0.6228589224540615,601628.SH
2024-08-28,31.91,32.68,31.79,31.82,12188500,399837487,0.06,-0.2820432466311473,601628.SH
2024-08-29,31.69,33.03,31.69,32.68,17226184,573245722,0.08,2.7027027027026973,601628.SH
2024-09-01,32.7,33.77,32.67,33.45,18984135,648316354,0.09,2.356181150550807,601628.SH
2024-09-02,33.44,33.75,33.11,33.49,10453096,356956321,0.05,0.11958146487294208,601628.SH
2024-09-03,33.77,34.1,32.84,33.08,10210972,347147184,0.05,-1.224246043595112,601628.SH
2024-09-04,32.91,33.55,32.9,33.39,7856815,266809310,0.04,0.9371221281741393,601628.SH
2024-09-05,33.38,33.83,33.13,33.28,6022925,206209262,0.03,-0.32943995208145616,601628.SH
2024-09-08,33.12,33.57,32.95,33.04,7762003,263108801,0.04,-0.7211538461538547,601628.SH
2024-09-09,33.17,33.26,32.65,33.08,7032284,237449488,0.03,0.1210653753026536,601628.SH
2024-09-10,33.09,33.34,32.75,32.94,8477718,285338368,0.04,-0.4232164449818665,601628.SH
2024-09-11,33.08,33.31,32.78,33.13,7265399,245721773,0.03,0.5768063145112468,601628.SH
2024-09-12,33.13,33.72,33.1,33.36,8257559,282143812,0.04,0.6942348324781022,601628.SH
2024-09-17,33.43,34.65,33.4,34.38,13025842,456224924,0.06,3.0575539568345356,601628.SH
2024-09-18,34.27,34.32,33.75,34.25,11294022,392777521,0.05,-0.3781268179174013,601628.SH
2024-09-19,34.16,34.5,33.81,34.25,11016790,384922912,0.05,0.0,601628.SH
2024-09-22,34.26,34.93,33.93,34.78,9488512,335734191,0.05,1.5474452554744555,601628.SH
2024-09-23,34.95,36.08,34.75,36.02,17095309,620673109,0.08,3.5652673950546276,601628.SH
2024-09-24,36.78,37.49,36.22,37.3,21355256,810903119,0.1,3.5535813436979202,601628.SH
2024-09-25,37.17,38.44,36.95,38.4,24976560,966410507,0.12,2.9490616621983934,601628.SH
2024-09-26,38.76,39.38,38.37,39.16,10457925,416515131,0.05,1.9791666666666652,601628.SH
2024-09-29,40.28,43.07,40.28,43.07,29689809,1288002668,0.14,9.984678243105227,601628.SH
2024-10-07,47.38,47.38,46.03,47.38,36751314,1774184575,0.18,10.0069654051544,601628.SH
2024-10-08,45.06,46.89,42.64,42.64,51261973,2317768222,0.25,-10.004221190375695,601628.SH
2024-10-09,42.37,44.42,40.21,43.02,40033767,1741221216,0.19,0.8911819887429617,601628.SH
2024-10-10,41.7,42.85,41.11,41.8,17806817,763334501,0.09,-2.8358902835890376,601628.SH
2024-10-13,42.97,43.19,41.48,43.08,21925968,954216907,0.11,3.0622009569378106,601628.SH
2024-10-14,42.34,43.37,41.78,41.79,13768644,599761687,0.07,-2.9944289693593307,601628.SH
2024-10-15,41.41,42.47,41.11,42.04,11880711,508060269,0.06,0.598229241445325,601628.SH
2024-10-16,43.61,44.04,41.8,41.85,16142759,703742754,0.08,-0.4519505233111287,601628.SH
2024-10-17,41.74,44.05,40.96,42.75,25050649,1081653445,0.12,2.1505376344086002,601628.SH
2024-10-20,42.86,43.9,42.27,42.84,21569832,948427765,0.1,0.21052631578948322,601628.SH
2024-10-21,42.84,44.0,42.39,42.78,13264935,581551215,0.06,-0.1400560224089742,601628.SH
2024-10-22,42.51,44.76,42.44,44.05,21026120,941922418,0.1,2.9686769518466383,601628.SH
2024-10-23,43.44,43.73,42.96,43.37,12629273,558522276,0.06,-1.5437003405221361,601628.SH
2024-10-24,43.56,43.92,42.88,43.03,12792651,564842112,0.06,-0.7839520405810374,601628.SH
2024-10-27,42.97,43.05,41.96,42.41,12244976,529447635,0.06,-1.440855217290271,601628.SH
2024-10-28,42.23,43.05,42.04,42.47,12005116,522775272,0.06,0.14147606696535142,601628.SH
2024-10-29,42.58,42.92,41.11,41.49,13944915,594494766,0.07,-2.3075111843654295,601628.SH
2024-10-30,41.7,42.03,40.68,41.0,17491569,736506238,0.08,-1.181007471679929,601628.SH
2024-10-31,41.07,42.36,40.76,41.65,17555221,746917720,0.08,1.585365853658538,601628.SH
2024-11-03,41.87,42.02,40.9,41.94,12392547,524978800,0.06,0.6962785114045689,601628.SH
2024-11-04,41.8,44.89,41.58,44.63,29294945,1304635157,0.14,6.413924654268022,601628.SH
2024-11-05,44.43,45.01,42.79,43.7,26002774,1162191543,0.12,-2.083800134438718,601628.SH
2024-11-06,43.07,48.07,42.89,48.07,34966792,1636030860,0.17,9.999999999999986,601628.SH
2024-11-07,49.81,49.81,47.42,47.92,34485806,1703127087,0.17,-0.3120449344705567,601628.SH
2024-11-10,47.38,47.38,45.57,46.39,26174320,1234606947,0.13,-3.192821368948251,601628.SH
2024-11-11,46.45,47.08,44.15,44.56,24752022,1145217896,0.12,-3.9448156930372846,601628.SH
2024-11-12,44.07,45.16,43.98,44.43,13893509,630558241,0.07,-0.2917414721723577,601628.SH
2024-11-13,44.26,45.99,44.04,44.98,22300770,1028821010,0.11,1.2379023182534254,601628.SH
2024-11-14,44.78,45.41,43.93,43.93,14523791,655561291,0.07,-2.3343708314806477,601628.SH
2024-11-17,44.41,45.51,43.47,43.97,16832568,762098580,0.08,0.09105394946504752,601628.SH
2024-11-18,43.77,43.97,42.53,43.57,16805119,738114173,0.08,-0.9097111667045632,601628.SH
2024-11-19,43.36,43.75,42.96,43.44,8724877,384336127,0.04,-0.2983704383750396,601628.SH
2024-11-20,43.26,43.71,43.07,43.65,8606279,379605600,0.04,0.4834254143646355,601628.SH
2024-11-21,43.64,44.07,41.01,41.07,21164589,905095658,0.1,-5.9106529209622005,601628.SH
2024-11-24,40.95,41.26,39.92,40.27,14532711,599390501,0.07,-1.9478938397857193,601628.SH
2024-11-25,40.26,41.02,40.02,40.6,9821846,405374761,0.05,0.8194685870374974,601628.SH
2024-11-26,40.54,41.73,40.08,41.6,13701758,571703117,0.07,2.4630541871921263,601628.SH
2024-11-27,41.74,41.94,40.67,40.92,11639223,487263901,0.06,-1.6346153846153788,601628.SH
2024-11-28,40.79,42.82,40.71,41.39,17168743,727127666,0.08,1.1485826001955024,601628.SH
2024-12-01,41.42,42.12,41.21,41.8,11756941,499468544,0.06,0.9905774341628426,601628.SH
2024-12-02,41.73,42.6,41.35,42.38,11221228,480002187,0.05,1.3875598086124485,601628.SH
2024-12-03,42.13,42.41,41.55,41.79,8595629,366106306,0.04,-1.392166116092508,601628.SH
2024-12-04,41.68,41.96,41.33,41.43,6920801,292558334,0.03,-0.8614501076812608,601628.SH
2024-12-05,41.43,44.5,41.39,43.03,30686631,1349714505,0.15,3.861935795317417,601628.SH
2024-12-08,42.68,43.76,42.57,43.33,19547464,858892699,0.09,0.6971880083662452,601628.SH
2024-12-09,45.13,45.62,43.43,43.49,27416775,1242590469,0.13,0.3692591737826101,601628.SH
2024-12-10,43.28,44.05,42.35,42.54,15014549,655087355,0.07,-2.1844102092435147,601628.SH
2024-12-11,42.46,44.02,42.3,43.41,16311572,715035910,0.08,2.0451339915373623,601628.SH
2024-12-12,42.98,42.99,41.41,41.44,20114111,856048523,0.1,-4.53812485602395,601628.SH
2024-12-15,41.39,41.49,40.36,40.66,16828305,699142406,0.08,-1.8822393822393813,601628.SH
2024-12-16,40.7,41.34,40.43,40.85,13248567,551591856,0.06,0.4672897196261738,601628.SH
2024-12-17,41.11,41.66,40.85,40.94,10557311,442570366,0.05,0.22031823745409795,601628.SH
2024-12-18,40.41,41.16,40.26,41.07,9099870,378276122,0.04,0.31753786028334563,601628.SH
2024-12-19,41.07,41.29,40.55,40.74,9065787,376585427,0.04,-0.8035062089116085,601628.SH
2024-12-22,40.74,41.25,40.68,40.84,9021378,376020035,0.04,0.2454590083456054,601628.SH
2024-12-23,40.87,42.08,40.76,41.77,15729967,665994460,0.08,2.277179236043092,601628.SH
2024-12-24,41.79,42.49,41.53,41.98,11005674,470472117,0.05,0.5027531721330858,601628.SH
2024-12-25,41.84,42.18,41.58,41.98,7418007,315937858,0.04,0.0,601628.SH
2024-12-26,41.97,42.28,41.13,41.81,10498481,444626261,0.05,-0.40495474035253665,601628.SH
2024-12-29,41.77,42.47,41.64,42.31,12522990,536352130,0.06,1.19588615163837,601628.SH
2024-12-30,42.22,42.51,41.22,41.22,12623647,538187647,0.06,-2.576223115102816,601628.SH
2025-01-01,41.11,41.22,38.84,39.15,18036971,730555023,0.09,-5.021834061135378,601628.SH
2025-01-02,39.15,39.33,38.42,38.66,12612011,497482935,0.06,-1.2515964240102262,601628.SH
2025-01-05,38.78,39.0,38.23,38.52,9928296,389094333,0.05,-0.36213140196583726,601628.SH
2025-01-06,38.49,38.56,38.02,38.3,8833620,343860690,0.04,-0.5711318795431075,601628.SH
2025-01-07,38.28,38.64,37.74,38.42,10663900,414146046,0.05,0.3133159268929653,601628.SH
2025-01-08,38.27,38.49,37.78,37.85,7797028,301858884,0.04,-1.4836022904737178,601628.SH
2025-01-09,37.76,38.2,37.01,37.03,11091680,421743844,0.05,-2.1664464993395027,601628.SH
2025-01-12,36.82,37.01,36.42,36.8,11938211,445508695,0.06,-0.6211180124223725,601628.SH
2025-01-13,37.17,38.17,36.59,37.76,18557793,704988182,0.09,2.60869565217392,601628.SH
2025-01-14,37.58,37.95,37.22,37.51,10454965,398920320,0.05,-0.6620762711864403,601628.SH
2025-01-15,37.66,38.23,37.46,37.79,9261192,356360765,0.044,0.746467608637702,601628.SH
2025-01-16,37.76,38.84,37.23,38.41,13783662,537249212,0.066,1.640645673458585,601628.SH
2025-01-19,38.56,39.22,38.54,38.84,10679904,422434718,0.051,1.1195001301744556,601628.SH
2025-01-20,39.0,39.35,38.46,38.99,8257589,326943373,0.04,0.38619979402676474,601628.SH
2025-01-21,38.93,38.93,38.2,38.49,7713251,301506456,0.037,-1.282380097460889,601628.SH
2025-01-22,39.26,41.25,39.25,40.41,28175075,1156577751,0.135,4.988308651597806,601628.SH
2025-01-23,39.92,40.41,39.43,40.19,14704069,598328148,0.071,-0.5444196980945337,601628.SH
2025-01-26,40.3,40.78,39.69,39.92,15658511,637947710,0.075,-0.6718089076884648,601628.SH
2025-02-04,40.12,40.12,38.74,38.84,14430683,574403079,0.069,-2.7054108216432837,601628.SH
2025-02-05,38.85,39.47,38.5,39.43,14183856,563095434,0.068,1.519052523171971,601628.SH
2025-02-06,39.23,40.51,38.96,39.83,15315488,619416499,0.074,1.0144559979710754,601628.SH
2025-02-09,39.84,40.07,39.49,39.61,8890776,359236424,0.043,-0.5523474767762937,601628.SH
2025-02-10,39.73,39.74,38.92,39.08,9352074,372915711,0.045,-1.3380459479929385,601628.SH
2025-02-11,39.02,39.56,38.83,39.52,8990794,357637502,0.043,1.1258955987717645,601628.SH
2025-02-12,39.43,39.92,39.16,39.35,11609945,466439992,0.056,-0.43016194331984003,601628.SH
2025-02-13,39.32,40.28,39.05,39.87,11348155,457111452,0.054,1.3214739517153573,601628.SH
2025-02-16,39.98,40.77,39.14,39.58,14374373,581156928,0.069,-0.7273639327815329,601628.SH
2025-02-17,39.38,40.06,39.02,39.14,14969637,601335039,0.072,-1.1116725618999457,601628.SH
2025-02-18,38.96,39.56,38.61,39.13,10697912,425790751,0.051,-0.025549310168615502,601628.SH
2025-02-19,38.94,39.13,38.07,38.43,11985204,469033394,0.058,-1.7889087656529634,601628.SH
2025-02-20,38.59,39.55,37.93,39.07,15165096,598668493,0.073,1.6653655997918237,601628.SH
2025-02-23,39.04,39.87,38.73,39.32,14936140,597060874,0.072,0.6398771435884409,601628.SH
2025-02-24,39.01,40.39,38.37,38.54,20435051,819393340,0.098,-1.983723296032558,601628.SH
2025-02-25,38.53,39.3,38.52,39.1,11396490,450266678,0.055,1.4530358069538174,601628.SH
2025-02-26,39.03,39.78,38.67,39.72,16596849,664657464,0.08,1.5856777493606034,601628.SH
2025-02-27,39.53,39.92,38.26,38.26,15944621,630031424,0.077,-3.6757301107754325,601628.SH
2025-03-02,38.46,38.62,37.59,37.77,11292449,436841923,0.054,-1.2807109252482851,601628.SH
2025-03-03,37.67,37.78,37.39,37.53,10359671,395589592,0.05,-0.6354249404289192,601628.SH
2025-03-04,37.54,37.95,37.29,37.76,7875516,301941868,0.038,0.6128430588862255,601628.SH
2025-03-05,37.97,38.73,37.58,38.59,14434547,561745196,0.069,2.1980932203389925,601628.SH
2025-03-06,38.43,38.43,37.82,38.13,11742231,454935927,0.056,-1.1920186576833358,601628.SH
2025-03-09,37.93,37.95,36.74,37.18,21147467,797309041,0.102,-2.4914765276685125,601628.SH
2025-03-10,36.82,37.11,36.51,37.11,16475674,616329076,0.079,-0.18827326519634813,601628.SH
2025-03-11,37.11,37.25,36.58,36.81,14772902,554209591,0.071,-0.8084074373484129,601628.SH
2025-03-12,36.77,37.22,36.6,36.75,13794117,516091958,0.066,-0.16299918500407573,601628.SH
2025-03-13,36.76,39.12,36.69,38.9,39695562,1539427138,0.191,5.8503401360544105,601628.SH
2025-03-16,38.45,38.89,38.41,38.75,15122296,594642782,0.073,-0.3856041131105381,601628.SH
2025-03-17,38.88,39.03,38.36,38.44,10975170,430297849,0.053,-0.8000000000000007,601628.SH
2025-03-18,38.41,38.69,38.1,38.52,9323228,363983273,0.045,0.20811654526535772,601628.SH
2025-03-19,38.52,38.54,37.19,37.32,18407375,703232011,0.088,-3.1152647975077996,601628.SH
2025-03-20,37.28,37.85,36.77,36.91,13641937,515653612,0.066,-1.0986066452304488,601628.SH
2025-03-23,36.92,37.31,36.81,37.17,12807257,483140619,0.062,0.7044161473855448,601628.SH
2025-03-24,37.16,37.35,36.89,37.22,8777721,331641728,0.042,0.13451708366962745,601628.SH
2025-03-25,37.12,37.5,36.84,37.16,14329843,542051756,0.069,-0.1612036539494932,601628.SH
2025-03-26,37.25,37.92,36.9,37.39,19080223,726489936,0.092,0.6189451022605041,601628.SH
2025-03-27,37.4,37.7,37.07,37.15,12289443,465924139,0.059,-0.6418828563787171,601628.SH
2025-03-30,36.92,37.61,36.79,36.97,12070784,455412410,0.058,-0.48452220726783457,601628.SH
2025-03-31,36.97,37.06,36.57,36.76,12372361,462567448,0.059,-0.5680281309169644,601628.SH
2025-04-01,36.76,36.99,36.53,36.77,11723121,438206622,0.056,0.027203482045723426,601628.SH
2025-04-02,36.52,37.04,36.29,36.71,11629154,433910808,0.056,-0.16317650258363958,601628.SH
2025-04-06,35.69,35.69,33.05,34.25,31926570,1109365029,0.153,-6.7011713429583235,601628.SH
2025-04-07,33.83,35.2,33.65,35.14,25005851,878015942,0.12,2.598540145985395,601628.SH
2025-04-08,34.9,35.4,34.43,34.91,24184100,856543911,0.116,-0.6545247581104308,601628.SH
2025-04-09,35.28,35.5,34.92,35.29,17753422,635950019,0.085,1.0885133199656227,601628.SH
2025-04-10,35.03,35.42,34.62,35.16,15865679,564790406,0.076,-0.36837631056957365,601628.SH
2025-04-13,35.16,35.43,35.05,35.28,10950324,392565226,0.053,0.34129692832765013,601628.SH
2025-04-14,35.17,35.45,35.01,35.38,9785290,350595993,0.047,0.28344671201814275,601628.SH
2025-04-15,35.44,35.74,35.06,35.69,10526254,378302630,0.051,0.8762012436404509,601628.SH
2025-04-16,35.29,35.98,35.29,35.89,8439797,306543810,0.041,0.5603810591202185,601628.SH
2025-04-17,35.79,36.05,35.69,35.82,7030973,256805803,0.034,-0.19504040122596544,601628.SH
2025-04-20,35.96,36.04,35.68,35.75,5329374,194158189,0.026,-0.19542155220547697,601628.SH
2025-04-21,35.65,36.33,35.61,35.99,8333960,305504398,0.04,0.6713286713286859,601628.SH
2025-04-22,36.18,36.23,35.7,35.91,7193608,262718234,0.035,-0.22228396776884374,601628.SH
2025-04-23,35.98,36.69,35.84,36.23,12279063,453873028,0.059,0.8911166805903648,601628.SH
2025-04-24,36.23,36.63,35.84,35.89,9087091,334132501,0.044,-0.9384487993375545,601628.SH
2025-04-27,35.86,35.97,35.38,35.78,8689732,315671159,0.042,-0.30649205906937427,601628.SH
2025-04-28,35.77,35.88,35.57,35.62,5443263,197644400,0.026,-0.44717719396312194,601628.SH
2025-04-29,35.97,36.44,35.65,35.7,10123386,369904145,0.049,0.224592925322864,601628.SH
2025-05-05,35.79,36.44,35.51,36.18,11549892,424000903,0.055,1.3445378151260456,601628.SH
2025-05-06,37.07,37.35,36.59,36.94,15131352,568024428,0.073,2.100608070757315,601628.SH
2025-05-07,36.7,37.64,36.65,37.26,11706510,444699005,0.056,0.8662696264212233,601628.SH
2025-05-08,37.26,37.26,36.92,37.01,6326629,238487919,0.03,-0.6709608158883551,601628.SH
2025-05-11,37.13,37.51,36.88,37.29,7672501,290525172,0.037,0.7565522831667115,601628.SH
2025-05-12,37.45,37.51,37.15,37.31,7391016,280666561,0.035,0.05363368195228091,601628.SH
2025-05-13,37.35,40.31,37.22,39.3,42388836,1679885680,0.204,5.333690699544347,601628.SH
2025-05-14,38.75,39.25,38.52,38.66,12800391,504962116,0.061,-1.6284987277353724,601628.SH
2025-05-15,38.45,38.69,37.68,38.17,10998381,424332539,0.053,-1.267459906880486,601628.SH
2025-05-18,37.85,38.01,37.57,37.67,8469708,324819980,0.041,-1.3099292638197535,601628.SH
2025-05-19,37.75,37.93,37.49,37.74,9258902,355171101,0.044,0.18582426333952906,601628.SH
2025-05-20,37.74,38.35,37.67,37.88,10063100,389307727,0.048,0.37095919448861814,601628.SH
2025-05-21,37.83,38.14,37.62,37.89,7484021,288137022,0.036,0.0263991552270193,601628.SH
2025-05-22,37.83,38.11,37.23,37.37,9003151,344747453,0.043,-1.3723937714436585,601628.SH
2025-05-25,37.26,38.33,37.22,37.86,11963330,461135921,0.057,1.3112122023013262,601628.SH
2025-05-26,37.85,38.5,37.78,37.9,7151943,276999044,0.034,0.10565240359217132,601628.SH
2025-05-27,37.91,38.2,37.72,37.86,6655367,256761275,0.032,-0.10554089709762238,601628.SH
2025-05-28,37.87,38.06,37.68,37.85,6936020,267335689,0.033,-0.02641310089803728,601628.SH
2025-05-29,37.67,37.92,37.32,37.65,8751232,334464107,0.042,-0.528401585204763,601628.SH
2025-06-02,37.54,38.44,37.42,38.14,9927650,383570009,0.048,1.3014608233731684,601628.SH
2025-06-03,38.05,38.53,38.04,38.33,8080958,315152434,0.039,0.4981646565285658,601628.SH
2025-06-04,38.33,39.25,38.1,39.09,15379020,607794422,0.074,1.9827811114009997,601628.SH
2025-06-05,39.03,39.44,38.89,39.36,10477200,417670672,0.05,0.6907137375287586,601628.SH
2025-06-08,39.46,39.7,38.88,39.11,8263932,329206672,0.04,-0.6351626016260159,601628.SH
2025-06-09,39.11,39.48,38.61,38.8,8770301,348271803,0.042,-0.7926361544362104,601628.SH
2025-06-10,38.81,40.29,38.81,40.0,17035044,689861703,0.082,3.0927835051546504,601628.SH
2025-06-11,39.87,41.38,39.56,40.31,19648513,810375086,0.094,0.7750000000000146,601628.SH
2025-06-12,40.27,40.8,39.7,39.82,9630714,392041764,0.046,-1.2155792607293492,601628.SH
2025-06-15,39.81,40.4,39.7,40.03,9548982,388255660,0.046,0.5273731793068892,601628.SH
2025-06-16,39.97,40.18,39.65,40.02,8960177,363538690,0.043,-0.024981264051959773,601628.SH
2025-06-17,39.82,40.01,38.89,39.3,11137825,444565713,0.053,-1.7991004497751262,601628.SH
2025-06-18,39.14,39.38,38.68,38.84,8810329,349022202,0.042,-1.1704834605597791,601628.SH
2025-06-19,38.84,39.7,38.64,39.53,12696564,506666348,0.061,1.7765190525231622,601628.SH
2025-06-22,39.38,39.66,38.89,39.46,9041295,361954695,0.043,-0.17708069820390193,601628.SH
2025-06-23,39.58,41.62,39.57,40.76,21114430,877164314,0.101,3.29447541814496,601628.SH
2025-06-24,40.76,41.83,40.47,41.72,21358878,896304354,0.103,2.3552502453385804,601628.SH
2025-06-25,41.57,41.74,41.29,41.39,11857899,500292610,0.057,-0.7909875359539797,601628.SH
2025-06-26,41.58,41.93,40.39,40.47,14293958,596197136,0.069,-2.2227591205605246,601628.SH
2025-06-29,40.41,40.69,39.94,40.5,10486095,430101071,0.05,0.0741289844329085,601628.SH
2025-06-30,40.55,41.1,40.17,40.62,11053451,456303533,0.053,0.2962962962962834,601628.SH
2025-07-01,40.67,40.97,40.28,40.37,7452605,306650679,0.036,-0.615460364352538,601628.SH
2025-07-02,40.35,40.5,40.05,40.4,7735457,316959320,0.037,0.07431260837256204,601628.SH
2025-07-03,40.21,41.59,39.95,40.65,15873942,657180474,0.076,0.6188118811881083,601628.SH
2025-07-06,40.5,40.76,40.19,40.42,7889543,323754832,0.038,-0.5658056580565729,601628.SH
2025-07-07,40.26,40.48,39.95,40.41,12040770,493361537,0.058,-0.02474022761010941,601628.SH
2025-07-08,40.41,40.56,39.47,39.47,14447778,587868291,0.069,-2.326156891858444,601628.SH
2025-07-09,39.58,40.19,39.5,39.78,15010911,602026378,0.072,0.785406637952879,601628.SH
2025-07-10,39.83,41.21,39.77,40.07,34577717,1409280323,0.166,0.7290095525389617,601628.SH
2025-07-13,40.09,40.46,39.78,39.78,14401579,580439548,0.069,-0.7237334664337403,601628.SH
2025-07-14,39.77,40.16,39.38,39.7,11643049,465176139,0.056,-0.20110608345902392,601628.SH
2025-07-15,39.77,39.82,39.09,39.5,10986800,434483222,0.053,-0.5037783375314908,601628.SH
2025-07-16,39.5,39.79,39.29,39.63,10355752,412535698,0.05,0.3291139240506391,601628.SH
2025-07-17,39.63,40.33,39.61,40.0,15674523,630746623,0.075,0.9336361342417332,601628.SH
2025-07-20,39.99,40.11,39.63,39.99,11740703,471002932,0.056,-0.024999999999997247,601628.SH
2025-07-21,39.93,40.2,39.54,40.08,25213835,1012425994,0.121,0.22505626406601476,601628.SH
2025-07-22,40.19,41.35,40.09,40.82,27051393,1108439368,0.13,1.8463073852295508,601628.SH
2025-07-23,40.54,41.48,40.47,41.24,20457815,846520993,0.098,1.0289073983341446,601628.SH
2025-07-24,41.17,41.65,40.73,41.27,15055162,623972416,0.072,0.07274490785644794,601628.SH
2025-07-27,41.7,43.03,41.52,42.46,23493772,1003069721,0.113,2.8834504482674994,601628.SH
2025-07-28,42.16,42.57,41.54,41.76,16999864,716946440,0.082,-1.6486104569006232,601628.SH
2025-07-29,41.75,42.36,41.59,42.0,14518511,613971579,0.07,0.5747126436781658,601628.SH
2025-07-30,41.76,41.91,40.47,40.69,18194096,749915095,0.087,-3.1190476190476213,601628.SH
2025-07-31,40.53,41.09,40.4,40.51,10697440,437965894,0.051,-0.44236913246498144,601628.SH
2025-08-03,40.07,40.6,40.07,40.51,7730593,314228928,0.037,0.0,601628.SH
2025-08-04,40.52,41.12,40.42,41.02,8612279,353862391,0.041,1.2589484078005642,601628.SH
2025-08-05,41.02,41.46,40.83,41.29,8296600,343207875,0.04,0.6582155046318761,601628.SH
2025-08-06,41.15,41.38,40.6,40.9,9606215,395408182,0.046,-0.9445386292080471,601628.SH
2025-08-07,40.93,40.96,40.43,40.54,8257310,337336998,0.04,-0.8801955990220045,601628.SH
2025-08-10,40.44,40.74,40.13,40.25,16198204,656616871,0.078,-0.7153428712382781,601628.SH
2025-08-11,40.17,40.62,40.15,40.45,11906763,484099436,0.057,0.496894409937898,601628.SH
2025-08-12,40.55,40.86,40.03,40.18,21864257,887532378,0.105,-0.6674907292954391,601628.SH
2025-08-13,40.19,41.37,40.18,40.6,34904260,1432079685,0.168,1.0452961672474004,601628.SH
2025-08-14,40.37,42.19,39.82,42.08,39092062,1625378258,0.188,3.6453201970443327,601628.SH
2025-08-17,42.08,42.96,41.83,42.68,25632537,1094739312,0.123,1.425855513307983,601628.SH
2025-08-18,42.63,42.89,41.47,41.64,16707856,706825961,0.0802,-2.4367385192127444,601628.SH
2025-08-19,41.5,42.03,41.05,41.96,12414358,518328089,0.0596,0.7684918347742542,601628.SH
2025-08-20,41.99,42.36,41.68,41.83,15095503,638499741,0.0725,-0.30981887511917217,601628.SH
2025-08-21,41.82,42.66,41.62,42.66,19867921,841779746,0.0954,1.9842218503466347,601628.SH
2025-08-24,42.76,42.92,42.19,42.62,21481156,917425829,0.1032,-0.09376465072666873,601628.SH
2025-08-25,42.52,42.92,42.34,42.47,15556731,665940905,0.0747,-0.35194744251524357,601628.SH
2025-08-26,42.72,42.75,41.42,41.43,25084545,1056304949,0.1205,-2.448787379326578,601628.SH
2025-08-27,40.77,41.25,40.16,41.24,26298406,1078077591,0.1263,-0.4586048756939354,601628.SH
2025-08-28,41.33,43.23,41.29,41.84,33854893,1440925794,0.1626,1.4548981571290032,601628.SH
2025-08-31,41.93,42.22,40.62,40.74,27886882,1149692754,0.1339,-2.629063097514339,601628.SH
2025-09-01,40.72,41.0,40.31,40.7,17141040,700283640,0.0823,-0.09818360333824216,601628.SH
2025-09-02,40.77,40.96,39.33,39.66,21869687,877207691,0.105,-2.5552825552825675,601628.SH
2025-09-03,39.4,40.7,38.85,40.27,33829300,1352168577,0.1625,1.5380736258194805,601628.SH
2025-09-04,39.83,39.98,39.47,39.81,18089838,722380010,0.0869,-1.142289545567421,601628.SH
2025-09-07,39.69,39.87,39.33,39.46,12751784,506546077,0.0612,-0.8791760864104492,601628.SH
2025-09-08,39.34,39.66,39.2,39.49,11925544,473003262,0.0573,0.07602635580334915,601628.SH
2025-09-09,39.38,39.51,39.2,39.24,12150349,480431135,0.0583,-0.6330716637123368,601628.SH
2025-09-10,39.28,39.45,38.9,39.44,22275796,878346272,0.107,0.5096839959225274,601628.SH
2025-09-11,39.53,39.58,38.94,39.0,17834843,703603475,0.0856,-1.1156186612576002,601628.SH
2025-09-14,38.89,39.05,38.66,38.67,15229191,594904223,0.0731,-0.8461538461538409,601628.SH
2025-09-15,38.66,38.8,38.33,38.55,15524608,600921243,0.0746,-0.3103180760279378,601628.SH
2025-09-16,38.54,39.05,38.48,39.02,14438507,562920418,0.0693,1.219195849546062,601628.SH
2025-09-17,38.86,38.93,38.15,38.48,18772108,727194763,0.0901,-1.3839056893900747,601628.SH
2025-09-18,38.4,38.44,37.83,38.05,11336811,433545784,0.0544,-1.117463617463621,601628.SH
2025-09-21,37.99,38.18,37.44,37.66,11776574,446707644,0.0566,-1.0249671484888312,601628.SH
2025-09-22,37.59,37.93,37.29,37.74,11300272,427932163,0.0543,0.21242697822625445,601628.SH
2025-09-23,37.71,38.0,37.44,37.8,10734826,407591646,0.0516,0.15898251192367763,601628.SH
2025-09-24,37.78,37.96,37.49,37.79,9020604,342681907,0.0433,-0.02645502645501896,601628.SH
2025-09-25,37.59,38.44,37.54,38.26,14786749,566621036,0.071,1.2437152685895736,601628.SH
2025-09-28,38.26,39.97,38.06,39.48,36686646,1449096568,0.1762,3.188708834291676,601628.SH
2025-09-29,39.47,39.66,38.89,39.42,18882979,747790388,0.0907,-0.1519756838905706,601628.SH
2025-10-08,39.46,39.46,38.5,39.4,13213469,518367280,0.0635,-0.05073566717402889,601628.SH
2025-10-09,39.1,40.07,39.08,39.44,13019983,518839568,0.0625,0.10152284263960087,601628.SH
2025-10-12,38.85,39.25,38.61,38.95,13018363,508917327,0.0625,-1.2423935091277816,601628.SH
2025-10-13,39.13,40.03,39.13,39.76,22552665,901445049,0.1083,2.0795892169447994,601628.SH
2025-10-14,39.74,40.55,39.56,40.47,19347811,781623443,0.0929,1.7857142857142794,601628.SH
2025-10-15,41.03,42.67,41.03,42.56,59750438,2535593646,0.2869,5.164319248826299,601628.SH
2025-10-16,42.52,42.75,40.68,40.81,34293913,1424512112,0.1647,-4.111842105263152,601628.SH
2025-10-19,43.2,43.35,42.09,42.5,51494091,2194191722,0.2473,4.141141876990928,601628.SH
2025-10-20,42.47,44.24,42.13,43.99,48489142,2109348180,0.2329,3.505882352941181,601628.SH
2025-10-21,43.57,44.25,43.37,43.93,23261678,1020799882,0.1117,-0.13639463514435457,601628.SH
2025-10-22,43.87,45.0,43.68,44.47,24639815,1089580476,0.1183,1.2292283177782748,601628.SH
2025-10-23,44.2,44.55,43.83,44.38,19194046,849537325,0.0922,-0.2023836294130832,601628.SH
2025-10-26,44.3,45.42,43.6,45.06,27584398,1234233399,0.1325,1.532221721496163,601628.SH
2025-10-27,45.06,45.39,44.55,45.1,14120498,634012283,0.0678,0.08877052818463405,601628.SH
2025-10-28,44.99,45.58,44.75,45.22,17565063,792030652,0.0844,0.2660753880266098,601628.SH
2025-10-29,45.22,45.73,44.08,44.38,20602465,925999057,0.0989,-1.8575851393188736,601628.SH
2025-10-30,44.7,44.95,43.9,43.97,21869281,969667609,0.105,-0.9238395673726973,601628.SH
2025-11-02,43.99,44.15,42.8,43.08,22801112,987119712,0.1095,-2.0241073459176695,601628.SH
2025-11-03,43.23,43.8,43.0,43.43,13916265,603879625,0.0668,0.8124419684308215,601628.SH
2025-11-04,43.11,43.39,42.6,43.06,10759346,463081501,0.0517,-0.8519456596822406,601628.SH
2025-11-05,43.4,43.92,43.12,43.86,14705730,642493490,0.0706,1.8578727357176028,601628.SH
2025-11-06,43.7,43.97,43.35,43.6,10178918,444652297,0.0489,-0.5927952576379347,601628.SH
2025-11-09,43.61,44.45,43.16,44.45,13530821,595349880,0.065,1.9495412844036775,601628.SH
2025-11-10,44.38,44.38,43.21,43.73,12863401,562174943,0.0618,-1.6197975253093522,601628.SH
2025-11-11,43.99,44.8,43.6,44.6,17258765,766046340,0.0829,1.9894809055568397,601628.SH
2025-11-12,44.3,45.07,44.17,44.77,15195811,677933006,0.073,0.3811659192825223,601628.SH
2025-11-13,44.66,45.3,44.11,44.14,10482857,468844575,0.0503,-1.4071923162832345,601628.SH
2025-11-16,44.15,44.27,42.99,43.42,10991849,477118024,0.0528,-1.6311735387403714,601628.SH
2025-11-17,43.25,43.57,42.78,43.02,9650698,415781457,0.0463,-0.9212344541685846,601628.SH
2025-11-18,43.14,44.68,43.01,44.3,16699030,735351932,0.0802,2.9753602975360227,601628.SH
2025-11-19,44.22,44.96,44.03,44.4,13228320,588746872,0.0635,0.22573363431150906,601628.SH
2025-11-20,44.42,44.66,43.46,43.48,13703529,601784679,0.0658,-2.072072072072073,601628.SH
2025-11-23,43.54,44.1,42.99,43.12,12597425,548201192,0.0605,-0.8279668813247487,601628.SH
2025-11-24,43.06,44.55,43.06,43.98,11578374,508606616,0.0556,1.9944341372912788,601628.SH
2025-11-25,44.0,44.45,43.11,43.5,11156244,485030635,0.0536,-1.0914051841746208,601628.SH
2025-11-26,43.37,44.57,43.03,43.95,10812871,473915096,0.0519,1.0344827586207028,601628.SH
2025-11-27,43.93,44.0,43.26,43.52,7927983,345708684,0.0381,-0.9783845278725778,601628.SH
2025-11-30,43.54,44.02,43.1,43.69,10508936,458433261,0.0505,0.3906249999999778,601628.SH
2025-12-01,43.98,44.73,43.65,43.88,10541330,464141974,0.0506,0.4348821240558687,601628.SH
2025-12-02,43.66,43.94,43.0,43.06,10844523,470344796,0.0521,-1.8687329079307258,601628.SH
2025-12-03,43.06,43.4,42.87,43.4,7762287,335006636,0.0373,0.7895959126799745,601628.SH
2025-12-04,43.36,45.66,43.23,45.4,20567183,919436975,0.0988,4.608294930875578,601628.SH
2025-12-07,45.67,46.06,45.2,45.51,16555689,755827103,0.0795,0.24229074889867697,601628.SH
2025-12-08,45.45,45.51,44.5,44.62,11070089,496211686,0.0532,-1.955614150736107,601628.SH
2025-12-09,44.55,44.88,44.09,44.7,9632983,428525495,0.0463,0.17929179740028278,601628.SH
2025-12-10,44.7,45.27,44.25,44.99,12391800,554575734,0.0595,0.6487695749440636,601628.SH
2025-12-11,44.56,45.35,44.13,45.3,16353151,732430902,0.0785,0.6890420093353944,601628.SH
2025-12-14,44.9,46.63,44.8,46.01,21223784,977216482,0.1019,1.5673289183222971,601628.SH
2025-12-15,45.86,46.27,45.02,45.19,14661686,666619289,0.0704,-1.7822212562486395,601628.SH
2025-12-16,45.2,47.44,45.05,46.85,23922359,1110200920,0.1149,3.6733790661650945,601628.SH
2025-12-17,46.81,47.0,46.2,46.87,14850368,693482347,0.0713,0.04268943436498418,601628.SH
2025-12-18,46.6,47.15,46.05,46.5,14863422,690715685,0.0714,-0.7894175378706958,601628.SH
2025-12-21,46.66,46.77,45.82,46.36,13668349,630989496,0.0656,-0.30107526881720803,601628.SH
2025-12-22,46.37,47.38,46.2,46.53,15570298,727492715,0.0748,0.36669542709233394,601628.SH
2025-12-23,46.32,46.6,46.04,46.28,12987156,601549349,0.0624,-0.5372877713303192,601628.SH
2025-12-24,46.2,47.65,46.13,46.94,15106393,711197019,0.0725,1.4261019878997416,601628.SH
2025-12-25,46.85,47.51,46.43,46.68,13683943,640410131,0.0657,-0.5538985939497199,601628.SH
2025-12-28,46.4,47.22,46.01,46.14,13283088,616844617,0.0638,-1.1568123393316143,601628.SH
2025-12-29,46.0,46.0,45.0,45.57,16259850,739524337,0.0781,-1.2353706111833507,601628.SH
2025-12-30,45.6,45.79,45.24,45.5,9837547,447706655,0.0472,-0.1536098310291889,601628.SH
2026-01-04,46.0,48.42,45.91,48.27,28860655,1369224455,0.1386,6.087912087912084,601628.SH
2026-01-05,48.27,50.2,48.27,49.67,26641763,1316397127,0.1279,2.9003521856225456,601628.SH
2026-01-06,49.52,50.88,49.14,50.17,18997915,950266550,0.0912,1.0066438494060748,601628.SH
2026-01-07,50.0,50.0,48.25,49.0,17052285,835149103,0.0819,-2.3320709587402844,601628.SH
2026-01-08,48.99,49.5,48.23,48.81,14826646,723096898,0.0712,-0.3877551020408099,601628.SH
2026-01-11,48.73,49.98,48.22,49.44,21090131,1037989321,0.1013,1.2907191149354569,601628.SH
2026-01-12,49.4,51.92,49.25,51.03,21604373,1101131200,0.1037,3.216019417475735,601628.SH
2026-01-13,50.76,50.76,49.4,49.58,22022925,1101086564,0.1058,-2.8414658044287777,601628.SH
2026-01-14,49.11,50.04,48.6,48.83,17488492,861443510,0.084,-1.5127067365873326,601628.SH
2026-01-15,49.08,49.22,47.12,47.52,23606410,1127364648,0.1134,-2.68277698136391,601628.SH
2026-01-18,47.5,47.85,46.98,47.52,15315929,725937887,0.0736,0.0,601628.SH
2026-01-19,47.5,48.88,47.17,48.29,22096717,1063045867,0.1061,1.620370370370372,601628.SH
2026-01-20,48.29,48.75,47.71,47.92,18570896,895078275,0.0892,-0.7662041830606703,601628.SH
2026-01-21,48.2,48.74,46.81,46.9,16626344,791709595,0.0798,-2.128547579298834,601628.SH
2026-01-22,46.66,46.9,45.06,45.73,43541140,1986364625,0.2091,-2.4946695095948823,601628.SH
2026-01-25,45.74,47.7,45.5,46.93,36603868,1722499311,0.1758,2.6240979663240793,601628.SH
2026-01-26,47.0,49.4,46.84,48.5,36026388,1749130799,0.173,3.345408054549326,601628.SH
2026-01-27,48.42,49.2,47.74,48.34,26445829,1283734663,0.127,-0.329896907216487,601628.SH
2026-01-28,48.36,49.9,47.85,49.62,31762397,1558407786,0.1525,2.647910633016126,601628.SH
2026-01-29,49.41,50.7,49.0,49.72,21574882,1073300396,0.1036,0.2015316404675671,601628.SH
2026-02-01,48.96,50.07,48.01,48.34,28815301,1410279231,0.1384,-2.77554304102976,601628.SH
2026-02-02,48.56,48.99,47.52,48.31,20043186,965649075,0.0963,-0.06206040546131719,601628.SH
2026-02-03,48.24,48.97,48.06,48.7,14791119,717127001,0.071,0.8072862761333122,601628.SH
2026-02-04,48.87,49.29,47.2,47.83,16667157,796261330,0.08,-1.7864476386037054,601628.SH
2026-02-05,47.83,48.0,47.22,47.47,12968047,617283749,0.0623,-0.7526656909889184,601628.SH
2026-02-08,48.12,49.1,47.55,48.97,14591971,708880708,0.0701,3.1598904571308095,601628.SH
2026-02-09,48.8,49.38,48.28,49.17,13629249,665815343,0.0655,0.4084133142740587,601628.SH
2026-02-10,49.18,49.66,48.4,48.77,10923111,533817310,0.0525,-0.8135041692088674,601628.SH
2026-02-11,48.78,48.9,48.1,48.18,10095834,488131119,0.0485,-1.2097600984211643,601628.SH
2026-02-12,48.36,48.4,47.31,47.39,11418065,544033628,0.0548,-1.6396845163968443,601628.SH
2026-02-23,47.6,47.77,46.08,46.41,18157576,847841342,0.0872,-2.0679468242245314,601628.SH
2026-02-24,46.41,46.69,45.73,45.9,25041297,1156406903,0.1203,-1.098901098901095,601628.SH
2026-02-25,45.9,45.96,44.63,44.8,19226018,866961089,0.0923,-2.3965141612200425,601628.SH
2026-02-26,44.72,45.08,44.34,44.48,13700174,611204858,0.0658,-0.7142857142857117,601628.SH
2026-03-01,44.03,44.33,43.39,43.59,24406491,1067014500,0.1172,-2.00089928057553,601628.SH
2026-03-02,43.77,44.93,43.12,44.12,29598450,1303626363,0.1421,1.2158752007340956,601628.SH
2026-03-03,43.91,43.91,41.78,42.61,28102694,1195674710,0.135,-3.4224841341795043,601628.SH
2026-03-04,42.8,43.05,42.39,42.63,22285839,951528845,0.107,0.04693733865290817,601628.SH
2026-03-05,42.36,43.11,42.3,42.69,13237322,564901416,0.0636,0.14074595355382247,601628.SH
2026-03-08,41.97,42.36,41.21,42.2,16919124,707278919,0.0813,-1.147809791520249,601628.SH
2026-03-09,42.42,42.95,42.4,42.68,15347046,655106831,0.0737,1.1374407582938284,601628.SH
2026-03-10,42.8,42.99,42.3,42.61,12917488,550616137,0.062,-0.16401124648547372,601628.SH
2026-03-11,42.55,42.7,41.94,42.18,12945908,547131467,0.0622,-1.0091527810373147,601628.SH
2026-03-12,41.92,42.34,41.74,41.93,12909497,542678278,0.062,-0.5926979611190153,601628.SH
2026-03-15,41.9,42.5,41.49,42.11,13693676,574926192,0.0658,0.4292869067493488,601628.SH
2026-03-16,42.13,43.45,42.1,42.73,25338992,1087459330,0.1217,1.472334362384231,601628.SH
2026-03-17,42.73,43.33,42.33,43.08,17315958,742757799,0.0832,0.8190966534051158,601628.SH
2026-03-18,42.72,42.84,42.0,42.39,17826552,754512011,0.0856,-1.6016713091921986,601628.SH
2026-03-19,42.39,42.5,41.71,41.72,13639090,573686535,0.0655,-1.580561453172924,601628.SH
2026-03-22,41.42,41.42,39.19,39.42,31171483,1243788400,0.1497,-5.512943432406514,601628.SH
2026-03-23,39.81,39.88,38.82,39.29,22537413,884582249,0.1082,-0.32978183663116,601628.SH
2026-03-24,39.4,39.95,39.06,39.49,20947453,825939095,0.1006,0.5090353779587664,601628.SH
2026-03-25,39.29,39.34,37.13,37.74,44263850,1672307332,0.2126,-4.431501645986325,601628.SH
2026-03-26,37.31,37.59,36.92,37.32,24932387,929412811,0.1197,-1.112877583465821,601628.SH
2026-03-29,36.76,37.11,36.39,36.68,25881168,947114420,0.1243,-1.7148981779206873,601628.SH
2026-03-30,36.52,37.27,36.29,36.34,26100586,957809561,0.1253,-0.9269356597600753,601628.SH
2026-03-31,36.85,37.14,36.51,37.02,26723353,985937770,0.1283,1.871216290588884,601628.SH
2026-04-01,36.85,36.86,36.17,36.36,17966772,655701271,0.0863,-1.7828200972447417,601628.SH
2026-04-02,36.46,36.55,36.04,36.09,13463690,488402349,0.0647,-0.7425742574257321,601628.SH
2026-04-06,36.18,36.18,35.51,35.69,16996625,607456983,0.0816,-1.1083402604599724,601628.SH
2026-04-07,36.3,37.96,36.28,37.7,37762008,1405467627,0.1813,5.631829644158048,601628.SH
2026-04-08,37.4,37.4,36.85,36.95,14249285,527308668,0.0684,-1.9893899204244003,601628.SH
2026-04-09,37.18,38.28,37.16,37.77,27623163,1046906844,0.1327,2.2192151556156947,601628.SH
2026-04-12,37.3,37.7,37.11,37.52,11749290,439886775,0.0564,-0.6619009796134501,601628.SH
2026-04-13,37.81,37.96,37.31,37.77,15149917,569848764,0.0728,0.6663113006396548,601628.SH
2026-04-14,38.05,38.31,37.61,37.7,16483415,624972637,0.0792,-0.1853322742917718,601628.SH
2026-04-15,37.85,38.07,37.59,37.87,18475068,698342163,0.0887,0.45092838196285623,601628.SH
2026-04-16,37.78,37.8,37.34,37.52,16055948,602255552,0.0771,-0.9242144177449063,601628.SH
2026-04-19,37.52,37.71,37.35,37.63,13684082,513537341,0.0657,0.29317697228143924,601628.SH
2026-04-20,37.67,38.07,37.23,37.35,14283526,535573078,0.0686,-0.7440871644964209,601628.SH
2026-04-21,37.21,37.72,36.93,37.08,20562343,765412428,0.0987,-0.7228915662650715,601628.SH
2026-04-22,37.1,37.48,36.66,36.88,14908646,551490238,0.0716,-0.5393743257820827,601628.SH
2026-04-23,36.7,36.88,36.1,36.78,16448252,600045499,0.079,-0.27114967462039674,601628.SH
2026-04-26,36.7,36.94,36.54,36.67,13825820,507444531,0.0664,-0.29907558455681826,601628.SH
2026-04-27,36.67,37.06,36.37,36.63,15554852,570671361,0.0747,-0.10908099263703397,601628.SH
2026-04-28,36.6,37.15,36.5,36.64,33850861,1242753482,0.1626,0.027300027300025675,601628.SH
2026-04-29,36.79,38.71,36.62,36.67,73079729,2733529220,0.3509,0.08187772925765113,601628.SH
2026-05-05,36.99,37.3,36.5,36.66,49733199,1828587799,0.2388,-0.02727024815927237,601628.SH
2026-05-06,36.79,37.76,36.67,37.44,66648138,2482744437,0.3201,2.1276595744680993,601628.SH
2026-05-07,37.3,37.54,36.92,37.31,33481680,1248262528,0.1608,-0.3472222222222099,601628.SH
2026-05-10,37.25,38.6,37.05,37.95,76693434,2902877234,0.3683,1.715357812918783,601628.SH
2026-05-11,37.95,38.06,37.41,37.56,32624063,1230644858,0.1567,-1.0276679841897285,601628.SH
2026-05-12,37.56,37.56,35.98,36.48,59116103,2156182344,0.2839,-2.8753993610223794,601628.SH
2026-05-13,36.28,36.61,35.8,35.99,31571496,1143232887,0.1516,-1.3432017543859476,601628.SH
2026-05-14,35.98,36.25,35.12,35.36,30459127,1085146475,0.1463,-1.7504862461795057,601628.SH
2026-05-17,35.02,35.03,34.53,34.75,23881049,828436159,0.1147,-1.7251131221719396,601628.SH
2026-05-18,34.79,34.99,34.34,34.71,19890390,689102386,0.0955,-0.11510791366906581,601628.SH
2026-05-19,34.61,34.8,34.32,34.54,17695822,610930805,0.085,-0.48977239988476917,601628.SH
2026-05-20,34.72,35.34,34.0,34.05,38883694,1349457265,0.1867,-1.4186450492183034,601628.SH
2026-05-21,34.02,34.21,33.63,33.82,22259516,752911308,0.1069,-0.6754772393538833,601628.SH
2026-05-24,33.85,34.5,33.67,33.83,26773758,908102312,0.1286,0.029568302779403588,601628.SH
2026-05-25,33.8,34.5,33.48,33.8,48346381,1639872826,0.2322,-0.0886786875554324,601628.SH
2026-05-26,33.6,33.99,33.17,33.46,34424508,1154193332,0.1653,-1.0059171597633032,601628.SH
2026-05-27,33.42,33.57,32.84,33.39,34963534,1162486157,0.1679,-0.20920502092049986,601628.SH
2026-05-28,33.29,34.07,33.29,33.83,42150539,1419546997,0.2024,1.3177598083258468,601628.SH
2026-05-31,33.7,33.92,33.05,33.58,24762195,829657145,0.1189,-0.7389890629618701,601628.SH
2026-06-01,33.45,33.65,33.06,33.24,23351941,778378789,0.1121,-1.0125074449076732,601628.SH
2026-06-02,33.25,33.5,32.78,32.88,22596228,746062643,0.1085,-1.0830324909747224,601628.SH
2026-06-03,32.7,33.11,32.32,32.49,20719788,676742053,0.0995,-1.186131386861311,601628.SH
2026-06-04,32.7,34.19,32.66,32.82,61412958,2046627811,0.2949,1.0156971375807844,601628.SH
2026-06-07,33.01,33.5,32.7,33.0,39460540,1306116813,0.1895,0.5484460694698434,601628.SH
2026-06-08,32.82,33.25,32.8,33.14,21572492,711718664,0.1036,0.42424242424241587,601628.SH
2026-06-09,32.99,34.76,32.95,34.63,67478761,2307707874,0.3241,4.496077248038621,601628.SH
2026-06-10,34.55,35.65,34.05,34.33,44897894,1557627724,0.2156,-0.8663008951776074,601628.SH
2026-06-11,34.0,35.97,33.84,35.81,81310580,2881117234,0.3905,4.311098164870386,601628.SH
2026-06-14,35.93,37.07,35.75,36.53,63363977,2309312797,0.3043,2.010611561016473,601628.SH
2026-06-15,36.21,36.74,35.5,36.06,37575962,1357144264,0.1804,-1.2866137421297497,601628.SH
2026-06-16,36.16,36.36,35.5,35.81,27396583,983466363,0.1316,-0.693288962839711,601628.SH
2026-06-17,35.77,35.86,33.58,33.7,56679630,1950193949,0.2722,-5.892208880201055,601628.SH
2026-06-21,33.31,36.86,33.1,36.44,87223319,3092284321,0.4189,8.130563798219569,601628.SH
2026-06-22,36.08,37.16,35.89,36.18,53786520,1962707927,0.2583,-0.7135016465422583,601628.SH
2026-06-23,36.25,36.51,35.18,35.85,39022166,1396957665,0.1874,-0.9121061359867233,601628.SH
2026-06-24,35.5,37.87,35.27,36.89,58784882,2166636417,0.2823,2.9009762900976233,601628.SH
2026-06-25,36.61,37.09,35.0,35.04,40409392,1448938832,0.1941,-5.014909189482253,601628.SH
