date,open,high,low,close,volume,amount,turn,pct_change,windcode
2020-01-01,4.38,4.56,4.37,4.53,545040391,3185039569,1.32,,601668.SH
2020-01-02,4.57,4.63,4.53,4.59,346599868,2074279288,0.84,1.3245033112582627,601668.SH
2020-01-05,4.56,4.75,4.56,4.67,361281620,2207252883,0.88,1.7429193899782147,601668.SH
2020-01-06,4.68,4.72,4.59,4.62,205106668,1237510902,0.5,-1.0706638115631661,601668.SH
2020-01-07,4.6,4.65,4.53,4.55,200258600,1196372870,0.49,-1.515151515151525,601668.SH
2020-01-08,4.6,4.62,4.54,4.59,166935729,995935078,0.41,0.879120879120876,601668.SH
2020-01-09,4.61,4.62,4.49,4.52,186120203,1098477773,0.45,-1.5250544662309462,601668.SH
2020-01-12,4.53,4.59,4.49,4.56,154882074,915531201,0.38,0.8849557522123908,601668.SH
2020-01-13,4.58,4.62,4.56,4.56,139472425,833974522,0.34,0.0,601668.SH
2020-01-14,4.56,4.57,4.45,4.47,151367501,884778106,0.37,-1.9736842105263164,601668.SH
2020-01-15,4.49,4.49,4.42,4.45,123696581,717595947,0.3,-0.4474272930648726,601668.SH
2020-01-16,4.45,4.49,4.42,4.45,94310264,547201362,0.23,0.0,601668.SH
2020-01-19,4.45,4.47,4.42,4.46,128166868,741959214,0.31,0.22471910112358273,601668.SH
2020-01-20,4.43,4.44,4.33,4.33,188922008,1075273348,0.46,-2.914798206278024,601668.SH
2020-01-21,4.32,4.36,4.27,4.34,152055266,856394051,0.37,0.2309468822170757,601668.SH
2020-01-22,4.29,4.32,4.15,4.19,241172602,1329615990,0.59,-3.4562211981566726,601668.SH
2020-02-02,3.78,3.9,3.78,3.83,454639861,2265700670,1.11,-8.591885441527458,601668.SH
2020-02-03,3.83,4.0,3.83,3.99,292723187,1507270126,0.71,4.177545691906004,601668.SH
2020-02-04,4.01,4.06,3.96,3.99,170036188,889006763,0.41,0.0,601668.SH
2020-02-05,4.0,4.12,3.96,4.08,205407514,1081197944,0.5,2.2556390977443552,601668.SH
2020-02-06,4.03,4.06,4.01,4.04,131047460,688549544,0.32,-0.9803921568627416,601668.SH
2020-02-09,4.01,4.12,3.99,4.09,148512106,787895880,0.36,1.2376237623762387,601668.SH
2020-02-10,4.1,4.18,4.08,4.13,145654986,786511564,0.35,0.9779951100244544,601668.SH
2020-02-11,4.13,4.16,4.11,4.14,101779518,549285952,0.25,0.2421307506053294,601668.SH
2020-02-12,4.16,4.25,4.13,4.15,176548822,962242212,0.43,0.24154589371983004,601668.SH
2020-02-13,4.12,4.22,4.12,4.22,191952048,1042647562,0.47,1.6867469879517927,601668.SH
2020-02-16,4.22,4.25,4.19,4.25,216942787,1193298675,0.53,0.7109004739336511,601668.SH
2020-02-17,4.23,4.23,4.15,4.16,222431518,1212135422,0.54,-2.117647058823524,601668.SH
2020-02-18,4.15,4.19,4.12,4.13,203165363,1099305308,0.49,-0.7211538461538547,601668.SH
2020-02-19,4.14,4.17,4.07,4.16,264955416,1422540587,0.64,0.7263922518159882,601668.SH
2020-02-20,4.16,4.18,4.12,4.13,236975540,1278881274,0.57,-0.7211538461538547,601668.SH
2020-02-23,4.13,4.13,4.05,4.06,267135022,1420052705,0.65,-1.6949152542372947,601668.SH
2020-02-24,3.99,4.03,3.96,4.01,261763102,1365285817,0.63,-1.231527093596052,601668.SH
2020-02-25,3.96,4.23,3.95,4.18,662725343,3589587334,1.61,4.239401496259343,601668.SH
2020-02-26,4.18,4.21,4.1,4.13,364294372,1968384239,0.88,-1.1961722488038284,601668.SH
2020-02-27,4.06,4.21,4.05,4.12,464876984,2511828927,1.13,-0.2421307506053183,601668.SH
2020-03-01,4.16,4.49,4.14,4.47,767166923,4373987867,1.86,8.495145631067945,601668.SH
2020-03-02,4.59,4.62,4.34,4.42,602239453,3484078322,1.46,-1.118568232662187,601668.SH
2020-03-03,4.39,4.52,4.36,4.47,387394163,2250478318,0.94,1.1312217194570096,601668.SH
2020-03-04,4.48,4.49,4.41,4.46,327057666,1898483648,0.79,-0.22371364653243075,601668.SH
2020-03-05,4.42,4.45,4.33,4.36,253888131,1446585799,0.62,-2.2421524663677084,601668.SH
2020-03-08,4.28,4.29,4.19,4.2,333559052,1839590491,0.81,-3.669724770642202,601668.SH
2020-03-09,4.18,4.31,4.18,4.29,287214557,1595402612,0.7,2.1428571428571352,601668.SH
2020-03-10,4.31,4.31,4.22,4.22,196637207,1091490910,0.48,-1.631701631701643,601668.SH
2020-03-11,4.18,4.22,4.11,4.12,256319489,1386960987,0.62,-2.369668246445489,601668.SH
2020-03-12,3.96,4.16,3.93,4.1,303345127,1596404107,0.74,-0.4854368932038944,601668.SH
2020-03-15,4.12,4.22,4.03,4.03,260383878,1400003302,0.63,-1.7073170731707221,601668.SH
2020-03-16,4.07,4.13,3.95,4.03,197494404,1035847920,0.48,0.0,601668.SH
2020-03-17,4.05,4.1,3.95,3.95,196227016,1028949018,0.48,-1.985111662531014,601668.SH
2020-03-18,3.95,3.99,3.82,3.89,245923695,1246684272,0.6,-1.518987341772149,601668.SH
2020-03-19,3.92,4.03,3.92,4.0,196758082,1018176846,0.48,2.8277634961439535,601668.SH
2020-03-22,3.9,3.98,3.89,3.92,129137248,662690205,0.31,-2.0000000000000018,601668.SH
2020-03-23,3.99,4.01,3.9,3.96,177233535,914279963,0.43,1.0204081632652962,601668.SH
2020-03-24,4.04,4.08,3.99,4.04,192585566,1012082157,0.47,2.020202020202011,601668.SH
2020-03-25,4.01,4.02,3.96,3.98,110846209,576965597,0.27,-1.4851485148514865,601668.SH
2020-03-26,4.03,4.16,3.99,4.09,273511448,1460058161,0.66,2.7638190954773822,601668.SH
2020-03-29,4.05,4.13,4.04,4.11,166019837,887521320,0.4,0.4889975550122383,601668.SH
2020-03-30,4.13,4.14,4.02,4.04,152334846,808057713,0.37,-1.7031630170316392,601668.SH
2020-03-31,4.02,4.09,3.99,3.99,103834032,546990649,0.25,-1.2376237623762387,601668.SH
2020-04-01,3.99,4.05,3.97,4.05,83688984,437575458,0.2,1.5037593984962294,601668.SH
2020-04-02,4.03,4.05,4.0,4.02,75928156,398487906,0.18,-0.7407407407407418,601668.SH
2020-04-06,4.07,4.12,4.05,4.1,159832503,851071470,0.39,1.990049751243772,601668.SH
2020-04-07,4.08,4.1,4.06,4.07,95660517,508596540,0.23,-0.7317073170731603,601668.SH
2020-04-08,4.09,4.09,4.05,4.06,80753723,428286182,0.2,-0.24570024570026439,601668.SH
2020-04-09,4.06,4.08,4.02,4.03,92350176,487028353,0.22,-0.7389162561576179,601668.SH
2020-04-12,4.0,4.03,3.99,4.0,62385265,326037170,0.15,-0.7444168734491385,601668.SH
2020-04-13,4.0,4.05,3.99,4.05,101959064,535519642,0.25,1.2499999999999956,601668.SH
2020-04-14,4.06,4.06,4.01,4.01,67701731,355241276,0.16,-0.987654320987652,601668.SH
2020-04-15,4.0,4.03,3.99,3.99,70389890,367371539,0.17,-0.4987531172069737,601668.SH
2020-04-16,4.02,4.08,4.0,4.04,179325322,945817165,0.43,1.2531328320801949,601668.SH
2020-04-19,4.06,4.09,4.01,4.03,155712428,822784124,0.38,-0.24752475247524774,601668.SH
2020-04-20,4.01,4.04,3.96,3.99,125636674,653725653,0.3,-0.992555831265507,601668.SH
2020-04-21,3.97,3.99,3.95,3.99,86647813,448416204,0.21,0.0,601668.SH
2020-04-22,3.99,4.0,3.93,3.94,117419591,606558797,0.28,-1.253132832080206,601668.SH
2020-04-23,3.94,3.95,3.9,3.92,90174919,460973937,0.22,-0.5076142131979711,601668.SH
2020-04-26,3.93,3.97,3.93,3.94,110634856,570876547,0.27,0.5102040816326481,601668.SH
2020-04-27,3.93,3.96,3.86,3.95,162701316,832786158,0.39,0.2538071065989911,601668.SH
2020-04-28,3.94,4.01,3.93,3.97,142890202,739704982,0.35,0.5063291139240533,601668.SH
2020-04-29,3.97,4.03,3.97,4.02,157068931,820446910,0.38,1.2594458438287104,601668.SH
2020-05-05,3.98,4.09,3.98,4.02,216087037,1132487502,0.52,0.0,601668.SH
2020-05-06,3.99,4.01,3.96,3.97,145757919,756385505,0.35,-1.243781094527352,601668.SH
2020-05-07,3.98,4.0,3.96,3.98,149558757,776802045,0.36,0.25188916876572875,601668.SH
2020-05-10,3.99,4.04,3.99,4.01,196178257,1026488441,0.48,0.7537688442210921,601668.SH
2020-05-11,4.01,4.01,3.95,3.96,138748635,718680504,0.34,-1.2468827930174564,601668.SH
2020-05-12,3.95,3.96,3.94,3.96,102284832,527091927,0.25,0.0,601668.SH
2020-05-13,3.95,3.96,3.9,3.9,148055741,756961893,0.36,-1.5151515151515138,601668.SH
2020-05-14,3.92,3.93,3.9,3.91,83583335,427392057,0.2,0.2564102564102555,601668.SH
2020-05-17,3.94,3.96,3.92,3.92,98571022,506161953,0.24,0.2557544757033181,601668.SH
2020-05-18,3.96,3.96,3.92,3.93,117146895,601269468,0.28,0.25510204081633514,601668.SH
2020-05-19,3.93,3.93,3.9,3.91,97243326,495498722,0.24,-0.5089058524173073,601668.SH
2020-05-20,3.93,3.93,3.87,3.87,95051316,482120463,0.23,-1.0230179028132946,601668.SH
2020-05-21,3.88,3.89,3.84,3.84,117334450,590841965,0.28,-0.7751937984496138,601668.SH
2020-05-24,3.86,3.86,3.83,3.84,80797898,404945107,0.2,0.0,601668.SH
2020-05-25,3.85,3.86,3.82,3.84,99483426,498008646,0.24,0.0,601668.SH
2020-05-26,3.83,3.86,3.82,3.84,94636744,473249650,0.23,0.0,601668.SH
2020-05-27,3.83,3.88,3.83,3.84,91993031,461744886,0.22,0.0,601668.SH
2020-05-28,3.83,3.84,3.81,3.83,102972058,513548662,0.25,-0.26041666666666297,601668.SH
2020-05-31,3.83,3.88,3.83,3.88,144466042,727634242,0.35,1.305483028720622,601668.SH
2020-06-01,3.87,3.94,3.86,3.93,161752288,825055262,0.39,1.2886597938144506,601668.SH
2020-06-02,3.94,3.95,3.88,3.89,155713556,793844222,0.38,-1.0178117048346036,601668.SH
2020-06-03,3.9,3.9,3.86,3.86,95360743,481083194,0.23,-0.7712082262210873,601668.SH
2020-06-04,3.87,3.88,3.85,3.86,58001254,291992861,0.14,0.0,601668.SH
2020-06-07,3.87,3.91,3.86,3.88,110261449,558867328,0.27,0.5181347150259086,601668.SH
2020-06-08,3.89,3.92,3.87,3.9,94905745,482366571,0.23,0.5154639175257714,601668.SH
2020-06-09,3.9,3.9,3.86,3.86,88043523,444491373,0.21,-1.025641025641022,601668.SH
2020-06-10,3.86,3.87,3.83,3.84,115698647,580783414,0.28,-0.5181347150259086,601668.SH
2020-06-11,3.82,3.85,3.8,3.84,118205274,590833882,0.29,0.0,601668.SH
2020-06-14,3.83,3.84,3.81,3.81,107756320,537451964,0.26,-0.78125,601668.SH
2020-06-15,3.83,3.87,3.83,3.86,121179735,608584592,0.29,1.3123359580052396,601668.SH
2020-06-16,3.86,3.89,3.84,3.86,93213240,469614161,0.23,0.0,601668.SH
2020-06-17,3.87,3.93,3.86,3.9,171493802,872267951,0.42,1.0362694300518172,601668.SH
2020-06-18,3.9,3.93,3.9,3.92,156916544,800542297,0.38,0.512820512820511,601668.SH
2020-06-21,3.9,3.9,3.83,3.83,311402229,1566921267,0.75,-2.2959183673469385,601668.SH
2020-06-22,3.84,3.86,3.83,3.83,143608083,718921298,0.35,0.0,601668.SH
2020-06-23,3.86,3.88,3.83,3.85,147848653,716802404,0.36,0.5221932114882533,601668.SH
2020-06-28,3.84,3.84,3.79,3.79,171740411,821533940,0.42,-1.558441558441559,601668.SH
2020-06-29,3.81,3.82,3.79,3.79,132504464,633344479,0.32,0.0,601668.SH
2020-06-30,3.8,3.92,3.79,3.89,319618173,1554198955,0.77,2.638522427440626,601668.SH
2020-07-01,3.87,3.98,3.87,3.96,376021000,1860591574,0.91,1.799485861182526,601668.SH
2020-07-02,4.0,4.07,3.98,4.04,414207647,2096561539,1.0,2.020202020202011,601668.SH
2020-07-05,4.14,4.37,4.12,4.36,901373202,4811375810,2.18,7.920792079207928,601668.SH
2020-07-06,4.46,4.53,4.29,4.3,638196311,3507628179,1.55,-1.3761467889908396,601668.SH
2020-07-07,4.28,4.37,4.25,4.34,471102514,2554111758,1.14,0.9302325581395321,601668.SH
2020-07-08,4.36,4.37,4.29,4.36,388020721,2112436664,0.94,0.4608294930875667,601668.SH
2020-07-09,4.33,4.36,4.18,4.19,381682051,2048383952,0.93,-3.8990825688073327,601668.SH
2020-07-12,4.2,4.3,4.16,4.25,370181693,1971305190,0.9,1.4319809069212264,601668.SH
2020-07-13,4.24,4.3,4.18,4.2,308049484,1639938695,0.75,-1.17647058823529,601668.SH
2020-07-14,4.22,4.25,4.1,4.11,289247578,1510836008,0.7,-2.1428571428571352,601668.SH
2020-07-15,4.12,4.17,4.01,4.02,348798740,1791857260,0.85,-2.1897810218978297,601668.SH
2020-07-16,4.03,4.06,4.0,4.02,222159655,1123593904,0.54,0.0,601668.SH
2020-07-19,4.03,4.17,4.02,4.15,283589685,1468628190,0.69,3.2338308457711573,601668.SH
2020-07-20,4.18,4.22,4.15,4.15,223539079,1173786638,0.54,0.0,601668.SH
2020-07-21,4.15,4.2,4.1,4.12,206594504,1077552189,0.5,-0.7228915662650715,601668.SH
2020-07-22,4.09,4.14,4.02,4.13,281254578,1440715607,0.68,0.24271844660193054,601668.SH
2020-07-23,4.1,4.14,4.02,4.02,225897903,1153372634,0.55,-2.6634382566586012,601668.SH
2020-07-26,4.03,4.06,3.98,4.0,134543127,677966356,0.33,-0.4975124378109319,601668.SH
2020-07-27,4.02,4.03,3.98,4.0,144493363,726925824,0.35,0.0,601668.SH
2020-07-28,4.0,4.04,3.98,4.04,171758681,867839861,0.42,1.0000000000000009,601668.SH
2020-07-29,4.04,4.06,4.01,4.01,120725793,612208033,0.29,-0.7425742574257432,601668.SH
2020-07-30,4.02,4.05,3.98,4.0,161131448,811513476,0.39,-0.24937655860348684,601668.SH
2020-08-02,4.01,4.04,4.0,4.04,184096235,931586873,0.45,1.0000000000000009,601668.SH
2020-08-03,4.04,4.11,4.02,4.09,261761502,1339669057,0.63,1.2376237623762387,601668.SH
2020-08-04,4.07,4.08,4.02,4.03,166657708,845464914,0.4,-1.4669926650366705,601668.SH
2020-08-05,4.03,4.06,3.98,4.02,170629455,861141371,0.41,-0.24813895781639062,601668.SH
2020-08-06,4.02,4.07,4.0,4.06,253407168,1287483924,0.61,0.995024875621886,601668.SH
2020-08-09,4.06,4.18,4.06,4.15,411930336,2142145303,1.0,2.2167487684729315,601668.SH
2020-08-10,4.15,4.18,4.07,4.09,250826675,1305607876,0.61,-1.4457831325301318,601668.SH
2020-08-11,4.06,4.24,4.06,4.23,548569330,2893764537,1.33,3.4229828850855792,601668.SH
2020-08-12,4.24,4.26,4.18,4.21,194851478,1030574734,0.47,-0.47281323877069736,601668.SH
2020-08-13,4.22,4.22,4.15,4.22,202213599,1066955511,0.49,0.23752969121140222,601668.SH
2020-08-16,4.24,4.28,4.19,4.26,299133551,1597890336,0.73,0.9478672985782088,601668.SH
2020-08-17,4.26,4.26,4.18,4.19,196164129,1036981967,0.48,-1.6431924882629012,601668.SH
2020-08-18,4.19,4.21,4.14,4.16,224808178,1181811301,0.54,-0.7159904534606243,601668.SH
2020-08-19,4.16,4.17,4.1,4.11,159832471,828921026,0.39,-1.2019230769230727,601668.SH
2020-08-20,4.14,4.14,4.1,4.12,105563496,546772843,0.26,0.24330900243307862,601668.SH
2020-08-23,4.14,4.16,4.1,4.11,164673450,854341283,0.4,-0.24271844660194164,601668.SH
2020-08-24,4.13,4.13,4.09,4.1,103489201,534367167,0.25,-0.24330900243311193,601668.SH
2020-08-25,4.1,4.1,4.05,4.06,121741220,623236553,0.3,-0.9756097560975618,601668.SH
2020-08-26,4.06,4.07,4.02,4.06,103253083,525647092,0.25,0.0,601668.SH
2020-08-27,4.07,4.14,4.06,4.14,201510477,1041095472,0.49,1.9704433497536922,601668.SH
2020-08-30,4.15,4.18,4.08,4.09,193133203,1003700427,0.47,-1.207729468599028,601668.SH
2020-08-31,4.09,4.12,4.07,4.1,122114159,629563459,0.3,0.24449877750609694,601668.SH
2020-09-01,4.1,4.11,4.04,4.06,209964972,1073139048,0.51,-0.9756097560975618,601668.SH
2020-09-02,4.07,4.09,4.02,4.03,214277363,1089431430,0.52,-0.7389162561576179,601668.SH
2020-09-03,4.02,4.03,4.0,4.02,158077661,798143616,0.38,-0.24813895781639062,601668.SH
2020-09-06,4.02,4.06,3.98,3.98,241967573,1221561529,0.59,-0.995024875621886,601668.SH
2020-09-07,4.0,4.07,3.98,4.06,192411381,976804371,0.47,2.010050251256268,601668.SH
2020-09-08,4.04,4.07,4.0,4.01,183429626,929780248,0.44,-1.231527093596052,601668.SH
2020-09-09,4.03,4.06,3.98,4.0,208656000,1053772651,0.51,-0.24937655860348684,601668.SH
2020-09-10,4.0,4.01,3.98,3.99,113191510,568292942,0.27,-0.24999999999999467,601668.SH
2020-09-13,4.01,4.01,3.98,4.0,97152035,488234770,0.24,0.25062656641603454,601668.SH
2020-09-14,4.0,4.03,4.0,4.02,120449980,608504237,0.29,0.49999999999998934,601668.SH
2020-09-15,4.02,4.06,4.0,4.04,116371864,589594786,0.28,0.4975124378109541,601668.SH
2020-09-16,4.03,4.05,4.02,4.02,97527946,494183350,0.24,-0.4950495049505066,601668.SH
2020-09-17,4.06,4.17,4.06,4.17,596058784,3098670572,1.44,3.731343283582089,601668.SH
2020-09-20,4.17,4.2,4.14,4.17,359625326,1886510143,0.87,0.0,601668.SH
2020-09-21,4.15,4.18,4.1,4.12,217482065,1132262064,0.53,-1.1990407673860837,601668.SH
2020-09-22,4.13,4.14,4.06,4.09,167202814,860139979,0.41,-0.728155339805836,601668.SH
2020-09-23,4.07,4.07,4.02,4.03,162491828,824760383,0.39,-1.4669926650366705,601668.SH
2020-09-24,4.04,4.05,4.02,4.05,114961323,583595984,0.28,0.4962779156327368,601668.SH
2020-09-27,4.04,4.06,4.02,4.04,107279060,544747966,0.26,-0.24691358024691024,601668.SH
2020-09-28,4.04,4.05,4.02,4.02,118408530,600188608,0.29,-0.4950495049505066,601668.SH
2020-09-29,4.02,4.06,4.01,4.04,150056223,760467653,0.36,0.4975124378109541,601668.SH
2020-10-08,4.06,4.09,4.04,4.06,139792604,714192660,0.34,0.4950495049504955,601668.SH
2020-10-11,4.06,4.11,4.04,4.1,317784734,1631727813,0.77,0.9852216748768461,601668.SH
2020-10-12,4.08,4.09,4.05,4.06,147540267,753207582,0.36,-0.9756097560975618,601668.SH
2020-10-13,4.06,4.08,4.04,4.06,165226529,843329939,0.4,0.0,601668.SH
2020-10-14,4.06,4.08,4.05,4.07,183879783,940876672,0.45,0.24630541871923928,601668.SH
2020-10-15,4.06,4.09,4.06,4.07,168557840,862483840,0.41,0.0,601668.SH
2020-10-18,4.07,4.14,4.05,4.06,282001762,1451746230,0.68,-0.24570024570026439,601668.SH
2020-10-19,4.06,4.06,4.02,4.03,181891176,922371610,0.44,-0.7389162561576179,601668.SH
2020-10-20,4.03,4.06,3.99,4.05,195316111,987012705,0.47,0.4962779156327368,601668.SH
2020-10-21,4.03,4.05,4.01,4.02,116624440,590076815,0.28,-0.7407407407407418,601668.SH
2020-10-22,4.04,4.08,4.02,4.06,284560505,1452954800,0.69,0.995024875621886,601668.SH
2020-10-25,4.21,4.26,4.12,4.15,722199045,3788791992,1.75,2.2167487684729315,601668.SH
2020-10-26,4.14,4.22,4.1,4.12,445627336,2320999487,1.08,-0.7228915662650715,601668.SH
2020-10-27,4.11,4.12,4.06,4.1,370443923,1904419967,0.9,-0.4854368932038944,601668.SH
2020-10-28,4.08,4.13,4.06,4.07,319503495,1642074458,0.77,-0.7317073170731603,601668.SH
2020-10-29,4.07,4.12,4.06,4.06,405230404,2077953819,0.98,-0.24570024570026439,601668.SH
2020-11-01,4.07,4.09,4.05,4.06,311844083,1593876420,0.76,0.0,601668.SH
2020-11-02,4.06,4.11,4.06,4.1,447738035,2300451292,1.09,0.9852216748768461,601668.SH
2020-11-03,4.1,4.17,4.09,4.16,323490733,1681241713,0.78,1.4634146341463428,601668.SH
2020-11-04,4.17,4.19,4.14,4.19,321731845,1688405335,0.78,0.7211538461538547,601668.SH
2020-11-05,4.19,4.29,4.18,4.27,464654237,2479166602,1.13,1.909307875894961,601668.SH
2020-11-08,4.3,4.33,4.19,4.22,533441608,2848270299,1.29,-1.1709601873536313,601668.SH
2020-11-09,4.22,4.27,4.18,4.19,289972402,1539428077,0.7,-0.7109004739336289,601668.SH
2020-11-10,4.18,4.32,4.17,4.27,417551170,2236854240,1.01,1.909307875894961,601668.SH
2020-11-11,4.26,4.3,4.2,4.22,232935882,1242488644,0.56,-1.1709601873536313,601668.SH
2020-11-12,4.21,4.21,4.15,4.18,238334956,1250761691,0.58,-0.9478672985781977,601668.SH
2020-11-15,4.2,4.23,4.16,4.21,223481788,1178911069,0.54,0.7177033492822948,601668.SH
2020-11-16,4.21,4.26,4.19,4.23,252920368,1345544545,0.61,0.47505938242280443,601668.SH
2020-11-17,4.22,4.28,4.2,4.22,289959610,1545687394,0.7,-0.23640661938535423,601668.SH
2020-11-18,4.22,4.26,4.21,4.22,199041954,1059083378,0.48,0.0,601668.SH
2020-11-19,4.22,4.26,4.18,4.24,279885225,1484405360,0.68,0.4739336492891155,601668.SH
2020-11-22,4.24,4.33,4.23,4.31,371638897,2006392542,0.9,1.6509433962264008,601668.SH
2020-11-23,4.31,4.34,4.29,4.33,241394952,1311019163,0.59,0.46403712296985145,601668.SH
2020-11-24,4.34,4.4,4.27,4.27,363851459,1984157334,0.88,-1.3856812933025542,601668.SH
2020-11-25,4.28,4.3,4.24,4.3,233471220,1253744526,0.57,0.7025761124121788,601668.SH
2020-11-26,4.3,4.37,4.28,4.37,287212784,1564305577,0.7,1.6279069767441978,601668.SH
2020-11-29,4.41,4.46,4.32,4.32,483821059,2678787506,1.17,-1.1441647597253968,601668.SH
2020-11-30,4.33,4.39,4.3,4.38,254199386,1390842940,0.62,1.388888888888884,601668.SH
2020-12-01,4.37,4.41,4.34,4.37,221438831,1217289014,0.54,-0.22831050228310223,601668.SH
2020-12-02,4.37,4.37,4.27,4.28,321647649,1739772305,0.78,-2.059496567505714,601668.SH
2020-12-03,4.29,4.3,4.21,4.22,214674324,1142067851,0.52,-1.4018691588785215,601668.SH
2020-12-06,4.22,4.22,4.14,4.14,291695867,1526363673,0.71,-1.8957345971563955,601668.SH
2020-12-07,4.14,4.16,4.1,4.11,234703086,1216849173,0.57,-0.7246376811594013,601668.SH
2020-12-08,4.12,4.14,4.09,4.1,153074123,791250278,0.37,-0.24330900243311193,601668.SH
2020-12-09,4.09,4.11,4.07,4.09,145691736,749588310,0.35,-0.24390243902439046,601668.SH
2020-12-10,4.09,4.1,4.05,4.06,208687851,1066628469,0.51,-0.7334963325183463,601668.SH
2020-12-13,4.06,4.08,4.04,4.05,170999151,871902277,0.41,-0.24630541871920597,601668.SH
2020-12-14,4.04,4.05,4.02,4.04,213044880,1079167393,0.52,-0.24691358024691024,601668.SH
2020-12-15,4.03,4.07,4.02,4.06,136540227,694820172,0.33,0.4950495049504955,601668.SH
2020-12-16,4.06,4.08,4.02,4.07,127223168,647952883,0.31,0.24630541871923928,601668.SH
2020-12-17,4.06,4.14,4.05,4.09,180607782,928056012,0.44,0.49140049140048436,601668.SH
2020-12-20,4.06,4.07,4.02,4.03,222646983,1130741812,0.54,-1.4669926650366705,601668.SH
2020-12-21,4.03,4.04,3.98,3.99,262296119,1322619814,0.64,-0.992555831265507,601668.SH
2020-12-22,3.99,4.01,3.97,3.98,181010766,907137305,0.44,-0.25062656641604564,601668.SH
2020-12-23,3.98,4.0,3.95,3.95,148169763,740244677,0.36,-0.7537688442211032,601668.SH
2020-12-24,3.96,3.98,3.93,3.98,160659199,798155269,0.39,0.75949367088608,601668.SH
2020-12-27,3.98,3.98,3.9,3.94,183114598,906112539,0.44,-1.005025125628145,601668.SH
2020-12-28,3.95,3.96,3.93,3.94,106505693,528429413,0.26,0.0,601668.SH
2020-12-29,3.94,3.95,3.91,3.93,145109047,717336589,0.35,-0.25380710659898,601668.SH
2020-12-30,3.93,3.96,3.92,3.95,211125607,1045414021,0.51,0.5089058524172962,601668.SH
2021-01-03,3.93,3.94,3.89,3.91,299413060,1470331869,0.73,-1.0126582278481067,601668.SH
2021-01-04,3.9,3.93,3.83,3.88,346162041,1684969919,0.84,-0.7672634271099765,601668.SH
2021-01-05,3.87,3.98,3.86,3.94,405250106,2003857823,0.98,1.546391752577314,601668.SH
2021-01-06,3.95,3.99,3.87,3.91,300355643,1477401711,0.73,-0.761421319796951,601668.SH
2021-01-07,3.92,3.96,3.89,3.95,270632668,1338618280,0.66,1.0230179028132946,601668.SH
2021-01-10,3.93,3.94,3.86,3.87,309543152,1514332011,0.75,-2.0253164556962022,601668.SH
2021-01-11,3.88,3.95,3.86,3.93,244672778,1201495422,0.59,1.5503875968992276,601668.SH
2021-01-12,3.91,4.1,3.89,4.05,604513401,3044861437,1.5,3.0534351145037997,601668.SH
2021-01-13,4.02,4.21,4.0,4.09,622399435,3220659469,1.54,0.9876543209876631,601668.SH
2021-01-14,4.08,4.08,3.99,4.0,349644582,1771356986,0.87,-2.2004889975550057,601668.SH
2021-01-17,3.98,4.02,3.98,4.01,219677531,1104989118,0.54,0.24999999999999467,601668.SH
2021-01-18,4.01,4.06,3.98,4.02,251390668,1271596486,0.62,0.24937655860348684,601668.SH
2021-01-19,4.02,4.06,3.99,4.01,216187658,1093587429,0.54,-0.24875621890546595,601668.SH
2021-01-20,4.01,4.02,3.98,3.99,191536620,963519894,0.47,-0.4987531172069737,601668.SH
2021-01-21,3.99,4.0,3.92,3.93,203359036,1009822611,0.5,-1.5037593984962405,601668.SH
2021-01-24,3.92,3.93,3.89,3.9,189809799,930920416,0.47,-0.7633587786259555,601668.SH
2021-01-25,3.91,3.94,3.88,3.88,139179618,682622317,0.34,-0.512820512820511,601668.SH
2021-01-26,3.88,3.93,3.88,3.89,123308671,604200821,0.3,0.2577319587628857,601668.SH
2021-01-27,3.88,3.88,3.84,3.84,161405265,782063725,0.4,-1.285347043701801,601668.SH
2021-01-28,3.85,3.87,3.81,3.83,141198914,681208349,0.35,-0.26041666666666297,601668.SH
2021-01-31,3.83,3.85,3.81,3.84,101473889,488916397,0.25,0.26109660574411553,601668.SH
2021-02-01,3.83,3.87,3.82,3.83,124497157,601853904,0.31,-0.26041666666666297,601668.SH
2021-02-02,3.83,3.83,3.79,3.79,153083211,731097525,0.38,-1.0443864229765065,601668.SH
2021-02-03,3.79,3.79,3.72,3.73,183122831,862304588,0.45,-1.58311345646438,601668.SH
2021-02-04,3.73,3.78,3.73,3.77,121964056,576214918,0.3,1.072386058981234,601668.SH
2021-02-07,3.76,3.81,3.76,3.79,95588190,455837646,0.24,0.5305039787798504,601668.SH
2021-02-08,3.8,3.83,3.79,3.82,117564281,563931926,0.29,0.79155672823219,601668.SH
2021-02-09,3.83,3.84,3.81,3.82,113828274,547128888,0.28,0.0,601668.SH
2021-02-17,3.87,3.87,3.84,3.86,178970891,868527309,0.44,1.0471204188481575,601668.SH
2021-02-18,3.86,3.98,3.85,3.96,287664408,1422406021,0.71,2.590673575129543,601668.SH
2021-02-21,3.98,4.05,3.95,3.98,356999526,1793841436,0.88,0.5050505050504972,601668.SH
2021-02-22,3.98,4.02,3.93,3.94,204520166,1022371024,0.5,-1.005025125628145,601668.SH
2021-02-23,3.92,3.96,3.91,3.93,163188517,807504789,0.4,-0.25380710659898,601668.SH
2021-02-24,3.95,4.12,3.94,4.08,540488258,2759035989,1.33,3.8167938931297662,601668.SH
2021-02-25,4.02,4.07,4.0,4.02,286748379,1453244873,0.71,-1.4705882352941346,601668.SH
2021-02-28,4.03,4.05,3.99,4.02,190416158,963574723,0.47,0.0,601668.SH
2021-03-01,4.02,4.05,3.95,3.97,244037505,1223172614,0.6,-1.243781094527352,601668.SH
2021-03-02,3.95,4.01,3.95,3.99,156078625,781998308,0.38,0.5037783375314797,601668.SH
2021-03-03,3.96,4.02,3.95,4.0,179781826,901483771,0.44,0.25062656641603454,601668.SH
2021-03-04,3.98,4.02,3.96,4.0,166634977,835340374,0.41,0.0,601668.SH
2021-03-07,4.0,4.02,3.96,3.97,190945072,956431587,0.47,-0.7499999999999951,601668.SH
2021-03-08,3.98,4.0,3.91,3.98,279522382,1394190721,0.69,0.25188916876572875,601668.SH
2021-03-09,3.98,3.99,3.94,3.94,169519537,844600519,0.42,-1.005025125628145,601668.SH
2021-03-10,3.95,3.98,3.94,3.97,155828520,776939755,0.38,0.761421319796951,601668.SH
2021-03-11,3.99,4.14,3.97,4.07,543474220,2782385799,1.34,2.518891687657443,601668.SH
2021-03-14,4.06,4.2,4.06,4.12,466856886,2421506908,1.15,1.228501228501222,601668.SH
2021-03-15,4.1,4.15,4.09,4.13,264017057,1365856363,0.65,0.24271844660193054,601668.SH
2021-03-16,4.13,4.14,4.08,4.1,208514968,1075609782,0.51,-0.7263922518159882,601668.SH
2021-03-17,4.1,4.14,4.09,4.1,182042707,941300640,0.45,0.0,601668.SH
2021-03-18,4.1,4.12,4.02,4.02,290582785,1480197818,0.71,-1.9512195121951237,601668.SH
2021-03-21,4.02,4.14,4.02,4.14,287929314,1482434466,0.71,2.9850746268656803,601668.SH
2021-03-22,4.15,4.17,4.06,4.1,254629080,1311533700,0.63,-0.9661835748792313,601668.SH
2021-03-23,4.09,4.12,4.07,4.1,173119537,891727997,0.43,0.0,601668.SH
2021-03-24,4.09,4.16,4.07,4.11,217706549,1130306829,0.54,0.24390243902441266,601668.SH
2021-03-25,4.13,4.14,4.08,4.09,163441346,843179010,0.4,-0.48661800486619056,601668.SH
2021-03-28,4.08,4.12,4.06,4.1,192862933,992526759,0.47,0.24449877750609694,601668.SH
2021-03-29,4.1,4.11,4.06,4.06,157323009,804624505,0.39,-0.9756097560975618,601668.SH
2021-03-30,4.07,4.14,4.05,4.13,227820356,1176134405,0.56,1.7241379310344973,601668.SH
2021-03-31,4.15,4.19,4.12,4.15,241560773,1261788422,0.59,0.4842615012106588,601668.SH
2021-04-01,4.16,4.17,4.11,4.14,123106621,639440879,0.3,-0.2409638554217053,601668.SH
2021-04-05,4.14,4.15,4.1,4.11,100273254,517921491,0.25,-0.7246376811594013,601668.SH
2021-04-06,4.1,4.15,4.1,4.14,134368498,696611590,0.33,0.7299270072992581,601668.SH
2021-04-07,4.12,4.14,4.08,4.09,145901850,753502206,0.36,-1.207729468599028,601668.SH
2021-04-08,4.1,4.11,4.06,4.09,122144012,627227962,0.3,0.0,601668.SH
2021-04-11,4.08,4.17,4.08,4.14,233311978,1212939579,0.57,1.2224938875305513,601668.SH
2021-04-12,4.16,4.17,4.1,4.12,159003196,824190180,0.39,-0.48309178743960457,601668.SH
2021-04-13,4.12,4.14,4.1,4.14,108058028,559104009,0.27,0.4854368932038833,601668.SH
2021-04-14,4.14,4.14,4.1,4.13,86251268,446308313,0.21,-0.24154589371979673,601668.SH
2021-04-15,4.13,4.17,4.12,4.15,141189336,736875635,0.35,0.4842615012106588,601668.SH
2021-04-18,4.18,4.24,4.17,4.18,264804957,1399585570,0.65,0.7228915662650381,601668.SH
2021-04-19,4.18,4.21,4.16,4.17,114958731,603924937,0.28,-0.23923444976076125,601668.SH
2021-04-20,4.16,4.17,4.11,4.11,126486613,656675159,0.31,-1.4388489208633004,601668.SH
2021-04-21,4.11,4.13,4.07,4.09,117663948,606228490,0.29,-0.48661800486619056,601668.SH
2021-04-22,4.09,4.09,4.04,4.05,139172767,710450936,0.34,-0.9779951100244544,601668.SH
2021-04-25,4.06,4.06,3.98,3.99,191566937,969021061,0.47,-1.4814814814814725,601668.SH
2021-04-26,3.98,3.99,3.95,3.96,142051088,708885677,0.35,-0.7518796992481258,601668.SH
2021-04-27,3.96,3.97,3.93,3.95,150419034,747077014,0.37,-0.2525252525252486,601668.SH
2021-04-28,3.95,4.0,3.94,3.98,153785911,767886488,0.38,0.75949367088608,601668.SH
2021-04-29,4.02,4.03,3.92,3.93,222562038,1108977853,0.55,-1.2562814070351758,601668.SH
2021-05-05,3.94,3.98,3.92,3.95,173618677,860922728,0.43,0.5089058524172962,601668.SH
2021-05-06,3.95,3.99,3.94,3.97,147041341,734426566,0.36,0.5063291139240533,601668.SH
2021-05-09,3.97,3.99,3.96,3.98,116367521,581218974,0.29,0.25188916876572875,601668.SH
2021-05-10,3.98,4.0,3.95,3.99,121447603,606610866,0.3,0.2512562814070307,601668.SH
2021-05-11,3.98,4.01,3.95,4.0,102002658,511659781,0.25,0.25062656641603454,601668.SH
2021-05-12,3.98,4.01,3.96,3.98,109925621,550647517,0.27,-0.5000000000000004,601668.SH
2021-05-13,3.99,3.99,3.95,3.99,136010161,679439040,0.33,0.2512562814070307,601668.SH
2021-05-16,3.98,4.0,3.96,3.98,139271480,696641659,0.34,-0.25062656641604564,601668.SH
2021-05-17,3.98,3.98,3.95,3.97,99892644,497669015,0.25,-0.2512562814070307,601668.SH
2021-05-18,3.97,3.97,3.92,3.93,161281034,798205054,0.4,-1.0075566750629705,601668.SH
2021-05-19,3.92,3.94,3.9,3.94,144535281,711830570,0.36,0.2544529262086481,601668.SH
2021-05-20,3.94,3.95,3.91,3.91,102159435,504277114,0.25,-0.761421319796951,601668.SH
2021-05-23,3.92,3.92,3.86,3.87,245956048,1200036409,0.61,-1.0230179028132946,601668.SH
2021-05-24,3.87,3.95,3.86,3.95,290862685,1427860375,0.72,2.067183462532296,601668.SH
2021-05-25,3.95,3.96,3.93,3.95,151740817,752369687,0.37,0.0,601668.SH
2021-05-26,3.95,3.96,3.93,3.95,101294871,501977337,0.25,0.0,601668.SH
2021-05-27,3.95,3.95,3.89,3.9,174111747,856072593,0.43,-1.2658227848101333,601668.SH
2021-05-30,3.9,3.91,3.88,3.89,96349340,470899789,0.24,-0.2564102564102555,601668.SH
2021-05-31,3.9,3.91,3.89,3.91,106447920,522017677,0.26,0.5141388174807249,601668.SH
2021-06-01,3.91,3.91,3.88,3.9,87952952,430246963,0.22,-0.2557544757033292,601668.SH
2021-06-02,3.9,3.91,3.88,3.88,94203019,461058402,0.23,-0.512820512820511,601668.SH
2021-06-03,3.88,3.91,3.87,3.89,104610177,510746117,0.26,0.2577319587628857,601668.SH
2021-06-06,3.89,3.89,3.86,3.87,107607601,523792163,0.26,-0.5141388174807249,601668.SH
2021-06-07,3.87,3.88,3.86,3.87,96460495,468942169,0.24,0.0,601668.SH
2021-06-08,3.87,3.91,3.87,3.89,106699677,521342327,0.26,0.5167958656330685,601668.SH
2021-06-09,3.89,3.89,3.86,3.87,138810362,676401072,0.34,-0.5141388174807249,601668.SH
2021-06-10,3.87,3.91,3.86,3.91,219064376,1072581067,0.54,1.033591731266159,601668.SH
2021-06-14,3.9,3.91,3.86,3.87,140410040,684124356,0.35,-1.0230179028132946,601668.SH
2021-06-15,3.87,3.92,3.86,3.88,127456970,623675682,0.31,0.2583979328165231,601668.SH
2021-06-16,3.88,3.89,3.84,3.84,147168842,713970927,0.36,-1.0309278350515427,601668.SH
2021-06-17,3.84,3.85,3.82,3.84,130106499,626499597,0.32,0.0,601668.SH
2021-06-20,3.83,3.85,3.82,3.83,119131259,573661940,0.29,-0.26041666666666297,601668.SH
2021-06-21,3.83,3.85,3.8,3.81,125708696,604533984,0.31,-0.5221932114882533,601668.SH
2021-06-22,3.82,3.83,3.81,3.83,102778554,493810190,0.25,0.5249343832020914,601668.SH
2021-06-23,3.83,3.9,3.82,3.87,209252505,1018802149,0.51,1.0443864229765065,601668.SH
2021-06-24,3.87,3.93,3.87,3.91,142235934,698403994,0.35,1.033591731266159,601668.SH
2021-06-27,3.91,3.92,3.88,3.91,91362038,448187373,0.22,0.0,601668.SH
2021-06-28,3.91,3.91,3.87,3.89,97976147,479680782,0.24,-0.5115089514066473,601668.SH
2021-06-29,3.91,3.91,3.84,3.86,173907066,811425813,0.43,-0.7712082262210873,601668.SH
2021-06-30,3.86,3.91,3.85,3.88,126662166,592266567,0.31,0.5181347150259086,601668.SH
2021-07-01,3.87,3.9,3.84,3.85,99084286,460301392,0.24,-0.773195876288657,601668.SH
2021-07-04,3.85,3.86,3.81,3.82,119021158,547748416,0.29,-0.7792207792207906,601668.SH
2021-07-05,3.82,3.88,3.81,3.87,115255421,534486534,0.28,1.308900523560208,601668.SH
2021-07-06,3.86,3.89,3.83,3.87,97621788,453147935,0.24,0.0,601668.SH
2021-07-07,3.86,3.87,3.81,3.82,111821927,514957710,0.28,-1.2919896640826933,601668.SH
2021-07-08,3.82,3.85,3.81,3.82,74254910,341554328,0.18,0.0,601668.SH
2021-07-11,3.83,3.85,3.8,3.81,128058949,588354764,0.32,-0.2617801047120394,601668.SH
2021-07-12,3.84,3.96,3.83,3.9,328842734,1544071197,0.81,2.3622047244094446,601668.SH
2021-07-13,3.9,3.91,3.86,3.88,199648733,931873368,0.49,-0.512820512820511,601668.SH
2021-07-14,3.87,3.91,3.86,3.91,134856968,631153918,0.33,0.773195876288657,601668.SH
2021-07-15,3.9,3.91,3.87,3.88,91344594,427208832,0.22,-0.7672634271099765,601668.SH
2021-07-18,3.87,3.88,3.82,3.88,135851764,629143978,0.33,0.0,601668.SH
2021-07-19,3.86,3.89,3.83,3.86,118279438,548865726,0.29,-0.5154639175257714,601668.SH
2021-07-20,3.86,3.87,3.81,3.82,158371919,730636767,0.39,-1.0362694300518172,601668.SH
2021-07-21,3.82,3.86,3.81,3.85,115174507,533732137,0.28,0.7853403141361293,601668.SH
2021-07-22,3.85,3.91,3.84,3.89,194897232,912123395,0.48,1.0389610389610393,601668.SH
2021-07-25,3.88,3.9,3.8,3.81,209467063,965390995,0.52,-2.0565552699228773,601668.SH
2021-07-26,3.81,3.82,3.72,3.76,255272649,1155557070,0.63,-1.3123359580052618,601668.SH
2021-07-27,3.74,3.76,3.71,3.73,184253342,826040038,0.45,-0.7978723404255317,601668.SH
2021-07-28,3.74,3.76,3.67,3.68,182553540,812761136,0.45,-1.3404825737265313,601668.SH
2021-07-29,3.67,3.73,3.64,3.71,144996683,645157375,0.36,0.8152173913043459,601668.SH
2021-08-01,3.7,3.79,3.65,3.76,208304193,934699944,0.51,1.3477088948786964,601668.SH
2021-08-02,3.75,3.82,3.74,3.82,216283505,989932660,0.53,1.5957446808510634,601668.SH
2021-08-03,3.81,3.81,3.76,3.78,130589740,594582947,0.32,-1.0471204188481686,601668.SH
2021-08-04,3.76,3.84,3.76,3.81,169645081,777257508,0.42,0.7936507936507908,601668.SH
2021-08-05,3.81,3.81,3.76,3.78,104286701,474317337,0.26,-0.7874015748031593,601668.SH
2021-08-08,3.77,3.89,3.76,3.86,220239811,1021507146,0.54,2.1164021164021163,601668.SH
2021-08-09,3.85,3.86,3.82,3.86,119670052,553308493,0.29,0.0,601668.SH
2021-08-10,3.86,4.01,3.86,3.91,360313245,1709347052,0.89,1.2953367875647714,601668.SH
2021-08-11,3.9,3.91,3.88,3.9,106599777,499692746,0.26,-0.2557544757033292,601668.SH
2021-08-12,3.89,3.9,3.83,3.85,122495137,569288901,0.3,-1.2820512820512775,601668.SH
2021-08-15,3.84,3.95,3.83,3.91,164548416,773327837,0.4,1.558441558441559,601668.SH
2021-08-16,3.91,3.97,3.83,3.86,284552777,1339704519,0.7,-1.278772378516635,601668.SH
2021-08-17,3.86,3.96,3.85,3.96,278905063,1315945149,0.69,2.590673575129543,601668.SH
2021-08-18,3.97,3.97,3.89,3.91,191527544,904104305,0.47,-1.262626262626254,601668.SH
2021-08-19,3.91,3.92,3.85,3.88,139725155,651738797,0.34,-0.7672634271099765,601668.SH
2021-08-22,3.89,3.9,3.85,3.85,125342935,582708140,0.31,-0.773195876288657,601668.SH
2021-08-23,3.85,3.86,3.81,3.83,135792061,626354478,0.33,-0.5194805194805197,601668.SH
2021-08-24,3.84,3.87,3.81,3.86,160803207,742625732,0.4,0.7832898172323688,601668.SH
2021-08-25,3.85,3.87,3.83,3.85,145801105,675969297,0.36,-0.2590673575129432,601668.SH
2021-08-26,3.85,3.94,3.84,3.93,262408012,1229255881,0.65,2.0779220779220786,601668.SH
2021-08-29,3.95,3.96,3.89,3.9,206480580,972829546,0.51,-0.7633587786259555,601668.SH
2021-08-30,3.9,3.99,3.9,3.99,307580806,1464380752,0.76,2.3076923076923217,601668.SH
2021-08-31,4.01,4.3,4.01,4.26,1045357179,5283166041,2.57,6.766917293233066,601668.SH
2021-09-01,4.24,4.35,4.21,4.31,793355907,4092537315,1.95,1.1737089201877993,601668.SH
2021-09-02,4.29,4.35,4.21,4.21,487596783,2496372509,1.2,-2.3201856148491795,601668.SH
2021-09-05,4.23,4.38,4.23,4.28,542982131,2812927543,1.34,1.6627078384798155,601668.SH
2021-09-06,4.27,4.35,4.25,4.32,407283529,2110566215,1.0,0.9345794392523477,601668.SH
2021-09-07,4.32,4.39,4.3,4.35,356443375,1861330278,0.88,0.6944444444444198,601668.SH
2021-09-08,4.35,4.53,4.3,4.45,587357873,3127092092,1.45,2.298850574712663,601668.SH
2021-09-09,4.49,4.55,4.36,4.37,601426062,3223764667,1.48,-1.7977528089887618,601668.SH
2021-09-12,4.36,4.47,4.34,4.4,394389991,2094011297,0.97,0.6864988558352492,601668.SH
2021-09-13,4.38,4.43,4.22,4.23,467600254,2413967159,1.15,-3.863636363636358,601668.SH
2021-09-14,4.22,4.26,4.18,4.2,292070323,1481332059,0.72,-0.7092198581560294,601668.SH
2021-09-15,4.21,4.24,4.11,4.11,329221968,1649461236,0.81,-2.1428571428571352,601668.SH
2021-09-16,4.11,4.13,4.03,4.09,299663474,1469563175,0.74,-0.48661800486619056,601668.SH
2021-09-21,4.03,4.16,4.02,4.13,303662162,1495232622,0.75,0.9779951100244544,601668.SH
2021-09-22,4.16,4.26,4.15,4.2,299516073,1514215012,0.74,1.6949152542373058,601668.SH
2021-09-23,4.19,4.23,4.08,4.09,235879869,1175881875,0.58,-2.619047619047632,601668.SH
2021-09-26,4.1,4.11,4.0,4.02,235265976,1142599986,0.58,-1.7114914425427896,601668.SH
2021-09-27,4.03,4.09,4.01,4.05,229083307,1115307880,0.56,0.7462686567164312,601668.SH
2021-09-28,4.03,4.06,3.98,4.01,207123402,999282780,0.51,-0.987654320987652,601668.SH
2021-09-29,4.01,4.02,3.96,3.99,193766007,929412097,0.48,-0.4987531172069737,601668.SH
2021-10-07,4.05,4.08,4.0,4.03,205538591,995485399,0.51,1.0025062656641603,601668.SH
2021-10-10,4.03,4.05,3.99,4.01,149783485,725216552,0.37,-0.49627791563277013,601668.SH
2021-10-11,4.01,4.01,3.94,3.96,206501165,987800371,0.51,-1.2468827930174564,601668.SH
2021-10-12,3.96,3.97,3.91,3.92,174251594,824080711,0.43,-1.0101010101010055,601668.SH
2021-10-13,3.93,3.94,3.89,3.92,114904952,541347142,0.28,0.0,601668.SH
2021-10-14,3.92,3.93,3.86,3.87,243401052,1136209049,0.6,-1.2755102040816313,601668.SH
2021-10-17,3.86,3.93,3.86,3.91,151006498,709742570,0.37,1.033591731266159,601668.SH
2021-10-18,3.91,3.93,3.88,3.91,97548531,459077117,0.24,0.0,601668.SH
2021-10-19,3.92,3.92,3.86,3.88,120292003,562339621,0.3,-0.7672634271099765,601668.SH
2021-10-20,3.88,3.95,3.87,3.93,138847479,655189092,0.34,1.2886597938144506,601668.SH
2021-10-21,3.94,3.98,3.92,3.93,159878031,759331042,0.39,0.0,601668.SH
2021-10-24,3.88,3.91,3.87,3.9,138416300,648168980,0.34,-0.7633587786259555,601668.SH
2021-10-25,3.89,3.92,3.87,3.87,128879100,603456805,0.32,-0.7692307692307665,601668.SH
2021-10-26,3.89,3.9,3.82,3.84,156033438,722343250,0.38,-0.7751937984496138,601668.SH
2021-10-27,3.83,3.85,3.81,3.83,113284912,520651085,0.28,-0.26041666666666297,601668.SH
2021-10-28,3.83,3.88,3.82,3.87,129600678,601284211,0.32,1.0443864229765065,601668.SH
2021-10-31,3.87,3.96,3.86,3.96,238982334,1126603671,0.59,2.3255813953488413,601668.SH
2021-11-01,3.95,3.96,3.86,3.88,174690182,819839540,0.43,-2.020202020202022,601668.SH
2021-11-02,3.87,3.92,3.86,3.91,93389401,438753317,0.23,0.773195876288657,601668.SH
2021-11-03,3.91,3.92,3.87,3.87,110348014,515653050,0.27,-1.0230179028132946,601668.SH
2021-11-04,3.87,3.88,3.81,3.82,159922298,737690857,0.39,-1.2919896640826933,601668.SH
2021-11-07,3.83,3.85,3.81,3.81,102777074,473040193,0.25,-0.2617801047120394,601668.SH
2021-11-08,3.81,3.82,3.79,3.8,97222753,444640320,0.24,-0.2624671916010568,601668.SH
2021-11-09,3.8,3.86,3.76,3.86,154744195,708308407,0.38,1.5789473684210575,601668.SH
2021-11-10,3.85,4.07,3.83,4.06,434211705,2077276300,1.07,5.181347150259064,601668.SH
2021-11-11,4.02,4.06,4.0,4.0,182563243,883160885,0.45,-1.477832512315258,601668.SH
2021-11-14,3.99,4.01,3.93,3.96,113041527,538197780,0.28,-1.0000000000000009,601668.SH
2021-11-15,3.96,3.98,3.9,3.91,116853284,553219830,0.29,-1.262626262626254,601668.SH
2021-11-16,3.91,3.94,3.91,3.91,74612282,351538609,0.18,0.0,601668.SH
2021-11-17,3.91,3.92,3.87,3.88,83609039,392021374,0.21,-0.7672634271099765,601668.SH
2021-11-18,3.88,3.96,3.86,3.95,163260992,766282776,0.4,1.804123711340222,601668.SH
2021-11-21,3.93,3.94,3.88,3.89,125041277,586344162,0.31,-1.518987341772149,601668.SH
2021-11-22,3.88,3.93,3.87,3.9,90846070,426673739,0.22,0.25706940874035134,601668.SH
2021-11-23,3.9,3.92,3.88,3.91,68025155,319337748,0.17,0.2564102564102555,601668.SH
2021-11-24,3.91,3.92,3.9,3.91,63093736,296901775,0.16,0.0,601668.SH
2021-11-25,3.91,3.91,3.88,3.88,63266996,296172833,0.16,-0.7672634271099765,601668.SH
2021-11-28,3.86,3.89,3.85,3.86,87146138,404976883,0.21,-0.5154639175257714,601668.SH
2021-11-29,3.85,3.89,3.85,3.86,94359280,438435944,0.23,0.0,601668.SH
2021-11-30,3.86,3.91,3.85,3.9,90529916,423250657,0.22,1.0362694300518172,601668.SH
2021-12-01,3.89,3.96,3.87,3.95,164536656,778400851,0.4,1.2820512820512997,601668.SH
2021-12-02,3.96,3.99,3.93,3.97,150420667,717383473,0.37,0.5063291139240533,601668.SH
2021-12-05,3.98,4.06,3.96,3.99,205263623,992886695,0.51,0.5037783375314797,601668.SH
2021-12-06,4.04,4.11,4.02,4.07,307073013,1505846256,0.76,2.0050125313283207,601668.SH
2021-12-07,4.06,4.07,4.01,4.02,202825187,983747749,0.5,-1.2285012285012442,601668.SH
2021-12-08,4.03,4.08,4.01,4.06,179970398,878541801,0.44,0.995024875621886,601668.SH
2021-12-09,4.04,4.08,4.03,4.04,149622180,728972423,0.37,-0.49261083743841194,601668.SH
2021-12-12,4.1,4.16,4.07,4.08,247245896,1223476592,0.61,0.990099009900991,601668.SH
2021-12-13,4.07,4.11,3.98,4.0,192934792,935367780,0.47,-1.9607843137254943,601668.SH
2021-12-14,4.0,4.11,3.98,4.06,230961870,1128977124,0.57,1.4999999999999902,601668.SH
2021-12-15,4.07,4.13,4.07,4.11,164421679,812373328,0.4,1.2315270935960854,601668.SH
2021-12-16,4.13,4.16,4.1,4.11,186740410,928098487,0.46,0.0,601668.SH
2021-12-19,4.09,4.16,4.08,4.15,212965950,1060092293,0.52,0.9732360097323589,601668.SH
2021-12-20,4.15,4.21,4.13,4.17,179919135,904638236,0.44,0.48192771084336616,601668.SH
2021-12-21,4.18,4.19,4.1,4.11,152702221,757879097,0.38,-1.4388489208633004,601668.SH
2021-12-22,4.11,4.14,4.1,4.12,107997438,534494900,0.27,0.24330900243307862,601668.SH
2021-12-23,4.12,4.14,4.09,4.12,122949032,608475961,0.3,0.0,601668.SH
2021-12-26,4.11,4.17,4.1,4.16,137756031,687951167,0.34,0.9708737864077666,601668.SH
2021-12-27,4.17,4.17,4.1,4.15,156797453,779390267,0.39,-0.24038461538461453,601668.SH
2021-12-28,4.15,4.16,4.11,4.11,104056425,517199639,0.26,-0.9638554216867434,601668.SH
2021-12-29,4.12,4.13,4.1,4.11,85823755,424752728,0.21,0.0,601668.SH
2021-12-30,4.11,4.17,4.08,4.16,180833903,901090222,0.44,1.2165450121654375,601668.SH
2022-01-03,4.15,4.2,4.12,4.18,158400472,794782484,0.39,0.48076923076922906,601668.SH
2022-01-04,4.18,4.22,4.16,4.17,151503154,763346096,0.37,-0.23923444976076125,601668.SH
2022-01-05,4.17,4.28,4.16,4.26,294554264,1506280026,0.72,2.1582733812949506,601668.SH
2022-01-06,4.26,4.39,4.25,4.35,416666518,2180816923,1.03,2.1126760563380254,601668.SH
2022-01-09,4.42,4.49,4.36,4.46,411344867,2193006832,1.01,2.5287356321839205,601668.SH
2022-01-10,4.46,4.52,4.42,4.47,415603769,2243708728,1.02,0.22421524663676085,601668.SH
2022-01-11,4.44,4.45,4.3,4.37,355942144,1865145168,0.88,-2.237136465324374,601668.SH
2022-01-12,4.36,4.46,4.3,4.32,286420097,1510875028,0.7,-1.1441647597253968,601668.SH
2022-01-13,4.32,4.34,4.16,4.17,360635619,1827077379,0.89,-3.472222222222232,601668.SH
2022-01-16,4.16,4.19,4.12,4.15,179624141,897209914,0.44,-0.47961630695442237,601668.SH
2022-01-17,4.14,4.42,4.14,4.39,451673437,2342051054,1.11,5.783132530120461,601668.SH
2022-01-18,4.38,4.52,4.37,4.46,453317487,2433153671,1.11,1.5945330296127658,601668.SH
2022-01-19,4.45,4.53,4.44,4.49,455575757,2466080113,1.12,0.672645739910327,601668.SH
2022-01-20,4.49,4.5,4.4,4.43,218471316,1169809459,0.54,-1.3363028953229494,601668.SH
2022-01-23,4.45,4.59,4.42,4.5,382041450,2072803653,0.94,1.5801354401805856,601668.SH
2022-01-24,4.47,4.49,4.4,4.4,231554311,1236976069,0.57,-2.2222222222222143,601668.SH
2022-01-25,4.4,4.47,4.37,4.47,158263636,844585541,0.39,1.5909090909090873,601668.SH
2022-01-26,4.47,4.52,4.4,4.46,229377484,1233114716,0.56,-0.22371364653243075,601668.SH
2022-01-27,4.45,4.47,4.32,4.32,282420853,1488479264,0.69,-3.139013452914796,601668.SH
2022-02-06,4.38,4.56,4.38,4.55,366055614,1983991321,0.9,5.32407407407407,601668.SH
2022-02-07,4.57,4.58,4.49,4.56,310269031,1694050253,0.76,0.219780219780219,601668.SH
2022-02-08,4.59,4.6,4.47,4.5,313087581,1705195029,0.77,-1.3157894736842035,601668.SH
2022-02-09,4.48,4.58,4.45,4.54,288548234,1571101770,0.71,0.8888888888888946,601668.SH
2022-02-10,4.53,4.8,4.52,4.65,535819026,3036436899,1.31,2.422907488986792,601668.SH
2022-02-13,4.65,4.68,4.42,4.45,461125004,2506904344,1.13,-4.301075268817211,601668.SH
2022-02-14,4.45,4.47,4.37,4.41,261214423,1386046743,0.64,-0.8988764044943864,601668.SH
2022-02-15,4.43,4.54,4.43,4.5,266275956,1439686219,0.65,2.0408163265306145,601668.SH
2022-02-16,4.5,4.51,4.42,4.45,178205343,955077819,0.44,-1.1111111111111072,601668.SH
2022-02-17,4.42,4.58,4.4,4.57,273273634,1478760979,0.67,2.696629213483148,601668.SH
2022-02-20,4.53,4.57,4.45,4.54,261186339,1411259565,0.64,-0.6564551422319487,601668.SH
2022-02-21,4.48,4.51,4.44,4.48,243790139,1312407780,0.6,-1.3215859030836885,601668.SH
2022-02-22,4.5,4.5,4.4,4.4,257707659,1374218640,0.63,-1.7857142857142905,601668.SH
2022-02-23,4.4,4.4,4.24,4.28,326056909,1694612415,0.8,-2.7272727272727337,601668.SH
2022-02-24,4.33,4.35,4.19,4.21,298404581,1524880480,0.73,-1.6355140186915973,601668.SH
2022-02-27,4.21,4.23,4.18,4.23,142322931,720927680,0.35,0.47505938242280443,601668.SH
2022-02-28,4.22,4.32,4.22,4.29,189075979,969191128,0.46,1.4184397163120366,601668.SH
2022-03-01,4.27,4.36,4.26,4.32,202818918,1056331245,0.5,0.6993006993007089,601668.SH
2022-03-02,4.36,4.57,4.34,4.56,600630789,3264776688,1.47,5.555555555555536,601668.SH
2022-03-03,4.54,4.56,4.47,4.53,262228445,1425015177,0.64,-0.6578947368420907,601668.SH
2022-03-06,4.52,4.63,4.5,4.55,370485647,2036918452,0.91,0.44150110375273943,601668.SH
2022-03-07,4.52,4.59,4.43,4.46,333021145,1808744896,0.82,-1.978021978021971,601668.SH
2022-03-08,4.49,4.56,4.26,4.45,342156726,1832921713,0.84,-0.22421524663677195,601668.SH
2022-03-09,4.51,4.53,4.38,4.39,253441687,1354363893,0.62,-1.3483146067415852,601668.SH
2022-03-10,4.32,4.33,4.19,4.31,327889488,1674822979,0.8,-1.8223234624145768,601668.SH
2022-03-13,4.26,4.42,4.24,4.28,220056545,1151055571,0.54,-0.6960556844547439,601668.SH
2022-03-14,4.25,4.27,3.95,3.95,504265110,2474659361,1.23,-7.710280373831779,601668.SH
2022-03-15,4.0,4.05,3.88,4.05,374512254,1787068031,0.92,2.5316455696202445,601668.SH
2022-03-16,4.1,4.16,4.06,4.1,279440627,1383547700,0.68,1.2345679012345734,601668.SH
2022-03-17,4.07,4.21,4.06,4.14,392579123,1958872316,0.96,0.9756097560975618,601668.SH
2022-03-20,4.18,4.18,4.07,4.1,229664348,1136998722,0.56,-0.9661835748792313,601668.SH
2022-03-21,4.11,4.23,4.07,4.21,284024701,1425185838,0.7,2.682926829268295,601668.SH
2022-03-22,4.24,4.44,4.21,4.37,476802976,2476082975,1.17,3.8004750593824355,601668.SH
2022-03-23,4.33,4.47,4.32,4.38,265663485,1406959262,0.65,0.22883295194506825,601668.SH
2022-03-24,4.36,4.42,4.29,4.37,285302207,1499110826,0.7,-0.22831050228310223,601668.SH
2022-03-27,4.34,4.48,4.32,4.44,300644650,1599489173,0.74,1.6018306636155666,601668.SH
2022-03-28,4.44,4.45,4.35,4.4,215127728,1138826985,0.53,-0.9009009009009028,601668.SH
2022-03-29,4.42,4.55,4.38,4.52,360919536,1947123801,0.88,2.7272727272727115,601668.SH
2022-03-30,4.53,4.61,4.5,4.52,342267704,1875079076,0.84,0.0,601668.SH
2022-03-31,4.49,4.6,4.48,4.58,339023761,1852440261,0.83,1.3274336283185972,601668.SH
2022-04-05,4.62,5.01,4.6,4.96,945506689,5474500598,2.32,8.296943231441055,601668.SH
2022-04-06,4.95,5.03,4.85,4.9,548849358,3264829144,1.34,-1.2096774193548265,601668.SH
2022-04-07,4.97,5.17,4.91,5.09,732791031,4440785790,1.79,3.877551020408143,601668.SH
2022-04-10,5.08,5.18,4.99,5.04,555509777,3384438971,1.36,-0.9823182711198419,601668.SH
2022-04-11,4.99,5.08,4.91,4.93,437022198,2621162427,1.07,-2.182539682539686,601668.SH
2022-04-12,4.93,5.05,4.85,4.93,343943540,2050083728,0.84,0.0,601668.SH
2022-04-13,4.94,5.07,4.86,4.99,324171635,1935550729,0.79,1.217038539553772,601668.SH
2022-04-14,4.99,5.19,4.97,5.02,383325019,2334926747,0.94,0.6012024048096087,601668.SH
2022-04-17,5.03,5.18,4.9,4.94,414107184,2506492437,1.01,-1.5936254980079556,601668.SH
2022-04-18,4.93,5.07,4.88,5.06,333847179,2004471249,0.82,2.4291497975708287,601668.SH
2022-04-19,5.08,5.08,4.82,4.87,415845134,2452502561,1.02,-3.75494071146244,601668.SH
2022-04-20,4.82,4.92,4.77,4.8,254595781,1481344326,0.62,-1.4373716632443578,601668.SH
2022-04-21,4.77,4.94,4.75,4.9,283638616,1663793116,0.69,2.083333333333348,601668.SH
2022-04-24,4.82,4.96,4.71,4.71,351801325,2048773553,0.86,-3.8775510204081765,601668.SH
2022-04-25,4.7,4.97,4.7,4.86,414709690,2418255486,1.02,3.1847133757961776,601668.SH
2022-04-26,4.99,5.05,4.77,4.93,515451241,3054059383,1.26,1.4403292181069727,601668.SH
2022-04-27,4.89,5.14,4.87,5.14,514801295,3135787178,1.26,4.259634888438124,601668.SH
2022-04-28,5.12,5.24,5.0,5.22,522392220,3231186484,1.28,1.5564202334630295,601668.SH
2022-05-04,5.23,5.32,5.11,5.14,395022575,2457361103,0.97,-1.532567049808431,601668.SH
2022-05-05,5.03,5.06,4.88,4.96,311291740,1862892150,0.76,-3.5019455252918275,601668.SH
2022-05-08,4.95,5.03,4.85,4.91,223413246,1320278898,0.55,-1.0080645161290258,601668.SH
2022-05-09,4.87,5.04,4.8,5.02,340544640,2025449793,0.83,2.240325865580428,601668.SH
2022-05-10,5.01,5.02,4.85,4.86,396487614,2332869208,0.97,-3.1872509960159223,601668.SH
2022-05-11,4.84,4.9,4.74,4.8,259942533,1503598638,0.64,-1.2345679012345734,601668.SH
2022-05-12,4.8,4.9,4.77,4.88,255452666,1490342307,0.63,1.6666666666666607,601668.SH
2022-05-15,4.94,4.99,4.83,4.97,277534722,1643694199,0.68,1.8442622950819665,601668.SH
2022-05-16,4.94,4.97,4.85,4.89,211060768,1242802707,0.52,-1.6096579476861161,601668.SH
2022-05-17,4.87,4.88,4.76,4.82,191453067,1109946651,0.47,-1.4314928425357754,601668.SH
2022-05-18,4.76,4.92,4.75,4.9,211074665,1229693525,0.52,1.6597510373443924,601668.SH
2022-05-19,4.89,4.95,4.85,4.91,231934795,1369686406,0.57,0.20408163265306367,601668.SH
2022-05-22,4.89,4.9,4.75,4.75,288759811,1662400655,0.71,-3.258655804480659,601668.SH
2022-05-23,4.76,4.77,4.63,4.65,258577996,1459092209,0.63,-2.1052631578947323,601668.SH
2022-05-24,4.68,4.7,4.65,4.7,189278880,1064739446,0.46,1.0752688172043001,601668.SH
2022-05-25,4.71,4.79,4.7,4.73,216771958,1239290871,0.53,0.6382978723404209,601668.SH
2022-05-26,4.75,4.76,4.65,4.69,259744991,1461518316,0.64,-0.8456659619450302,601668.SH
2022-05-29,4.7,4.74,4.55,4.59,283022354,1571872487,0.69,-2.1321961620469176,601668.SH
2022-05-30,4.58,4.61,4.53,4.58,272305255,1495064746,0.67,-0.2178649237472685,601668.SH
2022-05-31,4.57,4.6,4.53,4.59,219105048,1203728978,0.54,0.21834061135370675,601668.SH
2022-06-01,4.59,4.61,4.5,4.53,207487626,1134593479,0.51,-1.3071895424836555,601668.SH
2022-06-05,4.53,4.53,4.38,4.41,510226745,2707883268,1.25,-2.6490066225165587,601668.SH
2022-06-06,4.39,4.51,4.38,4.47,429356146,2310154553,1.05,1.3605442176870763,601668.SH
2022-06-07,4.5,4.5,4.41,4.45,228643180,1225766118,0.56,-0.4474272930648726,601668.SH
2022-06-08,4.45,4.56,4.44,4.54,342646626,1866729709,0.84,2.0224719101123556,601668.SH
2022-06-09,4.51,4.56,4.46,4.55,306519692,1664445281,0.75,0.22026431718060735,601668.SH
2022-06-12,4.56,4.56,4.38,4.42,332341054,1775134313,0.81,-2.857142857142858,601668.SH
2022-06-13,4.37,4.47,4.36,4.47,217801570,1159757796,0.53,1.1312217194570096,601668.SH
2022-06-14,4.46,4.66,4.43,4.6,452873740,2506430305,1.11,2.9082774049216997,601668.SH
2022-06-15,4.62,4.65,4.52,4.53,229130130,1259939806,0.56,-1.5217391304347738,601668.SH
2022-06-16,4.5,4.54,4.47,4.51,170297888,923292496,0.42,-0.44150110375277274,601668.SH
2022-06-19,4.52,4.58,4.5,4.55,240280213,1312801244,0.59,0.8869179600886845,601668.SH
2022-06-20,4.56,4.68,4.54,4.6,292651420,1627724928,0.72,1.098901098901095,601668.SH
2022-06-21,4.6,4.61,4.5,4.51,182276616,996586194,0.45,-1.9565217391304346,601668.SH
2022-06-22,4.53,4.59,4.5,4.59,207461170,1138463193,0.51,1.7738359201773912,601668.SH
2022-06-23,4.6,4.6,4.47,4.51,243392137,1325020394,0.6,-1.7429193899782147,601668.SH
2022-06-26,4.51,4.55,4.49,4.5,233388258,1269316422,0.57,-0.22172949002217113,601668.SH
2022-06-27,4.5,4.54,4.46,4.5,261704761,1412411358,0.64,0.0,601668.SH
2022-06-28,4.5,4.65,4.48,4.6,428706803,2366519005,1.05,2.2222222222222143,601668.SH
2022-06-29,4.61,4.67,4.58,4.63,235205921,1249427965,0.58,0.6521739130434856,601668.SH
2022-06-30,4.67,4.83,4.67,4.76,303179539,1661288852,0.74,2.807775377969768,601668.SH
2022-07-03,4.74,4.76,4.67,4.71,189419122,1024294878,0.46,-1.0504201680672232,601668.SH
2022-07-04,4.73,4.76,4.68,4.73,175746814,953058695,0.43,0.424628450106157,601668.SH
2022-07-05,4.71,4.71,4.6,4.66,202208693,1078769774,0.5,-1.4799154334038112,601668.SH
2022-07-06,4.63,4.66,4.61,4.62,136103379,723897178,0.33,-0.8583690987124526,601668.SH
2022-07-07,4.65,4.73,4.62,4.69,160080327,861252492,0.39,1.5151515151515138,601668.SH
2022-07-10,4.68,4.78,4.67,4.74,185746964,1009486063,0.45,1.0660980810234477,601668.SH
2022-07-11,4.75,4.9,4.74,4.85,274143003,1529930997,0.67,2.320675105485215,601668.SH
2022-07-12,4.89,5.0,4.83,4.84,342763127,1932675423,0.84,-0.20618556701030855,601668.SH
2022-07-13,4.88,4.88,4.69,4.74,269238956,1468031127,0.66,-2.066115702479332,601668.SH
2022-07-14,4.75,4.79,4.6,4.6,306672015,1646852512,0.75,-2.9535864978903037,601668.SH
2022-07-17,4.61,4.68,4.6,4.66,146179323,780229606,0.36,1.3043478260869712,601668.SH
2022-07-18,4.67,4.69,4.61,4.67,129288968,691241444,0.32,0.21459227467810482,601668.SH
2022-07-19,4.69,4.69,4.62,4.64,117206239,625323094,0.29,-0.6423982869379063,601668.SH
2022-07-20,4.63,4.63,4.47,4.48,315660618,1640779331,0.77,-3.44827586206895,601668.SH
2022-07-21,4.49,4.52,4.41,4.45,191333054,981403361,0.47,-0.6696428571428603,601668.SH
2022-07-24,4.45,4.51,4.41,4.47,132995223,683469018,0.33,0.44943820224718767,601668.SH
2022-07-25,4.47,4.59,4.45,4.56,176268291,920468639,0.43,2.0134228187919323,601668.SH
2022-07-26,4.56,4.56,4.46,4.47,153295301,790065674,0.38,-1.9736842105263164,601668.SH
2022-07-27,4.49,4.5,4.44,4.46,162523368,833098051,0.4,-0.22371364653243075,601668.SH
2022-07-28,4.46,4.47,4.38,4.39,197535423,1002285423,0.48,-1.5695067264574036,601668.SH
2022-07-31,4.38,4.39,4.33,4.36,163705844,819316150,0.4,-0.6833712984054552,601668.SH
2022-08-01,4.34,4.35,4.22,4.28,230287609,1127949752,0.56,-1.834862385321101,601668.SH
2022-08-02,4.31,4.32,4.21,4.21,143884381,702244104,0.35,-1.6355140186915973,601668.SH
2022-08-03,4.23,4.25,4.2,4.23,112045911,543614105,0.27,0.47505938242280443,601668.SH
2022-08-04,4.24,4.28,4.2,4.27,118242169,575998328,0.29,0.9456264775413503,601668.SH
2022-08-07,4.27,4.32,4.24,4.26,116423383,570757942,0.29,-0.23419203747072626,601668.SH
2022-08-08,4.26,4.26,4.21,4.22,111680483,542733859,0.27,-0.9389671361502372,601668.SH
2022-08-09,4.22,4.22,4.18,4.2,109039273,525445434,0.27,-0.4739336492890933,601668.SH
2022-08-10,4.2,4.27,4.2,4.25,131247888,639480293,0.32,1.1904761904761862,601668.SH
2022-08-11,4.25,4.29,4.23,4.28,104849652,513863245,0.26,0.7058823529411784,601668.SH
2022-08-14,4.27,4.32,4.24,4.25,134846237,661513719,0.33,-0.7009345794392607,601668.SH
2022-08-15,4.26,4.31,4.25,4.28,114655175,564573564,0.28,0.7058823529411784,601668.SH
2022-08-16,4.28,4.33,4.26,4.33,151500294,750720562,0.37,1.1682242990654235,601668.SH
2022-08-17,4.33,4.33,4.27,4.27,102830914,506126330,0.25,-1.3856812933025542,601668.SH
2022-08-18,4.27,4.34,4.27,4.31,131645260,653126493,0.32,0.936768149882905,601668.SH
2022-08-21,4.31,4.38,4.3,4.37,152710345,763800219,0.37,1.3921113689095321,601668.SH
2022-08-22,4.35,4.36,4.29,4.33,97565454,484465940,0.24,-0.9153318077803174,601668.SH
2022-08-23,4.33,4.37,4.27,4.28,127984895,634530383,0.31,-1.1547344110854452,601668.SH
2022-08-24,4.3,4.38,4.29,4.37,166618692,832353737,0.41,2.102803738317749,601668.SH
2022-08-25,4.38,4.38,4.32,4.36,113863175,568734105,0.28,-0.22883295194507935,601668.SH
2022-08-28,4.32,4.4,4.29,4.39,142555140,712212790,0.35,0.6880733944953921,601668.SH
2022-08-29,4.39,4.46,4.37,4.41,149291375,756985523,0.37,0.4555808656036442,601668.SH
2022-08-30,4.42,4.48,4.4,4.47,228282711,1165542165,0.56,1.3605442176870763,601668.SH
2022-08-31,4.45,4.53,4.43,4.48,187067784,965310526,0.46,0.22371364653246406,601668.SH
2022-09-01,4.48,4.49,4.4,4.45,162118844,826949336,0.4,-0.6696428571428603,601668.SH
2022-09-04,4.44,4.5,4.42,4.5,138243397,709567636,0.34,1.1235955056179803,601668.SH
2022-09-05,4.5,4.57,4.49,4.56,224660516,1173164734,0.55,1.3333333333333197,601668.SH
2022-09-06,4.54,4.57,4.51,4.55,114529329,597327359,0.28,-0.21929824561403022,601668.SH
2022-09-07,4.56,4.58,4.5,4.55,116052381,605533812,0.28,0.0,601668.SH
2022-09-08,4.56,4.68,4.54,4.67,260517716,1388384942,0.64,2.63736263736265,601668.SH
2022-09-12,4.65,4.71,4.61,4.63,183629137,983427770,0.45,-0.8565310492505307,601668.SH
2022-09-13,4.6,4.63,4.56,4.58,154131506,813321795,0.38,-1.0799136069114423,601668.SH
2022-09-14,4.6,4.71,4.59,4.67,284683224,1523381095,0.7,1.9650655021834051,601668.SH
2022-09-15,4.66,4.69,4.48,4.48,254287155,1332099669,0.62,-4.068522483940029,601668.SH
2022-09-18,4.5,4.6,4.46,4.56,165145590,861492577,0.4,1.7857142857142572,601668.SH
2022-09-19,4.58,4.58,4.42,4.45,209570681,1078074871,0.51,-2.412280701754377,601668.SH
2022-09-20,4.44,4.51,4.42,4.48,151437250,778979073,0.37,0.6741573033707926,601668.SH
2022-09-21,4.47,4.48,4.4,4.46,143810763,732400868,0.35,-0.44642857142858094,601668.SH
2022-09-22,4.45,4.6,4.45,4.54,195229803,1019967111,0.48,1.7937219730941756,601668.SH
2022-09-25,4.53,4.58,4.47,4.48,177500299,921610654,0.43,-1.3215859030836885,601668.SH
2022-09-26,4.46,4.5,4.41,4.48,130694003,668601254,0.32,0.0,601668.SH
2022-09-27,4.47,4.51,4.44,4.44,109945969,563676625,0.27,-0.8928571428571397,601668.SH
2022-09-28,4.47,4.47,4.33,4.36,158373305,798146768,0.39,-1.8018018018018056,601668.SH
2022-09-29,4.38,4.52,4.38,4.48,218691338,1120458935,0.54,2.752293577981657,601668.SH
2022-10-09,4.49,4.6,4.47,4.54,215456693,1127165205,0.53,1.3392857142856984,601668.SH
2022-10-10,4.55,4.58,4.46,4.47,125720176,648167850,0.31,-1.541850220264318,601668.SH
2022-10-11,4.47,4.59,4.45,4.57,149549647,776548749,0.37,2.2371364653243964,601668.SH
2022-10-12,4.55,4.58,4.46,4.48,154019537,793671259,0.38,-1.969365426695835,601668.SH
2022-10-13,4.5,4.66,4.5,4.54,198292732,1045323387,0.49,1.3392857142856984,601668.SH
2022-10-16,4.54,4.55,4.46,4.53,139771336,724136131,0.34,-0.22026431718060735,601668.SH
2022-10-17,4.53,4.57,4.49,4.51,109553182,569592468,0.27,-0.44150110375277274,601668.SH
2022-10-18,4.52,4.55,4.46,4.47,132014313,682069535,0.32,-0.8869179600886956,601668.SH
2022-10-19,4.46,4.48,4.42,4.44,124938900,637822569,0.31,-0.6711409395973034,601668.SH
2022-10-20,4.46,4.55,4.45,4.49,186049290,962621743,0.46,1.1261261261261257,601668.SH
2022-10-23,4.48,4.49,4.33,4.34,255437295,1288165273,0.63,-3.340757238307357,601668.SH
2022-10-24,4.36,4.4,4.34,4.35,144177230,723160573,0.35,0.23041474654377225,601668.SH
2022-10-25,4.35,4.39,4.2,4.26,275970806,1359030417,0.68,-2.0689655172413723,601668.SH
2022-10-26,4.26,4.32,4.25,4.28,152639310,751936645,0.37,0.46948356807512415,601668.SH
2022-10-27,4.27,4.33,4.23,4.27,179664937,883790812,0.44,-0.23364485981309802,601668.SH
2022-10-30,4.27,4.31,4.11,4.13,275396708,1322979876,0.67,-3.2786885245901565,601668.SH
2022-10-31,4.15,4.21,4.12,4.2,220665631,1057621000,0.54,1.6949152542373058,601668.SH
2022-11-01,4.19,4.2,4.15,4.18,239851604,1149311311,0.59,-0.4761904761904856,601668.SH
2022-11-02,4.16,4.17,4.07,4.13,198889287,941952071,0.49,-1.1961722488038284,601668.SH
2022-11-03,4.13,4.21,4.12,4.2,190873618,917735796,0.47,1.6949152542373058,601668.SH
2022-11-06,4.18,4.27,4.18,4.25,155898579,758669479,0.38,1.1904761904761862,601668.SH
2022-11-07,4.24,4.28,4.23,4.26,107233850,525022410,0.26,0.23529411764704466,601668.SH
2022-11-08,4.27,4.34,4.27,4.27,116441464,575788380,0.29,0.23474178403755097,601668.SH
2022-11-09,4.26,4.32,4.21,4.29,123688517,607145097,0.3,0.4683840749414525,601668.SH
2022-11-10,4.34,4.55,4.33,4.51,408426064,2086459602,1.0,5.128205128205132,601668.SH
2022-11-13,4.6,4.68,4.57,4.6,434126024,2307057514,1.06,1.9955654101995624,601668.SH
2022-11-14,4.6,4.65,4.57,4.63,194083035,1028360410,0.48,0.6521739130434856,601668.SH
2022-11-15,4.62,4.63,4.54,4.58,157711205,833054052,0.39,-1.0799136069114423,601668.SH
2022-11-16,4.59,4.61,4.54,4.59,138547579,729162519,0.34,0.21834061135370675,601668.SH
2022-11-17,4.6,4.62,4.53,4.55,143703517,753313054,0.35,-0.8714596949891074,601668.SH
2022-11-20,4.52,4.53,4.45,4.5,108604762,560052226,0.27,-1.098901098901095,601668.SH
2022-11-21,4.53,4.86,4.49,4.75,532245804,2899698854,1.3,5.555555555555558,601668.SH
2022-11-22,4.74,5.03,4.7,4.8,619973208,3471629527,1.52,1.0526315789473717,601668.SH
2022-11-23,4.81,4.85,4.67,4.72,265056650,1441690062,0.65,-1.6666666666666718,601668.SH
2022-11-24,4.73,5.03,4.72,5.0,569927471,3224686563,1.4,5.932203389830515,601668.SH
2022-11-27,4.88,5.01,4.86,4.91,379536105,2141986848,0.93,-1.8000000000000016,601668.SH
2022-11-28,5.03,5.21,5.0,5.12,626453883,3679534866,1.53,4.276985743380846,601668.SH
2022-11-29,5.09,5.16,5.04,5.12,309704222,1817421249,0.76,0.0,601668.SH
2022-11-30,5.13,5.15,4.96,5.0,396136492,2288238672,0.97,-2.34375,601668.SH
2022-12-01,5.0,5.01,4.81,4.94,319067612,1797252550,0.78,-1.19999999999999,601668.SH
2022-12-04,5.07,5.37,4.99,5.32,649013197,3888719127,1.59,7.692307692307687,601668.SH
2022-12-05,5.24,5.34,5.16,5.2,327477555,1972024128,0.8,-2.2556390977443663,601668.SH
2022-12-06,5.17,5.23,5.07,5.12,281822549,1661242312,0.69,-1.538461538461544,601668.SH
2022-12-07,5.11,5.21,5.08,5.14,185782348,1096034130,0.45,0.390625,601668.SH
2022-12-08,5.21,5.21,5.06,5.17,258677146,1529744231,0.63,0.5836575875486361,601668.SH
2022-12-11,5.14,5.18,5.0,5.02,251397323,1463334823,0.62,-2.9013539651837617,601668.SH
2022-12-12,5.0,5.08,4.97,5.02,165077525,951835983,0.4,0.0,601668.SH
2022-12-13,5.02,5.04,4.94,4.97,185485193,1059793967,0.45,-0.9960159362549792,601668.SH
2022-12-14,4.96,4.98,4.86,4.88,214266802,1203478900,0.52,-1.810865191146882,601668.SH
2022-12-15,4.89,5.01,4.88,4.95,184631724,1048880835,0.45,1.434426229508201,601668.SH
2022-12-18,4.94,5.0,4.8,4.81,187097917,1041345162,0.46,-2.8282828282828354,601668.SH
2022-12-19,4.82,4.87,4.75,4.78,141349419,779550554,0.35,-0.6237006237006071,601668.SH
2022-12-20,4.79,4.79,4.73,4.75,99088040,540912012,0.24,-0.6276150627615107,601668.SH
2022-12-21,4.79,4.84,4.68,4.73,227726252,1241343223,0.56,-0.42105263157893313,601668.SH
2022-12-22,4.72,4.74,4.67,4.72,99512926,538414549,0.24,-0.21141649048627142,601668.SH
2022-12-25,4.72,4.73,4.61,4.67,175474705,939113988,0.43,-1.0593220338983023,601668.SH
2022-12-26,4.72,4.79,4.7,4.71,154124027,838678301,0.38,0.8565310492505418,601668.SH
2022-12-27,4.7,4.74,4.67,4.69,121464404,655407430,0.3,-0.4246284501061459,601668.SH
2022-12-28,4.7,4.7,4.6,4.63,169470314,901133806,0.42,-1.279317697228155,601668.SH
2022-12-29,4.65,4.75,4.63,4.73,178223892,962942739,0.44,2.159827213822907,601668.SH
2023-01-02,4.74,4.8,4.67,4.78,184636684,1008600075,0.45,1.0570824524312794,601668.SH
2023-01-03,4.78,4.92,4.74,4.87,219935350,1227302132,0.54,1.882845188284521,601668.SH
2023-01-04,4.89,4.9,4.82,4.87,198902085,1111074018,0.49,0.0,601668.SH
2023-01-05,4.87,4.89,4.8,4.8,162716059,901817491,0.4,-1.4373716632443578,601668.SH
2023-01-08,4.82,4.84,4.76,4.81,149959165,826304794,0.37,0.2083333333333215,601668.SH
2023-01-09,4.8,4.8,4.71,4.73,135921248,740256277,0.33,-1.663201663201641,601668.SH
2023-01-10,4.73,4.79,4.72,4.73,174121052,951742584,0.43,0.0,601668.SH
2023-01-11,4.72,4.74,4.66,4.69,123246335,664184443,0.3,-0.8456659619450302,601668.SH
2023-01-12,4.7,4.75,4.68,4.74,139742679,757798841,0.34,1.0660980810234477,601668.SH
2023-01-15,4.74,4.79,4.67,4.75,227455010,1238689087,0.55,0.21097046413500742,601668.SH
2023-01-16,4.74,4.75,4.67,4.69,155643752,838579354,0.38,-1.2631578947368327,601668.SH
2023-01-17,4.69,4.74,4.67,4.67,119252710,641836128,0.29,-0.4264392324093924,601668.SH
2023-01-18,4.66,4.69,4.62,4.69,180545056,964995159,0.44,0.4282655246252709,601668.SH
2023-01-19,4.68,4.85,4.67,4.85,310349679,1705866335,0.75,3.4115138592750283,601668.SH
2023-01-29,4.87,4.89,4.77,4.79,258219684,1430153054,0.62,-1.2371134020618513,601668.SH
2023-01-30,4.8,4.84,4.77,4.82,171842219,950353440,0.42,0.6263048016701411,601668.SH
2023-01-31,4.83,4.86,4.77,4.85,205565170,1137890007,0.5,0.6224066390041472,601668.SH
2023-02-01,4.86,4.86,4.78,4.81,188083799,1039081054,0.46,-0.8247422680412342,601668.SH
2023-02-02,4.79,4.8,4.69,4.71,196902259,1069562658,0.48,-2.079002079002068,601668.SH
2023-02-05,4.67,4.74,4.65,4.7,176796796,953174803,0.43,-0.2123142250530785,601668.SH
2023-02-06,4.7,4.8,4.68,4.79,220741825,1208308101,0.53,1.9148936170212627,601668.SH
2023-02-07,4.8,4.8,4.69,4.71,145794879,792457878,0.35,-1.6701461377870541,601668.SH
2023-02-08,4.69,4.75,4.68,4.74,120336655,653723844,0.29,0.6369426751592355,601668.SH
2023-02-09,4.73,4.75,4.7,4.73,135147666,733048906,0.33,-0.21097046413501852,601668.SH
2023-02-12,4.71,4.78,4.67,4.75,221420457,1202687128,0.54,0.42283298097249844,601668.SH
2023-02-13,4.75,4.8,4.74,4.78,148735903,815048401,0.36,0.6315789473684275,601668.SH
2023-02-14,4.77,4.78,4.68,4.69,174707883,946888086,0.42,-1.882845188284521,601668.SH
2023-02-15,4.71,4.85,4.71,4.74,368166889,2026620584,0.89,1.0660980810234477,601668.SH
2023-02-16,4.74,4.75,4.67,4.67,228101784,1234468471,0.55,-1.4767932489451518,601668.SH
2023-02-19,4.68,4.98,4.67,4.95,567819605,3169400497,1.37,5.995717344753748,601668.SH
2023-02-20,4.94,5.03,4.94,5.02,316438797,1814334259,0.77,1.414141414141401,601668.SH
2023-02-21,4.98,5.04,4.97,4.98,193860579,1112618982,0.47,-0.7968127490039723,601668.SH
2023-02-22,4.98,5.0,4.93,4.96,151058264,860440118,0.37,-0.40160642570281624,601668.SH
2023-02-23,4.95,4.98,4.86,4.89,213877904,1204500968,0.52,-1.4112903225806495,601668.SH
2023-02-26,4.87,4.92,4.85,4.87,132268483,743122127,0.32,-0.4089979550102152,601668.SH
2023-02-27,4.88,4.91,4.8,4.89,242579880,1354139790,0.59,0.4106776180698102,601668.SH
2023-02-28,4.89,5.03,4.86,5.0,303614618,1736201185,0.73,2.249488752556239,601668.SH
2023-03-01,5.0,5.18,4.98,5.13,472025104,2768030635,1.14,2.6000000000000023,601668.SH
2023-03-02,5.14,5.36,5.12,5.32,618680486,3743915526,1.5,3.70370370370372,601668.SH
2023-03-05,5.41,5.45,5.23,5.26,445351114,2721525552,1.08,-1.1278195488721887,601668.SH
2023-03-06,5.27,5.47,5.24,5.25,553450908,3403950809,1.34,-0.1901140684410607,601668.SH
2023-03-07,5.21,5.27,5.17,5.23,224343143,1344189257,0.54,-0.3809523809523707,601668.SH
2023-03-08,5.24,5.25,5.13,5.15,247197804,1465386486,0.6,-1.5296367112810683,601668.SH
2023-03-09,5.13,5.19,5.07,5.08,241088816,1419323251,0.58,-1.3592233009708798,601668.SH
2023-03-12,5.18,5.33,5.16,5.32,400183124,2416731279,0.97,4.7244094488189115,601668.SH
2023-03-13,5.28,5.36,5.2,5.21,321729332,1944884619,0.78,-2.0676691729323404,601668.SH
2023-03-14,5.24,5.44,5.15,5.38,464902151,2842482370,1.13,3.262955854126681,601668.SH
2023-03-15,5.32,5.4,5.27,5.29,311032309,1902671798,0.75,-1.6728624535315983,601668.SH
2023-03-16,5.31,5.5,5.27,5.42,531664207,3309905463,1.29,2.457466918714557,601668.SH
2023-03-19,5.46,5.69,5.32,5.33,603860205,3816584697,1.46,-1.6605166051660514,601668.SH
2023-03-20,5.34,5.4,5.22,5.26,332624973,2022026475,0.8,-1.3133208255159512,601668.SH
2023-03-21,5.25,5.41,5.22,5.3,286206606,1746948108,0.69,0.7604562737642651,601668.SH
2023-03-22,5.27,5.4,5.24,5.38,265355626,1626815629,0.64,1.5094339622641506,601668.SH
2023-03-23,5.36,5.36,5.14,5.15,501317635,3001807682,1.21,-4.2750929368029595,601668.SH
2023-03-26,5.14,5.19,5.07,5.11,291512737,1712456872,0.71,-0.7766990291262155,601668.SH
2023-03-27,5.14,5.2,5.07,5.1,201583373,1185106815,0.49,-0.1956947162426781,601668.SH
2023-03-28,5.13,5.13,4.98,4.99,277422508,1600158490,0.67,-2.1568627450980316,601668.SH
2023-03-29,5.0,5.1,4.98,5.09,234863159,1358754802,0.57,2.004008016032066,601668.SH
2023-03-30,5.07,5.11,5.02,5.05,189089429,1097005094,0.46,-0.7858546168958758,601668.SH
2023-04-02,5.04,5.15,4.99,5.09,257339722,1507205719,0.62,0.7920792079207928,601668.SH
2023-04-03,5.09,5.38,5.07,5.36,569669950,3452791901,1.38,5.304518664047153,601668.SH
2023-04-05,5.34,5.39,5.27,5.32,228097953,1392678286,0.55,-0.7462686567164201,601668.SH
2023-04-06,5.34,5.38,5.28,5.33,183882127,1126096319,0.45,0.1879699248120259,601668.SH
2023-04-09,5.32,5.43,5.29,5.37,248780177,1540644846,0.6,0.7504690431519689,601668.SH
2023-04-10,5.36,5.43,5.27,5.41,300297910,1851785842,0.73,0.7448789571694592,601668.SH
2023-04-11,5.41,5.59,5.37,5.58,403578477,2554691827,0.98,3.1423290203327126,601668.SH
2023-04-12,5.54,5.59,5.48,5.56,223103245,1419290219,0.54,-0.35842293906810374,601668.SH
2023-04-13,5.54,5.68,5.52,5.65,335365854,2168328065,0.81,1.6187050359712352,601668.SH
2023-04-16,5.62,5.79,5.56,5.73,415490238,2718138480,1.01,1.415929203539834,601668.SH
2023-04-17,5.58,5.7,5.51,5.66,460423670,2967465711,1.11,-1.221640488656195,601668.SH
2023-04-18,5.63,5.72,5.5,5.52,350268709,2251652105,0.85,-2.473498233215554,601668.SH
2023-04-19,5.5,5.67,5.48,5.63,374748623,2401818600,0.91,1.9927536231884035,601668.SH
2023-04-20,5.66,5.73,5.54,5.54,311473173,2013965166,0.75,-1.5985790408525768,601668.SH
2023-04-23,5.57,5.62,5.41,5.43,408024841,2582338980,0.99,-1.9855595667870096,601668.SH
2023-04-24,5.48,5.55,5.41,5.48,313484217,1973470765,0.76,0.9208103130755152,601668.SH
2023-04-25,5.45,5.48,5.28,5.34,351513641,2170731023,0.85,-2.554744525547459,601668.SH
2023-04-26,5.38,5.56,5.34,5.48,313611765,1972802172,0.76,2.621722846441954,601668.SH
2023-04-27,5.61,5.73,5.54,5.72,535634109,3475633953,1.3,4.379562043795615,601668.SH
2023-05-03,5.66,6.13,5.61,6.09,813542844,5552954790,1.97,6.46853146853148,601668.SH
2023-05-04,6.09,6.14,6.01,6.02,480940264,3347175445,1.16,-1.1494252873563315,601668.SH
2023-05-07,6.02,6.28,5.97,6.16,626271355,4416527461,1.52,2.3255813953488413,601668.SH
2023-05-08,6.19,6.4,6.05,6.07,664018875,4733714219,1.61,-1.461038961038963,601668.SH
2023-05-09,6.08,6.09,5.86,5.89,455590879,3115909719,1.1,-2.9654036243822124,601668.SH
2023-05-10,5.91,5.95,5.83,5.86,280721259,1896652279,0.68,-0.5093378607809784,601668.SH
2023-05-11,5.84,5.91,5.68,5.68,312188232,2064967977,0.76,-3.071672354948818,601668.SH
2023-05-14,5.68,5.69,5.52,5.65,392927086,2524715896,0.95,-0.5281690140845008,601668.SH
2023-05-15,5.65,5.69,5.48,5.51,291045325,1861194567,0.7,-2.4778761061946986,601668.SH
2023-05-16,5.5,5.55,5.42,5.51,268271419,1692117750,0.65,0.0,601668.SH
2023-05-17,5.51,5.57,5.46,5.47,324846285,2056702554,0.79,-0.7259528130671544,601668.SH
2023-05-18,5.44,5.44,5.32,5.38,301739806,1863969390,0.73,-1.645338208409508,601668.SH
2023-05-21,5.39,5.43,5.35,5.36,206417279,1275614204,0.5,-0.3717472118959009,601668.SH
2023-05-22,5.37,5.41,5.27,5.27,244552399,1496198719,0.59,-1.679104477611959,601668.SH
2023-05-23,5.23,5.25,5.08,5.09,367050920,2169725559,0.89,-3.4155597722960063,601668.SH
2023-05-24,5.07,5.08,5.0,5.05,286358202,1656186334,0.69,-0.7858546168958758,601668.SH
2023-05-25,5.05,5.07,4.95,5.0,244972567,1407784083,0.59,-0.990099009900991,601668.SH
2023-05-28,5.03,5.09,5.0,5.05,243209940,1409870557,0.59,1.0000000000000009,601668.SH
2023-05-29,5.05,5.23,5.03,5.19,435231069,2573893857,1.05,2.7722772277227747,601668.SH
2023-05-30,5.14,5.21,5.11,5.14,267066281,1580498487,0.65,-0.9633911368015502,601668.SH
2023-05-31,5.13,5.27,5.11,5.23,298138126,1785948069,0.72,1.7509727626459304,601668.SH
2023-06-01,5.23,5.32,5.18,5.29,257188981,1551662084,0.62,1.1472275334607929,601668.SH
2023-06-04,5.27,5.31,5.21,5.22,239228068,1442961291,0.58,-1.3232514177693777,601668.SH
2023-06-05,5.22,5.41,5.2,5.24,330486535,2017740988,0.8,0.3831417624521105,601668.SH
2023-06-06,5.27,5.32,5.21,5.24,153356684,926719275,0.37,0.0,601668.SH
2023-06-07,5.26,5.38,5.19,5.37,220616903,1346877726,0.53,2.4809160305343525,601668.SH
2023-06-08,5.34,5.41,5.34,5.38,165041902,1020855914,0.4,0.18621973929235924,601668.SH
2023-06-11,5.36,5.37,5.27,5.27,197717564,1204115863,0.48,-2.0446096654275103,601668.SH
2023-06-12,5.27,5.29,5.18,5.22,181949346,1091326008,0.44,-0.9487666034155517,601668.SH
2023-06-13,5.22,5.29,5.16,5.18,157938183,946223075,0.38,-0.7662835249042099,601668.SH
2023-06-14,5.19,5.24,5.16,5.23,136908073,818843305,0.33,0.9652509652509744,601668.SH
2023-06-15,5.25,5.35,5.24,5.33,241370507,1473850657,0.58,1.9120458891013214,601668.SH
2023-06-18,5.32,5.33,5.14,5.14,310653822,1846293885,0.75,-3.564727954971869,601668.SH
2023-06-19,5.14,5.18,5.07,5.08,204797782,1201669829,0.5,-1.1673151750972721,601668.SH
2023-06-20,5.07,5.16,5.06,5.11,176094386,1035918602,0.43,0.5905511811023612,601668.SH
2023-06-25,5.08,5.09,4.93,4.95,200647111,1150974677,0.49,-3.131115459882583,601668.SH
2023-06-26,4.96,5.16,4.95,5.14,225336979,1315099561,0.55,3.8383838383838187,601668.SH
2023-06-27,5.15,5.2,5.1,5.19,167175276,990871099,0.4,0.9727626459144156,601668.SH
2023-06-28,5.2,5.24,5.12,5.21,177762672,1061376460,0.43,0.3853564547205979,601668.SH
2023-06-29,5.23,5.31,5.2,5.21,161117467,930601412,0.39,0.0,601668.SH
2023-07-02,5.21,5.3,5.16,5.25,216122264,1247219531,0.52,0.7677543186180413,601668.SH
2023-07-03,5.23,5.31,5.16,5.21,174701187,1003970305,0.42,-0.7619047619047636,601668.SH
2023-07-04,5.19,5.31,5.18,5.22,135666380,784484482,0.33,0.19193857965451588,601668.SH
2023-07-05,5.21,5.22,5.14,5.17,125847283,717230658,0.3,-0.9578544061302652,601668.SH
2023-07-06,5.15,5.19,5.11,5.12,138526547,783194623,0.34,-0.9671179883945835,601668.SH
2023-07-09,5.14,5.21,5.14,5.17,115169286,656125646,0.28,0.9765625,601668.SH
2023-07-10,5.21,5.24,5.16,5.21,103178063,590752676,0.25,0.7736943907156624,601668.SH
2023-07-11,5.21,5.23,5.12,5.12,122851130,698659097,0.3,-1.7274472168905874,601668.SH
2023-07-12,5.15,5.2,5.14,5.19,126304818,719261215,0.31,1.3671875,601668.SH
2023-07-13,5.21,5.24,5.16,5.19,125771173,718773762,0.3,0.0,601668.SH
2023-07-16,5.18,5.18,5.11,5.14,94683680,534781236,0.23,-0.9633911368015502,601668.SH
2023-07-17,5.15,5.15,5.08,5.11,122158818,686678069,0.3,-0.583657587548625,601668.SH
2023-07-18,5.09,5.14,5.08,5.13,106611578,599230378,0.26,0.3913894324853118,601668.SH
2023-07-19,5.13,5.17,5.09,5.1,140389262,793434077,0.34,-0.5847953216374324,601668.SH
2023-07-20,5.05,5.05,4.97,5.0,273053885,1504508609,0.66,-1.9607843137254832,601668.SH
2023-07-23,4.98,5.07,4.95,5.05,163142542,901229435,0.39,1.0000000000000009,601668.SH
2023-07-24,5.11,5.29,5.11,5.29,358078045,2064466918,0.87,4.752475247524757,601668.SH
2023-07-25,5.28,5.31,5.25,5.3,138175099,803449210,0.33,0.1890359168241984,601668.SH
2023-07-26,5.31,5.33,5.27,5.28,116033050,677040103,0.28,-0.37735849056602655,601668.SH
2023-07-27,5.28,5.49,5.25,5.47,285662041,1697441089,0.69,3.5984848484848397,601668.SH
2023-07-30,5.5,5.68,5.5,5.55,302047723,1856098803,0.73,1.4625228519195677,601668.SH
2023-07-31,5.52,5.6,5.5,5.54,148418186,905617814,0.36,-0.18018018018017834,601668.SH
2023-08-01,5.53,5.6,5.48,5.51,121307213,737015134,0.29,-0.5415162454873723,601668.SH
2023-08-02,5.5,5.58,5.46,5.55,117100084,711144230,0.28,0.7259528130671544,601668.SH
2023-08-03,5.59,5.67,5.52,5.53,155732783,957258446,0.38,-0.3603603603603567,601668.SH
2023-08-06,5.52,5.54,5.43,5.48,152837472,920498115,0.37,-0.9041591320072317,601668.SH
2023-08-07,5.45,5.5,5.43,5.46,101911812,613444875,0.25,-0.36496350364964014,601668.SH
2023-08-08,5.45,5.5,5.43,5.49,100207682,604533728,0.24,0.5494505494505475,601668.SH
2023-08-09,5.48,5.51,5.43,5.45,109563777,658675186,0.27,-0.7285974499089298,601668.SH
2023-08-10,5.47,5.49,5.32,5.32,186868053,1107236183,0.45,-2.3853211009174258,601668.SH
2023-08-13,5.29,5.4,5.24,5.36,190282656,1111497295,0.46,0.7518796992481258,601668.SH
2023-08-14,5.36,5.4,5.32,5.38,121308817,716689050,0.29,0.3731343283581934,601668.SH
2023-08-15,5.38,5.46,5.32,5.4,123225413,733050728,0.3,0.3717472118959231,601668.SH
2023-08-16,5.39,5.41,5.33,5.4,135806626,803616474,0.33,0.0,601668.SH
2023-08-17,5.4,5.48,5.31,5.31,138625515,821506780,0.34,-1.666666666666683,601668.SH
2023-08-20,5.31,5.41,5.29,5.29,142402210,837177063,0.34,-0.37664783427494575,601668.SH
2023-08-21,5.31,5.41,5.3,5.39,169861172,1002163528,0.41,1.8903591682419618,601668.SH
2023-08-22,5.38,5.41,5.31,5.31,163741170,966387844,0.4,-1.4842300556586308,601668.SH
2023-08-23,5.33,5.35,5.07,5.07,344962886,1959704822,0.83,-4.519774011299427,601668.SH
2023-08-24,5.06,5.19,5.05,5.15,191997355,1085342606,0.46,1.5779092702169706,601668.SH
2023-08-27,5.41,5.44,5.25,5.29,281147567,1653342347,0.68,2.7184466019417375,601668.SH
2023-08-28,5.29,5.34,5.19,5.22,245336928,1412535864,0.59,-1.3232514177693777,601668.SH
2023-08-29,5.19,5.21,5.1,5.11,231530728,1307472557,0.56,-2.1072796934865745,601668.SH
2023-08-30,5.13,5.16,5.09,5.11,186145938,1048142745,0.45,0.0,601668.SH
2023-08-31,5.14,5.24,5.14,5.2,192454421,1101264256,0.47,1.7612524461839474,601668.SH
2023-09-03,5.25,5.31,5.23,5.27,221656775,1288862874,0.54,1.3461538461538414,601668.SH
2023-09-04,5.25,5.26,5.17,5.2,141992046,812490821,0.34,-1.3282732447817747,601668.SH
2023-09-05,5.19,5.23,5.14,5.21,152318298,869305244,0.37,0.19230769230769162,601668.SH
2023-09-06,5.2,5.23,5.15,5.15,116694030,665836541,0.28,-1.151631477927051,601668.SH
2023-09-07,5.14,5.16,5.11,5.15,69339981,392297022,0.17,0.0,601668.SH
2023-09-10,5.17,5.19,5.13,5.17,123623651,702454098,0.3,0.3883495145631022,601668.SH
2023-09-11,5.17,5.21,5.13,5.14,102343340,581435422,0.25,-0.5802707930367523,601668.SH
2023-09-12,5.15,5.21,5.13,5.16,155761427,885553067,0.38,0.3891050583657574,601668.SH
2023-09-13,5.18,5.21,5.15,5.19,118381641,675944108,0.29,0.5813953488372103,601668.SH
2023-09-14,5.21,5.21,5.11,5.11,165841964,940764727,0.4,-1.5414258188824692,601668.SH
2023-09-17,5.12,5.13,5.08,5.1,106426726,597311759,0.26,-0.1956947162426781,601668.SH
2023-09-18,5.11,5.13,5.07,5.11,97526414,547925311,0.24,0.19607843137257053,601668.SH
2023-09-19,5.11,5.15,5.06,5.12,95622739,538448221,0.23,0.1956947162426559,601668.SH
2023-09-20,5.12,5.15,5.06,5.06,115725224,649478292,0.28,-1.171875000000011,601668.SH
2023-09-21,5.05,5.21,5.04,5.21,191361169,1082760440,0.46,2.964426877470361,601668.SH
2023-09-24,5.2,5.2,5.08,5.09,159829480,900582698,0.39,-2.303262955854124,601668.SH
2023-09-25,5.09,5.1,5.01,5.01,187885081,1042269126,0.45,-1.5717092337917515,601668.SH
2023-09-26,5.02,5.09,5.01,5.05,161162354,896816100,0.39,0.7984031936127733,601668.SH
2023-09-27,5.07,5.08,5.01,5.02,109607346,607566854,0.27,-0.5940594059405946,601668.SH
2023-10-08,5.01,5.01,4.93,4.94,152002940,831856578,0.37,-1.5936254980079556,601668.SH
2023-10-09,4.97,4.98,4.72,4.74,355334420,1869818119,0.86,-4.048582995951422,601668.SH
2023-10-10,4.75,4.8,4.73,4.76,145807949,764572119,0.35,0.42194092827003704,601668.SH
2023-10-11,4.81,4.89,4.81,4.85,157153705,839341186,0.38,1.8907563025210017,601668.SH
2023-10-12,4.82,4.83,4.77,4.78,93114821,490630825,0.23,-1.4432989690721487,601668.SH
2023-10-15,4.81,4.81,4.75,4.77,81302089,427328742,0.2,-0.20920502092051096,601668.SH
2023-10-16,4.79,4.81,4.76,4.81,88810487,468377660,0.21,0.8385744234800763,601668.SH
2023-10-17,4.79,4.81,4.73,4.74,95323419,499671836,0.23,-1.4553014553014387,601668.SH
2023-10-18,4.72,4.74,4.64,4.7,186571035,962065414,0.45,-0.8438818565400852,601668.SH
2023-10-19,4.7,4.73,4.64,4.67,127393978,657824928,0.31,-0.638297872340432,601668.SH
2023-10-22,4.67,4.68,4.58,4.61,111052727,564753976,0.27,-1.2847965738757905,601668.SH
2023-10-23,4.61,4.64,4.57,4.62,145848467,740767268,0.35,0.2169197396963085,601668.SH
2023-10-24,4.72,4.74,4.66,4.71,194950667,1009528539,0.47,1.9480519480519431,601668.SH
2023-10-25,4.69,4.74,4.67,4.73,104521441,541184512,0.25,0.424628450106157,601668.SH
2023-10-26,4.73,4.77,4.69,4.74,136791888,713987574,0.33,0.21141649048626032,601668.SH
2023-10-29,4.73,4.74,4.67,4.7,141918622,733290197,0.34,-0.8438818565400852,601668.SH
2023-10-30,4.7,4.72,4.66,4.71,107474957,554926344,0.26,0.21276595744681437,601668.SH
2023-10-31,4.71,4.71,4.67,4.68,98676278,509309556,0.24,-0.6369426751592355,601668.SH
2023-11-01,4.69,4.77,4.68,4.69,143375104,745436405,0.35,0.21367521367523512,601668.SH
2023-11-02,4.7,4.71,4.67,4.68,119015485,614140819,0.29,-0.2132196162047073,601668.SH
2023-11-05,4.7,4.8,4.67,4.76,220672100,1151152600,0.53,1.7094017094017033,601668.SH
2023-11-06,4.75,4.76,4.69,4.7,136647700,708378308,0.33,-1.2605042016806678,601668.SH
2023-11-07,4.7,4.71,4.65,4.67,119018919,612694983,0.29,-0.638297872340432,601668.SH
2023-11-08,4.67,4.73,4.66,4.68,128265968,662616379,0.31,0.21413276231263545,601668.SH
2023-11-09,4.67,4.68,4.59,4.61,175713927,892037233,0.43,-1.4957264957264793,601668.SH
2023-11-12,4.61,4.68,4.6,4.67,158099347,807117500,0.38,1.3015184381778733,601668.SH
2023-11-13,4.67,4.71,4.63,4.66,96945042,497675086,0.23,-0.21413276231262435,601668.SH
2023-11-14,4.7,4.72,4.67,4.7,134370932,694364951,0.33,0.8583690987124415,601668.SH
2023-11-15,4.7,4.71,4.64,4.67,87296757,447868384,0.21,-0.638297872340432,601668.SH
2023-11-16,4.66,4.66,4.61,4.62,119681414,608874913,0.29,-1.0706638115631661,601668.SH
2023-11-19,4.63,4.64,4.59,4.61,136512861,692947155,0.33,-0.21645021645021467,601668.SH
2023-11-20,4.62,4.7,4.62,4.65,202812615,1042033360,0.49,0.8676789587852562,601668.SH
2023-11-21,4.63,4.66,4.61,4.62,96564124,492496799,0.23,-0.6451612903225823,601668.SH
2023-11-22,4.61,4.66,4.6,4.65,110940058,565749239,0.27,0.6493506493506551,601668.SH
2023-11-23,4.65,4.69,4.61,4.63,96327409,492432506,0.23,-0.43010752688172893,601668.SH
2023-11-26,4.63,4.64,4.53,4.56,226835851,1139905359,0.55,-1.5118790496760348,601668.SH
2023-11-27,4.56,4.57,4.54,4.55,109596676,549202129,0.27,-0.21929824561403022,601668.SH
2023-11-28,4.56,4.56,4.41,4.49,279140388,1374214718,0.68,-1.318681318681314,601668.SH
2023-11-29,4.48,4.53,4.46,4.51,139756922,693807881,0.34,0.44543429844097204,601668.SH
2023-11-30,4.51,4.52,4.47,4.5,181010141,896622616,0.44,-0.22172949002217113,601668.SH
2023-12-03,4.5,4.51,4.43,4.43,148471000,728668374,0.36,-1.5555555555555656,601668.SH
2023-12-04,4.42,4.43,4.37,4.37,137494658,666038228,0.33,-1.3544018058690654,601668.SH
2023-12-05,4.36,4.37,4.31,4.33,156776497,748605930,0.38,-0.9153318077803174,601668.SH
2023-12-06,4.31,4.35,4.29,4.32,119834757,570402490,0.29,-0.2309468822170868,601668.SH
2023-12-07,4.33,4.38,4.31,4.32,123616660,591414719,0.3,0.0,601668.SH
2023-12-10,4.31,4.38,4.25,4.35,203803887,964647682,0.49,0.6944444444444198,601668.SH
2023-12-11,4.34,4.41,4.33,4.41,158494035,764127975,0.38,1.379310344827589,601668.SH
2023-12-12,4.4,4.41,4.32,4.32,116191500,557145619,0.28,-2.0408163265306034,601668.SH
2023-12-13,4.34,4.38,4.31,4.31,101788040,486145148,0.25,-0.23148148148149916,601668.SH
2023-12-14,4.34,4.36,4.29,4.3,127044023,604723812,0.31,-0.23201856148491462,601668.SH
2023-12-17,4.29,4.32,4.26,4.27,93487231,440971738,0.23,-0.6976744186046546,601668.SH
2023-12-18,4.27,4.29,4.22,4.25,127748914,598276959,0.31,-0.4683840749414414,601668.SH
2023-12-19,4.25,4.3,4.23,4.24,118458149,556475515,0.29,-0.23529411764705577,601668.SH
2023-12-20,4.22,4.29,4.22,4.29,117350355,550492865,0.28,1.1792452830188704,601668.SH
2023-12-21,4.29,4.34,4.27,4.32,123921848,588086413,0.3,0.6993006993007089,601668.SH
2023-12-24,4.32,4.32,4.27,4.29,83524002,394544497,0.2,-0.6944444444444531,601668.SH
2023-12-25,4.29,4.31,4.27,4.28,70727180,333824276,0.17,-0.2331002331002252,601668.SH
2023-12-26,4.29,4.31,4.25,4.3,95829291,451505831,0.23,0.4672897196261516,601668.SH
2023-12-27,4.29,4.4,4.28,4.38,157180786,753324028,0.38,1.8604651162790642,601668.SH
2023-12-28,4.37,4.41,4.33,4.37,151553105,727976155,0.37,-0.22831050228310223,601668.SH
2024-01-01,4.38,4.38,4.31,4.31,163051333,777021064,0.39,-1.3729977116704872,601668.SH
2024-01-02,4.31,4.35,4.3,4.34,170695724,812764783,0.41,0.6960556844547661,601668.SH
2024-01-03,4.34,4.36,4.28,4.31,130743914,619971760,0.32,-0.691244239631339,601668.SH
2024-01-04,4.31,4.4,4.3,4.33,270205562,1295905454,0.65,0.46403712296985145,601668.SH
2024-01-07,4.34,4.36,4.28,4.29,180895437,858449080,0.44,-0.9237875288683584,601668.SH
2024-01-08,4.29,4.34,4.28,4.33,141614493,672690352,0.34,0.932400932400923,601668.SH
2024-01-09,4.32,4.34,4.3,4.31,88570430,421041178,0.21,-0.46189376443419583,601668.SH
2024-01-10,4.31,4.32,4.27,4.31,134780103,637230738,0.33,0.0,601668.SH
2024-01-11,4.3,4.35,4.29,4.31,133983044,638503623,0.32,0.0,601668.SH
2024-01-14,4.31,4.37,4.29,4.35,136885724,653617846,0.33,0.9280742459396807,601668.SH
2024-01-15,4.33,4.37,4.31,4.36,137838875,659119059,0.33,0.22988505747127963,601668.SH
2024-01-16,4.34,4.36,4.27,4.28,192325682,913386905,0.47,-1.834862385321101,601668.SH
2024-01-17,4.27,4.28,4.12,4.25,340993247,1576760979,0.83,-0.7009345794392607,601668.SH
2024-01-18,4.22,4.28,4.19,4.24,194263966,907492623,0.47,-0.23529411764705577,601668.SH
2024-01-21,4.23,4.3,4.16,4.19,255168663,1193469615,0.62,-1.1792452830188593,601668.SH
2024-01-22,4.18,4.22,4.15,4.19,147159874,678820675,0.36,0.0,601668.SH
2024-01-23,4.22,4.42,4.21,4.42,371184522,1762952867,0.9,5.4892601431980825,601668.SH
2024-01-24,4.41,4.65,4.4,4.63,517906721,2604948683,1.25,4.751131221719462,601668.SH
2024-01-25,4.65,4.74,4.6,4.7,454556909,2334952148,1.1,1.5118790496760237,601668.SH
2024-01-28,4.77,4.91,4.7,4.72,547252933,2882294344,1.32,0.42553191489360653,601668.SH
2024-01-29,4.71,4.78,4.69,4.71,326630271,1701265585,0.79,-0.21186440677966045,601668.SH
2024-01-30,4.68,4.74,4.63,4.67,262973032,1357738909,0.64,-0.849256900212314,601668.SH
2024-01-31,4.63,4.65,4.55,4.56,300557158,1521820728,0.73,-2.355460385438979,601668.SH
2024-02-01,4.56,4.69,4.51,4.59,350616130,1781724241,0.85,0.6578947368421018,601668.SH
2024-02-04,4.58,4.63,4.51,4.59,354626292,1790223662,0.86,0.0,601668.SH
2024-02-05,4.56,4.68,4.54,4.64,338988165,1723253858,0.82,1.089324618736387,601668.SH
2024-02-06,4.64,4.69,4.61,4.68,329230124,1685122004,0.8,0.8620689655172376,601668.SH
2024-02-07,4.68,4.71,4.61,4.65,333608048,1705821384,0.81,-0.6410256410256276,601668.SH
2024-02-18,4.66,4.71,4.62,4.71,300496463,1540610338,0.73,1.2903225806451424,601668.SH
2024-02-19,4.69,4.72,4.67,4.71,207362134,1073019245,0.5,0.0,601668.SH
2024-02-20,4.71,4.92,4.69,4.86,359727954,1915483698,0.87,3.1847133757961776,601668.SH
2024-02-21,4.84,4.88,4.82,4.87,179692134,960510926,0.43,0.2057613168724215,601668.SH
2024-02-22,4.88,5.0,4.87,4.99,289587800,1579666533,0.7,2.4640657084188833,601668.SH
2024-02-25,4.96,4.97,4.81,4.82,296544071,1592305117,0.72,-3.4068136272545124,601668.SH
2024-02-26,4.81,4.85,4.79,4.83,167803924,890288715,0.41,0.20746887966804906,601668.SH
2024-02-27,4.82,4.88,4.81,4.81,217899851,1160939074,0.53,-0.41407867494824835,601668.SH
2024-02-28,4.8,4.86,4.8,4.86,173002076,919636023,0.42,1.0395010395010562,601668.SH
2024-02-29,4.84,4.85,4.81,4.83,156472507,831473385,0.38,-0.6172839506172867,601668.SH
2024-03-03,4.81,4.82,4.75,4.77,208111034,1093770414,0.5,-1.242236024844734,601668.SH
2024-03-04,4.76,4.87,4.75,4.85,216907932,1152572559,0.52,1.6771488469601747,601668.SH
2024-03-05,4.85,4.87,4.81,4.81,148952341,791078338,0.36,-0.8247422680412342,601668.SH
2024-03-06,4.81,4.88,4.81,4.81,161551854,859694780,0.39,0.0,601668.SH
2024-03-07,4.81,4.83,4.78,4.81,131744584,697439056,0.32,0.0,601668.SH
2024-03-10,4.82,4.86,4.8,4.83,159320575,846129554,0.39,0.4158004158004269,601668.SH
2024-03-11,4.83,4.83,4.78,4.81,182848392,966494143,0.44,-0.41407867494824835,601668.SH
2024-03-12,4.81,4.81,4.71,4.71,208776029,1087973525,0.51,-2.079002079002068,601668.SH
2024-03-13,4.7,4.8,4.7,4.74,175881173,922744686,0.43,0.6369426751592355,601668.SH
2024-03-14,4.73,4.75,4.7,4.73,137771839,715697098,0.33,-0.21097046413501852,601668.SH
2024-03-17,4.72,4.81,4.72,4.76,168228529,882396460,0.41,0.6342494714587588,601668.SH
2024-03-18,4.75,4.78,4.71,4.71,130088535,678105663,0.31,-1.0504201680672232,601668.SH
2024-03-19,4.71,4.75,4.7,4.73,106231173,552668130,0.26,0.424628450106157,601668.SH
2024-03-20,4.74,4.77,4.71,4.73,116304023,607403643,0.28,0.0,601668.SH
2024-03-21,4.73,4.74,4.67,4.7,140695450,727780065,0.34,-0.634249471458781,601668.SH
2024-03-24,4.7,4.76,4.69,4.72,148048421,771751881,0.36,0.42553191489360653,601668.SH
2024-03-25,4.71,4.77,4.71,4.76,123317919,644405361,0.3,0.8474576271186418,601668.SH
2024-03-26,4.75,4.8,4.75,4.75,124684772,654830324,0.3,-0.21008403361344463,601668.SH
2024-03-27,4.74,4.77,4.71,4.74,134788489,704203923,0.33,-0.21052631578947212,601668.SH
2024-03-28,4.75,4.8,4.74,4.76,149015281,782803637,0.36,0.42194092827003704,601668.SH
2024-03-31,4.78,4.81,4.74,4.79,192177294,1012289122,0.47,0.6302521008403339,601668.SH
2024-04-01,4.77,4.8,4.73,4.74,173091545,907229710,0.42,-1.0438413361169019,601668.SH
2024-04-02,4.75,4.76,4.71,4.72,121158419,631477768,0.29,-0.42194092827004814,601668.SH
2024-04-07,4.71,4.77,4.69,4.71,154048465,802602743,0.37,-0.21186440677966045,601668.SH
2024-04-08,4.72,4.73,4.63,4.64,188776393,969934186,0.46,-1.4861995753715607,601668.SH
2024-04-09,4.64,4.67,4.58,4.59,165473976,840957735,0.4,-1.0775862068965525,601668.SH
2024-04-10,4.59,4.67,4.55,4.62,183068159,931535987,0.44,0.6535947712418277,601668.SH
2024-04-11,4.61,4.62,4.55,4.55,163075944,821449037,0.39,-1.515151515151525,601668.SH
2024-04-14,4.57,4.77,4.57,4.75,365570968,1893302778,0.88,4.395604395604402,601668.SH
2024-04-15,4.74,4.79,4.71,4.75,280732153,1469118639,0.68,0.0,601668.SH
2024-04-16,4.72,4.87,4.69,4.86,344931538,1819343766,0.83,2.3157894736842266,601668.SH
2024-04-17,4.85,4.93,4.83,4.89,243800907,1312388489,0.59,0.6172839506172645,601668.SH
2024-04-18,4.89,4.92,4.85,4.87,249661542,1342398734,0.6,-0.4089979550102152,601668.SH
2024-04-21,4.87,4.94,4.83,4.87,236704829,1273174640,0.57,0.0,601668.SH
2024-04-22,4.87,4.89,4.73,4.74,231243641,1219592129,0.56,-2.6694045174537995,601668.SH
2024-04-23,4.75,4.8,4.73,4.79,141036933,739814992,0.34,1.0548523206751037,601668.SH
2024-04-24,4.79,4.82,4.76,4.81,142147992,750143664,0.34,0.41753653444676075,601668.SH
2024-04-25,4.81,4.88,4.79,4.86,203172176,1081094110,0.49,1.0395010395010562,601668.SH
2024-04-28,4.85,4.98,4.84,4.95,282576857,1532969946,0.68,1.8518518518518379,601668.SH
2024-04-29,4.95,4.95,4.86,4.87,249758489,1344375809,0.6,-1.6161616161616155,601668.SH
2024-05-05,4.91,4.98,4.91,4.92,235771420,1282574990,0.57,1.0266940451745254,601668.SH
2024-05-06,4.91,4.96,4.89,4.91,172821233,935336975,0.42,-0.20325203252031798,601668.SH
2024-05-07,4.91,4.91,4.86,4.86,133450556,717375282,0.32,-1.0183299389001976,601668.SH
2024-05-08,4.87,4.92,4.87,4.91,141010190,761426216,0.34,1.0288065843621297,601668.SH
2024-05-09,4.92,5.0,4.91,4.98,233346468,1274314325,0.56,1.4256619144602967,601668.SH
2024-05-12,4.98,5.07,4.96,5.04,263116015,1453800314,0.64,1.2048192771084265,601668.SH
2024-05-13,5.04,5.05,5.01,5.01,162921161,901115809,0.39,-0.5952380952381042,601668.SH
2024-05-14,5.01,5.06,4.98,5.01,180748563,999384938,0.44,0.0,601668.SH
2024-05-15,5.01,5.18,5.01,5.14,323723532,1826437121,0.78,2.594810379241519,601668.SH
2024-05-16,5.18,5.33,5.11,5.32,429442378,2466398574,1.04,3.5019455252918386,601668.SH
2024-05-19,5.31,5.32,5.24,5.27,305722016,1777126357,0.74,-0.9398496240601628,601668.SH
2024-05-20,5.27,5.34,5.26,5.3,218842210,1276727264,0.53,0.569259962049351,601668.SH
2024-05-21,5.29,5.41,5.28,5.35,249717637,1471201760,0.6,0.943396226415083,601668.SH
2024-05-22,5.34,5.35,5.22,5.26,227985284,1322045909,0.55,-1.6822429906542036,601668.SH
2024-05-23,5.25,5.29,5.16,5.18,178300372,1024887500,0.43,-1.520912547528519,601668.SH
2024-05-26,5.16,5.23,5.16,5.22,137802162,789180453,0.33,0.7722007722007707,601668.SH
2024-05-27,5.22,5.24,5.14,5.16,146241857,834590761,0.35,-1.1494252873563093,601668.SH
2024-05-28,5.15,5.23,5.14,5.18,120903004,690551063,0.29,0.3875968992248069,601668.SH
2024-05-29,5.17,5.2,5.09,5.13,147741695,834632653,0.36,-0.9652509652509633,601668.SH
2024-05-30,5.13,5.16,5.11,5.11,140595911,793890510,0.34,-0.3898635477582735,601668.SH
2024-06-02,5.11,5.13,5.04,5.08,151097655,842492663,0.37,-0.5870841487279899,601668.SH
2024-06-03,5.07,5.18,5.06,5.15,177268668,1001360569,0.43,1.3779527559055094,601668.SH
2024-06-04,5.15,5.16,5.06,5.07,132827318,745428078,0.32,-1.553398058252431,601668.SH
2024-06-05,5.08,5.11,5.04,5.06,139232561,779040376,0.34,-0.19723865877713243,601668.SH
2024-06-06,5.08,5.13,5.06,5.1,162304714,910797720,0.39,0.7905138339920903,601668.SH
2024-06-10,5.08,5.09,4.98,5.0,174674368,963936151,0.42,-1.9607843137254832,601668.SH
2024-06-11,4.99,5.04,4.93,5.01,143356548,787627689,0.35,0.20000000000000018,601668.SH
2024-06-12,5.01,5.04,4.96,4.97,112709185,619329778,0.27,-0.7984031936127733,601668.SH
2024-06-13,4.96,5.06,4.95,5.05,159878286,883746077,0.39,1.6096579476861272,601668.SH
2024-06-16,5.02,5.03,4.92,4.94,169928631,928527873,0.41,-2.178217821782169,601668.SH
2024-06-17,4.95,5.04,4.94,5.01,177247388,976116397,0.43,1.4170040485829816,601668.SH
2024-06-18,5.01,5.06,5.01,5.03,92904426,514525164,0.22,0.3992015968063978,601668.SH
2024-06-19,5.03,5.04,4.95,4.96,120623783,660401400,0.29,-1.3916500994035852,601668.SH
2024-06-20,4.97,5.0,4.95,4.98,132404924,725203924,0.32,0.40322580645162365,601668.SH
2024-06-23,4.98,5.0,4.92,4.97,149823930,818488204,0.36,-0.20080321285141922,601668.SH
2024-06-24,4.97,5.02,4.96,4.98,148039341,813847715,0.36,0.201207243460777,601668.SH
2024-06-25,4.98,4.99,4.93,4.96,148878253,813175317,0.36,-0.40160642570281624,601668.SH
2024-06-26,5.02,5.05,4.95,5.02,212144058,1110075369,0.51,1.2096774193548265,601668.SH
2024-06-27,5.0,5.12,4.99,5.07,180648093,959962612,0.44,0.9960159362550014,601668.SH
2024-06-30,5.07,5.24,5.07,5.2,170028148,921972503,0.41,2.564102564102555,601668.SH
2024-07-01,5.2,5.24,5.18,5.2,132646948,722258848,0.32,0.0,601668.SH
2024-07-02,5.19,5.27,5.19,5.22,125019297,683726655,0.3,0.38461538461538325,601668.SH
2024-07-03,5.23,5.26,5.19,5.19,117381260,640707944,0.28,-0.5747126436781436,601668.SH
2024-07-04,5.19,5.22,5.11,5.12,154947508,834612751,0.37,-1.3487475915221592,601668.SH
2024-07-07,5.12,5.15,5.05,5.07,148592090,790453021,0.36,-0.9765625,601668.SH
2024-07-08,5.07,5.08,4.97,5.03,201324714,1056420797,0.49,-0.7889546351084853,601668.SH
2024-07-09,5.01,5.03,4.96,4.98,145510981,758529302,0.35,-0.994035785288272,601668.SH
2024-07-10,5.02,5.11,5.0,5.11,170666631,906942025,0.41,2.610441767068261,601668.SH
2024-07-11,5.12,5.22,5.12,5.17,142837249,774023900,0.35,1.1741682974559575,601668.SH
2024-07-14,5.16,5.22,5.14,5.16,124331084,673002587,0.3,-0.19342359767891004,601668.SH
2024-07-15,5.16,5.17,5.09,5.13,139568056,749501945,0.34,-0.5813953488372103,601668.SH
2024-07-16,5.13,5.2,5.12,5.18,146956209,795460780,0.36,0.974658869395717,601668.SH
2024-07-17,5.18,5.22,5.11,5.22,154302619,836592973,0.37,0.7722007722007707,601668.SH
2024-07-18,5.2,5.22,5.14,5.21,173438248,941073003,0.42,-0.19157088122604415,601668.SH
2024-07-21,5.2,5.27,5.15,5.18,207911698,1129873170,0.5,-0.5758157389635365,601668.SH
2024-07-22,5.16,5.26,5.14,5.2,208571370,1138374616,0.5,0.38610038610038533,601668.SH
2024-07-23,5.19,5.39,5.18,5.34,375058352,2083164705,0.91,2.6923076923076827,601668.SH
2024-07-24,5.33,5.39,5.27,5.3,246677814,1372455171,0.6,-0.7490636704119868,601668.SH
2024-07-25,5.3,5.31,5.2,5.25,201921835,1108424516,0.49,-0.9433962264150941,601668.SH
2024-07-28,5.25,5.41,5.24,5.37,226365448,1266065490,0.55,2.285714285714291,601668.SH
2024-07-29,5.37,5.4,5.33,5.39,188538548,1060826188,0.46,0.3724394785847185,601668.SH
2024-07-30,5.39,5.4,5.29,5.33,244563564,1364703931,0.59,-1.1131725417439675,601668.SH
2024-07-31,5.32,5.46,5.3,5.37,310457405,1751315568,0.75,0.7504690431519689,601668.SH
2024-08-01,5.35,5.37,5.28,5.28,195726717,1087856740,0.47,-1.6759776536312776,601668.SH
2024-08-04,5.26,5.31,5.2,5.22,202948468,1115534858,0.49,-1.1363636363636465,601668.SH
2024-08-05,5.25,5.28,5.14,5.19,183535178,996256861,0.44,-0.5747126436781436,601668.SH
2024-08-06,5.19,5.23,5.16,5.17,105221573,571379969,0.25,-0.3853564547206201,601668.SH
2024-08-07,5.16,5.23,5.14,5.21,98037860,532903537,0.24,0.7736943907156624,601668.SH
2024-08-08,5.21,5.31,5.2,5.27,155299333,856623652,0.38,1.151631477927051,601668.SH
2024-08-11,5.26,5.29,5.23,5.26,105920950,583383213,0.26,-0.1897533206831059,601668.SH
2024-08-12,5.26,5.29,5.24,5.27,106847808,588557110,0.26,0.1901140684410496,601668.SH
2024-08-13,5.28,5.31,5.25,5.25,95685576,527904603,0.23,-0.3795066413662118,601668.SH
2024-08-14,5.25,5.37,5.21,5.34,205272334,1141141640,0.5,1.7142857142857126,601668.SH
2024-08-15,5.35,5.39,5.33,5.39,152808190,858777894,0.37,0.9363295880149725,601668.SH
2024-08-18,5.39,5.44,5.39,5.42,137301256,778366408,0.33,0.5565862708719838,601668.SH
2024-08-19,5.44,5.44,5.37,5.41,120547653,681506618,0.29,-0.18450184501844769,601668.SH
2024-08-20,5.4,5.41,5.34,5.36,107556100,604242183,0.26,-0.9242144177449174,601668.SH
2024-08-21,5.38,5.43,5.37,5.42,142027997,804198838,0.34,1.1194029850746245,601668.SH
2024-08-22,5.42,5.43,5.36,5.42,110981530,627350357,0.27,0.0,601668.SH
2024-08-25,5.41,5.46,5.33,5.38,166888625,940864678,0.4,-0.7380073800738018,601668.SH
2024-08-26,5.39,5.4,5.29,5.31,135598773,756678336,0.33,-1.3011152416356975,601668.SH
2024-08-27,5.32,5.33,5.2,5.23,167759513,922473554,0.41,-1.506591337099794,601668.SH
2024-08-28,5.23,5.24,5.01,5.01,311636956,1652962884,0.75,-4.206500956022952,601668.SH
2024-08-29,5.06,5.21,5.05,5.15,270275775,1452273750,0.65,2.794411177644718,601668.SH
2024-09-01,5.14,5.15,5.03,5.05,185710942,985221765,0.45,-1.9417475728155442,601668.SH
2024-09-02,5.04,5.05,4.86,4.89,294530911,1516188383,0.71,-3.168316831683171,601668.SH
2024-09-03,4.88,4.93,4.79,4.79,222056660,1123795951,0.54,-2.0449897750511203,601668.SH
2024-09-04,4.8,4.85,4.8,4.85,166482480,840117464,0.4,1.2526096033402823,601668.SH
2024-09-05,4.85,4.88,4.79,4.8,117362950,593974539,0.28,-1.0309278350515427,601668.SH
2024-09-08,4.77,4.78,4.64,4.66,244351926,1199493667,0.59,-2.9166666666666563,601668.SH
2024-09-09,4.67,4.71,4.63,4.7,156468657,764815959,0.38,0.8583690987124415,601668.SH
2024-09-10,4.68,4.69,4.58,4.6,169020478,815483812,0.41,-2.1276595744680993,601668.SH
2024-09-11,4.59,4.63,4.58,4.58,138353538,665512584,0.33,-0.43478260869563856,601668.SH
2024-09-12,4.59,4.62,4.56,4.56,118930443,570451777,0.29,-0.4366812227074357,601668.SH
2024-09-17,4.56,4.62,4.51,4.59,135393600,645664973,0.33,0.6578947368421018,601668.SH
2024-09-18,4.61,4.71,4.56,4.67,176515601,858846994,0.43,1.7429193899782147,601668.SH
2024-09-19,4.66,4.71,4.63,4.69,168832753,824684053,0.41,0.4282655246252709,601668.SH
2024-09-22,4.69,4.76,4.66,4.73,119134769,588731400,0.29,0.8528784648187626,601668.SH
2024-09-23,4.8,4.98,4.8,4.98,331116442,1694081269,0.8,5.285412262156441,601668.SH
2024-09-24,5.07,5.32,5.07,5.22,482803040,2646215932,1.17,4.819277108433728,601668.SH
2024-09-25,5.22,5.52,5.21,5.52,462933082,2595774377,1.12,5.747126436781613,601668.SH
2024-09-26,5.64,5.7,5.42,5.54,357763543,2071713380,0.87,0.36231884057971175,601668.SH
2024-09-29,5.73,5.95,5.62,5.91,734310370,4470960722,1.78,6.678700361010836,601668.SH
2024-10-07,6.49,6.49,5.95,6.11,798418187,5165270907,1.93,3.384094754653133,601668.SH
2024-10-08,6.05,6.07,5.54,5.54,622939543,3757481364,1.51,-9.328968903436996,601668.SH
2024-10-09,5.57,6.1,5.56,6.02,849710052,5283218628,2.06,8.664259927797824,601668.SH
2024-10-10,5.93,6.0,5.71,5.78,615194734,3766795008,1.49,-3.9867109634551423,601668.SH
2024-10-13,5.91,6.18,5.91,6.08,701936026,4442502127,1.7,5.190311418685112,601668.SH
2024-10-14,6.05,6.21,5.94,5.95,441579391,2808703752,1.07,-2.1381578947368363,601668.SH
2024-10-15,6.01,6.25,5.97,6.17,642106930,4124457497,1.55,3.6974789915966255,601668.SH
2024-10-16,6.18,6.18,5.92,5.92,506781889,3197748840,1.23,-4.051863857374394,601668.SH
2024-10-17,5.91,6.07,5.81,6.0,417846384,2597394421,1.01,1.3513513513513598,601668.SH
2024-10-20,6.03,6.24,6.01,6.21,585667327,3757032902,1.42,3.499999999999992,601668.SH
2024-10-21,6.14,6.21,6.08,6.14,302052536,1935606060,0.73,-1.1272141706924366,601668.SH
2024-10-22,6.12,6.26,6.1,6.19,388863550,2518947171,0.94,0.8143322475570258,601668.SH
2024-10-23,6.14,6.16,6.02,6.05,299603589,1904652933,0.73,-2.2617124394184285,601668.SH
2024-10-24,6.04,6.09,5.96,6.01,270199060,1704466397,0.65,-0.6611570247933907,601668.SH
2024-10-27,5.79,5.93,5.67,5.87,561739694,3408434680,1.36,-2.329450915141429,601668.SH
2024-10-28,5.84,5.9,5.78,5.8,278077779,1697012928,0.67,-1.1925042589437829,601668.SH
2024-10-29,5.79,5.86,5.73,5.74,218317498,1320807650,0.53,-1.0344827586206806,601668.SH
2024-10-30,5.73,5.82,5.67,5.75,266045803,1601909554,0.64,0.17421602787455193,601668.SH
2024-10-31,5.75,6.05,5.75,5.88,445136616,2757141872,1.08,2.2608695652173827,601668.SH
2024-11-03,5.9,5.91,5.79,5.88,207713824,1268637474,0.5,0.0,601668.SH
2024-11-04,5.82,5.97,5.82,5.95,315635825,1952448621,0.76,1.1904761904761862,601668.SH
2024-11-05,5.94,5.98,5.87,5.94,333256258,2063308047,0.81,-0.1680672268907557,601668.SH
2024-11-06,5.91,6.26,5.9,6.25,636739749,4079355646,1.54,5.218855218855212,601668.SH
2024-11-07,6.3,6.34,5.99,6.02,574854030,3661724281,1.39,-3.6800000000000055,601668.SH
2024-11-10,5.97,6.05,5.85,5.92,394734862,2438793461,0.96,-1.661129568106301,601668.SH
2024-11-11,5.88,5.95,5.79,5.82,304453510,1869890938,0.74,-1.6891891891891886,601668.SH
2024-11-12,5.79,5.93,5.79,5.86,229245758,1406463080,0.55,0.6872852233676952,601668.SH
2024-11-13,5.88,5.9,5.82,5.82,200044526,1227442024,0.48,-0.6825938566552892,601668.SH
2024-11-14,5.82,5.87,5.78,5.78,197496312,1203850629,0.48,-0.6872852233676952,601668.SH
2024-11-17,5.91,6.15,5.91,6.0,654747126,4141070348,1.58,3.806228373702414,601668.SH
2024-11-18,5.95,5.96,5.79,5.83,447904343,2743349874,1.08,-2.833333333333332,601668.SH
2024-11-19,5.83,5.85,5.8,5.83,206365252,1256278128,0.5,0.0,601668.SH
2024-11-20,5.82,5.87,5.81,5.84,182445544,1114042620,0.44,0.17152658662091813,601668.SH
2024-11-21,5.83,5.84,5.69,5.69,291525502,1757788380,0.71,-2.568493150684925,601668.SH
2024-11-24,5.72,5.73,5.61,5.63,219607693,1302616578,0.53,-1.0544815465729385,601668.SH
2024-11-25,5.62,5.68,5.6,5.66,159833138,942786853,0.39,0.5328596802842034,601668.SH
2024-11-26,5.66,5.71,5.61,5.7,153875531,911173539,0.37,0.7067137809187329,601668.SH
2024-11-27,5.7,5.74,5.67,5.71,184587404,1101030015,0.45,0.17543859649122862,601668.SH
2024-11-28,5.71,5.76,5.69,5.71,179417856,1074925002,0.43,0.0,601668.SH
2024-12-01,5.69,5.77,5.69,5.76,187030146,1121011065,0.45,0.8756567425569184,601668.SH
2024-12-02,5.75,5.83,5.72,5.82,242881274,1470544870,0.59,1.041666666666674,601668.SH
2024-12-03,5.81,5.83,5.77,5.79,157601329,956287219,0.38,-0.5154639175257825,601668.SH
2024-12-04,5.78,5.81,5.74,5.75,135836400,819563222,0.33,-0.6908462867012077,601668.SH
2024-12-05,5.76,5.84,5.75,5.79,199581005,1212244434,0.48,0.6956521739130528,601668.SH
2024-12-08,5.8,5.9,5.78,5.83,248707854,1520708765,0.6,0.6908462867012188,601668.SH
2024-12-09,6.0,6.04,5.85,5.85,276001702,1708053340,0.67,0.34305317324183626,601668.SH
2024-12-10,5.85,5.9,5.83,5.84,160963963,986332147,0.39,-0.17094017094017033,601668.SH
2024-12-11,5.84,5.88,5.82,5.87,158886951,972496139,0.38,0.5136986301369939,601668.SH
2024-12-12,5.85,5.85,5.69,5.69,286396139,1721376428,0.69,-3.0664395229982877,601668.SH
2024-12-15,5.7,5.72,5.64,5.65,187921803,1115845801,0.45,-0.702987697715296,601668.SH
2024-12-16,5.65,5.7,5.64,5.65,157925318,935723094,0.38,0.0,601668.SH
2024-12-17,5.72,5.81,5.69,5.7,226414649,1361169827,0.55,0.8849557522123908,601668.SH
2024-12-18,5.67,5.71,5.61,5.71,163971177,974719183,0.4,0.17543859649122862,601668.SH
2024-12-19,5.7,5.71,5.63,5.65,167916629,994369074,0.41,-1.0507880910682998,601668.SH
2024-12-22,5.66,5.78,5.65,5.73,258402513,1550933657,0.63,1.415929203539834,601668.SH
2024-12-23,5.74,5.77,5.72,5.75,151527922,911942475,0.37,0.3490401396160525,601668.SH
2024-12-24,5.76,5.82,5.75,5.79,180279964,1093189796,0.44,0.6956521739130528,601668.SH
2024-12-25,5.79,5.79,5.73,5.75,130725605,786664698,0.32,-0.6908462867012077,601668.SH
2024-12-26,5.75,5.78,5.71,5.77,160434858,965086826,0.39,0.3478260869565153,601668.SH
2024-12-29,5.75,5.83,5.74,5.81,185881205,1126706632,0.45,0.6932409012131657,601668.SH
2024-12-30,5.8,5.83,5.73,5.73,207606108,1256801864,0.5,-1.376936316695343,601668.SH
2025-01-01,5.74,5.76,5.53,5.56,300880457,1772769188,0.73,-2.9668411867364908,601668.SH
2025-01-02,5.56,5.62,5.5,5.52,184213807,1070904132,0.45,-0.7194244604316502,601668.SH
2025-01-05,5.55,5.56,5.41,5.49,176420574,1011439607,0.43,-0.5434782608695565,601668.SH
2025-01-06,5.5,5.5,5.42,5.49,136204501,778915985,0.33,0.0,601668.SH
2025-01-07,5.48,5.5,5.35,5.43,211746315,1200428940,0.51,-1.0928961748634003,601668.SH
2025-01-08,5.42,5.42,5.33,5.35,154587424,867000607,0.37,-1.4732965009208066,601668.SH
2025-01-09,5.35,5.38,5.26,5.26,149231853,828128621,0.36,-1.6822429906542036,601668.SH
2025-01-12,5.24,5.28,5.18,5.25,146609158,801148887,0.35,-0.1901140684410607,601668.SH
2025-01-13,5.25,5.35,5.24,5.32,174283841,967087479,0.42,1.333333333333342,601668.SH
2025-01-14,5.31,5.37,5.31,5.36,162117696,907093971,0.392,0.7518796992481258,601668.SH
2025-01-15,5.37,5.44,5.33,5.35,165850057,933164056,0.401,-0.1865671641791189,601668.SH
2025-01-16,5.35,5.42,5.3,5.38,142148290,799375042,0.344,0.5607476635514086,601668.SH
2025-01-19,5.42,5.44,5.36,5.36,111261000,628072033,0.269,-0.3717472118959009,601668.SH
2025-01-20,5.38,5.42,5.32,5.34,161962445,909965673,0.392,-0.3731343283582156,601668.SH
2025-01-21,5.33,5.35,5.23,5.25,167107066,921096579,0.404,-1.6853932584269593,601668.SH
2025-01-22,5.28,5.39,5.28,5.31,181696951,1015957346,0.44,1.1428571428571344,601668.SH
2025-01-23,5.32,5.37,5.3,5.34,130689987,730263751,0.316,0.5649717514124353,601668.SH
2025-01-26,5.36,5.41,5.34,5.39,153407954,863689189,0.371,0.9363295880149725,601668.SH
2025-02-04,5.41,5.41,5.26,5.27,189986303,1052420309,0.46,-2.226345083487946,601668.SH
2025-02-05,5.27,5.28,5.21,5.28,172200937,946835366,0.417,0.189753320683117,601668.SH
2025-02-06,5.28,5.33,5.25,5.29,281034812,1554108692,0.68,0.18939393939394478,601668.SH
2025-02-09,5.28,5.32,5.27,5.28,159281103,883853814,0.385,-0.1890359168241873,601668.SH
2025-02-10,5.29,5.3,5.24,5.25,173083025,952640249,0.419,-0.5681818181818232,601668.SH
2025-02-11,5.26,5.27,5.2,5.27,180648978,988876065,0.437,0.3809523809523707,601668.SH
2025-02-12,5.27,5.34,5.25,5.29,247404310,1372853043,0.599,0.379506641366234,601668.SH
2025-02-13,5.29,5.3,5.24,5.29,159475596,880299264,0.386,0.0,601668.SH
2025-02-16,5.3,5.33,5.26,5.29,193747115,1072034324,0.469,0.0,601668.SH
2025-02-17,5.29,5.35,5.27,5.28,226898404,1260564488,0.549,-0.1890359168241873,601668.SH
2025-02-18,5.28,5.33,5.28,5.29,180314593,999854708,0.436,0.18939393939394478,601668.SH
2025-02-19,5.28,5.28,5.17,5.25,312275337,1706099536,0.756,-0.7561436672967825,601668.SH
2025-02-20,5.24,5.25,5.14,5.15,301867246,1637305924,0.731,-1.904761904761898,601668.SH
2025-02-23,5.16,5.34,5.14,5.28,424348431,2341754048,1.027,2.5242718446601975,601668.SH
2025-02-24,5.28,5.33,5.21,5.22,282070074,1554637392,0.683,-1.1363636363636465,601668.SH
2025-02-25,5.22,5.39,5.22,5.28,345255297,1919109468,0.836,1.1494252873563315,601668.SH
2025-02-26,5.28,5.3,5.24,5.27,208683360,1148580695,0.505,-0.18939393939395588,601668.SH
2025-02-27,5.26,5.29,5.24,5.24,233555786,1285028522,0.565,-0.5692599620493288,601668.SH
2025-03-02,5.26,5.3,5.21,5.23,212149163,1166442254,0.513,-0.1908396946564861,601668.SH
2025-03-03,5.21,5.23,5.16,5.18,205275478,1112891793,0.497,-0.9560229445506829,601668.SH
2025-03-04,5.18,5.19,5.13,5.18,194413310,1050072975,0.471,0.0,601668.SH
2025-03-05,5.19,5.22,5.15,5.2,185871597,1008408813,0.45,0.38610038610038533,601668.SH
2025-03-06,5.19,5.21,5.17,5.17,133460748,723859861,0.323,-0.576923076923086,601668.SH
2025-03-09,5.18,5.19,5.11,5.12,197336200,1060330665,0.478,-0.9671179883945835,601668.SH
2025-03-10,5.1,5.11,5.07,5.11,162018765,863257905,0.392,-0.1953125,601668.SH
2025-03-11,5.1,5.13,5.08,5.11,155341018,830502854,0.376,0.0,601668.SH
2025-03-12,5.11,5.14,5.08,5.09,159130043,851660998,0.385,-0.391389432485334,601668.SH
2025-03-13,5.1,5.25,5.09,5.24,359383902,1953315947,0.87,2.946954813359537,601668.SH
2025-03-16,5.26,5.3,5.25,5.27,194158861,1071141434,0.47,0.5725190839694472,601668.SH
2025-03-17,5.28,5.29,5.24,5.25,128907882,708881247,0.312,-0.3795066413662118,601668.SH
2025-03-18,5.24,5.26,5.21,5.23,133483558,730623198,0.323,-0.3809523809523707,601668.SH
2025-03-19,5.24,5.25,5.2,5.21,123418162,674170546,0.299,-0.3824091778202754,601668.SH
2025-03-20,5.21,5.27,5.19,5.21,206146128,1126388442,0.499,0.0,601668.SH
2025-03-23,5.23,5.24,5.18,5.2,142128625,774653699,0.344,-0.19193857965450478,601668.SH
2025-03-24,5.21,5.28,5.2,5.27,207336542,1139797136,0.502,1.3461538461538414,601668.SH
2025-03-25,5.27,5.28,5.21,5.22,179982057,986252008,0.436,-0.9487666034155517,601668.SH
2025-03-26,5.22,5.23,5.19,5.2,131082357,713666253,0.317,-0.3831417624520994,601668.SH
2025-03-27,5.2,5.21,5.13,5.16,160504649,866703842,0.388,-0.7692307692307665,601668.SH
2025-03-30,5.13,5.17,5.02,5.03,289035571,1535292193,0.699,-2.5193798449612337,601668.SH
2025-03-31,5.05,5.06,5.01,5.04,224865572,1183233519,0.544,0.1988071570576455,601668.SH
2025-04-01,5.03,5.07,5.01,5.05,150384522,793135596,0.364,0.1984126984126977,601668.SH
2025-04-02,5.02,5.12,5.02,5.07,201048374,1068249743,0.487,0.3960396039603964,601668.SH
2025-04-06,4.97,4.97,4.74,4.85,507343176,2572821508,1.228,-4.3392504930966584,601668.SH
2025-04-07,4.86,5.09,4.85,5.09,504620971,2647831543,1.221,4.948453608247427,601668.SH
2025-04-08,5.07,5.15,4.99,5.15,360153263,1911295237,0.872,1.1787819253438192,601668.SH
2025-04-09,5.18,5.18,5.07,5.14,206448095,1106992839,0.5,-0.1941747572815622,601668.SH
2025-04-10,5.13,5.13,5.07,5.11,153572693,819112506,0.372,-0.583657587548625,601668.SH
2025-04-13,5.12,5.12,5.08,5.09,121768670,649930479,0.295,-0.391389432485334,601668.SH
2025-04-14,5.09,5.14,5.07,5.14,141846291,758051138,0.343,0.9823182711198308,601668.SH
2025-04-15,5.14,5.24,5.09,5.24,310309745,1676430988,0.751,1.945525291828809,601668.SH
2025-04-16,5.2,5.27,5.18,5.27,192850680,1056537700,0.467,0.5725190839694472,601668.SH
2025-04-17,5.25,5.28,5.23,5.26,108569037,597430503,0.263,-0.1897533206831059,601668.SH
2025-04-20,5.26,5.29,5.22,5.22,148516980,815113481,0.359,-0.760456273764254,601668.SH
2025-04-21,5.21,5.3,5.21,5.28,183882684,1015417830,0.445,1.1494252873563315,601668.SH
2025-04-22,5.29,5.31,5.24,5.24,114641943,631517507,0.277,-0.7575757575757569,601668.SH
2025-04-23,5.25,5.28,5.23,5.28,113738875,626075324,0.275,0.7633587786259444,601668.SH
2025-04-24,5.28,5.31,5.26,5.28,126713586,701105285,0.307,0.0,601668.SH
2025-04-27,5.28,5.28,5.23,5.25,112277773,617679118,0.272,-0.5681818181818232,601668.SH
2025-04-28,5.28,5.34,5.25,5.27,186713461,1034211425,0.452,0.3809523809523707,601668.SH
2025-04-29,5.26,5.29,5.23,5.27,140735700,774914150,0.341,0.0,601668.SH
2025-05-05,5.29,5.29,5.26,5.28,166986176,922205873,0.404,0.189753320683117,601668.SH
2025-05-06,5.35,5.37,5.28,5.33,205734741,1146199655,0.498,0.9469696969697017,601668.SH
2025-05-07,5.32,5.42,5.3,5.34,237921936,1337127328,0.576,0.18761726078799779,601668.SH
2025-05-08,5.35,5.36,5.3,5.31,132052121,736552799,0.32,-0.5617977528089901,601668.SH
2025-05-11,5.33,5.36,5.29,5.35,148851504,830465599,0.36,0.7532956685499137,601668.SH
2025-05-12,5.36,5.48,5.34,5.46,296149911,1683616401,0.717,2.0560747663551426,601668.SH
2025-05-13,5.45,5.52,5.44,5.51,161600629,927133236,0.391,0.9157509157509125,601668.SH
2025-05-14,5.5,5.55,5.5,5.53,209202304,1210157810,0.506,0.3629764065335772,601668.SH
2025-05-15,5.53,5.57,5.45,5.5,171517615,986089715,0.415,-0.5424954792043413,601668.SH
2025-05-18,5.48,5.5,5.44,5.47,112544688,643238306,0.272,-0.545454545454549,601668.SH
2025-05-19,5.47,5.52,5.45,5.5,106160994,609421657,0.257,0.5484460694698434,601668.SH
2025-05-20,5.5,5.56,5.49,5.51,150335132,869576364,0.364,0.1818181818181719,601668.SH
2025-05-21,5.51,5.54,5.49,5.53,119284743,688186267,0.289,0.3629764065335772,601668.SH
2025-05-22,5.53,5.56,5.46,5.46,128690541,741585208,0.311,-1.2658227848101333,601668.SH
2025-05-25,5.45,5.49,5.41,5.44,125178767,713139334,0.303,-0.3663003663003539,601668.SH
2025-05-26,5.44,5.45,5.37,5.38,144435365,815784565,0.35,-1.1029411764705954,601668.SH
2025-05-27,5.38,5.41,5.35,5.38,90406771,508907334,0.219,0.0,601668.SH
2025-05-28,5.39,5.42,5.38,5.39,104258982,588939210,0.252,0.18587360594795044,601668.SH
2025-05-29,5.39,5.47,5.35,5.43,159482617,904085215,0.386,0.7421150278293043,601668.SH
2025-06-02,5.42,5.48,5.41,5.44,119768850,681356958,0.29,0.18416206261511192,601668.SH
2025-06-03,5.45,5.5,5.44,5.45,114044372,652148681,0.276,0.18382352941175295,601668.SH
2025-06-04,5.46,5.48,5.4,5.41,118810125,674320413,0.288,-0.7339449541284404,601668.SH
2025-06-05,5.41,5.47,5.4,5.44,102560609,583715249,0.248,0.5545286506469571,601668.SH
2025-06-08,5.44,5.46,5.37,5.38,192486922,1087885170,0.466,-1.1029411764705954,601668.SH
2025-06-09,5.39,5.46,5.38,5.42,186706287,1060102755,0.452,0.743494423791824,601668.SH
2025-06-10,5.42,5.49,5.42,5.47,142028611,812868653,0.344,0.9225092250922495,601668.SH
2025-06-11,5.48,5.49,5.42,5.46,136299476,778325645,0.33,-0.1828153564899404,601668.SH
2025-06-12,5.46,5.48,5.43,5.46,165204724,942281433,0.4,0.0,601668.SH
2025-06-15,5.47,5.48,5.42,5.48,137531214,784256451,0.333,0.366300366300365,601668.SH
2025-06-16,5.48,5.51,5.45,5.5,128090146,735478160,0.31,0.36496350364962904,601668.SH
2025-06-17,5.5,5.52,5.45,5.5,120074890,688969567,0.291,0.0,601668.SH
2025-06-18,5.49,5.5,5.39,5.42,171991163,976019528,0.416,-1.4545454545454528,601668.SH
2025-06-19,5.43,5.47,5.42,5.45,126184647,719339921,0.305,0.5535055350553542,601668.SH
2025-06-22,5.43,5.49,5.38,5.46,144996337,824932421,0.351,0.18348623853210455,601668.SH
2025-06-23,5.47,5.55,5.47,5.54,196518029,1135244948,0.476,1.46520146520146,601668.SH
2025-06-24,5.54,5.57,5.5,5.57,152110532,882037893,0.368,0.5415162454873723,601668.SH
2025-06-25,5.57,5.58,5.52,5.57,131032181,762108035,0.317,0.0,601668.SH
2025-06-26,5.57,5.63,5.51,5.52,197076019,1147955016,0.477,-0.8976660682226356,601668.SH
2025-06-29,5.53,5.56,5.51,5.51,139409410,807050086,0.337,-0.18115942028985588,601668.SH
2025-06-30,5.53,5.54,5.5,5.5,101968383,588281566,0.247,-0.1814882032667886,601668.SH
2025-07-01,5.51,5.59,5.5,5.57,174598916,1014278265,0.423,1.2727272727272698,601668.SH
2025-07-02,5.57,5.63,5.56,5.62,158554384,930503820,0.384,0.8976660682226134,601668.SH
2025-07-03,5.64,5.68,5.61,5.66,144395316,853493484,0.349,0.7117437722419906,601668.SH
2025-07-06,5.66,5.71,5.64,5.7,118290506,702873919,0.286,0.7067137809187329,601668.SH
2025-07-07,5.7,5.71,5.66,5.69,124712531,742293467,0.302,-0.17543859649122862,601668.SH
2025-07-08,5.7,5.75,5.69,5.71,161705125,968901504,0.391,0.35149384885764245,601668.SH
2025-07-09,5.73,5.87,5.72,5.84,299840130,1821620267,0.726,2.2767075306479923,601668.SH
2025-07-10,5.84,5.93,5.81,5.81,300097929,1844401155,0.726,-0.5136986301369939,601668.SH
2025-07-13,5.82,5.92,5.82,5.86,188639812,1160454651,0.457,0.8605851979346157,601668.SH
2025-07-14,5.87,5.88,5.82,5.85,188604346,1154643031,0.456,-0.17064846416383617,601668.SH
2025-07-15,5.84,5.87,5.78,5.82,162458379,988523506,0.393,-0.5128205128204999,601668.SH
2025-07-16,5.85,5.9,5.79,5.82,216703145,1264261190,0.524,0.0,601668.SH
2025-07-17,5.85,5.86,5.82,5.85,119414405,697362588,0.289,0.5154639175257714,601668.SH
2025-07-20,5.94,5.99,5.86,5.87,269321501,1588736754,0.652,0.34188034188034067,601668.SH
2025-07-21,5.88,6.04,5.83,5.98,444052214,2638833723,1.075,1.873935264054527,601668.SH
2025-07-22,6.02,6.03,5.88,5.89,345480138,2052062631,0.836,-1.5050167224080369,601668.SH
2025-07-23,5.87,5.94,5.83,5.89,306795263,1807055835,0.742,0.0,601668.SH
2025-07-24,5.88,5.89,5.78,5.8,302810608,1762834799,0.733,-1.5280135823429464,601668.SH
2025-07-27,5.78,5.81,5.74,5.76,205947245,1188740056,0.498,-0.6896551724137945,601668.SH
2025-07-28,5.75,5.78,5.72,5.75,168573790,969124013,0.408,-0.17361111111110494,601668.SH
2025-07-29,5.75,5.81,5.73,5.76,151217640,874258208,0.366,0.17391304347824654,601668.SH
2025-07-30,5.76,5.76,5.63,5.66,265476974,1504495881,0.642,-1.736111111111105,601668.SH
2025-07-31,5.65,5.7,5.63,5.64,132338584,748591904,0.32,-0.35335689045937757,601668.SH
2025-08-03,5.63,5.66,5.62,5.64,118399137,667250372,0.287,0.0,601668.SH
2025-08-04,5.64,5.68,5.63,5.67,123430799,698900147,0.299,0.5319148936170359,601668.SH
2025-08-05,5.68,5.69,5.65,5.66,121156427,686447372,0.293,-0.17636684303350414,601668.SH
2025-08-06,5.67,5.69,5.65,5.67,134584586,763176424,0.326,0.17667844522968323,601668.SH
2025-08-07,5.67,5.73,5.66,5.72,166428998,949492528,0.403,0.8818342151675429,601668.SH
2025-08-10,5.73,5.75,5.66,5.66,216559040,1229996143,0.524,-1.0489510489510412,601668.SH
2025-08-11,5.66,5.71,5.65,5.65,163932559,929672666,0.397,-0.17667844522968323,601668.SH
2025-08-12,5.66,5.67,5.6,5.61,216373052,1219185664,0.524,-0.707964601769917,601668.SH
2025-08-13,5.61,5.67,5.58,5.58,207274370,1166356078,0.502,-0.5347593582887722,601668.SH
2025-08-14,5.58,5.61,5.56,5.56,230889893,1287667119,0.559,-0.35842293906810374,601668.SH
2025-08-17,5.57,5.61,5.54,5.54,259184242,1445330445,0.627,-0.3597122302158251,601668.SH
2025-08-18,5.56,5.58,5.5,5.5,263187732,1453679376,0.6369,-0.7220216606498187,601668.SH
2025-08-19,5.5,5.53,5.46,5.52,206923472,1136803010,0.5008,0.363636363636366,601668.SH
2025-08-20,5.53,5.62,5.53,5.59,275025785,1535592542,0.6656,1.26811594202898,601668.SH
2025-08-21,5.59,5.61,5.54,5.6,205126209,1143003999,0.4964,0.17889087656528524,601668.SH
2025-08-24,5.6,5.74,5.6,5.72,360333515,2049478354,0.872,2.1428571428571352,601668.SH
2025-08-25,5.71,5.72,5.67,5.71,190992736,1088064807,0.4622,-0.17482517482516613,601668.SH
2025-08-26,5.69,5.7,5.55,5.56,305019745,1715818544,0.7382,-2.626970227670755,601668.SH
2025-08-27,5.56,5.6,5.51,5.56,226883459,1261133971,0.5491,0.0,601668.SH
2025-08-28,5.64,5.83,5.57,5.59,777595327,4415142385,1.8819,0.5395683453237377,601668.SH
2025-08-31,5.62,5.68,5.55,5.56,436437929,2441670208,1.0562,-0.536672629695889,601668.SH
2025-09-01,5.55,5.6,5.54,5.6,294166576,1640422585,0.7119,0.7194244604316502,601668.SH
2025-09-02,5.59,5.62,5.51,5.53,256424884,1422702594,0.6206,-1.2499999999999845,601668.SH
2025-09-03,5.53,5.55,5.46,5.52,310011178,1705213005,0.7503,-0.1808318264014619,601668.SH
2025-09-04,5.52,5.53,5.47,5.49,231479840,1270450723,0.5602,-0.5434782608695565,601668.SH
2025-09-07,5.49,5.53,5.47,5.51,234867547,1292492137,0.5684,0.36429872495444826,601668.SH
2025-09-08,5.51,5.54,5.5,5.53,186259524,1028220169,0.4508,0.3629764065335772,601668.SH
2025-09-09,5.53,5.53,5.5,5.51,140116493,772696288,0.3391,-0.3616636528029016,601668.SH
2025-09-10,5.51,5.57,5.49,5.55,213419692,1178276208,0.5165,0.7259528130671544,601668.SH
2025-09-11,5.55,5.62,5.54,5.57,260259195,1453727138,0.6299,0.3603603603603789,601668.SH
2025-09-14,5.58,5.62,5.53,5.57,212053112,1179201831,0.5132,0.0,601668.SH
2025-09-15,5.57,5.63,5.56,5.6,266507197,1494064248,0.645,0.538599640933568,601668.SH
2025-09-16,5.61,5.68,5.58,5.67,271399139,1531896171,0.6568,1.2499999999999956,601668.SH
2025-09-17,5.67,5.68,5.5,5.51,360097732,2007222406,0.8715,-2.821869488536155,601668.SH
2025-09-18,5.52,5.58,5.51,5.55,184689997,1023685800,0.447,0.7259528130671544,601668.SH
2025-09-21,5.55,5.56,5.48,5.5,170719284,939695756,0.4132,-0.9009009009009028,601668.SH
2025-09-22,5.5,5.57,5.47,5.55,268421166,1485761668,0.6496,0.9090909090909038,601668.SH
2025-09-23,5.55,5.57,5.5,5.53,210954386,1165865640,0.5105,-0.3603603603603567,601668.SH
2025-09-24,5.52,5.54,5.47,5.47,226887223,1246023578,0.5491,-1.0849909584086936,601668.SH
2025-09-25,5.48,5.48,5.43,5.43,213217595,1161338607,0.516,-0.7312614259597838,601668.SH
2025-09-28,5.43,5.47,5.37,5.44,262087432,1418263094,0.6343,0.18416206261511192,601668.SH
2025-09-29,5.44,5.48,5.4,5.45,207561091,1131158050,0.5023,0.18382352941175295,601668.SH
2025-10-08,5.46,5.56,5.45,5.56,291749994,1608609616,0.7061,2.0183486238531945,601668.SH
2025-10-09,5.54,5.65,5.52,5.61,333366746,1867181989,0.8068,0.899280575539585,601668.SH
2025-10-12,5.55,5.6,5.48,5.57,311839789,1726364424,0.7547,-0.7130124777183555,601668.SH
2025-10-13,5.57,5.62,5.54,5.58,239248895,1336326341,0.579,0.17953321364452268,601668.SH
2025-10-14,5.59,5.64,5.56,5.62,184471205,1033118819,0.4464,0.7168458781362075,601668.SH
2025-10-15,5.6,5.66,5.59,5.65,232163326,1306384236,0.5619,0.5338078291815096,601668.SH
2025-10-16,5.65,5.68,5.58,5.59,236611770,1334159579,0.5726,-1.0619469026548756,601668.SH
2025-10-19,5.61,5.64,5.54,5.6,184349712,1030573145,0.4461,0.17889087656528524,601668.SH
2025-10-20,5.61,5.68,5.59,5.65,203170659,1149553008,0.4917,0.8928571428571619,601668.SH
2025-10-21,5.65,5.7,5.65,5.67,150198557,853476165,0.3635,0.3539823008849474,601668.SH
2025-10-22,5.67,5.72,5.64,5.72,181854859,1033411320,0.4401,0.8818342151675429,601668.SH
2025-10-23,5.72,5.73,5.68,5.71,161314571,921061145,0.3904,-0.17482517482516613,601668.SH
2025-10-26,5.71,5.8,5.67,5.74,248821000,1428037606,0.6022,0.5253940455341555,601668.SH
2025-10-27,5.74,5.75,5.65,5.66,253448534,1439718376,0.6134,-1.3937282229965153,601668.SH
2025-10-28,5.66,5.67,5.58,5.6,259760452,1455582521,0.6286,-1.0600706713780994,601668.SH
2025-10-29,5.6,5.7,5.59,5.66,264485734,1497658921,0.6401,1.0714285714285898,601668.SH
2025-10-30,5.59,5.6,5.43,5.43,680132559,3723744876,1.646,-4.063604240282692,601668.SH
2025-11-02,5.45,5.45,5.42,5.43,258783187,1405021934,0.6263,0.0,601668.SH
2025-11-03,5.43,5.48,5.42,5.44,244901979,1334378666,0.5927,0.18416206261511192,601668.SH
2025-11-04,5.43,5.44,5.38,5.42,191467649,1037142544,0.4634,-0.3676470588235392,601668.SH
2025-11-05,5.42,5.46,5.4,5.42,215134335,1168014675,0.5206,0.0,601668.SH
2025-11-06,5.42,5.44,5.41,5.41,180576376,978947263,0.437,-0.18450184501844769,601668.SH
2025-11-09,5.42,5.44,5.4,5.44,158624637,860316568,0.3839,0.5545286506469571,601668.SH
2025-11-10,5.44,5.45,5.42,5.43,155104883,842962479,0.3754,-0.18382352941177516,601668.SH
2025-11-11,5.44,5.46,5.43,5.45,228733921,1245651275,0.5536,0.36832412523020164,601668.SH
2025-11-12,5.45,5.47,5.42,5.44,213331759,1159968378,0.5163,-0.18348623853210455,601668.SH
2025-11-13,5.43,5.45,5.41,5.42,169959063,923503665,0.4113,-0.3676470588235392,601668.SH
2025-11-16,5.41,5.42,5.37,5.37,221703336,1193156154,0.5365,-0.9225092250922495,601668.SH
2025-11-17,5.37,5.38,5.26,5.28,304442952,1615329036,0.7368,-1.6759776536312776,601668.SH
2025-11-18,5.27,5.32,5.27,5.29,161844102,856236749,0.3917,0.18939393939394478,601668.SH
2025-11-19,5.29,5.36,5.28,5.33,207469914,1103837415,0.5021,0.7561436672967936,601668.SH
2025-11-20,5.31,5.32,5.25,5.25,231646608,1221644790,0.5606,-1.5009380863039379,601668.SH
2025-11-23,5.27,5.28,5.23,5.27,143910260,757131336,0.3483,0.3809523809523707,601668.SH
2025-11-24,5.27,5.28,5.25,5.27,129088800,680321707,0.3124,0.0,601668.SH
2025-11-25,5.28,5.29,5.26,5.27,96742469,510222689,0.2341,0.0,601668.SH
2025-11-26,5.26,5.27,5.23,5.24,117398375,616323321,0.2841,-0.5692599620493288,601668.SH
2025-11-27,5.24,5.24,5.18,5.2,223462606,1161288215,0.5408,-0.7633587786259555,601668.SH
2025-11-30,5.19,5.25,5.19,5.24,155493777,811583931,0.3763,0.7692307692307665,601668.SH
2025-12-01,5.24,5.27,5.23,5.25,114872161,603508804,0.278,0.190839694656475,601668.SH
2025-12-02,5.26,5.29,5.25,5.26,122190852,643714771,0.2957,0.19047619047618536,601668.SH
2025-12-03,5.27,5.3,5.26,5.29,124031700,654803843,0.3002,0.5703422053231932,601668.SH
2025-12-04,5.29,5.34,5.27,5.33,152337269,807689482,0.3687,0.7561436672967936,601668.SH
2025-12-07,5.33,5.34,5.26,5.28,158661314,840967501,0.384,-0.9380863039399556,601668.SH
2025-12-08,5.28,5.28,5.13,5.13,273241206,1419036140,0.6613,-2.840909090909094,601668.SH
2025-12-09,5.14,5.2,5.11,5.18,216205834,1113399513,0.5232,0.974658869395717,601668.SH
2025-12-10,5.17,5.21,5.16,5.2,159829605,828615371,0.3868,0.38610038610038533,601668.SH
2025-12-11,5.19,5.2,5.16,5.17,180603783,935740832,0.4371,-0.576923076923086,601668.SH
2025-12-14,5.17,5.22,5.16,5.18,135053751,701542949,0.3268,0.19342359767891004,601668.SH
2025-12-15,5.18,5.19,5.13,5.15,137461218,708434745,0.3327,-0.5791505791505669,601668.SH
2025-12-16,5.16,5.2,5.11,5.18,154428099,796389223,0.3737,0.5825242718446422,601668.SH
2025-12-17,5.17,5.21,5.16,5.19,110317424,572703833,0.267,0.19305019305020377,601668.SH
2025-12-18,5.2,5.24,5.19,5.21,144083413,752213648,0.3487,0.3853564547205979,601668.SH
2025-12-21,5.22,5.23,5.17,5.17,150991478,783963463,0.3654,-0.7677543186180413,601668.SH
2025-12-22,5.17,5.22,5.16,5.2,119505289,621540562,0.2892,0.5802707930367523,601668.SH
2025-12-23,5.2,5.23,5.19,5.2,99505069,518042119,0.2408,0.0,601668.SH
2025-12-24,5.21,5.23,5.19,5.21,98695528,514611972,0.2389,0.19230769230769162,601668.SH
2025-12-25,5.21,5.22,5.19,5.19,98959808,515088107,0.2395,-0.38387715930900956,601668.SH
2025-12-28,5.19,5.26,5.18,5.22,179725449,939434888,0.435,0.5780346820809079,601668.SH
2025-12-29,5.21,5.22,5.15,5.16,194002574,1003208905,0.4695,-1.1494252873563093,601668.SH
2025-12-30,5.16,5.17,5.13,5.13,140127833,721085588,0.3391,-0.5813953488372103,601668.SH
2026-01-04,5.14,5.15,5.11,5.15,224038079,1148872103,0.5422,0.3898635477582957,601668.SH
2026-01-05,5.15,5.19,5.13,5.19,240308206,1240638066,0.5816,0.7766990291262044,601668.SH
2026-01-06,5.2,5.23,5.17,5.19,207766691,1079890033,0.5028,0.0,601668.SH
2026-01-07,5.18,5.2,5.15,5.19,148966099,771776795,0.3605,0.0,601668.SH
2026-01-08,5.2,5.2,5.16,5.18,162780865,843195854,0.3939,-0.19267822736032114,601668.SH
2026-01-11,5.18,5.2,5.17,5.19,180094907,933996380,0.4358,0.19305019305020377,601668.SH
2026-01-12,5.19,5.23,5.18,5.19,221978137,1154480447,0.5372,0.0,601668.SH
2026-01-13,5.18,5.2,5.13,5.14,292146353,1509972291,0.707,-0.9633911368015502,601668.SH
2026-01-14,5.14,5.15,5.1,5.11,192660040,987422589,0.4663,-0.583657587548625,601668.SH
2026-01-15,5.12,5.19,5.1,5.11,298752356,1534831324,0.723,0.0,601668.SH
2026-01-18,5.1,5.1,5.04,5.05,273439878,1384794303,0.6618,-1.1741682974559797,601668.SH
2026-01-19,5.05,5.17,5.04,5.14,349372987,1788895585,0.8455,1.7821782178217838,601668.SH
2026-01-20,5.14,5.15,5.07,5.08,258181805,1318167182,0.6248,-1.1673151750972721,601668.SH
2026-01-21,5.09,5.14,5.07,5.08,219273732,1116795038,0.5307,0.0,601668.SH
2026-01-22,5.09,5.1,5.05,5.06,264812304,1342060097,0.6409,-0.3937007874015852,601668.SH
2026-01-25,5.06,5.11,5.05,5.09,338603129,1720790144,0.8195,0.5928853754940677,601668.SH
2026-01-26,5.08,5.1,5.02,5.02,302034174,1526330828,0.731,-1.3752455795677854,601668.SH
2026-01-27,5.03,5.11,4.95,4.96,662045677,3332913560,1.6022,-1.195219123505964,601668.SH
2026-01-28,4.99,5.06,4.9,5.04,830361378,4109257848,2.0096,1.6129032258064502,601668.SH
2026-01-29,5.02,5.11,5.01,5.04,535192322,2714258126,1.2952,0.0,601668.SH
2026-02-01,5.05,5.07,4.93,4.94,416896757,2086180065,1.0089,-1.984126984126977,601668.SH
2026-02-02,4.97,5.01,4.94,4.98,257920387,1282084873,0.6242,0.809716599190291,601668.SH
2026-02-03,4.97,5.16,4.96,5.14,583550372,2970894727,1.4123,3.2128514056224855,601668.SH
2026-02-04,5.15,5.19,5.12,5.15,278368506,1434695426,0.6737,0.1945525291829009,601668.SH
2026-02-05,5.13,5.15,5.07,5.07,270449501,1378078709,0.6545,-1.553398058252431,601668.SH
2026-02-08,5.1,5.13,5.08,5.11,169087929,862760474,0.4092,0.7889546351084853,601668.SH
2026-02-09,5.11,5.11,5.07,5.08,150218744,763857005,0.3635,-0.5870841487279899,601668.SH
2026-02-10,5.08,5.09,5.06,5.08,130870793,664472782,0.3167,0.0,601668.SH
2026-02-11,5.08,5.08,5.03,5.04,194243296,981088109,0.4701,-0.7874015748031482,601668.SH
2026-02-12,5.04,5.05,4.99,5.0,238168984,1193867367,0.5764,-0.7936507936507908,601668.SH
2026-02-23,5.03,5.06,5.02,5.05,180493788,910704157,0.4368,1.0000000000000009,601668.SH
2026-02-24,5.05,5.16,5.01,5.03,649049360,3297490495,1.5708,-0.3960396039603853,601668.SH
2026-02-25,5.04,5.08,5.01,5.03,213731492,1076614444,0.5173,0.0,601668.SH
2026-02-26,5.03,5.06,5.02,5.04,266426322,1341246910,0.6448,0.1988071570576455,601668.SH
2026-03-01,5.01,5.08,5.0,5.04,393108809,1982236006,0.9514,0.0,601668.SH
2026-03-02,5.04,5.09,5.01,5.04,404170242,2042369120,0.9781,0.0,601668.SH
2026-03-03,5.02,5.03,4.94,4.97,478012304,2379475674,1.1568,-1.388888888888895,601668.SH
2026-03-04,4.99,5.02,4.95,5.0,262669624,1309535200,0.6357,0.6036217303823088,601668.SH
2026-03-05,4.99,5.06,4.97,5.05,290415554,1456112486,0.7028,1.0000000000000009,601668.SH
2026-03-08,5.02,5.04,5.0,5.01,325409983,1631587641,0.7875,-0.7920792079207928,601668.SH
2026-03-09,5.02,5.05,4.99,5.03,295644021,1485898469,0.7155,0.3992015968063978,601668.SH
2026-03-10,5.03,5.13,5.01,5.13,477090514,2426173790,1.1546,1.988071570576544,601668.SH
2026-03-11,5.12,5.15,5.1,5.14,282817656,1449910235,0.6845,0.19493177387914784,601668.SH
2026-03-12,5.13,5.2,5.13,5.15,386764786,2000815519,0.936,0.1945525291829009,601668.SH
2026-03-15,5.17,5.18,5.08,5.09,309401058,1581763460,0.7488,-1.1650485436893288,601668.SH
2026-03-16,5.09,5.16,5.09,5.11,269823340,1384122550,0.653,0.39292730844795454,601668.SH
2026-03-17,5.11,5.12,5.04,5.06,272515983,1380788920,0.6595,-0.9784735812133238,601668.SH
2026-03-18,5.04,5.07,5.02,5.03,218050791,1099729728,0.5277,-0.5928853754940566,601668.SH
2026-03-19,5.03,5.05,4.98,4.98,274484377,1375006861,0.6643,-0.994035785288272,601668.SH
2026-03-22,4.96,4.97,4.82,4.84,494581880,2414119587,1.1969,-2.8112449799196915,601668.SH
2026-03-23,4.88,4.89,4.83,4.88,221718572,1078004780,0.5366,0.8264462809917328,601668.SH
2026-03-24,4.89,4.97,4.87,4.97,265561683,1310453146,0.6427,1.8442622950819665,601668.SH
2026-03-25,4.96,4.98,4.92,4.93,161002801,797452777,0.3896,-0.8048289738430636,601668.SH
2026-03-26,4.9,4.94,4.9,4.93,167044748,821781572,0.4043,0.0,601668.SH
2026-03-29,4.9,4.98,4.88,4.97,227019984,1120132922,0.5494,0.8113590263691739,601668.SH
2026-03-30,4.96,5.05,4.95,5.01,269276992,1352127616,0.6517,0.8048289738430636,601668.SH
2026-03-31,5.04,5.06,5.0,5.02,175271841,880077518,0.4242,0.1996007984031989,601668.SH
2026-04-01,5.01,5.04,4.99,5.03,171236802,859616697,0.4144,0.19920318725101804,601668.SH
2026-04-02,5.02,5.03,4.98,5.0,124313503,621800910,0.3009,-0.5964214711729698,601668.SH
2026-04-06,5.0,5.01,4.95,4.97,134149900,667227765,0.3247,-0.6000000000000005,601668.SH
2026-04-07,5.0,5.03,4.98,5.03,229091256,1147036806,0.5544,1.2072434607645954,601668.SH
2026-04-08,5.01,5.01,4.96,4.96,150503717,749636235,0.3642,-1.3916500994035852,601668.SH
2026-04-09,4.97,4.99,4.96,4.97,139912092,695503801,0.3386,0.20161290322580072,601668.SH
2026-04-12,4.95,4.96,4.91,4.92,162023874,797694144,0.3921,-1.0060362173038184,601668.SH
2026-04-13,4.93,4.98,4.92,4.97,172002757,851163941,0.4163,1.0162601626016121,601668.SH
2026-04-14,4.98,5.0,4.97,4.98,126598202,630869091,0.3064,0.201207243460777,601668.SH
2026-04-15,4.98,5.0,4.96,4.98,116055286,577687752,0.2809,0.0,601668.SH
2026-04-16,4.98,4.99,4.92,4.94,266640219,1319887690,0.6453,-0.8032128514056214,601668.SH
2026-04-19,4.92,4.93,4.86,4.88,325812730,1592000611,0.7885,-1.2145748987854366,601668.SH
2026-04-20,4.87,4.91,4.84,4.85,324435090,1578786720,0.7852,-0.6147540983606592,601668.SH
2026-04-21,4.85,4.86,4.83,4.85,186281628,902156556,0.4508,0.0,601668.SH
2026-04-22,4.85,4.86,4.83,4.85,177543695,859898665,0.4297,0.0,601668.SH
2026-04-23,4.84,4.85,4.82,4.84,137342298,664295662,0.3324,-0.20618556701030855,601668.SH
2026-04-26,4.84,4.85,4.81,4.81,154067229,743237087,0.3729,-0.6198347107438051,601668.SH
2026-04-27,4.81,4.84,4.81,4.83,133449525,643516774,0.323,0.4158004158004269,601668.SH
2026-04-28,4.83,4.91,4.82,4.9,260881260,1270916520,0.6314,1.449275362318847,601668.SH
2026-04-29,4.9,4.92,4.86,4.91,246946880,1209170271,0.5976,0.20408163265306367,601668.SH
2026-05-05,4.92,4.93,4.89,4.92,189731089,930766200,0.4592,0.20366598778003286,601668.SH
2026-05-06,4.92,4.95,4.9,4.91,195572489,963088024,0.4733,-0.20325203252031798,601668.SH
2026-05-07,4.91,4.92,4.89,4.91,132800427,652001901,0.3214,0.0,601668.SH
2026-05-10,4.91,5.0,4.9,5.0,348984470,1731963479,0.8446,1.8329938900203624,601668.SH
2026-05-11,4.99,5.04,4.98,4.99,262600176,1315426437,0.6355,-0.20000000000000018,601668.SH
2026-05-12,4.99,5.02,4.94,4.97,246792782,1226028369,0.5973,-0.40080160320642433,601668.SH
2026-05-13,4.96,4.98,4.94,4.94,181445957,899354024,0.4391,-0.6036217303822755,601668.SH
2026-05-14,4.95,4.97,4.92,4.93,210218025,1038729110,0.5088,-0.2024291497975894,601668.SH
2026-05-17,4.93,4.94,4.86,4.89,219179581,1071661363,0.5304,-0.8113590263691739,601668.SH
2026-05-18,4.88,4.93,4.88,4.89,153852241,754429084,0.3723,0.0,601668.SH
2026-05-19,4.9,4.9,4.84,4.84,159713861,776215804,0.3865,-1.0224948875255602,601668.SH
2026-05-20,4.85,4.86,4.8,4.8,189844874,916858224,0.4594,-0.8264462809917328,601668.SH
2026-05-21,4.81,4.82,4.78,4.78,185121759,886894531,0.448,-0.4166666666666541,601668.SH
2026-05-24,4.79,4.81,4.76,4.77,147077549,703432561,0.3559,-0.20920502092051096,601668.SH
2026-05-25,4.77,4.78,4.75,4.76,131213724,625181517,0.3176,-0.20964360587001352,601668.SH
2026-05-26,4.76,4.78,4.72,4.73,157795185,748089743,0.3819,-0.6302521008403228,601668.SH
2026-05-27,4.73,4.77,4.72,4.73,144918891,686399725,0.3507,0.0,601668.SH
2026-05-28,4.75,4.84,4.74,4.83,255196340,1224903390,0.6176,2.114164904862581,601668.SH
2026-05-31,4.82,4.86,4.8,4.85,198181911,955788072,0.4796,0.41407867494822614,601668.SH
2026-06-01,4.85,4.88,4.83,4.86,161949464,786869896,0.3919,0.20618556701033075,601668.SH
2026-06-02,4.86,4.87,4.75,4.77,260425676,1247478157,0.6303,-1.8518518518518712,601668.SH
2026-06-03,4.74,4.76,4.7,4.71,186226574,879571433,0.4507,-1.2578616352201144,601668.SH
2026-06-04,4.7,4.75,4.7,4.72,137407062,649847820,0.3325,0.2123142250530785,601668.SH
2026-06-07,4.7,4.72,4.68,4.7,167129283,785242487,0.4045,-0.4237288135593098,601668.SH
2026-06-08,4.7,4.72,4.68,4.7,144252095,677457073,0.3491,0.0,601668.SH
2026-06-09,4.7,4.75,4.67,4.74,164489782,775261323,0.3981,0.8510638297872353,601668.SH
2026-06-10,4.75,4.78,4.72,4.74,160050192,758825658,0.3873,0.0,601668.SH
2026-06-11,4.75,4.78,4.72,4.77,249161666,1183646652,0.603,0.6329113924050445,601668.SH
2026-06-14,4.78,4.8,4.73,4.75,207621374,988650281,0.5025,-0.41928721174003813,601668.SH
2026-06-15,4.75,4.75,4.7,4.71,146211138,690273806,0.3538,-0.8421052631578996,601668.SH
2026-06-16,4.71,4.77,4.67,4.73,252991727,1191599321,0.6123,0.424628450106157,601668.SH
2026-06-17,4.71,4.72,4.6,4.61,308694124,1434912649,0.7471,-2.5369978858351017,601668.SH
2026-06-21,4.61,4.67,4.54,4.65,250131756,1151883621,0.6053,0.8676789587852562,601668.SH
2026-06-22,4.64,4.69,4.56,4.57,250209960,1156523165,0.6055,-1.7204301075268824,601668.SH
2026-06-23,4.57,4.58,4.48,4.48,233253966,1053688402,0.5645,-1.969365426695835,601668.SH
2026-06-24,4.47,4.51,4.43,4.44,211059790,942063236,0.5108,-0.8928571428571397,601668.SH
2026-06-25,4.44,4.47,4.39,4.4,199240534,882105701,0.4822,-0.9009009009009028,601668.SH
