date,open,high,low,close,volume,amount,turn,pct_change,windcode
2020-01-01,4.07,4.27,4.05,4.19,350856766,1667226632,1.83,,601899.SH
2020-01-02,4.21,4.32,4.15,4.23,274099877,1319798516,1.43,0.9546539379474916,601899.SH
2020-01-05,4.35,4.42,4.1,4.28,577602337,2780549169,3.0,1.1820330969267046,601899.SH
2020-01-06,4.17,4.17,4.07,4.11,402402486,1877777118,2.09,-3.971962616822433,601899.SH
2020-01-07,4.22,4.26,4.06,4.14,440337771,2072072563,2.29,0.7299270072992581,601899.SH
2020-01-08,3.99,4.07,3.95,3.97,387550882,1758105776,2.02,-4.1062801932366995,601899.SH
2020-01-09,3.96,4.01,3.93,4.0,235712336,1063149765,1.23,0.7556675062972307,601899.SH
2020-01-12,4.01,4.09,3.98,4.08,203908618,936407153,1.06,2.0000000000000018,601899.SH
2020-01-13,4.08,4.3,4.07,4.18,321751155,1532893173,1.67,2.450980392156854,601899.SH
2020-01-14,4.17,4.18,4.03,4.05,189435385,879009858,0.99,-3.1100478468899517,601899.SH
2020-01-15,4.05,4.07,3.96,3.98,168868136,765643798,0.88,-1.7283950617283939,601899.SH
2020-01-16,3.98,4.11,3.96,4.07,179916087,823719405,0.94,2.261306532663321,601899.SH
2020-01-19,4.05,4.06,3.95,4.0,185356720,837995411,0.96,-1.7199017199017286,601899.SH
2020-01-20,3.98,3.98,3.84,3.84,255850302,1131010501,1.33,-4.0000000000000036,601899.SH
2020-01-21,3.82,3.94,3.71,3.9,192937829,841726380,1.0,1.5625,601899.SH
2020-01-22,3.8,3.99,3.72,3.78,295411006,1286037893,1.54,-3.076923076923077,601899.SH
2020-02-02,3.4,3.57,3.4,3.4,449831802,1751335325,2.34,-10.052910052910047,601899.SH
2020-02-03,3.4,3.55,3.4,3.51,278159584,1101626239,1.45,3.2352941176470473,601899.SH
2020-02-04,3.49,3.63,3.46,3.55,302199277,1217004269,1.57,1.139601139601143,601899.SH
2020-02-05,3.59,3.68,3.52,3.64,302518837,1235523049,1.57,2.5352112676056526,601899.SH
2020-02-06,3.6,3.68,3.55,3.61,234159108,958238599,1.22,-0.8241758241758323,601899.SH
2020-02-09,3.58,3.73,3.53,3.7,292442849,1210140318,1.52,2.4930747922437657,601899.SH
2020-02-10,3.68,3.86,3.67,3.74,262161138,1120219409,1.36,1.0810810810810922,601899.SH
2020-02-11,3.73,3.81,3.72,3.79,169084056,724574715,0.88,1.3368983957219305,601899.SH
2020-02-12,3.79,3.83,3.75,3.81,178212554,768082420,0.93,0.5277044854881341,601899.SH
2020-02-13,3.82,4.04,3.77,4.0,336806363,1510655409,1.75,4.986876640419946,601899.SH
2020-02-16,4.01,4.08,3.95,4.06,247418859,1129242130,1.29,1.4999999999999902,601899.SH
2020-02-17,4.09,4.09,4.01,4.03,199042510,911733417,1.04,-0.7389162561576179,601899.SH
2020-02-18,4.09,4.11,3.99,4.04,255613779,1177137327,1.33,0.2481389578163684,601899.SH
2020-02-19,4.03,4.05,3.96,4.04,216979060,987786543,1.13,0.0,601899.SH
2020-02-20,4.08,4.2,4.04,4.14,368369246,1725826075,1.92,2.4752475247524774,601899.SH
2020-02-23,4.26,4.28,4.11,4.16,364972682,1731035706,1.9,0.48309178743961567,601899.SH
2020-02-24,4.03,4.13,3.99,4.03,346098269,1585828516,1.8,-3.125,601899.SH
2020-02-25,3.96,3.96,3.83,3.84,351814213,1551328882,1.83,-4.714640198511177,601899.SH
2020-02-26,3.84,3.91,3.8,3.89,169457473,744811994,0.88,1.3020833333333481,601899.SH
2020-02-27,3.77,3.83,3.67,3.67,260306946,1104330595,1.35,-5.655526992287918,601899.SH
2020-03-01,3.66,3.82,3.66,3.79,190485086,808677902,0.99,3.2697547683923744,601899.SH
2020-03-02,3.83,3.89,3.77,3.79,170989183,743489482,0.89,0.0,601899.SH
2020-03-03,3.88,3.9,3.76,3.82,246941406,1070946894,1.28,0.79155672823219,601899.SH
2020-03-04,3.79,3.85,3.79,3.83,190491581,825623677,0.99,0.2617801047120505,601899.SH
2020-03-05,3.88,3.89,3.83,3.86,245260315,1076871742,1.28,0.7832898172323688,601899.SH
2020-03-08,3.86,3.86,3.58,3.59,415442811,1732497705,2.16,-6.994818652849744,601899.SH
2020-03-09,3.49,3.59,3.45,3.56,361726473,1451419075,1.88,-0.835654596100277,601899.SH
2020-03-10,3.57,3.62,3.54,3.54,223741044,909501942,1.16,-0.5617977528089901,601899.SH
2020-03-11,3.45,3.48,3.4,3.45,221317398,864047673,1.15,-2.5423728813559254,601899.SH
2020-03-12,3.21,3.43,3.13,3.38,318814188,1188724176,1.66,-2.0289855072463836,601899.SH
2020-03-15,3.38,3.38,3.17,3.21,253454001,944140266,1.32,-5.029585798816571,601899.SH
2020-03-16,3.19,3.25,2.96,3.07,340711251,1187974544,1.77,-4.361370716510904,601899.SH
2020-03-17,3.11,3.15,3.0,3.0,242283744,848489163,1.26,-2.280130293159599,601899.SH
2020-03-18,2.91,2.98,2.88,2.96,306868416,1022614520,1.6,-1.3333333333333308,601899.SH
2020-03-19,3.0,3.08,2.93,3.05,225092925,764617229,1.17,3.040540540540526,601899.SH
2020-03-22,2.97,3.12,2.93,3.05,315355988,1092837259,1.64,0.0,601899.SH
2020-03-23,3.28,3.35,3.18,3.3,542024272,2008946649,2.82,8.196721311475418,601899.SH
2020-03-24,3.44,3.45,3.33,3.35,367117012,1412171374,1.91,1.5151515151515138,601899.SH
2020-03-25,3.29,3.39,3.25,3.32,246570302,931203364,1.28,-0.8955223880597107,601899.SH
2020-03-26,3.34,3.37,3.32,3.34,201100657,765439698,1.05,0.6024096385542244,601899.SH
2020-03-29,3.27,3.33,3.23,3.25,176598747,655541703,0.92,-2.6946107784431073,601899.SH
2020-03-30,3.25,3.29,3.22,3.25,135420854,500844862,0.7,0.0,601899.SH
2020-03-31,3.21,3.29,3.17,3.29,175852865,643599421,0.91,1.2307692307692353,601899.SH
2020-04-01,3.22,3.26,3.2,3.26,168837319,618002736,0.88,-0.911854103343468,601899.SH
2020-04-02,3.26,3.35,3.25,3.26,210445660,785735035,1.09,0.0,601899.SH
2020-04-06,3.37,3.54,3.34,3.5,426568703,1674276500,2.22,7.361963190184051,601899.SH
2020-04-07,3.44,3.52,3.42,3.48,185435271,730549685,0.96,-0.5714285714285672,601899.SH
2020-04-08,3.48,3.51,3.45,3.48,152568999,599543495,0.79,0.0,601899.SH
2020-04-09,3.6,3.61,3.48,3.5,288564084,1154769445,1.5,0.5747126436781658,601899.SH
2020-04-12,3.49,3.57,3.47,3.52,146092977,581531262,0.76,0.5714285714285783,601899.SH
2020-04-13,3.61,3.84,3.58,3.77,503774392,2129995342,2.62,7.102272727272729,601899.SH
2020-04-14,3.75,3.83,3.72,3.75,271626614,1161664878,1.41,-0.5305039787798393,601899.SH
2020-04-15,3.7,3.74,3.65,3.74,273389790,1143408182,1.42,-0.2666666666666595,601899.SH
2020-04-16,3.67,3.7,3.59,3.64,272941414,1128015712,1.42,-2.67379679144385,601899.SH
2020-04-19,3.59,3.67,3.56,3.65,171816787,707599952,0.89,0.27472527472527375,601899.SH
2020-04-20,3.63,3.67,3.55,3.6,159913476,653477714,0.83,-1.3698630136986245,601899.SH
2020-04-21,3.57,3.6,3.54,3.58,156436189,634118411,0.81,-0.5555555555555536,601899.SH
2020-04-22,3.67,3.71,3.61,3.66,264954481,1100114871,1.38,2.2346368715083775,601899.SH
2020-04-23,3.64,3.74,3.62,3.73,296695090,1246241645,1.54,1.91256830601092,601899.SH
2020-04-26,3.48,3.52,3.36,3.38,588580643,2299444430,3.06,-9.383378016085796,601899.SH
2020-04-27,3.38,3.51,3.31,3.5,392069148,1524562834,2.04,3.5502958579881616,601899.SH
2020-04-28,3.5,3.52,3.43,3.45,139861213,550700512,0.73,-1.4285714285714235,601899.SH
2020-04-29,3.46,3.48,3.4,3.45,182031895,710735856,0.95,0.0,601899.SH
2020-05-05,3.45,3.51,3.44,3.49,149217826,589983415,0.78,1.1594202898550732,601899.SH
2020-05-06,3.46,3.55,3.45,3.48,152442431,604005327,0.79,-0.2865329512894088,601899.SH
2020-05-07,3.55,3.57,3.5,3.53,148640409,594129230,0.77,1.4367816091954033,601899.SH
2020-05-10,3.52,3.54,3.47,3.48,129290571,514066307,0.67,-1.4164305949008416,601899.SH
2020-05-11,3.46,3.47,3.4,3.42,161932416,630416316,0.84,-1.7241379310344862,601899.SH
2020-05-12,3.42,3.44,3.39,3.42,108110906,418541497,0.56,0.0,601899.SH
2020-05-13,3.43,3.44,3.35,3.37,132539659,508209915,0.69,-1.4619883040935644,601899.SH
2020-05-14,3.41,3.49,3.39,3.47,211454554,828352157,1.1,2.9673590504451175,601899.SH
2020-05-17,3.55,3.69,3.52,3.65,370651359,1525032614,1.93,5.187319884726227,601899.SH
2020-05-18,3.59,3.62,3.52,3.54,208508107,846906493,1.08,-3.013698630136985,601899.SH
2020-05-19,3.6,3.67,3.57,3.63,187880102,773737648,0.98,2.5423728813559254,601899.SH
2020-05-20,3.62,3.66,3.53,3.55,145381960,591209992,0.76,-2.203856749311295,601899.SH
2020-05-21,3.54,3.54,3.42,3.45,155083436,609120547,0.81,-2.8169014084506894,601899.SH
2020-05-24,3.43,3.43,3.36,3.38,141222959,543110487,0.73,-2.0289855072463836,601899.SH
2020-05-25,3.41,3.45,3.39,3.42,114431254,444171782,0.6,1.183431952662728,601899.SH
2020-05-26,3.37,3.38,3.33,3.35,155699736,591922211,0.81,-2.0467836257309857,601899.SH
2020-05-27,3.37,3.4,3.34,3.37,142375582,544209522,0.74,0.5970149253731405,601899.SH
2020-05-28,3.35,3.37,3.3,3.33,148432424,560952487,0.77,-1.1869436201780381,601899.SH
2020-05-31,3.36,3.45,3.35,3.43,204161218,786524857,1.06,3.003003003003002,601899.SH
2020-06-01,3.43,3.45,3.38,3.42,140908222,546551406,0.73,-0.291545189504383,601899.SH
2020-06-02,3.42,3.51,3.4,3.46,181300723,712210034,0.94,1.1695906432748648,601899.SH
2020-06-03,3.42,3.44,3.38,3.39,153906963,593820776,0.8,-2.023121387283233,601899.SH
2020-06-04,3.41,3.41,3.36,3.37,122956377,470868977,0.64,-0.5899705014749235,601899.SH
2020-06-07,3.41,3.55,3.41,3.53,358920554,1424201274,1.83,4.7477744807121525,601899.SH
2020-06-08,3.55,3.58,3.52,3.56,176534926,709716269,0.9,0.8498583569405138,601899.SH
2020-06-09,3.61,3.63,3.51,3.53,134188940,539774472,0.68,-0.8426966292134908,601899.SH
2020-06-10,3.59,3.65,3.55,3.57,204945094,837059194,1.04,1.1331444759206777,601899.SH
2020-06-11,3.46,3.52,3.45,3.5,156647213,621241311,0.8,-1.9607843137254832,601899.SH
2020-06-14,3.5,3.52,3.45,3.45,138581732,545708188,0.71,-1.4285714285714235,601899.SH
2020-06-15,3.46,3.54,3.45,3.52,153538189,609292784,0.78,2.0289855072463725,601899.SH
2020-06-16,3.51,3.55,3.47,3.55,164785221,657553385,0.84,0.8522727272727293,601899.SH
2020-06-17,3.57,3.68,3.52,3.66,315164328,1295909916,1.6,3.0985915492957927,601899.SH
2020-06-18,3.66,3.7,3.62,3.67,203306269,844352899,1.04,0.2732240437158362,601899.SH
2020-06-21,3.71,3.82,3.7,3.74,283332700,1210457695,1.44,1.9073569482289,601899.SH
2020-06-22,3.77,3.8,3.71,3.74,145361538,618116883,0.74,0.0,601899.SH
2020-06-23,3.82,3.89,3.81,3.86,240447058,1051518904,1.22,3.208556149732611,601899.SH
2020-06-28,3.85,3.91,3.79,3.85,191705099,836245747,0.98,-0.2590673575129432,601899.SH
2020-06-29,3.85,3.89,3.8,3.88,159963505,697737599,0.81,0.7792207792207684,601899.SH
2020-06-30,3.94,4.14,3.94,4.04,336231585,1543257513,1.71,4.123711340206193,601899.SH
2020-07-01,3.97,4.1,3.97,4.07,272079411,1252357766,1.39,0.7425742574257432,601899.SH
2020-07-02,4.05,4.22,4.04,4.19,330125513,1558853698,1.68,2.9484029484029506,601899.SH
2020-07-05,4.2,4.52,4.2,4.5,525666214,2642327770,2.68,7.398568019093066,601899.SH
2020-07-06,4.58,4.8,4.51,4.52,463256282,2435377392,2.36,0.4444444444444251,601899.SH
2020-07-07,4.55,4.93,4.53,4.92,565314765,3057825693,2.88,8.849557522123908,601899.SH
2020-07-08,4.98,5.41,4.98,5.41,690230769,4116056290,3.51,9.959349593495936,601899.SH
2020-07-09,5.29,5.29,4.97,4.99,623383160,3614792120,3.17,-7.7634011090573,601899.SH
2020-07-12,5.14,5.35,5.12,5.29,576155693,3431960881,2.93,6.012024048096198,601899.SH
2020-07-13,5.09,5.24,5.02,5.13,426061465,2469490567,2.17,-3.0245746691871522,601899.SH
2020-07-14,5.15,5.23,4.93,4.98,368158621,2111417755,1.87,-2.923976608187129,601899.SH
2020-07-15,4.92,5.09,4.76,4.79,308009085,1726210139,1.57,-3.81526104417671,601899.SH
2020-07-16,4.76,4.88,4.68,4.8,243140716,1299330891,1.24,0.20876826722338038,601899.SH
2020-07-19,4.9,5.04,4.87,5.04,380512078,2110951004,1.94,5.000000000000004,601899.SH
2020-07-20,5.13,5.19,5.03,5.1,298565081,1701371308,1.52,1.1904761904761862,601899.SH
2020-07-21,5.39,5.46,5.22,5.25,383973288,2275999070,1.96,2.941176470588247,601899.SH
2020-07-22,5.32,5.34,5.04,5.22,305906632,1772895846,1.56,-0.5714285714285783,601899.SH
2020-07-23,5.19,5.27,4.97,5.05,359066869,2047695723,1.83,-3.256704980842906,601899.SH
2020-07-26,5.18,5.42,5.11,5.4,581687445,3458036747,2.96,6.930693069306937,601899.SH
2020-07-27,5.59,5.65,5.12,5.17,641076131,3836954517,3.26,-4.259259259259263,601899.SH
2020-07-28,5.17,5.2,5.01,5.15,419692243,2381905024,2.14,-0.3868471953578201,601899.SH
2020-07-29,5.18,5.26,5.05,5.07,294110303,1681310716,1.5,-1.553398058252431,601899.SH
2020-07-30,5.12,5.25,5.05,5.25,349910752,2013444109,1.78,3.5502958579881616,601899.SH
2020-08-02,5.21,5.28,5.13,5.24,300128601,1741028418,1.53,-0.19047619047618536,601899.SH
2020-08-03,5.23,5.34,5.17,5.2,285044601,1660603527,1.45,-0.7633587786259555,601899.SH
2020-08-04,5.36,5.43,5.22,5.42,471020397,2803206795,2.4,4.230769230769216,601899.SH
2020-08-05,5.47,5.92,5.46,5.9,718268728,4625912973,3.66,8.856088560885622,601899.SH
2020-08-06,5.9,6.27,5.84,5.96,728252315,4919137309,3.71,1.0169491525423568,601899.SH
2020-08-09,5.72,5.77,5.57,5.68,408542646,2572469569,2.08,-4.697986577181212,601899.SH
2020-08-10,5.57,5.7,5.39,5.41,398065552,2455260278,2.03,-4.7535211267605515,601899.SH
2020-08-11,5.02,5.17,4.88,5.12,596546485,3334005268,3.04,-5.360443622920519,601899.SH
2020-08-12,5.13,5.18,5.03,5.13,197710106,1125242590,1.01,0.1953125,601899.SH
2020-08-13,5.15,5.31,5.12,5.19,181252163,1051840702,0.92,1.1695906432748648,601899.SH
2020-08-16,5.16,5.53,5.11,5.48,317021993,1886070320,1.61,5.587668593448947,601899.SH
2020-08-17,5.63,5.75,5.55,5.71,305112729,1926947631,1.55,4.1970802919707895,601899.SH
2020-08-18,5.71,5.85,5.64,5.83,452817743,2904487834,2.31,2.1015761821365997,601899.SH
2020-08-19,5.56,5.88,5.48,5.67,355196078,2238850114,1.81,-2.7444253859348233,601899.SH
2020-08-20,5.68,5.74,5.53,5.57,208846031,1305123836,1.06,-1.7636684303350858,601899.SH
2020-08-23,5.65,6.1,5.62,6.01,492134402,3233027176,2.51,7.899461400359065,601899.SH
2020-08-24,6.07,6.07,5.69,5.92,368169777,2400064577,1.87,-1.4975041597337757,601899.SH
2020-08-25,5.86,6.03,5.77,5.86,264105493,1732649925,1.34,-1.0135135135135087,601899.SH
2020-08-26,5.98,6.02,5.76,5.82,186834777,1223716664,0.95,-0.6825938566552892,601899.SH
2020-08-27,5.79,6.0,5.65,5.97,259636921,1694238228,1.32,2.577319587628857,601899.SH
2020-08-30,6.08,6.57,6.07,6.45,746287393,5352225219,3.8,8.04020100502514,601899.SH
2020-08-31,6.46,6.72,6.42,6.59,444801357,3253480597,2.26,2.170542635658901,601899.SH
2020-09-01,6.51,6.56,6.3,6.4,346897511,2474034081,1.77,-2.8831562974203306,601899.SH
2020-09-02,6.29,6.51,6.24,6.34,270134571,1923632824,1.38,-0.9375000000000022,601899.SH
2020-09-03,6.21,6.45,6.2,6.28,223535260,1573107056,1.14,-0.9463722397476282,601899.SH
2020-09-06,6.37,6.67,6.26,6.36,350756184,2530520460,1.79,1.273885350318471,601899.SH
2020-09-07,6.27,6.39,6.02,6.32,305837177,2109194439,1.56,-0.6289308176100628,601899.SH
2020-09-08,6.14,6.27,6.02,6.04,233008778,1585961864,1.19,-4.430379746835444,601899.SH
2020-09-09,6.19,6.44,6.13,6.27,343475741,2407420871,1.75,3.8079470198675525,601899.SH
2020-09-10,6.19,6.25,6.04,6.2,214292288,1466902455,1.09,-1.1164274322168932,601899.SH
2020-09-13,6.28,6.5,6.15,6.41,286499184,2031960307,1.46,3.3870967741935543,601899.SH
2020-09-14,6.46,6.53,6.38,6.44,237318149,1704384190,1.21,0.46801872074884177,601899.SH
2020-09-15,6.33,6.41,6.21,6.32,168620765,1184866871,0.86,-1.8633540372670843,601899.SH
2020-09-16,6.27,6.27,6.05,6.1,233631054,1594086151,1.19,-3.4810126582278555,601899.SH
2020-09-17,6.16,6.33,6.12,6.31,220922464,1533430240,1.12,3.4426229508196737,601899.SH
2020-09-20,6.3,6.38,6.13,6.17,198003684,1377199173,1.01,-2.2187004754358086,601899.SH
2020-09-21,5.92,6.08,5.84,5.89,281916503,1871226401,1.44,-4.538087520259326,601899.SH
2020-09-22,5.91,5.95,5.73,5.79,256802497,1660748399,1.31,-1.6977928692699429,601899.SH
2020-09-23,5.64,5.65,5.39,5.4,394361753,2413826183,2.01,-6.735751295336778,601899.SH
2020-09-24,5.5,5.6,5.48,5.57,220718804,1363147840,1.12,3.1481481481481444,601899.SH
2020-09-27,5.58,5.64,5.47,5.56,155839487,966583391,0.79,-0.17953321364453378,601899.SH
2020-09-28,5.67,5.76,5.53,5.56,208115087,1300959855,1.06,0.0,601899.SH
2020-09-29,5.61,5.65,5.45,5.52,160117715,988075369,0.82,-0.7194244604316502,601899.SH
2020-10-08,5.61,5.64,5.52,5.58,255638892,1588025395,1.3,1.0869565217391353,601899.SH
2020-10-11,5.6,5.92,5.6,5.91,283980140,1845566147,1.45,5.913978494623651,601899.SH
2020-10-12,5.87,5.92,5.76,5.91,143854706,938112526,0.73,0.0,601899.SH
2020-10-13,5.75,5.87,5.72,5.83,126964096,820486584,0.65,-1.3536379018612488,601899.SH
2020-10-14,5.84,5.99,5.83,5.89,132363029,871390723,0.67,1.0291595197255532,601899.SH
2020-10-15,6.01,6.12,5.89,5.92,164105665,1094957743,0.84,0.5093378607809784,601899.SH
2020-10-18,5.92,6.02,5.82,6.0,146237282,970042975,0.74,1.3513513513513598,601899.SH
2020-10-19,6.02,6.12,5.9,6.06,181648607,1221323954,0.92,1.0000000000000009,601899.SH
2020-10-20,6.18,6.32,6.18,6.26,250975220,1747918620,1.28,3.300330033003296,601899.SH
2020-10-21,6.27,6.28,6.16,6.25,132248568,915540071,0.67,-0.15974440894568342,601899.SH
2020-10-22,6.17,6.31,6.16,6.2,123050431,854363385,0.63,-0.8000000000000007,601899.SH
2020-10-25,6.2,6.35,6.08,6.32,187101086,1301961103,0.95,1.9354838709677358,601899.SH
2020-10-26,6.28,6.37,6.27,6.35,125888167,885737458,0.64,0.4746835443037778,601899.SH
2020-10-27,6.33,6.49,6.28,6.43,165674101,1180890656,0.84,1.2598425196850505,601899.SH
2020-10-28,6.24,6.36,6.18,6.29,150836485,1056418009,0.77,-2.1772939346811793,601899.SH
2020-10-29,6.32,6.53,6.24,6.27,196605879,1391936745,1.0,-0.31796502384738856,601899.SH
2020-11-01,6.35,6.48,6.28,6.45,202034380,1447781684,1.03,2.8708133971292016,601899.SH
2020-11-02,6.52,7.08,6.48,6.87,416717738,3170877780,2.12,6.511627906976747,601899.SH
2020-11-03,6.87,6.94,6.74,6.88,198735271,1518356031,1.01,0.14556040756914523,601899.SH
2020-11-04,6.95,7.0,6.74,6.88,220684641,1687147407,1.12,0.0,601899.SH
2020-11-05,7.05,7.21,6.97,7.09,318343976,2518923528,1.62,3.052325581395343,601899.SH
2020-11-08,7.2,7.33,7.14,7.3,293704261,2374099304,1.5,2.961918194640334,601899.SH
2020-11-09,6.96,7.06,6.83,6.91,389531053,3017574704,1.98,-5.342465753424652,601899.SH
2020-11-10,6.89,6.96,6.73,6.76,223126301,1695610304,1.14,-2.170767004341534,601899.SH
2020-11-11,6.71,6.93,6.59,6.88,248024070,1876190343,1.26,1.775147928994092,601899.SH
2020-11-12,6.91,6.97,6.75,6.86,155571312,1189078819,0.79,-0.29069767441859407,601899.SH
2020-11-15,6.98,7.45,6.98,7.35,402642361,3255892344,2.05,7.14285714285714,601899.SH
2020-11-16,7.35,7.55,7.28,7.37,289942155,2389264147,1.48,0.2721088435374108,601899.SH
2020-11-17,7.32,7.95,7.32,7.56,467088237,3978854137,2.38,2.578018995929443,601899.SH
2020-11-18,7.5,7.57,7.28,7.52,233169686,1929711761,1.19,-0.5291005291005346,601899.SH
2020-11-19,7.49,8.06,7.45,8.06,341594872,2976508137,1.74,7.180851063829796,601899.SH
2020-11-22,8.22,8.46,7.92,8.22,490866558,4501613890,2.5,1.985111662531014,601899.SH
2020-11-23,7.98,8.22,7.91,8.21,368028905,3304259942,1.87,-0.12165450121653931,601899.SH
2020-11-24,8.19,8.44,7.72,7.74,527469520,4694577304,2.69,-5.7247259439707765,601899.SH
2020-11-25,7.74,7.95,7.7,7.95,296723124,2592404151,1.51,2.7131782945736482,601899.SH
2020-11-26,8.08,8.17,7.79,8.03,258483274,2294451403,1.32,1.0062893081761004,601899.SH
2020-11-29,8.0,8.5,7.92,8.34,430307415,3983057663,2.19,3.860523038605246,601899.SH
2020-11-30,8.2,8.43,8.12,8.43,260739041,2408544752,1.33,1.0791366906474753,601899.SH
2020-12-01,8.57,8.71,8.26,8.39,330162869,3118879123,1.68,-0.47449584816131596,601899.SH
2020-12-02,8.28,8.34,7.87,7.95,377381819,3377235827,1.92,-5.244338498212164,601899.SH
2020-12-03,7.97,8.21,7.85,8.2,267796859,2408571976,1.36,3.1446540880503138,601899.SH
2020-12-06,8.14,8.24,7.82,7.91,264861178,2348355262,1.35,-3.5365853658536506,601899.SH
2020-12-07,8.0,8.2,7.9,8.0,285706859,2557945104,1.45,1.1378002528444897,601899.SH
2020-12-08,8.01,8.12,7.79,7.82,234836436,2066947594,1.2,-2.2499999999999964,601899.SH
2020-12-09,7.64,7.72,7.36,7.67,297764691,2506752991,1.52,-1.9181585677749413,601899.SH
2020-12-10,7.91,7.93,7.44,7.57,285486338,2443012610,1.45,-1.303780964797907,601899.SH
2020-12-13,7.45,7.69,7.36,7.64,191295595,1611031526,0.97,0.9247027741083214,601899.SH
2020-12-14,7.56,7.58,7.28,7.48,285011727,2347146659,1.45,-2.094240837696326,601899.SH
2020-12-15,7.57,7.63,7.35,7.52,195560638,1632712271,1.0,0.53475935828875,601899.SH
2020-12-16,7.55,7.93,7.52,7.93,359553628,3111877662,1.83,5.452127659574479,601899.SH
2020-12-17,8.03,8.37,8.01,8.25,374924512,3428916939,1.91,4.035308953341743,601899.SH
2020-12-20,8.37,8.51,8.22,8.43,280066575,2615269450,1.43,2.1818181818181737,601899.SH
2020-12-21,8.24,8.28,7.82,7.85,391525607,3516910192,1.99,-6.880189798339265,601899.SH
2020-12-22,7.78,7.94,7.65,7.87,249846668,2175904494,1.27,0.2547770700636942,601899.SH
2020-12-23,7.92,8.14,7.92,8.0,200987038,1799389702,1.02,1.6518424396442244,601899.SH
2020-12-24,8.02,8.35,7.82,8.32,273356914,2487214501,1.39,4.0000000000000036,601899.SH
2020-12-27,8.41,8.66,8.39,8.47,321029010,3055390719,1.63,1.8028846153846256,601899.SH
2020-12-28,8.54,8.57,8.17,8.17,244064436,2254838142,1.24,-3.541912632821731,601899.SH
2020-12-29,8.16,8.4,8.07,8.32,245102232,2258500597,1.25,1.8359853121175052,601899.SH
2020-12-30,8.37,8.46,8.22,8.34,243889964,2267849820,1.24,0.24038461538460343,601899.SH
2021-01-03,8.46,9.13,8.42,9.01,445168334,4361922843,2.27,8.033573141486805,601899.SH
2021-01-04,9.06,9.2,8.84,9.16,362738182,3659225117,1.85,1.6648168701442811,601899.SH
2021-01-05,9.38,9.69,9.25,9.42,382786005,4029757962,1.95,2.8384279475982543,601899.SH
2021-01-06,9.36,10.16,9.32,10.04,447954121,4908866978,2.28,6.581740976645434,601899.SH
2021-01-07,10.23,10.34,9.78,10.19,389430578,4344575344,1.98,1.4940239043824688,601899.SH
2021-01-10,9.78,9.98,9.42,9.58,471688810,5095583004,2.4,-5.986261040235519,601899.SH
2021-01-11,9.25,9.78,9.18,9.78,330386249,3497531108,1.68,2.0876826722338038,601899.SH
2021-01-12,9.8,10.38,9.43,9.59,446550141,4931502129,2.27,-1.942740286298561,601899.SH
2021-01-13,9.53,9.62,9.25,9.36,248924015,2614963250,1.27,-2.3983315954118956,601899.SH
2021-01-14,9.51,9.77,9.19,9.48,265911595,2800597213,1.35,1.2820512820512997,601899.SH
2021-01-17,9.25,9.61,8.91,9.6,297687279,3080365298,1.52,1.2658227848101111,601899.SH
2021-01-18,9.47,9.64,9.1,9.23,241515575,2515421370,1.23,-3.8541666666666585,601899.SH
2021-01-19,9.23,9.57,9.23,9.48,207543682,2181268565,1.06,2.7085590465872222,601899.SH
2021-01-20,9.6,10.01,9.53,9.85,327400497,3571286803,1.67,3.9029535864978815,601899.SH
2021-01-21,9.76,9.86,9.57,9.72,209061346,2266390398,1.06,-1.3197969543147114,601899.SH
2021-01-24,9.73,10.18,9.62,9.92,302129487,3350992978,1.54,2.0576131687242816,601899.SH
2021-01-25,9.87,9.87,9.43,9.64,268877460,2893638774,1.37,-2.822580645161288,601899.SH
2021-01-26,9.69,9.8,9.11,9.35,264593333,2751539537,1.35,-3.0082987551867335,601899.SH
2021-01-27,8.98,9.16,8.62,8.69,351893779,3475714738,1.79,-7.058823529411762,601899.SH
2021-01-28,8.89,8.98,8.36,8.62,277139966,2676524826,1.41,-0.8055235903337232,601899.SH
2021-01-31,8.92,9.41,8.81,9.37,355225241,3610966764,1.81,8.700696055684464,601899.SH
2021-02-01,9.41,9.77,9.27,9.69,280799953,2988213539,1.43,3.415154749199578,601899.SH
2021-02-02,9.51,9.66,9.2,9.42,281468916,2949954724,1.43,-2.786377708978327,601899.SH
2021-02-03,9.42,9.48,9.0,9.11,186606141,1910565322,0.95,-3.290870488322728,601899.SH
2021-02-04,8.97,9.28,8.73,8.8,263340422,2621783115,1.34,-3.4028540065861534,601899.SH
2021-02-07,9.07,9.56,9.03,9.51,302447965,3151110631,1.54,8.068181818181808,601899.SH
2021-02-08,9.86,10.19,9.68,10.18,347099978,3868479613,1.77,7.045215562565721,601899.SH
2021-02-09,10.3,11.02,10.26,10.84,426762333,5065308198,2.17,6.483300589390972,601899.SH
2021-02-17,11.93,11.93,11.93,11.93,81753772,1086507630,0.42,10.055350553505527,601899.SH
2021-02-18,12.27,12.67,11.57,12.24,1008802428,13756431472,5.14,2.5984911986588477,601899.SH
2021-02-21,12.98,13.46,12.85,13.13,1031889097,15225407084,5.25,7.271241830065356,601899.SH
2021-02-22,12.66,13.05,12.36,12.43,717283182,10155195094,3.65,-5.331302361005341,601899.SH
2021-02-23,12.52,12.81,11.26,11.76,763929157,10206863198,3.89,-5.390185036202732,601899.SH
2021-02-24,12.25,12.33,11.56,11.65,546806680,7290211659,2.78,-0.9353741496598622,601899.SH
2021-02-25,10.94,11.27,10.75,10.94,636144899,7798379241,3.24,-6.094420600858374,601899.SH
2021-02-28,10.97,11.13,10.56,11.06,531899042,6448600368,2.71,1.0968921389396868,601899.SH
2021-03-01,10.86,10.86,10.37,10.55,495700045,5849304562,2.52,-4.611211573236885,601899.SH
2021-03-02,10.74,11.09,10.59,11.06,522198987,6320032303,2.66,4.83412322274881,601899.SH
2021-03-03,10.71,10.8,10.05,10.28,603698524,7008365502,3.07,-7.052441229656425,601899.SH
2021-03-04,9.68,9.99,9.51,9.87,532956769,5798586694,2.71,-3.988326848249024,601899.SH
2021-03-07,10.17,10.23,9.51,9.58,418196496,4602169063,2.13,-2.93819655521782,601899.SH
2021-03-08,9.6,9.94,8.99,9.61,505206086,5344246000,2.57,0.31315240083507057,601899.SH
2021-03-09,9.69,9.69,9.29,9.42,296477778,3119352160,1.51,-1.9771071800208095,601899.SH
2021-03-10,9.56,10.36,9.46,10.36,572997920,6359017076,2.92,9.97876857749469,601899.SH
2021-03-11,10.51,10.56,9.93,10.19,460870190,5259841299,2.35,-1.6409266409266432,601899.SH
2021-03-14,10.14,10.45,9.85,10.1,418274407,4730861426,2.13,-0.8832188420019649,601899.SH
2021-03-15,10.13,10.14,9.65,9.97,305393454,3362527959,1.55,-1.2871287128712772,601899.SH
2021-03-16,9.69,9.97,9.57,9.95,244471019,2672406853,1.24,-0.20060180541626726,601899.SH
2021-03-17,10.23,10.39,10.01,10.04,302583470,3428045770,1.54,0.9045226130653283,601899.SH
2021-03-18,9.71,9.9,9.6,9.72,360642231,3899339140,1.84,-3.1872509960159223,601899.SH
2021-03-21,9.65,9.73,9.34,9.57,311295886,3300885479,1.58,-1.5432098765432167,601899.SH
2021-03-22,9.68,9.73,8.98,9.09,437961717,4499471589,2.23,-5.0156739811912265,601899.SH
2021-03-23,8.89,9.0,8.35,8.4,573323238,5474910242,2.92,-7.590759075907583,601899.SH
2021-03-24,8.48,8.79,8.45,8.58,397265845,3817736537,2.02,2.1428571428571352,601899.SH
2021-03-25,8.62,8.99,8.55,8.9,408898174,3995802973,2.08,3.7296037296037365,601899.SH
2021-03-28,8.9,8.98,8.66,8.91,295006009,2907970635,1.5,0.11235955056179137,601899.SH
2021-03-29,8.81,9.12,8.69,8.91,296079312,2938037287,1.51,0.0,601899.SH
2021-03-30,8.81,8.82,8.48,8.63,341747840,3274537358,1.74,-3.142536475869806,601899.SH
2021-03-31,8.72,8.81,8.63,8.74,230815665,2240304735,1.18,1.2746234067207318,601899.SH
2021-04-01,8.84,9.1,8.81,9.09,395349729,3962425756,2.01,4.004576659038905,601899.SH
2021-04-05,9.29,9.37,9.09,9.11,306084879,3141800030,1.56,0.22002200220021528,601899.SH
2021-04-06,9.2,9.24,8.89,9.19,253068408,2555155701,1.29,0.8781558726673966,601899.SH
2021-04-07,9.16,9.59,9.04,9.45,409922288,4297622177,2.09,2.8291621327529937,601899.SH
2021-04-08,9.51,9.53,9.2,9.24,227726836,2361921477,1.16,-2.2222222222222143,601899.SH
2021-04-11,9.13,9.13,8.62,8.69,382576974,3746359621,1.95,-5.952380952380965,601899.SH
2021-04-12,8.61,8.82,8.54,8.71,215462208,2092158730,1.1,0.23014959723821615,601899.SH
2021-04-13,8.72,8.95,8.72,8.91,222354597,2196393986,1.13,2.296211251435132,601899.SH
2021-04-14,9.07,9.19,8.8,9.16,283596684,2851263081,1.44,2.805836139169471,601899.SH
2021-04-15,9.49,9.6,9.16,9.18,411957771,4305401933,2.1,0.21834061135370675,601899.SH
2021-04-18,9.19,9.56,8.96,9.56,399896657,4173023438,2.04,4.139433551198257,601899.SH
2021-04-19,9.42,9.75,9.39,9.64,375163753,4012678442,1.91,0.8368200836819994,601899.SH
2021-04-20,9.42,9.57,9.29,9.47,240994349,2536689651,1.23,-1.763485477178417,601899.SH
2021-04-21,9.57,9.72,9.44,9.51,258894772,2766959349,1.32,0.42238648363250864,601899.SH
2021-04-22,9.48,9.71,9.34,9.68,285518030,3056599836,1.45,1.7875920084121866,601899.SH
2021-04-25,9.9,10.23,9.81,10.01,486226806,5443923867,2.48,3.409090909090917,601899.SH
2021-04-26,10.16,10.36,9.88,10.13,490881815,5550831104,2.5,1.1988011988012026,601899.SH
2021-04-27,9.89,10.08,9.74,9.95,299160540,3308172913,1.52,-1.7769002961500635,601899.SH
2021-04-28,10.15,10.3,10.02,10.2,352853729,3995319718,1.8,2.5125628140703515,601899.SH
2021-04-29,10.05,10.24,9.74,9.9,369975095,4087299495,1.88,-2.941176470588225,601899.SH
2021-05-05,10.38,10.74,10.24,10.36,498383283,5803831804,2.54,4.646464646464632,601899.SH
2021-05-06,10.74,10.85,10.63,10.7,501563280,5992351539,2.55,3.2818532818532864,601899.SH
2021-05-09,11.09,11.22,10.89,11.09,577791600,7112689364,2.94,3.6448598130841114,601899.SH
2021-05-10,10.68,10.68,10.15,10.39,533978719,6190222553,2.72,-6.311992786293952,601899.SH
2021-05-11,10.32,10.57,10.24,10.55,267046039,3109739688,1.36,1.5399422521655382,601899.SH
2021-05-12,10.11,10.24,9.87,9.95,401687366,4482547609,2.05,-5.687203791469209,601899.SH
2021-05-13,9.88,9.98,9.6,9.93,359966291,3923947722,1.83,-0.20100502512562235,601899.SH
2021-05-16,9.98,10.32,9.87,10.28,382905376,4320022451,1.95,3.5246727089627283,601899.SH
2021-05-17,10.54,10.66,10.4,10.53,293717678,3452682329,1.5,2.4319066147859836,601899.SH
2021-05-18,10.39,10.39,10.16,10.25,260692258,2972228881,1.33,-2.6590693257359854,601899.SH
2021-05-19,9.78,9.96,9.51,9.81,440449026,4757953612,2.24,-4.2926829268292614,601899.SH
2021-05-20,9.69,9.9,9.58,9.71,273640503,2962046118,1.39,-1.0193679918450549,601899.SH
2021-05-23,9.48,9.66,9.42,9.53,261063789,2769535488,1.33,-1.8537590113285374,601899.SH
2021-05-24,9.6,9.88,9.47,9.81,309188927,3349195352,1.57,2.9380902413431498,601899.SH
2021-05-25,9.81,10.04,9.77,9.93,264624958,2921685347,1.35,1.2232415902140525,601899.SH
2021-05-26,10.04,10.09,9.84,10.0,235782674,2619503633,1.2,0.7049345417925457,601899.SH
2021-05-27,10.27,10.33,10.04,10.04,284479219,3228782022,1.45,0.40000000000000036,601899.SH
2021-05-30,10.13,10.21,9.95,10.08,274209233,3077621769,1.39,0.3984063745019917,601899.SH
2021-05-31,10.01,10.27,9.94,10.27,299210052,3371369884,1.52,1.8849206349206282,601899.SH
2021-06-01,10.14,10.23,10.01,10.04,241051336,2711209481,1.22,-2.2395326192794607,601899.SH
2021-06-02,10.0,10.12,9.87,9.87,264730027,2946459114,1.34,-1.6932270916334646,601899.SH
2021-06-03,9.43,9.85,9.33,9.73,402898084,4289951088,2.04,-1.4184397163120477,601899.SH
2021-06-06,9.76,10.16,9.74,10.03,332356303,3695016909,1.69,3.083247687564228,601899.SH
2021-06-07,10.13,10.19,9.86,9.93,261484316,2907604384,1.33,-0.9970089730807596,601899.SH
2021-06-08,10.05,10.05,9.79,9.95,207377190,2297180997,1.05,0.20140986908359082,601899.SH
2021-06-09,9.96,10.09,9.92,9.94,216082902,2404639032,1.1,-0.10050251256281673,601899.SH
2021-06-10,9.98,10.12,9.7,9.87,418514473,4630407469,2.12,-0.7042253521126751,601899.SH
2021-06-14,9.77,9.78,9.34,9.4,460805360,4871405687,2.34,-4.761904761904756,601899.SH
2021-06-15,9.22,9.33,8.89,8.92,416736937,4188211882,2.11,-5.106382978723412,601899.SH
2021-06-16,8.78,9.04,8.73,8.86,251847790,2496062964,1.28,-0.6726457399103158,601899.SH
2021-06-17,8.55,8.83,8.42,8.77,398962485,3841538873,2.02,-1.0158013544018019,601899.SH
2021-06-20,8.65,8.84,8.59,8.76,243546360,2368894152,1.23,-0.11402508551880963,601899.SH
2021-06-21,8.85,8.88,8.72,8.78,227173133,2227761262,1.15,0.22831050228309113,601899.SH
2021-06-22,8.82,8.83,8.7,8.78,235780723,2305475530,1.2,0.0,601899.SH
2021-06-23,8.82,8.86,8.63,8.73,207415719,2021424296,1.05,-0.5694760820045386,601899.SH
2021-06-24,8.75,9.13,8.75,9.11,371821159,3740231217,1.81,4.352806414662069,601899.SH
2021-06-27,9.11,9.11,8.9,8.95,239332470,2387798338,1.17,-1.7563117453347932,601899.SH
2021-06-28,8.91,8.91,8.59,8.66,287644324,2789464365,1.4,-3.240223463687142,601899.SH
2021-06-29,8.65,8.75,8.55,8.7,141339080,1365157035,0.69,0.4618937644341736,601899.SH
2021-06-30,8.74,8.79,8.63,8.79,159486111,1552823715,0.78,1.0344827586206806,601899.SH
2021-07-01,8.87,9.06,8.79,8.83,302368934,3000272961,1.48,0.4550625711035483,601899.SH
2021-07-04,8.84,9.05,8.83,9.0,298247140,2972403627,1.46,1.925254813137034,601899.SH
2021-07-05,9.07,9.11,8.89,9.01,245210281,2449466648,1.2,0.11111111111110628,601899.SH
2021-07-06,8.82,9.04,8.76,8.97,244861197,2428009620,1.19,-0.4439511653718031,601899.SH
2021-07-07,9.04,9.06,8.69,8.73,307122595,3018272389,1.5,-2.6755852842809347,601899.SH
2021-07-08,8.75,9.3,8.68,9.22,524989988,5251637905,2.56,5.612829324169533,601899.SH
2021-07-11,9.52,9.72,9.34,9.43,515750925,5402078978,2.52,2.2776572668112616,601899.SH
2021-07-12,9.36,9.54,9.12,9.22,287840304,2929502128,1.4,-2.2269353128313796,601899.SH
2021-07-13,9.12,9.12,8.89,8.92,303091650,2985594542,1.48,-3.2537960954446943,601899.SH
2021-07-14,8.94,9.12,8.77,9.12,299806669,2956474075,1.46,2.2421524663676973,601899.SH
2021-07-15,9.09,9.27,8.98,9.09,271506595,2723085433,1.32,-0.3289473684210509,601899.SH
2021-07-18,9.02,9.13,8.95,9.06,255394747,2543088629,1.25,-0.3300330033003229,601899.SH
2021-07-19,8.88,8.89,8.74,8.83,274588410,2662218197,1.34,-2.5386313465783683,601899.SH
2021-07-20,8.86,8.94,8.77,8.92,293460791,2855218716,1.43,1.0192525481313774,601899.SH
2021-07-21,8.88,9.18,8.82,9.12,374177416,3721218657,1.83,2.2421524663676973,601899.SH
2021-07-22,9.12,9.43,9.09,9.21,438245056,4475502580,2.14,0.9868421052631859,601899.SH
2021-07-25,9.41,9.5,9.04,9.25,465878176,4768601800,2.27,0.43431053203040193,601899.SH
2021-07-26,9.56,10.12,9.52,9.67,927630611,10055251099,4.53,4.540540540540539,601899.SH
2021-07-27,9.55,9.63,9.01,9.11,551300378,5580639800,2.69,-5.791106514994837,601899.SH
2021-07-28,9.25,9.36,9.02,9.31,392959031,3977584187,1.92,2.1953896816685026,601899.SH
2021-07-29,9.31,9.45,9.17,9.32,291420836,2975393472,1.42,0.10741138560688146,601899.SH
2021-08-01,9.43,10.0,9.23,9.82,583619321,6142871808,2.85,5.364806866952798,601899.SH
2021-08-02,9.78,9.79,9.39,9.46,410342436,4302764779,2.0,-3.665987780040725,601899.SH
2021-08-03,9.47,9.62,9.29,9.57,357410281,3741821977,1.74,1.1627906976744207,601899.SH
2021-08-04,9.39,9.47,9.23,9.34,342679855,3516739867,1.67,-2.4033437826541326,601899.SH
2021-08-05,9.3,9.78,9.3,9.71,500137050,5287101616,2.44,3.9614561027837336,601899.SH
2021-08-08,9.36,9.92,9.28,9.72,409476207,4315411803,2.0,0.1029866117404632,601899.SH
2021-08-09,9.6,9.71,9.45,9.59,294265239,3092572705,1.44,-1.3374485596707952,601899.SH
2021-08-10,9.68,9.83,9.52,9.62,337027616,3585872945,1.64,0.31282586027110426,601899.SH
2021-08-11,9.65,10.13,9.55,10.01,664056035,7270785681,3.24,4.054054054054057,601899.SH
2021-08-12,9.91,10.31,9.8,10.26,507957551,5629514682,2.48,2.4975024975024906,601899.SH
2021-08-15,10.4,10.76,10.13,10.15,539013208,6196314545,2.63,-1.0721247563352798,601899.SH
2021-08-16,10.06,10.4,9.8,9.95,448247902,4984103033,2.19,-1.9704433497537033,601899.SH
2021-08-17,9.81,9.98,9.63,9.92,359915560,3882209141,1.76,-0.3015075376884391,601899.SH
2021-08-18,9.65,9.68,9.19,9.4,591193039,6139845360,2.88,-5.241935483870963,601899.SH
2021-08-19,9.21,9.22,9.0,9.12,414310593,4130780289,2.02,-2.9787234042553346,601899.SH
2021-08-22,9.21,9.32,9.11,9.22,296510671,3003175788,1.45,1.0964912280701844,601899.SH
2021-08-23,9.32,9.48,9.28,9.38,304859940,3155299754,1.49,1.7353579175704903,601899.SH
2021-08-24,9.38,9.65,9.21,9.56,345752579,3596037348,1.69,1.9189765458422103,601899.SH
2021-08-25,9.48,9.7,9.42,9.44,295880005,3102328423,1.44,-1.2552301255230214,601899.SH
2021-08-26,9.37,9.54,9.34,9.5,278706510,2891161547,1.36,0.6355932203389925,601899.SH
2021-08-29,9.69,10.02,9.57,9.9,536410939,5806055587,2.62,4.210526315789487,601899.SH
2021-08-30,9.82,10.1,9.68,10.1,482796488,5295000177,2.36,2.020202020202011,601899.SH
2021-08-31,10.11,10.22,9.61,9.72,476200779,5160104186,2.32,-3.7623762376237546,601899.SH
2021-09-01,9.62,10.03,9.59,9.91,371841826,4030435661,1.81,1.9547325102880597,601899.SH
2021-09-02,10.02,10.38,9.94,10.06,478081033,5339696180,2.33,1.5136226034308864,601899.SH
2021-09-05,10.2,10.25,9.78,9.95,382571996,4171886231,1.87,-1.0934393638171058,601899.SH
2021-09-06,9.96,10.08,9.83,9.98,355052665,3899936563,1.73,0.3015075376884502,601899.SH
2021-09-07,9.92,10.03,9.71,9.86,423473734,4593585371,2.07,-1.2024048096192508,601899.SH
2021-09-08,9.79,10.52,9.75,10.39,791356844,8926994879,3.86,5.3752535496957465,601899.SH
2021-09-09,10.38,11.31,10.34,10.88,920206631,11055875820,4.49,4.716073147256972,601899.SH
2021-09-12,11.16,11.52,11.02,11.26,720541125,8918540790,3.52,3.492647058823528,601899.SH
2021-09-13,11.0,11.11,10.61,10.65,572338177,6827189281,2.79,-5.417406749555942,601899.SH
2021-09-14,10.54,10.61,10.28,10.47,356747852,4099964556,1.74,-1.6901408450704203,601899.SH
2021-09-15,10.63,10.75,10.09,10.1,390504094,4448110308,1.91,-3.53390639923592,601899.SH
2021-09-16,9.83,10.06,9.62,9.82,374819442,4042139007,1.83,-2.7722772277227636,601899.SH
2021-09-21,9.54,9.75,9.48,9.73,276147424,2914656697,1.35,-0.9164969450101812,601899.SH
2021-09-22,9.81,9.86,9.56,9.62,273484167,2909217672,1.33,-1.1305241521068932,601899.SH
2021-09-23,9.56,9.66,9.37,9.4,290751157,3030210107,1.42,-2.2869022869022704,601899.SH
2021-09-26,9.39,9.42,9.1,9.21,291327184,2958240238,1.42,-2.021276595744681,601899.SH
2021-09-27,9.22,9.42,9.17,9.29,192161870,1963186344,0.94,0.8686210640607817,601899.SH
2021-09-28,9.18,9.22,9.01,9.11,224656525,2250109485,1.1,-1.9375672766415497,601899.SH
2021-09-29,9.09,9.18,9.07,9.17,123459769,1241545888,0.6,0.658616904500553,601899.SH
2021-10-07,9.32,9.36,9.14,9.32,151931425,1549243831,0.74,1.6357688113413316,601899.SH
2021-10-10,9.75,10.18,9.65,10.03,555733353,6096616463,2.71,7.618025751072954,601899.SH
2021-10-11,9.98,9.98,9.57,9.83,316027963,3385255642,1.54,-1.9940179461615082,601899.SH
2021-10-12,9.73,9.8,9.6,9.73,146895461,1569183323,0.72,-1.0172939979654072,601899.SH
2021-10-13,10.0,10.31,10.0,10.12,384859988,4295788245,1.88,4.008221993833483,601899.SH
2021-10-14,10.18,10.86,10.18,10.42,514937212,5955272594,2.51,2.964426877470361,601899.SH
2021-10-17,10.63,10.72,10.16,10.51,529088371,6067538618,2.58,0.8637236084452882,601899.SH
2021-10-18,10.36,10.8,10.24,10.72,410110318,4778513014,2.0,1.9980970504281714,601899.SH
2021-10-19,10.34,10.42,10.14,10.29,428670646,4855264740,2.09,-4.011194029850762,601899.SH
2021-10-20,10.39,10.52,10.22,10.31,284046659,3241488056,1.39,0.19436345966958868,601899.SH
2021-10-21,10.09,10.22,9.91,10.11,305697608,3394327525,1.49,-1.9398642095053487,601899.SH
2021-10-24,10.11,10.24,9.89,10.14,194366975,2158677635,0.95,0.29673590504453173,601899.SH
2021-10-25,10.23,10.42,10.1,10.28,224968726,2534819432,1.1,1.380670611439827,601899.SH
2021-10-26,10.18,10.23,9.85,9.9,276186245,3037153315,1.35,-3.696498054474695,601899.SH
2021-10-27,9.72,9.83,9.42,9.55,286533283,3022389846,1.4,-3.535353535353536,601899.SH
2021-10-28,9.62,9.67,9.42,9.51,208885775,2186745475,1.02,-0.41884816753927634,601899.SH
2021-10-31,9.42,9.6,9.34,9.52,210225343,2191801786,1.03,0.1051524710830698,601899.SH
2021-11-01,9.52,9.56,9.13,9.3,315797374,3242283766,1.54,-2.310924369747891,601899.SH
2021-11-02,9.3,9.32,9.16,9.27,231626822,2351302285,1.13,-0.3225806451613078,601899.SH
2021-11-03,9.28,9.32,9.2,9.32,188213934,1919555805,0.92,0.5393743257821049,601899.SH
2021-11-04,9.24,9.32,9.22,9.25,150868038,1536473007,0.74,-0.7510729613733891,601899.SH
2021-11-07,9.36,9.67,9.36,9.55,291238974,3056813877,1.42,3.2432432432432545,601899.SH
2021-11-08,9.63,9.68,9.46,9.6,165074576,1734037572,0.81,0.5235602094240788,601899.SH
2021-11-09,9.58,9.62,9.41,9.59,168884883,1764772531,0.82,-0.10416666666666075,601899.SH
2021-11-10,9.54,9.75,9.54,9.72,200024833,2121113366,0.98,1.355578727841511,601899.SH
2021-11-11,9.78,9.95,9.75,9.76,178949092,1932810519,0.87,0.411522633744843,601899.SH
2021-11-14,9.77,9.91,9.54,9.6,160909699,1711734276,0.79,-1.6393442622950838,601899.SH
2021-11-15,9.61,9.64,9.38,9.42,163075827,1699260780,0.8,-1.8749999999999933,601899.SH
2021-11-16,9.37,9.49,9.34,9.47,103452801,1074398999,0.5,0.5307855626327074,601899.SH
2021-11-17,9.38,9.49,9.38,9.42,135204181,1402017902,0.66,-0.5279831045406636,601899.SH
2021-11-18,9.42,9.5,9.31,9.48,165884255,1715728744,0.81,0.6369426751592355,601899.SH
2021-11-21,9.49,9.6,9.42,9.58,155700446,1633281047,0.76,1.0548523206751037,601899.SH
2021-11-22,9.54,9.71,9.51,9.62,163768165,1732241840,0.8,0.41753653444676075,601899.SH
2021-11-23,9.63,9.65,9.42,9.49,155171133,1620450535,0.76,-1.3513513513513375,601899.SH
2021-11-24,9.52,9.61,9.4,9.57,147353124,1543611126,0.72,0.8429926238145313,601899.SH
2021-11-25,9.49,9.51,9.39,9.42,136933219,1421666885,0.67,-1.5673981191222652,601899.SH
2021-11-28,9.27,9.49,9.16,9.32,196592099,2012578664,0.96,-1.0615711252653925,601899.SH
2021-11-29,9.33,9.38,9.21,9.22,164771599,1679330428,0.8,-1.0729613733905574,601899.SH
2021-11-30,9.17,9.24,9.09,9.22,173396555,1747896489,0.85,0.0,601899.SH
2021-12-01,9.17,9.22,9.1,9.12,171598087,1723933862,0.84,-1.0845986984815759,601899.SH
2021-12-02,9.13,9.2,9.06,9.2,180795611,1814986967,0.88,0.8771929824561431,601899.SH
2021-12-05,9.2,9.32,9.14,9.24,165710038,1687485544,0.81,0.43478260869567187,601899.SH
2021-12-06,9.32,9.34,9.23,9.32,154853258,1583273593,0.76,0.8658008658008587,601899.SH
2021-12-07,9.4,9.4,9.32,9.36,149696872,1540960254,0.73,0.42918454935620964,601899.SH
2021-12-08,9.4,9.44,9.34,9.42,179496338,1856700651,0.88,0.6410256410256387,601899.SH
2021-12-09,9.37,9.38,9.23,9.32,152268622,1558863155,0.74,-1.0615711252653925,601899.SH
2021-12-12,9.34,9.53,9.32,9.43,225459238,2337278146,1.1,1.1802575107296098,601899.SH
2021-12-13,9.36,9.38,9.18,9.22,201746051,2054070177,0.98,-2.2269353128313796,601899.SH
2021-12-14,9.19,9.2,9.12,9.13,153263643,1541102578,0.75,-0.9761388286333994,601899.SH
2021-12-15,9.13,9.22,9.09,9.19,154927165,1559941265,0.76,0.6571741511500306,601899.SH
2021-12-16,9.25,9.39,9.23,9.24,184007620,1882848129,0.9,0.5440696409140466,601899.SH
2021-12-19,9.11,9.2,9.02,9.05,234661098,2346452601,1.14,-2.056277056277056,601899.SH
2021-12-20,9.03,9.1,9.02,9.08,81491132,812875088,0.4,0.33149171270716593,601899.SH
2021-12-21,9.08,9.12,9.03,9.06,100050658,997061441,0.49,-0.22026431718060735,601899.SH
2021-12-22,9.09,9.16,9.05,9.12,108666698,1088696074,0.53,0.6622516556291203,601899.SH
2021-12-23,9.12,9.12,8.75,8.81,229753578,2242390542,1.12,-3.3991228070175294,601899.SH
2021-12-26,8.87,8.87,8.67,8.71,130990345,1261772200,0.64,-1.1350737797956811,601899.SH
2021-12-27,8.74,8.85,8.69,8.82,127947316,1234969570,0.62,1.2629161882893092,601899.SH
2021-12-28,8.82,8.83,8.71,8.74,105092586,1011289594,0.51,-0.9070294784580546,601899.SH
2021-12-29,8.77,8.85,8.72,8.76,90555018,874786652,0.44,0.22883295194506825,601899.SH
2021-12-30,8.79,8.84,8.74,8.82,80544673,780543449,0.39,0.6849315068493178,601899.SH
2022-01-03,8.82,8.96,8.74,8.92,151937844,1476678476,0.74,1.1337868480725488,601899.SH
2022-01-04,8.91,8.96,8.83,8.88,117856607,1154269047,0.58,-0.4484304932735328,601899.SH
2022-01-05,8.82,8.92,8.77,8.79,112224349,1087737432,0.55,-1.013513513513531,601899.SH
2022-01-06,8.77,8.78,8.45,8.52,288598392,2723652167,1.41,-3.0716723549487956,601899.SH
2022-01-09,8.52,8.57,8.46,8.54,130256364,1221940933,0.64,0.23474178403755097,601899.SH
2022-01-10,8.56,8.62,8.52,8.57,107029977,1010333226,0.52,0.3512880562061005,601899.SH
2022-01-11,8.62,9.17,8.62,9.1,438182879,4321974972,2.14,6.1843640606767725,601899.SH
2022-01-12,9.3,9.51,9.13,9.14,389068325,3989473621,1.9,0.4395604395604602,601899.SH
2022-01-13,9.09,9.1,8.89,8.92,195308862,1923461415,0.95,-2.4070021881838155,601899.SH
2022-01-16,8.95,8.96,8.71,8.8,197777488,1917765149,0.97,-1.3452914798206206,601899.SH
2022-01-17,8.86,9.17,8.79,9.03,247705199,2462070699,1.21,2.61363636363634,601899.SH
2022-01-18,9.04,9.1,8.93,8.99,159293183,1576770289,0.78,-0.44296788482833804,601899.SH
2022-01-19,9.16,9.28,9.13,9.2,278928961,2827346306,1.36,2.3359288097886344,601899.SH
2022-01-20,9.21,9.41,9.06,9.33,293429745,3007898729,1.43,1.413043478260878,601899.SH
2022-01-23,9.21,9.36,9.19,9.35,179100403,1831281748,0.87,0.2143622722400762,601899.SH
2022-01-24,9.26,9.5,9.18,9.19,228660124,2350208683,1.12,-1.7112299465240621,601899.SH
2022-01-25,9.27,9.33,9.07,9.25,140693969,1427162039,0.69,0.6528835690968515,601899.SH
2022-01-26,9.27,9.27,9.0,9.01,177745272,1780717923,0.87,-2.5945945945946014,601899.SH
2022-01-27,8.98,9.08,8.73,8.87,148019030,1447213004,0.72,-1.5538290788013387,601899.SH
2022-02-06,9.12,9.34,9.11,9.32,242635817,2469767347,1.18,5.07328072153328,601899.SH
2022-02-07,9.34,9.41,9.21,9.41,190474875,1952559159,0.93,0.965665236051505,601899.SH
2022-02-08,9.46,9.9,9.42,9.8,393840766,4228453407,1.92,4.144527098831041,601899.SH
2022-02-09,10.02,10.37,10.02,10.19,526339373,5924627598,2.57,3.979591836734686,601899.SH
2022-02-10,10.24,10.56,10.04,10.05,353530343,3994054356,1.72,-1.3738959764474812,601899.SH
2022-02-13,10.05,10.22,9.97,10.05,236092175,2617562427,1.15,0.0,601899.SH
2022-02-14,10.12,10.13,9.78,9.91,214786908,2341801551,1.05,-1.3930348258706537,601899.SH
2022-02-15,9.84,10.02,9.79,9.93,162692641,1776274261,0.79,0.20181634712410634,601899.SH
2022-02-16,9.94,10.29,9.92,10.24,277804598,3114061250,1.36,3.121852970795569,601899.SH
2022-02-17,10.31,10.31,10.07,10.21,183977329,2058938302,0.9,-0.2929687499999889,601899.SH
2022-02-20,10.12,10.34,10.03,10.11,154311223,1722703572,0.75,-0.9794319294809117,601899.SH
2022-02-21,10.15,10.23,9.96,10.18,191084683,2125847412,0.93,0.6923837784371889,601899.SH
2022-02-22,10.1,10.12,9.84,9.92,260732359,2840347948,1.27,-2.5540275049115935,601899.SH
2022-02-23,9.89,10.26,9.85,10.0,437359798,4846879680,2.13,0.8064516129032251,601899.SH
2022-02-24,9.9,10.15,9.68,9.95,284296426,3114026825,1.39,-0.5000000000000115,601899.SH
2022-02-27,10.0,10.25,9.86,10.2,305738563,3391277085,1.49,2.5125628140703515,601899.SH
2022-02-28,10.21,10.23,9.97,10.13,202566146,2248499095,0.99,-0.686274509803908,601899.SH
2022-03-01,10.32,10.47,10.28,10.36,320060319,3654721662,1.56,2.270483711747273,601899.SH
2022-03-02,10.47,10.99,10.47,10.79,455231453,5417605279,2.22,4.150579150579148,601899.SH
2022-03-03,10.73,10.88,10.47,10.52,295238175,3456283178,1.44,-2.5023169601482764,601899.SH
2022-03-06,10.91,11.06,10.66,10.75,417808495,4982781520,2.04,2.186311787072248,601899.SH
2022-03-07,10.4,10.71,10.09,10.37,411158632,4705712433,2.01,-3.5348837209302375,601899.SH
2022-03-08,10.43,10.54,9.83,10.24,307834281,3473775821,1.5,-1.2536162005785778,601899.SH
2022-03-09,10.01,10.12,9.79,9.98,289722721,3178442562,1.41,-2.5390625,601899.SH
2022-03-10,9.9,9.98,9.68,9.98,198185486,2144011523,0.97,0.0,601899.SH
2022-03-13,9.77,9.86,9.49,9.5,216690517,2298407681,1.06,-4.809619238476959,601899.SH
2022-03-14,9.15,9.22,8.65,8.68,378224164,3709245320,1.85,-8.631578947368423,601899.SH
2022-03-15,8.82,9.22,8.47,9.2,293755904,2866381934,1.43,5.990783410138234,601899.SH
2022-03-16,9.36,9.53,9.22,9.36,213102023,2199430170,1.04,1.7391304347826209,601899.SH
2022-03-17,9.42,9.72,9.31,9.66,196944613,2064937224,0.96,3.205128205128216,601899.SH
2022-03-20,9.83,10.05,9.59,10.0,235034214,2559192678,1.15,3.5196687370600444,601899.SH
2022-03-21,9.94,10.35,9.91,10.27,254417629,2869808347,1.24,2.6999999999999913,601899.SH
2022-03-22,10.36,10.36,10.16,10.31,170924368,1931372437,0.83,0.3894839337877487,601899.SH
2022-03-23,10.39,10.75,10.38,10.64,267406595,3114656699,1.3,3.200775945683798,601899.SH
2022-03-24,10.59,10.73,10.43,10.47,201675870,2343224245,0.98,-1.5977443609022535,601899.SH
2022-03-27,10.4,10.62,10.22,10.51,192200509,2210364586,0.94,0.3820439350525229,601899.SH
2022-03-28,10.45,10.66,10.42,10.53,139373074,1618640238,0.68,0.19029495718363432,601899.SH
2022-03-29,10.52,10.52,10.32,10.42,179686151,2059265367,0.88,-1.0446343779677014,601899.SH
2022-03-30,10.48,10.62,10.22,10.31,148366567,1693618739,0.72,-1.055662188099804,601899.SH
2022-03-31,10.33,10.53,10.18,10.41,131866667,1506877086,0.64,0.9699321047526688,601899.SH
2022-04-05,10.47,10.71,10.36,10.54,137554740,1586775596,0.67,1.2487992315081575,601899.SH
2022-04-06,10.41,10.61,10.34,10.48,123728339,1428194911,0.6,-0.5692599620493288,601899.SH
2022-04-07,10.54,10.95,10.53,10.86,323989793,3864415489,1.58,3.625954198473269,601899.SH
2022-04-10,10.91,10.92,10.43,10.61,245756229,2874313776,1.2,-2.302025782688766,601899.SH
2022-04-11,10.63,10.71,10.39,10.61,170559305,1986767928,0.83,0.0,601899.SH
2022-04-12,10.71,11.58,10.66,11.39,415821435,5133714614,2.03,7.351555136663546,601899.SH
2022-04-13,11.46,11.73,11.29,11.58,258289403,3273347108,1.26,1.668129938542573,601899.SH
2022-04-14,11.3,11.69,10.98,11.02,351868136,4390283215,1.72,-4.835924006908465,601899.SH
2022-04-17,11.0,11.09,10.8,10.92,167335376,2014499599,0.82,-0.9074410163339319,601899.SH
2022-04-18,11.09,11.23,10.82,10.91,225673388,2732121827,1.1,-0.09157509157509125,601899.SH
2022-04-19,10.74,10.91,10.36,10.4,232400706,2697329315,1.13,-4.674610449129235,601899.SH
2022-04-20,10.32,10.43,9.92,10.01,188969162,2105839856,0.92,-3.750000000000009,601899.SH
2022-04-21,9.91,10.41,9.73,10.3,193633012,2163813295,0.94,2.897102897102899,601899.SH
2022-04-24,9.89,10.09,9.57,9.65,249779205,2705158283,1.22,-6.310679611650494,601899.SH
2022-04-25,9.65,9.69,9.17,9.31,234308568,2417806295,1.14,-3.5233160621761628,601899.SH
2022-04-26,9.25,10.0,9.23,9.9,292473020,3125612225,1.43,6.337271750805584,601899.SH
2022-04-27,9.91,9.92,9.62,9.82,158313438,1701755884,0.77,-0.8080808080808133,601899.SH
2022-04-28,9.84,10.07,9.71,10.06,229876483,2505304426,1.12,2.443991853360483,601899.SH
2022-05-04,9.92,9.94,9.62,9.85,247028234,2657300896,1.21,-2.087475149105378,601899.SH
2022-05-05,9.44,9.47,9.09,9.15,338454088,3441823913,1.65,-7.106598984771562,601899.SH
2022-05-08,9.06,9.08,8.78,8.91,297419569,2914075655,1.45,-2.622950819672132,601899.SH
2022-05-09,8.63,8.77,8.42,8.75,462887320,4363358620,2.26,-1.7957351290684653,601899.SH
2022-05-10,8.64,9.05,8.51,8.91,410262344,3980280715,2.0,1.8285714285714239,601899.SH
2022-05-11,8.72,8.85,8.54,8.66,325554042,3102432853,1.59,-2.805836139169471,601899.SH
2022-05-12,8.62,8.7,8.48,8.66,254805221,2407824478,1.24,0.0,601899.SH
2022-05-15,8.71,8.82,8.63,8.82,236498868,2272664400,1.15,1.8475750577367167,601899.SH
2022-05-16,8.89,9.07,8.82,9.06,309536267,3051618199,1.51,2.7210884353741527,601899.SH
2022-05-17,9.09,9.11,8.83,8.9,234661822,2299470935,1.14,-1.7660044150110354,601899.SH
2022-05-18,8.67,8.87,8.62,8.83,170773758,1643521787,0.83,-0.786516853932584,601899.SH
2022-05-19,8.94,9.15,8.9,9.11,303767611,3019357094,1.48,3.171007927519809,601899.SH
2022-05-22,9.18,9.18,9.0,9.1,208817422,2084720614,1.02,-0.1097694840834218,601899.SH
2022-05-23,9.1,9.22,8.82,8.82,249769582,2479398276,1.22,-3.076923076923066,601899.SH
2022-05-24,8.9,9.02,8.82,9.0,187539449,1846276082,0.92,2.0408163265306145,601899.SH
2022-05-25,9.04,9.04,8.79,8.96,191665641,1883151816,0.94,-0.4444444444444362,601899.SH
2022-05-26,9.05,9.13,8.94,9.02,201010876,2001030771,0.98,0.6696428571428381,601899.SH
2022-05-29,9.08,9.32,9.05,9.19,265527615,2685567615,1.3,1.8847006651884657,601899.SH
2022-05-30,9.16,9.17,9.04,9.14,176527091,1768943484,0.86,-0.5440696409140244,601899.SH
2022-05-31,9.13,9.13,8.86,8.96,249920959,2463645753,1.22,-1.969365426695835,601899.SH
2022-06-01,8.91,8.97,8.84,8.97,144421219,1415939292,0.7,0.11160714285713969,601899.SH
2022-06-05,9.05,9.47,9.05,9.45,433529409,4432067127,2.12,5.351170568561847,601899.SH
2022-06-06,9.48,9.52,9.31,9.36,219949651,2271053068,1.07,-0.952380952380949,601899.SH
2022-06-07,9.42,9.45,9.21,9.4,236458960,2428922945,1.15,0.42735042735044804,601899.SH
2022-06-08,9.35,9.44,9.23,9.34,179958773,1846670090,0.88,-0.638297872340432,601899.SH
2022-06-09,9.24,9.44,9.09,9.44,229679022,2310513744,1.12,1.070663811563155,601899.SH
2022-06-12,9.28,9.44,9.27,9.38,215313176,2169588378,1.05,-0.6355932203389703,601899.SH
2022-06-13,9.18,9.28,8.95,9.28,317968367,3128768224,1.55,-1.06609808102347,601899.SH
2022-06-14,9.23,9.4,9.16,9.25,315337358,3157966822,1.54,-0.3232758620689613,601899.SH
2022-06-15,9.32,9.34,9.15,9.18,229291736,2279252465,1.12,-0.7567567567567601,601899.SH
2022-06-16,9.08,9.19,9.04,9.16,258604068,2542694430,1.26,-0.2178649237472685,601899.SH
2022-06-19,9.08,9.08,8.81,8.89,479455210,4598757986,2.34,-2.9475982532751077,601899.SH
2022-06-20,8.88,8.88,8.67,8.74,317665163,3000754546,1.55,-1.687289088863897,601899.SH
2022-06-21,8.76,8.8,8.54,8.57,343157287,3208317441,1.67,-1.94508009153318,601899.SH
2022-06-22,8.53,8.62,8.49,8.62,260965342,2408480087,1.27,0.5834305717619559,601899.SH
2022-06-23,8.48,8.57,8.44,8.53,353997890,3244752969,1.73,-1.044083526682138,601899.SH
2022-06-26,8.53,8.76,8.47,8.61,451805747,4193503714,2.2,0.9378663540445586,601899.SH
2022-06-27,8.61,8.68,8.52,8.68,323093994,2992813021,1.58,0.8130081300812941,601899.SH
2022-06-28,8.61,8.65,8.49,8.53,292823413,2699892436,1.43,-1.7281105990783474,601899.SH
2022-06-29,8.62,8.69,8.58,8.65,272617193,2541356556,1.33,1.406799531066838,601899.SH
2022-06-30,8.65,8.84,8.55,8.78,320559525,3014432917,1.56,1.5028901734103872,601899.SH
2022-07-03,8.71,8.72,8.61,8.68,261484338,2444003448,1.28,-1.1389521640091105,601899.SH
2022-07-04,8.68,8.74,8.62,8.67,257958904,2412338376,1.26,-0.11520737327188613,601899.SH
2022-07-05,8.5,8.51,8.31,8.38,508560160,4602822385,2.48,-3.344867358708181,601899.SH
2022-07-06,8.33,8.48,8.24,8.38,235114955,2123322090,1.15,0.0,601899.SH
2022-07-07,8.5,8.5,8.39,8.41,179642361,1633880540,0.88,0.35799522673030104,601899.SH
2022-07-10,8.48,8.48,8.34,8.39,199478383,1803916658,0.97,-0.23781212841854638,601899.SH
2022-07-11,8.34,8.38,8.27,8.27,185281318,1660716715,0.9,-1.430274135876053,601899.SH
2022-07-12,8.2,8.2,8.06,8.11,267767224,2340864173,1.31,-1.93470374848852,601899.SH
2022-07-13,8.07,8.12,7.95,7.99,315775490,2727699056,1.54,-1.4796547472256338,601899.SH
2022-07-14,7.9,7.99,7.75,7.76,323754101,2745245734,1.58,-2.8785982478097716,601899.SH
2022-07-17,7.82,8.22,7.79,8.22,428426581,3726491163,2.09,5.927835051546393,601899.SH
2022-07-18,8.22,8.22,8.05,8.1,220073438,1924439108,1.07,-1.4598540145985495,601899.SH
2022-07-19,8.14,8.19,8.09,8.15,163351405,1435042516,0.8,0.6172839506172867,601899.SH
2022-07-20,8.07,8.14,8.02,8.04,155175807,1349429662,0.76,-1.3496932515337567,601899.SH
2022-07-21,8.08,8.15,7.95,8.04,153563469,1334206106,0.75,0.0,601899.SH
2022-07-24,8.04,8.14,8.04,8.07,129878162,1132469243,0.63,0.3731343283582156,601899.SH
2022-07-25,8.1,8.27,8.07,8.26,221952273,1961061012,1.08,2.3543990086740907,601899.SH
2022-07-26,8.23,8.24,8.12,8.17,127274986,1121337242,0.62,-1.0895883777239712,601899.SH
2022-07-27,8.29,8.48,8.27,8.31,254046326,2292741283,1.24,1.7135862913096656,601899.SH
2022-07-28,8.4,8.41,8.25,8.28,178230301,1598540209,0.87,-0.361010830324926,601899.SH
2022-07-31,8.29,8.3,8.14,8.19,149292011,1320113510,0.73,-1.0869565217391242,601899.SH
2022-08-01,8.09,8.09,7.89,7.97,201534963,1732095559,0.98,-2.6862026862026878,601899.SH
2022-08-02,7.93,8.06,7.85,7.87,157131379,1349486969,0.77,-1.2547051442910906,601899.SH
2022-08-03,7.92,7.99,7.85,7.92,133839573,1142769901,0.65,0.6353240152477735,601899.SH
2022-08-04,8.01,8.2,7.99,8.17,252322205,2211241248,1.23,3.1565656565656575,601899.SH
2022-08-07,8.16,8.17,8.05,8.08,189877419,1658915408,0.93,-1.1015911872705009,601899.SH
2022-08-08,8.09,8.18,8.05,8.15,175622493,1541435749,0.86,0.8663366336633782,601899.SH
2022-08-09,8.16,8.32,8.16,8.19,222811135,1979075743,1.09,0.4907975460122671,601899.SH
2022-08-10,8.23,8.37,8.21,8.37,278114790,2499603733,1.36,2.19780219780219,601899.SH
2022-08-11,8.4,8.53,8.3,8.52,309872781,2829691553,1.51,1.7921146953405076,601899.SH
2022-08-14,8.53,8.64,8.35,8.38,301855501,2746398444,1.47,-1.6431924882629012,601899.SH
2022-08-15,8.34,8.39,8.25,8.37,181031289,1626300936,0.88,-0.11933174224345588,601899.SH
2022-08-16,8.38,8.39,8.25,8.36,148829974,1335608810,0.73,-0.11947431302269385,601899.SH
2022-08-17,8.3,8.3,8.22,8.24,146135336,1300705725,0.71,-1.4354066985645786,601899.SH
2022-08-18,8.25,8.29,8.19,8.19,130913731,1162745914,0.64,-0.6067961165048597,601899.SH
2022-08-21,8.24,8.45,8.17,8.39,221648699,1991513760,1.08,2.4420024420024555,601899.SH
2022-08-22,8.34,8.39,8.28,8.34,134652997,1209587047,0.66,-0.5959475566150285,601899.SH
2022-08-23,8.38,8.48,8.21,8.23,187531129,1683780460,0.92,-1.318944844124692,601899.SH
2022-08-24,8.25,8.48,8.22,8.46,313089212,2833849667,1.53,2.7946537059538423,601899.SH
2022-08-25,8.51,8.57,8.45,8.48,249539410,2292597166,1.22,0.23640661938533203,601899.SH
2022-08-28,8.34,8.38,8.26,8.36,146273141,1312418178,0.71,-1.4150943396226578,601899.SH
2022-08-29,8.33,8.36,8.21,8.25,140910396,1255657539,0.69,-1.3157894736842035,601899.SH
2022-08-30,8.17,8.26,8.12,8.16,185611990,1636196523,0.91,-1.0909090909090868,601899.SH
2022-08-31,8.11,8.11,8.02,8.02,155301212,1350126563,0.76,-1.715686274509809,601899.SH
2022-09-01,7.99,8.02,7.88,7.9,156636962,1337387726,0.76,-1.4962593516209433,601899.SH
2022-09-04,7.9,7.97,7.84,7.96,122101200,1041474670,0.6,0.75949367088608,601899.SH
2022-09-05,7.99,8.2,7.98,8.19,184190365,1615313308,0.9,2.8894472361808976,601899.SH
2022-09-06,8.16,8.35,8.12,8.29,192296930,1718685720,0.94,1.2210012210012167,601899.SH
2022-09-07,8.34,8.44,8.25,8.4,299728212,2706525435,1.46,1.326899879372756,601899.SH
2022-09-08,8.48,8.6,8.46,8.52,314943845,2900753761,1.54,1.4285714285714235,601899.SH
2022-09-12,8.55,8.69,8.54,8.61,296454908,2763159611,1.45,1.0563380281690016,601899.SH
2022-09-13,8.38,8.47,8.34,8.34,228910343,2071126085,1.12,-3.1358885017421567,601899.SH
2022-09-14,8.39,8.42,8.25,8.3,167790849,1504989789,0.82,-0.47961630695442237,601899.SH
2022-09-15,8.25,8.27,7.97,8.05,263963327,2296926010,1.29,-3.0120481927710885,601899.SH
2022-09-18,8.08,8.11,7.94,7.99,128844015,1112612021,0.63,-0.7453416149068359,601899.SH
2022-09-19,8.05,8.14,8.01,8.06,109319140,951318825,0.53,0.8760951188986343,601899.SH
2022-09-20,8.02,8.1,7.94,8.07,102311798,885932150,0.5,0.12406947890819531,601899.SH
2022-09-21,7.98,8.11,7.96,8.02,98676666,855080781,0.48,-0.619578686493194,601899.SH
2022-09-22,8.02,8.05,7.88,7.91,139700434,1196553872,0.68,-1.3715710723191998,601899.SH
2022-09-25,7.76,7.76,7.12,7.25,524156843,4173459493,2.56,-8.343868520859676,601899.SH
2022-09-26,7.15,7.3,7.05,7.28,248076288,1915560658,1.21,0.41379310344829,601899.SH
2022-09-27,7.21,7.21,6.91,6.93,234017150,1776402158,1.14,-4.807692307692313,601899.SH
2022-09-28,7.09,7.25,7.09,7.14,234463111,1810164271,1.14,3.0303030303030276,601899.SH
2022-09-29,7.21,7.34,7.16,7.27,198857512,1560820484,0.97,1.8207282913165201,601899.SH
2022-10-09,7.32,7.34,7.19,7.2,162469224,1273717134,0.79,-0.9628610729023324,601899.SH
2022-10-10,7.24,7.31,7.13,7.3,139793507,1091160140,0.68,1.388888888888884,601899.SH
2022-10-11,7.28,7.41,7.16,7.41,175211317,1381748033,0.85,1.5068493150685036,601899.SH
2022-10-12,7.41,7.41,7.24,7.27,141275714,1111742250,0.69,-1.8893387314440013,601899.SH
2022-10-13,7.31,7.42,7.26,7.38,172754824,1369600345,0.84,1.5130674002751032,601899.SH
2022-10-16,7.3,7.47,7.26,7.46,146074707,1163808127,0.71,1.084010840108407,601899.SH
2022-10-17,7.47,7.54,7.4,7.41,101832305,817813804,0.5,-0.6702412868632712,601899.SH
2022-10-18,7.41,7.48,7.33,7.34,106845757,853614143,0.52,-0.9446693657220062,601899.SH
2022-10-19,7.28,7.34,7.19,7.28,107125151,839114788,0.52,-0.8174386920980825,601899.SH
2022-10-20,7.35,7.43,7.3,7.35,136386500,1085643735,0.67,0.9615384615384581,601899.SH
2022-10-23,7.43,7.58,7.35,7.36,265077369,2136077720,1.29,0.13605442176871652,601899.SH
2022-10-24,7.33,7.41,7.17,7.32,168484044,1323691773,0.82,-0.5434782608695676,601899.SH
2022-10-25,7.32,7.41,7.29,7.36,146393708,1160710322,0.71,0.5464480874316946,601899.SH
2022-10-26,7.51,7.76,7.48,7.63,342977068,2834782717,1.67,3.6684782608695565,601899.SH
2022-10-27,7.56,7.68,7.48,7.51,173211806,1412906073,0.85,-1.572739187418093,601899.SH
2022-10-30,7.41,7.44,7.23,7.34,171305082,1354289749,0.84,-2.26364846870839,601899.SH
2022-10-31,7.37,7.6,7.3,7.6,218922797,1770733297,1.07,3.542234332425065,601899.SH
2022-11-01,7.62,7.72,7.54,7.66,173509392,1427937948,0.85,0.7894736842105399,601899.SH
2022-11-02,7.53,7.6,7.47,7.54,142263556,1155433093,0.69,-1.5665796344647487,601899.SH
2022-11-03,7.54,7.82,7.52,7.75,293136408,2437913505,1.43,2.785145888594154,601899.SH
2022-11-06,8.13,8.53,8.13,8.43,742699594,6724140753,3.62,8.774193548387089,601899.SH
2022-11-07,8.27,8.52,8.21,8.4,363657732,3287347462,1.77,-0.3558718861209842,601899.SH
2022-11-08,8.67,8.83,8.6,8.61,536101697,5033796065,2.62,2.499999999999991,601899.SH
2022-11-09,8.51,8.59,8.37,8.48,213962717,1962404190,1.04,-1.5098722415795462,601899.SH
2022-11-10,9.18,9.31,9.04,9.19,820813076,8124031232,4.01,8.372641509433954,601899.SH
2022-11-13,9.31,9.33,9.05,9.24,459254363,4560365860,2.24,0.5440696409140466,601899.SH
2022-11-14,9.13,9.29,9.01,9.19,296318868,2939302033,1.45,-0.5411255411255533,601899.SH
2022-11-15,9.2,9.3,9.11,9.26,249677241,2485077111,1.22,0.7616974972796564,601899.SH
2022-11-16,9.17,9.28,8.92,9.06,347511455,3402574370,1.7,-2.1598272138228847,601899.SH
2022-11-17,9.01,9.06,8.9,8.93,222152882,2146534024,1.08,-1.4348785871964753,601899.SH
2022-11-20,8.76,8.76,8.52,8.73,275648574,2570803938,1.34,-2.2396416573348232,601899.SH
2022-11-21,8.71,8.98,8.71,8.83,179331303,1709668114,0.88,1.145475372279492,601899.SH
2022-11-22,8.89,9.04,8.83,8.85,155610090,1500526682,0.76,0.22650056625141968,601899.SH
2022-11-23,8.99,9.08,8.94,9.03,171961026,1676111049,0.84,2.033898305084736,601899.SH
2022-11-24,8.95,9.18,8.94,9.07,173300051,1702461843,0.85,0.44296788482836025,601899.SH
2022-11-27,8.9,8.92,8.72,8.88,163193830,1556102205,0.8,-2.094818081587646,601899.SH
2022-11-28,8.9,9.19,8.86,9.15,208150733,2037945872,1.02,3.040540540540526,601899.SH
2022-11-29,9.11,9.17,9.03,9.11,147098132,1440760816,0.72,-0.43715846994536456,601899.SH
2022-11-30,9.45,9.64,9.4,9.55,432823798,4452176977,2.11,4.8298572996707145,601899.SH
2022-12-01,9.57,9.63,9.33,9.37,227035825,2314858444,1.11,-1.8848167539267213,601899.SH
2022-12-04,9.48,9.79,9.4,9.69,288048196,2987498580,1.41,3.415154749199578,601899.SH
2022-12-05,9.53,9.72,9.51,9.65,172410459,1790673374,0.84,-0.41279669762640525,601899.SH
2022-12-06,9.59,9.64,9.44,9.52,163043069,1673195622,0.8,-1.3471502590673645,601899.SH
2022-12-07,9.52,9.67,9.48,9.57,94830304,978948853,0.46,0.5252100840336116,601899.SH
2022-12-08,9.6,9.87,9.58,9.83,234509493,2467591513,1.14,2.7168234064785857,601899.SH
2022-12-11,9.69,9.78,9.55,9.57,166552027,1725703648,0.81,-2.64496439471007,601899.SH
2022-12-12,9.5,9.67,9.48,9.58,106640564,1102630965,0.52,0.10449320794148065,601899.SH
2022-12-13,9.74,9.83,9.66,9.7,130256410,1369480468,0.64,1.2526096033402823,601899.SH
2022-12-14,9.64,9.78,9.44,9.51,145297324,1492625711,0.71,-1.9587628865979312,601899.SH
2022-12-15,9.38,9.61,9.36,9.55,118304167,1214876713,0.58,0.4206098843323014,601899.SH
2022-12-18,9.62,9.68,9.24,9.32,139321031,1411591503,0.68,-2.408376963350789,601899.SH
2022-12-19,9.27,9.34,9.07,9.18,133898026,1329192817,0.65,-1.5021459227467893,601899.SH
2022-12-20,9.31,9.41,9.21,9.24,79063000,790609469,0.39,0.6535947712418277,601899.SH
2022-12-21,9.41,9.43,9.25,9.28,88120531,885366768,0.43,0.43290043290042934,601899.SH
2022-12-22,9.14,9.25,9.06,9.18,90110430,891005890,0.44,-1.0775862068965525,601899.SH
2022-12-25,9.22,9.23,9.03,9.06,112772086,1105195654,0.55,-1.3071895424836555,601899.SH
2022-12-26,9.16,9.33,9.13,9.31,115147751,1153000342,0.56,2.759381898454749,601899.SH
2022-12-27,9.27,9.28,9.16,9.27,82167768,818747278,0.4,-0.42964554242750363,601899.SH
2022-12-28,9.16,9.21,9.06,9.12,133667018,1316567546,0.65,-1.6181229773462813,601899.SH
2022-12-29,9.16,9.35,9.13,9.27,132916479,1330907367,0.65,1.6447368421052655,601899.SH
2023-01-02,9.23,9.82,9.16,9.76,237742369,2435849225,1.16,5.285868392664517,601899.SH
2023-01-03,9.67,9.74,9.5,9.55,135956369,1408808665,0.66,-2.1516393442622905,601899.SH
2023-01-04,9.67,9.73,9.57,9.63,162355070,1689022686,0.79,0.8376963350785305,601899.SH
2023-01-05,9.68,9.73,9.63,9.67,105452849,1103010331,0.51,0.41536863966769033,601899.SH
2023-01-08,9.91,10.62,9.89,10.6,389677661,4360584308,1.9,9.617373319544974,601899.SH
2023-01-09,10.6,10.68,10.45,10.58,187217759,2133339104,0.91,-0.18867924528301883,601899.SH
2023-01-10,10.71,10.83,10.6,10.65,151648273,1750771199,0.74,0.6616257088846833,601899.SH
2023-01-11,10.84,10.98,10.55,10.58,152678023,1759625009,0.74,-0.6572769953051671,601899.SH
2023-01-12,10.74,10.91,10.61,10.71,141332948,1633981182,0.69,1.2287334593572785,601899.SH
2023-01-15,10.8,10.91,10.57,10.67,192191522,2219123890,0.94,-0.37348272642391267,601899.SH
2023-01-16,10.61,10.61,10.3,10.46,187682889,2112958787,0.92,-1.9681349578256735,601899.SH
2023-01-17,10.56,10.68,10.5,10.56,131328387,1499809705,0.64,0.9560229445506607,601899.SH
2023-01-18,10.57,10.79,10.5,10.73,122601126,1413433218,0.6,1.6098484848484862,601899.SH
2023-01-19,10.83,11.22,10.82,11.04,215167523,2564227695,1.05,2.889095992544255,601899.SH
2023-01-29,11.12,11.12,10.64,10.69,308807306,3612459462,1.5,-3.170289855072461,601899.SH
2023-01-30,10.69,11.06,10.61,10.93,216048832,2545545791,1.05,2.2450888681010417,601899.SH
2023-01-31,11.0,11.42,10.98,11.37,258835312,3145383531,1.26,4.025617566331197,601899.SH
2023-02-01,11.36,11.37,11.11,11.19,156991318,1895266868,0.76,-1.58311345646438,601899.SH
2023-02-02,11.01,11.02,10.84,10.98,171095072,2016425554,0.83,-1.8766756032171483,601899.SH
2023-02-05,10.66,10.67,10.39,10.56,257288012,2919434102,1.25,-3.825136612021862,601899.SH
2023-02-06,10.61,10.83,10.56,10.71,148197686,1710761767,0.72,1.4204545454545414,601899.SH
2023-02-07,10.74,10.77,10.53,10.54,120970851,1382747239,0.59,-1.5873015873016039,601899.SH
2023-02-08,10.47,10.58,10.42,10.57,113320039,1285946140,0.55,0.2846299810246755,601899.SH
2023-02-09,10.47,10.51,10.32,10.37,131292710,1469071698,0.64,-1.8921475875118388,601899.SH
2023-02-12,10.21,10.53,10.21,10.47,136635604,1532458257,0.67,0.9643201542912427,601899.SH
2023-02-13,10.49,10.83,10.45,10.72,183553830,2118339622,0.89,2.387774594078329,601899.SH
2023-02-14,10.73,11.04,10.62,10.72,168857877,1963625906,0.82,0.0,601899.SH
2023-02-15,10.71,10.72,10.36,10.45,133298984,1518834193,0.65,-2.518656716417922,601899.SH
2023-02-16,10.52,10.83,10.49,10.53,156839795,1802517625,0.76,0.7655502392344582,601899.SH
2023-02-19,10.58,10.84,10.55,10.83,168910196,1960868880,0.82,2.8490028490028463,601899.SH
2023-02-20,10.89,11.34,10.86,11.24,263388056,3178377269,1.28,3.785780240073877,601899.SH
2023-02-21,11.15,11.29,11.03,11.08,144342540,1735658671,0.7,-1.4234875444839923,601899.SH
2023-02-22,11.08,11.17,10.96,11.08,83065313,990484716,0.4,0.0,601899.SH
2023-02-23,10.93,10.95,10.71,10.78,162573387,1893125538,0.79,-2.7075812274368283,601899.SH
2023-02-26,10.57,10.71,10.44,10.58,135699473,1547282422,0.66,-1.855287569573283,601899.SH
2023-02-27,10.65,10.73,10.47,10.58,106019006,1212800782,0.52,0.0,601899.SH
2023-02-28,10.71,11.17,10.68,11.1,192370983,2282005159,0.94,4.914933837429114,601899.SH
2023-03-01,11.18,11.35,11.06,11.21,162166552,1965528682,0.79,0.9909909909910031,601899.SH
2023-03-02,11.21,11.25,11.03,11.1,99356063,1189308862,0.48,-0.9812667261373864,601899.SH
2023-03-05,11.16,11.21,10.81,11.06,128029028,1516326777,0.62,-0.3603603603603567,601899.SH
2023-03-06,11.08,11.3,10.95,11.1,196536373,2371518722,0.96,0.3616636528028794,601899.SH
2023-03-07,10.84,10.89,10.58,10.81,157851419,1833163668,0.77,-2.612612612612608,601899.SH
2023-03-08,10.84,10.89,10.67,10.71,96441797,1117176939,0.47,-0.9250693802035137,601899.SH
2023-03-09,10.62,10.74,10.58,10.6,93161452,1069969724,0.45,-1.0270774976657404,601899.SH
2023-03-12,10.83,11.31,10.82,11.27,250055940,3002805892,1.22,6.320754716981125,601899.SH
2023-03-13,11.44,11.67,11.12,11.15,215749155,2645455945,1.05,-1.0647737355811815,601899.SH
2023-03-14,11.14,11.15,10.95,10.96,136479127,1623018250,0.66,-1.704035874439458,601899.SH
2023-03-15,10.75,10.85,10.53,10.56,231926620,2675243677,1.13,-3.649635036496357,601899.SH
2023-03-16,10.65,10.83,10.49,10.62,171872537,1977050844,0.84,0.5681818181818121,601899.SH
2023-03-19,10.87,11.03,10.82,10.94,165806656,1954092651,0.81,3.0131826741996326,601899.SH
2023-03-20,10.94,11.02,10.77,10.96,111609459,1315342749,0.54,0.1828153564899626,601899.SH
2023-03-21,10.85,11.03,10.8,10.88,119278038,1401494421,0.58,-0.7299270072992692,601899.SH
2023-03-22,10.96,11.29,10.88,11.25,201091345,2415200025,0.98,3.4007352941176405,601899.SH
2023-03-23,11.31,11.31,11.09,11.13,117251488,1414079551,0.57,-1.0666666666666602,601899.SH
2023-03-26,11.12,11.19,10.87,11.11,123953844,1477826632,0.6,-0.17969451931717506,601899.SH
2023-03-27,11.11,11.25,11.01,11.13,107876553,1295667989,0.53,0.18001800180018623,601899.SH
2023-03-28,11.23,11.44,11.11,11.13,109723903,1329468456,0.53,0.0,601899.SH
2023-03-29,11.16,11.35,11.06,11.35,150717840,1823963765,0.73,1.9766397124887591,601899.SH
2023-03-30,11.39,11.54,11.35,11.48,158691034,1961371289,0.77,1.1453744493392204,601899.SH
2023-04-02,11.48,11.54,11.19,11.23,168677506,2056156606,0.82,-2.1777003484320545,601899.SH
2023-04-03,11.31,11.52,11.21,11.45,155954633,1911436455,0.76,1.9590382902938464,601899.SH
2023-04-05,11.52,12.18,11.5,12.17,294272220,3804302884,1.43,6.288209606986905,601899.SH
2023-04-06,12.01,12.11,11.85,11.95,138168235,1783722640,0.67,-1.8077239112571974,601899.SH
2023-04-09,11.85,12.16,11.73,12.03,116873407,1511031410,0.57,0.6694560669456173,601899.SH
2023-04-10,12.03,12.46,11.9,12.45,225374558,2979279873,1.1,3.4912718204488824,601899.SH
2023-04-11,12.4,12.74,12.35,12.56,185436762,2509011953,0.9,0.8835341365462046,601899.SH
2023-04-12,12.51,12.77,12.27,12.42,158387217,2131877522,0.77,-1.1146496815286677,601899.SH
2023-04-13,12.73,12.97,12.69,12.92,210578014,2921463220,1.03,4.025764895330108,601899.SH
2023-04-16,12.59,12.99,12.49,12.89,163355709,2251982342,0.8,-0.23219814241485226,601899.SH
2023-04-17,12.86,13.02,12.74,12.85,123473848,1712913194,0.6,-0.3103180760279378,601899.SH
2023-04-18,12.88,13.07,12.82,12.88,115489075,1611809154,0.56,0.23346303501945442,601899.SH
2023-04-19,12.79,12.81,12.35,12.6,205681007,2783818748,1.0,-2.1739130434782705,601899.SH
2023-04-20,12.62,12.66,12.32,12.32,129483400,1741387714,0.63,-2.2222222222222143,601899.SH
2023-04-23,12.28,12.45,11.66,11.76,244729896,3148770164,1.19,-4.545454545454552,601899.SH
2023-04-24,11.89,12.12,11.74,11.94,181595737,2332637151,0.88,1.5306122448979664,601899.SH
2023-04-25,11.73,11.87,11.56,11.65,169260872,2133008370,0.82,-2.4288107202680043,601899.SH
2023-04-26,11.58,12.08,11.51,11.88,177955680,2271307178,0.87,1.9742489270386354,601899.SH
2023-04-27,11.63,12.03,11.63,11.89,145362116,1862171128,0.71,0.08417508417508657,601899.SH
2023-05-03,12.28,12.4,11.9,11.98,211489221,2759858587,1.03,0.7569386038688064,601899.SH
2023-05-04,12.08,12.18,11.54,11.66,187067529,2369427897,0.91,-2.6711185308848084,601899.SH
2023-05-07,11.58,11.81,11.41,11.73,147503510,1855566188,0.72,0.6003430531732468,601899.SH
2023-05-08,11.74,11.74,11.3,11.35,171466059,2122541129,0.84,-3.239556692242118,601899.SH
2023-05-09,11.42,11.51,11.16,11.2,124335355,1515467086,0.61,-1.3215859030836996,601899.SH
2023-05-10,11.16,11.21,10.75,10.83,186931676,2195055674,0.91,-3.303571428571417,601899.SH
2023-05-11,10.57,10.58,10.11,10.18,338569980,3753418798,1.65,-6.001846722068327,601899.SH
2023-05-14,10.18,10.38,9.88,10.3,235775700,2585029803,1.15,1.1787819253438192,601899.SH
2023-05-15,10.24,10.58,10.2,10.43,206495633,2324659917,1.01,1.2621359223300876,601899.SH
2023-05-16,10.23,10.38,10.13,10.2,130722931,1444290354,0.64,-2.205177372962608,601899.SH
2023-05-17,10.35,10.45,10.2,10.29,138468681,1543914207,0.67,0.8823529411764675,601899.SH
2023-05-18,10.07,10.22,9.92,10.09,205289952,2228604261,1.0,-1.943634596695809,601899.SH
2023-05-21,10.1,10.2,10.02,10.1,99725436,1087424849,0.49,0.09910802775023875,601899.SH
2023-05-22,10.08,10.14,9.89,9.89,126921865,1361389537,0.62,-2.07920792079207,601899.SH
2023-05-23,9.84,10.04,9.74,9.91,128497770,1376146041,0.63,0.2022244691607611,601899.SH
2023-05-24,9.84,9.84,9.62,9.75,148254167,1553157377,0.72,-1.6145307769929396,601899.SH
2023-05-25,9.69,10.07,9.63,10.01,128083399,1367316402,0.62,2.6666666666666616,601899.SH
2023-05-28,10.03,10.08,9.93,10.01,115787493,1249777588,0.56,0.0,601899.SH
2023-05-29,10.0,10.07,9.83,9.93,118788486,1273962446,0.58,-0.7992007992008054,601899.SH
2023-05-30,9.96,10.07,9.83,9.91,124179454,1332813547,0.61,-0.20140986908357972,601899.SH
2023-05-31,9.95,10.41,9.9,10.24,220497810,2431831429,1.07,3.3299697275479323,601899.SH
2023-06-01,10.35,10.77,10.35,10.74,267583940,3071508967,1.3,4.8828125,601899.SH
2023-06-04,10.58,10.58,10.33,10.45,167579066,1884615625,0.82,-2.700186219739298,601899.SH
2023-06-05,10.55,10.8,10.51,10.56,168797874,1940115545,0.82,1.0526315789473717,601899.SH
2023-06-06,10.62,10.75,10.53,10.57,110395819,1267421318,0.54,0.09469696969697239,601899.SH
2023-06-07,10.45,10.72,10.34,10.68,117954964,1346032614,0.57,1.0406811731314969,601899.SH
2023-06-08,10.83,11.01,10.68,10.85,150815129,1754620086,0.73,1.5917602996254665,601899.SH
2023-06-11,10.74,10.77,10.55,10.71,136545790,1572107109,0.67,-1.2903225806451535,601899.SH
2023-06-12,10.65,10.77,10.58,10.75,88581336,1021045511,0.43,0.37348272642390157,601899.SH
2023-06-13,10.84,11.12,10.84,11.01,196690302,2340740619,0.96,2.4186046511627923,601899.SH
2023-06-14,11.01,11.16,10.77,11.12,145484376,1697224236,0.71,0.9990917347865613,601899.SH
2023-06-15,11.17,11.58,11.16,11.34,180454160,2181097716,0.88,1.9784172661870603,601899.SH
2023-06-18,11.34,11.39,11.04,11.13,148234676,1748223931,0.72,-1.851851851851849,601899.SH
2023-06-19,11.11,11.18,10.93,11.09,92657207,1089373378,0.45,-0.3593890386343279,601899.SH
2023-06-20,10.94,11.17,10.88,10.91,84114400,983109005,0.41,-1.6230838593327301,601899.SH
2023-06-25,10.86,10.98,10.78,10.83,79180144,912614624,0.39,-0.7332722273143966,601899.SH
2023-06-26,10.79,11.06,10.63,11.02,102267126,1183301063,0.5,1.7543859649122862,601899.SH
2023-06-27,10.93,11.06,10.86,10.99,73042283,848689369,0.36,-0.27223230490017736,601899.SH
2023-06-28,10.94,10.99,10.68,10.7,94829276,1082828354,0.46,-2.638762511373982,601899.SH
2023-06-29,10.74,10.86,10.61,10.72,66313367,756138025,0.32,0.18691588785046953,601899.SH
2023-07-02,10.84,11.34,10.83,11.25,171518591,2037155959,0.84,4.944029850746268,601899.SH
2023-07-03,11.28,11.31,11.07,11.12,107427130,1267639365,0.52,-1.1555555555555652,601899.SH
2023-07-04,11.11,11.22,11.06,11.12,71207528,840514440,0.35,0.0,601899.SH
2023-07-05,11.04,11.08,10.86,10.94,76833555,891638839,0.37,-1.618705035971224,601899.SH
2023-07-06,10.85,11.05,10.63,10.89,125582984,1442386664,0.61,-0.457038391224851,601899.SH
2023-07-09,10.92,11.09,10.82,10.88,80589768,935831992,0.39,-0.09182736455463081,601899.SH
2023-07-10,11.04,11.27,11.01,11.16,121686578,1437145246,0.59,2.5735294117646967,601899.SH
2023-07-11,11.15,11.36,11.1,11.27,187653141,2243047027,0.91,0.9856630824372603,601899.SH
2023-07-12,11.67,12.03,11.67,11.8,289777576,3643040704,1.41,4.7027506654836015,601899.SH
2023-07-13,12.02,12.07,11.84,11.86,127187184,1608069170,0.62,0.5084745762711673,601899.SH
2023-07-16,11.77,11.78,11.6,11.63,86362787,1069695816,0.42,-1.9392917369308482,601899.SH
2023-07-17,11.63,11.81,11.56,11.69,68098977,845908312,0.33,0.5159071367153878,601899.SH
2023-07-18,11.84,11.93,11.74,11.87,103886841,1304436929,0.51,1.5397775876817787,601899.SH
2023-07-19,11.82,12.07,11.8,11.89,98663315,1251621301,0.48,0.16849199663018233,601899.SH
2023-07-20,11.83,11.95,11.77,11.81,70515847,887056620,0.34,-0.6728343145500415,601899.SH
2023-07-23,11.7,11.9,11.67,11.72,57319982,715170937,0.28,-0.7620660457239636,601899.SH
2023-07-24,11.92,12.35,11.92,12.2,175567357,2270880546,0.86,4.095563139931735,601899.SH
2023-07-25,12.22,12.33,12.14,12.32,89449527,1161974129,0.44,0.9836065573770592,601899.SH
2023-07-26,12.32,12.35,12.1,12.14,76066981,986230626,0.37,-1.461038961038963,601899.SH
2023-07-27,11.93,12.1,11.83,12.06,145064577,1840514413,0.71,-0.658978583196046,601899.SH
2023-07-30,12.25,12.43,12.21,12.26,116713079,1524225381,0.57,1.6583747927031434,601899.SH
2023-07-31,12.51,12.67,12.26,12.3,120142346,1584776007,0.59,0.32626427406199365,601899.SH
2023-08-01,12.09,12.22,12.04,12.12,83936798,1078483438,0.41,-1.4634146341463539,601899.SH
2023-08-02,12.02,12.07,11.88,12.01,109846621,1394928275,0.54,-0.9075907590759047,601899.SH
2023-08-03,12.12,12.25,12.05,12.11,78105281,1007042200,0.38,0.8326394671107407,601899.SH
2023-08-06,12.05,12.14,12.0,12.11,44623088,572241706,0.22,0.0,601899.SH
2023-08-07,12.11,12.38,12.01,12.28,111902027,1455326074,0.55,1.4037985136251097,601899.SH
2023-08-08,12.16,12.24,12.01,12.13,84007485,1079691460,0.41,-1.2214983713354943,601899.SH
2023-08-09,12.07,12.14,11.96,12.0,70330322,897239230,0.34,-1.0717230008244094,601899.SH
2023-08-10,12.02,12.1,11.73,11.78,93182422,1172097978,0.45,-1.8333333333333424,601899.SH
2023-08-13,11.68,11.71,11.45,11.61,131024479,1612319538,0.64,-1.4431239388794537,601899.SH
2023-08-14,11.63,11.72,11.46,11.61,68007984,835672641,0.33,0.0,601899.SH
2023-08-15,11.48,11.55,11.39,11.49,74573738,907904341,0.36,-1.033591731266148,601899.SH
2023-08-16,11.37,11.63,11.16,11.59,101796875,1234023155,0.5,0.870322019147074,601899.SH
2023-08-17,11.59,11.72,11.36,11.39,76821225,939366605,0.37,-1.72562553925798,601899.SH
2023-08-20,11.39,11.48,11.29,11.29,75479962,910248452,0.37,-0.8779631255487419,601899.SH
2023-08-21,11.39,11.77,11.39,11.7,165777633,2045267562,0.81,3.631532329495135,601899.SH
2023-08-22,11.74,11.77,11.43,11.47,126975644,1557000098,0.62,-1.9658119658119588,601899.SH
2023-08-23,11.74,11.93,11.64,11.77,138872628,1736015214,0.68,2.615518744550993,601899.SH
2023-08-24,11.69,11.74,11.45,11.6,127145799,1563198558,0.62,-1.4443500424808797,601899.SH
2023-08-27,12.18,12.23,11.37,11.44,203852109,2505833265,0.99,-1.379310344827589,601899.SH
2023-08-28,11.42,11.66,11.35,11.39,140982272,1719289961,0.69,-0.4370629370629264,601899.SH
2023-08-29,11.55,11.82,11.52,11.74,159470560,1978837053,0.78,3.0728709394205467,601899.SH
2023-08-30,11.77,11.88,11.63,11.65,82969987,1031632503,0.4,-0.7666098807495692,601899.SH
2023-08-31,11.68,12.16,11.66,12.07,143485185,1825917256,0.7,3.6051502145922676,601899.SH
2023-09-03,12.21,12.73,12.21,12.44,188698652,2493402696,0.92,3.065451532725749,601899.SH
2023-09-04,12.35,12.45,12.23,12.4,80427855,1051883313,0.39,-0.3215434083601254,601899.SH
2023-09-05,12.27,12.43,12.19,12.31,72466469,946999081,0.35,-0.7258064516128981,601899.SH
2023-09-06,12.2,12.36,12.16,12.26,72247716,941296012,0.35,-0.4061738424045558,601899.SH
2023-09-07,12.26,12.35,12.08,12.14,55492369,716285758,0.27,-0.9787928221859588,601899.SH
2023-09-10,12.14,12.4,12.09,12.26,87787035,1141585554,0.43,0.9884678747940523,601899.SH
2023-09-11,12.26,12.34,12.07,12.1,84410056,1088460259,0.41,-1.3050570962479635,601899.SH
2023-09-12,12.05,12.24,12.03,12.1,87054305,1118569961,0.42,0.0,601899.SH
2023-09-13,12.16,12.35,12.1,12.24,152218542,1978039447,0.74,1.1570247933884392,601899.SH
2023-09-14,12.43,12.65,12.31,12.4,173231399,2293010436,0.84,1.3071895424836555,601899.SH
2023-09-17,12.33,12.33,12.15,12.32,105742734,1373023886,0.52,-0.6451612903225823,601899.SH
2023-09-18,12.26,12.49,12.24,12.42,108154112,1423466929,0.53,0.8116883116883189,601899.SH
2023-09-19,12.35,12.52,12.29,12.49,90314021,1192683790,0.44,0.5636070853462183,601899.SH
2023-09-20,12.35,12.44,12.24,12.34,96166185,1258503964,0.47,-1.2009607686148893,601899.SH
2023-09-21,12.21,12.24,11.95,12.19,186231640,2383603518,0.91,-1.2155591572123203,601899.SH
2023-09-24,12.14,12.25,12.01,12.03,115655415,1484110322,0.56,-1.312551271534046,601899.SH
2023-09-25,11.96,12.02,11.77,11.93,128915086,1627524477,0.63,-0.8312551953449709,601899.SH
2023-09-26,11.93,11.95,11.67,11.7,133613484,1666206857,0.65,-1.9279128248114064,601899.SH
2023-09-27,11.7,11.8,11.37,11.44,149985684,1827180750,0.73,-2.2222222222222254,601899.SH
2023-10-08,11.23,11.55,11.07,11.5,122116683,1471766812,0.59,0.5244755244755206,601899.SH
2023-10-09,11.58,11.71,11.5,11.52,68398356,839634890,0.33,0.17391304347824654,601899.SH
2023-10-10,11.6,11.6,11.3,11.44,85168723,1030641326,0.41,-0.694444444444442,601899.SH
2023-10-11,11.57,11.65,11.48,11.59,70314506,862664147,0.34,1.3111888111888126,601899.SH
2023-10-12,11.44,11.45,11.31,11.33,66449566,800676293,0.32,-2.2433132010353685,601899.SH
2023-10-15,11.55,11.58,11.41,11.44,94815422,1156057633,0.46,0.9708737864077666,601899.SH
2023-10-16,11.43,11.44,11.29,11.37,80051798,964979088,0.39,-0.6118881118881148,601899.SH
2023-10-17,11.4,11.44,11.27,11.29,73584741,886160394,0.36,-0.7036059806508344,601899.SH
2023-10-18,11.27,11.29,11.08,11.1,98618747,1167806409,0.48,-1.6829052258635957,601899.SH
2023-10-19,11.14,11.25,10.93,10.98,79552087,932493226,0.39,-1.08108108108107,601899.SH
2023-10-22,10.92,10.99,10.68,10.79,85800104,985685575,0.42,-1.730418943533707,601899.SH
2023-10-23,10.88,11.15,10.87,11.08,119694433,1396287628,0.58,2.6876737720111343,601899.SH
2023-10-24,11.35,11.6,11.35,11.39,129416820,1575510361,0.63,2.797833935018046,601899.SH
2023-10-25,11.31,11.42,11.2,11.39,74025968,887984382,0.36,0.0,601899.SH
2023-10-26,11.29,11.46,11.27,11.32,92836222,1118062157,0.45,-0.6145741878841093,601899.SH
2023-10-29,11.5,11.95,11.49,11.71,180159501,2233732784,0.88,3.445229681978801,601899.SH
2023-10-30,11.69,11.75,11.58,11.73,75169604,929308103,0.37,0.1707941929974366,601899.SH
2023-10-31,11.61,11.64,11.44,11.5,93872097,1145423054,0.46,-1.9607843137254943,601899.SH
2023-11-01,11.64,11.77,11.5,11.51,91383818,1128790483,0.45,0.08695652173913437,601899.SH
2023-11-02,11.52,11.6,11.41,11.47,81585921,992620604,0.4,-0.3475238922675872,601899.SH
2023-11-05,11.48,11.5,11.19,11.25,144313303,1725547500,0.7,-1.9180470793374038,601899.SH
2023-11-06,11.2,11.34,11.05,11.32,91670061,1090796540,0.45,0.6222222222222351,601899.SH
2023-11-07,11.2,11.27,11.05,11.14,113321587,1340004024,0.55,-1.590106007067138,601899.SH
2023-11-08,11.03,11.22,11.03,11.2,77642269,918449508,0.38,0.538599640933568,601899.SH
2023-11-09,11.15,11.18,11.05,11.11,43771753,515193193,0.21,-0.8035714285714257,601899.SH
2023-11-12,11.11,11.25,11.06,11.22,55328036,654865236,0.27,0.990099009900991,601899.SH
2023-11-13,11.27,11.29,11.13,11.18,49533264,587725506,0.24,-0.35650623885918886,601899.SH
2023-11-14,11.53,11.53,11.25,11.31,100819208,1214529081,0.49,1.1627906976744207,601899.SH
2023-11-15,11.28,11.34,11.17,11.28,72428050,864811238,0.35,-0.2652519893899252,601899.SH
2023-11-16,11.29,11.33,11.19,11.28,56250453,670740302,0.27,0.0,601899.SH
2023-11-19,11.27,11.28,11.1,11.18,67797583,804255270,0.33,-0.886524822695034,601899.SH
2023-11-20,11.27,11.51,11.23,11.44,146698506,1779892323,0.71,2.3255813953488413,601899.SH
2023-11-21,11.44,11.44,11.24,11.27,62734020,753600457,0.31,-1.4860139860139898,601899.SH
2023-11-22,11.26,11.31,11.14,11.3,55954963,665698869,0.27,0.266193433895312,601899.SH
2023-11-23,11.28,11.3,11.16,11.17,51770983,615768319,0.25,-1.1504424778761124,601899.SH
2023-11-26,11.18,11.34,11.06,11.19,57775499,685011611,0.28,0.1790510295434089,601899.SH
2023-11-27,11.18,11.22,11.04,11.21,62640831,739510570,0.31,0.17873100983021306,601899.SH
2023-11-28,11.4,11.5,11.39,11.45,169653492,2061141702,0.83,2.140945584299714,601899.SH
2023-11-29,11.44,11.57,11.38,11.48,116747513,1421931900,0.57,0.26200873362447474,601899.SH
2023-11-30,11.45,11.5,11.27,11.35,101753675,1228288083,0.5,-1.1324041811846763,601899.SH
2023-12-03,11.74,11.96,11.67,11.69,229119485,2865128223,1.12,2.99559471365638,601899.SH
2023-12-04,11.43,11.46,11.24,11.27,158484060,1905395189,0.77,-3.59281437125748,601899.SH
2023-12-05,11.16,11.39,11.08,11.31,110464022,1321048903,0.54,0.3549245785270605,601899.SH
2023-12-06,11.22,11.24,11.08,11.12,108883301,1285326253,0.53,-1.6799292661361709,601899.SH
2023-12-07,11.13,11.15,10.98,11.0,118281121,1383385684,0.58,-1.0791366906474753,601899.SH
2023-12-10,10.93,11.06,10.73,11.0,111213214,1285375457,0.54,0.0,601899.SH
2023-12-11,10.91,10.96,10.8,10.95,89300708,1030115693,0.44,-0.454545454545463,601899.SH
2023-12-12,10.88,10.94,10.78,10.78,85644343,987071611,0.42,-1.5525114155251152,601899.SH
2023-12-13,11.12,11.15,10.8,10.82,135531561,1572792098,0.66,0.37105751391466324,601899.SH
2023-12-14,10.94,11.28,10.94,11.03,204753292,2415721668,1.0,1.9408502772643166,601899.SH
2023-12-17,10.97,11.17,10.92,11.11,73733359,867805169,0.36,0.7252946509519465,601899.SH
2023-12-18,11.09,11.16,10.98,11.12,59946318,704972690,0.29,0.09000900090008201,601899.SH
2023-12-19,11.24,11.43,11.18,11.33,165592823,1992734597,0.81,1.8884892086330929,601899.SH
2023-12-20,11.26,11.4,11.21,11.38,108702830,1304679471,0.53,0.44130626654899086,601899.SH
2023-12-21,11.45,11.48,11.3,11.44,127206298,1540207671,0.62,0.5272407732864526,601899.SH
2023-12-24,11.39,11.59,11.37,11.57,85968431,1045070555,0.42,1.1363636363636465,601899.SH
2023-12-25,11.55,11.62,11.5,11.53,74621667,910846708,0.36,-0.34572169403630504,601899.SH
2023-12-26,11.58,11.76,11.54,11.74,125564716,1548586309,0.61,1.8213356461405095,601899.SH
2023-12-27,11.82,11.99,11.65,11.69,185718401,2312289057,0.9,-0.4258943781942137,601899.SH
2023-12-28,11.61,11.81,11.61,11.79,121461541,1506071319,0.59,0.8554319931565413,601899.SH
2024-01-01,11.75,11.98,11.73,11.82,113316938,1418264969,0.55,0.2544529262086703,601899.SH
2024-01-02,11.77,11.92,11.73,11.86,76049148,951970406,0.37,0.33840947546530664,601899.SH
2024-01-03,11.77,11.85,11.73,11.84,99822517,1242764335,0.49,-0.1686340640809414,601899.SH
2024-01-04,11.79,12.0,11.71,11.8,109752652,1377692738,0.53,-0.33783783783782884,601899.SH
2024-01-07,11.79,11.86,11.61,11.64,91581562,1131732817,0.45,-1.3559322033898313,601899.SH
2024-01-08,11.65,11.79,11.62,11.77,94179782,1166609534,0.46,1.1168384879725046,601899.SH
2024-01-09,11.67,11.78,11.62,11.62,63262795,780721482,0.31,-1.274426508071369,601899.SH
2024-01-10,11.65,11.66,11.44,11.49,96780156,1179075752,0.47,-1.1187607573149627,601899.SH
2024-01-11,11.43,11.61,11.41,11.55,76433877,930414485,0.37,0.5221932114882533,601899.SH
2024-01-14,11.52,11.61,11.41,11.47,49632551,603042874,0.24,-0.6926406926406892,601899.SH
2024-01-15,11.42,11.61,11.42,11.54,80436459,978561026,0.39,0.6102877070618851,601899.SH
2024-01-16,11.44,11.48,11.08,11.08,140735055,1671092719,0.69,-3.986135181975725,601899.SH
2024-01-17,11.04,11.3,10.79,11.21,166379121,1935251850,0.81,1.1732851985559734,601899.SH
2024-01-18,11.15,11.33,11.03,11.28,123795036,1468955722,0.6,0.6244424620874156,601899.SH
2024-01-21,11.25,11.3,10.93,11.06,145354976,1710510980,0.71,-1.9503546099290725,601899.SH
2024-01-22,10.99,11.06,10.61,10.92,169491744,1940940579,0.83,-1.2658227848101333,601899.SH
2024-01-23,11.0,11.12,10.82,11.09,105940754,1229718058,0.52,1.5567765567765512,601899.SH
2024-01-24,11.19,11.41,11.16,11.41,127482289,1522375802,0.62,2.8854824165915227,601899.SH
2024-01-25,11.45,11.62,11.34,11.57,124521021,1516091358,0.61,1.4022787028922012,601899.SH
2024-01-28,11.58,11.69,11.55,11.59,84753628,1040554942,0.41,0.17286084701815252,601899.SH
2024-01-29,11.53,11.64,11.42,11.53,106355676,1296846927,0.52,-0.5176876617773996,601899.SH
2024-01-30,11.47,11.58,11.39,11.4,109897920,1333498982,0.54,-1.1274934952298254,601899.SH
2024-01-31,11.36,11.61,11.26,11.48,108409521,1313469936,0.53,0.7017543859649145,601899.SH
2024-02-01,11.55,11.68,11.25,11.39,139010279,1693724843,0.68,-0.7839721254355392,601899.SH
2024-02-04,11.43,11.62,11.32,11.51,171075963,2074493835,0.83,1.0535557506584636,601899.SH
2024-02-05,11.48,11.72,11.4,11.54,202093771,2464896610,0.98,0.26064291920069316,601899.SH
2024-02-06,11.54,11.64,11.4,11.6,215806989,2628884527,1.05,0.5199306759098743,601899.SH
2024-02-07,11.59,11.85,11.57,11.83,191109271,2365281337,0.93,1.982758620689662,601899.SH
2024-02-18,11.84,12.17,11.74,12.16,188654642,2393625732,0.92,2.789518174133554,601899.SH
2024-02-19,12.12,12.48,12.04,12.4,137078328,1790347206,0.67,1.9736842105263275,601899.SH
2024-02-20,12.36,12.58,12.32,12.35,153987034,2029310533,0.75,-0.40322580645162365,601899.SH
2024-02-21,12.39,12.57,12.32,12.55,112739991,1484391737,0.55,1.619433198380582,601899.SH
2024-02-22,12.54,12.95,12.5,12.78,137726096,1857150077,0.67,1.8326693227091573,601899.SH
2024-02-25,12.79,12.88,12.39,12.45,146004515,1940973998,0.71,-2.5821596244131495,601899.SH
2024-02-26,12.36,12.56,12.31,12.46,136491393,1791457395,0.66,0.08032128514057213,601899.SH
2024-02-27,12.46,12.47,12.28,12.32,109335806,1429626558,0.53,-1.1235955056179803,601899.SH
2024-02-28,12.32,12.5,12.27,12.41,108124101,1410959457,0.53,0.7305194805194759,601899.SH
2024-02-29,12.36,12.65,12.31,12.54,117846665,1552005622,0.57,1.047542304593052,601899.SH
2024-03-03,12.74,12.89,12.65,12.74,131400110,1769842794,0.64,1.594896331738438,601899.SH
2024-03-04,12.87,13.22,12.86,13.11,196087650,2710355633,0.95,2.904238618524335,601899.SH
2024-03-05,13.11,13.59,13.1,13.44,201787689,2854602325,0.98,2.517162471395884,601899.SH
2024-03-06,13.61,14.16,13.51,13.94,237493563,3490560849,1.16,3.720238095238093,601899.SH
2024-03-07,14.1,14.13,13.75,14.1,169234965,2495033636,0.82,1.147776183644189,601899.SH
2024-03-10,14.2,14.25,13.84,14.07,153666334,2272630522,0.75,-0.21276595744680327,601899.SH
2024-03-11,13.96,14.03,13.52,13.59,204275442,2953248652,0.99,-3.4115138592750616,601899.SH
2024-03-12,13.49,13.97,13.42,13.91,145451986,2110554047,0.71,2.3546725533480473,601899.SH
2024-03-13,14.44,14.94,14.44,14.57,271917472,4216534925,1.32,4.744787922358018,601899.SH
2024-03-14,14.5,15.26,14.48,15.11,223316308,3509902917,1.09,3.7062457103637536,601899.SH
2024-03-17,15.12,15.3,14.75,14.94,230329695,3633999462,1.12,-1.1250827266710783,601899.SH
2024-03-18,14.86,15.08,14.67,14.7,161899947,2543787075,0.79,-1.6064257028112428,601899.SH
2024-03-19,14.53,14.78,14.39,14.68,177110050,2723258799,0.86,-0.1360544217687054,601899.SH
2024-03-20,15.06,15.27,14.77,14.79,199623701,3151230650,0.97,0.7493188010899043,601899.SH
2024-03-21,14.57,14.69,14.36,14.57,177112121,2717488083,0.86,-1.487491548343467,601899.SH
2024-03-24,14.56,15.01,14.49,14.9,164527564,2580594446,0.8,2.264927934111194,601899.SH
2024-03-25,14.93,14.98,14.51,14.7,132797874,2057986264,0.65,-1.34228187919464,601899.SH
2024-03-26,14.63,15.04,14.62,14.88,156142161,2459520729,0.76,1.224489795918382,601899.SH
2024-03-27,14.81,15.32,14.7,15.24,188868882,3013540981,0.92,2.4193548387096753,601899.SH
2024-03-28,15.52,15.97,15.43,15.92,209564474,3491214365,1.02,4.461942257217855,601899.SH
2024-03-31,16.32,16.46,15.8,15.97,207614091,3527137250,1.01,0.3140703517587884,601899.SH
2024-04-01,16.05,16.23,15.87,16.05,133763881,2265617998,0.65,0.5009392611145858,601899.SH
2024-04-02,16.27,16.71,16.07,16.58,238086948,4121388638,1.16,3.302180685358236,601899.SH
2024-04-07,16.71,17.2,16.31,16.38,312711908,5555680584,1.52,-1.2062726176115812,601899.SH
2024-04-08,16.3,16.47,16.03,16.1,201583611,3447848187,0.98,-1.7094017094016922,601899.SH
2024-04-09,16.23,17.18,16.23,17.03,264269860,4685400744,1.29,5.776397515527942,601899.SH
2024-04-10,16.58,17.53,16.56,17.03,256576582,4620626247,1.25,0.0,601899.SH
2024-04-11,17.49,17.59,17.02,17.41,233781929,4289461428,1.14,2.2313564298297006,601899.SH
2024-04-14,16.85,17.57,16.83,17.47,238595623,4327726049,1.16,0.3446295232624852,601899.SH
2024-04-15,17.47,17.64,16.93,16.98,208220527,3791491593,1.01,-2.8048082427017618,601899.SH
2024-04-16,16.95,17.18,16.64,17.11,215427958,3853775926,1.05,0.7656065959952718,601899.SH
2024-04-17,16.95,17.55,16.91,17.48,200597370,3665579379,0.98,2.162478082992414,601899.SH
2024-04-18,17.57,18.3,17.42,17.64,265311852,4990039164,1.29,0.9153318077803174,601899.SH
2024-04-21,17.86,17.99,16.8,16.85,267730371,4889599625,1.3,-4.478458049886614,601899.SH
2024-04-22,16.48,16.71,16.09,16.13,320100041,5522404560,1.56,-4.272997032640968,601899.SH
2024-04-23,16.13,16.65,16.13,16.6,211374281,3671334960,1.03,2.913825170489792,601899.SH
2024-04-24,16.4,16.62,16.18,16.47,142950969,2475547327,0.7,-0.7831325301205005,601899.SH
2024-04-25,16.64,17.39,16.48,17.29,266128445,4799432002,1.29,4.9787492410443335,601899.SH
2024-04-28,17.16,17.16,16.46,16.72,225298735,4005052725,1.1,-3.296703296703296,601899.SH
2024-04-29,16.96,17.1,16.61,16.67,169466708,3018725384,0.82,-0.29904306220094323,601899.SH
2024-05-05,16.4,16.62,15.92,16.58,260634802,4487638406,1.27,-0.5398920215957004,601899.SH
2024-05-06,16.68,16.94,16.46,16.52,152394077,2684017066,0.74,-0.3618817852834688,601899.SH
2024-05-07,16.38,16.74,16.1,16.52,132403984,2300504674,0.64,0.0,601899.SH
2024-05-08,16.36,16.95,16.36,16.76,146586763,2587027544,0.71,1.4527845036319764,601899.SH
2024-05-09,17.13,17.3,16.83,17.27,206140807,3722450388,1.0,3.0429594272076255,601899.SH
2024-05-12,17.04,17.36,16.88,17.21,140858971,2546450263,0.69,-0.3474232773595709,601899.SH
2024-05-13,17.37,17.72,17.28,17.5,147429801,2726855288,0.72,1.685066821615333,601899.SH
2024-05-14,17.55,17.84,17.29,17.32,138687553,2566910429,0.67,-1.0285714285714231,601899.SH
2024-05-15,17.64,17.88,17.24,17.29,193911149,3594190888,0.94,-0.173210161662829,601899.SH
2024-05-16,17.39,17.78,17.04,17.78,183095090,3375111655,0.89,2.8340080971660075,601899.SH
2024-05-19,18.39,18.73,18.07,18.43,265236190,5155591278,1.29,3.6557930258717564,601899.SH
2024-05-20,18.37,18.53,17.57,17.65,228374846,4309331269,1.11,-4.232230059685305,601899.SH
2024-05-21,17.65,17.78,17.35,17.45,142475452,2637331817,0.69,-1.1331444759206777,601899.SH
2024-05-22,16.62,17.05,16.43,16.89,208253603,3694875283,1.01,-3.209169054441252,601899.SH
2024-05-23,16.66,17.07,16.65,16.87,125712778,2245716303,0.61,-0.1184132622853773,601899.SH
2024-05-26,16.82,17.38,16.81,17.23,146711397,2662784806,0.71,2.1339656194427903,601899.SH
2024-05-27,17.4,17.49,17.05,17.09,132807255,2420542086,0.65,-0.8125362739408004,601899.SH
2024-05-28,17.11,17.59,17.01,17.47,158414598,2914016096,0.77,2.2235225277940307,601899.SH
2024-05-29,17.32,17.39,16.61,16.7,209249886,3729795969,1.02,-4.407555809959929,601899.SH
2024-05-30,16.69,16.77,16.28,16.48,197034747,3434982967,0.96,-1.3173652694610682,601899.SH
2024-06-02,16.37,16.69,16.25,16.4,134833199,2343666557,0.66,-0.4854368932038944,601899.SH
2024-06-03,16.52,16.76,16.26,16.49,152060494,2652422196,0.74,0.5487804878048674,601899.SH
2024-06-04,16.09,16.28,15.86,16.14,185460719,3155725051,0.9,-2.122498483929647,601899.SH
2024-06-05,16.42,16.84,16.4,16.65,186439319,3276766583,0.91,3.159851301115224,601899.SH
2024-06-06,16.87,16.93,16.39,16.81,173772656,3063217623,0.85,0.960960960960966,601899.SH
2024-06-10,16.38,16.49,16.07,16.28,172739432,2932617275,0.84,-3.1528851873884434,601899.SH
2024-06-11,16.17,16.53,16.14,16.48,131900625,2255787020,0.64,1.228501228501222,601899.SH
2024-06-12,16.41,16.49,15.81,16.09,174909151,2935447404,0.85,-2.3665048543689338,601899.SH
2024-06-13,15.89,16.44,15.84,16.36,163013937,2764928686,0.79,1.6780609073959063,601899.SH
2024-06-16,16.27,16.44,16.05,16.31,106381680,1811063472,0.52,-0.3056234718826434,601899.SH
2024-06-17,15.9,16.35,15.68,16.2,239853361,4016852351,1.17,-0.6744328632740659,601899.SH
2024-06-18,16.2,16.75,16.16,16.58,172049521,2971053455,0.84,2.3456790123456805,601899.SH
2024-06-19,16.67,17.1,16.63,16.81,128820710,2269494994,0.63,1.3872135102533267,601899.SH
2024-06-20,17.02,17.11,16.51,16.58,145232753,2537688937,0.71,-1.3682331945270687,601899.SH
2024-06-23,16.28,16.83,16.21,16.73,132034135,2291742450,0.64,0.9047044632086942,601899.SH
2024-06-24,16.71,16.77,16.47,16.61,95570539,1658445654,0.46,-0.7172743574417328,601899.SH
2024-06-25,16.49,16.6,16.25,16.52,107923422,1849478444,0.53,-0.5418422636965681,601899.SH
2024-06-26,16.41,16.44,16.17,16.18,100714132,1710178992,0.49,-2.0581113801452777,601899.SH
2024-06-27,16.26,16.88,16.1,16.82,129524371,2248803981,0.63,3.95550061804697,601899.SH
2024-06-30,17.02,17.33,16.98,17.27,149049625,2674413716,0.73,2.675386444708683,601899.SH
2024-07-01,17.31,17.31,16.89,17.08,95719894,1705179400,0.47,-1.1001737116386856,601899.SH
2024-07-02,17.08,17.26,16.96,17.13,103934461,1853176366,0.51,0.29274004683841337,601899.SH
2024-07-03,17.45,17.8,17.4,17.4,176292083,3241891072,0.86,1.5761821366024442,601899.SH
2024-07-04,17.4,17.87,17.34,17.85,188747609,3484687196,0.92,2.586206896551735,601899.SH
2024-07-07,17.89,18.08,17.65,17.66,149197688,2778400677,0.73,-1.0644257703081306,601899.SH
2024-07-08,17.81,18.06,17.76,18.02,164930663,3089185866,0.8,2.0385050962627327,601899.SH
2024-07-09,17.93,18.17,17.5,17.6,150842964,2806437585,0.73,-2.3307436182019914,601899.SH
2024-07-10,17.71,18.15,17.52,18.07,155807757,2925447887,0.76,2.670454545454537,601899.SH
2024-07-11,18.16,18.19,17.58,17.69,139055070,2586146821,0.68,-2.102933038184829,601899.SH
2024-07-14,17.71,18.14,17.64,18.02,126988958,2392322767,0.62,1.8654607122668088,601899.SH
2024-07-15,17.98,18.42,17.98,18.39,134595480,2569268514,0.65,2.0532741398446186,601899.SH
2024-07-16,18.67,18.71,17.59,17.68,217167411,4075167475,1.06,-3.860793909733551,601899.SH
2024-07-17,17.46,17.7,17.2,17.66,149177702,2719754560,0.73,-0.11312217194570096,601899.SH
2024-07-18,17.04,17.28,16.38,17.18,238617158,4220560796,1.16,-2.7180067950169917,601899.SH
2024-07-21,16.99,17.08,16.48,16.85,192975122,3373542743,0.94,-1.9208381839348032,601899.SH
2024-07-22,16.83,16.97,15.8,15.82,235473241,3978851947,1.15,-6.11275964391692,601899.SH
2024-07-23,15.75,16.04,15.7,15.83,136809553,2262423375,0.67,0.06321112515803584,601899.SH
2024-07-24,15.39,15.55,14.72,14.77,288215160,4506442225,1.4,-6.696146557169936,601899.SH
2024-07-25,14.89,15.4,14.85,15.17,175389610,2781765969,0.85,2.708192281652,601899.SH
2024-07-28,15.32,15.59,15.09,15.42,143993630,2311428227,0.7,1.6479894528675043,601899.SH
2024-07-29,15.29,15.33,15.06,15.23,125323095,1987811940,0.61,-1.2321660181582317,601899.SH
2024-07-30,15.31,15.95,15.29,15.87,190163776,3120989658,0.93,4.202232435981612,601899.SH
2024-07-31,16.16,16.35,15.78,15.92,149688988,2507529786,0.73,0.3150598613736566,601899.SH
2024-08-01,15.62,15.62,15.03,15.28,214393694,3415283681,1.04,-4.02010050251257,601899.SH
2024-08-04,14.91,15.35,14.8,14.96,179119079,2821695201,0.87,-2.094240837696326,601899.SH
2024-08-05,15.03,15.11,14.51,14.7,175303308,2685324518,0.85,-1.7379679144385096,601899.SH
2024-08-06,14.6,14.99,14.55,14.82,116601847,1809204279,0.57,0.8163265306122547,601899.SH
2024-08-07,14.69,14.7,14.39,14.56,117102412,1775561766,0.57,-1.754385964912275,601899.SH
2024-08-08,14.82,15.09,14.75,14.78,140162600,2169838975,0.68,1.5109890109890056,601899.SH
2024-08-11,14.75,14.93,14.69,14.8,63635602,974895621,0.31,0.13531799729364913,601899.SH
2024-08-12,15.09,15.16,14.75,14.98,141287859,2191712922,0.69,1.216216216216215,601899.SH
2024-08-13,14.99,15.05,14.79,14.84,66506834,1028773395,0.32,-0.9345794392523366,601899.SH
2024-08-14,14.73,15.06,14.66,15.02,91464500,1417686970,0.44,1.21293800539084,601899.SH
2024-08-15,15.21,15.59,15.21,15.29,150829135,2405009021,0.73,1.797603195739006,601899.SH
2024-08-18,15.48,15.89,15.42,15.63,136456088,2220435252,0.66,2.2236756049705875,601899.SH
2024-08-19,15.73,15.73,15.31,15.47,89052973,1428671394,0.43,-1.0236724248240625,601899.SH
2024-08-20,15.48,15.66,15.35,15.57,82239256,1328595785,0.4,0.6464124111182912,601899.SH
2024-08-21,15.57,15.61,15.37,15.58,74620792,1201182295,0.36,0.06422607578677741,601899.SH
2024-08-22,15.39,15.51,15.32,15.48,75078634,1202326602,0.37,-0.6418485237483895,601899.SH
2024-08-25,15.72,15.79,15.37,15.62,146188349,2360957697,0.71,0.9043927648578753,601899.SH
2024-08-26,15.56,15.66,15.28,15.49,89916727,1444490876,0.44,-0.8322663252240625,601899.SH
2024-08-27,15.52,15.65,15.06,15.25,130275045,2066444455,0.63,-1.5493867010974882,601899.SH
2024-08-28,15.18,15.41,15.04,15.35,80769901,1280880646,0.39,0.6557377049180246,601899.SH
2024-08-29,15.31,15.58,15.09,15.42,144252253,2299150000,0.7,0.4560260586319309,601899.SH
2024-09-01,15.28,15.29,14.75,15.04,129969381,2022749647,0.63,-2.4643320363164745,601899.SH
2024-09-02,14.94,15.12,14.81,14.93,68786090,1068102841,0.33,-0.731382978723405,601899.SH
2024-09-03,14.5,14.55,14.03,14.15,236436306,3496281168,1.15,-5.224380442062959,601899.SH
2024-09-04,14.22,14.43,14.0,14.15,108842214,1602794385,0.53,0.0,601899.SH
2024-09-05,14.3,14.47,14.17,14.22,98102619,1456232567,0.48,0.4946996466431042,601899.SH
2024-09-08,13.95,13.95,13.43,13.64,232868695,3290633023,1.13,-4.078762306610406,601899.SH
2024-09-09,13.75,13.83,13.56,13.7,109501502,1553971993,0.53,0.4398826979472137,601899.SH
2024-09-10,13.64,13.73,13.45,13.69,140742326,1982554983,0.68,-0.07299270072992359,601899.SH
2024-09-11,13.72,13.87,13.56,13.69,127138913,1809433188,0.62,0.0,601899.SH
2024-09-12,14.06,14.37,13.99,14.15,222888677,3285178181,1.08,3.3601168736304032,601899.SH
2024-09-17,14.44,14.67,14.31,14.49,168791702,2542627079,0.82,2.402826855123674,601899.SH
2024-09-18,14.56,14.9,14.23,14.84,182900219,2781048854,0.89,2.415458937198056,601899.SH
2024-09-19,14.93,15.3,14.75,15.3,192733014,3031915812,0.94,3.0997304582210283,601899.SH
2024-09-22,15.3,15.42,15.11,15.25,136737176,2166292149,0.67,-0.326797385620925,601899.SH
2024-09-23,15.52,16.04,15.44,15.91,251226583,4106644355,1.22,4.327868852459016,601899.SH
2024-09-24,16.31,16.69,16.29,16.31,283724846,4841338020,1.38,2.514142049025758,601899.SH
2024-09-25,16.48,16.76,16.09,16.74,224564936,3833086687,1.09,2.636419374616805,601899.SH
2024-09-26,17.2,17.4,16.64,16.88,174092796,3061022314,0.85,0.8363201911589124,601899.SH
2024-09-29,17.23,18.06,16.5,17.48,671972617,11989845281,3.27,3.5545023696682554,601899.SH
2024-10-07,18.93,19.15,16.88,17.31,706617244,13098607115,3.44,-0.9725400457666011,601899.SH
2024-10-08,17.06,17.13,16.29,16.32,395716432,6837072588,1.93,-5.719237435008662,601899.SH
2024-10-09,16.38,17.33,16.24,16.72,301784759,5253048164,1.47,2.450980392156854,601899.SH
2024-10-10,16.96,17.14,16.46,16.61,204517323,3576578456,0.99,-0.6578947368421018,601899.SH
2024-10-13,16.73,17.13,16.46,17.03,209895342,3685655113,1.02,2.5285972305840065,601899.SH
2024-10-14,16.87,16.88,16.51,16.51,167326264,2896694036,0.81,-3.0534351145038108,601899.SH
2024-10-15,16.46,16.9,16.4,16.82,139067215,2416131415,0.68,1.877649909145962,601899.SH
2024-10-16,16.85,16.97,16.5,16.52,132417366,2300457654,0.64,-1.7835909631391256,601899.SH
2024-10-17,16.72,17.23,16.68,16.99,219917288,3856826864,1.07,2.8450363196125927,601899.SH
2024-10-20,17.42,17.91,17.25,17.56,271742565,4961500152,1.32,3.354914655679808,601899.SH
2024-10-21,17.47,17.64,17.23,17.4,170124384,3067127996,0.83,-0.9111617312072884,601899.SH
2024-10-22,17.44,17.51,17.04,17.2,158883827,2839459534,0.77,-1.1494252873563204,601899.SH
2024-10-23,16.96,16.96,16.69,16.86,153140704,2674306647,0.74,-1.9767441860465085,601899.SH
2024-10-24,16.79,16.81,16.52,16.61,151253747,2610995383,0.74,-1.4827995255041526,601899.SH
2024-10-27,16.58,16.61,16.34,16.58,122817788,2100442302,0.6,-0.18061408789886713,601899.SH
2024-10-28,16.64,16.88,16.56,16.6,157067199,2720298492,0.76,0.12062726176118588,601899.SH
2024-10-29,16.72,16.91,16.38,16.51,158313500,2724881176,0.77,-0.5421686746987953,601899.SH
2024-10-30,16.44,16.46,16.06,16.21,183766661,3091011649,0.89,-1.8170805572380377,601899.SH
2024-10-31,16.11,16.87,16.04,16.62,251428808,4333954461,1.22,2.5293028994447964,601899.SH
2024-11-03,16.73,16.79,16.35,16.72,150856016,2591393809,0.73,0.6016847172081619,601899.SH
2024-11-04,16.63,17.08,16.53,17.06,185523057,3243783398,0.9,2.0334928229664984,601899.SH
2024-11-05,17.01,17.06,16.54,16.68,193328545,3379872879,0.94,-2.2274325908557935,601899.SH
2024-11-06,16.11,16.48,15.9,16.47,280875443,4722689573,1.37,-1.258992805755399,601899.SH
2024-11-07,16.72,16.95,16.4,16.47,225997770,3902730429,1.1,0.0,601899.SH
2024-11-10,16.19,16.2,15.5,15.91,342706502,5620690507,1.67,-3.4001214329083096,601899.SH
2024-11-11,15.52,15.85,15.23,15.4,285631363,4602711828,1.39,-3.2055311125078534,601899.SH
2024-11-12,15.35,15.58,15.32,15.42,143993851,2308724718,0.7,0.12987012987013546,601899.SH
2024-11-13,15.32,15.36,15.02,15.04,194726921,3066365949,0.95,-2.4643320363164745,601899.SH
2024-11-14,15.03,15.52,14.96,15.05,186356748,2954520861,0.91,0.06648936170214892,601899.SH
2024-11-17,15.19,15.41,15.02,15.14,176079371,2781021688,0.86,0.5980066445182786,601899.SH
2024-11-18,15.42,15.83,15.42,15.62,260099889,4215053447,1.27,3.1704095112285335,601899.SH
2024-11-19,15.7,15.71,15.36,15.45,146052592,2347972312,0.71,-1.0883482714468595,601899.SH
2024-11-20,15.46,15.64,15.39,15.57,135377378,2177155617,0.66,0.7766990291262266,601899.SH
2024-11-21,15.59,15.61,15.19,15.19,125243144,1995032918,0.61,-2.440590879897242,601899.SH
2024-11-24,15.3,15.46,14.91,14.99,119793219,1883870367,0.58,-1.3166556945358732,601899.SH
2024-11-25,14.84,15.11,14.81,14.98,91452206,1421300260,0.44,-0.06671114076050033,601899.SH
2024-11-26,14.99,15.11,14.77,15.11,110182933,1711331758,0.54,0.8678237650200149,601899.SH
2024-11-27,15.08,15.15,14.9,14.97,87158737,1357463153,0.42,-0.9265387160820593,601899.SH
2024-11-28,15.03,15.36,14.87,15.13,141260443,2220567458,0.69,1.0688042752170945,601899.SH
2024-12-01,15.15,15.2,14.94,15.0,168359703,2628279645,0.82,-0.8592200925313986,601899.SH
2024-12-02,15.02,15.06,14.73,15.04,149572070,2315346608,0.73,0.2666666666666595,601899.SH
2024-12-03,15.11,15.36,15.07,15.23,180836598,2853814255,0.88,1.2632978723404298,601899.SH
2024-12-04,15.16,15.18,14.86,14.92,141237064,2192389551,0.69,-2.0354563361785982,601899.SH
2024-12-05,14.86,15.17,14.85,15.12,137873276,2155290558,0.67,1.3404825737265424,601899.SH
2024-12-08,15.17,15.47,15.1,15.3,138620472,2208532969,0.67,1.1904761904762085,601899.SH
2024-12-09,15.79,15.95,15.42,15.48,191717269,3111739802,0.93,1.17647058823529,601899.SH
2024-12-10,15.57,15.79,15.48,15.54,146859489,2374455019,0.71,0.3875968992248069,601899.SH
2024-12-11,15.54,15.69,15.51,15.65,100504477,1628318303,0.49,0.7078507078507101,601899.SH
2024-12-12,15.42,15.42,15.01,15.01,199811168,3143512082,0.97,-4.089456869009589,601899.SH
2024-12-15,15.01,15.07,14.75,14.79,128353468,1977871986,0.62,-1.4656895403064696,601899.SH
2024-12-16,14.79,15.02,14.72,14.89,119682220,1851932604,0.58,0.6761325219743153,601899.SH
2024-12-17,14.84,15.06,14.84,14.93,75347659,1169485235,0.37,0.2686366689053088,601899.SH
2024-12-18,14.66,14.85,14.5,14.76,92554681,1414586144,0.45,-1.1386470194239773,601899.SH
2024-12-19,14.73,14.77,14.48,14.48,140062667,2117319776,0.68,-1.8970189701897011,601899.SH
2024-12-22,14.61,15.02,14.54,14.95,188440900,2903979102,0.92,3.245856353591159,601899.SH
2024-12-23,14.93,15.09,14.74,15.06,116741937,1811782586,0.57,0.7357859531772704,601899.SH
2024-12-24,15.06,15.1,14.78,14.96,87854107,1359933126,0.43,-0.6640106241699861,601899.SH
2024-12-25,14.97,15.16,14.9,15.05,87509255,1366286291,0.43,0.6016042780748743,601899.SH
2024-12-26,15.07,15.12,14.72,14.75,123641600,1903734256,0.6,-1.9933554817275767,601899.SH
2024-12-29,14.71,15.15,14.68,14.98,152484072,2365457326,0.74,1.5593220338983027,601899.SH
2024-12-30,14.87,14.9,14.57,14.57,142236489,2172211223,0.69,-2.736982643524699,601899.SH
2025-01-01,14.65,14.92,14.46,14.63,199053077,3037419314,0.97,0.41180507892930596,601899.SH
2025-01-02,14.75,15.34,14.72,15.01,312488466,4898067955,1.52,2.5974025974025983,601899.SH
2025-01-05,15.11,15.28,14.77,14.93,225283187,3516450288,1.1,-0.532978014656893,601899.SH
2025-01-06,14.99,15.47,14.84,15.44,229893314,3655875985,1.12,3.415941058271943,601899.SH
2025-01-07,15.44,15.58,15.17,15.28,176843669,2815392400,0.86,-1.0362694300518172,601899.SH
2025-01-08,15.33,15.45,15.15,15.34,134299826,2132733325,0.65,0.39267015706807573,601899.SH
2025-01-09,15.51,15.75,15.29,15.56,195551711,3158715409,0.95,1.4341590612777066,601899.SH
2025-01-12,15.55,16.06,15.45,15.81,237723203,3905138856,1.16,1.6066838046272514,601899.SH
2025-01-13,15.7,15.88,15.47,15.81,180089819,2933492770,0.88,0.0,601899.SH
2025-01-14,15.76,15.81,14.97,15.21,327946407,5211318615,1.595,-3.7950664136622403,601899.SH
2025-01-15,15.45,15.71,15.45,15.58,220764301,3573654017,1.074,2.4326101249178222,601899.SH
2025-01-16,15.72,15.81,15.54,15.68,168269157,2741904814,0.819,0.6418485237484006,601899.SH
2025-01-19,15.66,15.8,15.49,15.7,144611527,2346499184,0.703,0.12755102040815647,601899.SH
2025-01-20,15.71,15.8,15.55,15.66,109108876,1775020124,0.531,-0.2547770700636942,601899.SH
2025-01-21,15.77,15.8,15.47,15.61,128315220,2077766555,0.624,-0.31928480204342913,601899.SH
2025-01-22,15.6,15.77,15.28,15.3,180804250,2905923917,0.88,-1.985906470211396,601899.SH
2025-01-23,15.43,15.54,15.24,15.44,137656329,2200932990,0.67,0.9150326797385588,601899.SH
2025-01-26,15.42,15.72,15.36,15.65,154794284,2507171803,0.753,1.36010362694301,601899.SH
2025-02-04,15.99,16.12,15.72,15.87,206140590,3391610271,1.001,1.4057507987220275,601899.SH
2025-02-05,15.98,15.98,15.53,15.72,200162692,3258744766,0.972,-0.9451795841209698,601899.SH
2025-02-06,15.76,16.06,15.57,16.02,216552808,3565663121,1.052,1.9083969465648831,601899.SH
2025-02-09,16.2,16.44,16.13,16.26,221206459,3733076553,1.074,1.4981273408239737,601899.SH
2025-02-10,16.42,16.94,16.31,16.65,292526186,5070661925,1.421,2.398523985239831,601899.SH
2025-02-11,16.41,16.5,16.26,16.36,158201006,2685571782,0.768,-1.7417417417417314,601899.SH
2025-02-12,16.46,16.58,16.36,16.39,127292194,2173308264,0.618,0.1833740831295838,601899.SH
2025-02-13,16.53,16.71,16.39,16.54,115526968,1979857333,0.561,0.9151921903599591,601899.SH
2025-02-16,16.1,16.1,15.81,15.9,238543986,3938646125,1.159,-3.8694074969770176,601899.SH
2025-02-17,15.81,15.99,15.72,15.81,144998347,2385640200,0.704,-0.5660377358490565,601899.SH
2025-02-18,15.91,16.01,15.7,15.76,156681707,2572213147,0.761,-0.3162555344718543,601899.SH
2025-02-19,15.79,15.88,15.54,15.84,130081857,2124966943,0.632,0.50761421319796,601899.SH
2025-02-20,15.88,15.96,15.55,15.6,206161074,3357537473,1.001,-1.5151515151515138,601899.SH
2025-02-23,15.41,15.63,15.23,15.5,173586045,2779918368,0.843,-0.6410256410256387,601899.SH
2025-02-24,15.48,15.55,15.18,15.21,155863280,2486448005,0.757,-1.8709677419354809,601899.SH
2025-02-25,15.26,15.51,15.11,15.28,157544107,2498948794,0.765,0.460223537146609,601899.SH
2025-02-26,15.29,15.29,15.04,15.18,136307172,2143446762,0.662,-0.654450261780104,601899.SH
2025-02-27,15.04,15.1,14.79,14.79,179374561,2776454070,0.871,-2.5691699604743157,601899.SH
2025-03-02,14.92,15.28,14.89,15.07,146170042,2290750530,0.71,1.893171061528065,601899.SH
2025-03-03,15.12,15.48,15.03,15.35,152935515,2423804478,0.743,1.857996018579966,601899.SH
2025-03-04,15.35,15.51,15.24,15.43,123758172,1976188829,0.601,0.5211726384364734,601899.SH
2025-03-05,15.66,15.89,15.6,15.71,178208236,2906467183,0.866,1.8146467919637255,601899.SH
2025-03-06,15.74,16.14,15.61,15.83,193234059,3190133931,0.939,0.7638446849140612,601899.SH
2025-03-09,15.9,16.08,15.72,16.05,163158330,2696257981,0.792,1.3897662665824484,601899.SH
2025-03-10,15.69,15.88,15.52,15.88,180000551,2928916870,0.874,-1.0591900311526459,601899.SH
2025-03-11,15.95,16.11,15.69,16.08,162398213,2687231259,0.789,1.2594458438287104,601899.SH
2025-03-12,16.27,16.46,16.13,16.34,209768213,3559737981,1.019,1.6169154228855787,601899.SH
2025-03-13,16.76,16.99,16.56,16.85,298981573,5219104860,1.452,3.1211750305997654,601899.SH
2025-03-16,16.86,17.06,16.49,16.59,236776268,4111730675,1.15,-1.543026706231465,601899.SH
2025-03-17,16.77,17.3,16.73,17.12,255205982,4520896346,1.24,3.19469559975889,601899.SH
2025-03-18,17.14,17.4,17.05,17.4,189285223,3390128165,0.919,1.635514018691575,601899.SH
2025-03-19,17.64,17.76,17.36,17.51,232578991,4235118472,1.13,0.6321839080460023,601899.SH
2025-03-20,17.35,17.41,16.77,16.93,251475387,4440714113,1.221,-3.3123929183323964,601899.SH
2025-03-23,17.02,17.68,16.85,17.4,269625162,4868638361,1.31,2.7761370348493797,601899.SH
2025-03-24,17.4,17.75,17.28,17.73,226625130,4130000623,1.101,1.8965517241379404,601899.SH
2025-03-25,18.02,18.27,17.44,17.54,322922397,5979045487,1.569,-1.0716300056401673,601899.SH
2025-03-26,17.25,17.47,16.96,17.21,225531363,4013993131,1.095,-1.8814139110604255,601899.SH
2025-03-27,17.4,17.67,17.16,17.5,186364433,3365891159,0.905,1.685066821615333,601899.SH
2025-03-30,17.41,17.65,17.33,17.46,160677554,2912951502,0.78,-0.22857142857142243,601899.SH
2025-03-31,17.54,17.67,17.15,17.28,153422653,2760335772,0.745,-1.0309278350515427,601899.SH
2025-04-01,17.12,17.2,16.81,16.87,158099014,2787581793,0.768,-2.372685185185186,601899.SH
2025-04-02,16.72,16.85,16.26,16.49,216426825,3702083025,1.051,-2.252519264967412,601899.SH
2025-04-06,14.84,15.28,14.84,14.85,488035941,7566671764,2.37,-9.945421467556093,601899.SH
2025-04-07,14.98,15.37,14.66,15.37,373360740,5849553136,1.813,3.5016835016834946,601899.SH
2025-04-08,14.98,15.34,14.64,15.34,446712674,6914703375,2.17,-0.19518542615484247,601899.SH
2025-04-09,15.95,16.24,15.78,16.14,359139490,5968607761,1.744,5.2151238591916504,601899.SH
2025-04-10,16.53,16.68,16.36,16.53,271836755,4652651213,1.32,2.4163568773234223,601899.SH
2025-04-13,16.76,17.35,16.49,16.99,333600634,5893332636,1.62,2.7828191167573957,601899.SH
2025-04-14,17.0,17.06,16.65,17.01,190553769,3344171353,0.926,0.11771630370809305,601899.SH
2025-04-15,17.25,17.33,16.79,17.1,207456482,3650843291,1.008,0.5291005291005346,601899.SH
2025-04-16,17.47,17.64,17.02,17.17,310531684,5565604082,1.508,0.4093567251461927,601899.SH
2025-04-17,17.01,17.13,16.72,16.98,139917652,2455099399,0.68,-1.106581246359939,601899.SH
2025-04-20,17.13,17.95,17.12,17.93,317461127,5795921288,1.542,5.594817432273258,601899.SH
2025-04-21,18.03,18.08,17.74,17.83,253360332,4706807753,1.231,-0.5577244841048601,601899.SH
2025-04-22,17.4,17.62,17.09,17.14,293150084,5268423261,1.424,-3.869882220975873,601899.SH
2025-04-23,17.24,17.4,16.99,17.03,114585259,2039355686,0.557,-0.6417736289381581,601899.SH
2025-04-24,17.15,17.32,16.94,17.01,121525902,2157484304,0.59,-0.11743981209629828,601899.SH
2025-04-27,16.87,17.1,16.74,17.02,96878753,1703950167,0.471,0.05878894767783471,601899.SH
2025-04-28,17.03,17.13,16.91,16.99,74056269,1306248214,0.36,-0.1762632197414904,601899.SH
2025-04-29,16.91,16.94,16.73,16.83,84994445,1485278902,0.413,-0.9417304296645113,601899.SH
2025-05-05,17.11,17.19,16.96,17.12,141363782,2507104911,0.687,1.7231134878193943,601899.SH
2025-05-06,17.43,17.46,17.15,17.4,172407911,3099054919,0.837,1.635514018691575,601899.SH
2025-05-07,17.25,17.41,17.12,17.12,112295257,2009443545,0.545,-1.6091954022988353,601899.SH
2025-05-08,17.04,17.14,16.94,17.01,106486863,1879773997,0.517,-0.6425233644859807,601899.SH
2025-05-11,16.87,17.13,16.78,17.07,122213982,2152353540,0.594,0.3527336860670083,601899.SH
2025-05-12,16.96,17.19,16.77,17.12,116346891,2052948977,0.565,0.29291154071471315,601899.SH
2025-05-13,17.12,17.26,17.1,17.25,104341328,1861378084,0.507,0.7593457943925186,601899.SH
2025-05-14,17.07,17.14,16.73,16.86,139381293,2441491000,0.677,-2.260869565217394,601899.SH
2025-05-15,16.95,17.0,16.73,16.79,95709975,1671055557,0.465,-0.41518386714116673,601899.SH
2025-05-18,16.8,16.92,16.65,16.79,75758800,1317585529,0.368,0.0,601899.SH
2025-05-19,16.79,17.05,16.78,16.83,102796244,1803452365,0.499,0.2382370458606342,601899.SH
2025-05-20,17.05,17.84,17.04,17.82,260461493,4740421663,1.265,5.882352941176494,601899.SH
2025-05-21,17.71,18.0,17.69,17.91,133536115,2474875038,0.649,0.5050505050504972,601899.SH
2025-05-22,17.87,18.02,17.77,17.92,120687210,2242456153,0.586,0.05583472920156485,601899.SH
2025-05-25,17.83,18.19,17.81,17.89,112661379,2101696214,0.547,-0.16741071428572063,601899.SH
2025-05-26,17.86,17.97,17.04,17.23,172685616,3109952084,0.839,-3.6892118501956395,601899.SH
2025-05-27,17.15,17.44,17.06,17.33,99196119,1781588539,0.482,0.5803830528148479,601899.SH
2025-05-28,17.18,17.4,17.14,17.17,90447963,1620696748,0.439,-0.9232544720138347,601899.SH
2025-05-29,17.29,17.41,17.02,17.09,93355937,1661300677,0.453,-0.4659289458357696,601899.SH
2025-06-02,17.41,17.62,17.31,17.41,139522376,2527617872,0.678,1.8724400234054972,601899.SH
2025-06-03,17.41,17.66,17.36,17.43,83166310,1511055079,0.404,0.11487650775416913,601899.SH
2025-06-04,17.49,17.64,17.21,17.23,89338691,1608518640,0.434,-1.1474469305794543,601899.SH
2025-06-05,17.34,17.59,17.27,17.48,133465047,2419433517,0.648,1.4509576320371531,601899.SH
2025-06-08,17.32,17.48,16.99,17.32,191491555,3414969028,0.93,-0.9153318077803174,601899.SH
2025-06-09,17.25,17.71,17.25,17.61,150608310,2737833239,0.732,1.6743648960738877,601899.SH
2025-06-10,17.61,18.03,17.57,17.98,128368795,2379279500,0.624,2.1010789324247714,601899.SH
2025-06-11,18.04,18.78,17.95,18.75,208562950,3996991742,1.013,4.282536151279204,601899.SH
2025-06-12,18.83,18.94,18.62,18.72,187887432,3600553501,0.913,-0.16000000000000458,601899.SH
2025-06-15,18.72,18.73,18.28,18.4,133058304,2515363536,0.646,-1.7094017094017144,601899.SH
2025-06-16,18.37,18.55,18.28,18.45,84091698,1583811953,0.408,0.27173913043478937,601899.SH
2025-06-17,18.44,18.56,18.17,18.36,93199839,1745951006,0.453,-0.4878048780487809,601899.SH
2025-06-18,18.33,18.36,17.96,17.96,101642948,1886496711,0.494,-2.178649237472763,601899.SH
2025-06-19,18.02,18.2,17.93,18.0,87653782,1616157436,0.426,0.22271714922048602,601899.SH
2025-06-22,18.04,18.21,17.87,18.1,98516925,1822688315,0.479,0.5555555555555536,601899.SH
2025-06-23,18.02,18.53,17.99,18.13,128702412,2406116067,0.625,0.16574585635358297,601899.SH
2025-06-24,18.17,18.58,18.04,18.57,122599826,2307853545,0.595,2.426916712631,601899.SH
2025-06-25,18.48,18.79,18.3,18.56,127312211,2417631358,0.618,-0.0538502961766385,601899.SH
2025-06-26,18.77,19.61,18.77,19.34,239148155,4716275892,1.162,4.2025862068965525,601899.SH
2025-06-29,19.34,19.39,18.97,19.07,138727042,2709722688,0.674,-1.3960703205791125,601899.SH
2025-06-30,19.25,19.48,18.95,19.46,123933416,2435566618,0.602,2.0450970110120537,601899.SH
2025-07-01,19.46,19.98,19.36,19.72,170369637,3436875926,0.828,1.336073997944487,601899.SH
2025-07-02,19.92,20.04,19.63,19.84,137380888,2785493758,0.667,0.6085192697768749,601899.SH
2025-07-03,19.62,19.84,19.4,19.6,135855626,2725507573,0.66,-1.2096774193548265,601899.SH
2025-07-06,19.52,19.58,19.27,19.36,83467474,1658374033,0.405,-1.224489795918382,601899.SH
2025-07-07,19.43,19.6,19.31,19.38,97073377,1928723033,0.472,0.10330578512396382,601899.SH
2025-07-08,19.45,19.45,18.45,18.48,333834833,6397298173,1.622,-4.643962848297212,601899.SH
2025-07-09,18.5,18.63,18.39,18.42,189327293,3578751386,0.92,-0.32467532467531646,601899.SH
2025-07-10,18.47,18.77,18.44,18.47,218170375,4142641757,1.06,0.271444082518979,601899.SH
2025-07-13,18.84,18.91,18.59,18.66,230591713,4419734339,1.12,1.0286951813752054,601899.SH
2025-07-14,18.64,18.72,18.4,18.7,153148319,2913086812,0.744,0.2143622722400762,601899.SH
2025-07-15,18.72,18.75,18.56,18.72,92688429,1768546654,0.45,0.10695187165774556,601899.SH
2025-07-16,18.71,18.76,18.56,18.65,117455881,2240891162,0.571,-0.3739316239316226,601899.SH
2025-07-17,18.76,19.26,18.6,19.04,222955191,4335117130,1.083,2.0911528150133973,601899.SH
2025-07-20,19.13,19.39,19.07,19.35,173022988,3404209889,0.84,1.628151260504218,601899.SH
2025-07-21,19.48,19.93,19.37,19.8,202578981,4070444891,0.984,2.3255813953488413,601899.SH
2025-07-22,19.98,20.03,19.66,19.76,181222474,3672351323,0.88,-0.20202020202019222,601899.SH
2025-07-23,19.56,19.82,19.39,19.67,161026871,3227202050,0.782,-0.45546558704453455,601899.SH
2025-07-24,19.52,19.62,19.37,19.41,125296458,2494451752,0.609,-1.321809862735135,601899.SH
2025-07-27,19.27,19.36,19.0,19.36,143705129,2826138227,0.698,-0.25759917568264346,601899.SH
2025-07-28,19.16,19.3,19.08,19.16,129687009,2540208532,0.63,-1.0330578512396604,601899.SH
2025-07-29,19.16,19.54,19.16,19.38,154361848,3064213164,0.75,1.148225469728592,601899.SH
2025-07-30,19.08,19.09,18.61,18.72,208764256,4005043931,1.014,-3.4055727554179627,601899.SH
2025-07-31,18.68,19.0,18.63,18.83,121999050,2351099357,0.593,0.5876068376068355,601899.SH
2025-08-03,19.14,19.5,19.07,19.44,173825988,3441252666,0.844,3.2395114179500917,601899.SH
2025-08-04,19.55,19.58,19.33,19.43,113838689,2261663413,0.553,-0.051440329218110925,601899.SH
2025-08-05,19.37,19.8,19.34,19.71,142803170,2872001337,0.694,1.4410705095213583,601899.SH
2025-08-06,19.71,19.91,19.52,19.85,131718225,2654382864,0.64,0.7102993404363378,601899.SH
2025-08-07,19.91,20.24,19.85,20.08,127651036,2618565637,0.62,1.1586901763223967,601899.SH
2025-08-10,20.05,20.05,19.74,19.8,140992044,2864111116,0.685,-1.3944223107569598,601899.SH
2025-08-11,19.77,20.1,19.69,19.85,117353420,2391313473,0.57,0.2525252525252597,601899.SH
2025-08-12,20.0,20.7,19.95,20.55,185834096,3897572686,0.903,3.5264483627204024,601899.SH
2025-08-13,20.56,21.05,20.5,20.7,138815217,2948194291,0.674,0.7299270072992581,601899.SH
2025-08-14,20.48,21.08,20.41,20.82,170980482,3639984797,0.83,0.5797101449275477,601899.SH
2025-08-17,20.83,20.9,20.34,20.34,261095278,5491225050,1.268,-2.3054755043227737,601899.SH
2025-08-18,20.35,20.67,19.83,19.88,235250121,4846967844,1.1427,-2.2615535889872196,601899.SH
2025-08-19,19.88,20.11,19.74,20.1,168298578,3431781958,0.8175,1.106639839034207,601899.SH
2025-08-20,20.25,20.34,20.05,20.14,128648595,2656358870,0.6249,0.19900497512437276,601899.SH
2025-08-21,20.19,20.3,20.0,20.2,148995531,3068477130,0.7237,0.2979145978152964,601899.SH
2025-08-24,20.58,21.76,20.58,21.72,306329955,6684074080,1.4879,7.524752475247531,601899.SH
2025-08-25,21.7,22.05,21.47,21.89,184883107,4120538086,0.898,0.7826887661141813,601899.SH
2025-08-26,21.99,22.78,21.82,22.03,238891020,5439362667,1.1603,0.6395614435815489,601899.SH
2025-08-27,22.04,22.38,21.72,22.02,173370467,3907967187,0.8421,-0.0453926463912957,601899.SH
2025-08-28,22.31,22.96,22.2,22.57,250412819,5782016977,1.2163,2.497729336966392,601899.SH
2025-08-31,23.37,24.1,22.89,23.84,376321765,9088067647,1.8279,5.626938413823668,601899.SH
2025-09-01,24.22,24.52,23.45,23.87,343891358,8418441905,1.6704,0.1258389261745041,601899.SH
2025-09-02,24.54,24.94,23.85,24.39,307190816,7639539377,1.4921,2.1784666945957154,601899.SH
2025-09-03,24.25,24.62,22.87,23.34,387755285,9324657061,1.8834,-4.305043050430513,601899.SH
2025-09-04,23.26,24.85,23.26,24.71,345232193,8563917229,1.6769,5.869751499571563,601899.SH
2025-09-07,25.13,25.23,23.88,24.09,317257933,7917464171,1.541,-2.5091056252529387,601899.SH
2025-09-08,24.44,25.28,24.2,24.63,353351554,8945036383,1.7163,2.241594022415927,601899.SH
2025-09-09,24.01,24.7,23.97,24.62,224391250,5601726779,1.0899,-0.04060089321964444,601899.SH
2025-09-10,24.69,25.17,24.52,25.14,250428471,6371900233,1.2164,2.1121039805036546,601899.SH
2025-09-11,25.42,25.77,24.87,25.08,326266858,8437739638,1.5847,-0.23866348448687846,601899.SH
2025-09-14,24.97,25.52,24.74,24.93,240898187,6197208655,1.1701,-0.5980861244019087,601899.SH
2025-09-15,25.52,25.57,24.34,24.76,312802939,7930713746,1.5194,-0.6819093461692627,601899.SH
2025-09-16,24.56,24.73,24.2,24.51,209214970,5229817966,1.0162,-1.0096930533117887,601899.SH
2025-09-17,24.13,24.48,23.57,23.88,263192155,6485158842,1.2784,-2.5703794369645094,601899.SH
2025-09-18,23.88,24.59,23.88,24.46,202176273,5031694021,0.982,2.4288107202680154,601899.SH
2025-09-21,24.93,24.99,24.3,24.81,194423251,4893950898,0.9444,1.430907604251841,601899.SH
2025-09-22,25.03,25.79,24.69,25.25,276108202,7111485401,1.3411,1.773478436114484,601899.SH
2025-09-23,25.25,25.35,24.92,25.35,168002837,4324307319,0.816,0.3960396039603964,601899.SH
2025-09-24,26.3,27.03,26.1,26.66,395322724,10746355716,1.9202,5.167652859960548,601899.SH
2025-09-25,26.5,27.73,26.31,26.79,282057194,7783995639,1.37,0.4876219054763764,601899.SH
2025-09-28,27.09,28.22,26.92,28.13,399793958,11348209387,1.9419,5.00186636804778,601899.SH
2025-09-29,29.14,29.44,28.32,29.01,385888298,11322434110,1.8743,3.1283327408460737,601899.SH
2025-10-08,30.76,31.91,30.32,31.91,509343384,16065595632,2.474,9.996552912788692,601899.SH
2025-10-09,31.04,31.53,29.91,30.42,466020625,14488772296,2.2636,-4.6693826386712605,601899.SH
2025-10-12,29.61,31.19,29.44,30.84,417573019,12791497915,2.0282,1.380670611439827,601899.SH
2025-10-13,31.93,32.17,28.72,29.07,539236050,16576942201,2.6192,-5.7392996108949434,601899.SH
2025-10-14,29.52,30.74,28.95,30.53,365641142,11059689469,1.776,5.022359821121425,601899.SH
2025-10-15,30.54,30.91,29.62,30.02,289900966,8890666662,1.4081,-1.6704880445463477,601899.SH
2025-10-16,30.66,30.84,29.59,29.73,304443734,9293026129,1.4787,-0.9660226515656234,601899.SH
2025-10-19,28.97,29.85,28.57,29.31,297341006,8845608485,1.4442,-1.4127144298688221,601899.SH
2025-10-20,29.95,30.33,29.37,29.61,261648588,7927327603,1.2709,1.0235414534288667,601899.SH
2025-10-21,27.78,29.17,27.78,29.02,315355482,9158923058,1.5317,-1.9925700776764588,601899.SH
2025-10-22,28.6,29.49,28.14,29.26,246528306,7195142824,1.1974,0.8270158511371584,601899.SH
2025-10-23,29.61,29.86,29.32,29.59,186969778,5613321506,0.9082,1.1278195488721776,601899.SH
2025-10-26,29.68,30.84,29.68,30.55,290246620,8975329655,1.4098,3.244339303818866,601899.SH
2025-10-27,30.05,30.34,29.37,29.4,264245245,7986327533,1.2835,-3.764320785597386,601899.SH
2025-10-28,29.61,30.59,29.57,30.51,211650959,6463154654,1.028,3.7755102040816446,601899.SH
2025-10-29,30.33,31.14,30.17,30.65,276672292,8630460755,1.3439,0.4588659455915911,601899.SH
2025-10-30,30.65,30.83,30.0,30.05,174923110,5380173288,0.8496,-1.9575856443719397,601899.SH
2025-11-02,29.67,29.89,28.45,29.56,236191270,6968610609,1.1472,-1.630615640599009,601899.SH
2025-11-03,29.07,29.34,28.18,28.36,268031747,7788693365,1.3019,-4.059539918809197,601899.SH
2025-11-04,27.51,28.82,27.41,28.58,215461356,6171176199,1.0465,0.7757404795486478,601899.SH
2025-11-05,28.58,29.36,28.5,29.26,178969843,5281857227,0.8693,2.3792862141357674,601899.SH
2025-11-06,29.25,29.81,29.19,29.73,149756654,4498419194,0.7274,1.6062884483937,601899.SH
2025-11-09,30.35,30.5,29.44,29.73,188511170,5707821666,0.9156,0.0,601899.SH
2025-11-10,30.12,30.23,29.07,29.19,166437726,4968850126,0.8084,-1.816347124117046,601899.SH
2025-11-11,29.19,29.62,28.72,29.06,136428812,4037371771,0.6627,-0.44535799931484377,601899.SH
2025-11-12,29.36,30.66,29.27,30.27,280933594,8597741661,1.3646,4.163799036476257,601899.SH
2025-11-13,29.66,29.98,29.38,29.58,166166770,5009890531,0.8071,-2.279484638255702,601899.SH
2025-11-16,29.29,29.48,28.44,28.56,215994374,6311373290,1.0491,-3.4482758620689613,601899.SH
2025-11-17,28.28,28.53,27.8,27.97,173339754,4945509143,0.8419,-2.0658263305322166,601899.SH
2025-11-18,28.32,29.12,28.28,28.91,192184477,5608158691,0.9335,3.3607436539149216,601899.SH
2025-11-19,28.97,29.24,28.48,28.55,133141833,3887558725,0.6467,-1.2452438602559623,601899.SH
2025-11-20,28.05,28.44,27.59,27.73,188729249,5347653775,0.9167,-2.872154115586689,601899.SH
2025-11-23,28.02,28.08,27.22,27.59,170834281,4782114495,0.8298,-0.5048683736025961,601899.SH
2025-11-24,28.05,28.46,27.99,28.09,147447601,4217260552,0.7162,1.8122508155128614,601899.SH
2025-11-25,28.24,28.35,27.93,28.01,159012608,4530158086,0.7724,-0.2847988608045471,601899.SH
2025-11-26,28.38,28.77,28.08,28.18,163629659,4722632921,0.7948,0.6069260978222024,601899.SH
2025-11-27,28.37,28.66,27.98,28.16,197543456,5668367755,0.9595,-0.07097232079489313,601899.SH
2025-11-30,29.07,30.22,28.97,29.62,360052973,10853439596,1.7489,5.184659090909083,601899.SH
2025-12-01,29.46,29.54,29.02,29.3,154872515,4605561852,0.7522,-1.080351114112088,601899.SH
2025-12-02,29.41,29.82,29.28,29.53,191128690,5730973207,0.9284,0.7849829351535886,601899.SH
2025-12-03,30.39,30.92,30.08,30.24,272859568,8436844624,1.3253,2.40433457500846,601899.SH
2025-12-04,30.14,31.03,30.02,30.86,233471095,7266652269,1.134,2.050264550264558,601899.SH
2025-12-07,30.94,31.14,30.49,31.04,206802386,6478217451,1.0045,0.5832793259883395,601899.SH
2025-12-08,30.72,30.77,29.74,29.95,199092649,6086281908,0.967,-3.5115979381443285,601899.SH
2025-12-09,30.15,30.4,29.76,30.3,117020933,3574713139,0.5684,1.1686143572620988,601899.SH
2025-12-10,30.74,31.48,30.3,30.51,240772514,7547700504,1.1694,0.6930693069306937,601899.SH
2025-12-11,31.21,31.33,30.89,31.24,221174285,6991527058,1.0741,2.3926581448705297,601899.SH
2025-12-14,30.8,31.41,30.6,30.95,169135179,5322761827,0.8213,-0.9282970550576142,601899.SH
2025-12-15,30.57,30.76,29.68,29.88,158390333,4835673794,0.7689,-3.4571890145395856,601899.SH
2025-12-16,30.1,30.73,29.95,30.42,176971055,5445493456,0.859,1.8072289156626509,601899.SH
2025-12-17,30.38,30.89,30.2,30.52,138009297,4284607520,0.6699,0.32873109796185407,601899.SH
2025-12-18,30.39,30.92,29.96,30.66,165672924,5145607364,0.8042,0.4587155963302836,601899.SH
2025-12-21,31.23,32.3,31.18,32.05,244513190,7919680420,1.1869,4.533594259621654,601899.SH
2025-12-22,32.58,32.61,31.43,31.62,270289444,8780138586,1.312,-1.341653666146636,601899.SH
2025-12-23,32.06,32.17,31.52,31.84,192710736,6215340061,0.9354,0.6957621758380661,601899.SH
2025-12-24,31.52,31.67,31.36,31.56,127456719,4074543520,0.6187,-0.8793969849246297,601899.SH
2025-12-25,32.12,33.27,32.07,33.04,286198912,9525910109,1.3893,4.689480354879594,601899.SH
2025-12-28,33.66,33.8,32.1,32.17,357553987,11915266398,1.7356,-2.633171912832921,601899.SH
2025-12-29,31.09,32.99,31.07,32.93,243802377,7987341211,1.1835,2.3624494870997825,601899.SH
2025-12-30,32.99,34.84,32.9,33.96,341188218,11802518174,1.6562,3.1278469480716664,601899.SH
2026-01-04,34.78,35.12,33.77,34.88,310393547,10870304747,1.5067,2.7090694935217874,601899.SH
2026-01-05,35.47,37.15,35.42,37.05,356727240,13191911958,1.7316,6.221330275229331,601899.SH
2026-01-06,37.05,37.15,35.85,36.18,357303577,13193716321,1.7344,-2.348178137651813,601899.SH
2026-01-07,35.67,36.47,35.27,35.77,241558498,8780062617,1.1726,-1.133222775013809,601899.SH
2026-01-08,35.47,37.12,35.45,36.67,280579041,10408944354,1.362,2.5160749231199375,601899.SH
2026-01-11,37.66,37.82,36.49,36.71,296496371,11080991362,1.4392,0.10908099263702287,601899.SH
2026-01-12,36.85,38.33,36.75,37.68,310778171,11880717250,1.5086,2.6423317897030785,601899.SH
2026-01-13,38.04,39.27,37.8,37.94,425650213,16559300265,2.0662,0.6900212314224996,601899.SH
2026-01-14,37.7,38.86,37.15,37.69,386081844,14866320795,1.8741,-0.658935160780183,601899.SH
2026-01-15,37.76,38.54,36.52,36.92,394777811,14983152839,1.9163,-2.042982223401424,601899.SH
2026-01-18,37.07,37.23,35.96,36.71,253275235,9435738071,1.2294,-0.5687973997833162,601899.SH
2026-01-19,36.71,37.22,35.68,36.76,307457067,11371613762,1.4924,0.1362026695723051,601899.SH
2026-01-20,37.21,37.92,36.81,37.57,389167286,14764599259,1.8891,2.2034820457018656,601899.SH
2026-01-21,36.95,37.32,36.54,37.11,273949936,10271227690,1.3298,-1.2243811551770012,601899.SH
2026-01-22,37.83,37.94,36.8,37.01,386296331,14650946052,1.8751,-0.269469145782808,601899.SH
2026-01-25,38.17,39.89,38.16,38.92,663514398,26266248687,3.2208,5.1607673601729465,601899.SH
2026-01-26,39.64,42.05,39.1,40.01,728498239,29909324699,3.5362,2.800616649537502,601899.SH
2026-01-27,40.79,41.96,40.0,41.68,652283303,27284833175,3.1663,4.17395651087229,601899.SH
2026-01-28,43.15,44.28,40.7,42.81,772867209,33302754098,3.7516,2.7111324376199786,601899.SH
2026-01-29,40.6,41.74,38.55,39.55,670344076,27139836259,3.254,-7.6150432142022995,601899.SH
2026-02-01,36.33,38.16,35.74,36.07,714043570,26686182363,3.4661,-8.798988621997461,601899.SH
2026-02-02,37.29,38.38,36.54,38.24,476610292,18074059120,2.3135,6.016079844746325,601899.SH
2026-02-03,38.92,39.4,38.11,38.59,326736566,12844681833,1.586,0.9152719665272091,601899.SH
2026-02-04,37.57,37.94,36.03,36.9,358373108,13407074875,1.7396,-4.379372894532274,601899.SH
2026-02-05,35.03,37.27,34.98,36.64,327774843,12107002619,1.5911,-0.7046070460704601,601899.SH
2026-02-08,37.93,38.31,37.47,38.06,263947637,10154292817,1.2812,3.8755458515283836,601899.SH
2026-02-09,38.41,38.82,37.96,38.24,199657082,7764448264,0.9692,0.4729374671571085,601899.SH
2026-02-10,38.03,39.21,38.0,38.9,222867441,8776312502,1.0818,1.7259414225941239,601899.SH
2026-02-11,38.99,39.84,38.91,39.17,235575945,9408329694,1.1435,0.6940874035989752,601899.SH
2026-02-12,37.7,38.47,37.14,37.23,338033354,12921954036,1.6409,-4.952769977023241,601899.SH
2026-02-23,38.91,39.07,38.41,38.74,246745985,9708527864,1.1977,4.055868922911654,601899.SH
2026-02-24,38.82,39.67,38.29,39.05,289709530,11504589065,1.4063,0.8002065049044882,601899.SH
2026-02-25,39.31,39.37,38.37,38.79,199066355,7823516137,0.9663,-0.6658130601792545,601899.SH
2026-02-26,38.63,39.46,38.44,38.97,242060189,9578332570,1.175,0.46403712296982924,601899.SH
2026-03-01,39.81,40.3,38.53,40.17,477513379,19141647926,2.3179,3.0792917628945427,601899.SH
2026-03-02,39.76,39.76,38.09,38.29,414093799,16292699001,2.0101,-4.680109534478472,601899.SH
2026-03-03,37.15,38.32,36.93,37.4,312570216,11903458655,1.5173,-2.324366675372158,601899.SH
2026-03-04,37.9,37.92,36.65,37.12,260659922,9848036258,1.2653,-0.7486631016042855,601899.SH
2026-03-05,36.47,36.93,35.71,36.56,253947012,9355468298,1.2327,-1.5086206896551602,601899.SH
2026-03-08,35.4,36.13,34.35,35.87,390629022,13905252662,1.8962,-1.887308533916865,601899.SH
2026-03-09,36.44,36.99,36.26,36.59,201312398,7475371505,0.9772,2.0072483969891364,601899.SH
2026-03-10,36.95,37.09,36.5,36.69,148131269,5525146811,0.7191,0.2732987154960176,601899.SH
2026-03-11,36.25,36.62,35.82,36.21,189113008,6945680402,0.918,-1.3082583810302473,601899.SH
2026-03-12,35.67,36.4,35.08,35.25,247120530,8945230520,1.1996,-2.6512013256006606,601899.SH
2026-03-15,34.53,34.65,33.11,34.24,420731337,14442170094,2.0423,-2.8652482269503454,601899.SH
2026-03-16,34.22,35.03,34.16,34.39,225377550,7928547667,1.094,0.43808411214953935,601899.SH
2026-03-17,34.23,34.49,33.85,34.41,199024835,6908825842,0.9661,0.05815644082580729,601899.SH
2026-03-18,32.76,33.4,31.65,31.85,527935447,17350969312,2.5627,-7.439697762278397,601899.SH
2026-03-19,31.73,32.37,30.97,31.19,385034283,12363274179,1.869,-2.072213500784925,601899.SH
2026-03-22,29.77,30.88,29.36,30.13,493304305,15108766718,2.3946,-3.3985251683231854,601899.SH
2026-03-23,30.79,31.91,30.46,31.73,457264529,14480403099,2.2196,5.310321938267504,601899.SH
2026-03-24,33.01,33.48,32.6,32.75,410615187,13780664760,1.9932,3.214623384809334,601899.SH
2026-03-25,32.61,32.75,31.36,31.62,305047347,9885918296,1.4807,-3.450381679389314,601899.SH
2026-03-26,31.04,32.24,31.04,31.99,228246664,7382514204,1.1079,1.1701454775458586,601899.SH
2026-03-29,31.73,32.32,31.41,32.3,236900973,7676270899,1.1499,0.9690528290090539,601899.SH
2026-03-30,32.5,33.01,32.12,32.24,253105884,8352940021,1.2286,-0.18575851393187737,601899.SH
2026-03-31,33.36,34.07,33.13,33.65,323703092,11014637163,1.5712,4.373449131513629,601899.SH
2026-04-01,33.49,33.49,32.22,32.63,258942623,8604391360,1.2569,-3.0312035661218317,601899.SH
2026-04-02,32.76,32.84,32.34,32.43,141999112,4683625567,0.6893,-0.6129328838492265,601899.SH
2026-04-06,32.32,32.61,31.86,31.93,150649750,4901834797,0.7312,-1.5417823003391895,601899.SH
2026-04-07,33.5,34.25,33.5,34.11,407954111,14077391635,1.9802,6.82743501409333,601899.SH
2026-04-08,33.49,33.69,33.25,33.4,220659003,7488451267,1.0711,-2.0815010260920586,601899.SH
2026-04-09,33.73,34.07,33.21,33.26,237571039,8070605534,1.1532,-0.41916167664670656,601899.SH
2026-04-12,32.89,33.3,32.82,33.17,176532051,5921734291,0.8569,-0.2705953096812874,601899.SH
2026-04-13,33.98,34.44,33.85,34.29,298845659,10362404695,1.4506,3.376545070847148,601899.SH
2026-04-14,35.23,35.47,34.3,34.4,299179203,10597722636,1.4522,0.320793234179062,601899.SH
2026-04-15,34.49,34.87,34.49,34.78,200941248,7078128969,0.9754,1.104651162790704,601899.SH
2026-04-16,34.49,34.59,33.99,34.22,215582788,7492782654,1.0464,-1.6101207590569322,601899.SH
2026-04-19,34.35,34.77,34.19,34.31,225640293,7890139009,1.0952,0.26300409117476775,601899.SH
2026-04-20,34.47,35.16,33.99,35.14,311979120,10987224052,1.5143,2.4191197901486383,601899.SH
2026-04-21,35.15,35.33,34.72,35.01,372392006,13254782857,1.8076,-0.36994877632328116,601899.SH
2026-04-22,35.04,35.04,33.64,33.9,356644945,12339162919,1.7311,-3.170522707797774,601899.SH
2026-04-23,33.52,33.92,33.04,33.81,257793364,8744204171,1.2513,-0.26548672566371057,601899.SH
2026-04-26,33.5,33.75,32.99,33.07,231088530,7790164441,1.1217,-2.188701567583562,601899.SH
2026-04-27,32.84,32.97,32.4,32.47,207009177,6855447844,1.0048,-1.8143332325370465,601899.SH
2026-04-28,32.07,33.7,32.03,33.64,303499456,10185682535,1.4732,3.6033261472128153,601899.SH
2026-04-29,33.21,33.52,32.6,32.81,240389930,8043586832,1.1668,-2.467300832342445,601899.SH
2026-05-05,33.01,33.88,32.72,33.71,399072032,13470799258,1.9371,2.743066138372452,601899.SH
2026-05-06,34.33,34.65,33.62,33.95,336041354,11621995194,1.6311,0.7119549095224054,601899.SH
2026-05-07,33.52,34.49,33.34,34.29,301248207,10371098900,1.4622,1.00147275405007,601899.SH
2026-05-10,34.04,34.21,33.35,33.77,303709653,10395756359,1.4742,-1.51647710702828,601899.SH
2026-05-11,34.45,34.81,33.99,34.07,416946021,14588128305,2.0238,0.8883624518803535,601899.SH
2026-05-12,34.59,34.73,33.94,34.15,322480278,11214811350,1.5653,0.23481068388611082,601899.SH
2026-05-13,33.98,34.25,33.01,33.03,276948107,9403243412,1.3443,-3.27964860907759,601899.SH
2026-05-14,32.51,32.52,31.04,31.37,448282207,14440316753,2.1759,-5.025734181047536,601899.SH
2026-05-17,30.45,30.91,30.26,30.84,288798694,8937256919,1.4018,-1.6895122728721734,601899.SH
2026-05-18,30.84,30.93,30.19,30.7,180860114,5597109995,0.8779,-0.45395590142671693,601899.SH
2026-05-19,30.08,30.19,29.48,29.94,314489728,9501730628,1.5265,-2.475570032573282,601899.SH
2026-05-20,30.46,30.79,29.49,29.55,295615483,9083222840,1.4349,-1.3026052104208485,601899.SH
2026-05-21,29.72,30.68,29.44,30.51,268103856,8208476892,1.3014,3.248730964467006,601899.SH
2026-05-24,31.18,31.53,30.63,30.89,284046195,8946274059,1.3787,1.2454932808915187,601899.SH
2026-05-25,30.7,32.5,30.57,32.42,443721556,14319468465,2.1538,4.95305924247329,601899.SH
2026-05-26,32.1,32.41,31.07,31.16,261696590,8367170296,1.2703,-3.8864898210980936,601899.SH
2026-05-27,30.55,30.74,29.64,30.26,310990946,9528322163,1.5095,-2.8883183568677695,601899.SH
2026-05-28,30.86,30.92,29.74,29.99,261024987,7984251977,1.267,-0.8922670191672255,601899.SH
2026-05-31,29.78,30.25,29.68,29.75,175162167,5318626880,0.8502,-0.8002667555851883,601899.SH
2026-06-01,29.91,31.27,29.68,31.12,333321356,10347790078,1.6179,4.605042016806715,601899.SH
2026-06-02,30.56,31.35,30.5,30.81,252980267,7954143964,1.228,-0.9961439588689003,601899.SH
2026-06-03,30.45,30.5,29.78,29.9,206216550,6275998578,1.001,-2.9535864978902926,601899.SH
2026-06-04,29.86,30.4,29.1,29.2,271621254,8155837777,1.3184,-2.341137123745818,601899.SH
2026-06-07,27.87,28.31,27.18,27.64,377532024,10652472482,1.8325,-5.342465753424652,601899.SH
2026-06-08,27.73,28.11,27.2,28.05,251316131,7048918830,1.2199,1.4833574529667048,601899.SH
2026-06-09,27.2,27.59,26.8,27.29,304408769,8386456563,1.4776,-2.7094474153297687,601899.SH
2026-06-10,26.8,27.28,26.41,26.93,323143136,8806739113,1.5685,-1.3191645291315446,601899.SH
2026-06-11,27.68,29.32,27.4,28.66,509853858,14717983134,2.4748,6.424062383958407,601899.SH
2026-06-14,30.09,30.89,29.95,30.85,571475639,17720187950,2.7739,7.641311933007677,601899.SH
2026-06-15,30.55,30.64,29.76,29.85,292271461,8968397192,1.4187,-3.241491085899517,601899.SH
2026-06-16,30.05,30.5,29.68,29.98,222981724,6805840566,1.0823,0.4355108877721836,601899.SH
2026-06-17,29.52,30.53,28.85,29.25,362067490,10845890995,1.7575,-2.434956637758512,601899.SH
2026-06-21,28.82,30.05,28.13,29.99,391847595,11601709249,1.902,2.5299145299145342,601899.SH
2026-06-22,29.51,29.56,27.23,27.34,494740171,14086399528,2.4014,-8.836278759586524,601899.SH
2026-06-23,27.01,27.56,26.93,27.24,284609577,7851243196,1.3815,-0.3657644476956934,601899.SH
2026-06-24,26.12,26.37,25.35,25.54,576069979,15037198570,2.7962,-6.240822320117467,601899.SH
2026-06-25,25.9,25.9,24.86,25.1,352820827,8938947881,1.7126,-1.7227877838684291,601899.SH
