date,open,high,low,close,volume
2016-10-17,15.211,15.272,14.992,15.022,29356.0
2016-10-18,15.038,15.267,14.987,15.237,34574.0
2016-10-19,15.329,15.354,15.119,15.186,23601.0
2016-10-20,15.186,15.237,15.084,15.181,24284.0
2016-10-21,15.349,15.385,15.022,15.196,30232.0
2016-10-24,15.165,15.385,15.135,15.247,40341.0
2016-10-25,15.313,15.39,15.227,15.385,41673.0
2016-10-26,15.324,15.369,15.165,15.288,36482.0
2016-10-27,15.267,15.267,15.084,15.145,28860.0
2016-10-28,15.119,15.237,15.058,15.074,29403.0
2016-10-31,14.987,15.022,14.681,14.772,31725.0
2016-11-01,14.696,14.88,14.696,14.875,27893.0
2016-11-02,14.808,14.808,14.604,14.66,34821.0
2016-11-03,14.635,14.808,14.538,14.706,46618.0
2016-11-04,14.691,14.875,14.66,14.869,38516.0
2016-11-07,14.834,14.966,14.65,14.711,26836.0
2016-11-08,14.941,15.038,14.829,14.849,33061.0
2016-11-09,14.854,14.931,14.446,14.522,47736.0
2016-11-10,14.67,14.727,14.609,14.655,40654.0
2016-11-11,14.625,14.625,14.344,14.477,74171.0
2016-11-14,14.369,14.655,14.369,14.635,65504.0
2016-11-15,14.665,14.701,14.477,14.696,51957.0
2016-11-16,14.818,15.262,14.747,15.002,93205.0
2016-11-17,15.017,15.017,14.257,14.308,188207.0
2016-11-18,14.308,14.446,14.283,14.39,65094.0
2016-11-21,14.42,14.512,14.339,14.364,44678.0
2016-11-22,14.359,14.471,14.257,14.461,61542.0
2016-11-23,14.471,14.558,14.334,14.441,67499.0
2016-11-24,14.441,14.446,14.267,14.278,44634.0
2016-11-25,14.206,14.242,13.844,14.201,63879.0
2016-11-28,14.216,14.252,14.017,14.125,42030.0
2016-11-29,14.063,14.063,13.88,13.905,51998.0
2016-11-30,14.002,14.191,13.936,14.043,51814.0
2016-12-01,14.114,14.119,13.966,14.038,36191.0
2016-12-02,14.043,14.063,13.604,13.609,50788.0
2016-12-05,13.553,13.589,13.415,13.522,34394.0
2016-12-06,13.528,13.635,13.492,13.594,25152.0
2016-12-07,13.563,13.568,13.431,13.558,36245.0
2016-12-08,13.655,13.706,13.548,13.599,39902.0
2016-12-09,13.548,13.553,13.426,13.446,27092.0
2016-12-12,13.451,13.482,12.538,12.579,66666.0
2016-12-13,12.533,12.584,12.191,12.487,43822.0
2016-12-14,12.522,12.522,12.283,12.313,25435.0
2016-12-15,12.334,12.568,12.313,12.461,27949.0
2016-12-16,12.395,12.676,12.308,12.584,35116.0
2016-12-19,12.543,12.574,12.227,12.278,42314.0
2016-12-20,12.293,12.359,12.074,12.227,29003.0
2016-12-21,12.227,12.42,12.227,12.344,28011.0
2016-12-22,12.344,12.502,12.298,12.492,27889.0
2016-12-23,12.502,12.676,12.4,12.471,40860.0
2016-12-26,12.369,12.375,12.074,12.308,36891.0
2016-12-27,12.227,12.41,12.227,12.288,21141.0
2016-12-28,12.293,12.461,12.196,12.318,25843.0
2016-12-29,12.329,12.558,12.267,12.426,29335.0
2016-12-30,12.441,12.522,12.303,12.441,25495.0
2017-01-03,12.461,12.594,12.456,12.517,26123.0
2017-01-04,12.522,12.522,12.074,12.349,76571.0
2017-01-05,12.359,12.477,12.237,12.257,41271.0
2017-01-06,12.257,12.288,11.961,11.971,53951.0
2017-01-09,11.961,11.961,11.665,11.869,53673.0
2017-01-10,11.747,11.793,11.415,11.471,162482.0
2017-01-11,11.461,11.471,10.92,10.936,132507.0
2017-01-12,10.9,11.038,10.9,10.987,58672.0
2017-01-13,11.002,11.038,10.619,10.63,62497.0
2017-01-16,10.543,10.568,9.64,10.053,98301.0
2017-01-17,9.977,10.415,9.829,10.339,68685.0
2017-01-18,10.267,10.41,10.186,10.293,36099.0
2017-01-19,10.227,10.528,10.135,10.364,52207.0
2017-01-20,10.313,10.747,10.298,10.63,67007.0
2017-01-23,10.599,10.88,10.568,10.798,47743.0
2017-01-24,10.824,11.359,10.824,10.966,90387.0
2017-01-25,10.9,10.992,10.752,10.869,29880.0
2017-01-26,10.905,11.079,10.88,10.971,25613.0
2017-02-03,10.951,11.145,10.915,11.012,29580.0
2017-02-06,10.982,11.114,10.859,11.043,31992.0
2017-02-07,11.033,11.094,10.89,10.946,28577.0
2017-02-08,10.951,11.012,10.721,10.966,33204.0
2017-02-09,11.028,11.252,10.961,11.181,54319.0
2017-02-10,11.206,11.206,10.956,10.977,45523.0
2017-02-13,10.971,11.135,10.89,10.956,40251.0
2017-02-14,10.92,11.048,10.89,10.91,29215.0
2017-02-15,10.951,10.956,10.645,10.65,43048.0
2017-02-16,10.594,10.706,10.446,10.686,52480.0
2017-02-17,10.625,10.696,10.441,10.497,33913.0
2017-02-20,10.517,11.349,10.502,10.982,107425.0
2017-02-21,10.956,11.155,10.91,11.094,66998.0
2017-02-22,11.063,11.39,11.058,11.354,84086.0
2017-02-23,11.354,11.497,11.196,11.242,60299.0
2017-02-24,11.242,11.41,11.221,11.267,44024.0
2017-02-27,11.313,11.584,11.084,11.14,63421.0
2017-02-28,11.15,11.293,11.058,11.176,34818.0
2017-03-01,11.17,11.267,11.104,11.211,33532.0
2017-03-02,11.293,11.359,11.002,11.063,48776.0
2017-03-03,11.063,11.339,11.007,11.334,65552.0
2017-03-06,11.436,11.849,11.431,11.803,114362.0
2017-03-07,11.824,12.17,11.767,12.135,135140.0
2017-03-08,12.13,12.13,11.818,11.91,80886.0
2017-03-09,11.91,12.252,11.655,12.227,106354.0
2017-03-10,12.242,12.635,12.022,12.028,136135.0
2017-03-13,11.839,12.375,11.834,12.247,98298.0
2017-03-14,12.349,12.625,12.252,12.548,143845.0
2017-03-15,12.431,12.502,12.252,12.324,83325.0
2017-03-16,12.354,12.625,12.329,12.477,73856.0
2017-03-17,12.461,12.762,12.431,12.492,108260.0
2017-03-20,12.471,12.568,12.104,12.257,87493.0
2017-03-21,12.176,12.247,12.053,12.094,57533.0
2017-03-22,11.971,12.221,11.926,12.038,54887.0
2017-03-23,12.043,12.594,12.022,12.395,126957.0
2017-03-24,12.41,12.456,12.15,12.339,50289.0
2017-03-27,12.482,12.599,12.318,12.38,51313.0
2017-03-28,12.339,12.579,12.242,12.482,64502.0
2017-03-29,12.487,12.528,12.165,12.176,55819.0
2017-03-30,12.13,12.17,11.512,11.614,81720.0
2017-03-31,11.614,11.824,11.563,11.67,39267.0
2017-04-05,11.604,13.012,11.604,13.012,230800.0
2017-04-06,13.65,13.65,12.706,12.752,270214.0
2017-04-07,12.92,13.793,12.686,13.599,279289.0
2017-04-10,13.4,14.298,13.196,13.971,318079.0
2017-04-11,13.798,15.237,13.686,14.181,338832.0
2017-04-12,13.803,13.849,13.094,13.17,231083.0
2017-04-13,13.022,13.543,13.017,13.247,110528.0
2017-04-14,13.339,13.67,13.079,13.64,157037.0
2017-04-17,13.451,13.803,13.145,13.334,114593.0
2017-04-18,13.237,13.543,12.767,12.834,113557.0
2017-04-19,12.645,12.767,12.033,12.267,132293.0
2017-04-20,12.267,12.405,12.079,12.344,73274.0
2017-04-21,12.369,12.466,12.084,12.104,57366.0
2017-04-24,11.941,11.982,11.002,11.344,85481.0
2017-04-25,11.308,11.66,11.063,11.313,83651.0
2017-04-26,11.451,11.701,11.339,11.594,68591.0
2017-04-27,11.543,12.048,11.104,12.007,102481.0
2017-04-28,11.716,12.022,11.716,11.905,57923.0
2017-05-02,11.9,12.038,11.721,11.982,52512.0
2017-05-03,11.982,13.354,11.727,12.864,214142.0
2017-05-04,12.533,12.89,12.405,12.625,132619.0
2017-05-05,12.471,12.533,11.604,11.645,127283.0
2017-05-08,11.645,11.645,11.206,11.308,73570.0
2017-05-09,11.211,11.701,11.155,11.589,58250.0
2017-05-10,11.604,11.691,10.951,10.992,71059.0
2017-05-11,10.839,10.844,10.14,10.65,99975.0
2017-05-12,10.681,10.864,10.589,10.655,51070.0
2017-05-15,10.982,11.451,10.89,11.262,104427.0
2017-05-16,11.145,11.568,11.053,11.538,92371.0
2017-05-17,11.579,12.298,11.538,12.038,145220.0
2017-05-18,11.834,12.461,11.762,11.926,134672.0
2017-05-19,12.089,12.752,11.875,12.665,209996.0
2017-05-22,12.466,12.63,11.732,11.803,171644.0
2017-05-23,11.645,11.762,10.977,11.033,124732.0
2017-05-24,10.915,11.502,10.655,11.492,93018.0
2017-05-25,11.451,12.043,11.364,11.982,131075.0
2017-05-26,11.92,13.349,11.818,13.349,253950.0
2017-05-31,14.104,14.329,12.982,13.119,517362.0
2017-06-01,13.206,13.747,12.732,13.221,333146.0
2017-06-02,12.803,13.528,12.354,13.395,295272.0
2017-06-05,13.39,13.875,12.956,13.012,271683.0
2017-06-06,12.727,12.869,12.369,12.604,197607.0
2017-06-07,12.619,13.313,12.619,13.181,238801.0
2017-06-08,13.165,13.676,12.915,13.181,265141.0
2017-06-09,13.191,13.227,12.676,12.992,162672.0
2017-06-12,12.88,12.971,12.594,12.614,111765.0
2017-06-13,12.645,13.074,12.645,12.941,141072.0
2017-06-14,12.864,13.028,12.696,12.824,109860.0
2017-06-15,12.772,13.176,12.716,12.987,134404.0
2017-06-16,12.931,13.068,12.574,12.609,117160.0
2017-06-19,12.604,12.813,12.39,12.548,122778.0
2017-06-20,12.609,12.88,12.533,12.599,117133.0
2017-06-21,12.548,12.65,12.104,12.16,153198.0
2017-06-22,12.16,12.512,11.961,12.038,138290.0
2017-06-23,12.017,12.13,11.584,11.859,110360.0
2017-06-26,11.92,12.298,11.875,12.165,110250.0
2017-06-27,12.089,12.216,11.859,12.104,101342.0
2017-06-28,12.099,12.66,11.681,12.625,190098.0
2017-06-29,12.471,13.206,12.441,12.818,234460.0
2017-06-30,12.686,12.992,12.589,12.645,122553.0
2017-07-03,12.604,12.89,12.579,12.854,104260.0
2017-07-04,12.834,12.849,12.359,12.385,140534.0
2017-07-05,12.298,12.364,12.094,12.354,106480.0
2017-07-06,12.293,12.563,12.221,12.375,99221.0
2017-07-07,12.364,12.446,12.114,12.211,83143.0
2017-07-10,12.232,12.237,11.946,11.997,76147.0
2017-07-11,11.987,12.262,11.941,12.017,67695.0
2017-07-12,11.961,12.114,11.594,11.88,94147.0
2017-07-13,11.88,12.007,11.732,11.798,61441.0
2017-07-14,11.706,11.778,11.568,11.63,68133.0
2017-07-17,11.502,11.502,10.538,10.563,135512.0
2017-07-18,10.533,10.9,10.466,10.824,71821.0
2017-07-19,10.824,11.012,10.599,10.936,60686.0
2017-07-20,10.941,11.125,10.767,10.844,64775.0
2017-07-21,11.186,11.533,11.176,11.216,137482.0
2017-07-24,11.094,11.272,10.946,11.257,78540.0
2017-07-25,11.298,11.334,10.992,11.084,51085.0
2017-07-26,11.079,11.186,10.864,10.966,47833.0
2017-07-27,10.946,11.395,10.818,11.344,94964.0
2017-07-28,11.344,11.42,11.068,11.109,66298.0
2017-07-31,11.043,11.242,10.956,10.997,65350.0
2017-08-01,10.992,11.14,10.9,11.053,54024.0
2017-08-02,11.068,11.13,10.829,10.849,62611.0
2017-08-03,10.788,11.084,10.788,10.92,49980.0
2017-08-04,10.88,11.017,10.803,10.818,48255.0
2017-08-07,10.747,11.007,10.747,10.91,39807.0
2017-08-08,10.9,11.14,10.9,11.094,61914.0
2017-08-09,11.084,11.446,11.053,11.349,103973.0
2017-08-10,11.293,11.375,10.803,10.854,120475.0
2017-08-11,10.829,10.941,10.655,10.742,63371.0
2017-08-14,10.747,11.329,10.747,11.272,116933.0
2017-08-15,11.288,11.324,11.114,11.211,66050.0
2017-08-16,11.237,11.625,11.176,11.507,140607.0
2017-08-17,11.426,12.272,11.349,11.869,234504.0
2017-08-18,11.721,12.313,11.655,12.048,176263.0
2017-08-21,12.278,13.426,12.074,13.426,262786.0
2017-08-22,14.242,14.354,13.267,13.283,640094.0
2017-08-23,13.38,13.517,12.681,12.721,351375.0
2017-08-24,12.798,12.926,12.497,12.599,223879.0
2017-08-25,12.522,12.91,12.471,12.747,188832.0
2017-08-28,12.574,13.237,12.487,12.818,259629.0
2017-08-29,12.676,12.681,12.375,12.502,181986.0
2017-08-30,12.431,13.017,12.431,12.849,193749.0
2017-08-31,12.772,13.186,12.767,12.941,158953.0
2017-09-01,13.201,13.487,12.992,13.364,265160.0
2017-09-04,13.803,14.869,13.803,14.058,472643.0
2017-09-05,14.461,15.635,14.461,15.4,733283.0
2017-09-06,15.028,15.211,14.471,15.063,560250.0
2017-09-07,14.869,16.094,14.727,15.165,581747.0
2017-09-08,15.13,15.42,14.247,14.599,369578.0
2017-09-11,14.543,14.864,14.41,14.752,229177.0
2017-09-12,14.757,15.558,14.487,15.308,433601.0
2017-09-13,15.15,15.502,15.012,15.191,265653.0
2017-09-14,15.099,16.135,15.028,15.701,447292.0
2017-09-15,15.625,16.288,15.303,15.752,398186.0
2017-09-18,15.737,16.313,15.584,16.293,375411.0
2017-09-19,16.329,16.441,15.334,15.4,361117.0
2017-09-20,15.186,15.824,14.824,15.487,294193.0
2017-09-21,15.487,16.125,15.354,15.405,270342.0
2017-09-22,15.436,15.92,15.38,15.589,220975.0
2017-09-25,15.584,15.711,14.793,14.844,217035.0
2017-09-26,14.727,15.007,14.308,14.681,171476.0
2017-09-27,14.783,15.517,14.681,15.39,241010.0
2017-09-28,15.992,17.099,15.839,17.099,640820.0
2017-09-29,16.66,17.293,16.543,17.109,401161.0
2017-10-09,18.022,18.441,17.206,17.267,398806.0
2017-10-10,17.155,17.92,17.038,17.732,261747.0
2017-10-11,17.931,18.66,16.91,16.946,377414.0
2017-10-12,16.67,17.538,16.604,17.318,271642.0
2017-10-13,17.471,18.905,17.471,18.599,495877.0
2017-10-16,18.727,19.553,18.283,18.681,424252.0
2017-10-17,18.64,19.206,18.492,18.721,252243.0
2017-10-18,18.604,18.936,17.497,17.517,335203.0
2017-10-19,17.701,18.099,17.461,17.589,215563.0
2017-10-20,17.293,18.043,17.165,18.002,171137.0
2017-10-23,18.288,19.053,18.288,18.732,227561.0
2017-10-24,18.67,18.67,17.65,17.926,238544.0
2017-10-25,17.926,18.38,17.778,18.201,172321.0
2017-10-26,17.982,18.808,17.803,18.686,231667.0
2017-10-27,18.619,18.798,18.369,18.543,140292.0
2017-10-30,18.645,18.813,17.931,18.308,208080.0
2017-10-31,17.956,18.39,17.247,18.201,252403.0
2017-11-01,18.17,20.191,17.931,19.987,508013.0
2017-11-02,19.757,20.344,19.574,19.829,313812.0
2017-11-03,19.67,21.334,19.67,20.395,374648.0
2017-11-06,20.737,21.318,20.15,20.88,291752.0
2017-11-07,21.247,23.14,21.206,23.14,508302.0
2017-11-08,23.165,24.752,23.135,23.181,529607.0
2017-11-09,23.14,23.941,23.033,23.895,331354.0
2017-11-10,23.9,24.579,23.385,23.941,322221.0
2017-11-13,23.783,26.507,23.558,26.502,422213.0
2017-11-14,26.349,26.951,25.099,25.594,399630.0
2017-11-15,24.568,24.839,22.885,23.298,520521.0
2017-11-16,23.441,24.502,23.441,23.808,384295.0
2017-11-17,23.543,25.058,22.563,23.196,373345.0
2017-11-20,23.543,25.176,23.216,25.135,374925.0
2017-11-21,25.176,26.043,24.385,25.553,366267.0
2017-11-22,25.176,27.063,24.706,25.686,410683.0
2017-11-23,25.431,25.477,23.39,23.711,328446.0
2017-11-24,23.446,24.385,21.17,21.553,329615.0
2017-11-27,21.512,21.808,19.971,20.313,328303.0
2017-11-28,20.329,21.732,20.278,21.533,321467.0
2017-11-29,21.318,21.38,19.614,20.492,322316.0
2017-11-30,20.252,21.16,19.875,20.487,226403.0
2017-12-01,20.405,21.747,20.405,21.313,286029.0
2017-12-04,21.696,21.936,20.635,21.568,260686.0
2017-12-05,21.043,21.4,19.461,20.089,338889.0
2017-12-06,20.012,20.834,19.589,20.696,291194.0
2017-12-07,20.482,20.579,19.691,19.798,218754.0
2017-12-08,19.788,20.574,19.732,20.13,271072.0
2017-12-11,20.762,20.915,20.237,20.625,249186.0
2017-12-12,20.788,21.288,20.471,20.869,277733.0
2017-12-13,20.737,21.181,20.405,21.114,187140.0
2017-12-14,21.068,21.237,20.584,20.92,190364.0
2017-12-15,21.15,22.038,21.15,21.303,359762.0
2017-12-18,20.992,21.074,19.002,19.002,416208.0
2017-12-19,18.706,19.191,18.022,18.635,323759.0
2017-12-20,18.39,18.747,18.084,18.426,186393.0
2017-12-21,18.461,19.354,18.237,19.135,247661.0
2017-12-22,19.14,19.625,18.951,19.415,176135.0
2017-12-25,19.206,19.272,18.41,18.67,183313.0
2017-12-26,18.568,18.941,18.038,18.783,171999.0
2017-12-27,18.645,19.033,18.288,18.329,156481.0
2017-12-28,18.247,18.727,18.043,18.242,158000.0
2017-12-29,18.257,19.028,18.257,18.818,199322.0
2018-01-02,19.119,19.364,18.599,19.135,160144.0
2018-01-03,19.201,20.043,18.956,20.028,267500.0
2018-01-04,19.982,20.242,19.793,20.012,213436.0
2018-01-05,20.227,21.176,19.982,20.017,262550.0
2018-01-08,19.716,19.813,19.048,19.39,189837.0
2018-01-09,19.41,19.64,19.104,19.599,127603.0
2018-01-10,19.512,19.563,18.084,18.553,238331.0
2018-01-11,18.39,19.247,18.125,19.176,212656.0
2018-01-12,19.094,19.104,18.4,18.451,145633.0
2018-01-15,18.237,18.339,16.553,16.966,261290.0
2018-01-16,16.91,17.369,16.625,16.997,207926.0
2018-01-17,16.997,17.334,16.339,17.007,239808.0
2018-01-18,16.711,17.15,16.66,16.808,120644.0
2018-01-19,16.869,17.283,16.706,16.783,132667.0
2018-01-22,16.772,17.446,16.426,17.257,200587.0
2018-01-23,17.16,17.558,17.114,17.492,155706.0
2018-01-24,17.471,19.359,17.221,19.247,337519.0
2018-01-25,19.079,19.716,18.951,19.114,288179.0
2018-01-26,19.053,19.609,18.91,19.364,186343.0
2018-01-29,19.426,19.961,18.15,18.436,257891.0
2018-01-30,18.288,18.941,18.186,18.67,144763.0
2018-01-31,18.441,18.946,17.579,17.701,190500.0
2018-02-01,17.829,18.334,17.267,17.579,206155.0
2018-02-02,17.767,18.783,17.191,18.39,215041.0
2018-02-05,18.063,18.385,17.375,17.436,198739.0
2018-02-06,16.4,16.834,15.543,15.665,281327.0
2018-02-07,16.242,16.375,15.522,16.053,190133.0
2018-02-08,16.043,16.742,15.895,16.589,159425.0
2018-02-09,15.824,16.783,15.824,16.303,191417.0
2018-02-12,16.563,17.38,16.426,17.181,157816.0
2018-02-13,17.471,17.834,17.007,17.074,160771.0
2018-02-14,17.242,17.676,17.119,17.522,119696.0
2018-02-22,17.67,18.64,17.339,18.39,201520.0
2018-02-23,18.186,18.487,17.931,18.262,149187.0
2018-02-26,18.364,19.905,18.364,19.533,331246.0
2018-02-27,19.665,20.543,19.431,19.492,367822.0
2018-02-28,19.272,20.522,19.237,20.283,290600.0
2018-03-01,20.022,21.89,19.875,21.482,417781.0
2018-03-02,21.262,22.522,21.007,21.66,373053.0
2018-03-05,22.074,23.67,21.66,23.522,379306.0
2018-03-06,23.793,23.793,22.522,23.012,368481.0
2018-03-07,22.869,23.436,22.42,22.721,260443.0
2018-03-08,22.721,23.216,22.196,22.522,236899.0
2018-03-09,22.548,24.247,22.446,23.553,364106.0
2018-03-12,23.798,24.426,23.288,23.793,296902.0
2018-03-13,23.553,25.778,23.522,24.772,379748.0
2018-03-14,24.563,25.114,23.033,23.176,355793.0
2018-03-15,23.272,23.528,22.446,23.502,320002.0
2018-03-16,23.359,23.686,22.522,22.737,241006.0
2018-03-19,23.033,24.568,23.033,23.645,385545.0
2018-03-20,23.17,24.247,23.074,23.834,269124.0
2018-03-21,23.844,24.298,22.982,23.022,315420.0
2018-03-22,23.237,23.951,22.727,23.176,326934.0
2018-03-23,22.191,22.88,20.961,21.946,370828.0
2018-03-26,22.247,24.155,22.028,24.084,373704.0
2018-03-27,24.369,26.068,23.966,25.793,505565.0
2018-03-28,25.267,26.119,25.125,25.844,334044.0
2018-03-29,25.905,26.334,24.665,25.334,312400.0
2018-03-30,25.594,26.548,25.522,26.201,339059.0
2018-04-02,26.385,26.793,25.477,25.522,367283.0
2018-04-03,24.813,25.063,24.002,24.839,324753.0
2018-04-04,24.88,25.221,24.16,24.686,238370.0
2018-04-09,24.655,25.068,23.431,24.67,251440.0
2018-04-10,24.681,24.742,23.492,24.084,223270.0
2018-04-11,24.431,24.701,23.65,23.89,208934.0
2018-04-12,23.992,24.155,23.038,23.196,213857.0
2018-04-13,23.466,24.022,22.997,23.788,221101.0
2018-04-16,23.507,25.737,23.451,25.721,424246.0
2018-04-17,25.997,27.145,24.257,25.181,422476.0
2018-04-18,25.329,27.869,24.67,27.869,604377.0
2018-04-19,27.522,28.38,27.079,27.272,426723.0
2018-04-20,27.089,28.517,26.864,27.533,366608.0
2018-04-23,27.829,27.869,24.961,25.574,417216.0
2018-04-24,25.298,26.992,24.778,26.824,313870.0
2018-04-25,25.834,26.329,25.482,25.645,337150.0
2018-04-26,25.778,26.329,24.512,24.568,324652.0
2018-04-27,24.869,24.92,23.125,23.798,359543.0
2018-05-02,23.844,24.869,23.798,24.665,213357.0
2018-05-03,24.318,25.074,23.375,24.961,232298.0
2018-05-04,25.216,25.966,24.9,24.926,267392.0
2018-05-07,24.956,25.252,24.563,25.063,213742.0
2018-05-08,25.048,25.048,23.997,24.385,194247.0
2018-05-09,24.308,25.099,24.119,24.737,149750.0
2018-05-10,24.88,24.88,23.696,23.987,191740.0
2018-05-11,23.859,24.339,23.604,23.885,122345.0
2018-05-14,23.63,24.405,23.339,23.38,185032.0
2018-05-15,23.41,24.038,23.053,24.017,168837.0
2018-05-16,23.839,24.028,23.528,23.635,123207.0
2018-05-17,23.696,24.028,23.517,23.747,103224.0
2018-05-18,23.721,23.818,22.604,23.053,179386.0
2018-05-21,22.829,24.099,22.818,23.89,184980.0
2018-05-22,23.793,24.206,23.696,23.936,117649.0
2018-05-23,23.829,24.711,23.737,23.992,208343.0
2018-05-24,24.002,24.155,23.594,23.609,117527.0
2018-05-25,23.594,23.594,22.65,22.67,148844.0
2018-05-28,22.318,22.614,21.579,21.982,150519.0
2018-05-29,22.038,22.461,21.706,21.824,107912.0
2018-05-30,21.849,22.385,21.502,21.599,142948.0
2018-05-31,21.788,21.854,20.533,21.329,183886.0
2018-06-01,21.17,21.349,20.665,20.762,146651.0
2018-06-04,20.875,21.272,20.482,20.926,123102.0
2018-06-05,20.992,21.91,20.992,21.895,151717.0
2018-06-06,21.808,22.201,21.66,21.951,131748.0
2018-06-07,22.058,22.114,21.604,21.691,77071.0
2018-06-08,21.732,22.502,21.456,22.288,177892.0
2018-06-11,22.063,22.614,21.987,22.196,134943.0
2018-06-12,22.216,22.517,21.65,22.436,114943.0
2018-06-13,22.364,22.966,22.206,22.262,132946.0
2018-06-14,22.068,22.471,21.859,22.084,101322.0
2018-06-15,22.119,22.267,21.043,21.375,155350.0
2018-06-19,20.966,21.609,19.074,19.752,193936.0
2018-06-20,19.512,20.354,19.206,19.997,144916.0
2018-06-21,19.89,20.109,18.405,18.507,183469.0
2018-06-22,18.39,19.318,18.074,18.747,134497.0
2018-06-25,19.043,19.237,18.686,18.762,100411.0
2018-06-26,18.543,20.329,18.318,20.079,209063.0
2018-06-27,19.992,20.885,19.849,20.237,190457.0
2018-06-28,20.135,20.716,19.869,19.9,149651.0
2018-06-29,20.227,21.793,20.022,21.742,229246.0
2018-07-02,21.757,22.507,21.308,21.844,227873.0
2018-07-03,21.706,23.517,21.466,22.829,267597.0
2018-07-04,22.579,22.839,22.043,22.206,178286.0
2018-07-05,22.048,22.88,21.528,21.839,174504.0
2018-07-06,21.966,23.074,21.813,22.16,248503.0
2018-07-09,21.885,22.849,21.885,22.482,184037.0
2018-07-10,22.466,22.793,22.17,22.456,122012.0
2018-07-11,22.063,22.262,20.885,21.436,201649.0
2018-07-12,21.471,23.747,21.451,23.747,270559.0
2018-07-13,24.354,24.354,23.543,24.165,320936.0
2018-07-16,24.42,25.135,24.109,24.155,292172.0
2018-07-17,24.257,25.109,24.007,25.058,243186.0
2018-07-18,24.956,25.053,24.063,24.119,221977.0
2018-07-19,23.951,24.283,23.38,24.099,150573.0
2018-07-20,23.977,25.91,23.747,25.221,277122.0
2018-07-23,25.38,26.497,25.216,25.849,260405.0
2018-07-24,25.864,26.145,25.206,25.793,167251.0
2018-07-25,25.762,26.625,25.64,25.829,159740.0
2018-07-26,25.625,25.625,24.104,24.461,217759.0
2018-07-27,24.257,24.579,23.696,24.298,162432.0
2018-07-30,24.206,24.548,23.278,23.706,144822.0
2018-07-31,23.737,23.966,23.344,23.808,103939.0
2018-08-01,23.727,25.043,23.727,24.165,206010.0
2018-08-02,24.058,24.604,23.237,24.405,208326.0
2018-08-03,24.196,24.461,22.824,22.844,177975.0
2018-08-06,22.818,23.074,21.987,22.283,144720.0
2018-08-07,22.313,23.436,22.155,23.395,152228.0
2018-08-08,23.272,23.619,22.727,22.864,118816.0
2018-08-09,22.706,25.278,22.579,24.849,295246.0
2018-08-10,24.742,25.339,24.619,25.293,214993.0
2018-08-13,24.885,25.905,24.696,25.783,247446.0
2018-08-14,25.487,25.533,24.543,24.747,185852.0
2018-08-15,24.619,24.803,24.033,24.221,156020.0
2018-08-16,23.528,24.415,23.278,23.334,170047.0
2018-08-17,23.67,23.936,22.415,22.512,161862.0
2018-08-20,22.405,23.176,22.114,23.089,122267.0
2018-08-21,23.109,23.451,22.701,23.186,110320.0
2018-08-22,23.068,23.732,22.895,23.007,109469.0
2018-08-23,23.487,25.38,23.487,24.716,277515.0
2018-08-24,24.716,25.074,24.436,24.757,165703.0
2018-08-27,24.747,25.431,24.676,24.992,210039.0
2018-08-28,25.405,25.88,24.88,25.119,187293.0
2018-08-29,25.278,25.329,24.512,24.971,132171.0
2018-08-30,24.92,25.262,24.436,24.66,139245.0
2018-08-31,24.614,25.655,24.466,25.063,222900.0
2018-09-03,24.808,26.237,24.114,26.237,264195.0
2018-09-04,25.895,26.63,25.783,26.068,285925.0
2018-09-05,26.135,26.512,25.619,25.619,190706.0
2018-09-06,25.431,26.084,25.155,25.441,176121.0
2018-09-07,25.574,26.17,22.931,23.206,402262.0
2018-09-10,22.982,23.084,22.17,22.359,201545.0
2018-09-11,22.471,22.982,22.385,22.793,121992.0
2018-09-12,22.808,23.135,22.191,22.313,128400.0
2018-09-13,22.63,22.956,21.39,22.436,184251.0
2018-09-14,22.344,22.415,21.237,21.288,198763.0
2018-09-17,21.119,21.538,20.992,21.38,103244.0
2018-09-18,21.267,22.41,21.196,22.339,165326.0
2018-09-19,22.267,23.099,22.099,22.502,170860.0
2018-09-20,22.558,22.946,22.216,22.441,103267.0
2018-09-21,22.563,22.737,21.849,22.543,130882.0
2018-09-25,22.318,23.022,22.221,22.711,123133.0
2018-09-26,22.579,23.007,22.369,22.854,119936.0
2018-09-27,22.824,23.002,22.063,22.084,142339.0
2018-09-28,22.227,22.395,21.609,22.257,100769.0
2018-10-08,21.441,21.589,20.079,20.176,182577.0
2018-10-09,20.517,20.88,19.961,20.609,126404.0
2018-10-10,20.436,20.926,19.701,20.502,139123.0
2018-10-11,19.538,20.053,18.696,19.15,178442.0
2018-10-12,19.089,19.859,18.727,19.696,152457.0
2018-10-15,19.716,20.262,19.63,19.665,116126.0
2018-10-16,19.752,19.977,18.186,18.625,184383.0
2018-10-17,19.135,19.512,18.574,19.344,176829.0
2018-10-18,19.094,19.482,18.686,19.17,115618.0
2018-10-19,18.926,20.533,18.721,20.278,199722.0
2018-10-22,20.936,21.834,20.548,21.349,211006.0
2018-10-23,21.482,21.482,20.64,20.803,162499.0
2018-10-24,20.742,21.033,20.482,20.706,106201.0
2018-10-25,19.563,19.88,18.665,19.64,194829.0
2018-10-26,19.788,20.063,18.956,19.272,113237.0
2018-10-29,19.191,19.696,18.885,19.206,89261.0
2018-10-30,19.155,19.451,18.033,19.063,155582.0
2018-10-31,19.196,19.767,19.017,19.466,127153.0
2018-11-01,20.609,21.033,20.227,20.522,251433.0
2018-11-02,21.145,21.579,20.686,21.063,203411.0
2018-11-05,20.89,21.385,20.375,20.788,132092.0
2018-11-06,20.686,20.686,20.063,20.584,92772.0
2018-11-07,20.614,21.17,20.42,20.609,145393.0
2018-11-08,20.92,20.941,20.283,20.308,98494.0
2018-11-09,20.278,20.533,20.104,20.247,64824.0
2018-11-12,19.155,20.329,19.13,20.278,158321.0
2018-11-13,19.869,20.201,19.487,19.839,157288.0
2018-11-14,19.829,20.38,19.829,19.982,132884.0
2018-11-15,19.864,21.216,19.788,21.068,199010.0
2018-11-16,21.094,21.752,20.946,21.247,220641.0
2018-11-19,21.145,21.471,20.676,21.16,114418.0
2018-11-20,20.793,21.114,20.283,20.512,173350.0
2018-11-21,20.262,20.415,19.946,20.318,120188.0
2018-11-22,20.329,20.859,20.278,20.706,125643.0
2018-11-23,20.701,20.701,19.522,19.747,134357.0
2018-11-26,19.568,19.966,19.41,19.614,75820.0
2018-11-27,19.839,20.369,19.599,19.92,137719.0
2018-11-28,19.778,20.012,19.4,19.926,93159.0
2018-11-29,20.165,20.227,19.262,19.288,105681.0
2018-11-30,19.257,19.359,18.283,18.778,187262.0
2018-12-03,19.466,19.849,19.232,19.829,164316.0
2018-12-04,19.767,19.885,19.334,19.517,128974.0
2018-12-05,19.038,19.4,18.956,19.14,98047.0
2018-12-06,18.997,18.997,18.288,18.39,165929.0
2018-12-07,18.543,18.696,18.293,18.466,85353.0
2018-12-10,18.237,18.359,17.987,18.048,102670.0
2018-12-11,18.165,18.313,18.063,18.252,65827.0
2018-12-12,18.339,18.39,18.16,18.186,55672.0
2018-12-13,18.283,18.676,18.104,18.528,103703.0
2018-12-14,18.38,18.441,18.063,18.227,95411.0
2018-12-17,18.186,18.487,18.074,18.487,74077.0
2018-12-18,18.364,19.053,18.349,18.609,141084.0
2018-12-19,18.711,18.747,18.201,18.216,79115.0
2018-12-20,18.14,18.369,18.084,18.227,64728.0
2018-12-21,18.16,18.349,18.063,18.15,64488.0
2018-12-24,18.15,18.329,17.997,18.329,73292.0
2018-12-25,18.063,18.211,17.497,17.971,117475.0
2018-12-26,17.926,18.074,17.594,17.604,73044.0
2018-12-27,17.956,18.119,17.293,17.308,106549.0
2018-12-28,17.369,17.415,16.548,16.645,150890.0
2019-01-02,16.645,16.752,16.415,16.65,81938.0
2019-01-03,16.665,16.818,16.318,16.375,83916.0
2019-01-04,16.043,17.145,15.89,16.951,144214.0
2019-01-07,16.961,17.676,16.885,17.502,197503.0
2019-01-08,17.405,17.614,17.145,17.181,102626.0
2019-01-09,17.344,17.803,17.176,17.39,132907.0
2019-01-10,17.318,17.369,16.808,16.9,113035.0
2019-01-11,16.966,17.13,16.727,16.839,94867.0
2019-01-14,16.859,16.9,16.079,16.104,142728.0
2019-01-15,16.048,16.522,16.048,16.492,106539.0
2019-01-16,16.502,17.446,16.477,16.987,215464.0
2019-01-17,17.063,17.109,16.63,16.727,102651.0
2019-01-18,16.834,16.961,16.482,16.895,101395.0
2019-01-21,16.895,17.757,16.885,17.742,214049.0
2019-01-22,17.665,17.727,17.293,17.375,130827.0
2019-01-23,17.267,17.568,17.176,17.39,83414.0
2019-01-24,17.4,18.543,17.4,17.997,274382.0
2019-01-25,17.982,18.339,17.824,17.859,151130.0
2019-01-28,18.084,18.436,17.869,17.936,115416.0
2019-01-29,17.732,17.844,17.14,17.665,127336.0
2019-01-30,17.599,18.074,17.267,17.38,86560.0
2019-01-31,17.543,18.211,17.471,17.829,153141.0
2019-02-01,17.829,18.42,17.369,18.313,175635.0
2019-02-11,18.339,19.4,18.339,19.288,196256.0
2019-02-12,19.359,19.676,19.048,19.456,171243.0
2019-02-13,19.655,20.471,19.655,19.808,248207.0
2019-02-14,19.849,20.329,19.609,20.125,148763.0
2019-02-15,20.058,20.502,19.716,19.818,144711.0
2019-02-18,20.094,20.732,19.931,20.645,174916.0
2019-02-19,20.645,20.966,20.221,20.548,181048.0
2019-02-20,20.39,20.512,19.798,20.058,154060.0
2019-02-21,19.905,20.854,19.905,20.16,202862.0
2019-02-22,20.125,21.094,20.012,21.094,208268.0
2019-02-25,21.604,23.094,21.599,22.487,346499.0
2019-02-26,22.42,23.849,22.028,22.951,330511.0
2019-02-27,22.772,23.339,21.915,22.313,290980.0
2019-02-28,22.114,22.517,21.655,21.951,170437.0
2019-03-01,22.221,22.313,21.66,22.15,125736.0
2019-03-04,23.089,23.594,22.522,22.783,323689.0
2019-03-05,22.977,25.227,22.931,25.227,439614.0
2019-03-06,26.15,27.88,25.793,26.88,583984.0
2019-03-07,27.4,28.533,26.145,26.915,517826.0
2019-03-08,25.89,29.772,25.818,29.043,719803.0
2019-03-11,30.701,31.221,27.216,29.461,585463.0
2019-03-12,29.461,31.982,28.982,31.114,471757.0
2019-03-13,31.247,31.247,27.88,28.084,415557.0
2019-03-14,28.446,28.681,26.553,27.91,389118.0
2019-03-15,28.267,28.982,27.318,28.053,287832.0
2019-03-18,28.696,28.869,27.676,28.747,265425.0
2019-03-19,28.594,31.477,28.405,30.017,364677.0
2019-03-20,29.92,30.737,28.798,29.818,260934.0
2019-03-21,29.818,30.818,29.359,29.823,309414.0
2019-03-22,29.721,30.834,29.359,29.818,259437.0
2019-03-25,29.104,32.818,28.798,32.033,442534.0
2019-03-26,31.783,33.176,30.829,30.931,395351.0
2019-03-27,31.17,31.323,28.313,28.951,417323.0
2019-03-28,28.701,29.681,27.701,27.844,326604.0
2019-03-29,27.931,29.512,27.359,29.094,281575.0
2019-04-01,29.966,31.4,29.767,30.839,351184.0
2019-04-02,30.839,32.584,30.267,31.119,373271.0
2019-04-03,30.931,31.681,30.436,31.028,213549.0
2019-04-04,31.196,31.834,30.727,31.655,247755.0
2019-04-08,31.635,31.645,28.788,30.482,424018.0
2019-04-09,29.461,30.125,28.956,29.502,213580.0
2019-04-10,29.181,29.681,28.441,28.992,178211.0
2019-04-11,28.951,29.206,28.232,28.262,159614.0
2019-04-12,28.41,28.676,27.987,28.477,114083.0
2019-04-15,29.012,29.961,28.237,28.344,182842.0
2019-04-16,28.119,29.094,27.262,28.987,239235.0
2019-04-17,28.497,29.385,28.446,28.594,151711.0
2019-04-18,28.716,28.946,28.227,28.507,111050.0
2019-04-19,28.426,29.094,28.227,28.864,124129.0
2019-04-22,29.288,29.63,28.803,29.028,176690.0
2019-04-23,29.125,29.439,27.732,27.875,147498.0
2019-04-24,27.875,29.982,26.982,29.817,447830.0
2019-04-25,29.503,30.146,28.396,28.403,317388.0
2019-04-26,28.267,29.832,28.246,29.039,324715.0
2019-04-29,29.125,29.225,27.182,27.71,312621.0
2019-04-30,27.696,28.267,26.996,27.325,193918.0
2019-05-06,25.482,26.196,24.432,24.432,314676.0
2019-05-07,24.603,24.825,23.503,24.153,259695.0
2019-05-08,23.446,25.66,23.232,24.775,316760.0
2019-05-09,24.803,25.725,24.803,25.196,267366.0
2019-05-10,25.746,27.875,24.932,27.767,460866.0
2019-05-13,27.482,28.367,27.41,27.796,313382.0
2019-05-14,27.825,28.11,27.089,27.189,246511.0
2019-05-15,27.56,27.689,27.053,27.482,205136.0
2019-05-16,27.539,27.717,26.696,27.067,240098.0
2019-05-17,27.696,28.282,26.446,26.796,360630.0
2019-05-20,27.625,28.246,27.182,27.86,359113.0
2019-05-21,27.125,28.31,26.696,27.903,312420.0
2019-05-22,27.967,28.882,27.846,28.803,394024.0
2019-05-23,28.796,28.796,26.839,26.882,416749.0
2019-05-24,26.517,27.103,25.882,25.896,245491.0
2019-05-27,26.039,27.517,25.917,27.325,275508.0
2019-05-28,27.482,28.01,26.932,27.203,268414.0
2019-05-29,26.975,27.382,26.696,26.846,198741.0
2019-05-30,26.61,26.625,25.596,26.032,221063.0
2019-05-31,26.046,26.253,25.553,25.689,190791.0
2019-06-03,25.996,26.217,25.625,25.825,179800.0
2019-06-04,25.803,26.067,25.446,25.653,140567.0
2019-06-05,26.089,26.36,25.696,25.725,191231.0
2019-06-06,25.196,25.375,24.21,24.41,260624.0
2019-06-10,24.567,24.967,24.417,24.767,124231.0
2019-06-11,24.782,26.717,24.66,26.575,322174.0
2019-06-12,26.382,26.825,26.267,26.567,194561.0
2019-06-13,26.453,27.11,26.339,26.425,179904.0
2019-06-14,26.332,26.953,25.782,25.817,226029.0
2019-06-17,25.939,26.11,25.525,25.675,120830.0
2019-06-18,25.696,26.16,25.553,25.803,126438.0
2019-06-19,26.839,27.003,26.21,26.289,245939.0
2019-06-20,26.425,27.275,26.16,27.01,243770.0
2019-06-21,27.339,27.946,27.125,27.375,247788.0
2019-06-27,24.482,24.482,24.482,24.482,31802.0
2019-06-28,21.875,24.332,21.875,23.482,1162519.0
2019-07-01,23.689,25.989,23.625,25.989,945840.0
2019-07-02,25.56,25.846,24.775,24.875,574839.0
2019-07-03,24.825,25.167,24.232,24.882,310563.0
2019-07-04,24.975,24.982,24.232,24.403,215053.0
2019-07-05,24.417,24.525,24.067,24.332,172201.0
2019-07-08,24.332,24.339,23.36,23.467,226891.0
2019-07-09,23.467,23.753,23.053,23.125,192721.0
2019-07-10,23.496,23.703,23.132,23.282,184710.0
2019-07-11,23.503,23.553,22.882,23.039,155133.0
2019-07-12,23.096,23.632,22.846,23.496,156327.0
2019-07-15,23.41,24.339,23.017,24.067,249762.0
2019-07-16,23.967,24.175,23.625,23.825,168583.0
2019-07-17,23.825,24.232,23.682,23.917,205251.0
2019-07-18,23.425,23.532,22.625,22.725,307950.0
2019-07-19,22.825,23.025,22.575,22.617,154070.0
2019-07-22,22.639,22.896,21.889,22.089,173335.0
2019-07-23,22.16,23.225,21.989,23.082,238928.0
2019-07-24,23.039,23.496,22.91,23.11,254246.0
2019-07-25,23.146,24.082,23.139,23.896,382292.0
2019-07-26,23.696,23.896,23.432,23.732,204583.0
2019-07-29,23.732,23.946,23.332,23.617,182293.0
2019-07-30,23.546,23.889,23.403,23.503,176003.0
2019-07-31,23.496,24.075,23.339,23.81,252166.0
2019-08-01,23.496,23.789,23.36,23.496,172309.0
2019-08-02,22.689,22.982,22.496,22.703,228262.0
2019-08-05,22.517,23.239,22.446,22.51,181171.0
2019-08-06,22.003,22.096,21.039,21.675,272852.0
2019-08-07,21.767,21.867,20.953,20.982,185945.0
2019-08-08,21.167,21.453,21.075,21.239,126202.0
2019-08-09,21.525,21.525,19.982,20.489,273461.0
2019-08-12,20.539,21.239,20.403,21.225,167304.0
2019-08-13,20.967,21.182,20.646,20.889,123018.0
2019-08-14,21.61,21.832,21.125,21.167,223519.0
2019-08-15,20.482,21.86,20.275,21.732,247332.0
2019-08-16,21.875,22.346,21.66,22.017,300331.0
2019-08-19,22.253,23.846,22.203,23.817,487303.0
2019-08-20,23.546,23.825,23.203,23.325,330324.0
2019-08-21,23.267,23.789,23.267,23.41,264878.0
2019-08-22,23.575,23.767,23.203,23.425,200235.0
2019-08-23,23.446,23.646,22.839,23.175,238192.0
2019-08-26,22.775,23.453,22.71,23.196,238128.0
2019-08-27,23.353,23.882,23.275,23.475,356663.0
2019-08-28,23.339,23.41,22.932,23.046,244714.0
2019-08-29,23.053,23.76,22.782,23.703,404308.0
2019-08-30,23.946,25.16,23.689,23.696,656371.0
2019-09-02,23.91,24.803,23.667,24.639,518245.0
2019-09-03,24.56,25.096,24.132,24.86,527055.0
2019-09-04,24.667,26.553,24.625,26.125,684971.0
2019-09-05,26.267,26.882,25.767,25.967,616231.0
2019-09-06,26.41,26.732,25.575,26.196,416484.0
2019-09-09,26.696,27.267,26.36,27.182,510812.0
2019-09-10,27.182,27.182,26.039,26.075,506751.0
2019-09-11,26.253,26.396,25.632,25.825,349536.0
2019-09-12,26.039,26.382,25.746,26.089,244745.0
2019-09-16,26.267,26.86,26.182,26.403,349171.0
2019-09-17,26.267,26.267,24.839,25.103,478128.0
2019-09-18,25.06,25.282,24.767,24.789,239089.0
2019-09-19,25.096,25.16,24.632,25.125,235213.0
2019-09-20,26.267,26.696,25.267,25.56,504934.0
2019-09-23,25.203,25.203,24.467,24.832,395976.0
2019-09-24,24.703,25.625,24.703,25.367,420959.0
2019-09-25,25.267,25.267,24.339,24.403,325889.0
2019-09-26,24.482,24.625,23.217,23.275,318718.0
2019-09-27,23.325,23.76,23.282,23.389,180246.0
2019-09-30,23.253,23.546,22.925,22.932,151280.0
2019-10-08,23.053,23.282,22.775,22.81,126415.0
2019-10-09,22.689,23.039,22.303,23.039,136242.0
2019-10-10,23.017,23.446,22.846,23.382,157318.0
2019-10-11,23.41,23.475,22.917,23.153,148211.0
2019-10-14,23.553,23.939,23.475,23.817,226651.0
2019-10-15,23.539,23.625,22.875,22.896,187466.0
2019-10-16,23.053,23.66,22.846,23.175,181055.0
2019-10-17,23.125,23.253,22.86,22.91,123627.0
2019-10-18,22.96,23.289,22.56,22.61,145727.0
2019-10-21,22.696,22.767,22.025,22.196,137151.0
2019-10-22,22.196,22.596,22.196,22.503,137608.0
2019-10-23,22.446,22.96,22.253,22.646,177977.0
2019-10-24,22.646,22.796,22.232,22.582,119719.0
2019-10-25,22.753,22.775,22.403,22.696,153198.0
2019-10-28,23.625,23.767,23.01,23.66,315301.0
2019-10-29,23.589,23.589,22.932,22.939,225182.0
2019-10-30,22.939,22.939,22.353,22.539,131125.0
2019-10-31,22.496,22.839,22.246,22.282,127441.0
2019-11-01,22.239,22.439,22.06,22.339,118168.0
2019-11-04,22.475,23.017,22.325,22.589,187646.0
2019-11-05,22.66,22.789,22.303,22.56,150097.0
2019-11-06,22.553,22.803,22.217,22.31,158761.0
2019-11-07,22.332,22.525,22.139,22.403,91877.0
2019-11-08,22.66,22.96,22.589,22.632,205703.0
2019-11-11,22.403,22.403,21.653,21.753,215965.0
2019-11-12,21.689,21.803,21.153,21.439,139277.0
2019-11-13,21.439,21.71,21.339,21.575,100925.0
2019-11-14,21.41,22.482,21.367,22.246,223713.0
2019-11-15,22.025,23.046,22.025,22.532,276035.0
2019-11-18,22.546,22.825,22.432,22.646,141600.0
2019-11-19,22.603,22.989,22.41,22.939,175550.0
2019-11-20,23.01,23.182,22.603,22.625,179258.0
2019-11-21,22.589,22.753,22.332,22.725,106848.0
2019-11-22,22.696,22.982,21.896,22.067,209473.0
2019-11-25,22.067,22.196,21.417,21.625,135316.0
2019-11-26,21.696,21.925,21.482,21.925,123693.0
2019-11-27,21.725,22.446,21.66,22.182,154563.0
2019-11-28,22.132,22.446,22.067,22.217,100439.0
2019-11-29,22.125,22.696,22.096,22.675,147716.0
2019-12-02,22.789,22.825,22.41,22.496,130224.0
2019-12-03,22.339,22.696,22.26,22.696,117389.0
2019-12-04,22.496,23.139,22.367,22.932,202238.0
2019-12-05,22.967,23.31,22.767,23.16,228477.0
2019-12-06,23.067,23.232,22.639,23.053,193375.0
2019-12-09,23.125,23.76,23.06,23.696,316744.0
2019-12-10,23.56,24.053,23.489,23.91,290704.0
2019-12-11,23.767,23.946,23.239,23.31,222363.0
2019-12-12,23.339,23.889,23.275,23.432,248467.0
2019-12-13,23.832,23.91,23.339,23.767,245243.0
2019-12-16,23.91,24.582,23.796,24.553,357757.0
2019-12-17,24.632,24.653,24.196,24.475,317415.0
2019-12-18,24.475,24.61,24.232,24.317,256616.0
2019-12-19,24.353,24.646,24.175,24.575,251359.0
2019-12-20,24.625,24.767,23.617,23.632,326975.0
2019-12-23,23.41,23.475,22.767,22.767,236193.0
2019-12-24,22.767,23.032,22.76,22.982,126248.0
2019-12-25,23.032,23.696,22.86,23.482,227420.0
2019-12-26,23.46,23.625,23.267,23.553,152053.0
2019-12-27,23.617,23.682,22.903,22.975,185020.0
2019-12-30,22.982,23.217,22.539,23.153,156020.0
2019-12-31,23.125,23.31,22.967,23.11,116271.0
2020-01-02,23.41,23.875,23.267,23.796,249883.0
2020-01-03,23.825,23.953,23.553,23.925,214781.0
2020-01-06,23.732,24.31,23.61,24.067,287570.0
2020-01-07,24.082,24.31,23.867,24.303,245224.0
2020-01-08,24.132,25.146,24.06,24.389,421720.0
2020-01-09,24.475,25.832,24.417,25.553,544425.0
2020-01-10,25.553,25.667,25.017,25.339,334868.0
2020-01-13,26.067,28.032,26.053,28.032,1040991.0
2020-01-14,28.767,29.432,28.146,28.589,912668.0
2020-01-15,28.839,29.432,28.596,29.189,574789.0
2020-01-16,28.982,29.817,28.375,28.71,566564.0
2020-01-17,29.103,29.703,28.839,29.41,530218.0
2020-01-20,29.782,29.846,28.303,29.389,513342.0
2020-01-21,28.86,29.339,28.339,28.475,439992.0
2020-01-22,28.625,30.76,28.482,30.482,664111.0
2020-01-23,29.696,29.982,27.375,28.16,651340.0
2020-02-03,25.189,25.189,25.189,25.189,132496.0
2020-02-04,24.346,27.125,24.346,26.782,552353.0
2020-02-05,26.839,27.946,26.682,26.975,423930.0
2020-02-06,26.982,28.946,26.382,28.439,546481.0
2020-02-07,29.11,31.439,29.11,31.439,866126.0
2020-02-10,32.675,33.032,31.239,31.996,803072.0
2020-02-11,31.925,32.553,30.667,31.017,522056.0
2020-02-12,31.217,33.31,31.125,32.839,682802.0
2020-02-13,32.653,32.917,31.41,31.625,560167.0
2020-02-14,31.303,34.232,31.232,32.639,670170.0
2020-02-17,33.125,33.982,32.789,33.353,455402.0
2020-02-18,33.325,34.632,32.825,34.417,539046.0
2020-02-19,34.26,34.26,33.017,33.089,483305.0
2020-02-20,33.046,33.789,32.553,33.382,373500.0
2020-02-21,33.61,36.867,33.61,35.775,623191.0
2020-02-24,35.732,37.06,35.253,36.646,481607.0
2020-02-25,35.425,36.546,33.982,36.182,546901.0
2020-02-26,35.553,35.996,33.103,33.603,605761.0
2020-02-27,33.989,34.839,32.696,33.325,480691.0
2020-02-28,31.267,32.26,30.396,30.682,557023.0
2020-03-02,31.625,33.317,30.996,32.703,449407.0
2020-03-03,33.396,34.953,32.839,33.389,533601.0
2020-03-04,33.046,34.553,31.839,33.103,424313.0
2020-03-05,34.353,34.482,32.382,32.953,409077.0
2020-03-06,31.982,32.667,31.696,31.803,320143.0
2020-03-09,30.996,31.196,29.375,29.439,434761.0
2020-03-10,29.232,30.825,28.803,30.796,488798.0
2020-03-11,30.953,31.239,29.732,29.732,334136.0
2020-03-12,29.125,30.11,28.882,29.253,241987.0
2020-03-13,27.703,32.339,27.703,32.003,921289.0
2020-03-16,32.182,34.103,31.839,32.196,897886.0
2020-03-17,33.103,33.767,30.91,33.303,729853.0
2020-03-18,33.546,35.296,32.703,33.41,806204.0
2020-03-19,33.403,34.089,31.839,33.346,569171.0
2020-03-20,33.553,33.975,32.039,32.732,384503.0
2020-03-23,31.289,31.539,29.303,29.303,536103.0
2020-03-24,30.025,30.196,27.767,29.339,370126.0
2020-03-25,30.332,30.66,29.41,29.775,318690.0
2020-03-26,29.339,30.26,28.989,29.303,288213.0
2020-03-27,29.925,31.517,29.703,30.567,554065.0
2020-03-30,30.617,30.867,28.603,29.182,426822.0
2020-03-31,29.582,30.196,29.325,29.603,268539.0
2020-04-01,29.482,30.41,29.16,29.603,250132.0
2020-04-02,29.339,31.896,29.303,31.839,405254.0
2020-04-03,31.625,32.553,31.453,31.839,348350.0
2020-04-07,32.696,33.389,32.217,32.482,355399.0
2020-04-08,32.339,33.167,32.21,32.553,233181.0
2020-04-09,32.839,32.946,31.81,31.967,233003.0
2020-04-10,31.839,32.096,30.525,30.553,243226.0
2020-04-13,30.075,30.553,29.41,29.603,211164.0
2020-04-14,29.982,30.896,29.867,30.896,232680.0
2020-04-15,30.975,31.739,30.753,30.81,225761.0
2020-04-16,30.517,31.417,29.982,31.217,200191.0
2020-04-17,31.646,32.267,30.953,31.282,320355.0
2020-04-20,31.282,32.553,30.875,32.41,310769.0
2020-04-21,32.239,32.896,31.753,32.81,318160.0
2020-04-22,32.41,32.667,31.767,32.26,216570.0
2020-04-23,31.775,31.896,31.203,31.267,249559.0
2020-04-24,31.382,31.839,29.882,30.146,284727.0
2020-04-27,30.16,30.632,29.839,30.246,143852.0
2020-04-28,30.375,31.789,29.553,31.475,280746.0
2020-04-29,31.367,31.882,31.267,31.625,166465.0
2020-04-30,31.989,33.31,31.989,32.925,371272.0
2020-05-06,32.839,36.189,32.703,35.553,509245.0
2020-05-07,35.553,36.253,34.896,35.632,349817.0
2020-05-08,37.71,39.34,37.71,39.34,772825.0
2020-05-11,40.34,40.34,37.19,37.64,984087.0
2020-05-12,37.51,38.23,36.92,38.01,563497.0
2020-05-13,37.51,38.28,37.36,37.87,382722.0
2020-05-14,37.59,38.25,37.4,37.49,323368.0
2020-05-15,38.01,39.65,37.98,38.71,732009.0
2020-05-18,38.9,39.79,37.42,37.83,733184.0
2020-05-19,38.51,39.73,37.96,39.73,643311.0
2020-05-20,39.71,39.71,37.71,37.99,628573.0
2020-05-21,38.01,38.21,36.51,36.69,504809.0
2020-05-22,36.81,37.24,35.67,36.35,374672.0
2020-05-25,36.41,36.69,34.12,34.78,493573.0
2020-05-26,35.48,37.76,35.26,37.29,643615.0
2020-05-27,37.16,37.45,36.02,36.27,393702.0
2020-05-28,36.16,36.73,35.21,36.11,333479.0
2020-05-29,36.13,36.44,35.52,35.73,256772.0
2020-06-01,36.41,37.56,36.11,37.34,502737.0
2020-06-02,37.33,37.71,36.81,37.51,331773.0
2020-06-03,38.32,38.42,36.95,37.14,387205.0
2020-06-04,37.14,37.19,36.26,36.51,254407.0
2020-06-05,36.5,37.04,36.26,36.71,209387.0
2020-06-08,36.99,37.07,35.43,35.67,371376.0
2020-06-09,35.61,35.96,35.23,35.75,189090.0
2020-06-10,35.72,36.64,35.42,36.37,258820.0
2020-06-11,36.6,37.16,36.21,36.71,322843.0
2020-06-12,35.96,38.46,35.71,38.39,700962.0
2020-06-15,38.01,38.91,37.57,38.49,490901.0
2020-06-16,39.01,39.21,38.02,38.6,341277.0
2020-06-17,38.31,38.55,37.11,37.51,388787.0
2020-06-18,37.5,38.37,37.31,38.05,278232.0
2020-06-19,38.0,38.49,37.66,38.01,297257.0
2020-06-22,38.21,39.35,37.72,39.26,548067.0
2020-06-23,39.01,39.01,37.8,38.11,551118.0
2020-06-24,38.21,38.67,37.91,38.17,342648.0
2020-06-29,37.57,37.68,36.49,36.52,538510.0
2020-06-30,36.79,37.33,36.63,36.91,323661.0
2020-07-01,37.29,37.46,35.01,37.0,698291.0
2020-07-02,37.07,40.85,36.36,40.85,866067.0
2020-07-03,42.02,42.03,39.01,39.76,1067848.0
2020-07-06,40.02,42.88,40.02,41.95,872895.0
2020-07-07,43.01,45.31,43.01,43.61,883764.0
2020-07-08,44.51,45.51,43.31,44.91,676651.0
2020-07-09,44.99,49.55,44.98,49.55,970757.0
2020-07-10,50.96,52.49,48.16,49.0,1097641.0
2020-07-13,48.09,51.62,47.73,51.38,754129.0
2020-07-14,50.78,50.81,48.45,49.83,694625.0
2020-07-15,48.59,48.96,45.51,45.64,1029388.0
2020-07-16,45.52,46.5,42.52,42.74,660357.0
2020-07-17,43.52,44.0,42.29,43.47,456323.0
2020-07-20,44.31,44.55,43.01,44.5,408372.0
2020-07-21,44.74,45.61,44.33,44.51,343754.0
2020-07-22,44.46,45.63,43.95,44.58,376468.0
2020-07-23,44.02,44.29,41.56,43.12,640930.0
2020-07-24,42.41,42.83,40.13,40.46,537239.0
2020-07-27,40.93,41.7,40.28,40.96,291717.0
2020-07-28,41.54,41.66,40.41,40.94,242021.0
2020-07-29,40.93,42.82,40.64,42.81,425298.0
2020-07-30,43.03,43.14,41.79,42.04,317248.0
2020-07-31,42.02,43.36,42.01,42.89,376402.0
2020-08-03,43.11,45.51,42.71,45.13,566524.0
2020-08-04,45.3,45.3,43.61,44.26,394790.0
2020-08-05,45.52,46.59,44.72,45.97,586652.0
2020-08-06,45.48,47.09,44.77,46.47,577780.0
2020-08-07,45.77,46.11,43.91,45.01,492686.0
2020-08-10,44.76,46.02,44.34,44.83,341106.0
2020-08-11,44.81,45.15,42.88,42.91,372060.0
2020-08-12,42.63,43.19,41.33,43.04,367612.0
2020-08-13,42.96,43.31,42.21,42.22,186462.0
2020-08-14,42.11,43.03,41.91,42.85,194222.0
2020-08-17,43.09,44.64,42.51,44.26,372275.0
2020-08-18,44.26,45.1,44.08,44.36,281376.0
2020-08-19,44.51,44.51,42.61,42.7,272430.0
2020-08-20,42.34,43.95,42.01,42.99,230367.0
2020-08-21,43.26,44.4,43.17,43.59,240367.0
2020-08-24,43.59,44.95,42.82,44.43,288496.0
2020-08-25,44.31,44.77,43.65,43.86,221152.0
2020-08-26,43.67,44.77,43.63,43.71,311778.0
2020-08-27,43.54,43.71,42.34,43.13,294894.0
2020-08-28,42.81,44.01,42.59,43.96,247962.0
2020-08-31,44.23,44.79,43.7,43.7,279464.0
2020-09-01,43.7,43.7,42.96,43.52,187535.0
2020-09-02,43.74,44.06,42.62,43.01,194538.0
2020-09-03,42.92,43.29,41.79,41.95,312217.0
2020-09-04,41.16,42.03,40.97,41.38,246954.0
2020-09-07,41.38,41.91,40.14,40.38,233876.0
2020-09-08,40.59,40.93,39.6,40.09,193296.0
2020-09-09,39.51,39.71,38.11,38.12,302563.0
2020-09-10,38.71,38.98,37.41,37.46,198769.0
2020-09-11,37.3,37.96,37.3,37.74,157348.0
2020-09-14,38.08,38.87,37.51,37.94,177689.0
2020-09-15,38.01,38.84,37.72,38.73,180716.0
2020-09-16,38.59,38.61,37.89,38.0,128703.0
2020-09-17,38.47,38.89,37.68,38.38,174826.0
2020-09-18,38.23,38.96,38.21,38.92,159498.0
2020-09-21,39.0,39.72,38.71,38.88,182634.0
2020-09-22,38.48,38.71,37.9,38.07,128891.0
2020-09-23,38.26,38.58,38.01,38.37,99398.0
2020-09-24,38.02,38.17,36.9,36.96,179844.0
2020-09-25,37.22,37.35,36.89,37.07,91548.0
2020-09-28,37.07,37.37,36.54,36.58,90384.0
2020-09-29,36.91,37.4,36.52,36.9,126273.0
2020-09-30,37.06,37.18,36.01,36.23,144029.0
2020-10-09,36.98,37.7,36.86,37.4,145595.0
2020-10-12,37.86,38.84,37.72,38.8,219919.0
2020-10-13,38.84,39.21,38.43,38.87,166863.0
2020-10-14,38.84,38.85,38.08,38.17,139972.0
2020-10-15,38.11,38.53,37.56,37.58,133679.0
2020-10-16,37.61,37.86,37.01,37.26,128327.0
2020-10-19,38.99,39.27,37.5,37.61,265363.0
2020-10-20,37.26,38.14,37.21,38.02,141093.0
2020-10-21,38.02,38.06,36.81,37.18,167815.0
2020-10-22,36.84,37.41,36.82,37.06,79615.0
2020-10-23,37.12,37.28,36.47,36.52,119122.0
2020-10-26,36.61,36.73,35.88,36.04,127703.0
2020-10-27,35.79,36.49,35.71,36.49,96580.0
2020-10-28,36.41,36.46,34.06,34.6,390569.0
2020-10-29,34.21,34.58,34.03,34.17,191416.0
2020-10-30,34.27,35.07,34.21,34.29,197537.0
2020-11-02,34.29,34.47,30.76,31.64,545484.0
2020-11-03,31.61,33.31,31.47,33.09,306165.0
2020-11-04,33.31,33.71,32.99,33.39,170553.0
2020-11-05,34.0,34.43,33.51,34.33,199596.0
2020-11-06,35.51,36.61,34.41,34.84,475279.0
2020-11-09,35.13,36.39,35.03,35.74,398881.0
2020-11-10,35.86,35.89,34.71,35.23,246368.0
2020-11-11,34.91,35.11,34.2,34.46,159253.0
2020-11-12,34.5,34.99,34.5,34.57,109543.0
2020-11-13,34.36,34.99,33.91,34.74,121241.0
2020-11-16,34.74,34.91,34.16,34.41,114465.0
2020-11-17,34.41,34.61,33.45,33.82,158418.0
2020-11-18,33.97,34.26,33.51,33.7,110338.0
2020-11-19,33.47,34.16,33.11,33.99,105570.0
2020-11-20,33.91,34.97,33.77,34.8,184440.0
2020-11-23,34.8,35.05,34.29,34.71,158681.0
2020-11-24,34.71,35.04,34.41,34.46,128674.0
2020-11-25,34.61,34.69,33.59,33.59,169100.0
2020-11-26,33.59,33.71,33.12,33.29,98842.0
2020-11-27,33.31,33.54,33.03,33.42,85450.0
2020-11-30,33.19,34.06,32.81,33.87,167411.0
2020-12-01,33.79,34.21,33.53,34.14,137282.0
2020-12-02,34.26,34.27,33.7,33.78,142083.0
2020-12-03,33.78,34.84,33.76,34.76,248913.0
2020-12-04,34.78,34.89,34.31,34.57,144840.0
2020-12-07,34.55,35.28,33.24,33.44,276287.0
2020-12-08,33.31,33.57,32.93,32.95,181414.0
2020-12-09,32.96,33.11,31.86,31.96,254231.0
2020-12-10,31.91,31.97,31.41,31.46,196816.0
2020-12-11,31.47,31.61,30.05,30.29,366514.0
2020-12-14,30.49,30.59,30.11,30.49,179843.0
2020-12-15,30.41,31.81,30.24,31.56,263698.0
2020-12-16,31.31,31.68,30.79,30.82,154515.0
2020-12-17,30.73,31.16,30.28,31.15,144513.0
2020-12-18,31.51,31.52,30.55,30.55,152285.0
2020-12-21,30.71,31.7,30.59,31.51,184827.0
2020-12-22,31.39,31.91,30.94,30.99,177386.0
2020-12-23,31.06,31.57,30.19,31.47,222747.0
2020-12-24,31.25,31.84,30.85,30.86,144911.0
2020-12-25,30.58,30.95,30.45,30.7,106990.0
2020-12-28,30.4,30.59,30.1,30.12,141775.0
2020-12-29,30.07,31.71,30.05,31.28,256359.0
2020-12-30,31.3,32.5,31.08,32.22,305401.0
2020-12-31,32.37,33.06,32.09,32.74,263530.0
2021-01-04,32.75,33.67,32.37,33.26,305411.0
2021-01-05,32.79,34.43,32.79,33.28,357606.0
2021-01-06,33.41,34.51,33.01,33.12,324809.0
2021-01-07,32.79,33.11,31.84,32.44,314523.0
2021-01-08,32.37,34.61,32.35,34.41,492741.0
2021-01-11,34.51,35.13,33.81,34.11,395278.0
2021-01-12,34.11,34.38,33.31,34.31,271198.0
2021-01-13,34.01,35.23,33.11,34.97,518469.0
2021-01-14,34.91,35.64,34.31,35.1,450409.0
2021-01-15,35.23,35.36,33.52,33.52,327657.0
2021-01-18,33.48,34.68,33.21,34.66,285711.0
2021-01-19,34.55,34.99,33.69,33.74,280773.0
2021-01-20,33.78,33.92,33.27,33.55,159399.0
2021-01-21,33.64,34.31,33.4,33.92,209843.0
2021-01-22,33.81,33.81,32.49,32.49,348036.0
2021-01-25,32.2,32.2,31.24,31.57,262626.0
2021-01-26,31.57,31.9,30.9,30.99,184845.0
2021-01-27,31.01,31.48,30.64,30.95,180392.0
2021-01-28,30.64,30.89,28.94,29.11,377240.0
2021-01-29,29.41,29.48,27.78,28.14,295378.0
2021-02-01,28.41,29.07,28.15,28.34,181570.0
2021-02-02,28.51,29.52,27.81,29.25,227627.0
2021-02-03,29.25,29.25,28.26,28.31,172535.0
2021-02-04,28.17,28.6,26.91,27.66,225626.0
2021-02-05,27.69,27.91,27.01,27.07,177099.0
2021-02-08,27.07,27.64,26.58,27.14,134222.0
2021-02-09,27.29,28.07,27.17,27.82,140493.0
2021-02-10,27.86,28.07,27.61,28.03,145676.0
2021-02-18,28.26,29.27,28.25,28.72,197929.0
2021-02-19,28.71,29.55,28.33,29.46,190543.0
2021-02-22,29.62,29.9,28.91,28.93,226231.0
2021-02-23,28.84,29.11,28.33,28.71,138048.0
2021-02-24,28.72,30.11,28.72,29.69,261170.0
2021-02-25,29.76,29.76,29.06,29.14,128141.0
2021-02-26,28.81,29.71,28.54,29.34,145650.0
2021-03-01,29.35,29.75,29.35,29.61,128253.0
2021-03-02,29.67,29.8,28.58,28.79,171508.0
2021-03-03,28.71,28.97,28.41,28.85,122659.0
2021-03-04,28.58,28.79,27.71,27.84,193746.0
2021-03-05,27.84,28.36,27.74,28.21,119154.0
2021-03-08,28.47,28.59,27.59,27.62,126815.0
2021-03-09,27.64,27.92,26.71,27.2,129148.0
2021-03-10,27.51,27.61,26.59,26.66,141420.0
2021-03-11,27.51,29.48,27.15,29.29,455180.0
2021-03-12,29.21,29.21,28.0,28.5,295831.0
2021-03-15,28.05,28.29,27.41,27.79,141020.0
2021-03-16,28.01,28.24,27.49,28.0,117735.0
2021-03-17,28.01,28.14,27.46,28.14,110401.0
2021-03-18,28.19,28.35,27.75,27.79,106229.0
2021-03-19,27.34,27.79,27.22,27.45,100872.0
2021-03-22,27.51,27.75,27.44,27.68,88285.0
2021-03-23,27.71,27.9,27.39,27.47,111833.0
2021-03-24,27.31,27.57,27.28,27.39,75288.0
2021-03-25,27.39,28.0,27.32,27.71,111696.0
2021-03-26,27.8,28.31,27.62,28.09,133773.0
2021-03-29,28.25,28.37,27.63,27.68,125395.0
2021-03-30,27.57,27.6,27.36,27.4,90646.0
2021-03-31,27.41,27.56,27.35,27.42,72024.0
2021-04-01,27.43,27.96,27.4,27.69,96936.0
2021-04-02,27.82,28.65,27.73,28.43,211731.0
2021-04-06,28.59,28.66,28.21,28.28,120351.0
2021-04-07,28.32,28.32,27.88,28.07,94157.0
2021-04-08,28.06,28.33,27.93,28.01,89542.0
2021-04-09,28.2,28.22,27.17,27.38,157540.0
2021-04-12,27.42,28.04,27.24,27.36,131187.0
2021-04-13,27.37,27.61,27.34,27.5,72792.0
2021-04-14,27.51,27.72,27.46,27.63,66516.0
2021-04-15,27.61,27.78,27.37,27.54,73302.0
2021-04-16,27.51,28.15,27.38,27.97,128723.0
2021-04-19,27.94,28.36,27.77,28.32,155177.0
2021-04-20,28.26,28.27,27.8,27.81,120558.0
2021-04-21,27.69,27.97,27.52,27.81,85635.0
2021-04-22,27.81,28.36,27.81,28.09,119681.0
2021-04-23,28.1,28.1,27.28,27.54,144744.0
2021-04-26,27.56,27.56,26.62,26.75,240855.0
2021-04-27,26.67,26.7,25.08,25.13,356417.0
2021-04-28,25.11,25.46,24.52,25.3,140215.0
2021-04-29,25.31,25.43,25.09,25.11,106832.0
2021-04-30,25.11,25.17,24.36,24.39,162349.0
2021-05-06,24.36,24.97,24.15,24.35,140445.0
2021-05-07,24.36,24.7,24.32,24.57,97719.0
2021-05-10,24.73,24.74,23.46,23.67,197491.0
2021-05-11,23.51,24.15,22.91,23.97,174464.0
2021-05-12,23.76,24.15,23.38,24.09,115086.0
2021-05-13,23.79,24.07,23.67,23.72,99338.0
2021-05-14,23.73,24.34,23.7,24.2,121601.0
2021-05-17,24.3,25.18,24.21,24.78,172872.0
2021-05-18,24.77,25.33,24.43,25.3,181456.0
2021-05-19,25.12,25.56,24.93,25.28,142034.0
2021-05-20,25.13,25.25,24.84,24.94,98474.0
2021-05-21,25.08,25.15,24.6,24.79,79694.0
2021-05-24,24.82,26.13,24.61,25.78,214923.0
2021-05-25,25.65,26.1,25.57,25.96,186180.0
2021-05-26,26.0,26.25,25.65,25.66,142295.0
2021-05-27,25.64,26.41,25.56,26.11,174514.0
2021-05-28,26.0,26.54,25.87,26.01,151387.0
2021-05-31,26.25,26.45,26.08,26.23,120603.0
2021-06-01,26.1,26.63,26.02,26.44,127222.0
2021-06-02,26.4,26.4,25.59,25.62,159656.0
2021-06-03,25.66,26.35,25.63,25.74,126534.0
2021-06-04,25.94,26.1,25.53,25.64,113066.0
2021-06-07,25.73,26.62,25.73,26.49,213621.0
2021-06-08,26.56,27.03,26.28,26.52,209245.0
2021-06-09,26.55,26.72,25.83,26.04,158538.0
2021-06-10,26.23,27.51,26.2,27.41,377505.0
2021-06-11,27.32,27.33,26.74,26.83,234095.0
2021-06-15,26.84,26.9,26.12,26.18,168006.0
2021-06-16,26.13,26.46,25.49,25.73,167505.0
2021-06-17,25.69,27.09,25.62,27.0,255384.0
2021-06-18,27.1,27.56,26.96,27.14,251427.0
2021-06-21,27.14,27.93,26.69,27.46,198214.0
2021-06-22,27.55,27.72,26.9,27.01,148809.0
2021-06-23,27.02,27.73,26.75,27.37,223212.0
2021-06-24,27.25,27.27,26.71,26.74,150259.0
2021-06-25,26.82,27.02,26.46,26.82,122967.0
2021-06-28,26.75,27.07,26.58,26.98,122281.0
2021-06-29,26.85,27.0,25.77,25.9,215341.0
2021-06-30,25.9,26.48,25.85,26.26,133637.0
2021-07-01,26.65,26.78,25.83,25.84,145851.0
2021-07-02,25.79,26.03,24.85,25.03,179821.0
2021-07-05,25.23,25.54,24.9,25.18,150890.0
2021-07-06,25.22,25.49,24.77,25.04,144136.0
2021-07-07,25.05,25.71,24.56,25.57,168408.0
2021-07-08,25.66,28.26,25.36,28.26,633747.0
2021-07-09,27.85,28.53,27.68,28.41,545785.0
2021-07-12,28.45,29.31,28.24,28.73,492564.0
2021-07-13,28.73,29.78,28.23,28.64,437553.0
2021-07-14,28.25,28.98,28.15,28.15,288761.0
2021-07-15,28.23,28.98,28.23,28.56,278619.0
2021-07-16,28.31,29.75,28.18,29.44,439511.0
2021-07-19,29.4,30.65,28.75,30.56,493123.0
2021-07-20,30.15,31.14,30.0,30.18,340827.0
2021-07-21,30.2,30.82,29.75,30.24,295879.0
2021-07-22,30.64,31.11,30.15,30.39,331561.0
2021-07-23,30.25,30.27,29.12,29.13,346503.0
2021-07-26,28.74,29.77,28.23,29.09,291978.0
2021-07-27,29.4,30.91,29.15,29.74,480035.0
2021-07-28,29.32,30.95,28.69,29.99,473334.0
2021-07-29,30.64,31.5,30.0,31.29,555551.0
2021-07-30,31.26,31.43,30.41,30.93,383096.0
2021-08-02,30.7,32.06,30.66,31.85,395562.0
2021-08-03,31.84,31.84,30.16,30.23,429683.0
2021-08-04,30.24,30.83,29.87,30.45,261357.0
2021-08-05,30.39,30.39,28.85,29.17,438271.0
2021-08-06,29.34,30.93,28.94,30.65,428616.0
2021-08-09,30.35,30.82,29.55,29.68,348537.0
2021-08-10,29.65,30.68,29.2,30.3,347946.0
2021-08-11,30.19,30.31,29.4,29.66,248915.0
2021-08-12,29.53,30.51,29.4,29.65,238549.0
2021-08-13,29.5,29.5,28.37,28.55,342532.0
2021-08-16,28.65,28.97,28.28,28.75,149072.0
2021-08-17,28.75,28.84,27.57,27.72,223105.0
2021-08-18,27.76,28.49,27.76,28.19,163918.0
2021-08-19,28.38,28.79,28.26,28.35,150845.0
2021-08-20,28.35,28.73,28.05,28.73,163190.0
2021-08-23,28.77,29.15,28.57,28.93,189580.0
2021-08-24,28.92,29.01,28.58,28.75,157302.0
2021-08-25,28.79,29.13,28.47,29.02,204342.0
2021-08-26,28.66,28.79,27.76,27.81,248747.0
2021-08-27,27.68,28.1,27.3,28.05,200106.0
2021-08-30,28.78,28.93,27.86,27.95,211877.0
2021-08-31,27.52,27.75,26.73,26.97,230964.0
2021-09-01,26.91,27.41,26.55,27.21,190435.0
2021-09-02,27.2,27.2,26.67,26.85,137173.0
2021-09-03,26.85,27.21,26.79,26.97,127461.0
2021-09-06,26.85,27.62,26.8,27.58,155692.0
2021-09-07,27.45,27.95,27.41,27.74,130854.0
2021-09-08,27.74,27.99,27.54,27.87,139661.0
2021-09-09,27.79,27.97,27.58,27.94,143452.0
2021-09-10,27.93,28.5,27.79,28.08,193098.0
2021-09-13,28.07,28.1,27.3,27.4,167786.0
2021-09-14,27.38,27.71,26.6,26.71,195862.0
2021-09-15,26.65,26.69,26.15,26.28,163375.0
2021-09-16,26.2,26.54,25.76,25.76,150466.0
2021-09-17,25.77,26.09,25.51,26.02,121743.0
2021-09-22,25.7,26.2,25.62,26.13,88611.0
2021-09-23,26.23,26.61,26.23,26.33,109935.0
2021-09-24,26.39,26.49,26.07,26.1,81866.0
2021-09-27,26.42,26.85,26.25,26.47,143016.0
2021-09-28,26.35,26.45,25.74,25.95,98657.0
2021-09-29,25.88,25.88,25.17,25.26,121077.0
2021-09-30,25.25,25.62,25.25,25.47,68694.0
2021-10-08,25.75,26.43,25.65,26.03,101556.0
2021-10-11,26.07,26.45,26.07,26.33,99523.0
2021-10-12,26.34,26.43,25.92,26.22,90284.0
2021-10-13,26.33,26.34,25.95,26.32,75588.0
2021-10-14,26.32,26.42,26.18,26.33,69247.0
2021-10-15,26.45,27.24,26.45,26.84,186460.0
2021-10-18,26.84,26.84,26.41,26.56,83713.0
2021-10-19,26.57,26.72,26.44,26.49,70805.0
2021-10-20,26.8,26.94,25.48,25.71,175621.0
2021-10-21,25.51,26.6,25.51,26.15,163024.0
2021-10-22,25.98,26.86,25.96,26.5,122769.0
2021-10-25,26.5,26.64,26.18,26.52,88931.0
2021-10-26,26.52,26.84,26.34,26.76,143220.0
2021-10-27,26.8,26.86,25.64,25.95,164133.0
2021-10-28,25.95,26.28,25.65,25.84,114518.0
2021-10-29,25.9,26.28,25.76,26.12,95508.0
2021-11-01,25.97,26.73,25.88,26.53,123107.0
2021-11-02,26.51,26.87,26.01,26.35,136518.0
2021-11-03,26.53,26.95,26.38,26.7,133737.0
2021-11-04,26.65,27.45,26.65,27.1,234095.0
2021-11-05,27.1,27.65,27.03,27.49,228396.0
2021-11-08,27.56,27.57,26.99,27.15,147366.0
2021-11-09,27.4,27.4,26.84,27.3,174028.0
2021-11-10,27.3,27.71,27.08,27.25,169813.0
2021-11-11,27.13,28.07,27.1,27.72,189223.0
2021-11-12,27.66,27.99,27.51,27.72,149300.0
2021-11-15,27.88,28.33,27.67,27.71,195574.0
2021-11-16,27.78,28.66,27.66,28.33,333448.0
2021-11-17,28.35,28.43,28.02,28.28,194510.0
2021-11-18,28.2,28.38,27.46,27.48,192350.0
2021-11-19,27.45,27.88,27.2,27.63,155073.0
2021-11-22,27.61,28.08,27.51,27.96,142394.0
2021-11-23,28.0,28.15,27.7,27.79,138175.0
2021-11-24,27.85,27.85,27.51,27.62,143399.0
2021-11-25,27.82,28.1,27.54,27.56,151710.0
2021-11-26,27.38,27.53,26.37,26.38,325856.0
2021-11-29,25.92,26.47,25.85,26.34,132305.0
2021-11-30,26.35,26.77,26.33,26.61,185189.0
2021-12-01,26.49,26.73,26.36,26.61,113136.0
2021-12-02,26.57,26.59,26.16,26.24,128557.0
2021-12-03,26.32,26.71,26.26,26.62,123626.0
2021-12-06,26.62,26.66,26.25,26.26,110162.0
2021-12-07,26.26,26.44,25.95,26.26,102255.0
2021-12-08,26.29,26.95,26.25,26.72,130122.0
2021-12-09,26.8,27.42,26.75,27.15,212115.0
2021-12-10,27.0,27.24,26.83,27.05,124292.0
2021-12-13,27.11,27.47,26.95,27.26,151917.0
2021-12-14,27.27,27.47,27.09,27.27,137629.0
2021-12-15,27.28,27.59,27.08,27.12,134189.0
2021-12-16,26.98,27.4,26.68,27.26,170238.0
2021-12-17,27.26,27.36,26.31,26.33,265708.0
2021-12-20,26.07,26.4,25.63,25.66,174377.0
2021-12-21,25.68,25.92,25.53,25.91,108628.0
2021-12-22,26.01,26.09,25.8,25.84,100595.0
2021-12-23,25.75,26.03,25.68,25.89,112331.0
2021-12-24,25.9,25.95,25.55,25.61,112861.0
2021-12-27,25.61,25.82,25.56,25.81,71764.0
2021-12-28,25.85,25.97,25.75,25.91,80924.0
2021-12-29,25.95,25.96,25.72,25.9,83451.0
2021-12-30,25.86,26.33,25.83,26.22,137811.0
2021-12-31,26.31,26.35,26.06,26.22,89845.0
2022-01-04,26.32,27.4,26.3,27.38,350336.0
2022-01-05,27.22,27.64,27.15,27.23,257974.0
2022-01-06,27.07,27.75,26.84,27.57,238558.0
2022-01-07,27.64,27.82,26.85,26.88,187514.0
2022-01-10,26.88,29.63,26.86,29.11,780065.0
2022-01-11,29.13,29.32,28.45,28.49,329815.0
2022-01-12,28.6,28.73,28.16,28.48,259883.0
2022-01-13,28.9,29.04,27.99,28.02,241314.0
2022-01-14,27.78,28.54,27.77,27.84,191805.0
2022-01-17,28.2,30.0,28.2,29.81,640203.0
2022-01-18,29.83,30.95,29.75,30.03,673761.0
2022-01-19,30.0,30.3,29.55,30.13,341290.0
2022-01-20,30.23,30.63,29.72,30.19,357901.0
2022-01-21,29.99,30.84,29.76,30.56,371136.0
2022-01-24,30.33,31.47,30.08,30.51,355681.0
2022-01-25,30.05,30.59,28.85,28.95,455801.0
2022-01-26,29.35,29.6,28.55,28.92,280600.0
2022-01-27,28.85,28.92,27.53,27.72,322992.0
2022-01-28,27.72,30.12,27.54,29.0,378057.0
2022-02-07,29.65,29.74,28.58,28.8,303735.0
2022-02-08,28.5,29.74,27.87,29.61,335492.0
2022-02-09,29.33,31.23,29.31,30.83,590027.0
2022-02-10,30.6,31.14,30.43,30.59,274611.0
2022-02-11,30.4,30.82,30.03,30.48,234093.0
2022-02-14,30.28,30.38,29.48,29.83,227757.0
2022-02-15,29.77,30.53,28.77,29.34,298350.0
2022-02-16,29.66,30.33,29.31,29.72,240118.0
2022-02-17,29.65,30.27,29.05,29.35,260970.0
2022-02-18,30.15,31.15,30.15,30.7,446068.0
2022-02-21,31.85,33.59,31.82,32.63,806610.0
2022-02-22,31.95,32.55,31.82,32.05,413972.0
2022-02-23,32.65,32.87,31.89,32.39,419719.0
2022-02-24,32.15,33.25,30.98,31.84,576064.0
2022-02-25,32.15,32.75,31.65,32.34,349629.0
2022-02-28,32.28,32.31,31.28,31.61,286536.0
2022-03-01,31.85,32.81,31.63,32.81,418576.0
2022-03-02,32.42,33.08,32.25,33.05,308158.0
2022-03-03,33.1,33.14,31.49,31.5,378242.0
2022-03-04,31.24,32.19,31.15,31.51,248056.0
2022-03-07,31.31,31.55,30.04,30.29,351414.0
2022-03-08,30.55,30.83,29.34,29.36,364612.0
2022-03-09,29.3,30.4,28.6,30.35,457429.0
2022-03-10,31.53,31.54,30.6,30.79,284467.0
2022-03-11,30.4,30.93,29.67,30.79,248939.0
2022-03-14,30.45,31.45,30.3,30.76,240267.0
2022-03-15,30.64,31.53,29.65,29.69,362576.0
2022-03-16,30.2,32.15,29.35,31.92,464931.0
2022-03-17,32.31,32.32,31.55,31.7,433978.0
2022-03-18,31.46,32.09,30.95,31.04,309265.0
2022-03-21,31.08,31.09,29.82,30.4,354359.0
2022-03-22,30.11,30.71,30.08,30.51,203664.0
2022-03-23,30.53,30.7,30.0,30.1,220458.0
2022-03-24,29.88,29.88,28.83,28.87,287400.0
2022-03-25,29.01,29.19,28.53,28.54,186133.0
2022-03-28,28.2,28.74,27.92,28.41,142959.0
2022-03-29,28.43,28.63,27.05,27.25,265655.0
2022-03-30,27.55,28.1,27.33,28.09,229113.0
2022-03-31,27.89,28.35,27.45,28.34,191781.0
2022-04-01,28.07,28.81,27.86,28.47,195597.0
2022-04-06,28.29,28.6,28.14,28.45,113230.0
2022-04-07,28.3,28.64,27.4,27.42,149438.0
2022-04-08,27.36,27.42,26.49,26.83,192879.0
2022-04-11,26.66,26.72,25.65,25.96,202040.0
2022-04-12,25.96,26.71,25.88,26.64,153711.0
2022-04-13,26.59,26.59,26.0,26.02,112643.0
2022-04-14,26.37,26.92,26.01,26.69,167866.0
2022-04-15,26.53,27.57,26.45,27.51,209025.0
2022-04-18,27.28,27.62,26.83,27.33,124526.0
2022-04-19,27.22,27.43,26.82,26.9,101602.0
2022-04-20,27.2,27.42,26.68,26.73,111052.0
2022-04-21,26.55,27.15,26.35,26.46,134971.0
2022-04-22,26.2,27.1,26.05,26.91,183318.0
2022-04-25,26.55,26.6,25.26,25.35,181558.0
2022-04-26,25.34,25.59,22.68,22.68,406974.0
2022-04-27,22.21,24.05,20.65,23.97,353766.0
2022-04-28,23.65,23.77,23.1,23.17,206665.0
2022-04-29,23.34,24.82,23.18,24.45,241583.0
2022-05-05,24.45,25.16,24.36,24.82,183452.0
2022-05-06,24.3,26.23,23.98,24.59,350436.0
2022-05-09,24.09,24.8,23.95,24.15,155342.0
2022-05-10,23.76,24.71,23.63,24.58,141505.0
2022-05-11,24.57,25.82,24.5,24.94,237695.0
2022-05-12,24.73,25.25,24.41,24.77,139778.0
2022-05-13,24.97,25.02,24.49,24.68,78843.0
2022-05-16,24.75,24.94,23.58,23.69,235030.0
2022-05-17,23.68,23.92,23.38,23.85,125627.0
2022-05-18,24.16,24.75,23.78,23.82,175634.0
2022-05-19,23.4,23.63,23.13,23.45,163073.0
2022-05-20,23.53,23.84,23.45,23.83,132747.0
2022-05-23,23.94,24.03,23.55,24.02,125881.0
2022-05-24,24.01,24.02,22.41,22.48,192193.0
2022-05-25,22.56,23.07,22.53,22.9,119482.0
2022-05-26,22.97,23.61,22.41,23.36,185587.0
2022-05-27,23.4,23.61,23.03,23.27,106616.0
2022-05-30,23.28,23.39,23.03,23.21,117327.0
2022-05-31,23.19,23.87,22.92,23.74,172844.0
2022-06-01,23.61,23.86,23.38,23.55,133866.0
2022-06-02,23.46,24.16,23.2,24.09,148464.0
2022-06-06,24.08,25.18,24.07,25.07,335237.0
2022-06-07,25.12,26.51,24.86,26.19,324719.0
2022-06-08,26.15,28.06,25.96,27.14,578186.0
2022-06-09,27.14,27.69,26.0,26.15,331344.0
2022-06-10,25.97,26.77,25.91,26.49,190644.0
2022-06-13,26.44,26.64,25.99,26.52,166165.0
2022-06-14,26.02,26.25,25.33,26.15,195524.0
2022-06-15,26.15,26.99,26.11,26.42,207917.0
2022-06-16,26.56,27.35,26.42,26.51,154899.0
2022-06-17,26.27,26.6,25.81,26.45,149444.0
2022-06-20,26.68,27.17,26.37,26.89,191507.0
2022-06-21,26.59,26.86,26.09,26.53,156951.0
2022-06-22,26.94,27.04,26.04,26.1,144765.0
2022-06-23,26.41,26.48,25.71,26.35,180868.0
2022-06-24,26.47,27.09,26.47,26.77,212093.0
2022-06-27,26.81,27.67,26.66,27.56,250564.0
2022-06-28,27.42,27.81,27.14,27.61,187652.0
2022-06-29,27.41,27.89,27.2,27.23,194365.0
2022-06-30,27.24,27.85,26.96,27.83,219224.0
2022-07-01,28.01,28.39,27.18,27.26,215469.0
2022-07-04,27.27,27.97,26.83,27.89,188587.0
2022-07-05,27.76,27.96,26.4,26.77,282454.0
2022-07-06,26.72,27.26,26.41,26.67,152463.0
2022-07-07,26.53,26.86,26.53,26.67,85049.0
2022-07-08,26.81,26.83,26.47,26.54,97897.0
2022-07-11,26.5,26.51,25.58,25.89,159032.0
2022-07-12,25.96,25.97,25.19,25.19,133781.0
2022-07-13,25.35,25.76,25.21,25.59,89900.0
2022-07-14,25.61,26.13,25.42,25.82,90707.0
2022-07-15,25.72,26.04,24.99,25.09,165078.0
2022-07-18,25.08,25.64,25.07,25.56,102461.0
2022-07-19,25.51,26.11,25.43,26.07,108630.0
2022-07-20,26.08,26.69,25.97,26.66,150271.0
2022-07-21,26.55,26.85,26.25,26.29,104373.0
2022-07-22,26.21,26.46,25.47,25.76,123834.0
2022-07-25,25.97,26.07,25.51,25.81,60333.0
2022-07-26,26.76,28.37,26.37,27.81,447515.0
2022-07-27,27.81,28.04,27.43,27.54,195283.0
2022-07-28,27.64,28.8,27.64,28.49,305892.0
2022-07-29,28.52,28.66,27.46,27.61,206482.0
2022-08-01,27.76,28.5,27.08,28.19,215387.0
2022-08-02,27.61,28.29,27.31,27.61,218081.0
2022-08-03,28.02,29.44,27.81,28.66,456654.0
2022-08-04,28.93,29.5,28.49,29.09,285100.0
2022-08-05,29.33,32.11,29.33,31.81,745774.0
2022-08-08,33.41,33.81,32.14,32.24,696144.0
2022-08-09,32.46,32.59,30.84,31.5,435402.0
2022-08-10,31.37,33.01,31.29,32.17,408620.0
2022-08-11,33.11,33.41,31.44,31.56,425028.0
2022-08-12,31.9,31.95,28.34,28.68,904164.0
2022-08-15,28.29,28.36,27.66,27.77,414333.0
2022-08-16,27.79,27.92,27.28,27.44,336889.0
2022-08-17,27.99,28.06,27.46,27.83,295061.0
2022-08-18,27.61,27.93,27.31,27.83,236469.0
2022-08-19,27.82,28.05,27.11,27.23,238489.0
2022-08-22,27.01,27.35,26.76,27.06,173054.0
2022-08-23,27.01,27.46,26.89,27.33,151981.0
2022-08-24,27.14,27.24,26.21,26.22,250326.0
2022-08-25,26.28,26.41,25.91,26.34,143351.0
2022-08-26,26.36,26.47,25.29,25.46,241919.0
2022-08-29,25.11,25.37,24.91,25.04,198176.0
2022-08-30,25.05,25.25,24.92,25.2,127707.0
2022-08-31,25.16,25.37,24.93,25.1,144020.0
2022-09-01,25.81,26.87,25.81,26.04,431395.0
2022-09-02,25.8,26.28,25.49,25.74,223008.0
2022-09-05,25.47,25.8,25.23,25.79,127589.0
2022-09-06,25.3,25.3,23.86,24.11,535779.0
2022-09-07,24.01,24.27,23.97,24.23,167945.0
2022-09-08,24.11,24.35,24.07,24.17,109732.0
2022-09-09,24.2,24.47,24.14,24.23,121855.0
2022-09-13,24.31,24.45,23.88,23.92,182344.0
2022-09-14,23.51,23.98,23.33,23.91,158611.0
2022-09-15,23.91,24.09,22.96,23.25,203466.0
2022-09-16,23.21,25.01,23.13,24.05,480037.0
2022-09-19,24.11,24.76,23.68,24.01,217487.0
2022-09-20,24.0,24.26,23.54,23.7,152207.0
2022-09-21,23.56,23.57,22.71,23.17,191081.0
2022-09-22,23.17,23.91,23.05,23.77,214585.0
2022-09-23,23.57,23.85,22.89,23.12,145820.0
2022-09-26,22.84,23.0,22.32,22.34,166899.0
2022-09-27,22.41,23.18,22.41,23.14,151711.0
2022-09-28,23.01,23.1,22.62,22.78,101875.0
2022-09-29,22.99,23.28,22.5,22.77,117769.0
2022-09-30,22.71,22.86,22.49,22.53,100322.0
2022-10-10,22.5,22.5,20.16,20.16,372396.0
2022-10-11,19.89,20.12,19.09,19.38,331583.0
2022-10-12,19.38,20.45,19.13,20.37,261858.0
2022-10-13,20.17,21.29,20.07,20.87,300958.0
2022-10-14,21.07,21.36,20.81,21.14,238657.0
2022-10-17,21.27,21.9,21.22,21.67,232526.0
2022-10-18,21.81,21.89,21.51,21.65,160188.0
2022-10-19,21.49,21.74,21.3,21.41,140066.0
2022-10-20,21.21,22.68,21.17,22.31,333901.0
2022-10-21,22.02,22.19,21.51,21.9,210122.0
2022-10-24,22.03,22.48,21.76,21.91,227974.0
2022-10-25,21.76,22.15,21.43,21.66,161653.0
2022-10-26,21.64,22.9,21.57,22.55,271686.0
2022-10-27,22.55,23.47,22.39,22.77,309885.0
2022-10-28,22.57,23.19,22.13,22.36,238441.0
2022-10-31,22.49,23.7,22.49,23.7,430835.0
2022-11-01,23.71,23.75,23.08,23.71,353819.0
2022-11-02,23.63,24.08,23.48,23.69,300270.0
2022-11-03,23.51,23.68,22.95,23.33,257543.0
2022-11-04,23.19,23.69,23.13,23.55,230311.0
2022-11-07,23.55,24.07,23.37,23.5,218606.0
2022-11-08,23.37,23.91,23.22,23.81,226226.0
2022-11-09,23.9,23.9,23.17,23.17,198053.0
2022-11-10,23.0,23.38,22.91,23.02,144850.0
2022-11-11,23.51,23.68,22.84,23.0,236743.0
2022-11-14,23.01,23.37,22.84,23.13,154979.0
2022-11-15,22.93,23.58,22.93,23.56,239054.0
2022-11-16,23.62,23.77,23.25,23.35,179462.0
2022-11-17,23.46,24.36,23.26,24.31,451909.0
2022-11-18,24.37,25.1,23.81,24.02,549121.0
2022-11-21,23.61,24.0,23.38,23.83,235080.0
2022-11-22,23.71,24.32,23.52,23.74,243225.0
2022-11-23,23.61,24.41,23.36,23.87,279259.0
2022-11-24,23.71,23.91,21.89,22.1,586062.0
2022-11-25,21.96,22.3,21.91,22.05,186869.0
2022-11-28,21.61,22.2,21.52,21.96,128006.0
2022-11-29,21.96,22.44,21.91,22.26,145223.0
2022-11-30,22.26,22.51,22.18,22.29,113723.0
2022-12-01,22.51,22.82,22.39,22.76,214537.0
2022-12-02,22.69,23.09,22.61,22.7,129320.0
2022-12-05,22.9,23.08,22.61,23.04,154110.0
2022-12-06,23.03,23.3,22.81,23.04,138498.0
2022-12-07,23.1,23.1,22.66,22.83,128848.0
2022-12-08,22.73,22.82,22.51,22.53,106133.0
2022-12-09,22.51,22.56,22.23,22.31,121886.0
2022-12-12,22.21,22.61,22.21,22.44,110701.0
2022-12-13,22.45,22.56,21.68,21.9,148748.0
2022-12-14,22.06,22.23,21.94,22.04,108941.0
2022-12-15,21.95,22.35,21.82,22.14,93304.0
2022-12-16,21.98,21.98,21.41,21.53,149478.0
2022-12-19,21.53,21.73,21.16,21.33,109436.0
2022-12-20,21.39,21.56,20.88,20.99,100875.0
2022-12-21,21.0,21.09,20.64,20.82,86025.0
2022-12-22,21.01,21.05,20.59,20.74,79550.0
2022-12-23,20.71,20.81,20.48,20.69,101471.0
2022-12-26,20.7,21.09,20.69,20.91,110401.0
2022-12-27,20.99,21.08,20.73,21.07,92089.0
2022-12-28,20.96,20.96,20.63,20.67,93403.0
2022-12-29,20.55,20.96,20.53,20.7,95107.0
2022-12-30,20.86,21.03,20.76,20.95,80636.0
2023-01-03,20.95,21.68,20.8,21.62,206994.0
2023-01-04,21.63,21.83,21.57,21.77,151476.0
2023-01-05,21.71,21.94,21.6,21.9,117035.0
2023-01-06,21.84,21.96,21.72,21.81,113131.0
2023-01-09,21.98,21.99,21.66,21.76,94473.0
2023-01-10,21.81,21.91,21.64,21.66,88329.0
2023-01-11,21.7,21.85,21.37,21.38,109006.0
2023-01-12,21.49,21.59,21.26,21.44,107033.0
2023-01-13,21.49,21.54,21.32,21.51,68699.0
2023-01-16,21.5,22.25,21.5,22.15,203051.0
2023-01-17,22.11,22.25,21.87,21.98,116086.0
2023-01-18,22.01,22.27,21.93,22.2,108433.0
2023-01-19,22.11,22.76,22.09,22.71,179058.0
2023-01-20,22.56,23.41,22.52,23.0,231732.0
2023-01-30,23.63,23.64,22.98,23.14,267133.0
2023-01-31,23.04,23.35,22.87,22.92,214754.0
2023-02-01,22.93,23.51,22.93,23.51,226614.0
2023-02-02,23.62,24.03,23.49,23.66,318329.0
2023-02-03,23.69,23.93,23.31,23.91,267721.0
2023-02-06,23.8,24.58,23.71,24.24,376084.0
2023-02-07,24.41,25.17,23.96,24.9,481988.0
2023-02-08,25.06,25.33,24.2,24.2,426538.0
2023-02-09,23.92,26.69,23.89,26.0,868621.0
2023-02-10,25.81,26.19,25.23,25.46,588673.0
2023-02-13,25.52,27.16,25.52,26.61,789056.0
2023-02-14,27.69,29.31,27.47,27.9,1151095.0
2023-02-15,28.4,30.68,27.8,30.44,1474045.0
2023-02-16,29.62,30.26,27.91,28.38,1492733.0
2023-02-17,28.38,28.56,26.59,26.63,929114.0
2023-02-20,26.69,29.01,26.47,28.77,967148.0
2023-02-21,28.41,29.57,28.14,28.4,870249.0
2023-02-22,28.27,29.7,27.74,29.16,808967.0
2023-02-23,28.91,29.08,27.82,27.9,610379.0
2023-02-24,28.98,30.81,28.82,30.38,1727361.0
2023-02-27,30.35,31.13,29.89,30.22,1190611.0
2023-02-28,31.13,31.42,30.0,31.14,1211815.0
2023-03-01,30.82,34.19,30.69,33.14,1571637.0
2023-03-02,32.99,33.81,32.63,32.99,991816.0
2023-03-03,31.66,32.41,30.19,31.81,1767294.0
2023-03-06,31.81,33.37,31.81,32.6,1205883.0
2023-03-07,32.6,32.64,30.9,31.24,889853.0
2023-03-08,31.2,31.83,30.56,31.81,769700.0
2023-03-09,31.77,33.16,31.24,32.41,910402.0
2023-03-10,31.83,32.31,31.03,31.04,708710.0
2023-03-13,30.82,32.95,30.82,32.63,908220.0
2023-03-14,32.32,32.5,30.92,31.63,842748.0
2023-03-15,32.17,32.31,31.09,31.21,467630.0
2023-03-16,31.0,31.3,29.84,29.92,811798.0
2023-03-17,30.46,32.41,30.21,31.97,1084465.0
2023-03-20,32.01,34.66,32.01,32.61,1243101.0
2023-03-21,33.11,34.11,32.24,33.48,850662.0
2023-03-22,33.21,36.49,32.97,36.15,1448784.0
2023-03-23,35.81,37.93,35.71,36.99,1413786.0
2023-03-24,36.49,38.9,36.16,38.31,1268210.0
2023-03-27,37.91,38.41,36.51,37.21,1174059.0
2023-03-28,37.01,37.67,35.66,36.01,870130.0
2023-03-29,35.87,39.73,35.41,38.82,1982345.0
2023-03-30,38.36,38.96,36.49,36.93,1424675.0
2023-03-31,36.61,37.79,35.6,37.14,941522.0
2023-04-03,37.51,40.49,37.51,40.27,1481281.0
2023-04-04,40.26,41.97,39.29,39.97,1215068.0
2023-04-06,38.81,40.82,38.77,39.49,1056252.0
2023-04-07,39.23,39.51,38.34,38.89,695680.0
2023-04-10,38.71,40.11,36.62,37.37,1036821.0
2023-04-11,37.37,39.83,36.5,39.83,1113058.0
2023-04-12,40.4,43.14,40.14,41.66,1498839.0
2023-04-13,41.18,41.87,37.71,38.37,1158437.0
2023-04-14,38.97,41.6,37.6,40.34,992532.0
2023-04-17,40.1,43.11,39.4,42.36,1176182.0
2023-04-18,42.7,46.72,41.51,46.69,1859106.0
2023-04-19,46.52,51.48,46.52,48.55,2599340.0
2023-04-20,50.01,53.52,49.03,53.52,1853572.0
2023-04-21,52.81,53.81,50.86,52.35,1784624.0
2023-04-24,50.96,54.36,49.91,52.8,1523275.0
2023-04-25,52.42,58.2,51.42,58.2,1786923.0
2023-04-26,56.71,57.29,52.26,52.26,1851328.0
2023-04-27,49.81,51.31,46.92,46.92,2123931.0
2023-04-28,46.81,49.89,46.78,49.51,1567780.0
2023-05-04,48.8,50.96,48.53,49.56,1168156.0
2023-05-05,49.01,49.7,46.39,47.22,1176596.0
2023-05-08,47.74,50.31,46.49,49.36,1040508.0
2023-05-09,48.81,53.81,48.64,51.79,1363835.0
2023-05-10,51.19,52.23,47.7,48.91,1145893.0
2023-05-11,48.31,48.78,44.75,45.16,1310664.0
2023-05-12,45.29,46.07,44.32,44.47,803978.0
2023-05-15,44.62,44.91,42.64,44.8,863200.0
2023-05-16,44.4,44.79,42.9,43.01,674201.0
2023-05-17,43.0,45.47,42.98,44.24,837747.0
2023-05-18,44.51,47.96,44.49,47.15,1187197.0
2023-05-19,47.2,48.79,45.73,45.91,831404.0
2023-05-22,45.21,46.97,44.15,44.96,611875.0
2023-05-23,44.56,44.96,43.44,43.63,509607.0
2023-05-24,43.69,44.71,42.69,43.53,620899.0
2023-05-25,45.44,46.71,43.71,46.01,1003846.0
2023-05-26,45.62,49.69,45.31,48.95,1262828.0
2023-05-29,49.43,50.81,48.77,48.9,1001246.0
2023-05-30,48.03,53.06,48.03,52.85,1239914.0
2023-05-31,52.47,52.8,51.31,52.31,828921.0
2023-06-01,51.31,54.01,51.14,51.5,974964.0
2023-06-02,51.91,52.31,49.58,49.59,887148.0
2023-06-05,49.6,51.06,49.43,50.57,606525.0
2023-06-06,51.46,52.01,48.3,48.81,830368.0
2023-06-07,48.47,49.61,47.73,48.62,635642.0
2023-06-08,48.07,49.37,46.89,48.63,708775.0
2023-06-09,48.43,51.51,47.53,51.07,984898.0
2023-06-12,50.62,52.45,50.04,50.23,716927.0
2023-06-13,49.89,53.98,48.91,52.81,1295483.0
2023-06-14,52.43,55.7,50.74,54.44,1470504.0
2023-06-15,54.03,54.83,52.85,52.94,785626.0
2023-06-16,52.63,55.52,51.86,54.81,1163952.0
2023-06-19,55.43,60.23,54.53,60.15,1431604.0
2023-06-20,58.52,59.74,56.17,58.71,1369545.0
2023-06-21,57.23,57.41,53.66,53.69,1140550.0
2023-06-26,52.03,53.29,48.22,48.22,1125014.0
2023-06-27,48.16,48.85,46.73,48.26,790576.0
2023-06-28,48.38,48.51,44.33,46.83,1017455.0
2023-06-29,47.17,48.83,46.23,48.77,791959.0
2023-06-30,48.23,50.66,47.78,49.93,675507.0
2023-07-03,49.47,50.02,47.53,49.16,589850.0
2023-07-04,48.53,49.78,48.53,49.13,396090.0
2023-07-05,48.99,49.24,47.08,47.09,561440.0
2023-07-06,46.55,48.93,46.49,47.78,499639.0
2023-07-07,47.48,47.67,45.25,45.81,569612.0
2023-07-10,45.81,46.27,45.44,45.88,295403.0
2023-07-11,45.83,48.82,45.83,47.7,615310.0
2023-07-12,47.01,47.79,43.83,44.17,899158.0
2023-07-13,44.2,45.49,43.86,44.74,562285.0
2023-07-14,45.3,48.53,45.16,47.73,993938.0
2023-07-17,47.72,50.03,47.27,48.53,854573.0
2023-07-18,48.53,49.41,47.5,47.51,573764.0
2023-07-19,47.73,48.46,46.23,47.02,416799.0
2023-07-20,46.93,47.08,44.14,44.28,616921.0
2023-07-21,44.08,44.53,42.64,43.15,522652.0
2023-07-24,43.82,46.78,43.73,45.17,760152.0
2023-07-25,46.03,46.23,44.59,45.21,569816.0
2023-07-26,45.21,45.21,43.73,44.2,351627.0
2023-07-27,43.98,44.73,43.53,43.78,306081.0
2023-07-28,43.48,44.53,42.95,44.18,452502.0
2023-07-31,43.53,44.83,42.93,43.93,498519.0
2023-08-01,43.58,45.21,43.21,44.67,520889.0
2023-08-02,44.07,44.65,43.69,44.03,302272.0
2023-08-03,43.63,45.03,43.53,44.29,377743.0
2023-08-04,44.02,46.03,43.86,45.67,628824.0
2023-08-07,46.03,46.71,44.93,45.06,591361.0
2023-08-08,44.81,45.33,44.11,44.18,336769.0
2023-08-09,44.03,44.51,41.23,41.47,809006.0
2023-08-10,41.13,41.83,40.54,41.23,438035.0
2023-08-11,41.41,41.61,39.52,39.67,479616.0
2023-08-14,39.01,40.84,38.88,40.83,426272.0
2023-08-15,41.17,41.4,39.73,40.2,358867.0
2023-08-16,39.84,40.2,38.89,39.02,341645.0
2023-08-17,38.91,40.43,38.53,39.85,326311.0
2023-08-18,39.82,39.89,38.31,38.31,295260.0
2023-08-21,38.51,39.33,38.23,38.38,268590.0
2023-08-22,39.16,39.93,38.14,39.88,476567.0
2023-08-23,39.28,39.37,38.07,38.21,392995.0
2023-08-24,38.92,39.39,38.39,38.62,433295.0
2023-08-25,38.03,38.03,35.81,36.15,687622.0
2023-08-28,39.09,39.1,36.94,37.19,597717.0
2023-08-29,37.19,38.88,36.8,38.38,525912.0
2023-08-30,38.41,39.88,38.24,39.41,588785.0
2023-08-31,39.03,40.77,38.86,39.72,589394.0
2023-09-01,39.5,39.95,38.96,39.33,342199.0
2023-09-04,39.62,40.89,39.22,40.88,531030.0
2023-09-05,40.62,40.62,39.28,39.37,452006.0
2023-09-06,39.04,39.88,38.63,39.64,299754.0
2023-09-07,39.5,39.5,38.46,38.46,277596.0
2023-09-08,38.4,38.78,37.63,37.63,322236.0
2023-09-11,37.63,40.81,37.52,39.37,633434.0
2023-09-12,39.37,40.03,39.18,39.43,402330.0
2023-09-13,39.03,39.04,37.64,38.12,402211.0
2023-09-14,37.94,38.38,37.2,37.42,260329.0
2023-09-15,37.46,37.78,36.86,37.04,240854.0
2023-09-18,36.83,37.37,36.22,36.43,255656.0
2023-09-19,36.46,36.58,35.71,35.81,238957.0
2023-09-20,36.08,36.78,35.91,35.93,295083.0
2023-09-21,35.54,37.03,35.43,36.25,325040.0
2023-09-22,36.1,38.23,36.1,38.16,655034.0
2023-09-25,38.13,38.38,37.48,37.82,352177.0
2023-09-26,37.65,39.15,37.64,38.33,419467.0
2023-09-27,37.83,38.24,37.5,37.55,389895.0
2023-09-28,37.64,37.92,37.17,37.57,331510.0
2023-10-09,37.33,37.86,36.78,37.63,257720.0
2023-10-10,37.88,38.01,37.24,37.38,244037.0
2023-10-11,37.51,39.44,37.14,38.41,582934.0
2023-10-12,38.53,38.77,37.64,38.13,318388.0
2023-10-13,37.71,37.72,36.17,36.44,455317.0
2023-10-16,36.4,36.47,35.47,35.73,268984.0
2023-10-17,35.91,35.93,34.81,35.41,263629.0
2023-10-18,36.03,36.81,33.7,35.6,592862.0
2023-10-19,35.08,38.35,35.03,36.45,727635.0
2023-10-20,36.02,36.63,35.01,35.09,395263.0
2023-10-23,34.62,35.17,33.27,33.55,366433.0
2023-10-24,33.73,34.45,33.27,33.69,323743.0
2023-10-25,34.17,35.27,34.06,34.48,406630.0
2023-10-26,33.91,34.67,33.72,34.51,317331.0
2023-10-27,34.43,35.99,33.74,35.18,439808.0
2023-10-30,35.11,36.61,34.99,36.61,475121.0
2023-10-31,36.51,36.52,35.5,35.82,358361.0
2023-11-01,35.71,37.11,35.71,36.28,477786.0
2023-11-02,36.41,36.92,35.68,35.79,291702.0
2023-11-03,35.71,36.56,35.64,36.37,303682.0
2023-11-06,36.9,38.04,36.48,37.9,508416.0
2023-11-07,37.68,39.38,37.59,39.2,633392.0
2023-11-08,39.16,40.77,39.12,39.52,767051.0
2023-11-09,39.36,40.55,39.3,40.01,618158.0
2023-11-10,39.36,39.71,38.59,38.59,484224.0
2023-11-13,38.73,39.79,38.71,39.21,383185.0
2023-11-14,39.26,39.82,38.81,39.47,351260.0
2023-11-15,40.47,40.51,39.51,39.51,346983.0
2023-11-16,39.15,39.78,38.86,38.86,247017.0
2023-11-17,38.71,39.6,38.61,39.25,260925.0
2023-11-20,39.31,40.6,38.46,40.22,527267.0
2023-11-21,40.05,40.28,38.99,39.07,333132.0
2023-11-22,39.05,39.35,38.47,38.47,259771.0
2023-11-23,38.41,39.01,37.72,38.85,310240.0
2023-11-24,38.78,38.78,37.04,37.11,374156.0
2023-11-27,36.77,37.37,36.74,36.97,222135.0
2023-11-28,37.09,37.66,36.86,37.23,221575.0
2023-11-29,37.12,37.48,36.78,36.8,208987.0
2023-11-30,36.61,36.85,35.81,36.16,289750.0
2023-12-01,36.07,37.61,35.99,37.24,336164.0
2023-12-04,37.35,40.21,37.34,39.01,718355.0
2023-12-05,38.74,38.96,37.46,37.5,428767.0
2023-12-06,37.19,38.2,36.81,38.08,354463.0
2023-12-07,37.82,38.59,37.65,38.29,369229.0
2023-12-08,38.19,40.75,38.13,40.32,923880.0
2023-12-11,39.96,40.45,39.73,40.27,477186.0
2023-12-12,40.31,42.11,40.22,40.69,672947.0
2023-12-13,40.61,40.8,39.5,39.55,410431.0
2023-12-14,39.69,40.27,38.99,39.26,323914.0
2023-12-15,39.26,39.53,38.23,38.24,310732.0
2023-12-18,38.11,39.18,37.99,38.49,256211.0
2023-12-19,38.33,39.02,38.11,38.91,245743.0
2023-12-20,39.04,39.04,37.47,37.47,311725.0
2023-12-21,36.83,39.01,36.77,38.56,349150.0
2023-12-22,38.38,39.26,37.81,38.12,342786.0
2023-12-25,38.12,38.56,36.41,37.46,300460.0
2023-12-26,37.44,37.44,35.98,36.38,267832.0
2023-12-27,36.45,37.24,36.45,36.85,207462.0
2023-12-28,36.65,38.11,36.38,38.0,301579.0
2023-12-29,37.87,39.25,37.82,38.6,313880.0
2024-01-02,38.5,39.19,38.2,38.22,246385.0
2024-01-03,38.21,38.47,37.01,37.53,264739.0
2024-01-04,37.31,38.07,37.01,38.05,226438.0
2024-01-05,37.79,37.86,36.11,36.34,342918.0
2024-01-08,36.11,36.11,34.91,34.91,254990.0
2024-01-09,35.11,35.58,33.91,34.5,266248.0
2024-01-10,34.4,34.41,33.38,33.41,215305.0
2024-01-11,33.38,34.54,33.37,34.45,269921.0
2024-01-12,34.13,34.32,33.37,33.39,222824.0
2024-01-15,33.08,33.22,31.64,31.73,500976.0
2024-01-16,31.61,31.85,30.74,31.24,435476.0
2024-01-17,31.21,31.79,30.91,30.94,281490.0
2024-01-18,30.51,32.02,30.29,32.0,458735.0
2024-01-19,31.79,32.31,31.61,31.62,307947.0
2024-01-22,32.02,32.41,30.67,31.11,350340.0
2024-01-23,30.81,32.79,30.81,32.51,475287.0
2024-01-24,32.55,32.84,31.47,32.75,398674.0
2024-01-25,32.72,34.3,32.32,34.1,537115.0
2024-01-26,33.99,34.08,32.99,33.1,369727.0
2024-01-29,33.25,33.74,32.21,32.72,343518.0
2024-01-30,32.31,33.2,31.79,31.97,274132.0
2024-01-31,31.77,31.95,30.42,30.46,350634.0
2024-02-01,30.11,32.01,29.45,31.09,363368.0
2024-02-02,31.01,31.41,28.11,29.9,461567.0
2024-02-05,29.41,30.52,27.83,29.21,409965.0
2024-02-06,28.66,31.94,28.62,31.51,439360.0
2024-02-07,31.41,32.49,31.21,31.76,405647.0
2024-02-08,32.31,33.36,32.29,33.11,420773.0
2024-02-19,35.12,36.51,34.29,36.51,865297.0
2024-02-20,36.01,36.56,35.59,35.69,683703.0
2024-02-21,34.97,36.21,34.82,35.23,497427.0
2024-02-22,37.61,38.84,37.6,38.25,1201171.0
2024-02-23,38.84,38.98,37.97,38.43,901236.0
2024-02-26,38.58,41.91,38.29,40.8,1141289.0
2024-02-27,40.18,44.97,39.91,44.97,895780.0
2024-02-28,49.32,49.56,46.65,46.67,2620772.0
2024-02-29,47.67,50.47,46.91,48.82,2348190.0
2024-03-01,48.06,53.11,47.82,52.61,2145321.0
2024-03-04,53.91,53.91,50.98,53.03,1862161.0
2024-03-05,51.7,55.91,50.91,52.05,1858704.0
2024-03-06,51.21,54.51,50.79,53.61,1713587.0
2024-03-07,53.12,53.76,50.91,51.18,1465635.0
2024-03-08,51.71,52.69,50.87,52.26,1186345.0
2024-03-11,50.91,54.23,50.71,54.23,1426591.0
2024-03-12,54.01,54.08,51.81,52.31,1183153.0
2024-03-13,53.13,53.35,50.67,50.73,1224540.0
2024-03-14,49.71,52.18,49.7,51.41,1183551.0
2024-03-15,51.14,51.66,49.98,51.57,873247.0
2024-03-18,51.41,52.82,51.09,52.41,1177212.0
2024-03-19,51.91,53.21,51.19,51.54,874828.0
2024-03-20,51.41,54.04,51.41,52.53,1173258.0
2024-03-21,52.19,53.13,51.29,51.37,803350.0
2024-03-22,51.41,53.79,51.41,53.2,1408077.0
2024-03-25,53.11,53.48,50.88,50.88,1118744.0
2024-03-26,50.74,52.04,47.49,47.88,1458728.0
2024-03-27,47.82,48.28,45.99,46.16,930351.0
2024-03-28,46.41,49.03,46.23,47.98,1103207.0
2024-03-29,47.48,47.6,45.96,46.86,688075.0
2024-04-01,47.46,48.61,47.09,48.0,690567.0
2024-04-02,47.86,48.17,46.29,46.65,576369.0
2024-04-03,46.36,46.56,45.0,45.16,576502.0
2024-04-08,44.91,46.01,44.9,45.01,412734.0
2024-04-09,45.01,45.18,43.79,44.59,478818.0
2024-04-10,44.51,44.51,42.82,43.04,460364.0
2024-04-11,43.07,44.28,43.06,43.49,482854.0
2024-04-12,44.15,45.3,44.11,44.11,592906.0
2024-04-15,44.13,45.3,43.84,44.71,582599.0
2024-04-16,44.21,46.48,43.96,45.12,894511.0
2024-04-17,45.64,47.11,44.91,47.1,896397.0
2024-04-18,46.29,47.0,45.33,45.86,799053.0
2024-04-19,45.46,45.8,43.42,43.78,769633.0
2024-04-22,41.31,42.09,41.04,41.62,718340.0
2024-04-23,41.99,42.23,40.91,40.99,450558.0
2024-04-24,41.51,43.55,41.23,43.32,692655.0
2024-04-25,42.9,43.93,42.69,43.3,425567.0
2024-04-26,43.92,46.11,43.92,45.7,857434.0
2024-04-29,46.25,47.33,45.99,46.88,732785.0
2024-04-30,47.11,47.77,45.9,46.79,716256.0
2024-05-06,47.73,47.76,45.99,46.32,533740.0
2024-05-07,46.41,46.77,45.03,45.39,549856.0
2024-05-08,45.13,45.84,44.67,45.2,352290.0
2024-05-09,45.22,45.61,44.66,45.61,447618.0
2024-05-10,45.41,45.46,43.42,43.61,623749.0
2024-05-13,43.21,43.69,42.53,42.7,377971.0
2024-05-14,42.97,43.49,42.55,43.34,351395.0
2024-05-15,43.12,43.64,42.64,42.88,311629.0
2024-05-16,43.52,44.41,43.03,43.64,590214.0
2024-05-17,43.21,43.51,42.69,43.33,365430.0
2024-05-20,43.01,44.06,42.52,43.66,462990.0
2024-05-21,43.74,44.06,42.94,42.99,296624.0
2024-05-22,42.9,43.2,42.61,43.0,241930.0
2024-05-23,43.34,43.41,41.56,41.76,418900.0
2024-05-24,41.76,42.23,40.46,40.46,415192.0
2024-05-27,40.5,41.28,39.82,41.28,390834.0
2024-05-28,41.08,41.4,40.2,40.26,284395.0
2024-05-29,40.51,40.67,39.24,39.69,345946.0
2024-05-30,39.36,39.87,38.9,39.51,249240.0
2024-05-31,39.58,40.79,39.42,39.98,309811.0
2024-06-03,39.99,40.4,39.46,39.89,290386.0
2024-06-04,39.91,40.1,39.11,39.67,267803.0
2024-06-05,39.71,40.0,38.98,39.04,232705.0
2024-06-06,39.38,40.56,39.05,39.3,468422.0
2024-06-07,39.34,39.4,37.76,38.13,451072.0
2024-06-11,38.01,39.36,37.78,39.27,396550.0
2024-06-12,39.15,39.93,39.07,39.57,283448.0
2024-06-13,39.57,40.69,39.57,40.12,380984.0
2024-06-14,39.83,41.78,39.8,41.54,578391.0
2024-06-17,41.46,41.48,40.7,41.03,354874.0
2024-06-18,40.86,42.78,40.79,41.97,490593.0
2024-06-19,42.02,42.93,41.8,41.8,431984.0
2024-06-20,41.32,41.33,40.24,40.25,402184.0
2024-06-21,39.82,40.71,39.4,40.54,262076.0
2024-06-24,40.28,40.49,38.93,39.04,266520.0
2024-06-25,39.08,39.15,37.29,37.77,326724.0
2024-06-26,37.78,41.36,37.74,41.11,508693.0
2024-06-27,40.83,41.35,40.3,40.36,410632.0
2024-06-28,40.09,41.49,40.03,40.78,398837.0
2024-07-01,40.73,41.07,39.57,40.71,349276.0
2024-07-02,40.44,40.92,39.54,39.87,263648.0
2024-07-03,39.84,39.91,38.71,39.29,228141.0
2024-07-04,39.74,39.75,38.44,38.48,212575.0
2024-07-05,38.58,39.66,38.5,38.96,290516.0
2024-07-08,38.83,38.84,37.78,38.03,256539.0
2024-07-09,38.08,39.83,37.66,39.68,446487.0
2024-07-10,39.38,39.9,39.3,39.43,258709.0
2024-07-11,40.24,40.53,39.45,40.52,439476.0
2024-07-12,40.2,40.2,39.49,39.7,253144.0
2024-07-15,39.43,39.98,39.11,39.56,183647.0
2024-07-16,39.34,42.2,39.19,41.58,697330.0
2024-07-17,41.34,42.57,41.06,41.13,541307.0
2024-07-18,40.59,40.98,39.16,40.51,497395.0
2024-07-19,40.29,43.46,40.29,42.8,884492.0
2024-07-22,43.44,44.79,42.84,43.71,909672.0
2024-07-23,43.91,44.47,42.28,42.38,646153.0
2024-07-24,42.34,43.84,42.34,42.77,597545.0
2024-07-25,42.09,43.56,41.98,42.82,518740.0
2024-07-26,42.49,43.09,41.21,42.17,528975.0
2024-07-29,42.19,42.26,41.28,41.28,327596.0
2024-07-30,40.81,41.28,40.05,41.28,342285.0
2024-07-31,41.07,43.18,40.96,43.18,533691.0
2024-08-01,43.52,43.54,42.59,42.99,411318.0
2024-08-02,42.28,43.92,42.08,42.17,432933.0
2024-08-05,41.28,42.17,39.78,39.78,477129.0
2024-08-06,40.58,40.76,39.36,40.39,319584.0
2024-08-07,40.23,40.47,38.18,38.69,407821.0
2024-08-08,38.27,39.09,37.78,38.44,292894.0
2024-08-09,38.97,39.13,38.25,38.27,196396.0
2024-08-12,38.18,38.58,37.83,38.22,170210.0
2024-08-13,38.31,38.8,38.19,38.78,169457.0
2024-08-14,39.12,39.12,38.34,38.39,138747.0
2024-08-15,37.79,39.27,37.77,38.77,259556.0
2024-08-16,38.78,39.26,38.58,38.82,186334.0
2024-08-19,38.83,39.75,38.66,39.28,206497.0
2024-08-20,39.28,39.29,38.16,38.3,209447.0
2024-08-21,38.09,38.66,38.09,38.28,137136.0
2024-08-22,38.36,38.58,35.65,35.79,489856.0
2024-08-23,35.8,36.31,35.07,35.66,345197.0
2024-08-26,35.68,35.86,34.44,34.96,314781.0
2024-08-27,34.73,34.83,34.11,34.29,208373.0
2024-08-28,34.29,34.76,34.1,34.58,168931.0
2024-08-29,34.39,35.3,34.17,34.86,224848.0
2024-08-30,34.86,36.56,34.78,36.16,365379.0
2024-09-02,36.15,36.35,34.89,34.91,239585.0
2024-09-03,34.91,35.4,34.74,35.13,150839.0
2024-09-04,34.58,35.03,34.44,34.74,133841.0
2024-09-05,34.87,35.53,34.83,34.99,151854.0
2024-09-06,34.93,35.26,33.35,33.6,287804.0
2024-09-09,33.46,33.88,33.38,33.8,149419.0
2024-09-10,33.8,35.82,33.52,35.25,312971.0
2024-09-11,34.88,35.42,34.86,35.35,172889.0
2024-09-12,35.47,35.96,35.02,35.04,183771.0
2024-09-13,35.07,35.44,34.61,34.74,149741.0
2024-09-18,34.74,35.07,34.31,34.85,146116.0
2024-09-19,35.08,35.91,34.63,35.58,238216.0
2024-09-20,35.58,36.04,35.41,35.87,228889.0
2024-09-23,35.64,36.58,35.58,35.64,224221.0
2024-09-24,35.88,37.59,35.18,37.51,474391.0
2024-09-25,37.88,39.02,37.48,37.58,516989.0
2024-09-26,37.53,38.94,37.31,38.9,398354.0
2024-09-27,39.56,42.83,39.15,42.66,541079.0
2024-09-30,45.38,47.0,44.7,47.0,1048027.0
2024-10-08,51.77,51.77,49.38,51.77,727520.0
2024-10-09,53.28,57.02,52.18,55.23,2112514.0
2024-10-10,55.28,55.78,49.68,51.79,1333839.0
2024-10-11,50.73,52.83,49.8,50.29,920692.0
2024-10-14,50.54,51.37,48.03,51.28,958240.0
2024-10-15,51.28,53.38,50.43,50.47,918934.0
2024-10-16,48.27,49.54,47.94,48.29,799001.0
2024-10-17,49.98,53.13,49.54,51.3,1434236.0
2024-10-18,50.78,56.16,50.63,54.5,1497897.0
2024-10-21,55.78,58.39,55.44,55.65,1586226.0
2024-10-22,54.28,55.38,53.7,54.5,891361.0
2024-10-23,54.53,55.48,53.41,53.74,827381.0
2024-10-24,53.25,54.57,53.03,53.88,557870.0
2024-10-25,54.28,54.4,53.01,53.7,574602.0
2024-10-28,53.7,54.06,53.05,53.51,477718.0
2024-10-29,53.6,58.93,53.37,58.93,1949009.0
2024-10-30,58.95,58.95,56.16,57.75,1531573.0
2024-10-31,57.76,62.43,56.64,60.48,1714891.0
2024-11-01,59.3,65.05,59.28,59.73,1565263.0
2024-11-04,59.92,65.78,58.35,65.78,1413367.0
2024-11-05,67.29,72.43,65.88,71.01,1893259.0
2024-11-06,71.17,74.18,68.24,71.39,1680654.0
2024-11-07,69.78,76.58,68.38,74.88,1419275.0
2024-11-08,75.29,81.78,75.29,78.72,1424103.0
2024-11-11,79.13,86.66,79.13,86.66,1654755.0
2024-11-12,89.21,89.21,80.29,83.18,1867924.0
2024-11-13,81.19,84.87,80.86,81.98,1108986.0
2024-11-14,80.48,80.48,75.83,76.14,1419799.0
2024-11-15,75.28,76.18,71.26,71.81,1515401.0
2024-11-18,71.81,73.21,69.48,70.63,1096341.0
2024-11-19,70.18,77.7,69.13,76.47,1460370.0
2024-11-20,75.16,80.17,74.18,76.98,1325650.0
2024-11-21,76.07,79.78,75.56,78.21,1052848.0
2024-11-22,78.19,79.16,73.86,74.13,1000200.0
2024-11-25,73.88,78.87,72.14,78.35,1154215.0
2024-11-26,77.56,78.32,75.3,75.32,769733.0
2024-11-27,73.84,78.26,72.98,77.76,960959.0
2024-11-28,77.76,85.28,77.29,81.02,1511523.0
2024-11-29,79.48,85.23,79.39,84.08,1232981.0
2024-12-02,84.08,86.12,81.95,83.08,1129604.0
2024-12-03,82.48,84.08,74.81,77.13,1518061.0
2024-12-04,76.58,78.38,75.68,77.28,953055.0
2024-12-05,76.48,76.78,74.48,75.23,820594.0
2024-12-06,75.34,77.85,75.02,76.27,767835.0
2024-12-09,76.28,76.42,73.64,74.27,631128.0
2024-12-10,78.09,78.33,73.88,74.22,824031.0
2024-12-11,73.39,74.08,72.18,73.0,716034.0
2024-12-12,73.23,75.07,71.78,74.07,717016.0
2024-12-13,73.18,73.54,71.07,71.21,612949.0
2024-12-16,71.2,72.38,70.39,70.67,449606.0
2024-12-17,70.84,72.0,70.42,70.73,420176.0
2024-12-18,71.0,71.74,70.41,71.17,398513.0
2024-12-19,70.29,76.46,70.08,75.54,1133662.0
2024-12-20,74.48,76.58,73.88,74.82,780603.0
2024-12-23,75.28,77.78,75.27,76.06,909596.0
2024-12-24,76.28,77.24,74.88,76.26,617028.0
2024-12-25,77.13,80.02,76.96,78.08,1045983.0
2024-12-26,77.08,79.27,76.47,78.29,821767.0
2024-12-27,78.3,78.67,73.87,74.12,1051070.0
2024-12-30,74.12,75.21,73.08,73.32,631856.0
2024-12-31,73.45,73.48,71.41,71.6,519071.0
2025-01-02,71.48,71.48,66.29,67.23,898995.0
2025-01-03,66.7,67.07,64.06,64.1,683665.0
2025-01-06,63.45,65.26,63.17,63.79,445007.0
2025-01-07,63.88,65.83,63.66,65.83,582798.0
2025-01-08,65.18,65.45,62.64,64.72,601194.0
2025-01-09,64.24,66.07,64.18,65.02,457425.0
2025-01-10,61.98,63.37,60.93,60.94,913405.0
2025-01-13,59.59,60.92,59.46,60.17,427070.0
2025-01-14,61.15,63.72,60.29,63.62,726678.0
2025-01-15,63.62,65.72,62.95,63.77,665672.0
2025-01-16,63.77,65.27,62.51,63.26,509714.0
2025-01-17,62.86,64.67,62.86,63.7,405838.0
2025-01-20,64.58,65.07,63.67,64.01,361293.0
2025-01-21,64.27,65.18,63.94,64.53,421222.0
2025-01-22,64.23,66.76,63.86,66.0,756128.0
2025-01-23,66.45,67.82,64.69,64.8,693666.0
2025-01-24,64.47,65.99,64.29,65.78,427086.0
2025-01-27,69.28,69.28,66.01,66.27,732829.0
2025-02-05,69.28,71.46,68.28,71.38,1133787.0
2025-02-06,71.99,72.96,69.95,72.28,891983.0
2025-02-07,72.49,78.06,71.86,74.3,1400293.0
2025-02-10,74.47,77.78,74.46,75.79,1034590.0
2025-02-11,75.28,76.28,73.53,74.24,860064.0
2025-02-12,73.68,74.72,73.35,74.1,694133.0
2025-02-13,74.18,74.42,71.62,71.78,735626.0
2025-02-14,71.58,73.78,71.36,73.26,652651.0
2025-02-17,75.28,77.98,74.6,75.43,1022048.0
2025-02-18,75.43,75.44,71.8,72.2,710834.0
2025-02-19,72.2,73.63,71.81,73.35,500804.0
2025-02-20,73.35,73.35,71.88,72.29,452757.0
2025-02-21,73.08,76.59,73.08,76.23,1284417.0
2025-02-24,76.88,77.61,75.28,76.57,950086.0
2025-02-25,75.1,77.28,74.78,75.38,629796.0
2025-02-26,75.97,77.78,74.48,77.48,919676.0
2025-02-27,78.26,78.29,74.78,75.67,740434.0
2025-02-28,74.78,75.26,70.75,71.02,726439.0
2025-03-03,71.01,71.58,69.09,69.76,460213.0
2025-03-04,68.78,70.71,68.51,70.47,328403.0
2025-03-05,70.76,71.47,69.78,70.9,317819.0
2025-03-06,71.61,73.28,71.61,72.77,469456.0
2025-03-07,72.8,73.21,70.93,71.36,379725.0
2025-03-10,71.07,71.56,69.78,70.31,340819.0
2025-03-11,68.92,70.08,68.77,70.0,300157.0
2025-03-12,70.38,71.97,70.38,71.1,411314.0
2025-03-13,70.96,70.98,69.0,69.32,318776.0
2025-03-14,69.27,71.39,69.06,70.7,337335.0
2025-03-17,70.79,71.38,70.28,70.59,233187.0
2025-03-18,70.69,71.46,70.48,70.72,229008.0
2025-03-19,70.48,70.48,69.36,69.77,233286.0
2025-03-20,69.77,69.94,69.18,69.34,197442.0
2025-03-21,69.04,69.08,66.42,66.48,435434.0
2025-03-24,66.49,67.04,64.53,66.15,337629.0
2025-03-25,66.17,66.18,64.63,64.81,208878.0
2025-03-26,64.71,65.45,64.48,64.61,183836.0
2025-03-27,64.61,65.67,64.49,64.99,230836.0
2025-03-28,65.19,66.05,64.64,65.36,195956.0
2025-03-31,64.69,65.78,63.8,65.64,237314.0
2025-04-01,65.94,66.05,65.16,65.17,185951.0
2025-04-02,64.96,65.48,64.62,64.75,139706.0
2025-04-03,64.3,65.24,63.88,64.5,179911.0
2025-04-07,60.25,62.11,57.98,58.68,659961.0
2025-04-08,58.88,60.85,58.86,60.53,487303.0
2025-04-09,59.78,64.62,59.29,63.88,640548.0
2025-04-10,65.48,65.76,63.68,64.56,560090.0
2025-04-11,64.48,65.67,63.72,64.74,396984.0
2025-04-14,65.28,65.48,64.68,64.78,293544.0
2025-04-15,64.77,65.76,63.67,64.9,257718.0
2025-04-16,65.27,65.42,64.37,65.18,243763.0
2025-04-17,64.65,65.38,64.45,64.78,213557.0
2025-04-18,64.5,64.5,62.6,64.33,244936.0
2025-04-21,64.16,64.51,63.88,64.33,211850.0
2025-04-22,64.17,64.18,63.09,63.2,227375.0
2025-04-23,63.52,63.73,61.86,62.67,314288.0
2025-04-24,62.38,62.46,61.28,61.33,267172.0
2025-04-25,61.58,61.81,61.16,61.35,182935.0
2025-04-28,61.38,62.63,61.38,61.46,195477.0
2025-04-29,61.5,61.72,60.85,61.53,137358.0
2025-04-30,61.59,63.02,61.59,62.6,272132.0
2025-05-06,63.25,64.4,63.02,64.38,309844.0
2025-05-07,65.46,65.58,63.74,64.37,304576.0
2025-05-08,64.08,64.58,63.86,64.45,200343.0
2025-05-09,64.46,64.47,63.39,63.67,150570.0
2025-05-12,64.06,64.66,63.9,64.27,194752.0
2025-05-13,64.73,64.84,63.64,63.68,199931.0
2025-05-14,63.86,64.38,63.57,64.07,186364.0
2025-05-15,64.08,64.09,62.25,62.62,205101.0
2025-05-16,62.48,62.83,62.0,62.12,171076.0
2025-05-19,62.23,62.52,61.84,62.42,114303.0
2025-05-20,62.46,62.83,62.09,62.56,118770.0
2025-05-21,62.74,62.74,62.16,62.24,106679.0
2025-05-22,62.28,62.48,61.67,61.74,110178.0
2025-05-23,62.0,62.86,61.45,61.45,154570.0
2025-06-10,67.64,67.64,67.64,67.64,67196.0
2025-06-11,72.55,72.66,68.56,69.11,1296830.0
2025-06-12,68.55,70.02,67.15,68.91,650530.0
2025-06-13,68.17,68.75,67.58,68.04,398407.0
2025-06-16,67.91,69.35,67.66,68.37,267889.0
2025-06-17,68.06,68.34,67.15,67.46,231801.0
2025-06-18,67.25,67.52,66.43,66.95,203699.0
2025-06-19,66.85,68.15,66.65,67.1,244228.0
2025-06-20,67.08,67.43,66.3,66.45,163987.0
2025-06-23,65.86,66.53,65.7,66.19,152347.0
2025-06-24,66.42,67.99,66.36,67.45,307421.0
2025-06-25,67.45,68.34,67.17,67.94,280307.0
2025-06-26,68.15,72.43,68.15,70.44,944067.0
2025-06-27,71.02,71.03,69.43,69.48,381555.0
2025-06-30,69.84,70.31,69.22,69.95,224822.0
2025-07-01,69.67,69.9,68.56,68.87,232983.0
2025-07-02,68.63,68.85,67.66,67.83,189264.0
2025-07-03,67.9,68.43,67.77,68.31,153505.0
2025-07-04,68.35,68.84,68.05,68.21,160412.0
2025-07-07,68.05,68.15,67.5,67.59,143666.0
2025-07-08,67.61,68.65,67.61,68.58,197297.0
2025-07-09,68.98,69.05,67.91,67.98,180215.0
2025-07-10,68.02,68.05,67.46,67.53,174298.0
2025-07-11,67.53,68.83,67.47,68.36,265357.0
2025-07-14,68.54,68.89,68.16,68.25,136347.0
2025-07-15,68.27,70.0,68.08,69.27,360094.0
2025-07-16,69.42,69.96,68.86,69.24,231899.0
2025-07-17,69.15,69.44,68.61,69.37,214364.0
2025-07-18,69.47,69.66,68.98,69.06,198598.0
2025-07-21,69.05,69.27,68.78,68.95,161421.0
2025-07-22,69.04,69.36,68.27,68.42,203237.0
2025-07-23,68.42,68.67,68.1,68.2,184272.0
2025-07-24,68.35,68.78,68.07,68.65,241759.0
2025-07-25,68.75,70.21,68.46,69.91,476846.0
2025-07-28,70.21,70.21,68.72,68.93,331915.0
2025-07-29,68.73,70.05,68.25,69.9,407996.0
2025-07-30,69.64,69.64,68.49,68.61,285297.0
2025-07-31,68.63,69.68,68.26,68.51,370785.0
2025-08-01,68.61,69.07,67.44,67.64,273963.0
2025-08-04,67.35,69.53,67.26,68.89,285787.0
2025-08-05,68.65,68.8,68.33,68.78,159581.0
2025-08-06,68.9,68.9,67.95,68.47,234990.0
2025-08-07,68.47,68.87,68.07,68.15,207028.0
2025-08-08,68.21,68.32,67.6,67.63,177366.0
2025-08-11,67.55,67.88,67.51,67.76,145583.0
2025-08-12,67.78,69.27,67.56,68.68,410791.0
2025-08-13,68.75,69.55,68.75,69.28,453940.0
2025-08-14,69.55,76.24,69.34,73.63,1402499.0
2025-08-15,72.73,73.78,72.46,73.19,642295.0
2025-08-18,73.79,75.05,73.28,74.05,724443.0
2025-08-19,74.05,74.79,72.55,72.56,649769.0
2025-08-20,72.29,75.89,71.55,75.69,1009156.0
2025-08-21,75.69,77.17,74.35,74.85,734991.0
2025-08-22,76.16,82.38,76.16,82.38,1298995.0
2025-08-25,90.66,90.66,90.66,90.66,174885.0
2025-08-26,93.39,93.53,88.81,90.87,2121721.0
2025-08-27,92.95,93.35,87.86,88.25,1412015.0
2025-08-28,87.43,92.38,87.43,92.06,1271432.0
2025-08-29,90.55,90.85,86.95,88.05,1173172.0
2025-09-01,89.06,93.33,87.54,91.69,1166038.0
2025-09-02,90.6,95.03,88.55,89.57,1107061.0
2025-09-03,89.1,89.67,85.56,86.58,746697.0
2025-09-04,86.65,87.13,77.88,79.03,1133264.0
2025-09-05,79.14,82.5,77.58,81.99,682445.0
2025-09-08,84.55,84.55,82.46,83.54,558896.0
2025-09-09,82.05,82.99,80.35,80.69,415762.0
2025-09-10,82.05,85.15,82.04,83.27,717331.0
2025-09-11,84.05,91.64,82.75,91.64,895212.0
2025-09-12,94.53,99.55,93.45,97.52,1668195.0
2025-09-15,100.55,104.13,99.12,102.01,1161041.0
2025-09-16,105.55,112.26,105.55,111.03,1492789.0
2025-09-17,107.69,109.3,104.8,108.04,1187211.0
2025-09-18,110.43,117.43,106.96,109.47,1543474.0
2025-09-19,109.54,112.35,105.55,106.38,866699.0
2025-09-22,107.35,117.06,105.55,117.06,1203690.0
2025-09-23,117.55,120.04,111.76,114.28,1168141.0
2025-09-24,114.64,118.55,112.71,117.1,870959.0
2025-09-25,117.54,127.23,117.11,125.05,976016.0
2025-09-26,122.54,124.75,119.15,119.99,782748.0
2025-09-29,120.01,120.75,114.55,120.1,750565.0
2025-09-30,122.05,122.55,117.9,118.8,530807.0
2025-10-09,121.41,127.67,121.41,122.71,757577.0
2025-10-10,120.15,120.55,111.49,112.91,878684.0
2025-10-13,106.88,115.07,106.88,114.23,580225.0
2025-10-14,115.33,115.7,104.15,105.05,814789.0
2025-10-15,105.2,110.45,104.49,109.88,565561.0
2025-10-16,106.67,109.12,106.22,107.13,363430.0
2025-10-17,107.12,107.74,103.25,104.3,444107.0
2025-10-20,106.68,107.61,103.81,104.5,388470.0
2025-10-21,105.26,108.7,104.07,107.76,488770.0
2025-10-22,106.57,111.01,106.21,109.2,515678.0
2025-10-23,108.05,109.05,104.55,107.11,340653.0
2025-10-24,109.08,114.43,107.96,113.47,629971.0
2025-10-27,115.86,116.21,112.56,114.55,559141.0
2025-10-28,113.48,115.04,112.32,113.05,395345.0
2025-10-29,113.44,116.15,112.35,113.88,472435.0
2025-10-30,114.08,114.88,109.88,110.2,575317.0
2025-10-31,110.55,110.94,105.06,106.0,508978.0
2025-11-03,104.56,106.43,103.43,106.01,333328.0
2025-11-04,106.43,109.5,105.81,106.77,345471.0
2025-11-05,103.93,106.84,102.85,106.17,348054.0
2025-11-06,107.55,115.99,107.55,114.05,803173.0
2025-11-07,112.15,112.87,109.62,110.71,453047.0
2025-11-10,110.75,110.76,104.42,106.45,479347.0
2025-11-11,107.6,110.45,105.28,105.56,314454.0
2025-11-12,104.55,105.31,103.05,104.09,299623.0
2025-11-13,104.1,105.93,103.13,105.1,270875.0
2025-11-14,102.55,103.12,100.24,100.25,386534.0
2025-11-17,99.86,102.85,99.39,100.4,298649.0
2025-11-18,99.55,101.95,99.05,99.98,317047.0
2025-11-19,99.45,100.96,98.79,99.54,224331.0
2025-11-20,101.55,102.33,99.51,99.51,222446.0
2025-11-21,97.53,98.35,95.22,95.32,325677.0
2025-11-24,95.57,96.4,91.89,95.15,381246.0
2025-11-25,96.1,96.73,94.23,94.73,393542.0
2025-11-26,94.55,98.78,93.43,97.32,508140.0
2025-11-27,98.77,103.56,98.55,98.68,579471.0
2025-11-28,97.69,98.89,96.49,98.71,277516.0
2025-12-01,101.85,101.85,98.55,100.68,466022.0
2025-12-02,99.81,100.31,98.4,99.16,266033.0
2025-12-03,99.17,99.81,97.15,97.58,253018.0
2025-12-04,96.56,100.25,95.55,99.38,341703.0
2025-12-05,98.14,99.18,96.35,98.48,349978.0
2025-12-08,98.48,101.75,98.15,100.88,412133.0
2025-12-09,99.85,101.83,99.47,99.68,364088.0
2025-12-10,89.67,91.33,89.67,89.67,530194.0
2025-12-11,88.57,90.47,88.01,89.18,994955.0
2025-12-12,88.37,88.54,85.68,88.5,879232.0
2025-12-15,87.49,88.21,84.98,85.03,547567.0
2025-12-16,85.03,85.23,81.85,82.27,532672.0
2025-12-17,83.04,85.75,82.5,85.53,547740.0
2025-12-18,84.35,86.15,84.25,84.43,319415.0
2025-12-19,85.52,86.85,84.9,85.4,429430.0
2025-12-22,86.54,87.75,86.4,86.98,463855.0
2025-12-23,86.97,87.95,86.05,87.21,432596.0
2025-12-24,87.22,87.55,86.21,86.7,403364.0
2025-12-25,86.73,87.05,85.55,86.23,346928.0
2025-12-26,86.32,86.33,84.76,85.36,434407.0
2025-12-29,85.36,86.3,84.55,84.74,440161.0
2025-12-30,84.55,86.37,84.32,84.94,390378.0
2025-12-31,84.96,86.55,84.13,85.19,427985.0
2026-01-05,85.37,87.51,85.37,87.35,600295.0
2026-01-06,87.55,90.96,87.15,89.02,710008.0
2026-01-07,89.05,89.79,87.98,88.69,470228.0
2026-01-08,89.05,95.48,89.05,92.55,996765.0
2026-01-09,92.55,93.34,90.8,92.89,645110.0
2026-01-12,93.19,96.42,92.44,95.54,775388.0
2026-01-13,95.57,96.23,90.97,91.05,712019.0
2026-01-14,91.05,94.54,90.96,92.98,733865.0
2026-01-15,92.56,93.53,91.36,92.66,451272.0
2026-01-16,93.53,94.18,91.75,93.03,499663.0
2026-01-19,93.9,94.63,92.26,93.79,526473.0
2026-01-20,93.75,95.49,91.15,91.41,508470.0
2026-01-21,90.83,98.43,90.72,97.78,1242779.0
2026-01-22,100.55,102.43,95.95,96.5,911615.0
2026-01-23,95.53,96.5,94.05,95.46,599049.0
2026-01-26,95.83,96.5,92.57,92.78,530269.0
2026-01-27,92.8,93.13,90.38,92.33,411272.0
2026-01-28,92.84,93.29,90.55,91.11,425649.0
2026-01-29,91.1,91.72,89.13,89.16,459299.0
2026-01-30,88.9,89.95,86.65,89.32,398622.0
2026-02-02,88.55,89.31,86.65,86.72,292699.0
2026-02-03,87.43,88.05,85.8,87.3,297012.0
2026-02-04,86.85,86.85,85.17,85.78,289709.0
2026-02-05,84.74,85.73,84.65,85.02,167506.0
2026-02-06,85.02,87.06,84.67,86.41,292507.0
2026-02-09,89.62,90.95,88.26,90.85,500588.0
2026-02-10,90.85,92.62,90.6,90.82,421510.0
2026-02-11,90.88,90.9,88.82,89.0,288097.0
2026-02-12,90.0,91.84,89.34,91.74,409012.0
2026-02-13,90.62,92.35,90.22,91.32,334841.0
2026-02-24,93.12,93.49,90.82,91.12,322301.0
2026-02-25,90.62,91.31,89.51,90.24,340780.0
2026-02-26,90.45,92.13,89.52,91.65,385376.0
2026-02-27,90.63,93.11,89.43,91.8,437612.0
2026-03-02,89.62,90.93,89.29,90.07,364173.0
2026-03-03,88.61,88.61,82.62,82.9,751783.0
2026-03-04,80.62,83.78,80.22,81.95,310093.0
2026-03-05,83.52,85.32,83.09,84.41,355100.0
2026-03-06,84.2,85.07,83.28,83.81,216409.0
2026-03-09,83.12,86.89,81.94,86.23,414923.0
2026-03-10,88.12,89.19,86.52,87.81,404992.0
2026-03-11,87.62,88.69,87.19,87.67,295443.0
2026-03-12,87.67,92.21,87.25,89.49,615393.0
2026-03-13,91.0,91.82,88.59,88.72,403761.0
2026-03-16,87.64,88.18,85.42,87.75,332618.0
2026-03-17,88.12,88.32,85.0,85.01,264789.0
2026-03-18,85.01,87.31,84.3,87.11,299966.0
2026-03-19,85.54,86.32,84.03,84.39,305099.0
2026-03-20,84.82,86.64,83.37,83.38,395726.0
2026-03-23,81.61,82.18,78.81,79.2,398396.0
2026-03-24,80.22,80.52,78.12,80.3,257859.0
2026-03-25,80.54,83.12,80.53,82.67,297581.0
2026-03-26,82.8,84.11,81.37,81.58,262756.0
2026-03-27,80.16,81.92,79.8,81.05,203437.0
2026-03-30,79.67,80.27,78.68,79.52,260979.0
2026-03-31,79.26,80.07,78.2,78.22,202236.0
2026-04-01,79.76,80.43,79.25,80.01,251262.0
2026-04-02,79.64,79.64,77.48,77.7,243086.0
2026-04-03,77.7,78.4,76.4,77.51,202614.0
2026-04-07,77.52,78.92,76.99,77.56,213564.0
2026-04-08,79.72,82.52,79.55,82.52,454582.0
2026-04-09,81.42,83.51,80.84,82.92,357336.0
2026-04-10,83.62,86.48,83.56,84.92,467892.0
2026-04-13,84.23,90.12,84.23,88.61,701246.0
2026-04-14,89.15,89.4,87.41,88.47,438271.0
2026-04-15,90.12,90.62,87.65,87.91,500843.0
2026-04-16,88.61,89.31,87.69,88.61,370045.0
2026-04-17,88.63,91.12,88.63,89.54,579036.0
2026-04-20,90.05,93.9,89.92,91.59,673754.0
2026-04-21,90.6,90.6,88.2,89.02,431334.0
2026-04-22,88.62,91.5,88.32,91.46,496670.0
2026-04-23,92.57,93.53,90.42,91.3,616822.0
2026-04-24,92.68,94.08,90.15,92.38,825272.0
2026-04-27,94.38,94.72,91.85,93.86,769163.0
2026-04-28,92.63,94.31,90.08,90.52,632570.0
2026-04-29,89.99,91.02,88.57,90.04,410803.0
2026-04-30,90.6,93.0,89.67,92.58,638184.0
2026-05-06,95.62,101.88,95.62,99.42,1337990.0
2026-05-07,99.42,99.42,97.11,98.37,739492.0
2026-05-08,97.61,97.61,95.62,95.92,678500.0
2026-05-11,98.62,100.62,97.02,99.67,912077.0
2026-05-12,99.48,99.48,96.49,97.04,651218.0
2026-05-13,95.62,100.62,94.64,100.33,821870.0
2026-05-14,104.62,104.62,97.12,97.21,978167.0
2026-05-15,97.14,98.98,93.62,94.08,803340.0
2026-05-18,93.91,101.22,93.72,98.32,925638.0
2026-05-19,97.62,98.17,94.62,97.88,647167.0
2026-05-20,96.85,99.11,96.62,98.0,554678.0
2026-05-21,100.48,100.62,92.6,92.87,835662.0
2026-05-22,92.88,95.06,92.64,94.42,555904.0
2026-05-25,94.92,96.07,93.22,96.07,665800.0
2026-05-26,95.52,95.6,91.53,93.95,687464.0
2026-05-27,93.71,95.58,89.91,90.61,591210.0
2026-05-28,90.54,91.78,88.62,90.87,481327.0
2026-05-29,92.92,93.62,87.51,87.84,531485.0
2026-06-01,88.5,89.54,85.36,85.4,403558.0
2026-06-02,86.03,86.54,83.45,86.02,386344.0
2026-06-03,85.56,88.78,85.06,86.32,447613.0
2026-06-04,85.0,86.21,84.12,84.4,339375.0
2026-06-05,83.67,84.82,82.14,82.37,386422.0
2026-06-08,79.9,80.69,77.77,78.51,427223.0
2026-06-09,79.6,80.49,78.9,80.4,306296.0
2026-06-10,81.87,86.33,81.87,82.7,646506.0
2026-06-11,81.0,82.44,80.51,81.37,319593.0
2026-06-12,83.0,83.47,82.0,82.15,349840.0
2026-06-15,83.26,85.48,82.58,85.45,404451.0
2026-06-16,85.7,85.77,83.78,84.47,363323.0
2026-06-17,83.5,86.56,83.4,86.51,441972.0
2026-06-18,86.51,89.64,86.0,88.68,563085.0
2026-06-22,88.75,89.33,86.5,89.02,500786.0
2026-06-23,89.5,91.56,86.48,87.06,537406.0
2026-06-24,86.7,89.66,85.0,88.93,518436.0
2026-06-25,93.0,97.82,92.16,97.82,1317460.0
2026-06-26,98.0,102.0,96.65,98.76,1508693.0
2026-06-29,99.0,101.3,94.5,97.48,976916.0
2026-06-30,98.01,107.23,98.01,107.23,1463808.0
2026-07-01,107.59,109.6,100.98,102.45,1424746.0
2026-07-02,98.7,99.98,94.01,94.56,940947.0
2026-07-03,93.55,96.6,92.6,92.68,790119.0
2026-07-06,94.11,95.92,91.2,94.56,811133.0
2026-07-07,93.53,96.74,92.74,93.5,599881.0
2026-07-08,97.88,101.15,95.39,98.15,1205972.0
2026-07-09,98.17,104.7,96.18,103.99,1246370.0
2026-07-10,103.48,113.0,102.7,107.5,1598838.0
2026-07-13,110.0,113.0,103.0,106.13,1237983.0
2026-07-14,107.68,108.39,95.66,101.9,1199556.0
2026-07-15,99.0,101.5,95.68,96.76,765321.0
2026-07-16,93.5,101.32,92.01,97.66,858781.0
2026-07-17,96.67,98.64,87.89,87.89,976260.0
2026-07-20,90.86,95.96,88.88,91.04,952765.0
2026-07-21,93.18,98.2,85.05,97.88,1142982.0
2026-07-22,97.0,105.43,96.33,102.15,1259946.0
2026-07-23,103.6,104.14,97.16,97.82,882357.0
2026-07-24,95.8,101.5,95.8,97.5,673332.0
2026-07-27,97.0,97.88,92.51,96.74,566899.0
2026-07-28,94.99,95.85,91.0,92.1,584416.0
2026-07-29,94.4,94.4,85.02,86.64,750392.0
2026-07-30,85.49,86.65,80.55,81.0,670667.0
2026-07-31,85.86,86.38,83.38,83.46,544824.0
2026-08-03,83.54,85.99,83.08,83.69,399523.0
2026-08-04,84.05,85.6,83.23,85.55,461857.0
2026-08-05,85.8,89.25,85.51,88.65,642828.0
2026-08-06,87.0,88.96,86.25,87.8,451820.0
2026-08-07,87.34,89.45,86.59,88.77,507015.0
2026-08-10,89.8,89.8,85.98,86.24,478528.0
2026-08-11,85.76,87.59,84.87,86.35,317487.0
2026-08-12,86.98,87.2,86.0,86.42,268696.0
2026-08-13,87.29,92.47,87.28,89.63,835681.0
2026-08-14,89.65,90.76,88.08,89.36,501422.0
2026-08-17,89.5,90.56,89.16,90.56,438310.0
2026-08-18,90.03,90.3,88.26,89.87,413999.0
2026-08-19,87.91,87.92,83.79,85.0,539245.0
2026-08-20,85.3,85.58,83.83,84.34,271499.0
2026-08-21,83.88,84.65,83.29,84.11,220449.0
2026-08-24,84.21,84.5,81.1,82.18,293999.0
2026-08-25,81.25,83.67,81.07,83.19,206939.0
2026-08-26,84.0,84.65,82.73,84.25,220818.0
2026-08-27,85.0,87.26,84.9,86.54,382771.0
2026-08-28,86.6,87.35,85.75,85.82,264504.0
2026-08-31,84.51,88.69,84.28,88.27,423151.0
2026-09-01,88.0,88.01,86.53,86.67,273141.0
2026-09-02,85.39,86.26,84.81,85.29,232191.0
2026-09-03,86.18,86.3,84.3,84.35,207452.0
2026-09-04,85.16,85.35,82.14,82.69,336477.0
2026-09-07,83.0,83.56,81.88,83.38,209307.0
2026-09-08,83.5,83.78,82.28,82.54,188379.0
2026-09-09,83.0,83.12,82.08,82.43,140496.0
2026-09-10,82.1,82.81,81.7,82.35,129351.0
2026-09-11,81.73,82.34,80.68,82.25,216230.0
2026-09-14,81.6,83.1,81.03,81.97,167758.0
2026-09-15,81.6,82.58,81.47,82.06,140026.0
2026-09-16,81.95,83.32,81.58,83.3,209941.0
2026-09-17,82.52,83.38,82.26,82.81,150510.0
