date,open,high,low,close,volume,amount,turn,pct_change,windcode
2020-01-01,50.4,50.56,49.26,49.93,11612961,1058576881,1.15,,603259.SH
2020-01-02,49.94,50.15,47.97,48.64,17152054,1534585031,1.7,-2.583617063889443,603259.SH
2020-01-05,47.99,48.17,46.83,47.19,20054327,1743784272,1.99,-2.9810855263157965,603259.SH
2020-01-06,47.38,48.21,46.98,47.91,12556187,1101391823,1.25,1.5257469802924417,603259.SH
2020-01-07,47.63,48.12,47.06,47.61,8512449,743711014,0.85,-0.6261740763932266,603259.SH
2020-01-08,48.5,49.98,48.24,49.75,17997092,1632541706,1.79,4.494854022264239,603259.SH
2020-01-09,49.85,50.57,49.49,49.6,10771472,990871630,1.07,-0.3015075376884391,603259.SH
2020-01-12,50.11,50.75,49.54,50.68,12687430,1171780654,1.26,2.1774193548387055,603259.SH
2020-01-13,51.12,51.2,50.39,50.41,8012579,746379608,0.8,-0.5327545382794008,603259.SH
2020-01-14,50.29,51.86,50.22,51.23,9759889,919191692,0.97,1.6266613767109694,603259.SH
2020-01-15,51.66,52.29,50.89,52.04,10992404,1046288919,1.09,1.5811048213937084,603259.SH
2020-01-16,53.4,53.41,51.47,52.82,12404247,1200443564,1.23,1.498847040737905,603259.SH
2020-01-19,53.15,54.12,52.51,53.41,8949866,875884166,0.89,1.1170011359333598,603259.SH
2020-01-20,53.74,54.46,53.05,53.49,9990689,986911884,0.99,0.1497846845160078,603259.SH
2020-01-21,53.52,54.13,52.43,53.81,8918670,875540799,0.89,0.5982426621798487,603259.SH
2020-01-22,53.81,54.42,51.55,52.2,10354742,1002779999,1.03,-2.9920089202750355,603259.SH
2020-02-02,47.41,51.72,47.41,50.13,15100055,1378598406,1.5,-3.9655172413793127,603259.SH
2020-02-03,50.16,52.68,49.08,52.04,14677391,1377813460,1.46,3.810093756233779,603259.SH
2020-02-04,52.23,54.21,51.5,52.89,17882623,1732470816,1.78,1.6333589546502658,603259.SH
2020-02-05,53.41,58.04,52.64,57.11,23881504,2448716013,2.37,7.978823974286242,603259.SH
2020-02-06,56.68,57.96,55.09,55.79,16940341,1752367532,1.68,-2.311329014183161,603259.SH
2020-02-09,55.36,57.47,54.66,57.31,15226161,1564516380,1.51,2.724502599032097,603259.SH
2020-02-10,57.6,57.7,56.13,56.71,10415376,1086315185,1.04,-1.046937707206419,603259.SH
2020-02-11,57.66,60.05,57.15,58.7,16073526,1736271060,1.6,3.509081290777649,603259.SH
2020-02-12,59.11,59.75,58.08,58.75,9524383,1030022329,0.95,0.08517887563883608,603259.SH
2020-02-13,59.24,60.97,59.02,59.81,9828922,1083523590,0.98,1.8042553191489397,603259.SH
2020-02-16,59.66,62.82,59.64,62.12,12888210,1456609270,1.28,3.8622303962547955,603259.SH
2020-02-17,62.58,62.58,60.86,61.52,9174378,1038394026,0.91,-0.965872504829357,603259.SH
2020-02-18,61.64,62.05,60.26,60.44,10658920,1194628362,1.06,-1.7555266579974083,603259.SH
2020-02-19,60.21,60.95,59.84,60.49,9461414,1048678223,0.94,0.08272667107875886,603259.SH
2020-02-20,59.96,61.85,59.72,61.42,9002918,1009761159,0.89,1.5374442056538262,603259.SH
2020-02-23,61.33,62.4,60.69,61.72,10299925,1165046578,1.02,0.4884402474763849,603259.SH
2020-02-24,60.62,64.77,60.51,63.97,12063496,1396083548,1.2,3.6454957874271,603259.SH
2020-02-25,63.21,63.31,59.4,60.24,14917230,1675905744,1.48,-5.830858214788181,603259.SH
2020-02-26,60.26,61.44,59.42,59.94,9779874,1081911480,0.97,-0.4980079681275007,603259.SH
2020-02-27,57.52,58.98,56.94,57.77,12377115,1320551527,1.23,-3.6202869536202775,603259.SH
2020-03-01,58.58,60.68,58.37,59.99,9020959,986370203,0.9,3.8428249956725002,603259.SH
2020-03-02,61.08,63.86,61.05,62.69,11340413,1303111264,1.13,4.500750125020825,603259.SH
2020-03-03,62.55,64.22,61.62,63.59,9432519,1091408642,0.94,1.4356356675705895,603259.SH
2020-03-04,64.3,64.48,62.38,63.06,9872035,1146149098,0.98,-0.8334643811920173,603259.SH
2020-03-05,62.63,65.01,62.45,63.08,8641816,1010369009,0.86,0.03171582619727609,603259.SH
2020-03-08,62.18,63.0,60.97,61.04,11003648,1246589855,1.09,-3.2339885859226314,603259.SH
2020-03-09,61.04,61.69,58.81,60.83,11404631,1265613500,1.13,-0.34403669724770714,603259.SH
2020-03-10,60.74,61.63,58.29,58.4,13595611,1480468866,1.35,-3.994739437777417,603259.SH
2020-03-11,57.7,58.0,55.21,55.86,16048939,1660743443,1.6,-4.349315068493153,603259.SH
2020-03-12,52.65,55.36,52.32,54.56,18064044,1783117852,1.8,-2.327246688148943,603259.SH
2020-03-15,54.6,54.62,49.54,50.12,22979637,2193329020,2.28,-8.137829912023465,603259.SH
2020-03-16,50.68,51.31,47.96,50.18,19647462,1806505267,1.95,0.11971268954509284,603259.SH
2020-03-17,50.84,52.31,49.36,49.5,17291816,1620712668,1.72,-1.3551215623754498,603259.SH
2020-03-18,49.5,50.3,46.54,48.41,20204417,1793200022,2.01,-2.202020202020205,603259.SH
2020-03-19,49.32,50.76,48.65,50.23,19672930,1795357621,1.96,3.759553811196037,603259.SH
2020-03-22,48.23,49.12,46.69,47.19,22778457,1989264576,2.26,-6.052160063706946,603259.SH
2020-03-23,48.83,50.42,48.34,50.05,21551496,1948193157,2.14,6.060606060606055,603259.SH
2020-03-24,51.88,52.9,51.2,52.66,26442676,2528277392,2.63,5.2147852147852225,603259.SH
2020-03-25,52.53,53.3,51.77,52.89,14980676,1445094823,1.49,0.43676414736042446,603259.SH
2020-03-26,53.57,53.78,50.68,50.84,17599864,1677307820,1.75,-3.875968992248058,603259.SH
2020-03-29,48.5,48.72,47.12,47.68,24837150,2175838288,2.47,-6.215578284815115,603259.SH
2020-03-30,48.39,49.8,47.74,49.31,15447799,1384983088,1.54,3.4186241610738355,603259.SH
2020-03-31,49.3,51.1,48.51,49.32,11649607,1063600886,1.16,0.020279862096939105,603259.SH
2020-04-01,49.59,51.37,49.17,51.26,11063524,1025577826,1.1,3.9334955393349524,603259.SH
2020-04-02,51.15,52.07,50.95,51.09,9909110,936017484,0.98,-0.3316426063207034,603259.SH
2020-04-06,52.7,53.23,52.06,53.02,16100257,1559364784,1.6,3.777647289097663,603259.SH
2020-04-07,53.27,53.27,51.64,52.54,10574359,1018482953,1.05,-0.9053187476424029,603259.SH
2020-04-08,52.6,56.0,52.6,55.59,16332168,1640174221,1.62,5.805100875523417,603259.SH
2020-04-09,55.51,56.36,54.0,54.58,9154037,923455465,0.91,-1.816873538406194,603259.SH
2020-04-12,54.28,55.66,53.41,55.09,6598602,663308945,0.66,0.9344082081348626,603259.SH
2020-04-13,55.57,55.89,54.16,55.58,12938560,1300723625,1.29,0.8894536213468696,603259.SH
2020-04-14,55.15,55.42,53.84,54.09,13264952,1321603860,1.32,-2.6808204390068258,603259.SH
2020-04-15,53.79,54.33,53.13,53.44,11143938,1096388142,1.11,-1.201700868922173,603259.SH
2020-04-16,54.25,54.82,53.41,53.84,14055699,1402883754,1.4,0.7485029940119903,603259.SH
2020-04-19,54.39,57.47,54.01,57.19,16589525,1711987833,1.65,6.222139673105498,603259.SH
2020-04-20,57.14,57.14,55.47,56.4,9019889,932076009,0.9,-1.381360377688401,603259.SH
2020-04-21,55.64,57.3,55.33,57.3,10019398,1040230886,1.0,1.5957446808510634,603259.SH
2020-04-22,57.22,57.66,55.48,55.75,10223551,1055687196,1.02,-2.705061082024429,603259.SH
2020-04-23,55.47,55.57,53.95,54.44,9098406,908360263,0.9,-2.349775784753372,603259.SH
2020-04-26,54.68,57.22,54.44,56.46,11786639,1210510178,1.17,3.710506980161643,603259.SH
2020-04-27,56.48,57.69,55.14,57.32,11963379,1243331121,1.19,1.52320226709175,603259.SH
2020-04-28,57.27,57.49,55.59,55.87,6862922,709939402,0.68,-2.5296580600139618,603259.SH
2020-04-29,55.31,56.21,54.77,55.46,9795944,993005660,0.97,-0.7338464292106606,603259.SH
2020-05-05,54.5,55.03,53.9,54.63,17805036,1774256079,1.77,-1.496574107464832,603259.SH
2020-05-06,54.63,55.67,54.33,55.2,13175624,1333617006,1.31,1.0433827567270626,603259.SH
2020-05-07,55.41,56.65,55.05,56.46,13751873,1410505770,1.37,2.2826086956521774,603259.SH
2020-05-10,56.68,56.86,55.43,56.02,14341230,1470909698,1.43,-0.7793127878143791,603259.SH
2020-05-11,56.0,57.82,55.6,57.82,16241710,1697496668,1.61,3.2131381649410873,603259.SH
2020-05-12,57.77,60.25,57.19,60.06,16440021,1790263899,1.63,3.874092009685226,603259.SH
2020-05-13,59.42,60.74,59.24,60.06,8918024,979913268,0.88,0.0,603259.SH
2020-05-14,60.47,60.59,58.85,59.58,8033729,878657513,0.8,-0.7992007992008054,603259.SH
2020-05-17,59.53,61.2,59.4,60.29,10273723,1139510313,1.02,1.1916750587445568,603259.SH
2020-05-18,60.76,61.31,58.85,60.61,9883740,1090245793,0.98,0.5307679548847144,603259.SH
2020-05-19,60.6,60.6,59.34,59.65,7621182,837966032,0.76,-1.5838970466919622,603259.SH
2020-05-20,60.21,60.94,59.66,59.94,9034237,999077211,0.9,0.48616932103939803,603259.SH
2020-05-21,59.73,59.84,57.27,57.57,11515808,1229275721,1.14,-3.953953953953948,603259.SH
2020-05-24,57.57,58.46,56.95,58.31,6667507,706988911,0.66,1.285391697064453,603259.SH
2020-05-25,59.88,59.94,58.69,59.67,7715959,840895398,0.76,2.3323615160349753,603259.SH
2020-05-26,59.93,59.94,56.68,56.91,11861075,1260065842,1.18,-4.625439919557572,603259.SH
2020-05-27,56.89,57.33,55.05,55.96,13302939,1371137383,1.32,-1.6693024073097806,603259.SH
2020-05-28,56.14,58.3,56.14,58.04,10611723,1124839001,1.05,3.7169406719085085,603259.SH
2020-05-31,58.85,60.15,58.47,59.44,10339694,1132276839,1.02,2.4121295658166675,603259.SH
2020-06-01,59.51,59.76,58.35,59.51,9853556,1070011121,0.98,0.11776581426647947,603259.SH
2020-06-02,59.78,61.41,59.51,61.41,14757665,1648465599,1.46,3.1927407158460763,603259.SH
2020-06-03,62.02,63.13,62.0,62.29,13982343,1144645278,0.99,1.4329913694838048,603259.SH
2020-06-04,61.98,62.76,61.21,62.57,12254552,993140104,0.87,0.4495103547921042,603259.SH
2020-06-07,62.9,63.11,60.27,60.83,21738284,1743143512,1.54,-2.7808854083426593,603259.SH
2020-06-08,60.83,61.74,60.65,61.14,12364112,989969604,0.87,0.5096169653131755,603259.SH
2020-06-09,61.06,62.74,61.06,62.22,13984047,1135033294,0.99,1.7664376840039298,603259.SH
2020-06-10,62.21,63.69,61.66,62.2,14276728,1168230913,1.01,-0.03214400514303106,603259.SH
2020-06-11,61.52,64.08,61.37,63.65,17939377,1479361989,1.27,2.331189710610926,603259.SH
2020-06-14,63.54,64.45,63.13,63.17,14240029,1184392544,1.01,-0.7541241162608014,603259.SH
2020-06-15,63.89,64.76,63.2,64.43,15823119,1326299647,1.12,1.9946176982745145,603259.SH
2020-06-16,64.43,66.48,64.42,65.08,16062506,1371320829,1.14,1.0088468104920034,603259.SH
2020-06-17,65.08,65.77,63.7,64.81,14009440,1181487239,0.99,-0.41487400122924845,603259.SH
2020-06-18,65.61,68.96,65.37,68.24,24336071,2153630442,1.72,5.292393149205354,603259.SH
2020-06-21,68.2,69.25,67.5,68.7,14507222,1295191905,1.03,0.6740914419695265,603259.SH
2020-06-22,68.48,71.23,68.1,71.22,18949066,1735940851,1.34,3.6681222707423577,603259.SH
2020-06-23,71.22,73.83,69.88,73.37,17722201,1657779104,1.25,3.018814939623704,603259.SH
2020-06-28,72.54,74.57,72.15,74.2,17977564,1720270600,1.27,1.1312525555404074,603259.SH
2020-06-29,74.2,75.14,72.84,73.92,14964169,1446168554,1.06,-0.37735849056603765,603259.SH
2020-06-30,74.91,74.91,70.09,72.52,21219330,1998406125,1.5,-1.8939393939394034,603259.SH
2020-07-01,72.31,73.07,70.56,71.16,17498595,1636740312,1.24,-1.8753447324875938,603259.SH
2020-07-02,70.94,73.52,70.48,73.36,17289592,1630118753,1.22,3.091624508150659,603259.SH
2020-07-05,72.31,72.69,71.22,71.93,28373728,2661511282,2.01,-1.9492911668484103,603259.SH
2020-07-06,71.54,74.73,70.83,73.24,24606836,2336655070,1.74,1.8212150702071384,603259.SH
2020-07-07,72.97,75.78,72.93,74.16,17203050,1672149341,1.22,1.2561441835062803,603259.SH
2020-07-08,74.5,77.67,73.46,77.52,20455746,2031904449,1.45,4.53074433656957,603259.SH
2020-07-09,77.28,79.96,76.36,77.52,13755594,1401058374,0.97,0.0,603259.SH
2020-07-12,78.05,81.09,77.91,80.34,18384046,1917235436,1.3,3.637770897832837,603259.SH
2020-07-13,79.88,79.88,76.78,79.18,17475005,1789710040,1.24,-1.443863579785909,603259.SH
2020-07-14,80.19,82.98,79.58,81.72,22808162,2434657516,1.61,3.2078807779742258,603259.SH
2020-07-15,81.87,84.17,76.67,76.96,22975155,2386130982,1.63,-5.824767498776318,603259.SH
2020-07-16,77.01,80.16,76.52,78.27,17912423,1829076262,1.27,1.7021829521829623,603259.SH
2020-07-19,80.34,80.34,74.67,77.05,16183008,1616221208,1.15,-1.5587070397342528,603259.SH
2020-07-20,78.81,84.23,78.14,83.79,28231340,3036149462,2.0,8.747566515249861,603259.SH
2020-07-21,82.64,84.97,81.88,83.8,18288259,1999158222,1.29,0.011934598400742402,603259.SH
2020-07-22,83.63,89.67,83.4,87.98,21741505,2479474138,1.54,4.988066825775661,603259.SH
2020-07-23,87.33,87.61,81.15,81.91,21966721,2399927579,1.55,-6.8992952943851,603259.SH
2020-07-26,82.26,84.05,80.31,81.71,13713857,1473836445,0.97,-0.2441704309608106,603259.SH
2020-07-27,83.04,83.62,80.27,83.33,13640531,1467491289,0.97,1.9826214661608166,603259.SH
2020-07-28,81.87,84.65,80.44,83.86,20475081,2214878116,1.45,0.6360254410176402,603259.SH
2020-07-29,83.79,87.35,83.49,84.18,15843770,1764299764,1.12,0.3815883615549742,603259.SH
2020-07-30,84.51,87.23,83.86,86.46,14652283,1646620363,1.04,2.708481824661435,603259.SH
2020-08-02,86.51,87.56,84.98,86.41,13499082,1526685186,0.96,-0.057830210501963464,603259.SH
2020-08-03,86.69,89.91,86.55,87.43,14605430,1688983876,1.03,1.1804189329938763,603259.SH
2020-08-04,87.24,90.64,86.17,89.53,14666684,1703424752,1.04,2.4019215372297786,603259.SH
2020-08-05,89.53,90.58,86.7,87.54,14981410,1733437728,1.06,-2.22271864179604,603259.SH
2020-08-06,87.08,88.2,83.33,85.62,17896423,1999080395,1.27,-2.193283070596297,603259.SH
2020-08-09,85.52,87.6,83.94,86.62,14841528,1674847507,1.05,1.1679514132212132,603259.SH
2020-08-10,86.47,90.17,86.47,86.66,13258544,1534090355,0.94,0.04617871161394227,603259.SH
2020-08-11,85.98,87.03,81.11,83.52,18718593,2035824341,1.32,-3.6233556427417546,603259.SH
2020-08-12,83.63,84.44,81.03,81.97,12064893,1302681440,0.85,-1.8558429118773923,603259.SH
2020-08-13,82.64,85.3,78.81,82.55,20930039,2238977901,1.48,0.7075759424179484,603259.SH
2020-08-16,82.1,82.54,80.25,81.8,16393874,1743563526,1.16,-0.9085402786190189,603259.SH
2020-08-17,81.97,84.43,81.27,83.47,14456207,1572108817,1.02,2.0415647921760316,603259.SH
2020-08-18,83.02,83.92,81.22,81.32,9587741,1030645747,0.68,-2.5757757278064064,603259.SH
2020-08-19,81.25,82.0,79.56,80.73,11612576,1223227921,0.82,-0.7255287752090389,603259.SH
2020-08-20,81.54,82.1,80.05,80.73,9845373,1040782474,0.7,0.0,603259.SH
2020-08-23,81.44,81.64,79.2,80.72,12552814,1314565803,0.89,-0.012386968908717488,603259.SH
2020-08-24,80.66,81.62,79.96,81.48,11587567,1227220345,0.82,0.9415262636273569,603259.SH
2020-08-25,80.8,84.08,80.43,81.8,19322261,2083689144,1.37,0.39273441335296866,603259.SH
2020-08-26,82.18,82.94,80.24,82.87,12007202,1283325856,0.85,1.3080684596577186,603259.SH
2020-08-27,83.4,85.23,80.84,84.93,22578633,2464936072,1.6,2.48582116568119,603259.SH
2020-08-30,86.27,86.37,83.79,84.1,19192977,2126392658,1.36,-0.9772754032733033,603259.SH
2020-08-31,83.65,84.36,82.26,82.39,17786110,1928920723,1.26,-2.0332936979785887,603259.SH
2020-09-01,82.39,84.44,81.51,84.09,19985762,2168245195,1.41,2.063357203544114,603259.SH
2020-09-02,83.86,85.76,82.1,82.74,23788594,2614273286,1.68,-1.6054227613271577,603259.SH
2020-09-03,81.67,81.67,78.85,80.51,18524369,1941138474,1.31,-2.695189751027305,603259.SH
2020-09-06,79.78,80.5,76.87,76.87,16270412,1670738220,1.15,-4.521177493479067,603259.SH
2020-09-07,76.75,78.02,75.9,77.19,13381022,1348964570,0.95,0.416287238194335,603259.SH
2020-09-08,76.06,76.21,74.34,75.12,11791597,1161556555,0.83,-2.6816945200155318,603259.SH
2020-09-09,76.49,76.49,74.21,74.9,14182656,1392073598,1.0,-0.29286474973375665,603259.SH
2020-09-10,74.45,75.54,74.31,75.14,9417440,924239519,0.67,0.3204272363150906,603259.SH
2020-09-13,75.14,75.66,73.84,74.68,13614958,1330716724,0.96,-0.6121905775884895,603259.SH
2020-09-14,74.87,75.68,74.58,75.52,10876080,1070845727,0.77,1.1247991430101578,603259.SH
2020-09-15,75.53,76.33,73.92,74.45,11188913,1090690824,0.79,-1.4168432203389703,603259.SH
2020-09-16,74.45,74.59,71.86,72.91,15898063,1509039428,1.13,-2.0685023505708666,603259.SH
2020-09-17,73.07,74.05,72.39,73.9,13159160,1261218137,0.93,1.3578384309422598,603259.SH
2020-09-20,74.63,74.96,72.65,72.85,10323013,989874469,0.73,-1.4208389715832381,603259.SH
2020-09-21,72.85,74.23,72.61,72.71,11049539,1060593421,0.78,-0.1921757035003413,603259.SH
2020-09-22,73.4,75.75,73.12,74.99,16277721,1588812897,1.15,3.135744739375612,603259.SH
2020-09-23,74.68,74.97,73.46,74.1,10366604,1003860725,0.73,-1.1868249099880046,603259.SH
2020-09-24,75.75,76.13,74.38,74.96,18376693,1805133701,1.3,1.1605937921727483,603259.SH
2020-09-27,75.36,75.61,73.38,73.92,10838618,1052997952,0.77,-1.387406616862319,603259.SH
2020-09-28,74.25,77.91,73.96,76.98,17013055,1692856032,1.2,4.139610389610393,603259.SH
2020-09-29,77.48,79.58,77.13,77.67,13395937,1374169955,0.95,0.8963367108339781,603259.SH
2020-10-08,78.81,80.08,78.05,79.34,11683590,1207978564,0.83,2.1501223123471025,603259.SH
2020-10-11,80.34,83.03,79.48,82.49,15529901,1657021855,1.1,3.9702546004537265,603259.SH
2020-10-12,82.66,84.17,82.26,83.4,10051021,1095085914,0.71,1.1031640198812198,603259.SH
2020-10-13,83.4,84.36,82.71,83.04,11625248,1269590059,0.82,-0.4316546762589968,603259.SH
2020-10-14,83.14,84.68,82.87,83.64,9227163,1009615390,0.65,0.7225433526011571,603259.SH
2020-10-15,83.87,85.55,81.87,82.95,9311809,1018957383,0.66,-0.8249641319942547,603259.SH
2020-10-18,83.98,83.99,80.28,80.76,13397601,1424179835,0.95,-2.6401446654611194,603259.SH
2020-10-19,80.76,82.64,80.19,82.51,9906787,1059595624,0.7,2.1669143140168323,603259.SH
2020-10-20,83.09,83.94,82.26,82.88,9026763,978756295,0.64,0.4484304932735217,603259.SH
2020-10-21,83.25,83.4,81.68,82.91,8298503,893267963,0.59,0.03619691119691737,603259.SH
2020-10-22,82.92,83.02,78.81,79.72,13900188,1461472673,0.98,-3.8475455312990015,603259.SH
2020-10-25,78.33,80.7,76.52,80.1,9616750,995602718,0.68,0.47666833918715845,603259.SH
2020-10-26,80.49,83.4,79.16,83.06,12875971,1385126715,0.91,3.695380774032464,603259.SH
2020-10-27,83.3,85.45,82.95,83.86,14067639,1545185963,1.0,0.963159162051519,603259.SH
2020-10-28,83.25,86.92,82.97,86.27,16344026,1823240895,1.16,2.8738373479608725,603259.SH
2020-10-29,86.46,89.71,85.19,86.25,19756077,2252146157,1.4,-0.0231830300220226,603259.SH
2020-11-01,86.98,88.07,85.93,87.31,16300510,1852886986,1.15,1.2289855072463718,603259.SH
2020-11-02,87.61,88.0,86.46,87.0,12652427,1443940490,0.9,-0.35505669453671507,603259.SH
2020-11-03,86.54,88.58,85.26,88.03,11092727,1262937813,0.78,1.1839080459770113,603259.SH
2020-11-04,88.99,89.91,86.31,89.45,14237130,1645686313,1.01,1.6130864478018925,603259.SH
2020-11-05,89.91,90.14,87.23,89.07,11791113,1370121533,0.83,-0.42481833426496474,603259.SH
2020-11-08,89.91,93.05,88.76,91.4,18363233,2187414305,1.3,2.6159200628719237,603259.SH
2020-11-09,91.36,93.04,87.58,92.06,14103648,1680368243,1.0,0.7221006564551491,603259.SH
2020-11-10,91.83,93.2,87.6,87.9,16919973,1984670791,1.2,-4.5187920921138325,603259.SH
2020-11-11,88.76,90.86,88.15,89.68,10798887,1269803401,0.76,2.0250284414107034,603259.SH
2020-11-12,89.98,91.0,89.53,90.06,10769843,1270580195,0.76,0.4237288135593209,603259.SH
2020-11-15,90.29,92.82,89.69,92.47,9792364,1175619580,0.69,2.6759937819231583,603259.SH
2020-11-16,92.04,92.43,88.44,89.15,10980730,1288997446,0.78,-3.590353628203735,603259.SH
2020-11-17,88.99,89.41,80.24,81.01,34613482,3756690633,2.45,-9.130678631519906,603259.SH
2020-11-18,80.34,82.72,79.67,81.84,17304267,1846158052,1.22,1.0245648685347497,603259.SH
2020-11-19,82.62,84.5,82.4,83.48,8895095,972830836,0.63,2.0039100684261957,603259.SH
2020-11-22,83.48,84.14,81.48,82.26,11335990,1220488722,0.8,-1.46142788691902,603259.SH
2020-11-23,82.33,82.33,79.62,80.37,13275600,1396092992,0.94,-2.297592997811815,603259.SH
2020-11-24,80.36,80.38,77.82,78.2,17983980,1851050958,1.27,-2.7000124424536587,603259.SH
2020-11-25,79.35,79.72,77.99,78.81,9533006,981076532,0.67,0.7800511508951447,603259.SH
2020-11-26,79.33,79.42,77.34,78.68,10434945,1068433860,0.74,-0.16495368608043792,603259.SH
2020-11-29,79.2,79.57,76.62,79.07,20993550,2146387303,1.49,0.49567869852564783,603259.SH
2020-11-30,78.81,83.03,78.66,83.01,21842010,2339046255,1.55,4.982926520804365,603259.SH
2020-12-01,83.01,83.71,81.46,82.68,8873141,954762266,0.63,-0.3975424647632786,603259.SH
2020-12-02,82.68,84.94,81.78,84.22,13618862,1491879819,0.96,1.862602805999014,603259.SH
2020-12-03,84.48,85.16,83.48,84.91,12545445,1388649411,0.89,0.8192828306815558,603259.SH
2020-12-06,84.25,85.19,82.68,84.96,13631612,1505910014,0.96,0.05888587916618171,603259.SH
2020-12-07,85.01,85.52,84.25,84.86,12690317,1410236179,0.9,-0.11770244821092124,603259.SH
2020-12-08,84.93,85.38,82.98,83.27,10445232,1147363606,0.74,-1.8736742870610446,603259.SH
2020-12-09,82.63,84.02,82.09,83.91,10609081,1151669837,0.75,0.7685841239341906,603259.SH
2020-12-10,84.15,85.61,82.83,83.4,12741530,1398950524,0.9,-0.6077940650697111,603259.SH
2020-12-13,83.51,87.23,83.08,86.62,13458100,1502419514,0.95,3.8609112709832027,603259.SH
2020-12-14,86.39,89.81,86.14,88.68,19013920,2204268827,1.35,2.3782036481182267,603259.SH
2020-12-15,88.77,91.05,88.77,90.37,14855432,1750066627,1.05,1.9057284618854364,603259.SH
2020-12-16,92.82,95.62,92.59,94.12,23848633,2937640108,1.69,4.149607170521197,603259.SH
2020-12-17,93.64,94.81,92.88,93.2,10724767,1312876360,0.76,-0.9774755631109189,603259.SH
2020-12-20,93.73,95.19,92.71,94.45,14247170,1752568571,1.01,1.341201716738194,603259.SH
2020-12-21,94.48,98.42,94.2,95.42,16309316,2054405001,1.15,1.0269984118581155,603259.SH
2020-12-22,95.65,97.02,93.96,95.99,12867644,1606150969,0.91,0.5973590442255317,603259.SH
2020-12-23,95.62,97.41,94.65,96.57,8193956,1030763952,0.58,0.6042296072507503,603259.SH
2020-12-24,96.08,101.79,95.89,100.62,14371840,1856731037,1.02,4.1938490214352475,603259.SH
2020-12-27,100.52,100.62,98.02,98.59,14784057,1917962619,1.05,-2.0174915523752723,603259.SH
2020-12-28,99.09,99.86,96.66,98.9,8415982,1082671611,0.6,0.314433512526624,603259.SH
2020-12-29,98.94,101.67,98.49,100.4,12286881,1610821558,0.87,1.5166835187057526,603259.SH
2020-12-30,100.89,104.48,100.89,103.08,15064212,2024099293,1.07,2.6693227091633354,603259.SH
2021-01-03,103.38,106.43,103.05,104.91,16322321,2238798376,1.15,1.7753201396973228,603259.SH
2021-01-04,104.81,110.03,104.29,108.65,17024903,2407863216,1.2,3.564960442283871,603259.SH
2021-01-05,108.79,111.32,105.67,109.99,20629572,2915875742,1.46,1.2333179935572813,603259.SH
2021-01-06,110.18,111.7,108.16,111.68,11606731,1666998426,0.82,1.5365033184835175,603259.SH
2021-01-07,112.14,115.55,109.42,111.88,16105422,2359319044,1.14,0.17908309455585414,603259.SH
2021-01-10,111.33,116.0,109.72,112.86,13969055,2076750195,0.99,0.8759385055416624,603259.SH
2021-01-11,113.02,115.47,108.95,114.75,15557020,2284661533,1.1,1.674641148325362,603259.SH
2021-01-12,116.29,116.3,107.12,109.18,20485644,2954386191,1.45,-4.854030501089324,603259.SH
2021-01-13,109.04,111.68,105.3,108.62,14608464,2070648467,1.03,-0.5129144531965557,603259.SH
2021-01-14,108.28,108.83,104.68,106.71,15470974,2155221139,1.09,-1.7584238630086624,603259.SH
2021-01-17,108.65,111.72,105.21,109.88,12866546,1843172693,0.91,2.970668166057533,603259.SH
2021-01-18,109.8,113.75,109.5,109.71,14459716,2115893479,1.02,-0.15471423370950754,603259.SH
2021-01-19,111.07,120.05,111.07,117.97,17434749,2679343897,1.23,7.528939932549461,603259.SH
2021-01-20,120.06,123.26,119.37,122.43,17149353,2731044082,1.21,3.78062219208275,603259.SH
2021-01-21,125.87,134.67,125.87,134.67,24544548,4237474848,1.74,9.997549620191105,603259.SH
2021-01-24,137.27,140.88,133.14,140.87,18489911,3330533119,1.31,4.603846439444581,603259.SH
2021-01-25,138.63,138.63,130.23,132.04,22419831,3897998364,1.59,-6.2681905302761525,603259.SH
2021-01-26,132.02,132.04,126.84,129.51,16232367,2742517486,1.15,-1.9160860345349917,603259.SH
2021-01-27,128.27,132.63,126.25,126.25,23064079,3886879465,1.63,-2.5171801405296845,603259.SH
2021-01-28,128.55,131.23,125.49,127.28,19686096,3322460148,1.39,0.8158415841584166,603259.SH
2021-01-31,127.28,132.08,127.13,131.07,16627739,2831833505,1.18,2.977686989314887,603259.SH
2021-02-01,131.08,133.25,125.4,133.14,13545575,2314275213,0.96,1.579308766308074,603259.SH
2021-02-02,131.89,140.4,131.78,136.8,16688568,2989918349,1.18,2.748986029743139,603259.SH
2021-02-03,135.36,137.57,130.22,132.47,12790603,2232268397,0.91,-3.1652046783625765,603259.SH
2021-02-04,133.42,138.88,131.81,134.84,11163416,1985004056,0.79,1.7890843209783291,603259.SH
2021-02-07,136.2,136.2,132.0,135.44,11723929,2058166794,0.83,0.4449718184514895,603259.SH
2021-02-08,136.19,140.79,135.44,139.28,11150928,2018964736,0.79,2.835203780271711,603259.SH
2021-02-09,138.88,143.75,136.88,141.56,12854500,2364608090,0.91,1.636990235496838,603259.SH
2021-02-17,143.85,144.07,129.38,131.53,26127796,4571583301,1.85,-7.085334840350377,603259.SH
2021-02-18,130.16,133.35,127.67,132.36,13806008,2359936364,0.98,0.6310347449251186,603259.SH
2021-02-21,132.3,132.3,120.27,120.36,31633948,5129987274,2.24,-9.066183136899376,603259.SH
2021-02-22,119.37,123.1,118.37,118.6,20530990,3228228987,1.45,-1.46227982718512,603259.SH
2021-02-23,120.06,120.77,111.12,113.49,26654346,4010426921,1.89,-4.308600337268132,603259.SH
2021-02-24,114.61,115.33,111.46,112.63,16761126,2480042206,1.19,-0.7577760155079716,603259.SH
2021-02-25,109.5,111.88,105.79,109.94,19908094,2848321284,1.41,-2.3883512385687644,603259.SH
2021-02-28,113.23,115.24,109.35,113.75,21812722,3227312782,1.54,3.4655266509004967,603259.SH
2021-03-01,114.99,115.53,106.51,108.65,25101432,3611237602,1.78,-4.483516483516481,603259.SH
2021-03-02,109.8,112.02,108.28,111.49,14435566,2089552879,1.02,2.613897837091561,603259.SH
2021-03-03,108.65,109.0,103.94,105.96,22219124,3078664516,1.57,-4.960086106377259,603259.SH
2021-03-04,103.54,105.23,99.17,103.74,25216003,3379292536,1.78,-2.095130237825593,603259.SH
2021-03-07,104.83,105.54,95.73,95.73,30091067,3921036547,2.13,-7.72122614227877,603259.SH
2021-03-08,96.53,100.96,93.37,96.57,32696488,4170729513,2.31,0.8774678784080114,603259.SH
2021-03-09,100.92,105.06,99.47,102.53,25861428,3461352932,1.83,6.171688930309638,603259.SH
2021-03-10,103.4,109.42,102.03,106.74,25938326,3604309810,1.84,4.106115283331713,603259.SH
2021-03-11,106.99,108.72,103.22,107.0,18808504,2616091804,1.33,0.24358253700580423,603259.SH
2021-03-14,104.86,105.85,96.47,98.87,34169979,4462436833,2.42,-7.5981308411214865,603259.SH
2021-03-15,100.15,100.77,96.79,99.86,20959380,2708242470,1.48,1.0013148578942088,603259.SH
2021-03-16,98.62,101.68,95.65,99.7,20090290,2611334155,1.42,-0.16022431403964754,603259.SH
2021-03-17,101.23,102.76,99.71,102.52,17323443,2298778777,1.23,2.8284854563690898,603259.SH
2021-03-18,98.94,101.35,95.57,96.65,21575547,2753985530,1.53,-5.725712056184151,603259.SH
2021-03-21,95.64,98.1,91.58,95.11,25092529,3099352849,1.78,-1.5933781686497728,603259.SH
2021-03-22,95.36,96.64,92.97,94.35,14335664,1773335195,1.01,-0.7990747555462141,603259.SH
2021-03-23,94.35,97.18,93.35,94.36,28541649,3527956434,1.93,0.010598834128261458,603259.SH
2021-03-24,94.12,99.41,93.18,99.37,27811967,3532668500,1.88,5.309453158117861,603259.SH
2021-03-25,100.6,104.74,99.76,104.19,39624034,5319866594,2.68,4.850558518667603,603259.SH
2021-03-28,104.82,107.42,102.17,104.57,23612376,3243341580,1.6,0.3647183031000978,603259.SH
2021-03-29,104.06,110.46,103.68,109.7,24696667,3487585202,1.67,4.905804724108265,603259.SH
2021-03-30,109.43,110.1,105.21,107.28,21854648,3063425205,1.48,-2.206016408386513,603259.SH
2021-03-31,107.51,110.71,106.82,110.58,16848845,2415394846,1.14,3.076062639821031,603259.SH
2021-04-01,110.71,113.25,109.41,112.39,17636730,2574011929,1.19,1.6368240188099126,603259.SH
2021-04-05,110.95,112.47,106.36,108.15,19237683,2718195391,1.3,-3.772577631461871,603259.SH
2021-04-06,109.01,109.31,106.89,108.39,12863487,1814643481,0.87,0.22191400832176633,603259.SH
2021-04-07,108.66,111.89,107.27,111.87,17902893,2571248714,1.21,3.210628286742323,603259.SH
2021-04-08,111.56,111.56,105.9,106.81,19157520,2693407484,1.3,-4.523107177974439,603259.SH
2021-04-11,104.98,107.58,100.85,101.55,24742247,3329971350,1.68,-4.924632525044482,603259.SH
2021-04-12,102.53,104.46,101.58,102.92,17820720,2399819518,1.21,1.3490891186607623,603259.SH
2021-04-13,104.36,105.59,100.62,103.68,17259016,2334351642,1.17,0.7384376214535582,603259.SH
2021-04-14,104.06,105.1,100.63,102.92,14028079,1882146805,0.95,-0.7330246913580307,603259.SH
2021-04-15,104.22,104.44,101.01,103.03,14398237,1934095429,0.98,0.10687912942091149,603259.SH
2021-04-18,103.28,104.75,101.45,104.06,22883836,3097261076,1.55,0.9997088226730177,603259.SH
2021-04-19,103.3,108.85,102.66,107.12,24109890,3358956471,1.63,2.940611185854314,603259.SH
2021-04-20,106.89,108.27,104.53,108.23,16658946,2328491145,1.13,1.0362210604929034,603259.SH
2021-04-21,109.26,109.42,107.21,107.58,13952949,1974665405,0.95,-0.6005728541069955,603259.SH
2021-04-22,106.9,115.15,106.82,114.87,24022807,3542605382,1.63,6.7763524818739596,603259.SH
2021-04-25,116.85,117.91,112.11,112.62,24581166,3712255938,1.67,-1.9587359623922662,603259.SH
2021-04-26,113.22,117.07,112.22,116.39,17223078,2596401673,1.17,3.347540401349658,603259.SH
2021-04-27,116.0,119.63,114.76,119.62,20691303,3197290160,1.4,2.775152504510703,603259.SH
2021-04-28,119.62,122.43,117.84,122.43,20497908,3210922776,1.39,2.34910550075238,603259.SH
2021-04-29,123.22,125.4,119.98,121.47,23765040,3805699070,1.61,-0.7841215388385225,603259.SH
2021-05-05,117.15,117.84,110.4,114.08,36173856,5402524890,2.45,-6.083806701243111,603259.SH
2021-05-06,114.07,116.28,108.56,109.49,25590794,3739746886,1.73,-4.023492286115005,603259.SH
2021-05-09,108.35,114.04,107.36,112.02,23198940,3386764939,1.1,2.3107133071513353,603259.SH
2021-05-10,110.9,115.24,109.18,114.76,21681906,3198353830,1.03,2.445991787180879,603259.SH
2021-05-11,113.25,118.22,113.25,117.21,16620191,2519300492,0.79,2.134890205646567,603259.SH
2021-05-12,116.0,118.01,114.39,117.84,17481634,2660718890,0.83,0.537496800614301,603259.SH
2021-05-13,117.84,119.37,114.75,117.22,21369208,3270941002,1.01,-0.5261371350984478,603259.SH
2021-05-16,117.45,123.89,117.45,123.52,26116906,4181227476,1.24,5.374509469373834,603259.SH
2021-05-17,122.81,123.94,120.9,123.25,13841674,2215334280,0.65,-0.21858808290154963,603259.SH
2021-05-18,122.43,123.58,120.9,121.36,12930266,2058036992,0.61,-1.5334685598377251,603259.SH
2021-05-19,120.94,122.58,120.36,122.12,16393433,2607744922,0.78,0.6262359920896632,603259.SH
2021-05-20,122.96,126.5,121.66,125.04,24748767,4019636821,1.17,2.3910907304290907,603259.SH
2021-05-23,125.87,126.25,120.9,125.57,23312833,3780462582,1.1,0.42386436340369205,603259.SH
2021-05-24,126.25,130.35,126.25,129.31,30657144,5180517608,1.45,2.978418412041095,603259.SH
2021-05-25,128.21,129.37,127.52,128.27,13413896,2251504726,0.63,-0.8042688113834906,603259.SH
2021-05-26,128.54,131.23,127.29,129.47,17153022,2908482421,0.81,0.9355266235284931,603259.SH
2021-05-27,129.31,131.45,124.19,125.66,22891676,3811253830,1.08,-2.942766664092067,603259.SH
2021-05-30,125.49,128.31,125.48,127.94,14764568,2453052788,0.7,1.8144198631227182,603259.SH
2021-05-31,128.28,135.93,128.28,134.52,24282077,4220595855,1.15,5.1430357980303265,603259.SH
2021-06-01,135.44,138.49,133.15,134.62,16889238,2989229246,0.8,0.07433838834374207,603259.SH
2021-06-02,134.63,135.59,132.38,133.41,11894346,2084625995,0.56,-0.8988263259545493,603259.SH
2021-06-03,132.15,137.33,131.92,136.42,15828197,2801345185,0.75,2.2562026834570093,603259.SH
2021-06-06,135.93,136.41,130.62,134.55,16262854,2838761120,0.77,-1.370766749743424,603259.SH
2021-06-07,134.55,138.02,130.21,133.42,20916883,3055619837,0.82,-0.8398364920104262,603259.SH
2021-06-08,131.58,134.4,128.82,134.22,18046710,2597405910,0.71,0.5996102533353476,603259.SH
2021-06-09,135.24,138.25,132.59,137.83,21537806,3185458981,0.85,2.689614066458068,603259.SH
2021-06-10,138.42,138.42,133.88,134.36,20645882,3047927459,0.81,-2.5175941377058697,603259.SH
2021-06-14,133.46,136.59,131.12,132.46,29846421,4318581698,1.18,-1.414111342661506,603259.SH
2021-06-15,132.52,133.27,124.12,125.14,33548836,4630359563,1.32,-5.5261965876491015,603259.SH
2021-06-16,124.91,126.96,124.0,125.14,21719613,2959482377,0.86,0.0,603259.SH
2021-06-17,125.95,131.0,125.6,128.82,22954596,3212110763,0.9,2.9407064088221135,603259.SH
2021-06-20,130.62,134.98,128.72,134.34,25673804,3702295376,1.01,4.285048905449473,603259.SH
2021-06-21,133.88,141.07,131.21,139.73,31798379,4756336366,1.25,4.012207830876879,603259.SH
2021-06-22,139.75,144.46,139.03,141.01,27981036,4320666722,1.1,0.9160523867458581,603259.SH
2021-06-23,142.34,143.08,136.55,139.49,20801558,3143208964,0.82,-1.0779377349124042,603259.SH
2021-06-24,140.41,144.27,138.66,144.09,19142887,2965284354,0.75,3.2977274356584596,603259.SH
2021-06-27,145.1,147.95,143.54,144.93,17176639,2720947422,0.68,0.5829689777222535,603259.SH
2021-06-28,146.96,147.49,143.54,145.35,13684776,2163806065,0.54,0.2897950734837451,603259.SH
2021-06-29,145.27,147.13,142.62,144.08,15775108,2485240550,0.62,-0.8737530099759083,603259.SH
2021-06-30,145.38,155.32,145.28,154.58,26392592,4340253994,1.04,7.287617990005546,603259.SH
2021-07-01,152.64,152.65,141.71,142.66,30159709,4785864774,1.18,-7.711217492560496,603259.SH
2021-07-04,139.92,145.76,138.39,141.59,28578577,4396486900,1.12,-0.7500350483667373,603259.SH
2021-07-05,141.7,141.7,128.63,134.36,47440766,6891821655,1.86,-5.106292817289349,603259.SH
2021-07-06,133.87,146.39,132.5,144.1,37874990,5797661889,1.49,7.2491813039595066,603259.SH
2021-07-07,145.55,147.71,139.41,139.86,22827231,3549699191,0.9,-2.9424011103400316,603259.SH
2021-07-08,139.5,141.7,134.23,138.74,20098109,3010687653,0.79,-0.800800800800805,603259.SH
2021-07-11,137.81,149.11,134.47,147.86,30160520,4733406609,1.18,6.573446734899813,603259.SH
2021-07-12,146.02,149.7,143.33,145.19,18237740,2881746217,0.72,-1.8057622074935886,603259.SH
2021-07-13,145.04,154.07,143.73,148.33,26550436,4310415341,1.04,2.1626833803981116,603259.SH
2021-07-14,148.14,151.87,147.23,151.82,17086478,2780190977,0.67,2.3528618620642927,603259.SH
2021-07-15,155.5,158.71,149.99,151.91,27316082,4584826692,1.07,0.05928072717691357,603259.SH
2021-07-18,152.7,155.67,150.71,154.44,17523286,2932706247,0.69,1.6654598117306296,603259.SH
2021-07-19,153.29,156.11,149.15,152.23,15451765,2554129294,0.61,-1.4309764309764383,603259.SH
2021-07-20,153.25,154.37,151.08,153.48,14804149,2459471455,0.58,0.8211259278722904,603259.SH
2021-07-21,154.47,154.48,147.68,149.0,18402882,2994161593,0.72,-2.9189470940839124,603259.SH
2021-07-22,147.22,149.29,140.99,141.7,30392625,4732796227,1.19,-4.8993288590604145,603259.SH
2021-07-25,139.86,141.96,131.7,136.86,34178935,5071144818,1.34,-3.415666901905412,603259.SH
2021-07-26,132.4,139.86,131.7,133.05,33480115,4925146688,1.31,-2.783866725120565,603259.SH
2021-07-27,131.6,140.78,131.59,140.59,33885487,5080111006,1.33,5.667042465238636,603259.SH
2021-07-28,142.76,145.3,140.79,143.52,25471796,3963192294,1.0,2.084074258482116,603259.SH
2021-07-29,142.17,142.48,136.74,138.02,21261880,3209221073,0.84,-3.832218506131546,603259.SH
2021-08-01,136.18,141.13,131.39,140.59,28553145,4228390028,1.12,1.8620489784089145,603259.SH
2021-08-02,142.34,147.45,137.1,146.19,26365056,4123034827,1.04,3.983213599829294,603259.SH
2021-08-03,145.57,149.24,143.3,146.19,25777584,4091577697,1.01,0.0,603259.SH
2021-08-04,146.3,150.79,143.55,148.09,23912765,3836232828,0.94,1.299678500581436,603259.SH
2021-08-05,145.83,147.2,133.87,135.44,50150355,7515460969,1.97,-8.542102775339321,603259.SH
2021-08-08,130.66,134.8,128.91,131.37,32938100,4683240226,1.29,-3.005020673360892,603259.SH
2021-08-09,131.37,134.22,128.82,134.02,24713448,3546058542,0.97,2.017203318870364,603259.SH
2021-08-10,134.33,134.33,131.28,132.04,14081815,2025435471,0.55,-1.477391434114328,603259.SH
2021-08-11,130.66,132.04,123.94,128.08,43967721,6079881034,1.73,-2.999091184489533,603259.SH
2021-08-12,128.82,130.66,125.81,127.66,30864651,4312337576,1.21,-0.3279200499687773,603259.SH
2021-08-15,126.87,127.65,124.69,125.58,21538938,2942549747,0.85,-1.6293279022403295,603259.SH
2021-08-16,126.06,127.68,116.54,119.57,39963065,5277352721,1.57,-4.785793916228698,603259.SH
2021-08-17,119.52,122.09,117.16,118.35,26580201,3431187510,1.04,-1.0203228234506923,603259.SH
2021-08-18,118.35,121.07,117.45,120.31,24679575,3207330604,0.97,1.6561047739755086,603259.SH
2021-08-19,117.78,117.87,111.43,113.17,46291844,5725571407,1.82,-5.934668772338125,603259.SH
2021-08-22,114.65,116.01,111.79,114.09,35101386,4352266181,1.38,0.8129362905363591,603259.SH
2021-08-23,115.93,122.01,115.47,120.42,54131084,7079330386,2.13,5.548251380489089,603259.SH
2021-08-24,120.19,123.19,119.06,121.8,32093437,4238243728,1.26,1.1459890383657134,603259.SH
2021-08-25,120.54,121.44,115.01,115.77,27887746,3547982057,1.1,-4.950738916256158,603259.SH
2021-08-26,114.9,122.47,114.65,119.56,30866369,4026265879,1.21,3.2737324004491697,603259.SH
2021-08-29,121.46,123.8,119.05,120.03,25969377,3417340464,1.02,0.39310806289729605,603259.SH
2021-08-30,121.46,125.03,120.19,122.19,25668471,3417710257,1.01,1.7995501124718816,603259.SH
2021-08-31,120.35,124.22,115.78,122.17,28971518,3786180037,1.14,-0.016367951550855242,603259.SH
2021-09-01,122.16,124.84,116.87,118.25,29517146,3881652654,1.16,-3.2086436932143747,603259.SH
2021-09-02,118.23,124.31,116.67,123.02,30672831,4058549631,1.2,4.0338266384778,603259.SH
2021-09-05,123.31,132.0,123.3,129.41,37094386,5205190953,1.46,5.194277353275889,603259.SH
2021-09-06,129.55,130.35,127.0,129.92,21379345,2990850554,0.84,0.3940962831311179,603259.SH
2021-09-07,130.66,131.3,126.7,128.73,19102192,2669938232,0.75,-0.9159482758620663,603259.SH
2021-09-08,129.03,131.46,127.9,129.53,12715668,1790473495,0.5,0.6214557601180948,603259.SH
2021-09-09,129.29,130.01,126.52,129.55,17934808,2501947678,0.7,0.01544043850845167,603259.SH
2021-09-12,128.35,131.37,124.31,125.43,20879539,2871454673,0.82,-3.1802392898494847,603259.SH
2021-09-13,125.44,132.39,125.44,130.62,27215316,3857250493,1.07,4.137766084668737,603259.SH
2021-09-14,129.92,136.36,129.28,130.41,28993075,4175896662,1.14,-0.1607717041800738,603259.SH
2021-09-15,128.98,134.23,127.44,132.64,27239656,3887426318,1.07,1.7099915650640174,603259.SH
2021-09-16,131.76,141.04,129.55,140.23,36402369,5432131122,1.43,5.722255729794945,603259.SH
2021-09-21,138.57,146.19,138.02,141.14,22089637,3399723714,0.87,0.6489338943164835,603259.SH
2021-09-22,141.14,142.65,137.1,138.29,24124080,3652679462,0.95,-2.0192716451750026,603259.SH
2021-09-23,137.56,140.95,136.82,138.83,17891650,2709196327,0.7,0.3904837659989946,603259.SH
2021-09-26,138.57,142.32,137.19,139.49,23423096,3560927288,0.92,0.47540157026579877,603259.SH
2021-09-27,138.11,141.24,136.27,138.92,16670469,2528683168,0.65,-0.40863144311421573,603259.SH
2021-09-28,137.1,139.93,136.34,138.11,14999646,2251282659,0.59,-0.5830693924560704,603259.SH
2021-09-29,137.57,142.16,136.87,140.59,17137376,2610138453,0.67,1.7956701180218637,603259.SH
2021-10-07,141.7,144.27,137.08,137.67,21921102,3339073933,0.86,-2.076961377053854,603259.SH
2021-10-10,136.18,138.83,130.34,130.53,29677743,4294656279,1.17,-5.186315101329253,603259.SH
2021-10-11,130.66,134.24,129.56,131.6,18847815,2710255055,0.74,0.8197349268367349,603259.SH
2021-10-12,132.5,137.76,130.84,137.1,15706695,2300551228,0.62,4.1793313069908855,603259.SH
2021-10-13,137.52,137.89,130.55,132.38,20926366,3031841942,0.82,-3.442742523705322,603259.SH
2021-10-14,131.47,134.96,130.21,133.72,15644713,2262920534,0.61,1.0122374981115012,603259.SH
2021-10-17,133.02,134.66,130.49,132.22,16007696,2300523104,0.63,-1.1217469338917097,603259.SH
2021-10-18,132.39,136.07,131.98,133.42,15727095,2282870695,0.62,0.9075782786265307,603259.SH
2021-10-19,133.46,135.04,128.26,129.27,24956246,3524599324,0.98,-3.110478189177013,603259.SH
2021-10-20,128.86,131.2,128.36,129.92,13435877,1894553557,0.53,0.5028235476135068,603259.SH
2021-10-21,129.97,131.07,125.18,128.61,20538012,2853131248,0.81,-1.0083128078817505,603259.SH
2021-10-24,127.9,129.64,127.58,128.17,15583183,2173514584,0.61,-0.34211958634633444,603259.SH
2021-10-25,128.16,130.25,126.71,127.71,14725582,2050764049,0.58,-0.358898338144642,603259.SH
2021-10-26,127.71,128.62,123.83,124.74,18545282,2531740927,0.73,-2.3255813953488413,603259.SH
2021-10-27,123.3,125.93,122.12,123.53,20678714,2773541829,0.81,-0.970017636684295,603259.SH
2021-10-28,123.34,127.3,122.02,126.99,18634489,2541456332,0.73,2.800939043147399,603259.SH
2021-10-31,130.09,130.27,119.55,119.78,43223639,5755138037,1.7,-5.677612410426014,603259.SH
2021-11-01,120.54,123.72,119.78,121.24,29251611,3860499654,1.15,1.2189013190849751,603259.SH
2021-11-02,121.87,123.99,120.03,121.85,20759063,2756073408,0.82,0.5031342791158133,603259.SH
2021-11-03,121.92,123.14,115.01,116.39,47986617,6127171452,1.88,-4.480919162905206,603259.SH
2021-11-04,116.81,118.32,115.59,116.3,25100847,3187404718,0.99,-0.07732623077584266,603259.SH
2021-11-07,117.55,119.01,111.79,113.08,40585324,5044297897,1.59,-2.768701633705928,603259.SH
2021-11-08,113.36,117.37,112.63,116.84,30637249,3844422358,1.2,3.3250795896710317,603259.SH
2021-11-09,116.39,118.47,114.52,118.16,27876314,3543628766,1.09,1.1297500855871112,603259.SH
2021-11-10,118.17,122.38,117.59,119.72,24676370,3218291379,0.97,1.3202437373053488,603259.SH
2021-11-11,119.72,120.53,117.8,118.6,12788711,1652420842,0.5,-0.9355162044771159,603259.SH
2021-11-14,118.79,121.56,118.28,120.87,19066701,2502782856,0.75,1.9139966273187259,603259.SH
2021-11-15,121.45,126.52,121.0,125.58,30805682,4166209643,1.21,3.896748572846853,603259.SH
2021-11-16,127.9,131.26,125.16,125.64,23182522,3208236210,0.91,0.04777830864788335,603259.SH
2021-11-17,124.82,124.82,119.95,120.54,22483384,2974082191,0.88,-4.059216809933142,603259.SH
2021-11-18,119.52,121.09,118.33,119.89,19287497,2501050175,0.76,-0.5392400862784141,603259.SH
2021-11-21,119.9,120.53,117.68,118.51,19486241,2506542271,0.77,-1.1510551338727137,603259.SH
2021-11-22,117.87,120.22,117.87,119.59,17203181,2230613084,0.68,0.9113155008016127,603259.SH
2021-11-23,118.88,122.65,118.23,122.36,21383790,2815800467,0.84,2.3162471778576776,603259.SH
2021-11-24,122.01,124.94,121.34,124.04,16598515,2225853389,0.65,1.3729977116704761,603259.SH
2021-11-25,126.06,130.17,126.06,128.5,31292141,4374394225,1.23,3.595614317961937,603259.SH
2021-11-28,132.13,134.34,130.2,131.58,30237731,4335727187,1.19,2.3968871595330787,603259.SH
2021-11-29,130.66,132.98,129.74,132.5,17337075,2485246993,0.68,0.6991944064447475,603259.SH
2021-11-30,133.14,136.91,131.83,134.63,21286236,3115466558,0.84,1.6075471698113075,603259.SH
2021-12-01,134.13,134.22,129.06,130.29,21898971,3117782038,0.86,-3.223650003713885,603259.SH
2021-12-02,130.47,133.03,129.36,130.47,14177818,2017533363,0.56,0.1381533502187393,603259.SH
2021-12-05,129.83,129.83,125.13,125.8,19096191,2631526686,0.75,-3.5793669042691767,603259.SH
2021-12-06,126.29,127.53,124.97,125.76,13291201,1817989540,0.52,-0.031796502384728864,603259.SH
2021-12-07,126.24,128.91,125.76,128.36,15634482,2164501368,0.61,2.0674300254452938,603259.SH
2021-12-08,128.89,132.13,126.38,130.11,19634032,2770076375,0.77,1.363353069492046,603259.SH
2021-12-09,128.52,130.0,127.48,128.72,14618151,2041875484,0.57,-1.068326800399677,603259.SH
2021-12-12,128.69,128.98,124.22,124.47,23453631,3206786868,0.92,-3.301740211311377,603259.SH
2021-12-13,124.48,126.93,124.48,126.79,17027471,2329499589,0.67,1.86390294850165,603259.SH
2021-12-14,126.07,126.15,114.11,114.11,49720223,6418257571,1.95,-10.000788705733898,603259.SH
2021-12-15,110.23,116.36,109.52,114.98,81618258,9987809474,3.2,0.7624222241696677,603259.SH
2021-12-16,116.85,120.19,114.63,114.83,53842740,6852288416,2.11,-0.13045747086449788,603259.SH
2021-12-19,113.18,113.18,104.78,105.24,64964058,7581341269,2.55,-8.351476095097098,603259.SH
2021-12-20,105.72,109.38,105.72,108.57,35500182,4169873271,1.39,3.1641961231470894,603259.SH
2021-12-21,107.65,109.11,105.81,106.49,22402459,2599085252,0.88,-1.9158146817721322,603259.SH
2021-12-22,107.56,108.57,105.21,105.78,21119768,2432645739,0.83,-0.6667292703540162,603259.SH
2021-12-23,105.81,106.04,102.02,103.08,26916806,3019670922,1.06,-2.552467385138968,603259.SH
2021-12-26,103.24,105.17,101.95,105.07,23917666,2696496861,0.94,1.930539386883967,603259.SH
2021-12-27,104.16,110.4,103.61,109.59,43804983,5131430724,1.72,4.301893975444959,603259.SH
2021-12-28,108.74,113.01,108.56,109.67,26986445,3237142300,1.06,0.07299936125557682,603259.SH
2021-12-29,109.67,111.79,107.54,110.42,17329148,2074422755,0.68,0.6838697911917491,603259.SH
2021-12-30,110.75,111.47,108.28,109.11,17207306,2053649398,0.68,-1.186379279116101,603259.SH
2022-01-03,105.81,106.0,98.22,100.11,63180219,6923855936,2.48,-8.248556502612047,603259.SH
2022-01-04,99.19,101.84,98.54,100.99,36969225,4046705551,1.45,0.879033063629997,603259.SH
2022-01-05,99.83,102.46,98.92,99.47,25890594,2828782632,1.02,-1.505099514803443,603259.SH
2022-01-06,99.65,100.9,98.59,100.18,21757914,2365622217,0.85,0.7137830501658948,603259.SH
2022-01-09,99.37,104.09,96.61,103.06,26360622,2924416633,1.04,2.8748253144340152,603259.SH
2022-01-10,102.59,107.9,102.58,107.18,30074861,3472566229,1.18,3.9976712594605113,603259.SH
2022-01-11,107.16,108.87,105.85,107.56,21678322,2530867948,0.85,0.3545437581638389,603259.SH
2022-01-12,107.56,109.81,106.55,106.58,18734964,2199155704,0.74,-0.9111193752324276,603259.SH
2022-01-13,105.53,107.84,104.8,104.87,16571128,1906298668,0.65,-1.6044285982360629,603259.SH
2022-01-16,104.87,106.55,102.74,105.04,20938211,2374493549,0.82,0.16210546390769132,603259.SH
2022-01-17,105.01,110.03,104.07,108.39,22825120,2686083198,0.9,3.189261233815688,603259.SH
2022-01-18,109.95,110.84,101.46,103.05,40094588,4550969555,1.57,-4.926653750345977,603259.SH
2022-01-19,102.57,104.43,101.58,102.13,18659765,2083742264,0.73,-0.8927704997574004,603259.SH
2022-01-20,101.53,101.53,97.6,99.09,28115387,3026244449,1.1,-2.9765984529521172,603259.SH
2022-01-23,97.68,103.35,97.59,102.96,22810656,2520748440,0.9,3.905540417801978,603259.SH
2022-01-24,102.22,103.82,100.94,100.94,13024088,1448493459,0.51,-1.961926961926963,603259.SH
2022-01-25,101.95,102.87,94.02,95.89,33871616,3566362476,1.33,-5.002972062611455,603259.SH
2022-01-26,94.31,97.09,94.31,94.97,22569238,2339376721,0.89,-0.9594326832829347,603259.SH
2022-01-27,95.68,98.53,93.48,96.43,22224561,2330857984,0.87,1.5373275771296324,603259.SH
2022-02-06,98.91,100.56,95.73,96.15,17891129,1902510362,0.7,-0.290366068650838,603259.SH
2022-02-07,87.41,87.41,86.54,86.55,41741810,3928181591,1.64,-9.98439937597505,603259.SH
2022-02-08,85.57,86.38,82.35,85.32,58723395,5352419563,2.31,-1.4211438474870053,603259.SH
2022-02-09,84.02,84.36,78.21,79.0,80820052,7038292767,3.17,-7.407407407407396,603259.SH
2022-02-10,77.38,79.36,75.28,76.43,61654897,5160558558,2.42,-3.2531645569620182,603259.SH
2022-02-13,75.82,79.74,75.82,78.49,51068153,4349887250,2.01,2.6952767237995445,603259.SH
2022-02-14,78.5,86.33,78.27,86.33,61659254,5623365806,2.42,9.988533571155568,603259.SH
2022-02-15,88.42,92.01,88.33,89.92,59523887,5839735221,2.34,4.158461716668604,603259.SH
2022-02-16,89.55,91.21,88.17,90.54,30201181,2951909618,1.19,0.6895017793594249,603259.SH
2022-02-17,90.33,90.91,87.87,90.4,21370349,2079972483,0.84,-0.1546277888226255,603259.SH
2022-02-20,93.12,93.95,88.86,90.36,20408652,2007254253,0.8,-0.04424778761062953,603259.SH
2022-02-21,89.25,90.4,87.53,89.07,19925664,1917128599,0.78,-1.4276228419654813,603259.SH
2022-02-22,89.13,92.58,88.79,91.7,20501785,2027261382,0.8,2.952733804872576,603259.SH
2022-02-23,91.09,94.77,89.25,90.82,29269225,2918010160,1.15,-0.9596510359869193,603259.SH
2022-02-24,92.63,97.72,92.63,95.14,35331785,3674426895,1.39,4.756661528297745,603259.SH
2022-02-27,95.23,96.93,94.26,95.63,18460031,1908742447,0.72,0.5150304813958284,603259.SH
2022-02-28,96.3,98.39,94.68,97.3,18779656,1978942375,0.74,1.7463139182265053,603259.SH
2022-03-01,96.61,96.96,94.31,95.43,18034013,1869200954,0.71,-1.9218910585816928,603259.SH
2022-03-02,96.61,96.62,92.98,94.58,14154843,1451024486,0.56,-0.8907052289636508,603259.SH
2022-03-03,92.52,94.9,91.47,93.77,18374954,1869654726,0.72,-0.8564178473250195,603259.SH
2022-03-06,92.62,92.83,89.63,91.18,20440349,2024321691,0.8,-2.762077423482978,603259.SH
2022-03-07,91.77,94.76,89.78,90.34,21135287,2119102601,0.83,-0.9212546611098937,603259.SH
2022-03-08,90.26,91.05,81.52,86.31,40698495,3799250081,1.6,-4.460925392959936,603259.SH
2022-03-09,91.83,94.94,91.46,94.43,36434288,3708700675,1.43,9.407948094079476,603259.SH
2022-03-10,91.94,92.93,87.79,90.82,35493540,3481006192,1.39,-3.822937625754541,603259.SH
2022-03-13,89.9,92.47,88.15,88.91,23854095,2339668125,0.94,-2.1030609997797822,603259.SH
2022-03-14,85.57,90.32,83.74,85.73,31989210,3011994581,1.26,-3.576650545495441,603259.SH
2022-03-15,87.43,94.22,86.59,93.46,40315476,3946989353,1.58,9.016680275282862,603259.SH
2022-03-16,97.52,100.48,95.69,98.37,45039883,4822045329,1.77,5.253584421142743,603259.SH
2022-03-17,97.88,97.88,95.06,95.34,29234823,3048046945,1.15,-3.0802073802988716,603259.SH
2022-03-20,97.84,98.64,94.89,97.26,20552098,2167560187,0.81,2.013845185651353,603259.SH
2022-03-21,96.52,97.25,93.93,94.7,17682656,1827858092,0.69,-2.6321200904791286,603259.SH
2022-03-22,95.88,102.26,95.13,101.56,30573479,3311588023,1.2,7.243928194297777,603259.SH
2022-03-23,100.14,110.39,97.65,107.65,49375524,5623245009,1.94,5.99645529736117,603259.SH
2022-03-24,106.73,108.57,100.61,101.08,37596957,4238571624,1.48,-6.103111936832328,603259.SH
2022-03-27,100.72,103.91,100.15,102.47,25410793,2821575846,1.0,1.3751483973090561,603259.SH
2022-03-28,102.45,104.41,101.21,102.84,16222471,1818814956,0.64,0.36108129208549666,603259.SH
2022-03-29,103.05,105.2,101.76,104.39,19215343,2163712953,0.75,1.5071956437183953,603259.SH
2022-03-30,104.38,104.71,101.03,103.4,19035298,2124448012,0.75,-0.9483667017913588,603259.SH
2022-03-31,101.26,102.09,98.81,100.36,19721377,2154083550,0.77,-2.940038684719537,603259.SH
2022-04-05,103.05,103.72,98.24,99.46,18235791,1984959764,0.72,-0.8967716221602307,603259.SH
2022-04-06,97.99,100.57,97.36,98.28,14332075,1532087996,0.56,-1.1864065956163183,603259.SH
2022-04-07,98.34,99.86,95.51,96.61,17289697,1830016984,0.68,-1.699226699226697,603259.SH
2022-04-10,96.23,98.02,94.77,95.49,23309356,2440080168,0.92,-1.1593002794741847,603259.SH
2022-04-11,95.51,98.4,94.46,97.91,26265349,2762615296,1.03,2.5342967850036757,603259.SH
2022-04-12,96.8,96.8,91.84,93.65,23320252,2384104245,0.92,-4.350934531712792,603259.SH
2022-04-13,94.66,98.64,93.67,97.84,18532972,1948761306,0.73,4.474105712760279,603259.SH
2022-04-14,96.61,102.46,95.69,100.39,18039212,1954638372,0.71,2.606295993458696,603259.SH
2022-04-17,99.19,100.47,98.08,98.54,9662288,1038665467,0.38,-1.8428130291861633,603259.SH
2022-04-18,98.45,99.36,93.86,94.56,15120295,1570922802,0.59,-4.038968946620669,603259.SH
2022-04-19,94.56,96.34,91.51,92.81,16525193,1669536616,0.65,-1.850676818950936,603259.SH
2022-04-20,91.9,93.39,88.19,88.9,25444047,2497264500,1.0,-4.212908091800449,603259.SH
2022-04-21,88.79,94.07,88.04,93.48,22879869,2283996864,0.9,5.151856017997747,603259.SH
2022-04-24,92.01,94.31,89.99,90.05,18798272,1881873601,0.74,-3.6692340607616725,603259.SH
2022-04-25,90.63,96.94,90.63,94.27,26308179,2709436287,1.03,4.686285397001666,603259.SH
2022-04-26,93.85,96.5,92.01,95.74,20192379,2077109062,0.79,1.5593508008910462,603259.SH
2022-04-27,95.84,96.13,93.37,95.03,13008617,1334697866,0.51,-0.7415918111552067,603259.SH
2022-04-28,94.3,96.05,92.14,94.98,19750798,2028438114,0.78,-0.05261496369567409,603259.SH
2022-05-04,94.87,95.42,89.16,90.22,31040602,3064145611,1.22,-5.011581385554864,603259.SH
2022-05-05,88.38,89.6,86.54,86.86,19119570,1824646583,0.75,-3.7242296608290815,603259.SH
2022-05-08,86.54,87.87,85.77,86.15,10944824,1033866242,0.43,-0.8174073221275502,603259.SH
2022-05-09,84.61,90.77,83.9,89.69,20903623,2017618226,0.82,4.109112013929184,603259.SH
2022-05-10,89.62,94.68,88.43,92.61,24960839,2514331806,0.98,3.2556583788605264,603259.SH
2022-05-11,92.0,93.76,91.1,93.19,11719545,1182743581,0.46,0.626282258935329,603259.SH
2022-05-12,94.23,95.14,92.22,92.83,8991246,912077170,0.35,-0.3863075437278707,603259.SH
2022-05-15,92.06,93.85,90.36,90.92,12427981,1236902159,0.49,-2.0575245071636328,603259.SH
2022-05-16,90.85,91.57,89.25,91.43,13144518,1292412373,0.52,0.5609326880774423,603259.SH
2022-05-17,91.83,91.89,85.78,88.63,26942441,2580471637,1.06,-3.0624521491851797,603259.SH
2022-05-18,86.84,88.7,86.72,88.25,12864641,1229461487,0.5,-0.4287487306780968,603259.SH
2022-05-19,88.97,92.0,88.59,90.65,18722031,1834740640,0.73,2.719546742209644,603259.SH
2022-05-22,91.18,91.42,89.34,89.72,11287742,1104029990,0.44,-1.0259238830667483,603259.SH
2022-05-23,89.73,89.73,84.28,84.88,29853272,2792134527,1.17,-5.394560855996433,603259.SH
2022-05-24,84.73,85.56,83.36,84.03,18287878,1671466350,0.72,-1.001413760603198,603259.SH
2022-05-25,85.06,85.06,80.17,81.06,32921377,2913263215,1.29,-3.534451981435205,603259.SH
2022-05-26,82.9,88.33,82.81,85.09,47462707,4435199908,1.86,4.971625956081915,603259.SH
2022-05-29,85.11,86.31,83.04,85.39,22202622,2046364311,0.87,0.35256786931483486,603259.SH
2022-05-30,85.48,88.75,83.57,87.7,33035270,3107050124,1.29,2.705234805012302,603259.SH
2022-05-31,87.41,88.37,85.52,85.98,24693439,2315137472,0.97,-1.9612314709235967,603259.SH
2022-06-01,85.03,85.43,82.7,83.4,35818189,3249504863,1.4,-3.000697836706212,603259.SH
2022-06-05,85.43,91.18,83.92,91.07,48722073,4670932103,1.91,9.196642685851298,603259.SH
2022-06-06,91.08,93.76,89.52,92.42,38691949,3885517137,1.52,1.482376194136381,603259.SH
2022-06-07,93.85,99.1,93.22,96.61,47714816,4990863409,1.87,4.53365072495131,603259.SH
2022-06-08,96.7,97.73,94.42,94.89,21496490,2224655802,0.84,-1.7803540006210539,603259.SH
2022-06-09,93.86,95.4,93.14,95.09,22780348,2324653988,0.89,0.21077036568659668,603259.SH
2022-06-12,88.04,89.41,85.58,86.0,69299620,6447500020,2.72,-9.5593648122831,603259.SH
2022-06-13,84.16,87.93,84.16,87.38,35756744,3355724236,1.4,1.6046511627906934,603259.SH
2022-06-14,86.92,89.96,86.73,88.43,28137053,2691238180,1.1,1.2016479743648611,603259.SH
2022-06-15,88.77,90.77,87.86,88.47,21319686,2060095287,0.84,0.04523351803684683,603259.SH
2022-06-16,88.46,89.7,86.0,88.77,29527364,2807225887,1.16,0.3390979993217913,603259.SH
2022-06-19,88.77,92.01,88.77,90.53,24870399,2432339936,0.97,1.9826517967781898,603259.SH
2022-06-20,91.08,91.88,89.21,90.32,20299304,1985378581,0.8,-0.23196730365625529,603259.SH
2022-06-21,90.6,90.6,86.17,86.69,32491108,3085864428,1.27,-4.01904340124003,603259.SH
2022-06-22,86.75,87.66,85.49,87.35,25590277,2393800375,1.0,0.7613334871380717,603259.SH
2022-06-23,87.94,95.09,87.9,94.94,53899685,5387128427,2.11,8.689181453921012,603259.SH
2022-06-26,96.26,98.86,94.91,95.67,36200229,3788805704,1.42,0.7689066779018372,603259.SH
2022-06-27,95.24,95.8,92.68,94.46,23500520,2384917697,0.92,-1.2647642939270454,603259.SH
2022-06-28,93.58,96.95,92.64,93.79,21958757,2247949380,0.86,-0.7092949396569792,603259.SH
2022-06-29,93.02,97.82,93.02,96.16,25647804,2665613614,1.0,2.5269218466787313,603259.SH
2022-06-30,96.16,97.35,93.93,95.06,18685305,1925922021,0.73,-1.143926788685523,603259.SH
2022-07-03,96.26,101.64,95.38,100.89,46434180,4991843143,1.82,6.132968651378068,603259.SH
2022-07-04,101.9,108.42,98.03,104.93,66601023,7478214879,2.6,4.004361185449512,603259.SH
2022-07-05,104.08,109.48,103.36,104.53,45513777,5222362647,1.78,-0.3812065186314717,603259.SH
2022-07-06,103.8,103.98,98.94,101.44,31900836,3482416751,1.25,-2.9560891610064144,603259.SH
2022-07-07,102.24,104.83,101.24,101.9,23366969,2598598882,0.91,0.45347003154574406,603259.SH
2022-07-10,101.7,101.72,98.5,99.87,16990443,1831422838,0.66,-1.9921491658488777,603259.SH
2022-07-11,103.66,103.86,96.74,97.83,30459952,3256340299,1.19,-2.042655452087716,603259.SH
2022-07-12,96.45,99.45,96.45,97.96,21832818,2305527388,0.85,0.13288357354594993,603259.SH
2022-07-13,97.65,101.28,97.09,99.64,24385311,2628109713,0.95,1.7149857084524323,603259.SH
2022-07-14,99.37,100.48,96.8,97.09,19758835,2106279423,0.77,-2.559213167402652,603259.SH
2022-07-17,98.02,98.02,92.83,95.32,31062371,3171329917,1.21,-1.8230507776290095,603259.SH
2022-07-18,95.45,96.7,92.47,93.91,23384727,2367384040,0.91,-1.479227864036925,603259.SH
2022-07-19,94.52,96.14,94.14,94.71,17810561,1828685743,0.7,0.8518794590565371,603259.SH
2022-07-20,94.5,95.73,93.21,94.47,15274045,1558222308,0.6,-0.25340513145390986,603259.SH
2022-07-21,95.58,96.19,94.14,94.8,18286619,1878991133,0.71,0.3493172435693914,603259.SH
2022-07-24,94.13,94.48,92.39,93.34,17962090,1806812906,0.7,-1.5400843881856474,603259.SH
2022-07-25,93.02,94.02,92.56,93.91,15248953,1538464771,0.6,0.6106706663809636,603259.SH
2022-07-26,93.39,93.39,87.67,89.1,59148105,5723139524,2.31,-5.121925247577474,603259.SH
2022-07-27,89.1,89.99,87.89,88.95,29797364,2873158655,1.16,-0.16835016835016203,603259.SH
2022-07-28,88.75,88.75,86.0,86.37,35449312,3327561170,1.39,-2.900505902192241,603259.SH
2022-07-31,86.37,87.35,85.28,86.58,22430206,2096765958,0.88,0.24313997915941243,603259.SH
2022-08-01,85.53,86.09,83.81,85.09,27179098,2496258151,1.06,-1.7209517209517133,603259.SH
2022-08-02,85.26,86.65,84.35,85.66,21255191,1964008994,0.83,0.6698789516981885,603259.SH
2022-08-03,86.18,88.71,85.52,88.18,30837423,2919311061,1.21,2.941863180014015,603259.SH
2022-08-04,88.66,90.32,87.6,88.53,28218779,2715288290,1.1,0.39691540031752126,603259.SH
2022-08-07,87.83,88.4,86.0,87.01,24116518,2265645625,0.94,-1.7169321134078763,603259.SH
2022-08-08,86.56,86.78,85.15,86.69,17054044,1586651366,0.67,-0.36777381910125806,603259.SH
2022-08-09,86.27,86.66,83.55,84.29,28889970,2642669842,1.13,-2.7684854077748233,603259.SH
2022-08-10,85.32,87.85,84.38,87.39,32685009,3066218852,1.28,3.677779095978173,603259.SH
2022-08-11,87.18,88.31,86.32,87.61,17102381,1618581419,0.67,0.2517450509211594,603259.SH
2022-08-14,87.61,88.12,86.55,87.36,15684255,1481375221,0.61,-0.2853555530190621,603259.SH
2022-08-15,87.29,87.29,83.75,84.15,50736118,4634960113,1.98,-3.6744505494505475,603259.SH
2022-08-16,84.29,85.44,84.17,85.02,21358280,1960167701,0.83,1.0338680926916144,603259.SH
2022-08-17,84.7,85.67,83.34,83.95,23491176,2137240066,0.92,-1.2585274053163897,603259.SH
2022-08-18,83.44,83.91,82.56,83.6,19450697,1751898741,0.76,-0.41691483025610987,603259.SH
2022-08-21,83.11,84.66,82.68,84.35,19902415,1809578425,0.78,0.8971291866028741,603259.SH
2022-08-22,84.15,84.33,81.4,82.34,33359414,2964528729,1.3,-2.382928275044449,603259.SH
2022-08-23,81.91,82.9,80.86,81.19,19318714,1711621414,0.76,-1.3966480446927387,603259.SH
2022-08-24,81.36,82.09,80.36,81.97,16119970,1417938427,0.63,0.9607094469762378,603259.SH
2022-08-25,82.3,83.68,81.59,82.81,20063986,1800197626,0.78,1.0247651579846417,603259.SH
2022-08-28,81.37,81.98,81.0,81.85,13521884,1191733335,0.53,-1.1592802801594138,603259.SH
2022-08-29,81.69,82.3,79.9,80.77,20013697,1743942099,0.78,-1.3194868662186887,603259.SH
2022-08-30,80.17,83.96,79.99,82.9,31591003,2824228995,1.23,2.637117741735806,603259.SH
2022-08-31,82.32,83.2,80.78,81.14,19507344,1724600614,0.76,-2.123039806996385,603259.SH
2022-09-01,81.26,81.55,79.06,79.75,21083331,1818358447,0.82,-1.7130884890313003,603259.SH
2022-09-04,79.46,79.7,76.77,77.49,27690532,2320377794,1.08,-2.8338557993730418,603259.SH
2022-09-05,78.33,78.65,76.93,77.87,20518929,1726946189,0.8,0.490385856239528,603259.SH
2022-09-06,77.21,77.98,75.69,77.9,28822505,2397057666,1.13,0.0385257480416179,603259.SH
2022-09-07,77.81,78.54,76.36,76.51,16121350,1346067202,0.63,-1.784338896020543,603259.SH
2022-09-08,78.6,79.52,77.44,78.44,27780077,2358336745,1.09,2.5225460724088267,603259.SH
2022-09-12,75.71,75.71,70.6,70.6,74673541,5780835252,2.92,-9.994900560938301,603259.SH
2022-09-13,67.09,70.79,67.06,69.65,40680093,3047122061,1.59,-1.345609065155795,603259.SH
2022-09-14,71.47,72.93,70.81,71.03,41823136,3247911507,1.63,1.9813352476669044,603259.SH
2022-09-15,70.42,71.34,68.19,68.19,27072694,2033178810,1.06,-3.9983105729973323,603259.SH
2022-09-18,68.45,69.17,67.29,68.06,21549264,1585021887,0.84,-0.19064378941192617,603259.SH
2022-09-19,68.16,68.66,66.87,68.47,17433924,1280336608,0.68,0.6024096385542022,603259.SH
2022-09-20,68.12,68.83,66.36,66.49,21949345,1587314928,0.86,-2.8917774207682267,603259.SH
2022-09-21,65.19,66.07,64.47,64.87,28543918,2010873507,1.12,-2.436456610016524,603259.SH
2022-09-22,64.85,65.91,63.57,64.19,24202153,1689582942,0.95,-1.0482503468475568,603259.SH
2022-09-25,63.8,66.25,63.69,65.16,24376654,1724534146,0.95,1.5111388066677112,603259.SH
2022-09-26,65.16,67.5,64.27,66.8,29764089,2135722158,1.16,2.516881522406389,603259.SH
2022-09-27,66.4,67.38,65.25,65.47,20782403,1487456505,0.81,-1.9910179640718506,603259.SH
2022-09-28,66.47,69.17,65.65,67.09,33854893,2485069144,1.32,2.4744157629448704,603259.SH
2022-09-29,67.41,67.66,65.75,66.29,18299356,1318001799,0.72,-1.1924280816813182,603259.SH
2022-10-09,68.34,68.89,63.66,63.94,29114048,2063605625,1.14,-3.5450294162015505,603259.SH
2022-10-10,63.94,64.28,62.14,64.17,17323111,1189938940,0.68,0.3597122302158251,603259.SH
2022-10-11,64.22,64.77,62.15,64.54,22666942,1550474771,0.89,0.5765934237182524,603259.SH
2022-10-12,65.75,69.86,65.19,68.06,47143703,3477297022,1.84,5.453982026650128,603259.SH
2022-10-13,68.8,74.86,68.06,74.86,57299834,4510091618,2.24,9.991184249191875,603259.SH
2022-10-16,75.82,78.0,74.91,76.19,58295155,4810169642,2.28,1.7766497461928932,603259.SH
2022-10-17,76.2,76.74,74.11,75.68,33640882,2750468320,1.31,-0.6693791836198892,603259.SH
2022-10-18,75.17,75.17,73.05,74.11,31386323,2509745069,1.23,-2.0745243128964197,603259.SH
2022-10-19,73.05,75.07,72.81,72.92,30296785,2418358697,1.18,-1.6057212252057695,603259.SH
2022-10-20,72.6,73.51,70.81,71.12,33132430,2563792084,1.29,-2.4684585847504104,603259.SH
2022-10-23,71.31,71.85,68.01,68.64,34667331,2604960486,1.35,-3.4870641169853833,603259.SH
2022-10-24,68.61,69.33,66.83,67.69,25913475,1903807416,1.01,-1.3840326340326392,603259.SH
2022-10-25,68.08,74.35,68.08,72.31,57392442,4475921263,2.24,6.825232678386772,603259.SH
2022-10-26,73.98,75.28,71.2,72.59,53908224,4271022627,2.11,0.38722168441431837,603259.SH
2022-10-27,72.57,74.81,71.32,72.49,38538562,3047702233,1.51,-0.13776002204161086,603259.SH
2022-10-30,71.39,71.91,69.24,70.65,26594989,2033032925,1.04,-2.538281142226495,603259.SH
2022-10-31,71.18,74.99,70.14,74.9,43694027,3447324399,1.71,6.015569709837232,603259.SH
2022-11-01,73.98,76.35,73.2,75.02,40567589,3297285475,1.59,0.1602136181575231,603259.SH
2022-11-02,73.99,76.44,73.61,75.11,24611302,1992294467,0.96,0.11996800853106837,603259.SH
2022-11-03,75.01,78.0,74.69,77.67,34184678,2836126887,1.34,3.408334442817207,603259.SH
2022-11-06,76.75,80.0,76.42,79.69,33443968,2825605277,1.31,2.6007467490665626,603259.SH
2022-11-07,79.08,79.08,76.56,77.35,26699635,2233689051,1.04,-2.9363784665579207,603259.SH
2022-11-08,76.75,77.67,76.18,76.32,16465809,1367644993,0.64,-1.331609566903691,603259.SH
2022-11-09,75.69,77.83,75.5,76.07,15180119,1255155758,0.59,-0.3275681341719072,603259.SH
2022-11-10,79.99,81.33,78.21,78.93,53526712,4642899421,2.09,3.7596950177468225,603259.SH
2022-11-13,79.67,81.8,78.69,80.6,34226210,2986512917,1.34,2.115798809071312,603259.SH
2022-11-14,80.18,80.91,78.21,80.75,26365722,2271078440,1.03,0.18610421836229296,603259.SH
2022-11-15,80.44,83.48,80.01,81.6,29449415,2610990676,1.15,1.0526315789473717,603259.SH
2022-11-16,80.87,81.12,77.88,79.48,29378021,2512289690,1.15,-2.5980392156862653,603259.SH
2022-11-17,79.36,81.93,79.21,80.0,22679268,1970577576,0.89,0.6542526421741357,603259.SH
2022-11-20,79.09,79.36,77.29,79.02,19029935,1608383708,0.74,-1.2250000000000094,603259.SH
2022-11-21,79.0,80.46,76.93,77.49,18150134,1533507637,0.71,-1.9362186788154934,603259.SH
2022-11-22,77.17,77.81,74.82,75.83,23583588,1935422405,0.92,-2.142211898309454,603259.SH
2022-11-23,76.39,77.3,75.42,75.99,10935953,902450530,0.43,0.2109982856389303,603259.SH
2022-11-24,75.83,76.1,74.22,75.77,11318125,922387369,0.44,-0.2895117778655032,603259.SH
2022-11-27,69.35,71.2,68.2,70.34,47318430,3530258372,1.85,-7.166424706348151,603259.SH
2022-11-28,70.79,73.36,70.37,72.31,33073323,2574714811,1.29,2.800682399772536,603259.SH
2022-11-29,71.99,72.75,71.39,72.13,17130849,1334177773,0.67,-0.24892822569493323,603259.SH
2022-11-30,73.33,74.8,73.05,73.98,18288405,1463063463,0.71,2.564813531124366,603259.SH
2022-12-01,73.88,73.88,71.67,71.85,17775803,1392768670,0.69,-2.879156528791582,603259.SH
2022-12-04,72.96,73.13,71.76,72.5,15145927,1185018760,0.59,0.9046624913013224,603259.SH
2022-12-05,72.49,74.43,71.93,72.32,17810050,1407084005,0.7,-0.24827586206896957,603259.SH
2022-12-06,72.13,73.91,72.01,72.94,13374083,1055821975,0.52,0.8573008849557695,603259.SH
2022-12-07,72.69,74.7,71.95,74.01,16414314,1305026289,0.64,1.4669591445023444,603259.SH
2022-12-08,74.05,74.89,72.94,73.98,20996217,1675428664,0.82,-0.04053506282934993,603259.SH
2022-12-11,73.98,75.35,73.7,74.63,14590272,1174396729,0.57,0.878615842119479,603259.SH
2022-12-12,74.63,74.72,72.69,72.87,12416745,984413274,0.49,-2.358300951360026,603259.SH
2022-12-13,72.88,73.79,72.41,72.72,11677350,920536960,0.46,-0.20584602717168554,603259.SH
2022-12-14,72.42,72.95,71.32,72.36,12955156,1007869928,0.51,-0.4950495049504955,603259.SH
2022-12-15,72.77,73.56,72.0,73.12,11975759,944226153,0.47,1.0503040353786686,603259.SH
2022-12-18,72.61,73.12,71.31,71.46,10966035,851748237,0.43,-2.2702407002188285,603259.SH
2022-12-19,71.09,71.9,69.35,69.64,13036525,985399606,0.51,-2.546879373075839,603259.SH
2022-12-20,70.1,70.55,69.44,69.52,8206365,619740038,0.32,-0.1723147616312537,603259.SH
2022-12-21,70.28,72.54,69.44,71.2,17256984,1331601402,0.67,2.4165707710011697,603259.SH
2022-12-22,70.98,72.13,69.91,71.22,9636625,741670099,0.38,0.02808988764044784,603259.SH
2022-12-25,71.57,72.22,70.92,71.86,8717373,676164530,0.34,0.8986239820275133,603259.SH
2022-12-26,72.22,73.65,71.99,73.0,13615259,1072407302,0.53,1.5864180350681822,603259.SH
2022-12-27,72.85,74.36,71.96,73.17,14351367,1136773949,0.56,0.23287671232876672,603259.SH
2022-12-28,72.43,75.92,72.31,74.84,23985898,1936449257,0.94,2.2823561568948936,603259.SH
2022-12-29,74.53,75.79,74.53,74.9,15708274,1276755799,0.61,0.08017103153394878,603259.SH
2023-01-02,74.77,76.2,73.43,75.54,18170691,1477934229,0.71,0.854472630173575,603259.SH
2023-01-03,76.1,77.49,75.83,76.38,17354653,1437111164,0.68,1.1119936457505863,603259.SH
2023-01-04,77.38,82.55,76.48,81.35,42776599,3706666512,1.67,6.506938989264199,603259.SH
2023-01-05,80.83,81.54,80.11,80.98,24786139,2167778475,0.97,-0.4548248309772518,603259.SH
2023-01-08,81.05,83.82,80.91,82.66,23551117,2104339843,0.92,2.074586317609284,603259.SH
2023-01-09,83.22,83.58,81.93,82.79,14811955,1327270681,0.58,0.1572707476409585,603259.SH
2023-01-10,82.72,84.87,82.66,82.82,19520065,1769103269,0.76,0.03623626041791006,603259.SH
2023-01-11,83.9,85.61,83.5,84.07,20045008,1830577052,0.78,1.509297271190535,603259.SH
2023-01-12,84.24,84.52,82.97,84.15,19749017,1787798346,0.77,0.0951587962412459,603259.SH
2023-01-15,84.25,92.38,84.05,90.79,50166642,4857890331,1.96,7.890671420083195,603259.SH
2023-01-16,90.62,91.27,87.22,88.46,32638692,3138842106,1.28,-2.566361934133732,603259.SH
2023-01-17,88.06,88.31,86.81,87.6,13731720,1298767576,0.54,-0.9721908207099283,603259.SH
2023-01-18,87.42,91.36,86.44,90.15,28892907,2794371823,1.13,2.910958904109595,603259.SH
2023-01-19,89.88,92.01,89.33,90.16,15915816,1563331932,0.62,0.011092623405417612,603259.SH
2023-01-29,92.47,92.47,88.84,89.09,21305543,2076496370,0.83,-1.1867790594498606,603259.SH
2023-01-30,89.33,90.94,86.02,86.23,23588529,2226118540,0.92,-3.2102368391514147,603259.SH
2023-01-31,86.32,86.9,85.08,86.81,16193902,1508277700,0.63,0.6726197379102405,603259.SH
2023-02-01,87.06,90.09,85.81,87.85,20555523,1965731585,0.8,1.1980186614445332,603259.SH
2023-02-02,87.13,87.81,85.98,86.74,11065636,1036474219,0.43,-1.2635173591348914,603259.SH
2023-02-05,85.63,85.64,82.77,84.55,24729930,2243675848,0.97,-2.5247867189301387,603259.SH
2023-02-06,85.0,86.22,83.86,84.79,12981211,1193863199,0.51,0.2838557066824565,603259.SH
2023-02-07,85.07,86.36,83.73,83.9,11806184,1081226087,0.46,-1.0496520816133947,603259.SH
2023-02-08,83.3,84.7,83.22,84.44,10084163,918291998,0.39,0.6436233611442077,603259.SH
2023-02-09,84.39,84.61,82.19,83.01,15613918,1399374249,0.61,-1.6935101847465606,603259.SH
2023-02-12,82.3,84.24,81.48,82.58,18800949,1679166060,0.73,-0.5180098783279186,603259.SH
2023-02-13,82.5,83.07,81.32,82.37,14269395,1263777728,0.56,-0.25429886170984517,603259.SH
2023-02-14,82.49,82.66,79.99,80.4,20028273,1746758050,0.78,-2.391647444457934,603259.SH
2023-02-15,80.82,81.54,79.13,79.62,17990789,1565511799,0.7,-0.970149253731345,603259.SH
2023-02-16,79.34,80.36,78.69,78.79,15506923,1332888873,0.61,-1.0424516453152455,603259.SH
2023-02-19,79.14,79.79,77.85,79.73,18901723,1609771114,0.74,1.193044802639931,603259.SH
2023-02-20,79.73,79.95,78.3,78.84,15796308,1346592511,0.62,-1.116267402483384,603259.SH
2023-02-21,78.16,78.69,77.43,77.58,15043892,1268063520,0.59,-1.5981735159817378,603259.SH
2023-02-22,77.03,78.95,77.03,77.75,14975133,1262456039,0.59,0.21912864140243293,603259.SH
2023-02-23,77.73,77.74,76.33,76.44,15249105,1267217594,0.6,-1.6848874598070718,603259.SH
2023-02-26,76.1,77.21,75.42,75.73,15622755,1281218106,0.61,-0.9288330716902049,603259.SH
2023-02-27,75.73,76.53,75.46,76.45,14297689,1175978986,0.56,0.9507460715700411,603259.SH
2023-02-28,76.15,77.73,74.91,77.51,25248006,2100512681,0.99,1.386527141922822,603259.SH
2023-03-01,77.52,77.68,76.66,77.17,13877254,1158149153,0.54,-0.4386530770223218,603259.SH
2023-03-02,77.66,79.1,76.87,76.98,22003107,1852316166,0.86,-0.2462096669690217,603259.SH
2023-03-05,76.76,77.32,75.36,75.83,22287251,1828302496,0.87,-1.4938945180566487,603259.SH
2023-03-06,75.83,77.02,74.93,75.09,17690733,1450321205,0.69,-0.9758670710800388,603259.SH
2023-03-07,74.44,74.8,73.51,73.93,18097350,1448645044,0.71,-1.5448128911972225,603259.SH
2023-03-08,74.16,75.38,74.08,74.67,16559852,1339650934,0.65,1.00094684160692,603259.SH
2023-03-09,73.79,75.06,72.89,74.18,17574211,1403970826,0.69,-0.6562207044328305,603259.SH
2023-03-12,73.97,73.98,71.99,73.02,25003609,1968091774,0.98,-1.5637638177406488,603259.SH
2023-03-13,72.71,74.18,72.38,73.07,16599646,1311494071,0.65,0.0684743905779106,603259.SH
2023-03-14,73.68,74.63,72.28,72.4,17047421,1352391309,0.67,-0.9169289722184004,603259.SH
2023-03-15,71.85,72.45,70.18,70.53,26053926,1999258270,1.02,-2.582872928176805,603259.SH
2023-03-16,71.09,71.2,68.32,68.57,35185932,2642052574,1.38,-2.778959308095852,603259.SH
2023-03-19,68.96,69.55,67.31,68.43,30792768,2276263373,1.2,-0.20417092022748662,603259.SH
2023-03-20,69.41,74.45,69.4,74.22,56523997,4421081388,2.21,8.461201227531777,603259.SH
2023-03-21,74.42,76.26,74.07,75.18,38669476,3143084848,1.51,1.2934518997574918,603259.SH
2023-03-22,74.64,76.3,73.69,74.23,28061401,2267912404,1.1,-1.2636339451981948,603259.SH
2023-03-23,73.98,75.73,73.86,74.11,20340143,1641199683,0.79,-0.1616597063182068,603259.SH
2023-03-26,74.87,76.76,72.78,75.85,35898990,2928608585,1.4,2.3478612872756655,603259.SH
2023-03-27,75.83,75.83,74.51,75.1,17852545,1449589882,0.7,-0.9887936717205004,603259.SH
2023-03-28,75.78,75.78,73.96,74.11,16954264,1366966099,0.66,-1.3182423435419421,603259.SH
2023-03-29,74.26,75.62,73.51,75.35,20109999,1629756165,0.79,1.673188503575762,603259.SH
2023-03-30,75.36,75.54,72.81,73.51,29547937,2357711583,1.15,-2.441937624419366,603259.SH
2023-04-02,73.22,73.22,71.28,72.0,32575512,2541232542,1.27,-2.0541422935655085,603259.SH
2023-04-03,72.13,72.22,70.18,71.94,35426746,2719534138,1.38,-0.08333333333333526,603259.SH
2023-04-05,71.66,72.74,71.09,72.68,21426798,1672152576,0.84,1.0286349735891154,603259.SH
2023-04-06,72.59,77.67,72.02,77.51,47728235,3925997229,1.87,6.645569620253156,603259.SH
2023-04-09,78.06,79.02,77.14,78.24,35297457,2987450231,1.38,0.9418139594890906,603259.SH
2023-04-10,78.6,78.96,76.21,77.49,25907438,2168236384,1.01,-0.9585889570552175,603259.SH
2023-04-11,77.42,77.92,76.08,76.68,18928785,1570040042,0.74,-1.045296167247367,603259.SH
2023-04-12,76.69,80.0,75.46,79.69,44408538,3780646001,1.74,3.9254042775169307,603259.SH
2023-04-13,80.34,82.14,78.8,79.34,40725397,3532014854,1.59,-0.4392019073911291,603259.SH
2023-04-16,78.68,80.38,78.14,79.17,22242205,1899065410,0.87,-0.2142677085959166,603259.SH
2023-04-17,74.93,75.58,73.06,74.73,52923501,4259710601,2.07,-5.608184918529746,603259.SH
2023-04-18,74.24,75.09,72.81,73.38,32953224,2622594345,1.29,-1.8065034122842327,603259.SH
2023-04-19,73.38,74.51,71.71,72.25,26504383,2088101602,1.04,-1.5399291360043588,603259.SH
2023-04-20,71.9,72.26,70.55,70.66,23033478,1778208230,0.9,-2.2006920415225006,603259.SH
2023-04-23,71.2,71.66,68.78,69.35,25892049,1956188845,1.01,-1.8539484857062027,603259.SH
2023-04-24,69.36,69.36,62.42,62.42,72162967,4998652428,2.82,-9.992790194664735,603259.SH
2023-04-25,61.85,63.98,61.5,63.18,38025078,2591164942,1.49,1.217558474847813,603259.SH
2023-04-26,63.18,63.54,61.4,62.07,31454856,2114007690,1.23,-1.7568850902184185,603259.SH
2023-04-27,62.16,63.34,61.77,62.44,24206869,1632967661,0.95,0.5961011760915014,603259.SH
2023-05-03,62.61,63.14,62.03,62.19,20199751,1364150326,0.79,-0.40038436899423324,603259.SH
2023-05-04,62.14,62.14,61.03,61.46,15539925,1032062392,0.61,-1.1738221579031927,603259.SH
2023-05-07,61.46,63.22,60.71,62.62,26281497,1760805527,1.03,1.8874064432151005,603259.SH
2023-05-08,61.96,62.27,61.07,61.48,18260410,1216988239,0.71,-1.8205046311082773,603259.SH
2023-05-09,61.26,62.06,60.25,61.58,18074622,1197960024,0.71,0.16265452179571316,603259.SH
2023-05-10,62.05,63.9,61.53,62.69,31514262,2142815408,1.23,1.8025332900292401,603259.SH
2023-05-11,62.46,62.88,61.09,61.23,18941330,1265598656,0.74,-2.3289200829478385,603259.SH
2023-05-14,61.03,63.99,60.86,63.83,25316075,1714314795,0.99,4.24628450106157,603259.SH
2023-05-15,63.68,64.01,62.93,63.66,15813697,1087263379,0.62,-0.26633244555851476,603259.SH
2023-05-16,63.54,63.54,62.39,62.69,13652759,926066625,0.53,-1.5237197612315456,603259.SH
2023-05-17,62.69,63.02,61.51,61.79,14325907,961893319,0.56,-1.4356356675705784,603259.SH
2023-05-18,61.71,62.56,61.03,62.14,12992409,869780713,0.51,0.5664346981712365,603259.SH
2023-05-21,62.69,63.69,61.85,63.25,20170663,1375926275,0.79,1.78628902478275,603259.SH
2023-05-22,63.2,65.14,63.16,63.97,23968889,1668476201,0.94,1.1383399209486056,603259.SH
2023-05-23,63.57,64.5,63.34,63.62,17168463,1185505070,0.67,-0.5471314678755723,603259.SH
2023-05-24,63.34,63.82,62.2,62.71,16610930,1128415582,0.65,-1.4303678088651295,603259.SH
2023-05-25,62.7,62.7,61.03,61.05,19658442,1310296876,0.77,-2.6471057247647978,603259.SH
2023-05-28,61.55,61.84,60.72,61.76,18419052,1220658869,0.72,1.1629811629811693,603259.SH
2023-05-29,61.33,62.0,59.42,61.49,22581698,1483548376,0.88,-0.43717616580309926,603259.SH
2023-05-30,61.31,62.05,59.29,60.11,29061303,1894367757,1.14,-2.244267360546437,603259.SH
2023-05-31,59.64,63.03,59.46,62.05,35410346,2368844273,1.38,3.2274164032606745,603259.SH
2023-06-01,62.51,63.31,61.03,62.73,21421564,1440243510,0.84,1.0958904109588996,603259.SH
2023-06-04,62.73,62.73,60.66,61.11,19583536,1294981830,0.77,-2.58249641319942,603259.SH
2023-06-05,61.12,61.27,59.59,59.6,17657763,1150335622,0.69,-2.470954017345761,603259.SH
2023-06-06,60.19,60.27,58.14,58.51,21879018,1394412833,0.85,-1.8288590604026878,603259.SH
2023-06-07,58.42,59.84,57.72,59.28,19272790,1227570644,0.75,1.3160143565202675,603259.SH
2023-06-08,59.28,62.41,59.0,62.36,41657930,2767897839,1.63,5.195681511470984,603259.SH
2023-06-11,62.28,63.43,61.57,62.61,23051833,1564777056,0.9,0.40089801154585825,603259.SH
2023-06-12,62.82,64.05,62.74,63.63,19081809,1308490235,0.75,1.6291327264015276,603259.SH
2023-06-13,63.93,64.24,63.09,63.38,16275559,1105800216,0.64,-0.3928964325003892,603259.SH
2023-06-14,63.75,66.62,63.71,66.42,34399405,2402141190,1.34,4.796465762070046,603259.SH
2023-06-15,66.45,67.87,66.43,67.27,29055318,2088340139,1.14,1.2797350195724144,603259.SH
2023-06-18,66.97,67.25,65.19,65.39,22693478,1594282499,0.89,-2.794707893563242,603259.SH
2023-06-19,65.39,66.35,64.59,64.59,26829811,1868688474,1.05,-1.223428658816328,603259.SH
2023-06-20,63.94,64.33,58.91,59.3,66026702,4252770517,2.58,-8.190122309955106,603259.SH
2023-06-25,58.73,60.86,58.55,60.06,24948997,1598642110,0.97,1.2816188870151901,603259.SH
2023-06-26,60.02,60.65,59.24,59.67,16318975,1042057300,0.64,-0.6493506493506551,603259.SH
2023-06-27,59.7,59.82,58.46,58.68,17741477,1115353986,0.69,-1.6591251885369585,603259.SH
2023-06-28,58.74,59.0,57.37,57.91,18508183,1145255813,0.72,-1.3122017723244728,603259.SH
2023-06-29,57.92,58.78,57.63,58.37,14866269,925591814,0.58,0.7943360386807097,603259.SH
2023-07-02,58.38,59.93,57.98,59.67,18245678,1156907217,0.71,2.2271714922049046,603259.SH
2023-07-03,59.56,61.18,58.33,60.75,27289041,1747770978,1.06,1.8099547511312153,603259.SH
2023-07-04,60.48,60.78,59.83,60.46,11499413,739124515,0.45,-0.4773662551440294,603259.SH
2023-07-05,60.42,60.42,59.12,59.47,14256808,905252198,0.56,-1.637446245451546,603259.SH
2023-07-06,59.19,59.66,58.83,59.03,11636726,734004728,0.45,-0.739868841432656,603259.SH
2023-07-09,59.58,60.66,59.37,59.58,14861369,950519065,0.58,0.931729629002187,603259.SH
2023-07-10,59.8,60.05,58.83,59.86,10231697,649580581,0.4,0.46995636119502304,603259.SH
2023-07-11,59.65,60.09,59.22,59.39,11468745,729446490,0.45,-0.7851653859004326,603259.SH
2023-07-12,59.91,63.14,59.91,62.89,42448253,2812288839,1.65,5.893248021552444,603259.SH
2023-07-13,62.9,63.97,62.69,63.38,20672464,1395088048,0.81,0.7791381777707107,603259.SH
2023-07-16,62.79,62.85,60.89,61.7,16201180,1064272134,0.63,-2.6506784474597644,603259.SH
2023-07-17,62.22,63.95,61.51,63.72,27325915,1832154233,1.07,3.273905996758497,603259.SH
2023-07-18,63.7,64.16,63.15,63.58,13834844,938133659,0.54,-0.2197112366603915,603259.SH
2023-07-19,64.01,64.42,63.37,63.37,13778157,939837596,0.54,-0.3302925448254168,603259.SH
2023-07-20,63.36,64.53,62.86,63.52,16609158,1129315479,0.65,0.2367050654884073,603259.SH
2023-07-23,62.86,65.42,62.86,63.45,19881376,1356732567,0.77,-0.11020151133501743,603259.SH
2023-07-24,64.28,64.63,62.79,63.84,19149386,1299603550,0.75,0.614657210401881,603259.SH
2023-07-25,64.17,65.7,63.84,64.82,20647317,1429873175,0.8,1.5350877192982226,603259.SH
2023-07-26,64.65,65.69,64.19,64.92,17185933,1190841851,0.67,0.1542733724159362,603259.SH
2023-07-27,64.37,65.26,63.02,64.9,22802177,1563582212,0.89,-0.030807147258160583,603259.SH
2023-07-30,65.4,69.14,65.4,67.14,45263867,3262570842,1.76,3.4514637904468293,603259.SH
2023-07-31,70.05,70.73,69.31,70.24,54305172,4064977336,2.12,4.617217753946967,603259.SH
2023-08-01,70.52,70.64,68.64,69.14,26533367,1969227754,1.03,-1.5660592255125172,603259.SH
2023-08-02,69.04,72.34,68.65,72.18,43575972,3304347009,1.7,4.396875903962982,603259.SH
2023-08-03,72.42,72.48,70.07,70.79,29362159,2224343446,1.14,-1.9257412025491805,603259.SH
2023-08-06,70.24,70.48,68.63,69.3,30077376,2223992093,1.17,-2.104817064557152,603259.SH
2023-08-07,68.95,69.79,67.97,68.96,18557695,1365299115,0.72,-0.49062049062049695,603259.SH
2023-08-08,67.43,72.23,67.14,71.42,42249122,3202728728,1.65,3.567285382830643,603259.SH
2023-08-09,71.46,74.28,71.11,73.91,37429053,2913902350,1.46,3.486418370204425,603259.SH
2023-08-10,73.91,75.04,73.49,73.63,25489371,2016351000,0.99,-0.37883912867000546,603259.SH
2023-08-13,72.59,74.03,71.95,73.53,21130163,1645128728,0.82,-0.13581420616595175,603259.SH
2023-08-14,73.46,73.83,72.06,73.08,14544573,1130073035,0.57,-0.6119951040391758,603259.SH
2023-08-15,72.79,74.35,72.49,72.99,14867062,1162356484,0.58,-0.12315270935960854,603259.SH
2023-08-16,72.31,75.1,72.14,74.69,21765139,1719198075,0.85,2.3290861761885218,603259.SH
2023-08-17,74.71,74.8,72.85,72.86,18003581,1412889018,0.7,-2.450127192395235,603259.SH
2023-08-20,72.52,74.21,72.36,72.88,18553011,1453380288,0.72,0.027449903925336194,603259.SH
2023-08-21,72.88,73.83,71.11,72.69,21479004,1666127532,0.84,-0.26070252469813093,603259.SH
2023-08-22,73.42,73.61,71.53,71.6,16461614,1268540778,0.64,-1.4995185032329106,603259.SH
2023-08-23,72.13,74.76,71.95,73.73,23753496,1858221400,0.93,2.9748603351955394,603259.SH
2023-08-24,73.7,76.35,73.24,74.06,20640610,1639481628,0.8,0.44757900447578436,603259.SH
2023-08-27,77.88,78.18,73.91,74.21,32076730,2574254830,1.25,0.20253848231162053,603259.SH
2023-08-28,74.26,76.82,74.01,76.13,22856834,1851583010,0.89,2.587252391860928,603259.SH
2023-08-29,77.21,77.59,75.69,76.95,17874777,1463596393,0.7,1.0771049520557074,603259.SH
2023-08-30,77.27,77.38,76.26,76.35,12139709,993380535,0.47,-0.7797270955165803,603259.SH
2023-08-31,76.35,76.66,74.28,75.09,13329196,1065928927,0.52,-1.6502946954813247,603259.SH
2023-09-03,75.79,77.0,74.94,76.24,14066751,1145062685,0.55,1.5314955386869,603259.SH
2023-09-04,75.79,76.97,75.41,76.27,12706065,1035153024,0.5,0.03934942287513454,603259.SH
2023-09-05,75.87,75.87,71.76,72.13,32144518,2498068076,1.25,-5.428084436869018,603259.SH
2023-09-06,72.13,72.39,71.05,71.48,14281226,1092480671,0.56,-0.9011507001247643,603259.SH
2023-09-07,71.07,72.13,70.77,71.39,9312645,712270087,0.36,-0.1259093452714133,603259.SH
2023-09-10,71.48,73.82,70.87,72.6,13697434,1061444857,0.53,1.6949152542372836,603259.SH
2023-09-11,72.6,73.54,72.06,72.56,12631126,981448125,0.49,-0.0550964187327696,603259.SH
2023-09-12,72.18,73.31,71.79,72.44,10546467,816090323,0.41,-0.1653803748621896,603259.SH
2023-09-13,72.48,73.35,72.32,73.03,8485997,659942172,0.33,0.8144671452236407,603259.SH
2023-09-14,73.29,76.0,72.82,74.76,19526821,1557614889,0.76,2.3688894974668084,603259.SH
2023-09-17,74.76,76.46,74.65,75.88,16799102,1359497047,0.65,1.4981273408239515,603259.SH
2023-09-18,75.88,75.98,74.74,75.32,9143283,734564338,0.36,-0.7380073800738018,603259.SH
2023-09-19,75.23,75.98,74.48,75.12,9148741,735351010,0.36,-0.26553372278277365,603259.SH
2023-09-20,74.62,75.02,73.33,73.59,13203351,1040088709,0.51,-2.0367412140575136,603259.SH
2023-09-21,74.47,74.52,72.81,74.52,13698336,1081391665,0.53,1.2637586628617914,603259.SH
2023-09-24,74.8,76.71,74.06,76.35,23547665,1909082170,0.92,2.4557165861513575,603259.SH
2023-09-25,76.88,77.38,76.16,76.4,16309355,1332970179,0.64,0.06548788474134426,603259.SH
2023-09-26,77.76,82.44,77.63,82.13,43411457,3749939438,1.69,7.499999999999996,603259.SH
2023-09-27,82.46,83.46,80.32,80.73,29712938,2577774834,1.16,-1.7046146353342118,603259.SH
2023-10-08,81.02,81.69,79.25,81.02,18980834,1634300911,0.74,0.3592220983525296,603259.SH
2023-10-09,81.22,81.49,79.07,79.11,17446495,1482970666,0.68,-2.35744260676376,603259.SH
2023-10-10,79.69,83.71,79.63,82.58,29415575,2589875434,1.15,4.386297560358998,603259.SH
2023-10-11,84.31,84.78,82.26,83.66,24155181,2146584901,0.94,1.3078227173649815,603259.SH
2023-10-12,83.0,85.3,82.78,84.48,22806153,2057158347,0.89,0.9801577814965379,603259.SH
2023-10-15,84.69,85.35,82.16,82.35,20511717,1821062532,0.8,-2.5213068181818343,603259.SH
2023-10-16,83.19,83.35,81.78,82.67,12975731,1141326505,0.51,0.38858530661809443,603259.SH
2023-10-17,82.51,82.75,81.37,81.98,13126181,1147430194,0.51,-0.8346437643643401,603259.SH
2023-10-18,81.41,82.13,80.66,80.73,13437035,1164803769,0.52,-1.5247621371066167,603259.SH
2023-10-19,80.51,80.53,78.8,79.27,15351085,1299927510,0.6,-1.8084974606713877,603259.SH
2023-10-22,78.65,79.9,77.68,79.02,12865045,1082692477,0.5,-0.3153778226315129,603259.SH
2023-10-23,79.63,79.81,78.13,78.76,16859002,1420727149,0.66,-0.3290306251581776,603259.SH
2023-10-24,79.91,81.39,78.11,78.2,21187013,1789311073,0.83,-0.7110208227526726,603259.SH
2023-10-25,77.76,79.42,77.39,79.04,15399137,1291954541,0.6,1.0741687979539671,603259.SH
2023-10-26,78.69,83.84,78.22,83.11,25290674,2205356950,0.99,5.149291497975694,603259.SH
2023-10-29,82.65,87.65,82.65,84.74,33678189,3067658395,1.31,1.9612561665262929,603259.SH
2023-10-30,80.38,83.1,78.09,81.04,42636455,3681583042,1.66,-4.3662969081897485,603259.SH
2023-10-31,81.02,81.22,77.8,79.58,23919094,2022734126,0.93,-1.8015794669299257,603259.SH
2023-11-01,79.56,81.67,79.51,79.99,17406467,1498705547,0.68,0.5152048253330044,603259.SH
2023-11-02,80.19,82.34,79.63,81.43,18384937,1595929163,0.72,1.8002250281285326,603259.SH
2023-11-05,82.72,85.25,82.45,85.14,26592757,2404194331,1.04,4.556060419992614,603259.SH
2023-11-06,84.67,85.62,83.93,84.08,15633471,1412869666,0.61,-1.2450082217524083,603259.SH
2023-11-07,83.75,86.75,83.59,85.0,20157752,1838815594,0.79,1.0941960038058918,603259.SH
2023-11-08,85.08,85.41,82.96,83.31,17885589,1600369266,0.7,-1.9882352941176462,603259.SH
2023-11-09,82.61,83.34,82.23,82.62,9388803,829002824,0.37,-0.8282319049333742,603259.SH
2023-11-12,82.62,82.91,80.59,81.05,13969340,1211290135,0.54,-1.9002662793512592,603259.SH
2023-11-13,81.78,82.21,79.56,80.15,16900373,1448892144,0.66,-1.1104256631708664,603259.SH
2023-11-14,82.18,83.59,81.41,82.16,16455998,1445936162,0.64,2.507797878976903,603259.SH
2023-11-15,81.86,82.54,79.65,80.02,12472522,1072264398,0.49,-2.6046738072054487,603259.SH
2023-11-16,80.02,80.28,79.24,79.97,10871310,924250388,0.42,-0.06248437890526981,603259.SH
2023-11-19,80.36,82.24,79.83,81.37,15144041,1312920233,0.59,1.750656496186087,603259.SH
2023-11-20,81.49,82.53,81.15,81.37,11449325,1000081801,0.45,0.0,603259.SH
2023-11-21,80.94,80.94,78.85,78.91,14729306,1249138343,0.57,-3.0232272336241928,603259.SH
2023-11-22,78.9,79.6,78.6,79.33,10259503,865363218,0.4,0.5322519325814179,603259.SH
2023-11-23,79.44,79.69,78.37,78.47,9655224,811125804,0.38,-1.084079162990037,603259.SH
2023-11-26,78.22,78.35,77.02,77.88,15655082,1297648744,0.61,-0.7518796992481258,603259.SH
2023-11-27,77.9,79.74,77.76,78.92,14456070,1215763396,0.56,1.335387776065744,603259.SH
2023-11-28,79.06,79.25,78.22,78.51,9248740,776671972,0.36,-0.5195134313228489,603259.SH
2023-11-29,78.14,78.53,77.1,77.38,13688167,1134099593,0.53,-1.439307094637643,603259.SH
2023-11-30,77.38,78.04,76.16,77.76,16031581,1318209874,0.62,0.4910829671749939,603259.SH
2023-12-03,76.21,76.21,71.2,72.38,40233200,3141149760,1.57,-6.918724279835398,603259.SH
2023-12-04,71.2,72.31,69.32,69.98,32491112,2459771616,1.27,-3.315833103067134,603259.SH
2023-12-05,70.34,72.38,70.34,71.35,23100002,1759124882,0.9,1.9577022006287415,603259.SH
2023-12-06,71.29,71.29,69.16,70.73,19497224,1458383571,0.76,-0.8689558514365703,603259.SH
2023-12-07,70.6,71.43,69.61,71.2,25871063,1953812458,1.01,0.6644987982468598,603259.SH
2023-12-10,70.59,72.13,69.98,71.86,16681593,1263860057,0.65,0.9269662921348232,603259.SH
2023-12-11,71.67,71.67,70.19,70.54,14869922,1122178623,0.58,-1.8369050932368403,603259.SH
2023-12-12,70.26,70.52,68.95,69.35,19655993,1455870142,0.77,-1.6869861071732495,603259.SH
2023-12-13,70.73,71.99,69.81,69.9,17798839,1343496079,0.69,0.7930785868781598,603259.SH
2023-12-14,70.62,70.98,68.57,68.74,15655819,1160336807,0.61,-1.659513590844075,603259.SH
2023-12-17,68.72,69.51,68.1,68.87,12544346,920884783,0.49,0.1891184172243321,603259.SH
2023-12-18,68.2,68.91,67.74,68.3,12186119,885994394,0.47,-0.8276462901118165,603259.SH
2023-12-19,68.48,69.23,67.83,67.83,9384618,683538190,0.37,-0.6881405563689547,603259.SH
2023-12-20,67.41,69.98,67.12,68.62,15578124,1142235974,0.61,1.1646763968745422,603259.SH
2023-12-21,68.5,68.87,67.08,67.95,14422248,1043048777,0.56,-0.976391722529879,603259.SH
2023-12-24,67.45,69.59,67.4,68.92,10381239,761731982,0.4,1.4275202354672611,603259.SH
2023-12-25,68.91,68.91,66.97,67.6,10486754,755318035,0.41,-1.915264074289036,603259.SH
2023-12-26,67.62,67.98,66.61,66.75,14956537,1067896257,0.58,-1.257396449704129,603259.SH
2023-12-27,67.08,69.08,66.56,68.81,21095029,1537004450,0.82,3.086142322097385,603259.SH
2023-12-28,68.81,69.1,67.74,68.16,16754940,1220720304,0.65,-0.9446301409678948,603259.SH
2024-01-01,68.34,68.4,64.55,66.05,28068196,1977572424,1.09,-3.0956572769953006,603259.SH
2024-01-02,65.62,66.67,65.46,65.67,14219691,1000918548,0.55,-0.5753217259651722,603259.SH
2024-01-03,65.56,65.56,64.3,64.79,21013438,1451571350,0.82,-1.340033500837512,603259.SH
2024-01-04,65.01,65.16,63.23,63.81,17723289,1214808634,0.69,-1.5125791017132295,603259.SH
2024-01-07,63.54,63.87,62.86,63.2,14807840,999943010,0.58,-0.9559630152013776,603259.SH
2024-01-08,63.52,64.55,62.67,63.14,16164850,1095307100,0.63,-0.09493670886076,603259.SH
2024-01-09,62.86,64.06,62.14,63.35,16971968,1147314822,0.66,0.3325942350332678,603259.SH
2024-01-10,67.45,68.12,65.39,67.22,40102440,2862835102,1.56,6.108918705603794,603259.SH
2024-01-11,66.52,69.21,66.44,67.28,23213103,1686680291,0.9,0.08925914906279253,603259.SH
2024-01-14,66.61,69.28,66.61,68.06,17693159,1291610176,0.69,1.1593341260404344,603259.SH
2024-01-15,67.55,68.76,67.27,68.72,14107989,1023819904,0.55,0.9697325888921471,603259.SH
2024-01-16,68.32,68.54,66.98,66.98,14441554,1040249530,0.56,-2.5320139697322386,603259.SH
2024-01-17,66.51,69.26,66.34,69.16,25935929,1879199427,1.01,3.254702896386963,603259.SH
2024-01-18,68.77,70.54,68.39,70.16,31731074,2370047295,1.24,1.4459224985540864,603259.SH
2024-01-21,70.06,70.62,68.57,69.76,26022097,1942922281,1.01,-0.5701254275940593,603259.SH
2024-01-22,69.23,70.34,68.47,69.39,19838547,1467834688,0.77,-0.5303899082568897,603259.SH
2024-01-23,69.87,69.97,67.64,69.32,17438909,1279223229,0.68,-0.1008790892059519,603259.SH
2024-01-24,69.29,69.38,67.55,68.66,19235679,1406196890,0.75,-0.9521061742642778,603259.SH
2024-01-25,67.92,69.97,61.79,61.79,44527046,3118145743,1.74,-10.005825808330904,603259.SH
2024-01-28,59.02,59.94,55.61,55.61,106097922,6476342510,4.13,-10.001618384851918,603259.SH
2024-01-29,52.84,54.9,52.63,53.26,87396491,4998049421,3.41,-4.2258586585146585,603259.SH
2024-01-30,52.46,52.98,50.49,50.78,65697194,3609475982,2.56,-4.656402553511074,603259.SH
2024-01-31,51.11,53.34,50.33,52.27,58337298,3237860095,2.27,2.9342260732571956,603259.SH
2024-02-01,53.31,53.8,47.05,47.05,65707485,3540411459,2.56,-9.986607996938979,603259.SH
2024-02-04,43.36,48.46,42.34,45.18,159302508,7621601787,6.21,-3.9744952178533466,603259.SH
2024-02-05,43.9,49.47,42.5,48.95,113259142,5611611769,4.41,8.344400177069499,603259.SH
2024-02-06,50.22,52.82,50.22,51.76,111295644,6106646697,4.34,5.740551583248199,603259.SH
2024-02-07,50.26,51.06,48.71,49.76,99007432,5242898091,3.86,-3.863987635239563,603259.SH
2024-02-18,47.31,48.04,45.55,46.89,132806402,6616821306,5.18,-5.767684887459801,603259.SH
2024-02-19,46.7,48.38,46.21,48.31,100319873,5098828723,3.91,3.0283642567711766,603259.SH
2024-02-20,47.78,51.99,47.61,50.34,108874573,5806896516,4.24,4.202028565514393,603259.SH
2024-02-21,49.74,50.93,49.54,50.69,62886204,3380940433,2.45,0.6952721493841851,603259.SH
2024-02-22,50.63,50.76,49.23,50.19,69410659,3692128685,2.7,-0.9863878477017196,603259.SH
2024-02-25,50.44,51.96,50.35,51.2,75027576,4100568544,2.92,2.012353058378169,603259.SH
2024-02-26,50.86,51.51,50.22,51.51,64623673,3506569642,2.52,0.6054687499999822,603259.SH
2024-02-27,51.93,52.98,49.65,49.66,90726813,4984475220,3.54,-3.5915356241506546,603259.SH
2024-02-28,49.21,51.2,49.18,51.04,63870856,3435187041,2.49,2.7788964961739993,603259.SH
2024-02-29,50.87,51.89,50.6,51.54,55375181,3033267944,2.16,0.9796238244514033,603259.SH
2024-03-03,52.06,56.7,52.05,56.21,124122674,7317986397,4.84,9.060923554520773,603259.SH
2024-03-04,54.63,55.52,53.5,54.55,82237501,4790498199,3.2,-2.9532111723892585,603259.SH
2024-03-05,55.28,55.72,54.15,55.02,56281385,3306705225,2.19,0.8615948670944285,603259.SH
2024-03-06,49.52,51.5,49.52,49.52,113170375,6039655188,4.41,-9.996364958197024,603259.SH
2024-03-07,47.85,48.89,47.6,48.56,97310560,5019004513,3.79,-1.9386106623586419,603259.SH
2024-03-10,49.3,51.79,48.26,51.31,108510223,5791702437,4.23,5.663097199341016,603259.SH
2024-03-11,52.46,54.68,52.46,53.59,123866270,7092675645,4.83,4.443578249853841,603259.SH
2024-03-12,53.4,54.03,52.41,53.16,74632035,4224695583,2.91,-0.8023885053181745,603259.SH
2024-03-13,54.78,55.16,48.6,50.13,194357013,10624602685,7.57,-5.699774266365676,603259.SH
2024-03-14,49.03,49.97,47.92,48.07,145632932,7550239352,5.67,-4.109315778974665,603259.SH
2024-03-17,47.96,50.06,45.72,50.04,191396680,9731015422,7.46,4.098190139380065,603259.SH
2024-03-18,48.66,48.66,47.59,47.6,168192735,8613057038,6.55,-4.8760991207034365,603259.SH
2024-03-19,47.64,47.88,46.85,47.15,110214081,5557042589,4.33,-0.945378151260512,603259.SH
2024-03-20,47.2,47.52,46.76,46.86,96680597,4852801308,3.8,-0.6150583244962871,603259.SH
2024-03-21,45.9,46.31,44.87,44.88,127631961,6167920208,5.01,-4.225352112676051,603259.SH
2024-03-24,46.18,46.8,45.73,45.81,122011318,6034221407,4.79,2.0721925133689867,603259.SH
2024-03-25,45.58,45.62,44.01,44.46,103154801,4909658757,4.05,-2.946954813359537,603259.SH
2024-03-26,44.03,45.13,43.36,43.64,89520532,4219171317,3.52,-1.8443544759334185,603259.SH
2024-03-27,43.41,44.55,43.21,44.06,82108858,3851427574,3.22,0.9624197983501448,603259.SH
2024-03-28,43.61,43.96,42.98,43.26,74545060,3445841853,2.93,-1.815705855651395,603259.SH
2024-03-31,43.26,44.82,43.23,44.82,96952376,4572249971,3.81,3.606102635228847,603259.SH
2024-04-01,44.82,44.83,43.58,44.09,75614288,3553274202,2.97,-1.6287371709058363,603259.SH
2024-04-02,44.11,44.86,43.86,44.32,74581588,3534345946,2.93,0.521660240417332,603259.SH
2024-04-07,43.1,43.7,42.88,43.2,83610043,3855443343,3.28,-2.5270758122743597,603259.SH
2024-04-08,43.21,44.1,42.06,43.96,105558319,4856872319,4.15,1.7592592592592604,603259.SH
2024-04-09,43.56,44.08,42.65,42.7,69694416,3216785453,2.74,-2.86624203821656,603259.SH
2024-04-10,42.16,42.44,40.94,41.03,116595304,5168843980,4.58,-3.9110070257611262,603259.SH
2024-04-11,40.76,41.58,40.18,40.18,79001102,3425451953,3.1,-2.071654886668295,603259.SH
2024-04-14,40.1,40.4,39.04,39.7,81955345,3467313001,3.22,-1.1946241911398592,603259.SH
2024-04-15,39.51,39.81,38.57,38.59,70395203,2936420067,2.76,-2.7959697732997446,603259.SH
2024-04-16,38.74,40.8,38.67,40.42,112233072,4753777271,4.41,4.7421611816532705,603259.SH
2024-04-17,40.38,41.55,39.71,40.69,109147851,4754699825,4.29,0.6679861454725211,603259.SH
2024-04-18,40.1,40.27,39.21,39.53,74610705,3159860419,2.93,-2.85082329810763,603259.SH
2024-04-21,39.25,39.99,39.0,39.44,50854786,2145092831,2.0,-0.22767518340501836,603259.SH
2024-04-22,39.58,40.56,38.86,39.94,92119020,3901172943,3.62,1.2677484787018356,603259.SH
2024-04-23,39.64,39.81,39.11,39.31,70078537,2948163456,2.75,-1.577366049073603,603259.SH
2024-04-24,39.11,39.72,38.96,38.97,71687645,2999783556,2.82,-0.8649198677181502,603259.SH
2024-04-25,38.77,40.4,38.69,40.21,119709427,5093622381,4.7,3.181934821657695,603259.SH
2024-04-28,40.37,42.18,40.22,41.75,114939427,5079727022,4.51,3.829893061427514,603259.SH
2024-04-29,41.84,41.95,40.77,40.91,80698597,3539648188,3.17,-2.011976047904196,603259.SH
2024-05-05,41.63,43.46,41.54,42.89,126789066,5771655184,4.98,4.839892446834515,603259.SH
2024-05-06,42.72,42.96,42.33,42.77,64317670,2927941342,2.53,-0.2797854977850234,603259.SH
2024-05-07,42.53,42.7,41.84,41.88,62605726,2812362148,2.46,-2.080897825578676,603259.SH
2024-05-08,41.88,43.08,41.87,42.5,75040983,3413417589,2.95,1.4804202483285511,603259.SH
2024-05-09,42.77,42.91,41.72,42.02,60905456,2733958623,2.39,-1.1294117647058788,603259.SH
2024-05-12,45.44,45.6,42.9,43.27,185303114,8704586465,7.28,2.974773917182283,603259.SH
2024-05-13,43.0,44.87,42.88,44.16,145967532,6898602510,5.73,2.0568523226253577,603259.SH
2024-05-14,43.66,43.71,42.17,42.36,105993721,4822609806,4.16,-4.0760869565217295,603259.SH
2024-05-15,42.53,43.4,40.92,42.7,96750802,4368688164,3.8,0.8026440037771643,603259.SH
2024-05-16,42.37,42.86,41.76,42.06,69469585,3123744631,2.73,-1.4988290398126436,603259.SH
2024-05-19,41.78,42.31,41.69,41.88,56243142,2517336651,2.21,-0.42796005706133844,603259.SH
2024-05-20,41.69,41.76,40.75,40.95,66921746,2941047030,2.63,-2.220630372492838,603259.SH
2024-05-21,40.94,41.48,40.85,41.33,48207701,2118227027,1.89,0.9279609279609247,603259.SH
2024-05-22,41.09,41.27,40.5,40.55,42728172,1861930244,1.68,-1.8872489716912688,603259.SH
2024-05-23,40.42,40.85,40.05,40.05,38130211,1639374261,1.51,-1.2330456226880449,603259.SH
2024-05-26,40.27,40.32,38.9,39.74,55158020,2322296969,2.18,-0.7740324594257109,603259.SH
2024-05-27,39.56,40.21,39.33,39.59,36706806,1556773267,1.45,-0.37745344740814923,603259.SH
2024-05-28,39.45,39.81,39.41,39.6,30828844,1303868123,1.22,0.025258903763569762,603259.SH
2024-05-29,39.45,39.63,39.21,39.29,28587133,1200119584,1.13,-0.7828282828282851,603259.SH
2024-05-30,39.61,40.06,39.41,39.45,37592593,1592288167,1.49,0.40722830236701313,603259.SH
2024-06-02,39.51,39.59,39.07,39.35,37109089,1554478357,1.47,-0.25348542458808465,603259.SH
2024-06-03,39.35,40.56,39.25,40.55,60016316,2564758280,2.38,3.0495552731893083,603259.SH
2024-06-04,40.28,40.61,40.1,40.19,36537875,1574016546,1.45,-0.8877928483353892,603259.SH
2024-06-05,40.46,40.7,39.8,39.89,40332118,1728189349,1.6,-0.7464543418760794,603259.SH
2024-06-06,39.91,40.19,39.45,39.71,30669945,1301035080,1.21,-0.4512409125093986,603259.SH
2024-06-10,39.57,39.81,38.92,39.78,33580654,1411828697,1.33,0.176278015613196,603259.SH
2024-06-11,39.91,43.21,39.83,42.51,151234823,6748757521,5.99,6.8627450980392135,603259.SH
2024-06-12,42.44,42.83,41.86,42.16,97421815,4394654964,3.86,-0.823335685721005,603259.SH
2024-06-13,41.88,41.91,40.94,40.94,109469542,4829241479,4.34,-2.8937381404174567,603259.SH
2024-06-16,40.81,41.63,40.77,41.19,48520692,2130869530,1.92,0.6106497313141279,603259.SH
2024-06-17,41.12,41.21,39.16,39.84,77222715,3306786338,3.06,-3.277494537509096,603259.SH
2024-06-18,39.77,39.9,39.25,39.29,46952331,1978708415,1.86,-1.3805220883534197,603259.SH
2024-06-19,39.33,39.67,38.48,38.49,59777548,2486685473,2.37,-2.0361415118350656,603259.SH
2024-06-20,38.3,38.3,37.61,37.93,42664129,1723777262,1.69,-1.4549233567160313,603259.SH
2024-06-23,37.69,38.28,37.36,37.87,37079054,1496466495,1.47,-0.15818613234906964,603259.SH
2024-06-24,37.88,38.26,37.63,37.93,30964537,1254720900,1.23,0.1584367573276957,603259.SH
2024-06-25,38.1,38.75,37.6,38.61,32157374,1277263351,1.27,1.7927761666227227,603259.SH
2024-06-26,38.41,38.45,37.77,37.77,26142402,1036366869,1.04,-2.175602175602165,603259.SH
2024-06-27,37.68,38.09,37.54,37.63,25880235,1019798332,1.03,-0.3706645485835325,603259.SH
2024-06-30,37.64,37.74,36.69,37.12,32804792,1263327660,1.3,-1.3553016210470559,603259.SH
2024-07-01,37.03,37.3,36.71,36.77,25926535,997672038,1.03,-0.942887931034464,603259.SH
2024-07-02,36.71,37.72,36.38,37.16,37665573,1449894446,1.49,1.0606472667935574,603259.SH
2024-07-03,36.97,37.06,36.1,36.11,32468587,1233854314,1.29,-2.8256189451022484,603259.SH
2024-07-04,36.04,36.92,35.71,36.51,33783432,1278050026,1.34,1.1077263915812763,603259.SH
2024-07-07,36.49,36.5,35.32,35.41,34111705,1268769463,1.35,-3.012873185428655,603259.SH
2024-07-08,35.34,35.95,34.92,35.78,38434755,1419450103,1.52,1.0449025698955117,603259.SH
2024-07-09,35.62,36.75,35.49,36.05,35402687,1335349612,1.4,0.7546115148127308,603259.SH
2024-07-10,36.68,37.52,36.54,37.28,49281455,1906504420,1.95,3.4119278779473072,603259.SH
2024-07-11,37.2,37.92,37.16,37.26,35947432,1401162702,1.42,-0.05364806866953176,603259.SH
2024-07-14,37.0,37.26,36.44,36.54,28378634,1084438589,1.12,-1.9323671497584516,603259.SH
2024-07-15,36.43,37.14,36.41,36.96,24313896,933555855,0.96,1.1494252873563315,603259.SH
2024-07-16,36.95,37.96,36.79,37.66,44177136,1729967719,1.75,1.8939393939393812,603259.SH
2024-07-17,37.55,37.88,37.22,37.77,34485024,1349031234,1.37,0.29208709506109987,603259.SH
2024-07-18,37.57,38.15,37.33,38.03,34269525,1350998940,1.36,0.688377018797981,603259.SH
2024-07-21,38.0,38.74,37.84,38.48,40000621,1600068990,1.58,1.1832763607678043,603259.SH
2024-07-22,38.27,38.36,37.59,37.64,31913839,1262131461,1.26,-2.182952182952169,603259.SH
2024-07-23,37.63,38.3,36.97,37.12,29181638,1140711768,1.16,-1.381509032943684,603259.SH
2024-07-24,36.88,38.0,36.81,37.7,31644838,1239391445,1.25,1.5625000000000222,603259.SH
2024-07-25,37.8,38.25,37.6,37.97,25293667,999133257,1.0,0.7161803713527704,603259.SH
2024-07-28,37.96,38.08,37.07,37.45,29456877,1151269786,1.17,-1.3695022386094213,603259.SH
2024-07-29,38.41,39.85,38.41,39.07,100484930,4120504062,3.98,4.325767690253657,603259.SH
2024-07-30,39.05,40.99,38.98,40.85,82355479,3462557349,3.26,4.555925262349625,603259.SH
2024-07-31,40.89,40.97,40.2,40.62,54472771,2301879159,2.16,-0.5630354957160466,603259.SH
2024-08-01,40.51,42.07,40.39,41.21,75936404,3280926465,3.01,1.4524864598719933,603259.SH
2024-08-04,40.97,42.05,40.74,40.8,63580250,2735739554,2.52,-0.9949041494782929,603259.SH
2024-08-05,41.24,41.96,40.81,41.68,57347347,2478751675,2.27,2.1568627450980538,603259.SH
2024-08-06,41.59,41.68,41.03,41.2,34386071,1479313960,1.36,-1.151631477927051,603259.SH
2024-08-07,41.0,41.54,40.78,40.81,34853044,1493009714,1.38,-0.9466019417475713,603259.SH
2024-08-08,40.94,41.08,39.85,39.85,43452449,1823230348,1.72,-2.3523646165155565,603259.SH
2024-08-11,39.84,40.06,39.45,39.74,23924225,990116643,0.95,-0.2760351317440346,603259.SH
2024-08-12,39.8,39.85,39.18,39.56,23184156,950931185,0.92,-0.45294413688978796,603259.SH
2024-08-13,39.54,39.55,38.26,38.29,35728744,1436528407,1.42,-3.2103134479272044,603259.SH
2024-08-14,38.23,38.97,38.07,38.54,28115376,1127298568,1.11,0.6529119874640887,603259.SH
2024-08-15,38.55,38.88,38.08,38.62,24500807,982068620,0.97,0.20757654385052948,603259.SH
2024-08-18,38.52,38.84,38.09,38.19,22555142,901102175,0.89,-1.1134127395132087,603259.SH
2024-08-19,38.32,38.39,37.65,37.74,19110928,754063920,0.76,-1.178318931657496,603259.SH
2024-08-20,37.85,37.85,37.07,37.2,24405877,950732631,0.97,-1.4308426073131986,603259.SH
2024-08-21,37.14,37.44,35.91,36.01,38646923,1460726679,1.53,-3.198924731182806,603259.SH
2024-08-22,36.0,36.26,35.86,36.0,18963321,711611127,0.75,-0.027770063871146444,603259.SH
2024-08-25,36.03,36.68,35.83,36.63,30918358,1170090686,1.22,1.750000000000007,603259.SH
2024-08-26,36.49,36.9,36.2,36.56,21677917,823738503,0.86,-0.19110019110019083,603259.SH
2024-08-27,36.48,36.95,36.21,36.78,23596339,900729673,0.93,0.6017505470459428,603259.SH
2024-08-28,36.59,37.42,36.34,37.17,31305477,1204345839,1.24,1.0603588907014627,603259.SH
2024-08-29,37.34,38.05,36.9,37.62,41064074,1613146647,1.63,1.2106537530266248,603259.SH
2024-09-01,37.5,37.62,36.22,36.24,36211041,1384767602,1.43,-3.6682615629983983,603259.SH
2024-09-02,36.24,37.0,36.13,36.87,27042798,1034533311,1.07,1.738410596026485,603259.SH
2024-09-03,36.71,38.13,36.69,37.84,43153870,1689993954,1.71,2.6308652020613055,603259.SH
2024-09-04,37.79,38.76,37.79,38.09,30481701,1215768283,1.21,0.6606765327695552,603259.SH
2024-09-05,38.09,38.14,37.24,37.26,19939377,779750313,0.79,-2.1790496193226705,603259.SH
2024-09-08,37.22,38.97,37.14,37.85,51741414,2058814414,2.05,1.583467525496518,603259.SH
2024-09-09,37.45,37.45,35.4,35.81,72796613,2727650007,2.88,-5.389696169088509,603259.SH
2024-09-10,36.06,37.14,35.86,37.01,49095767,1874760461,1.94,3.3510192683607887,603259.SH
2024-09-11,37.03,38.63,36.97,38.18,56502329,2242229879,2.24,3.1613077546609025,603259.SH
2024-09-12,38.39,39.06,38.18,38.24,45209438,1816493671,1.79,0.15715034049241794,603259.SH
2024-09-17,38.18,38.51,37.85,38.43,22206883,884367452,0.88,0.4968619246861872,603259.SH
2024-09-18,38.56,39.47,38.29,39.06,43310009,1760479644,1.72,1.6393442622950838,603259.SH
2024-09-19,39.06,39.3,38.76,38.97,28698646,1164320633,1.14,-0.23041474654378336,603259.SH
2024-09-22,41.29,42.05,39.79,40.09,103603589,4411876039,4.1,2.8740056453682383,603259.SH
2024-09-23,40.33,40.83,39.27,40.81,83010374,3473674441,3.29,1.7959590920429092,603259.SH
2024-09-24,41.24,42.68,40.81,41.01,124264408,5375991475,4.92,0.4900759617740613,603259.SH
2024-09-25,40.18,41.61,39.85,41.55,96158296,4066549107,3.81,1.3167520117044695,603259.SH
2024-09-26,42.25,45.71,42.25,45.71,116014674,5336319869,4.59,10.01203369434418,603259.SH
2024-09-29,50.28,50.28,48.88,50.28,150933792,7855382540,5.98,9.99781229490264,603259.SH
2024-10-07,55.31,55.31,52.36,55.31,210749003,12062006710,8.35,10.003977724741443,603259.SH
2024-10-08,55.25,57.14,52.7,53.57,182769568,10454018583,7.24,-3.145904899656482,603259.SH
2024-10-09,53.85,55.32,52.3,52.75,117117450,6548238859,4.64,-1.530707485532945,603259.SH
2024-10-10,51.84,51.84,48.67,49.41,106652642,5543660140,4.22,-6.331753554502373,603259.SH
2024-10-13,49.89,50.11,48.4,49.84,78022342,4005778200,3.09,0.8702691762801251,603259.SH
2024-10-14,49.86,50.22,48.06,48.09,64582620,3305678001,2.56,-3.51123595505618,603259.SH
2024-10-15,47.05,47.78,46.57,47.02,59490609,2916187021,2.36,-2.2249948014140153,603259.SH
2024-10-16,47.34,47.57,46.25,46.27,48738750,2382667323,1.93,-1.595065929391748,603259.SH
2024-10-17,45.9,49.43,45.88,48.23,98291391,4878139593,3.89,4.236006051437213,603259.SH
2024-10-20,48.51,48.9,47.65,48.36,71842206,3609709042,2.85,0.26954177897575704,603259.SH
2024-10-21,48.22,49.4,47.92,48.78,57435110,2912834790,2.27,0.8684863523573227,603259.SH
2024-10-22,48.8,50.42,48.3,49.45,86032533,4409326559,3.41,1.3735137351373439,603259.SH
2024-10-23,49.45,49.8,47.93,48.15,69684537,3542588393,2.76,-2.628918099089994,603259.SH
2024-10-24,47.9,51.05,47.82,50.9,114701118,5984087371,4.54,5.711318795430942,603259.SH
2024-10-27,50.87,51.53,50.13,51.32,69259762,3667950844,2.74,0.8251473477406623,603259.SH
2024-10-28,53.73,53.92,51.3,51.37,108811925,5953071641,4.35,0.0974279033515213,603259.SH
2024-10-29,50.91,51.55,49.67,50.07,65279624,3432977343,2.61,-2.530659918240208,603259.SH
2024-10-30,49.7,50.86,49.46,49.94,53455433,2783223314,2.14,-0.25963650888756185,603259.SH
2024-10-31,49.65,50.37,48.97,49.12,51157300,2641044245,2.05,-1.6419703644373285,603259.SH
2024-11-03,49.12,50.4,49.05,49.9,40771396,2115881962,1.63,1.5879478827361515,603259.SH
2024-11-04,49.94,52.3,49.25,51.65,80043023,4249966524,3.2,3.50701402805611,603259.SH
2024-11-05,51.66,54.26,51.4,52.72,102920470,5666729754,4.12,2.071636011616662,603259.SH
2024-11-06,51.54,54.47,51.33,54.47,90911107,5047690620,3.64,3.319423368740515,603259.SH
2024-11-07,55.56,55.74,53.7,53.89,81524704,4640791038,3.26,-1.0648063154029663,603259.SH
2024-11-10,53.3,55.55,53.18,55.15,65227233,3692920572,2.61,2.3380961217294383,603259.SH
2024-11-11,55.24,58.58,54.89,55.99,112714805,6665577346,4.51,1.5231187669991098,603259.SH
2024-11-12,55.28,55.89,53.39,54.31,75812969,4284794271,3.03,-3.000535809966065,603259.SH
2024-11-13,53.96,54.52,52.1,52.24,56726757,3140925612,2.27,-3.8114527711287094,603259.SH
2024-11-14,51.84,52.29,50.77,50.77,53373584,2858876964,2.13,-2.8139356814701366,603259.SH
2024-11-17,50.39,50.99,49.32,49.57,48239819,2514439796,1.93,-2.363600551506806,603259.SH
2024-11-18,49.87,50.49,48.68,50.01,42237317,2180513267,1.69,0.8876336493847115,603259.SH
2024-11-19,49.74,50.97,49.63,50.48,45149262,2371766515,1.81,0.9398120375924801,603259.SH
2024-11-20,50.37,50.38,49.69,50.1,28934843,1506554239,1.16,-0.7527733755942845,603259.SH
2024-11-21,49.94,49.94,47.59,47.66,53904398,2732774875,2.16,-4.87025948103793,603259.SH
2024-11-24,47.66,48.15,46.62,47.15,34825244,1716881201,1.39,-1.0700797314309618,603259.SH
2024-11-25,47.33,47.87,47.0,47.05,25269905,1246059208,1.01,-0.21208907741251393,603259.SH
2024-11-26,47.06,48.09,47.04,47.94,35491469,1759305997,1.42,1.8916046758767235,603259.SH
2024-11-27,48.08,48.35,47.28,47.44,26474189,1315000840,1.06,-1.042970379641217,603259.SH
2024-11-28,47.44,48.67,47.33,48.15,35378989,1768300585,1.41,1.4966273187183798,603259.SH
2024-12-01,48.02,49.33,47.73,49.19,38367487,1950961604,1.53,2.159916926272065,603259.SH
2024-12-02,49.07,50.67,48.91,50.24,52035928,2704560598,2.08,2.134580199227498,603259.SH
2024-12-03,50.13,50.22,49.17,49.44,32394914,1676907315,1.3,-1.5923566878981,603259.SH
2024-12-04,49.36,49.88,48.97,49.37,25619160,1317249678,1.02,-0.14158576051780392,603259.SH
2024-12-05,49.17,54.14,49.07,53.03,105503865,5727683912,4.22,7.413408952805356,603259.SH
2024-12-08,57.23,57.81,55.52,56.64,156291106,9227770822,6.25,6.807467471242701,603259.SH
2024-12-09,58.11,58.33,55.46,55.67,90935235,5346316470,3.64,-1.712570621468923,603259.SH
2024-12-10,55.21,56.25,54.88,55.4,46222364,2672315535,1.85,-0.4850008981498122,603259.SH
2024-12-11,55.02,55.26,54.11,54.82,48225597,2746039312,1.93,-1.046931407942231,603259.SH
2024-12-12,54.35,54.83,53.96,54.26,58236843,3296971933,2.33,-1.0215249908792412,603259.SH
2024-12-15,53.98,54.83,53.65,53.98,36168357,2043598981,1.45,-0.5160339107998513,603259.SH
2024-12-16,53.78,54.54,53.22,53.3,30957289,1731569860,1.24,-1.2597258243793985,603259.SH
2024-12-17,53.58,54.16,53.26,53.87,25541278,1431697459,1.02,1.0694183864915496,603259.SH
2024-12-18,53.32,54.57,53.15,53.69,30913689,1737818038,1.24,-0.3341377390012945,603259.SH
2024-12-19,53.66,54.29,53.4,53.57,23471436,1315679410,0.94,-0.22350530825107073,603259.SH
2024-12-22,53.47,54.78,53.39,54.03,34025500,1918340353,1.36,0.8586895650550597,603259.SH
2024-12-23,53.84,54.35,53.84,54.21,23649233,1331703140,0.95,0.3331482509716821,603259.SH
2024-12-24,55.22,55.7,53.3,53.43,38232954,2161036321,1.53,-1.4388489208633115,603259.SH
2024-12-25,53.08,53.84,52.82,53.31,20462296,1137236272,0.82,-0.2245929253228529,603259.SH
2024-12-26,53.2,53.28,52.16,52.61,32037905,1756650116,1.28,-1.3130744700806662,603259.SH
2024-12-29,52.38,54.16,52.36,53.87,33545208,1873917730,1.34,2.3949819425964636,603259.SH
2024-12-30,53.85,53.85,52.84,52.85,27268815,1509924465,1.09,-1.8934471876740244,603259.SH
2025-01-01,52.84,53.09,50.61,50.95,35081813,1886594130,1.4,-3.595080416272467,603259.SH
2025-01-02,50.94,51.45,50.14,50.29,25732736,1362899260,1.03,-1.2953876349362181,603259.SH
2025-01-05,50.6,51.38,49.75,50.8,30660559,1618876876,1.23,1.0141181149333933,603259.SH
2025-01-06,50.51,50.56,49.41,50.3,28319426,1471841339,1.13,-0.9842519685039353,603259.SH
2025-01-07,50.09,50.45,49.1,49.85,22650358,1175324845,0.91,-0.8946322067594381,603259.SH
2025-01-08,49.93,51.52,49.93,50.52,21665269,1147627683,0.87,1.3440320962888608,603259.SH
2025-01-09,51.35,52.14,50.84,51.24,33453661,1798150094,1.34,1.4251781472684133,603259.SH
2025-01-12,50.54,51.5,50.36,51.06,20088452,1067634276,0.8,-0.3512880562060894,603259.SH
2025-01-13,51.67,53.15,51.39,52.82,32668663,1790246506,1.31,3.446925186055627,603259.SH
2025-01-14,52.72,52.72,50.44,51.16,38727050,2065578447,1.549,-3.142748958727759,603259.SH
2025-01-15,51.68,52.59,51.1,51.4,22088116,1190559739,0.883,0.4691164972634887,603259.SH
2025-01-16,51.11,51.44,50.78,50.9,20987941,1114921400,0.839,-0.9727626459143934,603259.SH
2025-01-19,51.49,54.44,51.49,53.81,57883290,3231516812,2.314,5.717092337917484,603259.SH
2025-01-20,53.81,54.06,52.35,53.29,37905400,2094589728,1.516,-0.9663631295298347,603259.SH
2025-01-21,53.08,53.42,52.21,52.4,22344745,1223763973,0.893,-1.6701069619065478,603259.SH
2025-01-22,52.91,53.34,52.21,52.22,23325664,1281175321,0.933,-0.34351145038168385,603259.SH
2025-01-23,52.19,54.74,52.03,53.64,48068381,2684705686,1.922,2.7192646495595607,603259.SH
2025-01-26,53.65,54.05,53.13,53.16,21933654,1221098269,0.877,-0.8948545861297563,603259.SH
2025-02-04,53.68,54.02,53.08,53.77,26988519,1510235646,1.079,1.14747930775021,603259.SH
2025-02-05,53.78,56.04,53.48,55.74,47049082,2701326518,1.881,3.6637530221312886,603259.SH
2025-02-06,56.09,56.66,55.12,55.86,43621078,2540693579,1.744,0.21528525296017342,603259.SH
2025-02-09,55.68,56.83,55.65,56.27,30161814,1767213338,1.206,0.73397780164699,603259.SH
2025-02-10,56.47,56.52,55.22,55.23,24211491,1400739814,0.968,-1.8482317398258452,603259.SH
2025-02-11,55.25,55.49,54.7,55.34,27220846,1563450645,1.088,0.19916711931922126,603259.SH
2025-02-12,55.31,55.76,54.5,54.6,24749772,1414849795,0.99,-1.3371882905674037,603259.SH
2025-02-13,54.78,57.77,54.78,57.12,72335570,4277011221,2.892,4.615384615384599,603259.SH
2025-02-16,58.42,60.08,57.71,59.85,76688257,4728948102,3.066,4.779411764705888,603259.SH
2025-02-17,59.54,60.42,58.75,59.04,47896392,2969134655,1.915,-1.3533834586466176,603259.SH
2025-02-18,58.75,61.44,58.39,60.02,49371533,3083743488,1.974,1.6598915989159968,603259.SH
2025-02-19,60.0,62.3,59.74,61.8,53128670,3403685653,2.124,2.9656781072975535,603259.SH
2025-02-20,61.94,66.5,61.94,65.69,75372254,5036733304,3.014,6.294498381877034,603259.SH
2025-02-23,64.53,64.53,60.88,61.08,96510621,6289004446,3.859,-7.017810930126355,603259.SH
2025-02-24,59.25,60.79,59.25,60.0,52598363,3288243065,2.103,-1.7681728880157177,603259.SH
2025-02-25,60.5,62.06,60.33,61.87,43034189,2745377078,1.721,3.1166666666666565,603259.SH
2025-02-26,61.22,61.88,59.4,59.97,51139663,3217392434,2.045,-3.070955228705352,603259.SH
2025-02-27,59.43,60.11,58.24,58.7,42652905,2616702063,1.705,-2.11772552943138,603259.SH
2025-03-02,59.0,59.54,57.66,58.26,40376144,2466406373,1.614,-0.7495741056218086,603259.SH
2025-03-03,57.71,58.25,57.28,57.98,31672279,1906980815,1.266,-0.4806041881222134,603259.SH
2025-03-04,58.44,58.51,57.16,57.52,25860748,1552816877,1.034,-0.7933770265608708,603259.SH
2025-03-05,58.1,60.25,58.1,59.9,43806681,2720136680,1.752,4.137691237830321,603259.SH
2025-03-06,59.54,60.64,59.39,60.03,34912815,2186480023,1.396,0.21702838063439867,603259.SH
2025-03-09,60.82,60.97,58.92,59.54,28809317,1789752477,1.152,-0.8162585373979736,603259.SH
2025-03-10,58.47,59.36,58.3,59.18,22514528,1379240872,0.9,-0.604635539133358,603259.SH
2025-03-11,59.3,60.23,58.96,59.14,20012391,1237020006,0.8,-0.06759040216288703,603259.SH
2025-03-12,59.13,59.51,58.37,58.67,17031845,1042461038,0.681,-0.794724382820422,603259.SH
2025-03-13,58.91,61.85,58.68,61.37,55967015,3547247555,2.238,4.602011249360816,603259.SH
2025-03-16,61.65,61.94,60.9,61.49,25984406,1663436487,1.039,0.1955352778230557,603259.SH
2025-03-17,65.11,67.63,64.53,66.91,97898373,6809954748,3.914,8.814441372580895,603259.SH
2025-03-18,66.92,67.87,66.48,67.22,54903454,3841716052,2.195,0.4633089224331144,603259.SH
2025-03-19,67.23,67.73,65.61,66.81,39134459,2721708477,1.565,-0.609937518595649,603259.SH
2025-03-20,66.41,66.81,64.07,64.32,47039264,3177821204,1.881,-3.7269869779973153,603259.SH
2025-03-23,64.36,65.11,64.15,64.69,27848937,1872267727,1.114,0.5752487562189046,603259.SH
2025-03-24,64.66,65.19,63.79,63.95,21148141,1415929880,0.846,-1.1439171432988005,603259.SH
2025-03-25,63.95,64.47,63.01,63.13,21577690,1427213299,0.863,-1.2822517591868698,603259.SH
2025-03-26,62.9,65.42,62.79,65.3,36547707,2450658942,1.461,3.437351496911134,603259.SH
2025-03-27,65.27,66.71,64.9,65.1,29155668,1989813284,1.166,-0.3062787136294043,603259.SH
2025-03-30,64.44,65.76,64.22,64.65,22671589,1530323032,0.907,-0.6912442396313168,603259.SH
2025-03-31,65.01,67.22,64.79,65.52,47878141,3304120345,1.914,1.3457076566125048,603259.SH
2025-04-01,65.52,65.52,63.16,63.43,38346610,2555881701,1.533,-3.1898656898656896,603259.SH
2025-04-02,62.9,63.75,60.9,61.0,50284049,3241373898,2.011,-3.8309947974144776,603259.SH
2025-04-06,55.51,56.06,54.9,54.9,42101088,2413603014,1.683,-9.999999999999998,603259.SH
2025-04-07,55.77,55.83,49.41,49.56,127288498,6716310436,5.09,-9.72677595628415,603259.SH
2025-04-08,47.82,49.21,46.55,49.21,120709690,6003069737,4.827,-0.7062146892655385,603259.SH
2025-04-09,51.66,51.67,49.94,50.22,83825963,4418071958,3.352,2.05242836821784,603259.SH
2025-04-10,50.03,50.75,49.41,50.03,63119852,3290773193,2.524,-0.3783353245718768,603259.SH
2025-04-13,50.9,52.11,50.66,51.0,62562509,3348254490,2.502,1.9388366979812055,603259.SH
2025-04-14,50.95,50.95,49.84,50.49,38832857,2031938715,1.553,-1.0000000000000009,603259.SH
2025-04-15,50.32,50.32,49.07,50.28,40987053,2116845802,1.639,-0.41592394533571664,603259.SH
2025-04-16,49.92,50.5,49.76,50.42,26699497,1398377481,1.068,0.27844073190135266,603259.SH
2025-04-17,50.47,51.33,50.27,50.75,24025518,1270566975,0.961,0.6545021816739327,603259.SH
2025-04-20,50.76,51.84,50.51,51.75,25889868,1384506142,1.035,1.9704433497536922,603259.SH
2025-04-21,51.55,52.77,51.25,52.38,37034654,2011581532,1.481,1.2173913043478368,603259.SH
2025-04-22,53.59,54.58,53.44,53.99,48797630,2743525709,1.951,3.0736922489499774,603259.SH
2025-04-23,53.99,55.42,53.78,54.18,37275533,2118516760,1.49,0.35191702167067795,603259.SH
2025-04-24,54.85,55.62,54.53,55.08,32632846,1870180215,1.305,1.661129568106312,603259.SH
2025-04-27,55.07,56.24,54.45,55.78,35113590,2025328949,1.404,1.2708787218591144,603259.SH
2025-04-28,57.14,59.13,56.88,58.05,67722044,4098113643,2.708,4.069558981713861,603259.SH
2025-04-29,58.38,58.39,56.74,56.82,43039531,2561246235,1.721,-2.1188630490955984,603259.SH
2025-05-05,58.57,58.71,57.5,57.94,40910740,2468829830,1.636,1.9711369236184328,603259.SH
2025-05-06,58.96,58.96,55.62,55.94,64309752,3775180609,2.571,-3.451846738004838,603259.SH
2025-05-07,55.95,57.03,55.78,56.64,34488482,2027102486,1.379,1.2513407222023654,603259.SH
2025-05-08,56.47,57.03,56.16,56.71,24089989,1421238277,0.963,0.12358757062147507,603259.SH
2025-05-11,55.7,57.6,55.7,57.05,37304930,2205959520,1.492,0.5995415270675375,603259.SH
2025-05-12,58.19,58.2,57.33,57.48,30386693,1825329067,1.215,0.7537248028045562,603259.SH
2025-05-13,57.8,58.85,57.25,58.61,34142847,2066253521,1.365,1.96590118302018,603259.SH
2025-05-14,58.67,59.86,58.39,58.95,34311570,2113666550,1.372,0.5801057839959212,603259.SH
2025-05-15,58.58,58.96,58.0,58.92,21007650,1282031356,0.84,-0.050890585241736286,603259.SH
2025-05-18,58.67,58.75,57.76,58.63,17931667,1089334022,0.717,-0.4921928038017609,603259.SH
2025-05-19,58.87,60.48,58.87,60.17,31864802,1988034098,1.274,2.6266416510319024,603259.SH
2025-05-20,60.12,61.57,59.75,60.88,29769258,1849899022,1.19,1.179990028253286,603259.SH
2025-05-21,60.34,61.93,59.75,61.6,35359915,2196532043,1.414,1.182654402102501,603259.SH
2025-05-22,61.58,63.0,60.8,60.88,45797261,2888668363,1.831,-1.1688311688311637,603259.SH
2025-05-25,60.88,61.83,60.26,60.51,29521148,1831081340,1.18,-0.6077529566360096,603259.SH
2025-05-26,60.82,61.48,60.38,61.03,21914977,1362849034,0.876,0.859362088910931,603259.SH
2025-05-27,61.03,61.21,60.4,60.49,15864741,980667406,0.634,-0.8848107488120593,603259.SH
2025-05-28,60.68,63.51,60.65,63.48,42527115,2719044553,1.7,4.942965779467667,603259.SH
2025-05-29,62.79,63.41,62.31,62.31,28171565,1803769576,1.126,-1.8431001890359067,603259.SH
2025-06-02,62.62,63.36,62.3,63.25,24032722,1540895772,0.961,1.5085861017493096,603259.SH
2025-06-03,63.23,64.19,62.82,63.89,28811339,1868210619,1.152,1.011857707509889,603259.SH
2025-06-04,63.9,63.98,62.52,63.26,24417831,1572693307,0.976,-0.9860698074816154,603259.SH
2025-06-05,63.26,63.36,62.5,62.79,20756394,1327950256,0.83,-0.7429655390452039,603259.SH
2025-06-08,63.17,64.64,62.75,63.58,33232837,2162575984,1.329,1.2581621277273358,603259.SH
2025-06-09,63.59,65.07,63.38,63.67,35314261,2308557596,1.412,0.14155394778232466,603259.SH
2025-06-10,64.07,64.31,63.5,63.82,25372423,1653442731,1.015,0.2355897596984402,603259.SH
2025-06-11,63.83,66.52,63.53,66.43,47755525,3194078454,1.91,4.089627076151681,603259.SH
2025-06-12,66.43,68.62,66.04,66.98,56161546,3834962056,2.246,0.8279391841035544,603259.SH
2025-06-15,66.57,68.08,65.34,67.17,32435887,2211286826,1.297,0.28366676619886455,603259.SH
2025-06-16,67.7,68.06,65.11,65.24,36580840,2470413663,1.463,-2.8733065356558063,603259.SH
2025-06-17,65.05,65.73,64.26,64.46,34024258,2240627362,1.36,-1.1955855303494856,603259.SH
2025-06-18,64.47,64.99,63.28,63.7,25325873,1653303302,1.013,-1.1790257524045833,603259.SH
2025-06-19,63.75,64.26,63.58,64.04,21099073,1376564163,0.844,0.5337519623233922,603259.SH
2025-06-22,63.44,64.19,62.7,64.04,25850252,1671689484,1.034,0.0,603259.SH
2025-06-23,64.36,65.58,64.36,65.58,29053135,1928100907,1.169,2.404747033104293,603259.SH
2025-06-24,65.93,66.66,65.08,66.53,24862764,1670588396,1.0,1.4486123818237218,603259.SH
2025-06-25,66.23,66.23,64.28,64.44,31567730,2090934201,1.27,-3.1414399519014036,603259.SH
2025-06-26,64.44,65.17,64.09,64.59,19691383,1298425976,0.792,0.2327746741154657,603259.SH
2025-06-29,64.48,68.33,64.36,68.24,46834337,3197226438,1.885,5.651029571141031,603259.SH
2025-06-30,67.8,70.04,67.8,69.36,34360885,2427370173,1.383,1.6412661195779776,603259.SH
2025-07-01,69.64,70.03,68.64,68.87,21889138,1541968347,0.881,-0.706459054209907,603259.SH
2025-07-02,68.87,69.73,68.58,69.38,22708099,1602986685,0.914,0.7405256279947592,603259.SH
2025-07-03,69.38,70.3,68.72,69.48,23136591,1637993621,0.931,0.14413375612569723,603259.SH
2025-07-06,69.41,69.41,67.91,68.52,21036866,1467087581,0.847,-1.3816925734024266,603259.SH
2025-07-07,68.32,69.54,68.24,69.07,19888448,1397239190,0.8,0.8026853473438456,603259.SH
2025-07-08,68.08,69.64,67.6,68.38,23089854,1614224839,0.929,-0.9989865353988714,603259.SH
2025-07-09,68.49,70.04,68.49,68.82,29862153,2110353015,1.202,0.6434630008774533,603259.SH
2025-07-10,72.11,75.69,71.92,75.69,81113216,6187525900,3.264,9.982563208369676,603259.SH
2025-07-13,76.04,78.02,75.75,77.12,78030080,6108719157,3.14,1.889285242436256,603259.SH
2025-07-14,77.45,79.33,77.45,78.57,45216480,3611405900,1.819,1.8801867219916835,603259.SH
2025-07-15,78.16,78.95,76.9,77.32,31624768,2500287020,1.273,-1.5909380170548548,603259.SH
2025-07-16,77.42,79.95,77.05,79.49,41583700,3334038702,1.673,2.8065183652353776,603259.SH
2025-07-17,79.68,81.57,79.68,81.04,41579552,3423582419,1.673,1.9499308089067968,603259.SH
2025-07-20,81.05,81.91,79.31,81.2,49675278,4090911570,1.999,0.19743336623889718,603259.SH
2025-07-21,80.57,84.31,80.45,81.22,45281369,3790521204,1.822,0.024630541871917266,603259.SH
2025-07-22,82.22,83.97,81.73,82.47,48992806,4130062193,1.971,1.539029795616842,603259.SH
2025-07-23,82.08,85.36,81.93,85.36,47977765,4117033257,1.931,3.50430459561053,603259.SH
2025-07-24,85.36,89.48,84.76,87.2,61094107,5449205071,2.458,2.1555763823805085,603259.SH
2025-07-27,87.81,89.89,87.13,89.89,53268026,4810498762,2.143,3.0848623853211077,603259.SH
2025-07-28,91.69,97.88,88.99,96.83,94014709,9014449996,3.783,7.720547335632433,603259.SH
2025-07-29,96.74,100.55,95.41,96.98,92913994,9295907432,3.739,0.1549106681813628,603259.SH
2025-07-30,94.19,96.98,93.13,94.45,98354070,9498644788,3.958,-2.608785316560114,603259.SH
2025-07-31,93.78,94.57,90.62,91.24,89326337,8397691200,3.594,-3.3986236103758727,603259.SH
2025-08-03,91.24,91.24,87.92,90.12,63916807,5820856353,2.572,-1.2275317843051137,603259.SH
2025-08-04,91.15,92.37,90.77,91.53,48498304,4524512868,1.952,1.564580559254325,603259.SH
2025-08-05,91.53,93.94,91.22,91.81,52525501,4949859579,2.114,0.3059106303944015,603259.SH
2025-08-06,90.71,92.15,88.36,89.49,58367873,5338845804,2.349,-2.5269578477290167,603259.SH
2025-08-07,88.59,89.92,87.32,88.95,42206329,3821372279,1.698,-0.6034193764666407,603259.SH
2025-08-10,89.09,90.75,88.89,89.51,40431874,3691080442,1.627,0.6295671725688567,603259.SH
2025-08-11,89.82,90.02,88.4,89.77,37173126,3381474977,1.496,0.290470338509663,603259.SH
2025-08-12,90.36,97.62,89.91,96.27,103105177,9861040638,4.149,7.240726300545841,603259.SH
2025-08-13,97.13,100.43,95.46,96.82,80763150,8010471657,3.25,0.5713098576919151,603259.SH
2025-08-14,95.71,97.42,94.83,95.95,54792951,5361910476,2.205,-0.8985746746539847,603259.SH
2025-08-17,95.95,97.42,94.68,95.15,62711456,6114490532,2.523,-0.8337675872850392,603259.SH
2025-08-18,95.32,97.13,88.31,88.56,131165425,12319742559,5.278,-6.925906463478726,603259.SH
2025-08-19,87.68,90.24,87.4,90.08,82113831,7441572793,3.3042,1.7163504968382925,603259.SH
2025-08-20,90.56,91.57,89.48,89.97,39717015,3657657477,1.5982,-0.1221136767317943,603259.SH
2025-08-21,90.26,92.24,89.53,92.22,58016380,5386515514,2.3345,2.5008336112037455,603259.SH
2025-08-24,93.64,98.11,92.9,98.09,93311762,9115287356,3.7548,6.365213619605292,603259.SH
2025-08-25,97.52,97.52,94.59,94.97,67004694,6517467608,2.6962,-3.1807523702721996,603259.SH
2025-08-26,95.56,97.12,93.6,93.6,62020093,6036968428,2.4956,-1.4425608086764297,603259.SH
2025-08-27,93.14,94.04,90.75,93.88,58306073,5497000806,2.3574,0.2991452991452981,603259.SH
2025-08-28,93.97,102.0,93.81,101.35,101659553,10179550325,4.1103,7.956966340008531,603259.SH
2025-08-31,102.23,109.89,99.59,109.47,101245380,10930113474,4.0936,8.011840157868777,603259.SH
2025-09-01,108.9,113.6,107.48,109.89,106125769,11920451242,4.2909,0.3836667580158881,603259.SH
2025-09-02,109.61,110.82,106.64,108.79,71937192,7947526856,2.9086,-1.0010010010010006,603259.SH
2025-09-03,110.15,110.57,98.09,100.02,102863435,10721558807,4.159,-8.061402702454279,603259.SH
2025-09-04,100.01,106.27,98.31,105.37,80229245,8389785591,3.2438,5.348930213957215,603259.SH
2025-09-07,106.33,109.77,104.75,108.51,71097532,7767481385,2.8746,2.979975325045081,603259.SH
2025-09-08,106.88,110.52,103.33,104.36,64218447,6945057887,2.5965,-3.8245323011704024,603259.SH
2025-09-09,104.1,107.3,103.8,105.21,47851765,5144666470,1.9347,0.8144883096971922,603259.SH
2025-09-10,97.13,103.21,95.71,102.67,100340190,10267266156,4.057,-2.414219180686239,603259.SH
2025-09-11,103.61,105.25,101.36,103.48,56662117,5955282693,2.291,0.7889354241745528,603259.SH
2025-09-14,103.02,106.93,103.02,104.98,51392197,5509643218,2.0779,1.449555469655972,603259.SH
2025-09-15,104.49,105.47,103.54,105.03,35000928,3726544830,1.4152,0.047628119641829336,603259.SH
2025-09-16,104.87,108.63,103.39,107.23,49765207,5381554265,2.0121,2.094639626773298,603259.SH
2025-09-17,107.4,108.81,104.06,105.4,54306896,5895425335,2.1957,-1.7066119556094383,603259.SH
2025-09-18,105.67,107.89,103.02,106.7,50163714,5395330165,2.0282,1.2333965844402162,603259.SH
2025-09-21,105.97,108.44,104.74,106.97,43983582,4779804629,1.7784,0.253045923149009,603259.SH
2025-09-22,106.45,107.66,100.75,102.8,64331421,6771720869,2.6011,-3.898289239973829,603259.SH
2025-09-23,102.06,104.17,102.06,103.05,39349193,4135949756,1.591,0.24319066147859836,603259.SH
2025-09-24,102.9,106.45,102.9,105.35,52709691,5663189313,2.1312,2.231926249393501,603259.SH
2025-09-25,103.06,103.3,100.07,101.31,48528522,5017475182,1.9621,-3.834836260085417,603259.SH
2025-09-28,101.29,103.94,99.91,103.62,46935401,4865689507,1.8977,2.28013029315961,603259.SH
2025-09-29,103.62,110.5,103.57,110.27,70739544,7791722622,2.8602,6.417679984558955,603259.SH
2025-10-08,110.27,112.18,108.13,111.08,55470829,6219178956,2.2428,0.7345606239230973,603259.SH
2025-10-09,110.03,110.05,102.86,103.08,68930865,7356582326,2.787,-7.202016564638103,603259.SH
2025-10-12,96.46,99.46,96.27,98.17,70093590,6957583503,2.834,-4.7632906480403525,603259.SH
2025-10-13,99.47,100.3,93.85,94.42,56189084,5506647134,2.2718,-3.8199042477335188,603259.SH
2025-10-14,94.59,98.09,93.36,97.9,42180075,4123404369,1.7054,3.6856598178352185,603259.SH
2025-10-15,97.9,100.82,97.11,99.48,39160445,3949543565,1.5833,1.613891726251282,603259.SH
2025-10-16,99.22,99.67,94.95,95.09,39641854,3886666751,1.6028,-4.412947326095695,603259.SH
2025-10-19,96.56,98.97,95.97,97.34,29847710,2957685477,1.2068,2.366179408980962,603259.SH
2025-10-20,98.29,100.51,97.47,100.44,33544687,3395246200,1.3563,3.1847133757961776,603259.SH
2025-10-21,99.7,101.27,99.13,99.32,21132156,2140772253,0.8544,-1.1150935882118684,603259.SH
2025-10-22,99.37,100.4,98.25,100.3,22487548,2268178658,0.9092,0.986709625453086,603259.SH
2025-10-23,100.89,103.7,100.36,102.18,37900400,3925070776,1.5324,1.874376869391825,603259.SH
2025-10-26,108.87,109.26,103.65,104.97,71976496,7772066000,2.9102,2.730475631238982,603259.SH
2025-10-27,105.12,106.58,102.27,102.33,46230959,4875566000,1.8692,-2.5150042869391265,603259.SH
2025-10-28,101.63,105.25,101.23,104.38,45323403,4751312634,1.8325,2.0033225837975177,603259.SH
2025-10-29,98.92,98.92,94.95,95.54,123118577,12060746724,4.9779,-8.469055374592827,603259.SH
2025-10-30,95.88,98.92,95.04,97.84,65694079,6514330556,2.6562,2.4073686414067375,603259.SH
2025-11-02,97.87,98.3,94.3,94.9,55846710,5419149164,2.258,-3.0049059689288615,603259.SH
2025-11-03,94.5,94.51,91.78,92.34,54686065,5140895808,2.2111,-2.6975763962065358,603259.SH
2025-11-04,90.69,94.2,90.69,92.83,39100692,3695270937,1.5809,0.5306476066709864,603259.SH
2025-11-05,92.92,94.37,92.09,94.19,29814825,2832701171,1.2055,1.4650436281374635,603259.SH
2025-11-06,93.51,94.31,92.53,93.35,23402294,2222382264,0.9462,-0.8918144176664256,603259.SH
2025-11-09,93.2,93.35,90.79,91.99,40864906,3809049768,1.6523,-1.4568826995179474,603259.SH
2025-11-10,92.92,92.92,90.8,91.05,23067973,2141520839,0.9327,-1.0218502011088093,603259.SH
2025-11-11,91.44,92.99,90.83,90.9,34959669,3261497867,1.4135,-0.1647446457989976,603259.SH
2025-11-12,91.74,95.38,91.05,94.95,56345813,5356491219,2.2782,4.455445544554459,603259.SH
2025-11-13,94.08,95.14,93.25,93.53,31867456,3045864064,1.2885,-1.4955239599789394,603259.SH
2025-11-16,93.51,93.51,91.25,92.29,27493232,2566670336,1.1116,-1.3257778252966923,603259.SH
2025-11-17,92.28,92.93,90.57,90.87,28923041,2685865085,1.1694,-1.5386282370787763,603259.SH
2025-11-18,90.87,92.82,90.33,91.74,24698138,2298933291,0.9986,0.9574116870254112,603259.SH
2025-11-19,92.91,94.13,91.96,92.2,24515083,2312346971,0.9912,0.5014170481796532,603259.SH
2025-11-20,91.59,92.85,89.08,90.36,34684075,3196614357,1.4024,-1.9956616052060783,603259.SH
2025-11-23,91.54,92.6,90.58,92.5,32836673,3064662429,1.3277,2.3683045595396246,603259.SH
2025-11-24,93.81,94.1,92.56,92.83,32183223,3049686380,1.3012,0.35675675675674867,603259.SH
2025-11-25,93.17,94.99,92.4,93.79,33128914,3164032106,1.3395,1.0341484433911585,603259.SH
2025-11-26,92.03,92.03,89.79,90.75,50612497,4668477069,2.0464,-3.241283718946586,603259.SH
2025-11-27,90.75,91.04,89.38,89.76,31870398,2910199047,1.2886,-1.0909090909090868,603259.SH
2025-11-30,89.96,90.85,89.57,90.85,27599507,2530956609,1.1159,1.2143493761140656,603259.SH
2025-12-01,90.59,90.74,87.79,88.02,43333906,3903610447,1.7521,-3.1150247660979624,603259.SH
2025-12-02,87.7,88.1,85.81,86.25,46647670,4105128026,1.8861,-2.0109066121336006,603259.SH
2025-12-03,86.7,88.22,86.24,88.19,30397473,2690705594,1.229,2.2492753623188477,603259.SH
2025-12-04,88.84,90.05,88.12,88.98,38458131,3477451163,1.5549,0.8957931738292402,603259.SH
2025-12-07,89.41,90.47,88.99,90.11,36469133,3328835853,1.4745,1.269948302989432,603259.SH
2025-12-08,89.97,92.85,89.62,90.73,39010211,3622415928,1.5773,0.6880479414049567,603259.SH
2025-12-09,90.05,91.49,88.26,91.3,29573112,2701885873,1.1957,0.6282376281274038,603259.SH
2025-12-10,91.53,94.16,91.31,91.94,45759605,4318081883,1.8502,0.7009857612267245,603259.SH
2025-12-11,92.21,92.67,90.97,92.58,47340490,4424061212,1.9141,0.6961061561888249,603259.SH
2025-12-14,91.35,91.94,89.57,89.78,34165715,3139061025,1.3814,-3.024411319939513,603259.SH
2025-12-15,89.57,90.55,87.11,87.72,28070935,2517653654,1.135,-2.294497660948991,603259.SH
2025-12-16,87.97,89.67,87.34,89.17,30157676,2706502932,1.2193,1.6529867761057915,603259.SH
2025-12-17,88.64,90.75,88.19,89.17,28653937,2608663453,1.1585,0.0,603259.SH
2025-12-18,89.57,93.21,89.08,91.02,46376162,4316390163,1.8751,2.0746887966804906,603259.SH
2025-12-21,90.94,92.04,89.41,89.78,35715431,3279419407,1.4441,-1.3623379477037956,603259.SH
2025-12-22,90.16,90.35,88.92,89.2,25125527,2285873837,1.0159,-0.6460236132769026,603259.SH
2025-12-23,89.2,90.66,88.83,89.4,25066941,2279968167,1.0135,0.22421524663678305,603259.SH
2025-12-24,89.46,90.56,88.86,90.5,22181970,2025605167,0.8969,1.230425055928408,603259.SH
2025-12-25,90.36,92.13,90.13,91.25,25704034,2383614853,1.0393,0.8287292817679592,603259.SH
2025-12-28,91.18,92.03,90.21,91.05,28416907,2627438480,1.149,-0.21917808219178436,603259.SH
2025-12-29,90.66,91.13,89.1,90.46,30734786,2814902558,1.2427,-0.6479956068094483,603259.SH
2025-12-30,90.46,92.32,89.22,89.22,41916589,3863086989,1.6948,-1.3707716117621005,603259.SH
2026-01-04,89.43,94.69,89.43,93.09,72861983,6879798759,2.946,4.337592468056495,603259.SH
2026-01-05,93.64,94.99,92.63,94.74,46375706,4429732126,1.8751,1.772478246857867,603259.SH
2026-01-06,94.77,97.35,94.49,96.5,53085442,5197977350,2.1464,1.8577158539159866,603259.SH
2026-01-07,97.26,98.33,95.48,96.63,42066945,4138387944,1.7009,0.13471502590673978,603259.SH
2026-01-08,97.13,99.42,95.5,97.53,50761404,5038668555,2.0524,0.9313877677739946,603259.SH
2026-01-11,98.43,99.42,96.07,97.13,44395155,4385655732,1.795,-0.41013021634369595,603259.SH
2026-01-12,100.2,104.83,100.07,102.96,92454763,9653875040,3.7381,6.0022650056625215,603259.SH
2026-01-13,102.91,105.31,100.4,101.78,63223922,6593727956,2.5563,-1.146076146076136,603259.SH
2026-01-14,101.4,104.22,100.91,101.94,36722910,3824134613,1.4848,0.15720180782079485,603259.SH
2026-01-15,101.96,104.63,101.28,102.67,44775203,4680154299,1.8104,0.7161075142240625,603259.SH
2026-01-18,102.76,104.07,98.92,100.79,47908291,4898469300,1.937,-1.8311093795655986,603259.SH
2026-01-19,100.28,100.7,96.34,97.9,48113085,4787947715,1.9453,-2.8673479511856392,603259.SH
2026-01-20,97.45,99.18,96.66,97.01,38689831,3845257915,1.5643,-0.909090909090915,603259.SH
2026-01-21,97.45,98.1,95.05,96.07,41518786,4051345621,1.6787,-0.9689722708999149,603259.SH
2026-01-22,96.47,97.82,95.42,96.07,38684113,3787596852,1.5641,0.0,603259.SH
2026-01-25,96.32,96.44,94.31,95.2,40233886,3892617049,1.6267,-0.9055896741958835,603259.SH
2026-01-26,95.35,96.22,93.84,94.29,38180938,3682066803,1.5437,-0.9558823529411731,603259.SH
2026-01-27,94.5,94.79,93.15,94.2,45746814,4361090365,1.8496,-0.09545020680878924,603259.SH
2026-01-28,94.12,97.01,93.17,96.48,53559050,5206929976,2.1655,2.420382165605095,603259.SH
2026-01-29,96.32,97.23,93.71,93.71,40250593,3880794474,1.6274,-2.871061359867344,603259.SH
2026-02-01,93.72,94.67,91.45,91.74,36299293,3424640282,1.4677,-2.102230284921569,603259.SH
2026-02-02,91.94,93.36,90.98,93.12,29167558,2737181513,1.1793,1.504251144538915,603259.SH
2026-02-03,92.53,94.49,91.37,94.11,33263198,3139502353,1.3449,1.0631443298968923,603259.SH
2026-02-04,94.59,96.93,94.5,95.59,39399820,3831110679,1.593,1.5726277760067964,603259.SH
2026-02-05,94.87,97.33,94.16,96.3,35194208,3438191095,1.423,0.7427555183596501,603259.SH
2026-02-08,96.86,97.22,95.55,97.15,25707333,2520440887,1.0394,0.8826583592938864,603259.SH
2026-02-09,97.14,100.61,96.71,99.76,42158894,4247758758,1.7046,2.686567164179099,603259.SH
2026-02-10,100.26,101.19,99.42,100.54,29192048,2971878545,1.1803,0.7818765036086583,603259.SH
2026-02-11,101.14,104.91,100.8,103.26,52640388,5552394242,2.1284,2.7053908891983225,603259.SH
2026-02-12,103.25,103.25,100.18,100.31,32987519,3387576146,1.3338,-2.8568661630834824,603259.SH
2026-02-23,102.04,102.25,98.43,98.6,32775075,3322851966,1.3252,-1.7047153823148364,603259.SH
2026-02-24,98.53,98.97,96.68,98.28,27722980,2755559222,1.1209,-0.32454361054765624,603259.SH
2026-02-25,97.97,98.22,96.27,96.47,24430880,2406339129,0.9878,-1.8416768416768425,603259.SH
2026-02-26,96.35,97.53,95.66,96.47,23505883,2312395367,0.9504,0.0,603259.SH
2026-03-01,94.59,96.82,94.06,94.53,33503333,3230627896,1.3546,-2.010987871877268,603259.SH
2026-03-02,94.81,96.41,92.21,92.28,36272286,3457126243,1.4666,-2.3801967629324072,603259.SH
2026-03-03,91.84,92.9,90.11,90.58,29643432,2748431668,1.1985,-1.8422193324664105,603259.SH
2026-03-04,92.0,92.69,90.42,91.0,26160347,2432056958,1.0577,0.46367851622874934,603259.SH
2026-03-05,90.85,92.77,90.61,91.84,26855673,2509616036,1.0858,0.9230769230769376,603259.SH
2026-03-08,90.26,90.34,87.7,89.67,34843968,3151014268,1.4088,-2.3628048780487854,603259.SH
2026-03-09,91.05,93.12,90.95,92.67,28913653,2717830128,1.169,3.3456005352960894,603259.SH
2026-03-10,92.82,93.46,91.07,91.43,25034089,2336521029,1.0122,-1.338081363979704,603259.SH
2026-03-11,91.43,92.16,89.58,90.47,27497403,2535653354,1.1118,-1.049983594006354,603259.SH
2026-03-12,89.72,90.71,89.3,89.45,22711092,2073395291,0.9183,-1.127445562064766,603259.SH
2026-03-15,89.26,90.09,87.73,89.67,27805027,2515015543,1.1242,0.24594745667971818,603259.SH
2026-03-16,89.9,93.1,89.69,91.01,40884070,3806093960,1.653,1.49436823909892,603259.SH
2026-03-17,91.02,92.08,90.7,92.02,23283042,2163210695,0.9414,1.1097681573453366,603259.SH
2026-03-18,90.56,91.29,89.81,90.14,24071676,2213257972,0.9733,-2.0430341230167293,603259.SH
2026-03-19,90.13,92.12,89.48,89.48,25043721,2305047379,1.0126,-0.7321943643221585,603259.SH
2026-03-22,87.91,89.1,85.72,86.41,41403770,3675514397,1.674,-3.430934286991516,603259.SH
2026-03-23,88.59,92.21,88.59,92.21,75717953,6993974839,3.0614,6.712186089572958,603259.SH
2026-03-24,93.15,93.44,91.52,92.55,37014110,3469706302,1.4966,0.3687235657737764,603259.SH
2026-03-25,92.97,94.99,92.75,93.25,37255907,3553158062,1.5063,0.756347920043221,603259.SH
2026-03-26,92.43,95.74,92.34,95.48,44890014,4320570174,1.815,2.3914209115281526,603259.SH
2026-03-29,94.4,95.39,93.13,95.1,36907260,3544889366,1.4922,-0.39798910766654094,603259.SH
2026-03-30,95.23,98.64,95.23,96.56,52643950,5215321937,2.1285,1.5352260778128457,603259.SH
2026-03-31,98.49,102.48,96.54,102.18,79027635,8034480317,3.1953,5.82021541010771,603259.SH
2026-04-01,101.39,102.96,100.68,101.57,47333217,4897475244,1.9138,-0.5969857114895394,603259.SH
2026-04-02,99.12,99.76,97.29,98.42,45763112,4578626309,1.8503,-3.1013094417642884,603259.SH
2026-04-06,98.45,101.64,96.88,99.71,33729558,3412666243,1.3638,1.3107092054460479,603259.SH
2026-04-07,102.37,102.69,99.58,102.11,46251561,4756645715,1.87,2.406980242703849,603259.SH
2026-04-08,102.1,105.99,101.36,104.53,47702937,5070197962,1.9287,2.3699931446479194,603259.SH
2026-04-09,104.34,105.97,103.86,104.66,32372285,3449846649,1.3089,0.12436621065723408,603259.SH
2026-04-12,104.14,105.11,103.27,104.05,24960897,2636691394,1.0092,-0.5828396713166484,603259.SH
2026-04-13,105.04,105.13,102.49,104.88,31017434,3271850697,1.2541,0.7976934166266103,603259.SH
2026-04-14,106.6,107.05,103.79,105.16,36784649,3924413397,1.4873,0.2669717772692648,603259.SH
2026-04-15,105.43,106.19,103.93,104.0,34764777,3694933819,1.4056,-1.1030810193990104,603259.SH
2026-04-16,103.35,103.42,97.71,97.83,77728200,7833958763,3.1427,-5.932692307692311,603259.SH
2026-04-19,97.83,98.62,96.78,98.2,37393938,3712781299,1.5119,0.3782070939384763,603259.SH
2026-04-20,97.94,98.42,96.08,97.01,29936684,2946365742,1.2104,-1.2118126272912422,603259.SH
2026-04-21,96.66,98.24,96.58,97.69,27067909,2681090651,1.0944,0.7009586640552401,603259.SH
2026-04-22,98.35,99.68,97.34,98.62,35649196,3562530998,1.4414,0.9519909919132097,603259.SH
2026-04-23,97.48,99.73,96.75,98.51,31833768,3181527530,1.2871,-0.11153924153315398,603259.SH
2026-04-26,98.39,99.6,97.61,98.94,32219614,3230776720,1.3027,0.43650390823266605,603259.SH
2026-04-27,108.77,108.84,106.33,108.84,53837225,5924749802,2.1768,10.006064281382665,603259.SH
2026-04-28,109.26,112.71,108.2,109.44,104052161,11598965408,4.2071,0.5512679162072764,603259.SH
2026-04-29,108.28,109.27,104.95,107.83,59682513,6505556290,2.4131,-1.4711257309941494,603259.SH
2026-05-05,109.88,109.99,106.31,107.29,54092239,5903886889,2.1871,-0.5007882778447437,603259.SH
2026-05-06,108.02,110.55,107.49,109.54,48096813,5338831847,1.9447,2.0971199552614506,603259.SH
2026-05-07,108.29,108.47,105.03,105.13,45533569,4896194844,1.841,-4.025926602154472,603259.SH
2026-05-10,104.98,107.27,103.85,107.02,53919538,5778563639,2.1801,1.7977741843431927,603259.SH
2026-05-11,106.31,111.39,106.05,108.6,64994069,7187971642,2.6278,1.476359558960949,603259.SH
2026-05-12,108.71,109.42,106.25,107.21,35152562,3821309906,1.4213,-1.2799263351749524,603259.SH
2026-05-13,108.28,109.62,101.39,101.4,60141319,6382539682,2.4316,-5.419270590429981,603259.SH
2026-05-14,103.13,104.19,101.01,101.51,39448725,4106634500,1.595,0.10848126232740896,603259.SH
2026-05-17,101.29,102.19,99.73,100.45,27470882,2804949157,1.1107,-1.0442320953600648,603259.SH
2026-05-18,100.4,102.16,99.61,100.19,28416458,2899637895,1.1489,-0.25883524141364633,603259.SH
2026-05-19,99.81,102.91,99.62,101.48,32547313,3341902258,1.316,1.2875536480686733,603259.SH
2026-05-20,101.49,105.94,101.12,102.6,58326557,6170198014,2.3583,1.1036657469452038,603259.SH
2026-05-21,103.73,103.8,100.97,102.35,33222712,3448079941,1.3433,-0.2436647173489237,603259.SH
2026-05-24,101.39,102.37,99.71,100.94,31185588,3189243957,1.2609,-1.3776257938446501,603259.SH
2026-05-25,100.4,102.71,99.03,102.48,39096909,4020846561,1.5808,1.5256588072122046,603259.SH
2026-05-26,102.37,102.65,99.51,101.02,37219658,3821986128,1.5049,-1.4246682279469236,603259.SH
2026-05-27,100.87,101.37,98.24,99.22,33744141,3399183517,1.3643,-1.781825381112645,603259.SH
2026-05-28,100.8,103.46,99.44,101.6,57078105,5807099294,2.3078,2.3987099375125887,603259.SH
2026-05-31,101.63,104.39,99.26,99.99,52903280,5365645101,2.139,-1.5846456692913402,603259.SH
2026-06-01,99.98,100.56,96.08,99.75,38407839,3778545937,1.5529,-0.2400240024002298,603259.SH
2026-06-02,99.37,100.3,98.0,98.85,34171358,3386230750,1.3816,-0.9022556390977488,603259.SH
2026-06-03,98.25,99.18,96.4,96.75,33222225,3231203356,1.3432,-2.124430955993928,603259.SH
2026-06-04,98.38,100.24,96.03,96.56,42453191,4164376641,1.7165,-0.1963824289405669,603259.SH
2026-06-07,95.72,97.31,94.06,96.0,45845575,4372314526,1.8536,-0.5799502899751507,603259.SH
2026-06-08,93.88,93.88,88.32,93.48,82447808,7550307899,3.3335,-2.6249999999999996,603259.SH
2026-06-09,93.35,97.36,93.2,97.04,57646627,5540197469,2.3308,3.8083012409071415,603259.SH
2026-06-10,96.01,97.6,95.53,97.07,32918052,3180116040,1.3309,0.030915086562233185,603259.SH
2026-06-11,97.5,99.9,95.09,99.71,61270023,6018412066,2.4773,2.7196868239414806,603259.SH
2026-06-14,99.1,99.76,97.84,99.37,36769909,3629094737,1.4867,-0.34098886771636305,603259.SH
2026-06-15,98.83,100.0,98.0,98.16,27170294,2679769120,1.0986,-1.2176713293750696,603259.SH
2026-06-16,98.26,98.79,96.5,98.2,27350461,2675453909,1.1058,0.04074979625101616,603259.SH
2026-06-17,97.8,104.33,97.72,102.72,56942278,5799270625,2.3023,4.602851323828916,603259.SH
2026-06-21,103.16,106.97,101.7,106.83,57196228,5970628411,2.3126,4.0011682242990565,603259.SH
2026-06-22,107.0,109.36,105.76,106.31,52508444,5647999258,2.123,-0.48675465693156506,603259.SH
2026-06-23,106.9,116.94,106.9,115.4,109805764,12565506854,4.4397,8.550465619414926,603259.SH
2026-06-24,114.0,118.5,113.23,117.22,76434366,8889580290,3.0904,1.5771230502599654,603259.SH
2026-06-25,119.0,121.07,116.96,118.18,68494200,8135339308,2.7694,0.8189728715236377,603259.SH
