date,open,high,low,close,volume,amount,turn,pct_change,windcode
2020-01-01,97.32882185492888,99.41499069996841,95.9486264324435,97.60906051584459,4380386,356107256,4.4940421858191755,-0.8717678442281012,=mid_term
2020-01-02,99.17828575586546,100.99702432781426,97.65396990290857,99.20253731538543,801011,448764061,4.135171740730501,-0.4865083789131858,=mid_term
2020-01-03,98.24085026294131,98.67432552494438,97.08098260963611,98.24328407659802,2044463,174189423,1.791460199715456,-1.281126263140746,=mid_term
2020-01-06,100.07068629473919,101.8589146953971,98.60286310357266,100.52027107718531,2836360,351061625,4.111533513704484,-1.1020938480007874,=mid_term
2020-01-07,101.00976457738201,101.50562409883266,98.64569543673566,100.51193175230854,3366037,404001011,2.5916686042570394,1.9770556538604946,=mid_term
2020-01-08,101.36581650333663,102.28401320423808,101.5163627139937,101.75158983731096,2113757,77598165,1.085173662799255,-0.01722416054474822,=mid_term
2020-01-09,98.17253979671347,99.92262697665973,97.57259598285864,98.56835009651044,3431001,310980999,3.9918677274395247,1.7626984132118224,=mid_term
2020-01-10,98.45861421113382,99.72832019979505,97.65953229567583,98.069380918444,4052342,235692631,0.8802904869223633,4.7202324991544975,=mid_term
2020-01-13,97.31849288658994,98.75329917466863,95.91644956467262,97.69845756740885,1793394,278724959,1.1495807952550492,-1.7436755365221834,=mid_term
2020-01-14,103.231747156504,103.97742226587211,102.24375817912238,103.32245564933646,4922542,174879887,1.2786240968255767,-0.6700901464365487,=mid_term
2020-01-15,103.96944662246844,105.09653806314091,102.97805368239335,103.99782394772372,3611428,139604929,2.7030073515750663,1.187431706740106,=mid_term
2020-01-16,101.23001714373397,101.7271489035768,100.6609207549446,101.59949396663757,664662,381489901,3.1407448008324343,-2.6934557099621608,=mid_term
2020-01-17,101.3531683798164,101.59465636402483,99.64263829792085,101.58249984015184,2166487,491299864,3.662656576445523,1.0104408657245325,=mid_term
2020-01-20,102.28795574541245,102.5799281600674,100.5387905965113,102.45326335617092,4982340,122068375,0.5092103876684422,0.30931772226866966,=mid_term
2020-01-21,98.83946207625736,99.63784350260754,98.7915503537381,98.89130394489275,2354698,446241471,2.707829950596262,3.4251311590838407,=mid_term
2020-01-22,99.4764244788552,100.2187537679347,98.05405041674705,99.07134866604036,1929570,215842643,2.1316455878591123,-3.275079122515295,=mid_term
2020-01-23,100.17271172617808,100.67974700161568,99.34981113263801,99.70500766327719,4183847,382081931,4.916271563865651,-2.0665402663657333,=mid_term
2020-01-24,98.17328303003372,100.19628472015113,97.9367541412633,98.26768058573825,2331535,155485237,2.835437539283178,-4.108787769260253,=mid_term
2020-01-27,97.45351151782519,98.02505720804369,95.99130909377685,97.45521604320147,4231127,171606687,2.524487754700603,-0.6225489550982747,=mid_term
2020-01-28,99.70311134435758,100.40839379438891,99.3173911580584,99.96949623332807,2889306,103115755,4.741987648844861,2.3790716346968526,=mid_term
2020-01-29,102.36150848132318,103.95026240575227,100.72469505679152,102.2655334834387,3617620,235101481,4.564976838631901,2.0633677771864143,=mid_term
2020-01-30,104.6508500823468,105.870324532325,104.54048291837688,105.05332147368675,775462,355091234,1.0542535142160996,2.9601941668641465,=mid_term
2020-01-31,106.8020974412657,108.31618885642794,104.70074582051483,106.41888558825356,2613317,340778312,0.7569215346216123,-0.11359355616215532,=mid_term
2020-02-03,104.54777942608452,106.60236938113277,102.8059407142717,104.64719985531598,1849351,236700115,4.890558785715864,0.5134706430651307,=mid_term
2020-02-04,106.87273626730179,108.4748712081023,105.28444467863233,106.48699241258751,2623317,117186849,1.7587819365470458,-0.09244613143988284,=mid_term
2020-02-05,104.65251794397378,106.47337778923902,102.81934636360758,104.53555507308124,2465993,133147834,2.8795771684414575,0.6565352173025513,=mid_term
2020-02-06,101.62245983164631,102.98671778665803,99.54584211332016,101.55619934824185,2782219,86513373,3.074384037332694,-3.40616226120178,=mid_term
2020-02-07,101.23723765895527,102.24849425382858,99.28436297542292,100.9178013988416,3494803,112718792,1.1957869890521924,0.19735677290862808,=mid_term
2020-02-10,100.5453877033316,102.01477471158645,98.57721129541841,100.3102320998533,2306843,497901059,3.3731762739467115,2.5103519550495874,=mid_term
2020-02-11,98.93533535234698,101.30406901103127,98.09923492516737,99.416186279635,2940165,494889608,2.839703180915616,-3.7464564498336586,=mid_term
2020-02-12,95.60427817914749,97.75537207481716,94.26712915786842,95.96870790685796,908296,282466563,2.5052208504390703,-2.16034643602801,=mid_term
2020-02-13,98.16581628305,99.12489585458395,97.92030790331614,98.37564382703513,793391,249660578,4.773273337162409,1.3666416552322502,=mid_term
2020-02-14,96.68106280567736,98.70628772822667,96.87174093933277,96.96368750782135,3134516,104972805,3.138032243171242,1.0505000738602055,=mid_term
2020-02-17,96.02030225790304,96.71627812699394,94.37225462308189,96.03733094374536,1844650,411496186,3.5571942663570626,1.8111609748534974,=mid_term
2020-02-18,95.05348405747758,96.02621494230266,94.13298905982205,94.74160379632698,2401245,230669275,2.1372232552297055,1.3404486094586074,=mid_term
2020-02-19,95.11544132333438,97.0107900587562,95.22216948556611,95.24560454452845,2704728,166780426,3.617741201469851,2.2328743857510247,=mid_term
2020-02-20,96.6831290660747,97.65342057083168,96.25572635438805,96.37922687976399,3015617,143691060,0.9036388135990365,5.964167553623487,=mid_term
2020-02-21,95.7851269900964,96.60650199204545,94.6275578124916,95.49860422803489,4789447,366051274,3.5089598527137613,1.2623492903678046,=mid_term
2020-02-24,93.87089785539241,94.08272029448243,92.3237413908634,93.64506510874561,4270401,383571806,2.6743100952688907,0.05530210749027159,=mid_term
2020-02-25,94.09756886371125,95.23378725178706,93.84193967157954,94.35138973011084,793838,374547637,1.7374236961172382,2.760327637429947,=mid_term
2020-02-26,94.81994121374753,94.99107202588547,94.28173884262993,94.92275173027345,4421314,410071024,4.327656142156906,3.161758624857442,=mid_term
2020-02-27,96.3670325350255,98.28096954562776,95.44022707384185,96.61096446630445,4734012,99180781,2.0060343210416463,1.2256760624219858,=mid_term
2020-02-28,95.4895091900574,96.18320171574614,93.50428375037393,95.34540590196129,2354580,401086963,0.6425341090749543,1.5164934979838787,=mid_term
2020-03-02,94.83176284647699,95.41509015143092,92.600447086593,94.44018128650029,683757,226207222,4.754209819713219,-1.389930557398804,=mid_term
2020-03-03,91.33596645643904,91.70467575118944,89.40141591334869,91.0038399099376,3843732,401794497,4.4602738589216795,0.1716461381989428,=mid_term
2020-03-04,92.9523505353216,92.67750873648275,92.5363360139185,92.59778929734459,4600422,207669342,1.4132616183944806,3.26665523267226,=mid_term
2020-03-05,93.77962986267525,94.85143454649265,93.37735111633977,93.44637803131096,1424845,441680179,0.5131228451267418,-1.7963745076396098,=mid_term
2020-03-06,94.03667881954765,96.10041766753726,93.2952647446286,94.46326247450006,4072999,137374018,3.373687544582479,-1.6761855310512164,=mid_term
2020-03-09,94.29963883760959,95.21834942286686,94.04465495766276,94.22280252932356,2308389,411092250,4.938772187524763,-1.1690718806197151,=mid_term
2020-03-10,93.52242524530419,94.00405747895779,91.42713739712815,93.05810176144335,1382662,215100891,1.0026057048982775,-2.7122492497122908,=mid_term
2020-03-11,94.6837293132669,95.29572629519146,92.6664202670054,94.45757226506869,3937539,148949231,2.020671752470258,-2.447345880156673,=mid_term
2020-03-12,92.57668704797423,92.94268964353941,92.05628222547978,92.20149882879839,2412221,416782814,1.4020390652257166,0.34882852144121007,=mid_term
2020-03-13,89.0662154478143,89.84491798890814,89.14924033460267,89.50918678247535,2157851,155527160,1.2227713127913296,-1.5829948364202124,=mid_term
2020-03-16,87.21960233619313,88.79210234764314,86.633281233173,87.48290769677851,2545826,412282550,4.073392130416264,-0.5808253122589553,=mid_term
2020-03-17,86.83970573449562,87.863067027813,85.83656952536872,86.50640761833697,3967496,305534664,3.682551506964892,1.538298054492373,=mid_term
2020-03-18,87.46147821783264,87.6272976315622,86.59002114045248,87.58164490279316,2369318,323211943,0.8026069047892104,0.4878250994707934,=mid_term
2020-03-19,90.42413497696062,92.16608080751692,90.62933135418521,90.78055688180338,978372,54459112,3.058431351214647,-1.549616524092551,=mid_term
2020-03-20,93.1352044952087,93.76967013432474,91.53256477600154,92.95188974477185,2067167,245031293,2.3348508950669915,-2.23322020290986,=mid_term
2020-03-23,95.49337515122762,95.92687618342565,94.2013204612,95.44990417332492,1077670,298391994,2.5262353603172385,2.7790624254916567,=mid_term
2020-03-24,95.50150315919119,97.59851566353244,94.84137795321898,95.9322554070881,1133376,253636884,1.614650000877491,-2.700109193979285,=mid_term
2020-03-25,95.49109743800699,97.30639974034983,94.26830473205854,95.91340666636007,2454504,229545895,3.4678269370375063,0.297650716188996,=mid_term
2020-03-26,98.09998602956013,100.32035438227778,96.499089653324,98.45211924678475,1094026,276725787,2.799066756605421,3.7485139453172103,=mid_term
2020-03-27,98.8331166340658,99.87649301674358,98.20151206336384,98.91260515629048,4715326,146372146,1.095029728799355,-0.05322670633738891,=mid_term
2020-03-30,96.04721878218845,97.08800758363735,95.67869063788652,96.3506588221714,4043022,195289712,3.3428537381415717,-2.563495491796165,=mid_term
2020-03-31,95.35274593621189,95.44174797431124,94.7684508372444,95.1570317202638,4517796,152087058,2.457791717410581,-2.6099144647167396,=mid_term
2020-04-01,97.0828211902521,97.12115228331709,94.81891526897843,96.6669335800204,4445731,186475614,3.5912283958071978,0.48495428303346766,=mid_term
2020-04-02,97.31112795924673,98.45875070567867,95.5380669547938,97.41048590074053,3569861,97011442,1.119181828558336,5.8829577249289455,=mid_term
2020-04-03,98.54795791852753,99.35863240267852,97.19268855230457,98.52530239388999,2609676,367936834,4.333353468177291,-4.908364040848022,=mid_term
2020-04-06,100.60516178595046,102.2615289297674,100.09838260981846,100.77157699335575,1497092,236542751,1.0445133974336869,1.3871235838312685,=mid_term
2020-04-07,104.8853247479778,105.50218112621342,103.92330299351457,104.8623589337812,4589820,255966679,1.4743035823322004,1.8555966532271801,=mid_term
2020-04-08,104.09562049339735,106.13920248286058,102.22729322566322,104.10130625579303,1051258,378207756,0.9287683684193762,-0.5425880833815216,=mid_term
2020-04-09,104.34332467904716,105.5468725962875,103.92853481212042,104.4729993563432,1737040,307693118,1.132031196184664,0.8558676598524014,=mid_term
2020-04-10,102.55062301862534,103.4245367107874,100.89978635494084,102.12651786234551,2585694,278984667,1.9377035611819056,0.4278290172832211,=mid_term
2020-04-13,101.10026223336152,101.9862841173881,99.52521018570447,100.96438735251301,793116,421979333,2.4112589170283965,-2.373569492667398,=mid_term
2020-04-14,101.66242494196764,103.47184554056699,100.63284140994257,101.61759419859281,4003320,369243791,3.368062603347705,-2.638727967993401,=mid_term
2020-04-15,104.25639505643714,105.88670169453543,102.87323521314242,103.83546781681778,4249419,492968294,1.5837673083043784,3.8095643588697343,=mid_term
2020-04-16,104.832424708245,105.80919733592096,104.33781583563683,104.53836146015254,3641900,416063140,3.7512984811551977,-3.3720958994912666,=mid_term
2020-04-17,103.53730162191376,104.59970342101036,103.04872025547243,103.87808237572749,821843,286214398,2.8834083381690667,-2.1941046393427164,=mid_term
2020-04-20,102.66041074791049,103.25457830875747,101.41658235615282,102.98481585539841,4264196,227974412,2.5568918647307637,0.9464055864993794,=mid_term
2020-04-21,99.6916992590725,100.77075695201555,98.6133370138509,100.04384543889194,4329485,480344987,2.112472360147855,-1.463735428294761,=mid_term
2020-04-22,97.07775506244853,97.94173758964561,96.38231303649584,96.65367543088342,1351124,77953026,0.7088892113563402,0.040004212246839276,=mid_term
2020-04-23,95.284757789351,95.08865261987266,94.92421881899315,95.03446508327058,2633292,62390685,1.3482703876286648,-2.643105446927778,=mid_term
2020-04-24,91.96378780528146,92.49493140521874,91.99580928936699,92.31483868775828,543484,61907219,4.428943048329082,-0.21701801200946488,=mid_term
2020-04-27,92.2577068162296,93.72161572172796,92.19074415350292,92.31886751440348,4811409,347990991,3.486537183500764,-1.6884774054763303,=mid_term
2020-04-28,92.50732978940866,93.48190685812158,91.45916759116194,92.59969947958238,3673330,457882147,4.049316290802793,-3.2272659151690286,=mid_term
2020-04-29,93.77188682701885,93.98907213963727,92.1923388266566,93.66663954618876,2338799,308068360,1.8162038598174828,-1.2660454085500397,=mid_term
2020-04-30,98.13671436170897,100.11851654067868,97.86099691813145,98.30793924632763,3549030,80798806,4.621498106353034,-2.1419582064905116,=mid_term
2020-05-01,100.66374464468896,101.13215434195035,99.91102664158966,100.21661413981683,1055662,143403542,4.792963161747571,0.9780264273018104,=mid_term
2020-05-04,104.2283948975895,104.56832814797974,101.91786064827083,103.95137094496219,4580833,456721154,4.348217559698982,0.23119282749988065,=mid_term
2020-05-05,102.59023882501957,102.90776237842215,101.22104607763869,102.55512960857463,2938572,294864265,3.5242423555035627,0.4864341489345821,=mid_term
2020-05-06,103.35142804826108,103.76440819452459,103.4696654175002,103.61326137501932,678122,187449838,1.7759850857507449,3.590870901124233,=mid_term
2020-05-07,104.12922451222025,105.04260626971754,103.80094001486019,104.49380889006684,2413137,408813041,4.305675001853544,1.4610289176010953,=mid_term
2020-05-08,105.73657256844974,105.79054860319177,103.80379107674256,105.78076140380192,1558191,450388943,3.7633240078659145,-6.334860801435617,=mid_term
2020-05-11,104.30412440020915,105.52055071013172,103.99293563726593,104.26947640319932,1121291,449679914,2.5633136749494216,-2.464745740971549,=mid_term
2020-05-12,108.66606921751703,110.67423296923732,108.18350309069747,108.96657441083413,1823400,155972646,4.138928860985779,-0.6249584801226753,=mid_term
2020-05-13,106.9730526948567,108.33203830981157,105.07226210994082,106.83240323599668,1843040,378159035,2.933237774614961,-0.9304180992132957,=mid_term
2020-05-14,102.52681720806667,104.44297190613027,101.7505426235491,102.44151188554174,2289582,399820093,0.6658971236135267,-0.16501140065751713,=mid_term
2020-05-15,100.76935723987766,101.4425375855344,99.38966858679944,100.95559817748081,1376436,491500517,4.463900881024143,1.6959481559260483,=mid_term
2020-05-18,99.6545065065216,99.78596511863324,99.00863465707715,99.36654873179369,4755959,190830075,3.5054235592018075,3.0109946457718064,=mid_term
2020-05-19,103.14025206734604,104.23295157446829,102.68233374599127,103.5946471279154,2358158,277844639,4.465757921032246,-1.2740072658114598,=mid_term
2020-05-20,104.23933280911297,104.98631656112788,103.5828715514037,103.96007467069742,1904957,412673894,3.1429036954827274,0.31681321856041617,=mid_term
2020-05-21,103.16002518775306,103.9651310025629,100.82118641618561,102.76998165128934,2430935,435550007,1.5224549989989244,4.1135410061647395,=mid_term
2020-05-22,103.52468059417119,105.32028283069646,101.92547649482587,103.93735324316512,3618905,269464836,2.5755998282754735,-1.2936646621645969,=mid_term
2020-05-25,106.00307546290267,105.96619152773978,104.19043958022503,105.81307524381926,3429051,201192870,4.583795428272201,2.1369887149427584,=mid_term
2020-05-26,101.93411905386287,102.44156796250145,101.381009887615,102.21217910370821,2248598,269703335,2.88398275884248,1.62594422279598,=mid_term
2020-05-27,104.01611136070309,105.05895933115566,102.90059698369375,103.75217620489917,1398278,112318252,1.9429500231033419,-1.3648668766725183,=mid_term
2020-05-28,102.57286991423554,103.88720398275211,101.15271950765208,102.3726334568814,2757817,474220425,3.719361851196649,0.6869706546128743,=mid_term
2020-05-29,100.35190996108527,101.09863101678347,98.36224119825275,100.2614515088637,2545664,269628486,3.276180032105242,-2.1763359788265837,=mid_term
2020-06-01,100.81500331983325,101.9310011637075,99.9954388515495,100.93777211205474,3996848,235000196,4.496173210481253,2.6152155333163902,=mid_term
2020-06-02,99.2033844209459,100.41537329653158,98.12760816994813,99.5416053750724,2810533,346271921,2.331035057229327,-1.6580479199804978,=mid_term
2020-06-03,100.90230233722414,101.81303964364852,98.73892618606217,100.50171069711119,1390331,410299510,4.757934888766519,0.3620364104186664,=mid_term
2020-06-04,100.10221690912246,101.4207052345512,100.23830360041072,100.411243815673,4194057,477087449,1.4560480515851477,-1.3361076517153267,=mid_term
2020-06-05,99.356809008198,99.95917431633563,98.30268965398997,99.39811647661189,1178956,143794817,3.144524544433134,2.268679949410372,=mid_term
2020-06-08,95.19067658605422,96.55730790375974,93.69689196763947,95.01122856936472,1910166,184074539,2.428677010516148,3.8853238026361114,=mid_term
2020-06-09,96.00490249822967,96.88049698547648,94.67980875444175,95.62764611844946,3643401,355592314,3.6602329562869786,2.0533510801230572,=mid_term
2020-06-10,94.68353224825192,94.84729596609752,93.03554997688916,94.72237682859445,564260,487851315,3.0581919631713874,2.9958386581337186,=mid_term
2020-06-11,94.77368328971855,96.35789773168088,95.02173530100573,95.03653799746277,901107,391656667,0.680109436929094,0.31049547662070476,=mid_term
2020-06-12,93.98680840077888,95.81807575350409,94.02449601387039,94.26919680175372,1916912,166194208,4.09547264739344,-1.153048399671563,=mid_term
2020-06-15,93.69808803910604,94.42609777275604,92.67934354672164,93.96412049257997,2576189,385699959,2.6861072620093003,3.2227469104209483,=mid_term
2020-06-16,91.69764191835797,92.50731477933525,91.59157559440702,91.71352695983512,1283174,287086179,4.915111604278144,0.6343170812888878,=mid_term
2020-06-17,87.07475138554206,87.84049408856237,86.64386476475372,87.03230058193044,3794013,222677404,2.341963514649498,1.196439513785031,=mid_term
2020-06-18,85.40361283087927,86.07485895831378,84.19640813302419,85.57810462725465,2550357,418895580,0.5328626329654371,2.747796199009837,=mid_term
2020-06-19,86.19671691049271,86.0501868179512,84.51681765071939,85.87829714247903,2239450,399899107,4.760505042041411,0.4884348307902113,=mid_term
2020-06-22,85.69544478679829,86.09102638363464,84.76943040344167,85.83912068475884,4871697,431561105,3.380863883959426,2.393365590564828,=mid_term
2020-06-23,91.19463973027769,92.84236469797678,90.71892313044223,91.2853915559337,4129189,191890900,2.3266471724042326,0.9791923422652726,=mid_term
2020-06-24,92.43263266910617,93.01904744209635,90.94316255578539,92.47892811978444,2995161,187443627,4.074110201723104,-4.864908932415191,=mid_term
2020-06-25,91.26790027817825,93.33530578685323,90.12452620360159,91.69676190636378,3646770,467784805,4.601396368846071,4.289686385710674,=mid_term
2020-06-26,91.43123893287708,92.07866224285145,90.45959959815876,91.74133663215028,1817595,156518926,3.882035194867261,0.34722260823720585,=mid_term
2020-06-29,92.77149418831108,92.99773531633514,91.72955765655267,92.6367075055836,2838712,375858446,1.537008597645029,1.5487885095131764,=mid_term
2020-06-30,90.38965671542552,91.06833768778448,88.86778529053153,90.15248829533517,1091637,137299496,1.644767454724907,2.401191088243554,=mid_term
2020-07-01,89.53648839096608,91.18243548429194,88.47051690500173,89.58828128867476,1506612,247675010,1.1374547307739065,-2.039763406260325,=mid_term
2020-07-02,85.37996505301376,85.87875346506577,84.76591380819954,85.51670720575416,2371170,429683325,1.7652712990219537,-1.1651752425424278,=mid_term
2020-07-03,87.23826331852153,87.51738803768616,87.087769700332,87.12319152581904,733335,494712554,0.7005592907435689,-0.6909469615446893,=mid_term
2020-07-06,85.95140925680563,87.3696119167032,85.23830842914452,86.04955011833194,3612282,237967138,0.7861485093352589,-0.4777142403023112,=mid_term
2020-07-07,82.62463072608266,84.39154720423174,82.410301812884,82.78004241490292,2994013,259502507,4.685551086610732,4.246406876515268,=mid_term
2020-07-08,82.29530199786052,83.54291616946425,81.44658737190117,82.66362670154295,3446252,345364752,2.990152726481589,-3.4232948145010056,=mid_term
2020-07-09,84.43373158148397,85.48077018842406,83.56444729285917,84.11708366831563,1698698,84728807,2.700528963689957,2.837429873064416,=mid_term
2020-07-10,84.02537387685119,86.00189477455342,82.92047688186048,84.37803276568111,3092615,92278338,0.8675302194485686,2.4818894884783496,=mid_term
2020-07-13,88.6644934481223,89.02127603021175,88.21522217019067,88.59444165523122,4428822,232041926,1.6062879414655353,-4.920576523605406,=mid_term
2020-07-14,89.1399194039266,89.87999481221486,87.70017275848706,88.85762024979495,1251396,494028228,1.0476523734386582,-0.34703969648857547,=mid_term
2020-07-15,86.1061493921904,87.40235116309812,85.45875384568636,85.71407206774938,3294432,85097060,4.90543251755598,1.6631532334471968,=mid_term
2020-07-16,84.85355288919102,85.52110506047137,83.76048079090575,84.92066441303379,2922839,64997204,2.951963537089103,-1.7782679320759505,=mid_term
2020-07-17,89.11836894864263,89.72925350376993,88.4898587002901,88.69808777269812,3815615,406247121,2.8905109688396338,1.8771631492454188,=mid_term
2020-07-20,90.32041660221398,91.85946162471322,88.96444467199602,90.16759868524734,4933510,415379603,4.911657573716331,-3.0338140148828154,=mid_term
2020-07-21,88.10533612123392,89.39616379888163,87.40576271910548,88.06291257872957,1969941,236648120,3.392738092922756,0.05290147530277253,=mid_term
2020-07-22,86.0812023124333,85.78284695544322,84.03844042240345,85.7529205049928,3801631,72684654,4.868062283900902,5.504799010276907,=mid_term
2020-07-23,84.33007114869643,85.9227625096714,83.26525773634889,84.54209291884658,3157039,244662689,2.3314763253359603,1.0345568960024594,=mid_term
2020-07-24,84.66396420932082,84.65680544655456,83.06538209291682,84.31075598482234,4208799,429792288,2.4606201816216497,0.10809591501735083,=mid_term
2020-07-27,86.22057232894575,86.37484259584957,85.10049447607025,86.34702736673273,3712044,122934472,4.68613111279648,1.3799528766528464,=mid_term
2020-07-28,88.24626884754159,88.71106958022607,88.0928061711509,88.41107914697433,1732232,280120539,1.0785508845835206,-0.5292585757428501,=mid_term
2020-07-29,88.49328897859635,89.09204342824502,87.62145027116347,88.17337430063596,4471320,253686326,3.5893447668345817,-1.5230275984372232,=mid_term
2020-07-30,85.61091346933912,87.37673491255252,84.45759635690308,85.95872383101883,3989964,231486255,4.1911388350863,-0.35151247924783235,=mid_term
2020-07-31,83.62457151905569,85.055097615406,83.09440339328873,83.87396671376227,4380944,304609182,3.0124406086517026,-2.8699116896288124,=mid_term
2020-08-03,86.94193423035505,86.98865761040324,86.42211247687965,86.93430361079686,2966063,472866271,2.4410821712919617,0.9145898065460321,=mid_term
2020-08-04,88.03794105364639,88.88299942865368,87.30517777552215,88.36846582794335,1173955,466733068,1.211179994261057,-1.8357803171203193,=mid_term
2020-08-05,87.41276417816488,88.58005156503354,87.30994588181078,87.80560295741844,4768630,174348899,4.218541138714205,-4.602343768497399,=mid_term
2020-08-06,89.63357398486815,90.3367871902661,88.21108287619894,89.23763345693229,604228,467367649,3.2819689632946214,-1.6376593817500014,=mid_term
2020-08-07,88.47080086812885,89.29498957593087,87.25527060299895,88.38615077517647,4255889,403570214,4.832194543566969,-0.5261771704249862,=mid_term
2020-08-10,86.30247097409709,87.17503509157595,85.3004311377596,86.20642979498449,4550377,343684157,1.1546065115023347,2.334813103948188,=mid_term
2020-08-11,83.64739393716879,84.7281990013232,82.40174422064888,83.77163851341105,1994458,249703729,3.110685837332777,-0.9962459352992008,=mid_term
2020-08-12,81.60568985486884,82.02870083488726,80.53864611238238,81.22960294106275,2645300,466069839,3.8906594634461085,0.9467500038133634,=mid_term
2020-08-13,79.73291564280593,80.29777378668155,79.57575760838267,80.02335762936978,4604816,201098134,3.5116658622154975,-0.7887896742376832,=mid_term
2020-08-14,79.84113509207914,80.12618085458364,79.25751984328863,80.0767665452807,1765579,309741432,1.4569763447626287,2.349879980999862,=mid_term
2020-08-17,79.12868329639424,79.95414289453215,78.4466754613209,79.3400402157195,4366188,342026396,4.811369691202415,0.45123068204794026,=mid_term
2020-08-18,79.62872841915446,80.29811537871403,79.14585387943899,79.45554638161471,2248133,347594516,1.6799671310192874,2.5091181983280872,=mid_term
2020-08-19,77.8604148516223,78.90804135873674,77.93984499702772,78.13309739169677,3778610,204345600,4.739800389812778,4.120482166522743,=mid_term
2020-08-20,79.11385703431783,80.24433435845168,78.47395331122098,79.48923348940494,2127135,80416802,1.5245612502756705,-0.455879639241681,=mid_term
2020-08-21,84.18502611945244,84.65297152907786,84.14284815236445,84.3393524666757,3016055,370973759,4.425190165864238,0.025212061604614783,=mid_term
2020-08-24,83.06282135379209,84.21869160849589,82.00890576258489,82.69650284552124,2015419,354744859,4.896256581863542,-0.6620079441552923,=mid_term
2020-08-25,81.69380146174475,81.59783798408623,81.13004219155812,81.46393843114397,1465136,304512763,2.414554781153776,0.9060483403662428,=mid_term
2020-08-26,80.2134280500939,80.51685893846042,79.42932487233473,80.27968916946962,1684393,312759771,0.6293039920581063,-0.4359734433683445,=mid_term
2020-08-27,79.24654991173063,79.99158936676793,78.48893046768154,79.34311233678481,1210505,172587017,1.8810806020816655,1.1405172719724568,=mid_term
2020-08-28,78.3448245955197,79.45211495744358,77.25059100234235,78.53381281490488,3940358,312338524,4.876353459348326,-1.3201714851648112,=mid_term
2020-08-31,79.32533719153108,80.76235626336754,78.1542818584729,79.42497949123171,1575748,108379337,4.952539086328408,-0.5457227333379564,=mid_term
2020-09-01,80.02042592122251,81.43468557184458,78.84137998709642,80.37415316772821,3555479,472448343,2.884896143385282,-2.0469669582114554,=mid_term
2020-09-02,82.09100547080445,83.21199557132509,80.88052865156237,82.01223913042183,3306997,285412933,3.165005782724996,2.635761672608523,=mid_term
2020-09-03,82.83133221645244,83.07846978603699,81.68694114954897,82.58376265635061,717173,341690462,1.339197722509497,-1.5316852974048325,=mid_term
2020-09-04,81.36121518404485,82.87634154261374,80.3548558890983,81.36299233622972,2351741,73933731,3.6319580443175945,-1.0272453557174381,=mid_term
2020-09-07,83.0353781656799,84.07377104601456,82.18900296555154,82.98213728221343,2003811,56761431,4.022284573519915,0.8531760544515666,=mid_term
2020-09-08,83.40207086186383,84.25195270602205,83.04832292536194,83.63679166469602,3854449,485890574,4.894310376261979,-0.9070987071910392,=mid_term
2020-09-09,84.40086804091507,86.02297233315535,83.04161738370767,84.62410577473051,1067754,258841771,1.6225194728367782,-0.32548490991450507,=mid_term
2020-09-10,84.88598397273016,86.38052984674226,84.41065619146758,84.72534473492863,4862627,125929250,4.558860305948876,3.099126755885742,=mid_term
2020-09-11,83.40126177221673,84.9969425098538,82.66513851161339,83.74839101859692,4304139,357779074,3.943443580428502,4.438804390498483,=mid_term
2020-09-14,83.7273952529144,83.8004258853395,82.4807814377622,83.67309340638751,2627703,107284608,4.074292398363793,-1.0637799352141448,=mid_term
2020-09-15,82.13585347359587,81.86301311965653,80.41374920694417,81.78480796634189,3474778,454710643,0.8663750389170317,3.2697957555185035,=mid_term
2020-09-16,81.64060278610037,82.75137014941615,81.36950856581558,81.48616667738497,1404486,190653354,0.9013509174967824,-0.23780814000686046,=mid_term
2020-09-17,80.81014232733827,82.13915779645608,79.61059890372835,80.97377112974759,896456,386949280,3.649066427636266,-1.2155543237425461,=mid_term
2020-09-18,81.34246312761879,82.59950354058469,81.17575249531977,81.37815698980597,2530543,421084488,3.8753070258989952,0.7619810658114626,=mid_term
2020-09-21,80.42595946716273,81.31351425634021,80.12734257187785,80.26701074363558,1744571,188844429,2.3419758961231856,0.7355858430082457,=mid_term
2020-09-22,84.13819284737498,85.94500353419708,83.0733841731723,84.28560870293931,3381040,393710232,2.807479045766419,-2.5895517387197478,=mid_term
2020-09-23,84.37239695281592,85.03225449947725,83.09289011114404,84.05880501090083,2127591,119049306,4.448880813551629,0.6327856521206072,=mid_term
2020-09-24,86.06777268816124,86.43531061911189,84.94158069137036,85.64105526486146,1502307,281450457,3.617827626704125,-3.900654581294227,=mid_term
2020-09-25,83.13442351264929,84.34424572969766,82.06799450372067,83.26727175758242,1865325,97183883,3.0723031506197893,-1.2968233488298686,=mid_term
2020-09-28,84.26598755513075,85.24749111792448,83.22954664430347,84.51656001688272,3047333,80934896,3.769317499889755,1.0044544120250185,=mid_term
2020-09-29,83.86300877003127,85.81675007121173,84.08562664719885,84.20731245090701,2158508,378201407,4.408335232981306,2.13993631551638,=mid_term
2020-09-30,84.06145242134876,84.96441598576192,82.85614755259462,84.4108007164178,4327397,164804328,1.212858725354601,1.8379524081975194,=mid_term
2020-10-01,80.7150705291927,82.22554759297935,79.35776482507114,80.72501066890895,3246297,64965251,4.625630819374939,-0.5108582809557314,=mid_term
2020-10-02,81.07799661843258,81.50457330299379,80.41708311355431,81.02541366816541,814084,364660189,1.7924391858896211,2.3342489985035826,=mid_term
2020-10-05,81.0741136912757,82.67109401218623,80.76247043879759,81.11017008713033,2878580,395858942,1.3108358005160736,3.299195466650449,=mid_term
2020-10-06,80.82668393358135,81.90001046924812,80.62374299307527,80.75619041634151,580293,439984549,0.9745826366278121,0.5134567438380975,=mid_term
2020-10-07,79.65600269994437,81.3668015853047,79.51585257337018,80.02732343540123,3022638,146176877,1.4985096226931,0.023181851119676883,=mid_term
2020-10-08,77.98201930682058,79.53173603146675,76.98824784939644,78.22914702670643,2173695,204806239,2.531188256717546,2.0841957997983394,=mid_term
2020-10-09,79.2870205559471,79.5466172612257,78.36123550094362,79.19420779913618,3135869,278875207,4.342405682379261,0.1428437748339831,=mid_term
2020-10-12,79.15387900090853,79.31453815600474,78.31322564529349,78.99330053297852,3515944,147165805,1.5868905523244212,0.7304478698832719,=mid_term
2020-10-13,82.28946060758453,83.23434196245864,81.77492842524335,82.6288960946756,1306709,98429299,3.874692008640567,1.869843010391235,=mid_term
2020-10-14,83.12952924588252,83.71353291630851,81.55304192099831,83.10085429248252,4596072,63772311,1.884311482291134,-3.474291682745468,=mid_term
2020-10-15,85.74489586397941,87.14585794159565,84.0539178025605,85.76668048909639,3868554,107821122,1.2659643858572718,-4.321150138933978,=mid_term
2020-10-16,85.00922344732687,85.66212666492441,83.329774473376,84.63634263850052,2888815,71215469,1.8716512775121228,2.5746358283338253,=mid_term
2020-10-19,84.80177405977989,86.34218089924654,84.47826738857081,84.97185798709742,4925602,203800096,2.630790779545761,1.8512572640628322,=mid_term
2020-10-20,86.63360344694134,86.99576668573569,86.23570076033945,86.62682581520674,945489,189050884,2.033294200569511,2.1139273152314764,=mid_term
2020-10-21,86.5750838653659,87.45380657701212,85.83197387828491,86.68424461191108,1747174,136277864,3.786057573575967,1.2287181862585979,=mid_term
2020-10-22,81.53916817036695,83.31749549657742,81.29356962783321,81.72728737053124,3795615,241011985,3.9661681134134428,1.3015063861139635,=mid_term
2020-10-23,81.08939912980621,81.49109827833597,79.56738579942406,81.15542327624475,4153537,133652943,4.420156807838493,-1.3649683207912442,=mid_term
2020-10-26,81.01851143270939,80.91786333346256,80.6862978865372,80.78601659104471,2460940,281984703,2.678327219288702,0.4376432270962583,=mid_term
2020-10-27,81.65197766701242,82.33935464256771,80.88808382775252,81.80892891232354,4816114,235598648,2.8857022488251705,-2.0185383811903157,=mid_term
2020-10-28,79.71190033279994,79.68270211235549,79.34869719171206,79.42209708423869,1666144,403493775,4.509436680607881,1.0043765041661687,=mid_term
2020-10-29,80.98455996443711,81.06237395499114,80.0956609152125,80.84449175820193,2528171,262823915,2.25857316077283,1.0287966986012334,=mid_term
2020-10-30,82.26904931395474,83.03783947268253,81.63121298447611,82.17560551657476,4209509,475550140,3.39786482454049,-1.4546910559228117,=mid_term
2020-11-02,82.10861050316483,82.72468692080194,81.05009794343452,82.14052502306903,1623131,68309930,2.751449509934983,-1.7433620731893376,=mid_term
2020-11-03,80.53853589732522,81.31258808244081,79.87996984790972,80.63551929209916,3119046,192209277,2.646054215644373,1.3878227948383235,=mid_term
2020-11-04,77.96335858963427,78.62023210397649,76.6074131539946,78.1160076298239,1616998,204392987,4.6708792661307985,-2.2257940404824272,=mid_term
2020-11-05,76.51401839529547,77.93168462438345,75.08774824083318,76.55222265992616,2601487,119952066,4.406151642845886,-0.8321880548510208,=mid_term
2020-11-06,77.45755587521639,78.76930432152834,76.8169564860716,77.54556420535937,2169581,81057833,2.489515998713167,-1.0839579344244208,=mid_term
2020-11-09,78.29765399891014,78.45334835690576,77.53882745183685,78.06754457178808,4201175,449335762,3.1273648389561015,0.856348683521516,=mid_term
2020-11-10,80.61796360080302,82.1170011680239,79.27705182506763,80.64702795217134,4548889,161381398,4.011583734555709,-3.1137240831118964,=mid_term
2020-11-11,81.33724122936334,82.28700082590329,79.97430256802821,81.03086686756167,4965292,449669105,0.879153500280387,-0.7743959396054951,=mid_term
2020-11-12,80.15998869480569,80.90061440529321,79.89376341147516,80.17692142380231,2862556,206144466,1.9562052624464017,1.304387766159989,=mid_term
2020-11-13,78.27024316594802,78.37107847892068,77.011959655681,78.08805362498939,1542926,428247621,2.6326369118348456,-5.3554602039647135,=mid_term
2020-11-16,76.81856627066604,78.30130405657556,75.8939664006415,76.9501964846473,4996906,417470675,1.0867237767938824,2.4906834876271198,=mid_term
2020-11-17,79.17001827331048,80.4713254457586,78.46836938078965,79.06648882052635,1394820,96210361,2.891485326321963,2.644091500705581,=mid_term
2020-11-18,79.19060540849426,80.61630087248058,79.2261763502588,79.31120411349717,3024907,93069318,2.4227399673842616,-0.0017355041742386865,=mid_term
2020-11-19,81.37788500910965,81.35468186430612,80.2553186962566,81.2754440331126,3724641,491652657,2.0678351671422166,-1.5539474787776415,=mid_term
2020-11-20,85.51878239594741,85.47469196017033,85.07071157081957,85.13513098423425,2626036,101213581,1.4245132655186745,2.005270493808472,=mid_term
2020-11-23,86.23745934443552,86.42357442373311,85.31138100253911,86.21191979411368,2067556,178441270,2.3160440765356176,-1.8654143075083394,=mid_term
2020-11-24,89.66791602390762,90.79897092029034,89.22321254570338,89.41752349036383,2804732,129693447,1.0939864598356563,0.2797852243774263,=mid_term
2020-11-25,87.2245366987262,88.16628496060765,85.94150203413166,87.60361337714235,2938798,142696106,2.71925998993545,1.3330740519918074,=mid_term
2020-11-26,88.12092450630303,88.38766852137776,87.17978879429455,87.88865978219043,2056827,162045649,3.247996866389473,0.40521416066282534,=mid_term
2020-11-27,88.03994770599671,88.77944050114387,86.50746880680387,87.88431290470194,2595887,344156007,2.9758262325219746,0.0383357020279438,=mid_term
2020-11-30,86.76048309594096,88.67684533695417,85.33985391440363,87.01944256835237,3674436,243102575,2.4266124326502094,-0.29951608173101457,=mid_term
2020-12-01,88.57115736988942,89.47923184749914,88.23993791186143,88.36699061630414,3141412,75162049,4.7624226743217015,2.441625690306615,=mid_term
2020-12-02,86.2022927206919,87.33115475279432,86.0031717202351,86.29509792361105,560706,413507129,4.583732284403009,1.6921580312464948,=mid_term
2020-12-03,85.33405273793254,86.25330984881796,84.7824972630313,85.52056509162698,1587176,157967339,2.5420212657360968,-0.6263784519334247,=mid_term
2020-12-04,84.96589191439313,85.3916101443215,83.80605084970455,84.9631037425789,4865668,360883399,1.0914287966413254,-0.03370085109327732,=mid_term
2020-12-07,82.68356691057062,83.0501247572008,82.42485301506775,82.87125348430499,2316208,254892562,4.907378617489403,1.0587052347502475,=mid_term
2020-12-08,85.4746582509619,86.99147112164698,85.3366656054422,85.47846487997323,4667289,67407329,2.3297920710424647,2.36239183467501,=mid_term
2020-12-09,85.42103089640068,86.38585775203536,84.8789631414338,85.37605245923187,2817530,452430189,4.991353200503666,2.563092245053932,=mid_term
2020-12-10,86.94486188890238,88.53848005504378,85.81876105783633,87.237819259569,3906996,493322230,4.703423563813775,-0.6429694063159913,=mid_term
2020-12-11,88.1865291879802,89.32579566532564,87.22521183798496,88.54723359607128,4510420,112714637,0.7696661277608592,0.49237421498438494,=mid_term
2020-12-14,88.65059710921452,89.45448394876547,87.78652880537855,88.49038971354595,3770663,365255966,2.95435989866021,0.2196465904675848,=mid_term
2020-12-15,90.3054957540972,90.94397701259832,89.2676855290808,90.36113005034642,1230497,269559707,4.958333212713891,-0.17216189950839364,=mid_term
2020-12-16,88.49103817236197,89.15041569983299,87.72086080241411,88.44310590372524,2700213,191777970,1.097637878449576,0.1602684193939122,=mid_term
2020-12-17,90.05549507879162,90.93938556374715,88.95105689674112,89.80669832168208,1802754,105577380,3.988211121491502,0.08006247806840731,=mid_term
2020-12-18,88.72843232226633,89.79429213827169,88.47053302783054,88.48484517104905,3263750,450072197,4.039625797450894,2.7555719360610635,=mid_term
2020-12-21,87.90619774589243,89.4065714124826,87.52251154152509,88.2913583250579,574389,233353526,2.33424340717,0.5864325055011295,=mid_term
2020-12-22,89.66034174435991,90.83413605911733,89.4583458975995,89.73200108578544,651441,338111806,1.9351136103601416,0.42574287475873784,=mid_term
2020-12-23,92.63944741014174,94.06894144560658,91.35858203164992,92.55901701150198,990309,59445244,3.6220179551713265,-2.264949123923886,=mid_term
2020-12-24,93.67989089432339,95.40896008751749,93.7019335265903,93.99525392780127,4576793,124069149,4.060263531469807,3.260876079924858,=mid_term
2020-12-25,94.80388020832709,95.29584264615043,92.95208146987127,94.70999734842646,2714071,57511313,2.932416853588226,-0.044439501144972124,=mid_term
2020-12-28,91.8304897588733,93.05860768549779,91.12337698042722,91.87968951732782,3194191,450327400,0.7950259021085067,-0.697282377170916,=mid_term
2020-12-29,88.78495858759648,88.9994337035782,87.33297266156335,88.45583560494391,4955440,484248300,1.9571575994877028,-2.5647642375127493,=mid_term
2020-12-30,86.73625668904015,87.44844869926513,85.92086758369202,86.51285550786797,4642732,264995474,1.2844368817163982,1.7901614948326092,=mid_term
2020-12-31,84.43378231048862,84.84696749524389,83.53095777537473,84.31114223396638,4197989,369948185,0.8976835079470822,2.9731975462419995,=mid_term
2021-01-01,85.14478508613128,85.51783263351783,84.16331570076859,85.19163152388082,3451372,95687804,2.1285690710769734,-1.0737050210127572,=mid_term
2021-01-04,84.4705524063161,85.31186278713618,84.14124107849966,84.50186955483859,1122151,68232886,0.7962491790462973,-1.562996671166681,=mid_term
2021-01-05,86.73412935542159,86.42671862186347,85.96714806987971,86.37249948954705,1920077,366756033,0.8812417155078318,-2.3338527906299276,=mid_term
2021-01-06,89.90997540849087,90.26815364763091,89.94449765824864,90.05364003348076,4534589,335273270,2.371417219717349,-0.05116506459523284,=mid_term
2021-01-07,90.83612702557616,92.31463058350099,89.5455138027224,91.14941118341213,3146777,130787523,4.267775453708257,1.7756678158796653,=mid_term
2021-01-08,93.10156824339745,94.37874144411168,91.54706479298373,92.88060977655063,4003856,425124413,2.050528079472855,-1.356823426782453,=mid_term
2021-01-11,93.25835939497132,94.1234288435724,93.30143395859255,93.53993026428134,1985401,241346824,4.004344770668068,0.7460816564001469,=mid_term
2021-01-12,94.97112759880739,96.12879703241136,95.06136891828989,95.09884709648406,1611169,415484559,1.139276955010237,-1.2356430857118668,=mid_term
2021-01-13,97.82796931188804,97.94493798528781,97.3675044619186,97.88234397431931,4411091,155516261,2.5300164972156693,-0.624943766875843,=mid_term
2021-01-14,95.95543494140603,97.25284027729059,94.33838852677194,96.17342922450362,4115406,432379390,4.621718478655383,2.625624306538439,=mid_term
2021-01-15,96.7115850361119,97.98510384329028,94.86863179995328,96.33793518783622,546557,390738901,1.5950750212454412,1.5692636412803078,=mid_term
2021-01-18,93.91100252642933,95.6995119972925,93.70771238853395,94.0680919414471,4385795,307743099,1.1062608963091463,-2.365946781953204,=mid_term
2021-01-19,94.27827828286365,94.71035909513033,93.69221419466253,94.4233160465019,942145,195688617,3.8528569631865315,-1.8136306806441278,=mid_term
2021-01-20,96.62168179397042,97.30716493603283,95.54078855628062,96.59578411493756,3297111,233662025,2.954720336084797,-0.9435482291465763,=mid_term
2021-01-21,96.92369056971538,98.60225554030674,96.24007440565936,97.2003699583046,1955781,412963871,1.6661590491111282,-0.5842765956276249,=mid_term
2021-01-22,95.82342841085553,96.6528501110806,94.37975612676547,95.68074570758839,2470693,373326329,2.4538932749737787,-1.9024891908329462,=mid_term
2021-01-25,96.65884796089817,98.02394833459513,95.15275535923266,97.05240196469316,3897236,224546169,4.081886352900804,0.5040049188441983,=mid_term
2021-01-26,97.45033489303438,98.24874400524581,96.49537594707408,97.15734257383681,4677053,51156361,2.532087083827501,4.199977386061124,=mid_term
2021-01-27,94.58410559546525,95.53128815593736,92.80549994826194,94.3217783617746,3264624,223646619,4.799020205142647,3.6671681841174775,=mid_term
2021-01-28,92.27883890065884,92.76623169346342,91.335973229456,92.39752090171567,2626661,440733885,3.853230952913217,-0.629567153793918,=mid_term
2021-01-29,92.9026444722943,93.9326406298896,91.70281560678944,92.9048781765542,2759972,54706571,3.016176475121794,-4.454818132077145,=mid_term
2021-02-01,94.97552070996919,94.56405604167885,94.25405927037279,94.53996948820489,4462771,271794495,1.1265120764960104,0.8251787152368123,=mid_term
2021-02-02,96.25179366879388,96.56986776967922,94.50193247998027,96.18034849270832,1784864,433103037,0.9261079940549941,-0.2102596388238339,=mid_term
2021-02-03,100.1618216403189,100.49532588338737,98.52027462105433,99.68800342810258,3391857,291446094,1.9706295180176925,-0.7757438254749963,=mid_term
2021-02-04,99.89895489698783,100.22064659169118,98.42501017533237,99.96184881323335,1166525,208755507,1.5626271418746547,2.4777038112053287,=mid_term
2021-02-05,98.49966024809551,100.15740745392243,97.04982634892923,98.69234970923638,2043223,92086247,4.522650316663706,-2.713658444262941,=mid_term
2021-02-08,97.51210638042187,97.31913423877309,95.807552739527,97.3064138370056,2635496,372148163,1.8893130860071659,1.156033563893534,=mid_term
2021-02-09,95.4235765443288,95.4086266809077,94.09167367463186,95.33509547845637,3454752,111398490,1.71425099857098,0.09264821642932243,=mid_term
2021-02-10,95.15129706934492,96.18174353636434,93.41518585141324,95.1648510555167,2805714,353721603,2.566481764482745,-0.5355983285261021,=mid_term
2021-02-11,98.29791145512056,99.99705076056158,97.0348943443423,98.3249063711682,4137842,415371806,2.060029130366815,3.3578281298479826,=mid_term
2021-02-12,98.52941769109692,99.71140306997526,97.6912509425175,98.40598547274486,1820644,461027931,2.2280633249213713,-1.1926338721705139,=mid_term
2021-02-15,97.02966930962013,98.42142325966002,96.16048323288554,97.47679561937369,2821189,269972786,4.588900803116136,-3.2758294586222094,=mid_term
2021-02-16,98.75791521005071,100.08113425844857,97.39091401527757,98.6412180075174,3000809,98787850,1.1371482464353884,0.6758040041769208,=mid_term
2021-02-17,100.98408083776171,101.66605611080298,98.97644251133501,100.56060375758615,1764124,336627154,2.1033757499473755,0.03879208193759344,=mid_term
2021-02-18,101.55343077441395,103.00197806093902,101.3171294208218,101.96093703163127,3160529,230851426,3.7656023392396563,0.30900921933782144,=mid_term
2021-02-19,100.03780592250281,100.27175639270004,98.72219555109945,99.92825104175357,600245,181584773,2.1617897332403735,-1.4866577282991307,=mid_term
2021-02-22,96.88448495778334,98.47368273660469,96.52651397681116,96.9376135880032,3769498,495186596,1.1159128344525424,-1.0087688812511049,=mid_term
2021-02-23,94.71743713872092,95.41710885782359,94.87972743639914,94.93454242827417,4408973,398401645,3.110097950667879,0.6081376251163586,=mid_term
2021-02-24,93.28000318712104,94.67160272049814,91.7775930380426,93.47988556224136,3019302,427045314,1.5207797329041752,-3.4697589540334643,=mid_term
2021-02-25,94.41320152124294,95.66398217101697,93.34313184477156,94.01159763235668,2566640,366678710,1.0776061046365748,-2.9707143480499583,=mid_term
2021-02-26,96.5936354790848,98.05133742242121,95.37730481305006,96.15107453020029,1476768,93592430,2.7623819085020793,0.004703481186021176,=mid_term
2021-03-01,96.70296627166279,97.45061005064262,96.00399293907877,96.32866782776757,2053941,225067737,4.2833082386869785,0.9280791966758303,=mid_term
2021-03-02,94.84384304848126,96.5575364071473,93.47994483735445,95.31172520163112,1874400,494955684,3.112859205760519,1.046948516785086,=mid_term
2021-03-03,96.0890449827825,95.92503761069995,94.67535683282411,95.62010044423572,3721307,379351077,0.7873171847131841,3.392456505624027,=mid_term
2021-03-04,94.34354069418822,95.36764474903578,92.88941152392336,94.4707084124069,857620,186940452,2.0340124159806696,-0.08786587781955267,=mid_term
2021-03-05,93.62863570475717,94.13804092158453,93.5855282202454,93.74470293243326,2592875,79129858,1.921057090643196,3.9579686015973383,=mid_term
2021-03-08,96.27316910013603,96.90019344729215,95.19952129852862,95.94503690619102,4655157,122943353,0.7211475957546212,2.974682625119644,=mid_term
2021-03-09,98.84003424279983,99.34951285384382,97.11916006924162,99.07602628983577,795103,484942017,1.0243138719726192,-0.6305588856041536,=mid_term
2021-03-10,99.05606976126644,99.37926076392965,97.3071862451089,99.18063072628867,4003017,296640309,4.51485640168716,3.553371439537379,=mid_term
2021-03-11,99.25076645911541,99.38651406602288,97.8030264884657,99.23795839302808,1075128,471510533,4.529192160927139,-2.8988996673447804,=mid_term
2021-03-12,96.33158562071311,97.20064542761065,94.64148439173933,96.34791425403017,1273293,107704039,4.012983048909307,-2.9543310991067884,=mid_term
2021-03-15,96.95720607377166,98.34032867706192,96.35402149288616,96.8808843944914,2004771,99053698,2.9899056840740017,-0.029317491382946707,=mid_term
2021-03-16,97.24042096201568,98.97692592661046,97.06418705998385,97.08124483754179,2389271,146637101,4.983162195229783,2.0831567294528273,=mid_term
2021-03-17,96.56975530793322,97.69603060900151,95.02411715314818,96.91593746624744,801642,473731942,4.053749917776936,-3.398901532562698,=mid_term
2021-03-18,95.89855545541089,96.15395369166654,94.5272263152976,95.7241737858309,2324362,357380166,4.87044531674278,2.5503140750925244,=mid_term
2021-03-19,96.90381181558338,97.2995847871176,95.71552584458036,96.93773929349105,2666525,173755375,4.854515304067472,-0.0007451331841604939,=mid_term
2021-03-22,97.86733285770393,99.35551164281496,96.56969675420471,98.31211127864674,2694811,318403546,4.610034201804389,-3.0449531645456713,=mid_term
2021-03-23,99.27038654295953,99.67630617915843,96.96104553099119,98.8064975229405,1265453,309067763,2.7496369855718212,0.127213197021789,=mid_term
2021-03-24,97.07262677632512,98.24446198106018,95.92966664219409,96.99517728128983,4614129,404422110,2.8102375457479347,2.597472359020067,=mid_term
2021-03-25,96.7514336521932,97.28020827837277,95.15155927176812,97.0652748829483,3245747,61012167,3.1466028212272756,0.18399741651471602,=mid_term
2021-03-26,100.844122850616,102.01758287268628,99.72862917570473,100.60335623982633,2458831,486597722,2.6140666082789754,0.3892008501153989,=mid_term
2021-03-29,102.26848113052526,102.54456702938468,102.11711570038956,102.47422362508296,2579354,343857077,1.9498028528760485,1.5247458477190619,=mid_term
2021-03-30,98.48512345010296,99.77922618048169,98.33419332118457,98.83500043592429,1473553,455879856,4.127627420570501,-2.5528438466580425,=mid_term
2021-03-31,99.78263219946501,101.73538483483813,99.06348288000923,100.23394732262229,4162026,176395297,2.677902228897761,2.589291202468888,=mid_term
2021-04-01,100.37629261273132,102.3458629736639,99.28454558508501,100.79079268789184,644943,249168434,4.881895349351758,-0.052315494165099716,=mid_term
2021-04-02,101.44509710600558,101.63397116091227,99.69706640413146,101.30627957150328,1544409,69661838,3.9383887354667175,-3.8281335655107664,=mid_term
2021-04-05,100.50757503475951,101.29608545038137,99.27772161154297,100.5875471560194,4384601,360373828,3.361851029243606,0.02854272365817933,=mid_term
2021-04-06,101.60743314865171,102.22085469217873,101.01503275249375,101.31414933745621,2806634,469023899,3.253844182859858,-2.2281147596847006,=mid_term
2021-04-07,101.33920926448941,101.34173284454238,100.70291419016249,100.86342451294718,3833589,235975914,1.6179995240782137,0.7492271315167378,=mid_term
2021-04-08,100.56407019153876,102.35651866577284,99.25175021190941,100.973733322423,1168833,316579209,4.961881479427297,0.7167669601023243,=mid_term
2021-04-09,102.99287478428093,103.22077390965465,101.76651288873093,103.0102313855255,3796395,309563560,3.5949177602530287,2.259874255382693,=mid_term
2021-04-12,99.60049641855595,100.22060467043032,99.76049314333162,99.8266302520445,1992332,367276555,4.0338404953170155,2.038289124003194,=mid_term
2021-04-13,100.11928419516259,101.4984445566405,98.79376995967807,99.91436258949683,3844613,93618011,0.7317030428744691,-0.9538900364730629,=mid_term
2021-04-14,98.57527554090314,99.11024779988294,97.56177492651237,98.6763807044367,1866232,64537510,1.9452499109295651,1.3615563131776411,=mid_term
2021-04-15,100.57241114139654,101.33501059451912,100.01564290021572,100.90236272244911,1178511,475994983,1.6672211499881016,-1.361732483154644,=mid_term
2021-04-16,99.36147671526433,101.36959407589221,98.70102464673192,99.51243052066995,1488807,392347750,4.956035690946471,-2.997950163487088,=mid_term
2021-04-19,95.58790823919851,96.7572654826565,94.93832839133296,95.22912041964493,2485466,194488023,3.797066709161494,-1.9177602733294608,=mid_term
2021-04-20,92.23474449465911,92.84448375314233,92.33295100720392,92.55163362346956,3067785,231468894,3.291044213136931,-3.829957198876577,=mid_term
2021-04-21,97.00759447331673,98.13388539601034,95.12383654199338,96.86869130618533,4768541,264736605,2.789453800553235,3.2385584585226512,=mid_term
2021-04-22,98.36674085725845,99.45710177888202,97.90689813960635,98.58127586385086,2455355,317298471,2.243816116646265,1.5515269642179002,=mid_term
2021-04-23,97.95332464798537,98.97729118265273,97.02110077013376,98.09604973834021,2101872,379814922,3.022112412601492,-1.4922615604479628,=mid_term
2021-04-26,94.67552893447926,95.12245774480175,94.62094015963588,94.99050521804405,4930353,419734531,1.6521917979268113,1.3042488955907836,=mid_term
2021-04-27,95.48530038828632,96.89987422344588,93.68166390653147,95.49916146161884,4146689,384943730,4.62127820473284,-0.3206877784483696,=mid_term
2021-04-28,95.70774428467897,96.90175932722947,94.09319452858931,95.80860236471132,1520127,457609092,1.481043018947036,0.227663259565338,=mid_term
2021-04-29,93.83889935219953,94.13742524503209,93.82913210691552,94.01636912256969,3598031,355695516,1.3625075756368712,-0.3237650653218629,=mid_term
2021-04-30,94.82903657318042,94.99107932171545,93.01623048757796,94.72139808689363,3296088,484836855,2.1269297107684273,-1.197831041981714,=mid_term
2021-05-03,95.98185603028314,96.47676158187636,95.3073628463687,95.65142173796202,1586901,309930041,2.8431588064906483,-2.0549095020370016,=mid_term
2021-05-04,98.41183464216343,99.32694045403987,97.89024361307195,98.28217916091286,3537017,435976183,2.142347056050286,0.6646471365350406,=mid_term
2021-05-05,99.51588967026146,99.48093691490803,98.10560737807178,99.17271017863288,4672505,360475322,2.5322106426223945,0.2793597061372132,=mid_term
2021-05-06,99.24295804508807,99.91961604763807,98.71125874150266,99.7209666285724,3856410,227900223,4.963040427036404,-1.3094625565878435,=mid_term
2021-05-07,100.02109115745466,100.5462964934099,98.72586920234862,100.46021854304595,4834719,121028052,0.8386123551550431,0.3712571213099428,=mid_term
2021-05-10,102.91737711366684,104.74627048704373,101.73102994906083,102.72485820580691,1811653,166645874,0.6944738735897455,-1.8163160791421968,=mid_term
2021-05-11,100.27734981159135,101.68215860165166,99.20322485035285,100.13874318528912,786724,270162496,1.7105738094685596,-1.9685844541123994,=mid_term
2021-05-12,99.20129674897157,100.2288175900959,97.57501997999258,99.07827465051415,876801,241270846,2.055123121740286,-2.019145058141903,=mid_term
2021-05-13,98.17054538232472,99.28340037792826,97.99830362124355,98.40972010070527,1469450,308298909,1.337950761378096,-2.495955790290845,=mid_term
2021-05-14,94.60083890874196,96.2883254819387,93.23461931760336,94.99683409713052,2218034,337859074,4.279278195495227,-3.5824059445567493,=mid_term
2021-05-17,94.06075334108156,94.42833226488763,93.82150307254062,93.91942127780341,2668720,213937658,1.7547196796132138,1.2063917164871605,=mid_term
2021-05-18,93.79548643382815,95.57440403897125,92.6110776877634,93.99490348538771,4530846,280883564,4.507051839307467,-1.1824992528179776,=mid_term
2021-05-19,94.43594044448157,95.15534614274458,94.00744637131324,94.24274334691856,4142580,127472839,0.9089960319197482,-1.7333364127823119,=mid_term
2021-05-20,94.04089492313517,95.31425747017528,92.73799846599492,93.75192278631691,809762,134508942,2.68832357886815,-0.28325557981985544,=mid_term
2021-05-21,93.71142979979838,95.79121498442586,92.73213270746774,94.16460761847092,4546807,220812596,2.2214430662811493,0.45570677106608215,=mid_term
2021-05-24,92.6619366514741,93.59410945329577,92.27829678720892,92.94756771378172,4327815,302610704,2.788925982088257,-1.405677949394238,=mid_term
2021-05-25,92.61661537961467,93.49135018381658,92.28405495353341,92.35374932020137,764676,259945242,0.7811785734377482,-2.514255615462267,=mid_term
2021-05-26,92.0168940096449,93.67381251184662,90.92499566973422,92.17213330694325,3441345,272903735,3.2745945646176726,-0.14894317781191518,=mid_term
2021-05-27,95.18693538419555,95.53294471813005,94.0146296732959,95.3313150280019,852549,408077713,4.571638753204866,0.43886322740126754,=mid_term
2021-05-28,97.84883897534108,100.08143874223515,97.6845591506165,98.31998444481091,3930369,256631772,4.664615180156842,2.0434571911689963,=mid_term
2021-05-31,100.31372258843878,100.77106908403078,98.41872529828211,100.0891833032761,2160330,173782238,4.823418914220478,-0.9569694766885976,=mid_term
2021-06-01,98.84696748559635,99.05119444385137,98.62312495886177,98.8766651728132,2307574,73478222,2.4896367159473916,-3.3284234255233502,=mid_term
2021-06-02,98.04831166749324,98.87491316859135,97.26461220740637,97.75034906791876,4782253,413245752,3.6662825106960844,-1.3302282544470978,=mid_term
2021-06-03,93.64902888959713,94.77380369206004,92.03308163975291,93.58093182182483,1377598,53237371,2.714956653790333,-0.6347788263601404,=mid_term
2021-06-04,91.43738437416772,92.04490391432377,91.24177634707422,91.70308359045728,4090116,55911189,2.7446913426915494,0.758788224977701,=mid_term
2021-06-07,92.61865363496366,93.92422524058637,91.83007069158108,92.56443509283699,1562457,198356130,3.333675843082037,4.156972746997357,=mid_term
2021-06-08,95.93134871257128,96.26958241286017,94.18108489696635,95.90370331757507,820805,417646669,1.1827559243002133,2.029276742925929,=mid_term
2021-06-09,95.07742391188306,94.8528953564262,93.52922863221761,94.72738826289097,3865183,163209807,1.8782135920173157,1.8544699708607482,=mid_term
2021-06-10,94.74948008195604,94.74427413186956,94.17209461307645,94.73692968312712,2513441,276986370,0.9876326007021023,-3.659628502131841,=mid_term
2021-06-11,94.65111420455752,95.97385964295998,93.06861011006642,94.2879242032191,2038384,130926994,3.9926150949679515,0.195027433472042,=mid_term
2021-06-14,98.19114712505896,98.78011472238765,97.82962281467928,98.0608224875611,4788533,418800186,2.46897160103501,-1.355835590296964,=mid_term
2021-06-15,99.60736280337399,99.47353624581716,97.48194908015816,99.21959290159238,3219002,419590577,2.0566278676254033,0.9477702026308332,=mid_term
2021-06-16,97.9031786405849,99.97273306844421,96.8215189837072,98.37236850405361,1539790,125656000,2.9637131972551294,-0.8948565289380325,=mid_term
2021-06-17,96.3804598106552,98.55741167186027,96.34713919555988,96.75428351145156,4492867,355944591,1.3703204836373852,-0.35650013534951913,=mid_term
2021-06-18,96.36605694246408,96.63037787795703,96.19517221304596,96.2554409490427,3832748,231170163,3.6110428175848277,0.9697618703103005,=mid_term
2021-06-21,99.98064620933471,100.8857410228915,100.17953228233652,100.27843302407179,3317570,350908982,1.9384812820816377,-1.145721831976947,=mid_term
2021-06-22,100.54112444926797,101.97280341003606,98.93692103034417,100.40122561269705,1303970,342639797,4.224917768924701,-3.4502289160417066,=mid_term
2021-06-23,100.41670895163512,100.83949719790569,100.01024158835418,100.60710868388794,555908,471319137,2.2278997422674816,-2.173747728985566,=mid_term
2021-06-24,101.62039778595214,102.4416957888021,100.3479580520917,101.5760123651154,2253464,183756076,4.46739306847836,0.46669143430817334,=mid_term
2021-06-25,100.89500592194042,102.92510068181764,101.2348082783024,101.27042988240505,2434748,169854484,2.910436397655738,-0.7231517467455978,=mid_term
2021-06-28,103.78758065431832,104.40838133163942,103.44263575272677,103.46636729788666,677406,179131463,3.3553859963075126,-0.37708235251384653,=mid_term
2021-06-29,101.69476040613128,103.72009911723296,100.1674215089903,102.00479511010907,3865640,389306841,4.0022925173007176,0.8055768420606727,=mid_term
2021-06-30,103.14363744138244,104.01047158131885,101.96986206250484,102.87732381327538,3223947,276982884,3.713872424194567,-3.116956660112896,=mid_term
2021-07-01,100.2603067651919,101.68102094645323,99.78899818017841,100.63156809135666,3071517,269897584,1.5540864539076509,-1.3876041469231486,=mid_term
2021-07-02,101.34250895391959,102.4237847376779,100.55384298448206,101.58514841622868,4025325,436277460,4.179661948439023,4.302991492988665,=mid_term
2021-07-05,100.39957592135005,100.44626408263417,98.81582263655208,100.33021630877707,2531868,306301325,1.8872868281853767,3.782381483587257,=mid_term
2021-07-06,100.41087306758322,101.15594115686338,99.55843443432713,100.71834267021653,4374979,382334021,4.819134764051756,-0.7726553732961952,=mid_term
2021-07-07,102.89330778070953,102.92633255452802,102.1313736529707,102.66240889341567,3483825,213916058,3.494603318668487,-1.1688974818648712,=mid_term
2021-07-08,105.10975868884908,105.7289040659363,104.65753720790357,105.42136529543761,4725719,327469552,4.673071878288198,-0.7985055643929476,=mid_term
2021-07-09,104.33587015213537,106.52784046010461,102.79500213280376,104.84433510274017,3556561,442820040,3.3227381175360455,0.540576046760622,=mid_term
2021-07-12,107.33426558567683,107.69860895339318,106.57641246784877,107.22652006382557,3489285,73892895,1.8365014090578227,0.21989113068577235,=mid_term
2021-07-13,110.40970242444979,112.00463162250668,108.5217082415135,109.86879934043648,3603807,151019285,4.418952869581341,-2.827688093230707,=mid_term
2021-07-14,108.8693089689675,109.77750104508384,107.98448314668366,109.2971644935245,1938081,373203519,3.7251486282788244,-1.1808509436965269,=mid_term
2021-07-15,109.54920827377873,110.1793577910569,109.44359127676441,109.84419041460207,1468137,453576744,4.137815736337512,-0.8214061346532328,=mid_term
2021-07-16,113.7871893000723,115.19707754584415,111.95325352685232,113.90717150714637,2816422,349990578,4.8234023673531174,4.712549292859698,=mid_term
2021-07-19,111.03699882410231,111.01023063403656,109.88555230704922,110.87171113958784,670263,434811605,3.917076226978419,1.0873707024217933,=mid_term
2021-07-20,112.63477435745448,114.15388321856338,110.25899659537286,112.3101281451037,518943,371690556,1.3774683582126914,-2.3217061393130543,=mid_term
2021-07-21,113.79287286137823,115.53315651577687,113.25568555053854,113.39145410350623,3948975,59548844,2.7954359156282558,0.09821181996532212,=mid_term
2021-07-22,116.64432560052268,116.98101436963094,116.01850859934223,116.33542498197956,1126714,148837919,3.063615768577713,-0.8476462558563191,=mid_term
2021-07-23,116.2436108744128,116.73799184587003,113.79338764901031,115.99360313968505,4896519,435964533,3.828384718918635,-1.03570799471461,=mid_term
2021-07-26,112.30181928198051,112.28089357428536,111.31082646649588,111.96590629918393,3631797,340602254,3.9523335164908655,2.777155649149788,=mid_term
2021-07-27,112.42998229361407,113.28396129330444,111.19122134226738,112.37290236644424,2752446,54396709,4.102258491929361,-0.6362113625150495,=mid_term
2021-07-28,116.15525718169314,116.21378581651263,114.81663517760884,115.90463109053292,2786087,211319321,1.676847461842156,0.47195993178675016,=mid_term
2021-07-29,114.32504836912756,116.92962810918473,114.5321682755968,114.69413035264192,988252,428223529,1.4551792168337476,-0.45864082222179114,=mid_term
2021-07-30,113.57454428440904,115.26637875092862,113.98840132028208,114.01077996598438,1423862,321403939,4.333764332419206,-0.042483792863740474,=mid_term
2021-08-02,113.83672866902084,115.12505433673049,112.45628546578551,114.243476188377,1031151,121937574,3.4397997214672467,2.5663953620799194,=mid_term
2021-08-03,113.83335155255705,113.90339941791547,111.58784141534919,113.74078095080857,4984350,243803487,1.6456901137422968,-1.827096202681202,=mid_term
2021-08-04,111.93883612301222,114.42246138184706,111.86813182651294,112.37790241570404,3688035,166399960,4.051985423505328,1.6801552649660227,=mid_term
2021-08-05,110.6447584966192,111.14502498593019,110.50726593307405,110.51424193760894,2053299,314450811,2.115677474372179,-0.7039218646541745,=mid_term
2021-08-06,110.45405210662517,111.69503655682577,108.50694981722235,110.71927161983581,4283899,370364116,4.488767677977799,3.7437386434872324,=mid_term
2021-08-09,111.36280859162106,112.04931265827844,109.49934835576019,111.56252024150028,2197678,295304714,2.098319878018135,0.13747752299218718,=mid_term
2021-08-10,111.13025057961897,112.74720738387545,108.8539997291396,110.63068389026306,3653248,312192016,4.705545022952993,1.10515039773025,=mid_term
2021-08-11,108.0808572916129,108.22768594293399,106.28995532201084,108.02628736055387,4746771,469318241,3.4486036315045214,-0.6650910008238463,=mid_term
2021-08-12,108.53859909177514,109.53653659987307,106.55562584135761,108.57155684323523,3220294,111519932,3.118265096627891,1.7787480944122862,=mid_term
2021-08-13,108.17958185307471,107.99242867440535,106.97536678717398,107.74405347535652,561107,471028550,2.273150709317025,-1.7952042928338783,=mid_term
2021-08-16,108.46530494424458,109.76981802020939,106.89056732999788,108.22318631840255,1576930,344576176,3.6118495392707963,0.5996532238856477,=mid_term
2021-08-17,109.66071005250718,110.28925123628618,108.33068862457677,109.56222449142317,4762750,108454422,2.5434002769148085,0.29297814482389145,=mid_term
2021-08-18,112.3721587047469,113.95574702288432,110.80122124267805,111.92108360296966,2857029,469573028,4.951108103354159,-1.082012562362508,=mid_term
2021-08-19,110.07715339191513,111.76642831350372,109.56880493924547,110.38792490017148,3873851,325979488,2.51232391168422,1.2214952423032337,=mid_term
2021-08-20,112.03486517734923,113.40890669299334,110.53107741160606,111.61244772088662,4216507,456757356,2.3373500224757913,0.9863843342637103,=mid_term
2021-08-23,113.52995566687669,115.60733639768986,112.34643123980098,113.39472639360615,2126340,97069112,2.626720145079663,2.737619389312044,=mid_term
2021-08-24,110.56659653028866,112.7792456544069,108.75388928966903,110.65551698350393,3998452,118933323,3.634570270958951,-0.4552223978647406,=mid_term
2021-08-25,114.53207824958783,116.58660325239016,113.05457247229538,114.88090527114755,2738821,331420473,3.769257296944123,1.6399591608802973,=mid_term
2021-08-26,115.02187658385127,115.20697856644172,114.45003285127093,115.10559743527702,1654249,314601664,2.391082915612796,-0.6568432600132352,=mid_term
2021-08-27,117.39720741342555,118.48940701624161,115.75503281453497,117.56038367911817,2807976,217492779,0.5176058513656259,3.2560676965296356,=mid_term
2021-08-30,116.45652552313081,116.32425533042893,115.85480504332487,116.28826769340479,3356015,417370424,4.182144035633502,0.41124996131378105,=mid_term
2021-08-31,116.01797761825411,116.28699862466082,115.3779133004837,115.69266631210947,3225151,181787622,4.9679736747933765,-0.6750449050088112,=mid_term
2021-09-01,117.371094133876,118.2540466703973,116.14006080873901,116.86371888351728,3224425,263200266,2.4011233865852635,0.614286572539782,=mid_term
2021-09-02,117.17664219924876,118.77173636209602,115.84269361888161,117.13896831989967,4134205,242976721,3.9709929982791543,-0.39089354674660937,=mid_term
2021-09-03,113.90004566190038,114.02467131103897,112.45638307606669,113.39330120156697,1197636,202265490,2.0283469386549107,0.803117060648035,=mid_term
2021-09-06,111.6461384203338,111.60241815956573,109.63098294936674,111.31529055979341,2916533,345943791,4.577818792689701,-0.8304890848627224,=mid_term
2021-09-07,110.7973220404239,110.92045067048693,109.89543731871647,110.8224362225283,2451609,229864954,0.7330871127497629,0.06002444988235778,=mid_term
2021-09-08,110.1158540623225,112.76254723723811,110.42618745797213,110.57647245924733,889881,366303918,2.7383340496024076,2.8670530197657094,=mid_term
2021-09-09,106.27027925444419,107.6724100271277,106.0044457942391,106.67867722204507,3802125,65520956,1.796959861775159,-0.06501854239352761,=mid_term
2021-09-10,110.52967355050835,111.00668673748658,108.45477023287116,110.01251252933429,1004868,422887935,1.4041383877146643,3.6833720719811387,=mid_term
2021-09-13,108.25314866833651,108.5255397075327,107.20692333966502,108.05482202831291,3423953,133123780,3.746988070958809,-0.09234477191564014,=mid_term
2021-09-14,109.03377734426984,110.1155619769871,108.17590767021147,109.4317994180421,2553610,225224218,4.530396384088458,0.08928440309652365,=mid_term
2021-09-15,111.97541328019234,112.60862220803115,111.89842366496076,112.05366146564695,1055056,276030046,1.0750941052395013,1.1994594716977565,=mid_term
2021-09-16,110.06631389541512,110.345344147488,108.1298409658325,109.82684615454049,4666859,51829438,4.339035285482611,1.9569217138339745,=mid_term
2021-09-17,117.5705418634847,118.13746985661982,115.70052993789415,117.20566544965918,645940,265820716,0.7979997008354123,-1.262443271858436,=mid_term
2021-09-20,119.38404919450419,121.16725978357411,117.21640920034443,119.31853186690782,3293542,194273357,3.235192771292456,-1.19611620618361,=mid_term
2021-09-21,121.85344600949821,121.7309110238032,120.56660335834272,121.61381634742737,3147206,441222877,4.876905962156958,1.291668081216834,=mid_term
2021-09-22,120.8748081005347,123.44903614966637,119.3286462939488,121.104547161452,898217,225044545,1.4740309558246825,-0.8535836075385714,=mid_term
2021-09-23,121.74127429434519,122.70101988421669,121.74956091165244,121.90493455285618,1221919,455257525,3.667052553459161,3.0824912098862054,=mid_term
2021-09-24,124.52031421634405,126.55838242760048,124.60352308751578,124.73073397512852,779092,324516858,3.122637424190456,0.155579299314983,=mid_term
2021-09-27,123.6005783915719,126.09738857543475,123.12599958248308,123.86356826918131,3899055,92010115,2.4980639490906764,-1.0852807405278684,=mid_term
2021-09-28,123.58693171584828,124.74705184233827,120.88512783307281,123.00233040514969,3490469,468098754,1.3760491101752628,1.8860680496329434,=mid_term
2021-09-29,121.38208275445406,122.53271321426162,120.69099868626027,121.5052700288141,4692335,299835043,1.9352478528983441,-0.4426240516481284,=mid_term
2021-09-30,116.32186881897498,116.78715212832358,115.20249591500274,115.79407997549963,3776282,147401415,3.90228858346043,2.166148063798131,=mid_term
2021-10-01,121.48580387664552,123.92854113550713,120.60953598734409,121.52901908110347,968717,363374839,4.036070469788179,-2.8814738748752164,=mid_term
2021-10-04,119.02437195704212,120.5811141986398,117.56878223895353,118.63101940007616,4330728,89507924,2.89415076357279,1.8025298424080407,=mid_term
2021-10-05,115.01711378184535,116.31984648688594,114.896779499858,114.97391509986475,1848178,344201198,0.768670476802552,-1.1825320402557307,=mid_term
2021-10-06,115.33582251314103,115.56602866033896,112.99637982103495,114.8911801986783,807759,189796565,3.2408030295914703,2.8728593209985065,=mid_term
2021-10-07,112.79363606072651,113.36851540277537,111.21188215249515,112.80764338792949,924020,475645065,4.18248208671498,-0.7168059439859974,=mid_term
2021-10-08,111.99197250392683,113.488181039619,111.20398243151102,111.67568732321692,3149833,108083472,3.739597093913104,1.0539202961679768,=mid_term
2021-10-11,115.43983563783058,115.74286979878579,114.92725006888261,114.97886393331126,1132772,401899824,2.9632737820726325,0.8508986367323906,=mid_term
2021-10-12,116.00315794215017,115.60550988497981,114.0853111894193,115.56803016030689,775157,306449539,2.170214815448015,-0.6401418501698838,=mid_term
2021-10-13,116.64819012255553,117.5514044400401,114.98162767035487,116.24620678024826,4974673,206700184,3.9832609999069377,-1.7458475136215579,=mid_term
2021-10-14,118.70388234672266,118.95748906375566,118.06159506093712,118.40077852294034,4980141,431568376,4.553763743655729,0.9001650793219624,=mid_term
2021-10-15,118.92982761525042,120.44876760403078,119.11890948947665,119.41002227208091,1553672,263916835,2.0388336684848887,-1.6971201162233198,=mid_term
2021-10-18,122.15031720173305,124.44434518166649,120.85645565103437,122.0812919446517,4762275,75170919,3.2758030985448774,-0.7573499351758183,=mid_term
2021-10-19,120.24641109699593,122.26882213669596,119.63092171386717,120.66932770775558,4986217,99137310,1.4963115579130748,-3.3312522683290875,=mid_term
2021-10-20,122.80122735837843,123.17073744699486,121.3867613232724,122.5845588493939,3156752,200634781,3.2843909215403317,1.1754858930627612,=mid_term
2021-10-21,119.78429989817613,122.26944852549522,118.10672822732592,120.35695144860242,2246578,259773499,2.1330246006692715,-2.370515654858731,=mid_term
2021-10-22,117.8448773469059,119.91390485066835,116.16668331705642,117.5771248722127,3142439,385518133,0.6859746817901324,-1.4525723838445552,=mid_term
2021-10-25,116.10757873889034,117.76404436674753,115.018100675056,115.92215540712291,4521765,194236435,2.332101600448102,2.1974003291401534,=mid_term
2021-10-26,115.69852915172527,117.79799472355947,115.14884816011477,115.85389374936076,4310165,63454220,3.8366478803423782,-1.0549376780364037,=mid_term
2021-10-27,120.45434888178583,120.2465655464028,118.61036852149589,119.87200256385974,2619801,274901380,4.263669531676148,1.8259921412153557,=mid_term
2021-10-28,120.17331062957521,121.35467011870469,120.12129379105632,120.40804303102352,3421611,61639337,1.735139161638385,0.7857943587244444,=mid_term
2021-10-29,124.49994285603404,125.02471930023485,123.50614213646007,124.02625006208469,3453302,399285783,4.054749792587936,-1.3653505616531962,=mid_term
2021-11-01,124.69956856531829,125.30754913187533,124.94988989725873,125.2948832340697,4195844,339682286,3.811167224653871,1.0202273589987807,=mid_term
2021-11-02,126.58544343499821,128.37596245953938,126.44018505704217,126.5625576596706,4485147,495528944,2.461159101184478,3.493949492933392,=mid_term
2021-11-03,124.8299593899496,127.21640351779827,125.31453283996771,125.36188424413226,1010039,154343767,3.118464261173884,1.4539158693598384,=mid_term
2021-11-04,124.63519635805015,124.87127967292908,123.2459786095649,124.48700435305136,3632388,334623448,3.7793534933746065,-1.6274419493252392,=mid_term
2021-11-05,123.03315233672613,125.4251738348325,122.53979067656422,123.53678119844645,640755,319327142,2.855695666246308,-1.3026619340202963,=mid_term
2021-11-08,125.67154017760883,125.47730932547782,123.53076422030124,125.1989979845236,4079373,116743390,1.3118737077280092,-1.196369863657467,=mid_term
2021-11-09,122.14425852156899,123.0144326887424,121.82121728594333,122.37975381202307,534885,79994737,4.490693754158453,1.1101364207143003,=mid_term
2021-11-10,127.13329595164389,127.18331974722207,126.00450274667007,126.65933143954119,4734703,247571523,3.950575861441358,-4.080839573815832,=mid_term
2021-11-11,122.71670632966665,123.19096263762378,120.91053816848863,123.13739484010966,2782310,377235768,0.908831821959923,-1.2505867291156452,=mid_term
2021-11-12,122.9672975448603,124.04435806020732,122.41053351269537,123.12948965159477,537351,475937255,3.358556160473449,2.7240284996506636,=mid_term
2021-11-15,125.29037413943995,126.79432860148646,124.79792312348579,125.25398501526583,2854780,333023205,0.5911617520609895,2.185406117356547,=mid_term
2021-11-16,126.64177117777278,126.66508163071322,125.7167674729643,126.55936283379965,870423,416231822,4.675280069375575,-1.6612021160151291,=mid_term
2021-11-17,125.55079851217468,126.05878567553971,124.56421411510452,125.4716651900315,1946752,250885111,1.9942439711539242,0.3118557869278053,=mid_term
2021-11-18,122.72756547390684,122.92533091104247,120.77211598620794,122.52152778475619,3633735,350131546,2.742772538550709,1.0722947306735497,=mid_term
2021-11-19,120.47546675137113,121.97915203978567,120.58487645391722,120.7186775861467,3890145,200693961,4.355189119415572,-5.1945488714868135,=mid_term
2021-11-22,119.70263030554084,121.8428695590231,118.37287590337918,120.12945645155979,4941355,385149157,1.2909886348487531,-1.268761993959565,=mid_term
2021-11-23,119.60635896964659,120.89293058677019,118.4818419659202,119.98704045339277,1292863,200386301,2.0464509110843627,1.9902800455148832,=mid_term
2021-11-24,120.85661652860672,122.97446366185906,118.5561741523968,120.92500333093518,3130196,204789130,3.684267659608171,1.8919850916641883,=mid_term
2021-11-25,123.48964889737266,126.1165209805215,123.30341287158936,124.07776199681769,1733046,187094102,2.024032221423899,-2.9108097392791064,=mid_term
2021-11-26,126.74570487309094,127.68660110124834,124.27191008462906,126.36411202238865,2483734,347200381,0.9928107940139632,3.518201832983155,=mid_term
2021-11-29,125.49958195646582,126.7009123657012,124.96149668842693,125.48387640775285,565859,204656292,0.5576088960846806,0.07054313412905559,=mid_term
2021-11-30,119.60043876498982,121.25505177458285,117.84860801045323,119.28271628822314,1511794,454364042,1.0136139934483999,1.5810986886607366,=mid_term
2021-12-01,118.87326992733418,120.56221878943926,117.89131032312883,119.14407466513497,3582997,117327733,4.926175595220646,1.3772380119144387,=mid_term
2021-12-02,118.94787723394568,121.80290925750295,119.26445761235655,119.4946859712642,4365812,488198192,4.088759695891088,1.810439543737495,=mid_term
2021-12-03,117.96129412346578,120.27635865123706,117.18735995946466,118.27758379218864,692085,384898093,0.9068777220338949,3.7462630474606122,=mid_term
2021-12-06,118.80234917923455,120.21850630158403,117.8214053500354,118.72276527778077,2253773,488399812,4.7512059461540606,-0.3077442845355333,=mid_term
2021-12-07,119.84944126378396,120.36661145572528,118.62536978537267,120.27343842539321,985449,298485842,0.6684345807845196,-0.2928594397520987,=mid_term
2021-12-08,120.38403683057288,121.85892771429415,118.73778971759084,120.28528462491465,3511177,296747264,2.4705834323475155,-1.1327946066096775,=mid_term
2021-12-09,118.7406811551549,119.80362482947854,117.21258073492244,119.19109683005637,1038149,394681378,2.855785151935767,0.45734297380373484,=mid_term
2021-12-10,121.05639487359163,122.71554476265668,120.13002660311658,120.97890404365079,843509,257014671,4.47844098335888,-0.8165337941362395,=mid_term
2021-12-13,122.3034282633672,123.04240212173313,121.17996054885039,122.76232327709477,3395167,484584390,4.30305559211157,-1.1630073387557947,=mid_term
2021-12-14,118.9214386960865,119.8338873676051,116.97592418836399,119.27652510224036,3945018,355480245,3.176744588422063,2.358579744464809,=mid_term
2021-12-15,121.96917396019154,122.91227705329861,120.95647644017681,121.5437089325251,3469501,373686326,1.6090382378520094,-3.366403220646398,=mid_term
2021-12-16,120.11723642193373,122.33550431280344,118.20940505009115,120.06363689660049,591572,320869710,2.4300239519095843,1.230085125620113,=mid_term
2021-12-17,119.79710878848138,119.56887813412449,118.54741086010988,119.4006218233648,2051840,441704720,4.880557141994202,0.6681621592803482,=mid_term
2021-12-20,117.04390370558386,118.46882888569993,116.442152976696,117.08950928164568,3577909,138873649,4.666188689031037,1.9948418994228803,=mid_term
2021-12-21,116.90356049790378,118.00363976899001,115.66247297985024,116.43774236900656,2624928,166513039,3.920957965905041,0.8042154401732275,=mid_term
2021-12-22,114.32105465586241,116.08174411268267,112.26425264666864,114.30512443731138,3680736,448542661,3.6388822990075633,-1.4263140168951216,=mid_term
2021-12-23,114.4084633772017,115.98214111613744,112.24131456555718,114.27745894606717,4556666,230836730,3.870029882210811,0.9847471404076444,=mid_term
2021-12-24,119.21415410835269,121.00741482120114,117.44796372974591,118.6886915975306,2770688,157753878,2.662464886744365,0.5539884491479063,=mid_term
2021-12-27,120.4618769547172,120.50659729257038,119.97420691133476,120.33056020022134,4557170,488533506,4.220426688023167,-0.7848870593863888,=mid_term
2021-12-28,118.17445487449075,120.53498385822367,118.42604117360429,118.62279523706911,1119074,109890670,1.5829914527114126,3.1028336420118334,=mid_term
2021-12-29,117.5061677138334,118.6002755233056,115.82166634198191,117.25124650747057,4117226,388492523,1.281280237960123,0.975972715816618,=mid_term
2021-12-30,121.00251925658743,120.97309272209206,118.36521470494436,120.76492924530464,3859388,172316799,4.060490010300722,-0.31704541746503756,=mid_term
2021-12-31,116.3459029833033,116.33031769928157,114.47656002335559,116.1406675656906,4019885,304144481,2.0669135010947124,-1.093361406908247,=mid_term
2022-01-03,118.05347522391587,119.52992452330027,116.16963036871067,118.53901082354547,2812829,355154702,0.8906798366003357,-2.4678333103615864,=mid_term
2022-01-04,120.13429535894488,121.48054489357929,119.46570100556912,120.15052274066498,677201,390785420,1.9594139269966708,-1.1521867505416383,=mid_term
2022-01-05,115.59133721007856,117.03384065519292,113.66593393114164,115.28264007695542,2812172,199849941,3.5306338110341313,0.5691183443884206,=mid_term
2022-01-06,113.26761259650526,113.93841795503589,113.18716834813023,113.43631220591364,2313324,307365905,4.6994491463108705,-0.1642147866954878,=mid_term
2022-01-07,117.43151282927552,117.45416348393147,114.6008832744801,116.85393823585167,4773529,221098230,2.811669028223541,-4.177561705352368,=mid_term
2022-01-10,120.36135521049752,122.28171703645619,119.919152526241,120.66889786519309,3744115,379137321,3.346312293740808,2.1220419034483613,=mid_term
2022-01-11,121.98414085850882,123.81661760179458,119.80363110656002,121.50505526649228,1620017,421966271,3.895676347115163,-1.9151724891736501,=mid_term
2022-01-12,123.04969758551287,124.56315416545357,122.50358879249194,123.16731627343599,1716708,376853943,3.1630311116031926,-0.4379267958875548,=mid_term
2022-01-13,125.14123194455601,127.0030702801261,122.93248844822095,124.58277776749827,4640971,454561980,4.726491419502178,0.2260098119086085,=mid_term
2022-01-14,122.16050986232356,123.23329872923924,121.35300660356879,121.78871536162832,1520558,421334472,4.797381554999243,1.4833324172762112,=mid_term
2022-01-17,120.10745776152939,120.72118518563852,118.47487891553985,120.66355515567402,2950990,418428754,2.4906871963771735,1.2964568180329772,=mid_term
2022-01-18,121.82960579164755,123.08234322738988,120.01963294558577,122.00134151598438,4379532,57239937,2.4600797927404767,2.4675615263514667,=mid_term
2022-01-19,122.67731819682061,123.93069825758576,121.43604733767106,122.33428626647616,776602,312310786,2.5253206360731664,-3.2434071247333907,=mid_term
2022-01-20,119.97492748689235,122.43427016439591,118.85024496765435,120.09484626275889,3983299,466313385,3.233395850059181,-0.05337105232631498,=mid_term
2022-01-21,118.2388773301645,120.53048648203337,115.93414016917032,118.24027980577806,4122202,489042049,2.401002570531726,1.9888515560565205,=mid_term
2022-01-24,120.00585259013589,121.58530691789184,118.6779206859046,120.37809295469968,3871552,294195172,4.930337613088399,-2.661675699887634,=mid_term
2022-01-25,116.19532098425023,117.27344589170049,115.50610212630048,116.72537791338885,3431286,338152714,3.909854242989322,-0.7269409877489951,=mid_term
2022-01-26,117.46696883572483,119.23323902224523,117.83789212132092,118.05643684096057,2936099,80733743,4.900807999395706,6.048341270194551,=mid_term
2022-01-27,117.55834713903305,119.66461299488023,116.64062765132131,117.80503997305492,4203722,497288322,0.6018027935368413,1.7491492620832954,=mid_term
2022-01-28,119.24770572269163,120.80205939211648,118.93955950160885,119.4369960531965,2451444,497191157,4.56775451077913,3.588436293918722,=mid_term
2022-01-31,121.69462687869013,123.57964235446536,121.51505642591917,121.64014965013853,2538492,192548160,4.079316512515345,-2.161657817233934,=mid_term
2022-02-01,122.1365107269295,123.2360093572705,120.59438836285686,121.82608303098091,4230495,366496882,2.657706808032536,-0.18601246336165456,=mid_term
2022-02-02,122.37969103909239,123.72947858093737,120.71152161095502,121.84880671495408,2787699,185941157,0.6552367171911695,-0.19610425468693338,=mid_term
2022-02-03,119.21977240798691,119.80019036684433,119.41723847836906,119.44915007754217,1711853,441562475,3.3387420200864453,-0.57575167897505,=mid_term
2022-02-04,123.63395292613951,125.1682407839502,122.7611837454488,124.21557116182917,3492056,370448986,3.7729207879893707,2.0172690375365296,=mid_term
2022-02-07,123.7891306579674,124.1780076341197,121.82451306179755,123.54725618362274,1259917,459341739,3.3836805678905066,-0.4680418111218837,=mid_term
2022-02-08,123.70419083051581,125.20749019125626,120.81272486200265,123.12042543658538,3886037,373412291,4.177275297975475,-0.7339663902439816,=mid_term
2022-02-09,121.31084816211965,121.45768558529576,120.35740909919063,121.14044963187862,1687926,72212060,4.050140556679279,-3.4119026713275646,=mid_term
2022-02-10,122.37679129385137,123.43780131807411,121.43717125535863,122.13905553989086,3638676,446813534,3.2020370998800676,-2.211416491145938,=mid_term
2022-02-11,126.30761690183739,126.52301915511885,124.43366252513181,125.94504636223449,2875427,130869308,2.5102202052588045,2.5189456680883646,=mid_term
2022-02-14,126.11333360404892,127.06661352740319,125.6605342117533,126.1623156353793,2113015,435079844,4.612389507259682,2.8537173500786954,=mid_term
2022-02-15,128.8633102279835,129.71782068784375,127.57790550178817,128.80498968965856,3946066,372876826,4.375729048690798,1.7824498938710112,=mid_term
2022-02-16,128.37297167773124,130.36696465449316,126.74098576201976,127.84173967307247,2610754,404845166,4.534979933190543,-1.3482020831967931,=mid_term
2022-02-17,131.93124006420132,135.0229313974936,131.3487204152547,132.57006511417597,4854669,307771234,4.8586277612935085,-0.08038475934838984,=mid_term
2022-02-18,131.48157539631757,133.2724281175728,129.8037294338915,131.09712212143862,2206405,220733826,3.4744222033573737,-3.820343904713674,=mid_term
2022-02-21,132.78463071772072,133.4574299156136,131.23604641480392,132.15887162521423,3011682,291091828,2.3444898403104193,1.3137834940356878,=mid_term
2022-02-22,133.59186172817397,133.91223283271063,132.94604966876096,133.21315127135,2148483,420836631,1.97161667787925,-0.12215063197990468,=mid_term
2022-02-23,136.30328966770156,136.71704890128808,135.71281380098344,136.3922895085543,1657321,287054633,1.7181081289964,0.3420600500035678,=mid_term
2022-02-24,143.25344247185436,145.71820456350412,140.63244393819784,143.15354864068004,1678254,468391948,3.419532885551409,-0.2561152298515279,=mid_term
2022-02-25,142.74301626115093,145.12655102910048,141.42448362891494,142.97026565581814,2014076,237656300,4.5414067351872,0.5300295832867284,=mid_term
2022-02-28,143.43861197383984,143.63399015744764,140.39365275448148,142.79090995134933,4966145,312899750,2.8268159288820813,-1.6178827078676374,=mid_term
2022-03-01,143.9454182528577,144.54317528186667,142.72641777354818,144.05534248202488,3548825,464309287,0.7961093304989878,-0.34673698903655253,=mid_term
2022-03-02,144.69901199416975,145.76199212510525,143.8808882880906,144.01653572282447,2632025,185410960,1.6127045677919676,-0.07269304334336452,=mid_term
2022-03-03,145.33341387450807,146.06242095170282,142.9543371431228,145.60302789924296,2396973,163314297,1.5189626479016938,-0.37237660866581707,=mid_term
2022-03-04,147.2541665915169,147.85697102311966,146.98405632963062,147.24051072168803,1979848,467088064,3.6215204895277116,-1.3792036858240524,=mid_term
2022-03-07,150.16793703794156,150.5348104877082,149.9192290203213,150.18125793125694,3133767,364776687,4.436911926464212,0.0805818514897411,=mid_term
2022-03-08,152.44281643706623,153.53248539207001,151.20646991980675,153.03077201926797,730049,81572257,2.9158233847467137,0.6364919731338036,=mid_term
2022-03-09,151.3542589050742,152.11739200846296,148.46101278322365,151.38966036876266,2724676,496252298,1.1884508670430567,3.4966312116528115,=mid_term
2022-03-10,153.90677140549207,154.53294290199608,153.26772195844393,153.621352299583,2089965,173582611,4.879087303945762,2.466449481673821,=mid_term
2022-03-11,156.5852035696958,158.64706715322018,154.78330500349261,156.66209662113138,4785738,429670027,1.1535680774847001,-2.694931999451788,=mid_term
2022-03-14,157.61576352958895,158.36388172857494,154.3757904798434,156.98644254828972,3543388,457433456,0.5272811572455158,0.42070859691306856,=mid_term
2022-03-15,158.60325124653255,161.39087102509677,158.06534880919548,159.39113793302087,3329127,487905510,4.296585851182226,2.650864816877786,=mid_term
2022-03-16,164.98402470337535,167.88523688729268,163.2857194569741,165.08890997465528,3367696,303503295,3.2941129655229253,-0.6379692263163323,=mid_term
2022-03-17,163.75521396463063,165.72998659499095,162.73688588629307,163.62225131051528,1119689,371218103,4.408724910430182,0.06159507995171788,=mid_term
2022-03-18,166.9962974082396,168.8875330390045,164.3060303369881,167.19002265874633,1091567,462855856,3.6663075072839777,-0.8346630395851599,=mid_term
2022-03-21,164.88451952642436,165.33201344993304,161.5915918690434,164.75537507600197,2107265,392081484,4.482500390695465,-0.13559441224112634,=mid_term
2022-03-22,168.86318286117813,168.90010126972854,167.83462857778233,168.04025920536412,2303482,432437048,1.3345337823804624,2.275003548642047,=mid_term
2022-03-23,165.33365488475107,165.78335516071974,163.9520193916902,165.25064546686605,1044670,390893413,2.312513641879106,-0.10972155804289696,=mid_term
2022-03-24,169.78702260232964,173.20205959445983,169.43595615820468,169.84292132256306,885227,288320354,2.5875019130240604,-0.14009031448522846,=mid_term
2022-03-25,168.31702467206964,170.77194013717366,165.78670027126827,168.70790667144124,4060159,59406695,4.8592477432961605,-3.1911178188465414,=mid_term
2022-03-28,172.74417581861488,174.2961521793375,170.6039747374272,172.29136996412964,1852136,157918551,3.865346683863367,-3.8906474413214016,=mid_term
2022-03-29,171.2215852828873,173.9620484869138,168.79662062806867,170.72234981817792,1056132,386581046,2.4160765306455323,-3.3686468159572738,=mid_term
2022-03-30,175.0639846564603,175.56963041839384,171.47017273162714,174.5269652856928,1761615,95918112,2.121146019801242,-0.9812209495149379,=mid_term
2022-03-31,173.8582981824266,176.90796539648326,172.30521226916784,173.50144659438388,3298144,214047218,1.394374450049082,1.204462539489766,=mid_term
2022-04-01,176.53327853712335,176.25671420356807,174.30562446901803,175.82847517118452,1495792,398352791,2.8482524169641237,0.9599090307013701,=mid_term
2022-04-04,181.1136230640807,182.05295010220013,178.59873076508447,180.47540858572427,2412413,54086275,4.930083977983427,2.42908526023047,=mid_term
2022-04-05,182.11062242317124,186.17701432153524,181.82303353360615,182.56841867008188,3338854,461627973,3.074331997342364,-0.16934912689466688,=mid_term
2022-04-06,181.28442373605984,185.37392614622468,179.58723391498907,181.80884019722774,1637750,96412628,3.711785660014928,0.6324064466329411,=mid_term
2022-04-07,188.2390816847473,189.09260716437586,184.8929845237973,188.12438889325728,4233502,116421590,4.560836638964699,1.2102511745700473,=mid_term
2022-04-08,182.7129803972422,184.62935604265277,181.67683629925398,182.75705578865217,3572778,353235609,2.0143432027093833,-1.0973561708751451,=mid_term
2022-04-11,178.67070225757985,181.84760133877546,179.12711871595894,179.5151210935115,836307,229608083,0.5541708063238153,-1.756812906427925,=mid_term
2022-04-12,178.14419445583349,180.41971663832692,176.13534172377797,178.63603257827714,1250190,221238546,1.1603558296025922,1.868323812576718,=mid_term
2022-04-13,181.68861873465016,184.54382056400294,179.5522207690551,182.2590124228183,2986805,153194733,1.713103870649011,3.2827169178524103,=mid_term
2022-04-14,186.1765883644283,188.5432136695138,183.7417002862393,185.42980919835114,1992429,259645523,1.556855466112158,1.9777266323223526,=mid_term
2022-04-15,181.89762142655107,185.02115448249646,181.92947175223551,182.49914936103568,1368025,242646852,3.00636655694318,-3.008200802315232,=mid_term
2022-04-18,188.46428927042973,191.3035562283308,188.16832600994115,188.71184392663156,3672680,162126912,4.823317916732065,3.5503688491189562,=mid_term
2022-04-19,190.7265643123151,193.70047216857503,190.34695791783426,190.49581234967334,2290385,316101812,3.1904503096861925,-1.060050347794259,=mid_term
2022-04-20,186.76063981008363,189.87406520470302,185.81071267510848,187.40996819280227,1605770,464184726,4.976586327194318,-1.247757515330774,=mid_term
2022-04-21,187.67398147698896,188.12729621340299,184.12894663539012,187.2694210965582,851769,340064903,1.287304329449293,0.14449950222194388,=mid_term
2022-04-22,192.12265050282923,192.5691339548742,188.6070510671531,191.85170511620723,965749,425779489,1.3670647073491997,-0.5922235605808355,=mid_term
2022-04-25,190.875749716573,192.15937928310296,188.2010012222336,190.9573654991536,3000222,146731198,2.844134046237135,-1.3668883095180966,=mid_term
2022-04-26,188.14764180186913,190.0485975885218,188.0628010008742,188.73591796206276,1670309,388013206,2.800658856540762,-0.1886648721630366,=mid_term
2022-04-27,190.76880180661476,191.1219258664715,189.5510977605427,190.39168554025275,628174,206090787,3.047912126025901,-1.1898605655443082,=mid_term
2022-04-28,191.48532521108302,194.62012601689543,191.3679349747809,192.18117313731526,2933218,239415047,2.153434228914569,3.985216699668659,=mid_term
2022-04-29,198.43120064235202,201.20510508743786,194.3843517004045,198.09542586680044,2201241,470483811,3.197396680869125,-1.9881877693930572,=mid_term
2022-05-02,201.44808128485454,205.5609459291209,199.83284938532475,201.78694085674525,3591538,101938893,1.3694527942325347,-0.8493202976161607,=mid_term
2022-05-03,200.92752802172106,202.30731962714182,199.28657636618274,201.47069001567738,4300729,375309336,1.1063715575396298,-0.11890350787275882,=mid_term
2022-05-04,199.862873283172,200.31628592833044,198.07361369460205,199.62406743491394,1749435,498910033,1.7544357271932698,-2.4726285268175268,=mid_term
2022-05-05,198.1455513861927,199.0797069948574,196.76272149138842,198.48627745852266,1198144,176185571,2.868660563520391,-2.2127805496505624,=mid_term
2022-05-06,196.08788264567184,196.9759835679213,193.78232964803053,196.5601139551127,2427002,326168504,0.9932729379378336,-0.31852339275395214,=mid_term
2022-05-09,191.99091888102035,193.8513208911297,189.0868722245532,191.28396098635952,1128477,453093939,2.433950760733049,-1.9711168642568369,=mid_term
2022-05-10,196.33914401283167,196.795646212467,193.06733559811278,196.0295998661824,2189779,205088630,4.060192681955853,-0.6899626264097589,=mid_term
2022-05-11,195.4738850212439,196.58400230003397,195.89060877591493,196.41854691081298,2252528,366159797,1.4406463541144228,0.5895677040624945,=mid_term
2022-05-12,190.072938376579,191.81046577467268,189.61339100878982,189.79977941197245,1802920,174186016,1.6815011611781916,-1.3381432237578517,=mid_term
2022-05-13,189.73874314651175,190.82037624250506,186.2603560344252,189.65405332219845,3544456,133978420,3.5324725160066044,-0.8683764656971197,=mid_term
2022-05-16,187.8586999226681,189.92861728865086,185.53583414959772,188.5381315833884,2175994,360650114,4.055752804027137,-0.19060333934730286,=mid_term
2022-05-17,189.34282702821997,190.13809036940668,185.59164866331506,188.68836661475132,2796178,450822412,4.975365371437953,1.6961709321167748,=mid_term
2022-05-18,187.4849420403071,189.09570834831433,183.92680536026742,186.74890924174827,2319665,142191891,4.455949507770906,-3.76656195735988,=mid_term
2022-05-19,190.83084308202797,191.31050516786294,190.60276564185918,190.83166245677506,2715899,485713714,4.6453293695105025,1.4602549886422624,=mid_term
2022-05-20,188.975603888262,191.71985802564268,187.70756657371044,188.36343516811294,3944974,391230150,0.9909644718227775,2.901478946245807,=mid_term
2022-05-23,193.98659294196975,194.817420228574,193.9316291458841,194.20364857937955,667052,358399982,2.410968604553317,-1.413739172418525,=mid_term
2022-05-24,196.78651898993584,197.258059662327,194.9577002010301,195.99217783906758,4989785,185291952,2.157078227390258,-3.553088938542612,=mid_term
2022-05-25,194.68201037829667,195.38197042944014,194.24464579003046,194.80805160581204,2294540,86152510,2.2438152619309015,-0.36332220492692885,=mid_term
2022-05-26,188.96736451131622,190.57657174725375,187.27586130040922,188.74598528168417,4957981,232488152,4.61531130072263,-1.780652432976686,=mid_term
2022-05-27,193.68582726151843,194.08830214595346,192.03331536016714,193.4221873542042,1663865,441345756,0.8652799823142371,0.6434577955352252,=mid_term
2022-05-30,190.9558357823061,193.5704622476159,190.83679752946446,190.98808799276867,3683885,413115812,3.0985461048074154,0.8727541914258391,=mid_term
2022-05-31,189.40815509524475,189.73929014694178,187.65723446618432,189.41652384432146,1837737,186674101,4.6770592455577304,-0.3086318044642982,=mid_term
2022-06-01,189.7809391755415,190.3175899796732,190.1979432052858,190.20758257476717,4365287,145266393,4.9796288167061515,-3.323955134847492,=mid_term
2022-06-02,190.0701171853827,190.70193496575172,188.01213522494524,190.59132771252115,4964350,333512138,3.8708437070683788,1.7083519847801363,=mid_term
2022-06-03,192.37141606865896,195.48108804281785,189.2066831898954,192.2644453474548,709331,408512485,0.7539820222711757,-1.7082070676736465,=mid_term
2022-06-06,189.6608166373764,190.34098877136262,186.82848170168435,189.16628485688665,1987834,208045021,4.838188135540465,-2.474525942547229,=mid_term
2022-06-07,183.07886588710738,185.5639166531178,180.85562324571066,183.21740089046816,4232566,259289943,2.98209668104173,-1.8560737208523828,=mid_term
2022-06-08,179.21699939022648,181.29188915591968,175.98244852518079,179.24137124330716,2880364,289833141,2.401596523820218,-3.6315067770604355,=mid_term
2022-06-09,183.228809062056,186.57520840451366,180.58534855544954,183.97152202016582,3223664,474874339,4.816834591410133,3.754618839884114,=mid_term
2022-06-10,183.61904218610348,186.97442366255353,181.4890349907608,184.36739399332242,1873682,451503604,4.56302462833175,2.3126067182059655,=mid_term
2022-06-13,184.1704015421705,185.67326240918905,180.99542505259555,184.5158022859467,1240383,405354370,1.5572787604001492,3.5179820361780823,=mid_term
2022-06-14,185.9345934360183,185.61725760638728,184.3425002044276,185.27242883657857,1226623,150680773,3.7439881796329346,0.7106975250603961,=mid_term
2022-06-15,188.29378230315868,190.83799969593406,184.75008101071887,187.70723109460207,820507,427212325,0.8952713042221474,3.168962110687676,=mid_term
2022-06-16,191.57214459265975,194.39558521426386,189.02378208258776,191.75638767054008,3540419,436073519,3.595045127713914,5.072287318265201,=mid_term
2022-06-17,196.26358331430757,197.44058100179038,196.14240205422527,196.30071689829182,2123461,428300365,2.6951134747440557,0.5605946009241866,=mid_term
2022-06-20,197.3993795674835,200.82797871264899,194.36324177356613,197.15393724780756,3906394,57247929,2.311310858239433,0.8117868259045379,=mid_term
2022-06-21,199.25361913278198,199.615144417406,198.27833270490785,198.9561783291999,1300071,466004908,4.640904928397019,1.4518209569080738,=mid_term
2022-06-22,196.25229657194006,198.67907633568157,194.06081091208912,196.75033468613623,4900296,388286447,1.2602562601630716,1.0556505470489868,=mid_term
2022-06-23,190.24987932938572,192.66289342877522,187.40007010195473,190.72285031607223,4039032,378763972,1.238815627383476,-0.2502470854092046,=mid_term
2022-06-24,193.9663258055891,196.03249075007912,193.27235589036627,194.28050973704887,1580558,301991934,2.5954396311765553,0.41675117334436235,=mid_term
2022-06-27,193.56500645589523,195.3796510335678,191.00364873315317,192.81051371069083,2025170,107966234,3.6963492835635336,-3.9328539907489617,=mid_term
2022-06-28,196.052456083914,196.89222803953342,193.14536183849873,196.52560449501016,1848141,159015824,3.530425262517738,1.4186240743061487,=mid_term
2022-06-29,198.27308023779048,199.73007431303023,195.21470645813025,197.3438794101283,1496802,381099289,3.6037605299566327,-1.3419624847035276,=mid_term
2022-06-30,201.00173498852868,201.65243911345942,201.01527747767517,201.2160282875966,2116044,402524149,1.2864189747724981,-1.4028670424668528,=mid_term
2022-07-01,202.17941836899752,206.4924007793946,199.2706466020308,202.8650050230544,3335679,147995065,3.7278146882268532,-0.24308659952373463,=mid_term
2022-07-04,198.6843872935423,202.35339298465104,196.4776071506587,198.80275934976646,1761006,367780788,1.3412099121265517,-0.26925630555366,=mid_term
2022-07-05,196.7836827299758,198.53572586553165,194.88671657978398,197.5113381092489,1225048,442773917,2.6922545590706037,2.155272911724928,=mid_term
2022-07-06,195.3339213085152,199.24261172472026,195.15886521414214,196.21658879892476,1470339,430173029,4.771516709175336,-0.6395357277485775,=mid_term
2022-07-07,204.4596958887714,206.85190570363582,202.2468496730152,203.69059133453945,814005,79982807,2.1689251844107966,-3.190740395541281,=mid_term
2022-07-08,200.4167477877108,202.9913458101105,195.99757207280012,199.8384272824106,2259110,110870449,2.0572777057975005,-0.4055150951585415,=mid_term
2022-07-11,196.28984335102726,198.8565335899308,196.8052415571829,197.14575456604084,4190893,227502252,1.8783168492002877,-0.7223451491229173,=mid_term
2022-07-12,189.76525449207554,193.99811038206983,189.61773571914313,190.65634298242884,772832,460022144,3.67808875066557,1.3318294136478646,=mid_term
2022-07-13,189.69853775014073,191.1811568024426,187.93304124614025,189.57782237151008,2664503,314922220,1.7621845044339313,0.6251571847037428,=mid_term
2022-07-14,187.4340687696669,190.8018787235625,185.9271473101978,187.35633893716718,2915938,434730479,4.0279656596284426,1.8098700784637782,=mid_term
2022-07-15,187.35153844893793,188.96046276268387,186.4121244301816,186.75305424240244,3928179,259730010,1.2478632499459565,0.9292006292444485,=mid_term
2022-07-18,185.6710391531742,185.7263088794961,183.83341995329621,185.27661523393473,533434,136233102,4.2372364730315635,0.5466756393057303,=mid_term
2022-07-19,183.31014324709068,184.60021202529256,183.15220148161492,183.28185267528372,1010295,244154385,2.452008132177248,2.2258655114341215,=mid_term
2022-07-20,188.37100865918734,188.44641695143457,187.0414855847526,188.2621111088406,2919273,422906019,1.8761430582041414,-0.3761408905001197,=mid_term
2022-07-21,187.40966349178345,186.789436575791,186.03850134019342,186.64730966762045,3537967,239834153,4.51293843773253,-1.706938010314289,=mid_term
2022-07-22,181.5125708201633,182.1475847249602,179.84363555483708,180.8411189947933,1182603,185315914,4.190657902293742,0.2924228316909809,=mid_term
2022-07-25,178.00185011037686,181.09027873958698,175.2556851669122,178.29549457348827,2455505,404642100,4.585828433777344,-1.138376943831207,=mid_term
2022-07-26,176.75315237816216,178.3432609491608,176.58377812096637,176.68022160404854,2231487,87225112,4.556194561977579,-2.6496647713436237,=mid_term
2022-07-27,174.35288883878792,176.28915467365462,172.41804819897192,174.7909224259201,872621,106573290,2.492731622780613,-1.95739622702864,=mid_term
2022-07-28,175.51358990923075,178.11708997080672,172.0242759889474,175.11108085950244,4061282,126090569,4.35868764329128,3.559051345179916,=mid_term
2022-07-29,172.78594362421657,176.1113183198553,170.2545585959079,172.72077934384967,4161602,286195128,0.6432376558284307,0.6683240128775041,=mid_term
2022-08-01,171.0741722079442,172.0005126295373,168.8621450877044,171.78170156352928,2788434,73372496,0.6437426612636429,-1.144500377268713,=mid_term
2022-08-02,176.7588303332924,179.41968006242928,173.50783146210867,176.33517250471417,4872415,484956536,4.406240268468404,-1.0162819782264643,=mid_term
2022-08-03,175.49745525780978,178.44162236333787,175.30815351797392,176.22663063650756,3145603,335823538,3.774505041938194,-0.37687376038914033,=mid_term
2022-08-04,180.04759075344242,179.4522946805066,176.1547388309598,179.36519775113436,2143567,275216939,2.6702752369521763,0.6462871002478862,=mid_term
2022-08-05,182.66452217881357,185.27195372557205,179.311215709661,182.64732800621175,2323893,232455378,1.376593059170075,0.790431342479199,=mid_term
2022-08-08,181.87474497069545,181.69549654475682,179.3647162566653,181.35009780338947,1222295,256278500,3.1636533444309616,-2.48575846986682,=mid_term
2022-08-09,182.09969222786006,184.13445598289343,180.17763296138938,182.15280355288348,894223,170935312,1.5309959795598997,0.9183015629629769,=mid_term
2022-08-10,186.30730531880985,188.37432764694287,184.34226786374688,187.00876766735908,2422504,497696547,4.819508081853292,-2.1593838560854817,=mid_term
2022-08-11,182.08765765575134,185.1862865259404,179.56265634882448,181.81801349918328,4038289,164782916,3.9725929931326176,-0.9010597642323339,=mid_term
2022-08-12,183.3893909292937,186.70286280908536,180.85822025566716,183.3703758948799,3033457,156799261,1.8874605412545555,0.09512414871792826,=mid_term
2022-08-15,177.52955093298766,180.2445560238575,176.57064652375254,177.03299306876718,2251595,351254986,1.0235522738120997,2.7788129536259505,=mid_term
2022-08-16,182.3027653997762,183.25066207965963,181.3274250639664,181.89130322903023,3627495,137980086,3.464363501318043,1.4410367181516868,=mid_term
2022-08-17,182.32261772491844,183.38998657642864,179.43509546480013,182.78826943990435,4717263,188235291,1.2036253186205452,2.2776079861665637,=mid_term
2022-08-18,178.9957409204609,182.21035471124958,176.31435940943052,178.8545327003864,4566676,465203853,2.3019856195395683,-0.1605044796837931,=mid_term
2022-08-19,183.09479636783377,182.48794627324503,179.0009451159108,182.3123918910477,3352852,168344530,1.1951907253227674,-3.077723783486855,=mid_term
2022-08-22,186.22247830586923,187.98656806173804,184.8698379199726,186.0422481395692,917970,154961911,4.725514397496365,-0.8693091007508519,=mid_term
2022-08-23,184.92597291542782,185.87706821635075,184.99559678877296,185.24219371306415,4406407,478003531,1.2732269770531977,-2.296109370023762,=mid_term
2022-08-24,186.99241142567206,188.30265034579887,183.8572938526255,186.32037167422467,2438856,465155202,0.6721337742358494,-0.9154265620495523,=mid_term
2022-08-25,176.34848799156242,180.3001366288752,176.60027843595248,176.9651527816848,3788218,94397346,1.895435785119513,-2.99929514239598,=mid_term
2022-08-26,174.45052125468743,176.91459366143317,174.33443878229247,175.11646728011033,2836694,103758527,1.3160001543407522,3.950486989133893,=mid_term
2022-08-29,175.63696901075198,178.86341551943767,172.79952612710719,175.59017930762624,2295740,261279333,2.0226080666707364,-0.48249904826285295,=mid_term
2022-08-30,177.52324832205178,181.23607300294748,174.7247331765373,178.27944787818703,3887260,260611102,3.6346336796844656,2.0323627087117364,=mid_term
2022-08-31,179.27231577561994,182.02215075925622,176.12462489100642,178.93193323454406,4761858,470609858,2.2049012712045397,-0.44810793074468763,=mid_term
2022-09-01,172.44594923951314,173.9948877474202,169.2720896787862,172.6417080054534,2403656,84169322,3.52676823326345,3.0851562736882294,=mid_term
2022-09-02,174.35189415104074,175.6276058565839,174.85442895087286,174.92943470484565,3023875,280619551,1.7261963306741595,0.604309460717308,=mid_term
2022-09-05,176.7973659027548,179.9778350824246,175.09029273915917,176.93407791659752,3716035,482187627,1.2197965677260618,2.7550492670498152,=mid_term
2022-09-06,177.66304545267383,180.54463946299802,177.81235541563868,178.46613549257518,867644,323636420,4.062062721699061,-0.7295754585202132,=mid_term
2022-09-07,178.73681401854392,180.6760889017774,176.34245917458162,179.06401559820262,3146028,142792112,1.773523397375595,0.03981042954351348,=mid_term
2022-09-08,181.4885455863291,184.81201327871725,180.37368760013004,181.23083375528253,4061942,286888891,2.915811578054745,-0.8867599816895799,=mid_term
2022-09-09,182.8301011883439,186.44477675935195,180.08079963576128,182.79207328495394,2498031,466826872,2.3598995773477904,-0.7829676909709576,=mid_term
2022-09-12,186.91382983762807,188.3263324462866,185.45056331926784,186.66242596193806,1648189,216964357,3.844168625534345,1.6519596504084613,=mid_term
2022-09-13,191.01044279157506,191.03383984235631,190.289338633934,190.54063372206755,4073207,293143169,1.816530302738801,1.791734943999171,=mid_term
2022-09-14,188.74533609266544,190.3019946072277,187.2609100388285,187.81893258277307,1793217,363540546,4.214190403537643,-1.1652763962423733,=mid_term
2022-09-15,192.86286881995682,193.87123630295451,191.75079278517848,192.7179946363461,3152495,359664874,4.686559488331299,-2.051273278823564,=mid_term
2022-09-16,195.01111307367344,196.88455330917856,192.20288052206897,194.39265965046934,905561,141341444,3.611123413582262,-1.4152459838646452,=mid_term
2022-09-19,198.44261845016297,201.46239729776167,195.75346037680075,197.73021054440096,2432117,301469428,1.248021149446815,-5.2387296579832645,=mid_term
2022-09-20,190.61895274521936,193.2138205575203,189.491164535019,191.19756701122145,4112022,458048394,1.0209307308135616,0.5809784424980856,=mid_term
2022-09-21,192.07276310671756,194.58931547343934,191.7759598344325,192.68825521848208,1214391,373106431,2.6312071998990745,-1.43170543058643,=mid_term
2022-09-22,197.93315102702937,198.60660365660556,194.11838940608402,197.93288020568448,1955601,242666116,1.739355589090744,-0.9955998222482845,=mid_term
2022-09-23,198.70180795688296,199.49109420049086,195.39104703250695,199.1971098067852,3739211,138625808,4.373936594807542,0.5349006577525078,=mid_term
2022-09-26,200.4886783554292,203.82470377216353,199.66619272894894,199.8797342377492,1565891,271184212,1.9441350950142708,-4.324411242040075,=mid_term
2022-09-27,202.29434849638494,202.524117011675,199.5564653967313,201.70856118715682,3642065,79792975,2.0194655092635467,-2.6339950506567025,=mid_term
2022-09-28,194.07848744374323,194.98141129828446,192.0823298696753,193.91202478076394,2956375,345237764,4.6758778616878125,0.7668897760852551,=mid_term
2022-09-29,194.080818274626,195.3644271823918,191.0215277787429,194.84788691550946,3655828,258437867,0.9920723401571563,3.265732883993431,=mid_term
2022-09-30,192.5417814961693,193.5627403871887,189.32889108354462,192.8582252848091,3678725,252746140,1.4148648152638803,-1.499946887594869,=mid_term
2022-10-03,195.2481476505446,194.9563828460216,192.7992287545128,194.5766303458431,2875266,413970753,2.382171467733569,0.6049311978342069,=mid_term
2022-10-04,193.76573053840295,194.93796779526278,189.84740677117424,192.93948635043165,889420,372866539,4.004691801811666,1.152227985844797,=mid_term
2022-10-05,191.68368459067702,194.64947345933413,191.07091849326704,192.52180508220422,2918139,458377102,1.5552944561638857,-0.7479834972728768,=mid_term
2022-10-06,193.0419977908645,192.70553914701327,191.90868125385194,192.26416905625612,4965941,181722638,2.9495752607380714,2.3060866939451854,=mid_term
2022-10-07,189.14026561925215,191.09378639832227,187.9325940812295,188.95400749750834,2520831,473339186,0.5807036892446114,-2.41749239868972,=mid_term
2022-10-10,194.30696483285243,197.0304903913593,193.89085269432792,194.90344774354924,4246642,333718790,4.6264819617489366,-1.076944642564579,=mid_term
2022-10-11,193.5154641058903,196.8071524160654,192.90145850050973,193.58214169125725,2079578,458218439,2.8054317136651563,-0.01691880052874936,=mid_term
2022-10-12,194.33939519005062,196.98577829473126,190.41888603727304,193.53767110225365,2003850,449126086,2.5668808157511545,-0.5780877877167766,=mid_term
2022-10-13,187.15391807173012,188.39048963971533,185.48910374126504,187.60633873761498,1680059,60232202,1.9867529913468964,1.0069713134941254,=mid_term
2022-10-14,186.44748919653625,189.67387130084663,185.07185616839593,186.4869238592162,4711544,480327252,3.554771261117059,-0.6534823774273213,=mid_term
2022-10-17,180.67699337391514,182.41492366057432,178.086450936161,181.0485445004245,1053490,105612981,2.44522902917525,3.174754174908393,=mid_term
2022-10-18,179.45461736129815,181.97842322361362,178.82345195979482,180.11503840826848,2032410,70188424,2.926138598543158,-2.3819551375568233,=mid_term
2022-10-19,175.11919059316736,177.64735572041087,172.0817761330619,175.044851232645,4152937,221489860,1.8186200125080525,-0.1449195734795904,=mid_term
2022-10-20,172.84136038122844,175.34849945097147,172.7974446934862,173.032646312542,3677920,412936593,1.9027549718573704,2.953019570066044,=mid_term
2022-10-21,177.91328724721535,180.84870234369222,174.62714657635397,177.58191644226056,2642394,223144006,1.1470230706572697,4.124716869432264,=mid_term
2022-10-24,179.7485023537414,180.54261776839274,178.62125220254694,179.55059854492782,2820698,182389762,1.7345444137225412,-3.278048388651793,=mid_term
2022-10-25,179.10945375973057,181.7567426214144,178.3748114050809,179.57496648276143,4666191,101039913,3.56425236595635,1.5801077797379428,=mid_term
2022-10-26,179.09681923778135,180.20541650436212,179.59247052134793,179.93929629067907,1234045,84527686,2.1967762514537474,0.6582388398159698,=mid_term
2022-10-27,180.80110956500653,182.57605477147618,177.68591906582424,180.12404648639222,4391770,123856217,0.8788092199413196,0.28309466514553033,=mid_term
2022-10-28,182.4752654976217,184.65961668387527,180.18064881835426,183.33587304833608,1837001,193027110,4.29761123172773,0.8722417002528203,=mid_term
2022-10-31,183.3895840558776,184.36567317046354,179.77457246003388,183.44002759093067,517089,257002012,3.4910779282938793,2.9681771853459655,=mid_term
2022-11-01,183.57269635508757,186.24453179415517,182.17860157095657,183.38283791191918,3178702,435630508,4.492685917132389,4.908715765211035,=mid_term
2022-11-02,191.6609407860207,193.60648416333626,190.6456698030805,191.70259741170602,3668337,317837367,3.5499506666354463,3.100228571767454,=mid_term
2022-11-03,193.42118573765583,195.19226919992465,189.57979390200927,192.58796630943178,4890707,398940546,2.5726028769556315,-0.05344024413016137,=mid_term
2022-11-04,191.1675261266376,192.39092071748513,190.10062239126626,192.049343304498,1896094,260641950,3.323946841431716,-2.92419615250758,=mid_term
2022-11-07,190.5682257353012,192.68937624385032,188.57974399951468,191.3714847937155,2686988,487594597,3.1292816547599687,0.40644157472771253,=mid_term
2022-11-08,194.1439750243729,193.87806090421643,193.058759441377,193.56733257714345,909155,372782372,0.5566657383025302,-2.974541585255212,=mid_term
2022-11-09,190.66695424007452,193.1379672491168,190.81809554036275,191.0511690619362,2636201,120389883,0.8821207675589262,-0.46428841388458036,=mid_term
2022-11-10,195.0657800706161,196.4123145525609,193.47991220146255,194.13402409163015,3624281,75354887,0.964483119978857,1.231451333437996,=mid_term
2022-11-11,189.40878333694985,190.25071024812507,188.95932369677382,189.42340215956762,890542,282567232,4.695320844607989,0.1497861091781484,=mid_term
2022-11-14,191.58473407680225,193.09395853540565,190.49101916913617,191.3025718971646,4726856,446970434,4.374314033580918,-0.45421125142544533,=mid_term
2022-11-15,191.24762951578919,191.61710805306348,190.5103424874124,191.24859542941329,724017,459010577,2.733657239663036,1.7187850400488842,=mid_term
2022-11-16,190.0012461046949,190.44447307006507,188.27069764827243,189.53464759167255,2852534,172439597,1.535835462920267,-1.658075811843426,=mid_term
2022-11-17,192.52521150990887,194.62548468298124,190.1022028454165,192.9173463508718,3121711,370334761,3.3256520548733626,0.07262618028442039,=mid_term
2022-11-18,190.61594198688493,193.668249924077,186.34406190542055,189.9381124087649,1888137,264618069,3.6704920251076585,-3.506582165269755,=mid_term
2022-11-21,193.76340171759426,196.1955965263243,193.9005820199406,194.320961490575,4148834,176493924,3.9679251944030387,-0.8878954355927294,=mid_term
2022-11-22,195.36851265836327,196.991978285103,195.8304164835354,195.9255456370463,1897528,260660481,0.7478109660362853,-1.945511743787068,=mid_term
2022-11-23,193.1415548725692,195.81482817023266,191.25921277812716,194.01896823960655,4973602,349249672,1.175513595277104,-1.4337923285962044,=mid_term
2022-11-24,195.07401788701938,197.20013346561865,192.05622098543725,195.83743072373255,2973874,484636161,4.537001976984087,2.4908529174144207,=mid_term
2022-11-25,195.90767672868867,196.92943101813117,194.57905837373218,196.15981629450386,4260581,203523122,4.774404560487906,-0.3973181091493235,=mid_term
2022-11-28,192.44278344159684,195.09940995065338,191.51402059566024,192.97138743967642,3858930,312694930,3.0725310736682285,-0.5339940349775498,=mid_term
2022-11-29,190.74357304157152,193.81657028902822,189.31223845865293,190.34380308718255,4194200,478821924,2.05985198026792,3.6950668055258493,=mid_term
2022-11-30,199.2510314722182,203.26443939402375,197.77834239205308,199.3172219895501,4384035,382168355,0.8571074548085122,-0.7444178528814719,=mid_term
2022-12-01,200.98330774023557,204.62017287317275,199.05084671448103,201.53048796635338,1842195,176870853,2.834407490678951,-1.055475624903909,=mid_term
2022-12-02,202.86668333141915,204.3140938159927,198.5685712844788,201.9066118784263,1155248,277536785,4.494602366910535,-3.6513847745310337,=mid_term
2022-12-05,187.8958111601511,189.66443420341335,187.5803455635612,188.2833116175994,3138957,361608351,4.961497564943592,-1.1509059960941528,=mid_term
2022-12-06,193.13049734624846,195.0169025960084,191.6921977288024,192.6992250262368,4768671,119305064,3.97332124840838,0.533077476453698,=mid_term
2022-12-07,183.50730884481683,183.96726169497774,180.93503401294586,183.9281811758325,4044490,105164461,4.7793939769099545,0.3459297075200636,=mid_term
2022-12-08,181.89621406294538,181.8541121675873,179.15666617687683,181.77313265190034,1743233,425672606,0.8041826898947608,-3.5829237226125294,=mid_term
2022-12-09,186.30384560815884,188.348867408321,185.36389476730102,186.03667917351908,3516332,104040622,3.121184035644246,0.4356627846021913,=mid_term
2022-12-12,181.32305192350913,182.6610820750088,181.62125871000305,182.11236055337233,4567694,267608744,0.6589887280284014,1.4633699902255073,=mid_term
2022-12-13,179.55728801880676,180.0108099761579,178.4299342100827,178.78002804345022,650891,125785523,2.874440755153919,2.584367016303833,=mid_term
2022-12-14,177.38183823752163,177.49488958086633,173.77935938536473,176.950678392195,3022430,279394765,2.3876625509188134,-1.0854362948976264,=mid_term
2022-12-15,171.24193310434114,173.44202559398354,169.82737154002257,170.88920150084132,752480,352511410,4.690589834532377,-1.7594188650691833,=mid_term
2022-12-16,166.29160193633362,169.24637048953105,163.93650417651685,166.1391448570935,1512499,327787307,1.300299723747231,-1.5963653747725097,=mid_term
2022-12-19,172.24206424417062,174.0177850805013,170.10634821382618,171.95324050328696,1901034,487568963,2.3911390696882293,-2.7121789919884605,=mid_term
2022-12-20,173.2762784073551,175.07073957264544,171.24171108707097,173.95571140721103,3117446,496037049,2.6483213512682373,-2.274453849778665,=mid_term
2022-12-21,172.44617686197108,173.36693478012933,170.18535641402732,172.82356339274455,1218609,213050228,2.2192112600565057,-1.356154881056613,=mid_term
2022-12-22,169.19447470414244,171.80808429734608,167.21637228657403,169.8064353199508,1594816,137056434,3.643186237427683,-0.2020972224867217,=mid_term
2022-12-23,168.22118557129625,168.2656092853805,165.0109288366791,167.39540863530848,3873531,286429630,4.009012876789823,-1.3218007859883378,=mid_term
2022-12-26,173.95466476114478,175.98342909261544,170.72490178687318,173.45562018909044,4728908,343672668,2.94666015045375,-0.5629599992707438,=mid_term
2022-12-27,172.44938351618572,174.27805905474466,171.29396379526494,171.8773936309327,2198862,89418043,3.2823752343210435,-1.8828122123715483,=mid_term
2022-12-28,176.85881566339023,178.74709263887578,174.33558609821793,176.61707064131866,4281198,164483510,2.8214849510791833,-4.582908584821314,=mid_term
2022-12-29,181.60613968943198,182.64993406099086,179.97559856035082,181.3151069513889,1610731,461204687,1.1605414875145064,1.918447555322223,=mid_term
2022-12-30,180.25802858506063,180.64698115069604,178.7276529775409,179.93518200636373,1726737,317297655,4.630693938681352,1.6693886057139626,=mid_term
2023-01-02,181.4750946178999,182.40564938793767,179.7378144121979,181.6659585247796,4830020,119220401,3.1688048186526565,-1.6668953030717037,=mid_term
2023-01-03,181.95835629079468,184.8244150066745,178.9929284816633,182.15428844642403,4873559,494853030,2.9459243394643972,2.0743272450573342,=mid_term
2023-01-04,186.52603140261212,188.39903236964915,185.04791367141092,185.61833942401432,3174299,422115145,0.9328018463348157,1.1405289629067807,=mid_term
2023-01-05,182.53038960888478,184.83414840060948,179.76866338906595,182.54750041937197,4921360,89209579,2.5084254241460635,0.006967250248456287,=mid_term
2023-01-06,176.00186685995035,177.71711403766824,174.19738015092696,176.60125190016348,2394761,333871475,1.3789115571873651,3.078179999228176,=mid_term
2023-01-09,174.58196139866394,175.4150347128504,174.4134585038083,175.1560076455034,3390983,281094318,3.0019418850725623,0.7738341189610622,=mid_term
2023-01-10,169.9464026975521,170.53636097194013,169.28651455950356,170.28738782955128,3177955,234419806,2.828594501310261,-3.4199838261546844,=mid_term
2023-01-11,172.54315054462327,176.10534001389806,171.6829967750971,172.68624130836278,902342,417257443,0.8866320903471618,-0.6761783897946312,=mid_term
2023-01-12,181.63692000665966,183.09994072502224,179.203936298727,181.30222701622856,4667002,165486737,3.7150536951987703,2.1674824595033075,=mid_term
2023-01-13,183.14031834068035,184.8598540740134,179.75206093853174,183.3325751248293,1410675,175604937,2.7724328562166796,1.9724047802498532,=mid_term
2023-01-16,190.21060187358378,192.5168507402898,188.9979367478934,190.9322104312668,4785172,85994408,2.467678965104267,-1.0833631716516596,=mid_term
2023-01-17,199.73783555762233,199.9916162799324,198.28540956346782,198.79647253480059,3505503,120076969,4.697838932179725,4.450450013855553,=mid_term
2023-01-18,193.66929881439364,197.15457711199306,191.44456323654632,194.47539678171285,886640,427191933,3.338660105389644,0.0005903018416640048,=mid_term
2023-01-19,195.68974369363812,197.88528525329107,192.88198276129398,194.94001962283215,3729812,354462907,2.9958730437295364,0.03730045964995099,=mid_term
2023-01-20,196.49436540014185,197.9880280855463,192.89993048909432,196.57022542378488,1211803,289433452,1.983632408594612,1.6329025038078235,=mid_term
2023-01-23,197.98523094365862,199.34079779183153,193.40620598997643,197.2889970198003,2545015,205565443,4.514724832234801,2.083646988871544,=mid_term
2023-01-24,204.37392006352147,204.8600528796169,202.23764748161068,204.46875524095987,1113181,461203950,4.598027065223381,0.7327096756908157,=mid_term
2023-01-25,208.49349419307674,212.62783592852318,206.06590327586986,208.82758470254566,4148500,175010350,3.815705121464118,-2.3808325353898225,=mid_term
2023-01-26,205.4761477529888,205.3810722042977,204.1832563015224,204.8005233622123,3893756,235698042,0.8137160580438094,-1.547956130786513,=mid_term
2023-01-27,198.64297870458526,199.39328819638104,195.03228518683835,197.75277805019718,2075957,278570835,2.0651835287571343,-1.7829575879250057,=mid_term
2023-01-30,203.31849302378583,205.9552521917902,201.5925427187029,202.57420562712147,1430213,351772198,4.44116378313169,2.4424561849433557,=mid_term
2023-01-31,205.72668304229686,206.03991548069752,202.27828819178723,205.91281777283015,2252070,145102907,3.4756056410182827,-2.534448349358403,=mid_term
2023-02-01,199.12798902355078,199.00123441047114,195.98686609374067,198.17262977786655,1531534,95195352,2.5331929672999696,1.9248665568354397,=mid_term
2023-02-02,192.41994523366543,192.87210965125334,188.2172670687118,191.74224155737986,2575813,455334855,2.8672027840681684,0.026952513935796663,=mid_term
2023-02-03,196.46740846193075,198.88138154529253,196.79011353079332,197.16190246771038,4597132,76909713,3.4729615359646333,0.24537506642723045,=mid_term
2023-02-06,201.42741652998924,203.60044830831515,197.03688306489468,200.8615790270348,3766102,74405299,3.735858812902546,-0.98465598027742,=mid_term
2023-02-07,199.39895386138193,201.7144679076618,195.10438164147698,198.68789579546004,3955484,192748101,2.3804960938717326,-0.035363180517760794,=mid_term
2023-02-08,201.04190767296413,202.199357439054,200.10595937279516,200.2183058787346,742709,141433456,2.256185426654523,1.2801968303464188,=mid_term
2023-02-09,201.1257014642601,201.03827612341524,199.71919751898457,200.21755510437117,4568647,393832267,1.5824325352235544,-2.6156978903113712,=mid_term
2023-02-10,190.63461502398144,191.14579137321434,187.69308720121316,190.38773011479012,2835577,195333774,1.2792516985233955,-4.6655567350965805,=mid_term
2023-02-13,191.1431220479932,193.00533552083053,189.0997463087406,191.3682401528444,2976835,282991457,4.577460724989841,1.076189099068015,=mid_term
2023-02-14,191.2089989697623,191.672086355294,188.4662191522661,190.47046022564186,3625454,102012227,1.9036874342482162,4.4068354301887425,=mid_term
2023-02-15,191.75135858418693,192.79766983852167,188.89694031992687,191.64146781851542,2441720,200200486,4.978746164359468,1.1782463151394236,=mid_term
2023-02-16,194.12700943118077,196.6644030086397,191.46917512459902,194.6924591281147,1412307,308401834,0.9302115232740571,-4.122855341490182,=mid_term
2023-02-17,197.36517904511103,201.54734254433188,197.28016427992205,197.82472008304904,2076483,453726199,4.241485942889886,0.2953319563455442,=mid_term
2023-02-20,202.12475485402433,205.19023441231784,199.77302451991528,202.21822157958496,868373,218753443,4.121818875859063,1.341565544199906,=mid_term
2023-02-21,195.7382067812272,198.05589444318213,192.217217632266,195.91285542074385,1325499,103810772,1.3266708253349224,-0.006149889957908255,=mid_term
2023-02-22,187.92270603440372,189.13390562385098,185.04325322451984,188.34687695779436,3697261,394373137,0.6353107611088176,1.154539423686204,=mid_term
2023-02-23,185.75927796303532,187.8815856123034,182.94027613667936,185.19812533906963,999269,58173968,0.856800961344298,-0.15851830780411863,=mid_term
2023-02-24,177.58044178999862,179.4146223007665,176.92943119776066,178.20436607530382,1103825,166597304,2.7474871574436204,1.8522260583435946,=mid_term
2023-02-27,177.21284518067384,178.7777756524172,175.21831126914813,177.22475850699405,2712851,157207087,1.1260817796432567,-1.4919879630207353,=mid_term
2023-02-28,181.90584219600325,185.8610186536093,179.12051801439162,182.35406327286844,3182998,122531535,2.3257006003831355,-1.3829404322859122,=mid_term
2023-03-01,181.80965058500504,182.53742077585918,181.6154365569707,182.29807247003336,2903945,114223910,0.855206825827582,0.7277023037442928,=mid_term
2023-03-02,187.73798902714984,190.21255963689205,184.04580375976724,186.94505591080824,917359,137233973,4.257508919662197,0.562515805826805,=mid_term
2023-03-03,184.592449050297,185.9823501884723,181.8667479130505,184.2553895687771,4218304,366274406,0.5974593544746163,-1.7862350959296398,=mid_term
2023-03-06,190.63529631568616,192.013103762912,189.36626215599853,190.95955474541333,3579926,409992343,4.748536017241098,-1.9234378316349856,=mid_term
2023-03-07,199.89748922450747,199.91206329613465,197.51573821505042,199.12374372716977,2738435,167440776,1.6546476526171787,-3.4772495197175246,=mid_term
2023-03-08,202.26384878415288,202.81703530964216,198.38863045457578,201.58203497640622,651497,126915997,4.941215762922524,2.8800189606146605,=mid_term
2023-03-09,204.5708505801256,207.45436420619126,200.6692861773641,203.80504524113823,823595,182124750,3.09675512718688,1.8160152738844448,=mid_term
2023-03-10,193.8901306916579,197.91740057269422,193.2457849176983,194.203263426467,571832,61783627,0.7791403749275791,-0.33573323786593423,=mid_term
2023-03-13,189.6434991218917,193.87866225672886,188.6647193830775,190.39109135539744,2570391,115425081,1.594021740872999,0.7251173720199753,=mid_term
2023-03-14,194.96147415252676,196.80354512077986,191.1114224796562,194.04403535169,3283891,454081809,2.814013927311688,-1.089469442609137,=mid_term
2023-03-15,195.14323477494113,195.77046922067805,195.10445323773754,195.33399547626348,2433710,52957704,4.325709929890667,0.8694547481180536,=mid_term
2023-03-16,193.1724390784377,196.64245260972393,192.15609954805555,192.94295331742202,3121850,88976377,3.8563779982388584,1.882202325255693,=mid_term
2023-03-17,192.77768026827778,192.21148899476177,191.01000312453016,192.10525438936583,1909347,450070877,2.7302297939566147,-4.843795888753771,=mid_term
2023-03-20,197.7764816467765,200.18612976863486,194.78698031008253,197.8680557338426,4366407,264232414,3.4825613800514437,1.2309663063919831,=mid_term
2023-03-21,198.35788294742585,201.1417423960545,193.91747629050403,197.7556025232449,4309367,215790300,3.701583582264708,-1.9930181893774144,=mid_term
2023-03-22,199.3382547185962,201.0651919511592,198.05990820570693,198.50699037923889,3970397,332123414,3.4428283631319947,1.7479885933212511,=mid_term
2023-03-23,195.03906906685657,195.29689621654353,193.64844282459106,195.18799804407678,1882243,178496286,4.022259401406858,1.4800217229780708,=mid_term
2023-03-24,195.86957173987898,196.1815480535798,195.03592648134625,195.08309144520982,2028847,404014901,3.3452915523232805,-0.3164597940016312,=mid_term
2023-03-27,196.63889525373196,197.24054091563085,194.95212879551903,196.0490090667382,3920108,469732904,2.32463980283816,0.45967471054999864,=mid_term
2023-03-28,196.21021168632123,198.2767377415836,194.31413849290655,196.48873678032098,684207,410224616,2.407636182490057,-0.5945988999096853,=mid_term
2023-03-29,196.6806460930526,197.23573325455268,194.44686704592098,195.9256168159735,841218,327867598,0.9284158515088659,3.451928485178175,=mid_term
2023-03-30,205.27380923051257,207.65484033913452,203.47176704893516,204.98555070043457,1775387,434600113,3.5205885965512165,3.86926785313468,=mid_term
2023-03-31,211.00925758188575,213.30657803485596,209.1207505012293,210.30719575408838,931743,299145365,3.9743852556213626,-0.971753920707087,=mid_term
2023-04-03,212.68715588605133,213.60834896160543,211.85779110806652,212.2514677159633,901914,206097102,4.190188863534298,-0.514608533343962,=mid_term
2023-04-04,212.57214592735693,215.31305572624842,211.39490394966268,212.1805592348677,1714666,370072339,3.7788831274914285,-1.2391310554053963,=mid_term
2023-04-05,215.60613677205637,215.8815823010363,214.23145488572914,214.92622527154265,1792953,404237249,3.314054254124371,1.9765111098024766,=mid_term
2023-04-06,210.42211488710907,214.44766272956133,209.18176336471143,211.28448675172285,1206123,362456419,1.4886556104042687,2.2871494902703744,=mid_term
2023-04-07,209.38472807030035,211.00181621324884,208.02589592535853,208.7580667742499,1528583,324208872,1.7884058920254873,3.235701726979823,=mid_term
2023-04-10,208.16015625402233,209.5457110150862,207.73479294870185,209.05154332745823,553235,128561780,4.40047071780037,-0.5491075554444454,=mid_term
2023-04-11,211.52259619431774,212.96509158032313,210.23334547795636,212.50520040276956,3234302,197523088,3.6143923094119494,-1.0962455743582071,=mid_term
2023-04-12,210.27527761385187,213.096849788519,207.253411696457,209.5317770653096,647129,254252613,4.118420646278873,-3.2166209124841156,=mid_term
2023-04-13,210.22583402893918,212.03885459506844,209.2196433616173,210.8180785741523,1834026,383253538,0.832864004513691,-0.8073858070980654,=mid_term
2023-04-14,204.38749260187876,207.16338546153253,200.65321391615217,204.58153641614683,1131361,420009010,1.6307721772368478,-1.2216015783355538,=mid_term
2023-04-17,209.09591154973643,212.58972647900512,208.39943944317798,209.48121532053986,3692814,291076356,3.740173890263394,-1.4496611585371182,=mid_term
2023-04-18,200.78431247109216,202.3770182168889,198.34375886494988,200.61569169360902,1487224,263829695,4.713767113477493,0.12204940710987218,=mid_term
2023-04-19,206.7125642000258,208.9821295257322,202.7033868953953,206.7696193875681,3528581,385002005,3.3325534668885863,-0.7091403214655329,=mid_term
2023-04-20,210.75381261558798,212.35249339945779,208.80274070224473,210.50302530427,4742320,281462901,3.1694473057682484,-0.7540628538468082,=mid_term
2023-04-21,209.34264999972964,212.26626321698484,207.61896859241494,210.12639963692948,2727738,486164116,3.4988896071497924,0.16290534537356213,=mid_term
2023-04-24,217.28957082722542,220.9295617591354,216.8974481923075,218.1005577916669,2739095,197811101,4.534202532161506,-2.9001610531392203,=mid_term
2023-04-25,212.3754484812221,213.81020242104807,208.24944334926545,211.6785947752943,3012594,370007048,4.897486393433204,3.898830307109041,=mid_term
2023-04-26,208.7234179130861,210.41814302989692,208.77658720706015,209.27271651604013,3821520,288444529,1.1404115704046347,-4.3967522367623895,=mid_term
2023-04-27,206.88126800925502,209.92034924322974,203.48412146050202,206.0840807247444,1262854,354354005,2.247817773689162,-3.0831948157295344,=mid_term
2023-04-28,197.0282809268969,197.803289263126,194.59908784604968,197.6105438436035,1831426,213377227,3.3419555362408024,-0.7700753839671739,=mid_term
2023-05-01,198.00828655443945,200.29536656323828,196.84693349839662,197.61512151923844,3248436,219420041,0.5487328867218491,-1.4426708766801213,=mid_term
2023-05-02,200.72906857920833,202.0717766134557,196.9916260091845,199.90824366035915,1150755,235420017,2.696843696809398,1.0208407427055715,=mid_term
2023-05-03,208.24642987909277,210.72692387550646,206.8790025525457,207.6476162043641,2858699,451256036,2.421553407516094,1.6053163999427515,=mid_term
2023-05-04,206.1125769607818,207.24367641072632,203.48576923386693,205.67997383463683,4326140,53908447,3.358714481531633,0.32840700119581223,=mid_term
2023-05-05,203.75916850831229,204.5394146489198,202.18867013158285,203.7248390358168,1973956,396509657,1.5761309843163631,-1.8044313266829732,=mid_term
2023-05-08,206.00759779488735,206.0837407588943,204.26837312679325,205.85669675109432,3957658,72534219,0.7837504124036556,-1.6072394670443488,=mid_term
2023-05-09,206.69801771261334,209.8884049469081,205.8533103974844,207.3783725586295,1683724,450996277,4.308486538538175,-0.5520389722837052,=mid_term
2023-05-10,209.9741773311795,210.7988975404524,206.80563142007128,209.11777568689456,3489307,494416629,3.4642678411683065,-4.178754455062714,=mid_term
2023-05-11,207.47720864773353,211.1262792593802,204.50236225053055,207.86967146023244,1182701,124192400,1.7722095220234837,1.8479666459895248,=mid_term
2023-05-12,208.09230194193708,210.30288164481857,205.38255399101715,208.75322788351056,2305229,285860236,4.348308250251112,-0.46134233397491897,=mid_term
2023-05-15,213.2679763094778,214.83834006626873,211.6619875601973,212.80130485971404,954756,476315457,1.8105269575121232,0.316785570414136,=mid_term
2023-05-16,215.4312843954988,217.44277462983374,212.50570208959783,215.85894542769464,1062530,85517547,4.17861061923799,0.3908725058700362,=mid_term
2023-05-17,221.61992973432677,221.05002592839537,219.67695732771853,220.92074840813717,4653949,198230710,3.4638781745971827,1.621452849752863,=mid_term
2023-05-18,216.16162317408447,216.3403546931999,215.91532078502033,216.21413012029274,1138984,474073742,3.4897094280447702,1.7313045168799588,=mid_term
2023-05-19,217.6467296504883,220.46009659400235,217.17903745235947,217.19917301545507,1237041,295532561,2.7905556508428586,3.348015385063308,=mid_term
2023-05-22,222.05435736688207,223.7331374809772,218.35892969223153,221.53127386399507,510310,70188694,4.947506715444606,-2.5001312694052826,=mid_term
2023-05-23,219.76085025931604,221.65346422251932,216.69907189758635,219.23505763598453,1647510,353656263,0.507669809458152,-2.5584953764445992,=mid_term
2023-05-24,214.89914855931903,216.04584593429527,214.1528573873231,215.5545682784869,1299669,427723189,0.7707271976704062,2.7472947262875893,=mid_term
2023-05-25,217.01483909738087,222.0348705588772,216.6027046482652,217.9065153221508,3373013,465252045,3.184923351484036,0.1469133845627462,=mid_term
2023-05-26,221.44770143888823,221.71770078855,219.2694137190169,220.42787879314142,3529189,174248601,0.5836490615746814,0.4338231055048416,=mid_term
2023-05-29,221.51553268272588,224.4336612807979,217.63949452078498,221.08135150927333,1763393,442383562,2.7604165478974396,1.928266279170203,=mid_term
2023-05-30,216.97626653311517,218.55306549627116,213.9178907952927,217.85442353422465,3228505,400362421,0.6246484969591095,3.7104107440581897,=mid_term
2023-05-31,216.81551793994785,221.38649948438766,213.88756806105226,217.08156639048266,3149626,308891875,4.893066412781977,2.9750336865488403,=mid_term
2023-06-01,215.27423597079547,219.03128101618782,211.27284546231192,214.7866050178455,1660371,166955921,3.245117432665277,-0.23534295103688946,=mid_term
2023-06-02,226.67149286479327,230.2944161869683,224.84595707865736,226.23408897137156,1142638,78188835,1.2052604919957237,1.0546718715150234,=mid_term
2023-06-05,227.91121151623383,229.28306324486775,224.62393367048898,228.27633023150224,4095928,434846172,4.89698123516248,0.6943986566910034,=mid_term
2023-06-06,223.59201039100077,223.7374708193193,220.30102148216903,223.0871793634637,933279,429804747,2.302670879329055,1.1167598141366184,=mid_term
2023-06-07,222.40256960690385,225.19106609050505,219.00211051989834,222.87631756373526,2727637,475839782,0.6846806171164743,-2.802544704891067,=mid_term
2023-06-08,214.76310461431643,217.2934306348672,209.5626888781091,213.72799726680205,797410,486553345,0.6739926654302163,-1.2815100709473415,=mid_term
2023-06-09,212.70378962400852,215.62839505096122,209.68122067842006,213.1148771850527,2398188,469166805,1.866400464088284,4.738742123991838,=mid_term
2023-06-12,212.45334087717504,214.67656100843996,210.69595646562357,211.73780071635377,1684833,102489428,1.4664252522252406,-3.458391316847216,=mid_term
2023-06-13,211.37687375376194,213.4710458010931,211.75859913029527,211.76635307108768,3751849,365124395,2.7305399971685107,-2.2326467278567037,=mid_term
2023-06-14,213.40374910561695,214.89229229519995,209.37977434595177,212.84577489664542,3231151,365592185,0.5928877908283889,-1.0091120083848362,=mid_term
2023-06-15,215.99972020798134,219.91952388643827,212.4970357550065,216.6199380138636,1312651,84586887,3.2744579265965754,2.3330817377998745,=mid_term
2023-06-16,213.8381068077895,216.59208169734654,212.0570604166054,214.04023795153847,3630864,276257044,3.210444754407851,2.621676394231006,=mid_term
2023-06-19,209.8991731257553,214.36034805047714,209.17179114057606,210.15943239193587,1143445,123567812,3.020489491770693,0.24502014423683405,=mid_term
2023-06-20,212.577697502246,215.06557686809154,209.18885994079656,211.65036669302174,2817105,404215410,2.7254660385021903,-0.16318057842160735,=mid_term
2023-06-21,215.733463071157,215.8978775592502,212.5220085409378,215.09293641270753,4169116,207370949,1.8262336595052302,-1.6239620793161875,=mid_term
2023-06-22,214.2337231653934,216.07554824544138,210.56768846849891,214.5165400200173,2908388,392932101,4.638675777345142,-5.37798901052091,=mid_term
2023-06-23,212.78550903488062,215.15081049540896,210.94511992548223,213.67501830682752,670736,421114184,4.478631911555313,3.6320299850961577,=mid_term
2023-06-26,212.70713657433055,215.53681672324285,209.71309451941468,212.02694910204974,2451781,350124950,4.3112372602168385,-1.4696668780062727,=mid_term
2023-06-27,222.44377999966244,226.00071506830668,220.00136514631407,221.78208510522896,3125642,73470730,0.9897941969460085,-0.10748008159431247,=mid_term
2023-06-28,226.5395736344929,228.67581483237643,222.56139498323384,226.54002738155614,2329352,61544866,1.6341906096056558,-8.371859901955812,=mid_term
2023-06-29,218.81325557343453,223.465191872262,219.0517522372883,219.43549190865224,1635024,266447917,0.7961067535259329,-3.5816977216267745,=mid_term
2023-06-30,221.46138403203383,225.18888455178893,220.169725036946,220.78312932906422,2459149,92807336,1.1055007559573666,-2.5222778945502218,=mid_term
2023-07-03,223.6255469008928,225.466821391379,221.72517350716691,224.2376374066291,1604747,469966085,1.539363706435338,-0.3517915311547567,=mid_term
2023-07-04,220.92051292855484,220.11708026119547,219.32992681664206,219.9561731080177,4239239,356191077,2.9121140074398033,2.218370807741546,=mid_term
2023-07-05,219.83421521838707,221.5405814717097,215.8976830240598,219.58702957386492,911815,138971709,3.0811966299481486,1.9870718548531414,=mid_term
2023-07-06,220.88872528552267,222.86652028399376,218.65356870993017,220.47789042380336,4789927,476688146,2.874585830506758,-1.330339234902674,=mid_term
2023-07-07,223.88828031965855,223.88162365143552,222.07627771984474,223.4924936668402,2947262,54801809,0.5954029268350802,-2.515041863126524,=mid_term
2023-07-10,225.6436335626834,227.61788290084573,225.66536223709485,225.9377271051912,1144103,184073924,2.318458735459798,3.032734410682111,=mid_term
2023-07-11,219.28754340654626,224.36308947001467,216.3487129639516,220.3543140859142,4439952,225976705,3.615798640254224,-3.6686241620308806,=mid_term
2023-07-12,222.98855416493902,223.92980067763696,219.99699253201652,223.79098305340824,1661113,239985465,3.5346865593504706,-2.2418024091862216,=mid_term
2023-07-13,230.22510967734672,232.64122174224067,228.05335408272353,229.68407977594927,4974325,184801555,3.6605481149555645,-0.034607891374717877,=mid_term
2023-07-14,232.66393864670755,235.22636422758123,231.95294397766367,232.00552795668645,1651583,219612922,3.314427195315597,-3.7236621135215326,=mid_term
2023-07-17,232.40886134809915,232.8690476709266,229.78027568942585,232.25126280418596,4211319,90298244,0.9882510136524136,0.9668189354838055,=mid_term
2023-07-18,232.22710336740448,236.71982567269097,233.2323604450259,233.35903324816746,3957839,309327135,4.405527895256763,0.5303406983962107,=mid_term
2023-07-19,231.33509107642067,234.01597002317132,229.47905383171633,231.69005058720134,1806185,126794847,3.5006023409635527,1.7352400146128508,=mid_term
2023-07-20,226.4392020043277,228.37534979636473,225.39658919890013,226.62751403564098,1729539,335275401,2.466872424587149,2.660714319509978,=mid_term
2023-07-21,227.79879607261876,230.7334456620912,223.44952968973752,227.43999457560403,2685224,56900206,0.9093042294723479,3.3090506291549255,=mid_term
2023-07-24,228.37681677141322,230.07253367276064,223.95682097653886,227.75669092294126,4707772,296564922,3.8095869774060587,-0.2558467036546787,=mid_term
2023-07-25,232.13666372127585,236.6827486684571,229.12485055429494,232.7658600058669,2299096,329936511,4.615897686906824,0.136740730224634,=mid_term
2023-07-26,234.25476145455428,238.18117128830676,231.89408162170716,233.77489412511477,928463,463333661,4.783437453362704,-0.40040508199692243,=mid_term
2023-07-27,233.50397936977095,236.90222443165908,229.8156589224196,232.4693621511954,2425279,351193161,4.557257726917384,0.26807127246954365,=mid_term
2023-07-28,233.47655998282602,236.3134866105459,231.85392859214102,233.01015393070102,2368672,107297579,4.032768906621234,-1.55484544739614,=mid_term
2023-07-31,227.33365211418555,226.81162923616762,225.38835497440041,226.40231576662572,2975145,271945811,4.863737846542527,-0.03657090288558808,=mid_term
2023-08-01,229.88831209280045,230.7970659730044,226.6765425413146,229.0980987064617,2538484,237579443,2.555431293610682,-2.7792390542726157,=mid_term
2023-08-02,232.5750865097178,234.56877961006816,232.62240364519104,232.94269194619474,1937515,109805869,1.3808107952007953,-0.9284738198095334,=mid_term
2023-08-03,236.09273875880223,236.11470256278787,232.73246882908765,235.58771453486895,2323023,210532602,3.89876320438045,2.90446259797716,=mid_term
2023-08-04,245.88598637511421,246.7350746382595,244.52483033849336,245.5087080374098,1237718,68868768,1.259037210422011,1.4230841088950184,=mid_term
2023-08-07,248.027272431836,249.2409865579995,242.46300314041991,246.84430105685615,1802525,279544122,2.1081339813097424,0.5291085558844486,=mid_term
2023-08-08,240.5719921657828,244.94618075193577,238.69673943213363,241.27846179717403,2323941,273986421,2.80360085077919,2.6746160311818254,=mid_term
2023-08-09,246.3051338883558,251.45290620308043,242.32338274377622,247.01814885494937,4425606,322107297,2.327517196621435,-0.4155309069582971,=mid_term
2023-08-10,258.5287470890073,258.1886835702263,254.3350441213526,257.49125017188453,3888750,474040730,1.6831734296927392,-4.118925222527515,=mid_term
2023-08-11,252.7595537141692,254.48617771215353,249.2151200405557,253.33433850276307,2333394,126654605,3.662093301395843,0.4787694126042213,=mid_term
2023-08-14,254.24161429749492,256.45828662607397,249.69311469440925,254.62211628984176,2821045,153088831,1.013876413758986,2.7096809404033073,=mid_term
2023-08-15,249.97063280374286,252.96547794657346,246.42534438523415,249.4217724011869,1306597,369735484,4.213769349576378,-3.7347516001295302,=mid_term
2023-08-16,252.66741339311153,255.0871827256264,250.85829888731467,251.8093199171482,1884539,475877319,1.6423553591877629,-2.191626580289864,=mid_term
2023-08-17,259.2586406170143,259.5465093720556,255.19438373340665,258.1805820802304,2970314,231237755,0.5374026214115301,-2.1774778722491734,=mid_term
2023-08-18,258.115639818619,263.41575875614535,256.01671151246984,259.18933505933603,1262799,461761754,1.8673403679113414,-4.748896178914147,=mid_term
2023-08-21,267.9702200332403,270.9947105882091,266.98629269260647,267.5552151018071,4101387,75479722,2.7586004387601903,2.508843494702191,=mid_term
2023-08-22,267.9452779605351,272.13674493317393,267.5541338962479,269.1993058959987,758204,393047971,4.42644960334693,-0.3635869496810191,=mid_term
2023-08-23,265.15623305067226,270.0994845702194,259.86612778983215,264.86643923047114,2961374,322699549,3.8489571253756947,1.4006395168984342,=mid_term
2023-08-24,266.3860369302639,266.8488849342279,264.4602962512814,266.08844925285644,4914580,99137890,4.088677786877377,-2.86125997297695,=mid_term
2023-08-25,275.54749621523,280.39923965803956,271.1103925909171,275.341078177371,1590548,358369002,0.7157654793955099,3.533909782264575,=mid_term
2023-08-28,278.5724944330153,280.1051894379109,275.20779333233463,277.19575628177205,1432109,101551398,4.124664587287551,-1.7568166509212078,=mid_term
2023-08-29,275.5176533559152,279.233020812552,270.9087571657831,275.0573588179813,4131718,397286507,1.9031672276361178,-0.4235345553666682,=mid_term
2023-08-30,269.5973046792626,273.56944750256457,264.215714367357,269.57521078814614,4867529,178012139,2.229878492218134,-0.38769872277175843,=mid_term
2023-08-31,262.9359880824484,264.3514472613587,263.0070662446054,264.22075821301235,901031,344334982,4.54723607303242,0.6469836241549107,=mid_term
2023-09-01,256.0316345393657,257.1235650300961,253.6900767887519,256.20774013082666,3313385,267159406,1.1432697356948758,-1.4380226298551742,=mid_term
2023-09-04,257.46861667954965,261.2941493884191,255.87605780683825,258.27531984944767,3239842,237736879,0.506397085973904,2.2492814713971776,=mid_term
2023-09-05,264.48043115467567,267.0897516229856,263.2109565719037,263.3656563257571,2504450,342200179,3.4468764521548034,-0.5612473984514547,=mid_term
2023-09-06,256.67890519640594,260.4947301656069,250.5416713695824,255.5920637054094,3808967,383111891,0.6284141833313996,0.620082251812842,=mid_term
2023-09-07,258.8953688007917,264.4176909590543,255.74295514548953,259.3950278484658,4046585,298781370,1.7386292811089443,-1.3434229950870582,=mid_term
2023-09-08,265.3084640246242,267.6784722061588,260.91175409095945,265.7339626993045,2295473,112372846,4.298576610373589,1.834095224967213,=mid_term
2023-09-11,263.3826568743922,265.4413515884043,259.7791889380995,263.85664271841085,1413416,142850599,4.237710950720472,-0.7267289946384466,=mid_term
2023-09-12,263.5117173161583,263.8701238008592,261.82686334616704,263.78999453752346,1547116,57637953,1.853053724226852,0.6554297871868531,=mid_term
2023-09-13,269.34872700495316,271.1318745648058,266.4038861357322,270.42660017986583,3547857,426250876,2.124206856779388,-1.0858284849396274,=mid_term
2023-09-14,271.4944545479257,271.4997741017309,268.80203556033695,271.0345655579191,3738573,492749990,4.883142136883787,0.7474113812666975,=mid_term
2023-09-15,271.9330796908571,272.39658375925893,266.29045701715717,270.764703517843,4601353,326470536,0.9475919657398725,-1.8882873644788367,=mid_term
2023-09-18,275.9031185001938,278.6357041613157,272.22931703599056,274.8025002465718,4847306,114641739,3.096654170493202,2.207808502294517,=mid_term
2023-09-19,269.96033067574575,274.5354014838838,265.30152579346884,270.0302319046599,3873843,112411404,3.4126761252346487,-0.9100058430881557,=mid_term
2023-09-20,270.31024548336023,276.2714085034775,269.6965096231501,271.2028593770821,2832549,475002293,2.0112344678002083,0.698327116714545,=mid_term
2023-09-21,268.9172448819574,271.4186305069792,269.6985971457486,270.1544067812916,4711705,140464893,2.8245232312867095,1.6466160573224284,=mid_term
2023-09-22,272.24343528404927,273.17757086362695,271.44890063474804,272.7791251877427,2177957,259858482,1.568940000119392,-4.4887764292197865,=mid_term
2023-09-25,271.6155846717737,275.66850831792874,267.30048175769707,272.2735895915386,2636510,343964526,4.303140017729499,0.2620136845370262,=mid_term
2023-09-26,281.57070236350654,283.5842187114768,277.57586627715887,280.91870920723784,3176241,101550924,2.2760801665925587,1.1492252273515835,=mid_term
2023-09-27,280.4935502543696,281.19725543385346,275.52871431605644,280.206288034953,4837771,385654415,1.176544062780927,1.1052108880268767,=mid_term
2023-09-28,290.093680400006,293.81674606872355,286.2730331445872,289.348156728776,3313179,216372171,3.9150674333025703,-0.7528272960421482,=mid_term
2023-09-29,294.3079346637401,298.51239055223346,294.1984302649913,295.3354291204675,2583935,187311939,3.347261600535065,-0.7398509639588786,=mid_term
2023-10-02,301.47602176782857,303.17137074542416,298.93553141186,302.9041796919927,3738385,241144895,4.278805549543067,-1.8597033812246566,=mid_term
2023-10-03,306.79823064538755,309.0431969807048,304.7578809423559,305.4827243674029,3053310,154189971,4.796239050344958,-0.7524511406512706,=mid_term
2023-10-04,311.78927142207203,315.3004327890329,305.2435670480816,310.39283009142224,4412077,419242805,3.836934170745406,-0.896148779193884,=mid_term
2023-10-05,309.17418054240676,312.8978219471648,305.4663814572518,309.907986524214,3545151,396742458,3.1017846301359975,0.616265945056877,=mid_term
2023-10-06,309.1744793090929,309.86441499032514,308.8297756483612,309.4883407714593,3524234,185744465,3.4462677167007034,0.33502193162075333,=mid_term
2023-10-09,316.6791142983773,318.25834691370585,311.0005933623233,315.1947945354021,2290125,93650783,2.9247064545326076,2.4729194118457376,=mid_term
2023-10-10,313.7187355102518,315.5175941955431,313.9111410982862,315.1053269033342,2420263,332593916,1.0637577490910435,-0.6253804027896287,=mid_term
2023-10-11,309.38920438910714,310.2087102320458,307.9919574142725,309.3781750295124,4396732,382300073,4.966981773800225,-0.6939819718570057,=mid_term
2023-10-12,316.1839161350102,318.42202575727407,310.5495041096361,316.2314126513891,3776001,295391802,3.514044083066614,-0.05203226079312545,=mid_term
2023-10-13,310.59299040246196,315.492960016812,305.96780700566694,309.6384802467349,2248737,299283679,4.3194203616329965,0.02361150306250774,=mid_term
2023-10-16,316.8897863656154,322.7300436408678,313.301772366492,317.47194457524785,2849758,106599333,2.6159551114786908,0.911725127003754,=mid_term
2023-10-17,310.24719965914016,315.3745932682611,308.4085983118628,309.4476720133057,1814036,111647767,1.6198512663978588,-1.0266134111248604,=mid_term
2023-10-18,306.5165404190871,313.148009241299,302.2482041731712,307.5867083401525,3338810,442453456,2.601535883384845,1.7089685054368815,=mid_term
2023-10-19,292.15552829638807,295.99796185405893,289.4820331485756,291.9653933682309,4620248,375561380,3.063001876289148,2.8873515312443887,=mid_term
2023-10-20,279.9779769521039,285.09404726426214,275.8792868587452,281.1895714419275,3832820,415253594,0.6083395559002803,1.0233683967228913,=mid_term
2023-10-23,273.04870003143685,275.25667109939565,268.03906601040666,273.35765220036393,2435998,396147148,2.1909486329462586,-2.6273447131118237,=mid_term
2023-10-24,279.1978157736869,280.46599815826676,273.87860205027374,278.95771738138524,2272127,137339975,2.5698764964530345,-1.591963710364451,=mid_term
2023-10-25,282.38847187228765,287.87737285118976,282.1207463635775,282.6044805691908,4213931,74811765,3.0555727850938275,-2.853237355424114,=mid_term
2023-10-26,276.16477204030815,278.9646563662017,272.83482419982096,276.4299018320951,4884689,256707900,2.0547313187947367,-0.25961221957418223,=mid_term
2023-10-27,271.7872369066373,274.00092460885645,268.8082774198998,271.43872262152064,578853,62448775,3.1589426453871186,-0.9768875284204107,=mid_term
2023-10-30,268.46156273720266,273.5846334079739,266.32927587862395,268.25635778021706,4073876,347948732,4.744811798088198,0.5699283455811773,=mid_term
2023-10-31,263.72097157051394,264.8384912241685,258.29748457592996,263.15877697231997,522657,478670965,3.3317082722352325,-0.38829064672691865,=mid_term
2023-11-01,265.6010633911305,269.6705256802316,265.77101320896526,266.9150875613924,4632747,233418409,2.914759143883504,-1.6312566009474745,=mid_term
2023-11-02,265.7940183052072,268.29396394506153,263.33700881079477,266.4061624843255,951633,467700729,2.7910284144970525,-0.7015424229140189,=mid_term
2023-11-03,272.0042522565525,275.6954489628593,269.98704701190127,271.8722640413045,1669590,432002415,3.70227349183276,1.6628235512392748,=mid_term
2023-11-06,269.27530240755164,271.0964643285987,265.6204895093278,270.0667037449283,2447883,79342652,2.92282526227165,0.26532127351645857,=mid_term
2023-11-07,260.07454077740726,262.9109667374071,258.04371704563266,259.2204607845388,1985933,202847620,1.3013766279424395,-0.012491838446784434,=mid_term
2023-11-08,250.84169690934417,251.21404448257118,250.27611263543068,251.06337075438563,1544983,92647615,2.918054189308926,-2.312977428730197,=mid_term
2023-11-09,249.25668960548933,253.8953023492128,247.92772144336607,250.36924589524514,4743472,55486844,1.1979051500211968,1.4892341692286961,=mid_term
2023-11-10,249.15679533158917,253.48045352541826,248.7350640979599,248.76686586804354,3114031,318748012,3.76091857142504,0.4494808082058736,=mid_term
2023-11-13,244.64447511160316,248.25502538382946,242.4426074974105,245.51708350417573,2708505,228203352,1.461241427441371,2.03403181416268,=mid_term
2023-11-14,247.25505394453603,249.82492540094836,244.10840036123523,247.41073615023686,2187110,53201647,4.799055576035392,-0.13423625440737758,=mid_term
2023-11-15,243.18250339491115,243.34628457763478,242.3535125904085,242.84083158393267,2309507,155381039,1.5309135697188376,2.249958129541248,=mid_term
2023-11-16,239.97685482090506,240.91177669157082,237.60301075903038,239.69429905394324,3794881,480155524,2.2346618982691853,0.05071949988419954,=mid_term
2023-11-17,236.9369545696394,241.76134633075694,235.89987392198273,237.2847917550715,3516360,237684408,4.171899053154989,1.434538609034846,=mid_term
2023-11-20,238.0412702971352,238.70613830264156,233.46452270399374,237.9954956070729,2284569,477156128,1.8762436756286942,1.7227979356034144,=mid_term
2023-11-21,237.49563521231534,241.46938786731752,233.58485246219104,237.24949192140747,1950840,160628640,0.601006646148899,-0.32090306019659914,=mid_term
2023-11-22,240.8171499114327,243.00646130886753,237.85540084766922,241.634830247966,2974591,429231148,4.453282318528945,1.8609153225566588,=mid_term
2023-11-23,238.01965800463404,240.42558697059727,237.65712828880942,238.61502199272425,3749361,265827314,1.5794965048995122,-2.3490353484629356,=mid_term
2023-11-24,232.83553996906585,234.66700871995744,232.21703463612263,232.4342801636222,4370385,170493029,1.0156370934545356,-0.4997892715141419,=mid_term
2023-11-27,234.2461069522425,235.43413782225954,230.98402897304163,234.8748010390465,4706922,470657590,3.9706047442270824,-1.946090077104676,=mid_term
2023-11-28,227.65525961994152,231.8251913002483,224.363734365266,227.51241673945805,1656124,448507778,4.186829090605421,-2.2386859862178605,=mid_term
2023-11-29,232.0824413532228,232.9998458366042,227.63902894369954,232.2092370722964,1809561,166626370,1.8823172998181126,-3.329152369678572,=mid_term
2023-11-30,229.30379833390995,230.76600258046727,223.99052735524344,228.33071760002036,699250,194135990,2.0223695754436335,-2.6901948766256116,=mid_term
2023-12-01,227.36845310405224,226.52655672729534,225.18385095119416,226.40396763010017,1647428,378267982,4.057871216659013,-4.223590234815635,=mid_term
2023-12-04,229.20014232786008,233.14210789906545,227.50716193131456,230.2195421462194,1417587,201488585,1.6420861840545424,-0.629810164023993,=mid_term
2023-12-05,236.2151230331574,238.8169126843929,233.85791741066438,236.08746219899348,2881884,420107707,3.621173227076487,-1.259909999294448,=mid_term
2023-12-06,234.5371431232748,235.38738176460612,231.97588696775034,234.7645917288139,2150342,439632927,1.3823107778079904,0.7414764087906378,=mid_term
2023-12-07,242.35965762513462,246.59273954256847,241.4218443233191,242.4960355686629,3692345,145093398,4.6947291427239675,2.6589034138854792,=mid_term
2023-12-08,240.0217631714604,241.08840038714715,240.94228766912872,241.03711569835679,1398715,339269298,4.474952055245135,-3.2278575339638826,=mid_term
2023-12-11,240.09717096174813,241.62959561849715,239.0502321712428,240.21469955453804,1832967,455398959,0.8822306520184529,2.8118108297810775,=mid_term
2023-12-12,241.71585716808937,244.88954510056956,241.01170670114786,241.66329263950743,2509103,352295553,0.6220812853639512,-2.608391056873999,=mid_term
2023-12-13,236.84308599138086,237.56235847311035,232.68421853540636,236.60331345849966,1911124,243492807,1.8001046936999443,0.2660868911040802,=mid_term
2023-12-14,242.45192211731305,244.11476320806057,238.7399201387347,242.71107106006676,4244896,366125418,4.965144658195126,-1.9956104214783892,=mid_term
2023-12-15,240.8982469006231,244.51251073707093,240.8272763297906,241.26525741046189,3217445,80235927,1.2372815692003947,0.5482448025055124,=mid_term
2023-12-18,243.0199649428022,247.87577121030682,241.08714163153994,243.2108268088887,2077299,412831109,3.0092377219991837,-2.4899558199714953,=mid_term
2023-12-19,246.34094653614275,249.248010666175,241.42868686609205,246.05868857470466,3291613,398831933,3.1774223610501853,-2.212634643661982,=mid_term
2023-12-20,251.97132288604968,253.08088789905827,250.15742801482708,251.09774099037367,4479077,76166752,2.4871305438296543,1.8998984189845867,=mid_term
2023-12-21,254.36545803828696,258.1470043064251,249.79970615321457,254.31873876956578,1464278,346283410,3.0544229442421593,0.0806196727731862,=mid_term
2023-12-22,261.8346175602161,267.3769035367457,259.2462058451215,262.7984246303313,2399911,209603290,2.9164545272484346,2.9855348453495187,=mid_term
2023-12-25,265.44562371545015,266.6173875277856,260.3846136009359,265.5176144263597,4175077,187474705,1.647101711318224,-0.642651681017003,=mid_term
2023-12-26,262.85102435846625,265.7179975319691,259.2959920397567,263.334711102153,572707,62616853,0.7039841114377187,-3.1388595088902234,=mid_term
2023-12-27,257.0682135856284,258.25072633192553,254.48158885892659,257.3857617071315,2740693,68308930,0.9304999376875738,1.4873001238456607,=mid_term
2023-12-28,255.49884986604627,258.37877752171244,251.79072863164674,255.61951778256213,650368,385069956,2.423771756941905,3.2459540584906663,=mid_term
2023-12-29,251.36699823317878,255.39438095665517,251.25475232979088,252.37014961224358,3056065,479859778,4.647993470972776,-0.20244965920099986,=mid_term
2024-01-01,258.9417777088349,259.5447275980274,258.5107303748267,258.83335552843965,4163299,119921697,2.00677210852703,0.4461115887183121,=mid_term
2024-01-02,245.73840295864022,247.89953018674572,246.31271512510526,246.88828453460374,3218289,481317709,2.6256283146081185,1.5952431766283237,=mid_term
2024-01-03,248.80261629578783,249.59019338509083,244.04908446369188,248.10745322145084,555505,264822951,1.272458257066583,-0.19950448718377917,=mid_term
2024-01-04,255.83919506261344,260.92463810883527,256.36669741498,256.6410467497276,2419195,394590557,4.637115318443085,-2.2772176703058116,=mid_term
2024-01-05,262.9790762458368,267.45856641659,259.1911716575236,263.4640836444865,2188292,363988431,3.4854764760559123,-0.09316331627892457,=mid_term
2024-01-08,257.25989020272607,259.8425054647534,257.19071899010083,258.0713850256519,4270703,83433168,4.819344018509552,3.2816805804252525,=mid_term
2024-01-09,263.9607014932666,266.1879745940949,261.3335688583877,263.1526451031787,4506179,162437525,4.443145919687729,1.1355782454311405,=mid_term
2024-01-10,254.74839533782048,255.38171189473792,253.05104825899562,255.0632590518273,3516515,226087592,0.9240656271492229,0.905714606349162,=mid_term
2024-01-11,249.32610166056915,252.94179477836687,247.08039736553275,249.2342497389221,4325220,240663948,3.91708385442471,0.31424404214990315,=mid_term
2024-01-12,248.74639522578792,249.52807585020952,244.67367953013084,247.64690830055278,4071005,462144107,2.935900908460461,1.438984081300625,=mid_term
2024-01-15,247.37507105347123,251.6923787352524,244.9482897263952,247.3124241582072,3661566,213225917,2.3504443211831365,2.0743702923419036,=mid_term
2024-01-16,250.33910067682413,254.55938619063826,247.93018845190386,251.01282686984206,4923286,172229759,4.177935218346465,1.5544489372566999,=mid_term
2024-01-17,247.9915000169696,253.26969037705933,246.52993953983304,249.14760800027878,4036049,164869017,4.361133363976947,-2.916626426149235,=mid_term
2024-01-18,244.98764689937664,250.4894999018013,244.89448341828628,245.64632734241084,3514126,102951170,1.6933076130917033,0.003731148548701946,=mid_term
2024-01-19,238.56789061068312,239.13545089926316,235.15569805173308,238.46515422016336,709652,482588539,3.7906474754423662,1.3665540296838368,=mid_term
2024-01-22,229.59693668446764,230.43900681621597,229.08114850010404,229.6154145895329,2892357,434365403,3.899252328564491,0.6960382295351477,=mid_term
2024-01-23,230.26407169390896,232.64957499668657,227.111465151248,230.50500144906965,1478762,212893035,4.595861796036793,1.474600350654605,=mid_term
2024-01-24,228.80456667428192,231.42451426235442,225.75936780610473,228.13700704349216,3994563,291622572,1.7963723719083333,-2.6611149505852394,=mid_term
2024-01-25,229.28474222097478,232.57768061471882,228.99201029437572,229.5485995609469,3329787,144752185,3.5375231436689476,1.3933262392620323,=mid_term
2024-01-26,227.2494455467215,227.6730911239498,225.0597831103629,226.5246153614822,4099647,177179599,2.0045757157420825,1.4586386439440961,=mid_term
2024-01-29,230.88234109071402,231.88496346526836,229.03139369267777,231.61094087155445,3272375,486402527,4.854622077300497,0.3526757279603193,=mid_term
2024-01-30,236.77264099662767,238.1988085099551,234.98092783917147,236.6038871761659,3989190,360718301,4.882078070882071,-1.285517376814723,=mid_term
2024-01-31,228.02899425375568,229.46261128727843,223.46838169454722,227.15967356918478,1470878,137537933,2.8408595696767,-1.8538500533419293,=mid_term
2024-02-01,223.18379645074504,226.73308033137312,221.57822082832254,223.6139895075079,3712763,478626424,1.7812284740277613,-1.9571325467759668,=mid_term
2024-02-02,220.46469196111627,220.05607692959774,216.4128324819971,219.3879659227303,3586551,228692679,2.0847161522291318,-1.2360934272806288,=mid_term
2024-02-05,221.67161890209002,225.83586048657716,219.51172065450106,222.28877909550673,3043863,381121280,1.859380163610752,0.19508463804792534,=mid_term
2024-02-06,217.30834983724353,217.12744152889002,213.76065806120192,216.497597893679,3022785,150541345,3.961866466646124,-2.2744663111389056,=mid_term
2024-02-07,216.19090978909136,218.9126606995821,214.86809102518316,215.13262097239988,4628916,264825721,1.5822079655120018,1.7224143067154922,=mid_term
2024-02-08,209.61908290831843,212.70987709192684,209.7829725476079,210.57973875515134,1281941,158522982,3.6395374969138374,1.69917533899955,=mid_term
2024-02-09,212.66662517236324,215.56733187841115,209.81684006797752,211.8895439507736,1318637,481799921,2.802645243303559,-3.1097961397399723,=mid_term
2024-02-12,211.84011892690296,214.97338101319113,210.47159276496754,212.0074739616266,1480350,80847193,1.0885223310300771,0.9340401389186292,=mid_term
2024-02-13,210.24371184224472,211.05794606210097,208.69524601647683,210.75048474240458,2586780,228650789,4.121426652333831,1.4570841087622484,=mid_term
2024-02-14,204.5548971666262,205.79189990923757,204.10545677262263,205.09098718263735,759441,75259459,3.935214745836841,-2.3645975556723893,=mid_term
2024-02-15,209.17876462444997,209.4487886227195,206.22665796345808,208.24411287141646,1041972,348961048,1.0023787634801633,-1.1737047980982582,=mid_term
2024-02-16,210.15509203119095,210.36793674096543,207.5238839777596,209.76722970771658,2368473,177674714,3.036631908365508,-0.8629637448241858,=mid_term
2024-02-19,205.5033456679579,208.98740250681806,202.43432122506044,206.2286755915689,3458609,110288566,3.3873613809297733,0.3363278476530691,=mid_term
2024-02-20,212.83702384891754,212.36108185587548,209.384750287977,212.3576859709347,1235197,236361022,4.491707629890487,2.215725089056753,=mid_term
2024-02-21,216.5684155256025,216.11959742576457,214.8683797164077,215.90967019927467,4390309,320930573,2.839883946145457,2.034191801677379,=mid_term
2024-02-22,218.42657808063254,219.57886038719877,217.59088783731306,218.57787789979258,1003638,359874939,2.05777757878718,-0.8630632342240294,=mid_term
2024-02-23,218.94480016169922,219.55134972227475,217.59902905925918,219.02923588296707,3026018,473430369,2.3889987038442966,-0.7943337718374369,=mid_term
2024-02-26,216.62998380881237,217.99549878209723,214.6645703307944,215.75479636770626,2905182,309550544,3.1088032434351938,3.4913443084783107,=mid_term
2024-02-27,218.50670518733077,220.3308791964142,213.6925542005691,217.75436642837363,563506,250085666,3.893722136051986,0.42986183572233083,=mid_term
2024-02-28,216.46599452287887,219.8549656529621,214.52039518083643,216.3752883744049,2085995,389377155,3.567976739229524,-2.0075153501220657,=mid_term
2024-02-29,222.53160412939667,224.9500811741525,221.66150588437165,223.43903925697,2690326,325017562,2.637458998579228,0.9911237730457226,=mid_term
2024-03-01,227.1997966616399,228.59198608475174,223.1107956916917,226.6022570862308,3547227,246348234,1.97727930858056,-1.2259197448944017,=mid_term
2024-03-04,228.151396920193,228.57264570191947,225.32067920671997,228.36247028098853,4802361,134874416,4.733467633558297,0.9521029959846548,=mid_term
2024-03-05,232.7716020408409,232.28585830740641,230.60022233342818,232.11425053486437,3222503,238184769,1.9323778817340642,0.24915307810209758,=mid_term
2024-03-06,231.2788927823783,233.259594082555,228.19560750866992,230.7127086977073,1902399,287603709,0.7010855712994457,-2.135693755577095,=mid_term
2024-03-07,227.37320161230923,228.63615059485076,223.8821254790489,228.0644547178715,2852169,186588449,2.285879834462251,4.571927185873445,=mid_term
2024-03-08,227.81783911113905,231.2869603889434,223.63520201494003,228.1042704746085,2814274,64780159,4.952099124967326,-1.8726127529072014,=mid_term
2024-03-11,229.61181467969246,230.3331844647949,226.67711248904885,229.36297374733016,4093593,497228006,1.1953701854667347,-1.5527263983032416,=mid_term
2024-03-12,231.5172269172718,232.30466016479673,229.75026437880396,230.85399036312367,1382993,446762918,0.5464167036151473,-1.9303533946689713,=mid_term
2024-03-13,237.5437527909459,241.86103368196885,235.94161982945838,238.65764072656847,1055338,467905564,3.1905918997692,-5.42652298881162,=mid_term
2024-03-14,243.10722945258036,247.15091091202694,238.24915977771468,242.59106761028008,4060256,118636893,1.8478277901544329,-1.4532488225284002,=mid_term
2024-03-15,240.32001803024497,244.19324275961043,236.0651578603666,240.0543422603408,2619569,156321972,1.5447792390708668,0.35291414906911994,=mid_term
2024-03-18,238.56569878504476,241.46436003872745,237.2276872159,238.66195407627617,3364726,376342182,4.390644223547916,-2.28620092573296,=mid_term
2024-03-19,237.14086678205217,239.37470201485615,237.87289578005942,238.1445283925624,4434253,428926429,1.9819583540917751,1.1734500266781376,=mid_term
2024-03-20,233.34178430936856,233.8793260926377,228.47255838371635,232.40904030859872,4753654,93746325,3.2982780621058936,1.9962724898066644,=mid_term
2024-03-21,235.8237267502535,236.09680979378084,232.46490787586797,234.97658010347158,1336839,385438492,4.597577447704787,0.6776427489247885,=mid_term
2024-03-22,243.63730090635315,244.15466914179126,240.559324270596,243.30552609273343,4641538,378754913,3.068948277445837,-2.5403374716050435,=mid_term
2024-03-25,250.47183177159707,251.45729925786577,245.08408723622284,249.30048474195377,4659856,317689094,0.5668771060607912,0.27152123318579563,=mid_term
2024-03-26,253.20314738826997,257.5069040063208,249.5063479286962,254.0321541506101,3688162,250208532,4.809152355716732,2.9192380092784322,=mid_term
2024-03-27,260.5531674411276,259.54964436677056,254.68905178984392,259.3567538759854,2255748,80106710,3.5480712264113627,2.532939784321814,=mid_term
2024-03-28,249.95945736786683,251.9920171186349,248.5317789923547,250.4597034098545,3308494,295763450,0.9862471789243334,0.02706804061798831,=mid_term
2024-03-29,247.79450396991564,250.1346893770197,248.39583711115404,248.80636387693175,2454923,481192107,3.2136557006771094,0.8903423781350651,=mid_term
2024-04-01,243.259294549323,244.81318278838623,240.70675208505213,244.1881118408501,650598,402412257,3.4497205809782123,0.6574027501204812,=mid_term
2024-04-02,232.74381296207204,234.80022572347784,231.9529699200355,233.4082581397724,1150012,185019104,4.2314127799759795,0.022301024844572238,=mid_term
2024-04-03,232.6899348630942,236.82326626462824,230.1458670170543,232.64881116916254,898889,101885168,3.3746371934106105,2.107338835745219,=mid_term
2024-04-04,232.00890549069518,237.18154872127295,228.25810342801333,232.82097602389382,586887,116550228,3.919442182228539,-1.5106788803751168,=mid_term
2024-04-05,223.5055382610685,223.38982003338725,220.45249052231793,223.0070143084772,2726882,206225173,3.958933792194802,-2.257369364866579,=mid_term
2024-04-08,216.20206479123536,218.05925251791305,215.66163362362892,216.72945883677895,3629833,226718536,2.684065174422965,1.4647171078841426,=mid_term
2024-04-09,217.5920481562019,219.51141112169663,214.9327981078521,217.53989415880108,4933990,55703111,2.7740120692227848,-3.016588776695123,=mid_term
2024-04-10,216.69986250395303,217.98532567171003,212.58253019554525,216.41009234270453,1647160,137906085,1.662324453171573,-4.970466722117584,=mid_term
2024-04-11,215.57389589190458,217.01249497282615,212.91861449241054,214.52350242869196,1174799,231470858,3.8258936882712353,-3.2759290695650125,=mid_term
2024-04-12,212.31438693961024,212.10771193842928,208.35273965802847,211.35578761063132,1190498,289664058,1.8479694959130977,0.9801992368137049,=mid_term
2024-04-15,210.48029077560295,212.0467975706458,207.99807170550818,210.1197690942178,1117141,457787192,3.9453394560805797,0.3120155419930266,=mid_term
2024-04-16,211.8143649240168,213.92125447900045,209.75410626769286,212.0495698756664,1988045,310893049,2.3674017755058094,0.20251145530740888,=mid_term
2024-04-17,201.9137457674209,204.39672370886774,202.5452789197501,202.88333349845504,3601266,244045322,4.171365486399368,-0.3442370260146661,=mid_term
2024-04-18,198.12703919648797,197.2194599507954,193.80585674878418,197.16031544875068,4681630,190375438,4.066042134721841,2.083075500264391,=mid_term
2024-04-19,198.61703607504677,200.9152477432306,197.13285496581437,199.0174082674244,640223,118039721,1.2030420144933656,0.5533891266911435,=mid_term
2024-04-22,199.8559439105143,202.02828231480242,199.67140855665247,199.89904397533718,945333,314239704,3.29447276540228,0.7614774969601928,=mid_term
2024-04-23,203.0127764009257,204.29611563965236,201.023130295573,202.79506297941177,992476,185380487,4.838106760940919,-1.7022380553508893,=mid_term
2024-04-24,202.2724908953519,204.75754476294017,200.34978902208772,201.590622434617,4250166,450868711,2.115018386995609,-2.0517675795324726,=mid_term
2024-04-25,200.29000054894817,202.06242155609743,200.0062889630203,200.6041809132532,3267375,64532720,4.521980322156363,-0.10833208001891123,=mid_term
2024-04-26,205.40241351021055,207.33153917397277,204.0613415043287,205.40262857583903,4095966,347781140,1.2352830637592855,-1.4535044882327939,=mid_term
2024-04-29,207.96984598860456,211.7046926815502,204.9533393942296,208.12626908255143,710111,60807735,2.3972655489636723,-1.3324407687850877,=mid_term
2024-04-30,206.85875192471394,207.72539136098985,204.2694691074131,206.3847529942943,1089487,51066266,0.8058960824357736,2.5948001058374524,=mid_term
2024-05-01,207.67553047950375,211.94080729892283,207.3214138601556,207.98028644649713,502653,289847088,4.902744110185557,-0.1808858211569606,=mid_term
2024-05-02,207.56524112748602,209.22973797662246,205.80696085132024,207.45638852955912,3814006,176434054,3.1149395190909717,1.9774967901009155,=mid_term
2024-05-03,207.48966212524903,211.00988822770788,204.725858396315,207.49455356717053,1213482,247251374,3.904484000193023,1.683572679436153,=mid_term
2024-05-06,209.46183370967134,210.4593957565963,207.6094631936211,209.85770575897396,3424392,100936128,1.3536590302940144,-0.7763949998152884,=mid_term
2024-05-07,213.57639999296836,217.37874938264883,211.10130520925378,214.5948675914838,3906849,130190425,3.3793807649992713,1.619047993936864,=mid_term
2024-05-08,214.10378517662048,218.26436195251816,213.22603021428264,215.01144856612845,4772539,255224282,1.2058109901704872,-3.1985501375417793,=mid_term
2024-05-09,216.33371084059152,218.36491630618812,214.64664944831296,217.13707929000552,3191680,321684977,2.957107542042973,1.496543184759584,=mid_term
2024-05-10,219.01094920430285,219.8330866484845,217.60690425366244,218.63513737105922,2244387,72991356,1.9573373414313042,1.6341898588249801,=mid_term
2024-05-13,221.80077191680525,224.6823194342672,218.63161504539966,220.740618131321,1024329,182087939,2.506711859633379,2.612540649264515,=mid_term
2024-05-14,224.5763577376981,225.15266450832598,223.39156702284632,223.7695820626288,3915257,291889076,3.7213948330488846,-0.4373280233789367,=mid_term
2024-05-15,223.04978155287571,226.32897116435998,221.49069801996183,223.6247141419887,2292931,204024353,2.0655754388190593,1.3453119279377086,=mid_term
2024-05-16,223.61528210282066,228.50792525022877,221.0261346786165,224.04951063864763,4275857,154171923,4.741585209684951,-1.4352874554814674,=mid_term
2024-05-17,222.4301216675921,224.7931870766683,221.49000734916504,222.85127479696314,1843429,136488339,1.7985182567722227,2.6364867229395594,=mid_term
2024-05-20,221.98317067431606,226.29443296066293,218.3433447878103,222.7136100020566,4255484,456500242,1.3726249402069572,-3.6819177631566933,=mid_term
2024-05-21,219.8335312248845,225.1436772076415,217.0718657948753,220.856661861772,4818350,418837601,4.505910241434906,-0.14712707675558268,=mid_term
2024-05-22,218.3147661461395,220.40149631826722,215.40534097711924,217.95533700326493,3888570,107275799,0.739505030377332,-0.2878634160814084,=mid_term
2024-05-23,217.71043199708188,220.3695638382216,216.17278351542765,217.52785690076084,1772710,350412365,4.410323077155368,3.4667336416326004,=mid_term
2024-05-24,219.51341110076874,223.19534515542742,217.01042886218545,219.80657758834772,3210921,485822606,4.415617215520148,3.5039036311644387,=mid_term
2024-05-27,218.71392975885948,222.2726805766365,215.38018377170224,218.82879293861825,2635980,455527626,3.1692978253098283,3.0785743337827594,=mid_term
2024-05-28,224.7435901634217,228.51463253146645,223.14690935490782,225.06944193800047,3190613,172853316,3.3033620854199652,-0.19868561098603954,=mid_term
2024-05-29,220.6559191868078,222.03078826869225,216.6393256868207,220.29036416415516,4581642,92015072,4.168489863345334,-2.6282521162628214,=mid_term
2024-05-30,217.6333266815054,220.5161059528124,216.79877475935507,217.94305274258332,4592741,243776990,3.3437335904313197,-3.77194326716678,=mid_term
2024-05-31,222.64435761499996,223.53724260814022,219.22190418218358,221.8999493183689,824817,55488225,0.6769344011188054,-3.9335447028520214,=mid_term
2024-06-03,210.1405389460954,211.1508614802757,205.80487312855456,209.8468674155479,1082607,274527170,2.2813738253175866,-0.220637640981129,=mid_term
2024-06-04,214.91298850445403,215.5472700018725,210.51410604992768,214.22463688033196,4269979,175484135,4.166377626751581,3.1363773667347927,=mid_term
2024-06-05,216.36675153431497,220.78915030841128,215.12883351560768,216.66283561138349,2381249,182727629,4.493018466553557,-1.4945385903830417,=mid_term
2024-06-06,212.45209857449015,214.03334168845743,209.41458714304497,213.21019938922188,1428003,286228943,1.8458902354594287,-1.3862237008017226,=mid_term
2024-06-07,217.70310995608952,221.4419728719379,214.39098757537906,217.4074936804365,1732356,253960995,3.402240854836867,0.28400232047924084,=mid_term
2024-06-10,223.16432461401632,222.55872949168884,218.15772000780538,222.17375195797516,1044711,92862772,3.4881936477427726,1.9284174056960441,=mid_term
2024-06-11,218.5500189622618,221.79720877688132,215.5009564819375,217.76115868053543,1389857,256083803,4.4863566992592805,1.0048038589447512,=mid_term
2024-06-12,219.3392524086555,221.9473224697343,217.4720763214399,219.3729541632201,1543842,338757655,3.805107670974012,-1.5185894225258114,=mid_term
2024-06-13,211.4433380178122,212.3634140917993,210.21994357864543,210.81070556594022,4609716,411376515,2.806894043539433,0.8623185244158332,=mid_term
2024-06-14,211.7164373889293,214.64503327400135,209.4308011709603,211.69508372604187,2969722,187470592,1.853793493114188,-0.5615926589214294,=mid_term
2024-06-17,211.59081253652678,211.96782422621354,207.668072816254,211.66312793731163,2069617,434585848,4.209763175227268,-0.222556790127785,=mid_term
2024-06-18,211.34963141112436,214.40977524957398,211.89037318098084,212.30397417864958,3051972,318243681,3.53511589015635,0.010479784551308683,=mid_term
2024-06-19,207.7161562461833,210.03057956511756,203.3064547166853,207.41378849409602,3942358,106070459,4.566725204535161,1.067902858687799,=mid_term
2024-06-20,214.19888504316347,215.65192351752424,210.55712992986395,213.93921202778878,2126266,162410871,1.9113344966225931,-1.2601598994299212,=mid_term
2024-06-21,214.4917510907731,217.28509234394286,214.27936028841307,214.92469800530273,2746268,289000579,4.682970696181024,-0.00046616009529035977,=mid_term
2024-06-24,212.89125274574548,214.45806295329663,210.0536875432284,213.1268595785017,1150540,328862487,2.5488146544468857,-1.591231826322919,=mid_term
2024-06-25,216.12200429158725,217.73457729953233,214.6036045357144,216.18241360246043,3880897,158462943,3.340521477557551,1.7260294388108024,=mid_term
2024-06-26,209.65158089538113,213.7250692738694,208.4080185722409,210.46242525542212,4932884,399922126,1.2932686752783262,0.44815549392395404,=mid_term
2024-06-27,213.1421206191325,216.15953604600782,213.26624001676007,213.85322101526356,1024701,426830889,4.4611935279039585,-0.6921232357426946,=mid_term
2024-06-28,212.43844206569335,214.25610992652628,211.35891861444944,212.5584088848169,3815661,200291918,3.589645521508611,0.855594347511662,=mid_term
2024-07-01,209.858688204767,214.66325364634517,207.89871282713102,210.7508238198879,2610114,97202481,1.3362829983071436,-1.642412288565821,=mid_term
2024-07-02,218.4745972659107,219.37941698780972,217.09365213510148,218.99742340472105,1187997,178724131,2.248150581335455,-0.6510239569952067,=mid_term
2024-07-03,208.6147691969872,211.9392648298744,206.26945217847347,208.98423688551406,3821819,464306773,0.8526124676188136,-1.56666258109742,=mid_term
2024-07-04,207.49035362700596,207.86064656053063,203.19355720359167,207.05195386072648,892685,201842647,3.5591669276160864,-2.7065936829465542,=mid_term
2024-07-05,203.96753612398012,207.19571626441672,202.28794011388703,204.4973509449679,826498,366687741,3.4234728435247224,-0.7510496167392643,=mid_term
2024-07-08,202.59324914800968,202.87838847646216,199.15979989961906,202.71465660875273,1918364,244406651,3.4384655694954533,-2.9745529270723274,=mid_term
2024-07-09,202.09107826584616,204.6620385612408,200.04998470298165,202.32254610049299,1878325,432356797,1.7872277685639628,0.412019631537821,=mid_term
2024-07-10,202.51290951439182,202.27446917433988,199.492544971104,202.22767282731158,4354297,50939645,3.297775289601541,3.19718870638152,=mid_term
2024-07-11,197.4057347991746,198.071285788368,197.02016564536692,197.8102731385234,4238594,116227711,0.5919318164795615,-0.512422812081031,=mid_term
2024-07-12,198.55963412973824,198.8194635203592,195.32182658260083,198.60773636915388,2277365,210327855,4.185311104364949,0.7560932435639486,=mid_term
2024-07-15,197.90761141374355,197.85033527828446,197.08711547274734,197.23858264004372,3933838,90216216,3.96721716121846,2.3363157675481157,=mid_term
2024-07-16,196.85679350988596,200.17905390922064,192.45754891054474,196.32772873295485,969736,108344427,1.0332994410381837,2.989423468498137,=mid_term
2024-07-17,199.9528447100323,203.83525592241133,198.55743050019038,200.71145340362852,4269541,59570925,0.6901472947557381,-0.4179395600805307,=mid_term
2024-07-18,196.96460948208676,199.0093207477264,193.13338829306664,196.2839379171786,893569,244057465,0.5229470822617605,4.0056907352695195,=mid_term
2024-07-19,196.6646868503678,199.61423990582776,195.94914983447106,196.5296425395047,4467208,426260360,1.0827481053629011,-0.7958071362735964,=mid_term
2024-07-22,199.12288590005562,203.79030687520026,197.10178583360315,199.94418714564773,1649070,216722682,0.5531799736990557,-1.0269117147103661,=mid_term
2024-07-23,197.43682445748502,197.76419231362297,194.02702224749618,196.84411064231674,2048510,163071857,0.9997270513671256,-1.7771713749723062,=mid_term
2024-07-24,190.77648297187412,192.4386298064578,187.62534254776816,191.31973148742605,2482813,334678899,2.6045616103962104,-0.9851555460349845,=mid_term
2024-07-25,192.43219418640808,191.95634092320648,189.76240972784672,191.77919609078918,4996347,182707019,1.0867752292253934,0.6411221236234715,=mid_term
2024-07-26,189.47191305648943,192.5693655770894,187.4912216665559,189.51114325025483,2778657,208240381,0.554245000635319,1.5823019407498236,=mid_term
2024-07-29,183.48361362998398,185.56865164175443,180.91362327474178,183.90131932373444,3862273,118639222,2.7194699836310128,-3.806708089069224,=mid_term
2024-07-30,187.6042458492642,189.75405714078792,183.80652249557252,186.98530928638135,674646,151314599,1.7701641577205192,-1.7386136666981624,=mid_term
2024-07-31,192.84190527376796,195.52205220108272,189.18022308790742,192.7379361233803,2503069,377082115,2.940377239348105,-0.25073168049207645,=mid_term
2024-08-01,186.93973885926135,188.01802056424998,186.58880081971773,187.3264364915174,4907567,115020787,2.0422426260397253,-0.3325582071177644,=mid_term
2024-08-02,189.94070866655863,191.23279511648735,187.37136806384652,190.20388886013006,3375154,82087893,3.4889451797192965,-1.10396130529219,=mid_term
2024-08-05,187.15591303467235,191.10914160305379,186.296609614709,187.8342875952186,4555416,356513853,1.546565506307508,-2.3074741171333675,=mid_term
2024-08-06,184.26323840515067,188.09621670659078,184.434276907783,184.89017721235575,1590958,102895760,2.824109235894425,-2.1932720770575305,=mid_term
2024-08-07,186.8040291090976,188.60368304847498,183.7749043283619,185.92061519001408,3532003,236518782,3.0809544068112458,1.1645827375438964,=mid_term
2024-08-08,185.22247419053812,189.33415009328797,185.0994825034176,185.99930943862398,4470833,442365462,4.945203534850879,1.9769230854003017,=mid_term
2024-08-09,188.26622685980178,191.81404564255917,186.40664447975834,188.3938587489986,2479105,174551211,1.133381079719666,-2.184497698760746,=mid_term
2024-08-12,184.5576420626468,187.04938807996655,182.80639232751295,183.99859874623823,3487183,180822691,3.348772001684115,3.8000469250784663,=mid_term
2024-08-13,180.78097271353604,180.9822191779845,176.68429424694042,180.24663699294385,4411135,272770272,0.6643257375113709,-2.3614931673841717,=mid_term
2024-08-14,178.64541346730925,178.3268008703231,176.4214714423572,178.24705287574767,4704110,376331294,4.698118294435241,-4.420183369336379,=mid_term
2024-08-15,178.17991512920253,178.36654164877325,175.64863132131615,177.92766744562843,3040981,436494544,1.9362320312783665,5.108431407931174,=mid_term
2024-08-16,183.7665296969166,185.98041014008376,180.8300174952427,183.64526909052725,2766322,271087074,0.6434572885461921,-0.27515955085976457,=mid_term
2024-08-19,182.12682319787518,185.85935515002734,181.82847290013532,182.50205556038148,3559340,401572317,3.795561069845352,-1.2155349067708896,=mid_term
2024-08-20,182.2086577309156,185.84267220622584,181.47199035637374,182.37489634774673,717027,470699384,0.5615238982524812,0.4486477677140579,=mid_term
2024-08-21,177.7789982632734,179.25371015040028,175.24284921929674,176.950387903333,2684147,175696631,0.952620319943802,2.581214885578509,=mid_term
2024-08-22,181.61107408094432,181.16190722939376,179.9632347997341,181.15782397317324,1172602,319196430,1.139842513309175,-0.5228260992917355,=mid_term
2024-08-23,182.73945075393948,183.35857758445925,181.5333897202881,182.8332320899522,3212288,354097213,2.9053827380797905,1.1531263612060532,=mid_term
2024-08-26,185.30872130113724,186.46135724454697,184.5863758156156,185.38999215464938,2948160,239669408,3.876983601045047,2.0691086287351337,=mid_term
2024-08-27,183.29578971703697,186.61244426280942,181.3063785563742,184.0243323673694,1529650,189668169,2.8159904593383693,3.9732449807056263,=mid_term
2024-08-28,189.82429444392164,190.95762431057594,189.99118401196029,190.5789458007682,3283427,211081073,3.926457625182136,3.546646245786418,=mid_term
2024-08-29,190.1288715346455,192.5868228210312,189.0376942982492,190.3038070089311,1909458,456340708,3.062171646870354,-0.9392754471962268,=mid_term
2024-08-30,187.02192760074544,187.84600517091224,182.95152179099088,186.27376923692447,3023304,237949983,1.807872462227552,-0.09473238164709447,=mid_term
2024-09-02,181.56096609399611,181.88443130626126,178.93428475091773,181.34465417623952,3414877,93269899,3.9653794705813183,0.13042610978200583,=mid_term
2024-09-03,181.5373972834923,183.4329834711957,179.8848765634549,182.19656091823526,4287788,487047896,0.5567107722025697,-1.1448748684716075,=mid_term
2024-09-04,182.435189730271,184.36812070593592,181.75018573402357,183.04047666210556,3713146,438079268,2.162151899706269,1.9863886658112142,=mid_term
2024-09-05,183.70535449251437,186.82536746162316,181.32386786558487,183.3409223026371,3160099,73276011,1.74746140078861,3.5776775648295898,=mid_term
2024-09-06,182.9915223637346,184.72942171424506,182.15537904530018,183.83794900145136,1503467,148142775,1.0619963514575386,-3.443589082051411,=mid_term
2024-09-09,186.27021051261093,187.82864167337704,182.90643462215112,186.17050154078342,4032337,64978477,1.4639916046867023,0.3190907061428363,=mid_term
2024-09-10,180.1601985574741,183.4947305320841,177.300080027652,180.7430015812229,3340188,113831300,1.3606177741268644,1.484480653380051,=mid_term
2024-09-11,180.92098428882412,184.232531797769,180.02622728022578,181.77391397796882,1943391,483685238,2.745523442496522,1.2706426705074039,=mid_term
2024-09-12,188.31490737190748,190.38044687545158,186.01093683662546,187.48085238768502,2972374,177102019,4.53988121593133,2.7350683102023416,=mid_term
2024-09-13,181.87992454943296,184.07468655002188,181.1671591660951,182.31431208001095,4591352,54705327,2.368960480637549,1.7694310450718285,=mid_term
2024-09-16,178.8723938473879,178.46270830168325,176.7760780324791,178.3455306380673,1825501,52764591,4.91953749627331,-1.3591677696907891,=mid_term
2024-09-17,184.03626653266687,184.4107362662339,181.6563514932015,184.15167077777565,1857785,116730008,3.5056731910720353,-0.4850353287538935,=mid_term
2024-09-18,190.55275112040832,193.81361949162954,189.02191632698114,190.25820052171505,3827651,273182343,0.8979435992417637,1.2488790341941258,=mid_term
2024-09-19,192.92878022307232,196.63351638679845,191.2438029706336,193.6659295264202,4768770,458205667,1.7538084577328485,-3.7148131280982746,=mid_term
2024-09-20,195.3623057007579,198.60220068353564,194.18260671847185,194.9648819164014,2564961,71697930,0.9561555822696053,1.4342066142143122,=mid_term
2024-09-23,195.35526294671325,196.72966703317215,193.03174217841595,195.13444249718697,2010637,465958238,2.4772430277985866,0.6224265781095941,=mid_term
2024-09-24,192.46350812716167,192.9051260281388,189.57939706655102,192.83255356939537,2395383,160309843,3.599868698301984,-1.0500703792828394,=mid_term
2024-09-25,193.4546092362631,192.77638250768746,190.81139360415074,192.67631570392447,1939071,365967973,1.1729423888119794,2.026097684474085,=mid_term
2024-09-26,184.66148421183303,185.53533790514703,182.64013572923514,184.89862437006568,3793971,52626271,2.622298570617326,-2.7345969562268975,=mid_term
2024-09-27,185.70695110819867,189.15104537442124,184.86196282497383,185.89065213243623,4183454,73256710,4.749167595407265,1.811408833658069,=mid_term
2024-09-30,186.5964584036358,188.54451570951798,183.83091964044468,186.8433787207026,2235295,131293634,0.6517224383993682,-0.5245966156233837,=mid_term
2024-10-01,189.47901454784036,189.95102423771323,188.82837022574103,189.4515199867423,3946979,390865043,1.4921777226073716,-1.0144644411655563,=mid_term
2024-10-02,194.00317658441392,195.7631998916616,191.06172266369458,194.48961599342698,532179,271591647,3.3764442851894634,1.6291508134365305,=mid_term
2024-10-03,193.08306409550792,195.1793438988962,191.57602307675486,192.43521784803195,4085659,85161263,4.323856724648909,-1.5583828364093233,=mid_term
2024-10-04,190.14965350509493,192.67590491535657,188.67032947998183,190.34177724897754,4297350,478103429,1.6376650278247284,1.8755979322024368,=mid_term
2024-10-07,187.26564539725496,191.41780418430702,187.22368197640606,187.70226405001605,2226969,488711898,4.382348999722005,2.295742387916938,=mid_term
2024-10-08,193.0295045778305,192.53137710351453,190.82419139857717,192.3560238474075,4264622,290490750,1.7008183676981203,2.0002116310021125,=mid_term
2024-10-09,194.30613907495814,197.54433346282397,193.9331067329537,194.1723506082379,2966583,135726648,1.3066116650554545,-0.000742893306339814,=mid_term
2024-10-10,198.56878392084323,200.607938999465,194.86381638630897,197.62047866605872,3620064,271402489,3.8126219305509275,-0.03157348390335247,=mid_term
2024-10-11,194.5381915065118,194.33075354921675,191.09351240727636,194.22194521839202,3072506,138392274,1.3913702191313673,3.1220490924191298,=mid_term
2024-10-14,198.29167193325915,198.35329240871116,196.18097809023666,198.03776673596445,3883873,349671745,1.2817517931616598,-0.040104466700583714,=mid_term
2024-10-15,200.72667296326748,204.1159581313671,200.15951171683068,200.64920480485299,3100238,285713111,0.560013726853196,-0.9362579091018678,=mid_term
2024-10-16,199.07296731609125,200.6294917610358,196.07832491476637,199.56277292449727,797612,167522602,1.7473031051126409,-0.9960941535927432,=mid_term
2024-10-17,199.94230333287143,201.79217990786478,196.8798926752509,199.99489150461875,2195151,419861880,3.379203524132842,-0.6266022133778358,=mid_term
2024-10-18,195.77664993181054,197.93416904476746,191.855818277282,195.20858364388528,3316529,225832691,1.5976982941851796,-1.5001962778199227,=mid_term
2024-10-21,185.99537050092485,190.02781709962335,185.6012225230938,186.75720526233064,3191892,400748583,2.2008907316098894,-0.987680681871768,=mid_term
2024-10-22,190.7758447139517,193.64120196387256,187.0416932567246,190.81188178766445,1926998,52180394,0.8417119189653111,-1.8231366760938423,=mid_term
2024-10-23,182.06344019219267,185.17661602803915,182.30334928826932,182.46449231132974,4392574,487271970,4.666907848748281,-0.8605475528162074,=mid_term
2024-10-24,186.07013185597341,187.27271101204371,182.52028822336095,186.1664879357814,3721419,430397301,1.1710010214044004,1.0014905317444383,=mid_term
2024-10-25,178.57264694099933,178.21607603604969,176.2972913816536,177.7339186901041,3579741,206924981,3.553315058303712,0.26390971062646434,=mid_term
2024-10-28,176.77436596510623,178.73589843439916,175.2771791031946,176.88151950607536,4087541,296899919,3.7325364948649304,-1.4808359767651502,=mid_term
2024-10-29,176.85781610993342,179.45497188416806,174.95174415695172,176.12160642469,960369,318070527,2.5650336442954345,-2.983247084561126,=mid_term
2024-10-30,180.97798032271317,182.74382142894444,178.25748842102055,181.14666095522966,3962166,135313984,4.587476381117185,-2.0571782854758087,=mid_term
2024-10-31,180.34894439461357,181.384771981984,179.06679833605514,180.4769421503051,2005756,126542674,3.4025872912949406,-0.48289045969297484,=mid_term
2024-11-01,187.17655824594652,188.62242509456414,185.96676006202884,187.8103276752201,1679905,431093413,3.7567326916953143,2.2957305881649854,=mid_term
2024-11-04,182.84566923534004,185.3591865617935,182.6995258156532,182.72091401083676,2197935,249230829,4.786271730654229,0.20582524884558384,=mid_term
2024-11-05,184.24683118740168,187.03938836737143,184.15246068865946,185.0481472962588,844344,204018839,3.303971140811235,-3.1183727880064733,=mid_term
2024-11-06,186.39521014322344,189.89618118583098,186.02827746858463,186.91756259009475,3900119,264222490,3.8206346382305427,0.6650482198978015,=mid_term
2024-11-07,185.8000819940091,187.01292889621413,182.22852059735897,185.22623758188791,1519000,407067764,4.68655201153755,-1.96461391901182,=mid_term
2024-11-08,185.61134807429417,189.8153999585759,183.81094692513722,186.27843729075155,4694803,178003771,4.737613670106953,0.39239410480325965,=mid_term
2024-11-11,180.64799785307585,183.7054134278281,179.5553055776262,180.82919704509996,3412354,162152928,4.791061418723711,1.1653292353255706,=mid_term
2024-11-12,182.45802994748806,183.68598521485774,179.80830346864846,181.99058790539368,2692583,249150631,1.5027805052472938,0.41321714963089523,=mid_term
2024-11-13,175.98893498778162,177.25792769383375,174.09532645538155,175.7102227440244,2363220,148878089,4.893918635883544,0.6339984191805605,=mid_term
2024-11-14,174.91921493868503,176.58426448375997,174.17371098225175,174.2845460385333,3208216,148343477,4.563400085920044,0.5583593873447305,=mid_term
2024-11-15,177.87270103266295,178.8201730613845,177.209338558637,177.39028877986152,3331733,398617315,3.5483381859592087,-0.7172153564452941,=mid_term
2024-11-18,174.6612682125937,175.5273798189604,172.97849665641968,174.86961185555992,3708140,424244158,0.6204954226143885,0.3584611250847487,=mid_term
2024-11-19,178.51733151013985,180.24198056964383,176.92943645253132,178.10425011252406,4987249,364761694,4.914402575687461,0.1040052161865944,=mid_term
2024-11-20,177.19736730947218,179.4397450121855,174.89134192847655,177.91791611527898,4069927,99312803,1.6219750788421854,4.7008089877351065,=mid_term
2024-11-21,180.40988739304888,181.35397147352484,176.63690791607556,179.83940711697937,2742977,409932318,2.9344456140347734,3.744522034041736,=mid_term
2024-11-22,176.67266550974483,177.4718665314629,174.9552808145109,176.87600110259794,3675377,456038008,1.9345877823039546,-2.654495616566094,=mid_term
2024-11-25,181.79698625842596,181.76395106257556,177.90705104336294,181.45994757846367,1808835,408935502,0.5790903578905697,-0.32000126568554915,=mid_term
2024-11-26,180.1856368879503,181.32542162737894,180.44400497540678,180.91173773687987,2489147,304498004,2.2871721097452995,-1.3728268037321392,=mid_term
2024-11-27,185.26460228396945,188.80553783590108,182.21926176520512,185.1504518135925,2874872,309067353,2.6952889310500474,-0.9568989601661996,=mid_term
2024-11-28,183.95933620646167,186.7175255248705,182.71207440792713,183.5704403672265,1416716,473244672,4.620855533208855,3.185434338471527,=mid_term
2024-11-29,180.5553265688678,181.5333738562266,178.62443497270502,181.05253290489722,2152667,428704718,2.7920399231765227,-1.528509275976578,=mid_term
2024-12-02,176.2731441029834,178.1871768878229,174.19160621550003,177.02739887656267,4680856,493183005,3.4991675435403153,-1.704488073491417,=mid_term
2024-12-03,180.9973376863109,183.55946580768435,176.70517608391967,180.30132305158085,3849066,405410708,1.0354693827167727,-0.5355129332979931,=mid_term
2024-12-04,183.31594299181387,183.97426704163357,182.35291060173094,182.92369021046997,536539,343188232,1.4874294219157556,-0.3469479080887831,=mid_term
2024-12-05,186.1035129959849,190.09023161831988,185.83453082712236,186.70996789449313,1747136,94356134,1.3716276435422454,0.5111931834667041,=mid_term
2024-12-06,185.3079271103579,186.77272751733634,184.78693652389308,185.6693099078347,4080276,280829548,4.856762060408907,-2.6795302434131263,=mid_term
2024-12-09,183.7341101719514,185.20172740461643,181.00919601969105,183.80903490976667,3607861,447446439,0.6849626752189311,3.6494259408826255,=mid_term
2024-12-10,180.54813285213837,183.39012924947215,179.9347189094769,181.39390330650878,514964,366287042,4.6499249528876225,-1.3396779930047817,=mid_term
2024-12-11,180.4098181428674,182.02369932771526,179.00460222260656,180.6571562857305,4343583,192622129,4.531126575375026,-0.5816166813505711,=mid_term
2024-12-12,182.98802824442458,184.52321642463988,180.55095688166097,182.3455334115048,4232966,340741627,3.077990650546089,-2.7782125440826424,=mid_term
2024-12-13,183.4666369230047,187.1943267931507,181.88790746740176,184.07689744552957,4338225,335860479,4.480638894262219,-0.057185720552703406,=mid_term
2024-12-16,186.78402636652672,189.9002913230304,185.8305295770351,186.87942207279167,2735878,462447307,1.6941909023583173,-0.8861681935620337,=mid_term
2024-12-17,188.6636865888741,188.70411418280557,186.87366487430037,188.53018515729272,894217,483657947,2.9570215131063162,1.3102483222755725,=mid_term
2024-12-18,188.76618291878378,190.98564297361895,184.95753940375516,187.99406749153883,1526535,399478063,3.7493784957996814,-0.3523896327180056,=mid_term
2024-12-19,179.18147519780706,181.82844301302535,177.2127753100763,179.46240119807516,1184876,257463883,3.45582075977674,0.15768073987897527,=mid_term
2024-12-20,181.16201846125168,181.78356937435427,179.5754335925757,181.72456083535116,4774191,462803218,1.929128350869907,1.545738181390953,=mid_term
2024-12-23,183.7475167816971,185.01774560265096,182.34078347165763,183.82739980850437,2174522,92383233,0.9744707130446372,-4.796062245833999,=mid_term
2024-12-24,175.94489235698094,176.57194911798257,174.30179909990457,175.22199424804614,2067036,112975332,4.86568253138543,-2.6700292308916693,=mid_term
2024-12-25,168.93752960616203,170.44190967577404,168.35805525791056,168.7312247702628,1771713,357381689,0.8128813162886405,-0.9244443655397298,=mid_term
2024-12-26,168.91472178641592,172.44794249115958,166.48477568011367,169.0974975997134,1283477,144678518,3.1011912199174176,-1.3053012152942565,=mid_term
2024-12-27,172.23138560123434,174.36491160597262,170.2014974362383,172.6890190424852,2158408,111868558,4.48126121781017,-1.2695985185044931,=mid_term
2024-12-30,169.75541122107555,172.66984034406858,169.90570893280278,170.35992171625003,4273867,203816838,4.758085267514389,0.8873525299912287,=mid_term
2024-12-31,174.59561105563503,176.2572792454543,172.2928057103336,173.768017780633,1783917,371235874,4.7299758169711605,-1.241323453369469,=mid_term
2025-01-01,174.9725330625414,175.32324188345345,173.23415271263863,174.58523448589193,4681237,344734505,4.187903718975697,0.4683544417074797,=mid_term
2025-01-02,173.6186624925537,175.0220208244367,170.4148610488125,173.64798464325153,1982237,137698924,2.1415256575507335,-1.5549386055515042,=mid_term
2025-01-03,171.51572283149525,172.13025050405918,170.51313626822972,171.74793043357187,1577772,309140183,0.8789315643233668,-1.9038942274926773,=mid_term
2025-01-06,167.1481411491457,170.89751065837962,167.0254876062152,167.57804332467808,2566655,90449959,1.6619803365111214,0.7456215740314671,=mid_term
2025-01-07,170.12570249729907,172.61668211509638,169.317695101984,170.6494774280265,2759858,285464436,1.3743473856105453,1.2015518423561948,=mid_term
2025-01-08,172.4212055710197,175.52732490560604,170.89186180277167,172.91481857912922,3415953,318253276,1.5617439901470695,0.7806301270149872,=mid_term
2025-01-09,174.308034381124,175.94350514901564,172.21033551989177,173.5036462059984,1196790,174775434,0.9958749208154558,1.2172284589244802,=mid_term
2025-01-10,177.32807503621072,178.00362532964093,175.14179729864242,177.79290898129895,1681529,288548026,1.7678015477572206,-1.1231463160138093,=mid_term
2025-01-13,178.04296690962036,181.85494740917974,176.81589101694632,178.3063892853798,2558439,102106830,2.864928785333695,1.4190193468536016,=mid_term
2025-01-14,172.298806104837,174.4626026564029,172.0778816305565,172.83172538915508,3430921,220719555,3.9016691753794186,-1.610306694222151,=mid_term
2025-01-15,169.3741419877271,171.22738270625052,166.9751483390524,169.7018527958028,3966353,474338337,1.9971703875056452,0.5292607695862507,=mid_term
2025-01-16,172.83484572765906,174.0909355213959,170.87165206623018,173.19637488826942,700998,92997485,3.384379658187886,-1.3546879788719974,=mid_term
2025-01-17,177.5469132560034,180.2970356274485,174.97566703854292,177.10942074469506,3372010,326076196,1.3140236090795203,1.6887814658697342,=mid_term
2025-01-20,175.28388520606683,174.82359917329111,174.34972721243292,174.74340254128228,3762759,135975280,2.5457115198999185,5.232846482462383,=mid_term
2025-01-21,170.49248335776025,172.18721779405564,170.2332927492622,170.28506937396378,1291498,321081963,2.0325528514093563,-1.3578880384257572,=mid_term
2025-01-22,173.65107519585146,173.9529796737447,170.65069652136305,173.91111820246232,2355780,114829306,3.3421170349605007,-2.231352799984267,=mid_term
2025-01-23,179.90797873611027,180.30966603090855,178.98317258703878,179.15599088508378,4939364,52503886,1.1734639480076283,-4.03302115150739,=mid_term
2025-01-24,177.37253790634875,178.56197785510082,177.0136746186643,177.80404983593286,4211627,75065779,3.4792055428169104,2.0609044919707205,=mid_term
2025-01-27,173.84803054574965,174.12576496933673,173.1254392602817,173.64696297870682,724815,156113859,3.399555198945745,1.8455453142183134,=mid_term
2025-01-28,175.30238267306058,178.29263870758473,172.44737864496372,175.9485444401941,3193059,459674603,1.7206560948500618,-1.5525847380207694,=mid_term
2025-01-29,176.3693738840422,179.93059227970494,176.24136926685742,176.52293819094837,2936963,410555171,3.5719269398677187,-1.02465609872085,=mid_term
2025-01-30,181.0493380639714,180.46245308826988,179.34876939791002,180.21581439712998,3216893,424529891,4.790990268371168,1.5596157778316806,=mid_term
2025-01-31,180.02682543172705,182.0989039560118,177.51778542872816,179.46327130133938,985490,410089439,2.376196752712352,-1.914770120998249,=mid_term
2025-02-03,176.18984874210045,179.3300225081891,173.77644297358339,176.46803828836156,1712148,144622975,4.555001919647455,0.5675087139685777,=mid_term
2025-02-04,179.05964101769243,180.6832175167007,176.75051217491804,178.61338826313352,510121,277043994,3.4148472245745456,0.5176963017352195,=mid_term
2025-02-05,183.41022499641096,184.5780442772227,181.85037241699158,183.45566640783045,2815310,361679619,2.224352162912365,0.11766801585416957,=mid_term
2025-02-06,180.54831989193278,181.55680760120626,180.1335176180687,180.4640578427684,1536864,62936031,2.8463132300743834,1.8191507450480144,=mid_term
2025-02-07,193.85558610361582,196.96451036202353,192.79354593142585,193.17204952190994,1946246,244924960,1.2031964890957352,3.0936702950684887,=mid_term
2025-02-10,193.85015835547466,194.40425743162402,193.37319913065596,194.11421944264274,3852139,300152726,4.035153559138552,-0.15256767446489236,=mid_term
2025-02-11,196.7449019656288,200.9647090785799,197.39352837252272,197.48671193321456,3850991,181559726,4.16399054145306,1.0868043652484127,=mid_term
2025-02-12,197.93855150396283,200.44548790369356,195.78802501708157,198.31961828157864,1769240,119295188,2.023330635757831,1.202151262564216,=mid_term
2025-02-13,195.69420316536795,198.32866133512513,193.23543444172313,195.36467740565055,2905881,436342971,4.425920581337945,2.9714051253990874,=mid_term
2025-02-14,185.4628227258902,188.57349099048838,182.32111487579274,185.90563487474898,4784874,224249034,4.7185798324914225,0.05971028002652557,=mid_term
2025-02-17,189.30422823156036,193.20356130069132,188.6057150409413,189.98834213820672,2585599,126001372,1.2000844018723202,2.466809539482535,=mid_term
2025-02-18,190.08915524858352,189.9334960815239,188.10107489121577,189.59008101680527,1390313,93442380,3.381028425618669,1.9953623945695103,=mid_term
2025-02-19,189.76775208563163,194.1771457072843,186.96193983626682,190.46092846683857,3215198,419193693,3.2822552664194915,1.3682406975189818,=mid_term
2025-02-20,186.95381853826936,189.10131457372472,183.9158183129289,187.2457336569126,4026308,495831835,3.095192277973768,0.49282881768491815,=mid_term
2025-02-21,192.89798545528336,194.1219602218111,192.30843855367857,193.57585900591525,3209582,139473473,3.718190490881768,0.7481292896140387,=mid_term
2025-02-24,197.1269123278166,199.29147737815197,194.15940455638423,196.32112341573918,692066,152388836,1.1493292627037017,0.3773355644820502,=mid_term
2025-02-25,193.78128020232347,195.18303108686808,191.86427696813334,193.0802907434445,2013255,76869751,0.6847115697874306,2.0093733156047784,=mid_term
2025-02-26,188.4390536891952,191.72499172334042,189.07171932151041,189.17244635018926,2148221,183111500,1.8552685538104632,1.8523902714481848,=mid_term
2025-02-27,194.71054972162483,197.78975889925243,191.48644757059958,195.2784961545994,1750797,368294371,4.945542222276169,-1.494606219131274,=mid_term
2025-02-28,200.34242756390188,203.29985648641497,198.27885808561052,199.95400340705987,4222398,427747677,1.7410135086952694,-1.0107629168436678,=mid_term
2025-03-03,197.23253789897635,198.89876233993107,195.5086614914922,198.1128560159881,4995313,346163163,1.3359897294415595,-2.7899898966134526,=mid_term
2025-03-04,195.42230945211222,196.1617378667049,195.38120982163383,196.1173313098167,1678948,102922392,2.8132195233632515,1.2151097185450426,=mid_term
2025-03-05,203.39208418834434,205.4992402856356,202.82546843133753,204.09912557345697,2568922,222534292,1.8807459099428299,4.13356685506242,=mid_term
2025-03-06,201.3754302306738,203.50674913949916,199.34165549123412,201.9611759375311,4930476,295796605,1.8976077609668853,1.1396371951649495,=mid_term
2025-03-07,202.34750726202608,202.96591977547112,201.54372378959326,202.29514106324766,4836869,224325498,2.9529928627578665,-1.0326527578721634,=mid_term
2025-03-10,201.09257591934713,204.28388854316094,198.75747684667058,201.7795968331199,2391829,238239904,2.9668033485742678,-0.2537967265503207,=mid_term
2025-03-11,200.59872152254223,204.24628936051343,198.29789956557175,201.48565634594001,573780,74844671,4.94010505028864,2.109681290935893,=mid_term
2025-03-12,207.99673683998196,210.4948296869658,206.05874278176407,209.01293196497963,1183698,379695345,3.5335262754077537,0.3885145686294797,=mid_term
2025-03-13,208.6314140824094,210.3249896649382,205.96464736822224,208.98572076066412,2648462,490084217,1.9085076687555844,2.7551861943417237,=mid_term
2025-03-14,204.17941545276585,206.0555531477652,202.93327783922686,205.19257574148992,1373672,110269342,0.6849450494022499,3.791127911434479,=mid_term
2025-03-17,199.85931441689092,200.57574103299095,197.8012525335532,199.63987652159457,2185714,355361770,4.8735054648447305,1.6255068413261577,=mid_term
2025-03-18,201.14529163099178,203.16735746372916,197.39101192342204,201.01353142901277,4119949,461854319,4.427792484902595,-0.6579302395612426,=mid_term
2025-03-19,206.53222996288855,210.33898152584737,204.60848724832468,207.4849355704325,4116544,182878384,3.785725217518544,3.036138307793066,=mid_term
2025-03-20,213.9158176410405,216.08476169352144,214.110222310795,214.50968470603848,1309611,394064557,0.9531211298295128,0.8178640982121953,=mid_term
2025-03-21,214.13442810784647,216.76693198456326,210.90709746094694,213.8955886739775,1254875,429545423,2.964751846320781,2.4468005554599395,=mid_term
2025-03-24,217.30488199825666,220.15980229659374,213.6597681065453,216.3991433756085,4555257,202270883,4.340160200906546,-1.5794424108552683,=mid_term
2025-03-25,217.8181023007843,219.84866402950448,215.04907299822108,217.48658417988003,2762673,107998484,1.5927340984989071,1.0010348941686886,=mid_term
2025-03-26,219.98131317205835,223.08709768690198,219.71523047818584,220.03866190057934,3945998,65039052,1.4684900094299846,4.508394947336353,=mid_term
2025-03-27,213.00859316224003,216.73002218369197,211.22117505458752,213.73032255361915,3248407,204972214,3.9638917552756467,-0.5555193836820337,=mid_term
2025-03-28,211.01106761282855,213.96530070733044,211.12789140079707,211.76105761339397,2232356,92214256,4.302779906925755,1.6951231334053696,=mid_term
2025-03-31,217.47896803077566,218.48589381027156,215.66814606041962,216.6602636998708,1914029,393906449,2.701548684420445,-0.24247450414135682,=mid_term
2025-04-01,221.22891173839997,221.45073077005603,216.6236566934001,220.79997598892908,623444,95611849,2.9916539656458174,3.8620638907475535,=mid_term
2025-04-02,227.76284809995693,231.33204679968543,224.57538778826606,227.18130263366723,1658797,208705275,1.9079293974044391,-0.8068036766457569,=mid_term
2025-04-03,223.00609279626423,225.10787027084376,223.13983056383316,223.59719548440435,3293620,102650697,2.1950049416685147,-3.229258250626745,=mid_term
2025-04-04,223.19268581353094,227.07159086664075,222.90507465688378,223.0089746321774,3789133,67606583,1.0741473572432079,0.4438470959215769,=mid_term
2025-04-07,223.40372489191176,223.61536741642618,219.04325102490284,222.4697909617639,3625548,53874968,4.8385647266682605,4.7637288676435485,=mid_term
2025-04-08,226.14354718138057,227.3172935556445,226.00988560951922,226.36849467474394,573299,414953049,3.013173537382368,0.16270342318978653,=mid_term
2025-04-09,231.47931842264308,234.22808077669467,227.8477481798549,231.84656058663967,2213631,474909636,3.8419774387638723,-2.961852803848921,=mid_term
2025-04-10,230.4987569384551,231.0775648930735,229.5819146713285,230.90077202323417,3490304,155227820,4.5927942437652165,-0.6882596889371337,=mid_term
2025-04-11,240.49474587537276,242.63314411586904,235.78942774553408,239.59527274015414,2291523,59718565,2.40591681952162,1.5638807390243588,=mid_term
2025-04-14,242.07865495628707,246.32664683943656,240.30826175852968,241.50607885715735,1467375,183905592,2.6895094388618,-0.874158336225989,=mid_term
2025-04-15,239.42947279563694,239.19572427946864,234.3783581460009,238.8430514077534,2886166,192192662,2.985259251402434,2.8174642981124074,=mid_term
2025-04-16,237.0801135618867,241.38514374407833,237.4960634500882,237.63527596528547,2992163,281553550,3.5186942528413936,2.109942413934279,=mid_term
2025-04-17,237.76001127432826,240.73995612448832,237.62720837123962,238.88127287735648,559761,271166845,1.139064072125143,0.024049253751111555,=mid_term
2025-04-18,233.00491213959185,232.8380600482235,228.87598022147915,231.88079361734955,4638624,230733915,1.3751664689585803,-0.10691182963264521,=mid_term
2025-04-21,230.03355662364848,232.3063906934845,227.27720812514235,230.28941326107963,2546376,454880354,4.293314519614409,-2.4336323433193776,=mid_term
2025-04-22,236.35493919803008,238.61991332221183,231.015241380771,235.57442442343321,3019467,306411439,3.5747227956954455,2.0026478826149785,=mid_term
2025-04-23,238.80594641325757,240.7026182954923,235.5481906239995,239.87157626039155,2167582,303791265,1.6551092543692303,-4.030536945470208,=mid_term
2025-04-24,237.1575090666574,240.81185975745822,234.87343817658103,237.9010245233499,3039104,421030669,3.2606322759068567,-2.1245001919482904,=mid_term
2025-04-25,241.35328242194726,242.049642775074,237.05108620379858,240.9292211482874,3467578,163391131,2.1067551002283125,1.6224112828040036,=mid_term
2025-04-28,250.40594039523853,251.0909072334085,248.57269624835735,249.5986190804321,2030858,134234826,2.5862855193234466,2.846372441176888,=mid_term
2025-04-29,255.94311728968768,257.40891487407526,255.1721190911355,257.1292891786201,1496782,344469884,0.5153219251725882,-0.490029916217527,=mid_term
2025-04-30,262.0529913243836,264.9768359697206,258.7313851097503,261.6543806692629,2848567,63040416,4.636538709262696,0.5958660791933216,=mid_term
2025-05-01,257.8980891045251,262.14986791524285,253.99935527851375,258.99585943472243,2258465,93267515,1.5173947338059968,-2.6514522380867858,=mid_term
2025-05-02,252.5715929754137,255.5146464472824,249.3996714106579,251.7719031667296,4921464,408128224,1.4151989557225195,1.292518577522524,=mid_term
2025-05-05,256.10044166513694,257.63281515130035,253.7003365293446,255.6593625155296,3081329,267823000,4.24977975841915,2.7195783535949767,=mid_term
2025-05-06,250.3617155816009,252.36795282853203,245.39998450442388,250.03639069634255,3007651,464037000,0.9948597818414908,-1.6384880756367528,=mid_term
2025-05-07,250.51075047576413,252.86701644911267,250.2170155547194,250.82544761035444,3796709,205119835,2.6315963536160862,-2.182070467491721,=mid_term
2025-05-08,254.00529905429602,257.11749530145084,247.89873761044993,252.7843119161383,2796776,177735416,1.5391927651059265,-0.9777353240251042,=mid_term
2025-05-09,260.32268172948676,261.1379728432095,256.7688359991897,259.2417941418375,2207103,187888610,2.9406802344565275,-1.6758120534009378,=mid_term
2025-05-12,253.34004153433509,255.58206699810464,252.0619128961972,254.33049997476652,4533059,410053281,1.270440706106559,-2.480097517412862,=mid_term
2025-05-13,252.98893498696148,254.99194719529572,252.30017732741103,252.40428699247946,1611422,237941680,1.0677796071082455,-2.9419569911826176,=mid_term
2025-05-14,263.3912035322512,265.6397564791373,259.650441124087,263.0687662163483,2277532,366510463,1.0896892837091536,0.9455182697093778,=mid_term
2025-05-15,272.90410298221644,275.15253599926325,267.67049413958256,272.9553023529697,4173097,295801897,1.9867097436799184,3.2109029191029674,=mid_term
2025-05-16,273.3107178207193,277.6851698772283,273.66912468818157,274.4811138253525,4231094,407913435,1.8949045593306058,-1.228488810741315,=mid_term
2025-05-19,270.9763088059828,275.18060190210656,265.22114821623626,270.2780583603267,4999013,123660987,1.38224644316693,2.8129164227641645,=mid_term
2025-05-20,267.7181384194789,268.80817924693736,263.9593148531417,268.79594041284497,4573729,264283603,2.045256956677565,-3.932219530965108,=mid_term
2025-05-21,278.10775399513636,281.0410706600399,274.597545154322,278.1333111565943,4043109,100864342,1.2388162646119192,-0.6180178998817789,=mid_term
2025-05-22,275.0921905408374,279.4631834362352,274.21091979631757,276.06502746941027,3115530,176594160,2.0227909338479577,-1.8466617504472895,=mid_term
2025-05-23,274.1103152618061,274.0580205984137,272.8301021172153,273.5705358373124,1218474,270312472,2.7135866146197842,-0.6649957926864472,=mid_term
2025-05-26,284.42171945604383,289.5235619427085,282.29823398580527,283.8779040318282,2866759,252172332,2.0005517596345417,0.5417344814641567,=mid_term
2025-05-27,273.08378672212683,275.32521070421495,270.9764061862669,272.0637991237716,4587774,446555705,4.751537786705768,0.5280658317249333,=mid_term
2025-05-28,284.07933882933327,286.56237043200093,279.89501870506405,283.89492142479594,3057723,121945096,1.5168347476927493,0.3494410030318934,=mid_term
2025-05-29,293.70475585252905,296.5157478506442,291.043938512956,292.79748857554455,4538384,380014026,4.9751685329245365,1.735798313050218,=mid_term
2025-05-30,283.422160047425,284.7464271383721,281.7704221591397,284.2368411167919,4293441,287791502,4.87602191744924,-2.6251918080662344,=mid_term
2025-06-02,281.1707959566918,285.5913889635051,279.3148129268117,281.42517404309854,1270337,247479621,4.59305568110227,1.0731858789709237,=mid_term
2025-06-03,279.06439784930757,281.7935646977138,275.46792627968375,278.83780918124705,3069139,391740962,1.3454544099783317,-0.5881757181073762,=mid_term
2025-06-04,277.17796383073187,281.9652299991234,274.3096050259277,276.7376687111096,3617556,148875888,4.952890685324564,-2.1548188075262953,=mid_term
2025-06-05,289.6230291223253,291.65432418850696,286.93247293105634,289.5946052044396,3864360,82804040,1.7998218941297333,-0.40591288286406735,=mid_term
2025-06-06,298.90549053926856,303.93649328943803,294.7928002630589,298.5593614916896,2825799,435404324,3.1069925870288264,2.675393149119271,=mid_term
2025-06-09,304.9941146019203,306.2978522554343,301.3782730305135,306.05809413448475,2724825,358975712,2.4336575107314813,0.005638028820145464,=mid_term
2025-06-10,311.0755262005506,316.455231421372,310.4693917633051,312.3924068681321,4896651,312609238,3.5977502593470936,-0.5610814714407365,=mid_term
2025-06-11,303.08638997232225,309.6633831804581,301.81831255880934,303.8644580178039,797439,97817837,1.818836738835395,1.6443666186160701,=mid_term
2025-06-12,295.32280118164175,299.4314559108362,293.9903555342086,295.8086464861009,3764635,244636503,0.7431025376477558,1.247294015142665,=mid_term
2025-06-13,294.59252629448537,295.76999012372227,292.6054585586566,294.87740940352563,3128984,61458936,2.647775689940701,4.014742828353158,=mid_term
2025-06-16,296.2940778675618,296.68523401977967,295.0887241354746,296.22762115721684,2659653,336174739,0.87858762361236,-2.4092720292189083,=mid_term
2025-06-17,308.4820836603331,310.47697593795783,308.6179458875269,309.8547743836796,4528189,454346715,3.7703271941875176,3.1800980235699767,=mid_term
2025-06-18,316.90656674484546,322.1936495049999,310.6087303913818,316.02460279719634,1757054,447022744,4.839283804576378,1.6819474808793515,=mid_term
2025-06-19,323.2431762542734,325.46319894922567,323.8136256885455,324.68647410005786,4655775,189152944,2.701573127264247,-1.8697301914381794,=mid_term
2025-06-20,317.22475536054856,318.2429396028275,311.22626525401404,317.5518960242476,4732315,344984524,1.3820755615620417,0.6845804608732319,=mid_term
2025-06-23,315.895032884037,319.77405516139953,315.7207589319439,316.4819833494848,1061667,225171461,4.90478079387619,1.275434674353592,=mid_term
2025-06-24,311.86533025819824,317.25212439427315,312.13384431877677,313.08667565701256,4271937,412646888,4.42630903530854,-3.629402143553949,=mid_term
2025-06-25,309.05436419583583,311.8756090257831,306.1388795182246,307.5975735656749,1835430,206459570,3.9608363465472305,-0.30004189597762526,=mid_term
2025-06-26,303.432468765596,307.50402425762246,301.7523662993178,304.27905478237835,3213581,452091104,4.261113756468363,0.5909195830252709,=mid_term
2025-06-27,303.6490934960028,306.8868819564841,301.4235001981899,304.44309076928926,3502902,50122149,2.4831262295417442,3.4345666622751936,=mid_term
2025-06-30,302.4855003200545,301.63881476141034,301.07235680797993,301.5275811039629,3309706,82340709,3.226038284162084,-2.1467873647183233,=mid_term
2025-07-01,298.3740950715075,301.7660230663216,296.5583224232938,298.8723753561624,3448215,372865600,2.6030886702086615,-2.1129101906919208,=mid_term
2025-07-02,305.3949077407315,308.69182007819995,303.1140606320036,303.9241207564257,777682,491122857,1.788186951175057,-2.8617942989288423,=mid_term
2025-07-03,301.6181005932377,307.36706674975926,298.91908773683883,303.12600731047434,2504415,298793969,1.856728517465145,0.9691586101368483,=mid_term
2025-07-04,304.43607765043396,309.5051463646742,298.11220222063395,303.7457410647157,899686,337061068,1.0160118093948212,-0.9854432610775621,=mid_term
2025-07-07,299.8032456304833,303.4075779169396,296.8441739727718,300.39642629777956,3642749,218667419,4.936591323314909,0.2710218860994617,=mid_term
2025-07-08,292.54906250739594,295.69522005204556,289.4916638613884,292.7435673262434,1054395,72881966,2.4327558607175295,-0.0015378487154738172,=mid_term
2025-07-09,288.2919954880872,293.52198239142314,286.96584674954295,287.9604639301264,3325028,340790098,0.6562716425444985,1.5075647090695803,=mid_term
2025-07-10,285.6363286113513,288.1957351232967,285.43150531392354,286.110832194924,4518099,183824839,3.1594258261674475,-0.633054183443005,=mid_term
2025-07-11,281.4887090950742,285.43789435345315,276.43759274270417,280.3944157286602,1662143,116301718,4.1844303651256745,0.3696786085729794,=mid_term
2025-07-14,277.4624059011932,279.56647696439336,277.29836445754376,278.50481072531653,1089388,366021865,2.7164275301997485,-2.3570860652567496,=mid_term
2025-07-15,274.3272315806354,274.82838254054053,272.184610709929,274.60401977234824,1236454,418546029,3.729341457341506,-0.7519161771470835,=mid_term
2025-07-16,269.41331481442154,269.8524736019975,264.13577548438155,269.14282463177113,2550305,352535388,1.793063443921758,-1.337018342418702,=mid_term
2025-07-17,266.99583656079164,272.5440549269019,266.44782464380495,268.2825381090021,2423633,115697720,4.920709287449981,1.1722227092985475,=mid_term
2025-07-18,268.2910285624131,269.6638523955915,265.4499037845265,267.5993766502351,1084369,134510355,1.0897926668710438,7.592195550740638,=mid_term
2025-07-21,270.0332903445254,270.5761502532185,266.67795970700314,268.7272525821115,875429,448933958,2.1707071062467307,0.8055911041190511,=mid_term
2025-07-22,270.13622611128176,273.1242448795206,265.74921977425396,269.4623104394089,4218551,281038753,3.226373410051318,-2.1371617101844764,=mid_term
2025-07-23,269.9857993107405,273.597289424035,268.67745036313676,270.5126498502645,2231727,251644689,3.3202765877667932,1.0360027048447766,=mid_term
2025-07-24,270.0597462034376,271.52461092752077,267.6903903958906,269.72938314250536,3310200,441813380,2.945483195095953,1.0159191470494164,=mid_term
2025-07-25,270.5941686578639,270.5539788526878,268.826918221125,270.1678983104357,3758364,474691777,2.4416094915153166,0.2806785490357412,=mid_term
2025-07-28,275.08231030662046,275.6524013801385,273.78216427411155,274.8714430933608,1208871,146453345,4.789763863220732,-0.8516041790479965,=mid_term
2025-07-29,264.19605304212166,268.73503704876606,262.0716413635085,264.87311198545297,3044225,131312028,4.271003729459083,0.241442511242813,=mid_term
2025-07-30,261.11575882023993,260.67807018135403,259.6400640141822,260.27113534877117,2383081,127900925,1.884708175949236,-2.022294852559991,=mid_term
2025-07-31,264.3085114725018,268.39063597691796,260.7018455407284,264.00322303485046,4378433,467050713,1.6684211880627005,4.338202256118707,=mid_term
2025-08-01,263.3834846965567,267.78672967239174,258.6809310286981,263.038199411649,1368491,436468017,4.439717093774725,0.6680814044364964,=mid_term
2025-08-04,266.5140621379258,268.6384899189672,264.93153188218054,267.40883324891035,4254844,102589604,0.6981397409767812,-1.0281313410862085,=mid_term
2025-08-05,259.13521338310613,263.2748227823949,258.4339512418326,259.80935467624676,3009398,348941224,4.894613559609725,-3.1713186514378555,=mid_term
2025-08-06,251.42417075054792,255.8198525683528,249.26668932677777,251.62840197149728,2712277,406166743,2.1100790127508926,-1.511232619447232,=mid_term
2025-08-07,247.17135014329634,249.17783056661813,245.51871700786543,247.0367802155936,3663207,155191482,0.9202830900124115,-0.35528761405584336,=mid_term
2025-08-08,239.63590456347922,243.74132347076124,239.46957290414647,239.7003004374727,3262804,176877926,2.8324678773164793,-0.7653454957462377,=mid_term
2025-08-11,239.3284347058588,238.76457694275769,235.57176486790533,238.32999168587426,1787661,446678287,1.8031257233942934,0.42611347022165436,=mid_term
2025-08-12,234.9719592791988,238.5207126694249,231.3946971438004,234.5318506923708,3882437,186139893,1.9654663161636867,1.619042561184918,=mid_term
2025-08-13,241.096128191644,242.24394685869873,236.22262165291937,240.45015005786345,2865773,327026167,4.610009436421538,1.013267629434715,=mid_term
2025-08-14,238.01440000757339,238.93390090181396,233.90613206691467,238.18856195743885,910122,96947749,2.082538872126719,-0.7488424342622853,=mid_term
2025-08-15,237.5069516218327,242.1894451593885,236.8211392100957,237.907261071587,4476039,65862873,4.400277160525845,-1.4676975053700796,=mid_term
2025-08-18,241.8069415735363,242.75690337013185,237.90100086275484,241.7273726886884,795225,206604985,4.799890727907782,3.0297224542055923,=mid_term
2025-08-19,245.4094631656577,248.50457798393927,240.6643361275047,244.60982289562162,4006471,145322069,1.6111492749485967,-2.100435384517226,=mid_term
2025-08-20,244.52705712407888,248.7368608676094,241.3477867003021,245.22423410199286,804123,413716179,4.894053587347758,-1.6996647128194666,=mid_term
2025-08-21,243.02635436733667,243.05489172470595,240.21752055978286,242.69533532689852,4246704,439025659,3.7455042264009606,0.7240880742795485,=mid_term
2025-08-22,249.79891341909675,254.38407611890426,247.74013589008013,250.284882230771,2867764,315856086,2.2168527467096637,-1.0215252578568905,=mid_term
2025-08-25,255.3340894620795,257.7306875116464,251.9854811470697,255.9955091935094,1374618,434114465,2.3792531911784183,-0.876499572425393,=mid_term
2025-08-26,261.8495415977579,266.6127645128844,260.0122588570615,262.83752011835946,2079654,142628655,0.8539202462756184,-0.6585836053630826,=mid_term
2025-08-27,263.3154515247004,264.3470072733202,262.7246491431088,262.8076363201677,4504270,327517013,4.782630829135325,-2.049260622555053,=mid_term
2025-08-28,250.94240740033823,252.35225172442549,246.76491190988583,249.71931602079107,3736784,217935980,2.2910273715822984,2.6189540409015684,=mid_term
2025-08-29,258.64146614209307,259.1660209885101,256.1933721540624,258.9622317064774,3428783,105693715,4.42795062498879,3.9531509731848664,=mid_term
2025-09-01,250.212514202719,251.88677656549345,245.97387444602197,249.25283128027806,2777679,153729568,1.1685416765929806,-1.6926726786047086,=mid_term
2025-09-02,246.53797108884092,247.48896727029742,242.37675543631866,246.88593046015802,937926,261912465,1.846260905072448,1.121722031009293,=mid_term
2025-09-03,249.8367615016558,253.18106301342422,247.8860363996289,250.69018972362744,4769803,101387905,3.228428933411328,-2.5461421142276937,=mid_term
2025-09-04,250.19127267279032,251.76226253833732,246.24805994033068,250.02448612615203,4886725,379276543,1.3464177948210891,-0.7738160948860562,=mid_term
2025-09-05,261.94684965088015,265.8564956596601,260.47307185944146,260.8574469353858,2241248,330391560,1.7442908042374197,-0.13361831074770616,=mid_term
2025-09-08,262.40733852601534,263.98098672119363,257.47047507990203,261.42747694618754,1307095,499308736,3.81377109468999,-1.2863434110312038,=mid_term
2025-09-09,269.9822663692365,270.6334383718064,269.806408135255,270.3115549296897,585215,139883836,3.0796866388060993,-0.6440837517668664,=mid_term
2025-09-10,269.27811528810133,271.2502523856007,264.0458858417383,268.1248413539613,3354682,435677297,1.2591430627519937,1.6951541001404986,=mid_term
2025-09-11,261.70460243710744,266.73988264220526,261.3973888721043,262.75803816674306,2169679,382837832,0.6325857868402087,1.5379732413921259,=mid_term
2025-09-12,262.83027070262517,268.00225217873276,261.90691422823284,263.5057608582044,2713380,69780662,1.1112212984223242,2.664831322955934,=mid_term
2025-09-15,252.53902757598084,257.0421308949404,249.06754438115863,252.30793791284742,1922998,285763236,1.2487965445896725,-2.1276623104562846,=mid_term
2025-09-16,248.16371738881404,251.4955362146416,246.26758667483247,247.42402509767152,3377860,460274756,1.2201189904913727,-0.4188299461815805,=mid_term
2025-09-17,240.20164369570128,241.42788855382358,238.57358807524136,239.73566904305915,4733832,62336736,2.289417442613534,1.7011799831300993,=mid_term
2025-09-18,241.71005520786665,243.72021616897504,240.53630955818588,242.30436647282815,2112403,414130638,2.4367250209208087,-1.8680025742387398,=mid_term
2025-09-19,231.59430993372695,235.4159589456994,230.84578752599015,231.38808470327737,2209162,265664474,2.3850627192269593,1.761196733890181,=mid_term
2025-09-22,233.3486441299574,236.3795483377699,229.85390518255787,232.26601915833004,1114283,401479797,3.7738369088928905,-1.3740120424726516,=mid_term
2025-09-23,231.01662377226276,233.81516846763643,227.20803852714337,230.04847517140942,3153042,446954634,3.4079083342182934,-0.9760423719061171,=mid_term
2025-09-24,236.11952959626515,237.5911271233385,232.2124124718852,236.3245814153904,4196550,261857157,2.0788834044157793,1.0688085420931108,=mid_term
2025-09-25,232.54704910001945,235.8685767396821,231.0735802258092,231.7592619489315,510084,305776318,0.5369800292534591,0.4328177478118529,=mid_term
2025-09-26,237.51335199494795,237.85561222426992,233.10472498994653,236.69277314397024,676430,446970705,2.9117281550977325,0.2915099325659248,=mid_term
2025-09-29,230.22329514516687,229.6690895902114,226.213030084713,229.10101449060133,3927185,496073097,3.8009488589646727,0.8793728480096881,=mid_term
2025-09-30,238.9276591608031,238.1793413967537,235.73548784014994,238.13507386321538,3757678,279892174,2.0467666124835255,0.6774961451876056,=mid_term
2025-10-01,241.37681756563765,244.57869002417533,236.49862944392635,240.3933913371764,3214759,281417673,4.081913217635742,-1.1818622919797726,=mid_term
2025-10-02,245.15062976929227,246.13484982330138,241.52720916086088,244.99641014584336,2248497,249552562,3.547937338755088,2.819197457235029,=mid_term
2025-10-03,254.64080337232556,254.54257209945038,251.458877535883,254.0045026239576,4668005,350119310,4.785113278107594,-0.30524703079623283,=mid_term
2025-10-06,255.6809456065994,259.66983770356995,252.34003202155708,256.52989938295536,3881600,479335361,3.590181981531906,-0.802723949842807,=mid_term
2025-10-07,248.6139630196894,249.73820929786098,247.80159502918934,249.54848263871372,1607075,407660837,1.946890234771191,-1.341498637323613,=mid_term
2025-10-08,243.80736835152805,243.8418558731679,240.49027090057348,243.02986178324912,4387122,211169730,1.9980635870972283,2.0785469403033274,=mid_term
2025-10-09,248.05299931455474,252.520402851179,247.7211195112745,248.39649107408124,1905728,419815608,1.8669906204923785,-2.3951749537565905,=mid_term
2025-10-10,252.4635439754331,255.53959347865495,248.52399884457924,253.04275221819532,4567532,208369132,3.680707412470812,-0.14338800602259016,=mid_term
2025-10-13,254.52253747779687,256.854789019728,251.54332660593462,255.2749586679487,829759,275807383,4.597910605219129,0.1279775507162305,=mid_term
2025-10-14,254.2384543487706,257.9410760297632,250.1296915845365,253.75238684300913,606177,438078805,4.063474348699382,-3.1991947338945588,=mid_term
2025-10-15,254.99937377126676,255.83297666553935,251.07740629769793,255.09575383031833,3382794,115076394,1.499461650449532,-2.273735175886586,=mid_term
2025-10-16,254.63665859675984,256.0168688020644,252.05412885110874,255.21303551113962,674649,497098474,3.396278770672386,-1.5145095150711794,=mid_term
2025-10-17,261.95373535284267,262.7438919294377,260.53594741117405,261.5032962969648,849692,232414252,4.296277681143371,2.0048182837207045,=mid_term
2025-10-20,253.73054530678908,256.80006977483055,252.90843289111058,254.64230635041324,4950140,122762654,1.9879322086731208,0.4736743758666305,=mid_term
2025-10-21,256.41808901581777,257.51266180518553,254.81530591758724,256.87294280686575,1227771,419281987,4.591486328941059,-1.9843665747576604,=mid_term
2025-10-22,252.49669487767332,254.16147953656176,251.31618249297978,251.61956218424694,1015075,325181804,2.8447311634771686,-1.1275210525564092,=mid_term
2025-10-23,242.8039037925381,245.4165127879488,241.8106493246236,243.60777173154437,1702780,361901829,2.942077288333519,-2.6813743392185834,=mid_term
2025-10-24,237.95624837770453,240.7234097840147,237.30650731976857,238.84024992075862,4507251,251301366,4.185643619455368,1.1018566128555867,=mid_term
2025-10-27,237.60089048349084,241.98935130861994,237.62366500293157,238.4853183431118,609992,87488748,2.419704096144621,2.0151754718210078,=mid_term
2025-10-28,238.43223447095852,240.75561863395384,236.67193728604815,237.67425300622034,2461477,461047872,0.8109375591574242,1.4159970563133895,=mid_term
2025-10-29,238.82923694160996,244.21364240527438,238.9680854930958,239.63447469283514,1066889,483192901,1.665530938536235,-0.21794695329366348,=mid_term
2025-10-30,244.4465434757851,246.97057681438918,239.1916124773523,243.72950086286536,4161124,337515513,2.473410618475578,1.2227201356978352,=mid_term
2025-10-31,248.23920568366228,252.23214159710747,243.95640321274647,247.66572090644962,649176,303257667,3.0269901424352583,-0.8036401306395585,=mid_term
2025-11-03,249.97903390695703,250.1938697212013,247.24298531246308,250.05390823854037,4078677,269352325,4.111031161811688,-3.201031468439633,=mid_term
2025-11-04,244.7601096914021,248.16447410069182,241.49032112435268,244.2882732010342,4321730,87957534,3.782365314122392,-2.0640475889067527,=mid_term
2025-11-05,233.3169571685776,236.53547595432147,228.33670674780402,232.8785729883946,2889963,264947420,1.5808555315432045,-0.2591262222142337,=mid_term
2025-11-06,234.6457223456289,236.66732606840674,232.5763141255342,234.80244525672475,3865225,312978304,2.0294314328534817,-3.2122957799599314,=mid_term
2025-11-07,238.58964323575287,239.64610502194665,236.03336867630637,238.92258916002828,4383693,314895855,3.9139821540777664,5.08362239326594,=mid_term
2025-11-10,236.78000940784568,240.74437245596704,236.7445186585292,237.71762222535796,2673763,314514076,1.688621195190789,-0.5003416097879181,=mid_term
2025-11-11,247.43588202442376,252.21903228057684,245.67350075158532,247.6819877994627,1108718,263505933,4.844091827376851,0.7650834579416607,=mid_term
2025-11-12,250.66398090068705,251.90797517008957,250.20318100393786,251.6610956411368,4528771,115051066,4.52839794951551,-1.2320720713287638,=mid_term
2025-11-13,246.37873675547715,249.26394777748013,245.3580084770616,245.9940847853729,4786183,102053922,4.00119722297542,2.120866944406406,=mid_term
2025-11-14,252.65601661159232,256.5492073073474,252.20583063875185,253.51964926742593,1484174,130504567,2.3666495241357706,0.14569698810988022,=mid_term
2025-11-17,243.5737540280575,246.21391541670548,242.47100292500627,243.74189334672567,1770950,271976601,4.400522432535951,-1.2460546920387483,=mid_term
2025-11-18,239.08305626355317,242.6008686461166,235.4940983097485,239.7024013825597,1039314,391126032,4.603733303062631,-2.8421476926895233,=mid_term
2025-11-19,243.12568882785638,244.05862670077138,238.98299121396732,242.48820676931498,1850253,178682301,1.8656534687171704,-0.6208519231655637,=mid_term
2025-11-20,235.40048113570305,240.0754832085758,232.4913025326607,236.44722335591047,2110615,120756023,4.702425974829367,-1.271737747552654,=mid_term
2025-11-21,244.01715673701779,246.67334945117028,242.85816819754706,244.64504358927056,1002462,246024916,3.885426001514726,2.320488795458593,=mid_term
2025-11-24,249.33421805340203,253.67574623005615,248.6555805484456,249.51389891748065,805402,174003500,2.1472725474595427,-0.8924964639639585,=mid_term
2025-11-25,246.3870486130726,249.77177119004227,242.55689972024697,245.4251171229719,4735284,251658089,0.6797924252487626,-0.10426636196101217,=mid_term
2025-11-26,250.10468870340998,251.1392436118621,249.29393545779325,250.1366528777305,834285,190665522,0.6261532167453496,-3.404929691089609,=mid_term
2025-11-27,247.92501015558614,249.06317917078425,243.38492992853872,247.29273502896544,2187340,491670746,3.7296852257611905,-3.5335486337375057,=mid_term
2025-11-28,246.7627435701495,248.57926703395833,245.52262290473035,246.90235773183116,2751242,261820369,3.297133326087312,3.618599108339834,=mid_term
2025-12-01,238.34667727350927,238.72317227631297,234.7370062460931,238.46585286591895,2493320,152991953,3.7643403804638442,0.7192403975671546,=mid_term
2025-12-02,229.28567374629998,230.7678075961666,225.70688882473303,228.68176121345448,4313493,444058828,1.9614845283459155,-0.645558589336398,=mid_term
2025-12-03,230.14089861226265,229.70969823159663,225.034802976646,229.02453794640755,3689488,245165597,0.7023565113249224,0.21621637321732246,=mid_term
2025-12-04,225.50365705545528,226.143423710952,224.29127329586893,225.03359233337545,3739744,84151454,4.7637527955161705,0.4150118281033865,=mid_term
2025-12-05,234.959477423604,235.33255063965663,230.2156609414461,234.47402104628677,4364458,369694624,0.9606791945643592,-4.261615477058395,=mid_term
2025-12-08,226.35754184010904,226.21198398404917,223.4277533770707,225.30753366375086,1040883,63300077,4.6497053650611235,0.8452830432591978,=mid_term
2025-12-09,220.59335297300134,224.4382334810295,217.27847066720994,220.81082141406173,4101391,346439904,2.72809861330815,-2.499324916131048,=mid_term
2025-12-10,217.64567295798878,220.13975600826424,213.17522760351386,216.91335242661637,1405832,162635859,2.355169530949323,-2.6006796535639456,=mid_term
2025-12-11,217.8131662279729,221.56044025945974,217.2176870019346,218.88741159465195,1340729,392149934,2.731530673102599,-0.33661940177999256,=mid_term
2025-12-12,225.90967770855545,228.69266349922054,224.9900604111329,225.2724360770231,4245346,443817472,3.045148981037073,0.03626997216108141,=mid_term
2025-12-15,225.8409820761822,227.86281553892235,224.85145277751144,226.2891848573043,2879545,365091069,3.0178820258295733,-0.4259598487853205,=mid_term
2025-12-16,222.74125943760475,224.99449855425289,219.12431482355458,222.20499787584856,1926604,101705895,4.917199249530051,0.6732104819179492,=mid_term
2025-12-17,216.73708541557647,219.05443401610378,214.52026389537716,217.5738209109014,1681411,481945052,4.142468168800184,1.156273634926959,=mid_term
2025-12-18,217.05626546674023,217.99666952459677,214.43830037377282,217.9371612936937,1293545,300407276,1.354828962126641,-0.43080536085526,=mid_term
2025-12-19,223.47818299671528,226.8257940392487,219.64478247652843,223.65929829660996,4955908,455939834,3.806203831805853,-0.033369529947192375,=mid_term
2025-12-22,217.88902585054507,217.9249695526938,214.58462451892672,217.10495017000423,1296405,247562058,4.920195425443185,-2.2440811187848397,=mid_term
2025-12-23,215.17205148940286,218.96970241378673,212.1105080323454,215.50923571554443,4260826,177840470,2.4514144516199665,-3.2756244100243803,=mid_term
2025-12-24,217.53827330262334,220.4186455109356,216.72769453929746,217.00569852959578,3431725,66383514,3.5542422599216072,-0.513990975029549,=mid_term
2025-12-25,219.43503582672201,222.7528271533167,215.9143088215692,219.36628705276524,1035389,442830153,2.673184293503959,1.2048429500441609,=mid_term
2025-12-26,219.1366235463489,218.5960238247922,215.5275833872906,218.5061907332902,3675297,456845868,4.749980771679969,2.5366468403787144,=mid_term
2025-12-29,221.1601083976003,223.06520613457207,220.45475338209224,220.827917291205,4176105,471486232,2.2327952607141714,-0.8746961535054172,=mid_term
2025-12-30,220.52038949811921,222.33705596368583,217.65749923989478,221.35881850953643,1567616,306459083,4.439851839994416,3.9282538028484013,=mid_term
2025-12-31,217.10424515969308,220.16324042271265,215.54960761891095,217.7284802184858,2253876,196883500,4.46697996980993,3.1116353424860423,=mid_term
2026-01-01,211.996528978744,213.62233794932163,209.60936197470747,211.77836238766594,3442159,466923336,3.919044980661366,-1.2427341829490888,=mid_term
2026-01-02,208.44400643983604,210.82760471054115,205.02971589781072,207.82720859655564,1710293,327554121,1.7411524026211467,-3.141645788526674,=mid_term
2026-01-05,205.67643130401777,207.77725144145245,204.7836143022121,206.05976491812913,2623936,237936958,3.1916042719844344,0.24560087037527736,=mid_term
2026-01-06,212.34121057316995,213.04289279941753,210.79418744752275,211.66091929162812,4457868,272883035,0.9666675460195024,-0.8930593998418005,=mid_term
2026-01-07,205.84701234894607,208.3419827626999,203.33798739255,206.28748734043657,1829905,107619920,2.7579468917305796,-1.7339487137697964,=mid_term
2026-01-08,208.196727967307,210.5649914127047,204.79787327275884,208.18598685627677,4276601,221399349,3.1404708737735088,4.074721345235818,=mid_term
2026-01-09,201.67588210464146,204.18029071552976,201.3570327714872,202.06029223337038,3806057,446539940,3.1951954974925707,2.8691231816725145,=mid_term
2026-01-12,201.65792178519442,204.9086019936634,199.77032431564822,201.5814168986677,2632196,54992109,3.9721325062801114,-0.12262741303948173,=mid_term
2026-01-13,200.68656297213892,202.01086281797927,199.56621773788564,199.84017781178065,4871624,151465425,2.616821401174348,1.488999105601339,=mid_term
2026-01-14,202.04026818192673,205.27431687223844,198.30012464909086,202.24847809206418,4678156,202217802,2.5628469941645946,-0.3383635530822412,=mid_term
2026-01-15,210.28893902859932,210.12909810502958,209.41487083747236,209.78393430859649,2299192,343483179,2.719444434945926,-0.9790853110402868,=mid_term
2026-01-16,212.38883438278563,215.0512063512221,211.16434128697833,212.06439735756723,2953675,334960201,2.403043574536234,1.8730810429930196,=mid_term
2026-01-19,211.5424359795572,211.64080431077832,207.73675721217333,210.68461622847653,4598595,238561120,4.848715070528318,-5.739805755858597,=mid_term
2026-01-20,205.65736361856963,210.25306591849807,205.46332067762907,206.45114038777095,1406445,200961313,1.8725309395891319,0.49497748263837266,=mid_term
2026-01-21,197.2012975870865,198.21736051216436,195.22156602645603,196.66009495591823,3187502,77542766,1.8628714515642275,2.0360435764257607,=mid_term
2026-01-22,192.85221329757726,196.71558664960568,193.04807711048656,193.65002709058504,3513406,228494850,0.8230171859856183,-0.926987000198134,=mid_term
2026-01-23,200.30259288680986,204.10644566075362,197.03543366242644,200.6156292544658,1488205,307028327,3.2167030850168885,2.480909811410301,=mid_term
2026-01-26,191.4223137553589,194.44524977499316,191.334671783216,192.19566051830625,1035081,56857327,3.485729267265687,0.7873127983919277,=mid_term
2026-01-27,190.705498956948,192.87361154852252,188.51982380872292,191.09631042734551,1248764,317688839,3.127097327229484,-2.984305773550213,=mid_term
2026-01-28,196.16606855727224,198.17573283919182,194.34686156451068,196.80872703729864,4465503,422124300,4.573249216664651,5.856907685999184,=mid_term
2026-01-29,195.1413642858625,197.92142104010773,194.96922413293308,195.59108522118197,1304811,390723905,3.588813261719207,-0.1332268041500157,=mid_term
2026-01-30,195.864035525589,198.7781389466721,194.53121748214167,196.4406354813703,2040446,161502061,3.29780866249556,-3.039828738076875,=mid_term
2026-02-02,189.60963071790064,193.72075893610335,189.9154092062534,190.41422062366598,3667067,419915208,4.755753604746923,-1.7316554151724948,=mid_term
2026-02-03,191.32416141627846,191.9224766468008,190.67017309635656,191.35210626399012,3313235,109550202,2.327242646409656,1.2049912304435169,=mid_term
2026-02-04,191.11856422111356,193.57403778346549,189.17089183497933,190.27772059974257,2339482,205110778,3.7798383532507356,1.8636381237920159,=mid_term
2026-02-05,191.3688365345146,193.80243358842228,188.60263234141513,192.06675298591762,1625682,324575704,2.454015773870398,-0.93803444074712,=mid_term
2026-02-06,189.55942844735856,190.45278890316987,187.38560560803978,188.89339843867705,4549155,175292501,1.8155471121675162,-0.9650763165779047,=mid_term
2026-02-09,188.27315148057286,190.96151621894126,185.3762826299284,188.58765714212618,1290142,185880406,2.010158559854216,0.5874146052422902,=mid_term
2026-02-10,188.37621635908414,190.05672052123083,188.13862467194306,188.90280126548842,2675209,235944237,4.399406165892113,-0.21718359456590774,=mid_term
2026-02-11,196.881242656888,199.51244234974763,193.57002463343332,196.08570411111845,3552768,361778110,2.7194182430346197,2.038572904205786,=mid_term
2026-02-12,199.54494452420033,199.60820136870703,197.42360203833516,199.50526618601955,3200245,58956146,4.207204470743253,3.9516993626558765,=mid_term
2026-02-13,203.14253527744688,203.24597513011358,198.26961442218425,202.17087145428405,715433,59929689,3.567148983820684,-5.490087944823112,=mid_term
2026-02-16,205.68136326817773,207.96404919893877,203.45224913705107,205.864546781117,3294331,353945992,1.643707373089077,1.2651223958518785,=mid_term
2026-02-17,203.15779606350068,205.4963206842282,199.17263213444335,202.6255990500382,3898660,471998865,3.8410963761690176,0.09878935202738529,=mid_term
2026-02-18,197.86920947729573,200.32335912155997,194.63119745761975,197.87171693652138,1335708,100344165,4.284442768338955,1.6604272925174786,=mid_term
2026-02-19,195.06371839721749,196.6529082214254,195.3620469747986,195.77580210489563,3084533,352084343,2.4260506675937457,-0.8702501645808268,=mid_term
2026-02-20,198.32208287273906,198.49830760735895,194.25452929167844,197.84104322021494,1431156,83198304,4.699381121992218,-2.582451129683468,=mid_term
2026-02-23,196.9144620698891,198.96971093205752,195.69908342698488,197.27959292409054,4020022,184192722,2.1261117407302033,-1.9920224323637354,=mid_term
2026-02-24,191.11846920904554,192.34922791179704,191.1237017499675,191.14897813364541,2405979,106054866,4.564657109165943,0.4786188576260557,=mid_term
2026-02-25,189.32106270808282,191.36281835559438,187.2871324609631,189.4726605640364,4533399,478268590,2.1697916221250977,-2.498400360330693,=mid_term
2026-02-26,183.70979176884305,185.7988087184551,181.2309229023747,182.92277379474808,3478162,165928470,4.00230181013136,-1.0545519758110702,=mid_term
2026-02-27,185.58656479530288,188.13703083375492,184.22695370885086,185.6539124674996,2296963,429480844,1.3634294094671975,2.1580511380843523,=mid_term
2026-03-02,187.0050139355925,187.18811929274983,183.93090832410186,186.7454672080477,2263857,168577203,1.3124457775310328,1.4377800949992927,=mid_term
2026-03-03,188.29740314157212,191.19322222965488,186.82144283442392,189.04284133903323,965151,267799787,1.9298059325030357,-1.4274763414855343,=mid_term
2026-03-04,188.42269490112417,191.6358365015108,186.21236991914967,188.51092280111,3309021,134962743,4.569523800929338,0.06784897637312673,=mid_term
2026-03-05,184.94576251237126,187.85729438365513,182.53727141175142,185.00144988446718,4811450,396775541,1.9030006840272016,0.3980314473840099,=mid_term
2026-03-06,177.95427190250763,180.57335760564632,177.25295834186758,177.78773540190198,939843,225630377,3.97699250335302,0.2761517030621617,=mid_term
2026-03-09,170.23067598701624,171.59069431462206,167.7853998021336,170.05857437523946,896764,72448306,2.0919727265999866,-1.2898522673487627,=mid_term
2026-03-10,171.49120264384038,172.80176629848063,167.67120002625907,170.6769173274243,3273920,310215451,1.6237540653276774,-3.2797867314148936,=mid_term
2026-03-11,166.84332849638236,168.56116851972985,166.29695169240756,166.56114049669645,1848059,332183901,3.0513161170858343,0.13443954068776415,=mid_term
2026-03-12,162.55533177857234,165.7202063320717,161.0101447571711,162.9940714070325,2153646,290043527,0.8744213491332684,2.9082919485865055,=mid_term
2026-03-13,161.1478072376673,163.16907075610493,159.87978052897202,161.70192674487268,2868702,486347820,3.3695967451131557,0.46496433965716133,=mid_term
2026-03-16,160.19578434381083,160.75581845869306,159.2762379926786,159.41442200897615,1967555,371133285,0.7382424249782982,0.5196447543569834,=mid_term
2026-03-17,162.30639867003208,161.87547225545515,159.6542114728646,161.85766754122153,4296933,224702252,0.6630867178937285,-1.3625458553724143,=mid_term
2026-03-18,166.79374055789722,168.61285639718983,163.87971953650302,166.43367888346455,3064440,438758576,2.6849682769850185,2.8034745871250175,=mid_term
2026-03-19,165.7278163035431,168.3915068703656,162.98447069933175,165.86904997928607,1859612,142748224,4.2466733341336,1.4986531719840233,=mid_term
2026-03-20,170.8405555432695,172.83168920555104,170.30141664103112,170.65580708069476,3877281,494289817,1.0378924873691397,-1.6638125307071778,=mid_term
2026-03-23,171.4865813074272,173.4089103666885,171.83826818086294,171.95251611844253,4779383,83846072,4.896516871073806,-0.6542105189765457,=mid_term
2026-03-24,177.74624145413202,180.35609722639887,176.59793538191474,177.43953715467202,3239754,118485601,2.0144590712014105,0.8639072299754567,=mid_term
2026-03-25,180.8357799592403,181.20884526563202,179.4674313473787,180.96890846018695,3981758,249541898,4.263635400901485,0.22941475588414723,=mid_term
2026-03-26,180.08603994136234,181.96478076299795,179.68251918151512,180.98829301493836,2934516,482269281,2.8803043734661413,-1.6941953739825244,=mid_term
2026-03-27,181.87109260627088,184.97685940462148,180.30362082107814,181.82142554394252,1151019,373973989,3.0611504149473356,-2.8343225657202415,=mid_term
2026-03-30,185.29279829756214,186.67177586354535,182.236131610864,184.72160458517217,3744534,202773353,4.68209465706349,-2.7300540493364,=mid_term
2026-03-31,182.80730114517013,183.89154807901278,181.75489225595715,182.0025398724722,3534317,284794965,0.7724712130472471,-3.1848532398852973,=mid_term
2026-04-01,182.65234364717932,185.44981682875496,181.45523401686822,182.090985814337,3343436,488889330,1.1337112074721427,1.320150494874107,=mid_term
2026-04-02,181.61803635051007,185.10157776600502,181.70844718706442,182.42317829901077,689161,272137062,3.052814469599624,1.0064966699082984,=mid_term
2026-04-03,175.33575875718532,177.87800141813068,174.90622065490305,174.94561759379755,4938917,217674971,2.351277537319031,-0.20733580369962298,=mid_term
2026-04-06,174.80987973647774,178.81970310937803,175.30206792264818,175.53157138674592,3108662,210658885,2.0022216775048784,0.158657740720259,=mid_term
2026-04-07,174.0880729592022,175.98763471640808,172.89398056225693,174.5475074740187,4988556,176836139,4.017422721327238,0.4935581337526188,=mid_term
2026-04-08,178.2114228078263,180.7080116053811,177.18274880635693,178.89917334227633,3132263,100397896,0.7771775040643956,-0.37621785831997345,=mid_term
2026-04-09,177.61215254575453,179.9596607415746,173.44715251778558,176.9729111627663,3698974,102681398,4.289600800770091,-1.1289999086217237,=mid_term
2026-04-10,180.6839389358928,180.84315803642156,177.7591849229074,179.82702893669483,1633693,178018155,3.3035954078193415,-2.2048064356089703,=mid_term
2026-04-13,182.103450519683,183.25988528105924,181.38657693464063,182.92864034601615,1846125,396927593,1.019364507466707,0.3992996075761625,=mid_term
2026-04-14,181.54651040891497,182.30190822703594,178.8303118535534,181.6428864358044,2359840,370087521,3.9824914441692356,-1.5113644803715462,=mid_term
2026-04-15,176.17228243460715,179.97909167199066,173.93071585410533,176.65507018551617,1195675,134456450,4.528638056051732,-2.472718230083209,=mid_term
2026-04-16,170.43632940878786,172.66677684010946,168.56765580084635,170.40402949932488,2584882,476221433,3.388950016243798,-0.7234901591710755,=mid_term
2026-04-17,171.91530391336363,175.9168548249395,171.2827003403935,172.7271044117872,4143537,387673969,1.438701590043288,2.7311360749899856,=mid_term
2026-04-20,172.67030608306396,173.38103966344033,171.45717748016358,171.92045206517443,2334092,386797559,2.415319142478366,-4.861291905299746,=mid_term
2026-04-21,162.3104541070535,162.7340243831849,159.58298085779836,162.64910950281347,1816295,498334608,3.4098703079404604,-4.541760648838289,=mid_term
2026-04-22,166.61877248349765,167.8831986909879,165.85453003664372,165.88673628943994,1994624,212781035,3.543546388321934,2.5184563495508714,=mid_term
2026-04-23,167.03122440643057,170.74181694002334,166.05511910069427,167.85744431156948,901446,340227001,4.272237854800031,-0.44548811201452276,=mid_term
2026-04-24,168.73749751517457,170.7648483297259,166.6046461924696,168.47362600550147,1604680,275489113,1.7372583712570775,1.039041215074407,=mid_term
2026-04-27,166.87254530745543,166.65114049029586,163.6605491782161,166.10197751352106,4603613,192912124,3.552702711450063,-0.07600066247819029,=mid_term
2026-04-28,159.43902078716357,161.75573497761394,157.1380949612384,159.52238678462172,2600454,226055603,1.924244399594149,-0.7609669103040135,=mid_term
2026-04-29,164.20803827654865,164.98274002298498,163.31436079931717,163.62319829237035,2864128,456969409,2.5450608195686755,-0.6951411331191056,=mid_term
2026-04-30,159.91783080001218,160.66373100895336,160.2487322427755,160.3333639319174,2674458,482132116,3.4478841668490534,2.843538395421009,=mid_term
2026-05-01,159.72514443956908,161.24367472661433,159.2644416486827,160.1005765169777,3560570,266884201,0.5764573195274224,-5.08850359355477,=mid_term
2026-05-04,158.7608303825984,158.95707356287085,156.7032209501307,158.09158866692266,2685304,332730759,3.474223114135615,4.505283465767967,=mid_term
2026-05-05,157.02835836976087,156.90567432414784,156.4764757472843,156.66394134285338,4385824,155093964,4.6798047372078875,0.4951488377141868,=mid_term
2026-05-06,157.5423999668274,159.94933702933062,156.8806781670131,157.18795834513574,2645093,273995277,3.262447025192429,-0.32420948521643117,=mid_term
2026-05-07,163.93311942719305,163.88423472668217,161.98319982774527,163.13284645689237,1310459,457332007,4.103482980675696,-0.39632362078384675,=mid_term
2026-05-08,160.5134950198847,163.6610502800949,160.3134393832713,160.97787916940524,3612298,474533064,1.6781639176184162,1.8797710167528525,=mid_term
2026-05-11,160.05573009786568,162.16073817255847,158.96820371988477,159.43378657518778,775197,417192018,3.8978484921033814,2.634061608361566,=mid_term
2026-05-12,165.28502599477318,165.9923252159303,164.06238224248537,164.6060964797363,4898117,67230092,2.520971932576388,-0.07624884187340651,=mid_term
2026-05-13,164.965018752061,168.19165928139395,164.56134140139636,165.52273069978853,1004158,360884439,3.928644948517422,-0.8494389170027866,=mid_term
2026-05-14,162.19409232230294,164.96378974634695,160.51933605526673,162.66317754309952,4076441,180878616,0.7930606209822021,-1.6266363234568928,=mid_term
2026-05-15,163.3089596695206,165.95262362596696,160.46261807127394,163.5410669923439,2634553,427640199,2.0624888850457554,0.8986142790380066,=mid_term
2026-05-18,163.88653010339405,167.2996612763086,161.73172075364067,164.36518359573827,3924407,163765855,1.42708535129829,1.74150998609433,=mid_term
2026-05-19,169.47312131030208,171.78398129026587,166.36273123137528,169.32817000782353,1088347,266157008,3.975712005184343,-2.1475354831509628,=mid_term
2026-05-20,167.14091811447102,167.92353195488178,167.03793162732111,167.5589938853422,2178901,192135869,3.088924647738409,-0.3129591481568186,=mid_term
2026-05-21,173.44588221137252,173.82103625877488,170.9924334577811,173.0352653819414,1662151,281807745,4.113425721623979,-0.15380769725570595,=mid_term
2026-05-22,181.76716390454158,182.89066483758313,179.93872381155126,181.2036515351953,4872828,287541363,2.5875171395675705,2.7206345339725098,=mid_term
2026-05-25,179.0274840235372,178.95396181034909,177.1450961765986,178.71724155521082,2808865,132234941,1.8717770309664645,-1.1300861003413638,=mid_term
2026-05-26,178.82541838866123,179.95078173123292,174.97473214641533,178.50807287165227,1188246,432499861,4.155695176211328,-2.8985018038057984,=mid_term
2026-05-27,179.79701905580748,180.88260898205758,179.15477680834232,179.68749039648625,3479903,89143255,0.9645185208257525,1.1580109154500595,=mid_term
2026-05-28,173.33307135668318,175.63405607445455,173.3213565393734,173.71544993761248,4034856,99687406,1.447973171207595,-0.9377871547418887,=mid_term
2026-05-29,174.09283068649327,175.17163176091404,171.17939562594125,174.1084991244866,4472642,86864200,0.9386193694841398,0.5832842271354588,=mid_term
2026-06-01,172.7149959952055,176.01386867834645,171.83631658556857,173.45319419254054,2185108,392826061,4.453281912227672,-2.9043990990286916,=mid_term
2026-06-02,172.63185326082896,176.34438585834326,171.99672465153705,172.95821571889235,2042831,277222932,2.256648232313749,3.0091360402435035,=mid_term
2026-06-03,171.83980163736192,175.31375906193043,172.03137837771212,172.6987842777487,3301065,134555393,3.1181284899885173,-2.66445084922932,=mid_term
2026-06-04,173.22580322509165,174.70138545403734,173.15103756880987,173.43046512390413,3071386,86127764,2.405478482655294,-2.8448077501120856,=mid_term
2026-06-05,177.1471343917785,178.9119115478824,174.48667074244227,177.8525756474855,600174,196815082,0.5566512577105082,-1.2826145888562073,=mid_term
2026-06-08,182.4070785516788,183.3383591636682,179.55071395148227,181.92823347739895,3319819,385003719,2.14085161897056,0.9508405098853894,=mid_term
2026-06-09,180.16158962463535,181.07547255096085,180.19262878918175,180.72420190242727,949175,70649526,1.315066281673201,1.3258891089805191,=mid_term
2026-06-10,186.8229554078397,189.13284345398137,184.03943106903327,187.09991852837112,2389831,468854225,3.092005918884822,-0.48565839930810706,=mid_term
2026-06-11,182.39164383629324,182.16171395545143,178.80886855204665,181.71123298175863,1578588,125194135,2.2911564555641073,0.36855589781265213,=mid_term
2026-06-12,187.70522252200087,189.50122767828768,186.61396491030325,187.48680500154848,1154509,464767186,1.2109365939532037,-3.0674445474984333,=mid_term
2026-06-15,193.13139164704018,196.93853505044692,189.6096939953141,193.19247304035545,713911,251147584,1.6466114487541343,-0.16510159667844973,=mid_term
2026-06-16,196.5818598524328,200.9372176491385,194.36285705621592,197.51417136327407,806399,417175396,2.046730975947495,0.5668278300689996,=mid_term
2026-06-17,205.1797743375232,206.703346138366,200.48349736240976,204.25593458501143,944225,353765271,3.227585361847874,-1.3151076229299996,=mid_term
2026-06-18,205.598143411616,208.28518948990694,202.091254765984,205.08453062506507,3615547,77091979,4.99506295066914,-1.4033001328229688,=mid_term
2026-06-19,210.82474827921646,210.87992197101215,208.4838007490285,210.78538210080583,3632269,227023125,1.7855965436009005,4.671303047671848,=mid_term
2026-06-22,208.57247934463626,210.89611655586424,207.1291539601734,207.80937474496838,739412,336254561,2.3293688473764274,1.4666677832914208,=mid_term
2026-06-23,214.99702340481593,219.35947275386246,215.55624862604373,215.99314197180558,673933,118686675,2.9192413712119034,-0.5172958857779173,=mid_term
2026-06-24,213.93973463321854,216.36362567583865,210.28253203889605,214.2218028156286,2872526,351175424,0.6789214150536578,1.0726392086197092,=mid_term
2026-06-25,219.91464154195577,224.673127277955,216.66826067895337,220.88168901417015,1790672,349835128,4.600938916477034,-1.141076335506374,=mid_term
2026-06-26,220.08565921114086,221.86141598134824,217.53886517686564,220.84984042400575,3076542,399410723,4.813616853351921,-3.08978066795685,=mid_term
