date,open,high,low,close,volume,amount,turn,pct_change,windcode
2020-01-01,2093,2103,2092,2101,171359,3282180900,0.0,,C.DCE
2020-01-02,2103,2108,2099,2101,213786,4104727800,0.0,0.0,C.DCE
2020-01-05,2101,2101,2092,2095,192497,3682523000,0.0,-0.2855782960495046,C.DCE
2020-01-06,2096,2111,2096,2110,316658,6087918600,0.0,0.7159904534606243,C.DCE
2020-01-07,2108,2114,2100,2101,264579,5090394800,0.0,-0.4265402843601884,C.DCE
2020-01-08,2100,2106,2095,2104,236738,4540745900,0.0,0.14278914802474674,C.DCE
2020-01-09,2099,2103,2088,2093,339786,6497626300,0.0,-0.5228136882129308,C.DCE
2020-01-12,2094,2102,2090,2101,231845,4436616800,0.0,0.3822264691830002,C.DCE
2020-01-13,2101,2112,2100,2102,267652,5145872900,0.0,0.04759638267490818,C.DCE
2020-01-14,2103,2111,2101,2107,175779,3381266300,0.0,0.23786869647954845,C.DCE
2020-01-15,2108,2131,2106,2131,455532,8818913200,0.0,1.1390602752729073,C.DCE
2020-01-16,2131,2135,2125,2133,233659,4542038700,0.0,0.0938526513373894,C.DCE
2020-01-19,2135,2136,2120,2129,296335,5754688000,0.0,-0.18752930145334856,C.DCE
2020-01-20,2128,2129,2111,2112,266309,5154016100,0.0,-0.7984969469234438,C.DCE
2020-01-21,2112,2117,2091,2107,397782,7636454100,0.0,-0.23674242424241987,C.DCE
2020-01-22,2111,2111,2092,2094,244746,4690201400,0.0,-0.6169909824394915,C.DCE
2020-02-02,2103,2123,2094,2110,417028,8022990100,0.0,0.764087870105068,C.DCE
2020-02-03,2110,2134,2110,2129,496609,9620475400,0.0,0.9004739336492928,C.DCE
2020-02-04,2112,2115,2094,2104,488028,9381707100,0.0,-1.1742602160638826,C.DCE
2020-02-05,2107,2119,2101,2118,346799,6678885000,0.0,0.665399239543718,C.DCE
2020-02-06,2118,2130,2115,2123,333246,6460530400,0.0,0.23607176581681433,C.DCE
2020-02-09,2122,2125,2105,2110,305572,5898564700,0.0,-0.612341026848795,C.DCE
2020-02-10,2107,2113,2103,2106,265358,5109007300,0.0,-0.18957345971564177,C.DCE
2020-02-11,2107,2115,2104,2106,216150,4162339600,0.0,0.0,C.DCE
2020-02-12,2107,2112,2104,2110,147053,2831723600,0.0,0.18993352326686086,C.DCE
2020-02-13,2107,2111,2099,2102,271673,5215916300,0.0,-0.37914691943128354,C.DCE
2020-02-16,2102,2112,2097,2111,276751,5323589800,0.0,0.42816365366318276,C.DCE
2020-02-17,2110,2110,2088,2089,370092,7087903100,0.0,-1.0421601136901937,C.DCE
2020-02-18,2087,2095,2081,2092,272527,5202200600,0.0,0.14360938247965915,C.DCE
2020-02-19,2089,2094,2084,2087,194121,3703153600,0.0,-0.23900573613766518,C.DCE
2020-02-20,2085,2095,2082,2094,184719,3525542600,0.0,0.33540967896501517,C.DCE
2020-02-23,2094,2100,2092,2095,210775,4033960300,0.0,0.047755491881562584,C.DCE
2020-02-24,2095,2103,2091,2097,205596,3935179400,0.0,0.09546539379474694,C.DCE
2020-02-25,2100,2101,2093,2095,108442,2075319000,0.0,-0.09537434430137992,C.DCE
2020-02-26,2096,2112,2095,2111,235906,4529428300,0.0,0.7637231503579978,C.DCE
2020-02-27,2111,2117,2103,2105,389671,7502942500,0.0,-0.28422548555187,C.DCE
2020-03-01,2111,2130,2111,2128,398068,7717634900,0.0,1.0926365795724369,C.DCE
2020-03-02,2130,2136,2124,2126,277988,5401916700,0.0,-0.09398496240601295,C.DCE
2020-03-03,2127,2130,2120,2123,183093,3549937100,0.0,-0.14111006585136865,C.DCE
2020-03-04,2124,2130,2123,2128,139271,2705016200,0.0,0.23551577955722713,C.DCE
2020-03-05,2126,2128,2117,2119,291178,5640813600,0.0,-0.42293233082706383,C.DCE
2020-03-08,2114,2123,2106,2117,263634,5090572800,0.0,-0.09438414346389923,C.DCE
2020-03-09,2117,2142,2115,2133,418114,8133351600,0.0,0.7557864903164901,C.DCE
2020-03-10,2131,2156,2129,2153,532402,10709881800,0.0,0.9376465072667539,C.DCE
2020-03-11,2151,2155,2123,2140,603587,12136812700,0.0,-0.6038086391082165,C.DCE
2020-03-12,2135,2147,2130,2142,359306,7214161800,0.0,0.09345794392523477,C.DCE
2020-03-15,2138,2151,2128,2130,414472,8328619700,0.0,-0.5602240896358524,C.DCE
2020-03-16,2127,2133,2122,2126,311711,6220338700,0.0,-0.187793427230043,C.DCE
2020-03-17,2125,2138,2115,2118,405333,8083730500,0.0,-0.37629350893697566,C.DCE
2020-03-18,2120,2123,2111,2115,340035,6753083000,0.0,-0.14164305949008194,C.DCE
2020-03-19,2120,2134,2120,2133,291008,5808560200,0.0,0.8510638297872353,C.DCE
2020-03-22,2137,2154,2134,2150,500394,10081666800,0.0,0.7969995311767564,C.DCE
2020-03-23,2150,2151,2137,2145,301978,6073719100,0.0,-0.23255813953488857,C.DCE
2020-03-24,2146,2162,2144,2159,456548,9225654100,0.0,0.6526806526806483,C.DCE
2020-03-25,2157,2167,2151,2151,376209,7614241899,0.0,-0.37054191755442334,C.DCE
2020-03-26,2154,2169,2153,2168,357158,7248798100,0.0,0.790330079032997,C.DCE
2020-03-29,2178,2198,2175,2180,661159,13551644600,0.0,0.5535055350553542,C.DCE
2020-03-30,2182,2186,2172,2183,332390,6796266600,0.0,0.1376146788990784,C.DCE
2020-03-31,2183,2191,2166,2171,514412,10516809600,0.0,-0.5497022446175004,C.DCE
2020-04-01,2170,2184,2155,2164,561942,11439962300,0.0,-0.32243205895901017,C.DCE
2020-04-02,2169,2173,2161,2167,309144,6285955699,0.0,0.13863216266174483,C.DCE
2020-04-06,2173,2173,2161,2163,285245,5797703400,0.0,-0.184586986617441,C.DCE
2020-04-07,2166,2182,2160,2179,319063,6503417800,0.0,0.7397133610725914,C.DCE
2020-04-08,2182,2186,2175,2177,279106,5707806800,0.0,-0.09178522257916599,C.DCE
2020-04-09,2177,2179,2170,2177,266019,5426997900,0.0,0.0,C.DCE
2020-04-12,2178,2185,2174,2178,292850,5991307600,0.0,0.045934772622868714,C.DCE
2020-04-13,2178,2191,2177,2186,361080,7399898500,0.0,0.36730945821854544,C.DCE
2020-04-14,2186,2208,2186,2206,472699,9752459700,0.0,0.9149130832570851,C.DCE
2020-04-15,2206,2216,2199,2201,377090,7805034600,0.0,-0.2266545784224805,C.DCE
2020-04-16,2201,2206,2192,2201,278225,5741997000,0.0,0.0,C.DCE
2020-04-19,2204,2219,2194,2195,551718,11424642500,0.0,-0.27260336210813696,C.DCE
2020-04-20,2195,2202,2186,2199,385144,7935279700,0.0,0.18223234624146212,C.DCE
2020-04-21,2202,2208,2193,2205,317661,6559950400,0.0,0.27285129604366354,C.DCE
2020-04-22,2204,2216,2202,2215,307981,6383507400,0.0,0.45351473922903285,C.DCE
2020-04-23,2216,2224,2213,2216,318450,6629758300,0.0,0.04514672686231069,C.DCE
2020-04-26,2227,2248,2225,2236,526523,11046474000,0.0,0.902527075812265,C.DCE
2020-04-27,2237,2247,2228,2234,383772,8054932700,0.0,-0.08944543828264262,C.DCE
2020-04-28,2238,2240,2228,2232,225118,4716042500,0.0,-0.08952551477170445,C.DCE
2020-04-29,2228,2231,2203,2210,571093,11858894000,0.0,-0.9856630824372714,C.DCE
2020-05-05,2227,2232,2220,2223,297501,6211889700,0.0,0.588235294117645,C.DCE
2020-05-06,2223,2227,2204,2207,398613,8293872500,0.0,-0.7197480881691365,C.DCE
2020-05-07,2207,2210,2190,2196,546809,11276766100,0.0,-0.49841413683733293,C.DCE
2020-05-10,2195,2203,2179,2179,456688,9386403000,0.0,-0.7741347905282359,C.DCE
2020-05-11,2183,2188,2174,2179,310070,6346342200,0.0,0.0,C.DCE
2020-05-12,2179,2194,2176,2183,328806,6740123400,0.0,0.18357044515833199,C.DCE
2020-05-13,2184,2189,2176,2177,292768,5995800100,0.0,-0.2748511223087502,C.DCE
2020-05-14,2176,2188,2160,2160,505393,10302510300,0.0,-0.7808911345888792,C.DCE
2020-05-17,2160,2186,2159,2184,452774,9240070800,0.0,1.1111111111111072,C.DCE
2020-05-18,2184,2185,2172,2177,235754,4818772900,0.0,-0.3205128205128194,C.DCE
2020-05-19,2172,2175,2145,2166,589108,11922336700,0.0,-0.5052824988516336,C.DCE
2020-05-20,2160,2179,2152,2152,432862,8798904000,0.0,-0.6463527239150557,C.DCE
2020-05-21,2146,2160,2145,2155,311634,6294387700,0.0,0.13940520446096283,C.DCE
2020-05-24,2152,2177,2151,2173,381542,7757074500,0.0,0.8352668213457148,C.DCE
2020-05-25,2169,2182,2164,2175,263566,5376376700,0.0,0.09203865623561569,C.DCE
2020-05-26,2177,2188,2174,2188,277610,5681158199,0.0,0.5977011494252782,C.DCE
2020-05-27,2185,2202,2183,2198,410361,8441504100,0.0,0.4570383912248621,C.DCE
2020-05-28,2198,2219,2198,2215,413582,8578410200,0.0,0.7734303912647844,C.DCE
2020-05-31,2215,2221,2198,2205,418245,8666026200,0.0,-0.4514672686230292,C.DCE
2020-06-01,2206,2212,2200,2203,231800,4795277800,0.0,-0.09070294784579991,C.DCE
2020-06-02,2203,2210,2196,2201,285677,5905607100,0.0,-0.0907852927825692,C.DCE
2020-06-03,2201,2206,2188,2198,312368,6434694800,0.0,-0.13630168105406293,C.DCE
2020-06-04,2199,2211,2191,2209,293781,6071379200,0.0,0.5004549590536866,C.DCE
2020-06-07,2209,2210,2191,2198,341966,7052930600,0.0,-0.49796287913083104,C.DCE
2020-06-08,2198,2216,2193,2213,388617,8047096700,0.0,0.6824385805277444,C.DCE
2020-06-09,2213,2224,2207,2222,351148,7296711100,0.0,0.4066877541798464,C.DCE
2020-06-10,2220,2236,2220,2234,374539,7837275200,0.0,0.5400540054005365,C.DCE
2020-06-11,2232,2241,2222,2232,408468,8549816800,0.0,-0.08952551477170445,C.DCE
2020-06-14,2233,2263,2232,2257,597654,12632285200,0.0,1.120071684587809,C.DCE
2020-06-15,2257,2258,2250,2256,273447,5783773000,0.0,-0.044306601683652413,C.DCE
2020-06-16,2259,2269,2245,2267,407059,8623780300,0.0,0.4875886524822626,C.DCE
2020-06-17,2261,2290,2261,2269,648457,13848939100,0.0,0.08822232024703336,C.DCE
2020-06-18,2267,2270,2245,2260,510813,10821546299,0.0,-0.3966505068311976,C.DCE
2020-06-21,2259,2259,2234,2235,562586,11865783799,0.0,-1.106194690265483,C.DCE
2020-06-22,2232,2247,2216,2225,623434,13051944600,0.0,-0.4474272930648726,C.DCE
2020-06-23,2227,2233,2218,2223,359428,7503171500,0.0,-0.08988764044943753,C.DCE
2020-06-28,2232,2260,2220,2257,594137,12471880600,0.0,1.5294646873594164,C.DCE
2020-06-29,2251,2252,2219,2227,529599,11090576900,0.0,-1.329198050509528,C.DCE
2020-06-30,2227,2239,2225,2234,318563,6675356000,0.0,0.31432420296362285,C.DCE
2020-07-01,2234,2240,2212,2238,450631,9415495400,0.0,0.1790510295434089,C.DCE
2020-07-02,2239,2253,2238,2244,436732,9203810200,0.0,0.2680965147453085,C.DCE
2020-07-05,2244,2259,2240,2255,300265,6342827700,0.0,0.4901960784313708,C.DCE
2020-07-06,2255,2264,2250,2253,330366,6993907400,0.0,-0.08869179600886623,C.DCE
2020-07-07,2253,2258,2249,2252,197125,4167994500,0.0,-0.04438526409231702,C.DCE
2020-07-08,2254,2289,2253,2286,490668,10467501300,0.0,1.5097690941385356,C.DCE
2020-07-09,2289,2296,2274,2285,384919,8249369800,0.0,-0.04374453193350947,C.DCE
2020-07-12,2282,2292,2274,2285,398327,8533535300,0.0,0.0,C.DCE
2020-07-13,2285,2298,2259,2275,536973,11491776500,0.0,-0.4376367614879695,C.DCE
2020-07-14,2280,2293,2263,2287,489965,10479189400,0.0,0.5274725274725167,C.DCE
2020-07-15,2287,2308,2283,2298,510377,10999827600,0.0,0.48097944905989287,C.DCE
2020-07-16,2297,2306,2292,2304,236793,5108584400,0.0,0.26109660574411553,C.DCE
2020-07-19,2307,2347,2304,2334,796282,17390026200,0.0,1.302083333333326,C.DCE
2020-07-20,2330,2337,2309,2324,480011,10467700200,0.0,-0.42844901456726703,C.DCE
2020-07-21,2324,2348,2315,2333,469830,10276500800,0.0,0.387263339070576,C.DCE
2020-07-22,2334,2394,2334,2387,890817,19784058800,0.0,2.314616373767686,C.DCE
2020-07-23,2387,2414,2377,2413,723736,16277707700,0.0,1.0892333472978688,C.DCE
2020-07-26,2409,2500,2402,2494,1063830,24567879700,0.0,3.3568172399502716,C.DCE
2020-07-27,2504,2504,2423,2445,981657,22643338100,0.0,-1.9647153167602238,C.DCE
2020-07-28,2451,2471,2439,2463,615812,14197610100,0.0,0.7361963190184007,C.DCE
2020-07-29,2459,2480,2437,2474,730081,16852930100,0.0,0.44660982541615546,C.DCE
2020-07-30,2474,2521,2463,2476,813240,18987444300,0.0,0.08084074373484462,C.DCE
2020-08-02,2469,2482,2443,2470,551239,12749435400,0.0,-0.24232633279482885,C.DCE
2020-08-03,2471,2479,2451,2463,324457,7496566100,0.0,-0.2834008097165941,C.DCE
2020-08-04,2456,2462,2433,2435,309979,7118358300,0.0,-1.136825010150222,C.DCE
2020-08-05,2431,2468,2426,2434,307697,7059143700,0.0,-0.0410677618069788,C.DCE
2020-08-06,2429,2436,2403,2404,498765,11139119600,0.0,-1.232539030402624,C.DCE
2020-08-09,2404,2419,2392,2398,506858,11266344600,0.0,-0.24958402662229595,C.DCE
2020-08-10,2400,2415,2396,2411,359164,8001684600,0.0,0.5421184320266947,C.DCE
2020-08-11,2411,2421,2395,2404,566009,12604569400,0.0,-0.2903359601824973,C.DCE
2020-08-12,2404,2419,2401,2408,392477,8742138200,0.0,0.16638935108153063,C.DCE
2020-08-13,2407,2487,2405,2482,1391064,31607701700,0.0,3.0730897009966673,C.DCE
2020-08-16,2484,2501,2459,2485,1088317,24981249600,0.0,0.1208702659145855,C.DCE
2020-08-17,2485,2510,2471,2475,908989,20931745000,0.0,-0.4024144869215318,C.DCE
2020-08-18,2475,2495,2471,2487,492615,11306636100,0.0,0.48484848484848797,C.DCE
2020-08-19,2488,2508,2470,2497,860876,19850092400,0.0,0.40209087253719744,C.DCE
2020-08-20,2497,2505,2469,2486,595479,13684857500,0.0,-0.4405286343612369,C.DCE
2020-08-23,2485,2489,2442,2449,724161,16484666700,0.0,-1.4883346741753845,C.DCE
2020-08-24,2456,2468,2449,2459,393890,8957135400,0.0,0.4083299305839061,C.DCE
2020-08-25,2459,2484,2458,2484,605466,13855300400,0.0,1.0166734444896353,C.DCE
2020-08-26,2483,2488,2438,2440,857264,19528523400,0.0,-1.7713365539452464,C.DCE
2020-08-27,2440,2456,2434,2450,519963,11763467300,0.0,0.4098360655737654,C.DCE
2020-08-30,2446,2454,2436,2445,439151,9936641300,0.0,-0.20408163265306367,C.DCE
2020-08-31,2448,2464,2445,2457,510678,11598261100,0.0,0.4907975460122671,C.DCE
2020-09-01,2454,2481,2450,2475,700329,16008056500,0.0,0.73260073260073,C.DCE
2020-09-02,2475,2475,2454,2459,565633,12890558300,0.0,-0.6464646464646506,C.DCE
2020-09-03,2464,2486,2460,2482,911164,20879879300,0.0,0.93533956893046,C.DCE
2020-09-06,2487,2540,2476,2537,1284416,29880961200,0.0,2.215954875100734,C.DCE
2020-09-07,2537,2541,2511,2524,737485,17221782000,0.0,-0.5124162396531351,C.DCE
2020-09-08,2518,2534,2510,2524,596355,13915781600,0.0,0.0,C.DCE
2020-09-09,2524,2564,2521,2562,947656,22328703900,0.0,1.5055467511885912,C.DCE
2020-09-10,2562,2595,2552,2592,874180,20836411300,0.0,1.1709601873536313,C.DCE
2020-09-13,2593,2648,2589,2615,1210110,29272850800,0.0,0.8873456790123413,C.DCE
2020-09-14,2620,2630,2584,2596,854179,20578869300,0.0,-0.726577437858511,C.DCE
2020-09-15,2598,2614,2585,2605,721322,17361182100,0.0,0.3466872110939878,C.DCE
2020-09-16,2609,2645,2605,2622,934707,22712028900,0.0,0.6525911708253451,C.DCE
2020-09-17,2619,2691,2610,2685,1267220,31156646100,0.0,2.4027459954233388,C.DCE
2020-09-20,2685,2698,2669,2676,994327,24659029900,0.0,-0.3351955307262622,C.DCE
2020-09-21,2672,2701,2654,2670,1270877,31425907100,0.0,-0.22421524663677195,C.DCE
2020-09-22,2671,2687,2605,2617,1613504,39445753000,0.0,-1.9850187265917585,C.DCE
2020-09-23,2619,2642,2606,2635,804738,19549338800,0.0,0.6878104700038135,C.DCE
2020-09-24,2632,2636,2611,2624,554756,13462883000,0.0,-0.4174573055028441,C.DCE
2020-09-27,2620,2679,2616,2663,858194,21081608100,0.0,1.4862804878048808,C.DCE
2020-09-28,2663,2668,2649,2661,417658,10272502300,0.0,-0.07510326699211589,C.DCE
2020-09-29,2658,2670,2636,2668,606159,14861327300,0.0,0.2630590003757982,C.DCE
2020-10-08,2701,2756,2697,2742,709524,17915879000,0.0,2.7736131934033015,C.DCE
2020-10-11,2742,2789,2713,2779,1041509,26553339100,0.0,1.3493800145878865,C.DCE
2020-10-12,2783,2783,2750,2769,705659,18041619300,0.0,-0.3598416696653506,C.DCE
2020-10-13,2763,2805,2763,2773,1201189,30938505200,0.0,0.14445648248464504,C.DCE
2020-10-14,2773,2780,2717,2755,1127609,28745738100,0.0,-0.6491164803461902,C.DCE
2020-10-15,2753,2795,2741,2793,856774,21926547200,0.0,1.379310344827589,C.DCE
2020-10-18,2799,2842,2790,2798,1434580,37289050100,0.0,0.1790189760114469,C.DCE
2020-10-19,2806,2821,2790,2801,784199,20335840300,0.0,0.10721944245890569,C.DCE
2020-10-20,2801,2807,2772,2796,887310,22940163400,0.0,-0.1785076758300641,C.DCE
2020-10-21,2796,2802,2770,2783,600838,15476150800,0.0,-0.4649499284692382,C.DCE
2020-10-22,2789,2790,2775,2780,532045,13693390300,0.0,-0.10779734099892746,C.DCE
2020-10-25,2785,2810,2778,2792,928007,23985202100,0.0,0.4316546762589857,C.DCE
2020-10-26,2794,2807,2783,2799,614085,15891625100,0.0,0.2507163323782313,C.DCE
2020-10-27,2802,2820,2791,2813,760490,19741993100,0.0,0.5001786352268667,C.DCE
2020-10-28,2797,2823,2790,2819,821259,21344603600,0.0,0.21329541414860653,C.DCE
2020-10-29,2815,2838,2798,2833,803977,20973781700,0.0,0.4966300106420629,C.DCE
2020-11-01,2836,2841,2754,2759,1301642,33586676700,0.0,-2.6120720084715887,C.DCE
2020-11-02,2762,2773,2738,2745,703283,17920102200,0.0,-0.5074302283436083,C.DCE
2020-11-03,2751,2758,2744,2753,427894,10886638700,0.0,0.2914389799635764,C.DCE
2020-11-04,2752,2772,2745,2763,592812,15138177200,0.0,0.36324010170722953,C.DCE
2020-11-05,2767,2777,2741,2746,552563,14089994700,0.0,-0.6152732537097361,C.DCE
2020-11-08,2748,2750,2694,2731,1017986,25628240400,0.0,-0.5462490895848493,C.DCE
2020-11-09,2735,2743,2716,2723,431413,10894887800,0.0,-0.2929329915781764,C.DCE
2020-11-10,2717,2763,2717,2759,595027,15118727200,0.0,1.322071244950429,C.DCE
2020-11-11,2756,2773,2748,2766,402855,10292770900,0.0,0.25371511417180415,C.DCE
2020-11-12,2766,2780,2756,2771,411208,10532696299,0.0,0.18076644974691636,C.DCE
2020-11-15,2772,2822,2769,2802,620047,16054592200,0.0,1.1187297004691343,C.DCE
2020-11-16,2803,2811,2789,2807,469211,12160982600,0.0,0.17844396859385547,C.DCE
2020-11-17,2807,2813,2790,2799,412480,10685604000,0.0,-0.2850017812611294,C.DCE
2020-11-18,2799,2831,2794,2821,434718,11321752900,0.0,0.7859949982136571,C.DCE
2020-11-19,2821,2825,2798,2809,446272,11611559100,0.0,-0.4253810705423633,C.DCE
2020-11-22,2813,2826,2802,2815,513376,13370572800,0.0,0.21359914560341586,C.DCE
2020-11-23,2815,2817,2775,2778,470567,12182249600,0.0,-1.3143872113676736,C.DCE
2020-11-24,2778,2799,2757,2783,516376,13285505200,0.0,0.17998560115191076,C.DCE
2020-11-25,2784,2807,2782,2804,307492,7949516899,0.0,0.7545813869924478,C.DCE
2020-11-26,2805,2806,2779,2786,338275,8727200700,0.0,-0.6419400855920077,C.DCE
2020-11-29,2781,2823,2781,2811,398152,10345347200,0.0,0.8973438621679763,C.DCE
2020-11-30,2811,2823,2798,2812,499151,13379801500,0.0,0.03557452863749422,C.DCE
2020-12-01,2820,2820,2780,2784,511321,13630794800,0.0,-0.9957325746799417,C.DCE
2020-12-02,2781,2796,2773,2778,425020,11282919700,0.0,-0.21551724137931494,C.DCE
2020-12-03,2768,2784,2748,2780,580833,15309151000,0.0,0.07199424046075986,C.DCE
2020-12-06,2770,2775,2736,2745,625378,16424045700,0.0,-1.258992805755399,C.DCE
2020-12-07,2742,2758,2712,2714,580735,15138704200,0.0,-1.1293260473588362,C.DCE
2020-12-08,2715,2742,2714,2737,450893,11735430500,0.0,0.8474576271186418,C.DCE
2020-12-09,2731,2746,2722,2736,431087,11235852600,0.0,-0.036536353671901,C.DCE
2020-12-10,2733,2737,2705,2728,688176,17853831000,0.0,-0.29239766081871066,C.DCE
2020-12-13,2728,2736,2691,2703,607697,15681761000,0.0,-0.9164222873900285,C.DCE
2020-12-14,2702,2713,2680,2694,460013,11804007800,0.0,-0.33296337402886067,C.DCE
2020-12-15,2694,2734,2689,2732,511740,13242016399,0.0,1.410541945063093,C.DCE
2020-12-16,2728,2742,2724,2740,421895,11000521100,0.0,0.2928257686676483,C.DCE
2020-12-17,2740,2751,2727,2742,411525,10747047000,0.0,0.07299270072993469,C.DCE
2020-12-20,2742,2777,2737,2774,563884,14862598300,0.0,1.1670313639678964,C.DCE
2020-12-21,2771,2781,2759,2775,544907,14393796299,0.0,0.036049026676288065,C.DCE
2020-12-22,2778,2812,2766,2804,741243,19727946200,0.0,1.0450450450450344,C.DCE
2020-12-23,2805,2807,2793,2797,413937,11051529700,0.0,-0.24964336661911224,C.DCE
2020-12-24,2797,2814,2782,2808,771163,20596268900,0.0,0.3932785126921745,C.DCE
2020-12-27,2804,2851,2801,2840,1012063,27308630400,0.0,1.139601139601143,C.DCE
2020-12-28,2845,2845,2817,2829,523370,14119928500,0.0,-0.38732394366197687,C.DCE
2020-12-29,2832,2865,2823,2864,614470,16674671800,0.0,1.237186284906322,C.DCE
2020-12-30,2860,2881,2855,2875,609624,16687914400,0.0,0.3840782122904951,C.DCE
2020-12-31,2870,2870,2870,2870,0,0,0.0,-0.17391304347825765,C.DCE
2021-01-03,2889,2914,2874,2879,633210,17487494300,0.0,0.3135888501742068,C.DCE
2021-01-04,2878,2913,2878,2904,472285,13037908500,0.0,0.8683570684265396,C.DCE
2021-01-05,2910,2934,2905,2921,481960,13404677800,0.0,0.5853994490358172,C.DCE
2021-01-06,2921,2948,2919,2942,510463,14297627800,0.0,0.7189318726463556,C.DCE
2021-01-07,2947,2978,2939,2974,630350,17784667600,0.0,1.0876954452753163,C.DCE
2021-01-10,2980,3053,2937,2975,1181606,33745880299,0.0,0.03362474781438696,C.DCE
2021-01-11,2978,3015,2943,3007,802689,22819722900,0.0,1.0756302521008454,C.DCE
2021-01-12,3012,3072,3005,3012,953481,27564358600,0.0,0.16627868307284022,C.DCE
2021-01-13,3017,3025,2969,2983,823129,23487361600,0.0,-0.9628154050464799,C.DCE
2021-01-14,2984,3020,2980,3008,597012,17074394200,0.0,0.8380824673147824,C.DCE
2021-01-17,3015,3051,3012,3021,727775,21033046800,0.0,0.43218085106382365,C.DCE
2021-01-18,3017,3038,2991,3007,625844,18001532400,0.0,-0.46342270771267957,C.DCE
2021-01-19,3007,3014,2970,2983,636369,18132198800,0.0,-0.7981376787495886,C.DCE
2021-01-20,2985,3013,2978,2987,546861,15618422700,0.0,0.1340931947703572,C.DCE
2021-01-21,2983,2999,2941,2958,832591,23544299900,0.0,-0.9708737864077666,C.DCE
2021-01-24,2957,2975,2886,2907,945135,26366229500,0.0,-1.7241379310344862,C.DCE
2021-01-25,2907,2927,2898,2908,502124,13953210300,0.0,0.03439972480219211,C.DCE
2021-01-26,2913,2932,2891,2899,666309,18508396800,0.0,-0.3094910591471822,C.DCE
2021-01-27,2903,2910,2857,2860,737921,20265421600,0.0,-1.3452914798206317,C.DCE
2021-01-28,2863,2870,2835,2846,622614,16939168700,0.0,-0.4895104895104918,C.DCE
2021-01-31,2846,2913,2846,2909,731015,20124998500,0.0,2.213633169360496,C.DCE
2021-02-01,2909,2910,2887,2902,373350,10317444100,0.0,-0.24063251976623734,C.DCE
2021-02-02,2897,2920,2876,2911,498774,13768803600,0.0,0.3101309441764233,C.DCE
2021-02-03,2908,2925,2898,2919,433197,12028751900,0.0,0.27481964960494043,C.DCE
2021-02-04,2914,2955,2913,2955,471733,13185854100,0.0,1.2332990750256956,C.DCE
2021-02-07,2955,2967,2884,2888,810869,22609928700,0.0,-2.267343485617601,C.DCE
2021-02-08,2891,2912,2888,2904,391922,10837569700,0.0,0.5540166204986097,C.DCE
2021-02-09,2900,2921,2898,2902,361125,10016597800,0.0,-0.06887052341597588,C.DCE
2021-02-17,2917,2970,2899,2965,559446,15691190800,0.0,2.1709166092350074,C.DCE
2021-02-18,2959,2974,2926,2952,616083,17348812500,0.0,-0.43844856661044984,C.DCE
2021-02-21,2957,2994,2911,2933,1167525,32832950400,0.0,-0.6436314363143625,C.DCE
2021-02-22,2933,2941,2897,2921,823365,22899811300,0.0,-0.4091374019774996,C.DCE
2021-02-23,2928,2952,2903,2947,672916,18777911300,0.0,0.8901061280383482,C.DCE
2021-02-24,2949,2978,2938,2964,703379,19826258200,0.0,0.576857821513399,C.DCE
2021-02-25,2965,2970,2911,2912,753143,21090866000,0.0,-1.7543859649122862,C.DCE
2021-02-28,2918,2950,2908,2925,598965,16709433700,0.0,0.44642857142858094,C.DCE
2021-03-01,2920,2933,2894,2916,561589,15598246700,0.0,-0.3076923076923088,C.DCE
2021-03-02,2921,2928,2896,2897,470821,13071710000,0.0,-0.6515775034293569,C.DCE
2021-03-03,2897,2904,2882,2892,512033,14130968799,0.0,-0.17259233690024578,C.DCE
2021-03-04,2897,2959,2892,2956,825375,23033433900,0.0,2.2130013831258566,C.DCE
2021-03-07,2955,2969,2934,2961,611638,17214513500,0.0,0.1691474966170503,C.DCE
2021-03-08,2957,2958,2903,2906,621703,17298270400,0.0,-1.8574805808848405,C.DCE
2021-03-09,2906,2911,2845,2848,797860,21895759600,0.0,-1.9958706125258074,C.DCE
2021-03-10,2854,2863,2832,2842,596302,16200667800,0.0,-0.2106741573033699,C.DCE
2021-03-11,2842,2864,2790,2849,891493,24063273500,0.0,0.24630541871921707,C.DCE
2021-03-14,2849,2853,2799,2842,540420,14575237400,0.0,-0.24570024570024218,C.DCE
2021-03-15,2842,2859,2825,2848,436868,11840616200,0.0,0.2111189303307448,C.DCE
2021-03-16,2853,2873,2827,2835,517709,14071507000,0.0,-0.45646067415729963,C.DCE
2021-03-17,2831,2843,2810,2826,422242,11383205800,0.0,-0.31746031746031633,C.DCE
2021-03-18,2826,2845,2817,2838,366892,9903880200,0.0,0.424628450106157,C.DCE
2021-03-21,2831,2868,2830,2857,468638,12738076700,0.0,0.6694855532064725,C.DCE
2021-03-22,2857,2860,2845,2851,296056,8048576200,0.0,-0.21001050052502634,C.DCE
2021-03-23,2851,2864,2834,2841,391501,10642096800,0.0,-0.35075412136093,C.DCE
2021-03-24,2844,2863,2838,2841,398488,10824135400,0.0,0.0,C.DCE
2021-03-25,2842,2856,2834,2845,354188,9615587600,0.0,0.14079549454417695,C.DCE
2021-03-28,2844,2849,2764,2783,853428,22813392900,0.0,-2.179261862917403,C.DCE
2021-03-29,2791,2797,2761,2765,426816,11313944600,0.0,-0.6467840459935315,C.DCE
2021-03-30,2758,2771,2732,2759,510109,13388162500,0.0,-0.21699819168173873,C.DCE
2021-03-31,2761,2838,2739,2754,590974,15605763300,0.0,-0.18122508155128392,C.DCE
2021-04-01,2743,2755,2719,2730,479641,12519796800,0.0,-0.8714596949891074,C.DCE
2021-04-05,2748,2765,2724,2759,306487,8025936899,0.0,1.0622710622710585,C.DCE
2021-04-06,2775,2795,2751,2788,405437,10721746000,0.0,1.0511054729974711,C.DCE
2021-04-07,2789,2845,2781,2844,512908,13777125600,0.0,2.0086083213773254,C.DCE
2021-04-08,2843,2847,2817,2823,352830,9515799400,0.0,-0.7383966244725704,C.DCE
2021-04-11,2823,2829,2800,2804,281113,7538824900,0.0,-0.6730428622033324,C.DCE
2021-04-12,2811,2834,2795,2828,415753,10917023799,0.0,0.8559201141226769,C.DCE
2021-04-13,2828,2846,2821,2835,364471,9634905400,0.0,0.24752475247524774,C.DCE
2021-04-14,2835,2877,2835,2876,502619,13415903400,0.0,1.4462081128747695,C.DCE
2021-04-15,2878,2894,2870,2892,510022,13721260900,0.0,0.5563282336578546,C.DCE
2021-04-18,2892,2916,2875,2906,522225,14122122200,0.0,0.48409405255878113,C.DCE
2021-04-19,2911,2916,2861,2896,473794,12786619100,0.0,-0.34411562284927255,C.DCE
2021-04-20,2896,2913,2890,2911,380905,10324422100,0.0,0.5179558011049634,C.DCE
2021-04-21,2912,2954,2912,2950,489047,13390016000,0.0,1.3397457918241207,C.DCE
2021-04-22,2950,2972,2946,2956,437733,12084474100,0.0,0.20338983050847137,C.DCE
2021-04-25,2956,2965,2916,2940,458001,12596866900,0.0,-0.5412719891745632,C.DCE
2021-04-26,2940,2978,2940,2961,471482,13017140600,0.0,0.7142857142857117,C.DCE
2021-04-27,2961,2970,2925,2967,591904,16308718400,0.0,0.20263424518742745,C.DCE
2021-04-28,2968,2972,2941,2948,415629,11461961600,0.0,-0.6403774856757694,C.DCE
2021-04-29,2953,2956,2911,2928,507846,13898343700,0.0,-0.6784260515603768,C.DCE
2021-05-05,2956,2969,2948,2960,466637,12880361800,0.0,1.0928961748633892,C.DCE
2021-05-06,2959,3041,2954,3018,697127,19531130800,0.0,1.959459459459456,C.DCE
2021-05-09,3018,3054,3014,3034,680043,19266658500,0.0,0.5301524188204176,C.DCE
2021-05-10,3034,3043,3012,3033,431048,12184838600,0.0,-0.03295978905735186,C.DCE
2021-05-11,3042,3093,3035,3077,682326,19503949500,0.0,1.4507088691064984,C.DCE
2021-05-12,3075,3075,2991,3003,717965,20278845000,0.0,-2.404939876503087,C.DCE
2021-05-13,3000,3009,2958,2981,530529,14748567500,0.0,-0.73260073260073,C.DCE
2021-05-16,2982,3014,2957,2970,576336,16026857000,0.0,-0.36900369003689537,C.DCE
2021-05-17,2973,2982,2958,2972,405312,11230793600,0.0,0.06734006734006037,C.DCE
2021-05-18,2968,2987,2941,2966,477745,13201346500,0.0,-0.20188425302826163,C.DCE
2021-05-19,2965,2970,2926,2956,530334,14595514000,0.0,-0.3371544167228624,C.DCE
2021-05-20,2967,2983,2953,2961,577242,15985655700,0.0,0.1691474966170503,C.DCE
2021-05-23,2961,2971,2905,2933,724509,19894090700,0.0,-0.9456264775413725,C.DCE
2021-05-24,2930,2957,2919,2925,478360,13111400300,0.0,-0.27275826798499603,C.DCE
2021-05-25,2928,2936,2859,2861,747357,20147854600,0.0,-2.1880341880341936,C.DCE
2021-05-26,2855,2882,2845,2860,519573,13882879400,0.0,-0.03495281370150538,C.DCE
2021-05-27,2860,2916,2852,2874,581869,15632467300,0.0,0.4895104895104918,C.DCE
2021-05-30,2874,2904,2849,2856,562718,15101780100,0.0,-0.6263048016701411,C.DCE
2021-05-31,2853,2889,2847,2885,453044,12144823300,0.0,1.0154061624649824,C.DCE
2021-06-01,2895,2919,2882,2909,502304,13599671900,0.0,0.8318890814558166,C.DCE
2021-06-02,2909,2936,2900,2928,439278,11985797100,0.0,0.6531454107940871,C.DCE
2021-06-03,2926,2929,2890,2907,503205,13667696500,0.0,-0.7172131147541005,C.DCE
2021-06-06,2920,2930,2892,2898,502249,13636038899,0.0,-0.3095975232198178,C.DCE
2021-06-07,2898,2901,2861,2881,525170,14118185300,0.0,-0.5866114561766778,C.DCE
2021-06-08,2881,2906,2870,2900,415042,11172081299,0.0,0.6594932315168389,C.DCE
2021-06-09,2898,2930,2885,2925,531460,14438551200,0.0,0.8620689655172376,C.DCE
2021-06-10,2930,2966,2915,2963,532189,14590017900,0.0,1.299145299145299,C.DCE
2021-06-14,2934,2936,2865,2874,634997,17093031399,0.0,-3.0037124535943316,C.DCE
2021-06-15,2874,2889,2856,2859,415274,11134143700,0.0,-0.5219206680584509,C.DCE
2021-06-16,2859,2881,2856,2861,368653,9871735500,0.0,0.06995452955578241,C.DCE
2021-06-17,2851,2853,2787,2806,764369,20063225300,0.0,-1.9224047535826627,C.DCE
2021-06-20,2811,2820,2751,2780,611441,15871424400,0.0,-0.9265858873841792,C.DCE
2021-06-21,2774,2791,2764,2768,383150,9930190300,0.0,-0.4316546762589968,C.DCE
2021-06-22,2764,2789,2753,2783,420323,10880152500,0.0,0.5419075144508678,C.DCE
2021-06-23,2775,2795,2768,2773,457926,11877058600,0.0,-0.35932446999640266,C.DCE
2021-06-24,2766,2793,2759,2773,352753,9135717400,0.0,0.0,C.DCE
2021-06-27,2773,2803,2739,2801,644631,16728082500,0.0,1.0097367472051921,C.DCE
2021-06-28,2801,2824,2785,2815,443735,11631507800,0.0,0.4998214923241706,C.DCE
2021-06-29,2809,2813,2792,2800,347822,9094419600,0.0,-0.5328596802841923,C.DCE
2021-06-30,2800,2847,2786,2808,600026,15746644200,0.0,0.28571428571428914,C.DCE
2021-07-01,2810,2830,2808,2819,479488,12616743500,0.0,0.39173789173789775,C.DCE
2021-07-04,2819,2819,2759,2793,712061,18503889100,0.0,-0.9223128769067057,C.DCE
2021-07-05,2793,2795,2766,2773,427402,11083033500,0.0,-0.716075904045832,C.DCE
2021-07-06,2773,2789,2750,2758,574866,14851570100,0.0,-0.5409304002884974,C.DCE
2021-07-07,2745,2770,2740,2753,518546,13330671800,0.0,-0.18129079042784602,C.DCE
2021-07-08,2753,2758,2741,2750,408378,10483766100,0.0,-0.10897203051216664,C.DCE
2021-07-11,2748,2772,2725,2739,690785,17699421000,0.0,-0.40000000000000036,C.DCE
2021-07-12,2748,2787,2740,2780,669104,17258492900,0.0,1.4968966776195636,C.DCE
2021-07-13,2776,2815,2765,2811,649754,16944944900,0.0,1.1151079136690667,C.DCE
2021-07-14,2810,2817,2790,2795,462930,12116399600,0.0,-0.5691924581999297,C.DCE
2021-07-15,2805,2805,2756,2758,620664,16072994200,0.0,-1.3237924865831863,C.DCE
2021-07-18,2760,2773,2708,2709,729205,18577748700,0.0,-1.7766497461928932,C.DCE
2021-07-19,2711,2718,2688,2697,516727,13033688700,0.0,-0.44296788482834915,C.DCE
2021-07-20,2705,2723,2690,2699,499581,12615244300,0.0,0.07415647015203142,C.DCE
2021-07-21,2699,2713,2685,2691,448619,11308315200,0.0,-0.2964060763245624,C.DCE
2021-07-22,2690,2715,2681,2704,441752,11146664800,0.0,0.48309178743961567,C.DCE
2021-07-25,2712,2738,2705,2726,569926,14481920600,0.0,0.8136094674556116,C.DCE
2021-07-26,2730,2766,2714,2761,638287,16332833700,0.0,1.283932501834184,C.DCE
2021-07-27,2754,2762,2735,2747,384356,9865317100,0.0,-0.5070626584570803,C.DCE
2021-07-28,2753,2761,2738,2745,335997,8614235200,0.0,-0.07280669821623231,C.DCE
2021-07-29,2745,2759,2744,2757,330728,8498653500,0.0,0.43715846994536456,C.DCE
2021-08-01,2756,2780,2725,2776,701302,18044478900,0.0,0.689154878491105,C.DCE
2021-08-02,2776,2796,2766,2793,446864,11614617800,0.0,0.6123919308357317,C.DCE
2021-08-03,2794,2798,2771,2794,410852,10676222300,0.0,0.03580379520229382,C.DCE
2021-08-04,2804,2815,2792,2803,412409,10792962500,0.0,0.3221188260558394,C.DCE
2021-08-05,2803,2817,2786,2787,433734,11337453400,0.0,-0.5708169818052111,C.DCE
2021-08-08,2789,2801,2779,2790,375017,9765506200,0.0,0.10764262648008671,C.DCE
2021-08-09,2789,2794,2755,2761,388623,10053276500,0.0,-1.039426523297493,C.DCE
2021-08-10,2762,2776,2751,2764,317525,8185686000,0.0,0.10865628395508864,C.DCE
2021-08-11,2761,2802,2759,2801,408318,10614383000,0.0,1.338639652677287,C.DCE
2021-08-12,2779,2820,2779,2819,305291,7982693400,0.0,0.642627632988213,C.DCE
2021-08-15,2822,2837,2803,2816,716915,18660867300,0.0,-0.10642071656615792,C.DCE
2021-08-16,2816,2817,2798,2811,447490,11585298000,0.0,-0.17755681818182323,C.DCE
2021-08-17,2814,2825,2768,2771,726655,18694868700,0.0,-1.4229811454998242,C.DCE
2021-08-18,2773,2784,2766,2767,449579,11499416800,0.0,-0.1443522194153779,C.DCE
2021-08-19,2765,2772,2711,2712,781820,19720580000,0.0,-1.987712323816404,C.DCE
2021-08-22,2712,2731,2696,2707,568026,14209428300,0.0,-0.18436578171091567,C.DCE
2021-08-23,2707,2728,2705,2721,410981,10312364900,0.0,0.5171776874769218,C.DCE
2021-08-24,2716,2735,2712,2713,386402,9706945400,0.0,-0.2940095553105482,C.DCE
2021-08-25,2718,2721,2702,2704,425434,10637455900,0.0,-0.3317360855141893,C.DCE
2021-08-26,2704,2715,2682,2687,549153,13659702100,0.0,-0.6286982248520756,C.DCE
2021-08-29,2687,2704,2680,2691,494510,12271178899,0.0,0.14886490509862238,C.DCE
2021-08-30,2694,2700,2685,2696,328320,8154314399,0.0,0.185804533630618,C.DCE
2021-08-31,2695,2695,2669,2670,544967,13483755700,0.0,-0.9643916913946615,C.DCE
2021-09-01,2670,2721,2664,2705,773320,19183391400,0.0,1.3108614232209659,C.DCE
2021-09-02,2707,2709,2696,2701,383528,9560851400,0.0,-0.14787430683919078,C.DCE
2021-09-05,2701,2707,2665,2668,608677,15040787200,0.0,-1.2217697149203954,C.DCE
2021-09-06,2673,2676,2662,2669,394608,9717140700,0.0,0.037481259370308884,C.DCE
2021-09-07,2665,2695,2659,2668,676642,16712273400,0.0,-0.03746721618583804,C.DCE
2021-09-08,2673,2677,2656,2670,577549,14207315800,0.0,0.07496251874063997,C.DCE
2021-09-09,2670,2678,2657,2660,478154,11758453100,0.0,-0.3745318352059934,C.DCE
2021-09-12,2666,2693,2662,2686,824087,20369802000,0.0,0.9774436090225658,C.DCE
2021-09-13,2683,2686,2662,2664,589349,14501806200,0.0,-0.8190618019359608,C.DCE
2021-09-14,2667,2683,2662,2666,656907,16202807100,0.0,0.07507507507507061,C.DCE
2021-09-15,2664,2669,2641,2642,753753,18453905400,0.0,-0.9002250562640701,C.DCE
2021-09-16,2648,2654,2639,2642,486668,11883671200,0.0,0.0,C.DCE
2021-09-21,2635,2674,2634,2670,630994,15493948600,0.0,1.0598031794095464,C.DCE
2021-09-22,2664,2694,2664,2693,656923,16237493700,0.0,0.8614232209737782,C.DCE
2021-09-23,2687,2700,2685,2694,501064,12454495300,0.0,0.03713330857779695,C.DCE
2021-09-26,2694,2701,2673,2690,506820,12563808000,0.0,-0.14847809948033142,C.DCE
2021-09-27,2690,2705,2677,2681,480349,11914230500,0.0,-0.33457249070631967,C.DCE
2021-09-28,2681,2692,2676,2690,407121,10077508500,0.0,0.33569563595672314,C.DCE
2021-09-29,2690,2732,2679,2732,737415,18419281100,0.0,1.5613382899628325,C.DCE
2021-10-07,2721,2721,2689,2700,504363,12556717900,0.0,-1.171303074670571,C.DCE
2021-10-10,2700,2763,2699,2758,854210,21558440000,0.0,2.1481481481481435,C.DCE
2021-10-11,2758,2769,2742,2751,593124,15051357400,0.0,-0.25380710659898,C.DCE
2021-10-12,2751,2802,2731,2773,866211,22130830099,0.0,0.7997091966557512,C.DCE
2021-10-13,2765,2773,2735,2740,521831,13237139200,0.0,-1.1900468806346876,C.DCE
2021-10-14,2743,2790,2742,2789,727981,18602313700,0.0,1.7883211678832112,C.DCE
2021-10-17,2778,2781,2749,2756,579243,14779232600,0.0,-1.1832197920401577,C.DCE
2021-10-18,2752,2792,2747,2785,641767,16408254700,0.0,1.0522496371552892,C.DCE
2021-10-19,2780,2793,2766,2784,568175,14566027000,0.0,-0.035906642728900096,C.DCE
2021-10-20,2784,2809,2783,2785,556259,14354647200,0.0,0.03591954022987842,C.DCE
2021-10-21,2788,2801,2776,2784,570999,14669891500,0.0,-0.035906642728900096,C.DCE
2021-10-24,2784,2842,2754,2838,1011967,26163631700,0.0,1.93965517241379,C.DCE
2021-10-25,2843,2867,2828,2849,690115,18101265600,0.0,0.3875968992248069,C.DCE
2021-10-26,2848,2848,2816,2829,448599,11713904400,0.0,-0.7020007020007046,C.DCE
2021-10-27,2829,2831,2781,2805,820926,21262057500,0.0,-0.8483563096500557,C.DCE
2021-10-28,2806,2857,2805,2848,666012,17385789900,0.0,1.5329768270944788,C.DCE
2021-10-31,2848,2861,2824,2836,533345,13979214400,0.0,-0.4213483146067398,C.DCE
2021-11-01,2828,2881,2828,2859,607332,15995010200,0.0,0.8110014104372398,C.DCE
2021-11-02,2861,2900,2857,2881,611686,16236118200,0.0,0.7694998251136731,C.DCE
2021-11-03,2879,2915,2871,2901,481578,12856050500,0.0,0.6942034015966714,C.DCE
2021-11-04,2901,2927,2875,2899,550266,14728834500,0.0,-0.06894174422612531,C.DCE
2021-11-07,2896,2960,2885,2917,683526,18388483700,0.0,0.6209037599172129,C.DCE
2021-11-08,2917,2953,2910,2949,640872,17355086300,0.0,1.0970174837161561,C.DCE
2021-11-09,2950,2964,2944,2957,473121,12889809000,0.0,0.2712783994574419,C.DCE
2021-11-10,2957,2966,2902,2911,590494,15956550900,0.0,-1.5556307067974284,C.DCE
2021-11-11,2901,2917,2874,2887,493793,13189623500,0.0,-0.8244589488148435,C.DCE
2021-11-14,2887,2899,2859,2882,510578,13549406200,0.0,-0.1731901627987531,C.DCE
2021-11-15,2882,2911,2875,2906,350739,9367077600,0.0,0.832755031228305,C.DCE
2021-11-16,2906,2922,2888,2904,458022,12271711500,0.0,-0.06882312456985007,C.DCE
2021-11-17,2913,2914,2888,2905,358915,9608446200,0.0,0.03443526170798794,C.DCE
2021-11-18,2905,2940,2905,2933,539448,14534965000,0.0,0.9638554216867545,C.DCE
2021-11-21,2933,2940,2891,2895,534221,14328255900,0.0,-1.295601772928745,C.DCE
2021-11-22,2893,2899,2863,2865,518912,13798116399,0.0,-1.0362694300518172,C.DCE
2021-11-23,2855,2871,2837,2859,472476,12451789100,0.0,-0.20942408376963817,C.DCE
2021-11-24,2859,2880,2849,2867,387857,10235379700,0.0,0.27981811822315183,C.DCE
2021-11-25,2873,2897,2867,2871,406507,10808521600,0.0,0.13951866062085205,C.DCE
2021-11-28,2872,2901,2858,2882,407289,10824655400,0.0,0.3831417624521105,C.DCE
2021-11-29,2882,2906,2861,2868,444083,11814042400,0.0,-0.4857737682165131,C.DCE
2021-11-30,2868,2892,2854,2891,480377,12708948600,0.0,0.8019525801952643,C.DCE
2021-12-01,2891,2911,2885,2901,423939,11319486500,0.0,0.3459010722933309,C.DCE
2021-12-02,2901,2907,2879,2885,313697,8380460600,0.0,-0.5515339538090358,C.DCE
2021-12-05,2879,2888,2862,2866,293121,7769653400,0.0,-0.6585788561525141,C.DCE
2021-12-06,2865,2883,2861,2876,377508,10151425400,0.0,0.34891835310537633,C.DCE
2021-12-07,2883,2904,2876,2897,480456,13019488899,0.0,0.7301808066759286,C.DCE
2021-12-08,2893,2902,2867,2876,422560,11414583200,0.0,-0.7248878149810123,C.DCE
2021-12-09,2873,2892,2867,2888,322763,8693178100,0.0,0.4172461752433909,C.DCE
2021-12-12,2892,2928,2884,2917,760333,20734461600,0.0,1.0041551246537495,C.DCE
2021-12-13,2917,2923,2898,2919,380611,10389347900,0.0,0.06856359273226253,C.DCE
2021-12-14,2923,2942,2916,2934,508344,13944113700,0.0,0.5138746145940454,C.DCE
2021-12-15,2935,2936,2902,2915,517411,14143099600,0.0,-0.6475800954328537,C.DCE
2021-12-16,2910,2924,2910,2920,281216,7685991800,0.0,0.17152658662091813,C.DCE
2021-12-19,2916,2929,2891,2898,531898,14488934500,0.0,-0.7534246575342518,C.DCE
2021-12-20,2893,2908,2888,2892,357076,9691230100,0.0,-0.20703933747412417,C.DCE
2021-12-21,2886,2889,2868,2870,527979,14227433799,0.0,-0.7607192254495132,C.DCE
2021-12-22,2867,2892,2863,2889,445983,12037551700,0.0,0.662020905923355,C.DCE
2021-12-23,2885,2889,2873,2878,323731,8732645100,0.0,-0.3807545863620643,C.DCE
2021-12-26,2872,2897,2863,2877,435777,11745472500,0.0,-0.03474635163307482,C.DCE
2021-12-27,2879,2882,2861,2862,374991,10075945100,0.0,-0.5213764337851923,C.DCE
2021-12-28,2865,2866,2843,2844,546634,14609552600,0.0,-0.6289308176100628,C.DCE
2021-12-29,2842,2874,2840,2870,474410,12718990900,0.0,0.914205344585084,C.DCE
2021-12-30,2865,2869,2845,2853,374613,10013693700,0.0,-0.5923344947735165,C.DCE
2022-01-03,2856,2886,2856,2885,423438,11413346000,0.0,1.1216263582194186,C.DCE
2022-01-04,2883,2900,2874,2894,409232,11066434000,0.0,0.31195840554592014,C.DCE
2022-01-05,2893,2893,2855,2857,538777,14486080000,0.0,-1.278507256392536,C.DCE
2022-01-06,2858,2868,2851,2863,362308,9698652200,0.0,0.21001050052502634,C.DCE
2022-01-09,2863,2885,2860,2869,428181,11522598600,0.0,0.20957038071951484,C.DCE
2022-01-10,2872,2883,2857,2878,407007,10944254200,0.0,0.31369815266644174,C.DCE
2022-01-11,2883,2908,2874,2904,577345,15648717000,0.0,0.9034051424600342,C.DCE
2022-01-12,2905,2912,2894,2903,391088,10639578000,0.0,-0.03443526170798794,C.DCE
2022-01-13,2907,2923,2903,2920,465643,12706882600,0.0,0.5856011023079644,C.DCE
2022-01-16,2920,2921,2893,2905,429716,11702468600,0.0,-0.5136986301369828,C.DCE
2022-01-17,2905,2915,2898,2903,324407,8829901400,0.0,-0.0688468158347666,C.DCE
2022-01-18,2903,2931,2894,2918,531564,14517160600,0.0,0.5167068549775999,C.DCE
2022-01-19,2924,2946,2917,2942,479763,13178176900,0.0,0.8224811514736086,C.DCE
2022-01-20,2942,2952,2918,2921,562200,15445459700,0.0,-0.7138001359619284,C.DCE
2022-01-23,2920,2931,2916,2917,338287,9254487200,0.0,-0.1369394043135963,C.DCE
2022-01-24,2923,2952,2909,2945,486024,13346118600,0.0,0.9598902982516311,C.DCE
2022-01-25,2940,2967,2940,2963,464961,12866061100,0.0,0.6112054329371785,C.DCE
2022-01-26,2963,2971,2950,2955,377241,10454317600,0.0,-0.26999662504219035,C.DCE
2022-01-27,2955,2968,2946,2950,423918,11737011700,0.0,-0.16920473773265332,C.DCE
2022-02-06,2973,2973,2932,2935,491798,13587981900,0.0,-0.5084745762711895,C.DCE
2022-02-07,2935,2984,2935,2980,559255,15548873400,0.0,1.5332197614991383,C.DCE
2022-02-08,2976,2979,2954,2963,377912,10497386600,0.0,-0.5704697986577134,C.DCE
2022-02-09,2966,2981,2958,2977,406566,11316670000,0.0,0.47249409382381646,C.DCE
2022-02-10,2979,2986,2951,2953,489785,13596826600,0.0,-0.8061807188444736,C.DCE
2022-02-13,2957,2977,2956,2962,395751,10992349400,0.0,0.30477480528277034,C.DCE
2022-02-14,2956,2972,2951,2957,365971,10153989400,0.0,-0.16880486158001862,C.DCE
2022-02-15,2952,2962,2940,2952,471245,13021105800,0.0,-0.1690902942171113,C.DCE
2022-02-16,2951,2970,2946,2965,362561,10040038500,0.0,0.4403794037940445,C.DCE
2022-02-17,2968,2970,2956,2961,272847,7574212100,0.0,-0.13490725126475978,C.DCE
2022-02-20,2961,2972,2947,2950,389782,10796917500,0.0,-0.37149611617697254,C.DCE
2022-02-21,2947,2982,2918,2973,650873,18032765100,0.0,0.7796610169491514,C.DCE
2022-02-22,2968,3000,2954,2995,626990,17491139400,0.0,0.7399932727884195,C.DCE
2022-02-23,2996,3057,2991,3029,963748,27256437200,0.0,1.1352253756260478,C.DCE
2022-02-24,3037,3052,3002,3041,720770,20471162600,0.0,0.3961703532519012,C.DCE
2022-02-27,3011,3061,3003,3049,717071,20392258800,0.0,0.2630713581058819,C.DCE
2022-02-28,3057,3073,3043,3068,602530,17259975200,0.0,0.6231551328304441,C.DCE
2022-03-01,3070,3115,3048,3080,818205,23618924600,0.0,0.39113428943937656,C.DCE
2022-03-02,3080,3098,3062,3089,472506,13633967700,0.0,0.29220779220779924,C.DCE
2022-03-03,3089,3114,3077,3081,560032,16236972700,0.0,-0.2589834898025223,C.DCE
2022-03-06,3102,3130,3089,3121,613669,17889067200,0.0,1.2982797792924439,C.DCE
2022-03-07,3121,3121,3058,3089,574464,16605608799,0.0,-1.025312399871836,C.DCE
2022-03-08,3078,3086,3048,3083,462901,13291968600,0.0,-0.19423761735188894,C.DCE
2022-03-09,3070,3078,3033,3034,480798,13740826500,0.0,-1.5893610120013002,C.DCE
2022-03-10,3041,3059,3032,3054,350272,9997614000,0.0,0.6591957811469928,C.DCE
2022-03-13,3045,3062,3021,3048,431605,12293869100,0.0,-0.19646365422396617,C.DCE
2022-03-14,3052,3071,3035,3035,426695,12200761100,0.0,-0.426509186351709,C.DCE
2022-03-15,3036,3065,3029,3057,308608,8813822100,0.0,0.7248764415156428,C.DCE
2022-03-16,3058,3063,3036,3047,295485,8433673800,0.0,-0.3271180896303516,C.DCE
2022-03-17,3054,3088,3048,3084,390019,11218261600,0.0,1.2143091565474329,C.DCE
2022-03-20,3082,3090,3063,3080,347285,10001766200,0.0,-0.12970168612191912,C.DCE
2022-03-21,3080,3102,3079,3092,325551,9423740100,0.0,0.3896103896103842,C.DCE
2022-03-22,3086,3106,3080,3103,287171,8319847500,0.0,0.35575679172057395,C.DCE
2022-03-23,3113,3121,3088,3098,386509,11236369400,0.0,-0.1611343860779879,C.DCE
2022-03-24,3095,3108,3076,3082,352879,10217193400,0.0,-0.5164622336991553,C.DCE
2022-03-27,3082,3111,3051,3057,471431,13598409700,0.0,-0.8111615833874097,C.DCE
2022-03-28,3050,3064,3042,3048,302996,8666099100,0.0,-0.2944062806673253,C.DCE
2022-03-29,3032,3047,3011,3034,405624,11517725000,0.0,-0.45931758530183275,C.DCE
2022-03-30,3034,3048,3027,3032,190017,5403410400,0.0,-0.06591957811470373,C.DCE
2022-03-31,3043,3055,3025,3026,274540,7819190900,0.0,-0.19788918205804196,C.DCE
2022-04-05,3042,3068,3039,3063,217936,6239021600,0.0,1.2227362855254498,C.DCE
2022-04-06,3059,3066,3049,3055,349160,10309237800,0.0,-0.26118184786156906,C.DCE
2022-04-07,3043,3054,3020,3027,431208,12626102500,0.0,-0.9165302782324081,C.DCE
2022-04-10,3027,3037,3014,3017,357916,10464038600,0.0,-0.33036009250082543,C.DCE
2022-04-11,3009,3024,3006,3022,277911,8096424800,0.0,0.16572754391779299,C.DCE
2022-04-12,3020,3036,3008,3020,343000,10015188400,0.0,-0.06618133686300265,C.DCE
2022-04-13,3023,3058,3017,3053,490908,14420924100,0.0,1.0927152317880884,C.DCE
2022-04-14,3053,3076,3046,3075,348760,10319945000,0.0,0.720602685882743,C.DCE
2022-04-17,3075,3077,3059,3071,289795,8588098300,0.0,-0.13008130081301195,C.DCE
2022-04-18,3073,3103,3063,3096,456375,13620856800,0.0,0.814067079127323,C.DCE
2022-04-19,3096,3120,3088,3114,487517,14618885000,0.0,0.5813953488372103,C.DCE
2022-04-20,3131,3131,3110,3120,327271,9861402300,0.0,0.19267822736031004,C.DCE
2022-04-21,3111,3125,3086,3090,520642,15622469800,0.0,-0.9615384615384581,C.DCE
2022-04-24,3106,3106,3070,3071,532304,15870452500,0.0,-0.614886731391584,C.DCE
2022-04-25,3072,3115,3072,3099,458734,13724858799,0.0,0.9117551286226044,C.DCE
2022-04-26,3099,3111,3080,3091,415333,12410257600,0.0,-0.258147789609553,C.DCE
2022-04-27,3091,3138,3090,3137,571760,17208442900,0.0,1.4881915237787036,C.DCE
2022-04-28,3138,3153,3119,3151,511906,15496239900,0.0,0.44628626075868816,C.DCE
2022-05-04,3142,3142,3122,3128,298332,9022535800,0.0,-0.7299270072992692,C.DCE
2022-05-05,3134,3136,3090,3096,507396,15239575300,0.0,-1.0230179028132946,C.DCE
2022-05-08,3092,3109,3085,3093,381887,11419673500,0.0,-0.09689922480620172,C.DCE
2022-05-09,3093,3106,3051,3068,617769,18356603800,0.0,-0.8082767539605573,C.DCE
2022-05-10,3077,3087,3066,3071,298605,8874121500,0.0,0.09778357235983304,C.DCE
2022-05-11,3066,3092,3066,3077,319893,9516594100,0.0,0.19537609899056285,C.DCE
2022-05-12,3077,3111,3071,3098,409622,12248059100,0.0,0.6824829379265429,C.DCE
2022-05-15,3098,3108,3083,3106,389512,11654204200,0.0,0.2582311168495721,C.DCE
2022-05-16,3103,3128,3096,3116,470401,14153906600,0.0,0.3219575016097931,C.DCE
2022-05-17,3118,3126,3107,3113,297511,8960055100,0.0,-0.09627727856226231,C.DCE
2022-05-18,3114,3124,3097,3103,357207,10729070600,0.0,-0.3212335367812402,C.DCE
2022-05-19,3100,3118,3091,3116,347574,10422022800,0.0,0.4189494038027819,C.DCE
2022-05-22,3111,3114,3087,3089,407377,12195076000,0.0,-0.8664955070603386,C.DCE
2022-05-23,3089,3094,3057,3059,464164,13784535300,0.0,-0.9711880867594669,C.DCE
2022-05-24,3058,3070,3026,3047,634173,18660735300,0.0,-0.39228506047728207,C.DCE
2022-05-25,3038,3047,3022,3039,398506,11683359500,0.0,-0.2625533311453876,C.DCE
2022-05-26,3035,3058,3023,3048,386619,11359474700,0.0,0.29615004935834577,C.DCE
2022-05-29,3048,3054,3024,3025,362274,10628812400,0.0,-0.7545931758530133,C.DCE
2022-05-30,3025,3050,3022,3038,288283,8461872300,0.0,0.42975206611570727,C.DCE
2022-05-31,3034,3037,2971,2976,743164,21533777599,0.0,-2.0408163265306145,C.DCE
2022-06-01,2990,2995,2965,2976,466604,13426759600,0.0,0.0,C.DCE
2022-06-05,2987,3004,2985,2993,269247,7789999399,0.0,0.5712365591397761,C.DCE
2022-06-06,2984,2999,2979,2982,226793,6545630400,0.0,-0.36752422318743205,C.DCE
2022-06-07,2993,3011,2985,2998,395829,11464698200,0.0,0.5365526492287165,C.DCE
2022-06-08,2999,3005,2951,2951,416192,11976279900,0.0,-1.5677118078719188,C.DCE
2022-06-09,2952,2973,2945,2968,355279,10162173600,0.0,0.5760759064723731,C.DCE
2022-06-12,2969,2994,2963,2988,365150,10507442000,0.0,0.6738544474393482,C.DCE
2022-06-13,2993,3016,2979,2990,355004,10272343900,0.0,0.0669344042838027,C.DCE
2022-06-14,2993,2993,2973,2981,294310,8481353300,0.0,-0.3010033444816096,C.DCE
2022-06-15,2984,2997,2980,2989,286137,8264740900,0.0,0.2683663200268471,C.DCE
2022-06-16,2995,3011,2987,3007,359106,10405847800,0.0,0.6022080963532961,C.DCE
2022-06-19,3011,3023,2998,3004,385000,11191754900,0.0,-0.09976720984369303,C.DCE
2022-06-20,3004,3014,2983,3002,347350,10058688900,0.0,-0.06657789613848664,C.DCE
2022-06-21,2994,3000,2951,2958,556486,15985474000,0.0,-1.4656895403064585,C.DCE
2022-06-22,2959,2965,2906,2929,627915,17800305200,0.0,-0.9803921568627416,C.DCE
2022-06-23,2932,2934,2870,2884,527861,14757891100,0.0,-1.5363605326049856,C.DCE
2022-06-26,2901,2910,2884,2895,366110,10248763600,0.0,0.38141470180306225,C.DCE
2022-06-27,2895,2919,2891,2914,301726,8464614600,0.0,0.6563039723661568,C.DCE
2022-06-28,2912,2917,2904,2910,207451,5833011899,0.0,-0.1372683596431057,C.DCE
2022-06-29,2910,2917,2867,2878,374655,10461797000,0.0,-1.0996563573883122,C.DCE
2022-06-30,2867,2872,2795,2799,624043,17092853500,0.0,-2.7449617790131997,C.DCE
2022-07-03,2807,2824,2775,2815,488766,13235167700,0.0,0.5716327259735587,C.DCE
2022-07-04,2815,2817,2778,2786,325721,8805961400,0.0,-1.0301953818827703,C.DCE
2022-07-05,2786,2786,2748,2783,540778,14449691399,0.0,-0.1076812634601576,C.DCE
2022-07-06,2786,2829,2777,2814,439622,11893955400,0.0,1.1139058569888505,C.DCE
2022-07-07,2823,2829,2808,2822,252356,6870346700,0.0,0.2842928216062468,C.DCE
2022-07-10,2822,2858,2815,2840,347445,9532963500,0.0,0.6378454996456506,C.DCE
2022-07-11,2845,2845,2805,2806,330725,9017510600,0.0,-1.1971830985915477,C.DCE
2022-07-12,2800,2805,2765,2800,392519,10566408600,0.0,-0.2138275124732747,C.DCE
2022-07-13,2793,2814,2781,2802,257427,6961227000,0.0,0.07142857142856673,C.DCE
2022-07-14,2802,2805,2765,2776,342030,9222868900,0.0,-0.9279086366880795,C.DCE
2022-07-17,2776,2783,2755,2775,341496,9140616000,0.0,-0.036023054755041084,C.DCE
2022-07-18,2783,2795,2701,2704,451553,12008796000,0.0,-2.5585585585585546,C.DCE
2022-07-19,2702,2726,2688,2712,396249,10357674200,0.0,0.2958579881656709,C.DCE
2022-07-20,2712,2718,2694,2710,236878,6189689600,0.0,-0.07374631268436405,C.DCE
2022-07-21,2698,2699,2644,2654,392803,10124080900,0.0,-2.0664206642066474,C.DCE
2022-07-24,2655,2693,2638,2690,443761,11449370000,0.0,1.35644310474754,C.DCE
2022-07-25,2693,2729,2691,2717,340027,8911919400,0.0,1.003717472118959,C.DCE
2022-07-26,2723,2740,2713,2740,259080,6828579000,0.0,0.8465218991534851,C.DCE
2022-07-27,2743,2774,2741,2766,326656,8701460400,0.0,0.9489051094890621,C.DCE
2022-07-28,2769,2779,2745,2764,228197,6084471200,0.0,-0.0723065798987732,C.DCE
2022-07-31,2775,2791,2748,2761,278572,7440586700,0.0,-0.10853835021708003,C.DCE
2022-08-01,2754,2782,2736,2778,305623,8157962900,0.0,0.615718942412169,C.DCE
2022-08-02,2774,2799,2763,2779,237674,6376010400,0.0,0.03599712023039103,C.DCE
2022-08-03,2784,2785,2741,2752,202411,5407227000,0.0,-0.971572508096441,C.DCE
2022-08-04,2756,2785,2755,2783,302865,8108821899,0.0,1.1264534883721034,C.DCE
2022-08-07,2781,2789,2748,2779,292999,7832845000,0.0,-0.14372978799855884,C.DCE
2022-08-08,2779,2811,2769,2800,246499,6648427200,0.0,0.7556675062972307,C.DCE
2022-08-09,2805,2830,2805,2818,254204,6919203400,0.0,0.642857142857145,C.DCE
2022-08-10,2823,2825,2786,2802,159480,4318058700,0.0,-0.5677785663591228,C.DCE
2022-08-11,2810,2849,2805,2835,294372,8097134300,0.0,1.177730192719495,C.DCE
2022-08-14,2830,2838,2787,2795,348175,9536783300,0.0,-1.4109347442680775,C.DCE
2022-08-15,2792,2844,2776,2833,338205,9262729000,0.0,1.3595706618962478,C.DCE
2022-08-16,2822,2828,2789,2802,275637,7524807100,0.0,-1.0942463819272885,C.DCE
2022-08-17,2807,2807,2756,2763,369023,9973334000,0.0,-1.3918629550321193,C.DCE
2022-08-18,2766,2777,2744,2762,297376,7990584200,0.0,-0.03619254433586683,C.DCE
2022-08-21,2762,2781,2753,2764,230257,6191187000,0.0,0.07241129616220032,C.DCE
2022-08-22,2765,2821,2754,2815,469945,12777908300,0.0,1.845151953690305,C.DCE
2022-08-23,2816,2841,2805,2833,395926,10870964300,0.0,0.6394316163410352,C.DCE
2022-08-24,2833,2837,2795,2803,351985,9641079400,0.0,-1.0589481115425348,C.DCE
2022-08-25,2803,2846,2802,2837,333633,9161926000,0.0,1.2129860863360653,C.DCE
2022-08-28,2836,2888,2821,2886,504093,14037769800,0.0,1.727176594994706,C.DCE
2022-08-29,2883,2885,2867,2871,261373,7309969200,0.0,-0.519750519750517,C.DCE
2022-08-30,2867,2887,2851,2876,351017,9790363500,0.0,0.17415534656914922,C.DCE
2022-08-31,2864,2881,2856,2878,234364,6543361000,0.0,0.06954102920724292,C.DCE
2022-09-01,2878,2881,2857,2869,319540,8920366500,0.0,-0.3127171646977067,C.DCE
2022-09-04,2879,2902,2871,2880,358607,10050037800,0.0,0.3834088532589819,C.DCE
2022-09-05,2880,2911,2879,2907,363335,10242896900,0.0,0.9374999999999911,C.DCE
2022-09-06,2907,2907,2869,2876,342216,9607801200,0.0,-1.066391468868244,C.DCE
2022-09-07,2890,2904,2864,2885,386169,10827954200,0.0,0.31293463143253764,C.DCE
2022-09-08,2879,2902,2866,2897,363190,10186650300,0.0,0.4159445407279083,C.DCE
2022-09-12,2917,2940,2908,2919,253502,7196909600,0.0,0.7594062823610637,C.DCE
2022-09-13,2919,2923,2909,2919,189918,5385273600,0.0,0.0,C.DCE
2022-09-14,2915,2922,2905,2911,217021,6147615500,0.0,-0.27406646111681754,C.DCE
2022-09-15,2915,2930,2909,2915,260290,7385870600,0.0,0.13740982480248132,C.DCE
2022-09-18,2913,2938,2910,2929,267020,7594915600,0.0,0.4802744425385974,C.DCE
2022-09-19,2922,2929,2896,2914,322807,9144473700,0.0,-0.5121201775349915,C.DCE
2022-09-20,2918,2946,2915,2930,323834,9220268700,0.0,0.5490734385724005,C.DCE
2022-09-21,2921,2937,2918,2927,234657,6681202200,0.0,-0.10238907849828838,C.DCE
2022-09-22,2932,2934,2903,2908,275642,7814661800,0.0,-0.6491288008199536,C.DCE
2022-09-25,2903,2905,2859,2861,452782,12688321800,0.0,-1.6162310866574936,C.DCE
2022-09-26,2867,2873,2843,2856,368356,10237602000,0.0,-0.1747640685075158,C.DCE
2022-09-27,2856,2866,2820,2833,356826,9859468400,0.0,-0.8053221288515378,C.DCE
2022-09-28,2838,2857,2832,2844,267654,7403812400,0.0,0.38828097423226904,C.DCE
2022-09-29,2849,2859,2838,2852,254971,7065961899,0.0,0.2812939521800173,C.DCE
2022-10-09,2856,2885,2842,2883,316933,8818404800,0.0,1.0869565217391353,C.DCE
2022-10-10,2887,2915,2883,2907,425830,12018421100,0.0,0.8324661810613865,C.DCE
2022-10-11,2903,2921,2896,2921,276583,7824938500,0.0,0.4815961472308228,C.DCE
2022-10-12,2921,2929,2907,2923,275841,7832397200,0.0,0.0684697021567926,C.DCE
2022-10-13,2918,2952,2906,2951,349146,9958034200,0.0,0.9579199452617093,C.DCE
2022-10-16,2946,2954,2924,2936,272243,7776753600,0.0,-0.508302270416805,C.DCE
2022-10-17,2941,2951,2910,2936,316158,9004320600,0.0,0.0,C.DCE
2022-10-18,2936,2945,2924,2934,215614,6150233100,0.0,-0.06811989100817817,C.DCE
2022-10-19,2929,2941,2918,2936,244786,6974916600,0.0,0.06816632583503957,C.DCE
2022-10-20,2937,2966,2933,2960,352553,10119785300,0.0,0.8174386920980936,C.DCE
2022-10-23,2952,2977,2950,2962,337167,9720368600,0.0,0.06756756756756133,C.DCE
2022-10-24,2962,2964,2927,2937,341269,9768501200,0.0,-0.8440243079000709,C.DCE
2022-10-25,2936,2961,2934,2952,293523,8418043500,0.0,0.5107252298263587,C.DCE
2022-10-26,2952,2966,2941,2954,278660,7999501800,0.0,0.06775067750677266,C.DCE
2022-10-27,2963,2963,2931,2938,325066,9310793900,0.0,-0.5416384563303955,C.DCE
2022-10-30,2940,2974,2921,2967,440942,12668412400,0.0,0.9870660313138213,C.DCE
2022-10-31,2967,2976,2943,2964,400463,11522023500,0.0,-0.10111223458038054,C.DCE
2022-11-01,2967,2982,2936,2938,373924,10764960900,0.0,-0.8771929824561431,C.DCE
2022-11-02,2926,2936,2911,2921,448525,12749224700,0.0,-0.5786249149080991,C.DCE
2022-11-03,2918,2958,2914,2948,352824,10080144100,0.0,0.9243409791167334,C.DCE
2022-11-06,2951,2970,2943,2969,339081,9754910500,0.0,0.7123473541384095,C.DCE
2022-11-07,2971,2978,2966,2974,241849,6991375200,0.0,0.16840687100032614,C.DCE
2022-11-08,2974,2978,2949,2952,309693,8916180300,0.0,-0.739744451916613,C.DCE
2022-11-09,2952,2966,2941,2957,333395,9576161200,0.0,0.16937669376693165,C.DCE
2022-11-10,2951,2971,2943,2963,334949,9647839800,0.0,0.202908353060538,C.DCE
2022-11-13,2967,2973,2929,2932,516571,14827125100,0.0,-1.0462369220384793,C.DCE
2022-11-14,2934,2945,2913,2921,336795,9598268100,0.0,-0.3751705320600318,C.DCE
2022-11-15,2916,2936,2902,2908,344942,9785677900,0.0,-0.4450530640191741,C.DCE
2022-11-16,2908,2914,2890,2894,307354,8673186600,0.0,-0.4814305364511662,C.DCE
2022-11-17,2885,2907,2879,2896,278664,7839875300,0.0,0.06910850034553828,C.DCE
2022-11-20,2899,2940,2896,2934,379489,10781603000,0.0,1.3121546961325947,C.DCE
2022-11-21,2935,2946,2926,2937,251136,7166581800,0.0,0.10224948875254825,C.DCE
2022-11-22,2942,2964,2935,2961,319495,9170886400,0.0,0.8171603677221695,C.DCE
2022-11-23,2959,2972,2952,2971,222265,6400708600,0.0,0.33772374197906796,C.DCE
2022-11-24,2973,3017,2973,3017,426063,12426865500,0.0,1.5483002356109,C.DCE
2022-11-27,3017,3025,3003,3019,308283,9038302100,0.0,0.06629101756712164,C.DCE
2022-11-28,3019,3027,2984,2995,287176,8394409600,0.0,-0.7949652202716151,C.DCE
2022-11-29,2985,2995,2966,2990,314480,9112895100,0.0,-0.16694490818029983,C.DCE
2022-11-30,2994,3001,2961,2969,243726,7068801100,0.0,-0.7023411371237409,C.DCE
2022-12-01,2963,2977,2957,2968,183689,5301741500,0.0,-0.03368137420006745,C.DCE
2022-12-04,2968,2982,2936,2939,353748,10092515400,0.0,-0.9770889487870638,C.DCE
2022-12-05,2939,2948,2929,2933,222714,6309587700,0.0,-0.20415107179312386,C.DCE
2022-12-06,2933,2933,2901,2912,294250,8265505500,0.0,-0.7159904534606243,C.DCE
2022-12-07,2912,2941,2907,2934,277129,7821028600,0.0,0.7554945054945028,C.DCE
2022-12-08,2933,2933,2912,2921,266951,7523438100,0.0,-0.44308111792774607,C.DCE
2022-12-11,2922,2948,2910,2915,263493,7431822300,0.0,-0.2054091064703889,C.DCE
2022-12-12,2910,2936,2907,2920,223224,6292272300,0.0,0.17152658662091813,C.DCE
2022-12-13,2919,2928,2889,2890,336608,9438384200,0.0,-1.0273972602739767,C.DCE
2022-12-14,2885,2909,2884,2894,279674,7803067100,0.0,0.13840830449827202,C.DCE
2022-12-15,2894,2929,2894,2921,311815,8759486700,0.0,0.9329647546648223,C.DCE
2022-12-18,2922,2922,2888,2890,321025,8991591200,0.0,-1.0612803834303297,C.DCE
2022-12-19,2896,2898,2861,2863,297202,8263388400,0.0,-0.934256055363325,C.DCE
2022-12-20,2863,2863,2827,2846,439976,12064931500,0.0,-0.5937827453719846,C.DCE
2022-12-21,2852,2863,2837,2856,280574,7720283300,0.0,0.35137034434293835,C.DCE
2022-12-22,2857,2862,2842,2854,227395,6254949200,0.0,-0.07002801120448154,C.DCE
2022-12-25,2853,2888,2845,2879,305574,8458968500,0.0,0.8759635599159044,C.DCE
2022-12-26,2879,2895,2870,2891,252303,7014088500,0.0,0.41681139284472923,C.DCE
2022-12-27,2898,2927,2894,2926,345918,9713029800,0.0,1.2106537530266248,C.DCE
2022-12-28,2932,2939,2911,2920,348981,9832060600,0.0,-0.20505809979494138,C.DCE
2022-12-29,2921,2942,2912,2928,351892,9929579000,0.0,0.273972602739736,C.DCE
2023-01-02,2934,2947,2921,2945,301325,8529557900,0.0,0.5806010928961713,C.DCE
2023-01-03,2945,2983,2943,2981,489218,14006636100,0.0,1.222410865874357,C.DCE
2023-01-04,2981,2989,2965,2984,341944,9821824500,0.0,0.10063737001007045,C.DCE
2023-01-05,2979,2999,2973,2993,368002,10597708100,0.0,0.3016085790884748,C.DCE
2023-01-08,2989,3002,2985,2997,306731,8857142800,0.0,0.13364517206815307,C.DCE
2023-01-09,2997,2999,2964,2980,381903,10967833700,0.0,-0.5672339005672322,C.DCE
2023-01-10,2980,2982,2960,2979,296631,8504822100,0.0,-0.03355704697987072,C.DCE
2023-01-11,2985,2993,2971,2986,320773,9223467700,0.0,0.23497818059752262,C.DCE
2023-01-12,2991,3018,2970,2983,458077,13212841100,0.0,-0.10046885465505584,C.DCE
2023-01-15,2985,2995,2980,2986,310643,8949210600,0.0,0.10056989607778455,C.DCE
2023-01-16,2991,3001,2976,2991,299558,8637435400,0.0,0.16744809109177083,C.DCE
2023-01-17,2985,3007,2981,3005,313217,9049576100,0.0,0.4680708793045829,C.DCE
2023-01-18,3002,3007,2967,2980,300433,8662842000,0.0,-0.8319467554076532,C.DCE
2023-01-19,2980,2982,2953,2965,289391,8281209000,0.0,-0.5033557046979831,C.DCE
2023-01-29,2970,3009,2969,2999,276011,7977592300,0.0,1.1467116357504192,C.DCE
2023-01-30,2995,2998,2942,2947,467314,13363886800,0.0,-1.733911303767921,C.DCE
2023-01-31,2947,2952,2916,2935,429027,12141107500,0.0,-0.4071937563624006,C.DCE
2023-02-01,2935,2953,2924,2939,314586,8914145300,0.0,0.13628620102215105,C.DCE
2023-02-02,2934,2952,2927,2942,331392,9392432100,0.0,0.10207553589656193,C.DCE
2023-02-05,2938,2942,2889,2891,417486,11728172900,0.0,-1.7335146159075498,C.DCE
2023-02-06,2896,2902,2885,2897,311776,8702166600,0.0,0.20754064337600298,C.DCE
2023-02-07,2897,2897,2883,2889,333381,9294548800,0.0,-0.2761477390403888,C.DCE
2023-02-08,2894,2894,2866,2873,283713,7864854500,0.0,-0.5538248528902723,C.DCE
2023-02-09,2867,2883,2860,2871,273001,7558952400,0.0,-0.06961364427428007,C.DCE
2023-02-12,2865,2905,2865,2896,262651,7329019000,0.0,0.8707767328457017,C.DCE
2023-02-13,2901,2919,2885,2917,281579,7992804100,0.0,0.7251381215469532,C.DCE
2023-02-14,2922,2922,2906,2910,188060,5360508700,0.0,-0.23997257456290777,C.DCE
2023-02-15,2910,2923,2905,2920,194021,5532263000,0.0,0.3436426116838476,C.DCE
2023-02-16,2917,2933,2908,2932,248270,7095790200,0.0,0.4109589041095818,C.DCE
2023-02-19,2932,2943,2925,2941,225785,6483209700,0.0,0.30695770804911593,C.DCE
2023-02-20,2939,2946,2931,2939,208582,5994098700,0.0,-0.06800408024481008,C.DCE
2023-02-21,2942,2943,2930,2941,172548,4958052800,0.0,0.06805035726438202,C.DCE
2023-02-22,2940,2945,2926,2927,223439,6415279600,0.0,-0.4760285617137039,C.DCE
2023-02-23,2926,2938,2924,2931,188846,5415554800,0.0,0.13665869490946392,C.DCE
2023-02-26,2928,2932,2898,2908,338325,9635833600,0.0,-0.7847151142954645,C.DCE
2023-02-27,2912,2914,2898,2900,159891,4543527700,0.0,-0.27510316368638543,C.DCE
2023-02-28,2900,2923,2893,2918,275487,7847556700,0.0,0.6206896551724128,C.DCE
2023-03-01,2916,2916,2903,2912,176730,5029954400,0.0,-0.20562028786840214,C.DCE
2023-03-02,2910,2915,2900,2901,184868,5254382200,0.0,-0.3777472527472514,C.DCE
2023-03-05,2901,2924,2886,2887,365055,10366969900,0.0,-0.4825922095828994,C.DCE
2023-03-06,2887,2920,2887,2911,252973,7187066500,0.0,0.8313127814340238,C.DCE
2023-03-07,2911,2923,2906,2919,177146,5050365000,0.0,0.27481964960494043,C.DCE
2023-03-08,2914,2917,2898,2903,188189,5349055400,0.0,-0.5481329222336462,C.DCE
2023-03-09,2909,2919,2903,2914,218459,6224939900,0.0,0.3789183603169155,C.DCE
2023-03-12,2910,2914,2887,2898,291285,8259049700,0.0,-0.5490734385724116,C.DCE
2023-03-13,2893,2904,2879,2896,291152,8236353900,0.0,-0.06901311249137843,C.DCE
2023-03-14,2892,2903,2891,2895,159946,4533368500,0.0,-0.034530386740327934,C.DCE
2023-03-15,2889,2899,2884,2887,191663,5419047800,0.0,-0.2763385146804853,C.DCE
2023-03-16,2890,2909,2883,2899,220060,6233961400,0.0,0.4156563907170119,C.DCE
2023-03-19,2900,2918,2896,2906,293716,8359827000,0.0,0.2414625733011322,C.DCE
2023-03-20,2906,2908,2838,2841,543092,15246800500,0.0,-2.2367515485202993,C.DCE
2023-03-21,2847,2856,2816,2830,476306,13198112000,0.0,-0.3871876099964755,C.DCE
2023-03-22,2833,2844,2820,2838,328396,9101280300,0.0,0.2826855123674976,C.DCE
2023-03-23,2838,2846,2798,2818,590852,16212968040,0.0,-0.7047216349541974,C.DCE
2023-03-26,2823,2828,2765,2772,642109,17482253860,0.0,-1.6323633782824754,C.DCE
2023-03-27,2776,2812,2770,2811,497339,13536374180,0.0,1.406926406926412,C.DCE
2023-03-28,2814,2824,2806,2812,372898,10227656540,0.0,0.03557452863749422,C.DCE
2023-03-29,2818,2823,2804,2815,443112,12142272880,0.0,0.10668563300142431,C.DCE
2023-03-30,2815,2818,2786,2797,546429,14888785990,0.0,-0.6394316163410352,C.DCE
2023-04-02,2791,2815,2791,2794,527063,14378260420,0.0,-0.10725777618877386,C.DCE
2023-04-03,2792,2808,2777,2795,528643,14386707950,0.0,0.03579098067287845,C.DCE
2023-04-05,2790,2795,2775,2784,277165,7515943950,0.0,-0.3935599284436542,C.DCE
2023-04-06,2784,2807,2761,2801,562828,15270742890,0.0,0.6106321839080442,C.DCE
2023-04-09,2803,2840,2800,2837,571329,15703197720,0.0,1.285255265976426,C.DCE
2023-04-10,2836,2850,2826,2842,463486,12820312350,0.0,0.17624250969334732,C.DCE
2023-04-11,2842,2845,2824,2831,341402,9415357510,0.0,-0.38705137227305064,C.DCE
2023-04-12,2835,2840,2813,2815,391467,10781976140,0.0,-0.565171317555635,C.DCE
2023-04-13,2820,2833,2810,2830,354670,9755807390,0.0,0.5328596802841812,C.DCE
2023-04-16,2824,2831,2801,2805,420973,11535532780,0.0,-0.8833922261484051,C.DCE
2023-04-17,2809,2828,2806,2815,363244,9960586730,0.0,0.35650623885918886,C.DCE
2023-04-18,2812,2823,2803,2807,316604,8677071040,0.0,-0.2841918294849033,C.DCE
2023-04-19,2802,2809,2762,2783,703476,19090769320,0.0,-0.8550053437833993,C.DCE
2023-04-20,2779,2783,2738,2744,537619,14469817190,0.0,-1.4013654329859904,C.DCE
2023-04-23,2752,2757,2730,2744,585784,15659522920,0.0,0.0,C.DCE
2023-04-24,2736,2748,2726,2743,440547,11741657160,0.0,-0.03644314868804788,C.DCE
2023-04-25,2743,2762,2743,2757,508898,13641546250,0.0,0.5103900838498099,C.DCE
2023-04-26,2752,2759,2728,2732,420378,11239571160,0.0,-0.9067827348567259,C.DCE
2023-04-27,2731,2734,2702,2715,555535,14687395620,0.0,-0.6222547584187388,C.DCE
2023-05-03,2712,2727,2658,2671,470028,12299394610,0.0,-1.6206261510128939,C.DCE
2023-05-04,2673,2684,2662,2672,349067,9082743120,0.0,0.03743916136278447,C.DCE
2023-05-07,2670,2706,2670,2699,433817,11340653690,0.0,1.010479041916157,C.DCE
2023-05-08,2695,2703,2671,2672,297072,7771585600,0.0,-1.000370507595405,C.DCE
2023-05-09,2670,2671,2614,2635,555999,14278423720,0.0,-1.384730538922152,C.DCE
2023-05-10,2637,2641,2592,2594,399069,10137123890,0.0,-1.5559772296015129,C.DCE
2023-05-11,2588,2624,2562,2607,705108,17792530160,0.0,0.5011565150347064,C.DCE
2023-05-14,2612,2612,2569,2601,501793,12661977380,0.0,-0.23014959723820505,C.DCE
2023-05-15,2601,2632,2601,2612,335380,8538514150,0.0,0.4229142637447225,C.DCE
2023-05-16,2609,2617,2578,2615,378161,9579847300,0.0,0.11485451761101828,C.DCE
2023-05-17,2611,2625,2590,2612,400101,10163657950,0.0,-0.11472275334607485,C.DCE
2023-05-18,2604,2619,2602,2615,303536,7716566740,0.0,0.11485451761101828,C.DCE
2023-05-21,2621,2652,2618,2622,500763,12838897760,0.0,0.26768642447418944,C.DCE
2023-05-22,2623,2654,2621,2649,319567,8219834130,0.0,1.0297482837528626,C.DCE
2023-05-23,2657,2661,2618,2625,387383,9950621720,0.0,-0.9060022650056676,C.DCE
2023-05-24,2634,2647,2618,2647,349957,8976877350,0.0,0.8380952380952378,C.DCE
2023-05-25,2647,2691,2641,2685,532811,13856662550,0.0,1.4355874574990546,C.DCE
2023-05-28,2686,2711,2681,2693,395211,10379755500,0.0,0.29795158286778367,C.DCE
2023-05-29,2693,2703,2675,2701,421994,11053683510,0.0,0.2970664686223534,C.DCE
2023-05-30,2709,2715,2689,2703,336871,8864574710,0.0,0.07404664938912564,C.DCE
2023-05-31,2695,2723,2694,2722,320099,8447854690,0.0,0.7029226785053577,C.DCE
2023-06-01,2724,2735,2709,2722,315798,8371450460,0.0,0.0,C.DCE
2023-06-04,2722,2747,2722,2727,296109,7883894370,0.0,0.18368846436442876,C.DCE
2023-06-05,2727,2729,2706,2713,362748,9597885570,0.0,-0.5133846718005097,C.DCE
2023-06-06,2716,2721,2701,2713,259189,6839129470,0.0,0.0,C.DCE
2023-06-07,2713,2728,2712,2721,237646,6294241190,0.0,0.2948765204570547,C.DCE
2023-06-08,2723,2738,2717,2728,224999,5976173420,0.0,0.25725836089673937,C.DCE
2023-06-11,2728,2736,2681,2689,546329,14234312720,0.0,-1.4296187683284445,C.DCE
2023-06-12,2696,2717,2677,2714,415840,10768149910,0.0,0.9297136481963619,C.DCE
2023-06-13,2718,2724,2707,2714,340506,8888233630,0.0,0.0,C.DCE
2023-06-14,2711,2757,2711,2756,434408,11412691580,0.0,1.547531319086226,C.DCE
2023-06-15,2751,2781,2746,2779,412464,10963720100,0.0,0.8345428156748991,C.DCE
2023-06-18,2784,2804,2774,2785,488835,13096677710,0.0,0.21590500179919925,C.DCE
2023-06-19,2785,2809,2776,2786,431965,11592410060,0.0,0.035906642728900096,C.DCE
2023-06-20,2785,2806,2779,2798,400986,10759936760,0.0,0.4307250538406304,C.DCE
2023-06-25,2785,2813,2778,2801,374474,10052656240,0.0,0.10721944245890569,C.DCE
2023-06-26,2807,2837,2803,2826,456533,12393465150,0.0,0.8925383791503094,C.DCE
2023-06-27,2822,2825,2797,2812,516265,13937620190,0.0,-0.4953998584571795,C.DCE
2023-06-28,2808,2831,2803,2825,312098,8457612710,0.0,0.46230440967283126,C.DCE
2023-06-29,2819,2852,2819,2840,421494,11489997730,0.0,0.5309734513274433,C.DCE
2023-07-02,2847,2854,2811,2838,524382,14256239600,0.0,-0.07042253521126751,C.DCE
2023-07-03,2836,2862,2826,2860,474954,12973160260,0.0,0.7751937984496138,C.DCE
2023-07-04,2868,2901,2859,2894,563153,15586386410,0.0,1.1888111888111785,C.DCE
2023-07-05,2900,2908,2886,2903,452070,12590317220,0.0,0.31098825155493337,C.DCE
2023-07-06,2903,2911,2893,2902,375572,10474050760,0.0,-0.03444712366517111,C.DCE
2023-07-09,2902,2906,2884,2893,369533,10274110710,0.0,-0.3101309441764344,C.DCE
2023-07-10,2894,2900,2866,2868,378233,10477206560,0.0,-0.8641548565502921,C.DCE
2023-07-11,2864,2870,2841,2858,488469,13398566480,0.0,-0.34867503486750717,C.DCE
2023-07-12,2852,2864,2842,2848,330859,9069850420,0.0,-0.3498950314905547,C.DCE
2023-07-13,2846,2863,2846,2850,285134,7819808760,0.0,0.0702247191011196,C.DCE
2023-07-16,2857,2883,2846,2867,505806,13921522690,0.0,0.5964912280701729,C.DCE
2023-07-17,2867,2869,2807,2816,682909,18534956940,0.0,-1.7788629229159358,C.DCE
2023-07-18,2826,2847,2822,2830,401975,10935243620,0.0,0.49715909090908283,C.DCE
2023-07-19,2841,2843,2824,2830,336457,9154934630,0.0,0.0,C.DCE
2023-07-20,2833,2835,2794,2800,429306,11605434590,0.0,-1.0600706713780883,C.DCE
2023-07-23,2795,2809,2788,2793,336077,9029210820,0.0,-0.24999999999999467,C.DCE
2023-07-24,2798,2806,2791,2797,262606,7058535230,0.0,0.14321518080917528,C.DCE
2023-07-25,2794,2833,2793,2816,451130,12212626760,0.0,0.6792992491955641,C.DCE
2023-07-26,2816,2816,2797,2803,294998,7952175600,0.0,-0.4616477272727293,C.DCE
2023-07-27,2805,2829,2797,2821,368453,9971509160,0.0,0.6421691045308542,C.DCE
2023-07-30,2818,2837,2807,2826,338257,9176842280,0.0,0.17724211272598378,C.DCE
2023-07-31,2827,2841,2803,2813,409080,11089172280,0.0,-0.4600141542816738,C.DCE
2023-08-01,2811,2829,2805,2827,294776,7975210120,0.0,0.4976892996800597,C.DCE
2023-08-02,2826,2874,2825,2863,643231,17629519240,0.0,1.2734347364697474,C.DCE
2023-08-03,2858,2881,2853,2880,364651,10043391560,0.0,0.5937827453719846,C.DCE
2023-08-06,2880,2891,2859,2880,422944,11691434890,0.0,0.0,C.DCE
2023-08-07,2880,2914,2875,2907,315605,8773242610,0.0,0.9374999999999911,C.DCE
2023-08-08,2904,2934,2900,2923,370228,10387877600,0.0,0.5503955968352292,C.DCE
2023-08-09,2917,2932,2903,2929,320208,8963591360,0.0,0.20526855969893454,C.DCE
2023-08-10,2934,2970,2899,2901,854307,23465646310,0.0,-0.9559576647319878,C.DCE
2023-08-13,2902,2912,2879,2888,565268,15287702830,0.0,-0.4481213374698423,C.DCE
2023-08-14,2888,2896,2874,2893,359416,9704846820,0.0,0.17313019390581275,C.DCE
2023-08-15,2888,2896,2818,2820,684084,18243852360,0.0,-2.5233321811268583,C.DCE
2023-08-16,2817,2830,2791,2808,673917,17692568370,0.0,-0.42553191489361764,C.DCE
2023-08-17,2807,2845,2805,2828,610762,16146888390,0.0,0.7122507122507171,C.DCE
2023-08-20,2831,2854,2827,2837,613176,16285748330,0.0,0.31824611032531536,C.DCE
2023-08-21,2841,2843,2821,2834,467041,12373434070,0.0,-0.10574550581600173,C.DCE
2023-08-22,2839,2867,2835,2853,576788,15374747230,0.0,0.6704304869442401,C.DCE
2023-08-23,2855,2887,2852,2880,532695,14291153770,0.0,0.9463722397476282,C.DCE
2023-08-24,2883,2908,2879,2905,598282,16194077970,0.0,0.868055555555558,C.DCE
2023-08-27,2905,2909,2865,2896,734738,19858681260,0.0,-0.3098106712564497,C.DCE
2023-08-28,2898,2928,2897,2917,576089,15707605840,0.0,0.7251381215469532,C.DCE
2023-08-29,2916,2924,2902,2920,512266,13959232650,0.0,0.1028453890983938,C.DCE
2023-08-30,2920,2937,2911,2923,458836,12534435480,0.0,0.1027397260273899,C.DCE
2023-08-31,2929,2929,2894,2904,416458,11326345130,0.0,-0.6500171057133075,C.DCE
2023-09-03,2908,2912,2848,2858,575158,15448039450,0.0,-1.5840220385674897,C.DCE
2023-09-04,2861,2878,2857,2871,338154,9073508680,0.0,0.4548635409377111,C.DCE
2023-09-05,2871,2887,2853,2878,330727,8891296840,0.0,0.24381748519679558,C.DCE
2023-09-06,2880,2893,2857,2863,394650,10612230040,0.0,-0.5211952744961779,C.DCE
2023-09-07,2862,2863,2838,2841,411781,10970430460,0.0,-0.7684247293049284,C.DCE
2023-09-10,2846,2863,2840,2853,300296,8011267350,0.0,0.42238648363253084,C.DCE
2023-09-11,2850,2851,2827,2836,344955,9163167280,0.0,-0.5958640028040696,C.DCE
2023-09-12,2846,2846,2815,2833,343593,9094237460,0.0,-0.10578279266573176,C.DCE
2023-09-13,2838,2857,2827,2849,381633,10156858010,0.0,0.5647723261560156,C.DCE
2023-09-14,2845,2882,2845,2879,417902,11198842810,0.0,1.053001053001057,C.DCE
2023-09-17,2879,2880,2824,2830,493363,13129630800,0.0,-1.7019798541160092,C.DCE
2023-09-18,2823,2834,2818,2823,305652,8075189960,0.0,-0.2473498233215521,C.DCE
2023-09-19,2824,2851,2824,2838,335626,8909772410,0.0,0.5313496280552554,C.DCE
2023-09-20,2838,2842,2827,2837,290779,7707346940,0.0,-0.035236081747713754,C.DCE
2023-09-21,2839,2849,2817,2836,331226,8771084580,0.0,-0.03524850193866724,C.DCE
2023-09-24,2836,2848,2801,2810,359692,9480166930,0.0,-0.9167842031029605,C.DCE
2023-09-25,2810,2811,2794,2796,238598,6255778050,0.0,-0.4982206405693912,C.DCE
2023-09-26,2797,2799,2768,2796,345890,9001516510,0.0,0.0,C.DCE
2023-09-27,2791,2815,2786,2810,253664,6635937980,0.0,0.5007153075822668,C.DCE
2023-10-08,2780,2783,2760,2768,217632,5635508630,0.0,-1.4946619217081847,C.DCE
2023-10-09,2768,2778,2762,2772,165011,4274858350,0.0,0.14450867052022698,C.DCE
2023-10-10,2771,2772,2741,2756,357702,9059288570,0.0,-0.5772005772005762,C.DCE
2023-10-11,2758,2766,2751,2757,282234,7167880920,0.0,0.036284470246727984,C.DCE
2023-10-12,2751,2771,2747,2761,282951,7181254540,0.0,0.14508523757708058,C.DCE
2023-10-15,2764,2769,2737,2746,424554,10746092960,0.0,-0.5432814197754432,C.DCE
2023-10-16,2744,2748,2714,2724,486274,12211570960,0.0,-0.8011653313911182,C.DCE
2023-10-17,2719,2723,2698,2701,422363,10539670580,0.0,-0.8443465491923652,C.DCE
2023-10-18,2706,2738,2697,2728,490528,12274597190,0.0,0.9996297667530518,C.DCE
2023-10-19,2728,2734,2714,2723,316571,7941337500,0.0,-0.1832844574780057,C.DCE
2023-10-22,2723,2737,2719,2728,369353,9271905150,0.0,0.1836210062431176,C.DCE
2023-10-23,2728,2741,2725,2737,328290,8261136780,0.0,0.32991202346042137,C.DCE
2023-10-24,2736,2752,2731,2736,352820,8899691610,0.0,-0.036536353671901,C.DCE
2023-10-25,2738,2738,2704,2716,515749,12885850470,0.0,-0.7309941520467822,C.DCE
2023-10-26,2716,2738,2708,2733,414606,10391637960,0.0,0.6259204712812938,C.DCE
2023-10-29,2729,2763,2727,2758,487711,12331258550,0.0,0.9147457006952076,C.DCE
2023-10-30,2756,2766,2742,2759,366125,9280902380,0.0,0.03625815808556698,C.DCE
2023-10-31,2759,2773,2749,2762,346188,8797825820,0.0,0.10873504893076369,C.DCE
2023-11-01,2766,2771,2758,2769,232596,5917432250,0.0,0.25343953656771223,C.DCE
2023-11-02,2769,2776,2754,2774,329959,8405935490,0.0,0.18057060310581186,C.DCE
2023-11-05,2774,2798,2771,2790,471589,12089368240,0.0,0.5767844268204758,C.DCE
2023-11-06,2788,2792,2757,2764,404843,10342256020,0.0,-0.9318996415770608,C.DCE
2023-11-07,2761,2777,2760,2774,279074,7108117020,0.0,0.3617945007236001,C.DCE
2023-11-08,2774,2785,2757,2767,326697,8328112510,0.0,-0.25234318673396094,C.DCE
2023-11-09,2764,2769,2734,2738,478513,12095179270,0.0,-1.04806649801229,C.DCE
2023-11-12,2733,2754,2731,2744,321275,8108702560,0.0,0.21913805697588717,C.DCE
2023-11-13,2745,2771,2736,2762,411563,10428309350,0.0,0.6559766763848396,C.DCE
2023-11-14,2762,2770,2757,2764,287512,7311699300,0.0,0.07241129616220032,C.DCE
2023-11-15,2764,2779,2760,2774,298023,7601711300,0.0,0.3617945007236001,C.DCE
2023-11-16,2774,2778,2756,2763,313647,7986975010,0.0,-0.3965392934390799,C.DCE
2023-11-19,2766,2801,2763,2795,473227,12142975770,0.0,1.1581614187477385,C.DCE
2023-11-20,2790,2803,2787,2792,305419,7856093340,0.0,-0.10733452593917336,C.DCE
2023-11-21,2792,2792,2754,2764,406871,10366983350,0.0,-1.002865329512892,C.DCE
2023-11-22,2766,2773,2747,2756,253879,6446211060,0.0,-0.28943560057886897,C.DCE
2023-11-23,2759,2767,2748,2748,216678,5500981720,0.0,-0.2902757619738794,C.DCE
2023-11-26,2749,2760,2722,2727,383153,9647500360,0.0,-0.7641921397379958,C.DCE
2023-11-27,2727,2732,2706,2708,303587,7591782660,0.0,-0.6967363403006965,C.DCE
2023-11-28,2707,2716,2702,2708,223455,5571040080,0.0,0.0,C.DCE
2023-11-29,2710,2722,2707,2717,215791,5391441210,0.0,0.33234859675037587,C.DCE
2023-11-30,2717,2721,2698,2702,249836,6228842470,0.0,-0.5520794994479217,C.DCE
2023-12-03,2702,2716,2697,2703,267909,6675622320,0.0,0.03700962250186013,C.DCE
2023-12-04,2703,2712,2692,2700,259382,6453022190,0.0,-0.11098779134295356,C.DCE
2023-12-05,2700,2717,2690,2715,278459,6931152290,0.0,0.5555555555555536,C.DCE
2023-12-06,2715,2720,2698,2708,218863,5456773550,0.0,-0.2578268876611389,C.DCE
2023-12-07,2713,2716,2695,2714,265321,6607955730,0.0,0.22156573116691725,C.DCE
2023-12-10,2707,2714,2695,2702,223920,5572422300,0.0,-0.44215180545320587,C.DCE
2023-12-11,2696,2703,2659,2684,375162,9252979460,0.0,-0.6661732050333047,C.DCE
2023-12-12,2679,2684,2664,2669,233681,5748467000,0.0,-0.5588673621460538,C.DCE
2023-12-13,2663,2677,2652,2664,195412,4791143170,0.0,-0.18733608092919019,C.DCE
2023-12-14,2662,2674,2654,2656,135009,3308045170,0.0,-0.30030030030030463,C.DCE
2023-12-17,2654,2656,2593,2610,572919,13802398710,0.0,-1.7319277108433728,C.DCE
2023-12-18,2613,2613,2574,2583,536923,12798629550,0.0,-1.0344827586206917,C.DCE
2023-12-19,2583,2600,2567,2596,485180,11560582100,0.0,0.5032907471931969,C.DCE
2023-12-20,2597,2609,2590,2601,418688,10023378550,0.0,0.19260400616332163,C.DCE
2023-12-21,2601,2632,2597,2623,504100,12156108320,0.0,0.8458285274894228,C.DCE
2023-12-24,2624,2669,2624,2645,592533,14462325700,0.0,0.8387342737323777,C.DCE
2023-12-25,2648,2649,2621,2624,365516,8874017910,0.0,-0.7939508506616288,C.DCE
2023-12-26,2623,2632,2610,2616,386903,9336399080,0.0,-0.3048780487804881,C.DCE
2023-12-27,2615,2646,2613,2646,404450,9796781820,0.0,1.1467889908256979,C.DCE
2023-12-28,2646,2647,2619,2620,347095,8412130730,0.0,-0.9826152683295564,C.DCE
2024-01-01,2627,2640,2613,2632,321823,7791972170,0.0,0.45801526717557106,C.DCE
2024-01-02,2634,2659,2630,2644,476327,11594591710,0.0,0.45592705167172287,C.DCE
2024-01-03,2644,2649,2630,2631,257623,6266808960,0.0,-0.49167927382753884,C.DCE
2024-01-04,2628,2632,2596,2600,492651,11851083300,0.0,-1.178259217027744,C.DCE
2024-01-07,2602,2616,2586,2595,453864,10863970210,0.0,-0.19230769230769162,C.DCE
2024-01-08,2592,2597,2574,2592,360918,8594987310,0.0,-0.11560693641619046,C.DCE
2024-01-09,2587,2596,2556,2557,447702,10620312770,0.0,-1.3503086419753063,C.DCE
2024-01-10,2551,2639,2540,2612,959521,22909691060,0.0,2.150958154086813,C.DCE
2024-01-11,2607,2613,2577,2578,521090,12453176090,0.0,-1.3016845329249627,C.DCE
2024-01-14,2583,2598,2570,2588,444910,10583675800,0.0,0.38789759503490284,C.DCE
2024-01-15,2589,2595,2575,2590,376760,8966371090,0.0,0.07727975270479526,C.DCE
2024-01-16,2584,2589,2556,2559,463672,10996261120,0.0,-1.196911196911199,C.DCE
2024-01-17,2552,2568,2531,2560,643827,15108193730,0.0,0.03907776475184921,C.DCE
2024-01-18,2554,2569,2539,2544,476173,11201748830,0.0,-0.6249999999999978,C.DCE
2024-01-21,2540,2546,2516,2522,535777,12476214900,0.0,-0.8647798742138391,C.DCE
2024-01-22,2521,2545,2517,2540,503843,11737457770,0.0,0.7137192704202988,C.DCE
2024-01-23,2546,2555,2534,2546,434885,10194940380,0.0,0.23622047244094002,C.DCE
2024-01-24,2546,2557,2542,2548,399028,9369402310,0.0,0.07855459544383603,C.DCE
2024-01-25,2542,2565,2535,2560,503567,11828282080,0.0,0.47095761381474865,C.DCE
2024-01-28,2562,2593,2554,2580,609982,14469351080,0.0,0.78125,C.DCE
2024-01-29,2580,2583,2568,2576,342718,8130811310,0.0,-0.15503875968991832,C.DCE
2024-01-30,2576,2602,2565,2595,504780,12030874230,0.0,0.7375776397515521,C.DCE
2024-01-31,2594,2610,2586,2607,378351,9057741230,0.0,0.46242774566473965,C.DCE
2024-02-01,2609,2616,2599,2611,388199,9325265120,0.0,0.15343306482547003,C.DCE
2024-02-04,2611,2611,2583,2600,481072,11501755830,0.0,-0.42129452317120064,C.DCE
2024-02-05,2600,2623,2598,2622,360982,8678649770,0.0,0.846153846153852,C.DCE
2024-02-06,2621,2622,2609,2613,296730,7147326980,0.0,-0.3432494279176246,C.DCE
2024-02-07,2613,2625,2599,2620,310839,7486063720,0.0,0.26789131266742316,C.DCE
2024-02-18,2600,2607,2581,2596,430203,10278154500,0.0,-0.9160305343511421,C.DCE
2024-02-19,2593,2619,2593,2610,494195,11868082840,0.0,0.5392912172573094,C.DCE
2024-02-20,2616,2640,2616,2634,531059,12850182900,0.0,0.9195402298850519,C.DCE
2024-02-21,2634,2677,2628,2675,731608,17860014870,0.0,1.5565679574791158,C.DCE
2024-02-22,2672,2681,2658,2674,579931,14261940900,0.0,-0.037383177570093906,C.DCE
2024-02-25,2670,2691,2662,2671,674979,16643792590,0.0,-0.11219147344802005,C.DCE
2024-02-26,2665,2671,2654,2663,464933,11407389470,0.0,-0.29951329090228684,C.DCE
2024-02-27,2662,2676,2661,2662,407248,10014176230,0.0,-0.037551633496057946,C.DCE
2024-02-28,2662,2676,2658,2673,368314,9049431000,0.0,0.4132231404958775,C.DCE
2024-02-29,2673,2685,2664,2673,425327,10483703610,0.0,0.0,C.DCE
2024-03-03,2673,2675,2637,2649,593466,14493817370,0.0,-0.8978675645342271,C.DCE
2024-03-04,2649,2661,2640,2653,365499,8921691790,0.0,0.15100037750095385,C.DCE
2024-03-05,2653,2667,2647,2663,378725,9271136540,0.0,0.3769317753486545,C.DCE
2024-03-06,2665,2674,2658,2662,340689,8370886400,0.0,-0.037551633496057946,C.DCE
2024-03-07,2666,2672,2651,2654,458820,11246690710,0.0,-0.3005259203606281,C.DCE
2024-03-10,2653,2654,2631,2636,572919,13932314490,0.0,-0.67822155237377,C.DCE
2024-03-11,2641,2664,2638,2650,512413,12524626360,0.0,0.5311077389984931,C.DCE
2024-03-12,2648,2656,2641,2647,306523,7479410090,0.0,-0.11320754716981352,C.DCE
2024-03-13,2647,2654,2631,2633,477414,11624089900,0.0,-0.5289006422364961,C.DCE
2024-03-14,2634,2667,2630,2661,576268,14049023220,0.0,1.0634257500949484,C.DCE
2024-03-17,2665,2673,2646,2649,569570,13962518010,0.0,-0.450958286358516,C.DCE
2024-03-18,2647,2648,2621,2627,634865,15387894820,0.0,-0.8305020762551907,C.DCE
2024-03-19,2627,2638,2627,2632,319166,7740801910,0.0,0.19033117624667195,C.DCE
2024-03-20,2630,2640,2622,2628,413306,10011891420,0.0,-0.1519756838905817,C.DCE
2024-03-21,2628,2634,2600,2607,558919,13459976480,0.0,-0.7990867579908634,C.DCE
2024-03-24,2607,2619,2598,2602,448091,10767175140,0.0,-0.191791331031832,C.DCE
2024-03-25,2602,2607,2585,2589,345179,8245916110,0.0,-0.49961568024596836,C.DCE
2024-03-26,2587,2603,2585,2588,366780,8755692670,0.0,-0.03862495171881308,C.DCE
2024-03-27,2595,2622,2589,2614,610585,14655161240,0.0,1.004636785162294,C.DCE
2024-03-28,2614,2634,2611,2622,449189,10848923900,0.0,0.3060443764345777,C.DCE
2024-03-31,2616,2635,2613,2634,428162,10345397390,0.0,0.4576659038901587,C.DCE
2024-04-01,2634,2649,2625,2641,371726,9027685420,0.0,0.26575550493546096,C.DCE
2024-04-02,2644,2652,2633,2636,330254,8042571010,0.0,-0.18932222642937813,C.DCE
2024-04-07,2631,2633,2610,2626,387247,9347558970,0.0,-0.3793626707132014,C.DCE
2024-04-08,2628,2628,2616,2622,274169,6620532480,0.0,-0.15232292460015673,C.DCE
2024-04-09,2622,2631,2619,2624,274168,6628484530,0.0,0.07627765064837089,C.DCE
2024-04-10,2624,2628,2599,2599,368089,8854653520,0.0,-0.9527439024390238,C.DCE
2024-04-11,2602,2607,2596,2598,265832,6368006050,0.0,-0.03847633705271747,C.DCE
2024-04-14,2602,2616,2588,2597,359163,8608012140,0.0,-0.038491147036179285,C.DCE
2024-04-15,2597,2601,2580,2586,303805,7250576030,0.0,-0.4235656526761611,C.DCE
2024-04-16,2586,2588,2573,2585,301292,7162872650,0.0,-0.03866976024748947,C.DCE
2024-04-17,2589,2597,2578,2582,206653,4922689200,0.0,-0.11605415860734825,C.DCE
2024-04-18,2584,2597,2574,2591,396479,9546130060,0.0,0.34856700232377413,C.DCE
2024-04-21,2592,2603,2580,2581,363814,8777719770,0.0,-0.3859513701273687,C.DCE
2024-04-22,2581,2602,2576,2592,376184,9083732420,0.0,0.42619139868267375,C.DCE
2024-04-23,2591,2602,2586,2600,311486,7529995120,0.0,0.30864197530864335,C.DCE
2024-04-24,2600,2603,2585,2588,307019,7413431360,0.0,-0.4615384615384577,C.DCE
2024-04-25,2587,2587,2560,2569,613745,14707693050,0.0,-0.7341576506955216,C.DCE
2024-04-28,2566,2576,2550,2567,453344,10823494020,0.0,-0.07785130400934648,C.DCE
2024-04-29,2565,2570,2556,2563,276059,6588904800,0.0,-0.1558239189715649,C.DCE
2024-05-05,2571,2589,2563,2586,329046,7897745540,0.0,0.8973858759266484,C.DCE
2024-05-06,2591,2620,2586,2617,639753,15533177210,0.0,1.1987625676720848,C.DCE
2024-05-07,2614,2632,2613,2626,476776,11647528420,0.0,0.34390523500191783,C.DCE
2024-05-08,2624,2646,2620,2626,528637,12963617900,0.0,0.0,C.DCE
2024-05-09,2621,2638,2618,2633,408313,9990590100,0.0,0.26656511805027705,C.DCE
2024-05-12,2635,2643,2620,2628,467080,11451649010,0.0,-0.18989745537409952,C.DCE
2024-05-13,2628,2648,2627,2636,481188,11827045610,0.0,0.3044140030441511,C.DCE
2024-05-14,2638,2641,2626,2640,330356,8108610940,0.0,0.15174506828528056,C.DCE
2024-05-15,2641,2653,2638,2648,346944,8550975560,0.0,0.3030303030302939,C.DCE
2024-05-16,2646,2656,2635,2640,390843,9630694180,0.0,-0.30211480362537513,C.DCE
2024-05-19,2639,2646,2628,2634,393038,9652252270,0.0,-0.2272727272727315,C.DCE
2024-05-20,2636,2640,2624,2629,411864,10093048220,0.0,-0.18982536066818323,C.DCE
2024-05-21,2634,2658,2630,2658,417368,10289611680,0.0,1.1030810193990215,C.DCE
2024-05-22,2659,2665,2647,2655,394035,9750663250,0.0,-0.11286681715575453,C.DCE
2024-05-23,2658,2664,2640,2643,393395,9714036090,0.0,-0.4519774011299438,C.DCE
2024-05-26,2643,2645,2628,2631,310299,7614224660,0.0,-0.4540295119182747,C.DCE
2024-05-27,2638,2638,2626,2630,314611,7711689930,0.0,-0.03800836183960321,C.DCE
2024-05-28,2630,2631,2611,2614,409110,9975067900,0.0,-0.6083650190114032,C.DCE
2024-05-29,2616,2625,2600,2606,366706,8915809810,0.0,-0.3060443764345777,C.DCE
2024-05-30,2610,2618,2605,2613,263824,6423558310,0.0,0.26861089792786785,C.DCE
2024-06-02,2615,2623,2613,2617,246533,6010132800,0.0,0.1530807500956799,C.DCE
2024-06-03,2619,2626,2602,2606,284074,6916439570,0.0,-0.420328620557886,C.DCE
2024-06-04,2609,2620,2605,2614,210941,5135325250,0.0,0.3069838833461347,C.DCE
2024-06-05,2621,2625,2616,2618,162225,3960740460,0.0,0.15302218821728886,C.DCE
2024-06-06,2618,2651,2618,2645,570059,14160017700,0.0,1.0313216195569241,C.DCE
2024-06-10,2646,2661,2636,2641,328716,8184230910,0.0,-0.15122873345935206,C.DCE
2024-06-11,2641,2652,2638,2648,305155,7598715760,0.0,0.26505111700112494,C.DCE
2024-06-12,2648,2651,2632,2639,415281,10325698800,0.0,-0.3398791540785484,C.DCE
2024-06-13,2642,2650,2637,2638,358979,8931127480,0.0,-0.0378931413414163,C.DCE
2024-06-16,2638,2639,2621,2621,443425,10972716880,0.0,-0.6444275966641433,C.DCE
2024-06-17,2624,2628,2611,2611,395447,9750447340,0.0,-0.38153376573827336,C.DCE
2024-06-18,2611,2627,2607,2612,394309,9707608280,0.0,0.03829950210647581,C.DCE
2024-06-19,2612,2624,2612,2619,322290,7940101360,0.0,0.2679938744257315,C.DCE
2024-06-20,2621,2626,2614,2619,299813,7394234330,0.0,0.0,C.DCE
2024-06-23,2618,2655,2616,2651,612034,15212524090,0.0,1.2218403970981395,C.DCE
2024-06-24,2651,2669,2637,2665,608509,15183933270,0.0,0.5281026027913915,C.DCE
2024-06-25,2661,2678,2661,2671,598842,15039696190,0.0,0.2251407129455929,C.DCE
2024-06-26,2671,2677,2666,2669,433966,10907878440,0.0,-0.07487832272556894,C.DCE
2024-06-27,2664,2673,2656,2666,373564,9378467280,0.0,-0.11240164855751411,C.DCE
2024-06-30,2663,2667,2635,2638,593377,14784323200,0.0,-1.0502625656414133,C.DCE
2024-07-01,2638,2645,2630,2645,354298,8790181790,0.0,0.26535253980288775,C.DCE
2024-07-02,2645,2651,2637,2638,320592,7975180610,0.0,-0.26465028355388,C.DCE
2024-07-03,2638,2641,2625,2627,357811,8861051070,0.0,-0.4169825625473855,C.DCE
2024-07-04,2626,2634,2620,2624,351837,8700549540,0.0,-0.11419870574800317,C.DCE
2024-07-07,2624,2629,2612,2613,417172,10284760350,0.0,-0.41920731707316694,C.DCE
2024-07-08,2611,2613,2586,2588,502513,12285208050,0.0,-0.9567546880979716,C.DCE
2024-07-09,2588,2588,2567,2571,503469,12208588550,0.0,-0.6568778979907264,C.DCE
2024-07-10,2571,2579,2562,2564,379584,9180011940,0.0,-0.2722676001555846,C.DCE
2024-07-11,2564,2576,2552,2554,411470,9941021460,0.0,-0.3900156006240274,C.DCE
2024-07-14,2559,2565,2525,2533,592270,14192293810,0.0,-0.8222396241190255,C.DCE
2024-07-15,2533,2537,2514,2530,419353,9979807680,0.0,-0.11843663639952151,C.DCE
2024-07-16,2528,2544,2528,2537,438893,10475000940,0.0,0.2766798418972316,C.DCE
2024-07-17,2539,2546,2527,2544,314794,7512397930,0.0,0.27591643673630095,C.DCE
2024-07-18,2547,2550,2532,2545,319067,7631901590,0.0,0.039308176100627534,C.DCE
2024-07-21,2548,2565,2546,2557,380393,9150593880,0.0,0.4715127701375277,C.DCE
2024-07-22,2556,2562,2541,2543,364751,8760678380,0.0,-0.5475166210402782,C.DCE
2024-07-23,2547,2549,2518,2519,481680,11469702900,0.0,-0.9437672040896627,C.DCE
2024-07-24,2519,2520,2483,2497,570129,13419343070,0.0,-0.8733624454148492,C.DCE
2024-07-25,2497,2511,2481,2505,488994,11494217790,0.0,0.32038446135362886,C.DCE
2024-07-28,2505,2505,2465,2494,493734,11556400520,0.0,-0.43912175648702645,C.DCE
2024-07-29,2489,2500,2482,2485,333246,7811990610,0.0,-0.3608660785886175,C.DCE
2024-07-30,2489,2500,2478,2498,353026,8269379640,0.0,0.5231388329979936,C.DCE
2024-07-31,2494,2503,2476,2483,381433,8939006290,0.0,-0.6004803843074447,C.DCE
2024-08-01,2481,2482,2451,2466,491445,11403383400,0.0,-0.6846556584776509,C.DCE
2024-08-04,2469,2472,2416,2424,486923,11199773080,0.0,-1.703163017031628,C.DCE
2024-08-05,2412,2432,2403,2407,448282,10199609610,0.0,-0.7013201320132056,C.DCE
2024-08-06,2400,2426,2391,2416,513503,11621497920,0.0,0.37390943082675765,C.DCE
2024-08-07,2416,2445,2412,2444,410472,9377872540,0.0,1.1589403973509826,C.DCE
2024-08-08,2444,2465,2440,2464,471570,10882514470,0.0,0.8183306055646433,C.DCE
2024-08-11,2464,2468,2432,2447,416464,9602288490,0.0,-0.6899350649350655,C.DCE
2024-08-12,2447,2463,2432,2438,350288,8059074360,0.0,-0.3677973028197834,C.DCE
2024-08-13,2441,2443,2420,2429,346479,7926630200,0.0,-0.3691550451189518,C.DCE
2024-08-14,2427,2448,2423,2444,244750,5610363080,0.0,0.6175380815150344,C.DCE
2024-08-15,2441,2445,2417,2419,398079,9015723720,0.0,-1.0229132569558153,C.DCE
2024-08-18,2415,2458,2415,2455,494190,11229323420,0.0,1.4882182720132198,C.DCE
2024-08-19,2458,2462,2445,2453,359421,8216894790,0.0,-0.08146639511201759,C.DCE
2024-08-20,2456,2472,2450,2472,362740,8308490290,0.0,0.7745617611088385,C.DCE
2024-08-21,2470,2495,2467,2494,476060,11002962890,0.0,0.8899676375404564,C.DCE
2024-08-22,2493,2497,2476,2482,393608,9109396390,0.0,-0.48115477145148633,C.DCE
2024-08-25,2482,2506,2479,2504,409533,9522056510,0.0,0.8863819500402936,C.DCE
2024-08-26,2506,2526,2504,2517,435683,10216770700,0.0,0.5191693290734767,C.DCE
2024-08-27,2517,2530,2509,2515,455102,10687915190,0.0,-0.07945967421533195,C.DCE
2024-08-28,2507,2521,2507,2516,347834,8145849200,0.0,0.03976143141153354,C.DCE
2024-08-29,2517,2517,2498,2509,404114,9440641610,0.0,-0.2782193958664525,C.DCE
2024-09-01,2513,2519,2453,2455,659680,15266975910,0.0,-2.1522518931845314,C.DCE
2024-09-02,2451,2455,2427,2439,660198,15012609600,0.0,-0.6517311608961296,C.DCE
2024-09-03,2442,2465,2433,2457,541295,12356996280,0.0,0.7380073800737907,C.DCE
2024-09-04,2457,2473,2445,2449,499152,11430373110,0.0,-0.32560032560032814,C.DCE
2024-09-05,2453,2457,2431,2434,464990,10589802850,0.0,-0.6124948958758702,C.DCE
2024-09-08,2436,2445,2376,2387,630253,14104547780,0.0,-1.930977814297452,C.DCE
2024-09-09,2388,2388,2363,2370,492686,10912364970,0.0,-0.7121910347716809,C.DCE
2024-09-10,2366,2375,2337,2371,588539,12922085580,0.0,0.04219409282699704,C.DCE
2024-09-11,2374,2376,2351,2358,466921,10269303140,0.0,-0.5482918599746922,C.DCE
2024-09-12,2362,2368,2344,2361,400172,8786560710,0.0,0.12722646310432406,C.DCE
2024-09-17,2351,2369,2319,2360,512404,11187357100,0.0,-0.042354934349853046,C.DCE
2024-09-18,2356,2358,2332,2333,453933,9905816480,0.0,-1.1440677966101709,C.DCE
2024-09-19,2333,2340,2311,2323,522499,11311483150,0.0,-0.4286326618088254,C.DCE
2024-09-22,2316,2316,2259,2295,681944,14555258910,0.0,-1.205337925096861,C.DCE
2024-09-23,2293,2310,2277,2308,557195,11903947990,0.0,0.5664488017429248,C.DCE
2024-09-24,2315,2321,2292,2294,547552,11764319400,0.0,-0.60658578856152,C.DCE
2024-09-25,2287,2311,2274,2308,684768,14622486760,0.0,0.6102877070619073,C.DCE
2024-09-26,2310,2346,2307,2339,679022,14743180190,0.0,1.3431542461005197,C.DCE
2024-09-29,2339,2390,2330,2388,525251,11582103660,0.0,2.0949123557075566,C.DCE
2024-10-07,2383,2383,2327,2344,393806,8637679680,0.0,-1.8425460636515956,C.DCE
2024-10-08,2340,2352,2330,2344,326123,7113377490,0.0,0.0,C.DCE
2024-10-09,2348,2366,2341,2348,515817,11426018800,0.0,0.17064846416381396,C.DCE
2024-10-10,2348,2357,2342,2352,417519,9235964870,0.0,0.17035775127767216,C.DCE
2024-10-13,2353,2376,2351,2366,536668,11946414070,0.0,0.5952380952380931,C.DCE
2024-10-14,2362,2369,2357,2361,376956,8382573230,0.0,-0.21132713440406015,C.DCE
2024-10-15,2359,2359,2341,2348,529861,11706203260,0.0,-0.5506141465480674,C.DCE
2024-10-16,2347,2357,2325,2330,683450,15062696440,0.0,-0.7666098807495692,C.DCE
2024-10-17,2327,2343,2312,2336,555164,12159260030,0.0,0.2575107296137302,C.DCE
2024-10-20,2332,2338,2304,2306,480565,10472018460,0.0,-1.2842465753424626,C.DCE
2024-10-21,2304,2317,2296,2315,477647,10369055050,0.0,0.3902862098872584,C.DCE
2024-10-22,2318,2368,2314,2368,787407,17335300760,0.0,2.28941684665227,C.DCE
2024-10-23,2368,2381,2358,2370,714078,15936828120,0.0,0.08445945945945166,C.DCE
2024-10-24,2368,2380,2359,2364,553369,12333783190,0.0,-0.25316455696202667,C.DCE
2024-10-27,2360,2372,2348,2366,492095,10928847860,0.0,0.08460236886633776,C.DCE
2024-10-28,2365,2371,2359,2365,364875,8122144010,0.0,-0.04226542688081647,C.DCE
2024-10-29,2368,2394,2362,2388,627398,14033480340,0.0,0.9725158562367886,C.DCE
2024-10-30,2389,2395,2379,2389,393584,8839180060,0.0,0.04187604690117919,C.DCE
2024-10-31,2391,2391,2372,2380,461587,10339239700,0.0,-0.37672666387610354,C.DCE
2024-11-03,2380,2389,2351,2356,605012,13484348300,0.0,-1.0084033613445342,C.DCE
2024-11-04,2353,2370,2344,2364,477605,10589853830,0.0,0.339558573853993,C.DCE
2024-11-05,2363,2375,2354,2361,466532,10370477590,0.0,-0.12690355329949554,C.DCE
2024-11-06,2359,2373,2349,2364,523430,11638592740,0.0,0.12706480304955914,C.DCE
2024-11-07,2364,2370,2330,2337,697604,15429358480,0.0,-1.1421319796954266,C.DCE
2024-11-10,2332,2344,2318,2324,533133,11682530160,0.0,-0.5562687205819428,C.DCE
2024-11-11,2320,2329,2315,2326,362426,7923426570,0.0,0.0860585197934638,C.DCE
2024-11-12,2331,2345,2327,2335,505467,11109703450,0.0,0.38693035253654084,C.DCE
2024-11-13,2336,2343,2331,2332,355867,7825707650,0.0,-0.12847965738758127,C.DCE
2024-11-14,2332,2337,2315,2319,470111,10284225550,0.0,-0.5574614065180117,C.DCE
2024-11-17,2322,2355,2317,2347,632898,13932093530,0.0,1.2074169900819332,C.DCE
2024-11-18,2347,2354,2339,2343,322944,7127159270,0.0,-0.1704303365999138,C.DCE
2024-11-19,2346,2351,2328,2332,410786,9036797170,0.0,-0.46948356807511304,C.DCE
2024-11-20,2334,2344,2325,2344,414515,9104156570,0.0,0.5145797598627766,C.DCE
2024-11-21,2345,2354,2325,2327,507671,11176611180,0.0,-0.7252559726962482,C.DCE
2024-11-24,2327,2352,2322,2332,597081,13126040660,0.0,0.21486892995272733,C.DCE
2024-11-25,2328,2338,2325,2330,453472,9944698080,0.0,-0.08576329331045907,C.DCE
2024-11-26,2330,2335,2308,2324,671490,14661547150,0.0,-0.2575107296137302,C.DCE
2024-11-27,2320,2324,2312,2320,318917,6958255860,0.0,-0.1721170395869165,C.DCE
2024-11-28,2317,2319,2293,2298,656802,14233747620,0.0,-0.9482758620689702,C.DCE
2024-12-01,2295,2305,2271,2272,544070,11702267750,0.0,-1.1314186248912117,C.DCE
2024-12-02,2268,2270,2245,2260,641816,13629553020,0.0,-0.5281690140845119,C.DCE
2024-12-03,2260,2261,2212,2215,652976,13708570850,0.0,-1.9911504424778736,C.DCE
2024-12-04,2209,2239,2162,2230,1352085,28009616680,0.0,0.6772009029345272,C.DCE
2024-12-05,2232,2239,2206,2220,589063,12322203410,0.0,-0.4484304932735439,C.DCE
2024-12-08,2221,2232,2213,2218,538106,11253955920,0.0,-0.09009009009008917,C.DCE
2024-12-09,2222,2258,2222,2245,635366,13397867510,0.0,1.217312894499556,C.DCE
2024-12-10,2251,2264,2245,2255,504540,10705817360,0.0,0.44543429844097204,C.DCE
2024-12-11,2251,2259,2245,2247,332769,7052839620,0.0,-0.354767184035476,C.DCE
2024-12-12,2244,2252,2233,2247,354489,7480500390,0.0,0.0,C.DCE
2024-12-15,2236,2245,2216,2234,336349,7060887240,0.0,-0.578549176680021,C.DCE
2024-12-16,2231,2238,2212,2214,435508,9555030690,0.0,-0.8952551477171,C.DCE
2024-12-17,2211,2215,2194,2202,523114,11377820880,0.0,-0.5420054200542035,C.DCE
2024-12-18,2207,2220,2194,2205,604379,13176023650,0.0,0.13623978201635634,C.DCE
2024-12-19,2201,2214,2196,2212,466979,10169731380,0.0,0.31746031746031633,C.DCE
2024-12-22,2213,2229,2205,2210,571518,12497465230,0.0,-0.0904159132007254,C.DCE
2024-12-23,2210,2221,2201,2217,490615,10704978380,0.0,0.3167420814479627,C.DCE
2024-12-24,2220,2241,2218,2234,674657,14862770960,0.0,0.7668019846639673,C.DCE
2024-12-25,2235,2240,2228,2233,401944,8861339280,0.0,-0.044762757385852225,C.DCE
2024-12-26,2237,2272,2235,2263,757547,16873304500,0.0,1.343484102104786,C.DCE
2024-12-29,2263,2276,2255,2264,635325,14203527520,0.0,0.0441891294741481,C.DCE
2024-12-30,2262,2265,2252,2258,417520,9312445270,0.0,-0.26501766784452485,C.DCE
2025-01-01,2260,2272,2255,2257,410340,9166996640,0.0,-0.04428697962799433,C.DCE
2025-01-02,2259,2265,2248,2257,526813,11732687070,0.0,0.0,C.DCE
2025-01-05,2253,2264,2238,2257,600308,13348395470,0.0,0.0,C.DCE
2025-01-06,2254,2264,2244,2254,483242,10747515770,0.0,-0.13291980505095724,C.DCE
2025-01-07,2255,2263,2251,2259,396767,8840178500,0.0,0.22182786157940448,C.DCE
2025-01-08,2261,2266,2246,2260,504110,11221485730,0.0,0.044267374944673143,C.DCE
2025-01-09,2261,2291,2260,2279,881711,19856314120,0.0,0.8407079646017612,C.DCE
2025-01-12,2279,2307,2271,2296,589179,13316320580,0.0,0.745941202281708,C.DCE
2025-01-13,2299,2309,2293,2307,461647,10492975520,0.0,0.4790940766550511,C.DCE
2025-01-14,2309,2309,2292,2304,513644,11668258750,0.0,-0.13003901170350884,C.DCE
2025-01-15,2304,2320,2300,2318,579788,13228553650,0.0,0.607638888888884,C.DCE
2025-01-16,2318,2328,2306,2321,603475,13804829640,0.0,0.1294219154443388,C.DCE
2025-01-19,2319,2328,2310,2316,555673,12714464790,0.0,-0.21542438604049696,C.DCE
2025-01-20,2315,2320,2298,2307,533314,12153944870,0.0,-0.38860103626943143,C.DCE
2025-01-21,2303,2306,2295,2302,429566,9755160170,0.0,-0.21673168617252214,C.DCE
2025-01-22,2302,2318,2302,2310,458258,10456280910,0.0,0.3475238922675983,C.DCE
2025-01-23,2306,2310,2294,2296,479649,10888964780,0.0,-0.60606060606061,C.DCE
2025-01-26,2299,2322,2294,2313,386830,8809274400,0.0,0.7404181184669012,C.DCE
2025-02-04,2325,2339,2313,2317,333773,7649179610,0.0,0.17293558149589217,C.DCE
2025-02-05,2315,2337,2314,2330,591183,13582193500,0.0,0.5610703495899871,C.DCE
2025-02-06,2330,2333,2304,2316,694458,15869623040,0.0,-0.6008583690987113,C.DCE
2025-02-09,2316,2327,2314,2324,449998,10304352200,0.0,0.3454231433505983,C.DCE
2025-02-10,2326,2329,2320,2326,351921,8074204420,0.0,0.0860585197934638,C.DCE
2025-02-11,2326,2336,2315,2333,520720,11948580610,0.0,0.3009458297506429,C.DCE
2025-02-12,2338,2355,2327,2332,833735,19293900590,0.0,-0.04286326618088143,C.DCE
2025-02-13,2335,2343,2330,2333,431337,9946218760,0.0,0.04288164665522398,C.DCE
2025-02-16,2335,2335,2311,2318,737074,16887109810,0.0,-0.6429489927132437,C.DCE
2025-02-17,2318,2328,2315,2321,448247,10271358520,0.0,0.1294219154443388,C.DCE
2025-02-18,2321,2327,2315,2320,415075,9510228220,0.0,-0.04308487720809939,C.DCE
2025-02-19,2322,2323,2294,2296,813673,18525853370,0.0,-1.0344827586206917,C.DCE
2025-02-20,2299,2311,2296,2304,550586,12520716120,0.0,0.34843205574912606,C.DCE
2025-02-23,2304,2328,2300,2317,712636,16290274900,0.0,0.564236111111116,C.DCE
2025-02-24,2314,2320,2305,2305,529325,12079803610,0.0,-0.517911091929224,C.DCE
2025-02-25,2302,2305,2289,2300,697826,15823822880,0.0,-0.2169197396963085,C.DCE
2025-02-26,2303,2325,2300,2323,789425,18022876620,0.0,1.0000000000000009,C.DCE
2025-02-27,2322,2332,2319,2322,586908,13464906190,0.0,-0.043047783039174004,C.DCE
2025-03-02,2322,2346,2320,2342,613819,14148254590,0.0,0.8613264427217882,C.DCE
2025-03-03,2344,2354,2338,2340,791317,18321298120,0.0,-0.0853970964987183,C.DCE
2025-03-04,2339,2340,2312,2313,887537,20356457790,0.0,-1.1538461538461497,C.DCE
2025-03-05,2316,2338,2314,2338,660390,15152824280,0.0,1.080847384349326,C.DCE
2025-03-06,2338,2346,2334,2338,543210,12545118670,0.0,0.0,C.DCE
2025-03-09,2333,2366,2329,2349,737328,17082689230,0.0,0.47048759623609104,C.DCE
2025-03-10,2349,2360,2341,2356,542975,12601094910,0.0,0.29799914857386867,C.DCE
2025-03-11,2353,2358,2344,2345,527693,12245267470,0.0,-0.4668930390492321,C.DCE
2025-03-12,2340,2341,2323,2329,776210,17869293040,0.0,-0.6823027718550145,C.DCE
2025-03-13,2328,2342,2327,2339,483183,11135676750,0.0,0.4293688278230956,C.DCE
2025-03-16,2343,2343,2320,2321,551772,12708234920,0.0,-0.7695596408721639,C.DCE
2025-03-17,2321,2328,2315,2322,504586,11564226840,0.0,0.04308487720809939,C.DCE
2025-03-18,2322,2324,2309,2314,556257,12710650040,0.0,-0.3445305770887197,C.DCE
2025-03-19,2312,2314,2297,2310,525250,11958500610,0.0,-0.17286084701815252,C.DCE
2025-03-20,2310,2323,2307,2319,412878,9431553970,0.0,0.3896103896103842,C.DCE
2025-03-23,2318,2323,2296,2300,500440,11405089780,0.0,-0.819318671841307,C.DCE
2025-03-24,2298,2306,2294,2300,390770,8876132660,0.0,0.0,C.DCE
2025-03-25,2297,2307,2285,2291,477361,10824907990,0.0,-0.3913043478260825,C.DCE
2025-03-26,2291,2298,2284,2295,425101,9610338860,0.0,0.17459624618070269,C.DCE
2025-03-27,2293,2302,2288,2290,356563,8077376850,0.0,-0.21786492374727962,C.DCE
2025-03-30,2287,2290,2273,2280,496206,11168794900,0.0,-0.4366812227074246,C.DCE
2025-03-31,2280,2289,2274,2283,351521,7919717340,0.0,0.1315789473684159,C.DCE
2025-04-01,2283,2300,2281,2297,402149,9101879810,0.0,0.6132282084975849,C.DCE
2025-04-02,2299,2315,2297,2314,514358,11708953660,0.0,0.740095777100569,C.DCE
2025-04-06,2320,2334,2307,2313,547752,12547260650,0.0,-0.04321521175453258,C.DCE
2025-04-07,2312,2321,2308,2318,417433,9537956480,0.0,0.2161694768698652,C.DCE
2025-04-08,2318,2323,2289,2297,567172,12911072900,0.0,-0.9059534081104381,C.DCE
2025-04-09,2302,2308,2288,2303,351583,7977226450,0.0,0.2612102742707956,C.DCE
2025-04-10,2305,2305,2293,2299,285672,6484645840,0.0,-0.17368649587494733,C.DCE
2025-04-13,2302,2312,2291,2296,321160,7299230650,0.0,-0.1304915180513233,C.DCE
2025-04-14,2292,2296,2280,2288,556593,12802929530,0.0,-0.34843205574912606,C.DCE
2025-04-15,2288,2301,2286,2290,461997,10661039240,0.0,0.08741258741258306,C.DCE
2025-04-16,2292,2296,2284,2289,414571,9549671660,0.0,-0.04366812227074579,C.DCE
2025-04-17,2291,2291,2274,2275,573043,13141532420,0.0,-0.6116207951070374,C.DCE
2025-04-20,2276,2290,2267,2288,622234,14267289860,0.0,0.5714285714285783,C.DCE
2025-04-21,2288,2313,2286,2310,743552,17224390530,0.0,0.9615384615384581,C.DCE
2025-04-22,2309,2314,2304,2310,510807,11864632580,0.0,0.0,C.DCE
2025-04-23,2306,2326,2303,2324,626037,14575913800,0.0,0.60606060606061,C.DCE
2025-04-24,2321,2327,2311,2322,654153,15265003400,0.0,-0.0860585197934638,C.DCE
2025-04-27,2322,2356,2316,2347,928665,21857288650,0.0,1.0766580534022463,C.DCE
2025-04-28,2341,2356,2339,2341,753148,17780244040,0.0,-0.2556455048998707,C.DCE
2025-04-29,2344,2365,2341,2363,635254,15027970120,0.0,0.9397693293464293,C.DCE
2025-05-05,2368,2370,2333,2351,623290,14728666240,0.0,-0.5078290308929367,C.DCE
2025-05-06,2348,2373,2348,2355,817931,19437020670,0.0,0.17014036580178526,C.DCE
2025-05-07,2354,2364,2347,2351,603260,14290157250,0.0,-0.1698513800424628,C.DCE
2025-05-08,2354,2364,2348,2361,444617,10540347190,0.0,0.42535091450446316,C.DCE
2025-05-11,2366,2375,2341,2349,675649,15993984930,0.0,-0.5082592121982255,C.DCE
2025-05-12,2346,2346,2326,2330,715911,16814864100,0.0,-0.808854831843342,C.DCE
2025-05-13,2329,2344,2328,2342,495626,11651054530,0.0,0.5150214592274605,C.DCE
2025-05-14,2339,2342,2327,2328,458265,10750626130,0.0,-0.5977796754910281,C.DCE
2025-05-15,2331,2339,2319,2321,569031,13337824590,0.0,-0.30068728522336663,C.DCE
2025-05-18,2322,2325,2314,2316,442269,10315852170,0.0,-0.21542438604049696,C.DCE
2025-05-19,2316,2325,2296,2298,646856,15024529330,0.0,-0.7772020725388629,C.DCE
2025-05-20,2301,2314,2293,2310,648936,15037173900,0.0,0.5221932114882533,C.DCE
2025-05-21,2310,2316,2307,2315,360156,8374271310,0.0,0.21645021645022577,C.DCE
2025-05-22,2314,2320,2308,2313,384538,8950912000,0.0,-0.08639308855291628,C.DCE
2025-05-25,2314,2319,2304,2304,416089,9668312820,0.0,-0.3891050583657574,C.DCE
2025-05-26,2306,2312,2300,2310,421617,9778975520,0.0,0.26041666666667407,C.DCE
2025-05-27,2307,2313,2304,2311,356010,8266729830,0.0,0.043290043290045155,C.DCE
2025-05-28,2309,2322,2306,2318,431887,10056323390,0.0,0.3028991778450951,C.DCE
2025-05-29,2320,2332,2316,2322,460641,10776666110,0.0,0.17256255392579245,C.DCE
2025-06-02,2326,2334,2303,2311,446385,10384193140,0.0,-0.47372954349698126,C.DCE
2025-06-03,2312,2323,2305,2319,427404,9948177680,0.0,0.3461704889658135,C.DCE
2025-06-04,2320,2326,2310,2321,370158,8634510590,0.0,0.08624407072013174,C.DCE
2025-06-05,2320,2328,2316,2326,305894,7147925680,0.0,0.21542438604049696,C.DCE
2025-06-08,2327,2347,2324,2343,510372,11999035240,0.0,0.7308684436801327,C.DCE
2025-06-09,2343,2370,2343,2365,550135,13051924050,0.0,0.9389671361502261,C.DCE
2025-06-10,2368,2373,2355,2360,500017,11890688950,0.0,-0.21141649048626032,C.DCE
2025-06-11,2362,2366,2354,2358,369435,8770430830,0.0,-0.08474576271186862,C.DCE
2025-06-12,2364,2365,2349,2364,389319,9227230830,0.0,0.2544529262086481,C.DCE
2025-06-15,2366,2367,2344,2345,409117,9695140410,0.0,-0.8037225042301199,C.DCE
2025-06-16,2342,2351,2339,2350,339989,8021892470,0.0,0.2132196162046851,C.DCE
2025-06-17,2348,2365,2345,2349,335135,7932773020,0.0,-0.04255319148935843,C.DCE
2025-06-18,2349,2360,2344,2357,378506,9090364350,0.0,0.3405704555129896,C.DCE
2025-06-19,2356,2365,2356,2361,372688,8973567640,0.0,0.16970725498515193,C.DCE
2025-06-22,2363,2372,2357,2360,495033,11944114730,0.0,-0.042354934349853046,C.DCE
2025-06-23,2359,2361,2332,2341,700124,16757532490,0.0,-0.8050847457627075,C.DCE
2025-06-24,2340,2346,2328,2330,532093,12671405270,0.0,-0.46988466467321466,C.DCE
2025-06-25,2330,2339,2325,2331,468926,11158845540,0.0,0.042918454935625405,C.DCE
2025-06-26,2331,2337,2326,2336,379522,9027779790,0.0,0.21450021450022394,C.DCE
2025-06-29,2331,2336,2325,2331,486118,11553205840,0.0,-0.21404109589041598,C.DCE
2025-06-30,2331,2341,2327,2335,426304,10152366250,0.0,0.1716001716001614,C.DCE
2025-07-01,2335,2340,2313,2316,694616,16460354890,0.0,-0.8137044967880036,C.DCE
2025-07-02,2316,2322,2309,2316,404176,9555361400,0.0,0.0,C.DCE
2025-07-03,2316,2319,2305,2306,452079,10661273220,0.0,-0.43177892918825345,C.DCE
2025-07-06,2304,2304,2279,2280,644587,15068487030,0.0,-1.1274934952298366,C.DCE
2025-07-07,2280,2282,2264,2275,621196,14417773110,0.0,-0.21929824561403022,C.DCE
2025-07-08,2269,2282,2269,2273,404273,9387872790,0.0,-0.08791208791208982,C.DCE
2025-07-09,2271,2279,2267,2274,382569,8869535550,0.0,0.04399472063352228,C.DCE
2025-07-10,2274,2277,2258,2260,509176,11775703510,0.0,-0.6156552330694787,C.DCE
2025-07-13,2257,2259,2231,2256,736647,16893644950,0.0,-0.1769911504424737,C.DCE
2025-07-14,2258,2264,2245,2249,441253,10155154350,0.0,-0.310283687943258,C.DCE
2025-07-15,2250,2258,2242,2247,373438,8570306900,0.0,-0.08892841262783113,C.DCE
2025-07-16,2244,2251,2229,2250,553936,12665337500,0.0,0.1335113484646211,C.DCE
2025-07-17,2254,2270,2248,2268,550232,12685509700,0.0,0.8000000000000007,C.DCE
2025-07-20,2272,2279,2268,2274,507087,11761972190,0.0,0.2645502645502562,C.DCE
2025-07-21,2274,2288,2272,2276,504097,11724348930,0.0,0.08795074758134458,C.DCE
2025-07-22,2270,2278,2253,2275,696340,16098491500,0.0,-0.04393673110720808,C.DCE
2025-07-23,2274,2280,2267,2272,406973,9436637010,0.0,-0.13186813186812918,C.DCE
2025-07-24,2274,2277,2260,2265,403182,9331479870,0.0,-0.3080985915492995,C.DCE
2025-07-27,2262,2283,2245,2273,746921,17277064040,0.0,0.35320088300221375,C.DCE
2025-07-28,2271,2274,2253,2256,527538,12169140350,0.0,-0.747910250769912,C.DCE
2025-07-29,2257,2271,2257,2266,356650,8242153480,0.0,0.44326241134751143,C.DCE
2025-07-30,2266,2274,2241,2242,501397,11553052540,0.0,-1.0591350397175625,C.DCE
2025-07-31,2241,2264,2236,2251,448997,10310910270,0.0,0.4014272970561894,C.DCE
2025-08-03,2252,2255,2234,2238,418945,9588172440,0.0,-0.5775211017325588,C.DCE
2025-08-04,2235,2238,2202,2204,603449,13637748780,0.0,-1.5192135835567444,C.DCE
2025-08-05,2208,2218,2200,2214,409488,9235626890,0.0,0.45372050816696596,C.DCE
2025-08-06,2218,2225,2212,2222,365249,8277064910,0.0,0.3613369467027949,C.DCE
2025-08-07,2218,2223,2200,2210,338463,7639580590,0.0,-0.5400540054005365,C.DCE
2025-08-10,2213,2221,2204,2217,268357,6064275250,0.0,0.3167420814479627,C.DCE
2025-08-11,2215,2221,2209,2215,232359,5250583400,0.0,-0.09021199819575498,C.DCE
2025-08-12,2216,2235,2215,2233,328809,7474856280,0.0,0.812641083521437,C.DCE
2025-08-13,2235,2247,2231,2235,263098,6008664090,0.0,0.0895656068069961,C.DCE
2025-08-14,2230,2235,2218,2223,484753,10627111340,0.0,-0.5369127516778538,C.DCE
2025-08-17,2223,2228,2205,2210,463871,10126363050,0.0,-0.5847953216374324,C.DCE
2025-08-18,2213,2217,2200,2203,353719,7697835720,0.0,-0.3167420814479627,C.DCE
2025-08-19,2204,2209,2189,2203,436097,9448067090,0.0,0.0,C.DCE
2025-08-20,2201,2208,2196,2199,284355,6165690890,0.0,-0.1815705855651384,C.DCE
2025-08-21,2197,2208,2180,2208,635755,13717772930,0.0,0.4092769440654953,C.DCE
2025-08-24,2208,2212,2183,2187,542863,11751085650,0.0,-0.9510869565217406,C.DCE
2025-08-25,2187,2196,2183,2191,346257,7471715000,0.0,0.18289894833105613,C.DCE
2025-08-26,2192,2201,2184,2197,379154,8188809310,0.0,0.273847558192597,C.DCE
2025-08-27,2201,2220,2199,2218,698709,15223834370,0.0,0.9558488848429691,C.DCE
2025-08-28,2222,2230,2212,2224,505054,11048873270,0.0,0.2705139765554643,C.DCE
2025-08-31,2225,2229,2215,2226,386964,8475079060,0.0,0.08992805755396738,C.DCE
2025-09-01,2229,2250,2226,2233,615673,13585099440,0.0,0.3144654088050425,C.DCE
2025-09-02,2233,2241,2224,2226,417947,9186140690,0.0,-0.31347962382445305,C.DCE
2025-09-03,2225,2246,2225,2244,425374,9361485200,0.0,0.8086253369272267,C.DCE
2025-09-04,2246,2263,2244,2258,560161,12431811230,0.0,0.623885918003575,C.DCE
2025-09-07,2261,2267,2253,2265,472105,10510012430,0.0,0.3100088573959159,C.DCE
2025-09-08,2265,2268,2241,2248,593118,13141114080,0.0,-0.7505518763796903,C.DCE
2025-09-09,2250,2250,2225,2230,513873,11304993110,0.0,-0.8007117437722422,C.DCE
2025-09-10,2232,2238,2227,2235,358208,7879421890,0.0,0.22421524663676085,C.DCE
2025-09-11,2236,2241,2227,2230,302276,6649662840,0.0,-0.22371364653244186,C.DCE
2025-09-14,2232,2233,2198,2200,637412,13885868600,0.0,-1.3452914798206317,C.DCE
2025-09-15,2200,2208,2197,2199,410132,8896093070,0.0,-0.04545454545454852,C.DCE
2025-09-16,2199,2204,2189,2194,416188,9002334640,0.0,-0.22737608003637888,C.DCE
2025-09-17,2198,2210,2196,2210,396848,8614668120,0.0,0.7292616226071136,C.DCE
2025-09-18,2211,2212,2199,2201,304896,6622146310,0.0,-0.40723981900452344,C.DCE
2025-09-21,2202,2210,2178,2180,592934,12829132030,0.0,-0.9541117673784627,C.DCE
2025-09-22,2177,2198,2170,2191,564657,12149192350,0.0,0.5045871559633097,C.DCE
2025-09-23,2196,2198,2184,2197,378434,8167466150,0.0,0.273847558192597,C.DCE
2025-09-24,2200,2209,2193,2198,398761,8640547260,0.0,0.0455166135639562,C.DCE
2025-09-25,2192,2226,2191,2211,626987,13647588180,0.0,0.5914467697907266,C.DCE
2025-09-28,2211,2220,2188,2192,557756,12110197630,0.0,-0.8593396653098107,C.DCE
2025-09-29,2187,2193,2167,2176,499783,10735133560,0.0,-0.7299270072992692,C.DCE
2025-10-08,2152,2179,2152,2170,370110,7909012680,0.0,-0.27573529411765163,C.DCE
2025-10-09,2168,2173,2156,2157,393175,8379348430,0.0,-0.5990783410138256,C.DCE
2025-10-12,2155,2161,2121,2124,520836,10978188970,0.0,-1.5299026425591111,C.DCE
2025-10-13,2120,2131,2108,2125,568484,11866144440,0.0,0.047080979284364055,C.DCE
2025-10-14,2125,2140,2122,2133,390193,8185759520,0.0,0.3764705882352892,C.DCE
2025-10-15,2139,2149,2131,2143,352172,7418623810,0.0,0.46882325363337696,C.DCE
2025-10-16,2142,2146,2123,2124,536706,11423476060,0.0,-0.8866075594960332,C.DCE
2025-10-19,2125,2150,2115,2145,673055,14326270610,0.0,0.9887005649717562,C.DCE
2025-10-20,2145,2159,2139,2151,597677,12800963910,0.0,0.2797202797202747,C.DCE
2025-10-21,2148,2149,2126,2140,551281,11748695900,0.0,-0.5113900511390046,C.DCE
2025-10-22,2137,2151,2128,2147,498754,10629780370,0.0,0.3271028037383106,C.DCE
2025-10-23,2147,2149,2135,2140,368785,7870793530,0.0,-0.326036329762458,C.DCE
2025-10-26,2141,2141,2116,2119,621343,13157786500,0.0,-0.9813084112149539,C.DCE
2025-10-27,2119,2134,2118,2130,474711,10056937230,0.0,0.5191127890514347,C.DCE
2025-10-28,2130,2131,2122,2123,374280,7933202170,0.0,-0.328638497652578,C.DCE
2025-10-29,2123,2127,2115,2118,466019,9847734790,0.0,-0.23551577955722713,C.DCE
2025-10-30,2116,2137,2115,2137,614123,13009494240,0.0,0.8970727101038634,C.DCE
2025-11-02,2137,2151,2133,2148,637365,13618171280,0.0,0.5147402901263476,C.DCE
2025-11-03,2150,2153,2140,2142,406066,8689050000,0.0,-0.27932960893854997,C.DCE
2025-11-04,2142,2151,2138,2141,391795,8376757650,0.0,-0.046685340802987696,C.DCE
2025-11-05,2140,2163,2135,2161,566057,12126672710,0.0,0.9341429238673538,C.DCE
2025-11-06,2158,2165,2152,2156,457973,9854008070,0.0,-0.23137436372050457,C.DCE
2025-11-09,2156,2173,2152,2171,549821,11862157450,0.0,0.6957328385899908,C.DCE
2025-11-10,2174,2190,2173,2184,672958,14646636610,0.0,0.5988023952095745,C.DCE
2025-11-11,2186,2192,2180,2184,456704,9948007500,0.0,0.0,C.DCE
2025-11-12,2185,2195,2180,2193,540710,11789873410,0.0,0.4120879120879106,C.DCE
2025-11-13,2195,2198,2182,2192,434865,9489394450,0.0,-0.045599635202919764,C.DCE
2025-11-16,2195,2195,2178,2189,500087,10901553430,0.0,-0.13686131386860811,C.DCE
2025-11-17,2189,2193,2173,2175,504544,10968417410,0.0,-0.6395614435815489,C.DCE
2025-11-18,2174,2185,2172,2182,426412,9260514590,0.0,0.3218390804597737,C.DCE
2025-11-19,2179,2186,2172,2175,405905,8812958060,0.0,-0.32080659945004086,C.DCE
2025-11-20,2174,2213,2169,2202,823020,17972991590,0.0,1.2413793103448256,C.DCE
2025-11-23,2202,2227,2199,2227,799285,17635400160,0.0,1.1353315168028955,C.DCE
2025-11-24,2231,2250,2227,2249,791802,17664338910,0.0,0.9878760664571162,C.DCE
2025-11-25,2249,2264,2237,2242,1012713,22719301050,0.0,-0.3112494441974256,C.DCE
2025-11-26,2246,2260,2237,2250,686819,15385674390,0.0,0.3568242640499486,C.DCE
2025-11-27,2247,2262,2241,2251,550428,12338972090,0.0,0.04444444444444695,C.DCE
2025-11-30,2251,2259,2233,2243,604878,13532981100,0.0,-0.35539760106618745,C.DCE
2025-12-01,2246,2260,2239,2250,528615,11857230310,0.0,0.31208203299153414,C.DCE
2025-12-02,2253,2279,2245,2266,761132,17163656730,0.0,0.7111111111111068,C.DCE
2025-12-03,2269,2296,2268,2295,744655,16930897920,0.0,1.279788172992058,C.DCE
2025-12-04,2300,2318,2296,2303,804390,18482792310,0.0,0.34858387799563406,C.DCE
2025-12-07,2298,2301,2266,2268,914137,20781370480,0.0,-1.5197568389057725,C.DCE
2025-12-08,2262,2266,2242,2243,824523,18497319250,0.0,-1.1022927689594342,C.DCE
2025-12-09,2239,2249,2229,2248,695599,15524274880,0.0,0.22291573785109264,C.DCE
2025-12-10,2247,2254,2233,2250,561381,12562912600,0.0,0.0889679715302405,C.DCE
2025-12-11,2248,2259,2240,2249,407579,9144389500,0.0,-0.04444444444444695,C.DCE
2025-12-14,2247,2255,2231,2235,396941,8891983090,0.0,-0.6224988883948401,C.DCE
2025-12-15,2231,2240,2225,2227,291375,6486505340,0.0,-0.35794183445190253,C.DCE
2025-12-16,2230,2238,2225,2231,402536,8881848350,0.0,0.17961383026492417,C.DCE
2025-12-17,2233,2236,2210,2215,501736,11018650830,0.0,-0.7171671896010756,C.DCE
2025-12-18,2215,2221,2210,2217,367612,8051092590,0.0,0.09029345372459918,C.DCE
2025-12-21,2220,2235,2215,2217,467225,10270065740,0.0,0.0,C.DCE
2025-12-22,2217,2230,2210,2214,477698,10477461810,0.0,-0.13531799729363803,C.DCE
2025-12-23,2214,2223,2208,2221,352923,7735473760,0.0,0.3161698283649539,C.DCE
2025-12-24,2222,2223,2211,2214,261112,5724516760,0.0,-0.31517334533993635,C.DCE
2025-12-25,2216,2251,2214,2248,729771,16118148090,0.0,1.5356820234869062,C.DCE
2025-12-28,2245,2276,2243,2275,734397,16429065860,0.0,1.2010676156583688,C.DCE
2025-12-29,2277,2283,2249,2256,778174,17443442640,0.0,-0.8351648351648366,C.DCE
2025-12-30,2255,2262,2251,2252,433555,9667689080,0.0,-0.17730496453900457,C.DCE
2026-01-04,2246,2260,2235,2250,429181,9542214180,0.0,-0.0888099467140302,C.DCE
2026-01-05,2250,2252,2230,2248,533924,11841623740,0.0,-0.0888888888888939,C.DCE
2026-01-06,2246,2275,2246,2274,691461,15439184400,0.0,1.1565836298932375,C.DCE
2026-01-07,2271,2292,2267,2292,726670,16355950080,0.0,0.79155672823219,C.DCE
2026-01-08,2294,2296,2283,2289,510481,11556594880,0.0,-0.13089005235602524,C.DCE
2026-01-11,2286,2320,2281,2316,608922,13862784640,0.0,1.1795543905635641,C.DCE
2026-01-12,2318,2321,2302,2310,476026,10893161680,0.0,-0.2590673575129543,C.DCE
2026-01-13,2306,2314,2294,2298,510166,11616279540,0.0,-0.5194805194805197,C.DCE
2026-01-14,2299,2322,2299,2321,497526,11365561720,0.0,1.0008703220191428,C.DCE
2026-01-15,2324,2332,2306,2307,569023,13045607410,0.0,-0.6031882809134026,C.DCE
2026-01-18,2312,2315,2301,2307,367819,8396484940,0.0,0.0,C.DCE
2026-01-19,2304,2310,2289,2306,557375,12667517790,0.0,-0.04334633723450665,C.DCE
2026-01-20,2306,2313,2296,2309,397415,9051732340,0.0,0.1300954032957602,C.DCE
2026-01-21,2309,2324,2303,2321,435516,9959651010,0.0,0.5197055002165385,C.DCE
2026-01-22,2321,2337,2314,2326,509405,11708436450,0.0,0.21542438604049696,C.DCE
2026-01-25,2326,2341,2317,2319,644209,14826164280,0.0,-0.3009458297506429,C.DCE
2026-01-26,2318,2321,2307,2309,428858,9806745280,0.0,-0.431220353600692,C.DCE
2026-01-27,2310,2317,2297,2300,562766,12827576600,0.0,-0.38977912516240387,C.DCE
2026-01-28,2299,2310,2292,2307,494247,11234323800,0.0,0.3043478260869481,C.DCE
2026-01-29,2307,2315,2294,2297,479584,10922353960,0.0,-0.4334633723450332,C.DCE
2026-02-01,2293,2299,2284,2287,518977,11756075310,0.0,-0.4353504571179778,C.DCE
2026-02-02,2290,2298,2285,2293,375202,8498711850,0.0,0.26235242675993753,C.DCE
2026-02-03,2293,2296,2280,2289,438067,9910744740,0.0,-0.1744439598778902,C.DCE
2026-02-04,2289,2302,2285,2290,362091,8208697540,0.0,0.0436871996505106,C.DCE
2026-02-05,2289,2302,2288,2300,258762,5873208140,0.0,0.4366812227074135,C.DCE
2026-02-08,2297,2303,2285,2291,318218,7214568040,0.0,-0.3913043478260825,C.DCE
2026-02-09,2293,2305,2290,2303,388486,8859301360,0.0,0.5237887385421303,C.DCE
2026-02-10,2302,2334,2301,2333,790787,18201327470,0.0,1.302648719062094,C.DCE
2026-02-11,2332,2345,2329,2337,538405,12487447320,0.0,0.17145306472352573,C.DCE
2026-02-12,2335,2353,2329,2337,658161,15285683320,0.0,0.0,C.DCE
2026-02-23,2345,2368,2341,2349,609628,14241048380,0.0,0.5134788189987249,C.DCE
2026-02-24,2344,2368,2343,2360,576049,13492865110,0.0,0.46828437633035236,C.DCE
2026-02-25,2360,2370,2353,2360,547901,12847909330,0.0,0.0,C.DCE
2026-02-26,2362,2378,2357,2378,525106,12324516510,0.0,0.7627118644067732,C.DCE
2026-03-01,2376,2419,2375,2402,951555,22624638280,0.0,1.0092514718250678,C.DCE
2026-03-02,2401,2402,2386,2391,636852,15124562250,0.0,-0.4579517069109085,C.DCE
2026-03-03,2391,2403,2387,2397,555128,13194723660,0.0,0.25094102885820924,C.DCE
2026-03-04,2397,2413,2396,2402,584219,13936466220,0.0,0.20859407592823676,C.DCE
2026-03-05,2404,2425,2402,2411,790836,18936769220,0.0,0.3746877601998433,C.DCE
2026-03-08,2410,2461,2404,2413,1545357,37257191950,0.0,0.08295313148072303,C.DCE
2026-03-09,2408,2413,2390,2399,864610,20606018960,0.0,-0.5801906340654805,C.DCE
2026-03-10,2398,2415,2398,2413,650049,15516029440,0.0,0.5835764902042628,C.DCE
2026-03-11,2418,2422,2410,2414,643688,15435988750,0.0,0.041442188147544634,C.DCE
2026-03-12,2409,2421,2399,2404,808417,19321131400,0.0,-0.41425020712509975,C.DCE
2026-03-15,2402,2405,2393,2397,666819,15881507080,0.0,-0.2911813643926786,C.DCE
2026-03-16,2397,2409,2388,2404,705931,16807793750,0.0,0.2920317062995448,C.DCE
2026-03-17,2407,2410,2393,2400,541679,12910408300,0.0,-0.16638935108153063,C.DCE
2026-03-18,2402,2408,2396,2402,463939,11062478490,0.0,0.08333333333332416,C.DCE
2026-03-19,2402,2406,2379,2405,971837,23092386560,0.0,0.12489592006661443,C.DCE
2026-03-22,2405,2434,2398,2433,1176931,28269330660,0.0,1.1642411642411643,C.DCE
2026-03-23,2419,2424,2401,2401,802669,19217398580,0.0,-1.3152486642005745,C.DCE
2026-03-24,2401,2405,2391,2394,640244,15226506840,0.0,-0.2915451895043719,C.DCE
2026-03-25,2394,2400,2392,2394,422589,10047819440,0.0,0.0,C.DCE
2026-03-26,2394,2395,2381,2387,592111,14026190730,0.0,-0.29239766081871066,C.DCE
2026-03-29,2388,2391,2363,2364,689138,16244954510,0.0,-0.9635525764558062,C.DCE
2026-03-30,2364,2373,2362,2369,425451,9996100800,0.0,0.2115059221658111,C.DCE
2026-03-31,2368,2385,2367,2368,531908,12547742500,0.0,-0.042211903756861346,C.DCE
2026-04-01,2368,2376,2363,2374,361789,8508107860,0.0,0.2533783783783772,C.DCE
2026-04-02,2375,2378,2359,2362,461310,10834594040,0.0,-0.5054759898904804,C.DCE
2026-04-06,2362,2365,2355,2361,322870,7558979140,0.0,-0.042337002540215884,C.DCE
2026-04-07,2361,2367,2356,2363,401572,9411119520,0.0,0.08470986869970609,C.DCE
2026-04-08,2360,2376,2359,2372,376712,8849246930,0.0,0.3808717731696998,C.DCE
2026-04-09,2377,2404,2373,2397,761415,18094188440,0.0,1.0539629005059004,C.DCE
2026-04-12,2392,2406,2385,2391,518043,12312150580,0.0,-0.25031289111389077,C.DCE
2026-04-13,2391,2400,2386,2395,401793,9537099090,0.0,0.16729401923880616,C.DCE
2026-04-14,2398,2399,2383,2386,395868,9395412510,0.0,-0.3757828810020847,C.DCE
2026-04-15,2385,2393,2383,2385,340306,8065514060,0.0,-0.04191114836546994,C.DCE
2026-04-16,2385,2405,2377,2393,809064,19406107560,0.0,0.33542976939202607,C.DCE
2026-04-19,2388,2406,2381,2405,708131,17016137290,0.0,0.501462599247815,C.DCE
2026-04-20,2406,2428,2403,2423,947158,22970929860,0.0,0.7484407484407374,C.DCE
2026-04-21,2428,2436,2422,2425,876264,21367968490,0.0,0.08254230293025522,C.DCE
2026-04-22,2428,2435,2410,2417,765141,18605662510,0.0,-0.3298969072164981,C.DCE
2026-04-23,2413,2422,2404,2408,645447,15634334800,0.0,-0.37236243276789205,C.DCE
2026-04-26,2406,2421,2406,2418,585815,14190198940,0.0,0.41528239202657247,C.DCE
2026-04-27,2420,2428,2414,2420,600954,14594069840,0.0,0.08271298593878207,C.DCE
2026-04-28,2421,2426,2416,2422,483812,11754854940,0.0,0.08264462809917106,C.DCE
2026-04-29,2424,2424,2410,2418,540166,13093114290,0.0,-0.16515276630884035,C.DCE
2026-05-05,2417,2430,2361,2382,1057815,25466430720,0.0,-1.488833746898266,C.DCE
2026-05-06,2378,2380,2363,2368,878566,20904158060,0.0,-0.5877413937867337,C.DCE
2026-05-07,2368,2371,2347,2356,769189,18205288210,0.0,-0.5067567567567544,C.DCE
2026-05-10,2356,2363,2341,2344,741648,17508177650,0.0,-0.5093378607809895,C.DCE
2026-05-11,2346,2354,2341,2350,491113,11572211900,0.0,0.25597269624573205,C.DCE
2026-05-12,2351,2371,2348,2369,668014,15831549780,0.0,0.8085106382978768,C.DCE
2026-05-13,2371,2372,2352,2358,656872,15577772740,0.0,-0.4643309413254526,C.DCE
2026-05-14,2357,2362,2345,2346,571494,13508240970,0.0,-0.5089058524173073,C.DCE
2026-05-17,2345,2357,2336,2344,656116,15443041160,0.0,-0.08525149190110604,C.DCE
2026-05-18,2344,2359,2342,2356,534125,12600627400,0.0,0.5119453924914641,C.DCE
2026-05-19,2356,2362,2342,2342,542335,12793493530,0.0,-0.5942275042444822,C.DCE
2026-05-20,2337,2339,2314,2315,778421,18183545460,0.0,-1.1528608027327025,C.DCE
2026-05-21,2321,2334,2317,2322,651719,15209457210,0.0,0.30237580993519586,C.DCE
2026-05-24,2324,2334,2311,2318,606169,14144793140,0.0,-0.17226528854435985,C.DCE
2026-05-25,2319,2321,2302,2307,670795,15562004860,0.0,-0.4745470232959459,C.DCE
2026-05-26,2311,2315,2302,2302,556578,12891183650,0.0,-0.21673168617252214,C.DCE
2026-05-27,2300,2306,2295,2301,640254,14780072240,0.0,-0.04344048653345256,C.DCE
2026-05-28,2301,2326,2300,2313,757141,17583724530,0.0,0.5215123859191761,C.DCE
2026-05-31,2314,2322,2307,2321,511065,11878372870,0.0,0.34587116299178433,C.DCE
2026-06-01,2321,2328,2314,2324,548509,12780191130,0.0,0.12925463162429818,C.DCE
2026-06-02,2326,2326,2294,2298,741361,17223783110,0.0,-1.1187607573149738,C.DCE
2026-06-03,2294,2300,2282,2291,656254,15095765070,0.0,-0.3046127067014792,C.DCE
2026-06-04,2297,2323,2292,2314,704119,16319080590,0.0,1.0039284155390682,C.DCE
2026-06-07,2314,2325,2306,2323,589213,13695689640,0.0,0.3889369057908487,C.DCE
2026-06-08,2322,2335,2319,2330,531796,12426240140,0.0,0.3013344812742069,C.DCE
2026-06-09,2330,2338,2322,2326,464255,10861212370,0.0,-0.17167381974249052,C.DCE
2026-06-10,2326,2338,2322,2337,366411,8569690420,0.0,0.4729148753224388,C.DCE
2026-06-11,2339,2346,2333,2342,437482,10281164830,0.0,0.21394950791613354,C.DCE
2026-06-14,2341,2341,2308,2313,525740,12267555440,0.0,-1.2382578992314208,C.DCE
2026-06-15,2312,2325,2309,2325,292735,6813790150,0.0,0.5188067444876765,C.DCE
2026-06-16,2314,2326,2313,2323,254520,5931343150,0.0,-0.08602150537634357,C.DCE
2026-06-17,2327,2329,2312,2329,505874,11748780650,0.0,0.258286698235044,C.DCE
2026-06-21,2329,2345,2325,2327,394668,9208303900,0.0,-0.08587376556461468,C.DCE
2026-06-22,2326,2329,2312,2315,574803,13330997340,0.0,-0.5156854318865478,C.DCE
2026-06-23,2318,2333,2315,2326,526156,12225754530,0.0,0.4751619870410284,C.DCE
2026-06-24,2329,2330,2295,2301,856588,19792460950,0.0,-1.0748065348237357,C.DCE
2026-06-25,2301,2326,2300,2323,702236,16251416410,0.0,0.9561060408518118,C.DCE
