date,open,high,low,close,volume,amount,turn,pct_change,windcode
2020-01-01,209.0,213.0,209.0,211.0,563785,36957040000,0.0,,I.DCE
2020-01-02,211.0,216.0,210.0,214.0,613616,40705789000,0.0,1.4218009478673022,I.DCE
2020-01-05,214.0,215.0,213.0,215.0,491286,32659430400,0.0,0.4672897196261738,I.DCE
2020-01-06,215.0,215.0,213.0,214.0,374071,24904984200,0.0,-0.46511627906976605,I.DCE
2020-01-07,215.0,220.0,214.0,219.0,735163,49788339000,0.0,2.336448598130847,I.DCE
2020-01-08,218.0,218.0,211.0,211.0,700050,46718867200,0.0,-3.65296803652968,I.DCE
2020-01-09,211.0,214.0,211.0,212.0,365592,24122243200,0.0,0.4739336492890933,I.DCE
2020-01-12,212.0,213.0,210.0,211.0,587199,38623511200,0.0,-0.4716981132075526,I.DCE
2020-01-13,211.0,217.0,211.0,216.0,501302,33390354200,0.0,2.369668246445489,I.DCE
2020-01-14,216.0,216.0,213.0,214.0,440456,29368773300,0.0,-0.92592592592593,I.DCE
2020-01-15,214.0,216.0,211.0,212.0,534938,35545826900,0.0,-0.9345794392523366,I.DCE
2020-01-16,212.0,216.0,212.0,215.0,439389,29291147799,0.0,1.4150943396226356,I.DCE
2020-01-19,216.0,217.0,214.0,215.0,355331,23841464000,0.0,0.0,I.DCE
2020-01-20,215.0,216.0,214.0,216.0,388594,25991805200,0.0,0.46511627906977715,I.DCE
2020-01-21,215.0,217.0,211.0,216.0,599641,39905385000,0.0,0.0,I.DCE
2020-01-22,215.0,216.0,207.0,209.0,690516,45508180500,0.0,-3.240740740740744,I.DCE
2020-02-02,195.0,195.0,195.0,195.0,69962,4243413400,0.0,-6.6985645933014375,I.DCE
2020-02-03,183.0,194.0,183.0,190.0,742652,43597093000,0.0,-2.564102564102566,I.DCE
2020-02-04,190.0,191.0,185.0,186.0,613984,35905672800,0.0,-2.1052631578947323,I.DCE
2020-02-05,186.0,191.0,185.0,190.0,821377,48021092600,0.0,2.1505376344086002,I.DCE
2020-02-06,189.0,190.0,186.0,189.0,568827,33317402000,0.0,-0.5263157894736858,I.DCE
2020-02-09,187.0,188.0,185.0,187.0,550248,31937445299,0.0,-1.0582010582010581,I.DCE
2020-02-10,187.0,197.0,187.0,195.0,1269039,76258323000,0.0,4.278074866310155,I.DCE
2020-02-11,195.0,200.0,195.0,199.0,881698,54219254400,0.0,2.051282051282044,I.DCE
2020-02-12,200.0,202.0,198.0,201.0,825190,51377311600,0.0,1.005025125628145,I.DCE
2020-02-13,200.0,202.0,199.0,202.0,731055,45571541200,0.0,0.4975124378109541,I.DCE
2020-02-16,201.0,206.0,199.0,206.0,919766,57999170800,0.0,1.980198019801982,I.DCE
2020-02-17,206.0,207.0,204.0,206.0,875467,55938389200,0.0,0.0,I.DCE
2020-02-18,204.0,208.0,204.0,208.0,644818,41300444100,0.0,0.9708737864077666,I.DCE
2020-02-19,207.0,217.0,207.0,215.0,1190648,78267994000,0.0,3.3653846153846256,I.DCE
2020-02-20,215.0,218.0,213.0,217.0,997444,66862822400,0.0,0.9302325581395321,I.DCE
2020-02-23,218.0,220.0,214.0,217.0,1143211,77333510800,0.0,0.0,I.DCE
2020-02-24,212.0,217.0,211.0,216.0,1026067,68254223900,0.0,-0.4608294930875556,I.DCE
2020-02-25,214.0,215.0,208.0,208.0,1293149,84943172800,0.0,-3.703703703703709,I.DCE
2020-02-26,208.0,208.0,203.0,204.0,1056098,67167977800,0.0,-1.9230769230769273,I.DCE
2020-02-27,199.0,201.0,195.0,198.0,1277992,78864303200,0.0,-2.941176470588236,I.DCE
2020-03-01,198.0,210.0,198.0,210.0,1378318,88131214600,0.0,6.060606060606055,I.DCE
2020-03-02,212.0,214.0,207.0,207.0,1065350,69699962300,0.0,-1.4285714285714235,I.DCE
2020-03-03,206.0,213.0,206.0,212.0,1190870,77597004000,0.0,2.4154589371980784,I.DCE
2020-03-04,213.0,215.0,212.0,214.0,917288,60966129800,0.0,0.9433962264151052,I.DCE
2020-03-05,213.0,213.0,209.0,209.0,956044,62929846500,0.0,-2.336448598130836,I.DCE
2020-03-08,199.0,206.0,199.0,206.0,1214930,76781746200,0.0,-1.4354066985645897,I.DCE
2020-03-09,205.0,214.0,205.0,213.0,1058948,69236026200,0.0,3.398058252427183,I.DCE
2020-03-10,214.0,215.0,210.0,210.0,887577,58719388400,0.0,-1.4084507042253502,I.DCE
2020-03-11,210.0,214.0,208.0,213.0,1192471,78418716900,0.0,1.4285714285714235,I.DCE
2020-03-12,211.0,218.0,207.0,218.0,1612194,106109406199,0.0,2.3474178403755763,I.DCE
2020-03-15,216.0,217.0,212.0,213.0,901009,59957710599,0.0,-2.2935779816513735,I.DCE
2020-03-16,212.0,216.0,210.0,216.0,998702,66421751900,0.0,1.4084507042253502,I.DCE
2020-03-17,215.0,223.0,215.0,217.0,1558924,105728103300,0.0,0.4629629629629539,I.DCE
2020-03-18,217.0,219.0,206.0,218.0,1970977,129776672000,0.0,0.4608294930875667,I.DCE
2020-03-19,219.0,222.0,209.0,213.0,1597541,106922258200,0.0,-2.2935779816513735,I.DCE
2020-03-22,207.0,209.0,202.0,202.0,993703,63471445300,0.0,-5.164319248826288,I.DCE
2020-03-23,203.0,207.0,199.0,206.0,1363220,86325634400,0.0,1.980198019801982,I.DCE
2020-03-24,210.0,214.0,209.0,214.0,1134502,74602689200,0.0,3.8834951456310662,I.DCE
2020-03-25,213.0,215.0,210.0,213.0,794350,52433660300,0.0,-0.4672897196261627,I.DCE
2020-03-26,214.0,215.0,211.0,212.0,626838,41421620900,0.0,-0.46948356807511304,I.DCE
2020-03-29,210.0,210.0,205.0,208.0,610512,39397340200,0.0,-1.8867924528301883,I.DCE
2020-03-30,210.0,210.0,207.0,209.0,490028,28097307799,0.0,0.48076923076922906,I.DCE
2020-03-31,211.0,212.0,201.0,203.0,1084698,60917387600,0.0,-2.8708133971291905,I.DCE
2020-04-01,202.0,211.0,197.0,210.0,1439591,80638545400,0.0,3.4482758620689724,I.DCE
2020-04-02,211.0,212.0,205.0,207.0,953155,54260146000,0.0,-1.4285714285714235,I.DCE
2020-04-06,206.0,209.0,203.0,207.0,900225,51075309400,0.0,0.0,I.DCE
2020-04-07,207.0,214.0,206.0,213.0,1133602,65602589900,0.0,2.898550724637672,I.DCE
2020-04-08,213.0,219.0,212.0,218.0,1004151,59525103800,0.0,2.3474178403755763,I.DCE
2020-04-09,218.0,220.0,215.0,218.0,832422,49673817000,0.0,0.0,I.DCE
2020-04-12,219.0,221.0,216.0,217.0,769667,46162660700,0.0,-0.4587155963302725,I.DCE
2020-04-13,218.0,222.0,217.0,221.0,863929,52272732000,0.0,1.8433179723502224,I.DCE
2020-04-14,221.0,224.0,220.0,221.0,862540,52483031200,0.0,0.0,I.DCE
2020-04-15,220.0,222.0,217.0,221.0,1002711,60566375900,0.0,0.0,I.DCE
2020-04-16,222.0,226.0,221.0,223.0,1032785,63412563800,0.0,0.9049773755656076,I.DCE
2020-04-19,225.0,227.0,223.0,226.0,796085,49349564600,0.0,1.3452914798206317,I.DCE
2020-04-20,224.0,224.0,218.0,219.0,1036347,62832196000,0.0,-3.0973451327433676,I.DCE
2020-04-21,217.0,224.0,216.0,223.0,958406,57852822000,0.0,1.82648401826484,I.DCE
2020-04-22,224.0,225.0,219.0,220.0,873935,53294727300,0.0,-1.3452914798206317,I.DCE
2020-04-23,220.0,223.0,219.0,221.0,891668,54164725400,0.0,0.454545454545463,I.DCE
2020-04-26,221.0,223.0,219.0,219.0,721909,43700955599,0.0,-0.9049773755656076,I.DCE
2020-04-27,219.0,221.0,216.0,217.0,1048683,62831108800,0.0,-0.91324200913242,I.DCE
2020-04-28,216.0,218.0,215.0,217.0,630156,37514364100,0.0,0.0,I.DCE
2020-04-29,218.0,223.0,218.0,222.0,726396,44101577600,0.0,2.304147465437789,I.DCE
2020-05-05,224.0,225.0,221.0,222.0,573441,35051438800,0.0,0.0,I.DCE
2020-05-06,223.0,227.0,222.0,227.0,761803,47030460100,0.0,2.2522522522522515,I.DCE
2020-05-07,228.0,232.0,227.0,231.0,1005981,63579782900,0.0,1.7621145374449254,I.DCE
2020-05-10,232.0,232.0,228.0,229.0,829784,52477741600,0.0,-0.8658008658008698,I.DCE
2020-05-11,230.0,232.0,229.0,232.0,687479,43480915000,0.0,1.3100436681222627,I.DCE
2020-05-12,233.0,236.0,231.0,235.0,1037693,66485334000,0.0,1.2931034482758674,I.DCE
2020-05-13,236.0,237.0,234.0,236.0,708083,45782901800,0.0,0.42553191489360653,I.DCE
2020-05-14,235.0,243.0,234.0,243.0,1048086,68758975600,0.0,2.9661016949152463,I.DCE
2020-05-17,243.0,257.0,242.0,252.0,1200378,82402776200,0.0,3.703703703703698,I.DCE
2020-05-18,253.0,259.0,252.0,259.0,990476,69169098400,0.0,2.777777777777768,I.DCE
2020-05-19,258.0,260.0,256.0,257.0,1051719,74416579800,0.0,-0.7722007722007707,I.DCE
2020-05-20,257.0,264.0,255.0,263.0,1067452,75927234700,0.0,2.3346303501945442,I.DCE
2020-05-21,263.0,267.0,260.0,261.0,1739518,125837943000,0.0,-0.760456273764254,I.DCE
2020-05-24,261.0,266.0,258.0,263.0,1382365,99534225200,0.0,0.766283524904221,I.DCE
2020-05-25,262.0,263.0,253.0,254.0,1473558,104149929700,0.0,-3.4220532319391594,I.DCE
2020-05-26,253.0,258.0,250.0,257.0,1555363,108334367200,0.0,1.1811023622047223,I.DCE
2020-05-27,257.0,260.0,255.0,259.0,1057404,74758218200,0.0,0.7782101167315147,I.DCE
2020-05-28,260.0,274.0,259.0,274.0,1559848,113732192400,0.0,5.791505791505802,I.DCE
2020-05-31,272.0,282.0,270.0,274.0,1842942,139487869100,0.0,0.0,I.DCE
2020-06-01,273.0,279.0,269.0,276.0,1696005,127565444900,0.0,0.7299270072992803,I.DCE
2020-06-02,275.0,277.0,272.0,275.0,1255169,94533744400,0.0,-0.36231884057971175,I.DCE
2020-06-03,275.0,280.0,268.0,268.0,1742332,131282097500,0.0,-2.5454545454545507,I.DCE
2020-06-04,268.0,273.0,267.0,272.0,1072403,79624754600,0.0,1.4925373134328401,I.DCE
2020-06-07,273.0,291.0,272.0,285.0,1699848,132239772800,0.0,4.779411764705888,I.DCE
2020-06-08,284.0,284.0,278.0,280.0,1342467,103448447800,0.0,-1.7543859649122862,I.DCE
2020-06-09,280.0,282.0,274.0,277.0,1212624,92622889400,0.0,-1.0714285714285676,I.DCE
2020-06-10,276.0,281.0,274.0,276.0,1295581,98818527200,0.0,-0.3610108303249149,I.DCE
2020-06-11,277.0,283.0,272.0,283.0,1580917,120558377400,0.0,2.53623188405796,I.DCE
2020-06-14,284.0,287.0,276.0,278.0,1612548,124729043800,0.0,-1.7667844522968212,I.DCE
2020-06-15,278.0,286.0,277.0,284.0,1188265,92220668500,0.0,2.158273381294973,I.DCE
2020-06-16,285.0,286.0,278.0,279.0,1233375,95345458000,0.0,-1.7605633802816878,I.DCE
2020-06-17,279.0,282.0,276.0,279.0,1440804,110556385800,0.0,0.0,I.DCE
2020-06-18,280.0,283.0,278.0,280.0,1117706,86120454800,0.0,0.35842293906809264,I.DCE
2020-06-21,280.0,281.0,273.0,274.0,1124944,85466697500,0.0,-2.1428571428571463,I.DCE
2020-06-22,274.0,278.0,273.0,276.0,817218,61768651800,0.0,0.7299270072992803,I.DCE
2020-06-23,277.0,281.0,275.0,281.0,829509,63459550599,0.0,1.8115942028985588,I.DCE
2020-06-28,279.0,279.0,267.0,268.0,1092545,81726563900,0.0,-4.62633451957295,I.DCE
2020-06-29,269.0,274.0,269.0,271.0,808895,60203635300,0.0,1.1194029850746245,I.DCE
2020-06-30,271.0,273.0,266.0,270.0,851128,63122644400,0.0,-0.36900369003689537,I.DCE
2020-07-01,269.0,272.0,268.0,269.0,712240,52825561000,0.0,-0.37037037037036535,I.DCE
2020-07-02,270.0,273.0,269.0,272.0,762156,56711869200,0.0,1.1152416356877248,I.DCE
2020-07-05,272.0,277.0,270.0,273.0,972922,72719098800,0.0,0.3676470588235281,I.DCE
2020-07-06,274.0,282.0,273.0,279.0,877452,67071050800,0.0,2.19780219780219,I.DCE
2020-07-07,279.0,288.0,279.0,287.0,928913,72561270800,0.0,2.8673835125448077,I.DCE
2020-07-08,288.0,292.0,285.0,287.0,974604,77117912200,0.0,0.0,I.DCE
2020-07-09,288.0,290.0,286.0,288.0,771459,61026453099,0.0,0.34843205574912606,I.DCE
2020-07-12,289.0,305.0,289.0,302.0,1292922,105829135900,0.0,4.861111111111116,I.DCE
2020-07-13,302.0,308.0,300.0,305.0,936372,77993936400,0.0,0.9933774834437026,I.DCE
2020-07-14,306.0,307.0,300.0,305.0,791457,65995304600,0.0,0.0,I.DCE
2020-07-15,304.0,306.0,299.0,301.0,958778,79563689300,0.0,-1.3114754098360604,I.DCE
2020-07-16,301.0,302.0,294.0,301.0,996108,81668046300,0.0,0.0,I.DCE
2020-07-19,300.0,302.0,295.0,298.0,701050,57412988000,0.0,-0.9966777408637828,I.DCE
2020-07-20,297.0,309.0,296.0,306.0,885774,73719162000,0.0,2.684563758389258,I.DCE
2020-07-21,307.0,314.0,305.0,306.0,827704,70217402600,0.0,0.0,I.DCE
2020-07-22,305.0,311.0,304.0,308.0,719570,60840388200,0.0,0.6535947712418277,I.DCE
2020-07-23,308.0,309.0,297.0,301.0,966500,80354904900,0.0,-2.2727272727272707,I.DCE
2020-07-26,302.0,305.0,295.0,297.0,694536,57040399400,0.0,-1.3289036544850474,I.DCE
2020-07-27,297.0,304.0,296.0,299.0,683568,56236727500,0.0,0.6734006734006703,I.DCE
2020-07-28,299.0,307.0,298.0,306.0,631840,52546349500,0.0,2.341137123745818,I.DCE
2020-07-29,307.0,309.0,303.0,306.0,609121,51077944800,0.0,0.0,I.DCE
2020-07-30,306.0,310.0,299.0,309.0,764640,64051149800,0.0,0.9803921568627416,I.DCE
2020-08-02,309.0,319.0,307.0,318.0,663755,57183002699,0.0,2.9126213592232997,I.DCE
2020-08-03,320.0,325.0,319.0,324.0,512590,45351040900,0.0,1.8867924528301883,I.DCE
2020-08-04,323.0,327.0,318.0,323.0,529387,46849045400,0.0,-0.30864197530864335,I.DCE
2020-08-05,325.0,333.0,324.0,331.0,568556,51502199600,0.0,2.4767801857585203,I.DCE
2020-08-06,331.0,331.0,322.0,326.0,593985,53435891900,0.0,-1.5105740181268867,I.DCE
2020-08-09,326.0,329.0,321.0,326.0,392579,34963947800,0.0,0.0,I.DCE
2020-08-10,326.0,337.0,326.0,330.0,729779,61318602300,0.0,1.2269938650306678,I.DCE
2020-08-11,331.0,331.0,320.0,330.0,809978,66417448400,0.0,0.0,I.DCE
2020-08-12,330.0,334.0,321.0,327.0,764829,63057045599,0.0,-0.9090909090909038,I.DCE
2020-08-13,328.0,333.0,325.0,332.0,706167,58729269600,0.0,1.5290519877675823,I.DCE
2020-08-16,326.0,334.0,325.0,330.0,885588,73858336400,0.0,-0.6024096385542133,I.DCE
2020-08-17,332.0,342.0,330.0,342.0,717615,60986864000,0.0,3.6363636363636376,I.DCE
2020-08-18,343.0,346.0,336.0,339.0,808748,69569627800,0.0,-0.8771929824561431,I.DCE
2020-08-19,339.0,341.0,333.0,336.0,745445,63566553800,0.0,-0.8849557522123908,I.DCE
2020-08-20,336.0,341.0,331.0,333.0,870696,73840695400,0.0,-0.8928571428571397,I.DCE
2020-08-23,333.0,335.0,329.0,330.0,563402,47231719300,0.0,-0.9009009009009028,I.DCE
2020-08-24,329.0,330.0,320.0,322.0,948279,78023825000,0.0,-2.4242424242424288,I.DCE
2020-08-25,322.0,328.0,320.0,328.0,712029,58250380000,0.0,1.8633540372670732,I.DCE
2020-08-26,328.0,329.0,321.0,322.0,663047,54450917200,0.0,-1.8292682926829285,I.DCE
2020-08-27,322.0,330.0,320.0,330.0,755406,62148718099,0.0,2.4844720496894457,I.DCE
2020-08-30,330.0,340.0,328.0,334.0,773901,65366273000,0.0,1.21212121212122,I.DCE
2020-08-31,336.0,337.0,333.0,335.0,450558,38096243200,0.0,0.29940119760478723,I.DCE
2020-09-01,336.0,340.0,334.0,338.0,610304,51905695800,0.0,0.8955223880596996,I.DCE
2020-09-02,340.0,346.0,338.0,339.0,757562,65360019600,0.0,0.2958579881656709,I.DCE
2020-09-03,340.0,341.0,332.0,336.0,834320,70844585800,0.0,-0.8849557522123908,I.DCE
2020-09-06,337.0,345.0,334.0,337.0,979614,84084866600,0.0,0.29761904761904656,I.DCE
2020-09-07,338.0,342.0,333.0,334.0,781923,66771639000,0.0,-0.8902077151335286,I.DCE
2020-09-08,332.0,340.0,326.0,326.0,1199196,100908707600,0.0,-2.39520958083832,I.DCE
2020-09-09,329.0,333.0,323.0,325.0,1019496,84646930200,0.0,-0.30674846625766694,I.DCE
2020-09-10,327.0,332.0,325.0,331.0,770729,63867722600,0.0,1.846153846153853,I.DCE
2020-09-13,334.0,336.0,330.0,336.0,730992,61620191400,0.0,1.5105740181268867,I.DCE
2020-09-14,336.0,338.0,327.0,328.0,897152,75271255600,0.0,-2.3809523809523836,I.DCE
2020-09-15,328.0,329.0,314.0,315.0,1376759,111860503300,0.0,-3.963414634146345,I.DCE
2020-09-16,316.0,316.0,310.0,313.0,1108388,87655405600,0.0,-0.6349206349206327,I.DCE
2020-09-17,313.0,320.0,313.0,318.0,1094427,87499086600,0.0,1.5974440894568787,I.DCE
2020-09-20,319.0,320.0,306.0,307.0,1109835,87511956600,0.0,-3.459119496855345,I.DCE
2020-09-21,306.0,310.0,299.0,306.0,1087664,83946937800,0.0,-0.32573289902280145,I.DCE
2020-09-22,305.0,309.0,297.0,303.0,1065601,81474053400,0.0,-0.9803921568627416,I.DCE
2020-09-23,303.0,307.0,300.0,304.0,901870,69087209200,0.0,0.3300330033003229,I.DCE
2020-09-24,304.0,305.0,298.0,303.0,919048,70141287600,0.0,-0.3289473684210509,I.DCE
2020-09-27,303.0,309.0,301.0,305.0,866126,66653271800,0.0,0.660066006600668,I.DCE
2020-09-28,306.0,309.0,302.0,309.0,680948,52499754100,0.0,1.3114754098360715,I.DCE
2020-09-29,309.0,320.0,308.0,320.0,897892,71116654500,0.0,3.5598705501618033,I.DCE
2020-10-08,324.0,330.0,320.0,329.0,580009,47703888200,0.0,2.8124999999999956,I.DCE
2020-10-11,330.0,330.0,325.0,327.0,504890,41726045800,0.0,-0.6079027355623046,I.DCE
2020-10-12,326.0,327.0,320.0,322.0,756957,61956768800,0.0,-1.5290519877675823,I.DCE
2020-10-13,322.0,323.0,314.0,316.0,751316,60494516800,0.0,-1.8633540372670843,I.DCE
2020-10-14,317.0,318.0,310.0,312.0,700040,55359133900,0.0,-1.2658227848101222,I.DCE
2020-10-15,311.0,314.0,307.0,311.0,651523,51091734100,0.0,-0.3205128205128194,I.DCE
2020-10-18,312.0,318.0,305.0,309.0,1078306,84819370700,0.0,-0.6430868167202619,I.DCE
2020-10-19,310.0,314.0,308.0,312.0,662032,52044720400,0.0,0.9708737864077666,I.DCE
2020-10-20,313.0,316.0,310.0,316.0,690146,54524549600,0.0,1.2820512820512775,I.DCE
2020-10-21,316.0,319.0,311.0,314.0,827387,65902838500,0.0,-0.6329113924050667,I.DCE
2020-10-22,314.0,316.0,305.0,305.0,877316,69023789600,0.0,-2.86624203821656,I.DCE
2020-10-25,305.0,307.0,299.0,301.0,814160,62417519900,0.0,-1.3114754098360604,I.DCE
2020-10-26,301.0,306.0,300.0,304.0,612011,46961630800,0.0,0.9966777408637828,I.DCE
2020-10-27,303.0,312.0,302.0,311.0,966654,74844458600,0.0,2.3026315789473673,I.DCE
2020-10-28,309.0,310.0,306.0,309.0,711318,55360768400,0.0,-0.6430868167202619,I.DCE
2020-10-29,307.0,318.0,304.0,315.0,1040008,81771870800,0.0,1.9417475728155331,I.DCE
2020-11-01,316.0,318.0,312.0,317.0,609233,48567488200,0.0,0.6349206349206327,I.DCE
2020-11-02,318.0,318.0,311.0,312.0,588565,46612321800,0.0,-1.577287066246058,I.DCE
2020-11-03,312.0,317.0,310.0,311.0,852700,67569902400,0.0,-0.3205128205128194,I.DCE
2020-11-04,312.0,315.0,306.0,310.0,792304,62054741100,0.0,-0.3215434083601254,I.DCE
2020-11-05,311.0,315.0,310.0,313.0,611651,48270091800,0.0,0.967741935483879,I.DCE
2020-11-08,313.0,327.0,313.0,324.0,1041230,84591720399,0.0,3.514376996805102,I.DCE
2020-11-09,327.0,334.0,325.0,327.0,970185,80527337500,0.0,0.92592592592593,I.DCE
2020-11-10,328.0,334.0,327.0,332.0,602312,50244318400,0.0,1.5290519877675823,I.DCE
2020-11-11,332.0,336.0,329.0,331.0,786434,66022613500,0.0,-0.3012048192771122,I.DCE
2020-11-12,331.0,332.0,326.0,330.0,676616,56214608400,0.0,-0.30211480362537513,I.DCE
2020-11-15,330.0,335.0,324.0,333.0,841837,70131085000,0.0,0.9090909090909038,I.DCE
2020-11-16,333.0,339.0,331.0,338.0,680176,57516006300,0.0,1.501501501501501,I.DCE
2020-11-17,338.0,341.0,336.0,340.0,551506,47204238200,0.0,0.591715976331364,I.DCE
2020-11-18,340.0,351.0,340.0,347.0,798767,69696341600,0.0,2.0588235294117574,I.DCE
2020-11-19,347.0,352.0,345.0,351.0,516606,45367372200,0.0,1.1527377521613813,I.DCE
2020-11-22,351.0,354.0,341.0,343.0,709717,62194378000,0.0,-2.279202279202275,I.DCE
2020-11-23,344.0,349.0,343.0,347.0,443067,38780926600,0.0,1.1661807580174877,I.DCE
2020-11-24,348.0,353.0,344.0,348.0,659985,57994207500,0.0,0.2881844380403509,I.DCE
2020-11-25,348.0,356.0,348.0,355.0,576556,51254861200,0.0,2.011494252873569,I.DCE
2020-11-26,357.0,360.0,353.0,357.0,537351,48467388000,0.0,0.5633802816901401,I.DCE
2020-11-29,357.0,364.0,353.0,361.0,555715,50351598400,0.0,1.1204481792717047,I.DCE
2020-11-30,360.0,361.0,354.0,360.0,433082,39116405400,0.0,-0.27700831024930483,I.DCE
2020-12-01,360.0,370.0,359.0,370.0,503611,46426095400,0.0,2.777777777777768,I.DCE
2020-12-02,370.0,373.0,365.0,371.0,426958,39817042600,0.0,0.2702702702702675,I.DCE
2020-12-03,371.0,386.0,367.0,385.0,640122,61000384600,0.0,3.7735849056603765,I.DCE
2020-12-06,385.0,393.0,375.0,383.0,736673,71162902100,0.0,-0.5194805194805197,I.DCE
2020-12-07,385.0,392.0,379.0,382.0,921351,84634875600,0.0,-0.26109660574412663,I.DCE
2020-12-08,381.0,389.0,375.0,385.0,822496,74823720600,0.0,0.7853403141361293,I.DCE
2020-12-09,386.0,409.0,386.0,407.0,975478,92483639800,0.0,5.714285714285716,I.DCE
2020-12-10,408.0,437.0,404.0,415.0,1606451,160325511600,0.0,1.9656019656019597,I.DCE
2020-12-13,415.0,421.0,401.0,405.0,730194,71556013400,0.0,-2.409638554216864,I.DCE
2020-12-14,403.0,420.0,402.0,417.0,576931,56491392300,0.0,2.9629629629629672,I.DCE
2020-12-15,418.0,426.0,413.0,422.0,608591,60905641600,0.0,1.1990407673860837,I.DCE
2020-12-16,421.0,430.0,418.0,430.0,463368,46842046200,0.0,1.8957345971563955,I.DCE
2020-12-17,431.0,451.0,429.0,450.0,605628,63227433500,0.0,4.651162790697683,I.DCE
2020-12-20,448.0,481.0,443.0,480.0,797971,88427163100,0.0,6.666666666666665,I.DCE
2020-12-21,473.0,477.0,436.0,442.0,692065,75422567400,0.0,-7.916666666666671,I.DCE
2020-12-22,445.0,448.0,415.0,430.0,632679,64971667200,0.0,-2.714932126696834,I.DCE
2020-12-23,429.0,444.0,428.0,434.0,365819,38127549900,0.0,0.9302325581395321,I.DCE
2020-12-24,431.0,448.0,421.0,446.0,432032,44629610900,0.0,2.764976958525356,I.DCE
2020-12-27,444.0,447.0,426.0,430.0,379841,39369869300,0.0,-3.58744394618834,I.DCE
2020-12-28,431.0,440.0,417.0,424.0,442243,45093317600,0.0,-1.3953488372092981,I.DCE
2020-12-29,419.0,422.0,402.0,413.0,569237,55576015400,0.0,-2.594339622641506,I.DCE
2020-12-30,411.0,418.0,408.0,418.0,315009,31082018200,0.0,1.2106537530266248,I.DCE
2020-12-31,413.6,413.6,413.6,413.6,0,0,0.0,-1.0526315789473606,I.DCE
2021-01-03,415.0,429.0,408.0,427.0,275823,27567136200,0.0,3.239845261121843,I.DCE
2021-01-04,429.0,438.0,425.0,436.0,330531,34064123600,0.0,2.1077283372365363,I.DCE
2021-01-05,437.0,440.0,426.0,433.0,311992,32173559000,0.0,-0.6880733944954143,I.DCE
2021-01-06,435.0,447.0,428.0,445.0,332657,34698406600,0.0,2.771362586605086,I.DCE
2021-01-07,447.0,452.0,437.0,447.0,349761,37221901000,0.0,0.44943820224718767,I.DCE
2021-01-10,447.0,450.0,429.0,439.0,442891,46396787200,0.0,-1.7897091722595126,I.DCE
2021-01-11,440.0,444.0,421.0,440.0,451154,46646528600,0.0,0.2277904328018332,I.DCE
2021-01-12,440.0,442.0,429.0,434.0,409558,42530314100,0.0,-1.3636363636363669,I.DCE
2021-01-13,432.0,444.0,426.0,442.0,396079,41115518100,0.0,1.8433179723502224,I.DCE
2021-01-14,445.0,448.0,439.0,442.0,355136,37585008200,0.0,0.0,I.DCE
2021-01-17,442.0,455.0,434.0,451.0,364459,38684554800,0.0,2.036199095022617,I.DCE
2021-01-18,450.0,452.0,436.0,439.0,350032,36990665800,0.0,-2.6607538802660757,I.DCE
2021-01-19,441.0,447.0,434.0,444.0,311415,32758912000,0.0,1.1389521640091216,I.DCE
2021-01-20,444.0,448.0,434.0,445.0,376387,39590633100,0.0,0.22522522522523403,I.DCE
2021-01-21,447.0,450.0,435.0,439.0,299495,31592244800,0.0,-1.348314606741574,I.DCE
2021-01-24,436.0,445.0,427.0,439.0,395952,41220904400,0.0,0.0,I.DCE
2021-01-25,440.0,446.0,430.0,430.0,306671,32022518800,0.0,-2.050113895216399,I.DCE
2021-01-26,431.0,440.0,426.0,437.0,308222,31914470800,0.0,1.6279069767441756,I.DCE
2021-01-27,434.0,436.0,410.0,413.0,489258,49444553800,0.0,-5.491990846681927,I.DCE
2021-01-28,413.0,417.0,407.0,415.0,348655,34358621000,0.0,0.4842615012106588,I.DCE
2021-01-31,417.0,423.0,408.0,410.0,338838,33520163400,0.0,-1.2048192771084376,I.DCE
2021-02-01,410.0,413.0,388.0,391.0,404849,38740792600,0.0,-4.634146341463419,I.DCE
2021-02-02,393.0,400.0,390.0,397.0,290732,27378658700,0.0,1.534526854219953,I.DCE
2021-02-03,398.0,416.0,396.0,416.0,353273,34063559500,0.0,4.785894206549113,I.DCE
2021-02-04,414.0,426.0,413.0,421.0,364841,36465285000,0.0,1.2019230769230838,I.DCE
2021-02-07,419.0,433.0,418.0,431.0,271228,27611174500,0.0,2.375296912114022,I.DCE
2021-02-08,434.0,447.0,429.0,445.0,262288,27451016800,0.0,3.2482598607888713,I.DCE
2021-02-09,445.0,449.0,436.0,449.0,230376,24359954600,0.0,0.8988764044943753,I.DCE
2021-02-17,461.0,476.0,461.0,474.0,229928,25766552599,0.0,5.567928730512239,I.DCE
2021-02-18,472.0,480.0,457.0,468.0,349566,39141121700,0.0,-1.2658227848101222,I.DCE
2021-02-21,469.0,495.0,465.0,478.0,339864,38772292900,0.0,2.136752136752129,I.DCE
2021-02-22,477.0,481.0,462.0,464.0,301648,33930980800,0.0,-2.9288702928870314,I.DCE
2021-02-23,464.0,475.0,457.0,474.0,330343,36855614200,0.0,2.155172413793105,I.DCE
2021-02-24,474.0,487.0,463.0,474.0,393130,44493368200,0.0,0.0,I.DCE
2021-02-25,474.0,489.0,467.0,483.0,436539,49858072600,0.0,1.8987341772152,I.DCE
2021-02-28,480.0,487.0,470.0,475.0,335019,38117388200,0.0,-1.65631469979296,I.DCE
2021-03-01,475.0,484.0,469.0,484.0,328817,37262033200,0.0,1.8947368421052602,I.DCE
2021-03-02,483.0,494.0,474.0,484.0,383878,44224804300,0.0,0.0,I.DCE
2021-03-03,481.0,497.0,479.0,492.0,345076,40227699000,0.0,1.6528925619834656,I.DCE
2021-03-04,489.0,492.0,466.0,473.0,441472,50351691600,0.0,-3.861788617886175,I.DCE
2021-03-07,476.0,490.0,471.0,479.0,310613,35589713800,0.0,1.2684989429175397,I.DCE
2021-03-08,478.0,479.0,432.0,432.0,493703,54231854100,0.0,-9.812108559498956,I.DCE
2021-03-09,437.0,442.0,429.0,436.0,379075,39280264500,0.0,0.92592592592593,I.DCE
2021-03-10,442.0,459.0,432.0,458.0,419923,44602464600,0.0,5.045871559633031,I.DCE
2021-03-11,453.0,461.0,436.0,444.0,384116,41204457000,0.0,-3.056768558951961,I.DCE
2021-03-14,444.0,444.0,421.0,434.0,452318,46606749500,0.0,-2.2522522522522515,I.DCE
2021-03-15,439.0,454.0,437.0,449.0,385511,40922415400,0.0,3.4562211981566726,I.DCE
2021-03-16,446.0,451.0,439.0,448.0,263399,28000219400,0.0,-0.22271714922048602,I.DCE
2021-03-17,447.0,461.0,444.0,457.0,285318,30806628400,0.0,2.008928571428581,I.DCE
2021-03-18,454.0,459.0,435.0,437.0,416614,44493492000,0.0,-4.37636761487965,I.DCE
2021-03-21,434.0,442.0,415.0,421.0,415918,42388145300,0.0,-3.661327231121281,I.DCE
2021-03-22,424.0,436.0,422.0,436.0,293973,30126670600,0.0,3.562945368171011,I.DCE
2021-03-23,436.0,442.0,426.0,442.0,321327,33392065600,0.0,1.3761467889908285,I.DCE
2021-03-24,444.0,452.0,442.0,448.0,264329,28206548600,0.0,1.3574660633484115,I.DCE
2021-03-25,445.0,459.0,441.0,456.0,252689,27144967599,0.0,1.7857142857142794,I.DCE
2021-03-28,455.0,479.0,453.0,471.0,324703,35985744900,0.0,3.289473684210531,I.DCE
2021-03-29,462.0,469.0,450.0,461.0,271702,29760619200,0.0,-2.123142250530785,I.DCE
2021-03-30,461.0,465.0,449.0,453.0,211226,23058784900,0.0,-1.7353579175705014,I.DCE
2021-03-31,447.0,480.0,447.0,474.0,273374,26307779000,0.0,4.635761589403975,I.DCE
2021-04-01,475.0,485.0,465.0,476.0,298590,29173171600,0.0,0.42194092827003704,I.DCE
2021-04-05,478.0,486.0,467.0,472.0,247564,24197177300,0.0,-0.8403361344537785,I.DCE
2021-04-06,472.0,488.0,471.0,483.0,392337,38772000400,0.0,2.330508474576276,I.DCE
2021-04-07,484.0,484.0,472.0,478.0,320400,31501770500,0.0,-1.0351966873705987,I.DCE
2021-04-08,481.0,487.0,473.0,476.0,337680,33383396600,0.0,-0.4184100418409997,I.DCE
2021-04-11,476.0,495.0,469.0,493.0,509786,50472993300,0.0,3.571428571428581,I.DCE
2021-04-12,495.0,498.0,489.0,497.0,274885,27918521400,0.0,0.8113590263691739,I.DCE
2021-04-13,497.0,499.0,487.0,492.0,243691,24683497500,0.0,-1.0060362173038184,I.DCE
2021-04-14,494.0,514.0,491.0,510.0,400849,41567886600,0.0,3.658536585365857,I.DCE
2021-04-15,509.0,517.0,507.0,509.0,299826,31530563800,0.0,-0.19607843137254832,I.DCE
2021-04-18,509.0,525.0,506.0,515.0,302064,32083715299,0.0,1.1787819253438192,I.DCE
2021-04-19,520.0,540.0,517.0,535.0,334225,36288165600,0.0,3.8834951456310662,I.DCE
2021-04-20,535.0,539.0,528.0,535.0,275605,30227916800,0.0,0.0,I.DCE
2021-04-21,529.0,539.0,523.0,531.0,351560,38379066800,0.0,-0.747663551401867,I.DCE
2021-04-22,532.0,541.0,527.0,537.0,336996,36985231800,0.0,1.1299435028248483,I.DCE
2021-04-25,533.0,567.0,533.0,556.0,452497,51449959500,0.0,3.5381750465549366,I.DCE
2021-04-26,558.0,564.0,554.0,563.0,218974,25198518300,0.0,1.2589928057553879,I.DCE
2021-04-27,566.0,566.0,544.0,553.0,346233,39336675800,0.0,-1.7761989342806372,I.DCE
2021-04-28,546.0,559.0,540.0,548.0,403201,45599945400,0.0,-0.9041591320072317,I.DCE
2021-04-29,553.0,553.0,527.0,529.0,414193,45930213000,0.0,-3.4671532846715314,I.DCE
2021-05-05,545.0,576.0,545.0,576.0,384539,44354087300,0.0,8.884688090737235,I.DCE
2021-05-06,576.0,598.0,572.0,596.0,405835,48931783600,0.0,3.472222222222232,I.DCE
2021-05-09,598.0,645.0,589.0,645.0,479029,61576308600,0.0,8.221476510067106,I.DCE
2021-05-10,649.0,655.0,615.0,635.0,446913,58103971800,0.0,-1.5503875968992276,I.DCE
2021-05-11,634.0,660.0,624.0,650.0,419666,55196651500,0.0,2.3622047244094446,I.DCE
2021-05-12,638.0,645.0,579.0,591.0,591743,75042652400,0.0,-9.076923076923082,I.DCE
2021-05-13,588.0,597.0,555.0,570.0,578030,68599223900,0.0,-3.5532994923857864,I.DCE
2021-05-16,577.0,590.0,565.0,582.0,463643,55231341800,0.0,2.1052631578947434,I.DCE
2021-05-17,588.0,611.0,584.0,604.0,412602,50856168400,0.0,3.7800687285223455,I.DCE
2021-05-18,603.0,607.0,573.0,580.0,458887,55600859100,0.0,-3.9735099337748325,I.DCE
2021-05-19,554.0,566.0,536.0,555.0,606244,68824027100,0.0,-4.31034482758621,I.DCE
2021-05-20,557.0,562.0,532.0,533.0,456257,51232741300,0.0,-3.963963963963968,I.DCE
2021-05-23,530.0,535.0,494.0,517.0,613318,64927962000,0.0,-3.0018761726078758,I.DCE
2021-05-24,515.0,525.0,506.0,514.0,389103,41196026900,0.0,-0.5802707930367523,I.DCE
2021-05-25,514.0,519.0,482.0,483.0,508893,52677084600,0.0,-6.0311284046692615,I.DCE
2021-05-26,481.0,513.0,479.0,509.0,468924,47879502400,0.0,5.3830227743271175,I.DCE
2021-05-27,509.0,522.0,498.0,517.0,435328,45743850199,0.0,1.5717092337917515,I.DCE
2021-05-30,510.0,546.0,509.0,538.0,498143,54306508099,0.0,4.061895551257244,I.DCE
2021-05-31,545.0,569.0,532.0,569.0,502370,57143361500,0.0,5.762081784386619,I.DCE
2021-06-01,567.0,579.0,562.0,568.0,404423,47408210599,0.0,-0.17574692442882123,I.DCE
2021-06-02,568.0,594.0,564.0,580.0,478165,56940907600,0.0,2.1126760563380254,I.DCE
2021-06-03,576.0,583.0,558.0,568.0,517697,60563490500,0.0,-2.0689655172413834,I.DCE
2021-06-06,573.0,582.0,542.0,544.0,513624,59474847800,0.0,-4.225352112676061,I.DCE
2021-06-07,544.0,560.0,538.0,559.0,407395,46054155199,0.0,2.757352941176472,I.DCE
2021-06-08,562.0,579.0,559.0,571.0,383946,44936077000,0.0,2.146690518783534,I.DCE
2021-06-09,571.0,580.0,565.0,573.0,345012,40627995800,0.0,0.3502626970227629,I.DCE
2021-06-10,575.0,607.0,575.0,606.0,429828,52210488300,0.0,5.759162303664911,I.DCE
2021-06-14,606.0,606.0,576.0,596.0,349292,42475653400,0.0,-1.650165016501648,I.DCE
2021-06-15,592.0,599.0,578.0,582.0,343697,41638518400,0.0,-2.348993288590606,I.DCE
2021-06-16,583.0,596.0,572.0,595.0,431935,52061766700,0.0,2.2336769759450092,I.DCE
2021-06-17,591.0,609.0,584.0,585.0,492952,60596606400,0.0,-1.6806722689075682,I.DCE
2021-06-20,587.0,591.0,544.0,545.0,568113,66522486000,0.0,-6.8376068376068355,I.DCE
2021-06-21,545.0,559.0,539.0,554.0,470617,53091909800,0.0,1.6513761467889854,I.DCE
2021-06-22,555.0,574.0,549.0,570.0,428911,49535237900,0.0,2.8880866425992746,I.DCE
2021-06-23,573.0,580.0,555.0,566.0,416019,48707849500,0.0,-0.7017543859649145,I.DCE
2021-06-24,564.0,579.0,558.0,576.0,374808,43923335900,0.0,1.7667844522968101,I.DCE
2021-06-27,579.0,588.0,563.0,581.0,412401,48857672400,0.0,0.868055555555558,I.DCE
2021-06-28,583.0,584.0,556.0,561.0,399662,46919070599,0.0,-3.4423407917383853,I.DCE
2021-06-29,559.0,570.0,552.0,566.0,407096,46968158400,0.0,0.891265597147961,I.DCE
2021-06-30,569.0,579.0,562.0,567.0,357539,41957942400,0.0,0.17667844522968323,I.DCE
2021-07-01,565.0,579.0,556.0,575.0,430621,50008466800,0.0,1.4109347442680775,I.DCE
2021-07-04,573.0,596.0,569.0,596.0,380275,45523315199,0.0,3.6521739130434883,I.DCE
2021-07-05,597.0,604.0,593.0,598.0,284004,34983653400,0.0,0.3355704697986628,I.DCE
2021-07-06,598.0,606.0,586.0,605.0,407681,49885980700,0.0,1.17056856187292,I.DCE
2021-07-07,607.0,609.0,573.0,577.0,512334,61891586400,0.0,-4.628099173553723,I.DCE
2021-07-08,572.0,577.0,560.0,565.0,448758,52578419200,0.0,-2.0797227036395194,I.DCE
2021-07-11,572.0,590.0,567.0,578.0,442025,52444499200,0.0,2.3008849557522026,I.DCE
2021-07-12,578.0,599.0,575.0,596.0,373378,45180989400,0.0,3.114186851211076,I.DCE
2021-07-13,591.0,595.0,584.0,593.0,294944,35833909500,0.0,-0.5033557046979831,I.DCE
2021-07-14,587.0,603.0,581.0,600.0,359886,43847041400,0.0,1.180438448566612,I.DCE
2021-07-15,600.0,615.0,595.0,603.0,380962,47383377800,0.0,0.49999999999998934,I.DCE
2021-07-18,602.0,607.0,588.0,596.0,324899,39950093900,0.0,-1.1608623548922004,I.DCE
2021-07-19,589.0,603.0,584.0,599.0,286621,35007834800,0.0,0.5033557046979942,I.DCE
2021-07-20,599.0,604.0,571.0,571.0,403759,48550315800,0.0,-4.6744574290484175,I.DCE
2021-07-21,569.0,573.0,542.0,553.0,478864,54937193600,0.0,-3.1523642732048995,I.DCE
2021-07-22,553.0,554.0,542.0,546.0,287664,32414159100,0.0,-1.2658227848101222,I.DCE
2021-07-25,548.0,565.0,547.0,553.0,330453,37734169400,0.0,1.2820512820512775,I.DCE
2021-07-26,555.0,564.0,536.0,539.0,342787,38917627400,0.0,-2.5316455696202556,I.DCE
2021-07-27,539.0,558.0,538.0,553.0,298618,33828063200,0.0,2.5974025974025983,I.DCE
2021-07-28,553.0,555.0,532.0,542.0,313309,35036462400,0.0,-1.9891500904159143,I.DCE
2021-07-29,542.0,545.0,492.0,499.0,438636,46631041200,0.0,-7.933579335793361,I.DCE
2021-08-01,503.0,515.0,495.0,512.0,345601,36012787400,0.0,2.605210420841675,I.DCE
2021-08-02,513.0,524.0,508.0,517.0,245384,26058554800,0.0,0.9765625,I.DCE
2021-08-03,511.0,524.0,505.0,519.0,249549,26392925600,0.0,0.3868471953578423,I.DCE
2021-08-04,518.0,527.0,481.0,490.0,609455,55258083200,0.0,-5.587668593448935,I.DCE
2021-08-05,491.0,500.0,482.0,493.0,368479,32881119600,0.0,0.612244897959191,I.DCE
2021-08-08,496.0,496.0,466.0,470.0,515982,44609279800,0.0,-4.665314401622722,I.DCE
2021-08-09,466.0,472.0,454.0,470.0,518289,43584145400,0.0,0.0,I.DCE
2021-08-10,469.0,482.0,463.0,480.0,592148,50726591400,0.0,2.127659574468077,I.DCE
2021-08-11,480.0,480.0,461.0,462.0,548368,46590690000,0.0,-3.749999999999998,I.DCE
2021-08-12,461.0,466.0,449.0,464.0,601970,50077598600,0.0,0.43290043290042934,I.DCE
2021-08-15,466.0,474.0,458.0,469.0,566586,48020329400,0.0,1.0775862068965525,I.DCE
2021-08-16,467.0,474.0,458.0,460.0,498980,42142274200,0.0,-1.9189765458422214,I.DCE
2021-08-17,458.0,462.0,444.0,448.0,652182,53594305500,0.0,-2.608695652173909,I.DCE
2021-08-18,441.0,441.0,417.0,420.0,878848,68155267200,0.0,-6.25,I.DCE
2021-08-19,412.0,434.0,405.0,429.0,777392,59493733400,0.0,2.1428571428571352,I.DCE
2021-08-22,429.0,435.0,415.0,417.0,690853,53212301700,0.0,-2.7972027972028024,I.DCE
2021-08-23,417.0,454.0,416.0,451.0,931301,73371499800,0.0,8.153477218225413,I.DCE
2021-08-24,455.0,457.0,436.0,442.0,777170,62962647800,0.0,-1.9955654101995512,I.DCE
2021-08-25,445.0,465.0,442.0,450.0,925684,76721537000,0.0,1.8099547511312153,I.DCE
2021-08-26,451.0,466.0,450.0,463.0,709080,58837835800,0.0,2.8888888888888964,I.DCE
2021-08-29,468.0,482.0,453.0,460.0,945258,80414612100,0.0,-0.6479481641468721,I.DCE
2021-08-30,466.0,468.0,445.0,445.0,665685,55222115000,0.0,-3.2608695652173947,I.DCE
2021-08-31,441.0,445.0,418.0,422.0,815143,63434597900,0.0,-5.1685393258426915,I.DCE
2021-09-01,422.0,435.0,418.0,426.0,807118,62570429000,0.0,0.9478672985782088,I.DCE
2021-09-02,421.0,435.0,416.0,433.0,681605,52790666400,0.0,1.6431924882629012,I.DCE
2021-09-05,432.0,439.0,398.0,399.0,947773,71589317000,0.0,-7.852193995381063,I.DCE
2021-09-06,397.0,424.0,396.0,421.0,830589,62030754000,0.0,5.513784461152893,I.DCE
2021-09-07,421.0,421.0,405.0,412.0,746398,56034867699,0.0,-2.137767220902609,I.DCE
2021-09-08,410.0,414.0,396.0,402.0,896374,65874242100,0.0,-2.4271844660194164,I.DCE
2021-09-09,402.0,410.0,398.0,404.0,655768,47990090500,0.0,0.4975124378109541,I.DCE
2021-09-12,402.0,413.0,384.0,389.0,973101,70230989100,0.0,-3.712871287128716,I.DCE
2021-09-13,389.0,400.0,387.0,392.0,620423,44294854600,0.0,0.7712082262210762,I.DCE
2021-09-14,388.0,398.0,376.0,382.0,857598,59880718400,0.0,-2.5510204081632626,I.DCE
2021-09-15,380.0,382.0,364.0,370.0,794692,53721667200,0.0,-3.141361256544506,I.DCE
2021-09-16,369.0,369.0,346.0,347.0,882173,56875743600,0.0,-6.216216216216219,I.DCE
2021-09-21,335.0,370.0,334.0,369.0,774919,49781639800,0.0,6.340057636887608,I.DCE
2021-09-22,369.0,378.0,359.0,368.0,834416,55746316600,0.0,-0.27100271002710175,I.DCE
2021-09-23,370.0,384.0,362.0,377.0,930839,63220378200,0.0,2.4456521739130377,I.DCE
2021-09-26,377.0,394.0,373.0,388.0,748137,52281789600,0.0,2.917771883289122,I.DCE
2021-09-27,386.0,391.0,365.0,374.0,729375,49564079400,0.0,-3.6082474226804107,I.DCE
2021-09-28,372.0,389.0,365.0,383.0,742676,50863664000,0.0,2.406417112299475,I.DCE
2021-09-29,384.0,418.0,383.0,398.0,1077681,78373473000,0.0,3.9164490861618884,I.DCE
2021-10-07,404.0,424.0,399.0,420.0,516161,38677510200,0.0,5.5276381909547645,I.DCE
2021-10-10,421.0,441.0,411.0,440.0,750519,57873282000,0.0,4.761904761904767,I.DCE
2021-10-11,437.0,443.0,419.0,424.0,692444,53810201800,0.0,-3.6363636363636376,I.DCE
2021-10-12,427.0,440.0,397.0,403.0,933323,70757683600,0.0,-4.952830188679247,I.DCE
2021-10-13,400.0,412.0,392.0,406.0,650557,47542610400,0.0,0.7444168734491274,I.DCE
2021-10-14,406.0,409.0,394.0,399.0,694017,50511541600,0.0,-1.7241379310344862,I.DCE
2021-10-17,402.0,404.0,378.0,392.0,794509,56152237600,0.0,-1.7543859649122862,I.DCE
2021-10-18,389.0,396.0,382.0,390.0,603646,42649993400,0.0,-0.5102040816326481,I.DCE
2021-10-19,391.0,404.0,385.0,391.0,688879,49115494800,0.0,0.2564102564102555,I.DCE
2021-10-20,391.0,405.0,354.0,359.0,1007732,70582436600,0.0,-8.18414322250639,I.DCE
2021-10-21,361.0,385.0,360.0,380.0,823604,55793862500,0.0,5.84958217270195,I.DCE
2021-10-24,378.0,392.0,373.0,380.0,705075,48913285700,0.0,0.0,I.DCE
2021-10-25,376.0,398.0,375.0,394.0,720840,50481418500,0.0,3.6842105263157787,I.DCE
2021-10-26,392.0,397.0,370.0,390.0,900235,63041399700,0.0,-1.0152284263959421,I.DCE
2021-10-27,385.0,385.0,352.0,377.0,1174217,79309449200,0.0,-3.3333333333333326,I.DCE
2021-10-28,372.0,375.0,347.0,351.0,913186,59911412699,0.0,-6.896551724137934,I.DCE
2021-10-31,348.0,353.0,339.0,341.0,715751,44979738000,0.0,-2.8490028490028463,I.DCE
2021-11-01,341.0,348.0,312.0,312.0,952657,56433933600,0.0,-8.504398826979475,I.DCE
2021-11-02,316.0,329.0,310.0,325.0,759674,44126341200,0.0,4.166666666666674,I.DCE
2021-11-03,325.0,327.0,307.0,321.0,859763,49812016800,0.0,-1.2307692307692353,I.DCE
2021-11-04,318.0,320.0,305.0,309.0,922886,51954592400,0.0,-3.738317757009346,I.DCE
2021-11-07,311.0,321.0,306.0,314.0,660732,37451527000,0.0,1.6181229773462702,I.DCE
2021-11-08,314.0,317.0,303.0,309.0,702195,39507715000,0.0,-1.5923566878980888,I.DCE
2021-11-09,305.0,305.0,286.0,296.0,869465,46458909200,0.0,-4.207119741100329,I.DCE
2021-11-10,299.0,319.0,296.0,314.0,977549,54306279800,0.0,6.0810810810810745,I.DCE
2021-11-11,311.0,312.0,297.0,301.0,762409,42175365900,0.0,-4.140127388535031,I.DCE
2021-11-14,299.0,309.0,293.0,297.0,814644,44551922800,0.0,-1.3289036544850474,I.DCE
2021-11-15,299.0,306.0,296.0,298.0,595362,32416047700,0.0,0.33670033670034627,I.DCE
2021-11-16,298.0,304.0,292.0,297.0,696332,37559143500,0.0,-0.3355704697986628,I.DCE
2021-11-17,297.0,298.0,281.0,282.0,730509,38225176400,0.0,-5.05050505050505,I.DCE
2021-11-18,283.0,300.0,281.0,295.0,818252,43014520199,0.0,4.6099290780141855,I.DCE
2021-11-21,292.0,309.0,290.0,308.0,805783,43877675800,0.0,4.406779661016946,I.DCE
2021-11-22,308.0,330.0,308.0,324.0,955714,55689904600,0.0,5.1948051948051965,I.DCE
2021-11-23,323.0,342.0,323.0,340.0,858121,51548142200,0.0,4.938271604938271,I.DCE
2021-11-24,340.0,347.0,333.0,337.0,699788,43168478200,0.0,-0.8823529411764675,I.DCE
2021-11-25,330.0,331.0,316.0,317.0,802626,47081510800,0.0,-5.934718100890213,I.DCE
2021-11-28,314.0,343.0,311.0,339.0,838720,49919367900,0.0,6.940063091482651,I.DCE
2021-11-29,339.0,349.0,326.0,336.0,736823,45258476700,0.0,-0.8849557522123908,I.DCE
2021-11-30,339.0,352.0,336.0,344.0,599213,37322299800,0.0,2.3809523809523725,I.DCE
2021-12-01,344.0,346.0,330.0,331.0,914128,57183953900,0.0,-3.779069767441856,I.DCE
2021-12-02,326.0,336.0,321.0,333.0,1053430,63866889900,0.0,0.6042296072507503,I.DCE
2021-12-05,336.0,343.0,330.0,334.0,922171,57031899200,0.0,0.30030030030030463,I.DCE
2021-12-06,338.0,366.0,336.0,358.0,1274182,82737380600,0.0,7.18562874251496,I.DCE
2021-12-07,360.0,367.0,354.0,358.0,962244,63887396000,0.0,0.0,I.DCE
2021-12-08,355.0,356.0,343.0,349.0,1133008,72969138400,0.0,-2.5139664804469275,I.DCE
2021-12-09,345.0,351.0,340.0,347.0,1034099,65869136000,0.0,-0.5730659025787954,I.DCE
2021-12-12,349.0,366.0,344.0,363.0,1048120,68607764600,0.0,4.610951008645525,I.DCE
2021-12-13,363.0,368.0,353.0,353.0,899294,59582862300,0.0,-2.754820936639113,I.DCE
2021-12-14,353.0,361.0,351.0,352.0,948277,62156126000,0.0,-0.283286118980175,I.DCE
2021-12-15,354.0,367.0,353.0,365.0,858865,57053320599,0.0,3.693181818181812,I.DCE
2021-12-16,368.0,378.0,364.0,367.0,1051329,71788104600,0.0,0.5479452054794498,I.DCE
2021-12-19,367.0,379.0,365.0,366.0,1123061,76897008800,0.0,-0.27247956403270157,I.DCE
2021-12-20,369.0,385.0,368.0,381.0,1259529,87763877000,0.0,4.098360655737698,I.DCE
2021-12-21,382.0,386.0,372.0,377.0,925625,64525011600,0.0,-1.049868766404205,I.DCE
2021-12-22,376.0,378.0,367.0,376.0,950081,65248830800,0.0,-0.2652519893899252,I.DCE
2021-12-23,377.0,388.0,377.0,387.0,995827,70373640200,0.0,2.92553191489362,I.DCE
2021-12-26,387.0,390.0,371.0,371.0,952932,66447809300,0.0,-4.134366925064603,I.DCE
2021-12-27,371.0,372.0,361.0,366.0,899680,60856647000,0.0,-1.3477088948787075,I.DCE
2021-12-28,363.0,366.0,353.0,360.0,860132,57028878200,0.0,-1.6393442622950838,I.DCE
2021-12-29,362.0,372.0,361.0,364.0,873237,58877278200,0.0,1.1111111111111072,I.DCE
2021-12-30,364.0,371.0,361.0,369.0,684267,46128246600,0.0,1.3736263736263687,I.DCE
2022-01-03,369.0,376.0,359.0,374.0,720464,48969622800,0.0,1.3550135501354976,I.DCE
2022-01-04,376.0,378.0,370.0,377.0,642023,44233264100,0.0,0.8021390374331583,I.DCE
2022-01-05,378.0,390.0,378.0,389.0,747727,53039297200,0.0,3.183023872679036,I.DCE
2022-01-06,390.0,394.0,383.0,390.0,769220,54936927900,0.0,0.25706940874035134,I.DCE
2022-01-09,389.0,390.0,376.0,380.0,810024,57029828400,0.0,-2.564102564102566,I.DCE
2022-01-10,383.0,394.0,381.0,393.0,781473,55924814100,0.0,3.421052631578947,I.DCE
2022-01-11,395.0,403.0,392.0,400.0,641217,46898122500,0.0,1.781170483460559,I.DCE
2022-01-12,402.0,406.0,394.0,394.0,705764,52172522500,0.0,-1.5000000000000013,I.DCE
2022-01-13,392.0,398.0,388.0,392.0,728185,52605615800,0.0,-0.5076142131979711,I.DCE
2022-01-16,390.0,392.0,380.0,383.0,780657,55238412200,0.0,-2.2959183673469385,I.DCE
2022-01-17,383.0,388.0,377.0,388.0,700644,49414433600,0.0,1.305483028720622,I.DCE
2022-01-18,394.0,403.0,390.0,399.0,805400,59004926500,0.0,2.8350515463917425,I.DCE
2022-01-19,401.0,406.0,397.0,403.0,650456,48076548400,0.0,1.0025062656641603,I.DCE
2022-01-20,404.0,413.0,403.0,410.0,730613,55000508099,0.0,1.7369727047146455,I.DCE
2022-01-23,411.0,419.0,402.0,402.0,748155,56583197200,0.0,-1.9512195121951237,I.DCE
2022-01-24,403.0,416.0,400.0,416.0,662900,49770859800,0.0,3.482587064676612,I.DCE
2022-01-25,417.0,422.0,409.0,421.0,709441,54327525900,0.0,1.2019230769230838,I.DCE
2022-01-26,421.0,424.0,413.0,418.0,591052,45554293400,0.0,-0.7125890736342066,I.DCE
2022-01-27,420.0,451.0,419.0,450.0,703142,56090548800,0.0,7.655502392344493,I.DCE
2022-02-06,441.0,450.0,432.0,444.0,496201,40327026200,0.0,-1.3333333333333308,I.DCE
2022-02-07,448.0,457.0,442.0,446.0,785890,65231185199,0.0,0.45045045045044585,I.DCE
2022-02-08,440.0,443.0,423.0,424.0,883958,70390082300,0.0,-4.932735426008971,I.DCE
2022-02-09,425.0,448.0,424.0,446.0,748580,60084863000,0.0,5.188679245283012,I.DCE
2022-02-10,455.0,461.0,436.0,437.0,854401,71255676400,0.0,-2.0179372197309364,I.DCE
2022-02-13,429.0,433.0,413.0,422.0,1024204,79546001200,0.0,-3.4324942791762014,I.DCE
2022-02-14,413.0,415.0,380.0,380.0,1130827,82380306300,0.0,-9.952606635071092,I.DCE
2022-02-15,384.0,394.0,378.0,391.0,722862,51435766800,0.0,2.894736842105261,I.DCE
2022-02-16,394.0,395.0,366.0,372.0,942047,65470715199,0.0,-4.859335038363167,I.DCE
2022-02-17,365.0,375.0,359.0,372.0,814027,54958428300,0.0,0.0,I.DCE
2022-02-20,374.0,385.0,363.0,384.0,811352,55593772300,0.0,3.2258064516129004,I.DCE
2022-02-21,388.0,390.0,371.0,372.0,665220,46956054600,0.0,-3.125,I.DCE
2022-02-22,372.0,389.0,370.0,380.0,767949,53776737699,0.0,2.1505376344086002,I.DCE
2022-02-23,381.0,389.0,374.0,382.0,819298,57559342100,0.0,0.5263157894736858,I.DCE
2022-02-24,385.0,388.0,356.0,370.0,940277,64630522400,0.0,-3.141361256544506,I.DCE
2022-02-27,372.0,387.0,371.0,383.0,774901,54186640199,0.0,3.513513513513522,I.DCE
2022-02-28,386.0,402.0,382.0,400.0,688762,49698443200,0.0,4.438642297650142,I.DCE
2022-03-01,400.0,415.0,398.0,410.0,710551,53053564900,0.0,2.499999999999991,I.DCE
2022-03-02,413.0,444.0,411.0,433.0,1033415,81729170400,0.0,5.609756097560981,I.DCE
2022-03-03,433.0,454.0,430.0,441.0,898239,72993242000,0.0,1.8475750577367167,I.DCE
2022-03-06,440.0,475.0,435.0,472.0,826420,69548808200,0.0,7.029478458049887,I.DCE
2022-03-07,471.0,474.0,446.0,459.0,770642,65151560599,0.0,-2.754237288135597,I.DCE
2022-03-08,451.0,463.0,440.0,441.0,592439,49441233099,0.0,-3.9215686274509776,I.DCE
2022-03-09,434.0,447.0,413.0,438.0,740837,58691537800,0.0,-0.6802721088435382,I.DCE
2022-03-10,444.0,455.0,430.0,446.0,629927,51436206800,0.0,1.82648401826484,I.DCE
2022-03-13,434.0,446.0,412.0,412.0,645820,51198057600,0.0,-7.623318385650224,I.DCE
2022-03-14,415.0,425.0,403.0,411.0,686550,52493569000,0.0,-0.24271844660194164,I.DCE
2022-03-15,405.0,437.0,402.0,437.0,585093,45312019400,0.0,6.326034063260333,I.DCE
2022-03-16,443.0,445.0,430.0,440.0,547115,44068316500,0.0,0.6864988558352492,I.DCE
2022-03-17,440.0,453.0,439.0,453.0,411297,33931933200,0.0,2.954545454545454,I.DCE
2022-03-20,451.0,459.0,441.0,452.0,458976,38071202400,0.0,-0.22075055187638082,I.DCE
2022-03-21,448.0,452.0,433.0,434.0,419854,34389911200,0.0,-3.9823008849557473,I.DCE
2022-03-22,429.0,449.0,427.0,447.0,427465,34523814000,0.0,2.995391705069128,I.DCE
2022-03-23,448.0,453.0,441.0,444.0,345350,28522761800,0.0,-0.6711409395973145,I.DCE
2022-03-24,450.0,466.0,447.0,465.0,358094,30085294000,0.0,4.729729729729737,I.DCE
2022-03-27,466.0,484.0,462.0,477.0,604237,52159702100,0.0,2.580645161290329,I.DCE
2022-03-28,476.0,482.0,469.0,476.0,556147,48343149100,0.0,-0.20964360587002462,I.DCE
2022-03-29,461.0,492.0,457.0,491.0,524130,45505197600,0.0,3.1512605042016917,I.DCE
2022-03-30,496.0,500.0,478.0,492.0,508145,45498550199,0.0,0.20366598778003286,I.DCE
2022-03-31,492.0,508.0,486.0,508.0,457413,41489708600,0.0,3.2520325203251987,I.DCE
2022-04-05,506.0,518.0,499.0,508.0,335056,31100288800,0.0,0.0,I.DCE
2022-04-06,509.0,513.0,489.0,494.0,547567,49973008800,0.0,-2.7559055118110187,I.DCE
2022-04-07,498.0,509.0,487.0,504.0,638125,58092593900,0.0,2.0242914979757165,I.DCE
2022-04-10,504.0,506.0,473.0,476.0,604916,53625160599,0.0,-5.555555555555558,I.DCE
2022-04-11,479.0,508.0,477.0,507.0,531773,47715598000,0.0,6.512605042016806,I.DCE
2022-04-12,507.0,511.0,483.0,485.0,704011,63409812800,0.0,-4.339250493096647,I.DCE
2022-04-13,491.0,499.0,476.0,494.0,627995,55892122800,0.0,1.855670103092777,I.DCE
2022-04-14,497.0,507.0,496.0,502.0,426805,39018813600,0.0,1.6194331983805599,I.DCE
2022-04-17,501.0,512.0,493.0,506.0,507660,46572165000,0.0,0.7968127490039834,I.DCE
2022-04-18,507.0,517.0,485.0,486.0,684808,62595460599,0.0,-3.9525691699604737,I.DCE
2022-04-19,488.0,504.0,486.0,492.0,555455,50100526400,0.0,1.2345679012345734,I.DCE
2022-04-20,495.0,502.0,488.0,496.0,453679,40986306400,0.0,0.8130081300812941,I.DCE
2022-04-21,496.0,500.0,480.0,483.0,544269,48459256100,0.0,-2.620967741935487,I.DCE
2022-04-24,481.0,484.0,435.0,436.0,826438,68604924000,0.0,-9.730848861283647,I.DCE
2022-04-25,436.0,453.0,429.0,444.0,568258,45779326200,0.0,1.83486238532109,I.DCE
2022-04-26,449.0,457.0,443.0,453.0,558802,45980759000,0.0,2.0270270270270174,I.DCE
2022-04-27,452.0,469.0,448.0,467.0,559881,46733739800,0.0,3.0905077262693093,I.DCE
2022-04-28,466.0,480.0,460.0,477.0,476748,40796618700,0.0,2.1413276231263323,I.DCE
2022-05-04,472.0,484.0,469.0,478.0,305192,26548680200,0.0,0.20964360587001352,I.DCE
2022-05-05,483.0,485.0,451.0,452.0,538868,46140613300,0.0,-5.4393305439330515,I.DCE
2022-05-08,455.0,456.0,437.0,442.0,615986,50059625599,0.0,-2.212389380530977,I.DCE
2022-05-09,438.0,444.0,414.0,427.0,651304,50800559700,0.0,-3.3936651583710398,I.DCE
2022-05-10,432.0,456.0,430.0,450.0,576621,46554271600,0.0,5.386416861826704,I.DCE
2022-05-11,449.0,460.0,435.0,437.0,663752,54110719300,0.0,-2.8888888888888853,I.DCE
2022-05-12,431.0,452.0,428.0,451.0,623162,50077142300,0.0,3.203661327231111,I.DCE
2022-05-15,450.0,458.0,442.0,458.0,597985,49124513099,0.0,1.55210643015522,I.DCE
2022-05-16,461.0,466.0,450.0,455.0,514482,42977779400,0.0,-0.6550218340611313,I.DCE
2022-05-17,458.0,461.0,433.0,434.0,559515,45693689300,0.0,-4.61538461538461,I.DCE
2022-05-18,433.0,451.0,426.0,449.0,648643,51892652600,0.0,3.4562211981566726,I.DCE
2022-05-19,448.0,464.0,445.0,462.0,510920,42268828800,0.0,2.8953229398663627,I.DCE
2022-05-22,463.0,485.0,462.0,474.0,691557,59561062400,0.0,2.5974025974025983,I.DCE
2022-05-23,474.0,476.0,454.0,455.0,561467,47677842800,0.0,-4.008438818565397,I.DCE
2022-05-24,455.0,470.0,452.0,467.0,563549,47367876000,0.0,2.637362637362628,I.DCE
2022-05-25,466.0,466.0,442.0,457.0,753411,62324148300,0.0,-2.1413276231263434,I.DCE
2022-05-26,458.0,477.0,457.0,474.0,536687,45836357600,0.0,3.719912472647713,I.DCE
2022-05-29,474.0,487.0,473.0,482.0,544284,47622152900,0.0,1.6877637130801704,I.DCE
2022-05-30,483.0,498.0,480.0,489.0,498686,44666560000,0.0,1.4522821576763434,I.DCE
2022-05-31,488.0,502.0,488.0,497.0,398291,35923235800,0.0,1.6359918200409052,I.DCE
2022-06-01,501.0,514.0,496.0,513.0,486212,44695744000,0.0,3.2193158953722323,I.DCE
2022-06-05,511.0,520.0,504.0,507.0,340873,31849464400,0.0,-1.1695906432748537,I.DCE
2022-06-06,512.0,517.0,505.0,509.0,380165,35408083200,0.0,0.39447731755424265,I.DCE
2022-06-07,507.0,518.0,501.0,508.0,534176,49545575700,0.0,-0.19646365422396617,I.DCE
2022-06-08,510.0,517.0,503.0,507.0,406919,37883830800,0.0,-0.19685039370078705,I.DCE
2022-06-09,505.0,511.0,499.0,502.0,447013,41153365200,0.0,-0.9861932938856066,I.DCE
2022-06-12,502.0,507.0,486.0,496.0,535456,48338887800,0.0,-1.195219123505975,I.DCE
2022-06-13,496.0,500.0,484.0,494.0,456247,40861063000,0.0,-0.40322580645161255,I.DCE
2022-06-14,491.0,498.0,475.0,475.0,568990,50633056700,0.0,-3.8461538461538436,I.DCE
2022-06-15,477.0,487.0,472.0,476.0,482741,42164409800,0.0,0.21052631578948322,I.DCE
2022-06-16,472.0,472.0,447.0,451.0,741082,62125641600,0.0,-5.252100840336138,I.DCE
2022-06-19,447.0,450.0,409.0,409.0,864787,66859139600,0.0,-9.312638580931266,I.DCE
2022-06-20,408.0,427.0,400.0,411.0,753847,56912596400,0.0,0.4889975550122161,I.DCE
2022-06-21,413.0,418.0,383.0,389.0,750379,54891208000,0.0,-5.3527980535279855,I.DCE
2022-06-22,392.0,416.0,385.0,411.0,902887,65844759800,0.0,5.655526992287907,I.DCE
2022-06-23,417.0,422.0,398.0,404.0,758888,56607909000,0.0,-1.703163017031628,I.DCE
2022-06-26,410.0,429.0,401.0,425.0,676051,51474254600,0.0,5.198019801980203,I.DCE
2022-06-27,425.0,445.0,420.0,444.0,650205,51080631400,0.0,4.470588235294115,I.DCE
2022-06-28,443.0,451.0,436.0,441.0,652241,52786211800,0.0,-0.6756756756756799,I.DCE
2022-06-29,447.0,449.0,431.0,434.0,610540,49005638800,0.0,-1.5873015873015928,I.DCE
2022-06-30,427.0,429.0,408.0,410.0,737979,56384608099,0.0,-5.5299539170506895,I.DCE
2022-07-03,411.0,418.0,392.0,395.0,596768,43739125400,0.0,-3.658536585365857,I.DCE
2022-07-04,397.0,413.0,387.0,407.0,696890,51128520599,0.0,3.037974683544298,I.DCE
2022-07-05,400.0,411.0,386.0,410.0,910790,66316555800,0.0,0.7371007371007376,I.DCE
2022-07-06,411.0,421.0,403.0,415.0,705344,52936883400,0.0,1.2195121951219523,I.DCE
2022-07-07,422.0,429.0,411.0,414.0,582694,44647397000,0.0,-0.24096385542168308,I.DCE
2022-07-10,416.0,426.0,396.0,406.0,762694,56772412900,0.0,-1.9323671497584516,I.DCE
2022-07-11,406.0,406.0,384.0,388.0,767811,55377541000,0.0,-4.433497536945808,I.DCE
2022-07-12,384.0,404.0,380.0,401.0,796530,56891432600,0.0,3.350515463917536,I.DCE
2022-07-13,395.0,400.0,381.0,381.0,764291,54825111700,0.0,-4.987531172069826,I.DCE
2022-07-14,370.0,372.0,352.0,354.0,866495,57597864800,0.0,-7.0866141732283445,I.DCE
2022-07-17,356.0,376.0,350.0,372.0,726790,48186468600,0.0,5.084745762711873,I.DCE
2022-07-18,372.0,377.0,356.0,360.0,669880,44768903600,0.0,-3.2258064516129004,I.DCE
2022-07-19,354.0,374.0,347.0,365.0,737818,48642975400,0.0,1.388888888888884,I.DCE
2022-07-20,365.0,367.0,355.0,360.0,582248,38291682500,0.0,-1.3698630136986356,I.DCE
2022-07-21,355.0,375.0,353.0,373.0,568155,37727657000,0.0,3.6111111111111205,I.DCE
2022-07-24,378.0,397.0,378.0,390.0,703780,49923113099,0.0,4.557640750670244,I.DCE
2022-07-25,391.0,411.0,386.0,411.0,573044,41670577000,0.0,5.384615384615388,I.DCE
2022-07-26,413.0,415.0,397.0,408.0,521484,38618627800,0.0,-0.7299270072992692,I.DCE
2022-07-27,409.0,438.0,404.0,435.0,598910,46017479800,0.0,6.617647058823528,I.DCE
2022-07-28,429.0,435.0,421.0,429.0,481775,37618342200,0.0,-1.379310344827589,I.DCE
2022-07-31,431.0,448.0,428.0,432.0,576547,45871250000,0.0,0.6993006993007089,I.DCE
2022-08-01,429.0,445.0,425.0,443.0,524996,41654227800,0.0,2.546296296296302,I.DCE
2022-08-02,441.0,444.0,428.0,431.0,435867,34642054500,0.0,-2.708803611738153,I.DCE
2022-08-03,431.0,434.0,414.0,415.0,464220,35771770100,0.0,-3.7122969837587005,I.DCE
2022-08-04,417.0,441.0,414.0,436.0,727895,51482880199,0.0,5.060240963855422,I.DCE
2022-08-07,433.0,449.0,431.0,444.0,682335,50046951000,0.0,1.83486238532109,I.DCE
2022-08-08,446.0,455.0,435.0,436.0,792737,58452919800,0.0,-1.8018018018018056,I.DCE
2022-08-09,438.0,443.0,430.0,437.0,756957,54873811700,0.0,0.2293577981651307,I.DCE
2022-08-10,441.0,448.0,434.0,447.0,797714,58593615199,0.0,2.2883295194507935,I.DCE
2022-08-11,447.0,448.0,431.0,440.0,747488,54471798600,0.0,-1.5659955257270708,I.DCE
2022-08-14,439.0,445.0,424.0,426.0,966224,69835773000,0.0,-3.1818181818181857,I.DCE
2022-08-15,422.0,439.0,420.0,434.0,684029,48910913200,0.0,1.8779342723004744,I.DCE
2022-08-16,434.0,436.0,412.0,412.0,858455,60652746300,0.0,-5.0691244239631335,I.DCE
2022-08-17,413.0,422.0,408.0,409.0,924696,63564701600,0.0,-0.7281553398058249,I.DCE
2022-08-18,412.0,417.0,405.0,406.0,867439,59046211400,0.0,-0.7334963325183352,I.DCE
2022-08-21,407.0,421.0,405.0,416.0,736537,50706666900,0.0,2.4630541871921263,I.DCE
2022-08-22,416.0,428.0,411.0,425.0,740190,51663390599,0.0,2.163461538461542,I.DCE
2022-08-23,426.0,432.0,420.0,431.0,735635,52044526000,0.0,1.4117647058823568,I.DCE
2022-08-24,432.0,435.0,423.0,425.0,779160,55619534500,0.0,-1.39211136890951,I.DCE
2022-08-25,427.0,443.0,426.0,443.0,814280,58966571500,0.0,4.235294117647048,I.DCE
2022-08-28,440.0,444.0,424.0,430.0,854230,61340243800,0.0,-2.934537246049662,I.DCE
2022-08-29,430.0,431.0,410.0,411.0,820763,57248042500,0.0,-4.418604651162794,I.DCE
2022-08-30,413.0,416.0,408.0,413.0,691334,47280586400,0.0,0.48661800486617945,I.DCE
2022-08-31,417.0,420.0,406.0,407.0,853397,58662688600,0.0,-1.4527845036319653,I.DCE
2022-09-01,403.0,408.0,393.0,402.0,928331,61785925900,0.0,-1.2285012285012331,I.DCE
2022-09-04,402.0,420.0,400.0,417.0,852995,57985577200,0.0,3.731343283582089,I.DCE
2022-09-05,418.0,422.0,413.0,417.0,624066,43204230199,0.0,0.0,I.DCE
2022-09-06,416.0,421.0,407.0,410.0,750177,51360484700,0.0,-1.6786570743405282,I.DCE
2022-09-07,410.0,427.0,409.0,425.0,880171,61135537200,0.0,3.658536585365857,I.DCE
2022-09-08,426.0,437.0,424.0,434.0,702196,50181530199,0.0,2.117647058823535,I.DCE
2022-09-12,437.0,441.0,434.0,439.0,431060,31291392599,0.0,1.1520737327188835,I.DCE
2022-09-13,435.0,437.0,428.0,434.0,611449,43895471800,0.0,-1.1389521640091105,I.DCE
2022-09-14,433.0,444.0,430.0,435.0,827966,59983873900,0.0,0.23041474654377225,I.DCE
2022-09-15,434.0,438.0,426.0,431.0,796082,56971329700,0.0,-0.919540229885063,I.DCE
2022-09-18,431.0,439.0,425.0,425.0,700539,50313805000,0.0,-1.39211136890951,I.DCE
2022-09-19,426.0,434.0,419.0,419.0,787733,55949835400,0.0,-1.4117647058823568,I.DCE
2022-09-20,419.0,425.0,414.0,424.0,826201,57478602400,0.0,1.193317422434359,I.DCE
2022-09-21,424.0,434.0,418.0,433.0,757635,53768401200,0.0,2.1226415094339535,I.DCE
2022-09-22,434.0,439.0,430.0,433.0,654660,47231897000,0.0,0.0,I.DCE
2022-09-25,429.0,433.0,423.0,428.0,864907,61488946600,0.0,-1.1547344110854452,I.DCE
2022-09-26,429.0,435.0,426.0,433.0,725308,51876849600,0.0,1.1682242990654235,I.DCE
2022-09-27,437.0,438.0,427.0,429.0,580415,41641005100,0.0,-0.9237875288683584,I.DCE
2022-09-28,431.0,441.0,427.0,435.0,708066,51084723800,0.0,1.3986013986013957,I.DCE
2022-09-29,436.0,440.0,431.0,435.0,609170,44099482200,0.0,0.0,I.DCE
2022-10-09,439.0,449.0,439.0,446.0,468781,34670436500,0.0,2.5287356321838983,I.DCE
2022-10-10,448.0,449.0,432.0,434.0,690769,50445795100,0.0,-2.6905829596412523,I.DCE
2022-10-11,436.0,437.0,425.0,431.0,577164,41205849300,0.0,-0.691244239631339,I.DCE
2022-10-12,431.0,433.0,419.0,419.0,675085,47726747100,0.0,-2.784222737819031,I.DCE
2022-10-13,416.0,427.0,415.0,423.0,560104,39252529000,0.0,0.9546539379474916,I.DCE
2022-10-16,422.0,425.0,410.0,414.0,685006,47257774200,0.0,-2.127659574468088,I.DCE
2022-10-17,415.0,419.0,409.0,414.0,649128,44525923900,0.0,0.0,I.DCE
2022-10-18,416.0,419.0,411.0,415.0,521735,35906308000,0.0,0.24154589371980784,I.DCE
2022-10-19,413.0,414.0,400.0,402.0,849615,57460763700,0.0,-3.1325301204819245,I.DCE
2022-10-20,404.0,414.0,401.0,408.0,765622,51980504100,0.0,1.4925373134328401,I.DCE
2022-10-23,407.0,418.0,406.0,409.0,722794,49359292200,0.0,0.2450980392156854,I.DCE
2022-10-24,408.0,410.0,399.0,403.0,677672,45504320599,0.0,-1.4669926650366705,I.DCE
2022-10-25,404.0,411.0,397.0,399.0,747857,50184300400,0.0,-0.992555831265507,I.DCE
2022-10-26,398.0,402.0,387.0,388.0,746872,49044615000,0.0,-2.7568922305764465,I.DCE
2022-10-27,386.0,389.0,373.0,376.0,935936,59236947200,0.0,-3.0927835051546393,I.DCE
2022-10-30,377.0,378.0,363.0,365.0,922287,56577041400,0.0,-2.92553191489362,I.DCE
2022-10-31,366.0,380.0,361.0,378.0,1029080,63302223500,0.0,3.561643835616435,I.DCE
2022-11-01,378.0,385.0,374.0,379.0,840946,52795404600,0.0,0.2645502645502562,I.DCE
2022-11-02,378.0,386.0,375.0,382.0,821772,51926190199,0.0,0.79155672823219,I.DCE
2022-11-03,380.0,401.0,378.0,399.0,1051499,68165091600,0.0,4.450261780104703,I.DCE
2022-11-06,400.0,407.0,394.0,399.0,923697,61230672800,0.0,0.0,I.DCE
2022-11-07,400.0,412.0,398.0,410.0,818258,54728091300,0.0,2.7568922305764465,I.DCE
2022-11-08,410.0,417.0,409.0,413.0,773586,53012780700,0.0,0.7317073170731714,I.DCE
2022-11-09,412.0,412.0,403.0,407.0,877335,59195334600,0.0,-1.4527845036319653,I.DCE
2022-11-10,402.0,434.0,402.0,427.0,1249178,87084417200,0.0,4.91400491400491,I.DCE
2022-11-13,428.0,443.0,426.0,428.0,943711,67803326800,0.0,0.23419203747072626,I.DCE
2022-11-14,428.0,438.0,427.0,433.0,769009,55282281600,0.0,1.1682242990654235,I.DCE
2022-11-15,433.0,447.0,430.0,442.0,869546,63330686700,0.0,2.0785219399538146,I.DCE
2022-11-16,445.0,447.0,434.0,446.0,946862,69111624600,0.0,0.9049773755656076,I.DCE
2022-11-17,446.0,456.0,442.0,454.0,1035180,77190199200,0.0,1.7937219730941756,I.DCE
2022-11-20,454.0,455.0,437.0,449.0,989809,73242173200,0.0,-1.1013215859030812,I.DCE
2022-11-21,448.0,450.0,436.0,437.0,858294,63164456400,0.0,-2.6726057906458767,I.DCE
2022-11-22,436.0,444.0,430.0,441.0,921581,66591414700,0.0,0.9153318077803174,I.DCE
2022-11-23,441.0,447.0,438.0,441.0,695693,51094396400,0.0,0.0,I.DCE
2022-11-24,441.0,458.0,436.0,457.0,865027,63842599300,0.0,3.628117913832196,I.DCE
2022-11-27,459.0,461.0,448.0,455.0,801091,60369473600,0.0,-0.4376367614879695,I.DCE
2022-11-28,457.0,470.0,456.0,464.0,751265,57973232100,0.0,1.978021978021971,I.DCE
2022-11-29,464.0,466.0,457.0,463.0,564931,43340779100,0.0,-0.21551724137931494,I.DCE
2022-11-30,466.0,470.0,459.0,462.0,607955,46855062800,0.0,-0.2159827213822907,I.DCE
2022-12-01,463.0,478.0,460.0,475.0,568768,44193158000,0.0,2.813852813852824,I.DCE
2022-12-04,476.0,487.0,471.0,479.0,532289,42327943600,0.0,0.8421052631578885,I.DCE
2022-12-05,480.0,487.0,475.0,480.0,739884,57733859300,0.0,0.20876826722338038,I.DCE
2022-12-06,480.0,489.0,468.0,470.0,1045695,81466189800,0.0,-2.083333333333337,I.DCE
2022-12-07,471.0,488.0,471.0,486.0,812671,63233889100,0.0,3.404255319148941,I.DCE
2022-12-08,489.0,506.0,489.0,501.0,1048747,84864048400,0.0,3.0864197530864113,I.DCE
2022-12-11,499.0,506.0,492.0,494.0,797363,64593315000,0.0,-1.397205588822359,I.DCE
2022-12-12,494.0,498.0,485.0,497.0,803172,64128273800,0.0,0.6072874493927127,I.DCE
2022-12-13,497.0,500.0,489.0,497.0,793160,63789869100,0.0,0.0,I.DCE
2022-12-14,499.0,512.0,497.0,510.0,959400,78422118900,0.0,2.6156941649899457,I.DCE
2022-12-15,511.0,518.0,494.0,505.0,1128672,93044607000,0.0,-0.9803921568627416,I.DCE
2022-12-18,505.0,505.0,487.0,488.0,1091943,87732273400,0.0,-3.3663366336633693,I.DCE
2022-12-19,488.0,498.0,485.0,495.0,821864,65791489200,0.0,1.434426229508201,I.DCE
2022-12-20,496.0,510.0,490.0,510.0,867882,70497474000,0.0,3.0303030303030276,I.DCE
2022-12-21,512.0,514.0,502.0,503.0,785544,64927781200,0.0,-1.3725490196078383,I.DCE
2022-12-22,504.0,509.0,495.0,507.0,892170,72899973000,0.0,0.7952286282306265,I.DCE
2022-12-25,507.0,512.0,496.0,509.0,826326,67851225000,0.0,0.39447731755424265,I.DCE
2022-12-26,509.0,515.0,503.0,514.0,682128,56599072000,0.0,0.982318271119853,I.DCE
2022-12-27,515.0,516.0,507.0,514.0,569096,47367799800,0.0,0.0,I.DCE
2022-12-28,515.0,521.0,511.0,520.0,766768,64394275400,0.0,1.1673151750972721,I.DCE
2022-12-29,521.0,533.0,518.0,531.0,752441,64354667800,0.0,2.115384615384608,I.DCE
2023-01-02,527.0,528.0,518.0,524.0,523307,44464618300,0.0,-1.3182674199623379,I.DCE
2023-01-03,524.0,529.0,517.0,521.0,754099,64152263900,0.0,-0.5725190839694694,I.DCE
2023-01-04,517.0,521.0,510.0,517.0,734421,61690714600,0.0,-0.7677543186180413,I.DCE
2023-01-05,520.0,526.0,512.0,526.0,800371,67560865599,0.0,1.740812379110257,I.DCE
2023-01-08,520.0,521.0,502.0,506.0,1152754,95663694000,0.0,-3.802281368821292,I.DCE
2023-01-09,510.0,519.0,508.0,516.0,725770,60544809000,0.0,1.976284584980248,I.DCE
2023-01-10,518.0,524.0,514.0,521.0,554600,46822082900,0.0,0.9689922480620172,I.DCE
2023-01-11,523.0,530.0,519.0,526.0,639744,54515744700,0.0,0.9596928982725572,I.DCE
2023-01-12,527.0,543.0,525.0,542.0,748517,65134023600,0.0,3.041825095057038,I.DCE
2023-01-15,528.0,531.0,510.0,512.0,1090582,92292673600,0.0,-5.535055350553508,I.DCE
2023-01-16,514.0,518.0,508.0,514.0,542978,45296114800,0.0,0.390625,I.DCE
2023-01-17,514.0,522.0,511.0,518.0,622277,52265397600,0.0,0.7782101167315147,I.DCE
2023-01-18,520.0,529.0,518.0,524.0,616978,52470442699,0.0,1.158301158301156,I.DCE
2023-01-19,525.0,532.0,521.0,532.0,408952,35042427700,0.0,1.526717557251911,I.DCE
2023-01-29,544.0,547.0,536.0,537.0,397485,34888379000,0.0,0.9398496240601517,I.DCE
2023-01-30,539.0,541.0,532.0,533.0,475910,41557096900,0.0,-0.7448789571694592,I.DCE
2023-01-31,533.0,542.0,530.0,533.0,586710,51098411600,0.0,0.0,I.DCE
2023-02-01,531.0,535.0,516.0,518.0,827653,70912992300,0.0,-2.814258911819889,I.DCE
2023-02-02,523.0,526.0,513.0,525.0,733899,62088997000,0.0,1.3513513513513598,I.DCE
2023-02-05,523.0,528.0,514.0,525.0,727817,61585929200,0.0,0.0,I.DCE
2023-02-06,523.0,525.0,510.0,517.0,815497,68672793600,0.0,-1.5238095238095273,I.DCE
2023-02-07,516.0,522.0,512.0,521.0,710699,59774846100,0.0,0.7736943907156624,I.DCE
2023-02-08,523.0,533.0,522.0,531.0,608081,52142711900,0.0,1.9193857965451144,I.DCE
2023-02-09,531.0,534.0,524.0,531.0,619121,53304064700,0.0,0.0,I.DCE
2023-02-12,530.0,533.0,517.0,518.0,778607,66453149200,0.0,-2.4482109227871973,I.DCE
2023-02-13,517.0,529.0,514.0,527.0,631859,53533271400,0.0,1.737451737451745,I.DCE
2023-02-14,526.0,537.0,525.0,532.0,652584,56423037600,0.0,0.9487666034155628,I.DCE
2023-02-15,532.0,543.0,530.0,541.0,676237,58993039000,0.0,1.6917293233082775,I.DCE
2023-02-16,542.0,549.0,541.0,547.0,617471,54663363800,0.0,1.109057301293892,I.DCE
2023-02-19,542.0,553.0,541.0,550.0,599902,53309625300,0.0,0.5484460694698434,I.DCE
2023-02-20,553.0,567.0,553.0,565.0,728079,66491837200,0.0,2.7272727272727337,I.DCE
2023-02-21,561.0,564.0,558.0,559.0,545536,49815289600,0.0,-1.0619469026548645,I.DCE
2023-02-22,560.0,564.0,557.0,559.0,548862,50036966800,0.0,0.0,I.DCE
2023-02-23,558.0,564.0,554.0,559.0,605138,54980501300,0.0,0.0,I.DCE
2023-02-26,554.0,557.0,543.0,545.0,780026,69865758200,0.0,-2.5044722719141377,I.DCE
2023-02-27,545.0,549.0,543.0,546.0,466360,41379212600,0.0,0.18348623853210455,I.DCE
2023-02-28,548.0,560.0,545.0,559.0,534845,48068027500,0.0,2.3809523809523725,I.DCE
2023-03-01,560.0,562.0,557.0,561.0,379352,34502809000,0.0,0.3577817531305927,I.DCE
2023-03-02,561.0,568.0,560.0,565.0,429579,39376132700,0.0,0.7130124777183555,I.DCE
2023-03-05,560.0,561.0,544.0,552.0,801270,71919729400,0.0,-2.3008849557522137,I.DCE
2023-03-06,553.0,562.0,550.0,559.0,483110,43716305000,0.0,1.26811594202898,I.DCE
2023-03-07,560.0,563.0,556.0,561.0,417778,38060609800,0.0,0.3577817531305927,I.DCE
2023-03-08,561.0,565.0,552.0,564.0,719214,65394464400,0.0,0.5347593582887722,I.DCE
2023-03-09,565.0,573.0,559.0,560.0,768841,71109936000,0.0,-0.7092198581560294,I.DCE
2023-03-12,563.0,572.0,561.0,571.0,630725,58177734400,0.0,1.9642857142857073,I.DCE
2023-03-13,566.0,576.0,563.0,566.0,699358,64804153300,0.0,-0.8756567425569184,I.DCE
2023-03-14,569.0,575.0,567.0,570.0,529439,49151954900,0.0,0.7067137809187329,I.DCE
2023-03-15,561.0,568.0,552.0,555.0,853770,77816106600,0.0,-2.631578947368418,I.DCE
2023-03-16,554.0,566.0,547.0,563.0,770222,69743782800,0.0,1.441441441441449,I.DCE
2023-03-19,560.0,563.0,542.0,543.0,778016,69973478800,0.0,-3.5523978685612745,I.DCE
2023-03-20,545.0,550.0,540.0,541.0,636124,56272625000,0.0,-0.36832412523020164,I.DCE
2023-03-21,541.0,544.0,527.0,532.0,748618,65244148000,0.0,-1.6635859519408491,I.DCE
2023-03-22,534.0,539.0,523.0,525.0,640850,55396562000,0.0,-1.3157894736842146,I.DCE
2023-03-23,522.0,536.0,519.0,533.0,652127,55768665300,0.0,1.5238095238095273,I.DCE
2023-03-26,527.0,540.0,526.0,537.0,567217,49167876800,0.0,0.7504690431519689,I.DCE
2023-03-27,538.0,544.0,535.0,542.0,398727,34986834500,0.0,0.9310986964618184,I.DCE
2023-03-28,546.0,550.0,543.0,548.0,429497,38173970800,0.0,1.1070110701107083,I.DCE
2023-03-29,550.0,558.0,546.0,557.0,462333,41460447100,0.0,1.642335766423364,I.DCE
2023-03-30,560.0,562.0,557.0,558.0,385252,35033802600,0.0,0.17953321364452268,I.DCE
2023-04-02,558.0,561.0,547.0,548.0,444187,39991320300,0.0,-1.7921146953404965,I.DCE
2023-04-03,549.0,552.0,537.0,542.0,404913,35822795500,0.0,-1.0948905109489093,I.DCE
2023-04-05,537.3,546.5,535.3,539.0,431884,34331053750,0.0,-0.5535055350553542,I.DCE
2023-04-06,537.7,543.8,531.6,540.7,595673,47164752500,0.0,0.315398886827456,I.DCE
2023-04-09,538.0,545.2,526.1,528.2,616499,48516110050,0.0,-2.3118180136859623,I.DCE
2023-04-10,530.2,544.8,525.8,542.8,659838,51887911100,0.0,2.7641045058689695,I.DCE
2023-04-11,543.8,545.8,533.3,535.6,561962,44615128200,0.0,-1.3264554163596065,I.DCE
2023-04-12,537.0,537.3,519.0,522.7,737233,57171998200,0.0,-2.4085138162807995,I.DCE
2023-04-13,524.4,535.6,520.3,522.4,668663,51894691200,0.0,-0.057394298832991186,I.DCE
2023-04-16,522.4,529.2,516.6,527.1,748850,57526668400,0.0,0.8996937212863765,I.DCE
2023-04-17,530.2,540.1,529.5,532.9,710239,55753895000,0.0,1.100360462910266,I.DCE
2023-04-18,532.9,538.0,525.8,528.5,698904,54668937350,0.0,-0.8256708575717697,I.DCE
2023-04-19,526.8,527.8,514.6,517.6,801598,61534039000,0.0,-2.0624408703878827,I.DCE
2023-04-20,513.2,516.3,496.2,496.6,833505,62089980800,0.0,-4.0571870170015405,I.DCE
2023-04-23,496.6,500.3,486.4,490.4,864876,62685425600,0.0,-1.2484897301651365,I.DCE
2023-04-24,488.7,495.2,483.0,483.3,687696,49464862500,0.0,-1.4477977161500788,I.DCE
2023-04-25,479.2,490.1,474.5,487.0,807660,57317849750,0.0,0.7655700393130571,I.DCE
2023-04-26,490.1,495.2,483.6,485.0,714197,51516591750,0.0,-0.4106776180698102,I.DCE
2023-04-27,484.0,491.5,479.9,485.3,622937,44544767200,0.0,0.061855670103105886,I.DCE
2023-05-03,479.2,485.3,473.8,474.8,547720,38603411150,0.0,-2.1636101380589357,I.DCE
2023-05-04,471.7,476.2,459.2,474.1,929393,63891148400,0.0,-0.14743049705139288,I.DCE
2023-05-07,473.1,490.8,471.7,490.4,996411,70272978650,0.0,3.4380932292765065,I.DCE
2023-05-08,492.8,494.5,485.3,485.3,708689,51179812800,0.0,-1.0399673735725923,I.DCE
2023-05-09,487.4,498.3,485.7,492.1,825819,59779342450,0.0,1.4011951370286546,I.DCE
2023-05-10,492.1,494.5,474.5,474.8,933822,66428171700,0.0,-3.51554562080878,I.DCE
2023-05-11,470.0,481.3,466.0,473.8,822705,57286505650,0.0,-0.2106149957876946,I.DCE
2023-05-14,475.8,494.2,475.5,492.8,928330,66456592300,0.0,4.01013085690165,I.DCE
2023-05-15,496.2,498.6,488.4,491.8,763447,55430579650,0.0,-0.20292207792207417,I.DCE
2023-05-16,494.9,508.5,489.1,508.1,898940,65887885800,0.0,3.3143554290361976,I.DCE
2023-05-17,509.1,511.5,503.4,507.4,665267,49676336150,0.0,-0.13776815587484004,I.DCE
2023-05-18,505.1,506.8,492.5,500.3,904783,66580247650,0.0,-1.3992905005912437,I.DCE
2023-05-21,503.0,506.4,486.0,486.7,943758,68766191550,0.0,-2.7183689786128395,I.DCE
2023-05-22,486.0,494.2,478.5,480.6,833604,59677956500,0.0,-1.2533388124100986,I.DCE
2023-05-23,481.6,483.0,463.6,463.9,870508,60633801350,0.0,-3.4748231377444982,I.DCE
2023-05-24,462.2,472.4,458.2,462.9,937311,63996787150,0.0,-0.2155636990730736,I.DCE
2023-05-25,462.9,484.3,452.4,482.3,1188322,81500705150,0.0,4.190969971916192,I.DCE
2023-05-28,482.6,489.4,476.5,488.7,890507,63193109400,0.0,1.326974911880563,I.DCE
2023-05-29,490.1,492.1,477.9,480.9,844592,60317383150,0.0,-1.5960712093308849,I.DCE
2023-05-30,481.3,484.7,471.1,483.3,897242,63075970100,0.0,0.49906425452277414,I.DCE
2023-05-31,479.6,506.1,478.9,505.1,1057570,76665561400,0.0,4.510655907303951,I.DCE
2023-06-01,504.4,513.5,497.6,506.8,960922,71434552250,0.0,0.3365670164323875,I.DCE
2023-06-04,510.8,523.4,507.4,515.9,905697,68560716200,0.0,1.7955801104972302,I.DCE
2023-06-05,514.2,531.9,513.2,521.0,990220,76234271750,0.0,0.9885636751308491,I.DCE
2023-06-06,522.7,530.2,518.3,523.4,919094,70859455100,0.0,0.46065259117082924,I.DCE
2023-06-07,526.1,539.4,526.1,537.7,966238,75850237350,0.0,2.732136033626298,I.DCE
2023-06-08,539.4,552.3,538.0,552.0,1012242,81000037900,0.0,2.659475543983625,I.DCE
2023-06-11,550.6,551.3,531.6,533.9,1024567,81560512950,0.0,-3.278985507246379,I.DCE
2023-06-12,533.3,545.8,530.9,544.8,987231,78263616050,0.0,2.0415808203783525,I.DCE
2023-06-13,546.9,551.3,542.1,546.9,803202,64600891550,0.0,0.38546255506608507,I.DCE
2023-06-14,550.3,557.7,546.9,554.3,817467,66553309350,0.0,1.3530810020113249,I.DCE
2023-06-15,553.7,556.4,545.2,554.0,830930,67362045300,0.0,-0.05412231643513454,I.DCE
2023-06-18,554.0,560.8,547.2,550.3,901580,73413649400,0.0,-0.6678700361010925,I.DCE
2023-06-19,550.6,552.3,543.1,548.2,680595,54838301700,0.0,-0.381610030892221,I.DCE
2023-06-20,546.2,550.9,538.0,542.1,898145,71897171150,0.0,-1.112732579350606,I.DCE
2023-06-25,533.6,543.5,532.9,541.8,523391,41435541200,0.0,-0.05534034311014402,I.DCE
2023-06-26,542.4,560.8,540.1,560.1,795385,64471024650,0.0,3.3776301218161775,I.DCE
2023-06-27,559.1,565.2,555.7,564.5,654439,53922486050,0.0,0.7855740046420312,I.DCE
2023-06-28,564.2,567.6,559.8,564.5,581347,48177155800,0.0,0.0,I.DCE
2023-06-29,563.2,571.7,558.8,559.1,724966,60401161700,0.0,-0.9565987599645664,I.DCE
2023-07-02,558.8,564.2,553.3,556.7,682871,56126210950,0.0,-0.4292613128241807,I.DCE
2023-07-03,558.8,563.5,554.0,558.1,541548,44533467350,0.0,0.2514819471887808,I.DCE
2023-07-04,557.7,563.2,554.0,562.8,576880,47392045250,0.0,0.8421429851281026,I.DCE
2023-07-05,562.8,567.6,558.8,563.9,562836,46624946000,0.0,0.19545131485430023,I.DCE
2023-07-06,563.9,565.9,552.0,552.3,636306,52432369600,0.0,-2.0571023231069407,I.DCE
2023-07-09,551.3,554.7,539.4,540.7,717169,57852656750,0.0,-2.1003078037298395,I.DCE
2023-07-10,539.7,553.0,539.7,548.6,642556,51693417050,0.0,1.4610689846495273,I.DCE
2023-07-11,549.2,560.8,549.2,560.8,588646,48038169500,0.0,2.223842508202689,I.DCE
2023-07-12,561.5,566.2,559.8,563.5,495720,41046729400,0.0,0.48145506419401407,I.DCE
2023-07-13,562.8,577.8,561.8,577.1,564680,47455317600,0.0,2.413487133984038,I.DCE
2023-07-16,577.4,578.8,564.5,565.9,581590,48846312550,0.0,-1.940738173626766,I.DCE
2023-07-17,567.9,576.1,564.5,574.4,472946,39701974450,0.0,1.5020321611592058,I.DCE
2023-07-18,571.3,574.0,560.1,566.9,611316,51055815750,0.0,-1.3057103064066822,I.DCE
2023-07-19,568.6,579.5,567.9,577.4,595504,50469897500,0.0,1.8521785147292302,I.DCE
2023-07-20,580.2,580.8,567.6,575.4,528908,44574788900,0.0,-0.3463803255975062,I.DCE
2023-07-23,575.4,578.1,571.0,573.0,433797,36656276850,0.0,-0.4171011470281538,I.DCE
2023-07-24,574.4,584.2,569.3,582.2,520212,44289868700,0.0,1.6055846422338593,I.DCE
2023-07-25,583.9,595.1,581.2,588.7,461168,39900163600,0.0,1.1164548265200969,I.DCE
2023-07-26,584.6,588.7,574.4,576.8,482741,41400296500,0.0,-2.021403091557683,I.DCE
2023-07-27,571.0,579.1,560.5,567.2,638746,53480857150,0.0,-1.664355062413303,I.DCE
2023-07-30,564.5,572.3,558.8,572.0,471241,39153968950,0.0,0.8462623413258097,I.DCE
2023-07-31,573.7,577.1,565.9,570.0,377188,31701545300,0.0,-0.34965034965035446,I.DCE
2023-08-01,567.6,573.0,564.2,564.9,332272,27764859450,0.0,-0.8947368421052704,I.DCE
2023-08-02,563.5,563.9,549.6,550.9,473281,38810956350,0.0,-2.478314745972743,I.DCE
2023-08-03,554.7,564.2,554.0,555.7,326262,26799624100,0.0,0.8713015066255325,I.DCE
2023-08-06,554.5,556.5,545.7,551.1,514719,36977980750,0.0,-0.8277847759582513,I.DCE
2023-08-07,553.4,557.6,547.7,548.4,414757,29982280200,0.0,-0.4899292324442084,I.DCE
2023-08-08,545.4,555.3,543.4,553.8,466433,33490329600,0.0,0.9846827133479064,I.DCE
2023-08-09,552.2,561.8,545.7,547.3,569985,41294480000,0.0,-1.1737089201877882,I.DCE
2023-08-10,549.9,567.2,549.6,566.0,661206,48148185500,0.0,3.4167732505024695,I.DCE
2023-08-13,564.5,566.4,551.5,555.3,535293,38999649400,0.0,-1.8904593639576084,I.DCE
2023-08-14,553.8,569.9,553.8,566.8,606559,44438504150,0.0,2.0709526382135746,I.DCE
2023-08-15,566.0,569.5,560.3,565.7,417517,30767307400,0.0,-0.1940719830627935,I.DCE
2023-08-16,566.4,589.4,563.7,588.6,749815,56213821850,0.0,4.048082022273292,I.DCE
2023-08-17,588.6,594.4,585.2,590.9,579030,44610731750,0.0,0.39075773020726956,I.DCE
2023-08-20,592.1,598.2,581.4,595.1,713135,54996851600,0.0,0.7107801658487123,I.DCE
2023-08-21,593.6,618.5,593.2,617.0,691461,54493860300,0.0,3.6800537724752003,I.DCE
2023-08-22,617.4,637.7,616.2,625.8,748864,61280101700,0.0,1.4262560777957844,I.DCE
2023-08-23,626.9,636.9,620.0,621.2,649398,53426511350,0.0,-0.7350591243208582,I.DCE
2023-08-24,620.4,636.5,619.3,633.4,610199,50018624300,0.0,1.9639407598196934,I.DCE
2023-08-27,633.4,638.8,615.4,621.2,742405,60832545350,0.0,-1.9261130407325466,I.DCE
2023-08-28,621.2,630.4,615.8,620.8,595637,48449847450,0.0,-0.06439150032196972,I.DCE
2023-08-29,621.2,635.7,618.5,635.0,562527,46130012950,0.0,2.2873711340206215,I.DCE
2023-08-30,636.5,651.1,635.7,650.3,658887,55452400450,0.0,2.4094488188976415,I.DCE
2023-08-31,652.6,653.7,640.3,647.6,605222,51109207750,0.0,-0.4151929878517535,I.DCE
2023-09-03,650.3,662.9,640.7,646.8,789675,67249357750,0.0,-0.12353304508957441,I.DCE
2023-09-04,647.2,661.0,645.7,648.4,581446,49569732650,0.0,0.24737167594310883,I.DCE
2023-09-05,648.8,657.6,646.5,653.7,557097,47508327200,0.0,0.817396668723025,I.DCE
2023-09-06,657.2,661.0,636.5,640.7,763125,64518272350,0.0,-1.988679822548567,I.DCE
2023-09-07,637.3,643.0,630.8,633.8,695097,57799110700,0.0,-1.076947089121283,I.DCE
2023-09-10,635.0,654.5,633.1,652.2,624747,52639234050,0.0,2.9031240138845282,I.DCE
2023-09-11,653.7,662.2,650.3,657.9,547269,46875557000,0.0,0.8739650413983391,I.DCE
2023-09-12,661.0,664.5,648.4,659.1,564042,48322698050,0.0,0.18239854081167906,I.DCE
2023-09-13,659.9,663.7,653.7,661.4,561190,48233968900,0.0,0.34896070399028645,I.DCE
2023-09-14,666.4,675.2,663.7,673.3,546963,47763833700,0.0,1.7992137889325743,I.DCE
2023-09-17,671.0,672.1,657.9,667.5,612805,53232931200,0.0,-0.8614287836031465,I.DCE
2023-09-18,668.7,673.3,659.9,660.6,504793,43905213750,0.0,-1.0337078651685316,I.DCE
2023-09-19,662.5,671.4,660.2,669.1,517540,45065223700,0.0,1.2867090523766223,I.DCE
2023-09-20,671.7,672.5,651.8,654.1,712845,61619392250,0.0,-2.2418173666118646,I.DCE
2023-09-21,652.2,669.8,652.2,667.5,577712,49808938200,0.0,2.0486164195077095,I.DCE
2023-09-24,668.7,671.0,643.0,646.8,722150,61760391650,0.0,-3.101123595505628,I.DCE
2023-09-25,646.8,652.2,639.6,644.2,557580,46938499100,0.0,-0.4019789734075352,I.DCE
2023-09-26,644.9,651.8,641.5,648.4,410261,34663347550,0.0,0.6519714374417784,I.DCE
2023-09-27,649.1,657.2,644.9,652.6,478646,40761779500,0.0,0.6477483035163489,I.DCE
2023-10-08,649.5,649.5,630.0,634.2,423844,35329169300,0.0,-2.8194912657063975,I.DCE
2023-10-09,635.7,636.9,622.3,627.3,504239,41317980900,0.0,-1.0879848628193134,I.DCE
2023-10-10,629.6,636.5,625.0,633.8,478310,39396950900,0.0,1.0361868324565648,I.DCE
2023-10-11,635.7,641.5,630.8,641.1,546788,45386400550,0.0,1.1517828968128807,I.DCE
2023-10-12,641.9,645.7,637.7,644.9,466244,39077081100,0.0,0.5927312431757814,I.DCE
2023-10-15,645.7,661.0,640.3,660.2,595161,50490726700,0.0,2.37246084664291,I.DCE
2023-10-16,659.1,669.1,656.4,663.3,478896,41408746100,0.0,0.46955468039986403,I.DCE
2023-10-17,664.8,671.4,658.7,659.5,540750,46951783750,0.0,-0.5728931102065404,I.DCE
2023-10-18,661.0,670.2,656.0,667.5,530131,45936653950,0.0,1.2130401819560266,I.DCE
2023-10-19,667.1,669.1,641.1,642.6,733801,62834124650,0.0,-3.73033707865168,I.DCE
2023-10-22,643.4,645.3,632.3,639.6,551320,45940516050,0.0,-0.46685340802987696,I.DCE
2023-10-23,641.1,662.2,636.9,662.2,659220,55649655000,0.0,3.5334584115072065,I.DCE
2023-10-24,664.1,672.9,661.0,667.9,699155,60885601700,0.0,0.8607671398368932,I.DCE
2023-10-25,666.4,674.4,661.8,671.4,630789,54955775650,0.0,0.5240305434945247,I.DCE
2023-10-26,666.4,685.1,664.1,681.3,761425,66878867700,0.0,1.4745308310991856,I.DCE
2023-10-29,683.2,690.1,681.7,689.4,479473,42949330100,0.0,1.1889035667107084,I.DCE
2023-10-30,690.5,692.8,682.5,688.2,453686,40714839800,0.0,-0.17406440382941035,I.DCE
2023-10-31,687.4,707.0,685.5,704.3,649445,59250271600,0.0,2.3394362104039335,I.DCE
2023-11-01,704.7,711.9,698.2,709.6,509616,46912887400,0.0,0.7525202328553249,I.DCE
2023-11-02,707.0,716.9,702.8,708.1,607649,56254027100,0.0,-0.21138669673055333,I.DCE
2023-11-05,710.0,718.5,706.6,708.5,527741,48998697800,0.0,0.056489196441167344,I.DCE
2023-11-06,708.5,714.2,702.8,707.4,490049,45367662600,0.0,-0.15525758645025256,I.DCE
2023-11-07,704.7,716.5,699.7,716.2,517183,47727242450,0.0,1.2439920836867513,I.DCE
2023-11-08,715.4,722.7,713.5,719.2,385603,36167488000,0.0,0.41887740854509303,I.DCE
2023-11-09,719.2,736.8,719.2,736.5,420183,39957027250,0.0,2.405450500556161,I.DCE
2023-11-12,732.2,745.6,731.1,740.3,421412,40590696850,0.0,0.5159538357094373,I.DCE
2023-11-13,740.7,741.4,733.0,739.5,315236,30332917350,0.0,-0.10806429825745978,I.DCE
2023-11-14,745.3,762.1,736.5,744.1,698339,68459314000,0.0,0.6220419202163763,I.DCE
2023-11-15,742.2,743.4,725.4,739.1,545240,52145937450,0.0,-0.6719526945303089,I.DCE
2023-11-16,740.7,748.3,727.6,729.2,366138,35294814700,0.0,-1.3394669192260844,I.DCE
2023-11-19,729.2,744.9,723.8,741.4,338089,32462234350,0.0,1.6730663741086005,I.DCE
2023-11-20,743.0,756.8,743.0,749.5,315117,30849031150,0.0,1.0925276503911618,I.DCE
2023-11-21,750.2,762.1,746.8,761.0,303938,29949085200,0.0,1.534356237491652,I.DCE
2023-11-22,761.0,764.8,737.6,747.9,432852,42447602250,0.0,-1.7214191852825245,I.DCE
2023-11-23,752.9,757.1,741.4,755.6,237099,23173271700,0.0,1.0295494050006848,I.DCE
2023-11-26,758.3,758.3,741.4,751.0,255078,24920376250,0.0,-0.6087877183695078,I.DCE
2023-11-27,750.6,750.6,720.8,728.4,357065,34284651700,0.0,-3.0093209054593895,I.DCE
2023-11-28,731.5,738.8,726.9,731.9,210872,20172620700,0.0,0.48050521691378467,I.DCE
2023-11-29,731.9,746.8,721.1,742.6,293193,28055741600,0.0,1.4619483536002287,I.DCE
2023-11-30,742.2,749.1,736.8,747.2,224810,21787702950,0.0,0.61944519256667,I.DCE
2023-12-03,749.1,752.9,731.9,733.8,214910,20837921800,0.0,-1.7933618843683163,I.DCE
2023-12-04,736.1,744.1,730.7,739.9,171953,16547842000,0.0,0.8312891796129707,I.DCE
2023-12-05,736.8,751.4,733.4,750.6,156828,15217175200,0.0,1.446141370455467,I.DCE
2023-12-06,752.2,769.2,748.6,768.4,270595,25471299200,0.0,2.3714361843858223,I.DCE
2023-12-07,767.2,787.4,759.9,777.7,316880,30379605150,0.0,1.2103071317022485,I.DCE
2023-12-10,773.2,779.7,761.5,770.8,244957,23396291650,0.0,-0.8872315803008957,I.DCE
2023-12-11,770.8,784.1,768.0,782.5,199933,19217220400,0.0,1.5179034769071231,I.DCE
2023-12-12,782.9,782.9,756.3,765.2,304763,29018580650,0.0,-2.210862619808296,I.DCE
2023-12-13,768.4,773.2,759.1,760.3,222418,21093086700,0.0,-0.6403554626241648,I.DCE
2023-12-14,762.7,771.2,750.6,754.7,307433,29000322450,0.0,-0.7365513613047381,I.DCE
2023-12-17,756.3,757.9,738.5,749.0,314172,29043275700,0.0,-0.7552669935073641,I.DCE
2023-12-18,749.0,753.0,742.6,745.0,201056,18612440750,0.0,-0.5340453938584733,I.DCE
2023-12-19,746.6,762.7,745.4,757.9,224790,21024114600,0.0,1.7315436241610804,I.DCE
2023-12-20,757.9,781.3,753.5,781.3,271132,25726478000,0.0,3.0874785591766596,I.DCE
2023-12-21,780.9,794.2,779.3,788.6,297307,28939006400,0.0,0.9343402022270686,I.DCE
2023-12-24,784.9,789.8,775.6,783.3,233932,22709899700,0.0,-0.6720770986558544,I.DCE
2023-12-25,784.9,799.5,782.5,793.8,221576,21726429000,0.0,1.3404825737265424,I.DCE
2023-12-26,793.4,796.6,780.1,795.4,246578,24143951950,0.0,0.20156210632400473,I.DCE
2023-12-27,795.8,798.2,777.7,779.7,261059,25484539500,0.0,-1.9738496354035573,I.DCE
2023-12-28,782.9,792.2,779.7,790.2,218621,21286232500,0.0,1.3466717968449338,I.DCE
2024-01-01,784.9,809.5,780.5,808.7,224066,22181160700,0.0,2.3411794482409487,I.DCE
2024-01-02,808.7,827.7,806.3,821.3,244826,24808885200,0.0,1.5580561394830994,I.DCE
2024-01-03,821.3,824.5,811.2,820.0,211054,21408281750,0.0,-0.15828564470959927,I.DCE
2024-01-04,817.6,820.8,801.5,807.1,273003,27398952450,0.0,-1.5731707317073185,I.DCE
2024-01-07,808.7,814.8,797.4,801.1,273603,27276244350,0.0,-0.7434023045471472,I.DCE
2024-01-08,803.1,808.3,794.2,802.3,255635,25363809900,0.0,0.14979403320434237,I.DCE
2024-01-09,799.9,801.5,774.8,776.5,333044,32529642400,0.0,-3.2157547052224844,I.DCE
2024-01-10,774.8,791.0,768.8,788.2,341601,32991471700,0.0,1.506761107533805,I.DCE
2024-01-11,787.8,791.8,765.2,765.6,342587,33021307400,0.0,-2.8672925653387527,I.DCE
2024-01-14,765.2,770.8,752.2,753.0,364750,34454648750,0.0,-1.6457680250783757,I.DCE
2024-01-15,751.4,759.9,746.2,757.5,308959,28829059550,0.0,0.5976095617529875,I.DCE
2024-01-16,765.2,769.6,747.0,747.4,318234,29948487850,0.0,-1.3333333333333308,I.DCE
2024-01-17,745.8,767.2,743.0,765.6,356357,33244078450,0.0,2.435108375702444,I.DCE
2024-01-18,764.3,773.2,757.1,772.4,259349,24565528350,0.0,0.8881922675026077,I.DCE
2024-01-21,770.4,774.4,761.1,768.4,279140,26578937400,0.0,-0.5178663904712555,I.DCE
2024-01-22,766.4,784.1,763.1,779.3,255097,24547568150,0.0,1.4185320145757352,I.DCE
2024-01-23,780.1,790.6,776.9,790.2,245645,23866987350,0.0,1.3986911330681417,I.DCE
2024-01-24,797.4,804.7,793.8,796.6,301038,29818628600,0.0,0.8099215388509107,I.DCE
2024-01-25,797.8,803.5,791.8,798.7,251258,24829490800,0.0,0.2636203866432263,I.DCE
2024-01-28,801.5,812.0,797.8,805.9,237077,23640216600,0.0,0.9014648804307024,I.DCE
2024-01-29,807.1,809.5,788.6,790.6,238209,23610167300,0.0,-1.8984985730239434,I.DCE
2024-01-30,791.0,793.4,775.2,775.2,280418,27249030550,0.0,-1.9478876802428546,I.DCE
2024-01-31,773.2,784.1,770.8,781.3,265291,25545700500,0.0,0.7868937048503444,I.DCE
2024-02-01,781.7,781.7,755.1,759.5,354290,33632681350,0.0,-2.7902214258287428,I.DCE
2024-02-04,759.5,773.6,753.5,761.1,275085,26006497300,0.0,0.21066491112573527,I.DCE
2024-02-05,757.5,762.3,745.8,757.9,276436,25806066500,0.0,-0.4204440940743681,I.DCE
2024-02-06,757.5,766.0,755.5,761.9,184640,17378087900,0.0,0.5277741126797686,I.DCE
2024-02-07,761.9,780.9,761.5,777.7,216492,20718256500,0.0,2.0737629610185104,I.DCE
2024-02-18,785.3,789.0,766.0,768.0,199101,19146776250,0.0,-1.247267583901257,I.DCE
2024-02-19,768.0,768.4,733.7,734.1,396913,36927990900,0.0,-4.414062499999993,I.DCE
2024-02-20,732.1,749.0,720.0,720.8,605046,54907663350,0.0,-1.8117422694455931,I.DCE
2024-02-21,720.8,730.4,714.7,721.2,399371,35754126800,0.0,0.05549389567149898,I.DCE
2024-02-22,721.2,738.5,721.2,725.6,352717,31892514600,0.0,0.6100942872989457,I.DCE
2024-02-25,725.6,732.9,703.0,706.2,440357,39045002400,0.0,-2.673649393605293,I.DCE
2024-02-26,704.2,726.4,698.2,724.4,455518,40084187500,0.0,2.5771736052109695,I.DCE
2024-02-27,724.4,730.9,712.3,717.5,384547,34360712100,0.0,-0.9525124240750915,I.DCE
2024-02-28,714.7,727.2,707.0,720.0,406032,36034482650,0.0,0.34843205574912606,I.DCE
2024-02-29,720.0,728.8,703.0,703.4,374613,33390678550,0.0,-2.3055555555555607,I.DCE
2024-03-03,703.0,719.6,694.5,718.3,491889,42972320150,0.0,2.118282627239121,I.DCE
2024-03-04,715.9,722.8,706.2,709.9,363790,32151242050,0.0,-1.1694278156758942,I.DCE
2024-03-05,707.8,714.7,697.0,711.5,383412,33515205500,0.0,0.22538385688124496,I.DCE
2024-03-06,711.1,723.2,707.4,718.3,360332,31962517250,0.0,0.9557273366127772,I.DCE
2024-03-07,716.7,720.4,700.6,707.8,422449,37112750250,0.0,-1.461784769594876,I.DCE
2024-03-10,707.8,707.8,669.9,670.7,445869,37929955100,0.0,-5.241593670528388,I.DCE
2024-03-11,668.7,675.2,662.2,671.1,377635,31300492500,0.0,0.059639182943183044,I.DCE
2024-03-12,674.8,676.4,648.9,651.8,401369,32905358250,0.0,-2.8758754284011423,I.DCE
2024-03-13,655.4,663.5,642.1,644.1,438052,35472124800,0.0,-1.1813439705431028,I.DCE
2024-03-14,641.7,652.2,630.4,630.8,420108,33440466250,0.0,-2.064896755162249,I.DCE
2024-03-17,629.6,649.7,615.0,648.1,543510,42669050800,0.0,2.7425491439442062,I.DCE
2024-03-18,649.7,667.9,643.7,667.5,458213,37279304050,0.0,2.993365221416444,I.DCE
2024-03-19,668.3,675.6,660.2,664.7,376795,31174778400,0.0,-0.4194756554307011,I.DCE
2024-03-20,665.1,687.7,655.4,685.7,439221,36521305000,0.0,3.159319993982246,I.DCE
2024-03-21,684.4,685.7,667.9,681.2,349877,29384482550,0.0,-0.6562636721598403,I.DCE
2024-03-24,682.0,689.7,676.4,679.6,301246,25486309850,0.0,-0.23487962419260766,I.DCE
2024-03-25,680.0,688.9,656.2,657.4,360818,30137081050,0.0,-3.2666274278987717,I.DCE
2024-03-26,657.4,666.7,648.1,650.1,373682,30375850900,0.0,-1.1104350471554558,I.DCE
2024-03-27,647.1,660.0,642.0,650.1,475329,36064862650,0.0,0.0,I.DCE
2024-03-28,650.6,653.1,632.1,634.7,489444,36642855600,0.0,-2.368866328257191,I.DCE
2024-03-31,632.1,659.6,624.4,658.7,620862,46277883200,0.0,3.781314006617298,I.DCE
2024-04-01,660.0,665.1,652.3,658.7,496096,38139484150,0.0,0.0,I.DCE
2024-04-02,659.1,670.3,641.6,642.4,568928,43639053750,0.0,-2.4745711249430813,I.DCE
2024-04-07,637.7,680.6,636.4,678.9,530526,40968561400,0.0,5.681818181818188,I.DCE
2024-04-08,680.6,701.2,677.2,699.5,563918,45226870650,0.0,3.0343202238915845,I.DCE
2024-04-09,700.3,708.5,690.5,697.7,528950,43137786950,0.0,-0.257326661901347,I.DCE
2024-04-10,694.7,710.2,692.6,708.5,530059,43363973450,0.0,1.5479432420811179,I.DCE
2024-04-11,710.6,723.9,699.5,723.5,495637,41026996750,0.0,2.117148906139721,I.DCE
2024-04-14,721.3,726.5,711.0,725.2,472490,39623424250,0.0,0.23496890117484792,I.DCE
2024-04-15,726.5,726.5,704.2,708.5,566211,47272335200,0.0,-2.302813017098737,I.DCE
2024-04-16,710.6,749.2,708.5,746.2,680232,57690515250,0.0,5.32110091743121,I.DCE
2024-04-17,745.8,756.9,742.8,749.6,534575,46748187400,0.0,0.4556419190565597,I.DCE
2024-04-18,749.6,752.6,734.6,747.1,528987,45873312550,0.0,-0.3335112059765222,I.DCE
2024-04-21,743.2,750.5,735.5,743.2,462804,40076386400,0.0,-0.522018471422836,I.DCE
2024-04-22,742.8,745.8,727.8,728.2,482963,41621668750,0.0,-2.018299246501609,I.DCE
2024-04-23,726.5,761.6,726.0,761.6,564852,49193900800,0.0,4.586652018676185,I.DCE
2024-04-24,755.6,768.1,748.8,754.4,476052,42095872650,0.0,-0.945378151260512,I.DCE
2024-04-25,755.6,762.5,747.1,758.6,298415,26231883050,0.0,0.5567338282078449,I.DCE
2024-04-28,758.2,760.8,742.3,750.1,327103,28613827650,0.0,-1.1204851041392017,I.DCE
2024-04-29,750.1,756.5,739.3,749.6,320729,28010004050,0.0,-0.06665777896280867,I.DCE
2024-05-05,754.8,770.2,749.6,768.5,260461,23110835700,0.0,2.521344717182483,I.DCE
2024-05-06,769.4,773.6,756.5,760.4,253569,22625339750,0.0,-1.0540013012361737,I.DCE
2024-05-07,761.6,764.6,742.8,742.8,312025,27469166500,0.0,-2.314571278274591,I.DCE
2024-05-08,744.5,755.6,737.6,742.3,321006,27957758750,0.0,-0.06731287022078147,I.DCE
2024-05-09,746.2,752.2,735.1,749.2,349977,30356455200,0.0,0.9295433113296614,I.DCE
2024-05-12,749.2,763.4,733.3,761.6,385472,33615264800,0.0,1.6550987720234778,I.DCE
2024-05-13,761.6,763.4,735.9,742.3,346196,30179155450,0.0,-2.5341386554621925,I.DCE
2024-05-14,744.5,744.5,729.9,735.9,354870,30486908250,0.0,-0.8621851003637326,I.DCE
2024-05-15,737.6,762.1,734.6,755.6,389733,34020690700,0.0,2.6769941568147937,I.DCE
2024-05-16,754.8,766.8,752.6,764.6,263855,23352615350,0.0,1.1911064055055487,I.DCE
2024-05-19,762.1,777.1,753.5,767.2,333314,29769735300,0.0,0.3400470834423297,I.DCE
2024-05-20,763.4,780.1,759.1,778.8,330860,29676294450,0.0,1.511991657977041,I.DCE
2024-05-21,780.5,793.8,778.8,789.9,320480,29377570200,0.0,1.425269645608629,I.DCE
2024-05-22,788.2,792.9,770.2,777.5,330913,30181269200,0.0,-1.569818964425873,I.DCE
2024-05-23,778.8,785.7,771.9,778.8,268551,24414360000,0.0,0.1672025723472581,I.DCE
2024-05-26,780.5,782.7,765.9,771.1,251227,22660294400,0.0,-0.9887005649717451,I.DCE
2024-05-27,771.9,783.9,756.5,756.9,328677,29627085100,0.0,-1.8415250940215344,I.DCE
2024-05-28,759.1,767.6,754.8,764.2,302181,26782352600,0.0,0.9644602985863449,I.DCE
2024-05-29,756.5,769.8,739.3,741.9,469539,41339147300,0.0,-2.9180842711332144,I.DCE
2024-05-30,742.8,748.8,738.5,741.9,244502,21187155450,0.0,0.0,I.DCE
2024-06-02,740.2,743.2,720.5,723.5,362898,30926425550,0.0,-2.4801186143685094,I.DCE
2024-06-03,722.2,728.6,713.2,715.3,319907,26890422200,0.0,-1.133379405666901,I.DCE
2024-06-04,712.8,721.8,706.7,707.6,312883,26025152400,0.0,-1.0764714105969464,I.DCE
2024-06-05,711.9,723.9,707.6,720.0,364330,30380134800,0.0,1.7524024872809463,I.DCE
2024-06-06,720.9,729.9,714.5,720.0,299117,25167248600,0.0,0.0,I.DCE
2024-06-10,713.2,719.2,690.9,691.3,315622,25823649750,0.0,-3.9861111111111125,I.DCE
2024-06-11,691.3,699.5,689.2,695.2,241040,19516692050,0.0,0.564154491537705,I.DCE
2024-06-12,702.5,705.9,683.6,700.7,337628,27408488650,0.0,0.7911392405063333,I.DCE
2024-06-13,705.9,717.5,701.6,709.8,369040,30506888150,0.0,1.298701298701288,I.DCE
2024-06-16,711.9,714.5,693.5,697.3,290243,23768968200,0.0,-1.761059453367142,I.DCE
2024-06-17,699.9,720.5,696.9,703.7,416964,34490971500,0.0,0.9178258998996158,I.DCE
2024-06-18,703.7,716.6,701.6,706.7,305548,25286153700,0.0,0.4263180332528149,I.DCE
2024-06-19,710.2,716.2,698.2,707.2,368800,30459338350,0.0,0.07075137965191214,I.DCE
2024-06-20,704.2,712.3,695.2,696.0,318599,26164457150,0.0,-1.5837104072398245,I.DCE
2024-06-23,694.7,695.2,679.7,682.3,308838,24738340750,0.0,-1.9683908045977083,I.DCE
2024-06-24,682.7,692.2,678.4,687.0,253294,20241891750,0.0,0.6888465484391038,I.DCE
2024-06-25,687.0,708.5,682.7,708.5,324603,26262904100,0.0,3.129548762736545,I.DCE
2024-06-26,707.6,711.9,701.6,702.5,259586,21377087400,0.0,-0.8468595624558928,I.DCE
2024-06-27,703.3,709.8,696.5,707.6,270669,22192372950,0.0,0.7259786476868424,I.DCE
2024-06-30,707.6,722.2,704.6,720.5,296331,24628321850,0.0,1.8230638778971242,I.DCE
2024-07-01,725.2,726.0,717.5,723.0,228423,19249892150,0.0,0.346981263011803,I.DCE
2024-07-02,723.5,741.5,719.6,741.1,303516,25797663000,0.0,2.5034578146611475,I.DCE
2024-07-03,739.3,746.2,735.5,741.5,258389,22301337600,0.0,0.05397382269598516,I.DCE
2024-07-04,739.8,742.8,722.2,725.2,297619,25427981150,0.0,-2.198246797033032,I.DCE
2024-07-07,728.2,729.9,705.5,708.0,332068,27834137300,0.0,-2.371759514616667,I.DCE
2024-07-08,710.2,718.3,700.3,715.3,293313,24293679750,0.0,1.0310734463276683,I.DCE
2024-07-09,713.6,715.8,695.6,697.3,281320,23112494900,0.0,-2.5164266741227403,I.DCE
2024-07-10,697.7,719.6,697.7,710.2,324733,26784514300,0.0,1.8499928294851697,I.DCE
2024-07-11,711.9,714.0,702.9,709.3,256630,21189129650,0.0,-0.126724866234873,I.DCE
2024-07-14,710.2,723.0,700.7,715.3,307431,25587419650,0.0,0.845904412801346,I.DCE
2024-07-15,716.2,717.5,701.6,706.7,301304,24924227700,0.0,-1.2022927443030795,I.DCE
2024-07-16,704.6,711.9,690.5,690.5,309688,25365841200,0.0,-2.2923447007216713,I.DCE
2024-07-17,692.2,698.6,684.4,696.0,253732,20456732800,0.0,0.7965242577842035,I.DCE
2024-07-18,692.6,693.9,679.7,690.0,304745,24416567300,0.0,-0.8620689655172376,I.DCE
2024-07-21,689.2,694.3,680.6,684.9,260099,20862743050,0.0,-0.7391304347826089,I.DCE
2024-07-22,683.6,687.9,663.0,664.3,323719,25537228350,0.0,-3.0077383559643733,I.DCE
2024-07-23,668.2,671.2,661.7,665.1,233968,18168060050,0.0,0.12042751768779336,I.DCE
2024-07-24,665.1,667.3,653.1,655.7,254543,19541892500,0.0,-1.4133213050669058,I.DCE
2024-07-25,655.3,677.6,655.3,668.2,295386,23043445200,0.0,1.9063596156779106,I.DCE
2024-07-28,668.2,672.9,660.0,669.4,228521,17775815000,0.0,0.17958695001496494,I.DCE
2024-07-29,670.7,675.4,645.0,648.4,275682,21206857450,0.0,-3.1371377352853336,I.DCE
2024-07-30,648.4,669.0,643.7,658.7,275577,21108958250,0.0,1.5885256014805726,I.DCE
2024-07-31,664.0,680.7,660.5,674.5,360533,27504756250,0.0,2.3986640352208877,I.DCE
2024-08-01,671.5,685.1,657.8,685.1,429826,32737429750,0.0,1.5715344699777756,I.DCE
2024-08-04,679.8,693.5,668.0,682.9,463247,35855459550,0.0,-0.3211210042329604,I.DCE
2024-08-05,677.2,686.9,664.4,671.0,453165,34798140700,0.0,-1.7425684580465672,I.DCE
2024-08-06,672.8,674.5,656.1,658.7,422757,32006866750,0.0,-1.8330849478390365,I.DCE
2024-08-07,660.0,661.8,639.4,641.6,453947,33579851650,0.0,-2.59602246849856,I.DCE
2024-08-08,644.2,664.9,642.4,652.1,496813,36872704700,0.0,1.6365336658354046,I.DCE
2024-08-11,655.2,657.4,638.0,645.5,443230,32569114550,0.0,-1.012114706333389,I.DCE
2024-08-12,646.4,660.9,639.8,646.0,550095,40581225300,0.0,0.07745933384972759,I.DCE
2024-08-13,642.0,644.2,621.3,627.1,688755,49501527650,0.0,-2.9256965944272406,I.DCE
2024-08-14,626.6,629.7,607.7,618.7,721308,50801494600,0.0,-1.339499282411094,I.DCE
2024-08-15,620.0,632.8,612.5,613.0,610370,43179497700,0.0,-0.9212865686116123,I.DCE
2024-08-18,610.3,628.4,605.5,626.2,594111,41732987450,0.0,2.1533442088091492,I.DCE
2024-08-19,627.5,631.0,616.5,624.9,414322,29412558050,0.0,-0.20760140530182714,I.DCE
2024-08-20,631.5,654.3,630.1,652.6,544058,39569610400,0.0,4.432709233477361,I.DCE
2024-08-21,651.2,657.0,639.4,642.0,485208,35725341750,0.0,-1.6242721422004336,I.DCE
2024-08-22,640.2,643.8,632.3,632.8,446297,32380642250,0.0,-1.433021806853585,I.DCE
2024-08-25,632.8,660.5,627.9,660.0,671941,49295860400,0.0,4.298356510745904,I.DCE
2024-08-26,659.6,672.3,657.4,666.6,452822,34173691900,0.0,1.0000000000000009,I.DCE
2024-08-27,668.0,671.9,659.2,663.6,389188,29437597500,0.0,-0.4500450045004545,I.DCE
2024-08-28,660.5,673.7,659.2,668.4,432242,32766915750,0.0,0.723327305605781,I.DCE
2024-08-29,668.4,675.0,657.4,663.1,482600,36514459650,0.0,-0.7929383602633067,I.DCE
2024-09-01,663.1,664.4,634.5,636.3,529171,39095678150,0.0,-4.041622681345203,I.DCE
2024-09-02,635.9,637.6,615.6,618.7,529792,37715223600,0.0,-2.7659908848027492,I.DCE
2024-09-03,615.6,621.3,605.5,606.4,613100,42731863600,0.0,-1.98803943753032,I.DCE
2024-09-04,609.9,613.4,591.9,596.7,582486,39874362200,0.0,-1.5996042216358752,I.DCE
2024-09-05,600.7,610.8,587.5,601.6,677113,46185666450,0.0,0.8211831741243403,I.DCE
2024-09-08,604.2,607.7,582.2,602.4,663435,44835406800,0.0,0.13297872340425343,I.DCE
2024-09-09,605.9,612.1,593.2,593.6,568894,39073595600,0.0,-1.4608233731739584,I.DCE
2024-09-10,593.6,611.2,585.3,610.3,628627,42751419450,0.0,2.8133423180592976,I.DCE
2024-09-11,612.1,623.5,601.6,621.8,684208,47639312600,0.0,1.884319187284933,I.DCE
2024-09-12,621.8,626.6,607.7,610.3,477580,33630306600,0.0,-1.8494692827275672,I.DCE
2024-09-17,612.1,618.7,589.2,593.6,476653,32495076050,0.0,-2.736359167622471,I.DCE
2024-09-18,593.6,610.8,580.9,609.5,732886,49779323000,0.0,2.678571428571419,I.DCE
2024-09-19,608.6,618.3,595.0,598.0,631788,43568197350,0.0,-1.8867924528301883,I.DCE
2024-09-22,598.0,599.4,578.7,579.1,602022,40266390100,0.0,-3.1605351170568508,I.DCE
2024-09-23,578.7,616.9,578.2,615.2,910046,61936663500,0.0,6.233811086168206,I.DCE
2024-09-24,619.1,642.4,617.8,623.5,808504,57852665400,0.0,1.3491547464239195,I.DCE
2024-09-25,620.0,642.0,620.0,640.2,657757,47267197700,0.0,2.6784282277465987,I.DCE
2024-09-26,646.4,662.7,643.8,659.6,721784,53582468550,0.0,3.0303030303030276,I.DCE
2024-09-29,660.5,734.4,656.1,722.5,866620,69573448500,0.0,9.536082474226792,I.DCE
2024-10-07,738.7,742.7,682.0,689.1,648923,52358999350,0.0,-4.622837370242216,I.DCE
2024-10-08,688.2,701.4,679.4,683.8,610385,47843212750,0.0,-0.7691191409084364,I.DCE
2024-10-09,682.9,700.5,670.6,682.0,667790,52109880700,0.0,-0.2632348639953097,I.DCE
2024-10-10,682.5,699.2,682.0,693.9,565980,44451855900,0.0,1.7448680351906054,I.DCE
2024-10-13,691.3,713.2,678.9,704.0,695411,55268683800,0.0,1.4555411442570998,I.DCE
2024-10-14,702.7,708.8,693.0,696.1,525377,41905871500,0.0,-1.1221590909090917,I.DCE
2024-10-15,700.1,708.0,686.9,688.2,557274,44236714500,0.0,-1.1348944117224535,I.DCE
2024-10-16,690.4,701.8,656.1,656.1,753053,58204026850,0.0,-4.664341761115953,I.DCE
2024-10-17,661.8,680.7,658.3,668.8,530854,40265453500,0.0,1.93568053650357,I.DCE
2024-10-20,670.2,681.6,664.9,676.7,370715,28414354050,0.0,1.1812200956937913,I.DCE
2024-10-21,675.0,678.5,661.4,670.2,429916,32710339050,0.0,-0.9605438155755874,I.DCE
2024-10-22,670.2,676.3,652.1,656.1,458428,34717987600,0.0,-2.103849597135188,I.DCE
2024-10-23,656.1,668.4,650.4,664.0,407993,30554275150,0.0,1.20408474317939,I.DCE
2024-10-24,664.0,680.7,662.2,676.7,414526,31737758050,0.0,1.912650602409638,I.DCE
2024-10-27,677.2,697.4,675.9,689.1,437644,34299782050,0.0,1.8324220481749531,I.DCE
2024-10-28,691.7,695.7,681.6,683.8,306778,24009103800,0.0,-0.7691191409084364,I.DCE
2024-10-29,693.9,699.2,678.9,690.8,380967,29900311950,0.0,1.0236911377595748,I.DCE
2024-10-30,691.7,694.3,681.6,687.3,354999,27774995050,0.0,-0.5066589461493964,I.DCE
2024-10-31,688.2,688.6,672.3,677.6,369888,28564872150,0.0,-1.4113196566273745,I.DCE
2024-11-03,680.7,689.5,668.8,685.1,433812,33490081800,0.0,1.1068476977567965,I.DCE
2024-11-04,686.9,701.8,682.9,695.7,362934,28587843250,0.0,1.5472193840315285,I.DCE
2024-11-05,699.6,700.1,677.2,687.3,439530,34428960200,0.0,-1.2074169900819443,I.DCE
2024-11-06,686.0,703.6,681.6,703.1,362147,28574562350,0.0,2.298850574712663,I.DCE
2024-11-07,702.7,704.4,677.2,682.5,488360,38319849800,0.0,-2.929881951358271,I.DCE
2024-11-10,678.9,685.5,663.1,670.2,402745,30778862850,0.0,-1.8021978021977914,I.DCE
2024-11-11,672.3,678.1,666.2,673.7,304842,23294347650,0.0,0.5222321695016463,I.DCE
2024-11-12,677.2,680.3,668.4,670.6,257723,19755514850,0.0,-0.4601454653406556,I.DCE
2024-11-13,672.8,675.9,660.9,664.9,274460,20852287550,0.0,-0.8499850879809201,I.DCE
2024-11-14,664.9,668.4,646.4,647.3,351413,26263302800,0.0,-2.647014588659957,I.DCE
2024-11-17,651.2,675.0,645.5,669.3,449927,33891811450,0.0,3.3987331994438374,I.DCE
2024-11-18,669.7,685.5,663.1,682.5,348009,26662894150,0.0,1.9722097714029552,I.DCE
2024-11-19,681.6,684.7,675.4,681.1,215949,16726333250,0.0,-0.20512820512820218,I.DCE
2024-11-20,681.1,688.2,678.5,683.8,241033,18746981750,0.0,0.39641755982968707,I.DCE
2024-11-21,685.5,689.1,672.8,676.3,269626,20905180900,0.0,-1.0968119333138349,I.DCE
2024-11-24,675.4,695.7,675.4,687.3,356386,27819721200,0.0,1.626497116664205,I.DCE
2024-11-25,687.3,694.3,685.1,688.6,232110,18194215400,0.0,0.18914593336243346,I.DCE
2024-11-26,692.1,699.2,682.9,696.5,266690,20979556000,0.0,1.1472553006099284,I.DCE
2024-11-27,696.5,701.4,687.3,691.7,251925,19873518650,0.0,-0.689160086145002,I.DCE
2024-11-28,693.0,709.3,690.4,701.4,279388,22252132950,0.0,1.4023420558045396,I.DCE
2024-12-01,703.6,712.8,696.5,708.8,223252,17897748800,0.0,1.0550327915597402,I.DCE
2024-12-02,711.5,716.3,707.5,715.4,176140,14249480650,0.0,0.9311512415349998,I.DCE
2024-12-03,717.2,718.1,705.3,714.1,219464,17779332500,0.0,-0.18171652222531698,I.DCE
2024-12-04,713.7,717.2,700.1,704.0,221235,17812758400,0.0,-1.414367735611266,I.DCE
2024-12-05,703.1,708.4,691.7,701.4,235866,18786337450,0.0,-0.3693181818181901,I.DCE
2024-12-08,699.2,713.7,694.8,711.0,234691,18829416450,0.0,1.368691189050475,I.DCE
2024-12-09,721.2,732.6,714.1,718.5,278588,22930401800,0.0,1.0548523206751037,I.DCE
2024-12-10,713.2,719.4,706.2,711.9,165433,13429838000,0.0,-0.9185803757828848,I.DCE
2024-12-11,712.4,721.7,709.7,721.2,230362,18571887800,0.0,1.3063632532659186,I.DCE
2024-12-12,715.9,716.4,703.0,707.5,309890,24758001400,0.0,-1.8996117581808192,I.DCE
2024-12-15,709.3,714.1,699.5,712.4,286848,22841666800,0.0,0.6925795053003503,I.DCE
2024-12-16,712.8,715.9,704.4,707.0,266026,21280565300,0.0,-0.7580011229646244,I.DCE
2024-12-17,706.6,707.5,689.3,691.1,351396,27672264650,0.0,-2.2489391796322478,I.DCE
2024-12-18,692.4,694.6,681.3,691.1,377641,29275693050,0.0,0.0,I.DCE
2024-12-19,691.1,691.5,682.2,682.6,220115,17032313350,0.0,-1.2299233106641605,I.DCE
2024-12-22,682.6,695.5,676.9,692.4,329552,25489947350,0.0,1.4356870788162945,I.DCE
2024-12-23,689.7,695.9,683.5,695.1,252371,19584150350,0.0,0.3899480069324168,I.DCE
2024-12-24,692.4,694.2,685.3,688.8,200861,15609589000,0.0,-0.9063444108761476,I.DCE
2024-12-25,691.5,698.6,687.5,689.3,257453,20082832700,0.0,0.07259001161439294,I.DCE
2024-12-26,690.6,694.2,672.9,674.2,378225,29060133300,0.0,-2.190628173509346,I.DCE
2024-12-29,674.6,690.6,672.9,688.4,362457,27909950450,0.0,2.1061999406704057,I.DCE
2024-12-30,690.6,694.2,686.2,691.5,259288,20156906750,0.0,0.45031958163859187,I.DCE
2025-01-01,689.7,699.5,684.4,694.2,253304,19790314750,0.0,0.39045553145335976,I.DCE
2025-01-02,694.2,695.1,674.6,678.2,374360,28772903700,0.0,-2.3048112935753373,I.DCE
2025-01-05,680.0,683.1,666.7,667.1,392284,29843053750,0.0,-1.6366853435564765,I.DCE
2025-01-06,674.6,675.5,661.8,665.8,311676,23470924750,0.0,-0.19487333233398907,I.DCE
2025-01-07,668.4,671.5,660.0,663.5,300334,22544109100,0.0,-0.34544908380894634,I.DCE
2025-01-08,662.7,673.8,659.6,669.8,331105,24862784200,0.0,0.9495101733232758,I.DCE
2025-01-09,667.1,675.1,664.9,668.9,250657,18902591400,0.0,-0.1343684681994639,I.DCE
2025-01-12,674.6,685.7,672.0,682.2,359229,27528222150,0.0,1.9883390641351584,I.DCE
2025-01-13,681.7,697.7,678.2,695.1,322767,25079040700,0.0,1.8909410729991194,I.DCE
2025-01-14,695.1,699.1,690.6,694.6,214908,16812564050,0.0,-0.07193209610127926,I.DCE
2025-01-15,695.9,708.4,694.6,707.5,307962,24329684050,0.0,1.857183990786071,I.DCE
2025-01-16,707.9,716.4,704.4,713.3,277798,22214245300,0.0,0.8197879858657275,I.DCE
2025-01-19,712.8,715.9,706.2,710.6,260406,20841231500,0.0,-0.3785223608579691,I.DCE
2025-01-20,711.9,717.3,709.7,714.1,257065,20677332850,0.0,0.49254151421334047,I.DCE
2025-01-21,713.7,713.7,705.3,710.6,255193,20372956550,0.0,-0.4901274331326144,I.DCE
2025-01-22,710.6,715.9,706.6,711.5,262778,21059075900,0.0,0.12665353222629516,I.DCE
2025-01-23,712.8,719.0,704.4,715.9,344447,27629779200,0.0,0.6184118060435617,I.DCE
2025-01-26,715.5,723.5,711.0,719.5,206640,16726908400,0.0,0.5028635284257676,I.DCE
2025-02-04,723.5,726.1,707.5,711.0,274560,22137163200,0.0,-1.1813759555246661,I.DCE
2025-02-05,711.9,727.9,709.3,725.7,294106,23824552050,0.0,2.0675105485232104,I.DCE
2025-02-06,726.1,732.3,723.5,725.2,269198,22085744350,0.0,-0.06889899407468425,I.DCE
2025-02-09,727.9,734.1,725.2,733.7,290792,23888448550,0.0,1.172090457804753,I.DCE
2025-02-10,734.1,737.2,719.9,720.8,358635,29444553250,0.0,-1.7582118031893246,I.DCE
2025-02-11,720.8,735.9,719.9,735.4,285573,23443849750,0.0,2.02552719200888,I.DCE
2025-02-12,735.0,735.0,715.5,717.3,387165,31708329500,0.0,-2.4612455806363953,I.DCE
2025-02-13,719.9,734.1,714.1,719.5,500340,40747475750,0.0,0.3067057019378261,I.DCE
2025-02-16,717.3,717.7,701.3,715.9,541487,43227567150,0.0,-0.5003474635163374,I.DCE
2025-02-17,715.9,727.0,708.4,726.1,362866,29348016500,0.0,1.4247799972063158,I.DCE
2025-02-18,725.2,731.0,723.5,728.3,247764,20289348500,0.0,0.3029885690676082,I.DCE
2025-02-19,728.3,744.3,723.9,743.0,414674,34252477850,0.0,2.018399011396399,I.DCE
2025-02-20,742.5,749.2,741.7,744.3,310301,26048283100,0.0,0.1749663526244838,I.DCE
2025-02-23,738.6,742.5,732.8,739.0,362089,30090938700,0.0,-0.7120784629853438,I.DCE
2025-02-24,739.0,740.3,719.5,721.7,422324,34633599150,0.0,-2.3410013531799723,I.DCE
2025-02-25,722.1,727.0,712.8,720.8,495128,40191523900,0.0,-0.12470555632535518,I.DCE
2025-02-26,720.8,723.0,708.4,714.6,402826,32462522200,0.0,-0.8601553829078679,I.DCE
2025-02-27,715.0,718.6,706.2,709.7,348530,27966303200,0.0,-0.6856982927511912,I.DCE
2025-03-02,706.6,711.5,690.2,692.0,543941,42982677000,0.0,-2.494011554177833,I.DCE
2025-03-03,694.2,698.6,688.8,693.3,322112,25179342200,0.0,0.18786127167629285,I.DCE
2025-03-04,695.1,697.3,681.3,684.4,382096,29673953600,0.0,-1.2837155632482333,I.DCE
2025-03-05,684.4,694.6,677.3,686.2,403795,31204873000,0.0,0.26300409117476775,I.DCE
2025-03-06,688.0,691.5,682.2,687.1,306009,23708491050,0.0,0.1311570970562448,I.DCE
2025-03-09,688.0,696.8,680.0,682.6,369579,28648164100,0.0,-0.6549265026924767,I.DCE
2025-03-10,684.4,691.5,678.2,687.5,344371,26598043050,0.0,0.7178435394081362,I.DCE
2025-03-11,689.7,696.8,676.9,683.1,462943,35949817900,0.0,-0.6399999999999961,I.DCE
2025-03-12,686.2,695.1,684.0,692.4,347425,26974938800,0.0,1.3614404918752765,I.DCE
2025-03-13,693.3,706.6,691.1,704.8,379261,29869298650,0.0,1.7908723281340189,I.DCE
2025-03-16,704.4,704.8,687.5,691.1,388475,30377062450,0.0,-1.9438138479001,I.DCE
2025-03-17,691.5,693.7,685.7,689.7,253081,19654979750,0.0,-0.20257560410938957,I.DCE
2025-03-18,691.1,691.5,672.4,674.6,379952,29098438000,0.0,-2.189357691750038,I.DCE
2025-03-19,676.0,678.2,670.2,676.4,296212,22514700750,0.0,0.2668247850577954,I.DCE
2025-03-20,679.1,685.3,668.9,672.4,322991,24583455150,0.0,-0.5913660555884048,I.DCE
2025-03-23,674.6,692.8,671.1,692.0,400064,30847995900,0.0,2.914931588340286,I.DCE
2025-03-24,692.0,697.3,685.3,688.8,300848,23427802550,0.0,-0.46242774566475076,I.DCE
2025-03-25,688.8,696.4,687.5,692.4,239542,18663016450,0.0,0.5226480836237002,I.DCE
2025-03-26,694.2,703.0,691.1,700.4,311289,24509430450,0.0,1.1554015020219577,I.DCE
2025-03-27,702.2,703.0,692.8,697.3,245029,19224643150,0.0,-0.4426042261564844,I.DCE
2025-03-30,700.4,700.4,684.4,686.2,286594,22296605800,0.0,-1.591854295138373,I.DCE
2025-03-31,688.0,707.5,683.5,703.0,424570,33256033250,0.0,2.448265811716688,I.DCE
2025-04-01,701.3,706.6,697.7,702.6,222267,17592171500,0.0,-0.056899004267418896,I.DCE
2025-04-02,705.7,706.2,693.3,699.9,256226,20217415900,0.0,-0.3842869342442379,I.DCE
2025-04-06,673.3,687.5,669.3,676.9,351193,26781136600,0.0,-3.2861837405343652,I.DCE
2025-04-07,680.2,685.8,646.8,651.5,572080,40522072750,0.0,-3.7524006500221585,I.DCE
2025-04-08,651.5,656.2,630.3,647.7,643493,44158510700,0.0,-0.5832693783576315,I.DCE
2025-04-09,644.0,672.6,643.5,664.6,597321,41996352300,0.0,2.609232669445727,I.DCE
2025-04-10,666.5,672.2,651.0,665.6,594551,41885300450,0.0,0.15046644598255554,I.DCE
2025-04-13,664.6,668.9,659.5,663.7,332731,23503285550,0.0,-0.28545673076922906,I.DCE
2025-04-14,665.1,671.2,661.8,670.3,349047,24757990300,0.0,0.9944251921048419,I.DCE
2025-04-15,670.3,671.2,659.9,665.6,333335,23565669100,0.0,-0.701178576756667,I.DCE
2025-04-16,667.5,675.0,662.3,664.6,477404,33974399200,0.0,-0.15024038461538547,I.DCE
2025-04-17,664.6,671.7,656.2,657.1,485871,34334837100,0.0,-1.1284983448690888,I.DCE
2025-04-20,660.4,675.0,656.6,672.6,437808,31082872550,0.0,2.358849490184145,I.DCE
2025-04-21,674.5,675.0,664.2,668.4,337797,24073331200,0.0,-0.6244424620874267,I.DCE
2025-04-22,668.4,687.2,666.1,683.9,556274,40197589000,0.0,2.3189706762417606,I.DCE
2025-04-23,684.9,686.3,672.6,677.3,375098,27106486850,0.0,-0.9650533703757902,I.DCE
2025-04-24,680.6,681.1,663.7,666.5,555363,39679511350,0.0,-1.594566661745156,I.DCE
2025-04-27,665.6,671.2,658.5,667.9,579405,40969394650,0.0,0.21005251312828932,I.DCE
2025-04-28,668.4,671.2,663.2,666.5,330094,23406665950,0.0,-0.20961221739781433,I.DCE
2025-04-29,666.5,667.5,657.6,661.3,334066,23546840400,0.0,-0.7801950487622,I.DCE
2025-05-05,661.8,669.3,654.3,662.3,387888,27377121700,0.0,0.15121729925904326,I.DCE
2025-05-06,665.1,682.5,660.9,665.6,605404,43180164650,0.0,0.4982636267552465,I.DCE
2025-05-07,666.5,667.5,649.6,651.9,545189,38167467250,0.0,-2.058293269230771,I.DCE
2025-05-08,652.4,659.0,650.5,654.3,357377,24895639300,0.0,0.36815462494246276,I.DCE
2025-05-11,655.2,675.9,651.5,675.5,577719,40855619100,0.0,3.240103927861848,I.DCE
2025-05-12,678.7,683.4,669.3,671.7,434573,31269764900,0.0,-0.5625462620281185,I.DCE
2025-05-13,672.6,693.3,670.8,692.8,617096,44939777750,0.0,3.141283311001919,I.DCE
2025-05-14,691.4,694.3,687.7,692.4,347019,25515360800,0.0,-0.05773672055426893,I.DCE
2025-05-15,691.4,691.4,681.1,684.4,388045,28290053300,0.0,-1.1554015020219577,I.DCE
2025-05-18,682.0,685.8,676.9,679.2,316116,22868986850,0.0,-0.7597895967270452,I.DCE
2025-05-19,679.2,683.4,675.9,681.6,323225,23380697600,0.0,0.35335689045936647,I.DCE
2025-05-20,682.0,686.7,679.2,684.9,274451,19935082400,0.0,0.48415492957745165,I.DCE
2025-05-21,683.4,688.1,680.2,683.4,278968,20293302450,0.0,-0.21901007446342158,I.DCE
2025-05-22,681.6,684.4,674.0,675.0,349790,25287062950,0.0,-1.2291483757682187,I.DCE
2025-05-25,671.2,676.4,661.8,664.2,456783,32479701600,0.0,-1.5999999999999903,I.DCE
2025-05-26,663.7,664.2,651.9,656.6,455965,31903397550,0.0,-1.144233664558869,I.DCE
2025-05-27,657.1,660.4,653.4,656.6,287342,20068740800,0.0,0.0,I.DCE
2025-05-28,657.6,669.8,656.2,664.6,504680,35603059850,0.0,1.218397806883953,I.DCE
2025-05-29,666.1,667.0,655.7,659.9,415302,29221589400,0.0,-0.7071922961179755,I.DCE
2025-06-02,656.2,657.1,649.1,653.8,343069,23850836200,0.0,-0.9243824821942748,I.DCE
2025-06-03,655.7,665.6,653.4,662.3,461519,32409447650,0.0,1.3000917711838422,I.DCE
2025-06-04,662.3,666.1,653.4,659.0,367760,25808662750,0.0,-0.4982636267552354,I.DCE
2025-06-05,661.8,670.8,660.9,665.1,402647,28509380650,0.0,0.9256449165402136,I.DCE
2025-06-08,664.6,666.5,658.5,660.9,304180,21438350500,0.0,-0.6314839873703293,I.DCE
2025-06-09,662.8,662.8,655.2,656.6,353841,24786141600,0.0,-0.6506279316084052,I.DCE
2025-06-10,658.1,668.4,657.1,664.6,347058,24489612050,0.0,1.218397806883953,I.DCE
2025-06-11,663.7,665.1,659.0,661.8,256930,18091894050,0.0,-0.42130604875113553,I.DCE
2025-06-12,662.8,667.9,656.2,660.9,460439,32376564600,0.0,-0.13599274705348163,I.DCE
2025-06-15,658.1,665.1,648.2,662.3,538210,37673491400,0.0,0.2118323498260022,I.DCE
2025-06-16,660.4,661.8,653.8,657.1,319182,22320715650,0.0,-0.785142684584017,I.DCE
2025-06-17,656.2,659.5,649.1,653.8,438763,30507791750,0.0,-0.5022066656521162,I.DCE
2025-06-18,654.8,660.9,650.1,656.2,392127,27321789350,0.0,0.3670847353931084,I.DCE
2025-06-19,656.6,665.6,654.8,660.9,411160,28897850450,0.0,0.7162450472416815,I.DCE
2025-06-22,660.9,667.0,659.9,663.7,273450,19311606800,0.0,0.4236646996520044,I.DCE
2025-06-23,663.2,667.5,659.9,660.9,291318,20557633550,0.0,-0.4218773542263188,I.DCE
2025-06-24,659.0,662.3,656.2,660.4,315873,22147281950,0.0,-0.0756544106521373,I.DCE
2025-06-25,660.4,665.1,656.2,663.2,326475,22941783350,0.0,0.4239854633555584,I.DCE
2025-06-26,664.6,676.4,663.7,673.6,485658,34699004750,0.0,1.5681544028950611,I.DCE
2025-06-29,675.5,680.2,671.2,672.6,345152,24789344900,0.0,-0.14845605700712916,I.DCE
2025-06-30,672.2,673.1,663.7,666.1,338762,24078450800,0.0,-0.9663990484686247,I.DCE
2025-07-01,665.6,681.1,665.1,679.2,449251,32153625350,0.0,1.9666716709202836,I.DCE
2025-07-02,681.1,692.4,678.3,689.1,452146,32920335900,0.0,1.4575971731448645,I.DCE
2025-07-03,687.2,696.6,687.2,688.6,403254,29683273200,0.0,-0.07255840951966297,I.DCE
2025-07-06,688.1,694.7,683.9,687.2,290889,21307015400,0.0,-0.20331106593086679,I.DCE
2025-07-07,687.2,691.9,683.9,689.1,233496,17088947750,0.0,0.27648428405122605,I.DCE
2025-07-08,687.7,696.1,687.7,692.4,247638,18249902000,0.0,0.4788855028297734,I.DCE
2025-07-09,691.9,720.1,691.0,717.8,514055,38583251650,0.0,3.6683997689197057,I.DCE
2025-07-10,716.3,723.9,715.4,718.2,360649,27577303150,0.0,0.05572582892172662,I.DCE
2025-07-13,719.2,723.4,717.3,720.6,239244,18329897450,0.0,0.3341687552213868,I.DCE
2025-07-14,720.6,725.7,713.1,721.0,325980,24947519100,0.0,0.05550929780737679,I.DCE
2025-07-15,721.0,730.9,719.2,726.7,370227,28565222700,0.0,0.7905686546463286,I.DCE
2025-07-16,726.7,740.3,726.2,738.4,463317,36239996050,0.0,1.610017889087656,I.DCE
2025-07-17,741.3,753.0,735.6,738.0,518894,41135327100,0.0,-0.054171180931739116,I.DCE
2025-07-20,739.4,769.9,738.4,760.5,583685,46894715050,0.0,3.0487804878048808,I.DCE
2025-07-21,760.5,785.4,756.8,773.7,593295,48485787800,0.0,1.7357001972386543,I.DCE
2025-07-22,776.5,778.9,758.2,763.3,485011,39553738400,0.0,-1.3441902546206697,I.DCE
2025-07-23,766.6,773.2,755.4,762.4,398654,32358011000,0.0,-0.11790907899907888,I.DCE
2025-07-24,766.2,766.6,742.7,754.4,533058,42653950000,0.0,-1.049317943336836,I.DCE
2025-07-27,754.4,758.2,733.7,738.9,531456,42164215500,0.0,-2.0546129374337196,I.DCE
2025-07-28,739.4,752.1,738.9,750.2,330523,26203184200,0.0,1.5293003112735182,I.DCE
2025-07-29,750.2,759.1,739.4,741.7,394826,31510575750,0.0,-1.133031191682221,I.DCE
2025-07-30,745.0,745.5,727.6,732.3,326294,25603064550,0.0,-1.2673587703923572,I.DCE
2025-07-31,733.3,743.1,730.0,736.1,261821,20550892200,0.0,0.518913013792166,I.DCE
2025-08-03,739.8,746.9,735.1,743.1,262794,20736313350,0.0,0.9509577503056699,I.DCE
2025-08-04,744.5,752.1,742.7,750.7,198067,15754751700,0.0,1.0227425649306898,I.DCE
2025-08-05,751.6,753.5,740.8,746.9,208804,16604078550,0.0,-0.5061942187291946,I.DCE
2025-08-06,747.8,751.1,739.8,745.5,199704,15811126150,0.0,-0.18744142455482393,I.DCE
2025-08-07,745.5,746.4,738.9,742.7,133040,10512510850,0.0,-0.375586854460086,I.DCE
2025-08-10,743.6,751.1,739.8,748.8,171007,13578940900,0.0,0.8213275885283311,I.DCE
2025-08-11,749.7,762.1,747.4,760.2,281002,22352079250,0.0,1.5224358974359031,I.DCE
2025-08-12,760.2,762.5,754.5,754.5,197238,15755662400,0.0,-0.7498026835043414,I.DCE
2025-08-13,751.6,757.8,731.7,735.5,331007,25968544050,0.0,-2.5182239893969505,I.DCE
2025-08-14,738.3,742.6,732.6,736.4,218451,16978767850,0.0,0.12236573759347724,I.DCE
2025-08-17,737.4,744.0,727.4,732.6,281501,21850228650,0.0,-0.5160239000543076,I.DCE
2025-08-18,733.6,734.5,728.8,731.7,154949,11945194750,0.0,-0.12285012285011554,I.DCE
2025-08-19,732.6,733.1,721.3,729.8,289366,22138941400,0.0,-0.25966926335930784,I.DCE
2025-08-20,730.7,740.2,730.7,733.1,281755,21859738800,0.0,0.45217867909017606,I.DCE
2025-08-21,731.7,735.0,726.9,730.7,227341,17498694700,0.0,-0.32737689264765724,I.DCE
2025-08-24,732.6,748.8,731.7,746.9,317230,24815994800,0.0,2.21705214178185,I.DCE
2025-08-25,746.9,747.8,734.1,736.9,220023,17173826500,0.0,-1.3388673182487598,I.DCE
2025-08-26,736.4,741.7,733.6,736.0,216112,16798257500,0.0,-0.12213326095806831,I.DCE
2025-08-27,736.4,750.7,735.0,750.2,293261,22921803850,0.0,1.9293478260869579,I.DCE
2025-08-28,749.7,751.6,743.6,747.4,215248,16941766350,0.0,-0.3732338043188621,I.DCE
2025-08-31,746.9,746.9,722.2,726.9,393789,30364750900,0.0,-2.742841851752742,I.DCE
2025-09-01,729.3,737.9,727.9,732.2,246550,19024173950,0.0,0.7291236758838915,I.DCE
2025-09-02,733.6,743.6,733.1,737.4,289198,22516572350,0.0,0.7101884730947639,I.DCE
2025-09-03,737.4,755.9,734.1,751.2,392627,30779577900,0.0,1.8714401952807158,I.DCE
2025-09-04,748.8,751.6,742.1,749.3,289453,22788205200,0.0,-0.25292864749735244,I.DCE
2025-09-07,750.7,754.9,744.0,751.6,263731,20812148050,0.0,0.3069531562791994,I.DCE
2025-09-08,751.6,772.5,750.2,764.0,494126,39700115550,0.0,1.6498137307078276,I.DCE
2025-09-09,762.5,767.8,755.4,764.0,334534,26833588400,0.0,0.0,I.DCE
2025-09-10,763.5,767.8,751.2,754.9,365052,29211007900,0.0,-1.1910994764397942,I.DCE
2025-09-11,756.8,762.5,753.0,758.7,269584,21533344250,0.0,0.5033779308517783,I.DCE
2025-09-14,758.3,764.4,750.7,755.4,358924,28622594550,0.0,-0.4349545274812239,I.DCE
2025-09-15,759.2,770.6,757.3,762.5,397594,32033278100,0.0,0.9398993910511022,I.DCE
2025-09-16,763.0,765.9,755.4,763.5,254268,20373183950,0.0,0.13114754098360049,I.DCE
2025-09-17,764.0,767.8,756.4,759.2,308247,24700356350,0.0,-0.5631958087753741,I.DCE
2025-09-18,761.6,771.6,757.3,766.3,379811,30599000450,0.0,0.9351949420442374,I.DCE
2025-09-21,769.7,778.2,762.5,767.3,409502,33289011700,0.0,0.13049719431033058,I.DCE
2025-09-22,767.3,769.2,757.3,761.6,289687,23285745000,0.0,-0.742864590121195,I.DCE
2025-09-23,763.0,766.8,759.7,762.5,202421,16271345700,0.0,0.11817226890755705,I.DCE
2025-09-24,764.4,766.8,758.7,764.4,191183,15372174600,0.0,0.24918032786884758,I.DCE
2025-09-25,763.0,764.9,747.8,749.7,326907,26041925700,0.0,-1.9230769230769162,I.DCE
2025-09-28,749.7,750.7,740.2,744.0,259935,20420662200,0.0,-0.7603041216486695,I.DCE
2025-09-29,745.0,746.9,739.8,740.7,195179,15284547400,0.0,-0.44354838709677047,I.DCE
2025-10-08,742.1,753.5,736.9,750.2,240766,18956859450,0.0,1.2825705413797683,I.DCE
2025-10-09,754.9,761.1,750.7,754.5,224798,17888413350,0.0,0.573180485203939,I.DCE
2025-10-12,759.7,763.5,750.7,763.5,344315,27506072100,0.0,1.1928429423459175,I.DCE
2025-10-13,765.4,768.2,734.5,742.1,525492,41430296900,0.0,-2.8028814669286195,I.DCE
2025-10-14,744.0,747.4,735.0,736.9,305761,23875955750,0.0,-0.7007141894623481,I.DCE
2025-10-15,740.2,741.2,727.4,734.1,398551,30801509850,0.0,-0.3799701452028681,I.DCE
2025-10-16,734.5,736.9,727.9,731.7,271218,20926179350,0.0,-0.3269309358397976,I.DCE
2025-10-19,731.7,736.0,723.6,727.9,347579,26721440300,0.0,-0.5193385267186046,I.DCE
2025-10-20,729.3,736.9,721.3,730.3,301522,23188876900,0.0,0.32971562027750423,I.DCE
2025-10-21,733.1,737.9,731.7,734.5,208059,16113538750,0.0,0.5751061207722952,I.DCE
2025-10-22,737.4,742.1,730.7,737.4,236711,18358792800,0.0,0.3948264125255285,I.DCE
2025-10-23,737.4,739.3,726.0,731.7,310339,23946228350,0.0,-0.7729861676159411,I.DCE
2025-10-26,731.2,746.9,729.3,746.4,363294,28256275000,0.0,2.009020090200897,I.DCE
2025-10-27,745.0,754.5,744.0,752.1,330083,26057009100,0.0,0.7636655948553006,I.DCE
2025-10-28,753.0,765.9,751.6,763.5,354444,28347043600,0.0,1.5157558835261264,I.DCE
2025-10-29,763.5,769.2,757.3,761.6,325873,26219755850,0.0,-0.24885396201702603,I.DCE
2025-10-30,759.2,761.1,751.6,759.2,305778,24376569750,0.0,-0.31512605042016695,I.DCE
2025-11-02,760.2,760.6,738.3,742.6,406726,32106705800,0.0,-2.1865121180189684,I.DCE
2025-11-03,743.1,744.0,733.6,736.0,276598,21521857900,0.0,-0.8887691893347704,I.DCE
2025-11-04,735.5,737.4,728.8,736.4,281615,21757195450,0.0,0.05434782608695343,I.DCE
2025-11-05,737.4,739.8,731.7,737.9,259605,20122545050,0.0,0.20369364475827378,I.DCE
2025-11-06,737.4,737.9,718.4,721.7,431356,33034699600,0.0,-2.195419433527568,I.DCE
2025-11-09,723.6,727.9,717.5,726.0,327443,24947878450,0.0,0.5958154357766254,I.DCE
2025-11-10,726.0,727.9,720.3,724.1,262391,20045399450,0.0,-0.26170798898070835,I.DCE
2025-11-11,724.1,735.5,723.6,734.5,351878,27123691850,0.0,1.4362657091561815,I.DCE
2025-11-12,731.7,735.5,727.9,733.1,215756,16632166100,0.0,-0.1906058543226674,I.DCE
2025-11-13,734.5,741.2,730.7,733.1,266426,20646162000,0.0,0.0,I.DCE
2025-11-16,729.8,750.7,728.4,748.3,351270,27449024800,0.0,2.0733869867685106,I.DCE
2025-11-17,746.4,751.6,741.2,751.6,262295,20608645500,0.0,0.44099959909127406,I.DCE
2025-11-18,751.2,756.4,746.4,751.2,245541,19432944850,0.0,-0.053219797764769705,I.DCE
2025-11-19,751.2,753.0,741.7,748.3,285402,22496400200,0.0,-0.38604898828542566,I.DCE
2025-11-20,748.3,751.6,741.7,745.5,257403,20257964500,0.0,-0.3741814780168329,I.DCE
2025-11-23,745.5,757.3,741.7,750.2,311836,24639264500,0.0,0.6304493628437324,I.DCE
2025-11-24,750.7,759.2,750.7,753.5,213171,16964464200,0.0,0.4398826979472137,I.DCE
2025-11-25,754.5,758.7,752.6,756.4,201969,16079311450,0.0,0.3848706038487082,I.DCE
2025-11-26,758.7,759.7,751.2,758.7,199651,15883904650,0.0,0.3040719196192532,I.DCE
2025-11-27,756.8,757.3,745.9,753.5,252881,20040343650,0.0,-0.6853828917885885,I.DCE
2025-11-30,752.6,762.5,748.8,760.2,239231,19060292650,0.0,0.8891838088918469,I.DCE
2025-12-01,760.2,763.5,757.3,759.7,143855,11524508150,0.0,-0.06577216521967966,I.DCE
2025-12-02,760.6,762.5,753.5,758.7,169490,13556170550,0.0,-0.13163090693695256,I.DCE
2025-12-03,758.3,758.7,750.2,754.0,186737,14825280650,0.0,-0.619480690655072,I.DCE
2025-12-04,753.5,754.9,742.6,745.5,169825,13379790150,0.0,-1.1273209549071628,I.DCE
2025-12-07,742.6,745.0,738.3,738.8,143707,11230979450,0.0,-0.8987256874580907,I.DCE
2025-12-08,737.4,738.3,728.6,735.9,239637,18094413200,0.0,-0.3925284244721161,I.DCE
2025-12-09,736.9,754.4,734.9,747.1,379803,29133624450,0.0,1.5219459165647597,I.DCE
2025-12-10,747.1,749.0,733.0,735.4,324951,24802829650,0.0,-1.566055414268508,I.DCE
2025-12-11,735.4,742.7,734.4,738.8,243565,18519226850,0.0,0.4623334239869381,I.DCE
2025-12-14,731.0,738.8,726.7,731.5,367137,27651434400,0.0,-0.9880887926366988,I.DCE
2025-12-15,733.5,742.2,730.6,739.3,239609,18174903750,0.0,1.0663021189336819,I.DCE
2025-12-16,738.3,747.6,737.4,746.1,229787,17588821100,0.0,0.9197889895847577,I.DCE
2025-12-17,746.1,759.2,745.1,755.3,322377,25032498150,0.0,1.2330786757807077,I.DCE
2025-12-18,754.8,758.2,752.4,757.8,187722,14586584450,0.0,0.33099430689791376,I.DCE
2025-12-21,757.8,762.6,753.9,759.2,264601,20660353300,0.0,0.1847453153866585,I.DCE
2025-12-22,757.3,761.2,750.5,756.3,216445,16830796850,0.0,-0.38198103266597894,I.DCE
2025-12-23,755.8,757.8,748.0,757.3,216277,16746763100,0.0,0.13222266296444296,I.DCE
2025-12-24,756.8,759.2,752.4,756.3,145809,11337147400,0.0,-0.1320480654958378,I.DCE
2025-12-25,755.8,762.1,750.0,760.7,291118,22608648750,0.0,0.5817797170435179,I.DCE
2025-12-28,760.7,780.1,759.7,773.8,461928,36622401000,0.0,1.7220980675693331,I.DCE
2025-12-29,771.8,777.2,764.1,766.5,297023,23584230000,0.0,-0.943396226415083,I.DCE
2025-12-30,767.0,772.8,762.1,767.0,245856,19414776500,0.0,0.0652315720808927,I.DCE
2026-01-04,768.9,776.2,768.4,774.3,195492,15555490100,0.0,0.9517601043024682,I.DCE
2026-01-05,774.3,783.0,764.6,778.2,307478,24470784300,0.0,0.5036807438977275,I.DCE
2026-01-06,778.2,804.9,778.2,804.4,490615,40041693300,0.0,3.366743767668967,I.DCE
2026-01-07,804.4,807.8,785.0,789.8,442605,36316684700,0.0,-1.8150174042764866,I.DCE
2026-01-08,791.8,795.6,786.4,791.3,270327,22042401750,0.0,0.18992149911369882,I.DCE
2026-01-11,794.7,802.4,793.7,799.0,272044,22349781950,0.0,0.9730822696828012,I.DCE
2026-01-12,798.6,804.4,790.8,796.1,311621,25580869600,0.0,-0.36295369211514217,I.DCE
2026-01-13,796.6,802.0,793.7,797.6,238116,19568905600,0.0,0.188418540384383,I.DCE
2026-01-14,796.6,798.1,788.8,789.8,252986,20653074650,0.0,-0.9779338014042183,I.DCE
2026-01-15,789.8,798.1,786.4,788.8,256282,20887917300,0.0,-0.12661433274246958,I.DCE
2026-01-18,786.9,788.4,766.0,771.4,396301,31621321350,0.0,-2.2058823529411686,I.DCE
2026-01-19,775.2,775.2,755.8,767.0,362607,28528813350,0.0,-0.5703914959813261,I.DCE
2026-01-20,767.0,768.9,760.2,761.6,225102,17699452400,0.0,-0.7040417209908667,I.DCE
2026-01-21,762.6,768.0,759.7,764.1,197149,15493954600,0.0,0.3282563025210017,I.DCE
2026-01-22,764.6,775.2,763.6,772.3,228677,18119497050,0.0,1.0731579636173105,I.DCE
2026-01-25,773.3,778.6,761.6,762.1,261690,20730158900,0.0,-1.3207302861582226,I.DCE
2026-01-26,764.1,771.4,762.1,765.5,211744,16697894800,0.0,0.4461356777325731,I.DCE
2026-01-27,765.5,767.0,758.2,760.7,217818,17090206350,0.0,-0.6270411495754358,I.DCE
2026-01-28,760.7,777.2,758.7,775.7,307714,24346384350,0.0,1.9718680163007818,I.DCE
2026-01-29,776.7,778.2,763.6,768.9,278296,22071350800,0.0,-0.8766275622018926,I.DCE
2026-02-01,766.0,770.9,758.7,760.7,304564,23965845650,0.0,-1.0664585771881785,I.DCE
2026-02-02,764.6,774.3,752.4,755.3,357056,27996248400,0.0,-0.7098724858682903,I.DCE
2026-02-03,758.7,763.6,755.8,759.2,240530,18814891350,0.0,0.5163511187607606,I.DCE
2026-02-04,757.3,757.3,742.2,746.6,331736,25546679350,0.0,-1.6596417281348863,I.DCE
2026-02-05,747.1,750.0,738.3,738.8,216259,16547045250,0.0,-1.0447361371551112,I.DCE
2026-02-08,738.3,743.2,735.9,739.8,169680,12922628450,0.0,0.13535462912832585,I.DCE
2026-02-09,743.2,745.1,739.3,739.8,143284,10938447800,0.0,0.0,I.DCE
2026-02-10,738.3,745.6,736.9,740.8,133786,10216298150,0.0,0.13517166801837455,I.DCE
2026-02-11,742.2,745.1,739.8,740.3,112867,8625551550,0.0,-0.06749460043196098,I.DCE
2026-02-12,738.8,742.7,724.2,724.7,239453,18059283550,0.0,-2.1072538160205156,I.DCE
2026-02-23,721.8,727.2,715.0,719.4,220287,16348047500,0.0,-0.7313371050089779,I.DCE
2026-02-24,720.4,735.4,718.4,731.0,276695,20711034400,0.0,1.6124548234639935,I.DCE
2026-02-25,733.5,733.5,722.3,727.2,190394,14258359300,0.0,-0.5198358413132653,I.DCE
2026-02-26,726.7,730.1,724.2,729.1,175649,13146751300,0.0,0.2612761276127529,I.DCE
2026-03-01,728.6,733.5,721.3,733.0,266635,19964672300,0.0,0.5349060485529966,I.DCE
2026-03-02,730.1,732.5,721.8,732.0,239558,17949601350,0.0,-0.13642564802183177,I.DCE
2026-03-03,731.5,731.5,723.8,730.6,230305,17269022400,0.0,-0.19125683060109422,I.DCE
2026-03-04,731.0,749.0,729.1,737.4,435406,33158655000,0.0,0.9307418560087433,I.DCE
2026-03-05,740.3,752.4,737.8,750.0,264664,20300078750,0.0,1.708706265256299,I.DCE
2026-03-08,750.0,769.4,749.0,762.1,411614,32190548800,0.0,1.6133333333333333,I.DCE
2026-03-09,759.2,764.6,750.5,761.6,296472,23150509900,0.0,-0.06560818790185552,I.DCE
2026-03-10,762.1,767.0,758.2,765.0,192732,15138565000,0.0,0.44642857142855874,I.DCE
2026-03-11,767.0,776.2,764.6,772.8,239231,18975519950,0.0,1.019607843137238,I.DCE
2026-03-12,800.5,803.4,782.5,788.4,450593,36734358400,0.0,2.018633540372683,I.DCE
2026-03-15,776.2,786.9,771.4,785.9,320029,25671618650,0.0,-0.31709791983765,I.DCE
2026-03-16,786.4,795.6,781.6,793.2,210054,17059165450,0.0,0.9288713576790952,I.DCE
2026-03-17,792.7,795.2,783.0,787.9,189201,15369184650,0.0,-0.6681795259707579,I.DCE
2026-03-18,785.9,789.3,780.1,784.5,193106,15588071150,0.0,-0.4315268435080566,I.DCE
2026-03-19,780.1,795.2,777.2,792.2,247285,20067549850,0.0,0.9815168897386872,I.DCE
2026-03-22,791.3,802.4,789.3,795.6,263330,21582434100,0.0,0.42918454935620964,I.DCE
2026-03-23,791.8,805.8,789.8,800.5,219790,18055899550,0.0,0.6158873805932608,I.DCE
2026-03-24,799.5,807.3,778.2,783.5,378649,30879547450,0.0,-2.1236727045596537,I.DCE
2026-03-25,785.4,799.5,785.0,793.7,216414,17661559200,0.0,1.3018506700702037,I.DCE
2026-03-26,795.6,795.6,784.0,788.8,183962,14947263850,0.0,-0.617361723573151,I.DCE
2026-03-29,788.8,796.1,787.9,789.8,142958,11650821450,0.0,0.12677484787018134,I.DCE
2026-03-30,790.8,793.7,783.5,785.0,158111,12830152550,0.0,-0.6077487971638318,I.DCE
2026-03-31,786.4,798.1,785.0,788.8,197407,16099183900,0.0,0.4840764331210057,I.DCE
2026-04-01,788.8,791.3,770.9,782.0,340206,27349853600,0.0,-0.8620689655172376,I.DCE
2026-04-02,787.9,787.9,772.3,776.7,188615,15109798750,0.0,-0.6777493606137996,I.DCE
2026-04-06,776.2,784.5,772.3,774.8,135534,10852904850,0.0,-0.24462469421914212,I.DCE
2026-04-07,779.6,779.6,763.1,766.5,176107,13956404950,0.0,-1.0712441920495586,I.DCE
2026-04-08,766.0,766.0,748.5,750.0,285975,21631889450,0.0,-2.1526418786692814,I.DCE
2026-04-09,750.5,760.0,749.0,753.5,227904,17190152950,0.0,0.4666666666666597,I.DCE
2026-04-12,753.0,766.5,753.0,763.5,205991,15643125450,0.0,1.3271400132714106,I.DCE
2026-04-13,765.0,766.0,749.0,758.5,280426,21220903600,0.0,-0.6548788474132317,I.DCE
2026-04-14,760.0,765.0,753.5,764.0,212597,16138190850,0.0,0.7251153592616966,I.DCE
2026-04-15,764.0,783.5,764.0,782.5,406390,31522235600,0.0,2.4214659685863893,I.DCE
2026-04-16,780.5,782.0,774.5,778.5,166731,12963844400,0.0,-0.5111821086261958,I.DCE
2026-04-19,777.5,789.0,770.5,786.5,290399,22633843250,0.0,1.0276172125883054,I.DCE
2026-04-20,784.0,787.5,780.5,784.0,178964,14031935000,0.0,-0.31786395422759295,I.DCE
2026-04-21,784.0,790.0,782.0,786.5,189458,14895257650,0.0,0.3188775510204023,I.DCE
2026-04-22,786.5,793.0,779.0,783.5,243869,19152577200,0.0,-0.3814367450731049,I.DCE
2026-04-23,782.5,789.0,781.5,786.5,166469,13089596550,0.0,0.38289725590299195,I.DCE
2026-04-26,786.0,792.5,783.0,786.0,207979,16381823800,0.0,-0.06357279084552303,I.DCE
2026-04-27,786.0,788.0,774.0,780.5,291129,22727624700,0.0,-0.6997455470737934,I.DCE
2026-04-28,781.5,788.0,779.0,787.5,177854,13940245600,0.0,0.8968609865470878,I.DCE
2026-04-29,787.5,802.5,786.0,796.0,272248,21606935100,0.0,1.07936507936508,I.DCE
2026-05-05,801.0,818.0,801.0,816.0,261508,21239524350,0.0,2.5125628140703515,I.DCE
2026-05-06,816.0,819.5,811.0,817.0,228690,18643766600,0.0,0.1225490196078427,I.DCE
2026-05-07,818.0,821.5,812.0,814.5,259180,21174360850,0.0,-0.3059975520195879,I.DCE
2026-05-10,816.0,826.5,813.5,822.5,261177,21438300500,0.0,0.9821976672805377,I.DCE
2026-05-11,822.5,825.5,809.0,812.5,280287,22924631000,0.0,-1.2158054711246202,I.DCE
2026-05-12,815.0,823.0,812.5,820.0,217194,17751829400,0.0,0.9230769230769154,I.DCE
2026-05-13,820.0,820.5,809.0,817.0,220762,17999841000,0.0,-0.3658536585365857,I.DCE
2026-05-14,816.0,819.5,806.5,809.5,244637,19866299000,0.0,-0.9179926560587526,I.DCE
2026-05-17,809.5,811.0,801.0,803.0,225052,18136199300,0.0,-0.8029647930821504,I.DCE
2026-05-18,803.0,804.5,794.0,798.5,234392,18723057850,0.0,-0.5603985056039873,I.DCE
2026-05-19,800.0,801.5,793.0,800.0,167577,13372803350,0.0,0.18785222291797243,I.DCE
2026-05-20,798.0,799.5,789.0,789.5,229722,18220362400,0.0,-1.3125000000000053,I.DCE
2026-05-21,791.0,797.0,789.5,792.0,201957,16012945600,0.0,0.3166561114629429,I.DCE
2026-05-24,790.5,805.0,790.0,793.0,295875,23578274150,0.0,0.12626262626262985,I.DCE
2026-05-25,794.5,795.0,778.5,781.0,347543,27261570000,0.0,-1.5132408575031508,I.DCE
2026-05-26,781.0,785.0,777.0,781.5,180200,14081731900,0.0,0.0640204865556937,I.DCE
2026-05-27,781.0,783.5,777.5,780.5,161984,12637937000,0.0,-0.1279590531030106,I.DCE
2026-05-28,781.0,787.0,778.0,783.5,191742,15003870300,0.0,0.384368994234463,I.DCE
2026-05-31,782.0,783.5,777.0,781.0,225336,17588511650,0.0,-0.319081046585834,I.DCE
2026-06-01,783.0,787.0,781.5,786.5,218424,17139394750,0.0,0.7042253521126751,I.DCE
2026-06-02,786.5,787.0,778.0,780.0,227981,17836251150,0.0,-0.8264462809917328,I.DCE
2026-06-03,780.0,780.0,766.0,767.5,328796,25424408000,0.0,-1.602564102564108,I.DCE
2026-06-04,767.5,769.5,760.5,766.0,266015,20355803300,0.0,-0.1954397394136831,I.DCE
2026-06-07,766.0,768.0,756.0,759.0,253919,19345581950,0.0,-0.9138381201044377,I.DCE
2026-06-08,759.0,764.5,756.5,760.0,217843,16563298200,0.0,0.13175230566535578,I.DCE
2026-06-09,760.5,778.5,760.0,771.5,314157,24117141950,0.0,1.5131578947368496,I.DCE
2026-06-10,769.0,771.5,762.5,764.0,193746,14857444300,0.0,-0.9721322099805585,I.DCE
2026-06-11,767.5,768.5,763.0,764.0,174656,13378763900,0.0,0.0,I.DCE
2026-06-14,764.0,774.0,762.0,771.5,243130,18691233250,0.0,0.981675392670156,I.DCE
2026-06-15,771.0,773.5,762.0,762.0,204664,15712366400,0.0,-1.2313674659753748,I.DCE
2026-06-16,762.0,764.5,747.0,747.5,290102,21918033200,0.0,-1.9028871391076119,I.DCE
2026-06-17,748.5,749.5,743.0,747.0,287358,21437569850,0.0,-0.06688963210702559,I.DCE
2026-06-21,746.0,749.0,739.0,739.5,191787,14248421650,0.0,-1.0040160642570295,I.DCE
2026-06-22,741.0,744.0,734.0,738.5,209722,15489835700,0.0,-0.13522650439485862,I.DCE
2026-06-23,740.0,747.5,737.0,744.0,233032,17314821600,0.0,0.7447528774543022,I.DCE
2026-06-24,747.0,749.0,735.0,735.0,245490,18222589350,0.0,-1.2096774193548376,I.DCE
2026-06-25,735.0,754.0,730.5,748.0,348398,25821431550,0.0,1.7687074829932037,I.DCE
