date,open,high,low,close,volume,amount,turn,pct_change,windcode
2020-01-01,2867,2903,2862,2901,1034459,65339054800,0.0,,P.DCE
2020-01-02,2913,2931,2880,2883,2002282,127548259300,0.0,-0.6204756980351611,P.DCE
2020-01-05,2898,2934,2875,2890,1831934,116443370800,0.0,0.24280263614291364,P.DCE
2020-01-06,2876,2907,2853,2903,1788748,112747818000,0.0,0.44982698961937295,P.DCE
2020-01-07,2892,2924,2872,2884,1602134,101517407600,0.0,-0.6544953496383066,P.DCE
2020-01-08,2880,2918,2865,2916,1863960,118073115399,0.0,1.109570041608876,P.DCE
2020-01-09,2920,2957,2893,2955,2288248,146575728400,0.0,1.337448559670773,P.DCE
2020-01-12,2953,2953,2885,2915,1733897,110987384300,0.0,-1.3536379018612488,P.DCE
2020-01-13,2901,2903,2838,2841,1964663,123326868600,0.0,-2.538593481989704,P.DCE
2020-01-14,2821,2864,2810,2815,1957505,121490892700,0.0,-0.915170714537139,P.DCE
2020-01-15,2807,2820,2784,2787,2137462,131143393200,0.0,-0.994671403197156,P.DCE
2020-01-16,2787,2806,2781,2797,1143525,69984396100,0.0,0.35880875493361497,P.DCE
2020-01-19,2776,2793,2757,2787,1329582,80791716900,0.0,-0.3575259206292425,P.DCE
2020-01-20,2797,2800,2694,2703,1596112,95875115100,0.0,-3.0139935414424057,P.DCE
2020-01-21,2724,2775,2689,2771,1405408,83972710100,0.0,2.515723270440251,P.DCE
2020-01-22,2790,2825,2742,2783,1402347,85596272600,0.0,0.4330566582461115,P.DCE
2020-02-02,2592,2592,2592,2592,122242,6938455900,0.0,-6.863097376931371,P.DCE
2020-02-03,2516,2617,2516,2580,730053,41183153600,0.0,-0.462962962962965,P.DCE
2020-02-04,2576,2636,2569,2635,859397,49126816800,0.0,2.131782945736438,P.DCE
2020-02-05,2656,2695,2652,2688,967490,56698757300,0.0,2.011385199240978,P.DCE
2020-02-06,2671,2701,2654,2699,782999,45848844100,0.0,0.40922619047618625,P.DCE
2020-02-09,2671,2688,2643,2646,779894,45536652400,0.0,-1.9636902556502411,P.DCE
2020-02-10,2641,2660,2593,2598,1111110,64012673000,0.0,-1.814058956916098,P.DCE
2020-02-11,2603,2611,2535,2554,1228689,69071347500,0.0,-1.6936104695919885,P.DCE
2020-02-12,2571,2581,2522,2547,1492111,83456467200,0.0,-0.27407987470634554,P.DCE
2020-02-13,2546,2546,2500,2515,1358460,74958317200,0.0,-1.2563800549666326,P.DCE
2020-02-16,2517,2566,2516,2558,992975,55325219700,0.0,1.7097415506958313,P.DCE
2020-02-17,2555,2567,2512,2517,1048472,58187552300,0.0,-1.602814698983579,P.DCE
2020-02-18,2522,2538,2481,2486,1365090,74847265700,0.0,-1.2316249503377064,P.DCE
2020-02-19,2471,2517,2459,2513,1579869,85888820200,0.0,1.0860820595333776,P.DCE
2020-02-20,2514,2536,2500,2507,1176612,64888623700,0.0,-0.23875845602865375,P.DCE
2020-02-23,2512,2513,2461,2468,1060370,57720755700,0.0,-1.555644196250494,P.DCE
2020-02-24,2442,2447,2412,2428,1006097,53416071400,0.0,-1.620745542949753,P.DCE
2020-02-25,2379,2406,2370,2392,993123,51940250400,0.0,-1.4827018121911006,P.DCE
2020-02-26,2375,2402,2356,2370,1047757,54578919200,0.0,-0.9197324414715768,P.DCE
2020-02-27,2352,2373,2260,2260,1570949,79653195300,0.0,-4.641350210970463,P.DCE
2020-03-01,2261,2314,2259,2299,916246,46027070900,0.0,1.725663716814152,P.DCE
2020-03-02,2306,2330,2258,2270,1217786,61019951300,0.0,-1.2614180078294956,P.DCE
2020-03-03,2287,2317,2268,2307,1319124,66108561900,0.0,1.6299559471365743,P.DCE
2020-03-04,2338,2399,2325,2375,1568001,81193784700,0.0,2.9475509319462523,P.DCE
2020-03-05,2347,2349,2321,2332,968153,49553340900,0.0,-1.8105263157894735,P.DCE
2020-03-08,2221,2236,2221,2221,251840,12272821100,0.0,-4.759862778730706,P.DCE
2020-03-09,2222,2285,2180,2237,1237866,60636453900,0.0,0.7203962179198609,P.DCE
2020-03-10,2242,2267,2213,2214,859600,42193960000,0.0,-1.0281627179257957,P.DCE
2020-03-11,2205,2216,2130,2152,1185639,56043369100,0.0,-2.8003613369466995,P.DCE
2020-03-12,2118,2144,2067,2135,1068356,49227132900,0.0,-0.7899628252788116,P.DCE
2020-03-15,2102,2151,2084,2102,1012293,46923310000,0.0,-1.5456674473067866,P.DCE
2020-03-16,2092,2167,2081,2150,1381448,64195190900,0.0,2.283539486203612,P.DCE
2020-03-17,2158,2223,2126,2134,1702290,81210593300,0.0,-0.7441860465116301,P.DCE
2020-03-18,2155,2166,2087,2133,1703723,79499138100,0.0,-0.046860356138711534,P.DCE
2020-03-19,2160,2175,2111,2127,992057,46496740100,0.0,-0.2812939521800284,P.DCE
2020-03-22,2115,2118,2073,2090,921510,42276299800,0.0,-1.73953925716972,P.DCE
2020-03-23,2126,2182,2117,2181,1008862,47446028400,0.0,4.354066985645932,P.DCE
2020-03-24,2187,2246,2167,2243,1035513,49873174800,0.0,2.842732691425942,P.DCE
2020-03-25,2228,2237,2154,2163,976398,47087626800,0.0,-3.566651805617471,P.DCE
2020-03-26,2175,2212,2166,2192,405617,19372468200,0.0,1.3407304669440512,P.DCE
2020-03-29,2200,2249,2186,2234,363081,17627593300,0.0,1.9160583941605802,P.DCE
2020-03-30,2250,2261,2181,2184,384654,18592673500,0.0,-2.2381378692927445,P.DCE
2020-03-31,2196,2205,2144,2162,426011,20239487900,0.0,-1.0073260073260037,P.DCE
2020-04-01,2137,2195,2129,2183,467277,21958068500,0.0,0.971322849213685,P.DCE
2020-04-02,2181,2190,2118,2137,517872,24223290099,0.0,-2.1071919377004145,P.DCE
2020-04-06,2160,2188,2153,2173,475173,22491931100,0.0,1.6846045858680325,P.DCE
2020-04-07,2176,2232,2173,2221,799877,38591550400,0.0,2.2089277496548654,P.DCE
2020-04-08,2225,2256,2222,2244,717408,35095935900,0.0,1.035569563259786,P.DCE
2020-04-09,2204,2220,2166,2179,922388,44097547400,0.0,-2.8966131907308346,P.DCE
2020-04-12,2200,2207,2151,2152,752112,35736020600,0.0,-1.2391005048187242,P.DCE
2020-04-13,2145,2160,2124,2145,689814,32221825900,0.0,-0.32527881040892437,P.DCE
2020-04-14,2140,2166,2136,2156,585068,27495234800,0.0,0.512820512820511,P.DCE
2020-04-15,2146,2175,2102,2102,1039264,48575456600,0.0,-2.504638218923938,P.DCE
2020-04-16,2110,2151,2091,2150,887743,41070262900,0.0,2.283539486203612,P.DCE
2020-04-19,2146,2159,2124,2143,702546,32820363400,0.0,-0.32558139534883956,P.DCE
2020-04-20,2115,2124,2035,2044,1020156,45913279900,0.0,-4.6196920205319625,P.DCE
2020-04-21,2012,2055,2006,2022,867780,38492996600,0.0,-1.0763209393346407,P.DCE
2020-04-22,2038,2066,2027,2052,882042,39335918100,0.0,1.4836795252225476,P.DCE
2020-04-23,2055,2056,1996,1999,807928,35688775000,0.0,-2.582846003898631,P.DCE
2020-04-26,1986,2005,1960,1983,899583,38952494800,0.0,-0.8004002001000488,P.DCE
2020-04-27,1992,1995,1971,1983,639026,27644377100,0.0,0.0,P.DCE
2020-04-28,1998,2015,1987,1993,543746,23722172100,0.0,0.5042864346949116,P.DCE
2020-04-29,2013,2047,2011,2046,504551,22329623000,0.0,2.659307576517822,P.DCE
2020-05-05,1999,2021,1976,1991,613481,26692431500,0.0,-2.6881720430107503,P.DCE
2020-05-06,1972,2007,1964,1991,743181,32226972200,0.0,0.0,P.DCE
2020-05-07,2003,2023,1996,2008,817788,35854414400,0.0,0.8538422903063836,P.DCE
2020-05-10,2021,2047,2014,2022,946295,41917631000,0.0,0.6972111553784854,P.DCE
2020-05-11,2026,2032,1973,1989,796863,34784246600,0.0,-1.6320474777448024,P.DCE
2020-05-12,1999,2021,1982,2017,792362,34564769400,0.0,1.4077425842131674,P.DCE
2020-05-13,2017,2027,1991,2005,730641,31954489600,0.0,-0.594942984630642,P.DCE
2020-05-14,2010,2064,2009,2061,1040240,46264494100,0.0,2.7930174563590926,P.DCE
2020-05-17,2055,2092,2052,2083,946494,42787906300,0.0,1.0674429888403614,P.DCE
2020-05-18,2091,2107,2076,2096,819584,37360528500,0.0,0.6240998559769562,P.DCE
2020-05-19,2106,2119,2080,2090,824678,37770035700,0.0,-0.2862595419847347,P.DCE
2020-05-20,2096,2116,2087,2096,795446,36430474000,0.0,0.2870813397129135,P.DCE
2020-05-21,2115,2129,2052,2055,1319583,60151783000,0.0,-1.956106870229013,P.DCE
2020-05-24,2061,2107,2050,2106,921611,41787527400,0.0,2.481751824817513,P.DCE
2020-05-25,2106,2121,2095,2117,694371,31929580700,0.0,0.5223171889838563,P.DCE
2020-05-26,2117,2156,2101,2153,1020048,47389373300,0.0,1.7005196032120917,P.DCE
2020-05-27,2167,2194,2161,2173,1173720,55650677500,0.0,0.9289363678588014,P.DCE
2020-05-28,2174,2190,2158,2186,917211,43492267300,0.0,0.5982512655315242,P.DCE
2020-05-31,2192,2226,2169,2215,1006714,48197647000,0.0,1.3266239707227845,P.DCE
2020-06-01,2194,2221,2188,2203,816058,39185874400,0.0,-0.5417607223476284,P.DCE
2020-06-02,2227,2254,2215,2243,963480,47002314700,0.0,1.8157058556513839,P.DCE
2020-06-03,2265,2265,2224,2254,1002000,49077536900,0.0,0.49041462327239493,P.DCE
2020-06-04,2233,2256,2230,2253,802316,39254060400,0.0,-0.04436557231588534,P.DCE
2020-06-07,2261,2262,2213,2252,1021064,49795530300,0.0,-0.04438526409231702,P.DCE
2020-06-08,2251,2314,2231,2307,1292162,63964390400,0.0,2.442273534635886,P.DCE
2020-06-09,2299,2329,2287,2304,1243130,62519666100,0.0,-0.13003901170350884,P.DCE
2020-06-10,2287,2303,2269,2286,1168929,58294631000,0.0,-0.78125,P.DCE
2020-06-11,2278,2281,2214,2256,1208870,59268701400,0.0,-1.3123359580052507,P.DCE
2020-06-14,2270,2295,2210,2225,1337436,65843101300,0.0,-1.3741134751773076,P.DCE
2020-06-15,2230,2292,2225,2290,1087226,53723122300,0.0,2.921348314606731,P.DCE
2020-06-16,2299,2312,2280,2310,1154212,57866970300,0.0,0.8733624454148492,P.DCE
2020-06-17,2300,2321,2289,2295,952487,47812285500,0.0,-0.649350649350644,P.DCE
2020-06-18,2299,2367,2291,2362,1218495,62038728600,0.0,2.9193899782135047,P.DCE
2020-06-21,2378,2383,2350,2361,844239,43534722400,0.0,-0.042337002540215884,P.DCE
2020-06-22,2361,2367,2323,2341,1065871,54566893600,0.0,-0.8470986869970387,P.DCE
2020-06-23,2359,2360,2335,2345,674019,34460443300,0.0,0.17086715079026593,P.DCE
2020-06-28,2293,2301,2251,2259,753148,37328852700,0.0,-3.6673773987206837,P.DCE
2020-06-29,2270,2299,2264,2291,679625,33859759300,0.0,1.4165559982292963,P.DCE
2020-06-30,2270,2279,2239,2270,1041940,51338006700,0.0,-0.9166302924487169,P.DCE
2020-07-01,2268,2291,2254,2287,930987,46130907200,0.0,0.7488986784141005,P.DCE
2020-07-02,2284,2319,2283,2306,919151,46225105500,0.0,0.8307826847398392,P.DCE
2020-07-05,2302,2346,2285,2338,1047422,52850203200,0.0,1.3876843018213458,P.DCE
2020-07-06,2333,2348,2282,2291,985870,49784379600,0.0,-2.010265183917881,P.DCE
2020-07-07,2292,2332,2283,2319,916157,46234693700,0.0,1.222173723264941,P.DCE
2020-07-08,2329,2346,2320,2332,824443,41942619700,0.0,0.5605864596808896,P.DCE
2020-07-09,2332,2335,2272,2273,1125677,56390121500,0.0,-2.530017152658659,P.DCE
2020-07-12,2295,2326,2260,2318,1142252,57139640300,0.0,1.979762428508569,P.DCE
2020-07-13,2314,2392,2302,2385,1533379,78270883400,0.0,2.890422778257129,P.DCE
2020-07-14,2394,2427,2381,2412,1421375,74590894200,0.0,1.132075471698113,P.DCE
2020-07-15,2430,2468,2397,2431,1713751,90991053400,0.0,0.7877280265339959,P.DCE
2020-07-16,2420,2508,2413,2492,1665180,89579649800,0.0,2.509255450431924,P.DCE
2020-07-19,2508,2576,2488,2542,1845902,102127124500,0.0,2.006420545746379,P.DCE
2020-07-20,2550,2551,2477,2525,1648353,90249386600,0.0,-0.668764752163653,P.DCE
2020-07-21,2521,2584,2517,2532,1628038,90553391800,0.0,0.2772277227722775,P.DCE
2020-07-22,2537,2612,2513,2607,1657444,92397786400,0.0,2.962085308056861,P.DCE
2020-07-23,2607,2671,2587,2615,2104457,120686777200,0.0,0.30686612965094007,P.DCE
2020-07-26,2637,2665,2597,2630,1539375,88542077899,0.0,0.5736137667303964,P.DCE
2020-07-27,2605,2644,2549,2563,1578753,89351571500,0.0,-2.5475285171102646,P.DCE
2020-07-28,2560,2589,2542,2578,1130375,63329783099,0.0,0.5852516582130374,P.DCE
2020-07-29,2584,2620,2575,2614,1104926,62570962300,0.0,1.3964313421256813,P.DCE
2020-07-30,2614,2617,2537,2605,1086031,61280867800,0.0,-0.34429992348891103,P.DCE
2020-08-02,2611,2708,2609,2684,1223421,71164860800,0.0,3.0326295585412666,P.DCE
2020-08-03,2679,2753,2663,2744,1020558,60222143800,0.0,2.235469448584193,P.DCE
2020-08-04,2730,2741,2679,2699,983905,58242581400,0.0,-1.639941690962099,P.DCE
2020-08-05,2699,2731,2685,2729,819126,48408460599,0.0,1.1115227862171118,P.DCE
2020-08-06,2745,2792,2676,2698,1033614,61711743600,0.0,-1.1359472334188325,P.DCE
2020-08-09,2713,2727,2618,2681,957161,55911397000,0.0,-0.6300963676797666,P.DCE
2020-08-10,2675,2732,2625,2654,742591,43462581200,0.0,-1.0070869078702027,P.DCE
2020-08-11,2642,2650,2597,2615,615746,35164346400,0.0,-1.4694800301431776,P.DCE
2020-08-12,2638,2696,2628,2695,544067,31569474600,0.0,3.0592734225621365,P.DCE
2020-08-13,2681,2686,2654,2661,628634,35472307900,0.0,-1.261595547309835,P.DCE
2020-08-16,2658,2737,2628,2700,976133,55566613400,0.0,1.4656144306651742,P.DCE
2020-08-17,2700,2715,2665,2687,786637,44767863400,0.0,-0.48148148148148273,P.DCE
2020-08-18,2710,2752,2682,2734,979981,56228053200,0.0,1.7491626349088296,P.DCE
2020-08-19,2735,2744,2647,2654,941702,53722066900,0.0,-2.9261155815654694,P.DCE
2020-08-20,2655,2674,2628,2653,783964,43924466300,0.0,-0.037678975131871795,P.DCE
2020-08-23,2641,2663,2625,2645,750039,41924274200,0.0,-0.30154542027892584,P.DCE
2020-08-24,2659,2687,2611,2613,877240,49037376800,0.0,-1.209829867674861,P.DCE
2020-08-25,2611,2645,2597,2641,816936,45266365400,0.0,1.071565250669737,P.DCE
2020-08-26,2637,2682,2631,2681,812678,45602523500,0.0,1.5145778114350694,P.DCE
2020-08-27,2683,2749,2681,2727,941470,54017586500,0.0,1.715777694889975,P.DCE
2020-08-30,2721,2787,2715,2771,746821,43516938900,0.0,1.6134946828016083,P.DCE
2020-08-31,2784,2789,2736,2785,679847,39782290600,0.0,0.5052327679538005,P.DCE
2020-09-01,2776,2807,2748,2799,713779,41876871900,0.0,0.502692998204668,P.DCE
2020-09-02,2788,2858,2772,2814,911361,54274921300,0.0,0.5359056806002238,P.DCE
2020-09-03,2836,2839,2756,2773,1126498,66658535500,0.0,-1.4570007107320593,P.DCE
2020-09-06,2776,2802,2741,2773,835749,48930926800,0.0,0.0,P.DCE
2020-09-07,2769,2831,2754,2825,806826,47767875100,0.0,1.875225387666779,P.DCE
2020-09-08,2802,2818,2765,2774,974821,57488405100,0.0,-1.8053097345132718,P.DCE
2020-09-09,2774,2808,2749,2784,1079265,63242073600,0.0,0.36049026676279183,P.DCE
2020-09-10,2783,2787,2738,2781,789822,46193014000,0.0,-0.10775862068965747,P.DCE
2020-09-13,2779,2886,2769,2885,882254,52797587500,0.0,3.7396619920891716,P.DCE
2020-09-14,2881,2911,2865,2875,808801,49263072200,0.0,-0.34662045060658286,P.DCE
2020-09-15,2892,2917,2875,2897,1000560,61155105400,0.0,0.7652173913043514,P.DCE
2020-09-16,2897,2978,2883,2949,994482,61808445100,0.0,1.7949603037625161,P.DCE
2020-09-17,2939,3044,2937,3021,1051917,66680414000,0.0,2.4415055951169995,P.DCE
2020-09-20,3028,3085,3007,3067,1163359,75118132900,0.0,1.522674611055952,P.DCE
2020-09-21,3029,3032,2915,2924,1417876,89184945300,0.0,-4.66253668079557,P.DCE
2020-09-22,2939,2963,2845,2852,1316138,80693646400,0.0,-2.4623803009575895,P.DCE
2020-09-23,2835,2878,2771,2787,1260855,75135012600,0.0,-2.27910238429172,P.DCE
2020-09-24,2769,2799,2749,2787,1025658,60139173300,0.0,0.0,P.DCE
2020-09-27,2797,2847,2769,2787,1012155,60069826700,0.0,0.0,P.DCE
2020-09-28,2797,2826,2766,2808,803295,47500689900,0.0,0.753498385360607,P.DCE
2020-09-29,2778,2785,2698,2715,958843,55276808000,0.0,-3.3119658119658113,P.DCE
2020-10-08,2816,2889,2804,2878,543562,32737629400,0.0,6.003683241252311,P.DCE
2020-10-11,2877,2982,2874,2961,919631,57125404900,0.0,2.883947185545521,P.DCE
2020-10-12,2948,2966,2904,2947,980766,60944185700,0.0,-0.47281323877068626,P.DCE
2020-10-13,2959,2973,2920,2970,951574,59204620599,0.0,0.7804546996946105,P.DCE
2020-10-14,2963,2969,2891,2906,1102219,68332407200,0.0,-2.154882154882154,P.DCE
2020-10-15,2868,2883,2808,2864,1186330,71456016500,0.0,-1.4452856159669625,P.DCE
2020-10-18,2877,2881,2753,2767,1152081,68410768700,0.0,-3.386871508379885,P.DCE
2020-10-19,2754,2815,2735,2812,975272,57152612000,0.0,1.6263100831225064,P.DCE
2020-10-20,2820,2871,2792,2851,1110999,66442400800,0.0,1.3869132290184938,P.DCE
2020-10-21,2840,2899,2783,2897,1129922,67932006600,0.0,1.6134689582602668,P.DCE
2020-10-22,2898,2923,2869,2875,1022103,62589432500,0.0,-0.7594062823610637,P.DCE
2020-10-25,2882,2970,2853,2928,1085738,66979922000,0.0,1.8434782608695688,P.DCE
2020-10-26,2982,2998,2936,2964,982327,61455815000,0.0,1.2295081967213184,P.DCE
2020-10-27,2961,3003,2931,2982,1166701,73089541400,0.0,0.6072874493927127,P.DCE
2020-10-28,2938,2990,2909,2974,1138516,71060407100,0.0,-0.26827632461435824,P.DCE
2020-10-29,2953,3056,2928,2950,1632751,103086164500,0.0,-0.806993947545398,P.DCE
2020-11-01,2969,2987,2893,2907,1214430,75504023900,0.0,-1.457627118644067,P.DCE
2020-11-02,2924,3017,2906,3009,1098660,68824762500,0.0,3.5087719298245723,P.DCE
2020-11-03,3026,3064,2988,3032,1307631,83443455200,0.0,0.764373546028585,P.DCE
2020-11-04,3038,3098,2998,3068,1476148,95013646000,0.0,1.187335092348274,P.DCE
2020-11-05,3098,3127,3069,3088,1273375,83329510200,0.0,0.6518904823989535,P.DCE
2020-11-08,3067,3132,3017,3021,1278949,83198668300,0.0,-2.169689119170981,P.DCE
2020-11-09,3086,3095,3020,3052,1227054,79459758600,0.0,1.0261502813637913,P.DCE
2020-11-10,3076,3155,3069,3144,1081640,71297857300,0.0,3.0144167758846763,P.DCE
2020-11-11,3152,3170,3116,3137,979434,65027746500,0.0,-0.22264631043257266,P.DCE
2020-11-12,3147,3176,3112,3157,1063443,70734869100,0.0,0.6375518010838466,P.DCE
2020-11-15,3163,3210,3139,3185,1220976,81946682700,0.0,0.8869179600886845,P.DCE
2020-11-16,3186,3256,3176,3249,1044656,70922587400,0.0,2.009419152276304,P.DCE
2020-11-17,3224,3240,3211,3225,860532,58658943700,0.0,-0.7386888273314907,P.DCE
2020-11-18,3265,3326,3257,3311,1047731,73011763200,0.0,2.6666666666666616,P.DCE
2020-11-19,3278,3307,3200,3208,1234026,85098983600,0.0,-3.110842645726364,P.DCE
2020-11-22,3209,3225,3136,3141,1121243,75317047900,0.0,-2.0885286783042356,P.DCE
2020-11-23,3177,3187,3102,3180,1119258,74573995300,0.0,1.241642788920716,P.DCE
2020-11-24,3152,3213,3145,3185,848502,57052413000,0.0,0.15723270440251014,P.DCE
2020-11-25,3188,3204,3155,3162,750923,50441625000,0.0,-0.7221350078492894,P.DCE
2020-11-26,3176,3205,3150,3194,956695,64274958400,0.0,1.0120177103099204,P.DCE
2020-11-29,3223,3254,3115,3130,1026938,69224856300,0.0,-2.003757044458354,P.DCE
2020-11-30,3130,3160,3081,3153,778267,51481950500,0.0,0.7348242811501704,P.DCE
2020-12-01,3155,3169,3082,3083,726661,48020247800,0.0,-2.2201078338090707,P.DCE
2020-12-02,3076,3159,2982,3153,733018,47983896800,0.0,2.2705157314304225,P.DCE
2020-12-03,3161,3195,3137,3182,684900,45881685599,0.0,0.9197589597208955,P.DCE
2020-12-06,3209,3241,3175,3206,606678,41118670600,0.0,0.7542426147077341,P.DCE
2020-12-07,3194,3220,3143,3144,585911,39426167900,0.0,-1.933873986275736,P.DCE
2020-12-08,3147,3204,3128,3189,464511,31025607100,0.0,1.4312977099236734,P.DCE
2020-12-09,3176,3218,3108,3148,385938,26157240600,0.0,-1.2856694888679798,P.DCE
2020-12-10,3174,3307,3168,3289,391089,27115598500,0.0,4.479034307496832,P.DCE
2020-12-13,3270,3329,3210,3326,608697,39841397600,0.0,1.1249619945272071,P.DCE
2020-12-14,3330,3348,3277,3295,653060,43178715000,0.0,-0.9320505111244715,P.DCE
2020-12-15,3302,3375,3295,3365,669406,44600023099,0.0,2.124430955993928,P.DCE
2020-12-16,3353,3368,3325,3341,599257,40051806000,0.0,-0.7132243684992545,P.DCE
2020-12-17,3337,3410,3331,3398,739053,49780974400,0.0,1.706076025142167,P.DCE
2020-12-20,3410,3430,3353,3395,620558,42090426100,0.0,-0.08828722778104758,P.DCE
2020-12-21,3365,3443,3269,3291,961706,64527981200,0.0,-3.0633284241531666,P.DCE
2020-12-22,3330,3360,3283,3348,782833,51953381200,0.0,1.731996353691878,P.DCE
2020-12-23,3406,3488,3406,3474,997324,68643015500,0.0,3.7634408602150504,P.DCE
2020-12-24,3469,3528,3469,3523,545595,38092224700,0.0,1.4104778353483116,P.DCE
2020-12-27,3522,3523,3394,3421,777317,53764200199,0.0,-2.895259721827992,P.DCE
2020-12-28,3425,3438,3386,3403,571445,38941942700,0.0,-0.5261619409529406,P.DCE
2020-12-29,3418,3528,3406,3462,684320,47247667699,0.0,1.7337643255950663,P.DCE
2020-12-30,3463,3505,3436,3474,541778,37614396500,0.0,0.34662045060658286,P.DCE
2020-12-31,3476,3476,3476,3476,0,0,0.0,0.05757052389177009,P.DCE
2021-01-03,3495,3561,3484,3518,498302,35155101400,0.0,1.2082853855005737,P.DCE
2021-01-04,3531,3551,3475,3517,526478,36954717400,0.0,-0.02842524161454918,P.DCE
2021-01-05,3549,3631,3526,3625,733666,52406546500,0.0,3.0707989764003463,P.DCE
2021-01-06,3639,3670,3625,3654,692610,50449395599,0.0,0.8000000000000007,P.DCE
2021-01-07,3631,3655,3591,3629,581116,42071271000,0.0,-0.6841817186644783,P.DCE
2021-01-10,3634,3684,3551,3565,908187,65634241300,0.0,-1.7635712317442875,P.DCE
2021-01-11,3577,3582,3482,3558,648291,45847531900,0.0,-0.19635343618513712,P.DCE
2021-01-12,3511,3580,3488,3528,704351,49675069400,0.0,-0.8431703204047181,P.DCE
2021-01-13,3528,3529,3400,3402,736457,50850957300,0.0,-3.57142857142857,P.DCE
2021-01-14,3385,3467,3313,3328,859909,58110416200,0.0,-2.175191064079951,P.DCE
2021-01-17,3319,3389,3291,3367,673089,44948996800,0.0,1.171875,P.DCE
2021-01-18,3379,3384,3305,3343,601159,40126024800,0.0,-0.7128007128007097,P.DCE
2021-01-19,3328,3353,3239,3269,825468,54308609900,0.0,-2.2135806162129845,P.DCE
2021-01-20,3269,3316,3253,3297,549629,36067629100,0.0,0.8565310492505418,P.DCE
2021-01-21,3314,3331,3227,3239,644837,42109370700,0.0,-1.7591750075826473,P.DCE
2021-01-24,3250,3297,3200,3282,790798,51349748700,0.0,1.3275702377276932,P.DCE
2021-01-25,3252,3333,3246,3263,739447,48508002200,0.0,-0.5789152955514965,P.DCE
2021-01-26,3298,3383,3285,3376,739667,49396891700,0.0,3.46307079374808,P.DCE
2021-01-27,3395,3406,3340,3363,606811,40882345500,0.0,-0.38507109004739526,P.DCE
2021-01-28,3383,3410,3350,3391,670329,45293817900,0.0,0.8325899494499023,P.DCE
2021-01-31,3415,3433,3346,3354,635485,43025520599,0.0,-1.091123562370977,P.DCE
2021-02-01,3368,3372,3298,3340,690395,46052107100,0.0,-0.4174120453190211,P.DCE
2021-02-02,3325,3329,3232,3245,657804,42908497300,0.0,-2.844311377245512,P.DCE
2021-02-03,3216,3282,3207,3272,640790,41478706800,0.0,0.8320493066255708,P.DCE
2021-02-04,3280,3316,3258,3302,554444,36433589600,0.0,0.916870415647919,P.DCE
2021-02-07,3297,3352,3295,3344,483151,32077811800,0.0,1.2719563900666309,P.DCE
2021-02-08,3348,3460,3348,3457,575915,39250282100,0.0,3.3791866028708206,P.DCE
2021-02-09,3455,3463,3424,3446,459411,31611607500,0.0,-0.31819496673416436,P.DCE
2021-02-17,3555,3594,3549,3572,375644,26818676300,0.0,3.656413232733602,P.DCE
2021-02-18,3555,3633,3542,3614,596528,42691247900,0.0,1.1758118701007847,P.DCE
2021-02-21,3614,3701,3606,3645,497474,36221960400,0.0,0.8577753182069658,P.DCE
2021-02-22,3630,3720,3614,3686,493949,36143046300,0.0,1.1248285322359441,P.DCE
2021-02-23,3706,3761,3682,3747,526879,39196301800,0.0,1.6549104720564367,P.DCE
2021-02-24,3742,3846,3716,3809,561126,42359495000,0.0,1.6546570589805132,P.DCE
2021-02-25,3850,3851,3714,3773,651240,49082815100,0.0,-0.9451299553688619,P.DCE
2021-02-28,3757,3896,3737,3795,593073,45210909500,0.0,0.5830903790087438,P.DCE
2021-03-01,3776,3798,3681,3688,613293,45709892699,0.0,-2.819499341238474,P.DCE
2021-03-02,3720,3735,3638,3686,722202,53085686100,0.0,-0.05422993492407713,P.DCE
2021-03-03,3682,3764,3647,3739,643184,47629683400,0.0,1.4378730330982137,P.DCE
2021-03-04,3739,3774,3677,3753,682194,50938582500,0.0,0.37443166622090907,P.DCE
2021-03-07,3766,3972,3762,3894,710915,55044452200,0.0,3.7569944044764103,P.DCE
2021-03-08,3894,3929,3809,3815,569933,44264664900,0.0,-2.0287621982537196,P.DCE
2021-03-09,3881,3921,3772,3902,793522,60964516800,0.0,2.280471821756236,P.DCE
2021-03-10,3896,3948,3832,3925,783100,60693023900,0.0,0.5894413121476205,P.DCE
2021-03-11,3965,4067,3952,3991,933982,74843840200,0.0,1.681528662420373,P.DCE
2021-03-14,3991,4073,3969,4006,660287,52886392900,0.0,0.37584565271862047,P.DCE
2021-03-15,4006,4069,3939,3943,662134,53041024200,0.0,-1.572641038442335,P.DCE
2021-03-16,3915,3937,3873,3936,710912,55399245900,0.0,-0.17752979964493765,P.DCE
2021-03-17,3925,3937,3834,3896,749399,58278910400,0.0,-1.0162601626016232,P.DCE
2021-03-18,3875,3896,3803,3833,663704,50982359600,0.0,-1.617043121149897,P.DCE
2021-03-21,3853,3924,3839,3907,565283,43780406100,0.0,1.9306026611009663,P.DCE
2021-03-22,3938,4157,3938,4060,705038,56734115900,0.0,3.916048118761206,P.DCE
2021-03-23,4030,4048,3997,4029,508090,40823161500,0.0,-0.7635467980295574,P.DCE
2021-03-24,4024,4038,3991,4014,481154,38605039900,0.0,-0.37230081906179935,P.DCE
2021-03-25,3984,3991,3750,3768,890300,68468291800,0.0,-6.128550074738415,P.DCE
2021-03-28,3768,3790,3665,3760,579259,43506551700,0.0,-0.2123142250530785,P.DCE
2021-03-29,3804,3809,3677,3707,565877,42319804100,0.0,-1.4095744680851063,P.DCE
2021-03-30,3683,3688,3599,3669,465907,33994210800,0.0,-1.025087671971947,P.DCE
2021-03-31,3701,3818,3606,3785,764284,56705962800,0.0,3.161624420823106,P.DCE
2021-04-01,3790,3822,3734,3789,448461,33801729000,0.0,0.10568031704094594,P.DCE
2021-04-05,3806,3889,3765,3874,330382,25240923400,0.0,2.2433359725521296,P.DCE
2021-04-06,3889,3956,3860,3891,412682,32226723300,0.0,0.43882292204440176,P.DCE
2021-04-07,3891,3907,3809,3834,377203,29071752900,0.0,-1.4649190439475768,P.DCE
2021-04-08,3849,3864,3791,3792,367393,28110648400,0.0,-1.0954616588419452,P.DCE
2021-04-11,3792,3824,3697,3723,341816,25673096000,0.0,-1.8196202531645556,P.DCE
2021-04-12,3719,3769,3675,3755,546921,36696901800,0.0,0.8595218909481561,P.DCE
2021-04-13,3773,3805,3744,3781,472399,32162354200,0.0,0.6924101198402033,P.DCE
2021-04-14,3779,3852,3754,3834,552862,37997390300,0.0,1.4017455699550485,P.DCE
2021-04-15,3841,3949,3824,3933,587247,41317026900,0.0,2.5821596244131495,P.DCE
2021-04-18,3936,3984,3904,3924,515513,36604929000,0.0,-0.22883295194507935,P.DCE
2021-04-19,3926,4008,3910,4005,594556,42328494100,0.0,2.064220183486243,P.DCE
2021-04-20,4041,4123,4021,4120,610333,44780383200,0.0,2.871410736579283,P.DCE
2021-04-21,4091,4204,4077,4168,737926,55327866100,0.0,1.1650485436893288,P.DCE
2021-04-22,4179,4249,4162,4242,705199,53615382300,0.0,1.775431861804222,P.DCE
2021-04-25,4185,4291,4075,4087,948047,71366690700,0.0,-3.653936822253656,P.DCE
2021-04-26,4081,4179,4024,4162,899258,66601137400,0.0,1.835086860778068,P.DCE
2021-04-27,4191,4219,4057,4105,949471,70786029000,0.0,-1.3695338779432964,P.DCE
2021-04-28,4130,4210,4125,4175,655431,49346200000,0.0,1.705237515225333,P.DCE
2021-04-29,4202,4207,4071,4107,710152,53042950500,0.0,-1.6287425149700607,P.DCE
2021-05-05,4224,4398,4224,4373,517961,40510466500,0.0,6.476747017287554,P.DCE
2021-05-06,4373,4479,4342,4449,655909,52354010599,0.0,1.7379373427852673,P.DCE
2021-05-09,4491,4501,4379,4409,853357,68382683500,0.0,-0.8990784445942923,P.DCE
2021-05-10,4416,4464,4344,4433,685019,54569201900,0.0,0.5443411204354653,P.DCE
2021-05-11,4447,4625,4410,4622,812215,66379783900,0.0,4.263478457026837,P.DCE
2021-05-12,4590,4672,4535,4643,886987,73484193600,0.0,0.4543487667676427,P.DCE
2021-05-13,4592,4617,4440,4522,1031361,84263159700,0.0,-2.6060736592720235,P.DCE
2021-05-16,4540,4672,4449,4482,1069353,87910487400,0.0,-0.884564352056616,P.DCE
2021-05-17,4490,4614,4462,4583,772535,63270021600,0.0,2.253458277554654,P.DCE
2021-05-18,4638,4641,4477,4513,903637,74129824500,0.0,-1.5273838097316195,P.DCE
2021-05-19,4434,4499,4336,4491,900681,71605185700,0.0,-0.48748061156658196,P.DCE
2021-05-20,4380,4398,4235,4240,1155448,90176523000,0.0,-5.588955689156094,P.DCE
2021-05-23,4224,4265,4115,4195,939970,71350972100,0.0,-1.0613207547169767,P.DCE
2021-05-24,4191,4266,4188,4227,745130,56800059800,0.0,0.7628128724672223,P.DCE
2021-05-25,4227,4299,4148,4274,867575,66361642800,0.0,1.1118996924532665,P.DCE
2021-05-26,4246,4266,4130,4137,916858,69434246600,0.0,-3.2054281703322363,P.DCE
2021-05-27,4157,4295,4152,4232,836979,63935149700,0.0,2.296350012086057,P.DCE
2021-05-30,4207,4298,4145,4183,1007232,76408850700,0.0,-1.1578449905482069,P.DCE
2021-05-31,4183,4230,4153,4207,697525,52779449800,0.0,0.5737508964857696,P.DCE
2021-06-01,4215,4331,4198,4328,905813,69569581600,0.0,2.8761587829807533,P.DCE
2021-06-02,4357,4532,4357,4509,924391,74219350700,0.0,4.182070240295754,P.DCE
2021-06-03,4490,4505,4390,4402,824400,66002855900,0.0,-2.373031714349083,P.DCE
2021-06-06,4449,4534,4385,4414,819156,65711072699,0.0,0.27260336210812586,P.DCE
2021-06-07,4414,4438,4236,4244,924718,72333212800,0.0,-3.851381966470324,P.DCE
2021-06-08,4264,4347,4236,4248,821400,63698019100,0.0,0.09425070688029447,P.DCE
2021-06-09,4202,4294,4179,4263,882205,67226085400,0.0,0.3531073446327637,P.DCE
2021-06-10,4217,4253,4107,4120,972714,73246098300,0.0,-3.3544452263664093,P.DCE
2021-06-14,3857,3936,3840,3909,797295,55746714600,0.0,-5.12135922330097,P.DCE
2021-06-15,3936,3969,3801,3815,921041,64607361600,0.0,-2.4047070862113107,P.DCE
2021-06-16,3817,3871,3729,3835,996902,68693065400,0.0,0.5242463958060384,P.DCE
2021-06-17,3736,3818,3662,3710,1193964,80500657700,0.0,-3.25945241199479,P.DCE
2021-06-20,3778,3848,3733,3778,1167513,79458935000,0.0,1.8328840970350369,P.DCE
2021-06-21,3770,3900,3760,3837,959498,66063899600,0.0,1.5616728427739535,P.DCE
2021-06-22,3826,3944,3809,3871,928508,64804901300,0.0,0.8861089392754762,P.DCE
2021-06-23,3862,3901,3793,3803,985548,68369791000,0.0,-1.7566520278997633,P.DCE
2021-06-24,3791,3911,3775,3890,970885,67322090100,0.0,2.28766763081778,P.DCE
2021-06-27,3902,3924,3759,3918,1137642,78875816800,0.0,0.7197943444730015,P.DCE
2021-06-28,3918,3949,3842,3899,940251,66220244500,0.0,-0.48494129657988827,P.DCE
2021-06-29,3960,4009,3940,4008,880665,63207217600,0.0,2.795588612464739,P.DCE
2021-06-30,3985,4153,3978,4146,1016385,74660462300,0.0,3.4431137724550975,P.DCE
2021-07-01,4195,4217,4126,4217,922988,69479165900,0.0,1.7124939700916553,P.DCE
2021-07-04,4233,4268,4172,4219,908934,69140122500,0.0,0.0474270808631827,P.DCE
2021-07-05,4219,4314,4218,4294,828171,63856161600,0.0,1.7776724342261296,P.DCE
2021-07-06,4268,4270,4152,4212,1164231,88450727400,0.0,-1.909641360037262,P.DCE
2021-07-07,4185,4236,4130,4218,952690,71954252300,0.0,0.14245014245013454,P.DCE
2021-07-08,4185,4335,4173,4331,1024499,78413069400,0.0,2.6789947842579487,P.DCE
2021-07-11,4331,4402,4300,4307,826437,64749529600,0.0,-0.5541445393673516,P.DCE
2021-07-12,4294,4378,4293,4325,727366,56812794200,0.0,0.41792430926399504,P.DCE
2021-07-13,4355,4388,4275,4373,919460,71915421600,0.0,1.1098265895953752,P.DCE
2021-07-14,4372,4447,4308,4418,892734,70630406000,0.0,1.029041847701806,P.DCE
2021-07-15,4451,4513,4411,4464,917860,73814289100,0.0,1.0411951109099205,P.DCE
2021-07-18,4495,4600,4487,4500,856878,70181574200,0.0,0.8064516129032251,P.DCE
2021-07-19,4463,4576,4414,4550,860331,69552580100,0.0,1.1111111111111072,P.DCE
2021-07-20,4550,4569,4431,4481,810324,65901064800,0.0,-1.5164835164835133,P.DCE
2021-07-21,4489,4519,4437,4493,820595,66287278700,0.0,0.26779736665922815,P.DCE
2021-07-22,4472,4625,4452,4615,1040716,85182787500,0.0,2.715334965501892,P.DCE
2021-07-25,4627,4661,4538,4637,866563,71966419700,0.0,0.4767063921993442,P.DCE
2021-07-26,4673,4765,4648,4732,800295,67998709800,0.0,2.048738408453743,P.DCE
2021-07-27,4735,4751,4651,4661,721072,61362273200,0.0,-1.500422654268807,P.DCE
2021-07-28,4646,4718,4628,4709,744642,62762955500,0.0,1.0298219266251962,P.DCE
2021-07-29,4739,4771,4674,4769,940798,80045990500,0.0,1.2741558717349832,P.DCE
2021-08-01,4719,4757,4518,4518,1102472,92020862700,0.0,-5.263157894736848,P.DCE
2021-08-02,4502,4580,4443,4539,901951,73296150700,0.0,0.4648074369189903,P.DCE
2021-08-03,4493,4687,4493,4668,804762,66516895599,0.0,2.8420356906807775,P.DCE
2021-08-04,4656,4724,4630,4671,740129,62405871600,0.0,0.06426735218509894,P.DCE
2021-08-05,4656,4730,4632,4704,758218,63877282400,0.0,0.7064868336544627,P.DCE
2021-08-08,4728,4817,4674,4728,832904,71216815500,0.0,0.5102040816326481,P.DCE
2021-08-09,4655,4812,4647,4800,683942,58534919900,0.0,1.522842639593902,P.DCE
2021-08-10,4802,4988,4776,4985,822180,72230211300,0.0,3.8541666666666696,P.DCE
2021-08-11,4989,5032,4969,4991,717305,64668511000,0.0,0.1203610832497537,P.DCE
2021-08-12,4983,5033,4903,4938,657103,58888345800,0.0,-1.0619114405930663,P.DCE
2021-08-15,4967,5079,4917,4922,723428,65193847800,0.0,-0.3240178209801492,P.DCE
2021-08-16,4883,5025,4883,4960,418326,37404161100,0.0,0.772043884599749,P.DCE
2021-08-17,4926,4952,4762,4811,1047424,86270078200,0.0,-3.004032258064515,P.DCE
2021-08-18,4801,4868,4732,4815,843896,68847029300,0.0,0.08314279775514244,P.DCE
2021-08-19,4778,4800,4674,4749,904298,72665697500,0.0,-1.3707165109034247,P.DCE
2021-08-22,4724,4807,4617,4763,1093667,87698328699,0.0,0.29479890503263384,P.DCE
2021-08-23,4814,4829,4727,4813,890080,72064445100,0.0,1.0497585555322209,P.DCE
2021-08-24,4813,4899,4802,4884,822133,67672014000,0.0,1.4751714107625213,P.DCE
2021-08-25,4886,4976,4841,4866,880942,73474945900,0.0,-0.3685503685503688,P.DCE
2021-08-26,4877,4917,4785,4870,999073,82529105000,0.0,0.08220304151254076,P.DCE
2021-08-29,4862,4963,4823,4835,943638,78167118600,0.0,-0.7186858316221789,P.DCE
2021-08-30,4816,4906,4793,4894,767937,63285552100,0.0,1.220268872802488,P.DCE
2021-08-31,4859,4880,4737,4745,897153,72979138000,0.0,-3.0445443400081706,P.DCE
2021-09-01,4729,4768,4691,4723,772998,62081895900,0.0,-0.4636459430980011,P.DCE
2021-09-02,4756,4940,4725,4901,1045524,85602441900,0.0,3.7687910226550825,P.DCE
2021-09-05,4901,4945,4862,4920,740375,61608763300,0.0,0.38767598449296337,P.DCE
2021-09-06,4906,4993,4881,4945,821121,68639283500,0.0,0.5081300813008172,P.DCE
2021-09-07,4965,4996,4872,4974,889749,74636288700,0.0,0.5864509605662205,P.DCE
2021-09-08,5021,5064,4909,5001,1025139,86669099400,0.0,0.5428226779252032,P.DCE
2021-09-09,4979,5021,4802,4804,1241812,103632896000,0.0,-3.9392121575684835,P.DCE
2021-09-12,4804,4917,4791,4872,829633,68491298700,0.0,1.4154870940882525,P.DCE
2021-09-13,4879,4896,4807,4877,788485,64978402300,0.0,0.10262725779968118,P.DCE
2021-09-14,4894,4981,4840,4974,988141,82395575500,0.0,1.9889276194381855,P.DCE
2021-09-15,4982,5098,4959,5046,860190,73324575200,0.0,1.4475271411338975,P.DCE
2021-09-16,5018,5047,4808,4826,1080889,90290374800,0.0,-4.359889021006735,P.DCE
2021-09-21,4802,4943,4777,4930,623892,51592579100,0.0,2.154993783671788,P.DCE
2021-09-22,4945,5108,4908,5105,935638,79339210200,0.0,3.549695740365122,P.DCE
2021-09-23,5106,5146,5022,5130,821466,71043167700,0.0,0.48971596474045587,P.DCE
2021-09-26,5115,5159,5047,5055,907757,78648493700,0.0,-1.4619883040935644,P.DCE
2021-09-27,5055,5100,4954,5097,818636,70063819600,0.0,0.8308605341246222,P.DCE
2021-09-28,5091,5119,5013,5075,772558,66458434900,0.0,-0.4316264469295672,P.DCE
2021-09-29,5086,5250,5068,5237,813786,71456024400,0.0,3.192118226600993,P.DCE
2021-10-07,5507,5560,5449,5544,600513,56151179200,0.0,5.862134810005726,P.DCE
2021-10-10,5597,5693,5542,5575,857933,81516111200,0.0,0.5591630591630592,P.DCE
2021-10-11,5568,5632,5465,5533,738288,69504340400,0.0,-0.7533632286995551,P.DCE
2021-10-12,5509,5626,5357,5588,1078022,100879528000,0.0,0.994035785288272,P.DCE
2021-10-13,5613,5661,5411,5469,989920,92554658699,0.0,-2.1295633500357902,P.DCE
2021-10-14,5472,5563,5424,5551,690253,64376591400,0.0,1.499360029255814,P.DCE
2021-10-17,5580,5688,5502,5655,1000094,95041066199,0.0,1.87353629976581,P.DCE
2021-10-18,5630,5735,5590,5725,850722,81842941000,0.0,1.2378426171529622,P.DCE
2021-10-19,5703,5802,5580,5782,943228,91020330399,0.0,0.9956331877729152,P.DCE
2021-10-20,5792,5954,5779,5792,1009591,100784057500,0.0,0.17295053614665434,P.DCE
2021-10-21,5727,5769,5472,5548,1294196,123350131100,0.0,-4.212707182320441,P.DCE
2021-10-24,5580,5674,5516,5645,875282,83244113000,0.0,1.7483777937995715,P.DCE
2021-10-25,5657,5779,5623,5716,929665,90045163100,0.0,1.2577502214349057,P.DCE
2021-10-26,5713,5736,5589,5643,999548,96291524000,0.0,-1.2771168649405196,P.DCE
2021-10-27,5641,5645,5454,5563,1312414,123893062300,0.0,-1.4176856282119399,P.DCE
2021-10-28,5581,5759,5574,5756,969922,93122457200,0.0,3.469351069566784,P.DCE
2021-10-31,5744,5782,5637,5641,997192,96884708900,0.0,-1.9979152189020133,P.DCE
2021-11-01,5675,5761,5582,5707,989931,95732032000,0.0,1.170005318205991,P.DCE
2021-11-02,5725,5872,5648,5857,912863,89110301500,0.0,2.628351147713337,P.DCE
2021-11-03,5852,5857,5594,5606,928260,90137155700,0.0,-4.285470377326273,P.DCE
2021-11-04,5662,5682,5503,5583,934836,88588887200,0.0,-0.4102747056724976,P.DCE
2021-11-07,5556,5556,5150,5443,1721731,156591967100,0.0,-2.5076123947698425,P.DCE
2021-11-08,5452,5470,5203,5266,989018,89453540100,0.0,-3.251883152673163,P.DCE
2021-11-09,5285,5476,5253,5460,797502,72367558900,0.0,3.684010634257495,P.DCE
2021-11-10,5474,5568,5436,5514,786925,73659393400,0.0,0.9890109890109855,P.DCE
2021-11-11,5514,5607,5462,5555,716182,67452231700,0.0,0.7435618425825075,P.DCE
2021-11-14,5535,5678,5494,5573,791102,74971771700,0.0,0.32403240324032634,P.DCE
2021-11-15,5573,5713,5555,5592,813457,77709988100,0.0,0.34092948142832036,P.DCE
2021-11-16,5616,5709,5574,5695,619192,59287030100,0.0,1.8419170243204608,P.DCE
2021-11-17,5715,5767,5654,5745,781387,75725463600,0.0,0.8779631255487308,P.DCE
2021-11-18,5774,5881,5752,5879,771036,75886672300,0.0,2.3324630113141787,P.DCE
2021-11-21,5821,5903,5688,5711,1101556,108155719300,0.0,-2.8576288484436163,P.DCE
2021-11-22,5733,5852,5604,5609,956823,93107474600,0.0,-1.7860269655051608,P.DCE
2021-11-23,5603,5681,5554,5647,743532,70896766200,0.0,0.6774826172223136,P.DCE
2021-11-24,5662,5753,5628,5719,637649,61595878500,0.0,1.2750132813883486,P.DCE
2021-11-25,5685,5696,5560,5579,827867,79064411000,0.0,-2.44798041615667,P.DCE
2021-11-28,5523,5685,5462,5548,875573,82806304100,0.0,-0.5556551353289141,P.DCE
2021-11-29,5548,5596,5353,5389,844834,78368571000,0.0,-2.865897620764235,P.DCE
2021-11-30,5330,5476,5304,5455,674950,61672527300,0.0,1.2247170161439946,P.DCE
2021-12-01,5455,5474,5297,5363,673868,61603797000,0.0,-1.6865261228230954,P.DCE
2021-12-02,5374,5594,5345,5587,735819,68233697600,0.0,4.176766735036352,P.DCE
2021-12-05,5593,5661,5576,5587,515522,49135903200,0.0,0.0,P.DCE
2021-12-06,5592,5725,5587,5653,518683,49725417600,0.0,1.1813137640952265,P.DCE
2021-12-07,5683,5689,5488,5521,579798,55065201400,0.0,-2.3350433398195647,P.DCE
2021-12-08,5521,5588,5457,5462,469589,43981247200,0.0,-1.0686469842419832,P.DCE
2021-12-09,5416,5510,5358,5399,412515,38027925000,0.0,-1.1534236543390697,P.DCE
2021-12-12,5438,5479,5300,5366,650528,52081851000,0.0,-0.6112243007964424,P.DCE
2021-12-13,5358,5397,5240,5260,668190,52806275000,0.0,-1.9754006708907923,P.DCE
2021-12-14,5241,5283,5090,5159,813776,63015766100,0.0,-1.9201520912547565,P.DCE
2021-12-15,5129,5269,5129,5252,665595,51541171900,0.0,1.8026749370033013,P.DCE
2021-12-16,5265,5391,5238,5358,697238,55396253900,0.0,2.0182787509520184,P.DCE
2021-12-19,5327,5355,5176,5179,713256,55986017699,0.0,-3.3407988055244475,P.DCE
2021-12-20,5167,5356,5160,5326,687947,53974195300,0.0,2.8383857887622987,P.DCE
2021-12-21,5351,5421,5319,5393,579000,46295698600,0.0,1.257979722117919,P.DCE
2021-12-22,5389,5502,5386,5460,767299,62287082300,0.0,1.2423511959948064,P.DCE
2021-12-23,5441,5637,5424,5637,715756,58899220199,0.0,3.2417582417582524,P.DCE
2021-12-26,5637,5655,5592,5610,555609,46464675500,0.0,-0.47897817988291624,P.DCE
2021-12-27,5608,5723,5586,5692,712993,59905371700,0.0,1.461675579322641,P.DCE
2021-12-28,5735,5746,5574,5597,634816,53425343300,0.0,-1.6690091356289516,P.DCE
2021-12-29,5608,5719,5600,5691,658193,55546255100,0.0,1.6794711452563948,P.DCE
2021-12-30,5671,5754,5644,5745,680360,57639368300,0.0,0.9488666315234484,P.DCE
2022-01-03,5785,5879,5746,5833,586409,50786283200,0.0,1.53176675369886,P.DCE
2022-01-04,5870,5993,5842,5924,676539,59602225700,0.0,1.5600891479513157,P.DCE
2022-01-05,5953,5988,5840,5864,676666,59617367200,0.0,-1.0128291694800784,P.DCE
2022-01-06,5899,5976,5875,5952,620716,54857623400,0.0,1.500682128240105,P.DCE
2022-01-09,5954,6057,5831,6032,897496,79311985700,0.0,1.3440860215053752,P.DCE
2022-01-10,5984,5997,5894,5996,655832,58056933000,0.0,-0.5968169761273234,P.DCE
2022-01-11,6023,6050,5934,5989,641506,57198731000,0.0,-0.11674449633088946,P.DCE
2022-01-12,5984,6100,5983,6035,708360,63677049600,0.0,0.768074803806984,P.DCE
2022-01-13,6079,6109,5948,6089,909247,81521879200,0.0,0.8947804473902199,P.DCE
2022-01-16,6081,6096,5933,6074,826021,74153431500,0.0,-0.24634586960091687,P.DCE
2022-01-17,6087,6173,6075,6159,625279,57065482300,0.0,1.3994073098452464,P.DCE
2022-01-18,6155,6344,6134,6239,769480,71518885300,0.0,1.2989121610651022,P.DCE
2022-01-19,6239,6352,6235,6325,569947,53401362699,0.0,1.3784260298124629,P.DCE
2022-01-20,6327,6415,6297,6401,622262,58798890700,0.0,1.2015810276679861,P.DCE
2022-01-23,6454,6512,6363,6363,693161,66416135100,0.0,-0.5936572410560892,P.DCE
2022-01-24,6356,6376,6259,6337,629701,59232348500,0.0,-0.4086122898004141,P.DCE
2022-01-25,6337,6446,6286,6433,563544,53432493500,0.0,1.5149124191257801,P.DCE
2022-01-26,6450,6571,6422,6552,556767,53991333400,0.0,1.8498367791077275,P.DCE
2022-01-27,6567,6689,6567,6675,606948,59836823000,0.0,1.8772893772893706,P.DCE
2022-02-06,6727,6990,6727,6828,568300,58322381200,0.0,2.292134831460668,P.DCE
2022-02-07,6828,6875,6665,6711,644260,64922046400,0.0,-1.7135325131810153,P.DCE
2022-02-08,6667,6668,6522,6633,667401,65503311700,0.0,-1.1622708985248087,P.DCE
2022-02-09,6757,6805,6638,6692,721646,72025756600,0.0,0.8894919342680607,P.DCE
2022-02-10,6700,6739,6577,6673,840616,83362365300,0.0,-0.28392109982068314,P.DCE
2022-02-13,6718,6861,6692,6777,689736,69524543600,0.0,1.5585194065637742,P.DCE
2022-02-14,6766,6872,6708,6866,700893,70764537300,0.0,1.3132654566917479,P.DCE
2022-02-15,6782,6848,6645,6841,865340,86809593400,0.0,-0.3641130206816223,P.DCE
2022-02-16,6800,6848,6723,6809,798203,80743919300,0.0,-0.46776787019441324,P.DCE
2022-02-17,6827,7025,6827,7004,943428,97413961900,0.0,2.863856660302533,P.DCE
2022-02-20,6964,7136,6938,7075,707740,74175894000,0.0,1.0137064534551765,P.DCE
2022-02-21,7086,7262,7048,7236,693345,74019015700,0.0,2.275618374558297,P.DCE
2022-02-22,7169,7684,7090,7511,1227393,134247479200,0.0,3.800442233278045,P.DCE
2022-02-23,7465,7808,7465,7791,1231587,139674019900,0.0,3.727865796831309,P.DCE
2022-02-24,7828,7951,7520,7633,1421086,162966774100,0.0,-2.0279810037222457,P.DCE
2022-02-27,7458,7700,7301,7661,1198617,133805870700,0.0,0.36682824577491946,P.DCE
2022-02-28,7657,8099,7566,8078,1061216,123978967700,0.0,5.443153635295661,P.DCE
2022-03-01,8211,8467,8109,8291,1508462,186627572000,0.0,2.636791284971518,P.DCE
2022-03-02,8225,8598,8201,8486,936944,117345556700,0.0,2.3519478953081707,P.DCE
2022-03-03,8399,8463,7751,7875,1387781,167421688800,0.0,-7.200094272920099,P.DCE
2022-03-06,7942,8317,7828,8004,1063980,126922197300,0.0,1.6380952380952385,P.DCE
2022-03-07,7966,8195,7652,8040,1134306,133580382100,0.0,0.4497751124437732,P.DCE
2022-03-08,7910,8545,7834,8545,1008090,122423033300,0.0,6.281094527363185,P.DCE
2022-03-09,8423,8463,8004,8234,1217371,149500848900,0.0,-3.6395552954944455,P.DCE
2022-03-10,8332,8567,8154,8295,957568,119163110600,0.0,0.7408307019674432,P.DCE
2022-03-13,8221,8238,7693,7693,997551,118010066400,0.0,-7.257383966244724,P.DCE
2022-03-14,7730,7756,7378,7399,825401,92869143800,0.0,-3.821656050955413,P.DCE
2022-03-15,7431,7801,7391,7672,766513,87078971199,0.0,3.6896877956480667,P.DCE
2022-03-16,7761,7821,7282,7349,913498,102517113000,0.0,-4.210114702815437,P.DCE
2022-03-17,7545,7653,7386,7430,899250,100287444200,0.0,1.1021907742549963,P.DCE
2022-03-20,7210,7465,7077,7324,731937,79034676700,0.0,-1.4266487213997259,P.DCE
2022-03-21,7308,7578,7269,7568,605751,66933052100,0.0,3.331512834516648,P.DCE
2022-03-22,7568,7732,7492,7715,539143,60956666700,0.0,1.9423890063424931,P.DCE
2022-03-23,7794,8122,7646,7656,664929,78021201700,0.0,-0.7647440051847032,P.DCE
2022-03-24,7599,7869,7571,7779,554815,63812671200,0.0,1.6065830721003094,P.DCE
2022-03-27,7794,7950,7685,7781,467140,54260130500,0.0,0.025710245532839515,P.DCE
2022-03-28,7781,7876,7674,7838,408564,47237862000,0.0,0.7325536563423718,P.DCE
2022-03-29,7660,7761,7564,7740,407473,46535721500,0.0,-1.2503189589180952,P.DCE
2022-03-30,7742,7806,7593,7724,308246,35308457600,0.0,-0.20671834625323182,P.DCE
2022-03-31,7666,7746,7274,7339,396110,44357060300,0.0,-4.98446400828586,P.DCE
2022-04-05,7498,7869,7449,7825,194741,22263988200,0.0,6.622155607030922,P.DCE
2022-04-06,7762,7919,7724,7808,588405,60047982699,0.0,-0.21725239616613434,P.DCE
2022-04-07,7828,7957,7805,7948,534455,54958528400,0.0,1.7930327868852514,P.DCE
2022-04-10,7966,8067,7843,7902,604041,62641989200,0.0,-0.578761952692497,P.DCE
2022-04-11,7862,8196,7833,8159,597927,62610846700,0.0,3.252341179448237,P.DCE
2022-04-12,8192,8290,8100,8147,585298,62513315100,0.0,-0.14707684765289386,P.DCE
2022-04-13,8198,8428,8166,8374,594317,64358220500,0.0,2.7863017061495077,P.DCE
2022-04-14,8354,8621,8302,8620,626677,69177682900,0.0,2.937664198710288,P.DCE
2022-04-17,8621,8848,8587,8644,791837,89720270300,0.0,0.27842227378189754,P.DCE
2022-04-18,8698,8845,8684,8788,630094,72138915500,0.0,1.6658954187875885,P.DCE
2022-04-19,8724,8808,8437,8532,853993,96164281400,0.0,-2.9130632680928525,P.DCE
2022-04-20,8537,8695,8485,8595,651964,72932231500,0.0,0.7383966244725704,P.DCE
2022-04-21,8551,8716,8455,8497,866278,96914711900,0.0,-1.1401977894124449,P.DCE
2022-04-24,8821,9210,8520,8541,1391734,161052029000,0.0,0.5178298222902278,P.DCE
2022-04-25,8437,8771,8351,8744,924623,102933013100,0.0,2.376770869921563,P.DCE
2022-04-26,8752,8949,8736,8936,799306,92253210200,0.0,2.1957913998170264,P.DCE
2022-04-27,9454,9471,8948,9187,1039306,123722052100,0.0,2.8088630259623937,P.DCE
2022-04-28,9166,9505,9118,9427,970098,117859731000,0.0,2.612387068684008,P.DCE
2022-05-04,9204,9411,9025,9115,535438,63930340500,0.0,-3.309642516176936,P.DCE
2022-05-05,9075,9238,8837,8868,886187,104071416600,0.0,-2.709818979703782,P.DCE
2022-05-08,8859,8960,8750,8873,734015,84781597300,0.0,0.0563824988723427,P.DCE
2022-05-09,8837,8928,8673,8860,802111,92155928900,0.0,-0.14651189000337572,P.DCE
2022-05-10,8836,8949,8699,8882,833122,95798593200,0.0,0.2483069977426533,P.DCE
2022-05-11,8888,9002,8736,8744,854048,98796602200,0.0,-1.5537041206935331,P.DCE
2022-05-12,8729,9052,8713,8953,732838,85053523699,0.0,2.3902104300091542,P.DCE
2022-05-15,8953,9064,8827,8928,716590,83343339300,0.0,-0.27923601027588507,P.DCE
2022-05-16,8928,9002,8652,8756,799712,91930301700,0.0,-1.926523297491034,P.DCE
2022-05-17,8805,8905,8762,8831,656747,75612936100,0.0,0.8565555047967077,P.DCE
2022-05-18,8836,8893,8686,8860,732017,83923348400,0.0,0.32838863095911996,P.DCE
2022-05-19,8669,9038,8598,9022,1223010,139960828600,0.0,1.828442437923261,P.DCE
2022-05-22,8910,9049,8882,8986,641799,75016244000,0.0,-0.39902460651740634,P.DCE
2022-05-23,9018,9147,8951,9112,691262,81618578300,0.0,1.402181170710004,P.DCE
2022-05-24,9201,9215,9063,9104,602504,71795436300,0.0,-0.08779631255487752,P.DCE
2022-05-25,9104,9104,8942,9057,640090,75323199000,0.0,-0.5162565905096672,P.DCE
2022-05-26,9126,9425,9086,9278,764240,92453925300,0.0,2.4401015788892533,P.DCE
2022-05-29,9149,9324,8991,8999,791876,94599702200,0.0,-3.007113602069411,P.DCE
2022-05-30,8974,9186,8960,9100,577255,68315152000,0.0,1.1223469274363795,P.DCE
2022-05-31,9112,9121,8988,9109,569227,67309091800,0.0,0.09890109890109411,P.DCE
2022-06-01,9109,9255,9025,9252,584286,69849953300,0.0,1.5698759468657286,P.DCE
2022-06-05,9344,9357,9138,9265,428934,51672632200,0.0,0.14051015996541238,P.DCE
2022-06-06,9250,9364,9178,9327,523087,63203595300,0.0,0.6691851052347486,P.DCE
2022-06-07,9269,9497,9238,9315,671459,81833543400,0.0,-0.1286587327114841,P.DCE
2022-06-08,9327,9354,8811,8830,997200,118187267000,0.0,-5.206655931293613,P.DCE
2022-06-09,8831,8957,8821,8830,568782,65902545400,0.0,0.0,P.DCE
2022-06-12,8712,8770,8581,8653,727872,82465702300,0.0,-2.004530011325023,P.DCE
2022-06-13,8644,8799,8564,8758,631668,71490675300,0.0,1.2134519819715806,P.DCE
2022-06-14,8758,8768,8425,8426,726308,81331211400,0.0,-3.790819821877145,P.DCE
2022-06-15,8452,8506,8232,8278,731167,79985675800,0.0,-1.7564680750059347,P.DCE
2022-06-16,8271,8333,8164,8235,638473,68595454400,0.0,-0.5194491423049064,P.DCE
2022-06-19,8213,8239,7781,7828,880600,91912474400,0.0,-4.942319368548875,P.DCE
2022-06-20,7785,7880,7580,7649,980604,98658977600,0.0,-2.286663260091981,P.DCE
2022-06-21,7670,7819,7415,7449,949512,94491679000,0.0,-2.6147208785462173,P.DCE
2022-06-22,7248,7414,7181,7368,1144692,109156392700,0.0,-1.0873942811115533,P.DCE
2022-06-23,7376,7535,6912,6986,1464874,137209005600,0.0,-5.1845819761129235,P.DCE
2022-06-26,7073,7250,6892,7162,1092008,101166047600,0.0,2.5193243630117435,P.DCE
2022-06-27,7325,7486,7202,7466,1008857,96135320900,0.0,4.244624406590347,P.DCE
2022-06-28,7466,7495,7251,7296,897303,86177885200,0.0,-2.2769890168765072,P.DCE
2022-06-29,7346,7400,7213,7336,754788,72055508300,0.0,0.5482456140350811,P.DCE
2022-06-30,7302,7310,6713,6852,1167903,106242077000,0.0,-6.597600872410037,P.DCE
2022-07-03,6915,6917,6691,6826,764773,68050005300,0.0,-0.3794512551079987,P.DCE
2022-07-04,6740,6776,6428,6477,1134633,97878005100,0.0,-5.1128039847641364,P.DCE
2022-07-05,6434,6452,5955,6147,1425471,114648155300,0.0,-5.094951366373324,P.DCE
2022-07-06,6213,6248,5920,6085,1546925,122795052200,0.0,-1.008622092077438,P.DCE
2022-07-07,6204,6464,6204,6319,1289295,106529187500,0.0,3.8455217748561976,P.DCE
2022-07-10,6266,6480,6127,6289,1104104,90828232000,0.0,-0.4747586643456203,P.DCE
2022-07-11,6251,6357,6112,6148,1093220,88655553900,0.0,-2.242009858483063,P.DCE
2022-07-12,6065,6085,5717,5901,1217203,93228594400,0.0,-4.017566688353935,P.DCE
2022-07-13,5716,6044,5664,5921,1309373,100179278400,0.0,0.3389256058295098,P.DCE
2022-07-14,5768,5961,5685,5700,1195044,90288989700,0.0,-3.7324776220233113,P.DCE
2022-07-17,5785,6196,5776,6167,1212765,94412289800,0.0,8.192982456140353,P.DCE
2022-07-18,6213,6328,6010,6056,1182432,95167062300,0.0,-1.7999027079617314,P.DCE
2022-07-19,6009,6378,5970,6222,1260215,102156866000,0.0,2.741083223249663,P.DCE
2022-07-20,6213,6263,6003,6053,1044987,83623374100,0.0,-2.716168434586952,P.DCE
2022-07-21,5975,6076,5866,5969,1095355,85177882400,0.0,-1.3877416157277334,P.DCE
2022-07-24,5967,6098,5915,5935,856140,66927037300,0.0,-0.5696096498575942,P.DCE
2022-07-25,5972,6317,5970,6196,1018857,81865967800,0.0,4.397641112047168,P.DCE
2022-07-26,6202,6242,5943,6039,915849,72415393900,0.0,-2.533892834086504,P.DCE
2022-07-27,6113,6449,6069,6437,1001712,81797026500,0.0,6.590495115085271,P.DCE
2022-07-28,6408,6655,6366,6607,1045524,89088816700,0.0,2.640981823830968,P.DCE
2022-07-31,6721,6786,6452,6506,997778,86183161100,0.0,-1.5286817012259757,P.DCE
2022-08-01,6443,6501,6154,6228,1088436,89927741400,0.0,-4.272978788810333,P.DCE
2022-08-02,6228,6288,6090,6210,1068181,86274148100,0.0,-0.28901734104046506,P.DCE
2022-08-03,6243,6279,5924,6000,951830,75429832700,0.0,-3.3816425120772986,P.DCE
2022-08-04,6050,6294,5992,6237,887256,70957605300,0.0,3.950000000000009,P.DCE
2022-08-07,6213,6513,6145,6506,800975,66268644100,0.0,4.312970979637654,P.DCE
2022-08-08,6461,6595,6394,6475,778559,65768080000,0.0,-0.4764832462342494,P.DCE
2022-08-09,6515,6572,6400,6440,741329,62690657300,0.0,-0.540540540540535,P.DCE
2022-08-10,6489,6633,6458,6612,725945,62078646000,0.0,2.6708074534161463,P.DCE
2022-08-11,6659,6800,6610,6773,647412,56595388300,0.0,2.434966727162724,P.DCE
2022-08-14,6727,6846,6645,6679,619786,54463334500,0.0,-1.3878635759633884,P.DCE
2022-08-15,6520,6745,6477,6635,536867,46343493200,0.0,-0.6587812546788419,P.DCE
2022-08-16,6647,6684,6509,6618,429229,36926207000,0.0,-0.25621703089675485,P.DCE
2022-08-17,6597,6613,6380,6399,796242,66177291200,0.0,-3.309156844968264,P.DCE
2022-08-18,6440,6527,6327,6465,785430,64665629100,0.0,1.0314111579934337,P.DCE
2022-08-21,6435,6697,6385,6665,822362,69162690200,0.0,3.0935808197989134,P.DCE
2022-08-22,6629,6788,6540,6574,843162,71763707400,0.0,-1.3653413353338362,P.DCE
2022-08-23,6644,6862,6619,6819,796410,68698860000,0.0,3.7268025555217577,P.DCE
2022-08-24,6785,6855,6701,6743,749993,64873070000,0.0,-1.1145329227159384,P.DCE
2022-08-25,6710,6808,6655,6740,762897,65789895100,0.0,-0.044490582826639535,P.DCE
2022-08-28,6704,6785,6574,6757,848730,72611568200,0.0,0.25222551928782977,P.DCE
2022-08-29,6735,6751,6541,6602,814119,69223856000,0.0,-2.293917418972913,P.DCE
2022-08-30,6566,6727,6524,6713,722239,61198929300,0.0,1.6813086943350486,P.DCE
2022-08-31,6638,6716,6366,6402,965601,81089468300,0.0,-4.632802025919858,P.DCE
2022-09-01,6379,6394,6146,6211,935464,75010994000,0.0,-2.983442674164327,P.DCE
2022-09-04,6244,6358,6205,6303,709280,56943693300,0.0,1.4812429560457252,P.DCE
2022-09-05,6291,6314,6178,6296,781184,62496899100,0.0,-0.11105822624146722,P.DCE
2022-09-06,6208,6283,6044,6077,1001563,79074608700,0.0,-3.4783989834815787,P.DCE
2022-09-07,6105,6124,6010,6024,763194,59200915900,0.0,-0.8721408589764668,P.DCE
2022-09-08,5941,6097,5933,6006,793301,61165547300,0.0,-0.29880478087649376,P.DCE
2022-09-12,6136,6283,6094,6218,612072,48488761200,0.0,3.5298035298035213,P.DCE
2022-09-13,6192,6289,6167,6210,724110,57708324700,0.0,-0.1286587327114841,P.DCE
2022-09-14,6222,6297,6125,6152,755377,60014181900,0.0,-0.9339774557165836,P.DCE
2022-09-15,6133,6174,6033,6083,646057,50483606900,0.0,-1.1215864759427818,P.DCE
2022-09-18,6083,6257,6066,6071,767415,60518305700,0.0,-0.19727108334702814,P.DCE
2022-09-19,6074,6074,5928,5971,883140,67515656000,0.0,-1.6471750947125718,P.DCE
2022-09-20,5977,6188,5919,6171,825932,63851351700,0.0,3.349522693016249,P.DCE
2022-09-21,6183,6244,6071,6174,831857,65652360500,0.0,0.0486144871171712,P.DCE
2022-09-22,6203,6213,6010,6064,851764,66354679100,0.0,-1.7816650469711703,P.DCE
2022-09-25,5992,5996,5653,5705,1051560,78260638500,0.0,-5.920184696569919,P.DCE
2022-09-26,5739,5769,5569,5675,899461,65263945300,0.0,-0.5258545135845782,P.DCE
2022-09-27,5684,5703,5484,5514,967481,69264628300,0.0,-2.8370044052863475,P.DCE
2022-09-28,5462,5605,5380,5555,1094071,76920080700,0.0,0.7435618425825075,P.DCE
2022-09-29,5589,5655,5495,5545,894897,63739168900,0.0,-0.18001800180017513,P.DCE
2022-10-09,6056,6056,5853,5897,604769,45736316400,0.0,6.348061316501363,P.DCE
2022-10-10,5941,6027,5880,6011,822405,62775189500,0.0,1.9331863659487913,P.DCE
2022-10-11,5956,6078,5925,6005,911535,69835502900,0.0,-0.09981700216270539,P.DCE
2022-10-12,5972,6083,5922,5939,868392,66659558700,0.0,-1.0990840965861781,P.DCE
2022-10-13,5863,6121,5803,6110,1076036,82030765900,0.0,2.879272604815619,P.DCE
2022-10-16,6071,6086,5947,6008,844160,65006557699,0.0,-1.6693944353518786,P.DCE
2022-10-17,6064,6252,6030,6224,935070,73289166300,0.0,3.595206391478034,P.DCE
2022-10-18,6239,6389,6205,6363,899113,72543528400,0.0,2.2332904884318827,P.DCE
2022-10-19,6357,6533,6333,6413,862097,70750380100,0.0,0.7857928650007784,P.DCE
2022-10-20,6425,6494,6350,6404,784328,64378973800,0.0,-0.14033993450802695,P.DCE
2022-10-23,6383,6463,6247,6271,894232,72644773800,0.0,-2.076826983135538,P.DCE
2022-10-24,6300,6494,6271,6441,983740,80318866000,0.0,2.7108914048796118,P.DCE
2022-10-25,6410,6510,6333,6383,902221,74034417000,0.0,-0.9004812917248861,P.DCE
2022-10-26,6414,6486,6379,6383,829830,68315727100,0.0,0.0,P.DCE
2022-10-27,6410,6449,6142,6196,1079555,86908458699,0.0,-2.9296569011436624,P.DCE
2022-10-30,6214,6374,6083,6257,1103741,87984687000,0.0,0.9845061329890159,P.DCE
2022-10-31,6230,6555,6192,6535,1068374,87412940500,0.0,4.443023813329061,P.DCE
2022-11-01,6551,6713,6479,6668,967504,81439913000,0.0,2.0351951032899773,P.DCE
2022-11-02,6629,6733,6605,6636,865890,73894497200,0.0,-0.47990401919616454,P.DCE
2022-11-03,6597,6758,6508,6718,1054456,89540891500,0.0,1.2356841470765545,P.DCE
2022-11-06,6746,6782,6500,6644,1059428,89940200700,0.0,-1.1015183090205438,P.DCE
2022-11-07,6658,6701,6586,6668,823306,69989187600,0.0,0.36122817579771205,P.DCE
2022-11-08,6646,6690,6480,6524,863586,72634094100,0.0,-2.159568086382724,P.DCE
2022-11-09,6471,6551,6347,6519,1101866,91032941600,0.0,-0.07664009809932315,P.DCE
2022-11-10,6488,6730,6458,6687,1169945,98495094400,0.0,2.577082374597328,P.DCE
2022-11-13,6669,6744,6413,6425,1040783,87837174100,0.0,-3.918049947659641,P.DCE
2022-11-14,6400,6508,6322,6405,1006498,82681833800,0.0,-0.3112840466926059,P.DCE
2022-11-15,6335,6463,6310,6314,943165,76994605500,0.0,-1.4207650273224015,P.DCE
2022-11-16,6308,6311,6122,6182,999000,79294313200,0.0,-2.0905923344947785,P.DCE
2022-11-17,6135,6238,6102,6174,831108,65639876400,0.0,-0.12940795858945586,P.DCE
2022-11-20,6182,6207,6025,6163,1039868,81531039700,0.0,-0.17816650469711925,P.DCE
2022-11-21,6163,6280,6030,6211,1027087,81148159000,0.0,0.7788414733084448,P.DCE
2022-11-22,6247,6321,6224,6307,858434,68916342100,0.0,1.5456448236998765,P.DCE
2022-11-23,6303,6500,6257,6444,908174,74263408400,0.0,2.172189630569199,P.DCE
2022-11-24,6408,6504,6396,6490,730465,60345692500,0.0,0.7138423339540623,P.DCE
2022-11-27,6535,6557,6294,6372,816157,66847475599,0.0,-1.8181818181818188,P.DCE
2022-11-28,6374,6718,6372,6663,766386,64479967600,0.0,4.566854990583802,P.DCE
2022-11-29,6676,6721,6627,6708,724561,61846398200,0.0,0.6753714542998557,P.DCE
2022-11-30,6732,6774,6596,6641,753149,64354101200,0.0,-0.9988073941562314,P.DCE
2022-12-01,6605,6665,6424,6466,792898,66210097400,0.0,-2.6351453094413446,P.DCE
2022-12-04,6441,6568,6343,6396,816032,67541232300,0.0,-1.0825858335910876,P.DCE
2022-12-05,6411,6430,6216,6330,666749,53908775800,0.0,-1.0318949343339545,P.DCE
2022-12-06,6389,6440,6263,6275,746213,60782855000,0.0,-0.8688783570300118,P.DCE
2022-12-07,6300,6343,6183,6238,693693,55697640700,0.0,-0.5896414342629441,P.DCE
2022-12-08,6252,6377,6222,6227,660649,53209916100,0.0,-0.1763385700545017,P.DCE
2022-12-11,6224,6272,5817,5834,749393,57809756000,0.0,-6.311225309137624,P.DCE
2022-12-12,5824,6008,5797,5980,510958,38563179100,0.0,2.5025711347274493,P.DCE
2022-12-13,5984,6105,5954,6026,646950,51101729000,0.0,0.7692307692307665,P.DCE
2022-12-14,6027,6100,5957,6010,747760,59096321100,0.0,-0.2655160969133763,P.DCE
2022-12-15,5997,6099,5901,5977,1028544,80854637200,0.0,-0.5490848585690489,P.DCE
2022-12-18,5966,6020,5859,5926,839754,65326146000,0.0,-0.8532708716747495,P.DCE
2022-12-19,5952,6050,5868,5896,832644,64944301100,0.0,-0.5062436719540986,P.DCE
2022-12-20,5896,5997,5832,5988,912393,70767061300,0.0,1.5603799185888834,P.DCE
2022-12-21,6004,6038,5852,5859,867088,67705318900,0.0,-2.1543086172344683,P.DCE
2022-12-22,5865,5891,5766,5804,810045,61812793700,0.0,-0.9387267451783532,P.DCE
2022-12-25,5818,6032,5814,6024,778633,60595760100,0.0,3.7904893177119314,P.DCE
2022-12-26,6035,6253,6021,6235,727430,58704904300,0.0,3.502656042496688,P.DCE
2022-12-27,6235,6265,6187,6238,553342,45194291300,0.0,0.04811547714513864,P.DCE
2022-12-28,6235,6236,6123,6216,633185,51348372000,0.0,-0.3526771401090145,P.DCE
2022-12-29,6224,6366,6187,6363,773940,63507953700,0.0,2.3648648648648685,P.DCE
2023-01-02,6328,6349,6175,6319,539614,44380569900,0.0,-0.6914977212006956,P.DCE
2023-01-03,6319,6342,6235,6279,582314,47961574100,0.0,-0.6330115524608271,P.DCE
2023-01-04,6242,6265,6143,6197,827500,67307785700,0.0,-1.3059404363752192,P.DCE
2023-01-05,6213,6242,6110,6227,739945,59830176400,0.0,0.48410521219945934,P.DCE
2023-01-08,6178,6203,6068,6096,971379,78040270000,0.0,-2.1037417697125416,P.DCE
2023-01-09,6160,6162,5925,5942,843287,66593576000,0.0,-2.526246719160108,P.DCE
2023-01-10,5971,5994,5899,5948,657078,51248056900,0.0,0.10097610232244758,P.DCE
2023-01-11,5968,5984,5884,5972,789797,61536835500,0.0,0.4034969737726879,P.DCE
2023-01-12,5975,6027,5858,5914,1085923,84452101100,0.0,-0.9711989283322175,P.DCE
2023-01-15,5873,5968,5815,5926,734582,56781715100,0.0,0.202908353060538,P.DCE
2023-01-16,5910,5974,5882,5922,606670,47101311300,0.0,-0.06749915626054204,P.DCE
2023-01-17,5914,6018,5904,5983,776273,60651033800,0.0,1.030057413036145,P.DCE
2023-01-18,5991,6052,5911,5983,770645,60454685900,0.0,0.0,P.DCE
2023-01-19,5984,6046,5966,6020,458558,36088152100,0.0,0.6184188534180235,P.DCE
2023-01-29,6029,6180,6029,6114,551328,44331890599,0.0,1.561461794019925,P.DCE
2023-01-30,6122,6148,6007,6013,599639,47821507400,0.0,-1.6519463526333045,P.DCE
2023-01-31,6000,6042,5916,5975,662337,51878271400,0.0,-0.6319640778313707,P.DCE
2023-02-01,5962,5986,5807,5843,700451,54019143800,0.0,-2.2092050209205016,P.DCE
2023-02-02,5829,5963,5792,5945,680976,52362335000,0.0,1.7456785897655314,P.DCE
2023-02-05,5951,6036,5878,6004,723843,56614177200,0.0,0.9924306139613037,P.DCE
2023-02-06,6013,6104,5984,6096,599253,47471522000,0.0,1.5323117921385743,P.DCE
2023-02-07,6096,6165,6082,6128,575041,46093495300,0.0,0.5249343832020914,P.DCE
2023-02-08,6120,6171,6068,6111,519976,41706673300,0.0,-0.27741514360313246,P.DCE
2023-02-09,6113,6136,5934,5983,663871,52435034900,0.0,-2.0945835378825106,P.DCE
2023-02-12,6015,6084,5952,5954,634989,50073829900,0.0,-0.4847066688952073,P.DCE
2023-02-13,5983,6062,5962,6039,481327,37898392800,0.0,1.4276116896204227,P.DCE
2023-02-14,6042,6116,5951,5981,715437,56523161300,0.0,-0.9604239112435797,P.DCE
2023-02-15,5992,6097,5952,6082,651349,51531829000,0.0,1.6886808226049155,P.DCE
2023-02-16,6113,6271,6113,6247,712903,57883654300,0.0,2.7129233804669584,P.DCE
2023-02-19,6226,6302,6200,6271,563615,46178617699,0.0,0.38418440851608615,P.DCE
2023-02-20,6278,6319,6226,6247,518146,42563003500,0.0,-0.382714080688884,P.DCE
2023-02-21,6242,6340,6230,6310,618716,50988753700,0.0,1.0084840723547206,P.DCE
2023-02-22,6279,6352,6233,6265,670815,55359932500,0.0,-0.7131537242472286,P.DCE
2023-02-23,6303,6377,6265,6375,737488,61084364800,0.0,1.7557861133280062,P.DCE
2023-02-26,6349,6361,6235,6303,748699,61932089600,0.0,-1.1294117647058788,P.DCE
2023-02-27,6322,6329,6227,6279,710630,58429444200,0.0,-0.38077106139933203,P.DCE
2023-02-28,6259,6314,6198,6310,675558,55404870900,0.0,0.49370918936135766,P.DCE
2023-03-01,6296,6400,6285,6364,607627,50546959200,0.0,0.8557844690966654,P.DCE
2023-03-02,6375,6447,6364,6424,554199,46582465400,0.0,0.9428032683846732,P.DCE
2023-03-05,6429,6429,6287,6296,614818,51207792100,0.0,-1.992528019925277,P.DCE
2023-03-06,6291,6305,6242,6259,505941,41599810900,0.0,-0.5876747141041916,P.DCE
2023-03-07,6242,6250,6104,6158,730873,59051194100,0.0,-1.6136763061191939,P.DCE
2023-03-08,6140,6177,6108,6158,514415,41419004100,0.0,0.0,P.DCE
2023-03-09,6162,6201,6007,6038,791138,63204161800,0.0,-1.9486846378694356,P.DCE
2023-03-12,6035,6076,5974,6007,599571,47368803099,0.0,-0.5134150380920799,P.DCE
2023-03-13,5855,5974,5843,5905,667748,51854034500,0.0,-1.6980189778591614,P.DCE
2023-03-14,5914,6006,5914,5975,565842,44266019000,0.0,1.1854360711261558,P.DCE
2023-03-15,5914,5984,5852,5902,805147,62405097900,0.0,-1.2217573221757316,P.DCE
2023-03-16,5919,6013,5830,5959,752260,58568058099,0.0,0.965774313791945,P.DCE
2023-03-19,5936,5977,5800,5804,767751,59282691500,0.0,-2.6011075683839535,P.DCE
2023-03-20,5838,5919,5785,5814,752545,57639497600,0.0,0.1722949689868969,P.DCE
2023-03-21,5843,5847,5577,5626,930793,69458814900,0.0,-3.2335741314069466,P.DCE
2023-03-22,5630,5643,5501,5510,739665,54045680900,0.0,-2.0618556701030966,P.DCE
2023-03-23,5499,5595,5362,5594,1106339,79558469200,0.0,1.5245009074410065,P.DCE
2023-03-26,5530,5611,5502,5598,829739,60482664400,0.0,0.07150518412584184,P.DCE
2023-03-27,5623,5723,5600,5714,625194,46420081000,0.0,2.0721686316541588,P.DCE
2023-03-28,5723,5789,5687,5736,570372,42915619600,0.0,0.3850192509625483,P.DCE
2023-03-29,5749,5835,5702,5818,610722,46059321200,0.0,1.4295676429567639,P.DCE
2023-03-30,5858,5872,5757,5795,699439,53286084300,0.0,-0.3953248539016796,P.DCE
2023-04-02,5806,5991,5804,5914,694453,53818011200,0.0,2.0534943917170034,P.DCE
2023-04-03,5951,6020,5925,5986,545270,42670181100,0.0,1.2174501183632058,P.DCE
2023-04-05,5930,6018,5899,5942,376492,29451285600,0.0,-0.7350484463748752,P.DCE
2023-04-06,5923,5989,5833,5891,653448,50605879100,0.0,-0.8582968697408266,P.DCE
2023-04-09,5910,5916,5789,5844,602866,46237318099,0.0,-0.7978271940247805,P.DCE
2023-04-10,5870,6049,5855,6035,614342,47935279200,0.0,3.268309377138956,P.DCE
2023-04-11,6052,6075,5902,5943,610087,47936445700,0.0,-1.5244407622203804,P.DCE
2023-04-12,5920,5945,5815,5836,473407,36455144900,0.0,-1.8004374894834307,P.DCE
2023-04-13,5853,5940,5806,5826,427580,32883034900,0.0,-0.17135023989033327,P.DCE
2023-04-16,5838,5867,5803,5843,260389,19912719100,0.0,0.2917953999313383,P.DCE
2023-04-17,5846,6011,5826,6009,766286,55549082980,0.0,2.841006332363505,P.DCE
2023-04-18,6017,6076,5999,6030,739059,54605718940,0.0,0.3494757863205189,P.DCE
2023-04-19,5993,6014,5885,5905,842125,61415553920,0.0,-2.0729684908789348,P.DCE
2023-04-20,5895,5921,5777,5780,718329,51393386060,0.0,-2.116850127011005,P.DCE
2023-04-23,5789,5834,5691,5715,763895,53954542960,0.0,-1.1245674740484435,P.DCE
2023-04-24,5722,5790,5704,5751,680048,47846116920,0.0,0.6299212598425141,P.DCE
2023-04-25,5748,5764,5661,5751,802115,56223668000,0.0,0.0,P.DCE
2023-04-26,5715,5771,5604,5611,871459,60669086240,0.0,-2.434359241870976,P.DCE
2023-04-27,5593,5616,5557,5589,702831,48093492460,0.0,-0.39208697201924547,P.DCE
2023-05-03,5586,5665,5477,5661,642289,43970182880,0.0,1.2882447665056418,P.DCE
2023-05-04,5669,5780,5630,5777,916265,64041245280,0.0,2.0491079314608696,P.DCE
2023-05-07,5785,5892,5785,5880,879131,62927021140,0.0,1.7829323178120138,P.DCE
2023-05-08,5919,5932,5826,5834,803432,57741244140,0.0,-0.78231292517007,P.DCE
2023-05-09,5875,5906,5779,5789,926334,66381443640,0.0,-0.7713404182379202,P.DCE
2023-05-10,5789,5808,5632,5638,958797,67201665020,0.0,-2.6083952323371906,P.DCE
2023-05-11,5625,5643,5565,5575,772117,53004278740,0.0,-1.1174175239446638,P.DCE
2023-05-14,5609,5647,5508,5645,907023,62075530940,0.0,1.255605381165914,P.DCE
2023-05-15,5647,5660,5527,5544,822042,56300183720,0.0,-1.789193976970771,P.DCE
2023-05-16,5527,5562,5459,5488,860855,58055900040,0.0,-1.0101010101010055,P.DCE
2023-05-17,5511,5544,5449,5462,885401,59635203480,0.0,-0.4737609329446113,P.DCE
2023-05-18,5454,5552,5433,5524,960039,64543611240,0.0,1.1351153423654337,P.DCE
2023-05-21,5553,5573,5384,5415,927618,62117210040,0.0,-1.9732078204199865,P.DCE
2023-05-22,5452,5531,5418,5447,881412,58977363540,0.0,0.590951061865197,P.DCE
2023-05-23,5460,5501,5376,5395,797897,53270506500,0.0,-0.9546539379474916,P.DCE
2023-05-24,5413,5514,5382,5491,821321,54696869340,0.0,1.7794253938832272,P.DCE
2023-05-25,5503,5596,5473,5565,921458,62520164060,0.0,1.3476598069568357,P.DCE
2023-05-28,5581,5583,5454,5465,904693,61105594500,0.0,-1.7969451931716063,P.DCE
2023-05-29,5480,5501,5353,5385,876567,58330514800,0.0,-1.4638609332113472,P.DCE
2023-05-30,5354,5356,5155,5168,1014453,65112621260,0.0,-4.029712163416899,P.DCE
2023-05-31,5103,5248,5083,5229,996020,63155100360,0.0,1.1803405572755388,P.DCE
2023-06-01,5253,5305,5186,5282,838577,53881503600,0.0,1.01357812201186,P.DCE
2023-06-04,5309,5376,5282,5327,813130,53038124460,0.0,0.8519500189322127,P.DCE
2023-06-05,5327,5380,5230,5299,986377,64132401660,0.0,-0.5256241787122251,P.DCE
2023-06-06,5274,5354,5225,5291,929577,60246175700,0.0,-0.15097188148707197,P.DCE
2023-06-07,5291,5325,5227,5269,848977,54835358140,0.0,-0.4158004158004158,P.DCE
2023-06-08,5256,5457,5233,5423,1211439,79494265740,0.0,2.9227557411273475,P.DCE
2023-06-11,5421,5500,5346,5361,918295,60982859340,0.0,-1.143278628065647,P.DCE
2023-06-12,5369,5411,5309,5395,846082,55537997260,0.0,0.6342100354411517,P.DCE
2023-06-13,5438,5562,5438,5531,974589,65636324960,0.0,2.52085264133457,P.DCE
2023-06-14,5505,5583,5478,5558,804797,54432810920,0.0,0.48815765684324663,P.DCE
2023-06-15,5571,5865,5565,5852,1201738,84380248540,0.0,5.289672544080615,P.DCE
2023-06-18,5869,5939,5831,5875,1096083,78933718560,0.0,0.3930280246069673,P.DCE
2023-06-19,5878,5942,5864,5908,787557,56951680260,0.0,0.5617021276595802,P.DCE
2023-06-20,5870,5893,5686,5745,1080065,76358626320,0.0,-2.7589708869329765,P.DCE
2023-06-25,5767,5847,5727,5815,625333,44359089420,0.0,1.2184508268059169,P.DCE
2023-06-26,5843,5919,5808,5843,856789,61556383420,0.0,0.48151332760102417,P.DCE
2023-06-27,5797,6025,5780,5999,1072947,77646445120,0.0,2.6698613725825826,P.DCE
2023-06-28,5952,5986,5898,5970,769105,56026003640,0.0,-0.4834139023170536,P.DCE
2023-06-29,5944,6071,5934,6017,805127,59284232680,0.0,0.7872696817420533,P.DCE
2023-07-02,6014,6323,6012,6303,1065272,81135021480,0.0,4.753199268738584,P.DCE
2023-07-03,6316,6318,6169,6202,957076,72934103920,0.0,-1.602411550055527,P.DCE
2023-07-04,6185,6244,6107,6187,867452,65641171700,0.0,-0.2418574653337613,P.DCE
2023-07-05,6171,6220,6141,6179,885125,67010338860,0.0,-0.1293033780507491,P.DCE
2023-07-06,6174,6189,6066,6089,901385,67508269000,0.0,-1.4565463667260081,P.DCE
2023-07-09,6083,6153,6022,6136,968860,72204390400,0.0,0.7718837247495447,P.DCE
2023-07-10,6172,6275,6120,6132,922015,69929622440,0.0,-0.0651890482398998,P.DCE
2023-07-11,6128,6189,6101,6135,821359,61827296880,0.0,0.04892367906066397,P.DCE
2023-07-12,6158,6220,6006,6063,938023,70063397460,0.0,-1.173594132029343,P.DCE
2023-07-13,6123,6244,6089,6109,1043583,78824695280,0.0,0.7587003133762149,P.DCE
2023-07-16,6153,6225,6052,6176,1095779,82555182020,0.0,1.0967425110492757,P.DCE
2023-07-17,6198,6282,6158,6171,1084312,82454244840,0.0,-0.08095854922279822,P.DCE
2023-07-18,6189,6283,6166,6261,920187,70186954640,0.0,1.4584346135148252,P.DCE
2023-07-19,6301,6367,6277,6332,879852,68156402860,0.0,1.1340041526912703,P.DCE
2023-07-20,6357,6375,6249,6256,839648,64988263500,0.0,-1.2002526847757378,P.DCE
2023-07-23,6247,6247,6132,6146,875181,66142097220,0.0,-1.758312020460362,P.DCE
2023-07-24,6300,6349,6218,6270,941324,72414981540,0.0,2.017572404816148,P.DCE
2023-07-25,6251,6409,6234,6388,824153,63757575440,0.0,1.8819776714513514,P.DCE
2023-07-26,6344,6417,6293,6316,779567,60624675900,0.0,-1.1271133375078235,P.DCE
2023-07-27,6318,6334,6177,6249,817184,62500057660,0.0,-1.0607979734008843,P.DCE
2023-07-30,6244,6261,6066,6096,776009,58434366580,0.0,-2.4483917426788238,P.DCE
2023-07-31,6081,6203,6065,6195,675300,50570922160,0.0,1.6240157480315043,P.DCE
2023-08-01,6181,6270,6127,6257,683999,52018930360,0.0,1.0008071025020104,P.DCE
2023-08-02,6230,6257,6058,6076,842730,63806211120,0.0,-2.892760108678283,P.DCE
2023-08-03,6091,6218,6055,6148,710007,53408299300,0.0,1.1849901250822859,P.DCE
2023-08-06,6148,6259,6083,6099,757382,57112503440,0.0,-0.7970071567989567,P.DCE
2023-08-07,6052,6094,5950,5991,677385,49980856340,0.0,-1.7707820954254827,P.DCE
2023-08-08,5952,6094,5934,6081,559992,41221167200,0.0,1.5022533800701066,P.DCE
2023-08-09,6107,6148,6043,6089,502864,37535647440,0.0,0.1315573096530187,P.DCE
2023-08-10,6065,6120,5996,6035,458181,34006771500,0.0,-0.8868451305633074,P.DCE
2023-08-13,6043,6130,5996,6032,341217,25302214560,0.0,-0.04971002485500975,P.DCE
2023-08-14,6040,6259,6002,6239,817217,60377549840,0.0,3.4316976127320986,P.DCE
2023-08-15,6226,6284,6209,6244,676732,50973089540,0.0,0.08014104824491941,P.DCE
2023-08-16,6279,6311,6226,6301,653797,49421773980,0.0,0.912876361306858,P.DCE
2023-08-17,6322,6369,6306,6317,591163,45114011460,0.0,0.25392794794476536,P.DCE
2023-08-20,6291,6445,6264,6364,747322,57278362360,0.0,0.7440240620547822,P.DCE
2023-08-21,6377,6384,6249,6316,641643,48947631480,0.0,-0.7542426147077341,P.DCE
2023-08-22,6299,6360,6203,6284,701200,53119080260,0.0,-0.5066497783407176,P.DCE
2023-08-23,6273,6434,6246,6331,816186,62520706520,0.0,0.7479312539783622,P.DCE
2023-08-24,6319,6458,6311,6432,758169,58342033960,0.0,1.595324593271208,P.DCE
2023-08-27,6472,6573,6364,6405,914383,71339281680,0.0,-0.41977611940298143,P.DCE
2023-08-28,6414,6515,6369,6442,740183,57554313320,0.0,0.5776736924277825,P.DCE
2023-08-29,6442,6540,6442,6475,757410,59260867060,0.0,0.5122632722756926,P.DCE
2023-08-30,6530,6609,6497,6551,944762,74656240100,0.0,1.1737451737451776,P.DCE
2023-08-31,6570,6621,6498,6598,873436,69081317060,0.0,0.7174477179056726,P.DCE
2023-09-03,6613,6624,6395,6430,918449,71879552580,0.0,-2.546226129130036,P.DCE
2023-09-04,6437,6460,6375,6402,654953,50696923400,0.0,-0.4354587869362381,P.DCE
2023-09-05,6410,6485,6357,6380,783433,60670793580,0.0,-0.3436426116838476,P.DCE
2023-09-06,6389,6415,6271,6291,721633,55202726240,0.0,-1.394984326018811,P.DCE
2023-09-07,6289,6306,6206,6273,740080,55844916560,0.0,-0.28612303290415086,P.DCE
2023-09-10,6306,6372,6146,6178,972901,73631912580,0.0,-1.5144269089749751,P.DCE
2023-09-11,6156,6213,6141,6170,628992,46845189880,0.0,-0.1294917449012667,P.DCE
2023-09-12,6170,6226,6100,6113,743640,55226534440,0.0,-0.9238249594813563,P.DCE
2023-09-13,6146,6221,6105,6200,626230,46607197300,0.0,1.4231964665466945,P.DCE
2023-09-14,6206,6286,6180,6205,626740,47051121260,0.0,0.08064516129031585,P.DCE
2023-09-17,6196,6196,6054,6125,845369,62292250620,0.0,-1.2892828364222453,P.DCE
2023-09-18,6098,6105,6019,6029,690710,50433267380,0.0,-1.5673469387755157,P.DCE
2023-09-19,6065,6113,6027,6082,662087,48471081960,0.0,0.8790844252778207,P.DCE
2023-09-20,6075,6088,5934,5937,858711,62312138860,0.0,-2.3840841828345893,P.DCE
2023-09-21,5956,6015,5947,6009,612494,44207678200,0.0,1.2127337038908559,P.DCE
2023-09-24,6034,6095,5954,5985,926870,67283314180,0.0,-0.39940089865202477,P.DCE
2023-09-25,5997,6055,5966,5999,657376,47616892180,0.0,0.23391812865496409,P.DCE
2023-09-26,6009,6082,5985,6073,646003,46953908120,0.0,1.233538923153854,P.DCE
2023-09-27,6087,6200,6073,6196,611191,45249188900,0.0,2.025358142598388,P.DCE
2023-10-08,6065,6077,5916,5951,587625,42220398780,0.0,-3.954163976759195,P.DCE
2023-10-09,5929,5966,5793,5871,802540,56759051320,0.0,-1.3443118803562415,P.DCE
2023-10-10,5871,5939,5834,5879,666914,47270351600,0.0,0.13626298756599375,P.DCE
2023-10-11,5844,5931,5816,5927,668884,47373915180,0.0,0.8164653852696047,P.DCE
2023-10-12,5954,6040,5904,6034,666354,47950455880,0.0,1.8052977897756062,P.DCE
2023-10-15,6067,6130,6042,6073,619768,45392029260,0.0,0.6463374212794193,P.DCE
2023-10-16,6095,6110,6042,6072,586612,42970046800,0.0,-0.01646632636258527,P.DCE
2023-10-17,6072,6158,6060,6108,660461,48662114560,0.0,0.5928853754940677,P.DCE
2023-10-18,6122,6150,6068,6085,607251,44708799340,0.0,-0.37655533726260737,P.DCE
2023-10-19,6057,6080,5966,5997,731522,53060195440,0.0,-1.4461791290057535,P.DCE
2023-10-22,6012,6029,5924,5949,589583,42446310780,0.0,-0.8004002001000488,P.DCE
2023-10-23,5961,5964,5834,5874,576017,40936795500,0.0,-1.260716086737268,P.DCE
2023-10-24,5879,5901,5813,5821,565332,39875524720,0.0,-0.9022812393598922,P.DCE
2023-10-25,5841,6022,5834,6020,722682,51515910140,0.0,3.4186565882150743,P.DCE
2023-10-26,6014,6032,5929,6024,695042,50152630920,0.0,0.0664451827242507,P.DCE
2023-10-29,6040,6067,6004,6017,526226,38289799540,0.0,-0.11620185922974757,P.DCE
2023-10-30,6007,6015,5851,5889,671565,47938842720,0.0,-2.12730596642845,P.DCE
2023-10-31,5899,5946,5856,5929,643781,45804219080,0.0,0.679232467311941,P.DCE
2023-11-01,5929,6088,5863,6073,840678,60636640240,0.0,2.4287400910777635,P.DCE
2023-11-02,6080,6122,6054,6098,565971,41505449920,0.0,0.4116581590647206,P.DCE
2023-11-05,6107,6125,6029,6098,675246,49425864060,0.0,0.0,P.DCE
2023-11-06,6105,6188,6070,6073,760354,56099554300,0.0,-0.4099704821252881,P.DCE
2023-11-07,6054,6151,6040,6127,777655,57205255540,0.0,0.8891816235797823,P.DCE
2023-11-08,6098,6127,5976,6040,957449,69953444200,0.0,-1.4199445079157824,P.DCE
2023-11-09,6044,6203,6030,6138,942243,69317099180,0.0,1.622516556291398,P.DCE
2023-11-12,6148,6181,6077,6118,687446,50829265420,0.0,-0.3258390355164509,P.DCE
2023-11-13,6105,6219,6039,6209,790713,58570913280,0.0,1.4874141876430214,P.DCE
2023-11-14,6224,6336,6219,6334,735396,55771273880,0.0,2.0132066355290634,P.DCE
2023-11-15,6337,6359,6264,6306,672004,51156630620,0.0,-0.4420587306599333,P.DCE
2023-11-16,6297,6314,6155,6214,698636,52460006520,0.0,-1.4589280050745335,P.DCE
2023-11-19,6229,6234,6145,6183,597048,44579061960,0.0,-0.4988735114258125,P.DCE
2023-11-20,6190,6283,6127,6155,796604,59695513040,0.0,-0.4528546013262136,P.DCE
2023-11-21,6163,6276,6113,6271,749960,56159251700,0.0,1.884646628757114,P.DCE
2023-11-22,6231,6243,6127,6176,782483,58379139760,0.0,-1.5149099027268353,P.DCE
2023-11-23,6165,6165,6068,6088,568779,41919523800,0.0,-1.4248704663212486,P.DCE
2023-11-26,6065,6151,6017,6148,694951,50849788420,0.0,0.9855453350854138,P.DCE
2023-11-27,6148,6190,6108,6117,620069,45915384820,0.0,-0.504229017566693,P.DCE
2023-11-28,6117,6168,6005,6014,696962,51062874920,0.0,-1.683831943763281,P.DCE
2023-11-29,6032,6100,6024,6087,476663,34828940540,0.0,1.2138343864316559,P.DCE
2023-11-30,6087,6123,5946,5964,665862,48314692620,0.0,-2.0206998521439146,P.DCE
2023-12-03,5989,6030,5932,5980,466808,33658926480,0.0,0.26827632461434714,P.DCE
2023-12-04,5980,5994,5884,5901,509850,36539741100,0.0,-1.3210702341137082,P.DCE
2023-12-05,5901,5903,5722,5750,555079,38803112900,0.0,-2.5588883240128757,P.DCE
2023-12-06,5766,5768,5586,5738,597470,40979689020,0.0,-0.20869565217391806,P.DCE
2023-12-07,5758,5894,5750,5884,450963,31641432940,0.0,2.5444405716277485,P.DCE
2023-12-10,5868,5919,5801,5904,364689,25768319180,0.0,0.3399048266485405,P.DCE
2023-12-11,5907,5927,5866,5921,253840,18036677680,0.0,0.2879403794037838,P.DCE
2023-12-12,5888,5896,5786,5803,535588,38161509000,0.0,-1.9929066036142529,P.DCE
2023-12-13,5806,5849,5786,5798,441602,31335296240,0.0,-0.08616232982939787,P.DCE
2023-12-14,5826,5898,5775,5798,578637,41174534460,0.0,0.0,P.DCE
2023-12-17,5814,5875,5737,5875,684427,48383860060,0.0,1.3280441531562603,P.DCE
2023-12-18,5870,5904,5832,5865,523900,37529238880,0.0,-0.17021276595744483,P.DCE
2023-12-19,5850,5921,5849,5875,497589,35716820620,0.0,0.17050298380221207,P.DCE
2023-12-20,5893,5954,5821,5878,707402,50786637340,0.0,0.05106382978723456,P.DCE
2023-12-21,5855,5862,5708,5844,851501,60170980600,0.0,-0.5784280367471917,P.DCE
2023-12-24,5845,5878,5714,5855,774368,54865020140,0.0,0.18822724161533522,P.DCE
2023-12-25,5862,5913,5850,5893,541314,38831710100,0.0,0.6490179333902724,P.DCE
2023-12-26,5921,5981,5904,5973,620963,45021911660,0.0,1.3575428474461138,P.DCE
2023-12-27,5944,5963,5906,5932,501645,36323465060,0.0,-0.6864222333835546,P.DCE
2023-12-28,5929,5939,5808,5811,640906,45825816580,0.0,-2.039784221173302,P.DCE
2024-01-01,5822,5857,5757,5791,437701,30981775680,0.0,-0.34417484081913363,P.DCE
2024-01-02,5790,5801,5676,5701,592753,41481358240,0.0,-1.5541357278535672,P.DCE
2024-01-03,5721,5757,5699,5727,398129,27795302420,0.0,0.4560603402911756,P.DCE
2024-01-04,5731,5794,5683,5758,557703,39081714780,0.0,0.5412956172516248,P.DCE
2024-01-07,5783,5814,5726,5745,564771,39731230440,0.0,-0.22577283779089408,P.DCE
2024-01-08,5724,5803,5657,5785,647124,45275604340,0.0,0.6962576153176636,P.DCE
2024-01-09,5822,5954,5799,5926,690275,49409949800,0.0,2.4373379429559305,P.DCE
2024-01-10,5909,5980,5895,5950,570833,41301153740,0.0,0.4049949375632744,P.DCE
2024-01-11,5954,6022,5922,6018,605577,44080631780,0.0,1.1428571428571344,P.DCE
2024-01-14,6042,6055,5937,5986,512263,37412893980,0.0,-0.5317381189763992,P.DCE
2024-01-15,5970,6060,5962,6055,497991,36511544100,0.0,1.1526896090878758,P.DCE
2024-01-16,6055,6104,5967,5985,575332,42368035220,0.0,-1.1560693641618491,P.DCE
2024-01-17,5975,6081,5957,6078,570468,41911859620,0.0,1.5538847117794408,P.DCE
2024-01-18,6091,6177,6070,6167,605034,45174316900,0.0,1.4642974662717911,P.DCE
2024-01-21,6177,6203,6106,6129,548458,41133539260,0.0,-0.6161829090319482,P.DCE
2024-01-22,6116,6185,6086,6095,624193,46629981760,0.0,-0.5547397617882255,P.DCE
2024-01-23,6095,6167,6077,6149,503800,37649940960,0.0,0.885972108285471,P.DCE
2024-01-24,6152,6211,6137,6177,483298,36399055660,0.0,0.4553585948934735,P.DCE
2024-01-25,6177,6231,6109,6186,624531,46991176060,0.0,0.14570179698882857,P.DCE
2024-01-28,6204,6206,6070,6078,659123,49307426280,0.0,-1.745877788554806,P.DCE
2024-01-29,6075,6085,5891,5901,749775,54944097020,0.0,-2.912142152023689,P.DCE
2024-01-30,5893,5965,5822,5854,664400,47722962020,0.0,-0.7964751736993736,P.DCE
2024-01-31,5842,5852,5794,5837,543416,38590916940,0.0,-0.2903997266826108,P.DCE
2024-02-01,5837,5857,5747,5783,527965,37387640580,0.0,-0.9251327736851112,P.DCE
2024-02-04,5775,5809,5732,5785,436645,30762259700,0.0,0.03458412588621673,P.DCE
2024-02-05,5796,5876,5778,5834,466733,33143586600,0.0,0.8470181503889451,P.DCE
2024-02-06,5852,5868,5776,5831,383006,27229748780,0.0,-0.0514226945491969,P.DCE
2024-02-07,5840,5927,5798,5917,379846,27167485660,0.0,1.4748756645515337,P.DCE
2024-02-18,5883,5970,5837,5962,306644,22145849240,0.0,0.7605205340544208,P.DCE
2024-02-19,5972,6042,5965,6003,373711,27383783240,0.0,0.6876886950687666,P.DCE
2024-02-20,6003,6078,5996,6054,432932,31899019540,0.0,0.8495752123937939,P.DCE
2024-02-21,6034,6065,5996,6027,501303,36889960780,0.0,-0.4459861248761188,P.DCE
2024-02-22,6004,6011,5945,5981,490800,35746401000,0.0,-0.7632321221171412,P.DCE
2024-02-25,5977,6009,5929,5965,522091,38038186640,0.0,-0.2675137936799854,P.DCE
2024-02-26,5973,6049,5965,6036,428097,31417041400,0.0,1.190276613579222,P.DCE
2024-02-27,6054,6098,6039,6062,425773,31504539200,0.0,0.4307488402915949,P.DCE
2024-02-28,6062,6145,6052,6132,452886,33720388520,0.0,1.1547344110854452,P.DCE
2024-02-29,6139,6208,6126,6201,455206,34231904620,0.0,1.1252446183952935,P.DCE
2024-03-03,6200,6200,6137,6168,430889,32402536060,0.0,-0.5321722302854326,P.DCE
2024-03-04,6150,6198,6114,6178,486517,36484617460,0.0,0.1621271076523989,P.DCE
2024-03-05,6165,6301,6165,6283,608327,46280210940,0.0,1.6995791518290781,P.DCE
2024-03-06,6313,6342,6273,6300,547761,42115052120,0.0,0.27057138309725115,P.DCE
2024-03-07,6319,6413,6301,6411,656863,50908844780,0.0,1.7619047619047645,P.DCE
2024-03-10,6372,6401,6337,6370,522939,40627321320,0.0,-0.6395258150054595,P.DCE
2024-03-11,6398,6455,6377,6439,595618,46580830180,0.0,1.0832025117739397,P.DCE
2024-03-12,6413,6482,6400,6478,572136,44941975160,0.0,0.6056841124398193,P.DCE
2024-03-13,6513,6701,6493,6669,984946,79254361360,0.0,2.9484408768138293,P.DCE
2024-03-14,6657,6741,6626,6629,905564,73810515160,0.0,-0.5997900734742823,P.DCE
2024-03-17,6613,6836,6605,6669,989701,80946314400,0.0,0.6034092623321774,P.DCE
2024-03-18,6664,6741,6642,6708,834396,68110544300,0.0,0.5847953216374213,P.DCE
2024-03-19,6672,6875,6654,6857,933861,76827159600,0.0,2.2212283840190805,P.DCE
2024-03-20,6851,6939,6770,6793,1015023,84796294980,0.0,-0.9333527781828832,P.DCE
2024-03-21,6785,6885,6759,6775,1002125,83410292400,0.0,-0.2649786544972721,P.DCE
2024-03-24,6774,6877,6713,6865,1173052,97378931520,0.0,1.3284132841328455,P.DCE
2024-03-25,6888,6908,6749,6779,1001108,83390301840,0.0,-1.2527312454479245,P.DCE
2024-03-26,6785,6836,6633,6667,1072387,88088858080,0.0,-1.652161085705861,P.DCE
2024-03-27,6670,6701,6618,6660,828084,67179097920,0.0,-0.10499475026248817,P.DCE
2024-03-28,6651,6739,6547,6738,1034088,83710016600,0.0,1.1711711711711814,P.DCE
2024-03-31,6751,6838,6662,6829,825139,67996878980,0.0,1.3505491243692491,P.DCE
2024-04-01,6829,6852,6759,6795,657702,54598322560,0.0,-0.49787670229901604,P.DCE
2024-04-02,6841,7029,6828,7028,990352,83926487260,0.0,3.4289919058130947,P.DCE
2024-04-07,6985,6993,6726,6739,716170,59752992180,0.0,-4.112122936824136,P.DCE
2024-04-08,6749,6788,6685,6754,620013,50905547400,0.0,0.22258495325715444,P.DCE
2024-04-09,6752,6793,6723,6780,370382,30545174680,0.0,0.38495706248149464,P.DCE
2024-04-10,6799,6809,6704,6790,672531,52876097320,0.0,0.1474926253687281,P.DCE
2024-04-11,6765,6790,6670,6689,1017506,79493619620,0.0,-1.4874815905743688,P.DCE
2024-04-14,6710,6866,6587,6594,1207811,94319342220,0.0,-1.420242188667964,P.DCE
2024-04-15,6593,6615,6529,6544,786233,60105848800,0.0,-0.7582650894752851,P.DCE
2024-04-16,6513,6568,6360,6417,943322,70966156060,0.0,-1.9407090464547694,P.DCE
2024-04-17,6417,6460,6376,6412,720360,53696052220,0.0,-0.07791803023219357,P.DCE
2024-04-18,6384,6469,6328,6352,1028054,76448411220,0.0,-0.9357454772301987,P.DCE
2024-04-21,6316,6407,6283,6321,859493,63304026180,0.0,-0.48803526448362167,P.DCE
2024-04-22,6333,6491,6310,6403,1048840,78155750460,0.0,1.2972630912830185,P.DCE
2024-04-23,6384,6515,6374,6462,814922,61199456640,0.0,0.9214430735592583,P.DCE
2024-04-24,6427,6467,6250,6293,1065415,78840895260,0.0,-2.6152893840916125,P.DCE
2024-04-25,6295,6374,6236,6367,826318,60598743140,0.0,1.1759097409820507,P.DCE
2024-04-28,6374,6446,6364,6396,762150,56718693860,0.0,0.45547353541699476,P.DCE
2024-04-29,6407,6457,6291,6333,693887,51282854200,0.0,-0.9849906191369606,P.DCE
2024-05-05,6357,6414,6307,6374,492049,36401218280,0.0,0.6474024948681434,P.DCE
2024-05-06,6390,6508,6377,6505,724085,54384344900,0.0,2.0552243489174726,P.DCE
2024-05-07,6496,6544,6436,6446,738299,55638743240,0.0,-0.906994619523438,P.DCE
2024-05-08,6415,6433,6357,6372,685004,50956077680,0.0,-1.1479987589202656,P.DCE
2024-05-09,6352,6386,6238,6269,739938,54219804440,0.0,-1.6164469554300065,P.DCE
2024-05-12,6281,6422,6255,6414,662026,48816702320,0.0,2.312968575530383,P.DCE
2024-05-13,6431,6507,6426,6445,761535,57243918700,0.0,0.4833177424384161,P.DCE
2024-05-14,6367,6522,6295,6481,1029051,76558902860,0.0,0.558572536850277,P.DCE
2024-05-15,6460,6508,6388,6415,812416,60981135400,0.0,-1.0183613639870415,P.DCE
2024-05-16,6421,6579,6415,6572,792622,59845971780,0.0,2.4473889321901865,P.DCE
2024-05-19,6589,6637,6551,6594,693751,53150872780,0.0,0.3347534996956725,P.DCE
2024-05-20,6599,6675,6541,6593,775706,59667305760,0.0,-0.015165301789510366,P.DCE
2024-05-21,6553,6610,6543,6593,621716,47500960220,0.0,0.0,P.DCE
2024-05-22,6582,6624,6455,6538,934727,71139691620,0.0,-0.8342181101167911,P.DCE
2024-05-23,6581,6618,6498,6529,828493,63217452920,0.0,-0.1376567757724101,P.DCE
2024-05-26,6531,6629,6510,6543,764527,58287144160,0.0,0.21442793689692152,P.DCE
2024-05-27,6538,6732,6538,6689,885473,68524958700,0.0,2.2313923276784386,P.DCE
2024-05-28,6718,6773,6672,6761,859588,67278295260,0.0,1.0763940798325544,P.DCE
2024-05-29,6756,6777,6648,6661,721436,56341671600,0.0,-1.4790711433219972,P.DCE
2024-05-30,6675,6816,6646,6804,825410,64536529460,0.0,2.1468248010809265,P.DCE
2024-06-02,6816,6846,6572,6584,1064074,82792446100,0.0,-3.233392122281009,P.DCE
2024-06-03,6608,6608,6486,6577,800583,60943413540,0.0,-0.10631834750911562,P.DCE
2024-06-04,6544,6605,6508,6541,660302,50295332800,0.0,-0.5473620191576711,P.DCE
2024-06-05,6555,6656,6527,6655,649008,49617785380,0.0,1.7428527748050815,P.DCE
2024-06-06,6667,6760,6658,6711,754118,58868254380,0.0,0.841472577009772,P.DCE
2024-06-10,6651,6708,6515,6536,675042,51854062500,0.0,-2.607659067203094,P.DCE
2024-06-11,6551,6675,6541,6649,656034,50377255380,0.0,1.7288861689106483,P.DCE
2024-06-12,6651,6710,6591,6639,857848,66288284100,0.0,-0.15039855617385856,P.DCE
2024-06-13,6618,6692,6550,6612,875186,67205776660,0.0,-0.4066877541798464,P.DCE
2024-06-16,6615,6644,6417,6462,898732,68133259320,0.0,-2.268602540834841,P.DCE
2024-06-17,6464,6591,6455,6548,663778,50416304060,0.0,1.3308573197152507,P.DCE
2024-06-18,6546,6661,6532,6630,697698,53512566940,0.0,1.252290775809417,P.DCE
2024-06-19,6634,6667,6599,6625,617989,47620023840,0.0,-0.07541478129713397,P.DCE
2024-06-20,6653,6684,6563,6577,754653,58033312280,0.0,-0.7245283018867954,P.DCE
2024-06-23,6586,6634,6519,6568,795375,60813708720,0.0,-0.136840504789415,P.DCE
2024-06-24,6548,6577,6470,6524,737149,55844499500,0.0,-0.6699147381242332,P.DCE
2024-06-25,6524,6587,6436,6574,689428,52234562140,0.0,0.7664009809932537,P.DCE
2024-06-26,6567,6593,6508,6527,590196,44928586320,0.0,-0.7149376331000878,P.DCE
2024-06-27,6570,6618,6543,6596,642162,49176437960,0.0,1.0571472345641153,P.DCE
2024-06-30,6586,6785,6577,6770,860863,66983177120,0.0,2.637962401455418,P.DCE
2024-07-01,6749,6909,6749,6878,760936,60375632960,0.0,1.5952732644017642,P.DCE
2024-07-02,6923,6938,6828,6871,674716,53950324620,0.0,-0.10177377144519051,P.DCE
2024-07-03,6906,6975,6844,6883,867603,69710939060,0.0,0.17464706738465896,P.DCE
2024-07-04,6882,6933,6818,6844,730839,58505950640,0.0,-0.5666133953218022,P.DCE
2024-07-07,6840,6901,6758,6801,786668,62369101980,0.0,-0.6282875511396835,P.DCE
2024-07-08,6780,6794,6670,6692,778194,60893766740,0.0,-1.6027054844875765,P.DCE
2024-07-09,6692,6698,6503,6550,849476,64974215760,0.0,-2.1219366407650875,P.DCE
2024-07-10,6582,6618,6551,6572,572290,43812941860,0.0,0.33587786259541286,P.DCE
2024-07-11,6617,6749,6586,6682,806496,62539968840,0.0,1.6737674984783846,P.DCE
2024-07-14,6682,6698,6572,6641,708922,54650721960,0.0,-0.6135887458844635,P.DCE
2024-07-15,6627,6765,6596,6729,708271,55013842760,0.0,1.3251016413190708,P.DCE
2024-07-16,6706,6844,6699,6778,748960,58982549320,0.0,0.7281914103135723,P.DCE
2024-07-17,6787,6837,6716,6811,684456,53907958620,0.0,0.48686928297432264,P.DCE
2024-07-18,6784,6794,6691,6754,719999,56431410780,0.0,-0.8368815151960085,P.DCE
2024-07-21,6790,6877,6653,6847,921627,72510243240,0.0,1.3769618004145778,P.DCE
2024-07-22,6840,6916,6784,6794,708284,56392981040,0.0,-0.7740616328319017,P.DCE
2024-07-23,6813,6863,6656,6665,964283,75794875560,0.0,-1.898734177215189,P.DCE
2024-07-24,6686,6706,6606,6663,718390,55601306460,0.0,-0.030007501875473075,P.DCE
2024-07-25,6672,6804,6653,6780,676509,52966368140,0.0,1.755965781179647,P.DCE
2024-07-28,6746,6816,6565,6782,1019139,79269386980,0.0,0.02949852507374562,P.DCE
2024-07-29,6735,6839,6663,6756,1035349,81130717780,0.0,-0.38336773813034686,P.DCE
2024-07-30,6729,6804,6677,6696,952729,74588257800,0.0,-0.8880994671403242,P.DCE
2024-07-31,6737,6777,6655,6680,839368,65506779500,0.0,-0.2389486260453988,P.DCE
2024-08-01,6684,6882,6660,6856,1110593,87467972980,0.0,2.6347305389221587,P.DCE
2024-08-04,6825,6839,6686,6760,1074302,84454141040,0.0,-1.4002333722287097,P.DCE
2024-08-05,6673,6749,6527,6539,1348163,103795862580,0.0,-3.2692307692307687,P.DCE
2024-08-06,6498,6572,6482,6508,698623,52994739220,0.0,-0.47407860529132817,P.DCE
2024-08-07,6556,6605,6525,6536,644856,49135654080,0.0,0.4302397049784856,P.DCE
2024-08-08,6546,6663,6539,6649,552621,42501324160,0.0,1.7288861689106483,P.DCE
2024-08-11,6667,6694,6587,6617,383101,29538356800,0.0,-0.4812753797563518,P.DCE
2024-08-12,6603,6632,6488,6520,355462,27124717660,0.0,-1.465921112286539,P.DCE
2024-08-13,6527,6540,6422,6506,700367,51818799640,0.0,-0.21472392638036686,P.DCE
2024-08-14,6536,6585,6517,6573,604328,45139694960,0.0,1.0298186289578792,P.DCE
2024-08-15,6550,6645,6548,6562,580875,43738069600,0.0,-0.16735128556214507,P.DCE
2024-08-18,6533,6671,6527,6645,758617,57126420640,0.0,1.2648582749161807,P.DCE
2024-08-19,6629,6710,6606,6697,595022,45179981540,0.0,0.7825432656132447,P.DCE
2024-08-20,6689,6747,6678,6706,554607,42460081040,0.0,0.1343885321785976,P.DCE
2024-08-21,6729,6876,6706,6815,841803,65150340060,0.0,1.6254100805249028,P.DCE
2024-08-22,6839,6882,6787,6850,645882,50337743280,0.0,0.5135730007336692,P.DCE
2024-08-25,6892,7092,6859,7083,872738,69283511520,0.0,3.401459854014588,P.DCE
2024-08-26,7059,7110,7027,7069,693715,55883032440,0.0,-0.1976563602993031,P.DCE
2024-08-27,7057,7066,6973,7027,730724,58602440300,0.0,-0.5941434432027215,P.DCE
2024-08-28,6994,7029,6946,7004,654621,52207877340,0.0,-0.3273089511882765,P.DCE
2024-08-29,7017,7099,7006,7064,649879,52306659460,0.0,0.8566533409480215,P.DCE
2024-09-01,7085,7090,6897,6932,812780,64665463240,0.0,-1.8686296715741735,P.DCE
2024-09-02,6945,7127,6906,7013,1124113,89774011580,0.0,1.1684939411425344,P.DCE
2024-09-03,6990,7008,6861,6904,931542,73636362540,0.0,-1.5542563810067023,P.DCE
2024-09-04,6910,6922,6838,6894,670669,52617323920,0.0,-0.14484356894554073,P.DCE
2024-09-05,6927,7015,6885,6915,752067,59623077700,0.0,0.3046127067014792,P.DCE
2024-09-08,6918,6929,6789,6925,843229,66060836940,0.0,0.1446131597975464,P.DCE
2024-09-09,6925,6950,6852,6875,628654,49470670900,0.0,-0.7220216606498187,P.DCE
2024-09-10,6883,6913,6803,6910,646422,50564029260,0.0,0.5090909090909035,P.DCE
2024-09-11,6890,6917,6769,6864,801742,62687210320,0.0,-0.6657018813314042,P.DCE
2024-09-12,6864,6990,6799,6810,905394,71094242320,0.0,-0.786713286713292,P.DCE
2024-09-17,6829,6983,6817,6973,588513,46397278020,0.0,2.3935389133626916,P.DCE
2024-09-18,6980,7173,6973,7160,928960,74895323840,0.0,2.6817725512691792,P.DCE
2024-09-19,7124,7190,7108,7173,654592,53373634820,0.0,0.18156424581006192,P.DCE
2024-09-22,7162,7274,7134,7215,745654,61231560260,0.0,0.5855290673358438,P.DCE
2024-09-23,7220,7288,7204,7241,644992,53364891160,0.0,0.3603603603603567,P.DCE
2024-09-24,7276,7438,7267,7353,820307,68752543340,0.0,1.5467476867836005,P.DCE
2024-09-25,7359,7527,7348,7480,901824,76738498680,0.0,1.7271861825105317,P.DCE
2024-09-26,7576,7604,7450,7555,846326,72741465060,0.0,1.0026737967914423,P.DCE
2024-09-29,7462,7594,7392,7513,704928,60151613660,0.0,-0.5559232296492356,P.DCE
2024-10-07,7886,7916,7648,7669,618773,54907501360,0.0,2.0764009050978194,P.DCE
2024-10-08,7690,7702,7566,7620,652962,56873348300,0.0,-0.6389359760073043,P.DCE
2024-10-09,7597,7732,7511,7620,744727,64829696220,0.0,0.0,P.DCE
2024-10-10,7632,7813,7632,7757,715449,63135059760,0.0,1.7979002624672002,P.DCE
2024-10-13,7794,7932,7723,7762,1020631,91040829120,0.0,0.06445790898543802,P.DCE
2024-10-14,7755,7783,7641,7650,718291,63131601080,0.0,-1.4429270806493144,P.DCE
2024-10-15,7671,7864,7662,7806,752289,66814747620,0.0,2.0392156862745203,P.DCE
2024-10-16,7823,7883,7750,7772,782581,69822179120,0.0,-0.4355623879067405,P.DCE
2024-10-17,7794,7972,7737,7748,1254730,112185880300,0.0,-0.30880082346885773,P.DCE
2024-10-20,7716,7792,7660,7769,855385,75408751240,0.0,0.27103768714507037,P.DCE
2024-10-21,7801,7888,7771,7888,659504,58833116980,0.0,1.5317286652078765,P.DCE
2024-10-22,7915,8095,7904,8093,915544,83674640340,0.0,2.5988843813387508,P.DCE
2024-10-23,8067,8139,7990,8137,728457,67041146020,0.0,0.5436797232176049,P.DCE
2024-10-24,8186,8307,8125,8157,995125,93304733340,0.0,0.2457908320019575,P.DCE
2024-10-27,8155,8213,8013,8128,883861,81823043640,0.0,-0.3555228637979635,P.DCE
2024-10-28,8083,8195,8071,8128,793228,73551885500,0.0,0.0,P.DCE
2024-10-29,8227,8258,8132,8235,791007,73902603360,0.0,1.316437007874005,P.DCE
2024-10-30,8276,8323,8202,8311,707413,66755187440,0.0,0.922890103217977,P.DCE
2024-10-31,8349,8488,8304,8477,919089,88005943900,0.0,1.9973529057875083,P.DCE
2024-11-03,8506,8553,8439,8518,829633,80351089660,0.0,0.4836616727615928,P.DCE
2024-11-04,8500,8551,8404,8427,914390,88388072240,0.0,-1.0683258980981436,P.DCE
2024-11-05,8444,8565,8404,8516,884001,85263129500,0.0,1.0561291088168945,P.DCE
2024-11-06,8546,8762,8504,8693,1235121,121633843520,0.0,2.078440582433072,P.DCE
2024-11-07,8681,8877,8674,8846,945138,94488859700,0.0,1.7600368112274278,P.DCE
2024-11-10,8883,9056,8862,8954,1336676,136291463340,0.0,1.2208907981008377,P.DCE
2024-11-11,8988,9070,8832,8897,1284206,131496650780,0.0,-0.6365870002233653,P.DCE
2024-11-12,8856,8944,8555,8577,1615868,160928945360,0.0,-3.5967179948297234,P.DCE
2024-11-13,8686,8735,8572,8693,1198246,118396134780,0.0,1.352454238078593,P.DCE
2024-11-14,8742,8872,8683,8842,1226537,122500647980,0.0,1.7140227769469663,P.DCE
2024-11-17,8925,8932,8628,8662,1330735,132988946940,0.0,-2.0357385206966727,P.DCE
2024-11-18,8644,8844,8506,8739,1428988,141135840440,0.0,0.8889401985684664,P.DCE
2024-11-19,8705,8770,8649,8728,1100966,109534209680,0.0,-0.1258725254605797,P.DCE
2024-11-20,8662,8669,8358,8379,1569711,152213525720,0.0,-3.998625114573784,P.DCE
2024-11-21,8463,8477,8346,8392,1106401,106215991680,0.0,0.1551497792099399,P.DCE
2024-11-24,8356,8530,8285,8514,1108914,106441529200,0.0,1.4537654909437592,P.DCE
2024-11-25,8488,8634,8432,8541,1124494,109228659160,0.0,0.3171247357293794,P.DCE
2024-11-26,8572,8663,8484,8658,998648,97438365940,0.0,1.3698630136986356,P.DCE
2024-11-27,8634,8734,8611,8688,999809,98913865640,0.0,0.34650034650034467,P.DCE
2024-11-28,8751,8963,8707,8939,1189956,119940208120,0.0,2.8890423572744073,P.DCE
2024-12-01,8963,9032,8890,8953,1208801,123593246080,0.0,0.1566170712607784,P.DCE
2024-12-02,8925,9154,8907,9144,1121681,115038130320,0.0,2.1333631185077584,P.DCE
2024-12-03,9170,9223,9007,9056,1533316,159338826780,0.0,-0.9623797025371861,P.DCE
2024-12-04,9014,9133,8855,9016,1365556,140228212420,0.0,-0.4416961130742081,P.DCE
2024-12-05,9033,9046,8907,8967,1093999,111851419760,0.0,-0.5434782608695676,P.DCE
2024-12-08,8967,9065,8886,8944,986133,100864117280,0.0,-0.25649604103936685,P.DCE
2024-12-09,8979,9054,8719,8767,1109399,112947903180,0.0,-1.9789803220035762,P.DCE
2024-12-10,8756,8840,8697,8826,735018,73467959860,0.0,0.6729782137561369,P.DCE
2024-12-11,8709,8769,8644,8709,602572,59875554100,0.0,-1.3256288239293035,P.DCE
2024-12-12,8769,8820,8690,8756,836439,77537669900,0.0,0.5396716040877214,P.DCE
2024-12-15,8802,8875,8707,8809,1159375,107988915800,0.0,0.605299223389677,P.DCE
2024-12-16,8741,8766,8633,8696,1089461,100300354360,0.0,-1.2827789760472275,P.DCE
2024-12-17,8688,8694,8473,8509,1239549,112616694900,0.0,-2.1504139834406577,P.DCE
2024-12-18,8458,8486,8240,8255,1277848,113238091800,0.0,-2.985074626865669,P.DCE
2024-12-19,8333,8354,8191,8269,1236483,108361642360,0.0,0.1695941853422145,P.DCE
2024-12-22,8231,8344,8100,8327,1351481,117497783760,0.0,0.7014149232071665,P.DCE
2024-12-23,8357,8361,8255,8337,864849,76037011700,0.0,0.12009126936471937,P.DCE
2024-12-24,8363,8399,8197,8227,909679,79787363360,0.0,-1.3194194554396077,P.DCE
2024-12-25,8225,8291,8163,8259,762623,66388642860,0.0,0.3889631700498386,P.DCE
2024-12-26,8276,8342,8242,8303,764005,67041895980,0.0,0.5327521491706122,P.DCE
2024-12-29,8335,8357,8206,8263,790316,69275350220,0.0,-0.481753583042277,P.DCE
2024-12-30,8240,8261,8134,8191,970554,84209669760,0.0,-0.871354229698662,P.DCE
2025-01-01,8184,8339,7993,8008,1196491,103495586260,0.0,-2.234159443291417,P.DCE
2025-01-02,8004,8087,7911,8061,1269242,107661760160,0.0,0.6618381618381575,P.DCE
2025-01-05,8070,8170,8012,8017,1039802,88971858520,0.0,-0.5458379853616191,P.DCE
2025-01-06,8064,8270,7995,8242,1220042,104647342160,0.0,2.8065361107646236,P.DCE
2025-01-07,8233,8291,8134,8144,1046988,90950138800,0.0,-1.1890317884008739,P.DCE
2025-01-08,8172,8174,7945,7955,1041693,88611812920,0.0,-2.3207269155206323,P.DCE
2025-01-09,7974,8081,7942,8055,911495,77398366860,0.0,1.2570710245128902,P.DCE
2025-01-12,8087,8337,8085,8276,990181,86142377220,0.0,2.743637492240847,P.DCE
2025-01-13,8250,8284,8191,8231,705066,61512745300,0.0,-0.5437409376510383,P.DCE
2025-01-14,8218,8231,8002,8015,973535,83716856420,0.0,-2.624225489004983,P.DCE
2025-01-15,8021,8078,7836,7885,1123118,94611749260,0.0,-1.6219588271989993,P.DCE
2025-01-16,7843,7947,7779,7928,865978,72070102620,0.0,0.545339251743826,P.DCE
2025-01-19,7911,8015,7845,7966,769443,64605996740,0.0,0.4793138244197692,P.DCE
2025-01-20,7947,8042,7928,7981,794968,67153499300,0.0,0.18830027617373624,P.DCE
2025-01-21,7989,8055,7894,7900,830988,70073137200,0.0,-1.014910412229042,P.DCE
2025-01-22,7911,7928,7772,7789,771246,64128951940,0.0,-1.4050632911392413,P.DCE
2025-01-23,7824,7870,7781,7804,602794,49919238860,0.0,0.19257927846962897,P.DCE
2025-01-26,7838,7987,7824,7987,543084,45401542620,0.0,2.3449513070220362,P.DCE
2025-02-04,8063,8161,8021,8138,470006,40309399940,0.0,1.8905721797921604,P.DCE
2025-02-05,8104,8257,8070,8212,603267,52096773680,0.0,0.9093143278446902,P.DCE
2025-02-06,8242,8408,8231,8399,620119,54524022400,0.0,2.2771553823672575,P.DCE
2025-02-09,8390,8497,8361,8463,737370,65800611460,0.0,0.7619954756518554,P.DCE
2025-02-10,8511,8630,8480,8577,727973,65903817260,0.0,1.3470400567174856,P.DCE
2025-02-11,8597,8715,8554,8650,853476,78025526740,0.0,0.8511134429287637,P.DCE
2025-02-12,8609,8658,8424,8458,1046166,94628989060,0.0,-2.2196531791907503,P.DCE
2025-02-13,8433,8607,8410,8579,1042704,93977773380,0.0,1.4305982501773506,P.DCE
2025-02-16,8577,8601,8475,8565,796749,72048253860,0.0,-0.16318918288844575,P.DCE
2025-02-17,8590,8616,8499,8516,826184,74755427940,0.0,-0.5720957384705239,P.DCE
2025-02-18,8533,8701,8529,8694,800796,73175232320,0.0,2.090183184593708,P.DCE
2025-02-19,8751,8862,8665,8853,1082115,100426043980,0.0,1.8288474810213895,P.DCE
2025-02-20,8837,8928,8828,8853,888634,83493313180,0.0,0.0,P.DCE
2025-02-23,8849,8868,8675,8732,1035613,95996794660,0.0,-1.3667683271207487,P.DCE
2025-02-24,8686,8811,8616,8673,1217683,112141700560,0.0,-0.6756756756756799,P.DCE
2025-02-25,8650,8734,8626,8720,949366,87169698600,0.0,0.5419116799262103,P.DCE
2025-02-26,8724,8735,8522,8580,1251373,114109443280,0.0,-1.6055045871559592,P.DCE
2025-02-27,8588,8648,8522,8643,997233,90598212100,0.0,0.7342657342657377,P.DCE
2025-03-02,8645,8656,8512,8545,937039,85085392280,0.0,-1.133865555941227,P.DCE
2025-03-03,8554,8580,8306,8316,1096381,97703319500,0.0,-2.6799297834991243,P.DCE
2025-03-04,8284,8350,8265,8318,772723,67942657200,0.0,0.024050024050015217,P.DCE
2025-03-05,8352,8482,8284,8469,973182,86134390860,0.0,1.8153402260158602,P.DCE
2025-03-06,8475,8613,8433,8605,1055002,94948896280,0.0,1.6058566536781171,P.DCE
2025-03-09,8628,8771,8526,8575,1290800,118209830020,0.0,-0.34863451481697005,P.DCE
2025-03-10,8531,8562,8388,8442,1008501,90358584560,0.0,-1.5510204081632617,P.DCE
2025-03-11,8465,8590,8435,8543,989364,89054334100,0.0,1.1963989575929812,P.DCE
2025-03-12,8529,8637,8458,8605,1071900,96982077820,0.0,0.7257403722345845,P.DCE
2025-03-13,8618,8645,8526,8618,894554,81309277200,0.0,0.15107495642068258,P.DCE
2025-03-16,8628,8675,8490,8493,1060061,96397848060,0.0,-1.4504525411928482,P.DCE
2025-03-17,8486,8647,8442,8584,1134528,102219270540,0.0,1.0714706228659,P.DCE
2025-03-18,8614,8645,8439,8450,1096737,99466842220,0.0,-1.5610438024231121,P.DCE
2025-03-19,8473,8675,8433,8648,1263596,114518643640,0.0,2.34319526627218,P.DCE
2025-03-20,8624,8664,8511,8588,1141883,103782417460,0.0,-0.6938020351526353,P.DCE
2025-03-23,8554,8558,8459,8493,978488,88045772840,0.0,-1.106194690265483,P.DCE
2025-03-24,8448,8569,8316,8327,1490962,133083682900,0.0,-1.9545508065465622,P.DCE
2025-03-25,8327,8407,8299,8359,1010225,89288064020,0.0,0.3842920619670842,P.DCE
2025-03-26,8399,8418,8322,8397,810656,71877423900,0.0,0.45459983251585623,P.DCE
2025-03-27,8471,8626,8459,8588,1117540,101230848080,0.0,2.27462188876979,P.DCE
2025-03-30,8601,8628,8535,8603,784425,71207007340,0.0,0.17466231951559497,P.DCE
2025-03-31,8584,8686,8554,8643,920977,83992475420,0.0,0.46495408578401953,P.DCE
2025-04-01,8671,8832,8645,8792,951187,88130851740,0.0,1.7239384472983899,P.DCE
2025-04-02,8788,8813,8648,8692,854192,78912834280,0.0,-1.1373976342129222,P.DCE
2025-04-06,8363,8456,8214,8259,911091,80182499040,0.0,-4.981592268752877,P.DCE
2025-04-07,8259,8335,8231,8276,767881,67225099160,0.0,0.20583605763409007,P.DCE
2025-04-08,8233,8295,8042,8116,850394,73456560400,0.0,-1.9333011116481447,P.DCE
2025-04-09,8072,8325,8046,8272,641113,55707490340,0.0,1.922129127649086,P.DCE
2025-04-10,8218,8346,8216,8267,549226,48145388180,0.0,-0.06044487427465661,P.DCE
2025-04-13,8310,8318,8229,8267,473951,41489819040,0.0,0.0,P.DCE
2025-04-14,8269,8289,8189,8240,296037,25834129760,0.0,-0.32659973388169394,P.DCE
2025-04-15,8218,8283,8151,8184,570785,46273858340,0.0,-0.6796116504854344,P.DCE
2025-04-16,8208,8315,8188,8311,575212,46844596560,0.0,1.551808406647126,P.DCE
2025-04-17,8267,8311,8232,8238,619774,50600351400,0.0,-0.8783539886896841,P.DCE
2025-04-20,8216,8269,8113,8173,740461,59808213600,0.0,-0.7890264627336774,P.DCE
2025-04-21,8133,8263,8076,8236,936452,75448961040,0.0,0.7708307842897444,P.DCE
2025-04-22,8261,8327,8194,8325,786831,64132544760,0.0,1.0806216610004915,P.DCE
2025-04-23,8297,8350,8287,8337,689531,56630453260,0.0,0.14414414414414267,P.DCE
2025-04-24,8358,8558,8344,8485,963432,80499778600,0.0,1.775218903682374,P.DCE
2025-04-27,8457,8477,8279,8281,721927,59647033760,0.0,-2.404242781378907,P.DCE
2025-04-28,8307,8315,8222,8226,550788,44960652400,0.0,-0.6641709938413287,P.DCE
2025-04-29,8226,8263,8157,8254,504163,40870157700,0.0,0.34038414782397997,P.DCE
2025-05-05,8123,8153,8032,8078,549475,43875073640,0.0,-2.132299491155798,P.DCE
2025-05-06,8050,8078,7987,8017,748717,59339809040,0.0,-0.7551374102500619,P.DCE
2025-05-07,7979,8013,7914,8011,685958,53952479920,0.0,-0.07484096295372611,P.DCE
2025-05-08,8048,8092,7973,7989,639471,50782122660,0.0,-0.2746223942079684,P.DCE
2025-05-11,8034,8135,8001,8129,674022,53634103500,0.0,1.7524095631493264,P.DCE
2025-05-12,8171,8188,8042,8058,697530,55881243900,0.0,-0.8734161643498606,P.DCE
2025-05-13,8098,8299,8094,8291,792786,64286528680,0.0,2.8915363613799983,P.DCE
2025-05-14,8252,8307,8131,8153,668900,54210665460,0.0,-1.6644554336026962,P.DCE
2025-05-15,8117,8155,8058,8088,514650,41204497920,0.0,-0.7972525450754331,P.DCE
2025-05-18,8046,8149,8046,8102,537030,42997927100,0.0,0.17309594460930278,P.DCE
2025-05-19,8127,8250,8104,8212,631770,51025864100,0.0,1.3576894593927413,P.DCE
2025-05-20,8204,8254,8161,8210,607303,49219490720,0.0,-0.0243546030199715,P.DCE
2025-05-21,8204,8204,8088,8098,621114,49894576360,0.0,-1.3641900121802664,P.DCE
2025-05-22,8100,8198,8090,8111,534842,42967699020,0.0,0.16053346505309207,P.DCE
2025-05-25,8084,8141,8032,8058,549820,43877246600,0.0,-0.6534336086795656,P.DCE
2025-05-26,8088,8153,8074,8149,531013,42490472400,0.0,1.1293124844874658,P.DCE
2025-05-27,8173,8220,8137,8181,596014,48112783480,0.0,0.3926862191679925,P.DCE
2025-05-28,8198,8305,8167,8297,721694,58691904320,0.0,1.4179195697347602,P.DCE
2025-05-29,8263,8285,8131,8165,684233,55407693580,0.0,-1.5909364830661632,P.DCE
2025-06-02,8206,8358,8202,8303,659444,54012424760,0.0,1.6901408450704203,P.DCE
2025-06-03,8297,8317,8208,8236,656196,53520915680,0.0,-0.8069372515958073,P.DCE
2025-06-04,8267,8267,8169,8232,535659,43429856160,0.0,-0.04856726566294656,P.DCE
2025-06-05,8222,8285,8179,8216,626813,50925622640,0.0,-0.19436345966957758,P.DCE
2025-06-08,8228,8301,8216,8289,475370,38770471140,0.0,0.888510223953265,P.DCE
2025-06-09,8299,8329,8208,8222,653781,53356434640,0.0,-0.8083001568343628,P.DCE
2025-06-10,8198,8218,8062,8074,795882,63897869560,0.0,-1.8000486499635149,P.DCE
2025-06-11,8098,8151,8080,8115,543908,43565310040,0.0,0.5078028238791221,P.DCE
2025-06-12,8137,8331,8137,8246,925612,75252867520,0.0,1.6142945163277966,P.DCE
2025-06-15,8277,8593,8246,8546,1374614,114910375340,0.0,3.638127577007033,P.DCE
2025-06-16,8591,8623,8516,8556,864099,73076502940,0.0,0.11701380762929592,P.DCE
2025-06-17,8589,8652,8564,8629,655435,55715854000,0.0,0.8532024310425435,P.DCE
2025-06-18,8641,8678,8613,8650,605854,51694029940,0.0,0.24336539575848803,P.DCE
2025-06-19,8650,8712,8613,8647,601493,51424417160,0.0,-0.0346820809248527,P.DCE
2025-06-22,8652,8704,8564,8631,660926,56241553740,0.0,-0.18503527234878803,P.DCE
2025-06-23,8607,8611,8414,8435,743181,62244040220,0.0,-2.270884022708841,P.DCE
2025-06-24,8419,8465,8396,8453,501933,41782022120,0.0,0.21339656194427903,P.DCE
2025-06-25,8417,8518,8398,8469,653695,54571853440,0.0,0.1892819117473188,P.DCE
2025-06-26,8491,8512,8443,8485,442785,37050366320,0.0,0.188924312197436,P.DCE
2025-06-29,8475,8485,8364,8439,563974,46887930160,0.0,-0.5421331761932824,P.DCE
2025-06-30,8449,8461,8386,8445,479503,39871304640,0.0,0.07109847138286884,P.DCE
2025-07-01,8447,8564,8419,8550,576422,48287757240,0.0,1.243339253996445,P.DCE
2025-07-02,8581,8633,8556,8589,481589,40834793020,0.0,0.45614035087719884,P.DCE
2025-07-03,8609,8662,8550,8583,494606,42006008480,0.0,-0.06985679357317531,P.DCE
2025-07-06,8560,8601,8522,8577,445676,37649197120,0.0,-0.06990562740301076,P.DCE
2025-07-07,8587,8783,8581,8757,726022,62116475320,0.0,2.098635886673672,P.DCE
2025-07-08,8757,8806,8743,8791,473571,41001383840,0.0,0.388260819915498,P.DCE
2025-07-09,8765,8791,8700,8751,636450,54913467720,0.0,-0.4550108065066505,P.DCE
2025-07-10,8712,8911,8702,8795,772262,67088399400,0.0,0.5027996800365697,P.DCE
2025-07-13,8795,8874,8757,8862,544815,47415741940,0.0,0.7617964752700379,P.DCE
2025-07-14,8874,8927,8801,8822,568073,49732147240,0.0,-0.451365380275337,P.DCE
2025-07-15,8818,8885,8777,8836,493411,43026617300,0.0,0.1586941736567704,P.DCE
2025-07-16,8844,8933,8828,8911,567537,49745114060,0.0,0.8488003621548224,P.DCE
2025-07-17,8915,9089,8897,9081,703683,62608979480,0.0,1.907754460778821,P.DCE
2025-07-20,9093,9182,9010,9026,708709,63492529480,0.0,-0.6056601695848429,P.DCE
2025-07-21,8998,9130,8984,9043,706504,63090393920,0.0,0.18834478174163394,P.DCE
2025-07-22,9024,9207,9024,9111,758574,68161955640,0.0,0.7519628441888804,P.DCE
2025-07-23,9138,9225,9055,9223,627783,56644518060,0.0,1.229283283942495,P.DCE
2025-07-24,9176,9190,9006,9053,673443,60512182760,0.0,-1.8432180418518906,P.DCE
2025-07-27,9053,9097,8943,9063,604377,53898077360,0.0,0.11046062078869934,P.DCE
2025-07-28,9069,9114,8957,9087,611734,54604452840,0.0,0.2648129758358264,P.DCE
2025-07-29,9087,9148,9043,9099,500291,44887031120,0.0,0.1320567844173004,P.DCE
2025-07-30,9079,9079,8982,9016,479022,42698645120,0.0,-0.9121881525442355,P.DCE
2025-07-31,8996,9067,8953,9026,512068,45547208700,0.0,0.11091393078970224,P.DCE
2025-08-03,9034,9043,8860,8953,611600,53907510920,0.0,-0.8087746510082039,P.DCE
2025-08-04,8923,9186,8921,9182,580261,51918645680,0.0,2.5578018541271064,P.DCE
2025-08-05,9180,9195,9012,9087,557925,50103887660,0.0,-1.0346329775647978,P.DCE
2025-08-06,9118,9168,9037,9067,445128,40009287060,0.0,-0.22009464069550067,P.DCE
2025-08-07,9081,9176,9073,9097,442221,39853423080,0.0,0.3308701885960108,P.DCE
2025-08-10,9091,9357,9028,9338,567374,51510453340,0.0,2.6492250192371003,P.DCE
2025-08-11,9367,9511,9344,9484,443030,41180752340,0.0,1.5635039623045577,P.DCE
2025-08-12,9464,9586,9432,9547,384052,36086194860,0.0,0.6642766765078134,P.DCE
2025-08-13,9537,9595,9406,9424,703708,66513848600,0.0,-1.2883628364931399,P.DCE
2025-08-14,9438,9541,9394,9517,592724,55754912920,0.0,0.9868421052631637,P.DCE
2025-08-17,9577,9730,9577,9642,832991,80026081500,0.0,1.3134391089629105,P.DCE
2025-08-18,9660,9795,9652,9698,785065,75839963080,0.0,0.5807923667288994,P.DCE
2025-08-19,9640,9652,9513,9611,788154,75021383320,0.0,-0.8970921839554502,P.DCE
2025-08-20,9605,9694,9537,9557,727262,69492273080,0.0,-0.5618562064301336,P.DCE
2025-08-21,9557,9666,9519,9650,753974,71979646820,0.0,0.9731087161243046,P.DCE
2025-08-24,9670,9746,9601,9640,718391,69074166760,0.0,-0.10362694300518616,P.DCE
2025-08-25,9668,9676,9543,9557,635579,60667959440,0.0,-0.8609958506224036,P.DCE
2025-08-26,9527,9630,9511,9557,683952,65099976000,0.0,0.0,P.DCE
2025-08-27,9575,9597,9461,9471,832734,78911712440,0.0,-0.89986397405043,P.DCE
2025-08-28,9495,9503,9332,9372,733188,68547453480,0.0,-1.0452961672473893,P.DCE
2025-08-31,9356,9449,9296,9440,669906,62476664180,0.0,0.725565514297899,P.DCE
2025-09-01,9444,9565,9434,9479,745699,70415980180,0.0,0.4131355932203373,P.DCE
2025-09-02,9477,9555,9400,9424,739051,69559069760,0.0,-0.5802299820656165,P.DCE
2025-09-03,9416,9507,9368,9446,715948,67131553980,0.0,0.23344651952461604,P.DCE
2025-09-04,9438,9611,9414,9583,687731,65043918860,0.0,1.450349354224012,P.DCE
2025-09-07,9567,9571,9436,9523,605851,57184164920,0.0,-0.6261087342168459,P.DCE
2025-09-08,9531,9563,9485,9543,579029,54840076540,0.0,0.2100178515173745,P.DCE
2025-09-09,9527,9529,9300,9300,859709,80312174340,0.0,-2.5463690663313443,P.DCE
2025-09-10,9336,9390,9263,9386,719314,66715515800,0.0,0.9247311827957017,P.DCE
2025-09-11,9372,9483,9324,9352,765320,71510562700,0.0,-0.3622416364798653,P.DCE
2025-09-14,9392,9499,9374,9479,583281,54660688440,0.0,1.3579982891360087,P.DCE
2025-09-15,9499,9585,9487,9539,591669,56120967820,0.0,0.6329781622534059,P.DCE
2025-09-16,9591,9628,9465,9481,680632,64627240580,0.0,-0.6080301918440112,P.DCE
2025-09-17,9465,9485,9336,9360,627749,58664328860,0.0,-1.2762366838941053,P.DCE
2025-09-18,9370,9436,9362,9372,554657,51816009800,0.0,0.12820512820512775,P.DCE
2025-09-21,9378,9457,9308,9416,561707,52388029660,0.0,0.46948356807512415,P.DCE
2025-09-22,9338,9350,9000,9108,1021148,92786158520,0.0,-3.2710280373831724,P.DCE
2025-09-23,9143,9197,9068,9181,591824,53731058440,0.0,0.8014931927975422,P.DCE
2025-09-24,9243,9320,9209,9277,688356,63430847780,0.0,1.0456377300947617,P.DCE
2025-09-25,9298,9374,9282,9292,590776,54741514720,0.0,0.1616902015737942,P.DCE
2025-09-28,9292,9336,9243,9290,444366,41039427140,0.0,-0.02152389151958145,P.DCE
2025-09-29,9259,9290,9205,9284,398602,36633956060,0.0,-0.06458557588805425,P.DCE
2025-10-08,9509,9638,9495,9628,509596,48482053060,0.0,3.705299439896592,P.DCE
2025-10-09,9628,9666,9422,9495,733204,69580167320,0.0,-1.3813876194432861,P.DCE
2025-10-12,9495,9503,9366,9420,501265,47007584140,0.0,-0.789889415481837,P.DCE
2025-10-13,9420,9495,9330,9386,526687,49340004520,0.0,-0.36093418259023347,P.DCE
2025-10-14,9358,9432,9316,9378,448936,41823940380,0.0,-0.08523332623056046,P.DCE
2025-10-15,9386,9430,9338,9368,383828,35801990300,0.0,-0.10663254425250512,P.DCE
2025-10-16,9384,9449,9344,9364,484295,45205985300,0.0,-0.0426985482493647,P.DCE
2025-10-19,9388,9469,9368,9374,461434,43243815040,0.0,0.10679196924390233,P.DCE
2025-10-20,9376,9457,9320,9350,553539,51609576780,0.0,-0.2560273095796872,P.DCE
2025-10-21,9342,9352,9211,9219,637846,58847630500,0.0,-1.40106951871658,P.DCE
2025-10-22,9229,9231,9131,9187,533553,48635910320,0.0,-0.3471092309361157,P.DCE
2025-10-23,9225,9229,9145,9177,455286,41575754660,0.0,-0.1088494611951707,P.DCE
2025-10-26,9165,9205,9121,9155,462421,42131352400,0.0,-0.2397297591805625,P.DCE
2025-10-27,9135,9135,9008,9012,531693,47912594060,0.0,-1.5619879847078133,P.DCE
2025-10-28,8994,8994,8811,8895,727306,64253051000,0.0,-1.2982689747004006,P.DCE
2025-10-29,8851,8921,8831,8881,483690,42662284940,0.0,-0.1573917931422142,P.DCE
2025-10-30,8903,8911,8772,8817,415447,36561926960,0.0,-0.7206395676162547,P.DCE
2025-11-02,8785,8807,8690,8716,556509,48362237680,0.0,-1.1455143472836604,P.DCE
2025-11-03,8676,8789,8648,8668,556601,48157987480,0.0,-0.5507113354749849,P.DCE
2025-11-04,8642,8718,8622,8642,546167,47077023720,0.0,-0.299953853253343,P.DCE
2025-11-05,8634,8809,8614,8785,621581,53837138000,0.0,1.654709557972689,P.DCE
2025-11-06,8805,8807,8670,8712,501777,43561385580,0.0,-0.830961866818436,P.DCE
2025-11-09,8702,8793,8666,8742,530809,46031574640,0.0,0.3443526170798794,P.DCE
2025-11-10,8750,8903,8730,8823,505832,44272698400,0.0,0.9265614275909329,P.DCE
2025-11-11,8813,8829,8764,8797,396375,34663262720,0.0,-0.29468434772752516,P.DCE
2025-11-12,8766,8827,8694,8805,652768,56823311760,0.0,0.09094009321359842,P.DCE
2025-11-13,8797,8803,8626,8696,587245,50881120820,0.0,-1.2379329926178295,P.DCE
2025-11-16,8712,8776,8658,8732,585987,50838277960,0.0,0.4139834406623688,P.DCE
2025-11-17,8746,8778,8704,8760,472225,41029938700,0.0,0.32065964269354374,P.DCE
2025-11-18,8809,8960,8803,8905,822062,72732333980,0.0,1.6552511415525162,P.DCE
2025-11-19,8883,8903,8684,8698,571538,49990804380,0.0,-2.3245367770915237,P.DCE
2025-11-20,8708,8738,8565,8601,692437,59621980760,0.0,-1.1151988962979975,P.DCE
2025-11-23,8579,8597,8501,8537,577844,49148529040,0.0,-0.744099523311248,P.DCE
2025-11-24,8499,8533,8406,8410,597491,50322502860,0.0,-1.4876420288157388,P.DCE
2025-11-25,8362,8515,8354,8491,504182,42264865000,0.0,0.9631391200951356,P.DCE
2025-11-26,8471,8593,8457,8579,383418,32467168140,0.0,1.0363914733247048,P.DCE
2025-11-27,8603,8692,8589,8678,410968,35296557240,0.0,1.153980650425468,P.DCE
2025-11-30,8690,8732,8644,8704,367522,31719790360,0.0,0.2996082046554438,P.DCE
2025-12-01,8664,8778,8624,8772,433243,37473102300,0.0,0.78125,P.DCE
2025-12-02,8797,8847,8750,8783,360400,31489230380,0.0,0.1253989968080349,P.DCE
2025-12-03,8789,8815,8678,8718,343873,29881007460,0.0,-0.7400660366617351,P.DCE
2025-12-04,8700,8833,8696,8823,336222,29343060600,0.0,1.2044046799724706,P.DCE
2025-12-07,8833,8863,8734,8758,282208,24682416740,0.0,-0.736710869318824,P.DCE
2025-12-08,8744,8778,8622,8700,303911,26294254120,0.0,-0.6622516556291425,P.DCE
2025-12-09,8720,8791,8533,8593,401671,34618005480,0.0,-1.2298850574712694,P.DCE
2025-12-10,8658,8777,8648,8708,512933,44434719760,0.0,1.3382986151518672,P.DCE
2025-12-11,8668,8696,8589,8618,437746,37534844320,0.0,-1.0335323840147015,P.DCE
2025-12-14,8565,8616,8507,8557,443445,37663481260,0.0,-0.7078208401021135,P.DCE
2025-12-15,8535,8543,8440,8474,370023,31180076200,0.0,-0.9699661096178591,P.DCE
2025-12-16,8444,8460,8341,8406,505496,42116034820,0.0,-0.8024545669105487,P.DCE
2025-12-17,8406,8519,8388,8432,455669,38294984460,0.0,0.3093028788960339,P.DCE
2025-12-18,8442,8476,8329,8356,443804,36996120900,0.0,-0.9013282732447836,P.DCE
2025-12-21,8319,8487,8293,8479,431457,35952099220,0.0,1.4719961704164675,P.DCE
2025-12-22,8499,8559,8452,8551,441419,37294268960,0.0,0.8491567401816225,P.DCE
2025-12-23,8555,8614,8547,8553,406474,34618943200,0.0,0.023389077300906003,P.DCE
2025-12-24,8585,8644,8571,8607,299943,25630557980,0.0,0.6313574184496629,P.DCE
2025-12-25,8607,8676,8561,8634,374136,32047024100,0.0,0.31369815266644174,P.DCE
2025-12-28,8668,8684,8573,8577,358766,30691870500,0.0,-0.6601806810284883,P.DCE
2025-12-29,8569,8745,8569,8724,358771,30859322260,0.0,1.7138859741168133,P.DCE
2025-12-30,8700,8712,8640,8650,282429,24324262740,0.0,-0.8482347546996838,P.DCE
2026-01-04,8632,8666,8479,8553,402569,34193240060,0.0,-1.1213872832369964,P.DCE
2026-01-05,8575,8628,8525,8565,414592,35270434480,0.0,0.140301648544372,P.DCE
2026-01-06,8545,8638,8541,8628,453932,38660295380,0.0,0.7355516637478132,P.DCE
2026-01-07,8666,8767,8626,8678,630230,54396053760,0.0,0.5795085767269281,P.DCE
2026-01-08,8712,8765,8658,8749,366106,31653309620,0.0,0.8181608665591256,P.DCE
2026-01-11,8696,8815,8640,8791,512074,44338654760,0.0,0.4800548634129598,P.DCE
2026-01-12,8813,8934,8799,8845,558865,49162161980,0.0,0.6142645887839748,P.DCE
2026-01-13,8811,8894,8771,8815,531801,46572128020,0.0,-0.33917467495759857,P.DCE
2026-01-14,8795,8813,8616,8644,534066,46064562380,0.0,-1.9398752127056107,P.DCE
2026-01-15,8610,8769,8555,8741,570565,49179167620,0.0,1.1221656640444166,P.DCE
2026-01-18,8726,8751,8672,8714,358548,31000046220,0.0,-0.30888914311864024,P.DCE
2026-01-19,8736,8839,8728,8815,422407,36839105680,0.0,1.159054395226078,P.DCE
2026-01-20,8819,8918,8819,8900,487113,42891425920,0.0,0.96426545660806,P.DCE
2026-01-21,8918,9033,8918,9013,502993,44837230560,0.0,1.2696629213483135,P.DCE
2026-01-22,9015,9017,8950,8978,360593,32156065600,0.0,-0.3883279707089793,P.DCE
2026-01-25,9031,9168,8998,9162,542284,48798677560,0.0,2.049454221430169,P.DCE
2026-01-26,9140,9319,9107,9309,688004,62851880940,0.0,1.6044531761624015,P.DCE
2026-01-27,9323,9377,9267,9341,513486,47533943040,0.0,0.34375335696636977,P.DCE
2026-01-28,9365,9468,9349,9434,529334,49394616780,0.0,0.995610748313891,P.DCE
2026-01-29,9434,9456,9248,9311,569719,52874865460,0.0,-1.3037947848208553,P.DCE
2026-02-01,9305,9387,9033,9083,656811,59898579060,0.0,-2.448716571796794,P.DCE
2026-02-02,9125,9228,9119,9164,397804,36201189500,0.0,0.8917758449851432,P.DCE
2026-02-03,9271,9319,9166,9208,435429,39916345960,0.0,0.48013967699693794,P.DCE
2026-02-04,9208,9269,9107,9111,449035,40960830800,0.0,-1.053431798436144,P.DCE
2026-02-05,9093,9152,9071,9095,285443,25814615980,0.0,-0.17561189770607388,P.DCE
2026-02-08,9049,9136,9007,9083,345264,31080909600,0.0,-0.13194062671797457,P.DCE
2026-02-09,9083,9103,8980,9009,381959,34258785080,0.0,-0.8147087966530853,P.DCE
2026-02-10,8978,9019,8954,8974,290733,25923405380,0.0,-0.38850038850039015,P.DCE
2026-02-11,8998,9000,8849,8849,328615,29100615240,0.0,-1.39291285937152,P.DCE
2026-02-12,8849,8896,8741,8765,297379,26026363780,0.0,-0.9492598033676081,P.DCE
2026-02-23,8918,8978,8890,8892,268923,23837256740,0.0,1.4489446662863559,P.DCE
2026-02-24,8878,9000,8835,8916,389627,34475536760,0.0,0.26990553306343035,P.DCE
2026-02-25,8884,8906,8753,8781,411133,36063794260,0.0,-1.5141318977119789,P.DCE
2026-02-26,8785,8867,8759,8847,379616,33244593820,0.0,0.7516228220020515,P.DCE
2026-03-01,8882,8990,8835,8966,489772,43358125040,0.0,1.3450887306431625,P.DCE
2026-03-02,9009,9097,8994,9063,531213,47715725480,0.0,1.081864822663392,P.DCE
2026-03-03,9119,9154,9007,9071,420332,37884720020,0.0,0.08827099194528287,P.DCE
2026-03-04,9029,9198,8958,9140,516475,46481262200,0.0,0.7606658582295145,P.DCE
2026-03-05,9140,9319,9115,9289,529410,48434566320,0.0,1.6301969365426716,P.DCE
2026-03-08,9456,9863,9432,9795,892943,85606998340,0.0,5.447303261922709,P.DCE
2026-03-09,9750,9823,9311,9535,882402,83648667380,0.0,-2.654415518121489,P.DCE
2026-03-10,9549,9635,9402,9599,507766,48004917720,0.0,0.6712113266911457,P.DCE
2026-03-11,9738,9940,9649,9758,688279,66819979980,0.0,1.6564225440150127,P.DCE
2026-03-12,9776,9964,9728,9843,618299,60451477940,0.0,0.8710801393728262,P.DCE
2026-03-15,9825,10127,9797,10087,818514,81231582880,0.0,2.478919028751392,P.DCE
2026-03-16,9998,10055,9893,10030,566729,56132267140,0.0,-0.5650837711906442,P.DCE
2026-03-17,10028,10069,9740,9766,581411,57207829120,0.0,-2.632103688933196,P.DCE
2026-03-18,9926,9978,9819,9871,491200,48227116880,0.0,1.0751587139053775,P.DCE
2026-03-19,9861,9911,9720,9793,407410,39630272740,0.0,-0.7901934960996893,P.DCE
2026-03-22,9801,10036,9724,10018,465152,45679610580,0.0,2.2975594812621347,P.DCE
2026-03-23,9754,9849,9605,9718,512050,49561179840,0.0,-2.9946097025354335,P.DCE
2026-03-24,9718,9750,9537,9583,371392,35501284800,0.0,-1.3891747273101496,P.DCE
2026-03-25,9601,9714,9555,9688,321996,30800430860,0.0,1.0956902848794803,P.DCE
2026-03-26,9730,9845,9655,9843,348165,33625411680,0.0,1.5999174236168479,P.DCE
2026-03-29,9875,10050,9742,10006,501201,49091326880,0.0,1.655999187239665,P.DCE
2026-03-30,10026,10159,9883,9942,587524,58389887000,0.0,-0.6396162302618413,P.DCE
2026-03-31,10125,10270,9853,9855,634883,63512237680,0.0,-0.8750754375377201,P.DCE
2026-04-01,9917,10105,9797,10050,397740,39298763500,0.0,1.9786910197869156,P.DCE
2026-04-02,10119,10163,9952,10014,300151,29860794080,0.0,-0.3582089552238821,P.DCE
2026-04-06,10046,10081,9956,9988,181727,18073208740,0.0,-0.25963650888756185,P.DCE
2026-04-07,9988,9988,9402,9568,520220,50463290880,0.0,-4.205046055266315,P.DCE
2026-04-08,9534,9678,9508,9650,301645,28992347380,0.0,0.8570234113712383,P.DCE
2026-04-09,9688,9752,9616,9621,490555,47525588000,0.0,-0.3005181347150221,P.DCE
2026-04-12,9568,9670,9518,9546,455013,43657156470,0.0,-0.7795447458684102,P.DCE
2026-04-13,9559,9577,9407,9433,447821,42425868700,0.0,-1.1837418814163003,P.DCE
2026-04-14,9420,9429,9302,9411,442510,41474759790,0.0,-0.23322378882646433,P.DCE
2026-04-15,9421,9425,9325,9402,424511,39795356590,0.0,-0.0956327701625792,P.DCE
2026-04-16,9430,9508,9388,9492,494790,46756361000,0.0,0.957243139757491,P.DCE
2026-04-19,9312,9516,9200,9486,571728,53834693550,0.0,-0.06321112515802474,P.DCE
2026-04-20,9481,9794,9434,9730,866656,83399630000,0.0,2.5722116803710726,P.DCE
2026-04-21,9720,9858,9695,9822,808555,79132653360,0.0,0.9455292908530311,P.DCE
2026-04-22,9864,9885,9730,9781,674372,66188619720,0.0,-0.4174302586031353,P.DCE
2026-04-23,9742,9855,9711,9778,678358,66417933610,0.0,-0.030671710459051482,P.DCE
2026-04-26,9773,9900,9748,9785,643286,63155072920,0.0,0.07158928206176807,P.DCE
2026-04-27,9760,9828,9672,9759,690740,67361752290,0.0,-0.2657128257537056,P.DCE
2026-04-28,9750,9800,9654,9780,622281,60521162840,0.0,0.21518598217029616,P.DCE
2026-04-29,9850,9877,9773,9821,457972,45011772160,0.0,0.41922290388547445,P.DCE
2026-05-05,9888,9993,9804,9864,465649,46112857500,0.0,0.43783728744526407,P.DCE
2026-05-06,9701,9830,9676,9752,617586,60296297700,0.0,-1.135442011354415,P.DCE
2026-05-07,9670,9756,9632,9680,567510,55008917880,0.0,-0.7383100902379036,P.DCE
2026-05-10,9650,9759,9632,9682,505459,49009547990,0.0,0.020661157024792765,P.DCE
2026-05-11,9670,9704,9520,9565,610897,58743458160,0.0,-1.2084280107415801,P.DCE
2026-05-12,9580,9599,9477,9492,478975,45722321650,0.0,-0.7631991636173563,P.DCE
2026-05-13,9512,9554,9404,9405,536926,50903027450,0.0,-0.9165613147914087,P.DCE
2026-05-14,9372,9476,9366,9420,489421,46156407920,0.0,0.15948963317384823,P.DCE
2026-05-17,9420,9594,9380,9576,566001,53801663960,0.0,1.6560509554140124,P.DCE
2026-05-18,9524,9707,9492,9672,645269,61841781540,0.0,1.0025062656641603,P.DCE
2026-05-19,9670,9858,9584,9721,804472,78153453690,0.0,0.5066170388751123,P.DCE
2026-05-20,9685,9755,9511,9518,751698,72431717370,0.0,-2.088262524431639,P.DCE
2026-05-21,9518,9550,9422,9471,711015,67418000850,0.0,-0.4938012187434282,P.DCE
2026-05-24,9449,9492,9332,9464,603728,56995659000,0.0,-0.07390983000739038,P.DCE
2026-05-25,9460,9540,9420,9433,623812,59168438290,0.0,-0.3275570583262888,P.DCE
2026-05-26,9475,9579,9438,9517,650819,61882459830,0.0,0.8904908300646719,P.DCE
2026-05-27,9486,9622,9468,9599,538114,51428228850,0.0,0.8616160554796748,P.DCE
2026-05-28,9593,9650,9552,9592,572228,54928215410,0.0,-0.07292426294405185,P.DCE
2026-05-31,9616,9732,9574,9729,587921,56815074060,0.0,1.4282735613010855,P.DCE
2026-06-01,9742,9774,9687,9726,509826,49577488640,0.0,-0.03083564600678823,P.DCE
2026-06-02,9718,9788,9663,9766,747478,72727384960,0.0,0.41126876413737357,P.DCE
2026-06-03,9800,9825,9559,9574,758756,73613988080,0.0,-1.9660045054269881,P.DCE
2026-06-04,9540,9588,9370,9382,727489,68897267160,0.0,-2.0054313766450838,P.DCE
2026-06-07,9420,9457,9285,9424,629239,59067930350,0.0,0.44766574291195127,P.DCE
2026-06-08,9388,9422,9221,9265,620176,57853396590,0.0,-1.6871816638370118,P.DCE
2026-06-09,9298,9325,9208,9316,601898,55882723390,0.0,0.5504587155963359,P.DCE
2026-06-10,9334,9420,9312,9393,502200,47036383660,0.0,0.826534993559469,P.DCE
2026-06-11,9388,9404,9306,9321,464294,43444385750,0.0,-0.7665282657297934,P.DCE
2026-06-14,9289,9324,9166,9232,627560,57992228500,0.0,-0.9548331724063996,P.DCE
2026-06-15,9197,9385,9151,9357,664328,61465607950,0.0,1.3539861351819837,P.DCE
2026-06-16,9337,9430,9311,9349,610261,57154999280,0.0,-0.08549748851127692,P.DCE
2026-06-17,9375,9412,9220,9301,615514,57394155980,0.0,-0.513423895603804,P.DCE
2026-06-21,9378,9422,9316,9366,429627,40281541480,0.0,0.6988495860660082,P.DCE
2026-06-22,9362,9470,9273,9308,734806,68913413380,0.0,-0.6192611573777485,P.DCE
2026-06-23,9312,9396,9261,9335,532685,49696785770,0.0,0.29007305543617967,P.DCE
2026-06-24,9284,9299,9028,9160,869888,79581988050,0.0,-1.8746652383502926,P.DCE
2026-06-25,9163,9339,9143,9315,751864,69641793520,0.0,1.6921397379912717,P.DCE
