date,open,high,low,close,volume,amount,turn,pct_change,windcode
2020-01-01,3383,3392,3342,3348,976947,34809970230,0.0,,RB.SHF
2020-01-02,3348,3367,3343,3344,778292,27649343400,0.0,-0.11947431302270495,RB.SHF
2020-01-05,3342,3366,3328,3359,966449,34306976740,0.0,0.44856459330142595,RB.SHF
2020-01-06,3359,3379,3357,3374,708368,25282732950,0.0,0.4465614766299586,RB.SHF
2020-01-07,3374,3418,3371,3414,1051293,37873258560,0.0,1.1855364552459946,RB.SHF
2020-01-08,3414,3419,3351,3356,1162066,41692412800,0.0,-1.698886936145283,RB.SHF
2020-01-09,3359,3382,3356,3371,641895,22905174900,0.0,0.4469606674612603,RB.SHF
2020-01-12,3365,3367,3331,3332,864329,30678293190,0.0,-1.1569267279738948,RB.SHF
2020-01-13,3330,3372,3321,3370,916208,32496522040,0.0,1.140456182472982,RB.SHF
2020-01-14,3370,3377,3339,3339,866185,30808974770,0.0,-0.9198813056379818,RB.SHF
2020-01-15,3339,3376,3337,3365,913755,32518785740,0.0,0.778676250374355,RB.SHF
2020-01-16,3365,3406,3362,3393,919377,32970890900,0.0,0.8320950965824636,RB.SHF
2020-01-19,3397,3415,3387,3403,652366,23504458460,0.0,0.29472443265545767,RB.SHF
2020-01-20,3403,3404,3356,3370,887469,31724578080,0.0,-0.9697325888921582,RB.SHF
2020-01-21,3365,3368,3309,3359,1161870,41091307320,0.0,-0.3264094955489627,RB.SHF
2020-01-22,3352,3353,3295,3304,901368,31683683339,0.0,-1.6373920809764853,RB.SHF
2020-02-02,3052,3109,3052,3052,1223078,39861679670,0.0,-7.6271186440677985,RB.SHF
2020-02-03,3029,3146,3027,3126,1385797,45531965350,0.0,2.424639580602883,RB.SHF
2020-02-04,3113,3138,3098,3112,1028552,33950204060,0.0,-0.44785668586052596,RB.SHF
2020-02-05,3112,3130,3087,3119,1139425,37549763880,0.0,0.22493573264781297,RB.SHF
2020-02-06,3115,3153,3105,3139,851755,28189271519,0.0,0.6412311638345658,RB.SHF
2020-02-09,3123,3135,3095,3120,889861,29392364610,0.0,-0.6052883083784599,RB.SHF
2020-02-10,3130,3292,3119,3202,2293748,77845078130,0.0,2.628205128205119,RB.SHF
2020-02-11,3219,3231,3192,3213,1088528,37062236860,0.0,0.3435352904434641,RB.SHF
2020-02-12,3209,3232,3193,3205,1051409,35744372770,0.0,-0.24898848428259734,RB.SHF
2020-02-13,3201,3213,3176,3207,988231,33454210839,0.0,0.062402496099833726,RB.SHF
2020-02-16,3203,3244,3196,3235,1125505,38419008120,0.0,0.8730901153726212,RB.SHF
2020-02-17,3234,3241,3196,3200,1145614,39064295490,0.0,-1.081916537867078,RB.SHF
2020-02-18,3195,3212,3187,3204,842101,28546014110,0.0,0.12499999999999734,RB.SHF
2020-02-19,3205,3284,3204,3266,1843584,63424498590,0.0,1.9350811485642883,RB.SHF
2020-02-20,3271,3292,3259,3290,1226015,42551120860,0.0,0.7348438456827866,RB.SHF
2020-02-23,3304,3317,3264,3281,1392277,48505214470,0.0,-0.27355623100303594,RB.SHF
2020-02-24,3242,3298,3239,3293,1269765,43953485599,0.0,0.3657421517829995,RB.SHF
2020-02-25,3275,3292,3247,3254,1267101,43894539650,0.0,-1.1843303978135489,RB.SHF
2020-02-26,3252,3262,3217,3227,1111680,38086236050,0.0,-0.829748002458508,RB.SHF
2020-02-27,3198,3203,3138,3148,1950824,65448596000,0.0,-2.4480942051440913,RB.SHF
2020-03-01,3135,3253,3135,3230,1806859,61426977520,0.0,2.6048284625158846,RB.SHF
2020-03-02,3257,3272,3223,3229,1178454,40506343700,0.0,-0.03095975232197956,RB.SHF
2020-03-03,3220,3284,3219,3282,1384581,47757219770,0.0,1.6413750387116677,RB.SHF
2020-03-04,3283,3300,3267,3274,1102747,38328198240,0.0,-0.24375380865325758,RB.SHF
2020-03-05,3263,3274,3241,3248,1092230,37681224170,0.0,-0.7941356139279154,RB.SHF
2020-03-08,3162,3249,3162,3246,1885069,64096655240,0.0,-0.06157635467980427,RB.SHF
2020-03-09,3245,3298,3235,3284,1469955,50924349460,0.0,1.1706715958102354,RB.SHF
2020-03-10,3300,3330,3289,3301,1570594,55079218290,0.0,0.5176613885505388,RB.SHF
2020-03-11,3301,3332,3272,3324,1945117,68162047040,0.0,0.6967585580127222,RB.SHF
2020-03-12,3298,3374,3271,3369,2353957,82650523630,0.0,1.3537906137184086,RB.SHF
2020-03-15,3360,3383,3339,3354,1468238,52301637390,0.0,-0.44523597506678225,RB.SHF
2020-03-16,3349,3365,3332,3356,1253354,44453123570,0.0,0.05963029218842841,RB.SHF
2020-03-17,3346,3391,3333,3349,1635325,58233507420,0.0,-0.20858164481525332,RB.SHF
2020-03-18,3349,3356,3142,3330,2993126,103613871410,0.0,-0.5673335323977291,RB.SHF
2020-03-19,3338,3363,3239,3255,910757,30922335530,0.0,-2.2522522522522515,RB.SHF
2020-03-22,3207,3226,3139,3168,1071296,35231134750,0.0,-2.6728110599078314,RB.SHF
2020-03-23,3183,3258,3179,3242,1219523,40424695960,0.0,2.3358585858585856,RB.SHF
2020-03-24,3263,3286,3229,3260,989968,33308521080,0.0,0.5552128315854388,RB.SHF
2020-03-25,3256,3272,3231,3237,998466,33467030400,0.0,-0.705521472392634,RB.SHF
2020-03-26,3247,3258,3218,3226,1074451,35918082280,0.0,-0.33982082174853767,RB.SHF
2020-03-29,3203,3205,3124,3141,1638094,53350282160,0.0,-2.6348419094854303,RB.SHF
2020-03-30,3152,3169,3120,3133,1073302,34829038420,0.0,-0.2546959567016893,RB.SHF
2020-03-31,3144,3144,3056,3071,1710110,54421730950,0.0,-1.978933929141402,RB.SHF
2020-04-01,3052,3140,3007,3129,2280121,72183006570,0.0,1.8886356235753743,RB.SHF
2020-04-02,3130,3156,3079,3090,1394167,44657243320,0.0,-1.2464046021092967,RB.SHF
2020-04-06,3118,3143,3092,3106,1364695,43879489930,0.0,0.5177993527508029,RB.SHF
2020-04-07,3101,3156,3084,3143,1479143,47741831679,0.0,1.1912427559562122,RB.SHF
2020-04-08,3156,3219,3152,3203,1704182,56120295590,0.0,1.9090041361756294,RB.SHF
2020-04-09,3203,3271,3196,3268,1563049,52057190980,0.0,2.029347486731181,RB.SHF
2020-04-12,3273,3311,3252,3282,1638618,55531314150,0.0,0.4283965728274275,RB.SHF
2020-04-13,3288,3319,3265,3279,1488667,50521168090,0.0,-0.0914076782449702,RB.SHF
2020-04-14,3273,3299,3254,3268,1449573,48998291290,0.0,-0.33546813052760527,RB.SHF
2020-04-15,3258,3302,3244,3280,1743734,58945114780,0.0,0.3671970624234966,RB.SHF
2020-04-16,3292,3328,3266,3276,1654281,56259400440,0.0,-0.12195121951219523,RB.SHF
2020-04-19,3293,3299,3256,3258,1123065,37951116420,0.0,-0.5494505494505475,RB.SHF
2020-04-20,3246,3247,3203,3233,1529213,50876398060,0.0,-0.7673419275629256,RB.SHF
2020-04-21,3217,3270,3201,3270,1455480,48606959920,0.0,1.1444478812248748,RB.SHF
2020-04-22,3271,3283,3222,3227,1510335,50700002920,0.0,-1.314984709480127,RB.SHF
2020-04-23,3222,3244,3215,3239,1122495,37425879660,0.0,0.3718624109079638,RB.SHF
2020-04-26,3241,3255,3206,3213,1200761,39995458880,0.0,-0.8027168879283675,RB.SHF
2020-04-27,3206,3229,3174,3190,1652114,54569496010,0.0,-0.7158418923124854,RB.SHF
2020-04-28,3190,3212,3184,3199,981516,32369694170,0.0,0.28213166144199775,RB.SHF
2020-04-29,3209,3263,3208,3262,1351155,45173777490,0.0,1.969365426695835,RB.SHF
2020-05-05,3280,3300,3266,3287,1091440,36982749000,0.0,0.7664009809932537,RB.SHF
2020-05-06,3294,3336,3289,3332,1421089,48631004400,0.0,1.369029510191666,RB.SHF
2020-05-07,3336,3372,3332,3345,1430332,49451812820,0.0,0.39015606242496226,RB.SHF
2020-05-10,3352,3366,3325,3345,1272924,43951614240,0.0,0.0,RB.SHF
2020-05-11,3341,3359,3334,3356,1014702,35058692940,0.0,0.3288490284006018,RB.SHF
2020-05-12,3362,3386,3327,3356,1638388,56745639300,0.0,0.0,RB.SHF
2020-05-13,3356,3366,3336,3338,1391639,48122044720,0.0,-0.5363528009535212,RB.SHF
2020-05-14,3335,3368,3320,3356,1475799,50962810520,0.0,0.5392450569203122,RB.SHF
2020-05-17,3361,3434,3348,3418,1869234,65647932690,0.0,1.8474374255065484,RB.SHF
2020-05-18,3417,3472,3413,3451,1586398,56429188870,0.0,0.9654768870684505,RB.SHF
2020-05-19,3445,3447,3414,3421,1111150,39324994620,0.0,-0.8693132425383943,RB.SHF
2020-05-20,3425,3460,3417,3457,1233801,43777865930,0.0,1.052323881905881,RB.SHF
2020-05-21,3459,3482,3396,3399,1957742,69442948000,0.0,-1.6777552791437667,RB.SHF
2020-05-24,3407,3428,3380,3391,1412621,49589238430,0.0,-0.23536334215945587,RB.SHF
2020-05-25,3391,3411,3380,3384,1211222,42426509310,0.0,-0.20642878207018933,RB.SHF
2020-05-26,3378,3401,3359,3385,1366527,47631618099,0.0,0.02955082742317483,RB.SHF
2020-05-27,3386,3403,3364,3389,1335486,46635991910,0.0,0.11816838995568624,RB.SHF
2020-05-28,3389,3469,3386,3468,1609216,56862994360,0.0,2.3310711124225447,RB.SHF
2020-05-31,3469,3497,3446,3466,1786836,63986349620,0.0,-0.057670126874276306,RB.SHF
2020-06-01,3458,3535,3457,3521,1639428,59152747780,0.0,1.5868436237737926,RB.SHF
2020-06-02,3528,3549,3509,3521,1617332,58877708700,0.0,0.0,RB.SHF
2020-06-03,3520,3565,3493,3494,1924866,70184301430,0.0,-0.7668276057938073,RB.SHF
2020-06-04,3495,3503,3479,3492,1115833,40211890920,0.0,-0.05724098454493731,RB.SHF
2020-06-07,3493,3552,3472,3504,1779854,64581979710,0.0,0.3436426116838476,RB.SHF
2020-06-08,3503,3513,3476,3507,1281325,46178779689,0.0,0.08561643835616195,RB.SHF
2020-06-09,3500,3510,3467,3476,1246605,44914259000,0.0,-0.8839463929284253,RB.SHF
2020-06-10,3474,3508,3461,3484,1440657,51770424040,0.0,0.23014959723819395,RB.SHF
2020-06-11,3477,3514,3449,3513,1627885,58569000950,0.0,0.8323765786452331,RB.SHF
2020-06-14,3517,3522,3456,3461,1490916,53689626020,0.0,-1.4802163393111356,RB.SHF
2020-06-15,3466,3493,3464,3487,935338,33603708920,0.0,0.7512279687951429,RB.SHF
2020-06-16,3483,3507,3461,3474,1286906,46258678910,0.0,-0.37281330656725453,RB.SHF
2020-06-17,3477,3507,3472,3503,1625784,58603665280,0.0,0.834772596430633,RB.SHF
2020-06-18,3503,3536,3497,3532,1332869,48380776279,0.0,0.8278618327148157,RB.SHF
2020-06-21,3532,3544,3503,3507,1335426,48560379810,0.0,-0.7078142695356782,RB.SHF
2020-06-22,3503,3511,3494,3498,860391,31098963210,0.0,-0.2566295979469668,RB.SHF
2020-06-23,3506,3510,3497,3507,710780,25697249610,0.0,0.2572898799313883,RB.SHF
2020-06-28,3497,3497,3441,3442,1200046,42839579900,0.0,-1.8534359851725135,RB.SHF
2020-06-29,3441,3473,3441,3454,937335,33449151850,0.0,0.34863451481697005,RB.SHF
2020-06-30,3457,3464,3432,3455,1086114,38681384430,0.0,0.028951939779964242,RB.SHF
2020-07-01,3454,3471,3449,3462,809918,28906232650,0.0,0.20260492040520273,RB.SHF
2020-07-02,3464,3507,3463,3507,1234028,44473022150,0.0,1.2998266897746857,RB.SHF
2020-07-05,3509,3517,3491,3506,949955,34350189290,0.0,-0.02851439977188397,RB.SHF
2020-07-06,3506,3540,3506,3521,957205,34806015530,0.0,0.427837992013691,RB.SHF
2020-07-07,3525,3591,3523,3587,1368067,50326704930,0.0,1.8744674808293116,RB.SHF
2020-07-08,3593,3627,3588,3610,1172500,43620508320,0.0,0.6412043490381825,RB.SHF
2020-07-09,3608,3608,3566,3575,1178742,43656248110,0.0,-0.969529085872578,RB.SHF
2020-07-12,3577,3651,3577,3623,1377096,51440531700,0.0,1.3426573426573496,RB.SHF
2020-07-13,3624,3637,3600,3628,953888,35628721890,0.0,0.13800717637317828,RB.SHF
2020-07-14,3628,3645,3604,3630,858734,32113210740,0.0,0.05512679162071876,RB.SHF
2020-07-15,3624,3627,3576,3588,1255806,46713446050,0.0,-1.1570247933884281,RB.SHF
2020-07-16,3590,3618,3570,3610,926286,34383705970,0.0,0.6131549609810438,RB.SHF
2020-07-19,3605,3632,3581,3586,1026160,38164573040,0.0,-0.6648199445983383,RB.SHF
2020-07-20,3585,3648,3581,3647,1025173,38278766740,0.0,1.7010596765197894,RB.SHF
2020-07-21,3653,3697,3648,3664,1136590,43068884689,0.0,0.4661365505895354,RB.SHF
2020-07-22,3656,3690,3653,3688,820694,31081466179,0.0,0.6550218340611424,RB.SHF
2020-07-23,3686,3687,3612,3631,1384951,52202567920,0.0,-1.5455531453362203,RB.SHF
2020-07-26,3633,3667,3600,3607,1037820,38942208170,0.0,-0.6609749380335983,RB.SHF
2020-07-27,3606,3653,3600,3608,981517,36724243640,0.0,0.02772387025229417,RB.SHF
2020-07-28,3604,3659,3596,3649,856356,32102352830,0.0,1.1363636363636465,RB.SHF
2020-07-29,3651,3665,3633,3650,810172,30504433879,0.0,0.027404768429706294,RB.SHF
2020-07-30,3648,3663,3606,3660,1159218,43565041990,0.0,0.273972602739736,RB.SHF
2020-08-02,3654,3726,3645,3717,1105480,42135081930,0.0,1.5573770491803307,RB.SHF
2020-08-03,3713,3737,3709,3721,704824,27087340940,0.0,0.10761366693570196,RB.SHF
2020-08-04,3716,3727,3686,3713,810005,31011821490,0.0,-0.21499596882558203,RB.SHF
2020-08-05,3717,3758,3715,3738,1050458,40498180110,0.0,0.673309991920279,RB.SHF
2020-08-06,3767,3767,3694,3713,942596,36236918560,0.0,-0.6688068485821264,RB.SHF
2020-08-09,3711,3722,3687,3703,735550,28108987490,0.0,-0.2693239967681116,RB.SHF
2020-08-10,3703,3731,3674,3677,881666,33742135260,0.0,-0.7021334053470163,RB.SHF
2020-08-11,3677,3691,3663,3687,740132,28087151009,0.0,0.2719608376393845,RB.SHF
2020-08-12,3692,3698,3649,3673,820073,31062442629,0.0,-0.37971250339029483,RB.SHF
2020-08-13,3672,3684,3655,3681,682535,25844695140,0.0,0.21780560849442576,RB.SHF
2020-08-16,3674,3721,3668,3713,747603,28566522290,0.0,0.8693289866883891,RB.SHF
2020-08-17,3713,3730,3705,3728,601564,23089390200,0.0,0.4039859951521674,RB.SHF
2020-08-18,3721,3736,3674,3676,827835,31660862880,0.0,-1.3948497854077258,RB.SHF
2020-08-19,3676,3677,3638,3648,807143,30451941300,0.0,-0.7616974972796564,RB.SHF
2020-08-20,3648,3682,3647,3665,550678,20820370740,0.0,0.4660087719298156,RB.SHF
2020-08-23,3658,3692,3658,3663,474701,17994153290,0.0,-0.05457025920873049,RB.SHF
2020-08-24,3663,3700,3653,3656,615545,23373988620,0.0,-0.19110019110019083,RB.SHF
2020-08-25,3657,3686,3639,3677,827155,30675443270,0.0,0.5743982494529565,RB.SHF
2020-08-26,3685,3698,3654,3669,824348,30715152560,0.0,-0.21756867011150094,RB.SHF
2020-08-27,3666,3685,3646,3685,772438,28713516530,0.0,0.4360861270100935,RB.SHF
2020-08-30,3681,3739,3673,3730,1012018,38081858560,0.0,1.2211668928086894,RB.SHF
2020-08-31,3726,3735,3717,3725,511516,19306451060,0.0,-0.13404825737265424,RB.SHF
2020-09-01,3725,3738,3705,3729,813630,30683825050,0.0,0.10738255033557742,RB.SHF
2020-09-02,3728,3768,3727,3741,1087044,41257995100,0.0,0.32180209171359664,RB.SHF
2020-09-03,3743,3750,3681,3705,1059478,39817475360,0.0,-0.9623095429029727,RB.SHF
2020-09-06,3706,3723,3675,3687,1083843,40657281890,0.0,-0.4858299595141724,RB.SHF
2020-09-07,3692,3711,3670,3671,795130,29745818670,0.0,-0.433957146731756,RB.SHF
2020-09-08,3657,3681,3603,3610,1387574,51326820160,0.0,-1.6616725687823464,RB.SHF
2020-09-09,3627,3636,3584,3593,1060684,38826088330,0.0,-0.4709141274238271,RB.SHF
2020-09-10,3593,3621,3575,3617,883769,32239554180,0.0,0.6679654884497621,RB.SHF
2020-09-13,3630,3632,3595,3616,858379,31430775060,0.0,-0.027647221454241144,RB.SHF
2020-09-14,3610,3638,3544,3545,1276034,46455620410,0.0,-1.9634955752212413,RB.SHF
2020-09-15,3546,3566,3516,3528,1283808,46054374450,0.0,-0.4795486600846277,RB.SHF
2020-09-16,3528,3551,3518,3530,1030993,36914204290,0.0,0.05668934240363743,RB.SHF
2020-09-17,3533,3570,3522,3556,994788,35773919550,0.0,0.7365439093484527,RB.SHF
2020-09-20,3549,3557,3478,3493,1188490,42234467620,0.0,-1.7716535433070835,RB.SHF
2020-09-21,3495,3508,3457,3491,982249,34732540840,0.0,-0.05725737188663205,RB.SHF
2020-09-22,3493,3514,3453,3496,1082034,38211467060,0.0,0.1432254368375796,RB.SHF
2020-09-23,3499,3517,3481,3506,944747,33510236960,0.0,0.28604118993134087,RB.SHF
2020-09-24,3506,3510,3474,3476,989538,35004834540,0.0,-0.855675984027382,RB.SHF
2020-09-27,3472,3505,3459,3494,1189331,41995448870,0.0,0.5178365937859697,RB.SHF
2020-09-28,3500,3502,3455,3490,1086275,38242369360,0.0,-0.11448196908986352,RB.SHF
2020-09-29,3490,3523,3480,3514,1095792,38933949330,0.0,0.6876790830945501,RB.SHF
2020-10-08,3549,3596,3533,3586,807001,29149978200,0.0,2.0489470688673794,RB.SHF
2020-10-11,3589,3608,3580,3590,708985,25787400940,0.0,0.1115448968209698,RB.SHF
2020-10-12,3590,3598,3567,3581,764742,27749954160,0.0,-0.2506963788300842,RB.SHF
2020-10-13,3578,3595,3559,3571,736791,26689231430,0.0,-0.2792516056967287,RB.SHF
2020-10-14,3576,3581,3535,3565,955489,34438369790,0.0,-0.16802016241949103,RB.SHF
2020-10-15,3556,3593,3545,3585,898244,32453987629,0.0,0.5610098176718203,RB.SHF
2020-10-18,3589,3616,3544,3564,1300997,47200119670,0.0,-0.585774058577404,RB.SHF
2020-10-19,3573,3583,3562,3569,590671,21376151560,0.0,0.1402918069584702,RB.SHF
2020-10-20,3569,3604,3566,3602,777874,28255382040,0.0,0.9246287475483284,RB.SHF
2020-10-21,3606,3623,3585,3595,875218,31972186740,0.0,-0.19433647973348123,RB.SHF
2020-10-22,3594,3631,3568,3569,1129201,41229968820,0.0,-0.7232267037552198,RB.SHF
2020-10-25,3574,3580,3553,3566,864064,31219345970,0.0,-0.08405715886803389,RB.SHF
2020-10-26,3566,3579,3558,3569,538619,19478698030,0.0,0.08412787436904434,RB.SHF
2020-10-27,3573,3622,3568,3620,1189477,43344080089,0.0,1.4289717007565095,RB.SHF
2020-10-28,3604,3632,3598,3620,909215,33300400990,0.0,0.0,RB.SHF
2020-10-29,3616,3666,3605,3654,1092653,40294305280,0.0,0.939226519337022,RB.SHF
2020-11-01,3655,3673,3644,3671,730956,27104488770,0.0,0.46524356869184214,RB.SHF
2020-11-02,3672,3681,3658,3660,573928,21330220000,0.0,-0.2996458730591067,RB.SHF
2020-11-03,3663,3713,3663,3704,945303,35321528100,0.0,1.2021857923497192,RB.SHF
2020-11-04,3711,3723,3686,3699,716180,26889356220,0.0,-0.13498920086393307,RB.SHF
2020-11-05,3699,3741,3698,3733,690166,26040510660,0.0,0.9191673425249958,RB.SHF
2020-11-08,3742,3824,3738,3809,1021970,39226453180,0.0,2.0358960621484012,RB.SHF
2020-11-09,3825,3837,3768,3776,821818,31627067850,0.0,-0.8663691257547956,RB.SHF
2020-11-10,3776,3808,3774,3793,560686,21538499589,0.0,0.45021186440676875,RB.SHF
2020-11-11,3788,3822,3762,3782,917453,35235091660,0.0,-0.2900079093066221,RB.SHF
2020-11-12,3780,3798,3766,3790,677706,25983035420,0.0,0.21152829190904665,RB.SHF
2020-11-15,3790,3809,3760,3802,921326,35349983380,0.0,0.31662269129286713,RB.SHF
2020-11-16,3803,3869,3798,3868,1103475,42914521880,0.0,1.7359284587059376,RB.SHF
2020-11-17,3869,3877,3835,3856,663714,25925136110,0.0,-0.31023784901758056,RB.SHF
2020-11-18,3855,3904,3855,3889,834183,32825287420,0.0,0.8558091286307024,RB.SHF
2020-11-19,3879,3928,3879,3925,698059,27612810370,0.0,0.9256878374903632,RB.SHF
2020-11-22,3929,3953,3852,3860,1290303,50911692550,0.0,-1.6560509554140124,RB.SHF
2020-11-23,3860,3873,3844,3859,608878,23826661940,0.0,-0.025906735751290988,RB.SHF
2020-11-24,3849,3862,3808,3815,1088059,42232720700,0.0,-1.1401917595231903,RB.SHF
2020-11-25,3805,3845,3805,3833,717036,27807245099,0.0,0.4718217562254212,RB.SHF
2020-11-26,3833,3903,3831,3873,996601,39156109190,0.0,1.043569006000511,RB.SHF
2020-11-29,3873,3893,3838,3855,996077,39039359100,0.0,-0.4647560030983766,RB.SHF
2020-11-30,3849,3861,3822,3841,617798,24045384190,0.0,-0.36316472114137355,RB.SHF
2020-12-01,3840,3888,3836,3862,670259,26240296950,0.0,0.5467326217130974,RB.SHF
2020-12-02,3859,3866,3815,3816,674327,26265755530,0.0,-1.1910926980838954,RB.SHF
2020-12-03,3818,3866,3781,3849,819351,31799741140,0.0,0.864779874213828,RB.SHF
2020-12-06,3848,3947,3833,3928,849603,33502527780,0.0,2.0524811639386797,RB.SHF
2020-12-07,3937,3967,3914,3930,1073612,42180253700,0.0,0.05091649694501932,RB.SHF
2020-12-08,3920,4009,3909,4005,1260588,49754676210,0.0,1.9083969465648831,RB.SHF
2020-12-09,4011,4102,4004,4057,1735315,70138466440,0.0,1.298377028714115,RB.SHF
2020-12-10,4062,4254,4015,4050,3301833,135660265399,0.0,-0.17254128666502888,RB.SHF
2020-12-13,4062,4097,3989,4004,1816593,73140848610,0.0,-1.1358024691358048,RB.SHF
2020-12-14,4004,4100,3980,4090,1673432,67272382480,0.0,2.1478521478521584,RB.SHF
2020-12-15,4102,4167,4085,4165,2078000,85288949510,0.0,1.833740831295838,RB.SHF
2020-12-16,4172,4211,4146,4192,1784003,74280751750,0.0,0.648259303721499,RB.SHF
2020-12-17,4202,4335,4191,4334,2335177,99200086920,0.0,3.3874045801526753,RB.SHF
2020-12-20,4332,4478,4290,4478,2287800,100185830700,0.0,3.3225657591139823,RB.SHF
2020-12-21,4488,4622,4362,4386,4335786,193621006690,0.0,-2.0544886109870486,RB.SHF
2020-12-22,4399,4424,4259,4301,3592629,154790847240,0.0,-1.9379844961240345,RB.SHF
2020-12-23,4301,4361,4276,4309,2500667,107687774670,0.0,0.1860032550569546,RB.SHF
2020-12-24,4296,4366,4226,4359,2903111,124101626649,0.0,1.1603620329542874,RB.SHF
2020-12-27,4358,4401,4245,4262,3061108,131646265450,0.0,-2.225281027758663,RB.SHF
2020-12-28,4274,4300,4223,4251,2825002,119876250140,0.0,-0.25809479117785417,RB.SHF
2020-12-29,4268,4312,4196,4274,3668716,155833642050,0.0,0.5410491649023852,RB.SHF
2020-12-30,4274,4418,4265,4406,2649324,114082498870,0.0,3.0884417407580633,RB.SHF
2021-01-03,4372,4425,4325,4401,1420698,61755723660,0.0,-0.11348161597821704,RB.SHF
2021-01-04,4406,4444,4377,4415,1578335,69308400000,0.0,0.31810952056350317,RB.SHF
2021-01-05,4418,4465,4333,4395,2154746,94411540000,0.0,-0.45300113250282825,RB.SHF
2021-01-06,4395,4491,4381,4473,2098980,92591540000,0.0,1.774744027303754,RB.SHF
2021-01-07,4473,4530,4453,4506,2047522,91587120000,0.0,0.7377598926894713,RB.SHF
2021-01-10,4514,4519,4349,4366,2787680,122773260000,0.0,-3.1069684864624914,RB.SHF
2021-01-11,4367,4373,4280,4345,2163248,93123480000,0.0,-0.4809894640403156,RB.SHF
2021-01-12,4338,4346,4271,4311,1917584,82305300000,0.0,-0.7825086306099016,RB.SHF
2021-01-13,4307,4322,4269,4312,1497549,64116840000,0.0,0.02319647413593362,RB.SHF
2021-01-14,4323,4430,4319,4378,2117861,92508980000,0.0,1.5306122448979664,RB.SHF
2021-01-17,4388,4418,4352,4410,1547808,67690540000,0.0,0.7309273640931924,RB.SHF
2021-01-18,4410,4410,4300,4306,1908555,82622480000,0.0,-2.358276643990931,RB.SHF
2021-01-19,4308,4343,4285,4328,1485631,63819080000,0.0,0.510915002322343,RB.SHF
2021-01-20,4328,4402,4288,4387,2077734,89763710000,0.0,1.3632162661737501,RB.SHF
2021-01-21,4385,4405,4298,4312,1858367,80508140000,0.0,-1.7095965352176834,RB.SHF
2021-01-24,4298,4370,4263,4339,2167772,93208490000,0.0,0.6261595547309762,RB.SHF
2021-01-25,4338,4380,4314,4321,1609339,69609573900,0.0,-0.41484212952292987,RB.SHF
2021-01-26,4332,4416,4309,4403,1878084,81680068630,0.0,1.8977088636889627,RB.SHF
2021-01-27,4391,4399,4293,4293,2052146,88798163450,0.0,-2.4982966159436737,RB.SHF
2021-01-28,4283,4325,4236,4285,1893215,80853650000,0.0,-0.1863498718844614,RB.SHF
2021-01-31,4291,4321,4228,4238,1588518,67481934370,0.0,-1.0968494749124869,RB.SHF
2021-02-01,4242,4260,4145,4171,1868757,78205239370,0.0,-1.5809344030202954,RB.SHF
2021-02-02,4179,4217,4149,4192,1400700,58343637660,0.0,0.5034763845600532,RB.SHF
2021-02-03,4198,4267,4189,4264,1474021,62146971990,0.0,1.717557251908386,RB.SHF
2021-02-04,4261,4310,4243,4303,1312422,55891042460,0.0,0.9146341463414531,RB.SHF
2021-02-07,4309,4379,4285,4353,1238633,53513874160,0.0,1.1619800139437642,RB.SHF
2021-02-08,4353,4438,4341,4438,1047598,45790033800,0.0,1.9526763151849202,RB.SHF
2021-02-09,4433,4433,4369,4422,898635,39414200840,0.0,-0.3605227579990933,RB.SHF
2021-02-17,4505,4566,4486,4548,978913,44159087900,0.0,2.849389416553594,RB.SHF
2021-02-18,4550,4607,4497,4543,1503027,68126093980,0.0,-0.10993843447669738,RB.SHF
2021-02-21,4543,4695,4507,4601,2081968,95457149690,0.0,1.2766894122826278,RB.SHF
2021-02-22,4584,4647,4554,4571,1457647,66777646910,0.0,-0.6520321669202356,RB.SHF
2021-02-23,4569,4638,4533,4637,1638383,74893243270,0.0,1.443885364252906,RB.SHF
2021-02-24,4634,4766,4631,4705,2078722,97152983600,0.0,1.4664653871037325,RB.SHF
2021-02-25,4700,4745,4629,4696,1814382,84758011890,0.0,-0.1912858660998884,RB.SHF
2021-02-28,4674,4723,4620,4658,2141292,99518866910,0.0,-0.8091993185689983,RB.SHF
2021-03-01,4658,4753,4639,4752,2176669,101495054970,0.0,2.018033490768567,RB.SHF
2021-03-02,4802,4944,4781,4862,3010753,145856654900,0.0,2.314814814814814,RB.SHF
2021-03-03,4864,4907,4842,4869,1756663,85165905710,0.0,0.14397367338543354,RB.SHF
2021-03-04,4842,4842,4652,4715,2869471,135389265420,0.0,-3.1628671185048307,RB.SHF
2021-03-07,4720,4870,4720,4772,1947568,93074960580,0.0,1.2089077412513305,RB.SHF
2021-03-08,4772,4816,4594,4611,2416092,113865894030,0.0,-3.373847443419953,RB.SHF
2021-03-09,4635,4655,4577,4608,1983047,91176261810,0.0,-0.06506180871828082,RB.SHF
2021-03-10,4627,4723,4523,4706,2479092,113908319840,0.0,2.126736111111116,RB.SHF
2021-03-11,4749,4848,4717,4749,2730355,129902222820,0.0,0.9137271568210759,RB.SHF
2021-03-14,4749,4810,4689,4807,2242762,105937288430,0.0,1.2213097494209402,RB.SHF
2021-03-15,4808,4818,4677,4720,2297261,108777708860,0.0,-1.809860619929271,RB.SHF
2021-03-16,4708,4814,4685,4805,1886315,89380704370,0.0,1.8008474576271194,RB.SHF
2021-03-17,4801,4841,4748,4779,2285393,109286466760,0.0,-0.5411030176899034,RB.SHF
2021-03-18,4761,4825,4740,4766,2295850,109493354170,0.0,-0.2720234358652429,RB.SHF
2021-03-21,4784,4923,4759,4783,2913208,139843731900,0.0,0.3566932438103132,RB.SHF
2021-03-22,4783,4799,4662,4734,2558890,120679355990,0.0,-1.0244616349571412,RB.SHF
2021-03-23,4722,4839,4676,4836,2385637,112918736120,0.0,2.154626108998725,RB.SHF
2021-03-24,4838,4863,4796,4815,1886984,90622593390,0.0,-0.43424317617866137,RB.SHF
2021-03-25,4809,4963,4785,4954,2129811,103243064520,0.0,2.8868120456905455,RB.SHF
2021-03-28,4966,5038,4940,4992,2487470,123669838750,0.0,0.7670569236980285,RB.SHF
2021-03-29,4997,5016,4957,4984,1567060,77840533260,0.0,-0.1602564102564097,RB.SHF
2021-03-30,4975,5053,4930,4955,2185356,108326807810,0.0,-0.5818619582664497,RB.SHF
2021-03-31,4961,5063,4924,5024,1382277,68748488140,0.0,1.3925327951564093,RB.SHF
2021-04-01,5051,5181,5032,5178,1629759,82730844140,0.0,3.0652866242038224,RB.SHF
2021-04-05,5184,5221,5154,5201,728002,37655027330,0.0,0.4441869447663116,RB.SHF
2021-04-06,5201,5233,5110,5171,2433589,124793065310,0.0,-0.5768121515093205,RB.SHF
2021-04-07,5164,5219,5109,5169,2308312,117910969690,0.0,-0.03867723844517279,RB.SHF
2021-04-08,5179,5201,5094,5122,2261562,115038642540,0.0,-0.9092667827432788,RB.SHF
2021-04-11,5120,5150,4989,5038,2901094,145013711770,0.0,-1.6399843811011339,RB.SHF
2021-04-12,5045,5179,5038,5170,2265296,114676139880,0.0,2.6200873362445476,RB.SHF
2021-04-13,5205,5230,5150,5170,1968178,101002417190,0.0,0.0,RB.SHF
2021-04-14,5183,5220,5141,5161,2177858,111590677310,0.0,-0.17408123791102792,RB.SHF
2021-04-15,5164,5250,5140,5170,2920906,149884388370,0.0,0.17438480914551135,RB.SHF
2021-04-18,5176,5197,5111,5136,2509136,128096593450,0.0,-0.6576402321083141,RB.SHF
2021-04-19,5145,5226,5124,5220,2137195,109298801989,0.0,1.6355140186915973,RB.SHF
2021-04-20,5212,5244,5179,5243,2026507,104535786840,0.0,0.44061302681992487,RB.SHF
2021-04-21,5250,5293,5230,5263,2569897,133967934910,0.0,0.3814609956132031,RB.SHF
2021-04-22,5280,5356,5260,5355,2115301,111016721400,0.0,1.7480524415732557,RB.SHF
2021-04-25,5356,5533,5348,5428,3320401,178719797600,0.0,1.3632119514472407,RB.SHF
2021-04-26,5419,5481,5419,5468,1552404,83776715900,0.0,0.736919675755332,RB.SHF
2021-04-27,5468,5479,5364,5415,2425402,129730883430,0.0,-0.9692757863935642,RB.SHF
2021-04-28,5385,5533,5373,5510,2790743,151079545330,0.0,1.7543859649122862,RB.SHF
2021-04-29,5522,5545,5411,5448,2380525,128978385950,0.0,-1.1252268602540805,RB.SHF
2021-05-05,5578,5732,5578,5725,1811309,101698380270,0.0,5.084434654919234,RB.SHF
2021-05-06,5729,5758,5701,5738,1754729,99542648100,0.0,0.2270742358078559,RB.SHF
2021-05-09,5737,6076,5703,6076,2039444,118689932430,0.0,5.89055420006972,RB.SHF
2021-05-10,6178,6274,5967,6150,4185301,252840898900,0.0,1.2179065174456882,RB.SHF
2021-05-11,6144,6266,6048,6236,2754563,167843530530,0.0,1.3983739837398312,RB.SHF
2021-05-12,6158,6231,5861,5977,4057849,243482917680,0.0,-4.1533033996151385,RB.SHF
2021-05-13,5947,5962,5700,5701,3135973,180664799810,0.0,-4.617701187886903,RB.SHF
2021-05-16,5740,5771,5567,5655,3355072,188580595640,0.0,-0.806875986669009,RB.SHF
2021-05-17,5658,5740,5634,5669,1901897,106907744820,0.0,0.24756852343059688,RB.SHF
2021-05-18,5658,5659,5343,5365,3005705,163645918220,0.0,-5.362497795025578,RB.SHF
2021-05-19,5255,5330,5063,5241,3714645,191311920590,0.0,-2.3112767940354106,RB.SHF
2021-05-20,5242,5293,5155,5166,2283610,117801756730,0.0,-1.431024613623355,RB.SHF
2021-05-23,5154,5179,4858,5027,4036879,199980007020,0.0,-2.690669763840492,RB.SHF
2021-05-24,5029,5078,4953,4971,2456109,121990066420,0.0,-1.1139844837875446,RB.SHF
2021-05-25,4940,4955,4710,4716,3630128,174496227880,0.0,-5.129752564876277,RB.SHF
2021-05-26,4696,4899,4675,4868,3189226,151184746810,0.0,3.2230703986429132,RB.SHF
2021-05-27,4896,5057,4872,4985,3430514,168353141050,0.0,2.4034511092851263,RB.SHF
2021-05-30,4962,5203,4939,5080,3595560,180885383370,0.0,1.9057171514543558,RB.SHF
2021-05-31,5025,5187,4901,5182,3394168,168934193079,0.0,2.0078740157480235,RB.SHF
2021-06-01,5169,5201,5029,5055,2536533,128389482329,0.0,-2.450791200308766,RB.SHF
2021-06-02,5034,5243,5023,5202,2797515,142411921130,0.0,2.908011869436211,RB.SHF
2021-06-03,5215,5331,5148,5214,3095791,160232913100,0.0,0.23068050749712743,RB.SHF
2021-06-06,5230,5272,5007,5011,2495752,127125668990,0.0,-3.8933640199462993,RB.SHF
2021-06-07,5002,5073,4955,5057,2189390,108816262760,0.0,0.9179804430253347,RB.SHF
2021-06-08,5057,5154,5030,5088,1898245,95541468809,0.0,0.6130116669962327,RB.SHF
2021-06-09,5093,5257,5090,5223,2386753,122453177810,0.0,2.6533018867924474,RB.SHF
2021-06-10,5246,5386,5240,5378,2032513,106619223870,0.0,2.967643116982588,RB.SHF
2021-06-14,5255,5283,5164,5223,1761824,91001153080,0.0,-2.882112309408702,RB.SHF
2021-06-15,5224,5240,5049,5067,1966255,100054452380,0.0,-2.9867892016082753,RB.SHF
2021-06-16,5060,5172,5026,5155,2171848,109754060510,0.0,1.7367278468521707,RB.SHF
2021-06-17,5144,5232,5068,5114,2683467,136979516900,0.0,-0.7953443258971848,RB.SHF
2021-06-20,5116,5140,4937,4941,2277214,113658317940,0.0,-3.3828705514274526,RB.SHF
2021-06-21,4912,4962,4871,4937,1830478,89050771630,0.0,-0.08095527221210208,RB.SHF
2021-06-22,4927,5028,4897,4986,1936375,94914324829,0.0,0.9925055701843322,RB.SHF
2021-06-23,5003,5075,4963,4985,1770624,88118341460,0.0,-0.020056157240277983,RB.SHF
2021-06-24,5007,5141,4993,5120,1774404,89095173690,0.0,2.7081243731193583,RB.SHF
2021-06-27,5131,5154,5058,5124,1619350,81956564800,0.0,0.07812499999999556,RB.SHF
2021-06-28,5154,5225,5084,5089,1737958,88702975260,0.0,-0.6830601092896127,RB.SHF
2021-06-29,5139,5205,5110,5201,1434058,73250247420,0.0,2.2008253094910613,RB.SHF
2021-06-30,5210,5253,5167,5200,1419832,73210531560,0.0,-0.01922707171697624,RB.SHF
2021-07-01,5210,5235,5122,5178,1643131,84056011440,0.0,-0.423076923076926,RB.SHF
2021-07-04,5169,5281,5130,5277,1600989,82510782220,0.0,1.91193511008112,RB.SHF
2021-07-05,5285,5361,5275,5360,1395330,73438998940,0.0,1.5728633693386396,RB.SHF
2021-07-06,5368,5497,5311,5496,1950730,104173489360,0.0,2.5373134328358304,RB.SHF
2021-07-07,5517,5532,5413,5450,1871636,101265221360,0.0,-0.8369723435225573,RB.SHF
2021-07-08,5425,5495,5336,5485,2140769,114678400120,0.0,0.6422018348623881,RB.SHF
2021-07-11,5533,5590,5474,5489,1828594,99933430000,0.0,0.07292616226071136,RB.SHF
2021-07-12,5472,5518,5438,5516,1516791,82288767670,0.0,0.4918928766624253,RB.SHF
2021-07-13,5516,5639,5497,5639,1695714,93246864820,0.0,2.2298767222625138,RB.SHF
2021-07-14,5627,5656,5559,5605,1584452,87888691280,0.0,-0.6029437843589336,RB.SHF
2021-07-15,5599,5638,5497,5618,1865007,103053580130,0.0,0.23193577163247436,RB.SHF
2021-07-18,5639,5710,5624,5627,1558355,87464493320,0.0,0.160199359202573,RB.SHF
2021-07-19,5586,5695,5525,5660,1672424,92764424010,0.0,0.5864581482139641,RB.SHF
2021-07-20,5668,5708,5580,5620,1399698,78213931840,0.0,-0.7067137809187329,RB.SHF
2021-07-21,5609,5720,5539,5708,2184004,121205347420,0.0,1.5658362989323882,RB.SHF
2021-07-22,5725,5753,5685,5731,1166075,66024041590,0.0,0.4029432375613151,RB.SHF
2021-07-25,5720,5817,5681,5747,1497934,85198384039,0.0,0.27918338858838876,RB.SHF
2021-07-26,5740,5811,5640,5672,1464049,83086727070,0.0,-1.3050287106316394,RB.SHF
2021-07-27,5658,5765,5644,5718,1300624,73406060590,0.0,0.8110014104372398,RB.SHF
2021-07-28,5720,5831,5687,5814,1209958,68741407520,0.0,1.6789087093389332,RB.SHF
2021-07-29,5824,5854,5729,5798,1597844,91593466570,0.0,-0.2751977984176146,RB.SHF
2021-08-01,5743,5745,5424,5471,2747833,151068408680,0.0,-5.639875819248019,RB.SHF
2021-08-02,5458,5475,5293,5302,1789543,95257772230,0.0,-3.0890148053372313,RB.SHF
2021-08-03,5273,5521,5273,5512,1813894,97222398780,0.0,3.960769520935492,RB.SHF
2021-08-04,5512,5554,5423,5430,1588552,86278044920,0.0,-1.4876632801161138,RB.SHF
2021-08-05,5417,5503,5374,5436,1239190,66649058560,0.0,0.11049723756906271,RB.SHF
2021-08-08,5427,5446,5317,5386,1257656,67073528640,0.0,-0.919793966151583,RB.SHF
2021-08-09,5417,5503,5377,5494,1116740,60075702240,0.0,2.0051986632009022,RB.SHF
2021-08-10,5497,5597,5493,5594,1296964,72060788310,0.0,1.8201674554058966,RB.SHF
2021-08-11,5557,5586,5438,5439,1676951,92758498560,0.0,-2.7708258848766487,RB.SHF
2021-08-12,5435,5499,5383,5479,1791658,97513307520,0.0,0.7354293068578821,RB.SHF
2021-08-15,5473,5495,5288,5326,2471691,133240317420,0.0,-2.7924803796313236,RB.SHF
2021-08-16,5306,5380,5286,5343,1524396,81433810040,0.0,0.31918888471649254,RB.SHF
2021-08-17,5342,5361,5119,5142,2805129,146416453900,0.0,-3.761931499157778,RB.SHF
2021-08-18,5098,5124,4923,5015,3342898,167740701260,0.0,-2.4698560871256325,RB.SHF
2021-08-19,4948,5123,4888,5098,2624847,131872363310,0.0,1.655034895314067,RB.SHF
2021-08-22,5102,5165,5061,5100,2370091,121189076020,0.0,0.03923107100822776,RB.SHF
2021-08-23,5137,5239,5107,5233,2174181,112863846640,0.0,2.607843137254906,RB.SHF
2021-08-24,5237,5277,5204,5234,1836224,96233873699,0.0,0.019109497420211063,RB.SHF
2021-08-25,5218,5283,5102,5106,2386747,124520990090,0.0,-2.445548337791359,RB.SHF
2021-08-26,5093,5236,5066,5220,2267319,116740456040,0.0,2.232667450058745,RB.SHF
2021-08-29,5240,5372,5182,5352,2179722,115338162570,0.0,2.5287356321838983,RB.SHF
2021-08-30,5359,5375,5285,5306,1796956,95865277109,0.0,-0.8594917787742906,RB.SHF
2021-08-31,5296,5312,5195,5240,2267865,119356835140,0.0,-1.2438748586505843,RB.SHF
2021-09-01,5243,5346,5213,5271,2821134,149046932250,0.0,0.591603053435108,RB.SHF
2021-09-02,5263,5446,5241,5405,2450687,131877886280,0.0,2.5422121039651024,RB.SHF
2021-09-05,5416,5492,5368,5470,2273077,123367895920,0.0,1.2025901942645634,RB.SHF
2021-09-06,5477,5553,5460,5491,1962909,108052978350,0.0,0.3839122486288815,RB.SHF
2021-09-07,5478,5485,5397,5449,2116290,115116168620,0.0,-0.7648879985430734,RB.SHF
2021-09-08,5470,5690,5457,5679,2675888,148990329710,0.0,4.220957973940176,RB.SHF
2021-09-09,5709,5728,5603,5637,2212851,125590860850,0.0,-0.7395668251452769,RB.SHF
2021-09-12,5637,5760,5619,5639,2099548,119480011260,0.0,0.03547986517651314,RB.SHF
2021-09-13,5657,5677,5483,5489,2877975,161116002600,0.0,-2.6600461074658632,RB.SHF
2021-09-14,5495,5578,5414,5515,2972222,163347183240,0.0,0.4736746219712096,RB.SHF
2021-09-15,5547,5682,5528,5538,2833032,158768171780,0.0,0.41704442429737476,RB.SHF
2021-09-16,5554,5585,5420,5475,2983056,163931960360,0.0,-1.1375947995666325,RB.SHF
2021-09-21,5497,5657,5454,5653,1948123,107770894600,0.0,3.251141552511405,RB.SHF
2021-09-22,5648,5685,5560,5602,2312905,130169425540,0.0,-0.9021758358393805,RB.SHF
2021-09-23,5586,5593,5438,5465,2579122,142140182750,0.0,-2.445555158871826,RB.SHF
2021-09-26,5457,5597,5381,5561,2602380,143259976060,0.0,1.7566331198536123,RB.SHF
2021-09-27,5576,5637,5545,5631,1931458,108109319860,0.0,1.2587664089192652,RB.SHF
2021-09-28,5635,5697,5578,5654,1890899,106678425920,0.0,0.40845320546971653,RB.SHF
2021-09-29,5632,5727,5582,5703,1968234,111197662100,0.0,0.8666430845419182,RB.SHF
2021-10-07,5772,5840,5698,5747,1384149,79808246500,0.0,0.7715237594248636,RB.SHF
2021-10-10,5756,5867,5735,5805,2233485,129722576700,0.0,1.00922220288846,RB.SHF
2021-10-11,5800,5809,5550,5559,2862726,162849453600,0.0,-4.237726098191219,RB.SHF
2021-10-12,5531,5563,5265,5418,3359719,183913961400,0.0,-2.5364274150026955,RB.SHF
2021-10-13,5420,5539,5385,5462,2036258,111218738100,0.0,0.8121077888519679,RB.SHF
2021-10-14,5467,5549,5422,5512,1740063,95503435700,0.0,0.9154155986818013,RB.SHF
2021-10-17,5512,5529,5309,5419,2607810,141463047500,0.0,-1.687227866473151,RB.SHF
2021-10-18,5408,5567,5378,5543,2123050,115960949300,0.0,2.2882450636648732,RB.SHF
2021-10-19,5522,5534,5300,5302,2902835,157042778600,0.0,-4.347826086956519,RB.SHF
2021-10-20,5294,5387,4974,4974,3829430,200801868000,0.0,-6.186344775556396,RB.SHF
2021-10-21,4974,5023,4755,4898,4372677,214573410600,0.0,-1.5279453156413325,RB.SHF
2021-10-24,4912,4954,4818,4823,3072872,150247101100,0.0,-1.5312372396896645,RB.SHF
2021-10-25,4828,4944,4776,4915,2990021,145419557700,0.0,1.9075264358283217,RB.SHF
2021-10-26,4938,4975,4622,4653,4087900,195148031400,0.0,-5.330620549338761,RB.SHF
2021-10-27,4618,4862,4462,4710,5031704,231944088200,0.0,1.2250161186331487,RB.SHF
2021-10-28,4710,4791,4574,4644,3331332,156267285600,0.0,-1.4012738853503182,RB.SHF
2021-10-31,4628,4705,4475,4507,2933969,134912636490,0.0,-2.950043066322139,RB.SHF
2021-11-01,4497,4554,4228,4228,3825062,167866848539,0.0,-6.190370534723765,RB.SHF
2021-11-02,4248,4442,4231,4383,3354919,145304979900,0.0,3.6660359508041696,RB.SHF
2021-11-03,4396,4411,4140,4224,3459112,147797249860,0.0,-3.6276522929500343,RB.SHF
2021-11-04,4236,4303,4120,4245,3131361,131584551850,0.0,0.49715909090908283,RB.SHF
2021-11-07,4253,4395,4213,4310,2993817,128320001610,0.0,1.531213191990588,RB.SHF
2021-11-08,4288,4357,4224,4255,2794490,120090226980,0.0,-1.2761020881670526,RB.SHF
2021-11-09,4217,4252,4024,4244,3963513,163942743630,0.0,-0.25851938895417037,RB.SHF
2021-11-10,4273,4464,4234,4441,3680862,160080780980,0.0,4.641847313854863,RB.SHF
2021-11-11,4423,4426,4244,4247,3441240,149186788860,0.0,-4.3683854987615405,RB.SHF
2021-11-14,4193,4253,4123,4136,3659782,153384416270,0.0,-2.613609606781253,RB.SHF
2021-11-15,4151,4283,4118,4126,3126442,131094112500,0.0,-0.24177949709864865,RB.SHF
2021-11-16,4126,4224,4105,4214,3162586,131939244770,0.0,2.132816286960737,RB.SHF
2021-11-17,4209,4235,4147,4167,2767255,116108901560,0.0,-1.1153298528713829,RB.SHF
2021-11-18,4158,4320,4111,4283,3324420,139773558200,0.0,2.783777297816181,RB.SHF
2021-11-21,4248,4383,4229,4298,2618633,113116406870,0.0,0.350221807144524,RB.SHF
2021-11-22,4298,4442,4252,4313,2505650,109274973630,0.0,0.3489995346672936,RB.SHF
2021-11-23,4313,4511,4313,4500,2279227,101050340930,0.0,4.33572919081846,RB.SHF
2021-11-24,4473,4533,4426,4469,1613432,72347918400,0.0,-0.6888888888888944,RB.SHF
2021-11-25,4462,4469,4306,4310,2459199,102897465120,0.0,-3.5578429178787174,RB.SHF
2021-11-28,4259,4407,4254,4353,2083315,86005258750,0.0,0.997679814385144,RB.SHF
2021-11-29,4369,4414,4283,4372,2102255,87073190410,0.0,0.4364805881001521,RB.SHF
2021-11-30,4374,4532,4372,4522,2311658,97834859800,0.0,3.43092406221408,RB.SHF
2021-12-01,4532,4590,4437,4504,2487761,106891167600,0.0,-0.39805395842547053,RB.SHF
2021-12-02,4506,4607,4490,4604,2352415,101904785700,0.0,2.2202486678507993,RB.SHF
2021-12-05,4630,4673,4552,4578,2090706,91852224600,0.0,-0.5647263249348389,RB.SHF
2021-12-06,4604,4722,4593,4674,2256706,100183967800,0.0,2.096985583224109,RB.SHF
2021-12-07,4688,4703,4564,4569,2415138,106856822000,0.0,-2.24646983311938,RB.SHF
2021-12-08,4556,4617,4486,4509,2557982,110847033300,0.0,-1.3131976362442566,RB.SHF
2021-12-09,4494,4563,4478,4539,2020021,87005285300,0.0,0.6653359946773074,RB.SHF
2021-12-12,4539,4639,4495,4637,2231172,96988966100,0.0,2.1590658735404222,RB.SHF
2021-12-13,4635,4652,4571,4602,1646029,72332868600,0.0,-0.7547983610092679,RB.SHF
2021-12-14,4603,4693,4588,4664,1906505,84291485800,0.0,1.3472403302911884,RB.SHF
2021-12-15,4659,4762,4651,4757,1654291,74063565600,0.0,1.9939965694682593,RB.SHF
2021-12-16,4757,4792,4709,4731,1582890,71577226100,0.0,-0.5465629598486399,RB.SHF
2021-12-19,4724,4826,4694,4700,2010427,91214533400,0.0,-0.6552525893045891,RB.SHF
2021-12-20,4710,4750,4667,4698,1935240,86712283600,0.0,-0.04255319148935843,RB.SHF
2021-12-21,4705,4724,4634,4661,1709898,76160527800,0.0,-0.7875691783737815,RB.SHF
2021-12-22,4652,4714,4624,4704,1753140,78023052900,0.0,0.9225488092683864,RB.SHF
2021-12-23,4706,4774,4704,4746,1613379,72827128500,0.0,0.8928571428571397,RB.SHF
2021-12-26,4737,4750,4508,4524,2238448,98190757300,0.0,-4.677623261694053,RB.SHF
2021-12-27,4535,4572,4517,4536,1593516,68962590300,0.0,0.2652519893899141,RB.SHF
2021-12-28,4536,4564,4485,4532,1728554,74455754000,0.0,-0.08818342151675207,RB.SHF
2021-12-29,4538,4588,4479,4497,1916411,82797761800,0.0,-0.7722859664607284,RB.SHF
2021-12-30,4497,4567,4482,4532,1446800,62234424700,0.0,0.7782966422059223,RB.SHF
2022-01-03,4518,4619,4507,4616,1184617,51575836100,0.0,1.853486319505726,RB.SHF
2022-01-04,4621,4673,4605,4667,1277992,56516695000,0.0,1.1048526863084884,RB.SHF
2022-01-05,4676,4731,4653,4720,1422849,63619786200,0.0,1.135633169059358,RB.SHF
2022-01-06,4721,4758,4679,4754,1285819,57715026600,0.0,0.7203389830508389,RB.SHF
2022-01-09,4752,4765,4687,4718,1133370,51000848000,0.0,-0.7572570466975126,RB.SHF
2022-01-10,4726,4821,4706,4820,1581977,71616147200,0.0,2.161933022467144,RB.SHF
2022-01-11,4821,4867,4800,4865,1065702,49036527800,0.0,0.9336099585062207,RB.SHF
2022-01-12,4865,4937,4862,4866,1371509,63984875100,0.0,0.02055498458375382,RB.SHF
2022-01-13,4858,4914,4838,4898,1153063,53597553099,0.0,0.6576243321002817,RB.SHF
2022-01-16,4905,4926,4747,4782,1781730,81731193200,0.0,-2.3683135973866842,RB.SHF
2022-01-17,4776,4851,4765,4830,1066625,48803110500,0.0,1.0037641154328814,RB.SHF
2022-01-18,4863,4983,4860,4950,1617199,75991097100,0.0,2.4844720496894457,RB.SHF
2022-01-19,4955,4980,4910,4950,1170056,55074154100,0.0,0.0,RB.SHF
2022-01-20,4950,4997,4915,4948,1318370,62192203600,0.0,-0.040404040404040664,RB.SHF
2022-01-23,4957,5027,4887,4900,1574388,74189184800,0.0,-0.9700889248181133,RB.SHF
2022-01-24,4894,4968,4863,4959,1212866,56736702400,0.0,1.2040816326530646,RB.SHF
2022-01-25,4959,4978,4868,4930,1237281,58005008800,0.0,-0.5847953216374324,RB.SHF
2022-01-26,4933,4996,4888,4908,1325881,62276176300,0.0,-0.44624746450304675,RB.SHF
2022-01-27,4927,5073,4916,5072,1210006,57645657900,0.0,3.341483292583547,RB.SHF
2022-02-06,5120,5124,5042,5091,744755,36028038500,0.0,0.3746056782334417,RB.SHF
2022-02-07,5082,5195,5082,5159,1186239,58186140500,0.0,1.3356904340994014,RB.SHF
2022-02-08,5146,5183,5068,5086,1324241,64648019800,0.0,-1.4150029075402193,RB.SHF
2022-02-09,5094,5217,5081,5204,1394586,68424704400,0.0,2.320094376720405,RB.SHF
2022-02-10,5241,5287,5148,5152,1470339,73319526000,0.0,-0.9992313604919256,RB.SHF
2022-02-13,5146,5157,5032,5059,1874764,91161703400,0.0,-1.8051242236024834,RB.SHF
2022-02-14,5047,5058,4901,4966,2124511,100790133200,0.0,-1.8383079660011847,RB.SHF
2022-02-15,4984,5077,4963,5075,1497635,71594205400,0.0,2.1949254933548046,RB.SHF
2022-02-16,5078,5085,4919,4922,2132547,101185731800,0.0,-3.0147783251231575,RB.SHF
2022-02-17,4901,5039,4893,5019,1578103,74650207900,0.0,1.970743600162539,RB.SHF
2022-02-20,5026,5092,4990,5089,1627394,77926248400,0.0,1.3947001394700065,RB.SHF
2022-02-21,5089,5128,4960,4972,1766048,85134042000,0.0,-2.2990764393790553,RB.SHF
2022-02-22,4973,5060,4970,5027,1506852,71963016500,0.0,1.106194690265494,RB.SHF
2022-02-23,5029,5050,4854,4870,2257947,106224566000,0.0,-3.1231350706186545,RB.SHF
2022-02-24,4868,4901,4752,4849,2155123,99205142600,0.0,-0.43121149897330513,RB.SHF
2022-02-27,4849,4943,4828,4929,1624958,75763078400,0.0,1.6498247061249804,RB.SHF
2022-02-28,4947,5088,4947,5080,1595430,76204767500,0.0,3.063501724487727,RB.SHF
2022-03-01,5094,5139,5044,5104,1480163,71793466100,0.0,0.47244094488188004,RB.SHF
2022-03-02,5105,5192,5076,5125,1865890,91183528000,0.0,0.41144200626959115,RB.SHF
2022-03-03,5132,5172,5085,5147,1661820,81126924500,0.0,0.4292682926829272,RB.SHF
2022-03-06,5148,5352,5133,5350,1930142,96790286199,0.0,3.9440450748008615,RB.SHF
2022-03-07,5350,5356,5146,5205,2239561,111565693500,0.0,-2.710280373831775,RB.SHF
2022-03-08,5173,5251,5099,5154,1502246,74278129900,0.0,-0.9798270893371708,RB.SHF
2022-03-09,5094,5204,5064,5142,1593413,77645972500,0.0,-0.2328288707799775,RB.SHF
2022-03-10,5155,5198,5091,5164,1264426,61893462300,0.0,0.4278490859587647,RB.SHF
2022-03-13,5117,5166,4929,4931,1788603,85713481500,0.0,-4.512006196746709,RB.SHF
2022-03-14,4930,5068,4916,4992,1735203,82443322700,0.0,1.2370715879131966,RB.SHF
2022-03-15,4968,5155,4963,5151,1363006,65683082600,0.0,3.1850961538461453,RB.SHF
2022-03-16,5167,5195,5105,5148,1203863,59038663800,0.0,-0.058241118229473976,RB.SHF
2022-03-17,5148,5205,5136,5202,979085,48211419800,0.0,1.0489510489510412,RB.SHF
2022-03-20,5171,5230,5106,5171,1214930,59850534600,0.0,-0.5959246443675514,RB.SHF
2022-03-21,5156,5204,5143,5165,785470,38740167100,0.0,-0.11603171533552947,RB.SHF
2022-03-22,5159,5238,5111,5234,1044259,51450227500,0.0,1.3359148112294328,RB.SHF
2022-03-23,5236,5266,5183,5194,940925,46825001700,0.0,-0.7642338555598038,RB.SHF
2022-03-24,5194,5270,5192,5265,803651,40020881600,0.0,1.3669618790912663,RB.SHF
2022-03-27,5238,5329,5236,5312,753616,37921326200,0.0,0.8926875593542327,RB.SHF
2022-03-28,5312,5331,5270,5291,987028,49576856400,0.0,-0.39533132530120696,RB.SHF
2022-03-29,5253,5318,5192,5314,1352525,67343332900,0.0,0.4347004347004413,RB.SHF
2022-03-30,5352,5402,5275,5343,1551132,78518028500,0.0,0.5457282649604878,RB.SHF
2022-03-31,5345,5453,5332,5447,1276736,65236215599,0.0,1.9464720194647178,RB.SHF
2022-04-05,5445,5479,5366,5406,1062347,54540225500,0.0,-0.7527079126124492,RB.SHF
2022-04-06,5407,5435,5314,5352,1495053,76105346800,0.0,-0.9988901220865709,RB.SHF
2022-04-07,5333,5387,5229,5299,1778196,89356714500,0.0,-0.9902840059790696,RB.SHF
2022-04-10,5298,5320,5130,5138,1756999,86582303400,0.0,-3.03830911492734,RB.SHF
2022-04-11,5152,5315,5143,5315,1710656,84766884100,0.0,3.444920202413382,RB.SHF
2022-04-12,5317,5322,5186,5189,1918588,95417831800,0.0,-2.3706491063029134,RB.SHF
2022-04-13,5215,5315,5206,5283,1699571,84701523000,0.0,1.811524378492968,RB.SHF
2022-04-14,5279,5361,5272,5330,1457183,73447586600,0.0,0.88964603445012,RB.SHF
2022-04-17,5300,5371,5236,5345,1783175,89762866199,0.0,0.2814258911819856,RB.SHF
2022-04-18,5363,5414,5279,5290,2283937,115710175000,0.0,-1.0289990645463098,RB.SHF
2022-04-19,5301,5432,5294,5390,1752642,89281295900,0.0,1.8903591682419618,RB.SHF
2022-04-20,5402,5417,5306,5340,1736150,88284806400,0.0,-0.927643784786647,RB.SHF
2022-04-21,5347,5361,5239,5241,1591861,79836911700,0.0,-1.8539325842696575,RB.SHF
2022-04-24,5236,5269,5028,5044,2661872,129456569800,0.0,-3.7588246517840096,RB.SHF
2022-04-25,5067,5149,5011,5098,1832418,88275183100,0.0,1.0705789056304482,RB.SHF
2022-04-26,5119,5178,5084,5135,1914290,93158423000,0.0,0.7257748136524134,RB.SHF
2022-04-27,5131,5144,5050,5120,1892895,91455944800,0.0,-0.2921129503407949,RB.SHF
2022-04-28,5120,5200,5077,5183,1593951,77523858800,0.0,1.2304687499999911,RB.SHF
2022-05-04,5205,5229,5137,5197,1096034,53865838200,0.0,0.2701138336870468,RB.SHF
2022-05-05,5197,5207,4989,4998,2034752,98376905100,0.0,-3.8291321916490317,RB.SHF
2022-05-08,4998,5014,4881,4913,2004662,93813462100,0.0,-1.7006802721088454,RB.SHF
2022-05-09,4888,4916,4783,4864,2024014,92918229500,0.0,-0.9973539588845948,RB.SHF
2022-05-10,4871,4977,4868,4942,1540902,71786058700,0.0,1.6036184210526327,RB.SHF
2022-05-11,4930,4995,4840,4869,1899655,88451439000,0.0,-1.4771347632537402,RB.SHF
2022-05-12,4840,4951,4809,4930,1711214,78986411700,0.0,1.2528239884986636,RB.SHF
2022-05-15,4926,4966,4845,4940,2012180,93485068300,0.0,0.20283975659229903,RB.SHF
2022-05-16,4941,4958,4890,4909,1419456,66238569700,0.0,-0.627530364372475,RB.SHF
2022-05-17,4920,4926,4783,4784,1882000,86523009100,0.0,-2.5463434508046445,RB.SHF
2022-05-18,4777,4840,4709,4834,2047231,92555359600,0.0,1.0451505016722429,RB.SHF
2022-05-19,4834,4909,4812,4896,1533538,70722430500,0.0,1.2825817128671924,RB.SHF
2022-05-22,4887,4962,4821,4860,2154222,99874714800,0.0,-0.7352941176470562,RB.SHF
2022-05-23,4877,4878,4704,4717,1870396,85141824800,0.0,-2.942386831275723,RB.SHF
2022-05-24,4717,4802,4692,4794,2157011,97011348500,0.0,1.632393470426119,RB.SHF
2022-05-25,4751,4772,4674,4756,2591842,115985103300,0.0,-0.7926574885273263,RB.SHF
2022-05-26,4761,4860,4754,4831,1992558,90894107300,0.0,1.576955424726667,RB.SHF
2022-05-29,4844,4905,4835,4878,1658750,76562875000,0.0,0.9728834609811665,RB.SHF
2022-05-30,4878,4951,4860,4945,1562122,72737213200,0.0,1.3735137351373439,RB.SHF
2022-05-31,4951,4992,4913,4974,1417079,66530136300,0.0,0.5864509605662205,RB.SHF
2022-06-01,4976,5062,4948,5055,1678060,79439002200,0.0,1.6284680337756319,RB.SHF
2022-06-05,5065,5065,5002,5015,976089,46601272200,0.0,-0.7912957467853587,RB.SHF
2022-06-06,5015,5049,4973,4982,1235198,58670565599,0.0,-0.6580259222332963,RB.SHF
2022-06-07,4968,5075,4958,5062,1705881,81210369500,0.0,1.6057808109193106,RB.SHF
2022-06-08,5062,5096,5022,5058,1423160,68213086400,0.0,-0.079020150138287,RB.SHF
2022-06-09,5042,5103,5005,5060,1694289,81098419500,0.0,0.03954132068011429,RB.SHF
2022-06-12,5060,5060,4920,4952,1768776,83419999500,0.0,-2.134387351778655,RB.SHF
2022-06-13,4941,4989,4864,4874,1731426,80712056700,0.0,-1.575121163166393,RB.SHF
2022-06-14,4867,4893,4797,4800,1899270,87255568800,0.0,-1.5182601559294184,RB.SHF
2022-06-15,4809,4857,4744,4757,1692130,76968494000,0.0,-0.895833333333329,RB.SHF
2022-06-16,4739,4739,4595,4597,2532863,111780875800,0.0,-3.3634643682993515,RB.SHF
2022-06-19,4588,4608,4301,4380,3395298,142189774500,0.0,-4.72046987165543,RB.SHF
2022-06-20,4376,4493,4332,4459,2444922,102388426100,0.0,1.8036529680365287,RB.SHF
2022-06-21,4461,4498,4320,4358,2226834,92877468800,0.0,-2.2650818569185938,RB.SHF
2022-06-22,4378,4486,4344,4471,2354370,98358886199,0.0,2.5929325378614143,RB.SHF
2022-06-23,4497,4513,4415,4422,2063167,87199407100,0.0,-1.0959516886602572,RB.SHF
2022-06-26,4426,4540,4384,4512,1980808,84084758699,0.0,2.0352781546811416,RB.SHF
2022-06-27,4518,4592,4487,4591,1731054,74353691800,0.0,1.7508865248226924,RB.SHF
2022-06-28,4592,4666,4582,4603,1941680,84868393699,0.0,0.26138096275321043,RB.SHF
2022-06-29,4626,4654,4565,4622,2103300,92023293200,0.0,0.4127742776450116,RB.SHF
2022-06-30,4592,4617,4495,4503,2390863,103171593699,0.0,-2.574643011683253,RB.SHF
2022-07-03,4508,4552,4381,4400,1981674,83524649800,0.0,-2.287363979569179,RB.SHF
2022-07-04,4413,4495,4345,4474,1965705,82529733600,0.0,1.6818181818181843,RB.SHF
2022-07-05,4432,4484,4356,4481,2483205,103805571500,0.0,0.15645954403218365,RB.SHF
2022-07-06,4487,4507,4415,4443,2336988,98817029300,0.0,-0.8480249944208929,RB.SHF
2022-07-07,4465,4517,4398,4430,2033395,85814264600,0.0,-0.2925950934053567,RB.SHF
2022-07-10,4430,4483,4192,4275,3063941,125156033699,0.0,-3.498871331828446,RB.SHF
2022-07-11,4275,4296,4108,4128,2511590,100405635000,0.0,-3.438596491228074,RB.SHF
2022-07-12,4117,4161,4064,4128,2455104,95576650500,0.0,0.0,RB.SHF
2022-07-13,4094,4137,4022,4047,2705644,104669213000,0.0,-1.9622093023255793,RB.SHF
2022-07-14,4010,4010,3788,3789,3298883,122205270100,0.0,-6.375092661230541,RB.SHF
2022-07-17,3812,4006,3812,3991,2825094,104833649500,0.0,5.331221958300336,RB.SHF
2022-07-18,4000,4088,3957,3984,2698472,102925098000,0.0,-0.17539463793535548,RB.SHF
2022-07-19,3977,4093,3919,4043,2659073,101183078300,0.0,1.4809236947791238,RB.SHF
2022-07-20,4036,4075,3981,4044,2578896,98284118100,0.0,0.024734108335389138,RB.SHF
2022-07-21,4012,4096,3969,4078,2100304,80396822200,0.0,0.8407517309594548,RB.SHF
2022-07-24,4080,4117,4057,4074,1899608,73627431900,0.0,-0.09808729769494873,RB.SHF
2022-07-25,4080,4127,4010,4105,2220357,85517454600,0.0,0.7609229258713768,RB.SHF
2022-07-26,4112,4153,4040,4134,2184613,84878452600,0.0,0.7064555420219332,RB.SHF
2022-07-27,4129,4295,4094,4284,2248033,89291630900,0.0,3.6284470246734424,RB.SHF
2022-07-28,4254,4280,4201,4219,1827254,73359594300,0.0,-1.5172735760971001,RB.SHF
2022-07-31,4226,4363,4226,4321,2461131,100523424100,0.0,2.4176345105475283,RB.SHF
2022-08-01,4297,4344,4237,4333,2177234,88504550200,0.0,0.2777134922471669,RB.SHF
2022-08-02,4319,4376,4252,4289,2348397,96231052300,0.0,-1.01546272790215,RB.SHF
2022-08-03,4302,4313,4195,4202,2291892,92368414100,0.0,-2.0284448589414805,RB.SHF
2022-08-04,4200,4308,4184,4261,1914339,77004297800,0.0,1.4040932889100466,RB.SHF
2022-08-07,4265,4385,4246,4366,1933791,79330915800,0.0,2.464210279277168,RB.SHF
2022-08-08,4360,4390,4304,4317,1633047,67177009800,0.0,-1.122308749427392,RB.SHF
2022-08-09,4317,4347,4272,4292,1834425,74872571100,0.0,-0.57910586055131,RB.SHF
2022-08-10,4328,4360,4257,4337,2228055,90926212200,0.0,1.0484622553588174,RB.SHF
2022-08-11,4347,4384,4328,4381,1590627,65655863700,0.0,1.0145261701637098,RB.SHF
2022-08-14,4349,4433,4323,4356,2399032,99732364700,0.0,-0.5706459712394474,RB.SHF
2022-08-15,4318,4416,4305,4384,1502797,62199077800,0.0,0.6427915518824712,RB.SHF
2022-08-16,4392,4407,4207,4215,2155416,88092645200,0.0,-3.854927007299269,RB.SHF
2022-08-17,4226,4302,4202,4266,1958935,78962780600,0.0,1.2099644128113818,RB.SHF
2022-08-18,4276,4288,4143,4148,2162701,86484060800,0.0,-2.766057196436944,RB.SHF
2022-08-21,4168,4251,4143,4233,1732096,69054936000,0.0,2.049180327868849,RB.SHF
2022-08-22,4228,4290,4194,4278,1237138,49805228900,0.0,1.0630758327427436,RB.SHF
2022-08-23,4280,4322,4259,4314,1300583,52864239800,0.0,0.8415147265077083,RB.SHF
2022-08-24,4317,4339,4268,4278,1324563,54057245800,0.0,-0.8344923504867818,RB.SHF
2022-08-25,4278,4341,4268,4325,1168595,47655456100,0.0,1.0986442262739704,RB.SHF
2022-08-28,4334,4360,4164,4186,1610705,64801099300,0.0,-3.213872832369946,RB.SHF
2022-08-29,4186,4193,4076,4091,1171963,45916202300,0.0,-2.269469660774004,RB.SHF
2022-08-30,4079,4139,4079,4109,1401509,51581775900,0.0,0.43999022243950137,RB.SHF
2022-08-31,4128,4167,4052,4070,1969194,72584779100,0.0,-0.94913604283281,RB.SHF
2022-09-01,4054,4084,3995,4064,1807756,65477944000,0.0,-0.14742014742015197,RB.SHF
2022-09-04,4079,4141,4046,4124,1715622,62887241300,0.0,1.476377952755903,RB.SHF
2022-09-05,4143,4144,4103,4127,1231154,45462659900,0.0,0.07274490785644794,RB.SHF
2022-09-06,4130,4163,4080,4104,1789661,65992992300,0.0,-0.5573055488248158,RB.SHF
2022-09-07,4114,4196,4101,4156,1793055,66626033800,0.0,1.2670565302144166,RB.SHF
2022-09-08,4168,4237,4155,4236,1378872,51794568000,0.0,1.9249278152069227,RB.SHF
2022-09-12,4241,4254,4212,4239,875682,33191821300,0.0,0.07082152974504652,RB.SHF
2022-09-13,4213,4222,4139,4180,1528167,57118182500,0.0,-1.3918376975701863,RB.SHF
2022-09-14,4185,4234,4127,4159,1976576,74074213600,0.0,-0.5023923444976042,RB.SHF
2022-09-15,4146,4179,4087,4119,1715119,63405500900,0.0,-0.9617696561673439,RB.SHF
2022-09-18,4122,4176,4120,4130,1476096,54832988800,0.0,0.2670551104636987,RB.SHF
2022-09-19,4132,4163,4079,4089,1744328,64370400800,0.0,-0.9927360774818372,RB.SHF
2022-09-20,4084,4118,4056,4094,1573075,57517909600,0.0,0.12227928588897097,RB.SHF
2022-09-21,4095,4210,4092,4207,1843645,68556044900,0.0,2.760136785539813,RB.SHF
2022-09-22,4214,4232,4188,4208,1294449,48774943099,0.0,0.023769907297355175,RB.SHF
2022-09-25,4175,4227,4146,4207,1733812,65045131000,0.0,-0.023764258555136752,RB.SHF
2022-09-26,4218,4296,4216,4288,1813334,69139781400,0.0,1.9253624910862799,RB.SHF
2022-09-27,4298,4309,4262,4272,1177884,45131009400,0.0,-0.3731343283582045,RB.SHF
2022-09-28,4285,4313,4253,4286,1463427,56109645300,0.0,0.327715355805247,RB.SHF
2022-09-29,4286,4304,4229,4245,1260768,48211542200,0.0,-0.9566028931404569,RB.SHF
2022-10-09,4274,4342,4269,4330,1060636,41009170180,0.0,2.0023557126030544,RB.SHF
2022-10-10,4336,4350,4205,4217,1685248,64375234560,0.0,-2.60969976905312,RB.SHF
2022-10-11,4226,4235,4147,4195,1723401,64494754200,0.0,-0.5216978894948987,RB.SHF
2022-10-12,4195,4229,4148,4156,1614102,60468983550,0.0,-0.9296781883194272,RB.SHF
2022-10-13,4142,4213,4118,4200,1352892,50591363020,0.0,1.0587102983638186,RB.SHF
2022-10-16,4199,4205,4084,4106,1989759,73518712570,0.0,-2.238095238095239,RB.SHF
2022-10-17,4106,4133,4063,4110,1652862,60597732150,0.0,0.097418412079886,RB.SHF
2022-10-18,4115,4124,4058,4075,1512142,55377344020,0.0,-0.8515815085158196,RB.SHF
2022-10-19,4073,4076,4009,4016,2105144,76251798220,0.0,-1.4478527607362013,RB.SHF
2022-10-20,4023,4094,4010,4056,1872506,68061899689,0.0,0.9960159362549792,RB.SHF
2022-10-23,4055,4110,4027,4047,1849163,67263023880,0.0,-0.2218934911242587,RB.SHF
2022-10-24,4039,4043,3979,3994,1694506,60715682000,0.0,-1.3096120583148019,RB.SHF
2022-10-25,3994,4045,3972,4000,1549716,55632294560,0.0,0.1502253380070151,RB.SHF
2022-10-26,4000,4047,3981,3981,1451705,52136623880,0.0,-0.4750000000000032,RB.SHF
2022-10-27,3976,3982,3886,3900,1981946,69711755340,0.0,-2.034664657121321,RB.SHF
2022-10-30,3900,3918,3787,3796,2171777,74745460100,0.0,-2.6666666666666616,RB.SHF
2022-10-31,3789,3905,3787,3894,2077614,71531638530,0.0,2.5816649104320355,RB.SHF
2022-11-01,3894,3928,3855,3894,2015196,70093102600,0.0,0.0,RB.SHF
2022-11-02,3877,3936,3867,3915,1692427,59118307960,0.0,0.5392912172573094,RB.SHF
2022-11-03,3901,4003,3898,3980,1960115,69312258180,0.0,1.6602809706258048,RB.SHF
2022-11-06,4006,4031,3925,3950,1870515,66432494600,0.0,-0.7537688442211032,RB.SHF
2022-11-07,3956,3991,3923,3990,1371946,48512287010,0.0,1.0126582278481067,RB.SHF
2022-11-08,3990,4032,3985,4012,1461441,52415846339,0.0,0.5513784461152804,RB.SHF
2022-11-09,4000,4005,3938,3953,1912637,67869171910,0.0,-1.4705882352941124,RB.SHF
2022-11-10,3936,4091,3929,4064,2247442,80991960190,0.0,2.8079939286617783,RB.SHF
2022-11-13,4064,4129,4053,4076,1688571,61795597189,0.0,0.2952755905511806,RB.SHF
2022-11-14,4084,4129,4072,4125,1258019,46128135300,0.0,1.2021589793915544,RB.SHF
2022-11-15,4134,4206,4129,4181,1575266,58743056310,0.0,1.3575757575757574,RB.SHF
2022-11-16,4188,4193,4101,4163,1681333,62290956080,0.0,-0.4305190145898141,RB.SHF
2022-11-17,4156,4175,4131,4152,1411248,52427885350,0.0,-0.2642325246216659,RB.SHF
2022-11-20,4148,4155,4057,4102,1620175,59443991460,0.0,-1.2042389210019322,RB.SHF
2022-11-21,4095,4150,4091,4109,1435117,52916422390,0.0,0.17064846416381396,RB.SHF
2022-11-22,4090,4139,4081,4124,1317195,48429790240,0.0,0.3650523241664594,RB.SHF
2022-11-23,4129,4186,4109,4113,1601967,59449921880,0.0,-0.2667313288069795,RB.SHF
2022-11-24,4112,4175,4089,4175,1314236,48512312260,0.0,1.5074155117918764,RB.SHF
2022-11-27,4175,4197,4147,4177,1271967,47519322240,0.0,0.047904191616776615,RB.SHF
2022-11-28,4190,4244,4188,4207,1276059,48192538160,0.0,0.7182188173330051,RB.SHF
2022-11-29,4199,4207,4153,4188,1108975,41537559870,0.0,-0.45162823864987045,RB.SHF
2022-11-30,4197,4229,4170,4193,858843,32306282150,0.0,0.11938872970391756,RB.SHF
2022-12-01,4203,4288,4185,4277,1326667,50060367359,0.0,2.003338898163598,RB.SHF
2022-12-04,4273,4369,4257,4272,1735437,66498500730,0.0,-0.11690437222352523,RB.SHF
2022-12-05,4267,4296,4245,4277,1189183,45229335890,0.0,0.117041198501866,RB.SHF
2022-12-06,4271,4310,4236,4248,1576075,60053422150,0.0,-0.6780453588964175,RB.SHF
2022-12-07,4246,4323,4244,4312,1176620,44893968000,0.0,1.5065913370998052,RB.SHF
2022-12-08,4324,4447,4324,4431,1942575,75949806780,0.0,2.759740259740262,RB.SHF
2022-12-11,4431,4482,4399,4419,1544896,61001505760,0.0,-0.27081922816519777,RB.SHF
2022-12-12,4419,4446,4387,4422,1171180,46027704210,0.0,0.06788866259335169,RB.SHF
2022-12-13,4417,4481,4406,4477,1500044,59299936660,0.0,1.243781094527363,RB.SHF
2022-12-14,4485,4588,4479,4587,1932793,77919307720,0.0,2.4570024570024662,RB.SHF
2022-12-15,4586,4660,4461,4547,2765803,112498306410,0.0,-0.8720296490080659,RB.SHF
2022-12-18,4538,4542,4397,4410,2411668,95653160380,0.0,-3.012975588299982,RB.SHF
2022-12-19,4410,4452,4378,4424,1525034,59950862040,0.0,0.31746031746031633,RB.SHF
2022-12-20,4436,4534,4413,4531,1489491,59259795610,0.0,2.418625678119346,RB.SHF
2022-12-21,4545,4545,4436,4449,1655882,66237326310,0.0,-1.8097550209666746,RB.SHF
2022-12-22,4454,4511,4416,4498,1676702,66720944070,0.0,1.1013710946280009,RB.SHF
2022-12-25,4503,4515,4425,4499,1638853,65310551540,0.0,0.022232103156949456,RB.SHF
2022-12-26,4491,4580,4486,4567,1413061,57086207160,0.0,1.5114469882196113,RB.SHF
2022-12-27,4560,4577,4505,4549,1264540,51160836200,0.0,-0.39413181519597495,RB.SHF
2022-12-28,4553,4572,4492,4546,1603581,64666010790,0.0,-0.06594856012310801,RB.SHF
2022-12-29,4551,4633,4547,4610,1699077,69454368870,0.0,1.4078310602727573,RB.SHF
2023-01-02,4605,4605,4510,4563,1245821,50390886090,0.0,-1.0195227765726678,RB.SHF
2023-01-03,4561,4587,4504,4523,1383006,55942867860,0.0,-0.8766162612316442,RB.SHF
2023-01-04,4509,4519,4459,4511,1522301,60917152189,0.0,-0.265310634534599,RB.SHF
2023-01-05,4527,4629,4518,4613,1730447,70446033690,0.0,2.261139436931936,RB.SHF
2023-01-08,4610,4650,4573,4597,1607579,65922629540,0.0,-0.3468458703663524,RB.SHF
2023-01-09,4608,4645,4590,4632,1083219,44519524300,0.0,0.7613661083315293,RB.SHF
2023-01-10,4627,4686,4606,4673,1112383,46009663500,0.0,0.8851468048359346,RB.SHF
2023-01-11,4663,4675,4595,4645,1318042,54395440250,0.0,-0.5991868178900073,RB.SHF
2023-01-12,4640,4701,4619,4687,1278231,53102717759,0.0,0.904198062432715,RB.SHF
2023-01-15,4661,4662,4583,4597,1441664,59285216210,0.0,-1.9202048218476597,RB.SHF
2023-01-16,4587,4649,4565,4626,1025767,42083856770,0.0,0.6308462040461205,RB.SHF
2023-01-17,4650,4690,4633,4678,899703,37382978640,0.0,1.124081279723299,RB.SHF
2023-01-18,4679,4717,4665,4713,914584,38229950560,0.0,0.748182984181267,RB.SHF
2023-01-19,4711,4713,4666,4693,817918,34164147130,0.0,-0.4243581582855982,RB.SHF
2023-01-29,4751,4799,4706,4718,1048134,44387420900,0.0,0.5327082889409862,RB.SHF
2023-01-30,4717,4737,4651,4653,1119159,46792659490,0.0,-1.3777024162780815,RB.SHF
2023-01-31,4653,4692,4577,4587,1500523,61871084650,0.0,-1.4184397163120588,RB.SHF
2023-02-01,4593,4644,4525,4540,1540806,62994340120,0.0,-1.0246348375844816,RB.SHF
2023-02-02,4549,4559,4485,4554,1340933,54060183000,0.0,0.3083700440528636,RB.SHF
2023-02-05,4553,4587,4494,4547,1447504,58439060530,0.0,-0.1537110232762373,RB.SHF
2023-02-06,4537,4554,4468,4513,1511616,60721265390,0.0,-0.7477457664394116,RB.SHF
2023-02-07,4504,4563,4474,4554,1539318,61925523350,0.0,0.9084865942831755,RB.SHF
2023-02-08,4551,4605,4546,4588,1157730,47189377090,0.0,0.746596398770305,RB.SHF
2023-02-09,4588,4600,4510,4576,1582510,64223936530,0.0,-0.26155187445510153,RB.SHF
2023-02-12,4576,4582,4482,4485,1552262,62581064820,0.0,-1.9886363636363646,RB.SHF
2023-02-13,4483,4544,4449,4523,1585145,63511061210,0.0,0.8472686733556278,RB.SHF
2023-02-14,4533,4591,4526,4567,1287382,52284573630,0.0,0.9728056599602075,RB.SHF
2023-02-15,4561,4677,4551,4656,1877414,77196563020,0.0,1.9487628640245225,RB.SHF
2023-02-16,4666,4692,4656,4680,1091790,45450061950,0.0,0.5154639175257714,RB.SHF
2023-02-19,4661,4710,4638,4699,1366456,56943516339,0.0,0.40598290598290454,RB.SHF
2023-02-20,4711,4782,4707,4778,1421583,60163842820,0.0,1.6812087678229393,RB.SHF
2023-02-21,4748,4805,4745,4759,1444261,61311080440,0.0,-0.39765592298032226,RB.SHF
2023-02-22,4784,4817,4739,4748,1896147,80801559230,0.0,-0.23114099600756166,RB.SHF
2023-02-23,4747,4766,4702,4744,1669416,70428384310,0.0,-0.08424599831508006,RB.SHF
2023-02-26,4717,4762,4687,4707,1925170,80884951160,0.0,-0.7799325463743623,RB.SHF
2023-02-27,4706,4709,4661,4688,1369701,57125258010,0.0,-0.403654132143616,RB.SHF
2023-02-28,4689,4746,4677,4735,1533443,64380914030,0.0,1.0025597269624598,RB.SHF
2023-03-01,4732,4757,4720,4745,993488,41922898460,0.0,0.21119324181626542,RB.SHF
2023-03-02,4750,4805,4737,4798,1154498,49057445680,0.0,1.1169652265542673,RB.SHF
2023-03-05,4784,4796,4689,4728,1762004,74243548600,0.0,-1.4589412255106349,RB.SHF
2023-03-06,4730,4799,4716,4771,1464187,62066480650,0.0,0.9094754653130366,RB.SHF
2023-03-07,4772,4792,4741,4772,1058647,45006324470,0.0,0.020959966464051405,RB.SHF
2023-03-08,4773,4854,4724,4844,2639304,112339806090,0.0,1.5088013411567402,RB.SHF
2023-03-09,4857,4883,4833,4845,1652266,71515009630,0.0,0.02064409578861337,RB.SHF
2023-03-12,4860,4916,4848,4909,1525232,66377862189,0.0,1.32094943240455,RB.SHF
2023-03-13,4861,4943,4860,4911,1703065,74459799650,0.0,0.040741495212870404,RB.SHF
2023-03-14,4918,4935,4850,4865,1575120,68669355910,0.0,-0.9366727754021587,RB.SHF
2023-03-15,4824,4838,4714,4723,2511599,106877393830,0.0,-2.9188078108941418,RB.SHF
2023-03-16,4720,4811,4700,4787,1812692,76756145400,0.0,1.3550709294939622,RB.SHF
2023-03-19,4791,4806,4708,4710,1524810,64557828510,0.0,-1.6085230833507436,RB.SHF
2023-03-20,4717,4743,4664,4668,1435222,60120978730,0.0,-0.8917197452229297,RB.SHF
2023-03-21,4673,4711,4627,4664,1641849,68206778080,0.0,-0.08568980291345785,RB.SHF
2023-03-22,4671,4696,4567,4571,1805506,74488385420,0.0,-1.9939965694682704,RB.SHF
2023-03-23,4571,4633,4554,4613,1463299,59778451509,0.0,0.9188361408882129,RB.SHF
2023-03-26,4582,4637,4576,4610,1179589,48425819930,0.0,-0.06503360069368691,RB.SHF
2023-03-27,4616,4657,4599,4645,1156760,47673407270,0.0,0.759219088937102,RB.SHF
2023-03-28,4651,4681,4631,4662,1055543,43762131619,0.0,0.3659849300323037,RB.SHF
2023-03-29,4678,4692,4633,4680,1247443,51781695350,0.0,0.38610038610038533,RB.SHF
2023-03-30,4690,4717,4664,4673,918121,38339733940,0.0,-0.14957264957264904,RB.SHF
2023-04-02,4673,4679,4541,4542,1081619,44436307300,0.0,-2.8033383265568146,RB.SHF
2023-04-03,4540,4568,4504,4513,741305,29896165400,0.0,-0.638485248789078,RB.SHF
2023-04-05,4496,4517,4454,4471,1066014,42116879920,0.0,-0.9306448038998494,RB.SHF
2023-04-06,4487,4550,4482,4529,1293250,51519119600,0.0,1.2972489375978613,RB.SHF
2023-04-09,4541,4564,4406,4435,1768635,69790402620,0.0,-2.0755133583572505,RB.SHF
2023-04-10,4438,4473,4391,4469,1469111,57353209000,0.0,0.7666290868094672,RB.SHF
2023-04-11,4473,4479,4416,4427,1205778,47199810320,0.0,-0.9398075632132463,RB.SHF
2023-04-12,4443,4444,4376,4412,1637913,63578628710,0.0,-0.3388299073864953,RB.SHF
2023-04-13,4412,4482,4410,4423,1435636,56219633950,0.0,0.24932003626472188,RB.SHF
2023-04-16,4427,4471,4397,4459,1636060,63921947070,0.0,0.8139271987338992,RB.SHF
2023-04-17,4479,4519,4457,4484,1619625,64012284130,0.0,0.5606638259699537,RB.SHF
2023-04-18,4484,4499,4439,4458,1495928,58952572880,0.0,-0.5798394290811748,RB.SHF
2023-04-19,4440,4460,4391,4443,1895468,73915000450,0.0,-0.3364737550471064,RB.SHF
2023-04-20,4432,4437,4324,4325,1838698,70847599430,0.0,-2.6558631555255507,RB.SHF
2023-04-23,4325,4333,4189,4216,2188088,81911780270,0.0,-2.5202312138728367,RB.SHF
2023-04-24,4217,4254,4178,4183,1706302,63465225640,0.0,-0.7827324478178355,RB.SHF
2023-04-25,4166,4241,4157,4222,1771843,65605085960,0.0,0.9323452067893756,RB.SHF
2023-04-26,4250,4267,4189,4190,1710699,63776040930,0.0,-0.7579346281383237,RB.SHF
2023-04-27,4190,4212,4155,4155,1458191,53713000880,0.0,-0.835322195704058,RB.SHF
2023-05-03,4144,4174,4097,4104,1268068,46179205580,0.0,-1.2274368231046884,RB.SHF
2023-05-04,4098,4115,4018,4112,1999125,71646543810,0.0,0.19493177387914784,RB.SHF
2023-05-07,4099,4238,4093,4237,2562981,94080611350,0.0,3.0398832684824795,RB.SHF
2023-05-08,4244,4249,4189,4190,1593264,59272812890,0.0,-1.1092754307292951,RB.SHF
2023-05-09,4189,4237,4162,4187,1778887,65798945720,0.0,-0.07159904534606021,RB.SHF
2023-05-10,4191,4211,4077,4087,2626151,95474704370,0.0,-2.388344877000237,RB.SHF
2023-05-11,4064,4124,4044,4063,1856249,66738046540,0.0,-0.5872277954489857,RB.SHF
2023-05-14,4072,4198,4072,4163,2564799,93683324570,0.0,2.4612355402412023,RB.SHF
2023-05-15,4178,4197,4118,4132,1743581,63862479000,0.0,-0.7446552966610565,RB.SHF
2023-05-16,4132,4220,4128,4217,1783507,65566098730,0.0,2.0571151984511094,RB.SHF
2023-05-17,4221,4228,4156,4186,1720513,63587417870,0.0,-0.7351197533791765,RB.SHF
2023-05-18,4182,4195,4102,4138,2021992,73919068870,0.0,-1.1466794075489672,RB.SHF
2023-05-21,4145,4172,4031,4052,2274723,82102090470,0.0,-2.078298695021752,RB.SHF
2023-05-22,4052,4111,4047,4073,1840790,66124837470,0.0,0.5182625863771051,RB.SHF
2023-05-23,4076,4081,3930,3935,2270046,79937805800,0.0,-3.3881659710287226,RB.SHF
2023-05-24,3927,3947,3872,3896,2220314,76399123650,0.0,-0.9911054637865346,RB.SHF
2023-05-25,3886,3985,3846,3965,2829006,97534383740,0.0,1.7710472279260703,RB.SHF
2023-05-28,3968,3993,3931,3986,1986052,69304253970,0.0,0.5296343001261139,RB.SHF
2023-05-29,3985,3998,3910,3928,1856823,64681847890,0.0,-1.4550928248871053,RB.SHF
2023-05-30,3928,3943,3887,3931,1666251,57459318520,0.0,0.07637474541750677,RB.SHF
2023-05-31,3922,4028,3911,4026,2124122,74498462410,0.0,2.4166878656830315,RB.SHF
2023-06-01,4018,4122,3982,4082,2437115,86846094040,0.0,1.3909587680079438,RB.SHF
2023-06-04,4089,4188,4085,4130,2077583,75600467320,0.0,1.1758941695247493,RB.SHF
2023-06-05,4130,4185,4114,4133,1651168,60357488500,0.0,0.07263922518159216,RB.SHF
2023-06-06,4138,4160,4071,4111,2087487,75808122220,0.0,-0.5323009920154886,RB.SHF
2023-06-07,4121,4175,4115,4148,1856030,67795120550,0.0,0.9000243249817519,RB.SHF
2023-06-08,4154,4225,4150,4213,2034193,75100176820,0.0,1.567020250723239,RB.SHF
2023-06-11,4213,4231,4121,4146,1944009,71390997970,0.0,-1.5903156895323955,RB.SHF
2023-06-12,4146,4250,4141,4247,2062664,76309702970,0.0,2.4360829715388332,RB.SHF
2023-06-13,4256,4272,4221,4245,1754411,65580736220,0.0,-0.047092064987053206,RB.SHF
2023-06-14,4250,4280,4215,4269,1848995,69209947920,0.0,0.565371024734973,RB.SHF
2023-06-15,4273,4324,4262,4313,1666649,63012259450,0.0,1.030686343405951,RB.SHF
2023-06-18,4314,4331,4249,4259,2146210,81045280540,0.0,-1.2520287502898242,RB.SHF
2023-06-19,4269,4280,4223,4249,1639611,61406723260,0.0,-0.2347969006809114,RB.SHF
2023-06-20,4241,4250,4181,4185,1937589,71955423350,0.0,-1.5062367615909622,RB.SHF
2023-06-25,4136,4169,4124,4163,1275952,46599222030,0.0,-0.5256869772998773,RB.SHF
2023-06-26,4163,4250,4156,4232,1589090,58857299030,0.0,1.6574585635359185,RB.SHF
2023-06-27,4223,4247,4190,4236,1415176,52611443640,0.0,0.0945179584120881,RB.SHF
2023-06-28,4225,4258,4200,4227,1741069,64819580630,0.0,-0.21246458923512845,RB.SHF
2023-06-29,4229,4288,4213,4224,1704726,63859977030,0.0,-0.07097232079489313,RB.SHF
2023-07-02,4221,4291,4205,4276,2153411,80531725190,0.0,1.2310606060605966,RB.SHF
2023-07-03,4275,4306,4258,4278,1458155,54997480400,0.0,0.0467726847521055,RB.SHF
2023-07-04,4278,4291,4234,4258,1476438,55426104710,0.0,-0.4675081813931725,RB.SHF
2023-07-05,4248,4288,4238,4266,1407277,52835418390,0.0,0.18788163457021945,RB.SHF
2023-07-06,4266,4280,4166,4167,2169063,80902331990,0.0,-2.320675105485237,RB.SHF
2023-07-09,4164,4211,4144,4148,1632546,60063260460,0.0,-0.455963522918168,RB.SHF
2023-07-10,4156,4198,4154,4177,1435227,52786405550,0.0,0.6991321118611449,RB.SHF
2023-07-11,4183,4220,4169,4219,1405017,51895382440,0.0,1.005506344266216,RB.SHF
2023-07-12,4227,4237,4192,4231,1414138,52539318070,0.0,0.2844275894761772,RB.SHF
2023-07-13,4231,4287,4230,4284,1400123,52483999050,0.0,1.2526589458756732,RB.SHF
2023-07-16,4289,4294,4179,4186,1937196,72185225300,0.0,-2.287581699346408,RB.SHF
2023-07-17,4190,4257,4189,4256,1322481,49228880250,0.0,1.6722408026755842,RB.SHF
2023-07-18,4255,4264,4206,4247,1368317,51080287680,0.0,-0.21146616541353191,RB.SHF
2023-07-19,4254,4303,4254,4296,1876106,70739351910,0.0,1.1537555921827147,RB.SHF
2023-07-20,4306,4342,4257,4340,2408389,91034421280,0.0,1.0242085661080091,RB.SHF
2023-07-23,4337,4348,4299,4306,2125369,80999953660,0.0,-0.7834101382488523,RB.SHF
2023-07-24,4322,4393,4303,4379,2164065,83076997250,0.0,1.6953088713423048,RB.SHF
2023-07-25,4376,4401,4354,4372,1868445,72011198520,0.0,-0.15985384791048496,RB.SHF
2023-07-26,4371,4408,4358,4383,2200065,84992179320,0.0,0.25160109789570395,RB.SHF
2023-07-27,4375,4385,4340,4372,2154425,82758787980,0.0,-0.2509696554871099,RB.SHF
2023-07-30,4372,4399,4349,4367,1874903,72181290860,0.0,-0.11436413540714119,RB.SHF
2023-07-31,4367,4400,4353,4384,1592842,61465044150,0.0,0.3892832608197949,RB.SHF
2023-08-01,4374,4395,4314,4315,2246681,86167491200,0.0,-1.5739051094890488,RB.SHF
2023-08-02,4312,4315,4228,4232,2556807,96154040330,0.0,-1.9235225955967605,RB.SHF
2023-08-03,4246,4284,4237,4241,1458807,54747469780,0.0,0.21266540642721488,RB.SHF
2023-08-06,4237,4245,4207,4237,1524669,56736617820,0.0,-0.09431737797689355,RB.SHF
2023-08-07,4240,4255,4185,4191,1365258,50747966590,0.0,-1.0856738258201548,RB.SHF
2023-08-08,4180,4210,4158,4200,1163636,42943746570,0.0,0.21474588403722628,RB.SHF
2023-08-09,4200,4219,4160,4167,1536943,56696127920,0.0,-0.7857142857142896,RB.SHF
2023-08-10,4166,4195,4146,4190,1646084,60459481260,0.0,0.5519558435325145,RB.SHF
2023-08-13,4183,4190,4121,4133,1428056,52225379600,0.0,-1.3603818615751773,RB.SHF
2023-08-14,4144,4198,4132,4194,1555592,57014691030,0.0,1.4759254778611286,RB.SHF
2023-08-15,4190,4221,4185,4215,1184152,43830173590,0.0,0.5007153075822668,RB.SHF
2023-08-16,4215,4234,4178,4230,1377243,51021739160,0.0,0.3558718861210064,RB.SHF
2023-08-17,4230,4245,4192,4200,1135837,42236717130,0.0,-0.7092198581560294,RB.SHF
2023-08-20,4200,4203,4127,4162,1815011,66523585150,0.0,-0.9047619047619082,RB.SHF
2023-08-21,4167,4242,4138,4227,1720172,63415405800,0.0,1.5617491590581345,RB.SHF
2023-08-22,4227,4263,4219,4227,1446653,54022849520,0.0,0.0,RB.SHF
2023-08-23,4227,4278,4186,4187,1436149,53642844080,0.0,-0.9462976105985343,RB.SHF
2023-08-24,4200,4240,4188,4219,1254638,46597468720,0.0,0.7642703606400847,RB.SHF
2023-08-27,4220,4249,4135,4163,2237950,82654188400,0.0,-1.3273287508888343,RB.SHF
2023-08-28,4163,4206,4155,4175,1295318,47648008590,0.0,0.28825366322364765,RB.SHF
2023-08-29,4180,4220,4169,4215,1307564,48297780800,0.0,0.9580838323353325,RB.SHF
2023-08-30,4219,4253,4216,4246,1259752,46990592340,0.0,0.7354685646500547,RB.SHF
2023-08-31,4261,4292,4237,4289,1021715,38394442920,0.0,1.01271785209609,RB.SHF
2023-09-03,4282,4309,4266,4280,866459,32717845390,0.0,-0.20983912333877308,RB.SHF
2023-09-04,4278,4309,4250,4264,1017159,38822866060,0.0,-0.37383177570093906,RB.SHF
2023-09-05,4263,4297,4252,4284,894842,34103158000,0.0,0.46904315196998336,RB.SHF
2023-09-06,4281,4302,4226,4260,1673420,63468694540,0.0,-0.5602240896358524,RB.SHF
2023-09-07,4254,4268,4165,4172,1786032,67107659370,0.0,-2.0657276995305174,RB.SHF
2023-09-10,4173,4233,4161,4219,1503805,56254859920,0.0,1.1265580057526314,RB.SHF
2023-09-11,4223,4265,4223,4255,1324021,50077782020,0.0,0.8532827684285316,RB.SHF
2023-09-12,4257,4270,4204,4239,1493026,56344771510,0.0,-0.37602820211516397,RB.SHF
2023-09-13,4241,4260,4219,4259,1502575,56745605740,0.0,0.47180938900683866,RB.SHF
2023-09-14,4275,4302,4265,4292,1543446,58911399520,0.0,0.7748297722470099,RB.SHF
2023-09-17,4288,4317,4256,4312,1665547,63635323520,0.0,0.4659832246039164,RB.SHF
2023-09-18,4317,4348,4299,4300,1475760,56884775760,0.0,-0.2782931354359919,RB.SHF
2023-09-19,4303,4327,4289,4312,1180974,45347309760,0.0,0.27906976744185297,RB.SHF
2023-09-20,4318,4321,4215,4223,1990053,75588208070,0.0,-2.0640074211502824,RB.SHF
2023-09-21,4211,4257,4210,4242,1160111,43776177060,0.0,0.44991712053041866,RB.SHF
2023-09-24,4250,4251,4158,4171,1655226,61937880210,0.0,-1.6737388024516742,RB.SHF
2023-09-25,4171,4181,4114,4125,1451253,53657179180,0.0,-1.1028530328458408,RB.SHF
2023-09-26,4129,4150,4123,4133,897787,33079795710,0.0,0.19393939393939075,RB.SHF
2023-09-27,4142,4172,4135,4142,1021754,37815020250,0.0,0.21775949673361605,RB.SHF
2023-10-08,4119,4119,4063,4083,1025556,37353762780,0.0,-1.4244326412361175,RB.SHF
2023-10-09,4083,4101,4036,4052,1316197,47724235260,0.0,-0.7592456527063418,RB.SHF
2023-10-10,4059,4079,4030,4062,1061811,38399352890,0.0,0.24679170779862147,RB.SHF
2023-10-11,4062,4077,4035,4071,1253955,45353057110,0.0,0.22156573116691725,RB.SHF
2023-10-12,4074,4099,4043,4063,1181367,42759685870,0.0,-0.19651191353475816,RB.SHF
2023-10-15,4068,4112,4032,4105,1639211,59437496500,0.0,1.0337189269012947,RB.SHF
2023-10-16,4106,4122,4082,4094,1068036,39007890270,0.0,-0.26796589524969994,RB.SHF
2023-10-17,4099,4108,4046,4058,1361935,49503852850,0.0,-0.8793356130923358,RB.SHF
2023-10-18,4058,4097,4035,4090,1313338,47597528870,0.0,0.7885657959586068,RB.SHF
2023-10-19,4097,4107,4042,4052,1418587,51492419140,0.0,-0.9290953545232239,RB.SHF
2023-10-22,4041,4059,3994,4009,1591543,57022927990,0.0,-1.0612043435340612,RB.SHF
2023-10-23,4014,4081,4009,4074,1443112,51900793390,0.0,1.621351958094297,RB.SHF
2023-10-24,4091,4138,4079,4123,1688410,61875310790,0.0,1.2027491408934665,RB.SHF
2023-10-25,4123,4140,4105,4136,1133648,41614322570,0.0,0.31530439000728716,RB.SHF
2023-10-26,4126,4182,4115,4180,1427073,52729799580,0.0,1.0638297872340496,RB.SHF
2023-10-29,4175,4201,4162,4198,1066575,39733280380,0.0,0.43062200956938135,RB.SHF
2023-10-30,4204,4207,4167,4190,1069766,39897796950,0.0,-0.1905669366364937,RB.SHF
2023-10-31,4190,4222,4179,4208,1185467,44371346470,0.0,0.42959427207636125,RB.SHF
2023-11-01,4216,4228,4195,4216,1009222,37866839810,0.0,0.19011406844107182,RB.SHF
2023-11-02,4205,4280,4195,4271,1486028,56218321310,0.0,1.304554079696385,RB.SHF
2023-11-05,4271,4299,4255,4271,1429910,54502804260,0.0,0.0,RB.SHF
2023-11-06,4265,4285,4243,4255,1267602,48161894650,0.0,-0.37461952704285206,RB.SHF
2023-11-07,4243,4323,4229,4319,1511907,57457730370,0.0,1.5041128084606337,RB.SHF
2023-11-08,4318,4354,4307,4325,1553439,59879141430,0.0,0.13892104653854265,RB.SHF
2023-11-09,4325,4360,4320,4354,1287764,49847704150,0.0,0.670520231213878,RB.SHF
2023-11-12,4347,4398,4325,4346,1676739,65035184970,0.0,-0.18373909049149706,RB.SHF
2023-11-13,4348,4356,4303,4328,1331751,51369387270,0.0,-0.4141739530602817,RB.SHF
2023-11-14,4342,4447,4342,4400,2343797,91962384650,0.0,1.6635859519408491,RB.SHF
2023-11-15,4400,4466,4370,4458,1699371,66785151910,0.0,1.3181818181818183,RB.SHF
2023-11-16,4470,4483,4400,4410,1588116,62846501340,0.0,-1.076716016150736,RB.SHF
2023-11-19,4409,4484,4390,4471,1661591,65671581580,0.0,1.383219954648518,RB.SHF
2023-11-20,4490,4549,4471,4471,2030063,81589450250,0.0,0.0,RB.SHF
2023-11-21,4474,4509,4439,4491,2020789,80568329890,0.0,0.4473272198613376,RB.SHF
2023-11-22,4493,4508,4373,4416,2420217,95599147350,0.0,-1.6700066800267255,RB.SHF
2023-11-23,4429,4468,4385,4463,1549819,61016580410,0.0,1.0643115942029047,RB.SHF
2023-11-26,4466,4470,4394,4444,1793161,70722462910,0.0,-0.42572260811113427,RB.SHF
2023-11-27,4444,4444,4358,4370,1814439,71099152630,0.0,-1.6651665166516616,RB.SHF
2023-11-28,4372,4408,4361,4373,1202436,46946986330,0.0,0.06864988558352714,RB.SHF
2023-11-29,4384,4403,4333,4392,1629253,63326573260,0.0,0.43448433569632794,RB.SHF
2023-11-30,4390,4422,4366,4403,1030167,40358157610,0.0,0.25045537340619983,RB.SHF
2023-12-03,4411,4413,4339,4345,857612,33428271550,0.0,-1.3172836702248447,RB.SHF
2023-12-04,4335,4367,4327,4344,647001,25067649930,0.0,-0.023014959723821615,RB.SHF
2023-12-05,4344,4403,4326,4398,655122,25444262770,0.0,1.2430939226519389,RB.SHF
2023-12-06,4398,4473,4389,4462,1040675,41546372290,0.0,1.4552069122328426,RB.SHF
2023-12-07,4452,4517,4446,4497,937385,37828294060,0.0,0.7844016136261844,RB.SHF
2023-12-10,4497,4535,4461,4478,1295013,52291186010,0.0,-0.4225038914832058,RB.SHF
2023-12-11,4476,4520,4456,4517,1106310,44646340620,0.0,0.8709245198749382,RB.SHF
2023-12-12,4506,4509,4373,4386,1915813,76440997340,0.0,-2.9001549701129115,RB.SHF
2023-12-13,4396,4427,4361,4367,1284734,50718244030,0.0,-0.43319653442772665,RB.SHF
2023-12-14,4371,4409,4334,4355,1635283,64306126520,0.0,-0.2747881841080879,RB.SHF
2023-12-17,4355,4386,4330,4375,1387983,54331844890,0.0,0.4592422502870175,RB.SHF
2023-12-18,4375,4394,4345,4367,1241986,48810511420,0.0,-0.18285714285714016,RB.SHF
2023-12-19,4367,4402,4359,4383,1064645,41935810370,0.0,0.36638424547743575,RB.SHF
2023-12-20,4383,4442,4364,4437,1382449,54672216550,0.0,1.2320328542094527,RB.SHF
2023-12-21,4437,4482,4430,4454,1242795,49745435320,0.0,0.3831417624521105,RB.SHF
2023-12-24,4451,4466,4429,4448,1014394,40551008890,0.0,-0.13471037269869868,RB.SHF
2023-12-25,4450,4495,4447,4476,1069379,43001392600,0.0,0.629496402877705,RB.SHF
2023-12-26,4476,4488,4439,4476,1119862,44947393110,0.0,0.0,RB.SHF
2023-12-27,4476,4481,4430,4446,1321056,52945677940,0.0,-0.6702412868632712,RB.SHF
2023-12-28,4439,4466,4423,4452,1202060,48087734460,0.0,0.13495276653170407,RB.SHF
2024-01-01,4456,4515,4431,4502,970394,39165947760,0.0,1.123090745732247,RB.SHF
2024-01-02,4503,4530,4495,4511,964192,39102631930,0.0,0.19991115059974085,RB.SHF
2024-01-03,4510,4517,4481,4501,1012620,40961466020,0.0,-0.22168033695411093,RB.SHF
2024-01-04,4502,4509,4418,4427,1381043,55395002540,0.0,-1.644079093534767,RB.SHF
2024-01-07,4434,4439,4392,4392,792994,31460384320,0.0,-0.7906031172351446,RB.SHF
2024-01-08,4394,4409,4378,4387,904309,35711026300,0.0,-0.11384335154827063,RB.SHF
2024-01-09,4387,4390,4322,4324,1306981,51167993060,0.0,-1.436061089582863,RB.SHF
2024-01-10,4319,4373,4319,4368,1049723,41019368000,0.0,1.0175763182238562,RB.SHF
2024-01-11,4368,4373,4340,4341,946101,37048067100,0.0,-0.6181318681318659,RB.SHF
2024-01-14,4344,4361,4299,4334,1337484,52065894040,0.0,-0.16125316747293006,RB.SHF
2024-01-15,4327,4347,4300,4338,1241142,48217494180,0.0,0.09229349330872605,RB.SHF
2024-01-16,4353,4367,4289,4292,1343304,52312066950,0.0,-1.0603964960811396,RB.SHF
2024-01-17,4285,4355,4273,4353,1671022,64833334320,0.0,1.4212488350419328,RB.SHF
2024-01-18,4353,4361,4330,4355,938865,36687648670,0.0,0.04594532506316806,RB.SHF
2024-01-21,4355,4372,4320,4341,1351690,52828404850,0.0,-0.3214695752009167,RB.SHF
2024-01-22,4343,4382,4331,4374,1025124,40213588890,0.0,0.7601935038009655,RB.SHF
2024-01-23,4372,4400,4370,4400,863883,34041550900,0.0,0.5944215820758991,RB.SHF
2024-01-24,4418,4438,4407,4413,1058613,42077045770,0.0,0.2954545454545432,RB.SHF
2024-01-25,4407,4436,4404,4420,911318,36195348700,0.0,0.15862225243599148,RB.SHF
2024-01-28,4420,4441,4400,4414,933122,37078367250,0.0,-0.13574660633484115,RB.SHF
2024-01-29,4414,4421,4352,4353,1177825,46479636380,0.0,-1.381966470321705,RB.SHF
2024-01-30,4350,4360,4302,4304,1219415,47505475850,0.0,-1.125660464047784,RB.SHF
2024-01-31,4303,4323,4289,4303,985874,38167430830,0.0,-0.023234200743493805,RB.SHF
2024-02-01,4303,4313,4229,4255,1622279,62233429370,0.0,-1.1155008133860056,RB.SHF
2024-02-04,4255,4289,4243,4264,1108800,42556360510,0.0,0.2115158636897707,RB.SHF
2024-02-05,4259,4281,4221,4268,1256479,47986165190,0.0,0.09380863039398779,RB.SHF
2024-02-06,4266,4279,4242,4272,753136,28829320960,0.0,0.09372071227742307,RB.SHF
2024-02-07,4273,4300,4264,4288,748877,28830240910,0.0,0.3745318352059934,RB.SHF
2024-02-18,4313,4320,4231,4236,923941,35438027080,0.0,-1.2126865671641784,RB.SHF
2024-02-19,4233,4251,4173,4175,1412007,53496363800,0.0,-1.4400377714825274,RB.SHF
2024-02-20,4175,4281,4154,4218,2460300,93206124450,0.0,1.0299401197604752,RB.SHF
2024-02-21,4208,4246,4193,4224,1443443,54754435200,0.0,0.14224751066855834,RB.SHF
2024-02-22,4224,4243,4209,4216,993602,37744038960,0.0,-0.18939393939394478,RB.SHF
2024-02-25,4215,4226,4161,4171,1489032,56032300030,0.0,-1.0673624288424999,RB.SHF
2024-02-26,4162,4259,4159,4254,1526868,57788612020,0.0,1.9899304723087985,RB.SHF
2024-02-27,4252,4258,4225,4239,1104940,42134778440,0.0,-0.35260930888575404,RB.SHF
2024-02-28,4228,4245,4199,4214,1593839,60499079860,0.0,-0.5897617362585539,RB.SHF
2024-02-29,4214,4238,4183,4186,1307382,49534752640,0.0,-0.6644518272425293,RB.SHF
2024-03-03,4173,4201,4126,4185,2064821,77285219200,0.0,-0.023889154323941675,RB.SHF
2024-03-04,4167,4192,4133,4142,1476512,55202116440,0.0,-1.0274790919952204,RB.SHF
2024-03-05,4133,4141,4103,4130,1491723,55304994490,0.0,-0.2897151134717557,RB.SHF
2024-03-06,4127,4153,4111,4125,1453456,53991866490,0.0,-0.1210653753026647,RB.SHF
2024-03-07,4127,4136,4095,4106,1446243,53450019160,0.0,-0.46060606060606135,RB.SHF
2024-03-10,4102,4104,4009,4012,1970962,71754890980,0.0,-2.2893326838772543,RB.SHF
2024-03-11,4009,4051,4001,4045,1442101,52206801910,0.0,0.8225324027916203,RB.SHF
2024-03-12,4044,4056,3979,3986,1592420,57548395260,0.0,-1.4585908529048175,RB.SHF
2024-03-13,3991,3996,3899,3900,2499011,88810953570,0.0,-2.1575514300050225,RB.SHF
2024-03-14,3894,3922,3876,3883,2252282,78923903340,0.0,-0.43589743589743657,RB.SHF
2024-03-17,3880,3920,3798,3908,3569146,124004871830,0.0,0.6438320885912896,RB.SHF
2024-03-18,3914,3981,3908,3975,2378936,84345539360,0.0,1.7144319344933434,RB.SHF
2024-03-19,3983,4008,3958,3972,2019844,72298666360,0.0,-0.07547169811320531,RB.SHF
2024-03-20,3971,4030,3948,4023,2105708,75547138450,0.0,1.283987915407847,RB.SHF
2024-03-21,4015,4038,3989,4018,1808837,65343299610,0.0,-0.12428535918468375,RB.SHF
2024-03-24,4018,4037,3972,3988,1982646,71335686300,0.0,-0.7466401194624162,RB.SHF
2024-03-25,3988,3999,3889,3893,2079364,73806640160,0.0,-2.382146439317956,RB.SHF
2024-03-26,3884,3930,3868,3870,2233843,78249985870,0.0,-0.5908040071923915,RB.SHF
2024-03-27,3860,3898,3828,3873,2313912,80373804350,0.0,0.07751937984497026,RB.SHF
2024-03-28,3866,3878,3788,3796,2016762,69541407630,0.0,-1.9881229021430413,RB.SHF
2024-03-31,3783,3845,3747,3845,1627900,55444227390,0.0,1.2908324552160177,RB.SHF
2024-04-01,3848,3886,3817,3853,1217108,42149729460,0.0,0.2080624187256186,RB.SHF
2024-04-02,3846,3890,3804,3805,1620584,56881922910,0.0,-1.245782507137294,RB.SHF
2024-04-07,3802,3913,3787,3912,1716178,60370506440,0.0,2.812089356110392,RB.SHF
2024-04-08,3910,3959,3890,3949,1882756,67229376350,0.0,0.9458077709611379,RB.SHF
2024-04-09,3950,3965,3924,3937,1593959,57169208950,0.0,-0.3038743985819159,RB.SHF
2024-04-10,3934,3978,3919,3970,1800637,64724478830,0.0,0.8382016764033606,RB.SHF
2024-04-11,3972,3997,3955,3987,1440449,52112962780,0.0,0.4282115869017611,RB.SHF
2024-04-14,3987,4001,3941,3973,1807915,65290879070,0.0,-0.3511412089290178,RB.SHF
2024-04-15,3976,3994,3949,3965,1932383,69816928630,0.0,-0.2013591744273846,RB.SHF
2024-04-16,3963,4049,3958,4046,2046152,74466114930,0.0,2.0428751576292647,RB.SHF
2024-04-17,4050,4071,4031,4046,1863700,68708114740,0.0,0.0,RB.SHF
2024-04-18,4044,4060,4023,4038,1308924,48148011510,0.0,-0.1977261492832394,RB.SHF
2024-04-21,4026,4059,4012,4033,1479647,54334557540,0.0,-0.12382367508667613,RB.SHF
2024-04-22,4033,4049,3994,4001,1480656,54261476510,0.0,-0.7934540044631788,RB.SHF
2024-04-23,3995,4058,3990,4045,1421565,52152585360,0.0,1.0997250687328153,RB.SHF
2024-04-24,4044,4072,4024,4032,1606852,59176203350,0.0,-0.32138442521632005,RB.SHF
2024-04-25,4034,4055,4005,4049,1283568,47113626120,0.0,0.4216269841269771,RB.SHF
2024-04-28,4044,4061,4013,4038,1461304,53642526610,0.0,-0.2716720177821652,RB.SHF
2024-04-29,4053,4077,3993,4017,1694316,62187052100,0.0,-0.5200594353640398,RB.SHF
2024-05-05,4035,4108,4035,4104,1265164,46972357100,0.0,2.165795369678869,RB.SHF
2024-05-06,4104,4114,4082,4091,994251,37078063670,0.0,-0.31676413255360414,RB.SHF
2024-05-07,4091,4101,4034,4037,1441955,53395429330,0.0,-1.319970667318504,RB.SHF
2024-05-08,4037,4056,4017,4032,1296179,47627571500,0.0,-0.1238543472875886,RB.SHF
2024-05-09,4037,4043,3986,4024,1591620,58134443090,0.0,-0.1984126984126977,RB.SHF
2024-05-12,4020,4053,3981,4050,1571537,57453674770,0.0,0.6461232604373812,RB.SHF
2024-05-13,4050,4055,3982,3989,1403063,51201988860,0.0,-1.5061728395061702,RB.SHF
2024-05-14,3984,3991,3964,3979,1358284,49138744670,0.0,-0.25068939583855476,RB.SHF
2024-05-15,3982,4075,3971,4069,2001330,73405911680,0.0,2.261874842925349,RB.SHF
2024-05-16,4066,4095,4055,4083,1539174,57110669590,0.0,0.3440648808060942,RB.SHF
2024-05-19,4077,4131,4060,4104,1653225,61667768550,0.0,0.5143277002204183,RB.SHF
2024-05-20,4099,4124,4090,4116,1317680,49240493770,0.0,0.29239766081872176,RB.SHF
2024-05-21,4116,4191,4113,4176,1955706,74045077430,0.0,1.4577259475218707,RB.SHF
2024-05-22,4165,4182,4125,4148,1545612,58454200290,0.0,-0.6704980842911823,RB.SHF
2024-05-23,4154,4179,4142,4162,1164093,44077244670,0.0,0.3375120540019205,RB.SHF
2024-05-26,4160,4167,4115,4135,1257128,47344217360,0.0,-0.6487265737626147,RB.SHF
2024-05-27,4141,4172,4108,4115,1352103,50957338660,0.0,-0.48367593712213,RB.SHF
2024-05-28,4115,4128,4090,4124,1281620,47934863030,0.0,0.21871202916159405,RB.SHF
2024-05-29,4137,4198,4095,4106,2508872,94680053590,0.0,-0.43646944713869873,RB.SHF
2024-05-30,4104,4109,4066,4072,1427259,53031299400,0.0,-0.8280565026790088,RB.SHF
2024-06-02,4072,4080,4017,4027,1508167,55494317020,0.0,-1.105108055009818,RB.SHF
2024-06-03,4027,4038,4002,4006,1282722,46921034240,0.0,-0.5214800099329508,RB.SHF
2024-06-04,3995,4024,3989,3991,1239456,45145966620,0.0,-0.37443834248627184,RB.SHF
2024-06-05,3997,4031,3979,4027,1785129,65018251430,0.0,0.9020295665246758,RB.SHF
2024-06-06,4027,4054,3999,4016,1445253,52931805630,0.0,-0.2731561956791695,RB.SHF
2024-06-10,4000,4011,3946,3953,1219348,44049415340,0.0,-1.5687250996015978,RB.SHF
2024-06-11,3954,3976,3943,3965,991522,35739075970,0.0,0.30356691120667634,RB.SHF
2024-06-12,3989,3999,3937,3979,1316641,47552808950,0.0,0.35308953341739446,RB.SHF
2024-06-13,3984,4020,3983,3997,1276433,46472677690,0.0,0.45237496858507864,RB.SHF
2024-06-16,3997,4001,3960,3970,1141437,41306504600,0.0,-0.6755066299724777,RB.SHF
2024-06-17,3966,4015,3966,3976,1363788,49566599280,0.0,0.15113350125943725,RB.SHF
2024-06-18,3976,4011,3963,3971,1370036,49716789360,0.0,-0.12575452716298008,RB.SHF
2024-06-19,3972,3995,3936,3953,2149607,77535172220,0.0,-0.45328632586250084,RB.SHF
2024-06-20,3949,3972,3915,3915,1429126,51257198200,0.0,-0.9612952188211454,RB.SHF
2024-06-23,3912,3917,3873,3881,1205595,42718193710,0.0,-0.8684546615581046,RB.SHF
2024-06-24,3873,3897,3870,3881,1007338,35599203720,0.0,0.0,RB.SHF
2024-06-25,3880,3920,3872,3915,1172911,41556462990,0.0,0.8760628703942341,RB.SHF
2024-06-26,3915,3921,3884,3884,1051877,37360517330,0.0,-0.7918263090676891,RB.SHF
2024-06-27,3884,3904,3871,3894,1178268,41682167560,0.0,0.2574665293511913,RB.SHF
2024-06-30,3898,3919,3881,3914,1261981,44793821860,0.0,0.5136106831022058,RB.SHF
2024-07-01,3924,3938,3902,3914,1023302,36495073200,0.0,0.0,RB.SHF
2024-07-02,3917,3978,3905,3977,1621967,58159179060,0.0,1.6096065406234095,RB.SHF
2024-07-03,3977,3988,3960,3973,1161511,42003919930,0.0,-0.1005783253708814,RB.SHF
2024-07-04,3966,3976,3902,3904,1465825,52565202880,0.0,-1.7367228794361922,RB.SHF
2024-07-07,3911,3919,3847,3849,1474404,52102044530,0.0,-1.4088114754098324,RB.SHF
2024-07-08,3852,3870,3839,3863,1099757,38604695700,0.0,0.3637308391789995,RB.SHF
2024-07-09,3858,3864,3814,3822,1174823,41035313950,0.0,-1.0613512813875237,RB.SHF
2024-07-10,3831,3883,3822,3861,1517698,53207416910,0.0,1.0204081632652962,RB.SHF
2024-07-11,3865,3878,3852,3871,917664,32292624810,0.0,0.2590002590002527,RB.SHF
2024-07-14,3871,3935,3837,3902,1893587,67124100100,0.0,0.8008266597778313,RB.SHF
2024-07-15,3899,3910,3873,3894,1202701,42597103330,0.0,-0.2050230650948226,RB.SHF
2024-07-16,3888,3908,3828,3832,1578526,55590652600,0.0,-1.592193117616847,RB.SHF
2024-07-17,3826,3842,3798,3837,1611544,56005815880,0.0,0.13048016701462384,RB.SHF
2024-07-18,3824,3833,3797,3823,1363881,47389505510,0.0,-0.3648683867604863,RB.SHF
2024-07-21,3816,3831,3781,3792,1589548,55032889890,0.0,-0.810881506670158,RB.SHF
2024-07-22,3789,3802,3732,3733,1456729,49940602730,0.0,-1.5559071729957852,RB.SHF
2024-07-23,3742,3750,3719,3726,1376828,46787620390,0.0,-0.18751674256629602,RB.SHF
2024-07-24,3726,3731,3636,3658,1877119,62877890180,0.0,-1.8250134192163148,RB.SHF
2024-07-25,3661,3737,3659,3704,1981217,66894351080,0.0,1.2575177692728312,RB.SHF
2024-07-28,3704,3710,3671,3695,1475836,49577231020,0.0,-0.24298056155507286,RB.SHF
2024-07-29,3708,3730,3620,3627,2051883,68627553980,0.0,-1.8403247631935016,RB.SHF
2024-07-30,3627,3697,3594,3655,2163118,71802366400,0.0,0.7719878687620696,RB.SHF
2024-07-31,3677,3719,3660,3687,1582455,53074150090,0.0,0.8755129958960328,RB.SHF
2024-08-01,3686,3716,3653,3713,1434418,48099852900,0.0,0.7051803634391174,RB.SHF
2024-08-04,3716,3733,3666,3700,1470364,49493116070,0.0,-0.3501211957985473,RB.SHF
2024-08-05,3681,3713,3622,3633,1667829,55647223690,0.0,-1.8108108108108145,RB.SHF
2024-08-06,3632,3665,3622,3631,1100349,36463382610,0.0,-0.055050922102950484,RB.SHF
2024-08-07,3633,3652,3574,3576,1445782,47520691160,0.0,-1.5147342329936642,RB.SHF
2024-08-08,3582,3653,3577,3601,1694699,55702344080,0.0,0.6991051454138697,RB.SHF
2024-08-11,3601,3608,3523,3541,1438848,46574660060,0.0,-1.6662038322688089,RB.SHF
2024-08-12,3541,3563,3471,3487,1575824,50444590710,0.0,-1.5249929398475026,RB.SHF
2024-08-13,3484,3490,3358,3405,2366225,73927457060,0.0,-2.351591626039573,RB.SHF
2024-08-14,3417,3442,3372,3427,2317984,71873327520,0.0,0.6461086637298052,RB.SHF
2024-08-15,3432,3449,3379,3382,1799160,56000603360,0.0,-1.3131018383425785,RB.SHF
2024-08-18,3370,3471,3343,3468,2725356,84826459210,0.0,2.542874039030152,RB.SHF
2024-08-19,3468,3497,3444,3486,1725185,54458339470,0.0,0.519031141868509,RB.SHF
2024-08-20,3504,3558,3486,3555,1604043,51277510750,0.0,1.9793459552495785,RB.SHF
2024-08-21,3545,3553,3481,3488,1630527,52248721510,0.0,-1.8846694796061936,RB.SHF
2024-08-22,3489,3511,3465,3466,1425130,45322335150,0.0,-0.6307339449541316,RB.SHF
2024-08-25,3474,3590,3455,3587,2099759,67480724990,0.0,3.4910559723023704,RB.SHF
2024-08-26,3581,3614,3559,3570,1529548,49819302830,0.0,-0.4739336492891044,RB.SHF
2024-08-27,3571,3602,3569,3587,1130551,36889697700,0.0,0.4761904761904745,RB.SHF
2024-08-28,3582,3610,3555,3581,1200943,39164711120,0.0,-0.16727069974908915,RB.SHF
2024-08-29,3574,3598,3523,3541,1270467,41201787350,0.0,-1.1170064227869259,RB.SHF
2024-09-01,3548,3560,3472,3492,947513,30331782900,0.0,-1.3837898898616197,RB.SHF
2024-09-02,3492,3508,3404,3412,1716879,54886924670,0.0,-2.290950744558995,RB.SHF
2024-09-03,3402,3423,3345,3369,2601602,81372256500,0.0,-1.2602579132473646,RB.SHF
2024-09-04,3370,3403,3330,3340,2202508,68454996420,0.0,-0.860789551795782,RB.SHF
2024-09-05,3360,3385,3266,3306,2823651,86623238670,0.0,-1.0179640718562921,RB.SHF
2024-09-08,3316,3352,3238,3335,3007110,91179004890,0.0,0.8771929824561431,RB.SHF
2024-09-09,3342,3376,3313,3337,2637623,81435434640,0.0,0.059970014992494214,RB.SHF
2024-09-10,3337,3400,3292,3399,3139653,97001711900,0.0,1.8579562481270573,RB.SHF
2024-09-11,3401,3461,3387,3451,2928057,92470377910,0.0,1.5298617240364853,RB.SHF
2024-09-12,3453,3488,3435,3456,2518063,80486565490,0.0,0.14488554042306756,RB.SHF
2024-09-17,3451,3501,3384,3413,2600922,82463777680,0.0,-1.244212962962965,RB.SHF
2024-09-18,3421,3479,3389,3474,3207683,101825106110,0.0,1.7872839144447594,RB.SHF
2024-09-19,3478,3507,3403,3429,3311177,105765094080,0.0,-1.2953367875647714,RB.SHF
2024-09-22,3427,3432,3342,3345,3220101,100384968320,0.0,-2.4496937882764636,RB.SHF
2024-09-23,3348,3489,3346,3486,4491637,141564985600,0.0,4.215246636771308,RB.SHF
2024-09-24,3489,3563,3485,3494,3653042,118647592750,0.0,0.22948938611588865,RB.SHF
2024-09-25,3492,3572,3479,3555,3295786,107360960410,0.0,1.745850028620488,RB.SHF
2024-09-26,3581,3629,3570,3620,3114689,103385980340,0.0,1.8284106891701901,RB.SHF
2024-09-29,3620,3848,3601,3848,2758421,95748713770,0.0,6.2983425414364635,RB.SHF
2024-10-07,3987,4096,3721,3777,4220545,151303908630,0.0,-1.8451143451143404,RB.SHF
2024-10-08,3792,3841,3738,3755,3644952,127592492450,0.0,-0.5824728620598352,RB.SHF
2024-10-09,3738,3804,3697,3729,3806663,131746080540,0.0,-0.6924101198402144,RB.SHF
2024-10-10,3729,3775,3707,3758,3198181,110497427400,0.0,0.7776883883078511,RB.SHF
2024-10-13,3762,3829,3723,3794,4049131,141407911130,0.0,0.9579563597658325,RB.SHF
2024-10-14,3791,3805,3750,3757,3584093,124987736750,0.0,-0.9752240379546695,RB.SHF
2024-10-15,3760,3794,3732,3735,3479402,120902011290,0.0,-0.5855735959542141,RB.SHF
2024-10-16,3738,3777,3576,3576,4903326,166680905220,0.0,-4.257028112449801,RB.SHF
2024-10-17,3588,3667,3558,3615,3902945,129665148130,0.0,1.090604026845643,RB.SHF
2024-10-20,3630,3658,3614,3638,2416552,81065246920,0.0,0.6362378976486838,RB.SHF
2024-10-21,3638,3648,3576,3629,2735345,91151260570,0.0,-0.2473886750962051,RB.SHF
2024-10-22,3621,3643,3584,3593,2479153,82677035170,0.0,-0.9920088178561604,RB.SHF
2024-10-23,3583,3619,3565,3608,2641100,87495914700,0.0,0.4174784302811041,RB.SHF
2024-10-24,3610,3672,3607,3658,2617330,88004884290,0.0,1.3858093126385862,RB.SHF
2024-10-27,3662,3770,3654,3739,2997381,103032689290,0.0,2.2143247676325917,RB.SHF
2024-10-28,3738,3749,3696,3708,1928067,66228787470,0.0,-0.8290986894891716,RB.SHF
2024-10-29,3739,3759,3687,3729,2252191,77464525230,0.0,0.5663430420711935,RB.SHF
2024-10-30,3733,3739,3702,3713,2057799,70681341810,0.0,-0.42906945561812515,RB.SHF
2024-10-31,3711,3721,3651,3676,2381801,80989334930,0.0,-0.9964987880420106,RB.SHF
2024-11-03,3687,3774,3623,3711,3213882,108938016830,0.0,0.952121871599565,RB.SHF
2024-11-04,3711,3747,3689,3720,2032842,69735823180,0.0,0.24252223120453387,RB.SHF
2024-11-05,3733,3734,3634,3675,3356124,114144707370,0.0,-1.2096774193548376,RB.SHF
2024-11-06,3662,3725,3643,3723,2361478,80289883820,0.0,1.3061224489795853,RB.SHF
2024-11-07,3731,3754,3636,3648,3624024,123628815080,0.0,-2.014504431909747,RB.SHF
2024-11-10,3628,3671,3583,3609,2744850,91738136200,0.0,-1.0690789473684181,RB.SHF
2024-11-11,3611,3633,3584,3623,2032597,67658690330,0.0,0.387919091160982,RB.SHF
2024-11-12,3623,3648,3601,3616,1899234,63512313140,0.0,-0.19321004692244292,RB.SHF
2024-11-13,3624,3630,3580,3590,1803371,59982171870,0.0,-0.7190265486725633,RB.SHF
2024-11-14,3580,3598,3501,3502,2617529,85799725420,0.0,-2.4512534818941556,RB.SHF
2024-11-17,3514,3570,3495,3553,2342838,76445067940,0.0,1.4563106796116498,RB.SHF
2024-11-18,3559,3608,3526,3599,2389998,78660570060,0.0,1.2946805516464988,RB.SHF
2024-11-19,3592,3606,3580,3596,1434021,47547550750,0.0,-0.08335648791331085,RB.SHF
2024-11-20,3596,3624,3588,3610,1737723,57822852950,0.0,0.38932146829810943,RB.SHF
2024-11-21,3617,3622,3542,3551,1794057,59278259610,0.0,-1.6343490304709163,RB.SHF
2024-11-24,3551,3623,3551,3572,2286942,75632568950,0.0,0.5913827090960222,RB.SHF
2024-11-25,3576,3607,3569,3579,1540708,51006776080,0.0,0.19596864501678635,RB.SHF
2024-11-26,3581,3593,3547,3585,1572858,51874134720,0.0,0.16764459346185756,RB.SHF
2024-11-27,3588,3596,3558,3589,1695442,55985769130,0.0,0.11157601115761029,RB.SHF
2024-11-28,3585,3634,3581,3595,1785535,59406670480,0.0,0.16717748676511324,RB.SHF
2024-12-01,3595,3629,3573,3611,1414682,47038233680,0.0,0.4450625869262925,RB.SHF
2024-12-02,3611,3636,3608,3632,907857,30345519810,0.0,0.5815563555801706,RB.SHF
2024-12-03,3632,3632,3576,3618,1196526,39817850060,0.0,-0.38546255506607396,RB.SHF
2024-12-04,3611,3621,3541,3554,1044730,34529910510,0.0,-1.7689331122166974,RB.SHF
2024-12-05,3553,3564,3519,3522,1524215,50741553780,0.0,-0.9003939223410251,RB.SHF
2024-12-08,3516,3560,3498,3542,1721667,57144269790,0.0,0.5678591709256109,RB.SHF
2024-12-09,3606,3677,3601,3619,3030547,103596748150,0.0,2.1739130434782705,RB.SHF
2024-12-10,3619,3641,3611,3631,1233061,42029628150,0.0,0.3315833103067156,RB.SHF
2024-12-11,3631,3655,3619,3646,1334907,45646347980,0.0,0.4131093362709892,RB.SHF
2024-12-12,3623,3628,3565,3574,2022355,68305011100,0.0,-1.974766867800326,RB.SHF
2024-12-15,3574,3594,3553,3576,1337573,44888657920,0.0,0.05595970900951208,RB.SHF
2024-12-16,3584,3592,3566,3578,1096666,36898413950,0.0,0.055928411633110464,RB.SHF
2024-12-17,3574,3578,3516,3523,1557154,51963302940,0.0,-1.5371716042481887,RB.SHF
2024-12-18,3523,3535,3466,3497,2101553,69101389360,0.0,-0.7380073800738018,RB.SHF
2024-12-19,3498,3503,3482,3488,1000578,32854611480,0.0,-0.25736345438948094,RB.SHF
2024-12-22,3492,3519,3464,3500,1582804,51984256090,0.0,0.34403669724769603,RB.SHF
2024-12-23,3500,3527,3484,3525,1306122,43014104210,0.0,0.7142857142857117,RB.SHF
2024-12-24,3519,3526,3503,3510,1008991,33341791400,0.0,-0.42553191489361764,RB.SHF
2024-12-25,3509,3541,3499,3516,1424785,47162601750,0.0,0.17094017094017033,RB.SHF
2024-12-26,3518,3521,3469,3476,1467866,48213172330,0.0,-1.1376564277588153,RB.SHF
2024-12-29,3473,3532,3470,3528,1632026,53798903350,0.0,1.4959723820483273,RB.SHF
2024-12-30,3538,3539,3512,3520,1115370,36948178880,0.0,-0.22675736961451642,RB.SHF
2025-01-01,3516,3548,3493,3517,1373928,45497747630,0.0,-0.08522727272727293,RB.SHF
2025-01-02,3516,3520,3468,3481,1560003,51181367710,0.0,-1.0235996588001117,RB.SHF
2025-01-05,3472,3497,3458,3459,1614675,52742296400,0.0,-0.6320022981901707,RB.SHF
2025-01-06,3477,3487,3438,3445,1312041,42627023230,0.0,-0.40474125469789346,RB.SHF
2025-01-07,3445,3457,3408,3416,1273140,41076999160,0.0,-0.8417997097242336,RB.SHF
2025-01-08,3411,3423,3387,3409,1503533,48141571210,0.0,-0.2049180327868827,RB.SHF
2025-01-09,3410,3421,3392,3406,1107492,35482410420,0.0,-0.08800234672924345,RB.SHF
2025-01-12,3418,3462,3412,3456,1647938,53316531230,0.0,1.4679976512037562,RB.SHF
2025-01-13,3456,3503,3447,3492,1311180,42856882380,0.0,1.041666666666674,RB.SHF
2025-01-14,3494,3514,3478,3500,1168495,38412387200,0.0,0.22909507445589838,RB.SHF
2025-01-15,3500,3544,3493,3539,1462774,48397837930,0.0,1.114285714285712,RB.SHF
2025-01-16,3542,3593,3527,3587,1588746,53172561470,0.0,1.356315343317327,RB.SHF
2025-01-19,3586,3607,3553,3568,1687191,56743864640,0.0,-0.5296905492054638,RB.SHF
2025-01-20,3570,3601,3557,3568,1411296,47475134200,0.0,0.0,RB.SHF
2025-01-21,3564,3568,3532,3550,1227104,40901989070,0.0,-0.5044843049327397,RB.SHF
2025-01-22,3559,3590,3550,3566,1336839,44871577860,0.0,0.4507042253521165,RB.SHF
2025-01-23,3555,3599,3541,3592,1312473,44011319240,0.0,0.7291082445316954,RB.SHF
2025-01-26,3586,3604,3567,3598,839664,28310933210,0.0,0.16703786191536452,RB.SHF
2025-02-04,3611,3615,3518,3532,1169030,39016194440,0.0,-1.8343524180100101,RB.SHF
2025-02-05,3532,3576,3528,3571,1198192,40023101590,0.0,1.104190260475657,RB.SHF
2025-02-06,3569,3592,3558,3566,1254092,42155802760,0.0,-0.14001680201624067,RB.SHF
2025-02-09,3569,3589,3523,3543,1851664,61846794360,0.0,-0.6449803701626511,RB.SHF
2025-02-10,3552,3552,3477,3484,1803197,59555122470,0.0,-1.665255433248658,RB.SHF
2025-02-11,3484,3507,3469,3502,1274350,41808929850,0.0,0.5166475315729002,RB.SHF
2025-02-12,3502,3509,3462,3473,1297857,42540018330,0.0,-0.8280982295830963,RB.SHF
2025-02-13,3468,3498,3459,3470,1124905,36770898810,0.0,-0.08638065073423018,RB.SHF
2025-02-16,3467,3511,3454,3500,1400224,45784505050,0.0,0.8645533141210304,RB.SHF
2025-02-17,3499,3532,3485,3524,1316289,43425861320,0.0,0.6857142857142895,RB.SHF
2025-02-18,3529,3541,3519,3526,911004,30225573440,0.0,0.05675368898978572,RB.SHF
2025-02-19,3522,3578,3516,3572,1572547,52386241590,0.0,1.3045944412932498,RB.SHF
2025-02-20,3572,3592,3570,3575,1237733,41668805720,0.0,0.08398656215005129,RB.SHF
2025-02-23,3553,3569,3533,3553,1370969,45766342350,0.0,-0.6153846153846176,RB.SHF
2025-02-24,3551,3556,3476,3482,1783574,58830221920,0.0,-1.9983112862369867,RB.SHF
2025-02-25,3482,3559,3477,3552,2666374,88344314930,0.0,2.010338885697882,RB.SHF
2025-02-26,3553,3566,3505,3541,2344249,77967362000,0.0,-0.3096846846846857,RB.SHF
2025-02-27,3544,3550,3511,3540,1588693,52717469950,0.0,-0.02824060999717659,RB.SHF
2025-03-02,3532,3553,3502,3506,2038460,67669190210,0.0,-0.9604519774011333,RB.SHF
2025-03-03,3508,3520,3468,3491,1805693,59266057140,0.0,-0.427837992013691,RB.SHF
2025-03-04,3488,3498,3459,3467,1789010,58474031490,0.0,-0.687482096820391,RB.SHF
2025-03-05,3468,3509,3461,3491,1991285,65209206930,0.0,0.6922411306605092,RB.SHF
2025-03-06,3487,3494,3452,3459,1987064,64858416630,0.0,-0.916642795760525,RB.SHF
2025-03-09,3447,3474,3420,3425,2009350,65038991830,0.0,-0.9829430471234413,RB.SHF
2025-03-10,3425,3431,3389,3414,1646378,52799629350,0.0,-0.32116788321168155,RB.SHF
2025-03-11,3423,3436,3406,3432,1584434,50975106160,0.0,0.5272407732864748,RB.SHF
2025-03-12,3436,3466,3434,3464,1928609,62536307820,0.0,0.932400932400923,RB.SHF
2025-03-13,3466,3483,3448,3475,1274506,41521445870,0.0,0.3175519630485013,RB.SHF
2025-03-16,3476,3481,3415,3422,1608112,52014395400,0.0,-1.5251798561151109,RB.SHF
2025-03-17,3420,3422,3389,3394,1498790,47972360270,0.0,-0.8182349503214503,RB.SHF
2025-03-18,3399,3401,3356,3364,1579305,50051464610,0.0,-0.8839127872716568,RB.SHF
2025-03-19,3364,3378,3334,3378,1727171,54539277180,0.0,0.4161712247324534,RB.SHF
2025-03-20,3374,3381,3352,3357,1355881,42913718620,0.0,-0.6216696269982225,RB.SHF
2025-03-23,3360,3415,3336,3408,1894792,60245097620,0.0,1.5192135835567555,RB.SHF
2025-03-24,3408,3431,3388,3425,1676454,53775964730,0.0,0.49882629107980136,RB.SHF
2025-03-25,3425,3435,3406,3414,1163080,37390507520,0.0,-0.32116788321168155,RB.SHF
2025-03-26,3409,3428,3391,3412,1477756,47383045100,0.0,-0.05858230814294041,RB.SHF
2025-03-27,3415,3415,3384,3401,1417171,45250248510,0.0,-0.32239155920281704,RB.SHF
2025-03-30,3401,3405,3354,3360,1286485,40824848790,0.0,-1.205527785945315,RB.SHF
2025-03-31,3360,3391,3331,3372,1317976,41606868110,0.0,0.3571428571428559,RB.SHF
2025-04-01,3372,3384,3352,3368,724030,22951755060,0.0,-0.11862396204033177,RB.SHF
2025-04-02,3377,3393,3341,3366,975196,30868048190,0.0,-0.059382422802845,RB.SHF
2025-04-06,3276,3306,3235,3280,1042392,32092272830,0.0,-2.5549613784907943,RB.SHF
2025-04-07,3292,3306,3224,3233,1790923,56080777740,0.0,-1.4329268292682884,RB.SHF
2025-04-08,3234,3247,3162,3219,2234794,68765577340,0.0,-0.43303433343643283,RB.SHF
2025-04-09,3205,3289,3196,3272,1929556,60263861090,0.0,1.6464740602671668,RB.SHF
2025-04-10,3278,3280,3236,3264,1505491,47064233330,0.0,-0.24449877750610804,RB.SHF
2025-04-13,3263,3278,3250,3259,1066833,33403287930,0.0,-0.15318627450980893,RB.SHF
2025-04-14,3260,3273,3244,3258,1128992,35299377250,0.0,-0.030684258975144374,RB.SHF
2025-04-15,3254,3266,3219,3224,1202994,37373356430,0.0,-1.0435850214855713,RB.SHF
2025-04-16,3227,3250,3217,3223,1414470,43875071770,0.0,-0.031017369727048827,RB.SHF
2025-04-17,3222,3232,3203,3207,1332522,41155468300,0.0,-0.49643189574930524,RB.SHF
2025-04-20,3211,3251,3200,3245,1277622,39591157340,0.0,1.1849080137199985,RB.SHF
2025-04-21,3250,3256,3195,3205,1344693,41585958860,0.0,-1.2326656394452962,RB.SHF
2025-04-22,3211,3280,3203,3270,1965374,61118129940,0.0,2.028081123244929,RB.SHF
2025-04-23,3271,3272,3226,3238,1456883,45399122000,0.0,-0.9785932721712576,RB.SHF
2025-04-24,3246,3263,3227,3233,1679713,52251459390,0.0,-0.15441630636194859,RB.SHF
2025-04-27,3238,3298,3234,3262,3309555,103864816080,0.0,0.8969996906897704,RB.SHF
2025-04-28,3262,3264,3223,3232,1627530,50600101610,0.0,-0.9196811771919111,RB.SHF
2025-04-29,3232,3236,3216,3227,1034654,32035843560,0.0,-0.15470297029702706,RB.SHF
2025-05-05,3252,3263,3201,3208,1325224,40976742950,0.0,-0.5887821506042723,RB.SHF
2025-05-06,3221,3269,3211,3229,2279629,70819579990,0.0,0.6546134663341752,RB.SHF
2025-05-07,3233,3234,3176,3182,2053864,63110249670,0.0,-1.4555589965933757,RB.SHF
2025-05-08,3182,3183,3144,3150,1655962,50278301420,0.0,-1.0056568196103122,RB.SHF
2025-05-11,3151,3217,3142,3213,2373248,72449817070,0.0,2.0000000000000018,RB.SHF
2025-05-12,3237,3247,3196,3210,1930069,59629749830,0.0,-0.09337068160597539,RB.SHF
2025-05-13,3215,3266,3197,3260,2134942,66316629210,0.0,1.5576323987538832,RB.SHF
2025-05-14,3259,3263,3243,3250,1151080,35898311490,0.0,-0.30674846625766694,RB.SHF
2025-05-15,3251,3251,3211,3213,1485885,46069822320,0.0,-1.1384615384615437,RB.SHF
2025-05-18,3209,3226,3191,3199,1291096,39719519710,0.0,-0.43572984749454813,RB.SHF
2025-05-19,3195,3211,3179,3188,1285345,39382656850,0.0,-0.3438574554548324,RB.SHF
2025-05-20,3192,3204,3183,3191,1023277,31332902080,0.0,0.09410288582183401,RB.SHF
2025-05-21,3192,3207,3172,3191,1461626,44721266730,0.0,0.0,RB.SHF
2025-05-22,3190,3199,3173,3175,1208627,36926175370,0.0,-0.5014102162331557,RB.SHF
2025-05-25,3169,3174,3123,3131,1829729,55212852480,0.0,-1.3858267716535422,RB.SHF
2025-05-26,3138,3146,3090,3106,1935755,57824679640,0.0,-0.7984669434685454,RB.SHF
2025-05-27,3108,3109,3075,3090,1333951,39546375410,0.0,-0.5151320025756578,RB.SHF
2025-05-28,3086,3117,3079,3104,1945056,57797795010,0.0,0.45307443365696365,RB.SHF
2025-05-29,3104,3104,3071,3087,1549422,45924037060,0.0,-0.5476804123711321,RB.SHF
2025-06-02,3073,3073,3036,3052,1553663,45497071030,0.0,-1.13378684807256,RB.SHF
2025-06-03,3054,3115,3049,3100,2066104,61068383000,0.0,1.572739187418093,RB.SHF
2025-06-04,3100,3105,3060,3085,1486968,43993983390,0.0,-0.4838709677419395,RB.SHF
2025-06-05,3095,3129,3089,3101,1845348,55046163210,0.0,0.5186385737439236,RB.SHF
2025-06-08,3101,3117,3088,3108,1433362,42669034910,0.0,0.22573363431150906,RB.SHF
2025-06-09,3110,3115,3082,3100,1456363,43279762710,0.0,-0.2574002574002532,RB.SHF
2025-06-10,3100,3136,3100,3118,1514855,45283422370,0.0,0.5806451612903274,RB.SHF
2025-06-11,3121,3121,3089,3094,1312653,39062451040,0.0,-0.7697241821680523,RB.SHF
2025-06-12,3096,3112,3065,3095,2168544,64223781180,0.0,0.03232062055591456,RB.SHF
2025-06-15,3087,3121,3076,3117,1537422,45764726350,0.0,0.7108239095314994,RB.SHF
2025-06-16,3113,3121,3098,3108,1046277,31200946390,0.0,-0.2887391722810384,RB.SHF
2025-06-17,3105,3123,3095,3113,1326973,39581131220,0.0,0.1608751608751513,RB.SHF
2025-06-18,3113,3129,3101,3113,1180366,35237811720,0.0,0.0,RB.SHF
2025-06-19,3117,3138,3109,3119,1414281,42350781460,0.0,0.19274012206873525,RB.SHF
2025-06-22,3118,3134,3110,3122,976619,29233643330,0.0,0.09618467457519486,RB.SHF
2025-06-23,3119,3133,3101,3103,1530297,45701542600,0.0,-0.608584240871235,RB.SHF
2025-06-24,3102,3106,3086,3102,1361264,40431513240,0.0,-0.03222687721560202,RB.SHF
2025-06-25,3102,3103,3077,3099,1377892,40873618080,0.0,-0.09671179883945502,RB.SHF
2025-06-26,3101,3133,3097,3122,1500826,44879287380,0.0,0.7421748951274676,RB.SHF
2025-06-29,3125,3155,3121,3124,1768212,53215424210,0.0,0.06406149903908087,RB.SHF
2025-06-30,3120,3131,3103,3130,1372384,41003024750,0.0,0.1920614596671033,RB.SHF
2025-07-01,3130,3201,3130,3195,2371284,71918233890,0.0,2.076677316293929,RB.SHF
2025-07-02,3205,3217,3179,3207,1776150,54453620310,0.0,0.375586854460086,RB.SHF
2025-07-03,3203,3226,3200,3202,1644200,50688591360,0.0,-0.1559089491736776,RB.SHF
2025-07-06,3200,3216,3183,3191,1226302,37620077430,0.0,-0.3435352904434752,RB.SHF
2025-07-07,3189,3204,3179,3193,954572,29228068410,0.0,0.06267627702913892,RB.SHF
2025-07-08,3191,3208,3184,3193,1026448,31469742620,0.0,0.0,RB.SHF
2025-07-09,3190,3263,3190,3256,2153427,66755189680,0.0,1.9730660820544976,RB.SHF
2025-07-10,3248,3283,3248,3266,1654545,51852491650,0.0,0.30712530712531105,RB.SHF
2025-07-13,3266,3276,3254,3271,1164609,36472397400,0.0,0.15309246785057962,RB.SHF
2025-07-14,3264,3271,3234,3246,1439493,44928524830,0.0,-0.7642922653622763,RB.SHF
2025-07-15,3247,3254,3225,3238,1130791,35153867470,0.0,-0.24645717806530687,RB.SHF
2025-07-16,3237,3268,3237,3266,1501721,46917150600,0.0,0.864731315626921,RB.SHF
2025-07-17,3268,3312,3268,3281,1874850,59172488800,0.0,0.45927740355173885,RB.SHF
2025-07-20,3293,3377,3290,3361,2696289,86488872660,0.0,2.4382810118866116,RB.SHF
2025-07-21,3361,3477,3351,3447,3266737,106657204910,0.0,2.558762273132986,RB.SHF
2025-07-22,3461,3471,3383,3413,2847460,93500814070,0.0,-0.9863649550333586,RB.SHF
2025-07-23,3416,3471,3387,3434,2533253,83092290810,0.0,0.6152944623498469,RB.SHF
2025-07-24,3459,3501,3428,3498,2878137,95456412630,0.0,1.863715783343034,RB.SHF
2025-07-27,3494,3494,3367,3386,3414713,112081675710,0.0,-3.201829616923957,RB.SHF
2025-07-28,3397,3491,3386,3489,2711612,89518794440,0.0,3.041937389249849,RB.SHF
2025-07-29,3492,3528,3431,3456,3510866,117453949860,0.0,-0.9458297506448887,RB.SHF
2025-07-30,3441,3441,3321,3341,2730966,88590770280,0.0,-3.327546296296291,RB.SHF
2025-07-31,3346,3372,3327,3339,1929148,61992456900,0.0,-0.05986231667165498,RB.SHF
2025-08-03,3342,3352,3298,3340,1634527,52130031060,0.0,0.029949086552849558,RB.SHF
2025-08-04,3345,3385,3323,3370,1580653,50746736120,0.0,0.8982035928143617,RB.SHF
2025-08-05,3370,3384,3348,3371,1202766,38850386040,0.0,0.029673590504453173,RB.SHF
2025-08-06,3371,3400,3350,3368,1648650,53354459680,0.0,-0.0889943636902979,RB.SHF
2025-08-07,3372,3372,3340,3349,1040873,33467233800,0.0,-0.5641330166270775,RB.SHF
2025-08-10,3346,3393,3326,3388,1411239,45554249390,0.0,1.1645267243953317,RB.SHF
2025-08-11,3388,3408,3372,3396,1141600,37132119460,0.0,0.23612750885477762,RB.SHF
2025-08-12,3398,3413,3358,3359,1236428,40165139940,0.0,-1.0895170789163688,RB.SHF
2025-08-13,3342,3362,3309,3324,1283713,41101408050,0.0,-1.0419767788032108,RB.SHF
2025-08-14,3324,3336,3301,3323,1119005,35619045760,0.0,-0.030084235860405872,RB.SHF
2025-08-17,3325,3339,3275,3289,1316477,41777695350,0.0,-1.0231718326813133,RB.SHF
2025-08-18,3295,3305,3254,3259,1121791,35272903850,0.0,-0.912131346913958,RB.SHF
2025-08-19,3263,3274,3236,3265,1317374,41132503740,0.0,0.18410555385086624,RB.SHF
2025-08-20,3272,3278,3247,3253,1125179,35220394490,0.0,-0.3675344563552785,RB.SHF
2025-08-21,3240,3260,3238,3251,801286,24973620160,0.0,-0.06148170919151319,RB.SHF
2025-08-24,3253,3299,3253,3271,1200313,37738354340,0.0,0.6151953245155273,RB.SHF
2025-08-25,3275,3276,3243,3245,770094,24073585380,0.0,-0.7948639559767656,RB.SHF
2025-08-26,3242,3261,3228,3243,1006734,31338120100,0.0,-0.06163328197226203,RB.SHF
2025-08-27,3232,3269,3229,3262,947402,29525423510,0.0,0.5858772741288876,RB.SHF
2025-08-28,3265,3267,3214,3221,808672,25130225620,0.0,-1.256897608828944,RB.SHF
2025-08-31,3211,3222,3154,3175,1342816,41931972570,0.0,-1.428127910586774,RB.SHF
2025-09-01,3175,3196,3161,3177,869767,27106255590,0.0,0.06299212598426251,RB.SHF
2025-09-02,3180,3207,3159,3166,1169148,36476431940,0.0,-0.34623858986465583,RB.SHF
2025-09-03,3167,3193,3148,3177,1231326,38299751970,0.0,0.3474415666456121,RB.SHF
2025-09-04,3177,3214,3160,3204,1385167,43312327900,0.0,0.8498583569405138,RB.SHF
2025-09-07,3207,3212,3166,3193,1257953,39289508430,0.0,-0.34332084893882175,RB.SHF
2025-09-08,3199,3213,3175,3183,1329359,41646075940,0.0,-0.3131850923896007,RB.SHF
2025-09-09,3175,3186,3152,3169,1264549,39307580520,0.0,-0.43983663210807045,RB.SHF
2025-09-10,3170,3179,3142,3152,1542810,47847469180,0.0,-0.5364468286525703,RB.SHF
2025-09-11,3152,3198,3134,3187,2108701,65528858150,0.0,1.1104060913705638,RB.SHF
2025-09-14,3187,3205,3170,3197,1471013,46000004410,0.0,0.3137747097583965,RB.SHF
2025-09-15,3211,3242,3205,3227,1965356,62229396460,0.0,0.9383797309978181,RB.SHF
2025-09-16,3229,3231,3202,3229,1242094,39190047660,0.0,0.06197706848465323,RB.SHF
2025-09-17,3227,3237,3183,3208,1727718,54413889820,0.0,-0.6503561474140551,RB.SHF
2025-09-18,3205,3236,3202,3233,1250591,39504486300,0.0,0.7793017456359186,RB.SHF
2025-09-21,3233,3264,3232,3247,1652529,52670522160,0.0,0.43303433343644393,RB.SHF
2025-09-22,3244,3244,3207,3216,1290376,40815940060,0.0,-0.954727440714509,RB.SHF
2025-09-23,3217,3240,3201,3225,1205152,38051170660,0.0,0.2798507462686617,RB.SHF
2025-09-24,3229,3236,3213,3228,883015,27947236540,0.0,0.09302325581395099,RB.SHF
2025-09-25,3226,3232,3173,3174,1388756,43596010510,0.0,-1.6728624535315983,RB.SHF
2025-09-28,3175,3177,3157,3157,1145688,35606638140,0.0,-0.5356017643352251,RB.SHF
2025-09-29,3166,3171,3127,3131,959828,29660831240,0.0,-0.8235666772252181,RB.SHF
2025-10-08,3148,3160,3132,3156,823683,25430190040,0.0,0.7984669434685454,RB.SHF
2025-10-09,3170,3184,3153,3163,1039362,32298132080,0.0,0.22179974651457268,RB.SHF
2025-10-12,3167,3174,3125,3143,1231858,38018647110,0.0,-0.6323110970597567,RB.SHF
2025-10-13,3150,3153,3098,3120,1158107,35446635530,0.0,-0.7317849188673287,RB.SHF
2025-10-14,3120,3122,3086,3093,1018136,30998696870,0.0,-0.8653846153846123,RB.SHF
2025-10-15,3095,3113,3079,3108,1036367,31468848430,0.0,0.4849660523763344,RB.SHF
2025-10-16,3112,3120,3091,3096,854671,26041167800,0.0,-0.38610038610038533,RB.SHF
2025-10-19,3099,3136,3099,3104,1232540,37701768070,0.0,0.25839793281654533,RB.SHF
2025-10-20,3104,3124,3095,3106,894573,27285216860,0.0,0.06443298969072142,RB.SHF
2025-10-21,3107,3127,3104,3127,822987,25171965610,0.0,0.6761107533805433,RB.SHF
2025-10-22,3131,3143,3118,3130,930140,28554512990,0.0,0.09593859929644122,RB.SHF
2025-10-23,3131,3136,3097,3105,1081693,33024200890,0.0,-0.7987220447284393,RB.SHF
2025-10-26,3109,3160,3107,3160,1696201,52191288480,0.0,1.7713365539452575,RB.SHF
2025-10-27,3160,3179,3147,3151,1333406,41373171070,0.0,-0.28481012658228,RB.SHF
2025-10-28,3154,3196,3152,3194,1239602,38660449400,0.0,1.3646461440812496,RB.SHF
2025-10-29,3198,3204,3156,3166,1440978,44984647750,0.0,-0.8766437069505306,RB.SHF
2025-10-30,3166,3186,3157,3166,985855,30654745530,0.0,0.0,RB.SHF
2025-11-02,3165,3168,3136,3139,1150576,35540246770,0.0,-0.8528111181301368,RB.SHF
2025-11-03,3143,3144,3099,3103,1016465,31122596270,0.0,-1.1468620579802469,RB.SHF
2025-11-04,3105,3105,3067,3082,1149565,34779440530,0.0,-0.6767644215275537,RB.SHF
2025-11-05,3085,3101,3075,3096,884740,26797828640,0.0,0.454250486696961,RB.SHF
2025-11-06,3097,3104,3084,3093,800946,24318020100,0.0,-0.09689922480620172,RB.SHF
2025-11-09,3096,3109,3080,3103,1049513,31862482960,0.0,0.3233107015842229,RB.SHF
2025-11-10,3099,3105,3078,3084,753110,22852204920,0.0,-0.6123106670963607,RB.SHF
2025-11-11,3084,3108,3080,3097,775671,23577493580,0.0,0.42153047989623715,RB.SHF
2025-11-12,3099,3113,3085,3105,885545,26921961100,0.0,0.2583144979011909,RB.SHF
2025-11-13,3107,3116,3093,3112,769087,23434994840,0.0,0.22544283413847843,RB.SHF
2025-11-16,3106,3164,3099,3157,1329238,40887543620,0.0,1.4460154241645151,RB.SHF
2025-11-17,3160,3160,3134,3150,801889,24739196190,0.0,-0.22172949002217113,RB.SHF
2025-11-18,3144,3156,3124,3129,912064,28109392920,0.0,-0.666666666666671,RB.SHF
2025-11-19,3124,3134,3099,3109,1151053,35175936810,0.0,-0.6391818472355371,RB.SHF
2025-11-20,3116,3131,3109,3116,778562,23828852940,0.0,0.22515278224508606,RB.SHF
2025-11-23,3116,3177,3109,3149,1264959,39011862470,0.0,1.0590500641848521,RB.SHF
2025-11-24,3149,3173,3146,3166,929789,28836501210,0.0,0.5398539218799625,RB.SHF
2025-11-25,3166,3167,3145,3159,753169,23329148620,0.0,-0.22109917877447538,RB.SHF
2025-11-26,3159,3159,3137,3153,753252,23262820630,0.0,-0.18993352326686086,RB.SHF
2025-11-27,3153,3173,3144,3170,680875,21096579950,0.0,0.5391690453536269,RB.SHF
2025-11-30,3171,3203,3160,3195,802417,25051536750,0.0,0.7886435331230235,RB.SHF
2025-12-01,3194,3207,3187,3194,504172,15806780710,0.0,-0.03129890453834605,RB.SHF
2025-12-02,3192,3199,3178,3194,750667,23758123790,0.0,0.0,RB.SHF
2025-12-03,3196,3200,3174,3200,873461,27612859160,0.0,0.18785222291797243,RB.SHF
2025-12-04,3203,3206,3179,3182,680567,21535378580,0.0,-0.5624999999999991,RB.SHF
2025-12-07,3182,3182,3134,3147,1256787,39324577970,0.0,-1.0999371464487706,RB.SHF
2025-12-08,3141,3148,3090,3103,1324333,40891566240,0.0,-1.3981569748967249,RB.SHF
2025-12-09,3106,3164,3101,3141,1519252,47249926750,0.0,1.2246213341927215,RB.SHF
2025-12-10,3141,3142,3085,3093,1360006,41995229690,0.0,-1.5281757402101248,RB.SHF
2025-12-11,3101,3106,3081,3084,974336,29916159220,0.0,-0.29097963142580285,RB.SHF
2025-12-14,3064,3110,3055,3098,1232643,37776137410,0.0,0.45395590142671693,RB.SHF
2025-12-15,3099,3119,3089,3105,778715,23995022250,0.0,0.2259522272433756,RB.SHF
2025-12-16,3105,3117,3095,3108,593611,18295124490,0.0,0.09661835748793202,RB.SHF
2025-12-17,3107,3158,3105,3149,1215549,37920344910,0.0,1.3191763191763295,RB.SHF
2025-12-18,3149,3149,3127,3143,686113,21371302020,0.0,-0.19053667831057108,RB.SHF
2025-12-21,3143,3162,3128,3150,842412,26301540460,0.0,0.22271714922048602,RB.SHF
2025-12-22,3152,3173,3142,3152,849315,26623791040,0.0,0.06349206349205438,RB.SHF
2025-12-23,3154,3168,3135,3160,837866,26198591160,0.0,0.2538071065989911,RB.SHF
2025-12-24,3165,3168,3147,3151,502388,15731716200,0.0,-0.28481012658228,RB.SHF
2025-12-25,3156,3156,3114,3142,1132633,35203576170,0.0,-0.2856236115518884,RB.SHF
2025-12-28,3142,3174,3140,3154,1051146,32977211470,0.0,0.3819223424570417,RB.SHF
2025-12-29,3154,3172,3152,3158,635547,19938757870,0.0,0.12682308180089752,RB.SHF
2025-12-30,3162,3166,3138,3146,651840,20386002710,0.0,-0.37998733375553817,RB.SHF
2026-01-04,3159,3159,3121,3128,697016,21700443950,0.0,-0.5721551176096629,RB.SHF
2026-01-05,3127,3143,3109,3135,841618,26078626470,0.0,0.22378516624042,RB.SHF
2026-01-06,3137,3217,3134,3212,1937222,61113215950,0.0,2.4561403508772006,RB.SHF
2026-01-07,3205,3223,3181,3193,1350602,42946335920,0.0,-0.5915317559153199,RB.SHF
2026-01-08,3198,3199,3152,3168,1169507,36799220720,0.0,-0.7829627309740017,RB.SHF
2026-01-11,3169,3199,3165,3190,957432,30243853240,0.0,0.694444444444442,RB.SHF
2026-01-12,3194,3198,3174,3183,837879,26488778020,0.0,-0.21943573667712046,RB.SHF
2026-01-13,3183,3200,3176,3187,764719,24196477670,0.0,0.12566760917374076,RB.SHF
2026-01-14,3186,3197,3173,3185,754088,23837264560,0.0,-0.06275494195168152,RB.SHF
2026-01-15,3190,3219,3181,3188,1365347,43324035430,0.0,0.09419152276295417,RB.SHF
2026-01-18,3188,3196,3158,3164,1056242,33258629170,0.0,-0.7528230865746499,RB.SHF
2026-01-19,3164,3171,3134,3135,936583,29299250740,0.0,-0.9165613147914087,RB.SHF
2026-01-20,3135,3146,3128,3141,633661,19727359270,0.0,0.191387559808609,RB.SHF
2026-01-21,3140,3159,3136,3148,615894,19241999990,0.0,0.22285896211398093,RB.SHF
2026-01-22,3144,3171,3143,3166,657796,20619016630,0.0,0.571791613723005,RB.SHF
2026-01-25,3172,3185,3164,3167,809245,25501347670,0.0,0.031585596967786955,RB.SHF
2026-01-26,3167,3169,3145,3150,673796,21110145380,0.0,-0.5367856015156325,RB.SHF
2026-01-27,3150,3155,3139,3147,607256,18961658720,0.0,-0.09523809523809268,RB.SHF
2026-01-28,3147,3184,3144,3182,1026450,32262967040,0.0,1.1121703209405753,RB.SHF
2026-01-29,3182,3199,3148,3152,1218321,38348821210,0.0,-0.9428032683846621,RB.SHF
2026-02-01,3152,3163,3117,3122,1134404,35337638970,0.0,-0.9517766497461944,RB.SHF
2026-02-02,3136,3142,3119,3123,685806,21302496240,0.0,0.032030749519540436,RB.SHF
2026-02-03,3129,3143,3124,3134,614090,19099332890,0.0,0.352225424271535,RB.SHF
2026-02-04,3135,3137,3110,3125,681405,21108365970,0.0,-0.2871729419272495,RB.SHF
2026-02-05,3129,3135,3098,3101,723307,22355232420,0.0,-0.768000000000002,RB.SHF
2026-02-08,3103,3107,3084,3088,665539,20425543640,0.0,-0.41921960657852475,RB.SHF
2026-02-09,3095,3096,3071,3076,528327,16146540400,0.0,-0.38860103626943143,RB.SHF
2026-02-10,3077,3092,3067,3078,557284,17039526370,0.0,0.06501950585175997,RB.SHF
2026-02-11,3082,3084,3065,3074,444164,13553547400,0.0,-0.1299545159194282,RB.SHF
2026-02-12,3075,3090,3066,3079,555957,16984101520,0.0,0.16265452179571316,RB.SHF
2026-02-23,3079,3084,3028,3051,746349,22575533110,0.0,-0.9093861643390766,RB.SHF
2026-02-24,3053,3108,3047,3100,1150036,35158292190,0.0,1.6060308095706244,RB.SHF
2026-02-25,3100,3107,3074,3087,692924,21251274870,0.0,-0.4193548387096735,RB.SHF
2026-02-26,3087,3094,3071,3091,595003,18201423460,0.0,0.12957563977971098,RB.SHF
2026-03-01,3099,3122,3074,3091,1029503,31631369870,0.0,0.0,RB.SHF
2026-03-02,3094,3102,3081,3098,788272,24177115980,0.0,0.22646392753153943,RB.SHF
2026-03-03,3098,3109,3085,3095,710699,21833640130,0.0,-0.09683666881858954,RB.SHF
2026-03-04,3095,3117,3092,3099,806140,24829452820,0.0,0.12924071082391908,RB.SHF
2026-03-05,3099,3116,3088,3112,704303,21687314940,0.0,0.4194901581155319,RB.SHF
2026-03-08,3116,3166,3115,3143,1576431,49150119760,0.0,0.9961439588688892,RB.SHF
2026-03-09,3143,3145,3115,3128,795516,24716157570,0.0,-0.4772510340439018,RB.SHF
2026-03-10,3130,3141,3120,3139,534162,16599475790,0.0,0.35166240409207905,RB.SHF
2026-03-11,3139,3160,3136,3144,765830,23929380780,0.0,0.15928639694169355,RB.SHF
2026-03-12,3166,3174,3158,3166,919808,28896735800,0.0,0.6997455470737934,RB.SHF
2026-03-15,3154,3170,3145,3164,735893,23075842170,0.0,-0.06317119393556281,RB.SHF
2026-03-16,3164,3174,3158,3172,592481,18625042830,0.0,0.25284450063212116,RB.SHF
2026-03-17,3172,3192,3159,3164,860500,27116853350,0.0,-0.2522068095838548,RB.SHF
2026-03-18,3164,3169,3146,3159,648797,20316597350,0.0,-0.1580278128950674,RB.SHF
2026-03-19,3154,3160,3137,3147,724139,22641633270,0.0,-0.3798670465337106,RB.SHF
2026-03-22,3144,3190,3135,3178,1011355,31837758600,0.0,0.9850651414045064,RB.SHF
2026-03-23,3169,3179,3159,3169,618964,19466735000,0.0,-0.2831969792322253,RB.SHF
2026-03-24,3171,3179,3150,3156,593608,18636256790,0.0,-0.4102240454401995,RB.SHF
2026-03-25,3155,3162,3149,3152,406440,12728319850,0.0,-0.12674271229404788,RB.SHF
2026-03-26,3159,3160,3136,3148,517368,16149424810,0.0,-0.12690355329949554,RB.SHF
2026-03-29,3148,3175,3145,3163,616755,19346864250,0.0,0.4764930114358412,RB.SHF
2026-03-30,3169,3169,3140,3145,477403,14945699000,0.0,-0.5690799873537822,RB.SHF
2026-03-31,3145,3165,3140,3144,426930,13351379690,0.0,-0.031796502384739966,RB.SHF
2026-04-01,3151,3151,3110,3130,631229,19594628240,0.0,-0.4452926208651453,RB.SHF
2026-04-02,3144,3147,3115,3121,336335,10427802000,0.0,-0.2875399361022324,RB.SHF
2026-04-06,3122,3132,3111,3115,214689,6643360570,0.0,-0.1922460749759658,RB.SHF
2026-04-07,3120,3120,3097,3114,486843,15136607830,0.0,-0.032102728731941976,RB.SHF
2026-04-08,3119,3119,3093,3096,425537,13218846230,0.0,-0.5780346820809301,RB.SHF
2026-04-09,3101,3105,3083,3099,488279,15111618020,0.0,0.09689922480620172,RB.SHF
2026-04-12,3096,3109,3088,3100,439355,13604761010,0.0,0.03226847370119135,RB.SHF
2026-04-13,3105,3105,3088,3094,404178,12510395320,0.0,-0.1935483870967758,RB.SHF
2026-04-14,3094,3105,3093,3103,355919,11036161680,0.0,0.29088558500323103,RB.SHF
2026-04-15,3103,3136,3103,3133,698682,21803174280,0.0,0.9668063164679275,RB.SHF
2026-04-16,3137,3139,3128,3133,481135,15073975620,0.0,0.0,RB.SHF
2026-04-19,3133,3178,3124,3172,1001836,31580978810,0.0,1.2448132780082943,RB.SHF
2026-04-20,3172,3184,3169,3176,715710,22732646250,0.0,0.12610340479193294,RB.SHF
2026-04-21,3171,3188,3165,3186,643975,20468375000,0.0,0.31486146095718315,RB.SHF
2026-04-22,3189,3203,3176,3181,781128,24914229890,0.0,-0.15693659761456535,RB.SHF
2026-04-23,3181,3196,3179,3191,525851,16775341310,0.0,0.3143665513989369,RB.SHF
2026-04-26,3191,3214,3185,3190,732162,23412291640,0.0,-0.03133813851456946,RB.SHF
2026-04-27,3191,3195,3162,3176,667771,21217797770,0.0,-0.4388714733542298,RB.SHF
2026-04-28,3176,3198,3166,3195,583210,18556895860,0.0,0.5982367758186502,RB.SHF
2026-04-29,3195,3220,3191,3214,658964,21114417660,0.0,0.5946791862284861,RB.SHF
2026-05-05,3227,3268,3219,3264,703029,22825005020,0.0,1.555693839452399,RB.SHF
2026-05-06,3260,3278,3253,3273,845032,27591075700,0.0,0.27573529411764053,RB.SHF
2026-05-07,3272,3285,3261,3263,824912,27017459060,0.0,-0.3055300947143347,RB.SHF
2026-05-10,3262,3298,3260,3286,851465,27949849710,0.0,0.7048728164265938,RB.SHF
2026-05-11,3285,3292,3246,3255,966893,31636681230,0.0,-0.9433962264150941,RB.SHF
2026-05-12,3251,3267,3236,3257,832174,27050155300,0.0,0.06144393241167556,RB.SHF
2026-05-13,3249,3260,3233,3255,780109,25329234850,0.0,-0.0614062020264039,RB.SHF
2026-05-14,3255,3272,3226,3232,934979,30379118570,0.0,-0.7066052227342579,RB.SHF
2026-05-17,3232,3237,3204,3206,743315,23943651050,0.0,-0.8044554455445496,RB.SHF
2026-05-18,3210,3213,3187,3204,700743,22404931340,0.0,-0.06238303181534954,RB.SHF
2026-05-19,3205,3206,3177,3189,665323,21219759750,0.0,-0.46816479400748623,RB.SHF
2026-05-20,3191,3198,3172,3175,757206,24115087360,0.0,-0.43900909375980124,RB.SHF
2026-05-21,3175,3179,3163,3168,613204,19445635390,0.0,-0.2204724409448855,RB.SHF
2026-05-24,3168,3238,3165,3218,1184446,38060145140,0.0,1.5782828282828287,RB.SHF
2026-05-25,3218,3218,3138,3146,1515821,48020061450,0.0,-2.237414543194527,RB.SHF
2026-05-26,3146,3152,3136,3144,580653,18257967920,0.0,-0.06357279084552303,RB.SHF
2026-05-27,3145,3162,3144,3145,601915,18975478880,0.0,0.031806615776086566,RB.SHF
2026-05-28,3150,3170,3146,3158,576024,18187140970,0.0,0.41335453100159736,RB.SHF
2026-05-31,3156,3189,3156,3177,679167,21553989510,0.0,0.601646611779616,RB.SHF
2026-06-01,3180,3184,3169,3180,491678,15621533990,0.0,0.09442870632672129,RB.SHF
2026-06-02,3180,3187,3165,3169,528286,16776129220,0.0,-0.34591194968554007,RB.SHF
2026-06-03,3166,3180,3154,3157,621994,19696809340,0.0,-0.3786683496371124,RB.SHF
2026-06-04,3157,3175,3149,3165,620284,19606154300,0.0,0.25340513145390986,RB.SHF
2026-06-07,3165,3175,3151,3157,611010,19325464080,0.0,-0.2527646129541816,RB.SHF
2026-06-08,3157,3160,3142,3156,610314,19220778580,0.0,-0.03167564143173873,RB.SHF
2026-06-09,3156,3194,3147,3180,844602,26741423170,0.0,0.7604562737642651,RB.SHF
2026-06-10,3175,3182,3151,3156,672854,21298354250,0.0,-0.7547169811320753,RB.SHF
2026-06-11,3155,3190,3154,3178,768075,24374630410,0.0,0.6970849176172411,RB.SHF
2026-06-14,3180,3195,3173,3187,800414,25494212420,0.0,0.2831969792322253,RB.SHF
2026-06-15,3187,3188,3162,3169,589396,18713110010,0.0,-0.5647944775651115,RB.SHF
2026-06-16,3170,3174,3151,3155,543309,17177958230,0.0,-0.4417797412432978,RB.SHF
2026-06-17,3155,3155,3122,3131,919634,28822703760,0.0,-0.7606973058637112,RB.SHF
2026-06-21,3131,3133,3114,3127,471992,14742250200,0.0,-0.1277547109549637,RB.SHF
2026-06-22,3127,3129,3105,3112,496953,15475115320,0.0,-0.4796929964822505,RB.SHF
2026-06-23,3110,3123,3102,3111,530582,16516272610,0.0,-0.03213367609254947,RB.SHF
2026-06-24,3105,3121,3091,3098,742507,23060261970,0.0,-0.41787206685952594,RB.SHF
2026-06-25,3096,3106,3080,3093,684521,21160227000,0.0,-0.16139444803098257,RB.SHF
