date,open,high,low,close,volume,amount,turn,pct_change,windcode
2020-01-01,537.0,538.0,534.0,536.0,11787,5679404900,0.0,,SC.INE
2020-01-02,535.0,559.0,533.0,556.0,51402,25100745700,0.0,3.731343283582089,SC.INE
2020-01-05,560.0,576.0,554.0,575.0,90369,45785767800,0.0,3.4172661870503607,SC.INE
2020-01-06,569.0,571.0,555.0,559.0,90211,45768362600,0.0,-2.782608695652178,SC.INE
2020-01-07,558.0,590.0,555.0,566.0,137033,69662737900,0.0,1.2522361359570633,SC.INE
2020-01-08,557.0,560.0,533.0,536.0,148785,73271194000,0.0,-5.300353356890463,SC.INE
2020-01-09,537.0,538.0,530.0,533.0,98522,47203921300,0.0,-0.5597014925373123,SC.INE
2020-01-12,535.0,535.0,527.0,531.0,84094,40180191800,0.0,-0.37523452157598447,SC.INE
2020-01-13,530.0,531.0,514.0,518.0,94882,44617059500,0.0,-2.4482109227871973,SC.INE
2020-01-14,521.0,524.0,515.0,516.0,71774,33509053300,0.0,-0.38610038610038533,SC.INE
2020-01-15,517.0,518.0,511.0,516.0,75761,35030671100,0.0,0.0,SC.INE
2020-01-16,513.0,521.0,513.0,517.0,72015,33517610700,0.0,0.19379844961240345,SC.INE
2020-01-19,518.0,524.0,516.0,519.0,65715,30625022700,0.0,0.3868471953578423,SC.INE
2020-01-20,518.0,519.0,512.0,513.0,47983,22254717599,0.0,-1.1560693641618491,SC.INE
2020-01-21,512.0,517.0,509.0,512.0,54377,25072115800,0.0,-0.19493177387914784,SC.INE
2020-01-22,510.0,511.0,494.0,498.0,66758,30156224600,0.0,-2.734375,SC.INE
2020-02-02,463.0,463.0,463.0,463.0,771,320350500,0.0,-7.028112449799195,SC.INE
2020-02-03,434.0,445.0,423.0,443.0,24178,9535831700,0.0,-4.3196544276457916,SC.INE
2020-02-04,434.0,446.0,434.0,441.0,17003,6797760400,0.0,-0.4514672686230292,SC.INE
2020-02-05,450.0,455.0,446.0,452.0,25588,10431121800,0.0,2.4943310657596474,SC.INE
2020-02-06,449.0,451.0,445.0,448.0,21457,8683842100,0.0,-0.8849557522123908,SC.INE
2020-02-09,433.0,444.0,433.0,442.0,24122,9628269600,0.0,-1.3392857142857095,SC.INE
2020-02-10,439.0,443.0,438.0,440.0,29529,11758969200,0.0,-0.4524886877828038,SC.INE
2020-02-11,440.0,446.0,440.0,446.0,35605,14301927000,0.0,1.3636363636363669,SC.INE
2020-02-12,449.0,454.0,448.0,449.0,33153,13516454900,0.0,0.6726457399103047,SC.INE
2020-02-13,454.0,454.0,449.0,451.0,25236,10292072000,0.0,0.44543429844097204,SC.INE
2020-02-16,454.0,455.0,452.0,454.0,23664,9696404200,0.0,0.6651884700665134,SC.INE
2020-02-17,453.0,454.0,449.0,449.0,24445,9968836600,0.0,-1.1013215859030812,SC.INE
2020-02-18,453.0,459.0,450.0,457.0,33957,13970604100,0.0,1.7817371937639104,SC.INE
2020-02-19,463.0,467.0,461.0,464.0,27734,11639679300,0.0,1.5317286652078765,SC.INE
2020-02-20,462.0,464.0,457.0,459.0,24528,10220323900,0.0,-1.0775862068965525,SC.INE
2020-02-23,448.0,448.0,442.0,443.0,29599,11876322500,0.0,-3.4858387799564294,SC.INE
2020-02-24,439.0,442.0,437.0,442.0,29531,11735908899,0.0,-0.22573363431150906,SC.INE
2020-02-25,430.0,432.0,423.0,423.0,36761,14230279000,0.0,-4.298642533936647,SC.INE
2020-02-26,412.0,412.0,406.0,409.0,21967,8245068900,0.0,-3.309692671394804,SC.INE
2020-02-27,398.0,401.0,391.0,393.0,27123,9853396400,0.0,-3.9119804400977953,SC.INE
2020-03-01,388.0,406.0,387.0,401.0,44515,16284401700,0.0,2.035623409669207,SC.INE
2020-03-02,420.0,421.0,406.0,411.0,35194,13324367300,0.0,2.493765586034913,SC.INE
2020-03-03,410.0,412.0,407.0,409.0,29805,11191555500,0.0,-0.48661800486617945,SC.INE
2020-03-04,408.0,410.0,406.0,408.0,33329,12466384100,0.0,-0.24449877750610804,SC.INE
2020-03-05,398.0,400.0,387.0,390.0,65930,23721603000,0.0,-4.411764705882348,SC.INE
2020-03-08,369.0,369.0,369.0,369.0,302,102106200,0.0,-5.384615384615388,SC.INE
2020-03-09,336.0,336.0,336.0,336.0,1371,421719600,0.0,-8.943089430894313,SC.INE
2020-03-10,313.0,321.0,299.0,300.0,148779,42363661500,0.0,-10.71428571428571,SC.INE
2020-03-11,295.0,297.0,280.0,285.0,104010,27273055000,0.0,-5.000000000000004,SC.INE
2020-03-12,280.0,294.0,274.0,291.0,97296,25354536600,0.0,2.1052631578947434,SC.INE
2020-03-15,279.0,288.0,270.0,271.0,98454,25233608400,0.0,-6.872852233676974,SC.INE
2020-03-16,273.0,275.0,263.0,269.0,98341,24268334500,0.0,-0.7380073800738018,SC.INE
2020-03-17,252.0,264.0,252.0,257.0,34019,8286736400,0.0,-4.460966542750933,SC.INE
2020-03-18,240.0,256.0,235.0,252.0,54148,12388062000,0.0,-1.945525291828798,SC.INE
2020-03-19,266.0,268.0,261.0,268.0,40114,9927059000,0.0,6.349206349206349,SC.INE
2020-03-22,240.0,266.0,238.0,266.0,60781,14666634300,0.0,-0.7462686567164201,SC.INE
2020-03-23,277.0,280.0,270.0,277.0,47118,12180673100,0.0,4.135338345864659,SC.INE
2020-03-24,278.0,285.0,278.0,282.0,40062,10577793500,0.0,1.8050541516245522,SC.INE
2020-03-25,285.0,285.0,275.0,276.0,38830,10154773500,0.0,-2.127659574468088,SC.INE
2020-03-26,278.0,278.0,270.0,273.0,47920,12311778400,0.0,-1.0869565217391353,SC.INE
2020-03-29,267.0,270.0,260.0,269.0,68789,17122793300,0.0,-1.46520146520146,SC.INE
2020-03-30,270.0,289.0,270.0,283.0,100343,26493996200,0.0,5.2044609665427455,SC.INE
2020-03-31,282.0,284.0,277.0,280.0,71104,18686808300,0.0,-1.0600706713780883,SC.INE
2020-04-01,284.0,308.0,282.0,308.0,142041,39275452500,0.0,10.000000000000009,SC.INE
2020-04-02,317.0,320.0,295.0,303.0,155096,44214001500,0.0,-1.6233766233766267,SC.INE
2020-04-06,318.0,319.0,312.0,318.0,90805,26865196500,0.0,4.950495049504955,SC.INE
2020-04-07,310.0,316.0,306.0,313.0,90970,26604415600,0.0,-1.5723270440251569,SC.INE
2020-04-08,317.0,323.0,317.0,322.0,78742,23645800500,0.0,2.8753993610223683,SC.INE
2020-04-09,307.0,315.0,305.0,310.0,70584,20592581200,0.0,-3.7267080745341574,SC.INE
2020-04-12,315.0,325.0,304.0,304.0,115339,33946203200,0.0,-1.9354838709677469,SC.INE
2020-04-13,307.0,309.0,298.0,300.0,94765,26889720600,0.0,-1.3157894736842146,SC.INE
2020-04-14,291.0,298.0,289.0,293.0,102720,28224127599,0.0,-2.3333333333333317,SC.INE
2020-04-15,294.0,297.0,276.0,276.0,144437,38540837700,0.0,-5.802047781569963,SC.INE
2020-04-16,280.0,281.0,258.0,271.0,203634,51347134600,0.0,-1.8115942028985477,SC.INE
2020-04-19,258.0,262.0,250.0,259.0,152002,36597305300,0.0,-4.4280442804427995,SC.INE
2020-04-20,249.0,256.0,242.0,245.0,210567,49313586400,0.0,-5.405405405405405,SC.INE
2020-04-21,225.0,232.0,225.0,225.0,20657,4382794100,0.0,-8.163265306122447,SC.INE
2020-04-22,225.0,254.0,219.0,243.0,220367,48706422900,0.0,8.000000000000007,SC.INE
2020-04-23,248.0,253.0,242.0,246.0,62006,15267619300,0.0,1.2345679012345734,SC.INE
2020-04-26,241.0,242.0,231.0,231.0,81762,19230321800,0.0,-6.0975609756097615,SC.INE
2020-04-27,228.0,238.0,222.0,233.0,97144,22348291300,0.0,0.8658008658008587,SC.INE
2020-04-28,238.0,251.0,238.0,244.0,86795,21139570400,0.0,4.7210300429184615,SC.INE
2020-04-29,256.0,260.0,249.0,249.0,74753,18888911900,0.0,2.049180327868849,SC.INE
2020-05-05,288.0,288.0,262.0,264.0,65463,17499724600,0.0,6.024096385542177,SC.INE
2020-05-06,258.0,265.0,255.0,262.0,102970,26916862599,0.0,-0.7575757575757569,SC.INE
2020-05-07,272.0,274.0,252.0,263.0,134996,35302851300,0.0,0.3816793893129722,SC.INE
2020-05-10,261.0,264.0,255.0,259.0,146748,38016561700,0.0,-1.520912547528519,SC.INE
2020-05-11,260.0,260.0,252.0,254.0,105750,27124795099,0.0,-1.9305019305019266,SC.INE
2020-05-12,257.0,257.0,249.0,252.0,163824,41389972700,0.0,-0.7874015748031482,SC.INE
2020-05-13,253.0,253.0,241.0,246.0,207303,51207227300,0.0,-2.3809523809523836,SC.INE
2020-05-14,246.0,263.0,245.0,260.0,263795,67222153600,0.0,5.691056910569103,SC.INE
2020-05-17,261.0,270.0,257.0,268.0,297529,78263574900,0.0,3.076923076923066,SC.INE
2020-05-18,271.0,280.0,264.0,268.0,378163,102827019400,0.0,0.0,SC.INE
2020-05-19,269.0,271.0,266.0,269.0,218089,58432533200,0.0,0.3731343283582156,SC.INE
2020-05-20,273.0,280.0,272.0,279.0,245635,67508408300,0.0,3.7174721189590976,SC.INE
2020-05-21,280.0,281.0,261.0,266.0,318918,86343035300,0.0,-4.659498207885305,SC.INE
2020-05-24,269.0,275.0,265.0,272.0,249897,67049796000,0.0,2.2556390977443552,SC.INE
2020-05-25,272.0,277.0,271.0,275.0,145154,39700522700,0.0,1.1029411764705843,SC.INE
2020-05-26,276.0,277.0,271.0,273.0,197154,53788185599,0.0,-0.727272727272732,SC.INE
2020-05-27,272.0,277.0,271.0,274.0,239585,65464849800,0.0,0.366300366300365,SC.INE
2020-05-28,275.0,279.0,274.0,276.0,193600,53284664400,0.0,0.7299270072992803,SC.INE
2020-05-31,275.0,281.0,275.0,279.0,157039,43469430800,0.0,1.0869565217391353,SC.INE
2020-06-01,279.0,281.0,277.0,279.0,122956,34196121100,0.0,0.0,SC.INE
2020-06-02,280.0,293.0,280.0,291.0,204652,58545170900,0.0,4.3010752688172005,SC.INE
2020-06-03,288.0,288.0,277.0,281.0,200082,56786510500,0.0,-3.436426116838487,SC.INE
2020-06-04,282.0,287.0,280.0,286.0,140924,39781691500,0.0,1.7793594306049876,SC.INE
2020-06-07,294.0,299.0,288.0,296.0,210566,61537317400,0.0,3.4965034965035002,SC.INE
2020-06-08,291.0,294.0,286.0,290.0,157648,45776868600,0.0,-2.0270270270270285,SC.INE
2020-06-09,287.0,292.0,286.0,287.0,121846,35104003100,0.0,-1.0344827586206917,SC.INE
2020-06-10,288.0,290.0,280.0,282.0,142765,40691270500,0.0,-1.7421602787456414,SC.INE
2020-06-11,278.0,278.0,263.0,267.0,194488,52614684900,0.0,-5.319148936170215,SC.INE
2020-06-14,272.0,276.0,260.0,261.0,165122,44332554800,0.0,-2.2471910112359605,SC.INE
2020-06-15,262.0,277.0,261.0,276.0,65322,17548977100,0.0,5.747126436781613,SC.INE
2020-06-16,282.0,285.0,277.0,280.0,233711,68884374600,0.0,1.449275362318847,SC.INE
2020-06-17,280.0,282.0,278.0,281.0,147317,43380359700,0.0,0.3571428571428559,SC.INE
2020-06-18,282.0,286.0,280.0,285.0,118060,35013142100,0.0,1.4234875444839812,SC.INE
2020-06-21,287.0,288.0,280.0,283.0,184688,55150319800,0.0,-0.7017543859649145,SC.INE
2020-06-22,283.0,287.0,282.0,284.0,153205,45741912000,0.0,0.35335689045936647,SC.INE
2020-06-23,286.0,287.0,282.0,285.0,124007,37040182400,0.0,0.35211267605634866,SC.INE
2020-06-28,277.0,278.0,270.0,272.0,72550,20847288100,0.0,-4.561403508771933,SC.INE
2020-06-29,275.0,280.0,275.0,278.0,107528,31398819100,0.0,2.2058823529411686,SC.INE
2020-06-30,277.0,280.0,275.0,279.0,105446,30735922900,0.0,0.3597122302158251,SC.INE
2020-07-01,279.0,286.0,277.0,284.0,126720,37356333400,0.0,1.7921146953405076,SC.INE
2020-07-02,285.0,287.0,282.0,283.0,104822,31308232900,0.0,-0.35211267605633756,SC.INE
2020-07-05,283.0,285.0,280.0,284.0,82133,24384888200,0.0,0.35335689045936647,SC.INE
2020-07-06,284.0,285.0,281.0,282.0,89389,26610178000,0.0,-0.7042253521126751,SC.INE
2020-07-07,284.0,289.0,282.0,284.0,94168,28147291900,0.0,0.7092198581560183,SC.INE
2020-07-08,286.0,286.0,283.0,284.0,74149,22179307500,0.0,0.0,SC.INE
2020-07-09,285.0,285.0,276.0,278.0,113440,33347058700,0.0,-2.1126760563380254,SC.INE
2020-07-12,280.0,284.0,280.0,281.0,84905,25148593400,0.0,1.0791366906474753,SC.INE
2020-07-13,281.0,283.0,274.0,278.0,87480,25623354300,0.0,-1.0676156583629859,SC.INE
2020-07-14,277.0,282.0,276.0,280.0,75469,22226746700,0.0,0.7194244604316502,SC.INE
2020-07-15,283.0,283.0,272.0,275.0,98245,28769247200,0.0,-1.7857142857142905,SC.INE
2020-07-16,275.0,278.0,274.0,274.0,83421,25232669000,0.0,-0.363636363636366,SC.INE
2020-07-19,274.0,276.0,267.0,267.0,111145,33000137200,0.0,-2.5547445255474477,SC.INE
2020-07-20,267.0,276.0,267.0,273.0,112967,33672868900,0.0,2.2471910112359605,SC.INE
2020-07-21,279.0,279.0,273.0,275.0,106156,32142964000,0.0,0.73260073260073,SC.INE
2020-07-22,273.0,275.0,271.0,274.0,89022,26683476900,0.0,-0.363636363636366,SC.INE
2020-07-23,272.0,275.0,268.0,270.0,109905,32855335400,0.0,-1.4598540145985384,SC.INE
2020-07-26,270.0,272.0,267.0,269.0,98145,28989337900,0.0,-0.37037037037036535,SC.INE
2020-07-27,270.0,271.0,263.0,266.0,119902,34949355300,0.0,-1.115241635687736,SC.INE
2020-07-28,264.0,266.0,262.0,265.0,87553,25405532700,0.0,-0.3759398496240629,SC.INE
2020-07-29,266.0,269.0,265.0,265.0,92109,26980674700,0.0,0.0,SC.INE
2020-07-30,263.0,265.0,255.0,261.0,174975,50005034100,0.0,-1.5094339622641506,SC.INE
2020-08-02,261.0,261.0,253.0,255.0,120129,33864687500,0.0,-2.298850574712641,SC.INE
2020-08-03,257.0,259.0,255.0,256.0,96822,27336489400,0.0,0.39215686274509665,SC.INE
2020-08-04,254.0,259.0,253.0,255.0,97875,27431495299,0.0,-0.390625,SC.INE
2020-08-05,262.0,262.0,253.0,258.0,133190,37728839600,0.0,1.17647058823529,SC.INE
2020-08-06,259.0,260.0,255.0,257.0,81399,23005751000,0.0,-0.3875968992248069,SC.INE
2020-08-09,257.0,262.0,255.0,259.0,85035,24022199000,0.0,0.7782101167315147,SC.INE
2020-08-10,260.0,261.0,258.0,260.0,71810,20456066600,0.0,0.38610038610038533,SC.INE
2020-08-11,262.0,262.0,254.0,259.0,93924,26654823800,0.0,-0.38461538461538325,SC.INE
2020-08-12,259.0,261.0,257.0,258.0,49570,14066949900,0.0,-0.38610038610038533,SC.INE
2020-08-13,258.0,259.0,255.0,257.0,38429,10848353300,0.0,-0.3875968992248069,SC.INE
2020-08-16,257.0,257.0,254.0,254.0,42429,11890806200,0.0,-1.1673151750972721,SC.INE
2020-08-17,253.0,257.0,250.0,250.0,91330,26296808300,0.0,-1.5748031496062964,SC.INE
2020-08-18,251.0,257.0,249.0,254.0,97471,28032976700,0.0,1.6000000000000014,SC.INE
2020-08-19,254.0,255.0,253.0,254.0,65021,18797616500,0.0,0.0,SC.INE
2020-08-20,254.0,254.0,250.0,252.0,78116,22353035099,0.0,-0.7874015748031482,SC.INE
2020-08-23,250.0,256.0,248.0,254.0,117425,33755894200,0.0,0.7936507936507908,SC.INE
2020-08-24,255.0,259.0,254.0,258.0,79578,23153315000,0.0,1.5748031496062964,SC.INE
2020-08-25,260.0,261.0,258.0,259.0,77552,22870977300,0.0,0.3875968992248069,SC.INE
2020-08-26,259.0,260.0,258.0,259.0,49253,14520212200,0.0,0.0,SC.INE
2020-08-27,259.0,261.0,256.0,258.0,75368,22132196200,0.0,-0.38610038610038533,SC.INE
2020-08-30,258.0,264.0,258.0,262.0,74943,22203439600,0.0,1.5503875968992276,SC.INE
2020-08-31,262.0,263.0,257.0,259.0,65373,19322910500,0.0,-1.1450381679389277,SC.INE
2020-09-01,259.0,260.0,257.0,257.0,53465,15704270800,0.0,-0.7722007722007707,SC.INE
2020-09-02,258.0,258.0,250.0,251.0,89085,25675088900,0.0,-2.3346303501945553,SC.INE
2020-09-03,250.0,252.0,248.0,250.0,77223,22003785000,0.0,-0.3984063745019917,SC.INE
2020-09-06,251.0,251.0,239.0,240.0,123291,34361095800,0.0,-4.0000000000000036,SC.INE
2020-09-07,240.0,242.0,236.0,237.0,68528,18704739400,0.0,-1.2499999999999956,SC.INE
2020-09-08,231.0,231.0,221.0,221.0,82119,20755369800,0.0,-6.751054852320671,SC.INE
2020-09-09,221.0,223.0,216.0,218.0,111942,27999265000,0.0,-1.3574660633484115,SC.INE
2020-09-10,216.0,220.0,213.0,214.0,46671,11555445800,0.0,-1.834862385321101,SC.INE
2020-09-13,213.0,218.0,212.0,216.0,101352,26477697200,0.0,0.9345794392523255,SC.INE
2020-09-14,214.0,216.0,213.0,215.0,69794,18217382500,0.0,-0.462962962962965,SC.INE
2020-09-15,218.0,224.0,216.0,223.0,129009,34443644600,0.0,3.7209302325581506,SC.INE
2020-09-16,223.0,226.0,221.0,222.0,110973,30133654300,0.0,-0.4484304932735439,SC.INE
2020-09-17,223.0,230.0,222.0,229.0,106364,29221021200,0.0,3.153153153153143,SC.INE
2020-09-20,227.0,232.0,226.0,228.0,106238,29642732300,0.0,-0.4366812227074246,SC.INE
2020-09-21,227.0,228.0,213.0,218.0,175306,46963290199,0.0,-4.385964912280704,SC.INE
2020-09-22,220.0,222.0,216.0,218.0,102969,27373000600,0.0,0.0,SC.INE
2020-09-23,219.0,222.0,214.0,216.0,138030,36588160700,0.0,-0.917431192660545,SC.INE
2020-09-24,216.0,222.0,215.0,220.0,106874,28389715200,0.0,1.85185185185186,SC.INE
2020-09-27,218.0,221.0,215.0,216.0,104302,27577879700,0.0,-1.8181818181818188,SC.INE
2020-09-28,219.0,220.0,216.0,219.0,77124,20436931200,0.0,1.388888888888884,SC.INE
2020-09-29,220.0,220.0,209.0,210.0,124120,32050481400,0.0,-4.109589041095896,SC.INE
2020-10-08,217.0,220.0,215.0,218.0,35866,9480167400,0.0,3.809523809523818,SC.INE
2020-10-11,217.0,219.0,213.0,216.0,63450,16690880700,0.0,-0.917431192660545,SC.INE
2020-10-12,216.0,217.0,211.0,214.0,69027,17924081000,0.0,-0.92592592592593,SC.INE
2020-10-13,215.0,215.0,210.0,212.0,59095,15242707800,0.0,-0.9345794392523366,SC.INE
2020-10-14,214.0,217.0,213.0,214.0,53939,14057363300,0.0,0.9433962264151052,SC.INE
2020-10-15,210.0,218.0,207.0,213.0,138130,37344615100,0.0,-0.4672897196261627,SC.INE
2020-10-18,213.0,217.0,212.0,213.0,107620,29365281200,0.0,0.0,SC.INE
2020-10-19,213.0,216.0,210.0,213.0,103743,28139180299,0.0,0.0,SC.INE
2020-10-20,212.0,214.0,211.0,212.0,94296,25463781400,0.0,-0.46948356807511304,SC.INE
2020-10-21,211.0,213.0,207.0,209.0,135217,36105771200,0.0,-1.4150943396226467,SC.INE
2020-10-22,210.0,211.0,208.0,208.0,99199,26456990299,0.0,-0.4784688995215336,SC.INE
2020-10-25,209.0,209.0,200.0,201.0,126336,32937825400,0.0,-3.3653846153846145,SC.INE
2020-10-26,201.0,202.0,199.0,201.0,108578,27760313200,0.0,0.0,SC.INE
2020-10-27,201.0,203.0,196.0,198.0,124164,31654895000,0.0,-1.4925373134328401,SC.INE
2020-10-28,193.0,194.0,185.0,187.0,173441,41860578500,0.0,-5.555555555555558,SC.INE
2020-10-29,178.0,184.0,174.0,176.0,246158,55991882800,0.0,-5.882352941176472,SC.INE
2020-11-01,178.0,179.0,169.0,174.0,168258,37757057800,0.0,-1.1363636363636354,SC.INE
2020-11-02,176.0,183.0,175.0,180.0,153542,35266685400,0.0,3.4482758620689724,SC.INE
2020-11-03,185.0,188.0,182.0,187.0,154057,36203658700,0.0,3.8888888888888973,SC.INE
2020-11-04,188.0,189.0,182.0,184.0,122597,28990681000,0.0,-1.6042780748663055,SC.INE
2020-11-05,185.0,188.0,179.0,181.0,114047,26763588500,0.0,-1.6304347826086918,SC.INE
2020-11-08,180.0,187.0,180.0,186.0,120189,28139532799,0.0,2.7624309392265234,SC.INE
2020-11-09,196.0,198.0,191.0,195.0,128326,31865952799,0.0,4.8387096774193505,SC.INE
2020-11-10,196.0,202.0,195.0,201.0,96826,24354691200,0.0,3.076923076923066,SC.INE
2020-11-11,202.0,203.0,195.0,198.0,100166,25446994200,0.0,-1.4925373134328401,SC.INE
2020-11-12,197.0,201.0,195.0,195.0,78380,19768097400,0.0,-1.5151515151515138,SC.INE
2020-11-15,195.0,198.0,193.0,198.0,118740,30677951400,0.0,1.538461538461533,SC.INE
2020-11-16,201.0,202.0,196.0,197.0,123778,32422399300,0.0,-0.5050505050505083,SC.INE
2020-11-17,196.0,199.0,195.0,197.0,138567,35984594300,0.0,0.0,SC.INE
2020-11-18,200.0,201.0,195.0,198.0,112660,29386148000,0.0,0.50761421319796,SC.INE
2020-11-19,198.0,200.0,197.0,198.0,96971,25372121800,0.0,0.0,SC.INE
2020-11-22,198.0,203.0,198.0,203.0,132757,35052372100,0.0,2.5252525252525304,SC.INE
2020-11-23,204.0,214.0,201.0,214.0,189061,51521885100,0.0,5.418719211822665,SC.INE
2020-11-24,214.0,223.0,213.0,220.0,235797,68205723099,0.0,2.8037383177569986,SC.INE
2020-11-25,220.0,226.0,218.0,219.0,180380,52534239000,0.0,-0.4545454545454519,SC.INE
2020-11-26,216.0,222.0,215.0,219.0,145411,42061520100,0.0,0.0,SC.INE
2020-11-29,221.0,222.0,210.0,214.0,168893,48552868700,0.0,-2.2831050228310557,SC.INE
2020-11-30,215.0,221.0,214.0,218.0,161983,46471821600,0.0,1.869158878504673,SC.INE
2020-12-01,218.0,219.0,212.0,216.0,130209,37077016400,0.0,-0.917431192660545,SC.INE
2020-12-02,216.0,222.0,215.0,218.0,141883,40871188400,0.0,0.92592592592593,SC.INE
2020-12-03,218.0,230.0,214.0,225.0,205620,60098150000,0.0,3.2110091743119185,SC.INE
2020-12-06,224.0,226.0,221.0,223.0,126004,37030523900,0.0,-0.8888888888888835,SC.INE
2020-12-07,222.0,225.0,214.0,215.0,115823,33623990000,0.0,-3.58744394618834,SC.INE
2020-12-08,216.0,218.0,213.0,216.0,99923,28448410000,0.0,0.46511627906977715,SC.INE
2020-12-09,216.0,220.0,214.0,214.0,99799,28443760000,0.0,-0.92592592592593,SC.INE
2020-12-10,217.0,225.0,216.0,219.0,107280,31185268300,0.0,2.336448598130847,SC.INE
2020-12-13,219.0,222.0,218.0,221.0,113532,34424150000,0.0,0.9132420091324311,SC.INE
2020-12-14,221.0,225.0,215.0,218.0,166639,50383770000,0.0,-1.3574660633484115,SC.INE
2020-12-15,220.0,221.0,218.0,219.0,111647,33732250000,0.0,0.4587155963302836,SC.INE
2020-12-16,219.0,230.0,219.0,228.0,168644,52128520000,0.0,4.109589041095885,SC.INE
2020-12-17,227.0,232.0,226.0,229.0,127305,40240900000,0.0,0.43859649122806044,SC.INE
2020-12-20,229.0,234.0,222.0,224.0,200765,63315210000,0.0,-2.183406113537123,SC.INE
2020-12-21,223.0,225.0,214.0,214.0,193299,58862670000,0.0,-4.46428571428571,SC.INE
2020-12-22,217.0,219.0,208.0,211.0,183681,54143180000,0.0,-1.4018691588784993,SC.INE
2020-12-23,214.0,224.0,213.0,223.0,197944,59606800000,0.0,5.687203791469186,SC.INE
2020-12-24,221.0,225.0,219.0,225.0,129456,39738910000,0.0,0.8968609865470878,SC.INE
2020-12-27,225.0,227.0,220.0,222.0,105510,32537720700,0.0,-1.3333333333333308,SC.INE
2020-12-28,224.0,227.0,219.0,221.0,131801,40496365900,0.0,-0.45045045045044585,SC.INE
2020-12-29,223.0,224.0,218.0,221.0,136755,41675750000,0.0,0.0,SC.INE
2020-12-30,223.0,223.0,218.0,219.0,123311,37405580000,0.0,-0.9049773755656076,SC.INE
2021-01-03,220.0,233.0,219.0,232.0,91239,28647751000,0.0,5.936073059360725,SC.INE
2021-01-04,227.0,232.0,223.0,226.0,152795,47897830000,0.0,-2.5862068965517238,SC.INE
2021-01-05,229.0,237.0,226.0,235.0,158366,50578510000,0.0,3.9823008849557473,SC.INE
2021-01-06,233.0,245.0,232.0,243.0,137801,45157370000,0.0,3.404255319148941,SC.INE
2021-01-07,243.0,246.0,238.0,244.0,123119,40973660000,0.0,0.4115226337448652,SC.INE
2021-01-10,245.0,250.0,226.0,236.0,147644,49617130000,0.0,-3.2786885245901676,SC.INE
2021-01-11,237.0,246.0,235.0,244.0,104764,34803430000,0.0,3.3898305084745672,SC.INE
2021-01-12,247.0,251.0,243.0,248.0,76956,26171260000,0.0,1.6393442622950838,SC.INE
2021-01-13,247.0,248.0,241.0,243.0,129001,44363460000,0.0,-2.0161290322580627,SC.INE
2021-01-14,243.0,247.0,238.0,241.0,159692,54491530000,0.0,-0.8230452674897082,SC.INE
2021-01-17,240.0,241.0,232.0,236.0,161671,53763600000,0.0,-2.0746887966805017,SC.INE
2021-01-18,236.0,240.0,235.0,237.0,99435,33352990000,0.0,0.4237288135593209,SC.INE
2021-01-19,238.0,244.0,238.0,243.0,123996,42126540000,0.0,2.5316455696202445,SC.INE
2021-01-20,243.0,244.0,239.0,241.0,116190,39641970000,0.0,-0.8230452674897082,SC.INE
2021-01-21,241.0,242.0,235.0,236.0,130119,43906960000,0.0,-2.0746887966805017,SC.INE
2021-01-24,233.0,239.0,230.0,236.0,161179,53474130000,0.0,0.0,SC.INE
2021-01-25,234.0,236.0,232.0,233.0,107960,35649298600,0.0,-1.2711864406779627,SC.INE
2021-01-26,236.0,238.0,234.0,238.0,92348,30750237799,0.0,2.145922746781115,SC.INE
2021-01-27,236.0,241.0,233.0,236.0,140516,46945989100,0.0,-0.8403361344537785,SC.INE
2021-01-28,237.0,242.0,236.0,238.0,130152,43787480000,0.0,0.8474576271186418,SC.INE
2021-01-31,239.0,241.0,234.0,238.0,134066,45057100000,0.0,0.0,SC.INE
2021-02-01,239.0,247.0,237.0,246.0,117974,40190420000,0.0,3.3613445378151363,SC.INE
2021-02-02,250.0,250.0,244.0,246.0,110049,38247730000,0.0,0.0,SC.INE
2021-02-03,247.0,255.0,247.0,254.0,127925,45175080000,0.0,3.2520325203251987,SC.INE
2021-02-04,254.0,256.0,249.0,254.0,84733,30196151500,0.0,0.0,SC.INE
2021-02-07,255.0,261.0,254.0,257.0,74007,26786120000,0.0,1.1811023622047223,SC.INE
2021-02-08,257.0,268.0,256.0,267.0,34170,12552260000,0.0,3.891050583657596,SC.INE
2021-02-09,265.0,265.0,259.0,262.0,95910,35673490000,0.0,-1.8726591760299671,SC.INE
2021-02-17,276.0,286.0,276.0,281.0,47685,19050610000,0.0,7.25190839694656,SC.INE
2021-02-18,280.0,282.0,268.0,274.0,114593,44842780000,0.0,-2.491103202846978,SC.INE
2021-02-21,273.0,279.0,271.0,277.0,122174,47741970000,0.0,1.0948905109489093,SC.INE
2021-02-22,276.0,296.0,275.0,291.0,167885,68014600000,0.0,5.054151624548742,SC.INE
2021-02-23,289.0,291.0,282.0,286.0,140181,56922920000,0.0,-1.718213058419249,SC.INE
2021-02-24,290.0,298.0,288.0,295.0,163926,68180810000,0.0,3.1468531468531458,SC.INE
2021-02-25,295.0,296.0,283.0,286.0,158243,65018030000,0.0,-3.050847457627115,SC.INE
2021-02-28,284.0,292.0,281.0,288.0,155225,63216430000,0.0,0.6993006993007089,SC.INE
2021-03-01,287.0,288.0,272.0,273.0,155349,61711660000,0.0,-5.2083333333333375,SC.INE
2021-03-02,278.0,281.0,272.0,277.0,118187,46440730000,0.0,1.46520146520146,SC.INE
2021-03-03,279.0,284.0,275.0,282.0,143111,56749130000,0.0,1.8050541516245522,SC.INE
2021-03-04,282.0,300.0,280.0,299.0,225414,92809890000,0.0,6.028368794326244,SC.INE
2021-03-07,300.0,313.0,299.0,311.0,141785,61491800000,0.0,4.013377926421402,SC.INE
2021-03-08,306.0,307.0,296.0,298.0,136609,58495230000,0.0,-4.180064308681675,SC.INE
2021-03-09,301.0,302.0,286.0,290.0,133296,55717560000,0.0,-2.684563758389258,SC.INE
2021-03-10,294.0,297.0,289.0,293.0,107405,44713650000,0.0,1.0344827586206806,SC.INE
2021-03-11,295.0,300.0,294.0,295.0,80530,33923270000,0.0,0.6825938566553003,SC.INE
2021-03-14,297.0,303.0,294.0,299.0,120400,51369280000,0.0,1.3559322033898313,SC.INE
2021-03-15,294.0,295.0,289.0,290.0,129211,53965110000,0.0,-3.0100334448160515,SC.INE
2021-03-16,290.0,294.0,286.0,294.0,140951,58572950000,0.0,1.379310344827589,SC.INE
2021-03-17,289.0,290.0,284.0,287.0,164656,67951160000,0.0,-2.3809523809523836,SC.INE
2021-03-18,285.0,285.0,265.0,265.0,268668,106389430000,0.0,-7.66550522648084,SC.INE
2021-03-21,264.0,275.0,263.0,272.0,224117,86543584200,0.0,2.6415094339622636,SC.INE
2021-03-22,272.0,276.0,271.0,273.0,134770,52861940000,0.0,0.3676470588235281,SC.INE
2021-03-23,265.0,271.0,260.0,264.0,223694,85166580000,0.0,-3.296703296703296,SC.INE
2021-03-24,266.0,276.0,266.0,267.0,226964,87659610000,0.0,1.1363636363636465,SC.INE
2021-03-25,265.0,270.0,261.0,268.0,227299,86532080000,0.0,0.3745318352059934,SC.INE
2021-03-28,269.0,277.0,269.0,271.0,213632,83688450000,0.0,1.1194029850746245,SC.INE
2021-03-29,277.0,281.0,272.0,278.0,185852,73479010000,0.0,2.583025830258312,SC.INE
2021-03-30,274.0,280.0,273.0,279.0,155362,61524870000,0.0,0.3597122302158251,SC.INE
2021-03-31,276.0,279.0,267.0,274.0,171283,67388034000,0.0,-1.7921146953404965,SC.INE
2021-04-01,274.0,285.0,270.0,285.0,228120,90454991100,0.0,4.014598540145986,SC.INE
2021-04-05,272.0,274.0,268.0,271.0,74580,28978942100,0.0,-4.912280701754391,SC.INE
2021-04-06,271.0,275.0,268.0,269.0,128994,50220642000,0.0,-0.7380073800738018,SC.INE
2021-04-07,270.0,271.0,265.0,267.0,151938,58410949200,0.0,-0.743494423791824,SC.INE
2021-04-08,268.0,272.0,267.0,270.0,128074,49490116200,0.0,1.1235955056179803,SC.INE
2021-04-11,269.0,274.0,266.0,267.0,124130,48082413700,0.0,-1.1111111111111072,SC.INE
2021-04-12,271.0,275.0,269.0,274.0,121917,47683517100,0.0,2.621722846441954,SC.INE
2021-04-13,275.0,278.0,272.0,277.0,92517,36457159100,0.0,1.0948905109489093,SC.INE
2021-04-14,278.0,287.0,277.0,287.0,101789,41359396400,0.0,3.6101083032491044,SC.INE
2021-04-15,285.0,289.0,284.0,288.0,62756,25740958000,0.0,0.34843205574912606,SC.INE
2021-04-18,288.0,288.0,282.0,285.0,107549,44405146000,0.0,-1.041666666666663,SC.INE
2021-04-19,286.0,289.0,283.0,286.0,117599,48672562000,0.0,0.35087719298245723,SC.INE
2021-04-20,285.0,286.0,276.0,278.0,172578,69979772300,0.0,-2.7972027972028024,SC.INE
2021-04-21,274.0,279.0,270.0,273.0,187496,74429341200,0.0,-1.7985611510791366,SC.INE
2021-04-22,275.0,276.0,272.0,276.0,124231,49349016000,0.0,1.098901098901095,SC.INE
2021-04-25,273.0,280.0,272.0,274.0,147019,58831791000,0.0,-0.7246376811594235,SC.INE
2021-04-26,272.0,279.0,270.0,278.0,132602,52890593300,0.0,1.4598540145985384,SC.INE
2021-04-27,278.0,282.0,276.0,282.0,114219,46129910400,0.0,1.4388489208633004,SC.INE
2021-04-28,283.0,288.0,282.0,286.0,114970,47438741900,0.0,1.4184397163120588,SC.INE
2021-04-29,291.0,293.0,287.0,290.0,128071,53714671800,0.0,1.3986013986013957,SC.INE
2021-05-05,293.0,299.0,292.0,296.0,46304,19872212300,0.0,2.0689655172413834,SC.INE
2021-05-06,296.0,296.0,290.0,294.0,96704,41041695800,0.0,-0.6756756756756799,SC.INE
2021-05-09,290.0,298.0,288.0,296.0,120656,51168923099,0.0,0.6802721088435382,SC.INE
2021-05-10,294.0,295.0,288.0,289.0,102975,43370695199,0.0,-2.3648648648648685,SC.INE
2021-05-11,287.0,294.0,286.0,294.0,116689,49085575599,0.0,1.730103806228378,SC.INE
2021-05-12,295.0,300.0,291.0,293.0,115876,49680927100,0.0,-0.3401360544217691,SC.INE
2021-05-13,291.0,292.0,284.0,286.0,98175,40990771200,0.0,-2.3890784982935176,SC.INE
2021-05-16,289.0,298.0,289.0,295.0,75715,32174480900,0.0,3.1468531468531458,SC.INE
2021-05-17,294.0,303.0,293.0,302.0,105637,45717284400,0.0,2.3728813559322104,SC.INE
2021-05-18,302.0,302.0,290.0,291.0,173481,74174363300,0.0,-3.6423841059602613,SC.INE
2021-05-19,288.0,289.0,280.0,284.0,175018,72046202000,0.0,-2.405498281786944,SC.INE
2021-05-20,283.0,284.0,276.0,277.0,157404,63838711100,0.0,-2.464788732394363,SC.INE
2021-05-23,281.0,287.0,280.0,286.0,142604,58509057600,0.0,3.2490974729241895,SC.INE
2021-05-24,287.0,295.0,287.0,294.0,121127,51039406300,0.0,2.7972027972027913,SC.INE
2021-05-25,293.0,296.0,292.0,295.0,108974,46347528400,0.0,0.340136054421758,SC.INE
2021-05-26,291.0,295.0,291.0,292.0,111621,47287371300,0.0,-1.016949152542368,SC.INE
2021-05-27,291.0,301.0,291.0,297.0,131196,56358246600,0.0,1.7123287671232834,SC.INE
2021-05-30,303.0,303.0,293.0,296.0,103954,44652113000,0.0,-0.33670033670033517,SC.INE
2021-05-31,299.0,314.0,295.0,304.0,93810,40833587500,0.0,2.7027027027026973,SC.INE
2021-06-01,308.0,309.0,301.0,303.0,115269,50818511400,0.0,-0.3289473684210509,SC.INE
2021-06-02,305.0,312.0,304.0,310.0,101389,45117103300,0.0,2.310231023102305,SC.INE
2021-06-03,308.0,309.0,303.0,308.0,119979,53180296400,0.0,-0.6451612903225823,SC.INE
2021-06-06,309.0,314.0,305.0,306.0,124786,55869937500,0.0,-0.649350649350644,SC.INE
2021-06-07,307.0,310.0,302.0,306.0,96028,42610085199,0.0,0.0,SC.INE
2021-06-08,306.0,315.0,305.0,313.0,104789,47022683500,0.0,2.287581699346397,SC.INE
2021-06-09,313.0,314.0,306.0,309.0,104666,46930822800,0.0,-1.2779552715655007,SC.INE
2021-06-10,311.0,314.0,304.0,313.0,119805,53831278900,0.0,1.2944983818770295,SC.INE
2021-06-14,317.0,320.0,312.0,314.0,46035,21038795200,0.0,0.31948881789136685,SC.INE
2021-06-15,317.0,320.0,315.0,317.0,74637,34274288600,0.0,0.9554140127388644,SC.INE
2021-06-16,317.0,318.0,312.0,315.0,128360,58878583700,0.0,-0.6309148264984188,SC.INE
2021-06-17,314.0,316.0,303.0,304.0,183534,82588552000,0.0,-3.4920634920634908,SC.INE
2021-06-20,303.0,314.0,303.0,310.0,138834,62503993800,0.0,1.9736842105263053,SC.INE
2021-06-21,309.0,317.0,307.0,317.0,139253,63393403200,0.0,2.2580645161290214,SC.INE
2021-06-22,316.0,321.0,314.0,320.0,129946,59965141100,0.0,0.9463722397476282,SC.INE
2021-06-23,321.0,323.0,318.0,320.0,125224,58373155000,0.0,0.0,SC.INE
2021-06-24,316.0,324.0,316.0,320.0,136052,63438436000,0.0,0.0,SC.INE
2021-06-27,321.0,325.0,316.0,319.0,165278,77252744000,0.0,-0.31250000000000444,SC.INE
2021-06-28,320.0,320.0,313.0,313.0,127142,58483171400,0.0,-1.8808777429467072,SC.INE
2021-06-29,317.0,318.0,315.0,315.0,89149,41070471800,0.0,0.6389776357827559,SC.INE
2021-06-30,318.0,319.0,312.0,316.0,110784,50968127699,0.0,0.31746031746031633,SC.INE
2021-07-01,323.0,325.0,319.0,322.0,131311,61479162699,0.0,1.8987341772152,SC.INE
2021-07-04,322.0,325.0,319.0,324.0,102514,47983740800,0.0,0.6211180124223503,SC.INE
2021-07-05,324.0,329.0,320.0,326.0,99543,46980959500,0.0,0.6172839506172867,SC.INE
2021-07-06,322.0,322.0,308.0,310.0,162057,74239712200,0.0,-4.907975460122705,SC.INE
2021-07-07,310.0,311.0,300.0,302.0,148715,65963160000,0.0,-2.580645161290318,SC.INE
2021-07-08,302.0,307.0,300.0,305.0,120023,52958223000,0.0,0.9933774834437026,SC.INE
2021-07-11,307.0,312.0,307.0,308.0,80511,36283393200,0.0,0.9836065573770592,SC.INE
2021-07-12,305.0,313.0,305.0,312.0,67119,30237441300,0.0,1.298701298701288,SC.INE
2021-07-13,311.0,317.0,310.0,317.0,80700,36893730000,0.0,1.6025641025640969,SC.INE
2021-07-14,317.0,317.0,302.0,302.0,109257,49143076300,0.0,-4.731861198738175,SC.INE
2021-07-15,302.0,305.0,297.0,298.0,87634,38430726600,0.0,-1.3245033112582738,SC.INE
2021-07-18,301.0,302.0,291.0,294.0,72666,31404299800,0.0,-1.342281879194629,SC.INE
2021-07-19,287.0,288.0,277.0,280.0,208812,87136420200,0.0,-4.761904761904767,SC.INE
2021-07-20,276.0,282.0,275.0,279.0,158550,65541498099,0.0,-0.3571428571428559,SC.INE
2021-07-21,284.0,289.0,283.0,288.0,134824,57174417000,0.0,3.2258064516129004,SC.INE
2021-07-22,288.0,298.0,288.0,295.0,126069,54811121500,0.0,2.430555555555558,SC.INE
2021-07-25,296.0,300.0,295.0,297.0,109932,48362475000,0.0,0.6779661016949046,SC.INE
2021-07-26,299.0,306.0,299.0,301.0,109300,48868015500,0.0,1.3468013468013407,SC.INE
2021-07-27,302.0,307.0,299.0,304.0,101602,45577072600,0.0,0.9966777408637828,SC.INE
2021-07-28,305.0,307.0,303.0,306.0,76901,34701122400,0.0,0.6578947368421018,SC.INE
2021-07-29,306.0,310.0,304.0,306.0,91374,41512561500,0.0,0.0,SC.INE
2021-08-01,307.0,311.0,300.0,304.0,109173,49376446700,0.0,-0.6535947712418277,SC.INE
2021-08-02,303.0,306.0,294.0,294.0,121153,53531831700,0.0,-3.289473684210531,SC.INE
2021-08-03,289.0,295.0,287.0,295.0,130443,56359807100,0.0,0.340136054421758,SC.INE
2021-08-04,290.0,293.0,284.0,285.0,142491,61076691100,0.0,-3.3898305084745783,SC.INE
2021-08-05,287.0,294.0,285.0,293.0,96168,41210440700,0.0,2.807017543859658,SC.INE
2021-08-08,294.0,297.0,281.0,283.0,146352,62413346300,0.0,-3.4129692832764458,SC.INE
2021-08-09,280.0,287.0,279.0,287.0,107221,44789170599,0.0,1.4134275618374659,SC.INE
2021-08-10,286.0,293.0,286.0,293.0,96372,41421542600,0.0,2.0905923344947785,SC.INE
2021-08-11,289.0,295.0,286.0,291.0,108508,46521820800,0.0,-0.6825938566552892,SC.INE
2021-08-12,291.0,294.0,288.0,290.0,80483,34725295400,0.0,-0.3436426116838476,SC.INE
2021-08-15,290.0,294.0,285.0,286.0,69266,29691273500,0.0,-1.379310344827589,SC.INE
2021-08-16,282.0,289.0,282.0,285.0,57911,24442128200,0.0,-0.34965034965035446,SC.INE
2021-08-17,286.0,289.0,283.0,287.0,113908,48031040900,0.0,0.7017543859649145,SC.INE
2021-08-18,287.0,288.0,275.0,276.0,166260,68897304500,0.0,-3.83275261324042,SC.INE
2021-08-19,273.0,276.0,270.0,275.0,155592,62605246100,0.0,-0.36231884057971175,SC.INE
2021-08-22,270.0,278.0,268.0,275.0,155518,62369804200,0.0,0.0,SC.INE
2021-08-23,278.0,289.0,278.0,287.0,148972,62233814600,0.0,4.3636363636363695,SC.INE
2021-08-24,289.0,294.0,288.0,292.0,118644,50907746600,0.0,1.7421602787456525,SC.INE
2021-08-25,295.0,296.0,291.0,294.0,113911,49267119700,0.0,0.6849315068493178,SC.INE
2021-08-26,294.0,299.0,290.0,298.0,132826,57535455599,0.0,1.3605442176870763,SC.INE
2021-08-29,299.0,300.0,296.0,298.0,110363,48430398600,0.0,0.0,SC.INE
2021-08-30,299.0,301.0,296.0,299.0,87416,38440364900,0.0,0.3355704697986628,SC.INE
2021-08-31,298.0,303.0,296.0,303.0,101038,44494768500,0.0,1.3377926421404673,SC.INE
2021-09-01,302.0,302.0,295.0,302.0,139100,61055111500,0.0,-0.330033003300334,SC.INE
2021-09-02,305.0,312.0,305.0,310.0,103625,47230619500,0.0,2.6490066225165476,SC.INE
2021-09-05,312.0,312.0,302.0,304.0,90290,40783307300,0.0,-1.9354838709677469,SC.INE
2021-09-06,307.0,312.0,306.0,310.0,69185,31430809900,0.0,1.9736842105263053,SC.INE
2021-09-07,306.0,309.0,304.0,308.0,78746,35520934100,0.0,-0.6451612903225823,SC.INE
2021-09-08,310.0,312.0,307.0,310.0,40566,18448168300,0.0,0.6493506493506551,SC.INE
2021-09-09,307.0,311.0,302.0,308.0,156877,69889014900,0.0,-0.6451612903225823,SC.INE
2021-09-12,311.0,318.0,310.0,316.0,108744,49590913000,0.0,2.5974025974025983,SC.INE
2021-09-13,317.0,321.0,315.0,319.0,95163,43937499200,0.0,0.9493670886076,SC.INE
2021-09-14,320.0,322.0,315.0,321.0,94766,43907806000,0.0,0.6269592476489061,SC.INE
2021-09-15,324.0,333.0,324.0,326.0,138888,66449002699,0.0,1.5576323987538832,SC.INE
2021-09-16,324.0,329.0,322.0,326.0,93153,44026385300,0.0,0.0,SC.INE
2021-09-21,322.0,328.0,321.0,326.0,45127,21285033700,0.0,0.0,SC.INE
2021-09-22,325.0,332.0,325.0,330.0,92809,44272177500,0.0,1.2269938650306678,SC.INE
2021-09-23,330.0,337.0,328.0,336.0,113626,55095281300,0.0,1.8181818181818077,SC.INE
2021-09-26,334.0,345.0,333.0,340.0,114256,56241226900,0.0,1.1904761904761862,SC.INE
2021-09-27,342.0,350.0,341.0,349.0,112029,56235814800,0.0,2.6470588235294024,SC.INE
2021-09-28,347.0,349.0,334.0,336.0,128645,63879448099,0.0,-3.7249283667621813,SC.INE
2021-09-29,339.0,344.0,338.0,340.0,88967,44101528200,0.0,1.1904761904761862,SC.INE
2021-10-07,360.0,364.0,359.0,363.0,50004,26347919900,0.0,6.764705882352939,SC.INE
2021-10-10,361.0,366.0,357.0,364.0,92557,48771579100,0.0,0.2754820936639035,SC.INE
2021-10-11,366.0,367.0,362.0,364.0,73322,38961062000,0.0,0.0,SC.INE
2021-10-12,364.0,368.0,358.0,360.0,102273,54006702500,0.0,-1.098901098901095,SC.INE
2021-10-13,357.0,365.0,354.0,362.0,67431,35110273100,0.0,0.5555555555555536,SC.INE
2021-10-14,363.0,366.0,358.0,364.0,53539,28122773600,0.0,0.5524861878453136,SC.INE
2021-10-17,364.0,372.0,360.0,370.0,110532,59461714200,0.0,1.6483516483516425,SC.INE
2021-10-18,370.0,370.0,358.0,361.0,117269,62523910100,0.0,-2.43243243243243,SC.INE
2021-10-19,360.0,361.0,355.0,357.0,118380,62288397000,0.0,-1.1080332409972304,SC.INE
2021-10-20,356.0,367.0,354.0,361.0,110284,58521424400,0.0,1.1204481792717047,SC.INE
2021-10-21,359.0,363.0,352.0,354.0,162178,85112951100,0.0,-1.939058171745156,SC.INE
2021-10-24,360.0,366.0,356.0,363.0,121021,64100411700,0.0,2.5423728813559254,SC.INE
2021-10-25,365.0,366.0,361.0,362.0,100638,53761054800,0.0,-0.27548209366391463,SC.INE
2021-10-26,365.0,365.0,359.0,360.0,113594,60408572000,0.0,-0.5524861878453025,SC.INE
2021-10-27,360.0,362.0,344.0,352.0,199525,103850965500,0.0,-2.2222222222222254,SC.INE
2021-10-28,352.0,358.0,349.0,358.0,122257,63495791500,0.0,1.7045454545454586,SC.INE
2021-10-31,354.0,358.0,351.0,354.0,115450,60152664400,0.0,-1.1173184357541888,SC.INE
2021-11-01,360.0,365.0,359.0,364.0,97727,51932095300,0.0,2.824858757062154,SC.INE
2021-11-02,362.0,363.0,354.0,357.0,111395,58683305000,0.0,-1.9230769230769273,SC.INE
2021-11-03,353.0,354.0,345.0,347.0,123377,63367288900,0.0,-2.801120448179273,SC.INE
2021-11-04,358.0,361.0,341.0,346.0,174718,90164639700,0.0,-0.2881844380403509,SC.INE
2021-11-07,347.0,364.0,346.0,362.0,135409,70716324700,0.0,4.6242774566473965,SC.INE
2021-11-08,361.0,361.0,356.0,357.0,83081,43732023800,0.0,-1.3812154696132617,SC.INE
2021-11-09,359.0,368.0,357.0,366.0,90879,48237160100,0.0,2.5210084033613356,SC.INE
2021-11-10,362.0,365.0,352.0,354.0,114467,60292410100,0.0,-3.2786885245901676,SC.INE
2021-11-11,351.0,356.0,349.0,350.0,103146,53406504900,0.0,-1.1299435028248594,SC.INE
2021-11-14,346.0,354.0,345.0,346.0,89795,46092986700,0.0,-1.1428571428571455,SC.INE
2021-11-15,344.0,354.0,343.0,353.0,76643,39150147600,0.0,2.0231213872832443,SC.INE
2021-11-16,352.0,354.0,347.0,353.0,53462,27527582900,0.0,0.0,SC.INE
2021-11-17,353.0,353.0,339.0,339.0,147728,73893291900,0.0,-3.966005665722383,SC.INE
2021-11-18,341.0,353.0,341.0,350.0,140972,70481762900,0.0,3.2448377581120846,SC.INE
2021-11-21,336.0,344.0,335.0,337.0,177130,86692669500,0.0,-3.7142857142857144,SC.INE
2021-11-22,337.0,344.0,335.0,340.0,146673,72056459000,0.0,0.8902077151335286,SC.INE
2021-11-23,343.0,356.0,343.0,355.0,163843,83022394300,0.0,4.4117647058823595,SC.INE
2021-11-24,354.0,357.0,351.0,352.0,103737,53055640199,0.0,-0.8450704225352101,SC.INE
2021-11-25,353.0,354.0,343.0,344.0,102288,51609778300,0.0,-2.2727272727272707,SC.INE
2021-11-28,336.0,337.0,321.0,328.0,257013,121977422899,0.0,-4.651162790697672,SC.INE
2021-11-29,329.0,333.0,309.0,310.0,249820,116407151900,0.0,-5.487804878048785,SC.INE
2021-11-30,312.0,315.0,297.0,312.0,253532,112763835900,0.0,0.6451612903225712,SC.INE
2021-12-01,315.0,316.0,301.0,305.0,225469,100388396000,0.0,-2.2435897435897467,SC.INE
2021-12-02,301.0,311.0,289.0,309.0,305326,133020087800,0.0,1.3114754098360715,SC.INE
2021-12-05,312.0,317.0,307.0,312.0,197015,88838410800,0.0,0.9708737864077666,SC.INE
2021-12-06,314.0,323.0,310.0,321.0,153649,70145591300,0.0,2.8846153846153744,SC.INE
2021-12-07,325.0,332.0,323.0,328.0,145878,69059042800,0.0,2.180685358255441,SC.INE
2021-12-08,330.0,334.0,326.0,331.0,110916,52731275900,0.0,0.9146341463414531,SC.INE
2021-12-09,325.0,331.0,322.0,322.0,105758,49967533900,0.0,-2.7190332326283984,SC.INE
2021-12-12,327.0,337.0,326.0,336.0,69252,32907443000,0.0,4.347826086956519,SC.INE
2021-12-13,330.0,331.0,324.0,328.0,170125,79868312600,0.0,-2.3809523809523836,SC.INE
2021-12-14,327.0,328.0,319.0,322.0,196038,90533938300,0.0,-1.8292682926829285,SC.INE
2021-12-15,322.0,331.0,320.0,329.0,167934,77843049000,0.0,2.1739130434782705,SC.INE
2021-12-16,327.0,332.0,327.0,328.0,148674,69946211400,0.0,-0.3039513677811523,SC.INE
2021-12-19,325.0,328.0,313.0,315.0,210591,97042850900,0.0,-3.963414634146345,SC.INE
2021-12-20,311.0,320.0,307.0,318.0,210100,93912386600,0.0,0.952380952380949,SC.INE
2021-12-21,319.0,329.0,319.0,326.0,170220,78726661300,0.0,2.515723270440251,SC.INE
2021-12-22,325.0,333.0,324.0,331.0,136391,63971019700,0.0,1.5337423312883347,SC.INE
2021-12-23,331.0,335.0,329.0,335.0,111904,53144088300,0.0,1.2084592145015005,SC.INE
2021-12-26,332.0,339.0,329.0,331.0,92894,44183782400,0.0,-1.1940298507462699,SC.INE
2021-12-27,331.0,346.0,330.0,346.0,162817,79147995200,0.0,4.53172205438066,SC.INE
2021-12-28,348.0,348.0,342.0,345.0,148949,73446654100,0.0,-0.28901734104046506,SC.INE
2021-12-29,343.0,351.0,342.0,349.0,183633,90782256800,0.0,1.1594202898550732,SC.INE
2021-12-30,347.0,351.0,343.0,349.0,141418,70247893100,0.0,0.0,SC.INE
2022-01-03,346.0,348.0,343.0,346.0,47269,23356098800,0.0,-0.8595988538681931,SC.INE
2022-01-04,348.0,353.0,347.0,352.0,134441,67347670100,0.0,1.7341040462427681,SC.INE
2022-01-05,352.0,356.0,349.0,350.0,113525,57320901400,0.0,-0.5681818181818232,SC.INE
2022-01-06,359.0,364.0,358.0,363.0,120332,62066884600,0.0,3.7142857142857144,SC.INE
2022-01-09,362.0,362.0,354.0,358.0,92155,47146545199,0.0,-1.377410468319562,SC.INE
2022-01-10,356.0,359.0,353.0,353.0,46818,23838806800,0.0,-1.3966480446927387,SC.INE
2022-01-11,356.0,364.0,354.0,362.0,158691,81688310200,0.0,2.5495750708215192,SC.INE
2022-01-12,362.0,368.0,362.0,366.0,124782,65367578600,0.0,1.104972375690605,SC.INE
2022-01-13,365.0,369.0,364.0,368.0,128615,67544855599,0.0,0.5464480874316946,SC.INE
2022-01-16,369.0,375.0,366.0,373.0,162814,86367893800,0.0,1.3586956521739024,SC.INE
2022-01-17,372.0,380.0,369.0,379.0,109890,58938103500,0.0,1.608579088471851,SC.INE
2022-01-18,378.0,385.0,376.0,380.0,169080,92108041500,0.0,0.26385224274405594,SC.INE
2022-01-19,381.0,385.0,377.0,381.0,146296,79947796900,0.0,0.2631578947368318,SC.INE
2022-01-20,380.0,385.0,368.0,374.0,183939,99336766500,0.0,-1.8372703412073532,SC.INE
2022-01-23,375.0,382.0,373.0,379.0,163670,88467366100,0.0,1.3368983957219305,SC.INE
2022-01-24,377.0,377.0,365.0,372.0,240361,127373477800,0.0,-1.846965699208447,SC.INE
2022-01-25,370.0,377.0,368.0,376.0,151929,81074050600,0.0,1.0752688172043001,SC.INE
2022-01-26,380.0,384.0,376.0,379.0,122569,66874499000,0.0,0.7978723404255428,SC.INE
2022-01-27,384.0,385.0,372.0,373.0,126600,68669990199,0.0,-1.58311345646438,SC.INE
2022-02-06,391.0,399.0,389.0,396.0,41203,23358605700,0.0,6.166219839142095,SC.INE
2022-02-07,392.0,393.0,386.0,390.0,93369,52173653200,0.0,-1.5151515151515138,SC.INE
2022-02-08,383.0,385.0,379.0,380.0,90885,49780065400,0.0,-2.564102564102566,SC.INE
2022-02-09,380.0,386.0,378.0,384.0,82384,45226556600,0.0,1.0526315789473717,SC.INE
2022-02-10,387.0,391.0,380.0,381.0,78802,43644758600,0.0,-0.78125,SC.INE
2022-02-13,388.0,403.0,386.0,400.0,132879,75308644300,0.0,4.986876640419946,SC.INE
2022-02-14,392.0,400.0,391.0,400.0,142518,81288445600,0.0,0.0,SC.INE
2022-02-15,390.0,394.0,384.0,389.0,188973,105838414900,0.0,-2.749999999999997,SC.INE
2022-02-16,394.0,398.0,381.0,392.0,173264,98089529200,0.0,0.7712082262210762,SC.INE
2022-02-17,391.0,395.0,388.0,393.0,198957,112342750900,0.0,0.25510204081633514,SC.INE
2022-02-20,388.0,401.0,385.0,395.0,239083,135173510000,0.0,0.5089058524172962,SC.INE
2022-02-21,397.0,414.0,397.0,414.0,177226,103680370500,0.0,4.810126582278484,SC.INE
2022-02-22,411.0,413.0,405.0,409.0,178329,105239005700,0.0,-1.2077294685990392,SC.INE
2022-02-23,409.0,433.0,407.0,430.0,266122,160204301100,0.0,5.134474327628369,SC.INE
2022-02-24,440.0,441.0,421.0,424.0,275761,171483961100,0.0,-1.3953488372092981,SC.INE
2022-02-27,415.0,431.0,406.0,430.0,257846,154521286900,0.0,1.4150943396226356,SC.INE
2022-02-28,423.0,433.0,421.0,431.0,173902,106928357400,0.0,0.23255813953488857,SC.INE
2022-03-01,445.0,460.0,439.0,460.0,246876,160131594500,0.0,6.728538283062635,SC.INE
2022-03-02,470.0,499.0,464.0,499.0,230032,158004842100,0.0,8.478260869565224,SC.INE
2022-03-03,506.0,508.0,474.0,480.0,263674,185903507000,0.0,-3.8076152304609256,SC.INE
2022-03-06,489.0,528.0,486.0,528.0,136345,97122812600,0.0,10.000000000000009,SC.INE
2022-03-07,528.0,556.0,508.0,544.0,270165,206390422000,0.0,3.0303030303030276,SC.INE
2022-03-08,542.0,571.0,532.0,559.0,247280,199066730799,0.0,2.757352941176472,SC.INE
2022-03-09,527.0,537.0,485.0,485.0,191044,141779704500,0.0,-13.23792486583184,SC.INE
2022-03-10,493.0,507.0,457.0,473.0,268524,186695518299,0.0,-2.4742268041237137,SC.INE
2022-03-13,470.0,483.0,463.0,474.0,169079,115470341600,0.0,0.21141649048626032,SC.INE
2022-03-14,467.0,468.0,428.0,435.0,223676,144542419700,0.0,-8.227848101265822,SC.INE
2022-03-15,433.0,444.0,420.0,438.0,199261,123753541199,0.0,0.6896551724137945,SC.INE
2022-03-16,436.0,440.0,419.0,429.0,140686,86868098500,0.0,-2.0547945205479423,SC.INE
2022-03-17,443.0,471.0,442.0,468.0,86749,56769120000,0.0,9.090909090909083,SC.INE
2022-03-20,459.0,476.0,454.0,470.0,184351,122947198699,0.0,0.42735042735042583,SC.INE
2022-03-21,475.0,502.0,474.0,495.0,194842,136615673800,0.0,5.319148936170204,SC.INE
2022-03-22,489.0,495.0,480.0,486.0,226311,158431267700,0.0,-1.8181818181818188,SC.INE
2022-03-23,502.0,520.0,500.0,502.0,221178,161795146300,0.0,3.292181069958855,SC.INE
2022-03-24,508.0,510.0,493.0,502.0,218040,157671360400,0.0,0.0,SC.INE
2022-03-27,491.0,511.0,485.0,490.0,266981,190564746800,0.0,-2.39043824701195,SC.INE
2022-03-28,485.0,485.0,468.0,471.0,245505,168274606400,0.0,-3.8775510204081653,SC.INE
2022-03-29,446.0,480.0,443.0,480.0,269101,178370586700,0.0,1.9108280254777066,SC.INE
2022-03-30,483.0,487.0,459.0,469.0,216920,148919284800,0.0,-2.2916666666666696,SC.INE
2022-03-31,461.0,474.0,450.0,451.0,233864,156060363500,0.0,-3.8379530916844318,SC.INE
2022-04-05,461.0,473.0,459.0,470.0,57806,38959686400,0.0,4.212860310421296,SC.INE
2022-04-06,473.0,473.0,433.0,437.0,246482,159436973300,0.0,-7.021276595744686,SC.INE
2022-04-07,435.0,439.0,419.0,435.0,228551,141147241600,0.0,-0.4576659038901587,SC.INE
2022-04-10,436.0,445.0,427.0,434.0,180614,113110400500,0.0,-0.22988505747126853,SC.INE
2022-04-11,424.0,442.0,422.0,442.0,176449,108945002000,0.0,1.8433179723502224,SC.INE
2022-04-12,443.0,456.0,442.0,452.0,147922,95988556900,0.0,2.262443438914019,SC.INE
2022-04-13,460.0,469.0,454.0,463.0,135255,89888624100,0.0,2.433628318584069,SC.INE
2022-04-14,461.0,482.0,459.0,480.0,115528,78123110600,0.0,3.6717062634989306,SC.INE
2022-04-17,482.0,490.0,475.0,483.0,60501,42048766500,0.0,0.6250000000000089,SC.INE
2022-04-18,484.0,493.0,481.0,482.0,154448,108453278400,0.0,-0.20703933747412417,SC.INE
2022-04-19,475.0,476.0,461.0,469.0,226790,153091771500,0.0,-2.697095435684649,SC.INE
2022-04-20,469.0,474.0,456.0,473.0,227251,153205706700,0.0,0.8528784648187626,SC.INE
2022-04-21,468.0,481.0,461.0,467.0,233243,158834997100,0.0,-1.2684989429175508,SC.INE
2022-04-24,469.0,469.0,437.0,440.0,225190,148309762900,0.0,-5.781584582441113,SC.INE
2022-04-25,437.0,449.0,429.0,445.0,216816,136551119600,0.0,1.1363636363636465,SC.INE
2022-04-26,446.0,462.0,446.0,461.0,231518,151860311600,0.0,3.5955056179775235,SC.INE
2022-04-27,455.0,459.0,443.0,452.0,228410,148636108400,0.0,-1.95227765726681,SC.INE
2022-04-28,454.0,473.0,453.0,467.0,188675,125838499800,0.0,3.31858407079646,SC.INE
2022-05-04,478.0,484.0,476.0,480.0,42571,29485146400,0.0,2.7837259100642386,SC.INE
2022-05-05,486.0,494.0,473.0,484.0,197279,137551470300,0.0,0.8333333333333304,SC.INE
2022-05-08,486.0,497.0,480.0,487.0,210305,148237975500,0.0,0.6198347107438051,SC.INE
2022-05-09,482.0,487.0,448.0,456.0,244782,164718304000,0.0,-6.365503080082135,SC.INE
2022-05-10,458.0,463.0,445.0,458.0,230761,151324237500,0.0,0.43859649122806044,SC.INE
2022-05-11,460.0,477.0,460.0,470.0,206364,140160899400,0.0,2.6200873362445476,SC.INE
2022-05-12,470.0,487.0,469.0,479.0,171172,118146775300,0.0,1.914893617021285,SC.INE
2022-05-15,490.0,497.0,483.0,487.0,142445,100382978100,0.0,1.6701461377870652,SC.INE
2022-05-16,491.0,509.0,489.0,506.0,124835,89796006100,0.0,3.901437371663241,SC.INE
2022-05-17,505.0,508.0,490.0,493.0,95093,68755669200,0.0,-2.5691699604743046,SC.INE
2022-05-18,498.0,500.0,478.0,487.0,260010,180603981400,0.0,-1.2170385395537497,SC.INE
2022-05-19,468.0,493.0,467.0,489.0,266582,184069977399,0.0,0.4106776180698102,SC.INE
2022-05-22,491.0,497.0,484.0,495.0,210143,147307139200,0.0,1.2269938650306678,SC.INE
2022-05-23,495.0,495.0,479.0,481.0,216242,150068432700,0.0,-2.8282828282828243,SC.INE
2022-05-24,488.0,500.0,485.0,497.0,213439,149749016600,0.0,3.3264033264033266,SC.INE
2022-05-25,497.0,502.0,491.0,501.0,178375,126373584300,0.0,0.8048289738430636,SC.INE
2022-05-26,502.0,520.0,500.0,512.0,175685,128485339600,0.0,2.195608782435121,SC.INE
2022-05-29,510.0,521.0,507.0,515.0,163744,119976706000,0.0,0.5859375,SC.INE
2022-05-30,516.0,533.0,514.0,531.0,122120,91001805900,0.0,3.106796116504862,SC.INE
2022-05-31,531.0,535.0,508.0,515.0,228051,169320656800,0.0,-3.0131826741996215,SC.INE
2022-06-01,516.0,522.0,497.0,501.0,203933,148892551300,0.0,-2.7184466019417486,SC.INE
2022-06-05,530.0,531.0,521.0,526.0,52101,39058073100,0.0,4.990019960079839,SC.INE
2022-06-06,522.0,529.0,519.0,528.0,138492,103566753900,0.0,0.3802281368821214,SC.INE
2022-06-07,525.0,532.0,520.0,531.0,156159,117603568100,0.0,0.5681818181818121,SC.INE
2022-06-08,534.0,549.0,531.0,540.0,164872,126957068100,0.0,1.6949152542372836,SC.INE
2022-06-09,540.0,544.0,533.0,538.0,133797,103086152600,0.0,-0.37037037037036535,SC.INE
2022-06-12,540.0,540.0,523.0,528.0,199443,150998040600,0.0,-1.8587360594795488,SC.INE
2022-06-13,530.0,545.0,524.0,543.0,198833,152106846200,0.0,2.840909090909083,SC.INE
2022-06-14,547.0,552.0,530.0,531.0,180194,139373237000,0.0,-2.209944751381221,SC.INE
2022-06-15,531.0,533.0,519.0,522.0,168045,125931772899,0.0,-1.6949152542372836,SC.INE
2022-06-16,514.0,518.0,502.0,517.0,146111,106673682500,0.0,-0.9578544061302652,SC.INE
2022-06-19,513.0,514.0,481.0,485.0,302822,213389667500,0.0,-6.189555125725343,SC.INE
2022-06-20,485.0,500.0,483.0,496.0,166119,116562486100,0.0,2.268041237113394,SC.INE
2022-06-21,498.0,505.0,478.0,479.0,234871,165481571600,0.0,-3.427419354838712,SC.INE
2022-06-22,473.0,492.0,471.0,486.0,284977,196049588700,0.0,1.4613778705636848,SC.INE
2022-06-23,489.0,494.0,469.0,473.0,292048,200878564400,0.0,-2.6748971193415683,SC.INE
2022-06-26,483.0,493.0,473.0,490.0,258983,179377457600,0.0,3.594080338266381,SC.INE
2022-06-27,492.0,510.0,485.0,509.0,231393,164361008700,0.0,3.8775510204081653,SC.INE
2022-06-28,510.0,515.0,504.0,509.0,219041,159541594700,0.0,0.0,SC.INE
2022-06-29,520.0,523.0,504.0,504.0,201127,147762029200,0.0,-0.9823182711198419,SC.INE
2022-06-30,506.0,507.0,486.0,488.0,242438,171029986800,0.0,-3.1746031746031744,SC.INE
2022-07-03,502.0,504.0,492.0,502.0,207050,147187597100,0.0,2.868852459016402,SC.INE
2022-07-04,507.0,516.0,503.0,506.0,138248,100515621900,0.0,0.7968127490039834,SC.INE
2022-07-05,500.0,500.0,461.0,473.0,377837,256105680799,0.0,-6.521739130434778,SC.INE
2022-07-06,472.0,472.0,442.0,450.0,334908,216340458000,0.0,-4.8625792811839315,SC.INE
2022-07-07,456.0,480.0,456.0,475.0,258762,174616694100,0.0,5.555555555555558,SC.INE
2022-07-10,477.0,487.0,475.0,476.0,244690,167872212399,0.0,0.21052631578948322,SC.INE
2022-07-11,469.0,483.0,467.0,474.0,208966,142013331300,0.0,-0.42016806722688926,SC.INE
2022-07-12,465.0,467.0,448.0,461.0,219653,143255450300,0.0,-2.742616033755274,SC.INE
2022-07-13,453.0,462.0,449.0,455.0,189891,123544617500,0.0,-1.3015184381778733,SC.INE
2022-07-14,453.0,459.0,435.0,454.0,202787,129357334700,0.0,-0.219780219780219,SC.INE
2022-07-17,466.0,478.0,459.0,478.0,127407,84964757300,0.0,5.286343612334798,SC.INE
2022-07-18,480.0,489.0,479.0,482.0,210653,140414911100,0.0,0.8368200836819994,SC.INE
2022-07-19,474.0,489.0,470.0,481.0,256974,170158387700,0.0,-0.20746887966804906,SC.INE
2022-07-20,480.0,487.0,477.0,479.0,218898,145104251200,0.0,-0.4158004158004158,SC.INE
2022-07-21,469.0,480.0,467.0,480.0,259257,168804882700,0.0,0.20876826722338038,SC.INE
2022-07-24,470.0,483.0,463.0,465.0,263672,171942287000,0.0,-3.125,SC.INE
2022-07-25,474.0,495.0,471.0,493.0,216500,143013830100,0.0,6.021505376344094,SC.INE
2022-07-26,494.0,496.0,474.0,480.0,214878,143185682400,0.0,-2.6369168356997985,SC.INE
2022-07-27,482.0,503.0,476.0,502.0,231351,156099950000,0.0,4.583333333333339,SC.INE
2022-07-28,502.0,502.0,491.0,499.0,213163,145437033100,0.0,-0.5976095617529875,SC.INE
2022-07-31,506.0,517.0,499.0,503.0,205426,143807466800,0.0,0.8016032064128265,SC.INE
2022-08-01,494.0,495.0,482.0,495.0,238704,160826936500,0.0,-1.5904572564612307,SC.INE
2022-08-02,494.0,501.0,491.0,493.0,203495,138590094000,0.0,-0.40404040404040664,SC.INE
2022-08-03,503.0,503.0,476.0,478.0,215806,144682061800,0.0,-3.0425963488843855,SC.INE
2022-08-04,480.0,480.0,468.0,475.0,155469,101161360000,0.0,-0.6276150627615107,SC.INE
2022-08-07,469.0,486.0,467.0,483.0,165875,109137765000,0.0,1.6842105263157992,SC.INE
2022-08-08,476.0,491.0,475.0,488.0,131645,87504061700,0.0,1.0351966873705987,SC.INE
2022-08-09,496.0,497.0,488.0,491.0,119188,80761704500,0.0,0.6147540983606481,SC.INE
2022-08-10,493.0,504.0,484.0,502.0,139603,94841116400,0.0,2.2403258655804503,SC.INE
2022-08-11,508.0,512.0,502.0,511.0,92978,64899152900,0.0,1.7928286852589626,SC.INE
2022-08-14,506.0,509.0,502.0,507.0,97031,67509574800,0.0,-0.7827788649706457,SC.INE
2022-08-15,489.0,503.0,488.0,500.0,72892,49784836000,0.0,-1.3806706114398382,SC.INE
2022-08-16,501.0,506.0,494.0,501.0,145434,96341979700,0.0,0.20000000000000018,SC.INE
2022-08-17,499.0,515.0,499.0,513.0,168414,112835692100,0.0,2.39520958083832,SC.INE
2022-08-18,520.0,531.0,517.0,523.0,165545,114519039400,0.0,1.949317738791434,SC.INE
2022-08-21,521.0,536.0,520.0,528.0,156505,109919945800,0.0,0.9560229445506607,SC.INE
2022-08-22,530.0,539.0,518.0,538.0,184052,128627721000,0.0,1.8939393939394034,SC.INE
2022-08-23,540.0,555.0,537.0,554.0,162118,116537950800,0.0,2.973977695167296,SC.INE
2022-08-24,554.0,568.0,551.0,563.0,200700,148511500300,0.0,1.6245487364620947,SC.INE
2022-08-25,562.0,567.0,553.0,559.0,151698,112304502000,0.0,-0.7104795737122527,SC.INE
2022-08-28,553.0,556.0,543.0,551.0,185594,135023080000,0.0,-1.4311270125223596,SC.INE
2022-08-29,554.0,564.0,551.0,556.0,130185,96271983100,0.0,0.9074410163339319,SC.INE
2022-08-30,546.0,550.0,538.0,541.0,144205,103523554700,0.0,-2.6978417266187105,SC.INE
2022-08-31,530.0,539.0,525.0,528.0,148610,104936284900,0.0,-2.402957486136781,SC.INE
2022-09-01,524.0,530.0,520.0,525.0,136414,94767978699,0.0,-0.5681818181818232,SC.INE
2022-09-04,530.0,532.0,519.0,532.0,135891,94572697000,0.0,1.333333333333342,SC.INE
2022-09-05,536.0,540.0,528.0,531.0,94958,67235201300,0.0,-0.1879699248120259,SC.INE
2022-09-06,523.0,528.0,513.0,517.0,120851,83358600200,0.0,-2.6365348399246757,SC.INE
2022-09-07,519.0,519.0,501.0,502.0,132491,89482800000,0.0,-2.9013539651837505,SC.INE
2022-09-08,503.0,510.0,499.0,507.0,105443,70565974100,0.0,0.9960159362549792,SC.INE
2022-09-12,528.0,548.0,520.0,532.0,33978,23961288200,0.0,4.930966469428011,SC.INE
2022-09-13,528.0,535.0,521.0,529.0,162182,104618953000,0.0,-0.5639097744360888,SC.INE
2022-09-14,531.0,557.0,530.0,553.0,189650,126097594300,0.0,4.536862003780717,SC.INE
2022-09-15,549.0,551.0,542.0,543.0,148784,99164967800,0.0,-1.8083182640144635,SC.INE
2022-09-18,541.0,542.0,519.0,520.0,179200,116385479200,0.0,-4.23572744014733,SC.INE
2022-09-19,511.0,528.0,510.0,526.0,132815,84463817000,0.0,1.1538461538461497,SC.INE
2022-09-20,527.0,541.0,519.0,540.0,172332,110752485399,0.0,2.6615969581748944,SC.INE
2022-09-21,537.0,541.0,524.0,534.0,163377,106082611400,0.0,-1.1111111111111072,SC.INE
2022-09-22,541.0,544.0,531.0,533.0,143426,94070093200,0.0,-0.1872659176029967,SC.INE
2022-09-25,524.0,525.0,497.0,500.0,174453,109134272899,0.0,-6.191369606003749,SC.INE
2022-09-26,505.0,510.0,493.0,498.0,146265,89658052600,0.0,-0.40000000000000036,SC.INE
2022-09-27,500.0,508.0,495.0,498.0,145423,89173190900,0.0,0.0,SC.INE
2022-09-28,508.0,522.0,505.0,516.0,128869,80826799400,0.0,3.6144578313253017,SC.INE
2022-09-29,521.0,522.0,512.0,519.0,106564,67325454500,0.0,0.5813953488372103,SC.INE
2022-10-09,577.0,578.0,568.0,575.0,40685,28436327000,0.0,10.789980732177273,SC.INE
2022-10-10,574.0,581.0,568.0,569.0,81258,57076761800,0.0,-1.043478260869568,SC.INE
2022-10-11,567.0,569.0,556.0,566.0,76277,52521588200,0.0,-0.5272407732864637,SC.INE
2022-10-12,561.0,564.0,556.0,561.0,70499,48263345599,0.0,-0.8833922261484051,SC.INE
2022-10-13,556.0,569.0,556.0,565.0,63913,43950788300,0.0,0.7130124777183555,SC.INE
2022-10-16,560.0,561.0,550.0,554.0,114703,76948065600,0.0,-1.9469026548672552,SC.INE
2022-10-17,555.0,560.0,548.0,558.0,108433,72859785100,0.0,0.7220216606498298,SC.INE
2022-10-18,555.0,556.0,542.0,547.0,140660,93181073000,0.0,-1.971326164874554,SC.INE
2022-10-19,551.0,559.0,546.0,555.0,144985,96740067600,0.0,1.4625228519195677,SC.INE
2022-10-20,555.0,562.0,548.0,548.0,135036,90568826700,0.0,-1.2612612612612595,SC.INE
2022-10-23,548.0,563.0,548.0,550.0,150797,101046758699,0.0,0.36496350364962904,SC.INE
2022-10-24,547.0,559.0,547.0,556.0,138481,92914161800,0.0,1.090909090909098,SC.INE
2022-10-25,556.0,561.0,550.0,551.0,120391,81028444300,0.0,-0.8992805755395739,SC.INE
2022-10-26,557.0,567.0,555.0,561.0,132871,90148222600,0.0,1.814882032667886,SC.INE
2022-10-27,567.0,572.0,565.0,566.0,108944,74981714700,0.0,0.891265597147961,SC.INE
2022-10-30,567.0,570.0,559.0,562.0,121496,83046835800,0.0,-0.7067137809187329,SC.INE
2022-10-31,560.0,575.0,557.0,572.0,123793,84769768400,0.0,1.7793594306049876,SC.INE
2022-11-01,576.0,581.0,570.0,577.0,92078,64088383500,0.0,0.8741258741258751,SC.INE
2022-11-02,574.0,581.0,568.0,580.0,100952,70314918000,0.0,0.5199306759098743,SC.INE
2022-11-03,577.0,588.0,573.0,587.0,99869,69912279900,0.0,1.206896551724146,SC.INE
2022-11-06,593.0,597.0,587.0,591.0,85884,61494574800,0.0,0.6814310051107331,SC.INE
2022-11-07,593.0,596.0,588.0,590.0,77253,55382406000,0.0,-0.16920473773265332,SC.INE
2022-11-08,590.0,590.0,566.0,570.0,104123,73010915600,0.0,-3.3898305084745783,SC.INE
2022-11-09,565.0,568.0,551.0,554.0,91404,62067088300,0.0,-2.8070175438596467,SC.INE
2022-11-10,552.0,563.0,552.0,559.0,104577,70466252800,0.0,0.902527075812265,SC.INE
2022-11-13,562.0,566.0,547.0,549.0,91876,62213444900,0.0,-1.7889087656529523,SC.INE
2022-11-14,548.0,554.0,532.0,537.0,62488,41218958100,0.0,-2.1857923497267784,SC.INE
2022-11-15,535.0,539.0,529.0,532.0,120185,77155121400,0.0,-0.9310986964618295,SC.INE
2022-11-16,535.0,536.0,519.0,522.0,123145,78182848900,0.0,-1.8796992481203034,SC.INE
2022-11-17,519.0,523.0,511.0,513.0,131671,81974236500,0.0,-1.7241379310344862,SC.INE
2022-11-20,506.0,508.0,492.0,498.0,175826,105544014200,0.0,-2.92397660818714,SC.INE
2022-11-21,498.0,500.0,474.0,493.0,202001,118723838100,0.0,-1.0040160642570295,SC.INE
2022-11-22,499.0,504.0,494.0,496.0,120611,72670515500,0.0,0.6085192697768749,SC.INE
2022-11-23,487.0,487.0,473.0,473.0,163499,94114038699,0.0,-4.63709677419355,SC.INE
2022-11-24,474.0,479.0,471.0,476.0,113299,64915184900,0.0,0.634249471458781,SC.INE
2022-11-27,481.0,481.0,449.0,455.0,156833,87947474000,0.0,-4.411764705882348,SC.INE
2022-11-28,452.0,486.0,451.0,476.0,171362,96633936100,0.0,4.615384615384621,SC.INE
2022-11-29,479.0,482.0,467.0,474.0,150039,85791139600,0.0,-0.42016806722688926,SC.INE
2022-11-30,479.0,486.0,474.0,475.0,125464,72706510900,0.0,0.21097046413502962,SC.INE
2022-12-01,481.0,487.0,470.0,475.0,127198,73576145000,0.0,0.0,SC.INE
2022-12-04,478.0,482.0,461.0,464.0,156328,89193700100,0.0,-2.3157894736842155,SC.INE
2022-12-05,473.0,477.0,446.0,452.0,167076,92825359700,0.0,-2.5862068965517238,SC.INE
2022-12-06,445.0,447.0,426.0,428.0,173994,91517016400,0.0,-5.309734513274334,SC.INE
2022-12-07,431.0,436.0,417.0,425.0,176450,90629114600,0.0,-0.7009345794392496,SC.INE
2022-12-08,431.0,431.0,412.0,416.0,163639,82918945100,0.0,-2.117647058823524,SC.INE
2022-12-11,417.0,422.0,411.0,415.0,83837,42110005300,0.0,-0.24038461538461453,SC.INE
2022-12-12,412.0,432.0,410.0,431.0,201067,103720462800,0.0,3.855421686746996,SC.INE
2022-12-13,430.0,437.0,427.0,433.0,170471,90156209900,0.0,0.46403712296982924,SC.INE
2022-12-14,435.0,444.0,434.0,439.0,153268,82488756100,0.0,1.385681293302543,SC.INE
2022-12-15,442.0,444.0,433.0,438.0,175222,94051556100,0.0,-0.2277904328018221,SC.INE
2022-12-18,433.0,441.0,424.0,436.0,190648,100498848200,0.0,-0.45662100456621557,SC.INE
2022-12-19,436.0,445.0,434.0,438.0,148353,79579482800,0.0,0.4587155963302836,SC.INE
2022-12-20,438.0,444.0,432.0,443.0,143551,76979201000,0.0,1.1415525114155223,SC.INE
2022-12-21,450.0,452.0,445.0,447.0,115513,63353081500,0.0,0.9029345372460584,SC.INE
2022-12-22,451.0,453.0,442.0,445.0,127914,70069926200,0.0,-0.4474272930648726,SC.INE
2022-12-25,450.0,463.0,449.0,457.0,114702,64041954100,0.0,2.696629213483148,SC.INE
2022-12-26,457.0,465.0,454.0,463.0,63151,35577840600,0.0,1.3129102844638973,SC.INE
2022-12-27,461.0,467.0,458.0,458.0,101256,57220945599,0.0,-1.0799136069114423,SC.INE
2022-12-28,458.0,460.0,448.0,451.0,106694,59104863900,0.0,-1.5283842794759805,SC.INE
2022-12-29,453.0,460.0,447.0,460.0,104157,57587395800,0.0,1.9955654101995624,SC.INE
2023-01-02,465.0,467.0,461.0,464.0,29554,16746957400,0.0,0.8695652173912993,SC.INE
2023-01-03,460.0,460.0,436.0,440.0,57189,31659916800,0.0,-5.1724137931034475,SC.INE
2023-01-04,430.0,433.0,424.0,425.0,143079,75476916400,0.0,-3.409090909090906,SC.INE
2023-01-05,428.0,432.0,421.0,429.0,143323,75353263100,0.0,0.9411764705882453,SC.INE
2023-01-08,425.0,433.0,424.0,427.0,145187,76652581000,0.0,-0.4662004662004615,SC.INE
2023-01-09,433.0,434.0,421.0,424.0,124944,65930889600,0.0,-0.7025761124121788,SC.INE
2023-01-10,426.0,429.0,420.0,422.0,132225,69084571500,0.0,-0.4716981132075526,SC.INE
2023-01-11,426.0,435.0,425.0,431.0,148651,78736094900,0.0,2.1327014218009532,SC.INE
2023-01-12,435.0,438.0,431.0,437.0,133595,71585505600,0.0,1.39211136890951,SC.INE
2023-01-15,437.0,442.0,435.0,440.0,112955,61089400400,0.0,0.6864988558352492,SC.INE
2023-01-16,441.0,447.0,437.0,444.0,92113,50133854400,0.0,0.9090909090909038,SC.INE
2023-01-17,449.0,459.0,449.0,457.0,107287,59958041800,0.0,2.9279279279279313,SC.INE
2023-01-18,461.0,461.0,441.0,446.0,106186,59120253800,0.0,-2.4070021881838044,SC.INE
2023-01-19,447.0,458.0,446.0,458.0,94337,52727334000,0.0,2.6905829596412634,SC.INE
2023-01-29,456.0,457.0,446.0,448.0,29861,16575632300,0.0,-2.183406113537123,SC.INE
2023-01-30,450.0,452.0,438.0,439.0,99683,54570389600,0.0,-2.00892857142857,SC.INE
2023-01-31,438.0,450.0,437.0,447.0,81967,44819375599,0.0,1.8223234624145768,SC.INE
2023-02-01,447.0,449.0,431.0,433.0,108121,58638747200,0.0,-3.1319910514541416,SC.INE
2023-02-02,431.0,437.0,426.0,432.0,109377,58192282600,0.0,-0.2309468822170868,SC.INE
2023-02-05,432.0,443.0,418.0,421.0,147379,78012739400,0.0,-2.546296296296291,SC.INE
2023-02-06,424.0,432.0,417.0,430.0,114848,60011235100,0.0,2.13776722090262,SC.INE
2023-02-07,429.0,442.0,428.0,442.0,102360,54837715700,0.0,2.7906976744185963,SC.INE
2023-02-08,443.0,452.0,441.0,450.0,90676,49819129300,0.0,1.8099547511312153,SC.INE
2023-02-09,449.0,451.0,444.0,450.0,88306,48758396700,0.0,0.0,SC.INE
2023-02-12,458.0,461.0,452.0,457.0,66578,37458394100,0.0,1.5555555555555545,SC.INE
2023-02-13,460.0,467.0,457.0,466.0,115083,64634110300,0.0,1.969365426695835,SC.INE
2023-02-14,464.0,465.0,454.0,462.0,149425,83757862300,0.0,-0.8583690987124415,SC.INE
2023-02-15,462.0,472.0,456.0,472.0,143508,80897880800,0.0,2.164502164502169,SC.INE
2023-02-16,469.0,472.0,463.0,463.0,117885,67261045700,0.0,-1.906779661016944,SC.INE
2023-02-19,458.0,459.0,450.0,457.0,155136,85685649700,0.0,-1.295896328293733,SC.INE
2023-02-20,458.0,460.0,449.0,450.0,108280,59961841600,0.0,-1.5317286652078765,SC.INE
2023-02-21,452.0,455.0,445.0,448.0,149224,81854605800,0.0,-0.4444444444444473,SC.INE
2023-02-22,449.0,453.0,438.0,439.0,142041,77083892800,0.0,-2.00892857142857,SC.INE
2023-02-23,443.0,454.0,442.0,453.0,137993,75186741300,0.0,3.1890660592255093,SC.INE
2023-02-26,453.0,456.0,445.0,450.0,158223,86856224900,0.0,-0.6622516556291425,SC.INE
2023-02-27,450.0,451.0,445.0,450.0,113646,62006353800,0.0,0.0,SC.INE
2023-02-28,453.0,460.0,453.0,458.0,109882,61083388300,0.0,1.777777777777767,SC.INE
2023-03-01,454.0,462.0,451.0,459.0,135846,75320354700,0.0,0.21834061135370675,SC.INE
2023-03-02,462.0,468.0,461.0,467.0,99507,56296546800,0.0,1.7429193899782147,SC.INE
2023-03-05,467.0,472.0,456.0,469.0,146804,83003998500,0.0,0.4282655246252709,SC.INE
2023-03-06,467.0,484.0,467.0,479.0,107012,61852790700,0.0,2.1321961620469176,SC.INE
2023-03-07,477.0,477.0,463.0,464.0,139643,80046912000,0.0,-3.131524008350728,SC.INE
2023-03-08,463.0,464.0,457.0,461.0,122333,68565752300,0.0,-0.6465517241379337,SC.INE
2023-03-09,460.0,467.0,448.0,448.0,138167,77314811100,0.0,-2.819956616052066,SC.INE
2023-03-12,449.0,459.0,448.0,454.0,151605,83563912300,0.0,1.3392857142857206,SC.INE
2023-03-13,429.0,447.0,429.0,435.0,155473,83155344600,0.0,-4.185022026431717,SC.INE
2023-03-14,434.0,441.0,425.0,429.0,145248,76767031000,0.0,-1.379310344827589,SC.INE
2023-03-15,416.0,417.0,399.0,406.0,189747,94517305700,0.0,-5.361305361305357,SC.INE
2023-03-16,405.0,415.0,397.0,409.0,133987,66185329000,0.0,0.738916256157629,SC.INE
2023-03-19,405.0,409.0,391.0,392.0,268331,132578868100,0.0,-4.1564792176039145,SC.INE
2023-03-20,400.0,405.0,395.0,401.0,239170,117433127400,0.0,2.2959183673469497,SC.INE
2023-03-21,407.0,411.0,406.0,410.0,186406,93551820500,0.0,2.244389027431426,SC.INE
2023-03-22,413.0,418.0,409.0,413.0,186045,94427833000,0.0,0.7317073170731714,SC.INE
2023-03-23,414.0,420.0,407.0,414.0,189666,96679962300,0.0,0.2421307506053294,SC.INE
2023-03-26,405.0,413.0,402.0,413.0,211047,105567599800,0.0,-0.24154589371980784,SC.INE
2023-03-27,415.0,425.0,415.0,423.0,155048,79889994400,0.0,2.421307506053272,SC.INE
2023-03-28,423.0,429.0,421.0,428.0,136532,71477195700,0.0,1.1820330969267046,SC.INE
2023-03-29,431.0,432.0,423.0,426.0,154678,81126829100,0.0,-0.4672897196261627,SC.INE
2023-03-30,427.0,431.0,425.0,429.0,128679,67747612400,0.0,0.7042253521126751,SC.INE
2023-04-02,431.0,466.0,430.0,464.0,167785,91614751800,0.0,8.158508158508159,SC.INE
2023-04-03,467.0,475.0,464.0,475.0,124834,71905512700,0.0,2.37068965517242,SC.INE
2023-04-05,472.0,477.0,470.0,476.0,36231,21098524200,0.0,0.21052631578948322,SC.INE
2023-04-06,477.0,483.0,473.0,482.0,102614,60156595700,0.0,1.2605042016806678,SC.INE
2023-04-09,482.0,485.0,477.0,479.0,56966,33562918600,0.0,-0.6224066390041472,SC.INE
2023-04-10,474.0,481.0,473.0,479.0,84715,49656476500,0.0,0.0,SC.INE
2023-04-11,476.0,485.0,475.0,483.0,81578,48178954800,0.0,0.8350730688935215,SC.INE
2023-04-12,486.0,494.0,484.0,489.0,81029,48650081800,0.0,1.2422360248447228,SC.INE
2023-04-13,489.0,491.0,482.0,485.0,63761,38122819500,0.0,-0.8179959100204526,SC.INE
2023-04-16,486.0,491.0,482.0,490.0,48270,28882526700,0.0,1.0309278350515427,SC.INE
2023-04-17,487.0,488.0,479.0,485.0,125631,73653972500,0.0,-1.0204081632653073,SC.INE
2023-04-18,481.0,485.0,477.0,479.0,132831,77481120100,0.0,-1.2371134020618513,SC.INE
2023-04-19,476.0,476.0,466.0,468.0,155160,88721408600,0.0,-2.2964509394572064,SC.INE
2023-04-20,466.0,467.0,457.0,457.0,142994,79931949000,0.0,-2.350427350427353,SC.INE
2023-04-23,461.0,466.0,456.0,457.0,131135,73477873000,0.0,0.0,SC.INE
2023-04-24,459.0,471.0,458.0,469.0,123406,69834136100,0.0,2.6258205689277947,SC.INE
2023-04-25,465.0,466.0,453.0,460.0,152286,84571536500,0.0,-1.9189765458422214,SC.INE
2023-04-26,453.0,454.0,433.0,434.0,169284,91534426100,0.0,-5.6521739130434785,SC.INE
2023-04-27,434.0,439.0,432.0,439.0,130659,68989469300,0.0,1.1520737327188835,SC.INE
2023-05-03,403.0,412.0,403.0,410.0,55512,27451806900,0.0,-6.605922551252852,SC.INE
2023-05-04,408.0,411.0,400.0,409.0,142289,69868756000,0.0,-0.24390243902439046,SC.INE
2023-05-07,413.0,424.0,412.0,424.0,120938,61416154900,0.0,3.667481662591676,SC.INE
2023-05-08,427.0,432.0,425.0,426.0,91194,47323199100,0.0,0.4716981132075526,SC.INE
2023-05-09,426.0,433.0,420.0,429.0,122016,63039105700,0.0,0.7042253521126751,SC.INE
2023-05-10,432.0,432.0,417.0,423.0,137300,70644578300,0.0,-1.3986013986013957,SC.INE
2023-05-11,417.0,419.0,408.0,408.0,134633,67688738300,0.0,-3.546099290780147,SC.INE
2023-05-14,414.0,418.0,404.0,408.0,134845,67118428900,0.0,0.0,SC.INE
2023-05-15,410.0,421.0,410.0,416.0,82244,41495042900,0.0,1.9607843137254832,SC.INE
2023-05-16,417.0,422.0,410.0,411.0,72466,36607625200,0.0,-1.2019230769230727,SC.INE
2023-05-17,415.0,426.0,415.0,424.0,168648,86689165900,0.0,3.1630170316301776,SC.INE
2023-05-18,422.0,431.0,420.0,429.0,154783,80143123800,0.0,1.1792452830188704,SC.INE
2023-05-21,433.0,434.0,414.0,415.0,181390,93516090700,0.0,-3.263403263403264,SC.INE
2023-05-22,419.0,426.0,418.0,422.0,146257,75337800800,0.0,1.6867469879518149,SC.INE
2023-05-23,428.0,434.0,425.0,432.0,122708,64249988099,0.0,2.369668246445489,SC.INE
2023-05-24,433.0,438.0,429.0,435.0,144900,76750679000,0.0,0.694444444444442,SC.INE
2023-05-25,432.0,432.0,421.0,428.0,153732,79743852900,0.0,-1.6091954022988464,SC.INE
2023-05-28,431.0,439.0,430.0,436.0,125191,66219800300,0.0,1.869158878504673,SC.INE
2023-05-29,431.0,441.0,428.0,434.0,90857,47989022699,0.0,-0.4587155963302725,SC.INE
2023-05-30,427.0,427.0,412.0,413.0,148717,75765449400,0.0,-4.8387096774193505,SC.INE
2023-05-31,403.0,415.0,401.0,414.0,143690,71980763000,0.0,0.2421307506053294,SC.INE
2023-06-01,412.0,425.0,408.0,425.0,141946,72318347400,0.0,2.657004830917864,SC.INE
2023-06-04,429.0,434.0,424.0,432.0,131353,68688887800,0.0,1.6470588235294015,SC.INE
2023-06-05,436.0,436.0,429.0,430.0,131853,69615890700,0.0,-0.462962962962965,SC.INE
2023-06-06,428.0,433.0,425.0,429.0,124565,65240608400,0.0,-0.23255813953488857,SC.INE
2023-06-07,435.0,440.0,432.0,439.0,112048,59784374200,0.0,2.331002331002341,SC.INE
2023-06-08,440.0,441.0,422.0,431.0,174571,91940473800,0.0,-1.8223234624145768,SC.INE
2023-06-11,434.0,437.0,421.0,422.0,133293,70019922900,0.0,-2.088167053364265,SC.INE
2023-06-12,415.0,419.0,411.0,416.0,119427,60484124900,0.0,-1.4218009478673022,SC.INE
2023-06-13,422.0,430.0,421.0,430.0,83262,43205380199,0.0,3.3653846153846256,SC.INE
2023-06-14,431.0,433.0,420.0,423.0,87466,45412686100,0.0,-1.6279069767441867,SC.INE
2023-06-15,424.7,434.4,424.2,433.8,131950,69446823900,0.0,2.553191489361706,SC.INE
2023-06-18,436.4,437.2,428.8,432.8,142107,75479695400,0.0,-0.2305209774089434,SC.INE
2023-06-19,437.0,439.6,433.8,436.8,96381,51536839200,0.0,0.9242144177449063,SC.INE
2023-06-20,435.1,453.2,431.1,450.2,203340,109730524000,0.0,3.067765567765557,SC.INE
2023-06-25,443.6,446.1,437.6,443.8,46544,25137343600,0.0,-1.421590404264761,SC.INE
2023-06-26,441.1,446.2,438.3,443.7,122043,66156476800,0.0,-0.022532672374953044,SC.INE
2023-06-27,437.8,442.3,433.1,436.2,141623,75920639100,0.0,-1.690331304935766,SC.INE
2023-06-28,434.5,445.2,432.9,443.2,143196,77121167800,0.0,1.6047684548372354,SC.INE
2023-06-29,443.4,448.7,441.2,446.1,127949,69716871500,0.0,0.6543321299639082,SC.INE
2023-07-02,448.9,453.7,447.1,449.7,107109,59057005800,0.0,0.8069939475453758,SC.INE
2023-07-03,454.2,455.0,446.4,448.4,128267,70801066800,0.0,-0.289081609962194,SC.INE
2023-07-04,452.3,454.6,450.1,451.7,84514,46799329300,0.0,0.7359500446030287,SC.INE
2023-07-05,453.7,458.6,452.4,455.7,119658,66798462800,0.0,0.8855435023245484,SC.INE
2023-07-06,454.0,460.5,449.0,458.1,144665,80283319500,0.0,0.5266622778143493,SC.INE
2023-07-09,457.4,466.1,453.9,463.3,117165,66023198200,0.0,1.1351233355162638,SC.INE
2023-07-10,462.3,467.1,461.6,463.6,102747,58453813300,0.0,0.06475285991798252,SC.INE
2023-07-11,464.4,472.4,463.9,469.1,101488,58184399700,0.0,1.1863675582398647,SC.INE
2023-07-12,471.6,474.5,470.1,473.7,100787,58291476700,0.0,0.98060115114047,SC.INE
2023-07-13,472.4,483.1,470.7,479.1,97919,57133595700,0.0,1.1399620012666256,SC.INE
2023-07-16,479.9,480.4,469.5,471.0,75383,43826615500,0.0,-1.6906700062617408,SC.INE
2023-07-17,471.5,475.3,469.6,471.8,136176,78265289600,0.0,0.1698513800424628,SC.INE
2023-07-18,471.9,480.9,471.6,480.3,150647,87445379800,0.0,1.801610852055946,SC.INE
2023-07-19,483.1,488.9,478.7,480.1,170738,100505112500,0.0,-0.04164064126587208,SC.INE
2023-07-20,480.9,484.9,474.4,484.3,174451,101894685400,0.0,0.8748177463028473,SC.INE
2023-07-23,486.1,487.3,481.2,484.9,147832,87040300200,0.0,0.12389015073301923,SC.INE
2023-07-24,489.8,496.1,487.0,494.7,154301,92388173300,0.0,2.0210352650031016,SC.INE
2023-07-25,492.0,498.6,490.2,495.7,136982,82418863800,0.0,0.20214271275520446,SC.INE
2023-07-26,493.4,499.0,492.8,496.1,156777,94573138200,0.0,0.08069396812588892,SC.INE
2023-07-27,498.7,501.9,495.6,499.6,178659,108402055600,0.0,0.7055029227978293,SC.INE
2023-07-30,500.4,503.5,495.5,502.4,174470,105943633300,0.0,0.560448358686938,SC.INE
2023-07-31,505.5,511.0,504.9,509.5,136310,84168849200,0.0,1.413216560509567,SC.INE
2023-08-01,508.3,516.2,506.3,514.1,149918,92997735500,0.0,0.9028459273797917,SC.INE
2023-08-02,513.2,513.3,497.9,498.0,195465,119748155300,0.0,-3.131686442326398,SC.INE
2023-08-03,503.4,513.4,502.1,511.7,159999,98717855800,0.0,2.7510040160642513,SC.INE
2023-08-06,512.6,520.0,510.0,517.1,146580,91794730300,0.0,1.05530584326754,SC.INE
2023-08-07,514.7,516.9,510.9,511.1,121618,76032134300,0.0,-1.1603171533552503,SC.INE
2023-08-08,505.5,521.3,505.5,519.2,155098,96821380000,0.0,1.5848170612404733,SC.INE
2023-08-09,523.6,528.7,520.8,526.6,151699,96739986500,0.0,1.425269645608629,SC.INE
2023-08-10,524.6,528.5,522.3,528.2,140374,89710290600,0.0,0.30383592859855035,SC.INE
2023-08-13,532.5,554.0,529.7,540.1,211907,139357085200,0.0,2.2529344945096508,SC.INE
2023-08-14,539.5,547.5,536.2,545.2,131681,86721308600,0.0,0.9442695797074574,SC.INE
2023-08-15,539.6,543.8,536.6,538.1,103464,67890222300,0.0,-1.3022743947175397,SC.INE
2023-08-16,541.2,543.7,534.0,538.2,81869,53746388400,0.0,0.01858390633711071,SC.INE
2023-08-17,540.3,543.6,537.3,539.3,117187,75044333800,0.0,0.20438498699366647,SC.INE
2023-08-20,535.4,553.8,532.4,551.3,214602,137589926100,0.0,2.2251066196921965,SC.INE
2023-08-21,552.3,552.8,540.0,540.5,140193,90579309900,0.0,-1.959005985851614,SC.INE
2023-08-22,540.4,543.1,534.2,534.6,153434,97777836100,0.0,-1.0915818686401457,SC.INE
2023-08-23,529.5,532.5,522.2,526.2,184375,115267039900,0.0,-1.5712682379348974,SC.INE
2023-08-24,526.2,537.1,523.0,533.8,165408,103748864800,0.0,1.4443177499049664,SC.INE
2023-08-27,537.1,541.0,528.5,538.2,189665,120648744200,0.0,0.8242787560884368,SC.INE
2023-08-28,537.1,542.6,533.9,535.2,137758,87822969900,0.0,-0.5574136008918651,SC.INE
2023-08-29,538.7,545.0,532.0,544.2,147918,94236151700,0.0,1.681614349775784,SC.INE
2023-08-30,542.9,546.4,540.9,543.3,128124,82465372000,0.0,-0.1653803748622007,SC.INE
2023-08-31,548.5,553.5,543.9,552.3,133193,86407573600,0.0,1.656543346217565,SC.INE
2023-09-03,557.0,567.4,555.3,561.4,150426,100096642900,0.0,1.6476552598225558,SC.INE
2023-09-04,561.3,567.8,559.4,565.9,86878,58043890100,0.0,0.801567509796941,SC.INE
2023-09-05,565.2,588.3,564.6,579.8,164841,113490851800,0.0,2.456264357660354,SC.INE
2023-09-06,579.3,590.1,576.2,584.1,142437,98271024900,0.0,0.7416350465677901,SC.INE
2023-09-07,584.0,591.8,580.3,583.2,148294,103033102300,0.0,-0.15408320493065508,SC.INE
2023-09-10,588.8,593.8,578.8,579.6,168966,117623699800,0.0,-0.6172839506172867,SC.INE
2023-09-11,581.0,590.5,580.6,588.1,126270,87837605800,0.0,1.4665286404416777,SC.INE
2023-09-12,593.0,601.7,593.0,597.8,97029,68685457900,0.0,1.6493793572521565,SC.INE
2023-09-13,598.3,616.4,594.5,615.0,162649,116656413700,0.0,2.877216460354637,SC.INE
2023-09-14,620.7,640.1,616.8,621.3,112222,82660462900,0.0,1.02439024390244,SC.INE
2023-09-17,619.0,633.5,609.0,628.0,51228,37444195200,0.0,1.078384033478197,SC.INE
2023-09-18,629.0,631.4,617.9,623.5,138277,96885532100,0.0,-0.7165605095541427,SC.INE
2023-09-19,627.8,629.1,613.1,615.5,160745,112324877700,0.0,-1.2830793905372895,SC.INE
2023-09-20,616.4,623.4,609.5,610.6,154675,107231395700,0.0,-0.7961007311129142,SC.INE
2023-09-21,617.0,624.3,616.8,620.0,164831,114819516400,0.0,1.539469374385849,SC.INE
2023-09-24,624.1,625.2,609.9,616.9,193801,134066223500,0.0,-0.5000000000000004,SC.INE
2023-09-25,612.9,615.6,607.2,608.0,156135,107079282400,0.0,-1.4426973577565172,SC.INE
2023-09-26,610.1,631.6,608.8,625.0,147352,102336494400,0.0,2.796052631578938,SC.INE
2023-09-27,632.1,645.1,629.3,639.0,142313,101498782200,0.0,2.2399999999999975,SC.INE
2023-10-08,595.7,614.0,581.9,585.3,71343,47561503600,0.0,-8.403755868544604,SC.INE
2023-10-09,586.5,593.1,583.2,585.7,127900,84487995800,0.0,0.0683410216982816,SC.INE
2023-10-10,588.1,590.9,580.6,590.3,128909,84617632200,0.0,0.7853850093904491,SC.INE
2023-10-11,582.6,588.8,573.8,577.8,152574,99406277800,0.0,-2.1175673386413685,SC.INE
2023-10-12,586.4,588.8,574.9,585.2,149938,97938482100,0.0,1.2807199723087637,SC.INE
2023-10-15,603.6,614.3,594.2,604.5,130556,88135779200,0.0,3.2980177717019776,SC.INE
2023-10-16,608.5,608.5,595.7,600.8,98748,66693383100,0.0,-0.6120760959470672,SC.INE
2023-10-17,601.1,618.5,597.5,613.2,93053,63204614200,0.0,2.0639147802929525,SC.INE
2023-10-18,612.6,619.0,610.4,614.6,147328,100688967600,0.0,0.22831050228309113,SC.INE
2023-10-19,612.4,630.1,608.8,625.7,178372,122960524200,0.0,1.806052717214457,SC.INE
2023-10-22,628.2,629.0,613.8,616.5,172123,119144337600,0.0,-1.4703532044110679,SC.INE
2023-10-23,618.4,619.9,603.1,609.0,192011,130558359600,0.0,-1.2165450121654486,SC.INE
2023-10-24,608.3,608.4,593.5,594.8,187600,124949484100,0.0,-2.331691297208549,SC.INE
2023-10-25,598.2,609.7,590.4,601.1,234521,156461278800,0.0,1.0591795561533335,SC.INE
2023-10-26,593.3,603.2,590.5,602.5,197140,130852286900,0.0,0.2329063383796237,SC.INE
2023-10-29,601.4,607.6,594.4,600.0,229563,152968405700,0.0,-0.4149377593360981,SC.INE
2023-10-30,598.5,598.9,583.7,587.9,200197,131414052500,0.0,-2.0166666666666666,SC.INE
2023-10-31,587.0,592.7,579.4,581.4,211653,137992458800,0.0,-1.105630209219255,SC.INE
2023-11-01,589.5,591.4,576.9,583.6,195596,127360145200,0.0,0.37839697282422424,SC.INE
2023-11-02,582.6,592.3,577.0,590.6,202328,131787831300,0.0,1.199451679232344,SC.INE
2023-11-05,593.6,594.4,576.4,580.8,234050,152088409300,0.0,-1.6593294954283855,SC.INE
2023-11-06,581.8,584.5,559.3,560.2,229782,146844150800,0.0,-3.5468319559228467,SC.INE
2023-11-07,556.5,558.6,541.3,546.7,205105,125589024200,0.0,-2.4098536237058155,SC.INE
2023-11-08,539.6,544.2,529.3,534.7,238260,142493506600,0.0,-2.1949881104810665,SC.INE
2023-11-09,536.3,543.7,532.5,536.5,182139,108840822400,0.0,0.33663736674769407,SC.INE
2023-11-12,539.5,546.2,531.0,534.8,168206,100969898000,0.0,-0.31686859273066803,SC.INE
2023-11-13,538.7,546.6,536.7,543.8,121809,73314202400,0.0,1.6828721017202675,SC.INE
2023-11-14,541.3,549.5,537.6,542.4,131730,79647096900,0.0,-0.25744759102610537,SC.INE
2023-11-15,539.6,540.5,524.0,529.3,136726,80977403400,0.0,-2.415191740412981,SC.INE
2023-11-16,527.1,530.6,500.4,505.6,146098,83621901300,0.0,-4.477611940298498,SC.INE
2023-11-19,509.6,524.8,508.2,524.0,213948,123768552000,0.0,3.639240506329111,SC.INE
2023-11-20,528.3,532.6,523.6,524.7,175959,104229124500,0.0,0.13358778625955914,SC.INE
2023-11-21,525.5,532.1,522.3,528.0,212846,125528232000,0.0,0.6289308176100628,SC.INE
2023-11-22,518.0,522.2,503.0,517.1,267460,152962670700,0.0,-2.064393939393938,SC.INE
2023-11-23,517.1,522.2,511.0,521.2,185597,107335777100,0.0,0.7928833881260866,SC.INE
2023-11-26,521.0,524.8,506.9,510.4,212988,123442244000,0.0,-2.0721412125863536,SC.INE
2023-11-27,511.3,517.3,506.0,510.1,211371,121052488200,0.0,-0.05877742946707176,SC.INE
2023-11-28,513.2,521.9,509.1,516.7,197930,114299351800,0.0,1.293863948245444,SC.INE
2023-11-29,525.7,527.6,512.7,526.4,247639,144380673600,0.0,1.8772982388232773,SC.INE
2023-11-30,528.7,534.8,505.6,508.8,320463,187141501300,0.0,-3.3434650455926973,SC.INE
2023-12-03,510.8,517.5,490.5,494.1,252933,143865400200,0.0,-2.8891509433962237,SC.INE
2023-12-04,493.6,504.7,491.5,495.7,232423,129543748400,0.0,0.3238210888484083,SC.INE
2023-12-05,494.8,502.2,488.2,494.9,241029,133818059600,0.0,-0.16138793625176673,SC.INE
2023-12-06,490.6,490.7,473.0,478.2,206736,111482914600,0.0,-3.3744190745605196,SC.INE
2023-12-07,479.2,498.7,479.0,489.9,255579,139571204200,0.0,2.4466750313676178,SC.INE
2023-12-10,490.9,497.0,487.6,496.6,173966,95828558700,0.0,1.3676260461318757,SC.INE
2023-12-11,492.8,496.2,485.4,495.3,162622,89432530500,0.0,-0.2617801047120394,SC.INE
2023-12-12,489.4,489.5,464.1,465.4,181224,96696444400,0.0,-6.036745406824151,SC.INE
2023-12-13,470.7,477.2,468.4,473.0,130888,69248958100,0.0,1.6330038676407366,SC.INE
2023-12-14,479.6,488.9,479.0,485.7,74458,40345080500,0.0,2.6849894291754772,SC.INE
2023-12-17,488.3,491.1,477.7,490.6,208988,113995384600,0.0,1.0088532015647633,SC.INE
2023-12-18,491.3,501.7,490.3,493.9,192060,107340379400,0.0,0.6726457399103047,SC.INE
2023-12-19,491.4,501.3,491.3,500.3,175037,97999771200,0.0,1.2958088681919389,SC.INE
2023-12-20,504.8,508.1,497.4,502.1,212287,120388886400,0.0,0.3597841295222892,SC.INE
2023-12-21,496.8,506.0,489.7,503.5,231374,129151126700,0.0,0.2788289185421178,SC.INE
2023-12-24,503.4,506.3,480.6,492.1,240761,134756496700,0.0,-2.264150943396226,SC.INE
2023-12-25,492.1,500.1,491.0,496.7,112420,62895189900,0.0,0.9347693558219738,SC.INE
2023-12-26,499.9,512.4,499.6,510.8,185793,106288609000,0.0,2.838735655325153,SC.INE
2023-12-27,508.3,509.7,499.3,501.5,200599,113966911000,0.0,-1.8206734534064184,SC.INE
2023-12-28,496.5,496.6,481.7,482.3,213635,118046185400,0.0,-3.8285144566301055,SC.INE
2024-01-01,483.4,494.5,483.4,493.8,52295,28936168300,0.0,2.3844080447854132,SC.INE
2024-01-02,495.0,499.4,476.0,478.6,201192,110361519600,0.0,-3.0781692993114618,SC.INE
2024-01-03,483.3,498.9,480.1,497.7,189938,104915663400,0.0,3.9908065190137787,SC.INE
2024-01-04,498.3,499.2,482.9,491.2,216914,119989603000,0.0,-1.3060076351215644,SC.INE
2024-01-07,492.7,500.1,489.4,490.5,186352,104052979000,0.0,-0.14250814332247286,SC.INE
2024-01-08,482.9,483.5,474.1,479.9,195187,105137070900,0.0,-2.161060142711524,SC.INE
2024-01-09,491.3,496.1,485.6,496.0,195172,107781946400,0.0,3.354865596999379,SC.INE
2024-01-10,499.1,503.0,491.4,494.7,181825,101868982400,0.0,-0.26209677419355426,SC.INE
2024-01-11,501.4,512.3,495.9,506.5,186632,105495726700,0.0,2.3852840105114126,SC.INE
2024-01-14,513.6,514.6,492.2,493.7,194804,110092696200,0.0,-2.5271470878578506,SC.INE
2024-01-15,485.2,494.9,484.0,494.2,120611,66632178400,0.0,0.10127607859022891,SC.INE
2024-01-16,497.7,500.9,488.6,491.0,128959,71671349500,0.0,-0.6475111290975333,SC.INE
2024-01-17,485.0,494.6,483.3,493.9,101839,55916370100,0.0,0.590631364562122,SC.INE
2024-01-18,492.0,499.7,486.3,499.2,199105,111549143500,0.0,1.0730917189714528,SC.INE
2024-01-21,496.1,501.6,491.2,493.6,224449,126449985900,0.0,-1.1217948717948678,SC.INE
2024-01-22,495.6,505.4,495.4,503.3,172861,98184327200,0.0,1.965153970826572,SC.INE
2024-01-23,500.3,504.2,495.5,502.1,218987,124170177800,0.0,-0.23842638585336307,SC.INE
2024-01-24,499.8,508.5,499.3,504.6,225172,128773778500,0.0,0.4979087831109341,SC.INE
2024-01-25,506.4,521.1,505.4,518.7,206661,120461196500,0.0,2.7942925089179615,SC.INE
2024-01-28,517.9,528.5,514.5,525.8,232063,137178647500,0.0,1.3688066319645031,SC.INE
2024-01-29,524.1,524.3,516.0,516.7,210833,124187207400,0.0,-1.7306960821604989,SC.INE
2024-01-30,511.7,519.0,507.3,516.0,214978,125372634200,0.0,-0.13547513063674188,SC.INE
2024-01-31,512.2,516.0,506.7,507.5,265894,154077841800,0.0,-1.6472868217054293,SC.INE
2024-02-01,509.6,513.2,494.3,496.0,288726,165785956800,0.0,-2.266009852216744,SC.INE
2024-02-04,493.7,494.7,487.2,490.2,229565,127726154100,0.0,-1.1693548387096797,SC.INE
2024-02-05,488.7,493.9,486.1,493.2,175535,97513897600,0.0,0.6119951040391758,SC.INE
2024-02-06,495.7,498.2,491.2,495.2,141099,79292881600,0.0,0.40551500405514584,SC.INE
2024-02-07,498.0,504.9,496.7,504.6,108100,61214870600,0.0,1.8982229402261686,SC.INE
2024-02-18,519.9,526.3,519.9,524.5,16436,9771471500,0.0,3.943717796274271,SC.INE
2024-02-19,528.0,529.9,526.2,527.8,92005,55589196400,0.0,0.6291706387035134,SC.INE
2024-02-20,523.4,527.7,519.5,520.7,174911,104701438400,0.0,-1.3452065176202899,SC.INE
2024-02-21,519.5,526.2,519.0,525.5,176267,105411916800,0.0,0.921835990013431,SC.INE
2024-02-22,523.4,531.2,521.6,527.7,160646,96764146000,0.0,0.4186489058040088,SC.INE
2024-02-25,523.5,527.0,516.9,518.7,178995,106953998200,0.0,-1.7055144968732283,SC.INE
2024-02-26,517.9,526.8,517.6,526.3,120455,72042258700,0.0,1.4652014652014378,SC.INE
2024-02-27,524.5,533.1,524.2,530.5,116420,70497393300,0.0,0.7980239407182399,SC.INE
2024-02-28,528.9,536.8,528.4,529.8,160773,97939366100,0.0,-0.13195098963243446,SC.INE
2024-02-29,530.6,534.0,527.5,529.8,170151,103222453000,0.0,0.0,SC.INE
2024-03-03,537.3,547.4,534.9,541.1,173407,107056657500,0.0,2.1328803322008483,SC.INE
2024-03-04,540.3,543.4,533.1,533.4,139706,86115386900,0.0,-1.4230271668822847,SC.INE
2024-03-05,531.5,536.4,527.6,532.6,201624,122801761600,0.0,-0.14998125234344517,SC.INE
2024-03-06,534.3,541.3,534.1,536.1,146011,89712849500,0.0,0.6571535861809918,SC.INE
2024-03-07,534.1,540.2,531.7,540.1,162914,99701961600,0.0,0.7461294534601759,SC.INE
2024-03-10,533.8,538.0,528.0,531.9,187380,114521083500,0.0,-1.5182373634512247,SC.INE
2024-03-11,532.6,544.4,531.0,543.4,156148,95882151900,0.0,2.162060537695054,SC.INE
2024-03-12,540.8,545.0,540.2,543.9,133597,82932168400,0.0,0.0920132499079962,SC.INE
2024-03-13,552.1,554.5,546.9,552.4,106412,67007535700,0.0,1.5627872770729967,SC.INE
2024-03-14,556.7,573.2,554.9,563.5,133847,86446512100,0.0,2.009413468501098,SC.INE
2024-03-17,561.9,563.2,551.3,552.2,100305,63879502500,0.0,-2.0053238686778996,SC.INE
2024-03-18,551.0,556.9,547.3,554.7,40683,25681865800,0.0,0.452734516479536,SC.INE
2024-03-19,555.1,561.4,554.6,557.8,111512,71152684600,0.0,0.5588606453938993,SC.INE
2024-03-20,553.1,556.3,550.2,554.4,143521,90663676100,0.0,-0.6095374686267419,SC.INE
2024-03-21,552.4,553.4,546.0,549.2,123711,77646677800,0.0,-0.9379509379509265,SC.INE
2024-03-24,553.3,556.2,549.5,550.6,131447,82962489700,0.0,0.25491624180626893,SC.INE
2024-03-25,550.2,560.2,550.1,555.3,124269,78988703500,0.0,0.8536142390119794,SC.INE
2024-03-26,557.0,558.2,548.1,548.8,127408,80590111900,0.0,-1.1705384476859315,SC.INE
2024-03-27,549.8,558.1,549.4,555.7,119807,75775006700,0.0,1.2572886297376185,SC.INE
2024-03-28,560.4,568.3,559.7,565.1,104996,67471459200,0.0,1.6915601943494618,SC.INE
2024-03-31,564.9,566.8,561.8,565.4,51715,33347552200,0.0,0.05308794903555736,SC.INE
2024-04-01,564.6,570.5,560.8,569.3,118681,76675433300,0.0,0.6897771489211113,SC.INE
2024-04-02,573.4,578.6,569.6,578.6,121407,79555914400,0.0,1.6335851045143235,SC.INE
2024-04-07,577.8,583.4,569.3,578.4,57050,37572810200,0.0,-0.03456619426202012,SC.INE
2024-04-08,581.3,588.2,577.3,584.2,139015,92541531600,0.0,1.002766251728926,SC.INE
2024-04-09,582.3,585.4,576.1,580.0,103232,68465780400,0.0,-0.7189318726463667,SC.INE
2024-04-10,581.9,589.2,576.4,585.2,128709,85560112600,0.0,0.8965517241379395,SC.INE
2024-04-11,581.3,589.6,580.2,586.3,100655,67144725400,0.0,0.1879699248120037,SC.INE
2024-04-14,591.4,597.7,578.5,580.8,99235,66733810700,0.0,-0.9380863039399667,SC.INE
2024-04-15,579.2,587.4,574.7,584.3,64860,42962051300,0.0,0.6026170798898001,SC.INE
2024-04-16,579.8,584.9,578.3,580.1,87930,58323986100,0.0,-0.718808831079909,SC.INE
2024-04-17,576.5,578.8,562.7,563.2,143139,93127990000,0.0,-2.91329081192897,SC.INE
2024-04-18,564.2,587.9,559.8,571.4,213683,139112660000,0.0,1.455965909090895,SC.INE
2024-04-21,562.5,568.5,554.5,555.2,156938,100649216900,0.0,-2.8351417570878445,SC.INE
2024-04-22,556.5,563.7,553.7,559.2,116141,73984170800,0.0,0.7204610951008661,SC.INE
2024-04-23,554.1,571.5,552.4,570.9,119665,76798367700,0.0,2.092274678111572,SC.INE
2024-04-24,570.0,573.1,567.3,570.1,114863,74589284500,0.0,-0.14012961989839923,SC.INE
2024-04-25,568.3,574.6,563.0,572.8,119604,77443600900,0.0,0.4736011226100567,SC.INE
2024-04-28,575.1,576.9,566.7,568.0,99542,64961004100,0.0,-0.8379888268156388,SC.INE
2024-04-29,569.7,571.9,563.4,566.2,80995,52398803600,0.0,-0.31690140845069825,SC.INE
2024-05-05,540.0,543.5,535.7,543.1,39482,24326134500,0.0,-4.079830448604738,SC.INE
2024-05-06,542.1,544.3,537.2,541.7,84887,52410583500,0.0,-0.2577794144724699,SC.INE
2024-05-07,537.7,544.4,535.3,536.0,89447,55020535900,0.0,-1.0522429388960752,SC.INE
2024-05-08,535.8,542.3,534.4,540.9,78027,47976411800,0.0,0.9141791044775971,SC.INE
2024-05-09,542.5,547.8,539.7,547.6,77658,48096452300,0.0,1.2386762802736317,SC.INE
2024-05-12,546.5,546.8,533.7,539.2,77421,47752409800,0.0,-1.5339663988312546,SC.INE
2024-05-13,542.3,544.4,539.9,541.8,55329,34215929100,0.0,0.48219584569730856,SC.INE
2024-05-14,538.2,541.3,534.3,538.7,82542,50587891500,0.0,-0.5721668512365996,SC.INE
2024-05-15,534.8,539.8,526.7,538.9,77713,47237966000,0.0,0.03712641544457718,SC.INE
2024-05-16,540.1,544.0,537.4,544.0,49670,30624294100,0.0,0.9463722397476282,SC.INE
2024-05-19,545.3,550.0,540.8,549.2,94833,58640158000,0.0,0.9558823529411953,SC.INE
2024-05-20,544.3,549.8,539.5,540.1,127521,78805816700,0.0,-1.6569555717407147,SC.INE
2024-05-21,536.9,544.3,533.1,534.0,122491,74852217800,0.0,-1.1294204776893246,SC.INE
2024-05-22,533.6,538.0,526.2,531.2,120095,72610736900,0.0,-0.5243445692883819,SC.INE
2024-05-23,537.8,538.8,525.6,528.1,119974,72412866500,0.0,-0.5835843373493965,SC.INE
2024-05-26,529.3,536.1,527.8,535.0,95421,57671256700,0.0,1.3065707252414294,SC.INE
2024-05-27,537.1,540.8,536.6,538.3,68721,41979494500,0.0,0.6168224299065272,SC.INE
2024-05-28,541.8,548.7,539.8,546.4,90866,56093480500,0.0,1.5047371354263372,SC.INE
2024-05-29,546.2,548.1,538.9,539.2,91029,56156864000,0.0,-1.317715959004384,SC.INE
2024-05-30,538.7,541.1,528.4,531.5,119758,72731772300,0.0,-1.4280415430267146,SC.INE
2024-06-02,535.6,535.9,522.4,525.3,114993,68972263700,0.0,-1.1665098777046135,SC.INE
2024-06-03,525.1,525.9,503.5,504.3,146495,85155169800,0.0,-3.9977155910908,SC.INE
2024-06-04,502.8,505.5,499.5,502.8,108397,61796008400,0.0,-0.2974419988102328,SC.INE
2024-06-05,506.5,510.8,501.4,508.7,100383,57624513000,0.0,1.1734287987271275,SC.INE
2024-06-06,506.8,518.2,506.5,514.8,90439,52639318900,0.0,1.1991350501277642,SC.INE
2024-06-10,528.0,528.1,524.7,526.9,31686,18929736900,0.0,2.3504273504273643,SC.INE
2024-06-11,527.1,534.7,525.4,533.7,78555,47224780700,0.0,1.2905674701081837,SC.INE
2024-06-12,538.2,538.8,530.7,533.0,82978,50287794400,0.0,-0.13115982761852107,SC.INE
2024-06-13,533.3,538.4,530.5,531.5,78949,47887197200,0.0,-0.2814258911819856,SC.INE
2024-06-16,537.8,538.7,529.5,530.8,70459,42690154100,0.0,-0.13170272812794703,SC.INE
2024-06-17,534.4,544.8,533.2,540.9,34099,20852960800,0.0,1.9027882441597699,SC.INE
2024-06-18,541.8,550.0,541.6,546.9,86119,52866797500,0.0,1.1092623405435376,SC.INE
2024-06-19,550.9,552.3,547.2,549.7,77047,47593206300,0.0,0.5119765953556454,SC.INE
2024-06-20,552.4,554.7,549.5,549.5,89968,55850579400,0.0,-0.03638348189922702,SC.INE
2024-06-23,550.8,555.3,545.7,549.3,105365,65206709100,0.0,-0.03639672429481822,SC.INE
2024-06-24,548.9,556.2,546.8,553.5,84975,52761129100,0.0,0.7646095030038325,SC.INE
2024-06-25,551.8,555.0,547.6,551.9,80913,50160655200,0.0,-0.2890695573622426,SC.INE
2024-06-26,550.7,554.6,546.4,550.1,122467,75676494500,0.0,-0.32614604094943767,SC.INE
2024-06-27,554.9,559.3,552.1,559.0,107859,67398893200,0.0,1.6178876567896738,SC.INE
2024-06-30,557.7,558.2,551.0,557.7,92905,57887212100,0.0,-0.23255813953487747,SC.INE
2024-07-01,557.1,564.7,554.7,564.1,90920,57212267000,0.0,1.147570378339613,SC.INE
2024-07-02,567.8,568.5,561.5,566.1,88173,55976881800,0.0,0.3545470661230343,SC.INE
2024-07-03,565.2,569.1,560.2,563.4,95820,60733164300,0.0,-0.4769475357710773,SC.INE
2024-07-04,564.1,568.6,563.8,565.4,70928,45157394300,0.0,0.3549875754348619,SC.INE
2024-07-07,566.9,570.4,558.5,558.7,88727,56384447900,0.0,-1.185001768659344,SC.INE
2024-07-08,559.2,560.2,555.6,557.1,64828,40662834400,0.0,-0.28637909432611686,SC.INE
2024-07-09,555.5,557.6,545.2,546.7,94035,58424505400,0.0,-1.8668102674564646,SC.INE
2024-07-10,548.2,558.5,546.7,556.3,87968,54651703200,0.0,1.7559904883848398,SC.INE
2024-07-11,554.0,555.3,548.5,554.5,76770,47613365700,0.0,-0.32356642099585775,SC.INE
2024-07-14,554.9,555.5,546.0,550.7,75013,46523159800,0.0,-0.6853020739404747,SC.INE
2024-07-15,551.5,552.1,544.0,545.2,60382,37219283100,0.0,-0.9987288905029978,SC.INE
2024-07-16,539.1,544.2,537.6,539.6,53386,32456579600,0.0,-1.0271460014673606,SC.INE
2024-07-17,543.5,550.8,542.4,550.3,86366,53044207800,0.0,1.9829503335804244,SC.INE
2024-07-18,544.9,548.0,541.8,543.7,98355,60235268700,0.0,-1.1993458113755961,SC.INE
2024-07-21,546.1,546.5,528.8,531.4,133262,80510200400,0.0,-2.2622769909876883,SC.INE
2024-07-22,526.5,531.3,525.1,527.6,81899,48636577300,0.0,-0.7150922092585499,SC.INE
2024-07-23,523.6,527.2,519.0,523.7,108787,63956466100,0.0,-0.7391963608794461,SC.INE
2024-07-24,525.9,527.2,518.8,520.8,111033,65357979600,0.0,-0.5537521481764562,SC.INE
2024-07-25,517.7,528.9,514.3,527.4,123766,72561845900,0.0,1.2672811059907918,SC.INE
2024-07-28,523.7,525.3,515.5,521.9,133504,78127223000,0.0,-1.0428517254455816,SC.INE
2024-07-29,520.4,523.6,510.2,510.5,111448,64609252800,0.0,-2.18432649932937,SC.INE
2024-07-30,508.8,517.0,506.7,516.3,112492,64539288800,0.0,1.1361410381978354,SC.INE
2024-07-31,521.3,528.4,516.7,527.6,108019,63365156000,0.0,2.188650009684312,SC.INE
2024-08-01,528.1,528.9,515.2,517.4,108712,63736548100,0.0,-1.9332827899924299,SC.INE
2024-08-04,505.1,506.8,482.8,486.5,174325,97216307200,0.0,-5.972168534982602,SC.INE
2024-08-05,484.1,496.0,481.3,487.5,129897,71251242700,0.0,0.20554984583760483,SC.INE
2024-08-06,481.1,489.9,480.6,484.8,128207,69996227200,0.0,-0.5538461538461492,SC.INE
2024-08-07,493.7,497.8,490.1,491.4,116534,64729062800,0.0,1.3613861386138515,SC.INE
2024-08-08,495.2,502.5,493.3,499.4,90875,50830149700,0.0,1.6280016280016296,SC.INE
2024-08-11,500.4,505.8,496.9,505.3,78804,44346951800,0.0,1.181417701241494,SC.INE
2024-08-12,507.8,519.5,506.2,515.7,80747,46501874000,0.0,2.0581832574708248,SC.INE
2024-08-13,515.0,521.1,507.9,510.9,105446,60678062200,0.0,-0.9307737056428289,SC.INE
2024-08-14,510.9,512.1,502.6,505.2,80170,45652857200,0.0,-1.1156782149148503,SC.INE
2024-08-15,507.0,514.2,507.0,508.6,54687,31430761300,0.0,0.6730007917656433,SC.INE
2024-08-18,501.1,505.2,495.8,498.3,54949,30960617600,0.0,-2.0251671254423953,SC.INE
2024-08-19,499.3,502.2,485.4,487.8,127192,70487887500,0.0,-2.1071643588199906,SC.INE
2024-08-20,489.6,494.0,483.5,487.5,130727,71758481500,0.0,-0.06150061500614923,SC.INE
2024-08-21,488.4,491.9,476.1,479.0,145605,79149642600,0.0,-1.7435897435897463,SC.INE
2024-08-22,482.3,487.5,480.2,485.7,112487,61171812100,0.0,1.3987473903966485,SC.INE
2024-08-25,491.1,501.3,490.0,501.2,103094,57195615400,0.0,3.191270331480345,SC.INE
2024-08-26,508.5,509.6,504.2,508.0,87464,49778898600,0.0,1.3567438148443856,SC.INE
2024-08-27,504.6,505.5,496.7,498.1,97408,54756282200,0.0,-1.948818897637794,SC.INE
2024-08-28,494.4,496.0,489.5,490.0,114225,63200832800,0.0,-1.62617948203172,SC.INE
2024-08-29,493.4,500.1,492.5,497.8,128584,71691015600,0.0,1.5918367346938744,SC.INE
2024-09-01,495.9,495.9,479.7,481.5,137897,75050113900,0.0,-3.2744073925271233,SC.INE
2024-09-02,484.3,491.6,483.8,490.0,88903,48671438600,0.0,1.7653167185877505,SC.INE
2024-09-03,479.2,479.4,463.8,465.6,130666,69052533000,0.0,-4.979591836734687,SC.INE
2024-09-04,468.5,470.9,462.1,464.4,128722,67352397700,0.0,-0.2577319587628968,SC.INE
2024-09-05,466.3,470.6,459.4,465.0,144467,75396773100,0.0,0.12919896640828377,SC.INE
2024-09-08,463.2,466.8,447.6,456.6,172002,88074965500,0.0,-1.806451612903226,SC.INE
2024-09-09,454.6,460.1,449.2,454.4,130377,66494529400,0.0,-0.48182216381954523,SC.INE
2024-09-10,455.0,457.4,438.4,448.1,163916,82031602800,0.0,-1.3864436619718257,SC.INE
2024-09-11,449.7,457.0,440.0,456.5,145558,73205050200,0.0,1.874581566614597,SC.INE
2024-09-12,455.3,462.1,451.7,457.0,96946,49774560300,0.0,0.10952902519167917,SC.INE
2024-09-17,466.3,466.3,457.1,457.4,17337,8958522900,0.0,0.08752735229757835,SC.INE
2024-09-18,457.8,463.6,453.7,463.6,150589,77804512400,0.0,1.3554875382597364,SC.INE
2024-09-19,466.6,467.8,461.5,463.9,129530,67916996900,0.0,0.06471095772215829,SC.INE
2024-09-22,462.0,467.7,459.6,465.7,126691,66221918200,0.0,0.3880146583315369,SC.INE
2024-09-23,464.4,469.5,457.1,467.7,172409,90162524400,0.0,0.42946102641185924,SC.INE
2024-09-24,469.6,475.7,467.2,475.1,157725,83771823300,0.0,1.5822108189010198,SC.INE
2024-09-25,470.8,480.0,457.6,464.0,225797,120126041100,0.0,-2.336350242054308,SC.INE
2024-09-26,463.8,470.5,456.9,465.1,170635,88882239000,0.0,0.23706896551725087,SC.INE
2024-09-29,462.8,482.5,459.8,482.0,152215,80286928200,0.0,3.633627176951193,SC.INE
2024-10-07,514.5,514.5,514.5,514.5,2339,1356853900,0.0,6.7427385892116165,SC.INE
2024-10-08,522.4,522.4,494.4,498.4,140540,79686521700,0.0,-3.12925170068028,SC.INE
2024-10-09,494.3,496.4,484.6,493.7,143657,79485363400,0.0,-0.9430176565007997,SC.INE
2024-10-10,498.3,512.5,495.2,505.9,142458,81012384500,0.0,2.4711363176017853,SC.INE
2024-10-13,506.4,521.0,500.5,502.4,155591,89495387400,0.0,-0.6918363312907738,SC.INE
2024-10-14,498.0,506.8,479.0,484.7,129519,72637613400,0.0,-3.523089171974525,SC.INE
2024-10-15,482.5,483.8,474.8,476.2,106089,57239706000,0.0,-1.7536620590055674,SC.INE
2024-10-16,477.5,480.5,472.7,473.6,74335,39958457700,0.0,-0.5459890802183898,SC.INE
2024-10-17,476.3,479.9,469.9,479.3,126870,67791133800,0.0,1.2035472972973027,SC.INE
2024-10-20,475.0,475.7,466.1,470.8,163214,86093811700,0.0,-1.773419570206547,SC.INE
2024-10-21,475.3,479.3,473.0,475.2,129231,68944812400,0.0,0.9345794392523255,SC.INE
2024-10-22,480.1,489.5,478.4,485.8,148979,80928943200,0.0,2.2306397306397274,SC.INE
2024-10-23,481.6,487.8,479.6,484.8,136098,73757022000,0.0,-0.20584602717167444,SC.INE
2024-10-24,482.5,485.5,474.5,479.3,121572,65303799400,0.0,-1.1344884488448836,SC.INE
2024-10-27,483.2,488.7,464.3,467.2,162206,87023787400,0.0,-2.52451491758815,SC.INE
2024-10-28,458.4,463.0,456.4,456.7,118139,60965627800,0.0,-2.247431506849318,SC.INE
2024-10-29,461.6,462.2,455.4,460.7,125847,64732722700,0.0,0.8758484782132703,SC.INE
2024-10-30,464.0,467.7,460.7,467.0,118384,61589934700,0.0,1.3674842630779338,SC.INE
2024-10-31,468.1,477.3,465.6,475.0,120247,63422210400,0.0,1.7130620985010614,SC.INE
2024-11-03,477.1,478.0,469.3,474.4,108126,57378380200,0.0,-0.1263157894736855,SC.INE
2024-11-04,478.0,480.6,474.9,478.0,102451,54883141800,0.0,0.7588532883642474,SC.INE
2024-11-05,481.4,484.1,470.0,475.1,112098,60258277900,0.0,-0.6066945606694518,SC.INE
2024-11-06,473.0,487.9,469.4,484.0,157516,84822736300,0.0,1.873289833719216,SC.INE
2024-11-07,478.0,484.3,475.8,479.9,135286,72799970700,0.0,-0.8471074380165367,SC.INE
2024-11-10,476.2,480.4,471.4,475.6,117888,62827760700,0.0,-0.8960200041675304,SC.INE
2024-11-11,465.7,468.2,463.2,465.1,92389,48225413100,0.0,-2.2077375946173206,SC.INE
2024-11-12,467.9,471.6,466.4,468.4,95803,50377060400,0.0,0.7095248333691684,SC.INE
2024-11-13,469.1,470.5,460.4,466.9,105385,55069818200,0.0,-0.32023911187020193,SC.INE
2024-11-14,471.4,475.4,463.5,464.0,78960,41709783700,0.0,-0.6211180124223503,SC.INE
2024-11-17,468.2,469.4,459.3,462.5,64644,33706048500,0.0,-0.3232758620689613,SC.INE
2024-11-18,463.1,476.3,461.5,475.2,129119,67544724500,0.0,2.745945945945949,SC.INE
2024-11-19,473.1,477.6,470.7,475.2,133528,70475179300,0.0,0.0,SC.INE
2024-11-20,478.3,479.6,473.5,475.2,115604,61287747800,0.0,0.0,SC.INE
2024-11-21,480.6,486.3,478.5,483.6,133254,71377630300,0.0,1.7676767676767735,SC.INE
2024-11-24,481.5,490.8,478.1,484.6,130868,70532703800,0.0,0.20678246484697738,SC.INE
2024-11-25,486.6,487.1,472.6,475.5,147926,78736503000,0.0,-1.8778373916632285,SC.INE
2024-11-26,476.5,483.1,471.2,476.5,142804,75808492700,0.0,0.2103049421661396,SC.INE
2024-11-27,478.8,478.8,470.9,473.5,118816,62735403600,0.0,-0.6295907660020972,SC.INE
2024-11-28,476.1,477.5,472.8,476.8,90219,47692856000,0.0,0.6969376979936603,SC.INE
2024-12-01,478.1,480.6,470.7,477.3,123475,65462028500,0.0,0.10486577181207934,SC.INE
2024-12-02,479.1,480.1,473.0,477.4,107890,57208886600,0.0,0.020951183741879653,SC.INE
2024-12-03,482.4,486.6,479.2,485.9,101181,54372787800,0.0,1.7804775869292078,SC.INE
2024-12-04,484.6,487.5,475.1,476.0,107830,57844914900,0.0,-2.037456266721538,SC.INE
2024-12-05,476.7,478.7,471.8,472.9,90193,47725689700,0.0,-0.6512605042016895,SC.INE
2024-12-08,469.3,473.3,466.2,473.3,90737,47303370300,0.0,0.0845844787481509,SC.INE
2024-12-09,475.5,478.5,471.9,473.5,76884,40717574900,0.0,0.042256496936410315,SC.INE
2024-12-10,474.0,479.4,473.6,479.1,66346,35161050200,0.0,1.1826821541710775,SC.INE
2024-12-11,481.1,489.9,479.2,488.1,80395,43200393400,0.0,1.8785222291797021,SC.INE
2024-12-12,488.6,491.6,482.4,490.8,93245,50524605500,0.0,0.5531653349723387,SC.INE
2024-12-15,491.8,497.0,489.2,494.1,62333,34161408800,0.0,0.6723716381418221,SC.INE
2024-12-16,492.1,495.0,491.3,494.2,34624,18992201900,0.0,0.02023881805301997,SC.INE
2024-12-17,488.5,490.4,484.8,488.0,91873,49649407100,0.0,-1.2545528126264638,SC.INE
2024-12-18,491.7,495.4,487.4,490.4,95719,52143052100,0.0,0.4918032786885185,SC.INE
2024-12-19,490.4,493.5,483.9,485.1,107963,58464174400,0.0,-1.0807504078303332,SC.INE
2024-12-22,485.9,490.5,481.6,489.4,103426,55646906300,0.0,0.88641517212944,SC.INE
2024-12-23,485.7,489.6,483.2,487.9,83612,45036765200,0.0,-0.30649775234982135,SC.INE
2024-12-24,489.3,496.0,488.4,494.1,80975,44149027000,0.0,1.2707522033203578,SC.INE
2024-12-25,495.2,495.4,492.5,493.4,38191,20888202600,0.0,-0.1416717263711842,SC.INE
2024-12-26,495.2,497.8,490.3,491.7,99660,54627108000,0.0,-0.3445480340494522,SC.INE
2024-12-29,495.6,498.5,493.9,496.2,95854,52662451500,0.0,0.9151921903599813,SC.INE
2024-12-30,497.4,507.3,496.9,505.3,107322,59582867900,0.0,1.8339379282547474,SC.INE
2025-01-01,508.1,511.4,504.8,506.0,32064,18037169500,0.0,0.13853156540668543,SC.INE
2025-01-02,511.2,518.3,510.1,516.3,96634,55144590800,0.0,2.0355731225296436,SC.INE
2025-01-05,516.6,525.6,515.1,520.7,89295,51506771000,0.0,0.8522177028859268,SC.INE
2025-01-06,524.4,527.9,519.3,524.0,112057,64995857300,0.0,0.6337622431342282,SC.INE
2025-01-07,527.4,536.8,526.1,531.6,107786,63303858900,0.0,1.450381679389312,SC.INE
2025-01-08,532.0,533.0,519.9,523.9,105140,61441715200,0.0,-1.4484574868322109,SC.INE
2025-01-09,524.9,532.0,524.3,530.9,71720,41990021100,0.0,1.3361328497804914,SC.INE
2025-01-12,542.9,565.2,540.9,565.2,120295,73103221900,0.0,6.460727067244321,SC.INE
2025-01-13,567.8,568.3,555.4,559.0,74907,46465122800,0.0,-1.0969568294409093,SC.INE
2025-01-14,560.5,576.3,558.6,575.0,172493,107050635700,0.0,2.8622540250447193,SC.INE
2025-01-15,574.8,586.8,572.9,581.6,194801,123216064100,0.0,1.147826086956516,SC.INE
2025-01-16,576.2,582.3,572.1,579.7,180274,113355127600,0.0,-0.3266850068775806,SC.INE
2025-01-19,576.7,578.2,568.6,570.7,168015,105064437800,0.0,-1.5525271692254594,SC.INE
2025-01-20,573.5,575.7,563.8,569.5,175373,108582034100,0.0,-0.2102680918170785,SC.INE
2025-01-21,564.0,570.7,561.8,567.3,136363,84117895600,0.0,-0.38630377524144777,SC.INE
2025-01-22,569.3,571.5,557.0,558.8,151903,93737688600,0.0,-1.4983254010223823,SC.INE
2025-01-23,563.3,566.5,553.2,555.6,141388,86327925800,0.0,-0.5726556907659108,SC.INE
2025-01-26,558.3,559.4,547.3,552.7,115726,69753942400,0.0,-0.5219582433405257,SC.INE
2025-02-04,548.6,556.6,543.7,555.6,49873,29965093700,0.0,0.5246969422833425,SC.INE
2025-02-05,550.1,551.9,545.5,549.7,90020,53850186400,0.0,-1.0619150467962468,SC.INE
2025-02-06,550.1,554.2,544.7,554.0,117962,70732866500,0.0,0.7822448608331811,SC.INE
2025-02-09,553.7,563.5,550.3,556.9,112036,67838796400,0.0,0.5234657039711044,SC.INE
2025-02-10,559.4,570.2,558.7,568.7,83585,51489896000,0.0,2.1188723289639277,SC.INE
2025-02-11,573.5,573.8,566.9,569.6,71459,44373526700,0.0,0.15825567082821124,SC.INE
2025-02-12,566.9,567.3,543.5,544.1,100093,60779133100,0.0,-4.4768258426966305,SC.INE
2025-02-13,542.3,547.9,541.7,546.6,55638,33026521900,0.0,0.45947436133064734,SC.INE
2025-02-16,549.2,559.1,547.7,550.4,72422,43644687400,0.0,0.6952067325283418,SC.INE
2025-02-17,549.3,562.0,547.4,558.8,21455,12993052300,0.0,1.5261627906976605,SC.INE
2025-02-18,556.9,563.0,555.3,562.4,98503,55390246700,0.0,0.6442376521116788,SC.INE
2025-02-19,563.4,568.5,558.9,561.0,92646,52568084700,0.0,-0.24893314366998265,SC.INE
2025-02-20,563.8,565.3,556.8,559.0,83665,47256953300,0.0,-0.35650623885917776,SC.INE
2025-02-23,556.6,558.5,540.4,543.0,113085,62482967000,0.0,-2.8622540250447193,SC.INE
2025-02-24,543.1,549.6,541.7,548.7,83153,45601146100,0.0,1.0497237569060847,SC.INE
2025-02-25,542.1,544.5,532.4,536.2,113105,61135677100,0.0,-2.278111900856572,SC.INE
2025-02-26,534.0,536.7,530.7,534.3,105024,56361465700,0.0,-0.3543453935099028,SC.INE
2025-02-27,537.9,544.0,535.7,537.1,100897,54738338600,0.0,0.5240501590866753,SC.INE
2025-03-02,534.5,542.2,532.3,535.7,98027,52861268900,0.0,-0.2606590951405696,SC.INE
2025-03-03,537.5,538.1,516.5,518.5,122631,65180013600,0.0,-3.2107522867276583,SC.INE
2025-03-04,511.7,516.6,510.0,515.7,121189,62585920000,0.0,-0.5400192864030817,SC.INE
2025-03-05,510.2,512.2,499.6,506.9,141239,71854750200,0.0,-1.7064184603451715,SC.INE
2025-03-06,507.2,510.1,504.9,509.7,109623,55944797400,0.0,0.5523771947129719,SC.INE
2025-03-09,516.2,522.7,513.2,518.0,126235,65669677800,0.0,1.6284088679615394,SC.INE
2025-03-10,522.0,522.6,504.7,513.7,101097,52169439200,0.0,-0.8301158301158185,SC.INE
2025-03-11,517.2,517.9,511.4,512.3,93358,48296319000,0.0,-0.272532606579734,SC.INE
2025-03-12,518.2,524.2,516.6,520.2,87536,45804030000,0.0,1.542065196174125,SC.INE
2025-03-13,519.0,519.3,512.5,519.0,78165,40602386900,0.0,-0.23068050749712743,SC.INE
2025-03-16,518.3,528.6,513.0,522.8,58629,30566062800,0.0,0.7321772639691693,SC.INE
2025-03-17,524.4,526.1,519.7,525.6,80382,42078654000,0.0,0.5355776587605332,SC.INE
2025-03-18,528.0,528.2,514.4,515.6,112886,58864188200,0.0,-1.9025875190258779,SC.INE
2025-03-19,517.5,526.7,517.2,526.5,114895,59981547800,0.0,2.114041892940266,SC.INE
2025-03-20,524.2,536.8,522.0,533.9,143923,76466432600,0.0,1.4055080721747437,SC.INE
2025-03-23,532.6,536.1,529.7,533.8,105476,56252396700,0.0,-0.018730099269526068,SC.INE
2025-03-24,534.4,539.5,532.8,537.7,104318,56052534500,0.0,0.7306107156238362,SC.INE
2025-03-25,540.9,542.0,534.5,541.2,104965,56618690100,0.0,0.6509205876882973,SC.INE
2025-03-26,543.1,545.2,540.1,540.1,100860,54809934700,0.0,-0.20325203252032908,SC.INE
2025-03-27,541.9,544.3,536.9,541.6,110554,59889682800,0.0,0.2777263469727842,SC.INE
2025-03-30,543.3,543.4,532.0,536.9,124692,67018374600,0.0,-0.8677991137370888,SC.INE
2025-03-31,539.6,556.0,538.2,555.4,118614,65126722200,0.0,3.4457068355373544,SC.INE
2025-04-01,554.7,557.8,550.6,551.5,93023,51575225100,0.0,-0.7021966150522085,SC.INE
2025-04-02,549.8,555.7,540.3,541.3,117387,64403025500,0.0,-1.8495013599274746,SC.INE
2025-04-06,509.5,509.5,509.5,509.5,772,393797200,0.0,-5.874745981895424,SC.INE
2025-04-07,486.1,493.7,472.6,478.0,246401,118694447000,0.0,-6.182531894013743,SC.INE
2025-04-08,476.6,482.0,447.4,457.6,217278,101688036300,0.0,-4.267782426778233,SC.INE
2025-04-09,443.5,489.4,443.2,479.4,330938,153060302200,0.0,4.763986013985999,SC.INE
2025-04-10,466.4,474.2,458.6,472.2,216713,100666316100,0.0,-1.5018773466833557,SC.INE
2025-04-13,467.7,476.3,462.9,473.3,151168,70863768800,0.0,0.23295213892418065,SC.INE
2025-04-14,478.9,479.1,468.5,476.4,90401,42882955000,0.0,0.6549757025142489,SC.INE
2025-04-15,472.4,477.8,465.2,468.9,63730,30196427500,0.0,-1.5743073047858935,SC.INE
2025-04-16,478.0,489.6,475.7,484.5,149939,71835211700,0.0,3.3269353806781865,SC.INE
2025-04-17,488.8,498.6,485.9,492.5,165162,81032116800,0.0,1.6511867905056654,SC.INE
2025-04-20,491.7,495.5,486.3,491.0,89503,43818690300,0.0,-0.3045685279187804,SC.INE
2025-04-21,488.1,496.7,483.9,495.8,159937,77982395000,0.0,0.9775967413441888,SC.INE
2025-04-22,496.8,507.9,494.2,505.7,161586,80568314600,0.0,1.9967728922952732,SC.INE
2025-04-23,497.8,500.4,486.1,495.2,200840,98523148900,0.0,-2.0763298398259855,SC.INE
2025-04-24,495.4,500.0,491.2,497.9,150921,74551436100,0.0,0.5452342487883621,SC.INE
2025-04-27,490.8,502.7,488.5,499.9,166600,82348676900,0.0,0.40168708576018286,SC.INE
2025-04-28,497.5,497.8,482.1,485.4,137568,67156238200,0.0,-2.9005801160232103,SC.INE
2025-04-29,481.9,483.5,470.7,472.9,128314,61142868900,0.0,-2.5751957148743343,SC.INE
2025-05-05,457.0,462.2,456.7,460.6,59247,27126759800,0.0,-2.60097272150559,SC.INE
2025-05-06,462.7,471.2,462.2,469.9,106678,49729970100,0.0,2.0191055145462267,SC.INE
2025-05-07,465.8,466.8,459.1,462.7,113932,52616377500,0.0,-1.532240902319637,SC.INE
2025-05-08,467.1,474.8,465.0,474.2,100159,46930310600,0.0,2.485411713853458,SC.INE
2025-05-11,476.8,484.6,471.6,484.1,95840,45467905500,0.0,2.0877266975959596,SC.INE
2025-05-12,491.1,491.7,478.9,481.3,77046,37201396900,0.0,-0.5783928940301664,SC.INE
2025-05-13,485.5,494.3,483.2,488.4,92522,45109751300,0.0,1.4751714107625213,SC.INE
2025-05-14,487.7,489.5,464.7,464.9,81962,39219602900,0.0,-4.811629811629814,SC.INE
2025-05-15,466.8,470.8,457.5,457.9,58686,27161279200,0.0,-1.5057001505700107,SC.INE
2025-05-18,461.4,466.2,459.2,464.5,111464,51432367400,0.0,1.4413627429569864,SC.INE
2025-05-19,466.3,469.7,463.1,467.1,129178,60019207700,0.0,0.5597416576964553,SC.INE
2025-05-20,466.3,477.4,463.8,471.8,155010,72584982900,0.0,1.0062085206593796,SC.INE
2025-05-21,471.8,472.2,454.0,455.4,161053,74496910000,0.0,-3.4760491733785592,SC.INE
2025-05-22,455.7,458.6,454.0,454.5,126299,57431481800,0.0,-0.19762845849802257,SC.INE
2025-05-25,453.4,461.8,451.2,461.4,156979,71648197000,0.0,1.518151815181512,SC.INE
2025-05-26,460.2,462.0,456.1,460.0,111919,51200392300,0.0,-0.30342436064152434,SC.INE
2025-05-27,457.7,459.1,451.1,454.7,136370,61866197100,0.0,-1.152173913043486,SC.INE
2025-05-28,459.3,469.8,458.3,468.8,180346,83264955700,0.0,3.1009456784693246,SC.INE
2025-05-29,461.2,461.6,449.2,449.6,161097,72926159400,0.0,-4.095563139931735,SC.INE
2025-06-02,464.5,470.4,463.0,464.2,64117,29818179300,0.0,3.247330960854078,SC.INE
2025-06-03,467.7,472.4,465.5,469.9,109921,51400109700,0.0,1.2279190004308438,SC.INE
2025-06-04,468.4,471.5,462.2,465.4,134999,62739521000,0.0,-0.9576505639497745,SC.INE
2025-06-05,469.7,471.9,466.4,467.8,109200,51098252900,0.0,0.5156854318865589,SC.INE
2025-06-08,470.5,478.6,469.4,476.1,120628,57159218300,0.0,1.7742625053441596,SC.INE
2025-06-09,480.0,484.2,476.6,481.6,92429,44269323200,0.0,1.1552194917034297,SC.INE
2025-06-10,482.9,486.8,478.7,479.9,101107,48653592200,0.0,-0.3529900332225999,SC.INE
2025-06-11,488.4,502.6,486.5,497.5,143726,70591350100,0.0,3.667430714732234,SC.INE
2025-06-12,494.7,537.2,492.6,531.9,165385,84967927700,0.0,6.9145728643216,SC.INE
2025-06-15,541.4,555.7,534.5,543.6,228321,123516248400,0.0,2.1996615905245376,SC.INE
2025-06-16,531.7,536.9,516.9,531.8,174918,91996254000,0.0,-2.1707137601177484,SC.INE
2025-06-17,540.4,563.6,537.1,559.9,315667,172093184200,0.0,5.2839413313275685,SC.INE
2025-06-18,561.8,578.5,553.2,578.4,479375,267972950600,0.0,3.3041614574031097,SC.INE
2025-06-19,578.4,590.5,567.9,574.0,455538,260974083600,0.0,-0.7607192254495132,SC.INE
2025-06-22,570.2,596.3,565.1,582.0,422722,240922889200,0.0,1.3937282229965264,SC.INE
2025-06-23,574.3,579.6,525.4,525.4,526467,291465665900,0.0,-9.72508591065292,SC.INE
2025-06-24,519.7,523.6,506.7,515.3,303969,154635023000,0.0,-1.9223448800913645,SC.INE
2025-06-25,513.3,518.3,505.1,509.5,283709,143392392300,0.0,-1.125557927420906,SC.INE
2025-06-26,507.6,513.1,503.0,505.0,210680,105808216900,0.0,-0.8832188420019649,SC.INE
2025-06-29,505.1,509.0,494.6,503.2,238748,118465411300,0.0,-0.35643564356435675,SC.INE
2025-06-30,504.5,506.7,499.2,505.9,141647,70400863000,0.0,0.5365659777424536,SC.INE
2025-07-01,509.7,510.4,502.1,504.7,137513,68557782700,0.0,-0.23720102787111452,SC.INE
2025-07-02,508.2,516.1,505.5,512.9,179412,90385665500,0.0,1.624727560927286,SC.INE
2025-07-03,515.0,515.9,509.0,510.1,135161,68450179000,0.0,-0.5459153831156027,SC.INE
2025-07-06,508.2,512.2,500.1,508.9,133489,66925199300,0.0,-0.23524799059009283,SC.INE
2025-07-07,512.1,520.5,512.0,517.4,151790,77410690400,0.0,1.670269208095898,SC.INE
2025-07-08,519.7,527.8,518.4,526.5,128915,66492745500,0.0,1.7587939698492594,SC.INE
2025-07-09,526.5,530.5,524.4,529.3,113995,59319430500,0.0,0.5318138651471793,SC.INE
2025-07-10,525.8,526.5,517.8,520.6,129191,66425240200,0.0,-1.6436803325146299,SC.INE
2025-07-13,522.2,535.0,522.0,534.4,118839,62160925100,0.0,2.6507875528236635,SC.INE
2025-07-14,536.9,537.1,523.5,525.0,124246,64890643700,0.0,-1.758982035928136,SC.INE
2025-07-15,527.0,527.7,520.8,524.2,86719,44854302300,0.0,-0.1523809523809483,SC.INE
2025-07-16,519.7,527.3,515.8,523.6,86327,44340002300,0.0,-0.11446012972148312,SC.INE
2025-07-17,524.7,556.6,523.4,539.0,55711,29169667100,0.0,2.941176470588225,SC.INE
2025-07-20,540.9,543.8,534.3,535.3,150393,77500483800,0.0,-0.6864564007421192,SC.INE
2025-07-21,534.6,535.1,524.1,526.9,143753,72830268600,0.0,-1.5692135251260897,SC.INE
2025-07-22,525.8,532.0,523.7,526.3,128828,64920797100,0.0,-0.11387360030367111,SC.INE
2025-07-23,524.5,533.9,522.5,531.8,123664,62366159300,0.0,1.0450313509405174,SC.INE
2025-07-24,531.9,536.1,525.7,535.9,152592,77613599000,0.0,0.7709665287702228,SC.INE
2025-07-27,536.5,536.8,523.5,528.6,117652,59475778300,0.0,-1.362194439261044,SC.INE
2025-07-28,533.2,540.7,532.7,538.1,126393,65065536400,0.0,1.7972001513431701,SC.INE
2025-07-29,541.4,554.5,540.8,552.3,136660,71586748300,0.0,2.6389146998698987,SC.INE
2025-07-30,553.5,560.0,553.0,555.2,107487,57188076300,0.0,0.5250769509324904,SC.INE
2025-07-31,553.4,556.5,548.1,551.6,119348,63031371900,0.0,-0.6484149855907839,SC.INE
2025-08-03,551.3,551.4,532.6,537.4,145838,75374818000,0.0,-2.5743292240754223,SC.INE
2025-08-04,525.3,536.2,524.8,531.6,107222,54596137200,0.0,-1.0792705619650067,SC.INE
2025-08-05,527.2,529.0,523.5,528.6,110667,55808319000,0.0,-0.5643340857787837,SC.INE
2025-08-06,531.2,533.8,519.8,523.5,147562,74428347400,0.0,-0.9648127128263351,SC.INE
2025-08-07,523.0,523.5,510.5,511.8,97506,48411424900,0.0,-2.2349570200573043,SC.INE
2025-08-10,516.7,519.8,510.0,511.4,135691,66835785400,0.0,-0.07815552950372062,SC.INE
2025-08-11,517.6,518.9,514.4,517.4,80626,39859888800,0.0,1.1732499022291787,SC.INE
2025-08-12,513.8,515.8,508.6,511.5,77476,38004827600,0.0,-1.1403169694626958,SC.INE
2025-08-13,512.2,512.5,501.6,503.5,77681,37567924200,0.0,-1.564027370478982,SC.INE
2025-08-14,504.3,511.4,504.3,508.1,54720,26650475200,0.0,0.91360476663358,SC.INE
2025-08-17,506.4,508.2,500.2,506.5,110520,53628986700,0.0,-0.3148986419996058,SC.INE
2025-08-18,507.9,510.5,500.6,504.1,117329,56917869400,0.0,-0.4738400789733421,SC.INE
2025-08-19,502.0,504.6,498.7,502.6,114618,55257048400,0.0,-0.2975600079349383,SC.INE
2025-08-20,503.8,511.2,503.0,511.1,116216,56563438400,0.0,1.6912057302029382,SC.INE
2025-08-21,508.8,514.9,507.1,513.9,109851,53942315000,0.0,0.5478379964781732,SC.INE
2025-08-24,514.3,516.2,511.3,513.1,102824,50751200800,0.0,-0.15567230978789093,SC.INE
2025-08-25,514.8,521.4,514.3,516.5,95625,47595999600,0.0,0.6626388618202972,SC.INE
2025-08-26,511.9,513.6,497.6,499.4,125394,60992106600,0.0,-3.3107454017424987,SC.INE
2025-08-27,502.3,503.5,498.0,501.5,93391,44935749200,0.0,0.42050460552662816,SC.INE
2025-08-28,503.2,506.8,499.5,505.1,98327,47486801200,0.0,0.7178464606181434,SC.INE
2025-08-31,507.0,507.2,499.0,503.3,81087,39219873200,0.0,-0.3563650762225312,SC.INE
2025-09-01,507.0,512.7,507.0,510.5,79810,39097917400,0.0,1.4305583151202006,SC.INE
2025-09-02,507.7,516.4,506.4,513.4,90880,44697473500,0.0,0.5680705190989288,SC.INE
2025-09-03,507.0,507.7,499.6,500.7,117977,57060749800,0.0,-2.4737047136735413,SC.INE
2025-09-04,499.9,504.7,498.1,501.8,88635,42749406400,0.0,0.2196924305971626,SC.INE
2025-09-07,495.1,511.6,488.0,510.6,130455,62123859700,0.0,1.7536867277800017,SC.INE
2025-09-08,510.6,512.8,499.0,502.6,111076,53700327500,0.0,-1.5667841754798295,SC.INE
2025-09-09,502.8,509.5,501.7,506.2,103360,50251812000,0.0,0.7162753680859391,SC.INE
2025-09-10,505.0,513.0,505.0,509.3,88080,43052779900,0.0,0.6124061635717215,SC.INE
2025-09-11,502.8,503.3,493.1,494.8,93831,44971052000,0.0,-2.847044963675638,SC.INE
2025-09-14,506.6,511.4,503.1,508.1,81997,40015018200,0.0,2.687954729183506,SC.INE
2025-09-15,508.3,515.5,506.8,513.9,46450,22862535400,0.0,1.1415075772485572,SC.INE
2025-09-16,519.6,522.7,516.3,519.4,95493,47731735800,0.0,1.0702471297917793,SC.INE
2025-09-17,518.3,520.6,511.5,511.6,95903,47602379300,0.0,-1.5017327685791226,SC.INE
2025-09-18,515.9,516.8,503.6,506.6,108898,53500843800,0.0,-0.9773260359655978,SC.INE
2025-09-21,504.7,507.0,501.2,502.4,96133,46552121100,0.0,-0.829056454796695,SC.INE
2025-09-22,495.8,497.9,490.6,492.1,102117,48544535600,0.0,-2.0501592356687803,SC.INE
2025-09-23,498.5,504.8,497.7,501.7,90734,43766714400,0.0,1.9508230034545715,SC.INE
2025-09-24,505.9,511.1,505.3,510.3,82583,40377914900,0.0,1.7141718158262043,SC.INE
2025-09-25,508.8,512.9,504.7,511.1,88721,43398399700,0.0,0.15677052714089257,SC.INE
2025-09-28,511.9,519.3,509.7,512.4,95916,47434453400,0.0,0.2543533555077193,SC.INE
2025-09-29,507.2,507.3,495.9,499.0,82294,39548168200,0.0,-2.6151444184230987,SC.INE
2025-10-08,489.8,491.5,484.5,489.9,44465,20842378000,0.0,-1.8236472945891813,SC.INE
2025-10-09,489.9,491.1,480.2,480.5,67799,31613917900,0.0,-1.918758930393949,SC.INE
2025-10-12,473.8,475.7,462.4,471.9,130132,58766170900,0.0,-1.7898022892820054,SC.INE
2025-10-13,469.2,473.5,464.9,466.6,76219,34439669500,0.0,-1.123119304937481,SC.INE
2025-10-14,460.2,465.1,457.4,461.5,82036,36362434100,0.0,-1.093013287612521,SC.INE
2025-10-15,464.7,465.4,456.9,461.6,54700,24245260400,0.0,0.021668472372704528,SC.INE
2025-10-16,460.4,461.2,447.8,450.0,61924,27118078300,0.0,-2.512998266897748,SC.INE
2025-10-19,453.7,457.1,450.5,450.8,92978,40827709500,0.0,0.1777777777777878,SC.INE
2025-10-20,450.0,455.4,446.7,452.8,97283,42436345300,0.0,0.4436557231588312,SC.INE
2025-10-21,456.6,467.6,449.0,462.6,176213,77851296300,0.0,2.1643109540635974,SC.INE
2025-10-22,461.9,479.7,461.2,475.5,151649,68852921700,0.0,2.788586251621261,SC.INE
2025-10-23,480.0,487.5,478.4,480.9,162707,75859487500,0.0,1.1356466876971671,SC.INE
2025-10-26,483.2,486.8,481.8,485.1,109341,51219751700,0.0,0.8733624454148492,SC.INE
2025-10-27,483.8,485.5,478.4,478.6,101862,47509271300,0.0,-1.339929911358484,SC.INE
2025-10-28,474.3,479.2,470.7,478.5,120627,55399348700,0.0,-0.020894274968663584,SC.INE
2025-10-29,477.4,482.2,473.8,474.7,108683,50273910700,0.0,-0.7941483803552751,SC.INE
2025-10-30,474.2,479.2,472.0,474.5,80193,36841247300,0.0,-0.04213187276174146,SC.INE
2025-11-02,478.5,485.9,476.2,484.0,124089,57728284200,0.0,2.002107481559534,SC.INE
2025-11-03,480.7,484.5,478.9,479.5,78050,36314498200,0.0,-0.9297520661157077,SC.INE
2025-11-04,476.4,481.6,474.8,479.7,81799,37803819600,0.0,0.04171011470281982,SC.INE
2025-11-05,478.2,481.9,471.7,476.3,92752,42720584300,0.0,-0.7087763185324114,SC.INE
2025-11-06,477.4,477.4,468.5,476.5,100862,46085726900,0.0,0.0419903422212764,SC.INE
2025-11-09,475.3,479.9,473.1,477.7,92416,42533452900,0.0,0.2518363064008433,SC.INE
2025-11-10,476.4,478.0,472.8,474.6,71503,32834921300,0.0,-0.6489428511618045,SC.INE
2025-11-11,478.0,486.6,477.6,482.3,77751,36283148400,0.0,1.6224188790560534,SC.INE
2025-11-12,480.0,480.1,462.3,465.0,93962,42705698300,0.0,-3.5869790586771755,SC.INE
2025-11-13,467.6,478.9,466.4,473.2,71110,32385438000,0.0,1.7634408602150486,SC.INE
2025-11-16,472.3,478.1,471.1,473.9,43586,19995250400,0.0,0.14792899408284654,SC.INE
2025-11-17,477.6,481.1,472.4,473.5,77617,35887361000,0.0,-0.084405992825487,SC.INE
2025-11-18,476.8,484.4,473.2,479.4,112595,52159204900,0.0,1.2460401267159416,SC.INE
2025-11-19,470.6,473.1,466.3,470.1,119095,54194644400,0.0,-1.9399249061326618,SC.INE
2025-11-20,473.8,475.1,459.9,461.7,141488,64099335200,0.0,-1.7868538608806661,SC.INE
2025-11-23,463.5,463.9,456.7,462.2,108095,48170070400,0.0,0.10829542993284758,SC.INE
2025-11-24,462.2,465.0,457.5,463.0,86242,38587230900,0.0,0.17308524448291784,SC.INE
2025-11-25,456.2,461.1,452.8,459.2,116740,51695670500,0.0,-0.8207343412527046,SC.INE
2025-11-26,457.0,462.4,457.0,461.9,77681,34582373900,0.0,0.5879790940766627,SC.INE
2025-11-27,464.6,469.6,462.4,468.4,65822,29681397500,0.0,1.4072310023814705,SC.INE
2025-11-30,466.4,473.1,463.9,470.3,74267,33675525000,0.0,0.40563620836893133,SC.INE
2025-12-01,466.5,470.6,464.5,468.3,65841,29850830100,0.0,-0.425260472039124,SC.INE
2025-12-02,466.7,467.3,458.8,462.4,89293,40120249900,0.0,-1.259876147768535,SC.INE
2025-12-03,465.9,467.8,463.1,467.1,66483,30005605200,0.0,1.0164359861591699,SC.INE
2025-12-04,467.0,471.4,463.9,468.2,66825,30301094800,0.0,0.23549561121813944,SC.INE
2025-12-07,468.2,473.9,466.8,472.2,67558,30835670100,0.0,0.8543357539513075,SC.INE
2025-12-08,466.0,467.8,458.6,460.4,74995,33701918800,0.0,-2.498941126641252,SC.INE
2025-12-09,461.7,462.1,456.5,457.9,53767,23891511900,0.0,-0.5430060816681181,SC.INE
2025-12-10,458.9,460.1,452.2,453.8,66227,29223751000,0.0,-0.8953920069884158,SC.INE
2025-12-11,451.8,454.5,447.4,451.6,60695,26518332900,0.0,-0.4847950639047971,SC.INE
2025-12-14,449.8,453.8,448.8,450.5,60331,26376136700,0.0,-0.2435783879539466,SC.INE
2025-12-15,447.1,449.3,441.0,444.3,44705,19265034200,0.0,-1.3762486126526086,SC.INE
2025-12-16,440.6,442.0,432.9,440.2,94714,40194063500,0.0,-0.9227999099707507,SC.INE
2025-12-17,440.9,446.2,438.6,443.0,82779,35458422900,0.0,0.6360745115856492,SC.INE
2025-12-18,440.4,444.0,438.3,440.1,71483,30552486900,0.0,-0.6546275395033829,SC.INE
2025-12-21,442.5,452.2,441.8,451.8,81884,35428862100,0.0,2.658486707566454,SC.INE
2025-12-22,455.4,459.6,453.7,454.9,79792,35248829000,0.0,0.6861443116423116,SC.INE
2025-12-23,457.0,458.9,453.7,458.8,65801,29128011600,0.0,0.8573312816003487,SC.INE
2025-12-24,458.1,458.6,454.9,456.8,45862,20319594400,0.0,-0.43591979075849885,SC.INE
2025-12-25,456.6,461.8,454.2,455.8,46549,20643741800,0.0,-0.2189141856392296,SC.INE
2025-12-28,455.5,455.8,445.6,448.6,73241,31909895700,0.0,-1.5796401930671333,SC.INE
2025-12-29,453.7,455.1,448.7,449.9,66125,29008959300,0.0,0.2897904592064071,SC.INE
2025-12-30,452.4,453.6,442.0,445.9,51990,22697251800,0.0,-0.8890864636585949,SC.INE
2026-01-04,449.8,450.2,434.9,435.1,44486,18986795900,0.0,-2.4220677281901692,SC.INE
2026-01-05,441.1,443.6,438.5,441.8,68944,29460352000,0.0,1.539875890599851,SC.INE
2026-01-06,444.2,451.2,424.1,429.5,110999,47152443600,0.0,-2.7840651878678124,SC.INE
2026-01-07,434.8,435.9,427.2,429.4,70288,29382037600,0.0,-0.02328288707800219,SC.INE
2026-01-08,433.1,447.7,432.6,446.4,85331,36340177800,0.0,3.9590125756870043,SC.INE
2026-01-11,445.4,454.1,443.4,451.4,86573,37727265700,0.0,1.120071684587809,SC.INE
2026-01-12,449.8,459.9,445.7,459.7,65173,28530702800,0.0,1.838723969871503,SC.INE
2026-01-13,465.5,468.4,457.0,459.6,97963,43975906600,0.0,-0.02175331738089037,SC.INE
2026-01-14,470.9,473.3,455.3,459.0,56646,25570841200,0.0,-0.13054830287206887,SC.INE
2026-01-15,454.1,454.8,449.3,451.0,88633,38972859200,0.0,-1.7429193899782147,SC.INE
2026-01-18,455.5,458.8,448.9,449.6,77853,34463235400,0.0,-0.31042128603103736,SC.INE
2026-01-19,449.7,453.1,448.4,449.2,51993,22803622300,0.0,-0.0889679715302516,SC.INE
2026-01-20,452.2,457.3,449.5,453.1,78058,34435546300,0.0,0.8682101513802332,SC.INE
2026-01-21,456.9,461.1,456.5,458.8,84207,37588457600,0.0,1.2580004414036505,SC.INE
2026-01-22,451.8,454.8,446.4,454.2,95141,41810034600,0.0,-1.002615518744554,SC.INE
2026-01-25,458.4,472.0,456.4,470.0,136743,61657441800,0.0,3.4786437692646333,SC.INE
2026-01-26,464.9,466.8,454.7,459.1,121039,54359131500,0.0,-2.3191489361702122,SC.INE
2026-01-27,460.0,476.3,458.9,473.1,143169,65255585900,0.0,3.0494445654541513,SC.INE
2026-01-28,475.0,488.7,473.9,485.6,144280,67386280300,0.0,2.642147537518502,SC.INE
2026-01-29,490.3,513.5,478.8,483.9,310515,149978252200,0.0,-0.35008237232291295,SC.INE
2026-02-01,491.5,499.1,461.5,461.5,197282,93268581500,0.0,-4.629055589997932,SC.INE
2026-02-02,463.0,466.5,458.8,461.9,119915,53945087400,0.0,0.08667388949079591,SC.INE
2026-02-03,465.6,479.7,464.3,475.3,99401,45562740200,0.0,2.901060835678715,SC.INE
2026-02-04,473.6,488.2,470.2,476.4,97941,45422491000,0.0,0.23143277929726924,SC.INE
2026-02-05,473.2,483.1,467.0,478.3,77889,35971354000,0.0,0.39882451721242607,SC.INE
2026-02-08,473.3,483.3,465.5,472.6,119646,55758691400,0.0,-1.1917206773991218,SC.INE
2026-02-09,477.0,486.6,473.7,484.8,109979,51970361300,0.0,2.5814642403723997,SC.INE
2026-02-10,485.1,487.5,480.5,485.5,82615,39318960600,0.0,0.14438943894388157,SC.INE
2026-02-11,492.7,495.3,484.9,485.5,89585,43098462700,0.0,0.0,SC.INE
2026-02-12,482.1,484.4,462.7,469.1,105973,49244273400,0.0,-3.377960865087537,SC.INE
2026-02-23,495.9,504.0,493.1,502.3,57134,27992646600,0.0,7.077382221274786,SC.INE
2026-02-24,501.4,504.9,493.6,497.2,101539,49715914800,0.0,-1.0153294843718963,SC.INE
2026-02-25,499.3,500.3,491.2,492.4,75182,36556136500,0.0,-0.9654062751407899,SC.INE
2026-02-26,482.8,503.5,479.4,497.3,144312,69899163900,0.0,0.9951259138911484,SC.INE
2026-03-01,507.3,537.4,504.0,537.4,190029,97118305000,0.0,8.06354313291775,SC.INE
2026-03-02,554.9,582.7,554.0,582.7,208805,117436348800,0.0,8.429475251209539,SC.INE
2026-03-03,636.1,652.8,604.9,652.8,254949,159091873500,0.0,12.030204221726425,SC.INE
2026-03-04,636.4,724.2,630.3,676.2,469446,312533685500,0.0,3.5845588235294157,SC.INE
2026-03-05,700.5,709.3,633.4,676.9,404196,266679578400,0.0,0.10351966873705098,SC.INE
2026-03-08,743.2,785.8,728.0,785.8,261752,195445279000,0.0,16.088048456197356,SC.INE
2026-03-09,820.2,832.9,636.4,678.4,319095,233725379400,0.0,-13.667599898192917,SC.INE
2026-03-10,682.2,692.4,630.4,674.0,159647,103645099000,0.0,-0.6485849056603765,SC.INE
2026-03-11,702.4,790.1,677.3,735.4,165749,118065990300,0.0,9.109792284866458,SC.INE
2026-03-12,740.3,792.2,737.2,764.5,142180,107085640300,0.0,3.957030187652988,SC.INE
2026-03-15,741.6,814.4,717.8,779.4,100580,76623666000,0.0,1.9489862655330148,SC.INE
2026-03-16,743.5,786.7,722.2,770.0,172491,128428363400,0.0,-1.2060559404670212,SC.INE
2026-03-17,754.5,781.8,731.0,743.9,153715,115483638200,0.0,-3.389610389610398,SC.INE
2026-03-18,796.4,832.5,785.3,824.3,197074,158343473300,0.0,10.807904288210768,SC.INE
2026-03-19,814.3,823.4,739.7,782.6,178214,138367262000,0.0,-5.058837801771188,SC.INE
2026-03-22,790.1,848.1,785.6,844.3,140734,113315450100,0.0,7.883976488627642,SC.INE
2026-03-23,748.7,808.3,723.3,747.7,208071,156450244400,0.0,-11.441430771052929,SC.INE
2026-03-24,760.7,766.6,694.0,732.3,143986,104711596600,0.0,-2.059649592082402,SC.INE
2026-03-25,734.4,752.2,719.8,741.6,96646,70405534700,0.0,1.2699713232281917,SC.INE
2026-03-26,764.5,765.6,735.0,749.4,95496,70721746100,0.0,1.0517799352750767,SC.INE
2026-03-29,764.8,798.1,753.7,772.4,102605,78296451700,0.0,3.069121964238053,SC.INE
2026-03-30,763.9,775.7,733.4,749.2,91655,68677883800,0.0,-3.003625064733295,SC.INE
2026-03-31,753.6,754.2,660.6,661.4,150389,104642772800,0.0,-11.719167111585705,SC.INE
2026-04-01,677.8,744.0,656.6,729.7,131450,90363360300,0.0,10.326579981856687,SC.INE
2026-04-02,768.8,772.1,702.9,730.4,146924,105428369000,0.0,0.09592983417840983,SC.INE
2026-04-06,723.8,732.9,714.8,718.2,40502,28964656800,0.0,-1.6703176341730464,SC.INE
2026-04-07,719.8,724.4,615.5,628.2,99641,66203262100,0.0,-12.531328320802004,SC.INE
2026-04-08,611.4,657.4,611.4,647.4,72085,45448440200,0.0,3.0563514804202274,SC.INE
2026-04-09,655.3,656.5,630.9,644.7,63642,40501711900,0.0,-0.41705282669136645,SC.INE
2026-04-12,642.7,682.8,638.7,665.6,54358,35291640600,0.0,3.2418178997983604,SC.INE
2026-04-13,663.6,669.7,647.4,658.7,47034,30653728200,0.0,-1.0366586538461453,SC.INE
2026-04-14,654.0,655.8,631.3,637.2,42209,26825721900,0.0,-3.2640048580537373,SC.INE
2026-04-15,639.2,649.1,637.8,643.4,25049,15931859700,0.0,0.9730069052102941,SC.INE
2026-04-16,649.5,655.4,639.5,647.9,36411,23192713000,0.0,0.6994093876282248,SC.INE
2026-04-19,606.6,636.8,602.8,629.7,81797,49549713600,0.0,-2.8090754746102675,SC.INE
2026-04-20,631.4,631.4,619.3,626.8,39351,24159760100,0.0,-0.4605367635382107,SC.INE
2026-04-21,630.0,650.5,627.0,635.1,53572,33515206100,0.0,1.324186343331224,SC.INE
2026-04-22,644.7,665.5,637.6,653.5,56772,36116136200,0.0,2.89718154621319,SC.INE
2026-04-23,649.7,672.9,648.1,660.3,50186,32501357700,0.0,1.0405508798775776,SC.INE
2026-04-26,658.9,668.6,648.7,665.5,43989,28481212500,0.0,0.7875208238679487,SC.INE
2026-04-27,666.2,684.7,662.8,681.6,37707,24874669800,0.0,2.419233658903086,SC.INE
2026-04-28,685.9,688.7,671.1,678.8,37145,24814563700,0.0,-0.4107981220657364,SC.INE
2026-04-29,690.4,708.4,687.7,701.6,49082,33580079800,0.0,3.3588685916323024,SC.INE
2026-05-05,677.2,688.0,673.7,677.6,20024,13362596600,0.0,-3.420752565564422,SC.INE
2026-05-06,653.0,657.8,634.0,637.3,41986,26648789000,0.0,-5.9474616292798155,SC.INE
2026-05-07,620.5,648.6,618.9,635.9,41561,25880868300,0.0,-0.2196767613368844,SC.INE
2026-05-10,634.6,656.2,631.7,646.8,31893,20178184200,0.0,1.714105991508097,SC.INE
2026-05-11,641.4,658.9,638.5,657.4,24332,15453265700,0.0,1.6388373531230682,SC.INE
2026-05-12,659.7,663.9,644.7,646.9,28566,18401085200,0.0,-1.5972010952236104,SC.INE
2026-05-13,653.2,654.5,628.6,632.1,24074,15180011200,0.0,-2.287834286597612,SC.INE
2026-05-14,632.1,668.0,627.4,662.5,24328,15442199000,0.0,4.809365606707794,SC.INE
2026-05-17,665.6,693.9,662.0,686.2,38309,25758598600,0.0,3.5773584905660405,SC.INE
2026-05-18,665.6,694.8,660.6,686.9,43400,29246767400,0.0,0.10201107548819532,SC.INE
2026-05-19,686.9,697.3,675.2,676.2,38236,26108553600,0.0,-1.5577231037996686,SC.INE
2026-05-20,671.9,681.2,645.8,661.6,54357,35660377200,0.0,-2.159124519372968,SC.INE
2026-05-21,667.7,676.9,637.5,646.6,52412,34104219600,0.0,-2.26723095525998,SC.INE
2026-05-24,641.4,648.5,605.5,613.1,53710,33396795600,0.0,-5.180946489328797,SC.INE
2026-05-25,611.2,616.1,601.6,607.4,36228,21905391500,0.0,-0.9297015168814315,SC.INE
2026-05-26,610.6,618.4,600.1,604.9,32153,19449650400,0.0,-0.4115903852486058,SC.INE
2026-05-27,591.0,610.5,589.1,603.8,37681,22390702500,0.0,-0.18184823937841266,SC.INE
2026-05-28,601.1,609.8,585.1,586.0,49330,29098065600,0.0,-2.9479960251738935,SC.INE
2026-05-31,585.0,603.1,580.2,601.0,39580,23150164400,0.0,2.5597269624573427,SC.INE
2026-06-01,599.1,624.9,594.1,601.1,53305,32310640000,0.0,0.016638935108148623,SC.INE
2026-06-02,600.9,618.7,599.7,617.0,30629,18502642600,0.0,2.645150557311582,SC.INE
2026-06-03,619.0,619.2,606.1,608.8,24928,15164396400,0.0,-1.3290113452188113,SC.INE
2026-06-04,598.3,605.8,595.3,599.7,23115,13758847500,0.0,-1.4947437582128575,SC.INE
2026-06-07,599.7,622.3,585.8,618.2,40334,24069502700,0.0,3.0848757712189423,SC.INE
2026-06-08,597.1,601.1,581.9,585.2,30210,17746793400,0.0,-5.338078291814952,SC.INE
2026-06-09,580.9,587.8,566.3,577.1,37652,21578580100,0.0,-1.3841421736158654,SC.INE
2026-06-10,581.4,601.6,581.1,587.1,37557,22009597800,0.0,1.7328019407381712,SC.INE
2026-06-11,586.4,592.9,553.3,558.2,33880,19198348700,0.0,-4.92250042582183,SC.INE
2026-06-14,554.7,567.1,524.6,530.8,31761,17173262900,0.0,-4.908634897886078,SC.INE
2026-06-15,532.1,534.3,522.3,527.5,32268,17092663700,0.0,-0.6217030896759512,SC.INE
2026-06-16,511.6,522.3,504.0,510.2,52664,27013747300,0.0,-3.279620853080567,SC.INE
2026-06-17,517.9,527.2,503.0,508.5,48899,25124222500,0.0,-0.33320266562132383,SC.INE
2026-06-21,522.0,522.0,502.0,507.2,24743,12633213700,0.0,-0.25565388397247313,SC.INE
2026-06-22,503.6,508.0,488.4,491.4,39809,19890520700,0.0,-3.115141955835965,SC.INE
2026-06-23,495.0,496.6,482.3,486.1,38415,18789215600,0.0,-1.078551078551071,SC.INE
2026-06-24,478.0,478.0,461.4,463.7,61958,29001144100,0.0,-4.608105328121792,SC.INE
2026-06-25,467.4,479.0,463.0,467.2,65508,30894158400,0.0,0.7547983610092679,SC.INE
